# engine:         BenchmarkDotNet 0.15.8.0 (CAMPAIGN.md 22a), toolchain BDN's default, ONE CHILD PROCESS PER CASE (the campaign's native isolation, req 22a as amended e6c909630); process CPU per iteration from the child's clock reads, each pair checked against BDN's wall measurement; the JIT tier is NOT read back (the children's JIT events are not visible here), so the jit check below is vacuous in this mode, pinned by the runner
# grid:           core (CAMPAIGN section 4.0, D18; AK_CAMPAIGN_GRID=core): arms incumbent-prod (full build only), core-ffi and host-gen (retain in the full build, no-unknown in its build); encode-transport-hot (end state ii, one hot graph) and decode-read; the 16 shapes, P7.1 decode only; Latin-1 and wide on P2.2 only; U-* rows U-nested-before, U-deep-u-repeated, U-oneof-u-repeated, U-wire-ListTaskSummaryResponse-tasks-as-wt5, U-wire-UploadResultDataMessage-upload-as-wt5, U-wire-ListMetricsResponse-batches-as-wt0, U-wire-DualResponse-left-as-wt5 (encode-transport-hot and decode-read). Extras left out (AK_CAMPAIGN_GRID=full runs them): incumbent-best, core-ffi-pull, bare decode, encode at end state (i) and with a pool input, decode-reencode, the drop mode, the incumbent in the no-unknown build, content sets on P1.2 and P2.4, the other U-* rows timed (all stay in the correctness checks)
# allocator:      default (readback at process start: a 16 MiB malloc came from the mmapped (mallinfo2; the block kept, never freed); no heap pre-grow (owner, 2026-10-03): BDN's warm-up runs the real call path, and minflt per row shows whether it sufficed; under the default toolchain each child probes once, on its case's first row as alloc_probe; GLIBC_TUNABLES=unset; CAMPAIGN req 25 as amended 2026-10-03, D9: the main figures run glibc's default allocator as production does; the pinned pass (glibc.malloc.trim_threshold=268435456:glibc.malloc.mmap_threshold=33554432) is a labelled diagnostic; every row carries `alloc` and `minflt`, the process's minor page faults over the iteration (getrusage, read by the job's clock beside the CPU clock), so faults per call = minflt / iters)
# runtime:        .NET 8.0.31; TieredCompilation=default TieredPGO=default (net8.0 defaults unless set); GC server=False, concurrent (default)
# incumbent:      Google.Protobuf 3.32.0
# build:          full (WP5 step 10; the loaded core checked to be the same variant by its u-family exports)
# managed codec:  plan utf8=reject unknown=drop
# job:            launch 1; 6 actual iterations (rounds) per case, 4 warm-up iterations (the same for every case) after BDN's jitting stage (1 overhead + 1 workload jitting invocation per case, logged by BDN in the .bdn.log, not exported) and pilot, iteration time 40 ms (the pilot picks the invocation count per case), strategy Throughput, EvaluateOverhead=false (no overhead subtraction anywhere)
# clocks:         per iteration (every row with round >= 1): wall (Stopwatch) AND process CPU (CLOCK_PROCESS_CPUTIME_ID of this process: every thread, GC and JIT included; CAMPAIGN req 21 as amended, R-H25), both read by the job's clock (CpuClock, Job.WithClock) at the start and end of the same iteration window, exported RAW (no outlier removal, no overhead subtraction); BDN's forced GCs between iterations are outside the window; the round-0 row of each case is a summary of the whole actual stage (span_cpu_ns, span_wall_ns), not a sample
# threads:        thread pool min 1 worker / 1 IO, max 32767 worker / 1000 IO, 0 pool thread(s) now; 1 logical CPUs visible; the codec suite creates no core runtime (no RPC call is made); the timed loop runs on BDN's one thread
# encode:         CAMPAIGN req 11 (R-H29): dir encode = pool input + reused buffer; encode-hot = one graph + reused buffer; encode-transport = pool + the Grpc.Net form; encode-transport-hot = one graph + the Grpc.Net form. Reused buffer: incumbent-prod CalculateSize + WriteTo(IBufferWriter) and incumbent-best WriteTo(IBufferWriter) into one BufWriter, host-gen into its one Enc, core-ffi into the core's encode buffer (ak_encode_*/ak_uencode_*; that buffer is also what cell C hands the core's transport, and host-gen's Enc what cell E hands it, so their transport forms on the core's transport ARE the buffer rows). Grpc.Net form (cells A, F, D): the serializer the RPC grid's marshaller runs (RootOps.SerInc/SerHost/SerFfi), into a frame like Grpc.Net.Client 2.71's GrpcCallSerializationContext: one ArrayPool array, the 5-byte gRPC header, the body, the array returned after (GrpcFrame.cs); incumbent-best has no gRPC path and no transport row. Pool: distinct graphs built in the case's setup whose RETAINED heap is >= 28835840 bytes (2 x AK_LLC_BYTES, default 13.75 MB; AK_POOL_BYTES overrides; per row pool_graphs and pool_bytes), round robin one graph per call; a hot input is a pool of one (the same Next() per call); graph construction is never in the timed window
# U-* rows:       CAMPAIGN req 7 (R-H27): the 92 accepted, non-disputed U-* rows at the shapes core's 7 ABI roots, through this timed shapes core: encode-hot (a graph the arm decoded from the row, untimed; retain arms re-emit the unknown fields, drop arms the dropped form), decode, decode-read, and decode-reencode (a labelled extra; no incumbent-best row)
# content sets:   CAMPAIGN req 7 (R-H26): ascii, latin1 and wide on P1.2, P2.2, P2.4; ascii only elsewhere
# order:          seeded shuffles (below); ratios, where the aggregation forms them, come from per-launch medians (CAMPAIGN req 30): every unit is its own process
# process unit:   all cases; this launch's unit order: incumbent-prod:default, host-gen:retain, core-ffi:retain (a seeded shuffle, seed 7919; within this process the cases run in a seeded shuffle too, seed 104729, the 2 prime cases first; requirement 22 as amended, R-H23)
# warm-up:        BenchmarkDotNet's own, per case: its jitting stage, pilot and the warm-up iterations of the job line (req 24; WP9 addendum: no hand-written pre-warm and no settle wait; the 2 prime cases below are BDN cases); the JIT tier is read back per case and a case that measured hot code at tier 0 fails the unit outside --smoke (the jit check below)
# correctness:    1772 pre-timing checks passed (byte identity of every encode arm per payload and content set; every arm accepts every unknown row; on every unknown row core-ffi retain and host-gen retain re-encode to the incumbent's bytes, i.e. the unknown fields are kept: requirement 10)
# cases:          147 exported, after 2 prime case(s) run first and not exported (copies of the first cases, content "prime"): BDN cases like any other, kept because without them the first case of a process measures BDN's own first-touched runtime helpers (SpanHelpers.Fill) at tier 0 (JOURNAL 51, 62)
# memory:         AK_BDN_MEMORY=1: BenchmarkDotNet's MemoryDiagnoser (an exploration switch, not a campaign setting): one extra workload iteration per case AFTER the actual stage, at the actual stage's invocation count, outside the job's clock (no exported sample is affected); on each case's first sample row mem_alloc_bytes_per_op (GC.GetTotalAllocatedBytes(precise), every thread, divided by its operations), mem_gen = [gen0, gen1, gen2] collections during it, mem_ops its operations, mem_alloc_bytes its total
// Validating benchmarks:
// ***** BenchmarkRunner: Start   *****
// ***** Found 149 benchmark(s) in total *****
// ***** Building 1 exe(s) in Parallel: Start   *****
Unable to find .sln or .csproj file. Will use current directory /home/user/ArmoniK.Api/ffi/poc/csharp to search for project file. If you don't use .sln file on purpose it should not be a problem.
// start dotnet  restore --nodeReuse:false /p:UseSharedCompilation=false /p:Deterministic=true /p:Optimize=true /p:ArtifactsPath="/home/user/ArmoniK.Api/ffi/poc/csharp/src/BenchDotNet/bin/Release/net8.0/BenchDotNet-campaign-1/" /p:OutDir="/home/user/ArmoniK.Api/ffi/poc/csharp/src/BenchDotNet/bin/Release/net8.0/BenchDotNet-campaign-1/bin/Release/net8.0/" /p:OutputPath="/home/user/ArmoniK.Api/ffi/poc/csharp/src/BenchDotNet/bin/Release/net8.0/BenchDotNet-campaign-1/bin/Release/net8.0/" /p:PublishDir="/home/user/ArmoniK.Api/ffi/poc/csharp/src/BenchDotNet/bin/Release/net8.0/BenchDotNet-campaign-1/publish/" in /home/user/ArmoniK.Api/ffi/poc/csharp/src/BenchDotNet/bin/Release/net8.0/BenchDotNet-campaign-1
// command took 2.1 sec and exited with 0
// start dotnet  build -c Release --no-restore --nodeReuse:false /p:UseSharedCompilation=false /p:Deterministic=true /p:Optimize=true /p:ArtifactsPath="/home/user/ArmoniK.Api/ffi/poc/csharp/src/BenchDotNet/bin/Release/net8.0/BenchDotNet-campaign-1/" /p:OutDir="/home/user/ArmoniK.Api/ffi/poc/csharp/src/BenchDotNet/bin/Release/net8.0/BenchDotNet-campaign-1/bin/Release/net8.0/" /p:OutputPath="/home/user/ArmoniK.Api/ffi/poc/csharp/src/BenchDotNet/bin/Release/net8.0/BenchDotNet-campaign-1/bin/Release/net8.0/" /p:PublishDir="/home/user/ArmoniK.Api/ffi/poc/csharp/src/BenchDotNet/bin/Release/net8.0/BenchDotNet-campaign-1/publish/" --output "/home/user/ArmoniK.Api/ffi/poc/csharp/src/BenchDotNet/bin/Release/net8.0/BenchDotNet-campaign-1/bin/Release/net8.0/" in /home/user/ArmoniK.Api/ffi/poc/csharp/src/BenchDotNet/bin/Release/net8.0/BenchDotNet-campaign-1
// command took 30.35 sec and exited with 0
// ***** Done, took 00:00:32 (32.61 sec)   *****
// Found 149 benchmarks:
//   CodecSuite.Run: campaign(EvaluateOverhead=False, Clock=Armonik.Ffi.Bdn.CpuClock, IterationCount=6, IterationTime=40ms, LaunchCount=1, RunStrategy=Throughput, WarmupCount=4) [Case=host-(...)etain [47]]
//   CodecSuite.Run: campaign(EvaluateOverhead=False, Clock=Armonik.Ffi.Bdn.CpuClock, IterationCount=6, IterationTime=40ms, LaunchCount=1, RunStrategy=Throughput, WarmupCount=4) [Case=incum(...)fault [54]]
//   CodecSuite.Run: campaign(EvaluateOverhead=False, Clock=Armonik.Ffi.Bdn.CpuClock, IterationCount=6, IterationTime=40ms, LaunchCount=1, RunStrategy=Throughput, WarmupCount=4) [Case=incum(...)fault [45]]
//   CodecSuite.Run: campaign(EvaluateOverhead=False, Clock=Armonik.Ffi.Bdn.CpuClock, IterationCount=6, IterationTime=40ms, LaunchCount=1, RunStrategy=Throughput, WarmupCount=4) [Case=host-(...)etain [38]]
//   CodecSuite.Run: campaign(EvaluateOverhead=False, Clock=Armonik.Ffi.Bdn.CpuClock, IterationCount=6, IterationTime=40ms, LaunchCount=1, RunStrategy=Throughput, WarmupCount=4) [Case=core-(...)etain [47]]
//   CodecSuite.Run: campaign(EvaluateOverhead=False, Clock=Armonik.Ffi.Bdn.CpuClock, IterationCount=6, IterationTime=40ms, LaunchCount=1, RunStrategy=Throughput, WarmupCount=4) [Case=incum(...)fault [54]]
//   CodecSuite.Run: campaign(EvaluateOverhead=False, Clock=Armonik.Ffi.Bdn.CpuClock, IterationCount=6, IterationTime=40ms, LaunchCount=1, RunStrategy=Throughput, WarmupCount=4) [Case=incum(...)fault [83]]
//   CodecSuite.Run: campaign(EvaluateOverhead=False, Clock=Armonik.Ffi.Bdn.CpuClock, IterationCount=6, IterationTime=40ms, LaunchCount=1, RunStrategy=Throughput, WarmupCount=4) [Case=core-(...)etain [39]]
//   CodecSuite.Run: campaign(EvaluateOverhead=False, Clock=Armonik.Ffi.Bdn.CpuClock, IterationCount=6, IterationTime=40ms, LaunchCount=1, RunStrategy=Throughput, WarmupCount=4) [Case=incum(...)fault [68]]
//   CodecSuite.Run: campaign(EvaluateOverhead=False, Clock=Armonik.Ffi.Bdn.CpuClock, IterationCount=6, IterationTime=40ms, LaunchCount=1, RunStrategy=Throughput, WarmupCount=4) [Case=incum(...)fault [54]]
//   CodecSuite.Run: campaign(EvaluateOverhead=False, Clock=Armonik.Ffi.Bdn.CpuClock, IterationCount=6, IterationTime=40ms, LaunchCount=1, RunStrategy=Throughput, WarmupCount=4) [Case=core-(...)etain [38]]
//   CodecSuite.Run: campaign(EvaluateOverhead=False, Clock=Armonik.Ffi.Bdn.CpuClock, IterationCount=6, IterationTime=40ms, LaunchCount=1, RunStrategy=Throughput, WarmupCount=4) [Case=core-(...)etain [38]]
//   CodecSuite.Run: campaign(EvaluateOverhead=False, Clock=Armonik.Ffi.Bdn.CpuClock, IterationCount=6, IterationTime=40ms, LaunchCount=1, RunStrategy=Throughput, WarmupCount=4) [Case=core-(...)etain [47]]
//   CodecSuite.Run: campaign(EvaluateOverhead=False, Clock=Armonik.Ffi.Bdn.CpuClock, IterationCount=6, IterationTime=40ms, LaunchCount=1, RunStrategy=Throughput, WarmupCount=4) [Case=host-(...)etain [47]]
//   CodecSuite.Run: campaign(EvaluateOverhead=False, Clock=Armonik.Ffi.Bdn.CpuClock, IterationCount=6, IterationTime=40ms, LaunchCount=1, RunStrategy=Throughput, WarmupCount=4) [Case=host-(...)etain [47]]
//   CodecSuite.Run: campaign(EvaluateOverhead=False, Clock=Armonik.Ffi.Bdn.CpuClock, IterationCount=6, IterationTime=40ms, LaunchCount=1, RunStrategy=Throughput, WarmupCount=4) [Case=host-(...)etain [47]]
//   CodecSuite.Run: campaign(EvaluateOverhead=False, Clock=Armonik.Ffi.Bdn.CpuClock, IterationCount=6, IterationTime=40ms, LaunchCount=1, RunStrategy=Throughput, WarmupCount=4) [Case=incum(...)fault [45]]
//   CodecSuite.Run: campaign(EvaluateOverhead=False, Clock=Armonik.Ffi.Bdn.CpuClock, IterationCount=6, IterationTime=40ms, LaunchCount=1, RunStrategy=Throughput, WarmupCount=4) [Case=host-(...)etain [38]]
//   CodecSuite.Run: campaign(EvaluateOverhead=False, Clock=Armonik.Ffi.Bdn.CpuClock, IterationCount=6, IterationTime=40ms, LaunchCount=1, RunStrategy=Throughput, WarmupCount=4) [Case=core-(...)etain [38]]
//   CodecSuite.Run: campaign(EvaluateOverhead=False, Clock=Armonik.Ffi.Bdn.CpuClock, IterationCount=6, IterationTime=40ms, LaunchCount=1, RunStrategy=Throughput, WarmupCount=4) [Case=host-(...)etain [47]]
//   CodecSuite.Run: campaign(EvaluateOverhead=False, Clock=Armonik.Ffi.Bdn.CpuClock, IterationCount=6, IterationTime=40ms, LaunchCount=1, RunStrategy=Throughput, WarmupCount=4) [Case=core-(...)etain [47]]
//   CodecSuite.Run: campaign(EvaluateOverhead=False, Clock=Armonik.Ffi.Bdn.CpuClock, IterationCount=6, IterationTime=40ms, LaunchCount=1, RunStrategy=Throughput, WarmupCount=4) [Case=incum(...)fault [54]]
//   CodecSuite.Run: campaign(EvaluateOverhead=False, Clock=Armonik.Ffi.Bdn.CpuClock, IterationCount=6, IterationTime=40ms, LaunchCount=1, RunStrategy=Throughput, WarmupCount=4) [Case=host-(...)etain [47]]
//   CodecSuite.Run: campaign(EvaluateOverhead=False, Clock=Armonik.Ffi.Bdn.CpuClock, IterationCount=6, IterationTime=40ms, LaunchCount=1, RunStrategy=Throughput, WarmupCount=4) [Case=host-(...)etain [39]]
//   CodecSuite.Run: campaign(EvaluateOverhead=False, Clock=Armonik.Ffi.Bdn.CpuClock, IterationCount=6, IterationTime=40ms, LaunchCount=1, RunStrategy=Throughput, WarmupCount=4) [Case=host-(...)etain [59]]
//   CodecSuite.Run: campaign(EvaluateOverhead=False, Clock=Armonik.Ffi.Bdn.CpuClock, IterationCount=6, IterationTime=40ms, LaunchCount=1, RunStrategy=Throughput, WarmupCount=4) [Case=core-(...)etain [47]]
//   CodecSuite.Run: campaign(EvaluateOverhead=False, Clock=Armonik.Ffi.Bdn.CpuClock, IterationCount=6, IterationTime=40ms, LaunchCount=1, RunStrategy=Throughput, WarmupCount=4) [Case=host-(...)etain [47]]
//   CodecSuite.Run: campaign(EvaluateOverhead=False, Clock=Armonik.Ffi.Bdn.CpuClock, IterationCount=6, IterationTime=40ms, LaunchCount=1, RunStrategy=Throughput, WarmupCount=4) [Case=core-(...)etain [47]]
//   CodecSuite.Run: campaign(EvaluateOverhead=False, Clock=Armonik.Ffi.Bdn.CpuClock, IterationCount=6, IterationTime=40ms, LaunchCount=1, RunStrategy=Throughput, WarmupCount=4) [Case=incum(...)fault [54]]
//   CodecSuite.Run: campaign(EvaluateOverhead=False, Clock=Armonik.Ffi.Bdn.CpuClock, IterationCount=6, IterationTime=40ms, LaunchCount=1, RunStrategy=Throughput, WarmupCount=4) [Case=core-(...)etain [38]]
//   CodecSuite.Run: campaign(EvaluateOverhead=False, Clock=Armonik.Ffi.Bdn.CpuClock, IterationCount=6, IterationTime=40ms, LaunchCount=1, RunStrategy=Throughput, WarmupCount=4) [Case=host-(...)etain [47]]
//   CodecSuite.Run: campaign(EvaluateOverhead=False, Clock=Armonik.Ffi.Bdn.CpuClock, IterationCount=6, IterationTime=40ms, LaunchCount=1, RunStrategy=Throughput, WarmupCount=4) [Case=incum(...)fault [73]]
//   CodecSuite.Run: campaign(EvaluateOverhead=False, Clock=Armonik.Ffi.Bdn.CpuClock, IterationCount=6, IterationTime=40ms, LaunchCount=1, RunStrategy=Throughput, WarmupCount=4) [Case=incum(...)fault [54]]
//   CodecSuite.Run: campaign(EvaluateOverhead=False, Clock=Armonik.Ffi.Bdn.CpuClock, IterationCount=6, IterationTime=40ms, LaunchCount=1, RunStrategy=Throughput, WarmupCount=4) [Case=core-(...)etain [52]]
//   CodecSuite.Run: campaign(EvaluateOverhead=False, Clock=Armonik.Ffi.Bdn.CpuClock, IterationCount=6, IterationTime=40ms, LaunchCount=1, RunStrategy=Throughput, WarmupCount=4) [Case=incum(...)fault [45]]
//   CodecSuite.Run: campaign(EvaluateOverhead=False, Clock=Armonik.Ffi.Bdn.CpuClock, IterationCount=6, IterationTime=40ms, LaunchCount=1, RunStrategy=Throughput, WarmupCount=4) [Case=core-(...)etain [75]]
//   CodecSuite.Run: campaign(EvaluateOverhead=False, Clock=Armonik.Ffi.Bdn.CpuClock, IterationCount=6, IterationTime=40ms, LaunchCount=1, RunStrategy=Throughput, WarmupCount=4) [Case=core-(...)etain [38]]
//   CodecSuite.Run: campaign(EvaluateOverhead=False, Clock=Armonik.Ffi.Bdn.CpuClock, IterationCount=6, IterationTime=40ms, LaunchCount=1, RunStrategy=Throughput, WarmupCount=4) [Case=host-(...)etain [47]]
//   CodecSuite.Run: campaign(EvaluateOverhead=False, Clock=Armonik.Ffi.Bdn.CpuClock, IterationCount=6, IterationTime=40ms, LaunchCount=1, RunStrategy=Throughput, WarmupCount=4) [Case=incum(...)fault [54]]
//   CodecSuite.Run: campaign(EvaluateOverhead=False, Clock=Armonik.Ffi.Bdn.CpuClock, IterationCount=6, IterationTime=40ms, LaunchCount=1, RunStrategy=Throughput, WarmupCount=4) [Case=incum(...)fault [55]]
//   CodecSuite.Run: campaign(EvaluateOverhead=False, Clock=Armonik.Ffi.Bdn.CpuClock, IterationCount=6, IterationTime=40ms, LaunchCount=1, RunStrategy=Throughput, WarmupCount=4) [Case=core-(...)etain [47]]
//   CodecSuite.Run: campaign(EvaluateOverhead=False, Clock=Armonik.Ffi.Bdn.CpuClock, IterationCount=6, IterationTime=40ms, LaunchCount=1, RunStrategy=Throughput, WarmupCount=4) [Case=core-(...)etain [38]]
//   CodecSuite.Run: campaign(EvaluateOverhead=False, Clock=Armonik.Ffi.Bdn.CpuClock, IterationCount=6, IterationTime=40ms, LaunchCount=1, RunStrategy=Throughput, WarmupCount=4) [Case=core-(...)etain [38]]
//   CodecSuite.Run: campaign(EvaluateOverhead=False, Clock=Armonik.Ffi.Bdn.CpuClock, IterationCount=6, IterationTime=40ms, LaunchCount=1, RunStrategy=Throughput, WarmupCount=4) [Case=host-(...)etain [61]]
//   CodecSuite.Run: campaign(EvaluateOverhead=False, Clock=Armonik.Ffi.Bdn.CpuClock, IterationCount=6, IterationTime=40ms, LaunchCount=1, RunStrategy=Throughput, WarmupCount=4) [Case=incum(...)fault [54]]
//   CodecSuite.Run: campaign(EvaluateOverhead=False, Clock=Armonik.Ffi.Bdn.CpuClock, IterationCount=6, IterationTime=40ms, LaunchCount=1, RunStrategy=Throughput, WarmupCount=4) [Case=core-(...)etain [47]]
//   CodecSuite.Run: campaign(EvaluateOverhead=False, Clock=Armonik.Ffi.Bdn.CpuClock, IterationCount=6, IterationTime=40ms, LaunchCount=1, RunStrategy=Throughput, WarmupCount=4) [Case=incum(...)fault [53]]
//   CodecSuite.Run: campaign(EvaluateOverhead=False, Clock=Armonik.Ffi.Bdn.CpuClock, IterationCount=6, IterationTime=40ms, LaunchCount=1, RunStrategy=Throughput, WarmupCount=4) [Case=host-(...)etain [47]]
//   CodecSuite.Run: campaign(EvaluateOverhead=False, Clock=Armonik.Ffi.Bdn.CpuClock, IterationCount=6, IterationTime=40ms, LaunchCount=1, RunStrategy=Throughput, WarmupCount=4) [Case=core-(...)etain [47]]
//   CodecSuite.Run: campaign(EvaluateOverhead=False, Clock=Armonik.Ffi.Bdn.CpuClock, IterationCount=6, IterationTime=40ms, LaunchCount=1, RunStrategy=Throughput, WarmupCount=4) [Case=core-(...)etain [38]]
//   CodecSuite.Run: campaign(EvaluateOverhead=False, Clock=Armonik.Ffi.Bdn.CpuClock, IterationCount=6, IterationTime=40ms, LaunchCount=1, RunStrategy=Throughput, WarmupCount=4) [Case=host-(...)etain [46]]
//   CodecSuite.Run: campaign(EvaluateOverhead=False, Clock=Armonik.Ffi.Bdn.CpuClock, IterationCount=6, IterationTime=40ms, LaunchCount=1, RunStrategy=Throughput, WarmupCount=4) [Case=incum(...)fault [92]]
//   CodecSuite.Run: campaign(EvaluateOverhead=False, Clock=Armonik.Ffi.Bdn.CpuClock, IterationCount=6, IterationTime=40ms, LaunchCount=1, RunStrategy=Throughput, WarmupCount=4) [Case=incum(...)fault [45]]
//   CodecSuite.Run: campaign(EvaluateOverhead=False, Clock=Armonik.Ffi.Bdn.CpuClock, IterationCount=6, IterationTime=40ms, LaunchCount=1, RunStrategy=Throughput, WarmupCount=4) [Case=host-(...)etain [52]]
//   CodecSuite.Run: campaign(EvaluateOverhead=False, Clock=Armonik.Ffi.Bdn.CpuClock, IterationCount=6, IterationTime=40ms, LaunchCount=1, RunStrategy=Throughput, WarmupCount=4) [Case=incum(...)fault [54]]
//   CodecSuite.Run: campaign(EvaluateOverhead=False, Clock=Armonik.Ffi.Bdn.CpuClock, IterationCount=6, IterationTime=40ms, LaunchCount=1, RunStrategy=Throughput, WarmupCount=4) [Case=incum(...)fault [94]]
//   CodecSuite.Run: campaign(EvaluateOverhead=False, Clock=Armonik.Ffi.Bdn.CpuClock, IterationCount=6, IterationTime=40ms, LaunchCount=1, RunStrategy=Throughput, WarmupCount=4) [Case=host-(...)etain [38]]
//   CodecSuite.Run: campaign(EvaluateOverhead=False, Clock=Armonik.Ffi.Bdn.CpuClock, IterationCount=6, IterationTime=40ms, LaunchCount=1, RunStrategy=Throughput, WarmupCount=4) [Case=core-(...)etain [38]]
//   CodecSuite.Run: campaign(EvaluateOverhead=False, Clock=Armonik.Ffi.Bdn.CpuClock, IterationCount=6, IterationTime=40ms, LaunchCount=1, RunStrategy=Throughput, WarmupCount=4) [Case=host-(...)etain [88]]
//   CodecSuite.Run: campaign(EvaluateOverhead=False, Clock=Armonik.Ffi.Bdn.CpuClock, IterationCount=6, IterationTime=40ms, LaunchCount=1, RunStrategy=Throughput, WarmupCount=4) [Case=host-(...)etain [37]]
//   CodecSuite.Run: campaign(EvaluateOverhead=False, Clock=Armonik.Ffi.Bdn.CpuClock, IterationCount=6, IterationTime=40ms, LaunchCount=1, RunStrategy=Throughput, WarmupCount=4) [Case=host-(...)etain [47]]
//   CodecSuite.Run: campaign(EvaluateOverhead=False, Clock=Armonik.Ffi.Bdn.CpuClock, IterationCount=6, IterationTime=40ms, LaunchCount=1, RunStrategy=Throughput, WarmupCount=4) [Case=core-(...)etain [47]]
//   CodecSuite.Run: campaign(EvaluateOverhead=False, Clock=Armonik.Ffi.Bdn.CpuClock, IterationCount=6, IterationTime=40ms, LaunchCount=1, RunStrategy=Throughput, WarmupCount=4) [Case=core-(...)etain [76]]
//   CodecSuite.Run: campaign(EvaluateOverhead=False, Clock=Armonik.Ffi.Bdn.CpuClock, IterationCount=6, IterationTime=40ms, LaunchCount=1, RunStrategy=Throughput, WarmupCount=4) [Case=incum(...)fault [46]]
//   CodecSuite.Run: campaign(EvaluateOverhead=False, Clock=Armonik.Ffi.Bdn.CpuClock, IterationCount=6, IterationTime=40ms, LaunchCount=1, RunStrategy=Throughput, WarmupCount=4) [Case=core-(...)etain [79]]
//   CodecSuite.Run: campaign(EvaluateOverhead=False, Clock=Armonik.Ffi.Bdn.CpuClock, IterationCount=6, IterationTime=40ms, LaunchCount=1, RunStrategy=Throughput, WarmupCount=4) [Case=host-(...)etain [38]]
//   CodecSuite.Run: campaign(EvaluateOverhead=False, Clock=Armonik.Ffi.Bdn.CpuClock, IterationCount=6, IterationTime=40ms, LaunchCount=1, RunStrategy=Throughput, WarmupCount=4) [Case=host-(...)etain [66]]
//   CodecSuite.Run: campaign(EvaluateOverhead=False, Clock=Armonik.Ffi.Bdn.CpuClock, IterationCount=6, IterationTime=40ms, LaunchCount=1, RunStrategy=Throughput, WarmupCount=4) [Case=incum(...)fault [54]]
//   CodecSuite.Run: campaign(EvaluateOverhead=False, Clock=Armonik.Ffi.Bdn.CpuClock, IterationCount=6, IterationTime=40ms, LaunchCount=1, RunStrategy=Throughput, WarmupCount=4) [Case=host-(...)etain [38]]
//   CodecSuite.Run: campaign(EvaluateOverhead=False, Clock=Armonik.Ffi.Bdn.CpuClock, IterationCount=6, IterationTime=40ms, LaunchCount=1, RunStrategy=Throughput, WarmupCount=4) [Case=incum(...)fault [60]]
//   CodecSuite.Run: campaign(EvaluateOverhead=False, Clock=Armonik.Ffi.Bdn.CpuClock, IterationCount=6, IterationTime=40ms, LaunchCount=1, RunStrategy=Throughput, WarmupCount=4) [Case=core-(...)etain [50]]
//   CodecSuite.Run: campaign(EvaluateOverhead=False, Clock=Armonik.Ffi.Bdn.CpuClock, IterationCount=6, IterationTime=40ms, LaunchCount=1, RunStrategy=Throughput, WarmupCount=4) [Case=core-(...)etain [46]]
//   CodecSuite.Run: campaign(EvaluateOverhead=False, Clock=Armonik.Ffi.Bdn.CpuClock, IterationCount=6, IterationTime=40ms, LaunchCount=1, RunStrategy=Throughput, WarmupCount=4) [Case=incum(...)fault [54]]
//   CodecSuite.Run: campaign(EvaluateOverhead=False, Clock=Armonik.Ffi.Bdn.CpuClock, IterationCount=6, IterationTime=40ms, LaunchCount=1, RunStrategy=Throughput, WarmupCount=4) [Case=core-(...)etain [87]]
//   CodecSuite.Run: campaign(EvaluateOverhead=False, Clock=Armonik.Ffi.Bdn.CpuClock, IterationCount=6, IterationTime=40ms, LaunchCount=1, RunStrategy=Throughput, WarmupCount=4) [Case=incum(...)fault [45]]
//   CodecSuite.Run: campaign(EvaluateOverhead=False, Clock=Armonik.Ffi.Bdn.CpuClock, IterationCount=6, IterationTime=40ms, LaunchCount=1, RunStrategy=Throughput, WarmupCount=4) [Case=core-(...)etain [47]]
//   CodecSuite.Run: campaign(EvaluateOverhead=False, Clock=Armonik.Ffi.Bdn.CpuClock, IterationCount=6, IterationTime=40ms, LaunchCount=1, RunStrategy=Throughput, WarmupCount=4) [Case=host-(...)etain [38]]
//   CodecSuite.Run: campaign(EvaluateOverhead=False, Clock=Armonik.Ffi.Bdn.CpuClock, IterationCount=6, IterationTime=40ms, LaunchCount=1, RunStrategy=Throughput, WarmupCount=4) [Case=incum(...)fault [45]]
//   CodecSuite.Run: campaign(EvaluateOverhead=False, Clock=Armonik.Ffi.Bdn.CpuClock, IterationCount=6, IterationTime=40ms, LaunchCount=1, RunStrategy=Throughput, WarmupCount=4) [Case=incum(...)fault [54]]
//   CodecSuite.Run: campaign(EvaluateOverhead=False, Clock=Armonik.Ffi.Bdn.CpuClock, IterationCount=6, IterationTime=40ms, LaunchCount=1, RunStrategy=Throughput, WarmupCount=4) [Case=incum(...)fault [45]]
//   CodecSuite.Run: campaign(EvaluateOverhead=False, Clock=Armonik.Ffi.Bdn.CpuClock, IterationCount=6, IterationTime=40ms, LaunchCount=1, RunStrategy=Throughput, WarmupCount=4) [Case=incum(...)fault [54]]
//   CodecSuite.Run: campaign(EvaluateOverhead=False, Clock=Armonik.Ffi.Bdn.CpuClock, IterationCount=6, IterationTime=40ms, LaunchCount=1, RunStrategy=Throughput, WarmupCount=4) [Case=incum(...)fault [45]]
//   CodecSuite.Run: campaign(EvaluateOverhead=False, Clock=Armonik.Ffi.Bdn.CpuClock, IterationCount=6, IterationTime=40ms, LaunchCount=1, RunStrategy=Throughput, WarmupCount=4) [Case=core-(...)etain [38]]
//   CodecSuite.Run: campaign(EvaluateOverhead=False, Clock=Armonik.Ffi.Bdn.CpuClock, IterationCount=6, IterationTime=40ms, LaunchCount=1, RunStrategy=Throughput, WarmupCount=4) [Case=host-(...)etain [47]]
//   CodecSuite.Run: campaign(EvaluateOverhead=False, Clock=Armonik.Ffi.Bdn.CpuClock, IterationCount=6, IterationTime=40ms, LaunchCount=1, RunStrategy=Throughput, WarmupCount=4) [Case=host-(...)etain [48]]
//   CodecSuite.Run: campaign(EvaluateOverhead=False, Clock=Armonik.Ffi.Bdn.CpuClock, IterationCount=6, IterationTime=40ms, LaunchCount=1, RunStrategy=Throughput, WarmupCount=4) [Case=core-(...)etain [66]]
//   CodecSuite.Run: campaign(EvaluateOverhead=False, Clock=Armonik.Ffi.Bdn.CpuClock, IterationCount=6, IterationTime=40ms, LaunchCount=1, RunStrategy=Throughput, WarmupCount=4) [Case=core-(...)etain [61]]
//   CodecSuite.Run: campaign(EvaluateOverhead=False, Clock=Armonik.Ffi.Bdn.CpuClock, IterationCount=6, IterationTime=40ms, LaunchCount=1, RunStrategy=Throughput, WarmupCount=4) [Case=host-(...)etain [38]]
//   CodecSuite.Run: campaign(EvaluateOverhead=False, Clock=Armonik.Ffi.Bdn.CpuClock, IterationCount=6, IterationTime=40ms, LaunchCount=1, RunStrategy=Throughput, WarmupCount=4) [Case=core-(...)etain [88]]
//   CodecSuite.Run: campaign(EvaluateOverhead=False, Clock=Armonik.Ffi.Bdn.CpuClock, IterationCount=6, IterationTime=40ms, LaunchCount=1, RunStrategy=Throughput, WarmupCount=4) [Case=host-(...)etain [38]]
//   CodecSuite.Run: campaign(EvaluateOverhead=False, Clock=Armonik.Ffi.Bdn.CpuClock, IterationCount=6, IterationTime=40ms, LaunchCount=1, RunStrategy=Throughput, WarmupCount=4) [Case=incum(...)fault [86]]
//   CodecSuite.Run: campaign(EvaluateOverhead=False, Clock=Armonik.Ffi.Bdn.CpuClock, IterationCount=6, IterationTime=40ms, LaunchCount=1, RunStrategy=Throughput, WarmupCount=4) [Case=core-(...)etain [85]]
//   CodecSuite.Run: campaign(EvaluateOverhead=False, Clock=Armonik.Ffi.Bdn.CpuClock, IterationCount=6, IterationTime=40ms, LaunchCount=1, RunStrategy=Throughput, WarmupCount=4) [Case=host-(...)etain [50]]
//   CodecSuite.Run: campaign(EvaluateOverhead=False, Clock=Armonik.Ffi.Bdn.CpuClock, IterationCount=6, IterationTime=40ms, LaunchCount=1, RunStrategy=Throughput, WarmupCount=4) [Case=core-(...)etain [47]]
//   CodecSuite.Run: campaign(EvaluateOverhead=False, Clock=Armonik.Ffi.Bdn.CpuClock, IterationCount=6, IterationTime=40ms, LaunchCount=1, RunStrategy=Throughput, WarmupCount=4) [Case=core-(...)etain [78]]
//   CodecSuite.Run: campaign(EvaluateOverhead=False, Clock=Armonik.Ffi.Bdn.CpuClock, IterationCount=6, IterationTime=40ms, LaunchCount=1, RunStrategy=Throughput, WarmupCount=4) [Case=host-(...)etain [78]]
//   CodecSuite.Run: campaign(EvaluateOverhead=False, Clock=Armonik.Ffi.Bdn.CpuClock, IterationCount=6, IterationTime=40ms, LaunchCount=1, RunStrategy=Throughput, WarmupCount=4) [Case=core-(...)etain [47]]
//   CodecSuite.Run: campaign(EvaluateOverhead=False, Clock=Armonik.Ffi.Bdn.CpuClock, IterationCount=6, IterationTime=40ms, LaunchCount=1, RunStrategy=Throughput, WarmupCount=4) [Case=incum(...)fault [85]]
//   CodecSuite.Run: campaign(EvaluateOverhead=False, Clock=Armonik.Ffi.Bdn.CpuClock, IterationCount=6, IterationTime=40ms, LaunchCount=1, RunStrategy=Throughput, WarmupCount=4) [Case=core-(...)etain [38]]
//   CodecSuite.Run: campaign(EvaluateOverhead=False, Clock=Armonik.Ffi.Bdn.CpuClock, IterationCount=6, IterationTime=40ms, LaunchCount=1, RunStrategy=Throughput, WarmupCount=4) [Case=incum(...)fault [45]]
//   CodecSuite.Run: campaign(EvaluateOverhead=False, Clock=Armonik.Ffi.Bdn.CpuClock, IterationCount=6, IterationTime=40ms, LaunchCount=1, RunStrategy=Throughput, WarmupCount=4) [Case=incum(...)fault [45]]
//   CodecSuite.Run: campaign(EvaluateOverhead=False, Clock=Armonik.Ffi.Bdn.CpuClock, IterationCount=6, IterationTime=40ms, LaunchCount=1, RunStrategy=Throughput, WarmupCount=4) [Case=core-(...)etain [38]]
//   CodecSuite.Run: campaign(EvaluateOverhead=False, Clock=Armonik.Ffi.Bdn.CpuClock, IterationCount=6, IterationTime=40ms, LaunchCount=1, RunStrategy=Throughput, WarmupCount=4) [Case=host-(...)etain [76]]
//   CodecSuite.Run: campaign(EvaluateOverhead=False, Clock=Armonik.Ffi.Bdn.CpuClock, IterationCount=6, IterationTime=40ms, LaunchCount=1, RunStrategy=Throughput, WarmupCount=4) [Case=host-(...)etain [38]]
//   CodecSuite.Run: campaign(EvaluateOverhead=False, Clock=Armonik.Ffi.Bdn.CpuClock, IterationCount=6, IterationTime=40ms, LaunchCount=1, RunStrategy=Throughput, WarmupCount=4) [Case=incum(...)fault [54]]
//   CodecSuite.Run: campaign(EvaluateOverhead=False, Clock=Armonik.Ffi.Bdn.CpuClock, IterationCount=6, IterationTime=40ms, LaunchCount=1, RunStrategy=Throughput, WarmupCount=4) [Case=incum(...)fault [45]]
//   CodecSuite.Run: campaign(EvaluateOverhead=False, Clock=Armonik.Ffi.Bdn.CpuClock, IterationCount=6, IterationTime=40ms, LaunchCount=1, RunStrategy=Throughput, WarmupCount=4) [Case=host-(...)etain [47]]
//   CodecSuite.Run: campaign(EvaluateOverhead=False, Clock=Armonik.Ffi.Bdn.CpuClock, IterationCount=6, IterationTime=40ms, LaunchCount=1, RunStrategy=Throughput, WarmupCount=4) [Case=core-(...)etain [47]]
//   CodecSuite.Run: campaign(EvaluateOverhead=False, Clock=Armonik.Ffi.Bdn.CpuClock, IterationCount=6, IterationTime=40ms, LaunchCount=1, RunStrategy=Throughput, WarmupCount=4) [Case=incum(...)fault [59]]
//   CodecSuite.Run: campaign(EvaluateOverhead=False, Clock=Armonik.Ffi.Bdn.CpuClock, IterationCount=6, IterationTime=40ms, LaunchCount=1, RunStrategy=Throughput, WarmupCount=4) [Case=incum(...)fault [69]]
//   CodecSuite.Run: campaign(EvaluateOverhead=False, Clock=Armonik.Ffi.Bdn.CpuClock, IterationCount=6, IterationTime=40ms, LaunchCount=1, RunStrategy=Throughput, WarmupCount=4) [Case=host-(...)etain [38]]
//   CodecSuite.Run: campaign(EvaluateOverhead=False, Clock=Armonik.Ffi.Bdn.CpuClock, IterationCount=6, IterationTime=40ms, LaunchCount=1, RunStrategy=Throughput, WarmupCount=4) [Case=host-(...)etain [47]]
//   CodecSuite.Run: campaign(EvaluateOverhead=False, Clock=Armonik.Ffi.Bdn.CpuClock, IterationCount=6, IterationTime=40ms, LaunchCount=1, RunStrategy=Throughput, WarmupCount=4) [Case=host-(...)etain [38]]
//   CodecSuite.Run: campaign(EvaluateOverhead=False, Clock=Armonik.Ffi.Bdn.CpuClock, IterationCount=6, IterationTime=40ms, LaunchCount=1, RunStrategy=Throughput, WarmupCount=4) [Case=host-(...)etain [38]]
//   CodecSuite.Run: campaign(EvaluateOverhead=False, Clock=Armonik.Ffi.Bdn.CpuClock, IterationCount=6, IterationTime=40ms, LaunchCount=1, RunStrategy=Throughput, WarmupCount=4) [Case=incum(...)fault [54]]
//   CodecSuite.Run: campaign(EvaluateOverhead=False, Clock=Armonik.Ffi.Bdn.CpuClock, IterationCount=6, IterationTime=40ms, LaunchCount=1, RunStrategy=Throughput, WarmupCount=4) [Case=core-(...)etain [59]]
//   CodecSuite.Run: campaign(EvaluateOverhead=False, Clock=Armonik.Ffi.Bdn.CpuClock, IterationCount=6, IterationTime=40ms, LaunchCount=1, RunStrategy=Throughput, WarmupCount=4) [Case=core-(...)etain [47]]
//   CodecSuite.Run: campaign(EvaluateOverhead=False, Clock=Armonik.Ffi.Bdn.CpuClock, IterationCount=6, IterationTime=40ms, LaunchCount=1, RunStrategy=Throughput, WarmupCount=4) [Case=host-(...)etain [79]]
//   CodecSuite.Run: campaign(EvaluateOverhead=False, Clock=Armonik.Ffi.Bdn.CpuClock, IterationCount=6, IterationTime=40ms, LaunchCount=1, RunStrategy=Throughput, WarmupCount=4) [Case=core-(...)etain [48]]
//   CodecSuite.Run: campaign(EvaluateOverhead=False, Clock=Armonik.Ffi.Bdn.CpuClock, IterationCount=6, IterationTime=40ms, LaunchCount=1, RunStrategy=Throughput, WarmupCount=4) [Case=core-(...)etain [38]]
//   CodecSuite.Run: campaign(EvaluateOverhead=False, Clock=Armonik.Ffi.Bdn.CpuClock, IterationCount=6, IterationTime=40ms, LaunchCount=1, RunStrategy=Throughput, WarmupCount=4) [Case=incum(...)fault [82]]
//   CodecSuite.Run: campaign(EvaluateOverhead=False, Clock=Armonik.Ffi.Bdn.CpuClock, IterationCount=6, IterationTime=40ms, LaunchCount=1, RunStrategy=Throughput, WarmupCount=4) [Case=host-(...)etain [38]]
//   CodecSuite.Run: campaign(EvaluateOverhead=False, Clock=Armonik.Ffi.Bdn.CpuClock, IterationCount=6, IterationTime=40ms, LaunchCount=1, RunStrategy=Throughput, WarmupCount=4) [Case=incum(...)fault [54]]
//   CodecSuite.Run: campaign(EvaluateOverhead=False, Clock=Armonik.Ffi.Bdn.CpuClock, IterationCount=6, IterationTime=40ms, LaunchCount=1, RunStrategy=Throughput, WarmupCount=4) [Case=core-(...)etain [38]]
//   CodecSuite.Run: campaign(EvaluateOverhead=False, Clock=Armonik.Ffi.Bdn.CpuClock, IterationCount=6, IterationTime=40ms, LaunchCount=1, RunStrategy=Throughput, WarmupCount=4) [Case=host-(...)etain [47]]
//   CodecSuite.Run: campaign(EvaluateOverhead=False, Clock=Armonik.Ffi.Bdn.CpuClock, IterationCount=6, IterationTime=40ms, LaunchCount=1, RunStrategy=Throughput, WarmupCount=4) [Case=core-(...)etain [37]]
//   CodecSuite.Run: campaign(EvaluateOverhead=False, Clock=Armonik.Ffi.Bdn.CpuClock, IterationCount=6, IterationTime=40ms, LaunchCount=1, RunStrategy=Throughput, WarmupCount=4) [Case=core-(...)etain [38]]
//   CodecSuite.Run: campaign(EvaluateOverhead=False, Clock=Armonik.Ffi.Bdn.CpuClock, IterationCount=6, IterationTime=40ms, LaunchCount=1, RunStrategy=Throughput, WarmupCount=4) [Case=host-(...)etain [38]]
//   CodecSuite.Run: campaign(EvaluateOverhead=False, Clock=Armonik.Ffi.Bdn.CpuClock, IterationCount=6, IterationTime=40ms, LaunchCount=1, RunStrategy=Throughput, WarmupCount=4) [Case=host-(...)etain [75]]
//   CodecSuite.Run: campaign(EvaluateOverhead=False, Clock=Armonik.Ffi.Bdn.CpuClock, IterationCount=6, IterationTime=40ms, LaunchCount=1, RunStrategy=Throughput, WarmupCount=4) [Case=host-(...)etain [53]]
//   CodecSuite.Run: campaign(EvaluateOverhead=False, Clock=Armonik.Ffi.Bdn.CpuClock, IterationCount=6, IterationTime=40ms, LaunchCount=1, RunStrategy=Throughput, WarmupCount=4) [Case=core-(...)etain [62]]
//   CodecSuite.Run: campaign(EvaluateOverhead=False, Clock=Armonik.Ffi.Bdn.CpuClock, IterationCount=6, IterationTime=40ms, LaunchCount=1, RunStrategy=Throughput, WarmupCount=4) [Case=incum(...)fault [57]]
//   CodecSuite.Run: campaign(EvaluateOverhead=False, Clock=Armonik.Ffi.Bdn.CpuClock, IterationCount=6, IterationTime=40ms, LaunchCount=1, RunStrategy=Throughput, WarmupCount=4) [Case=core-(...)etain [53]]
//   CodecSuite.Run: campaign(EvaluateOverhead=False, Clock=Armonik.Ffi.Bdn.CpuClock, IterationCount=6, IterationTime=40ms, LaunchCount=1, RunStrategy=Throughput, WarmupCount=4) [Case=core-(...)etain [47]]
//   CodecSuite.Run: campaign(EvaluateOverhead=False, Clock=Armonik.Ffi.Bdn.CpuClock, IterationCount=6, IterationTime=40ms, LaunchCount=1, RunStrategy=Throughput, WarmupCount=4) [Case=incum(...)fault [45]]
//   CodecSuite.Run: campaign(EvaluateOverhead=False, Clock=Armonik.Ffi.Bdn.CpuClock, IterationCount=6, IterationTime=40ms, LaunchCount=1, RunStrategy=Throughput, WarmupCount=4) [Case=host-(...)etain [38]]
//   CodecSuite.Run: campaign(EvaluateOverhead=False, Clock=Armonik.Ffi.Bdn.CpuClock, IterationCount=6, IterationTime=40ms, LaunchCount=1, RunStrategy=Throughput, WarmupCount=4) [Case=incum(...)fault [66]]
//   CodecSuite.Run: campaign(EvaluateOverhead=False, Clock=Armonik.Ffi.Bdn.CpuClock, IterationCount=6, IterationTime=40ms, LaunchCount=1, RunStrategy=Throughput, WarmupCount=4) [Case=incum(...)fault [45]]
//   CodecSuite.Run: campaign(EvaluateOverhead=False, Clock=Armonik.Ffi.Bdn.CpuClock, IterationCount=6, IterationTime=40ms, LaunchCount=1, RunStrategy=Throughput, WarmupCount=4) [Case=incum(...)fault [95]]
//   CodecSuite.Run: campaign(EvaluateOverhead=False, Clock=Armonik.Ffi.Bdn.CpuClock, IterationCount=6, IterationTime=40ms, LaunchCount=1, RunStrategy=Throughput, WarmupCount=4) [Case=core-(...)etain [38]]
//   CodecSuite.Run: campaign(EvaluateOverhead=False, Clock=Armonik.Ffi.Bdn.CpuClock, IterationCount=6, IterationTime=40ms, LaunchCount=1, RunStrategy=Throughput, WarmupCount=4) [Case=incum(...)fault [45]]
//   CodecSuite.Run: campaign(EvaluateOverhead=False, Clock=Armonik.Ffi.Bdn.CpuClock, IterationCount=6, IterationTime=40ms, LaunchCount=1, RunStrategy=Throughput, WarmupCount=4) [Case=incum(...)fault [45]]
//   CodecSuite.Run: campaign(EvaluateOverhead=False, Clock=Armonik.Ffi.Bdn.CpuClock, IterationCount=6, IterationTime=40ms, LaunchCount=1, RunStrategy=Throughput, WarmupCount=4) [Case=incum(...)fault [44]]
//   CodecSuite.Run: campaign(EvaluateOverhead=False, Clock=Armonik.Ffi.Bdn.CpuClock, IterationCount=6, IterationTime=40ms, LaunchCount=1, RunStrategy=Throughput, WarmupCount=4) [Case=incum(...)fault [45]]
//   CodecSuite.Run: campaign(EvaluateOverhead=False, Clock=Armonik.Ffi.Bdn.CpuClock, IterationCount=6, IterationTime=40ms, LaunchCount=1, RunStrategy=Throughput, WarmupCount=4) [Case=host-(...)etain [85]]
//   CodecSuite.Run: campaign(EvaluateOverhead=False, Clock=Armonik.Ffi.Bdn.CpuClock, IterationCount=6, IterationTime=40ms, LaunchCount=1, RunStrategy=Throughput, WarmupCount=4) [Case=host-(...)etain [47]]
//   CodecSuite.Run: campaign(EvaluateOverhead=False, Clock=Armonik.Ffi.Bdn.CpuClock, IterationCount=6, IterationTime=40ms, LaunchCount=1, RunStrategy=Throughput, WarmupCount=4) [Case=host-(...)etain [38]]
//   CodecSuite.Run: campaign(EvaluateOverhead=False, Clock=Armonik.Ffi.Bdn.CpuClock, IterationCount=6, IterationTime=40ms, LaunchCount=1, RunStrategy=Throughput, WarmupCount=4) [Case=host-(...)etain [62]]
//   CodecSuite.Run: campaign(EvaluateOverhead=False, Clock=Armonik.Ffi.Bdn.CpuClock, IterationCount=6, IterationTime=40ms, LaunchCount=1, RunStrategy=Throughput, WarmupCount=4) [Case=host-(...)etain [87]]

// **************************
// Benchmark: CodecSuite.Run: campaign(EvaluateOverhead=False, Clock=Armonik.Ffi.Bdn.CpuClock, IterationCount=6, IterationTime=40ms, LaunchCount=1, RunStrategy=Throughput, WarmupCount=4) [Case=host-(...)etain [47]]
// *** Execute ***
// Launch: 1 / 1
// Execute: dotnet BenchDotNet-campaign-1.dll --anonymousPipes 121 122 --benchmarkName "Armonik.Ffi.Bdn.CodecSuite.Run(Case: \"host-gen|encode-transport-hot|P1.1|prime|retain\")" --job campaign --benchmarkId 0 in /home/user/ArmoniK.Api/ffi/poc/csharp/src/BenchDotNet/bin/Release/net8.0/BenchDotNet-campaign-1/bin/Release/net8.0
// BeforeAnythingElse

// Benchmark Process Environment Information:
// BenchmarkDotNet v0.15.8
// Runtime=.NET 8.0.31 (8.0.31, 8.0.3126.42015), X64 RyuJIT x86-64-v4
// GC=Concurrent Workstation
// HardwareIntrinsics=AVX512 F+BW+CD+DQ+VL,AVX2+BMI1+BMI2+F16C+FMA+LZCNT+MOVBE,AVX,SSE3+SSSE3+SSE4.1+SSE4.2+POPCNT,X86Base+SSE+SSE2,AES+PCLMUL VectorSize=256
// Job: campaign(EvaluateOverhead=False, Clock=Armonik.Ffi.Bdn.CpuClock, IterationCount=6, IterationTime=40ms, LaunchCount=1, RunStrategy=Throughput, WarmupCount=4)

OverheadJitting  1: 1 op, 251172.00 ns, 251.1720 us/op
WorkloadJitting  1: 1 op, 4900818.00 ns, 4.9008 ms/op

WorkloadPilot    1: 4 op, 63472.00 ns, 15.8680 us/op
WorkloadPilot    2: 2521 op, 10166155.00 ns, 4.0326 us/op
WorkloadPilot    3: 9919 op, 34716985.00 ns, 3.5000 us/op
WorkloadPilot    4: 11428 op, 40133039.00 ns, 3.5118 us/op
WorkloadPilot    5: 11390 op, 38846958.00 ns, 3.4106 us/op
WorkloadPilot    6: 11728 op, 40544723.00 ns, 3.4571 us/op
WorkloadPilot    7: 11570 op, 39400937.00 ns, 3.4054 us/op
WorkloadPilot    8: 11746 op, 39708899.00 ns, 3.3806 us/op
WorkloadPilot    9: 11832 op, 39731151.00 ns, 3.3579 us/op
WorkloadPilot   10: 11912 op, 39909251.00 ns, 3.3503 us/op
WorkloadPilot   11: 11939 op, 40171242.00 ns, 3.3647 us/op

WorkloadWarmup   1: 11939 op, 50107417.00 ns, 4.1970 us/op
WorkloadWarmup   2: 11939 op, 40190242.00 ns, 3.3663 us/op
WorkloadWarmup   3: 11939 op, 39596934.00 ns, 3.3166 us/op
WorkloadWarmup   4: 11939 op, 39711830.00 ns, 3.3262 us/op

// BeforeActualRun
WorkloadActual   1: 11939 op, 39883608.00 ns, 3.3406 us/op
WorkloadActual   2: 11939 op, 41385644.00 ns, 3.4664 us/op
WorkloadActual   3: 11939 op, 40389277.00 ns, 3.3830 us/op
WorkloadActual   4: 11939 op, 40228810.00 ns, 3.3695 us/op
WorkloadActual   5: 11939 op, 41699230.00 ns, 3.4927 us/op
WorkloadActual   6: 11939 op, 40279257.00 ns, 3.3738 us/op

// AfterActualRun
WorkloadResult   1: 11939 op, 39883608.00 ns, 3.3406 us/op
WorkloadResult   2: 11939 op, 41385644.00 ns, 3.4664 us/op
WorkloadResult   3: 11939 op, 40389277.00 ns, 3.3830 us/op
WorkloadResult   4: 11939 op, 40228810.00 ns, 3.3695 us/op
WorkloadResult   5: 11939 op, 41699230.00 ns, 3.4927 us/op
WorkloadResult   6: 11939 op, 40279257.00 ns, 3.3738 us/op
// GC:  0 0 0 0 11939
// Threading:  0 0 11939

// AfterAll
// Benchmark Process 17580 has exited with code 0.

Mean = 3.404 us, StdErr = 0.025 us (0.73%), N = 6, StdDev = 0.061 us
Min = 3.341 us, Q1 = 3.371 us, Median = 3.378 us, Q3 = 3.446 us, Max = 3.493 us
IQR = 0.075 us, LowerFence = 3.258 us, UpperFence = 3.558 us
ConfidenceInterval = [3.235 us; 3.574 us] (CI 99.9%), Margin = 0.170 us (4.99% of Mean)
Skewness = 0.44, Kurtosis = 1.18, MValue = 2

// ** Remained 148 (99.3 %) benchmark(s) to run. Estimated finish 2026-10-04 8:27 (0h 2m from now) **
// **************************
// Benchmark: CodecSuite.Run: campaign(EvaluateOverhead=False, Clock=Armonik.Ffi.Bdn.CpuClock, IterationCount=6, IterationTime=40ms, LaunchCount=1, RunStrategy=Throughput, WarmupCount=4) [Case=incum(...)fault [54]]
// *** Execute ***
// Launch: 1 / 1
// Execute: dotnet BenchDotNet-campaign-1.dll --anonymousPipes 123 124 --benchmarkName "Armonik.Ffi.Bdn.CodecSuite.Run(Case: \"incumbent-prod|encode-transport-hot|P1.1|prime|default\")" --job campaign --benchmarkId 1 in /home/user/ArmoniK.Api/ffi/poc/csharp/src/BenchDotNet/bin/Release/net8.0/BenchDotNet-campaign-1/bin/Release/net8.0
// BeforeAnythingElse

// Benchmark Process Environment Information:
// BenchmarkDotNet v0.15.8
// Runtime=.NET 8.0.31 (8.0.31, 8.0.3126.42015), X64 RyuJIT x86-64-v4
// GC=Concurrent Workstation
// HardwareIntrinsics=AVX512 F+BW+CD+DQ+VL,AVX2+BMI1+BMI2+F16C+FMA+LZCNT+MOVBE,AVX,SSE3+SSSE3+SSE4.1+SSE4.2+POPCNT,X86Base+SSE+SSE2,AES+PCLMUL VectorSize=256
// Job: campaign(EvaluateOverhead=False, Clock=Armonik.Ffi.Bdn.CpuClock, IterationCount=6, IterationTime=40ms, LaunchCount=1, RunStrategy=Throughput, WarmupCount=4)

OverheadJitting  1: 1 op, 284110.00 ns, 284.1100 us/op
WorkloadJitting  1: 1 op, 3329111.00 ns, 3.3291 ms/op

WorkloadPilot    1: 4 op, 72496.00 ns, 18.1240 us/op
WorkloadPilot    2: 2207 op, 12208918.00 ns, 5.5319 us/op
WorkloadPilot    3: 7231 op, 37429006.00 ns, 5.1762 us/op
WorkloadPilot    4: 7728 op, 39352192.00 ns, 5.0922 us/op
WorkloadPilot    5: 7855 op, 39731853.00 ns, 5.0582 us/op
WorkloadPilot    6: 7908 op, 39686505.00 ns, 5.0185 us/op
WorkloadPilot    7: 7970 op, 40135285.00 ns, 5.0358 us/op
WorkloadPilot    8: 7943 op, 39846467.00 ns, 5.0166 us/op
WorkloadPilot    9: 7974 op, 39988803.00 ns, 5.0149 us/op
WorkloadPilot   10: 7976 op, 40369124.00 ns, 5.0613 us/op
WorkloadPilot   11: 7903 op, 39748573.00 ns, 5.0296 us/op
WorkloadPilot   12: 7953 op, 39845644.00 ns, 5.0101 us/op
WorkloadPilot   13: 7984 op, 40656168.00 ns, 5.0922 us/op

WorkloadWarmup   1: 7984 op, 40382545.00 ns, 5.0579 us/op
WorkloadWarmup   2: 7984 op, 40013393.00 ns, 5.0117 us/op
WorkloadWarmup   3: 7984 op, 40206251.00 ns, 5.0359 us/op
WorkloadWarmup   4: 7984 op, 40297577.00 ns, 5.0473 us/op

// BeforeActualRun
WorkloadActual   1: 7984 op, 40302806.00 ns, 5.0479 us/op
WorkloadActual   2: 7984 op, 40610042.00 ns, 5.0864 us/op
WorkloadActual   3: 7984 op, 40162329.00 ns, 5.0304 us/op
WorkloadActual   4: 7984 op, 39715484.00 ns, 4.9744 us/op
WorkloadActual   5: 7984 op, 39928217.00 ns, 5.0010 us/op
WorkloadActual   6: 7984 op, 39751271.00 ns, 4.9789 us/op

// AfterActualRun
WorkloadResult   1: 7984 op, 40302806.00 ns, 5.0479 us/op
WorkloadResult   2: 7984 op, 40610042.00 ns, 5.0864 us/op
WorkloadResult   3: 7984 op, 40162329.00 ns, 5.0304 us/op
WorkloadResult   4: 7984 op, 39715484.00 ns, 4.9744 us/op
WorkloadResult   5: 7984 op, 39928217.00 ns, 5.0010 us/op
WorkloadResult   6: 7984 op, 39751271.00 ns, 4.9789 us/op
// GC:  0 0 0 0 7984
// Threading:  0 0 7984

// AfterAll
// Benchmark Process 17590 has exited with code 0.

Mean = 5.020 us, StdErr = 0.018 us (0.35%), N = 6, StdDev = 0.043 us
Min = 4.974 us, Q1 = 4.984 us, Median = 5.016 us, Q3 = 5.044 us, Max = 5.086 us
IQR = 0.059 us, LowerFence = 4.896 us, UpperFence = 5.132 us
ConfidenceInterval = [4.898 us; 5.142 us] (CI 99.9%), Margin = 0.122 us (2.43% of Mean)
Skewness = 0.3, Kurtosis = 1.29, MValue = 2

// ** Remained 147 (98.7 %) benchmark(s) to run. Estimated finish 2026-10-04 8:27 (0h 2m from now) **
// **************************
// Benchmark: CodecSuite.Run: campaign(EvaluateOverhead=False, Clock=Armonik.Ffi.Bdn.CpuClock, IterationCount=6, IterationTime=40ms, LaunchCount=1, RunStrategy=Throughput, WarmupCount=4) [Case=incum(...)fault [45]]
// *** Execute ***
// Launch: 1 / 1
// Execute: dotnet BenchDotNet-campaign-1.dll --anonymousPipes 123 124 --benchmarkName "Armonik.Ffi.Bdn.CodecSuite.Run(Case: \"incumbent-prod|decode-read|P1.1|ascii|default\")" --job campaign --benchmarkId 2 in /home/user/ArmoniK.Api/ffi/poc/csharp/src/BenchDotNet/bin/Release/net8.0/BenchDotNet-campaign-1/bin/Release/net8.0
// BeforeAnythingElse

// Benchmark Process Environment Information:
// BenchmarkDotNet v0.15.8
// Runtime=.NET 8.0.31 (8.0.31, 8.0.3126.42015), X64 RyuJIT x86-64-v4
// GC=Concurrent Workstation
// HardwareIntrinsics=AVX512 F+BW+CD+DQ+VL,AVX2+BMI1+BMI2+F16C+FMA+LZCNT+MOVBE,AVX,SSE3+SSSE3+SSE4.1+SSE4.2+POPCNT,X86Base+SSE+SSE2,AES+PCLMUL VectorSize=256
// Job: campaign(EvaluateOverhead=False, Clock=Armonik.Ffi.Bdn.CpuClock, IterationCount=6, IterationTime=40ms, LaunchCount=1, RunStrategy=Throughput, WarmupCount=4)

OverheadJitting  1: 1 op, 239983.00 ns, 239.9830 us/op
WorkloadJitting  1: 1 op, 6421468.00 ns, 6.4215 ms/op

WorkloadPilot    1: 4 op, 86939.00 ns, 21.7348 us/op
WorkloadPilot    2: 1840 op, 15053831.00 ns, 8.1814 us/op
WorkloadPilot    3: 4889 op, 38837155.00 ns, 7.9438 us/op
WorkloadPilot    4: 5035 op, 38025598.00 ns, 7.5523 us/op
WorkloadPilot    5: 5296 op, 35340713.00 ns, 6.6731 us/op
WorkloadPilot    6: 5994 op, 42420698.00 ns, 7.0772 us/op
WorkloadPilot    7: 5652 op, 36263669.00 ns, 6.4161 us/op
WorkloadPilot    8: 6234 op, 42341013.00 ns, 6.7919 us/op
WorkloadPilot    9: 5889 op, 37356753.00 ns, 6.3435 us/op
WorkloadPilot   10: 6306 op, 41157712.00 ns, 6.5268 us/op

WorkloadWarmup   1: 6306 op, 40129065.00 ns, 6.3636 us/op
WorkloadWarmup   2: 6306 op, 40418352.00 ns, 6.4095 us/op
WorkloadWarmup   3: 6306 op, 40141313.00 ns, 6.3656 us/op
WorkloadWarmup   4: 6306 op, 46468226.00 ns, 7.3689 us/op

// BeforeActualRun
WorkloadActual   1: 6306 op, 43347255.00 ns, 6.8740 us/op
WorkloadActual   2: 6306 op, 39923708.00 ns, 6.3311 us/op
WorkloadActual   3: 6306 op, 40919952.00 ns, 6.4891 us/op
WorkloadActual   4: 6306 op, 40407869.00 ns, 6.4078 us/op
WorkloadActual   5: 6306 op, 39526374.00 ns, 6.2681 us/op
WorkloadActual   6: 6306 op, 40115333.00 ns, 6.3615 us/op

// AfterActualRun
WorkloadResult   1: 6306 op, 39923708.00 ns, 6.3311 us/op
WorkloadResult   2: 6306 op, 40919952.00 ns, 6.4891 us/op
WorkloadResult   3: 6306 op, 40407869.00 ns, 6.4078 us/op
WorkloadResult   4: 6306 op, 39526374.00 ns, 6.2681 us/op
WorkloadResult   5: 6306 op, 40115333.00 ns, 6.3615 us/op
// GC:  1 0 0 18211728 6306
// Threading:  0 0 6306

// AfterAll
// Benchmark Process 17599 has exited with code 0.

Mean = 6.371 us, StdErr = 0.037 us (0.58%), N = 5, StdDev = 0.083 us
Min = 6.268 us, Q1 = 6.331 us, Median = 6.361 us, Q3 = 6.408 us, Max = 6.489 us
IQR = 0.077 us, LowerFence = 6.216 us, UpperFence = 6.523 us
ConfidenceInterval = [6.052 us; 6.691 us] (CI 99.9%), Margin = 0.320 us (5.02% of Mean)
Skewness = 0.17, Kurtosis = 1.3, MValue = 2

// ** Remained 146 (98.0 %) benchmark(s) to run. Estimated finish 2026-10-04 8:26 (0h 2m from now) **
// **************************
// Benchmark: CodecSuite.Run: campaign(EvaluateOverhead=False, Clock=Armonik.Ffi.Bdn.CpuClock, IterationCount=6, IterationTime=40ms, LaunchCount=1, RunStrategy=Throughput, WarmupCount=4) [Case=host-(...)etain [38]]
// *** Execute ***
// Launch: 1 / 1
// Execute: dotnet BenchDotNet-campaign-1.dll --anonymousPipes 123 124 --benchmarkName "Armonik.Ffi.Bdn.CodecSuite.Run(Case: \"host-gen|decode-read|P2.4|ascii|retain\")" --job campaign --benchmarkId 3 in /home/user/ArmoniK.Api/ffi/poc/csharp/src/BenchDotNet/bin/Release/net8.0/BenchDotNet-campaign-1/bin/Release/net8.0
// BeforeAnythingElse

// Benchmark Process Environment Information:
// BenchmarkDotNet v0.15.8
// Runtime=.NET 8.0.31 (8.0.31, 8.0.3126.42015), X64 RyuJIT x86-64-v4
// GC=Concurrent Workstation
// HardwareIntrinsics=AVX512 F+BW+CD+DQ+VL,AVX2+BMI1+BMI2+F16C+FMA+LZCNT+MOVBE,AVX,SSE3+SSSE3+SSE4.1+SSE4.2+POPCNT,X86Base+SSE+SSE2,AES+PCLMUL VectorSize=256
// Job: campaign(EvaluateOverhead=False, Clock=Armonik.Ffi.Bdn.CpuClock, IterationCount=6, IterationTime=40ms, LaunchCount=1, RunStrategy=Throughput, WarmupCount=4)

OverheadJitting  1: 1 op, 300209.00 ns, 300.2090 us/op
WorkloadJitting  1: 1 op, 8462705.00 ns, 8.4627 ms/op

WorkloadPilot    1: 4 op, 18897604.00 ns, 4.7244 ms/op
WorkloadPilot    2: 8 op, 40889428.00 ns, 5.1112 ms/op

WorkloadWarmup   1: 8 op, 28092625.00 ns, 3.5116 ms/op
WorkloadWarmup   2: 8 op, 27491869.00 ns, 3.4365 ms/op
WorkloadWarmup   3: 8 op, 27115459.00 ns, 3.3894 ms/op
WorkloadWarmup   4: 8 op, 26743578.00 ns, 3.3429 ms/op

// BeforeActualRun
WorkloadActual   1: 8 op, 27769418.00 ns, 3.4712 ms/op
WorkloadActual   2: 8 op, 27729135.00 ns, 3.4661 ms/op
WorkloadActual   3: 8 op, 26998546.00 ns, 3.3748 ms/op
WorkloadActual   4: 8 op, 28781715.00 ns, 3.5977 ms/op
WorkloadActual   5: 8 op, 32182739.00 ns, 4.0228 ms/op
WorkloadActual   6: 8 op, 26659534.00 ns, 3.3324 ms/op

// AfterActualRun
WorkloadResult   1: 8 op, 27769418.00 ns, 3.4712 ms/op
WorkloadResult   2: 8 op, 27729135.00 ns, 3.4661 ms/op
WorkloadResult   3: 8 op, 26998546.00 ns, 3.3748 ms/op
WorkloadResult   4: 8 op, 28781715.00 ns, 3.5977 ms/op
WorkloadResult   5: 8 op, 26659534.00 ns, 3.3324 ms/op
// GC:  1 0 0 26205824 8
// Threading:  0 0 8

// AfterAll
// Benchmark Process 17609 has exited with code 0.

Mean = 3.448 ms, StdErr = 0.046 ms (1.33%), N = 5, StdDev = 0.102 ms
Min = 3.332 ms, Q1 = 3.375 ms, Median = 3.466 ms, Q3 = 3.471 ms, Max = 3.598 ms
IQR = 0.096 ms, LowerFence = 3.230 ms, UpperFence = 3.616 ms
ConfidenceInterval = [3.054 ms; 3.843 ms] (CI 99.9%), Margin = 0.395 ms (11.44% of Mean)
Skewness = 0.26, Kurtosis = 1.28, MValue = 2

// ** Remained 145 (97.3 %) benchmark(s) to run. Estimated finish 2026-10-04 8:26 (0h 2m from now) **
// **************************
// Benchmark: CodecSuite.Run: campaign(EvaluateOverhead=False, Clock=Armonik.Ffi.Bdn.CpuClock, IterationCount=6, IterationTime=40ms, LaunchCount=1, RunStrategy=Throughput, WarmupCount=4) [Case=core-(...)etain [47]]
// *** Execute ***
// Launch: 1 / 1
// Execute: dotnet BenchDotNet-campaign-1.dll --anonymousPipes 123 124 --benchmarkName "Armonik.Ffi.Bdn.CodecSuite.Run(Case: \"core-ffi|encode-transport-hot|P2.2|ascii|retain\")" --job campaign --benchmarkId 4 in /home/user/ArmoniK.Api/ffi/poc/csharp/src/BenchDotNet/bin/Release/net8.0/BenchDotNet-campaign-1/bin/Release/net8.0
// BeforeAnythingElse

// Benchmark Process Environment Information:
// BenchmarkDotNet v0.15.8
// Runtime=.NET 8.0.31 (8.0.31, 8.0.3126.42015), X64 RyuJIT x86-64-v4
// GC=Concurrent Workstation
// HardwareIntrinsics=AVX512 F+BW+CD+DQ+VL,AVX2+BMI1+BMI2+F16C+FMA+LZCNT+MOVBE,AVX,SSE3+SSSE3+SSE4.1+SSE4.2+POPCNT,X86Base+SSE+SSE2,AES+PCLMUL VectorSize=256
// Job: campaign(EvaluateOverhead=False, Clock=Armonik.Ffi.Bdn.CpuClock, IterationCount=6, IterationTime=40ms, LaunchCount=1, RunStrategy=Throughput, WarmupCount=4)

OverheadJitting  1: 1 op, 253091.00 ns, 253.0910 us/op
WorkloadJitting  1: 1 op, 12894867.00 ns, 12.8949 ms/op

WorkloadPilot    1: 4 op, 19506109.00 ns, 4.8765 ms/op
WorkloadPilot    2: 8 op, 17649889.00 ns, 2.2062 ms/op
WorkloadPilot    3: 18 op, 21790540.00 ns, 1.2106 ms/op
WorkloadPilot    4: 33 op, 38701608.00 ns, 1.1728 ms/op

WorkloadWarmup   1: 33 op, 39015937.00 ns, 1.1823 ms/op
WorkloadWarmup   2: 33 op, 39131148.00 ns, 1.1858 ms/op
WorkloadWarmup   3: 33 op, 38550574.00 ns, 1.1682 ms/op
WorkloadWarmup   4: 33 op, 38853300.00 ns, 1.1774 ms/op

// BeforeActualRun
WorkloadActual   1: 33 op, 40984820.00 ns, 1.2420 ms/op
WorkloadActual   2: 33 op, 39732721.00 ns, 1.2040 ms/op
WorkloadActual   3: 33 op, 40053172.00 ns, 1.2137 ms/op
WorkloadActual   4: 33 op, 41685160.00 ns, 1.2632 ms/op
WorkloadActual   5: 33 op, 41094102.00 ns, 1.2453 ms/op
WorkloadActual   6: 33 op, 41160047.00 ns, 1.2473 ms/op

// AfterActualRun
WorkloadResult   1: 33 op, 40984820.00 ns, 1.2420 ms/op
WorkloadResult   2: 33 op, 39732721.00 ns, 1.2040 ms/op
WorkloadResult   3: 33 op, 40053172.00 ns, 1.2137 ms/op
WorkloadResult   4: 33 op, 41685160.00 ns, 1.2632 ms/op
WorkloadResult   5: 33 op, 41094102.00 ns, 1.2453 ms/op
WorkloadResult   6: 33 op, 41160047.00 ns, 1.2473 ms/op
// GC:  0 0 0 0 33
// Threading:  0 0 33

// AfterAll
// Benchmark Process 17644 has exited with code 0.

Mean = 1.236 ms, StdErr = 0.009 ms (0.74%), N = 6, StdDev = 0.022 ms
Min = 1.204 ms, Q1 = 1.221 ms, Median = 1.244 ms, Q3 = 1.247 ms, Max = 1.263 ms
IQR = 0.026 ms, LowerFence = 1.182 ms, UpperFence = 1.286 ms
ConfidenceInterval = [1.173 ms; 1.299 ms] (CI 99.9%), Margin = 0.063 ms (5.08% of Mean)
Skewness = -0.3, Kurtosis = 1.23, MValue = 2

// ** Remained 144 (96.6 %) benchmark(s) to run. Estimated finish 2026-10-04 8:26 (0h 2m from now) **
// **************************
// Benchmark: CodecSuite.Run: campaign(EvaluateOverhead=False, Clock=Armonik.Ffi.Bdn.CpuClock, IterationCount=6, IterationTime=40ms, LaunchCount=1, RunStrategy=Throughput, WarmupCount=4) [Case=incum(...)fault [54]]
// *** Execute ***
// Launch: 1 / 1
// Execute: dotnet BenchDotNet-campaign-1.dll --anonymousPipes 123 124 --benchmarkName "Armonik.Ffi.Bdn.CodecSuite.Run(Case: \"incumbent-prod|encode-transport-hot|P5.2|ascii|default\")" --job campaign --benchmarkId 5 in /home/user/ArmoniK.Api/ffi/poc/csharp/src/BenchDotNet/bin/Release/net8.0/BenchDotNet-campaign-1/bin/Release/net8.0
// BeforeAnythingElse

// Benchmark Process Environment Information:
// BenchmarkDotNet v0.15.8
// Runtime=.NET 8.0.31 (8.0.31, 8.0.3126.42015), X64 RyuJIT x86-64-v4
// GC=Concurrent Workstation
// HardwareIntrinsics=AVX512 F+BW+CD+DQ+VL,AVX2+BMI1+BMI2+F16C+FMA+LZCNT+MOVBE,AVX,SSE3+SSSE3+SSE4.1+SSE4.2+POPCNT,X86Base+SSE+SSE2,AES+PCLMUL VectorSize=256
// Job: campaign(EvaluateOverhead=False, Clock=Armonik.Ffi.Bdn.CpuClock, IterationCount=6, IterationTime=40ms, LaunchCount=1, RunStrategy=Throughput, WarmupCount=4)

OverheadJitting  1: 1 op, 279407.00 ns, 279.4070 us/op
WorkloadJitting  1: 1 op, 3935792.00 ns, 3.9358 ms/op

WorkloadPilot    1: 4 op, 58756.00 ns, 14.6890 us/op
WorkloadPilot    2: 2723 op, 5966873.00 ns, 2.1913 us/op
WorkloadPilot    3: 18254 op, 40701580.00 ns, 2.2297 us/op
WorkloadPilot    4: 17939 op, 38172686.00 ns, 2.1279 us/op
WorkloadPilot    5: 18798 op, 40880518.00 ns, 2.1747 us/op
WorkloadPilot    6: 18393 op, 41398231.00 ns, 2.2508 us/op

WorkloadWarmup   1: 18393 op, 54077671.00 ns, 2.9401 us/op
WorkloadWarmup   2: 18393 op, 40191701.00 ns, 2.1852 us/op
WorkloadWarmup   3: 18393 op, 49622591.00 ns, 2.6979 us/op
WorkloadWarmup   4: 18393 op, 60049791.00 ns, 3.2648 us/op

// BeforeActualRun
WorkloadActual   1: 18393 op, 39484298.00 ns, 2.1467 us/op
WorkloadActual   2: 18393 op, 42994566.00 ns, 2.3376 us/op
WorkloadActual   3: 18393 op, 40021862.00 ns, 2.1759 us/op
WorkloadActual   4: 18393 op, 43095106.00 ns, 2.3430 us/op
WorkloadActual   5: 18393 op, 38872928.00 ns, 2.1135 us/op
WorkloadActual   6: 18393 op, 39041847.00 ns, 2.1226 us/op

// AfterActualRun
WorkloadResult   1: 18393 op, 39484298.00 ns, 2.1467 us/op
WorkloadResult   2: 18393 op, 42994566.00 ns, 2.3376 us/op
WorkloadResult   3: 18393 op, 40021862.00 ns, 2.1759 us/op
WorkloadResult   4: 18393 op, 43095106.00 ns, 2.3430 us/op
WorkloadResult   5: 18393 op, 38872928.00 ns, 2.1135 us/op
WorkloadResult   6: 18393 op, 39041847.00 ns, 2.1226 us/op
// GC:  0 0 0 0 18393
// Threading:  0 0 18393

// AfterAll
// Benchmark Process 17653 has exited with code 0.

Mean = 2.207 us, StdErr = 0.043 us (1.96%), N = 6, StdDev = 0.106 us
Min = 2.113 us, Q1 = 2.129 us, Median = 2.161 us, Q3 = 2.297 us, Max = 2.343 us
IQR = 0.168 us, LowerFence = 1.876 us, UpperFence = 2.550 us
ConfidenceInterval = [1.910 us; 2.503 us] (CI 99.9%), Margin = 0.297 us (13.45% of Mean)
Skewness = 0.44, Kurtosis = 1.04, MValue = 2

// ** Remained 143 (96.0 %) benchmark(s) to run. Estimated finish 2026-10-04 8:26 (0h 2m from now) **
// **************************
// Benchmark: CodecSuite.Run: campaign(EvaluateOverhead=False, Clock=Armonik.Ffi.Bdn.CpuClock, IterationCount=6, IterationTime=40ms, LaunchCount=1, RunStrategy=Throughput, WarmupCount=4) [Case=incum(...)fault [83]]
// *** Execute ***
// Launch: 1 / 1
// Execute: dotnet BenchDotNet-campaign-1.dll --anonymousPipes 123 124 --benchmarkName "Armonik.Ffi.Bdn.CodecSuite.Run(Case: \"incumbent-prod|decode-read|U-wire-ListMetricsResponse-batches-as-wt0|corpus|default\")" --job campaign --benchmarkId 6 in /home/user/ArmoniK.Api/ffi/poc/csharp/src/BenchDotNet/bin/Release/net8.0/BenchDotNet-campaign-1/bin/Release/net8.0
// BeforeAnythingElse

// Benchmark Process Environment Information:
// BenchmarkDotNet v0.15.8
// Runtime=.NET 8.0.31 (8.0.31, 8.0.3126.42015), X64 RyuJIT x86-64-v4
// GC=Concurrent Workstation
// HardwareIntrinsics=AVX512 F+BW+CD+DQ+VL,AVX2+BMI1+BMI2+F16C+FMA+LZCNT+MOVBE,AVX,SSE3+SSSE3+SSE4.1+SSE4.2+POPCNT,X86Base+SSE+SSE2,AES+PCLMUL VectorSize=256
// Job: campaign(EvaluateOverhead=False, Clock=Armonik.Ffi.Bdn.CpuClock, IterationCount=6, IterationTime=40ms, LaunchCount=1, RunStrategy=Throughput, WarmupCount=4)

OverheadJitting  1: 1 op, 242611.00 ns, 242.6110 us/op
WorkloadJitting  1: 1 op, 21432515.00 ns, 21.4325 ms/op

WorkloadPilot    1: 4 op, 170711.00 ns, 42.6778 us/op
WorkloadPilot    2: 937 op, 26751684.00 ns, 28.5504 us/op
WorkloadPilot    3: 1401 op, 35881017.00 ns, 25.6110 us/op
WorkloadPilot    4: 1562 op, 37509050.00 ns, 24.0135 us/op
WorkloadPilot    5: 1666 op, 47125709.00 ns, 28.2867 us/op
WorkloadPilot    6: 1414 op, 33731114.00 ns, 23.8551 us/op
WorkloadPilot    7: 1677 op, 40290424.00 ns, 24.0253 us/op
WorkloadPilot    8: 1665 op, 47505823.00 ns, 28.5320 us/op

WorkloadWarmup   1: 1665 op, 39801696.00 ns, 23.9049 us/op
WorkloadWarmup   2: 1665 op, 40760021.00 ns, 24.4805 us/op
WorkloadWarmup   3: 1665 op, 42792724.00 ns, 25.7013 us/op
WorkloadWarmup   4: 1665 op, 42543421.00 ns, 25.5516 us/op

// BeforeActualRun
WorkloadActual   1: 1665 op, 39117341.00 ns, 23.4939 us/op
WorkloadActual   2: 1665 op, 42134121.00 ns, 25.3058 us/op
WorkloadActual   3: 1665 op, 38542734.00 ns, 23.1488 us/op
WorkloadActual   4: 1665 op, 43822000.00 ns, 26.3195 us/op
WorkloadActual   5: 1665 op, 38876397.00 ns, 23.3492 us/op
WorkloadActual   6: 1665 op, 42283165.00 ns, 25.3953 us/op

// AfterActualRun
WorkloadResult   1: 1665 op, 39117341.00 ns, 23.4939 us/op
WorkloadResult   2: 1665 op, 42134121.00 ns, 25.3058 us/op
WorkloadResult   3: 1665 op, 38542734.00 ns, 23.1488 us/op
WorkloadResult   4: 1665 op, 43822000.00 ns, 26.3195 us/op
WorkloadResult   5: 1665 op, 38876397.00 ns, 23.3492 us/op
WorkloadResult   6: 1665 op, 42283165.00 ns, 25.3953 us/op
// GC:  0 0 0 6779880 1665
// Threading:  0 0 1665

// AfterAll
// Benchmark Process 17662 has exited with code 0.

Mean = 24.502 us, StdErr = 0.545 us (2.23%), N = 6, StdDev = 1.336 us
Min = 23.149 us, Q1 = 23.385 us, Median = 24.400 us, Q3 = 25.373 us, Max = 26.320 us
IQR = 1.988 us, LowerFence = 20.404 us, UpperFence = 28.354 us
ConfidenceInterval = [20.756 us; 28.248 us] (CI 99.9%), Margin = 3.746 us (15.29% of Mean)
Skewness = 0.15, Kurtosis = 0.95, MValue = 2

// ** Remained 142 (95.3 %) benchmark(s) to run. Estimated finish 2026-10-04 8:26 (0h 2m from now) **
// **************************
// Benchmark: CodecSuite.Run: campaign(EvaluateOverhead=False, Clock=Armonik.Ffi.Bdn.CpuClock, IterationCount=6, IterationTime=40ms, LaunchCount=1, RunStrategy=Throughput, WarmupCount=4) [Case=core-(...)etain [39]]
// *** Execute ***
// Launch: 1 / 1
// Execute: dotnet BenchDotNet-campaign-1.dll --anonymousPipes 123 124 --benchmarkName "Armonik.Ffi.Bdn.CodecSuite.Run(Case: \"core-ffi|decode-read|P2.2|latin1|retain\")" --job campaign --benchmarkId 7 in /home/user/ArmoniK.Api/ffi/poc/csharp/src/BenchDotNet/bin/Release/net8.0/BenchDotNet-campaign-1/bin/Release/net8.0
// BeforeAnythingElse

// Benchmark Process Environment Information:
// BenchmarkDotNet v0.15.8
// Runtime=.NET 8.0.31 (8.0.31, 8.0.3126.42015), X64 RyuJIT x86-64-v4
// GC=Concurrent Workstation
// HardwareIntrinsics=AVX512 F+BW+CD+DQ+VL,AVX2+BMI1+BMI2+F16C+FMA+LZCNT+MOVBE,AVX,SSE3+SSSE3+SSE4.1+SSE4.2+POPCNT,X86Base+SSE+SSE2,AES+PCLMUL VectorSize=256
// Job: campaign(EvaluateOverhead=False, Clock=Armonik.Ffi.Bdn.CpuClock, IterationCount=6, IterationTime=40ms, LaunchCount=1, RunStrategy=Throughput, WarmupCount=4)

OverheadJitting  1: 1 op, 246794.00 ns, 246.7940 us/op
WorkloadJitting  1: 1 op, 16696082.00 ns, 16.6961 ms/op

WorkloadPilot    1: 4 op, 17956593.00 ns, 4.4891 ms/op
WorkloadPilot    2: 9 op, 41823991.00 ns, 4.6471 ms/op

WorkloadWarmup   1: 9 op, 35206437.00 ns, 3.9118 ms/op
WorkloadWarmup   2: 9 op, 35498571.00 ns, 3.9443 ms/op
WorkloadWarmup   3: 9 op, 36206617.00 ns, 4.0230 ms/op
WorkloadWarmup   4: 9 op, 35998975.00 ns, 3.9999 ms/op

// BeforeActualRun
WorkloadActual   1: 9 op, 36742802.00 ns, 4.0825 ms/op
WorkloadActual   2: 9 op, 36853465.00 ns, 4.0948 ms/op
WorkloadActual   3: 9 op, 33766371.00 ns, 3.7518 ms/op
WorkloadActual   4: 9 op, 35540691.00 ns, 3.9490 ms/op
WorkloadActual   5: 9 op, 41626574.00 ns, 4.6252 ms/op
WorkloadActual   6: 9 op, 36689793.00 ns, 4.0766 ms/op

// AfterActualRun
WorkloadResult   1: 9 op, 36742802.00 ns, 4.0825 ms/op
WorkloadResult   2: 9 op, 36853465.00 ns, 4.0948 ms/op
WorkloadResult   3: 9 op, 33766371.00 ns, 3.7518 ms/op
WorkloadResult   4: 9 op, 35540691.00 ns, 3.9490 ms/op
WorkloadResult   5: 9 op, 36689793.00 ns, 4.0766 ms/op
// GC:  1 0 0 19625256 9
// Threading:  0 0 9

// AfterAll
// Benchmark Process 17674 has exited with code 0.

Mean = 3.991 ms, StdErr = 0.065 ms (1.64%), N = 5, StdDev = 0.146 ms
Min = 3.752 ms, Q1 = 3.949 ms, Median = 4.077 ms, Q3 = 4.083 ms, Max = 4.095 ms
IQR = 0.134 ms, LowerFence = 3.749 ms, UpperFence = 4.283 ms
ConfidenceInterval = [3.428 ms; 4.554 ms] (CI 99.9%), Margin = 0.563 ms (14.10% of Mean)
Skewness = -0.72, Kurtosis = 1.54, MValue = 2

// ** Remained 141 (94.6 %) benchmark(s) to run. Estimated finish 2026-10-04 8:26 (0h 2m from now) **
// **************************
// Benchmark: CodecSuite.Run: campaign(EvaluateOverhead=False, Clock=Armonik.Ffi.Bdn.CpuClock, IterationCount=6, IterationTime=40ms, LaunchCount=1, RunStrategy=Throughput, WarmupCount=4) [Case=incum(...)fault [68]]
// *** Execute ***
// Launch: 1 / 1
// Execute: dotnet BenchDotNet-campaign-1.dll --anonymousPipes 123 124 --benchmarkName "Armonik.Ffi.Bdn.CodecSuite.Run(Case: \"incumbent-prod|encode-transport-hot|U-deep-u-repeated|corpus|default\")" --job campaign --benchmarkId 8 in /home/user/ArmoniK.Api/ffi/poc/csharp/src/BenchDotNet/bin/Release/net8.0/BenchDotNet-campaign-1/bin/Release/net8.0
// BeforeAnythingElse

// Benchmark Process Environment Information:
// BenchmarkDotNet v0.15.8
// Runtime=.NET 8.0.31 (8.0.31, 8.0.3126.42015), X64 RyuJIT x86-64-v4
// GC=Concurrent Workstation
// HardwareIntrinsics=AVX512 F+BW+CD+DQ+VL,AVX2+BMI1+BMI2+F16C+FMA+LZCNT+MOVBE,AVX,SSE3+SSSE3+SSE4.1+SSE4.2+POPCNT,X86Base+SSE+SSE2,AES+PCLMUL VectorSize=256
// Job: campaign(EvaluateOverhead=False, Clock=Armonik.Ffi.Bdn.CpuClock, IterationCount=6, IterationTime=40ms, LaunchCount=1, RunStrategy=Throughput, WarmupCount=4)

OverheadJitting  1: 1 op, 250008.00 ns, 250.0080 us/op
WorkloadJitting  1: 1 op, 17584499.00 ns, 17.5845 ms/op

WorkloadPilot    1: 4 op, 112942.00 ns, 28.2355 us/op
WorkloadPilot    2: 1417 op, 14517041.00 ns, 10.2449 us/op
WorkloadPilot    3: 3904 op, 44991611.00 ns, 11.5245 us/op
WorkloadPilot    4: 3471 op, 36513521.00 ns, 10.5196 us/op
WorkloadPilot    5: 3802 op, 42520007.00 ns, 11.1836 us/op
WorkloadPilot    6: 3577 op, 39198493.00 ns, 10.9585 us/op
WorkloadPilot    7: 3650 op, 43706437.00 ns, 11.9744 us/op

WorkloadWarmup   1: 3650 op, 39186880.00 ns, 10.7361 us/op
WorkloadWarmup   2: 3650 op, 40062240.00 ns, 10.9760 us/op
WorkloadWarmup   3: 3650 op, 40748918.00 ns, 11.1641 us/op
WorkloadWarmup   4: 3650 op, 39850424.00 ns, 10.9179 us/op

// BeforeActualRun
WorkloadActual   1: 3650 op, 35591680.00 ns, 9.7511 us/op
WorkloadActual   2: 3650 op, 40510258.00 ns, 11.0987 us/op
WorkloadActual   3: 3650 op, 40306219.00 ns, 11.0428 us/op
WorkloadActual   4: 3650 op, 35900330.00 ns, 9.8357 us/op
WorkloadActual   5: 3650 op, 38706918.00 ns, 10.6046 us/op
WorkloadActual   6: 3650 op, 39463262.00 ns, 10.8119 us/op

// AfterActualRun
WorkloadResult   1: 3650 op, 35591680.00 ns, 9.7511 us/op
WorkloadResult   2: 3650 op, 40510258.00 ns, 11.0987 us/op
WorkloadResult   3: 3650 op, 40306219.00 ns, 11.0428 us/op
WorkloadResult   4: 3650 op, 35900330.00 ns, 9.8357 us/op
WorkloadResult   5: 3650 op, 38706918.00 ns, 10.6046 us/op
WorkloadResult   6: 3650 op, 39463262.00 ns, 10.8119 us/op
// GC:  0 0 0 1022000 3650
// Threading:  0 0 3650

// AfterAll
// Benchmark Process 17716 has exited with code 0.

Mean = 10.524 us, StdErr = 0.242 us (2.30%), N = 6, StdDev = 0.593 us
Min = 9.751 us, Q1 = 10.028 us, Median = 10.708 us, Q3 = 10.985 us, Max = 11.099 us
IQR = 0.957 us, LowerFence = 8.592 us, UpperFence = 12.421 us
ConfidenceInterval = [8.860 us; 12.188 us] (CI 99.9%), Margin = 1.664 us (15.81% of Mean)
Skewness = -0.35, Kurtosis = 1.04, MValue = 2

// ** Remained 140 (94.0 %) benchmark(s) to run. Estimated finish 2026-10-04 8:26 (0h 2m from now) **
// **************************
// Benchmark: CodecSuite.Run: campaign(EvaluateOverhead=False, Clock=Armonik.Ffi.Bdn.CpuClock, IterationCount=6, IterationTime=40ms, LaunchCount=1, RunStrategy=Throughput, WarmupCount=4) [Case=incum(...)fault [54]]
// *** Execute ***
// Launch: 1 / 1
// Execute: dotnet BenchDotNet-campaign-1.dll --anonymousPipes 123 124 --benchmarkName "Armonik.Ffi.Bdn.CodecSuite.Run(Case: \"incumbent-prod|encode-transport-hot|P1.1|ascii|default\")" --job campaign --benchmarkId 9 in /home/user/ArmoniK.Api/ffi/poc/csharp/src/BenchDotNet/bin/Release/net8.0/BenchDotNet-campaign-1/bin/Release/net8.0
// BeforeAnythingElse

// Benchmark Process Environment Information:
// BenchmarkDotNet v0.15.8
// Runtime=.NET 8.0.31 (8.0.31, 8.0.3126.42015), X64 RyuJIT x86-64-v4
// GC=Concurrent Workstation
// HardwareIntrinsics=AVX512 F+BW+CD+DQ+VL,AVX2+BMI1+BMI2+F16C+FMA+LZCNT+MOVBE,AVX,SSE3+SSSE3+SSE4.1+SSE4.2+POPCNT,X86Base+SSE+SSE2,AES+PCLMUL VectorSize=256
// Job: campaign(EvaluateOverhead=False, Clock=Armonik.Ffi.Bdn.CpuClock, IterationCount=6, IterationTime=40ms, LaunchCount=1, RunStrategy=Throughput, WarmupCount=4)

OverheadJitting  1: 1 op, 262669.00 ns, 262.6690 us/op
WorkloadJitting  1: 1 op, 3474173.00 ns, 3.4742 ms/op

WorkloadPilot    1: 4 op, 80850.00 ns, 20.2125 us/op
WorkloadPilot    2: 1979 op, 10928059.00 ns, 5.5220 us/op
WorkloadPilot    3: 7244 op, 42181520.00 ns, 5.8230 us/op
WorkloadPilot    4: 6869 op, 41099134.00 ns, 5.9833 us/op
WorkloadPilot    5: 6685 op, 34660939.00 ns, 5.1849 us/op
WorkloadPilot    6: 7715 op, 39871995.00 ns, 5.1681 us/op
WorkloadPilot    7: 7740 op, 39861555.00 ns, 5.1501 us/op
WorkloadPilot    8: 7767 op, 40717416.00 ns, 5.2424 us/op

WorkloadWarmup   1: 7767 op, 43675520.00 ns, 5.6232 us/op
WorkloadWarmup   2: 7767 op, 48237738.00 ns, 6.2106 us/op
WorkloadWarmup   3: 7767 op, 40766912.00 ns, 5.2487 us/op
WorkloadWarmup   4: 7767 op, 41219155.00 ns, 5.3070 us/op

// BeforeActualRun
WorkloadActual   1: 7767 op, 40851910.00 ns, 5.2597 us/op
WorkloadActual   2: 7767 op, 42111800.00 ns, 5.4219 us/op
WorkloadActual   3: 7767 op, 39880619.00 ns, 5.1346 us/op
WorkloadActual   4: 7767 op, 43039647.00 ns, 5.5413 us/op
WorkloadActual   5: 7767 op, 39876251.00 ns, 5.1341 us/op
WorkloadActual   6: 7767 op, 40377795.00 ns, 5.1986 us/op

// AfterActualRun
WorkloadResult   1: 7767 op, 40851910.00 ns, 5.2597 us/op
WorkloadResult   2: 7767 op, 42111800.00 ns, 5.4219 us/op
WorkloadResult   3: 7767 op, 39880619.00 ns, 5.1346 us/op
WorkloadResult   4: 7767 op, 43039647.00 ns, 5.5413 us/op
WorkloadResult   5: 7767 op, 39876251.00 ns, 5.1341 us/op
WorkloadResult   6: 7767 op, 40377795.00 ns, 5.1986 us/op
// GC:  0 0 0 672 7767
// Threading:  0 0 7767

// AfterAll
// Benchmark Process 17758 has exited with code 0.

Mean = 5.282 us, StdErr = 0.068 us (1.28%), N = 6, StdDev = 0.166 us
Min = 5.134 us, Q1 = 5.151 us, Median = 5.229 us, Q3 = 5.381 us, Max = 5.541 us
IQR = 0.231 us, LowerFence = 4.805 us, UpperFence = 5.727 us
ConfidenceInterval = [4.816 us; 5.747 us] (CI 99.9%), Margin = 0.466 us (8.82% of Mean)
Skewness = 0.48, Kurtosis = 1.3, MValue = 2

// ** Remained 139 (93.3 %) benchmark(s) to run. Estimated finish 2026-10-04 8:26 (0h 2m from now) **
// **************************
// Benchmark: CodecSuite.Run: campaign(EvaluateOverhead=False, Clock=Armonik.Ffi.Bdn.CpuClock, IterationCount=6, IterationTime=40ms, LaunchCount=1, RunStrategy=Throughput, WarmupCount=4) [Case=core-(...)etain [38]]
// *** Execute ***
// Launch: 1 / 1
// Execute: dotnet BenchDotNet-campaign-1.dll --anonymousPipes 123 124 --benchmarkName "Armonik.Ffi.Bdn.CodecSuite.Run(Case: \"core-ffi|decode-read|P3.1|ascii|retain\")" --job campaign --benchmarkId 10 in /home/user/ArmoniK.Api/ffi/poc/csharp/src/BenchDotNet/bin/Release/net8.0/BenchDotNet-campaign-1/bin/Release/net8.0
// BeforeAnythingElse

// Benchmark Process Environment Information:
// BenchmarkDotNet v0.15.8
// Runtime=.NET 8.0.31 (8.0.31, 8.0.3126.42015), X64 RyuJIT x86-64-v4
// GC=Concurrent Workstation
// HardwareIntrinsics=AVX512 F+BW+CD+DQ+VL,AVX2+BMI1+BMI2+F16C+FMA+LZCNT+MOVBE,AVX,SSE3+SSSE3+SSE4.1+SSE4.2+POPCNT,X86Base+SSE+SSE2,AES+PCLMUL VectorSize=256
// Job: campaign(EvaluateOverhead=False, Clock=Armonik.Ffi.Bdn.CpuClock, IterationCount=6, IterationTime=40ms, LaunchCount=1, RunStrategy=Throughput, WarmupCount=4)

OverheadJitting  1: 1 op, 276825.00 ns, 276.8250 us/op
WorkloadJitting  1: 1 op, 4723716.00 ns, 4.7237 ms/op

WorkloadPilot    1: 4 op, 379968.00 ns, 94.9920 us/op
WorkloadPilot    2: 421 op, 30363813.00 ns, 72.1231 us/op
WorkloadPilot    3: 555 op, 30276184.00 ns, 54.5517 us/op
WorkloadPilot    4: 733 op, 36849390.00 ns, 50.2720 us/op
WorkloadPilot    5: 796 op, 39516785.00 ns, 49.6442 us/op
WorkloadPilot    6: 806 op, 46312711.00 ns, 57.4599 us/op
WorkloadPilot    7: 696 op, 49864867.00 ns, 71.6449 us/op
WorkloadPilot    8: 558 op, 27106717.00 ns, 48.5783 us/op
WorkloadPilot    9: 823 op, 40117730.00 ns, 48.7457 us/op

WorkloadWarmup   1: 823 op, 40375464.00 ns, 49.0589 us/op
WorkloadWarmup   2: 823 op, 40485670.00 ns, 49.1928 us/op
WorkloadWarmup   3: 823 op, 40076198.00 ns, 48.6953 us/op
WorkloadWarmup   4: 823 op, 39902819.00 ns, 48.4846 us/op

// BeforeActualRun
WorkloadActual   1: 823 op, 41255058.00 ns, 50.1277 us/op
WorkloadActual   2: 823 op, 41149637.00 ns, 49.9996 us/op
WorkloadActual   3: 823 op, 41583093.00 ns, 50.5262 us/op
WorkloadActual   4: 823 op, 40428726.00 ns, 49.1236 us/op
WorkloadActual   5: 823 op, 53347653.00 ns, 64.8210 us/op
WorkloadActual   6: 823 op, 40896152.00 ns, 49.6916 us/op

// AfterActualRun
WorkloadResult   1: 823 op, 41255058.00 ns, 50.1277 us/op
WorkloadResult   2: 823 op, 41149637.00 ns, 49.9996 us/op
WorkloadResult   3: 823 op, 41583093.00 ns, 50.5262 us/op
WorkloadResult   4: 823 op, 40428726.00 ns, 49.1236 us/op
WorkloadResult   5: 823 op, 40896152.00 ns, 49.6916 us/op
// GC:  2 0 0 44343240 823
// Threading:  0 0 823

// AfterAll
// Benchmark Process 17767 has exited with code 0.

Mean = 49.894 us, StdErr = 0.235 us (0.47%), N = 5, StdDev = 0.524 us
Min = 49.124 us, Q1 = 49.692 us, Median = 50.000 us, Q3 = 50.128 us, Max = 50.526 us
IQR = 0.436 us, LowerFence = 49.037 us, UpperFence = 50.782 us
ConfidenceInterval = [47.874 us; 51.913 us] (CI 99.9%), Margin = 2.019 us (4.05% of Mean)
Skewness = -0.27, Kurtosis = 1.37, MValue = 2

// ** Remained 138 (92.6 %) benchmark(s) to run. Estimated finish 2026-10-04 8:26 (0h 2m from now) **
// **************************
// Benchmark: CodecSuite.Run: campaign(EvaluateOverhead=False, Clock=Armonik.Ffi.Bdn.CpuClock, IterationCount=6, IterationTime=40ms, LaunchCount=1, RunStrategy=Throughput, WarmupCount=4) [Case=core-(...)etain [38]]
// *** Execute ***
// Launch: 1 / 1
// Execute: dotnet BenchDotNet-campaign-1.dll --anonymousPipes 123 124 --benchmarkName "Armonik.Ffi.Bdn.CodecSuite.Run(Case: \"core-ffi|decode-read|P2.4|ascii|retain\")" --job campaign --benchmarkId 11 in /home/user/ArmoniK.Api/ffi/poc/csharp/src/BenchDotNet/bin/Release/net8.0/BenchDotNet-campaign-1/bin/Release/net8.0
// BeforeAnythingElse

// Benchmark Process Environment Information:
// BenchmarkDotNet v0.15.8
// Runtime=.NET 8.0.31 (8.0.31, 8.0.3126.42015), X64 RyuJIT x86-64-v4
// GC=Concurrent Workstation
// HardwareIntrinsics=AVX512 F+BW+CD+DQ+VL,AVX2+BMI1+BMI2+F16C+FMA+LZCNT+MOVBE,AVX,SSE3+SSSE3+SSE4.1+SSE4.2+POPCNT,X86Base+SSE+SSE2,AES+PCLMUL VectorSize=256
// Job: campaign(EvaluateOverhead=False, Clock=Armonik.Ffi.Bdn.CpuClock, IterationCount=6, IterationTime=40ms, LaunchCount=1, RunStrategy=Throughput, WarmupCount=4)

OverheadJitting  1: 1 op, 248346.00 ns, 248.3460 us/op
WorkloadJitting  1: 1 op, 18519597.00 ns, 18.5196 ms/op

WorkloadPilot    1: 4 op, 16075299.00 ns, 4.0188 ms/op
WorkloadPilot    2: 10 op, 30998240.00 ns, 3.0998 ms/op
WorkloadPilot    3: 13 op, 38251254.00 ns, 2.9424 ms/op

WorkloadWarmup   1: 13 op, 41061142.00 ns, 3.1585 ms/op
WorkloadWarmup   2: 13 op, 35881186.00 ns, 2.7601 ms/op
WorkloadWarmup   3: 13 op, 36505060.00 ns, 2.8081 ms/op
WorkloadWarmup   4: 13 op, 32162706.00 ns, 2.4741 ms/op

// BeforeActualRun
WorkloadActual   1: 13 op, 42252699.00 ns, 3.2502 ms/op
WorkloadActual   2: 13 op, 40776671.00 ns, 3.1367 ms/op
WorkloadActual   3: 13 op, 39126625.00 ns, 3.0097 ms/op
WorkloadActual   4: 13 op, 36247404.00 ns, 2.7883 ms/op
WorkloadActual   5: 13 op, 35054949.00 ns, 2.6965 ms/op
WorkloadActual   6: 13 op, 34887688.00 ns, 2.6837 ms/op

// AfterActualRun
WorkloadResult   1: 13 op, 42252699.00 ns, 3.2502 ms/op
WorkloadResult   2: 13 op, 40776671.00 ns, 3.1367 ms/op
WorkloadResult   3: 13 op, 39126625.00 ns, 3.0097 ms/op
WorkloadResult   4: 13 op, 36247404.00 ns, 2.7883 ms/op
WorkloadResult   5: 13 op, 35054949.00 ns, 2.6965 ms/op
WorkloadResult   6: 13 op, 34887688.00 ns, 2.6837 ms/op
// GC:  2 1 0 42584464 13
// Threading:  0 0 13

// AfterAll
// Benchmark Process 17776 has exited with code 0.

Mean = 2.928 ms, StdErr = 0.098 ms (3.34%), N = 6, StdDev = 0.240 ms
Min = 2.684 ms, Q1 = 2.719 ms, Median = 2.899 ms, Q3 = 3.105 ms, Max = 3.250 ms
IQR = 0.385 ms, LowerFence = 2.141 ms, UpperFence = 3.683 ms
ConfidenceInterval = [2.256 ms; 3.599 ms] (CI 99.9%), Margin = 0.672 ms (22.94% of Mean)
Skewness = 0.17, Kurtosis = 0.99, MValue = 2

// ** Remained 137 (91.9 %) benchmark(s) to run. Estimated finish 2026-10-04 8:26 (0h 2m from now) **
// **************************
// Benchmark: CodecSuite.Run: campaign(EvaluateOverhead=False, Clock=Armonik.Ffi.Bdn.CpuClock, IterationCount=6, IterationTime=40ms, LaunchCount=1, RunStrategy=Throughput, WarmupCount=4) [Case=core-(...)etain [47]]
// *** Execute ***
// Launch: 1 / 1
// Execute: dotnet BenchDotNet-campaign-1.dll --anonymousPipes 123 124 --benchmarkName "Armonik.Ffi.Bdn.CodecSuite.Run(Case: \"core-ffi|encode-transport-hot|P5.2|ascii|retain\")" --job campaign --benchmarkId 12 in /home/user/ArmoniK.Api/ffi/poc/csharp/src/BenchDotNet/bin/Release/net8.0/BenchDotNet-campaign-1/bin/Release/net8.0
// BeforeAnythingElse

// Benchmark Process Environment Information:
// BenchmarkDotNet v0.15.8
// Runtime=.NET 8.0.31 (8.0.31, 8.0.3126.42015), X64 RyuJIT x86-64-v4
// GC=Concurrent Workstation
// HardwareIntrinsics=AVX512 F+BW+CD+DQ+VL,AVX2+BMI1+BMI2+F16C+FMA+LZCNT+MOVBE,AVX,SSE3+SSSE3+SSE4.1+SSE4.2+POPCNT,X86Base+SSE+SSE2,AES+PCLMUL VectorSize=256
// Job: campaign(EvaluateOverhead=False, Clock=Armonik.Ffi.Bdn.CpuClock, IterationCount=6, IterationTime=40ms, LaunchCount=1, RunStrategy=Throughput, WarmupCount=4)

OverheadJitting  1: 1 op, 366506.00 ns, 366.5060 us/op
WorkloadJitting  1: 1 op, 4330002.00 ns, 4.3300 ms/op

WorkloadPilot    1: 4 op, 46970.00 ns, 11.7425 us/op
WorkloadPilot    2: 3406 op, 11885050.00 ns, 3.4894 us/op
WorkloadPilot    3: 11463 op, 40172280.00 ns, 3.5045 us/op
WorkloadPilot    4: 11414 op, 41030532.00 ns, 3.5948 us/op
WorkloadPilot    5: 11127 op, 40093271.00 ns, 3.6032 us/op

WorkloadWarmup   1: 11127 op, 41745146.00 ns, 3.7517 us/op
WorkloadWarmup   2: 11127 op, 39276859.00 ns, 3.5299 us/op
WorkloadWarmup   3: 11127 op, 40508885.00 ns, 3.6406 us/op
WorkloadWarmup   4: 11127 op, 38587554.00 ns, 3.4679 us/op

// BeforeActualRun
WorkloadActual   1: 11127 op, 38754532.00 ns, 3.4829 us/op
WorkloadActual   2: 11127 op, 42940155.00 ns, 3.8591 us/op
WorkloadActual   3: 11127 op, 38848841.00 ns, 3.4914 us/op
WorkloadActual   4: 11127 op, 39259069.00 ns, 3.5283 us/op
WorkloadActual   5: 11127 op, 39007739.00 ns, 3.5057 us/op
WorkloadActual   6: 11127 op, 38767242.00 ns, 3.4841 us/op

// AfterActualRun
WorkloadResult   1: 11127 op, 38754532.00 ns, 3.4829 us/op
WorkloadResult   2: 11127 op, 38848841.00 ns, 3.4914 us/op
WorkloadResult   3: 11127 op, 39259069.00 ns, 3.5283 us/op
WorkloadResult   4: 11127 op, 39007739.00 ns, 3.5057 us/op
WorkloadResult   5: 11127 op, 38767242.00 ns, 3.4841 us/op
// GC:  0 0 0 672 11127
// Threading:  0 0 11127

// AfterAll
// Benchmark Process 17785 has exited with code 0.

Mean = 3.498 us, StdErr = 0.008 us (0.24%), N = 5, StdDev = 0.019 us
Min = 3.483 us, Q1 = 3.484 us, Median = 3.491 us, Q3 = 3.506 us, Max = 3.528 us
IQR = 0.022 us, LowerFence = 3.452 us, UpperFence = 3.538 us
ConfidenceInterval = [3.425 us; 3.572 us] (CI 99.9%), Margin = 0.073 us (2.09% of Mean)
Skewness = 0.58, Kurtosis = 1.38, MValue = 2

// ** Remained 136 (91.3 %) benchmark(s) to run. Estimated finish 2026-10-04 8:26 (0h 2m from now) **
// **************************
// Benchmark: CodecSuite.Run: campaign(EvaluateOverhead=False, Clock=Armonik.Ffi.Bdn.CpuClock, IterationCount=6, IterationTime=40ms, LaunchCount=1, RunStrategy=Throughput, WarmupCount=4) [Case=host-(...)etain [47]]
// *** Execute ***
// Launch: 1 / 1
// Execute: dotnet BenchDotNet-campaign-1.dll --anonymousPipes 123 124 --benchmarkName "Armonik.Ffi.Bdn.CodecSuite.Run(Case: \"host-gen|encode-transport-hot|P3.1|ascii|retain\")" --job campaign --benchmarkId 13 in /home/user/ArmoniK.Api/ffi/poc/csharp/src/BenchDotNet/bin/Release/net8.0/BenchDotNet-campaign-1/bin/Release/net8.0
// BeforeAnythingElse

// Benchmark Process Environment Information:
// BenchmarkDotNet v0.15.8
// Runtime=.NET 8.0.31 (8.0.31, 8.0.3126.42015), X64 RyuJIT x86-64-v4
// GC=Concurrent Workstation
// HardwareIntrinsics=AVX512 F+BW+CD+DQ+VL,AVX2+BMI1+BMI2+F16C+FMA+LZCNT+MOVBE,AVX,SSE3+SSSE3+SSE4.1+SSE4.2+POPCNT,X86Base+SSE+SSE2,AES+PCLMUL VectorSize=256
// Job: campaign(EvaluateOverhead=False, Clock=Armonik.Ffi.Bdn.CpuClock, IterationCount=6, IterationTime=40ms, LaunchCount=1, RunStrategy=Throughput, WarmupCount=4)

OverheadJitting  1: 1 op, 280280.00 ns, 280.2800 us/op
WorkloadJitting  1: 1 op, 5269025.00 ns, 5.2690 ms/op

WorkloadPilot    1: 4 op, 268794.00 ns, 67.1985 us/op
WorkloadPilot    2: 595 op, 37262895.00 ns, 62.6267 us/op
WorkloadPilot    3: 639 op, 41101720.00 ns, 64.3219 us/op
WorkloadPilot    4: 622 op, 41837601.00 ns, 67.2630 us/op
WorkloadPilot    5: 595 op, 35483313.00 ns, 59.6358 us/op
WorkloadPilot    6: 671 op, 42857056.00 ns, 63.8704 us/op

WorkloadWarmup   1: 671 op, 41249340.00 ns, 61.4744 us/op
WorkloadWarmup   2: 671 op, 43748642.00 ns, 65.1992 us/op
WorkloadWarmup   3: 671 op, 38610392.00 ns, 57.5416 us/op
WorkloadWarmup   4: 671 op, 49962755.00 ns, 74.4601 us/op

// BeforeActualRun
WorkloadActual   1: 671 op, 64511796.00 ns, 96.1428 us/op
WorkloadActual   2: 671 op, 40859166.00 ns, 60.8929 us/op
WorkloadActual   3: 671 op, 42823793.00 ns, 63.8209 us/op
WorkloadActual   4: 671 op, 38210176.00 ns, 56.9451 us/op
WorkloadActual   5: 671 op, 42517219.00 ns, 63.3640 us/op
WorkloadActual   6: 671 op, 39412584.00 ns, 58.7371 us/op

// AfterActualRun
WorkloadResult   1: 671 op, 40859166.00 ns, 60.8929 us/op
WorkloadResult   2: 671 op, 42823793.00 ns, 63.8209 us/op
WorkloadResult   3: 671 op, 38210176.00 ns, 56.9451 us/op
WorkloadResult   4: 671 op, 42517219.00 ns, 63.3640 us/op
WorkloadResult   5: 671 op, 39412584.00 ns, 58.7371 us/op
// GC:  0 0 0 0 671
// Threading:  0 0 671

// AfterAll
// Benchmark Process 17828 has exited with code 0.

Mean = 60.752 us, StdErr = 1.319 us (2.17%), N = 5, StdDev = 2.950 us
Min = 56.945 us, Q1 = 58.737 us, Median = 60.893 us, Q3 = 63.364 us, Max = 63.821 us
IQR = 4.627 us, LowerFence = 51.797 us, UpperFence = 70.304 us
ConfidenceInterval = [49.392 us; 72.112 us] (CI 99.9%), Margin = 11.360 us (18.70% of Mean)
Skewness = -0.13, Kurtosis = 0.96, MValue = 2

// ** Remained 135 (90.6 %) benchmark(s) to run. Estimated finish 2026-10-04 8:26 (0h 2m from now) **
// **************************
// Benchmark: CodecSuite.Run: campaign(EvaluateOverhead=False, Clock=Armonik.Ffi.Bdn.CpuClock, IterationCount=6, IterationTime=40ms, LaunchCount=1, RunStrategy=Throughput, WarmupCount=4) [Case=host-(...)etain [47]]
// *** Execute ***
// Launch: 1 / 1
// Execute: dotnet BenchDotNet-campaign-1.dll --anonymousPipes 123 124 --benchmarkName "Armonik.Ffi.Bdn.CodecSuite.Run(Case: \"host-gen|encode-transport-hot|P2.4|ascii|retain\")" --job campaign --benchmarkId 14 in /home/user/ArmoniK.Api/ffi/poc/csharp/src/BenchDotNet/bin/Release/net8.0/BenchDotNet-campaign-1/bin/Release/net8.0
// BeforeAnythingElse

// Benchmark Process Environment Information:
// BenchmarkDotNet v0.15.8
// Runtime=.NET 8.0.31 (8.0.31, 8.0.3126.42015), X64 RyuJIT x86-64-v4
// GC=Concurrent Workstation
// HardwareIntrinsics=AVX512 F+BW+CD+DQ+VL,AVX2+BMI1+BMI2+F16C+FMA+LZCNT+MOVBE,AVX,SSE3+SSSE3+SSE4.1+SSE4.2+POPCNT,X86Base+SSE+SSE2,AES+PCLMUL VectorSize=256
// Job: campaign(EvaluateOverhead=False, Clock=Armonik.Ffi.Bdn.CpuClock, IterationCount=6, IterationTime=40ms, LaunchCount=1, RunStrategy=Throughput, WarmupCount=4)

OverheadJitting  1: 1 op, 276191.00 ns, 276.1910 us/op
WorkloadJitting  1: 1 op, 11579847.00 ns, 11.5798 ms/op

WorkloadPilot    1: 4 op, 14796232.00 ns, 3.6991 ms/op
WorkloadPilot    2: 11 op, 24954233.00 ns, 2.2686 ms/op
WorkloadPilot    3: 18 op, 46669140.00 ns, 2.5927 ms/op
WorkloadPilot    4: 15 op, 32929742.00 ns, 2.1953 ms/op
WorkloadPilot    5: 18 op, 42980230.00 ns, 2.3878 ms/op

WorkloadWarmup   1: 18 op, 54020937.00 ns, 3.0012 ms/op
WorkloadWarmup   2: 18 op, 56380744.00 ns, 3.1323 ms/op
WorkloadWarmup   3: 18 op, 48437349.00 ns, 2.6910 ms/op
WorkloadWarmup   4: 18 op, 45312011.00 ns, 2.5173 ms/op

// BeforeActualRun
WorkloadActual   1: 18 op, 52850475.00 ns, 2.9361 ms/op
WorkloadActual   2: 18 op, 41681133.00 ns, 2.3156 ms/op
WorkloadActual   3: 18 op, 40881997.00 ns, 2.2712 ms/op
WorkloadActual   4: 18 op, 35994321.00 ns, 1.9997 ms/op
WorkloadActual   5: 18 op, 41775766.00 ns, 2.3209 ms/op
WorkloadActual   6: 18 op, 39633519.00 ns, 2.2019 ms/op

// AfterActualRun
WorkloadResult   1: 18 op, 41681133.00 ns, 2.3156 ms/op
WorkloadResult   2: 18 op, 40881997.00 ns, 2.2712 ms/op
WorkloadResult   3: 18 op, 35994321.00 ns, 1.9997 ms/op
WorkloadResult   4: 18 op, 41775766.00 ns, 2.3209 ms/op
WorkloadResult   5: 18 op, 39633519.00 ns, 2.2019 ms/op
// GC:  0 0 0 184320 18
// Threading:  0 0 18

// AfterAll
// Benchmark Process 17837 has exited with code 0.

Mean = 2.222 ms, StdErr = 0.059 ms (2.68%), N = 5, StdDev = 0.133 ms
Min = 2.000 ms, Q1 = 2.202 ms, Median = 2.271 ms, Q3 = 2.316 ms, Max = 2.321 ms
IQR = 0.114 ms, LowerFence = 2.031 ms, UpperFence = 2.486 ms
ConfidenceInterval = [1.710 ms; 2.734 ms] (CI 99.9%), Margin = 0.512 ms (23.06% of Mean)
Skewness = -0.77, Kurtosis = 1.67, MValue = 2

// ** Remained 134 (89.9 %) benchmark(s) to run. Estimated finish 2026-10-04 8:26 (0h 2m from now) **
// **************************
// Benchmark: CodecSuite.Run: campaign(EvaluateOverhead=False, Clock=Armonik.Ffi.Bdn.CpuClock, IterationCount=6, IterationTime=40ms, LaunchCount=1, RunStrategy=Throughput, WarmupCount=4) [Case=host-(...)etain [47]]
// *** Execute ***
// Launch: 1 / 1
// Execute: dotnet BenchDotNet-campaign-1.dll --anonymousPipes 123 124 --benchmarkName "Armonik.Ffi.Bdn.CodecSuite.Run(Case: \"host-gen|encode-transport-hot|P5.2|ascii|retain\")" --job campaign --benchmarkId 15 in /home/user/ArmoniK.Api/ffi/poc/csharp/src/BenchDotNet/bin/Release/net8.0/BenchDotNet-campaign-1/bin/Release/net8.0
// BeforeAnythingElse

// Benchmark Process Environment Information:
// BenchmarkDotNet v0.15.8
// Runtime=.NET 8.0.31 (8.0.31, 8.0.3126.42015), X64 RyuJIT x86-64-v4
// GC=Concurrent Workstation
// HardwareIntrinsics=AVX512 F+BW+CD+DQ+VL,AVX2+BMI1+BMI2+F16C+FMA+LZCNT+MOVBE,AVX,SSE3+SSSE3+SSE4.1+SSE4.2+POPCNT,X86Base+SSE+SSE2,AES+PCLMUL VectorSize=256
// Job: campaign(EvaluateOverhead=False, Clock=Armonik.Ffi.Bdn.CpuClock, IterationCount=6, IterationTime=40ms, LaunchCount=1, RunStrategy=Throughput, WarmupCount=4)

OverheadJitting  1: 1 op, 239597.00 ns, 239.5970 us/op
WorkloadJitting  1: 1 op, 4724804.00 ns, 4.7248 ms/op

WorkloadPilot    1: 4 op, 48135.00 ns, 12.0338 us/op
WorkloadPilot    2: 3324 op, 13360142.00 ns, 4.0193 us/op
WorkloadPilot    3: 9952 op, 40983305.00 ns, 4.1181 us/op
WorkloadPilot    4: 9713 op, 39374960.00 ns, 4.0538 us/op
WorkloadPilot    5: 9867 op, 40242724.00 ns, 4.0785 us/op
WorkloadPilot    6: 9807 op, 40034088.00 ns, 4.0822 us/op

WorkloadWarmup   1: 9807 op, 40532889.00 ns, 4.1331 us/op
WorkloadWarmup   2: 9807 op, 43337664.00 ns, 4.4191 us/op
WorkloadWarmup   3: 9807 op, 42028096.00 ns, 4.2855 us/op
WorkloadWarmup   4: 9807 op, 41113452.00 ns, 4.1923 us/op

// BeforeActualRun
WorkloadActual   1: 9807 op, 41558165.00 ns, 4.2376 us/op
WorkloadActual   2: 9807 op, 41478374.00 ns, 4.2295 us/op
WorkloadActual   3: 9807 op, 55555545.00 ns, 5.6649 us/op
WorkloadActual   4: 9807 op, 39492028.00 ns, 4.0269 us/op
WorkloadActual   5: 9807 op, 40115530.00 ns, 4.0905 us/op
WorkloadActual   6: 9807 op, 39710180.00 ns, 4.0492 us/op

// AfterActualRun
WorkloadResult   1: 9807 op, 41558165.00 ns, 4.2376 us/op
WorkloadResult   2: 9807 op, 41478374.00 ns, 4.2295 us/op
WorkloadResult   3: 9807 op, 39492028.00 ns, 4.0269 us/op
WorkloadResult   4: 9807 op, 40115530.00 ns, 4.0905 us/op
WorkloadResult   5: 9807 op, 39710180.00 ns, 4.0492 us/op
// GC:  0 0 0 0 9807
// Threading:  0 0 9807

// AfterAll
// Benchmark Process 17846 has exited with code 0.

Mean = 4.127 us, StdErr = 0.045 us (1.09%), N = 5, StdDev = 0.100 us
Min = 4.027 us, Q1 = 4.049 us, Median = 4.090 us, Q3 = 4.229 us, Max = 4.238 us
IQR = 0.180 us, LowerFence = 3.779 us, UpperFence = 4.500 us
ConfidenceInterval = [3.741 us; 4.512 us] (CI 99.9%), Margin = 0.386 us (9.35% of Mean)
Skewness = 0.19, Kurtosis = 0.79, MValue = 2

// ** Remained 133 (89.3 %) benchmark(s) to run. Estimated finish 2026-10-04 8:26 (0h 2m from now) **
// **************************
// Benchmark: CodecSuite.Run: campaign(EvaluateOverhead=False, Clock=Armonik.Ffi.Bdn.CpuClock, IterationCount=6, IterationTime=40ms, LaunchCount=1, RunStrategy=Throughput, WarmupCount=4) [Case=incum(...)fault [45]]
// *** Execute ***
// Launch: 1 / 1
// Execute: dotnet BenchDotNet-campaign-1.dll --anonymousPipes 123 124 --benchmarkName "Armonik.Ffi.Bdn.CodecSuite.Run(Case: \"incumbent-prod|decode-read|P2.3|ascii|default\")" --job campaign --benchmarkId 16 in /home/user/ArmoniK.Api/ffi/poc/csharp/src/BenchDotNet/bin/Release/net8.0/BenchDotNet-campaign-1/bin/Release/net8.0
// BeforeAnythingElse

// Benchmark Process Environment Information:
// BenchmarkDotNet v0.15.8
// Runtime=.NET 8.0.31 (8.0.31, 8.0.3126.42015), X64 RyuJIT x86-64-v4
// GC=Concurrent Workstation
// HardwareIntrinsics=AVX512 F+BW+CD+DQ+VL,AVX2+BMI1+BMI2+F16C+FMA+LZCNT+MOVBE,AVX,SSE3+SSSE3+SSE4.1+SSE4.2+POPCNT,X86Base+SSE+SSE2,AES+PCLMUL VectorSize=256
// Job: campaign(EvaluateOverhead=False, Clock=Armonik.Ffi.Bdn.CpuClock, IterationCount=6, IterationTime=40ms, LaunchCount=1, RunStrategy=Throughput, WarmupCount=4)

OverheadJitting  1: 1 op, 516633.00 ns, 516.6330 us/op
WorkloadJitting  1: 1 op, 13319635.00 ns, 13.3196 ms/op

WorkloadPilot    1: 4 op, 16314152.00 ns, 4.0785 ms/op
WorkloadPilot    2: 10 op, 41762847.00 ns, 4.1763 ms/op

WorkloadWarmup   1: 10 op, 36961789.00 ns, 3.6962 ms/op
WorkloadWarmup   2: 10 op, 35289309.00 ns, 3.5289 ms/op
WorkloadWarmup   3: 10 op, 35326600.00 ns, 3.5327 ms/op
WorkloadWarmup   4: 10 op, 35040230.00 ns, 3.5040 ms/op

// BeforeActualRun
WorkloadActual   1: 10 op, 36107424.00 ns, 3.6107 ms/op
WorkloadActual   2: 10 op, 49045543.00 ns, 4.9046 ms/op
WorkloadActual   3: 10 op, 37831535.00 ns, 3.7832 ms/op
WorkloadActual   4: 10 op, 35734114.00 ns, 3.5734 ms/op
WorkloadActual   5: 10 op, 36459870.00 ns, 3.6460 ms/op
WorkloadActual   6: 10 op, 35404200.00 ns, 3.5404 ms/op

// AfterActualRun
WorkloadResult   1: 10 op, 36107424.00 ns, 3.6107 ms/op
WorkloadResult   2: 10 op, 37831535.00 ns, 3.7832 ms/op
WorkloadResult   3: 10 op, 35734114.00 ns, 3.5734 ms/op
WorkloadResult   4: 10 op, 36459870.00 ns, 3.6460 ms/op
WorkloadResult   5: 10 op, 35404200.00 ns, 3.5404 ms/op
// GC:  1 0 0 20981040 10
// Threading:  0 0 10

// AfterAll
// Benchmark Process 17855 has exited with code 0.

Mean = 3.631 ms, StdErr = 0.042 ms (1.16%), N = 5, StdDev = 0.094 ms
Min = 3.540 ms, Q1 = 3.573 ms, Median = 3.611 ms, Q3 = 3.646 ms, Max = 3.783 ms
IQR = 0.073 ms, LowerFence = 3.465 ms, UpperFence = 3.755 ms
ConfidenceInterval = [3.269 ms; 3.993 ms] (CI 99.9%), Margin = 0.362 ms (9.96% of Mean)
Skewness = 0.63, Kurtosis = 1.58, MValue = 2

// ** Remained 132 (88.6 %) benchmark(s) to run. Estimated finish 2026-10-04 8:26 (0h 2m from now) **
// **************************
// Benchmark: CodecSuite.Run: campaign(EvaluateOverhead=False, Clock=Armonik.Ffi.Bdn.CpuClock, IterationCount=6, IterationTime=40ms, LaunchCount=1, RunStrategy=Throughput, WarmupCount=4) [Case=host-(...)etain [38]]
// *** Execute ***
// Launch: 1 / 1
// Execute: dotnet BenchDotNet-campaign-1.dll --anonymousPipes 123 124 --benchmarkName "Armonik.Ffi.Bdn.CodecSuite.Run(Case: \"host-gen|decode-read|P7.1|ascii|retain\")" --job campaign --benchmarkId 17 in /home/user/ArmoniK.Api/ffi/poc/csharp/src/BenchDotNet/bin/Release/net8.0/BenchDotNet-campaign-1/bin/Release/net8.0
// BeforeAnythingElse

// Benchmark Process Environment Information:
// BenchmarkDotNet v0.15.8
// Runtime=.NET 8.0.31 (8.0.31, 8.0.3126.42015), X64 RyuJIT x86-64-v4
// GC=Concurrent Workstation
// HardwareIntrinsics=AVX512 F+BW+CD+DQ+VL,AVX2+BMI1+BMI2+F16C+FMA+LZCNT+MOVBE,AVX,SSE3+SSSE3+SSE4.1+SSE4.2+POPCNT,X86Base+SSE+SSE2,AES+PCLMUL VectorSize=256
// Job: campaign(EvaluateOverhead=False, Clock=Armonik.Ffi.Bdn.CpuClock, IterationCount=6, IterationTime=40ms, LaunchCount=1, RunStrategy=Throughput, WarmupCount=4)

OverheadJitting  1: 1 op, 259718.00 ns, 259.7180 us/op
WorkloadJitting  1: 1 op, 1828566.00 ns, 1.8286 ms/op

OverheadJitting  2: 16 op, 469728.00 ns, 29.3580 us/op
WorkloadJitting  2: 16 op, 524233.00 ns, 32.7646 us/op

WorkloadPilot    1: 16 op, 62147.00 ns, 3.8842 us/op
WorkloadPilot    2: 10304 op, 21769455.00 ns, 2.1127 us/op
WorkloadPilot    3: 18944 op, 37959634.00 ns, 2.0038 us/op
WorkloadPilot    4: 19968 op, 31072889.00 ns, 1.5561 us/op
WorkloadPilot    5: 25712 op, 45180874.00 ns, 1.7572 us/op
WorkloadPilot    6: 22768 op, 37173442.00 ns, 1.6327 us/op
WorkloadPilot    7: 24512 op, 33788360.00 ns, 1.3784 us/op
WorkloadPilot    8: 29024 op, 44858854.00 ns, 1.5456 us/op
WorkloadPilot    9: 25888 op, 35979386.00 ns, 1.3898 us/op
WorkloadPilot   10: 28784 op, 41565808.00 ns, 1.4441 us/op

WorkloadWarmup   1: 28784 op, 39713623.00 ns, 1.3797 us/op
WorkloadWarmup   2: 28784 op, 43441539.00 ns, 1.5092 us/op
WorkloadWarmup   3: 28784 op, 39731803.00 ns, 1.3803 us/op
WorkloadWarmup   4: 28784 op, 43943540.00 ns, 1.5267 us/op

// BeforeActualRun
WorkloadActual   1: 28784 op, 39544501.00 ns, 1.3738 us/op
WorkloadActual   2: 28784 op, 42475565.00 ns, 1.4757 us/op
WorkloadActual   3: 28784 op, 51980067.00 ns, 1.8059 us/op
WorkloadActual   4: 28784 op, 41113705.00 ns, 1.4284 us/op
WorkloadActual   5: 28784 op, 40707128.00 ns, 1.4142 us/op
WorkloadActual   6: 28784 op, 42716879.00 ns, 1.4840 us/op

// AfterActualRun
WorkloadResult   1: 28784 op, 39544501.00 ns, 1.3738 us/op
WorkloadResult   2: 28784 op, 42475565.00 ns, 1.4757 us/op
WorkloadResult   3: 28784 op, 41113705.00 ns, 1.4284 us/op
WorkloadResult   4: 28784 op, 40707128.00 ns, 1.4142 us/op
WorkloadResult   5: 28784 op, 42716879.00 ns, 1.4840 us/op
// GC:  1 0 0 20494208 28784
// Threading:  0 0 28784

// AfterAll
// Benchmark Process 17867 has exited with code 0.

Mean = 1.435 us, StdErr = 0.020 us (1.42%), N = 5, StdDev = 0.045 us
Min = 1.374 us, Q1 = 1.414 us, Median = 1.428 us, Q3 = 1.476 us, Max = 1.484 us
IQR = 0.061 us, LowerFence = 1.322 us, UpperFence = 1.568 us
ConfidenceInterval = [1.260 us; 1.610 us] (CI 99.9%), Margin = 0.175 us (12.20% of Mean)
Skewness = -0.12, Kurtosis = 1.06, MValue = 2

// ** Remained 131 (87.9 %) benchmark(s) to run. Estimated finish 2026-10-04 8:26 (0h 2m from now) **
// **************************
// Benchmark: CodecSuite.Run: campaign(EvaluateOverhead=False, Clock=Armonik.Ffi.Bdn.CpuClock, IterationCount=6, IterationTime=40ms, LaunchCount=1, RunStrategy=Throughput, WarmupCount=4) [Case=core-(...)etain [38]]
// *** Execute ***
// Launch: 1 / 1
// Execute: dotnet BenchDotNet-campaign-1.dll --anonymousPipes 123 124 --benchmarkName "Armonik.Ffi.Bdn.CodecSuite.Run(Case: \"core-ffi|decode-read|P2.3|ascii|retain\")" --job campaign --benchmarkId 18 in /home/user/ArmoniK.Api/ffi/poc/csharp/src/BenchDotNet/bin/Release/net8.0/BenchDotNet-campaign-1/bin/Release/net8.0
// BeforeAnythingElse

// Benchmark Process Environment Information:
// BenchmarkDotNet v0.15.8
// Runtime=.NET 8.0.31 (8.0.31, 8.0.3126.42015), X64 RyuJIT x86-64-v4
// GC=Concurrent Workstation
// HardwareIntrinsics=AVX512 F+BW+CD+DQ+VL,AVX2+BMI1+BMI2+F16C+FMA+LZCNT+MOVBE,AVX,SSE3+SSSE3+SSE4.1+SSE4.2+POPCNT,X86Base+SSE+SSE2,AES+PCLMUL VectorSize=256
// Job: campaign(EvaluateOverhead=False, Clock=Armonik.Ffi.Bdn.CpuClock, IterationCount=6, IterationTime=40ms, LaunchCount=1, RunStrategy=Throughput, WarmupCount=4)

OverheadJitting  1: 1 op, 258093.00 ns, 258.0930 us/op
WorkloadJitting  1: 1 op, 14372797.00 ns, 14.3728 ms/op

WorkloadPilot    1: 4 op, 10024079.00 ns, 2.5060 ms/op
WorkloadPilot    2: 16 op, 61419760.00 ns, 3.8387 ms/op
WorkloadPilot    3: 10 op, 24743422.00 ns, 2.4743 ms/op
WorkloadPilot    4: 16 op, 30695730.00 ns, 1.9185 ms/op
WorkloadPilot    5: 21 op, 47852869.00 ns, 2.2787 ms/op
WorkloadPilot    6: 18 op, 42552141.00 ns, 2.3640 ms/op

WorkloadWarmup   1: 18 op, 42430854.00 ns, 2.3573 ms/op
WorkloadWarmup   2: 18 op, 38551835.00 ns, 2.1418 ms/op
WorkloadWarmup   3: 18 op, 39653121.00 ns, 2.2030 ms/op
WorkloadWarmup   4: 18 op, 38092958.00 ns, 2.1163 ms/op

// BeforeActualRun
WorkloadActual   1: 18 op, 45165920.00 ns, 2.5092 ms/op
WorkloadActual   2: 18 op, 38902523.00 ns, 2.1613 ms/op
WorkloadActual   3: 18 op, 61353300.00 ns, 3.4085 ms/op
WorkloadActual   4: 18 op, 38912319.00 ns, 2.1618 ms/op
WorkloadActual   5: 18 op, 36364257.00 ns, 2.0202 ms/op
WorkloadActual   6: 18 op, 39607562.00 ns, 2.2004 ms/op

// AfterActualRun
WorkloadResult   1: 18 op, 45165920.00 ns, 2.5092 ms/op
WorkloadResult   2: 18 op, 38902523.00 ns, 2.1613 ms/op
WorkloadResult   3: 18 op, 38912319.00 ns, 2.1618 ms/op
WorkloadResult   4: 18 op, 36364257.00 ns, 2.0202 ms/op
WorkloadResult   5: 18 op, 39607562.00 ns, 2.2004 ms/op
// GC:  2 1 0 37820880 18
// Threading:  0 0 18

// AfterAll
// Benchmark Process 17909 has exited with code 0.

Mean = 2.211 ms, StdErr = 0.081 ms (3.65%), N = 5, StdDev = 0.181 ms
Min = 2.020 ms, Q1 = 2.161 ms, Median = 2.162 ms, Q3 = 2.200 ms, Max = 2.509 ms
IQR = 0.039 ms, LowerFence = 2.102 ms, UpperFence = 2.259 ms
ConfidenceInterval = [1.516 ms; 2.906 ms] (CI 99.9%), Margin = 0.695 ms (31.44% of Mean)
Skewness = 0.66, Kurtosis = 1.75, MValue = 2

// ** Remained 130 (87.2 %) benchmark(s) to run. Estimated finish 2026-10-04 8:26 (0h 2m from now) **
// **************************
// Benchmark: CodecSuite.Run: campaign(EvaluateOverhead=False, Clock=Armonik.Ffi.Bdn.CpuClock, IterationCount=6, IterationTime=40ms, LaunchCount=1, RunStrategy=Throughput, WarmupCount=4) [Case=host-(...)etain [47]]
// *** Execute ***
// Launch: 1 / 1
// Execute: dotnet BenchDotNet-campaign-1.dll --anonymousPipes 123 124 --benchmarkName "Armonik.Ffi.Bdn.CodecSuite.Run(Case: \"host-gen|encode-transport-hot|P1.2|ascii|retain\")" --job campaign --benchmarkId 19 in /home/user/ArmoniK.Api/ffi/poc/csharp/src/BenchDotNet/bin/Release/net8.0/BenchDotNet-campaign-1/bin/Release/net8.0
// BeforeAnythingElse

// Benchmark Process Environment Information:
// BenchmarkDotNet v0.15.8
// Runtime=.NET 8.0.31 (8.0.31, 8.0.3126.42015), X64 RyuJIT x86-64-v4
// GC=Concurrent Workstation
// HardwareIntrinsics=AVX512 F+BW+CD+DQ+VL,AVX2+BMI1+BMI2+F16C+FMA+LZCNT+MOVBE,AVX,SSE3+SSSE3+SSE4.1+SSE4.2+POPCNT,X86Base+SSE+SSE2,AES+PCLMUL VectorSize=256
// Job: campaign(EvaluateOverhead=False, Clock=Armonik.Ffi.Bdn.CpuClock, IterationCount=6, IterationTime=40ms, LaunchCount=1, RunStrategy=Throughput, WarmupCount=4)

OverheadJitting  1: 1 op, 275648.00 ns, 275.6480 us/op
WorkloadJitting  1: 1 op, 6757224.00 ns, 6.7572 ms/op

WorkloadPilot    1: 4 op, 4304082.00 ns, 1.0760 ms/op
WorkloadPilot    2: 37 op, 36124249.00 ns, 976.3311 us/op
WorkloadPilot    3: 41 op, 35907533.00 ns, 875.7935 us/op
WorkloadPilot    4: 46 op, 36763413.00 ns, 799.2046 us/op
WorkloadPilot    5: 50 op, 42694123.00 ns, 853.8825 us/op
WorkloadPilot    6: 47 op, 46345713.00 ns, 986.0790 us/op
WorkloadPilot    7: 41 op, 36427484.00 ns, 888.4752 us/op
WorkloadPilot    8: 45 op, 37020249.00 ns, 822.6722 us/op
WorkloadPilot    9: 49 op, 51819764.00 ns, 1.0575 ms/op

WorkloadWarmup   1: 49 op, 41729958.00 ns, 851.6318 us/op
WorkloadWarmup   2: 49 op, 40889497.00 ns, 834.4795 us/op
WorkloadWarmup   3: 49 op, 40266147.00 ns, 821.7581 us/op
WorkloadWarmup   4: 49 op, 41135172.00 ns, 839.4933 us/op

// BeforeActualRun
WorkloadActual   1: 49 op, 49195316.00 ns, 1.0040 ms/op
WorkloadActual   2: 49 op, 39751172.00 ns, 811.2484 us/op
WorkloadActual   3: 49 op, 38971645.00 ns, 795.3397 us/op
WorkloadActual   4: 49 op, 39985222.00 ns, 816.0249 us/op
WorkloadActual   5: 49 op, 38995913.00 ns, 795.8350 us/op
WorkloadActual   6: 49 op, 39664056.00 ns, 809.4705 us/op

// AfterActualRun
WorkloadResult   1: 49 op, 39751172.00 ns, 811.2484 us/op
WorkloadResult   2: 49 op, 38971645.00 ns, 795.3397 us/op
WorkloadResult   3: 49 op, 39985222.00 ns, 816.0249 us/op
WorkloadResult   4: 49 op, 38995913.00 ns, 795.8350 us/op
WorkloadResult   5: 49 op, 39664056.00 ns, 809.4705 us/op
// GC:  0 0 0 0 49
// Threading:  0 0 49

// AfterAll
// Benchmark Process 17918 has exited with code 0.

Mean = 805.584 us, StdErr = 4.220 us (0.52%), N = 5, StdDev = 9.437 us
Min = 795.340 us, Q1 = 795.835 us, Median = 809.471 us, Q3 = 811.248 us, Max = 816.025 us
IQR = 15.413 us, LowerFence = 772.715 us, UpperFence = 834.369 us
ConfidenceInterval = [769.247 us; 841.920 us] (CI 99.9%), Margin = 36.337 us (4.51% of Mean)
Skewness = -0.15, Kurtosis = 0.84, MValue = 2

// ** Remained 129 (86.6 %) benchmark(s) to run. Estimated finish 2026-10-04 8:26 (0h 2m from now) **
// **************************
// Benchmark: CodecSuite.Run: campaign(EvaluateOverhead=False, Clock=Armonik.Ffi.Bdn.CpuClock, IterationCount=6, IterationTime=40ms, LaunchCount=1, RunStrategy=Throughput, WarmupCount=4) [Case=core-(...)etain [47]]
// *** Execute ***
// Launch: 1 / 1
// Execute: dotnet BenchDotNet-campaign-1.dll --anonymousPipes 123 124 --benchmarkName "Armonik.Ffi.Bdn.CodecSuite.Run(Case: \"core-ffi|encode-transport-hot|P2.4|ascii|retain\")" --job campaign --benchmarkId 20 in /home/user/ArmoniK.Api/ffi/poc/csharp/src/BenchDotNet/bin/Release/net8.0/BenchDotNet-campaign-1/bin/Release/net8.0
// BeforeAnythingElse

// Benchmark Process Environment Information:
// BenchmarkDotNet v0.15.8
// Runtime=.NET 8.0.31 (8.0.31, 8.0.3126.42015), X64 RyuJIT x86-64-v4
// GC=Concurrent Workstation
// HardwareIntrinsics=AVX512 F+BW+CD+DQ+VL,AVX2+BMI1+BMI2+F16C+FMA+LZCNT+MOVBE,AVX,SSE3+SSSE3+SSE4.1+SSE4.2+POPCNT,X86Base+SSE+SSE2,AES+PCLMUL VectorSize=256
// Job: campaign(EvaluateOverhead=False, Clock=Armonik.Ffi.Bdn.CpuClock, IterationCount=6, IterationTime=40ms, LaunchCount=1, RunStrategy=Throughput, WarmupCount=4)

OverheadJitting  1: 1 op, 267970.00 ns, 267.9700 us/op
WorkloadJitting  1: 1 op, 12493967.00 ns, 12.4940 ms/op

WorkloadPilot    1: 4 op, 15306767.00 ns, 3.8267 ms/op
WorkloadPilot    2: 10 op, 19276425.00 ns, 1.9276 ms/op
WorkloadPilot    3: 21 op, 40268062.00 ns, 1.9175 ms/op

WorkloadWarmup   1: 21 op, 40224469.00 ns, 1.9155 ms/op
WorkloadWarmup   2: 21 op, 40378055.00 ns, 1.9228 ms/op
WorkloadWarmup   3: 21 op, 40259500.00 ns, 1.9171 ms/op
WorkloadWarmup   4: 21 op, 39767881.00 ns, 1.8937 ms/op

// BeforeActualRun
WorkloadActual   1: 21 op, 39729727.00 ns, 1.8919 ms/op
WorkloadActual   2: 21 op, 40905720.00 ns, 1.9479 ms/op
WorkloadActual   3: 21 op, 39994388.00 ns, 1.9045 ms/op
WorkloadActual   4: 21 op, 41889207.00 ns, 1.9947 ms/op
WorkloadActual   5: 21 op, 44096132.00 ns, 2.0998 ms/op
WorkloadActual   6: 21 op, 46130849.00 ns, 2.1967 ms/op

// AfterActualRun
WorkloadResult   1: 21 op, 39729727.00 ns, 1.8919 ms/op
WorkloadResult   2: 21 op, 40905720.00 ns, 1.9479 ms/op
WorkloadResult   3: 21 op, 39994388.00 ns, 1.9045 ms/op
WorkloadResult   4: 21 op, 41889207.00 ns, 1.9947 ms/op
WorkloadResult   5: 21 op, 44096132.00 ns, 2.0998 ms/op
WorkloadResult   6: 21 op, 46130849.00 ns, 2.1967 ms/op
// GC:  0 0 0 672 21
// Threading:  0 0 21

// AfterAll
// Benchmark Process 17927 has exited with code 0.

Mean = 2.006 ms, StdErr = 0.049 ms (2.44%), N = 6, StdDev = 0.120 ms
Min = 1.892 ms, Q1 = 1.915 ms, Median = 1.971 ms, Q3 = 2.074 ms, Max = 2.197 ms
IQR = 0.158 ms, LowerFence = 1.678 ms, UpperFence = 2.311 ms
ConfidenceInterval = [1.669 ms; 2.342 ms] (CI 99.9%), Margin = 0.336 ms (16.78% of Mean)
Skewness = 0.49, Kurtosis = 1.36, MValue = 2

// ** Remained 128 (85.9 %) benchmark(s) to run. Estimated finish 2026-10-04 8:26 (0h 2m from now) **
// **************************
// Benchmark: CodecSuite.Run: campaign(EvaluateOverhead=False, Clock=Armonik.Ffi.Bdn.CpuClock, IterationCount=6, IterationTime=40ms, LaunchCount=1, RunStrategy=Throughput, WarmupCount=4) [Case=incum(...)fault [54]]
// *** Execute ***
// Launch: 1 / 1
// Execute: dotnet BenchDotNet-campaign-1.dll --anonymousPipes 123 124 --benchmarkName "Armonik.Ffi.Bdn.CodecSuite.Run(Case: \"incumbent-prod|encode-transport-hot|P2.1|ascii|default\")" --job campaign --benchmarkId 21 in /home/user/ArmoniK.Api/ffi/poc/csharp/src/BenchDotNet/bin/Release/net8.0/BenchDotNet-campaign-1/bin/Release/net8.0
// BeforeAnythingElse

// Benchmark Process Environment Information:
// BenchmarkDotNet v0.15.8
// Runtime=.NET 8.0.31 (8.0.31, 8.0.3126.42015), X64 RyuJIT x86-64-v4
// GC=Concurrent Workstation
// HardwareIntrinsics=AVX512 F+BW+CD+DQ+VL,AVX2+BMI1+BMI2+F16C+FMA+LZCNT+MOVBE,AVX,SSE3+SSSE3+SSE4.1+SSE4.2+POPCNT,X86Base+SSE+SSE2,AES+PCLMUL VectorSize=256
// Job: campaign(EvaluateOverhead=False, Clock=Armonik.Ffi.Bdn.CpuClock, IterationCount=6, IterationTime=40ms, LaunchCount=1, RunStrategy=Throughput, WarmupCount=4)

OverheadJitting  1: 1 op, 280652.00 ns, 280.6520 us/op
WorkloadJitting  1: 1 op, 3199615.00 ns, 3.1996 ms/op

WorkloadPilot    1: 4 op, 138575.00 ns, 34.6438 us/op
WorkloadPilot    2: 1155 op, 15889554.00 ns, 13.7572 us/op
WorkloadPilot    3: 2908 op, 30230330.00 ns, 10.3956 us/op
WorkloadPilot    4: 3848 op, 41889045.00 ns, 10.8859 us/op
WorkloadPilot    5: 3674 op, 35334630.00 ns, 9.6175 us/op
WorkloadPilot    6: 4159 op, 43441016.00 ns, 10.4451 us/op
WorkloadPilot    7: 3830 op, 34689249.00 ns, 9.0572 us/op
WorkloadPilot    8: 4416 op, 40236834.00 ns, 9.1116 us/op

WorkloadWarmup   1: 4416 op, 45804797.00 ns, 10.3725 us/op
WorkloadWarmup   2: 4416 op, 41165492.00 ns, 9.3219 us/op
WorkloadWarmup   3: 4416 op, 44145762.00 ns, 9.9968 us/op
WorkloadWarmup   4: 4416 op, 40528248.00 ns, 9.1776 us/op

// BeforeActualRun
WorkloadActual   1: 4416 op, 44546571.00 ns, 10.0875 us/op
WorkloadActual   2: 4416 op, 41416558.00 ns, 9.3787 us/op
WorkloadActual   3: 4416 op, 40347628.00 ns, 9.1367 us/op
WorkloadActual   4: 4416 op, 44442147.00 ns, 10.0639 us/op
WorkloadActual   5: 4416 op, 44238896.00 ns, 10.0179 us/op
WorkloadActual   6: 4416 op, 44389702.00 ns, 10.0520 us/op

// AfterActualRun
WorkloadResult   1: 4416 op, 44546571.00 ns, 10.0875 us/op
WorkloadResult   2: 4416 op, 41416558.00 ns, 9.3787 us/op
WorkloadResult   3: 4416 op, 40347628.00 ns, 9.1367 us/op
WorkloadResult   4: 4416 op, 44442147.00 ns, 10.0639 us/op
WorkloadResult   5: 4416 op, 44238896.00 ns, 10.0179 us/op
WorkloadResult   6: 4416 op, 44389702.00 ns, 10.0520 us/op
// GC:  0 0 0 247296 4416
// Threading:  0 0 4416

// AfterAll
// Benchmark Process 17961 has exited with code 0.

Mean = 9.789 us, StdErr = 0.171 us (1.75%), N = 6, StdDev = 0.420 us
Min = 9.137 us, Q1 = 9.539 us, Median = 10.035 us, Q3 = 10.061 us, Max = 10.088 us
IQR = 0.522 us, LowerFence = 8.755 us, UpperFence = 10.845 us
ConfidenceInterval = [8.613 us; 10.966 us] (CI 99.9%), Margin = 1.176 us (12.02% of Mean)
Skewness = -0.61, Kurtosis = 1.24, MValue = 2

// ** Remained 127 (85.2 %) benchmark(s) to run. Estimated finish 2026-10-04 8:26 (0h 2m from now) **
// **************************
// Benchmark: CodecSuite.Run: campaign(EvaluateOverhead=False, Clock=Armonik.Ffi.Bdn.CpuClock, IterationCount=6, IterationTime=40ms, LaunchCount=1, RunStrategy=Throughput, WarmupCount=4) [Case=host-(...)etain [47]]
// *** Execute ***
// Launch: 1 / 1
// Execute: dotnet BenchDotNet-campaign-1.dll --anonymousPipes 123 124 --benchmarkName "Armonik.Ffi.Bdn.CodecSuite.Run(Case: \"host-gen|encode-transport-hot|P1.1|ascii|retain\")" --job campaign --benchmarkId 22 in /home/user/ArmoniK.Api/ffi/poc/csharp/src/BenchDotNet/bin/Release/net8.0/BenchDotNet-campaign-1/bin/Release/net8.0
// BeforeAnythingElse

// Benchmark Process Environment Information:
// BenchmarkDotNet v0.15.8
// Runtime=.NET 8.0.31 (8.0.31, 8.0.3126.42015), X64 RyuJIT x86-64-v4
// GC=Concurrent Workstation
// HardwareIntrinsics=AVX512 F+BW+CD+DQ+VL,AVX2+BMI1+BMI2+F16C+FMA+LZCNT+MOVBE,AVX,SSE3+SSSE3+SSE4.1+SSE4.2+POPCNT,X86Base+SSE+SSE2,AES+PCLMUL VectorSize=256
// Job: campaign(EvaluateOverhead=False, Clock=Armonik.Ffi.Bdn.CpuClock, IterationCount=6, IterationTime=40ms, LaunchCount=1, RunStrategy=Throughput, WarmupCount=4)

OverheadJitting  1: 1 op, 253226.00 ns, 253.2260 us/op
WorkloadJitting  1: 1 op, 5285815.00 ns, 5.2858 ms/op

WorkloadPilot    1: 4 op, 33281.00 ns, 8.3203 us/op
WorkloadPilot    2: 4808 op, 19334770.00 ns, 4.0214 us/op
WorkloadPilot    3: 9947 op, 44414783.00 ns, 4.4651 us/op
WorkloadPilot    4: 8958 op, 37414647.00 ns, 4.1767 us/op
WorkloadPilot    5: 9577 op, 35818247.00 ns, 3.7400 us/op
WorkloadPilot    6: 10695 op, 44941654.00 ns, 4.2021 us/op
WorkloadPilot    7: 9519 op, 35287764.00 ns, 3.7071 us/op
WorkloadPilot    8: 10790 op, 44311492.00 ns, 4.1067 us/op

WorkloadWarmup   1: 10790 op, 46203203.00 ns, 4.2820 us/op
WorkloadWarmup   2: 10790 op, 43684375.00 ns, 4.0486 us/op
WorkloadWarmup   3: 10790 op, 43595620.00 ns, 4.0404 us/op
WorkloadWarmup   4: 10790 op, 43443994.00 ns, 4.0263 us/op

// BeforeActualRun
WorkloadActual   1: 10790 op, 41126355.00 ns, 3.8115 us/op
WorkloadActual   2: 10790 op, 44257348.00 ns, 4.1017 us/op
WorkloadActual   3: 10790 op, 45998168.00 ns, 4.2630 us/op
WorkloadActual   4: 10790 op, 40829966.00 ns, 3.7841 us/op
WorkloadActual   5: 10790 op, 40096674.00 ns, 3.7161 us/op
WorkloadActual   6: 10790 op, 43886066.00 ns, 4.0673 us/op

// AfterActualRun
WorkloadResult   1: 10790 op, 41126355.00 ns, 3.8115 us/op
WorkloadResult   2: 10790 op, 44257348.00 ns, 4.1017 us/op
WorkloadResult   3: 10790 op, 45998168.00 ns, 4.2630 us/op
WorkloadResult   4: 10790 op, 40829966.00 ns, 3.7841 us/op
WorkloadResult   5: 10790 op, 40096674.00 ns, 3.7161 us/op
WorkloadResult   6: 10790 op, 43886066.00 ns, 4.0673 us/op
// GC:  0 0 0 0 10790
// Threading:  0 0 10790

// AfterAll
// Benchmark Process 17970 has exited with code 0.

Mean = 3.957 us, StdErr = 0.089 us (2.24%), N = 6, StdDev = 0.217 us
Min = 3.716 us, Q1 = 3.791 us, Median = 3.939 us, Q3 = 4.093 us, Max = 4.263 us
IQR = 0.302 us, LowerFence = 3.338 us, UpperFence = 4.546 us
ConfidenceInterval = [3.348 us; 4.566 us] (CI 99.9%), Margin = 0.609 us (15.39% of Mean)
Skewness = 0.17, Kurtosis = 1.05, MValue = 2

// ** Remained 126 (84.6 %) benchmark(s) to run. Estimated finish 2026-10-04 8:26 (0h 2m from now) **
// **************************
// Benchmark: CodecSuite.Run: campaign(EvaluateOverhead=False, Clock=Armonik.Ffi.Bdn.CpuClock, IterationCount=6, IterationTime=40ms, LaunchCount=1, RunStrategy=Throughput, WarmupCount=4) [Case=host-(...)etain [39]]
// *** Execute ***
// Launch: 1 / 1
// Execute: dotnet BenchDotNet-campaign-1.dll --anonymousPipes 123 124 --benchmarkName "Armonik.Ffi.Bdn.CodecSuite.Run(Case: \"host-gen|decode-read|P2.2|latin1|retain\")" --job campaign --benchmarkId 23 in /home/user/ArmoniK.Api/ffi/poc/csharp/src/BenchDotNet/bin/Release/net8.0/BenchDotNet-campaign-1/bin/Release/net8.0
// BeforeAnythingElse

// Benchmark Process Environment Information:
// BenchmarkDotNet v0.15.8
// Runtime=.NET 8.0.31 (8.0.31, 8.0.3126.42015), X64 RyuJIT x86-64-v4
// GC=Concurrent Workstation
// HardwareIntrinsics=AVX512 F+BW+CD+DQ+VL,AVX2+BMI1+BMI2+F16C+FMA+LZCNT+MOVBE,AVX,SSE3+SSSE3+SSE4.1+SSE4.2+POPCNT,X86Base+SSE+SSE2,AES+PCLMUL VectorSize=256
// Job: campaign(EvaluateOverhead=False, Clock=Armonik.Ffi.Bdn.CpuClock, IterationCount=6, IterationTime=40ms, LaunchCount=1, RunStrategy=Throughput, WarmupCount=4)

OverheadJitting  1: 1 op, 227488.00 ns, 227.4880 us/op
WorkloadJitting  1: 1 op, 9657727.00 ns, 9.6577 ms/op

WorkloadPilot    1: 4 op, 23268669.00 ns, 5.8172 ms/op
WorkloadPilot    2: 7 op, 35012369.00 ns, 5.0018 ms/op

WorkloadWarmup   1: 7 op, 33593893.00 ns, 4.7991 ms/op
WorkloadWarmup   2: 7 op, 33282143.00 ns, 4.7546 ms/op
WorkloadWarmup   3: 7 op, 35194756.00 ns, 5.0278 ms/op
WorkloadWarmup   4: 7 op, 34538108.00 ns, 4.9340 ms/op

// BeforeActualRun
WorkloadActual   1: 7 op, 30384887.00 ns, 4.3407 ms/op
WorkloadActual   2: 7 op, 34326146.00 ns, 4.9037 ms/op
WorkloadActual   3: 7 op, 30637547.00 ns, 4.3768 ms/op
WorkloadActual   4: 7 op, 34376694.00 ns, 4.9110 ms/op
WorkloadActual   5: 7 op, 29527300.00 ns, 4.2182 ms/op
WorkloadActual   6: 7 op, 33938712.00 ns, 4.8484 ms/op

// AfterActualRun
WorkloadResult   1: 7 op, 30384887.00 ns, 4.3407 ms/op
WorkloadResult   2: 7 op, 34326146.00 ns, 4.9037 ms/op
WorkloadResult   3: 7 op, 30637547.00 ns, 4.3768 ms/op
WorkloadResult   4: 7 op, 34376694.00 ns, 4.9110 ms/op
WorkloadResult   5: 7 op, 29527300.00 ns, 4.2182 ms/op
WorkloadResult   6: 7 op, 33938712.00 ns, 4.8484 ms/op
// GC:  0 0 0 15264424 7
// Threading:  0 0 7

// AfterAll
// Benchmark Process 17979 has exited with code 0.

Mean = 4.600 ms, StdErr = 0.131 ms (2.84%), N = 6, StdDev = 0.320 ms
Min = 4.218 ms, Q1 = 4.350 ms, Median = 4.613 ms, Q3 = 4.890 ms, Max = 4.911 ms
IQR = 0.540 ms, LowerFence = 3.539 ms, UpperFence = 5.700 ms
ConfidenceInterval = [3.701 ms; 5.498 ms] (CI 99.9%), Margin = 0.899 ms (19.54% of Mean)
Skewness = -0.05, Kurtosis = 0.79, MValue = 2

// ** Remained 125 (83.9 %) benchmark(s) to run. Estimated finish 2026-10-04 8:26 (0h 2m from now) **
// **************************
// Benchmark: CodecSuite.Run: campaign(EvaluateOverhead=False, Clock=Armonik.Ffi.Bdn.CpuClock, IterationCount=6, IterationTime=40ms, LaunchCount=1, RunStrategy=Throughput, WarmupCount=4) [Case=host-(...)etain [59]]
// *** Execute ***
// Launch: 1 / 1
// Execute: dotnet BenchDotNet-campaign-1.dll --anonymousPipes 123 124 --benchmarkName "Armonik.Ffi.Bdn.CodecSuite.Run(Case: \"host-gen|encode-transport-hot|U-nested-before|corpus|retain\")" --job campaign --benchmarkId 24 in /home/user/ArmoniK.Api/ffi/poc/csharp/src/BenchDotNet/bin/Release/net8.0/BenchDotNet-campaign-1/bin/Release/net8.0
// BeforeAnythingElse

// Benchmark Process Environment Information:
// BenchmarkDotNet v0.15.8
// Runtime=.NET 8.0.31 (8.0.31, 8.0.3126.42015), X64 RyuJIT x86-64-v4
// GC=Concurrent Workstation
// HardwareIntrinsics=AVX512 F+BW+CD+DQ+VL,AVX2+BMI1+BMI2+F16C+FMA+LZCNT+MOVBE,AVX,SSE3+SSSE3+SSE4.1+SSE4.2+POPCNT,X86Base+SSE+SSE2,AES+PCLMUL VectorSize=256
// Job: campaign(EvaluateOverhead=False, Clock=Armonik.Ffi.Bdn.CpuClock, IterationCount=6, IterationTime=40ms, LaunchCount=1, RunStrategy=Throughput, WarmupCount=4)

OverheadJitting  1: 1 op, 422944.00 ns, 422.9440 us/op
WorkloadJitting  1: 1 op, 4808825.00 ns, 4.8088 ms/op

WorkloadPilot    1: 4 op, 35313.00 ns, 8.8283 us/op
WorkloadPilot    2: 4531 op, 6326714.00 ns, 1.3963 us/op
WorkloadPilot    3: 28647 op, 37082358.00 ns, 1.2945 us/op
WorkloadPilot    4: 30901 op, 43134302.00 ns, 1.3959 us/op
WorkloadPilot    5: 28656 op, 36728818.00 ns, 1.2817 us/op
WorkloadPilot    6: 31208 op, 42706686.00 ns, 1.3685 us/op
WorkloadPilot    7: 29230 op, 38172520.00 ns, 1.3059 us/op
WorkloadPilot    8: 30629 op, 37843063.00 ns, 1.2355 us/op
WorkloadPilot    9: 32375 op, 46108494.00 ns, 1.4242 us/op

WorkloadWarmup   1: 32375 op, 43688571.00 ns, 1.3495 us/op
WorkloadWarmup   2: 32375 op, 39996399.00 ns, 1.2354 us/op
WorkloadWarmup   3: 32375 op, 44469309.00 ns, 1.3736 us/op
WorkloadWarmup   4: 32375 op, 43583567.00 ns, 1.3462 us/op

// BeforeActualRun
WorkloadActual   1: 32375 op, 44099420.00 ns, 1.3621 us/op
WorkloadActual   2: 32375 op, 42075444.00 ns, 1.2996 us/op
WorkloadActual   3: 32375 op, 41986688.00 ns, 1.2969 us/op
WorkloadActual   4: 32375 op, 40085583.00 ns, 1.2382 us/op
WorkloadActual   5: 32375 op, 40191284.00 ns, 1.2414 us/op
WorkloadActual   6: 32375 op, 40238887.00 ns, 1.2429 us/op

// AfterActualRun
WorkloadResult   1: 32375 op, 44099420.00 ns, 1.3621 us/op
WorkloadResult   2: 32375 op, 42075444.00 ns, 1.2996 us/op
WorkloadResult   3: 32375 op, 41986688.00 ns, 1.2969 us/op
WorkloadResult   4: 32375 op, 40085583.00 ns, 1.2382 us/op
WorkloadResult   5: 32375 op, 40191284.00 ns, 1.2414 us/op
WorkloadResult   6: 32375 op, 40238887.00 ns, 1.2429 us/op
// GC:  0 0 0 0 32375
// Threading:  0 0 32375

// AfterAll
// Benchmark Process 17988 has exited with code 0.

Mean = 1.280 us, StdErr = 0.020 us (1.56%), N = 6, StdDev = 0.049 us
Min = 1.238 us, Q1 = 1.242 us, Median = 1.270 us, Q3 = 1.299 us, Max = 1.362 us
IQR = 0.057 us, LowerFence = 1.156 us, UpperFence = 1.385 us
ConfidenceInterval = [1.143 us; 1.418 us] (CI 99.9%), Margin = 0.138 us (10.75% of Mean)
Skewness = 0.53, Kurtosis = 1.51, MValue = 2

// ** Remained 124 (83.2 %) benchmark(s) to run. Estimated finish 2026-10-04 8:26 (0h 2m from now) **
// **************************
// Benchmark: CodecSuite.Run: campaign(EvaluateOverhead=False, Clock=Armonik.Ffi.Bdn.CpuClock, IterationCount=6, IterationTime=40ms, LaunchCount=1, RunStrategy=Throughput, WarmupCount=4) [Case=core-(...)etain [47]]
// *** Execute ***
// Launch: 1 / 1
// Execute: dotnet BenchDotNet-campaign-1.dll --anonymousPipes 123 124 --benchmarkName "Armonik.Ffi.Bdn.CodecSuite.Run(Case: \"core-ffi|encode-transport-hot|P5.1|ascii|retain\")" --job campaign --benchmarkId 25 in /home/user/ArmoniK.Api/ffi/poc/csharp/src/BenchDotNet/bin/Release/net8.0/BenchDotNet-campaign-1/bin/Release/net8.0
// BeforeAnythingElse

// Benchmark Process Environment Information:
// BenchmarkDotNet v0.15.8
// Runtime=.NET 8.0.31 (8.0.31, 8.0.3126.42015), X64 RyuJIT x86-64-v4
// GC=Concurrent Workstation
// HardwareIntrinsics=AVX512 F+BW+CD+DQ+VL,AVX2+BMI1+BMI2+F16C+FMA+LZCNT+MOVBE,AVX,SSE3+SSSE3+SSE4.1+SSE4.2+POPCNT,X86Base+SSE+SSE2,AES+PCLMUL VectorSize=256
// Job: campaign(EvaluateOverhead=False, Clock=Armonik.Ffi.Bdn.CpuClock, IterationCount=6, IterationTime=40ms, LaunchCount=1, RunStrategy=Throughput, WarmupCount=4)

OverheadJitting  1: 1 op, 238017.00 ns, 238.0170 us/op
WorkloadJitting  1: 1 op, 4131970.00 ns, 4.1320 ms/op

WorkloadPilot    1: 4 op, 26709.00 ns, 6.6773 us/op
WorkloadPilot    2: 5990 op, 1741876.00 ns, 290.7973 ns/op
WorkloadPilot    3: 137553 op, 41049103.00 ns, 298.4239 ns/op
WorkloadPilot    4: 134038 op, 39986764.00 ns, 298.3241 ns/op
WorkloadPilot    5: 134082 op, 39665178.00 ns, 295.8278 ns/op
WorkloadPilot    6: 135214 op, 40300251.00 ns, 298.0479 ns/op
WorkloadPilot    7: 134207 op, 40237083.00 ns, 299.8136 ns/op

WorkloadWarmup   1: 134207 op, 40113101.00 ns, 298.8898 ns/op
WorkloadWarmup   2: 134207 op, 39800349.00 ns, 296.5594 ns/op
WorkloadWarmup   3: 134207 op, 39819930.00 ns, 296.7053 ns/op
WorkloadWarmup   4: 134207 op, 39965912.00 ns, 297.7931 ns/op

// BeforeActualRun
WorkloadActual   1: 134207 op, 39970175.00 ns, 297.8248 ns/op
WorkloadActual   2: 134207 op, 39814034.00 ns, 296.6614 ns/op
WorkloadActual   3: 134207 op, 39777143.00 ns, 296.3865 ns/op
WorkloadActual   4: 134207 op, 40279559.00 ns, 300.1301 ns/op
WorkloadActual   5: 134207 op, 40018597.00 ns, 298.1856 ns/op
WorkloadActual   6: 134207 op, 39814546.00 ns, 296.6652 ns/op

// AfterActualRun
WorkloadResult   1: 134207 op, 39970175.00 ns, 297.8248 ns/op
WorkloadResult   2: 134207 op, 39814034.00 ns, 296.6614 ns/op
WorkloadResult   3: 134207 op, 39777143.00 ns, 296.3865 ns/op
WorkloadResult   4: 134207 op, 40279559.00 ns, 300.1301 ns/op
WorkloadResult   5: 134207 op, 40018597.00 ns, 298.1856 ns/op
WorkloadResult   6: 134207 op, 39814546.00 ns, 296.6652 ns/op
// GC:  0 0 0 0 134207
// Threading:  0 0 134207

// AfterAll
// Benchmark Process 18026 has exited with code 0.

Mean = 297.642 ns, StdErr = 0.578 ns (0.19%), N = 6, StdDev = 1.415 ns
Min = 296.386 ns, Q1 = 296.662 ns, Median = 297.245 ns, Q3 = 298.095 ns, Max = 300.130 ns
IQR = 1.433 ns, LowerFence = 294.513 ns, UpperFence = 300.245 ns
ConfidenceInterval = [293.674 ns; 301.610 ns] (CI 99.9%), Margin = 3.968 ns (1.33% of Mean)
Skewness = 0.69, Kurtosis = 1.78, MValue = 2

// ** Remained 123 (82.6 %) benchmark(s) to run. Estimated finish 2026-10-04 8:26 (0h 2m from now) **
// **************************
// Benchmark: CodecSuite.Run: campaign(EvaluateOverhead=False, Clock=Armonik.Ffi.Bdn.CpuClock, IterationCount=6, IterationTime=40ms, LaunchCount=1, RunStrategy=Throughput, WarmupCount=4) [Case=host-(...)etain [47]]
// *** Execute ***
// Launch: 1 / 1
// Execute: dotnet BenchDotNet-campaign-1.dll --anonymousPipes 123 124 --benchmarkName "Armonik.Ffi.Bdn.CodecSuite.Run(Case: \"host-gen|encode-transport-hot|P6.1|ascii|retain\")" --job campaign --benchmarkId 26 in /home/user/ArmoniK.Api/ffi/poc/csharp/src/BenchDotNet/bin/Release/net8.0/BenchDotNet-campaign-1/bin/Release/net8.0
// BeforeAnythingElse

// Benchmark Process Environment Information:
// BenchmarkDotNet v0.15.8
// Runtime=.NET 8.0.31 (8.0.31, 8.0.3126.42015), X64 RyuJIT x86-64-v4
// GC=Concurrent Workstation
// HardwareIntrinsics=AVX512 F+BW+CD+DQ+VL,AVX2+BMI1+BMI2+F16C+FMA+LZCNT+MOVBE,AVX,SSE3+SSSE3+SSE4.1+SSE4.2+POPCNT,X86Base+SSE+SSE2,AES+PCLMUL VectorSize=256
// Job: campaign(EvaluateOverhead=False, Clock=Armonik.Ffi.Bdn.CpuClock, IterationCount=6, IterationTime=40ms, LaunchCount=1, RunStrategy=Throughput, WarmupCount=4)

OverheadJitting  1: 1 op, 295057.00 ns, 295.0570 us/op
WorkloadJitting  1: 1 op, 7124085.00 ns, 7.1241 ms/op

WorkloadPilot    1: 4 op, 4574220.00 ns, 1.1436 ms/op
WorkloadPilot    2: 35 op, 32154116.00 ns, 918.6890 us/op
WorkloadPilot    3: 44 op, 39490620.00 ns, 897.5141 us/op

WorkloadWarmup   1: 44 op, 38754652.00 ns, 880.7875 us/op
WorkloadWarmup   2: 44 op, 38808795.00 ns, 882.0181 us/op
WorkloadWarmup   3: 44 op, 38443725.00 ns, 873.7210 us/op
WorkloadWarmup   4: 44 op, 38482832.00 ns, 874.6098 us/op

// BeforeActualRun
WorkloadActual   1: 44 op, 49202365.00 ns, 1.1182 ms/op
WorkloadActual   2: 44 op, 43256521.00 ns, 983.1028 us/op
WorkloadActual   3: 44 op, 40752785.00 ns, 926.1997 us/op
WorkloadActual   4: 44 op, 40618531.00 ns, 923.1484 us/op
WorkloadActual   5: 44 op, 40268478.00 ns, 915.1927 us/op
WorkloadActual   6: 44 op, 38306485.00 ns, 870.6019 us/op

// AfterActualRun
WorkloadResult   1: 44 op, 43256521.00 ns, 983.1028 us/op
WorkloadResult   2: 44 op, 40752785.00 ns, 926.1997 us/op
WorkloadResult   3: 44 op, 40618531.00 ns, 923.1484 us/op
WorkloadResult   4: 44 op, 40268478.00 ns, 915.1927 us/op
WorkloadResult   5: 44 op, 38306485.00 ns, 870.6019 us/op
// GC:  0 0 0 0 44
// Threading:  0 0 44

// AfterAll
// Benchmark Process 18035 has exited with code 0.

Mean = 923.649 us, StdErr = 17.926 us (1.94%), N = 5, StdDev = 40.084 us
Min = 870.602 us, Q1 = 915.193 us, Median = 923.148 us, Q3 = 926.200 us, Max = 983.103 us
IQR = 11.007 us, LowerFence = 898.682 us, UpperFence = 942.710 us
ConfidenceInterval = [769.299 us; 1,077.999 us] (CI 99.9%), Margin = 154.350 us (16.71% of Mean)
Skewness = 0.19, Kurtosis = 1.58, MValue = 2

// ** Remained 122 (81.9 %) benchmark(s) to run. Estimated finish 2026-10-04 8:26 (0h 2m from now) **
// **************************
// Benchmark: CodecSuite.Run: campaign(EvaluateOverhead=False, Clock=Armonik.Ffi.Bdn.CpuClock, IterationCount=6, IterationTime=40ms, LaunchCount=1, RunStrategy=Throughput, WarmupCount=4) [Case=core-(...)etain [47]]
// *** Execute ***
// Launch: 1 / 1
// Execute: dotnet BenchDotNet-campaign-1.dll --anonymousPipes 123 124 --benchmarkName "Armonik.Ffi.Bdn.CodecSuite.Run(Case: \"core-ffi|encode-transport-hot|P4.1|ascii|retain\")" --job campaign --benchmarkId 27 in /home/user/ArmoniK.Api/ffi/poc/csharp/src/BenchDotNet/bin/Release/net8.0/BenchDotNet-campaign-1/bin/Release/net8.0
// BeforeAnythingElse

// Benchmark Process Environment Information:
// BenchmarkDotNet v0.15.8
// Runtime=.NET 8.0.31 (8.0.31, 8.0.3126.42015), X64 RyuJIT x86-64-v4
// GC=Concurrent Workstation
// HardwareIntrinsics=AVX512 F+BW+CD+DQ+VL,AVX2+BMI1+BMI2+F16C+FMA+LZCNT+MOVBE,AVX,SSE3+SSSE3+SSE4.1+SSE4.2+POPCNT,X86Base+SSE+SSE2,AES+PCLMUL VectorSize=256
// Job: campaign(EvaluateOverhead=False, Clock=Armonik.Ffi.Bdn.CpuClock, IterationCount=6, IterationTime=40ms, LaunchCount=1, RunStrategy=Throughput, WarmupCount=4)

OverheadJitting  1: 1 op, 244062.00 ns, 244.0620 us/op
WorkloadJitting  1: 1 op, 6924426.00 ns, 6.9244 ms/op

WorkloadPilot    1: 4 op, 1272046.00 ns, 318.0115 us/op
WorkloadPilot    2: 126 op, 28424551.00 ns, 225.5917 us/op
WorkloadPilot    3: 177 op, 35770053.00 ns, 202.0907 us/op
WorkloadPilot    4: 198 op, 51577421.00 ns, 260.4920 us/op
WorkloadPilot    5: 154 op, 35353721.00 ns, 229.5696 us/op
WorkloadPilot    6: 174 op, 35258663.00 ns, 202.6360 us/op
WorkloadPilot    7: 197 op, 43347081.00 ns, 220.0359 us/op
WorkloadPilot    8: 182 op, 36924248.00 ns, 202.8805 us/op
WorkloadPilot    9: 197 op, 42897090.00 ns, 217.7517 us/op

WorkloadWarmup   1: 197 op, 41637013.00 ns, 211.3554 us/op
WorkloadWarmup   2: 197 op, 46596096.00 ns, 236.5284 us/op
WorkloadWarmup   3: 197 op, 53871815.00 ns, 273.4610 us/op
WorkloadWarmup   4: 197 op, 44811567.00 ns, 227.4699 us/op

// BeforeActualRun
WorkloadActual   1: 197 op, 41820586.00 ns, 212.2872 us/op
WorkloadActual   2: 197 op, 44615548.00 ns, 226.4749 us/op
WorkloadActual   3: 197 op, 39042208.00 ns, 198.1838 us/op
WorkloadActual   4: 197 op, 39298855.00 ns, 199.4866 us/op
WorkloadActual   5: 197 op, 39625496.00 ns, 201.1446 us/op
WorkloadActual   6: 197 op, 52741125.00 ns, 267.7214 us/op

// AfterActualRun
WorkloadResult   1: 197 op, 41820586.00 ns, 212.2872 us/op
WorkloadResult   2: 197 op, 44615548.00 ns, 226.4749 us/op
WorkloadResult   3: 197 op, 39042208.00 ns, 198.1838 us/op
WorkloadResult   4: 197 op, 39298855.00 ns, 199.4866 us/op
WorkloadResult   5: 197 op, 39625496.00 ns, 201.1446 us/op
// GC:  0 0 0 0 197
// Threading:  0 0 197

// AfterAll
// Benchmark Process 18044 has exited with code 0.

Mean = 207.515 us, StdErr = 5.359 us (2.58%), N = 5, StdDev = 11.983 us
Min = 198.184 us, Q1 = 199.487 us, Median = 201.145 us, Q3 = 212.287 us, Max = 226.475 us
IQR = 12.801 us, LowerFence = 180.286 us, UpperFence = 231.488 us
ConfidenceInterval = [161.374 us; 253.657 us] (CI 99.9%), Margin = 46.142 us (22.24% of Mean)
Skewness = 0.62, Kurtosis = 1.39, MValue = 2

// ** Remained 121 (81.2 %) benchmark(s) to run. Estimated finish 2026-10-04 8:26 (0h 2m from now) **
// **************************
// Benchmark: CodecSuite.Run: campaign(EvaluateOverhead=False, Clock=Armonik.Ffi.Bdn.CpuClock, IterationCount=6, IterationTime=40ms, LaunchCount=1, RunStrategy=Throughput, WarmupCount=4) [Case=incum(...)fault [54]]
// *** Execute ***
// Launch: 1 / 1
// Execute: dotnet BenchDotNet-campaign-1.dll --anonymousPipes 123 124 --benchmarkName "Armonik.Ffi.Bdn.CodecSuite.Run(Case: \"incumbent-prod|encode-transport-hot|P2.2|ascii|default\")" --job campaign --benchmarkId 28 in /home/user/ArmoniK.Api/ffi/poc/csharp/src/BenchDotNet/bin/Release/net8.0/BenchDotNet-campaign-1/bin/Release/net8.0
// BeforeAnythingElse

// Benchmark Process Environment Information:
// BenchmarkDotNet v0.15.8
// Runtime=.NET 8.0.31 (8.0.31, 8.0.3126.42015), X64 RyuJIT x86-64-v4
// GC=Concurrent Workstation
// HardwareIntrinsics=AVX512 F+BW+CD+DQ+VL,AVX2+BMI1+BMI2+F16C+FMA+LZCNT+MOVBE,AVX,SSE3+SSSE3+SSE4.1+SSE4.2+POPCNT,X86Base+SSE+SSE2,AES+PCLMUL VectorSize=256
// Job: campaign(EvaluateOverhead=False, Clock=Armonik.Ffi.Bdn.CpuClock, IterationCount=6, IterationTime=40ms, LaunchCount=1, RunStrategy=Throughput, WarmupCount=4)

OverheadJitting  1: 1 op, 267541.00 ns, 267.5410 us/op
WorkloadJitting  1: 1 op, 10174913.00 ns, 10.1749 ms/op

WorkloadPilot    1: 4 op, 22779271.00 ns, 5.6948 ms/op
WorkloadPilot    2: 7 op, 56992871.00 ns, 8.1418 ms/op
WorkloadPilot    3: 5 op, 30017652.00 ns, 6.0035 ms/op
WorkloadPilot    4: 7 op, 40027252.00 ns, 5.7182 ms/op

WorkloadWarmup   1: 7 op, 38632051.00 ns, 5.5189 ms/op
WorkloadWarmup   2: 7 op, 37761126.00 ns, 5.3944 ms/op
WorkloadWarmup   3: 7 op, 37981781.00 ns, 5.4260 ms/op
WorkloadWarmup   4: 7 op, 37615149.00 ns, 5.3736 ms/op

// BeforeActualRun
WorkloadActual   1: 7 op, 37892559.00 ns, 5.4132 ms/op
WorkloadActual   2: 7 op, 37089455.00 ns, 5.2985 ms/op
WorkloadActual   3: 7 op, 37228482.00 ns, 5.3184 ms/op
WorkloadActual   4: 7 op, 37458762.00 ns, 5.3513 ms/op
WorkloadActual   5: 7 op, 37190716.00 ns, 5.3130 ms/op
WorkloadActual   6: 7 op, 38716123.00 ns, 5.5309 ms/op

// AfterActualRun
WorkloadResult   1: 7 op, 37892559.00 ns, 5.4132 ms/op
WorkloadResult   2: 7 op, 37089455.00 ns, 5.2985 ms/op
WorkloadResult   3: 7 op, 37228482.00 ns, 5.3184 ms/op
WorkloadResult   4: 7 op, 37458762.00 ns, 5.3513 ms/op
WorkloadResult   5: 7 op, 37190716.00 ns, 5.3130 ms/op
// GC:  0 0 0 196000 7
// Threading:  0 0 7

// AfterAll
// Benchmark Process 18053 has exited with code 0.

Mean = 5.339 ms, StdErr = 0.020 ms (0.38%), N = 5, StdDev = 0.046 ms
Min = 5.298 ms, Q1 = 5.313 ms, Median = 5.318 ms, Q3 = 5.351 ms, Max = 5.413 ms
IQR = 0.038 ms, LowerFence = 5.256 ms, UpperFence = 5.409 ms
ConfidenceInterval = [5.162 ms; 5.515 ms] (CI 99.9%), Margin = 0.177 ms (3.31% of Mean)
Skewness = 0.67, Kurtosis = 1.54, MValue = 2

// ** Remained 120 (80.5 %) benchmark(s) to run. Estimated finish 2026-10-04 8:26 (0h 2m from now) **
// **************************
// Benchmark: CodecSuite.Run: campaign(EvaluateOverhead=False, Clock=Armonik.Ffi.Bdn.CpuClock, IterationCount=6, IterationTime=40ms, LaunchCount=1, RunStrategy=Throughput, WarmupCount=4) [Case=core-(...)etain [38]]
// *** Execute ***
// Launch: 1 / 1
// Execute: dotnet BenchDotNet-campaign-1.dll --anonymousPipes 123 124 --benchmarkName "Armonik.Ffi.Bdn.CodecSuite.Run(Case: \"core-ffi|decode-read|P1.2|ascii|retain\")" --job campaign --benchmarkId 29 in /home/user/ArmoniK.Api/ffi/poc/csharp/src/BenchDotNet/bin/Release/net8.0/BenchDotNet-campaign-1/bin/Release/net8.0
// BeforeAnythingElse

// Benchmark Process Environment Information:
// BenchmarkDotNet v0.15.8
// Runtime=.NET 8.0.31 (8.0.31, 8.0.3126.42015), X64 RyuJIT x86-64-v4
// GC=Concurrent Workstation
// HardwareIntrinsics=AVX512 F+BW+CD+DQ+VL,AVX2+BMI1+BMI2+F16C+FMA+LZCNT+MOVBE,AVX,SSE3+SSSE3+SSE4.1+SSE4.2+POPCNT,X86Base+SSE+SSE2,AES+PCLMUL VectorSize=256
// Job: campaign(EvaluateOverhead=False, Clock=Armonik.Ffi.Bdn.CpuClock, IterationCount=6, IterationTime=40ms, LaunchCount=1, RunStrategy=Throughput, WarmupCount=4)

OverheadJitting  1: 1 op, 248169.00 ns, 248.1690 us/op
WorkloadJitting  1: 1 op, 4703189.00 ns, 4.7032 ms/op

WorkloadPilot    1: 4 op, 2342048.00 ns, 585.5120 us/op
WorkloadPilot    2: 68 op, 56045029.00 ns, 824.1916 us/op
WorkloadPilot    3: 49 op, 26203691.00 ns, 534.7692 us/op
WorkloadPilot    4: 75 op, 48253109.00 ns, 643.3748 us/op
WorkloadPilot    5: 62 op, 39951145.00 ns, 644.3733 us/op

WorkloadWarmup   1: 62 op, 33521581.00 ns, 540.6707 us/op
WorkloadWarmup   2: 62 op, 37432847.00 ns, 603.7556 us/op
WorkloadWarmup   3: 62 op, 32993019.00 ns, 532.1455 us/op
WorkloadWarmup   4: 62 op, 38427244.00 ns, 619.7943 us/op

// BeforeActualRun
WorkloadActual   1: 62 op, 36703408.00 ns, 591.9905 us/op
WorkloadActual   2: 62 op, 36681157.00 ns, 591.6316 us/op
WorkloadActual   3: 62 op, 39586822.00 ns, 638.4971 us/op
WorkloadActual   4: 62 op, 32949261.00 ns, 531.4397 us/op
WorkloadActual   5: 62 op, 45246371.00 ns, 729.7802 us/op
WorkloadActual   6: 62 op, 44041952.00 ns, 710.3541 us/op

// AfterActualRun
WorkloadResult   1: 62 op, 36703408.00 ns, 591.9905 us/op
WorkloadResult   2: 62 op, 36681157.00 ns, 591.6316 us/op
WorkloadResult   3: 62 op, 39586822.00 ns, 638.4971 us/op
WorkloadResult   4: 62 op, 32949261.00 ns, 531.4397 us/op
WorkloadResult   5: 62 op, 45246371.00 ns, 729.7802 us/op
WorkloadResult   6: 62 op, 44041952.00 ns, 710.3541 us/op
// GC:  2 1 0 41291008 62
// Threading:  0 0 62

// AfterAll
// Benchmark Process 18062 has exited with code 0.

Mean = 632.282 us, StdErr = 31.137 us (4.92%), N = 6, StdDev = 76.269 us
Min = 531.440 us, Q1 = 591.721 us, Median = 615.244 us, Q3 = 692.390 us, Max = 729.780 us
IQR = 100.669 us, LowerFence = 440.718 us, UpperFence = 843.393 us
ConfidenceInterval = [418.410 us; 846.155 us] (CI 99.9%), Margin = 213.873 us (33.83% of Mean)
Skewness = 0.09, Kurtosis = 1.16, MValue = 2

// ** Remained 119 (79.9 %) benchmark(s) to run. Estimated finish 2026-10-04 8:26 (0h 2m from now) **
// **************************
// Benchmark: CodecSuite.Run: campaign(EvaluateOverhead=False, Clock=Armonik.Ffi.Bdn.CpuClock, IterationCount=6, IterationTime=40ms, LaunchCount=1, RunStrategy=Throughput, WarmupCount=4) [Case=host-(...)etain [47]]
// *** Execute ***
// Launch: 1 / 1
// Execute: dotnet BenchDotNet-campaign-1.dll --anonymousPipes 123 124 --benchmarkName "Armonik.Ffi.Bdn.CodecSuite.Run(Case: \"host-gen|encode-transport-hot|P5.1|ascii|retain\")" --job campaign --benchmarkId 30 in /home/user/ArmoniK.Api/ffi/poc/csharp/src/BenchDotNet/bin/Release/net8.0/BenchDotNet-campaign-1/bin/Release/net8.0
// BeforeAnythingElse

// Benchmark Process Environment Information:
// BenchmarkDotNet v0.15.8
// Runtime=.NET 8.0.31 (8.0.31, 8.0.3126.42015), X64 RyuJIT x86-64-v4
// GC=Concurrent Workstation
// HardwareIntrinsics=AVX512 F+BW+CD+DQ+VL,AVX2+BMI1+BMI2+F16C+FMA+LZCNT+MOVBE,AVX,SSE3+SSSE3+SSE4.1+SSE4.2+POPCNT,X86Base+SSE+SSE2,AES+PCLMUL VectorSize=256
// Job: campaign(EvaluateOverhead=False, Clock=Armonik.Ffi.Bdn.CpuClock, IterationCount=6, IterationTime=40ms, LaunchCount=1, RunStrategy=Throughput, WarmupCount=4)

OverheadJitting  1: 1 op, 271701.00 ns, 271.7010 us/op
WorkloadJitting  1: 1 op, 4270143.00 ns, 4.2701 ms/op

WorkloadPilot    1: 4 op, 25344.00 ns, 6.3360 us/op
WorkloadPilot    2: 6313 op, 4855011.00 ns, 769.0497 ns/op
WorkloadPilot    3: 52012 op, 38697892.00 ns, 744.0185 ns/op
WorkloadPilot    4: 53762 op, 39047777.00 ns, 726.3081 ns/op
WorkloadPilot    5: 55073 op, 40105874.00 ns, 728.2311 ns/op
WorkloadPilot    6: 54928 op, 39587777.00 ns, 720.7213 ns/op
WorkloadPilot    7: 55500 op, 40530196.00 ns, 730.2738 ns/op
WorkloadPilot    8: 54774 op, 40143294.00 ns, 732.8896 ns/op

WorkloadWarmup   1: 54774 op, 39740748.00 ns, 725.5404 ns/op
WorkloadWarmup   2: 54774 op, 39544879.00 ns, 721.9644 ns/op
WorkloadWarmup   3: 54774 op, 39450648.00 ns, 720.2441 ns/op
WorkloadWarmup   4: 54774 op, 39436994.00 ns, 719.9948 ns/op

// BeforeActualRun
WorkloadActual   1: 54774 op, 39970583.00 ns, 729.7364 ns/op
WorkloadActual   2: 54774 op, 41726109.00 ns, 761.7868 ns/op
WorkloadActual   3: 54774 op, 39961367.00 ns, 729.5682 ns/op
WorkloadActual   4: 54774 op, 41167625.00 ns, 751.5906 ns/op
WorkloadActual   5: 54774 op, 40239649.00 ns, 734.6487 ns/op
WorkloadActual   6: 54774 op, 41787654.00 ns, 762.9104 ns/op

// AfterActualRun
WorkloadResult   1: 54774 op, 39970583.00 ns, 729.7364 ns/op
WorkloadResult   2: 54774 op, 41726109.00 ns, 761.7868 ns/op
WorkloadResult   3: 54774 op, 39961367.00 ns, 729.5682 ns/op
WorkloadResult   4: 54774 op, 41167625.00 ns, 751.5906 ns/op
WorkloadResult   5: 54774 op, 40239649.00 ns, 734.6487 ns/op
WorkloadResult   6: 54774 op, 41787654.00 ns, 762.9104 ns/op
// GC:  0 0 0 0 54774
// Threading:  0 0 54774

// AfterAll
// Benchmark Process 18101 has exited with code 0.

Mean = 745.040 ns, StdErr = 6.388 ns (0.86%), N = 6, StdDev = 15.648 ns
Min = 729.568 ns, Q1 = 730.964 ns, Median = 743.120 ns, Q3 = 759.238 ns, Max = 762.910 ns
IQR = 28.273 ns, LowerFence = 688.555 ns, UpperFence = 801.648 ns
ConfidenceInterval = [701.161 ns; 788.920 ns] (CI 99.9%), Margin = 43.879 ns (5.89% of Mean)
Skewness = 0.1, Kurtosis = 0.85, MValue = 2

// ** Remained 118 (79.2 %) benchmark(s) to run. Estimated finish 2026-10-04 8:26 (0h 2m from now) **
// **************************
// Benchmark: CodecSuite.Run: campaign(EvaluateOverhead=False, Clock=Armonik.Ffi.Bdn.CpuClock, IterationCount=6, IterationTime=40ms, LaunchCount=1, RunStrategy=Throughput, WarmupCount=4) [Case=incum(...)fault [73]]
// *** Execute ***
// Launch: 1 / 1
// Execute: dotnet BenchDotNet-campaign-1.dll --anonymousPipes 123 124 --benchmarkName "Armonik.Ffi.Bdn.CodecSuite.Run(Case: \"incumbent-prod|decode-read|U-wire-DualResponse-left-as-wt5|corpus|default\")" --job campaign --benchmarkId 31 in /home/user/ArmoniK.Api/ffi/poc/csharp/src/BenchDotNet/bin/Release/net8.0/BenchDotNet-campaign-1/bin/Release/net8.0
// BeforeAnythingElse

// Benchmark Process Environment Information:
// BenchmarkDotNet v0.15.8
// Runtime=.NET 8.0.31 (8.0.31, 8.0.3126.42015), X64 RyuJIT x86-64-v4
// GC=Concurrent Workstation
// HardwareIntrinsics=AVX512 F+BW+CD+DQ+VL,AVX2+BMI1+BMI2+F16C+FMA+LZCNT+MOVBE,AVX,SSE3+SSSE3+SSE4.1+SSE4.2+POPCNT,X86Base+SSE+SSE2,AES+PCLMUL VectorSize=256
// Job: campaign(EvaluateOverhead=False, Clock=Armonik.Ffi.Bdn.CpuClock, IterationCount=6, IterationTime=40ms, LaunchCount=1, RunStrategy=Throughput, WarmupCount=4)

OverheadJitting  1: 1 op, 317415.00 ns, 317.4150 us/op
WorkloadJitting  1: 1 op, 11130649.00 ns, 11.1306 ms/op

WorkloadPilot    1: 4 op, 68582.00 ns, 17.1455 us/op
WorkloadPilot    2: 2333 op, 5722169.00 ns, 2.4527 us/op
WorkloadPilot    3: 16309 op, 46532812.00 ns, 2.8532 us/op
WorkloadPilot    4: 14019 op, 35967312.00 ns, 2.5656 us/op
WorkloadPilot    5: 15591 op, 35252530.00 ns, 2.2611 us/op
WorkloadPilot    6: 17691 op, 38284080.00 ns, 2.1640 us/op
WorkloadPilot    7: 18484 op, 41177456.00 ns, 2.2277 us/op
WorkloadPilot    8: 17955 op, 42595418.00 ns, 2.3723 us/op

WorkloadWarmup   1: 17955 op, 36417232.00 ns, 2.0283 us/op
WorkloadWarmup   2: 17955 op, 35597413.00 ns, 1.9826 us/op
WorkloadWarmup   3: 17955 op, 38307951.00 ns, 2.1336 us/op
WorkloadWarmup   4: 17955 op, 35419561.00 ns, 1.9727 us/op

// BeforeActualRun
WorkloadActual   1: 17955 op, 39440210.00 ns, 2.1966 us/op
WorkloadActual   2: 17955 op, 36023489.00 ns, 2.0063 us/op
WorkloadActual   3: 17955 op, 42729126.00 ns, 2.3798 us/op
WorkloadActual   4: 17955 op, 36685962.00 ns, 2.0432 us/op
WorkloadActual   5: 17955 op, 35347640.00 ns, 1.9687 us/op
WorkloadActual   6: 17955 op, 36190698.00 ns, 2.0156 us/op

// AfterActualRun
WorkloadResult   1: 17955 op, 39440210.00 ns, 2.1966 us/op
WorkloadResult   2: 17955 op, 36023489.00 ns, 2.0063 us/op
WorkloadResult   3: 17955 op, 42729126.00 ns, 2.3798 us/op
WorkloadResult   4: 17955 op, 36685962.00 ns, 2.0432 us/op
WorkloadResult   5: 17955 op, 35347640.00 ns, 1.9687 us/op
WorkloadResult   6: 17955 op, 36190698.00 ns, 2.0156 us/op
// GC:  1 0 0 17667720 17955
// Threading:  0 0 17955

// AfterAll
// Benchmark Process 18110 has exited with code 0.

Mean = 2.102 us, StdErr = 0.064 us (3.06%), N = 6, StdDev = 0.157 us
Min = 1.969 us, Q1 = 2.009 us, Median = 2.029 us, Q3 = 2.158 us, Max = 2.380 us
IQR = 0.150 us, LowerFence = 1.784 us, UpperFence = 2.383 us
ConfidenceInterval = [1.660 us; 2.543 us] (CI 99.9%), Margin = 0.442 us (21.01% of Mean)
Skewness = 0.78, Kurtosis = 1.77, MValue = 2

// ** Remained 117 (78.5 %) benchmark(s) to run. Estimated finish 2026-10-04 8:26 (0h 2m from now) **
// **************************
// Benchmark: CodecSuite.Run: campaign(EvaluateOverhead=False, Clock=Armonik.Ffi.Bdn.CpuClock, IterationCount=6, IterationTime=40ms, LaunchCount=1, RunStrategy=Throughput, WarmupCount=4) [Case=incum(...)fault [54]]
// *** Execute ***
// Launch: 1 / 1
// Execute: dotnet BenchDotNet-campaign-1.dll --anonymousPipes 123 124 --benchmarkName "Armonik.Ffi.Bdn.CodecSuite.Run(Case: \"incumbent-prod|encode-transport-hot|P3.1|ascii|default\")" --job campaign --benchmarkId 32 in /home/user/ArmoniK.Api/ffi/poc/csharp/src/BenchDotNet/bin/Release/net8.0/BenchDotNet-campaign-1/bin/Release/net8.0
// BeforeAnythingElse

// Benchmark Process Environment Information:
// BenchmarkDotNet v0.15.8
// Runtime=.NET 8.0.31 (8.0.31, 8.0.3126.42015), X64 RyuJIT x86-64-v4
// GC=Concurrent Workstation
// HardwareIntrinsics=AVX512 F+BW+CD+DQ+VL,AVX2+BMI1+BMI2+F16C+FMA+LZCNT+MOVBE,AVX,SSE3+SSSE3+SSE4.1+SSE4.2+POPCNT,X86Base+SSE+SSE2,AES+PCLMUL VectorSize=256
// Job: campaign(EvaluateOverhead=False, Clock=Armonik.Ffi.Bdn.CpuClock, IterationCount=6, IterationTime=40ms, LaunchCount=1, RunStrategy=Throughput, WarmupCount=4)

OverheadJitting  1: 1 op, 289714.00 ns, 289.7140 us/op
WorkloadJitting  1: 1 op, 3650837.00 ns, 3.6508 ms/op

WorkloadPilot    1: 4 op, 543019.00 ns, 135.7548 us/op
WorkloadPilot    2: 295 op, 42710922.00 ns, 144.7828 us/op
WorkloadPilot    3: 276 op, 32881886.00 ns, 119.1373 us/op
WorkloadPilot    4: 336 op, 37249135.00 ns, 110.8605 us/op
WorkloadPilot    5: 361 op, 39385482.00 ns, 109.1011 us/op
WorkloadPilot    6: 367 op, 39603321.00 ns, 107.9110 us/op
WorkloadPilot    7: 371 op, 43462182.00 ns, 117.1487 us/op
WorkloadPilot    8: 341 op, 37947795.00 ns, 111.2839 us/op
WorkloadPilot    9: 359 op, 38662729.00 ns, 107.6956 us/op
WorkloadPilot   10: 371 op, 39868143.00 ns, 107.4613 us/op

WorkloadWarmup   1: 371 op, 39778979.00 ns, 107.2210 us/op
WorkloadWarmup   2: 371 op, 42481010.00 ns, 114.5041 us/op
WorkloadWarmup   3: 371 op, 40560270.00 ns, 109.3269 us/op
WorkloadWarmup   4: 371 op, 42311538.00 ns, 114.0473 us/op

// BeforeActualRun
WorkloadActual   1: 371 op, 39667748.00 ns, 106.9212 us/op
WorkloadActual   2: 371 op, 39866386.00 ns, 107.4566 us/op
WorkloadActual   3: 371 op, 39658193.00 ns, 106.8954 us/op
WorkloadActual   4: 371 op, 39550552.00 ns, 106.6053 us/op
WorkloadActual   5: 371 op, 39730734.00 ns, 107.0909 us/op
WorkloadActual   6: 371 op, 39695175.00 ns, 106.9951 us/op

// AfterActualRun
WorkloadResult   1: 371 op, 39667748.00 ns, 106.9212 us/op
WorkloadResult   2: 371 op, 39658193.00 ns, 106.8954 us/op
WorkloadResult   3: 371 op, 39550552.00 ns, 106.6053 us/op
WorkloadResult   4: 371 op, 39730734.00 ns, 107.0909 us/op
WorkloadResult   5: 371 op, 39695175.00 ns, 106.9951 us/op
// GC:  0 0 0 0 371
// Threading:  0 0 371

// AfterAll
// Benchmark Process 18119 has exited with code 0.

Mean = 106.902 us, StdErr = 0.081 us (0.08%), N = 5, StdDev = 0.182 us
Min = 106.605 us, Q1 = 106.895 us, Median = 106.921 us, Q3 = 106.995 us, Max = 107.091 us
IQR = 0.100 us, LowerFence = 106.746 us, UpperFence = 107.145 us
ConfidenceInterval = [106.200 us; 107.603 us] (CI 99.9%), Margin = 0.702 us (0.66% of Mean)
Skewness = -0.61, Kurtosis = 1.65, MValue = 2

// ** Remained 116 (77.9 %) benchmark(s) to run. Estimated finish 2026-10-04 8:26 (0h 2m from now) **
// **************************
// Benchmark: CodecSuite.Run: campaign(EvaluateOverhead=False, Clock=Armonik.Ffi.Bdn.CpuClock, IterationCount=6, IterationTime=40ms, LaunchCount=1, RunStrategy=Throughput, WarmupCount=4) [Case=core-(...)etain [52]]
// *** Execute ***
// Launch: 1 / 1
// Execute: dotnet BenchDotNet-campaign-1.dll --anonymousPipes 123 124 --benchmarkName "Armonik.Ffi.Bdn.CodecSuite.Run(Case: \"core-ffi|decode-read|U-deep-u-repeated|corpus|retain\")" --job campaign --benchmarkId 33 in /home/user/ArmoniK.Api/ffi/poc/csharp/src/BenchDotNet/bin/Release/net8.0/BenchDotNet-campaign-1/bin/Release/net8.0
// BeforeAnythingElse

// Benchmark Process Environment Information:
// BenchmarkDotNet v0.15.8
// Runtime=.NET 8.0.31 (8.0.31, 8.0.3126.42015), X64 RyuJIT x86-64-v4
// GC=Concurrent Workstation
// HardwareIntrinsics=AVX512 F+BW+CD+DQ+VL,AVX2+BMI1+BMI2+F16C+FMA+LZCNT+MOVBE,AVX,SSE3+SSSE3+SSE4.1+SSE4.2+POPCNT,X86Base+SSE+SSE2,AES+PCLMUL VectorSize=256
// Job: campaign(EvaluateOverhead=False, Clock=Armonik.Ffi.Bdn.CpuClock, IterationCount=6, IterationTime=40ms, LaunchCount=1, RunStrategy=Throughput, WarmupCount=4)

OverheadJitting  1: 1 op, 299395.00 ns, 299.3950 us/op
WorkloadJitting  1: 1 op, 20335562.00 ns, 20.3356 ms/op

WorkloadPilot    1: 4 op, 78719.00 ns, 19.6798 us/op
WorkloadPilot    2: 2033 op, 15749023.00 ns, 7.7467 us/op
WorkloadPilot    3: 5163 op, 36139964.00 ns, 6.9998 us/op
WorkloadPilot    4: 5714 op, 43038190.00 ns, 7.5321 us/op
WorkloadPilot    5: 5311 op, 33927663.00 ns, 6.3882 us/op
WorkloadPilot    6: 6262 op, 36698110.00 ns, 5.8604 us/op
WorkloadPilot    7: 6825 op, 40725202.00 ns, 5.9671 us/op
WorkloadPilot    8: 6703 op, 41180091.00 ns, 6.1435 us/op

WorkloadWarmup   1: 6703 op, 38761963.00 ns, 5.7828 us/op
WorkloadWarmup   2: 6703 op, 38495655.00 ns, 5.7430 us/op
WorkloadWarmup   3: 6703 op, 51589757.00 ns, 7.6965 us/op
WorkloadWarmup   4: 6703 op, 42524152.00 ns, 6.3440 us/op

// BeforeActualRun
WorkloadActual   1: 6703 op, 38421861.00 ns, 5.7320 us/op
WorkloadActual   2: 6703 op, 37988897.00 ns, 5.6674 us/op
WorkloadActual   3: 6703 op, 38288975.00 ns, 5.7122 us/op
WorkloadActual   4: 6703 op, 38207238.00 ns, 5.7000 us/op
WorkloadActual   5: 6703 op, 41247877.00 ns, 6.1536 us/op
WorkloadActual   6: 6703 op, 40960829.00 ns, 6.1108 us/op

// AfterActualRun
WorkloadResult   1: 6703 op, 38421861.00 ns, 5.7320 us/op
WorkloadResult   2: 6703 op, 37988897.00 ns, 5.6674 us/op
WorkloadResult   3: 6703 op, 38288975.00 ns, 5.7122 us/op
WorkloadResult   4: 6703 op, 38207238.00 ns, 5.7000 us/op
WorkloadResult   5: 6703 op, 41247877.00 ns, 6.1536 us/op
WorkloadResult   6: 6703 op, 40960829.00 ns, 6.1108 us/op
// GC:  1 0 0 27830856 6703
// Threading:  0 0 6703

// AfterAll
// Benchmark Process 18128 has exited with code 0.

Mean = 5.846 us, StdErr = 0.091 us (1.56%), N = 6, StdDev = 0.223 us
Min = 5.667 us, Q1 = 5.703 us, Median = 5.722 us, Q3 = 6.016 us, Max = 6.154 us
IQR = 0.313 us, LowerFence = 5.233 us, UpperFence = 6.486 us
ConfidenceInterval = [5.220 us; 6.472 us] (CI 99.9%), Margin = 0.626 us (10.70% of Mean)
Skewness = 0.53, Kurtosis = 1.07, MValue = 2

// ** Remained 115 (77.2 %) benchmark(s) to run. Estimated finish 2026-10-04 8:26 (0h 2m from now) **
// **************************
// Benchmark: CodecSuite.Run: campaign(EvaluateOverhead=False, Clock=Armonik.Ffi.Bdn.CpuClock, IterationCount=6, IterationTime=40ms, LaunchCount=1, RunStrategy=Throughput, WarmupCount=4) [Case=incum(...)fault [45]]
// *** Execute ***
// Launch: 1 / 1
// Execute: dotnet BenchDotNet-campaign-1.dll --anonymousPipes 123 124 --benchmarkName "Armonik.Ffi.Bdn.CodecSuite.Run(Case: \"incumbent-prod|decode-read|P6.1|ascii|default\")" --job campaign --benchmarkId 34 in /home/user/ArmoniK.Api/ffi/poc/csharp/src/BenchDotNet/bin/Release/net8.0/BenchDotNet-campaign-1/bin/Release/net8.0
// BeforeAnythingElse

// Benchmark Process Environment Information:
// BenchmarkDotNet v0.15.8
// Runtime=.NET 8.0.31 (8.0.31, 8.0.3126.42015), X64 RyuJIT x86-64-v4
// GC=Concurrent Workstation
// HardwareIntrinsics=AVX512 F+BW+CD+DQ+VL,AVX2+BMI1+BMI2+F16C+FMA+LZCNT+MOVBE,AVX,SSE3+SSSE3+SSE4.1+SSE4.2+POPCNT,X86Base+SSE+SSE2,AES+PCLMUL VectorSize=256
// Job: campaign(EvaluateOverhead=False, Clock=Armonik.Ffi.Bdn.CpuClock, IterationCount=6, IterationTime=40ms, LaunchCount=1, RunStrategy=Throughput, WarmupCount=4)

OverheadJitting  1: 1 op, 239515.00 ns, 239.5150 us/op
WorkloadJitting  1: 1 op, 10624381.00 ns, 10.6244 ms/op

WorkloadPilot    1: 4 op, 15240895.00 ns, 3.8102 ms/op
WorkloadPilot    2: 10 op, 24612200.00 ns, 2.4612 ms/op
WorkloadPilot    3: 16 op, 40845022.00 ns, 2.5528 ms/op

WorkloadWarmup   1: 16 op, 37674840.00 ns, 2.3547 ms/op
WorkloadWarmup   2: 16 op, 37742503.00 ns, 2.3589 ms/op
WorkloadWarmup   3: 16 op, 37754552.00 ns, 2.3597 ms/op
WorkloadWarmup   4: 16 op, 37351461.00 ns, 2.3345 ms/op

// BeforeActualRun
WorkloadActual   1: 16 op, 36247859.00 ns, 2.2655 ms/op
WorkloadActual   2: 16 op, 35930070.00 ns, 2.2456 ms/op
WorkloadActual   3: 16 op, 37090045.00 ns, 2.3181 ms/op
WorkloadActual   4: 16 op, 36664819.00 ns, 2.2916 ms/op
WorkloadActual   5: 16 op, 51388510.00 ns, 3.2118 ms/op
WorkloadActual   6: 16 op, 39117105.00 ns, 2.4448 ms/op

// AfterActualRun
WorkloadResult   1: 16 op, 36247859.00 ns, 2.2655 ms/op
WorkloadResult   2: 16 op, 35930070.00 ns, 2.2456 ms/op
WorkloadResult   3: 16 op, 37090045.00 ns, 2.3181 ms/op
WorkloadResult   4: 16 op, 36664819.00 ns, 2.2916 ms/op
WorkloadResult   5: 16 op, 39117105.00 ns, 2.4448 ms/op
// GC:  0 0 0 5699840 16
// Threading:  0 0 16

// AfterAll
// Benchmark Process 18137 has exited with code 0.

Mean = 2.313 ms, StdErr = 0.035 ms (1.52%), N = 5, StdDev = 0.079 ms
Min = 2.246 ms, Q1 = 2.265 ms, Median = 2.292 ms, Q3 = 2.318 ms, Max = 2.445 ms
IQR = 0.053 ms, LowerFence = 2.187 ms, UpperFence = 2.397 ms
ConfidenceInterval = [2.011 ms; 2.615 ms] (CI 99.9%), Margin = 0.302 ms (13.07% of Mean)
Skewness = 0.77, Kurtosis = 1.72, MValue = 2

// ** Remained 114 (76.5 %) benchmark(s) to run. Estimated finish 2026-10-04 8:26 (0h 1m from now) **
// **************************
// Benchmark: CodecSuite.Run: campaign(EvaluateOverhead=False, Clock=Armonik.Ffi.Bdn.CpuClock, IterationCount=6, IterationTime=40ms, LaunchCount=1, RunStrategy=Throughput, WarmupCount=4) [Case=core-(...)etain [75]]
// *** Execute ***
// Launch: 1 / 1
// Execute: dotnet BenchDotNet-campaign-1.dll --anonymousPipes 123 124 --benchmarkName "Armonik.Ffi.Bdn.CodecSuite.Run(Case: \"core-ffi|encode-transport-hot|U-wire-DualResponse-left-as-wt5|corpus|retain\")" --job campaign --benchmarkId 35 in /home/user/ArmoniK.Api/ffi/poc/csharp/src/BenchDotNet/bin/Release/net8.0/BenchDotNet-campaign-1/bin/Release/net8.0
// BeforeAnythingElse

// Benchmark Process Environment Information:
// BenchmarkDotNet v0.15.8
// Runtime=.NET 8.0.31 (8.0.31, 8.0.3126.42015), X64 RyuJIT x86-64-v4
// GC=Concurrent Workstation
// HardwareIntrinsics=AVX512 F+BW+CD+DQ+VL,AVX2+BMI1+BMI2+F16C+FMA+LZCNT+MOVBE,AVX,SSE3+SSSE3+SSE4.1+SSE4.2+POPCNT,X86Base+SSE+SSE2,AES+PCLMUL VectorSize=256
// Job: campaign(EvaluateOverhead=False, Clock=Armonik.Ffi.Bdn.CpuClock, IterationCount=6, IterationTime=40ms, LaunchCount=1, RunStrategy=Throughput, WarmupCount=4)

OverheadJitting  1: 1 op, 267936.00 ns, 267.9360 us/op
WorkloadJitting  1: 1 op, 5015675.00 ns, 5.0157 ms/op

WorkloadPilot    1: 4 op, 27988.00 ns, 6.9970 us/op
WorkloadPilot    2: 5717 op, 3255008.00 ns, 569.3560 ns/op
WorkloadPilot    3: 70255 op, 39952182.00 ns, 568.6739 ns/op
WorkloadPilot    4: 70339 op, 39270275.00 ns, 558.3002 ns/op
WorkloadPilot    5: 71646 op, 39893812.00 ns, 556.8184 ns/op
WorkloadPilot    6: 71837 op, 40127320.00 ns, 558.5885 ns/op
WorkloadPilot    7: 71609 op, 40197515.00 ns, 561.3472 ns/op
WorkloadPilot    8: 71257 op, 41652409.00 ns, 584.5378 ns/op

WorkloadWarmup   1: 71257 op, 41992777.00 ns, 589.3144 ns/op
WorkloadWarmup   2: 71257 op, 44121971.00 ns, 619.1949 ns/op
WorkloadWarmup   3: 71257 op, 39920857.00 ns, 560.2377 ns/op
WorkloadWarmup   4: 71257 op, 40989196.00 ns, 575.2304 ns/op

// BeforeActualRun
WorkloadActual   1: 71257 op, 40469671.00 ns, 567.9396 ns/op
WorkloadActual   2: 71257 op, 48663961.00 ns, 682.9359 ns/op
WorkloadActual   3: 71257 op, 39618215.00 ns, 555.9905 ns/op
WorkloadActual   4: 71257 op, 39509353.00 ns, 554.4628 ns/op
WorkloadActual   5: 71257 op, 44706152.00 ns, 627.3931 ns/op
WorkloadActual   6: 71257 op, 40648543.00 ns, 570.4498 ns/op

// AfterActualRun
WorkloadResult   1: 71257 op, 40469671.00 ns, 567.9396 ns/op
WorkloadResult   2: 71257 op, 48663961.00 ns, 682.9359 ns/op
WorkloadResult   3: 71257 op, 39618215.00 ns, 555.9905 ns/op
WorkloadResult   4: 71257 op, 39509353.00 ns, 554.4628 ns/op
WorkloadResult   5: 71257 op, 44706152.00 ns, 627.3931 ns/op
WorkloadResult   6: 71257 op, 40648543.00 ns, 570.4498 ns/op
// GC:  0 0 0 0 71257
// Threading:  0 0 71257

// AfterAll
// Benchmark Process 18178 has exited with code 0.

Mean = 593.195 ns, StdErr = 21.026 ns (3.54%), N = 6, StdDev = 51.502 ns
Min = 554.463 ns, Q1 = 558.978 ns, Median = 569.195 ns, Q3 = 613.157 ns, Max = 682.936 ns
IQR = 54.180 ns, LowerFence = 477.708 ns, UpperFence = 694.427 ns
ConfidenceInterval = [448.773 ns; 737.618 ns] (CI 99.9%), Margin = 144.422 ns (24.35% of Mean)
Skewness = 0.76, Kurtosis = 1.68, MValue = 2

// ** Remained 113 (75.8 %) benchmark(s) to run. Estimated finish 2026-10-04 8:26 (0h 1m from now) **
// **************************
// Benchmark: CodecSuite.Run: campaign(EvaluateOverhead=False, Clock=Armonik.Ffi.Bdn.CpuClock, IterationCount=6, IterationTime=40ms, LaunchCount=1, RunStrategy=Throughput, WarmupCount=4) [Case=core-(...)etain [38]]
// *** Execute ***
// Launch: 1 / 1
// Execute: dotnet BenchDotNet-campaign-1.dll --anonymousPipes 123 124 --benchmarkName "Armonik.Ffi.Bdn.CodecSuite.Run(Case: \"core-ffi|decode-read|P4.1|ascii|retain\")" --job campaign --benchmarkId 36 in /home/user/ArmoniK.Api/ffi/poc/csharp/src/BenchDotNet/bin/Release/net8.0/BenchDotNet-campaign-1/bin/Release/net8.0
// BeforeAnythingElse

// Benchmark Process Environment Information:
// BenchmarkDotNet v0.15.8
// Runtime=.NET 8.0.31 (8.0.31, 8.0.3126.42015), X64 RyuJIT x86-64-v4
// GC=Concurrent Workstation
// HardwareIntrinsics=AVX512 F+BW+CD+DQ+VL,AVX2+BMI1+BMI2+F16C+FMA+LZCNT+MOVBE,AVX,SSE3+SSSE3+SSE4.1+SSE4.2+POPCNT,X86Base+SSE+SSE2,AES+PCLMUL VectorSize=256
// Job: campaign(EvaluateOverhead=False, Clock=Armonik.Ffi.Bdn.CpuClock, IterationCount=6, IterationTime=40ms, LaunchCount=1, RunStrategy=Throughput, WarmupCount=4)

OverheadJitting  1: 1 op, 273321.00 ns, 273.3210 us/op
WorkloadJitting  1: 1 op, 7476965.00 ns, 7.4770 ms/op

WorkloadPilot    1: 4 op, 2537559.00 ns, 634.3898 us/op
WorkloadPilot    2: 63 op, 61031324.00 ns, 968.7512 us/op
WorkloadPilot    3: 41 op, 24773311.00 ns, 604.2271 us/op
WorkloadPilot    4: 66 op, 38809294.00 ns, 588.0196 us/op
WorkloadPilot    5: 68 op, 34997095.00 ns, 514.6632 us/op
WorkloadPilot    6: 78 op, 46290970.00 ns, 593.4740 us/op
WorkloadPilot    7: 67 op, 40081568.00 ns, 598.2324 us/op

WorkloadWarmup   1: 67 op, 38650559.00 ns, 576.8740 us/op
WorkloadWarmup   2: 67 op, 32230150.00 ns, 481.0470 us/op
WorkloadWarmup   3: 67 op, 37154461.00 ns, 554.5442 us/op
WorkloadWarmup   4: 67 op, 34185737.00 ns, 510.2349 us/op

// BeforeActualRun
WorkloadActual   1: 67 op, 36934812.00 ns, 551.2659 us/op
WorkloadActual   2: 67 op, 34268260.00 ns, 511.4666 us/op
WorkloadActual   3: 67 op, 39109549.00 ns, 583.7246 us/op
WorkloadActual   4: 67 op, 32469889.00 ns, 484.6252 us/op
WorkloadActual   5: 67 op, 51076504.00 ns, 762.3359 us/op
WorkloadActual   6: 67 op, 36274981.00 ns, 541.4176 us/op

// AfterActualRun
WorkloadResult   1: 67 op, 36934812.00 ns, 551.2659 us/op
WorkloadResult   2: 67 op, 34268260.00 ns, 511.4666 us/op
WorkloadResult   3: 67 op, 39109549.00 ns, 583.7246 us/op
WorkloadResult   4: 67 op, 32469889.00 ns, 484.6252 us/op
WorkloadResult   5: 67 op, 36274981.00 ns, 541.4176 us/op
// GC:  1 0 0 24371920 67
// Threading:  0 0 67

// AfterAll
// Benchmark Process 18187 has exited with code 0.

Mean = 534.500 us, StdErr = 16.985 us (3.18%), N = 5, StdDev = 37.980 us
Min = 484.625 us, Q1 = 511.467 us, Median = 541.418 us, Q3 = 551.266 us, Max = 583.725 us
IQR = 39.799 us, LowerFence = 451.768 us, UpperFence = 610.965 us
ConfidenceInterval = [388.251 us; 680.749 us] (CI 99.9%), Margin = 146.249 us (27.36% of Mean)
Skewness = -0.04, Kurtosis = 1.19, MValue = 2

// ** Remained 112 (75.2 %) benchmark(s) to run. Estimated finish 2026-10-04 8:26 (0h 1m from now) **
// **************************
// Benchmark: CodecSuite.Run: campaign(EvaluateOverhead=False, Clock=Armonik.Ffi.Bdn.CpuClock, IterationCount=6, IterationTime=40ms, LaunchCount=1, RunStrategy=Throughput, WarmupCount=4) [Case=host-(...)etain [47]]
// *** Execute ***
// Launch: 1 / 1
// Execute: dotnet BenchDotNet-campaign-1.dll --anonymousPipes 123 124 --benchmarkName "Armonik.Ffi.Bdn.CodecSuite.Run(Case: \"host-gen|encode-transport-hot|P2.3|ascii|retain\")" --job campaign --benchmarkId 37 in /home/user/ArmoniK.Api/ffi/poc/csharp/src/BenchDotNet/bin/Release/net8.0/BenchDotNet-campaign-1/bin/Release/net8.0
// BeforeAnythingElse

// Benchmark Process Environment Information:
// BenchmarkDotNet v0.15.8
// Runtime=.NET 8.0.31 (8.0.31, 8.0.3126.42015), X64 RyuJIT x86-64-v4
// GC=Concurrent Workstation
// HardwareIntrinsics=AVX512 F+BW+CD+DQ+VL,AVX2+BMI1+BMI2+F16C+FMA+LZCNT+MOVBE,AVX,SSE3+SSSE3+SSE4.1+SSE4.2+POPCNT,X86Base+SSE+SSE2,AES+PCLMUL VectorSize=256
// Job: campaign(EvaluateOverhead=False, Clock=Armonik.Ffi.Bdn.CpuClock, IterationCount=6, IterationTime=40ms, LaunchCount=1, RunStrategy=Throughput, WarmupCount=4)

OverheadJitting  1: 1 op, 290088.00 ns, 290.0880 us/op
WorkloadJitting  1: 1 op, 10258649.00 ns, 10.2586 ms/op

WorkloadPilot    1: 4 op, 8106868.00 ns, 2.0267 ms/op
WorkloadPilot    2: 20 op, 36849285.00 ns, 1.8425 ms/op
WorkloadPilot    3: 22 op, 36717794.00 ns, 1.6690 ms/op
WorkloadPilot    4: 24 op, 55789983.00 ns, 2.3246 ms/op
WorkloadPilot    5: 17 op, 27282133.00 ns, 1.6048 ms/op
WorkloadPilot    6: 25 op, 40620312.00 ns, 1.6248 ms/op

WorkloadWarmup   1: 25 op, 40032007.00 ns, 1.6013 ms/op
WorkloadWarmup   2: 25 op, 39510756.00 ns, 1.5804 ms/op
WorkloadWarmup   3: 25 op, 39494523.00 ns, 1.5798 ms/op
WorkloadWarmup   4: 25 op, 42638779.00 ns, 1.7056 ms/op

// BeforeActualRun
WorkloadActual   1: 25 op, 41249968.00 ns, 1.6500 ms/op
WorkloadActual   2: 25 op, 41425206.00 ns, 1.6570 ms/op
WorkloadActual   3: 25 op, 46420548.00 ns, 1.8568 ms/op
WorkloadActual   4: 25 op, 39378577.00 ns, 1.5751 ms/op
WorkloadActual   5: 25 op, 47188846.00 ns, 1.8876 ms/op
WorkloadActual   6: 25 op, 42203455.00 ns, 1.6881 ms/op

// AfterActualRun
WorkloadResult   1: 25 op, 41249968.00 ns, 1.6500 ms/op
WorkloadResult   2: 25 op, 41425206.00 ns, 1.6570 ms/op
WorkloadResult   3: 25 op, 46420548.00 ns, 1.8568 ms/op
WorkloadResult   4: 25 op, 39378577.00 ns, 1.5751 ms/op
WorkloadResult   5: 25 op, 47188846.00 ns, 1.8876 ms/op
WorkloadResult   6: 25 op, 42203455.00 ns, 1.6881 ms/op
// GC:  0 0 0 400000 25
// Threading:  0 0 25

// AfterAll
// Benchmark Process 18196 has exited with code 0.

Mean = 1.719 ms, StdErr = 0.051 ms (2.96%), N = 6, StdDev = 0.125 ms
Min = 1.575 ms, Q1 = 1.652 ms, Median = 1.673 ms, Q3 = 1.815 ms, Max = 1.888 ms
IQR = 0.163 ms, LowerFence = 1.407 ms, UpperFence = 2.059 ms
ConfidenceInterval = [1.370 ms; 2.069 ms] (CI 99.9%), Margin = 0.349 ms (20.33% of Mean)
Skewness = 0.33, Kurtosis = 1.13, MValue = 3

// ** Remained 111 (74.5 %) benchmark(s) to run. Estimated finish 2026-10-04 8:26 (0h 1m from now) **
// **************************
// Benchmark: CodecSuite.Run: campaign(EvaluateOverhead=False, Clock=Armonik.Ffi.Bdn.CpuClock, IterationCount=6, IterationTime=40ms, LaunchCount=1, RunStrategy=Throughput, WarmupCount=4) [Case=incum(...)fault [54]]
// *** Execute ***
// Launch: 1 / 1
// Execute: dotnet BenchDotNet-campaign-1.dll --anonymousPipes 123 124 --benchmarkName "Armonik.Ffi.Bdn.CodecSuite.Run(Case: \"incumbent-prod|encode-transport-hot|P1.3|ascii|default\")" --job campaign --benchmarkId 38 in /home/user/ArmoniK.Api/ffi/poc/csharp/src/BenchDotNet/bin/Release/net8.0/BenchDotNet-campaign-1/bin/Release/net8.0
// BeforeAnythingElse

// Benchmark Process Environment Information:
// BenchmarkDotNet v0.15.8
// Runtime=.NET 8.0.31 (8.0.31, 8.0.3126.42015), X64 RyuJIT x86-64-v4
// GC=Concurrent Workstation
// HardwareIntrinsics=AVX512 F+BW+CD+DQ+VL,AVX2+BMI1+BMI2+F16C+FMA+LZCNT+MOVBE,AVX,SSE3+SSSE3+SSE4.1+SSE4.2+POPCNT,X86Base+SSE+SSE2,AES+PCLMUL VectorSize=256
// Job: campaign(EvaluateOverhead=False, Clock=Armonik.Ffi.Bdn.CpuClock, IterationCount=6, IterationTime=40ms, LaunchCount=1, RunStrategy=Throughput, WarmupCount=4)

OverheadJitting  1: 1 op, 243443.00 ns, 243.4430 us/op
WorkloadJitting  1: 1 op, 3706945.00 ns, 3.7069 ms/op

WorkloadPilot    1: 4 op, 214922.00 ns, 53.7305 us/op
WorkloadPilot    2: 744 op, 34408527.00 ns, 46.2480 us/op
WorkloadPilot    3: 865 op, 37892184.00 ns, 43.8060 us/op
WorkloadPilot    4: 913 op, 41659977.00 ns, 45.6298 us/op
WorkloadPilot    5: 877 op, 42368808.00 ns, 48.3111 us/op
WorkloadPilot    6: 828 op, 40659276.00 ns, 49.1054 us/op

WorkloadWarmup   1: 828 op, 37676081.00 ns, 45.5025 us/op
WorkloadWarmup   2: 828 op, 36688946.00 ns, 44.3103 us/op
WorkloadWarmup   3: 828 op, 40176141.00 ns, 48.5219 us/op
WorkloadWarmup   4: 828 op, 40074674.00 ns, 48.3994 us/op

// BeforeActualRun
WorkloadActual   1: 828 op, 41601737.00 ns, 50.2436 us/op
WorkloadActual   2: 828 op, 37219697.00 ns, 44.9513 us/op
WorkloadActual   3: 828 op, 41553996.00 ns, 50.1860 us/op
WorkloadActual   4: 828 op, 40655519.00 ns, 49.1009 us/op
WorkloadActual   5: 828 op, 35913835.00 ns, 43.3742 us/op
WorkloadActual   6: 828 op, 40403639.00 ns, 48.7967 us/op

// AfterActualRun
WorkloadResult   1: 828 op, 41601737.00 ns, 50.2436 us/op
WorkloadResult   2: 828 op, 37219697.00 ns, 44.9513 us/op
WorkloadResult   3: 828 op, 41553996.00 ns, 50.1860 us/op
WorkloadResult   4: 828 op, 40655519.00 ns, 49.1009 us/op
WorkloadResult   5: 828 op, 35913835.00 ns, 43.3742 us/op
WorkloadResult   6: 828 op, 40403639.00 ns, 48.7967 us/op
// GC:  0 0 0 0 828
// Threading:  0 0 828

// AfterAll
// Benchmark Process 18205 has exited with code 0.

Mean = 47.775 us, StdErr = 1.184 us (2.48%), N = 6, StdDev = 2.900 us
Min = 43.374 us, Q1 = 45.913 us, Median = 48.949 us, Q3 = 49.915 us, Max = 50.244 us
IQR = 4.002 us, LowerFence = 39.910 us, UpperFence = 55.918 us
ConfidenceInterval = [39.643 us; 55.907 us] (CI 99.9%), Margin = 8.132 us (17.02% of Mean)
Skewness = -0.51, Kurtosis = 1.21, MValue = 2

// ** Remained 110 (73.8 %) benchmark(s) to run. Estimated finish 2026-10-04 8:26 (0h 1m from now) **
// **************************
// Benchmark: CodecSuite.Run: campaign(EvaluateOverhead=False, Clock=Armonik.Ffi.Bdn.CpuClock, IterationCount=6, IterationTime=40ms, LaunchCount=1, RunStrategy=Throughput, WarmupCount=4) [Case=incum(...)fault [55]]
// *** Execute ***
// Launch: 1 / 1
// Execute: dotnet BenchDotNet-campaign-1.dll --anonymousPipes 123 124 --benchmarkName "Armonik.Ffi.Bdn.CodecSuite.Run(Case: \"incumbent-prod|encode-transport-hot|P2.2|latin1|default\")" --job campaign --benchmarkId 39 in /home/user/ArmoniK.Api/ffi/poc/csharp/src/BenchDotNet/bin/Release/net8.0/BenchDotNet-campaign-1/bin/Release/net8.0
// BeforeAnythingElse

// Benchmark Process Environment Information:
// BenchmarkDotNet v0.15.8
// Runtime=.NET 8.0.31 (8.0.31, 8.0.3126.42015), X64 RyuJIT x86-64-v4
// GC=Concurrent Workstation
// HardwareIntrinsics=AVX512 F+BW+CD+DQ+VL,AVX2+BMI1+BMI2+F16C+FMA+LZCNT+MOVBE,AVX,SSE3+SSSE3+SSE4.1+SSE4.2+POPCNT,X86Base+SSE+SSE2,AES+PCLMUL VectorSize=256
// Job: campaign(EvaluateOverhead=False, Clock=Armonik.Ffi.Bdn.CpuClock, IterationCount=6, IterationTime=40ms, LaunchCount=1, RunStrategy=Throughput, WarmupCount=4)

OverheadJitting  1: 1 op, 299763.00 ns, 299.7630 us/op
WorkloadJitting  1: 1 op, 11396363.00 ns, 11.3964 ms/op

WorkloadPilot    1: 4 op, 26395314.00 ns, 6.5988 ms/op
WorkloadPilot    2: 6 op, 39398100.00 ns, 6.5664 ms/op

WorkloadWarmup   1: 6 op, 38867874.00 ns, 6.4780 ms/op
WorkloadWarmup   2: 6 op, 38955218.00 ns, 6.4925 ms/op
WorkloadWarmup   3: 6 op, 37897086.00 ns, 6.3162 ms/op
WorkloadWarmup   4: 6 op, 37856751.00 ns, 6.3095 ms/op

// BeforeActualRun
WorkloadActual   1: 6 op, 37513157.00 ns, 6.2522 ms/op
WorkloadActual   2: 6 op, 37560873.00 ns, 6.2601 ms/op
WorkloadActual   3: 6 op, 40070773.00 ns, 6.6785 ms/op
WorkloadActual   4: 6 op, 37702171.00 ns, 6.2837 ms/op
WorkloadActual   5: 6 op, 36509789.00 ns, 6.0850 ms/op
WorkloadActual   6: 6 op, 37286200.00 ns, 6.2144 ms/op

// AfterActualRun
WorkloadResult   1: 6 op, 37513157.00 ns, 6.2522 ms/op
WorkloadResult   2: 6 op, 37560873.00 ns, 6.2601 ms/op
WorkloadResult   3: 6 op, 37702171.00 ns, 6.2837 ms/op
WorkloadResult   4: 6 op, 36509789.00 ns, 6.0850 ms/op
WorkloadResult   5: 6 op, 37286200.00 ns, 6.2144 ms/op
// GC:  0 0 0 168000 6
// Threading:  0 0 6

// AfterAll
// Benchmark Process 18214 has exited with code 0.

Mean = 6.219 ms, StdErr = 0.035 ms (0.57%), N = 5, StdDev = 0.079 ms
Min = 6.085 ms, Q1 = 6.214 ms, Median = 6.252 ms, Q3 = 6.260 ms, Max = 6.284 ms
IQR = 0.046 ms, LowerFence = 6.146 ms, UpperFence = 6.329 ms
ConfidenceInterval = [5.915 ms; 6.523 ms] (CI 99.9%), Margin = 0.304 ms (4.89% of Mean)
Skewness = -0.83, Kurtosis = 1.77, MValue = 2

// ** Remained 109 (73.2 %) benchmark(s) to run. Estimated finish 2026-10-04 8:26 (0h 1m from now) **
// **************************
// Benchmark: CodecSuite.Run: campaign(EvaluateOverhead=False, Clock=Armonik.Ffi.Bdn.CpuClock, IterationCount=6, IterationTime=40ms, LaunchCount=1, RunStrategy=Throughput, WarmupCount=4) [Case=core-(...)etain [47]]
// *** Execute ***
// Launch: 1 / 1
// Execute: dotnet BenchDotNet-campaign-1.dll --anonymousPipes 123 124 --benchmarkName "Armonik.Ffi.Bdn.CodecSuite.Run(Case: \"core-ffi|encode-transport-hot|P1.2|ascii|retain\")" --job campaign --benchmarkId 40 in /home/user/ArmoniK.Api/ffi/poc/csharp/src/BenchDotNet/bin/Release/net8.0/BenchDotNet-campaign-1/bin/Release/net8.0
// BeforeAnythingElse

// Benchmark Process Environment Information:
// BenchmarkDotNet v0.15.8
// Runtime=.NET 8.0.31 (8.0.31, 8.0.3126.42015), X64 RyuJIT x86-64-v4
// GC=Concurrent Workstation
// HardwareIntrinsics=AVX512 F+BW+CD+DQ+VL,AVX2+BMI1+BMI2+F16C+FMA+LZCNT+MOVBE,AVX,SSE3+SSSE3+SSE4.1+SSE4.2+POPCNT,X86Base+SSE+SSE2,AES+PCLMUL VectorSize=256
// Job: campaign(EvaluateOverhead=False, Clock=Armonik.Ffi.Bdn.CpuClock, IterationCount=6, IterationTime=40ms, LaunchCount=1, RunStrategy=Throughput, WarmupCount=4)

OverheadJitting  1: 1 op, 276015.00 ns, 276.0150 us/op
WorkloadJitting  1: 1 op, 6797264.00 ns, 6.7973 ms/op

WorkloadPilot    1: 4 op, 1697702.00 ns, 424.4255 us/op
WorkloadPilot    2: 94 op, 35326963.00 ns, 375.8188 us/op
WorkloadPilot    3: 106 op, 36193246.00 ns, 341.4457 us/op
WorkloadPilot    4: 117 op, 39309562.00 ns, 335.9792 us/op
WorkloadPilot    5: 119 op, 41039355.00 ns, 344.8685 us/op
WorkloadPilot    6: 116 op, 39605399.00 ns, 341.4259 us/op

WorkloadWarmup   1: 116 op, 39000603.00 ns, 336.2121 us/op
WorkloadWarmup   2: 116 op, 39134984.00 ns, 337.3706 us/op
WorkloadWarmup   3: 116 op, 38467403.00 ns, 331.6155 us/op
WorkloadWarmup   4: 116 op, 37257516.00 ns, 321.1855 us/op

// BeforeActualRun
WorkloadActual   1: 116 op, 39798447.00 ns, 343.0901 us/op
WorkloadActual   2: 116 op, 38943059.00 ns, 335.7160 us/op
WorkloadActual   3: 116 op, 39157676.00 ns, 337.5662 us/op
WorkloadActual   4: 116 op, 39202658.00 ns, 337.9539 us/op
WorkloadActual   5: 116 op, 37938046.00 ns, 327.0521 us/op
WorkloadActual   6: 116 op, 37661252.00 ns, 324.6660 us/op

// AfterActualRun
WorkloadResult   1: 116 op, 39798447.00 ns, 343.0901 us/op
WorkloadResult   2: 116 op, 38943059.00 ns, 335.7160 us/op
WorkloadResult   3: 116 op, 39157676.00 ns, 337.5662 us/op
WorkloadResult   4: 116 op, 39202658.00 ns, 337.9539 us/op
WorkloadResult   5: 116 op, 37938046.00 ns, 327.0521 us/op
WorkloadResult   6: 116 op, 37661252.00 ns, 324.6660 us/op
// GC:  0 0 0 0 116
// Threading:  0 0 116

// AfterAll
// Benchmark Process 18257 has exited with code 0.

Mean = 334.341 us, StdErr = 2.879 us (0.86%), N = 6, StdDev = 7.052 us
Min = 324.666 us, Q1 = 329.218 us, Median = 336.641 us, Q3 = 337.857 us, Max = 343.090 us
IQR = 8.639 us, LowerFence = 316.260 us, UpperFence = 350.815 us
ConfidenceInterval = [314.567 us; 354.115 us] (CI 99.9%), Margin = 19.774 us (5.91% of Mean)
Skewness = -0.26, Kurtosis = 1.19, MValue = 2

// ** Remained 108 (72.5 %) benchmark(s) to run. Estimated finish 2026-10-04 8:26 (0h 1m from now) **
// **************************
// Benchmark: CodecSuite.Run: campaign(EvaluateOverhead=False, Clock=Armonik.Ffi.Bdn.CpuClock, IterationCount=6, IterationTime=40ms, LaunchCount=1, RunStrategy=Throughput, WarmupCount=4) [Case=core-(...)etain [38]]
// *** Execute ***
// Launch: 1 / 1
// Execute: dotnet BenchDotNet-campaign-1.dll --anonymousPipes 123 124 --benchmarkName "Armonik.Ffi.Bdn.CodecSuite.Run(Case: \"core-ffi|decode-read|P1.1|ascii|retain\")" --job campaign --benchmarkId 41 in /home/user/ArmoniK.Api/ffi/poc/csharp/src/BenchDotNet/bin/Release/net8.0/BenchDotNet-campaign-1/bin/Release/net8.0
// BeforeAnythingElse

// Benchmark Process Environment Information:
// BenchmarkDotNet v0.15.8
// Runtime=.NET 8.0.31 (8.0.31, 8.0.3126.42015), X64 RyuJIT x86-64-v4
// GC=Concurrent Workstation
// HardwareIntrinsics=AVX512 F+BW+CD+DQ+VL,AVX2+BMI1+BMI2+F16C+FMA+LZCNT+MOVBE,AVX,SSE3+SSSE3+SSE4.1+SSE4.2+POPCNT,X86Base+SSE+SSE2,AES+PCLMUL VectorSize=256
// Job: campaign(EvaluateOverhead=False, Clock=Armonik.Ffi.Bdn.CpuClock, IterationCount=6, IterationTime=40ms, LaunchCount=1, RunStrategy=Throughput, WarmupCount=4)

OverheadJitting  1: 1 op, 260653.00 ns, 260.6530 us/op
WorkloadJitting  1: 1 op, 4125205.00 ns, 4.1252 ms/op

WorkloadPilot    1: 4 op, 57197.00 ns, 14.2993 us/op
WorkloadPilot    2: 2797 op, 11564317.00 ns, 4.1345 us/op
WorkloadPilot    3: 9675 op, 34094694.00 ns, 3.5240 us/op
WorkloadPilot    4: 11351 op, 36395644.00 ns, 3.2064 us/op
WorkloadPilot    5: 12475 op, 35714685.00 ns, 2.8629 us/op
WorkloadPilot    6: 13972 op, 42733665.00 ns, 3.0585 us/op
WorkloadPilot    7: 13078 op, 36803412.00 ns, 2.8141 us/op
WorkloadPilot    8: 14214 op, 41063369.00 ns, 2.8889 us/op
WorkloadPilot    9: 13846 op, 38585265.00 ns, 2.7867 us/op
WorkloadPilot   10: 14354 op, 40528980.00 ns, 2.8235 us/op

WorkloadWarmup   1: 14354 op, 40374469.00 ns, 2.8128 us/op
WorkloadWarmup   2: 14354 op, 41150212.00 ns, 2.8668 us/op
WorkloadWarmup   3: 14354 op, 40499802.00 ns, 2.8215 us/op
WorkloadWarmup   4: 14354 op, 41287891.00 ns, 2.8764 us/op

// BeforeActualRun
WorkloadActual   1: 14354 op, 41516892.00 ns, 2.8924 us/op
WorkloadActual   2: 14354 op, 42080399.00 ns, 2.9316 us/op
WorkloadActual   3: 14354 op, 40555266.00 ns, 2.8254 us/op
WorkloadActual   4: 14354 op, 40686277.00 ns, 2.8345 us/op
WorkloadActual   5: 14354 op, 40698567.00 ns, 2.8353 us/op
WorkloadActual   6: 14354 op, 40308897.00 ns, 2.8082 us/op

// AfterActualRun
WorkloadResult   1: 14354 op, 41516892.00 ns, 2.8924 us/op
WorkloadResult   2: 14354 op, 42080399.00 ns, 2.9316 us/op
WorkloadResult   3: 14354 op, 40555266.00 ns, 2.8254 us/op
WorkloadResult   4: 14354 op, 40686277.00 ns, 2.8345 us/op
WorkloadResult   5: 14354 op, 40698567.00 ns, 2.8353 us/op
WorkloadResult   6: 14354 op, 40308897.00 ns, 2.8082 us/op
// GC:  2 0 0 39157712 14354
// Threading:  0 0 14354

// AfterAll
// Benchmark Process 18266 has exited with code 0.

Mean = 2.855 us, StdErr = 0.019 us (0.68%), N = 6, StdDev = 0.047 us
Min = 2.808 us, Q1 = 2.828 us, Median = 2.835 us, Q3 = 2.878 us, Max = 2.932 us
IQR = 0.050 us, LowerFence = 2.752 us, UpperFence = 2.954 us
ConfidenceInterval = [2.722 us; 2.987 us] (CI 99.9%), Margin = 0.132 us (4.64% of Mean)
Skewness = 0.59, Kurtosis = 1.44, MValue = 2

// ** Remained 107 (71.8 %) benchmark(s) to run. Estimated finish 2026-10-04 8:26 (0h 1m from now) **
// **************************
// Benchmark: CodecSuite.Run: campaign(EvaluateOverhead=False, Clock=Armonik.Ffi.Bdn.CpuClock, IterationCount=6, IterationTime=40ms, LaunchCount=1, RunStrategy=Throughput, WarmupCount=4) [Case=core-(...)etain [38]]
// *** Execute ***
// Launch: 1 / 1
// Execute: dotnet BenchDotNet-campaign-1.dll --anonymousPipes 123 124 --benchmarkName "Armonik.Ffi.Bdn.CodecSuite.Run(Case: \"core-ffi|decode-read|P5.4|ascii|retain\")" --job campaign --benchmarkId 42 in /home/user/ArmoniK.Api/ffi/poc/csharp/src/BenchDotNet/bin/Release/net8.0/BenchDotNet-campaign-1/bin/Release/net8.0
// BeforeAnythingElse

// Benchmark Process Environment Information:
// BenchmarkDotNet v0.15.8
// Runtime=.NET 8.0.31 (8.0.31, 8.0.3126.42015), X64 RyuJIT x86-64-v4
// GC=Concurrent Workstation
// HardwareIntrinsics=AVX512 F+BW+CD+DQ+VL,AVX2+BMI1+BMI2+F16C+FMA+LZCNT+MOVBE,AVX,SSE3+SSSE3+SSE4.1+SSE4.2+POPCNT,X86Base+SSE+SSE2,AES+PCLMUL VectorSize=256
// Job: campaign(EvaluateOverhead=False, Clock=Armonik.Ffi.Bdn.CpuClock, IterationCount=6, IterationTime=40ms, LaunchCount=1, RunStrategy=Throughput, WarmupCount=4)

OverheadJitting  1: 1 op, 252522.00 ns, 252.5220 us/op
WorkloadJitting  1: 1 op, 4495156.00 ns, 4.4952 ms/op

WorkloadPilot    1: 4 op, 8293481.00 ns, 2.0734 ms/op
WorkloadPilot    2: 19 op, 39569356.00 ns, 2.0826 ms/op

WorkloadWarmup   1: 19 op, 17636015.00 ns, 928.2113 us/op
WorkloadWarmup   2: 19 op, 17520061.00 ns, 922.1085 us/op
WorkloadWarmup   3: 19 op, 17979384.00 ns, 946.2834 us/op
WorkloadWarmup   4: 19 op, 17997376.00 ns, 947.2303 us/op

// BeforeActualRun
WorkloadActual   1: 19 op, 17919632.00 ns, 943.1385 us/op
WorkloadActual   2: 19 op, 18403747.00 ns, 968.6183 us/op
WorkloadActual   3: 19 op, 18891795.00 ns, 994.3050 us/op
WorkloadActual   4: 19 op, 18098290.00 ns, 952.5416 us/op
WorkloadActual   5: 19 op, 17782750.00 ns, 935.9342 us/op
WorkloadActual   6: 19 op, 26047134.00 ns, 1.3709 ms/op

// AfterActualRun
WorkloadResult   1: 19 op, 17919632.00 ns, 943.1385 us/op
WorkloadResult   2: 19 op, 18403747.00 ns, 968.6183 us/op
WorkloadResult   3: 19 op, 18891795.00 ns, 994.3050 us/op
WorkloadResult   4: 19 op, 18098290.00 ns, 952.5416 us/op
WorkloadResult   5: 19 op, 17782750.00 ns, 935.9342 us/op
// GC:  1 1 1 79697736 19
// Threading:  0 0 19

// AfterAll
// Benchmark Process 18275 has exited with code 0.

Mean = 958.908 us, StdErr = 10.402 us (1.08%), N = 5, StdDev = 23.261 us
Min = 935.934 us, Q1 = 943.139 us, Median = 952.542 us, Q3 = 968.618 us, Max = 994.305 us
IQR = 25.480 us, LowerFence = 904.919 us, UpperFence = 1,006.838 us
ConfidenceInterval = [869.339 us; 1,048.476 us] (CI 99.9%), Margin = 89.569 us (9.34% of Mean)
Skewness = 0.46, Kurtosis = 1.31, MValue = 2

// ** Remained 106 (71.1 %) benchmark(s) to run. Estimated finish 2026-10-04 8:26 (0h 1m from now) **
// **************************
// Benchmark: CodecSuite.Run: campaign(EvaluateOverhead=False, Clock=Armonik.Ffi.Bdn.CpuClock, IterationCount=6, IterationTime=40ms, LaunchCount=1, RunStrategy=Throughput, WarmupCount=4) [Case=host-(...)etain [61]]
// *** Execute ***
// Launch: 1 / 1
// Execute: dotnet BenchDotNet-campaign-1.dll --anonymousPipes 123 124 --benchmarkName "Armonik.Ffi.Bdn.CodecSuite.Run(Case: \"host-gen|encode-transport-hot|U-deep-u-repeated|corpus|retain\")" --job campaign --benchmarkId 43 in /home/user/ArmoniK.Api/ffi/poc/csharp/src/BenchDotNet/bin/Release/net8.0/BenchDotNet-campaign-1/bin/Release/net8.0
// BeforeAnythingElse

// Benchmark Process Environment Information:
// BenchmarkDotNet v0.15.8
// Runtime=.NET 8.0.31 (8.0.31, 8.0.3126.42015), X64 RyuJIT x86-64-v4
// GC=Concurrent Workstation
// HardwareIntrinsics=AVX512 F+BW+CD+DQ+VL,AVX2+BMI1+BMI2+F16C+FMA+LZCNT+MOVBE,AVX,SSE3+SSSE3+SSE4.1+SSE4.2+POPCNT,X86Base+SSE+SSE2,AES+PCLMUL VectorSize=256
// Job: campaign(EvaluateOverhead=False, Clock=Armonik.Ffi.Bdn.CpuClock, IterationCount=6, IterationTime=40ms, LaunchCount=1, RunStrategy=Throughput, WarmupCount=4)

OverheadJitting  1: 1 op, 256991.00 ns, 256.9910 us/op
WorkloadJitting  1: 1 op, 6554499.00 ns, 6.5545 ms/op

WorkloadPilot    1: 4 op, 54377.00 ns, 13.5943 us/op
WorkloadPilot    2: 2942 op, 15021673.00 ns, 5.1059 us/op
WorkloadPilot    3: 7834 op, 38051146.00 ns, 4.8572 us/op
WorkloadPilot    4: 8235 op, 41863779.00 ns, 5.0836 us/op
WorkloadPilot    5: 7868 op, 37853412.00 ns, 4.8111 us/op
WorkloadPilot    6: 8314 op, 39129602.00 ns, 4.7065 us/op
WorkloadPilot    7: 8499 op, 42114057.00 ns, 4.9552 us/op
WorkloadPilot    8: 8072 op, 36448910.00 ns, 4.5155 us/op
WorkloadPilot    9: 8858 op, 39597054.00 ns, 4.4702 us/op
WorkloadPilot   10: 8948 op, 40218832.00 ns, 4.4947 us/op

WorkloadWarmup   1: 8948 op, 39572225.00 ns, 4.4225 us/op
WorkloadWarmup   2: 8948 op, 39674623.00 ns, 4.4339 us/op
WorkloadWarmup   3: 8948 op, 39830557.00 ns, 4.4513 us/op
WorkloadWarmup   4: 8948 op, 39523814.00 ns, 4.4171 us/op

// BeforeActualRun
WorkloadActual   1: 8948 op, 39557835.00 ns, 4.4209 us/op
WorkloadActual   2: 8948 op, 39705963.00 ns, 4.4374 us/op
WorkloadActual   3: 8948 op, 39531259.00 ns, 4.4179 us/op
WorkloadActual   4: 8948 op, 39238672.00 ns, 4.3852 us/op
WorkloadActual   5: 8948 op, 39580623.00 ns, 4.4234 us/op
WorkloadActual   6: 8948 op, 39429740.00 ns, 4.4065 us/op

// AfterActualRun
WorkloadResult   1: 8948 op, 39557835.00 ns, 4.4209 us/op
WorkloadResult   2: 8948 op, 39705963.00 ns, 4.4374 us/op
WorkloadResult   3: 8948 op, 39531259.00 ns, 4.4179 us/op
WorkloadResult   4: 8948 op, 39238672.00 ns, 4.3852 us/op
WorkloadResult   5: 8948 op, 39580623.00 ns, 4.4234 us/op
WorkloadResult   6: 8948 op, 39429740.00 ns, 4.4065 us/op
// GC:  0 0 0 1145344 8948
// Threading:  0 0 8948

// AfterAll
// Benchmark Process 18310 has exited with code 0.

Mean = 4.415 us, StdErr = 0.007 us (0.16%), N = 6, StdDev = 0.018 us
Min = 4.385 us, Q1 = 4.409 us, Median = 4.419 us, Q3 = 4.423 us, Max = 4.437 us
IQR = 0.013 us, LowerFence = 4.389 us, UpperFence = 4.443 us
ConfidenceInterval = [4.365 us; 4.465 us] (CI 99.9%), Margin = 0.050 us (1.13% of Mean)
Skewness = -0.48, Kurtosis = 1.79, MValue = 2

// ** Remained 105 (70.5 %) benchmark(s) to run. Estimated finish 2026-10-04 8:26 (0h 1m from now) **
// **************************
// Benchmark: CodecSuite.Run: campaign(EvaluateOverhead=False, Clock=Armonik.Ffi.Bdn.CpuClock, IterationCount=6, IterationTime=40ms, LaunchCount=1, RunStrategy=Throughput, WarmupCount=4) [Case=incum(...)fault [54]]
// *** Execute ***
// Launch: 1 / 1
// Execute: dotnet BenchDotNet-campaign-1.dll --anonymousPipes 123 124 --benchmarkName "Armonik.Ffi.Bdn.CodecSuite.Run(Case: \"incumbent-prod|encode-transport-hot|P5.1|ascii|default\")" --job campaign --benchmarkId 44 in /home/user/ArmoniK.Api/ffi/poc/csharp/src/BenchDotNet/bin/Release/net8.0/BenchDotNet-campaign-1/bin/Release/net8.0
// BeforeAnythingElse

// Benchmark Process Environment Information:
// BenchmarkDotNet v0.15.8
// Runtime=.NET 8.0.31 (8.0.31, 8.0.3126.42015), X64 RyuJIT x86-64-v4
// GC=Concurrent Workstation
// HardwareIntrinsics=AVX512 F+BW+CD+DQ+VL,AVX2+BMI1+BMI2+F16C+FMA+LZCNT+MOVBE,AVX,SSE3+SSSE3+SSE4.1+SSE4.2+POPCNT,X86Base+SSE+SSE2,AES+PCLMUL VectorSize=256
// Job: campaign(EvaluateOverhead=False, Clock=Armonik.Ffi.Bdn.CpuClock, IterationCount=6, IterationTime=40ms, LaunchCount=1, RunStrategy=Throughput, WarmupCount=4)

OverheadJitting  1: 1 op, 255283.00 ns, 255.2830 us/op
WorkloadJitting  1: 1 op, 3391789.00 ns, 3.3918 ms/op

WorkloadPilot    1: 4 op, 57105.00 ns, 14.2763 us/op
WorkloadPilot    2: 2802 op, 1851371.00 ns, 660.7320 ns/op
WorkloadPilot    3: 60539 op, 37011190.00 ns, 611.3611 ns/op
WorkloadPilot    4: 65428 op, 38864865.00 ns, 594.0097 ns/op
WorkloadPilot    5: 67339 op, 40036232.00 ns, 594.5475 ns/op
WorkloadPilot    6: 67278 op, 40360447.00 ns, 599.9056 ns/op
WorkloadPilot    7: 66677 op, 39457689.00 ns, 591.7736 ns/op
WorkloadPilot    8: 67593 op, 40325412.00 ns, 596.5915 ns/op

WorkloadWarmup   1: 67593 op, 39616042.00 ns, 586.0968 ns/op
WorkloadWarmup   2: 67593 op, 40508191.00 ns, 599.2957 ns/op
WorkloadWarmup   3: 67593 op, 39843180.00 ns, 589.4572 ns/op
WorkloadWarmup   4: 67593 op, 39658642.00 ns, 586.7271 ns/op

// BeforeActualRun
WorkloadActual   1: 67593 op, 39896107.00 ns, 590.2402 ns/op
WorkloadActual   2: 67593 op, 40058955.00 ns, 592.6495 ns/op
WorkloadActual   3: 67593 op, 39480623.00 ns, 584.0934 ns/op
WorkloadActual   4: 67593 op, 39748155.00 ns, 588.0514 ns/op
WorkloadActual   5: 67593 op, 39728308.00 ns, 587.7577 ns/op
WorkloadActual   6: 67593 op, 46376677.00 ns, 686.1166 ns/op

// AfterActualRun
WorkloadResult   1: 67593 op, 39896107.00 ns, 590.2402 ns/op
WorkloadResult   2: 67593 op, 40058955.00 ns, 592.6495 ns/op
WorkloadResult   3: 67593 op, 39480623.00 ns, 584.0934 ns/op
WorkloadResult   4: 67593 op, 39748155.00 ns, 588.0514 ns/op
WorkloadResult   5: 67593 op, 39728308.00 ns, 587.7577 ns/op
// GC:  0 0 0 0 67593
// Threading:  0 0 67593

// AfterAll
// Benchmark Process 18319 has exited with code 0.

Mean = 588.558 ns, StdErr = 1.421 ns (0.24%), N = 5, StdDev = 3.178 ns
Min = 584.093 ns, Q1 = 587.758 ns, Median = 588.051 ns, Q3 = 590.240 ns, Max = 592.649 ns
IQR = 2.482 ns, LowerFence = 584.034 ns, UpperFence = 593.964 ns
ConfidenceInterval = [576.321 ns; 600.796 ns] (CI 99.9%), Margin = 12.238 ns (2.08% of Mean)
Skewness = -0.1, Kurtosis = 1.35, MValue = 2

// ** Remained 104 (69.8 %) benchmark(s) to run. Estimated finish 2026-10-04 8:26 (0h 1m from now) **
// **************************
// Benchmark: CodecSuite.Run: campaign(EvaluateOverhead=False, Clock=Armonik.Ffi.Bdn.CpuClock, IterationCount=6, IterationTime=40ms, LaunchCount=1, RunStrategy=Throughput, WarmupCount=4) [Case=core-(...)etain [47]]
// *** Execute ***
// Launch: 1 / 1
// Execute: dotnet BenchDotNet-campaign-1.dll --anonymousPipes 123 124 --benchmarkName "Armonik.Ffi.Bdn.CodecSuite.Run(Case: \"core-ffi|encode-transport-hot|P2.3|ascii|retain\")" --job campaign --benchmarkId 45 in /home/user/ArmoniK.Api/ffi/poc/csharp/src/BenchDotNet/bin/Release/net8.0/BenchDotNet-campaign-1/bin/Release/net8.0
// BeforeAnythingElse

// Benchmark Process Environment Information:
// BenchmarkDotNet v0.15.8
// Runtime=.NET 8.0.31 (8.0.31, 8.0.3126.42015), X64 RyuJIT x86-64-v4
// GC=Concurrent Workstation
// HardwareIntrinsics=AVX512 F+BW+CD+DQ+VL,AVX2+BMI1+BMI2+F16C+FMA+LZCNT+MOVBE,AVX,SSE3+SSSE3+SSE4.1+SSE4.2+POPCNT,X86Base+SSE+SSE2,AES+PCLMUL VectorSize=256
// Job: campaign(EvaluateOverhead=False, Clock=Armonik.Ffi.Bdn.CpuClock, IterationCount=6, IterationTime=40ms, LaunchCount=1, RunStrategy=Throughput, WarmupCount=4)

OverheadJitting  1: 1 op, 272297.00 ns, 272.2970 us/op
WorkloadJitting  1: 1 op, 11896930.00 ns, 11.8969 ms/op

WorkloadPilot    1: 4 op, 12084318.00 ns, 3.0211 ms/op
WorkloadPilot    2: 13 op, 11878483.00 ns, 913.7295 us/op
WorkloadPilot    3: 44 op, 38339632.00 ns, 871.3553 us/op
WorkloadPilot    4: 46 op, 39878123.00 ns, 866.9157 us/op

WorkloadWarmup   1: 46 op, 41822405.00 ns, 909.1827 us/op
WorkloadWarmup   2: 46 op, 41531649.00 ns, 902.8619 us/op
WorkloadWarmup   3: 46 op, 42449966.00 ns, 922.8253 us/op
WorkloadWarmup   4: 46 op, 43789494.00 ns, 951.9455 us/op

// BeforeActualRun
WorkloadActual   1: 46 op, 43077514.00 ns, 936.4677 us/op
WorkloadActual   2: 46 op, 40513484.00 ns, 880.7279 us/op
WorkloadActual   3: 46 op, 52297053.00 ns, 1.1369 ms/op
WorkloadActual   4: 46 op, 41739941.00 ns, 907.3900 us/op
WorkloadActual   5: 46 op, 41020900.00 ns, 891.7587 us/op
WorkloadActual   6: 46 op, 45604009.00 ns, 991.3915 us/op

// AfterActualRun
WorkloadResult   1: 46 op, 43077514.00 ns, 936.4677 us/op
WorkloadResult   2: 46 op, 40513484.00 ns, 880.7279 us/op
WorkloadResult   3: 46 op, 41739941.00 ns, 907.3900 us/op
WorkloadResult   4: 46 op, 41020900.00 ns, 891.7587 us/op
WorkloadResult   5: 46 op, 45604009.00 ns, 991.3915 us/op
// GC:  0 0 0 0 46
// Threading:  0 0 46

// AfterAll
// Benchmark Process 18333 has exited with code 0.

Mean = 921.547 us, StdErr = 19.818 us (2.15%), N = 5, StdDev = 44.314 us
Min = 880.728 us, Q1 = 891.759 us, Median = 907.390 us, Q3 = 936.468 us, Max = 991.391 us
IQR = 44.709 us, LowerFence = 824.695 us, UpperFence = 1,003.531 us
ConfidenceInterval = [750.911 us; 1,092.184 us] (CI 99.9%), Margin = 170.637 us (18.52% of Mean)
Skewness = 0.57, Kurtosis = 1.42, MValue = 2

// ** Remained 103 (69.1 %) benchmark(s) to run. Estimated finish 2026-10-04 8:26 (0h 1m from now) **
// **************************
// Benchmark: CodecSuite.Run: campaign(EvaluateOverhead=False, Clock=Armonik.Ffi.Bdn.CpuClock, IterationCount=6, IterationTime=40ms, LaunchCount=1, RunStrategy=Throughput, WarmupCount=4) [Case=incum(...)fault [53]]
// *** Execute ***
// Launch: 1 / 1
// Execute: dotnet BenchDotNet-campaign-1.dll --anonymousPipes 123 124 --benchmarkName "Armonik.Ffi.Bdn.CodecSuite.Run(Case: \"incumbent-prod|encode-transport-hot|P2.2|wide|default\")" --job campaign --benchmarkId 46 in /home/user/ArmoniK.Api/ffi/poc/csharp/src/BenchDotNet/bin/Release/net8.0/BenchDotNet-campaign-1/bin/Release/net8.0
// BeforeAnythingElse

// Benchmark Process Environment Information:
// BenchmarkDotNet v0.15.8
// Runtime=.NET 8.0.31 (8.0.31, 8.0.3126.42015), X64 RyuJIT x86-64-v4
// GC=Concurrent Workstation
// HardwareIntrinsics=AVX512 F+BW+CD+DQ+VL,AVX2+BMI1+BMI2+F16C+FMA+LZCNT+MOVBE,AVX,SSE3+SSSE3+SSE4.1+SSE4.2+POPCNT,X86Base+SSE+SSE2,AES+PCLMUL VectorSize=256
// Job: campaign(EvaluateOverhead=False, Clock=Armonik.Ffi.Bdn.CpuClock, IterationCount=6, IterationTime=40ms, LaunchCount=1, RunStrategy=Throughput, WarmupCount=4)

OverheadJitting  1: 1 op, 250392.00 ns, 250.3920 us/op
WorkloadJitting  1: 1 op, 12492305.00 ns, 12.4923 ms/op

WorkloadPilot    1: 4 op, 29113163.00 ns, 7.2783 ms/op

WorkloadWarmup   1: 4 op, 32187089.00 ns, 8.0468 ms/op
WorkloadWarmup   2: 4 op, 29121961.00 ns, 7.2805 ms/op
WorkloadWarmup   3: 4 op, 30356416.00 ns, 7.5891 ms/op
WorkloadWarmup   4: 4 op, 38378930.00 ns, 9.5947 ms/op

// BeforeActualRun
WorkloadActual   1: 4 op, 41773731.00 ns, 10.4434 ms/op
WorkloadActual   2: 4 op, 26297453.00 ns, 6.5744 ms/op
WorkloadActual   3: 4 op, 27649705.00 ns, 6.9124 ms/op
WorkloadActual   4: 4 op, 32465027.00 ns, 8.1163 ms/op
WorkloadActual   5: 4 op, 25790544.00 ns, 6.4476 ms/op
WorkloadActual   6: 4 op, 29713645.00 ns, 7.4284 ms/op

// AfterActualRun
WorkloadResult   1: 4 op, 26297453.00 ns, 6.5744 ms/op
WorkloadResult   2: 4 op, 27649705.00 ns, 6.9124 ms/op
WorkloadResult   3: 4 op, 32465027.00 ns, 8.1163 ms/op
WorkloadResult   4: 4 op, 25790544.00 ns, 6.4476 ms/op
WorkloadResult   5: 4 op, 29713645.00 ns, 7.4284 ms/op
// GC:  0 0 0 112000 4
// Threading:  0 0 4

// AfterAll
// Benchmark Process 18345 has exited with code 0.

Mean = 7.096 ms, StdErr = 0.306 ms (4.32%), N = 5, StdDev = 0.685 ms
Min = 6.448 ms, Q1 = 6.574 ms, Median = 6.912 ms, Q3 = 7.428 ms, Max = 8.116 ms
IQR = 0.854 ms, LowerFence = 5.293 ms, UpperFence = 8.709 ms
ConfidenceInterval = [4.458 ms; 9.734 ms] (CI 99.9%), Margin = 2.638 ms (37.18% of Mean)
Skewness = 0.42, Kurtosis = 1.22, MValue = 2

// ** Remained 102 (68.5 %) benchmark(s) to run. Estimated finish 2026-10-04 8:26 (0h 1m from now) **
// **************************
// Benchmark: CodecSuite.Run: campaign(EvaluateOverhead=False, Clock=Armonik.Ffi.Bdn.CpuClock, IterationCount=6, IterationTime=40ms, LaunchCount=1, RunStrategy=Throughput, WarmupCount=4) [Case=host-(...)etain [47]]
// *** Execute ***
// Launch: 1 / 1
// Execute: dotnet BenchDotNet-campaign-1.dll --anonymousPipes 123 124 --benchmarkName "Armonik.Ffi.Bdn.CodecSuite.Run(Case: \"host-gen|encode-transport-hot|P2.5|ascii|retain\")" --job campaign --benchmarkId 47 in /home/user/ArmoniK.Api/ffi/poc/csharp/src/BenchDotNet/bin/Release/net8.0/BenchDotNet-campaign-1/bin/Release/net8.0
// BeforeAnythingElse

// Benchmark Process Environment Information:
// BenchmarkDotNet v0.15.8
// Runtime=.NET 8.0.31 (8.0.31, 8.0.3126.42015), X64 RyuJIT x86-64-v4
// GC=Concurrent Workstation
// HardwareIntrinsics=AVX512 F+BW+CD+DQ+VL,AVX2+BMI1+BMI2+F16C+FMA+LZCNT+MOVBE,AVX,SSE3+SSSE3+SSE4.1+SSE4.2+POPCNT,X86Base+SSE+SSE2,AES+PCLMUL VectorSize=256
// Job: campaign(EvaluateOverhead=False, Clock=Armonik.Ffi.Bdn.CpuClock, IterationCount=6, IterationTime=40ms, LaunchCount=1, RunStrategy=Throughput, WarmupCount=4)

OverheadJitting  1: 1 op, 281082.00 ns, 281.0820 us/op
WorkloadJitting  1: 1 op, 6931551.00 ns, 6.9316 ms/op

WorkloadPilot    1: 4 op, 423097.00 ns, 105.7743 us/op
WorkloadPilot    2: 378 op, 45570155.00 ns, 120.5560 us/op
WorkloadPilot    3: 332 op, 29808241.00 ns, 89.7839 us/op
WorkloadPilot    4: 446 op, 38681940.00 ns, 86.7308 us/op
WorkloadPilot    5: 461 op, 39119152.00 ns, 84.8572 us/op
WorkloadPilot    6: 471 op, 41967822.00 ns, 89.1037 us/op
WorkloadPilot    7: 449 op, 39377967.00 ns, 87.7015 us/op
WorkloadPilot    8: 456 op, 39442110.00 ns, 86.4959 us/op
WorkloadPilot    9: 462 op, 39251197.00 ns, 84.9593 us/op
WorkloadPilot   10: 471 op, 42190562.00 ns, 89.5766 us/op

WorkloadWarmup   1: 471 op, 39330531.00 ns, 83.5043 us/op
WorkloadWarmup   2: 471 op, 46490903.00 ns, 98.7068 us/op
WorkloadWarmup   3: 471 op, 43919110.00 ns, 93.2465 us/op
WorkloadWarmup   4: 471 op, 39732624.00 ns, 84.3580 us/op

// BeforeActualRun
WorkloadActual   1: 471 op, 38231248.00 ns, 81.1704 us/op
WorkloadActual   2: 471 op, 53786868.00 ns, 114.1972 us/op
WorkloadActual   3: 471 op, 37520802.00 ns, 79.6620 us/op
WorkloadActual   4: 471 op, 37505115.00 ns, 79.6287 us/op
WorkloadActual   5: 471 op, 36933512.00 ns, 78.4151 us/op
WorkloadActual   6: 471 op, 38020665.00 ns, 80.7233 us/op

// AfterActualRun
WorkloadResult   1: 471 op, 38231248.00 ns, 81.1704 us/op
WorkloadResult   2: 471 op, 37520802.00 ns, 79.6620 us/op
WorkloadResult   3: 471 op, 37505115.00 ns, 79.6287 us/op
WorkloadResult   4: 471 op, 36933512.00 ns, 78.4151 us/op
WorkloadResult   5: 471 op, 38020665.00 ns, 80.7233 us/op
// GC:  0 0 0 1205760 471
// Threading:  0 0 471

// AfterAll
// Benchmark Process 18410 has exited with code 0.

Mean = 79.920 us, StdErr = 0.481 us (0.60%), N = 5, StdDev = 1.075 us
Min = 78.415 us, Q1 = 79.629 us, Median = 79.662 us, Q3 = 80.723 us, Max = 81.170 us
IQR = 1.095 us, LowerFence = 77.987 us, UpperFence = 82.365 us
ConfidenceInterval = [75.779 us; 84.060 us] (CI 99.9%), Margin = 4.140 us (5.18% of Mean)
Skewness = -0.16, Kurtosis = 1.2, MValue = 2

// ** Remained 101 (67.8 %) benchmark(s) to run. Estimated finish 2026-10-04 8:26 (0h 1m from now) **
// **************************
// Benchmark: CodecSuite.Run: campaign(EvaluateOverhead=False, Clock=Armonik.Ffi.Bdn.CpuClock, IterationCount=6, IterationTime=40ms, LaunchCount=1, RunStrategy=Throughput, WarmupCount=4) [Case=core-(...)etain [47]]
// *** Execute ***
// Launch: 1 / 1
// Execute: dotnet BenchDotNet-campaign-1.dll --anonymousPipes 123 124 --benchmarkName "Armonik.Ffi.Bdn.CodecSuite.Run(Case: \"core-ffi|encode-transport-hot|P3.1|ascii|retain\")" --job campaign --benchmarkId 48 in /home/user/ArmoniK.Api/ffi/poc/csharp/src/BenchDotNet/bin/Release/net8.0/BenchDotNet-campaign-1/bin/Release/net8.0
// BeforeAnythingElse

// Benchmark Process Environment Information:
// BenchmarkDotNet v0.15.8
// Runtime=.NET 8.0.31 (8.0.31, 8.0.3126.42015), X64 RyuJIT x86-64-v4
// GC=Concurrent Workstation
// HardwareIntrinsics=AVX512 F+BW+CD+DQ+VL,AVX2+BMI1+BMI2+F16C+FMA+LZCNT+MOVBE,AVX,SSE3+SSSE3+SSE4.1+SSE4.2+POPCNT,X86Base+SSE+SSE2,AES+PCLMUL VectorSize=256
// Job: campaign(EvaluateOverhead=False, Clock=Armonik.Ffi.Bdn.CpuClock, IterationCount=6, IterationTime=40ms, LaunchCount=1, RunStrategy=Throughput, WarmupCount=4)

OverheadJitting  1: 1 op, 288664.00 ns, 288.6640 us/op
WorkloadJitting  1: 1 op, 5606855.00 ns, 5.6069 ms/op

WorkloadPilot    1: 4 op, 224615.00 ns, 56.1538 us/op
WorkloadPilot    2: 712 op, 26307744.00 ns, 36.9491 us/op
WorkloadPilot    3: 1083 op, 36792155.00 ns, 33.9724 us/op
WorkloadPilot    4: 1177 op, 48310839.00 ns, 41.0457 us/op
WorkloadPilot    5: 975 op, 39738784.00 ns, 40.7577 us/op
WorkloadPilot    6: 981 op, 30810253.00 ns, 31.4070 us/op
WorkloadPilot    7: 1274 op, 33304749.00 ns, 26.1419 us/op
WorkloadPilot    8: 1530 op, 43135568.00 ns, 28.1932 us/op
WorkloadPilot    9: 1419 op, 40155540.00 ns, 28.2985 us/op

WorkloadWarmup   1: 1419 op, 39071206.00 ns, 27.5343 us/op
WorkloadWarmup   2: 1419 op, 38437966.00 ns, 27.0881 us/op
WorkloadWarmup   3: 1419 op, 37855684.00 ns, 26.6777 us/op
WorkloadWarmup   4: 1419 op, 37444396.00 ns, 26.3879 us/op

// BeforeActualRun
WorkloadActual   1: 1419 op, 38534201.00 ns, 27.1559 us/op
WorkloadActual   2: 1419 op, 41804298.00 ns, 29.4604 us/op
WorkloadActual   3: 1419 op, 40642138.00 ns, 28.6414 us/op
WorkloadActual   4: 1419 op, 40400426.00 ns, 28.4711 us/op
WorkloadActual   5: 1419 op, 41495917.00 ns, 29.2431 us/op
WorkloadActual   6: 1419 op, 37187465.00 ns, 26.2068 us/op

// AfterActualRun
WorkloadResult   1: 1419 op, 38534201.00 ns, 27.1559 us/op
WorkloadResult   2: 1419 op, 41804298.00 ns, 29.4604 us/op
WorkloadResult   3: 1419 op, 40642138.00 ns, 28.6414 us/op
WorkloadResult   4: 1419 op, 40400426.00 ns, 28.4711 us/op
WorkloadResult   5: 1419 op, 41495917.00 ns, 29.2431 us/op
WorkloadResult   6: 1419 op, 37187465.00 ns, 26.2068 us/op
// GC:  0 0 0 0 1419
// Threading:  0 0 1419

// AfterAll
// Benchmark Process 18419 has exited with code 0.

Mean = 28.196 us, StdErr = 0.517 us (1.83%), N = 6, StdDev = 1.266 us
Min = 26.207 us, Q1 = 27.485 us, Median = 28.556 us, Q3 = 29.093 us, Max = 29.460 us
IQR = 1.608 us, LowerFence = 25.073 us, UpperFence = 31.505 us
ConfidenceInterval = [24.648 us; 31.745 us] (CI 99.9%), Margin = 3.549 us (12.59% of Mean)
Skewness = -0.47, Kurtosis = 1.34, MValue = 2

// ** Remained 100 (67.1 %) benchmark(s) to run. Estimated finish 2026-10-04 8:26 (0h 1m from now) **
// **************************
// Benchmark: CodecSuite.Run: campaign(EvaluateOverhead=False, Clock=Armonik.Ffi.Bdn.CpuClock, IterationCount=6, IterationTime=40ms, LaunchCount=1, RunStrategy=Throughput, WarmupCount=4) [Case=core-(...)etain [38]]
// *** Execute ***
// Launch: 1 / 1
// Execute: dotnet BenchDotNet-campaign-1.dll --anonymousPipes 123 124 --benchmarkName "Armonik.Ffi.Bdn.CodecSuite.Run(Case: \"core-ffi|decode-read|P5.1|ascii|retain\")" --job campaign --benchmarkId 49 in /home/user/ArmoniK.Api/ffi/poc/csharp/src/BenchDotNet/bin/Release/net8.0/BenchDotNet-campaign-1/bin/Release/net8.0
// BeforeAnythingElse

// Benchmark Process Environment Information:
// BenchmarkDotNet v0.15.8
// Runtime=.NET 8.0.31 (8.0.31, 8.0.3126.42015), X64 RyuJIT x86-64-v4
// GC=Concurrent Workstation
// HardwareIntrinsics=AVX512 F+BW+CD+DQ+VL,AVX2+BMI1+BMI2+F16C+FMA+LZCNT+MOVBE,AVX,SSE3+SSSE3+SSE4.1+SSE4.2+POPCNT,X86Base+SSE+SSE2,AES+PCLMUL VectorSize=256
// Job: campaign(EvaluateOverhead=False, Clock=Armonik.Ffi.Bdn.CpuClock, IterationCount=6, IterationTime=40ms, LaunchCount=1, RunStrategy=Throughput, WarmupCount=4)

OverheadJitting  1: 1 op, 303452.00 ns, 303.4520 us/op
WorkloadJitting  1: 1 op, 3196800.00 ns, 3.1968 ms/op

WorkloadPilot    1: 4 op, 20665.00 ns, 5.1663 us/op
WorkloadPilot    2: 7743 op, 6757276.00 ns, 872.6948 ns/op
WorkloadPilot    3: 45835 op, 39632800.00 ns, 864.6842 ns/op
WorkloadPilot    4: 46260 op, 34525337.00 ns, 746.3324 ns/op
WorkloadPilot    5: 53595 op, 37780217.00 ns, 704.9206 ns/op
WorkloadPilot    6: 56744 op, 39392078.00 ns, 694.2069 ns/op
WorkloadPilot    7: 57620 op, 39244157.00 ns, 681.0857 ns/op
WorkloadPilot    8: 58730 op, 47254379.00 ns, 804.6038 ns/op
WorkloadPilot    9: 49714 op, 33693603.00 ns, 677.7488 ns/op
WorkloadPilot   10: 59019 op, 40527241.00 ns, 686.6813 ns/op
WorkloadPilot   11: 58251 op, 39697551.00 ns, 681.4913 ns/op
WorkloadPilot   12: 58695 op, 39726588.00 ns, 676.8309 ns/op
WorkloadPilot   13: 59099 op, 41469609.00 ns, 701.6973 ns/op

WorkloadWarmup   1: 59099 op, 40827650.00 ns, 690.8349 ns/op
WorkloadWarmup   2: 59099 op, 40641923.00 ns, 687.6922 ns/op
WorkloadWarmup   3: 59099 op, 40859157.00 ns, 691.3680 ns/op
WorkloadWarmup   4: 59099 op, 40175999.00 ns, 679.8084 ns/op

// BeforeActualRun
WorkloadActual   1: 59099 op, 40879541.00 ns, 691.7129 ns/op
WorkloadActual   2: 59099 op, 40955479.00 ns, 692.9978 ns/op
WorkloadActual   3: 59099 op, 40683411.00 ns, 688.3942 ns/op
WorkloadActual   4: 59099 op, 41080350.00 ns, 695.1107 ns/op
WorkloadActual   5: 59099 op, 38649288.00 ns, 653.9753 ns/op
WorkloadActual   6: 59099 op, 39653339.00 ns, 670.9646 ns/op

// AfterActualRun
WorkloadResult   1: 59099 op, 40879541.00 ns, 691.7129 ns/op
WorkloadResult   2: 59099 op, 40955479.00 ns, 692.9978 ns/op
WorkloadResult   3: 59099 op, 40683411.00 ns, 688.3942 ns/op
WorkloadResult   4: 59099 op, 41080350.00 ns, 695.1107 ns/op
WorkloadResult   5: 59099 op, 38649288.00 ns, 653.9753 ns/op
WorkloadResult   6: 59099 op, 39653339.00 ns, 670.9646 ns/op
// GC:  1 0 0 19857264 59099
// Threading:  0 0 59099

// AfterAll
// Benchmark Process 18431 has exited with code 0.

Mean = 682.193 ns, StdErr = 6.671 ns (0.98%), N = 6, StdDev = 16.340 ns
Min = 653.975 ns, Q1 = 675.322 ns, Median = 690.054 ns, Q3 = 692.677 ns, Max = 695.111 ns
IQR = 17.355 ns, LowerFence = 649.290 ns, UpperFence = 718.708 ns
ConfidenceInterval = [636.372 ns; 728.014 ns] (CI 99.9%), Margin = 45.821 ns (6.72% of Mean)
Skewness = -0.74, Kurtosis = 1.64, MValue = 2

// ** Remained 99 (66.4 %) benchmark(s) to run. Estimated finish 2026-10-04 8:26 (0h 1m from now) **
// **************************
// Benchmark: CodecSuite.Run: campaign(EvaluateOverhead=False, Clock=Armonik.Ffi.Bdn.CpuClock, IterationCount=6, IterationTime=40ms, LaunchCount=1, RunStrategy=Throughput, WarmupCount=4) [Case=host-(...)etain [46]]
// *** Execute ***
// Launch: 1 / 1
// Execute: dotnet BenchDotNet-campaign-1.dll --anonymousPipes 123 124 --benchmarkName "Armonik.Ffi.Bdn.CodecSuite.Run(Case: \"host-gen|encode-transport-hot|P2.2|wide|retain\")" --job campaign --benchmarkId 50 in /home/user/ArmoniK.Api/ffi/poc/csharp/src/BenchDotNet/bin/Release/net8.0/BenchDotNet-campaign-1/bin/Release/net8.0
// BeforeAnythingElse

// Benchmark Process Environment Information:
// BenchmarkDotNet v0.15.8
// Runtime=.NET 8.0.31 (8.0.31, 8.0.3126.42015), X64 RyuJIT x86-64-v4
// GC=Concurrent Workstation
// HardwareIntrinsics=AVX512 F+BW+CD+DQ+VL,AVX2+BMI1+BMI2+F16C+FMA+LZCNT+MOVBE,AVX,SSE3+SSSE3+SSE4.1+SSE4.2+POPCNT,X86Base+SSE+SSE2,AES+PCLMUL VectorSize=256
// Job: campaign(EvaluateOverhead=False, Clock=Armonik.Ffi.Bdn.CpuClock, IterationCount=6, IterationTime=40ms, LaunchCount=1, RunStrategy=Throughput, WarmupCount=4)

OverheadJitting  1: 1 op, 253005.00 ns, 253.0050 us/op
WorkloadJitting  1: 1 op, 13356792.00 ns, 13.3568 ms/op

WorkloadPilot    1: 4 op, 13291622.00 ns, 3.3229 ms/op
WorkloadPilot    2: 12 op, 39978087.00 ns, 3.3315 ms/op

WorkloadWarmup   1: 12 op, 41154097.00 ns, 3.4295 ms/op
WorkloadWarmup   2: 12 op, 39661921.00 ns, 3.3052 ms/op
WorkloadWarmup   3: 12 op, 38713421.00 ns, 3.2261 ms/op
WorkloadWarmup   4: 12 op, 38390873.00 ns, 3.1992 ms/op

// BeforeActualRun
WorkloadActual   1: 12 op, 37459987.00 ns, 3.1217 ms/op
WorkloadActual   2: 12 op, 39639660.00 ns, 3.3033 ms/op
WorkloadActual   3: 12 op, 36549656.00 ns, 3.0458 ms/op
WorkloadActual   4: 12 op, 36897233.00 ns, 3.0748 ms/op
WorkloadActual   5: 12 op, 37109602.00 ns, 3.0925 ms/op
WorkloadActual   6: 12 op, 47881271.00 ns, 3.9901 ms/op

// AfterActualRun
WorkloadResult   1: 12 op, 37459987.00 ns, 3.1217 ms/op
WorkloadResult   2: 12 op, 39639660.00 ns, 3.3033 ms/op
WorkloadResult   3: 12 op, 36549656.00 ns, 3.0458 ms/op
WorkloadResult   4: 12 op, 36897233.00 ns, 3.0748 ms/op
WorkloadResult   5: 12 op, 37109602.00 ns, 3.0925 ms/op
// GC:  0 0 0 768000 12
// Threading:  0 0 12

// AfterAll
// Benchmark Process 18492 has exited with code 0.

Mean = 3.128 ms, StdErr = 0.046 ms (1.46%), N = 5, StdDev = 0.102 ms
Min = 3.046 ms, Q1 = 3.075 ms, Median = 3.092 ms, Q3 = 3.122 ms, Max = 3.303 ms
IQR = 0.047 ms, LowerFence = 3.004 ms, UpperFence = 3.192 ms
ConfidenceInterval = [2.735 ms; 3.520 ms] (CI 99.9%), Margin = 0.393 ms (12.56% of Mean)
Skewness = 0.88, Kurtosis = 1.86, MValue = 2

// ** Remained 98 (65.8 %) benchmark(s) to run. Estimated finish 2026-10-04 8:26 (0h 1m from now) **
// **************************
// Benchmark: CodecSuite.Run: campaign(EvaluateOverhead=False, Clock=Armonik.Ffi.Bdn.CpuClock, IterationCount=6, IterationTime=40ms, LaunchCount=1, RunStrategy=Throughput, WarmupCount=4) [Case=incum(...)fault [92]]
// *** Execute ***
// Launch: 1 / 1
// Execute: dotnet BenchDotNet-campaign-1.dll --anonymousPipes 123 124 --benchmarkName "Armonik.Ffi.Bdn.CodecSuite.Run(Case: \"incumbent-prod|encode-transport-hot|U-wire-ListMetricsResponse-batches-as-wt0|corpus|default\")" --job campaign --benchmarkId 51 in /home/user/ArmoniK.Api/ffi/poc/csharp/src/BenchDotNet/bin/Release/net8.0/BenchDotNet-campaign-1/bin/Release/net8.0
// BeforeAnythingElse

// Benchmark Process Environment Information:
// BenchmarkDotNet v0.15.8
// Runtime=.NET 8.0.31 (8.0.31, 8.0.3126.42015), X64 RyuJIT x86-64-v4
// GC=Concurrent Workstation
// HardwareIntrinsics=AVX512 F+BW+CD+DQ+VL,AVX2+BMI1+BMI2+F16C+FMA+LZCNT+MOVBE,AVX,SSE3+SSSE3+SSE4.1+SSE4.2+POPCNT,X86Base+SSE+SSE2,AES+PCLMUL VectorSize=256
// Job: campaign(EvaluateOverhead=False, Clock=Armonik.Ffi.Bdn.CpuClock, IterationCount=6, IterationTime=40ms, LaunchCount=1, RunStrategy=Throughput, WarmupCount=4)

OverheadJitting  1: 1 op, 276479.00 ns, 276.4790 us/op
WorkloadJitting  1: 1 op, 12449173.00 ns, 12.4492 ms/op

WorkloadPilot    1: 4 op, 172791.00 ns, 43.1978 us/op
WorkloadPilot    2: 926 op, 30921575.00 ns, 33.3926 us/op
WorkloadPilot    3: 1198 op, 37730466.00 ns, 31.4945 us/op
WorkloadPilot    4: 1270 op, 39693498.00 ns, 31.2547 us/op
WorkloadPilot    5: 1280 op, 39712898.00 ns, 31.0257 us/op
WorkloadPilot    6: 1289 op, 39707271.00 ns, 30.8047 us/op
WorkloadPilot    7: 1299 op, 40725085.00 ns, 31.3511 us/op
WorkloadPilot    8: 1276 op, 39609757.00 ns, 31.0421 us/op
WorkloadPilot    9: 1289 op, 41188393.00 ns, 31.9538 us/op
WorkloadPilot   10: 1252 op, 38602216.00 ns, 30.8324 us/op
WorkloadPilot   11: 1297 op, 40827417.00 ns, 31.4783 us/op

WorkloadWarmup   1: 1297 op, 39799131.00 ns, 30.6855 us/op
WorkloadWarmup   2: 1297 op, 40426118.00 ns, 31.1689 us/op
WorkloadWarmup   3: 1297 op, 40819022.00 ns, 31.4719 us/op
WorkloadWarmup   4: 1297 op, 41891552.00 ns, 32.2988 us/op

// BeforeActualRun
WorkloadActual   1: 1297 op, 43188732.00 ns, 33.2989 us/op
WorkloadActual   2: 1297 op, 39744923.00 ns, 30.6437 us/op
WorkloadActual   3: 1297 op, 40485699.00 ns, 31.2149 us/op
WorkloadActual   4: 1297 op, 41229370.00 ns, 31.7883 us/op
WorkloadActual   5: 1297 op, 41077223.00 ns, 31.6710 us/op
WorkloadActual   6: 1297 op, 40883570.00 ns, 31.5216 us/op

// AfterActualRun
WorkloadResult   1: 1297 op, 39744923.00 ns, 30.6437 us/op
WorkloadResult   2: 1297 op, 40485699.00 ns, 31.2149 us/op
WorkloadResult   3: 1297 op, 41229370.00 ns, 31.7883 us/op
WorkloadResult   4: 1297 op, 41077223.00 ns, 31.6710 us/op
WorkloadResult   5: 1297 op, 40883570.00 ns, 31.5216 us/op
// GC:  0 0 0 145936 1297
// Threading:  0 0 1297

// AfterAll
// Benchmark Process 18501 has exited with code 0.

Mean = 31.368 us, StdErr = 0.205 us (0.65%), N = 5, StdDev = 0.458 us
Min = 30.644 us, Q1 = 31.215 us, Median = 31.522 us, Q3 = 31.671 us, Max = 31.788 us
IQR = 0.456 us, LowerFence = 30.531 us, UpperFence = 32.355 us
ConfidenceInterval = [29.603 us; 33.132 us] (CI 99.9%), Margin = 1.765 us (5.63% of Mean)
Skewness = -0.58, Kurtosis = 1.43, MValue = 2

// ** Remained 97 (65.1 %) benchmark(s) to run. Estimated finish 2026-10-04 8:26 (0h 1m from now) **
// **************************
// Benchmark: CodecSuite.Run: campaign(EvaluateOverhead=False, Clock=Armonik.Ffi.Bdn.CpuClock, IterationCount=6, IterationTime=40ms, LaunchCount=1, RunStrategy=Throughput, WarmupCount=4) [Case=incum(...)fault [45]]
// *** Execute ***
// Launch: 1 / 1
// Execute: dotnet BenchDotNet-campaign-1.dll --anonymousPipes 123 124 --benchmarkName "Armonik.Ffi.Bdn.CodecSuite.Run(Case: \"incumbent-prod|decode-read|P2.5|ascii|default\")" --job campaign --benchmarkId 52 in /home/user/ArmoniK.Api/ffi/poc/csharp/src/BenchDotNet/bin/Release/net8.0/BenchDotNet-campaign-1/bin/Release/net8.0
// BeforeAnythingElse

// Benchmark Process Environment Information:
// BenchmarkDotNet v0.15.8
// Runtime=.NET 8.0.31 (8.0.31, 8.0.3126.42015), X64 RyuJIT x86-64-v4
// GC=Concurrent Workstation
// HardwareIntrinsics=AVX512 F+BW+CD+DQ+VL,AVX2+BMI1+BMI2+F16C+FMA+LZCNT+MOVBE,AVX,SSE3+SSSE3+SSE4.1+SSE4.2+POPCNT,X86Base+SSE+SSE2,AES+PCLMUL VectorSize=256
// Job: campaign(EvaluateOverhead=False, Clock=Armonik.Ffi.Bdn.CpuClock, IterationCount=6, IterationTime=40ms, LaunchCount=1, RunStrategy=Throughput, WarmupCount=4)

OverheadJitting  1: 1 op, 237302.00 ns, 237.3020 us/op
WorkloadJitting  1: 1 op, 8008047.00 ns, 8.0080 ms/op

WorkloadPilot    1: 4 op, 993350.00 ns, 248.3375 us/op
WorkloadPilot    2: 161 op, 36429130.00 ns, 226.2679 us/op
WorkloadPilot    3: 177 op, 35514662.00 ns, 200.6478 us/op
WorkloadPilot    4: 199 op, 40481278.00 ns, 203.4235 us/op
WorkloadPilot    5: 197 op, 40365984.00 ns, 204.9035 us/op
WorkloadPilot    6: 195 op, 38339542.00 ns, 196.6130 us/op
WorkloadPilot    7: 203 op, 37682556.00 ns, 185.6284 us/op
WorkloadPilot    8: 215 op, 39733526.00 ns, 184.8071 us/op

WorkloadWarmup   1: 215 op, 41741131.00 ns, 194.1448 us/op
WorkloadWarmup   2: 215 op, 38979171.00 ns, 181.2985 us/op
WorkloadWarmup   3: 215 op, 38427698.00 ns, 178.7335 us/op
WorkloadWarmup   4: 215 op, 38445070.00 ns, 178.8143 us/op

// BeforeActualRun
WorkloadActual   1: 215 op, 38975603.00 ns, 181.2819 us/op
WorkloadActual   2: 215 op, 40947492.00 ns, 190.4535 us/op
WorkloadActual   3: 215 op, 39509999.00 ns, 183.7674 us/op
WorkloadActual   4: 215 op, 48599283.00 ns, 226.0432 us/op
WorkloadActual   5: 215 op, 39869378.00 ns, 185.4390 us/op
WorkloadActual   6: 215 op, 39307457.00 ns, 182.8254 us/op

// AfterActualRun
WorkloadResult   1: 215 op, 38975603.00 ns, 181.2819 us/op
WorkloadResult   2: 215 op, 40947492.00 ns, 190.4535 us/op
WorkloadResult   3: 215 op, 39509999.00 ns, 183.7674 us/op
WorkloadResult   4: 215 op, 39869378.00 ns, 185.4390 us/op
WorkloadResult   5: 215 op, 39307457.00 ns, 182.8254 us/op
// GC:  1 0 0 18914840 215
// Threading:  0 0 215

// AfterAll
// Benchmark Process 18510 has exited with code 0.

Mean = 184.753 us, StdErr = 1.576 us (0.85%), N = 5, StdDev = 3.525 us
Min = 181.282 us, Q1 = 182.825 us, Median = 183.767 us, Q3 = 185.439 us, Max = 190.453 us
IQR = 2.614 us, LowerFence = 178.905 us, UpperFence = 189.359 us
ConfidenceInterval = [171.180 us; 198.327 us] (CI 99.9%), Margin = 13.573 us (7.35% of Mean)
Skewness = 0.62, Kurtosis = 1.58, MValue = 2

// ** Remained 96 (64.4 %) benchmark(s) to run. Estimated finish 2026-10-04 8:26 (0h 1m from now) **
// **************************
// Benchmark: CodecSuite.Run: campaign(EvaluateOverhead=False, Clock=Armonik.Ffi.Bdn.CpuClock, IterationCount=6, IterationTime=40ms, LaunchCount=1, RunStrategy=Throughput, WarmupCount=4) [Case=host-(...)etain [52]]
// *** Execute ***
// Launch: 1 / 1
// Execute: dotnet BenchDotNet-campaign-1.dll --anonymousPipes 123 124 --benchmarkName "Armonik.Ffi.Bdn.CodecSuite.Run(Case: \"host-gen|decode-read|U-deep-u-repeated|corpus|retain\")" --job campaign --benchmarkId 53 in /home/user/ArmoniK.Api/ffi/poc/csharp/src/BenchDotNet/bin/Release/net8.0/BenchDotNet-campaign-1/bin/Release/net8.0
// BeforeAnythingElse

// Benchmark Process Environment Information:
// BenchmarkDotNet v0.15.8
// Runtime=.NET 8.0.31 (8.0.31, 8.0.3126.42015), X64 RyuJIT x86-64-v4
// GC=Concurrent Workstation
// HardwareIntrinsics=AVX512 F+BW+CD+DQ+VL,AVX2+BMI1+BMI2+F16C+FMA+LZCNT+MOVBE,AVX,SSE3+SSSE3+SSE4.1+SSE4.2+POPCNT,X86Base+SSE+SSE2,AES+PCLMUL VectorSize=256
// Job: campaign(EvaluateOverhead=False, Clock=Armonik.Ffi.Bdn.CpuClock, IterationCount=6, IterationTime=40ms, LaunchCount=1, RunStrategy=Throughput, WarmupCount=4)

OverheadJitting  1: 1 op, 308889.00 ns, 308.8890 us/op
WorkloadJitting  1: 1 op, 7769165.00 ns, 7.7692 ms/op

WorkloadPilot    1: 4 op, 68886.00 ns, 17.2215 us/op
WorkloadPilot    2: 2323 op, 21926837.00 ns, 9.4390 us/op
WorkloadPilot    3: 4238 op, 33819752.00 ns, 7.9801 us/op
WorkloadPilot    4: 5012 op, 38849109.00 ns, 7.7512 us/op
WorkloadPilot    5: 5160 op, 35300435.00 ns, 6.8412 us/op
WorkloadPilot    6: 5847 op, 39035337.00 ns, 6.6761 us/op
WorkloadPilot    7: 5991 op, 40405862.00 ns, 6.7444 us/op
WorkloadPilot    8: 5931 op, 40600890.00 ns, 6.8455 us/op
WorkloadPilot    9: 5843 op, 36727584.00 ns, 6.2857 us/op
WorkloadPilot   10: 6364 op, 39969227.00 ns, 6.2805 us/op
WorkloadPilot   11: 6369 op, 39972110.00 ns, 6.2760 us/op
WorkloadPilot   12: 6373 op, 40350674.00 ns, 6.3315 us/op

WorkloadWarmup   1: 6373 op, 42332363.00 ns, 6.6425 us/op
WorkloadWarmup   2: 6373 op, 39439363.00 ns, 6.1885 us/op
WorkloadWarmup   3: 6373 op, 39607528.00 ns, 6.2149 us/op
WorkloadWarmup   4: 6373 op, 41613323.00 ns, 6.5296 us/op

// BeforeActualRun
WorkloadActual   1: 6373 op, 40068391.00 ns, 6.2872 us/op
WorkloadActual   2: 6373 op, 39684148.00 ns, 6.2269 us/op
WorkloadActual   3: 6373 op, 39966152.00 ns, 6.2712 us/op
WorkloadActual   4: 6373 op, 39733823.00 ns, 6.2347 us/op
WorkloadActual   5: 6373 op, 39585796.00 ns, 6.2115 us/op
WorkloadActual   6: 6373 op, 39444200.00 ns, 6.1893 us/op

// AfterActualRun
WorkloadResult   1: 6373 op, 40068391.00 ns, 6.2872 us/op
WorkloadResult   2: 6373 op, 39684148.00 ns, 6.2269 us/op
WorkloadResult   3: 6373 op, 39966152.00 ns, 6.2712 us/op
WorkloadResult   4: 6373 op, 39733823.00 ns, 6.2347 us/op
WorkloadResult   5: 6373 op, 39585796.00 ns, 6.2115 us/op
WorkloadResult   6: 6373 op, 39444200.00 ns, 6.1893 us/op
// GC:  1 0 0 26715616 6373
// Threading:  0 0 6373

// AfterAll
// Benchmark Process 18550 has exited with code 0.

Mean = 6.237 us, StdErr = 0.015 us (0.24%), N = 6, StdDev = 0.037 us
Min = 6.189 us, Q1 = 6.215 us, Median = 6.231 us, Q3 = 6.262 us, Max = 6.287 us
IQR = 0.047 us, LowerFence = 6.145 us, UpperFence = 6.332 us
ConfidenceInterval = [6.134 us; 6.340 us] (CI 99.9%), Margin = 0.103 us (1.65% of Mean)
Skewness = 0.15, Kurtosis = 1.23, MValue = 2

// ** Remained 95 (63.8 %) benchmark(s) to run. Estimated finish 2026-10-04 8:26 (0h 1m from now) **
// **************************
// Benchmark: CodecSuite.Run: campaign(EvaluateOverhead=False, Clock=Armonik.Ffi.Bdn.CpuClock, IterationCount=6, IterationTime=40ms, LaunchCount=1, RunStrategy=Throughput, WarmupCount=4) [Case=incum(...)fault [54]]
// *** Execute ***
// Launch: 1 / 1
// Execute: dotnet BenchDotNet-campaign-1.dll --anonymousPipes 123 124 --benchmarkName "Armonik.Ffi.Bdn.CodecSuite.Run(Case: \"incumbent-prod|encode-transport-hot|P6.1|ascii|default\")" --job campaign --benchmarkId 54 in /home/user/ArmoniK.Api/ffi/poc/csharp/src/BenchDotNet/bin/Release/net8.0/BenchDotNet-campaign-1/bin/Release/net8.0
// BeforeAnythingElse

// Benchmark Process Environment Information:
// BenchmarkDotNet v0.15.8
// Runtime=.NET 8.0.31 (8.0.31, 8.0.3126.42015), X64 RyuJIT x86-64-v4
// GC=Concurrent Workstation
// HardwareIntrinsics=AVX512 F+BW+CD+DQ+VL,AVX2+BMI1+BMI2+F16C+FMA+LZCNT+MOVBE,AVX,SSE3+SSSE3+SSE4.1+SSE4.2+POPCNT,X86Base+SSE+SSE2,AES+PCLMUL VectorSize=256
// Job: campaign(EvaluateOverhead=False, Clock=Armonik.Ffi.Bdn.CpuClock, IterationCount=6, IterationTime=40ms, LaunchCount=1, RunStrategy=Throughput, WarmupCount=4)

OverheadJitting  1: 1 op, 254561.00 ns, 254.5610 us/op
WorkloadJitting  1: 1 op, 7183487.00 ns, 7.1835 ms/op

WorkloadPilot    1: 4 op, 13359751.00 ns, 3.3399 ms/op
WorkloadPilot    2: 12 op, 37222792.00 ns, 3.1019 ms/op

WorkloadWarmup   1: 12 op, 36755340.00 ns, 3.0629 ms/op
WorkloadWarmup   2: 12 op, 36740707.00 ns, 3.0617 ms/op
WorkloadWarmup   3: 12 op, 36752868.00 ns, 3.0627 ms/op
WorkloadWarmup   4: 12 op, 37164504.00 ns, 3.0970 ms/op

// BeforeActualRun
WorkloadActual   1: 12 op, 36472434.00 ns, 3.0394 ms/op
WorkloadActual   2: 12 op, 36731617.00 ns, 3.0610 ms/op
WorkloadActual   3: 12 op, 36487540.00 ns, 3.0406 ms/op
WorkloadActual   4: 12 op, 36611849.00 ns, 3.0510 ms/op
WorkloadActual   5: 12 op, 37077637.00 ns, 3.0898 ms/op
WorkloadActual   6: 12 op, 36533195.00 ns, 3.0444 ms/op

// AfterActualRun
WorkloadResult   1: 12 op, 36472434.00 ns, 3.0394 ms/op
WorkloadResult   2: 12 op, 36731617.00 ns, 3.0610 ms/op
WorkloadResult   3: 12 op, 36487540.00 ns, 3.0406 ms/op
WorkloadResult   4: 12 op, 36611849.00 ns, 3.0510 ms/op
WorkloadResult   5: 12 op, 36533195.00 ns, 3.0444 ms/op
// GC:  0 0 0 0 12
// Threading:  0 0 12

// AfterAll
// Benchmark Process 18564 has exited with code 0.

Mean = 3.047 ms, StdErr = 0.004 ms (0.13%), N = 5, StdDev = 0.009 ms
Min = 3.039 ms, Q1 = 3.041 ms, Median = 3.044 ms, Q3 = 3.051 ms, Max = 3.061 ms
IQR = 0.010 ms, LowerFence = 3.025 ms, UpperFence = 3.067 ms
ConfidenceInterval = [3.013 ms; 3.082 ms] (CI 99.9%), Margin = 0.034 ms (1.12% of Mean)
Skewness = 0.51, Kurtosis = 1.32, MValue = 2

// ** Remained 94 (63.1 %) benchmark(s) to run. Estimated finish 2026-10-04 8:26 (0h 1m from now) **
// **************************
// Benchmark: CodecSuite.Run: campaign(EvaluateOverhead=False, Clock=Armonik.Ffi.Bdn.CpuClock, IterationCount=6, IterationTime=40ms, LaunchCount=1, RunStrategy=Throughput, WarmupCount=4) [Case=incum(...)fault [94]]
// *** Execute ***
// Launch: 1 / 1
// Execute: dotnet BenchDotNet-campaign-1.dll --anonymousPipes 123 124 --benchmarkName "Armonik.Ffi.Bdn.CodecSuite.Run(Case: \"incumbent-prod|encode-transport-hot|U-wire-ListTaskSummaryResponse-tasks-as-wt5|corpus|default\")" --job campaign --benchmarkId 55 in /home/user/ArmoniK.Api/ffi/poc/csharp/src/BenchDotNet/bin/Release/net8.0/BenchDotNet-campaign-1/bin/Release/net8.0
// BeforeAnythingElse

// Benchmark Process Environment Information:
// BenchmarkDotNet v0.15.8
// Runtime=.NET 8.0.31 (8.0.31, 8.0.3126.42015), X64 RyuJIT x86-64-v4
// GC=Concurrent Workstation
// HardwareIntrinsics=AVX512 F+BW+CD+DQ+VL,AVX2+BMI1+BMI2+F16C+FMA+LZCNT+MOVBE,AVX,SSE3+SSSE3+SSE4.1+SSE4.2+POPCNT,X86Base+SSE+SSE2,AES+PCLMUL VectorSize=256
// Job: campaign(EvaluateOverhead=False, Clock=Armonik.Ffi.Bdn.CpuClock, IterationCount=6, IterationTime=40ms, LaunchCount=1, RunStrategy=Throughput, WarmupCount=4)

OverheadJitting  1: 1 op, 245088.00 ns, 245.0880 us/op
WorkloadJitting  1: 1 op, 12099283.00 ns, 12.0993 ms/op

WorkloadPilot    1: 4 op, 101137.00 ns, 25.2843 us/op
WorkloadPilot    2: 1582 op, 17406483.00 ns, 11.0028 us/op
WorkloadPilot    3: 3635 op, 41561288.00 ns, 11.4336 us/op
WorkloadPilot    4: 3498 op, 39866091.00 ns, 11.3968 us/op
WorkloadPilot    5: 3510 op, 38895443.00 ns, 11.0813 us/op
WorkloadPilot    6: 3610 op, 47156655.00 ns, 13.0628 us/op
WorkloadPilot    7: 3062 op, 34215395.00 ns, 11.1742 us/op
WorkloadPilot    8: 3580 op, 42661260.00 ns, 11.9166 us/op

WorkloadWarmup   1: 3580 op, 42569363.00 ns, 11.8909 us/op
WorkloadWarmup   2: 3580 op, 58315688.00 ns, 16.2893 us/op
WorkloadWarmup   3: 3580 op, 43060191.00 ns, 12.0280 us/op
WorkloadWarmup   4: 3580 op, 39668172.00 ns, 11.0805 us/op

// BeforeActualRun
WorkloadActual   1: 3580 op, 39046629.00 ns, 10.9069 us/op
WorkloadActual   2: 3580 op, 38021342.00 ns, 10.6205 us/op
WorkloadActual   3: 3580 op, 54639672.00 ns, 15.2625 us/op
WorkloadActual   4: 3580 op, 42899958.00 ns, 11.9832 us/op
WorkloadActual   5: 3580 op, 38492227.00 ns, 10.7520 us/op
WorkloadActual   6: 3580 op, 38617488.00 ns, 10.7870 us/op

// AfterActualRun
WorkloadResult   1: 3580 op, 39046629.00 ns, 10.9069 us/op
WorkloadResult   2: 3580 op, 38021342.00 ns, 10.6205 us/op
WorkloadResult   3: 3580 op, 42899958.00 ns, 11.9832 us/op
WorkloadResult   4: 3580 op, 38492227.00 ns, 10.7520 us/op
WorkloadResult   5: 3580 op, 38617488.00 ns, 10.7870 us/op
// GC:  0 0 0 802592 3580
// Threading:  0 0 3580

// AfterAll
// Benchmark Process 18573 has exited with code 0.

Mean = 11.010 us, StdErr = 0.248 us (2.25%), N = 5, StdDev = 0.554 us
Min = 10.620 us, Q1 = 10.752 us, Median = 10.787 us, Q3 = 10.907 us, Max = 11.983 us
IQR = 0.155 us, LowerFence = 10.520 us, UpperFence = 11.139 us
ConfidenceInterval = [8.878 us; 13.142 us] (CI 99.9%), Margin = 2.132 us (19.36% of Mean)
Skewness = 0.98, Kurtosis = 1.98, MValue = 2

// ** Remained 93 (62.4 %) benchmark(s) to run. Estimated finish 2026-10-04 8:26 (0h 1m from now) **
// **************************
// Benchmark: CodecSuite.Run: campaign(EvaluateOverhead=False, Clock=Armonik.Ffi.Bdn.CpuClock, IterationCount=6, IterationTime=40ms, LaunchCount=1, RunStrategy=Throughput, WarmupCount=4) [Case=host-(...)etain [38]]
// *** Execute ***
// Launch: 1 / 1
// Execute: dotnet BenchDotNet-campaign-1.dll --anonymousPipes 123 124 --benchmarkName "Armonik.Ffi.Bdn.CodecSuite.Run(Case: \"host-gen|decode-read|P1.1|ascii|retain\")" --job campaign --benchmarkId 56 in /home/user/ArmoniK.Api/ffi/poc/csharp/src/BenchDotNet/bin/Release/net8.0/BenchDotNet-campaign-1/bin/Release/net8.0
// BeforeAnythingElse

// Benchmark Process Environment Information:
// BenchmarkDotNet v0.15.8
// Runtime=.NET 8.0.31 (8.0.31, 8.0.3126.42015), X64 RyuJIT x86-64-v4
// GC=Concurrent Workstation
// HardwareIntrinsics=AVX512 F+BW+CD+DQ+VL,AVX2+BMI1+BMI2+F16C+FMA+LZCNT+MOVBE,AVX,SSE3+SSSE3+SSE4.1+SSE4.2+POPCNT,X86Base+SSE+SSE2,AES+PCLMUL VectorSize=256
// Job: campaign(EvaluateOverhead=False, Clock=Armonik.Ffi.Bdn.CpuClock, IterationCount=6, IterationTime=40ms, LaunchCount=1, RunStrategy=Throughput, WarmupCount=4)

OverheadJitting  1: 1 op, 252014.00 ns, 252.0140 us/op
WorkloadJitting  1: 1 op, 2842091.00 ns, 2.8421 ms/op

WorkloadPilot    1: 4 op, 64070.00 ns, 16.0175 us/op
WorkloadPilot    2: 2497 op, 15413784.00 ns, 6.1729 us/op
WorkloadPilot    3: 6480 op, 39804140.00 ns, 6.1426 us/op
WorkloadPilot    4: 6512 op, 34077395.00 ns, 5.2330 us/op
WorkloadPilot    5: 7644 op, 35294195.00 ns, 4.6172 us/op
WorkloadPilot    6: 8663 op, 42236046.00 ns, 4.8755 us/op
WorkloadPilot    7: 8204 op, 37985748.00 ns, 4.6301 us/op
WorkloadPilot    8: 8639 op, 44745430.00 ns, 5.1795 us/op
WorkloadPilot    9: 7723 op, 32879325.00 ns, 4.2573 us/op
WorkloadPilot   10: 9396 op, 39853240.00 ns, 4.2415 us/op
WorkloadPilot   11: 9431 op, 39309168.00 ns, 4.1681 us/op
WorkloadPilot   12: 9597 op, 48406225.00 ns, 5.0439 us/op

WorkloadWarmup   1: 9597 op, 39683368.00 ns, 4.1350 us/op
WorkloadWarmup   2: 9597 op, 39232259.00 ns, 4.0880 us/op
WorkloadWarmup   3: 9597 op, 40707575.00 ns, 4.2417 us/op
WorkloadWarmup   4: 9597 op, 40447966.00 ns, 4.2146 us/op

// BeforeActualRun
WorkloadActual   1: 9597 op, 40330793.00 ns, 4.2024 us/op
WorkloadActual   2: 9597 op, 41137144.00 ns, 4.2865 us/op
WorkloadActual   3: 9597 op, 40205789.00 ns, 4.1894 us/op
WorkloadActual   4: 9597 op, 38955633.00 ns, 4.0591 us/op
WorkloadActual   5: 9597 op, 38947295.00 ns, 4.0583 us/op
WorkloadActual   6: 9597 op, 39044886.00 ns, 4.0684 us/op

// AfterActualRun
WorkloadResult   1: 9597 op, 40330793.00 ns, 4.2024 us/op
WorkloadResult   2: 9597 op, 41137144.00 ns, 4.2865 us/op
WorkloadResult   3: 9597 op, 40205789.00 ns, 4.1894 us/op
WorkloadResult   4: 9597 op, 38955633.00 ns, 4.0591 us/op
WorkloadResult   5: 9597 op, 38947295.00 ns, 4.0583 us/op
WorkloadResult   6: 9597 op, 39044886.00 ns, 4.0684 us/op
// GC:  1 0 0 26180616 9597
// Threading:  0 0 9597

// AfterAll
// Benchmark Process 18582 has exited with code 0.

Mean = 4.144 us, StdErr = 0.039 us (0.95%), N = 6, StdDev = 0.096 us
Min = 4.058 us, Q1 = 4.061 us, Median = 4.129 us, Q3 = 4.199 us, Max = 4.286 us
IQR = 0.138 us, LowerFence = 3.855 us, UpperFence = 4.406 us
ConfidenceInterval = [3.875 us; 4.413 us] (CI 99.9%), Margin = 0.269 us (6.49% of Mean)
Skewness = 0.28, Kurtosis = 1.11, MValue = 2

// ** Remained 92 (61.7 %) benchmark(s) to run. Estimated finish 2026-10-04 8:26 (0h 1m from now) **
// **************************
// Benchmark: CodecSuite.Run: campaign(EvaluateOverhead=False, Clock=Armonik.Ffi.Bdn.CpuClock, IterationCount=6, IterationTime=40ms, LaunchCount=1, RunStrategy=Throughput, WarmupCount=4) [Case=core-(...)etain [38]]
// *** Execute ***
// Launch: 1 / 1
// Execute: dotnet BenchDotNet-campaign-1.dll --anonymousPipes 123 124 --benchmarkName "Armonik.Ffi.Bdn.CodecSuite.Run(Case: \"core-ffi|decode-read|P2.1|ascii|retain\")" --job campaign --benchmarkId 57 in /home/user/ArmoniK.Api/ffi/poc/csharp/src/BenchDotNet/bin/Release/net8.0/BenchDotNet-campaign-1/bin/Release/net8.0
// BeforeAnythingElse

// Benchmark Process Environment Information:
// BenchmarkDotNet v0.15.8
// Runtime=.NET 8.0.31 (8.0.31, 8.0.3126.42015), X64 RyuJIT x86-64-v4
// GC=Concurrent Workstation
// HardwareIntrinsics=AVX512 F+BW+CD+DQ+VL,AVX2+BMI1+BMI2+F16C+FMA+LZCNT+MOVBE,AVX,SSE3+SSSE3+SSE4.1+SSE4.2+POPCNT,X86Base+SSE+SSE2,AES+PCLMUL VectorSize=256
// Job: campaign(EvaluateOverhead=False, Clock=Armonik.Ffi.Bdn.CpuClock, IterationCount=6, IterationTime=40ms, LaunchCount=1, RunStrategy=Throughput, WarmupCount=4)

OverheadJitting  1: 1 op, 254402.00 ns, 254.4020 us/op
WorkloadJitting  1: 1 op, 11828521.00 ns, 11.8285 ms/op

WorkloadPilot    1: 4 op, 114120.00 ns, 28.5300 us/op
WorkloadPilot    2: 1402 op, 11294911.00 ns, 8.0563 us/op
WorkloadPilot    3: 4965 op, 35272416.00 ns, 7.1042 us/op
WorkloadPilot    4: 5630 op, 37802800.00 ns, 6.7145 us/op
WorkloadPilot    5: 5957 op, 33850704.00 ns, 5.6825 us/op
WorkloadPilot    6: 7039 op, 43214855.00 ns, 6.1393 us/op
WorkloadPilot    7: 6515 op, 37440401.00 ns, 5.7468 us/op
WorkloadPilot    8: 6960 op, 42391419.00 ns, 6.0907 us/op
WorkloadPilot    9: 6567 op, 38521889.00 ns, 5.8660 us/op
WorkloadPilot   10: 6819 op, 41316334.00 ns, 6.0590 us/op

WorkloadWarmup   1: 6819 op, 57712323.00 ns, 8.4635 us/op
WorkloadWarmup   2: 6819 op, 42205749.00 ns, 6.1894 us/op
WorkloadWarmup   3: 6819 op, 55339209.00 ns, 8.1154 us/op
WorkloadWarmup   4: 6819 op, 40371329.00 ns, 5.9204 us/op

// BeforeActualRun
WorkloadActual   1: 6819 op, 40457350.00 ns, 5.9330 us/op
WorkloadActual   2: 6819 op, 46361533.00 ns, 6.7989 us/op
WorkloadActual   3: 6819 op, 38212443.00 ns, 5.6038 us/op
WorkloadActual   4: 6819 op, 41323686.00 ns, 6.0601 us/op
WorkloadActual   5: 6819 op, 42707940.00 ns, 6.2631 us/op
WorkloadActual   6: 6819 op, 38088471.00 ns, 5.5856 us/op

// AfterActualRun
WorkloadResult   1: 6819 op, 40457350.00 ns, 5.9330 us/op
WorkloadResult   2: 6819 op, 46361533.00 ns, 6.7989 us/op
WorkloadResult   3: 6819 op, 38212443.00 ns, 5.6038 us/op
WorkloadResult   4: 6819 op, 41323686.00 ns, 6.0601 us/op
WorkloadResult   5: 6819 op, 42707940.00 ns, 6.2631 us/op
WorkloadResult   6: 6819 op, 38088471.00 ns, 5.5856 us/op
// GC:  1 0 0 30985536 6819
// Threading:  0 0 6819

// AfterAll
// Benchmark Process 18591 has exited with code 0.

Mean = 6.041 us, StdErr = 0.186 us (3.07%), N = 6, StdDev = 0.455 us
Min = 5.586 us, Q1 = 5.686 us, Median = 5.997 us, Q3 = 6.212 us, Max = 6.799 us
IQR = 0.526 us, LowerFence = 4.897 us, UpperFence = 7.002 us
ConfidenceInterval = [4.765 us; 7.316 us] (CI 99.9%), Margin = 1.275 us (21.11% of Mean)
Skewness = 0.47, Kurtosis = 1.61, MValue = 2

// ** Remained 91 (61.1 %) benchmark(s) to run. Estimated finish 2026-10-04 8:26 (0h 1m from now) **
// **************************
// Benchmark: CodecSuite.Run: campaign(EvaluateOverhead=False, Clock=Armonik.Ffi.Bdn.CpuClock, IterationCount=6, IterationTime=40ms, LaunchCount=1, RunStrategy=Throughput, WarmupCount=4) [Case=host-(...)etain [88]]
// *** Execute ***
// Launch: 1 / 1
// Execute: dotnet BenchDotNet-campaign-1.dll --anonymousPipes 123 124 --benchmarkName "Armonik.Ffi.Bdn.CodecSuite.Run(Case: \"host-gen|encode-transport-hot|U-wire-UploadResultDataMessage-upload-as-wt5|corpus|retain\")" --job campaign --benchmarkId 58 in /home/user/ArmoniK.Api/ffi/poc/csharp/src/BenchDotNet/bin/Release/net8.0/BenchDotNet-campaign-1/bin/Release/net8.0
// BeforeAnythingElse

// Benchmark Process Environment Information:
// BenchmarkDotNet v0.15.8
// Runtime=.NET 8.0.31 (8.0.31, 8.0.3126.42015), X64 RyuJIT x86-64-v4
// GC=Concurrent Workstation
// HardwareIntrinsics=AVX512 F+BW+CD+DQ+VL,AVX2+BMI1+BMI2+F16C+FMA+LZCNT+MOVBE,AVX,SSE3+SSSE3+SSE4.1+SSE4.2+POPCNT,X86Base+SSE+SSE2,AES+PCLMUL VectorSize=256
// Job: campaign(EvaluateOverhead=False, Clock=Armonik.Ffi.Bdn.CpuClock, IterationCount=6, IterationTime=40ms, LaunchCount=1, RunStrategy=Throughput, WarmupCount=4)

OverheadJitting  1: 1 op, 405407.00 ns, 405.4070 us/op
WorkloadJitting  1: 1 op, 4418078.00 ns, 4.4181 ms/op

WorkloadPilot    1: 4 op, 31193.00 ns, 7.7983 us/op
WorkloadPilot    2: 5129 op, 4106203.00 ns, 800.5855 ns/op
WorkloadPilot    3: 49963 op, 38465347.00 ns, 769.8766 ns/op
WorkloadPilot    4: 51956 op, 39830012.00 ns, 766.6104 ns/op
WorkloadPilot    5: 52178 op, 39727350.00 ns, 761.3812 ns/op
WorkloadPilot    6: 52536 op, 40565242.00 ns, 772.1418 ns/op
WorkloadPilot    7: 51804 op, 39456084.00 ns, 761.6416 ns/op
WorkloadPilot    8: 52518 op, 39945736.00 ns, 760.6104 ns/op
WorkloadPilot    9: 52589 op, 40100660.00 ns, 762.5294 ns/op
WorkloadPilot   10: 52457 op, 39837935.00 ns, 759.4398 ns/op
WorkloadPilot   11: 52670 op, 49674346.00 ns, 943.1241 ns/op

WorkloadWarmup   1: 52670 op, 40998672.00 ns, 778.4065 ns/op
WorkloadWarmup   2: 52670 op, 50971407.00 ns, 967.7503 ns/op
WorkloadWarmup   3: 52670 op, 40193338.00 ns, 763.1163 ns/op
WorkloadWarmup   4: 52670 op, 40983882.00 ns, 778.1257 ns/op

// BeforeActualRun
WorkloadActual   1: 52670 op, 40080892.00 ns, 760.9814 ns/op
WorkloadActual   2: 52670 op, 40847417.00 ns, 775.5348 ns/op
WorkloadActual   3: 52670 op, 40455781.00 ns, 768.0991 ns/op
WorkloadActual   4: 52670 op, 46525746.00 ns, 883.3443 ns/op
WorkloadActual   5: 52670 op, 40115080.00 ns, 761.6305 ns/op
WorkloadActual   6: 52670 op, 40278557.00 ns, 764.7343 ns/op

// AfterActualRun
WorkloadResult   1: 52670 op, 40080892.00 ns, 760.9814 ns/op
WorkloadResult   2: 52670 op, 40847417.00 ns, 775.5348 ns/op
WorkloadResult   3: 52670 op, 40455781.00 ns, 768.0991 ns/op
WorkloadResult   4: 52670 op, 40115080.00 ns, 761.6305 ns/op
WorkloadResult   5: 52670 op, 40278557.00 ns, 764.7343 ns/op
// GC:  0 0 0 0 52670
// Threading:  0 0 52670

// AfterAll
// Benchmark Process 18630 has exited with code 0.

Mean = 766.196 ns, StdErr = 2.655 ns (0.35%), N = 5, StdDev = 5.937 ns
Min = 760.981 ns, Q1 = 761.631 ns, Median = 764.734 ns, Q3 = 768.099 ns, Max = 775.535 ns
IQR = 6.469 ns, LowerFence = 751.928 ns, UpperFence = 777.802 ns
ConfidenceInterval = [743.334 ns; 789.058 ns] (CI 99.9%), Margin = 22.862 ns (2.98% of Mean)
Skewness = 0.56, Kurtosis = 1.42, MValue = 2

// ** Remained 90 (60.4 %) benchmark(s) to run. Estimated finish 2026-10-04 8:26 (0h 1m from now) **
// **************************
// Benchmark: CodecSuite.Run: campaign(EvaluateOverhead=False, Clock=Armonik.Ffi.Bdn.CpuClock, IterationCount=6, IterationTime=40ms, LaunchCount=1, RunStrategy=Throughput, WarmupCount=4) [Case=host-(...)etain [37]]
// *** Execute ***
// Launch: 1 / 1
// Execute: dotnet BenchDotNet-campaign-1.dll --anonymousPipes 123 124 --benchmarkName "Armonik.Ffi.Bdn.CodecSuite.Run(Case: \"host-gen|decode-read|P2.2|wide|retain\")" --job campaign --benchmarkId 59 in /home/user/ArmoniK.Api/ffi/poc/csharp/src/BenchDotNet/bin/Release/net8.0/BenchDotNet-campaign-1/bin/Release/net8.0
// BeforeAnythingElse

// Benchmark Process Environment Information:
// BenchmarkDotNet v0.15.8
// Runtime=.NET 8.0.31 (8.0.31, 8.0.3126.42015), X64 RyuJIT x86-64-v4
// GC=Concurrent Workstation
// HardwareIntrinsics=AVX512 F+BW+CD+DQ+VL,AVX2+BMI1+BMI2+F16C+FMA+LZCNT+MOVBE,AVX,SSE3+SSSE3+SSE4.1+SSE4.2+POPCNT,X86Base+SSE+SSE2,AES+PCLMUL VectorSize=256
// Job: campaign(EvaluateOverhead=False, Clock=Armonik.Ffi.Bdn.CpuClock, IterationCount=6, IterationTime=40ms, LaunchCount=1, RunStrategy=Throughput, WarmupCount=4)

OverheadJitting  1: 1 op, 299825.00 ns, 299.8250 us/op
WorkloadJitting  1: 1 op, 10801519.00 ns, 10.8015 ms/op

WorkloadPilot    1: 4 op, 23345195.00 ns, 5.8363 ms/op
WorkloadPilot    2: 7 op, 40602229.00 ns, 5.8003 ms/op

WorkloadWarmup   1: 7 op, 37513130.00 ns, 5.3590 ms/op
WorkloadWarmup   2: 7 op, 36842154.00 ns, 5.2632 ms/op
WorkloadWarmup   3: 7 op, 36973447.00 ns, 5.2819 ms/op
WorkloadWarmup   4: 7 op, 37307004.00 ns, 5.3296 ms/op

// BeforeActualRun
WorkloadActual   1: 7 op, 41049149.00 ns, 5.8642 ms/op
WorkloadActual   2: 7 op, 40497940.00 ns, 5.7854 ms/op
WorkloadActual   3: 7 op, 43291761.00 ns, 6.1845 ms/op
WorkloadActual   4: 7 op, 45791129.00 ns, 6.5416 ms/op
WorkloadActual   5: 7 op, 45067537.00 ns, 6.4382 ms/op
WorkloadActual   6: 7 op, 40856651.00 ns, 5.8367 ms/op

// AfterActualRun
WorkloadResult   1: 7 op, 41049149.00 ns, 5.8642 ms/op
WorkloadResult   2: 7 op, 40497940.00 ns, 5.7854 ms/op
WorkloadResult   3: 7 op, 43291761.00 ns, 6.1845 ms/op
WorkloadResult   4: 7 op, 45791129.00 ns, 6.5416 ms/op
WorkloadResult   5: 7 op, 45067537.00 ns, 6.4382 ms/op
WorkloadResult   6: 7 op, 40856651.00 ns, 5.8367 ms/op
// GC:  0 0 0 15264088 7
// Threading:  0 0 7

// AfterAll
// Benchmark Process 18642 has exited with code 0.

Mean = 6.108 ms, StdErr = 0.134 ms (2.20%), N = 6, StdDev = 0.329 ms
Min = 5.785 ms, Q1 = 5.844 ms, Median = 6.024 ms, Q3 = 6.375 ms, Max = 6.542 ms
IQR = 0.531 ms, LowerFence = 5.047 ms, UpperFence = 7.172 ms
ConfidenceInterval = [5.187 ms; 7.030 ms] (CI 99.9%), Margin = 0.922 ms (15.09% of Mean)
Skewness = 0.23, Kurtosis = 0.96, MValue = 2

// ** Remained 89 (59.7 %) benchmark(s) to run. Estimated finish 2026-10-04 8:26 (0h 1m from now) **
// **************************
// Benchmark: CodecSuite.Run: campaign(EvaluateOverhead=False, Clock=Armonik.Ffi.Bdn.CpuClock, IterationCount=6, IterationTime=40ms, LaunchCount=1, RunStrategy=Throughput, WarmupCount=4) [Case=host-(...)etain [47]]
// *** Execute ***
// Launch: 1 / 1
// Execute: dotnet BenchDotNet-campaign-1.dll --anonymousPipes 123 124 --benchmarkName "Armonik.Ffi.Bdn.CodecSuite.Run(Case: \"host-gen|encode-transport-hot|P1.3|ascii|retain\")" --job campaign --benchmarkId 60 in /home/user/ArmoniK.Api/ffi/poc/csharp/src/BenchDotNet/bin/Release/net8.0/BenchDotNet-campaign-1/bin/Release/net8.0
// BeforeAnythingElse

// Benchmark Process Environment Information:
// BenchmarkDotNet v0.15.8
// Runtime=.NET 8.0.31 (8.0.31, 8.0.3126.42015), X64 RyuJIT x86-64-v4
// GC=Concurrent Workstation
// HardwareIntrinsics=AVX512 F+BW+CD+DQ+VL,AVX2+BMI1+BMI2+F16C+FMA+LZCNT+MOVBE,AVX,SSE3+SSSE3+SSE4.1+SSE4.2+POPCNT,X86Base+SSE+SSE2,AES+PCLMUL VectorSize=256
// Job: campaign(EvaluateOverhead=False, Clock=Armonik.Ffi.Bdn.CpuClock, IterationCount=6, IterationTime=40ms, LaunchCount=1, RunStrategy=Throughput, WarmupCount=4)

OverheadJitting  1: 1 op, 255534.00 ns, 255.5340 us/op
WorkloadJitting  1: 1 op, 4035741.00 ns, 4.0357 ms/op

WorkloadPilot    1: 4 op, 102568.00 ns, 25.6420 us/op
WorkloadPilot    2: 1560 op, 28449527.00 ns, 18.2369 us/op
WorkloadPilot    3: 2193 op, 37821597.00 ns, 17.2465 us/op
WorkloadPilot    4: 2319 op, 39897325.00 ns, 17.2045 us/op
WorkloadPilot    5: 2325 op, 40447135.00 ns, 17.3966 us/op
WorkloadPilot    6: 2299 op, 44129172.00 ns, 19.1949 us/op
WorkloadPilot    7: 2084 op, 35861025.00 ns, 17.2078 us/op
WorkloadPilot    8: 2325 op, 40228072.00 ns, 17.3024 us/op

WorkloadWarmup   1: 2325 op, 40362293.00 ns, 17.3601 us/op
WorkloadWarmup   2: 2325 op, 49138018.00 ns, 21.1346 us/op
WorkloadWarmup   3: 2325 op, 44740690.00 ns, 19.2433 us/op
WorkloadWarmup   4: 2325 op, 42821980.00 ns, 18.4181 us/op

// BeforeActualRun
WorkloadActual   1: 2325 op, 44009109.00 ns, 18.9286 us/op
WorkloadActual   2: 2325 op, 40621312.00 ns, 17.4715 us/op
WorkloadActual   3: 2325 op, 44957838.00 ns, 19.3367 us/op
WorkloadActual   4: 2325 op, 41450708.00 ns, 17.8283 us/op
WorkloadActual   5: 2325 op, 43114971.00 ns, 18.5441 us/op
WorkloadActual   6: 2325 op, 44494187.00 ns, 19.1373 us/op

// AfterActualRun
WorkloadResult   1: 2325 op, 44009109.00 ns, 18.9286 us/op
WorkloadResult   2: 2325 op, 40621312.00 ns, 17.4715 us/op
WorkloadResult   3: 2325 op, 44957838.00 ns, 19.3367 us/op
WorkloadResult   4: 2325 op, 41450708.00 ns, 17.8283 us/op
WorkloadResult   5: 2325 op, 43114971.00 ns, 18.5441 us/op
WorkloadResult   6: 2325 op, 44494187.00 ns, 19.1373 us/op
// GC:  0 0 0 0 2325
// Threading:  0 0 2325

// AfterAll
// Benchmark Process 18651 has exited with code 0.

Mean = 18.541 us, StdErr = 0.305 us (1.64%), N = 6, StdDev = 0.747 us
Min = 17.472 us, Q1 = 18.007 us, Median = 18.736 us, Q3 = 19.085 us, Max = 19.337 us
IQR = 1.078 us, LowerFence = 16.390 us, UpperFence = 20.702 us
ConfidenceInterval = [16.446 us; 20.636 us] (CI 99.9%), Margin = 2.095 us (11.30% of Mean)
Skewness = -0.32, Kurtosis = 1.13, MValue = 2

// ** Remained 88 (59.1 %) benchmark(s) to run. Estimated finish 2026-10-04 8:26 (0h 1m from now) **
// **************************
// Benchmark: CodecSuite.Run: campaign(EvaluateOverhead=False, Clock=Armonik.Ffi.Bdn.CpuClock, IterationCount=6, IterationTime=40ms, LaunchCount=1, RunStrategy=Throughput, WarmupCount=4) [Case=core-(...)etain [47]]
// *** Execute ***
// Launch: 1 / 1
// Execute: dotnet BenchDotNet-campaign-1.dll --anonymousPipes 123 124 --benchmarkName "Armonik.Ffi.Bdn.CodecSuite.Run(Case: \"core-ffi|encode-transport-hot|P2.5|ascii|retain\")" --job campaign --benchmarkId 61 in /home/user/ArmoniK.Api/ffi/poc/csharp/src/BenchDotNet/bin/Release/net8.0/BenchDotNet-campaign-1/bin/Release/net8.0
// BeforeAnythingElse

// Benchmark Process Environment Information:
// BenchmarkDotNet v0.15.8
// Runtime=.NET 8.0.31 (8.0.31, 8.0.3126.42015), X64 RyuJIT x86-64-v4
// GC=Concurrent Workstation
// HardwareIntrinsics=AVX512 F+BW+CD+DQ+VL,AVX2+BMI1+BMI2+F16C+FMA+LZCNT+MOVBE,AVX,SSE3+SSSE3+SSE4.1+SSE4.2+POPCNT,X86Base+SSE+SSE2,AES+PCLMUL VectorSize=256
// Job: campaign(EvaluateOverhead=False, Clock=Armonik.Ffi.Bdn.CpuClock, IterationCount=6, IterationTime=40ms, LaunchCount=1, RunStrategy=Throughput, WarmupCount=4)

OverheadJitting  1: 1 op, 259073.00 ns, 259.0730 us/op
WorkloadJitting  1: 1 op, 9643042.00 ns, 9.6430 ms/op

WorkloadPilot    1: 4 op, 279104.00 ns, 69.7760 us/op
WorkloadPilot    2: 573 op, 29636964.00 ns, 51.7225 us/op
WorkloadPilot    3: 773 op, 33354838.00 ns, 43.1499 us/op
WorkloadPilot    4: 927 op, 46033290.00 ns, 49.6583 us/op
WorkloadPilot    5: 806 op, 36184859.00 ns, 44.8944 us/op
WorkloadPilot    6: 891 op, 47709884.00 ns, 53.5464 us/op
WorkloadPilot    7: 747 op, 32156206.00 ns, 43.0471 us/op
WorkloadPilot    8: 929 op, 42623992.00 ns, 45.8816 us/op

WorkloadWarmup   1: 929 op, 38230012.00 ns, 41.1518 us/op
WorkloadWarmup   2: 929 op, 50868403.00 ns, 54.7561 us/op
WorkloadWarmup   3: 929 op, 36608335.00 ns, 39.4062 us/op
WorkloadWarmup   4: 929 op, 37034726.00 ns, 39.8652 us/op

// BeforeActualRun
WorkloadActual   1: 929 op, 37251100.00 ns, 40.0981 us/op
WorkloadActual   2: 929 op, 37620961.00 ns, 40.4962 us/op
WorkloadActual   3: 929 op, 39350190.00 ns, 42.3576 us/op
WorkloadActual   4: 929 op, 37151694.00 ns, 39.9911 us/op
WorkloadActual   5: 929 op, 37039665.00 ns, 39.8705 us/op
WorkloadActual   6: 929 op, 37126422.00 ns, 39.9639 us/op

// AfterActualRun
WorkloadResult   1: 929 op, 37251100.00 ns, 40.0981 us/op
WorkloadResult   2: 929 op, 37620961.00 ns, 40.4962 us/op
WorkloadResult   3: 929 op, 37151694.00 ns, 39.9911 us/op
WorkloadResult   4: 929 op, 37039665.00 ns, 39.8705 us/op
WorkloadResult   5: 929 op, 37126422.00 ns, 39.9639 us/op
// GC:  0 0 0 0 929
// Threading:  0 0 929

// AfterAll
// Benchmark Process 18689 has exited with code 0.

Mean = 40.084 us, StdErr = 0.109 us (0.27%), N = 5, StdDev = 0.244 us
Min = 39.870 us, Q1 = 39.964 us, Median = 39.991 us, Q3 = 40.098 us, Max = 40.496 us
IQR = 0.134 us, LowerFence = 39.763 us, UpperFence = 40.299 us
ConfidenceInterval = [39.143 us; 41.025 us] (CI 99.9%), Margin = 0.941 us (2.35% of Mean)
Skewness = 0.79, Kurtosis = 1.75, MValue = 2

// ** Remained 87 (58.4 %) benchmark(s) to run. Estimated finish 2026-10-04 8:26 (0h 1m from now) **
// **************************
// Benchmark: CodecSuite.Run: campaign(EvaluateOverhead=False, Clock=Armonik.Ffi.Bdn.CpuClock, IterationCount=6, IterationTime=40ms, LaunchCount=1, RunStrategy=Throughput, WarmupCount=4) [Case=core-(...)etain [76]]
// *** Execute ***
// Launch: 1 / 1
// Execute: dotnet BenchDotNet-campaign-1.dll --anonymousPipes 123 124 --benchmarkName "Armonik.Ffi.Bdn.CodecSuite.Run(Case: \"core-ffi|decode-read|U-wire-ListMetricsResponse-batches-as-wt0|corpus|retain\")" --job campaign --benchmarkId 62 in /home/user/ArmoniK.Api/ffi/poc/csharp/src/BenchDotNet/bin/Release/net8.0/BenchDotNet-campaign-1/bin/Release/net8.0
// BeforeAnythingElse

// Benchmark Process Environment Information:
// BenchmarkDotNet v0.15.8
// Runtime=.NET 8.0.31 (8.0.31, 8.0.3126.42015), X64 RyuJIT x86-64-v4
// GC=Concurrent Workstation
// HardwareIntrinsics=AVX512 F+BW+CD+DQ+VL,AVX2+BMI1+BMI2+F16C+FMA+LZCNT+MOVBE,AVX,SSE3+SSSE3+SSE4.1+SSE4.2+POPCNT,X86Base+SSE+SSE2,AES+PCLMUL VectorSize=256
// Job: campaign(EvaluateOverhead=False, Clock=Armonik.Ffi.Bdn.CpuClock, IterationCount=6, IterationTime=40ms, LaunchCount=1, RunStrategy=Throughput, WarmupCount=4)

OverheadJitting  1: 1 op, 291478.00 ns, 291.4780 us/op
WorkloadJitting  1: 1 op, 11301029.00 ns, 11.3010 ms/op

WorkloadPilot    1: 4 op, 94629.00 ns, 23.6573 us/op
WorkloadPilot    2: 1691 op, 18862290.00 ns, 11.1545 us/op
WorkloadPilot    3: 3586 op, 35645459.00 ns, 9.9402 us/op
WorkloadPilot    4: 4024 op, 38513811.00 ns, 9.5710 us/op
WorkloadPilot    5: 4179 op, 34280918.00 ns, 8.2031 us/op
WorkloadPilot    6: 4876 op, 39372435.00 ns, 8.0747 us/op
WorkloadPilot    7: 4954 op, 45594747.00 ns, 9.2036 us/op
WorkloadPilot    8: 4346 op, 38202405.00 ns, 8.7902 us/op
WorkloadPilot    9: 4550 op, 36268134.00 ns, 7.9710 us/op
WorkloadPilot   10: 5018 op, 41752375.00 ns, 8.3205 us/op
WorkloadPilot   11: 4807 op, 39370820.00 ns, 8.1903 us/op
WorkloadPilot   12: 4884 op, 41038660.00 ns, 8.4027 us/op

WorkloadWarmup   1: 4884 op, 40104295.00 ns, 8.2114 us/op
WorkloadWarmup   2: 4884 op, 41528726.00 ns, 8.5030 us/op
WorkloadWarmup   3: 4884 op, 54520416.00 ns, 11.1631 us/op
WorkloadWarmup   4: 4884 op, 39644751.00 ns, 8.1173 us/op

// BeforeActualRun
WorkloadActual   1: 4884 op, 41913614.00 ns, 8.5818 us/op
WorkloadActual   2: 4884 op, 42166417.00 ns, 8.6336 us/op
WorkloadActual   3: 4884 op, 41291103.00 ns, 8.4544 us/op
WorkloadActual   4: 4884 op, 38866520.00 ns, 7.9579 us/op
WorkloadActual   5: 4884 op, 39812709.00 ns, 8.1517 us/op
WorkloadActual   6: 4884 op, 39663580.00 ns, 8.1211 us/op

// AfterActualRun
WorkloadResult   1: 4884 op, 41913614.00 ns, 8.5818 us/op
WorkloadResult   2: 4884 op, 42166417.00 ns, 8.6336 us/op
WorkloadResult   3: 4884 op, 41291103.00 ns, 8.4544 us/op
WorkloadResult   4: 4884 op, 38866520.00 ns, 7.9579 us/op
WorkloadResult   5: 4884 op, 39812709.00 ns, 8.1517 us/op
WorkloadResult   6: 4884 op, 39663580.00 ns, 8.1211 us/op
// GC:  1 0 0 23325984 4884
// Threading:  0 0 4884

// AfterAll
// Benchmark Process 18698 has exited with code 0.

Mean = 8.317 us, StdErr = 0.113 us (1.36%), N = 6, StdDev = 0.277 us
Min = 7.958 us, Q1 = 8.129 us, Median = 8.303 us, Q3 = 8.550 us, Max = 8.634 us
IQR = 0.421 us, LowerFence = 7.497 us, UpperFence = 9.182 us
ConfidenceInterval = [7.540 us; 9.094 us] (CI 99.9%), Margin = 0.777 us (9.34% of Mean)
Skewness = -0.04, Kurtosis = 0.97, MValue = 2

// ** Remained 86 (57.7 %) benchmark(s) to run. Estimated finish 2026-10-04 8:26 (0h 1m from now) **
// **************************
// Benchmark: CodecSuite.Run: campaign(EvaluateOverhead=False, Clock=Armonik.Ffi.Bdn.CpuClock, IterationCount=6, IterationTime=40ms, LaunchCount=1, RunStrategy=Throughput, WarmupCount=4) [Case=incum(...)fault [46]]
// *** Execute ***
// Launch: 1 / 1
// Execute: dotnet BenchDotNet-campaign-1.dll --anonymousPipes 123 124 --benchmarkName "Armonik.Ffi.Bdn.CodecSuite.Run(Case: \"incumbent-prod|decode-read|P2.2|latin1|default\")" --job campaign --benchmarkId 63 in /home/user/ArmoniK.Api/ffi/poc/csharp/src/BenchDotNet/bin/Release/net8.0/BenchDotNet-campaign-1/bin/Release/net8.0
// BeforeAnythingElse

// Benchmark Process Environment Information:
// BenchmarkDotNet v0.15.8
// Runtime=.NET 8.0.31 (8.0.31, 8.0.3126.42015), X64 RyuJIT x86-64-v4
// GC=Concurrent Workstation
// HardwareIntrinsics=AVX512 F+BW+CD+DQ+VL,AVX2+BMI1+BMI2+F16C+FMA+LZCNT+MOVBE,AVX,SSE3+SSSE3+SSE4.1+SSE4.2+POPCNT,X86Base+SSE+SSE2,AES+PCLMUL VectorSize=256
// Job: campaign(EvaluateOverhead=False, Clock=Armonik.Ffi.Bdn.CpuClock, IterationCount=6, IterationTime=40ms, LaunchCount=1, RunStrategy=Throughput, WarmupCount=4)

OverheadJitting  1: 1 op, 290481.00 ns, 290.4810 us/op
WorkloadJitting  1: 1 op, 14082020.00 ns, 14.0820 ms/op

WorkloadPilot    1: 4 op, 27555269.00 ns, 6.8888 ms/op
WorkloadPilot    2: 6 op, 40357916.00 ns, 6.7263 ms/op

WorkloadWarmup   1: 6 op, 42483235.00 ns, 7.0805 ms/op
WorkloadWarmup   2: 6 op, 37716329.00 ns, 6.2861 ms/op
WorkloadWarmup   3: 6 op, 37062744.00 ns, 6.1771 ms/op
WorkloadWarmup   4: 6 op, 39095094.00 ns, 6.5158 ms/op

// BeforeActualRun
WorkloadActual   1: 6 op, 35974597.00 ns, 5.9958 ms/op
WorkloadActual   2: 6 op, 36030833.00 ns, 6.0051 ms/op
WorkloadActual   3: 6 op, 35828414.00 ns, 5.9714 ms/op
WorkloadActual   4: 6 op, 35710430.00 ns, 5.9517 ms/op
WorkloadActual   5: 6 op, 39000796.00 ns, 6.5001 ms/op
WorkloadActual   6: 6 op, 37993180.00 ns, 6.3322 ms/op

// AfterActualRun
WorkloadResult   1: 6 op, 35974597.00 ns, 5.9958 ms/op
WorkloadResult   2: 6 op, 36030833.00 ns, 6.0051 ms/op
WorkloadResult   3: 6 op, 35828414.00 ns, 5.9714 ms/op
WorkloadResult   4: 6 op, 35710430.00 ns, 5.9517 ms/op
WorkloadResult   5: 6 op, 39000796.00 ns, 6.5001 ms/op
WorkloadResult   6: 6 op, 37993180.00 ns, 6.3322 ms/op
// GC:  0 0 0 14067168 6
// Threading:  0 0 6

// AfterAll
// Benchmark Process 18709 has exited with code 0.

Mean = 6.126 ms, StdErr = 0.095 ms (1.54%), N = 6, StdDev = 0.232 ms
Min = 5.952 ms, Q1 = 5.977 ms, Median = 6.000 ms, Q3 = 6.250 ms, Max = 6.500 ms
IQR = 0.273 ms, LowerFence = 5.568 ms, UpperFence = 6.660 ms
ConfidenceInterval = [5.476 ms; 6.776 ms] (CI 99.9%), Margin = 0.650 ms (10.60% of Mean)
Skewness = 0.65, Kurtosis = 1.35, MValue = 2

// ** Remained 85 (57.0 %) benchmark(s) to run. Estimated finish 2026-10-04 8:26 (0h 1m from now) **
// **************************
// Benchmark: CodecSuite.Run: campaign(EvaluateOverhead=False, Clock=Armonik.Ffi.Bdn.CpuClock, IterationCount=6, IterationTime=40ms, LaunchCount=1, RunStrategy=Throughput, WarmupCount=4) [Case=core-(...)etain [79]]
// *** Execute ***
// Launch: 1 / 1
// Execute: dotnet BenchDotNet-campaign-1.dll --anonymousPipes 123 124 --benchmarkName "Armonik.Ffi.Bdn.CodecSuite.Run(Case: \"core-ffi|decode-read|U-wire-UploadResultDataMessage-upload-as-wt5|corpus|retain\")" --job campaign --benchmarkId 64 in /home/user/ArmoniK.Api/ffi/poc/csharp/src/BenchDotNet/bin/Release/net8.0/BenchDotNet-campaign-1/bin/Release/net8.0
// BeforeAnythingElse

// Benchmark Process Environment Information:
// BenchmarkDotNet v0.15.8
// Runtime=.NET 8.0.31 (8.0.31, 8.0.3126.42015), X64 RyuJIT x86-64-v4
// GC=Concurrent Workstation
// HardwareIntrinsics=AVX512 F+BW+CD+DQ+VL,AVX2+BMI1+BMI2+F16C+FMA+LZCNT+MOVBE,AVX,SSE3+SSSE3+SSE4.1+SSE4.2+POPCNT,X86Base+SSE+SSE2,AES+PCLMUL VectorSize=256
// Job: campaign(EvaluateOverhead=False, Clock=Armonik.Ffi.Bdn.CpuClock, IterationCount=6, IterationTime=40ms, LaunchCount=1, RunStrategy=Throughput, WarmupCount=4)

OverheadJitting  1: 1 op, 816618.00 ns, 816.6180 us/op
WorkloadJitting  1: 1 op, 6269918.00 ns, 6.2699 ms/op

WorkloadPilot    1: 4 op, 36622.00 ns, 9.1555 us/op
WorkloadPilot    2: 4369 op, 5084523.00 ns, 1.1638 us/op
WorkloadPilot    3: 34371 op, 40281769.00 ns, 1.1720 us/op
WorkloadPilot    4: 34131 op, 58267551.00 ns, 1.7072 us/op
WorkloadPilot    5: 23431 op, 31665086.00 ns, 1.3514 us/op
WorkloadPilot    6: 29599 op, 30892090.00 ns, 1.0437 us/op
WorkloadPilot    7: 38326 op, 38431054.00 ns, 1.0027 us/op
WorkloadPilot    8: 39891 op, 41125476.00 ns, 1.0309 us/op

WorkloadWarmup   1: 39891 op, 39869183.00 ns, 999.4531 ns/op
WorkloadWarmup   2: 39891 op, 39267863.00 ns, 984.3790 ns/op
WorkloadWarmup   3: 39891 op, 42545427.00 ns, 1.0665 us/op
WorkloadWarmup   4: 39891 op, 44556798.00 ns, 1.1170 us/op

// BeforeActualRun
WorkloadActual   1: 39891 op, 53779467.00 ns, 1.3482 us/op
WorkloadActual   2: 39891 op, 38712320.00 ns, 970.4525 ns/op
WorkloadActual   3: 39891 op, 49271654.00 ns, 1.2352 us/op
WorkloadActual   4: 39891 op, 40052894.00 ns, 1.0041 us/op
WorkloadActual   5: 39891 op, 46923299.00 ns, 1.1763 us/op
WorkloadActual   6: 39891 op, 42403401.00 ns, 1.0630 us/op

// AfterActualRun
WorkloadResult   1: 39891 op, 53779467.00 ns, 1.3482 us/op
WorkloadResult   2: 39891 op, 38712320.00 ns, 970.4525 ns/op
WorkloadResult   3: 39891 op, 49271654.00 ns, 1.2352 us/op
WorkloadResult   4: 39891 op, 40052894.00 ns, 1.0041 us/op
WorkloadResult   5: 39891 op, 46923299.00 ns, 1.1763 us/op
WorkloadResult   6: 39891 op, 42403401.00 ns, 1.0630 us/op
// GC:  0 0 0 13722504 39891
// Threading:  0 0 39891

// AfterAll
// Benchmark Process 18721 has exited with code 0.

Mean = 1.133 us, StdErr = 0.060 us (5.26%), N = 6, StdDev = 0.146 us
Min = 0.970 us, Q1 = 1.019 us, Median = 1.120 us, Q3 = 1.220 us, Max = 1.348 us
IQR = 0.202 us, LowerFence = 0.716 us, UpperFence = 1.523 us
ConfidenceInterval = [0.723 us; 1.542 us] (CI 99.9%), Margin = 0.409 us (36.14% of Mean)
Skewness = 0.23, Kurtosis = 1.2, MValue = 2

// ** Remained 84 (56.4 %) benchmark(s) to run. Estimated finish 2026-10-04 8:26 (0h 1m from now) **
// **************************
// Benchmark: CodecSuite.Run: campaign(EvaluateOverhead=False, Clock=Armonik.Ffi.Bdn.CpuClock, IterationCount=6, IterationTime=40ms, LaunchCount=1, RunStrategy=Throughput, WarmupCount=4) [Case=host-(...)etain [38]]
// *** Execute ***
// Launch: 1 / 1
// Execute: dotnet BenchDotNet-campaign-1.dll --anonymousPipes 123 124 --benchmarkName "Armonik.Ffi.Bdn.CodecSuite.Run(Case: \"host-gen|decode-read|P2.3|ascii|retain\")" --job campaign --benchmarkId 65 in /home/user/ArmoniK.Api/ffi/poc/csharp/src/BenchDotNet/bin/Release/net8.0/BenchDotNet-campaign-1/bin/Release/net8.0
// BeforeAnythingElse

// Benchmark Process Environment Information:
// BenchmarkDotNet v0.15.8
// Runtime=.NET 8.0.31 (8.0.31, 8.0.3126.42015), X64 RyuJIT x86-64-v4
// GC=Concurrent Workstation
// HardwareIntrinsics=AVX512 F+BW+CD+DQ+VL,AVX2+BMI1+BMI2+F16C+FMA+LZCNT+MOVBE,AVX,SSE3+SSSE3+SSE4.1+SSE4.2+POPCNT,X86Base+SSE+SSE2,AES+PCLMUL VectorSize=256
// Job: campaign(EvaluateOverhead=False, Clock=Armonik.Ffi.Bdn.CpuClock, IterationCount=6, IterationTime=40ms, LaunchCount=1, RunStrategy=Throughput, WarmupCount=4)

OverheadJitting  1: 1 op, 267463.00 ns, 267.4630 us/op
WorkloadJitting  1: 1 op, 8793840.00 ns, 8.7938 ms/op

WorkloadPilot    1: 4 op, 13045954.00 ns, 3.2615 ms/op
WorkloadPilot    2: 12 op, 41962485.00 ns, 3.4969 ms/op

WorkloadWarmup   1: 12 op, 32814740.00 ns, 2.7346 ms/op
WorkloadWarmup   2: 12 op, 34445237.00 ns, 2.8704 ms/op
WorkloadWarmup   3: 12 op, 37233190.00 ns, 3.1028 ms/op
WorkloadWarmup   4: 12 op, 32455095.00 ns, 2.7046 ms/op

// BeforeActualRun
WorkloadActual   1: 12 op, 33701101.00 ns, 2.8084 ms/op
WorkloadActual   2: 12 op, 34231804.00 ns, 2.8527 ms/op
WorkloadActual   3: 12 op, 32143981.00 ns, 2.6787 ms/op
WorkloadActual   4: 12 op, 37446667.00 ns, 3.1206 ms/op
WorkloadActual   5: 12 op, 33133840.00 ns, 2.7612 ms/op
WorkloadActual   6: 12 op, 36904170.00 ns, 3.0753 ms/op

// AfterActualRun
WorkloadResult   1: 12 op, 33701101.00 ns, 2.8084 ms/op
WorkloadResult   2: 12 op, 34231804.00 ns, 2.8527 ms/op
WorkloadResult   3: 12 op, 32143981.00 ns, 2.6787 ms/op
WorkloadResult   4: 12 op, 37446667.00 ns, 3.1206 ms/op
WorkloadResult   5: 12 op, 33133840.00 ns, 2.7612 ms/op
WorkloadResult   6: 12 op, 36904170.00 ns, 3.0753 ms/op
// GC:  1 0 0 25213920 12
// Threading:  0 0 12

// AfterAll
// Benchmark Process 18733 has exited with code 0.

Mean = 2.883 ms, StdErr = 0.072 ms (2.51%), N = 6, StdDev = 0.177 ms
Min = 2.679 ms, Q1 = 2.773 ms, Median = 2.831 ms, Q3 = 3.020 ms, Max = 3.121 ms
IQR = 0.247 ms, LowerFence = 2.403 ms, UpperFence = 3.390 ms
ConfidenceInterval = [2.387 ms; 3.379 ms] (CI 99.9%), Margin = 0.496 ms (17.21% of Mean)
Skewness = 0.3, Kurtosis = 1.12, MValue = 2

// ** Remained 83 (55.7 %) benchmark(s) to run. Estimated finish 2026-10-04 8:26 (0h 1m from now) **
// **************************
// Benchmark: CodecSuite.Run: campaign(EvaluateOverhead=False, Clock=Armonik.Ffi.Bdn.CpuClock, IterationCount=6, IterationTime=40ms, LaunchCount=1, RunStrategy=Throughput, WarmupCount=4) [Case=host-(...)etain [66]]
// *** Execute ***
// Launch: 1 / 1
// Execute: dotnet BenchDotNet-campaign-1.dll --anonymousPipes 123 124 --benchmarkName "Armonik.Ffi.Bdn.CodecSuite.Run(Case: \"host-gen|decode-read|U-wire-DualResponse-left-as-wt5|corpus|retain\")" --job campaign --benchmarkId 66 in /home/user/ArmoniK.Api/ffi/poc/csharp/src/BenchDotNet/bin/Release/net8.0/BenchDotNet-campaign-1/bin/Release/net8.0
// BeforeAnythingElse

// Benchmark Process Environment Information:
// BenchmarkDotNet v0.15.8
// Runtime=.NET 8.0.31 (8.0.31, 8.0.3126.42015), X64 RyuJIT x86-64-v4
// GC=Concurrent Workstation
// HardwareIntrinsics=AVX512 F+BW+CD+DQ+VL,AVX2+BMI1+BMI2+F16C+FMA+LZCNT+MOVBE,AVX,SSE3+SSSE3+SSE4.1+SSE4.2+POPCNT,X86Base+SSE+SSE2,AES+PCLMUL VectorSize=256
// Job: campaign(EvaluateOverhead=False, Clock=Armonik.Ffi.Bdn.CpuClock, IterationCount=6, IterationTime=40ms, LaunchCount=1, RunStrategy=Throughput, WarmupCount=4)

OverheadJitting  1: 1 op, 252247.00 ns, 252.2470 us/op
WorkloadJitting  1: 1 op, 2132807.00 ns, 2.1328 ms/op

OverheadJitting  2: 16 op, 497827.00 ns, 31.1142 us/op
WorkloadJitting  2: 16 op, 484434.00 ns, 30.2771 us/op

WorkloadPilot    1: 16 op, 44273.00 ns, 2.7671 us/op
WorkloadPilot    2: 14464 op, 24280747.00 ns, 1.6787 us/op
WorkloadPilot    3: 23840 op, 29287519.00 ns, 1.2285 us/op
WorkloadPilot    4: 32560 op, 43664805.00 ns, 1.3411 us/op
WorkloadPilot    5: 29840 op, 38075258.00 ns, 1.2760 us/op
WorkloadPilot    6: 31360 op, 36209271.00 ns, 1.1546 us/op
WorkloadPilot    7: 34656 op, 41751976.00 ns, 1.2048 us/op
WorkloadPilot    8: 33216 op, 39017618.00 ns, 1.1747 us/op
WorkloadPilot    9: 34064 op, 38439871.00 ns, 1.1285 us/op
WorkloadPilot   10: 35456 op, 39928503.00 ns, 1.1261 us/op
WorkloadPilot   11: 35520 op, 35059698.00 ns, 987.0410 ns/op
WorkloadPilot   12: 40528 op, 49233192.00 ns, 1.2148 us/op

WorkloadWarmup   1: 40528 op, 47019954.00 ns, 1.1602 us/op
WorkloadWarmup   2: 40528 op, 42470165.00 ns, 1.0479 us/op
WorkloadWarmup   3: 40528 op, 46630307.00 ns, 1.1506 us/op
WorkloadWarmup   4: 40528 op, 44084866.00 ns, 1.0878 us/op

// BeforeActualRun
WorkloadActual   1: 40528 op, 44440042.00 ns, 1.0965 us/op
WorkloadActual   2: 40528 op, 39622792.00 ns, 977.6646 ns/op
WorkloadActual   3: 40528 op, 43365328.00 ns, 1.0700 us/op
WorkloadActual   4: 40528 op, 46377900.00 ns, 1.1443 us/op
WorkloadActual   5: 40528 op, 43297214.00 ns, 1.0683 us/op
WorkloadActual   6: 40528 op, 40473451.00 ns, 998.6540 ns/op

// AfterActualRun
WorkloadResult   1: 40528 op, 44440042.00 ns, 1.0965 us/op
WorkloadResult   2: 40528 op, 39622792.00 ns, 977.6646 ns/op
WorkloadResult   3: 40528 op, 43365328.00 ns, 1.0700 us/op
WorkloadResult   4: 40528 op, 46377900.00 ns, 1.1443 us/op
WorkloadResult   5: 40528 op, 43297214.00 ns, 1.0683 us/op
WorkloadResult   6: 40528 op, 40473451.00 ns, 998.6540 ns/op
// GC:  1 0 0 23019904 40528
// Threading:  0 0 40528

// AfterAll
// Benchmark Process 18742 has exited with code 0.

Mean = 1.059 us, StdErr = 0.025 us (2.39%), N = 6, StdDev = 0.062 us
Min = 0.978 us, Q1 = 1.016 us, Median = 1.069 us, Q3 = 1.090 us, Max = 1.144 us
IQR = 0.074 us, LowerFence = 0.905 us, UpperFence = 1.201 us
ConfidenceInterval = [0.886 us; 1.233 us] (CI 99.9%), Margin = 0.174 us (16.39% of Mean)
Skewness = -0.07, Kurtosis = 1.27, MValue = 2

// ** Remained 82 (55.0 %) benchmark(s) to run. Estimated finish 2026-10-04 8:26 (0h 1m from now) **
// **************************
// Benchmark: CodecSuite.Run: campaign(EvaluateOverhead=False, Clock=Armonik.Ffi.Bdn.CpuClock, IterationCount=6, IterationTime=40ms, LaunchCount=1, RunStrategy=Throughput, WarmupCount=4) [Case=incum(...)fault [54]]
// *** Execute ***
// Launch: 1 / 1
// Execute: dotnet BenchDotNet-campaign-1.dll --anonymousPipes 123 124 --benchmarkName "Armonik.Ffi.Bdn.CodecSuite.Run(Case: \"incumbent-prod|encode-transport-hot|P4.1|ascii|default\")" --job campaign --benchmarkId 67 in /home/user/ArmoniK.Api/ffi/poc/csharp/src/BenchDotNet/bin/Release/net8.0/BenchDotNet-campaign-1/bin/Release/net8.0
// BeforeAnythingElse

// Benchmark Process Environment Information:
// BenchmarkDotNet v0.15.8
// Runtime=.NET 8.0.31 (8.0.31, 8.0.3126.42015), X64 RyuJIT x86-64-v4
// GC=Concurrent Workstation
// HardwareIntrinsics=AVX512 F+BW+CD+DQ+VL,AVX2+BMI1+BMI2+F16C+FMA+LZCNT+MOVBE,AVX,SSE3+SSSE3+SSE4.1+SSE4.2+POPCNT,X86Base+SSE+SSE2,AES+PCLMUL VectorSize=256
// Job: campaign(EvaluateOverhead=False, Clock=Armonik.Ffi.Bdn.CpuClock, IterationCount=6, IterationTime=40ms, LaunchCount=1, RunStrategy=Throughput, WarmupCount=4)

OverheadJitting  1: 1 op, 255924.00 ns, 255.9240 us/op
WorkloadJitting  1: 1 op, 4629735.00 ns, 4.6297 ms/op

WorkloadPilot    1: 4 op, 4540113.00 ns, 1.1350 ms/op
WorkloadPilot    2: 35 op, 41682692.00 ns, 1.1909 ms/op

WorkloadWarmup   1: 35 op, 41611195.00 ns, 1.1889 ms/op
WorkloadWarmup   2: 35 op, 40890239.00 ns, 1.1683 ms/op
WorkloadWarmup   3: 35 op, 40971749.00 ns, 1.1706 ms/op
WorkloadWarmup   4: 35 op, 36515111.00 ns, 1.0433 ms/op

// BeforeActualRun
WorkloadActual   1: 35 op, 36553597.00 ns, 1.0444 ms/op
WorkloadActual   2: 35 op, 40457333.00 ns, 1.1559 ms/op
WorkloadActual   3: 35 op, 39135777.00 ns, 1.1182 ms/op
WorkloadActual   4: 35 op, 40771876.00 ns, 1.1649 ms/op
WorkloadActual   5: 35 op, 36668356.00 ns, 1.0477 ms/op
WorkloadActual   6: 35 op, 40623175.00 ns, 1.1607 ms/op

// AfterActualRun
WorkloadResult   1: 35 op, 36553597.00 ns, 1.0444 ms/op
WorkloadResult   2: 35 op, 40457333.00 ns, 1.1559 ms/op
WorkloadResult   3: 35 op, 39135777.00 ns, 1.1182 ms/op
WorkloadResult   4: 35 op, 40771876.00 ns, 1.1649 ms/op
WorkloadResult   5: 35 op, 36668356.00 ns, 1.0477 ms/op
WorkloadResult   6: 35 op, 40623175.00 ns, 1.1607 ms/op
// GC:  0 0 0 392000 35
// Threading:  0 0 35

// AfterAll
// Benchmark Process 18751 has exited with code 0.

Mean = 1.115 ms, StdErr = 0.023 ms (2.06%), N = 6, StdDev = 0.056 ms
Min = 1.044 ms, Q1 = 1.065 ms, Median = 1.137 ms, Q3 = 1.159 ms, Max = 1.165 ms
IQR = 0.094 ms, LowerFence = 0.924 ms, UpperFence = 1.301 ms
ConfidenceInterval = [0.958 ms; 1.273 ms] (CI 99.9%), Margin = 0.158 ms (14.13% of Mean)
Skewness = -0.36, Kurtosis = 0.99, MValue = 2

// ** Remained 81 (54.4 %) benchmark(s) to run. Estimated finish 2026-10-04 8:26 (0h 1m from now) **
// **************************
// Benchmark: CodecSuite.Run: campaign(EvaluateOverhead=False, Clock=Armonik.Ffi.Bdn.CpuClock, IterationCount=6, IterationTime=40ms, LaunchCount=1, RunStrategy=Throughput, WarmupCount=4) [Case=host-(...)etain [38]]
// *** Execute ***
// Launch: 1 / 1
// Execute: dotnet BenchDotNet-campaign-1.dll --anonymousPipes 123 124 --benchmarkName "Armonik.Ffi.Bdn.CodecSuite.Run(Case: \"host-gen|decode-read|P4.1|ascii|retain\")" --job campaign --benchmarkId 68 in /home/user/ArmoniK.Api/ffi/poc/csharp/src/BenchDotNet/bin/Release/net8.0/BenchDotNet-campaign-1/bin/Release/net8.0
// BeforeAnythingElse

// Benchmark Process Environment Information:
// BenchmarkDotNet v0.15.8
// Runtime=.NET 8.0.31 (8.0.31, 8.0.3126.42015), X64 RyuJIT x86-64-v4
// GC=Concurrent Workstation
// HardwareIntrinsics=AVX512 F+BW+CD+DQ+VL,AVX2+BMI1+BMI2+F16C+FMA+LZCNT+MOVBE,AVX,SSE3+SSSE3+SSE4.1+SSE4.2+POPCNT,X86Base+SSE+SSE2,AES+PCLMUL VectorSize=256
// Job: campaign(EvaluateOverhead=False, Clock=Armonik.Ffi.Bdn.CpuClock, IterationCount=6, IterationTime=40ms, LaunchCount=1, RunStrategy=Throughput, WarmupCount=4)

OverheadJitting  1: 1 op, 280961.00 ns, 280.9610 us/op
WorkloadJitting  1: 1 op, 4410747.00 ns, 4.4107 ms/op

WorkloadPilot    1: 4 op, 3273714.00 ns, 818.4285 us/op
WorkloadPilot    2: 49 op, 40139091.00 ns, 819.1651 us/op

WorkloadWarmup   1: 49 op, 40183349.00 ns, 820.0683 us/op
WorkloadWarmup   2: 49 op, 32644292.00 ns, 666.2100 us/op
WorkloadWarmup   3: 49 op, 30606087.00 ns, 624.6140 us/op
WorkloadWarmup   4: 49 op, 34961444.00 ns, 713.4989 us/op

// BeforeActualRun
WorkloadActual   1: 49 op, 32621636.00 ns, 665.7477 us/op
WorkloadActual   2: 49 op, 29843309.00 ns, 609.0471 us/op
WorkloadActual   3: 49 op, 29838367.00 ns, 608.9463 us/op
WorkloadActual   4: 49 op, 29730910.00 ns, 606.7533 us/op
WorkloadActual   5: 49 op, 29796065.00 ns, 608.0830 us/op
WorkloadActual   6: 49 op, 29773637.00 ns, 607.6252 us/op

// AfterActualRun
WorkloadResult   1: 49 op, 29843309.00 ns, 609.0471 us/op
WorkloadResult   2: 49 op, 29838367.00 ns, 608.9463 us/op
WorkloadResult   3: 49 op, 29730910.00 ns, 606.7533 us/op
WorkloadResult   4: 49 op, 29796065.00 ns, 608.0830 us/op
WorkloadResult   5: 49 op, 29773637.00 ns, 607.6252 us/op
// GC:  1 0 0 17824240 49
// Threading:  0 0 49

// AfterAll
// Benchmark Process 18763 has exited with code 0.

Mean = 608.091 us, StdErr = 0.427 us (0.07%), N = 5, StdDev = 0.956 us
Min = 606.753 us, Q1 = 607.625 us, Median = 608.083 us, Q3 = 608.946 us, Max = 609.047 us
IQR = 1.321 us, LowerFence = 605.644 us, UpperFence = 610.928 us
ConfidenceInterval = [604.412 us; 611.770 us] (CI 99.9%), Margin = 3.679 us (0.61% of Mean)
Skewness = -0.23, Kurtosis = 1.11, MValue = 2

// ** Remained 80 (53.7 %) benchmark(s) to run. Estimated finish 2026-10-04 8:26 (0h 1m from now) **
// **************************
// Benchmark: CodecSuite.Run: campaign(EvaluateOverhead=False, Clock=Armonik.Ffi.Bdn.CpuClock, IterationCount=6, IterationTime=40ms, LaunchCount=1, RunStrategy=Throughput, WarmupCount=4) [Case=incum(...)fault [60]]
// *** Execute ***
// Launch: 1 / 1
// Execute: dotnet BenchDotNet-campaign-1.dll --anonymousPipes 123 124 --benchmarkName "Armonik.Ffi.Bdn.CodecSuite.Run(Case: \"incumbent-prod|decode-read|U-oneof-u-repeated|corpus|default\")" --job campaign --benchmarkId 69 in /home/user/ArmoniK.Api/ffi/poc/csharp/src/BenchDotNet/bin/Release/net8.0/BenchDotNet-campaign-1/bin/Release/net8.0
// BeforeAnythingElse

// Benchmark Process Environment Information:
// BenchmarkDotNet v0.15.8
// Runtime=.NET 8.0.31 (8.0.31, 8.0.3126.42015), X64 RyuJIT x86-64-v4
// GC=Concurrent Workstation
// HardwareIntrinsics=AVX512 F+BW+CD+DQ+VL,AVX2+BMI1+BMI2+F16C+FMA+LZCNT+MOVBE,AVX,SSE3+SSSE3+SSE4.1+SSE4.2+POPCNT,X86Base+SSE+SSE2,AES+PCLMUL VectorSize=256
// Job: campaign(EvaluateOverhead=False, Clock=Armonik.Ffi.Bdn.CpuClock, IterationCount=6, IterationTime=40ms, LaunchCount=1, RunStrategy=Throughput, WarmupCount=4)

OverheadJitting  1: 1 op, 278497.00 ns, 278.4970 us/op
WorkloadJitting  1: 1 op, 10664868.00 ns, 10.6649 ms/op

WorkloadPilot    1: 4 op, 140656.00 ns, 35.1640 us/op
WorkloadPilot    2: 1138 op, 2153390.00 ns, 1.8923 us/op
WorkloadPilot    3: 21139 op, 40902994.00 ns, 1.9350 us/op
WorkloadPilot    4: 20672 op, 34573553.00 ns, 1.6725 us/op
WorkloadPilot    5: 23917 op, 34443886.00 ns, 1.4401 us/op
WorkloadPilot    6: 27775 op, 39853285.00 ns, 1.4349 us/op
WorkloadPilot    7: 27877 op, 40090536.00 ns, 1.4381 us/op
WorkloadPilot    8: 27814 op, 41717304.00 ns, 1.4999 us/op

WorkloadWarmup   1: 27814 op, 39393523.00 ns, 1.4163 us/op
WorkloadWarmup   2: 27814 op, 39429321.00 ns, 1.4176 us/op
WorkloadWarmup   3: 27814 op, 39480680.00 ns, 1.4195 us/op
WorkloadWarmup   4: 27814 op, 39574546.00 ns, 1.4228 us/op

// BeforeActualRun
WorkloadActual   1: 27814 op, 42172502.00 ns, 1.5162 us/op
WorkloadActual   2: 27814 op, 39480903.00 ns, 1.4195 us/op
WorkloadActual   3: 27814 op, 39970196.00 ns, 1.4371 us/op
WorkloadActual   4: 27814 op, 39924205.00 ns, 1.4354 us/op
WorkloadActual   5: 27814 op, 50088541.00 ns, 1.8008 us/op
WorkloadActual   6: 27814 op, 43219630.00 ns, 1.5539 us/op

// AfterActualRun
WorkloadResult   1: 27814 op, 42172502.00 ns, 1.5162 us/op
WorkloadResult   2: 27814 op, 39480903.00 ns, 1.4195 us/op
WorkloadResult   3: 27814 op, 39970196.00 ns, 1.4371 us/op
WorkloadResult   4: 27814 op, 39924205.00 ns, 1.4354 us/op
WorkloadResult   5: 27814 op, 43219630.00 ns, 1.5539 us/op
// GC:  1 0 0 25143856 27814
// Threading:  0 0 27814

// AfterAll
// Benchmark Process 18772 has exited with code 0.

Mean = 1.472 us, StdErr = 0.026 us (1.80%), N = 5, StdDev = 0.059 us
Min = 1.419 us, Q1 = 1.435 us, Median = 1.437 us, Q3 = 1.516 us, Max = 1.554 us
IQR = 0.081 us, LowerFence = 1.314 us, UpperFence = 1.637 us
ConfidenceInterval = [1.245 us; 1.700 us] (CI 99.9%), Margin = 0.228 us (15.46% of Mean)
Skewness = 0.37, Kurtosis = 0.97, MValue = 2

// ** Remained 79 (53.0 %) benchmark(s) to run. Estimated finish 2026-10-04 8:26 (0h 1m from now) **
// **************************
// Benchmark: CodecSuite.Run: campaign(EvaluateOverhead=False, Clock=Armonik.Ffi.Bdn.CpuClock, IterationCount=6, IterationTime=40ms, LaunchCount=1, RunStrategy=Throughput, WarmupCount=4) [Case=core-(...)etain [50]]
// *** Execute ***
// Launch: 1 / 1
// Execute: dotnet BenchDotNet-campaign-1.dll --anonymousPipes 123 124 --benchmarkName "Armonik.Ffi.Bdn.CodecSuite.Run(Case: \"core-ffi|decode-read|U-nested-before|corpus|retain\")" --job campaign --benchmarkId 70 in /home/user/ArmoniK.Api/ffi/poc/csharp/src/BenchDotNet/bin/Release/net8.0/BenchDotNet-campaign-1/bin/Release/net8.0
// BeforeAnythingElse

// Benchmark Process Environment Information:
// BenchmarkDotNet v0.15.8
// Runtime=.NET 8.0.31 (8.0.31, 8.0.3126.42015), X64 RyuJIT x86-64-v4
// GC=Concurrent Workstation
// HardwareIntrinsics=AVX512 F+BW+CD+DQ+VL,AVX2+BMI1+BMI2+F16C+FMA+LZCNT+MOVBE,AVX,SSE3+SSSE3+SSE4.1+SSE4.2+POPCNT,X86Base+SSE+SSE2,AES+PCLMUL VectorSize=256
// Job: campaign(EvaluateOverhead=False, Clock=Armonik.Ffi.Bdn.CpuClock, IterationCount=6, IterationTime=40ms, LaunchCount=1, RunStrategy=Throughput, WarmupCount=4)

OverheadJitting  1: 1 op, 303823.00 ns, 303.8230 us/op
WorkloadJitting  1: 1 op, 6688877.00 ns, 6.6889 ms/op

WorkloadPilot    1: 4 op, 49017.00 ns, 12.2543 us/op
WorkloadPilot    2: 3264 op, 7278985.00 ns, 2.2301 us/op
WorkloadPilot    3: 17937 op, 41470723.00 ns, 2.3120 us/op
WorkloadPilot    4: 17301 op, 35457545.00 ns, 2.0495 us/op
WorkloadPilot    5: 19517 op, 39759966.00 ns, 2.0372 us/op
WorkloadPilot    6: 19635 op, 38149673.00 ns, 1.9429 us/op
WorkloadPilot    7: 20587 op, 38007383.00 ns, 1.8462 us/op
WorkloadPilot    8: 21666 op, 42009738.00 ns, 1.9390 us/op
WorkloadPilot    9: 20630 op, 37822562.00 ns, 1.8334 us/op
WorkloadPilot   10: 21818 op, 39828063.00 ns, 1.8255 us/op
WorkloadPilot   11: 21912 op, 39951230.00 ns, 1.8233 us/op
WorkloadPilot   12: 21939 op, 40436454.00 ns, 1.8431 us/op

WorkloadWarmup   1: 21939 op, 40028237.00 ns, 1.8245 us/op
WorkloadWarmup   2: 21939 op, 39842884.00 ns, 1.8161 us/op
WorkloadWarmup   3: 21939 op, 40151779.00 ns, 1.8302 us/op
WorkloadWarmup   4: 21939 op, 42625608.00 ns, 1.9429 us/op

// BeforeActualRun
WorkloadActual   1: 21939 op, 48840661.00 ns, 2.2262 us/op
WorkloadActual   2: 21939 op, 42083075.00 ns, 1.9182 us/op
WorkloadActual   3: 21939 op, 48732779.00 ns, 2.2213 us/op
WorkloadActual   4: 21939 op, 41850880.00 ns, 1.9076 us/op
WorkloadActual   5: 21939 op, 40630772.00 ns, 1.8520 us/op
WorkloadActual   6: 21939 op, 39830511.00 ns, 1.8155 us/op

// AfterActualRun
WorkloadResult   1: 21939 op, 48840661.00 ns, 2.2262 us/op
WorkloadResult   2: 21939 op, 42083075.00 ns, 1.9182 us/op
WorkloadResult   3: 21939 op, 48732779.00 ns, 2.2213 us/op
WorkloadResult   4: 21939 op, 41850880.00 ns, 1.9076 us/op
WorkloadResult   5: 21939 op, 40630772.00 ns, 1.8520 us/op
WorkloadResult   6: 21939 op, 39830511.00 ns, 1.8155 us/op
// GC:  1 0 0 19832856 21939
// Threading:  0 0 21939

// AfterAll
// Benchmark Process 18781 has exited with code 0.

Mean = 1.990 us, StdErr = 0.075 us (3.79%), N = 6, StdDev = 0.185 us
Min = 1.816 us, Q1 = 1.866 us, Median = 1.913 us, Q3 = 2.146 us, Max = 2.226 us
IQR = 0.280 us, LowerFence = 1.446 us, UpperFence = 2.565 us
ConfidenceInterval = [1.472 us; 2.508 us] (CI 99.9%), Margin = 0.518 us (26.04% of Mean)
Skewness = 0.44, Kurtosis = 1.05, MValue = 3

// ** Remained 78 (52.3 %) benchmark(s) to run. Estimated finish 2026-10-04 8:26 (0h 1m from now) **
// **************************
// Benchmark: CodecSuite.Run: campaign(EvaluateOverhead=False, Clock=Armonik.Ffi.Bdn.CpuClock, IterationCount=6, IterationTime=40ms, LaunchCount=1, RunStrategy=Throughput, WarmupCount=4) [Case=core-(...)etain [46]]
// *** Execute ***
// Launch: 1 / 1
// Execute: dotnet BenchDotNet-campaign-1.dll --anonymousPipes 123 124 --benchmarkName "Armonik.Ffi.Bdn.CodecSuite.Run(Case: \"core-ffi|encode-transport-hot|P2.2|wide|retain\")" --job campaign --benchmarkId 71 in /home/user/ArmoniK.Api/ffi/poc/csharp/src/BenchDotNet/bin/Release/net8.0/BenchDotNet-campaign-1/bin/Release/net8.0
// BeforeAnythingElse

// Benchmark Process Environment Information:
// BenchmarkDotNet v0.15.8
// Runtime=.NET 8.0.31 (8.0.31, 8.0.3126.42015), X64 RyuJIT x86-64-v4
// GC=Concurrent Workstation
// HardwareIntrinsics=AVX512 F+BW+CD+DQ+VL,AVX2+BMI1+BMI2+F16C+FMA+LZCNT+MOVBE,AVX,SSE3+SSSE3+SSE4.1+SSE4.2+POPCNT,X86Base+SSE+SSE2,AES+PCLMUL VectorSize=256
// Job: campaign(EvaluateOverhead=False, Clock=Armonik.Ffi.Bdn.CpuClock, IterationCount=6, IterationTime=40ms, LaunchCount=1, RunStrategy=Throughput, WarmupCount=4)

OverheadJitting  1: 1 op, 306589.00 ns, 306.5890 us/op
WorkloadJitting  1: 1 op, 15093026.00 ns, 15.0930 ms/op

WorkloadPilot    1: 4 op, 20855071.00 ns, 5.2138 ms/op
WorkloadPilot    2: 8 op, 21976569.00 ns, 2.7471 ms/op
WorkloadPilot    3: 15 op, 26671941.00 ns, 1.7781 ms/op
WorkloadPilot    4: 22 op, 40723187.00 ns, 1.8511 ms/op

WorkloadWarmup   1: 22 op, 37993754.00 ns, 1.7270 ms/op
WorkloadWarmup   2: 22 op, 38792439.00 ns, 1.7633 ms/op
WorkloadWarmup   3: 22 op, 45045410.00 ns, 2.0475 ms/op
WorkloadWarmup   4: 22 op, 47638819.00 ns, 2.1654 ms/op

// BeforeActualRun
WorkloadActual   1: 22 op, 41234274.00 ns, 1.8743 ms/op
WorkloadActual   2: 22 op, 38814295.00 ns, 1.7643 ms/op
WorkloadActual   3: 22 op, 45895356.00 ns, 2.0862 ms/op
WorkloadActual   4: 22 op, 60484075.00 ns, 2.7493 ms/op
WorkloadActual   5: 22 op, 44941335.00 ns, 2.0428 ms/op
WorkloadActual   6: 22 op, 42220446.00 ns, 1.9191 ms/op

// AfterActualRun
WorkloadResult   1: 22 op, 41234274.00 ns, 1.8743 ms/op
WorkloadResult   2: 22 op, 38814295.00 ns, 1.7643 ms/op
WorkloadResult   3: 22 op, 45895356.00 ns, 2.0862 ms/op
WorkloadResult   4: 22 op, 44941335.00 ns, 2.0428 ms/op
WorkloadResult   5: 22 op, 42220446.00 ns, 1.9191 ms/op
// GC:  0 0 0 0 22
// Threading:  0 0 22

// AfterAll
// Benchmark Process 18790 has exited with code 0.

Mean = 1.937 ms, StdErr = 0.058 ms (3.00%), N = 5, StdDev = 0.130 ms
Min = 1.764 ms, Q1 = 1.874 ms, Median = 1.919 ms, Q3 = 2.043 ms, Max = 2.086 ms
IQR = 0.169 ms, LowerFence = 1.622 ms, UpperFence = 2.296 ms
ConfidenceInterval = [1.437 ms; 2.438 ms] (CI 99.9%), Margin = 0.500 ms (25.82% of Mean)
Skewness = -0.09, Kurtosis = 1.07, MValue = 2

// ** Remained 77 (51.7 %) benchmark(s) to run. Estimated finish 2026-10-04 8:26 (0h 1m from now) **
// **************************
// Benchmark: CodecSuite.Run: campaign(EvaluateOverhead=False, Clock=Armonik.Ffi.Bdn.CpuClock, IterationCount=6, IterationTime=40ms, LaunchCount=1, RunStrategy=Throughput, WarmupCount=4) [Case=incum(...)fault [54]]
// *** Execute ***
// Launch: 1 / 1
// Execute: dotnet BenchDotNet-campaign-1.dll --anonymousPipes 123 124 --benchmarkName "Armonik.Ffi.Bdn.CodecSuite.Run(Case: \"incumbent-prod|encode-transport-hot|P2.5|ascii|default\")" --job campaign --benchmarkId 72 in /home/user/ArmoniK.Api/ffi/poc/csharp/src/BenchDotNet/bin/Release/net8.0/BenchDotNet-campaign-1/bin/Release/net8.0
// BeforeAnythingElse

// Benchmark Process Environment Information:
// BenchmarkDotNet v0.15.8
// Runtime=.NET 8.0.31 (8.0.31, 8.0.3126.42015), X64 RyuJIT x86-64-v4
// GC=Concurrent Workstation
// HardwareIntrinsics=AVX512 F+BW+CD+DQ+VL,AVX2+BMI1+BMI2+F16C+FMA+LZCNT+MOVBE,AVX,SSE3+SSSE3+SSE4.1+SSE4.2+POPCNT,X86Base+SSE+SSE2,AES+PCLMUL VectorSize=256
// Job: campaign(EvaluateOverhead=False, Clock=Armonik.Ffi.Bdn.CpuClock, IterationCount=6, IterationTime=40ms, LaunchCount=1, RunStrategy=Throughput, WarmupCount=4)

OverheadJitting  1: 1 op, 241539.00 ns, 241.5390 us/op
WorkloadJitting  1: 1 op, 3648069.00 ns, 3.6481 ms/op

WorkloadPilot    1: 4 op, 801300.00 ns, 200.3250 us/op
WorkloadPilot    2: 200 op, 38454312.00 ns, 192.2716 us/op
WorkloadPilot    3: 208 op, 37899661.00 ns, 182.2099 us/op
WorkloadPilot    4: 220 op, 39500156.00 ns, 179.5462 us/op
WorkloadPilot    5: 223 op, 40118122.00 ns, 179.9019 us/op

WorkloadWarmup   1: 223 op, 40272124.00 ns, 180.5925 us/op
WorkloadWarmup   2: 223 op, 39417297.00 ns, 176.7592 us/op
WorkloadWarmup   3: 223 op, 39460995.00 ns, 176.9551 us/op
WorkloadWarmup   4: 223 op, 38555248.00 ns, 172.8935 us/op

// BeforeActualRun
WorkloadActual   1: 223 op, 39338671.00 ns, 176.4066 us/op
WorkloadActual   2: 223 op, 45696314.00 ns, 204.9162 us/op
WorkloadActual   3: 223 op, 38962069.00 ns, 174.7178 us/op
WorkloadActual   4: 223 op, 38351926.00 ns, 171.9817 us/op
WorkloadActual   5: 223 op, 38973363.00 ns, 174.7684 us/op
WorkloadActual   6: 223 op, 39985506.00 ns, 179.3072 us/op

// AfterActualRun
WorkloadResult   1: 223 op, 39338671.00 ns, 176.4066 us/op
WorkloadResult   2: 223 op, 38962069.00 ns, 174.7178 us/op
WorkloadResult   3: 223 op, 38351926.00 ns, 171.9817 us/op
WorkloadResult   4: 223 op, 38973363.00 ns, 174.7684 us/op
WorkloadResult   5: 223 op, 39985506.00 ns, 179.3072 us/op
// GC:  0 0 0 249760 223
// Threading:  0 0 223

// AfterAll
// Benchmark Process 18799 has exited with code 0.

Mean = 175.436 us, StdErr = 1.200 us (0.68%), N = 5, StdDev = 2.684 us
Min = 171.982 us, Q1 = 174.718 us, Median = 174.768 us, Q3 = 176.407 us, Max = 179.307 us
IQR = 1.689 us, LowerFence = 172.185 us, UpperFence = 178.940 us
ConfidenceInterval = [165.100 us; 185.773 us] (CI 99.9%), Margin = 10.336 us (5.89% of Mean)
Skewness = 0.18, Kurtosis = 1.42, MValue = 2

// ** Remained 76 (51.0 %) benchmark(s) to run. Estimated finish 2026-10-04 8:26 (0h 1m from now) **
// **************************
// Benchmark: CodecSuite.Run: campaign(EvaluateOverhead=False, Clock=Armonik.Ffi.Bdn.CpuClock, IterationCount=6, IterationTime=40ms, LaunchCount=1, RunStrategy=Throughput, WarmupCount=4) [Case=core-(...)etain [87]]
// *** Execute ***
// Launch: 1 / 1
// Execute: dotnet BenchDotNet-campaign-1.dll --anonymousPipes 123 124 --benchmarkName "Armonik.Ffi.Bdn.CodecSuite.Run(Case: \"core-ffi|encode-transport-hot|U-wire-ListTaskSummaryResponse-tasks-as-wt5|corpus|retain\")" --job campaign --benchmarkId 73 in /home/user/ArmoniK.Api/ffi/poc/csharp/src/BenchDotNet/bin/Release/net8.0/BenchDotNet-campaign-1/bin/Release/net8.0
// BeforeAnythingElse

// Benchmark Process Environment Information:
// BenchmarkDotNet v0.15.8
// Runtime=.NET 8.0.31 (8.0.31, 8.0.3126.42015), X64 RyuJIT x86-64-v4
// GC=Concurrent Workstation
// HardwareIntrinsics=AVX512 F+BW+CD+DQ+VL,AVX2+BMI1+BMI2+F16C+FMA+LZCNT+MOVBE,AVX,SSE3+SSSE3+SSE4.1+SSE4.2+POPCNT,X86Base+SSE+SSE2,AES+PCLMUL VectorSize=256
// Job: campaign(EvaluateOverhead=False, Clock=Armonik.Ffi.Bdn.CpuClock, IterationCount=6, IterationTime=40ms, LaunchCount=1, RunStrategy=Throughput, WarmupCount=4)

OverheadJitting  1: 1 op, 250416.00 ns, 250.4160 us/op
WorkloadJitting  1: 1 op, 6148416.00 ns, 6.1484 ms/op

WorkloadPilot    1: 4 op, 56886.00 ns, 14.2215 us/op
WorkloadPilot    2: 2813 op, 6226915.00 ns, 2.2136 us/op
WorkloadPilot    3: 18070 op, 40451156.00 ns, 2.2386 us/op
WorkloadPilot    4: 17868 op, 39582583.00 ns, 2.2153 us/op
WorkloadPilot    5: 18056 op, 39833946.00 ns, 2.2061 us/op
WorkloadPilot    6: 18131 op, 49806450.00 ns, 2.7470 us/op
WorkloadPilot    7: 14561 op, 32109245.00 ns, 2.2052 us/op
WorkloadPilot    8: 18139 op, 40740617.00 ns, 2.2460 us/op

WorkloadWarmup   1: 18139 op, 39927911.00 ns, 2.2012 us/op
WorkloadWarmup   2: 18139 op, 39837655.00 ns, 2.1962 us/op
WorkloadWarmup   3: 18139 op, 40343839.00 ns, 2.2241 us/op
WorkloadWarmup   4: 18139 op, 39941893.00 ns, 2.2020 us/op

// BeforeActualRun
WorkloadActual   1: 18139 op, 40184881.00 ns, 2.2154 us/op
WorkloadActual   2: 18139 op, 40413148.00 ns, 2.2280 us/op
WorkloadActual   3: 18139 op, 40574849.00 ns, 2.2369 us/op
WorkloadActual   4: 18139 op, 40342112.00 ns, 2.2241 us/op
WorkloadActual   5: 18139 op, 40099316.00 ns, 2.2107 us/op
WorkloadActual   6: 18139 op, 41201130.00 ns, 2.2714 us/op

// AfterActualRun
WorkloadResult   1: 18139 op, 40184881.00 ns, 2.2154 us/op
WorkloadResult   2: 18139 op, 40413148.00 ns, 2.2280 us/op
WorkloadResult   3: 18139 op, 40574849.00 ns, 2.2369 us/op
WorkloadResult   4: 18139 op, 40342112.00 ns, 2.2241 us/op
WorkloadResult   5: 18139 op, 40099316.00 ns, 2.2107 us/op
// GC:  0 0 0 0 18139
// Threading:  0 0 18139

// AfterAll
// Benchmark Process 18813 has exited with code 0.

Mean = 2.223 us, StdErr = 0.005 us (0.21%), N = 5, StdDev = 0.010 us
Min = 2.211 us, Q1 = 2.215 us, Median = 2.224 us, Q3 = 2.228 us, Max = 2.237 us
IQR = 0.013 us, LowerFence = 2.197 us, UpperFence = 2.247 us
ConfidenceInterval = [2.183 us; 2.263 us] (CI 99.9%), Margin = 0.040 us (1.79% of Mean)
Skewness = 0.09, Kurtosis = 1.12, MValue = 2

// ** Remained 75 (50.3 %) benchmark(s) to run. Estimated finish 2026-10-04 8:26 (0h 1m from now) **
// **************************
// Benchmark: CodecSuite.Run: campaign(EvaluateOverhead=False, Clock=Armonik.Ffi.Bdn.CpuClock, IterationCount=6, IterationTime=40ms, LaunchCount=1, RunStrategy=Throughput, WarmupCount=4) [Case=incum(...)fault [45]]
// *** Execute ***
// Launch: 1 / 1
// Execute: dotnet BenchDotNet-campaign-1.dll --anonymousPipes 123 124 --benchmarkName "Armonik.Ffi.Bdn.CodecSuite.Run(Case: \"incumbent-prod|decode-read|P3.1|ascii|default\")" --job campaign --benchmarkId 74 in /home/user/ArmoniK.Api/ffi/poc/csharp/src/BenchDotNet/bin/Release/net8.0/BenchDotNet-campaign-1/bin/Release/net8.0
// BeforeAnythingElse

// Benchmark Process Environment Information:
// BenchmarkDotNet v0.15.8
// Runtime=.NET 8.0.31 (8.0.31, 8.0.3126.42015), X64 RyuJIT x86-64-v4
// GC=Concurrent Workstation
// HardwareIntrinsics=AVX512 F+BW+CD+DQ+VL,AVX2+BMI1+BMI2+F16C+FMA+LZCNT+MOVBE,AVX,SSE3+SSSE3+SSE4.1+SSE4.2+POPCNT,X86Base+SSE+SSE2,AES+PCLMUL VectorSize=256
// Job: campaign(EvaluateOverhead=False, Clock=Armonik.Ffi.Bdn.CpuClock, IterationCount=6, IterationTime=40ms, LaunchCount=1, RunStrategy=Throughput, WarmupCount=4)

OverheadJitting  1: 1 op, 247158.00 ns, 247.1580 us/op
WorkloadJitting  1: 1 op, 6178835.00 ns, 6.1788 ms/op

WorkloadPilot    1: 4 op, 604108.00 ns, 151.0270 us/op
WorkloadPilot    2: 265 op, 42797054.00 ns, 161.4983 us/op
WorkloadPilot    3: 248 op, 36142875.00 ns, 145.7374 us/op
WorkloadPilot    4: 274 op, 36088308.00 ns, 131.7092 us/op
WorkloadPilot    5: 304 op, 37196972.00 ns, 122.3585 us/op
WorkloadPilot    6: 327 op, 46142085.00 ns, 141.1073 us/op
WorkloadPilot    7: 283 op, 36296673.00 ns, 128.2568 us/op
WorkloadPilot    8: 312 op, 43104663.00 ns, 138.1560 us/op

WorkloadWarmup   1: 312 op, 45328561.00 ns, 145.2838 us/op
WorkloadWarmup   2: 312 op, 36982283.00 ns, 118.5330 us/op
WorkloadWarmup   3: 312 op, 36666326.00 ns, 117.5203 us/op
WorkloadWarmup   4: 312 op, 37031378.00 ns, 118.6903 us/op

// BeforeActualRun
WorkloadActual   1: 312 op, 38690230.00 ns, 124.0071 us/op
WorkloadActual   2: 312 op, 48365763.00 ns, 155.0185 us/op
WorkloadActual   3: 312 op, 36787497.00 ns, 117.9086 us/op
WorkloadActual   4: 312 op, 36332638.00 ns, 116.4508 us/op
WorkloadActual   5: 312 op, 36524619.00 ns, 117.0661 us/op
WorkloadActual   6: 312 op, 36257433.00 ns, 116.2097 us/op

// AfterActualRun
WorkloadResult   1: 312 op, 38690230.00 ns, 124.0071 us/op
WorkloadResult   2: 312 op, 36787497.00 ns, 117.9086 us/op
WorkloadResult   3: 312 op, 36332638.00 ns, 116.4508 us/op
WorkloadResult   4: 312 op, 36524619.00 ns, 117.0661 us/op
WorkloadResult   5: 312 op, 36257433.00 ns, 116.2097 us/op
// GC:  0 0 0 15495168 312
// Threading:  0 0 312

// AfterAll
// Benchmark Process 18822 has exited with code 0.

Mean = 118.328 us, StdErr = 1.450 us (1.23%), N = 5, StdDev = 3.242 us
Min = 116.210 us, Q1 = 116.451 us, Median = 117.066 us, Q3 = 117.909 us, Max = 124.007 us
IQR = 1.458 us, LowerFence = 114.264 us, UpperFence = 120.095 us
ConfidenceInterval = [105.846 us; 130.811 us] (CI 99.9%), Margin = 12.482 us (10.55% of Mean)
Skewness = 0.97, Kurtosis = 1.95, MValue = 2

// ** Remained 74 (49.7 %) benchmark(s) to run. Estimated finish 2026-10-04 8:26 (0h 1m from now) **
// **************************
// Benchmark: CodecSuite.Run: campaign(EvaluateOverhead=False, Clock=Armonik.Ffi.Bdn.CpuClock, IterationCount=6, IterationTime=40ms, LaunchCount=1, RunStrategy=Throughput, WarmupCount=4) [Case=core-(...)etain [47]]
// *** Execute ***
// Launch: 1 / 1
// Execute: dotnet BenchDotNet-campaign-1.dll --anonymousPipes 123 124 --benchmarkName "Armonik.Ffi.Bdn.CodecSuite.Run(Case: \"core-ffi|encode-transport-hot|P5.3|ascii|retain\")" --job campaign --benchmarkId 75 in /home/user/ArmoniK.Api/ffi/poc/csharp/src/BenchDotNet/bin/Release/net8.0/BenchDotNet-campaign-1/bin/Release/net8.0
// BeforeAnythingElse

// Benchmark Process Environment Information:
// BenchmarkDotNet v0.15.8
// Runtime=.NET 8.0.31 (8.0.31, 8.0.3126.42015), X64 RyuJIT x86-64-v4
// GC=Concurrent Workstation
// HardwareIntrinsics=AVX512 F+BW+CD+DQ+VL,AVX2+BMI1+BMI2+F16C+FMA+LZCNT+MOVBE,AVX,SSE3+SSSE3+SSE4.1+SSE4.2+POPCNT,X86Base+SSE+SSE2,AES+PCLMUL VectorSize=256
// Job: campaign(EvaluateOverhead=False, Clock=Armonik.Ffi.Bdn.CpuClock, IterationCount=6, IterationTime=40ms, LaunchCount=1, RunStrategy=Throughput, WarmupCount=4)

OverheadJitting  1: 1 op, 242337.00 ns, 242.3370 us/op
WorkloadJitting  1: 1 op, 5548808.00 ns, 5.5488 ms/op

WorkloadPilot    1: 4 op, 827899.00 ns, 206.9748 us/op
WorkloadPilot    2: 193 op, 25693000.00 ns, 133.1244 us/op
WorkloadPilot    3: 300 op, 47847968.00 ns, 159.4932 us/op
WorkloadPilot    4: 251 op, 38955365.00 ns, 155.2007 us/op
WorkloadPilot    5: 258 op, 54419955.00 ns, 210.9301 us/op
WorkloadPilot    6: 190 op, 40948806.00 ns, 215.5200 us/op

WorkloadWarmup   1: 190 op, 45982074.00 ns, 242.0109 us/op
WorkloadWarmup   2: 190 op, 29639707.00 ns, 155.9985 us/op
WorkloadWarmup   3: 190 op, 27376677.00 ns, 144.0878 us/op
WorkloadWarmup   4: 190 op, 27303639.00 ns, 143.7034 us/op

// BeforeActualRun
WorkloadActual   1: 190 op, 27678613.00 ns, 145.6769 us/op
WorkloadActual   2: 190 op, 27311144.00 ns, 143.7429 us/op
WorkloadActual   3: 190 op, 27999267.00 ns, 147.3646 us/op
WorkloadActual   4: 190 op, 27368712.00 ns, 144.0459 us/op
WorkloadActual   5: 190 op, 27480662.00 ns, 144.6351 us/op
WorkloadActual   6: 190 op, 27055795.00 ns, 142.3989 us/op

// AfterActualRun
WorkloadResult   1: 190 op, 27678613.00 ns, 145.6769 us/op
WorkloadResult   2: 190 op, 27311144.00 ns, 143.7429 us/op
WorkloadResult   3: 190 op, 27999267.00 ns, 147.3646 us/op
WorkloadResult   4: 190 op, 27368712.00 ns, 144.0459 us/op
WorkloadResult   5: 190 op, 27480662.00 ns, 144.6351 us/op
WorkloadResult   6: 190 op, 27055795.00 ns, 142.3989 us/op
// GC:  0 0 0 0 190
// Threading:  0 0 190

// AfterAll
// Benchmark Process 18836 has exited with code 0.

Mean = 144.644 us, StdErr = 0.699 us (0.48%), N = 6, StdDev = 1.713 us
Min = 142.399 us, Q1 = 143.819 us, Median = 144.340 us, Q3 = 145.416 us, Max = 147.365 us
IQR = 1.598 us, LowerFence = 141.422 us, UpperFence = 147.813 us
ConfidenceInterval = [139.839 us; 149.449 us] (CI 99.9%), Margin = 4.805 us (3.32% of Mean)
Skewness = 0.3, Kurtosis = 1.59, MValue = 2

// ** Remained 73 (49.0 %) benchmark(s) to run. Estimated finish 2026-10-04 8:26 (0h 1m from now) **
// **************************
// Benchmark: CodecSuite.Run: campaign(EvaluateOverhead=False, Clock=Armonik.Ffi.Bdn.CpuClock, IterationCount=6, IterationTime=40ms, LaunchCount=1, RunStrategy=Throughput, WarmupCount=4) [Case=host-(...)etain [38]]
// *** Execute ***
// Launch: 1 / 1
// Execute: dotnet BenchDotNet-campaign-1.dll --anonymousPipes 123 124 --benchmarkName "Armonik.Ffi.Bdn.CodecSuite.Run(Case: \"host-gen|decode-read|P3.1|ascii|retain\")" --job campaign --benchmarkId 76 in /home/user/ArmoniK.Api/ffi/poc/csharp/src/BenchDotNet/bin/Release/net8.0/BenchDotNet-campaign-1/bin/Release/net8.0
// BeforeAnythingElse

// Benchmark Process Environment Information:
// BenchmarkDotNet v0.15.8
// Runtime=.NET 8.0.31 (8.0.31, 8.0.3126.42015), X64 RyuJIT x86-64-v4
// GC=Concurrent Workstation
// HardwareIntrinsics=AVX512 F+BW+CD+DQ+VL,AVX2+BMI1+BMI2+F16C+FMA+LZCNT+MOVBE,AVX,SSE3+SSSE3+SSE4.1+SSE4.2+POPCNT,X86Base+SSE+SSE2,AES+PCLMUL VectorSize=256
// Job: campaign(EvaluateOverhead=False, Clock=Armonik.Ffi.Bdn.CpuClock, IterationCount=6, IterationTime=40ms, LaunchCount=1, RunStrategy=Throughput, WarmupCount=4)

OverheadJitting  1: 1 op, 243580.00 ns, 243.5800 us/op
WorkloadJitting  1: 1 op, 2894858.00 ns, 2.8949 ms/op

WorkloadPilot    1: 4 op, 615202.00 ns, 153.8005 us/op
WorkloadPilot    2: 260 op, 30675517.00 ns, 117.9828 us/op
WorkloadPilot    3: 339 op, 46348631.00 ns, 136.7216 us/op
WorkloadPilot    4: 293 op, 25548089.00 ns, 87.1948 us/op
WorkloadPilot    5: 459 op, 43331838.00 ns, 94.4049 us/op
WorkloadPilot    6: 424 op, 40659475.00 ns, 95.8950 us/op

WorkloadWarmup   1: 424 op, 39831733.00 ns, 93.9428 us/op
WorkloadWarmup   2: 424 op, 38836598.00 ns, 91.5958 us/op
WorkloadWarmup   3: 424 op, 37341708.00 ns, 88.0701 us/op
WorkloadWarmup   4: 424 op, 35583667.00 ns, 83.9237 us/op

// BeforeActualRun
WorkloadActual   1: 424 op, 38004807.00 ns, 89.6340 us/op
WorkloadActual   2: 424 op, 35173155.00 ns, 82.9556 us/op
WorkloadActual   3: 424 op, 41302172.00 ns, 97.4108 us/op
WorkloadActual   4: 424 op, 39004398.00 ns, 91.9915 us/op
WorkloadActual   5: 424 op, 46385530.00 ns, 109.3998 us/op
WorkloadActual   6: 424 op, 37534299.00 ns, 88.5243 us/op

// AfterActualRun
WorkloadResult   1: 424 op, 38004807.00 ns, 89.6340 us/op
WorkloadResult   2: 424 op, 35173155.00 ns, 82.9556 us/op
WorkloadResult   3: 424 op, 41302172.00 ns, 97.4108 us/op
WorkloadResult   4: 424 op, 39004398.00 ns, 91.9915 us/op
WorkloadResult   5: 424 op, 37534299.00 ns, 88.5243 us/op
// GC:  1 0 0 22845120 424
// Threading:  0 0 424

// AfterAll
// Benchmark Process 18845 has exited with code 0.

Mean = 90.103 us, StdErr = 2.353 us (2.61%), N = 5, StdDev = 5.262 us
Min = 82.956 us, Q1 = 88.524 us, Median = 89.634 us, Q3 = 91.992 us, Max = 97.411 us
IQR = 3.467 us, LowerFence = 83.323 us, UpperFence = 97.192 us
ConfidenceInterval = [69.840 us; 110.367 us] (CI 99.9%), Margin = 20.263 us (22.49% of Mean)
Skewness = 0.04, Kurtosis = 1.43, MValue = 2

// ** Remained 72 (48.3 %) benchmark(s) to run. Estimated finish 2026-10-04 8:26 (0h 1m from now) **
// **************************
// Benchmark: CodecSuite.Run: campaign(EvaluateOverhead=False, Clock=Armonik.Ffi.Bdn.CpuClock, IterationCount=6, IterationTime=40ms, LaunchCount=1, RunStrategy=Throughput, WarmupCount=4) [Case=incum(...)fault [45]]
// *** Execute ***
// Launch: 1 / 1
// Execute: dotnet BenchDotNet-campaign-1.dll --anonymousPipes 123 124 --benchmarkName "Armonik.Ffi.Bdn.CodecSuite.Run(Case: \"incumbent-prod|decode-read|P4.1|ascii|default\")" --job campaign --benchmarkId 77 in /home/user/ArmoniK.Api/ffi/poc/csharp/src/BenchDotNet/bin/Release/net8.0/BenchDotNet-campaign-1/bin/Release/net8.0
// BeforeAnythingElse

// Benchmark Process Environment Information:
// BenchmarkDotNet v0.15.8
// Runtime=.NET 8.0.31 (8.0.31, 8.0.3126.42015), X64 RyuJIT x86-64-v4
// GC=Concurrent Workstation
// HardwareIntrinsics=AVX512 F+BW+CD+DQ+VL,AVX2+BMI1+BMI2+F16C+FMA+LZCNT+MOVBE,AVX,SSE3+SSSE3+SSE4.1+SSE4.2+POPCNT,X86Base+SSE+SSE2,AES+PCLMUL VectorSize=256
// Job: campaign(EvaluateOverhead=False, Clock=Armonik.Ffi.Bdn.CpuClock, IterationCount=6, IterationTime=40ms, LaunchCount=1, RunStrategy=Throughput, WarmupCount=4)

OverheadJitting  1: 1 op, 247749.00 ns, 247.7490 us/op
WorkloadJitting  1: 1 op, 8861749.00 ns, 8.8617 ms/op

WorkloadPilot    1: 4 op, 4575286.00 ns, 1.1438 ms/op
WorkloadPilot    2: 35 op, 43654974.00 ns, 1.2473 ms/op
WorkloadPilot    3: 32 op, 40182920.00 ns, 1.2557 ms/op

WorkloadWarmup   1: 32 op, 49600767.00 ns, 1.5500 ms/op
WorkloadWarmup   2: 32 op, 29909580.00 ns, 934.6744 us/op
WorkloadWarmup   3: 32 op, 29561232.00 ns, 923.7885 us/op
WorkloadWarmup   4: 32 op, 29932310.00 ns, 935.3847 us/op

// BeforeActualRun
WorkloadActual   1: 32 op, 35069814.00 ns, 1.0959 ms/op
WorkloadActual   2: 32 op, 29613062.00 ns, 925.4082 us/op
WorkloadActual   3: 32 op, 29176502.00 ns, 911.7657 us/op
WorkloadActual   4: 32 op, 29019926.00 ns, 906.8727 us/op
WorkloadActual   5: 32 op, 28589217.00 ns, 893.4130 us/op
WorkloadActual   6: 32 op, 28670714.00 ns, 895.9598 us/op

// AfterActualRun
WorkloadResult   1: 32 op, 29613062.00 ns, 925.4082 us/op
WorkloadResult   2: 32 op, 29176502.00 ns, 911.7657 us/op
WorkloadResult   3: 32 op, 29019926.00 ns, 906.8727 us/op
WorkloadResult   4: 32 op, 28589217.00 ns, 893.4130 us/op
WorkloadResult   5: 32 op, 28670714.00 ns, 895.9598 us/op
// GC:  0 0 0 12918528 32
// Threading:  0 0 32

// AfterAll
// Benchmark Process 18854 has exited with code 0.

Mean = 906.684 us, StdErr = 5.777 us (0.64%), N = 5, StdDev = 12.919 us
Min = 893.413 us, Q1 = 895.960 us, Median = 906.873 us, Q3 = 911.766 us, Max = 925.408 us
IQR = 15.806 us, LowerFence = 872.251 us, UpperFence = 935.475 us
ConfidenceInterval = [856.938 us; 956.430 us] (CI 99.9%), Margin = 49.746 us (5.49% of Mean)
Skewness = 0.29, Kurtosis = 1.21, MValue = 2

// ** Remained 71 (47.7 %) benchmark(s) to run. Estimated finish 2026-10-04 8:26 (0h 1m from now) **
// **************************
// Benchmark: CodecSuite.Run: campaign(EvaluateOverhead=False, Clock=Armonik.Ffi.Bdn.CpuClock, IterationCount=6, IterationTime=40ms, LaunchCount=1, RunStrategy=Throughput, WarmupCount=4) [Case=incum(...)fault [54]]
// *** Execute ***
// Launch: 1 / 1
// Execute: dotnet BenchDotNet-campaign-1.dll --anonymousPipes 123 124 --benchmarkName "Armonik.Ffi.Bdn.CodecSuite.Run(Case: \"incumbent-prod|encode-transport-hot|P5.3|ascii|default\")" --job campaign --benchmarkId 78 in /home/user/ArmoniK.Api/ffi/poc/csharp/src/BenchDotNet/bin/Release/net8.0/BenchDotNet-campaign-1/bin/Release/net8.0
// BeforeAnythingElse

// Benchmark Process Environment Information:
// BenchmarkDotNet v0.15.8
// Runtime=.NET 8.0.31 (8.0.31, 8.0.3126.42015), X64 RyuJIT x86-64-v4
// GC=Concurrent Workstation
// HardwareIntrinsics=AVX512 F+BW+CD+DQ+VL,AVX2+BMI1+BMI2+F16C+FMA+LZCNT+MOVBE,AVX,SSE3+SSSE3+SSE4.1+SSE4.2+POPCNT,X86Base+SSE+SSE2,AES+PCLMUL VectorSize=256
// Job: campaign(EvaluateOverhead=False, Clock=Armonik.Ffi.Bdn.CpuClock, IterationCount=6, IterationTime=40ms, LaunchCount=1, RunStrategy=Throughput, WarmupCount=4)

OverheadJitting  1: 1 op, 240596.00 ns, 240.5960 us/op
WorkloadJitting  1: 1 op, 4556020.00 ns, 4.5560 ms/op

WorkloadPilot    1: 4 op, 529069.00 ns, 132.2673 us/op
WorkloadPilot    2: 302 op, 24544730.00 ns, 81.2739 us/op
WorkloadPilot    3: 492 op, 36659255.00 ns, 74.5107 us/op
WorkloadPilot    4: 537 op, 40918131.00 ns, 76.1976 us/op
WorkloadPilot    5: 525 op, 40408852.00 ns, 76.9692 us/op
WorkloadPilot    6: 520 op, 58707279.00 ns, 112.8986 us/op

WorkloadWarmup   1: 520 op, 53497646.00 ns, 102.8801 us/op
WorkloadWarmup   2: 520 op, 36407967.00 ns, 70.0153 us/op
WorkloadWarmup   3: 520 op, 35572354.00 ns, 68.4084 us/op
WorkloadWarmup   4: 520 op, 35999050.00 ns, 69.2289 us/op

// BeforeActualRun
WorkloadActual   1: 520 op, 32508874.00 ns, 62.5171 us/op
WorkloadActual   2: 520 op, 31215699.00 ns, 60.0302 us/op
WorkloadActual   3: 520 op, 33352319.00 ns, 64.1391 us/op
WorkloadActual   4: 520 op, 31520160.00 ns, 60.6157 us/op
WorkloadActual   5: 520 op, 31655766.00 ns, 60.8765 us/op
WorkloadActual   6: 520 op, 31485438.00 ns, 60.5489 us/op

// AfterActualRun
WorkloadResult   1: 520 op, 32508874.00 ns, 62.5171 us/op
WorkloadResult   2: 520 op, 31215699.00 ns, 60.0302 us/op
WorkloadResult   3: 520 op, 33352319.00 ns, 64.1391 us/op
WorkloadResult   4: 520 op, 31520160.00 ns, 60.6157 us/op
WorkloadResult   5: 520 op, 31655766.00 ns, 60.8765 us/op
WorkloadResult   6: 520 op, 31485438.00 ns, 60.5489 us/op
// GC:  0 0 0 0 520
// Threading:  0 0 520

// AfterAll
// Benchmark Process 18863 has exited with code 0.

Mean = 61.455 us, StdErr = 0.638 us (1.04%), N = 6, StdDev = 1.563 us
Min = 60.030 us, Q1 = 60.566 us, Median = 60.746 us, Q3 = 62.107 us, Max = 64.139 us
IQR = 1.541 us, LowerFence = 58.254 us, UpperFence = 64.419 us
ConfidenceInterval = [57.070 us; 65.839 us] (CI 99.9%), Margin = 4.384 us (7.13% of Mean)
Skewness = 0.7, Kurtosis = 1.63, MValue = 2

// ** Remained 70 (47.0 %) benchmark(s) to run. Estimated finish 2026-10-04 8:26 (0h 1m from now) **
// **************************
// Benchmark: CodecSuite.Run: campaign(EvaluateOverhead=False, Clock=Armonik.Ffi.Bdn.CpuClock, IterationCount=6, IterationTime=40ms, LaunchCount=1, RunStrategy=Throughput, WarmupCount=4) [Case=incum(...)fault [45]]
// *** Execute ***
// Launch: 1 / 1
// Execute: dotnet BenchDotNet-campaign-1.dll --anonymousPipes 123 124 --benchmarkName "Armonik.Ffi.Bdn.CodecSuite.Run(Case: \"incumbent-prod|decode-read|P2.2|ascii|default\")" --job campaign --benchmarkId 79 in /home/user/ArmoniK.Api/ffi/poc/csharp/src/BenchDotNet/bin/Release/net8.0/BenchDotNet-campaign-1/bin/Release/net8.0
// BeforeAnythingElse

// Benchmark Process Environment Information:
// BenchmarkDotNet v0.15.8
// Runtime=.NET 8.0.31 (8.0.31, 8.0.3126.42015), X64 RyuJIT x86-64-v4
// GC=Concurrent Workstation
// HardwareIntrinsics=AVX512 F+BW+CD+DQ+VL,AVX2+BMI1+BMI2+F16C+FMA+LZCNT+MOVBE,AVX,SSE3+SSSE3+SSE4.1+SSE4.2+POPCNT,X86Base+SSE+SSE2,AES+PCLMUL VectorSize=256
// Job: campaign(EvaluateOverhead=False, Clock=Armonik.Ffi.Bdn.CpuClock, IterationCount=6, IterationTime=40ms, LaunchCount=1, RunStrategy=Throughput, WarmupCount=4)

OverheadJitting  1: 1 op, 282294.00 ns, 282.2940 us/op
WorkloadJitting  1: 1 op, 13329190.00 ns, 13.3292 ms/op

WorkloadPilot    1: 4 op, 25565174.00 ns, 6.3913 ms/op
WorkloadPilot    2: 6 op, 37561871.00 ns, 6.2603 ms/op

WorkloadWarmup   1: 6 op, 33341725.00 ns, 5.5570 ms/op
WorkloadWarmup   2: 6 op, 33907412.00 ns, 5.6512 ms/op
WorkloadWarmup   3: 6 op, 33782771.00 ns, 5.6305 ms/op
WorkloadWarmup   4: 6 op, 35162894.00 ns, 5.8605 ms/op

// BeforeActualRun
WorkloadActual   1: 6 op, 38966454.00 ns, 6.4944 ms/op
WorkloadActual   2: 6 op, 35215443.00 ns, 5.8692 ms/op
WorkloadActual   3: 6 op, 42124662.00 ns, 7.0208 ms/op
WorkloadActual   4: 6 op, 35550480.00 ns, 5.9251 ms/op
WorkloadActual   5: 6 op, 32771198.00 ns, 5.4619 ms/op
WorkloadActual   6: 6 op, 31638195.00 ns, 5.2730 ms/op

// AfterActualRun
WorkloadResult   1: 6 op, 38966454.00 ns, 6.4944 ms/op
WorkloadResult   2: 6 op, 35215443.00 ns, 5.8692 ms/op
WorkloadResult   3: 6 op, 42124662.00 ns, 7.0208 ms/op
WorkloadResult   4: 6 op, 35550480.00 ns, 5.9251 ms/op
WorkloadResult   5: 6 op, 32771198.00 ns, 5.4619 ms/op
WorkloadResult   6: 6 op, 31638195.00 ns, 5.2730 ms/op
// GC:  0 0 0 14067168 6
// Threading:  0 0 6

// AfterAll
// Benchmark Process 18875 has exited with code 0.

Mean = 6.007 ms, StdErr = 0.266 ms (4.43%), N = 6, StdDev = 0.652 ms
Min = 5.273 ms, Q1 = 5.564 ms, Median = 5.897 ms, Q3 = 6.352 ms, Max = 7.021 ms
IQR = 0.788 ms, LowerFence = 4.381 ms, UpperFence = 7.535 ms
ConfidenceInterval = [4.178 ms; 7.836 ms] (CI 99.9%), Margin = 1.829 ms (30.44% of Mean)
Skewness = 0.36, Kurtosis = 1.37, MValue = 2

// ** Remained 69 (46.3 %) benchmark(s) to run. Estimated finish 2026-10-04 8:26 (0h 1m from now) **
// **************************
// Benchmark: CodecSuite.Run: campaign(EvaluateOverhead=False, Clock=Armonik.Ffi.Bdn.CpuClock, IterationCount=6, IterationTime=40ms, LaunchCount=1, RunStrategy=Throughput, WarmupCount=4) [Case=incum(...)fault [54]]
// *** Execute ***
// Launch: 1 / 1
// Execute: dotnet BenchDotNet-campaign-1.dll --anonymousPipes 123 124 --benchmarkName "Armonik.Ffi.Bdn.CodecSuite.Run(Case: \"incumbent-prod|encode-transport-hot|P5.4|ascii|default\")" --job campaign --benchmarkId 80 in /home/user/ArmoniK.Api/ffi/poc/csharp/src/BenchDotNet/bin/Release/net8.0/BenchDotNet-campaign-1/bin/Release/net8.0
// BeforeAnythingElse

// Benchmark Process Environment Information:
// BenchmarkDotNet v0.15.8
// Runtime=.NET 8.0.31 (8.0.31, 8.0.3126.42015), X64 RyuJIT x86-64-v4
// GC=Concurrent Workstation
// HardwareIntrinsics=AVX512 F+BW+CD+DQ+VL,AVX2+BMI1+BMI2+F16C+FMA+LZCNT+MOVBE,AVX,SSE3+SSSE3+SSE4.1+SSE4.2+POPCNT,X86Base+SSE+SSE2,AES+PCLMUL VectorSize=256
// Job: campaign(EvaluateOverhead=False, Clock=Armonik.Ffi.Bdn.CpuClock, IterationCount=6, IterationTime=40ms, LaunchCount=1, RunStrategy=Throughput, WarmupCount=4)

OverheadJitting  1: 1 op, 313753.00 ns, 313.7530 us/op
WorkloadJitting  1: 1 op, 5980871.00 ns, 5.9809 ms/op

WorkloadPilot    1: 4 op, 1934257.00 ns, 483.5643 us/op
WorkloadPilot    2: 83 op, 22013229.00 ns, 265.2196 us/op
WorkloadPilot    3: 151 op, 40222167.00 ns, 266.3720 us/op

WorkloadWarmup   1: 151 op, 45403851.00 ns, 300.6878 us/op
WorkloadWarmup   2: 151 op, 46626553.00 ns, 308.7851 us/op
WorkloadWarmup   3: 151 op, 46698576.00 ns, 309.2621 us/op
WorkloadWarmup   4: 151 op, 46729916.00 ns, 309.4696 us/op

// BeforeActualRun
WorkloadActual   1: 151 op, 46879248.00 ns, 310.4586 us/op
WorkloadActual   2: 151 op, 43928327.00 ns, 290.9161 us/op
WorkloadActual   3: 151 op, 40298859.00 ns, 266.8799 us/op
WorkloadActual   4: 151 op, 40179685.00 ns, 266.0906 us/op
WorkloadActual   5: 151 op, 40058001.00 ns, 265.2848 us/op
WorkloadActual   6: 151 op, 40280055.00 ns, 266.7553 us/op

// AfterActualRun
WorkloadResult   1: 151 op, 46879248.00 ns, 310.4586 us/op
WorkloadResult   2: 151 op, 43928327.00 ns, 290.9161 us/op
WorkloadResult   3: 151 op, 40298859.00 ns, 266.8799 us/op
WorkloadResult   4: 151 op, 40179685.00 ns, 266.0906 us/op
WorkloadResult   5: 151 op, 40058001.00 ns, 265.2848 us/op
WorkloadResult   6: 151 op, 40280055.00 ns, 266.7553 us/op
// GC:  0 0 0 0 151
// Threading:  0 0 151

// AfterAll
// Benchmark Process 18884 has exited with code 0.

Mean = 277.731 us, StdErr = 7.689 us (2.77%), N = 6, StdDev = 18.834 us
Min = 265.285 us, Q1 = 266.257 us, Median = 266.818 us, Q3 = 284.907 us, Max = 310.459 us
IQR = 18.650 us, LowerFence = 238.281 us, UpperFence = 312.882 us
ConfidenceInterval = [224.917 us; 330.544 us] (CI 99.9%), Margin = 52.814 us (19.02% of Mean)
Skewness = 0.78, Kurtosis = 1.65, MValue = 2

// ** Remained 68 (45.6 %) benchmark(s) to run. Estimated finish 2026-10-04 8:26 (0h 1m from now) **
// **************************
// Benchmark: CodecSuite.Run: campaign(EvaluateOverhead=False, Clock=Armonik.Ffi.Bdn.CpuClock, IterationCount=6, IterationTime=40ms, LaunchCount=1, RunStrategy=Throughput, WarmupCount=4) [Case=incum(...)fault [45]]
// *** Execute ***
// Launch: 1 / 1
// Execute: dotnet BenchDotNet-campaign-1.dll --anonymousPipes 123 124 --benchmarkName "Armonik.Ffi.Bdn.CodecSuite.Run(Case: \"incumbent-prod|decode-read|P2.4|ascii|default\")" --job campaign --benchmarkId 81 in /home/user/ArmoniK.Api/ffi/poc/csharp/src/BenchDotNet/bin/Release/net8.0/BenchDotNet-campaign-1/bin/Release/net8.0
// BeforeAnythingElse

// Benchmark Process Environment Information:
// BenchmarkDotNet v0.15.8
// Runtime=.NET 8.0.31 (8.0.31, 8.0.3126.42015), X64 RyuJIT x86-64-v4
// GC=Concurrent Workstation
// HardwareIntrinsics=AVX512 F+BW+CD+DQ+VL,AVX2+BMI1+BMI2+F16C+FMA+LZCNT+MOVBE,AVX,SSE3+SSSE3+SSE4.1+SSE4.2+POPCNT,X86Base+SSE+SSE2,AES+PCLMUL VectorSize=256
// Job: campaign(EvaluateOverhead=False, Clock=Armonik.Ffi.Bdn.CpuClock, IterationCount=6, IterationTime=40ms, LaunchCount=1, RunStrategy=Throughput, WarmupCount=4)

OverheadJitting  1: 1 op, 221577.00 ns, 221.5770 us/op
WorkloadJitting  1: 1 op, 12263981.00 ns, 12.2640 ms/op

WorkloadPilot    1: 4 op, 22525774.00 ns, 5.6314 ms/op
WorkloadPilot    2: 7 op, 36678988.00 ns, 5.2399 ms/op

WorkloadWarmup   1: 7 op, 31957684.00 ns, 4.5654 ms/op
WorkloadWarmup   2: 7 op, 31378475.00 ns, 4.4826 ms/op
WorkloadWarmup   3: 7 op, 31295225.00 ns, 4.4707 ms/op
WorkloadWarmup   4: 7 op, 31410190.00 ns, 4.4872 ms/op

// BeforeActualRun
WorkloadActual   1: 7 op, 31807125.00 ns, 4.5439 ms/op
WorkloadActual   2: 7 op, 31165963.00 ns, 4.4523 ms/op
WorkloadActual   3: 7 op, 31217417.00 ns, 4.4596 ms/op
WorkloadActual   4: 7 op, 30926956.00 ns, 4.4181 ms/op
WorkloadActual   5: 7 op, 31121845.00 ns, 4.4460 ms/op
WorkloadActual   6: 7 op, 30931077.00 ns, 4.4187 ms/op

// AfterActualRun
WorkloadResult   1: 7 op, 31165963.00 ns, 4.4523 ms/op
WorkloadResult   2: 7 op, 31217417.00 ns, 4.4596 ms/op
WorkloadResult   3: 7 op, 30926956.00 ns, 4.4181 ms/op
WorkloadResult   4: 7 op, 31121845.00 ns, 4.4460 ms/op
WorkloadResult   5: 7 op, 30931077.00 ns, 4.4187 ms/op
// GC:  1 0 0 23014824 7
// Threading:  0 0 7

// AfterAll
// Benchmark Process 18894 has exited with code 0.

Mean = 4.439 ms, StdErr = 0.009 ms (0.19%), N = 5, StdDev = 0.019 ms
Min = 4.418 ms, Q1 = 4.419 ms, Median = 4.446 ms, Q3 = 4.452 ms, Max = 4.460 ms
IQR = 0.034 ms, LowerFence = 4.368 ms, UpperFence = 4.503 ms
ConfidenceInterval = [4.364 ms; 4.513 ms] (CI 99.9%), Margin = 0.074 ms (1.68% of Mean)
Skewness = -0.16, Kurtosis = 0.82, MValue = 2

// ** Remained 67 (45.0 %) benchmark(s) to run. Estimated finish 2026-10-04 8:26 (0h 1m from now) **
// **************************
// Benchmark: CodecSuite.Run: campaign(EvaluateOverhead=False, Clock=Armonik.Ffi.Bdn.CpuClock, IterationCount=6, IterationTime=40ms, LaunchCount=1, RunStrategy=Throughput, WarmupCount=4) [Case=core-(...)etain [38]]
// *** Execute ***
// Launch: 1 / 1
// Execute: dotnet BenchDotNet-campaign-1.dll --anonymousPipes 123 124 --benchmarkName "Armonik.Ffi.Bdn.CodecSuite.Run(Case: \"core-ffi|decode-read|P7.1|ascii|retain\")" --job campaign --benchmarkId 82 in /home/user/ArmoniK.Api/ffi/poc/csharp/src/BenchDotNet/bin/Release/net8.0/BenchDotNet-campaign-1/bin/Release/net8.0
// BeforeAnythingElse

// Benchmark Process Environment Information:
// BenchmarkDotNet v0.15.8
// Runtime=.NET 8.0.31 (8.0.31, 8.0.3126.42015), X64 RyuJIT x86-64-v4
// GC=Concurrent Workstation
// HardwareIntrinsics=AVX512 F+BW+CD+DQ+VL,AVX2+BMI1+BMI2+F16C+FMA+LZCNT+MOVBE,AVX,SSE3+SSSE3+SSE4.1+SSE4.2+POPCNT,X86Base+SSE+SSE2,AES+PCLMUL VectorSize=256
// Job: campaign(EvaluateOverhead=False, Clock=Armonik.Ffi.Bdn.CpuClock, IterationCount=6, IterationTime=40ms, LaunchCount=1, RunStrategy=Throughput, WarmupCount=4)

OverheadJitting  1: 1 op, 229321.00 ns, 229.3210 us/op
WorkloadJitting  1: 1 op, 5325530.00 ns, 5.3255 ms/op

WorkloadPilot    1: 4 op, 43407.00 ns, 10.8518 us/op
WorkloadPilot    2: 3686 op, 6084670.00 ns, 1.6508 us/op
WorkloadPilot    3: 24231 op, 39555505.00 ns, 1.6324 us/op
WorkloadPilot    4: 24503 op, 36204315.00 ns, 1.4775 us/op
WorkloadPilot    5: 27072 op, 35204403.00 ns, 1.3004 us/op
WorkloadPilot    6: 30760 op, 39720933.00 ns, 1.2913 us/op
WorkloadPilot    7: 30976 op, 40762142.00 ns, 1.3159 us/op
WorkloadPilot    8: 30397 op, 38596606.00 ns, 1.2698 us/op
WorkloadPilot    9: 31502 op, 40790420.00 ns, 1.2949 us/op
WorkloadPilot   10: 30892 op, 40048662.00 ns, 1.2964 us/op

WorkloadWarmup   1: 30892 op, 39519902.00 ns, 1.2793 us/op
WorkloadWarmup   2: 30892 op, 39918144.00 ns, 1.2922 us/op
WorkloadWarmup   3: 30892 op, 39997885.00 ns, 1.2948 us/op
WorkloadWarmup   4: 30892 op, 40842001.00 ns, 1.3221 us/op

// BeforeActualRun
WorkloadActual   1: 30892 op, 40275502.00 ns, 1.3038 us/op
WorkloadActual   2: 30892 op, 42805734.00 ns, 1.3857 us/op
WorkloadActual   3: 30892 op, 40528259.00 ns, 1.3119 us/op
WorkloadActual   4: 30892 op, 39697345.00 ns, 1.2850 us/op
WorkloadActual   5: 30892 op, 39661860.00 ns, 1.2839 us/op
WorkloadActual   6: 30892 op, 39576541.00 ns, 1.2811 us/op

// AfterActualRun
WorkloadResult   1: 30892 op, 40275502.00 ns, 1.3038 us/op
WorkloadResult   2: 30892 op, 40528259.00 ns, 1.3119 us/op
WorkloadResult   3: 30892 op, 39697345.00 ns, 1.2850 us/op
WorkloadResult   4: 30892 op, 39661860.00 ns, 1.2839 us/op
WorkloadResult   5: 30892 op, 39576541.00 ns, 1.2811 us/op
// GC:  1 0 0 21995104 30892
// Threading:  0 0 30892

// AfterAll
// Benchmark Process 18903 has exited with code 0.

Mean = 1.293 us, StdErr = 0.006 us (0.48%), N = 5, StdDev = 0.014 us
Min = 1.281 us, Q1 = 1.284 us, Median = 1.285 us, Q3 = 1.304 us, Max = 1.312 us
IQR = 0.020 us, LowerFence = 1.254 us, UpperFence = 1.334 us
ConfidenceInterval = [1.240 us; 1.346 us] (CI 99.9%), Margin = 0.053 us (4.11% of Mean)
Skewness = 0.36, Kurtosis = 0.94, MValue = 2

// ** Remained 66 (44.3 %) benchmark(s) to run. Estimated finish 2026-10-04 8:26 (0h 1m from now) **
// **************************
// Benchmark: CodecSuite.Run: campaign(EvaluateOverhead=False, Clock=Armonik.Ffi.Bdn.CpuClock, IterationCount=6, IterationTime=40ms, LaunchCount=1, RunStrategy=Throughput, WarmupCount=4) [Case=host-(...)etain [47]]
// *** Execute ***
// Launch: 1 / 1
// Execute: dotnet BenchDotNet-campaign-1.dll --anonymousPipes 125 126 --benchmarkName "Armonik.Ffi.Bdn.CodecSuite.Run(Case: \"host-gen|encode-transport-hot|P2.2|ascii|retain\")" --job campaign --benchmarkId 83 in /home/user/ArmoniK.Api/ffi/poc/csharp/src/BenchDotNet/bin/Release/net8.0/BenchDotNet-campaign-1/bin/Release/net8.0
// BeforeAnythingElse

// Benchmark Process Environment Information:
// BenchmarkDotNet v0.15.8
// Runtime=.NET 8.0.31 (8.0.31, 8.0.3126.42015), X64 RyuJIT x86-64-v4
// GC=Concurrent Workstation
// HardwareIntrinsics=AVX512 F+BW+CD+DQ+VL,AVX2+BMI1+BMI2+F16C+FMA+LZCNT+MOVBE,AVX,SSE3+SSSE3+SSE4.1+SSE4.2+POPCNT,X86Base+SSE+SSE2,AES+PCLMUL VectorSize=256
// Job: campaign(EvaluateOverhead=False, Clock=Armonik.Ffi.Bdn.CpuClock, IterationCount=6, IterationTime=40ms, LaunchCount=1, RunStrategy=Throughput, WarmupCount=4)

OverheadJitting  1: 1 op, 238766.00 ns, 238.7660 us/op
WorkloadJitting  1: 1 op, 11343153.00 ns, 11.3432 ms/op

WorkloadPilot    1: 4 op, 11699168.00 ns, 2.9248 ms/op
WorkloadPilot    2: 14 op, 40242304.00 ns, 2.8745 ms/op

WorkloadWarmup   1: 14 op, 39604683.00 ns, 2.8289 ms/op
WorkloadWarmup   2: 14 op, 37605757.00 ns, 2.6861 ms/op
WorkloadWarmup   3: 14 op, 37282828.00 ns, 2.6631 ms/op
WorkloadWarmup   4: 14 op, 36419850.00 ns, 2.6014 ms/op

// BeforeActualRun
WorkloadActual   1: 14 op, 36910334.00 ns, 2.6365 ms/op
WorkloadActual   2: 14 op, 35845372.00 ns, 2.5604 ms/op
WorkloadActual   3: 14 op, 35853403.00 ns, 2.5610 ms/op
WorkloadActual   4: 14 op, 35880587.00 ns, 2.5629 ms/op
WorkloadActual   5: 14 op, 35518647.00 ns, 2.5370 ms/op
WorkloadActual   6: 14 op, 35535541.00 ns, 2.5383 ms/op

// AfterActualRun
WorkloadResult   1: 14 op, 35845372.00 ns, 2.5604 ms/op
WorkloadResult   2: 14 op, 35853403.00 ns, 2.5610 ms/op
WorkloadResult   3: 14 op, 35880587.00 ns, 2.5629 ms/op
WorkloadResult   4: 14 op, 35518647.00 ns, 2.5370 ms/op
WorkloadResult   5: 14 op, 35535541.00 ns, 2.5383 ms/op
// GC:  0 0 0 896000 14
// Threading:  0 0 14

// AfterAll
// Benchmark Process 18915 has exited with code 0.

Mean = 2.552 ms, StdErr = 0.006 ms (0.23%), N = 5, StdDev = 0.013 ms
Min = 2.537 ms, Q1 = 2.538 ms, Median = 2.560 ms, Q3 = 2.561 ms, Max = 2.563 ms
IQR = 0.023 ms, LowerFence = 2.504 ms, UpperFence = 2.595 ms
ConfidenceInterval = [2.502 ms; 2.602 ms] (CI 99.9%), Margin = 0.050 ms (1.97% of Mean)
Skewness = -0.28, Kurtosis = 0.76, MValue = 2

// ** Remained 65 (43.6 %) benchmark(s) to run. Estimated finish 2026-10-04 8:26 (0h 1m from now) **
// **************************
// Benchmark: CodecSuite.Run: campaign(EvaluateOverhead=False, Clock=Armonik.Ffi.Bdn.CpuClock, IterationCount=6, IterationTime=40ms, LaunchCount=1, RunStrategy=Throughput, WarmupCount=4) [Case=host-(...)etain [48]]
// *** Execute ***
// Launch: 1 / 1
// Execute: dotnet BenchDotNet-campaign-1.dll --anonymousPipes 123 124 --benchmarkName "Armonik.Ffi.Bdn.CodecSuite.Run(Case: \"host-gen|encode-transport-hot|P2.2|latin1|retain\")" --job campaign --benchmarkId 84 in /home/user/ArmoniK.Api/ffi/poc/csharp/src/BenchDotNet/bin/Release/net8.0/BenchDotNet-campaign-1/bin/Release/net8.0
// BeforeAnythingElse

// Benchmark Process Environment Information:
// BenchmarkDotNet v0.15.8
// Runtime=.NET 8.0.31 (8.0.31, 8.0.3126.42015), X64 RyuJIT x86-64-v4
// GC=Concurrent Workstation
// HardwareIntrinsics=AVX512 F+BW+CD+DQ+VL,AVX2+BMI1+BMI2+F16C+FMA+LZCNT+MOVBE,AVX,SSE3+SSSE3+SSE4.1+SSE4.2+POPCNT,X86Base+SSE+SSE2,AES+PCLMUL VectorSize=256
// Job: campaign(EvaluateOverhead=False, Clock=Armonik.Ffi.Bdn.CpuClock, IterationCount=6, IterationTime=40ms, LaunchCount=1, RunStrategy=Throughput, WarmupCount=4)

OverheadJitting  1: 1 op, 233600.00 ns, 233.6000 us/op
WorkloadJitting  1: 1 op, 12017835.00 ns, 12.0178 ms/op

WorkloadPilot    1: 4 op, 12129961.00 ns, 3.0325 ms/op
WorkloadPilot    2: 13 op, 39154575.00 ns, 3.0119 ms/op

WorkloadWarmup   1: 13 op, 39034294.00 ns, 3.0026 ms/op
WorkloadWarmup   2: 13 op, 36759222.00 ns, 2.8276 ms/op
WorkloadWarmup   3: 13 op, 36520201.00 ns, 2.8092 ms/op
WorkloadWarmup   4: 13 op, 36271934.00 ns, 2.7901 ms/op

// BeforeActualRun
WorkloadActual   1: 13 op, 36926126.00 ns, 2.8405 ms/op
WorkloadActual   2: 13 op, 35924878.00 ns, 2.7635 ms/op
WorkloadActual   3: 13 op, 36082239.00 ns, 2.7756 ms/op
WorkloadActual   4: 13 op, 41928524.00 ns, 3.2253 ms/op
WorkloadActual   5: 13 op, 35677643.00 ns, 2.7444 ms/op
WorkloadActual   6: 13 op, 35547080.00 ns, 2.7344 ms/op

// AfterActualRun
WorkloadResult   1: 13 op, 36926126.00 ns, 2.8405 ms/op
WorkloadResult   2: 13 op, 35924878.00 ns, 2.7635 ms/op
WorkloadResult   3: 13 op, 36082239.00 ns, 2.7756 ms/op
WorkloadResult   4: 13 op, 35677643.00 ns, 2.7444 ms/op
WorkloadResult   5: 13 op, 35547080.00 ns, 2.7344 ms/op
// GC:  0 0 0 832000 13
// Threading:  0 0 13

// AfterAll
// Benchmark Process 18927 has exited with code 0.

Mean = 2.772 ms, StdErr = 0.019 ms (0.67%), N = 5, StdDev = 0.042 ms
Min = 2.734 ms, Q1 = 2.744 ms, Median = 2.763 ms, Q3 = 2.776 ms, Max = 2.840 ms
IQR = 0.031 ms, LowerFence = 2.698 ms, UpperFence = 2.822 ms
ConfidenceInterval = [2.611 ms; 2.932 ms] (CI 99.9%), Margin = 0.160 ms (5.79% of Mean)
Skewness = 0.7, Kurtosis = 1.65, MValue = 2

// ** Remained 64 (43.0 %) benchmark(s) to run. Estimated finish 2026-10-04 8:26 (0h 1m from now) **
// **************************
// Benchmark: CodecSuite.Run: campaign(EvaluateOverhead=False, Clock=Armonik.Ffi.Bdn.CpuClock, IterationCount=6, IterationTime=40ms, LaunchCount=1, RunStrategy=Throughput, WarmupCount=4) [Case=core-(...)etain [66]]
// *** Execute ***
// Launch: 1 / 1
// Execute: dotnet BenchDotNet-campaign-1.dll --anonymousPipes 123 124 --benchmarkName "Armonik.Ffi.Bdn.CodecSuite.Run(Case: \"core-ffi|decode-read|U-wire-DualResponse-left-as-wt5|corpus|retain\")" --job campaign --benchmarkId 85 in /home/user/ArmoniK.Api/ffi/poc/csharp/src/BenchDotNet/bin/Release/net8.0/BenchDotNet-campaign-1/bin/Release/net8.0
// BeforeAnythingElse

// Benchmark Process Environment Information:
// BenchmarkDotNet v0.15.8
// Runtime=.NET 8.0.31 (8.0.31, 8.0.3126.42015), X64 RyuJIT x86-64-v4
// GC=Concurrent Workstation
// HardwareIntrinsics=AVX512 F+BW+CD+DQ+VL,AVX2+BMI1+BMI2+F16C+FMA+LZCNT+MOVBE,AVX,SSE3+SSSE3+SSE4.1+SSE4.2+POPCNT,X86Base+SSE+SSE2,AES+PCLMUL VectorSize=256
// Job: campaign(EvaluateOverhead=False, Clock=Armonik.Ffi.Bdn.CpuClock, IterationCount=6, IterationTime=40ms, LaunchCount=1, RunStrategy=Throughput, WarmupCount=4)

OverheadJitting  1: 1 op, 237348.00 ns, 237.3480 us/op
WorkloadJitting  1: 1 op, 7672528.00 ns, 7.6725 ms/op

WorkloadPilot    1: 4 op, 33314.00 ns, 8.3285 us/op
WorkloadPilot    2: 4803 op, 8445774.00 ns, 1.7584 us/op
WorkloadPilot    3: 22747 op, 40553088.00 ns, 1.7828 us/op
WorkloadPilot    4: 22437 op, 36145015.00 ns, 1.6110 us/op
WorkloadPilot    5: 24830 op, 37659510.00 ns, 1.5167 us/op
WorkloadPilot    6: 26373 op, 41745249.00 ns, 1.5829 us/op
WorkloadPilot    7: 25270 op, 37093609.00 ns, 1.4679 us/op
WorkloadPilot    8: 27250 op, 44393038.00 ns, 1.6291 us/op

WorkloadWarmup   1: 27250 op, 40213681.00 ns, 1.4757 us/op
WorkloadWarmup   2: 27250 op, 40902714.00 ns, 1.5010 us/op
WorkloadWarmup   3: 27250 op, 41430962.00 ns, 1.5204 us/op
WorkloadWarmup   4: 27250 op, 40241029.00 ns, 1.4767 us/op

// BeforeActualRun
WorkloadActual   1: 27250 op, 40108911.00 ns, 1.4719 us/op
WorkloadActual   2: 27250 op, 40141139.00 ns, 1.4731 us/op
WorkloadActual   3: 27250 op, 40124794.00 ns, 1.4725 us/op
WorkloadActual   4: 27250 op, 40021682.00 ns, 1.4687 us/op
WorkloadActual   5: 27250 op, 39963530.00 ns, 1.4666 us/op
WorkloadActual   6: 27250 op, 40373795.00 ns, 1.4816 us/op

// AfterActualRun
WorkloadResult   1: 27250 op, 40108911.00 ns, 1.4719 us/op
WorkloadResult   2: 27250 op, 40141139.00 ns, 1.4731 us/op
WorkloadResult   3: 27250 op, 40124794.00 ns, 1.4725 us/op
WorkloadResult   4: 27250 op, 40021682.00 ns, 1.4687 us/op
WorkloadResult   5: 27250 op, 39963530.00 ns, 1.4666 us/op
// GC:  0 0 0 15478000 27250
// Threading:  0 0 27250

// AfterAll
// Benchmark Process 18936 has exited with code 0.

Mean = 1.471 us, StdErr = 0.001 us (0.09%), N = 5, StdDev = 0.003 us
Min = 1.467 us, Q1 = 1.469 us, Median = 1.472 us, Q3 = 1.472 us, Max = 1.473 us
IQR = 0.004 us, LowerFence = 1.463 us, UpperFence = 1.478 us
ConfidenceInterval = [1.460 us; 1.481 us] (CI 99.9%), Margin = 0.011 us (0.73% of Mean)
Skewness = -0.4, Kurtosis = 1.05, MValue = 2

// ** Remained 63 (42.3 %) benchmark(s) to run. Estimated finish 2026-10-04 8:26 (0h 1m from now) **
// **************************
// Benchmark: CodecSuite.Run: campaign(EvaluateOverhead=False, Clock=Armonik.Ffi.Bdn.CpuClock, IterationCount=6, IterationTime=40ms, LaunchCount=1, RunStrategy=Throughput, WarmupCount=4) [Case=core-(...)etain [61]]
// *** Execute ***
// Launch: 1 / 1
// Execute: dotnet BenchDotNet-campaign-1.dll --anonymousPipes 123 124 --benchmarkName "Armonik.Ffi.Bdn.CodecSuite.Run(Case: \"core-ffi|encode-transport-hot|U-deep-u-repeated|corpus|retain\")" --job campaign --benchmarkId 86 in /home/user/ArmoniK.Api/ffi/poc/csharp/src/BenchDotNet/bin/Release/net8.0/BenchDotNet-campaign-1/bin/Release/net8.0
// BeforeAnythingElse

// Benchmark Process Environment Information:
// BenchmarkDotNet v0.15.8
// Runtime=.NET 8.0.31 (8.0.31, 8.0.3126.42015), X64 RyuJIT x86-64-v4
// GC=Concurrent Workstation
// HardwareIntrinsics=AVX512 F+BW+CD+DQ+VL,AVX2+BMI1+BMI2+F16C+FMA+LZCNT+MOVBE,AVX,SSE3+SSSE3+SSE4.1+SSE4.2+POPCNT,X86Base+SSE+SSE2,AES+PCLMUL VectorSize=256
// Job: campaign(EvaluateOverhead=False, Clock=Armonik.Ffi.Bdn.CpuClock, IterationCount=6, IterationTime=40ms, LaunchCount=1, RunStrategy=Throughput, WarmupCount=4)

OverheadJitting  1: 1 op, 247224.00 ns, 247.2240 us/op
WorkloadJitting  1: 1 op, 7993590.00 ns, 7.9936 ms/op

WorkloadPilot    1: 4 op, 50107.00 ns, 12.5268 us/op
WorkloadPilot    2: 3193 op, 7376146.00 ns, 2.3101 us/op
WorkloadPilot    3: 17315 op, 42321872.00 ns, 2.4442 us/op
WorkloadPilot    4: 16365 op, 39500543.00 ns, 2.4137 us/op
WorkloadPilot    5: 16572 op, 39665031.00 ns, 2.3935 us/op
WorkloadPilot    6: 16712 op, 40184758.00 ns, 2.4045 us/op
WorkloadPilot    7: 16635 op, 38974423.00 ns, 2.3429 us/op
WorkloadPilot    8: 17073 op, 40233550.00 ns, 2.3566 us/op

WorkloadWarmup   1: 17073 op, 41668620.00 ns, 2.4406 us/op
WorkloadWarmup   2: 17073 op, 40700965.00 ns, 2.3839 us/op
WorkloadWarmup   3: 17073 op, 44256928.00 ns, 2.5922 us/op
WorkloadWarmup   4: 17073 op, 40300991.00 ns, 2.3605 us/op

// BeforeActualRun
WorkloadActual   1: 17073 op, 40523525.00 ns, 2.3735 us/op
WorkloadActual   2: 17073 op, 40062911.00 ns, 2.3466 us/op
WorkloadActual   3: 17073 op, 40126397.00 ns, 2.3503 us/op
WorkloadActual   4: 17073 op, 40142428.00 ns, 2.3512 us/op
WorkloadActual   5: 17073 op, 50235979.00 ns, 2.9424 us/op
WorkloadActual   6: 17073 op, 40979364.00 ns, 2.4002 us/op

// AfterActualRun
WorkloadResult   1: 17073 op, 40523525.00 ns, 2.3735 us/op
WorkloadResult   2: 17073 op, 40062911.00 ns, 2.3466 us/op
WorkloadResult   3: 17073 op, 40126397.00 ns, 2.3503 us/op
WorkloadResult   4: 17073 op, 40142428.00 ns, 2.3512 us/op
WorkloadResult   5: 17073 op, 40979364.00 ns, 2.4002 us/op
// GC:  0 0 0 672 17073
// Threading:  0 0 17073

// AfterAll
// Benchmark Process 18945 has exited with code 0.

Mean = 2.364 us, StdErr = 0.010 us (0.43%), N = 5, StdDev = 0.023 us
Min = 2.347 us, Q1 = 2.350 us, Median = 2.351 us, Q3 = 2.374 us, Max = 2.400 us
IQR = 0.023 us, LowerFence = 2.315 us, UpperFence = 2.408 us
ConfidenceInterval = [2.277 us; 2.452 us] (CI 99.9%), Margin = 0.087 us (3.70% of Mean)
Skewness = 0.62, Kurtosis = 1.38, MValue = 2

// ** Remained 62 (41.6 %) benchmark(s) to run. Estimated finish 2026-10-04 8:26 (0h 1m from now) **
// **************************
// Benchmark: CodecSuite.Run: campaign(EvaluateOverhead=False, Clock=Armonik.Ffi.Bdn.CpuClock, IterationCount=6, IterationTime=40ms, LaunchCount=1, RunStrategy=Throughput, WarmupCount=4) [Case=host-(...)etain [38]]
// *** Execute ***
// Launch: 1 / 1
// Execute: dotnet BenchDotNet-campaign-1.dll --anonymousPipes 123 124 --benchmarkName "Armonik.Ffi.Bdn.CodecSuite.Run(Case: \"host-gen|decode-read|P6.1|ascii|retain\")" --job campaign --benchmarkId 87 in /home/user/ArmoniK.Api/ffi/poc/csharp/src/BenchDotNet/bin/Release/net8.0/BenchDotNet-campaign-1/bin/Release/net8.0
// BeforeAnythingElse

// Benchmark Process Environment Information:
// BenchmarkDotNet v0.15.8
// Runtime=.NET 8.0.31 (8.0.31, 8.0.3126.42015), X64 RyuJIT x86-64-v4
// GC=Concurrent Workstation
// HardwareIntrinsics=AVX512 F+BW+CD+DQ+VL,AVX2+BMI1+BMI2+F16C+FMA+LZCNT+MOVBE,AVX,SSE3+SSSE3+SSE4.1+SSE4.2+POPCNT,X86Base+SSE+SSE2,AES+PCLMUL VectorSize=256
// Job: campaign(EvaluateOverhead=False, Clock=Armonik.Ffi.Bdn.CpuClock, IterationCount=6, IterationTime=40ms, LaunchCount=1, RunStrategy=Throughput, WarmupCount=4)

OverheadJitting  1: 1 op, 248025.00 ns, 248.0250 us/op
WorkloadJitting  1: 1 op, 5875709.00 ns, 5.8757 ms/op

WorkloadPilot    1: 4 op, 7563479.00 ns, 1.8909 ms/op
WorkloadPilot    2: 21 op, 34926172.00 ns, 1.6632 ms/op
WorkloadPilot    3: 24 op, 37282074.00 ns, 1.5534 ms/op
WorkloadPilot    4: 26 op, 39345164.00 ns, 1.5133 ms/op

WorkloadWarmup   1: 26 op, 39237254.00 ns, 1.5091 ms/op
WorkloadWarmup   2: 26 op, 38861206.00 ns, 1.4947 ms/op
WorkloadWarmup   3: 26 op, 38263056.00 ns, 1.4717 ms/op
WorkloadWarmup   4: 26 op, 60822808.00 ns, 2.3393 ms/op

// BeforeActualRun
WorkloadActual   1: 26 op, 38143351.00 ns, 1.4671 ms/op
WorkloadActual   2: 26 op, 38772211.00 ns, 1.4912 ms/op
WorkloadActual   3: 26 op, 41552452.00 ns, 1.5982 ms/op
WorkloadActual   4: 26 op, 38755792.00 ns, 1.4906 ms/op
WorkloadActual   5: 26 op, 37795980.00 ns, 1.4537 ms/op
WorkloadActual   6: 26 op, 38991726.00 ns, 1.4997 ms/op

// AfterActualRun
WorkloadResult   1: 26 op, 38143351.00 ns, 1.4671 ms/op
WorkloadResult   2: 26 op, 38772211.00 ns, 1.4912 ms/op
WorkloadResult   3: 26 op, 38755792.00 ns, 1.4906 ms/op
WorkloadResult   4: 26 op, 37795980.00 ns, 1.4537 ms/op
WorkloadResult   5: 26 op, 38991726.00 ns, 1.4997 ms/op
// GC:  0 0 0 12134096 26
// Threading:  0 0 26

// AfterAll
// Benchmark Process 18956 has exited with code 0.

Mean = 1.480 ms, StdErr = 0.009 ms (0.58%), N = 5, StdDev = 0.019 ms
Min = 1.454 ms, Q1 = 1.467 ms, Median = 1.491 ms, Q3 = 1.491 ms, Max = 1.500 ms
IQR = 0.024 ms, LowerFence = 1.431 ms, UpperFence = 1.528 ms
ConfidenceInterval = [1.406 ms; 1.555 ms] (CI 99.9%), Margin = 0.074 ms (5.01% of Mean)
Skewness = -0.34, Kurtosis = 1.02, MValue = 2

// ** Remained 61 (40.9 %) benchmark(s) to run. Estimated finish 2026-10-04 8:26 (0h 1m from now) **
// **************************
// Benchmark: CodecSuite.Run: campaign(EvaluateOverhead=False, Clock=Armonik.Ffi.Bdn.CpuClock, IterationCount=6, IterationTime=40ms, LaunchCount=1, RunStrategy=Throughput, WarmupCount=4) [Case=core-(...)etain [88]]
// *** Execute ***
// Launch: 1 / 1
// Execute: dotnet BenchDotNet-campaign-1.dll --anonymousPipes 123 124 --benchmarkName "Armonik.Ffi.Bdn.CodecSuite.Run(Case: \"core-ffi|encode-transport-hot|U-wire-UploadResultDataMessage-upload-as-wt5|corpus|retain\")" --job campaign --benchmarkId 88 in /home/user/ArmoniK.Api/ffi/poc/csharp/src/BenchDotNet/bin/Release/net8.0/BenchDotNet-campaign-1/bin/Release/net8.0
// BeforeAnythingElse

// Benchmark Process Environment Information:
// BenchmarkDotNet v0.15.8
// Runtime=.NET 8.0.31 (8.0.31, 8.0.3126.42015), X64 RyuJIT x86-64-v4
// GC=Concurrent Workstation
// HardwareIntrinsics=AVX512 F+BW+CD+DQ+VL,AVX2+BMI1+BMI2+F16C+FMA+LZCNT+MOVBE,AVX,SSE3+SSSE3+SSE4.1+SSE4.2+POPCNT,X86Base+SSE+SSE2,AES+PCLMUL VectorSize=256
// Job: campaign(EvaluateOverhead=False, Clock=Armonik.Ffi.Bdn.CpuClock, IterationCount=6, IterationTime=40ms, LaunchCount=1, RunStrategy=Throughput, WarmupCount=4)

OverheadJitting  1: 1 op, 260864.00 ns, 260.8640 us/op
WorkloadJitting  1: 1 op, 4272833.00 ns, 4.2728 ms/op

WorkloadPilot    1: 4 op, 101879.00 ns, 25.4698 us/op
WorkloadPilot    2: 1570 op, 479788.00 ns, 305.5975 ns/op
WorkloadPilot    3: 130891 op, 50302601.00 ns, 384.3091 ns/op
WorkloadPilot    4: 104083 op, 35247867.00 ns, 338.6515 ns/op
WorkloadPilot    5: 118116 op, 37338606.00 ns, 316.1181 ns/op
WorkloadPilot    6: 126535 op, 42183410.00 ns, 333.3735 ns/op
WorkloadPilot    7: 119986 op, 37984968.00 ns, 316.5783 ns/op
WorkloadPilot    8: 126351 op, 39763020.00 ns, 314.7029 ns/op
WorkloadPilot    9: 127104 op, 39804275.00 ns, 313.1630 ns/op
WorkloadPilot   10: 127729 op, 40240505.00 ns, 315.0460 ns/op

WorkloadWarmup   1: 127729 op, 40011692.00 ns, 313.2546 ns/op
WorkloadWarmup   2: 127729 op, 40666957.00 ns, 318.3847 ns/op
WorkloadWarmup   3: 127729 op, 41102788.00 ns, 321.7968 ns/op
WorkloadWarmup   4: 127729 op, 40174972.00 ns, 314.5329 ns/op

// BeforeActualRun
WorkloadActual   1: 127729 op, 41179839.00 ns, 322.4001 ns/op
WorkloadActual   2: 127729 op, 40197267.00 ns, 314.7074 ns/op
WorkloadActual   3: 127729 op, 46408151.00 ns, 363.3329 ns/op
WorkloadActual   4: 127729 op, 47199879.00 ns, 369.5314 ns/op
WorkloadActual   5: 127729 op, 46634160.00 ns, 365.1024 ns/op
WorkloadActual   6: 127729 op, 43732172.00 ns, 342.3825 ns/op

// AfterActualRun
WorkloadResult   1: 127729 op, 41179839.00 ns, 322.4001 ns/op
WorkloadResult   2: 127729 op, 40197267.00 ns, 314.7074 ns/op
WorkloadResult   3: 127729 op, 46408151.00 ns, 363.3329 ns/op
WorkloadResult   4: 127729 op, 47199879.00 ns, 369.5314 ns/op
WorkloadResult   5: 127729 op, 46634160.00 ns, 365.1024 ns/op
WorkloadResult   6: 127729 op, 43732172.00 ns, 342.3825 ns/op
// GC:  0 0 0 0 127729
// Threading:  0 0 127729

// AfterAll
// Benchmark Process 18965 has exited with code 0.

Mean = 346.243 ns, StdErr = 9.606 ns (2.77%), N = 6, StdDev = 23.529 ns
Min = 314.707 ns, Q1 = 327.396 ns, Median = 352.858 ns, Q3 = 364.660 ns, Max = 369.531 ns
IQR = 37.264 ns, LowerFence = 271.499 ns, UpperFence = 420.556 ns
ConfidenceInterval = [280.264 ns; 412.221 ns] (CI 99.9%), Margin = 65.979 ns (19.06% of Mean)
Skewness = -0.26, Kurtosis = 0.99, MValue = 2

// ** Remained 60 (40.3 %) benchmark(s) to run. Estimated finish 2026-10-04 8:26 (0h 1m from now) **
// **************************
// Benchmark: CodecSuite.Run: campaign(EvaluateOverhead=False, Clock=Armonik.Ffi.Bdn.CpuClock, IterationCount=6, IterationTime=40ms, LaunchCount=1, RunStrategy=Throughput, WarmupCount=4) [Case=host-(...)etain [38]]
// *** Execute ***
// Launch: 1 / 1
// Execute: dotnet BenchDotNet-campaign-1.dll --anonymousPipes 123 124 --benchmarkName "Armonik.Ffi.Bdn.CodecSuite.Run(Case: \"host-gen|decode-read|P5.4|ascii|retain\")" --job campaign --benchmarkId 89 in /home/user/ArmoniK.Api/ffi/poc/csharp/src/BenchDotNet/bin/Release/net8.0/BenchDotNet-campaign-1/bin/Release/net8.0
// BeforeAnythingElse

// Benchmark Process Environment Information:
// BenchmarkDotNet v0.15.8
// Runtime=.NET 8.0.31 (8.0.31, 8.0.3126.42015), X64 RyuJIT x86-64-v4
// GC=Concurrent Workstation
// HardwareIntrinsics=AVX512 F+BW+CD+DQ+VL,AVX2+BMI1+BMI2+F16C+FMA+LZCNT+MOVBE,AVX,SSE3+SSSE3+SSE4.1+SSE4.2+POPCNT,X86Base+SSE+SSE2,AES+PCLMUL VectorSize=256
// Job: campaign(EvaluateOverhead=False, Clock=Armonik.Ffi.Bdn.CpuClock, IterationCount=6, IterationTime=40ms, LaunchCount=1, RunStrategy=Throughput, WarmupCount=4)

OverheadJitting  1: 1 op, 297748.00 ns, 297.7480 us/op
WorkloadJitting  1: 1 op, 3103171.00 ns, 3.1032 ms/op

WorkloadPilot    1: 4 op, 9323608.00 ns, 2.3309 ms/op
WorkloadPilot    2: 17 op, 37414002.00 ns, 2.2008 ms/op

WorkloadWarmup   1: 17 op, 19036445.00 ns, 1.1198 ms/op
WorkloadWarmup   2: 17 op, 14741174.00 ns, 867.1279 us/op
WorkloadWarmup   3: 17 op, 14708894.00 ns, 865.2291 us/op
WorkloadWarmup   4: 17 op, 15421211.00 ns, 907.1301 us/op

// BeforeActualRun
WorkloadActual   1: 17 op, 14872659.00 ns, 874.8623 us/op
WorkloadActual   2: 17 op, 17771032.00 ns, 1.0454 ms/op
WorkloadActual   3: 17 op, 15524606.00 ns, 913.2121 us/op
WorkloadActual   4: 17 op, 15660765.00 ns, 921.2215 us/op
WorkloadActual   5: 17 op, 14826678.00 ns, 872.1575 us/op
WorkloadActual   6: 17 op, 15380321.00 ns, 904.7248 us/op

// AfterActualRun
WorkloadResult   1: 17 op, 14872659.00 ns, 874.8623 us/op
WorkloadResult   2: 17 op, 15524606.00 ns, 913.2121 us/op
WorkloadResult   3: 17 op, 15660765.00 ns, 921.2215 us/op
WorkloadResult   4: 17 op, 14826678.00 ns, 872.1575 us/op
WorkloadResult   5: 17 op, 15380321.00 ns, 904.7248 us/op
// GC:  0 0 0 71308200 17
// Threading:  0 0 17

// AfterAll
// Benchmark Process 18977 has exited with code 0.

Mean = 897.236 us, StdErr = 10.040 us (1.12%), N = 5, StdDev = 22.451 us
Min = 872.158 us, Q1 = 874.862 us, Median = 904.725 us, Q3 = 913.212 us, Max = 921.221 us
IQR = 38.350 us, LowerFence = 817.338 us, UpperFence = 970.737 us
ConfidenceInterval = [810.786 us; 983.685 us] (CI 99.9%), Margin = 86.450 us (9.64% of Mean)
Skewness = -0.15, Kurtosis = 0.82, MValue = 2

// ** Remained 59 (39.6 %) benchmark(s) to run. Estimated finish 2026-10-04 8:26 (0h 1m from now) **
// **************************
// Benchmark: CodecSuite.Run: campaign(EvaluateOverhead=False, Clock=Armonik.Ffi.Bdn.CpuClock, IterationCount=6, IterationTime=40ms, LaunchCount=1, RunStrategy=Throughput, WarmupCount=4) [Case=incum(...)fault [86]]
// *** Execute ***
// Launch: 1 / 1
// Execute: dotnet BenchDotNet-campaign-1.dll --anonymousPipes 123 124 --benchmarkName "Armonik.Ffi.Bdn.CodecSuite.Run(Case: \"incumbent-prod|decode-read|U-wire-UploadResultDataMessage-upload-as-wt5|corpus|default\")" --job campaign --benchmarkId 90 in /home/user/ArmoniK.Api/ffi/poc/csharp/src/BenchDotNet/bin/Release/net8.0/BenchDotNet-campaign-1/bin/Release/net8.0
// BeforeAnythingElse

// Benchmark Process Environment Information:
// BenchmarkDotNet v0.15.8
// Runtime=.NET 8.0.31 (8.0.31, 8.0.3126.42015), X64 RyuJIT x86-64-v4
// GC=Concurrent Workstation
// HardwareIntrinsics=AVX512 F+BW+CD+DQ+VL,AVX2+BMI1+BMI2+F16C+FMA+LZCNT+MOVBE,AVX,SSE3+SSSE3+SSE4.1+SSE4.2+POPCNT,X86Base+SSE+SSE2,AES+PCLMUL VectorSize=256
// Job: campaign(EvaluateOverhead=False, Clock=Armonik.Ffi.Bdn.CpuClock, IterationCount=6, IterationTime=40ms, LaunchCount=1, RunStrategy=Throughput, WarmupCount=4)

OverheadJitting  1: 1 op, 264199.00 ns, 264.1990 us/op
WorkloadJitting  1: 1 op, 7497588.00 ns, 7.4976 ms/op

WorkloadPilot    1: 4 op, 96852.00 ns, 24.2130 us/op
WorkloadPilot    2: 1652 op, 1977590.00 ns, 1.1971 us/op
WorkloadPilot    3: 33414 op, 47945031.00 ns, 1.4349 us/op
WorkloadPilot    4: 27877 op, 30685135.00 ns, 1.1007 us/op
WorkloadPilot    5: 36339 op, 35535450.00 ns, 977.8874 ns/op
WorkloadPilot    6: 40905 op, 49017256.00 ns, 1.1983 us/op
WorkloadPilot    7: 33380 op, 31310074.00 ns, 937.9890 ns/op
WorkloadPilot    8: 42644 op, 40853993.00 ns, 958.0244 ns/op

WorkloadWarmup   1: 42644 op, 38056822.00 ns, 892.4309 ns/op
WorkloadWarmup   2: 42644 op, 40275794.00 ns, 944.4657 ns/op
WorkloadWarmup   3: 42644 op, 38413010.00 ns, 900.7835 ns/op
WorkloadWarmup   4: 42644 op, 49027324.00 ns, 1.1497 us/op

// BeforeActualRun
WorkloadActual   1: 42644 op, 54485204.00 ns, 1.2777 us/op
WorkloadActual   2: 42644 op, 36891040.00 ns, 865.0933 ns/op
WorkloadActual   3: 42644 op, 37804903.00 ns, 886.5234 ns/op
WorkloadActual   4: 42644 op, 37566962.00 ns, 880.9437 ns/op
WorkloadActual   5: 42644 op, 37113375.00 ns, 870.3071 ns/op
WorkloadActual   6: 42644 op, 41514190.00 ns, 973.5060 ns/op

// AfterActualRun
WorkloadResult   1: 42644 op, 36891040.00 ns, 865.0933 ns/op
WorkloadResult   2: 42644 op, 37804903.00 ns, 886.5234 ns/op
WorkloadResult   3: 42644 op, 37566962.00 ns, 880.9437 ns/op
WorkloadResult   4: 42644 op, 37113375.00 ns, 870.3071 ns/op
WorkloadResult   5: 42644 op, 41514190.00 ns, 973.5060 ns/op
// GC:  1 0 0 31044832 42644
// Threading:  0 0 42644

// AfterAll
// Benchmark Process 19018 has exited with code 0.

Mean = 895.275 ns, StdErr = 19.920 ns (2.23%), N = 5, StdDev = 44.543 ns
Min = 865.093 ns, Q1 = 870.307 ns, Median = 880.944 ns, Q3 = 886.523 ns, Max = 973.506 ns
IQR = 16.216 ns, LowerFence = 845.983 ns, UpperFence = 910.848 ns
ConfidenceInterval = [723.755 ns; 1,066.795 ns] (CI 99.9%), Margin = 171.520 ns (19.16% of Mean)
Skewness = 0.98, Kurtosis = 1.97, MValue = 2

// ** Remained 58 (38.9 %) benchmark(s) to run. Estimated finish 2026-10-04 8:26 (0h 1m from now) **
// **************************
// Benchmark: CodecSuite.Run: campaign(EvaluateOverhead=False, Clock=Armonik.Ffi.Bdn.CpuClock, IterationCount=6, IterationTime=40ms, LaunchCount=1, RunStrategy=Throughput, WarmupCount=4) [Case=core-(...)etain [85]]
// *** Execute ***
// Launch: 1 / 1
// Execute: dotnet BenchDotNet-campaign-1.dll --anonymousPipes 125 126 --benchmarkName "Armonik.Ffi.Bdn.CodecSuite.Run(Case: \"core-ffi|encode-transport-hot|U-wire-ListMetricsResponse-batches-as-wt0|corpus|retain\")" --job campaign --benchmarkId 91 in /home/user/ArmoniK.Api/ffi/poc/csharp/src/BenchDotNet/bin/Release/net8.0/BenchDotNet-campaign-1/bin/Release/net8.0
// BeforeAnythingElse

// Benchmark Process Environment Information:
// BenchmarkDotNet v0.15.8
// Runtime=.NET 8.0.31 (8.0.31, 8.0.3126.42015), X64 RyuJIT x86-64-v4
// GC=Concurrent Workstation
// HardwareIntrinsics=AVX512 F+BW+CD+DQ+VL,AVX2+BMI1+BMI2+F16C+FMA+LZCNT+MOVBE,AVX,SSE3+SSSE3+SSE4.1+SSE4.2+POPCNT,X86Base+SSE+SSE2,AES+PCLMUL VectorSize=256
// Job: campaign(EvaluateOverhead=False, Clock=Armonik.Ffi.Bdn.CpuClock, IterationCount=6, IterationTime=40ms, LaunchCount=1, RunStrategy=Throughput, WarmupCount=4)

OverheadJitting  1: 1 op, 233902.00 ns, 233.9020 us/op
WorkloadJitting  1: 1 op, 10851094.00 ns, 10.8511 ms/op

WorkloadPilot    1: 4 op, 69650.00 ns, 17.4125 us/op
WorkloadPilot    2: 2297 op, 11782281.00 ns, 5.1294 us/op
WorkloadPilot    3: 7798 op, 34108607.00 ns, 4.3740 us/op
WorkloadPilot    4: 9145 op, 41571751.00 ns, 4.5458 us/op
WorkloadPilot    5: 8799 op, 37982740.00 ns, 4.3167 us/op
WorkloadPilot    6: 9266 op, 39549450.00 ns, 4.2682 us/op
WorkloadPilot    7: 9372 op, 39962474.00 ns, 4.2640 us/op
WorkloadPilot    8: 9381 op, 40844567.00 ns, 4.3540 us/op
WorkloadPilot    9: 9187 op, 46554744.00 ns, 5.0675 us/op

WorkloadWarmup   1: 9187 op, 44122841.00 ns, 4.8027 us/op
WorkloadWarmup   2: 9187 op, 41160602.00 ns, 4.4803 us/op
WorkloadWarmup   3: 9187 op, 40436524.00 ns, 4.4015 us/op
WorkloadWarmup   4: 9187 op, 45271628.00 ns, 4.9278 us/op

// BeforeActualRun
WorkloadActual   1: 9187 op, 42908444.00 ns, 4.6706 us/op
WorkloadActual   2: 9187 op, 47033846.00 ns, 5.1196 us/op
WorkloadActual   3: 9187 op, 43355123.00 ns, 4.7192 us/op
WorkloadActual   4: 9187 op, 38613548.00 ns, 4.2031 us/op
WorkloadActual   5: 9187 op, 38934857.00 ns, 4.2380 us/op
WorkloadActual   6: 9187 op, 38597007.00 ns, 4.2013 us/op

// AfterActualRun
WorkloadResult   1: 9187 op, 42908444.00 ns, 4.6706 us/op
WorkloadResult   2: 9187 op, 47033846.00 ns, 5.1196 us/op
WorkloadResult   3: 9187 op, 43355123.00 ns, 4.7192 us/op
WorkloadResult   4: 9187 op, 38613548.00 ns, 4.2031 us/op
WorkloadResult   5: 9187 op, 38934857.00 ns, 4.2380 us/op
WorkloadResult   6: 9187 op, 38597007.00 ns, 4.2013 us/op
// GC:  0 0 0 0 9187
// Threading:  0 0 9187

// AfterAll
// Benchmark Process 19028 has exited with code 0.

Mean = 4.525 us, StdErr = 0.153 us (3.38%), N = 6, StdDev = 0.375 us
Min = 4.201 us, Q1 = 4.212 us, Median = 4.454 us, Q3 = 4.707 us, Max = 5.120 us
IQR = 0.495 us, LowerFence = 3.469 us, UpperFence = 5.450 us
ConfidenceInterval = [3.474 us; 5.577 us] (CI 99.9%), Margin = 1.052 us (23.24% of Mean)
Skewness = 0.41, Kurtosis = 1.31, MValue = 2

// ** Remained 57 (38.3 %) benchmark(s) to run. Estimated finish 2026-10-04 8:26 (0h 0m from now) **
// **************************
// Benchmark: CodecSuite.Run: campaign(EvaluateOverhead=False, Clock=Armonik.Ffi.Bdn.CpuClock, IterationCount=6, IterationTime=40ms, LaunchCount=1, RunStrategy=Throughput, WarmupCount=4) [Case=host-(...)etain [50]]
// *** Execute ***
// Launch: 1 / 1
// Execute: dotnet BenchDotNet-campaign-1.dll --anonymousPipes 123 124 --benchmarkName "Armonik.Ffi.Bdn.CodecSuite.Run(Case: \"host-gen|decode-read|U-nested-before|corpus|retain\")" --job campaign --benchmarkId 92 in /home/user/ArmoniK.Api/ffi/poc/csharp/src/BenchDotNet/bin/Release/net8.0/BenchDotNet-campaign-1/bin/Release/net8.0
// BeforeAnythingElse

// Benchmark Process Environment Information:
// BenchmarkDotNet v0.15.8
// Runtime=.NET 8.0.31 (8.0.31, 8.0.3126.42015), X64 RyuJIT x86-64-v4
// GC=Concurrent Workstation
// HardwareIntrinsics=AVX512 F+BW+CD+DQ+VL,AVX2+BMI1+BMI2+F16C+FMA+LZCNT+MOVBE,AVX,SSE3+SSSE3+SSE4.1+SSE4.2+POPCNT,X86Base+SSE+SSE2,AES+PCLMUL VectorSize=256
// Job: campaign(EvaluateOverhead=False, Clock=Armonik.Ffi.Bdn.CpuClock, IterationCount=6, IterationTime=40ms, LaunchCount=1, RunStrategy=Throughput, WarmupCount=4)

OverheadJitting  1: 1 op, 249694.00 ns, 249.6940 us/op
WorkloadJitting  1: 1 op, 2998197.00 ns, 2.9982 ms/op

WorkloadPilot    1: 4 op, 29072.00 ns, 7.2680 us/op
WorkloadPilot    2: 5504 op, 13777423.00 ns, 2.5032 us/op
WorkloadPilot    3: 15980 op, 36156359.00 ns, 2.2626 us/op
WorkloadPilot    4: 17679 op, 36095879.00 ns, 2.0417 us/op
WorkloadPilot    5: 19591 op, 34645684.00 ns, 1.7684 us/op
WorkloadPilot    6: 22619 op, 43834059.00 ns, 1.9379 us/op
WorkloadPilot    7: 20641 op, 35978454.00 ns, 1.7431 us/op
WorkloadPilot    8: 22948 op, 48725990.00 ns, 2.1233 us/op
WorkloadPilot    9: 18838 op, 34940557.00 ns, 1.8548 us/op
WorkloadPilot   10: 21566 op, 37827076.00 ns, 1.7540 us/op
WorkloadPilot   11: 22805 op, 40965463.00 ns, 1.7963 us/op

WorkloadWarmup   1: 22805 op, 43431722.00 ns, 1.9045 us/op
WorkloadWarmup   2: 22805 op, 39253366.00 ns, 1.7213 us/op
WorkloadWarmup   3: 22805 op, 41750876.00 ns, 1.8308 us/op
WorkloadWarmup   4: 22805 op, 39423010.00 ns, 1.7287 us/op

// BeforeActualRun
WorkloadActual   1: 22805 op, 42856882.00 ns, 1.8793 us/op
WorkloadActual   2: 22805 op, 39171087.00 ns, 1.7177 us/op
WorkloadActual   3: 22805 op, 43481210.00 ns, 1.9067 us/op
WorkloadActual   4: 22805 op, 40580274.00 ns, 1.7794 us/op
WorkloadActual   5: 22805 op, 39545693.00 ns, 1.7341 us/op
WorkloadActual   6: 22805 op, 38386530.00 ns, 1.6833 us/op

// AfterActualRun
WorkloadResult   1: 22805 op, 42856882.00 ns, 1.8793 us/op
WorkloadResult   2: 22805 op, 39171087.00 ns, 1.7177 us/op
WorkloadResult   3: 22805 op, 43481210.00 ns, 1.9067 us/op
WorkloadResult   4: 22805 op, 40580274.00 ns, 1.7794 us/op
WorkloadResult   5: 22805 op, 39545693.00 ns, 1.7341 us/op
WorkloadResult   6: 22805 op, 38386530.00 ns, 1.6833 us/op
// GC:  1 0 0 31562120 22805
// Threading:  0 0 22805

// AfterAll
// Benchmark Process 19037 has exited with code 0.

Mean = 1.783 us, StdErr = 0.037 us (2.08%), N = 6, StdDev = 0.091 us
Min = 1.683 us, Q1 = 1.722 us, Median = 1.757 us, Q3 = 1.854 us, Max = 1.907 us
IQR = 0.133 us, LowerFence = 1.523 us, UpperFence = 2.053 us
ConfidenceInterval = [1.529 us; 2.038 us] (CI 99.9%), Margin = 0.254 us (14.27% of Mean)
Skewness = 0.3, Kurtosis = 1.08, MValue = 2

// ** Remained 56 (37.6 %) benchmark(s) to run. Estimated finish 2026-10-04 8:26 (0h 0m from now) **
// **************************
// Benchmark: CodecSuite.Run: campaign(EvaluateOverhead=False, Clock=Armonik.Ffi.Bdn.CpuClock, IterationCount=6, IterationTime=40ms, LaunchCount=1, RunStrategy=Throughput, WarmupCount=4) [Case=core-(...)etain [47]]
// *** Execute ***
// Launch: 1 / 1
// Execute: dotnet BenchDotNet-campaign-1.dll --anonymousPipes 123 124 --benchmarkName "Armonik.Ffi.Bdn.CodecSuite.Run(Case: \"core-ffi|encode-transport-hot|P1.3|ascii|retain\")" --job campaign --benchmarkId 93 in /home/user/ArmoniK.Api/ffi/poc/csharp/src/BenchDotNet/bin/Release/net8.0/BenchDotNet-campaign-1/bin/Release/net8.0
// BeforeAnythingElse

// Benchmark Process Environment Information:
// BenchmarkDotNet v0.15.8
// Runtime=.NET 8.0.31 (8.0.31, 8.0.3126.42015), X64 RyuJIT x86-64-v4
// GC=Concurrent Workstation
// HardwareIntrinsics=AVX512 F+BW+CD+DQ+VL,AVX2+BMI1+BMI2+F16C+FMA+LZCNT+MOVBE,AVX,SSE3+SSSE3+SSE4.1+SSE4.2+POPCNT,X86Base+SSE+SSE2,AES+PCLMUL VectorSize=256
// Job: campaign(EvaluateOverhead=False, Clock=Armonik.Ffi.Bdn.CpuClock, IterationCount=6, IterationTime=40ms, LaunchCount=1, RunStrategy=Throughput, WarmupCount=4)

OverheadJitting  1: 1 op, 245609.00 ns, 245.6090 us/op
WorkloadJitting  1: 1 op, 4848039.00 ns, 4.8480 ms/op

WorkloadPilot    1: 4 op, 125200.00 ns, 31.3000 us/op
WorkloadPilot    2: 1278 op, 31726895.00 ns, 24.8254 us/op
WorkloadPilot    3: 1611 op, 38685788.00 ns, 24.0135 us/op
WorkloadPilot    4: 1666 op, 40505022.00 ns, 24.3127 us/op
WorkloadPilot    5: 1645 op, 41666826.00 ns, 25.3294 us/op
WorkloadPilot    6: 1579 op, 38665270.00 ns, 24.4872 us/op
WorkloadPilot    7: 1634 op, 39354182.00 ns, 24.0846 us/op
WorkloadPilot    8: 1661 op, 40063135.00 ns, 24.1199 us/op

WorkloadWarmup   1: 1661 op, 40853321.00 ns, 24.5956 us/op
WorkloadWarmup   2: 1661 op, 41681330.00 ns, 25.0941 us/op
WorkloadWarmup   3: 1661 op, 40843520.00 ns, 24.5897 us/op
WorkloadWarmup   4: 1661 op, 44259883.00 ns, 26.6465 us/op

// BeforeActualRun
WorkloadActual   1: 1661 op, 39912608.00 ns, 24.0293 us/op
WorkloadActual   2: 1661 op, 40025232.00 ns, 24.0971 us/op
WorkloadActual   3: 1661 op, 40083035.00 ns, 24.1319 us/op
WorkloadActual   4: 1661 op, 39941433.00 ns, 24.0466 us/op
WorkloadActual   5: 1661 op, 39820080.00 ns, 23.9736 us/op
WorkloadActual   6: 1661 op, 40211489.00 ns, 24.2092 us/op

// AfterActualRun
WorkloadResult   1: 1661 op, 39912608.00 ns, 24.0293 us/op
WorkloadResult   2: 1661 op, 40025232.00 ns, 24.0971 us/op
WorkloadResult   3: 1661 op, 40083035.00 ns, 24.1319 us/op
WorkloadResult   4: 1661 op, 39941433.00 ns, 24.0466 us/op
WorkloadResult   5: 1661 op, 39820080.00 ns, 23.9736 us/op
WorkloadResult   6: 1661 op, 40211489.00 ns, 24.2092 us/op
// GC:  0 0 0 0 1661
// Threading:  0 0 1661

// AfterAll
// Benchmark Process 19082 has exited with code 0.

Mean = 24.081 us, StdErr = 0.034 us (0.14%), N = 6, StdDev = 0.083 us
Min = 23.974 us, Q1 = 24.034 us, Median = 24.072 us, Q3 = 24.123 us, Max = 24.209 us
IQR = 0.090 us, LowerFence = 23.899 us, UpperFence = 24.258 us
ConfidenceInterval = [23.848 us; 24.315 us] (CI 99.9%), Margin = 0.234 us (0.97% of Mean)
Skewness = 0.23, Kurtosis = 1.45, MValue = 2

// ** Remained 55 (36.9 %) benchmark(s) to run. Estimated finish 2026-10-04 8:26 (0h 0m from now) **
// **************************
// Benchmark: CodecSuite.Run: campaign(EvaluateOverhead=False, Clock=Armonik.Ffi.Bdn.CpuClock, IterationCount=6, IterationTime=40ms, LaunchCount=1, RunStrategy=Throughput, WarmupCount=4) [Case=core-(...)etain [78]]
// *** Execute ***
// Launch: 1 / 1
// Execute: dotnet BenchDotNet-campaign-1.dll --anonymousPipes 123 124 --benchmarkName "Armonik.Ffi.Bdn.CodecSuite.Run(Case: \"core-ffi|decode-read|U-wire-ListTaskSummaryResponse-tasks-as-wt5|corpus|retain\")" --job campaign --benchmarkId 94 in /home/user/ArmoniK.Api/ffi/poc/csharp/src/BenchDotNet/bin/Release/net8.0/BenchDotNet-campaign-1/bin/Release/net8.0
// BeforeAnythingElse

// Benchmark Process Environment Information:
// BenchmarkDotNet v0.15.8
// Runtime=.NET 8.0.31 (8.0.31, 8.0.3126.42015), X64 RyuJIT x86-64-v4
// GC=Concurrent Workstation
// HardwareIntrinsics=AVX512 F+BW+CD+DQ+VL,AVX2+BMI1+BMI2+F16C+FMA+LZCNT+MOVBE,AVX,SSE3+SSSE3+SSE4.1+SSE4.2+POPCNT,X86Base+SSE+SSE2,AES+PCLMUL VectorSize=256
// Job: campaign(EvaluateOverhead=False, Clock=Armonik.Ffi.Bdn.CpuClock, IterationCount=6, IterationTime=40ms, LaunchCount=1, RunStrategy=Throughput, WarmupCount=4)

OverheadJitting  1: 1 op, 279732.00 ns, 279.7320 us/op
WorkloadJitting  1: 1 op, 10444549.00 ns, 10.4445 ms/op

WorkloadPilot    1: 4 op, 62153.00 ns, 15.5383 us/op
WorkloadPilot    2: 2574 op, 18365923.00 ns, 7.1352 us/op
WorkloadPilot    3: 5606 op, 35795071.00 ns, 6.3851 us/op
WorkloadPilot    4: 6265 op, 37529773.00 ns, 5.9904 us/op
WorkloadPilot    5: 6677 op, 34874909.00 ns, 5.2231 us/op
WorkloadPilot    6: 7658 op, 44503383.00 ns, 5.8114 us/op
WorkloadPilot    7: 6883 op, 36250007.00 ns, 5.2666 us/op
WorkloadPilot    8: 7595 op, 41715442.00 ns, 5.4925 us/op
WorkloadPilot    9: 7283 op, 37775327.00 ns, 5.1868 us/op
WorkloadPilot   10: 7712 op, 40773371.00 ns, 5.2870 us/op

WorkloadWarmup   1: 7712 op, 40594269.00 ns, 5.2638 us/op
WorkloadWarmup   2: 7712 op, 40013952.00 ns, 5.1885 us/op
WorkloadWarmup   3: 7712 op, 40305747.00 ns, 5.2264 us/op
WorkloadWarmup   4: 7712 op, 39877847.00 ns, 5.1709 us/op

// BeforeActualRun
WorkloadActual   1: 7712 op, 40252107.00 ns, 5.2194 us/op
WorkloadActual   2: 7712 op, 39937413.00 ns, 5.1786 us/op
WorkloadActual   3: 7712 op, 39663059.00 ns, 5.1430 us/op
WorkloadActual   4: 7712 op, 39467822.00 ns, 5.1177 us/op
WorkloadActual   5: 7712 op, 39646979.00 ns, 5.1409 us/op
WorkloadActual   6: 7712 op, 41867138.00 ns, 5.4288 us/op

// AfterActualRun
WorkloadResult   1: 7712 op, 40252107.00 ns, 5.2194 us/op
WorkloadResult   2: 7712 op, 39937413.00 ns, 5.1786 us/op
WorkloadResult   3: 7712 op, 39663059.00 ns, 5.1430 us/op
WorkloadResult   4: 7712 op, 39467822.00 ns, 5.1177 us/op
WorkloadResult   5: 7712 op, 39646979.00 ns, 5.1409 us/op
// GC:  1 0 0 28688640 7712
// Threading:  0 0 7712

// AfterAll
// Benchmark Process 19091 has exited with code 0.

Mean = 5.160 us, StdErr = 0.018 us (0.34%), N = 5, StdDev = 0.040 us
Min = 5.118 us, Q1 = 5.141 us, Median = 5.143 us, Q3 = 5.179 us, Max = 5.219 us
IQR = 0.038 us, LowerFence = 5.084 us, UpperFence = 5.235 us
ConfidenceInterval = [5.007 us; 5.313 us] (CI 99.9%), Margin = 0.153 us (2.97% of Mean)
Skewness = 0.41, Kurtosis = 1.29, MValue = 2

// ** Remained 54 (36.2 %) benchmark(s) to run. Estimated finish 2026-10-04 8:26 (0h 0m from now) **
// **************************
// Benchmark: CodecSuite.Run: campaign(EvaluateOverhead=False, Clock=Armonik.Ffi.Bdn.CpuClock, IterationCount=6, IterationTime=40ms, LaunchCount=1, RunStrategy=Throughput, WarmupCount=4) [Case=host-(...)etain [78]]
// *** Execute ***
// Launch: 1 / 1
// Execute: dotnet BenchDotNet-campaign-1.dll --anonymousPipes 123 124 --benchmarkName "Armonik.Ffi.Bdn.CodecSuite.Run(Case: \"host-gen|decode-read|U-wire-ListTaskSummaryResponse-tasks-as-wt5|corpus|retain\")" --job campaign --benchmarkId 95 in /home/user/ArmoniK.Api/ffi/poc/csharp/src/BenchDotNet/bin/Release/net8.0/BenchDotNet-campaign-1/bin/Release/net8.0
// BeforeAnythingElse

// Benchmark Process Environment Information:
// BenchmarkDotNet v0.15.8
// Runtime=.NET 8.0.31 (8.0.31, 8.0.3126.42015), X64 RyuJIT x86-64-v4
// GC=Concurrent Workstation
// HardwareIntrinsics=AVX512 F+BW+CD+DQ+VL,AVX2+BMI1+BMI2+F16C+FMA+LZCNT+MOVBE,AVX,SSE3+SSSE3+SSE4.1+SSE4.2+POPCNT,X86Base+SSE+SSE2,AES+PCLMUL VectorSize=256
// Job: campaign(EvaluateOverhead=False, Clock=Armonik.Ffi.Bdn.CpuClock, IterationCount=6, IterationTime=40ms, LaunchCount=1, RunStrategy=Throughput, WarmupCount=4)

OverheadJitting  1: 1 op, 244797.00 ns, 244.7970 us/op
WorkloadJitting  1: 1 op, 5841446.00 ns, 5.8414 ms/op

WorkloadPilot    1: 4 op, 46628.00 ns, 11.6570 us/op
WorkloadPilot    2: 3431 op, 27642765.00 ns, 8.0568 us/op
WorkloadPilot    3: 4965 op, 37931400.00 ns, 7.6398 us/op
WorkloadPilot    4: 5236 op, 37672537.00 ns, 7.1949 us/op
WorkloadPilot    5: 5559 op, 33896836.00 ns, 6.0976 us/op
WorkloadPilot    6: 6560 op, 39941885.00 ns, 6.0887 us/op
WorkloadPilot    7: 6570 op, 40679087.00 ns, 6.1916 us/op
WorkloadPilot    8: 6460 op, 42382306.00 ns, 6.5607 us/op
WorkloadPilot    9: 6097 op, 36366640.00 ns, 5.9647 us/op
WorkloadPilot   10: 6706 op, 39783262.00 ns, 5.9325 us/op
WorkloadPilot   11: 6743 op, 40388723.00 ns, 5.9897 us/op

WorkloadWarmup   1: 6743 op, 40801851.00 ns, 6.0510 us/op
WorkloadWarmup   2: 6743 op, 40392986.00 ns, 5.9904 us/op
WorkloadWarmup   3: 6743 op, 40313300.00 ns, 5.9785 us/op
WorkloadWarmup   4: 6743 op, 40719200.00 ns, 6.0387 us/op

// BeforeActualRun
WorkloadActual   1: 6743 op, 40081244.00 ns, 5.9441 us/op
WorkloadActual   2: 6743 op, 40173169.00 ns, 5.9578 us/op
WorkloadActual   3: 6743 op, 40827443.00 ns, 6.0548 us/op
WorkloadActual   4: 6743 op, 39764036.00 ns, 5.8971 us/op
WorkloadActual   5: 6743 op, 40167780.00 ns, 5.9570 us/op
WorkloadActual   6: 6743 op, 40373913.00 ns, 5.9875 us/op

// AfterActualRun
WorkloadResult   1: 6743 op, 40081244.00 ns, 5.9441 us/op
WorkloadResult   2: 6743 op, 40173169.00 ns, 5.9578 us/op
WorkloadResult   3: 6743 op, 39764036.00 ns, 5.8971 us/op
WorkloadResult   4: 6743 op, 40167780.00 ns, 5.9570 us/op
WorkloadResult   5: 6743 op, 40373913.00 ns, 5.9875 us/op
// GC:  1 0 0 25083960 6743
// Threading:  0 0 6743

// AfterAll
// Benchmark Process 19100 has exited with code 0.

Mean = 5.949 us, StdErr = 0.015 us (0.25%), N = 5, StdDev = 0.033 us
Min = 5.897 us, Q1 = 5.944 us, Median = 5.957 us, Q3 = 5.958 us, Max = 5.988 us
IQR = 0.014 us, LowerFence = 5.924 us, UpperFence = 5.978 us
ConfidenceInterval = [5.822 us; 6.076 us] (CI 99.9%), Margin = 0.127 us (2.13% of Mean)
Skewness = -0.43, Kurtosis = 1.59, MValue = 2

// ** Remained 53 (35.6 %) benchmark(s) to run. Estimated finish 2026-10-04 8:26 (0h 0m from now) **
// **************************
// Benchmark: CodecSuite.Run: campaign(EvaluateOverhead=False, Clock=Armonik.Ffi.Bdn.CpuClock, IterationCount=6, IterationTime=40ms, LaunchCount=1, RunStrategy=Throughput, WarmupCount=4) [Case=core-(...)etain [47]]
// *** Execute ***
// Launch: 1 / 1
// Execute: dotnet BenchDotNet-campaign-1.dll --anonymousPipes 123 124 --benchmarkName "Armonik.Ffi.Bdn.CodecSuite.Run(Case: \"core-ffi|encode-transport-hot|P5.4|ascii|retain\")" --job campaign --benchmarkId 96 in /home/user/ArmoniK.Api/ffi/poc/csharp/src/BenchDotNet/bin/Release/net8.0/BenchDotNet-campaign-1/bin/Release/net8.0
// BeforeAnythingElse

// Benchmark Process Environment Information:
// BenchmarkDotNet v0.15.8
// Runtime=.NET 8.0.31 (8.0.31, 8.0.3126.42015), X64 RyuJIT x86-64-v4
// GC=Concurrent Workstation
// HardwareIntrinsics=AVX512 F+BW+CD+DQ+VL,AVX2+BMI1+BMI2+F16C+FMA+LZCNT+MOVBE,AVX,SSE3+SSSE3+SSE4.1+SSE4.2+POPCNT,X86Base+SSE+SSE2,AES+PCLMUL VectorSize=256
// Job: campaign(EvaluateOverhead=False, Clock=Armonik.Ffi.Bdn.CpuClock, IterationCount=6, IterationTime=40ms, LaunchCount=1, RunStrategy=Throughput, WarmupCount=4)

OverheadJitting  1: 1 op, 343772.00 ns, 343.7720 us/op
WorkloadJitting  1: 1 op, 9400780.00 ns, 9.4008 ms/op

WorkloadPilot    1: 4 op, 3422636.00 ns, 855.6590 us/op
WorkloadPilot    2: 47 op, 26453378.00 ns, 562.8378 us/op
WorkloadPilot    3: 71 op, 39542085.00 ns, 556.9308 us/op

WorkloadWarmup   1: 71 op, 39585334.00 ns, 557.5399 us/op
WorkloadWarmup   2: 71 op, 39702205.00 ns, 559.1860 us/op
WorkloadWarmup   3: 71 op, 39871245.00 ns, 561.5668 us/op
WorkloadWarmup   4: 71 op, 39659550.00 ns, 558.5852 us/op

// BeforeActualRun
WorkloadActual   1: 71 op, 39499325.00 ns, 556.3285 us/op
WorkloadActual   2: 71 op, 39668425.00 ns, 558.7102 us/op
WorkloadActual   3: 71 op, 39615146.00 ns, 557.9598 us/op
WorkloadActual   4: 71 op, 39475366.00 ns, 555.9911 us/op
WorkloadActual   5: 71 op, 39768656.00 ns, 560.1219 us/op
WorkloadActual   6: 71 op, 39608781.00 ns, 557.8702 us/op

// AfterActualRun
WorkloadResult   1: 71 op, 39499325.00 ns, 556.3285 us/op
WorkloadResult   2: 71 op, 39668425.00 ns, 558.7102 us/op
WorkloadResult   3: 71 op, 39615146.00 ns, 557.9598 us/op
WorkloadResult   4: 71 op, 39475366.00 ns, 555.9911 us/op
WorkloadResult   5: 71 op, 39768656.00 ns, 560.1219 us/op
WorkloadResult   6: 71 op, 39608781.00 ns, 557.8702 us/op
// GC:  0 0 0 0 71
// Threading:  0 0 71

// AfterAll
// Benchmark Process 19109 has exited with code 0.

Mean = 557.830 us, StdErr = 0.624 us (0.11%), N = 6, StdDev = 1.529 us
Min = 555.991 us, Q1 = 556.714 us, Median = 557.915 us, Q3 = 558.523 us, Max = 560.122 us
IQR = 1.809 us, LowerFence = 554.001 us, UpperFence = 561.236 us
ConfidenceInterval = [553.544 us; 562.117 us] (CI 99.9%), Margin = 4.286 us (0.77% of Mean)
Skewness = 0.15, Kurtosis = 1.36, MValue = 2

// ** Remained 52 (34.9 %) benchmark(s) to run. Estimated finish 2026-10-04 8:26 (0h 0m from now) **
// **************************
// Benchmark: CodecSuite.Run: campaign(EvaluateOverhead=False, Clock=Armonik.Ffi.Bdn.CpuClock, IterationCount=6, IterationTime=40ms, LaunchCount=1, RunStrategy=Throughput, WarmupCount=4) [Case=incum(...)fault [85]]
// *** Execute ***
// Launch: 1 / 1
// Execute: dotnet BenchDotNet-campaign-1.dll --anonymousPipes 123 124 --benchmarkName "Armonik.Ffi.Bdn.CodecSuite.Run(Case: \"incumbent-prod|decode-read|U-wire-ListTaskSummaryResponse-tasks-as-wt5|corpus|default\")" --job campaign --benchmarkId 97 in /home/user/ArmoniK.Api/ffi/poc/csharp/src/BenchDotNet/bin/Release/net8.0/BenchDotNet-campaign-1/bin/Release/net8.0
// BeforeAnythingElse

// Benchmark Process Environment Information:
// BenchmarkDotNet v0.15.8
// Runtime=.NET 8.0.31 (8.0.31, 8.0.3126.42015), X64 RyuJIT x86-64-v4
// GC=Concurrent Workstation
// HardwareIntrinsics=AVX512 F+BW+CD+DQ+VL,AVX2+BMI1+BMI2+F16C+FMA+LZCNT+MOVBE,AVX,SSE3+SSSE3+SSE4.1+SSE4.2+POPCNT,X86Base+SSE+SSE2,AES+PCLMUL VectorSize=256
// Job: campaign(EvaluateOverhead=False, Clock=Armonik.Ffi.Bdn.CpuClock, IterationCount=6, IterationTime=40ms, LaunchCount=1, RunStrategy=Throughput, WarmupCount=4)

OverheadJitting  1: 1 op, 236330.00 ns, 236.3300 us/op
WorkloadJitting  1: 1 op, 18524932.00 ns, 18.5249 ms/op

WorkloadPilot    1: 4 op, 98815.00 ns, 24.7038 us/op
WorkloadPilot    2: 1619 op, 20343857.00 ns, 12.5657 us/op
WorkloadPilot    3: 3183 op, 36798808.00 ns, 11.5610 us/op
WorkloadPilot    4: 3460 op, 40520791.00 ns, 11.7112 us/op
WorkloadPilot    5: 3416 op, 33403530.00 ns, 9.7786 us/op
WorkloadPilot    6: 4091 op, 42775316.00 ns, 10.4560 us/op
WorkloadPilot    7: 3826 op, 37801292.00 ns, 9.8801 us/op
WorkloadPilot    8: 4049 op, 39004927.00 ns, 9.6332 us/op
WorkloadPilot    9: 4152 op, 39632544.00 ns, 9.5454 us/op
WorkloadPilot   10: 4190 op, 40372246.00 ns, 9.6354 us/op

WorkloadWarmup   1: 4190 op, 39792340.00 ns, 9.4970 us/op
WorkloadWarmup   2: 4190 op, 39230341.00 ns, 9.3628 us/op
WorkloadWarmup   3: 4190 op, 39335481.00 ns, 9.3879 us/op
WorkloadWarmup   4: 4190 op, 39594397.00 ns, 9.4497 us/op

// BeforeActualRun
WorkloadActual   1: 4190 op, 39697331.00 ns, 9.4743 us/op
WorkloadActual   2: 4190 op, 39445806.00 ns, 9.4143 us/op
WorkloadActual   3: 4190 op, 39190982.00 ns, 9.3535 us/op
WorkloadActual   4: 4190 op, 39382022.00 ns, 9.3991 us/op
WorkloadActual   5: 4190 op, 39147633.00 ns, 9.3431 us/op
WorkloadActual   6: 4190 op, 38962536.00 ns, 9.2989 us/op

// AfterActualRun
WorkloadResult   1: 4190 op, 39697331.00 ns, 9.4743 us/op
WorkloadResult   2: 4190 op, 39445806.00 ns, 9.4143 us/op
WorkloadResult   3: 4190 op, 39190982.00 ns, 9.3535 us/op
WorkloadResult   4: 4190 op, 39382022.00 ns, 9.3991 us/op
WorkloadResult   5: 4190 op, 39147633.00 ns, 9.3431 us/op
WorkloadResult   6: 4190 op, 38962536.00 ns, 9.2989 us/op
// GC:  1 0 0 18872096 4190
// Threading:  0 0 4190

// AfterAll
// Benchmark Process 19119 has exited with code 0.

Mean = 9.381 us, StdErr = 0.025 us (0.27%), N = 6, StdDev = 0.062 us
Min = 9.299 us, Q1 = 9.346 us, Median = 9.376 us, Q3 = 9.410 us, Max = 9.474 us
IQR = 0.065 us, LowerFence = 9.249 us, UpperFence = 9.508 us
ConfidenceInterval = [9.207 us; 9.554 us] (CI 99.9%), Margin = 0.173 us (1.85% of Mean)
Skewness = 0.18, Kurtosis = 1.44, MValue = 2

// ** Remained 51 (34.2 %) benchmark(s) to run. Estimated finish 2026-10-04 8:26 (0h 0m from now) **
// **************************
// Benchmark: CodecSuite.Run: campaign(EvaluateOverhead=False, Clock=Armonik.Ffi.Bdn.CpuClock, IterationCount=6, IterationTime=40ms, LaunchCount=1, RunStrategy=Throughput, WarmupCount=4) [Case=core-(...)etain [38]]
// *** Execute ***
// Launch: 1 / 1
// Execute: dotnet BenchDotNet-campaign-1.dll --anonymousPipes 123 124 --benchmarkName "Armonik.Ffi.Bdn.CodecSuite.Run(Case: \"core-ffi|decode-read|P5.2|ascii|retain\")" --job campaign --benchmarkId 98 in /home/user/ArmoniK.Api/ffi/poc/csharp/src/BenchDotNet/bin/Release/net8.0/BenchDotNet-campaign-1/bin/Release/net8.0
// BeforeAnythingElse

// Benchmark Process Environment Information:
// BenchmarkDotNet v0.15.8
// Runtime=.NET 8.0.31 (8.0.31, 8.0.3126.42015), X64 RyuJIT x86-64-v4
// GC=Concurrent Workstation
// HardwareIntrinsics=AVX512 F+BW+CD+DQ+VL,AVX2+BMI1+BMI2+F16C+FMA+LZCNT+MOVBE,AVX,SSE3+SSSE3+SSE4.1+SSE4.2+POPCNT,X86Base+SSE+SSE2,AES+PCLMUL VectorSize=256
// Job: campaign(EvaluateOverhead=False, Clock=Armonik.Ffi.Bdn.CpuClock, IterationCount=6, IterationTime=40ms, LaunchCount=1, RunStrategy=Throughput, WarmupCount=4)

OverheadJitting  1: 1 op, 229317.00 ns, 229.3170 us/op
WorkloadJitting  1: 1 op, 3060641.00 ns, 3.0606 ms/op

WorkloadPilot    1: 4 op, 220242.00 ns, 55.0605 us/op
WorkloadPilot    2: 726 op, 13580084.00 ns, 18.7053 us/op
WorkloadPilot    3: 2138 op, 14133948.00 ns, 6.6108 us/op
WorkloadPilot    4: 6051 op, 32856403.00 ns, 5.4299 us/op
WorkloadPilot    5: 7367 op, 40538946.00 ns, 5.5028 us/op
WorkloadPilot    6: 7269 op, 42944622.00 ns, 5.9079 us/op
WorkloadPilot    7: 6771 op, 37424031.00 ns, 5.5271 us/op
WorkloadPilot    8: 7237 op, 40317429.00 ns, 5.5710 us/op

WorkloadWarmup   1: 7237 op, 41615865.00 ns, 5.7504 us/op
WorkloadWarmup   2: 7237 op, 41619279.00 ns, 5.7509 us/op
WorkloadWarmup   3: 7237 op, 40143899.00 ns, 5.5470 us/op
WorkloadWarmup   4: 7237 op, 40065292.00 ns, 5.5362 us/op

// BeforeActualRun
WorkloadActual   1: 7237 op, 39927325.00 ns, 5.5171 us/op
WorkloadActual   2: 7237 op, 40733526.00 ns, 5.6285 us/op
WorkloadActual   3: 7237 op, 40099266.00 ns, 5.5409 us/op
WorkloadActual   4: 7237 op, 40371048.00 ns, 5.5784 us/op
WorkloadActual   5: 7237 op, 40227092.00 ns, 5.5585 us/op
WorkloadActual   6: 7237 op, 40744779.00 ns, 5.6301 us/op

// AfterActualRun
WorkloadResult   1: 7237 op, 39927325.00 ns, 5.5171 us/op
WorkloadResult   2: 7237 op, 40733526.00 ns, 5.6285 us/op
WorkloadResult   3: 7237 op, 40099266.00 ns, 5.5409 us/op
WorkloadResult   4: 7237 op, 40371048.00 ns, 5.5784 us/op
WorkloadResult   5: 7237 op, 40227092.00 ns, 5.5585 us/op
WorkloadResult   6: 7237 op, 40744779.00 ns, 5.6301 us/op
// GC:  27 5 0 476426184 7237
// Threading:  0 0 7237

// AfterAll
// Benchmark Process 19131 has exited with code 0.

Mean = 5.576 us, StdErr = 0.019 us (0.34%), N = 6, StdDev = 0.046 us
Min = 5.517 us, Q1 = 5.545 us, Median = 5.568 us, Q3 = 5.616 us, Max = 5.630 us
IQR = 0.071 us, LowerFence = 5.439 us, UpperFence = 5.722 us
ConfidenceInterval = [5.446 us; 5.705 us] (CI 99.9%), Margin = 0.130 us (2.33% of Mean)
Skewness = 0.11, Kurtosis = 1.09, MValue = 2

// ** Remained 50 (33.6 %) benchmark(s) to run. Estimated finish 2026-10-04 8:26 (0h 0m from now) **
// **************************
// Benchmark: CodecSuite.Run: campaign(EvaluateOverhead=False, Clock=Armonik.Ffi.Bdn.CpuClock, IterationCount=6, IterationTime=40ms, LaunchCount=1, RunStrategy=Throughput, WarmupCount=4) [Case=incum(...)fault [45]]
// *** Execute ***
// Launch: 1 / 1
// Execute: dotnet BenchDotNet-campaign-1.dll --anonymousPipes 123 124 --benchmarkName "Armonik.Ffi.Bdn.CodecSuite.Run(Case: \"incumbent-prod|decode-read|P2.1|ascii|default\")" --job campaign --benchmarkId 99 in /home/user/ArmoniK.Api/ffi/poc/csharp/src/BenchDotNet/bin/Release/net8.0/BenchDotNet-campaign-1/bin/Release/net8.0
// BeforeAnythingElse

// Benchmark Process Environment Information:
// BenchmarkDotNet v0.15.8
// Runtime=.NET 8.0.31 (8.0.31, 8.0.3126.42015), X64 RyuJIT x86-64-v4
// GC=Concurrent Workstation
// HardwareIntrinsics=AVX512 F+BW+CD+DQ+VL,AVX2+BMI1+BMI2+F16C+FMA+LZCNT+MOVBE,AVX,SSE3+SSSE3+SSE4.1+SSE4.2+POPCNT,X86Base+SSE+SSE2,AES+PCLMUL VectorSize=256
// Job: campaign(EvaluateOverhead=False, Clock=Armonik.Ffi.Bdn.CpuClock, IterationCount=6, IterationTime=40ms, LaunchCount=1, RunStrategy=Throughput, WarmupCount=4)

OverheadJitting  1: 1 op, 250779.00 ns, 250.7790 us/op
WorkloadJitting  1: 1 op, 7866797.00 ns, 7.8668 ms/op

WorkloadPilot    1: 4 op, 140866.00 ns, 35.2165 us/op
WorkloadPilot    2: 1136 op, 14248690.00 ns, 12.5429 us/op
WorkloadPilot    3: 3189 op, 38453463.00 ns, 12.0582 us/op
WorkloadPilot    4: 3317 op, 39171341.00 ns, 11.8093 us/op
WorkloadPilot    5: 3387 op, 36817938.00 ns, 10.8704 us/op
WorkloadPilot    6: 3680 op, 42044299.00 ns, 11.4251 us/op
WorkloadPilot    7: 3501 op, 37058887.00 ns, 10.5852 us/op
WorkloadPilot    8: 3779 op, 38830319.00 ns, 10.2753 us/op
WorkloadPilot    9: 3893 op, 39593938.00 ns, 10.1705 us/op
WorkloadPilot   10: 3933 op, 40241245.00 ns, 10.2317 us/op
WorkloadPilot   11: 3909 op, 39783209.00 ns, 10.1773 us/op
WorkloadPilot   12: 3930 op, 40026254.00 ns, 10.1848 us/op

WorkloadWarmup   1: 3930 op, 40850955.00 ns, 10.3946 us/op
WorkloadWarmup   2: 3930 op, 39188714.00 ns, 9.9717 us/op
WorkloadWarmup   3: 3930 op, 39140277.00 ns, 9.9594 us/op
WorkloadWarmup   4: 3930 op, 39115434.00 ns, 9.9530 us/op

// BeforeActualRun
WorkloadActual   1: 3930 op, 39282630.00 ns, 9.9956 us/op
WorkloadActual   2: 3930 op, 39145025.00 ns, 9.9606 us/op
WorkloadActual   3: 3930 op, 40039154.00 ns, 10.1881 us/op
WorkloadActual   4: 3930 op, 38904900.00 ns, 9.8995 us/op
WorkloadActual   5: 3930 op, 38470715.00 ns, 9.7890 us/op
WorkloadActual   6: 3930 op, 38633666.00 ns, 9.8304 us/op

// AfterActualRun
WorkloadResult   1: 3930 op, 39282630.00 ns, 9.9956 us/op
WorkloadResult   2: 3930 op, 39145025.00 ns, 9.9606 us/op
WorkloadResult   3: 3930 op, 40039154.00 ns, 10.1881 us/op
WorkloadResult   4: 3930 op, 38904900.00 ns, 9.8995 us/op
WorkloadResult   5: 3930 op, 38470715.00 ns, 9.7890 us/op
WorkloadResult   6: 3930 op, 38633666.00 ns, 9.8304 us/op
// GC:  1 0 0 19272720 3930
// Threading:  0 0 3930

// AfterAll
// Benchmark Process 19140 has exited with code 0.

Mean = 9.944 us, StdErr = 0.058 us (0.58%), N = 6, StdDev = 0.142 us
Min = 9.789 us, Q1 = 9.848 us, Median = 9.930 us, Q3 = 9.987 us, Max = 10.188 us
IQR = 0.139 us, LowerFence = 9.639 us, UpperFence = 10.196 us
ConfidenceInterval = [9.544 us; 10.343 us] (CI 99.9%), Margin = 0.399 us (4.02% of Mean)
Skewness = 0.55, Kurtosis = 1.75, MValue = 2

// ** Remained 49 (32.9 %) benchmark(s) to run. Estimated finish 2026-10-04 8:26 (0h 0m from now) **
// **************************
// Benchmark: CodecSuite.Run: campaign(EvaluateOverhead=False, Clock=Armonik.Ffi.Bdn.CpuClock, IterationCount=6, IterationTime=40ms, LaunchCount=1, RunStrategy=Throughput, WarmupCount=4) [Case=incum(...)fault [45]]
// *** Execute ***
// Launch: 1 / 1
// Execute: dotnet BenchDotNet-campaign-1.dll --anonymousPipes 123 124 --benchmarkName "Armonik.Ffi.Bdn.CodecSuite.Run(Case: \"incumbent-prod|decode-read|P5.3|ascii|default\")" --job campaign --benchmarkId 100 in /home/user/ArmoniK.Api/ffi/poc/csharp/src/BenchDotNet/bin/Release/net8.0/BenchDotNet-campaign-1/bin/Release/net8.0
// BeforeAnythingElse

// Benchmark Process Environment Information:
// BenchmarkDotNet v0.15.8
// Runtime=.NET 8.0.31 (8.0.31, 8.0.3126.42015), X64 RyuJIT x86-64-v4
// GC=Concurrent Workstation
// HardwareIntrinsics=AVX512 F+BW+CD+DQ+VL,AVX2+BMI1+BMI2+F16C+FMA+LZCNT+MOVBE,AVX,SSE3+SSSE3+SSE4.1+SSE4.2+POPCNT,X86Base+SSE+SSE2,AES+PCLMUL VectorSize=256
// Job: campaign(EvaluateOverhead=False, Clock=Armonik.Ffi.Bdn.CpuClock, IterationCount=6, IterationTime=40ms, LaunchCount=1, RunStrategy=Throughput, WarmupCount=4)

OverheadJitting  1: 1 op, 272337.00 ns, 272.3370 us/op
WorkloadJitting  1: 1 op, 4920011.00 ns, 4.9200 ms/op

WorkloadPilot    1: 4 op, 1841387.00 ns, 460.3468 us/op
WorkloadPilot    2: 87 op, 26475600.00 ns, 304.3172 us/op
WorkloadPilot    3: 131 op, 39270849.00 ns, 299.7775 us/op
WorkloadPilot    4: 133 op, 31591208.00 ns, 237.5279 us/op
WorkloadPilot    5: 168 op, 53013299.00 ns, 315.5554 us/op
WorkloadPilot    6: 127 op, 32689741.00 ns, 257.3995 us/op
WorkloadPilot    7: 155 op, 47805829.00 ns, 308.4247 us/op
WorkloadPilot    8: 130 op, 31596577.00 ns, 243.0506 us/op
WorkloadPilot    9: 165 op, 49951181.00 ns, 302.7344 us/op

WorkloadWarmup   1: 165 op, 47244272.00 ns, 286.3289 us/op
WorkloadWarmup   2: 165 op, 46510154.00 ns, 281.8797 us/op
WorkloadWarmup   3: 165 op, 45038066.00 ns, 272.9580 us/op
WorkloadWarmup   4: 165 op, 61197784.00 ns, 370.8957 us/op

// BeforeActualRun
WorkloadActual   1: 165 op, 52142469.00 ns, 316.0150 us/op
WorkloadActual   2: 165 op, 37132299.00 ns, 225.0442 us/op
WorkloadActual   3: 165 op, 42534646.00 ns, 257.7857 us/op
WorkloadActual   4: 165 op, 42401301.00 ns, 256.9776 us/op
WorkloadActual   5: 165 op, 48037503.00 ns, 291.1364 us/op
WorkloadActual   6: 165 op, 43759633.00 ns, 265.2099 us/op

// AfterActualRun
WorkloadResult   1: 165 op, 52142469.00 ns, 316.0150 us/op
WorkloadResult   2: 165 op, 37132299.00 ns, 225.0442 us/op
WorkloadResult   3: 165 op, 42534646.00 ns, 257.7857 us/op
WorkloadResult   4: 165 op, 42401301.00 ns, 256.9776 us/op
WorkloadResult   5: 165 op, 48037503.00 ns, 291.1364 us/op
WorkloadResult   6: 165 op, 43759633.00 ns, 265.2099 us/op
// GC:  8 8 8 173103032 165
// Threading:  0 0 165

// AfterAll
// Benchmark Process 19149 has exited with code 0.

Mean = 268.695 us, StdErr = 12.802 us (4.76%), N = 6, StdDev = 31.358 us
Min = 225.044 us, Q1 = 257.180 us, Median = 261.498 us, Q3 = 284.655 us, Max = 316.015 us
IQR = 27.475 us, LowerFence = 215.967 us, UpperFence = 325.867 us
ConfidenceInterval = [180.761 us; 356.629 us] (CI 99.9%), Margin = 87.934 us (32.73% of Mean)
Skewness = 0.17, Kurtosis = 1.54, MValue = 2

// ** Remained 48 (32.2 %) benchmark(s) to run. Estimated finish 2026-10-04 8:26 (0h 0m from now) **
// **************************
// Benchmark: CodecSuite.Run: campaign(EvaluateOverhead=False, Clock=Armonik.Ffi.Bdn.CpuClock, IterationCount=6, IterationTime=40ms, LaunchCount=1, RunStrategy=Throughput, WarmupCount=4) [Case=core-(...)etain [38]]
// *** Execute ***
// Launch: 1 / 1
// Execute: dotnet BenchDotNet-campaign-1.dll --anonymousPipes 123 124 --benchmarkName "Armonik.Ffi.Bdn.CodecSuite.Run(Case: \"core-ffi|decode-read|P6.1|ascii|retain\")" --job campaign --benchmarkId 101 in /home/user/ArmoniK.Api/ffi/poc/csharp/src/BenchDotNet/bin/Release/net8.0/BenchDotNet-campaign-1/bin/Release/net8.0
// BeforeAnythingElse

// Benchmark Process Environment Information:
// BenchmarkDotNet v0.15.8
// Runtime=.NET 8.0.31 (8.0.31, 8.0.3126.42015), X64 RyuJIT x86-64-v4
// GC=Concurrent Workstation
// HardwareIntrinsics=AVX512 F+BW+CD+DQ+VL,AVX2+BMI1+BMI2+F16C+FMA+LZCNT+MOVBE,AVX,SSE3+SSSE3+SSE4.1+SSE4.2+POPCNT,X86Base+SSE+SSE2,AES+PCLMUL VectorSize=256
// Job: campaign(EvaluateOverhead=False, Clock=Armonik.Ffi.Bdn.CpuClock, IterationCount=6, IterationTime=40ms, LaunchCount=1, RunStrategy=Throughput, WarmupCount=4)

OverheadJitting  1: 1 op, 244301.00 ns, 244.3010 us/op
WorkloadJitting  1: 1 op, 8275373.00 ns, 8.2754 ms/op

WorkloadPilot    1: 4 op, 3455249.00 ns, 863.8123 us/op
WorkloadPilot    2: 46 op, 42673050.00 ns, 927.6750 us/op
WorkloadPilot    3: 43 op, 31182807.00 ns, 725.1816 us/op
WorkloadPilot    4: 55 op, 37847985.00 ns, 688.1452 us/op
WorkloadPilot    5: 58 op, 39745574.00 ns, 685.2685 us/op

WorkloadWarmup   1: 58 op, 42010219.00 ns, 724.3141 us/op
WorkloadWarmup   2: 58 op, 40174732.00 ns, 692.6678 us/op
WorkloadWarmup   3: 58 op, 39681214.00 ns, 684.1589 us/op
WorkloadWarmup   4: 58 op, 40471481.00 ns, 697.7842 us/op

// BeforeActualRun
WorkloadActual   1: 58 op, 40854117.00 ns, 704.3813 us/op
WorkloadActual   2: 58 op, 40731003.00 ns, 702.2587 us/op
WorkloadActual   3: 58 op, 40484605.00 ns, 698.0104 us/op
WorkloadActual   4: 58 op, 39646789.00 ns, 683.5653 us/op
WorkloadActual   5: 58 op, 39921310.00 ns, 688.2984 us/op
WorkloadActual   6: 58 op, 39470529.00 ns, 680.5264 us/op

// AfterActualRun
WorkloadResult   1: 58 op, 40854117.00 ns, 704.3813 us/op
WorkloadResult   2: 58 op, 40731003.00 ns, 702.2587 us/op
WorkloadResult   3: 58 op, 40484605.00 ns, 698.0104 us/op
WorkloadResult   4: 58 op, 39646789.00 ns, 683.5653 us/op
WorkloadResult   5: 58 op, 39921310.00 ns, 688.2984 us/op
WorkloadResult   6: 58 op, 39470529.00 ns, 680.5264 us/op
// GC:  1 0 0 27068368 58
// Threading:  0 0 58

// AfterAll
// Benchmark Process 19159 has exited with code 0.

Mean = 692.840 us, StdErr = 4.111 us (0.59%), N = 6, StdDev = 10.069 us
Min = 680.526 us, Q1 = 684.749 us, Median = 693.154 us, Q3 = 701.197 us, Max = 704.381 us
IQR = 16.448 us, LowerFence = 660.077 us, UpperFence = 725.869 us
ConfidenceInterval = [664.605 us; 721.075 us] (CI 99.9%), Margin = 28.235 us (4.08% of Mean)
Skewness = -0.04, Kurtosis = 0.93, MValue = 2

// ** Remained 47 (31.5 %) benchmark(s) to run. Estimated finish 2026-10-04 8:26 (0h 0m from now) **
// **************************
// Benchmark: CodecSuite.Run: campaign(EvaluateOverhead=False, Clock=Armonik.Ffi.Bdn.CpuClock, IterationCount=6, IterationTime=40ms, LaunchCount=1, RunStrategy=Throughput, WarmupCount=4) [Case=host-(...)etain [76]]
// *** Execute ***
// Launch: 1 / 1
// Execute: dotnet BenchDotNet-campaign-1.dll --anonymousPipes 123 124 --benchmarkName "Armonik.Ffi.Bdn.CodecSuite.Run(Case: \"host-gen|decode-read|U-wire-ListMetricsResponse-batches-as-wt0|corpus|retain\")" --job campaign --benchmarkId 102 in /home/user/ArmoniK.Api/ffi/poc/csharp/src/BenchDotNet/bin/Release/net8.0/BenchDotNet-campaign-1/bin/Release/net8.0
// BeforeAnythingElse

// Benchmark Process Environment Information:
// BenchmarkDotNet v0.15.8
// Runtime=.NET 8.0.31 (8.0.31, 8.0.3126.42015), X64 RyuJIT x86-64-v4
// GC=Concurrent Workstation
// HardwareIntrinsics=AVX512 F+BW+CD+DQ+VL,AVX2+BMI1+BMI2+F16C+FMA+LZCNT+MOVBE,AVX,SSE3+SSSE3+SSE4.1+SSE4.2+POPCNT,X86Base+SSE+SSE2,AES+PCLMUL VectorSize=256
// Job: campaign(EvaluateOverhead=False, Clock=Armonik.Ffi.Bdn.CpuClock, IterationCount=6, IterationTime=40ms, LaunchCount=1, RunStrategy=Throughput, WarmupCount=4)

OverheadJitting  1: 1 op, 241103.00 ns, 241.1030 us/op
WorkloadJitting  1: 1 op, 5600040.00 ns, 5.6000 ms/op

WorkloadPilot    1: 4 op, 84640.00 ns, 21.1600 us/op
WorkloadPilot    2: 1890 op, 35479079.00 ns, 18.7720 us/op
WorkloadPilot    3: 2131 op, 34412806.00 ns, 16.1487 us/op
WorkloadPilot    4: 2477 op, 40899047.00 ns, 16.5115 us/op
WorkloadPilot    5: 2423 op, 36118046.00 ns, 14.9063 us/op
WorkloadPilot    6: 2683 op, 41561724.00 ns, 15.4908 us/op
WorkloadPilot    7: 2582 op, 37559205.00 ns, 14.5466 us/op
WorkloadPilot    8: 2750 op, 42643999.00 ns, 15.5069 us/op

WorkloadWarmup   1: 2750 op, 40065984.00 ns, 14.5694 us/op
WorkloadWarmup   2: 2750 op, 40336574.00 ns, 14.6678 us/op
WorkloadWarmup   3: 2750 op, 41152386.00 ns, 14.9645 us/op
WorkloadWarmup   4: 2750 op, 42744187.00 ns, 15.5433 us/op

// BeforeActualRun
WorkloadActual   1: 2750 op, 40797992.00 ns, 14.8356 us/op
WorkloadActual   2: 2750 op, 40203732.00 ns, 14.6195 us/op
WorkloadActual   3: 2750 op, 42452356.00 ns, 15.4372 us/op
WorkloadActual   4: 2750 op, 45451633.00 ns, 16.5279 us/op
WorkloadActual   5: 2750 op, 40525488.00 ns, 14.7365 us/op
WorkloadActual   6: 2750 op, 50985836.00 ns, 18.5403 us/op

// AfterActualRun
WorkloadResult   1: 2750 op, 40797992.00 ns, 14.8356 us/op
WorkloadResult   2: 2750 op, 40203732.00 ns, 14.6195 us/op
WorkloadResult   3: 2750 op, 42452356.00 ns, 15.4372 us/op
WorkloadResult   4: 2750 op, 45451633.00 ns, 16.5279 us/op
WorkloadResult   5: 2750 op, 40525488.00 ns, 14.7365 us/op
// GC:  0 0 0 13134000 2750
// Threading:  0 0 2750

// AfterAll
// Benchmark Process 19170 has exited with code 0.

Mean = 15.231 us, StdErr = 0.353 us (2.32%), N = 5, StdDev = 0.790 us
Min = 14.620 us, Q1 = 14.737 us, Median = 14.836 us, Q3 = 15.437 us, Max = 16.528 us
IQR = 0.701 us, LowerFence = 13.686 us, UpperFence = 16.488 us
ConfidenceInterval = [12.188 us; 18.275 us] (CI 99.9%), Margin = 3.044 us (19.98% of Mean)
Skewness = 0.72, Kurtosis = 1.56, MValue = 2

// ** Remained 46 (30.9 %) benchmark(s) to run. Estimated finish 2026-10-04 8:26 (0h 0m from now) **
// **************************
// Benchmark: CodecSuite.Run: campaign(EvaluateOverhead=False, Clock=Armonik.Ffi.Bdn.CpuClock, IterationCount=6, IterationTime=40ms, LaunchCount=1, RunStrategy=Throughput, WarmupCount=4) [Case=host-(...)etain [38]]
// *** Execute ***
// Launch: 1 / 1
// Execute: dotnet BenchDotNet-campaign-1.dll --anonymousPipes 123 124 --benchmarkName "Armonik.Ffi.Bdn.CodecSuite.Run(Case: \"host-gen|decode-read|P1.2|ascii|retain\")" --job campaign --benchmarkId 103 in /home/user/ArmoniK.Api/ffi/poc/csharp/src/BenchDotNet/bin/Release/net8.0/BenchDotNet-campaign-1/bin/Release/net8.0
// BeforeAnythingElse

// Benchmark Process Environment Information:
// BenchmarkDotNet v0.15.8
// Runtime=.NET 8.0.31 (8.0.31, 8.0.3126.42015), X64 RyuJIT x86-64-v4
// GC=Concurrent Workstation
// HardwareIntrinsics=AVX512 F+BW+CD+DQ+VL,AVX2+BMI1+BMI2+F16C+FMA+LZCNT+MOVBE,AVX,SSE3+SSSE3+SSE4.1+SSE4.2+POPCNT,X86Base+SSE+SSE2,AES+PCLMUL VectorSize=256
// Job: campaign(EvaluateOverhead=False, Clock=Armonik.Ffi.Bdn.CpuClock, IterationCount=6, IterationTime=40ms, LaunchCount=1, RunStrategy=Throughput, WarmupCount=4)

OverheadJitting  1: 1 op, 251809.00 ns, 251.8090 us/op
WorkloadJitting  1: 1 op, 4424847.00 ns, 4.4248 ms/op

WorkloadPilot    1: 4 op, 4627755.00 ns, 1.1569 ms/op
WorkloadPilot    2: 35 op, 53865270.00 ns, 1.5390 ms/op
WorkloadPilot    3: 26 op, 29808395.00 ns, 1.1465 ms/op
WorkloadPilot    4: 35 op, 37405845.00 ns, 1.0687 ms/op
WorkloadPilot    5: 37 op, 50290099.00 ns, 1.3592 ms/op
WorkloadPilot    6: 29 op, 37916218.00 ns, 1.3075 ms/op
WorkloadPilot    7: 31 op, 42252972.00 ns, 1.3630 ms/op

WorkloadWarmup   1: 31 op, 35430643.00 ns, 1.1429 ms/op
WorkloadWarmup   2: 31 op, 36996536.00 ns, 1.1934 ms/op
WorkloadWarmup   3: 31 op, 32959356.00 ns, 1.0632 ms/op
WorkloadWarmup   4: 31 op, 33144234.00 ns, 1.0692 ms/op

// BeforeActualRun
WorkloadActual   1: 31 op, 33288120.00 ns, 1.0738 ms/op
WorkloadActual   2: 31 op, 33011820.00 ns, 1.0649 ms/op
WorkloadActual   3: 31 op, 33846282.00 ns, 1.0918 ms/op
WorkloadActual   4: 31 op, 32544427.00 ns, 1.0498 ms/op
WorkloadActual   5: 31 op, 47114085.00 ns, 1.5198 ms/op
WorkloadActual   6: 31 op, 38949763.00 ns, 1.2564 ms/op

// AfterActualRun
WorkloadResult   1: 31 op, 33288120.00 ns, 1.0738 ms/op
WorkloadResult   2: 31 op, 33011820.00 ns, 1.0649 ms/op
WorkloadResult   3: 31 op, 33846282.00 ns, 1.0918 ms/op
WorkloadResult   4: 31 op, 32544427.00 ns, 1.0498 ms/op
WorkloadResult   5: 31 op, 38949763.00 ns, 1.2564 ms/op
// GC:  1 0 0 20645504 31
// Threading:  0 0 31

// AfterAll
// Benchmark Process 19215 has exited with code 0.

Mean = 1.107 ms, StdErr = 0.038 ms (3.42%), N = 5, StdDev = 0.085 ms
Min = 1.050 ms, Q1 = 1.065 ms, Median = 1.074 ms, Q3 = 1.092 ms, Max = 1.256 ms
IQR = 0.027 ms, LowerFence = 1.025 ms, UpperFence = 1.132 ms
ConfidenceInterval = [0.781 ms; 1.434 ms] (CI 99.9%), Margin = 0.326 ms (29.46% of Mean)
Skewness = 0.99, Kurtosis = 1.98, MValue = 2

// ** Remained 45 (30.2 %) benchmark(s) to run. Estimated finish 2026-10-04 8:26 (0h 0m from now) **
// **************************
// Benchmark: CodecSuite.Run: campaign(EvaluateOverhead=False, Clock=Armonik.Ffi.Bdn.CpuClock, IterationCount=6, IterationTime=40ms, LaunchCount=1, RunStrategy=Throughput, WarmupCount=4) [Case=incum(...)fault [54]]
// *** Execute ***
// Launch: 1 / 1
// Execute: dotnet BenchDotNet-campaign-1.dll --anonymousPipes 123 124 --benchmarkName "Armonik.Ffi.Bdn.CodecSuite.Run(Case: \"incumbent-prod|encode-transport-hot|P1.2|ascii|default\")" --job campaign --benchmarkId 104 in /home/user/ArmoniK.Api/ffi/poc/csharp/src/BenchDotNet/bin/Release/net8.0/BenchDotNet-campaign-1/bin/Release/net8.0
// BeforeAnythingElse

// Benchmark Process Environment Information:
// BenchmarkDotNet v0.15.8
// Runtime=.NET 8.0.31 (8.0.31, 8.0.3126.42015), X64 RyuJIT x86-64-v4
// GC=Concurrent Workstation
// HardwareIntrinsics=AVX512 F+BW+CD+DQ+VL,AVX2+BMI1+BMI2+F16C+FMA+LZCNT+MOVBE,AVX,SSE3+SSSE3+SSE4.1+SSE4.2+POPCNT,X86Base+SSE+SSE2,AES+PCLMUL VectorSize=256
// Job: campaign(EvaluateOverhead=False, Clock=Armonik.Ffi.Bdn.CpuClock, IterationCount=6, IterationTime=40ms, LaunchCount=1, RunStrategy=Throughput, WarmupCount=4)

OverheadJitting  1: 1 op, 280521.00 ns, 280.5210 us/op
WorkloadJitting  1: 1 op, 5869586.00 ns, 5.8696 ms/op

WorkloadPilot    1: 4 op, 6322292.00 ns, 1.5806 ms/op
WorkloadPilot    2: 25 op, 37717439.00 ns, 1.5087 ms/op
WorkloadPilot    3: 27 op, 37845275.00 ns, 1.4017 ms/op
WorkloadPilot    4: 29 op, 41314453.00 ns, 1.4246 ms/op

WorkloadWarmup   1: 29 op, 43810580.00 ns, 1.5107 ms/op
WorkloadWarmup   2: 29 op, 41043840.00 ns, 1.4153 ms/op
WorkloadWarmup   3: 29 op, 47830011.00 ns, 1.6493 ms/op
WorkloadWarmup   4: 29 op, 41415764.00 ns, 1.4281 ms/op

// BeforeActualRun
WorkloadActual   1: 29 op, 41248816.00 ns, 1.4224 ms/op
WorkloadActual   2: 29 op, 41614555.00 ns, 1.4350 ms/op
WorkloadActual   3: 29 op, 41561544.00 ns, 1.4332 ms/op
WorkloadActual   4: 29 op, 51472760.00 ns, 1.7749 ms/op
WorkloadActual   5: 29 op, 40191833.00 ns, 1.3859 ms/op
WorkloadActual   6: 29 op, 40147230.00 ns, 1.3844 ms/op

// AfterActualRun
WorkloadResult   1: 29 op, 41248816.00 ns, 1.4224 ms/op
WorkloadResult   2: 29 op, 41614555.00 ns, 1.4350 ms/op
WorkloadResult   3: 29 op, 41561544.00 ns, 1.4332 ms/op
WorkloadResult   4: 29 op, 40191833.00 ns, 1.3859 ms/op
WorkloadResult   5: 29 op, 40147230.00 ns, 1.3844 ms/op
// GC:  0 0 0 0 29
// Threading:  0 0 29

// AfterAll
// Benchmark Process 19226 has exited with code 0.

Mean = 1.412 ms, StdErr = 0.011 ms (0.80%), N = 5, StdDev = 0.025 ms
Min = 1.384 ms, Q1 = 1.386 ms, Median = 1.422 ms, Q3 = 1.433 ms, Max = 1.435 ms
IQR = 0.047 ms, LowerFence = 1.315 ms, UpperFence = 1.504 ms
ConfidenceInterval = [1.315 ms; 1.509 ms] (CI 99.9%), Margin = 0.097 ms (6.85% of Mean)
Skewness = -0.22, Kurtosis = 0.78, MValue = 2

// ** Remained 44 (29.5 %) benchmark(s) to run. Estimated finish 2026-10-04 8:26 (0h 0m from now) **
// **************************
// Benchmark: CodecSuite.Run: campaign(EvaluateOverhead=False, Clock=Armonik.Ffi.Bdn.CpuClock, IterationCount=6, IterationTime=40ms, LaunchCount=1, RunStrategy=Throughput, WarmupCount=4) [Case=incum(...)fault [45]]
// *** Execute ***
// Launch: 1 / 1
// Execute: dotnet BenchDotNet-campaign-1.dll --anonymousPipes 123 124 --benchmarkName "Armonik.Ffi.Bdn.CodecSuite.Run(Case: \"incumbent-prod|decode-read|P5.4|ascii|default\")" --job campaign --benchmarkId 105 in /home/user/ArmoniK.Api/ffi/poc/csharp/src/BenchDotNet/bin/Release/net8.0/BenchDotNet-campaign-1/bin/Release/net8.0
// BeforeAnythingElse

// Benchmark Process Environment Information:
// BenchmarkDotNet v0.15.8
// Runtime=.NET 8.0.31 (8.0.31, 8.0.3126.42015), X64 RyuJIT x86-64-v4
// GC=Concurrent Workstation
// HardwareIntrinsics=AVX512 F+BW+CD+DQ+VL,AVX2+BMI1+BMI2+F16C+FMA+LZCNT+MOVBE,AVX,SSE3+SSSE3+SSE4.1+SSE4.2+POPCNT,X86Base+SSE+SSE2,AES+PCLMUL VectorSize=256
// Job: campaign(EvaluateOverhead=False, Clock=Armonik.Ffi.Bdn.CpuClock, IterationCount=6, IterationTime=40ms, LaunchCount=1, RunStrategy=Throughput, WarmupCount=4)

OverheadJitting  1: 1 op, 287902.00 ns, 287.9020 us/op
WorkloadJitting  1: 1 op, 5903357.00 ns, 5.9034 ms/op

WorkloadPilot    1: 4 op, 7908581.00 ns, 1.9771 ms/op
WorkloadPilot    2: 20 op, 41695590.00 ns, 2.0848 ms/op

WorkloadWarmup   1: 20 op, 20127909.00 ns, 1.0064 ms/op
WorkloadWarmup   2: 20 op, 19825241.00 ns, 991.2621 us/op
WorkloadWarmup   3: 20 op, 19696744.00 ns, 984.8372 us/op
WorkloadWarmup   4: 20 op, 19784051.00 ns, 989.2026 us/op

// BeforeActualRun
WorkloadActual   1: 20 op, 19277584.00 ns, 963.8792 us/op
WorkloadActual   2: 20 op, 19848193.00 ns, 992.4097 us/op
WorkloadActual   3: 20 op, 19037937.00 ns, 951.8969 us/op
WorkloadActual   4: 20 op, 18878340.00 ns, 943.9170 us/op
WorkloadActual   5: 20 op, 19233044.00 ns, 961.6522 us/op
WorkloadActual   6: 20 op, 18829937.00 ns, 941.4969 us/op

// AfterActualRun
WorkloadResult   1: 20 op, 19277584.00 ns, 963.8792 us/op
WorkloadResult   2: 20 op, 19037937.00 ns, 951.8969 us/op
WorkloadResult   3: 20 op, 18878340.00 ns, 943.9170 us/op
WorkloadResult   4: 20 op, 19233044.00 ns, 961.6522 us/op
WorkloadResult   5: 20 op, 18829937.00 ns, 941.4969 us/op
// GC:  1 1 1 83892976 20
// Threading:  0 0 20

// AfterAll
// Benchmark Process 19235 has exited with code 0.

Mean = 952.568 us, StdErr = 4.518 us (0.47%), N = 5, StdDev = 10.104 us
Min = 941.497 us, Q1 = 943.917 us, Median = 951.897 us, Q3 = 961.652 us, Max = 963.879 us
IQR = 17.735 us, LowerFence = 917.314 us, UpperFence = 988.255 us
ConfidenceInterval = [913.663 us; 991.474 us] (CI 99.9%), Margin = 38.905 us (4.08% of Mean)
Skewness = 0.04, Kurtosis = 0.84, MValue = 2

// ** Remained 43 (28.9 %) benchmark(s) to run. Estimated finish 2026-10-04 8:26 (0h 0m from now) **
// **************************
// Benchmark: CodecSuite.Run: campaign(EvaluateOverhead=False, Clock=Armonik.Ffi.Bdn.CpuClock, IterationCount=6, IterationTime=40ms, LaunchCount=1, RunStrategy=Throughput, WarmupCount=4) [Case=host-(...)etain [47]]
// *** Execute ***
// Launch: 1 / 1
// Execute: dotnet BenchDotNet-campaign-1.dll --anonymousPipes 123 124 --benchmarkName "Armonik.Ffi.Bdn.CodecSuite.Run(Case: \"host-gen|encode-transport-hot|P2.1|ascii|retain\")" --job campaign --benchmarkId 106 in /home/user/ArmoniK.Api/ffi/poc/csharp/src/BenchDotNet/bin/Release/net8.0/BenchDotNet-campaign-1/bin/Release/net8.0
// BeforeAnythingElse

// Benchmark Process Environment Information:
// BenchmarkDotNet v0.15.8
// Runtime=.NET 8.0.31 (8.0.31, 8.0.3126.42015), X64 RyuJIT x86-64-v4
// GC=Concurrent Workstation
// HardwareIntrinsics=AVX512 F+BW+CD+DQ+VL,AVX2+BMI1+BMI2+F16C+FMA+LZCNT+MOVBE,AVX,SSE3+SSSE3+SSE4.1+SSE4.2+POPCNT,X86Base+SSE+SSE2,AES+PCLMUL VectorSize=256
// Job: campaign(EvaluateOverhead=False, Clock=Armonik.Ffi.Bdn.CpuClock, IterationCount=6, IterationTime=40ms, LaunchCount=1, RunStrategy=Throughput, WarmupCount=4)

OverheadJitting  1: 1 op, 264702.00 ns, 264.7020 us/op
WorkloadJitting  1: 1 op, 7572449.00 ns, 7.5724 ms/op

WorkloadPilot    1: 4 op, 115158.00 ns, 28.7895 us/op
WorkloadPilot    2: 1389 op, 8569324.00 ns, 6.1694 us/op
WorkloadPilot    3: 6484 op, 38635513.00 ns, 5.9586 us/op
WorkloadPilot    4: 6713 op, 40240604.00 ns, 5.9944 us/op
WorkloadPilot    5: 6673 op, 32941727.00 ns, 4.9366 us/op
WorkloadPilot    6: 8103 op, 40012569.00 ns, 4.9380 us/op
WorkloadPilot    7: 8100 op, 39411789.00 ns, 4.8657 us/op
WorkloadPilot    8: 8221 op, 39055323.00 ns, 4.7507 us/op
WorkloadPilot    9: 8420 op, 39960338.00 ns, 4.7459 us/op
WorkloadPilot   10: 8428 op, 39862329.00 ns, 4.7297 us/op
WorkloadPilot   11: 8457 op, 39690511.00 ns, 4.6932 us/op
WorkloadPilot   12: 8523 op, 39959031.00 ns, 4.6884 us/op
WorkloadPilot   13: 8532 op, 40005638.00 ns, 4.6889 us/op

WorkloadWarmup   1: 8532 op, 39771318.00 ns, 4.6614 us/op
WorkloadWarmup   2: 8532 op, 39848104.00 ns, 4.6704 us/op
WorkloadWarmup   3: 8532 op, 39776187.00 ns, 4.6620 us/op
WorkloadWarmup   4: 8532 op, 39830872.00 ns, 4.6684 us/op

// BeforeActualRun
WorkloadActual   1: 8532 op, 39736810.00 ns, 4.6574 us/op
WorkloadActual   2: 8532 op, 39598413.00 ns, 4.6412 us/op
WorkloadActual   3: 8532 op, 39672881.00 ns, 4.6499 us/op
WorkloadActual   4: 8532 op, 39722397.00 ns, 4.6557 us/op
WorkloadActual   5: 8532 op, 39606437.00 ns, 4.6421 us/op
WorkloadActual   6: 8532 op, 39612204.00 ns, 4.6428 us/op

// AfterActualRun
WorkloadResult   1: 8532 op, 39736810.00 ns, 4.6574 us/op
WorkloadResult   2: 8532 op, 39598413.00 ns, 4.6412 us/op
WorkloadResult   3: 8532 op, 39672881.00 ns, 4.6499 us/op
WorkloadResult   4: 8532 op, 39722397.00 ns, 4.6557 us/op
WorkloadResult   5: 8532 op, 39606437.00 ns, 4.6421 us/op
WorkloadResult   6: 8532 op, 39612204.00 ns, 4.6428 us/op
// GC:  0 0 0 1092096 8532
// Threading:  0 0 8532

// AfterAll
// Benchmark Process 19246 has exited with code 0.

Mean = 4.648 us, StdErr = 0.003 us (0.06%), N = 6, StdDev = 0.007 us
Min = 4.641 us, Q1 = 4.642 us, Median = 4.646 us, Q3 = 4.654 us, Max = 4.657 us
IQR = 0.012 us, LowerFence = 4.624 us, UpperFence = 4.672 us
ConfidenceInterval = [4.628 us; 4.668 us] (CI 99.9%), Margin = 0.020 us (0.43% of Mean)
Skewness = 0.22, Kurtosis = 0.93, MValue = 2

// ** Remained 42 (28.2 %) benchmark(s) to run. Estimated finish 2026-10-04 8:26 (0h 0m from now) **
// **************************
// Benchmark: CodecSuite.Run: campaign(EvaluateOverhead=False, Clock=Armonik.Ffi.Bdn.CpuClock, IterationCount=6, IterationTime=40ms, LaunchCount=1, RunStrategy=Throughput, WarmupCount=4) [Case=core-(...)etain [47]]
// *** Execute ***
// Launch: 1 / 1
// Execute: dotnet BenchDotNet-campaign-1.dll --anonymousPipes 123 124 --benchmarkName "Armonik.Ffi.Bdn.CodecSuite.Run(Case: \"core-ffi|encode-transport-hot|P2.1|ascii|retain\")" --job campaign --benchmarkId 107 in /home/user/ArmoniK.Api/ffi/poc/csharp/src/BenchDotNet/bin/Release/net8.0/BenchDotNet-campaign-1/bin/Release/net8.0
// BeforeAnythingElse

// Benchmark Process Environment Information:
// BenchmarkDotNet v0.15.8
// Runtime=.NET 8.0.31 (8.0.31, 8.0.3126.42015), X64 RyuJIT x86-64-v4
// GC=Concurrent Workstation
// HardwareIntrinsics=AVX512 F+BW+CD+DQ+VL,AVX2+BMI1+BMI2+F16C+FMA+LZCNT+MOVBE,AVX,SSE3+SSSE3+SSE4.1+SSE4.2+POPCNT,X86Base+SSE+SSE2,AES+PCLMUL VectorSize=256
// Job: campaign(EvaluateOverhead=False, Clock=Armonik.Ffi.Bdn.CpuClock, IterationCount=6, IterationTime=40ms, LaunchCount=1, RunStrategy=Throughput, WarmupCount=4)

OverheadJitting  1: 1 op, 273162.00 ns, 273.1620 us/op
WorkloadJitting  1: 1 op, 8220349.00 ns, 8.2203 ms/op

WorkloadPilot    1: 4 op, 61417.00 ns, 15.3543 us/op
WorkloadPilot    2: 2605 op, 6636662.00 ns, 2.5477 us/op
WorkloadPilot    3: 15701 op, 41777994.00 ns, 2.6608 us/op
WorkloadPilot    4: 15033 op, 41321074.00 ns, 2.7487 us/op
WorkloadPilot    5: 14552 op, 39425872.00 ns, 2.7093 us/op
WorkloadPilot    6: 14764 op, 37963495.00 ns, 2.5714 us/op
WorkloadPilot    7: 15556 op, 40513445.00 ns, 2.6044 us/op

WorkloadWarmup   1: 15556 op, 39677872.00 ns, 2.5506 us/op
WorkloadWarmup   2: 15556 op, 39826012.00 ns, 2.5602 us/op
WorkloadWarmup   3: 15556 op, 39895752.00 ns, 2.5647 us/op
WorkloadWarmup   4: 15556 op, 39749172.00 ns, 2.5552 us/op

// BeforeActualRun
WorkloadActual   1: 15556 op, 39596005.00 ns, 2.5454 us/op
WorkloadActual   2: 15556 op, 39476416.00 ns, 2.5377 us/op
WorkloadActual   3: 15556 op, 39598449.00 ns, 2.5455 us/op
WorkloadActual   4: 15556 op, 41621150.00 ns, 2.6756 us/op
WorkloadActual   5: 15556 op, 41693708.00 ns, 2.6802 us/op
WorkloadActual   6: 15556 op, 39819681.00 ns, 2.5598 us/op

// AfterActualRun
WorkloadResult   1: 15556 op, 39596005.00 ns, 2.5454 us/op
WorkloadResult   2: 15556 op, 39476416.00 ns, 2.5377 us/op
WorkloadResult   3: 15556 op, 39598449.00 ns, 2.5455 us/op
WorkloadResult   4: 15556 op, 41621150.00 ns, 2.6756 us/op
WorkloadResult   5: 15556 op, 41693708.00 ns, 2.6802 us/op
WorkloadResult   6: 15556 op, 39819681.00 ns, 2.5598 us/op
// GC:  0 0 0 0 15556
// Threading:  0 0 15556

// AfterAll
// Benchmark Process 19258 has exited with code 0.

Mean = 2.591 us, StdErr = 0.028 us (1.07%), N = 6, StdDev = 0.068 us
Min = 2.538 us, Q1 = 2.545 us, Median = 2.553 us, Q3 = 2.647 us, Max = 2.680 us
IQR = 0.101 us, LowerFence = 2.394 us, UpperFence = 2.798 us
ConfidenceInterval = [2.400 us; 2.781 us] (CI 99.9%), Margin = 0.191 us (7.35% of Mean)
Skewness = 0.51, Kurtosis = 1.04, MValue = 2

// ** Remained 41 (27.5 %) benchmark(s) to run. Estimated finish 2026-10-04 8:26 (0h 0m from now) **
// **************************
// Benchmark: CodecSuite.Run: campaign(EvaluateOverhead=False, Clock=Armonik.Ffi.Bdn.CpuClock, IterationCount=6, IterationTime=40ms, LaunchCount=1, RunStrategy=Throughput, WarmupCount=4) [Case=incum(...)fault [59]]
// *** Execute ***
// Launch: 1 / 1
// Execute: dotnet BenchDotNet-campaign-1.dll --anonymousPipes 123 124 --benchmarkName "Armonik.Ffi.Bdn.CodecSuite.Run(Case: \"incumbent-prod|decode-read|U-deep-u-repeated|corpus|default\")" --job campaign --benchmarkId 108 in /home/user/ArmoniK.Api/ffi/poc/csharp/src/BenchDotNet/bin/Release/net8.0/BenchDotNet-campaign-1/bin/Release/net8.0
// BeforeAnythingElse

// Benchmark Process Environment Information:
// BenchmarkDotNet v0.15.8
// Runtime=.NET 8.0.31 (8.0.31, 8.0.3126.42015), X64 RyuJIT x86-64-v4
// GC=Concurrent Workstation
// HardwareIntrinsics=AVX512 F+BW+CD+DQ+VL,AVX2+BMI1+BMI2+F16C+FMA+LZCNT+MOVBE,AVX,SSE3+SSSE3+SSE4.1+SSE4.2+POPCNT,X86Base+SSE+SSE2,AES+PCLMUL VectorSize=256
// Job: campaign(EvaluateOverhead=False, Clock=Armonik.Ffi.Bdn.CpuClock, IterationCount=6, IterationTime=40ms, LaunchCount=1, RunStrategy=Throughput, WarmupCount=4)

OverheadJitting  1: 1 op, 276604.00 ns, 276.6040 us/op
WorkloadJitting  1: 1 op, 18145500.00 ns, 18.1455 ms/op

WorkloadPilot    1: 4 op, 108472.00 ns, 27.1180 us/op
WorkloadPilot    2: 1475 op, 18750188.00 ns, 12.7120 us/op
WorkloadPilot    3: 3147 op, 37843462.00 ns, 12.0253 us/op
WorkloadPilot    4: 3326 op, 62218810.00 ns, 18.7068 us/op
WorkloadPilot    5: 2138 op, 22374169.00 ns, 10.4650 us/op
WorkloadPilot    6: 3822 op, 41773039.00 ns, 10.9296 us/op
WorkloadPilot    7: 3660 op, 38575261.00 ns, 10.5397 us/op
WorkloadPilot    8: 3795 op, 39140446.00 ns, 10.3137 us/op
WorkloadPilot    9: 3878 op, 39840525.00 ns, 10.2735 us/op
WorkloadPilot   10: 3894 op, 41008730.00 ns, 10.5313 us/op

WorkloadWarmup   1: 3894 op, 41841317.00 ns, 10.7451 us/op
WorkloadWarmup   2: 3894 op, 42017924.00 ns, 10.7904 us/op
WorkloadWarmup   3: 3894 op, 40973670.00 ns, 10.5223 us/op
WorkloadWarmup   4: 3894 op, 40573586.00 ns, 10.4195 us/op

// BeforeActualRun
WorkloadActual   1: 3894 op, 41705825.00 ns, 10.7103 us/op
WorkloadActual   2: 3894 op, 39462463.00 ns, 10.1342 us/op
WorkloadActual   3: 3894 op, 38551287.00 ns, 9.9002 us/op
WorkloadActual   4: 3894 op, 39178120.00 ns, 10.0612 us/op
WorkloadActual   5: 3894 op, 38535672.00 ns, 9.8962 us/op
WorkloadActual   6: 3894 op, 38584310.00 ns, 9.9087 us/op

// AfterActualRun
WorkloadResult   1: 3894 op, 39462463.00 ns, 10.1342 us/op
WorkloadResult   2: 3894 op, 38551287.00 ns, 9.9002 us/op
WorkloadResult   3: 3894 op, 39178120.00 ns, 10.0612 us/op
WorkloadResult   4: 3894 op, 38535672.00 ns, 9.8962 us/op
WorkloadResult   5: 3894 op, 38584310.00 ns, 9.9087 us/op
// GC:  1 0 0 19470000 3894
// Threading:  0 0 3894

// AfterAll
// Benchmark Process 19267 has exited with code 0.

Mean = 9.980 us, StdErr = 0.049 us (0.50%), N = 5, StdDev = 0.111 us
Min = 9.896 us, Q1 = 9.900 us, Median = 9.909 us, Q3 = 10.061 us, Max = 10.134 us
IQR = 0.161 us, LowerFence = 9.659 us, UpperFence = 10.303 us
ConfidenceInterval = [9.555 us; 10.406 us] (CI 99.9%), Margin = 0.426 us (4.26% of Mean)
Skewness = 0.4, Kurtosis = 0.97, MValue = 2

// ** Remained 40 (26.8 %) benchmark(s) to run. Estimated finish 2026-10-04 8:26 (0h 0m from now) **
// **************************
// Benchmark: CodecSuite.Run: campaign(EvaluateOverhead=False, Clock=Armonik.Ffi.Bdn.CpuClock, IterationCount=6, IterationTime=40ms, LaunchCount=1, RunStrategy=Throughput, WarmupCount=4) [Case=incum(...)fault [69]]
// *** Execute ***
// Launch: 1 / 1
// Execute: dotnet BenchDotNet-campaign-1.dll --anonymousPipes 123 124 --benchmarkName "Armonik.Ffi.Bdn.CodecSuite.Run(Case: \"incumbent-prod|encode-transport-hot|U-oneof-u-repeated|corpus|default\")" --job campaign --benchmarkId 109 in /home/user/ArmoniK.Api/ffi/poc/csharp/src/BenchDotNet/bin/Release/net8.0/BenchDotNet-campaign-1/bin/Release/net8.0
// BeforeAnythingElse

// Benchmark Process Environment Information:
// BenchmarkDotNet v0.15.8
// Runtime=.NET 8.0.31 (8.0.31, 8.0.3126.42015), X64 RyuJIT x86-64-v4
// GC=Concurrent Workstation
// HardwareIntrinsics=AVX512 F+BW+CD+DQ+VL,AVX2+BMI1+BMI2+F16C+FMA+LZCNT+MOVBE,AVX,SSE3+SSSE3+SSE4.1+SSE4.2+POPCNT,X86Base+SSE+SSE2,AES+PCLMUL VectorSize=256
// Job: campaign(EvaluateOverhead=False, Clock=Armonik.Ffi.Bdn.CpuClock, IterationCount=6, IterationTime=40ms, LaunchCount=1, RunStrategy=Throughput, WarmupCount=4)

OverheadJitting  1: 1 op, 244747.00 ns, 244.7470 us/op
WorkloadJitting  1: 1 op, 8537568.00 ns, 8.5376 ms/op

WorkloadPilot    1: 4 op, 91696.00 ns, 22.9240 us/op
WorkloadPilot    2: 1745 op, 3010608.00 ns, 1.7253 us/op
WorkloadPilot    3: 23185 op, 45262712.00 ns, 1.9522 us/op
WorkloadPilot    4: 20489 op, 38830399.00 ns, 1.8952 us/op
WorkloadPilot    5: 21106 op, 37131483.00 ns, 1.7593 us/op
WorkloadPilot    6: 22737 op, 39199243.00 ns, 1.7240 us/op
WorkloadPilot    7: 23201 op, 39605510.00 ns, 1.7071 us/op
WorkloadPilot    8: 23432 op, 41498798.00 ns, 1.7710 us/op
WorkloadPilot    9: 22586 op, 38660311.00 ns, 1.7117 us/op
WorkloadPilot   10: 23369 op, 39954980.00 ns, 1.7097 us/op
WorkloadPilot   11: 23395 op, 39813639.00 ns, 1.7018 us/op
WorkloadPilot   12: 23505 op, 39595618.00 ns, 1.6846 us/op
WorkloadPilot   13: 23745 op, 39999439.00 ns, 1.6845 us/op

WorkloadWarmup   1: 23745 op, 40894425.00 ns, 1.7222 us/op
WorkloadWarmup   2: 23745 op, 40175726.00 ns, 1.6920 us/op
WorkloadWarmup   3: 23745 op, 58300065.00 ns, 2.4553 us/op
WorkloadWarmup   4: 23745 op, 60139515.00 ns, 2.5327 us/op

// BeforeActualRun
WorkloadActual   1: 23745 op, 47408774.00 ns, 1.9966 us/op
WorkloadActual   2: 23745 op, 40158002.00 ns, 1.6912 us/op
WorkloadActual   3: 23745 op, 43968891.00 ns, 1.8517 us/op
WorkloadActual   4: 23745 op, 40490773.00 ns, 1.7052 us/op
WorkloadActual   5: 23745 op, 40079004.00 ns, 1.6879 us/op
WorkloadActual   6: 23745 op, 40043738.00 ns, 1.6864 us/op

// AfterActualRun
WorkloadResult   1: 23745 op, 47408774.00 ns, 1.9966 us/op
WorkloadResult   2: 23745 op, 40158002.00 ns, 1.6912 us/op
WorkloadResult   3: 23745 op, 43968891.00 ns, 1.8517 us/op
WorkloadResult   4: 23745 op, 40490773.00 ns, 1.7052 us/op
WorkloadResult   5: 23745 op, 40079004.00 ns, 1.6879 us/op
WorkloadResult   6: 23745 op, 40043738.00 ns, 1.6864 us/op
// GC:  0 0 0 3989160 23745
// Threading:  0 0 23745

// AfterAll
// Benchmark Process 19276 has exited with code 0.

Mean = 1.770 us, StdErr = 0.052 us (2.96%), N = 6, StdDev = 0.128 us
Min = 1.686 us, Q1 = 1.689 us, Median = 1.698 us, Q3 = 1.815 us, Max = 1.997 us
IQR = 0.126 us, LowerFence = 1.499 us, UpperFence = 2.005 us
ConfidenceInterval = [1.410 us; 2.129 us] (CI 99.9%), Margin = 0.359 us (20.31% of Mean)
Skewness = 0.82, Kurtosis = 1.75, MValue = 2

// ** Remained 39 (26.2 %) benchmark(s) to run. Estimated finish 2026-10-04 8:26 (0h 0m from now) **
// **************************
// Benchmark: CodecSuite.Run: campaign(EvaluateOverhead=False, Clock=Armonik.Ffi.Bdn.CpuClock, IterationCount=6, IterationTime=40ms, LaunchCount=1, RunStrategy=Throughput, WarmupCount=4) [Case=host-(...)etain [38]]
// *** Execute ***
// Launch: 1 / 1
// Execute: dotnet BenchDotNet-campaign-1.dll --anonymousPipes 123 124 --benchmarkName "Armonik.Ffi.Bdn.CodecSuite.Run(Case: \"host-gen|decode-read|P1.3|ascii|retain\")" --job campaign --benchmarkId 110 in /home/user/ArmoniK.Api/ffi/poc/csharp/src/BenchDotNet/bin/Release/net8.0/BenchDotNet-campaign-1/bin/Release/net8.0
// BeforeAnythingElse

// Benchmark Process Environment Information:
// BenchmarkDotNet v0.15.8
// Runtime=.NET 8.0.31 (8.0.31, 8.0.3126.42015), X64 RyuJIT x86-64-v4
// GC=Concurrent Workstation
// HardwareIntrinsics=AVX512 F+BW+CD+DQ+VL,AVX2+BMI1+BMI2+F16C+FMA+LZCNT+MOVBE,AVX,SSE3+SSSE3+SSE4.1+SSE4.2+POPCNT,X86Base+SSE+SSE2,AES+PCLMUL VectorSize=256
// Job: campaign(EvaluateOverhead=False, Clock=Armonik.Ffi.Bdn.CpuClock, IterationCount=6, IterationTime=40ms, LaunchCount=1, RunStrategy=Throughput, WarmupCount=4)

OverheadJitting  1: 1 op, 299345.00 ns, 299.3450 us/op
WorkloadJitting  1: 1 op, 2124517.00 ns, 2.1245 ms/op

OverheadJitting  2: 16 op, 478869.00 ns, 29.9293 us/op
WorkloadJitting  2: 16 op, 1336561.00 ns, 83.5351 us/op

WorkloadPilot    1: 16 op, 777935.00 ns, 48.6209 us/op
WorkloadPilot    2: 832 op, 34295758.00 ns, 41.2209 us/op
WorkloadPilot    3: 976 op, 32042106.00 ns, 32.8300 us/op
WorkloadPilot    4: 1232 op, 39749541.00 ns, 32.2642 us/op
WorkloadPilot    5: 1248 op, 38138886.00 ns, 30.5600 us/op
WorkloadPilot    6: 1312 op, 40524781.00 ns, 30.8878 us/op
WorkloadPilot    7: 1296 op, 40782123.00 ns, 31.4677 us/op
WorkloadPilot    8: 1280 op, 38493265.00 ns, 30.0729 us/op
WorkloadPilot    9: 1344 op, 41118573.00 ns, 30.5942 us/op

WorkloadWarmup   1: 1344 op, 40912771.00 ns, 30.4410 us/op
WorkloadWarmup   2: 1344 op, 40898283.00 ns, 30.4303 us/op
WorkloadWarmup   3: 1344 op, 40377500.00 ns, 30.0428 us/op
WorkloadWarmup   4: 1344 op, 41252727.00 ns, 30.6940 us/op

// BeforeActualRun
WorkloadActual   1: 1344 op, 41002007.00 ns, 30.5074 us/op
WorkloadActual   2: 1344 op, 40375962.00 ns, 30.0416 us/op
WorkloadActual   3: 1344 op, 40411376.00 ns, 30.0680 us/op
WorkloadActual   4: 1344 op, 40967498.00 ns, 30.4818 us/op
WorkloadActual   5: 1344 op, 40819405.00 ns, 30.3716 us/op
WorkloadActual   6: 1344 op, 40611589.00 ns, 30.2170 us/op

// AfterActualRun
WorkloadResult   1: 1344 op, 41002007.00 ns, 30.5074 us/op
WorkloadResult   2: 1344 op, 40375962.00 ns, 30.0416 us/op
WorkloadResult   3: 1344 op, 40411376.00 ns, 30.0680 us/op
WorkloadResult   4: 1344 op, 40967498.00 ns, 30.4818 us/op
WorkloadResult   5: 1344 op, 40819405.00 ns, 30.3716 us/op
WorkloadResult   6: 1344 op, 40611589.00 ns, 30.2170 us/op
// GC:  3 0 0 53254656 1344
// Threading:  0 0 1344

// AfterAll
// Benchmark Process 19285 has exited with code 0.

Mean = 30.281 us, StdErr = 0.083 us (0.27%), N = 6, StdDev = 0.203 us
Min = 30.042 us, Q1 = 30.105 us, Median = 30.294 us, Q3 = 30.454 us, Max = 30.507 us
IQR = 0.349 us, LowerFence = 29.582 us, UpperFence = 30.978 us
ConfidenceInterval = [29.711 us; 30.851 us] (CI 99.9%), Margin = 0.570 us (1.88% of Mean)
Skewness = -0.07, Kurtosis = 0.95, MValue = 2

// ** Remained 38 (25.5 %) benchmark(s) to run. Estimated finish 2026-10-04 8:26 (0h 0m from now) **
// **************************
// Benchmark: CodecSuite.Run: campaign(EvaluateOverhead=False, Clock=Armonik.Ffi.Bdn.CpuClock, IterationCount=6, IterationTime=40ms, LaunchCount=1, RunStrategy=Throughput, WarmupCount=4) [Case=host-(...)etain [47]]
// *** Execute ***
// Launch: 1 / 1
// Execute: dotnet BenchDotNet-campaign-1.dll --anonymousPipes 123 124 --benchmarkName "Armonik.Ffi.Bdn.CodecSuite.Run(Case: \"host-gen|encode-transport-hot|P5.3|ascii|retain\")" --job campaign --benchmarkId 111 in /home/user/ArmoniK.Api/ffi/poc/csharp/src/BenchDotNet/bin/Release/net8.0/BenchDotNet-campaign-1/bin/Release/net8.0
// BeforeAnythingElse

// Benchmark Process Environment Information:
// BenchmarkDotNet v0.15.8
// Runtime=.NET 8.0.31 (8.0.31, 8.0.3126.42015), X64 RyuJIT x86-64-v4
// GC=Concurrent Workstation
// HardwareIntrinsics=AVX512 F+BW+CD+DQ+VL,AVX2+BMI1+BMI2+F16C+FMA+LZCNT+MOVBE,AVX,SSE3+SSSE3+SSE4.1+SSE4.2+POPCNT,X86Base+SSE+SSE2,AES+PCLMUL VectorSize=256
// Job: campaign(EvaluateOverhead=False, Clock=Armonik.Ffi.Bdn.CpuClock, IterationCount=6, IterationTime=40ms, LaunchCount=1, RunStrategy=Throughput, WarmupCount=4)

OverheadJitting  1: 1 op, 232753.00 ns, 232.7530 us/op
WorkloadJitting  1: 1 op, 6483755.00 ns, 6.4838 ms/op

WorkloadPilot    1: 4 op, 743662.00 ns, 185.9155 us/op
WorkloadPilot    2: 215 op, 29834027.00 ns, 138.7629 us/op
WorkloadPilot    3: 288 op, 42589892.00 ns, 147.8816 us/op
WorkloadPilot    4: 270 op, 36167085.00 ns, 133.9522 us/op
WorkloadPilot    5: 299 op, 39999375.00 ns, 133.7772 us/op

WorkloadWarmup   1: 299 op, 39758717.00 ns, 132.9723 us/op
WorkloadWarmup   2: 299 op, 40417705.00 ns, 135.1763 us/op
WorkloadWarmup   3: 299 op, 40136461.00 ns, 134.2357 us/op
WorkloadWarmup   4: 299 op, 39717338.00 ns, 132.8339 us/op

// BeforeActualRun
WorkloadActual   1: 299 op, 40652521.00 ns, 135.9616 us/op
WorkloadActual   2: 299 op, 40406698.00 ns, 135.1395 us/op
WorkloadActual   3: 299 op, 40244273.00 ns, 134.5962 us/op
WorkloadActual   4: 299 op, 40298640.00 ns, 134.7781 us/op
WorkloadActual   5: 299 op, 40210558.00 ns, 134.4835 us/op
WorkloadActual   6: 299 op, 39983094.00 ns, 133.7227 us/op

// AfterActualRun
WorkloadResult   1: 299 op, 40406698.00 ns, 135.1395 us/op
WorkloadResult   2: 299 op, 40244273.00 ns, 134.5962 us/op
WorkloadResult   3: 299 op, 40298640.00 ns, 134.7781 us/op
WorkloadResult   4: 299 op, 40210558.00 ns, 134.4835 us/op
WorkloadResult   5: 299 op, 39983094.00 ns, 133.7227 us/op
// GC:  0 0 0 0 299
// Threading:  0 0 299

// AfterAll
// Benchmark Process 19296 has exited with code 0.

Mean = 134.544 us, StdErr = 0.233 us (0.17%), N = 5, StdDev = 0.522 us
Min = 133.723 us, Q1 = 134.483 us, Median = 134.596 us, Q3 = 134.778 us, Max = 135.139 us
IQR = 0.295 us, LowerFence = 134.042 us, UpperFence = 135.220 us
ConfidenceInterval = [132.534 us; 136.554 us] (CI 99.9%), Margin = 2.010 us (1.49% of Mean)
Skewness = -0.46, Kurtosis = 1.57, MValue = 2

// ** Remained 37 (24.8 %) benchmark(s) to run. Estimated finish 2026-10-04 8:26 (0h 0m from now) **
// **************************
// Benchmark: CodecSuite.Run: campaign(EvaluateOverhead=False, Clock=Armonik.Ffi.Bdn.CpuClock, IterationCount=6, IterationTime=40ms, LaunchCount=1, RunStrategy=Throughput, WarmupCount=4) [Case=host-(...)etain [38]]
// *** Execute ***
// Launch: 1 / 1
// Execute: dotnet BenchDotNet-campaign-1.dll --anonymousPipes 125 126 --benchmarkName "Armonik.Ffi.Bdn.CodecSuite.Run(Case: \"host-gen|decode-read|P2.1|ascii|retain\")" --job campaign --benchmarkId 112 in /home/user/ArmoniK.Api/ffi/poc/csharp/src/BenchDotNet/bin/Release/net8.0/BenchDotNet-campaign-1/bin/Release/net8.0
// BeforeAnythingElse

// Benchmark Process Environment Information:
// BenchmarkDotNet v0.15.8
// Runtime=.NET 8.0.31 (8.0.31, 8.0.3126.42015), X64 RyuJIT x86-64-v4
// GC=Concurrent Workstation
// HardwareIntrinsics=AVX512 F+BW+CD+DQ+VL,AVX2+BMI1+BMI2+F16C+FMA+LZCNT+MOVBE,AVX,SSE3+SSSE3+SSE4.1+SSE4.2+POPCNT,X86Base+SSE+SSE2,AES+PCLMUL VectorSize=256
// Job: campaign(EvaluateOverhead=False, Clock=Armonik.Ffi.Bdn.CpuClock, IterationCount=6, IterationTime=40ms, LaunchCount=1, RunStrategy=Throughput, WarmupCount=4)

OverheadJitting  1: 1 op, 244593.00 ns, 244.5930 us/op
WorkloadJitting  1: 1 op, 5100572.00 ns, 5.1006 ms/op

WorkloadPilot    1: 4 op, 74903.00 ns, 18.7258 us/op
WorkloadPilot    2: 2136 op, 19011350.00 ns, 8.9004 us/op
WorkloadPilot    3: 4494 op, 36726210.00 ns, 8.1723 us/op
WorkloadPilot    4: 4895 op, 36010521.00 ns, 7.3566 us/op
WorkloadPilot    5: 5437 op, 38303908.00 ns, 7.0450 us/op
WorkloadPilot    6: 5678 op, 40942342.00 ns, 7.2107 us/op
WorkloadPilot    7: 5547 op, 36965897.00 ns, 6.6641 us/op
WorkloadPilot    8: 6002 op, 39782178.00 ns, 6.6282 us/op
WorkloadPilot    9: 6035 op, 39139955.00 ns, 6.4855 us/op
WorkloadPilot   10: 6168 op, 39980964.00 ns, 6.4820 us/op
WorkloadPilot   11: 6171 op, 39806800.00 ns, 6.4506 us/op
WorkloadPilot   12: 6201 op, 40237283.00 ns, 6.4888 us/op
WorkloadPilot   13: 6164 op, 40797247.00 ns, 6.6186 us/op

WorkloadWarmup   1: 6164 op, 39888654.00 ns, 6.4712 us/op
WorkloadWarmup   2: 6164 op, 40035787.00 ns, 6.4951 us/op
WorkloadWarmup   3: 6164 op, 40044518.00 ns, 6.4965 us/op
WorkloadWarmup   4: 6164 op, 39299782.00 ns, 6.3757 us/op

// BeforeActualRun
WorkloadActual   1: 6164 op, 41695844.00 ns, 6.7644 us/op
WorkloadActual   2: 6164 op, 39218908.00 ns, 6.3626 us/op
WorkloadActual   3: 6164 op, 39889755.00 ns, 6.4714 us/op
WorkloadActual   4: 6164 op, 39180009.00 ns, 6.3563 us/op
WorkloadActual   5: 6164 op, 39545934.00 ns, 6.4156 us/op
WorkloadActual   6: 6164 op, 39929916.00 ns, 6.4779 us/op

// AfterActualRun
WorkloadResult   1: 6164 op, 39218908.00 ns, 6.3626 us/op
WorkloadResult   2: 6164 op, 39889755.00 ns, 6.4714 us/op
WorkloadResult   3: 6164 op, 39180009.00 ns, 6.3563 us/op
WorkloadResult   4: 6164 op, 39545934.00 ns, 6.4156 us/op
WorkloadResult   5: 6164 op, 39929916.00 ns, 6.4779 us/op
// GC:  1 0 0 28009216 6164
// Threading:  0 0 6164

// AfterAll
// Benchmark Process 19311 has exited with code 0.

Mean = 6.417 us, StdErr = 0.026 us (0.40%), N = 5, StdDev = 0.058 us
Min = 6.356 us, Q1 = 6.363 us, Median = 6.416 us, Q3 = 6.471 us, Max = 6.478 us
IQR = 0.109 us, LowerFence = 6.199 us, UpperFence = 6.635 us
ConfidenceInterval = [6.195 us; 6.639 us] (CI 99.9%), Margin = 0.222 us (3.46% of Mean)
Skewness = 0.01, Kurtosis = 0.81, MValue = 2

// ** Remained 36 (24.2 %) benchmark(s) to run. Estimated finish 2026-10-04 8:26 (0h 0m from now) **
// **************************
// Benchmark: CodecSuite.Run: campaign(EvaluateOverhead=False, Clock=Armonik.Ffi.Bdn.CpuClock, IterationCount=6, IterationTime=40ms, LaunchCount=1, RunStrategy=Throughput, WarmupCount=4) [Case=host-(...)etain [38]]
// *** Execute ***
// Launch: 1 / 1
// Execute: dotnet BenchDotNet-campaign-1.dll --anonymousPipes 123 124 --benchmarkName "Armonik.Ffi.Bdn.CodecSuite.Run(Case: \"host-gen|decode-read|P2.5|ascii|retain\")" --job campaign --benchmarkId 113 in /home/user/ArmoniK.Api/ffi/poc/csharp/src/BenchDotNet/bin/Release/net8.0/BenchDotNet-campaign-1/bin/Release/net8.0
// BeforeAnythingElse

// Benchmark Process Environment Information:
// BenchmarkDotNet v0.15.8
// Runtime=.NET 8.0.31 (8.0.31, 8.0.3126.42015), X64 RyuJIT x86-64-v4
// GC=Concurrent Workstation
// HardwareIntrinsics=AVX512 F+BW+CD+DQ+VL,AVX2+BMI1+BMI2+F16C+FMA+LZCNT+MOVBE,AVX,SSE3+SSSE3+SSE4.1+SSE4.2+POPCNT,X86Base+SSE+SSE2,AES+PCLMUL VectorSize=256
// Job: campaign(EvaluateOverhead=False, Clock=Armonik.Ffi.Bdn.CpuClock, IterationCount=6, IterationTime=40ms, LaunchCount=1, RunStrategy=Throughput, WarmupCount=4)

OverheadJitting  1: 1 op, 241368.00 ns, 241.3680 us/op
WorkloadJitting  1: 1 op, 4777666.00 ns, 4.7777 ms/op

WorkloadPilot    1: 4 op, 828632.00 ns, 207.1580 us/op
WorkloadPilot    2: 193 op, 32047740.00 ns, 166.0505 us/op
WorkloadPilot    3: 241 op, 33704871.00 ns, 139.8542 us/op
WorkloadPilot    4: 286 op, 40267184.00 ns, 140.7943 us/op
WorkloadPilot    5: 284 op, 36587651.00 ns, 128.8298 us/op
WorkloadPilot    6: 310 op, 39546967.00 ns, 127.5709 us/op
WorkloadPilot    7: 314 op, 39366001.00 ns, 125.3694 us/op
WorkloadPilot    8: 319 op, 39746686.00 ns, 124.5978 us/op
WorkloadPilot    9: 321 op, 39621367.00 ns, 123.4310 us/op
WorkloadPilot   10: 324 op, 39962008.00 ns, 123.3395 us/op

WorkloadWarmup   1: 324 op, 40039590.00 ns, 123.5790 us/op
WorkloadWarmup   2: 324 op, 51166141.00 ns, 157.9202 us/op
WorkloadWarmup   3: 324 op, 40505375.00 ns, 125.0166 us/op
WorkloadWarmup   4: 324 op, 38985258.00 ns, 120.3249 us/op

// BeforeActualRun
WorkloadActual   1: 324 op, 39238812.00 ns, 121.1074 us/op
WorkloadActual   2: 324 op, 38843144.00 ns, 119.8862 us/op
WorkloadActual   3: 324 op, 38913401.00 ns, 120.1031 us/op
WorkloadActual   4: 324 op, 39095846.00 ns, 120.6662 us/op
WorkloadActual   5: 324 op, 38918897.00 ns, 120.1201 us/op
WorkloadActual   6: 324 op, 38760862.00 ns, 119.6323 us/op

// AfterActualRun
WorkloadResult   1: 324 op, 39238812.00 ns, 121.1074 us/op
WorkloadResult   2: 324 op, 38843144.00 ns, 119.8862 us/op
WorkloadResult   3: 324 op, 38913401.00 ns, 120.1031 us/op
WorkloadResult   4: 324 op, 39095846.00 ns, 120.6662 us/op
WorkloadResult   5: 324 op, 38918897.00 ns, 120.1201 us/op
WorkloadResult   6: 324 op, 38760862.00 ns, 119.6323 us/op
// GC:  1 0 0 26396928 324
// Threading:  0 0 324

// AfterAll
// Benchmark Process 19320 has exited with code 0.

Mean = 120.253 us, StdErr = 0.221 us (0.18%), N = 6, StdDev = 0.541 us
Min = 119.632 us, Q1 = 119.940 us, Median = 120.112 us, Q3 = 120.530 us, Max = 121.107 us
IQR = 0.589 us, LowerFence = 119.057 us, UpperFence = 121.413 us
ConfidenceInterval = [118.737 us; 121.768 us] (CI 99.9%), Margin = 1.516 us (1.26% of Mean)
Skewness = 0.42, Kurtosis = 1.43, MValue = 2

// ** Remained 35 (23.5 %) benchmark(s) to run. Estimated finish 2026-10-04 8:26 (0h 0m from now) **
// **************************
// Benchmark: CodecSuite.Run: campaign(EvaluateOverhead=False, Clock=Armonik.Ffi.Bdn.CpuClock, IterationCount=6, IterationTime=40ms, LaunchCount=1, RunStrategy=Throughput, WarmupCount=4) [Case=incum(...)fault [54]]
// *** Execute ***
// Launch: 1 / 1
// Execute: dotnet BenchDotNet-campaign-1.dll --anonymousPipes 123 124 --benchmarkName "Armonik.Ffi.Bdn.CodecSuite.Run(Case: \"incumbent-prod|encode-transport-hot|P2.4|ascii|default\")" --job campaign --benchmarkId 114 in /home/user/ArmoniK.Api/ffi/poc/csharp/src/BenchDotNet/bin/Release/net8.0/BenchDotNet-campaign-1/bin/Release/net8.0
// BeforeAnythingElse

// Benchmark Process Environment Information:
// BenchmarkDotNet v0.15.8
// Runtime=.NET 8.0.31 (8.0.31, 8.0.3126.42015), X64 RyuJIT x86-64-v4
// GC=Concurrent Workstation
// HardwareIntrinsics=AVX512 F+BW+CD+DQ+VL,AVX2+BMI1+BMI2+F16C+FMA+LZCNT+MOVBE,AVX,SSE3+SSSE3+SSE4.1+SSE4.2+POPCNT,X86Base+SSE+SSE2,AES+PCLMUL VectorSize=256
// Job: campaign(EvaluateOverhead=False, Clock=Armonik.Ffi.Bdn.CpuClock, IterationCount=6, IterationTime=40ms, LaunchCount=1, RunStrategy=Throughput, WarmupCount=4)

OverheadJitting  1: 1 op, 288258.00 ns, 288.2580 us/op
WorkloadJitting  1: 1 op, 8779699.00 ns, 8.7797 ms/op

WorkloadPilot    1: 4 op, 18430509.00 ns, 4.6076 ms/op
WorkloadPilot    2: 9 op, 39663897.00 ns, 4.4071 ms/op

WorkloadWarmup   1: 9 op, 39614113.00 ns, 4.4016 ms/op
WorkloadWarmup   2: 9 op, 39653079.00 ns, 4.4059 ms/op
WorkloadWarmup   3: 9 op, 39284834.00 ns, 4.3650 ms/op
WorkloadWarmup   4: 9 op, 39361853.00 ns, 4.3735 ms/op

// BeforeActualRun
WorkloadActual   1: 9 op, 39152626.00 ns, 4.3503 ms/op
WorkloadActual   2: 9 op, 39727026.00 ns, 4.4141 ms/op
WorkloadActual   3: 9 op, 39386715.00 ns, 4.3763 ms/op
WorkloadActual   4: 9 op, 39219132.00 ns, 4.3577 ms/op
WorkloadActual   5: 9 op, 39356815.00 ns, 4.3730 ms/op
WorkloadActual   6: 9 op, 39267233.00 ns, 4.3630 ms/op

// AfterActualRun
WorkloadResult   1: 9 op, 39152626.00 ns, 4.3503 ms/op
WorkloadResult   2: 9 op, 39386715.00 ns, 4.3763 ms/op
WorkloadResult   3: 9 op, 39219132.00 ns, 4.3577 ms/op
WorkloadResult   4: 9 op, 39356815.00 ns, 4.3730 ms/op
WorkloadResult   5: 9 op, 39267233.00 ns, 4.3630 ms/op
// GC:  0 0 0 40320 9
// Threading:  0 0 9

// AfterAll
// Benchmark Process 19329 has exited with code 0.

Mean = 4.364 ms, StdErr = 0.005 ms (0.11%), N = 5, StdDev = 0.011 ms
Min = 4.350 ms, Q1 = 4.358 ms, Median = 4.363 ms, Q3 = 4.373 ms, Max = 4.376 ms
IQR = 0.015 ms, LowerFence = 4.335 ms, UpperFence = 4.396 ms
ConfidenceInterval = [4.323 ms; 4.405 ms] (CI 99.9%), Margin = 0.041 ms (0.95% of Mean)
Skewness = -0.05, Kurtosis = 1, MValue = 2

// ** Remained 34 (22.8 %) benchmark(s) to run. Estimated finish 2026-10-04 8:26 (0h 0m from now) **
// **************************
// Benchmark: CodecSuite.Run: campaign(EvaluateOverhead=False, Clock=Armonik.Ffi.Bdn.CpuClock, IterationCount=6, IterationTime=40ms, LaunchCount=1, RunStrategy=Throughput, WarmupCount=4) [Case=core-(...)etain [59]]
// *** Execute ***
// Launch: 1 / 1
// Execute: dotnet BenchDotNet-campaign-1.dll --anonymousPipes 123 124 --benchmarkName "Armonik.Ffi.Bdn.CodecSuite.Run(Case: \"core-ffi|encode-transport-hot|U-nested-before|corpus|retain\")" --job campaign --benchmarkId 115 in /home/user/ArmoniK.Api/ffi/poc/csharp/src/BenchDotNet/bin/Release/net8.0/BenchDotNet-campaign-1/bin/Release/net8.0
// BeforeAnythingElse

// Benchmark Process Environment Information:
// BenchmarkDotNet v0.15.8
// Runtime=.NET 8.0.31 (8.0.31, 8.0.3126.42015), X64 RyuJIT x86-64-v4
// GC=Concurrent Workstation
// HardwareIntrinsics=AVX512 F+BW+CD+DQ+VL,AVX2+BMI1+BMI2+F16C+FMA+LZCNT+MOVBE,AVX,SSE3+SSSE3+SSE4.1+SSE4.2+POPCNT,X86Base+SSE+SSE2,AES+PCLMUL VectorSize=256
// Job: campaign(EvaluateOverhead=False, Clock=Armonik.Ffi.Bdn.CpuClock, IterationCount=6, IterationTime=40ms, LaunchCount=1, RunStrategy=Throughput, WarmupCount=4)

OverheadJitting  1: 1 op, 270427.00 ns, 270.4270 us/op
WorkloadJitting  1: 1 op, 5336958.00 ns, 5.3370 ms/op

WorkloadPilot    1: 4 op, 28209.00 ns, 7.0523 us/op
WorkloadPilot    2: 5672 op, 3389357.00 ns, 597.5594 ns/op
WorkloadPilot    3: 66939 op, 40817025.00 ns, 609.7645 ns/op
WorkloadPilot    4: 65599 op, 40069054.00 ns, 610.8181 ns/op
WorkloadPilot    5: 65486 op, 39896630.00 ns, 609.2391 ns/op
WorkloadPilot    6: 65656 op, 40415693.00 ns, 615.5674 ns/op

WorkloadWarmup   1: 65656 op, 40016379.00 ns, 609.4855 ns/op
WorkloadWarmup   2: 65656 op, 39909782.00 ns, 607.8619 ns/op
WorkloadWarmup   3: 65656 op, 40015072.00 ns, 609.4656 ns/op
WorkloadWarmup   4: 65656 op, 39511546.00 ns, 601.7964 ns/op

// BeforeActualRun
WorkloadActual   1: 65656 op, 39771692.00 ns, 605.7587 ns/op
WorkloadActual   2: 65656 op, 39617673.00 ns, 603.4128 ns/op
WorkloadActual   3: 65656 op, 45425910.00 ns, 691.8775 ns/op
WorkloadActual   4: 65656 op, 40285560.00 ns, 613.5854 ns/op
WorkloadActual   5: 65656 op, 39946474.00 ns, 608.4208 ns/op
WorkloadActual   6: 65656 op, 50446522.00 ns, 768.3460 ns/op

// AfterActualRun
WorkloadResult   1: 65656 op, 39771692.00 ns, 605.7587 ns/op
WorkloadResult   2: 65656 op, 39617673.00 ns, 603.4128 ns/op
WorkloadResult   3: 65656 op, 45425910.00 ns, 691.8775 ns/op
WorkloadResult   4: 65656 op, 40285560.00 ns, 613.5854 ns/op
WorkloadResult   5: 65656 op, 39946474.00 ns, 608.4208 ns/op
WorkloadResult   6: 65656 op, 50446522.00 ns, 768.3460 ns/op
// GC:  0 0 0 0 65656
// Threading:  0 0 65656

// AfterAll
// Benchmark Process 19338 has exited with code 0.

Mean = 648.567 ns, StdErr = 27.646 ns (4.26%), N = 6, StdDev = 67.720 ns
Min = 603.413 ns, Q1 = 606.424 ns, Median = 611.003 ns, Q3 = 672.304 ns, Max = 768.346 ns
IQR = 65.880 ns, LowerFence = 507.604 ns, UpperFence = 771.125 ns
ConfidenceInterval = [458.669 ns; 838.465 ns] (CI 99.9%), Margin = 189.898 ns (29.28% of Mean)
Skewness = 0.82, Kurtosis = 1.75, MValue = 2

// ** Remained 33 (22.1 %) benchmark(s) to run. Estimated finish 2026-10-04 8:26 (0h 0m from now) **
// **************************
// Benchmark: CodecSuite.Run: campaign(EvaluateOverhead=False, Clock=Armonik.Ffi.Bdn.CpuClock, IterationCount=6, IterationTime=40ms, LaunchCount=1, RunStrategy=Throughput, WarmupCount=4) [Case=core-(...)etain [47]]
// *** Execute ***
// Launch: 1 / 1
// Execute: dotnet BenchDotNet-campaign-1.dll --anonymousPipes 123 124 --benchmarkName "Armonik.Ffi.Bdn.CodecSuite.Run(Case: \"core-ffi|encode-transport-hot|P6.1|ascii|retain\")" --job campaign --benchmarkId 116 in /home/user/ArmoniK.Api/ffi/poc/csharp/src/BenchDotNet/bin/Release/net8.0/BenchDotNet-campaign-1/bin/Release/net8.0
// BeforeAnythingElse

// Benchmark Process Environment Information:
// BenchmarkDotNet v0.15.8
// Runtime=.NET 8.0.31 (8.0.31, 8.0.3126.42015), X64 RyuJIT x86-64-v4
// GC=Concurrent Workstation
// HardwareIntrinsics=AVX512 F+BW+CD+DQ+VL,AVX2+BMI1+BMI2+F16C+FMA+LZCNT+MOVBE,AVX,SSE3+SSSE3+SSE4.1+SSE4.2+POPCNT,X86Base+SSE+SSE2,AES+PCLMUL VectorSize=256
// Job: campaign(EvaluateOverhead=False, Clock=Armonik.Ffi.Bdn.CpuClock, IterationCount=6, IterationTime=40ms, LaunchCount=1, RunStrategy=Throughput, WarmupCount=4)

OverheadJitting  1: 1 op, 244423.00 ns, 244.4230 us/op
WorkloadJitting  1: 1 op, 8450347.00 ns, 8.4503 ms/op

WorkloadPilot    1: 4 op, 4054551.00 ns, 1.0136 ms/op
WorkloadPilot    2: 39 op, 6481788.00 ns, 166.1997 us/op
WorkloadPilot    3: 241 op, 37126726.00 ns, 154.0528 us/op
WorkloadPilot    4: 260 op, 39582883.00 ns, 152.2419 us/op
WorkloadPilot    5: 263 op, 38918437.00 ns, 147.9788 us/op
WorkloadPilot    6: 270 op, 39806938.00 ns, 147.4331 us/op

WorkloadWarmup   1: 270 op, 49131020.00 ns, 181.9667 us/op
WorkloadWarmup   2: 270 op, 41161313.00 ns, 152.4493 us/op
WorkloadWarmup   3: 270 op, 40187643.00 ns, 148.8431 us/op
WorkloadWarmup   4: 270 op, 41023928.00 ns, 151.9405 us/op

// BeforeActualRun
WorkloadActual   1: 270 op, 45347183.00 ns, 167.9525 us/op
WorkloadActual   2: 270 op, 51543274.00 ns, 190.9010 us/op
WorkloadActual   3: 270 op, 40360617.00 ns, 149.4838 us/op
WorkloadActual   4: 270 op, 41265787.00 ns, 152.8362 us/op
WorkloadActual   5: 270 op, 40348278.00 ns, 149.4381 us/op
WorkloadActual   6: 270 op, 40115864.00 ns, 148.5773 us/op

// AfterActualRun
WorkloadResult   1: 270 op, 45347183.00 ns, 167.9525 us/op
WorkloadResult   2: 270 op, 40360617.00 ns, 149.4838 us/op
WorkloadResult   3: 270 op, 41265787.00 ns, 152.8362 us/op
WorkloadResult   4: 270 op, 40348278.00 ns, 149.4381 us/op
WorkloadResult   5: 270 op, 40115864.00 ns, 148.5773 us/op
// GC:  0 0 0 0 270
// Threading:  0 0 270

// AfterAll
// Benchmark Process 19347 has exited with code 0.

Mean = 153.658 us, StdErr = 3.647 us (2.37%), N = 5, StdDev = 8.156 us
Min = 148.577 us, Q1 = 149.438 us, Median = 149.484 us, Q3 = 152.836 us, Max = 167.953 us
IQR = 3.398 us, LowerFence = 144.341 us, UpperFence = 157.934 us
ConfidenceInterval = [122.253 us; 185.062 us] (CI 99.9%), Margin = 31.404 us (20.44% of Mean)
Skewness = 0.97, Kurtosis = 1.95, MValue = 2

// ** Remained 32 (21.5 %) benchmark(s) to run. Estimated finish 2026-10-04 8:26 (0h 0m from now) **
// **************************
// Benchmark: CodecSuite.Run: campaign(EvaluateOverhead=False, Clock=Armonik.Ffi.Bdn.CpuClock, IterationCount=6, IterationTime=40ms, LaunchCount=1, RunStrategy=Throughput, WarmupCount=4) [Case=host-(...)etain [79]]
// *** Execute ***
// Launch: 1 / 1
// Execute: dotnet BenchDotNet-campaign-1.dll --anonymousPipes 125 126 --benchmarkName "Armonik.Ffi.Bdn.CodecSuite.Run(Case: \"host-gen|decode-read|U-wire-UploadResultDataMessage-upload-as-wt5|corpus|retain\")" --job campaign --benchmarkId 117 in /home/user/ArmoniK.Api/ffi/poc/csharp/src/BenchDotNet/bin/Release/net8.0/BenchDotNet-campaign-1/bin/Release/net8.0
// BeforeAnythingElse

// Benchmark Process Environment Information:
// BenchmarkDotNet v0.15.8
// Runtime=.NET 8.0.31 (8.0.31, 8.0.3126.42015), X64 RyuJIT x86-64-v4
// GC=Concurrent Workstation
// HardwareIntrinsics=AVX512 F+BW+CD+DQ+VL,AVX2+BMI1+BMI2+F16C+FMA+LZCNT+MOVBE,AVX,SSE3+SSSE3+SSE4.1+SSE4.2+POPCNT,X86Base+SSE+SSE2,AES+PCLMUL VectorSize=256
// Job: campaign(EvaluateOverhead=False, Clock=Armonik.Ffi.Bdn.CpuClock, IterationCount=6, IterationTime=40ms, LaunchCount=1, RunStrategy=Throughput, WarmupCount=4)

OverheadJitting  1: 1 op, 270193.00 ns, 270.1930 us/op
WorkloadJitting  1: 1 op, 2066169.00 ns, 2.0662 ms/op

OverheadJitting  2: 16 op, 519280.00 ns, 32.4550 us/op
WorkloadJitting  2: 16 op, 549989.00 ns, 34.3743 us/op

WorkloadPilot    1: 16 op, 28559.00 ns, 1.7849 us/op
WorkloadPilot    2: 22416 op, 13118996.00 ns, 585.2514 ns/op
WorkloadPilot    3: 68352 op, 34026323.00 ns, 497.8102 ns/op
WorkloadPilot    4: 80352 op, 36481996.00 ns, 454.0272 ns/op
WorkloadPilot    5: 88112 op, 38888116.00 ns, 441.3487 ns/op
WorkloadPilot    6: 90640 op, 40299336.00 ns, 444.6087 ns/op
WorkloadPilot    7: 89968 op, 38289880.00 ns, 425.5944 ns/op
WorkloadPilot    8: 94000 op, 42267805.00 ns, 449.6575 ns/op
WorkloadPilot    9: 88960 op, 33329971.00 ns, 374.6624 ns/op
WorkloadPilot   10: 106768 op, 45382653.00 ns, 425.0586 ns/op

WorkloadWarmup   1: 106768 op, 44321127.00 ns, 415.1162 ns/op
WorkloadWarmup   2: 106768 op, 57643960.00 ns, 539.8992 ns/op
WorkloadWarmup   3: 106768 op, 39845781.00 ns, 373.1997 ns/op
WorkloadWarmup   4: 106768 op, 40075564.00 ns, 375.3518 ns/op

// BeforeActualRun
WorkloadActual   1: 106768 op, 41942971.00 ns, 392.8422 ns/op
WorkloadActual   2: 106768 op, 40228958.00 ns, 376.7885 ns/op
WorkloadActual   3: 106768 op, 40029801.00 ns, 374.9232 ns/op
WorkloadActual   4: 106768 op, 40191968.00 ns, 376.4421 ns/op
WorkloadActual   5: 106768 op, 39989367.00 ns, 374.5445 ns/op
WorkloadActual   6: 106768 op, 39283455.00 ns, 367.9329 ns/op

// AfterActualRun
WorkloadResult   1: 106768 op, 40228958.00 ns, 376.7885 ns/op
WorkloadResult   2: 106768 op, 40029801.00 ns, 374.9232 ns/op
WorkloadResult   3: 106768 op, 40191968.00 ns, 376.4421 ns/op
WorkloadResult   4: 106768 op, 39989367.00 ns, 374.5445 ns/op
WorkloadResult   5: 106768 op, 39283455.00 ns, 367.9329 ns/op
// GC:  2 0 0 36728192 106768
// Threading:  0 0 106768

// AfterAll
// Benchmark Process 19360 has exited with code 0.

Mean = 374.126 ns, StdErr = 1.607 ns (0.43%), N = 5, StdDev = 3.592 ns
Min = 367.933 ns, Q1 = 374.544 ns, Median = 374.923 ns, Q3 = 376.442 ns, Max = 376.789 ns
IQR = 1.898 ns, LowerFence = 371.698 ns, UpperFence = 379.288 ns
ConfidenceInterval = [360.293 ns; 387.959 ns] (CI 99.9%), Margin = 13.833 ns (3.70% of Mean)
Skewness = -0.89, Kurtosis = 1.86, MValue = 2

// ** Remained 31 (20.8 %) benchmark(s) to run. Estimated finish 2026-10-04 8:26 (0h 0m from now) **
// **************************
// Benchmark: CodecSuite.Run: campaign(EvaluateOverhead=False, Clock=Armonik.Ffi.Bdn.CpuClock, IterationCount=6, IterationTime=40ms, LaunchCount=1, RunStrategy=Throughput, WarmupCount=4) [Case=core-(...)etain [48]]
// *** Execute ***
// Launch: 1 / 1
// Execute: dotnet BenchDotNet-campaign-1.dll --anonymousPipes 123 124 --benchmarkName "Armonik.Ffi.Bdn.CodecSuite.Run(Case: \"core-ffi|encode-transport-hot|P2.2|latin1|retain\")" --job campaign --benchmarkId 118 in /home/user/ArmoniK.Api/ffi/poc/csharp/src/BenchDotNet/bin/Release/net8.0/BenchDotNet-campaign-1/bin/Release/net8.0
// BeforeAnythingElse

// Benchmark Process Environment Information:
// BenchmarkDotNet v0.15.8
// Runtime=.NET 8.0.31 (8.0.31, 8.0.3126.42015), X64 RyuJIT x86-64-v4
// GC=Concurrent Workstation
// HardwareIntrinsics=AVX512 F+BW+CD+DQ+VL,AVX2+BMI1+BMI2+F16C+FMA+LZCNT+MOVBE,AVX,SSE3+SSSE3+SSE4.1+SSE4.2+POPCNT,X86Base+SSE+SSE2,AES+PCLMUL VectorSize=256
// Job: campaign(EvaluateOverhead=False, Clock=Armonik.Ffi.Bdn.CpuClock, IterationCount=6, IterationTime=40ms, LaunchCount=1, RunStrategy=Throughput, WarmupCount=4)

OverheadJitting  1: 1 op, 237117.00 ns, 237.1170 us/op
WorkloadJitting  1: 1 op, 12406523.00 ns, 12.4065 ms/op

WorkloadPilot    1: 4 op, 19148636.00 ns, 4.7872 ms/op
WorkloadPilot    2: 8 op, 19034861.00 ns, 2.3794 ms/op
WorkloadPilot    3: 17 op, 24627726.00 ns, 1.4487 ms/op
WorkloadPilot    4: 28 op, 43527561.00 ns, 1.5546 ms/op
WorkloadPilot    5: 26 op, 38135801.00 ns, 1.4668 ms/op

WorkloadWarmup   1: 26 op, 38014853.00 ns, 1.4621 ms/op
WorkloadWarmup   2: 26 op, 38011979.00 ns, 1.4620 ms/op
WorkloadWarmup   3: 26 op, 37874298.00 ns, 1.4567 ms/op
WorkloadWarmup   4: 26 op, 38327598.00 ns, 1.4741 ms/op

// BeforeActualRun
WorkloadActual   1: 26 op, 38514847.00 ns, 1.4813 ms/op
WorkloadActual   2: 26 op, 38655972.00 ns, 1.4868 ms/op
WorkloadActual   3: 26 op, 37593307.00 ns, 1.4459 ms/op
WorkloadActual   4: 26 op, 38760667.00 ns, 1.4908 ms/op
WorkloadActual   5: 26 op, 37670450.00 ns, 1.4489 ms/op
WorkloadActual   6: 26 op, 39534345.00 ns, 1.5206 ms/op

// AfterActualRun
WorkloadResult   1: 26 op, 38514847.00 ns, 1.4813 ms/op
WorkloadResult   2: 26 op, 38655972.00 ns, 1.4868 ms/op
WorkloadResult   3: 26 op, 37593307.00 ns, 1.4459 ms/op
WorkloadResult   4: 26 op, 38760667.00 ns, 1.4908 ms/op
WorkloadResult   5: 26 op, 37670450.00 ns, 1.4489 ms/op
WorkloadResult   6: 26 op, 39534345.00 ns, 1.5206 ms/op
// GC:  0 0 0 0 26
// Threading:  0 0 26

// AfterAll
// Benchmark Process 19369 has exited with code 0.

Mean = 1.479 ms, StdErr = 0.011 ms (0.77%), N = 6, StdDev = 0.028 ms
Min = 1.446 ms, Q1 = 1.457 ms, Median = 1.484 ms, Q3 = 1.490 ms, Max = 1.521 ms
IQR = 0.033 ms, LowerFence = 1.408 ms, UpperFence = 1.539 ms
ConfidenceInterval = [1.400 ms; 1.558 ms] (CI 99.9%), Margin = 0.079 ms (5.32% of Mean)
Skewness = 0.07, Kurtosis = 1.35, MValue = 2

// ** Remained 30 (20.1 %) benchmark(s) to run. Estimated finish 2026-10-04 8:26 (0h 0m from now) **
// **************************
// Benchmark: CodecSuite.Run: campaign(EvaluateOverhead=False, Clock=Armonik.Ffi.Bdn.CpuClock, IterationCount=6, IterationTime=40ms, LaunchCount=1, RunStrategy=Throughput, WarmupCount=4) [Case=core-(...)etain [38]]
// *** Execute ***
// Launch: 1 / 1
// Execute: dotnet BenchDotNet-campaign-1.dll --anonymousPipes 123 124 --benchmarkName "Armonik.Ffi.Bdn.CodecSuite.Run(Case: \"core-ffi|decode-read|P2.2|ascii|retain\")" --job campaign --benchmarkId 119 in /home/user/ArmoniK.Api/ffi/poc/csharp/src/BenchDotNet/bin/Release/net8.0/BenchDotNet-campaign-1/bin/Release/net8.0
// BeforeAnythingElse

// Benchmark Process Environment Information:
// BenchmarkDotNet v0.15.8
// Runtime=.NET 8.0.31 (8.0.31, 8.0.3126.42015), X64 RyuJIT x86-64-v4
// GC=Concurrent Workstation
// HardwareIntrinsics=AVX512 F+BW+CD+DQ+VL,AVX2+BMI1+BMI2+F16C+FMA+LZCNT+MOVBE,AVX,SSE3+SSSE3+SSE4.1+SSE4.2+POPCNT,X86Base+SSE+SSE2,AES+PCLMUL VectorSize=256
// Job: campaign(EvaluateOverhead=False, Clock=Armonik.Ffi.Bdn.CpuClock, IterationCount=6, IterationTime=40ms, LaunchCount=1, RunStrategy=Throughput, WarmupCount=4)

OverheadJitting  1: 1 op, 303908.00 ns, 303.9080 us/op
WorkloadJitting  1: 1 op, 15055739.00 ns, 15.0557 ms/op

WorkloadPilot    1: 4 op, 13272101.00 ns, 3.3180 ms/op
WorkloadPilot    2: 12 op, 43105145.00 ns, 3.5921 ms/op

WorkloadWarmup   1: 12 op, 38807890.00 ns, 3.2340 ms/op
WorkloadWarmup   2: 12 op, 38968157.00 ns, 3.2473 ms/op
WorkloadWarmup   3: 12 op, 36606577.00 ns, 3.0505 ms/op
WorkloadWarmup   4: 12 op, 38000606.00 ns, 3.1667 ms/op

// BeforeActualRun
WorkloadActual   1: 12 op, 36675188.00 ns, 3.0563 ms/op
WorkloadActual   2: 12 op, 50966311.00 ns, 4.2472 ms/op
WorkloadActual   3: 12 op, 38079066.00 ns, 3.1733 ms/op
WorkloadActual   4: 12 op, 36624164.00 ns, 3.0520 ms/op
WorkloadActual   5: 12 op, 36484137.00 ns, 3.0403 ms/op
WorkloadActual   6: 12 op, 35810787.00 ns, 2.9842 ms/op

// AfterActualRun
WorkloadResult   1: 12 op, 36675188.00 ns, 3.0563 ms/op
WorkloadResult   2: 12 op, 38079066.00 ns, 3.1733 ms/op
WorkloadResult   3: 12 op, 36624164.00 ns, 3.0520 ms/op
WorkloadResult   4: 12 op, 36484137.00 ns, 3.0403 ms/op
WorkloadResult   5: 12 op, 35810787.00 ns, 2.9842 ms/op
// GC:  1 0 0 26167008 12
// Threading:  0 0 12

// AfterAll
// Benchmark Process 19378 has exited with code 0.

Mean = 3.061 ms, StdErr = 0.031 ms (1.01%), N = 5, StdDev = 0.069 ms
Min = 2.984 ms, Q1 = 3.040 ms, Median = 3.052 ms, Q3 = 3.056 ms, Max = 3.173 ms
IQR = 0.016 ms, LowerFence = 3.016 ms, UpperFence = 3.080 ms
ConfidenceInterval = [2.796 ms; 3.327 ms] (CI 99.9%), Margin = 0.266 ms (8.67% of Mean)
Skewness = 0.57, Kurtosis = 1.71, MValue = 2

// ** Remained 29 (19.5 %) benchmark(s) to run. Estimated finish 2026-10-04 8:26 (0h 0m from now) **
// **************************
// Benchmark: CodecSuite.Run: campaign(EvaluateOverhead=False, Clock=Armonik.Ffi.Bdn.CpuClock, IterationCount=6, IterationTime=40ms, LaunchCount=1, RunStrategy=Throughput, WarmupCount=4) [Case=incum(...)fault [82]]
// *** Execute ***
// Launch: 1 / 1
// Execute: dotnet BenchDotNet-campaign-1.dll --anonymousPipes 123 124 --benchmarkName "Armonik.Ffi.Bdn.CodecSuite.Run(Case: \"incumbent-prod|encode-transport-hot|U-wire-DualResponse-left-as-wt5|corpus|default\")" --job campaign --benchmarkId 120 in /home/user/ArmoniK.Api/ffi/poc/csharp/src/BenchDotNet/bin/Release/net8.0/BenchDotNet-campaign-1/bin/Release/net8.0
// BeforeAnythingElse

// Benchmark Process Environment Information:
// BenchmarkDotNet v0.15.8
// Runtime=.NET 8.0.31 (8.0.31, 8.0.3126.42015), X64 RyuJIT x86-64-v4
// GC=Concurrent Workstation
// HardwareIntrinsics=AVX512 F+BW+CD+DQ+VL,AVX2+BMI1+BMI2+F16C+FMA+LZCNT+MOVBE,AVX,SSE3+SSSE3+SSE4.1+SSE4.2+POPCNT,X86Base+SSE+SSE2,AES+PCLMUL VectorSize=256
// Job: campaign(EvaluateOverhead=False, Clock=Armonik.Ffi.Bdn.CpuClock, IterationCount=6, IterationTime=40ms, LaunchCount=1, RunStrategy=Throughput, WarmupCount=4)

OverheadJitting  1: 1 op, 325407.00 ns, 325.4070 us/op
WorkloadJitting  1: 1 op, 8047530.00 ns, 8.0475 ms/op

WorkloadPilot    1: 4 op, 60817.00 ns, 15.2043 us/op
WorkloadPilot    2: 2631 op, 4897015.00 ns, 1.8613 us/op
WorkloadPilot    3: 21491 op, 41452124.00 ns, 1.9288 us/op
WorkloadPilot    4: 20738 op, 38436300.00 ns, 1.8534 us/op
WorkloadPilot    5: 21582 op, 38179410.00 ns, 1.7690 us/op
WorkloadPilot    6: 22611 op, 39513242.00 ns, 1.7475 us/op
WorkloadPilot    7: 22890 op, 40133592.00 ns, 1.7533 us/op
WorkloadPilot    8: 22814 op, 40381340.00 ns, 1.7700 us/op

WorkloadWarmup   1: 22814 op, 40988619.00 ns, 1.7966 us/op
WorkloadWarmup   2: 22814 op, 39978405.00 ns, 1.7524 us/op
WorkloadWarmup   3: 22814 op, 39605427.00 ns, 1.7360 us/op
WorkloadWarmup   4: 22814 op, 40694306.00 ns, 1.7837 us/op

// BeforeActualRun
WorkloadActual   1: 22814 op, 40509656.00 ns, 1.7756 us/op
WorkloadActual   2: 22814 op, 59573917.00 ns, 2.6113 us/op
WorkloadActual   3: 22814 op, 43741129.00 ns, 1.9173 us/op
WorkloadActual   4: 22814 op, 41781532.00 ns, 1.8314 us/op
WorkloadActual   5: 22814 op, 43121761.00 ns, 1.8901 us/op
WorkloadActual   6: 22814 op, 45111198.00 ns, 1.9773 us/op

// AfterActualRun
WorkloadResult   1: 22814 op, 40509656.00 ns, 1.7756 us/op
WorkloadResult   2: 22814 op, 43741129.00 ns, 1.9173 us/op
WorkloadResult   3: 22814 op, 41781532.00 ns, 1.8314 us/op
WorkloadResult   4: 22814 op, 43121761.00 ns, 1.8901 us/op
WorkloadResult   5: 22814 op, 45111198.00 ns, 1.9773 us/op
// GC:  0 0 0 2555168 22814
// Threading:  0 0 22814

// AfterAll
// Benchmark Process 19387 has exited with code 0.

Mean = 1.878 us, StdErr = 0.035 us (1.85%), N = 5, StdDev = 0.078 us
Min = 1.776 us, Q1 = 1.831 us, Median = 1.890 us, Q3 = 1.917 us, Max = 1.977 us
IQR = 0.086 us, LowerFence = 1.703 us, UpperFence = 2.046 us
ConfidenceInterval = [1.579 us; 2.178 us] (CI 99.9%), Margin = 0.300 us (15.95% of Mean)
Skewness = -0.07, Kurtosis = 1.17, MValue = 2

// ** Remained 28 (18.8 %) benchmark(s) to run. Estimated finish 2026-10-04 8:26 (0h 0m from now) **
// **************************
// Benchmark: CodecSuite.Run: campaign(EvaluateOverhead=False, Clock=Armonik.Ffi.Bdn.CpuClock, IterationCount=6, IterationTime=40ms, LaunchCount=1, RunStrategy=Throughput, WarmupCount=4) [Case=host-(...)etain [38]]
// *** Execute ***
// Launch: 1 / 1
// Execute: dotnet BenchDotNet-campaign-1.dll --anonymousPipes 123 124 --benchmarkName "Armonik.Ffi.Bdn.CodecSuite.Run(Case: \"host-gen|decode-read|P2.2|ascii|retain\")" --job campaign --benchmarkId 121 in /home/user/ArmoniK.Api/ffi/poc/csharp/src/BenchDotNet/bin/Release/net8.0/BenchDotNet-campaign-1/bin/Release/net8.0
// BeforeAnythingElse

// Benchmark Process Environment Information:
// BenchmarkDotNet v0.15.8
// Runtime=.NET 8.0.31 (8.0.31, 8.0.3126.42015), X64 RyuJIT x86-64-v4
// GC=Concurrent Workstation
// HardwareIntrinsics=AVX512 F+BW+CD+DQ+VL,AVX2+BMI1+BMI2+F16C+FMA+LZCNT+MOVBE,AVX,SSE3+SSSE3+SSE4.1+SSE4.2+POPCNT,X86Base+SSE+SSE2,AES+PCLMUL VectorSize=256
// Job: campaign(EvaluateOverhead=False, Clock=Armonik.Ffi.Bdn.CpuClock, IterationCount=6, IterationTime=40ms, LaunchCount=1, RunStrategy=Throughput, WarmupCount=4)

OverheadJitting  1: 1 op, 261276.00 ns, 261.2760 us/op
WorkloadJitting  1: 1 op, 9231285.00 ns, 9.2313 ms/op

WorkloadPilot    1: 4 op, 19012755.00 ns, 4.7532 ms/op
WorkloadPilot    2: 8 op, 44820526.00 ns, 5.6026 ms/op

WorkloadWarmup   1: 8 op, 36789286.00 ns, 4.5987 ms/op
WorkloadWarmup   2: 8 op, 34011558.00 ns, 4.2514 ms/op
WorkloadWarmup   3: 8 op, 43449014.00 ns, 5.4311 ms/op
WorkloadWarmup   4: 8 op, 33525384.00 ns, 4.1907 ms/op

// BeforeActualRun
WorkloadActual   1: 8 op, 70707059.00 ns, 8.8384 ms/op
WorkloadActual   2: 8 op, 34488394.00 ns, 4.3110 ms/op
WorkloadActual   3: 8 op, 32640039.00 ns, 4.0800 ms/op
WorkloadActual   4: 8 op, 34429492.00 ns, 4.3037 ms/op
WorkloadActual   5: 8 op, 34489434.00 ns, 4.3112 ms/op
WorkloadActual   6: 8 op, 36674741.00 ns, 4.5843 ms/op

// AfterActualRun
WorkloadResult   1: 8 op, 34488394.00 ns, 4.3110 ms/op
WorkloadResult   2: 8 op, 32640039.00 ns, 4.0800 ms/op
WorkloadResult   3: 8 op, 34429492.00 ns, 4.3037 ms/op
WorkloadResult   4: 8 op, 34489434.00 ns, 4.3112 ms/op
WorkloadResult   5: 8 op, 36674741.00 ns, 4.5843 ms/op
// GC:  1 0 0 17444672 8
// Threading:  0 0 8

// AfterAll
// Benchmark Process 19398 has exited with code 0.

Mean = 4.318 ms, StdErr = 0.080 ms (1.85%), N = 5, StdDev = 0.179 ms
Min = 4.080 ms, Q1 = 4.304 ms, Median = 4.311 ms, Q3 = 4.311 ms, Max = 4.584 ms
IQR = 0.007 ms, LowerFence = 4.292 ms, UpperFence = 4.322 ms
ConfidenceInterval = [3.630 ms; 5.007 ms] (CI 99.9%), Margin = 0.689 ms (15.94% of Mean)
Skewness = 0.19, Kurtosis = 1.61, MValue = 2

// ** Remained 27 (18.1 %) benchmark(s) to run. Estimated finish 2026-10-04 8:26 (0h 0m from now) **
// **************************
// Benchmark: CodecSuite.Run: campaign(EvaluateOverhead=False, Clock=Armonik.Ffi.Bdn.CpuClock, IterationCount=6, IterationTime=40ms, LaunchCount=1, RunStrategy=Throughput, WarmupCount=4) [Case=incum(...)fault [54]]
// *** Execute ***
// Launch: 1 / 1
// Execute: dotnet BenchDotNet-campaign-1.dll --anonymousPipes 123 124 --benchmarkName "Armonik.Ffi.Bdn.CodecSuite.Run(Case: \"incumbent-prod|encode-transport-hot|P2.3|ascii|default\")" --job campaign --benchmarkId 122 in /home/user/ArmoniK.Api/ffi/poc/csharp/src/BenchDotNet/bin/Release/net8.0/BenchDotNet-campaign-1/bin/Release/net8.0
// BeforeAnythingElse

// Benchmark Process Environment Information:
// BenchmarkDotNet v0.15.8
// Runtime=.NET 8.0.31 (8.0.31, 8.0.3126.42015), X64 RyuJIT x86-64-v4
// GC=Concurrent Workstation
// HardwareIntrinsics=AVX512 F+BW+CD+DQ+VL,AVX2+BMI1+BMI2+F16C+FMA+LZCNT+MOVBE,AVX,SSE3+SSSE3+SSE4.1+SSE4.2+POPCNT,X86Base+SSE+SSE2,AES+PCLMUL VectorSize=256
// Job: campaign(EvaluateOverhead=False, Clock=Armonik.Ffi.Bdn.CpuClock, IterationCount=6, IterationTime=40ms, LaunchCount=1, RunStrategy=Throughput, WarmupCount=4)

OverheadJitting  1: 1 op, 274302.00 ns, 274.3020 us/op
WorkloadJitting  1: 1 op, 8208618.00 ns, 8.2086 ms/op

WorkloadPilot    1: 4 op, 15925283.00 ns, 3.9813 ms/op
WorkloadPilot    2: 10 op, 38959297.00 ns, 3.8959 ms/op

WorkloadWarmup   1: 10 op, 36450177.00 ns, 3.6450 ms/op
WorkloadWarmup   2: 10 op, 35932774.00 ns, 3.5933 ms/op
WorkloadWarmup   3: 10 op, 35081306.00 ns, 3.5081 ms/op
WorkloadWarmup   4: 10 op, 35345880.00 ns, 3.5346 ms/op

// BeforeActualRun
WorkloadActual   1: 10 op, 38255874.00 ns, 3.8256 ms/op
WorkloadActual   2: 10 op, 36294735.00 ns, 3.6295 ms/op
WorkloadActual   3: 10 op, 35170153.00 ns, 3.5170 ms/op
WorkloadActual   4: 10 op, 35529157.00 ns, 3.5529 ms/op
WorkloadActual   5: 10 op, 35702103.00 ns, 3.5702 ms/op
WorkloadActual   6: 10 op, 34825329.00 ns, 3.4825 ms/op

// AfterActualRun
WorkloadResult   1: 10 op, 36294735.00 ns, 3.6295 ms/op
WorkloadResult   2: 10 op, 35170153.00 ns, 3.5170 ms/op
WorkloadResult   3: 10 op, 35529157.00 ns, 3.5529 ms/op
WorkloadResult   4: 10 op, 35702103.00 ns, 3.5702 ms/op
WorkloadResult   5: 10 op, 34825329.00 ns, 3.4825 ms/op
// GC:  0 0 0 70000 10
// Threading:  0 0 10

// AfterAll
// Benchmark Process 19410 has exited with code 0.

Mean = 3.550 ms, StdErr = 0.025 ms (0.70%), N = 5, StdDev = 0.056 ms
Min = 3.483 ms, Q1 = 3.517 ms, Median = 3.553 ms, Q3 = 3.570 ms, Max = 3.629 ms
IQR = 0.053 ms, LowerFence = 3.437 ms, UpperFence = 3.650 ms
ConfidenceInterval = [3.336 ms; 3.765 ms] (CI 99.9%), Margin = 0.214 ms (6.03% of Mean)
Skewness = 0.18, Kurtosis = 1.29, MValue = 2

// ** Remained 26 (17.4 %) benchmark(s) to run. Estimated finish 2026-10-04 8:26 (0h 0m from now) **
// **************************
// Benchmark: CodecSuite.Run: campaign(EvaluateOverhead=False, Clock=Armonik.Ffi.Bdn.CpuClock, IterationCount=6, IterationTime=40ms, LaunchCount=1, RunStrategy=Throughput, WarmupCount=4) [Case=core-(...)etain [38]]
// *** Execute ***
// Launch: 1 / 1
// Execute: dotnet BenchDotNet-campaign-1.dll --anonymousPipes 123 124 --benchmarkName "Armonik.Ffi.Bdn.CodecSuite.Run(Case: \"core-ffi|decode-read|P5.3|ascii|retain\")" --job campaign --benchmarkId 123 in /home/user/ArmoniK.Api/ffi/poc/csharp/src/BenchDotNet/bin/Release/net8.0/BenchDotNet-campaign-1/bin/Release/net8.0
// BeforeAnythingElse

// Benchmark Process Environment Information:
// BenchmarkDotNet v0.15.8
// Runtime=.NET 8.0.31 (8.0.31, 8.0.3126.42015), X64 RyuJIT x86-64-v4
// GC=Concurrent Workstation
// HardwareIntrinsics=AVX512 F+BW+CD+DQ+VL,AVX2+BMI1+BMI2+F16C+FMA+LZCNT+MOVBE,AVX,SSE3+SSSE3+SSE4.1+SSE4.2+POPCNT,X86Base+SSE+SSE2,AES+PCLMUL VectorSize=256
// Job: campaign(EvaluateOverhead=False, Clock=Armonik.Ffi.Bdn.CpuClock, IterationCount=6, IterationTime=40ms, LaunchCount=1, RunStrategy=Throughput, WarmupCount=4)

OverheadJitting  1: 1 op, 288134.00 ns, 288.1340 us/op
WorkloadJitting  1: 1 op, 3304228.00 ns, 3.3042 ms/op

WorkloadPilot    1: 4 op, 2629760.00 ns, 657.4400 us/op
WorkloadPilot    2: 61 op, 28339002.00 ns, 464.5738 us/op
WorkloadPilot    3: 86 op, 38300533.00 ns, 445.3550 us/op
WorkloadPilot    4: 90 op, 41179641.00 ns, 457.5516 us/op
WorkloadPilot    5: 87 op, 45767909.00 ns, 526.0679 us/op
WorkloadPilot    6: 76 op, 33457911.00 ns, 440.2357 us/op
WorkloadPilot    7: 91 op, 27029640.00 ns, 297.0290 us/op
WorkloadPilot    8: 135 op, 48860277.00 ns, 361.9280 us/op

WorkloadWarmup   1: 135 op, 49438120.00 ns, 366.2083 us/op
WorkloadWarmup   2: 135 op, 47887419.00 ns, 354.7216 us/op
WorkloadWarmup   3: 135 op, 38338732.00 ns, 283.9906 us/op
WorkloadWarmup   4: 135 op, 50026290.00 ns, 370.5651 us/op

// BeforeActualRun
WorkloadActual   1: 135 op, 38606882.00 ns, 285.9769 us/op
WorkloadActual   2: 135 op, 40224551.00 ns, 297.9596 us/op
WorkloadActual   3: 135 op, 40116470.00 ns, 297.1590 us/op
WorkloadActual   4: 135 op, 39723647.00 ns, 294.2492 us/op
WorkloadActual   5: 135 op, 36936975.00 ns, 273.6072 us/op
WorkloadActual   6: 135 op, 40957541.00 ns, 303.3892 us/op

// AfterActualRun
WorkloadResult   1: 135 op, 38606882.00 ns, 285.9769 us/op
WorkloadResult   2: 135 op, 40224551.00 ns, 297.9596 us/op
WorkloadResult   3: 135 op, 40116470.00 ns, 297.1590 us/op
WorkloadResult   4: 135 op, 39723647.00 ns, 294.2492 us/op
WorkloadResult   5: 135 op, 36936975.00 ns, 273.6072 us/op
WorkloadResult   6: 135 op, 40957541.00 ns, 303.3892 us/op
// GC:  6 6 6 141618784 135
// Threading:  0 0 135

// AfterAll
// Benchmark Process 19422 has exited with code 0.

Mean = 292.057 us, StdErr = 4.364 us (1.49%), N = 6, StdDev = 10.691 us
Min = 273.607 us, Q1 = 288.045 us, Median = 295.704 us, Q3 = 297.759 us, Max = 303.389 us
IQR = 9.714 us, LowerFence = 273.473 us, UpperFence = 312.331 us
ConfidenceInterval = [262.078 us; 322.036 us] (CI 99.9%), Margin = 29.979 us (10.26% of Mean)
Skewness = -0.64, Kurtosis = 1.73, MValue = 2

// ** Remained 25 (16.8 %) benchmark(s) to run. Estimated finish 2026-10-04 8:26 (0h 0m from now) **
// **************************
// Benchmark: CodecSuite.Run: campaign(EvaluateOverhead=False, Clock=Armonik.Ffi.Bdn.CpuClock, IterationCount=6, IterationTime=40ms, LaunchCount=1, RunStrategy=Throughput, WarmupCount=4) [Case=host-(...)etain [47]]
// *** Execute ***
// Launch: 1 / 1
// Execute: dotnet BenchDotNet-campaign-1.dll --anonymousPipes 123 124 --benchmarkName "Armonik.Ffi.Bdn.CodecSuite.Run(Case: \"host-gen|encode-transport-hot|P4.1|ascii|retain\")" --job campaign --benchmarkId 124 in /home/user/ArmoniK.Api/ffi/poc/csharp/src/BenchDotNet/bin/Release/net8.0/BenchDotNet-campaign-1/bin/Release/net8.0
// BeforeAnythingElse

// Benchmark Process Environment Information:
// BenchmarkDotNet v0.15.8
// Runtime=.NET 8.0.31 (8.0.31, 8.0.3126.42015), X64 RyuJIT x86-64-v4
// GC=Concurrent Workstation
// HardwareIntrinsics=AVX512 F+BW+CD+DQ+VL,AVX2+BMI1+BMI2+F16C+FMA+LZCNT+MOVBE,AVX,SSE3+SSSE3+SSE4.1+SSE4.2+POPCNT,X86Base+SSE+SSE2,AES+PCLMUL VectorSize=256
// Job: campaign(EvaluateOverhead=False, Clock=Armonik.Ffi.Bdn.CpuClock, IterationCount=6, IterationTime=40ms, LaunchCount=1, RunStrategy=Throughput, WarmupCount=4)

OverheadJitting  1: 1 op, 230524.00 ns, 230.5240 us/op
WorkloadJitting  1: 1 op, 7024158.00 ns, 7.0242 ms/op

WorkloadPilot    1: 4 op, 2408278.00 ns, 602.0695 us/op
WorkloadPilot    2: 66 op, 55418534.00 ns, 839.6748 us/op
WorkloadPilot    3: 48 op, 22877943.00 ns, 476.6238 us/op
WorkloadPilot    4: 84 op, 39397712.00 ns, 469.0204 us/op

WorkloadWarmup   1: 84 op, 39151030.00 ns, 466.0837 us/op
WorkloadWarmup   2: 84 op, 38180865.00 ns, 454.5341 us/op
WorkloadWarmup   3: 84 op, 37700569.00 ns, 448.8163 us/op
WorkloadWarmup   4: 84 op, 37779853.00 ns, 449.7602 us/op

// BeforeActualRun
WorkloadActual   1: 84 op, 37622523.00 ns, 447.8872 us/op
WorkloadActual   2: 84 op, 37478612.00 ns, 446.1740 us/op
WorkloadActual   3: 84 op, 38113171.00 ns, 453.7282 us/op
WorkloadActual   4: 84 op, 38325413.00 ns, 456.2549 us/op
WorkloadActual   5: 84 op, 37489288.00 ns, 446.3010 us/op
WorkloadActual   6: 84 op, 37540121.00 ns, 446.9062 us/op

// AfterActualRun
WorkloadResult   1: 84 op, 37622523.00 ns, 447.8872 us/op
WorkloadResult   2: 84 op, 37478612.00 ns, 446.1740 us/op
WorkloadResult   3: 84 op, 38113171.00 ns, 453.7282 us/op
WorkloadResult   4: 84 op, 38325413.00 ns, 456.2549 us/op
WorkloadResult   5: 84 op, 37489288.00 ns, 446.3010 us/op
WorkloadResult   6: 84 op, 37540121.00 ns, 446.9062 us/op
// GC:  0 0 0 2150400 84
// Threading:  0 0 84

// AfterAll
// Benchmark Process 19432 has exited with code 0.

Mean = 449.542 us, StdErr = 1.771 us (0.39%), N = 6, StdDev = 4.339 us
Min = 446.174 us, Q1 = 446.452 us, Median = 447.397 us, Q3 = 452.268 us, Max = 456.255 us
IQR = 5.816 us, LowerFence = 437.729 us, UpperFence = 460.991 us
ConfidenceInterval = [437.375 us; 461.708 us] (CI 99.9%), Margin = 12.166 us (2.71% of Mean)
Skewness = 0.57, Kurtosis = 1.24, MValue = 2

// ** Remained 24 (16.1 %) benchmark(s) to run. Estimated finish 2026-10-04 8:26 (0h 0m from now) **
// **************************
// Benchmark: CodecSuite.Run: campaign(EvaluateOverhead=False, Clock=Armonik.Ffi.Bdn.CpuClock, IterationCount=6, IterationTime=40ms, LaunchCount=1, RunStrategy=Throughput, WarmupCount=4) [Case=core-(...)etain [37]]
// *** Execute ***
// Launch: 1 / 1
// Execute: dotnet BenchDotNet-campaign-1.dll --anonymousPipes 123 124 --benchmarkName "Armonik.Ffi.Bdn.CodecSuite.Run(Case: \"core-ffi|decode-read|P2.2|wide|retain\")" --job campaign --benchmarkId 125 in /home/user/ArmoniK.Api/ffi/poc/csharp/src/BenchDotNet/bin/Release/net8.0/BenchDotNet-campaign-1/bin/Release/net8.0
// BeforeAnythingElse

// Benchmark Process Environment Information:
// BenchmarkDotNet v0.15.8
// Runtime=.NET 8.0.31 (8.0.31, 8.0.3126.42015), X64 RyuJIT x86-64-v4
// GC=Concurrent Workstation
// HardwareIntrinsics=AVX512 F+BW+CD+DQ+VL,AVX2+BMI1+BMI2+F16C+FMA+LZCNT+MOVBE,AVX,SSE3+SSSE3+SSE4.1+SSE4.2+POPCNT,X86Base+SSE+SSE2,AES+PCLMUL VectorSize=256
// Job: campaign(EvaluateOverhead=False, Clock=Armonik.Ffi.Bdn.CpuClock, IterationCount=6, IterationTime=40ms, LaunchCount=1, RunStrategy=Throughput, WarmupCount=4)

OverheadJitting  1: 1 op, 237567.00 ns, 237.5670 us/op
WorkloadJitting  1: 1 op, 15609808.00 ns, 15.6098 ms/op

WorkloadPilot    1: 4 op, 18678490.00 ns, 4.6696 ms/op
WorkloadPilot    2: 9 op, 46786521.00 ns, 5.1985 ms/op

WorkloadWarmup   1: 9 op, 39543827.00 ns, 4.3938 ms/op
WorkloadWarmup   2: 9 op, 40244371.00 ns, 4.4716 ms/op
WorkloadWarmup   3: 9 op, 40256848.00 ns, 4.4730 ms/op
WorkloadWarmup   4: 9 op, 40049812.00 ns, 4.4500 ms/op

// BeforeActualRun
WorkloadActual   1: 9 op, 40461547.00 ns, 4.4957 ms/op
WorkloadActual   2: 9 op, 39791427.00 ns, 4.4213 ms/op
WorkloadActual   3: 9 op, 39231701.00 ns, 4.3591 ms/op
WorkloadActual   4: 9 op, 40184774.00 ns, 4.4650 ms/op
WorkloadActual   5: 9 op, 39162388.00 ns, 4.3514 ms/op
WorkloadActual   6: 9 op, 39613570.00 ns, 4.4015 ms/op

// AfterActualRun
WorkloadResult   1: 9 op, 40461547.00 ns, 4.4957 ms/op
WorkloadResult   2: 9 op, 39791427.00 ns, 4.4213 ms/op
WorkloadResult   3: 9 op, 39231701.00 ns, 4.3591 ms/op
WorkloadResult   4: 9 op, 40184774.00 ns, 4.4650 ms/op
WorkloadResult   5: 9 op, 39162388.00 ns, 4.3514 ms/op
WorkloadResult   6: 9 op, 39613570.00 ns, 4.4015 ms/op
// GC:  1 0 0 19625256 9
// Threading:  0 0 9

// AfterAll
// Benchmark Process 19441 has exited with code 0.

Mean = 4.416 ms, StdErr = 0.023 ms (0.53%), N = 6, StdDev = 0.057 ms
Min = 4.351 ms, Q1 = 4.370 ms, Median = 4.411 ms, Q3 = 4.454 ms, Max = 4.496 ms
IQR = 0.084 ms, LowerFence = 4.243 ms, UpperFence = 4.581 ms
ConfidenceInterval = [4.255 ms; 4.576 ms] (CI 99.9%), Margin = 0.161 ms (3.64% of Mean)
Skewness = 0.16, Kurtosis = 1.15, MValue = 2

// ** Remained 23 (15.4 %) benchmark(s) to run. Estimated finish 2026-10-04 8:26 (0h 0m from now) **
// **************************
// Benchmark: CodecSuite.Run: campaign(EvaluateOverhead=False, Clock=Armonik.Ffi.Bdn.CpuClock, IterationCount=6, IterationTime=40ms, LaunchCount=1, RunStrategy=Throughput, WarmupCount=4) [Case=core-(...)etain [38]]
// *** Execute ***
// Launch: 1 / 1
// Execute: dotnet BenchDotNet-campaign-1.dll --anonymousPipes 123 124 --benchmarkName "Armonik.Ffi.Bdn.CodecSuite.Run(Case: \"core-ffi|decode-read|P2.5|ascii|retain\")" --job campaign --benchmarkId 126 in /home/user/ArmoniK.Api/ffi/poc/csharp/src/BenchDotNet/bin/Release/net8.0/BenchDotNet-campaign-1/bin/Release/net8.0
// BeforeAnythingElse

// Benchmark Process Environment Information:
// BenchmarkDotNet v0.15.8
// Runtime=.NET 8.0.31 (8.0.31, 8.0.3126.42015), X64 RyuJIT x86-64-v4
// GC=Concurrent Workstation
// HardwareIntrinsics=AVX512 F+BW+CD+DQ+VL,AVX2+BMI1+BMI2+F16C+FMA+LZCNT+MOVBE,AVX,SSE3+SSSE3+SSE4.1+SSE4.2+POPCNT,X86Base+SSE+SSE2,AES+PCLMUL VectorSize=256
// Job: campaign(EvaluateOverhead=False, Clock=Armonik.Ffi.Bdn.CpuClock, IterationCount=6, IterationTime=40ms, LaunchCount=1, RunStrategy=Throughput, WarmupCount=4)

OverheadJitting  1: 1 op, 266643.00 ns, 266.6430 us/op
WorkloadJitting  1: 1 op, 13664068.00 ns, 13.6641 ms/op

WorkloadPilot    1: 4 op, 675184.00 ns, 168.7960 us/op
WorkloadPilot    2: 237 op, 33293113.00 ns, 140.4773 us/op
WorkloadPilot    3: 285 op, 32863724.00 ns, 115.3113 us/op
WorkloadPilot    4: 347 op, 32902132.00 ns, 94.8188 us/op
WorkloadPilot    5: 422 op, 45014212.00 ns, 106.6687 us/op
WorkloadPilot    6: 375 op, 36246251.00 ns, 96.6567 us/op
WorkloadPilot    7: 414 op, 40000045.00 ns, 96.6185 us/op

WorkloadWarmup   1: 414 op, 47185332.00 ns, 113.9742 us/op
WorkloadWarmup   2: 414 op, 38031959.00 ns, 91.8646 us/op
WorkloadWarmup   3: 414 op, 43374905.00 ns, 104.7703 us/op
WorkloadWarmup   4: 414 op, 38825979.00 ns, 93.7826 us/op

// BeforeActualRun
WorkloadActual   1: 414 op, 65064869.00 ns, 157.1615 us/op
WorkloadActual   2: 414 op, 38840939.00 ns, 93.8187 us/op
WorkloadActual   3: 414 op, 37821033.00 ns, 91.3552 us/op
WorkloadActual   4: 414 op, 38455751.00 ns, 92.8883 us/op
WorkloadActual   5: 414 op, 38152534.00 ns, 92.1559 us/op
WorkloadActual   6: 414 op, 40055979.00 ns, 96.7536 us/op

// AfterActualRun
WorkloadResult   1: 414 op, 38840939.00 ns, 93.8187 us/op
WorkloadResult   2: 414 op, 37821033.00 ns, 91.3552 us/op
WorkloadResult   3: 414 op, 38455751.00 ns, 92.8883 us/op
WorkloadResult   4: 414 op, 38152534.00 ns, 92.1559 us/op
WorkloadResult   5: 414 op, 40055979.00 ns, 96.7536 us/op
// GC:  1 0 0 33729408 414
// Threading:  0 0 414

// AfterAll
// Benchmark Process 19450 has exited with code 0.

Mean = 93.394 us, StdErr = 0.933 us (1.00%), N = 5, StdDev = 2.086 us
Min = 91.355 us, Q1 = 92.156 us, Median = 92.888 us, Q3 = 93.819 us, Max = 96.754 us
IQR = 1.663 us, LowerFence = 89.662 us, UpperFence = 96.313 us
ConfidenceInterval = [85.360 us; 101.428 us] (CI 99.9%), Margin = 8.034 us (8.60% of Mean)
Skewness = 0.61, Kurtosis = 1.55, MValue = 2

// ** Remained 22 (14.8 %) benchmark(s) to run. Estimated finish 2026-10-04 8:26 (0h 0m from now) **
// **************************
// Benchmark: CodecSuite.Run: campaign(EvaluateOverhead=False, Clock=Armonik.Ffi.Bdn.CpuClock, IterationCount=6, IterationTime=40ms, LaunchCount=1, RunStrategy=Throughput, WarmupCount=4) [Case=host-(...)etain [38]]
// *** Execute ***
// Launch: 1 / 1
// Execute: dotnet BenchDotNet-campaign-1.dll --anonymousPipes 123 124 --benchmarkName "Armonik.Ffi.Bdn.CodecSuite.Run(Case: \"host-gen|decode-read|P5.2|ascii|retain\")" --job campaign --benchmarkId 127 in /home/user/ArmoniK.Api/ffi/poc/csharp/src/BenchDotNet/bin/Release/net8.0/BenchDotNet-campaign-1/bin/Release/net8.0
// BeforeAnythingElse

// Benchmark Process Environment Information:
// BenchmarkDotNet v0.15.8
// Runtime=.NET 8.0.31 (8.0.31, 8.0.3126.42015), X64 RyuJIT x86-64-v4
// GC=Concurrent Workstation
// HardwareIntrinsics=AVX512 F+BW+CD+DQ+VL,AVX2+BMI1+BMI2+F16C+FMA+LZCNT+MOVBE,AVX,SSE3+SSSE3+SSE4.1+SSE4.2+POPCNT,X86Base+SSE+SSE2,AES+PCLMUL VectorSize=256
// Job: campaign(EvaluateOverhead=False, Clock=Armonik.Ffi.Bdn.CpuClock, IterationCount=6, IterationTime=40ms, LaunchCount=1, RunStrategy=Throughput, WarmupCount=4)

OverheadJitting  1: 1 op, 227710.00 ns, 227.7100 us/op
WorkloadJitting  1: 1 op, 2641189.00 ns, 2.6412 ms/op

OverheadJitting  2: 16 op, 449676.00 ns, 28.1048 us/op
WorkloadJitting  2: 16 op, 1075627.00 ns, 67.2267 us/op

WorkloadPilot    1: 16 op, 495827.00 ns, 30.9892 us/op
WorkloadPilot    2: 1296 op, 17269300.00 ns, 13.3251 us/op
WorkloadPilot    3: 3008 op, 19578975.00 ns, 6.5090 us/op
WorkloadPilot    4: 6160 op, 35334323.00 ns, 5.7361 us/op
WorkloadPilot    5: 6976 op, 44241208.00 ns, 6.3419 us/op
WorkloadPilot    6: 6320 op, 39357957.00 ns, 6.2275 us/op
WorkloadPilot    7: 6432 op, 33375604.00 ns, 5.1890 us/op
WorkloadPilot    8: 7712 op, 48091913.00 ns, 6.2360 us/op
WorkloadPilot    9: 6416 op, 33509115.00 ns, 5.2227 us/op
WorkloadPilot   10: 7664 op, 40936351.00 ns, 5.3414 us/op

WorkloadWarmup   1: 7664 op, 41474203.00 ns, 5.4116 us/op
WorkloadWarmup   2: 7664 op, 39566858.00 ns, 5.1627 us/op
WorkloadWarmup   3: 7664 op, 39528777.00 ns, 5.1577 us/op
WorkloadWarmup   4: 7664 op, 38125977.00 ns, 4.9747 us/op

// BeforeActualRun
WorkloadActual   1: 7664 op, 40927283.00 ns, 5.3402 us/op
WorkloadActual   2: 7664 op, 39396764.00 ns, 5.1405 us/op
WorkloadActual   3: 7664 op, 39373248.00 ns, 5.1374 us/op
WorkloadActual   4: 7664 op, 40629735.00 ns, 5.3014 us/op
WorkloadActual   5: 7664 op, 40463145.00 ns, 5.2796 us/op
WorkloadActual   6: 7664 op, 40397241.00 ns, 5.2710 us/op

// AfterActualRun
WorkloadResult   1: 7664 op, 40927283.00 ns, 5.3402 us/op
WorkloadResult   2: 7664 op, 39396764.00 ns, 5.1405 us/op
WorkloadResult   3: 7664 op, 39373248.00 ns, 5.1374 us/op
WorkloadResult   4: 7664 op, 40629735.00 ns, 5.3014 us/op
WorkloadResult   5: 7664 op, 40463145.00 ns, 5.2796 us/op
WorkloadResult   6: 7664 op, 40397241.00 ns, 5.2710 us/op
// GC:  29 5 0 504536448 7664
// Threading:  0 0 7664

// AfterAll
// Benchmark Process 19462 has exited with code 0.

Mean = 5.245 us, StdErr = 0.035 us (0.67%), N = 6, StdDev = 0.086 us
Min = 5.137 us, Q1 = 5.173 us, Median = 5.275 us, Q3 = 5.296 us, Max = 5.340 us
IQR = 0.123 us, LowerFence = 4.989 us, UpperFence = 5.480 us
ConfidenceInterval = [5.005 us; 5.485 us] (CI 99.9%), Margin = 0.240 us (4.57% of Mean)
Skewness = -0.34, Kurtosis = 1.08, MValue = 2

// ** Remained 21 (14.1 %) benchmark(s) to run. Estimated finish 2026-10-04 8:26 (0h 0m from now) **
// **************************
// Benchmark: CodecSuite.Run: campaign(EvaluateOverhead=False, Clock=Armonik.Ffi.Bdn.CpuClock, IterationCount=6, IterationTime=40ms, LaunchCount=1, RunStrategy=Throughput, WarmupCount=4) [Case=host-(...)etain [75]]
// *** Execute ***
// Launch: 1 / 1
// Execute: dotnet BenchDotNet-campaign-1.dll --anonymousPipes 123 124 --benchmarkName "Armonik.Ffi.Bdn.CodecSuite.Run(Case: \"host-gen|encode-transport-hot|U-wire-DualResponse-left-as-wt5|corpus|retain\")" --job campaign --benchmarkId 128 in /home/user/ArmoniK.Api/ffi/poc/csharp/src/BenchDotNet/bin/Release/net8.0/BenchDotNet-campaign-1/bin/Release/net8.0
// BeforeAnythingElse

// Benchmark Process Environment Information:
// BenchmarkDotNet v0.15.8
// Runtime=.NET 8.0.31 (8.0.31, 8.0.3126.42015), X64 RyuJIT x86-64-v4
// GC=Concurrent Workstation
// HardwareIntrinsics=AVX512 F+BW+CD+DQ+VL,AVX2+BMI1+BMI2+F16C+FMA+LZCNT+MOVBE,AVX,SSE3+SSSE3+SSE4.1+SSE4.2+POPCNT,X86Base+SSE+SSE2,AES+PCLMUL VectorSize=256
// Job: campaign(EvaluateOverhead=False, Clock=Armonik.Ffi.Bdn.CpuClock, IterationCount=6, IterationTime=40ms, LaunchCount=1, RunStrategy=Throughput, WarmupCount=4)

OverheadJitting  1: 1 op, 278811.00 ns, 278.8110 us/op
WorkloadJitting  1: 1 op, 4227467.00 ns, 4.2275 ms/op

WorkloadPilot    1: 4 op, 26423.00 ns, 6.6058 us/op
WorkloadPilot    2: 6055 op, 10885219.00 ns, 1.7977 us/op
WorkloadPilot    3: 22250 op, 27931817.00 ns, 1.2554 us/op
WorkloadPilot    4: 31863 op, 38246314.00 ns, 1.2003 us/op
WorkloadPilot    5: 33324 op, 40822360.00 ns, 1.2250 us/op
WorkloadPilot    6: 32653 op, 42019143.00 ns, 1.2868 us/op
WorkloadPilot    7: 31084 op, 39969186.00 ns, 1.2858 us/op
WorkloadPilot    8: 31108 op, 38176031.00 ns, 1.2272 us/op
WorkloadPilot    9: 32594 op, 39654121.00 ns, 1.2166 us/op
WorkloadPilot   10: 32878 op, 39952693.00 ns, 1.2152 us/op
WorkloadPilot   11: 32917 op, 46524194.00 ns, 1.4134 us/op

WorkloadWarmup   1: 32917 op, 98111175.00 ns, 2.9806 us/op
WorkloadWarmup   2: 32917 op, 123659813.00 ns, 3.7567 us/op
WorkloadWarmup   3: 32917 op, 80535868.00 ns, 2.4466 us/op
WorkloadWarmup   4: 32917 op, 39225679.00 ns, 1.1917 us/op

// BeforeActualRun
WorkloadActual   1: 32917 op, 38140582.00 ns, 1.1587 us/op
WorkloadActual   2: 32917 op, 38856123.00 ns, 1.1804 us/op
WorkloadActual   3: 32917 op, 38758036.00 ns, 1.1774 us/op
WorkloadActual   4: 32917 op, 38624651.00 ns, 1.1734 us/op
WorkloadActual   5: 32917 op, 38210929.00 ns, 1.1608 us/op
WorkloadActual   6: 32917 op, 38013667.00 ns, 1.1548 us/op

// AfterActualRun
WorkloadResult   1: 32917 op, 38140582.00 ns, 1.1587 us/op
WorkloadResult   2: 32917 op, 38856123.00 ns, 1.1804 us/op
WorkloadResult   3: 32917 op, 38758036.00 ns, 1.1774 us/op
WorkloadResult   4: 32917 op, 38624651.00 ns, 1.1734 us/op
WorkloadResult   5: 32917 op, 38210929.00 ns, 1.1608 us/op
WorkloadResult   6: 32917 op, 38013667.00 ns, 1.1548 us/op
// GC:  0 0 0 0 32917
// Threading:  0 0 32917

// AfterAll
// Benchmark Process 19471 has exited with code 0.

Mean = 1.168 us, StdErr = 0.004 us (0.38%), N = 6, StdDev = 0.011 us
Min = 1.155 us, Q1 = 1.159 us, Median = 1.167 us, Q3 = 1.176 us, Max = 1.180 us
IQR = 0.017 us, LowerFence = 1.133 us, UpperFence = 1.202 us
ConfidenceInterval = [1.137 us; 1.198 us] (CI 99.9%), Margin = 0.030 us (2.59% of Mean)
Skewness = 0.02, Kurtosis = 0.89, MValue = 2

// ** Remained 20 (13.4 %) benchmark(s) to run. Estimated finish 2026-10-04 8:26 (0h 0m from now) **
// **************************
// Benchmark: CodecSuite.Run: campaign(EvaluateOverhead=False, Clock=Armonik.Ffi.Bdn.CpuClock, IterationCount=6, IterationTime=40ms, LaunchCount=1, RunStrategy=Throughput, WarmupCount=4) [Case=host-(...)etain [53]]
// *** Execute ***
// Launch: 1 / 1
// Execute: dotnet BenchDotNet-campaign-1.dll --anonymousPipes 123 124 --benchmarkName "Armonik.Ffi.Bdn.CodecSuite.Run(Case: \"host-gen|decode-read|U-oneof-u-repeated|corpus|retain\")" --job campaign --benchmarkId 129 in /home/user/ArmoniK.Api/ffi/poc/csharp/src/BenchDotNet/bin/Release/net8.0/BenchDotNet-campaign-1/bin/Release/net8.0
// BeforeAnythingElse

// Benchmark Process Environment Information:
// BenchmarkDotNet v0.15.8
// Runtime=.NET 8.0.31 (8.0.31, 8.0.3126.42015), X64 RyuJIT x86-64-v4
// GC=Concurrent Workstation
// HardwareIntrinsics=AVX512 F+BW+CD+DQ+VL,AVX2+BMI1+BMI2+F16C+FMA+LZCNT+MOVBE,AVX,SSE3+SSSE3+SSE4.1+SSE4.2+POPCNT,X86Base+SSE+SSE2,AES+PCLMUL VectorSize=256
// Job: campaign(EvaluateOverhead=False, Clock=Armonik.Ffi.Bdn.CpuClock, IterationCount=6, IterationTime=40ms, LaunchCount=1, RunStrategy=Throughput, WarmupCount=4)

OverheadJitting  1: 1 op, 255746.00 ns, 255.7460 us/op
WorkloadJitting  1: 1 op, 2684050.00 ns, 2.6841 ms/op

WorkloadPilot    1: 4 op, 25427.00 ns, 6.3568 us/op
WorkloadPilot    2: 6293 op, 6147210.00 ns, 976.8330 ns/op
WorkloadPilot    3: 40949 op, 38910023.00 ns, 950.2069 ns/op
WorkloadPilot    4: 42096 op, 33733025.00 ns, 801.3356 ns/op
WorkloadPilot    5: 49917 op, 36952572.00 ns, 740.2803 ns/op
WorkloadPilot    6: 54034 op, 40058745.00 ns, 741.3618 ns/op
WorkloadPilot    7: 53955 op, 43814359.00 ns, 812.0537 ns/op
WorkloadPilot    8: 49258 op, 36851861.00 ns, 748.1396 ns/op
WorkloadPilot    9: 53466 op, 38504973.00 ns, 720.1768 ns/op
WorkloadPilot   10: 55542 op, 38030120.00 ns, 684.7092 ns/op
WorkloadPilot   11: 58419 op, 40538093.00 ns, 693.9197 ns/op

WorkloadWarmup   1: 58419 op, 39933226.00 ns, 683.5657 ns/op
WorkloadWarmup   2: 58419 op, 41304908.00 ns, 707.0458 ns/op
WorkloadWarmup   3: 58419 op, 40292979.00 ns, 689.7239 ns/op
WorkloadWarmup   4: 58419 op, 40590897.00 ns, 694.8236 ns/op

// BeforeActualRun
WorkloadActual   1: 58419 op, 45882226.00 ns, 785.3990 ns/op
WorkloadActual   2: 58419 op, 43919202.00 ns, 751.7965 ns/op
WorkloadActual   3: 58419 op, 52518842.00 ns, 899.0028 ns/op
WorkloadActual   4: 58419 op, 42103764.00 ns, 720.7204 ns/op
WorkloadActual   5: 58419 op, 43026246.00 ns, 736.5112 ns/op
WorkloadActual   6: 58419 op, 44681753.00 ns, 764.8497 ns/op

// AfterActualRun
WorkloadResult   1: 58419 op, 45882226.00 ns, 785.3990 ns/op
WorkloadResult   2: 58419 op, 43919202.00 ns, 751.7965 ns/op
WorkloadResult   3: 58419 op, 42103764.00 ns, 720.7204 ns/op
WorkloadResult   4: 58419 op, 43026246.00 ns, 736.5112 ns/op
WorkloadResult   5: 58419 op, 44681753.00 ns, 764.8497 ns/op
// GC:  1 0 0 25704360 58419
// Threading:  0 0 58419

// AfterAll
// Benchmark Process 19480 has exited with code 0.

Mean = 751.855 ns, StdErr = 11.178 ns (1.49%), N = 5, StdDev = 24.994 ns
Min = 720.720 ns, Q1 = 736.511 ns, Median = 751.797 ns, Q3 = 764.850 ns, Max = 785.399 ns
IQR = 28.339 ns, LowerFence = 694.003 ns, UpperFence = 807.357 ns
ConfidenceInterval = [655.611 ns; 848.100 ns] (CI 99.9%), Margin = 96.244 ns (12.80% of Mean)
Skewness = 0.08, Kurtosis = 1.17, MValue = 2

// ** Remained 19 (12.8 %) benchmark(s) to run. Estimated finish 2026-10-04 8:26 (0h 0m from now) **
// **************************
// Benchmark: CodecSuite.Run: campaign(EvaluateOverhead=False, Clock=Armonik.Ffi.Bdn.CpuClock, IterationCount=6, IterationTime=40ms, LaunchCount=1, RunStrategy=Throughput, WarmupCount=4) [Case=core-(...)etain [62]]
// *** Execute ***
// Launch: 1 / 1
// Execute: dotnet BenchDotNet-campaign-1.dll --anonymousPipes 123 124 --benchmarkName "Armonik.Ffi.Bdn.CodecSuite.Run(Case: \"core-ffi|encode-transport-hot|U-oneof-u-repeated|corpus|retain\")" --job campaign --benchmarkId 130 in /home/user/ArmoniK.Api/ffi/poc/csharp/src/BenchDotNet/bin/Release/net8.0/BenchDotNet-campaign-1/bin/Release/net8.0
// BeforeAnythingElse

// Benchmark Process Environment Information:
// BenchmarkDotNet v0.15.8
// Runtime=.NET 8.0.31 (8.0.31, 8.0.3126.42015), X64 RyuJIT x86-64-v4
// GC=Concurrent Workstation
// HardwareIntrinsics=AVX512 F+BW+CD+DQ+VL,AVX2+BMI1+BMI2+F16C+FMA+LZCNT+MOVBE,AVX,SSE3+SSSE3+SSE4.1+SSE4.2+POPCNT,X86Base+SSE+SSE2,AES+PCLMUL VectorSize=256
// Job: campaign(EvaluateOverhead=False, Clock=Armonik.Ffi.Bdn.CpuClock, IterationCount=6, IterationTime=40ms, LaunchCount=1, RunStrategy=Throughput, WarmupCount=4)

OverheadJitting  1: 1 op, 228792.00 ns, 228.7920 us/op
WorkloadJitting  1: 1 op, 5292718.00 ns, 5.2927 ms/op

WorkloadPilot    1: 4 op, 65168.00 ns, 16.2920 us/op
WorkloadPilot    2: 2455 op, 912952.00 ns, 371.8745 ns/op
WorkloadPilot    3: 107563 op, 45398742.00 ns, 422.0665 ns/op
WorkloadPilot    4: 94772 op, 43201209.00 ns, 455.8436 ns/op
WorkloadPilot    5: 87749 op, 34459159.00 ns, 392.7014 ns/op
WorkloadPilot    6: 101859 op, 38436247.00 ns, 377.3476 ns/op
WorkloadPilot    7: 106003 op, 41418885.00 ns, 390.7331 ns/op

WorkloadWarmup   1: 106003 op, 41793563.00 ns, 394.2677 ns/op
WorkloadWarmup   2: 106003 op, 39881916.00 ns, 376.2338 ns/op
WorkloadWarmup   3: 106003 op, 40473473.00 ns, 381.8144 ns/op
WorkloadWarmup   4: 106003 op, 40238859.00 ns, 379.6011 ns/op

// BeforeActualRun
WorkloadActual   1: 106003 op, 41219203.00 ns, 388.8494 ns/op
WorkloadActual   2: 106003 op, 40381345.00 ns, 380.9453 ns/op
WorkloadActual   3: 106003 op, 46277014.00 ns, 436.5632 ns/op
WorkloadActual   4: 106003 op, 39857019.00 ns, 375.9990 ns/op
WorkloadActual   5: 106003 op, 42693635.00 ns, 402.7587 ns/op
WorkloadActual   6: 106003 op, 41622957.00 ns, 392.6583 ns/op

// AfterActualRun
WorkloadResult   1: 106003 op, 41219203.00 ns, 388.8494 ns/op
WorkloadResult   2: 106003 op, 40381345.00 ns, 380.9453 ns/op
WorkloadResult   3: 106003 op, 39857019.00 ns, 375.9990 ns/op
WorkloadResult   4: 106003 op, 42693635.00 ns, 402.7587 ns/op
WorkloadResult   5: 106003 op, 41622957.00 ns, 392.6583 ns/op
// GC:  0 0 0 0 106003
// Threading:  0 0 106003

// AfterAll
// Benchmark Process 19489 has exited with code 0.

Mean = 388.242 ns, StdErr = 4.657 ns (1.20%), N = 5, StdDev = 10.413 ns
Min = 375.999 ns, Q1 = 380.945 ns, Median = 388.849 ns, Q3 = 392.658 ns, Max = 402.759 ns
IQR = 11.713 ns, LowerFence = 363.376 ns, UpperFence = 410.228 ns
ConfidenceInterval = [348.144 ns; 428.340 ns] (CI 99.9%), Margin = 40.098 ns (10.33% of Mean)
Skewness = 0.16, Kurtosis = 1.19, MValue = 2

// ** Remained 18 (12.1 %) benchmark(s) to run. Estimated finish 2026-10-04 8:26 (0h 0m from now) **
// **************************
// Benchmark: CodecSuite.Run: campaign(EvaluateOverhead=False, Clock=Armonik.Ffi.Bdn.CpuClock, IterationCount=6, IterationTime=40ms, LaunchCount=1, RunStrategy=Throughput, WarmupCount=4) [Case=incum(...)fault [57]]
// *** Execute ***
// Launch: 1 / 1
// Execute: dotnet BenchDotNet-campaign-1.dll --anonymousPipes 123 124 --benchmarkName "Armonik.Ffi.Bdn.CodecSuite.Run(Case: \"incumbent-prod|decode-read|U-nested-before|corpus|default\")" --job campaign --benchmarkId 131 in /home/user/ArmoniK.Api/ffi/poc/csharp/src/BenchDotNet/bin/Release/net8.0/BenchDotNet-campaign-1/bin/Release/net8.0
// BeforeAnythingElse

// Benchmark Process Environment Information:
// BenchmarkDotNet v0.15.8
// Runtime=.NET 8.0.31 (8.0.31, 8.0.3126.42015), X64 RyuJIT x86-64-v4
// GC=Concurrent Workstation
// HardwareIntrinsics=AVX512 F+BW+CD+DQ+VL,AVX2+BMI1+BMI2+F16C+FMA+LZCNT+MOVBE,AVX,SSE3+SSSE3+SSE4.1+SSE4.2+POPCNT,X86Base+SSE+SSE2,AES+PCLMUL VectorSize=256
// Job: campaign(EvaluateOverhead=False, Clock=Armonik.Ffi.Bdn.CpuClock, IterationCount=6, IterationTime=40ms, LaunchCount=1, RunStrategy=Throughput, WarmupCount=4)

OverheadJitting  1: 1 op, 235832.00 ns, 235.8320 us/op
WorkloadJitting  1: 1 op, 12710103.00 ns, 12.7101 ms/op

WorkloadPilot    1: 4 op, 75122.00 ns, 18.7805 us/op
WorkloadPilot    2: 2130 op, 10910324.00 ns, 5.1222 us/op
WorkloadPilot    3: 7809 op, 38729595.00 ns, 4.9596 us/op
WorkloadPilot    4: 8065 op, 36669615.00 ns, 4.5468 us/op
WorkloadPilot    5: 8797 op, 33807081.00 ns, 3.8430 us/op
WorkloadPilot    6: 10408 op, 38596812.00 ns, 3.7084 us/op
WorkloadPilot    7: 10786 op, 39847486.00 ns, 3.6944 us/op
WorkloadPilot    8: 10827 op, 44745502.00 ns, 4.1328 us/op
WorkloadPilot    9: 9679 op, 35556703.00 ns, 3.6736 us/op
WorkloadPilot   10: 10889 op, 39875774.00 ns, 3.6620 us/op
WorkloadPilot   11: 10923 op, 43701517.00 ns, 4.0009 us/op
WorkloadPilot   12: 9998 op, 36707701.00 ns, 3.6715 us/op
WorkloadPilot   13: 10895 op, 39996170.00 ns, 3.6711 us/op

WorkloadWarmup   1: 10895 op, 40208251.00 ns, 3.6905 us/op
WorkloadWarmup   2: 10895 op, 39968154.00 ns, 3.6685 us/op
WorkloadWarmup   3: 10895 op, 39790340.00 ns, 3.6522 us/op
WorkloadWarmup   4: 10895 op, 39512368.00 ns, 3.6267 us/op

// BeforeActualRun
WorkloadActual   1: 10895 op, 41181220.00 ns, 3.7798 us/op
WorkloadActual   2: 10895 op, 39598144.00 ns, 3.6345 us/op
WorkloadActual   3: 10895 op, 39439461.00 ns, 3.6200 us/op
WorkloadActual   4: 10895 op, 39320216.00 ns, 3.6090 us/op
WorkloadActual   5: 10895 op, 39603780.00 ns, 3.6350 us/op
WorkloadActual   6: 10895 op, 39422942.00 ns, 3.6184 us/op

// AfterActualRun
WorkloadResult   1: 10895 op, 39598144.00 ns, 3.6345 us/op
WorkloadResult   2: 10895 op, 39439461.00 ns, 3.6200 us/op
WorkloadResult   3: 10895 op, 39320216.00 ns, 3.6090 us/op
WorkloadResult   4: 10895 op, 39603780.00 ns, 3.6350 us/op
WorkloadResult   5: 10895 op, 39422942.00 ns, 3.6184 us/op
// GC:  1 0 0 29285760 10895
// Threading:  0 0 10895

// AfterAll
// Benchmark Process 19503 has exited with code 0.

Mean = 3.623 us, StdErr = 0.005 us (0.14%), N = 5, StdDev = 0.011 us
Min = 3.609 us, Q1 = 3.618 us, Median = 3.620 us, Q3 = 3.635 us, Max = 3.635 us
IQR = 0.016 us, LowerFence = 3.594 us, UpperFence = 3.659 us
ConfidenceInterval = [3.580 us; 3.667 us] (CI 99.9%), Margin = 0.043 us (1.19% of Mean)
Skewness = -0.03, Kurtosis = 0.98, MValue = 2

// ** Remained 17 (11.4 %) benchmark(s) to run. Estimated finish 2026-10-04 8:26 (0h 0m from now) **
// **************************
// Benchmark: CodecSuite.Run: campaign(EvaluateOverhead=False, Clock=Armonik.Ffi.Bdn.CpuClock, IterationCount=6, IterationTime=40ms, LaunchCount=1, RunStrategy=Throughput, WarmupCount=4) [Case=core-(...)etain [53]]
// *** Execute ***
// Launch: 1 / 1
// Execute: dotnet BenchDotNet-campaign-1.dll --anonymousPipes 123 124 --benchmarkName "Armonik.Ffi.Bdn.CodecSuite.Run(Case: \"core-ffi|decode-read|U-oneof-u-repeated|corpus|retain\")" --job campaign --benchmarkId 132 in /home/user/ArmoniK.Api/ffi/poc/csharp/src/BenchDotNet/bin/Release/net8.0/BenchDotNet-campaign-1/bin/Release/net8.0
// BeforeAnythingElse

// Benchmark Process Environment Information:
// BenchmarkDotNet v0.15.8
// Runtime=.NET 8.0.31 (8.0.31, 8.0.3126.42015), X64 RyuJIT x86-64-v4
// GC=Concurrent Workstation
// HardwareIntrinsics=AVX512 F+BW+CD+DQ+VL,AVX2+BMI1+BMI2+F16C+FMA+LZCNT+MOVBE,AVX,SSE3+SSSE3+SSE4.1+SSE4.2+POPCNT,X86Base+SSE+SSE2,AES+PCLMUL VectorSize=256
// Job: campaign(EvaluateOverhead=False, Clock=Armonik.Ffi.Bdn.CpuClock, IterationCount=6, IterationTime=40ms, LaunchCount=1, RunStrategy=Throughput, WarmupCount=4)

OverheadJitting  1: 1 op, 275270.00 ns, 275.2700 us/op
WorkloadJitting  1: 1 op, 6532389.00 ns, 6.5324 ms/op

WorkloadPilot    1: 4 op, 35729.00 ns, 8.9323 us/op
WorkloadPilot    2: 4478 op, 7036543.00 ns, 1.5714 us/op
WorkloadPilot    3: 25456 op, 36730640.00 ns, 1.4429 us/op
WorkloadPilot    4: 27722 op, 38864099.00 ns, 1.4019 us/op
WorkloadPilot    5: 28532 op, 35095514.00 ns, 1.2300 us/op
WorkloadPilot    6: 32519 op, 43075873.00 ns, 1.3246 us/op
WorkloadPilot    7: 30197 op, 37905536.00 ns, 1.2553 us/op
WorkloadPilot    8: 31866 op, 43242600.00 ns, 1.3570 us/op
WorkloadPilot    9: 29476 op, 37198348.00 ns, 1.2620 us/op
WorkloadPilot   10: 31696 op, 38178553.00 ns, 1.2045 us/op
WorkloadPilot   11: 33208 op, 43157177.00 ns, 1.2996 us/op

WorkloadWarmup   1: 33208 op, 42260232.00 ns, 1.2726 us/op
WorkloadWarmup   2: 33208 op, 39057839.00 ns, 1.1762 us/op
WorkloadWarmup   3: 33208 op, 40040148.00 ns, 1.2057 us/op
WorkloadWarmup   4: 33208 op, 39864123.00 ns, 1.2004 us/op

// BeforeActualRun
WorkloadActual   1: 33208 op, 40369155.00 ns, 1.2156 us/op
WorkloadActual   2: 33208 op, 39625156.00 ns, 1.1932 us/op
WorkloadActual   3: 33208 op, 39302810.00 ns, 1.1835 us/op
WorkloadActual   4: 33208 op, 39195883.00 ns, 1.1803 us/op
WorkloadActual   5: 33208 op, 39590142.00 ns, 1.1922 us/op
WorkloadActual   6: 33208 op, 39378096.00 ns, 1.1858 us/op

// AfterActualRun
WorkloadResult   1: 33208 op, 39625156.00 ns, 1.1932 us/op
WorkloadResult   2: 33208 op, 39302810.00 ns, 1.1835 us/op
WorkloadResult   3: 33208 op, 39195883.00 ns, 1.1803 us/op
WorkloadResult   4: 33208 op, 39590142.00 ns, 1.1922 us/op
WorkloadResult   5: 33208 op, 39378096.00 ns, 1.1858 us/op
// GC:  0 0 0 13283200 33208
// Threading:  0 0 33208

// AfterAll
// Benchmark Process 19515 has exited with code 0.

Mean = 1.187 us, StdErr = 0.002 us (0.21%), N = 5, StdDev = 0.006 us
Min = 1.180 us, Q1 = 1.184 us, Median = 1.186 us, Q3 = 1.192 us, Max = 1.193 us
IQR = 0.009 us, LowerFence = 1.171 us, UpperFence = 1.205 us
ConfidenceInterval = [1.166 us; 1.208 us] (CI 99.9%), Margin = 0.021 us (1.81% of Mean)
Skewness = 0.04, Kurtosis = 0.91, MValue = 2

// ** Remained 16 (10.7 %) benchmark(s) to run. Estimated finish 2026-10-04 8:26 (0h 0m from now) **
// **************************
// Benchmark: CodecSuite.Run: campaign(EvaluateOverhead=False, Clock=Armonik.Ffi.Bdn.CpuClock, IterationCount=6, IterationTime=40ms, LaunchCount=1, RunStrategy=Throughput, WarmupCount=4) [Case=core-(...)etain [47]]
// *** Execute ***
// Launch: 1 / 1
// Execute: dotnet BenchDotNet-campaign-1.dll --anonymousPipes 123 124 --benchmarkName "Armonik.Ffi.Bdn.CodecSuite.Run(Case: \"core-ffi|encode-transport-hot|P1.1|ascii|retain\")" --job campaign --benchmarkId 133 in /home/user/ArmoniK.Api/ffi/poc/csharp/src/BenchDotNet/bin/Release/net8.0/BenchDotNet-campaign-1/bin/Release/net8.0
// BeforeAnythingElse

// Benchmark Process Environment Information:
// BenchmarkDotNet v0.15.8
// Runtime=.NET 8.0.31 (8.0.31, 8.0.3126.42015), X64 RyuJIT x86-64-v4
// GC=Concurrent Workstation
// HardwareIntrinsics=AVX512 F+BW+CD+DQ+VL,AVX2+BMI1+BMI2+F16C+FMA+LZCNT+MOVBE,AVX,SSE3+SSSE3+SSE4.1+SSE4.2+POPCNT,X86Base+SSE+SSE2,AES+PCLMUL VectorSize=256
// Job: campaign(EvaluateOverhead=False, Clock=Armonik.Ffi.Bdn.CpuClock, IterationCount=6, IterationTime=40ms, LaunchCount=1, RunStrategy=Throughput, WarmupCount=4)

OverheadJitting  1: 1 op, 232669.00 ns, 232.6690 us/op
WorkloadJitting  1: 1 op, 5211974.00 ns, 5.2120 ms/op

WorkloadPilot    1: 4 op, 27649.00 ns, 6.9123 us/op
WorkloadPilot    2: 5787 op, 8286833.00 ns, 1.4320 us/op
WorkloadPilot    3: 27933 op, 40316332.00 ns, 1.4433 us/op
WorkloadPilot    4: 27714 op, 39243573.00 ns, 1.4160 us/op
WorkloadPilot    5: 28248 op, 44267918.00 ns, 1.5671 us/op
WorkloadPilot    6: 25525 op, 37589389.00 ns, 1.4726 us/op
WorkloadPilot    7: 27162 op, 39356045.00 ns, 1.4489 us/op
WorkloadPilot    8: 27606 op, 42384545.00 ns, 1.5353 us/op

WorkloadWarmup   1: 27606 op, 38783038.00 ns, 1.4049 us/op
WorkloadWarmup   2: 27606 op, 38929381.00 ns, 1.4102 us/op
WorkloadWarmup   3: 27606 op, 38905436.00 ns, 1.4093 us/op
WorkloadWarmup   4: 27606 op, 39582770.00 ns, 1.4338 us/op

// BeforeActualRun
WorkloadActual   1: 27606 op, 39987453.00 ns, 1.4485 us/op
WorkloadActual   2: 27606 op, 39185637.00 ns, 1.4195 us/op
WorkloadActual   3: 27606 op, 39031898.00 ns, 1.4139 us/op
WorkloadActual   4: 27606 op, 41559329.00 ns, 1.5054 us/op
WorkloadActual   5: 27606 op, 39266235.00 ns, 1.4224 us/op
WorkloadActual   6: 27606 op, 39859181.00 ns, 1.4439 us/op

// AfterActualRun
WorkloadResult   1: 27606 op, 39987453.00 ns, 1.4485 us/op
WorkloadResult   2: 27606 op, 39185637.00 ns, 1.4195 us/op
WorkloadResult   3: 27606 op, 39031898.00 ns, 1.4139 us/op
WorkloadResult   4: 27606 op, 39266235.00 ns, 1.4224 us/op
WorkloadResult   5: 27606 op, 39859181.00 ns, 1.4439 us/op
// GC:  0 0 0 0 27606
// Threading:  0 0 27606

// AfterAll
// Benchmark Process 19524 has exited with code 0.

Mean = 1.430 us, StdErr = 0.007 us (0.49%), N = 5, StdDev = 0.016 us
Min = 1.414 us, Q1 = 1.419 us, Median = 1.422 us, Q3 = 1.444 us, Max = 1.449 us
IQR = 0.024 us, LowerFence = 1.383 us, UpperFence = 1.480 us
ConfidenceInterval = [1.370 us; 1.489 us] (CI 99.9%), Margin = 0.060 us (4.18% of Mean)
Skewness = 0.23, Kurtosis = 0.84, MValue = 2

// ** Remained 15 (10.1 %) benchmark(s) to run. Estimated finish 2026-10-04 8:26 (0h 0m from now) **
// **************************
// Benchmark: CodecSuite.Run: campaign(EvaluateOverhead=False, Clock=Armonik.Ffi.Bdn.CpuClock, IterationCount=6, IterationTime=40ms, LaunchCount=1, RunStrategy=Throughput, WarmupCount=4) [Case=incum(...)fault [45]]
// *** Execute ***
// Launch: 1 / 1
// Execute: dotnet BenchDotNet-campaign-1.dll --anonymousPipes 123 124 --benchmarkName "Armonik.Ffi.Bdn.CodecSuite.Run(Case: \"incumbent-prod|decode-read|P5.2|ascii|default\")" --job campaign --benchmarkId 134 in /home/user/ArmoniK.Api/ffi/poc/csharp/src/BenchDotNet/bin/Release/net8.0/BenchDotNet-campaign-1/bin/Release/net8.0
// BeforeAnythingElse

// Benchmark Process Environment Information:
// BenchmarkDotNet v0.15.8
// Runtime=.NET 8.0.31 (8.0.31, 8.0.3126.42015), X64 RyuJIT x86-64-v4
// GC=Concurrent Workstation
// HardwareIntrinsics=AVX512 F+BW+CD+DQ+VL,AVX2+BMI1+BMI2+F16C+FMA+LZCNT+MOVBE,AVX,SSE3+SSSE3+SSE4.1+SSE4.2+POPCNT,X86Base+SSE+SSE2,AES+PCLMUL VectorSize=256
// Job: campaign(EvaluateOverhead=False, Clock=Armonik.Ffi.Bdn.CpuClock, IterationCount=6, IterationTime=40ms, LaunchCount=1, RunStrategy=Throughput, WarmupCount=4)

OverheadJitting  1: 1 op, 285486.00 ns, 285.4860 us/op
WorkloadJitting  1: 1 op, 4599922.00 ns, 4.5999 ms/op

WorkloadPilot    1: 4 op, 237901.00 ns, 59.4753 us/op
WorkloadPilot    2: 673 op, 13445403.00 ns, 19.9783 us/op
WorkloadPilot    3: 2002 op, 14489630.00 ns, 7.2376 us/op
WorkloadPilot    4: 5527 op, 31824078.00 ns, 5.7579 us/op
WorkloadPilot    5: 6947 op, 38679372.00 ns, 5.5678 us/op
WorkloadPilot    6: 7184 op, 44757850.00 ns, 6.2302 us/op
WorkloadPilot    7: 6420 op, 39383557.00 ns, 6.1345 us/op
WorkloadPilot    8: 6520 op, 38550772.00 ns, 5.9127 us/op
WorkloadPilot    9: 6765 op, 44619667.00 ns, 6.5957 us/op
WorkloadPilot   10: 6065 op, 40105335.00 ns, 6.6126 us/op

WorkloadWarmup   1: 6065 op, 35568619.00 ns, 5.8646 us/op
WorkloadWarmup   2: 6065 op, 34771259.00 ns, 5.7331 us/op
WorkloadWarmup   3: 6065 op, 33784613.00 ns, 5.5704 us/op
WorkloadWarmup   4: 6065 op, 33734014.00 ns, 5.5621 us/op

// BeforeActualRun
WorkloadActual   1: 6065 op, 36391119.00 ns, 6.0002 us/op
WorkloadActual   2: 6065 op, 38459815.00 ns, 6.3413 us/op
WorkloadActual   3: 6065 op, 38716316.00 ns, 6.3836 us/op
WorkloadActual   4: 6065 op, 42667087.00 ns, 7.0350 us/op
WorkloadActual   5: 6065 op, 37178753.00 ns, 6.1300 us/op
WorkloadActual   6: 6065 op, 36117168.00 ns, 5.9550 us/op

// AfterActualRun
WorkloadResult   1: 6065 op, 36391119.00 ns, 6.0002 us/op
WorkloadResult   2: 6065 op, 38459815.00 ns, 6.3413 us/op
WorkloadResult   3: 6065 op, 38716316.00 ns, 6.3836 us/op
WorkloadResult   4: 6065 op, 37178753.00 ns, 6.1300 us/op
WorkloadResult   5: 6065 op, 36117168.00 ns, 5.9550 us/op
// GC:  23 4 0 399465160 6065
// Threading:  0 0 6065

// AfterAll
// Benchmark Process 19533 has exited with code 0.

Mean = 6.162 us, StdErr = 0.087 us (1.41%), N = 5, StdDev = 0.194 us
Min = 5.955 us, Q1 = 6.000 us, Median = 6.130 us, Q3 = 6.341 us, Max = 6.384 us
IQR = 0.341 us, LowerFence = 5.489 us, UpperFence = 6.853 us
ConfidenceInterval = [5.413 us; 6.911 us] (CI 99.9%), Margin = 0.749 us (12.15% of Mean)
Skewness = 0.09, Kurtosis = 0.83, MValue = 2

// ** Remained 14 (9.4 %) benchmark(s) to run. Estimated finish 2026-10-04 8:26 (0h 0m from now) **
// **************************
// Benchmark: CodecSuite.Run: campaign(EvaluateOverhead=False, Clock=Armonik.Ffi.Bdn.CpuClock, IterationCount=6, IterationTime=40ms, LaunchCount=1, RunStrategy=Throughput, WarmupCount=4) [Case=host-(...)etain [38]]
// *** Execute ***
// Launch: 1 / 1
// Execute: dotnet BenchDotNet-campaign-1.dll --anonymousPipes 123 124 --benchmarkName "Armonik.Ffi.Bdn.CodecSuite.Run(Case: \"host-gen|decode-read|P5.1|ascii|retain\")" --job campaign --benchmarkId 135 in /home/user/ArmoniK.Api/ffi/poc/csharp/src/BenchDotNet/bin/Release/net8.0/BenchDotNet-campaign-1/bin/Release/net8.0
// BeforeAnythingElse

// Benchmark Process Environment Information:
// BenchmarkDotNet v0.15.8
// Runtime=.NET 8.0.31 (8.0.31, 8.0.3126.42015), X64 RyuJIT x86-64-v4
// GC=Concurrent Workstation
// HardwareIntrinsics=AVX512 F+BW+CD+DQ+VL,AVX2+BMI1+BMI2+F16C+FMA+LZCNT+MOVBE,AVX,SSE3+SSSE3+SSE4.1+SSE4.2+POPCNT,X86Base+SSE+SSE2,AES+PCLMUL VectorSize=256
// Job: campaign(EvaluateOverhead=False, Clock=Armonik.Ffi.Bdn.CpuClock, IterationCount=6, IterationTime=40ms, LaunchCount=1, RunStrategy=Throughput, WarmupCount=4)

OverheadJitting  1: 1 op, 231025.00 ns, 231.0250 us/op
WorkloadJitting  1: 1 op, 2015261.00 ns, 2.0153 ms/op

OverheadJitting  2: 16 op, 447048.00 ns, 27.9405 us/op
WorkloadJitting  2: 16 op, 506954.00 ns, 31.6846 us/op

WorkloadPilot    1: 16 op, 24169.00 ns, 1.5106 us/op
WorkloadPilot    2: 26480 op, 15944928.00 ns, 602.1498 ns/op
WorkloadPilot    3: 66432 op, 29810945.00 ns, 448.7438 ns/op
WorkloadPilot    4: 89152 op, 35708810.00 ns, 400.5385 ns/op
WorkloadPilot    5: 99872 op, 33908424.00 ns, 339.5188 ns/op
WorkloadPilot    6: 117824 op, 38627025.00 ns, 327.8366 ns/op
WorkloadPilot    7: 122016 op, 42119760.00 ns, 345.1987 ns/op
WorkloadPilot    8: 115888 op, 40634102.00 ns, 350.6325 ns/op
WorkloadPilot    9: 114080 op, 41995292.00 ns, 368.1214 ns/op

WorkloadWarmup   1: 114080 op, 44015267.00 ns, 385.8281 ns/op
WorkloadWarmup   2: 114080 op, 40390923.00 ns, 354.0579 ns/op
WorkloadWarmup   3: 114080 op, 37826187.00 ns, 331.5760 ns/op
WorkloadWarmup   4: 114080 op, 37779192.00 ns, 331.1640 ns/op

// BeforeActualRun
WorkloadActual   1: 114080 op, 39010659.00 ns, 341.9588 ns/op
WorkloadActual   2: 114080 op, 37686020.00 ns, 330.3473 ns/op
WorkloadActual   3: 114080 op, 38195290.00 ns, 334.8114 ns/op
WorkloadActual   4: 114080 op, 36849913.00 ns, 323.0182 ns/op
WorkloadActual   5: 114080 op, 36670520.00 ns, 321.4457 ns/op
WorkloadActual   6: 114080 op, 36582473.00 ns, 320.6739 ns/op

// AfterActualRun
WorkloadResult   1: 114080 op, 39010659.00 ns, 341.9588 ns/op
WorkloadResult   2: 114080 op, 37686020.00 ns, 330.3473 ns/op
WorkloadResult   3: 114080 op, 38195290.00 ns, 334.8114 ns/op
WorkloadResult   4: 114080 op, 36849913.00 ns, 323.0182 ns/op
WorkloadResult   5: 114080 op, 36670520.00 ns, 321.4457 ns/op
WorkloadResult   6: 114080 op, 36582473.00 ns, 320.6739 ns/op
// GC:  2 0 0 38330880 114080
// Threading:  0 0 114080

// AfterAll
// Benchmark Process 19542 has exited with code 0.

Mean = 328.709 ns, StdErr = 3.489 ns (1.06%), N = 6, StdDev = 8.546 ns
Min = 320.674 ns, Q1 = 321.839 ns, Median = 326.683 ns, Q3 = 333.695 ns, Max = 341.959 ns
IQR = 11.857 ns, LowerFence = 304.054 ns, UpperFence = 351.480 ns
ConfidenceInterval = [304.744 ns; 352.674 ns] (CI 99.9%), Margin = 23.965 ns (7.29% of Mean)
Skewness = 0.39, Kurtosis = 1.26, MValue = 2

// ** Remained 13 (8.7 %) benchmark(s) to run. Estimated finish 2026-10-04 8:26 (0h 0m from now) **
// **************************
// Benchmark: CodecSuite.Run: campaign(EvaluateOverhead=False, Clock=Armonik.Ffi.Bdn.CpuClock, IterationCount=6, IterationTime=40ms, LaunchCount=1, RunStrategy=Throughput, WarmupCount=4) [Case=incum(...)fault [66]]
// *** Execute ***
// Launch: 1 / 1
// Execute: dotnet BenchDotNet-campaign-1.dll --anonymousPipes 123 124 --benchmarkName "Armonik.Ffi.Bdn.CodecSuite.Run(Case: \"incumbent-prod|encode-transport-hot|U-nested-before|corpus|default\")" --job campaign --benchmarkId 136 in /home/user/ArmoniK.Api/ffi/poc/csharp/src/BenchDotNet/bin/Release/net8.0/BenchDotNet-campaign-1/bin/Release/net8.0
// BeforeAnythingElse

// Benchmark Process Environment Information:
// BenchmarkDotNet v0.15.8
// Runtime=.NET 8.0.31 (8.0.31, 8.0.3126.42015), X64 RyuJIT x86-64-v4
// GC=Concurrent Workstation
// HardwareIntrinsics=AVX512 F+BW+CD+DQ+VL,AVX2+BMI1+BMI2+F16C+FMA+LZCNT+MOVBE,AVX,SSE3+SSSE3+SSE4.1+SSE4.2+POPCNT,X86Base+SSE+SSE2,AES+PCLMUL VectorSize=256
// Job: campaign(EvaluateOverhead=False, Clock=Armonik.Ffi.Bdn.CpuClock, IterationCount=6, IterationTime=40ms, LaunchCount=1, RunStrategy=Throughput, WarmupCount=4)

OverheadJitting  1: 1 op, 222849.00 ns, 222.8490 us/op
WorkloadJitting  1: 1 op, 9140710.00 ns, 9.1407 ms/op

WorkloadPilot    1: 4 op, 48681.00 ns, 12.1703 us/op
WorkloadPilot    2: 3287 op, 16072446.00 ns, 4.8897 us/op
WorkloadPilot    3: 8180 op, 38696527.00 ns, 4.7306 us/op
WorkloadPilot    4: 8456 op, 42207234.00 ns, 4.9914 us/op
WorkloadPilot    5: 8014 op, 40291665.00 ns, 5.0277 us/op
WorkloadPilot    6: 7956 op, 36645580.00 ns, 4.6060 us/op
WorkloadPilot    7: 8684 op, 37367443.00 ns, 4.3030 us/op
WorkloadPilot    8: 9296 op, 42062284.00 ns, 4.5248 us/op

WorkloadWarmup   1: 9296 op, 40385345.00 ns, 4.3444 us/op
WorkloadWarmup   2: 9296 op, 40332711.00 ns, 4.3387 us/op
WorkloadWarmup   3: 9296 op, 47966055.00 ns, 5.1599 us/op
WorkloadWarmup   4: 9296 op, 39603207.00 ns, 4.2602 us/op

// BeforeActualRun
WorkloadActual   1: 9296 op, 39539539.00 ns, 4.2534 us/op
WorkloadActual   2: 9296 op, 41096072.00 ns, 4.4208 us/op
WorkloadActual   3: 9296 op, 39873493.00 ns, 4.2893 us/op
WorkloadActual   4: 9296 op, 40303929.00 ns, 4.3356 us/op
WorkloadActual   5: 9296 op, 39404355.00 ns, 4.2389 us/op
WorkloadActual   6: 9296 op, 39570652.00 ns, 4.2567 us/op

// AfterActualRun
WorkloadResult   1: 9296 op, 39539539.00 ns, 4.2534 us/op
WorkloadResult   2: 9296 op, 41096072.00 ns, 4.4208 us/op
WorkloadResult   3: 9296 op, 39873493.00 ns, 4.2893 us/op
WorkloadResult   4: 9296 op, 40303929.00 ns, 4.3356 us/op
WorkloadResult   5: 9296 op, 39404355.00 ns, 4.2389 us/op
WorkloadResult   6: 9296 op, 39570652.00 ns, 4.2567 us/op
// GC:  0 0 0 1561728 9296
// Threading:  0 0 9296

// AfterAll
// Benchmark Process 19554 has exited with code 0.

Mean = 4.299 us, StdErr = 0.028 us (0.65%), N = 6, StdDev = 0.069 us
Min = 4.239 us, Q1 = 4.254 us, Median = 4.273 us, Q3 = 4.324 us, Max = 4.421 us
IQR = 0.070 us, LowerFence = 4.150 us, UpperFence = 4.429 us
ConfidenceInterval = [4.106 us; 4.492 us] (CI 99.9%), Margin = 0.193 us (4.50% of Mean)
Skewness = 0.74, Kurtosis = 1.79, MValue = 2

// ** Remained 12 (8.1 %) benchmark(s) to run. Estimated finish 2026-10-04 8:26 (0h 0m from now) **
// **************************
// Benchmark: CodecSuite.Run: campaign(EvaluateOverhead=False, Clock=Armonik.Ffi.Bdn.CpuClock, IterationCount=6, IterationTime=40ms, LaunchCount=1, RunStrategy=Throughput, WarmupCount=4) [Case=incum(...)fault [45]]
// *** Execute ***
// Launch: 1 / 1
// Execute: dotnet BenchDotNet-campaign-1.dll --anonymousPipes 123 124 --benchmarkName "Armonik.Ffi.Bdn.CodecSuite.Run(Case: \"incumbent-prod|decode-read|P5.1|ascii|default\")" --job campaign --benchmarkId 137 in /home/user/ArmoniK.Api/ffi/poc/csharp/src/BenchDotNet/bin/Release/net8.0/BenchDotNet-campaign-1/bin/Release/net8.0
// BeforeAnythingElse

// Benchmark Process Environment Information:
// BenchmarkDotNet v0.15.8
// Runtime=.NET 8.0.31 (8.0.31, 8.0.3126.42015), X64 RyuJIT x86-64-v4
// GC=Concurrent Workstation
// HardwareIntrinsics=AVX512 F+BW+CD+DQ+VL,AVX2+BMI1+BMI2+F16C+FMA+LZCNT+MOVBE,AVX,SSE3+SSSE3+SSE4.1+SSE4.2+POPCNT,X86Base+SSE+SSE2,AES+PCLMUL VectorSize=256
// Job: campaign(EvaluateOverhead=False, Clock=Armonik.Ffi.Bdn.CpuClock, IterationCount=6, IterationTime=40ms, LaunchCount=1, RunStrategy=Throughput, WarmupCount=4)

OverheadJitting  1: 1 op, 232488.00 ns, 232.4880 us/op
WorkloadJitting  1: 1 op, 4748190.00 ns, 4.7482 ms/op

WorkloadPilot    1: 4 op, 76767.00 ns, 19.1918 us/op
WorkloadPilot    2: 2084 op, 1596287.00 ns, 765.9726 ns/op
WorkloadPilot    3: 52221 op, 44423109.00 ns, 850.6752 ns/op
WorkloadPilot    4: 47021 op, 34653706.00 ns, 736.9836 ns/op
WorkloadPilot    5: 54275 op, 33908395.00 ns, 624.7516 ns/op
WorkloadPilot    6: 64025 op, 41999200.00 ns, 655.9813 ns/op
WorkloadPilot    7: 60977 op, 43841067.00 ns, 718.9771 ns/op

WorkloadWarmup   1: 60977 op, 36786083.00 ns, 603.2780 ns/op
WorkloadWarmup   2: 60977 op, 37935730.00 ns, 622.1318 ns/op
WorkloadWarmup   3: 60977 op, 43965571.00 ns, 721.0189 ns/op
WorkloadWarmup   4: 60977 op, 41199442.00 ns, 675.6554 ns/op

// BeforeActualRun
WorkloadActual   1: 60977 op, 38363085.00 ns, 629.1402 ns/op
WorkloadActual   2: 60977 op, 38769029.00 ns, 635.7976 ns/op
WorkloadActual   3: 60977 op, 45723300.00 ns, 749.8450 ns/op
WorkloadActual   4: 60977 op, 37903255.00 ns, 621.5992 ns/op
WorkloadActual   5: 60977 op, 38144261.00 ns, 625.5516 ns/op
WorkloadActual   6: 60977 op, 37941706.00 ns, 622.2298 ns/op

// AfterActualRun
WorkloadResult   1: 60977 op, 38363085.00 ns, 629.1402 ns/op
WorkloadResult   2: 60977 op, 38769029.00 ns, 635.7976 ns/op
WorkloadResult   3: 60977 op, 37903255.00 ns, 621.5992 ns/op
WorkloadResult   4: 60977 op, 38144261.00 ns, 625.5516 ns/op
WorkloadResult   5: 60977 op, 37941706.00 ns, 622.2298 ns/op
// GC:  1 0 0 22439536 60977
// Threading:  0 0 60977

// AfterAll
// Benchmark Process 19563 has exited with code 0.

Mean = 626.864 ns, StdErr = 2.607 ns (0.42%), N = 5, StdDev = 5.829 ns
Min = 621.599 ns, Q1 = 622.230 ns, Median = 625.552 ns, Q3 = 629.140 ns, Max = 635.798 ns
IQR = 6.910 ns, LowerFence = 611.864 ns, UpperFence = 639.506 ns
ConfidenceInterval = [604.418 ns; 649.309 ns] (CI 99.9%), Margin = 22.445 ns (3.58% of Mean)
Skewness = 0.48, Kurtosis = 1.32, MValue = 2

// ** Remained 11 (7.4 %) benchmark(s) to run. Estimated finish 2026-10-04 8:26 (0h 0m from now) **
// **************************
// Benchmark: CodecSuite.Run: campaign(EvaluateOverhead=False, Clock=Armonik.Ffi.Bdn.CpuClock, IterationCount=6, IterationTime=40ms, LaunchCount=1, RunStrategy=Throughput, WarmupCount=4) [Case=incum(...)fault [95]]
// *** Execute ***
// Launch: 1 / 1
// Execute: dotnet BenchDotNet-campaign-1.dll --anonymousPipes 123 124 --benchmarkName "Armonik.Ffi.Bdn.CodecSuite.Run(Case: \"incumbent-prod|encode-transport-hot|U-wire-UploadResultDataMessage-upload-as-wt5|corpus|default\")" --job campaign --benchmarkId 138 in /home/user/ArmoniK.Api/ffi/poc/csharp/src/BenchDotNet/bin/Release/net8.0/BenchDotNet-campaign-1/bin/Release/net8.0
// BeforeAnythingElse

// Benchmark Process Environment Information:
// BenchmarkDotNet v0.15.8
// Runtime=.NET 8.0.31 (8.0.31, 8.0.3126.42015), X64 RyuJIT x86-64-v4
// GC=Concurrent Workstation
// HardwareIntrinsics=AVX512 F+BW+CD+DQ+VL,AVX2+BMI1+BMI2+F16C+FMA+LZCNT+MOVBE,AVX,SSE3+SSSE3+SSE4.1+SSE4.2+POPCNT,X86Base+SSE+SSE2,AES+PCLMUL VectorSize=256
// Job: campaign(EvaluateOverhead=False, Clock=Armonik.Ffi.Bdn.CpuClock, IterationCount=6, IterationTime=40ms, LaunchCount=1, RunStrategy=Throughput, WarmupCount=4)

OverheadJitting  1: 1 op, 239171.00 ns, 239.1710 us/op
WorkloadJitting  1: 1 op, 8480750.00 ns, 8.4808 ms/op

WorkloadPilot    1: 4 op, 61395.00 ns, 15.3488 us/op
WorkloadPilot    2: 2606 op, 3016621.00 ns, 1.1576 us/op
WorkloadPilot    3: 34555 op, 40885827.00 ns, 1.1832 us/op
WorkloadPilot    4: 33806 op, 38691573.00 ns, 1.1445 us/op
WorkloadPilot    5: 34949 op, 36953366.00 ns, 1.0574 us/op
WorkloadPilot    6: 37830 op, 39892737.00 ns, 1.0545 us/op
WorkloadPilot    7: 37932 op, 39918181.00 ns, 1.0524 us/op
WorkloadPilot    8: 38010 op, 39826007.00 ns, 1.0478 us/op
WorkloadPilot    9: 38176 op, 40262722.00 ns, 1.0547 us/op
WorkloadPilot   10: 37927 op, 40070876.00 ns, 1.0565 us/op

WorkloadWarmup   1: 37927 op, 40101384.00 ns, 1.0573 us/op
WorkloadWarmup   2: 37927 op, 39513972.00 ns, 1.0418 us/op
WorkloadWarmup   3: 37927 op, 39593684.00 ns, 1.0439 us/op
WorkloadWarmup   4: 37927 op, 39687916.00 ns, 1.0464 us/op

// BeforeActualRun
WorkloadActual   1: 37927 op, 39304861.00 ns, 1.0363 us/op
WorkloadActual   2: 37927 op, 39789568.00 ns, 1.0491 us/op
WorkloadActual   3: 37927 op, 39558693.00 ns, 1.0430 us/op
WorkloadActual   4: 37927 op, 39548587.00 ns, 1.0428 us/op
WorkloadActual   5: 37927 op, 48704223.00 ns, 1.2842 us/op
WorkloadActual   6: 37927 op, 39708253.00 ns, 1.0470 us/op

// AfterActualRun
WorkloadResult   1: 37927 op, 39304861.00 ns, 1.0363 us/op
WorkloadResult   2: 37927 op, 39789568.00 ns, 1.0491 us/op
WorkloadResult   3: 37927 op, 39558693.00 ns, 1.0430 us/op
WorkloadResult   4: 37927 op, 39548587.00 ns, 1.0428 us/op
WorkloadResult   5: 37927 op, 39708253.00 ns, 1.0470 us/op
// GC:  0 0 0 4247824 37927
// Threading:  0 0 37927

// AfterAll
// Benchmark Process 19572 has exited with code 0.

Mean = 1.044 us, StdErr = 0.002 us (0.21%), N = 5, StdDev = 0.005 us
Min = 1.036 us, Q1 = 1.043 us, Median = 1.043 us, Q3 = 1.047 us, Max = 1.049 us
IQR = 0.004 us, LowerFence = 1.036 us, UpperFence = 1.053 us
ConfidenceInterval = [1.025 us; 1.062 us] (CI 99.9%), Margin = 0.019 us (1.80% of Mean)
Skewness = -0.33, Kurtosis = 1.36, MValue = 2

// ** Remained 10 (6.7 %) benchmark(s) to run. Estimated finish 2026-10-04 8:26 (0h 0m from now) **
// **************************
// Benchmark: CodecSuite.Run: campaign(EvaluateOverhead=False, Clock=Armonik.Ffi.Bdn.CpuClock, IterationCount=6, IterationTime=40ms, LaunchCount=1, RunStrategy=Throughput, WarmupCount=4) [Case=core-(...)etain [38]]
// *** Execute ***
// Launch: 1 / 1
// Execute: dotnet BenchDotNet-campaign-1.dll --anonymousPipes 123 124 --benchmarkName "Armonik.Ffi.Bdn.CodecSuite.Run(Case: \"core-ffi|decode-read|P1.3|ascii|retain\")" --job campaign --benchmarkId 139 in /home/user/ArmoniK.Api/ffi/poc/csharp/src/BenchDotNet/bin/Release/net8.0/BenchDotNet-campaign-1/bin/Release/net8.0
// BeforeAnythingElse

// Benchmark Process Environment Information:
// BenchmarkDotNet v0.15.8
// Runtime=.NET 8.0.31 (8.0.31, 8.0.3126.42015), X64 RyuJIT x86-64-v4
// GC=Concurrent Workstation
// HardwareIntrinsics=AVX512 F+BW+CD+DQ+VL,AVX2+BMI1+BMI2+F16C+FMA+LZCNT+MOVBE,AVX,SSE3+SSSE3+SSE4.1+SSE4.2+POPCNT,X86Base+SSE+SSE2,AES+PCLMUL VectorSize=256
// Job: campaign(EvaluateOverhead=False, Clock=Armonik.Ffi.Bdn.CpuClock, IterationCount=6, IterationTime=40ms, LaunchCount=1, RunStrategy=Throughput, WarmupCount=4)

OverheadJitting  1: 1 op, 259671.00 ns, 259.6710 us/op
WorkloadJitting  1: 1 op, 3955227.00 ns, 3.9552 ms/op

WorkloadPilot    1: 4 op, 288822.00 ns, 72.2055 us/op
WorkloadPilot    2: 554 op, 28014838.00 ns, 50.5683 us/op
WorkloadPilot    3: 791 op, 33664680.00 ns, 42.5596 us/op
WorkloadPilot    4: 940 op, 36110502.00 ns, 38.4154 us/op
WorkloadPilot    5: 1041 op, 37319474.00 ns, 35.8496 us/op
WorkloadPilot    6: 1116 op, 38974047.00 ns, 34.9230 us/op
WorkloadPilot    7: 1145 op, 39140976.00 ns, 34.1843 us/op
WorkloadPilot    8: 1170 op, 40439496.00 ns, 34.5637 us/op
WorkloadPilot    9: 1157 op, 40956387.00 ns, 35.3988 us/op
WorkloadPilot   10: 1130 op, 39891051.00 ns, 35.3018 us/op
WorkloadPilot   11: 1133 op, 38902048.00 ns, 34.3354 us/op
WorkloadPilot   12: 1165 op, 39680352.00 ns, 34.0604 us/op
WorkloadPilot   13: 1174 op, 40775258.00 ns, 34.7319 us/op

WorkloadWarmup   1: 1174 op, 40223508.00 ns, 34.2619 us/op
WorkloadWarmup   2: 1174 op, 40974256.00 ns, 34.9014 us/op
WorkloadWarmup   3: 1174 op, 40087004.00 ns, 34.1457 us/op
WorkloadWarmup   4: 1174 op, 40596228.00 ns, 34.5794 us/op

// BeforeActualRun
WorkloadActual   1: 1174 op, 40727473.00 ns, 34.6912 us/op
WorkloadActual   2: 1174 op, 39762623.00 ns, 33.8694 us/op
WorkloadActual   3: 1174 op, 40021856.00 ns, 34.0902 us/op
WorkloadActual   4: 1174 op, 41399268.00 ns, 35.2634 us/op
WorkloadActual   5: 1174 op, 42562403.00 ns, 36.2542 us/op
WorkloadActual   6: 1174 op, 43391507.00 ns, 36.9604 us/op

// AfterActualRun
WorkloadResult   1: 1174 op, 40727473.00 ns, 34.6912 us/op
WorkloadResult   2: 1174 op, 39762623.00 ns, 33.8694 us/op
WorkloadResult   3: 1174 op, 40021856.00 ns, 34.0902 us/op
WorkloadResult   4: 1174 op, 41399268.00 ns, 35.2634 us/op
WorkloadResult   5: 1174 op, 42562403.00 ns, 36.2542 us/op
WorkloadResult   6: 1174 op, 43391507.00 ns, 36.9604 us/op
// GC:  2 0 0 46518576 1174
// Threading:  0 0 1174

// AfterAll
// Benchmark Process 19581 has exited with code 0.

Mean = 35.188 us, StdErr = 0.499 us (1.42%), N = 6, StdDev = 1.223 us
Min = 33.869 us, Q1 = 34.240 us, Median = 34.977 us, Q3 = 36.006 us, Max = 36.960 us
IQR = 1.766 us, LowerFence = 31.591 us, UpperFence = 38.656 us
ConfidenceInterval = [31.760 us; 38.617 us] (CI 99.9%), Margin = 3.429 us (9.74% of Mean)
Skewness = 0.28, Kurtosis = 1.17, MValue = 2

// ** Remained 9 (6.0 %) benchmark(s) to run. Estimated finish 2026-10-04 8:26 (0h 0m from now) **
// **************************
// Benchmark: CodecSuite.Run: campaign(EvaluateOverhead=False, Clock=Armonik.Ffi.Bdn.CpuClock, IterationCount=6, IterationTime=40ms, LaunchCount=1, RunStrategy=Throughput, WarmupCount=4) [Case=incum(...)fault [45]]
// *** Execute ***
// Launch: 1 / 1
// Execute: dotnet BenchDotNet-campaign-1.dll --anonymousPipes 123 124 --benchmarkName "Armonik.Ffi.Bdn.CodecSuite.Run(Case: \"incumbent-prod|decode-read|P1.3|ascii|default\")" --job campaign --benchmarkId 140 in /home/user/ArmoniK.Api/ffi/poc/csharp/src/BenchDotNet/bin/Release/net8.0/BenchDotNet-campaign-1/bin/Release/net8.0
// BeforeAnythingElse

// Benchmark Process Environment Information:
// BenchmarkDotNet v0.15.8
// Runtime=.NET 8.0.31 (8.0.31, 8.0.3126.42015), X64 RyuJIT x86-64-v4
// GC=Concurrent Workstation
// HardwareIntrinsics=AVX512 F+BW+CD+DQ+VL,AVX2+BMI1+BMI2+F16C+FMA+LZCNT+MOVBE,AVX,SSE3+SSSE3+SSE4.1+SSE4.2+POPCNT,X86Base+SSE+SSE2,AES+PCLMUL VectorSize=256
// Job: campaign(EvaluateOverhead=False, Clock=Armonik.Ffi.Bdn.CpuClock, IterationCount=6, IterationTime=40ms, LaunchCount=1, RunStrategy=Throughput, WarmupCount=4)

OverheadJitting  1: 1 op, 394954.00 ns, 394.9540 us/op
WorkloadJitting  1: 1 op, 4880578.00 ns, 4.8806 ms/op

WorkloadPilot    1: 4 op, 357069.00 ns, 89.2673 us/op
WorkloadPilot    2: 448 op, 41133039.00 ns, 91.8148 us/op
WorkloadPilot    3: 436 op, 32672152.00 ns, 74.9361 us/op
WorkloadPilot    4: 534 op, 38703259.00 ns, 72.4780 us/op
WorkloadPilot    5: 552 op, 43250129.00 ns, 78.3517 us/op
WorkloadPilot    6: 511 op, 31955001.00 ns, 62.5342 us/op
WorkloadPilot    7: 640 op, 41337886.00 ns, 64.5904 us/op

WorkloadWarmup   1: 640 op, 44511240.00 ns, 69.5488 us/op
WorkloadWarmup   2: 640 op, 40545768.00 ns, 63.3528 us/op
WorkloadWarmup   3: 640 op, 44342113.00 ns, 69.2846 us/op
WorkloadWarmup   4: 640 op, 40387989.00 ns, 63.1062 us/op

// BeforeActualRun
WorkloadActual   1: 640 op, 43604614.00 ns, 68.1322 us/op
WorkloadActual   2: 640 op, 39583642.00 ns, 61.8494 us/op
WorkloadActual   3: 640 op, 44418598.00 ns, 69.4041 us/op
WorkloadActual   4: 640 op, 47665857.00 ns, 74.4779 us/op
WorkloadActual   5: 640 op, 44256015.00 ns, 69.1500 us/op
WorkloadActual   6: 640 op, 47486623.00 ns, 74.1978 us/op

// AfterActualRun
WorkloadResult   1: 640 op, 43604614.00 ns, 68.1322 us/op
WorkloadResult   2: 640 op, 39583642.00 ns, 61.8494 us/op
WorkloadResult   3: 640 op, 44418598.00 ns, 69.4041 us/op
WorkloadResult   4: 640 op, 47665857.00 ns, 74.4779 us/op
WorkloadResult   5: 640 op, 44256015.00 ns, 69.1500 us/op
WorkloadResult   6: 640 op, 47486623.00 ns, 74.1978 us/op
// GC:  1 0 0 25323520 640
// Threading:  0 0 640

// AfterAll
// Benchmark Process 19593 has exited with code 0.

Mean = 69.535 us, StdErr = 1.892 us (2.72%), N = 6, StdDev = 4.634 us
Min = 61.849 us, Q1 = 68.387 us, Median = 69.277 us, Q3 = 72.999 us, Max = 74.478 us
IQR = 4.613 us, LowerFence = 61.468 us, UpperFence = 79.919 us
ConfidenceInterval = [56.540 us; 82.530 us] (CI 99.9%), Margin = 12.995 us (18.69% of Mean)
Skewness = -0.39, Kurtosis = 1.65, MValue = 2.4

// ** Remained 8 (5.4 %) benchmark(s) to run. Estimated finish 2026-10-04 8:26 (0h 0m from now) **
// **************************
// Benchmark: CodecSuite.Run: campaign(EvaluateOverhead=False, Clock=Armonik.Ffi.Bdn.CpuClock, IterationCount=6, IterationTime=40ms, LaunchCount=1, RunStrategy=Throughput, WarmupCount=4) [Case=incum(...)fault [45]]
// *** Execute ***
// Launch: 1 / 1
// Execute: dotnet BenchDotNet-campaign-1.dll --anonymousPipes 123 124 --benchmarkName "Armonik.Ffi.Bdn.CodecSuite.Run(Case: \"incumbent-prod|decode-read|P1.2|ascii|default\")" --job campaign --benchmarkId 141 in /home/user/ArmoniK.Api/ffi/poc/csharp/src/BenchDotNet/bin/Release/net8.0/BenchDotNet-campaign-1/bin/Release/net8.0
// BeforeAnythingElse

// Benchmark Process Environment Information:
// BenchmarkDotNet v0.15.8
// Runtime=.NET 8.0.31 (8.0.31, 8.0.3126.42015), X64 RyuJIT x86-64-v4
// GC=Concurrent Workstation
// HardwareIntrinsics=AVX512 F+BW+CD+DQ+VL,AVX2+BMI1+BMI2+F16C+FMA+LZCNT+MOVBE,AVX,SSE3+SSSE3+SSE4.1+SSE4.2+POPCNT,X86Base+SSE+SSE2,AES+PCLMUL VectorSize=256
// Job: campaign(EvaluateOverhead=False, Clock=Armonik.Ffi.Bdn.CpuClock, IterationCount=6, IterationTime=40ms, LaunchCount=1, RunStrategy=Throughput, WarmupCount=4)

OverheadJitting  1: 1 op, 281775.00 ns, 281.7750 us/op
WorkloadJitting  1: 1 op, 7645021.00 ns, 7.6450 ms/op

WorkloadPilot    1: 4 op, 7683012.00 ns, 1.9208 ms/op
WorkloadPilot    2: 21 op, 45846939.00 ns, 2.1832 ms/op
WorkloadPilot    3: 18 op, 31128569.00 ns, 1.7294 ms/op
WorkloadPilot    4: 23 op, 38198547.00 ns, 1.6608 ms/op

WorkloadWarmup   1: 23 op, 39606257.00 ns, 1.7220 ms/op
WorkloadWarmup   2: 23 op, 36488851.00 ns, 1.5865 ms/op
WorkloadWarmup   3: 23 op, 34979543.00 ns, 1.5208 ms/op
WorkloadWarmup   4: 23 op, 34920529.00 ns, 1.5183 ms/op

// BeforeActualRun
WorkloadActual   1: 23 op, 34695331.00 ns, 1.5085 ms/op
WorkloadActual   2: 23 op, 36701135.00 ns, 1.5957 ms/op
WorkloadActual   3: 23 op, 36319295.00 ns, 1.5791 ms/op
WorkloadActual   4: 23 op, 34591049.00 ns, 1.5040 ms/op
WorkloadActual   5: 23 op, 35597864.00 ns, 1.5477 ms/op
WorkloadActual   6: 23 op, 35092385.00 ns, 1.5258 ms/op

// AfterActualRun
WorkloadResult   1: 23 op, 34695331.00 ns, 1.5085 ms/op
WorkloadResult   2: 23 op, 36701135.00 ns, 1.5957 ms/op
WorkloadResult   3: 23 op, 36319295.00 ns, 1.5791 ms/op
WorkloadResult   4: 23 op, 34591049.00 ns, 1.5040 ms/op
WorkloadResult   5: 23 op, 35597864.00 ns, 1.5477 ms/op
WorkloadResult   6: 23 op, 35092385.00 ns, 1.5258 ms/op
// GC:  0 0 0 16052680 23
// Threading:  0 0 23

// AfterAll
// Benchmark Process 19605 has exited with code 0.

Mean = 1.543 ms, StdErr = 0.015 ms (1.00%), N = 6, StdDev = 0.038 ms
Min = 1.504 ms, Q1 = 1.513 ms, Median = 1.537 ms, Q3 = 1.571 ms, Max = 1.596 ms
IQR = 0.058 ms, LowerFence = 1.425 ms, UpperFence = 1.659 ms
ConfidenceInterval = [1.438 ms; 1.649 ms] (CI 99.9%), Margin = 0.106 ms (6.85% of Mean)
Skewness = 0.24, Kurtosis = 1.08, MValue = 2

// ** Remained 7 (4.7 %) benchmark(s) to run. Estimated finish 2026-10-04 8:26 (0h 0m from now) **
// **************************
// Benchmark: CodecSuite.Run: campaign(EvaluateOverhead=False, Clock=Armonik.Ffi.Bdn.CpuClock, IterationCount=6, IterationTime=40ms, LaunchCount=1, RunStrategy=Throughput, WarmupCount=4) [Case=incum(...)fault [44]]
// *** Execute ***
// Launch: 1 / 1
// Execute: dotnet BenchDotNet-campaign-1.dll --anonymousPipes 123 124 --benchmarkName "Armonik.Ffi.Bdn.CodecSuite.Run(Case: \"incumbent-prod|decode-read|P2.2|wide|default\")" --job campaign --benchmarkId 142 in /home/user/ArmoniK.Api/ffi/poc/csharp/src/BenchDotNet/bin/Release/net8.0/BenchDotNet-campaign-1/bin/Release/net8.0
// BeforeAnythingElse

// Benchmark Process Environment Information:
// BenchmarkDotNet v0.15.8
// Runtime=.NET 8.0.31 (8.0.31, 8.0.3126.42015), X64 RyuJIT x86-64-v4
// GC=Concurrent Workstation
// HardwareIntrinsics=AVX512 F+BW+CD+DQ+VL,AVX2+BMI1+BMI2+F16C+FMA+LZCNT+MOVBE,AVX,SSE3+SSSE3+SSE4.1+SSE4.2+POPCNT,X86Base+SSE+SSE2,AES+PCLMUL VectorSize=256
// Job: campaign(EvaluateOverhead=False, Clock=Armonik.Ffi.Bdn.CpuClock, IterationCount=6, IterationTime=40ms, LaunchCount=1, RunStrategy=Throughput, WarmupCount=4)

OverheadJitting  1: 1 op, 274585.00 ns, 274.5850 us/op
WorkloadJitting  1: 1 op, 14733165.00 ns, 14.7332 ms/op

WorkloadPilot    1: 4 op, 31212119.00 ns, 7.8030 ms/op

WorkloadWarmup   1: 4 op, 28587350.00 ns, 7.1468 ms/op
WorkloadWarmup   2: 4 op, 30127058.00 ns, 7.5318 ms/op
WorkloadWarmup   3: 4 op, 28668316.00 ns, 7.1671 ms/op
WorkloadWarmup   4: 4 op, 28569030.00 ns, 7.1423 ms/op

// BeforeActualRun
WorkloadActual   1: 4 op, 28537799.00 ns, 7.1344 ms/op
WorkloadActual   2: 4 op, 28470308.00 ns, 7.1176 ms/op
WorkloadActual   3: 4 op, 28331337.00 ns, 7.0828 ms/op
WorkloadActual   4: 4 op, 29545296.00 ns, 7.3863 ms/op
WorkloadActual   5: 4 op, 27849282.00 ns, 6.9623 ms/op
WorkloadActual   6: 4 op, 27893986.00 ns, 6.9735 ms/op

// AfterActualRun
WorkloadResult   1: 4 op, 28537799.00 ns, 7.1344 ms/op
WorkloadResult   2: 4 op, 28470308.00 ns, 7.1176 ms/op
WorkloadResult   3: 4 op, 28331337.00 ns, 7.0828 ms/op
WorkloadResult   4: 4 op, 27849282.00 ns, 6.9623 ms/op
WorkloadResult   5: 4 op, 27893986.00 ns, 6.9735 ms/op
// GC:  0 0 0 9378112 4
// Threading:  0 0 4

// AfterAll
// Benchmark Process 19614 has exited with code 0.

Mean = 7.054 ms, StdErr = 0.036 ms (0.51%), N = 5, StdDev = 0.081 ms
Min = 6.962 ms, Q1 = 6.973 ms, Median = 7.083 ms, Q3 = 7.118 ms, Max = 7.134 ms
IQR = 0.144 ms, LowerFence = 6.757 ms, UpperFence = 7.334 ms
ConfidenceInterval = [6.742 ms; 7.366 ms] (CI 99.9%), Margin = 0.312 ms (4.42% of Mean)
Skewness = -0.19, Kurtosis = 0.8, MValue = 2

// ** Remained 6 (4.0 %) benchmark(s) to run. Estimated finish 2026-10-04 8:26 (0h 0m from now) **
// **************************
// Benchmark: CodecSuite.Run: campaign(EvaluateOverhead=False, Clock=Armonik.Ffi.Bdn.CpuClock, IterationCount=6, IterationTime=40ms, LaunchCount=1, RunStrategy=Throughput, WarmupCount=4) [Case=incum(...)fault [45]]
// *** Execute ***
// Launch: 1 / 1
// Execute: dotnet BenchDotNet-campaign-1.dll --anonymousPipes 123 124 --benchmarkName "Armonik.Ffi.Bdn.CodecSuite.Run(Case: \"incumbent-prod|decode-read|P7.1|ascii|default\")" --job campaign --benchmarkId 143 in /home/user/ArmoniK.Api/ffi/poc/csharp/src/BenchDotNet/bin/Release/net8.0/BenchDotNet-campaign-1/bin/Release/net8.0
// BeforeAnythingElse

// Benchmark Process Environment Information:
// BenchmarkDotNet v0.15.8
// Runtime=.NET 8.0.31 (8.0.31, 8.0.3126.42015), X64 RyuJIT x86-64-v4
// GC=Concurrent Workstation
// HardwareIntrinsics=AVX512 F+BW+CD+DQ+VL,AVX2+BMI1+BMI2+F16C+FMA+LZCNT+MOVBE,AVX,SSE3+SSSE3+SSE4.1+SSE4.2+POPCNT,X86Base+SSE+SSE2,AES+PCLMUL VectorSize=256
// Job: campaign(EvaluateOverhead=False, Clock=Armonik.Ffi.Bdn.CpuClock, IterationCount=6, IterationTime=40ms, LaunchCount=1, RunStrategy=Throughput, WarmupCount=4)

OverheadJitting  1: 1 op, 244602.00 ns, 244.6020 us/op
WorkloadJitting  1: 1 op, 4768440.00 ns, 4.7684 ms/op

WorkloadPilot    1: 4 op, 64337.00 ns, 16.0843 us/op
WorkloadPilot    2: 2487 op, 7039571.00 ns, 2.8305 us/op
WorkloadPilot    3: 14132 op, 39180380.00 ns, 2.7725 us/op
WorkloadPilot    4: 14428 op, 36934463.00 ns, 2.5599 us/op
WorkloadPilot    5: 15626 op, 35959926.00 ns, 2.3013 us/op
WorkloadPilot    6: 17382 op, 41097287.00 ns, 2.3644 us/op
WorkloadPilot    7: 16918 op, 37968433.00 ns, 2.2443 us/op
WorkloadPilot    8: 17823 op, 40206378.00 ns, 2.2559 us/op
WorkloadPilot    9: 17732 op, 40053477.00 ns, 2.2588 us/op

WorkloadWarmup   1: 17732 op, 39681134.00 ns, 2.2378 us/op
WorkloadWarmup   2: 17732 op, 39945923.00 ns, 2.2528 us/op
WorkloadWarmup   3: 17732 op, 39833993.00 ns, 2.2464 us/op
WorkloadWarmup   4: 17732 op, 40564061.00 ns, 2.2876 us/op

// BeforeActualRun
WorkloadActual   1: 17732 op, 39681742.00 ns, 2.2379 us/op
WorkloadActual   2: 17732 op, 39845442.00 ns, 2.2471 us/op
WorkloadActual   3: 17732 op, 39491249.00 ns, 2.2271 us/op
WorkloadActual   4: 17732 op, 40643923.00 ns, 2.2921 us/op
WorkloadActual   5: 17732 op, 39684283.00 ns, 2.2380 us/op
WorkloadActual   6: 17732 op, 39411529.00 ns, 2.2226 us/op

// AfterActualRun
WorkloadResult   1: 17732 op, 39681742.00 ns, 2.2379 us/op
WorkloadResult   2: 17732 op, 39845442.00 ns, 2.2471 us/op
WorkloadResult   3: 17732 op, 39491249.00 ns, 2.2271 us/op
WorkloadResult   4: 17732 op, 39684283.00 ns, 2.2380 us/op
WorkloadResult   5: 17732 op, 39411529.00 ns, 2.2226 us/op
// GC:  0 0 0 13760032 17732
// Threading:  0 0 17732

// AfterAll
// Benchmark Process 19623 has exited with code 0.

Mean = 2.235 us, StdErr = 0.004 us (0.19%), N = 5, StdDev = 0.010 us
Min = 2.223 us, Q1 = 2.227 us, Median = 2.238 us, Q3 = 2.238 us, Max = 2.247 us
IQR = 0.011 us, LowerFence = 2.211 us, UpperFence = 2.254 us
ConfidenceInterval = [2.197 us; 2.272 us] (CI 99.9%), Margin = 0.037 us (1.67% of Mean)
Skewness = -0.01, Kurtosis = 1.08, MValue = 2

// ** Remained 5 (3.4 %) benchmark(s) to run. Estimated finish 2026-10-04 8:26 (0h 0m from now) **
// **************************
// Benchmark: CodecSuite.Run: campaign(EvaluateOverhead=False, Clock=Armonik.Ffi.Bdn.CpuClock, IterationCount=6, IterationTime=40ms, LaunchCount=1, RunStrategy=Throughput, WarmupCount=4) [Case=host-(...)etain [85]]
// *** Execute ***
// Launch: 1 / 1
// Execute: dotnet BenchDotNet-campaign-1.dll --anonymousPipes 123 124 --benchmarkName "Armonik.Ffi.Bdn.CodecSuite.Run(Case: \"host-gen|encode-transport-hot|U-wire-ListMetricsResponse-batches-as-wt0|corpus|retain\")" --job campaign --benchmarkId 144 in /home/user/ArmoniK.Api/ffi/poc/csharp/src/BenchDotNet/bin/Release/net8.0/BenchDotNet-campaign-1/bin/Release/net8.0
// BeforeAnythingElse

// Benchmark Process Environment Information:
// BenchmarkDotNet v0.15.8
// Runtime=.NET 8.0.31 (8.0.31, 8.0.3126.42015), X64 RyuJIT x86-64-v4
// GC=Concurrent Workstation
// HardwareIntrinsics=AVX512 F+BW+CD+DQ+VL,AVX2+BMI1+BMI2+F16C+FMA+LZCNT+MOVBE,AVX,SSE3+SSSE3+SSE4.1+SSE4.2+POPCNT,X86Base+SSE+SSE2,AES+PCLMUL VectorSize=256
// Job: campaign(EvaluateOverhead=False, Clock=Armonik.Ffi.Bdn.CpuClock, IterationCount=6, IterationTime=40ms, LaunchCount=1, RunStrategy=Throughput, WarmupCount=4)

OverheadJitting  1: 1 op, 281185.00 ns, 281.1850 us/op
WorkloadJitting  1: 1 op, 5283444.00 ns, 5.2834 ms/op

WorkloadPilot    1: 4 op, 74282.00 ns, 18.5705 us/op
WorkloadPilot    2: 2154 op, 22278407.00 ns, 10.3428 us/op
WorkloadPilot    3: 3867 op, 36426628.00 ns, 9.4199 us/op
WorkloadPilot    4: 4246 op, 39458475.00 ns, 9.2931 us/op
WorkloadPilot    5: 4304 op, 39671404.00 ns, 9.2173 us/op
WorkloadPilot    6: 4340 op, 41414732.00 ns, 9.5426 us/op
WorkloadPilot    7: 4192 op, 38492717.00 ns, 9.1824 us/op
WorkloadPilot    8: 4356 op, 39793500.00 ns, 9.1353 us/op
WorkloadPilot    9: 4379 op, 40017092.00 ns, 9.1384 us/op
WorkloadPilot   10: 4377 op, 39862069.00 ns, 9.1072 us/op
WorkloadPilot   11: 4392 op, 40055668.00 ns, 9.1201 us/op

WorkloadWarmup   1: 4392 op, 40158021.00 ns, 9.1434 us/op
WorkloadWarmup   2: 4392 op, 39918965.00 ns, 9.0890 us/op
WorkloadWarmup   3: 4392 op, 39838623.00 ns, 9.0707 us/op
WorkloadWarmup   4: 4392 op, 39870511.00 ns, 9.0780 us/op

// BeforeActualRun
WorkloadActual   1: 4392 op, 40014673.00 ns, 9.1108 us/op
WorkloadActual   2: 4392 op, 40443382.00 ns, 9.2084 us/op
WorkloadActual   3: 4392 op, 41248861.00 ns, 9.3918 us/op
WorkloadActual   4: 4392 op, 39885362.00 ns, 9.0814 us/op
WorkloadActual   5: 4392 op, 52986338.00 ns, 12.0643 us/op
WorkloadActual   6: 4392 op, 59021358.00 ns, 13.4384 us/op

// AfterActualRun
WorkloadResult   1: 4392 op, 40014673.00 ns, 9.1108 us/op
WorkloadResult   2: 4392 op, 40443382.00 ns, 9.2084 us/op
WorkloadResult   3: 4392 op, 41248861.00 ns, 9.3918 us/op
WorkloadResult   4: 4392 op, 39885362.00 ns, 9.0814 us/op
WorkloadResult   5: 4392 op, 52986338.00 ns, 12.0643 us/op
WorkloadResult   6: 4392 op, 59021358.00 ns, 13.4384 us/op
// GC:  0 0 0 0 4392
// Threading:  0 0 4392

// AfterAll
// Benchmark Process 19632 has exited with code 0.

Mean = 10.383 us, StdErr = 0.771 us (7.43%), N = 6, StdDev = 1.889 us
Min = 9.081 us, Q1 = 9.135 us, Median = 9.300 us, Q3 = 11.396 us, Max = 13.438 us
IQR = 2.261 us, LowerFence = 5.744 us, UpperFence = 14.788 us
ConfidenceInterval = [5.086 us; 15.679 us] (CI 99.9%), Margin = 5.296 us (51.01% of Mean)
Skewness = 0.65, Kurtosis = 1.36, MValue = 2

// ** Remained 4 (2.7 %) benchmark(s) to run. Estimated finish 2026-10-04 8:26 (0h 0m from now) **
// **************************
// Benchmark: CodecSuite.Run: campaign(EvaluateOverhead=False, Clock=Armonik.Ffi.Bdn.CpuClock, IterationCount=6, IterationTime=40ms, LaunchCount=1, RunStrategy=Throughput, WarmupCount=4) [Case=host-(...)etain [47]]
// *** Execute ***
// Launch: 1 / 1
// Execute: dotnet BenchDotNet-campaign-1.dll --anonymousPipes 123 124 --benchmarkName "Armonik.Ffi.Bdn.CodecSuite.Run(Case: \"host-gen|encode-transport-hot|P5.4|ascii|retain\")" --job campaign --benchmarkId 145 in /home/user/ArmoniK.Api/ffi/poc/csharp/src/BenchDotNet/bin/Release/net8.0/BenchDotNet-campaign-1/bin/Release/net8.0
// BeforeAnythingElse

// Benchmark Process Environment Information:
// BenchmarkDotNet v0.15.8
// Runtime=.NET 8.0.31 (8.0.31, 8.0.3126.42015), X64 RyuJIT x86-64-v4
// GC=Concurrent Workstation
// HardwareIntrinsics=AVX512 F+BW+CD+DQ+VL,AVX2+BMI1+BMI2+F16C+FMA+LZCNT+MOVBE,AVX,SSE3+SSSE3+SSE4.1+SSE4.2+POPCNT,X86Base+SSE+SSE2,AES+PCLMUL VectorSize=256
// Job: campaign(EvaluateOverhead=False, Clock=Armonik.Ffi.Bdn.CpuClock, IterationCount=6, IterationTime=40ms, LaunchCount=1, RunStrategy=Throughput, WarmupCount=4)

OverheadJitting  1: 1 op, 229222.00 ns, 229.2220 us/op
WorkloadJitting  1: 1 op, 12585004.00 ns, 12.5850 ms/op

WorkloadPilot    1: 4 op, 3327932.00 ns, 831.9830 us/op
WorkloadPilot    2: 48 op, 43134268.00 ns, 898.6306 us/op
WorkloadPilot    3: 45 op, 30163571.00 ns, 670.3016 us/op
WorkloadPilot    4: 60 op, 42521791.00 ns, 708.6965 us/op
WorkloadPilot    5: 56 op, 35479928.00 ns, 633.5701 us/op
WorkloadPilot    6: 63 op, 42197510.00 ns, 669.8017 us/op

WorkloadWarmup   1: 63 op, 40730283.00 ns, 646.5124 us/op
WorkloadWarmup   2: 63 op, 40269767.00 ns, 639.2027 us/op
WorkloadWarmup   3: 63 op, 40158771.00 ns, 637.4408 us/op
WorkloadWarmup   4: 63 op, 39738621.00 ns, 630.7718 us/op

// BeforeActualRun
WorkloadActual   1: 63 op, 39650339.00 ns, 629.3705 us/op
WorkloadActual   2: 63 op, 40286566.00 ns, 639.4693 us/op
WorkloadActual   3: 63 op, 40702843.00 ns, 646.0769 us/op
WorkloadActual   4: 63 op, 40889145.00 ns, 649.0340 us/op
WorkloadActual   5: 63 op, 40981849.00 ns, 650.5055 us/op
WorkloadActual   6: 63 op, 39585134.00 ns, 628.3355 us/op

// AfterActualRun
WorkloadResult   1: 63 op, 39650339.00 ns, 629.3705 us/op
WorkloadResult   2: 63 op, 40286566.00 ns, 639.4693 us/op
WorkloadResult   3: 63 op, 40702843.00 ns, 646.0769 us/op
WorkloadResult   4: 63 op, 40889145.00 ns, 649.0340 us/op
WorkloadResult   5: 63 op, 40981849.00 ns, 650.5055 us/op
WorkloadResult   6: 63 op, 39585134.00 ns, 628.3355 us/op
// GC:  0 0 0 0 63
// Threading:  0 0 63

// AfterAll
// Benchmark Process 19641 has exited with code 0.

Mean = 640.465 us, StdErr = 3.987 us (0.62%), N = 6, StdDev = 9.767 us
Min = 628.335 us, Q1 = 631.895 us, Median = 642.773 us, Q3 = 648.295 us, Max = 650.506 us
IQR = 16.400 us, LowerFence = 607.296 us, UpperFence = 672.894 us
ConfidenceInterval = [613.078 us; 667.853 us] (CI 99.9%), Margin = 27.388 us (4.28% of Mean)
Skewness = -0.24, Kurtosis = 0.98, MValue = 2

// ** Remained 3 (2.0 %) benchmark(s) to run. Estimated finish 2026-10-04 8:26 (0h 0m from now) **
// **************************
// Benchmark: CodecSuite.Run: campaign(EvaluateOverhead=False, Clock=Armonik.Ffi.Bdn.CpuClock, IterationCount=6, IterationTime=40ms, LaunchCount=1, RunStrategy=Throughput, WarmupCount=4) [Case=host-(...)etain [38]]
// *** Execute ***
// Launch: 1 / 1
// Execute: dotnet BenchDotNet-campaign-1.dll --anonymousPipes 123 124 --benchmarkName "Armonik.Ffi.Bdn.CodecSuite.Run(Case: \"host-gen|decode-read|P5.3|ascii|retain\")" --job campaign --benchmarkId 146 in /home/user/ArmoniK.Api/ffi/poc/csharp/src/BenchDotNet/bin/Release/net8.0/BenchDotNet-campaign-1/bin/Release/net8.0
// BeforeAnythingElse

// Benchmark Process Environment Information:
// BenchmarkDotNet v0.15.8
// Runtime=.NET 8.0.31 (8.0.31, 8.0.3126.42015), X64 RyuJIT x86-64-v4
// GC=Concurrent Workstation
// HardwareIntrinsics=AVX512 F+BW+CD+DQ+VL,AVX2+BMI1+BMI2+F16C+FMA+LZCNT+MOVBE,AVX,SSE3+SSSE3+SSE4.1+SSE4.2+POPCNT,X86Base+SSE+SSE2,AES+PCLMUL VectorSize=256
// Job: campaign(EvaluateOverhead=False, Clock=Armonik.Ffi.Bdn.CpuClock, IterationCount=6, IterationTime=40ms, LaunchCount=1, RunStrategy=Throughput, WarmupCount=4)

OverheadJitting  1: 1 op, 230580.00 ns, 230.5800 us/op
WorkloadJitting  1: 1 op, 1993501.00 ns, 1.9935 ms/op

OverheadJitting  2: 16 op, 526734.00 ns, 32.9209 us/op
WorkloadJitting  2: 16 op, 8885065.00 ns, 555.3166 us/op

WorkloadPilot    1: 16 op, 7960963.00 ns, 497.5602 us/op
WorkloadPilot    2: 80 op, 28645418.00 ns, 358.0677 us/op
WorkloadPilot    3: 112 op, 31054579.00 ns, 277.2730 us/op
WorkloadPilot    4: 144 op, 36660839.00 ns, 254.5892 us/op
WorkloadPilot    5: 160 op, 39456052.00 ns, 246.6003 us/op
WorkloadPilot    6: 176 op, 49357961.00 ns, 280.4430 us/op
WorkloadPilot    7: 144 op, 34033876.00 ns, 236.3464 us/op
WorkloadPilot    8: 176 op, 53008017.00 ns, 301.1819 us/op
WorkloadPilot    9: 144 op, 36831085.00 ns, 255.7714 us/op
WorkloadPilot   10: 160 op, 37034696.00 ns, 231.4669 us/op
WorkloadPilot   11: 176 op, 42300497.00 ns, 240.3437 us/op

WorkloadWarmup   1: 176 op, 46212837.00 ns, 262.5729 us/op
WorkloadWarmup   2: 176 op, 45670505.00 ns, 259.4915 us/op
WorkloadWarmup   3: 176 op, 51263338.00 ns, 291.2690 us/op
WorkloadWarmup   4: 176 op, 44413301.00 ns, 252.3483 us/op

// BeforeActualRun
WorkloadActual   1: 176 op, 46719289.00 ns, 265.4505 us/op
WorkloadActual   2: 176 op, 45117334.00 ns, 256.3485 us/op
WorkloadActual   3: 176 op, 49251386.00 ns, 279.8374 us/op
WorkloadActual   4: 176 op, 52041919.00 ns, 295.6927 us/op
WorkloadActual   5: 176 op, 54390859.00 ns, 309.0390 us/op
WorkloadActual   6: 176 op, 46340086.00 ns, 263.2959 us/op

// AfterActualRun
WorkloadResult   1: 176 op, 46719289.00 ns, 265.4505 us/op
WorkloadResult   2: 176 op, 45117334.00 ns, 256.3485 us/op
WorkloadResult   3: 176 op, 49251386.00 ns, 279.8374 us/op
WorkloadResult   4: 176 op, 52041919.00 ns, 295.6927 us/op
WorkloadResult   5: 176 op, 54390859.00 ns, 309.0390 us/op
WorkloadResult   6: 176 op, 46340086.00 ns, 263.2959 us/op
// GC:  8 8 8 184622568 176
// Threading:  0 0 176

// AfterAll
// Benchmark Process 19654 has exited with code 0.

Mean = 278.277 us, StdErr = 8.410 us (3.02%), N = 6, StdDev = 20.600 us
Min = 256.348 us, Q1 = 263.835 us, Median = 272.644 us, Q3 = 291.729 us, Max = 309.039 us
IQR = 27.894 us, LowerFence = 221.993 us, UpperFence = 333.570 us
ConfidenceInterval = [220.510 us; 336.044 us] (CI 99.9%), Margin = 57.767 us (20.76% of Mean)
Skewness = 0.35, Kurtosis = 1.2, MValue = 2

// ** Remained 2 (1.3 %) benchmark(s) to run. Estimated finish 2026-10-04 8:26 (0h 0m from now) **
// **************************
// Benchmark: CodecSuite.Run: campaign(EvaluateOverhead=False, Clock=Armonik.Ffi.Bdn.CpuClock, IterationCount=6, IterationTime=40ms, LaunchCount=1, RunStrategy=Throughput, WarmupCount=4) [Case=host-(...)etain [62]]
// *** Execute ***
// Launch: 1 / 1
// Execute: dotnet BenchDotNet-campaign-1.dll --anonymousPipes 123 124 --benchmarkName "Armonik.Ffi.Bdn.CodecSuite.Run(Case: \"host-gen|encode-transport-hot|U-oneof-u-repeated|corpus|retain\")" --job campaign --benchmarkId 147 in /home/user/ArmoniK.Api/ffi/poc/csharp/src/BenchDotNet/bin/Release/net8.0/BenchDotNet-campaign-1/bin/Release/net8.0
// BeforeAnythingElse

// Benchmark Process Environment Information:
// BenchmarkDotNet v0.15.8
// Runtime=.NET 8.0.31 (8.0.31, 8.0.3126.42015), X64 RyuJIT x86-64-v4
// GC=Concurrent Workstation
// HardwareIntrinsics=AVX512 F+BW+CD+DQ+VL,AVX2+BMI1+BMI2+F16C+FMA+LZCNT+MOVBE,AVX,SSE3+SSSE3+SSE4.1+SSE4.2+POPCNT,X86Base+SSE+SSE2,AES+PCLMUL VectorSize=256
// Job: campaign(EvaluateOverhead=False, Clock=Armonik.Ffi.Bdn.CpuClock, IterationCount=6, IterationTime=40ms, LaunchCount=1, RunStrategy=Throughput, WarmupCount=4)

OverheadJitting  1: 1 op, 228833.00 ns, 228.8330 us/op
WorkloadJitting  1: 1 op, 4428137.00 ns, 4.4281 ms/op

WorkloadPilot    1: 4 op, 34406.00 ns, 8.6015 us/op
WorkloadPilot    2: 4650 op, 4300218.00 ns, 924.7781 ns/op
WorkloadPilot    3: 43254 op, 39864989.00 ns, 921.6486 ns/op
WorkloadPilot    4: 43400 op, 39399055.00 ns, 907.8123 ns/op
WorkloadPilot    5: 44062 op, 39511084.00 ns, 896.7156 ns/op
WorkloadPilot    6: 44607 op, 40111043.00 ns, 899.2096 ns/op
WorkloadPilot    7: 44484 op, 39208865.00 ns, 881.4150 ns/op
WorkloadPilot    8: 45382 op, 38863967.00 ns, 856.3740 ns/op
WorkloadPilot    9: 46709 op, 41045561.00 ns, 878.7506 ns/op
WorkloadPilot   10: 45519 op, 39031923.00 ns, 857.4864 ns/op
WorkloadPilot   11: 46648 op, 39555125.00 ns, 847.9490 ns/op
WorkloadPilot   12: 47173 op, 40352219.00 ns, 855.4092 ns/op

WorkloadWarmup   1: 47173 op, 41262932.00 ns, 874.7150 ns/op
WorkloadWarmup   2: 47173 op, 40783689.00 ns, 864.5558 ns/op
WorkloadWarmup   3: 47173 op, 41123859.00 ns, 871.7669 ns/op
WorkloadWarmup   4: 47173 op, 41331350.00 ns, 876.1654 ns/op

// BeforeActualRun
WorkloadActual   1: 47173 op, 39385071.00 ns, 834.9071 ns/op
WorkloadActual   2: 47173 op, 40808024.00 ns, 865.0716 ns/op
WorkloadActual   3: 47173 op, 41925034.00 ns, 888.7506 ns/op
WorkloadActual   4: 47173 op, 40868620.00 ns, 866.3562 ns/op
WorkloadActual   5: 47173 op, 41404205.00 ns, 877.7098 ns/op
WorkloadActual   6: 47173 op, 42218607.00 ns, 894.9740 ns/op

// AfterActualRun
WorkloadResult   1: 47173 op, 39385071.00 ns, 834.9071 ns/op
WorkloadResult   2: 47173 op, 40808024.00 ns, 865.0716 ns/op
WorkloadResult   3: 47173 op, 41925034.00 ns, 888.7506 ns/op
WorkloadResult   4: 47173 op, 40868620.00 ns, 866.3562 ns/op
WorkloadResult   5: 47173 op, 41404205.00 ns, 877.7098 ns/op
WorkloadResult   6: 47173 op, 42218607.00 ns, 894.9740 ns/op
// GC:  0 0 0 0 47173
// Threading:  0 0 47173

// AfterAll
// Benchmark Process 19664 has exited with code 0.

Mean = 871.295 ns, StdErr = 8.744 ns (1.00%), N = 6, StdDev = 21.418 ns
Min = 834.907 ns, Q1 = 865.393 ns, Median = 872.033 ns, Q3 = 885.990 ns, Max = 894.974 ns
IQR = 20.598 ns, LowerFence = 834.496 ns, UpperFence = 916.887 ns
ConfidenceInterval = [811.234 ns; 931.356 ns] (CI 99.9%), Margin = 60.061 ns (6.89% of Mean)
Skewness = -0.5, Kurtosis = 1.71, MValue = 2

// ** Remained 1 (0.7 %) benchmark(s) to run. Estimated finish 2026-10-04 8:26 (0h 0m from now) **
// **************************
// Benchmark: CodecSuite.Run: campaign(EvaluateOverhead=False, Clock=Armonik.Ffi.Bdn.CpuClock, IterationCount=6, IterationTime=40ms, LaunchCount=1, RunStrategy=Throughput, WarmupCount=4) [Case=host-(...)etain [87]]
// *** Execute ***
// Launch: 1 / 1
// Execute: dotnet BenchDotNet-campaign-1.dll --anonymousPipes 123 124 --benchmarkName "Armonik.Ffi.Bdn.CodecSuite.Run(Case: \"host-gen|encode-transport-hot|U-wire-ListTaskSummaryResponse-tasks-as-wt5|corpus|retain\")" --job campaign --benchmarkId 148 in /home/user/ArmoniK.Api/ffi/poc/csharp/src/BenchDotNet/bin/Release/net8.0/BenchDotNet-campaign-1/bin/Release/net8.0
// BeforeAnythingElse

// Benchmark Process Environment Information:
// BenchmarkDotNet v0.15.8
// Runtime=.NET 8.0.31 (8.0.31, 8.0.3126.42015), X64 RyuJIT x86-64-v4
// GC=Concurrent Workstation
// HardwareIntrinsics=AVX512 F+BW+CD+DQ+VL,AVX2+BMI1+BMI2+F16C+FMA+LZCNT+MOVBE,AVX,SSE3+SSSE3+SSE4.1+SSE4.2+POPCNT,X86Base+SSE+SSE2,AES+PCLMUL VectorSize=256
// Job: campaign(EvaluateOverhead=False, Clock=Armonik.Ffi.Bdn.CpuClock, IterationCount=6, IterationTime=40ms, LaunchCount=1, RunStrategy=Throughput, WarmupCount=4)

OverheadJitting  1: 1 op, 243308.00 ns, 243.3080 us/op
WorkloadJitting  1: 1 op, 6830103.00 ns, 6.8301 ms/op

WorkloadPilot    1: 4 op, 61613.00 ns, 15.4033 us/op
WorkloadPilot    2: 2597 op, 15315046.00 ns, 5.8972 us/op
WorkloadPilot    3: 6783 op, 36511303.00 ns, 5.3828 us/op
WorkloadPilot    4: 7431 op, 37662882.00 ns, 5.0683 us/op
WorkloadPilot    5: 7892 op, 38038225.00 ns, 4.8198 us/op
WorkloadPilot    6: 8299 op, 39852981.00 ns, 4.8021 us/op
WorkloadPilot    7: 8330 op, 38388611.00 ns, 4.6085 us/op
WorkloadPilot    8: 8680 op, 40486578.00 ns, 4.6644 us/op
WorkloadPilot    9: 8576 op, 40140683.00 ns, 4.6806 us/op
WorkloadPilot   10: 8546 op, 39116603.00 ns, 4.5772 us/op
WorkloadPilot   11: 8739 op, 39913217.00 ns, 4.5673 us/op
WorkloadPilot   12: 8758 op, 39945927.00 ns, 4.5611 us/op
WorkloadPilot   13: 8770 op, 40352202.00 ns, 4.6012 us/op

WorkloadWarmup   1: 8770 op, 40457137.00 ns, 4.6131 us/op
WorkloadWarmup   2: 8770 op, 40264346.00 ns, 4.5911 us/op
WorkloadWarmup   3: 8770 op, 39968126.00 ns, 4.5574 us/op
WorkloadWarmup   4: 8770 op, 44200894.00 ns, 5.0400 us/op

// BeforeActualRun
WorkloadActual   1: 8770 op, 43934981.00 ns, 5.0097 us/op
WorkloadActual   2: 8770 op, 40246633.00 ns, 4.5891 us/op
WorkloadActual   3: 8770 op, 40354419.00 ns, 4.6014 us/op
WorkloadActual   4: 8770 op, 41282304.00 ns, 4.7072 us/op
WorkloadActual   5: 8770 op, 40236037.00 ns, 4.5879 us/op
WorkloadActual   6: 8770 op, 40142109.00 ns, 4.5772 us/op

// AfterActualRun
WorkloadResult   1: 8770 op, 40246633.00 ns, 4.5891 us/op
WorkloadResult   2: 8770 op, 40354419.00 ns, 4.6014 us/op
WorkloadResult   3: 8770 op, 41282304.00 ns, 4.7072 us/op
WorkloadResult   4: 8770 op, 40236037.00 ns, 4.5879 us/op
WorkloadResult   5: 8770 op, 40142109.00 ns, 4.5772 us/op
// GC:  0 0 0 2245120 8770
// Threading:  0 0 8770

// AfterAll
// Benchmark Process 19673 has exited with code 0.

Mean = 4.613 us, StdErr = 0.024 us (0.52%), N = 5, StdDev = 0.054 us
Min = 4.577 us, Q1 = 4.588 us, Median = 4.589 us, Q3 = 4.601 us, Max = 4.707 us
IQR = 0.013 us, LowerFence = 4.568 us, UpperFence = 4.622 us
ConfidenceInterval = [4.406 us; 4.819 us] (CI 99.9%), Margin = 0.206 us (4.47% of Mean)
Skewness = 1.01, Kurtosis = 2, MValue = 2

// ** Remained 0 (0.0 %) benchmark(s) to run. Estimated finish 2026-10-04 8:26 (0h 0m from now) **
Run time: 00:02:36 (156.05 sec), executed benchmarks: 149

// ***** BenchmarkRunner: Finish  *****

// * Export *
  home/user/ArmoniK.Api/ffi/logs/csharp/opt/baseline/codec-full.jsonl

// * Detailed results *
CodecSuite.Run: campaign(EvaluateOverhead=False, Clock=Armonik.Ffi.Bdn.CpuClock, IterationCount=6, IterationTime=40ms, LaunchCount=1, RunStrategy=Throughput, WarmupCount=4) [Case=host-(...)etain [47]]
Runtime = .NET 8.0.31 (8.0.31, 8.0.3126.42015), X64 RyuJIT x86-64-v4; GC = Concurrent Workstation
Mean = 3.404 us, StdErr = 0.025 us (0.73%), N = 6, StdDev = 0.061 us
Min = 3.341 us, Q1 = 3.371 us, Median = 3.378 us, Q3 = 3.446 us, Max = 3.493 us
IQR = 0.075 us, LowerFence = 3.258 us, UpperFence = 3.558 us
ConfidenceInterval = [3.235 us; 3.574 us] (CI 99.9%), Margin = 0.170 us (4.99% of Mean)
Skewness = 0.44, Kurtosis = 1.18, MValue = 2
-------------------- Histogram --------------------
[3.318 us ; 3.436 us) | @@@@
[3.436 us ; 3.536 us) | @@
---------------------------------------------------

CodecSuite.Run: campaign(EvaluateOverhead=False, Clock=Armonik.Ffi.Bdn.CpuClock, IterationCount=6, IterationTime=40ms, LaunchCount=1, RunStrategy=Throughput, WarmupCount=4) [Case=incum(...)fault [54]]
Runtime = .NET 8.0.31 (8.0.31, 8.0.3126.42015), X64 RyuJIT x86-64-v4; GC = Concurrent Workstation
Mean = 5.020 us, StdErr = 0.018 us (0.35%), N = 6, StdDev = 0.043 us
Min = 4.974 us, Q1 = 4.984 us, Median = 5.016 us, Q3 = 5.044 us, Max = 5.086 us
IQR = 0.059 us, LowerFence = 4.896 us, UpperFence = 5.132 us
ConfidenceInterval = [4.898 us; 5.142 us] (CI 99.9%), Margin = 0.122 us (2.43% of Mean)
Skewness = 0.3, Kurtosis = 1.29, MValue = 2
-------------------- Histogram --------------------
[4.952 us ; 5.118 us) | @@@@@@
---------------------------------------------------

CodecSuite.Run: campaign(EvaluateOverhead=False, Clock=Armonik.Ffi.Bdn.CpuClock, IterationCount=6, IterationTime=40ms, LaunchCount=1, RunStrategy=Throughput, WarmupCount=4) [Case=incum(...)fault [54]]
Runtime = .NET 8.0.31 (8.0.31, 8.0.3126.42015), X64 RyuJIT x86-64-v4; GC = Concurrent Workstation
Mean = 277.731 us, StdErr = 7.689 us (2.77%), N = 6, StdDev = 18.834 us
Min = 265.285 us, Q1 = 266.257 us, Median = 266.818 us, Q3 = 284.907 us, Max = 310.459 us
IQR = 18.650 us, LowerFence = 238.281 us, UpperFence = 312.882 us
ConfidenceInterval = [224.917 us; 330.544 us] (CI 99.9%), Margin = 52.814 us (19.02% of Mean)
Skewness = 0.78, Kurtosis = 1.65, MValue = 2
-------------------- Histogram --------------------
[264.497 us ; 291.704 us) | @@@@@
[291.704 us ; 324.062 us) | @
---------------------------------------------------

CodecSuite.Run: campaign(EvaluateOverhead=False, Clock=Armonik.Ffi.Bdn.CpuClock, IterationCount=6, IterationTime=40ms, LaunchCount=1, RunStrategy=Throughput, WarmupCount=4) [Case=core-(...)etain [38]]
Runtime = .NET 8.0.31 (8.0.31, 8.0.3126.42015), X64 RyuJIT x86-64-v4; GC = Concurrent Workstation
Mean = 5.576 us, StdErr = 0.019 us (0.34%), N = 6, StdDev = 0.046 us
Min = 5.517 us, Q1 = 5.545 us, Median = 5.568 us, Q3 = 5.616 us, Max = 5.630 us
IQR = 0.071 us, LowerFence = 5.439 us, UpperFence = 5.722 us
ConfidenceInterval = [5.446 us; 5.705 us] (CI 99.9%), Margin = 0.130 us (2.33% of Mean)
Skewness = 0.11, Kurtosis = 1.09, MValue = 2
-------------------- Histogram --------------------
[5.492 us ; 5.663 us) | @@@@@@
---------------------------------------------------

CodecSuite.Run: campaign(EvaluateOverhead=False, Clock=Armonik.Ffi.Bdn.CpuClock, IterationCount=6, IterationTime=40ms, LaunchCount=1, RunStrategy=Throughput, WarmupCount=4) [Case=host-(...)etain [47]]
Runtime = .NET 8.0.31 (8.0.31, 8.0.3126.42015), X64 RyuJIT x86-64-v4; GC = Concurrent Workstation
Mean = 923.649 us, StdErr = 17.926 us (1.94%), N = 5, StdDev = 40.084 us
Min = 870.602 us, Q1 = 915.193 us, Median = 923.148 us, Q3 = 926.200 us, Max = 983.103 us
IQR = 11.007 us, LowerFence = 898.682 us, UpperFence = 942.710 us
ConfidenceInterval = [769.299 us; 1,077.999 us] (CI 99.9%), Margin = 154.350 us (16.71% of Mean)
Skewness = 0.19, Kurtosis = 1.58, MValue = 2
-------------------- Histogram --------------------
[867.634 us ;   929.168 us) | @@@@
[929.168 us ;   952.336 us) | 
[952.336 us ; 1,013.870 us) | @
---------------------------------------------------

CodecSuite.Run: campaign(EvaluateOverhead=False, Clock=Armonik.Ffi.Bdn.CpuClock, IterationCount=6, IterationTime=40ms, LaunchCount=1, RunStrategy=Throughput, WarmupCount=4) [Case=host-(...)etain [50]]
Runtime = .NET 8.0.31 (8.0.31, 8.0.3126.42015), X64 RyuJIT x86-64-v4; GC = Concurrent Workstation
Mean = 1.783 us, StdErr = 0.037 us (2.08%), N = 6, StdDev = 0.091 us
Min = 1.683 us, Q1 = 1.722 us, Median = 1.757 us, Q3 = 1.854 us, Max = 1.907 us
IQR = 0.133 us, LowerFence = 1.523 us, UpperFence = 2.053 us
ConfidenceInterval = [1.529 us; 2.038 us] (CI 99.9%), Margin = 0.254 us (14.27% of Mean)
Skewness = 0.3, Kurtosis = 1.08, MValue = 2
-------------------- Histogram --------------------
[1.666 us ; 1.827 us) | @@@@
[1.827 us ; 1.972 us) | @@
---------------------------------------------------

CodecSuite.Run: campaign(EvaluateOverhead=False, Clock=Armonik.Ffi.Bdn.CpuClock, IterationCount=6, IterationTime=40ms, LaunchCount=1, RunStrategy=Throughput, WarmupCount=4) [Case=host-(...)etain [38]]
Runtime = .NET 8.0.31 (8.0.31, 8.0.3126.42015), X64 RyuJIT x86-64-v4; GC = Concurrent Workstation
Mean = 1.435 us, StdErr = 0.020 us (1.42%), N = 5, StdDev = 0.045 us
Min = 1.374 us, Q1 = 1.414 us, Median = 1.428 us, Q3 = 1.476 us, Max = 1.484 us
IQR = 0.061 us, LowerFence = 1.322 us, UpperFence = 1.568 us
ConfidenceInterval = [1.260 us; 1.610 us] (CI 99.9%), Margin = 0.175 us (12.20% of Mean)
Skewness = -0.12, Kurtosis = 1.06, MValue = 2
-------------------- Histogram --------------------
[1.339 us ; 1.414 us) | @
[1.414 us ; 1.484 us) | @@@@
---------------------------------------------------

CodecSuite.Run: campaign(EvaluateOverhead=False, Clock=Armonik.Ffi.Bdn.CpuClock, IterationCount=6, IterationTime=40ms, LaunchCount=1, RunStrategy=Throughput, WarmupCount=4) [Case=core-(...)etain [47]]
Runtime = .NET 8.0.31 (8.0.31, 8.0.3126.42015), X64 RyuJIT x86-64-v4; GC = Concurrent Workstation
Mean = 921.547 us, StdErr = 19.818 us (2.15%), N = 5, StdDev = 44.314 us
Min = 880.728 us, Q1 = 891.759 us, Median = 907.390 us, Q3 = 936.468 us, Max = 991.391 us
IQR = 44.709 us, LowerFence = 824.695 us, UpperFence = 1,003.531 us
ConfidenceInterval = [750.911 us; 1,092.184 us] (CI 99.9%), Margin = 170.637 us (18.52% of Mean)
Skewness = 0.57, Kurtosis = 1.42, MValue = 2
-------------------- Histogram --------------------
[874.585 us ;   942.611 us) | @@@@
[942.611 us ; 1,025.405 us) | @
---------------------------------------------------

CodecSuite.Run: campaign(EvaluateOverhead=False, Clock=Armonik.Ffi.Bdn.CpuClock, IterationCount=6, IterationTime=40ms, LaunchCount=1, RunStrategy=Throughput, WarmupCount=4) [Case=host-(...)etain [47]]
Runtime = .NET 8.0.31 (8.0.31, 8.0.3126.42015), X64 RyuJIT x86-64-v4; GC = Concurrent Workstation
Mean = 18.541 us, StdErr = 0.305 us (1.64%), N = 6, StdDev = 0.747 us
Min = 17.472 us, Q1 = 18.007 us, Median = 18.736 us, Q3 = 19.085 us, Max = 19.337 us
IQR = 1.078 us, LowerFence = 16.390 us, UpperFence = 20.702 us
ConfidenceInterval = [16.446 us; 20.636 us] (CI 99.9%), Margin = 2.095 us (11.30% of Mean)
Skewness = -0.32, Kurtosis = 1.13, MValue = 2
-------------------- Histogram --------------------
[17.110 us ; 18.401 us) | @@
[18.401 us ; 19.480 us) | @@@@
---------------------------------------------------

CodecSuite.Run: campaign(EvaluateOverhead=False, Clock=Armonik.Ffi.Bdn.CpuClock, IterationCount=6, IterationTime=40ms, LaunchCount=1, RunStrategy=Throughput, WarmupCount=4) [Case=incum(...)fault [54]]
Runtime = .NET 8.0.31 (8.0.31, 8.0.3126.42015), X64 RyuJIT x86-64-v4; GC = Concurrent Workstation
Mean = 2.207 us, StdErr = 0.043 us (1.96%), N = 6, StdDev = 0.106 us
Min = 2.113 us, Q1 = 2.129 us, Median = 2.161 us, Q3 = 2.297 us, Max = 2.343 us
IQR = 0.168 us, LowerFence = 1.876 us, UpperFence = 2.550 us
ConfidenceInterval = [1.910 us; 2.503 us] (CI 99.9%), Margin = 0.297 us (13.45% of Mean)
Skewness = 0.44, Kurtosis = 1.04, MValue = 2
-------------------- Histogram --------------------
[2.068 us ; 2.264 us) | @@@@
[2.264 us ; 2.419 us) | @@
---------------------------------------------------

CodecSuite.Run: campaign(EvaluateOverhead=False, Clock=Armonik.Ffi.Bdn.CpuClock, IterationCount=6, IterationTime=40ms, LaunchCount=1, RunStrategy=Throughput, WarmupCount=4) [Case=host-(...)etain [38]]
Runtime = .NET 8.0.31 (8.0.31, 8.0.3126.42015), X64 RyuJIT x86-64-v4; GC = Concurrent Workstation
Mean = 608.091 us, StdErr = 0.427 us (0.07%), N = 5, StdDev = 0.956 us
Min = 606.753 us, Q1 = 607.625 us, Median = 608.083 us, Q3 = 608.946 us, Max = 609.047 us
IQR = 1.321 us, LowerFence = 605.644 us, UpperFence = 610.928 us
ConfidenceInterval = [604.412 us; 611.770 us] (CI 99.9%), Margin = 3.679 us (0.61% of Mean)
Skewness = -0.23, Kurtosis = 1.11, MValue = 2
-------------------- Histogram --------------------
[606.020 us ; 609.781 us) | @@@@@
---------------------------------------------------

CodecSuite.Run: campaign(EvaluateOverhead=False, Clock=Armonik.Ffi.Bdn.CpuClock, IterationCount=6, IterationTime=40ms, LaunchCount=1, RunStrategy=Throughput, WarmupCount=4) [Case=core-(...)etain [37]]
Runtime = .NET 8.0.31 (8.0.31, 8.0.3126.42015), X64 RyuJIT x86-64-v4; GC = Concurrent Workstation
Mean = 4.416 ms, StdErr = 0.023 ms (0.53%), N = 6, StdDev = 0.057 ms
Min = 4.351 ms, Q1 = 4.370 ms, Median = 4.411 ms, Q3 = 4.454 ms, Max = 4.496 ms
IQR = 0.084 ms, LowerFence = 4.243 ms, UpperFence = 4.581 ms
ConfidenceInterval = [4.255 ms; 4.576 ms] (CI 99.9%), Margin = 0.161 ms (3.64% of Mean)
Skewness = 0.16, Kurtosis = 1.15, MValue = 2
-------------------- Histogram --------------------
[4.342 ms ; 4.525 ms) | @@@@@@
---------------------------------------------------

CodecSuite.Run: campaign(EvaluateOverhead=False, Clock=Armonik.Ffi.Bdn.CpuClock, IterationCount=6, IterationTime=40ms, LaunchCount=1, RunStrategy=Throughput, WarmupCount=4) [Case=host-(...)etain [47]]
Runtime = .NET 8.0.31 (8.0.31, 8.0.3126.42015), X64 RyuJIT x86-64-v4; GC = Concurrent Workstation
Mean = 4.648 us, StdErr = 0.003 us (0.06%), N = 6, StdDev = 0.007 us
Min = 4.641 us, Q1 = 4.642 us, Median = 4.646 us, Q3 = 4.654 us, Max = 4.657 us
IQR = 0.012 us, LowerFence = 4.624 us, UpperFence = 4.672 us
ConfidenceInterval = [4.628 us; 4.668 us] (CI 99.9%), Margin = 0.020 us (0.43% of Mean)
Skewness = 0.22, Kurtosis = 0.93, MValue = 2
-------------------- Histogram --------------------
[4.636 us ; 4.663 us) | @@@@@@
---------------------------------------------------

CodecSuite.Run: campaign(EvaluateOverhead=False, Clock=Armonik.Ffi.Bdn.CpuClock, IterationCount=6, IterationTime=40ms, LaunchCount=1, RunStrategy=Throughput, WarmupCount=4) [Case=core-(...)etain [75]]
Runtime = .NET 8.0.31 (8.0.31, 8.0.3126.42015), X64 RyuJIT x86-64-v4; GC = Concurrent Workstation
Mean = 593.195 ns, StdErr = 21.026 ns (3.54%), N = 6, StdDev = 51.502 ns
Min = 554.463 ns, Q1 = 558.978 ns, Median = 569.195 ns, Q3 = 613.157 ns, Max = 682.936 ns
IQR = 54.180 ns, LowerFence = 477.708 ns, UpperFence = 694.427 ns
ConfidenceInterval = [448.773 ns; 737.618 ns] (CI 99.9%), Margin = 144.422 ns (24.35% of Mean)
Skewness = 0.76, Kurtosis = 1.68, MValue = 2
-------------------- Histogram --------------------
[553.728 ns ; 645.736 ns) | @@@@@
[645.736 ns ; 720.136 ns) | @
---------------------------------------------------

CodecSuite.Run: campaign(EvaluateOverhead=False, Clock=Armonik.Ffi.Bdn.CpuClock, IterationCount=6, IterationTime=40ms, LaunchCount=1, RunStrategy=Throughput, WarmupCount=4) [Case=incum(...)fault [45]]
Runtime = .NET 8.0.31 (8.0.31, 8.0.3126.42015), X64 RyuJIT x86-64-v4; GC = Concurrent Workstation
Mean = 626.864 ns, StdErr = 2.607 ns (0.42%), N = 5, StdDev = 5.829 ns
Min = 621.599 ns, Q1 = 622.230 ns, Median = 625.552 ns, Q3 = 629.140 ns, Max = 635.798 ns
IQR = 6.910 ns, LowerFence = 611.864 ns, UpperFence = 639.506 ns
ConfidenceInterval = [604.418 ns; 649.309 ns] (CI 99.9%), Margin = 22.445 ns (3.58% of Mean)
Skewness = 0.48, Kurtosis = 1.32, MValue = 2
-------------------- Histogram --------------------
[619.116 ns ; 640.272 ns) | @@@@@
---------------------------------------------------

CodecSuite.Run: campaign(EvaluateOverhead=False, Clock=Armonik.Ffi.Bdn.CpuClock, IterationCount=6, IterationTime=40ms, LaunchCount=1, RunStrategy=Throughput, WarmupCount=4) [Case=host-(...)etain [52]]
Runtime = .NET 8.0.31 (8.0.31, 8.0.3126.42015), X64 RyuJIT x86-64-v4; GC = Concurrent Workstation
Mean = 6.237 us, StdErr = 0.015 us (0.24%), N = 6, StdDev = 0.037 us
Min = 6.189 us, Q1 = 6.215 us, Median = 6.231 us, Q3 = 6.262 us, Max = 6.287 us
IQR = 0.047 us, LowerFence = 6.145 us, UpperFence = 6.332 us
ConfidenceInterval = [6.134 us; 6.340 us] (CI 99.9%), Margin = 0.103 us (1.65% of Mean)
Skewness = 0.15, Kurtosis = 1.23, MValue = 2
-------------------- Histogram --------------------
[6.163 us ; 6.314 us) | @@@@@@
---------------------------------------------------

CodecSuite.Run: campaign(EvaluateOverhead=False, Clock=Armonik.Ffi.Bdn.CpuClock, IterationCount=6, IterationTime=40ms, LaunchCount=1, RunStrategy=Throughput, WarmupCount=4) [Case=core-(...)etain [38]]
Runtime = .NET 8.0.31 (8.0.31, 8.0.3126.42015), X64 RyuJIT x86-64-v4; GC = Concurrent Workstation
Mean = 6.041 us, StdErr = 0.186 us (3.07%), N = 6, StdDev = 0.455 us
Min = 5.586 us, Q1 = 5.686 us, Median = 5.997 us, Q3 = 6.212 us, Max = 6.799 us
IQR = 0.526 us, LowerFence = 4.897 us, UpperFence = 7.002 us
ConfidenceInterval = [4.765 us; 7.316 us] (CI 99.9%), Margin = 1.275 us (21.11% of Mean)
Skewness = 0.47, Kurtosis = 1.61, MValue = 2
-------------------- Histogram --------------------
[5.494 us ; 6.151 us) | @@@@
[6.151 us ; 6.859 us) | @@
---------------------------------------------------

CodecSuite.Run: campaign(EvaluateOverhead=False, Clock=Armonik.Ffi.Bdn.CpuClock, IterationCount=6, IterationTime=40ms, LaunchCount=1, RunStrategy=Throughput, WarmupCount=4) [Case=host-(...)etain [78]]
Runtime = .NET 8.0.31 (8.0.31, 8.0.3126.42015), X64 RyuJIT x86-64-v4; GC = Concurrent Workstation
Mean = 5.949 us, StdErr = 0.015 us (0.25%), N = 5, StdDev = 0.033 us
Min = 5.897 us, Q1 = 5.944 us, Median = 5.957 us, Q3 = 5.958 us, Max = 5.988 us
IQR = 0.014 us, LowerFence = 5.924 us, UpperFence = 5.978 us
ConfidenceInterval = [5.822 us; 6.076 us] (CI 99.9%), Margin = 0.127 us (2.13% of Mean)
Skewness = -0.43, Kurtosis = 1.59, MValue = 2
-------------------- Histogram --------------------
[5.872 us ; 6.013 us) | @@@@@
---------------------------------------------------

CodecSuite.Run: campaign(EvaluateOverhead=False, Clock=Armonik.Ffi.Bdn.CpuClock, IterationCount=6, IterationTime=40ms, LaunchCount=1, RunStrategy=Throughput, WarmupCount=4) [Case=incum(...)fault [45]]
Runtime = .NET 8.0.31 (8.0.31, 8.0.3126.42015), X64 RyuJIT x86-64-v4; GC = Concurrent Workstation
Mean = 6.007 ms, StdErr = 0.266 ms (4.43%), N = 6, StdDev = 0.652 ms
Min = 5.273 ms, Q1 = 5.564 ms, Median = 5.897 ms, Q3 = 6.352 ms, Max = 7.021 ms
IQR = 0.788 ms, LowerFence = 4.381 ms, UpperFence = 7.535 ms
ConfidenceInterval = [4.178 ms; 7.836 ms] (CI 99.9%), Margin = 1.829 ms (30.44% of Mean)
Skewness = 0.36, Kurtosis = 1.37, MValue = 2
-------------------- Histogram --------------------
[5.128 ms ; 6.070 ms) | @@@@
[6.070 ms ; 7.229 ms) | @@
---------------------------------------------------

CodecSuite.Run: campaign(EvaluateOverhead=False, Clock=Armonik.Ffi.Bdn.CpuClock, IterationCount=6, IterationTime=40ms, LaunchCount=1, RunStrategy=Throughput, WarmupCount=4) [Case=incum(...)fault [45]]
Runtime = .NET 8.0.31 (8.0.31, 8.0.3126.42015), X64 RyuJIT x86-64-v4; GC = Concurrent Workstation
Mean = 6.371 us, StdErr = 0.037 us (0.58%), N = 5, StdDev = 0.083 us
Min = 6.268 us, Q1 = 6.331 us, Median = 6.361 us, Q3 = 6.408 us, Max = 6.489 us
IQR = 0.077 us, LowerFence = 6.216 us, UpperFence = 6.523 us
ConfidenceInterval = [6.052 us; 6.691 us] (CI 99.9%), Margin = 0.320 us (5.02% of Mean)
Skewness = 0.17, Kurtosis = 1.3, MValue = 2
-------------------- Histogram --------------------
[6.204 us ; 6.553 us) | @@@@@
---------------------------------------------------

CodecSuite.Run: campaign(EvaluateOverhead=False, Clock=Armonik.Ffi.Bdn.CpuClock, IterationCount=6, IterationTime=40ms, LaunchCount=1, RunStrategy=Throughput, WarmupCount=4) [Case=host-(...)etain [37]]
Runtime = .NET 8.0.31 (8.0.31, 8.0.3126.42015), X64 RyuJIT x86-64-v4; GC = Concurrent Workstation
Mean = 6.108 ms, StdErr = 0.134 ms (2.20%), N = 6, StdDev = 0.329 ms
Min = 5.785 ms, Q1 = 5.844 ms, Median = 6.024 ms, Q3 = 6.375 ms, Max = 6.542 ms
IQR = 0.531 ms, LowerFence = 5.047 ms, UpperFence = 7.172 ms
ConfidenceInterval = [5.187 ms; 7.030 ms] (CI 99.9%), Margin = 0.922 ms (15.09% of Mean)
Skewness = 0.23, Kurtosis = 0.96, MValue = 2
-------------------- Histogram --------------------
[5.748 ms ; 6.222 ms) | @@@@
[6.222 ms ; 6.779 ms) | @@
---------------------------------------------------

CodecSuite.Run: campaign(EvaluateOverhead=False, Clock=Armonik.Ffi.Bdn.CpuClock, IterationCount=6, IterationTime=40ms, LaunchCount=1, RunStrategy=Throughput, WarmupCount=4) [Case=incum(...)fault [45]]
Runtime = .NET 8.0.31 (8.0.31, 8.0.3126.42015), X64 RyuJIT x86-64-v4; GC = Concurrent Workstation
Mean = 184.753 us, StdErr = 1.576 us (0.85%), N = 5, StdDev = 3.525 us
Min = 181.282 us, Q1 = 182.825 us, Median = 183.767 us, Q3 = 185.439 us, Max = 190.453 us
IQR = 2.614 us, LowerFence = 178.905 us, UpperFence = 189.359 us
ConfidenceInterval = [171.180 us; 198.327 us] (CI 99.9%), Margin = 13.573 us (7.35% of Mean)
Skewness = 0.62, Kurtosis = 1.58, MValue = 2
-------------------- Histogram --------------------
[180.655 us ; 187.748 us) | @@@@
[187.748 us ; 193.159 us) | @
---------------------------------------------------

CodecSuite.Run: campaign(EvaluateOverhead=False, Clock=Armonik.Ffi.Bdn.CpuClock, IterationCount=6, IterationTime=40ms, LaunchCount=1, RunStrategy=Throughput, WarmupCount=4) [Case=incum(...)fault [54]]
Runtime = .NET 8.0.31 (8.0.31, 8.0.3126.42015), X64 RyuJIT x86-64-v4; GC = Concurrent Workstation
Mean = 3.047 ms, StdErr = 0.004 ms (0.13%), N = 5, StdDev = 0.009 ms
Min = 3.039 ms, Q1 = 3.041 ms, Median = 3.044 ms, Q3 = 3.051 ms, Max = 3.061 ms
IQR = 0.010 ms, LowerFence = 3.025 ms, UpperFence = 3.067 ms
ConfidenceInterval = [3.013 ms; 3.082 ms] (CI 99.9%), Margin = 0.034 ms (1.12% of Mean)
Skewness = 0.51, Kurtosis = 1.32, MValue = 2
-------------------- Histogram --------------------
[3.033 ms ; 3.068 ms) | @@@@@
---------------------------------------------------

CodecSuite.Run: campaign(EvaluateOverhead=False, Clock=Armonik.Ffi.Bdn.CpuClock, IterationCount=6, IterationTime=40ms, LaunchCount=1, RunStrategy=Throughput, WarmupCount=4) [Case=core-(...)etain [87]]
Runtime = .NET 8.0.31 (8.0.31, 8.0.3126.42015), X64 RyuJIT x86-64-v4; GC = Concurrent Workstation
Mean = 2.223 us, StdErr = 0.005 us (0.21%), N = 5, StdDev = 0.010 us
Min = 2.211 us, Q1 = 2.215 us, Median = 2.224 us, Q3 = 2.228 us, Max = 2.237 us
IQR = 0.013 us, LowerFence = 2.197 us, UpperFence = 2.247 us
ConfidenceInterval = [2.183 us; 2.263 us] (CI 99.9%), Margin = 0.040 us (1.79% of Mean)
Skewness = 0.09, Kurtosis = 1.12, MValue = 2
-------------------- Histogram --------------------
[2.203 us ; 2.245 us) | @@@@@
---------------------------------------------------

CodecSuite.Run: campaign(EvaluateOverhead=False, Clock=Armonik.Ffi.Bdn.CpuClock, IterationCount=6, IterationTime=40ms, LaunchCount=1, RunStrategy=Throughput, WarmupCount=4) [Case=core-(...)etain [47]]
Runtime = .NET 8.0.31 (8.0.31, 8.0.3126.42015), X64 RyuJIT x86-64-v4; GC = Concurrent Workstation
Mean = 153.658 us, StdErr = 3.647 us (2.37%), N = 5, StdDev = 8.156 us
Min = 148.577 us, Q1 = 149.438 us, Median = 149.484 us, Q3 = 152.836 us, Max = 167.953 us
IQR = 3.398 us, LowerFence = 144.341 us, UpperFence = 157.934 us
ConfidenceInterval = [122.253 us; 185.062 us] (CI 99.9%), Margin = 31.404 us (20.44% of Mean)
Skewness = 0.97, Kurtosis = 1.95, MValue = 2
-------------------- Histogram --------------------
[144.447 us ; 156.967 us) | @@@@
[156.967 us ; 161.693 us) | 
[161.693 us ; 174.212 us) | @
---------------------------------------------------

CodecSuite.Run: campaign(EvaluateOverhead=False, Clock=Armonik.Ffi.Bdn.CpuClock, IterationCount=6, IterationTime=40ms, LaunchCount=1, RunStrategy=Throughput, WarmupCount=4) [Case=host-(...)etain [66]]
Runtime = .NET 8.0.31 (8.0.31, 8.0.3126.42015), X64 RyuJIT x86-64-v4; GC = Concurrent Workstation
Mean = 1.059 us, StdErr = 0.025 us (2.39%), N = 6, StdDev = 0.062 us
Min = 0.978 us, Q1 = 1.016 us, Median = 1.069 us, Q3 = 1.090 us, Max = 1.144 us
IQR = 0.074 us, LowerFence = 0.905 us, UpperFence = 1.201 us
ConfidenceInterval = [0.886 us; 1.233 us] (CI 99.9%), Margin = 0.174 us (16.39% of Mean)
Skewness = -0.07, Kurtosis = 1.27, MValue = 2
-------------------- Histogram --------------------
[0.943 us ; 1.033 us) | @@
[1.033 us ; 1.151 us) | @@@@
---------------------------------------------------

CodecSuite.Run: campaign(EvaluateOverhead=False, Clock=Armonik.Ffi.Bdn.CpuClock, IterationCount=6, IterationTime=40ms, LaunchCount=1, RunStrategy=Throughput, WarmupCount=4) [Case=host-(...)etain [39]]
Runtime = .NET 8.0.31 (8.0.31, 8.0.3126.42015), X64 RyuJIT x86-64-v4; GC = Concurrent Workstation
Mean = 4.600 ms, StdErr = 0.131 ms (2.84%), N = 6, StdDev = 0.320 ms
Min = 4.218 ms, Q1 = 4.350 ms, Median = 4.613 ms, Q3 = 4.890 ms, Max = 4.911 ms
IQR = 0.540 ms, LowerFence = 3.539 ms, UpperFence = 5.700 ms
ConfidenceInterval = [3.701 ms; 5.498 ms] (CI 99.9%), Margin = 0.899 ms (19.54% of Mean)
Skewness = -0.05, Kurtosis = 0.79, MValue = 2
-------------------- Histogram --------------------
[4.066 ms ; 4.648 ms) | @@@
[4.648 ms ; 5.142 ms) | @@@
---------------------------------------------------

CodecSuite.Run: campaign(EvaluateOverhead=False, Clock=Armonik.Ffi.Bdn.CpuClock, IterationCount=6, IterationTime=40ms, LaunchCount=1, RunStrategy=Throughput, WarmupCount=4) [Case=host-(...)etain [38]]
Runtime = .NET 8.0.31 (8.0.31, 8.0.3126.42015), X64 RyuJIT x86-64-v4; GC = Concurrent Workstation
Mean = 6.417 us, StdErr = 0.026 us (0.40%), N = 5, StdDev = 0.058 us
Min = 6.356 us, Q1 = 6.363 us, Median = 6.416 us, Q3 = 6.471 us, Max = 6.478 us
IQR = 0.109 us, LowerFence = 6.199 us, UpperFence = 6.635 us
ConfidenceInterval = [6.195 us; 6.639 us] (CI 99.9%), Margin = 0.222 us (3.46% of Mean)
Skewness = 0.01, Kurtosis = 0.81, MValue = 2
-------------------- Histogram --------------------
[6.322 us ; 6.522 us) | @@@@@
---------------------------------------------------

CodecSuite.Run: campaign(EvaluateOverhead=False, Clock=Armonik.Ffi.Bdn.CpuClock, IterationCount=6, IterationTime=40ms, LaunchCount=1, RunStrategy=Throughput, WarmupCount=4) [Case=incum(...)fault [45]]
Runtime = .NET 8.0.31 (8.0.31, 8.0.3126.42015), X64 RyuJIT x86-64-v4; GC = Concurrent Workstation
Mean = 9.944 us, StdErr = 0.058 us (0.58%), N = 6, StdDev = 0.142 us
Min = 9.789 us, Q1 = 9.848 us, Median = 9.930 us, Q3 = 9.987 us, Max = 10.188 us
IQR = 0.139 us, LowerFence = 9.639 us, UpperFence = 10.196 us
ConfidenceInterval = [9.544 us; 10.343 us] (CI 99.9%), Margin = 0.399 us (4.02% of Mean)
Skewness = 0.55, Kurtosis = 1.75, MValue = 2
-------------------- Histogram --------------------
[ 9.686 us ; 10.016 us) | @@@@@
[10.016 us ; 10.291 us) | @
---------------------------------------------------

CodecSuite.Run: campaign(EvaluateOverhead=False, Clock=Armonik.Ffi.Bdn.CpuClock, IterationCount=6, IterationTime=40ms, LaunchCount=1, RunStrategy=Throughput, WarmupCount=4) [Case=incum(...)fault [46]]
Runtime = .NET 8.0.31 (8.0.31, 8.0.3126.42015), X64 RyuJIT x86-64-v4; GC = Concurrent Workstation
Mean = 6.126 ms, StdErr = 0.095 ms (1.54%), N = 6, StdDev = 0.232 ms
Min = 5.952 ms, Q1 = 5.977 ms, Median = 6.000 ms, Q3 = 6.250 ms, Max = 6.500 ms
IQR = 0.273 ms, LowerFence = 5.568 ms, UpperFence = 6.660 ms
ConfidenceInterval = [5.476 ms; 6.776 ms] (CI 99.9%), Margin = 0.650 ms (10.60% of Mean)
Skewness = 0.65, Kurtosis = 1.35, MValue = 2
-------------------- Histogram --------------------
[5.784 ms ; 6.146 ms) | @@@@
[6.146 ms ; 6.583 ms) | @@
---------------------------------------------------

CodecSuite.Run: campaign(EvaluateOverhead=False, Clock=Armonik.Ffi.Bdn.CpuClock, IterationCount=6, IterationTime=40ms, LaunchCount=1, RunStrategy=Throughput, WarmupCount=4) [Case=core-(...)etain [88]]
Runtime = .NET 8.0.31 (8.0.31, 8.0.3126.42015), X64 RyuJIT x86-64-v4; GC = Concurrent Workstation
Mean = 346.243 ns, StdErr = 9.606 ns (2.77%), N = 6, StdDev = 23.529 ns
Min = 314.707 ns, Q1 = 327.396 ns, Median = 352.858 ns, Q3 = 364.660 ns, Max = 369.531 ns
IQR = 37.264 ns, LowerFence = 271.499 ns, UpperFence = 420.556 ns
ConfidenceInterval = [280.264 ns; 412.221 ns] (CI 99.9%), Margin = 65.979 ns (19.06% of Mean)
Skewness = -0.26, Kurtosis = 0.99, MValue = 2
-------------------- Histogram --------------------
[301.559 ns ; 338.962 ns) | @@
[338.962 ns ; 372.952 ns) | @@@@
---------------------------------------------------

CodecSuite.Run: campaign(EvaluateOverhead=False, Clock=Armonik.Ffi.Bdn.CpuClock, IterationCount=6, IterationTime=40ms, LaunchCount=1, RunStrategy=Throughput, WarmupCount=4) [Case=incum(...)fault [86]]
Runtime = .NET 8.0.31 (8.0.31, 8.0.3126.42015), X64 RyuJIT x86-64-v4; GC = Concurrent Workstation
Mean = 895.275 ns, StdErr = 19.920 ns (2.23%), N = 5, StdDev = 44.543 ns
Min = 865.093 ns, Q1 = 870.307 ns, Median = 880.944 ns, Q3 = 886.523 ns, Max = 973.506 ns
IQR = 16.216 ns, LowerFence = 845.983 ns, UpperFence = 910.848 ns
ConfidenceInterval = [723.755 ns; 1,066.795 ns] (CI 99.9%), Margin = 171.520 ns (19.16% of Mean)
Skewness = 0.98, Kurtosis = 1.97, MValue = 2
-------------------- Histogram --------------------
[841.619 ns ;   909.998 ns) | @@@@
[909.998 ns ;   939.317 ns) | 
[939.317 ns ; 1,007.696 ns) | @
---------------------------------------------------

CodecSuite.Run: campaign(EvaluateOverhead=False, Clock=Armonik.Ffi.Bdn.CpuClock, IterationCount=6, IterationTime=40ms, LaunchCount=1, RunStrategy=Throughput, WarmupCount=4) [Case=incum(...)fault [44]]
Runtime = .NET 8.0.31 (8.0.31, 8.0.3126.42015), X64 RyuJIT x86-64-v4; GC = Concurrent Workstation
Mean = 7.054 ms, StdErr = 0.036 ms (0.51%), N = 5, StdDev = 0.081 ms
Min = 6.962 ms, Q1 = 6.973 ms, Median = 7.083 ms, Q3 = 7.118 ms, Max = 7.134 ms
IQR = 0.144 ms, LowerFence = 6.757 ms, UpperFence = 7.334 ms
ConfidenceInterval = [6.742 ms; 7.366 ms] (CI 99.9%), Margin = 0.312 ms (4.42% of Mean)
Skewness = -0.19, Kurtosis = 0.8, MValue = 2
-------------------- Histogram --------------------
[6.900 ms ; 7.180 ms) | @@@@@
---------------------------------------------------

CodecSuite.Run: campaign(EvaluateOverhead=False, Clock=Armonik.Ffi.Bdn.CpuClock, IterationCount=6, IterationTime=40ms, LaunchCount=1, RunStrategy=Throughput, WarmupCount=4) [Case=incum(...)fault [45]]
Runtime = .NET 8.0.31 (8.0.31, 8.0.3126.42015), X64 RyuJIT x86-64-v4; GC = Concurrent Workstation
Mean = 2.313 ms, StdErr = 0.035 ms (1.52%), N = 5, StdDev = 0.079 ms
Min = 2.246 ms, Q1 = 2.265 ms, Median = 2.292 ms, Q3 = 2.318 ms, Max = 2.445 ms
IQR = 0.053 ms, LowerFence = 2.187 ms, UpperFence = 2.397 ms
ConfidenceInterval = [2.011 ms; 2.615 ms] (CI 99.9%), Margin = 0.302 ms (13.07% of Mean)
Skewness = 0.77, Kurtosis = 1.72, MValue = 2
-------------------- Histogram --------------------
[2.222 ms ; 2.385 ms) | @@@@
[2.385 ms ; 2.505 ms) | @
---------------------------------------------------

CodecSuite.Run: campaign(EvaluateOverhead=False, Clock=Armonik.Ffi.Bdn.CpuClock, IterationCount=6, IterationTime=40ms, LaunchCount=1, RunStrategy=Throughput, WarmupCount=4) [Case=host-(...)etain [38]]
Runtime = .NET 8.0.31 (8.0.31, 8.0.3126.42015), X64 RyuJIT x86-64-v4; GC = Concurrent Workstation
Mean = 1.107 ms, StdErr = 0.038 ms (3.42%), N = 5, StdDev = 0.085 ms
Min = 1.050 ms, Q1 = 1.065 ms, Median = 1.074 ms, Q3 = 1.092 ms, Max = 1.256 ms
IQR = 0.027 ms, LowerFence = 1.025 ms, UpperFence = 1.132 ms
ConfidenceInterval = [0.781 ms; 1.434 ms] (CI 99.9%), Margin = 0.326 ms (29.46% of Mean)
Skewness = 0.99, Kurtosis = 1.98, MValue = 2
-------------------- Histogram --------------------
[1.006 ms ; 1.136 ms) | @@@@
[1.136 ms ; 1.191 ms) | 
[1.191 ms ; 1.321 ms) | @
---------------------------------------------------

CodecSuite.Run: campaign(EvaluateOverhead=False, Clock=Armonik.Ffi.Bdn.CpuClock, IterationCount=6, IterationTime=40ms, LaunchCount=1, RunStrategy=Throughput, WarmupCount=4) [Case=core-(...)etain [47]]
Runtime = .NET 8.0.31 (8.0.31, 8.0.3126.42015), X64 RyuJIT x86-64-v4; GC = Concurrent Workstation
Mean = 24.081 us, StdErr = 0.034 us (0.14%), N = 6, StdDev = 0.083 us
Min = 23.974 us, Q1 = 24.034 us, Median = 24.072 us, Q3 = 24.123 us, Max = 24.209 us
IQR = 0.090 us, LowerFence = 23.899 us, UpperFence = 24.258 us
ConfidenceInterval = [23.848 us; 24.315 us] (CI 99.9%), Margin = 0.234 us (0.97% of Mean)
Skewness = 0.23, Kurtosis = 1.45, MValue = 2
-------------------- Histogram --------------------
[23.913 us ; 24.269 us) | @@@@@@
---------------------------------------------------

CodecSuite.Run: campaign(EvaluateOverhead=False, Clock=Armonik.Ffi.Bdn.CpuClock, IterationCount=6, IterationTime=40ms, LaunchCount=1, RunStrategy=Throughput, WarmupCount=4) [Case=host-(...)etain [38]]
Runtime = .NET 8.0.31 (8.0.31, 8.0.3126.42015), X64 RyuJIT x86-64-v4; GC = Concurrent Workstation
Mean = 5.245 us, StdErr = 0.035 us (0.67%), N = 6, StdDev = 0.086 us
Min = 5.137 us, Q1 = 5.173 us, Median = 5.275 us, Q3 = 5.296 us, Max = 5.340 us
IQR = 0.123 us, LowerFence = 4.989 us, UpperFence = 5.480 us
ConfidenceInterval = [5.005 us; 5.485 us] (CI 99.9%), Margin = 0.240 us (4.57% of Mean)
Skewness = -0.34, Kurtosis = 1.08, MValue = 2
-------------------- Histogram --------------------
[5.076 us ; 5.201 us) | @@
[5.201 us ; 5.367 us) | @@@@
---------------------------------------------------

CodecSuite.Run: campaign(EvaluateOverhead=False, Clock=Armonik.Ffi.Bdn.CpuClock, IterationCount=6, IterationTime=40ms, LaunchCount=1, RunStrategy=Throughput, WarmupCount=4) [Case=incum(...)fault [53]]
Runtime = .NET 8.0.31 (8.0.31, 8.0.3126.42015), X64 RyuJIT x86-64-v4; GC = Concurrent Workstation
Mean = 7.096 ms, StdErr = 0.306 ms (4.32%), N = 5, StdDev = 0.685 ms
Min = 6.448 ms, Q1 = 6.574 ms, Median = 6.912 ms, Q3 = 7.428 ms, Max = 8.116 ms
IQR = 0.854 ms, LowerFence = 5.293 ms, UpperFence = 8.709 ms
ConfidenceInterval = [4.458 ms; 9.734 ms] (CI 99.9%), Margin = 2.638 ms (37.18% of Mean)
Skewness = 0.42, Kurtosis = 1.22, MValue = 2
-------------------- Histogram --------------------
[6.412 ms ; 7.464 ms) | @@@@
[7.464 ms ; 8.642 ms) | @
---------------------------------------------------

CodecSuite.Run: campaign(EvaluateOverhead=False, Clock=Armonik.Ffi.Bdn.CpuClock, IterationCount=6, IterationTime=40ms, LaunchCount=1, RunStrategy=Throughput, WarmupCount=4) [Case=incum(...)fault [92]]
Runtime = .NET 8.0.31 (8.0.31, 8.0.3126.42015), X64 RyuJIT x86-64-v4; GC = Concurrent Workstation
Mean = 31.368 us, StdErr = 0.205 us (0.65%), N = 5, StdDev = 0.458 us
Min = 30.644 us, Q1 = 31.215 us, Median = 31.522 us, Q3 = 31.671 us, Max = 31.788 us
IQR = 0.456 us, LowerFence = 30.531 us, UpperFence = 32.355 us
ConfidenceInterval = [29.603 us; 33.132 us] (CI 99.9%), Margin = 1.765 us (5.63% of Mean)
Skewness = -0.58, Kurtosis = 1.43, MValue = 2
-------------------- Histogram --------------------
[30.292 us ; 30.995 us) | @
[30.995 us ; 31.853 us) | @@@@
---------------------------------------------------

CodecSuite.Run: campaign(EvaluateOverhead=False, Clock=Armonik.Ffi.Bdn.CpuClock, IterationCount=6, IterationTime=40ms, LaunchCount=1, RunStrategy=Throughput, WarmupCount=4) [Case=core-(...)etain [76]]
Runtime = .NET 8.0.31 (8.0.31, 8.0.3126.42015), X64 RyuJIT x86-64-v4; GC = Concurrent Workstation
Mean = 8.317 us, StdErr = 0.113 us (1.36%), N = 6, StdDev = 0.277 us
Min = 7.958 us, Q1 = 8.129 us, Median = 8.303 us, Q3 = 8.550 us, Max = 8.634 us
IQR = 0.421 us, LowerFence = 7.497 us, UpperFence = 9.182 us
ConfidenceInterval = [7.540 us; 9.094 us] (CI 99.9%), Margin = 0.777 us (9.34% of Mean)
Skewness = -0.04, Kurtosis = 0.97, MValue = 2
-------------------- Histogram --------------------
[7.855 us ; 8.255 us) | @@@
[8.255 us ; 8.744 us) | @@@
---------------------------------------------------

CodecSuite.Run: campaign(EvaluateOverhead=False, Clock=Armonik.Ffi.Bdn.CpuClock, IterationCount=6, IterationTime=40ms, LaunchCount=1, RunStrategy=Throughput, WarmupCount=4) [Case=incum(...)fault [54]]
Runtime = .NET 8.0.31 (8.0.31, 8.0.3126.42015), X64 RyuJIT x86-64-v4; GC = Concurrent Workstation
Mean = 1.115 ms, StdErr = 0.023 ms (2.06%), N = 6, StdDev = 0.056 ms
Min = 1.044 ms, Q1 = 1.065 ms, Median = 1.137 ms, Q3 = 1.159 ms, Max = 1.165 ms
IQR = 0.094 ms, LowerFence = 0.924 ms, UpperFence = 1.301 ms
ConfidenceInterval = [0.958 ms; 1.273 ms] (CI 99.9%), Margin = 0.158 ms (14.13% of Mean)
Skewness = -0.36, Kurtosis = 0.99, MValue = 2
-------------------- Histogram --------------------
[1.004 ms ; 1.101 ms) | @@
[1.101 ms ; 1.182 ms) | @@@@
---------------------------------------------------

CodecSuite.Run: campaign(EvaluateOverhead=False, Clock=Armonik.Ffi.Bdn.CpuClock, IterationCount=6, IterationTime=40ms, LaunchCount=1, RunStrategy=Throughput, WarmupCount=4) [Case=host-(...)etain [47]]
Runtime = .NET 8.0.31 (8.0.31, 8.0.3126.42015), X64 RyuJIT x86-64-v4; GC = Concurrent Workstation
Mean = 1.719 ms, StdErr = 0.051 ms (2.96%), N = 6, StdDev = 0.125 ms
Min = 1.575 ms, Q1 = 1.652 ms, Median = 1.673 ms, Q3 = 1.815 ms, Max = 1.888 ms
IQR = 0.163 ms, LowerFence = 1.407 ms, UpperFence = 2.059 ms
ConfidenceInterval = [1.370 ms; 2.069 ms] (CI 99.9%), Margin = 0.349 ms (20.33% of Mean)
Skewness = 0.33, Kurtosis = 1.13, MValue = 3
-------------------- Histogram --------------------
[1.542 ms ; 1.722 ms) | @@@@
[1.722 ms ; 1.782 ms) | 
[1.782 ms ; 1.978 ms) | @@
---------------------------------------------------

CodecSuite.Run: campaign(EvaluateOverhead=False, Clock=Armonik.Ffi.Bdn.CpuClock, IterationCount=6, IterationTime=40ms, LaunchCount=1, RunStrategy=Throughput, WarmupCount=4) [Case=host-(...)etain [75]]
Runtime = .NET 8.0.31 (8.0.31, 8.0.3126.42015), X64 RyuJIT x86-64-v4; GC = Concurrent Workstation
Mean = 1.168 us, StdErr = 0.004 us (0.38%), N = 6, StdDev = 0.011 us
Min = 1.155 us, Q1 = 1.159 us, Median = 1.167 us, Q3 = 1.176 us, Max = 1.180 us
IQR = 0.017 us, LowerFence = 1.133 us, UpperFence = 1.202 us
ConfidenceInterval = [1.137 us; 1.198 us] (CI 99.9%), Margin = 0.030 us (2.59% of Mean)
Skewness = 0.02, Kurtosis = 0.89, MValue = 2
-------------------- Histogram --------------------
[1.147 us ; 1.188 us) | @@@@@@
---------------------------------------------------

CodecSuite.Run: campaign(EvaluateOverhead=False, Clock=Armonik.Ffi.Bdn.CpuClock, IterationCount=6, IterationTime=40ms, LaunchCount=1, RunStrategy=Throughput, WarmupCount=4) [Case=host-(...)etain [46]]
Runtime = .NET 8.0.31 (8.0.31, 8.0.3126.42015), X64 RyuJIT x86-64-v4; GC = Concurrent Workstation
Mean = 3.128 ms, StdErr = 0.046 ms (1.46%), N = 5, StdDev = 0.102 ms
Min = 3.046 ms, Q1 = 3.075 ms, Median = 3.092 ms, Q3 = 3.122 ms, Max = 3.303 ms
IQR = 0.047 ms, LowerFence = 3.004 ms, UpperFence = 3.192 ms
ConfidenceInterval = [2.735 ms; 3.520 ms] (CI 99.9%), Margin = 0.393 ms (12.56% of Mean)
Skewness = 0.88, Kurtosis = 1.86, MValue = 2
-------------------- Histogram --------------------
[3.005 ms ; 3.162 ms) | @@@@
[3.162 ms ; 3.225 ms) | 
[3.225 ms ; 3.382 ms) | @
---------------------------------------------------

CodecSuite.Run: campaign(EvaluateOverhead=False, Clock=Armonik.Ffi.Bdn.CpuClock, IterationCount=6, IterationTime=40ms, LaunchCount=1, RunStrategy=Throughput, WarmupCount=4) [Case=host-(...)etain [38]]
Runtime = .NET 8.0.31 (8.0.31, 8.0.3126.42015), X64 RyuJIT x86-64-v4; GC = Concurrent Workstation
Mean = 2.883 ms, StdErr = 0.072 ms (2.51%), N = 6, StdDev = 0.177 ms
Min = 2.679 ms, Q1 = 2.773 ms, Median = 2.831 ms, Q3 = 3.020 ms, Max = 3.121 ms
IQR = 0.247 ms, LowerFence = 2.403 ms, UpperFence = 3.390 ms
ConfidenceInterval = [2.387 ms; 3.379 ms] (CI 99.9%), Margin = 0.496 ms (17.21% of Mean)
Skewness = 0.3, Kurtosis = 1.12, MValue = 2
-------------------- Histogram --------------------
[2.638 ms ; 2.970 ms) | @@@@
[2.970 ms ; 3.248 ms) | @@
---------------------------------------------------

CodecSuite.Run: campaign(EvaluateOverhead=False, Clock=Armonik.Ffi.Bdn.CpuClock, IterationCount=6, IterationTime=40ms, LaunchCount=1, RunStrategy=Throughput, WarmupCount=4) [Case=incum(...)fault [54]]
Runtime = .NET 8.0.31 (8.0.31, 8.0.3126.42015), X64 RyuJIT x86-64-v4; GC = Concurrent Workstation
Mean = 47.775 us, StdErr = 1.184 us (2.48%), N = 6, StdDev = 2.900 us
Min = 43.374 us, Q1 = 45.913 us, Median = 48.949 us, Q3 = 49.915 us, Max = 50.244 us
IQR = 4.002 us, LowerFence = 39.910 us, UpperFence = 55.918 us
ConfidenceInterval = [39.643 us; 55.907 us] (CI 99.9%), Margin = 8.132 us (17.02% of Mean)
Skewness = -0.51, Kurtosis = 1.21, MValue = 2
-------------------- Histogram --------------------
[42.068 us ; 47.426 us) | @@
[47.426 us ; 52.338 us) | @@@@
---------------------------------------------------

CodecSuite.Run: campaign(EvaluateOverhead=False, Clock=Armonik.Ffi.Bdn.CpuClock, IterationCount=6, IterationTime=40ms, LaunchCount=1, RunStrategy=Throughput, WarmupCount=4) [Case=host-(...)etain [47]]
Runtime = .NET 8.0.31 (8.0.31, 8.0.3126.42015), X64 RyuJIT x86-64-v4; GC = Concurrent Workstation
Mean = 2.222 ms, StdErr = 0.059 ms (2.68%), N = 5, StdDev = 0.133 ms
Min = 2.000 ms, Q1 = 2.202 ms, Median = 2.271 ms, Q3 = 2.316 ms, Max = 2.321 ms
IQR = 0.114 ms, LowerFence = 2.031 ms, UpperFence = 2.486 ms
ConfidenceInterval = [1.710 ms; 2.734 ms] (CI 99.9%), Margin = 0.512 ms (23.06% of Mean)
Skewness = -0.77, Kurtosis = 1.67, MValue = 2
-------------------- Histogram --------------------
[1.898 ms ; 2.102 ms) | @
[2.102 ms ; 2.363 ms) | @@@@
---------------------------------------------------

CodecSuite.Run: campaign(EvaluateOverhead=False, Clock=Armonik.Ffi.Bdn.CpuClock, IterationCount=6, IterationTime=40ms, LaunchCount=1, RunStrategy=Throughput, WarmupCount=4) [Case=core-(...)etain [47]]
Runtime = .NET 8.0.31 (8.0.31, 8.0.3126.42015), X64 RyuJIT x86-64-v4; GC = Concurrent Workstation
Mean = 297.642 ns, StdErr = 0.578 ns (0.19%), N = 6, StdDev = 1.415 ns
Min = 296.386 ns, Q1 = 296.662 ns, Median = 297.245 ns, Q3 = 298.095 ns, Max = 300.130 ns
IQR = 1.433 ns, LowerFence = 294.513 ns, UpperFence = 300.245 ns
ConfidenceInterval = [293.674 ns; 301.610 ns] (CI 99.9%), Margin = 3.968 ns (1.33% of Mean)
Skewness = 0.69, Kurtosis = 1.78, MValue = 2
-------------------- Histogram --------------------
[295.364 ns ; 301.152 ns) | @@@@@@
---------------------------------------------------

CodecSuite.Run: campaign(EvaluateOverhead=False, Clock=Armonik.Ffi.Bdn.CpuClock, IterationCount=6, IterationTime=40ms, LaunchCount=1, RunStrategy=Throughput, WarmupCount=4) [Case=incum(...)fault [66]]
Runtime = .NET 8.0.31 (8.0.31, 8.0.3126.42015), X64 RyuJIT x86-64-v4; GC = Concurrent Workstation
Mean = 4.299 us, StdErr = 0.028 us (0.65%), N = 6, StdDev = 0.069 us
Min = 4.239 us, Q1 = 4.254 us, Median = 4.273 us, Q3 = 4.324 us, Max = 4.421 us
IQR = 0.070 us, LowerFence = 4.150 us, UpperFence = 4.429 us
ConfidenceInterval = [4.106 us; 4.492 us] (CI 99.9%), Margin = 0.193 us (4.50% of Mean)
Skewness = 0.74, Kurtosis = 1.79, MValue = 2
-------------------- Histogram --------------------
[4.237 us ; 4.371 us) | @@@@@
[4.371 us ; 4.471 us) | @
---------------------------------------------------

CodecSuite.Run: campaign(EvaluateOverhead=False, Clock=Armonik.Ffi.Bdn.CpuClock, IterationCount=6, IterationTime=40ms, LaunchCount=1, RunStrategy=Throughput, WarmupCount=4) [Case=core-(...)etain [38]]
Runtime = .NET 8.0.31 (8.0.31, 8.0.3126.42015), X64 RyuJIT x86-64-v4; GC = Concurrent Workstation
Mean = 632.282 us, StdErr = 31.137 us (4.92%), N = 6, StdDev = 76.269 us
Min = 531.440 us, Q1 = 591.721 us, Median = 615.244 us, Q3 = 692.390 us, Max = 729.780 us
IQR = 100.669 us, LowerFence = 440.718 us, UpperFence = 843.393 us
ConfidenceInterval = [418.410 us; 846.155 us] (CI 99.9%), Margin = 213.873 us (33.83% of Mean)
Skewness = 0.09, Kurtosis = 1.16, MValue = 2
-------------------- Histogram --------------------
[529.880 us ; 664.978 us) | @@@@
[664.978 us ; 784.869 us) | @@
---------------------------------------------------

CodecSuite.Run: campaign(EvaluateOverhead=False, Clock=Armonik.Ffi.Bdn.CpuClock, IterationCount=6, IterationTime=40ms, LaunchCount=1, RunStrategy=Throughput, WarmupCount=4) [Case=incum(...)fault [54]]
Runtime = .NET 8.0.31 (8.0.31, 8.0.3126.42015), X64 RyuJIT x86-64-v4; GC = Concurrent Workstation
Mean = 106.902 us, StdErr = 0.081 us (0.08%), N = 5, StdDev = 0.182 us
Min = 106.605 us, Q1 = 106.895 us, Median = 106.921 us, Q3 = 106.995 us, Max = 107.091 us
IQR = 0.100 us, LowerFence = 106.746 us, UpperFence = 107.145 us
ConfidenceInterval = [106.200 us; 107.603 us] (CI 99.9%), Margin = 0.702 us (0.66% of Mean)
Skewness = -0.61, Kurtosis = 1.65, MValue = 2
-------------------- Histogram --------------------
[106.465 us ; 107.231 us) | @@@@@
---------------------------------------------------

CodecSuite.Run: campaign(EvaluateOverhead=False, Clock=Armonik.Ffi.Bdn.CpuClock, IterationCount=6, IterationTime=40ms, LaunchCount=1, RunStrategy=Throughput, WarmupCount=4) [Case=incum(...)fault [45]]
Runtime = .NET 8.0.31 (8.0.31, 8.0.3126.42015), X64 RyuJIT x86-64-v4; GC = Concurrent Workstation
Mean = 906.684 us, StdErr = 5.777 us (0.64%), N = 5, StdDev = 12.919 us
Min = 893.413 us, Q1 = 895.960 us, Median = 906.873 us, Q3 = 911.766 us, Max = 925.408 us
IQR = 15.806 us, LowerFence = 872.251 us, UpperFence = 935.475 us
ConfidenceInterval = [856.938 us; 956.430 us] (CI 99.9%), Margin = 49.746 us (5.49% of Mean)
Skewness = 0.29, Kurtosis = 1.21, MValue = 2
-------------------- Histogram --------------------
[892.673 us ; 912.505 us) | @@@@
[912.505 us ; 935.324 us) | @
---------------------------------------------------

CodecSuite.Run: campaign(EvaluateOverhead=False, Clock=Armonik.Ffi.Bdn.CpuClock, IterationCount=6, IterationTime=40ms, LaunchCount=1, RunStrategy=Throughput, WarmupCount=4) [Case=core-(...)etain [38]]
Runtime = .NET 8.0.31 (8.0.31, 8.0.3126.42015), X64 RyuJIT x86-64-v4; GC = Concurrent Workstation
Mean = 958.908 us, StdErr = 10.402 us (1.08%), N = 5, StdDev = 23.261 us
Min = 935.934 us, Q1 = 943.139 us, Median = 952.542 us, Q3 = 968.618 us, Max = 994.305 us
IQR = 25.480 us, LowerFence = 904.919 us, UpperFence = 1,006.838 us
ConfidenceInterval = [869.339 us; 1,048.476 us] (CI 99.9%), Margin = 89.569 us (9.34% of Mean)
Skewness = 0.46, Kurtosis = 1.31, MValue = 2
-------------------- Histogram --------------------
[934.422 us ;   970.130 us) | @@@@
[970.130 us ; 1,012.159 us) | @
---------------------------------------------------

CodecSuite.Run: campaign(EvaluateOverhead=False, Clock=Armonik.Ffi.Bdn.CpuClock, IterationCount=6, IterationTime=40ms, LaunchCount=1, RunStrategy=Throughput, WarmupCount=4) [Case=host-(...)etain [38]]
Runtime = .NET 8.0.31 (8.0.31, 8.0.3126.42015), X64 RyuJIT x86-64-v4; GC = Concurrent Workstation
Mean = 328.709 ns, StdErr = 3.489 ns (1.06%), N = 6, StdDev = 8.546 ns
Min = 320.674 ns, Q1 = 321.839 ns, Median = 326.683 ns, Q3 = 333.695 ns, Max = 341.959 ns
IQR = 11.857 ns, LowerFence = 304.054 ns, UpperFence = 351.480 ns
ConfidenceInterval = [304.744 ns; 352.674 ns] (CI 99.9%), Margin = 23.965 ns (7.29% of Mean)
Skewness = 0.39, Kurtosis = 1.26, MValue = 2
-------------------- Histogram --------------------
[319.338 ns ; 331.683 ns) | @@@@
[331.683 ns ; 344.558 ns) | @@
---------------------------------------------------

CodecSuite.Run: campaign(EvaluateOverhead=False, Clock=Armonik.Ffi.Bdn.CpuClock, IterationCount=6, IterationTime=40ms, LaunchCount=1, RunStrategy=Throughput, WarmupCount=4) [Case=core-(...)etain [66]]
Runtime = .NET 8.0.31 (8.0.31, 8.0.3126.42015), X64 RyuJIT x86-64-v4; GC = Concurrent Workstation
Mean = 1.471 us, StdErr = 0.001 us (0.09%), N = 5, StdDev = 0.003 us
Min = 1.467 us, Q1 = 1.469 us, Median = 1.472 us, Q3 = 1.472 us, Max = 1.473 us
IQR = 0.004 us, LowerFence = 1.463 us, UpperFence = 1.478 us
ConfidenceInterval = [1.460 us; 1.481 us] (CI 99.9%), Margin = 0.011 us (0.73% of Mean)
Skewness = -0.4, Kurtosis = 1.05, MValue = 2
-------------------- Histogram --------------------
[1.464 us ; 1.475 us) | @@@@@
---------------------------------------------------

CodecSuite.Run: campaign(EvaluateOverhead=False, Clock=Armonik.Ffi.Bdn.CpuClock, IterationCount=6, IterationTime=40ms, LaunchCount=1, RunStrategy=Throughput, WarmupCount=4) [Case=host-(...)etain [61]]
Runtime = .NET 8.0.31 (8.0.31, 8.0.3126.42015), X64 RyuJIT x86-64-v4; GC = Concurrent Workstation
Mean = 4.415 us, StdErr = 0.007 us (0.16%), N = 6, StdDev = 0.018 us
Min = 4.385 us, Q1 = 4.409 us, Median = 4.419 us, Q3 = 4.423 us, Max = 4.437 us
IQR = 0.013 us, LowerFence = 4.389 us, UpperFence = 4.443 us
ConfidenceInterval = [4.365 us; 4.465 us] (CI 99.9%), Margin = 0.050 us (1.13% of Mean)
Skewness = -0.48, Kurtosis = 1.79, MValue = 2
-------------------- Histogram --------------------
[4.372 us ; 4.450 us) | @@@@@@
---------------------------------------------------

CodecSuite.Run: campaign(EvaluateOverhead=False, Clock=Armonik.Ffi.Bdn.CpuClock, IterationCount=6, IterationTime=40ms, LaunchCount=1, RunStrategy=Throughput, WarmupCount=4) [Case=incum(...)fault [45]]
Runtime = .NET 8.0.31 (8.0.31, 8.0.3126.42015), X64 RyuJIT x86-64-v4; GC = Concurrent Workstation
Mean = 69.535 us, StdErr = 1.892 us (2.72%), N = 6, StdDev = 4.634 us
Min = 61.849 us, Q1 = 68.387 us, Median = 69.277 us, Q3 = 72.999 us, Max = 74.478 us
IQR = 4.613 us, LowerFence = 61.468 us, UpperFence = 79.919 us
ConfidenceInterval = [56.540 us; 82.530 us] (CI 99.9%), Margin = 12.995 us (18.69% of Mean)
Skewness = -0.39, Kurtosis = 1.65, MValue = 2.4
-------------------- Histogram --------------------
[58.502 us ; 65.197 us) | @
[65.197 us ; 67.958 us) | 
[67.958 us ; 74.652 us) | @@@@@
---------------------------------------------------

CodecSuite.Run: campaign(EvaluateOverhead=False, Clock=Armonik.Ffi.Bdn.CpuClock, IterationCount=6, IterationTime=40ms, LaunchCount=1, RunStrategy=Throughput, WarmupCount=4) [Case=host-(...)etain [38]]
Runtime = .NET 8.0.31 (8.0.31, 8.0.3126.42015), X64 RyuJIT x86-64-v4; GC = Concurrent Workstation
Mean = 90.103 us, StdErr = 2.353 us (2.61%), N = 5, StdDev = 5.262 us
Min = 82.956 us, Q1 = 88.524 us, Median = 89.634 us, Q3 = 91.992 us, Max = 97.411 us
IQR = 3.467 us, LowerFence = 83.323 us, UpperFence = 97.192 us
ConfidenceInterval = [69.840 us; 110.367 us] (CI 99.9%), Margin = 20.263 us (22.49% of Mean)
Skewness = 0.04, Kurtosis = 1.43, MValue = 2
-------------------- Histogram --------------------
[78.916 us ;  86.219 us) | @
[86.219 us ;  94.297 us) | @@@
[94.297 us ; 101.450 us) | @
---------------------------------------------------

CodecSuite.Run: campaign(EvaluateOverhead=False, Clock=Armonik.Ffi.Bdn.CpuClock, IterationCount=6, IterationTime=40ms, LaunchCount=1, RunStrategy=Throughput, WarmupCount=4) [Case=host-(...)etain [47]]
Runtime = .NET 8.0.31 (8.0.31, 8.0.3126.42015), X64 RyuJIT x86-64-v4; GC = Concurrent Workstation
Mean = 449.542 us, StdErr = 1.771 us (0.39%), N = 6, StdDev = 4.339 us
Min = 446.174 us, Q1 = 446.452 us, Median = 447.397 us, Q3 = 452.268 us, Max = 456.255 us
IQR = 5.816 us, LowerFence = 437.729 us, UpperFence = 460.991 us
ConfidenceInterval = [437.375 us; 461.708 us] (CI 99.9%), Margin = 12.166 us (2.71% of Mean)
Skewness = 0.57, Kurtosis = 1.24, MValue = 2
-------------------- Histogram --------------------
[443.040 us ; 459.389 us) | @@@@@@
---------------------------------------------------

CodecSuite.Run: campaign(EvaluateOverhead=False, Clock=Armonik.Ffi.Bdn.CpuClock, IterationCount=6, IterationTime=40ms, LaunchCount=1, RunStrategy=Throughput, WarmupCount=4) [Case=incum(...)fault [85]]
Runtime = .NET 8.0.31 (8.0.31, 8.0.3126.42015), X64 RyuJIT x86-64-v4; GC = Concurrent Workstation
Mean = 9.381 us, StdErr = 0.025 us (0.27%), N = 6, StdDev = 0.062 us
Min = 9.299 us, Q1 = 9.346 us, Median = 9.376 us, Q3 = 9.410 us, Max = 9.474 us
IQR = 0.065 us, LowerFence = 9.249 us, UpperFence = 9.508 us
ConfidenceInterval = [9.207 us; 9.554 us] (CI 99.9%), Margin = 0.173 us (1.85% of Mean)
Skewness = 0.18, Kurtosis = 1.44, MValue = 2
-------------------- Histogram --------------------
[9.285 us ; 9.519 us) | @@@@@@
---------------------------------------------------

CodecSuite.Run: campaign(EvaluateOverhead=False, Clock=Armonik.Ffi.Bdn.CpuClock, IterationCount=6, IterationTime=40ms, LaunchCount=1, RunStrategy=Throughput, WarmupCount=4) [Case=incum(...)fault [45]]
Runtime = .NET 8.0.31 (8.0.31, 8.0.3126.42015), X64 RyuJIT x86-64-v4; GC = Concurrent Workstation
Mean = 4.439 ms, StdErr = 0.009 ms (0.19%), N = 5, StdDev = 0.019 ms
Min = 4.418 ms, Q1 = 4.419 ms, Median = 4.446 ms, Q3 = 4.452 ms, Max = 4.460 ms
IQR = 0.034 ms, LowerFence = 4.368 ms, UpperFence = 4.503 ms
ConfidenceInterval = [4.364 ms; 4.513 ms] (CI 99.9%), Margin = 0.074 ms (1.68% of Mean)
Skewness = -0.16, Kurtosis = 0.82, MValue = 2
-------------------- Histogram --------------------
[4.403 ms ; 4.474 ms) | @@@@@
---------------------------------------------------

CodecSuite.Run: campaign(EvaluateOverhead=False, Clock=Armonik.Ffi.Bdn.CpuClock, IterationCount=6, IterationTime=40ms, LaunchCount=1, RunStrategy=Throughput, WarmupCount=4) [Case=core-(...)etain [53]]
Runtime = .NET 8.0.31 (8.0.31, 8.0.3126.42015), X64 RyuJIT x86-64-v4; GC = Concurrent Workstation
Mean = 1.187 us, StdErr = 0.002 us (0.21%), N = 5, StdDev = 0.006 us
Min = 1.180 us, Q1 = 1.184 us, Median = 1.186 us, Q3 = 1.192 us, Max = 1.193 us
IQR = 0.009 us, LowerFence = 1.171 us, UpperFence = 1.205 us
ConfidenceInterval = [1.166 us; 1.208 us] (CI 99.9%), Margin = 0.021 us (1.81% of Mean)
Skewness = 0.04, Kurtosis = 0.91, MValue = 2
-------------------- Histogram --------------------
[1.176 us ; 1.198 us) | @@@@@
---------------------------------------------------

CodecSuite.Run: campaign(EvaluateOverhead=False, Clock=Armonik.Ffi.Bdn.CpuClock, IterationCount=6, IterationTime=40ms, LaunchCount=1, RunStrategy=Throughput, WarmupCount=4) [Case=core-(...)etain [38]]
Runtime = .NET 8.0.31 (8.0.31, 8.0.3126.42015), X64 RyuJIT x86-64-v4; GC = Concurrent Workstation
Mean = 2.855 us, StdErr = 0.019 us (0.68%), N = 6, StdDev = 0.047 us
Min = 2.808 us, Q1 = 2.828 us, Median = 2.835 us, Q3 = 2.878 us, Max = 2.932 us
IQR = 0.050 us, LowerFence = 2.752 us, UpperFence = 2.954 us
ConfidenceInterval = [2.722 us; 2.987 us] (CI 99.9%), Margin = 0.132 us (4.64% of Mean)
Skewness = 0.59, Kurtosis = 1.44, MValue = 2
-------------------- Histogram --------------------
[2.788 us ; 2.856 us) | @@@@
[2.856 us ; 2.946 us) | @@
---------------------------------------------------

CodecSuite.Run: campaign(EvaluateOverhead=False, Clock=Armonik.Ffi.Bdn.CpuClock, IterationCount=6, IterationTime=40ms, LaunchCount=1, RunStrategy=Throughput, WarmupCount=4) [Case=host-(...)etain [47]]
Runtime = .NET 8.0.31 (8.0.31, 8.0.3126.42015), X64 RyuJIT x86-64-v4; GC = Concurrent Workstation
Mean = 640.465 us, StdErr = 3.987 us (0.62%), N = 6, StdDev = 9.767 us
Min = 628.335 us, Q1 = 631.895 us, Median = 642.773 us, Q3 = 648.295 us, Max = 650.506 us
IQR = 16.400 us, LowerFence = 607.296 us, UpperFence = 672.894 us
ConfidenceInterval = [613.078 us; 667.853 us] (CI 99.9%), Margin = 27.388 us (4.28% of Mean)
Skewness = -0.24, Kurtosis = 0.98, MValue = 2
-------------------- Histogram --------------------
[621.281 us ; 637.933 us) | @@
[637.933 us ; 652.042 us) | @@@@
---------------------------------------------------

CodecSuite.Run: campaign(EvaluateOverhead=False, Clock=Armonik.Ffi.Bdn.CpuClock, IterationCount=6, IterationTime=40ms, LaunchCount=1, RunStrategy=Throughput, WarmupCount=4) [Case=core-(...)etain [47]]
Runtime = .NET 8.0.31 (8.0.31, 8.0.3126.42015), X64 RyuJIT x86-64-v4; GC = Concurrent Workstation
Mean = 2.591 us, StdErr = 0.028 us (1.07%), N = 6, StdDev = 0.068 us
Min = 2.538 us, Q1 = 2.545 us, Median = 2.553 us, Q3 = 2.647 us, Max = 2.680 us
IQR = 0.101 us, LowerFence = 2.394 us, UpperFence = 2.798 us
ConfidenceInterval = [2.400 us; 2.781 us] (CI 99.9%), Margin = 0.191 us (7.35% of Mean)
Skewness = 0.51, Kurtosis = 1.04, MValue = 2
-------------------- Histogram --------------------
[2.500 us ; 2.629 us) | @@@@
[2.629 us ; 2.729 us) | @@
---------------------------------------------------

CodecSuite.Run: campaign(EvaluateOverhead=False, Clock=Armonik.Ffi.Bdn.CpuClock, IterationCount=6, IterationTime=40ms, LaunchCount=1, RunStrategy=Throughput, WarmupCount=4) [Case=core-(...)etain [79]]
Runtime = .NET 8.0.31 (8.0.31, 8.0.3126.42015), X64 RyuJIT x86-64-v4; GC = Concurrent Workstation
Mean = 1.133 us, StdErr = 0.060 us (5.26%), N = 6, StdDev = 0.146 us
Min = 0.970 us, Q1 = 1.019 us, Median = 1.120 us, Q3 = 1.220 us, Max = 1.348 us
IQR = 0.202 us, LowerFence = 0.716 us, UpperFence = 1.523 us
ConfidenceInterval = [0.723 us; 1.542 us] (CI 99.9%), Margin = 0.409 us (36.14% of Mean)
Skewness = 0.23, Kurtosis = 1.2, MValue = 2
-------------------- Histogram --------------------
[0.968 us ; 1.179 us) | @@@@
[1.179 us ; 1.397 us) | @@
---------------------------------------------------

CodecSuite.Run: campaign(EvaluateOverhead=False, Clock=Armonik.Ffi.Bdn.CpuClock, IterationCount=6, IterationTime=40ms, LaunchCount=1, RunStrategy=Throughput, WarmupCount=4) [Case=incum(...)fault [82]]
Runtime = .NET 8.0.31 (8.0.31, 8.0.3126.42015), X64 RyuJIT x86-64-v4; GC = Concurrent Workstation
Mean = 1.878 us, StdErr = 0.035 us (1.85%), N = 5, StdDev = 0.078 us
Min = 1.776 us, Q1 = 1.831 us, Median = 1.890 us, Q3 = 1.917 us, Max = 1.977 us
IQR = 0.086 us, LowerFence = 1.703 us, UpperFence = 2.046 us
ConfidenceInterval = [1.579 us; 2.178 us] (CI 99.9%), Margin = 0.300 us (15.95% of Mean)
Skewness = -0.07, Kurtosis = 1.17, MValue = 2
-------------------- Histogram --------------------
[1.716 us ; 1.815 us) | @
[1.815 us ; 1.934 us) | @@@
[1.934 us ; 2.037 us) | @
---------------------------------------------------

CodecSuite.Run: campaign(EvaluateOverhead=False, Clock=Armonik.Ffi.Bdn.CpuClock, IterationCount=6, IterationTime=40ms, LaunchCount=1, RunStrategy=Throughput, WarmupCount=4) [Case=incum(...)fault [54]]
Runtime = .NET 8.0.31 (8.0.31, 8.0.3126.42015), X64 RyuJIT x86-64-v4; GC = Concurrent Workstation
Mean = 175.436 us, StdErr = 1.200 us (0.68%), N = 5, StdDev = 2.684 us
Min = 171.982 us, Q1 = 174.718 us, Median = 174.768 us, Q3 = 176.407 us, Max = 179.307 us
IQR = 1.689 us, LowerFence = 172.185 us, UpperFence = 178.940 us
ConfidenceInterval = [165.100 us; 185.773 us] (CI 99.9%), Margin = 10.336 us (5.89% of Mean)
Skewness = 0.18, Kurtosis = 1.42, MValue = 2
-------------------- Histogram --------------------
[169.921 us ; 173.502 us) | @
[173.502 us ; 177.623 us) | @@@
[177.623 us ; 181.368 us) | @
---------------------------------------------------

CodecSuite.Run: campaign(EvaluateOverhead=False, Clock=Armonik.Ffi.Bdn.CpuClock, IterationCount=6, IterationTime=40ms, LaunchCount=1, RunStrategy=Throughput, WarmupCount=4) [Case=host-(...)etain [38]]
Runtime = .NET 8.0.31 (8.0.31, 8.0.3126.42015), X64 RyuJIT x86-64-v4; GC = Concurrent Workstation
Mean = 4.144 us, StdErr = 0.039 us (0.95%), N = 6, StdDev = 0.096 us
Min = 4.058 us, Q1 = 4.061 us, Median = 4.129 us, Q3 = 4.199 us, Max = 4.286 us
IQR = 0.138 us, LowerFence = 3.855 us, UpperFence = 4.406 us
ConfidenceInterval = [3.875 us; 4.413 us] (CI 99.9%), Margin = 0.269 us (6.49% of Mean)
Skewness = 0.28, Kurtosis = 1.11, MValue = 2
-------------------- Histogram --------------------
[4.055 us ; 4.193 us) | @@@@
[4.193 us ; 4.356 us) | @@
---------------------------------------------------

CodecSuite.Run: campaign(EvaluateOverhead=False, Clock=Armonik.Ffi.Bdn.CpuClock, IterationCount=6, IterationTime=40ms, LaunchCount=1, RunStrategy=Throughput, WarmupCount=4) [Case=incum(...)fault [54]]
Runtime = .NET 8.0.31 (8.0.31, 8.0.3126.42015), X64 RyuJIT x86-64-v4; GC = Concurrent Workstation
Mean = 588.558 ns, StdErr = 1.421 ns (0.24%), N = 5, StdDev = 3.178 ns
Min = 584.093 ns, Q1 = 587.758 ns, Median = 588.051 ns, Q3 = 590.240 ns, Max = 592.649 ns
IQR = 2.482 ns, LowerFence = 584.034 ns, UpperFence = 593.964 ns
ConfidenceInterval = [576.321 ns; 600.796 ns] (CI 99.9%), Margin = 12.238 ns (2.08% of Mean)
Skewness = -0.1, Kurtosis = 1.35, MValue = 2
-------------------- Histogram --------------------
[583.109 ns ; 595.089 ns) | @@@@@
---------------------------------------------------

CodecSuite.Run: campaign(EvaluateOverhead=False, Clock=Armonik.Ffi.Bdn.CpuClock, IterationCount=6, IterationTime=40ms, LaunchCount=1, RunStrategy=Throughput, WarmupCount=4) [Case=host-(...)etain [59]]
Runtime = .NET 8.0.31 (8.0.31, 8.0.3126.42015), X64 RyuJIT x86-64-v4; GC = Concurrent Workstation
Mean = 1.280 us, StdErr = 0.020 us (1.56%), N = 6, StdDev = 0.049 us
Min = 1.238 us, Q1 = 1.242 us, Median = 1.270 us, Q3 = 1.299 us, Max = 1.362 us
IQR = 0.057 us, LowerFence = 1.156 us, UpperFence = 1.385 us
ConfidenceInterval = [1.143 us; 1.418 us] (CI 99.9%), Margin = 0.138 us (10.75% of Mean)
Skewness = 0.53, Kurtosis = 1.51, MValue = 2
-------------------- Histogram --------------------
[1.233 us ; 1.327 us) | @@@@@
[1.327 us ; 1.398 us) | @
---------------------------------------------------

CodecSuite.Run: campaign(EvaluateOverhead=False, Clock=Armonik.Ffi.Bdn.CpuClock, IterationCount=6, IterationTime=40ms, LaunchCount=1, RunStrategy=Throughput, WarmupCount=4) [Case=core-(...)etain [38]]
Runtime = .NET 8.0.31 (8.0.31, 8.0.3126.42015), X64 RyuJIT x86-64-v4; GC = Concurrent Workstation
Mean = 49.894 us, StdErr = 0.235 us (0.47%), N = 5, StdDev = 0.524 us
Min = 49.124 us, Q1 = 49.692 us, Median = 50.000 us, Q3 = 50.128 us, Max = 50.526 us
IQR = 0.436 us, LowerFence = 49.037 us, UpperFence = 50.782 us
ConfidenceInterval = [47.874 us; 51.913 us] (CI 99.9%), Margin = 2.019 us (4.05% of Mean)
Skewness = -0.27, Kurtosis = 1.37, MValue = 2
-------------------- Histogram --------------------
[48.721 us ; 50.929 us) | @@@@@
---------------------------------------------------

CodecSuite.Run: campaign(EvaluateOverhead=False, Clock=Armonik.Ffi.Bdn.CpuClock, IterationCount=6, IterationTime=40ms, LaunchCount=1, RunStrategy=Throughput, WarmupCount=4) [Case=incum(...)fault [83]]
Runtime = .NET 8.0.31 (8.0.31, 8.0.3126.42015), X64 RyuJIT x86-64-v4; GC = Concurrent Workstation
Mean = 24.502 us, StdErr = 0.545 us (2.23%), N = 6, StdDev = 1.336 us
Min = 23.149 us, Q1 = 23.385 us, Median = 24.400 us, Q3 = 25.373 us, Max = 26.320 us
IQR = 1.988 us, LowerFence = 20.404 us, UpperFence = 28.354 us
ConfidenceInterval = [20.756 us; 28.248 us] (CI 99.9%), Margin = 3.746 us (15.29% of Mean)
Skewness = 0.15, Kurtosis = 0.95, MValue = 2
-------------------- Histogram --------------------
[22.184 us ; 24.286 us) | @@@
[24.286 us ; 26.778 us) | @@@
---------------------------------------------------

CodecSuite.Run: campaign(EvaluateOverhead=False, Clock=Armonik.Ffi.Bdn.CpuClock, IterationCount=6, IterationTime=40ms, LaunchCount=1, RunStrategy=Throughput, WarmupCount=4) [Case=host-(...)etain [48]]
Runtime = .NET 8.0.31 (8.0.31, 8.0.3126.42015), X64 RyuJIT x86-64-v4; GC = Concurrent Workstation
Mean = 2.772 ms, StdErr = 0.019 ms (0.67%), N = 5, StdDev = 0.042 ms
Min = 2.734 ms, Q1 = 2.744 ms, Median = 2.763 ms, Q3 = 2.776 ms, Max = 2.840 ms
IQR = 0.031 ms, LowerFence = 2.698 ms, UpperFence = 2.822 ms
ConfidenceInterval = [2.611 ms; 2.932 ms] (CI 99.9%), Margin = 0.160 ms (5.79% of Mean)
Skewness = 0.7, Kurtosis = 1.65, MValue = 2
-------------------- Histogram --------------------
[2.723 ms ; 2.808 ms) | @@@@
[2.808 ms ; 2.872 ms) | @
---------------------------------------------------

CodecSuite.Run: campaign(EvaluateOverhead=False, Clock=Armonik.Ffi.Bdn.CpuClock, IterationCount=6, IterationTime=40ms, LaunchCount=1, RunStrategy=Throughput, WarmupCount=4) [Case=core-(...)etain [47]]
Runtime = .NET 8.0.31 (8.0.31, 8.0.3126.42015), X64 RyuJIT x86-64-v4; GC = Concurrent Workstation
Mean = 28.196 us, StdErr = 0.517 us (1.83%), N = 6, StdDev = 1.266 us
Min = 26.207 us, Q1 = 27.485 us, Median = 28.556 us, Q3 = 29.093 us, Max = 29.460 us
IQR = 1.608 us, LowerFence = 25.073 us, UpperFence = 31.505 us
ConfidenceInterval = [24.648 us; 31.745 us] (CI 99.9%), Margin = 3.549 us (12.59% of Mean)
Skewness = -0.47, Kurtosis = 1.34, MValue = 2
-------------------- Histogram --------------------
[25.767 us ; 27.595 us) | @@
[27.595 us ; 29.880 us) | @@@@
---------------------------------------------------

CodecSuite.Run: campaign(EvaluateOverhead=False, Clock=Armonik.Ffi.Bdn.CpuClock, IterationCount=6, IterationTime=40ms, LaunchCount=1, RunStrategy=Throughput, WarmupCount=4) [Case=core-(...)etain [47]]
Runtime = .NET 8.0.31 (8.0.31, 8.0.3126.42015), X64 RyuJIT x86-64-v4; GC = Concurrent Workstation
Mean = 1.430 us, StdErr = 0.007 us (0.49%), N = 5, StdDev = 0.016 us
Min = 1.414 us, Q1 = 1.419 us, Median = 1.422 us, Q3 = 1.444 us, Max = 1.449 us
IQR = 0.024 us, LowerFence = 1.383 us, UpperFence = 1.480 us
ConfidenceInterval = [1.370 us; 1.489 us] (CI 99.9%), Margin = 0.060 us (4.18% of Mean)
Skewness = 0.23, Kurtosis = 0.84, MValue = 2
-------------------- Histogram --------------------
[1.402 us ; 1.460 us) | @@@@@
---------------------------------------------------

CodecSuite.Run: campaign(EvaluateOverhead=False, Clock=Armonik.Ffi.Bdn.CpuClock, IterationCount=6, IterationTime=40ms, LaunchCount=1, RunStrategy=Throughput, WarmupCount=4) [Case=host-(...)etain [62]]
Runtime = .NET 8.0.31 (8.0.31, 8.0.3126.42015), X64 RyuJIT x86-64-v4; GC = Concurrent Workstation
Mean = 871.295 ns, StdErr = 8.744 ns (1.00%), N = 6, StdDev = 21.418 ns
Min = 834.907 ns, Q1 = 865.393 ns, Median = 872.033 ns, Q3 = 885.990 ns, Max = 894.974 ns
IQR = 20.598 ns, LowerFence = 834.496 ns, UpperFence = 916.887 ns
ConfidenceInterval = [811.234 ns; 931.356 ns] (CI 99.9%), Margin = 60.061 ns (6.89% of Mean)
Skewness = -0.5, Kurtosis = 1.71, MValue = 2
-------------------- Histogram --------------------
[819.437 ns ; 850.378 ns) | @
[850.378 ns ; 895.493 ns) | @@@@@
---------------------------------------------------

CodecSuite.Run: campaign(EvaluateOverhead=False, Clock=Armonik.Ffi.Bdn.CpuClock, IterationCount=6, IterationTime=40ms, LaunchCount=1, RunStrategy=Throughput, WarmupCount=4) [Case=core-(...)etain [47]]
Runtime = .NET 8.0.31 (8.0.31, 8.0.3126.42015), X64 RyuJIT x86-64-v4; GC = Concurrent Workstation
Mean = 334.341 us, StdErr = 2.879 us (0.86%), N = 6, StdDev = 7.052 us
Min = 324.666 us, Q1 = 329.218 us, Median = 336.641 us, Q3 = 337.857 us, Max = 343.090 us
IQR = 8.639 us, LowerFence = 316.260 us, UpperFence = 350.815 us
ConfidenceInterval = [314.567 us; 354.115 us] (CI 99.9%), Margin = 19.774 us (5.91% of Mean)
Skewness = -0.26, Kurtosis = 1.19, MValue = 2
-------------------- Histogram --------------------
[320.766 us ; 330.952 us) | @@
[330.952 us ; 344.496 us) | @@@@
---------------------------------------------------

CodecSuite.Run: campaign(EvaluateOverhead=False, Clock=Armonik.Ffi.Bdn.CpuClock, IterationCount=6, IterationTime=40ms, LaunchCount=1, RunStrategy=Throughput, WarmupCount=4) [Case=core-(...)etain [59]]
Runtime = .NET 8.0.31 (8.0.31, 8.0.3126.42015), X64 RyuJIT x86-64-v4; GC = Concurrent Workstation
Mean = 648.567 ns, StdErr = 27.646 ns (4.26%), N = 6, StdDev = 67.720 ns
Min = 603.413 ns, Q1 = 606.424 ns, Median = 611.003 ns, Q3 = 672.304 ns, Max = 768.346 ns
IQR = 65.880 ns, LowerFence = 507.604 ns, UpperFence = 771.125 ns
ConfidenceInterval = [458.669 ns; 838.465 ns] (CI 99.9%), Margin = 189.898 ns (29.28% of Mean)
Skewness = 0.82, Kurtosis = 1.75, MValue = 2
-------------------- Histogram --------------------
[598.731 ns ; 719.432 ns) | @@@@@
[719.432 ns ; 817.260 ns) | @
---------------------------------------------------

CodecSuite.Run: campaign(EvaluateOverhead=False, Clock=Armonik.Ffi.Bdn.CpuClock, IterationCount=6, IterationTime=40ms, LaunchCount=1, RunStrategy=Throughput, WarmupCount=4) [Case=host-(...)etain [47]]
Runtime = .NET 8.0.31 (8.0.31, 8.0.3126.42015), X64 RyuJIT x86-64-v4; GC = Concurrent Workstation
Mean = 60.752 us, StdErr = 1.319 us (2.17%), N = 5, StdDev = 2.950 us
Min = 56.945 us, Q1 = 58.737 us, Median = 60.893 us, Q3 = 63.364 us, Max = 63.821 us
IQR = 4.627 us, LowerFence = 51.797 us, UpperFence = 70.304 us
ConfidenceInterval = [49.392 us; 72.112 us] (CI 99.9%), Margin = 11.360 us (18.70% of Mean)
Skewness = -0.13, Kurtosis = 0.96, MValue = 2
-------------------- Histogram --------------------
[54.681 us ; 60.093 us) | @@
[60.093 us ; 64.621 us) | @@@
---------------------------------------------------

CodecSuite.Run: campaign(EvaluateOverhead=False, Clock=Armonik.Ffi.Bdn.CpuClock, IterationCount=6, IterationTime=40ms, LaunchCount=1, RunStrategy=Throughput, WarmupCount=4) [Case=host-(...)etain [47]]
Runtime = .NET 8.0.31 (8.0.31, 8.0.3126.42015), X64 RyuJIT x86-64-v4; GC = Concurrent Workstation
Mean = 134.544 us, StdErr = 0.233 us (0.17%), N = 5, StdDev = 0.522 us
Min = 133.723 us, Q1 = 134.483 us, Median = 134.596 us, Q3 = 134.778 us, Max = 135.139 us
IQR = 0.295 us, LowerFence = 134.042 us, UpperFence = 135.220 us
ConfidenceInterval = [132.534 us; 136.554 us] (CI 99.9%), Margin = 2.010 us (1.49% of Mean)
Skewness = -0.46, Kurtosis = 1.57, MValue = 2
-------------------- Histogram --------------------
[133.322 us ; 135.540 us) | @@@@@
---------------------------------------------------

CodecSuite.Run: campaign(EvaluateOverhead=False, Clock=Armonik.Ffi.Bdn.CpuClock, IterationCount=6, IterationTime=40ms, LaunchCount=1, RunStrategy=Throughput, WarmupCount=4) [Case=host-(...)etain [79]]
Runtime = .NET 8.0.31 (8.0.31, 8.0.3126.42015), X64 RyuJIT x86-64-v4; GC = Concurrent Workstation
Mean = 374.126 ns, StdErr = 1.607 ns (0.43%), N = 5, StdDev = 3.592 ns
Min = 367.933 ns, Q1 = 374.544 ns, Median = 374.923 ns, Q3 = 376.442 ns, Max = 376.789 ns
IQR = 1.898 ns, LowerFence = 371.698 ns, UpperFence = 379.288 ns
ConfidenceInterval = [360.293 ns; 387.959 ns] (CI 99.9%), Margin = 13.833 ns (3.70% of Mean)
Skewness = -0.89, Kurtosis = 1.86, MValue = 2
-------------------- Histogram --------------------
[365.175 ns ; 379.546 ns) | @@@@@
---------------------------------------------------

CodecSuite.Run: campaign(EvaluateOverhead=False, Clock=Armonik.Ffi.Bdn.CpuClock, IterationCount=6, IterationTime=40ms, LaunchCount=1, RunStrategy=Throughput, WarmupCount=4) [Case=incum(...)fault [54]]
Runtime = .NET 8.0.31 (8.0.31, 8.0.3126.42015), X64 RyuJIT x86-64-v4; GC = Concurrent Workstation
Mean = 9.789 us, StdErr = 0.171 us (1.75%), N = 6, StdDev = 0.420 us
Min = 9.137 us, Q1 = 9.539 us, Median = 10.035 us, Q3 = 10.061 us, Max = 10.088 us
IQR = 0.522 us, LowerFence = 8.755 us, UpperFence = 10.845 us
ConfidenceInterval = [8.613 us; 10.966 us] (CI 99.9%), Margin = 1.176 us (12.02% of Mean)
Skewness = -0.61, Kurtosis = 1.24, MValue = 2
-------------------- Histogram --------------------
[8.955 us ;  9.750 us) | @@
[9.750 us ; 10.391 us) | @@@@
---------------------------------------------------

CodecSuite.Run: campaign(EvaluateOverhead=False, Clock=Armonik.Ffi.Bdn.CpuClock, IterationCount=6, IterationTime=40ms, LaunchCount=1, RunStrategy=Throughput, WarmupCount=4) [Case=core-(...)etain [50]]
Runtime = .NET 8.0.31 (8.0.31, 8.0.3126.42015), X64 RyuJIT x86-64-v4; GC = Concurrent Workstation
Mean = 1.990 us, StdErr = 0.075 us (3.79%), N = 6, StdDev = 0.185 us
Min = 1.816 us, Q1 = 1.866 us, Median = 1.913 us, Q3 = 2.146 us, Max = 2.226 us
IQR = 0.280 us, LowerFence = 1.446 us, UpperFence = 2.565 us
ConfidenceInterval = [1.472 us; 2.508 us] (CI 99.9%), Margin = 0.518 us (26.04% of Mean)
Skewness = 0.44, Kurtosis = 1.05, MValue = 3
-------------------- Histogram --------------------
[1.733 us ; 2.000 us) | @@@@
[2.000 us ; 2.090 us) | 
[2.090 us ; 2.360 us) | @@
---------------------------------------------------

CodecSuite.Run: campaign(EvaluateOverhead=False, Clock=Armonik.Ffi.Bdn.CpuClock, IterationCount=6, IterationTime=40ms, LaunchCount=1, RunStrategy=Throughput, WarmupCount=4) [Case=core-(...)etain [48]]
Runtime = .NET 8.0.31 (8.0.31, 8.0.3126.42015), X64 RyuJIT x86-64-v4; GC = Concurrent Workstation
Mean = 1.479 ms, StdErr = 0.011 ms (0.77%), N = 6, StdDev = 0.028 ms
Min = 1.446 ms, Q1 = 1.457 ms, Median = 1.484 ms, Q3 = 1.490 ms, Max = 1.521 ms
IQR = 0.033 ms, LowerFence = 1.408 ms, UpperFence = 1.539 ms
ConfidenceInterval = [1.400 ms; 1.558 ms] (CI 99.9%), Margin = 0.079 ms (5.32% of Mean)
Skewness = 0.07, Kurtosis = 1.35, MValue = 2
-------------------- Histogram --------------------
[1.426 ms ; 1.468 ms) | @@
[1.468 ms ; 1.521 ms) | @@@@
---------------------------------------------------

CodecSuite.Run: campaign(EvaluateOverhead=False, Clock=Armonik.Ffi.Bdn.CpuClock, IterationCount=6, IterationTime=40ms, LaunchCount=1, RunStrategy=Throughput, WarmupCount=4) [Case=core-(...)etain [38]]
Runtime = .NET 8.0.31 (8.0.31, 8.0.3126.42015), X64 RyuJIT x86-64-v4; GC = Concurrent Workstation
Mean = 93.394 us, StdErr = 0.933 us (1.00%), N = 5, StdDev = 2.086 us
Min = 91.355 us, Q1 = 92.156 us, Median = 92.888 us, Q3 = 93.819 us, Max = 96.754 us
IQR = 1.663 us, LowerFence = 89.662 us, UpperFence = 96.313 us
ConfidenceInterval = [85.360 us; 101.428 us] (CI 99.9%), Margin = 8.034 us (8.60% of Mean)
Skewness = 0.61, Kurtosis = 1.55, MValue = 2
-------------------- Histogram --------------------
[90.985 us ; 95.152 us) | @@@@
[95.152 us ; 98.355 us) | @
---------------------------------------------------

CodecSuite.Run: campaign(EvaluateOverhead=False, Clock=Armonik.Ffi.Bdn.CpuClock, IterationCount=6, IterationTime=40ms, LaunchCount=1, RunStrategy=Throughput, WarmupCount=4) [Case=incum(...)fault [69]]
Runtime = .NET 8.0.31 (8.0.31, 8.0.3126.42015), X64 RyuJIT x86-64-v4; GC = Concurrent Workstation
Mean = 1.770 us, StdErr = 0.052 us (2.96%), N = 6, StdDev = 0.128 us
Min = 1.686 us, Q1 = 1.689 us, Median = 1.698 us, Q3 = 1.815 us, Max = 1.997 us
IQR = 0.126 us, LowerFence = 1.499 us, UpperFence = 2.005 us
ConfidenceInterval = [1.410 us; 2.129 us] (CI 99.9%), Margin = 0.359 us (20.31% of Mean)
Skewness = 0.82, Kurtosis = 1.75, MValue = 2
-------------------- Histogram --------------------
[1.676 us ; 1.904 us) | @@@@@
[1.904 us ; 2.089 us) | @
---------------------------------------------------

CodecSuite.Run: campaign(EvaluateOverhead=False, Clock=Armonik.Ffi.Bdn.CpuClock, IterationCount=6, IterationTime=40ms, LaunchCount=1, RunStrategy=Throughput, WarmupCount=4) [Case=incum(...)fault [45]]
Runtime = .NET 8.0.31 (8.0.31, 8.0.3126.42015), X64 RyuJIT x86-64-v4; GC = Concurrent Workstation
Mean = 1.543 ms, StdErr = 0.015 ms (1.00%), N = 6, StdDev = 0.038 ms
Min = 1.504 ms, Q1 = 1.513 ms, Median = 1.537 ms, Q3 = 1.571 ms, Max = 1.596 ms
IQR = 0.058 ms, LowerFence = 1.425 ms, UpperFence = 1.659 ms
ConfidenceInterval = [1.438 ms; 1.649 ms] (CI 99.9%), Margin = 0.106 ms (6.85% of Mean)
Skewness = 0.24, Kurtosis = 1.08, MValue = 2
-------------------- Histogram --------------------
[1.499 ms ; 1.560 ms) | @@@@
[1.560 ms ; 1.623 ms) | @@
---------------------------------------------------

CodecSuite.Run: campaign(EvaluateOverhead=False, Clock=Armonik.Ffi.Bdn.CpuClock, IterationCount=6, IterationTime=40ms, LaunchCount=1, RunStrategy=Throughput, WarmupCount=4) [Case=core-(...)etain [47]]
Runtime = .NET 8.0.31 (8.0.31, 8.0.3126.42015), X64 RyuJIT x86-64-v4; GC = Concurrent Workstation
Mean = 1.236 ms, StdErr = 0.009 ms (0.74%), N = 6, StdDev = 0.022 ms
Min = 1.204 ms, Q1 = 1.221 ms, Median = 1.244 ms, Q3 = 1.247 ms, Max = 1.263 ms
IQR = 0.026 ms, LowerFence = 1.182 ms, UpperFence = 1.286 ms
ConfidenceInterval = [1.173 ms; 1.299 ms] (CI 99.9%), Margin = 0.063 ms (5.08% of Mean)
Skewness = -0.3, Kurtosis = 1.23, MValue = 2
-------------------- Histogram --------------------
[1.193 ms ; 1.225 ms) | @@
[1.225 ms ; 1.269 ms) | @@@@
---------------------------------------------------

CodecSuite.Run: campaign(EvaluateOverhead=False, Clock=Armonik.Ffi.Bdn.CpuClock, IterationCount=6, IterationTime=40ms, LaunchCount=1, RunStrategy=Throughput, WarmupCount=4) [Case=core-(...)etain [78]]
Runtime = .NET 8.0.31 (8.0.31, 8.0.3126.42015), X64 RyuJIT x86-64-v4; GC = Concurrent Workstation
Mean = 5.160 us, StdErr = 0.018 us (0.34%), N = 5, StdDev = 0.040 us
Min = 5.118 us, Q1 = 5.141 us, Median = 5.143 us, Q3 = 5.179 us, Max = 5.219 us
IQR = 0.038 us, LowerFence = 5.084 us, UpperFence = 5.235 us
ConfidenceInterval = [5.007 us; 5.313 us] (CI 99.9%), Margin = 0.153 us (2.97% of Mean)
Skewness = 0.41, Kurtosis = 1.29, MValue = 2
-------------------- Histogram --------------------
[5.097 us ; 5.250 us) | @@@@@
---------------------------------------------------

CodecSuite.Run: campaign(EvaluateOverhead=False, Clock=Armonik.Ffi.Bdn.CpuClock, IterationCount=6, IterationTime=40ms, LaunchCount=1, RunStrategy=Throughput, WarmupCount=4) [Case=host-(...)etain [47]]
Runtime = .NET 8.0.31 (8.0.31, 8.0.3126.42015), X64 RyuJIT x86-64-v4; GC = Concurrent Workstation
Mean = 2.552 ms, StdErr = 0.006 ms (0.23%), N = 5, StdDev = 0.013 ms
Min = 2.537 ms, Q1 = 2.538 ms, Median = 2.560 ms, Q3 = 2.561 ms, Max = 2.563 ms
IQR = 0.023 ms, LowerFence = 2.504 ms, UpperFence = 2.595 ms
ConfidenceInterval = [2.502 ms; 2.602 ms] (CI 99.9%), Margin = 0.050 ms (1.97% of Mean)
Skewness = -0.28, Kurtosis = 0.76, MValue = 2
-------------------- Histogram --------------------
[2.527 ms ; 2.573 ms) | @@@@@
---------------------------------------------------

CodecSuite.Run: campaign(EvaluateOverhead=False, Clock=Armonik.Ffi.Bdn.CpuClock, IterationCount=6, IterationTime=40ms, LaunchCount=1, RunStrategy=Throughput, WarmupCount=4) [Case=host-(...)etain [47]]
Runtime = .NET 8.0.31 (8.0.31, 8.0.3126.42015), X64 RyuJIT x86-64-v4; GC = Concurrent Workstation
Mean = 805.584 us, StdErr = 4.220 us (0.52%), N = 5, StdDev = 9.437 us
Min = 795.340 us, Q1 = 795.835 us, Median = 809.471 us, Q3 = 811.248 us, Max = 816.025 us
IQR = 15.413 us, LowerFence = 772.715 us, UpperFence = 834.369 us
ConfidenceInterval = [769.247 us; 841.920 us] (CI 99.9%), Margin = 36.337 us (4.51% of Mean)
Skewness = -0.15, Kurtosis = 0.84, MValue = 2
-------------------- Histogram --------------------
[788.097 us ; 820.875 us) | @@@@@
---------------------------------------------------

CodecSuite.Run: campaign(EvaluateOverhead=False, Clock=Armonik.Ffi.Bdn.CpuClock, IterationCount=6, IterationTime=40ms, LaunchCount=1, RunStrategy=Throughput, WarmupCount=4) [Case=host-(...)etain [38]]
Runtime = .NET 8.0.31 (8.0.31, 8.0.3126.42015), X64 RyuJIT x86-64-v4; GC = Concurrent Workstation
Mean = 1.480 ms, StdErr = 0.009 ms (0.58%), N = 5, StdDev = 0.019 ms
Min = 1.454 ms, Q1 = 1.467 ms, Median = 1.491 ms, Q3 = 1.491 ms, Max = 1.500 ms
IQR = 0.024 ms, LowerFence = 1.431 ms, UpperFence = 1.528 ms
ConfidenceInterval = [1.406 ms; 1.555 ms] (CI 99.9%), Margin = 0.074 ms (5.01% of Mean)
Skewness = -0.34, Kurtosis = 1.02, MValue = 2
-------------------- Histogram --------------------
[1.446 ms ; 1.480 ms) | @@
[1.480 ms ; 1.514 ms) | @@@
---------------------------------------------------

CodecSuite.Run: campaign(EvaluateOverhead=False, Clock=Armonik.Ffi.Bdn.CpuClock, IterationCount=6, IterationTime=40ms, LaunchCount=1, RunStrategy=Throughput, WarmupCount=4) [Case=host-(...)etain [47]]
Runtime = .NET 8.0.31 (8.0.31, 8.0.3126.42015), X64 RyuJIT x86-64-v4; GC = Concurrent Workstation
Mean = 79.920 us, StdErr = 0.481 us (0.60%), N = 5, StdDev = 1.075 us
Min = 78.415 us, Q1 = 79.629 us, Median = 79.662 us, Q3 = 80.723 us, Max = 81.170 us
IQR = 1.095 us, LowerFence = 77.987 us, UpperFence = 82.365 us
ConfidenceInterval = [75.779 us; 84.060 us] (CI 99.9%), Margin = 4.140 us (5.18% of Mean)
Skewness = -0.16, Kurtosis = 1.2, MValue = 2
-------------------- Histogram --------------------
[77.590 us ; 79.574 us) | @
[79.574 us ; 81.225 us) | @@@@
---------------------------------------------------

CodecSuite.Run: campaign(EvaluateOverhead=False, Clock=Armonik.Ffi.Bdn.CpuClock, IterationCount=6, IterationTime=40ms, LaunchCount=1, RunStrategy=Throughput, WarmupCount=4) [Case=host-(...)etain [38]]
Runtime = .NET 8.0.31 (8.0.31, 8.0.3126.42015), X64 RyuJIT x86-64-v4; GC = Concurrent Workstation
Mean = 4.318 ms, StdErr = 0.080 ms (1.85%), N = 5, StdDev = 0.179 ms
Min = 4.080 ms, Q1 = 4.304 ms, Median = 4.311 ms, Q3 = 4.311 ms, Max = 4.584 ms
IQR = 0.007 ms, LowerFence = 4.292 ms, UpperFence = 4.322 ms
ConfidenceInterval = [3.630 ms; 5.007 ms] (CI 99.9%), Margin = 0.689 ms (15.94% of Mean)
Skewness = 0.19, Kurtosis = 1.61, MValue = 2
-------------------- Histogram --------------------
[4.058 ms ; 4.333 ms) | @@@@
[4.333 ms ; 4.447 ms) | 
[4.447 ms ; 4.722 ms) | @
---------------------------------------------------

CodecSuite.Run: campaign(EvaluateOverhead=False, Clock=Armonik.Ffi.Bdn.CpuClock, IterationCount=6, IterationTime=40ms, LaunchCount=1, RunStrategy=Throughput, WarmupCount=4) [Case=core-(...)etain [38]]
Runtime = .NET 8.0.31 (8.0.31, 8.0.3126.42015), X64 RyuJIT x86-64-v4; GC = Concurrent Workstation
Mean = 292.057 us, StdErr = 4.364 us (1.49%), N = 6, StdDev = 10.691 us
Min = 273.607 us, Q1 = 288.045 us, Median = 295.704 us, Q3 = 297.759 us, Max = 303.389 us
IQR = 9.714 us, LowerFence = 273.473 us, UpperFence = 312.331 us
ConfidenceInterval = [262.078 us; 322.036 us] (CI 99.9%), Margin = 29.979 us (10.26% of Mean)
Skewness = -0.64, Kurtosis = 1.73, MValue = 2
-------------------- Histogram --------------------
[272.070 us ; 287.514 us) | @@
[287.514 us ; 306.541 us) | @@@@
---------------------------------------------------

CodecSuite.Run: campaign(EvaluateOverhead=False, Clock=Armonik.Ffi.Bdn.CpuClock, IterationCount=6, IterationTime=40ms, LaunchCount=1, RunStrategy=Throughput, WarmupCount=4) [Case=core-(...)etain [62]]
Runtime = .NET 8.0.31 (8.0.31, 8.0.3126.42015), X64 RyuJIT x86-64-v4; GC = Concurrent Workstation
Mean = 388.242 ns, StdErr = 4.657 ns (1.20%), N = 5, StdDev = 10.413 ns
Min = 375.999 ns, Q1 = 380.945 ns, Median = 388.849 ns, Q3 = 392.658 ns, Max = 402.759 ns
IQR = 11.713 ns, LowerFence = 363.376 ns, UpperFence = 410.228 ns
ConfidenceInterval = [348.144 ns; 428.340 ns] (CI 99.9%), Margin = 40.098 ns (10.33% of Mean)
Skewness = 0.16, Kurtosis = 1.19, MValue = 2
-------------------- Histogram --------------------
[368.006 ns ; 378.809 ns) | @
[378.809 ns ; 394.795 ns) | @@@
[394.795 ns ; 410.752 ns) | @
---------------------------------------------------

CodecSuite.Run: campaign(EvaluateOverhead=False, Clock=Armonik.Ffi.Bdn.CpuClock, IterationCount=6, IterationTime=40ms, LaunchCount=1, RunStrategy=Throughput, WarmupCount=4) [Case=host-(...)etain [85]]
Runtime = .NET 8.0.31 (8.0.31, 8.0.3126.42015), X64 RyuJIT x86-64-v4; GC = Concurrent Workstation
Mean = 10.383 us, StdErr = 0.771 us (7.43%), N = 6, StdDev = 1.889 us
Min = 9.081 us, Q1 = 9.135 us, Median = 9.300 us, Q3 = 11.396 us, Max = 13.438 us
IQR = 2.261 us, LowerFence = 5.744 us, UpperFence = 14.788 us
ConfidenceInterval = [5.086 us; 15.679 us] (CI 99.9%), Margin = 5.296 us (51.01% of Mean)
Skewness = 0.65, Kurtosis = 1.36, MValue = 2
-------------------- Histogram --------------------
[ 7.717 us ; 10.601 us) | @@@@
[10.601 us ; 14.116 us) | @@
---------------------------------------------------

CodecSuite.Run: campaign(EvaluateOverhead=False, Clock=Armonik.Ffi.Bdn.CpuClock, IterationCount=6, IterationTime=40ms, LaunchCount=1, RunStrategy=Throughput, WarmupCount=4) [Case=host-(...)etain [87]]
Runtime = .NET 8.0.31 (8.0.31, 8.0.3126.42015), X64 RyuJIT x86-64-v4; GC = Concurrent Workstation
Mean = 4.613 us, StdErr = 0.024 us (0.52%), N = 5, StdDev = 0.054 us
Min = 4.577 us, Q1 = 4.588 us, Median = 4.589 us, Q3 = 4.601 us, Max = 4.707 us
IQR = 0.013 us, LowerFence = 4.568 us, UpperFence = 4.622 us
ConfidenceInterval = [4.406 us; 4.819 us] (CI 99.9%), Margin = 0.206 us (4.47% of Mean)
Skewness = 1.01, Kurtosis = 2, MValue = 2
-------------------- Histogram --------------------
[4.536 us ; 4.635 us) | @@@@
[4.635 us ; 4.748 us) | @
---------------------------------------------------

CodecSuite.Run: campaign(EvaluateOverhead=False, Clock=Armonik.Ffi.Bdn.CpuClock, IterationCount=6, IterationTime=40ms, LaunchCount=1, RunStrategy=Throughput, WarmupCount=4) [Case=core-(...)etain [38]]
Runtime = .NET 8.0.31 (8.0.31, 8.0.3126.42015), X64 RyuJIT x86-64-v4; GC = Concurrent Workstation
Mean = 534.500 us, StdErr = 16.985 us (3.18%), N = 5, StdDev = 37.980 us
Min = 484.625 us, Q1 = 511.467 us, Median = 541.418 us, Q3 = 551.266 us, Max = 583.725 us
IQR = 39.799 us, LowerFence = 451.768 us, UpperFence = 610.965 us
ConfidenceInterval = [388.251 us; 680.749 us] (CI 99.9%), Margin = 146.249 us (27.36% of Mean)
Skewness = -0.04, Kurtosis = 1.19, MValue = 2
-------------------- Histogram --------------------
[455.473 us ; 502.214 us) | @
[502.214 us ; 560.518 us) | @@@
[560.518 us ; 612.877 us) | @
---------------------------------------------------

CodecSuite.Run: campaign(EvaluateOverhead=False, Clock=Armonik.Ffi.Bdn.CpuClock, IterationCount=6, IterationTime=40ms, LaunchCount=1, RunStrategy=Throughput, WarmupCount=4) [Case=core-(...)etain [47]]
Runtime = .NET 8.0.31 (8.0.31, 8.0.3126.42015), X64 RyuJIT x86-64-v4; GC = Concurrent Workstation
Mean = 557.830 us, StdErr = 0.624 us (0.11%), N = 6, StdDev = 1.529 us
Min = 555.991 us, Q1 = 556.714 us, Median = 557.915 us, Q3 = 558.523 us, Max = 560.122 us
IQR = 1.809 us, LowerFence = 554.001 us, UpperFence = 561.236 us
ConfidenceInterval = [553.544 us; 562.117 us] (CI 99.9%), Margin = 4.286 us (0.77% of Mean)
Skewness = 0.15, Kurtosis = 1.36, MValue = 2
-------------------- Histogram --------------------
[554.887 us ; 561.226 us) | @@@@@@
---------------------------------------------------

CodecSuite.Run: campaign(EvaluateOverhead=False, Clock=Armonik.Ffi.Bdn.CpuClock, IterationCount=6, IterationTime=40ms, LaunchCount=1, RunStrategy=Throughput, WarmupCount=4) [Case=core-(...)etain [47]]
Runtime = .NET 8.0.31 (8.0.31, 8.0.3126.42015), X64 RyuJIT x86-64-v4; GC = Concurrent Workstation
Mean = 3.498 us, StdErr = 0.008 us (0.24%), N = 5, StdDev = 0.019 us
Min = 3.483 us, Q1 = 3.484 us, Median = 3.491 us, Q3 = 3.506 us, Max = 3.528 us
IQR = 0.022 us, LowerFence = 3.452 us, UpperFence = 3.538 us
ConfidenceInterval = [3.425 us; 3.572 us] (CI 99.9%), Margin = 0.073 us (2.09% of Mean)
Skewness = 0.58, Kurtosis = 1.38, MValue = 2
-------------------- Histogram --------------------
[3.468 us ; 3.529 us) | @@@@@
---------------------------------------------------

CodecSuite.Run: campaign(EvaluateOverhead=False, Clock=Armonik.Ffi.Bdn.CpuClock, IterationCount=6, IterationTime=40ms, LaunchCount=1, RunStrategy=Throughput, WarmupCount=4) [Case=core-(...)etain [38]]
Runtime = .NET 8.0.31 (8.0.31, 8.0.3126.42015), X64 RyuJIT x86-64-v4; GC = Concurrent Workstation
Mean = 2.928 ms, StdErr = 0.098 ms (3.34%), N = 6, StdDev = 0.240 ms
Min = 2.684 ms, Q1 = 2.719 ms, Median = 2.899 ms, Q3 = 3.105 ms, Max = 3.250 ms
IQR = 0.385 ms, LowerFence = 2.141 ms, UpperFence = 3.683 ms
ConfidenceInterval = [2.256 ms; 3.599 ms] (CI 99.9%), Margin = 0.672 ms (22.94% of Mean)
Skewness = 0.17, Kurtosis = 0.99, MValue = 2
-------------------- Histogram --------------------
[2.674 ms ; 3.020 ms) | @@@@
[3.020 ms ; 3.423 ms) | @@
---------------------------------------------------

CodecSuite.Run: campaign(EvaluateOverhead=False, Clock=Armonik.Ffi.Bdn.CpuClock, IterationCount=6, IterationTime=40ms, LaunchCount=1, RunStrategy=Throughput, WarmupCount=4) [Case=core-(...)etain [38]]
Runtime = .NET 8.0.31 (8.0.31, 8.0.3126.42015), X64 RyuJIT x86-64-v4; GC = Concurrent Workstation
Mean = 1.293 us, StdErr = 0.006 us (0.48%), N = 5, StdDev = 0.014 us
Min = 1.281 us, Q1 = 1.284 us, Median = 1.285 us, Q3 = 1.304 us, Max = 1.312 us
IQR = 0.020 us, LowerFence = 1.254 us, UpperFence = 1.334 us
ConfidenceInterval = [1.240 us; 1.346 us] (CI 99.9%), Margin = 0.053 us (4.11% of Mean)
Skewness = 0.36, Kurtosis = 0.94, MValue = 2
-------------------- Histogram --------------------
[1.271 us ; 1.323 us) | @@@@@
---------------------------------------------------

CodecSuite.Run: campaign(EvaluateOverhead=False, Clock=Armonik.Ffi.Bdn.CpuClock, IterationCount=6, IterationTime=40ms, LaunchCount=1, RunStrategy=Throughput, WarmupCount=4) [Case=host-(...)etain [38]]
Runtime = .NET 8.0.31 (8.0.31, 8.0.3126.42015), X64 RyuJIT x86-64-v4; GC = Concurrent Workstation
Mean = 120.253 us, StdErr = 0.221 us (0.18%), N = 6, StdDev = 0.541 us
Min = 119.632 us, Q1 = 119.940 us, Median = 120.112 us, Q3 = 120.530 us, Max = 121.107 us
IQR = 0.589 us, LowerFence = 119.057 us, UpperFence = 121.413 us
ConfidenceInterval = [118.737 us; 121.768 us] (CI 99.9%), Margin = 1.516 us (1.26% of Mean)
Skewness = 0.42, Kurtosis = 1.43, MValue = 2
-------------------- Histogram --------------------
[119.242 us ; 121.498 us) | @@@@@@
---------------------------------------------------

CodecSuite.Run: campaign(EvaluateOverhead=False, Clock=Armonik.Ffi.Bdn.CpuClock, IterationCount=6, IterationTime=40ms, LaunchCount=1, RunStrategy=Throughput, WarmupCount=4) [Case=host-(...)etain [53]]
Runtime = .NET 8.0.31 (8.0.31, 8.0.3126.42015), X64 RyuJIT x86-64-v4; GC = Concurrent Workstation
Mean = 751.855 ns, StdErr = 11.178 ns (1.49%), N = 5, StdDev = 24.994 ns
Min = 720.720 ns, Q1 = 736.511 ns, Median = 751.797 ns, Q3 = 764.850 ns, Max = 785.399 ns
IQR = 28.339 ns, LowerFence = 694.003 ns, UpperFence = 807.357 ns
ConfidenceInterval = [655.611 ns; 848.100 ns] (CI 99.9%), Margin = 96.244 ns (12.80% of Mean)
Skewness = 0.08, Kurtosis = 1.17, MValue = 2
-------------------- Histogram --------------------
[701.536 ns ; 731.496 ns) | @
[731.496 ns ; 769.865 ns) | @@@
[769.865 ns ; 804.584 ns) | @
---------------------------------------------------

CodecSuite.Run: campaign(EvaluateOverhead=False, Clock=Armonik.Ffi.Bdn.CpuClock, IterationCount=6, IterationTime=40ms, LaunchCount=1, RunStrategy=Throughput, WarmupCount=4) [Case=core-(...)etain [47]]
Runtime = .NET 8.0.31 (8.0.31, 8.0.3126.42015), X64 RyuJIT x86-64-v4; GC = Concurrent Workstation
Mean = 2.006 ms, StdErr = 0.049 ms (2.44%), N = 6, StdDev = 0.120 ms
Min = 1.892 ms, Q1 = 1.915 ms, Median = 1.971 ms, Q3 = 2.074 ms, Max = 2.197 ms
IQR = 0.158 ms, LowerFence = 1.678 ms, UpperFence = 2.311 ms
ConfidenceInterval = [1.669 ms; 2.342 ms] (CI 99.9%), Margin = 0.336 ms (16.78% of Mean)
Skewness = 0.49, Kurtosis = 1.36, MValue = 2
-------------------- Histogram --------------------
[1.857 ms ; 2.030 ms) | @@@@
[2.030 ms ; 2.235 ms) | @@
---------------------------------------------------

CodecSuite.Run: campaign(EvaluateOverhead=False, Clock=Armonik.Ffi.Bdn.CpuClock, IterationCount=6, IterationTime=40ms, LaunchCount=1, RunStrategy=Throughput, WarmupCount=4) [Case=host-(...)etain [38]]
Runtime = .NET 8.0.31 (8.0.31, 8.0.3126.42015), X64 RyuJIT x86-64-v4; GC = Concurrent Workstation
Mean = 3.448 ms, StdErr = 0.046 ms (1.33%), N = 5, StdDev = 0.102 ms
Min = 3.332 ms, Q1 = 3.375 ms, Median = 3.466 ms, Q3 = 3.471 ms, Max = 3.598 ms
IQR = 0.096 ms, LowerFence = 3.230 ms, UpperFence = 3.616 ms
ConfidenceInterval = [3.054 ms; 3.843 ms] (CI 99.9%), Margin = 0.395 ms (11.44% of Mean)
Skewness = 0.26, Kurtosis = 1.28, MValue = 2
-------------------- Histogram --------------------
[3.323 ms ; 3.519 ms) | @@@@
[3.519 ms ; 3.676 ms) | @
---------------------------------------------------

CodecSuite.Run: campaign(EvaluateOverhead=False, Clock=Armonik.Ffi.Bdn.CpuClock, IterationCount=6, IterationTime=40ms, LaunchCount=1, RunStrategy=Throughput, WarmupCount=4) [Case=incum(...)fault [45]]
Runtime = .NET 8.0.31 (8.0.31, 8.0.3126.42015), X64 RyuJIT x86-64-v4; GC = Concurrent Workstation
Mean = 268.695 us, StdErr = 12.802 us (4.76%), N = 6, StdDev = 31.358 us
Min = 225.044 us, Q1 = 257.180 us, Median = 261.498 us, Q3 = 284.655 us, Max = 316.015 us
IQR = 27.475 us, LowerFence = 215.967 us, UpperFence = 325.867 us
ConfidenceInterval = [180.761 us; 356.629 us] (CI 99.9%), Margin = 87.934 us (32.73% of Mean)
Skewness = 0.17, Kurtosis = 1.54, MValue = 2
-------------------- Histogram --------------------
[202.394 us ; 251.407 us) | @
[251.407 us ; 296.707 us) | @@@@
[296.707 us ; 338.665 us) | @
---------------------------------------------------

CodecSuite.Run: campaign(EvaluateOverhead=False, Clock=Armonik.Ffi.Bdn.CpuClock, IterationCount=6, IterationTime=40ms, LaunchCount=1, RunStrategy=Throughput, WarmupCount=4) [Case=incum(...)fault [73]]
Runtime = .NET 8.0.31 (8.0.31, 8.0.3126.42015), X64 RyuJIT x86-64-v4; GC = Concurrent Workstation
Mean = 2.102 us, StdErr = 0.064 us (3.06%), N = 6, StdDev = 0.157 us
Min = 1.969 us, Q1 = 2.009 us, Median = 2.029 us, Q3 = 2.158 us, Max = 2.380 us
IQR = 0.150 us, LowerFence = 1.784 us, UpperFence = 2.383 us
ConfidenceInterval = [1.660 us; 2.543 us] (CI 99.9%), Margin = 0.442 us (21.01% of Mean)
Skewness = 0.78, Kurtosis = 1.77, MValue = 2
-------------------- Histogram --------------------
[1.892 us ; 2.120 us) | @@@@
[2.120 us ; 2.402 us) | @@
---------------------------------------------------

CodecSuite.Run: campaign(EvaluateOverhead=False, Clock=Armonik.Ffi.Bdn.CpuClock, IterationCount=6, IterationTime=40ms, LaunchCount=1, RunStrategy=Throughput, WarmupCount=4) [Case=core-(...)etain [38]]
Runtime = .NET 8.0.31 (8.0.31, 8.0.3126.42015), X64 RyuJIT x86-64-v4; GC = Concurrent Workstation
Mean = 682.193 ns, StdErr = 6.671 ns (0.98%), N = 6, StdDev = 16.340 ns
Min = 653.975 ns, Q1 = 675.322 ns, Median = 690.054 ns, Q3 = 692.677 ns, Max = 695.111 ns
IQR = 17.355 ns, LowerFence = 649.290 ns, UpperFence = 718.708 ns
ConfidenceInterval = [636.372 ns; 728.014 ns] (CI 99.9%), Margin = 45.821 ns (6.72% of Mean)
Skewness = -0.74, Kurtosis = 1.64, MValue = 2
-------------------- Histogram --------------------
[650.667 ns ; 679.950 ns) | @@
[679.950 ns ; 706.913 ns) | @@@@
---------------------------------------------------

CodecSuite.Run: campaign(EvaluateOverhead=False, Clock=Armonik.Ffi.Bdn.CpuClock, IterationCount=6, IterationTime=40ms, LaunchCount=1, RunStrategy=Throughput, WarmupCount=4) [Case=host-(...)etain [76]]
Runtime = .NET 8.0.31 (8.0.31, 8.0.3126.42015), X64 RyuJIT x86-64-v4; GC = Concurrent Workstation
Mean = 15.231 us, StdErr = 0.353 us (2.32%), N = 5, StdDev = 0.790 us
Min = 14.620 us, Q1 = 14.737 us, Median = 14.836 us, Q3 = 15.437 us, Max = 16.528 us
IQR = 0.701 us, LowerFence = 13.686 us, UpperFence = 16.488 us
ConfidenceInterval = [12.188 us; 18.275 us] (CI 99.9%), Margin = 3.044 us (19.98% of Mean)
Skewness = 0.72, Kurtosis = 1.56, MValue = 2
-------------------- Histogram --------------------
[14.422 us ; 15.921 us) | @@@@
[15.921 us ; 17.135 us) | @
---------------------------------------------------

CodecSuite.Run: campaign(EvaluateOverhead=False, Clock=Armonik.Ffi.Bdn.CpuClock, IterationCount=6, IterationTime=40ms, LaunchCount=1, RunStrategy=Throughput, WarmupCount=4) [Case=incum(...)fault [59]]
Runtime = .NET 8.0.31 (8.0.31, 8.0.3126.42015), X64 RyuJIT x86-64-v4; GC = Concurrent Workstation
Mean = 9.980 us, StdErr = 0.049 us (0.50%), N = 5, StdDev = 0.111 us
Min = 9.896 us, Q1 = 9.900 us, Median = 9.909 us, Q3 = 10.061 us, Max = 10.134 us
IQR = 0.161 us, LowerFence = 9.659 us, UpperFence = 10.303 us
ConfidenceInterval = [9.555 us; 10.406 us] (CI 99.9%), Margin = 0.426 us (4.26% of Mean)
Skewness = 0.4, Kurtosis = 0.97, MValue = 2
-------------------- Histogram --------------------
[9.879 us ; 10.219 us) | @@@@@
---------------------------------------------------

CodecSuite.Run: campaign(EvaluateOverhead=False, Clock=Armonik.Ffi.Bdn.CpuClock, IterationCount=6, IterationTime=40ms, LaunchCount=1, RunStrategy=Throughput, WarmupCount=4) [Case=host-(...)etain [47]]
Runtime = .NET 8.0.31 (8.0.31, 8.0.3126.42015), X64 RyuJIT x86-64-v4; GC = Concurrent Workstation
Mean = 4.127 us, StdErr = 0.045 us (1.09%), N = 5, StdDev = 0.100 us
Min = 4.027 us, Q1 = 4.049 us, Median = 4.090 us, Q3 = 4.229 us, Max = 4.238 us
IQR = 0.180 us, LowerFence = 3.779 us, UpperFence = 4.500 us
ConfidenceInterval = [3.741 us; 4.512 us] (CI 99.9%), Margin = 0.386 us (9.35% of Mean)
Skewness = 0.19, Kurtosis = 0.79, MValue = 2
-------------------- Histogram --------------------
[3.982 us ; 4.136 us) | @@@
[4.136 us ; 4.314 us) | @@
---------------------------------------------------

CodecSuite.Run: campaign(EvaluateOverhead=False, Clock=Armonik.Ffi.Bdn.CpuClock, IterationCount=6, IterationTime=40ms, LaunchCount=1, RunStrategy=Throughput, WarmupCount=4) [Case=incum(...)fault [55]]
Runtime = .NET 8.0.31 (8.0.31, 8.0.3126.42015), X64 RyuJIT x86-64-v4; GC = Concurrent Workstation
Mean = 6.219 ms, StdErr = 0.035 ms (0.57%), N = 5, StdDev = 0.079 ms
Min = 6.085 ms, Q1 = 6.214 ms, Median = 6.252 ms, Q3 = 6.260 ms, Max = 6.284 ms
IQR = 0.046 ms, LowerFence = 6.146 ms, UpperFence = 6.329 ms
ConfidenceInterval = [5.915 ms; 6.523 ms] (CI 99.9%), Margin = 0.304 ms (4.89% of Mean)
Skewness = -0.83, Kurtosis = 1.77, MValue = 2
-------------------- Histogram --------------------
[6.024 ms ; 6.312 ms) | @@@@@
---------------------------------------------------

CodecSuite.Run: campaign(EvaluateOverhead=False, Clock=Armonik.Ffi.Bdn.CpuClock, IterationCount=6, IterationTime=40ms, LaunchCount=1, RunStrategy=Throughput, WarmupCount=4) [Case=core-(...)etain [38]]
Runtime = .NET 8.0.31 (8.0.31, 8.0.3126.42015), X64 RyuJIT x86-64-v4; GC = Concurrent Workstation
Mean = 3.061 ms, StdErr = 0.031 ms (1.01%), N = 5, StdDev = 0.069 ms
Min = 2.984 ms, Q1 = 3.040 ms, Median = 3.052 ms, Q3 = 3.056 ms, Max = 3.173 ms
IQR = 0.016 ms, LowerFence = 3.016 ms, UpperFence = 3.080 ms
ConfidenceInterval = [2.796 ms; 3.327 ms] (CI 99.9%), Margin = 0.266 ms (8.67% of Mean)
Skewness = 0.57, Kurtosis = 1.71, MValue = 2
-------------------- Histogram --------------------
[2.967 ms ; 3.073 ms) | @@@@
[3.073 ms ; 3.226 ms) | @
---------------------------------------------------

CodecSuite.Run: campaign(EvaluateOverhead=False, Clock=Armonik.Ffi.Bdn.CpuClock, IterationCount=6, IterationTime=40ms, LaunchCount=1, RunStrategy=Throughput, WarmupCount=4) [Case=host-(...)etain [38]]
Runtime = .NET 8.0.31 (8.0.31, 8.0.3126.42015), X64 RyuJIT x86-64-v4; GC = Concurrent Workstation
Mean = 897.236 us, StdErr = 10.040 us (1.12%), N = 5, StdDev = 22.451 us
Min = 872.158 us, Q1 = 874.862 us, Median = 904.725 us, Q3 = 913.212 us, Max = 921.221 us
IQR = 38.350 us, LowerFence = 817.338 us, UpperFence = 970.737 us
ConfidenceInterval = [810.786 us; 983.685 us] (CI 99.9%), Margin = 86.450 us (9.64% of Mean)
Skewness = -0.15, Kurtosis = 0.82, MValue = 2
-------------------- Histogram --------------------
[854.925 us ; 895.741 us) | @@
[895.741 us ; 930.205 us) | @@@
---------------------------------------------------

CodecSuite.Run: campaign(EvaluateOverhead=False, Clock=Armonik.Ffi.Bdn.CpuClock, IterationCount=6, IterationTime=40ms, LaunchCount=1, RunStrategy=Throughput, WarmupCount=4) [Case=incum(...)fault [54]]
Runtime = .NET 8.0.31 (8.0.31, 8.0.3126.42015), X64 RyuJIT x86-64-v4; GC = Concurrent Workstation
Mean = 61.455 us, StdErr = 0.638 us (1.04%), N = 6, StdDev = 1.563 us
Min = 60.030 us, Q1 = 60.566 us, Median = 60.746 us, Q3 = 62.107 us, Max = 64.139 us
IQR = 1.541 us, LowerFence = 58.254 us, UpperFence = 64.419 us
ConfidenceInterval = [57.070 us; 65.839 us] (CI 99.9%), Margin = 4.384 us (7.13% of Mean)
Skewness = 0.7, Kurtosis = 1.63, MValue = 2
-------------------- Histogram --------------------
[59.324 us ; 61.583 us) | @@@@
[61.583 us ; 64.457 us) | @@
---------------------------------------------------

CodecSuite.Run: campaign(EvaluateOverhead=False, Clock=Armonik.Ffi.Bdn.CpuClock, IterationCount=6, IterationTime=40ms, LaunchCount=1, RunStrategy=Throughput, WarmupCount=4) [Case=core-(...)etain [38]]
Runtime = .NET 8.0.31 (8.0.31, 8.0.3126.42015), X64 RyuJIT x86-64-v4; GC = Concurrent Workstation
Mean = 692.840 us, StdErr = 4.111 us (0.59%), N = 6, StdDev = 10.069 us
Min = 680.526 us, Q1 = 684.749 us, Median = 693.154 us, Q3 = 701.197 us, Max = 704.381 us
IQR = 16.448 us, LowerFence = 660.077 us, UpperFence = 725.869 us
ConfidenceInterval = [664.605 us; 721.075 us] (CI 99.9%), Margin = 28.235 us (4.08% of Mean)
Skewness = -0.04, Kurtosis = 0.93, MValue = 2
-------------------- Histogram --------------------
[677.140 us ; 693.923 us) | @@@
[693.923 us ; 708.469 us) | @@@
---------------------------------------------------

CodecSuite.Run: campaign(EvaluateOverhead=False, Clock=Armonik.Ffi.Bdn.CpuClock, IterationCount=6, IterationTime=40ms, LaunchCount=1, RunStrategy=Throughput, WarmupCount=4) [Case=host-(...)etain [38]]
Runtime = .NET 8.0.31 (8.0.31, 8.0.3126.42015), X64 RyuJIT x86-64-v4; GC = Concurrent Workstation
Mean = 278.277 us, StdErr = 8.410 us (3.02%), N = 6, StdDev = 20.600 us
Min = 256.348 us, Q1 = 263.835 us, Median = 272.644 us, Q3 = 291.729 us, Max = 309.039 us
IQR = 27.894 us, LowerFence = 221.993 us, UpperFence = 333.570 us
ConfidenceInterval = [220.510 us; 336.044 us] (CI 99.9%), Margin = 57.767 us (20.76% of Mean)
Skewness = 0.35, Kurtosis = 1.2, MValue = 2
-------------------- Histogram --------------------
[253.213 us ; 287.486 us) | @@@@
[287.486 us ; 317.245 us) | @@
---------------------------------------------------

CodecSuite.Run: campaign(EvaluateOverhead=False, Clock=Armonik.Ffi.Bdn.CpuClock, IterationCount=6, IterationTime=40ms, LaunchCount=1, RunStrategy=Throughput, WarmupCount=4) [Case=incum(...)fault [54]]
Runtime = .NET 8.0.31 (8.0.31, 8.0.3126.42015), X64 RyuJIT x86-64-v4; GC = Concurrent Workstation
Mean = 1.412 ms, StdErr = 0.011 ms (0.80%), N = 5, StdDev = 0.025 ms
Min = 1.384 ms, Q1 = 1.386 ms, Median = 1.422 ms, Q3 = 1.433 ms, Max = 1.435 ms
IQR = 0.047 ms, LowerFence = 1.315 ms, UpperFence = 1.504 ms
ConfidenceInterval = [1.315 ms; 1.509 ms] (CI 99.9%), Margin = 0.097 ms (6.85% of Mean)
Skewness = -0.22, Kurtosis = 0.78, MValue = 2
-------------------- Histogram --------------------
[1.365 ms ; 1.409 ms) | @@
[1.409 ms ; 1.454 ms) | @@@
---------------------------------------------------

CodecSuite.Run: campaign(EvaluateOverhead=False, Clock=Armonik.Ffi.Bdn.CpuClock, IterationCount=6, IterationTime=40ms, LaunchCount=1, RunStrategy=Throughput, WarmupCount=4) [Case=core-(...)etain [47]]
Runtime = .NET 8.0.31 (8.0.31, 8.0.3126.42015), X64 RyuJIT x86-64-v4; GC = Concurrent Workstation
Mean = 144.644 us, StdErr = 0.699 us (0.48%), N = 6, StdDev = 1.713 us
Min = 142.399 us, Q1 = 143.819 us, Median = 144.340 us, Q3 = 145.416 us, Max = 147.365 us
IQR = 1.598 us, LowerFence = 141.422 us, UpperFence = 147.813 us
ConfidenceInterval = [139.839 us; 149.449 us] (CI 99.9%), Margin = 4.805 us (3.32% of Mean)
Skewness = 0.3, Kurtosis = 1.59, MValue = 2
-------------------- Histogram --------------------
[141.161 us ; 148.602 us) | @@@@@@
---------------------------------------------------

CodecSuite.Run: campaign(EvaluateOverhead=False, Clock=Armonik.Ffi.Bdn.CpuClock, IterationCount=6, IterationTime=40ms, LaunchCount=1, RunStrategy=Throughput, WarmupCount=4) [Case=incum(...)fault [45]]
Runtime = .NET 8.0.31 (8.0.31, 8.0.3126.42015), X64 RyuJIT x86-64-v4; GC = Concurrent Workstation
Mean = 118.328 us, StdErr = 1.450 us (1.23%), N = 5, StdDev = 3.242 us
Min = 116.210 us, Q1 = 116.451 us, Median = 117.066 us, Q3 = 117.909 us, Max = 124.007 us
IQR = 1.458 us, LowerFence = 114.264 us, UpperFence = 120.095 us
ConfidenceInterval = [105.846 us; 130.811 us] (CI 99.9%), Margin = 12.482 us (10.55% of Mean)
Skewness = 0.97, Kurtosis = 1.95, MValue = 2
-------------------- Histogram --------------------
[114.571 us ; 121.519 us) | @@@@
[121.519 us ; 126.495 us) | @
---------------------------------------------------

CodecSuite.Run: campaign(EvaluateOverhead=False, Clock=Armonik.Ffi.Bdn.CpuClock, IterationCount=6, IterationTime=40ms, LaunchCount=1, RunStrategy=Throughput, WarmupCount=4) [Case=core-(...)etain [38]]
Runtime = .NET 8.0.31 (8.0.31, 8.0.3126.42015), X64 RyuJIT x86-64-v4; GC = Concurrent Workstation
Mean = 35.188 us, StdErr = 0.499 us (1.42%), N = 6, StdDev = 1.223 us
Min = 33.869 us, Q1 = 34.240 us, Median = 34.977 us, Q3 = 36.006 us, Max = 36.960 us
IQR = 1.766 us, LowerFence = 31.591 us, UpperFence = 38.656 us
ConfidenceInterval = [31.760 us; 38.617 us] (CI 99.9%), Margin = 3.429 us (9.74% of Mean)
Skewness = 0.28, Kurtosis = 1.17, MValue = 2
-------------------- Histogram --------------------
[33.683 us ; 35.724 us) | @@@@
[35.724 us ; 37.844 us) | @@
---------------------------------------------------

CodecSuite.Run: campaign(EvaluateOverhead=False, Clock=Armonik.Ffi.Bdn.CpuClock, IterationCount=6, IterationTime=40ms, LaunchCount=1, RunStrategy=Throughput, WarmupCount=4) [Case=incum(...)fault [54]]
Runtime = .NET 8.0.31 (8.0.31, 8.0.3126.42015), X64 RyuJIT x86-64-v4; GC = Concurrent Workstation
Mean = 3.550 ms, StdErr = 0.025 ms (0.70%), N = 5, StdDev = 0.056 ms
Min = 3.483 ms, Q1 = 3.517 ms, Median = 3.553 ms, Q3 = 3.570 ms, Max = 3.629 ms
IQR = 0.053 ms, LowerFence = 3.437 ms, UpperFence = 3.650 ms
ConfidenceInterval = [3.336 ms; 3.765 ms] (CI 99.9%), Margin = 0.214 ms (6.03% of Mean)
Skewness = 0.18, Kurtosis = 1.29, MValue = 2
-------------------- Histogram --------------------
[3.440 ms ; 3.586 ms) | @@@@
[3.586 ms ; 3.672 ms) | @
---------------------------------------------------

CodecSuite.Run: campaign(EvaluateOverhead=False, Clock=Armonik.Ffi.Bdn.CpuClock, IterationCount=6, IterationTime=40ms, LaunchCount=1, RunStrategy=Throughput, WarmupCount=4) [Case=incum(...)fault [54]]
Runtime = .NET 8.0.31 (8.0.31, 8.0.3126.42015), X64 RyuJIT x86-64-v4; GC = Concurrent Workstation
Mean = 4.364 ms, StdErr = 0.005 ms (0.11%), N = 5, StdDev = 0.011 ms
Min = 4.350 ms, Q1 = 4.358 ms, Median = 4.363 ms, Q3 = 4.373 ms, Max = 4.376 ms
IQR = 0.015 ms, LowerFence = 4.335 ms, UpperFence = 4.396 ms
ConfidenceInterval = [4.323 ms; 4.405 ms] (CI 99.9%), Margin = 0.041 ms (0.95% of Mean)
Skewness = -0.05, Kurtosis = 1, MValue = 2
-------------------- Histogram --------------------
[4.342 ms ; 4.385 ms) | @@@@@
---------------------------------------------------

CodecSuite.Run: campaign(EvaluateOverhead=False, Clock=Armonik.Ffi.Bdn.CpuClock, IterationCount=6, IterationTime=40ms, LaunchCount=1, RunStrategy=Throughput, WarmupCount=4) [Case=host-(...)etain [88]]
Runtime = .NET 8.0.31 (8.0.31, 8.0.3126.42015), X64 RyuJIT x86-64-v4; GC = Concurrent Workstation
Mean = 766.196 ns, StdErr = 2.655 ns (0.35%), N = 5, StdDev = 5.937 ns
Min = 760.981 ns, Q1 = 761.631 ns, Median = 764.734 ns, Q3 = 768.099 ns, Max = 775.535 ns
IQR = 6.469 ns, LowerFence = 751.928 ns, UpperFence = 777.802 ns
ConfidenceInterval = [743.334 ns; 789.058 ns] (CI 99.9%), Margin = 22.862 ns (2.98% of Mean)
Skewness = 0.56, Kurtosis = 1.42, MValue = 2
-------------------- Histogram --------------------
[756.424 ns ; 780.092 ns) | @@@@@
---------------------------------------------------

CodecSuite.Run: campaign(EvaluateOverhead=False, Clock=Armonik.Ffi.Bdn.CpuClock, IterationCount=6, IterationTime=40ms, LaunchCount=1, RunStrategy=Throughput, WarmupCount=4) [Case=core-(...)etain [52]]
Runtime = .NET 8.0.31 (8.0.31, 8.0.3126.42015), X64 RyuJIT x86-64-v4; GC = Concurrent Workstation
Mean = 5.846 us, StdErr = 0.091 us (1.56%), N = 6, StdDev = 0.223 us
Min = 5.667 us, Q1 = 5.703 us, Median = 5.722 us, Q3 = 6.016 us, Max = 6.154 us
IQR = 0.313 us, LowerFence = 5.233 us, UpperFence = 6.486 us
ConfidenceInterval = [5.220 us; 6.472 us] (CI 99.9%), Margin = 0.626 us (10.70% of Mean)
Skewness = 0.53, Kurtosis = 1.07, MValue = 2
-------------------- Histogram --------------------
[5.539 us ; 5.971 us) | @@@@
[5.971 us ; 6.315 us) | @@
---------------------------------------------------

CodecSuite.Run: campaign(EvaluateOverhead=False, Clock=Armonik.Ffi.Bdn.CpuClock, IterationCount=6, IterationTime=40ms, LaunchCount=1, RunStrategy=Throughput, WarmupCount=4) [Case=incum(...)fault [95]]
Runtime = .NET 8.0.31 (8.0.31, 8.0.3126.42015), X64 RyuJIT x86-64-v4; GC = Concurrent Workstation
Mean = 1.044 us, StdErr = 0.002 us (0.21%), N = 5, StdDev = 0.005 us
Min = 1.036 us, Q1 = 1.043 us, Median = 1.043 us, Q3 = 1.047 us, Max = 1.049 us
IQR = 0.004 us, LowerFence = 1.036 us, UpperFence = 1.053 us
ConfidenceInterval = [1.025 us; 1.062 us] (CI 99.9%), Margin = 0.019 us (1.80% of Mean)
Skewness = -0.33, Kurtosis = 1.36, MValue = 2
-------------------- Histogram --------------------
[1.033 us ; 1.053 us) | @@@@@
---------------------------------------------------

CodecSuite.Run: campaign(EvaluateOverhead=False, Clock=Armonik.Ffi.Bdn.CpuClock, IterationCount=6, IterationTime=40ms, LaunchCount=1, RunStrategy=Throughput, WarmupCount=4) [Case=core-(...)etain [85]]
Runtime = .NET 8.0.31 (8.0.31, 8.0.3126.42015), X64 RyuJIT x86-64-v4; GC = Concurrent Workstation
Mean = 4.525 us, StdErr = 0.153 us (3.38%), N = 6, StdDev = 0.375 us
Min = 4.201 us, Q1 = 4.212 us, Median = 4.454 us, Q3 = 4.707 us, Max = 5.120 us
IQR = 0.495 us, LowerFence = 3.469 us, UpperFence = 5.450 us
ConfidenceInterval = [3.474 us; 5.577 us] (CI 99.9%), Margin = 1.052 us (23.24% of Mean)
Skewness = 0.41, Kurtosis = 1.31, MValue = 2
-------------------- Histogram --------------------
[4.189 us ; 4.849 us) | @@@@@
[4.849 us ; 5.390 us) | @
---------------------------------------------------

CodecSuite.Run: campaign(EvaluateOverhead=False, Clock=Armonik.Ffi.Bdn.CpuClock, IterationCount=6, IterationTime=40ms, LaunchCount=1, RunStrategy=Throughput, WarmupCount=4) [Case=host-(...)etain [47]]
Runtime = .NET 8.0.31 (8.0.31, 8.0.3126.42015), X64 RyuJIT x86-64-v4; GC = Concurrent Workstation
Mean = 745.040 ns, StdErr = 6.388 ns (0.86%), N = 6, StdDev = 15.648 ns
Min = 729.568 ns, Q1 = 730.964 ns, Median = 743.120 ns, Q3 = 759.238 ns, Max = 762.910 ns
IQR = 28.273 ns, LowerFence = 688.555 ns, UpperFence = 801.648 ns
ConfidenceInterval = [701.161 ns; 788.920 ns] (CI 99.9%), Margin = 43.879 ns (5.89% of Mean)
Skewness = 0.1, Kurtosis = 0.85, MValue = 2
-------------------- Histogram --------------------
[729.277 ns ; 751.882 ns) | @@@@
[751.882 ns ; 774.213 ns) | @@
---------------------------------------------------

CodecSuite.Run: campaign(EvaluateOverhead=False, Clock=Armonik.Ffi.Bdn.CpuClock, IterationCount=6, IterationTime=40ms, LaunchCount=1, RunStrategy=Throughput, WarmupCount=4) [Case=core-(...)etain [38]]
Runtime = .NET 8.0.31 (8.0.31, 8.0.3126.42015), X64 RyuJIT x86-64-v4; GC = Concurrent Workstation
Mean = 2.211 ms, StdErr = 0.081 ms (3.65%), N = 5, StdDev = 0.181 ms
Min = 2.020 ms, Q1 = 2.161 ms, Median = 2.162 ms, Q3 = 2.200 ms, Max = 2.509 ms
IQR = 0.039 ms, LowerFence = 2.102 ms, UpperFence = 2.259 ms
ConfidenceInterval = [1.516 ms; 2.906 ms] (CI 99.9%), Margin = 0.695 ms (31.44% of Mean)
Skewness = 0.66, Kurtosis = 1.75, MValue = 2
-------------------- Histogram --------------------
[1.972 ms ; 2.249 ms) | @@@@
[2.249 ms ; 2.371 ms) | 
[2.371 ms ; 2.648 ms) | @
---------------------------------------------------

CodecSuite.Run: campaign(EvaluateOverhead=False, Clock=Armonik.Ffi.Bdn.CpuClock, IterationCount=6, IterationTime=40ms, LaunchCount=1, RunStrategy=Throughput, WarmupCount=4) [Case=incum(...)fault [60]]
Runtime = .NET 8.0.31 (8.0.31, 8.0.3126.42015), X64 RyuJIT x86-64-v4; GC = Concurrent Workstation
Mean = 1.472 us, StdErr = 0.026 us (1.80%), N = 5, StdDev = 0.059 us
Min = 1.419 us, Q1 = 1.435 us, Median = 1.437 us, Q3 = 1.516 us, Max = 1.554 us
IQR = 0.081 us, LowerFence = 1.314 us, UpperFence = 1.637 us
ConfidenceInterval = [1.245 us; 1.700 us] (CI 99.9%), Margin = 0.228 us (15.46% of Mean)
Skewness = 0.37, Kurtosis = 0.97, MValue = 2
-------------------- Histogram --------------------
[1.374 us ; 1.474 us) | @@@
[1.474 us ; 1.580 us) | @@
---------------------------------------------------

CodecSuite.Run: campaign(EvaluateOverhead=False, Clock=Armonik.Ffi.Bdn.CpuClock, IterationCount=6, IterationTime=40ms, LaunchCount=1, RunStrategy=Throughput, WarmupCount=4) [Case=incum(...)fault [54]]
Runtime = .NET 8.0.31 (8.0.31, 8.0.3126.42015), X64 RyuJIT x86-64-v4; GC = Concurrent Workstation
Mean = 5.339 ms, StdErr = 0.020 ms (0.38%), N = 5, StdDev = 0.046 ms
Min = 5.298 ms, Q1 = 5.313 ms, Median = 5.318 ms, Q3 = 5.351 ms, Max = 5.413 ms
IQR = 0.038 ms, LowerFence = 5.256 ms, UpperFence = 5.409 ms
ConfidenceInterval = [5.162 ms; 5.515 ms] (CI 99.9%), Margin = 0.177 ms (3.31% of Mean)
Skewness = 0.67, Kurtosis = 1.54, MValue = 2
-------------------- Histogram --------------------
[5.272 ms ; 5.448 ms) | @@@@@
---------------------------------------------------

CodecSuite.Run: campaign(EvaluateOverhead=False, Clock=Armonik.Ffi.Bdn.CpuClock, IterationCount=6, IterationTime=40ms, LaunchCount=1, RunStrategy=Throughput, WarmupCount=4) [Case=core-(...)etain [47]]
Runtime = .NET 8.0.31 (8.0.31, 8.0.3126.42015), X64 RyuJIT x86-64-v4; GC = Concurrent Workstation
Mean = 207.515 us, StdErr = 5.359 us (2.58%), N = 5, StdDev = 11.983 us
Min = 198.184 us, Q1 = 199.487 us, Median = 201.145 us, Q3 = 212.287 us, Max = 226.475 us
IQR = 12.801 us, LowerFence = 180.286 us, UpperFence = 231.488 us
ConfidenceInterval = [161.374 us; 253.657 us] (CI 99.9%), Margin = 46.142 us (22.24% of Mean)
Skewness = 0.62, Kurtosis = 1.39, MValue = 2
-------------------- Histogram --------------------
[196.038 us ; 214.433 us) | @@@@
[214.433 us ; 235.672 us) | @
---------------------------------------------------

CodecSuite.Run: campaign(EvaluateOverhead=False, Clock=Armonik.Ffi.Bdn.CpuClock, IterationCount=6, IterationTime=40ms, LaunchCount=1, RunStrategy=Throughput, WarmupCount=4) [Case=core-(...)etain [61]]
Runtime = .NET 8.0.31 (8.0.31, 8.0.3126.42015), X64 RyuJIT x86-64-v4; GC = Concurrent Workstation
Mean = 2.364 us, StdErr = 0.010 us (0.43%), N = 5, StdDev = 0.023 us
Min = 2.347 us, Q1 = 2.350 us, Median = 2.351 us, Q3 = 2.374 us, Max = 2.400 us
IQR = 0.023 us, LowerFence = 2.315 us, UpperFence = 2.408 us
ConfidenceInterval = [2.277 us; 2.452 us] (CI 99.9%), Margin = 0.087 us (3.70% of Mean)
Skewness = 0.62, Kurtosis = 1.38, MValue = 2
-------------------- Histogram --------------------
[2.336 us ; 2.418 us) | @@@@@
---------------------------------------------------

CodecSuite.Run: campaign(EvaluateOverhead=False, Clock=Armonik.Ffi.Bdn.CpuClock, IterationCount=6, IterationTime=40ms, LaunchCount=1, RunStrategy=Throughput, WarmupCount=4) [Case=host-(...)etain [47]]
Runtime = .NET 8.0.31 (8.0.31, 8.0.3126.42015), X64 RyuJIT x86-64-v4; GC = Concurrent Workstation
Mean = 3.957 us, StdErr = 0.089 us (2.24%), N = 6, StdDev = 0.217 us
Min = 3.716 us, Q1 = 3.791 us, Median = 3.939 us, Q3 = 4.093 us, Max = 4.263 us
IQR = 0.302 us, LowerFence = 3.338 us, UpperFence = 4.546 us
ConfidenceInterval = [3.348 us; 4.566 us] (CI 99.9%), Margin = 0.609 us (15.39% of Mean)
Skewness = 0.17, Kurtosis = 1.05, MValue = 2
-------------------- Histogram --------------------
[3.607 us ; 3.921 us) | @@@
[3.921 us ; 4.322 us) | @@@
---------------------------------------------------

CodecSuite.Run: campaign(EvaluateOverhead=False, Clock=Armonik.Ffi.Bdn.CpuClock, IterationCount=6, IterationTime=40ms, LaunchCount=1, RunStrategy=Throughput, WarmupCount=4) [Case=core-(...)etain [46]]
Runtime = .NET 8.0.31 (8.0.31, 8.0.3126.42015), X64 RyuJIT x86-64-v4; GC = Concurrent Workstation
Mean = 1.937 ms, StdErr = 0.058 ms (3.00%), N = 5, StdDev = 0.130 ms
Min = 1.764 ms, Q1 = 1.874 ms, Median = 1.919 ms, Q3 = 2.043 ms, Max = 2.086 ms
IQR = 0.169 ms, LowerFence = 1.622 ms, UpperFence = 2.296 ms
ConfidenceInterval = [1.437 ms; 2.438 ms] (CI 99.9%), Margin = 0.500 ms (25.82% of Mean)
Skewness = -0.09, Kurtosis = 1.07, MValue = 2
-------------------- Histogram --------------------
[1.742 ms ; 1.965 ms) | @@@
[1.965 ms ; 2.186 ms) | @@
---------------------------------------------------

CodecSuite.Run: campaign(EvaluateOverhead=False, Clock=Armonik.Ffi.Bdn.CpuClock, IterationCount=6, IterationTime=40ms, LaunchCount=1, RunStrategy=Throughput, WarmupCount=4) [Case=host-(...)etain [38]]
Runtime = .NET 8.0.31 (8.0.31, 8.0.3126.42015), X64 RyuJIT x86-64-v4; GC = Concurrent Workstation
Mean = 30.281 us, StdErr = 0.083 us (0.27%), N = 6, StdDev = 0.203 us
Min = 30.042 us, Q1 = 30.105 us, Median = 30.294 us, Q3 = 30.454 us, Max = 30.507 us
IQR = 0.349 us, LowerFence = 29.582 us, UpperFence = 30.978 us
ConfidenceInterval = [29.711 us; 30.851 us] (CI 99.9%), Margin = 0.570 us (1.88% of Mean)
Skewness = -0.07, Kurtosis = 0.95, MValue = 2
-------------------- Histogram --------------------
[29.895 us ; 30.654 us) | @@@@@@
---------------------------------------------------

CodecSuite.Run: campaign(EvaluateOverhead=False, Clock=Armonik.Ffi.Bdn.CpuClock, IterationCount=6, IterationTime=40ms, LaunchCount=1, RunStrategy=Throughput, WarmupCount=4) [Case=incum(...)fault [54]]
Runtime = .NET 8.0.31 (8.0.31, 8.0.3126.42015), X64 RyuJIT x86-64-v4; GC = Concurrent Workstation
Mean = 5.282 us, StdErr = 0.068 us (1.28%), N = 6, StdDev = 0.166 us
Min = 5.134 us, Q1 = 5.151 us, Median = 5.229 us, Q3 = 5.381 us, Max = 5.541 us
IQR = 0.231 us, LowerFence = 4.805 us, UpperFence = 5.727 us
ConfidenceInterval = [4.816 us; 5.747 us] (CI 99.9%), Margin = 0.466 us (8.82% of Mean)
Skewness = 0.48, Kurtosis = 1.3, MValue = 2
-------------------- Histogram --------------------
[5.077 us ; 5.317 us) | @@@@
[5.317 us ; 5.602 us) | @@
---------------------------------------------------

CodecSuite.Run: campaign(EvaluateOverhead=False, Clock=Armonik.Ffi.Bdn.CpuClock, IterationCount=6, IterationTime=40ms, LaunchCount=1, RunStrategy=Throughput, WarmupCount=4) [Case=incum(...)fault [45]]
Runtime = .NET 8.0.31 (8.0.31, 8.0.3126.42015), X64 RyuJIT x86-64-v4; GC = Concurrent Workstation
Mean = 952.568 us, StdErr = 4.518 us (0.47%), N = 5, StdDev = 10.104 us
Min = 941.497 us, Q1 = 943.917 us, Median = 951.897 us, Q3 = 961.652 us, Max = 963.879 us
IQR = 17.735 us, LowerFence = 917.314 us, UpperFence = 988.255 us
ConfidenceInterval = [913.663 us; 991.474 us] (CI 99.9%), Margin = 38.905 us (4.08% of Mean)
Skewness = 0.04, Kurtosis = 0.84, MValue = 2
-------------------- Histogram --------------------
[937.230 us ; 971.634 us) | @@@@@
---------------------------------------------------

CodecSuite.Run: campaign(EvaluateOverhead=False, Clock=Armonik.Ffi.Bdn.CpuClock, IterationCount=6, IterationTime=40ms, LaunchCount=1, RunStrategy=Throughput, WarmupCount=4) [Case=incum(...)fault [94]]
Runtime = .NET 8.0.31 (8.0.31, 8.0.3126.42015), X64 RyuJIT x86-64-v4; GC = Concurrent Workstation
Mean = 11.010 us, StdErr = 0.248 us (2.25%), N = 5, StdDev = 0.554 us
Min = 10.620 us, Q1 = 10.752 us, Median = 10.787 us, Q3 = 10.907 us, Max = 11.983 us
IQR = 0.155 us, LowerFence = 10.520 us, UpperFence = 11.139 us
ConfidenceInterval = [8.878 us; 13.142 us] (CI 99.9%), Margin = 2.132 us (19.36% of Mean)
Skewness = 0.98, Kurtosis = 1.98, MValue = 2
-------------------- Histogram --------------------
[10.339 us ; 11.189 us) | @@@@
[11.189 us ; 11.558 us) | 
[11.558 us ; 12.408 us) | @
---------------------------------------------------

CodecSuite.Run: campaign(EvaluateOverhead=False, Clock=Armonik.Ffi.Bdn.CpuClock, IterationCount=6, IterationTime=40ms, LaunchCount=1, RunStrategy=Throughput, WarmupCount=4) [Case=core-(...)etain [39]]
Runtime = .NET 8.0.31 (8.0.31, 8.0.3126.42015), X64 RyuJIT x86-64-v4; GC = Concurrent Workstation
Mean = 3.991 ms, StdErr = 0.065 ms (1.64%), N = 5, StdDev = 0.146 ms
Min = 3.752 ms, Q1 = 3.949 ms, Median = 4.077 ms, Q3 = 4.083 ms, Max = 4.095 ms
IQR = 0.134 ms, LowerFence = 3.749 ms, UpperFence = 4.283 ms
ConfidenceInterval = [3.428 ms; 4.554 ms] (CI 99.9%), Margin = 0.563 ms (14.10% of Mean)
Skewness = -0.72, Kurtosis = 1.54, MValue = 2
-------------------- Histogram --------------------
[3.640 ms ; 3.864 ms) | @
[3.864 ms ; 4.134 ms) | @@@@
---------------------------------------------------

CodecSuite.Run: campaign(EvaluateOverhead=False, Clock=Armonik.Ffi.Bdn.CpuClock, IterationCount=6, IterationTime=40ms, LaunchCount=1, RunStrategy=Throughput, WarmupCount=4) [Case=incum(...)fault [68]]
Runtime = .NET 8.0.31 (8.0.31, 8.0.3126.42015), X64 RyuJIT x86-64-v4; GC = Concurrent Workstation
Mean = 10.524 us, StdErr = 0.242 us (2.30%), N = 6, StdDev = 0.593 us
Min = 9.751 us, Q1 = 10.028 us, Median = 10.708 us, Q3 = 10.985 us, Max = 11.099 us
IQR = 0.957 us, LowerFence = 8.592 us, UpperFence = 12.421 us
ConfidenceInterval = [8.860 us; 12.188 us] (CI 99.9%), Margin = 1.664 us (15.81% of Mean)
Skewness = -0.35, Kurtosis = 1.04, MValue = 2
-------------------- Histogram --------------------
[ 9.323 us ; 10.222 us) | @@
[10.222 us ; 11.280 us) | @@@@
---------------------------------------------------

CodecSuite.Run: campaign(EvaluateOverhead=False, Clock=Armonik.Ffi.Bdn.CpuClock, IterationCount=6, IterationTime=40ms, LaunchCount=1, RunStrategy=Throughput, WarmupCount=4) [Case=incum(...)fault [57]]
Runtime = .NET 8.0.31 (8.0.31, 8.0.3126.42015), X64 RyuJIT x86-64-v4; GC = Concurrent Workstation
Mean = 3.623 us, StdErr = 0.005 us (0.14%), N = 5, StdDev = 0.011 us
Min = 3.609 us, Q1 = 3.618 us, Median = 3.620 us, Q3 = 3.635 us, Max = 3.635 us
IQR = 0.016 us, LowerFence = 3.594 us, UpperFence = 3.659 us
ConfidenceInterval = [3.580 us; 3.667 us] (CI 99.9%), Margin = 0.043 us (1.19% of Mean)
Skewness = -0.03, Kurtosis = 0.98, MValue = 2
-------------------- Histogram --------------------
[3.600 us ; 3.644 us) | @@@@@
---------------------------------------------------

CodecSuite.Run: campaign(EvaluateOverhead=False, Clock=Armonik.Ffi.Bdn.CpuClock, IterationCount=6, IterationTime=40ms, LaunchCount=1, RunStrategy=Throughput, WarmupCount=4) [Case=incum(...)fault [45]]
Runtime = .NET 8.0.31 (8.0.31, 8.0.3126.42015), X64 RyuJIT x86-64-v4; GC = Concurrent Workstation
Mean = 3.631 ms, StdErr = 0.042 ms (1.16%), N = 5, StdDev = 0.094 ms
Min = 3.540 ms, Q1 = 3.573 ms, Median = 3.611 ms, Q3 = 3.646 ms, Max = 3.783 ms
IQR = 0.073 ms, LowerFence = 3.465 ms, UpperFence = 3.755 ms
ConfidenceInterval = [3.269 ms; 3.993 ms] (CI 99.9%), Margin = 0.362 ms (9.96% of Mean)
Skewness = 0.63, Kurtosis = 1.58, MValue = 2
-------------------- Histogram --------------------
[3.521 ms ; 3.711 ms) | @@@@
[3.711 ms ; 3.855 ms) | @
---------------------------------------------------

CodecSuite.Run: campaign(EvaluateOverhead=False, Clock=Armonik.Ffi.Bdn.CpuClock, IterationCount=6, IterationTime=40ms, LaunchCount=1, RunStrategy=Throughput, WarmupCount=4) [Case=incum(...)fault [45]]
Runtime = .NET 8.0.31 (8.0.31, 8.0.3126.42015), X64 RyuJIT x86-64-v4; GC = Concurrent Workstation
Mean = 6.162 us, StdErr = 0.087 us (1.41%), N = 5, StdDev = 0.194 us
Min = 5.955 us, Q1 = 6.000 us, Median = 6.130 us, Q3 = 6.341 us, Max = 6.384 us
IQR = 0.341 us, LowerFence = 5.489 us, UpperFence = 6.853 us
ConfidenceInterval = [5.413 us; 6.911 us] (CI 99.9%), Margin = 0.749 us (12.15% of Mean)
Skewness = 0.09, Kurtosis = 0.83, MValue = 2
-------------------- Histogram --------------------
[5.893 us ; 6.192 us) | @@@
[6.192 us ; 6.533 us) | @@
---------------------------------------------------

CodecSuite.Run: campaign(EvaluateOverhead=False, Clock=Armonik.Ffi.Bdn.CpuClock, IterationCount=6, IterationTime=40ms, LaunchCount=1, RunStrategy=Throughput, WarmupCount=4) [Case=incum(...)fault [45]]
Runtime = .NET 8.0.31 (8.0.31, 8.0.3126.42015), X64 RyuJIT x86-64-v4; GC = Concurrent Workstation
Mean = 2.235 us, StdErr = 0.004 us (0.19%), N = 5, StdDev = 0.010 us
Min = 2.223 us, Q1 = 2.227 us, Median = 2.238 us, Q3 = 2.238 us, Max = 2.247 us
IQR = 0.011 us, LowerFence = 2.211 us, UpperFence = 2.254 us
ConfidenceInterval = [2.197 us; 2.272 us] (CI 99.9%), Margin = 0.037 us (1.67% of Mean)
Skewness = -0.01, Kurtosis = 1.08, MValue = 2
-------------------- Histogram --------------------
[2.215 us ; 2.255 us) | @@@@@
---------------------------------------------------

CodecSuite.Run: campaign(EvaluateOverhead=False, Clock=Armonik.Ffi.Bdn.CpuClock, IterationCount=6, IterationTime=40ms, LaunchCount=1, RunStrategy=Throughput, WarmupCount=4) [Case=core-(...)etain [47]]
Runtime = .NET 8.0.31 (8.0.31, 8.0.3126.42015), X64 RyuJIT x86-64-v4; GC = Concurrent Workstation
Mean = 40.084 us, StdErr = 0.109 us (0.27%), N = 5, StdDev = 0.244 us
Min = 39.870 us, Q1 = 39.964 us, Median = 39.991 us, Q3 = 40.098 us, Max = 40.496 us
IQR = 0.134 us, LowerFence = 39.763 us, UpperFence = 40.299 us
ConfidenceInterval = [39.143 us; 41.025 us] (CI 99.9%), Margin = 0.941 us (2.35% of Mean)
Skewness = 0.79, Kurtosis = 1.75, MValue = 2
-------------------- Histogram --------------------
[39.683 us ; 40.684 us) | @@@@@
---------------------------------------------------

// * Summary *

BenchmarkDotNet v0.15.8, Linux Ubuntu 24.04.4 LTS (Noble Numbat)
Intel Xeon Processor 2.80GHz, 1 CPU, 4 logical and 4 physical cores
.NET SDK 8.0.131
  [Host]   : .NET 8.0.31 (8.0.31, 8.0.3126.42015), X64 RyuJIT x86-64-v4
  campaign : .NET 8.0.31 (8.0.31, 8.0.3126.42015), X64 RyuJIT x86-64-v4

Job=campaign  EvaluateOverhead=False  Clock=Armonik.Ffi.Bdn.CpuClock  
IterationCount=6  IterationTime=40ms  LaunchCount=1  
RunStrategy=Throughput  WarmupCount=4  

| Method | Case                 | Mean           | Error           | StdDev        | Gen0     | Gen1    | Gen2    | Allocated |
|------- |--------------------- |---------------:|----------------:|--------------:|---------:|--------:|--------:|----------:|
| Run    | host-(...)etain [47] |     3,404.3 ns |       169.76 ns |      60.54 ns |        - |       - |       - |         - |
| Run    | incum(...)fault [54] |     5,019.8 ns |       121.80 ns |      43.44 ns |        - |       - |       - |         - |
| Run    | incum(...)fault [54] |   277,730.9 ns |    52,813.50 ns |  18,833.80 ns |        - |       - |       - |         - |
| Run    | core-(...)etain [38] |     5,575.6 ns |       129.68 ns |      46.24 ns |   3.7308 |  0.6909 |       - |   65832 B |
| Run    | host-(...)etain [47] |   923,649.1 ns |   154,350.38 ns |  40,084.30 ns |        - |       - |       - |         - |
| Run    | host-(...)etain [50] |     1,783.4 ns |       254.50 ns |      90.76 ns |   0.0439 |       - |       - |    1384 B |
| Run    | host-(...)etain [38] |     1,435.2 ns |       175.15 ns |      45.49 ns |   0.0347 |       - |       - |     712 B |
| Run    | core-(...)etain [47] |   921,547.2 ns |   170,636.56 ns |  44,313.77 ns |        - |       - |       - |         - |
| Run    | host-(...)etain [47] |    18,541.1 ns |     2,094.99 ns |     747.09 ns |        - |       - |       - |         - |
| Run    | incum(...)fault [54] |     2,206.6 ns |       296.79 ns |     105.84 ns |        - |       - |       - |         - |
| Run    | host-(...)etain [38] |   608,091.0 ns |     3,679.42 ns |     955.53 ns |  20.4082 |       - |       - |  363760 B |
| Run    | core-(...)etain [37] | 4,415,655.7 ns |   160,640.59 ns |  57,285.98 ns | 111.1111 |       - |       - | 2180584 B |
| Run    | host-(...)etain [47] |     4,648.2 ns |        20.20 ns |       7.20 ns |        - |       - |       - |     128 B |
| Run    | core-(...)etain [75] |       593.2 ns |       144.42 ns |      51.50 ns |        - |       - |       - |         - |
| Run    | incum(...)fault [45] |       626.9 ns |        22.45 ns |       5.83 ns |   0.0164 |       - |       - |     368 B |
| Run    | host-(...)etain [52] |     6,236.8 ns |       102.84 ns |      36.67 ns |   0.1569 |       - |       - |    4192 B |
| Run    | core-(...)etain [38] |     6,040.8 ns |     1,275.33 ns |     454.80 ns |   0.1466 |       - |       - |    4544 B |
| Run    | host-(...)etain [78] |     5,948.7 ns |       126.88 ns |      32.95 ns |   0.1483 |       - |       - |    3720 B |
| Run    | incum(...)fault [45] | 6,007,400.9 ns | 1,828,913.69 ns | 652,208.24 ns |        - |       - |       - | 2344528 B |
| Run    | incum(...)fault [45] |     6,371.5 ns |       319.71 ns |      83.03 ns |   0.1586 |       - |       - |    2888 B |
| Run    | host-(...)etain [37] | 6,108,432.5 ns |   921,582.85 ns | 328,645.32 ns |        - |       - |       - | 2180584 B |
| Run    | incum(...)fault [45] |   184,753.4 ns |    13,573.38 ns |   3,524.96 ns |   4.6512 |       - |       - |   87976 B |
| Run    | incum(...)fault [54] | 3,047,277.2 ns |    34,227.17 ns |   8,888.69 ns |        - |       - |       - |         - |
| Run    | core-(...)etain [87] |     2,223.0 ns |        39.86 ns |      10.35 ns |        - |       - |       - |         - |
| Run    | core-(...)etain [47] |   153,657.6 ns |    31,404.28 ns |   8,155.59 ns |        - |       - |       - |         - |
| Run    | host-(...)etain [66] |     1,059.3 ns |       173.57 ns |      61.90 ns |   0.0247 |       - |       - |     568 B |
| Run    | host-(...)etain [39] | 4,599,792.5 ns |   898,641.12 ns | 320,464.08 ns |        - |       - |       - | 2180632 B |
| Run    | host-(...)etain [38] |     6,416.8 ns |       222.24 ns |      57.72 ns |   0.1622 |       - |       - |    4544 B |
| Run    | incum(...)fault [45] |     9,943.9 ns |       399.37 ns |     142.42 ns |   0.2545 |       - |       - |    4904 B |
| Run    | incum(...)fault [46] | 6,126,062.5 ns |   649,613.49 ns | 231,658.43 ns |        - |       - |       - | 2344528 B |
| Run    | core-(...)etain [88] |       346.2 ns |        65.98 ns |      23.53 ns |        - |       - |       - |         - |
| Run    | incum(...)fault [86] |       895.3 ns |       171.52 ns |      44.54 ns |   0.0234 |       - |       - |     728 B |
| Run    | incum(...)fault [44] | 7,054,135.6 ns |   311,827.65 ns |  80,980.65 ns |        - |       - |       - | 2344528 B |
| Run    | incum(...)fault [45] | 2,313,123.7 ns |   302,333.32 ns |  78,515.00 ns |        - |       - |       - |  356240 B |
| Run    | host-(...)etain [38] | 1,107,357.5 ns |   326,210.78 ns |  84,715.90 ns |  32.2581 |       - |       - |  665984 B |
| Run    | core-(...)etain [47] |    24,081.3 ns |       233.55 ns |      83.29 ns |        - |       - |       - |         - |
| Run    | host-(...)etain [38] |     5,245.0 ns |       239.96 ns |      85.57 ns |   3.7839 |  0.6524 |       - |   65832 B |
| Run    | incum(...)fault [53] | 7,095,818.7 ns | 2,638,183.62 ns | 685,127.91 ns |        - |       - |       - |   28000 B |
| Run    | incum(...)fault [92] |    31,367.9 ns |     1,764.60 ns |     458.26 ns |        - |       - |       - |     113 B |
| Run    | core-(...)etain [76] |     8,316.7 ns |       776.98 ns |     277.08 ns |   0.2048 |       - |       - |    4776 B |
| Run    | incum(...)fault [54] | 1,115,286.3 ns |   157,534.78 ns |  56,178.42 ns |        - |       - |       - |   11200 B |
| Run    | host-(...)etain [47] | 1,719,110.7 ns |   349,471.03 ns | 124,624.74 ns |        - |       - |       - |   16000 B |
| Run    | host-(...)etain [75] |     1,167.6 ns |        30.29 ns |      10.80 ns |        - |       - |       - |         - |
| Run    | host-(...)etain [46] | 3,127,602.3 ns |   392,800.37 ns | 102,009.01 ns |        - |       - |       - |   64000 B |
| Run    | host-(...)etain [38] | 2,882,799.5 ns |   496,130.08 ns | 176,924.77 ns |  83.3333 |       - |       - | 2101160 B |
| Run    | incum(...)fault [54] |    47,775.4 ns |     8,132.04 ns |   2,899.97 ns |        - |       - |       - |         - |
| Run    | host-(...)etain [47] | 2,221,852.6 ns |   512,270.54 ns | 133,035.03 ns |        - |       - |       - |   10240 B |
| Run    | core-(...)etain [47] |       297.6 ns |         3.97 ns |       1.42 ns |        - |       - |       - |         - |
| Run    | incum(...)fault [66] |     4,299.1 ns |       193.31 ns |      68.94 ns |        - |       - |       - |     168 B |
| Run    | core-(...)etain [38] |   632,282.2 ns |   213,872.54 ns |  76,269.01 ns |  32.2581 | 16.1290 |       - |  665984 B |
| Run    | incum(...)fault [54] |   106,901.6 ns |       701.68 ns |     182.22 ns |        - |       - |       - |         - |
| Run    | incum(...)fault [45] |   906,683.9 ns |    49,745.68 ns |  12,918.80 ns |        - |       - |       - |  403704 B |
| Run    | core-(...)etain [38] |   958,907.5 ns |    89,568.65 ns |  23,260.69 ns |  52.6316 | 52.6316 | 52.6316 | 4194618 B |
| Run    | host-(...)etain [38] |       328.7 ns |        23.97 ns |       8.55 ns |   0.0175 |       - |       - |     336 B |
| Run    | core-(...)etain [66] |     1,470.5 ns |        10.77 ns |       2.80 ns |        - |       - |       - |     568 B |
| Run    | host-(...)etain [61] |     4,415.2 ns |        49.78 ns |      17.75 ns |        - |       - |       - |     128 B |
| Run    | incum(...)fault [45] |    69,535.2 ns |    12,994.94 ns |   4,634.12 ns |   1.5625 |       - |       - |   39568 B |
| Run    | host-(...)etain [38] |    90,103.2 ns |    20,263.36 ns |   5,262.33 ns |   2.3585 |       - |       - |   53880 B |
| Run    | host-(...)etain [47] |   449,541.9 ns |    12,166.49 ns |   4,338.69 ns |        - |       - |       - |   25600 B |
| Run    | incum(...)fault [85] |     9,380.5 ns |       173.16 ns |      61.75 ns |   0.2387 |       - |       - |    4504 B |
| Run    | incum(...)fault [45] | 4,438,950.2 ns |    74,493.61 ns |  19,345.75 ns | 142.8571 |       - |       - | 3287832 B |
| Run    | core-(...)etain [53] |     1,187.0 ns |        21.44 ns |       5.57 ns |        - |       - |       - |     400 B |
| Run    | core-(...)etain [38] |     2,854.6 ns |       132.36 ns |      47.20 ns |   0.1393 |       - |       - |    2728 B |
| Run    | host-(...)etain [47] |   640,465.3 ns |    27,387.59 ns |   9,766.68 ns |        - |       - |       - |         - |
| Run    | core-(...)etain [47] |     2,590.7 ns |       190.51 ns |      67.94 ns |        - |       - |       - |         - |
| Run    | core-(...)etain [79] |     1,132.8 ns |       409.36 ns |     145.98 ns |        - |       - |       - |     344 B |
| Run    | incum(...)fault [82] |     1,878.4 ns |       299.56 ns |      77.79 ns |        - |       - |       - |     112 B |
| Run    | incum(...)fault [54] |   175,436.4 ns |    10,336.25 ns |   2,684.29 ns |        - |       - |       - |    1120 B |
| Run    | host-(...)etain [38] |     4,144.0 ns |       269.05 ns |      95.95 ns |   0.1042 |       - |       - |    2728 B |
| Run    | incum(...)fault [54] |       588.6 ns |        12.24 ns |       3.18 ns |        - |       - |       - |         - |
| Run    | host-(...)etain [59] |     1,280.2 ns |       137.56 ns |      49.06 ns |        - |       - |       - |         - |
| Run    | core-(...)etain [38] |    49,893.7 ns |     2,019.25 ns |     524.39 ns |   2.4301 |       - |       - |   53880 B |
| Run    | incum(...)fault [83] |    24,502.1 ns |     3,746.26 ns |   1,335.95 ns |        - |       - |       - |    4072 B |
| Run    | host-(...)etain [48] | 2,771,661.0 ns |   160,482.09 ns |  41,676.69 ns |        - |       - |       - |   64000 B |
| Run    | core-(...)etain [47] |    28,196.4 ns |     3,548.77 ns |   1,265.53 ns |        - |       - |       - |         - |
| Run    | core-(...)etain [47] |     1,429.6 ns |        59.73 ns |      15.51 ns |        - |       - |       - |         - |
| Run    | host-(...)etain [62] |       871.3 ns |        60.06 ns |      21.42 ns |        - |       - |       - |         - |
| Run    | core-(...)etain [47] |   334,340.7 ns |    19,774.03 ns |   7,051.61 ns |        - |       - |       - |         - |
| Run    | core-(...)etain [59] |       648.6 ns |       189.90 ns |      67.72 ns |        - |       - |       - |         - |
| Run    | host-(...)etain [47] |    60,752.0 ns |    11,359.77 ns |   2,950.10 ns |        - |       - |       - |         - |
| Run    | host-(...)etain [47] |   134,544.0 ns |     2,010.32 ns |     522.07 ns |        - |       - |       - |         - |
| Run    | host-(...)etain [79] |       374.1 ns |        13.83 ns |       3.59 ns |   0.0187 |       - |       - |     344 B |
| Run    | incum(...)fault [54] |     9,789.5 ns |     1,176.46 ns |     419.54 ns |        - |       - |       - |      56 B |
| Run    | core-(...)etain [50] |     1,990.1 ns |       518.17 ns |     184.78 ns |   0.0456 |       - |       - |     904 B |
| Run    | core-(...)etain [48] | 1,479,035.8 ns |    78,672.67 ns |  28,055.43 ns |        - |       - |       - |         - |
| Run    | core-(...)etain [38] |    93,394.3 ns |     8,034.08 ns |   2,086.43 ns |   2.4155 |       - |       - |   81472 B |
| Run    | incum(...)fault [69] |     1,769.8 ns |       359.43 ns |     128.18 ns |        - |       - |       - |     168 B |
| Run    | incum(...)fault [45] | 1,543,456.9 ns |   105,775.02 ns |  37,720.39 ns |        - |       - |       - |  697943 B |
| Run    | core-(...)etain [47] | 1,235,909.2 ns |    62,781.59 ns |  22,388.52 ns |        - |       - |       - |         - |
| Run    | core-(...)etain [78] |     5,159.9 ns |       153.00 ns |      39.73 ns |   0.1297 |       - |       - |    3720 B |
| Run    | host-(...)etain [47] | 2,551,907.9 ns |    50,275.09 ns |  13,056.28 ns |        - |       - |       - |   64000 B |
| Run    | host-(...)etain [47] |   805,583.7 ns |    36,336.77 ns |   9,436.54 ns |        - |       - |       - |         - |
| Run    | host-(...)etain [38] | 1,480,454.3 ns |    74,192.53 ns |  19,267.56 ns |        - |       - |       - |  466696 B |
| Run    | host-(...)etain [47] |    79,919.9 ns |     4,140.50 ns |   1,075.27 ns |        - |       - |       - |    2560 B |
| Run    | host-(...)etain [38] | 4,318,052.5 ns |   688,500.55 ns | 178,801.41 ns | 125.0000 |       - |       - | 2180584 B |
| Run    | core-(...)etain [38] |   292,056.9 ns |    29,978.80 ns |  10,690.73 ns |  44.4444 | 44.4444 | 44.4444 | 1049028 B |
| Run    | core-(...)etain [62] |       388.2 ns |        40.10 ns |      10.41 ns |        - |       - |       - |         - |
| Run    | host-(...)etain [85] |    10,382.5 ns |     5,296.40 ns |   1,888.75 ns |        - |       - |       - |         - |
| Run    | host-(...)etain [87] |     4,612.6 ns |       206.38 ns |      53.60 ns |        - |       - |       - |     256 B |
| Run    | core-(...)etain [38] |   534,500.0 ns |   146,249.00 ns |  37,980.40 ns |  14.9254 |       - |       - |  363760 B |
| Run    | core-(...)etain [47] |   557,830.3 ns |     4,286.32 ns |   1,528.54 ns |        - |       - |       - |         - |
| Run    | core-(...)etain [47] |     3,498.5 ns |        73.04 ns |      18.97 ns |        - |       - |       - |         - |
| Run    | core-(...)etain [38] | 2,927,513.3 ns |   671,648.93 ns | 239,516.48 ns | 153.8462 | 76.9231 |       - | 3275728 B |
| Run    | core-(...)etain [38] |     1,293.1 ns |        53.13 ns |      13.80 ns |   0.0324 |       - |       - |     712 B |
| Run    | host-(...)etain [38] |   120,252.6 ns |     1,515.68 ns |     540.51 ns |   3.0864 |       - |       - |   81472 B |
| Run    | host-(...)etain [53] |       751.9 ns |        96.24 ns |      24.99 ns |   0.0171 |       - |       - |     440 B |
| Run    | core-(...)etain [47] | 2,005,920.8 ns |   336,498.52 ns | 119,998.62 ns |        - |       - |       - |      32 B |
| Run    | host-(...)etain [38] | 3,448,458.7 ns |   394,521.59 ns | 102,456.01 ns | 125.0000 |       - |       - | 3275728 B |
| Run    | incum(...)fault [45] |   268,694.8 ns |    87,933.86 ns |  31,358.06 ns |  48.4848 | 48.4848 | 48.4848 | 1049109 B |
| Run    | incum(...)fault [73] |     2,101.7 ns |       441.54 ns |     157.46 ns |   0.0557 |       - |       - |     984 B |
| Run    | core-(...)etain [38] |       682.2 ns |        45.82 ns |      16.34 ns |   0.0169 |       - |       - |     336 B |
| Run    | host-(...)etain [76] |    15,231.4 ns |     3,043.64 ns |     790.42 ns |        - |       - |       - |    4776 B |
| Run    | incum(...)fault [59] |     9,980.1 ns |       425.51 ns |     110.50 ns |   0.2568 |       - |       - |    5000 B |
| Run    | host-(...)etain [47] |     4,126.7 ns |       385.73 ns |     100.17 ns |        - |       - |       - |         - |
| Run    | incum(...)fault [55] | 6,219,073.0 ns |   304,219.44 ns |  79,004.82 ns |        - |       - |       - |   28000 B |
| Run    | core-(...)etain [38] | 3,061,222.4 ns |   265,555.89 ns |  68,964.02 ns |  83.3333 |       - |       - | 2180584 B |
| Run    | host-(...)etain [38] |   897,235.6 ns |    86,449.60 ns |  22,450.69 ns |        - |       - |       - | 4194600 B |
| Run    | incum(...)fault [54] |    61,454.6 ns |     4,384.31 ns |   1,563.49 ns |        - |       - |       - |         - |
| Run    | core-(...)etain [38] |   692,840.1 ns |    28,235.19 ns |  10,068.94 ns |  17.2414 |       - |       - |  466696 B |
| Run    | host-(...)etain [38] |   278,277.3 ns |    57,766.95 ns |  20,600.25 ns |  45.4545 | 45.4545 | 45.4545 | 1048992 B |
| Run    | incum(...)fault [54] | 1,412,165.4 ns |    96,759.97 ns |  25,128.26 ns |        - |       - |       - |         - |
| Run    | core-(...)etain [47] |   144,644.0 ns |     4,804.69 ns |   1,713.40 ns |        - |       - |       - |         - |
| Run    | incum(...)fault [45] |   118,328.5 ns |    12,482.28 ns |   3,241.61 ns |        - |       - |       - |   49664 B |
| Run    | core-(...)etain [38] |    35,188.1 ns |     3,428.61 ns |   1,222.68 ns |   1.7036 |       - |       - |   39624 B |
| Run    | incum(...)fault [54] | 3,550,429.5 ns |   214,151.48 ns |  55,614.46 ns |        - |       - |       - |    7000 B |
| Run    | incum(...)fault [54] | 4,364,056.0 ns |    41,326.56 ns |  10,732.38 ns |        - |       - |       - |    4480 B |
| Run    | host-(...)etain [88] |       766.2 ns |        22.86 ns |       5.94 ns |        - |       - |       - |         - |
| Run    | core-(...)etain [52] |     5,846.0 ns |       625.59 ns |     223.09 ns |   0.1492 |       - |       - |    4152 B |
| Run    | incum(...)fault [95] |     1,043.6 ns |        18.82 ns |       4.89 ns |        - |       - |       - |     112 B |
| Run    | core-(...)etain [85] |     4,525.3 ns |     1,051.66 ns |     375.03 ns |        - |       - |       - |         - |
| Run    | host-(...)etain [47] |       745.0 ns |        43.88 ns |      15.65 ns |        - |       - |       - |         - |
| Run    | core-(...)etain [38] | 2,210,584.2 ns |   695,069.61 ns | 180,507.37 ns | 111.1111 | 55.5556 |       - | 2101160 B |
| Run    | incum(...)fault [60] |     1,472.4 ns |       227.65 ns |      59.12 ns |   0.0360 |       - |       - |     904 B |
| Run    | incum(...)fault [54] | 5,338,856.4 ns |   176,502.03 ns |  45,837.02 ns |        - |       - |       - |   28000 B |
| Run    | core-(...)etain [47] |   207,515.4 ns |    46,141.86 ns |  11,982.89 ns |        - |       - |       - |         - |
| Run    | core-(...)etain [61] |     2,364.4 ns |        87.37 ns |      22.69 ns |        - |       - |       - |         - |
| Run    | host-(...)etain [47] |     3,957.3 ns |       609.05 ns |     217.19 ns |        - |       - |       - |         - |
| Run    | core-(...)etain [46] | 1,937,324.6 ns |   500,288.47 ns | 129,923.33 ns |        - |       - |       - |         - |
| Run    | host-(...)etain [38] |    30,281.2 ns |       569.96 ns |     203.25 ns |   2.2321 |       - |       - |   39624 B |
| Run    | incum(...)fault [54] |     5,281.7 ns |       465.67 ns |     166.06 ns |        - |       - |       - |         - |
| Run    | incum(...)fault [45] |   952,568.4 ns |    38,905.16 ns |  10,103.55 ns |  50.0000 | 50.0000 | 50.0000 | 4194649 B |
| Run    | incum(...)fault [94] |    11,009.9 ns |     2,131.64 ns |     553.58 ns |        - |       - |       - |     224 B |
| Run    | core-(...)etain [39] | 3,990,958.3 ns |   562,866.85 ns | 146,174.73 ns | 111.1111 |       - |       - | 2180584 B |
| Run    | incum(...)fault [68] |    10,524.1 ns |     1,663.64 ns |     593.27 ns |        - |       - |       - |     280 B |
| Run    | incum(...)fault [57] |     3,623.4 ns |        43.16 ns |      11.21 ns |   0.0918 |       - |       - |    2688 B |
| Run    | incum(...)fault [45] | 3,630,742.9 ns |   361,768.56 ns |  93,950.15 ns | 100.0000 |       - |       - | 2098104 B |
| Run    | incum(...)fault [45] |     6,162.0 ns |       748.84 ns |     194.47 ns |   3.7923 |  0.6595 |       - |   65864 B |
| Run    | incum(...)fault [45] |     2,234.5 ns |        37.42 ns |       9.72 ns |        - |       - |       - |     776 B |
| Run    | core-(...)etain [47] |    40,083.9 ns |       940.79 ns |     244.32 ns |        - |       - |       - |         - |

// * Legends *
  Case      : Value of the 'Case' parameter
  Mean      : Arithmetic mean of all measurements
  Error     : Half of 99.9% confidence interval
  StdDev    : Standard deviation of all measurements
  Gen0      : GC Generation 0 collects per 1000 operations
  Gen1      : GC Generation 1 collects per 1000 operations
  Gen2      : GC Generation 2 collects per 1000 operations
  Allocated : Allocated memory per single operation (managed only, inclusive, 1KB = 1024B)
  1 ns      : 1 Nanosecond (0.000000001 sec)

// * Diagnostic Output - AkProcessCpu *

// * Diagnostic Output - MemoryDiagnoser *


// ***** BenchmarkRunner: End *****
Global total time: 00:03:09 (189.44 sec), executed benchmarks: 149
// * Artifacts cleanup *
Artifacts cleanup is finished
