# SMOKE RUN in a container: EVERY FIGURE IN THIS LOG IS INSTRUMENTATION, NOT A RESULT (README 1.1)
# engine:         BenchmarkDotNet 0.15.8.0 (CAMPAIGN.md 22a), toolchain InProcessEmit (this process, pinned by the runner)
# runtime:        .NET 8.0.31; TieredCompilation=default TieredPGO=default (net8.0 defaults unless set); GC server=False, concurrent (default)
# incumbent:      Google.Protobuf 3.32.0
# build:          no-unknown (WP5 step 10; the loaded core checked to be the same variant by its u-family exports)
# managed codec:  plan utf8=reject unknown=drop
# job:            launch 1; 1 actual iterations (rounds) per case, 1 warm-up iterations (the same for every case) after BDN's jitting stage (1 overhead + 1 workload jitting invocation per case, logged by BDN in the .bdn.log, not exported) and pilot, iteration time 2 ms (the pilot picks the invocation count per case), strategy Throughput, EvaluateOverhead=false (no overhead subtraction anywhere)
# clocks:         per iteration (every row with round >= 1): wall (Stopwatch) AND process CPU (CLOCK_PROCESS_CPUTIME_ID of this process: every thread, GC and JIT included; CAMPAIGN req 21 as amended, R-H25), both read by the job's clock (CpuClock, Job.WithClock) at the start and end of the same iteration window, exported RAW (no outlier removal, no overhead subtraction); BDN's forced GCs between iterations are outside the window; the round-0 row of each case is a summary of the whole actual stage (span_cpu_ns, span_wall_ns), not a sample
# threads:        thread pool min 1 worker / 1 IO, max 32767 worker / 1000 IO, 0 pool thread(s) now; 1 logical CPUs visible; the codec suite creates no core runtime (no RPC call is made); the timed loop runs on BDN's one thread
# encode:         CAMPAIGN req 11 (R-H29): dir encode = pool input + reused buffer; encode-hot = one graph + reused buffer; encode-transport = pool + the Grpc.Net form; encode-transport-hot = one graph + the Grpc.Net form. Reused buffer: incumbent-prod CalculateSize + WriteTo(IBufferWriter) and incumbent-best WriteTo(IBufferWriter) into one BufWriter, host-gen into its one Enc, core-ffi into the core's encode buffer (ak_encode_*/ak_uencode_*; that buffer is also what cell C hands the core's transport, and host-gen's Enc what cell E hands it, so their transport forms on the core's transport ARE the buffer rows). Grpc.Net form (cells A, F, D): the serializer the RPC grid's marshaller runs (RootOps.SerInc/SerHost/SerFfi), into a frame like Grpc.Net.Client 2.71's GrpcCallSerializationContext: one ArrayPool array, the 5-byte gRPC header, the body, the array returned after (GrpcFrame.cs); incumbent-best has no gRPC path and no transport row. Pool: distinct graphs built in the case's setup whose RETAINED heap is >= 65536 bytes (2 x AK_LLC_BYTES, default 13.75 MB; AK_POOL_BYTES overrides; per row pool_graphs and pool_bytes), round robin one graph per call; a hot input is a pool of one (the same Next() per call); graph construction is never in the timed window
# U-* rows:       CAMPAIGN req 7 (R-H27): the 92 accepted, non-disputed U-* rows at the shapes core's 7 ABI roots, through this timed shapes core: encode-hot (a graph the arm decoded from the row, untimed; retain arms re-emit the unknown fields, drop arms the dropped form), decode, decode-read, and decode-reencode (a labelled extra; no incumbent-best row)
# content sets:   CAMPAIGN req 7 (R-H26): ascii, latin1 and wide on P1.2, P2.2, P2.4; ascii only elsewhere
# order:          seeded shuffles (below); ratios, where the aggregation forms them, come from per-launch medians (CAMPAIGN req 30): every unit is its own process
# process unit:   core-ffi:no-unknown; this launch's unit order: host-gen:no-unknown, core-ffi:no-unknown, incumbent-prod:default, core-ffi-pull:no-unknown, incumbent-best:default (a seeded shuffle, seed 7919; within this process the cases run in a seeded shuffle too, seed 104729, the 2 prime cases first; requirement 22 as amended, R-H23)
# pre-warm:       9 round(s) of 64 calls to every case of this process, 0.5 s apart, before BDN starts; the last round compiled 0 method(s) of measured code (JIT events read back)
# correctness:    1036 pre-timing checks passed (byte identity of every encode arm per payload and content set; every arm accepts every unknown row; on every unknown row core-ffi no-unknown and host-gen no-unknown re-encode to the same DROPPED form)
# cases:          156 exported, after 2 prime case(s) run first and not exported (copies of the first cases, content "prime")
// Validating benchmarks:
//    * Assembly BenchDotNet, Version=1.0.0.0, Culture=neutral, PublicKeyToken=null is located in temp. If you are running benchmarks from xUnit you need to disable shadow copy. It's not supported by design.

// ***** BenchmarkRunner: Start   *****
// ***** Found 158 benchmark(s) in total *****
// ***** Building 1 exe(s) in Parallel: Start   *****
// ***** Done, took 00:00:00 (0.35 sec)   *****
// Found 158 benchmarks:
//   CodecSuite.Run: campaign(EvaluateOverhead=False, Clock=Armonik.Ffi.Bdn.CpuClock, Toolchain=InProcessEmitToolchain, IterationCount=1, IterationTime=2ms, LaunchCount=1, RunStrategy=Throughput, WarmupCount=1) [Case=core-(...)known [41]]
//   CodecSuite.Run: campaign(EvaluateOverhead=False, Clock=Armonik.Ffi.Bdn.CpuClock, Toolchain=InProcessEmitToolchain, IterationCount=1, IterationTime=2ms, LaunchCount=1, RunStrategy=Throughput, WarmupCount=1) [Case=core-(...)known [37]]
//   CodecSuite.Run: campaign(EvaluateOverhead=False, Clock=Armonik.Ffi.Bdn.CpuClock, Toolchain=InProcessEmitToolchain, IterationCount=1, IterationTime=2ms, LaunchCount=1, RunStrategy=Throughput, WarmupCount=1) [Case=core-(...)known [51]]
//   CodecSuite.Run: campaign(EvaluateOverhead=False, Clock=Armonik.Ffi.Bdn.CpuClock, Toolchain=InProcessEmitToolchain, IterationCount=1, IterationTime=2ms, LaunchCount=1, RunStrategy=Throughput, WarmupCount=1) [Case=core-(...)known [36]]
//   CodecSuite.Run: campaign(EvaluateOverhead=False, Clock=Armonik.Ffi.Bdn.CpuClock, Toolchain=InProcessEmitToolchain, IterationCount=1, IterationTime=2ms, LaunchCount=1, RunStrategy=Throughput, WarmupCount=1) [Case=core-(...)known [60]]
//   CodecSuite.Run: campaign(EvaluateOverhead=False, Clock=Armonik.Ffi.Bdn.CpuClock, Toolchain=InProcessEmitToolchain, IterationCount=1, IterationTime=2ms, LaunchCount=1, RunStrategy=Throughput, WarmupCount=1) [Case=core-(...)known [47]]
//   CodecSuite.Run: campaign(EvaluateOverhead=False, Clock=Armonik.Ffi.Bdn.CpuClock, Toolchain=InProcessEmitToolchain, IterationCount=1, IterationTime=2ms, LaunchCount=1, RunStrategy=Throughput, WarmupCount=1) [Case=core-(...)known [51]]
//   CodecSuite.Run: campaign(EvaluateOverhead=False, Clock=Armonik.Ffi.Bdn.CpuClock, Toolchain=InProcessEmitToolchain, IterationCount=1, IterationTime=2ms, LaunchCount=1, RunStrategy=Throughput, WarmupCount=1) [Case=core-(...)known [37]]
//   CodecSuite.Run: campaign(EvaluateOverhead=False, Clock=Armonik.Ffi.Bdn.CpuClock, Toolchain=InProcessEmitToolchain, IterationCount=1, IterationTime=2ms, LaunchCount=1, RunStrategy=Throughput, WarmupCount=1) [Case=core-(...)known [57]]
//   CodecSuite.Run: campaign(EvaluateOverhead=False, Clock=Armonik.Ffi.Bdn.CpuClock, Toolchain=InProcessEmitToolchain, IterationCount=1, IterationTime=2ms, LaunchCount=1, RunStrategy=Throughput, WarmupCount=1) [Case=core-(...)known [42]]
//   CodecSuite.Run: campaign(EvaluateOverhead=False, Clock=Armonik.Ffi.Bdn.CpuClock, Toolchain=InProcessEmitToolchain, IterationCount=1, IterationTime=2ms, LaunchCount=1, RunStrategy=Throughput, WarmupCount=1) [Case=core-(...)known [51]]
//   CodecSuite.Run: campaign(EvaluateOverhead=False, Clock=Armonik.Ffi.Bdn.CpuClock, Toolchain=InProcessEmitToolchain, IterationCount=1, IterationTime=2ms, LaunchCount=1, RunStrategy=Throughput, WarmupCount=1) [Case=core-(...)known [37]]
//   CodecSuite.Run: campaign(EvaluateOverhead=False, Clock=Armonik.Ffi.Bdn.CpuClock, Toolchain=InProcessEmitToolchain, IterationCount=1, IterationTime=2ms, LaunchCount=1, RunStrategy=Throughput, WarmupCount=1) [Case=core-(...)known [42]]
//   CodecSuite.Run: campaign(EvaluateOverhead=False, Clock=Armonik.Ffi.Bdn.CpuClock, Toolchain=InProcessEmitToolchain, IterationCount=1, IterationTime=2ms, LaunchCount=1, RunStrategy=Throughput, WarmupCount=1) [Case=core-(...)known [41]]
//   CodecSuite.Run: campaign(EvaluateOverhead=False, Clock=Armonik.Ffi.Bdn.CpuClock, Toolchain=InProcessEmitToolchain, IterationCount=1, IterationTime=2ms, LaunchCount=1, RunStrategy=Throughput, WarmupCount=1) [Case=core-(...)known [47]]
//   CodecSuite.Run: campaign(EvaluateOverhead=False, Clock=Armonik.Ffi.Bdn.CpuClock, Toolchain=InProcessEmitToolchain, IterationCount=1, IterationTime=2ms, LaunchCount=1, RunStrategy=Throughput, WarmupCount=1) [Case=core-(...)known [41]]
//   CodecSuite.Run: campaign(EvaluateOverhead=False, Clock=Armonik.Ffi.Bdn.CpuClock, Toolchain=InProcessEmitToolchain, IterationCount=1, IterationTime=2ms, LaunchCount=1, RunStrategy=Throughput, WarmupCount=1) [Case=core-(...)known [40]]
//   CodecSuite.Run: campaign(EvaluateOverhead=False, Clock=Armonik.Ffi.Bdn.CpuClock, Toolchain=InProcessEmitToolchain, IterationCount=1, IterationTime=2ms, LaunchCount=1, RunStrategy=Throughput, WarmupCount=1) [Case=core-(...)known [41]]
//   CodecSuite.Run: campaign(EvaluateOverhead=False, Clock=Armonik.Ffi.Bdn.CpuClock, Toolchain=InProcessEmitToolchain, IterationCount=1, IterationTime=2ms, LaunchCount=1, RunStrategy=Throughput, WarmupCount=1) [Case=core-(...)known [52]]
//   CodecSuite.Run: campaign(EvaluateOverhead=False, Clock=Armonik.Ffi.Bdn.CpuClock, Toolchain=InProcessEmitToolchain, IterationCount=1, IterationTime=2ms, LaunchCount=1, RunStrategy=Throughput, WarmupCount=1) [Case=core-(...)known [41]]
//   CodecSuite.Run: campaign(EvaluateOverhead=False, Clock=Armonik.Ffi.Bdn.CpuClock, Toolchain=InProcessEmitToolchain, IterationCount=1, IterationTime=2ms, LaunchCount=1, RunStrategy=Throughput, WarmupCount=1) [Case=core-(...)known [43]]
//   CodecSuite.Run: campaign(EvaluateOverhead=False, Clock=Armonik.Ffi.Bdn.CpuClock, Toolchain=InProcessEmitToolchain, IterationCount=1, IterationTime=2ms, LaunchCount=1, RunStrategy=Throughput, WarmupCount=1) [Case=core-(...)known [41]]
//   CodecSuite.Run: campaign(EvaluateOverhead=False, Clock=Armonik.Ffi.Bdn.CpuClock, Toolchain=InProcessEmitToolchain, IterationCount=1, IterationTime=2ms, LaunchCount=1, RunStrategy=Throughput, WarmupCount=1) [Case=core-(...)known [46]]
//   CodecSuite.Run: campaign(EvaluateOverhead=False, Clock=Armonik.Ffi.Bdn.CpuClock, Toolchain=InProcessEmitToolchain, IterationCount=1, IterationTime=2ms, LaunchCount=1, RunStrategy=Throughput, WarmupCount=1) [Case=core-(...)known [36]]
//   CodecSuite.Run: campaign(EvaluateOverhead=False, Clock=Armonik.Ffi.Bdn.CpuClock, Toolchain=InProcessEmitToolchain, IterationCount=1, IterationTime=2ms, LaunchCount=1, RunStrategy=Throughput, WarmupCount=1) [Case=core-(...)known [46]]
//   CodecSuite.Run: campaign(EvaluateOverhead=False, Clock=Armonik.Ffi.Bdn.CpuClock, Toolchain=InProcessEmitToolchain, IterationCount=1, IterationTime=2ms, LaunchCount=1, RunStrategy=Throughput, WarmupCount=1) [Case=core-(...)known [41]]
//   CodecSuite.Run: campaign(EvaluateOverhead=False, Clock=Armonik.Ffi.Bdn.CpuClock, Toolchain=InProcessEmitToolchain, IterationCount=1, IterationTime=2ms, LaunchCount=1, RunStrategy=Throughput, WarmupCount=1) [Case=core-(...)known [37]]
//   CodecSuite.Run: campaign(EvaluateOverhead=False, Clock=Armonik.Ffi.Bdn.CpuClock, Toolchain=InProcessEmitToolchain, IterationCount=1, IterationTime=2ms, LaunchCount=1, RunStrategy=Throughput, WarmupCount=1) [Case=core-(...)known [37]]
//   CodecSuite.Run: campaign(EvaluateOverhead=False, Clock=Armonik.Ffi.Bdn.CpuClock, Toolchain=InProcessEmitToolchain, IterationCount=1, IterationTime=2ms, LaunchCount=1, RunStrategy=Throughput, WarmupCount=1) [Case=core-(...)known [46]]
//   CodecSuite.Run: campaign(EvaluateOverhead=False, Clock=Armonik.Ffi.Bdn.CpuClock, Toolchain=InProcessEmitToolchain, IterationCount=1, IterationTime=2ms, LaunchCount=1, RunStrategy=Throughput, WarmupCount=1) [Case=core-(...)known [41]]
//   CodecSuite.Run: campaign(EvaluateOverhead=False, Clock=Armonik.Ffi.Bdn.CpuClock, Toolchain=InProcessEmitToolchain, IterationCount=1, IterationTime=2ms, LaunchCount=1, RunStrategy=Throughput, WarmupCount=1) [Case=core-(...)known [48]]
//   CodecSuite.Run: campaign(EvaluateOverhead=False, Clock=Armonik.Ffi.Bdn.CpuClock, Toolchain=InProcessEmitToolchain, IterationCount=1, IterationTime=2ms, LaunchCount=1, RunStrategy=Throughput, WarmupCount=1) [Case=core-(...)known [37]]
//   CodecSuite.Run: campaign(EvaluateOverhead=False, Clock=Armonik.Ffi.Bdn.CpuClock, Toolchain=InProcessEmitToolchain, IterationCount=1, IterationTime=2ms, LaunchCount=1, RunStrategy=Throughput, WarmupCount=1) [Case=core-(...)known [76]]
//   CodecSuite.Run: campaign(EvaluateOverhead=False, Clock=Armonik.Ffi.Bdn.CpuClock, Toolchain=InProcessEmitToolchain, IterationCount=1, IterationTime=2ms, LaunchCount=1, RunStrategy=Throughput, WarmupCount=1) [Case=core-(...)known [42]]
//   CodecSuite.Run: campaign(EvaluateOverhead=False, Clock=Armonik.Ffi.Bdn.CpuClock, Toolchain=InProcessEmitToolchain, IterationCount=1, IterationTime=2ms, LaunchCount=1, RunStrategy=Throughput, WarmupCount=1) [Case=core-(...)known [40]]
//   CodecSuite.Run: campaign(EvaluateOverhead=False, Clock=Armonik.Ffi.Bdn.CpuClock, Toolchain=InProcessEmitToolchain, IterationCount=1, IterationTime=2ms, LaunchCount=1, RunStrategy=Throughput, WarmupCount=1) [Case=core-(...)known [55]]
//   CodecSuite.Run: campaign(EvaluateOverhead=False, Clock=Armonik.Ffi.Bdn.CpuClock, Toolchain=InProcessEmitToolchain, IterationCount=1, IterationTime=2ms, LaunchCount=1, RunStrategy=Throughput, WarmupCount=1) [Case=core-(...)known [37]]
//   CodecSuite.Run: campaign(EvaluateOverhead=False, Clock=Armonik.Ffi.Bdn.CpuClock, Toolchain=InProcessEmitToolchain, IterationCount=1, IterationTime=2ms, LaunchCount=1, RunStrategy=Throughput, WarmupCount=1) [Case=core-(...)known [47]]
//   CodecSuite.Run: campaign(EvaluateOverhead=False, Clock=Armonik.Ffi.Bdn.CpuClock, Toolchain=InProcessEmitToolchain, IterationCount=1, IterationTime=2ms, LaunchCount=1, RunStrategy=Throughput, WarmupCount=1) [Case=core-(...)known [51]]
//   CodecSuite.Run: campaign(EvaluateOverhead=False, Clock=Armonik.Ffi.Bdn.CpuClock, Toolchain=InProcessEmitToolchain, IterationCount=1, IterationTime=2ms, LaunchCount=1, RunStrategy=Throughput, WarmupCount=1) [Case=core-(...)known [57]]
//   CodecSuite.Run: campaign(EvaluateOverhead=False, Clock=Armonik.Ffi.Bdn.CpuClock, Toolchain=InProcessEmitToolchain, IterationCount=1, IterationTime=2ms, LaunchCount=1, RunStrategy=Throughput, WarmupCount=1) [Case=core-(...)known [43]]
//   CodecSuite.Run: campaign(EvaluateOverhead=False, Clock=Armonik.Ffi.Bdn.CpuClock, Toolchain=InProcessEmitToolchain, IterationCount=1, IterationTime=2ms, LaunchCount=1, RunStrategy=Throughput, WarmupCount=1) [Case=core-(...)known [42]]
//   CodecSuite.Run: campaign(EvaluateOverhead=False, Clock=Armonik.Ffi.Bdn.CpuClock, Toolchain=InProcessEmitToolchain, IterationCount=1, IterationTime=2ms, LaunchCount=1, RunStrategy=Throughput, WarmupCount=1) [Case=core-(...)known [38]]
//   CodecSuite.Run: campaign(EvaluateOverhead=False, Clock=Armonik.Ffi.Bdn.CpuClock, Toolchain=InProcessEmitToolchain, IterationCount=1, IterationTime=2ms, LaunchCount=1, RunStrategy=Throughput, WarmupCount=1) [Case=core-(...)known [37]]
//   CodecSuite.Run: campaign(EvaluateOverhead=False, Clock=Armonik.Ffi.Bdn.CpuClock, Toolchain=InProcessEmitToolchain, IterationCount=1, IterationTime=2ms, LaunchCount=1, RunStrategy=Throughput, WarmupCount=1) [Case=core-(...)known [47]]
//   CodecSuite.Run: campaign(EvaluateOverhead=False, Clock=Armonik.Ffi.Bdn.CpuClock, Toolchain=InProcessEmitToolchain, IterationCount=1, IterationTime=2ms, LaunchCount=1, RunStrategy=Throughput, WarmupCount=1) [Case=core-(...)known [42]]
//   CodecSuite.Run: campaign(EvaluateOverhead=False, Clock=Armonik.Ffi.Bdn.CpuClock, Toolchain=InProcessEmitToolchain, IterationCount=1, IterationTime=2ms, LaunchCount=1, RunStrategy=Throughput, WarmupCount=1) [Case=core-(...)known [42]]
//   CodecSuite.Run: campaign(EvaluateOverhead=False, Clock=Armonik.Ffi.Bdn.CpuClock, Toolchain=InProcessEmitToolchain, IterationCount=1, IterationTime=2ms, LaunchCount=1, RunStrategy=Throughput, WarmupCount=1) [Case=core-(...)known [37]]
//   CodecSuite.Run: campaign(EvaluateOverhead=False, Clock=Armonik.Ffi.Bdn.CpuClock, Toolchain=InProcessEmitToolchain, IterationCount=1, IterationTime=2ms, LaunchCount=1, RunStrategy=Throughput, WarmupCount=1) [Case=core-(...)known [36]]
//   CodecSuite.Run: campaign(EvaluateOverhead=False, Clock=Armonik.Ffi.Bdn.CpuClock, Toolchain=InProcessEmitToolchain, IterationCount=1, IterationTime=2ms, LaunchCount=1, RunStrategy=Throughput, WarmupCount=1) [Case=core-(...)known [48]]
//   CodecSuite.Run: campaign(EvaluateOverhead=False, Clock=Armonik.Ffi.Bdn.CpuClock, Toolchain=InProcessEmitToolchain, IterationCount=1, IterationTime=2ms, LaunchCount=1, RunStrategy=Throughput, WarmupCount=1) [Case=core-(...)known [37]]
//   CodecSuite.Run: campaign(EvaluateOverhead=False, Clock=Armonik.Ffi.Bdn.CpuClock, Toolchain=InProcessEmitToolchain, IterationCount=1, IterationTime=2ms, LaunchCount=1, RunStrategy=Throughput, WarmupCount=1) [Case=core-(...)known [41]]
//   CodecSuite.Run: campaign(EvaluateOverhead=False, Clock=Armonik.Ffi.Bdn.CpuClock, Toolchain=InProcessEmitToolchain, IterationCount=1, IterationTime=2ms, LaunchCount=1, RunStrategy=Throughput, WarmupCount=1) [Case=core-(...)known [47]]
//   CodecSuite.Run: campaign(EvaluateOverhead=False, Clock=Armonik.Ffi.Bdn.CpuClock, Toolchain=InProcessEmitToolchain, IterationCount=1, IterationTime=2ms, LaunchCount=1, RunStrategy=Throughput, WarmupCount=1) [Case=core-(...)known [41]]
//   CodecSuite.Run: campaign(EvaluateOverhead=False, Clock=Armonik.Ffi.Bdn.CpuClock, Toolchain=InProcessEmitToolchain, IterationCount=1, IterationTime=2ms, LaunchCount=1, RunStrategy=Throughput, WarmupCount=1) [Case=core-(...)known [41]]
//   CodecSuite.Run: campaign(EvaluateOverhead=False, Clock=Armonik.Ffi.Bdn.CpuClock, Toolchain=InProcessEmitToolchain, IterationCount=1, IterationTime=2ms, LaunchCount=1, RunStrategy=Throughput, WarmupCount=1) [Case=core-(...)known [53]]
//   CodecSuite.Run: campaign(EvaluateOverhead=False, Clock=Armonik.Ffi.Bdn.CpuClock, Toolchain=InProcessEmitToolchain, IterationCount=1, IterationTime=2ms, LaunchCount=1, RunStrategy=Throughput, WarmupCount=1) [Case=core-(...)known [51]]
//   CodecSuite.Run: campaign(EvaluateOverhead=False, Clock=Armonik.Ffi.Bdn.CpuClock, Toolchain=InProcessEmitToolchain, IterationCount=1, IterationTime=2ms, LaunchCount=1, RunStrategy=Throughput, WarmupCount=1) [Case=core-(...)known [41]]
//   CodecSuite.Run: campaign(EvaluateOverhead=False, Clock=Armonik.Ffi.Bdn.CpuClock, Toolchain=InProcessEmitToolchain, IterationCount=1, IterationTime=2ms, LaunchCount=1, RunStrategy=Throughput, WarmupCount=1) [Case=core-(...)known [37]]
//   CodecSuite.Run: campaign(EvaluateOverhead=False, Clock=Armonik.Ffi.Bdn.CpuClock, Toolchain=InProcessEmitToolchain, IterationCount=1, IterationTime=2ms, LaunchCount=1, RunStrategy=Throughput, WarmupCount=1) [Case=core-(...)known [51]]
//   CodecSuite.Run: campaign(EvaluateOverhead=False, Clock=Armonik.Ffi.Bdn.CpuClock, Toolchain=InProcessEmitToolchain, IterationCount=1, IterationTime=2ms, LaunchCount=1, RunStrategy=Throughput, WarmupCount=1) [Case=core-(...)known [37]]
//   CodecSuite.Run: campaign(EvaluateOverhead=False, Clock=Armonik.Ffi.Bdn.CpuClock, Toolchain=InProcessEmitToolchain, IterationCount=1, IterationTime=2ms, LaunchCount=1, RunStrategy=Throughput, WarmupCount=1) [Case=core-(...)known [41]]
//   CodecSuite.Run: campaign(EvaluateOverhead=False, Clock=Armonik.Ffi.Bdn.CpuClock, Toolchain=InProcessEmitToolchain, IterationCount=1, IterationTime=2ms, LaunchCount=1, RunStrategy=Throughput, WarmupCount=1) [Case=core-(...)known [37]]
//   CodecSuite.Run: campaign(EvaluateOverhead=False, Clock=Armonik.Ffi.Bdn.CpuClock, Toolchain=InProcessEmitToolchain, IterationCount=1, IterationTime=2ms, LaunchCount=1, RunStrategy=Throughput, WarmupCount=1) [Case=core-(...)known [37]]
//   CodecSuite.Run: campaign(EvaluateOverhead=False, Clock=Armonik.Ffi.Bdn.CpuClock, Toolchain=InProcessEmitToolchain, IterationCount=1, IterationTime=2ms, LaunchCount=1, RunStrategy=Throughput, WarmupCount=1) [Case=core-(...)known [42]]
//   CodecSuite.Run: campaign(EvaluateOverhead=False, Clock=Armonik.Ffi.Bdn.CpuClock, Toolchain=InProcessEmitToolchain, IterationCount=1, IterationTime=2ms, LaunchCount=1, RunStrategy=Throughput, WarmupCount=1) [Case=core-(...)known [47]]
//   CodecSuite.Run: campaign(EvaluateOverhead=False, Clock=Armonik.Ffi.Bdn.CpuClock, Toolchain=InProcessEmitToolchain, IterationCount=1, IterationTime=2ms, LaunchCount=1, RunStrategy=Throughput, WarmupCount=1) [Case=core-(...)known [52]]
//   CodecSuite.Run: campaign(EvaluateOverhead=False, Clock=Armonik.Ffi.Bdn.CpuClock, Toolchain=InProcessEmitToolchain, IterationCount=1, IterationTime=2ms, LaunchCount=1, RunStrategy=Throughput, WarmupCount=1) [Case=core-(...)known [51]]
//   CodecSuite.Run: campaign(EvaluateOverhead=False, Clock=Armonik.Ffi.Bdn.CpuClock, Toolchain=InProcessEmitToolchain, IterationCount=1, IterationTime=2ms, LaunchCount=1, RunStrategy=Throughput, WarmupCount=1) [Case=core-(...)known [49]]
//   CodecSuite.Run: campaign(EvaluateOverhead=False, Clock=Armonik.Ffi.Bdn.CpuClock, Toolchain=InProcessEmitToolchain, IterationCount=1, IterationTime=2ms, LaunchCount=1, RunStrategy=Throughput, WarmupCount=1) [Case=core-(...)known [38]]
//   CodecSuite.Run: campaign(EvaluateOverhead=False, Clock=Armonik.Ffi.Bdn.CpuClock, Toolchain=InProcessEmitToolchain, IterationCount=1, IterationTime=2ms, LaunchCount=1, RunStrategy=Throughput, WarmupCount=1) [Case=core-(...)known [51]]
//   CodecSuite.Run: campaign(EvaluateOverhead=False, Clock=Armonik.Ffi.Bdn.CpuClock, Toolchain=InProcessEmitToolchain, IterationCount=1, IterationTime=2ms, LaunchCount=1, RunStrategy=Throughput, WarmupCount=1) [Case=core-(...)known [38]]
//   CodecSuite.Run: campaign(EvaluateOverhead=False, Clock=Armonik.Ffi.Bdn.CpuClock, Toolchain=InProcessEmitToolchain, IterationCount=1, IterationTime=2ms, LaunchCount=1, RunStrategy=Throughput, WarmupCount=1) [Case=core-(...)known [38]]
//   CodecSuite.Run: campaign(EvaluateOverhead=False, Clock=Armonik.Ffi.Bdn.CpuClock, Toolchain=InProcessEmitToolchain, IterationCount=1, IterationTime=2ms, LaunchCount=1, RunStrategy=Throughput, WarmupCount=1) [Case=core-(...)known [37]]
//   CodecSuite.Run: campaign(EvaluateOverhead=False, Clock=Armonik.Ffi.Bdn.CpuClock, Toolchain=InProcessEmitToolchain, IterationCount=1, IterationTime=2ms, LaunchCount=1, RunStrategy=Throughput, WarmupCount=1) [Case=core-(...)known [47]]
//   CodecSuite.Run: campaign(EvaluateOverhead=False, Clock=Armonik.Ffi.Bdn.CpuClock, Toolchain=InProcessEmitToolchain, IterationCount=1, IterationTime=2ms, LaunchCount=1, RunStrategy=Throughput, WarmupCount=1) [Case=core-(...)known [47]]
//   CodecSuite.Run: campaign(EvaluateOverhead=False, Clock=Armonik.Ffi.Bdn.CpuClock, Toolchain=InProcessEmitToolchain, IterationCount=1, IterationTime=2ms, LaunchCount=1, RunStrategy=Throughput, WarmupCount=1) [Case=core-(...)known [37]]
//   CodecSuite.Run: campaign(EvaluateOverhead=False, Clock=Armonik.Ffi.Bdn.CpuClock, Toolchain=InProcessEmitToolchain, IterationCount=1, IterationTime=2ms, LaunchCount=1, RunStrategy=Throughput, WarmupCount=1) [Case=core-(...)known [42]]
//   CodecSuite.Run: campaign(EvaluateOverhead=False, Clock=Armonik.Ffi.Bdn.CpuClock, Toolchain=InProcessEmitToolchain, IterationCount=1, IterationTime=2ms, LaunchCount=1, RunStrategy=Throughput, WarmupCount=1) [Case=core-(...)known [51]]
//   CodecSuite.Run: campaign(EvaluateOverhead=False, Clock=Armonik.Ffi.Bdn.CpuClock, Toolchain=InProcessEmitToolchain, IterationCount=1, IterationTime=2ms, LaunchCount=1, RunStrategy=Throughput, WarmupCount=1) [Case=core-(...)known [47]]
//   CodecSuite.Run: campaign(EvaluateOverhead=False, Clock=Armonik.Ffi.Bdn.CpuClock, Toolchain=InProcessEmitToolchain, IterationCount=1, IterationTime=2ms, LaunchCount=1, RunStrategy=Throughput, WarmupCount=1) [Case=core-(...)known [37]]
//   CodecSuite.Run: campaign(EvaluateOverhead=False, Clock=Armonik.Ffi.Bdn.CpuClock, Toolchain=InProcessEmitToolchain, IterationCount=1, IterationTime=2ms, LaunchCount=1, RunStrategy=Throughput, WarmupCount=1) [Case=core-(...)known [52]]
//   CodecSuite.Run: campaign(EvaluateOverhead=False, Clock=Armonik.Ffi.Bdn.CpuClock, Toolchain=InProcessEmitToolchain, IterationCount=1, IterationTime=2ms, LaunchCount=1, RunStrategy=Throughput, WarmupCount=1) [Case=core-(...)known [37]]
//   CodecSuite.Run: campaign(EvaluateOverhead=False, Clock=Armonik.Ffi.Bdn.CpuClock, Toolchain=InProcessEmitToolchain, IterationCount=1, IterationTime=2ms, LaunchCount=1, RunStrategy=Throughput, WarmupCount=1) [Case=core-(...)known [51]]
//   CodecSuite.Run: campaign(EvaluateOverhead=False, Clock=Armonik.Ffi.Bdn.CpuClock, Toolchain=InProcessEmitToolchain, IterationCount=1, IterationTime=2ms, LaunchCount=1, RunStrategy=Throughput, WarmupCount=1) [Case=core-(...)known [37]]
//   CodecSuite.Run: campaign(EvaluateOverhead=False, Clock=Armonik.Ffi.Bdn.CpuClock, Toolchain=InProcessEmitToolchain, IterationCount=1, IterationTime=2ms, LaunchCount=1, RunStrategy=Throughput, WarmupCount=1) [Case=core-(...)known [50]]
//   CodecSuite.Run: campaign(EvaluateOverhead=False, Clock=Armonik.Ffi.Bdn.CpuClock, Toolchain=InProcessEmitToolchain, IterationCount=1, IterationTime=2ms, LaunchCount=1, RunStrategy=Throughput, WarmupCount=1) [Case=core-(...)known [47]]
//   CodecSuite.Run: campaign(EvaluateOverhead=False, Clock=Armonik.Ffi.Bdn.CpuClock, Toolchain=InProcessEmitToolchain, IterationCount=1, IterationTime=2ms, LaunchCount=1, RunStrategy=Throughput, WarmupCount=1) [Case=core-(...)known [41]]
//   CodecSuite.Run: campaign(EvaluateOverhead=False, Clock=Armonik.Ffi.Bdn.CpuClock, Toolchain=InProcessEmitToolchain, IterationCount=1, IterationTime=2ms, LaunchCount=1, RunStrategy=Throughput, WarmupCount=1) [Case=core-(...)known [41]]
//   CodecSuite.Run: campaign(EvaluateOverhead=False, Clock=Armonik.Ffi.Bdn.CpuClock, Toolchain=InProcessEmitToolchain, IterationCount=1, IterationTime=2ms, LaunchCount=1, RunStrategy=Throughput, WarmupCount=1) [Case=core-(...)known [56]]
//   CodecSuite.Run: campaign(EvaluateOverhead=False, Clock=Armonik.Ffi.Bdn.CpuClock, Toolchain=InProcessEmitToolchain, IterationCount=1, IterationTime=2ms, LaunchCount=1, RunStrategy=Throughput, WarmupCount=1) [Case=core-(...)known [42]]
//   CodecSuite.Run: campaign(EvaluateOverhead=False, Clock=Armonik.Ffi.Bdn.CpuClock, Toolchain=InProcessEmitToolchain, IterationCount=1, IterationTime=2ms, LaunchCount=1, RunStrategy=Throughput, WarmupCount=1) [Case=core-(...)known [37]]
//   CodecSuite.Run: campaign(EvaluateOverhead=False, Clock=Armonik.Ffi.Bdn.CpuClock, Toolchain=InProcessEmitToolchain, IterationCount=1, IterationTime=2ms, LaunchCount=1, RunStrategy=Throughput, WarmupCount=1) [Case=core-(...)known [42]]
//   CodecSuite.Run: campaign(EvaluateOverhead=False, Clock=Armonik.Ffi.Bdn.CpuClock, Toolchain=InProcessEmitToolchain, IterationCount=1, IterationTime=2ms, LaunchCount=1, RunStrategy=Throughput, WarmupCount=1) [Case=core-(...)known [37]]
//   CodecSuite.Run: campaign(EvaluateOverhead=False, Clock=Armonik.Ffi.Bdn.CpuClock, Toolchain=InProcessEmitToolchain, IterationCount=1, IterationTime=2ms, LaunchCount=1, RunStrategy=Throughput, WarmupCount=1) [Case=core-(...)known [48]]
//   CodecSuite.Run: campaign(EvaluateOverhead=False, Clock=Armonik.Ffi.Bdn.CpuClock, Toolchain=InProcessEmitToolchain, IterationCount=1, IterationTime=2ms, LaunchCount=1, RunStrategy=Throughput, WarmupCount=1) [Case=core-(...)known [52]]
//   CodecSuite.Run: campaign(EvaluateOverhead=False, Clock=Armonik.Ffi.Bdn.CpuClock, Toolchain=InProcessEmitToolchain, IterationCount=1, IterationTime=2ms, LaunchCount=1, RunStrategy=Throughput, WarmupCount=1) [Case=core-(...)known [41]]
//   CodecSuite.Run: campaign(EvaluateOverhead=False, Clock=Armonik.Ffi.Bdn.CpuClock, Toolchain=InProcessEmitToolchain, IterationCount=1, IterationTime=2ms, LaunchCount=1, RunStrategy=Throughput, WarmupCount=1) [Case=core-(...)known [48]]
//   CodecSuite.Run: campaign(EvaluateOverhead=False, Clock=Armonik.Ffi.Bdn.CpuClock, Toolchain=InProcessEmitToolchain, IterationCount=1, IterationTime=2ms, LaunchCount=1, RunStrategy=Throughput, WarmupCount=1) [Case=core-(...)known [47]]
//   CodecSuite.Run: campaign(EvaluateOverhead=False, Clock=Armonik.Ffi.Bdn.CpuClock, Toolchain=InProcessEmitToolchain, IterationCount=1, IterationTime=2ms, LaunchCount=1, RunStrategy=Throughput, WarmupCount=1) [Case=core-(...)known [41]]
//   CodecSuite.Run: campaign(EvaluateOverhead=False, Clock=Armonik.Ffi.Bdn.CpuClock, Toolchain=InProcessEmitToolchain, IterationCount=1, IterationTime=2ms, LaunchCount=1, RunStrategy=Throughput, WarmupCount=1) [Case=core-(...)known [47]]
//   CodecSuite.Run: campaign(EvaluateOverhead=False, Clock=Armonik.Ffi.Bdn.CpuClock, Toolchain=InProcessEmitToolchain, IterationCount=1, IterationTime=2ms, LaunchCount=1, RunStrategy=Throughput, WarmupCount=1) [Case=core-(...)known [37]]
//   CodecSuite.Run: campaign(EvaluateOverhead=False, Clock=Armonik.Ffi.Bdn.CpuClock, Toolchain=InProcessEmitToolchain, IterationCount=1, IterationTime=2ms, LaunchCount=1, RunStrategy=Throughput, WarmupCount=1) [Case=core-(...)known [42]]
//   CodecSuite.Run: campaign(EvaluateOverhead=False, Clock=Armonik.Ffi.Bdn.CpuClock, Toolchain=InProcessEmitToolchain, IterationCount=1, IterationTime=2ms, LaunchCount=1, RunStrategy=Throughput, WarmupCount=1) [Case=core-(...)known [50]]
//   CodecSuite.Run: campaign(EvaluateOverhead=False, Clock=Armonik.Ffi.Bdn.CpuClock, Toolchain=InProcessEmitToolchain, IterationCount=1, IterationTime=2ms, LaunchCount=1, RunStrategy=Throughput, WarmupCount=1) [Case=core-(...)known [51]]
//   CodecSuite.Run: campaign(EvaluateOverhead=False, Clock=Armonik.Ffi.Bdn.CpuClock, Toolchain=InProcessEmitToolchain, IterationCount=1, IterationTime=2ms, LaunchCount=1, RunStrategy=Throughput, WarmupCount=1) [Case=core-(...)known [42]]
//   CodecSuite.Run: campaign(EvaluateOverhead=False, Clock=Armonik.Ffi.Bdn.CpuClock, Toolchain=InProcessEmitToolchain, IterationCount=1, IterationTime=2ms, LaunchCount=1, RunStrategy=Throughput, WarmupCount=1) [Case=core-(...)known [55]]
//   CodecSuite.Run: campaign(EvaluateOverhead=False, Clock=Armonik.Ffi.Bdn.CpuClock, Toolchain=InProcessEmitToolchain, IterationCount=1, IterationTime=2ms, LaunchCount=1, RunStrategy=Throughput, WarmupCount=1) [Case=core-(...)known [61]]
//   CodecSuite.Run: campaign(EvaluateOverhead=False, Clock=Armonik.Ffi.Bdn.CpuClock, Toolchain=InProcessEmitToolchain, IterationCount=1, IterationTime=2ms, LaunchCount=1, RunStrategy=Throughput, WarmupCount=1) [Case=core-(...)known [37]]
//   CodecSuite.Run: campaign(EvaluateOverhead=False, Clock=Armonik.Ffi.Bdn.CpuClock, Toolchain=InProcessEmitToolchain, IterationCount=1, IterationTime=2ms, LaunchCount=1, RunStrategy=Throughput, WarmupCount=1) [Case=core-(...)known [37]]
//   CodecSuite.Run: campaign(EvaluateOverhead=False, Clock=Armonik.Ffi.Bdn.CpuClock, Toolchain=InProcessEmitToolchain, IterationCount=1, IterationTime=2ms, LaunchCount=1, RunStrategy=Throughput, WarmupCount=1) [Case=core-(...)known [51]]
//   CodecSuite.Run: campaign(EvaluateOverhead=False, Clock=Armonik.Ffi.Bdn.CpuClock, Toolchain=InProcessEmitToolchain, IterationCount=1, IterationTime=2ms, LaunchCount=1, RunStrategy=Throughput, WarmupCount=1) [Case=core-(...)known [40]]
//   CodecSuite.Run: campaign(EvaluateOverhead=False, Clock=Armonik.Ffi.Bdn.CpuClock, Toolchain=InProcessEmitToolchain, IterationCount=1, IterationTime=2ms, LaunchCount=1, RunStrategy=Throughput, WarmupCount=1) [Case=core-(...)known [46]]
//   CodecSuite.Run: campaign(EvaluateOverhead=False, Clock=Armonik.Ffi.Bdn.CpuClock, Toolchain=InProcessEmitToolchain, IterationCount=1, IterationTime=2ms, LaunchCount=1, RunStrategy=Throughput, WarmupCount=1) [Case=core-(...)known [37]]
//   CodecSuite.Run: campaign(EvaluateOverhead=False, Clock=Armonik.Ffi.Bdn.CpuClock, Toolchain=InProcessEmitToolchain, IterationCount=1, IterationTime=2ms, LaunchCount=1, RunStrategy=Throughput, WarmupCount=1) [Case=core-(...)known [51]]
//   CodecSuite.Run: campaign(EvaluateOverhead=False, Clock=Armonik.Ffi.Bdn.CpuClock, Toolchain=InProcessEmitToolchain, IterationCount=1, IterationTime=2ms, LaunchCount=1, RunStrategy=Throughput, WarmupCount=1) [Case=core-(...)known [38]]
//   CodecSuite.Run: campaign(EvaluateOverhead=False, Clock=Armonik.Ffi.Bdn.CpuClock, Toolchain=InProcessEmitToolchain, IterationCount=1, IterationTime=2ms, LaunchCount=1, RunStrategy=Throughput, WarmupCount=1) [Case=core-(...)known [41]]
//   CodecSuite.Run: campaign(EvaluateOverhead=False, Clock=Armonik.Ffi.Bdn.CpuClock, Toolchain=InProcessEmitToolchain, IterationCount=1, IterationTime=2ms, LaunchCount=1, RunStrategy=Throughput, WarmupCount=1) [Case=core-(...)known [36]]
//   CodecSuite.Run: campaign(EvaluateOverhead=False, Clock=Armonik.Ffi.Bdn.CpuClock, Toolchain=InProcessEmitToolchain, IterationCount=1, IterationTime=2ms, LaunchCount=1, RunStrategy=Throughput, WarmupCount=1) [Case=core-(...)known [37]]
//   CodecSuite.Run: campaign(EvaluateOverhead=False, Clock=Armonik.Ffi.Bdn.CpuClock, Toolchain=InProcessEmitToolchain, IterationCount=1, IterationTime=2ms, LaunchCount=1, RunStrategy=Throughput, WarmupCount=1) [Case=core-(...)known [36]]
//   CodecSuite.Run: campaign(EvaluateOverhead=False, Clock=Armonik.Ffi.Bdn.CpuClock, Toolchain=InProcessEmitToolchain, IterationCount=1, IterationTime=2ms, LaunchCount=1, RunStrategy=Throughput, WarmupCount=1) [Case=core-(...)known [42]]
//   CodecSuite.Run: campaign(EvaluateOverhead=False, Clock=Armonik.Ffi.Bdn.CpuClock, Toolchain=InProcessEmitToolchain, IterationCount=1, IterationTime=2ms, LaunchCount=1, RunStrategy=Throughput, WarmupCount=1) [Case=core-(...)known [47]]
//   CodecSuite.Run: campaign(EvaluateOverhead=False, Clock=Armonik.Ffi.Bdn.CpuClock, Toolchain=InProcessEmitToolchain, IterationCount=1, IterationTime=2ms, LaunchCount=1, RunStrategy=Throughput, WarmupCount=1) [Case=core-(...)known [44]]
//   CodecSuite.Run: campaign(EvaluateOverhead=False, Clock=Armonik.Ffi.Bdn.CpuClock, Toolchain=InProcessEmitToolchain, IterationCount=1, IterationTime=2ms, LaunchCount=1, RunStrategy=Throughput, WarmupCount=1) [Case=core-(...)known [77]]
//   CodecSuite.Run: campaign(EvaluateOverhead=False, Clock=Armonik.Ffi.Bdn.CpuClock, Toolchain=InProcessEmitToolchain, IterationCount=1, IterationTime=2ms, LaunchCount=1, RunStrategy=Throughput, WarmupCount=1) [Case=core-(...)known [47]]
//   CodecSuite.Run: campaign(EvaluateOverhead=False, Clock=Armonik.Ffi.Bdn.CpuClock, Toolchain=InProcessEmitToolchain, IterationCount=1, IterationTime=2ms, LaunchCount=1, RunStrategy=Throughput, WarmupCount=1) [Case=core-(...)known [81]]
//   CodecSuite.Run: campaign(EvaluateOverhead=False, Clock=Armonik.Ffi.Bdn.CpuClock, Toolchain=InProcessEmitToolchain, IterationCount=1, IterationTime=2ms, LaunchCount=1, RunStrategy=Throughput, WarmupCount=1) [Case=core-(...)known [42]]
//   CodecSuite.Run: campaign(EvaluateOverhead=False, Clock=Armonik.Ffi.Bdn.CpuClock, Toolchain=InProcessEmitToolchain, IterationCount=1, IterationTime=2ms, LaunchCount=1, RunStrategy=Throughput, WarmupCount=1) [Case=core-(...)known [48]]
//   CodecSuite.Run: campaign(EvaluateOverhead=False, Clock=Armonik.Ffi.Bdn.CpuClock, Toolchain=InProcessEmitToolchain, IterationCount=1, IterationTime=2ms, LaunchCount=1, RunStrategy=Throughput, WarmupCount=1) [Case=core-(...)known [37]]
//   CodecSuite.Run: campaign(EvaluateOverhead=False, Clock=Armonik.Ffi.Bdn.CpuClock, Toolchain=InProcessEmitToolchain, IterationCount=1, IterationTime=2ms, LaunchCount=1, RunStrategy=Throughput, WarmupCount=1) [Case=core-(...)known [38]]
//   CodecSuite.Run: campaign(EvaluateOverhead=False, Clock=Armonik.Ffi.Bdn.CpuClock, Toolchain=InProcessEmitToolchain, IterationCount=1, IterationTime=2ms, LaunchCount=1, RunStrategy=Throughput, WarmupCount=1) [Case=core-(...)known [42]]
//   CodecSuite.Run: campaign(EvaluateOverhead=False, Clock=Armonik.Ffi.Bdn.CpuClock, Toolchain=InProcessEmitToolchain, IterationCount=1, IterationTime=2ms, LaunchCount=1, RunStrategy=Throughput, WarmupCount=1) [Case=core-(...)known [42]]
//   CodecSuite.Run: campaign(EvaluateOverhead=False, Clock=Armonik.Ffi.Bdn.CpuClock, Toolchain=InProcessEmitToolchain, IterationCount=1, IterationTime=2ms, LaunchCount=1, RunStrategy=Throughput, WarmupCount=1) [Case=core-(...)known [42]]
//   CodecSuite.Run: campaign(EvaluateOverhead=False, Clock=Armonik.Ffi.Bdn.CpuClock, Toolchain=InProcessEmitToolchain, IterationCount=1, IterationTime=2ms, LaunchCount=1, RunStrategy=Throughput, WarmupCount=1) [Case=core-(...)known [42]]
//   CodecSuite.Run: campaign(EvaluateOverhead=False, Clock=Armonik.Ffi.Bdn.CpuClock, Toolchain=InProcessEmitToolchain, IterationCount=1, IterationTime=2ms, LaunchCount=1, RunStrategy=Throughput, WarmupCount=1) [Case=core-(...)known [37]]
//   CodecSuite.Run: campaign(EvaluateOverhead=False, Clock=Armonik.Ffi.Bdn.CpuClock, Toolchain=InProcessEmitToolchain, IterationCount=1, IterationTime=2ms, LaunchCount=1, RunStrategy=Throughput, WarmupCount=1) [Case=core-(...)known [53]]
//   CodecSuite.Run: campaign(EvaluateOverhead=False, Clock=Armonik.Ffi.Bdn.CpuClock, Toolchain=InProcessEmitToolchain, IterationCount=1, IterationTime=2ms, LaunchCount=1, RunStrategy=Throughput, WarmupCount=1) [Case=core-(...)known [41]]
//   CodecSuite.Run: campaign(EvaluateOverhead=False, Clock=Armonik.Ffi.Bdn.CpuClock, Toolchain=InProcessEmitToolchain, IterationCount=1, IterationTime=2ms, LaunchCount=1, RunStrategy=Throughput, WarmupCount=1) [Case=core-(...)known [42]]
//   CodecSuite.Run: campaign(EvaluateOverhead=False, Clock=Armonik.Ffi.Bdn.CpuClock, Toolchain=InProcessEmitToolchain, IterationCount=1, IterationTime=2ms, LaunchCount=1, RunStrategy=Throughput, WarmupCount=1) [Case=core-(...)known [37]]
//   CodecSuite.Run: campaign(EvaluateOverhead=False, Clock=Armonik.Ffi.Bdn.CpuClock, Toolchain=InProcessEmitToolchain, IterationCount=1, IterationTime=2ms, LaunchCount=1, RunStrategy=Throughput, WarmupCount=1) [Case=core-(...)known [47]]
//   CodecSuite.Run: campaign(EvaluateOverhead=False, Clock=Armonik.Ffi.Bdn.CpuClock, Toolchain=InProcessEmitToolchain, IterationCount=1, IterationTime=2ms, LaunchCount=1, RunStrategy=Throughput, WarmupCount=1) [Case=core-(...)known [47]]
//   CodecSuite.Run: campaign(EvaluateOverhead=False, Clock=Armonik.Ffi.Bdn.CpuClock, Toolchain=InProcessEmitToolchain, IterationCount=1, IterationTime=2ms, LaunchCount=1, RunStrategy=Throughput, WarmupCount=1) [Case=core-(...)known [51]]
//   CodecSuite.Run: campaign(EvaluateOverhead=False, Clock=Armonik.Ffi.Bdn.CpuClock, Toolchain=InProcessEmitToolchain, IterationCount=1, IterationTime=2ms, LaunchCount=1, RunStrategy=Throughput, WarmupCount=1) [Case=core-(...)known [36]]
//   CodecSuite.Run: campaign(EvaluateOverhead=False, Clock=Armonik.Ffi.Bdn.CpuClock, Toolchain=InProcessEmitToolchain, IterationCount=1, IterationTime=2ms, LaunchCount=1, RunStrategy=Throughput, WarmupCount=1) [Case=core-(...)known [51]]
//   CodecSuite.Run: campaign(EvaluateOverhead=False, Clock=Armonik.Ffi.Bdn.CpuClock, Toolchain=InProcessEmitToolchain, IterationCount=1, IterationTime=2ms, LaunchCount=1, RunStrategy=Throughput, WarmupCount=1) [Case=core-(...)known [50]]
//   CodecSuite.Run: campaign(EvaluateOverhead=False, Clock=Armonik.Ffi.Bdn.CpuClock, Toolchain=InProcessEmitToolchain, IterationCount=1, IterationTime=2ms, LaunchCount=1, RunStrategy=Throughput, WarmupCount=1) [Case=core-(...)known [51]]
//   CodecSuite.Run: campaign(EvaluateOverhead=False, Clock=Armonik.Ffi.Bdn.CpuClock, Toolchain=InProcessEmitToolchain, IterationCount=1, IterationTime=2ms, LaunchCount=1, RunStrategy=Throughput, WarmupCount=1) [Case=core-(...)known [43]]
//   CodecSuite.Run: campaign(EvaluateOverhead=False, Clock=Armonik.Ffi.Bdn.CpuClock, Toolchain=InProcessEmitToolchain, IterationCount=1, IterationTime=2ms, LaunchCount=1, RunStrategy=Throughput, WarmupCount=1) [Case=core-(...)known [52]]
//   CodecSuite.Run: campaign(EvaluateOverhead=False, Clock=Armonik.Ffi.Bdn.CpuClock, Toolchain=InProcessEmitToolchain, IterationCount=1, IterationTime=2ms, LaunchCount=1, RunStrategy=Throughput, WarmupCount=1) [Case=core-(...)known [51]]
//   CodecSuite.Run: campaign(EvaluateOverhead=False, Clock=Armonik.Ffi.Bdn.CpuClock, Toolchain=InProcessEmitToolchain, IterationCount=1, IterationTime=2ms, LaunchCount=1, RunStrategy=Throughput, WarmupCount=1) [Case=core-(...)known [72]]
//   CodecSuite.Run: campaign(EvaluateOverhead=False, Clock=Armonik.Ffi.Bdn.CpuClock, Toolchain=InProcessEmitToolchain, IterationCount=1, IterationTime=2ms, LaunchCount=1, RunStrategy=Throughput, WarmupCount=1) [Case=core-(...)known [51]]
//   CodecSuite.Run: campaign(EvaluateOverhead=False, Clock=Armonik.Ffi.Bdn.CpuClock, Toolchain=InProcessEmitToolchain, IterationCount=1, IterationTime=2ms, LaunchCount=1, RunStrategy=Throughput, WarmupCount=1) [Case=core-(...)known [37]]
//   CodecSuite.Run: campaign(EvaluateOverhead=False, Clock=Armonik.Ffi.Bdn.CpuClock, Toolchain=InProcessEmitToolchain, IterationCount=1, IterationTime=2ms, LaunchCount=1, RunStrategy=Throughput, WarmupCount=1) [Case=core-(...)known [56]]
//   CodecSuite.Run: campaign(EvaluateOverhead=False, Clock=Armonik.Ffi.Bdn.CpuClock, Toolchain=InProcessEmitToolchain, IterationCount=1, IterationTime=2ms, LaunchCount=1, RunStrategy=Throughput, WarmupCount=1) [Case=core-(...)known [41]]
//   CodecSuite.Run: campaign(EvaluateOverhead=False, Clock=Armonik.Ffi.Bdn.CpuClock, Toolchain=InProcessEmitToolchain, IterationCount=1, IterationTime=2ms, LaunchCount=1, RunStrategy=Throughput, WarmupCount=1) [Case=core-(...)known [37]]
//   CodecSuite.Run: campaign(EvaluateOverhead=False, Clock=Armonik.Ffi.Bdn.CpuClock, Toolchain=InProcessEmitToolchain, IterationCount=1, IterationTime=2ms, LaunchCount=1, RunStrategy=Throughput, WarmupCount=1) [Case=core-(...)known [50]]
//   CodecSuite.Run: campaign(EvaluateOverhead=False, Clock=Armonik.Ffi.Bdn.CpuClock, Toolchain=InProcessEmitToolchain, IterationCount=1, IterationTime=2ms, LaunchCount=1, RunStrategy=Throughput, WarmupCount=1) [Case=core-(...)known [37]]
//   CodecSuite.Run: campaign(EvaluateOverhead=False, Clock=Armonik.Ffi.Bdn.CpuClock, Toolchain=InProcessEmitToolchain, IterationCount=1, IterationTime=2ms, LaunchCount=1, RunStrategy=Throughput, WarmupCount=1) [Case=core-(...)known [37]]

// **************************
// Benchmark: CodecSuite.Run: campaign(EvaluateOverhead=False, Clock=Armonik.Ffi.Bdn.CpuClock, Toolchain=InProcessEmitToolchain, IterationCount=1, IterationTime=2ms, LaunchCount=1, RunStrategy=Throughput, WarmupCount=1) [Case=core-(...)known [41]]
// *** Execute ***
// Launch: 1 / 1

// Benchmark Process Environment Information:
// BenchmarkDotNet v0.15.8
// Runtime=.NET 8.0.31 (8.0.31, 8.0.3126.42015), X64 RyuJIT x86-64-v4
// GC=Concurrent Workstation
// HardwareIntrinsics=AVX512 IFMA+VBMI,AVX512 F+BW+CD+DQ+VL,AVX2+BMI1+BMI2+F16C+FMA+LZCNT+MOVBE,AVX,SSE3+SSSE3+SSE4.1+SSE4.2+POPCNT,X86Base+SSE+SSE2,AES+PCLMUL,AvxVnni,SERIALIZE VectorSize=256
// Job: Job-CKBLHY(EvaluateOverhead=False, Clock=Armonik.Ffi.Bdn.CpuClock, Toolchain=InProcessEmitToolchain, IterationCount=1, IterationTime=2ms, LaunchCount=1, RunStrategy=Throughput, WarmupCount=1)

OverheadJitting  1: 1 op, 368507.00 ns, 368.5070 us/op
WorkloadJitting  1: 1 op, 589335.00 ns, 589.3350 us/op

WorkloadPilot    1: 4 op, 19824.00 ns, 4.9560 us/op
WorkloadPilot    2: 404 op, 372530.00 ns, 922.1040 ns/op
WorkloadPilot    3: 2169 op, 1903064.00 ns, 877.3923 ns/op
WorkloadPilot    4: 2279 op, 1971478.00 ns, 865.0627 ns/op
WorkloadPilot    5: 2312 op, 2022392.00 ns, 874.7370 ns/op
WorkloadPilot    6: 2286 op, 1964368.00 ns, 859.3036 ns/op
WorkloadPilot    7: 2327 op, 2016583.00 ns, 866.6021 ns/op
WorkloadPilot    8: 2308 op, 2034424.00 ns, 881.4662 ns/op

WorkloadWarmup   1: 2308 op, 1931789.00 ns, 836.9970 ns/op

WorkloadActual   1: 2308 op, 1999328.00 ns, 866.2600 ns/op

WorkloadResult   1: 2308 op, 1999328.00 ns, 866.2600 ns/op


Mean = 866.260 ns, StdErr = 0.000 ns (0.00%), N = 1, StdDev = 0.000 ns
Min = 866.260 ns, Q1 = 866.260 ns, Median = 866.260 ns, Q3 = 866.260 ns, Max = 866.260 ns
IQR = 0.000 ns, LowerFence = 866.260 ns, UpperFence = 866.260 ns
ConfidenceInterval = [NaN ns; NaN ns] (CI 99.9%), Margin = NaN ns (NaN% of Mean)
Skewness = NaN, Kurtosis = NaN, MValue = 2

// ** Remained 157 (99.4 %) benchmark(s) to run. Estimated finish 2026-09-26 13:49 (0h 0m from now) **
// **************************
// Benchmark: CodecSuite.Run: campaign(EvaluateOverhead=False, Clock=Armonik.Ffi.Bdn.CpuClock, Toolchain=InProcessEmitToolchain, IterationCount=1, IterationTime=2ms, LaunchCount=1, RunStrategy=Throughput, WarmupCount=1) [Case=core-(...)known [37]]
// *** Execute ***
// Launch: 1 / 1

// Benchmark Process Environment Information:
// BenchmarkDotNet v0.15.8
// Runtime=.NET 8.0.31 (8.0.31, 8.0.3126.42015), X64 RyuJIT x86-64-v4
// GC=Concurrent Workstation
// HardwareIntrinsics=AVX512 IFMA+VBMI,AVX512 F+BW+CD+DQ+VL,AVX2+BMI1+BMI2+F16C+FMA+LZCNT+MOVBE,AVX,SSE3+SSSE3+SSE4.1+SSE4.2+POPCNT,X86Base+SSE+SSE2,AES+PCLMUL,AvxVnni,SERIALIZE VectorSize=256
// Job: Job-CKBLHY(EvaluateOverhead=False, Clock=Armonik.Ffi.Bdn.CpuClock, Toolchain=InProcessEmitToolchain, IterationCount=1, IterationTime=2ms, LaunchCount=1, RunStrategy=Throughput, WarmupCount=1)

OverheadJitting  1: 1 op, 505092.00 ns, 505.0920 us/op
WorkloadJitting  1: 1 op, 439288.00 ns, 439.2880 us/op

WorkloadPilot    1: 4 op, 22738.00 ns, 5.6845 us/op
WorkloadPilot    2: 352 op, 329617.00 ns, 936.4119 ns/op
WorkloadPilot    3: 2136 op, 1897752.00 ns, 888.4607 ns/op
WorkloadPilot    4: 2251 op, 2048454.00 ns, 910.0195 ns/op
WorkloadPilot    5: 2198 op, 1987334.00 ns, 904.1556 ns/op
WorkloadPilot    6: 2212 op, 1961060.00 ns, 886.5552 ns/op
WorkloadPilot    7: 2256 op, 2034368.00 ns, 901.7589 ns/op
WorkloadPilot    8: 2218 op, 2037804.00 ns, 918.7574 ns/op

WorkloadWarmup   1: 2218 op, 1977097.00 ns, 891.3873 ns/op

WorkloadActual   1: 2218 op, 1973972.00 ns, 889.9784 ns/op

WorkloadResult   1: 2218 op, 1973972.00 ns, 889.9784 ns/op


Mean = 889.978 ns, StdErr = 0.000 ns (0.00%), N = 1, StdDev = 0.000 ns
Min = 889.978 ns, Q1 = 889.978 ns, Median = 889.978 ns, Q3 = 889.978 ns, Max = 889.978 ns
IQR = 0.000 ns, LowerFence = 889.978 ns, UpperFence = 889.978 ns
ConfidenceInterval = [NaN ns; NaN ns] (CI 99.9%), Margin = NaN ns (NaN% of Mean)
Skewness = NaN, Kurtosis = NaN, MValue = 2

// ** Remained 156 (98.7 %) benchmark(s) to run. Estimated finish 2026-09-26 13:49 (0h 0m from now) **
// **************************
// Benchmark: CodecSuite.Run: campaign(EvaluateOverhead=False, Clock=Armonik.Ffi.Bdn.CpuClock, Toolchain=InProcessEmitToolchain, IterationCount=1, IterationTime=2ms, LaunchCount=1, RunStrategy=Throughput, WarmupCount=1) [Case=core-(...)known [51]]
// *** Execute ***
// Launch: 1 / 1

// Benchmark Process Environment Information:
// BenchmarkDotNet v0.15.8
// Runtime=.NET 8.0.31 (8.0.31, 8.0.3126.42015), X64 RyuJIT x86-64-v4
// GC=Concurrent Workstation
// HardwareIntrinsics=AVX512 IFMA+VBMI,AVX512 F+BW+CD+DQ+VL,AVX2+BMI1+BMI2+F16C+FMA+LZCNT+MOVBE,AVX,SSE3+SSSE3+SSE4.1+SSE4.2+POPCNT,X86Base+SSE+SSE2,AES+PCLMUL,AvxVnni,SERIALIZE VectorSize=256
// Job: Job-CKBLHY(EvaluateOverhead=False, Clock=Armonik.Ffi.Bdn.CpuClock, Toolchain=InProcessEmitToolchain, IterationCount=1, IterationTime=2ms, LaunchCount=1, RunStrategy=Throughput, WarmupCount=1)

OverheadJitting  1: 1 op, 401960.00 ns, 401.9600 us/op
WorkloadJitting  1: 1 op, 343208.00 ns, 343.2080 us/op

WorkloadPilot    1: 4 op, 19450.00 ns, 4.8625 us/op
WorkloadPilot    2: 411 op, 387386.00 ns, 942.5450 ns/op
WorkloadPilot    3: 2122 op, 1954030.00 ns, 920.8435 ns/op
WorkloadPilot    4: 2172 op, 2006191.00 ns, 923.6607 ns/op
WorkloadPilot    5: 2165 op, 1977406.00 ns, 913.3515 ns/op
WorkloadPilot    6: 2190 op, 2010008.00 ns, 917.8119 ns/op
WorkloadPilot    7: 2179 op, 2047900.00 ns, 939.8348 ns/op

WorkloadWarmup   1: 2179 op, 2126600.00 ns, 975.9523 ns/op

WorkloadActual   1: 2179 op, 1976621.00 ns, 907.1230 ns/op

WorkloadResult   1: 2179 op, 1976621.00 ns, 907.1230 ns/op


Mean = 907.123 ns, StdErr = 0.000 ns (0.00%), N = 1, StdDev = 0.000 ns
Min = 907.123 ns, Q1 = 907.123 ns, Median = 907.123 ns, Q3 = 907.123 ns, Max = 907.123 ns
IQR = 0.000 ns, LowerFence = 907.123 ns, UpperFence = 907.123 ns
ConfidenceInterval = [NaN ns; NaN ns] (CI 99.9%), Margin = NaN ns (NaN% of Mean)
Skewness = NaN, Kurtosis = NaN, MValue = 2

// ** Remained 155 (98.1 %) benchmark(s) to run. Estimated finish 2026-09-26 13:49 (0h 0m from now) **
// **************************
// Benchmark: CodecSuite.Run: campaign(EvaluateOverhead=False, Clock=Armonik.Ffi.Bdn.CpuClock, Toolchain=InProcessEmitToolchain, IterationCount=1, IterationTime=2ms, LaunchCount=1, RunStrategy=Throughput, WarmupCount=1) [Case=core-(...)known [36]]
// *** Execute ***
// Launch: 1 / 1

// Benchmark Process Environment Information:
// BenchmarkDotNet v0.15.8
// Runtime=.NET 8.0.31 (8.0.31, 8.0.3126.42015), X64 RyuJIT x86-64-v4
// GC=Concurrent Workstation
// HardwareIntrinsics=AVX512 IFMA+VBMI,AVX512 F+BW+CD+DQ+VL,AVX2+BMI1+BMI2+F16C+FMA+LZCNT+MOVBE,AVX,SSE3+SSSE3+SSE4.1+SSE4.2+POPCNT,X86Base+SSE+SSE2,AES+PCLMUL,AvxVnni,SERIALIZE VectorSize=256
// Job: Job-CKBLHY(EvaluateOverhead=False, Clock=Armonik.Ffi.Bdn.CpuClock, Toolchain=InProcessEmitToolchain, IterationCount=1, IterationTime=2ms, LaunchCount=1, RunStrategy=Throughput, WarmupCount=1)

OverheadJitting  1: 1 op, 679963.00 ns, 679.9630 us/op
WorkloadJitting  1: 1 op, 4838225.00 ns, 4.8382 ms/op

OverheadJitting  2: 1 op, 4351.00 ns, 4.3510 us/op
WorkloadJitting  2: 1 op, 4263437.00 ns, 4.2634 ms/op

WorkloadWarmup   1: 1 op, 4220412.00 ns, 4.2204 ms/op

WorkloadActual   1: 1 op, 4332639.00 ns, 4.3326 ms/op

WorkloadResult   1: 1 op, 4332639.00 ns, 4.3326 ms/op


Mean = 4.333 ms, StdErr = 0.000 ms (0.00%), N = 1, StdDev = 0.000 ms
Min = 4.333 ms, Q1 = 4.333 ms, Median = 4.333 ms, Q3 = 4.333 ms, Max = 4.333 ms
IQR = 0.000 ms, LowerFence = 4.333 ms, UpperFence = 4.333 ms
ConfidenceInterval = [NaN ms; NaN ms] (CI 99.9%), Margin = NaN ms (NaN% of Mean)
Skewness = NaN, Kurtosis = NaN, MValue = 2

// ** Remained 154 (97.5 %) benchmark(s) to run. Estimated finish 2026-09-26 13:49 (0h 0m from now) **
// **************************
// Benchmark: CodecSuite.Run: campaign(EvaluateOverhead=False, Clock=Armonik.Ffi.Bdn.CpuClock, Toolchain=InProcessEmitToolchain, IterationCount=1, IterationTime=2ms, LaunchCount=1, RunStrategy=Throughput, WarmupCount=1) [Case=core-(...)known [60]]
// *** Execute ***
// Launch: 1 / 1

// Benchmark Process Environment Information:
// BenchmarkDotNet v0.15.8
// Runtime=.NET 8.0.31 (8.0.31, 8.0.3126.42015), X64 RyuJIT x86-64-v4
// GC=Concurrent Workstation
// HardwareIntrinsics=AVX512 IFMA+VBMI,AVX512 F+BW+CD+DQ+VL,AVX2+BMI1+BMI2+F16C+FMA+LZCNT+MOVBE,AVX,SSE3+SSSE3+SSE4.1+SSE4.2+POPCNT,X86Base+SSE+SSE2,AES+PCLMUL,AvxVnni,SERIALIZE VectorSize=256
// Job: Job-CKBLHY(EvaluateOverhead=False, Clock=Armonik.Ffi.Bdn.CpuClock, Toolchain=InProcessEmitToolchain, IterationCount=1, IterationTime=2ms, LaunchCount=1, RunStrategy=Throughput, WarmupCount=1)

OverheadJitting  1: 1 op, 424047.00 ns, 424.0470 us/op
WorkloadJitting  1: 1 op, 427562.00 ns, 427.5620 us/op

WorkloadPilot    1: 4 op, 25632.00 ns, 6.4080 us/op
WorkloadPilot    2: 312 op, 165535.00 ns, 530.5609 ns/op
WorkloadPilot    3: 3770 op, 2511838.00 ns, 666.2700 ns/op
WorkloadPilot    4: 3002 op, 1314048.00 ns, 437.7242 ns/op
WorkloadPilot    5: 4569 op, 2191759.00 ns, 479.7021 ns/op
WorkloadPilot    6: 4169 op, 2957001.00 ns, 709.2830 ns/op

WorkloadWarmup   1: 4169 op, 2738100.00 ns, 656.7762 ns/op

WorkloadActual   1: 4169 op, 2712363.00 ns, 650.6028 ns/op

WorkloadResult   1: 4169 op, 2712363.00 ns, 650.6028 ns/op


Mean = 650.603 ns, StdErr = 0.000 ns (0.00%), N = 1, StdDev = 0.000 ns
Min = 650.603 ns, Q1 = 650.603 ns, Median = 650.603 ns, Q3 = 650.603 ns, Max = 650.603 ns
IQR = 0.000 ns, LowerFence = 650.603 ns, UpperFence = 650.603 ns
ConfidenceInterval = [NaN ns; NaN ns] (CI 99.9%), Margin = NaN ns (NaN% of Mean)
Skewness = NaN, Kurtosis = NaN, MValue = 2

// ** Remained 153 (96.8 %) benchmark(s) to run. Estimated finish 2026-09-26 13:49 (0h 0m from now) **
// **************************
// Benchmark: CodecSuite.Run: campaign(EvaluateOverhead=False, Clock=Armonik.Ffi.Bdn.CpuClock, Toolchain=InProcessEmitToolchain, IterationCount=1, IterationTime=2ms, LaunchCount=1, RunStrategy=Throughput, WarmupCount=1) [Case=core-(...)known [47]]
// *** Execute ***
// Launch: 1 / 1

// Benchmark Process Environment Information:
// BenchmarkDotNet v0.15.8
// Runtime=.NET 8.0.31 (8.0.31, 8.0.3126.42015), X64 RyuJIT x86-64-v4
// GC=Concurrent Workstation
// HardwareIntrinsics=AVX512 IFMA+VBMI,AVX512 F+BW+CD+DQ+VL,AVX2+BMI1+BMI2+F16C+FMA+LZCNT+MOVBE,AVX,SSE3+SSSE3+SSE4.1+SSE4.2+POPCNT,X86Base+SSE+SSE2,AES+PCLMUL,AvxVnni,SERIALIZE VectorSize=256
// Job: Job-CKBLHY(EvaluateOverhead=False, Clock=Armonik.Ffi.Bdn.CpuClock, Toolchain=InProcessEmitToolchain, IterationCount=1, IterationTime=2ms, LaunchCount=1, RunStrategy=Throughput, WarmupCount=1)

OverheadJitting  1: 1 op, 512816.00 ns, 512.8160 us/op
WorkloadJitting  1: 1 op, 508757.00 ns, 508.7570 us/op

WorkloadPilot    1: 4 op, 83962.00 ns, 20.9905 us/op
WorkloadPilot    2: 95 op, 1693199.00 ns, 17.8231 us/op
WorkloadPilot    3: 112 op, 1941675.00 ns, 17.3364 us/op
WorkloadPilot    4: 115 op, 2021575.00 ns, 17.5789 us/op

WorkloadWarmup   1: 115 op, 2024602.00 ns, 17.6052 us/op

WorkloadActual   1: 115 op, 1993898.00 ns, 17.3382 us/op

WorkloadResult   1: 115 op, 1993898.00 ns, 17.3382 us/op


Mean = 17.338 us, StdErr = 0.000 us (0.00%), N = 1, StdDev = 0.000 us
Min = 17.338 us, Q1 = 17.338 us, Median = 17.338 us, Q3 = 17.338 us, Max = 17.338 us
IQR = 0.000 us, LowerFence = 17.338 us, UpperFence = 17.338 us
ConfidenceInterval = [NaN us; NaN us] (CI 99.9%), Margin = NaN us (NaN% of Mean)
Skewness = NaN, Kurtosis = NaN, MValue = 2

// ** Remained 152 (96.2 %) benchmark(s) to run. Estimated finish 2026-09-26 13:49 (0h 0m from now) **
// **************************
// Benchmark: CodecSuite.Run: campaign(EvaluateOverhead=False, Clock=Armonik.Ffi.Bdn.CpuClock, Toolchain=InProcessEmitToolchain, IterationCount=1, IterationTime=2ms, LaunchCount=1, RunStrategy=Throughput, WarmupCount=1) [Case=core-(...)known [51]]
// *** Execute ***
// Launch: 1 / 1

// Benchmark Process Environment Information:
// BenchmarkDotNet v0.15.8
// Runtime=.NET 8.0.31 (8.0.31, 8.0.3126.42015), X64 RyuJIT x86-64-v4
// GC=Concurrent Workstation
// HardwareIntrinsics=AVX512 IFMA+VBMI,AVX512 F+BW+CD+DQ+VL,AVX2+BMI1+BMI2+F16C+FMA+LZCNT+MOVBE,AVX,SSE3+SSSE3+SSE4.1+SSE4.2+POPCNT,X86Base+SSE+SSE2,AES+PCLMUL,AvxVnni,SERIALIZE VectorSize=256
// Job: Job-CKBLHY(EvaluateOverhead=False, Clock=Armonik.Ffi.Bdn.CpuClock, Toolchain=InProcessEmitToolchain, IterationCount=1, IterationTime=2ms, LaunchCount=1, RunStrategy=Throughput, WarmupCount=1)

OverheadJitting  1: 1 op, 452626.00 ns, 452.6260 us/op
WorkloadJitting  1: 1 op, 375459.00 ns, 375.4590 us/op

WorkloadPilot    1: 4 op, 24605.00 ns, 6.1513 us/op
WorkloadPilot    2: 325 op, 555645.00 ns, 1.7097 us/op
WorkloadPilot    3: 1170 op, 1887523.00 ns, 1.6133 us/op
WorkloadPilot    4: 1240 op, 1192786.00 ns, 961.9242 ns/op
WorkloadPilot    5: 2079 op, 2508661.00 ns, 1.2067 us/op
WorkloadPilot    6: 1657 op, 2504145.00 ns, 1.5113 us/op
WorkloadPilot    7: 1323 op, 1184600.00 ns, 895.3893 ns/op
WorkloadPilot    8: 2234 op, 2128547.00 ns, 952.7963 ns/op

WorkloadWarmup   1: 2234 op, 2502654.00 ns, 1.1203 us/op

WorkloadActual   1: 2234 op, 2183983.00 ns, 977.6110 ns/op

WorkloadResult   1: 2234 op, 2183983.00 ns, 977.6110 ns/op


Mean = 977.611 ns, StdErr = 0.000 ns (0.00%), N = 1, StdDev = 0.000 ns
Min = 977.611 ns, Q1 = 977.611 ns, Median = 977.611 ns, Q3 = 977.611 ns, Max = 977.611 ns
IQR = 0.000 ns, LowerFence = 977.611 ns, UpperFence = 977.611 ns
ConfidenceInterval = [NaN ns; NaN ns] (CI 99.9%), Margin = NaN ns (NaN% of Mean)
Skewness = NaN, Kurtosis = NaN, MValue = 2

// ** Remained 151 (95.6 %) benchmark(s) to run. Estimated finish 2026-09-26 13:49 (0h 0m from now) **
// **************************
// Benchmark: CodecSuite.Run: campaign(EvaluateOverhead=False, Clock=Armonik.Ffi.Bdn.CpuClock, Toolchain=InProcessEmitToolchain, IterationCount=1, IterationTime=2ms, LaunchCount=1, RunStrategy=Throughput, WarmupCount=1) [Case=core-(...)known [37]]
// *** Execute ***
// Launch: 1 / 1

// Benchmark Process Environment Information:
// BenchmarkDotNet v0.15.8
// Runtime=.NET 8.0.31 (8.0.31, 8.0.3126.42015), X64 RyuJIT x86-64-v4
// GC=Concurrent Workstation
// HardwareIntrinsics=AVX512 IFMA+VBMI,AVX512 F+BW+CD+DQ+VL,AVX2+BMI1+BMI2+F16C+FMA+LZCNT+MOVBE,AVX,SSE3+SSSE3+SSE4.1+SSE4.2+POPCNT,X86Base+SSE+SSE2,AES+PCLMUL,AvxVnni,SERIALIZE VectorSize=256
// Job: Job-CKBLHY(EvaluateOverhead=False, Clock=Armonik.Ffi.Bdn.CpuClock, Toolchain=InProcessEmitToolchain, IterationCount=1, IterationTime=2ms, LaunchCount=1, RunStrategy=Throughput, WarmupCount=1)

OverheadJitting  1: 1 op, 463315.00 ns, 463.3150 us/op
WorkloadJitting  1: 1 op, 536240.00 ns, 536.2400 us/op

WorkloadPilot    1: 4 op, 178330.00 ns, 44.5825 us/op
WorkloadPilot    2: 45 op, 1252804.00 ns, 27.8401 us/op
WorkloadPilot    3: 72 op, 2017658.00 ns, 28.0230 us/op

WorkloadWarmup   1: 72 op, 1997539.00 ns, 27.7436 us/op

WorkloadActual   1: 72 op, 1962732.00 ns, 27.2602 us/op

WorkloadResult   1: 72 op, 1962732.00 ns, 27.2602 us/op


Mean = 27.260 us, StdErr = 0.000 us (0.00%), N = 1, StdDev = 0.000 us
Min = 27.260 us, Q1 = 27.260 us, Median = 27.260 us, Q3 = 27.260 us, Max = 27.260 us
IQR = 0.000 us, LowerFence = 27.260 us, UpperFence = 27.260 us
ConfidenceInterval = [NaN us; NaN us] (CI 99.9%), Margin = NaN us (NaN% of Mean)
Skewness = NaN, Kurtosis = NaN, MValue = 2

// ** Remained 150 (94.9 %) benchmark(s) to run. Estimated finish 2026-09-26 13:49 (0h 0m from now) **
// **************************
// Benchmark: CodecSuite.Run: campaign(EvaluateOverhead=False, Clock=Armonik.Ffi.Bdn.CpuClock, Toolchain=InProcessEmitToolchain, IterationCount=1, IterationTime=2ms, LaunchCount=1, RunStrategy=Throughput, WarmupCount=1) [Case=core-(...)known [57]]
// *** Execute ***
// Launch: 1 / 1

// Benchmark Process Environment Information:
// BenchmarkDotNet v0.15.8
// Runtime=.NET 8.0.31 (8.0.31, 8.0.3126.42015), X64 RyuJIT x86-64-v4
// GC=Concurrent Workstation
// HardwareIntrinsics=AVX512 IFMA+VBMI,AVX512 F+BW+CD+DQ+VL,AVX2+BMI1+BMI2+F16C+FMA+LZCNT+MOVBE,AVX,SSE3+SSSE3+SSE4.1+SSE4.2+POPCNT,X86Base+SSE+SSE2,AES+PCLMUL,AvxVnni,SERIALIZE VectorSize=256
// Job: Job-CKBLHY(EvaluateOverhead=False, Clock=Armonik.Ffi.Bdn.CpuClock, Toolchain=InProcessEmitToolchain, IterationCount=1, IterationTime=2ms, LaunchCount=1, RunStrategy=Throughput, WarmupCount=1)

OverheadJitting  1: 1 op, 396811.00 ns, 396.8110 us/op
WorkloadJitting  1: 1 op, 486609.00 ns, 486.6090 us/op

WorkloadPilot    1: 4 op, 154068.00 ns, 38.5170 us/op
WorkloadPilot    2: 52 op, 324990.00 ns, 6.2498 us/op
WorkloadPilot    3: 320 op, 1569438.00 ns, 4.9045 us/op
WorkloadPilot    4: 408 op, 1529935.00 ns, 3.7498 us/op
WorkloadPilot    5: 533 op, 1952943.00 ns, 3.6641 us/op
WorkloadPilot    6: 546 op, 2770646.00 ns, 5.0744 us/op
WorkloadPilot    7: 394 op, 1207083.00 ns, 3.0637 us/op
WorkloadPilot    8: 653 op, 2238673.00 ns, 3.4283 us/op
WorkloadPilot    9: 583 op, 1742794.00 ns, 2.9894 us/op
WorkloadPilot   10: 669 op, 2427973.00 ns, 3.6293 us/op

WorkloadWarmup   1: 669 op, 2105718.00 ns, 3.1476 us/op

WorkloadActual   1: 669 op, 2048670.00 ns, 3.0623 us/op

WorkloadResult   1: 669 op, 2048670.00 ns, 3.0623 us/op


Mean = 3.062 us, StdErr = 0.000 us (0.00%), N = 1, StdDev = 0.000 us
Min = 3.062 us, Q1 = 3.062 us, Median = 3.062 us, Q3 = 3.062 us, Max = 3.062 us
IQR = 0.000 us, LowerFence = 3.062 us, UpperFence = 3.062 us
ConfidenceInterval = [NaN us; NaN us] (CI 99.9%), Margin = NaN us (NaN% of Mean)
Skewness = NaN, Kurtosis = NaN, MValue = 2

// ** Remained 149 (94.3 %) benchmark(s) to run. Estimated finish 2026-09-26 13:49 (0h 0m from now) **
// **************************
// Benchmark: CodecSuite.Run: campaign(EvaluateOverhead=False, Clock=Armonik.Ffi.Bdn.CpuClock, Toolchain=InProcessEmitToolchain, IterationCount=1, IterationTime=2ms, LaunchCount=1, RunStrategy=Throughput, WarmupCount=1) [Case=core-(...)known [42]]
// *** Execute ***
// Launch: 1 / 1

// Benchmark Process Environment Information:
// BenchmarkDotNet v0.15.8
// Runtime=.NET 8.0.31 (8.0.31, 8.0.3126.42015), X64 RyuJIT x86-64-v4
// GC=Concurrent Workstation
// HardwareIntrinsics=AVX512 IFMA+VBMI,AVX512 F+BW+CD+DQ+VL,AVX2+BMI1+BMI2+F16C+FMA+LZCNT+MOVBE,AVX,SSE3+SSSE3+SSE4.1+SSE4.2+POPCNT,X86Base+SSE+SSE2,AES+PCLMUL,AvxVnni,SERIALIZE VectorSize=256
// Job: Job-CKBLHY(EvaluateOverhead=False, Clock=Armonik.Ffi.Bdn.CpuClock, Toolchain=InProcessEmitToolchain, IterationCount=1, IterationTime=2ms, LaunchCount=1, RunStrategy=Throughput, WarmupCount=1)

OverheadJitting  1: 1 op, 408613.00 ns, 408.6130 us/op
WorkloadJitting  1: 1 op, 397143.00 ns, 397.1430 us/op

WorkloadPilot    1: 4 op, 54077.00 ns, 13.5193 us/op
WorkloadPilot    2: 148 op, 806324.00 ns, 5.4481 us/op
WorkloadPilot    3: 367 op, 2022909.00 ns, 5.5120 us/op
WorkloadPilot    4: 363 op, 1173659.00 ns, 3.2332 us/op
WorkloadPilot    5: 619 op, 2583803.00 ns, 4.1742 us/op
WorkloadPilot    6: 479 op, 2521779.00 ns, 5.2647 us/op

WorkloadWarmup   1: 479 op, 1537398.00 ns, 3.2096 us/op

WorkloadActual   1: 479 op, 1552849.00 ns, 3.2419 us/op

WorkloadResult   1: 479 op, 1552849.00 ns, 3.2419 us/op


Mean = 3.242 us, StdErr = 0.000 us (0.00%), N = 1, StdDev = 0.000 us
Min = 3.242 us, Q1 = 3.242 us, Median = 3.242 us, Q3 = 3.242 us, Max = 3.242 us
IQR = 0.000 us, LowerFence = 3.242 us, UpperFence = 3.242 us
ConfidenceInterval = [NaN us; NaN us] (CI 99.9%), Margin = NaN us (NaN% of Mean)
Skewness = NaN, Kurtosis = NaN, MValue = 2

// ** Remained 148 (93.7 %) benchmark(s) to run. Estimated finish 2026-09-26 13:49 (0h 0m from now) **
// **************************
// Benchmark: CodecSuite.Run: campaign(EvaluateOverhead=False, Clock=Armonik.Ffi.Bdn.CpuClock, Toolchain=InProcessEmitToolchain, IterationCount=1, IterationTime=2ms, LaunchCount=1, RunStrategy=Throughput, WarmupCount=1) [Case=core-(...)known [51]]
// *** Execute ***
// Launch: 1 / 1

// Benchmark Process Environment Information:
// BenchmarkDotNet v0.15.8
// Runtime=.NET 8.0.31 (8.0.31, 8.0.3126.42015), X64 RyuJIT x86-64-v4
// GC=Concurrent Workstation
// HardwareIntrinsics=AVX512 IFMA+VBMI,AVX512 F+BW+CD+DQ+VL,AVX2+BMI1+BMI2+F16C+FMA+LZCNT+MOVBE,AVX,SSE3+SSSE3+SSE4.1+SSE4.2+POPCNT,X86Base+SSE+SSE2,AES+PCLMUL,AvxVnni,SERIALIZE VectorSize=256
// Job: Job-CKBLHY(EvaluateOverhead=False, Clock=Armonik.Ffi.Bdn.CpuClock, Toolchain=InProcessEmitToolchain, IterationCount=1, IterationTime=2ms, LaunchCount=1, RunStrategy=Throughput, WarmupCount=1)

OverheadJitting  1: 1 op, 595013.00 ns, 595.0130 us/op
WorkloadJitting  1: 1 op, 1905769.00 ns, 1.9058 ms/op

OverheadJitting  2: 1 op, 4130.00 ns, 4.1300 us/op
WorkloadJitting  2: 1 op, 304891.00 ns, 304.8910 us/op

WorkloadPilot    1: 4 op, 747785.00 ns, 186.9463 us/op
WorkloadPilot    2: 11 op, 1335639.00 ns, 121.4217 us/op
WorkloadPilot    3: 16 op, 1874154.00 ns, 117.1346 us/op

WorkloadWarmup   1: 16 op, 1858989.00 ns, 116.1868 us/op

WorkloadActual   1: 16 op, 2101017.00 ns, 131.3136 us/op

WorkloadResult   1: 16 op, 2101017.00 ns, 131.3136 us/op


Mean = 131.314 us, StdErr = 0.000 us (0.00%), N = 1, StdDev = 0.000 us
Min = 131.314 us, Q1 = 131.314 us, Median = 131.314 us, Q3 = 131.314 us, Max = 131.314 us
IQR = 0.000 us, LowerFence = 131.314 us, UpperFence = 131.314 us
ConfidenceInterval = [NaN us; NaN us] (CI 99.9%), Margin = NaN us (NaN% of Mean)
Skewness = NaN, Kurtosis = NaN, MValue = 2

// ** Remained 147 (93.0 %) benchmark(s) to run. Estimated finish 2026-09-26 13:49 (0h 0m from now) **
// **************************
// Benchmark: CodecSuite.Run: campaign(EvaluateOverhead=False, Clock=Armonik.Ffi.Bdn.CpuClock, Toolchain=InProcessEmitToolchain, IterationCount=1, IterationTime=2ms, LaunchCount=1, RunStrategy=Throughput, WarmupCount=1) [Case=core-(...)known [37]]
// *** Execute ***
// Launch: 1 / 1

// Benchmark Process Environment Information:
// BenchmarkDotNet v0.15.8
// Runtime=.NET 8.0.31 (8.0.31, 8.0.3126.42015), X64 RyuJIT x86-64-v4
// GC=Concurrent Workstation
// HardwareIntrinsics=AVX512 IFMA+VBMI,AVX512 F+BW+CD+DQ+VL,AVX2+BMI1+BMI2+F16C+FMA+LZCNT+MOVBE,AVX,SSE3+SSSE3+SSE4.1+SSE4.2+POPCNT,X86Base+SSE+SSE2,AES+PCLMUL,AvxVnni,SERIALIZE VectorSize=256
// Job: Job-CKBLHY(EvaluateOverhead=False, Clock=Armonik.Ffi.Bdn.CpuClock, Toolchain=InProcessEmitToolchain, IterationCount=1, IterationTime=2ms, LaunchCount=1, RunStrategy=Throughput, WarmupCount=1)

OverheadJitting  1: 1 op, 504056.00 ns, 504.0560 us/op
WorkloadJitting  1: 1 op, 402383.00 ns, 402.3830 us/op

WorkloadPilot    1: 4 op, 19315.00 ns, 4.8288 us/op
WorkloadPilot    2: 414 op, 426908.00 ns, 1.0312 us/op
WorkloadPilot    3: 1940 op, 1783879.00 ns, 919.5253 ns/op
WorkloadPilot    4: 2175 op, 2034640.00 ns, 935.4667 ns/op
WorkloadPilot    5: 2138 op, 1971966.00 ns, 922.3414 ns/op
WorkloadPilot    6: 2168 op, 2012273.00 ns, 928.1702 ns/op
WorkloadPilot    7: 2155 op, 1951320.00 ns, 905.4849 ns/op
WorkloadPilot    8: 2209 op, 2094681.00 ns, 948.2485 ns/op

WorkloadWarmup   1: 2209 op, 2350762.00 ns, 1.0642 us/op

WorkloadActual   1: 2209 op, 2068470.00 ns, 936.3830 ns/op

WorkloadResult   1: 2209 op, 2068470.00 ns, 936.3830 ns/op


Mean = 936.383 ns, StdErr = 0.000 ns (0.00%), N = 1, StdDev = 0.000 ns
Min = 936.383 ns, Q1 = 936.383 ns, Median = 936.383 ns, Q3 = 936.383 ns, Max = 936.383 ns
IQR = 0.000 ns, LowerFence = 936.383 ns, UpperFence = 936.383 ns
ConfidenceInterval = [NaN ns; NaN ns] (CI 99.9%), Margin = NaN ns (NaN% of Mean)
Skewness = NaN, Kurtosis = NaN, MValue = 2

// ** Remained 146 (92.4 %) benchmark(s) to run. Estimated finish 2026-09-26 13:49 (0h 0m from now) **
// **************************
// Benchmark: CodecSuite.Run: campaign(EvaluateOverhead=False, Clock=Armonik.Ffi.Bdn.CpuClock, Toolchain=InProcessEmitToolchain, IterationCount=1, IterationTime=2ms, LaunchCount=1, RunStrategy=Throughput, WarmupCount=1) [Case=core-(...)known [42]]
// *** Execute ***
// Launch: 1 / 1

// Benchmark Process Environment Information:
// BenchmarkDotNet v0.15.8
// Runtime=.NET 8.0.31 (8.0.31, 8.0.3126.42015), X64 RyuJIT x86-64-v4
// GC=Concurrent Workstation
// HardwareIntrinsics=AVX512 IFMA+VBMI,AVX512 F+BW+CD+DQ+VL,AVX2+BMI1+BMI2+F16C+FMA+LZCNT+MOVBE,AVX,SSE3+SSSE3+SSE4.1+SSE4.2+POPCNT,X86Base+SSE+SSE2,AES+PCLMUL,AvxVnni,SERIALIZE VectorSize=256
// Job: Job-CKBLHY(EvaluateOverhead=False, Clock=Armonik.Ffi.Bdn.CpuClock, Toolchain=InProcessEmitToolchain, IterationCount=1, IterationTime=2ms, LaunchCount=1, RunStrategy=Throughput, WarmupCount=1)

OverheadJitting  1: 1 op, 711241.00 ns, 711.2410 us/op
WorkloadJitting  1: 1 op, 2562098.00 ns, 2.5621 ms/op

OverheadJitting  2: 1 op, 3922.00 ns, 3.9220 us/op
WorkloadJitting  2: 1 op, 2086118.00 ns, 2.0861 ms/op

WorkloadWarmup   1: 1 op, 2698567.00 ns, 2.6986 ms/op

WorkloadActual   1: 1 op, 1966993.00 ns, 1.9670 ms/op

WorkloadResult   1: 1 op, 1966993.00 ns, 1.9670 ms/op


Mean = 1.967 ms, StdErr = 0.000 ms (0.00%), N = 1, StdDev = 0.000 ms
Min = 1.967 ms, Q1 = 1.967 ms, Median = 1.967 ms, Q3 = 1.967 ms, Max = 1.967 ms
IQR = 0.000 ms, LowerFence = 1.967 ms, UpperFence = 1.967 ms
ConfidenceInterval = [NaN ms; NaN ms] (CI 99.9%), Margin = NaN ms (NaN% of Mean)
Skewness = NaN, Kurtosis = NaN, MValue = 2

// ** Remained 145 (91.8 %) benchmark(s) to run. Estimated finish 2026-09-26 13:49 (0h 0m from now) **
// **************************
// Benchmark: CodecSuite.Run: campaign(EvaluateOverhead=False, Clock=Armonik.Ffi.Bdn.CpuClock, Toolchain=InProcessEmitToolchain, IterationCount=1, IterationTime=2ms, LaunchCount=1, RunStrategy=Throughput, WarmupCount=1) [Case=core-(...)known [41]]
// *** Execute ***
// Launch: 1 / 1

// Benchmark Process Environment Information:
// BenchmarkDotNet v0.15.8
// Runtime=.NET 8.0.31 (8.0.31, 8.0.3126.42015), X64 RyuJIT x86-64-v4
// GC=Concurrent Workstation
// HardwareIntrinsics=AVX512 IFMA+VBMI,AVX512 F+BW+CD+DQ+VL,AVX2+BMI1+BMI2+F16C+FMA+LZCNT+MOVBE,AVX,SSE3+SSSE3+SSE4.1+SSE4.2+POPCNT,X86Base+SSE+SSE2,AES+PCLMUL,AvxVnni,SERIALIZE VectorSize=256
// Job: Job-CKBLHY(EvaluateOverhead=False, Clock=Armonik.Ffi.Bdn.CpuClock, Toolchain=InProcessEmitToolchain, IterationCount=1, IterationTime=2ms, LaunchCount=1, RunStrategy=Throughput, WarmupCount=1)

OverheadJitting  1: 1 op, 690322.00 ns, 690.3220 us/op
WorkloadJitting  1: 1 op, 4925587.00 ns, 4.9256 ms/op

OverheadJitting  2: 1 op, 4333.00 ns, 4.3330 us/op
WorkloadJitting  2: 1 op, 7335970.00 ns, 7.3360 ms/op

WorkloadWarmup   1: 1 op, 8234972.00 ns, 8.2350 ms/op

WorkloadActual   1: 1 op, 9444064.00 ns, 9.4441 ms/op

WorkloadResult   1: 1 op, 9444064.00 ns, 9.4441 ms/op


Mean = 9.444 ms, StdErr = 0.000 ms (0.00%), N = 1, StdDev = 0.000 ms
Min = 9.444 ms, Q1 = 9.444 ms, Median = 9.444 ms, Q3 = 9.444 ms, Max = 9.444 ms
IQR = 0.000 ms, LowerFence = 9.444 ms, UpperFence = 9.444 ms
ConfidenceInterval = [NaN ms; NaN ms] (CI 99.9%), Margin = NaN ms (NaN% of Mean)
Skewness = NaN, Kurtosis = NaN, MValue = 2

// ** Remained 144 (91.1 %) benchmark(s) to run. Estimated finish 2026-09-26 13:49 (0h 0m from now) **
// **************************
// Benchmark: CodecSuite.Run: campaign(EvaluateOverhead=False, Clock=Armonik.Ffi.Bdn.CpuClock, Toolchain=InProcessEmitToolchain, IterationCount=1, IterationTime=2ms, LaunchCount=1, RunStrategy=Throughput, WarmupCount=1) [Case=core-(...)known [47]]
// *** Execute ***
// Launch: 1 / 1

// Benchmark Process Environment Information:
// BenchmarkDotNet v0.15.8
// Runtime=.NET 8.0.31 (8.0.31, 8.0.3126.42015), X64 RyuJIT x86-64-v4
// GC=Concurrent Workstation
// HardwareIntrinsics=AVX512 IFMA+VBMI,AVX512 F+BW+CD+DQ+VL,AVX2+BMI1+BMI2+F16C+FMA+LZCNT+MOVBE,AVX,SSE3+SSSE3+SSE4.1+SSE4.2+POPCNT,X86Base+SSE+SSE2,AES+PCLMUL,AvxVnni,SERIALIZE VectorSize=256
// Job: Job-CKBLHY(EvaluateOverhead=False, Clock=Armonik.Ffi.Bdn.CpuClock, Toolchain=InProcessEmitToolchain, IterationCount=1, IterationTime=2ms, LaunchCount=1, RunStrategy=Throughput, WarmupCount=1)

OverheadJitting  1: 1 op, 652870.00 ns, 652.8700 us/op
WorkloadJitting  1: 1 op, 530730.00 ns, 530.7300 us/op

WorkloadPilot    1: 4 op, 152220.00 ns, 38.0550 us/op
WorkloadPilot    2: 53 op, 1486023.00 ns, 28.0382 us/op
WorkloadPilot    3: 71 op, 2145650.00 ns, 30.2204 us/op
WorkloadPilot    4: 66 op, 1820470.00 ns, 27.5829 us/op
WorkloadPilot    5: 73 op, 2022078.00 ns, 27.6997 us/op

WorkloadWarmup   1: 73 op, 2001387.00 ns, 27.4163 us/op

WorkloadActual   1: 73 op, 3301002.00 ns, 45.2192 us/op

WorkloadResult   1: 73 op, 3301002.00 ns, 45.2192 us/op


Mean = 45.219 us, StdErr = 0.000 us (0.00%), N = 1, StdDev = 0.000 us
Min = 45.219 us, Q1 = 45.219 us, Median = 45.219 us, Q3 = 45.219 us, Max = 45.219 us
IQR = 0.000 us, LowerFence = 45.219 us, UpperFence = 45.219 us
ConfidenceInterval = [NaN us; NaN us] (CI 99.9%), Margin = NaN us (NaN% of Mean)
Skewness = NaN, Kurtosis = NaN, MValue = 2

// ** Remained 143 (90.5 %) benchmark(s) to run. Estimated finish 2026-09-26 13:49 (0h 0m from now) **
// **************************
// Benchmark: CodecSuite.Run: campaign(EvaluateOverhead=False, Clock=Armonik.Ffi.Bdn.CpuClock, Toolchain=InProcessEmitToolchain, IterationCount=1, IterationTime=2ms, LaunchCount=1, RunStrategy=Throughput, WarmupCount=1) [Case=core-(...)known [41]]
// *** Execute ***
// Launch: 1 / 1

// Benchmark Process Environment Information:
// BenchmarkDotNet v0.15.8
// Runtime=.NET 8.0.31 (8.0.31, 8.0.3126.42015), X64 RyuJIT x86-64-v4
// GC=Concurrent Workstation
// HardwareIntrinsics=AVX512 IFMA+VBMI,AVX512 F+BW+CD+DQ+VL,AVX2+BMI1+BMI2+F16C+FMA+LZCNT+MOVBE,AVX,SSE3+SSSE3+SSE4.1+SSE4.2+POPCNT,X86Base+SSE+SSE2,AES+PCLMUL,AvxVnni,SERIALIZE VectorSize=256
// Job: Job-CKBLHY(EvaluateOverhead=False, Clock=Armonik.Ffi.Bdn.CpuClock, Toolchain=InProcessEmitToolchain, IterationCount=1, IterationTime=2ms, LaunchCount=1, RunStrategy=Throughput, WarmupCount=1)

OverheadJitting  1: 1 op, 828463.00 ns, 828.4630 us/op
WorkloadJitting  1: 1 op, 3972357.00 ns, 3.9724 ms/op

OverheadJitting  2: 1 op, 4544.00 ns, 4.5440 us/op
WorkloadJitting  2: 1 op, 1586586.00 ns, 1.5866 ms/op

WorkloadWarmup   1: 1 op, 1471816.00 ns, 1.4718 ms/op

WorkloadActual   1: 1 op, 1480694.00 ns, 1.4807 ms/op

WorkloadResult   1: 1 op, 1480694.00 ns, 1.4807 ms/op


Mean = 1.481 ms, StdErr = 0.000 ms (0.00%), N = 1, StdDev = 0.000 ms
Min = 1.481 ms, Q1 = 1.481 ms, Median = 1.481 ms, Q3 = 1.481 ms, Max = 1.481 ms
IQR = 0.000 ms, LowerFence = 1.481 ms, UpperFence = 1.481 ms
ConfidenceInterval = [NaN ms; NaN ms] (CI 99.9%), Margin = NaN ms (NaN% of Mean)
Skewness = NaN, Kurtosis = NaN, MValue = 2

// ** Remained 142 (89.9 %) benchmark(s) to run. Estimated finish 2026-09-26 13:49 (0h 0m from now) **
// **************************
// Benchmark: CodecSuite.Run: campaign(EvaluateOverhead=False, Clock=Armonik.Ffi.Bdn.CpuClock, Toolchain=InProcessEmitToolchain, IterationCount=1, IterationTime=2ms, LaunchCount=1, RunStrategy=Throughput, WarmupCount=1) [Case=core-(...)known [40]]
// *** Execute ***
// Launch: 1 / 1

// Benchmark Process Environment Information:
// BenchmarkDotNet v0.15.8
// Runtime=.NET 8.0.31 (8.0.31, 8.0.3126.42015), X64 RyuJIT x86-64-v4
// GC=Concurrent Workstation
// HardwareIntrinsics=AVX512 IFMA+VBMI,AVX512 F+BW+CD+DQ+VL,AVX2+BMI1+BMI2+F16C+FMA+LZCNT+MOVBE,AVX,SSE3+SSSE3+SSE4.1+SSE4.2+POPCNT,X86Base+SSE+SSE2,AES+PCLMUL,AvxVnni,SERIALIZE VectorSize=256
// Job: Job-CKBLHY(EvaluateOverhead=False, Clock=Armonik.Ffi.Bdn.CpuClock, Toolchain=InProcessEmitToolchain, IterationCount=1, IterationTime=2ms, LaunchCount=1, RunStrategy=Throughput, WarmupCount=1)

OverheadJitting  1: 1 op, 576836.00 ns, 576.8360 us/op
WorkloadJitting  1: 1 op, 4084804.00 ns, 4.0848 ms/op

OverheadJitting  2: 1 op, 5449.00 ns, 5.4490 us/op
WorkloadJitting  2: 1 op, 2033702.00 ns, 2.0337 ms/op

WorkloadWarmup   1: 1 op, 1918196.00 ns, 1.9182 ms/op

WorkloadActual   1: 1 op, 1779253.00 ns, 1.7793 ms/op

WorkloadResult   1: 1 op, 1779253.00 ns, 1.7793 ms/op


Mean = 1.779 ms, StdErr = 0.000 ms (0.00%), N = 1, StdDev = 0.000 ms
Min = 1.779 ms, Q1 = 1.779 ms, Median = 1.779 ms, Q3 = 1.779 ms, Max = 1.779 ms
IQR = 0.000 ms, LowerFence = 1.779 ms, UpperFence = 1.779 ms
ConfidenceInterval = [NaN ms; NaN ms] (CI 99.9%), Margin = NaN ms (NaN% of Mean)
Skewness = NaN, Kurtosis = NaN, MValue = 2

// ** Remained 141 (89.2 %) benchmark(s) to run. Estimated finish 2026-09-26 13:49 (0h 0m from now) **
// **************************
// Benchmark: CodecSuite.Run: campaign(EvaluateOverhead=False, Clock=Armonik.Ffi.Bdn.CpuClock, Toolchain=InProcessEmitToolchain, IterationCount=1, IterationTime=2ms, LaunchCount=1, RunStrategy=Throughput, WarmupCount=1) [Case=core-(...)known [41]]
// *** Execute ***
// Launch: 1 / 1

// Benchmark Process Environment Information:
// BenchmarkDotNet v0.15.8
// Runtime=.NET 8.0.31 (8.0.31, 8.0.3126.42015), X64 RyuJIT x86-64-v4
// GC=Concurrent Workstation
// HardwareIntrinsics=AVX512 IFMA+VBMI,AVX512 F+BW+CD+DQ+VL,AVX2+BMI1+BMI2+F16C+FMA+LZCNT+MOVBE,AVX,SSE3+SSSE3+SSE4.1+SSE4.2+POPCNT,X86Base+SSE+SSE2,AES+PCLMUL,AvxVnni,SERIALIZE VectorSize=256
// Job: Job-CKBLHY(EvaluateOverhead=False, Clock=Armonik.Ffi.Bdn.CpuClock, Toolchain=InProcessEmitToolchain, IterationCount=1, IterationTime=2ms, LaunchCount=1, RunStrategy=Throughput, WarmupCount=1)

OverheadJitting  1: 1 op, 437518.00 ns, 437.5180 us/op
WorkloadJitting  1: 1 op, 561424.00 ns, 561.4240 us/op

WorkloadPilot    1: 4 op, 276989.00 ns, 69.2473 us/op
WorkloadPilot    2: 29 op, 846842.00 ns, 29.2014 us/op
WorkloadPilot    3: 68 op, 1863921.00 ns, 27.4106 us/op
WorkloadPilot    4: 73 op, 2010856.00 ns, 27.5460 us/op

WorkloadWarmup   1: 73 op, 1997637.00 ns, 27.3649 us/op

WorkloadActual   1: 73 op, 1966898.00 ns, 26.9438 us/op

WorkloadResult   1: 73 op, 1966898.00 ns, 26.9438 us/op


Mean = 26.944 us, StdErr = 0.000 us (0.00%), N = 1, StdDev = 0.000 us
Min = 26.944 us, Q1 = 26.944 us, Median = 26.944 us, Q3 = 26.944 us, Max = 26.944 us
IQR = 0.000 us, LowerFence = 26.944 us, UpperFence = 26.944 us
ConfidenceInterval = [NaN us; NaN us] (CI 99.9%), Margin = NaN us (NaN% of Mean)
Skewness = NaN, Kurtosis = NaN, MValue = 2

// ** Remained 140 (88.6 %) benchmark(s) to run. Estimated finish 2026-09-26 13:49 (0h 0m from now) **
// **************************
// Benchmark: CodecSuite.Run: campaign(EvaluateOverhead=False, Clock=Armonik.Ffi.Bdn.CpuClock, Toolchain=InProcessEmitToolchain, IterationCount=1, IterationTime=2ms, LaunchCount=1, RunStrategy=Throughput, WarmupCount=1) [Case=core-(...)known [52]]
// *** Execute ***
// Launch: 1 / 1

// Benchmark Process Environment Information:
// BenchmarkDotNet v0.15.8
// Runtime=.NET 8.0.31 (8.0.31, 8.0.3126.42015), X64 RyuJIT x86-64-v4
// GC=Concurrent Workstation
// HardwareIntrinsics=AVX512 IFMA+VBMI,AVX512 F+BW+CD+DQ+VL,AVX2+BMI1+BMI2+F16C+FMA+LZCNT+MOVBE,AVX,SSE3+SSSE3+SSE4.1+SSE4.2+POPCNT,X86Base+SSE+SSE2,AES+PCLMUL,AvxVnni,SERIALIZE VectorSize=256
// Job: Job-CKBLHY(EvaluateOverhead=False, Clock=Armonik.Ffi.Bdn.CpuClock, Toolchain=InProcessEmitToolchain, IterationCount=1, IterationTime=2ms, LaunchCount=1, RunStrategy=Throughput, WarmupCount=1)

OverheadJitting  1: 1 op, 583892.00 ns, 583.8920 us/op
WorkloadJitting  1: 1 op, 2942172.00 ns, 2.9422 ms/op

OverheadJitting  2: 1 op, 4454.00 ns, 4.4540 us/op
WorkloadJitting  2: 1 op, 1752502.00 ns, 1.7525 ms/op

WorkloadWarmup   1: 1 op, 1609307.00 ns, 1.6093 ms/op

WorkloadActual   1: 1 op, 4375978.00 ns, 4.3760 ms/op

WorkloadResult   1: 1 op, 4375978.00 ns, 4.3760 ms/op


Mean = 4.376 ms, StdErr = 0.000 ms (0.00%), N = 1, StdDev = 0.000 ms
Min = 4.376 ms, Q1 = 4.376 ms, Median = 4.376 ms, Q3 = 4.376 ms, Max = 4.376 ms
IQR = 0.000 ms, LowerFence = 4.376 ms, UpperFence = 4.376 ms
ConfidenceInterval = [NaN ms; NaN ms] (CI 99.9%), Margin = NaN ms (NaN% of Mean)
Skewness = NaN, Kurtosis = NaN, MValue = 2

// ** Remained 139 (88.0 %) benchmark(s) to run. Estimated finish 2026-09-26 13:49 (0h 0m from now) **
// **************************
// Benchmark: CodecSuite.Run: campaign(EvaluateOverhead=False, Clock=Armonik.Ffi.Bdn.CpuClock, Toolchain=InProcessEmitToolchain, IterationCount=1, IterationTime=2ms, LaunchCount=1, RunStrategy=Throughput, WarmupCount=1) [Case=core-(...)known [41]]
// *** Execute ***
// Launch: 1 / 1

// Benchmark Process Environment Information:
// BenchmarkDotNet v0.15.8
// Runtime=.NET 8.0.31 (8.0.31, 8.0.3126.42015), X64 RyuJIT x86-64-v4
// GC=Concurrent Workstation
// HardwareIntrinsics=AVX512 IFMA+VBMI,AVX512 F+BW+CD+DQ+VL,AVX2+BMI1+BMI2+F16C+FMA+LZCNT+MOVBE,AVX,SSE3+SSSE3+SSE4.1+SSE4.2+POPCNT,X86Base+SSE+SSE2,AES+PCLMUL,AvxVnni,SERIALIZE VectorSize=256
// Job: Job-CKBLHY(EvaluateOverhead=False, Clock=Armonik.Ffi.Bdn.CpuClock, Toolchain=InProcessEmitToolchain, IterationCount=1, IterationTime=2ms, LaunchCount=1, RunStrategy=Throughput, WarmupCount=1)

OverheadJitting  1: 1 op, 402076.00 ns, 402.0760 us/op
WorkloadJitting  1: 1 op, 435834.00 ns, 435.8340 us/op

WorkloadPilot    1: 4 op, 24487.00 ns, 6.1218 us/op
WorkloadPilot    2: 327 op, 632840.00 ns, 1.9353 us/op
WorkloadPilot    3: 1033 op, 1953058.00 ns, 1.8907 us/op
WorkloadPilot    4: 1058 op, 2034889.00 ns, 1.9233 us/op
WorkloadPilot    5: 1040 op, 2179848.00 ns, 2.0960 us/op
WorkloadPilot    6: 954 op, 1868920.00 ns, 1.9590 us/op
WorkloadPilot    7: 1021 op, 2008126.00 ns, 1.9668 us/op

WorkloadWarmup   1: 1021 op, 1959310.00 ns, 1.9190 us/op

WorkloadActual   1: 1021 op, 2068111.00 ns, 2.0256 us/op

WorkloadResult   1: 1021 op, 2068111.00 ns, 2.0256 us/op


Mean = 2.026 us, StdErr = 0.000 us (0.00%), N = 1, StdDev = 0.000 us
Min = 2.026 us, Q1 = 2.026 us, Median = 2.026 us, Q3 = 2.026 us, Max = 2.026 us
IQR = 0.000 us, LowerFence = 2.026 us, UpperFence = 2.026 us
ConfidenceInterval = [NaN us; NaN us] (CI 99.9%), Margin = NaN us (NaN% of Mean)
Skewness = NaN, Kurtosis = NaN, MValue = 2

// ** Remained 138 (87.3 %) benchmark(s) to run. Estimated finish 2026-09-26 13:49 (0h 0m from now) **
// **************************
// Benchmark: CodecSuite.Run: campaign(EvaluateOverhead=False, Clock=Armonik.Ffi.Bdn.CpuClock, Toolchain=InProcessEmitToolchain, IterationCount=1, IterationTime=2ms, LaunchCount=1, RunStrategy=Throughput, WarmupCount=1) [Case=core-(...)known [43]]
// *** Execute ***
// Launch: 1 / 1

// Benchmark Process Environment Information:
// BenchmarkDotNet v0.15.8
// Runtime=.NET 8.0.31 (8.0.31, 8.0.3126.42015), X64 RyuJIT x86-64-v4
// GC=Concurrent Workstation
// HardwareIntrinsics=AVX512 IFMA+VBMI,AVX512 F+BW+CD+DQ+VL,AVX2+BMI1+BMI2+F16C+FMA+LZCNT+MOVBE,AVX,SSE3+SSSE3+SSE4.1+SSE4.2+POPCNT,X86Base+SSE+SSE2,AES+PCLMUL,AvxVnni,SERIALIZE VectorSize=256
// Job: Job-CKBLHY(EvaluateOverhead=False, Clock=Armonik.Ffi.Bdn.CpuClock, Toolchain=InProcessEmitToolchain, IterationCount=1, IterationTime=2ms, LaunchCount=1, RunStrategy=Throughput, WarmupCount=1)

OverheadJitting  1: 1 op, 587302.00 ns, 587.3020 us/op
WorkloadJitting  1: 1 op, 3720813.00 ns, 3.7208 ms/op

OverheadJitting  2: 1 op, 5045.00 ns, 5.0450 us/op
WorkloadJitting  2: 1 op, 3083119.00 ns, 3.0831 ms/op

WorkloadWarmup   1: 1 op, 3075219.00 ns, 3.0752 ms/op

WorkloadActual   1: 1 op, 3045817.00 ns, 3.0458 ms/op

WorkloadResult   1: 1 op, 3045817.00 ns, 3.0458 ms/op


Mean = 3.046 ms, StdErr = 0.000 ms (0.00%), N = 1, StdDev = 0.000 ms
Min = 3.046 ms, Q1 = 3.046 ms, Median = 3.046 ms, Q3 = 3.046 ms, Max = 3.046 ms
IQR = 0.000 ms, LowerFence = 3.046 ms, UpperFence = 3.046 ms
ConfidenceInterval = [NaN ms; NaN ms] (CI 99.9%), Margin = NaN ms (NaN% of Mean)
Skewness = NaN, Kurtosis = NaN, MValue = 2

// ** Remained 137 (86.7 %) benchmark(s) to run. Estimated finish 2026-09-26 13:49 (0h 0m from now) **
// **************************
// Benchmark: CodecSuite.Run: campaign(EvaluateOverhead=False, Clock=Armonik.Ffi.Bdn.CpuClock, Toolchain=InProcessEmitToolchain, IterationCount=1, IterationTime=2ms, LaunchCount=1, RunStrategy=Throughput, WarmupCount=1) [Case=core-(...)known [41]]
// *** Execute ***
// Launch: 1 / 1

// Benchmark Process Environment Information:
// BenchmarkDotNet v0.15.8
// Runtime=.NET 8.0.31 (8.0.31, 8.0.3126.42015), X64 RyuJIT x86-64-v4
// GC=Concurrent Workstation
// HardwareIntrinsics=AVX512 IFMA+VBMI,AVX512 F+BW+CD+DQ+VL,AVX2+BMI1+BMI2+F16C+FMA+LZCNT+MOVBE,AVX,SSE3+SSSE3+SSE4.1+SSE4.2+POPCNT,X86Base+SSE+SSE2,AES+PCLMUL,AvxVnni,SERIALIZE VectorSize=256
// Job: Job-CKBLHY(EvaluateOverhead=False, Clock=Armonik.Ffi.Bdn.CpuClock, Toolchain=InProcessEmitToolchain, IterationCount=1, IterationTime=2ms, LaunchCount=1, RunStrategy=Throughput, WarmupCount=1)

OverheadJitting  1: 1 op, 580241.00 ns, 580.2410 us/op
WorkloadJitting  1: 1 op, 1184182.00 ns, 1.1842 ms/op

WorkloadPilot    1: 4 op, 1061936.00 ns, 265.4840 us/op
WorkloadPilot    2: 8 op, 1864281.00 ns, 233.0351 us/op

WorkloadWarmup   1: 8 op, 1927239.00 ns, 240.9049 us/op

WorkloadActual   1: 8 op, 1894989.00 ns, 236.8736 us/op

WorkloadResult   1: 8 op, 1894989.00 ns, 236.8736 us/op


Mean = 236.874 us, StdErr = 0.000 us (0.00%), N = 1, StdDev = 0.000 us
Min = 236.874 us, Q1 = 236.874 us, Median = 236.874 us, Q3 = 236.874 us, Max = 236.874 us
IQR = 0.000 us, LowerFence = 236.874 us, UpperFence = 236.874 us
ConfidenceInterval = [NaN us; NaN us] (CI 99.9%), Margin = NaN us (NaN% of Mean)
Skewness = NaN, Kurtosis = NaN, MValue = 2

// ** Remained 136 (86.1 %) benchmark(s) to run. Estimated finish 2026-09-26 13:49 (0h 0m from now) **
// **************************
// Benchmark: CodecSuite.Run: campaign(EvaluateOverhead=False, Clock=Armonik.Ffi.Bdn.CpuClock, Toolchain=InProcessEmitToolchain, IterationCount=1, IterationTime=2ms, LaunchCount=1, RunStrategy=Throughput, WarmupCount=1) [Case=core-(...)known [46]]
// *** Execute ***
// Launch: 1 / 1

// Benchmark Process Environment Information:
// BenchmarkDotNet v0.15.8
// Runtime=.NET 8.0.31 (8.0.31, 8.0.3126.42015), X64 RyuJIT x86-64-v4
// GC=Concurrent Workstation
// HardwareIntrinsics=AVX512 IFMA+VBMI,AVX512 F+BW+CD+DQ+VL,AVX2+BMI1+BMI2+F16C+FMA+LZCNT+MOVBE,AVX,SSE3+SSSE3+SSE4.1+SSE4.2+POPCNT,X86Base+SSE+SSE2,AES+PCLMUL,AvxVnni,SERIALIZE VectorSize=256
// Job: Job-CKBLHY(EvaluateOverhead=False, Clock=Armonik.Ffi.Bdn.CpuClock, Toolchain=InProcessEmitToolchain, IterationCount=1, IterationTime=2ms, LaunchCount=1, RunStrategy=Throughput, WarmupCount=1)

OverheadJitting  1: 1 op, 686629.00 ns, 686.6290 us/op
WorkloadJitting  1: 1 op, 4286996.00 ns, 4.2870 ms/op

OverheadJitting  2: 1 op, 4548.00 ns, 4.5480 us/op
WorkloadJitting  2: 1 op, 2056256.00 ns, 2.0563 ms/op

WorkloadWarmup   1: 1 op, 1967694.00 ns, 1.9677 ms/op

WorkloadActual   1: 1 op, 1911257.00 ns, 1.9113 ms/op

WorkloadResult   1: 1 op, 1911257.00 ns, 1.9113 ms/op


Mean = 1.911 ms, StdErr = 0.000 ms (0.00%), N = 1, StdDev = 0.000 ms
Min = 1.911 ms, Q1 = 1.911 ms, Median = 1.911 ms, Q3 = 1.911 ms, Max = 1.911 ms
IQR = 0.000 ms, LowerFence = 1.911 ms, UpperFence = 1.911 ms
ConfidenceInterval = [NaN ms; NaN ms] (CI 99.9%), Margin = NaN ms (NaN% of Mean)
Skewness = NaN, Kurtosis = NaN, MValue = 2

// ** Remained 135 (85.4 %) benchmark(s) to run. Estimated finish 2026-09-26 13:49 (0h 0m from now) **
// **************************
// Benchmark: CodecSuite.Run: campaign(EvaluateOverhead=False, Clock=Armonik.Ffi.Bdn.CpuClock, Toolchain=InProcessEmitToolchain, IterationCount=1, IterationTime=2ms, LaunchCount=1, RunStrategy=Throughput, WarmupCount=1) [Case=core-(...)known [36]]
// *** Execute ***
// Launch: 1 / 1

// Benchmark Process Environment Information:
// BenchmarkDotNet v0.15.8
// Runtime=.NET 8.0.31 (8.0.31, 8.0.3126.42015), X64 RyuJIT x86-64-v4
// GC=Concurrent Workstation
// HardwareIntrinsics=AVX512 IFMA+VBMI,AVX512 F+BW+CD+DQ+VL,AVX2+BMI1+BMI2+F16C+FMA+LZCNT+MOVBE,AVX,SSE3+SSSE3+SSE4.1+SSE4.2+POPCNT,X86Base+SSE+SSE2,AES+PCLMUL,AvxVnni,SERIALIZE VectorSize=256
// Job: Job-CKBLHY(EvaluateOverhead=False, Clock=Armonik.Ffi.Bdn.CpuClock, Toolchain=InProcessEmitToolchain, IterationCount=1, IterationTime=2ms, LaunchCount=1, RunStrategy=Throughput, WarmupCount=1)

OverheadJitting  1: 1 op, 488710.00 ns, 488.7100 us/op
WorkloadJitting  1: 1 op, 1898267.00 ns, 1.8983 ms/op

OverheadJitting  2: 1 op, 4227.00 ns, 4.2270 us/op
WorkloadJitting  2: 1 op, 827885.00 ns, 827.8850 us/op

WorkloadPilot    1: 4 op, 4896347.00 ns, 1.2241 ms/op
WorkloadPilot    2: 2 op, 1472169.00 ns, 736.0845 us/op

WorkloadWarmup   1: 2 op, 1147969.00 ns, 573.9845 us/op

WorkloadActual   1: 2 op, 1001413.00 ns, 500.7065 us/op

WorkloadResult   1: 2 op, 1001413.00 ns, 500.7065 us/op


Mean = 500.707 us, StdErr = 0.000 us (0.00%), N = 1, StdDev = 0.000 us
Min = 500.707 us, Q1 = 500.707 us, Median = 500.707 us, Q3 = 500.707 us, Max = 500.707 us
IQR = 0.000 us, LowerFence = 500.707 us, UpperFence = 500.707 us
ConfidenceInterval = [NaN us; NaN us] (CI 99.9%), Margin = NaN us (NaN% of Mean)
Skewness = NaN, Kurtosis = NaN, MValue = 2

// ** Remained 134 (84.8 %) benchmark(s) to run. Estimated finish 2026-09-26 13:49 (0h 0m from now) **
// **************************
// Benchmark: CodecSuite.Run: campaign(EvaluateOverhead=False, Clock=Armonik.Ffi.Bdn.CpuClock, Toolchain=InProcessEmitToolchain, IterationCount=1, IterationTime=2ms, LaunchCount=1, RunStrategy=Throughput, WarmupCount=1) [Case=core-(...)known [46]]
// *** Execute ***
// Launch: 1 / 1

// Benchmark Process Environment Information:
// BenchmarkDotNet v0.15.8
// Runtime=.NET 8.0.31 (8.0.31, 8.0.3126.42015), X64 RyuJIT x86-64-v4
// GC=Concurrent Workstation
// HardwareIntrinsics=AVX512 IFMA+VBMI,AVX512 F+BW+CD+DQ+VL,AVX2+BMI1+BMI2+F16C+FMA+LZCNT+MOVBE,AVX,SSE3+SSSE3+SSE4.1+SSE4.2+POPCNT,X86Base+SSE+SSE2,AES+PCLMUL,AvxVnni,SERIALIZE VectorSize=256
// Job: Job-CKBLHY(EvaluateOverhead=False, Clock=Armonik.Ffi.Bdn.CpuClock, Toolchain=InProcessEmitToolchain, IterationCount=1, IterationTime=2ms, LaunchCount=1, RunStrategy=Throughput, WarmupCount=1)

OverheadJitting  1: 1 op, 433388.00 ns, 433.3880 us/op
WorkloadJitting  1: 1 op, 432452.00 ns, 432.4520 us/op

WorkloadPilot    1: 4 op, 24140.00 ns, 6.0350 us/op
WorkloadPilot    2: 331 op, 525072.00 ns, 1.5863 us/op
WorkloadPilot    3: 1261 op, 1827912.00 ns, 1.4496 us/op
WorkloadPilot    4: 1380 op, 1394646.00 ns, 1.0106 us/op
WorkloadPilot    5: 1979 op, 2165788.00 ns, 1.0944 us/op
WorkloadPilot    6: 1828 op, 2779083.00 ns, 1.5203 us/op
WorkloadPilot    7: 1316 op, 1158672.00 ns, 880.4498 ns/op
WorkloadPilot    8: 2272 op, 2301261.00 ns, 1.0129 us/op

WorkloadWarmup   1: 2272 op, 2390450.00 ns, 1.0521 us/op

WorkloadActual   1: 2272 op, 2069646.00 ns, 910.9357 ns/op

WorkloadResult   1: 2272 op, 2069646.00 ns, 910.9357 ns/op


Mean = 910.936 ns, StdErr = 0.000 ns (0.00%), N = 1, StdDev = 0.000 ns
Min = 910.936 ns, Q1 = 910.936 ns, Median = 910.936 ns, Q3 = 910.936 ns, Max = 910.936 ns
IQR = 0.000 ns, LowerFence = 910.936 ns, UpperFence = 910.936 ns
ConfidenceInterval = [NaN ns; NaN ns] (CI 99.9%), Margin = NaN ns (NaN% of Mean)
Skewness = NaN, Kurtosis = NaN, MValue = 2

// ** Remained 133 (84.2 %) benchmark(s) to run. Estimated finish 2026-09-26 13:49 (0h 0m from now) **
// **************************
// Benchmark: CodecSuite.Run: campaign(EvaluateOverhead=False, Clock=Armonik.Ffi.Bdn.CpuClock, Toolchain=InProcessEmitToolchain, IterationCount=1, IterationTime=2ms, LaunchCount=1, RunStrategy=Throughput, WarmupCount=1) [Case=core-(...)known [41]]
// *** Execute ***
// Launch: 1 / 1

// Benchmark Process Environment Information:
// BenchmarkDotNet v0.15.8
// Runtime=.NET 8.0.31 (8.0.31, 8.0.3126.42015), X64 RyuJIT x86-64-v4
// GC=Concurrent Workstation
// HardwareIntrinsics=AVX512 IFMA+VBMI,AVX512 F+BW+CD+DQ+VL,AVX2+BMI1+BMI2+F16C+FMA+LZCNT+MOVBE,AVX,SSE3+SSSE3+SSE4.1+SSE4.2+POPCNT,X86Base+SSE+SSE2,AES+PCLMUL,AvxVnni,SERIALIZE VectorSize=256
// Job: Job-CKBLHY(EvaluateOverhead=False, Clock=Armonik.Ffi.Bdn.CpuClock, Toolchain=InProcessEmitToolchain, IterationCount=1, IterationTime=2ms, LaunchCount=1, RunStrategy=Throughput, WarmupCount=1)

OverheadJitting  1: 1 op, 446878.00 ns, 446.8780 us/op
WorkloadJitting  1: 1 op, 382796.00 ns, 382.7960 us/op

WorkloadPilot    1: 4 op, 27443.00 ns, 6.8608 us/op
WorkloadPilot    2: 292 op, 475130.00 ns, 1.6272 us/op
WorkloadPilot    3: 1229 op, 1946796.00 ns, 1.5840 us/op
WorkloadPilot    4: 1263 op, 1941976.00 ns, 1.5376 us/op
WorkloadPilot    5: 1301 op, 2096149.00 ns, 1.6112 us/op
WorkloadPilot    6: 1241 op, 1910774.00 ns, 1.5397 us/op
WorkloadPilot    7: 1299 op, 1943121.00 ns, 1.4959 us/op
WorkloadPilot    8: 1337 op, 1190226.00 ns, 890.2214 ns/op
WorkloadPilot    9: 2247 op, 2129669.00 ns, 947.7833 ns/op
WorkloadPilot   10: 2110 op, 1859804.00 ns, 881.4237 ns/op
WorkloadPilot   11: 2269 op, 2200202.00 ns, 969.6792 ns/op

WorkloadWarmup   1: 2269 op, 1980758.00 ns, 872.9652 ns/op

WorkloadActual   1: 2269 op, 2037153.00 ns, 897.8197 ns/op

WorkloadResult   1: 2269 op, 2037153.00 ns, 897.8197 ns/op


Mean = 897.820 ns, StdErr = 0.000 ns (0.00%), N = 1, StdDev = 0.000 ns
Min = 897.820 ns, Q1 = 897.820 ns, Median = 897.820 ns, Q3 = 897.820 ns, Max = 897.820 ns
IQR = 0.000 ns, LowerFence = 897.820 ns, UpperFence = 897.820 ns
ConfidenceInterval = [NaN ns; NaN ns] (CI 99.9%), Margin = NaN ns (NaN% of Mean)
Skewness = NaN, Kurtosis = NaN, MValue = 2

// ** Remained 132 (83.5 %) benchmark(s) to run. Estimated finish 2026-09-26 13:49 (0h 0m from now) **
// **************************
// Benchmark: CodecSuite.Run: campaign(EvaluateOverhead=False, Clock=Armonik.Ffi.Bdn.CpuClock, Toolchain=InProcessEmitToolchain, IterationCount=1, IterationTime=2ms, LaunchCount=1, RunStrategy=Throughput, WarmupCount=1) [Case=core-(...)known [37]]
// *** Execute ***
// Launch: 1 / 1

// Benchmark Process Environment Information:
// BenchmarkDotNet v0.15.8
// Runtime=.NET 8.0.31 (8.0.31, 8.0.3126.42015), X64 RyuJIT x86-64-v4
// GC=Concurrent Workstation
// HardwareIntrinsics=AVX512 IFMA+VBMI,AVX512 F+BW+CD+DQ+VL,AVX2+BMI1+BMI2+F16C+FMA+LZCNT+MOVBE,AVX,SSE3+SSSE3+SSE4.1+SSE4.2+POPCNT,X86Base+SSE+SSE2,AES+PCLMUL,AvxVnni,SERIALIZE VectorSize=256
// Job: Job-CKBLHY(EvaluateOverhead=False, Clock=Armonik.Ffi.Bdn.CpuClock, Toolchain=InProcessEmitToolchain, IterationCount=1, IterationTime=2ms, LaunchCount=1, RunStrategy=Throughput, WarmupCount=1)

OverheadJitting  1: 1 op, 380349.00 ns, 380.3490 us/op
WorkloadJitting  1: 1 op, 447681.00 ns, 447.6810 us/op

WorkloadPilot    1: 4 op, 117797.00 ns, 29.4493 us/op
WorkloadPilot    2: 68 op, 415830.00 ns, 6.1151 us/op
WorkloadPilot    3: 327 op, 1835138.00 ns, 5.6120 us/op
WorkloadPilot    4: 356 op, 1335002.00 ns, 3.7500 us/op
WorkloadPilot    5: 533 op, 2165419.00 ns, 4.0627 us/op
WorkloadPilot    6: 492 op, 2661052.00 ns, 5.4086 us/op
WorkloadPilot    7: 370 op, 1236220.00 ns, 3.3411 us/op
WorkloadPilot    8: 599 op, 2188962.00 ns, 3.6544 us/op

WorkloadWarmup   1: 599 op, 2254453.00 ns, 3.7637 us/op

WorkloadActual   1: 599 op, 1944373.00 ns, 3.2460 us/op

WorkloadResult   1: 599 op, 1944373.00 ns, 3.2460 us/op


Mean = 3.246 us, StdErr = 0.000 us (0.00%), N = 1, StdDev = 0.000 us
Min = 3.246 us, Q1 = 3.246 us, Median = 3.246 us, Q3 = 3.246 us, Max = 3.246 us
IQR = 0.000 us, LowerFence = 3.246 us, UpperFence = 3.246 us
ConfidenceInterval = [NaN us; NaN us] (CI 99.9%), Margin = NaN us (NaN% of Mean)
Skewness = NaN, Kurtosis = NaN, MValue = 2

// ** Remained 131 (82.9 %) benchmark(s) to run. Estimated finish 2026-09-26 13:49 (0h 0m from now) **
// **************************
// Benchmark: CodecSuite.Run: campaign(EvaluateOverhead=False, Clock=Armonik.Ffi.Bdn.CpuClock, Toolchain=InProcessEmitToolchain, IterationCount=1, IterationTime=2ms, LaunchCount=1, RunStrategy=Throughput, WarmupCount=1) [Case=core-(...)known [37]]
// *** Execute ***
// Launch: 1 / 1

// Benchmark Process Environment Information:
// BenchmarkDotNet v0.15.8
// Runtime=.NET 8.0.31 (8.0.31, 8.0.3126.42015), X64 RyuJIT x86-64-v4
// GC=Concurrent Workstation
// HardwareIntrinsics=AVX512 IFMA+VBMI,AVX512 F+BW+CD+DQ+VL,AVX2+BMI1+BMI2+F16C+FMA+LZCNT+MOVBE,AVX,SSE3+SSSE3+SSE4.1+SSE4.2+POPCNT,X86Base+SSE+SSE2,AES+PCLMUL,AvxVnni,SERIALIZE VectorSize=256
// Job: Job-CKBLHY(EvaluateOverhead=False, Clock=Armonik.Ffi.Bdn.CpuClock, Toolchain=InProcessEmitToolchain, IterationCount=1, IterationTime=2ms, LaunchCount=1, RunStrategy=Throughput, WarmupCount=1)

OverheadJitting  1: 1 op, 380090.00 ns, 380.0900 us/op
WorkloadJitting  1: 1 op, 343026.00 ns, 343.0260 us/op

WorkloadPilot    1: 4 op, 114968.00 ns, 28.7420 us/op
WorkloadPilot    2: 70 op, 2671232.00 ns, 38.1605 us/op
WorkloadPilot    3: 52 op, 474612.00 ns, 9.1272 us/op
WorkloadPilot    4: 219 op, 6300854.00 ns, 28.7710 us/op
WorkloadPilot    5: 70 op, 600900.00 ns, 8.5843 us/op
WorkloadPilot    6: 233 op, 5615301.00 ns, 24.1000 us/op

WorkloadWarmup   1: 233 op, 2056432.00 ns, 8.8259 us/op

WorkloadActual   1: 233 op, 2136766.00 ns, 9.1707 us/op

WorkloadResult   1: 233 op, 2136766.00 ns, 9.1707 us/op


Mean = 9.171 us, StdErr = 0.000 us (0.00%), N = 1, StdDev = 0.000 us
Min = 9.171 us, Q1 = 9.171 us, Median = 9.171 us, Q3 = 9.171 us, Max = 9.171 us
IQR = 0.000 us, LowerFence = 9.171 us, UpperFence = 9.171 us
ConfidenceInterval = [NaN us; NaN us] (CI 99.9%), Margin = NaN us (NaN% of Mean)
Skewness = NaN, Kurtosis = NaN, MValue = 2

// ** Remained 130 (82.3 %) benchmark(s) to run. Estimated finish 2026-09-26 13:49 (0h 0m from now) **
// **************************
// Benchmark: CodecSuite.Run: campaign(EvaluateOverhead=False, Clock=Armonik.Ffi.Bdn.CpuClock, Toolchain=InProcessEmitToolchain, IterationCount=1, IterationTime=2ms, LaunchCount=1, RunStrategy=Throughput, WarmupCount=1) [Case=core-(...)known [46]]
// *** Execute ***
// Launch: 1 / 1

// Benchmark Process Environment Information:
// BenchmarkDotNet v0.15.8
// Runtime=.NET 8.0.31 (8.0.31, 8.0.3126.42015), X64 RyuJIT x86-64-v4
// GC=Concurrent Workstation
// HardwareIntrinsics=AVX512 IFMA+VBMI,AVX512 F+BW+CD+DQ+VL,AVX2+BMI1+BMI2+F16C+FMA+LZCNT+MOVBE,AVX,SSE3+SSSE3+SSE4.1+SSE4.2+POPCNT,X86Base+SSE+SSE2,AES+PCLMUL,AvxVnni,SERIALIZE VectorSize=256
// Job: Job-CKBLHY(EvaluateOverhead=False, Clock=Armonik.Ffi.Bdn.CpuClock, Toolchain=InProcessEmitToolchain, IterationCount=1, IterationTime=2ms, LaunchCount=1, RunStrategy=Throughput, WarmupCount=1)

OverheadJitting  1: 1 op, 609705.00 ns, 609.7050 us/op
WorkloadJitting  1: 1 op, 6635526.00 ns, 6.6355 ms/op

OverheadJitting  2: 1 op, 3514.00 ns, 3.5140 us/op
WorkloadJitting  2: 1 op, 3242114.00 ns, 3.2421 ms/op

WorkloadWarmup   1: 1 op, 3094866.00 ns, 3.0949 ms/op

WorkloadActual   1: 1 op, 3186349.00 ns, 3.1863 ms/op

WorkloadResult   1: 1 op, 3186349.00 ns, 3.1863 ms/op


Mean = 3.186 ms, StdErr = 0.000 ms (0.00%), N = 1, StdDev = 0.000 ms
Min = 3.186 ms, Q1 = 3.186 ms, Median = 3.186 ms, Q3 = 3.186 ms, Max = 3.186 ms
IQR = 0.000 ms, LowerFence = 3.186 ms, UpperFence = 3.186 ms
ConfidenceInterval = [NaN ms; NaN ms] (CI 99.9%), Margin = NaN ms (NaN% of Mean)
Skewness = NaN, Kurtosis = NaN, MValue = 2

// ** Remained 129 (81.6 %) benchmark(s) to run. Estimated finish 2026-09-26 13:49 (0h 0m from now) **
// **************************
// Benchmark: CodecSuite.Run: campaign(EvaluateOverhead=False, Clock=Armonik.Ffi.Bdn.CpuClock, Toolchain=InProcessEmitToolchain, IterationCount=1, IterationTime=2ms, LaunchCount=1, RunStrategy=Throughput, WarmupCount=1) [Case=core-(...)known [41]]
// *** Execute ***
// Launch: 1 / 1

// Benchmark Process Environment Information:
// BenchmarkDotNet v0.15.8
// Runtime=.NET 8.0.31 (8.0.31, 8.0.3126.42015), X64 RyuJIT x86-64-v4
// GC=Concurrent Workstation
// HardwareIntrinsics=AVX512 IFMA+VBMI,AVX512 F+BW+CD+DQ+VL,AVX2+BMI1+BMI2+F16C+FMA+LZCNT+MOVBE,AVX,SSE3+SSSE3+SSE4.1+SSE4.2+POPCNT,X86Base+SSE+SSE2,AES+PCLMUL,AvxVnni,SERIALIZE VectorSize=256
// Job: Job-CKBLHY(EvaluateOverhead=False, Clock=Armonik.Ffi.Bdn.CpuClock, Toolchain=InProcessEmitToolchain, IterationCount=1, IterationTime=2ms, LaunchCount=1, RunStrategy=Throughput, WarmupCount=1)

OverheadJitting  1: 1 op, 467862.00 ns, 467.8620 us/op
WorkloadJitting  1: 1 op, 2825112.00 ns, 2.8251 ms/op

OverheadJitting  2: 1 op, 3658.00 ns, 3.6580 us/op
WorkloadJitting  2: 1 op, 10721.00 ns, 10.7210 us/op

OverheadJitting  3: 16 op, 951395.00 ns, 59.4622 us/op
WorkloadJitting  3: 16 op, 10186650.00 ns, 636.6656 us/op

WorkloadPilot    1: 16 op, 15223.00 ns, 951.4375 ns/op
WorkloadPilot    2: 2112 op, 244349.00 ns, 115.6955 ns/op
WorkloadPilot    3: 17296 op, 1779441.00 ns, 102.8816 ns/op
WorkloadPilot    4: 19440 op, 1996540.00 ns, 102.7027 ns/op
WorkloadPilot    5: 19488 op, 1965824.00 ns, 100.8736 ns/op
WorkloadPilot    6: 19840 op, 2018233.00 ns, 101.7255 ns/op
WorkloadPilot    7: 19664 op, 2025618.00 ns, 103.0115 ns/op
WorkloadPilot    8: 19424 op, 2579984.00 ns, 132.8245 ns/op

WorkloadWarmup   1: 19424 op, 2009571.00 ns, 103.4581 ns/op

WorkloadActual   1: 19424 op, 1935209.00 ns, 99.6298 ns/op

WorkloadResult   1: 19424 op, 1935209.00 ns, 99.6298 ns/op


Mean = 99.630 ns, StdErr = 0.000 ns (0.00%), N = 1, StdDev = 0.000 ns
Min = 99.630 ns, Q1 = 99.630 ns, Median = 99.630 ns, Q3 = 99.630 ns, Max = 99.630 ns
IQR = 0.000 ns, LowerFence = 99.630 ns, UpperFence = 99.630 ns
ConfidenceInterval = [NaN ns; NaN ns] (CI 99.9%), Margin = NaN ns (NaN% of Mean)
Skewness = NaN, Kurtosis = NaN, MValue = 2

// ** Remained 128 (81.0 %) benchmark(s) to run. Estimated finish 2026-09-26 13:49 (0h 0m from now) **
// **************************
// Benchmark: CodecSuite.Run: campaign(EvaluateOverhead=False, Clock=Armonik.Ffi.Bdn.CpuClock, Toolchain=InProcessEmitToolchain, IterationCount=1, IterationTime=2ms, LaunchCount=1, RunStrategy=Throughput, WarmupCount=1) [Case=core-(...)known [48]]
// *** Execute ***
// Launch: 1 / 1

// Benchmark Process Environment Information:
// BenchmarkDotNet v0.15.8
// Runtime=.NET 8.0.31 (8.0.31, 8.0.3126.42015), X64 RyuJIT x86-64-v4
// GC=Concurrent Workstation
// HardwareIntrinsics=AVX512 IFMA+VBMI,AVX512 F+BW+CD+DQ+VL,AVX2+BMI1+BMI2+F16C+FMA+LZCNT+MOVBE,AVX,SSE3+SSSE3+SSE4.1+SSE4.2+POPCNT,X86Base+SSE+SSE2,AES+PCLMUL,AvxVnni,SERIALIZE VectorSize=256
// Job: Job-CKBLHY(EvaluateOverhead=False, Clock=Armonik.Ffi.Bdn.CpuClock, Toolchain=InProcessEmitToolchain, IterationCount=1, IterationTime=2ms, LaunchCount=1, RunStrategy=Throughput, WarmupCount=1)

OverheadJitting  1: 1 op, 588366.00 ns, 588.3660 us/op
WorkloadJitting  1: 1 op, 5679858.00 ns, 5.6799 ms/op

OverheadJitting  2: 1 op, 5347.00 ns, 5.3470 us/op
WorkloadJitting  2: 1 op, 2532279.00 ns, 2.5323 ms/op

WorkloadWarmup   1: 1 op, 2496605.00 ns, 2.4966 ms/op

WorkloadActual   1: 1 op, 2541960.00 ns, 2.5420 ms/op

WorkloadResult   1: 1 op, 2541960.00 ns, 2.5420 ms/op


Mean = 2.542 ms, StdErr = 0.000 ms (0.00%), N = 1, StdDev = 0.000 ms
Min = 2.542 ms, Q1 = 2.542 ms, Median = 2.542 ms, Q3 = 2.542 ms, Max = 2.542 ms
IQR = 0.000 ms, LowerFence = 2.542 ms, UpperFence = 2.542 ms
ConfidenceInterval = [NaN ms; NaN ms] (CI 99.9%), Margin = NaN ms (NaN% of Mean)
Skewness = NaN, Kurtosis = NaN, MValue = 2

// ** Remained 127 (80.4 %) benchmark(s) to run. Estimated finish 2026-09-26 13:49 (0h 0m from now) **
// **************************
// Benchmark: CodecSuite.Run: campaign(EvaluateOverhead=False, Clock=Armonik.Ffi.Bdn.CpuClock, Toolchain=InProcessEmitToolchain, IterationCount=1, IterationTime=2ms, LaunchCount=1, RunStrategy=Throughput, WarmupCount=1) [Case=core-(...)known [37]]
// *** Execute ***
// Launch: 1 / 1

// Benchmark Process Environment Information:
// BenchmarkDotNet v0.15.8
// Runtime=.NET 8.0.31 (8.0.31, 8.0.3126.42015), X64 RyuJIT x86-64-v4
// GC=Concurrent Workstation
// HardwareIntrinsics=AVX512 IFMA+VBMI,AVX512 F+BW+CD+DQ+VL,AVX2+BMI1+BMI2+F16C+FMA+LZCNT+MOVBE,AVX,SSE3+SSSE3+SSE4.1+SSE4.2+POPCNT,X86Base+SSE+SSE2,AES+PCLMUL,AvxVnni,SERIALIZE VectorSize=256
// Job: Job-CKBLHY(EvaluateOverhead=False, Clock=Armonik.Ffi.Bdn.CpuClock, Toolchain=InProcessEmitToolchain, IterationCount=1, IterationTime=2ms, LaunchCount=1, RunStrategy=Throughput, WarmupCount=1)

OverheadJitting  1: 1 op, 587182.00 ns, 587.1820 us/op
WorkloadJitting  1: 1 op, 450908.00 ns, 450.9080 us/op

WorkloadPilot    1: 4 op, 82626.00 ns, 20.6565 us/op
WorkloadPilot    2: 97 op, 1682475.00 ns, 17.3451 us/op
WorkloadPilot    3: 115 op, 2030040.00 ns, 17.6525 us/op
WorkloadPilot    4: 113 op, 2176482.00 ns, 19.2609 us/op
WorkloadPilot    5: 104 op, 1880478.00 ns, 18.0815 us/op
WorkloadPilot    6: 111 op, 2088438.00 ns, 18.8148 us/op

WorkloadWarmup   1: 111 op, 1994217.00 ns, 17.9659 us/op

WorkloadActual   1: 111 op, 2289298.00 ns, 20.6243 us/op

WorkloadResult   1: 111 op, 2289298.00 ns, 20.6243 us/op


Mean = 20.624 us, StdErr = 0.000 us (0.00%), N = 1, StdDev = 0.000 us
Min = 20.624 us, Q1 = 20.624 us, Median = 20.624 us, Q3 = 20.624 us, Max = 20.624 us
IQR = 0.000 us, LowerFence = 20.624 us, UpperFence = 20.624 us
ConfidenceInterval = [NaN us; NaN us] (CI 99.9%), Margin = NaN us (NaN% of Mean)
Skewness = NaN, Kurtosis = NaN, MValue = 2

// ** Remained 126 (79.7 %) benchmark(s) to run. Estimated finish 2026-09-26 13:49 (0h 0m from now) **
// **************************
// Benchmark: CodecSuite.Run: campaign(EvaluateOverhead=False, Clock=Armonik.Ffi.Bdn.CpuClock, Toolchain=InProcessEmitToolchain, IterationCount=1, IterationTime=2ms, LaunchCount=1, RunStrategy=Throughput, WarmupCount=1) [Case=core-(...)known [76]]
// *** Execute ***
// Launch: 1 / 1

// Benchmark Process Environment Information:
// BenchmarkDotNet v0.15.8
// Runtime=.NET 8.0.31 (8.0.31, 8.0.3126.42015), X64 RyuJIT x86-64-v4
// GC=Concurrent Workstation
// HardwareIntrinsics=AVX512 IFMA+VBMI,AVX512 F+BW+CD+DQ+VL,AVX2+BMI1+BMI2+F16C+FMA+LZCNT+MOVBE,AVX,SSE3+SSSE3+SSE4.1+SSE4.2+POPCNT,X86Base+SSE+SSE2,AES+PCLMUL,AvxVnni,SERIALIZE VectorSize=256
// Job: Job-CKBLHY(EvaluateOverhead=False, Clock=Armonik.Ffi.Bdn.CpuClock, Toolchain=InProcessEmitToolchain, IterationCount=1, IterationTime=2ms, LaunchCount=1, RunStrategy=Throughput, WarmupCount=1)

OverheadJitting  1: 1 op, 604468.00 ns, 604.4680 us/op
WorkloadJitting  1: 1 op, 510322.00 ns, 510.3220 us/op

WorkloadPilot    1: 4 op, 18149.00 ns, 4.5373 us/op
WorkloadPilot    2: 441 op, 206245.00 ns, 467.6757 ns/op
WorkloadPilot    3: 4276 op, 2043077.00 ns, 477.8010 ns/op
WorkloadPilot    4: 4186 op, 2178319.00 ns, 520.3820 ns/op
WorkloadPilot    5: 3843 op, 1797015.00 ns, 467.6073 ns/op
WorkloadPilot    6: 4277 op, 2105018.00 ns, 492.1716 ns/op

WorkloadWarmup   1: 4277 op, 2029017.00 ns, 474.4019 ns/op

WorkloadActual   1: 4277 op, 1954003.00 ns, 456.8630 ns/op

WorkloadResult   1: 4277 op, 1954003.00 ns, 456.8630 ns/op


Mean = 456.863 ns, StdErr = 0.000 ns (0.00%), N = 1, StdDev = 0.000 ns
Min = 456.863 ns, Q1 = 456.863 ns, Median = 456.863 ns, Q3 = 456.863 ns, Max = 456.863 ns
IQR = 0.000 ns, LowerFence = 456.863 ns, UpperFence = 456.863 ns
ConfidenceInterval = [NaN ns; NaN ns] (CI 99.9%), Margin = NaN ns (NaN% of Mean)
Skewness = NaN, Kurtosis = NaN, MValue = 2

// ** Remained 125 (79.1 %) benchmark(s) to run. Estimated finish 2026-09-26 13:49 (0h 0m from now) **
// **************************
// Benchmark: CodecSuite.Run: campaign(EvaluateOverhead=False, Clock=Armonik.Ffi.Bdn.CpuClock, Toolchain=InProcessEmitToolchain, IterationCount=1, IterationTime=2ms, LaunchCount=1, RunStrategy=Throughput, WarmupCount=1) [Case=core-(...)known [42]]
// *** Execute ***
// Launch: 1 / 1

// Benchmark Process Environment Information:
// BenchmarkDotNet v0.15.8
// Runtime=.NET 8.0.31 (8.0.31, 8.0.3126.42015), X64 RyuJIT x86-64-v4
// GC=Concurrent Workstation
// HardwareIntrinsics=AVX512 IFMA+VBMI,AVX512 F+BW+CD+DQ+VL,AVX2+BMI1+BMI2+F16C+FMA+LZCNT+MOVBE,AVX,SSE3+SSSE3+SSE4.1+SSE4.2+POPCNT,X86Base+SSE+SSE2,AES+PCLMUL,AvxVnni,SERIALIZE VectorSize=256
// Job: Job-CKBLHY(EvaluateOverhead=False, Clock=Armonik.Ffi.Bdn.CpuClock, Toolchain=InProcessEmitToolchain, IterationCount=1, IterationTime=2ms, LaunchCount=1, RunStrategy=Throughput, WarmupCount=1)

OverheadJitting  1: 1 op, 587928.00 ns, 587.9280 us/op
WorkloadJitting  1: 1 op, 898857.00 ns, 898.8570 us/op

WorkloadPilot    1: 4 op, 2971956.00 ns, 742.9890 us/op

WorkloadWarmup   1: 4 op, 2301424.00 ns, 575.3560 us/op

WorkloadActual   1: 4 op, 3039300.00 ns, 759.8250 us/op

WorkloadResult   1: 4 op, 3039300.00 ns, 759.8250 us/op


Mean = 759.825 us, StdErr = 0.000 us (0.00%), N = 1, StdDev = 0.000 us
Min = 759.825 us, Q1 = 759.825 us, Median = 759.825 us, Q3 = 759.825 us, Max = 759.825 us
IQR = 0.000 us, LowerFence = 759.825 us, UpperFence = 759.825 us
ConfidenceInterval = [NaN us; NaN us] (CI 99.9%), Margin = NaN us (NaN% of Mean)
Skewness = NaN, Kurtosis = NaN, MValue = 2

// ** Remained 124 (78.5 %) benchmark(s) to run. Estimated finish 2026-09-26 13:49 (0h 0m from now) **
// **************************
// Benchmark: CodecSuite.Run: campaign(EvaluateOverhead=False, Clock=Armonik.Ffi.Bdn.CpuClock, Toolchain=InProcessEmitToolchain, IterationCount=1, IterationTime=2ms, LaunchCount=1, RunStrategy=Throughput, WarmupCount=1) [Case=core-(...)known [40]]
// *** Execute ***
// Launch: 1 / 1

// Benchmark Process Environment Information:
// BenchmarkDotNet v0.15.8
// Runtime=.NET 8.0.31 (8.0.31, 8.0.3126.42015), X64 RyuJIT x86-64-v4
// GC=Concurrent Workstation
// HardwareIntrinsics=AVX512 IFMA+VBMI,AVX512 F+BW+CD+DQ+VL,AVX2+BMI1+BMI2+F16C+FMA+LZCNT+MOVBE,AVX,SSE3+SSSE3+SSE4.1+SSE4.2+POPCNT,X86Base+SSE+SSE2,AES+PCLMUL,AvxVnni,SERIALIZE VectorSize=256
// Job: Job-CKBLHY(EvaluateOverhead=False, Clock=Armonik.Ffi.Bdn.CpuClock, Toolchain=InProcessEmitToolchain, IterationCount=1, IterationTime=2ms, LaunchCount=1, RunStrategy=Throughput, WarmupCount=1)

OverheadJitting  1: 1 op, 650270.00 ns, 650.2700 us/op
WorkloadJitting  1: 1 op, 6115597.00 ns, 6.1156 ms/op

OverheadJitting  2: 1 op, 4374.00 ns, 4.3740 us/op
WorkloadJitting  2: 1 op, 3099910.00 ns, 3.0999 ms/op

WorkloadWarmup   1: 1 op, 2633427.00 ns, 2.6334 ms/op

WorkloadActual   1: 1 op, 2777399.00 ns, 2.7774 ms/op

WorkloadResult   1: 1 op, 2777399.00 ns, 2.7774 ms/op


Mean = 2.777 ms, StdErr = 0.000 ms (0.00%), N = 1, StdDev = 0.000 ms
Min = 2.777 ms, Q1 = 2.777 ms, Median = 2.777 ms, Q3 = 2.777 ms, Max = 2.777 ms
IQR = 0.000 ms, LowerFence = 2.777 ms, UpperFence = 2.777 ms
ConfidenceInterval = [NaN ms; NaN ms] (CI 99.9%), Margin = NaN ms (NaN% of Mean)
Skewness = NaN, Kurtosis = NaN, MValue = 2

// ** Remained 123 (77.8 %) benchmark(s) to run. Estimated finish 2026-09-26 13:49 (0h 0m from now) **
// **************************
// Benchmark: CodecSuite.Run: campaign(EvaluateOverhead=False, Clock=Armonik.Ffi.Bdn.CpuClock, Toolchain=InProcessEmitToolchain, IterationCount=1, IterationTime=2ms, LaunchCount=1, RunStrategy=Throughput, WarmupCount=1) [Case=core-(...)known [55]]
// *** Execute ***
// Launch: 1 / 1

// Benchmark Process Environment Information:
// BenchmarkDotNet v0.15.8
// Runtime=.NET 8.0.31 (8.0.31, 8.0.3126.42015), X64 RyuJIT x86-64-v4
// GC=Concurrent Workstation
// HardwareIntrinsics=AVX512 IFMA+VBMI,AVX512 F+BW+CD+DQ+VL,AVX2+BMI1+BMI2+F16C+FMA+LZCNT+MOVBE,AVX,SSE3+SSSE3+SSE4.1+SSE4.2+POPCNT,X86Base+SSE+SSE2,AES+PCLMUL,AvxVnni,SERIALIZE VectorSize=256
// Job: Job-CKBLHY(EvaluateOverhead=False, Clock=Armonik.Ffi.Bdn.CpuClock, Toolchain=InProcessEmitToolchain, IterationCount=1, IterationTime=2ms, LaunchCount=1, RunStrategy=Throughput, WarmupCount=1)

OverheadJitting  1: 1 op, 386019.00 ns, 386.0190 us/op
WorkloadJitting  1: 1 op, 390163.00 ns, 390.1630 us/op

WorkloadPilot    1: 4 op, 13991.00 ns, 3.4978 us/op
WorkloadPilot    2: 572 op, 81356.00 ns, 142.2308 ns/op
WorkloadPilot    3: 14062 op, 1855587.00 ns, 131.9575 ns/op
WorkloadPilot    4: 15156 op, 2015191.00 ns, 132.9632 ns/op
WorkloadPilot    5: 15042 op, 1966199.00 ns, 130.7139 ns/op
WorkloadPilot    6: 15301 op, 1966752.00 ns, 128.5375 ns/op
WorkloadPilot    7: 15560 op, 1965713.00 ns, 126.3312 ns/op
WorkloadPilot    8: 15831 op, 2058761.00 ns, 130.0462 ns/op
WorkloadPilot    9: 15379 op, 1923003.00 ns, 125.0408 ns/op
WorkloadPilot   10: 15995 op, 2095232.00 ns, 130.9929 ns/op

WorkloadWarmup   1: 15995 op, 2042975.00 ns, 127.7259 ns/op

WorkloadActual   1: 15995 op, 2040039.00 ns, 127.5423 ns/op

WorkloadResult   1: 15995 op, 2040039.00 ns, 127.5423 ns/op


Mean = 127.542 ns, StdErr = 0.000 ns (0.00%), N = 1, StdDev = 0.000 ns
Min = 127.542 ns, Q1 = 127.542 ns, Median = 127.542 ns, Q3 = 127.542 ns, Max = 127.542 ns
IQR = 0.000 ns, LowerFence = 127.542 ns, UpperFence = 127.542 ns
ConfidenceInterval = [NaN ns; NaN ns] (CI 99.9%), Margin = NaN ns (NaN% of Mean)
Skewness = NaN, Kurtosis = NaN, MValue = 2

// ** Remained 122 (77.2 %) benchmark(s) to run. Estimated finish 2026-09-26 13:49 (0h 0m from now) **
// **************************
// Benchmark: CodecSuite.Run: campaign(EvaluateOverhead=False, Clock=Armonik.Ffi.Bdn.CpuClock, Toolchain=InProcessEmitToolchain, IterationCount=1, IterationTime=2ms, LaunchCount=1, RunStrategy=Throughput, WarmupCount=1) [Case=core-(...)known [37]]
// *** Execute ***
// Launch: 1 / 1

// Benchmark Process Environment Information:
// BenchmarkDotNet v0.15.8
// Runtime=.NET 8.0.31 (8.0.31, 8.0.3126.42015), X64 RyuJIT x86-64-v4
// GC=Concurrent Workstation
// HardwareIntrinsics=AVX512 IFMA+VBMI,AVX512 F+BW+CD+DQ+VL,AVX2+BMI1+BMI2+F16C+FMA+LZCNT+MOVBE,AVX,SSE3+SSSE3+SSE4.1+SSE4.2+POPCNT,X86Base+SSE+SSE2,AES+PCLMUL,AvxVnni,SERIALIZE VectorSize=256
// Job: Job-CKBLHY(EvaluateOverhead=False, Clock=Armonik.Ffi.Bdn.CpuClock, Toolchain=InProcessEmitToolchain, IterationCount=1, IterationTime=2ms, LaunchCount=1, RunStrategy=Throughput, WarmupCount=1)

OverheadJitting  1: 1 op, 459575.00 ns, 459.5750 us/op
WorkloadJitting  1: 1 op, 3306555.00 ns, 3.3066 ms/op

OverheadJitting  2: 1 op, 4012.00 ns, 4.0120 us/op
WorkloadJitting  2: 1 op, 1628240.00 ns, 1.6282 ms/op

WorkloadWarmup   1: 1 op, 1483488.00 ns, 1.4835 ms/op

WorkloadActual   1: 1 op, 1610581.00 ns, 1.6106 ms/op

WorkloadResult   1: 1 op, 1610581.00 ns, 1.6106 ms/op


Mean = 1.611 ms, StdErr = 0.000 ms (0.00%), N = 1, StdDev = 0.000 ms
Min = 1.611 ms, Q1 = 1.611 ms, Median = 1.611 ms, Q3 = 1.611 ms, Max = 1.611 ms
IQR = 0.000 ms, LowerFence = 1.611 ms, UpperFence = 1.611 ms
ConfidenceInterval = [NaN ms; NaN ms] (CI 99.9%), Margin = NaN ms (NaN% of Mean)
Skewness = NaN, Kurtosis = NaN, MValue = 2

// ** Remained 121 (76.6 %) benchmark(s) to run. Estimated finish 2026-09-26 13:49 (0h 0m from now) **
// **************************
// Benchmark: CodecSuite.Run: campaign(EvaluateOverhead=False, Clock=Armonik.Ffi.Bdn.CpuClock, Toolchain=InProcessEmitToolchain, IterationCount=1, IterationTime=2ms, LaunchCount=1, RunStrategy=Throughput, WarmupCount=1) [Case=core-(...)known [47]]
// *** Execute ***
// Launch: 1 / 1

// Benchmark Process Environment Information:
// BenchmarkDotNet v0.15.8
// Runtime=.NET 8.0.31 (8.0.31, 8.0.3126.42015), X64 RyuJIT x86-64-v4
// GC=Concurrent Workstation
// HardwareIntrinsics=AVX512 IFMA+VBMI,AVX512 F+BW+CD+DQ+VL,AVX2+BMI1+BMI2+F16C+FMA+LZCNT+MOVBE,AVX,SSE3+SSSE3+SSE4.1+SSE4.2+POPCNT,X86Base+SSE+SSE2,AES+PCLMUL,AvxVnni,SERIALIZE VectorSize=256
// Job: Job-CKBLHY(EvaluateOverhead=False, Clock=Armonik.Ffi.Bdn.CpuClock, Toolchain=InProcessEmitToolchain, IterationCount=1, IterationTime=2ms, LaunchCount=1, RunStrategy=Throughput, WarmupCount=1)

OverheadJitting  1: 1 op, 410172.00 ns, 410.1720 us/op
WorkloadJitting  1: 1 op, 6105219.00 ns, 6.1052 ms/op

OverheadJitting  2: 1 op, 3360.00 ns, 3.3600 us/op
WorkloadJitting  2: 1 op, 3178628.00 ns, 3.1786 ms/op

WorkloadWarmup   1: 1 op, 3356093.00 ns, 3.3561 ms/op

WorkloadActual   1: 1 op, 3195736.00 ns, 3.1957 ms/op

WorkloadResult   1: 1 op, 3195736.00 ns, 3.1957 ms/op


Mean = 3.196 ms, StdErr = 0.000 ms (0.00%), N = 1, StdDev = 0.000 ms
Min = 3.196 ms, Q1 = 3.196 ms, Median = 3.196 ms, Q3 = 3.196 ms, Max = 3.196 ms
IQR = 0.000 ms, LowerFence = 3.196 ms, UpperFence = 3.196 ms
ConfidenceInterval = [NaN ms; NaN ms] (CI 99.9%), Margin = NaN ms (NaN% of Mean)
Skewness = NaN, Kurtosis = NaN, MValue = 2

// ** Remained 120 (75.9 %) benchmark(s) to run. Estimated finish 2026-09-26 13:49 (0h 0m from now) **
// **************************
// Benchmark: CodecSuite.Run: campaign(EvaluateOverhead=False, Clock=Armonik.Ffi.Bdn.CpuClock, Toolchain=InProcessEmitToolchain, IterationCount=1, IterationTime=2ms, LaunchCount=1, RunStrategy=Throughput, WarmupCount=1) [Case=core-(...)known [51]]
// *** Execute ***
// Launch: 1 / 1

// Benchmark Process Environment Information:
// BenchmarkDotNet v0.15.8
// Runtime=.NET 8.0.31 (8.0.31, 8.0.3126.42015), X64 RyuJIT x86-64-v4
// GC=Concurrent Workstation
// HardwareIntrinsics=AVX512 IFMA+VBMI,AVX512 F+BW+CD+DQ+VL,AVX2+BMI1+BMI2+F16C+FMA+LZCNT+MOVBE,AVX,SSE3+SSSE3+SSE4.1+SSE4.2+POPCNT,X86Base+SSE+SSE2,AES+PCLMUL,AvxVnni,SERIALIZE VectorSize=256
// Job: Job-CKBLHY(EvaluateOverhead=False, Clock=Armonik.Ffi.Bdn.CpuClock, Toolchain=InProcessEmitToolchain, IterationCount=1, IterationTime=2ms, LaunchCount=1, RunStrategy=Throughput, WarmupCount=1)

OverheadJitting  1: 1 op, 385841.00 ns, 385.8410 us/op
WorkloadJitting  1: 1 op, 338947.00 ns, 338.9470 us/op

WorkloadPilot    1: 4 op, 18188.00 ns, 4.5470 us/op
WorkloadPilot    2: 440 op, 81840.00 ns, 186.0000 ns/op
WorkloadPilot    3: 10753 op, 1693164.00 ns, 157.4597 ns/op
WorkloadPilot    4: 12702 op, 2036765.00 ns, 160.3499 ns/op
WorkloadPilot    5: 12473 op, 1854870.00 ns, 148.7108 ns/op
WorkloadPilot    6: 13449 op, 2010599.00 ns, 149.4980 ns/op
WorkloadPilot    7: 13378 op, 2186552.00 ns, 163.4439 ns/op

WorkloadWarmup   1: 13378 op, 2082625.00 ns, 155.6754 ns/op

WorkloadActual   1: 13378 op, 2017959.00 ns, 150.8416 ns/op

WorkloadResult   1: 13378 op, 2017959.00 ns, 150.8416 ns/op


Mean = 150.842 ns, StdErr = 0.000 ns (0.00%), N = 1, StdDev = 0.000 ns
Min = 150.842 ns, Q1 = 150.842 ns, Median = 150.842 ns, Q3 = 150.842 ns, Max = 150.842 ns
IQR = 0.000 ns, LowerFence = 150.842 ns, UpperFence = 150.842 ns
ConfidenceInterval = [NaN ns; NaN ns] (CI 99.9%), Margin = NaN ns (NaN% of Mean)
Skewness = NaN, Kurtosis = NaN, MValue = 2

// ** Remained 119 (75.3 %) benchmark(s) to run. Estimated finish 2026-09-26 13:49 (0h 0m from now) **
// **************************
// Benchmark: CodecSuite.Run: campaign(EvaluateOverhead=False, Clock=Armonik.Ffi.Bdn.CpuClock, Toolchain=InProcessEmitToolchain, IterationCount=1, IterationTime=2ms, LaunchCount=1, RunStrategy=Throughput, WarmupCount=1) [Case=core-(...)known [57]]
// *** Execute ***
// Launch: 1 / 1

// Benchmark Process Environment Information:
// BenchmarkDotNet v0.15.8
// Runtime=.NET 8.0.31 (8.0.31, 8.0.3126.42015), X64 RyuJIT x86-64-v4
// GC=Concurrent Workstation
// HardwareIntrinsics=AVX512 IFMA+VBMI,AVX512 F+BW+CD+DQ+VL,AVX2+BMI1+BMI2+F16C+FMA+LZCNT+MOVBE,AVX,SSE3+SSSE3+SSE4.1+SSE4.2+POPCNT,X86Base+SSE+SSE2,AES+PCLMUL,AvxVnni,SERIALIZE VectorSize=256
// Job: Job-CKBLHY(EvaluateOverhead=False, Clock=Armonik.Ffi.Bdn.CpuClock, Toolchain=InProcessEmitToolchain, IterationCount=1, IterationTime=2ms, LaunchCount=1, RunStrategy=Throughput, WarmupCount=1)

OverheadJitting  1: 1 op, 375359.00 ns, 375.3590 us/op
WorkloadJitting  1: 1 op, 386384.00 ns, 386.3840 us/op

WorkloadPilot    1: 4 op, 34099.00 ns, 8.5248 us/op
WorkloadPilot    2: 235 op, 355664.00 ns, 1.5135 us/op
WorkloadPilot    3: 1321 op, 1228917.00 ns, 930.2930 ns/op
WorkloadPilot    4: 2150 op, 2082484.00 ns, 968.5972 ns/op
WorkloadPilot    5: 2065 op, 1883857.00 ns, 912.2794 ns/op
WorkloadPilot    6: 2192 op, 3215226.00 ns, 1.4668 us/op
WorkloadPilot    7: 1364 op, 1247852.00 ns, 914.8475 ns/op
WorkloadPilot    8: 2186 op, 2025081.00 ns, 926.3866 ns/op

WorkloadWarmup   1: 2186 op, 2100655.00 ns, 960.9584 ns/op

WorkloadActual   1: 2186 op, 2002071.00 ns, 915.8605 ns/op

WorkloadResult   1: 2186 op, 2002071.00 ns, 915.8605 ns/op


Mean = 915.860 ns, StdErr = 0.000 ns (0.00%), N = 1, StdDev = 0.000 ns
Min = 915.860 ns, Q1 = 915.860 ns, Median = 915.860 ns, Q3 = 915.860 ns, Max = 915.860 ns
IQR = 0.000 ns, LowerFence = 915.860 ns, UpperFence = 915.860 ns
ConfidenceInterval = [NaN ns; NaN ns] (CI 99.9%), Margin = NaN ns (NaN% of Mean)
Skewness = NaN, Kurtosis = NaN, MValue = 2

// ** Remained 118 (74.7 %) benchmark(s) to run. Estimated finish 2026-09-26 13:49 (0h 0m from now) **
// **************************
// Benchmark: CodecSuite.Run: campaign(EvaluateOverhead=False, Clock=Armonik.Ffi.Bdn.CpuClock, Toolchain=InProcessEmitToolchain, IterationCount=1, IterationTime=2ms, LaunchCount=1, RunStrategy=Throughput, WarmupCount=1) [Case=core-(...)known [43]]
// *** Execute ***
// Launch: 1 / 1

// Benchmark Process Environment Information:
// BenchmarkDotNet v0.15.8
// Runtime=.NET 8.0.31 (8.0.31, 8.0.3126.42015), X64 RyuJIT x86-64-v4
// GC=Concurrent Workstation
// HardwareIntrinsics=AVX512 IFMA+VBMI,AVX512 F+BW+CD+DQ+VL,AVX2+BMI1+BMI2+F16C+FMA+LZCNT+MOVBE,AVX,SSE3+SSSE3+SSE4.1+SSE4.2+POPCNT,X86Base+SSE+SSE2,AES+PCLMUL,AvxVnni,SERIALIZE VectorSize=256
// Job: Job-CKBLHY(EvaluateOverhead=False, Clock=Armonik.Ffi.Bdn.CpuClock, Toolchain=InProcessEmitToolchain, IterationCount=1, IterationTime=2ms, LaunchCount=1, RunStrategy=Throughput, WarmupCount=1)

OverheadJitting  1: 1 op, 620934.00 ns, 620.9340 us/op
WorkloadJitting  1: 1 op, 4545155.00 ns, 4.5452 ms/op

OverheadJitting  2: 1 op, 5529.00 ns, 5.5290 us/op
WorkloadJitting  2: 1 op, 3975409.00 ns, 3.9754 ms/op

WorkloadWarmup   1: 1 op, 3906016.00 ns, 3.9060 ms/op

WorkloadActual   1: 1 op, 4013915.00 ns, 4.0139 ms/op

WorkloadResult   1: 1 op, 4013915.00 ns, 4.0139 ms/op


Mean = 4.014 ms, StdErr = 0.000 ms (0.00%), N = 1, StdDev = 0.000 ms
Min = 4.014 ms, Q1 = 4.014 ms, Median = 4.014 ms, Q3 = 4.014 ms, Max = 4.014 ms
IQR = 0.000 ms, LowerFence = 4.014 ms, UpperFence = 4.014 ms
ConfidenceInterval = [NaN ms; NaN ms] (CI 99.9%), Margin = NaN ms (NaN% of Mean)
Skewness = NaN, Kurtosis = NaN, MValue = 2

// ** Remained 117 (74.1 %) benchmark(s) to run. Estimated finish 2026-09-26 13:49 (0h 0m from now) **
// **************************
// Benchmark: CodecSuite.Run: campaign(EvaluateOverhead=False, Clock=Armonik.Ffi.Bdn.CpuClock, Toolchain=InProcessEmitToolchain, IterationCount=1, IterationTime=2ms, LaunchCount=1, RunStrategy=Throughput, WarmupCount=1) [Case=core-(...)known [42]]
// *** Execute ***
// Launch: 1 / 1

// Benchmark Process Environment Information:
// BenchmarkDotNet v0.15.8
// Runtime=.NET 8.0.31 (8.0.31, 8.0.3126.42015), X64 RyuJIT x86-64-v4
// GC=Concurrent Workstation
// HardwareIntrinsics=AVX512 IFMA+VBMI,AVX512 F+BW+CD+DQ+VL,AVX2+BMI1+BMI2+F16C+FMA+LZCNT+MOVBE,AVX,SSE3+SSSE3+SSE4.1+SSE4.2+POPCNT,X86Base+SSE+SSE2,AES+PCLMUL,AvxVnni,SERIALIZE VectorSize=256
// Job: Job-CKBLHY(EvaluateOverhead=False, Clock=Armonik.Ffi.Bdn.CpuClock, Toolchain=InProcessEmitToolchain, IterationCount=1, IterationTime=2ms, LaunchCount=1, RunStrategy=Throughput, WarmupCount=1)

OverheadJitting  1: 1 op, 630149.00 ns, 630.1490 us/op
WorkloadJitting  1: 1 op, 3259259.00 ns, 3.2593 ms/op

OverheadJitting  2: 1 op, 4491.00 ns, 4.4910 us/op
WorkloadJitting  2: 1 op, 1599814.00 ns, 1.5998 ms/op

WorkloadWarmup   1: 1 op, 1467847.00 ns, 1.4678 ms/op

WorkloadActual   1: 1 op, 1447238.00 ns, 1.4472 ms/op

WorkloadResult   1: 1 op, 1447238.00 ns, 1.4472 ms/op


Mean = 1.447 ms, StdErr = 0.000 ms (0.00%), N = 1, StdDev = 0.000 ms
Min = 1.447 ms, Q1 = 1.447 ms, Median = 1.447 ms, Q3 = 1.447 ms, Max = 1.447 ms
IQR = 0.000 ms, LowerFence = 1.447 ms, UpperFence = 1.447 ms
ConfidenceInterval = [NaN ms; NaN ms] (CI 99.9%), Margin = NaN ms (NaN% of Mean)
Skewness = NaN, Kurtosis = NaN, MValue = 2

// ** Remained 116 (73.4 %) benchmark(s) to run. Estimated finish 2026-09-26 13:49 (0h 0m from now) **
// **************************
// Benchmark: CodecSuite.Run: campaign(EvaluateOverhead=False, Clock=Armonik.Ffi.Bdn.CpuClock, Toolchain=InProcessEmitToolchain, IterationCount=1, IterationTime=2ms, LaunchCount=1, RunStrategy=Throughput, WarmupCount=1) [Case=core-(...)known [38]]
// *** Execute ***
// Launch: 1 / 1

// Benchmark Process Environment Information:
// BenchmarkDotNet v0.15.8
// Runtime=.NET 8.0.31 (8.0.31, 8.0.3126.42015), X64 RyuJIT x86-64-v4
// GC=Concurrent Workstation
// HardwareIntrinsics=AVX512 IFMA+VBMI,AVX512 F+BW+CD+DQ+VL,AVX2+BMI1+BMI2+F16C+FMA+LZCNT+MOVBE,AVX,SSE3+SSSE3+SSE4.1+SSE4.2+POPCNT,X86Base+SSE+SSE2,AES+PCLMUL,AvxVnni,SERIALIZE VectorSize=256
// Job: Job-CKBLHY(EvaluateOverhead=False, Clock=Armonik.Ffi.Bdn.CpuClock, Toolchain=InProcessEmitToolchain, IterationCount=1, IterationTime=2ms, LaunchCount=1, RunStrategy=Throughput, WarmupCount=1)

OverheadJitting  1: 1 op, 529866.00 ns, 529.8660 us/op
WorkloadJitting  1: 1 op, 1205279.00 ns, 1.2053 ms/op

WorkloadPilot    1: 4 op, 1216577.00 ns, 304.1443 us/op
WorkloadPilot    2: 7 op, 2220288.00 ns, 317.1840 us/op

WorkloadWarmup   1: 7 op, 2212699.00 ns, 316.0999 us/op

WorkloadActual   1: 7 op, 2225690.00 ns, 317.9557 us/op

WorkloadResult   1: 7 op, 2225690.00 ns, 317.9557 us/op


Mean = 317.956 us, StdErr = 0.000 us (0.00%), N = 1, StdDev = 0.000 us
Min = 317.956 us, Q1 = 317.956 us, Median = 317.956 us, Q3 = 317.956 us, Max = 317.956 us
IQR = 0.000 us, LowerFence = 317.956 us, UpperFence = 317.956 us
ConfidenceInterval = [NaN us; NaN us] (CI 99.9%), Margin = NaN us (NaN% of Mean)
Skewness = NaN, Kurtosis = NaN, MValue = 2

// ** Remained 115 (72.8 %) benchmark(s) to run. Estimated finish 2026-09-26 13:49 (0h 0m from now) **
// **************************
// Benchmark: CodecSuite.Run: campaign(EvaluateOverhead=False, Clock=Armonik.Ffi.Bdn.CpuClock, Toolchain=InProcessEmitToolchain, IterationCount=1, IterationTime=2ms, LaunchCount=1, RunStrategy=Throughput, WarmupCount=1) [Case=core-(...)known [37]]
// *** Execute ***
// Launch: 1 / 1

// Benchmark Process Environment Information:
// BenchmarkDotNet v0.15.8
// Runtime=.NET 8.0.31 (8.0.31, 8.0.3126.42015), X64 RyuJIT x86-64-v4
// GC=Concurrent Workstation
// HardwareIntrinsics=AVX512 IFMA+VBMI,AVX512 F+BW+CD+DQ+VL,AVX2+BMI1+BMI2+F16C+FMA+LZCNT+MOVBE,AVX,SSE3+SSSE3+SSE4.1+SSE4.2+POPCNT,X86Base+SSE+SSE2,AES+PCLMUL,AvxVnni,SERIALIZE VectorSize=256
// Job: Job-CKBLHY(EvaluateOverhead=False, Clock=Armonik.Ffi.Bdn.CpuClock, Toolchain=InProcessEmitToolchain, IterationCount=1, IterationTime=2ms, LaunchCount=1, RunStrategy=Throughput, WarmupCount=1)

OverheadJitting  1: 1 op, 557817.00 ns, 557.8170 us/op
WorkloadJitting  1: 1 op, 470196.00 ns, 470.1960 us/op

WorkloadPilot    1: 4 op, 32920.00 ns, 8.2300 us/op
WorkloadPilot    2: 243 op, 369329.00 ns, 1.5199 us/op
WorkloadPilot    3: 1316 op, 1986054.00 ns, 1.5092 us/op
WorkloadPilot    4: 1325 op, 1991493.00 ns, 1.5030 us/op
WorkloadPilot    5: 1331 op, 2009253.00 ns, 1.5096 us/op
WorkloadPilot    6: 1325 op, 2021912.00 ns, 1.5260 us/op
WorkloadPilot    7: 1311 op, 1973229.00 ns, 1.5051 us/op
WorkloadPilot    8: 1329 op, 1961250.00 ns, 1.4757 us/op
WorkloadPilot    9: 1355 op, 1990310.00 ns, 1.4689 us/op
WorkloadPilot   10: 1362 op, 2079529.00 ns, 1.5268 us/op

WorkloadWarmup   1: 1362 op, 2041464.00 ns, 1.4989 us/op

WorkloadActual   1: 1362 op, 1992819.00 ns, 1.4632 us/op

WorkloadResult   1: 1362 op, 1992819.00 ns, 1.4632 us/op


Mean = 1.463 us, StdErr = 0.000 us (0.00%), N = 1, StdDev = 0.000 us
Min = 1.463 us, Q1 = 1.463 us, Median = 1.463 us, Q3 = 1.463 us, Max = 1.463 us
IQR = 0.000 us, LowerFence = 1.463 us, UpperFence = 1.463 us
ConfidenceInterval = [NaN us; NaN us] (CI 99.9%), Margin = NaN us (NaN% of Mean)
Skewness = NaN, Kurtosis = NaN, MValue = 2

// ** Remained 114 (72.2 %) benchmark(s) to run. Estimated finish 2026-09-26 13:49 (0h 0m from now) **
// **************************
// Benchmark: CodecSuite.Run: campaign(EvaluateOverhead=False, Clock=Armonik.Ffi.Bdn.CpuClock, Toolchain=InProcessEmitToolchain, IterationCount=1, IterationTime=2ms, LaunchCount=1, RunStrategy=Throughput, WarmupCount=1) [Case=core-(...)known [47]]
// *** Execute ***
// Launch: 1 / 1

// Benchmark Process Environment Information:
// BenchmarkDotNet v0.15.8
// Runtime=.NET 8.0.31 (8.0.31, 8.0.3126.42015), X64 RyuJIT x86-64-v4
// GC=Concurrent Workstation
// HardwareIntrinsics=AVX512 IFMA+VBMI,AVX512 F+BW+CD+DQ+VL,AVX2+BMI1+BMI2+F16C+FMA+LZCNT+MOVBE,AVX,SSE3+SSSE3+SSE4.1+SSE4.2+POPCNT,X86Base+SSE+SSE2,AES+PCLMUL,AvxVnni,SERIALIZE VectorSize=256
// Job: Job-CKBLHY(EvaluateOverhead=False, Clock=Armonik.Ffi.Bdn.CpuClock, Toolchain=InProcessEmitToolchain, IterationCount=1, IterationTime=2ms, LaunchCount=1, RunStrategy=Throughput, WarmupCount=1)

OverheadJitting  1: 1 op, 476802.00 ns, 476.8020 us/op
WorkloadJitting  1: 1 op, 1308031.00 ns, 1.3080 ms/op

WorkloadPilot    1: 4 op, 1096033.00 ns, 274.0083 us/op
WorkloadPilot    2: 7 op, 1771999.00 ns, 253.1427 us/op

WorkloadWarmup   1: 7 op, 1795572.00 ns, 256.5103 us/op

WorkloadActual   1: 7 op, 1850435.00 ns, 264.3479 us/op

WorkloadResult   1: 7 op, 1850435.00 ns, 264.3479 us/op


Mean = 264.348 us, StdErr = 0.000 us (0.00%), N = 1, StdDev = 0.000 us
Min = 264.348 us, Q1 = 264.348 us, Median = 264.348 us, Q3 = 264.348 us, Max = 264.348 us
IQR = 0.000 us, LowerFence = 264.348 us, UpperFence = 264.348 us
ConfidenceInterval = [NaN us; NaN us] (CI 99.9%), Margin = NaN us (NaN% of Mean)
Skewness = NaN, Kurtosis = NaN, MValue = 2

// ** Remained 113 (71.5 %) benchmark(s) to run. Estimated finish 2026-09-26 13:49 (0h 0m from now) **
// **************************
// Benchmark: CodecSuite.Run: campaign(EvaluateOverhead=False, Clock=Armonik.Ffi.Bdn.CpuClock, Toolchain=InProcessEmitToolchain, IterationCount=1, IterationTime=2ms, LaunchCount=1, RunStrategy=Throughput, WarmupCount=1) [Case=core-(...)known [42]]
// *** Execute ***
// Launch: 1 / 1

// Benchmark Process Environment Information:
// BenchmarkDotNet v0.15.8
// Runtime=.NET 8.0.31 (8.0.31, 8.0.3126.42015), X64 RyuJIT x86-64-v4
// GC=Concurrent Workstation
// HardwareIntrinsics=AVX512 IFMA+VBMI,AVX512 F+BW+CD+DQ+VL,AVX2+BMI1+BMI2+F16C+FMA+LZCNT+MOVBE,AVX,SSE3+SSSE3+SSE4.1+SSE4.2+POPCNT,X86Base+SSE+SSE2,AES+PCLMUL,AvxVnni,SERIALIZE VectorSize=256
// Job: Job-CKBLHY(EvaluateOverhead=False, Clock=Armonik.Ffi.Bdn.CpuClock, Toolchain=InProcessEmitToolchain, IterationCount=1, IterationTime=2ms, LaunchCount=1, RunStrategy=Throughput, WarmupCount=1)

OverheadJitting  1: 1 op, 399583.00 ns, 399.5830 us/op
WorkloadJitting  1: 1 op, 367825.00 ns, 367.8250 us/op

WorkloadPilot    1: 4 op, 31796.00 ns, 7.9490 us/op
WorkloadPilot    2: 252 op, 804740.00 ns, 3.1934 us/op
WorkloadPilot    3: 626 op, 1695073.00 ns, 2.7078 us/op
WorkloadPilot    4: 739 op, 1497695.00 ns, 2.0267 us/op
WorkloadPilot    5: 987 op, 2034968.00 ns, 2.0618 us/op
WorkloadPilot    6: 970 op, 2853837.00 ns, 2.9421 us/op
WorkloadPilot    7: 680 op, 1112924.00 ns, 1.6367 us/op
WorkloadPilot    8: 1222 op, 2360737.00 ns, 1.9319 us/op

WorkloadWarmup   1: 1222 op, 2395006.00 ns, 1.9599 us/op

WorkloadActual   1: 1222 op, 2009194.00 ns, 1.6442 us/op

WorkloadResult   1: 1222 op, 2009194.00 ns, 1.6442 us/op


Mean = 1.644 us, StdErr = 0.000 us (0.00%), N = 1, StdDev = 0.000 us
Min = 1.644 us, Q1 = 1.644 us, Median = 1.644 us, Q3 = 1.644 us, Max = 1.644 us
IQR = 0.000 us, LowerFence = 1.644 us, UpperFence = 1.644 us
ConfidenceInterval = [NaN us; NaN us] (CI 99.9%), Margin = NaN us (NaN% of Mean)
Skewness = NaN, Kurtosis = NaN, MValue = 2

// ** Remained 112 (70.9 %) benchmark(s) to run. Estimated finish 2026-09-26 13:49 (0h 0m from now) **
// **************************
// Benchmark: CodecSuite.Run: campaign(EvaluateOverhead=False, Clock=Armonik.Ffi.Bdn.CpuClock, Toolchain=InProcessEmitToolchain, IterationCount=1, IterationTime=2ms, LaunchCount=1, RunStrategy=Throughput, WarmupCount=1) [Case=core-(...)known [42]]
// *** Execute ***
// Launch: 1 / 1

// Benchmark Process Environment Information:
// BenchmarkDotNet v0.15.8
// Runtime=.NET 8.0.31 (8.0.31, 8.0.3126.42015), X64 RyuJIT x86-64-v4
// GC=Concurrent Workstation
// HardwareIntrinsics=AVX512 IFMA+VBMI,AVX512 F+BW+CD+DQ+VL,AVX2+BMI1+BMI2+F16C+FMA+LZCNT+MOVBE,AVX,SSE3+SSSE3+SSE4.1+SSE4.2+POPCNT,X86Base+SSE+SSE2,AES+PCLMUL,AvxVnni,SERIALIZE VectorSize=256
// Job: Job-CKBLHY(EvaluateOverhead=False, Clock=Armonik.Ffi.Bdn.CpuClock, Toolchain=InProcessEmitToolchain, IterationCount=1, IterationTime=2ms, LaunchCount=1, RunStrategy=Throughput, WarmupCount=1)

OverheadJitting  1: 1 op, 468835.00 ns, 468.8350 us/op
WorkloadJitting  1: 1 op, 958681.00 ns, 958.6810 us/op

WorkloadPilot    1: 4 op, 2253310.00 ns, 563.3275 us/op

WorkloadWarmup   1: 4 op, 2264521.00 ns, 566.1303 us/op

WorkloadActual   1: 4 op, 2269354.00 ns, 567.3385 us/op

WorkloadResult   1: 4 op, 2269354.00 ns, 567.3385 us/op


Mean = 567.338 us, StdErr = 0.000 us (0.00%), N = 1, StdDev = 0.000 us
Min = 567.338 us, Q1 = 567.338 us, Median = 567.338 us, Q3 = 567.338 us, Max = 567.338 us
IQR = 0.000 us, LowerFence = 567.338 us, UpperFence = 567.338 us
ConfidenceInterval = [NaN us; NaN us] (CI 99.9%), Margin = NaN us (NaN% of Mean)
Skewness = NaN, Kurtosis = NaN, MValue = 2

// ** Remained 111 (70.3 %) benchmark(s) to run. Estimated finish 2026-09-26 13:49 (0h 0m from now) **
// **************************
// Benchmark: CodecSuite.Run: campaign(EvaluateOverhead=False, Clock=Armonik.Ffi.Bdn.CpuClock, Toolchain=InProcessEmitToolchain, IterationCount=1, IterationTime=2ms, LaunchCount=1, RunStrategy=Throughput, WarmupCount=1) [Case=core-(...)known [37]]
// *** Execute ***
// Launch: 1 / 1

// Benchmark Process Environment Information:
// BenchmarkDotNet v0.15.8
// Runtime=.NET 8.0.31 (8.0.31, 8.0.3126.42015), X64 RyuJIT x86-64-v4
// GC=Concurrent Workstation
// HardwareIntrinsics=AVX512 IFMA+VBMI,AVX512 F+BW+CD+DQ+VL,AVX2+BMI1+BMI2+F16C+FMA+LZCNT+MOVBE,AVX,SSE3+SSSE3+SSE4.1+SSE4.2+POPCNT,X86Base+SSE+SSE2,AES+PCLMUL,AvxVnni,SERIALIZE VectorSize=256
// Job: Job-CKBLHY(EvaluateOverhead=False, Clock=Armonik.Ffi.Bdn.CpuClock, Toolchain=InProcessEmitToolchain, IterationCount=1, IterationTime=2ms, LaunchCount=1, RunStrategy=Throughput, WarmupCount=1)

OverheadJitting  1: 1 op, 608945.00 ns, 608.9450 us/op
WorkloadJitting  1: 1 op, 631356.00 ns, 631.3560 us/op

WorkloadPilot    1: 4 op, 705886.00 ns, 176.4715 us/op
WorkloadPilot    2: 11 op, 1608585.00 ns, 146.2350 us/op
WorkloadPilot    3: 14 op, 1885051.00 ns, 134.6465 us/op

WorkloadWarmup   1: 14 op, 2097569.00 ns, 149.8264 us/op

WorkloadActual   1: 14 op, 1790472.00 ns, 127.8909 us/op

WorkloadResult   1: 14 op, 1790472.00 ns, 127.8909 us/op


Mean = 127.891 us, StdErr = 0.000 us (0.00%), N = 1, StdDev = 0.000 us
Min = 127.891 us, Q1 = 127.891 us, Median = 127.891 us, Q3 = 127.891 us, Max = 127.891 us
IQR = 0.000 us, LowerFence = 127.891 us, UpperFence = 127.891 us
ConfidenceInterval = [NaN us; NaN us] (CI 99.9%), Margin = NaN us (NaN% of Mean)
Skewness = NaN, Kurtosis = NaN, MValue = 2

// ** Remained 110 (69.6 %) benchmark(s) to run. Estimated finish 2026-09-26 13:49 (0h 0m from now) **
// **************************
// Benchmark: CodecSuite.Run: campaign(EvaluateOverhead=False, Clock=Armonik.Ffi.Bdn.CpuClock, Toolchain=InProcessEmitToolchain, IterationCount=1, IterationTime=2ms, LaunchCount=1, RunStrategy=Throughput, WarmupCount=1) [Case=core-(...)known [36]]
// *** Execute ***
// Launch: 1 / 1

// Benchmark Process Environment Information:
// BenchmarkDotNet v0.15.8
// Runtime=.NET 8.0.31 (8.0.31, 8.0.3126.42015), X64 RyuJIT x86-64-v4
// GC=Concurrent Workstation
// HardwareIntrinsics=AVX512 IFMA+VBMI,AVX512 F+BW+CD+DQ+VL,AVX2+BMI1+BMI2+F16C+FMA+LZCNT+MOVBE,AVX,SSE3+SSSE3+SSE4.1+SSE4.2+POPCNT,X86Base+SSE+SSE2,AES+PCLMUL,AvxVnni,SERIALIZE VectorSize=256
// Job: Job-CKBLHY(EvaluateOverhead=False, Clock=Armonik.Ffi.Bdn.CpuClock, Toolchain=InProcessEmitToolchain, IterationCount=1, IterationTime=2ms, LaunchCount=1, RunStrategy=Throughput, WarmupCount=1)

OverheadJitting  1: 1 op, 398021.00 ns, 398.0210 us/op
WorkloadJitting  1: 1 op, 9274279.00 ns, 9.2743 ms/op

OverheadJitting  2: 1 op, 3786.00 ns, 3.7860 us/op
WorkloadJitting  2: 1 op, 2826620.00 ns, 2.8266 ms/op

WorkloadWarmup   1: 1 op, 2875365.00 ns, 2.8754 ms/op

WorkloadActual   1: 1 op, 5651168.00 ns, 5.6512 ms/op

WorkloadResult   1: 1 op, 5651168.00 ns, 5.6512 ms/op


Mean = 5.651 ms, StdErr = 0.000 ms (0.00%), N = 1, StdDev = 0.000 ms
Min = 5.651 ms, Q1 = 5.651 ms, Median = 5.651 ms, Q3 = 5.651 ms, Max = 5.651 ms
IQR = 0.000 ms, LowerFence = 5.651 ms, UpperFence = 5.651 ms
ConfidenceInterval = [NaN ms; NaN ms] (CI 99.9%), Margin = NaN ms (NaN% of Mean)
Skewness = NaN, Kurtosis = NaN, MValue = 2

// ** Remained 109 (69.0 %) benchmark(s) to run. Estimated finish 2026-09-26 13:49 (0h 0m from now) **
// **************************
// Benchmark: CodecSuite.Run: campaign(EvaluateOverhead=False, Clock=Armonik.Ffi.Bdn.CpuClock, Toolchain=InProcessEmitToolchain, IterationCount=1, IterationTime=2ms, LaunchCount=1, RunStrategy=Throughput, WarmupCount=1) [Case=core-(...)known [48]]
// *** Execute ***
// Launch: 1 / 1

// Benchmark Process Environment Information:
// BenchmarkDotNet v0.15.8
// Runtime=.NET 8.0.31 (8.0.31, 8.0.3126.42015), X64 RyuJIT x86-64-v4
// GC=Concurrent Workstation
// HardwareIntrinsics=AVX512 IFMA+VBMI,AVX512 F+BW+CD+DQ+VL,AVX2+BMI1+BMI2+F16C+FMA+LZCNT+MOVBE,AVX,SSE3+SSSE3+SSE4.1+SSE4.2+POPCNT,X86Base+SSE+SSE2,AES+PCLMUL,AvxVnni,SERIALIZE VectorSize=256
// Job: Job-CKBLHY(EvaluateOverhead=False, Clock=Armonik.Ffi.Bdn.CpuClock, Toolchain=InProcessEmitToolchain, IterationCount=1, IterationTime=2ms, LaunchCount=1, RunStrategy=Throughput, WarmupCount=1)

OverheadJitting  1: 1 op, 622129.00 ns, 622.1290 us/op
WorkloadJitting  1: 1 op, 5872247.00 ns, 5.8722 ms/op

OverheadJitting  2: 1 op, 5031.00 ns, 5.0310 us/op
WorkloadJitting  2: 1 op, 1662235.00 ns, 1.6622 ms/op

WorkloadWarmup   1: 1 op, 1601308.00 ns, 1.6013 ms/op

WorkloadActual   1: 1 op, 1596690.00 ns, 1.5967 ms/op

WorkloadResult   1: 1 op, 1596690.00 ns, 1.5967 ms/op


Mean = 1.597 ms, StdErr = 0.000 ms (0.00%), N = 1, StdDev = 0.000 ms
Min = 1.597 ms, Q1 = 1.597 ms, Median = 1.597 ms, Q3 = 1.597 ms, Max = 1.597 ms
IQR = 0.000 ms, LowerFence = 1.597 ms, UpperFence = 1.597 ms
ConfidenceInterval = [NaN ms; NaN ms] (CI 99.9%), Margin = NaN ms (NaN% of Mean)
Skewness = NaN, Kurtosis = NaN, MValue = 2

// ** Remained 108 (68.4 %) benchmark(s) to run. Estimated finish 2026-09-26 13:49 (0h 0m from now) **
// **************************
// Benchmark: CodecSuite.Run: campaign(EvaluateOverhead=False, Clock=Armonik.Ffi.Bdn.CpuClock, Toolchain=InProcessEmitToolchain, IterationCount=1, IterationTime=2ms, LaunchCount=1, RunStrategy=Throughput, WarmupCount=1) [Case=core-(...)known [37]]
// *** Execute ***
// Launch: 1 / 1

// Benchmark Process Environment Information:
// BenchmarkDotNet v0.15.8
// Runtime=.NET 8.0.31 (8.0.31, 8.0.3126.42015), X64 RyuJIT x86-64-v4
// GC=Concurrent Workstation
// HardwareIntrinsics=AVX512 IFMA+VBMI,AVX512 F+BW+CD+DQ+VL,AVX2+BMI1+BMI2+F16C+FMA+LZCNT+MOVBE,AVX,SSE3+SSSE3+SSE4.1+SSE4.2+POPCNT,X86Base+SSE+SSE2,AES+PCLMUL,AvxVnni,SERIALIZE VectorSize=256
// Job: Job-CKBLHY(EvaluateOverhead=False, Clock=Armonik.Ffi.Bdn.CpuClock, Toolchain=InProcessEmitToolchain, IterationCount=1, IterationTime=2ms, LaunchCount=1, RunStrategy=Throughput, WarmupCount=1)

OverheadJitting  1: 1 op, 595545.00 ns, 595.5450 us/op
WorkloadJitting  1: 1 op, 2746135.00 ns, 2.7461 ms/op

OverheadJitting  2: 1 op, 4537.00 ns, 4.5370 us/op
WorkloadJitting  2: 1 op, 1311649.00 ns, 1.3116 ms/op

WorkloadPilot    1: 4 op, 4239696.00 ns, 1.0599 ms/op
WorkloadPilot    2: 2 op, 2297720.00 ns, 1.1489 ms/op

WorkloadWarmup   1: 2 op, 2147463.00 ns, 1.0737 ms/op

WorkloadActual   1: 2 op, 2205014.00 ns, 1.1025 ms/op

WorkloadResult   1: 2 op, 2205014.00 ns, 1.1025 ms/op


Mean = 1.103 ms, StdErr = 0.000 ms (0.00%), N = 1, StdDev = 0.000 ms
Min = 1.103 ms, Q1 = 1.103 ms, Median = 1.103 ms, Q3 = 1.103 ms, Max = 1.103 ms
IQR = 0.000 ms, LowerFence = 1.103 ms, UpperFence = 1.103 ms
ConfidenceInterval = [NaN ms; NaN ms] (CI 99.9%), Margin = NaN ms (NaN% of Mean)
Skewness = NaN, Kurtosis = NaN, MValue = 2

// ** Remained 107 (67.7 %) benchmark(s) to run. Estimated finish 2026-09-26 13:49 (0h 0m from now) **
// **************************
// Benchmark: CodecSuite.Run: campaign(EvaluateOverhead=False, Clock=Armonik.Ffi.Bdn.CpuClock, Toolchain=InProcessEmitToolchain, IterationCount=1, IterationTime=2ms, LaunchCount=1, RunStrategy=Throughput, WarmupCount=1) [Case=core-(...)known [41]]
// *** Execute ***
// Launch: 1 / 1

// Benchmark Process Environment Information:
// BenchmarkDotNet v0.15.8
// Runtime=.NET 8.0.31 (8.0.31, 8.0.3126.42015), X64 RyuJIT x86-64-v4
// GC=Concurrent Workstation
// HardwareIntrinsics=AVX512 IFMA+VBMI,AVX512 F+BW+CD+DQ+VL,AVX2+BMI1+BMI2+F16C+FMA+LZCNT+MOVBE,AVX,SSE3+SSSE3+SSE4.1+SSE4.2+POPCNT,X86Base+SSE+SSE2,AES+PCLMUL,AvxVnni,SERIALIZE VectorSize=256
// Job: Job-CKBLHY(EvaluateOverhead=False, Clock=Armonik.Ffi.Bdn.CpuClock, Toolchain=InProcessEmitToolchain, IterationCount=1, IterationTime=2ms, LaunchCount=1, RunStrategy=Throughput, WarmupCount=1)

OverheadJitting  1: 1 op, 624177.00 ns, 624.1770 us/op
WorkloadJitting  1: 1 op, 2824833.00 ns, 2.8248 ms/op

OverheadJitting  2: 1 op, 4077.00 ns, 4.0770 us/op
WorkloadJitting  2: 1 op, 1086525.00 ns, 1.0865 ms/op

WorkloadPilot    1: 4 op, 3363280.00 ns, 840.8200 us/op
WorkloadPilot    2: 2 op, 1632563.00 ns, 816.2815 us/op

WorkloadWarmup   1: 2 op, 1637723.00 ns, 818.8615 us/op

WorkloadActual   1: 2 op, 1556206.00 ns, 778.1030 us/op

WorkloadResult   1: 2 op, 1556206.00 ns, 778.1030 us/op


Mean = 778.103 us, StdErr = 0.000 us (0.00%), N = 1, StdDev = 0.000 us
Min = 778.103 us, Q1 = 778.103 us, Median = 778.103 us, Q3 = 778.103 us, Max = 778.103 us
IQR = 0.000 us, LowerFence = 778.103 us, UpperFence = 778.103 us
ConfidenceInterval = [NaN us; NaN us] (CI 99.9%), Margin = NaN us (NaN% of Mean)
Skewness = NaN, Kurtosis = NaN, MValue = 2

// ** Remained 106 (67.1 %) benchmark(s) to run. Estimated finish 2026-09-26 13:49 (0h 0m from now) **
// **************************
// Benchmark: CodecSuite.Run: campaign(EvaluateOverhead=False, Clock=Armonik.Ffi.Bdn.CpuClock, Toolchain=InProcessEmitToolchain, IterationCount=1, IterationTime=2ms, LaunchCount=1, RunStrategy=Throughput, WarmupCount=1) [Case=core-(...)known [47]]
// *** Execute ***
// Launch: 1 / 1

// Benchmark Process Environment Information:
// BenchmarkDotNet v0.15.8
// Runtime=.NET 8.0.31 (8.0.31, 8.0.3126.42015), X64 RyuJIT x86-64-v4
// GC=Concurrent Workstation
// HardwareIntrinsics=AVX512 IFMA+VBMI,AVX512 F+BW+CD+DQ+VL,AVX2+BMI1+BMI2+F16C+FMA+LZCNT+MOVBE,AVX,SSE3+SSSE3+SSE4.1+SSE4.2+POPCNT,X86Base+SSE+SSE2,AES+PCLMUL,AvxVnni,SERIALIZE VectorSize=256
// Job: Job-CKBLHY(EvaluateOverhead=False, Clock=Armonik.Ffi.Bdn.CpuClock, Toolchain=InProcessEmitToolchain, IterationCount=1, IterationTime=2ms, LaunchCount=1, RunStrategy=Throughput, WarmupCount=1)

OverheadJitting  1: 1 op, 606918.00 ns, 606.9180 us/op
WorkloadJitting  1: 1 op, 3934129.00 ns, 3.9341 ms/op

OverheadJitting  2: 1 op, 4749.00 ns, 4.7490 us/op
WorkloadJitting  2: 1 op, 1606258.00 ns, 1.6063 ms/op

WorkloadWarmup   1: 1 op, 1599093.00 ns, 1.5991 ms/op

WorkloadActual   1: 1 op, 1519060.00 ns, 1.5191 ms/op

WorkloadResult   1: 1 op, 1519060.00 ns, 1.5191 ms/op


Mean = 1.519 ms, StdErr = 0.000 ms (0.00%), N = 1, StdDev = 0.000 ms
Min = 1.519 ms, Q1 = 1.519 ms, Median = 1.519 ms, Q3 = 1.519 ms, Max = 1.519 ms
IQR = 0.000 ms, LowerFence = 1.519 ms, UpperFence = 1.519 ms
ConfidenceInterval = [NaN ms; NaN ms] (CI 99.9%), Margin = NaN ms (NaN% of Mean)
Skewness = NaN, Kurtosis = NaN, MValue = 2

// ** Remained 105 (66.5 %) benchmark(s) to run. Estimated finish 2026-09-26 13:49 (0h 0m from now) **
// **************************
// Benchmark: CodecSuite.Run: campaign(EvaluateOverhead=False, Clock=Armonik.Ffi.Bdn.CpuClock, Toolchain=InProcessEmitToolchain, IterationCount=1, IterationTime=2ms, LaunchCount=1, RunStrategy=Throughput, WarmupCount=1) [Case=core-(...)known [41]]
// *** Execute ***
// Launch: 1 / 1

// Benchmark Process Environment Information:
// BenchmarkDotNet v0.15.8
// Runtime=.NET 8.0.31 (8.0.31, 8.0.3126.42015), X64 RyuJIT x86-64-v4
// GC=Concurrent Workstation
// HardwareIntrinsics=AVX512 IFMA+VBMI,AVX512 F+BW+CD+DQ+VL,AVX2+BMI1+BMI2+F16C+FMA+LZCNT+MOVBE,AVX,SSE3+SSSE3+SSE4.1+SSE4.2+POPCNT,X86Base+SSE+SSE2,AES+PCLMUL,AvxVnni,SERIALIZE VectorSize=256
// Job: Job-CKBLHY(EvaluateOverhead=False, Clock=Armonik.Ffi.Bdn.CpuClock, Toolchain=InProcessEmitToolchain, IterationCount=1, IterationTime=2ms, LaunchCount=1, RunStrategy=Throughput, WarmupCount=1)

OverheadJitting  1: 1 op, 532176.00 ns, 532.1760 us/op
WorkloadJitting  1: 1 op, 7547582.00 ns, 7.5476 ms/op

OverheadJitting  2: 1 op, 4116.00 ns, 4.1160 us/op
WorkloadJitting  2: 1 op, 7068368.00 ns, 7.0684 ms/op

WorkloadWarmup   1: 1 op, 6977294.00 ns, 6.9773 ms/op

WorkloadActual   1: 1 op, 6851727.00 ns, 6.8517 ms/op

WorkloadResult   1: 1 op, 6851727.00 ns, 6.8517 ms/op


Mean = 6.852 ms, StdErr = 0.000 ms (0.00%), N = 1, StdDev = 0.000 ms
Min = 6.852 ms, Q1 = 6.852 ms, Median = 6.852 ms, Q3 = 6.852 ms, Max = 6.852 ms
IQR = 0.000 ms, LowerFence = 6.852 ms, UpperFence = 6.852 ms
ConfidenceInterval = [NaN ms; NaN ms] (CI 99.9%), Margin = NaN ms (NaN% of Mean)
Skewness = NaN, Kurtosis = NaN, MValue = 2

// ** Remained 104 (65.8 %) benchmark(s) to run. Estimated finish 2026-09-26 13:49 (0h 0m from now) **
// **************************
// Benchmark: CodecSuite.Run: campaign(EvaluateOverhead=False, Clock=Armonik.Ffi.Bdn.CpuClock, Toolchain=InProcessEmitToolchain, IterationCount=1, IterationTime=2ms, LaunchCount=1, RunStrategy=Throughput, WarmupCount=1) [Case=core-(...)known [41]]
// *** Execute ***
// Launch: 1 / 1

// Benchmark Process Environment Information:
// BenchmarkDotNet v0.15.8
// Runtime=.NET 8.0.31 (8.0.31, 8.0.3126.42015), X64 RyuJIT x86-64-v4
// GC=Concurrent Workstation
// HardwareIntrinsics=AVX512 IFMA+VBMI,AVX512 F+BW+CD+DQ+VL,AVX2+BMI1+BMI2+F16C+FMA+LZCNT+MOVBE,AVX,SSE3+SSSE3+SSE4.1+SSE4.2+POPCNT,X86Base+SSE+SSE2,AES+PCLMUL,AvxVnni,SERIALIZE VectorSize=256
// Job: Job-CKBLHY(EvaluateOverhead=False, Clock=Armonik.Ffi.Bdn.CpuClock, Toolchain=InProcessEmitToolchain, IterationCount=1, IterationTime=2ms, LaunchCount=1, RunStrategy=Throughput, WarmupCount=1)

OverheadJitting  1: 1 op, 489275.00 ns, 489.2750 us/op
WorkloadJitting  1: 1 op, 3120325.00 ns, 3.1203 ms/op

OverheadJitting  2: 1 op, 3869.00 ns, 3.8690 us/op
WorkloadJitting  2: 1 op, 1344877.00 ns, 1.3449 ms/op

WorkloadWarmup   1: 1 op, 2386198.00 ns, 2.3862 ms/op

WorkloadActual   1: 1 op, 1182469.00 ns, 1.1825 ms/op

WorkloadResult   1: 1 op, 1182469.00 ns, 1.1825 ms/op


Mean = 1.182 ms, StdErr = 0.000 ms (0.00%), N = 1, StdDev = 0.000 ms
Min = 1.182 ms, Q1 = 1.182 ms, Median = 1.182 ms, Q3 = 1.182 ms, Max = 1.182 ms
IQR = 0.000 ms, LowerFence = 1.182 ms, UpperFence = 1.182 ms
ConfidenceInterval = [NaN ms; NaN ms] (CI 99.9%), Margin = NaN ms (NaN% of Mean)
Skewness = NaN, Kurtosis = NaN, MValue = 2

// ** Remained 103 (65.2 %) benchmark(s) to run. Estimated finish 2026-09-26 13:49 (0h 0m from now) **
// **************************
// Benchmark: CodecSuite.Run: campaign(EvaluateOverhead=False, Clock=Armonik.Ffi.Bdn.CpuClock, Toolchain=InProcessEmitToolchain, IterationCount=1, IterationTime=2ms, LaunchCount=1, RunStrategy=Throughput, WarmupCount=1) [Case=core-(...)known [53]]
// *** Execute ***
// Launch: 1 / 1

// Benchmark Process Environment Information:
// BenchmarkDotNet v0.15.8
// Runtime=.NET 8.0.31 (8.0.31, 8.0.3126.42015), X64 RyuJIT x86-64-v4
// GC=Concurrent Workstation
// HardwareIntrinsics=AVX512 IFMA+VBMI,AVX512 F+BW+CD+DQ+VL,AVX2+BMI1+BMI2+F16C+FMA+LZCNT+MOVBE,AVX,SSE3+SSSE3+SSE4.1+SSE4.2+POPCNT,X86Base+SSE+SSE2,AES+PCLMUL,AvxVnni,SERIALIZE VectorSize=256
// Job: Job-CKBLHY(EvaluateOverhead=False, Clock=Armonik.Ffi.Bdn.CpuClock, Toolchain=InProcessEmitToolchain, IterationCount=1, IterationTime=2ms, LaunchCount=1, RunStrategy=Throughput, WarmupCount=1)

OverheadJitting  1: 1 op, 383943.00 ns, 383.9430 us/op
WorkloadJitting  1: 1 op, 446687.00 ns, 446.6870 us/op

WorkloadPilot    1: 4 op, 82178.00 ns, 20.5445 us/op
WorkloadPilot    2: 97 op, 724434.00 ns, 7.4684 us/op
WorkloadPilot    3: 268 op, 1786492.00 ns, 6.6660 us/op
WorkloadPilot    4: 300 op, 1523397.00 ns, 5.0780 us/op
WorkloadPilot    5: 394 op, 2141974.00 ns, 5.4365 us/op
WorkloadPilot    6: 368 op, 2932497.00 ns, 7.9687 us/op
WorkloadPilot    7: 251 op, 1301916.00 ns, 5.1869 us/op
WorkloadPilot    8: 386 op, 1891539.00 ns, 4.9004 us/op
WorkloadPilot    9: 408 op, 1930161.00 ns, 4.7308 us/op
WorkloadPilot   10: 423 op, 4408752.00 ns, 10.4226 us/op

WorkloadWarmup   1: 423 op, 3272034.00 ns, 7.7353 us/op

WorkloadActual   1: 423 op, 3043330.00 ns, 7.1946 us/op

WorkloadResult   1: 423 op, 3043330.00 ns, 7.1946 us/op


Mean = 7.195 us, StdErr = 0.000 us (0.00%), N = 1, StdDev = 0.000 us
Min = 7.195 us, Q1 = 7.195 us, Median = 7.195 us, Q3 = 7.195 us, Max = 7.195 us
IQR = 0.000 us, LowerFence = 7.195 us, UpperFence = 7.195 us
ConfidenceInterval = [NaN us; NaN us] (CI 99.9%), Margin = NaN us (NaN% of Mean)
Skewness = NaN, Kurtosis = NaN, MValue = 2

// ** Remained 102 (64.6 %) benchmark(s) to run. Estimated finish 2026-09-26 13:49 (0h 0m from now) **
// **************************
// Benchmark: CodecSuite.Run: campaign(EvaluateOverhead=False, Clock=Armonik.Ffi.Bdn.CpuClock, Toolchain=InProcessEmitToolchain, IterationCount=1, IterationTime=2ms, LaunchCount=1, RunStrategy=Throughput, WarmupCount=1) [Case=core-(...)known [51]]
// *** Execute ***
// Launch: 1 / 1

// Benchmark Process Environment Information:
// BenchmarkDotNet v0.15.8
// Runtime=.NET 8.0.31 (8.0.31, 8.0.3126.42015), X64 RyuJIT x86-64-v4
// GC=Concurrent Workstation
// HardwareIntrinsics=AVX512 IFMA+VBMI,AVX512 F+BW+CD+DQ+VL,AVX2+BMI1+BMI2+F16C+FMA+LZCNT+MOVBE,AVX,SSE3+SSSE3+SSE4.1+SSE4.2+POPCNT,X86Base+SSE+SSE2,AES+PCLMUL,AvxVnni,SERIALIZE VectorSize=256
// Job: Job-CKBLHY(EvaluateOverhead=False, Clock=Armonik.Ffi.Bdn.CpuClock, Toolchain=InProcessEmitToolchain, IterationCount=1, IterationTime=2ms, LaunchCount=1, RunStrategy=Throughput, WarmupCount=1)

OverheadJitting  1: 1 op, 498486.00 ns, 498.4860 us/op
WorkloadJitting  1: 1 op, 2893608.00 ns, 2.8936 ms/op

OverheadJitting  2: 1 op, 4431.00 ns, 4.4310 us/op
WorkloadJitting  2: 1 op, 1230003.00 ns, 1.2300 ms/op

WorkloadPilot    1: 4 op, 6920847.00 ns, 1.7302 ms/op
WorkloadPilot    2: 2 op, 1845281.00 ns, 922.6405 us/op

WorkloadWarmup   1: 2 op, 1692703.00 ns, 846.3515 us/op

WorkloadActual   1: 2 op, 1790123.00 ns, 895.0615 us/op

WorkloadResult   1: 2 op, 1790123.00 ns, 895.0615 us/op


Mean = 895.062 us, StdErr = 0.000 us (0.00%), N = 1, StdDev = 0.000 us
Min = 895.062 us, Q1 = 895.062 us, Median = 895.062 us, Q3 = 895.062 us, Max = 895.062 us
IQR = 0.000 us, LowerFence = 895.062 us, UpperFence = 895.062 us
ConfidenceInterval = [NaN us; NaN us] (CI 99.9%), Margin = NaN us (NaN% of Mean)
Skewness = NaN, Kurtosis = NaN, MValue = 2

// ** Remained 101 (63.9 %) benchmark(s) to run. Estimated finish 2026-09-26 13:49 (0h 0m from now) **
// **************************
// Benchmark: CodecSuite.Run: campaign(EvaluateOverhead=False, Clock=Armonik.Ffi.Bdn.CpuClock, Toolchain=InProcessEmitToolchain, IterationCount=1, IterationTime=2ms, LaunchCount=1, RunStrategy=Throughput, WarmupCount=1) [Case=core-(...)known [41]]
// *** Execute ***
// Launch: 1 / 1

// Benchmark Process Environment Information:
// BenchmarkDotNet v0.15.8
// Runtime=.NET 8.0.31 (8.0.31, 8.0.3126.42015), X64 RyuJIT x86-64-v4
// GC=Concurrent Workstation
// HardwareIntrinsics=AVX512 IFMA+VBMI,AVX512 F+BW+CD+DQ+VL,AVX2+BMI1+BMI2+F16C+FMA+LZCNT+MOVBE,AVX,SSE3+SSSE3+SSE4.1+SSE4.2+POPCNT,X86Base+SSE+SSE2,AES+PCLMUL,AvxVnni,SERIALIZE VectorSize=256
// Job: Job-CKBLHY(EvaluateOverhead=False, Clock=Armonik.Ffi.Bdn.CpuClock, Toolchain=InProcessEmitToolchain, IterationCount=1, IterationTime=2ms, LaunchCount=1, RunStrategy=Throughput, WarmupCount=1)

OverheadJitting  1: 1 op, 651364.00 ns, 651.3640 us/op
WorkloadJitting  1: 1 op, 3490329.00 ns, 3.4903 ms/op

OverheadJitting  2: 1 op, 3522.00 ns, 3.5220 us/op
WorkloadJitting  2: 1 op, 665741.00 ns, 665.7410 us/op

WorkloadPilot    1: 4 op, 1898611.00 ns, 474.6528 us/op

WorkloadWarmup   1: 4 op, 1401737.00 ns, 350.4343 us/op

WorkloadActual   1: 4 op, 1398245.00 ns, 349.5613 us/op

WorkloadResult   1: 4 op, 1398245.00 ns, 349.5613 us/op


Mean = 349.561 us, StdErr = 0.000 us (0.00%), N = 1, StdDev = 0.000 us
Min = 349.561 us, Q1 = 349.561 us, Median = 349.561 us, Q3 = 349.561 us, Max = 349.561 us
IQR = 0.000 us, LowerFence = 349.561 us, UpperFence = 349.561 us
ConfidenceInterval = [NaN us; NaN us] (CI 99.9%), Margin = NaN us (NaN% of Mean)
Skewness = NaN, Kurtosis = NaN, MValue = 2

// ** Remained 100 (63.3 %) benchmark(s) to run. Estimated finish 2026-09-26 13:49 (0h 0m from now) **
// **************************
// Benchmark: CodecSuite.Run: campaign(EvaluateOverhead=False, Clock=Armonik.Ffi.Bdn.CpuClock, Toolchain=InProcessEmitToolchain, IterationCount=1, IterationTime=2ms, LaunchCount=1, RunStrategy=Throughput, WarmupCount=1) [Case=core-(...)known [37]]
// *** Execute ***
// Launch: 1 / 1

// Benchmark Process Environment Information:
// BenchmarkDotNet v0.15.8
// Runtime=.NET 8.0.31 (8.0.31, 8.0.3126.42015), X64 RyuJIT x86-64-v4
// GC=Concurrent Workstation
// HardwareIntrinsics=AVX512 IFMA+VBMI,AVX512 F+BW+CD+DQ+VL,AVX2+BMI1+BMI2+F16C+FMA+LZCNT+MOVBE,AVX,SSE3+SSSE3+SSE4.1+SSE4.2+POPCNT,X86Base+SSE+SSE2,AES+PCLMUL,AvxVnni,SERIALIZE VectorSize=256
// Job: Job-CKBLHY(EvaluateOverhead=False, Clock=Armonik.Ffi.Bdn.CpuClock, Toolchain=InProcessEmitToolchain, IterationCount=1, IterationTime=2ms, LaunchCount=1, RunStrategy=Throughput, WarmupCount=1)

OverheadJitting  1: 1 op, 484029.00 ns, 484.0290 us/op
WorkloadJitting  1: 1 op, 396321.00 ns, 396.3210 us/op

WorkloadPilot    1: 4 op, 11987.00 ns, 2.9968 us/op
WorkloadPilot    2: 667 op, 77348.00 ns, 115.9640 ns/op
WorkloadPilot    3: 17247 op, 1811639.00 ns, 105.0408 ns/op
WorkloadPilot    4: 19040 op, 1955057.00 ns, 102.6816 ns/op
WorkloadPilot    5: 19478 op, 2019577.00 ns, 103.6850 ns/op
WorkloadPilot    6: 19289 op, 1933512.00 ns, 100.2391 ns/op
WorkloadPilot    7: 19952 op, 2051453.00 ns, 102.8194 ns/op
WorkloadPilot    8: 19452 op, 2037549.00 ns, 104.7475 ns/op

WorkloadWarmup   1: 19452 op, 1968175.00 ns, 101.1811 ns/op

WorkloadActual   1: 19452 op, 2024600.00 ns, 104.0818 ns/op

WorkloadResult   1: 19452 op, 2024600.00 ns, 104.0818 ns/op


Mean = 104.082 ns, StdErr = 0.000 ns (0.00%), N = 1, StdDev = 0.000 ns
Min = 104.082 ns, Q1 = 104.082 ns, Median = 104.082 ns, Q3 = 104.082 ns, Max = 104.082 ns
IQR = 0.000 ns, LowerFence = 104.082 ns, UpperFence = 104.082 ns
ConfidenceInterval = [NaN ns; NaN ns] (CI 99.9%), Margin = NaN ns (NaN% of Mean)
Skewness = NaN, Kurtosis = NaN, MValue = 2

// ** Remained 99 (62.7 %) benchmark(s) to run. Estimated finish 2026-09-26 13:49 (0h 0m from now) **
// **************************
// Benchmark: CodecSuite.Run: campaign(EvaluateOverhead=False, Clock=Armonik.Ffi.Bdn.CpuClock, Toolchain=InProcessEmitToolchain, IterationCount=1, IterationTime=2ms, LaunchCount=1, RunStrategy=Throughput, WarmupCount=1) [Case=core-(...)known [51]]
// *** Execute ***
// Launch: 1 / 1

// Benchmark Process Environment Information:
// BenchmarkDotNet v0.15.8
// Runtime=.NET 8.0.31 (8.0.31, 8.0.3126.42015), X64 RyuJIT x86-64-v4
// GC=Concurrent Workstation
// HardwareIntrinsics=AVX512 IFMA+VBMI,AVX512 F+BW+CD+DQ+VL,AVX2+BMI1+BMI2+F16C+FMA+LZCNT+MOVBE,AVX,SSE3+SSSE3+SSE4.1+SSE4.2+POPCNT,X86Base+SSE+SSE2,AES+PCLMUL,AvxVnni,SERIALIZE VectorSize=256
// Job: Job-CKBLHY(EvaluateOverhead=False, Clock=Armonik.Ffi.Bdn.CpuClock, Toolchain=InProcessEmitToolchain, IterationCount=1, IterationTime=2ms, LaunchCount=1, RunStrategy=Throughput, WarmupCount=1)

OverheadJitting  1: 1 op, 596488.00 ns, 596.4880 us/op
WorkloadJitting  1: 1 op, 722659.00 ns, 722.6590 us/op

WorkloadPilot    1: 4 op, 659500.00 ns, 164.8750 us/op
WorkloadPilot    2: 12 op, 1910608.00 ns, 159.2173 us/op

WorkloadWarmup   1: 12 op, 1924308.00 ns, 160.3590 us/op

WorkloadActual   1: 12 op, 1802944.00 ns, 150.2453 us/op

WorkloadResult   1: 12 op, 1802944.00 ns, 150.2453 us/op


Mean = 150.245 us, StdErr = 0.000 us (0.00%), N = 1, StdDev = 0.000 us
Min = 150.245 us, Q1 = 150.245 us, Median = 150.245 us, Q3 = 150.245 us, Max = 150.245 us
IQR = 0.000 us, LowerFence = 150.245 us, UpperFence = 150.245 us
ConfidenceInterval = [NaN us; NaN us] (CI 99.9%), Margin = NaN us (NaN% of Mean)
Skewness = NaN, Kurtosis = NaN, MValue = 2

// ** Remained 98 (62.0 %) benchmark(s) to run. Estimated finish 2026-09-26 13:49 (0h 0m from now) **
// **************************
// Benchmark: CodecSuite.Run: campaign(EvaluateOverhead=False, Clock=Armonik.Ffi.Bdn.CpuClock, Toolchain=InProcessEmitToolchain, IterationCount=1, IterationTime=2ms, LaunchCount=1, RunStrategy=Throughput, WarmupCount=1) [Case=core-(...)known [37]]
// *** Execute ***
// Launch: 1 / 1

// Benchmark Process Environment Information:
// BenchmarkDotNet v0.15.8
// Runtime=.NET 8.0.31 (8.0.31, 8.0.3126.42015), X64 RyuJIT x86-64-v4
// GC=Concurrent Workstation
// HardwareIntrinsics=AVX512 IFMA+VBMI,AVX512 F+BW+CD+DQ+VL,AVX2+BMI1+BMI2+F16C+FMA+LZCNT+MOVBE,AVX,SSE3+SSSE3+SSE4.1+SSE4.2+POPCNT,X86Base+SSE+SSE2,AES+PCLMUL,AvxVnni,SERIALIZE VectorSize=256
// Job: Job-CKBLHY(EvaluateOverhead=False, Clock=Armonik.Ffi.Bdn.CpuClock, Toolchain=InProcessEmitToolchain, IterationCount=1, IterationTime=2ms, LaunchCount=1, RunStrategy=Throughput, WarmupCount=1)

OverheadJitting  1: 1 op, 380066.00 ns, 380.0660 us/op
WorkloadJitting  1: 1 op, 382261.00 ns, 382.2610 us/op

WorkloadPilot    1: 4 op, 36713.00 ns, 9.1783 us/op
WorkloadPilot    2: 218 op, 636583.00 ns, 2.9201 us/op
WorkloadPilot    3: 685 op, 1822461.00 ns, 2.6605 us/op
WorkloadPilot    4: 752 op, 1311097.00 ns, 1.7435 us/op
WorkloadPilot    5: 1147 op, 2402583.00 ns, 2.0947 us/op
WorkloadPilot    6: 955 op, 2785014.00 ns, 2.9162 us/op
WorkloadPilot    7: 686 op, 1066814.00 ns, 1.5551 us/op
WorkloadPilot    8: 1286 op, 2368438.00 ns, 1.8417 us/op

WorkloadWarmup   1: 1286 op, 2589997.00 ns, 2.0140 us/op

WorkloadActual   1: 1286 op, 2052310.00 ns, 1.5959 us/op

WorkloadResult   1: 1286 op, 2052310.00 ns, 1.5959 us/op


Mean = 1.596 us, StdErr = 0.000 us (0.00%), N = 1, StdDev = 0.000 us
Min = 1.596 us, Q1 = 1.596 us, Median = 1.596 us, Q3 = 1.596 us, Max = 1.596 us
IQR = 0.000 us, LowerFence = 1.596 us, UpperFence = 1.596 us
ConfidenceInterval = [NaN us; NaN us] (CI 99.9%), Margin = NaN us (NaN% of Mean)
Skewness = NaN, Kurtosis = NaN, MValue = 2

// ** Remained 97 (61.4 %) benchmark(s) to run. Estimated finish 2026-09-26 13:49 (0h 0m from now) **
// **************************
// Benchmark: CodecSuite.Run: campaign(EvaluateOverhead=False, Clock=Armonik.Ffi.Bdn.CpuClock, Toolchain=InProcessEmitToolchain, IterationCount=1, IterationTime=2ms, LaunchCount=1, RunStrategy=Throughput, WarmupCount=1) [Case=core-(...)known [41]]
// *** Execute ***
// Launch: 1 / 1

// Benchmark Process Environment Information:
// BenchmarkDotNet v0.15.8
// Runtime=.NET 8.0.31 (8.0.31, 8.0.3126.42015), X64 RyuJIT x86-64-v4
// GC=Concurrent Workstation
// HardwareIntrinsics=AVX512 IFMA+VBMI,AVX512 F+BW+CD+DQ+VL,AVX2+BMI1+BMI2+F16C+FMA+LZCNT+MOVBE,AVX,SSE3+SSSE3+SSE4.1+SSE4.2+POPCNT,X86Base+SSE+SSE2,AES+PCLMUL,AvxVnni,SERIALIZE VectorSize=256
// Job: Job-CKBLHY(EvaluateOverhead=False, Clock=Armonik.Ffi.Bdn.CpuClock, Toolchain=InProcessEmitToolchain, IterationCount=1, IterationTime=2ms, LaunchCount=1, RunStrategy=Throughput, WarmupCount=1)

OverheadJitting  1: 1 op, 582933.00 ns, 582.9330 us/op
WorkloadJitting  1: 1 op, 1791394.00 ns, 1.7914 ms/op

OverheadJitting  2: 1 op, 3650.00 ns, 3.6500 us/op
WorkloadJitting  2: 1 op, 1718260.00 ns, 1.7183 ms/op

WorkloadWarmup   1: 1 op, 1781244.00 ns, 1.7812 ms/op

WorkloadActual   1: 1 op, 1657996.00 ns, 1.6580 ms/op

WorkloadResult   1: 1 op, 1657996.00 ns, 1.6580 ms/op


Mean = 1.658 ms, StdErr = 0.000 ms (0.00%), N = 1, StdDev = 0.000 ms
Min = 1.658 ms, Q1 = 1.658 ms, Median = 1.658 ms, Q3 = 1.658 ms, Max = 1.658 ms
IQR = 0.000 ms, LowerFence = 1.658 ms, UpperFence = 1.658 ms
ConfidenceInterval = [NaN ms; NaN ms] (CI 99.9%), Margin = NaN ms (NaN% of Mean)
Skewness = NaN, Kurtosis = NaN, MValue = 2

// ** Remained 96 (60.8 %) benchmark(s) to run. Estimated finish 2026-09-26 13:49 (0h 0m from now) **
// **************************
// Benchmark: CodecSuite.Run: campaign(EvaluateOverhead=False, Clock=Armonik.Ffi.Bdn.CpuClock, Toolchain=InProcessEmitToolchain, IterationCount=1, IterationTime=2ms, LaunchCount=1, RunStrategy=Throughput, WarmupCount=1) [Case=core-(...)known [37]]
// *** Execute ***
// Launch: 1 / 1

// Benchmark Process Environment Information:
// BenchmarkDotNet v0.15.8
// Runtime=.NET 8.0.31 (8.0.31, 8.0.3126.42015), X64 RyuJIT x86-64-v4
// GC=Concurrent Workstation
// HardwareIntrinsics=AVX512 IFMA+VBMI,AVX512 F+BW+CD+DQ+VL,AVX2+BMI1+BMI2+F16C+FMA+LZCNT+MOVBE,AVX,SSE3+SSSE3+SSE4.1+SSE4.2+POPCNT,X86Base+SSE+SSE2,AES+PCLMUL,AvxVnni,SERIALIZE VectorSize=256
// Job: Job-CKBLHY(EvaluateOverhead=False, Clock=Armonik.Ffi.Bdn.CpuClock, Toolchain=InProcessEmitToolchain, IterationCount=1, IterationTime=2ms, LaunchCount=1, RunStrategy=Throughput, WarmupCount=1)

OverheadJitting  1: 1 op, 440166.00 ns, 440.1660 us/op
WorkloadJitting  1: 1 op, 392062.00 ns, 392.0620 us/op

WorkloadPilot    1: 4 op, 31374.00 ns, 7.8435 us/op
WorkloadPilot    2: 255 op, 326994.00 ns, 1.2823 us/op
WorkloadPilot    3: 1560 op, 1443927.00 ns, 925.5942 ns/op
WorkloadPilot    4: 2161 op, 1547132.00 ns, 715.9334 ns/op
WorkloadPilot    5: 2794 op, 1922508.00 ns, 688.0845 ns/op
WorkloadPilot    6: 2907 op, 2531019.00 ns, 870.6636 ns/op
WorkloadPilot    7: 2297 op, 1368684.00 ns, 595.8572 ns/op
WorkloadPilot    8: 3357 op, 2248462.00 ns, 669.7831 ns/op
WorkloadPilot    9: 2986 op, 1769555.00 ns, 592.6172 ns/op
WorkloadPilot   10: 3375 op, 3067927.00 ns, 909.0154 ns/op

WorkloadWarmup   1: 3375 op, 1985392.00 ns, 588.2643 ns/op

WorkloadActual   1: 3375 op, 1920819.00 ns, 569.1316 ns/op

WorkloadResult   1: 3375 op, 1920819.00 ns, 569.1316 ns/op


Mean = 569.132 ns, StdErr = 0.000 ns (0.00%), N = 1, StdDev = 0.000 ns
Min = 569.132 ns, Q1 = 569.132 ns, Median = 569.132 ns, Q3 = 569.132 ns, Max = 569.132 ns
IQR = 0.000 ns, LowerFence = 569.132 ns, UpperFence = 569.132 ns
ConfidenceInterval = [NaN ns; NaN ns] (CI 99.9%), Margin = NaN ns (NaN% of Mean)
Skewness = NaN, Kurtosis = NaN, MValue = 2

// ** Remained 95 (60.1 %) benchmark(s) to run. Estimated finish 2026-09-26 13:49 (0h 0m from now) **
// **************************
// Benchmark: CodecSuite.Run: campaign(EvaluateOverhead=False, Clock=Armonik.Ffi.Bdn.CpuClock, Toolchain=InProcessEmitToolchain, IterationCount=1, IterationTime=2ms, LaunchCount=1, RunStrategy=Throughput, WarmupCount=1) [Case=core-(...)known [37]]
// *** Execute ***
// Launch: 1 / 1

// Benchmark Process Environment Information:
// BenchmarkDotNet v0.15.8
// Runtime=.NET 8.0.31 (8.0.31, 8.0.3126.42015), X64 RyuJIT x86-64-v4
// GC=Concurrent Workstation
// HardwareIntrinsics=AVX512 IFMA+VBMI,AVX512 F+BW+CD+DQ+VL,AVX2+BMI1+BMI2+F16C+FMA+LZCNT+MOVBE,AVX,SSE3+SSSE3+SSE4.1+SSE4.2+POPCNT,X86Base+SSE+SSE2,AES+PCLMUL,AvxVnni,SERIALIZE VectorSize=256
// Job: Job-CKBLHY(EvaluateOverhead=False, Clock=Armonik.Ffi.Bdn.CpuClock, Toolchain=InProcessEmitToolchain, IterationCount=1, IterationTime=2ms, LaunchCount=1, RunStrategy=Throughput, WarmupCount=1)

OverheadJitting  1: 1 op, 565788.00 ns, 565.7880 us/op
WorkloadJitting  1: 1 op, 2604817.00 ns, 2.6048 ms/op

OverheadJitting  2: 1 op, 4725.00 ns, 4.7250 us/op
WorkloadJitting  2: 1 op, 1994798.00 ns, 1.9948 ms/op

WorkloadWarmup   1: 1 op, 2343641.00 ns, 2.3436 ms/op

WorkloadActual   1: 1 op, 3244707.00 ns, 3.2447 ms/op

WorkloadResult   1: 1 op, 3244707.00 ns, 3.2447 ms/op


Mean = 3.245 ms, StdErr = 0.000 ms (0.00%), N = 1, StdDev = 0.000 ms
Min = 3.245 ms, Q1 = 3.245 ms, Median = 3.245 ms, Q3 = 3.245 ms, Max = 3.245 ms
IQR = 0.000 ms, LowerFence = 3.245 ms, UpperFence = 3.245 ms
ConfidenceInterval = [NaN ms; NaN ms] (CI 99.9%), Margin = NaN ms (NaN% of Mean)
Skewness = NaN, Kurtosis = NaN, MValue = 2

// ** Remained 94 (59.5 %) benchmark(s) to run. Estimated finish 2026-09-26 13:49 (0h 0m from now) **
// **************************
// Benchmark: CodecSuite.Run: campaign(EvaluateOverhead=False, Clock=Armonik.Ffi.Bdn.CpuClock, Toolchain=InProcessEmitToolchain, IterationCount=1, IterationTime=2ms, LaunchCount=1, RunStrategy=Throughput, WarmupCount=1) [Case=core-(...)known [42]]
// *** Execute ***
// Launch: 1 / 1

// Benchmark Process Environment Information:
// BenchmarkDotNet v0.15.8
// Runtime=.NET 8.0.31 (8.0.31, 8.0.3126.42015), X64 RyuJIT x86-64-v4
// GC=Concurrent Workstation
// HardwareIntrinsics=AVX512 IFMA+VBMI,AVX512 F+BW+CD+DQ+VL,AVX2+BMI1+BMI2+F16C+FMA+LZCNT+MOVBE,AVX,SSE3+SSSE3+SSE4.1+SSE4.2+POPCNT,X86Base+SSE+SSE2,AES+PCLMUL,AvxVnni,SERIALIZE VectorSize=256
// Job: Job-CKBLHY(EvaluateOverhead=False, Clock=Armonik.Ffi.Bdn.CpuClock, Toolchain=InProcessEmitToolchain, IterationCount=1, IterationTime=2ms, LaunchCount=1, RunStrategy=Throughput, WarmupCount=1)

OverheadJitting  1: 1 op, 576186.00 ns, 576.1860 us/op
WorkloadJitting  1: 1 op, 1278108.00 ns, 1.2781 ms/op

WorkloadPilot    1: 4 op, 1269214.00 ns, 317.3035 us/op
WorkloadPilot    2: 6 op, 1865742.00 ns, 310.9570 us/op

WorkloadWarmup   1: 6 op, 1909858.00 ns, 318.3097 us/op

WorkloadActual   1: 6 op, 1745263.00 ns, 290.8772 us/op

WorkloadResult   1: 6 op, 1745263.00 ns, 290.8772 us/op


Mean = 290.877 us, StdErr = 0.000 us (0.00%), N = 1, StdDev = 0.000 us
Min = 290.877 us, Q1 = 290.877 us, Median = 290.877 us, Q3 = 290.877 us, Max = 290.877 us
IQR = 0.000 us, LowerFence = 290.877 us, UpperFence = 290.877 us
ConfidenceInterval = [NaN us; NaN us] (CI 99.9%), Margin = NaN us (NaN% of Mean)
Skewness = NaN, Kurtosis = NaN, MValue = 2

// ** Remained 93 (58.9 %) benchmark(s) to run. Estimated finish 2026-09-26 13:49 (0h 0m from now) **
// **************************
// Benchmark: CodecSuite.Run: campaign(EvaluateOverhead=False, Clock=Armonik.Ffi.Bdn.CpuClock, Toolchain=InProcessEmitToolchain, IterationCount=1, IterationTime=2ms, LaunchCount=1, RunStrategy=Throughput, WarmupCount=1) [Case=core-(...)known [47]]
// *** Execute ***
// Launch: 1 / 1

// Benchmark Process Environment Information:
// BenchmarkDotNet v0.15.8
// Runtime=.NET 8.0.31 (8.0.31, 8.0.3126.42015), X64 RyuJIT x86-64-v4
// GC=Concurrent Workstation
// HardwareIntrinsics=AVX512 IFMA+VBMI,AVX512 F+BW+CD+DQ+VL,AVX2+BMI1+BMI2+F16C+FMA+LZCNT+MOVBE,AVX,SSE3+SSSE3+SSE4.1+SSE4.2+POPCNT,X86Base+SSE+SSE2,AES+PCLMUL,AvxVnni,SERIALIZE VectorSize=256
// Job: Job-CKBLHY(EvaluateOverhead=False, Clock=Armonik.Ffi.Bdn.CpuClock, Toolchain=InProcessEmitToolchain, IterationCount=1, IterationTime=2ms, LaunchCount=1, RunStrategy=Throughput, WarmupCount=1)

OverheadJitting  1: 1 op, 574052.00 ns, 574.0520 us/op
WorkloadJitting  1: 1 op, 3063996.00 ns, 3.0640 ms/op

OverheadJitting  2: 1 op, 3858.00 ns, 3.8580 us/op
WorkloadJitting  2: 1 op, 1150987.00 ns, 1.1510 ms/op

WorkloadPilot    1: 4 op, 3490009.00 ns, 872.5023 us/op
WorkloadPilot    2: 2 op, 1611693.00 ns, 805.8465 us/op

WorkloadWarmup   1: 2 op, 1774469.00 ns, 887.2345 us/op

WorkloadActual   1: 2 op, 1758607.00 ns, 879.3035 us/op

WorkloadResult   1: 2 op, 1758607.00 ns, 879.3035 us/op


Mean = 879.303 us, StdErr = 0.000 us (0.00%), N = 1, StdDev = 0.000 us
Min = 879.303 us, Q1 = 879.303 us, Median = 879.303 us, Q3 = 879.303 us, Max = 879.303 us
IQR = 0.000 us, LowerFence = 879.303 us, UpperFence = 879.303 us
ConfidenceInterval = [NaN us; NaN us] (CI 99.9%), Margin = NaN us (NaN% of Mean)
Skewness = NaN, Kurtosis = NaN, MValue = 2

// ** Remained 92 (58.2 %) benchmark(s) to run. Estimated finish 2026-09-26 13:49 (0h 0m from now) **
// **************************
// Benchmark: CodecSuite.Run: campaign(EvaluateOverhead=False, Clock=Armonik.Ffi.Bdn.CpuClock, Toolchain=InProcessEmitToolchain, IterationCount=1, IterationTime=2ms, LaunchCount=1, RunStrategy=Throughput, WarmupCount=1) [Case=core-(...)known [52]]
// *** Execute ***
// Launch: 1 / 1

// Benchmark Process Environment Information:
// BenchmarkDotNet v0.15.8
// Runtime=.NET 8.0.31 (8.0.31, 8.0.3126.42015), X64 RyuJIT x86-64-v4
// GC=Concurrent Workstation
// HardwareIntrinsics=AVX512 IFMA+VBMI,AVX512 F+BW+CD+DQ+VL,AVX2+BMI1+BMI2+F16C+FMA+LZCNT+MOVBE,AVX,SSE3+SSSE3+SSE4.1+SSE4.2+POPCNT,X86Base+SSE+SSE2,AES+PCLMUL,AvxVnni,SERIALIZE VectorSize=256
// Job: Job-CKBLHY(EvaluateOverhead=False, Clock=Armonik.Ffi.Bdn.CpuClock, Toolchain=InProcessEmitToolchain, IterationCount=1, IterationTime=2ms, LaunchCount=1, RunStrategy=Throughput, WarmupCount=1)

OverheadJitting  1: 1 op, 370418.00 ns, 370.4180 us/op
WorkloadJitting  1: 1 op, 362578.00 ns, 362.5780 us/op

WorkloadPilot    1: 4 op, 52546.00 ns, 13.1365 us/op
WorkloadPilot    2: 152 op, 49322.00 ns, 324.4868 ns/op
WorkloadPilot    3: 6164 op, 1589722.00 ns, 257.9043 ns/op
WorkloadPilot    4: 7755 op, 2022348.00 ns, 260.7799 ns/op
WorkloadPilot    5: 7669 op, 2045233.00 ns, 266.6884 ns/op
WorkloadPilot    6: 7499 op, 2242672.00 ns, 299.0628 ns/op

WorkloadWarmup   1: 7499 op, 1910575.00 ns, 254.7773 ns/op

WorkloadActual   1: 7499 op, 1987844.00 ns, 265.0812 ns/op

WorkloadResult   1: 7499 op, 1987844.00 ns, 265.0812 ns/op


Mean = 265.081 ns, StdErr = 0.000 ns (0.00%), N = 1, StdDev = 0.000 ns
Min = 265.081 ns, Q1 = 265.081 ns, Median = 265.081 ns, Q3 = 265.081 ns, Max = 265.081 ns
IQR = 0.000 ns, LowerFence = 265.081 ns, UpperFence = 265.081 ns
ConfidenceInterval = [NaN ns; NaN ns] (CI 99.9%), Margin = NaN ns (NaN% of Mean)
Skewness = NaN, Kurtosis = NaN, MValue = 2

// ** Remained 91 (57.6 %) benchmark(s) to run. Estimated finish 2026-09-26 13:49 (0h 0m from now) **
// **************************
// Benchmark: CodecSuite.Run: campaign(EvaluateOverhead=False, Clock=Armonik.Ffi.Bdn.CpuClock, Toolchain=InProcessEmitToolchain, IterationCount=1, IterationTime=2ms, LaunchCount=1, RunStrategy=Throughput, WarmupCount=1) [Case=core-(...)known [51]]
// *** Execute ***
// Launch: 1 / 1

// Benchmark Process Environment Information:
// BenchmarkDotNet v0.15.8
// Runtime=.NET 8.0.31 (8.0.31, 8.0.3126.42015), X64 RyuJIT x86-64-v4
// GC=Concurrent Workstation
// HardwareIntrinsics=AVX512 IFMA+VBMI,AVX512 F+BW+CD+DQ+VL,AVX2+BMI1+BMI2+F16C+FMA+LZCNT+MOVBE,AVX,SSE3+SSSE3+SSE4.1+SSE4.2+POPCNT,X86Base+SSE+SSE2,AES+PCLMUL,AvxVnni,SERIALIZE VectorSize=256
// Job: Job-CKBLHY(EvaluateOverhead=False, Clock=Armonik.Ffi.Bdn.CpuClock, Toolchain=InProcessEmitToolchain, IterationCount=1, IterationTime=2ms, LaunchCount=1, RunStrategy=Throughput, WarmupCount=1)

OverheadJitting  1: 1 op, 409218.00 ns, 409.2180 us/op
WorkloadJitting  1: 1 op, 268353.00 ns, 268.3530 us/op

WorkloadPilot    1: 4 op, 31215.00 ns, 7.8038 us/op
WorkloadPilot    2: 256 op, 417939.00 ns, 1.6326 us/op
WorkloadPilot    3: 1225 op, 1804942.00 ns, 1.4734 us/op
WorkloadPilot    4: 1357 op, 2013408.00 ns, 1.4837 us/op
WorkloadPilot    5: 1348 op, 2167886.00 ns, 1.6082 us/op
WorkloadPilot    6: 1244 op, 1864846.00 ns, 1.4991 us/op
WorkloadPilot    7: 1334 op, 2020165.00 ns, 1.5144 us/op

WorkloadWarmup   1: 1334 op, 1981194.00 ns, 1.4852 us/op

WorkloadActual   1: 1334 op, 1960391.00 ns, 1.4696 us/op

WorkloadResult   1: 1334 op, 1960391.00 ns, 1.4696 us/op


Mean = 1.470 us, StdErr = 0.000 us (0.00%), N = 1, StdDev = 0.000 us
Min = 1.470 us, Q1 = 1.470 us, Median = 1.470 us, Q3 = 1.470 us, Max = 1.470 us
IQR = 0.000 us, LowerFence = 1.470 us, UpperFence = 1.470 us
ConfidenceInterval = [NaN us; NaN us] (CI 99.9%), Margin = NaN us (NaN% of Mean)
Skewness = NaN, Kurtosis = NaN, MValue = 2

// ** Remained 90 (57.0 %) benchmark(s) to run. Estimated finish 2026-09-26 13:49 (0h 0m from now) **
// **************************
// Benchmark: CodecSuite.Run: campaign(EvaluateOverhead=False, Clock=Armonik.Ffi.Bdn.CpuClock, Toolchain=InProcessEmitToolchain, IterationCount=1, IterationTime=2ms, LaunchCount=1, RunStrategy=Throughput, WarmupCount=1) [Case=core-(...)known [49]]
// *** Execute ***
// Launch: 1 / 1

// Benchmark Process Environment Information:
// BenchmarkDotNet v0.15.8
// Runtime=.NET 8.0.31 (8.0.31, 8.0.3126.42015), X64 RyuJIT x86-64-v4
// GC=Concurrent Workstation
// HardwareIntrinsics=AVX512 IFMA+VBMI,AVX512 F+BW+CD+DQ+VL,AVX2+BMI1+BMI2+F16C+FMA+LZCNT+MOVBE,AVX,SSE3+SSSE3+SSE4.1+SSE4.2+POPCNT,X86Base+SSE+SSE2,AES+PCLMUL,AvxVnni,SERIALIZE VectorSize=256
// Job: Job-CKBLHY(EvaluateOverhead=False, Clock=Armonik.Ffi.Bdn.CpuClock, Toolchain=InProcessEmitToolchain, IterationCount=1, IterationTime=2ms, LaunchCount=1, RunStrategy=Throughput, WarmupCount=1)

OverheadJitting  1: 1 op, 385689.00 ns, 385.6890 us/op
WorkloadJitting  1: 1 op, 501269.00 ns, 501.2690 us/op

WorkloadPilot    1: 4 op, 58316.00 ns, 14.5790 us/op
WorkloadPilot    2: 137 op, 882032.00 ns, 6.4382 us/op
WorkloadPilot    3: 311 op, 1382781.00 ns, 4.4462 us/op
WorkloadPilot    4: 450 op, 1727250.00 ns, 3.8383 us/op
WorkloadPilot    5: 521 op, 1822330.00 ns, 3.4978 us/op
WorkloadPilot    6: 572 op, 3109142.00 ns, 5.4356 us/op
WorkloadPilot    7: 368 op, 1193508.00 ns, 3.2432 us/op
WorkloadPilot    8: 617 op, 2017358.00 ns, 3.2696 us/op
WorkloadPilot    9: 612 op, 2853024.00 ns, 4.6618 us/op

WorkloadWarmup   1: 612 op, 2128235.00 ns, 3.4775 us/op

WorkloadActual   1: 612 op, 1911343.00 ns, 3.1231 us/op

WorkloadResult   1: 612 op, 1911343.00 ns, 3.1231 us/op


Mean = 3.123 us, StdErr = 0.000 us (0.00%), N = 1, StdDev = 0.000 us
Min = 3.123 us, Q1 = 3.123 us, Median = 3.123 us, Q3 = 3.123 us, Max = 3.123 us
IQR = 0.000 us, LowerFence = 3.123 us, UpperFence = 3.123 us
ConfidenceInterval = [NaN us; NaN us] (CI 99.9%), Margin = NaN us (NaN% of Mean)
Skewness = NaN, Kurtosis = NaN, MValue = 2

// ** Remained 89 (56.3 %) benchmark(s) to run. Estimated finish 2026-09-26 13:49 (0h 0m from now) **
// **************************
// Benchmark: CodecSuite.Run: campaign(EvaluateOverhead=False, Clock=Armonik.Ffi.Bdn.CpuClock, Toolchain=InProcessEmitToolchain, IterationCount=1, IterationTime=2ms, LaunchCount=1, RunStrategy=Throughput, WarmupCount=1) [Case=core-(...)known [38]]
// *** Execute ***
// Launch: 1 / 1

// Benchmark Process Environment Information:
// BenchmarkDotNet v0.15.8
// Runtime=.NET 8.0.31 (8.0.31, 8.0.3126.42015), X64 RyuJIT x86-64-v4
// GC=Concurrent Workstation
// HardwareIntrinsics=AVX512 IFMA+VBMI,AVX512 F+BW+CD+DQ+VL,AVX2+BMI1+BMI2+F16C+FMA+LZCNT+MOVBE,AVX,SSE3+SSSE3+SSE4.1+SSE4.2+POPCNT,X86Base+SSE+SSE2,AES+PCLMUL,AvxVnni,SERIALIZE VectorSize=256
// Job: Job-CKBLHY(EvaluateOverhead=False, Clock=Armonik.Ffi.Bdn.CpuClock, Toolchain=InProcessEmitToolchain, IterationCount=1, IterationTime=2ms, LaunchCount=1, RunStrategy=Throughput, WarmupCount=1)

OverheadJitting  1: 1 op, 637193.00 ns, 637.1930 us/op
WorkloadJitting  1: 1 op, 3577345.00 ns, 3.5773 ms/op

OverheadJitting  2: 1 op, 3830.00 ns, 3.8300 us/op
WorkloadJitting  2: 1 op, 2988359.00 ns, 2.9884 ms/op

WorkloadWarmup   1: 1 op, 2951933.00 ns, 2.9519 ms/op

WorkloadActual   1: 1 op, 2910158.00 ns, 2.9102 ms/op

WorkloadResult   1: 1 op, 2910158.00 ns, 2.9102 ms/op


Mean = 2.910 ms, StdErr = 0.000 ms (0.00%), N = 1, StdDev = 0.000 ms
Min = 2.910 ms, Q1 = 2.910 ms, Median = 2.910 ms, Q3 = 2.910 ms, Max = 2.910 ms
IQR = 0.000 ms, LowerFence = 2.910 ms, UpperFence = 2.910 ms
ConfidenceInterval = [NaN ms; NaN ms] (CI 99.9%), Margin = NaN ms (NaN% of Mean)
Skewness = NaN, Kurtosis = NaN, MValue = 2

// ** Remained 88 (55.7 %) benchmark(s) to run. Estimated finish 2026-09-26 13:49 (0h 0m from now) **
// **************************
// Benchmark: CodecSuite.Run: campaign(EvaluateOverhead=False, Clock=Armonik.Ffi.Bdn.CpuClock, Toolchain=InProcessEmitToolchain, IterationCount=1, IterationTime=2ms, LaunchCount=1, RunStrategy=Throughput, WarmupCount=1) [Case=core-(...)known [51]]
// *** Execute ***
// Launch: 1 / 1

// Benchmark Process Environment Information:
// BenchmarkDotNet v0.15.8
// Runtime=.NET 8.0.31 (8.0.31, 8.0.3126.42015), X64 RyuJIT x86-64-v4
// GC=Concurrent Workstation
// HardwareIntrinsics=AVX512 IFMA+VBMI,AVX512 F+BW+CD+DQ+VL,AVX2+BMI1+BMI2+F16C+FMA+LZCNT+MOVBE,AVX,SSE3+SSSE3+SSE4.1+SSE4.2+POPCNT,X86Base+SSE+SSE2,AES+PCLMUL,AvxVnni,SERIALIZE VectorSize=256
// Job: Job-CKBLHY(EvaluateOverhead=False, Clock=Armonik.Ffi.Bdn.CpuClock, Toolchain=InProcessEmitToolchain, IterationCount=1, IterationTime=2ms, LaunchCount=1, RunStrategy=Throughput, WarmupCount=1)

OverheadJitting  1: 1 op, 582086.00 ns, 582.0860 us/op
WorkloadJitting  1: 1 op, 386473.00 ns, 386.4730 us/op

WorkloadPilot    1: 4 op, 17836.00 ns, 4.4590 us/op
WorkloadPilot    2: 449 op, 166605.00 ns, 371.0579 ns/op
WorkloadPilot    3: 5390 op, 2351178.00 ns, 436.2111 ns/op
WorkloadPilot    4: 4585 op, 1241442.00 ns, 270.7616 ns/op
WorkloadPilot    5: 7387 op, 2299527.00 ns, 311.2938 ns/op
WorkloadPilot    6: 6425 op, 2753764.00 ns, 428.6014 ns/op

WorkloadWarmup   1: 6425 op, 2908985.00 ns, 452.7603 ns/op

WorkloadActual   1: 6425 op, 2839250.00 ns, 441.9066 ns/op

WorkloadResult   1: 6425 op, 2839250.00 ns, 441.9066 ns/op


Mean = 441.907 ns, StdErr = 0.000 ns (0.00%), N = 1, StdDev = 0.000 ns
Min = 441.907 ns, Q1 = 441.907 ns, Median = 441.907 ns, Q3 = 441.907 ns, Max = 441.907 ns
IQR = 0.000 ns, LowerFence = 441.907 ns, UpperFence = 441.907 ns
ConfidenceInterval = [NaN ns; NaN ns] (CI 99.9%), Margin = NaN ns (NaN% of Mean)
Skewness = NaN, Kurtosis = NaN, MValue = 2

// ** Remained 87 (55.1 %) benchmark(s) to run. Estimated finish 2026-09-26 13:49 (0h 0m from now) **
// **************************
// Benchmark: CodecSuite.Run: campaign(EvaluateOverhead=False, Clock=Armonik.Ffi.Bdn.CpuClock, Toolchain=InProcessEmitToolchain, IterationCount=1, IterationTime=2ms, LaunchCount=1, RunStrategy=Throughput, WarmupCount=1) [Case=core-(...)known [38]]
// *** Execute ***
// Launch: 1 / 1

// Benchmark Process Environment Information:
// BenchmarkDotNet v0.15.8
// Runtime=.NET 8.0.31 (8.0.31, 8.0.3126.42015), X64 RyuJIT x86-64-v4
// GC=Concurrent Workstation
// HardwareIntrinsics=AVX512 IFMA+VBMI,AVX512 F+BW+CD+DQ+VL,AVX2+BMI1+BMI2+F16C+FMA+LZCNT+MOVBE,AVX,SSE3+SSSE3+SSE4.1+SSE4.2+POPCNT,X86Base+SSE+SSE2,AES+PCLMUL,AvxVnni,SERIALIZE VectorSize=256
// Job: Job-CKBLHY(EvaluateOverhead=False, Clock=Armonik.Ffi.Bdn.CpuClock, Toolchain=InProcessEmitToolchain, IterationCount=1, IterationTime=2ms, LaunchCount=1, RunStrategy=Throughput, WarmupCount=1)

OverheadJitting  1: 1 op, 600462.00 ns, 600.4620 us/op
WorkloadJitting  1: 1 op, 5331265.00 ns, 5.3313 ms/op

OverheadJitting  2: 1 op, 4799.00 ns, 4.7990 us/op
WorkloadJitting  2: 1 op, 2103507.00 ns, 2.1035 ms/op

WorkloadWarmup   1: 1 op, 2135366.00 ns, 2.1354 ms/op

WorkloadActual   1: 1 op, 2076976.00 ns, 2.0770 ms/op

WorkloadResult   1: 1 op, 2076976.00 ns, 2.0770 ms/op


Mean = 2.077 ms, StdErr = 0.000 ms (0.00%), N = 1, StdDev = 0.000 ms
Min = 2.077 ms, Q1 = 2.077 ms, Median = 2.077 ms, Q3 = 2.077 ms, Max = 2.077 ms
IQR = 0.000 ms, LowerFence = 2.077 ms, UpperFence = 2.077 ms
ConfidenceInterval = [NaN ms; NaN ms] (CI 99.9%), Margin = NaN ms (NaN% of Mean)
Skewness = NaN, Kurtosis = NaN, MValue = 2

// ** Remained 86 (54.4 %) benchmark(s) to run. Estimated finish 2026-09-26 13:49 (0h 0m from now) **
// **************************
// Benchmark: CodecSuite.Run: campaign(EvaluateOverhead=False, Clock=Armonik.Ffi.Bdn.CpuClock, Toolchain=InProcessEmitToolchain, IterationCount=1, IterationTime=2ms, LaunchCount=1, RunStrategy=Throughput, WarmupCount=1) [Case=core-(...)known [38]]
// *** Execute ***
// Launch: 1 / 1

// Benchmark Process Environment Information:
// BenchmarkDotNet v0.15.8
// Runtime=.NET 8.0.31 (8.0.31, 8.0.3126.42015), X64 RyuJIT x86-64-v4
// GC=Concurrent Workstation
// HardwareIntrinsics=AVX512 IFMA+VBMI,AVX512 F+BW+CD+DQ+VL,AVX2+BMI1+BMI2+F16C+FMA+LZCNT+MOVBE,AVX,SSE3+SSSE3+SSE4.1+SSE4.2+POPCNT,X86Base+SSE+SSE2,AES+PCLMUL,AvxVnni,SERIALIZE VectorSize=256
// Job: Job-CKBLHY(EvaluateOverhead=False, Clock=Armonik.Ffi.Bdn.CpuClock, Toolchain=InProcessEmitToolchain, IterationCount=1, IterationTime=2ms, LaunchCount=1, RunStrategy=Throughput, WarmupCount=1)

OverheadJitting  1: 1 op, 669359.00 ns, 669.3590 us/op
WorkloadJitting  1: 1 op, 4413170.00 ns, 4.4132 ms/op

OverheadJitting  2: 1 op, 3995.00 ns, 3.9950 us/op
WorkloadJitting  2: 1 op, 3774255.00 ns, 3.7743 ms/op

WorkloadWarmup   1: 1 op, 3879248.00 ns, 3.8792 ms/op

WorkloadActual   1: 1 op, 3707070.00 ns, 3.7071 ms/op

WorkloadResult   1: 1 op, 3707070.00 ns, 3.7071 ms/op


Mean = 3.707 ms, StdErr = 0.000 ms (0.00%), N = 1, StdDev = 0.000 ms
Min = 3.707 ms, Q1 = 3.707 ms, Median = 3.707 ms, Q3 = 3.707 ms, Max = 3.707 ms
IQR = 0.000 ms, LowerFence = 3.707 ms, UpperFence = 3.707 ms
ConfidenceInterval = [NaN ms; NaN ms] (CI 99.9%), Margin = NaN ms (NaN% of Mean)
Skewness = NaN, Kurtosis = NaN, MValue = 2

// ** Remained 85 (53.8 %) benchmark(s) to run. Estimated finish 2026-09-26 13:49 (0h 0m from now) **
// **************************
// Benchmark: CodecSuite.Run: campaign(EvaluateOverhead=False, Clock=Armonik.Ffi.Bdn.CpuClock, Toolchain=InProcessEmitToolchain, IterationCount=1, IterationTime=2ms, LaunchCount=1, RunStrategy=Throughput, WarmupCount=1) [Case=core-(...)known [37]]
// *** Execute ***
// Launch: 1 / 1

// Benchmark Process Environment Information:
// BenchmarkDotNet v0.15.8
// Runtime=.NET 8.0.31 (8.0.31, 8.0.3126.42015), X64 RyuJIT x86-64-v4
// GC=Concurrent Workstation
// HardwareIntrinsics=AVX512 IFMA+VBMI,AVX512 F+BW+CD+DQ+VL,AVX2+BMI1+BMI2+F16C+FMA+LZCNT+MOVBE,AVX,SSE3+SSSE3+SSE4.1+SSE4.2+POPCNT,X86Base+SSE+SSE2,AES+PCLMUL,AvxVnni,SERIALIZE VectorSize=256
// Job: Job-CKBLHY(EvaluateOverhead=False, Clock=Armonik.Ffi.Bdn.CpuClock, Toolchain=InProcessEmitToolchain, IterationCount=1, IterationTime=2ms, LaunchCount=1, RunStrategy=Throughput, WarmupCount=1)

OverheadJitting  1: 1 op, 814094.00 ns, 814.0940 us/op
WorkloadJitting  1: 1 op, 862952.00 ns, 862.9520 us/op

WorkloadPilot    1: 4 op, 1119882.00 ns, 279.9705 us/op
WorkloadPilot    2: 7 op, 1852302.00 ns, 264.6146 us/op

WorkloadWarmup   1: 7 op, 1831296.00 ns, 261.6137 us/op

WorkloadActual   1: 7 op, 1069545.00 ns, 152.7921 us/op

WorkloadResult   1: 7 op, 1069545.00 ns, 152.7921 us/op


Mean = 152.792 us, StdErr = 0.000 us (0.00%), N = 1, StdDev = 0.000 us
Min = 152.792 us, Q1 = 152.792 us, Median = 152.792 us, Q3 = 152.792 us, Max = 152.792 us
IQR = 0.000 us, LowerFence = 152.792 us, UpperFence = 152.792 us
ConfidenceInterval = [NaN us; NaN us] (CI 99.9%), Margin = NaN us (NaN% of Mean)
Skewness = NaN, Kurtosis = NaN, MValue = 2

// ** Remained 84 (53.2 %) benchmark(s) to run. Estimated finish 2026-09-26 13:49 (0h 0m from now) **
// **************************
// Benchmark: CodecSuite.Run: campaign(EvaluateOverhead=False, Clock=Armonik.Ffi.Bdn.CpuClock, Toolchain=InProcessEmitToolchain, IterationCount=1, IterationTime=2ms, LaunchCount=1, RunStrategy=Throughput, WarmupCount=1) [Case=core-(...)known [47]]
// *** Execute ***
// Launch: 1 / 1

// Benchmark Process Environment Information:
// BenchmarkDotNet v0.15.8
// Runtime=.NET 8.0.31 (8.0.31, 8.0.3126.42015), X64 RyuJIT x86-64-v4
// GC=Concurrent Workstation
// HardwareIntrinsics=AVX512 IFMA+VBMI,AVX512 F+BW+CD+DQ+VL,AVX2+BMI1+BMI2+F16C+FMA+LZCNT+MOVBE,AVX,SSE3+SSSE3+SSE4.1+SSE4.2+POPCNT,X86Base+SSE+SSE2,AES+PCLMUL,AvxVnni,SERIALIZE VectorSize=256
// Job: Job-CKBLHY(EvaluateOverhead=False, Clock=Armonik.Ffi.Bdn.CpuClock, Toolchain=InProcessEmitToolchain, IterationCount=1, IterationTime=2ms, LaunchCount=1, RunStrategy=Throughput, WarmupCount=1)

OverheadJitting  1: 1 op, 596077.00 ns, 596.0770 us/op
WorkloadJitting  1: 1 op, 1912413.00 ns, 1.9124 ms/op

OverheadJitting  2: 1 op, 4049.00 ns, 4.0490 us/op
WorkloadJitting  2: 1 op, 302220.00 ns, 302.2200 us/op

WorkloadPilot    1: 4 op, 902541.00 ns, 225.6353 us/op
WorkloadPilot    2: 9 op, 1441796.00 ns, 160.1996 us/op
WorkloadPilot    3: 12 op, 1628882.00 ns, 135.7402 us/op
WorkloadPilot    4: 15 op, 2291972.00 ns, 152.7981 us/op
WorkloadPilot    5: 13 op, 1865372.00 ns, 143.4902 us/op

WorkloadWarmup   1: 13 op, 1974973.00 ns, 151.9210 us/op

WorkloadActual   1: 13 op, 2449800.00 ns, 188.4462 us/op

WorkloadResult   1: 13 op, 2449800.00 ns, 188.4462 us/op


Mean = 188.446 us, StdErr = 0.000 us (0.00%), N = 1, StdDev = 0.000 us
Min = 188.446 us, Q1 = 188.446 us, Median = 188.446 us, Q3 = 188.446 us, Max = 188.446 us
IQR = 0.000 us, LowerFence = 188.446 us, UpperFence = 188.446 us
ConfidenceInterval = [NaN us; NaN us] (CI 99.9%), Margin = NaN us (NaN% of Mean)
Skewness = NaN, Kurtosis = NaN, MValue = 2

// ** Remained 83 (52.5 %) benchmark(s) to run. Estimated finish 2026-09-26 13:49 (0h 0m from now) **
// **************************
// Benchmark: CodecSuite.Run: campaign(EvaluateOverhead=False, Clock=Armonik.Ffi.Bdn.CpuClock, Toolchain=InProcessEmitToolchain, IterationCount=1, IterationTime=2ms, LaunchCount=1, RunStrategy=Throughput, WarmupCount=1) [Case=core-(...)known [47]]
// *** Execute ***
// Launch: 1 / 1

// Benchmark Process Environment Information:
// BenchmarkDotNet v0.15.8
// Runtime=.NET 8.0.31 (8.0.31, 8.0.3126.42015), X64 RyuJIT x86-64-v4
// GC=Concurrent Workstation
// HardwareIntrinsics=AVX512 IFMA+VBMI,AVX512 F+BW+CD+DQ+VL,AVX2+BMI1+BMI2+F16C+FMA+LZCNT+MOVBE,AVX,SSE3+SSSE3+SSE4.1+SSE4.2+POPCNT,X86Base+SSE+SSE2,AES+PCLMUL,AvxVnni,SERIALIZE VectorSize=256
// Job: Job-CKBLHY(EvaluateOverhead=False, Clock=Armonik.Ffi.Bdn.CpuClock, Toolchain=InProcessEmitToolchain, IterationCount=1, IterationTime=2ms, LaunchCount=1, RunStrategy=Throughput, WarmupCount=1)

OverheadJitting  1: 1 op, 567404.00 ns, 567.4040 us/op
WorkloadJitting  1: 1 op, 3066055.00 ns, 3.0661 ms/op

OverheadJitting  2: 1 op, 4306.00 ns, 4.3060 us/op
WorkloadJitting  2: 1 op, 1503636.00 ns, 1.5036 ms/op

WorkloadWarmup   1: 1 op, 1263333.00 ns, 1.2633 ms/op

WorkloadActual   1: 1 op, 1413244.00 ns, 1.4132 ms/op

WorkloadResult   1: 1 op, 1413244.00 ns, 1.4132 ms/op


Mean = 1.413 ms, StdErr = 0.000 ms (0.00%), N = 1, StdDev = 0.000 ms
Min = 1.413 ms, Q1 = 1.413 ms, Median = 1.413 ms, Q3 = 1.413 ms, Max = 1.413 ms
IQR = 0.000 ms, LowerFence = 1.413 ms, UpperFence = 1.413 ms
ConfidenceInterval = [NaN ms; NaN ms] (CI 99.9%), Margin = NaN ms (NaN% of Mean)
Skewness = NaN, Kurtosis = NaN, MValue = 2

// ** Remained 82 (51.9 %) benchmark(s) to run. Estimated finish 2026-09-26 13:49 (0h 0m from now) **
// **************************
// Benchmark: CodecSuite.Run: campaign(EvaluateOverhead=False, Clock=Armonik.Ffi.Bdn.CpuClock, Toolchain=InProcessEmitToolchain, IterationCount=1, IterationTime=2ms, LaunchCount=1, RunStrategy=Throughput, WarmupCount=1) [Case=core-(...)known [37]]
// *** Execute ***
// Launch: 1 / 1

// Benchmark Process Environment Information:
// BenchmarkDotNet v0.15.8
// Runtime=.NET 8.0.31 (8.0.31, 8.0.3126.42015), X64 RyuJIT x86-64-v4
// GC=Concurrent Workstation
// HardwareIntrinsics=AVX512 IFMA+VBMI,AVX512 F+BW+CD+DQ+VL,AVX2+BMI1+BMI2+F16C+FMA+LZCNT+MOVBE,AVX,SSE3+SSSE3+SSE4.1+SSE4.2+POPCNT,X86Base+SSE+SSE2,AES+PCLMUL,AvxVnni,SERIALIZE VectorSize=256
// Job: Job-CKBLHY(EvaluateOverhead=False, Clock=Armonik.Ffi.Bdn.CpuClock, Toolchain=InProcessEmitToolchain, IterationCount=1, IterationTime=2ms, LaunchCount=1, RunStrategy=Throughput, WarmupCount=1)

OverheadJitting  1: 1 op, 578345.00 ns, 578.3450 us/op
WorkloadJitting  1: 1 op, 2387673.00 ns, 2.3877 ms/op

OverheadJitting  2: 1 op, 4904.00 ns, 4.9040 us/op
WorkloadJitting  2: 1 op, 1277982.00 ns, 1.2780 ms/op

WorkloadPilot    1: 4 op, 3309371.00 ns, 827.3428 us/op
WorkloadPilot    2: 2 op, 1553992.00 ns, 776.9960 us/op

WorkloadWarmup   1: 2 op, 1683052.00 ns, 841.5260 us/op

WorkloadActual   1: 2 op, 1621563.00 ns, 810.7815 us/op

WorkloadResult   1: 2 op, 1621563.00 ns, 810.7815 us/op


Mean = 810.782 us, StdErr = 0.000 us (0.00%), N = 1, StdDev = 0.000 us
Min = 810.782 us, Q1 = 810.782 us, Median = 810.782 us, Q3 = 810.782 us, Max = 810.782 us
IQR = 0.000 us, LowerFence = 810.782 us, UpperFence = 810.782 us
ConfidenceInterval = [NaN us; NaN us] (CI 99.9%), Margin = NaN us (NaN% of Mean)
Skewness = NaN, Kurtosis = NaN, MValue = 2

// ** Remained 81 (51.3 %) benchmark(s) to run. Estimated finish 2026-09-26 13:49 (0h 0m from now) **
// **************************
// Benchmark: CodecSuite.Run: campaign(EvaluateOverhead=False, Clock=Armonik.Ffi.Bdn.CpuClock, Toolchain=InProcessEmitToolchain, IterationCount=1, IterationTime=2ms, LaunchCount=1, RunStrategy=Throughput, WarmupCount=1) [Case=core-(...)known [42]]
// *** Execute ***
// Launch: 1 / 1

// Benchmark Process Environment Information:
// BenchmarkDotNet v0.15.8
// Runtime=.NET 8.0.31 (8.0.31, 8.0.3126.42015), X64 RyuJIT x86-64-v4
// GC=Concurrent Workstation
// HardwareIntrinsics=AVX512 IFMA+VBMI,AVX512 F+BW+CD+DQ+VL,AVX2+BMI1+BMI2+F16C+FMA+LZCNT+MOVBE,AVX,SSE3+SSSE3+SSE4.1+SSE4.2+POPCNT,X86Base+SSE+SSE2,AES+PCLMUL,AvxVnni,SERIALIZE VectorSize=256
// Job: Job-CKBLHY(EvaluateOverhead=False, Clock=Armonik.Ffi.Bdn.CpuClock, Toolchain=InProcessEmitToolchain, IterationCount=1, IterationTime=2ms, LaunchCount=1, RunStrategy=Throughput, WarmupCount=1)

OverheadJitting  1: 1 op, 360875.00 ns, 360.8750 us/op
WorkloadJitting  1: 1 op, 1084216.00 ns, 1.0842 ms/op

WorkloadPilot    1: 4 op, 1519557.00 ns, 379.8893 us/op

WorkloadWarmup   1: 4 op, 2372009.00 ns, 593.0023 us/op

WorkloadActual   1: 4 op, 4508119.00 ns, 1.1270 ms/op

WorkloadResult   1: 4 op, 4508119.00 ns, 1.1270 ms/op


Mean = 1.127 ms, StdErr = 0.000 ms (0.00%), N = 1, StdDev = 0.000 ms
Min = 1.127 ms, Q1 = 1.127 ms, Median = 1.127 ms, Q3 = 1.127 ms, Max = 1.127 ms
IQR = 0.000 ms, LowerFence = 1.127 ms, UpperFence = 1.127 ms
ConfidenceInterval = [NaN ms; NaN ms] (CI 99.9%), Margin = NaN ms (NaN% of Mean)
Skewness = NaN, Kurtosis = NaN, MValue = 2

// ** Remained 80 (50.6 %) benchmark(s) to run. Estimated finish 2026-09-26 13:49 (0h 0m from now) **
// **************************
// Benchmark: CodecSuite.Run: campaign(EvaluateOverhead=False, Clock=Armonik.Ffi.Bdn.CpuClock, Toolchain=InProcessEmitToolchain, IterationCount=1, IterationTime=2ms, LaunchCount=1, RunStrategy=Throughput, WarmupCount=1) [Case=core-(...)known [51]]
// *** Execute ***
// Launch: 1 / 1

// Benchmark Process Environment Information:
// BenchmarkDotNet v0.15.8
// Runtime=.NET 8.0.31 (8.0.31, 8.0.3126.42015), X64 RyuJIT x86-64-v4
// GC=Concurrent Workstation
// HardwareIntrinsics=AVX512 IFMA+VBMI,AVX512 F+BW+CD+DQ+VL,AVX2+BMI1+BMI2+F16C+FMA+LZCNT+MOVBE,AVX,SSE3+SSSE3+SSE4.1+SSE4.2+POPCNT,X86Base+SSE+SSE2,AES+PCLMUL,AvxVnni,SERIALIZE VectorSize=256
// Job: Job-CKBLHY(EvaluateOverhead=False, Clock=Armonik.Ffi.Bdn.CpuClock, Toolchain=InProcessEmitToolchain, IterationCount=1, IterationTime=2ms, LaunchCount=1, RunStrategy=Throughput, WarmupCount=1)

OverheadJitting  1: 1 op, 421982.00 ns, 421.9820 us/op
WorkloadJitting  1: 1 op, 5593097.00 ns, 5.5931 ms/op

OverheadJitting  2: 1 op, 3745.00 ns, 3.7450 us/op
WorkloadJitting  2: 1 op, 2846134.00 ns, 2.8461 ms/op

WorkloadWarmup   1: 1 op, 1634089.00 ns, 1.6341 ms/op

WorkloadActual   1: 1 op, 1577191.00 ns, 1.5772 ms/op

WorkloadResult   1: 1 op, 1577191.00 ns, 1.5772 ms/op


Mean = 1.577 ms, StdErr = 0.000 ms (0.00%), N = 1, StdDev = 0.000 ms
Min = 1.577 ms, Q1 = 1.577 ms, Median = 1.577 ms, Q3 = 1.577 ms, Max = 1.577 ms
IQR = 0.000 ms, LowerFence = 1.577 ms, UpperFence = 1.577 ms
ConfidenceInterval = [NaN ms; NaN ms] (CI 99.9%), Margin = NaN ms (NaN% of Mean)
Skewness = NaN, Kurtosis = NaN, MValue = 2

// ** Remained 79 (50.0 %) benchmark(s) to run. Estimated finish 2026-09-26 13:49 (0h 0m from now) **
// **************************
// Benchmark: CodecSuite.Run: campaign(EvaluateOverhead=False, Clock=Armonik.Ffi.Bdn.CpuClock, Toolchain=InProcessEmitToolchain, IterationCount=1, IterationTime=2ms, LaunchCount=1, RunStrategy=Throughput, WarmupCount=1) [Case=core-(...)known [47]]
// *** Execute ***
// Launch: 1 / 1

// Benchmark Process Environment Information:
// BenchmarkDotNet v0.15.8
// Runtime=.NET 8.0.31 (8.0.31, 8.0.3126.42015), X64 RyuJIT x86-64-v4
// GC=Concurrent Workstation
// HardwareIntrinsics=AVX512 IFMA+VBMI,AVX512 F+BW+CD+DQ+VL,AVX2+BMI1+BMI2+F16C+FMA+LZCNT+MOVBE,AVX,SSE3+SSSE3+SSE4.1+SSE4.2+POPCNT,X86Base+SSE+SSE2,AES+PCLMUL,AvxVnni,SERIALIZE VectorSize=256
// Job: Job-CKBLHY(EvaluateOverhead=False, Clock=Armonik.Ffi.Bdn.CpuClock, Toolchain=InProcessEmitToolchain, IterationCount=1, IterationTime=2ms, LaunchCount=1, RunStrategy=Throughput, WarmupCount=1)

OverheadJitting  1: 1 op, 585618.00 ns, 585.6180 us/op
WorkloadJitting  1: 1 op, 483618.00 ns, 483.6180 us/op

WorkloadPilot    1: 4 op, 108673.00 ns, 27.1683 us/op
WorkloadPilot    2: 74 op, 1165420.00 ns, 15.7489 us/op
WorkloadPilot    3: 127 op, 6127285.00 ns, 48.2463 us/op
WorkloadPilot    4: 41 op, 782726.00 ns, 19.0909 us/op
WorkloadPilot    5: 105 op, 1800362.00 ns, 17.1463 us/op
WorkloadPilot    6: 117 op, 3134559.00 ns, 26.7911 us/op
WorkloadPilot    7: 75 op, 2406634.00 ns, 32.0885 us/op

WorkloadWarmup   1: 75 op, 1198466.00 ns, 15.9795 us/op

WorkloadActual   1: 75 op, 1488813.00 ns, 19.8508 us/op

WorkloadResult   1: 75 op, 1488813.00 ns, 19.8508 us/op


Mean = 19.851 us, StdErr = 0.000 us (0.00%), N = 1, StdDev = 0.000 us
Min = 19.851 us, Q1 = 19.851 us, Median = 19.851 us, Q3 = 19.851 us, Max = 19.851 us
IQR = 0.000 us, LowerFence = 19.851 us, UpperFence = 19.851 us
ConfidenceInterval = [NaN us; NaN us] (CI 99.9%), Margin = NaN us (NaN% of Mean)
Skewness = NaN, Kurtosis = NaN, MValue = 2

// ** Remained 78 (49.4 %) benchmark(s) to run. Estimated finish 2026-09-26 13:49 (0h 0m from now) **
// **************************
// Benchmark: CodecSuite.Run: campaign(EvaluateOverhead=False, Clock=Armonik.Ffi.Bdn.CpuClock, Toolchain=InProcessEmitToolchain, IterationCount=1, IterationTime=2ms, LaunchCount=1, RunStrategy=Throughput, WarmupCount=1) [Case=core-(...)known [37]]
// *** Execute ***
// Launch: 1 / 1

// Benchmark Process Environment Information:
// BenchmarkDotNet v0.15.8
// Runtime=.NET 8.0.31 (8.0.31, 8.0.3126.42015), X64 RyuJIT x86-64-v4
// GC=Concurrent Workstation
// HardwareIntrinsics=AVX512 IFMA+VBMI,AVX512 F+BW+CD+DQ+VL,AVX2+BMI1+BMI2+F16C+FMA+LZCNT+MOVBE,AVX,SSE3+SSSE3+SSE4.1+SSE4.2+POPCNT,X86Base+SSE+SSE2,AES+PCLMUL,AvxVnni,SERIALIZE VectorSize=256
// Job: Job-CKBLHY(EvaluateOverhead=False, Clock=Armonik.Ffi.Bdn.CpuClock, Toolchain=InProcessEmitToolchain, IterationCount=1, IterationTime=2ms, LaunchCount=1, RunStrategy=Throughput, WarmupCount=1)

OverheadJitting  1: 1 op, 642443.00 ns, 642.4430 us/op
WorkloadJitting  1: 1 op, 2370579.00 ns, 2.3706 ms/op

OverheadJitting  2: 1 op, 5070.00 ns, 5.0700 us/op
WorkloadJitting  2: 1 op, 2840931.00 ns, 2.8409 ms/op

WorkloadWarmup   1: 1 op, 1884630.00 ns, 1.8846 ms/op

WorkloadActual   1: 1 op, 1849842.00 ns, 1.8498 ms/op

WorkloadResult   1: 1 op, 1849842.00 ns, 1.8498 ms/op


Mean = 1.850 ms, StdErr = 0.000 ms (0.00%), N = 1, StdDev = 0.000 ms
Min = 1.850 ms, Q1 = 1.850 ms, Median = 1.850 ms, Q3 = 1.850 ms, Max = 1.850 ms
IQR = 0.000 ms, LowerFence = 1.850 ms, UpperFence = 1.850 ms
ConfidenceInterval = [NaN ms; NaN ms] (CI 99.9%), Margin = NaN ms (NaN% of Mean)
Skewness = NaN, Kurtosis = NaN, MValue = 2

// ** Remained 77 (48.7 %) benchmark(s) to run. Estimated finish 2026-09-26 13:49 (0h 0m from now) **
// **************************
// Benchmark: CodecSuite.Run: campaign(EvaluateOverhead=False, Clock=Armonik.Ffi.Bdn.CpuClock, Toolchain=InProcessEmitToolchain, IterationCount=1, IterationTime=2ms, LaunchCount=1, RunStrategy=Throughput, WarmupCount=1) [Case=core-(...)known [52]]
// *** Execute ***
// Launch: 1 / 1

// Benchmark Process Environment Information:
// BenchmarkDotNet v0.15.8
// Runtime=.NET 8.0.31 (8.0.31, 8.0.3126.42015), X64 RyuJIT x86-64-v4
// GC=Concurrent Workstation
// HardwareIntrinsics=AVX512 IFMA+VBMI,AVX512 F+BW+CD+DQ+VL,AVX2+BMI1+BMI2+F16C+FMA+LZCNT+MOVBE,AVX,SSE3+SSSE3+SSE4.1+SSE4.2+POPCNT,X86Base+SSE+SSE2,AES+PCLMUL,AvxVnni,SERIALIZE VectorSize=256
// Job: Job-CKBLHY(EvaluateOverhead=False, Clock=Armonik.Ffi.Bdn.CpuClock, Toolchain=InProcessEmitToolchain, IterationCount=1, IterationTime=2ms, LaunchCount=1, RunStrategy=Throughput, WarmupCount=1)

OverheadJitting  1: 1 op, 641460.00 ns, 641.4600 us/op
WorkloadJitting  1: 1 op, 5565461.00 ns, 5.5655 ms/op

OverheadJitting  2: 1 op, 5092.00 ns, 5.0920 us/op
WorkloadJitting  2: 1 op, 2507351.00 ns, 2.5074 ms/op

WorkloadWarmup   1: 1 op, 2752033.00 ns, 2.7520 ms/op

WorkloadActual   1: 1 op, 2193011.00 ns, 2.1930 ms/op

WorkloadResult   1: 1 op, 2193011.00 ns, 2.1930 ms/op


Mean = 2.193 ms, StdErr = 0.000 ms (0.00%), N = 1, StdDev = 0.000 ms
Min = 2.193 ms, Q1 = 2.193 ms, Median = 2.193 ms, Q3 = 2.193 ms, Max = 2.193 ms
IQR = 0.000 ms, LowerFence = 2.193 ms, UpperFence = 2.193 ms
ConfidenceInterval = [NaN ms; NaN ms] (CI 99.9%), Margin = NaN ms (NaN% of Mean)
Skewness = NaN, Kurtosis = NaN, MValue = 2

// ** Remained 76 (48.1 %) benchmark(s) to run. Estimated finish 2026-09-26 13:49 (0h 0m from now) **
// **************************
// Benchmark: CodecSuite.Run: campaign(EvaluateOverhead=False, Clock=Armonik.Ffi.Bdn.CpuClock, Toolchain=InProcessEmitToolchain, IterationCount=1, IterationTime=2ms, LaunchCount=1, RunStrategy=Throughput, WarmupCount=1) [Case=core-(...)known [37]]
// *** Execute ***
// Launch: 1 / 1

// Benchmark Process Environment Information:
// BenchmarkDotNet v0.15.8
// Runtime=.NET 8.0.31 (8.0.31, 8.0.3126.42015), X64 RyuJIT x86-64-v4
// GC=Concurrent Workstation
// HardwareIntrinsics=AVX512 IFMA+VBMI,AVX512 F+BW+CD+DQ+VL,AVX2+BMI1+BMI2+F16C+FMA+LZCNT+MOVBE,AVX,SSE3+SSSE3+SSE4.1+SSE4.2+POPCNT,X86Base+SSE+SSE2,AES+PCLMUL,AvxVnni,SERIALIZE VectorSize=256
// Job: Job-CKBLHY(EvaluateOverhead=False, Clock=Armonik.Ffi.Bdn.CpuClock, Toolchain=InProcessEmitToolchain, IterationCount=1, IterationTime=2ms, LaunchCount=1, RunStrategy=Throughput, WarmupCount=1)

OverheadJitting  1: 1 op, 579045.00 ns, 579.0450 us/op
WorkloadJitting  1: 1 op, 521214.00 ns, 521.2140 us/op

WorkloadPilot    1: 4 op, 101087.00 ns, 25.2718 us/op
WorkloadPilot    2: 79 op, 1343419.00 ns, 17.0053 us/op
WorkloadPilot    3: 118 op, 1838089.00 ns, 15.5770 us/op
WorkloadPilot    4: 128 op, 1975365.00 ns, 15.4325 us/op
WorkloadPilot    5: 130 op, 6764048.00 ns, 52.0311 us/op
WorkloadPilot    6: 38 op, 622377.00 ns, 16.3783 us/op
WorkloadPilot    7: 122 op, 3188943.00 ns, 26.1389 us/op
WorkloadPilot    8: 77 op, 2372977.00 ns, 30.8179 us/op

WorkloadWarmup   1: 77 op, 1849147.00 ns, 24.0149 us/op

WorkloadActual   1: 77 op, 1911396.00 ns, 24.8233 us/op

WorkloadResult   1: 77 op, 1911396.00 ns, 24.8233 us/op


Mean = 24.823 us, StdErr = 0.000 us (0.00%), N = 1, StdDev = 0.000 us
Min = 24.823 us, Q1 = 24.823 us, Median = 24.823 us, Q3 = 24.823 us, Max = 24.823 us
IQR = 0.000 us, LowerFence = 24.823 us, UpperFence = 24.823 us
ConfidenceInterval = [NaN us; NaN us] (CI 99.9%), Margin = NaN us (NaN% of Mean)
Skewness = NaN, Kurtosis = NaN, MValue = 2

// ** Remained 75 (47.5 %) benchmark(s) to run. Estimated finish 2026-09-26 13:49 (0h 0m from now) **
// **************************
// Benchmark: CodecSuite.Run: campaign(EvaluateOverhead=False, Clock=Armonik.Ffi.Bdn.CpuClock, Toolchain=InProcessEmitToolchain, IterationCount=1, IterationTime=2ms, LaunchCount=1, RunStrategy=Throughput, WarmupCount=1) [Case=core-(...)known [51]]
// *** Execute ***
// Launch: 1 / 1

// Benchmark Process Environment Information:
// BenchmarkDotNet v0.15.8
// Runtime=.NET 8.0.31 (8.0.31, 8.0.3126.42015), X64 RyuJIT x86-64-v4
// GC=Concurrent Workstation
// HardwareIntrinsics=AVX512 IFMA+VBMI,AVX512 F+BW+CD+DQ+VL,AVX2+BMI1+BMI2+F16C+FMA+LZCNT+MOVBE,AVX,SSE3+SSSE3+SSE4.1+SSE4.2+POPCNT,X86Base+SSE+SSE2,AES+PCLMUL,AvxVnni,SERIALIZE VectorSize=256
// Job: Job-CKBLHY(EvaluateOverhead=False, Clock=Armonik.Ffi.Bdn.CpuClock, Toolchain=InProcessEmitToolchain, IterationCount=1, IterationTime=2ms, LaunchCount=1, RunStrategy=Throughput, WarmupCount=1)

OverheadJitting  1: 1 op, 398911.00 ns, 398.9110 us/op
WorkloadJitting  1: 1 op, 435618.00 ns, 435.6180 us/op

WorkloadPilot    1: 4 op, 115255.00 ns, 28.8138 us/op
WorkloadPilot    2: 69 op, 1384793.00 ns, 20.0695 us/op
WorkloadPilot    3: 100 op, 1813696.00 ns, 18.1370 us/op
WorkloadPilot    4: 110 op, 1998187.00 ns, 18.1653 us/op

WorkloadWarmup   1: 110 op, 1930203.00 ns, 17.5473 us/op

WorkloadActual   1: 110 op, 2036957.00 ns, 18.5178 us/op

WorkloadResult   1: 110 op, 2036957.00 ns, 18.5178 us/op


Mean = 18.518 us, StdErr = 0.000 us (0.00%), N = 1, StdDev = 0.000 us
Min = 18.518 us, Q1 = 18.518 us, Median = 18.518 us, Q3 = 18.518 us, Max = 18.518 us
IQR = 0.000 us, LowerFence = 18.518 us, UpperFence = 18.518 us
ConfidenceInterval = [NaN us; NaN us] (CI 99.9%), Margin = NaN us (NaN% of Mean)
Skewness = NaN, Kurtosis = NaN, MValue = 2

// ** Remained 74 (46.8 %) benchmark(s) to run. Estimated finish 2026-09-26 13:49 (0h 0m from now) **
// **************************
// Benchmark: CodecSuite.Run: campaign(EvaluateOverhead=False, Clock=Armonik.Ffi.Bdn.CpuClock, Toolchain=InProcessEmitToolchain, IterationCount=1, IterationTime=2ms, LaunchCount=1, RunStrategy=Throughput, WarmupCount=1) [Case=core-(...)known [37]]
// *** Execute ***
// Launch: 1 / 1

// Benchmark Process Environment Information:
// BenchmarkDotNet v0.15.8
// Runtime=.NET 8.0.31 (8.0.31, 8.0.3126.42015), X64 RyuJIT x86-64-v4
// GC=Concurrent Workstation
// HardwareIntrinsics=AVX512 IFMA+VBMI,AVX512 F+BW+CD+DQ+VL,AVX2+BMI1+BMI2+F16C+FMA+LZCNT+MOVBE,AVX,SSE3+SSSE3+SSE4.1+SSE4.2+POPCNT,X86Base+SSE+SSE2,AES+PCLMUL,AvxVnni,SERIALIZE VectorSize=256
// Job: Job-CKBLHY(EvaluateOverhead=False, Clock=Armonik.Ffi.Bdn.CpuClock, Toolchain=InProcessEmitToolchain, IterationCount=1, IterationTime=2ms, LaunchCount=1, RunStrategy=Throughput, WarmupCount=1)

OverheadJitting  1: 1 op, 539759.00 ns, 539.7590 us/op
WorkloadJitting  1: 1 op, 784963.00 ns, 784.9630 us/op

WorkloadPilot    1: 4 op, 660332.00 ns, 165.0830 us/op
WorkloadPilot    2: 12 op, 1771030.00 ns, 147.5858 us/op
WorkloadPilot    3: 14 op, 2100322.00 ns, 150.0230 us/op

WorkloadWarmup   1: 14 op, 2090806.00 ns, 149.3433 us/op

WorkloadActual   1: 14 op, 2058788.00 ns, 147.0563 us/op

WorkloadResult   1: 14 op, 2058788.00 ns, 147.0563 us/op


Mean = 147.056 us, StdErr = 0.000 us (0.00%), N = 1, StdDev = 0.000 us
Min = 147.056 us, Q1 = 147.056 us, Median = 147.056 us, Q3 = 147.056 us, Max = 147.056 us
IQR = 0.000 us, LowerFence = 147.056 us, UpperFence = 147.056 us
ConfidenceInterval = [NaN us; NaN us] (CI 99.9%), Margin = NaN us (NaN% of Mean)
Skewness = NaN, Kurtosis = NaN, MValue = 2

// ** Remained 73 (46.2 %) benchmark(s) to run. Estimated finish 2026-09-26 13:49 (0h 0m from now) **
// **************************
// Benchmark: CodecSuite.Run: campaign(EvaluateOverhead=False, Clock=Armonik.Ffi.Bdn.CpuClock, Toolchain=InProcessEmitToolchain, IterationCount=1, IterationTime=2ms, LaunchCount=1, RunStrategy=Throughput, WarmupCount=1) [Case=core-(...)known [50]]
// *** Execute ***
// Launch: 1 / 1

// Benchmark Process Environment Information:
// BenchmarkDotNet v0.15.8
// Runtime=.NET 8.0.31 (8.0.31, 8.0.3126.42015), X64 RyuJIT x86-64-v4
// GC=Concurrent Workstation
// HardwareIntrinsics=AVX512 IFMA+VBMI,AVX512 F+BW+CD+DQ+VL,AVX2+BMI1+BMI2+F16C+FMA+LZCNT+MOVBE,AVX,SSE3+SSSE3+SSE4.1+SSE4.2+POPCNT,X86Base+SSE+SSE2,AES+PCLMUL,AvxVnni,SERIALIZE VectorSize=256
// Job: Job-CKBLHY(EvaluateOverhead=False, Clock=Armonik.Ffi.Bdn.CpuClock, Toolchain=InProcessEmitToolchain, IterationCount=1, IterationTime=2ms, LaunchCount=1, RunStrategy=Throughput, WarmupCount=1)

OverheadJitting  1: 1 op, 597525.00 ns, 597.5250 us/op
WorkloadJitting  1: 1 op, 4139246.00 ns, 4.1392 ms/op

OverheadJitting  2: 1 op, 4138.00 ns, 4.1380 us/op
WorkloadJitting  2: 1 op, 1980549.00 ns, 1.9805 ms/op

WorkloadWarmup   1: 1 op, 1977917.00 ns, 1.9779 ms/op

WorkloadActual   1: 1 op, 1947613.00 ns, 1.9476 ms/op

WorkloadResult   1: 1 op, 1947613.00 ns, 1.9476 ms/op


Mean = 1.948 ms, StdErr = 0.000 ms (0.00%), N = 1, StdDev = 0.000 ms
Min = 1.948 ms, Q1 = 1.948 ms, Median = 1.948 ms, Q3 = 1.948 ms, Max = 1.948 ms
IQR = 0.000 ms, LowerFence = 1.948 ms, UpperFence = 1.948 ms
ConfidenceInterval = [NaN ms; NaN ms] (CI 99.9%), Margin = NaN ms (NaN% of Mean)
Skewness = NaN, Kurtosis = NaN, MValue = 2

// ** Remained 72 (45.6 %) benchmark(s) to run. Estimated finish 2026-09-26 13:49 (0h 0m from now) **
// **************************
// Benchmark: CodecSuite.Run: campaign(EvaluateOverhead=False, Clock=Armonik.Ffi.Bdn.CpuClock, Toolchain=InProcessEmitToolchain, IterationCount=1, IterationTime=2ms, LaunchCount=1, RunStrategy=Throughput, WarmupCount=1) [Case=core-(...)known [47]]
// *** Execute ***
// Launch: 1 / 1

// Benchmark Process Environment Information:
// BenchmarkDotNet v0.15.8
// Runtime=.NET 8.0.31 (8.0.31, 8.0.3126.42015), X64 RyuJIT x86-64-v4
// GC=Concurrent Workstation
// HardwareIntrinsics=AVX512 IFMA+VBMI,AVX512 F+BW+CD+DQ+VL,AVX2+BMI1+BMI2+F16C+FMA+LZCNT+MOVBE,AVX,SSE3+SSSE3+SSE4.1+SSE4.2+POPCNT,X86Base+SSE+SSE2,AES+PCLMUL,AvxVnni,SERIALIZE VectorSize=256
// Job: Job-CKBLHY(EvaluateOverhead=False, Clock=Armonik.Ffi.Bdn.CpuClock, Toolchain=InProcessEmitToolchain, IterationCount=1, IterationTime=2ms, LaunchCount=1, RunStrategy=Throughput, WarmupCount=1)

OverheadJitting  1: 1 op, 574633.00 ns, 574.6330 us/op
WorkloadJitting  1: 1 op, 476751.00 ns, 476.7510 us/op

WorkloadPilot    1: 4 op, 43242.00 ns, 10.8105 us/op
WorkloadPilot    2: 185 op, 756033.00 ns, 4.0867 us/op
WorkloadPilot    3: 489 op, 1941462.00 ns, 3.9703 us/op
WorkloadPilot    4: 504 op, 1936135.00 ns, 3.8415 us/op
WorkloadPilot    5: 521 op, 1976381.00 ns, 3.7934 us/op
WorkloadPilot    6: 527 op, 2394205.00 ns, 4.5431 us/op
WorkloadPilot    7: 440 op, 2209306.00 ns, 5.0212 us/op
WorkloadPilot    8: 398 op, 1807893.00 ns, 4.5424 us/op
WorkloadPilot    9: 440 op, 1938132.00 ns, 4.4048 us/op
WorkloadPilot   10: 454 op, 1810366.00 ns, 3.9876 us/op
WorkloadPilot   11: 502 op, 2158527.00 ns, 4.2999 us/op

WorkloadWarmup   1: 502 op, 1887529.00 ns, 3.7600 us/op

WorkloadActual   1: 502 op, 1932938.00 ns, 3.8505 us/op

WorkloadResult   1: 502 op, 1932938.00 ns, 3.8505 us/op


Mean = 3.850 us, StdErr = 0.000 us (0.00%), N = 1, StdDev = 0.000 us
Min = 3.850 us, Q1 = 3.850 us, Median = 3.850 us, Q3 = 3.850 us, Max = 3.850 us
IQR = 0.000 us, LowerFence = 3.850 us, UpperFence = 3.850 us
ConfidenceInterval = [NaN us; NaN us] (CI 99.9%), Margin = NaN us (NaN% of Mean)
Skewness = NaN, Kurtosis = NaN, MValue = 2

// ** Remained 71 (44.9 %) benchmark(s) to run. Estimated finish 2026-09-26 13:49 (0h 0m from now) **
// **************************
// Benchmark: CodecSuite.Run: campaign(EvaluateOverhead=False, Clock=Armonik.Ffi.Bdn.CpuClock, Toolchain=InProcessEmitToolchain, IterationCount=1, IterationTime=2ms, LaunchCount=1, RunStrategy=Throughput, WarmupCount=1) [Case=core-(...)known [41]]
// *** Execute ***
// Launch: 1 / 1

// Benchmark Process Environment Information:
// BenchmarkDotNet v0.15.8
// Runtime=.NET 8.0.31 (8.0.31, 8.0.3126.42015), X64 RyuJIT x86-64-v4
// GC=Concurrent Workstation
// HardwareIntrinsics=AVX512 IFMA+VBMI,AVX512 F+BW+CD+DQ+VL,AVX2+BMI1+BMI2+F16C+FMA+LZCNT+MOVBE,AVX,SSE3+SSSE3+SSE4.1+SSE4.2+POPCNT,X86Base+SSE+SSE2,AES+PCLMUL,AvxVnni,SERIALIZE VectorSize=256
// Job: Job-CKBLHY(EvaluateOverhead=False, Clock=Armonik.Ffi.Bdn.CpuClock, Toolchain=InProcessEmitToolchain, IterationCount=1, IterationTime=2ms, LaunchCount=1, RunStrategy=Throughput, WarmupCount=1)

OverheadJitting  1: 1 op, 480140.00 ns, 480.1400 us/op
WorkloadJitting  1: 1 op, 447436.00 ns, 447.4360 us/op

WorkloadPilot    1: 4 op, 84154.00 ns, 21.0385 us/op
WorkloadPilot    2: 95 op, 1648345.00 ns, 17.3510 us/op
WorkloadPilot    3: 115 op, 2146275.00 ns, 18.6633 us/op
WorkloadPilot    4: 107 op, 1906140.00 ns, 17.8144 us/op
WorkloadPilot    5: 112 op, 2016332.00 ns, 18.0030 us/op

WorkloadWarmup   1: 112 op, 1980409.00 ns, 17.6822 us/op

WorkloadActual   1: 112 op, 1951081.00 ns, 17.4204 us/op

WorkloadResult   1: 112 op, 1951081.00 ns, 17.4204 us/op


Mean = 17.420 us, StdErr = 0.000 us (0.00%), N = 1, StdDev = 0.000 us
Min = 17.420 us, Q1 = 17.420 us, Median = 17.420 us, Q3 = 17.420 us, Max = 17.420 us
IQR = 0.000 us, LowerFence = 17.420 us, UpperFence = 17.420 us
ConfidenceInterval = [NaN us; NaN us] (CI 99.9%), Margin = NaN us (NaN% of Mean)
Skewness = NaN, Kurtosis = NaN, MValue = 2

// ** Remained 70 (44.3 %) benchmark(s) to run. Estimated finish 2026-09-26 13:49 (0h 0m from now) **
// **************************
// Benchmark: CodecSuite.Run: campaign(EvaluateOverhead=False, Clock=Armonik.Ffi.Bdn.CpuClock, Toolchain=InProcessEmitToolchain, IterationCount=1, IterationTime=2ms, LaunchCount=1, RunStrategy=Throughput, WarmupCount=1) [Case=core-(...)known [41]]
// *** Execute ***
// Launch: 1 / 1

// Benchmark Process Environment Information:
// BenchmarkDotNet v0.15.8
// Runtime=.NET 8.0.31 (8.0.31, 8.0.3126.42015), X64 RyuJIT x86-64-v4
// GC=Concurrent Workstation
// HardwareIntrinsics=AVX512 IFMA+VBMI,AVX512 F+BW+CD+DQ+VL,AVX2+BMI1+BMI2+F16C+FMA+LZCNT+MOVBE,AVX,SSE3+SSSE3+SSE4.1+SSE4.2+POPCNT,X86Base+SSE+SSE2,AES+PCLMUL,AvxVnni,SERIALIZE VectorSize=256
// Job: Job-CKBLHY(EvaluateOverhead=False, Clock=Armonik.Ffi.Bdn.CpuClock, Toolchain=InProcessEmitToolchain, IterationCount=1, IterationTime=2ms, LaunchCount=1, RunStrategy=Throughput, WarmupCount=1)

OverheadJitting  1: 1 op, 400555.00 ns, 400.5550 us/op
WorkloadJitting  1: 1 op, 372200.00 ns, 372.2000 us/op

WorkloadPilot    1: 4 op, 28044.00 ns, 7.0110 us/op
WorkloadPilot    2: 285 op, 419417.00 ns, 1.4716 us/op
WorkloadPilot    3: 1359 op, 2047479.00 ns, 1.5066 us/op
WorkloadPilot    4: 1327 op, 1993458.00 ns, 1.5022 us/op
WorkloadPilot    5: 1331 op, 2013614.00 ns, 1.5129 us/op
WorkloadPilot    6: 1322 op, 1920222.00 ns, 1.4525 us/op
WorkloadPilot    7: 1377 op, 1978929.00 ns, 1.4371 us/op
WorkloadPilot    8: 1392 op, 2031183.00 ns, 1.4592 us/op

WorkloadWarmup   1: 1392 op, 2228406.00 ns, 1.6009 us/op

WorkloadActual   1: 1392 op, 1929200.00 ns, 1.3859 us/op

WorkloadResult   1: 1392 op, 1929200.00 ns, 1.3859 us/op


Mean = 1.386 us, StdErr = 0.000 us (0.00%), N = 1, StdDev = 0.000 us
Min = 1.386 us, Q1 = 1.386 us, Median = 1.386 us, Q3 = 1.386 us, Max = 1.386 us
IQR = 0.000 us, LowerFence = 1.386 us, UpperFence = 1.386 us
ConfidenceInterval = [NaN us; NaN us] (CI 99.9%), Margin = NaN us (NaN% of Mean)
Skewness = NaN, Kurtosis = NaN, MValue = 2

// ** Remained 69 (43.7 %) benchmark(s) to run. Estimated finish 2026-09-26 13:49 (0h 0m from now) **
// **************************
// Benchmark: CodecSuite.Run: campaign(EvaluateOverhead=False, Clock=Armonik.Ffi.Bdn.CpuClock, Toolchain=InProcessEmitToolchain, IterationCount=1, IterationTime=2ms, LaunchCount=1, RunStrategy=Throughput, WarmupCount=1) [Case=core-(...)known [56]]
// *** Execute ***
// Launch: 1 / 1

// Benchmark Process Environment Information:
// BenchmarkDotNet v0.15.8
// Runtime=.NET 8.0.31 (8.0.31, 8.0.3126.42015), X64 RyuJIT x86-64-v4
// GC=Concurrent Workstation
// HardwareIntrinsics=AVX512 IFMA+VBMI,AVX512 F+BW+CD+DQ+VL,AVX2+BMI1+BMI2+F16C+FMA+LZCNT+MOVBE,AVX,SSE3+SSSE3+SSE4.1+SSE4.2+POPCNT,X86Base+SSE+SSE2,AES+PCLMUL,AvxVnni,SERIALIZE VectorSize=256
// Job: Job-CKBLHY(EvaluateOverhead=False, Clock=Armonik.Ffi.Bdn.CpuClock, Toolchain=InProcessEmitToolchain, IterationCount=1, IterationTime=2ms, LaunchCount=1, RunStrategy=Throughput, WarmupCount=1)

OverheadJitting  1: 1 op, 442073.00 ns, 442.0730 us/op
WorkloadJitting  1: 1 op, 382320.00 ns, 382.3200 us/op

WorkloadPilot    1: 4 op, 31146.00 ns, 7.7865 us/op
WorkloadPilot    2: 257 op, 178552.00 ns, 694.7549 ns/op
WorkloadPilot    3: 2879 op, 1359044.00 ns, 472.0542 ns/op
WorkloadPilot    4: 4237 op, 1428430.00 ns, 337.1324 ns/op
WorkloadPilot    5: 5932 op, 1931415.00 ns, 325.5925 ns/op
WorkloadPilot    6: 6143 op, 3099502.00 ns, 504.5584 ns/op
WorkloadPilot    7: 3964 op, 1103670.00 ns, 278.4233 ns/op
WorkloadPilot    8: 7183 op, 2264566.00 ns, 315.2674 ns/op
WorkloadPilot    9: 6344 op, 1688070.00 ns, 266.0892 ns/op
WorkloadPilot   10: 7516 op, 3317914.00 ns, 441.4468 ns/op

WorkloadWarmup   1: 7516 op, 2181796.00 ns, 290.2869 ns/op

WorkloadActual   1: 7516 op, 2106735.00 ns, 280.3000 ns/op

WorkloadResult   1: 7516 op, 2106735.00 ns, 280.3000 ns/op


Mean = 280.300 ns, StdErr = 0.000 ns (0.00%), N = 1, StdDev = 0.000 ns
Min = 280.300 ns, Q1 = 280.300 ns, Median = 280.300 ns, Q3 = 280.300 ns, Max = 280.300 ns
IQR = 0.000 ns, LowerFence = 280.300 ns, UpperFence = 280.300 ns
ConfidenceInterval = [NaN ns; NaN ns] (CI 99.9%), Margin = NaN ns (NaN% of Mean)
Skewness = NaN, Kurtosis = NaN, MValue = 2

// ** Remained 68 (43.0 %) benchmark(s) to run. Estimated finish 2026-09-26 13:49 (0h 0m from now) **
// **************************
// Benchmark: CodecSuite.Run: campaign(EvaluateOverhead=False, Clock=Armonik.Ffi.Bdn.CpuClock, Toolchain=InProcessEmitToolchain, IterationCount=1, IterationTime=2ms, LaunchCount=1, RunStrategy=Throughput, WarmupCount=1) [Case=core-(...)known [42]]
// *** Execute ***
// Launch: 1 / 1

// Benchmark Process Environment Information:
// BenchmarkDotNet v0.15.8
// Runtime=.NET 8.0.31 (8.0.31, 8.0.3126.42015), X64 RyuJIT x86-64-v4
// GC=Concurrent Workstation
// HardwareIntrinsics=AVX512 IFMA+VBMI,AVX512 F+BW+CD+DQ+VL,AVX2+BMI1+BMI2+F16C+FMA+LZCNT+MOVBE,AVX,SSE3+SSSE3+SSE4.1+SSE4.2+POPCNT,X86Base+SSE+SSE2,AES+PCLMUL,AvxVnni,SERIALIZE VectorSize=256
// Job: Job-CKBLHY(EvaluateOverhead=False, Clock=Armonik.Ffi.Bdn.CpuClock, Toolchain=InProcessEmitToolchain, IterationCount=1, IterationTime=2ms, LaunchCount=1, RunStrategy=Throughput, WarmupCount=1)

OverheadJitting  1: 1 op, 602178.00 ns, 602.1780 us/op
WorkloadJitting  1: 1 op, 706459.00 ns, 706.4590 us/op

WorkloadPilot    1: 4 op, 674786.00 ns, 168.6965 us/op
WorkloadPilot    2: 12 op, 2147739.00 ns, 178.9783 us/op

WorkloadWarmup   1: 12 op, 2234169.00 ns, 186.1808 us/op

WorkloadActual   1: 12 op, 1719209.00 ns, 143.2674 us/op

WorkloadResult   1: 12 op, 1719209.00 ns, 143.2674 us/op


Mean = 143.267 us, StdErr = 0.000 us (0.00%), N = 1, StdDev = 0.000 us
Min = 143.267 us, Q1 = 143.267 us, Median = 143.267 us, Q3 = 143.267 us, Max = 143.267 us
IQR = 0.000 us, LowerFence = 143.267 us, UpperFence = 143.267 us
ConfidenceInterval = [NaN us; NaN us] (CI 99.9%), Margin = NaN us (NaN% of Mean)
Skewness = NaN, Kurtosis = NaN, MValue = 2

// ** Remained 67 (42.4 %) benchmark(s) to run. Estimated finish 2026-09-26 13:49 (0h 0m from now) **
// **************************
// Benchmark: CodecSuite.Run: campaign(EvaluateOverhead=False, Clock=Armonik.Ffi.Bdn.CpuClock, Toolchain=InProcessEmitToolchain, IterationCount=1, IterationTime=2ms, LaunchCount=1, RunStrategy=Throughput, WarmupCount=1) [Case=core-(...)known [37]]
// *** Execute ***
// Launch: 1 / 1

// Benchmark Process Environment Information:
// BenchmarkDotNet v0.15.8
// Runtime=.NET 8.0.31 (8.0.31, 8.0.3126.42015), X64 RyuJIT x86-64-v4
// GC=Concurrent Workstation
// HardwareIntrinsics=AVX512 IFMA+VBMI,AVX512 F+BW+CD+DQ+VL,AVX2+BMI1+BMI2+F16C+FMA+LZCNT+MOVBE,AVX,SSE3+SSSE3+SSE4.1+SSE4.2+POPCNT,X86Base+SSE+SSE2,AES+PCLMUL,AvxVnni,SERIALIZE VectorSize=256
// Job: Job-CKBLHY(EvaluateOverhead=False, Clock=Armonik.Ffi.Bdn.CpuClock, Toolchain=InProcessEmitToolchain, IterationCount=1, IterationTime=2ms, LaunchCount=1, RunStrategy=Throughput, WarmupCount=1)

OverheadJitting  1: 1 op, 337107.00 ns, 337.1070 us/op
WorkloadJitting  1: 1 op, 358293.00 ns, 358.2930 us/op

WorkloadPilot    1: 4 op, 33268.00 ns, 8.3170 us/op
WorkloadPilot    2: 240 op, 127670.00 ns, 531.9583 ns/op
WorkloadPilot    3: 3760 op, 1577649.00 ns, 419.5875 ns/op
WorkloadPilot    4: 4767 op, 2021876.00 ns, 424.1401 ns/op
WorkloadPilot    5: 4715 op, 3157548.00 ns, 669.6814 ns/op
WorkloadPilot    6: 2986 op, 1198802.00 ns, 401.4742 ns/op
WorkloadPilot    7: 4982 op, 6064636.00 ns, 1.2173 us/op

WorkloadWarmup   1: 4982 op, 2027647.00 ns, 406.9946 ns/op

WorkloadActual   1: 4982 op, 2003185.00 ns, 402.0845 ns/op

WorkloadResult   1: 4982 op, 2003185.00 ns, 402.0845 ns/op


Mean = 402.085 ns, StdErr = 0.000 ns (0.00%), N = 1, StdDev = 0.000 ns
Min = 402.085 ns, Q1 = 402.085 ns, Median = 402.085 ns, Q3 = 402.085 ns, Max = 402.085 ns
IQR = 0.000 ns, LowerFence = 402.085 ns, UpperFence = 402.085 ns
ConfidenceInterval = [NaN ns; NaN ns] (CI 99.9%), Margin = NaN ns (NaN% of Mean)
Skewness = NaN, Kurtosis = NaN, MValue = 2

// ** Remained 66 (41.8 %) benchmark(s) to run. Estimated finish 2026-09-26 13:49 (0h 0m from now) **
// **************************
// Benchmark: CodecSuite.Run: campaign(EvaluateOverhead=False, Clock=Armonik.Ffi.Bdn.CpuClock, Toolchain=InProcessEmitToolchain, IterationCount=1, IterationTime=2ms, LaunchCount=1, RunStrategy=Throughput, WarmupCount=1) [Case=core-(...)known [42]]
// *** Execute ***
// Launch: 1 / 1

// Benchmark Process Environment Information:
// BenchmarkDotNet v0.15.8
// Runtime=.NET 8.0.31 (8.0.31, 8.0.3126.42015), X64 RyuJIT x86-64-v4
// GC=Concurrent Workstation
// HardwareIntrinsics=AVX512 IFMA+VBMI,AVX512 F+BW+CD+DQ+VL,AVX2+BMI1+BMI2+F16C+FMA+LZCNT+MOVBE,AVX,SSE3+SSSE3+SSE4.1+SSE4.2+POPCNT,X86Base+SSE+SSE2,AES+PCLMUL,AvxVnni,SERIALIZE VectorSize=256
// Job: Job-CKBLHY(EvaluateOverhead=False, Clock=Armonik.Ffi.Bdn.CpuClock, Toolchain=InProcessEmitToolchain, IterationCount=1, IterationTime=2ms, LaunchCount=1, RunStrategy=Throughput, WarmupCount=1)

OverheadJitting  1: 1 op, 343637.00 ns, 343.6370 us/op
WorkloadJitting  1: 1 op, 355540.00 ns, 355.5400 us/op

WorkloadPilot    1: 4 op, 30379.00 ns, 7.5948 us/op
WorkloadPilot    2: 263 op, 302318.00 ns, 1.1495 us/op
WorkloadPilot    3: 1740 op, 1711828.00 ns, 983.8092 ns/op
WorkloadPilot    4: 2033 op, 1395599.00 ns, 686.4727 ns/op
WorkloadPilot    5: 2913 op, 2853475.00 ns, 979.5657 ns/op
WorkloadPilot    6: 2042 op, 1316789.00 ns, 644.8526 ns/op
WorkloadPilot    7: 3101 op, 2279049.00 ns, 734.9400 ns/op
WorkloadPilot    8: 2721 op, 1636240.00 ns, 601.3377 ns/op
WorkloadPilot    9: 3326 op, 2158072.00 ns, 648.8491 ns/op

WorkloadWarmup   1: 3326 op, 3132023.00 ns, 941.6786 ns/op

WorkloadActual   1: 3326 op, 3124503.00 ns, 939.4176 ns/op

WorkloadResult   1: 3326 op, 3124503.00 ns, 939.4176 ns/op


Mean = 939.418 ns, StdErr = 0.000 ns (0.00%), N = 1, StdDev = 0.000 ns
Min = 939.418 ns, Q1 = 939.418 ns, Median = 939.418 ns, Q3 = 939.418 ns, Max = 939.418 ns
IQR = 0.000 ns, LowerFence = 939.418 ns, UpperFence = 939.418 ns
ConfidenceInterval = [NaN ns; NaN ns] (CI 99.9%), Margin = NaN ns (NaN% of Mean)
Skewness = NaN, Kurtosis = NaN, MValue = 2

// ** Remained 65 (41.1 %) benchmark(s) to run. Estimated finish 2026-09-26 13:49 (0h 0m from now) **
// **************************
// Benchmark: CodecSuite.Run: campaign(EvaluateOverhead=False, Clock=Armonik.Ffi.Bdn.CpuClock, Toolchain=InProcessEmitToolchain, IterationCount=1, IterationTime=2ms, LaunchCount=1, RunStrategy=Throughput, WarmupCount=1) [Case=core-(...)known [37]]
// *** Execute ***
// Launch: 1 / 1

// Benchmark Process Environment Information:
// BenchmarkDotNet v0.15.8
// Runtime=.NET 8.0.31 (8.0.31, 8.0.3126.42015), X64 RyuJIT x86-64-v4
// GC=Concurrent Workstation
// HardwareIntrinsics=AVX512 IFMA+VBMI,AVX512 F+BW+CD+DQ+VL,AVX2+BMI1+BMI2+F16C+FMA+LZCNT+MOVBE,AVX,SSE3+SSSE3+SSE4.1+SSE4.2+POPCNT,X86Base+SSE+SSE2,AES+PCLMUL,AvxVnni,SERIALIZE VectorSize=256
// Job: Job-CKBLHY(EvaluateOverhead=False, Clock=Armonik.Ffi.Bdn.CpuClock, Toolchain=InProcessEmitToolchain, IterationCount=1, IterationTime=2ms, LaunchCount=1, RunStrategy=Throughput, WarmupCount=1)

OverheadJitting  1: 1 op, 476966.00 ns, 476.9660 us/op
WorkloadJitting  1: 1 op, 1049422.00 ns, 1.0494 ms/op

WorkloadPilot    1: 4 op, 2327782.00 ns, 581.9455 us/op

WorkloadWarmup   1: 4 op, 2284556.00 ns, 571.1390 us/op

WorkloadActual   1: 4 op, 2298747.00 ns, 574.6868 us/op

WorkloadResult   1: 4 op, 2298747.00 ns, 574.6868 us/op


Mean = 574.687 us, StdErr = 0.000 us (0.00%), N = 1, StdDev = 0.000 us
Min = 574.687 us, Q1 = 574.687 us, Median = 574.687 us, Q3 = 574.687 us, Max = 574.687 us
IQR = 0.000 us, LowerFence = 574.687 us, UpperFence = 574.687 us
ConfidenceInterval = [NaN us; NaN us] (CI 99.9%), Margin = NaN us (NaN% of Mean)
Skewness = NaN, Kurtosis = NaN, MValue = 2

// ** Remained 64 (40.5 %) benchmark(s) to run. Estimated finish 2026-09-26 13:49 (0h 0m from now) **
// **************************
// Benchmark: CodecSuite.Run: campaign(EvaluateOverhead=False, Clock=Armonik.Ffi.Bdn.CpuClock, Toolchain=InProcessEmitToolchain, IterationCount=1, IterationTime=2ms, LaunchCount=1, RunStrategy=Throughput, WarmupCount=1) [Case=core-(...)known [48]]
// *** Execute ***
// Launch: 1 / 1

// Benchmark Process Environment Information:
// BenchmarkDotNet v0.15.8
// Runtime=.NET 8.0.31 (8.0.31, 8.0.3126.42015), X64 RyuJIT x86-64-v4
// GC=Concurrent Workstation
// HardwareIntrinsics=AVX512 IFMA+VBMI,AVX512 F+BW+CD+DQ+VL,AVX2+BMI1+BMI2+F16C+FMA+LZCNT+MOVBE,AVX,SSE3+SSSE3+SSE4.1+SSE4.2+POPCNT,X86Base+SSE+SSE2,AES+PCLMUL,AvxVnni,SERIALIZE VectorSize=256
// Job: Job-CKBLHY(EvaluateOverhead=False, Clock=Armonik.Ffi.Bdn.CpuClock, Toolchain=InProcessEmitToolchain, IterationCount=1, IterationTime=2ms, LaunchCount=1, RunStrategy=Throughput, WarmupCount=1)

OverheadJitting  1: 1 op, 1390245.00 ns, 1.3902 ms/op
WorkloadJitting  1: 1 op, 409877.00 ns, 409.8770 us/op

WorkloadPilot    1: 4 op, 30825.00 ns, 7.7063 us/op
WorkloadPilot    2: 260 op, 360965.00 ns, 1.3883 us/op
WorkloadPilot    3: 1441 op, 1902795.00 ns, 1.3205 us/op
WorkloadPilot    4: 1515 op, 2015881.00 ns, 1.3306 us/op
WorkloadPilot    5: 1503 op, 2041380.00 ns, 1.3582 us/op
WorkloadPilot    6: 1473 op, 1949938.00 ns, 1.3238 us/op
WorkloadPilot    7: 1511 op, 2020346.00 ns, 1.3371 us/op

WorkloadWarmup   1: 1511 op, 2028097.00 ns, 1.3422 us/op

WorkloadActual   1: 1511 op, 1996198.00 ns, 1.3211 us/op

WorkloadResult   1: 1511 op, 1996198.00 ns, 1.3211 us/op


Mean = 1.321 us, StdErr = 0.000 us (0.00%), N = 1, StdDev = 0.000 us
Min = 1.321 us, Q1 = 1.321 us, Median = 1.321 us, Q3 = 1.321 us, Max = 1.321 us
IQR = 0.000 us, LowerFence = 1.321 us, UpperFence = 1.321 us
ConfidenceInterval = [NaN us; NaN us] (CI 99.9%), Margin = NaN us (NaN% of Mean)
Skewness = NaN, Kurtosis = NaN, MValue = 2

// ** Remained 63 (39.9 %) benchmark(s) to run. Estimated finish 2026-09-26 13:49 (0h 0m from now) **
// **************************
// Benchmark: CodecSuite.Run: campaign(EvaluateOverhead=False, Clock=Armonik.Ffi.Bdn.CpuClock, Toolchain=InProcessEmitToolchain, IterationCount=1, IterationTime=2ms, LaunchCount=1, RunStrategy=Throughput, WarmupCount=1) [Case=core-(...)known [52]]
// *** Execute ***
// Launch: 1 / 1

// Benchmark Process Environment Information:
// BenchmarkDotNet v0.15.8
// Runtime=.NET 8.0.31 (8.0.31, 8.0.3126.42015), X64 RyuJIT x86-64-v4
// GC=Concurrent Workstation
// HardwareIntrinsics=AVX512 IFMA+VBMI,AVX512 F+BW+CD+DQ+VL,AVX2+BMI1+BMI2+F16C+FMA+LZCNT+MOVBE,AVX,SSE3+SSSE3+SSE4.1+SSE4.2+POPCNT,X86Base+SSE+SSE2,AES+PCLMUL,AvxVnni,SERIALIZE VectorSize=256
// Job: Job-CKBLHY(EvaluateOverhead=False, Clock=Armonik.Ffi.Bdn.CpuClock, Toolchain=InProcessEmitToolchain, IterationCount=1, IterationTime=2ms, LaunchCount=1, RunStrategy=Throughput, WarmupCount=1)

OverheadJitting  1: 1 op, 436910.00 ns, 436.9100 us/op
WorkloadJitting  1: 1 op, 510355.00 ns, 510.3550 us/op

WorkloadPilot    1: 4 op, 82326.00 ns, 20.5815 us/op
WorkloadPilot    2: 97 op, 546549.00 ns, 5.6345 us/op
WorkloadPilot    3: 355 op, 1648951.00 ns, 4.6449 us/op
WorkloadPilot    4: 431 op, 1576115.00 ns, 3.6569 us/op
WorkloadPilot    5: 547 op, 1900029.00 ns, 3.4735 us/op
WorkloadPilot    6: 576 op, 2544158.00 ns, 4.4169 us/op
WorkloadPilot    7: 453 op, 1437850.00 ns, 3.1741 us/op
WorkloadPilot    8: 630 op, 2084588.00 ns, 3.3089 us/op
WorkloadPilot    9: 604 op, 1930478.00 ns, 3.1962 us/op
WorkloadPilot   10: 626 op, 2155219.00 ns, 3.4428 us/op

WorkloadWarmup   1: 626 op, 1898025.00 ns, 3.0320 us/op

WorkloadActual   1: 626 op, 1911924.00 ns, 3.0542 us/op

WorkloadResult   1: 626 op, 1911924.00 ns, 3.0542 us/op


Mean = 3.054 us, StdErr = 0.000 us (0.00%), N = 1, StdDev = 0.000 us
Min = 3.054 us, Q1 = 3.054 us, Median = 3.054 us, Q3 = 3.054 us, Max = 3.054 us
IQR = 0.000 us, LowerFence = 3.054 us, UpperFence = 3.054 us
ConfidenceInterval = [NaN us; NaN us] (CI 99.9%), Margin = NaN us (NaN% of Mean)
Skewness = NaN, Kurtosis = NaN, MValue = 2

// ** Remained 62 (39.2 %) benchmark(s) to run. Estimated finish 2026-09-26 13:49 (0h 0m from now) **
// **************************
// Benchmark: CodecSuite.Run: campaign(EvaluateOverhead=False, Clock=Armonik.Ffi.Bdn.CpuClock, Toolchain=InProcessEmitToolchain, IterationCount=1, IterationTime=2ms, LaunchCount=1, RunStrategy=Throughput, WarmupCount=1) [Case=core-(...)known [41]]
// *** Execute ***
// Launch: 1 / 1

// Benchmark Process Environment Information:
// BenchmarkDotNet v0.15.8
// Runtime=.NET 8.0.31 (8.0.31, 8.0.3126.42015), X64 RyuJIT x86-64-v4
// GC=Concurrent Workstation
// HardwareIntrinsics=AVX512 IFMA+VBMI,AVX512 F+BW+CD+DQ+VL,AVX2+BMI1+BMI2+F16C+FMA+LZCNT+MOVBE,AVX,SSE3+SSSE3+SSE4.1+SSE4.2+POPCNT,X86Base+SSE+SSE2,AES+PCLMUL,AvxVnni,SERIALIZE VectorSize=256
// Job: Job-CKBLHY(EvaluateOverhead=False, Clock=Armonik.Ffi.Bdn.CpuClock, Toolchain=InProcessEmitToolchain, IterationCount=1, IterationTime=2ms, LaunchCount=1, RunStrategy=Throughput, WarmupCount=1)

OverheadJitting  1: 1 op, 609950.00 ns, 609.9500 us/op
WorkloadJitting  1: 1 op, 1935065.00 ns, 1.9351 ms/op

OverheadJitting  2: 1 op, 3560.00 ns, 3.5600 us/op
WorkloadJitting  2: 1 op, 151100.00 ns, 151.1000 us/op

WorkloadPilot    1: 4 op, 281620.00 ns, 70.4050 us/op
WorkloadPilot    2: 28 op, 1306752.00 ns, 46.6697 us/op
WorkloadPilot    3: 43 op, 1946510.00 ns, 45.2677 us/op

WorkloadWarmup   1: 43 op, 1911467.00 ns, 44.4527 us/op

WorkloadActual   1: 43 op, 1931361.00 ns, 44.9154 us/op

WorkloadResult   1: 43 op, 1931361.00 ns, 44.9154 us/op


Mean = 44.915 us, StdErr = 0.000 us (0.00%), N = 1, StdDev = 0.000 us
Min = 44.915 us, Q1 = 44.915 us, Median = 44.915 us, Q3 = 44.915 us, Max = 44.915 us
IQR = 0.000 us, LowerFence = 44.915 us, UpperFence = 44.915 us
ConfidenceInterval = [NaN us; NaN us] (CI 99.9%), Margin = NaN us (NaN% of Mean)
Skewness = NaN, Kurtosis = NaN, MValue = 2

// ** Remained 61 (38.6 %) benchmark(s) to run. Estimated finish 2026-09-26 13:49 (0h 0m from now) **
// **************************
// Benchmark: CodecSuite.Run: campaign(EvaluateOverhead=False, Clock=Armonik.Ffi.Bdn.CpuClock, Toolchain=InProcessEmitToolchain, IterationCount=1, IterationTime=2ms, LaunchCount=1, RunStrategy=Throughput, WarmupCount=1) [Case=core-(...)known [48]]
// *** Execute ***
// Launch: 1 / 1

// Benchmark Process Environment Information:
// BenchmarkDotNet v0.15.8
// Runtime=.NET 8.0.31 (8.0.31, 8.0.3126.42015), X64 RyuJIT x86-64-v4
// GC=Concurrent Workstation
// HardwareIntrinsics=AVX512 IFMA+VBMI,AVX512 F+BW+CD+DQ+VL,AVX2+BMI1+BMI2+F16C+FMA+LZCNT+MOVBE,AVX,SSE3+SSSE3+SSE4.1+SSE4.2+POPCNT,X86Base+SSE+SSE2,AES+PCLMUL,AvxVnni,SERIALIZE VectorSize=256
// Job: Job-CKBLHY(EvaluateOverhead=False, Clock=Armonik.Ffi.Bdn.CpuClock, Toolchain=InProcessEmitToolchain, IterationCount=1, IterationTime=2ms, LaunchCount=1, RunStrategy=Throughput, WarmupCount=1)

OverheadJitting  1: 1 op, 563528.00 ns, 563.5280 us/op
WorkloadJitting  1: 1 op, 1136988.00 ns, 1.1370 ms/op

WorkloadPilot    1: 4 op, 1412728.00 ns, 353.1820 us/op
WorkloadPilot    2: 6 op, 2067952.00 ns, 344.6587 us/op

WorkloadWarmup   1: 6 op, 1914274.00 ns, 319.0457 us/op

WorkloadActual   1: 6 op, 1924637.00 ns, 320.7728 us/op

WorkloadResult   1: 6 op, 1924637.00 ns, 320.7728 us/op


Mean = 320.773 us, StdErr = 0.000 us (0.00%), N = 1, StdDev = 0.000 us
Min = 320.773 us, Q1 = 320.773 us, Median = 320.773 us, Q3 = 320.773 us, Max = 320.773 us
IQR = 0.000 us, LowerFence = 320.773 us, UpperFence = 320.773 us
ConfidenceInterval = [NaN us; NaN us] (CI 99.9%), Margin = NaN us (NaN% of Mean)
Skewness = NaN, Kurtosis = NaN, MValue = 2

// ** Remained 60 (38.0 %) benchmark(s) to run. Estimated finish 2026-09-26 13:49 (0h 0m from now) **
// **************************
// Benchmark: CodecSuite.Run: campaign(EvaluateOverhead=False, Clock=Armonik.Ffi.Bdn.CpuClock, Toolchain=InProcessEmitToolchain, IterationCount=1, IterationTime=2ms, LaunchCount=1, RunStrategy=Throughput, WarmupCount=1) [Case=core-(...)known [47]]
// *** Execute ***
// Launch: 1 / 1

// Benchmark Process Environment Information:
// BenchmarkDotNet v0.15.8
// Runtime=.NET 8.0.31 (8.0.31, 8.0.3126.42015), X64 RyuJIT x86-64-v4
// GC=Concurrent Workstation
// HardwareIntrinsics=AVX512 IFMA+VBMI,AVX512 F+BW+CD+DQ+VL,AVX2+BMI1+BMI2+F16C+FMA+LZCNT+MOVBE,AVX,SSE3+SSSE3+SSE4.1+SSE4.2+POPCNT,X86Base+SSE+SSE2,AES+PCLMUL,AvxVnni,SERIALIZE VectorSize=256
// Job: Job-CKBLHY(EvaluateOverhead=False, Clock=Armonik.Ffi.Bdn.CpuClock, Toolchain=InProcessEmitToolchain, IterationCount=1, IterationTime=2ms, LaunchCount=1, RunStrategy=Throughput, WarmupCount=1)

OverheadJitting  1: 1 op, 505778.00 ns, 505.7780 us/op
WorkloadJitting  1: 1 op, 428821.00 ns, 428.8210 us/op

WorkloadPilot    1: 4 op, 19867.00 ns, 4.9668 us/op
WorkloadPilot    2: 403 op, 164789.00 ns, 408.9057 ns/op
WorkloadPilot    3: 4891 op, 1661740.00 ns, 339.7547 ns/op
WorkloadPilot    4: 5887 op, 1918860.00 ns, 325.9487 ns/op
WorkloadPilot    5: 6136 op, 2068506.00 ns, 337.1098 ns/op
WorkloadPilot    6: 5933 op, 1974852.00 ns, 332.8589 ns/op
WorkloadPilot    7: 6009 op, 2010774.00 ns, 334.6271 ns/op
WorkloadPilot    8: 5977 op, 1959620.00 ns, 327.8601 ns/op
WorkloadPilot    9: 6100 op, 2001680.00 ns, 328.1443 ns/op

WorkloadWarmup   1: 6100 op, 2517864.00 ns, 412.7646 ns/op

WorkloadActual   1: 6100 op, 2475859.00 ns, 405.8785 ns/op

WorkloadResult   1: 6100 op, 2475859.00 ns, 405.8785 ns/op


Mean = 405.879 ns, StdErr = 0.000 ns (0.00%), N = 1, StdDev = 0.000 ns
Min = 405.879 ns, Q1 = 405.879 ns, Median = 405.879 ns, Q3 = 405.879 ns, Max = 405.879 ns
IQR = 0.000 ns, LowerFence = 405.879 ns, UpperFence = 405.879 ns
ConfidenceInterval = [NaN ns; NaN ns] (CI 99.9%), Margin = NaN ns (NaN% of Mean)
Skewness = NaN, Kurtosis = NaN, MValue = 2

// ** Remained 59 (37.3 %) benchmark(s) to run. Estimated finish 2026-09-26 13:49 (0h 0m from now) **
// **************************
// Benchmark: CodecSuite.Run: campaign(EvaluateOverhead=False, Clock=Armonik.Ffi.Bdn.CpuClock, Toolchain=InProcessEmitToolchain, IterationCount=1, IterationTime=2ms, LaunchCount=1, RunStrategy=Throughput, WarmupCount=1) [Case=core-(...)known [41]]
// *** Execute ***
// Launch: 1 / 1

// Benchmark Process Environment Information:
// BenchmarkDotNet v0.15.8
// Runtime=.NET 8.0.31 (8.0.31, 8.0.3126.42015), X64 RyuJIT x86-64-v4
// GC=Concurrent Workstation
// HardwareIntrinsics=AVX512 IFMA+VBMI,AVX512 F+BW+CD+DQ+VL,AVX2+BMI1+BMI2+F16C+FMA+LZCNT+MOVBE,AVX,SSE3+SSSE3+SSE4.1+SSE4.2+POPCNT,X86Base+SSE+SSE2,AES+PCLMUL,AvxVnni,SERIALIZE VectorSize=256
// Job: Job-CKBLHY(EvaluateOverhead=False, Clock=Armonik.Ffi.Bdn.CpuClock, Toolchain=InProcessEmitToolchain, IterationCount=1, IterationTime=2ms, LaunchCount=1, RunStrategy=Throughput, WarmupCount=1)

OverheadJitting  1: 1 op, 374355.00 ns, 374.3550 us/op
WorkloadJitting  1: 1 op, 367789.00 ns, 367.7890 us/op

WorkloadPilot    1: 4 op, 14893.00 ns, 3.7233 us/op
WorkloadPilot    2: 537 op, 151692.00 ns, 282.4804 ns/op
WorkloadPilot    3: 7080 op, 1930692.00 ns, 272.6966 ns/op
WorkloadPilot    4: 7334 op, 1978897.00 ns, 269.8251 ns/op
WorkloadPilot    5: 7412 op, 2052864.00 ns, 276.9649 ns/op
WorkloadPilot    6: 7221 op, 1987755.00 ns, 275.2742 ns/op
WorkloadPilot    7: 7265 op, 1993662.00 ns, 274.4201 ns/op
WorkloadPilot    8: 7288 op, 2000986.00 ns, 274.5590 ns/op
WorkloadPilot    9: 7284 op, 1948635.00 ns, 267.5227 ns/op
WorkloadPilot   10: 7476 op, 2057332.00 ns, 275.1915 ns/op

WorkloadWarmup   1: 7476 op, 2051102.00 ns, 274.3582 ns/op

WorkloadActual   1: 7476 op, 1997276.00 ns, 267.1584 ns/op

WorkloadResult   1: 7476 op, 1997276.00 ns, 267.1584 ns/op


Mean = 267.158 ns, StdErr = 0.000 ns (0.00%), N = 1, StdDev = 0.000 ns
Min = 267.158 ns, Q1 = 267.158 ns, Median = 267.158 ns, Q3 = 267.158 ns, Max = 267.158 ns
IQR = 0.000 ns, LowerFence = 267.158 ns, UpperFence = 267.158 ns
ConfidenceInterval = [NaN ns; NaN ns] (CI 99.9%), Margin = NaN ns (NaN% of Mean)
Skewness = NaN, Kurtosis = NaN, MValue = 2

// ** Remained 58 (36.7 %) benchmark(s) to run. Estimated finish 2026-09-26 13:49 (0h 0m from now) **
// **************************
// Benchmark: CodecSuite.Run: campaign(EvaluateOverhead=False, Clock=Armonik.Ffi.Bdn.CpuClock, Toolchain=InProcessEmitToolchain, IterationCount=1, IterationTime=2ms, LaunchCount=1, RunStrategy=Throughput, WarmupCount=1) [Case=core-(...)known [47]]
// *** Execute ***
// Launch: 1 / 1

// Benchmark Process Environment Information:
// BenchmarkDotNet v0.15.8
// Runtime=.NET 8.0.31 (8.0.31, 8.0.3126.42015), X64 RyuJIT x86-64-v4
// GC=Concurrent Workstation
// HardwareIntrinsics=AVX512 IFMA+VBMI,AVX512 F+BW+CD+DQ+VL,AVX2+BMI1+BMI2+F16C+FMA+LZCNT+MOVBE,AVX,SSE3+SSSE3+SSE4.1+SSE4.2+POPCNT,X86Base+SSE+SSE2,AES+PCLMUL,AvxVnni,SERIALIZE VectorSize=256
// Job: Job-CKBLHY(EvaluateOverhead=False, Clock=Armonik.Ffi.Bdn.CpuClock, Toolchain=InProcessEmitToolchain, IterationCount=1, IterationTime=2ms, LaunchCount=1, RunStrategy=Throughput, WarmupCount=1)

OverheadJitting  1: 1 op, 564377.00 ns, 564.3770 us/op
WorkloadJitting  1: 1 op, 699989.00 ns, 699.9890 us/op

WorkloadPilot    1: 4 op, 639288.00 ns, 159.8220 us/op
WorkloadPilot    2: 13 op, 1865540.00 ns, 143.5031 us/op

WorkloadWarmup   1: 13 op, 1834595.00 ns, 141.1227 us/op

WorkloadActual   1: 13 op, 1831101.00 ns, 140.8539 us/op

WorkloadResult   1: 13 op, 1831101.00 ns, 140.8539 us/op


Mean = 140.854 us, StdErr = 0.000 us (0.00%), N = 1, StdDev = 0.000 us
Min = 140.854 us, Q1 = 140.854 us, Median = 140.854 us, Q3 = 140.854 us, Max = 140.854 us
IQR = 0.000 us, LowerFence = 140.854 us, UpperFence = 140.854 us
ConfidenceInterval = [NaN us; NaN us] (CI 99.9%), Margin = NaN us (NaN% of Mean)
Skewness = NaN, Kurtosis = NaN, MValue = 2

// ** Remained 57 (36.1 %) benchmark(s) to run. Estimated finish 2026-09-26 13:49 (0h 0m from now) **
// **************************
// Benchmark: CodecSuite.Run: campaign(EvaluateOverhead=False, Clock=Armonik.Ffi.Bdn.CpuClock, Toolchain=InProcessEmitToolchain, IterationCount=1, IterationTime=2ms, LaunchCount=1, RunStrategy=Throughput, WarmupCount=1) [Case=core-(...)known [37]]
// *** Execute ***
// Launch: 1 / 1

// Benchmark Process Environment Information:
// BenchmarkDotNet v0.15.8
// Runtime=.NET 8.0.31 (8.0.31, 8.0.3126.42015), X64 RyuJIT x86-64-v4
// GC=Concurrent Workstation
// HardwareIntrinsics=AVX512 IFMA+VBMI,AVX512 F+BW+CD+DQ+VL,AVX2+BMI1+BMI2+F16C+FMA+LZCNT+MOVBE,AVX,SSE3+SSSE3+SSE4.1+SSE4.2+POPCNT,X86Base+SSE+SSE2,AES+PCLMUL,AvxVnni,SERIALIZE VectorSize=256
// Job: Job-CKBLHY(EvaluateOverhead=False, Clock=Armonik.Ffi.Bdn.CpuClock, Toolchain=InProcessEmitToolchain, IterationCount=1, IterationTime=2ms, LaunchCount=1, RunStrategy=Throughput, WarmupCount=1)

OverheadJitting  1: 1 op, 546081.00 ns, 546.0810 us/op
WorkloadJitting  1: 1 op, 394884.00 ns, 394.8840 us/op

WorkloadPilot    1: 4 op, 17673.00 ns, 4.4183 us/op
WorkloadPilot    2: 453 op, 140111.00 ns, 309.2958 ns/op
WorkloadPilot    3: 6466 op, 1895933.00 ns, 293.2157 ns/op
WorkloadPilot    4: 6821 op, 1929224.00 ns, 282.8359 ns/op
WorkloadPilot    5: 7071 op, 2062407.00 ns, 291.6712 ns/op
WorkloadPilot    6: 6857 op, 1950905.00 ns, 284.5129 ns/op
WorkloadPilot    7: 7030 op, 2083857.00 ns, 296.4235 ns/op
WorkloadPilot    8: 6747 op, 1976299.00 ns, 292.9152 ns/op
WorkloadPilot    9: 6828 op, 1981922.00 ns, 290.2639 ns/op
WorkloadPilot   10: 6890 op, 2001628.00 ns, 290.5120 ns/op

WorkloadWarmup   1: 6890 op, 1938444.00 ns, 281.3417 ns/op

WorkloadActual   1: 6890 op, 2065125.00 ns, 299.7279 ns/op

WorkloadResult   1: 6890 op, 2065125.00 ns, 299.7279 ns/op


Mean = 299.728 ns, StdErr = 0.000 ns (0.00%), N = 1, StdDev = 0.000 ns
Min = 299.728 ns, Q1 = 299.728 ns, Median = 299.728 ns, Q3 = 299.728 ns, Max = 299.728 ns
IQR = 0.000 ns, LowerFence = 299.728 ns, UpperFence = 299.728 ns
ConfidenceInterval = [NaN ns; NaN ns] (CI 99.9%), Margin = NaN ns (NaN% of Mean)
Skewness = NaN, Kurtosis = NaN, MValue = 2

// ** Remained 56 (35.4 %) benchmark(s) to run. Estimated finish 2026-09-26 13:49 (0h 0m from now) **
// **************************
// Benchmark: CodecSuite.Run: campaign(EvaluateOverhead=False, Clock=Armonik.Ffi.Bdn.CpuClock, Toolchain=InProcessEmitToolchain, IterationCount=1, IterationTime=2ms, LaunchCount=1, RunStrategy=Throughput, WarmupCount=1) [Case=core-(...)known [42]]
// *** Execute ***
// Launch: 1 / 1

// Benchmark Process Environment Information:
// BenchmarkDotNet v0.15.8
// Runtime=.NET 8.0.31 (8.0.31, 8.0.3126.42015), X64 RyuJIT x86-64-v4
// GC=Concurrent Workstation
// HardwareIntrinsics=AVX512 IFMA+VBMI,AVX512 F+BW+CD+DQ+VL,AVX2+BMI1+BMI2+F16C+FMA+LZCNT+MOVBE,AVX,SSE3+SSSE3+SSE4.1+SSE4.2+POPCNT,X86Base+SSE+SSE2,AES+PCLMUL,AvxVnni,SERIALIZE VectorSize=256
// Job: Job-CKBLHY(EvaluateOverhead=False, Clock=Armonik.Ffi.Bdn.CpuClock, Toolchain=InProcessEmitToolchain, IterationCount=1, IterationTime=2ms, LaunchCount=1, RunStrategy=Throughput, WarmupCount=1)

OverheadJitting  1: 1 op, 441461.00 ns, 441.4610 us/op
WorkloadJitting  1: 1 op, 580831.00 ns, 580.8310 us/op

WorkloadPilot    1: 4 op, 439615.00 ns, 109.9038 us/op
WorkloadPilot    2: 18 op, 1987994.00 ns, 110.4441 us/op

WorkloadWarmup   1: 18 op, 1932675.00 ns, 107.3708 us/op

WorkloadActual   1: 18 op, 1909252.00 ns, 106.0696 us/op

WorkloadResult   1: 18 op, 1909252.00 ns, 106.0696 us/op


Mean = 106.070 us, StdErr = 0.000 us (0.00%), N = 1, StdDev = 0.000 us
Min = 106.070 us, Q1 = 106.070 us, Median = 106.070 us, Q3 = 106.070 us, Max = 106.070 us
IQR = 0.000 us, LowerFence = 106.070 us, UpperFence = 106.070 us
ConfidenceInterval = [NaN us; NaN us] (CI 99.9%), Margin = NaN us (NaN% of Mean)
Skewness = NaN, Kurtosis = NaN, MValue = 2

// ** Remained 55 (34.8 %) benchmark(s) to run. Estimated finish 2026-09-26 13:49 (0h 0m from now) **
// **************************
// Benchmark: CodecSuite.Run: campaign(EvaluateOverhead=False, Clock=Armonik.Ffi.Bdn.CpuClock, Toolchain=InProcessEmitToolchain, IterationCount=1, IterationTime=2ms, LaunchCount=1, RunStrategy=Throughput, WarmupCount=1) [Case=core-(...)known [50]]
// *** Execute ***
// Launch: 1 / 1

// Benchmark Process Environment Information:
// BenchmarkDotNet v0.15.8
// Runtime=.NET 8.0.31 (8.0.31, 8.0.3126.42015), X64 RyuJIT x86-64-v4
// GC=Concurrent Workstation
// HardwareIntrinsics=AVX512 IFMA+VBMI,AVX512 F+BW+CD+DQ+VL,AVX2+BMI1+BMI2+F16C+FMA+LZCNT+MOVBE,AVX,SSE3+SSSE3+SSE4.1+SSE4.2+POPCNT,X86Base+SSE+SSE2,AES+PCLMUL,AvxVnni,SERIALIZE VectorSize=256
// Job: Job-CKBLHY(EvaluateOverhead=False, Clock=Armonik.Ffi.Bdn.CpuClock, Toolchain=InProcessEmitToolchain, IterationCount=1, IterationTime=2ms, LaunchCount=1, RunStrategy=Throughput, WarmupCount=1)

OverheadJitting  1: 1 op, 595354.00 ns, 595.3540 us/op
WorkloadJitting  1: 1 op, 1520070.00 ns, 1.5201 ms/op

OverheadJitting  2: 1 op, 3823.00 ns, 3.8230 us/op
WorkloadJitting  2: 1 op, 584339.00 ns, 584.3390 us/op

WorkloadPilot    1: 4 op, 2003192.00 ns, 500.7980 us/op

WorkloadWarmup   1: 4 op, 1852835.00 ns, 463.2088 us/op

WorkloadActual   1: 4 op, 1783428.00 ns, 445.8570 us/op

WorkloadResult   1: 4 op, 1783428.00 ns, 445.8570 us/op


Mean = 445.857 us, StdErr = 0.000 us (0.00%), N = 1, StdDev = 0.000 us
Min = 445.857 us, Q1 = 445.857 us, Median = 445.857 us, Q3 = 445.857 us, Max = 445.857 us
IQR = 0.000 us, LowerFence = 445.857 us, UpperFence = 445.857 us
ConfidenceInterval = [NaN us; NaN us] (CI 99.9%), Margin = NaN us (NaN% of Mean)
Skewness = NaN, Kurtosis = NaN, MValue = 2

// ** Remained 54 (34.2 %) benchmark(s) to run. Estimated finish 2026-09-26 13:49 (0h 0m from now) **
// **************************
// Benchmark: CodecSuite.Run: campaign(EvaluateOverhead=False, Clock=Armonik.Ffi.Bdn.CpuClock, Toolchain=InProcessEmitToolchain, IterationCount=1, IterationTime=2ms, LaunchCount=1, RunStrategy=Throughput, WarmupCount=1) [Case=core-(...)known [51]]
// *** Execute ***
// Launch: 1 / 1

// Benchmark Process Environment Information:
// BenchmarkDotNet v0.15.8
// Runtime=.NET 8.0.31 (8.0.31, 8.0.3126.42015), X64 RyuJIT x86-64-v4
// GC=Concurrent Workstation
// HardwareIntrinsics=AVX512 IFMA+VBMI,AVX512 F+BW+CD+DQ+VL,AVX2+BMI1+BMI2+F16C+FMA+LZCNT+MOVBE,AVX,SSE3+SSSE3+SSE4.1+SSE4.2+POPCNT,X86Base+SSE+SSE2,AES+PCLMUL,AvxVnni,SERIALIZE VectorSize=256
// Job: Job-CKBLHY(EvaluateOverhead=False, Clock=Armonik.Ffi.Bdn.CpuClock, Toolchain=InProcessEmitToolchain, IterationCount=1, IterationTime=2ms, LaunchCount=1, RunStrategy=Throughput, WarmupCount=1)

OverheadJitting  1: 1 op, 399683.00 ns, 399.6830 us/op
WorkloadJitting  1: 1 op, 498429.00 ns, 498.4290 us/op

WorkloadPilot    1: 4 op, 109321.00 ns, 27.3303 us/op
WorkloadPilot    2: 73 op, 1189980.00 ns, 16.3011 us/op
WorkloadPilot    3: 123 op, 1921611.00 ns, 15.6229 us/op
WorkloadPilot    4: 128 op, 2030653.00 ns, 15.8645 us/op
WorkloadPilot    5: 126 op, 1951118.00 ns, 15.4851 us/op
WorkloadPilot    6: 129 op, 2073612.00 ns, 16.0745 us/op
WorkloadPilot    7: 124 op, 1969228.00 ns, 15.8809 us/op
WorkloadPilot    8: 126 op, 1998585.00 ns, 15.8618 us/op

WorkloadWarmup   1: 126 op, 2007704.00 ns, 15.9342 us/op

WorkloadActual   1: 126 op, 2018540.00 ns, 16.0202 us/op

WorkloadResult   1: 126 op, 2018540.00 ns, 16.0202 us/op


Mean = 16.020 us, StdErr = 0.000 us (0.00%), N = 1, StdDev = 0.000 us
Min = 16.020 us, Q1 = 16.020 us, Median = 16.020 us, Q3 = 16.020 us, Max = 16.020 us
IQR = 0.000 us, LowerFence = 16.020 us, UpperFence = 16.020 us
ConfidenceInterval = [NaN us; NaN us] (CI 99.9%), Margin = NaN us (NaN% of Mean)
Skewness = NaN, Kurtosis = NaN, MValue = 2

// ** Remained 53 (33.5 %) benchmark(s) to run. Estimated finish 2026-09-26 13:49 (0h 0m from now) **
// **************************
// Benchmark: CodecSuite.Run: campaign(EvaluateOverhead=False, Clock=Armonik.Ffi.Bdn.CpuClock, Toolchain=InProcessEmitToolchain, IterationCount=1, IterationTime=2ms, LaunchCount=1, RunStrategy=Throughput, WarmupCount=1) [Case=core-(...)known [42]]
// *** Execute ***
// Launch: 1 / 1

// Benchmark Process Environment Information:
// BenchmarkDotNet v0.15.8
// Runtime=.NET 8.0.31 (8.0.31, 8.0.3126.42015), X64 RyuJIT x86-64-v4
// GC=Concurrent Workstation
// HardwareIntrinsics=AVX512 IFMA+VBMI,AVX512 F+BW+CD+DQ+VL,AVX2+BMI1+BMI2+F16C+FMA+LZCNT+MOVBE,AVX,SSE3+SSSE3+SSE4.1+SSE4.2+POPCNT,X86Base+SSE+SSE2,AES+PCLMUL,AvxVnni,SERIALIZE VectorSize=256
// Job: Job-CKBLHY(EvaluateOverhead=False, Clock=Armonik.Ffi.Bdn.CpuClock, Toolchain=InProcessEmitToolchain, IterationCount=1, IterationTime=2ms, LaunchCount=1, RunStrategy=Throughput, WarmupCount=1)

OverheadJitting  1: 1 op, 411390.00 ns, 411.3900 us/op
WorkloadJitting  1: 1 op, 330787.00 ns, 330.7870 us/op

WorkloadPilot    1: 4 op, 15073.00 ns, 3.7683 us/op
WorkloadPilot    2: 531 op, 244246.00 ns, 459.9736 ns/op
WorkloadPilot    3: 4348 op, 1753678.00 ns, 403.3298 ns/op
WorkloadPilot    4: 4959 op, 1375584.00 ns, 277.3914 ns/op
WorkloadPilot    5: 7210 op, 2016172.00 ns, 279.6355 ns/op
WorkloadPilot    6: 7152 op, 2673877.00 ns, 373.8642 ns/op
WorkloadPilot    7: 5350 op, 1273612.00 ns, 238.0583 ns/op
WorkloadPilot    8: 8401 op, 2293977.00 ns, 273.0600 ns/op

WorkloadWarmup   1: 8401 op, 2196388.00 ns, 261.4436 ns/op

WorkloadActual   1: 8401 op, 1957829.00 ns, 233.0471 ns/op

WorkloadResult   1: 8401 op, 1957829.00 ns, 233.0471 ns/op


Mean = 233.047 ns, StdErr = 0.000 ns (0.00%), N = 1, StdDev = 0.000 ns
Min = 233.047 ns, Q1 = 233.047 ns, Median = 233.047 ns, Q3 = 233.047 ns, Max = 233.047 ns
IQR = 0.000 ns, LowerFence = 233.047 ns, UpperFence = 233.047 ns
ConfidenceInterval = [NaN ns; NaN ns] (CI 99.9%), Margin = NaN ns (NaN% of Mean)
Skewness = NaN, Kurtosis = NaN, MValue = 2

// ** Remained 52 (32.9 %) benchmark(s) to run. Estimated finish 2026-09-26 13:49 (0h 0m from now) **
// **************************
// Benchmark: CodecSuite.Run: campaign(EvaluateOverhead=False, Clock=Armonik.Ffi.Bdn.CpuClock, Toolchain=InProcessEmitToolchain, IterationCount=1, IterationTime=2ms, LaunchCount=1, RunStrategy=Throughput, WarmupCount=1) [Case=core-(...)known [55]]
// *** Execute ***
// Launch: 1 / 1

// Benchmark Process Environment Information:
// BenchmarkDotNet v0.15.8
// Runtime=.NET 8.0.31 (8.0.31, 8.0.3126.42015), X64 RyuJIT x86-64-v4
// GC=Concurrent Workstation
// HardwareIntrinsics=AVX512 IFMA+VBMI,AVX512 F+BW+CD+DQ+VL,AVX2+BMI1+BMI2+F16C+FMA+LZCNT+MOVBE,AVX,SSE3+SSSE3+SSE4.1+SSE4.2+POPCNT,X86Base+SSE+SSE2,AES+PCLMUL,AvxVnni,SERIALIZE VectorSize=256
// Job: Job-CKBLHY(EvaluateOverhead=False, Clock=Armonik.Ffi.Bdn.CpuClock, Toolchain=InProcessEmitToolchain, IterationCount=1, IterationTime=2ms, LaunchCount=1, RunStrategy=Throughput, WarmupCount=1)

OverheadJitting  1: 1 op, 412913.00 ns, 412.9130 us/op
WorkloadJitting  1: 1 op, 384942.00 ns, 384.9420 us/op

WorkloadPilot    1: 4 op, 77153.00 ns, 19.2883 us/op
WorkloadPilot    2: 104 op, 305897.00 ns, 2.9413 us/op
WorkloadPilot    3: 680 op, 1606236.00 ns, 2.3621 us/op
WorkloadPilot    4: 847 op, 1528626.00 ns, 1.8048 us/op
WorkloadPilot    5: 1108 op, 1932002.00 ns, 1.7437 us/op
WorkloadPilot    6: 1147 op, 2869042.00 ns, 2.5013 us/op
WorkloadPilot    7: 800 op, 1213485.00 ns, 1.5169 us/op
WorkloadPilot    8: 1319 op, 2162624.00 ns, 1.6396 us/op
WorkloadPilot    9: 1220 op, 1804768.00 ns, 1.4793 us/op
WorkloadPilot   10: 1352 op, 2356777.00 ns, 1.7432 us/op

WorkloadWarmup   1: 1352 op, 2160177.00 ns, 1.5978 us/op

WorkloadActual   1: 1352 op, 2057294.00 ns, 1.5217 us/op

WorkloadResult   1: 1352 op, 2057294.00 ns, 1.5217 us/op


Mean = 1.522 us, StdErr = 0.000 us (0.00%), N = 1, StdDev = 0.000 us
Min = 1.522 us, Q1 = 1.522 us, Median = 1.522 us, Q3 = 1.522 us, Max = 1.522 us
IQR = 0.000 us, LowerFence = 1.522 us, UpperFence = 1.522 us
ConfidenceInterval = [NaN us; NaN us] (CI 99.9%), Margin = NaN us (NaN% of Mean)
Skewness = NaN, Kurtosis = NaN, MValue = 2

// ** Remained 51 (32.3 %) benchmark(s) to run. Estimated finish 2026-09-26 13:49 (0h 0m from now) **
// **************************
// Benchmark: CodecSuite.Run: campaign(EvaluateOverhead=False, Clock=Armonik.Ffi.Bdn.CpuClock, Toolchain=InProcessEmitToolchain, IterationCount=1, IterationTime=2ms, LaunchCount=1, RunStrategy=Throughput, WarmupCount=1) [Case=core-(...)known [61]]
// *** Execute ***
// Launch: 1 / 1

// Benchmark Process Environment Information:
// BenchmarkDotNet v0.15.8
// Runtime=.NET 8.0.31 (8.0.31, 8.0.3126.42015), X64 RyuJIT x86-64-v4
// GC=Concurrent Workstation
// HardwareIntrinsics=AVX512 IFMA+VBMI,AVX512 F+BW+CD+DQ+VL,AVX2+BMI1+BMI2+F16C+FMA+LZCNT+MOVBE,AVX,SSE3+SSSE3+SSE4.1+SSE4.2+POPCNT,X86Base+SSE+SSE2,AES+PCLMUL,AvxVnni,SERIALIZE VectorSize=256
// Job: Job-CKBLHY(EvaluateOverhead=False, Clock=Armonik.Ffi.Bdn.CpuClock, Toolchain=InProcessEmitToolchain, IterationCount=1, IterationTime=2ms, LaunchCount=1, RunStrategy=Throughput, WarmupCount=1)

OverheadJitting  1: 1 op, 389250.00 ns, 389.2500 us/op
WorkloadJitting  1: 1 op, 461513.00 ns, 461.5130 us/op

WorkloadPilot    1: 4 op, 75147.00 ns, 18.7868 us/op
WorkloadPilot    2: 106 op, 923836.00 ns, 8.7154 us/op
WorkloadPilot    3: 229 op, 1501058.00 ns, 6.5548 us/op
WorkloadPilot    4: 305 op, 1785935.00 ns, 5.8555 us/op
WorkloadPilot    5: 342 op, 1746642.00 ns, 5.1071 us/op
WorkloadPilot    6: 392 op, 2888629.00 ns, 7.3690 us/op
WorkloadPilot    7: 271 op, 1421904.00 ns, 5.2469 us/op
WorkloadPilot    8: 381 op, 1895119.00 ns, 4.9741 us/op
WorkloadPilot    9: 402 op, 2024420.00 ns, 5.0359 us/op
WorkloadPilot   10: 397 op, 2914968.00 ns, 7.3425 us/op

WorkloadWarmup   1: 397 op, 2788183.00 ns, 7.0231 us/op

WorkloadActual   1: 397 op, 2945771.00 ns, 7.4201 us/op

WorkloadResult   1: 397 op, 2945771.00 ns, 7.4201 us/op


Mean = 7.420 us, StdErr = 0.000 us (0.00%), N = 1, StdDev = 0.000 us
Min = 7.420 us, Q1 = 7.420 us, Median = 7.420 us, Q3 = 7.420 us, Max = 7.420 us
IQR = 0.000 us, LowerFence = 7.420 us, UpperFence = 7.420 us
ConfidenceInterval = [NaN us; NaN us] (CI 99.9%), Margin = NaN us (NaN% of Mean)
Skewness = NaN, Kurtosis = NaN, MValue = 2

// ** Remained 50 (31.6 %) benchmark(s) to run. Estimated finish 2026-09-26 13:49 (0h 0m from now) **
// **************************
// Benchmark: CodecSuite.Run: campaign(EvaluateOverhead=False, Clock=Armonik.Ffi.Bdn.CpuClock, Toolchain=InProcessEmitToolchain, IterationCount=1, IterationTime=2ms, LaunchCount=1, RunStrategy=Throughput, WarmupCount=1) [Case=core-(...)known [37]]
// *** Execute ***
// Launch: 1 / 1

// Benchmark Process Environment Information:
// BenchmarkDotNet v0.15.8
// Runtime=.NET 8.0.31 (8.0.31, 8.0.3126.42015), X64 RyuJIT x86-64-v4
// GC=Concurrent Workstation
// HardwareIntrinsics=AVX512 IFMA+VBMI,AVX512 F+BW+CD+DQ+VL,AVX2+BMI1+BMI2+F16C+FMA+LZCNT+MOVBE,AVX,SSE3+SSSE3+SSE4.1+SSE4.2+POPCNT,X86Base+SSE+SSE2,AES+PCLMUL,AvxVnni,SERIALIZE VectorSize=256
// Job: Job-CKBLHY(EvaluateOverhead=False, Clock=Armonik.Ffi.Bdn.CpuClock, Toolchain=InProcessEmitToolchain, IterationCount=1, IterationTime=2ms, LaunchCount=1, RunStrategy=Throughput, WarmupCount=1)

OverheadJitting  1: 1 op, 683242.00 ns, 683.2420 us/op
WorkloadJitting  1: 1 op, 850657.00 ns, 850.6570 us/op

WorkloadPilot    1: 4 op, 2731086.00 ns, 682.7715 us/op

WorkloadWarmup   1: 4 op, 2832549.00 ns, 708.1373 us/op

WorkloadActual   1: 4 op, 2731110.00 ns, 682.7775 us/op

WorkloadResult   1: 4 op, 2731110.00 ns, 682.7775 us/op


Mean = 682.778 us, StdErr = 0.000 us (0.00%), N = 1, StdDev = 0.000 us
Min = 682.778 us, Q1 = 682.778 us, Median = 682.778 us, Q3 = 682.778 us, Max = 682.778 us
IQR = 0.000 us, LowerFence = 682.778 us, UpperFence = 682.778 us
ConfidenceInterval = [NaN us; NaN us] (CI 99.9%), Margin = NaN us (NaN% of Mean)
Skewness = NaN, Kurtosis = NaN, MValue = 2

// ** Remained 49 (31.0 %) benchmark(s) to run. Estimated finish 2026-09-26 13:49 (0h 0m from now) **
// **************************
// Benchmark: CodecSuite.Run: campaign(EvaluateOverhead=False, Clock=Armonik.Ffi.Bdn.CpuClock, Toolchain=InProcessEmitToolchain, IterationCount=1, IterationTime=2ms, LaunchCount=1, RunStrategy=Throughput, WarmupCount=1) [Case=core-(...)known [37]]
// *** Execute ***
// Launch: 1 / 1

// Benchmark Process Environment Information:
// BenchmarkDotNet v0.15.8
// Runtime=.NET 8.0.31 (8.0.31, 8.0.3126.42015), X64 RyuJIT x86-64-v4
// GC=Concurrent Workstation
// HardwareIntrinsics=AVX512 IFMA+VBMI,AVX512 F+BW+CD+DQ+VL,AVX2+BMI1+BMI2+F16C+FMA+LZCNT+MOVBE,AVX,SSE3+SSSE3+SSE4.1+SSE4.2+POPCNT,X86Base+SSE+SSE2,AES+PCLMUL,AvxVnni,SERIALIZE VectorSize=256
// Job: Job-CKBLHY(EvaluateOverhead=False, Clock=Armonik.Ffi.Bdn.CpuClock, Toolchain=InProcessEmitToolchain, IterationCount=1, IterationTime=2ms, LaunchCount=1, RunStrategy=Throughput, WarmupCount=1)

OverheadJitting  1: 1 op, 537143.00 ns, 537.1430 us/op
WorkloadJitting  1: 1 op, 1107085.00 ns, 1.1071 ms/op

WorkloadPilot    1: 4 op, 1013313.00 ns, 253.3283 us/op
WorkloadPilot    2: 8 op, 1894077.00 ns, 236.7596 us/op

WorkloadWarmup   1: 8 op, 1904375.00 ns, 238.0469 us/op

WorkloadActual   1: 8 op, 1949866.00 ns, 243.7333 us/op

WorkloadResult   1: 8 op, 1949866.00 ns, 243.7333 us/op


Mean = 243.733 us, StdErr = 0.000 us (0.00%), N = 1, StdDev = 0.000 us
Min = 243.733 us, Q1 = 243.733 us, Median = 243.733 us, Q3 = 243.733 us, Max = 243.733 us
IQR = 0.000 us, LowerFence = 243.733 us, UpperFence = 243.733 us
ConfidenceInterval = [NaN us; NaN us] (CI 99.9%), Margin = NaN us (NaN% of Mean)
Skewness = NaN, Kurtosis = NaN, MValue = 2

// ** Remained 48 (30.4 %) benchmark(s) to run. Estimated finish 2026-09-26 13:49 (0h 0m from now) **
// **************************
// Benchmark: CodecSuite.Run: campaign(EvaluateOverhead=False, Clock=Armonik.Ffi.Bdn.CpuClock, Toolchain=InProcessEmitToolchain, IterationCount=1, IterationTime=2ms, LaunchCount=1, RunStrategy=Throughput, WarmupCount=1) [Case=core-(...)known [51]]
// *** Execute ***
// Launch: 1 / 1

// Benchmark Process Environment Information:
// BenchmarkDotNet v0.15.8
// Runtime=.NET 8.0.31 (8.0.31, 8.0.3126.42015), X64 RyuJIT x86-64-v4
// GC=Concurrent Workstation
// HardwareIntrinsics=AVX512 IFMA+VBMI,AVX512 F+BW+CD+DQ+VL,AVX2+BMI1+BMI2+F16C+FMA+LZCNT+MOVBE,AVX,SSE3+SSSE3+SSE4.1+SSE4.2+POPCNT,X86Base+SSE+SSE2,AES+PCLMUL,AvxVnni,SERIALIZE VectorSize=256
// Job: Job-CKBLHY(EvaluateOverhead=False, Clock=Armonik.Ffi.Bdn.CpuClock, Toolchain=InProcessEmitToolchain, IterationCount=1, IterationTime=2ms, LaunchCount=1, RunStrategy=Throughput, WarmupCount=1)

OverheadJitting  1: 1 op, 552917.00 ns, 552.9170 us/op
WorkloadJitting  1: 1 op, 730851.00 ns, 730.8510 us/op

WorkloadPilot    1: 4 op, 635662.00 ns, 158.9155 us/op
WorkloadPilot    2: 13 op, 2058714.00 ns, 158.3626 us/op

WorkloadWarmup   1: 13 op, 2145128.00 ns, 165.0098 us/op

WorkloadActual   1: 13 op, 1901534.00 ns, 146.2718 us/op

WorkloadResult   1: 13 op, 1901534.00 ns, 146.2718 us/op


Mean = 146.272 us, StdErr = 0.000 us (0.00%), N = 1, StdDev = 0.000 us
Min = 146.272 us, Q1 = 146.272 us, Median = 146.272 us, Q3 = 146.272 us, Max = 146.272 us
IQR = 0.000 us, LowerFence = 146.272 us, UpperFence = 146.272 us
ConfidenceInterval = [NaN us; NaN us] (CI 99.9%), Margin = NaN us (NaN% of Mean)
Skewness = NaN, Kurtosis = NaN, MValue = 2

// ** Remained 47 (29.7 %) benchmark(s) to run. Estimated finish 2026-09-26 13:49 (0h 0m from now) **
// **************************
// Benchmark: CodecSuite.Run: campaign(EvaluateOverhead=False, Clock=Armonik.Ffi.Bdn.CpuClock, Toolchain=InProcessEmitToolchain, IterationCount=1, IterationTime=2ms, LaunchCount=1, RunStrategy=Throughput, WarmupCount=1) [Case=core-(...)known [40]]
// *** Execute ***
// Launch: 1 / 1

// Benchmark Process Environment Information:
// BenchmarkDotNet v0.15.8
// Runtime=.NET 8.0.31 (8.0.31, 8.0.3126.42015), X64 RyuJIT x86-64-v4
// GC=Concurrent Workstation
// HardwareIntrinsics=AVX512 IFMA+VBMI,AVX512 F+BW+CD+DQ+VL,AVX2+BMI1+BMI2+F16C+FMA+LZCNT+MOVBE,AVX,SSE3+SSSE3+SSE4.1+SSE4.2+POPCNT,X86Base+SSE+SSE2,AES+PCLMUL,AvxVnni,SERIALIZE VectorSize=256
// Job: Job-CKBLHY(EvaluateOverhead=False, Clock=Armonik.Ffi.Bdn.CpuClock, Toolchain=InProcessEmitToolchain, IterationCount=1, IterationTime=2ms, LaunchCount=1, RunStrategy=Throughput, WarmupCount=1)

OverheadJitting  1: 1 op, 1247915.00 ns, 1.2479 ms/op
WorkloadJitting  1: 1 op, 1696324.00 ns, 1.6963 ms/op

OverheadJitting  2: 1 op, 4378.00 ns, 4.3780 us/op
WorkloadJitting  2: 1 op, 698205.00 ns, 698.2050 us/op

WorkloadPilot    1: 4 op, 1922769.00 ns, 480.6923 us/op

WorkloadWarmup   1: 4 op, 1756850.00 ns, 439.2125 us/op

WorkloadActual   1: 4 op, 1650278.00 ns, 412.5695 us/op

WorkloadResult   1: 4 op, 1650278.00 ns, 412.5695 us/op


Mean = 412.570 us, StdErr = 0.000 us (0.00%), N = 1, StdDev = 0.000 us
Min = 412.570 us, Q1 = 412.570 us, Median = 412.570 us, Q3 = 412.570 us, Max = 412.570 us
IQR = 0.000 us, LowerFence = 412.570 us, UpperFence = 412.570 us
ConfidenceInterval = [NaN us; NaN us] (CI 99.9%), Margin = NaN us (NaN% of Mean)
Skewness = NaN, Kurtosis = NaN, MValue = 2

// ** Remained 46 (29.1 %) benchmark(s) to run. Estimated finish 2026-09-26 13:49 (0h 0m from now) **
// **************************
// Benchmark: CodecSuite.Run: campaign(EvaluateOverhead=False, Clock=Armonik.Ffi.Bdn.CpuClock, Toolchain=InProcessEmitToolchain, IterationCount=1, IterationTime=2ms, LaunchCount=1, RunStrategy=Throughput, WarmupCount=1) [Case=core-(...)known [46]]
// *** Execute ***
// Launch: 1 / 1

// Benchmark Process Environment Information:
// BenchmarkDotNet v0.15.8
// Runtime=.NET 8.0.31 (8.0.31, 8.0.3126.42015), X64 RyuJIT x86-64-v4
// GC=Concurrent Workstation
// HardwareIntrinsics=AVX512 IFMA+VBMI,AVX512 F+BW+CD+DQ+VL,AVX2+BMI1+BMI2+F16C+FMA+LZCNT+MOVBE,AVX,SSE3+SSSE3+SSE4.1+SSE4.2+POPCNT,X86Base+SSE+SSE2,AES+PCLMUL,AvxVnni,SERIALIZE VectorSize=256
// Job: Job-CKBLHY(EvaluateOverhead=False, Clock=Armonik.Ffi.Bdn.CpuClock, Toolchain=InProcessEmitToolchain, IterationCount=1, IterationTime=2ms, LaunchCount=1, RunStrategy=Throughput, WarmupCount=1)

OverheadJitting  1: 1 op, 478362.00 ns, 478.3620 us/op
WorkloadJitting  1: 1 op, 1508585.00 ns, 1.5086 ms/op

OverheadJitting  2: 1 op, 4198.00 ns, 4.1980 us/op
WorkloadJitting  2: 1 op, 604786.00 ns, 604.7860 us/op

WorkloadPilot    1: 4 op, 1961590.00 ns, 490.3975 us/op

WorkloadWarmup   1: 4 op, 1765221.00 ns, 441.3053 us/op

WorkloadActual   1: 4 op, 2305792.00 ns, 576.4480 us/op

WorkloadResult   1: 4 op, 2305792.00 ns, 576.4480 us/op


Mean = 576.448 us, StdErr = 0.000 us (0.00%), N = 1, StdDev = 0.000 us
Min = 576.448 us, Q1 = 576.448 us, Median = 576.448 us, Q3 = 576.448 us, Max = 576.448 us
IQR = 0.000 us, LowerFence = 576.448 us, UpperFence = 576.448 us
ConfidenceInterval = [NaN us; NaN us] (CI 99.9%), Margin = NaN us (NaN% of Mean)
Skewness = NaN, Kurtosis = NaN, MValue = 2

// ** Remained 45 (28.5 %) benchmark(s) to run. Estimated finish 2026-09-26 13:49 (0h 0m from now) **
// **************************
// Benchmark: CodecSuite.Run: campaign(EvaluateOverhead=False, Clock=Armonik.Ffi.Bdn.CpuClock, Toolchain=InProcessEmitToolchain, IterationCount=1, IterationTime=2ms, LaunchCount=1, RunStrategy=Throughput, WarmupCount=1) [Case=core-(...)known [37]]
// *** Execute ***
// Launch: 1 / 1

// Benchmark Process Environment Information:
// BenchmarkDotNet v0.15.8
// Runtime=.NET 8.0.31 (8.0.31, 8.0.3126.42015), X64 RyuJIT x86-64-v4
// GC=Concurrent Workstation
// HardwareIntrinsics=AVX512 IFMA+VBMI,AVX512 F+BW+CD+DQ+VL,AVX2+BMI1+BMI2+F16C+FMA+LZCNT+MOVBE,AVX,SSE3+SSSE3+SSE4.1+SSE4.2+POPCNT,X86Base+SSE+SSE2,AES+PCLMUL,AvxVnni,SERIALIZE VectorSize=256
// Job: Job-CKBLHY(EvaluateOverhead=False, Clock=Armonik.Ffi.Bdn.CpuClock, Toolchain=InProcessEmitToolchain, IterationCount=1, IterationTime=2ms, LaunchCount=1, RunStrategy=Throughput, WarmupCount=1)

OverheadJitting  1: 1 op, 511873.00 ns, 511.8730 us/op
WorkloadJitting  1: 1 op, 3652001.00 ns, 3.6520 ms/op

OverheadJitting  2: 1 op, 4158.00 ns, 4.1580 us/op
WorkloadJitting  2: 1 op, 653660.00 ns, 653.6600 us/op

WorkloadPilot    1: 4 op, 2337377.00 ns, 584.3443 us/op

WorkloadWarmup   1: 4 op, 1598947.00 ns, 399.7368 us/op

WorkloadActual   1: 4 op, 1605487.00 ns, 401.3718 us/op

WorkloadResult   1: 4 op, 1605487.00 ns, 401.3718 us/op


Mean = 401.372 us, StdErr = 0.000 us (0.00%), N = 1, StdDev = 0.000 us
Min = 401.372 us, Q1 = 401.372 us, Median = 401.372 us, Q3 = 401.372 us, Max = 401.372 us
IQR = 0.000 us, LowerFence = 401.372 us, UpperFence = 401.372 us
ConfidenceInterval = [NaN us; NaN us] (CI 99.9%), Margin = NaN us (NaN% of Mean)
Skewness = NaN, Kurtosis = NaN, MValue = 2

// ** Remained 44 (27.8 %) benchmark(s) to run. Estimated finish 2026-09-26 13:49 (0h 0m from now) **
// **************************
// Benchmark: CodecSuite.Run: campaign(EvaluateOverhead=False, Clock=Armonik.Ffi.Bdn.CpuClock, Toolchain=InProcessEmitToolchain, IterationCount=1, IterationTime=2ms, LaunchCount=1, RunStrategy=Throughput, WarmupCount=1) [Case=core-(...)known [51]]
// *** Execute ***
// Launch: 1 / 1

// Benchmark Process Environment Information:
// BenchmarkDotNet v0.15.8
// Runtime=.NET 8.0.31 (8.0.31, 8.0.3126.42015), X64 RyuJIT x86-64-v4
// GC=Concurrent Workstation
// HardwareIntrinsics=AVX512 IFMA+VBMI,AVX512 F+BW+CD+DQ+VL,AVX2+BMI1+BMI2+F16C+FMA+LZCNT+MOVBE,AVX,SSE3+SSSE3+SSE4.1+SSE4.2+POPCNT,X86Base+SSE+SSE2,AES+PCLMUL,AvxVnni,SERIALIZE VectorSize=256
// Job: Job-CKBLHY(EvaluateOverhead=False, Clock=Armonik.Ffi.Bdn.CpuClock, Toolchain=InProcessEmitToolchain, IterationCount=1, IterationTime=2ms, LaunchCount=1, RunStrategy=Throughput, WarmupCount=1)

OverheadJitting  1: 1 op, 589688.00 ns, 589.6880 us/op
WorkloadJitting  1: 1 op, 4794685.00 ns, 4.7947 ms/op

OverheadJitting  2: 1 op, 3054.00 ns, 3.0540 us/op
WorkloadJitting  2: 1 op, 1127048.00 ns, 1.1270 ms/op

WorkloadPilot    1: 4 op, 3566743.00 ns, 891.6858 us/op
WorkloadPilot    2: 2 op, 1614711.00 ns, 807.3555 us/op

WorkloadWarmup   1: 2 op, 1923348.00 ns, 961.6740 us/op

WorkloadActual   1: 2 op, 1879070.00 ns, 939.5350 us/op

WorkloadResult   1: 2 op, 1879070.00 ns, 939.5350 us/op


Mean = 939.535 us, StdErr = 0.000 us (0.00%), N = 1, StdDev = 0.000 us
Min = 939.535 us, Q1 = 939.535 us, Median = 939.535 us, Q3 = 939.535 us, Max = 939.535 us
IQR = 0.000 us, LowerFence = 939.535 us, UpperFence = 939.535 us
ConfidenceInterval = [NaN us; NaN us] (CI 99.9%), Margin = NaN us (NaN% of Mean)
Skewness = NaN, Kurtosis = NaN, MValue = 2

// ** Remained 43 (27.2 %) benchmark(s) to run. Estimated finish 2026-09-26 13:49 (0h 0m from now) **
// **************************
// Benchmark: CodecSuite.Run: campaign(EvaluateOverhead=False, Clock=Armonik.Ffi.Bdn.CpuClock, Toolchain=InProcessEmitToolchain, IterationCount=1, IterationTime=2ms, LaunchCount=1, RunStrategy=Throughput, WarmupCount=1) [Case=core-(...)known [38]]
// *** Execute ***
// Launch: 1 / 1

// Benchmark Process Environment Information:
// BenchmarkDotNet v0.15.8
// Runtime=.NET 8.0.31 (8.0.31, 8.0.3126.42015), X64 RyuJIT x86-64-v4
// GC=Concurrent Workstation
// HardwareIntrinsics=AVX512 IFMA+VBMI,AVX512 F+BW+CD+DQ+VL,AVX2+BMI1+BMI2+F16C+FMA+LZCNT+MOVBE,AVX,SSE3+SSSE3+SSE4.1+SSE4.2+POPCNT,X86Base+SSE+SSE2,AES+PCLMUL,AvxVnni,SERIALIZE VectorSize=256
// Job: Job-CKBLHY(EvaluateOverhead=False, Clock=Armonik.Ffi.Bdn.CpuClock, Toolchain=InProcessEmitToolchain, IterationCount=1, IterationTime=2ms, LaunchCount=1, RunStrategy=Throughput, WarmupCount=1)

OverheadJitting  1: 1 op, 946936.00 ns, 946.9360 us/op
WorkloadJitting  1: 1 op, 1312882.00 ns, 1.3129 ms/op

WorkloadPilot    1: 4 op, 3996674.00 ns, 999.1685 us/op
WorkloadPilot    2: 2 op, 2198081.00 ns, 1.0990 ms/op

WorkloadWarmup   1: 2 op, 2426007.00 ns, 1.2130 ms/op

WorkloadActual   1: 2 op, 2316104.00 ns, 1.1581 ms/op

WorkloadResult   1: 2 op, 2316104.00 ns, 1.1581 ms/op


Mean = 1.158 ms, StdErr = 0.000 ms (0.00%), N = 1, StdDev = 0.000 ms
Min = 1.158 ms, Q1 = 1.158 ms, Median = 1.158 ms, Q3 = 1.158 ms, Max = 1.158 ms
IQR = 0.000 ms, LowerFence = 1.158 ms, UpperFence = 1.158 ms
ConfidenceInterval = [NaN ms; NaN ms] (CI 99.9%), Margin = NaN ms (NaN% of Mean)
Skewness = NaN, Kurtosis = NaN, MValue = 2

// ** Remained 42 (26.6 %) benchmark(s) to run. Estimated finish 2026-09-26 13:49 (0h 0m from now) **
// **************************
// Benchmark: CodecSuite.Run: campaign(EvaluateOverhead=False, Clock=Armonik.Ffi.Bdn.CpuClock, Toolchain=InProcessEmitToolchain, IterationCount=1, IterationTime=2ms, LaunchCount=1, RunStrategy=Throughput, WarmupCount=1) [Case=core-(...)known [41]]
// *** Execute ***
// Launch: 1 / 1

// Benchmark Process Environment Information:
// BenchmarkDotNet v0.15.8
// Runtime=.NET 8.0.31 (8.0.31, 8.0.3126.42015), X64 RyuJIT x86-64-v4
// GC=Concurrent Workstation
// HardwareIntrinsics=AVX512 IFMA+VBMI,AVX512 F+BW+CD+DQ+VL,AVX2+BMI1+BMI2+F16C+FMA+LZCNT+MOVBE,AVX,SSE3+SSSE3+SSE4.1+SSE4.2+POPCNT,X86Base+SSE+SSE2,AES+PCLMUL,AvxVnni,SERIALIZE VectorSize=256
// Job: Job-CKBLHY(EvaluateOverhead=False, Clock=Armonik.Ffi.Bdn.CpuClock, Toolchain=InProcessEmitToolchain, IterationCount=1, IterationTime=2ms, LaunchCount=1, RunStrategy=Throughput, WarmupCount=1)

OverheadJitting  1: 1 op, 880658.00 ns, 880.6580 us/op
WorkloadJitting  1: 1 op, 572514.00 ns, 572.5140 us/op

WorkloadPilot    1: 4 op, 98339.00 ns, 24.5848 us/op
WorkloadPilot    2: 81 op, 1228238.00 ns, 15.1634 us/op
WorkloadPilot    3: 132 op, 2382910.00 ns, 18.0523 us/op
WorkloadPilot    4: 111 op, 1724538.00 ns, 15.5364 us/op
WorkloadPilot    5: 129 op, 2181511.00 ns, 16.9109 us/op
WorkloadPilot    6: 118 op, 1746152.00 ns, 14.7979 us/op
WorkloadPilot    7: 135 op, 2344192.00 ns, 17.3644 us/op

WorkloadWarmup   1: 135 op, 2050847.00 ns, 15.1915 us/op

WorkloadActual   1: 135 op, 2821063.00 ns, 20.8968 us/op

WorkloadResult   1: 135 op, 2821063.00 ns, 20.8968 us/op


Mean = 20.897 us, StdErr = 0.000 us (0.00%), N = 1, StdDev = 0.000 us
Min = 20.897 us, Q1 = 20.897 us, Median = 20.897 us, Q3 = 20.897 us, Max = 20.897 us
IQR = 0.000 us, LowerFence = 20.897 us, UpperFence = 20.897 us
ConfidenceInterval = [NaN us; NaN us] (CI 99.9%), Margin = NaN us (NaN% of Mean)
Skewness = NaN, Kurtosis = NaN, MValue = 2

// ** Remained 41 (25.9 %) benchmark(s) to run. Estimated finish 2026-09-26 13:49 (0h 0m from now) **
// **************************
// Benchmark: CodecSuite.Run: campaign(EvaluateOverhead=False, Clock=Armonik.Ffi.Bdn.CpuClock, Toolchain=InProcessEmitToolchain, IterationCount=1, IterationTime=2ms, LaunchCount=1, RunStrategy=Throughput, WarmupCount=1) [Case=core-(...)known [36]]
// *** Execute ***
// Launch: 1 / 1

// Benchmark Process Environment Information:
// BenchmarkDotNet v0.15.8
// Runtime=.NET 8.0.31 (8.0.31, 8.0.3126.42015), X64 RyuJIT x86-64-v4
// GC=Concurrent Workstation
// HardwareIntrinsics=AVX512 IFMA+VBMI,AVX512 F+BW+CD+DQ+VL,AVX2+BMI1+BMI2+F16C+FMA+LZCNT+MOVBE,AVX,SSE3+SSSE3+SSE4.1+SSE4.2+POPCNT,X86Base+SSE+SSE2,AES+PCLMUL,AvxVnni,SERIALIZE VectorSize=256
// Job: Job-CKBLHY(EvaluateOverhead=False, Clock=Armonik.Ffi.Bdn.CpuClock, Toolchain=InProcessEmitToolchain, IterationCount=1, IterationTime=2ms, LaunchCount=1, RunStrategy=Throughput, WarmupCount=1)

OverheadJitting  1: 1 op, 758872.00 ns, 758.8720 us/op
WorkloadJitting  1: 1 op, 2593214.00 ns, 2.5932 ms/op

OverheadJitting  2: 1 op, 4465.00 ns, 4.4650 us/op
WorkloadJitting  2: 1 op, 2509590.00 ns, 2.5096 ms/op

WorkloadWarmup   1: 1 op, 2366611.00 ns, 2.3666 ms/op

WorkloadActual   1: 1 op, 1599133.00 ns, 1.5991 ms/op

WorkloadResult   1: 1 op, 1599133.00 ns, 1.5991 ms/op


Mean = 1.599 ms, StdErr = 0.000 ms (0.00%), N = 1, StdDev = 0.000 ms
Min = 1.599 ms, Q1 = 1.599 ms, Median = 1.599 ms, Q3 = 1.599 ms, Max = 1.599 ms
IQR = 0.000 ms, LowerFence = 1.599 ms, UpperFence = 1.599 ms
ConfidenceInterval = [NaN ms; NaN ms] (CI 99.9%), Margin = NaN ms (NaN% of Mean)
Skewness = NaN, Kurtosis = NaN, MValue = 2

// ** Remained 40 (25.3 %) benchmark(s) to run. Estimated finish 2026-09-26 13:49 (0h 0m from now) **
// **************************
// Benchmark: CodecSuite.Run: campaign(EvaluateOverhead=False, Clock=Armonik.Ffi.Bdn.CpuClock, Toolchain=InProcessEmitToolchain, IterationCount=1, IterationTime=2ms, LaunchCount=1, RunStrategy=Throughput, WarmupCount=1) [Case=core-(...)known [37]]
// *** Execute ***
// Launch: 1 / 1

// Benchmark Process Environment Information:
// BenchmarkDotNet v0.15.8
// Runtime=.NET 8.0.31 (8.0.31, 8.0.3126.42015), X64 RyuJIT x86-64-v4
// GC=Concurrent Workstation
// HardwareIntrinsics=AVX512 IFMA+VBMI,AVX512 F+BW+CD+DQ+VL,AVX2+BMI1+BMI2+F16C+FMA+LZCNT+MOVBE,AVX,SSE3+SSSE3+SSE4.1+SSE4.2+POPCNT,X86Base+SSE+SSE2,AES+PCLMUL,AvxVnni,SERIALIZE VectorSize=256
// Job: Job-CKBLHY(EvaluateOverhead=False, Clock=Armonik.Ffi.Bdn.CpuClock, Toolchain=InProcessEmitToolchain, IterationCount=1, IterationTime=2ms, LaunchCount=1, RunStrategy=Throughput, WarmupCount=1)

OverheadJitting  1: 1 op, 587200.00 ns, 587.2000 us/op
WorkloadJitting  1: 1 op, 2480622.00 ns, 2.4806 ms/op

OverheadJitting  2: 1 op, 4146.00 ns, 4.1460 us/op
WorkloadJitting  2: 1 op, 1390980.00 ns, 1.3910 ms/op

WorkloadWarmup   1: 1 op, 1411843.00 ns, 1.4118 ms/op

WorkloadActual   1: 1 op, 1464555.00 ns, 1.4646 ms/op

WorkloadResult   1: 1 op, 1464555.00 ns, 1.4646 ms/op


Mean = 1.465 ms, StdErr = 0.000 ms (0.00%), N = 1, StdDev = 0.000 ms
Min = 1.465 ms, Q1 = 1.465 ms, Median = 1.465 ms, Q3 = 1.465 ms, Max = 1.465 ms
IQR = 0.000 ms, LowerFence = 1.465 ms, UpperFence = 1.465 ms
ConfidenceInterval = [NaN ms; NaN ms] (CI 99.9%), Margin = NaN ms (NaN% of Mean)
Skewness = NaN, Kurtosis = NaN, MValue = 2

// ** Remained 39 (24.7 %) benchmark(s) to run. Estimated finish 2026-09-26 13:49 (0h 0m from now) **
// **************************
// Benchmark: CodecSuite.Run: campaign(EvaluateOverhead=False, Clock=Armonik.Ffi.Bdn.CpuClock, Toolchain=InProcessEmitToolchain, IterationCount=1, IterationTime=2ms, LaunchCount=1, RunStrategy=Throughput, WarmupCount=1) [Case=core-(...)known [36]]
// *** Execute ***
// Launch: 1 / 1

// Benchmark Process Environment Information:
// BenchmarkDotNet v0.15.8
// Runtime=.NET 8.0.31 (8.0.31, 8.0.3126.42015), X64 RyuJIT x86-64-v4
// GC=Concurrent Workstation
// HardwareIntrinsics=AVX512 IFMA+VBMI,AVX512 F+BW+CD+DQ+VL,AVX2+BMI1+BMI2+F16C+FMA+LZCNT+MOVBE,AVX,SSE3+SSSE3+SSE4.1+SSE4.2+POPCNT,X86Base+SSE+SSE2,AES+PCLMUL,AvxVnni,SERIALIZE VectorSize=256
// Job: Job-CKBLHY(EvaluateOverhead=False, Clock=Armonik.Ffi.Bdn.CpuClock, Toolchain=InProcessEmitToolchain, IterationCount=1, IterationTime=2ms, LaunchCount=1, RunStrategy=Throughput, WarmupCount=1)

OverheadJitting  1: 1 op, 895883.00 ns, 895.8830 us/op
WorkloadJitting  1: 1 op, 5881436.00 ns, 5.8814 ms/op

OverheadJitting  2: 1 op, 6205.00 ns, 6.2050 us/op
WorkloadJitting  2: 1 op, 2706883.00 ns, 2.7069 ms/op

WorkloadWarmup   1: 1 op, 2689769.00 ns, 2.6898 ms/op

WorkloadActual   1: 1 op, 1754671.00 ns, 1.7547 ms/op

WorkloadResult   1: 1 op, 1754671.00 ns, 1.7547 ms/op


Mean = 1.755 ms, StdErr = 0.000 ms (0.00%), N = 1, StdDev = 0.000 ms
Min = 1.755 ms, Q1 = 1.755 ms, Median = 1.755 ms, Q3 = 1.755 ms, Max = 1.755 ms
IQR = 0.000 ms, LowerFence = 1.755 ms, UpperFence = 1.755 ms
ConfidenceInterval = [NaN ms; NaN ms] (CI 99.9%), Margin = NaN ms (NaN% of Mean)
Skewness = NaN, Kurtosis = NaN, MValue = 2

// ** Remained 38 (24.1 %) benchmark(s) to run. Estimated finish 2026-09-26 13:49 (0h 0m from now) **
// **************************
// Benchmark: CodecSuite.Run: campaign(EvaluateOverhead=False, Clock=Armonik.Ffi.Bdn.CpuClock, Toolchain=InProcessEmitToolchain, IterationCount=1, IterationTime=2ms, LaunchCount=1, RunStrategy=Throughput, WarmupCount=1) [Case=core-(...)known [42]]
// *** Execute ***
// Launch: 1 / 1

// Benchmark Process Environment Information:
// BenchmarkDotNet v0.15.8
// Runtime=.NET 8.0.31 (8.0.31, 8.0.3126.42015), X64 RyuJIT x86-64-v4
// GC=Concurrent Workstation
// HardwareIntrinsics=AVX512 IFMA+VBMI,AVX512 F+BW+CD+DQ+VL,AVX2+BMI1+BMI2+F16C+FMA+LZCNT+MOVBE,AVX,SSE3+SSSE3+SSE4.1+SSE4.2+POPCNT,X86Base+SSE+SSE2,AES+PCLMUL,AvxVnni,SERIALIZE VectorSize=256
// Job: Job-CKBLHY(EvaluateOverhead=False, Clock=Armonik.Ffi.Bdn.CpuClock, Toolchain=InProcessEmitToolchain, IterationCount=1, IterationTime=2ms, LaunchCount=1, RunStrategy=Throughput, WarmupCount=1)

OverheadJitting  1: 1 op, 391212.00 ns, 391.2120 us/op
WorkloadJitting  1: 1 op, 476728.00 ns, 476.7280 us/op

WorkloadPilot    1: 4 op, 133475.00 ns, 33.3688 us/op
WorkloadPilot    2: 60 op, 2400854.00 ns, 40.0142 us/op
WorkloadPilot    3: 50 op, 500101.00 ns, 10.0020 us/op
WorkloadPilot    4: 200 op, 4405846.00 ns, 22.0292 us/op
WorkloadPilot    5: 91 op, 809124.00 ns, 8.8915 us/op
WorkloadPilot    6: 225 op, 5062610.00 ns, 22.5005 us/op

WorkloadWarmup   1: 225 op, 3583493.00 ns, 15.9266 us/op

WorkloadActual   1: 225 op, 2096028.00 ns, 9.3157 us/op

WorkloadResult   1: 225 op, 2096028.00 ns, 9.3157 us/op


Mean = 9.316 us, StdErr = 0.000 us (0.00%), N = 1, StdDev = 0.000 us
Min = 9.316 us, Q1 = 9.316 us, Median = 9.316 us, Q3 = 9.316 us, Max = 9.316 us
IQR = 0.000 us, LowerFence = 9.316 us, UpperFence = 9.316 us
ConfidenceInterval = [NaN us; NaN us] (CI 99.9%), Margin = NaN us (NaN% of Mean)
Skewness = NaN, Kurtosis = NaN, MValue = 2

// ** Remained 37 (23.4 %) benchmark(s) to run. Estimated finish 2026-09-26 13:49 (0h 0m from now) **
// **************************
// Benchmark: CodecSuite.Run: campaign(EvaluateOverhead=False, Clock=Armonik.Ffi.Bdn.CpuClock, Toolchain=InProcessEmitToolchain, IterationCount=1, IterationTime=2ms, LaunchCount=1, RunStrategy=Throughput, WarmupCount=1) [Case=core-(...)known [47]]
// *** Execute ***
// Launch: 1 / 1

// Benchmark Process Environment Information:
// BenchmarkDotNet v0.15.8
// Runtime=.NET 8.0.31 (8.0.31, 8.0.3126.42015), X64 RyuJIT x86-64-v4
// GC=Concurrent Workstation
// HardwareIntrinsics=AVX512 IFMA+VBMI,AVX512 F+BW+CD+DQ+VL,AVX2+BMI1+BMI2+F16C+FMA+LZCNT+MOVBE,AVX,SSE3+SSSE3+SSE4.1+SSE4.2+POPCNT,X86Base+SSE+SSE2,AES+PCLMUL,AvxVnni,SERIALIZE VectorSize=256
// Job: Job-CKBLHY(EvaluateOverhead=False, Clock=Armonik.Ffi.Bdn.CpuClock, Toolchain=InProcessEmitToolchain, IterationCount=1, IterationTime=2ms, LaunchCount=1, RunStrategy=Throughput, WarmupCount=1)

OverheadJitting  1: 1 op, 858501.00 ns, 858.5010 us/op
WorkloadJitting  1: 1 op, 856340.00 ns, 856.3400 us/op

WorkloadPilot    1: 4 op, 33987.00 ns, 8.4968 us/op
WorkloadPilot    2: 235 op, 60542.00 ns, 257.6255 ns/op
WorkloadPilot    3: 7763 op, 1111735.00 ns, 143.2095 ns/op
WorkloadPilot    4: 13966 op, 1892934.00 ns, 135.5387 ns/op
WorkloadPilot    5: 14756 op, 2061162.00 ns, 139.6830 ns/op
WorkloadPilot    6: 14318 op, 2149092.00 ns, 150.0972 ns/op
WorkloadPilot    7: 13325 op, 2618756.00 ns, 196.5295 ns/op

WorkloadWarmup   1: 13325 op, 1791024.00 ns, 134.4108 ns/op

WorkloadActual   1: 13325 op, 1888377.00 ns, 141.7168 ns/op

WorkloadResult   1: 13325 op, 1888377.00 ns, 141.7168 ns/op


Mean = 141.717 ns, StdErr = 0.000 ns (0.00%), N = 1, StdDev = 0.000 ns
Min = 141.717 ns, Q1 = 141.717 ns, Median = 141.717 ns, Q3 = 141.717 ns, Max = 141.717 ns
IQR = 0.000 ns, LowerFence = 141.717 ns, UpperFence = 141.717 ns
ConfidenceInterval = [NaN ns; NaN ns] (CI 99.9%), Margin = NaN ns (NaN% of Mean)
Skewness = NaN, Kurtosis = NaN, MValue = 2

// ** Remained 36 (22.8 %) benchmark(s) to run. Estimated finish 2026-09-26 13:49 (0h 0m from now) **
// **************************
// Benchmark: CodecSuite.Run: campaign(EvaluateOverhead=False, Clock=Armonik.Ffi.Bdn.CpuClock, Toolchain=InProcessEmitToolchain, IterationCount=1, IterationTime=2ms, LaunchCount=1, RunStrategy=Throughput, WarmupCount=1) [Case=core-(...)known [44]]
// *** Execute ***
// Launch: 1 / 1

// Benchmark Process Environment Information:
// BenchmarkDotNet v0.15.8
// Runtime=.NET 8.0.31 (8.0.31, 8.0.3126.42015), X64 RyuJIT x86-64-v4
// GC=Concurrent Workstation
// HardwareIntrinsics=AVX512 IFMA+VBMI,AVX512 F+BW+CD+DQ+VL,AVX2+BMI1+BMI2+F16C+FMA+LZCNT+MOVBE,AVX,SSE3+SSSE3+SSE4.1+SSE4.2+POPCNT,X86Base+SSE+SSE2,AES+PCLMUL,AvxVnni,SERIALIZE VectorSize=256
// Job: Job-CKBLHY(EvaluateOverhead=False, Clock=Armonik.Ffi.Bdn.CpuClock, Toolchain=InProcessEmitToolchain, IterationCount=1, IterationTime=2ms, LaunchCount=1, RunStrategy=Throughput, WarmupCount=1)

OverheadJitting  1: 1 op, 1708360.00 ns, 1.7084 ms/op
WorkloadJitting  1: 1 op, 457904.00 ns, 457.9040 us/op

WorkloadPilot    1: 4 op, 66987.00 ns, 16.7468 us/op
WorkloadPilot    2: 119 op, 690786.00 ns, 5.8049 us/op
WorkloadPilot    3: 345 op, 1613409.00 ns, 4.6765 us/op
WorkloadPilot    4: 428 op, 1675890.00 ns, 3.9156 us/op
WorkloadPilot    5: 511 op, 1721239.00 ns, 3.3684 us/op
WorkloadPilot    6: 594 op, 3048423.00 ns, 5.1320 us/op
WorkloadPilot    7: 390 op, 1210822.00 ns, 3.1047 us/op
WorkloadPilot    8: 644 op, 2255770.00 ns, 3.5027 us/op
WorkloadPilot    9: 571 op, 1796936.00 ns, 3.1470 us/op
WorkloadPilot   10: 636 op, 3853088.00 ns, 6.0583 us/op

WorkloadWarmup   1: 636 op, 3516874.00 ns, 5.5297 us/op

WorkloadActual   1: 636 op, 3489422.00 ns, 5.4865 us/op

WorkloadResult   1: 636 op, 3489422.00 ns, 5.4865 us/op


Mean = 5.487 us, StdErr = 0.000 us (0.00%), N = 1, StdDev = 0.000 us
Min = 5.487 us, Q1 = 5.487 us, Median = 5.487 us, Q3 = 5.487 us, Max = 5.487 us
IQR = 0.000 us, LowerFence = 5.487 us, UpperFence = 5.487 us
ConfidenceInterval = [NaN us; NaN us] (CI 99.9%), Margin = NaN us (NaN% of Mean)
Skewness = NaN, Kurtosis = NaN, MValue = 2

// ** Remained 35 (22.2 %) benchmark(s) to run. Estimated finish 2026-09-26 13:49 (0h 0m from now) **
// **************************
// Benchmark: CodecSuite.Run: campaign(EvaluateOverhead=False, Clock=Armonik.Ffi.Bdn.CpuClock, Toolchain=InProcessEmitToolchain, IterationCount=1, IterationTime=2ms, LaunchCount=1, RunStrategy=Throughput, WarmupCount=1) [Case=core-(...)known [77]]
// *** Execute ***
// Launch: 1 / 1

// Benchmark Process Environment Information:
// BenchmarkDotNet v0.15.8
// Runtime=.NET 8.0.31 (8.0.31, 8.0.3126.42015), X64 RyuJIT x86-64-v4
// GC=Concurrent Workstation
// HardwareIntrinsics=AVX512 IFMA+VBMI,AVX512 F+BW+CD+DQ+VL,AVX2+BMI1+BMI2+F16C+FMA+LZCNT+MOVBE,AVX,SSE3+SSSE3+SSE4.1+SSE4.2+POPCNT,X86Base+SSE+SSE2,AES+PCLMUL,AvxVnni,SERIALIZE VectorSize=256
// Job: Job-CKBLHY(EvaluateOverhead=False, Clock=Armonik.Ffi.Bdn.CpuClock, Toolchain=InProcessEmitToolchain, IterationCount=1, IterationTime=2ms, LaunchCount=1, RunStrategy=Throughput, WarmupCount=1)

OverheadJitting  1: 1 op, 546112.00 ns, 546.1120 us/op
WorkloadJitting  1: 1 op, 589825.00 ns, 589.8250 us/op

WorkloadPilot    1: 4 op, 59659.00 ns, 14.9148 us/op
WorkloadPilot    2: 134 op, 384817.00 ns, 2.8718 us/op
WorkloadPilot    3: 696 op, 1789531.00 ns, 2.5712 us/op
WorkloadPilot    4: 778 op, 1523205.00 ns, 1.9578 us/op
WorkloadPilot    5: 1022 op, 2093417.00 ns, 2.0484 us/op
WorkloadPilot    6: 976 op, 2355329.00 ns, 2.4132 us/op
WorkloadPilot    7: 829 op, 1542009.00 ns, 1.8601 us/op
WorkloadPilot    8: 1075 op, 1263189.00 ns, 1.1751 us/op
WorkloadPilot    9: 1702 op, 1997464.00 ns, 1.1736 us/op
WorkloadPilot   10: 1704 op, 3003882.00 ns, 1.7628 us/op

WorkloadWarmup   1: 1704 op, 1653802.00 ns, 970.5411 ns/op

WorkloadActual   1: 1704 op, 1553716.00 ns, 911.8052 ns/op

WorkloadResult   1: 1704 op, 1553716.00 ns, 911.8052 ns/op


Mean = 911.805 ns, StdErr = 0.000 ns (0.00%), N = 1, StdDev = 0.000 ns
Min = 911.805 ns, Q1 = 911.805 ns, Median = 911.805 ns, Q3 = 911.805 ns, Max = 911.805 ns
IQR = 0.000 ns, LowerFence = 911.805 ns, UpperFence = 911.805 ns
ConfidenceInterval = [NaN ns; NaN ns] (CI 99.9%), Margin = NaN ns (NaN% of Mean)
Skewness = NaN, Kurtosis = NaN, MValue = 2

// ** Remained 34 (21.5 %) benchmark(s) to run. Estimated finish 2026-09-26 13:49 (0h 0m from now) **
// **************************
// Benchmark: CodecSuite.Run: campaign(EvaluateOverhead=False, Clock=Armonik.Ffi.Bdn.CpuClock, Toolchain=InProcessEmitToolchain, IterationCount=1, IterationTime=2ms, LaunchCount=1, RunStrategy=Throughput, WarmupCount=1) [Case=core-(...)known [47]]
// *** Execute ***
// Launch: 1 / 1

// Benchmark Process Environment Information:
// BenchmarkDotNet v0.15.8
// Runtime=.NET 8.0.31 (8.0.31, 8.0.3126.42015), X64 RyuJIT x86-64-v4
// GC=Concurrent Workstation
// HardwareIntrinsics=AVX512 IFMA+VBMI,AVX512 F+BW+CD+DQ+VL,AVX2+BMI1+BMI2+F16C+FMA+LZCNT+MOVBE,AVX,SSE3+SSSE3+SSE4.1+SSE4.2+POPCNT,X86Base+SSE+SSE2,AES+PCLMUL,AvxVnni,SERIALIZE VectorSize=256
// Job: Job-CKBLHY(EvaluateOverhead=False, Clock=Armonik.Ffi.Bdn.CpuClock, Toolchain=InProcessEmitToolchain, IterationCount=1, IterationTime=2ms, LaunchCount=1, RunStrategy=Throughput, WarmupCount=1)

OverheadJitting  1: 1 op, 471693.00 ns, 471.6930 us/op
WorkloadJitting  1: 1 op, 420120.00 ns, 420.1200 us/op

WorkloadPilot    1: 4 op, 42231.00 ns, 10.5578 us/op
WorkloadPilot    2: 189 op, 319274.00 ns, 1.6893 us/op
WorkloadPilot    3: 1184 op, 1840392.00 ns, 1.5544 us/op
WorkloadPilot    4: 1287 op, 1979825.00 ns, 1.5383 us/op
WorkloadPilot    5: 1300 op, 1980359.00 ns, 1.5234 us/op
WorkloadPilot    6: 1313 op, 2052428.00 ns, 1.5632 us/op
WorkloadPilot    7: 1279 op, 1965476.00 ns, 1.5367 us/op
WorkloadPilot    8: 1301 op, 1952809.00 ns, 1.5010 us/op
WorkloadPilot    9: 1332 op, 2052072.00 ns, 1.5406 us/op
WorkloadPilot   10: 1298 op, 2068969.00 ns, 1.5940 us/op

WorkloadWarmup   1: 1298 op, 2044645.00 ns, 1.5752 us/op

WorkloadActual   1: 1298 op, 2030292.00 ns, 1.5642 us/op

WorkloadResult   1: 1298 op, 2030292.00 ns, 1.5642 us/op


Mean = 1.564 us, StdErr = 0.000 us (0.00%), N = 1, StdDev = 0.000 us
Min = 1.564 us, Q1 = 1.564 us, Median = 1.564 us, Q3 = 1.564 us, Max = 1.564 us
IQR = 0.000 us, LowerFence = 1.564 us, UpperFence = 1.564 us
ConfidenceInterval = [NaN us; NaN us] (CI 99.9%), Margin = NaN us (NaN% of Mean)
Skewness = NaN, Kurtosis = NaN, MValue = 2

// ** Remained 33 (20.9 %) benchmark(s) to run. Estimated finish 2026-09-26 13:49 (0h 0m from now) **
// **************************
// Benchmark: CodecSuite.Run: campaign(EvaluateOverhead=False, Clock=Armonik.Ffi.Bdn.CpuClock, Toolchain=InProcessEmitToolchain, IterationCount=1, IterationTime=2ms, LaunchCount=1, RunStrategy=Throughput, WarmupCount=1) [Case=core-(...)known [81]]
// *** Execute ***
// Launch: 1 / 1

// Benchmark Process Environment Information:
// BenchmarkDotNet v0.15.8
// Runtime=.NET 8.0.31 (8.0.31, 8.0.3126.42015), X64 RyuJIT x86-64-v4
// GC=Concurrent Workstation
// HardwareIntrinsics=AVX512 IFMA+VBMI,AVX512 F+BW+CD+DQ+VL,AVX2+BMI1+BMI2+F16C+FMA+LZCNT+MOVBE,AVX,SSE3+SSSE3+SSE4.1+SSE4.2+POPCNT,X86Base+SSE+SSE2,AES+PCLMUL,AvxVnni,SERIALIZE VectorSize=256
// Job: Job-CKBLHY(EvaluateOverhead=False, Clock=Armonik.Ffi.Bdn.CpuClock, Toolchain=InProcessEmitToolchain, IterationCount=1, IterationTime=2ms, LaunchCount=1, RunStrategy=Throughput, WarmupCount=1)

OverheadJitting  1: 1 op, 510971.00 ns, 510.9710 us/op
WorkloadJitting  1: 1 op, 363814.00 ns, 363.8140 us/op

WorkloadPilot    1: 4 op, 36450.00 ns, 9.1125 us/op
WorkloadPilot    2: 219 op, 584482.00 ns, 2.6689 us/op
WorkloadPilot    3: 749 op, 2359690.00 ns, 3.1505 us/op
WorkloadPilot    4: 635 op, 1009954.00 ns, 1.5905 us/op
WorkloadPilot    5: 1257 op, 11998920.00 ns, 9.5457 us/op
WorkloadPilot    6: 210 op, 515918.00 ns, 2.4568 us/op
WorkloadPilot    7: 814 op, 2249047.00 ns, 2.7630 us/op

WorkloadWarmup   1: 814 op, 1943091.00 ns, 2.3871 us/op

WorkloadActual   1: 814 op, 1961712.00 ns, 2.4100 us/op

WorkloadResult   1: 814 op, 1961712.00 ns, 2.4100 us/op


Mean = 2.410 us, StdErr = 0.000 us (0.00%), N = 1, StdDev = 0.000 us
Min = 2.410 us, Q1 = 2.410 us, Median = 2.410 us, Q3 = 2.410 us, Max = 2.410 us
IQR = 0.000 us, LowerFence = 2.410 us, UpperFence = 2.410 us
ConfidenceInterval = [NaN us; NaN us] (CI 99.9%), Margin = NaN us (NaN% of Mean)
Skewness = NaN, Kurtosis = NaN, MValue = 2

// ** Remained 32 (20.3 %) benchmark(s) to run. Estimated finish 2026-09-26 13:49 (0h 0m from now) **
// **************************
// Benchmark: CodecSuite.Run: campaign(EvaluateOverhead=False, Clock=Armonik.Ffi.Bdn.CpuClock, Toolchain=InProcessEmitToolchain, IterationCount=1, IterationTime=2ms, LaunchCount=1, RunStrategy=Throughput, WarmupCount=1) [Case=core-(...)known [42]]
// *** Execute ***
// Launch: 1 / 1

// Benchmark Process Environment Information:
// BenchmarkDotNet v0.15.8
// Runtime=.NET 8.0.31 (8.0.31, 8.0.3126.42015), X64 RyuJIT x86-64-v4
// GC=Concurrent Workstation
// HardwareIntrinsics=AVX512 IFMA+VBMI,AVX512 F+BW+CD+DQ+VL,AVX2+BMI1+BMI2+F16C+FMA+LZCNT+MOVBE,AVX,SSE3+SSSE3+SSE4.1+SSE4.2+POPCNT,X86Base+SSE+SSE2,AES+PCLMUL,AvxVnni,SERIALIZE VectorSize=256
// Job: Job-CKBLHY(EvaluateOverhead=False, Clock=Armonik.Ffi.Bdn.CpuClock, Toolchain=InProcessEmitToolchain, IterationCount=1, IterationTime=2ms, LaunchCount=1, RunStrategy=Throughput, WarmupCount=1)

OverheadJitting  1: 1 op, 397258.00 ns, 397.2580 us/op
WorkloadJitting  1: 1 op, 367080.00 ns, 367.0800 us/op

WorkloadPilot    1: 4 op, 134212.00 ns, 33.5530 us/op
WorkloadPilot    2: 60 op, 2469626.00 ns, 41.1604 us/op
WorkloadPilot    3: 49 op, 1212698.00 ns, 24.7489 us/op
WorkloadPilot    4: 81 op, 2671658.00 ns, 32.9834 us/op
WorkloadPilot    5: 61 op, 1641770.00 ns, 26.9143 us/op
WorkloadPilot    6: 74 op, 5594973.00 ns, 75.6077 us/op

WorkloadWarmup   1: 74 op, 1842691.00 ns, 24.9012 us/op

WorkloadActual   1: 74 op, 1736426.00 ns, 23.4652 us/op

WorkloadResult   1: 74 op, 1736426.00 ns, 23.4652 us/op


Mean = 23.465 us, StdErr = 0.000 us (0.00%), N = 1, StdDev = 0.000 us
Min = 23.465 us, Q1 = 23.465 us, Median = 23.465 us, Q3 = 23.465 us, Max = 23.465 us
IQR = 0.000 us, LowerFence = 23.465 us, UpperFence = 23.465 us
ConfidenceInterval = [NaN us; NaN us] (CI 99.9%), Margin = NaN us (NaN% of Mean)
Skewness = NaN, Kurtosis = NaN, MValue = 2

// ** Remained 31 (19.6 %) benchmark(s) to run. Estimated finish 2026-09-26 13:49 (0h 0m from now) **
// **************************
// Benchmark: CodecSuite.Run: campaign(EvaluateOverhead=False, Clock=Armonik.Ffi.Bdn.CpuClock, Toolchain=InProcessEmitToolchain, IterationCount=1, IterationTime=2ms, LaunchCount=1, RunStrategy=Throughput, WarmupCount=1) [Case=core-(...)known [48]]
// *** Execute ***
// Launch: 1 / 1

// Benchmark Process Environment Information:
// BenchmarkDotNet v0.15.8
// Runtime=.NET 8.0.31 (8.0.31, 8.0.3126.42015), X64 RyuJIT x86-64-v4
// GC=Concurrent Workstation
// HardwareIntrinsics=AVX512 IFMA+VBMI,AVX512 F+BW+CD+DQ+VL,AVX2+BMI1+BMI2+F16C+FMA+LZCNT+MOVBE,AVX,SSE3+SSSE3+SSE4.1+SSE4.2+POPCNT,X86Base+SSE+SSE2,AES+PCLMUL,AvxVnni,SERIALIZE VectorSize=256
// Job: Job-CKBLHY(EvaluateOverhead=False, Clock=Armonik.Ffi.Bdn.CpuClock, Toolchain=InProcessEmitToolchain, IterationCount=1, IterationTime=2ms, LaunchCount=1, RunStrategy=Throughput, WarmupCount=1)

OverheadJitting  1: 1 op, 434319.00 ns, 434.3190 us/op
WorkloadJitting  1: 1 op, 366282.00 ns, 366.2820 us/op

WorkloadPilot    1: 4 op, 64630.00 ns, 16.1575 us/op
WorkloadPilot    2: 124 op, 83484.00 ns, 673.2581 ns/op
WorkloadPilot    3: 2971 op, 2818163.00 ns, 948.5571 ns/op
WorkloadPilot    4: 2108 op, 1150485.00 ns, 545.7709 ns/op
WorkloadPilot    5: 3665 op, 2211750.00 ns, 603.4789 ns/op
WorkloadPilot    6: 3314 op, 3028027.00 ns, 913.7076 ns/op

WorkloadWarmup   1: 3314 op, 1712959.00 ns, 516.8856 ns/op

WorkloadActual   1: 3314 op, 1770376.00 ns, 534.2112 ns/op

WorkloadResult   1: 3314 op, 1770376.00 ns, 534.2112 ns/op


Mean = 534.211 ns, StdErr = 0.000 ns (0.00%), N = 1, StdDev = 0.000 ns
Min = 534.211 ns, Q1 = 534.211 ns, Median = 534.211 ns, Q3 = 534.211 ns, Max = 534.211 ns
IQR = 0.000 ns, LowerFence = 534.211 ns, UpperFence = 534.211 ns
ConfidenceInterval = [NaN ns; NaN ns] (CI 99.9%), Margin = NaN ns (NaN% of Mean)
Skewness = NaN, Kurtosis = NaN, MValue = 2

// ** Remained 30 (19.0 %) benchmark(s) to run. Estimated finish 2026-09-26 13:49 (0h 0m from now) **
// **************************
// Benchmark: CodecSuite.Run: campaign(EvaluateOverhead=False, Clock=Armonik.Ffi.Bdn.CpuClock, Toolchain=InProcessEmitToolchain, IterationCount=1, IterationTime=2ms, LaunchCount=1, RunStrategy=Throughput, WarmupCount=1) [Case=core-(...)known [37]]
// *** Execute ***
// Launch: 1 / 1

// Benchmark Process Environment Information:
// BenchmarkDotNet v0.15.8
// Runtime=.NET 8.0.31 (8.0.31, 8.0.3126.42015), X64 RyuJIT x86-64-v4
// GC=Concurrent Workstation
// HardwareIntrinsics=AVX512 IFMA+VBMI,AVX512 F+BW+CD+DQ+VL,AVX2+BMI1+BMI2+F16C+FMA+LZCNT+MOVBE,AVX,SSE3+SSSE3+SSE4.1+SSE4.2+POPCNT,X86Base+SSE+SSE2,AES+PCLMUL,AvxVnni,SERIALIZE VectorSize=256
// Job: Job-CKBLHY(EvaluateOverhead=False, Clock=Armonik.Ffi.Bdn.CpuClock, Toolchain=InProcessEmitToolchain, IterationCount=1, IterationTime=2ms, LaunchCount=1, RunStrategy=Throughput, WarmupCount=1)

OverheadJitting  1: 1 op, 410250.00 ns, 410.2500 us/op
WorkloadJitting  1: 1 op, 376170.00 ns, 376.1700 us/op

WorkloadPilot    1: 4 op, 119585.00 ns, 29.8963 us/op
WorkloadPilot    2: 67 op, 2707797.00 ns, 40.4149 us/op
WorkloadPilot    3: 49 op, 1108306.00 ns, 22.6185 us/op
WorkloadPilot    4: 88 op, 2351224.00 ns, 26.7185 us/op
WorkloadPilot    5: 75 op, 1584001.00 ns, 21.1200 us/op
WorkloadPilot    6: 95 op, 3775366.00 ns, 39.7407 us/op

WorkloadWarmup   1: 95 op, 2200474.00 ns, 23.1629 us/op

WorkloadActual   1: 95 op, 2127398.00 ns, 22.3937 us/op

WorkloadResult   1: 95 op, 2127398.00 ns, 22.3937 us/op


Mean = 22.394 us, StdErr = 0.000 us (0.00%), N = 1, StdDev = 0.000 us
Min = 22.394 us, Q1 = 22.394 us, Median = 22.394 us, Q3 = 22.394 us, Max = 22.394 us
IQR = 0.000 us, LowerFence = 22.394 us, UpperFence = 22.394 us
ConfidenceInterval = [NaN us; NaN us] (CI 99.9%), Margin = NaN us (NaN% of Mean)
Skewness = NaN, Kurtosis = NaN, MValue = 2

// ** Remained 29 (18.4 %) benchmark(s) to run. Estimated finish 2026-09-26 13:49 (0h 0m from now) **
// **************************
// Benchmark: CodecSuite.Run: campaign(EvaluateOverhead=False, Clock=Armonik.Ffi.Bdn.CpuClock, Toolchain=InProcessEmitToolchain, IterationCount=1, IterationTime=2ms, LaunchCount=1, RunStrategy=Throughput, WarmupCount=1) [Case=core-(...)known [38]]
// *** Execute ***
// Launch: 1 / 1

// Benchmark Process Environment Information:
// BenchmarkDotNet v0.15.8
// Runtime=.NET 8.0.31 (8.0.31, 8.0.3126.42015), X64 RyuJIT x86-64-v4
// GC=Concurrent Workstation
// HardwareIntrinsics=AVX512 IFMA+VBMI,AVX512 F+BW+CD+DQ+VL,AVX2+BMI1+BMI2+F16C+FMA+LZCNT+MOVBE,AVX,SSE3+SSSE3+SSE4.1+SSE4.2+POPCNT,X86Base+SSE+SSE2,AES+PCLMUL,AvxVnni,SERIALIZE VectorSize=256
// Job: Job-CKBLHY(EvaluateOverhead=False, Clock=Armonik.Ffi.Bdn.CpuClock, Toolchain=InProcessEmitToolchain, IterationCount=1, IterationTime=2ms, LaunchCount=1, RunStrategy=Throughput, WarmupCount=1)

OverheadJitting  1: 1 op, 620570.00 ns, 620.5700 us/op
WorkloadJitting  1: 1 op, 2987474.00 ns, 2.9875 ms/op

OverheadJitting  2: 1 op, 4375.00 ns, 4.3750 us/op
WorkloadJitting  2: 1 op, 1524110.00 ns, 1.5241 ms/op

WorkloadWarmup   1: 1 op, 1469146.00 ns, 1.4691 ms/op

WorkloadActual   1: 1 op, 1545935.00 ns, 1.5459 ms/op

WorkloadResult   1: 1 op, 1545935.00 ns, 1.5459 ms/op


Mean = 1.546 ms, StdErr = 0.000 ms (0.00%), N = 1, StdDev = 0.000 ms
Min = 1.546 ms, Q1 = 1.546 ms, Median = 1.546 ms, Q3 = 1.546 ms, Max = 1.546 ms
IQR = 0.000 ms, LowerFence = 1.546 ms, UpperFence = 1.546 ms
ConfidenceInterval = [NaN ms; NaN ms] (CI 99.9%), Margin = NaN ms (NaN% of Mean)
Skewness = NaN, Kurtosis = NaN, MValue = 2

// ** Remained 28 (17.7 %) benchmark(s) to run. Estimated finish 2026-09-26 13:49 (0h 0m from now) **
// **************************
// Benchmark: CodecSuite.Run: campaign(EvaluateOverhead=False, Clock=Armonik.Ffi.Bdn.CpuClock, Toolchain=InProcessEmitToolchain, IterationCount=1, IterationTime=2ms, LaunchCount=1, RunStrategy=Throughput, WarmupCount=1) [Case=core-(...)known [42]]
// *** Execute ***
// Launch: 1 / 1

// Benchmark Process Environment Information:
// BenchmarkDotNet v0.15.8
// Runtime=.NET 8.0.31 (8.0.31, 8.0.3126.42015), X64 RyuJIT x86-64-v4
// GC=Concurrent Workstation
// HardwareIntrinsics=AVX512 IFMA+VBMI,AVX512 F+BW+CD+DQ+VL,AVX2+BMI1+BMI2+F16C+FMA+LZCNT+MOVBE,AVX,SSE3+SSSE3+SSE4.1+SSE4.2+POPCNT,X86Base+SSE+SSE2,AES+PCLMUL,AvxVnni,SERIALIZE VectorSize=256
// Job: Job-CKBLHY(EvaluateOverhead=False, Clock=Armonik.Ffi.Bdn.CpuClock, Toolchain=InProcessEmitToolchain, IterationCount=1, IterationTime=2ms, LaunchCount=1, RunStrategy=Throughput, WarmupCount=1)

OverheadJitting  1: 1 op, 469061.00 ns, 469.0610 us/op
WorkloadJitting  1: 1 op, 428917.00 ns, 428.9170 us/op

WorkloadPilot    1: 4 op, 221354.00 ns, 55.3385 us/op
WorkloadPilot    2: 36 op, 2080337.00 ns, 57.7871 us/op

WorkloadWarmup   1: 36 op, 2078398.00 ns, 57.7333 us/op

WorkloadActual   1: 36 op, 1992510.00 ns, 55.3475 us/op

WorkloadResult   1: 36 op, 1992510.00 ns, 55.3475 us/op


Mean = 55.347 us, StdErr = 0.000 us (0.00%), N = 1, StdDev = 0.000 us
Min = 55.347 us, Q1 = 55.347 us, Median = 55.347 us, Q3 = 55.347 us, Max = 55.347 us
IQR = 0.000 us, LowerFence = 55.347 us, UpperFence = 55.347 us
ConfidenceInterval = [NaN us; NaN us] (CI 99.9%), Margin = NaN us (NaN% of Mean)
Skewness = NaN, Kurtosis = NaN, MValue = 2

// ** Remained 27 (17.1 %) benchmark(s) to run. Estimated finish 2026-09-26 13:49 (0h 0m from now) **
// **************************
// Benchmark: CodecSuite.Run: campaign(EvaluateOverhead=False, Clock=Armonik.Ffi.Bdn.CpuClock, Toolchain=InProcessEmitToolchain, IterationCount=1, IterationTime=2ms, LaunchCount=1, RunStrategy=Throughput, WarmupCount=1) [Case=core-(...)known [42]]
// *** Execute ***
// Launch: 1 / 1

// Benchmark Process Environment Information:
// BenchmarkDotNet v0.15.8
// Runtime=.NET 8.0.31 (8.0.31, 8.0.3126.42015), X64 RyuJIT x86-64-v4
// GC=Concurrent Workstation
// HardwareIntrinsics=AVX512 IFMA+VBMI,AVX512 F+BW+CD+DQ+VL,AVX2+BMI1+BMI2+F16C+FMA+LZCNT+MOVBE,AVX,SSE3+SSSE3+SSE4.1+SSE4.2+POPCNT,X86Base+SSE+SSE2,AES+PCLMUL,AvxVnni,SERIALIZE VectorSize=256
// Job: Job-CKBLHY(EvaluateOverhead=False, Clock=Armonik.Ffi.Bdn.CpuClock, Toolchain=InProcessEmitToolchain, IterationCount=1, IterationTime=2ms, LaunchCount=1, RunStrategy=Throughput, WarmupCount=1)

OverheadJitting  1: 1 op, 582253.00 ns, 582.2530 us/op
WorkloadJitting  1: 1 op, 5160510.00 ns, 5.1605 ms/op

OverheadJitting  2: 1 op, 4757.00 ns, 4.7570 us/op
WorkloadJitting  2: 1 op, 2173107.00 ns, 2.1731 ms/op

WorkloadWarmup   1: 1 op, 2029117.00 ns, 2.0291 ms/op

WorkloadActual   1: 1 op, 2124597.00 ns, 2.1246 ms/op

WorkloadResult   1: 1 op, 2124597.00 ns, 2.1246 ms/op


Mean = 2.125 ms, StdErr = 0.000 ms (0.00%), N = 1, StdDev = 0.000 ms
Min = 2.125 ms, Q1 = 2.125 ms, Median = 2.125 ms, Q3 = 2.125 ms, Max = 2.125 ms
IQR = 0.000 ms, LowerFence = 2.125 ms, UpperFence = 2.125 ms
ConfidenceInterval = [NaN ms; NaN ms] (CI 99.9%), Margin = NaN ms (NaN% of Mean)
Skewness = NaN, Kurtosis = NaN, MValue = 2

// ** Remained 26 (16.5 %) benchmark(s) to run. Estimated finish 2026-09-26 13:49 (0h 0m from now) **
// **************************
// Benchmark: CodecSuite.Run: campaign(EvaluateOverhead=False, Clock=Armonik.Ffi.Bdn.CpuClock, Toolchain=InProcessEmitToolchain, IterationCount=1, IterationTime=2ms, LaunchCount=1, RunStrategy=Throughput, WarmupCount=1) [Case=core-(...)known [42]]
// *** Execute ***
// Launch: 1 / 1

// Benchmark Process Environment Information:
// BenchmarkDotNet v0.15.8
// Runtime=.NET 8.0.31 (8.0.31, 8.0.3126.42015), X64 RyuJIT x86-64-v4
// GC=Concurrent Workstation
// HardwareIntrinsics=AVX512 IFMA+VBMI,AVX512 F+BW+CD+DQ+VL,AVX2+BMI1+BMI2+F16C+FMA+LZCNT+MOVBE,AVX,SSE3+SSSE3+SSE4.1+SSE4.2+POPCNT,X86Base+SSE+SSE2,AES+PCLMUL,AvxVnni,SERIALIZE VectorSize=256
// Job: Job-CKBLHY(EvaluateOverhead=False, Clock=Armonik.Ffi.Bdn.CpuClock, Toolchain=InProcessEmitToolchain, IterationCount=1, IterationTime=2ms, LaunchCount=1, RunStrategy=Throughput, WarmupCount=1)

OverheadJitting  1: 1 op, 631496.00 ns, 631.4960 us/op
WorkloadJitting  1: 1 op, 2733973.00 ns, 2.7340 ms/op

OverheadJitting  2: 1 op, 26145.00 ns, 26.1450 us/op
WorkloadJitting  2: 1 op, 2077634.00 ns, 2.0776 ms/op

WorkloadWarmup   1: 1 op, 2153924.00 ns, 2.1539 ms/op

WorkloadActual   1: 1 op, 2150315.00 ns, 2.1503 ms/op

WorkloadResult   1: 1 op, 2150315.00 ns, 2.1503 ms/op


Mean = 2.150 ms, StdErr = 0.000 ms (0.00%), N = 1, StdDev = 0.000 ms
Min = 2.150 ms, Q1 = 2.150 ms, Median = 2.150 ms, Q3 = 2.150 ms, Max = 2.150 ms
IQR = 0.000 ms, LowerFence = 2.150 ms, UpperFence = 2.150 ms
ConfidenceInterval = [NaN ms; NaN ms] (CI 99.9%), Margin = NaN ms (NaN% of Mean)
Skewness = NaN, Kurtosis = NaN, MValue = 2

// ** Remained 25 (15.8 %) benchmark(s) to run. Estimated finish 2026-09-26 13:49 (0h 0m from now) **
// **************************
// Benchmark: CodecSuite.Run: campaign(EvaluateOverhead=False, Clock=Armonik.Ffi.Bdn.CpuClock, Toolchain=InProcessEmitToolchain, IterationCount=1, IterationTime=2ms, LaunchCount=1, RunStrategy=Throughput, WarmupCount=1) [Case=core-(...)known [42]]
// *** Execute ***
// Launch: 1 / 1

// Benchmark Process Environment Information:
// BenchmarkDotNet v0.15.8
// Runtime=.NET 8.0.31 (8.0.31, 8.0.3126.42015), X64 RyuJIT x86-64-v4
// GC=Concurrent Workstation
// HardwareIntrinsics=AVX512 IFMA+VBMI,AVX512 F+BW+CD+DQ+VL,AVX2+BMI1+BMI2+F16C+FMA+LZCNT+MOVBE,AVX,SSE3+SSSE3+SSE4.1+SSE4.2+POPCNT,X86Base+SSE+SSE2,AES+PCLMUL,AvxVnni,SERIALIZE VectorSize=256
// Job: Job-CKBLHY(EvaluateOverhead=False, Clock=Armonik.Ffi.Bdn.CpuClock, Toolchain=InProcessEmitToolchain, IterationCount=1, IterationTime=2ms, LaunchCount=1, RunStrategy=Throughput, WarmupCount=1)

OverheadJitting  1: 1 op, 639096.00 ns, 639.0960 us/op
WorkloadJitting  1: 1 op, 2102260.00 ns, 2.1023 ms/op

OverheadJitting  2: 1 op, 4239.00 ns, 4.2390 us/op
WorkloadJitting  2: 1 op, 1740718.00 ns, 1.7407 ms/op

WorkloadWarmup   1: 1 op, 1605350.00 ns, 1.6054 ms/op

WorkloadActual   1: 1 op, 1612763.00 ns, 1.6128 ms/op

WorkloadResult   1: 1 op, 1612763.00 ns, 1.6128 ms/op


Mean = 1.613 ms, StdErr = 0.000 ms (0.00%), N = 1, StdDev = 0.000 ms
Min = 1.613 ms, Q1 = 1.613 ms, Median = 1.613 ms, Q3 = 1.613 ms, Max = 1.613 ms
IQR = 0.000 ms, LowerFence = 1.613 ms, UpperFence = 1.613 ms
ConfidenceInterval = [NaN ms; NaN ms] (CI 99.9%), Margin = NaN ms (NaN% of Mean)
Skewness = NaN, Kurtosis = NaN, MValue = 2

// ** Remained 24 (15.2 %) benchmark(s) to run. Estimated finish 2026-09-26 13:49 (0h 0m from now) **
// **************************
// Benchmark: CodecSuite.Run: campaign(EvaluateOverhead=False, Clock=Armonik.Ffi.Bdn.CpuClock, Toolchain=InProcessEmitToolchain, IterationCount=1, IterationTime=2ms, LaunchCount=1, RunStrategy=Throughput, WarmupCount=1) [Case=core-(...)known [37]]
// *** Execute ***
// Launch: 1 / 1

// Benchmark Process Environment Information:
// BenchmarkDotNet v0.15.8
// Runtime=.NET 8.0.31 (8.0.31, 8.0.3126.42015), X64 RyuJIT x86-64-v4
// GC=Concurrent Workstation
// HardwareIntrinsics=AVX512 IFMA+VBMI,AVX512 F+BW+CD+DQ+VL,AVX2+BMI1+BMI2+F16C+FMA+LZCNT+MOVBE,AVX,SSE3+SSSE3+SSE4.1+SSE4.2+POPCNT,X86Base+SSE+SSE2,AES+PCLMUL,AvxVnni,SERIALIZE VectorSize=256
// Job: Job-CKBLHY(EvaluateOverhead=False, Clock=Armonik.Ffi.Bdn.CpuClock, Toolchain=InProcessEmitToolchain, IterationCount=1, IterationTime=2ms, LaunchCount=1, RunStrategy=Throughput, WarmupCount=1)

OverheadJitting  1: 1 op, 456469.00 ns, 456.4690 us/op
WorkloadJitting  1: 1 op, 552456.00 ns, 552.4560 us/op

WorkloadPilot    1: 4 op, 489148.00 ns, 122.2870 us/op
WorkloadPilot    2: 16 op, 1659925.00 ns, 103.7453 us/op
WorkloadPilot    3: 19 op, 1386319.00 ns, 72.9642 us/op
WorkloadPilot    4: 27 op, 2034944.00 ns, 75.3683 us/op

WorkloadWarmup   1: 27 op, 2813163.00 ns, 104.1912 us/op

WorkloadActual   1: 27 op, 2799299.00 ns, 103.6777 us/op

WorkloadResult   1: 27 op, 2799299.00 ns, 103.6777 us/op


Mean = 103.678 us, StdErr = 0.000 us (0.00%), N = 1, StdDev = 0.000 us
Min = 103.678 us, Q1 = 103.678 us, Median = 103.678 us, Q3 = 103.678 us, Max = 103.678 us
IQR = 0.000 us, LowerFence = 103.678 us, UpperFence = 103.678 us
ConfidenceInterval = [NaN us; NaN us] (CI 99.9%), Margin = NaN us (NaN% of Mean)
Skewness = NaN, Kurtosis = NaN, MValue = 2

// ** Remained 23 (14.6 %) benchmark(s) to run. Estimated finish 2026-09-26 13:49 (0h 0m from now) **
// **************************
// Benchmark: CodecSuite.Run: campaign(EvaluateOverhead=False, Clock=Armonik.Ffi.Bdn.CpuClock, Toolchain=InProcessEmitToolchain, IterationCount=1, IterationTime=2ms, LaunchCount=1, RunStrategy=Throughput, WarmupCount=1) [Case=core-(...)known [53]]
// *** Execute ***
// Launch: 1 / 1

// Benchmark Process Environment Information:
// BenchmarkDotNet v0.15.8
// Runtime=.NET 8.0.31 (8.0.31, 8.0.3126.42015), X64 RyuJIT x86-64-v4
// GC=Concurrent Workstation
// HardwareIntrinsics=AVX512 IFMA+VBMI,AVX512 F+BW+CD+DQ+VL,AVX2+BMI1+BMI2+F16C+FMA+LZCNT+MOVBE,AVX,SSE3+SSSE3+SSE4.1+SSE4.2+POPCNT,X86Base+SSE+SSE2,AES+PCLMUL,AvxVnni,SERIALIZE VectorSize=256
// Job: Job-CKBLHY(EvaluateOverhead=False, Clock=Armonik.Ffi.Bdn.CpuClock, Toolchain=InProcessEmitToolchain, IterationCount=1, IterationTime=2ms, LaunchCount=1, RunStrategy=Throughput, WarmupCount=1)

OverheadJitting  1: 1 op, 441834.00 ns, 441.8340 us/op
WorkloadJitting  1: 1 op, 332444.00 ns, 332.4440 us/op

WorkloadPilot    1: 4 op, 22158.00 ns, 5.5395 us/op
WorkloadPilot    2: 361 op, 415669.00 ns, 1.1514 us/op
WorkloadPilot    3: 1737 op, 1617650.00 ns, 931.2896 ns/op
WorkloadPilot    4: 2148 op, 1442428.00 ns, 671.5214 ns/op
WorkloadPilot    5: 2978 op, 1987493.00 ns, 667.3919 ns/op
WorkloadPilot    6: 2997 op, 2645330.00 ns, 882.6593 ns/op
WorkloadPilot    7: 2266 op, 1243667.00 ns, 548.8380 ns/op
WorkloadPilot    8: 3644 op, 5400054.00 ns, 1.4819 us/op
WorkloadPilot    9: 1350 op, 694858.00 ns, 514.7096 ns/op
WorkloadPilot   10: 3886 op, 3557252.00 ns, 915.4020 ns/op

WorkloadWarmup   1: 3886 op, 2206842.00 ns, 567.8955 ns/op

WorkloadActual   1: 3886 op, 2095847.00 ns, 539.3327 ns/op

WorkloadResult   1: 3886 op, 2095847.00 ns, 539.3327 ns/op


Mean = 539.333 ns, StdErr = 0.000 ns (0.00%), N = 1, StdDev = 0.000 ns
Min = 539.333 ns, Q1 = 539.333 ns, Median = 539.333 ns, Q3 = 539.333 ns, Max = 539.333 ns
IQR = 0.000 ns, LowerFence = 539.333 ns, UpperFence = 539.333 ns
ConfidenceInterval = [NaN ns; NaN ns] (CI 99.9%), Margin = NaN ns (NaN% of Mean)
Skewness = NaN, Kurtosis = NaN, MValue = 2

// ** Remained 22 (13.9 %) benchmark(s) to run. Estimated finish 2026-09-26 13:49 (0h 0m from now) **
// **************************
// Benchmark: CodecSuite.Run: campaign(EvaluateOverhead=False, Clock=Armonik.Ffi.Bdn.CpuClock, Toolchain=InProcessEmitToolchain, IterationCount=1, IterationTime=2ms, LaunchCount=1, RunStrategy=Throughput, WarmupCount=1) [Case=core-(...)known [41]]
// *** Execute ***
// Launch: 1 / 1

// Benchmark Process Environment Information:
// BenchmarkDotNet v0.15.8
// Runtime=.NET 8.0.31 (8.0.31, 8.0.3126.42015), X64 RyuJIT x86-64-v4
// GC=Concurrent Workstation
// HardwareIntrinsics=AVX512 IFMA+VBMI,AVX512 F+BW+CD+DQ+VL,AVX2+BMI1+BMI2+F16C+FMA+LZCNT+MOVBE,AVX,SSE3+SSSE3+SSE4.1+SSE4.2+POPCNT,X86Base+SSE+SSE2,AES+PCLMUL,AvxVnni,SERIALIZE VectorSize=256
// Job: Job-CKBLHY(EvaluateOverhead=False, Clock=Armonik.Ffi.Bdn.CpuClock, Toolchain=InProcessEmitToolchain, IterationCount=1, IterationTime=2ms, LaunchCount=1, RunStrategy=Throughput, WarmupCount=1)

OverheadJitting  1: 1 op, 561640.00 ns, 561.6400 us/op
WorkloadJitting  1: 1 op, 808127.00 ns, 808.1270 us/op

WorkloadPilot    1: 4 op, 651285.00 ns, 162.8213 us/op
WorkloadPilot    2: 12 op, 1809936.00 ns, 150.8280 us/op

WorkloadWarmup   1: 12 op, 1796236.00 ns, 149.6863 us/op

WorkloadActual   1: 12 op, 1780728.00 ns, 148.3940 us/op

WorkloadResult   1: 12 op, 1780728.00 ns, 148.3940 us/op


Mean = 148.394 us, StdErr = 0.000 us (0.00%), N = 1, StdDev = 0.000 us
Min = 148.394 us, Q1 = 148.394 us, Median = 148.394 us, Q3 = 148.394 us, Max = 148.394 us
IQR = 0.000 us, LowerFence = 148.394 us, UpperFence = 148.394 us
ConfidenceInterval = [NaN us; NaN us] (CI 99.9%), Margin = NaN us (NaN% of Mean)
Skewness = NaN, Kurtosis = NaN, MValue = 2

// ** Remained 21 (13.3 %) benchmark(s) to run. Estimated finish 2026-09-26 13:49 (0h 0m from now) **
// **************************
// Benchmark: CodecSuite.Run: campaign(EvaluateOverhead=False, Clock=Armonik.Ffi.Bdn.CpuClock, Toolchain=InProcessEmitToolchain, IterationCount=1, IterationTime=2ms, LaunchCount=1, RunStrategy=Throughput, WarmupCount=1) [Case=core-(...)known [42]]
// *** Execute ***
// Launch: 1 / 1

// Benchmark Process Environment Information:
// BenchmarkDotNet v0.15.8
// Runtime=.NET 8.0.31 (8.0.31, 8.0.3126.42015), X64 RyuJIT x86-64-v4
// GC=Concurrent Workstation
// HardwareIntrinsics=AVX512 IFMA+VBMI,AVX512 F+BW+CD+DQ+VL,AVX2+BMI1+BMI2+F16C+FMA+LZCNT+MOVBE,AVX,SSE3+SSSE3+SSE4.1+SSE4.2+POPCNT,X86Base+SSE+SSE2,AES+PCLMUL,AvxVnni,SERIALIZE VectorSize=256
// Job: Job-CKBLHY(EvaluateOverhead=False, Clock=Armonik.Ffi.Bdn.CpuClock, Toolchain=InProcessEmitToolchain, IterationCount=1, IterationTime=2ms, LaunchCount=1, RunStrategy=Throughput, WarmupCount=1)

OverheadJitting  1: 1 op, 587478.00 ns, 587.4780 us/op
WorkloadJitting  1: 1 op, 1453152.00 ns, 1.4532 ms/op

OverheadJitting  2: 1 op, 3724.00 ns, 3.7240 us/op
WorkloadJitting  2: 1 op, 925011.00 ns, 925.0110 us/op

WorkloadPilot    1: 4 op, 5114309.00 ns, 1.2786 ms/op
WorkloadPilot    2: 2 op, 1247495.00 ns, 623.7475 us/op

WorkloadWarmup   1: 2 op, 1285540.00 ns, 642.7700 us/op

WorkloadActual   1: 2 op, 1181995.00 ns, 590.9975 us/op

WorkloadResult   1: 2 op, 1181995.00 ns, 590.9975 us/op


Mean = 590.997 us, StdErr = 0.000 us (0.00%), N = 1, StdDev = 0.000 us
Min = 590.997 us, Q1 = 590.997 us, Median = 590.997 us, Q3 = 590.997 us, Max = 590.997 us
IQR = 0.000 us, LowerFence = 590.997 us, UpperFence = 590.997 us
ConfidenceInterval = [NaN us; NaN us] (CI 99.9%), Margin = NaN us (NaN% of Mean)
Skewness = NaN, Kurtosis = NaN, MValue = 2

// ** Remained 20 (12.7 %) benchmark(s) to run. Estimated finish 2026-09-26 13:49 (0h 0m from now) **
// **************************
// Benchmark: CodecSuite.Run: campaign(EvaluateOverhead=False, Clock=Armonik.Ffi.Bdn.CpuClock, Toolchain=InProcessEmitToolchain, IterationCount=1, IterationTime=2ms, LaunchCount=1, RunStrategy=Throughput, WarmupCount=1) [Case=core-(...)known [37]]
// *** Execute ***
// Launch: 1 / 1

// Benchmark Process Environment Information:
// BenchmarkDotNet v0.15.8
// Runtime=.NET 8.0.31 (8.0.31, 8.0.3126.42015), X64 RyuJIT x86-64-v4
// GC=Concurrent Workstation
// HardwareIntrinsics=AVX512 IFMA+VBMI,AVX512 F+BW+CD+DQ+VL,AVX2+BMI1+BMI2+F16C+FMA+LZCNT+MOVBE,AVX,SSE3+SSSE3+SSE4.1+SSE4.2+POPCNT,X86Base+SSE+SSE2,AES+PCLMUL,AvxVnni,SERIALIZE VectorSize=256
// Job: Job-CKBLHY(EvaluateOverhead=False, Clock=Armonik.Ffi.Bdn.CpuClock, Toolchain=InProcessEmitToolchain, IterationCount=1, IterationTime=2ms, LaunchCount=1, RunStrategy=Throughput, WarmupCount=1)

OverheadJitting  1: 1 op, 656966.00 ns, 656.9660 us/op
WorkloadJitting  1: 1 op, 2367145.00 ns, 2.3671 ms/op

OverheadJitting  2: 1 op, 4015.00 ns, 4.0150 us/op
WorkloadJitting  2: 1 op, 194887.00 ns, 194.8870 us/op

WorkloadPilot    1: 4 op, 541633.00 ns, 135.4083 us/op
WorkloadPilot    2: 15 op, 1225137.00 ns, 81.6758 us/op
WorkloadPilot    3: 24 op, 1887533.00 ns, 78.6472 us/op

WorkloadWarmup   1: 24 op, 1677322.00 ns, 69.8884 us/op

WorkloadActual   1: 24 op, 1837241.00 ns, 76.5517 us/op

WorkloadResult   1: 24 op, 1837241.00 ns, 76.5517 us/op


Mean = 76.552 us, StdErr = 0.000 us (0.00%), N = 1, StdDev = 0.000 us
Min = 76.552 us, Q1 = 76.552 us, Median = 76.552 us, Q3 = 76.552 us, Max = 76.552 us
IQR = 0.000 us, LowerFence = 76.552 us, UpperFence = 76.552 us
ConfidenceInterval = [NaN us; NaN us] (CI 99.9%), Margin = NaN us (NaN% of Mean)
Skewness = NaN, Kurtosis = NaN, MValue = 2

// ** Remained 19 (12.0 %) benchmark(s) to run. Estimated finish 2026-09-26 13:49 (0h 0m from now) **
// **************************
// Benchmark: CodecSuite.Run: campaign(EvaluateOverhead=False, Clock=Armonik.Ffi.Bdn.CpuClock, Toolchain=InProcessEmitToolchain, IterationCount=1, IterationTime=2ms, LaunchCount=1, RunStrategy=Throughput, WarmupCount=1) [Case=core-(...)known [47]]
// *** Execute ***
// Launch: 1 / 1

// Benchmark Process Environment Information:
// BenchmarkDotNet v0.15.8
// Runtime=.NET 8.0.31 (8.0.31, 8.0.3126.42015), X64 RyuJIT x86-64-v4
// GC=Concurrent Workstation
// HardwareIntrinsics=AVX512 IFMA+VBMI,AVX512 F+BW+CD+DQ+VL,AVX2+BMI1+BMI2+F16C+FMA+LZCNT+MOVBE,AVX,SSE3+SSSE3+SSE4.1+SSE4.2+POPCNT,X86Base+SSE+SSE2,AES+PCLMUL,AvxVnni,SERIALIZE VectorSize=256
// Job: Job-CKBLHY(EvaluateOverhead=False, Clock=Armonik.Ffi.Bdn.CpuClock, Toolchain=InProcessEmitToolchain, IterationCount=1, IterationTime=2ms, LaunchCount=1, RunStrategy=Throughput, WarmupCount=1)

OverheadJitting  1: 1 op, 659035.00 ns, 659.0350 us/op
WorkloadJitting  1: 1 op, 747657.00 ns, 747.6570 us/op

WorkloadPilot    1: 4 op, 802084.00 ns, 200.5210 us/op
WorkloadPilot    2: 10 op, 1579444.00 ns, 157.9444 us/op
WorkloadPilot    3: 13 op, 2656880.00 ns, 204.3754 us/op
WorkloadPilot    4: 10 op, 1495940.00 ns, 149.5940 us/op
WorkloadPilot    5: 13 op, 1985685.00 ns, 152.7450 us/op

WorkloadWarmup   1: 13 op, 1881916.00 ns, 144.7628 us/op

WorkloadActual   1: 13 op, 2060418.00 ns, 158.4937 us/op

WorkloadResult   1: 13 op, 2060418.00 ns, 158.4937 us/op


Mean = 158.494 us, StdErr = 0.000 us (0.00%), N = 1, StdDev = 0.000 us
Min = 158.494 us, Q1 = 158.494 us, Median = 158.494 us, Q3 = 158.494 us, Max = 158.494 us
IQR = 0.000 us, LowerFence = 158.494 us, UpperFence = 158.494 us
ConfidenceInterval = [NaN us; NaN us] (CI 99.9%), Margin = NaN us (NaN% of Mean)
Skewness = NaN, Kurtosis = NaN, MValue = 2

// ** Remained 18 (11.4 %) benchmark(s) to run. Estimated finish 2026-09-26 13:49 (0h 0m from now) **
// **************************
// Benchmark: CodecSuite.Run: campaign(EvaluateOverhead=False, Clock=Armonik.Ffi.Bdn.CpuClock, Toolchain=InProcessEmitToolchain, IterationCount=1, IterationTime=2ms, LaunchCount=1, RunStrategy=Throughput, WarmupCount=1) [Case=core-(...)known [47]]
// *** Execute ***
// Launch: 1 / 1

// Benchmark Process Environment Information:
// BenchmarkDotNet v0.15.8
// Runtime=.NET 8.0.31 (8.0.31, 8.0.3126.42015), X64 RyuJIT x86-64-v4
// GC=Concurrent Workstation
// HardwareIntrinsics=AVX512 IFMA+VBMI,AVX512 F+BW+CD+DQ+VL,AVX2+BMI1+BMI2+F16C+FMA+LZCNT+MOVBE,AVX,SSE3+SSSE3+SSE4.1+SSE4.2+POPCNT,X86Base+SSE+SSE2,AES+PCLMUL,AvxVnni,SERIALIZE VectorSize=256
// Job: Job-CKBLHY(EvaluateOverhead=False, Clock=Armonik.Ffi.Bdn.CpuClock, Toolchain=InProcessEmitToolchain, IterationCount=1, IterationTime=2ms, LaunchCount=1, RunStrategy=Throughput, WarmupCount=1)

OverheadJitting  1: 1 op, 492016.00 ns, 492.0160 us/op
WorkloadJitting  1: 1 op, 419464.00 ns, 419.4640 us/op

WorkloadPilot    1: 4 op, 24369.00 ns, 6.0923 us/op
WorkloadPilot    2: 328 op, 350981.00 ns, 1.0701 us/op
WorkloadPilot    3: 1869 op, 1854453.00 ns, 992.2167 ns/op
WorkloadPilot    4: 2016 op, 2031568.00 ns, 1.0077 us/op
WorkloadPilot    5: 1985 op, 1905338.00 ns, 959.8680 ns/op
WorkloadPilot    6: 2084 op, 1952777.00 ns, 937.0331 ns/op
WorkloadPilot    7: 2134 op, 2223793.00 ns, 1.0421 us/op
WorkloadPilot    8: 1919 op, 1717914.00 ns, 895.2131 ns/op
WorkloadPilot    9: 2234 op, 2146794.00 ns, 960.9642 ns/op

WorkloadWarmup   1: 2234 op, 2239968.00 ns, 1.0027 us/op

WorkloadActual   1: 2234 op, 2118137.00 ns, 948.1365 ns/op

WorkloadResult   1: 2234 op, 2118137.00 ns, 948.1365 ns/op


Mean = 948.137 ns, StdErr = 0.000 ns (0.00%), N = 1, StdDev = 0.000 ns
Min = 948.137 ns, Q1 = 948.137 ns, Median = 948.137 ns, Q3 = 948.137 ns, Max = 948.137 ns
IQR = 0.000 ns, LowerFence = 948.137 ns, UpperFence = 948.137 ns
ConfidenceInterval = [NaN ns; NaN ns] (CI 99.9%), Margin = NaN ns (NaN% of Mean)
Skewness = NaN, Kurtosis = NaN, MValue = 2

// ** Remained 17 (10.8 %) benchmark(s) to run. Estimated finish 2026-09-26 13:49 (0h 0m from now) **
// **************************
// Benchmark: CodecSuite.Run: campaign(EvaluateOverhead=False, Clock=Armonik.Ffi.Bdn.CpuClock, Toolchain=InProcessEmitToolchain, IterationCount=1, IterationTime=2ms, LaunchCount=1, RunStrategy=Throughput, WarmupCount=1) [Case=core-(...)known [51]]
// *** Execute ***
// Launch: 1 / 1

// Benchmark Process Environment Information:
// BenchmarkDotNet v0.15.8
// Runtime=.NET 8.0.31 (8.0.31, 8.0.3126.42015), X64 RyuJIT x86-64-v4
// GC=Concurrent Workstation
// HardwareIntrinsics=AVX512 IFMA+VBMI,AVX512 F+BW+CD+DQ+VL,AVX2+BMI1+BMI2+F16C+FMA+LZCNT+MOVBE,AVX,SSE3+SSSE3+SSE4.1+SSE4.2+POPCNT,X86Base+SSE+SSE2,AES+PCLMUL,AvxVnni,SERIALIZE VectorSize=256
// Job: Job-CKBLHY(EvaluateOverhead=False, Clock=Armonik.Ffi.Bdn.CpuClock, Toolchain=InProcessEmitToolchain, IterationCount=1, IterationTime=2ms, LaunchCount=1, RunStrategy=Throughput, WarmupCount=1)

OverheadJitting  1: 1 op, 405873.00 ns, 405.8730 us/op
WorkloadJitting  1: 1 op, 398854.00 ns, 398.8540 us/op

WorkloadPilot    1: 4 op, 313409.00 ns, 78.3523 us/op
WorkloadPilot    2: 26 op, 807974.00 ns, 31.0759 us/op
WorkloadPilot    3: 64 op, 1931580.00 ns, 30.1809 us/op
WorkloadPilot    4: 66 op, 1883939.00 ns, 28.5445 us/op
WorkloadPilot    5: 70 op, 1975461.00 ns, 28.2209 us/op

WorkloadWarmup   1: 70 op, 2028704.00 ns, 28.9815 us/op

WorkloadActual   1: 70 op, 2522083.00 ns, 36.0298 us/op

WorkloadResult   1: 70 op, 2522083.00 ns, 36.0298 us/op


Mean = 36.030 us, StdErr = 0.000 us (0.00%), N = 1, StdDev = 0.000 us
Min = 36.030 us, Q1 = 36.030 us, Median = 36.030 us, Q3 = 36.030 us, Max = 36.030 us
IQR = 0.000 us, LowerFence = 36.030 us, UpperFence = 36.030 us
ConfidenceInterval = [NaN us; NaN us] (CI 99.9%), Margin = NaN us (NaN% of Mean)
Skewness = NaN, Kurtosis = NaN, MValue = 2

// ** Remained 16 (10.1 %) benchmark(s) to run. Estimated finish 2026-09-26 13:49 (0h 0m from now) **
// **************************
// Benchmark: CodecSuite.Run: campaign(EvaluateOverhead=False, Clock=Armonik.Ffi.Bdn.CpuClock, Toolchain=InProcessEmitToolchain, IterationCount=1, IterationTime=2ms, LaunchCount=1, RunStrategy=Throughput, WarmupCount=1) [Case=core-(...)known [36]]
// *** Execute ***
// Launch: 1 / 1

// Benchmark Process Environment Information:
// BenchmarkDotNet v0.15.8
// Runtime=.NET 8.0.31 (8.0.31, 8.0.3126.42015), X64 RyuJIT x86-64-v4
// GC=Concurrent Workstation
// HardwareIntrinsics=AVX512 IFMA+VBMI,AVX512 F+BW+CD+DQ+VL,AVX2+BMI1+BMI2+F16C+FMA+LZCNT+MOVBE,AVX,SSE3+SSSE3+SSE4.1+SSE4.2+POPCNT,X86Base+SSE+SSE2,AES+PCLMUL,AvxVnni,SERIALIZE VectorSize=256
// Job: Job-CKBLHY(EvaluateOverhead=False, Clock=Armonik.Ffi.Bdn.CpuClock, Toolchain=InProcessEmitToolchain, IterationCount=1, IterationTime=2ms, LaunchCount=1, RunStrategy=Throughput, WarmupCount=1)

OverheadJitting  1: 1 op, 746381.00 ns, 746.3810 us/op
WorkloadJitting  1: 1 op, 6939217.00 ns, 6.9392 ms/op

OverheadJitting  2: 1 op, 5059.00 ns, 5.0590 us/op
WorkloadJitting  2: 1 op, 6642275.00 ns, 6.6423 ms/op

WorkloadWarmup   1: 1 op, 6883974.00 ns, 6.8840 ms/op

WorkloadActual   1: 1 op, 6843659.00 ns, 6.8437 ms/op

WorkloadResult   1: 1 op, 6843659.00 ns, 6.8437 ms/op


Mean = 6.844 ms, StdErr = 0.000 ms (0.00%), N = 1, StdDev = 0.000 ms
Min = 6.844 ms, Q1 = 6.844 ms, Median = 6.844 ms, Q3 = 6.844 ms, Max = 6.844 ms
IQR = 0.000 ms, LowerFence = 6.844 ms, UpperFence = 6.844 ms
ConfidenceInterval = [NaN ms; NaN ms] (CI 99.9%), Margin = NaN ms (NaN% of Mean)
Skewness = NaN, Kurtosis = NaN, MValue = 2

// ** Remained 15 (9.5 %) benchmark(s) to run. Estimated finish 2026-09-26 13:49 (0h 0m from now) **
// **************************
// Benchmark: CodecSuite.Run: campaign(EvaluateOverhead=False, Clock=Armonik.Ffi.Bdn.CpuClock, Toolchain=InProcessEmitToolchain, IterationCount=1, IterationTime=2ms, LaunchCount=1, RunStrategy=Throughput, WarmupCount=1) [Case=core-(...)known [51]]
// *** Execute ***
// Launch: 1 / 1

// Benchmark Process Environment Information:
// BenchmarkDotNet v0.15.8
// Runtime=.NET 8.0.31 (8.0.31, 8.0.3126.42015), X64 RyuJIT x86-64-v4
// GC=Concurrent Workstation
// HardwareIntrinsics=AVX512 IFMA+VBMI,AVX512 F+BW+CD+DQ+VL,AVX2+BMI1+BMI2+F16C+FMA+LZCNT+MOVBE,AVX,SSE3+SSSE3+SSE4.1+SSE4.2+POPCNT,X86Base+SSE+SSE2,AES+PCLMUL,AvxVnni,SERIALIZE VectorSize=256
// Job: Job-CKBLHY(EvaluateOverhead=False, Clock=Armonik.Ffi.Bdn.CpuClock, Toolchain=InProcessEmitToolchain, IterationCount=1, IterationTime=2ms, LaunchCount=1, RunStrategy=Throughput, WarmupCount=1)

OverheadJitting  1: 1 op, 418529.00 ns, 418.5290 us/op
WorkloadJitting  1: 1 op, 502529.00 ns, 502.5290 us/op

WorkloadPilot    1: 4 op, 37435.00 ns, 9.3588 us/op
WorkloadPilot    2: 214 op, 815154.00 ns, 3.8091 us/op
WorkloadPilot    3: 525 op, 2470337.00 ns, 4.7054 us/op
WorkloadPilot    4: 425 op, 1839306.00 ns, 4.3278 us/op
WorkloadPilot    5: 462 op, 1970556.00 ns, 4.2653 us/op
WorkloadPilot    6: 469 op, 1763899.00 ns, 3.7610 us/op
WorkloadPilot    7: 532 op, 1993882.00 ns, 3.7479 us/op
WorkloadPilot    8: 534 op, 1977257.00 ns, 3.7027 us/op
WorkloadPilot    9: 540 op, 2016799.00 ns, 3.7348 us/op
WorkloadPilot   10: 536 op, 1990659.00 ns, 3.7139 us/op
WorkloadPilot   11: 539 op, 2030118.00 ns, 3.7665 us/op

WorkloadWarmup   1: 539 op, 2013429.00 ns, 3.7355 us/op

WorkloadActual   1: 539 op, 2051111.00 ns, 3.8054 us/op

WorkloadResult   1: 539 op, 2051111.00 ns, 3.8054 us/op


Mean = 3.805 us, StdErr = 0.000 us (0.00%), N = 1, StdDev = 0.000 us
Min = 3.805 us, Q1 = 3.805 us, Median = 3.805 us, Q3 = 3.805 us, Max = 3.805 us
IQR = 0.000 us, LowerFence = 3.805 us, UpperFence = 3.805 us
ConfidenceInterval = [NaN us; NaN us] (CI 99.9%), Margin = NaN us (NaN% of Mean)
Skewness = NaN, Kurtosis = NaN, MValue = 2

// ** Remained 14 (8.9 %) benchmark(s) to run. Estimated finish 2026-09-26 13:49 (0h 0m from now) **
// **************************
// Benchmark: CodecSuite.Run: campaign(EvaluateOverhead=False, Clock=Armonik.Ffi.Bdn.CpuClock, Toolchain=InProcessEmitToolchain, IterationCount=1, IterationTime=2ms, LaunchCount=1, RunStrategy=Throughput, WarmupCount=1) [Case=core-(...)known [50]]
// *** Execute ***
// Launch: 1 / 1

// Benchmark Process Environment Information:
// BenchmarkDotNet v0.15.8
// Runtime=.NET 8.0.31 (8.0.31, 8.0.3126.42015), X64 RyuJIT x86-64-v4
// GC=Concurrent Workstation
// HardwareIntrinsics=AVX512 IFMA+VBMI,AVX512 F+BW+CD+DQ+VL,AVX2+BMI1+BMI2+F16C+FMA+LZCNT+MOVBE,AVX,SSE3+SSSE3+SSE4.1+SSE4.2+POPCNT,X86Base+SSE+SSE2,AES+PCLMUL,AvxVnni,SERIALIZE VectorSize=256
// Job: Job-CKBLHY(EvaluateOverhead=False, Clock=Armonik.Ffi.Bdn.CpuClock, Toolchain=InProcessEmitToolchain, IterationCount=1, IterationTime=2ms, LaunchCount=1, RunStrategy=Throughput, WarmupCount=1)

OverheadJitting  1: 1 op, 654556.00 ns, 654.5560 us/op
WorkloadJitting  1: 1 op, 6545722.00 ns, 6.5457 ms/op

OverheadJitting  2: 1 op, 4218.00 ns, 4.2180 us/op
WorkloadJitting  2: 1 op, 3391412.00 ns, 3.3914 ms/op

WorkloadWarmup   1: 1 op, 3082283.00 ns, 3.0823 ms/op

WorkloadActual   1: 1 op, 3202694.00 ns, 3.2027 ms/op

WorkloadResult   1: 1 op, 3202694.00 ns, 3.2027 ms/op


Mean = 3.203 ms, StdErr = 0.000 ms (0.00%), N = 1, StdDev = 0.000 ms
Min = 3.203 ms, Q1 = 3.203 ms, Median = 3.203 ms, Q3 = 3.203 ms, Max = 3.203 ms
IQR = 0.000 ms, LowerFence = 3.203 ms, UpperFence = 3.203 ms
ConfidenceInterval = [NaN ms; NaN ms] (CI 99.9%), Margin = NaN ms (NaN% of Mean)
Skewness = NaN, Kurtosis = NaN, MValue = 2

// ** Remained 13 (8.2 %) benchmark(s) to run. Estimated finish 2026-09-26 13:49 (0h 0m from now) **
// **************************
// Benchmark: CodecSuite.Run: campaign(EvaluateOverhead=False, Clock=Armonik.Ffi.Bdn.CpuClock, Toolchain=InProcessEmitToolchain, IterationCount=1, IterationTime=2ms, LaunchCount=1, RunStrategy=Throughput, WarmupCount=1) [Case=core-(...)known [51]]
// *** Execute ***
// Launch: 1 / 1

// Benchmark Process Environment Information:
// BenchmarkDotNet v0.15.8
// Runtime=.NET 8.0.31 (8.0.31, 8.0.3126.42015), X64 RyuJIT x86-64-v4
// GC=Concurrent Workstation
// HardwareIntrinsics=AVX512 IFMA+VBMI,AVX512 F+BW+CD+DQ+VL,AVX2+BMI1+BMI2+F16C+FMA+LZCNT+MOVBE,AVX,SSE3+SSSE3+SSE4.1+SSE4.2+POPCNT,X86Base+SSE+SSE2,AES+PCLMUL,AvxVnni,SERIALIZE VectorSize=256
// Job: Job-CKBLHY(EvaluateOverhead=False, Clock=Armonik.Ffi.Bdn.CpuClock, Toolchain=InProcessEmitToolchain, IterationCount=1, IterationTime=2ms, LaunchCount=1, RunStrategy=Throughput, WarmupCount=1)

OverheadJitting  1: 1 op, 490806.00 ns, 490.8060 us/op
WorkloadJitting  1: 1 op, 403138.00 ns, 403.1380 us/op

WorkloadPilot    1: 4 op, 20832.00 ns, 5.2080 us/op
WorkloadPilot    2: 384 op, 221240.00 ns, 576.1458 ns/op
WorkloadPilot    3: 3471 op, 2100369.00 ns, 605.1193 ns/op
WorkloadPilot    4: 3305 op, 1968743.00 ns, 595.6862 ns/op
WorkloadPilot    5: 3357 op, 2032733.00 ns, 605.5207 ns/op
WorkloadPilot    6: 3303 op, 1962743.00 ns, 594.2304 ns/op
WorkloadPilot    7: 3366 op, 2036540.00 ns, 605.0327 ns/op

WorkloadWarmup   1: 3366 op, 2022847.00 ns, 600.9646 ns/op

WorkloadActual   1: 3366 op, 1996106.00 ns, 593.0202 ns/op

WorkloadResult   1: 3366 op, 1996106.00 ns, 593.0202 ns/op


Mean = 593.020 ns, StdErr = 0.000 ns (0.00%), N = 1, StdDev = 0.000 ns
Min = 593.020 ns, Q1 = 593.020 ns, Median = 593.020 ns, Q3 = 593.020 ns, Max = 593.020 ns
IQR = 0.000 ns, LowerFence = 593.020 ns, UpperFence = 593.020 ns
ConfidenceInterval = [NaN ns; NaN ns] (CI 99.9%), Margin = NaN ns (NaN% of Mean)
Skewness = NaN, Kurtosis = NaN, MValue = 2

// ** Remained 12 (7.6 %) benchmark(s) to run. Estimated finish 2026-09-26 13:49 (0h 0m from now) **
// **************************
// Benchmark: CodecSuite.Run: campaign(EvaluateOverhead=False, Clock=Armonik.Ffi.Bdn.CpuClock, Toolchain=InProcessEmitToolchain, IterationCount=1, IterationTime=2ms, LaunchCount=1, RunStrategy=Throughput, WarmupCount=1) [Case=core-(...)known [43]]
// *** Execute ***
// Launch: 1 / 1

// Benchmark Process Environment Information:
// BenchmarkDotNet v0.15.8
// Runtime=.NET 8.0.31 (8.0.31, 8.0.3126.42015), X64 RyuJIT x86-64-v4
// GC=Concurrent Workstation
// HardwareIntrinsics=AVX512 IFMA+VBMI,AVX512 F+BW+CD+DQ+VL,AVX2+BMI1+BMI2+F16C+FMA+LZCNT+MOVBE,AVX,SSE3+SSSE3+SSE4.1+SSE4.2+POPCNT,X86Base+SSE+SSE2,AES+PCLMUL,AvxVnni,SERIALIZE VectorSize=256
// Job: Job-CKBLHY(EvaluateOverhead=False, Clock=Armonik.Ffi.Bdn.CpuClock, Toolchain=InProcessEmitToolchain, IterationCount=1, IterationTime=2ms, LaunchCount=1, RunStrategy=Throughput, WarmupCount=1)

OverheadJitting  1: 1 op, 848646.00 ns, 848.6460 us/op
WorkloadJitting  1: 1 op, 1148410.00 ns, 1.1484 ms/op

WorkloadPilot    1: 4 op, 4497416.00 ns, 1.1244 ms/op
WorkloadPilot    2: 2 op, 2415675.00 ns, 1.2078 ms/op

WorkloadWarmup   1: 2 op, 1335535.00 ns, 667.7675 us/op

WorkloadActual   1: 2 op, 1632634.00 ns, 816.3170 us/op

WorkloadResult   1: 2 op, 1632634.00 ns, 816.3170 us/op


Mean = 816.317 us, StdErr = 0.000 us (0.00%), N = 1, StdDev = 0.000 us
Min = 816.317 us, Q1 = 816.317 us, Median = 816.317 us, Q3 = 816.317 us, Max = 816.317 us
IQR = 0.000 us, LowerFence = 816.317 us, UpperFence = 816.317 us
ConfidenceInterval = [NaN us; NaN us] (CI 99.9%), Margin = NaN us (NaN% of Mean)
Skewness = NaN, Kurtosis = NaN, MValue = 2

// ** Remained 11 (7.0 %) benchmark(s) to run. Estimated finish 2026-09-26 13:49 (0h 0m from now) **
// **************************
// Benchmark: CodecSuite.Run: campaign(EvaluateOverhead=False, Clock=Armonik.Ffi.Bdn.CpuClock, Toolchain=InProcessEmitToolchain, IterationCount=1, IterationTime=2ms, LaunchCount=1, RunStrategy=Throughput, WarmupCount=1) [Case=core-(...)known [52]]
// *** Execute ***
// Launch: 1 / 1

// Benchmark Process Environment Information:
// BenchmarkDotNet v0.15.8
// Runtime=.NET 8.0.31 (8.0.31, 8.0.3126.42015), X64 RyuJIT x86-64-v4
// GC=Concurrent Workstation
// HardwareIntrinsics=AVX512 IFMA+VBMI,AVX512 F+BW+CD+DQ+VL,AVX2+BMI1+BMI2+F16C+FMA+LZCNT+MOVBE,AVX,SSE3+SSSE3+SSE4.1+SSE4.2+POPCNT,X86Base+SSE+SSE2,AES+PCLMUL,AvxVnni,SERIALIZE VectorSize=256
// Job: Job-CKBLHY(EvaluateOverhead=False, Clock=Armonik.Ffi.Bdn.CpuClock, Toolchain=InProcessEmitToolchain, IterationCount=1, IterationTime=2ms, LaunchCount=1, RunStrategy=Throughput, WarmupCount=1)

OverheadJitting  1: 1 op, 1597167.00 ns, 1.5972 ms/op
WorkloadJitting  1: 1 op, 1305126.00 ns, 1.3051 ms/op

WorkloadPilot    1: 4 op, 1363231.00 ns, 340.8078 us/op
WorkloadPilot    2: 6 op, 1855246.00 ns, 309.2077 us/op

WorkloadWarmup   1: 6 op, 1834255.00 ns, 305.7092 us/op

WorkloadActual   1: 6 op, 1996613.00 ns, 332.7688 us/op

WorkloadResult   1: 6 op, 1996613.00 ns, 332.7688 us/op


Mean = 332.769 us, StdErr = 0.000 us (0.00%), N = 1, StdDev = 0.000 us
Min = 332.769 us, Q1 = 332.769 us, Median = 332.769 us, Q3 = 332.769 us, Max = 332.769 us
IQR = 0.000 us, LowerFence = 332.769 us, UpperFence = 332.769 us
ConfidenceInterval = [NaN us; NaN us] (CI 99.9%), Margin = NaN us (NaN% of Mean)
Skewness = NaN, Kurtosis = NaN, MValue = 2

// ** Remained 10 (6.3 %) benchmark(s) to run. Estimated finish 2026-09-26 13:49 (0h 0m from now) **
// **************************
// Benchmark: CodecSuite.Run: campaign(EvaluateOverhead=False, Clock=Armonik.Ffi.Bdn.CpuClock, Toolchain=InProcessEmitToolchain, IterationCount=1, IterationTime=2ms, LaunchCount=1, RunStrategy=Throughput, WarmupCount=1) [Case=core-(...)known [51]]
// *** Execute ***
// Launch: 1 / 1

// Benchmark Process Environment Information:
// BenchmarkDotNet v0.15.8
// Runtime=.NET 8.0.31 (8.0.31, 8.0.3126.42015), X64 RyuJIT x86-64-v4
// GC=Concurrent Workstation
// HardwareIntrinsics=AVX512 IFMA+VBMI,AVX512 F+BW+CD+DQ+VL,AVX2+BMI1+BMI2+F16C+FMA+LZCNT+MOVBE,AVX,SSE3+SSSE3+SSE4.1+SSE4.2+POPCNT,X86Base+SSE+SSE2,AES+PCLMUL,AvxVnni,SERIALIZE VectorSize=256
// Job: Job-CKBLHY(EvaluateOverhead=False, Clock=Armonik.Ffi.Bdn.CpuClock, Toolchain=InProcessEmitToolchain, IterationCount=1, IterationTime=2ms, LaunchCount=1, RunStrategy=Throughput, WarmupCount=1)

OverheadJitting  1: 1 op, 782711.00 ns, 782.7110 us/op
WorkloadJitting  1: 1 op, 1186252.00 ns, 1.1863 ms/op

WorkloadPilot    1: 4 op, 1591163.00 ns, 397.7908 us/op

WorkloadWarmup   1: 4 op, 1613609.00 ns, 403.4023 us/op

WorkloadActual   1: 4 op, 1701945.00 ns, 425.4863 us/op

WorkloadResult   1: 4 op, 1701945.00 ns, 425.4863 us/op


Mean = 425.486 us, StdErr = 0.000 us (0.00%), N = 1, StdDev = 0.000 us
Min = 425.486 us, Q1 = 425.486 us, Median = 425.486 us, Q3 = 425.486 us, Max = 425.486 us
IQR = 0.000 us, LowerFence = 425.486 us, UpperFence = 425.486 us
ConfidenceInterval = [NaN us; NaN us] (CI 99.9%), Margin = NaN us (NaN% of Mean)
Skewness = NaN, Kurtosis = NaN, MValue = 2

// ** Remained 9 (5.7 %) benchmark(s) to run. Estimated finish 2026-09-26 13:49 (0h 0m from now) **
// **************************
// Benchmark: CodecSuite.Run: campaign(EvaluateOverhead=False, Clock=Armonik.Ffi.Bdn.CpuClock, Toolchain=InProcessEmitToolchain, IterationCount=1, IterationTime=2ms, LaunchCount=1, RunStrategy=Throughput, WarmupCount=1) [Case=core-(...)known [72]]
// *** Execute ***
// Launch: 1 / 1

// Benchmark Process Environment Information:
// BenchmarkDotNet v0.15.8
// Runtime=.NET 8.0.31 (8.0.31, 8.0.3126.42015), X64 RyuJIT x86-64-v4
// GC=Concurrent Workstation
// HardwareIntrinsics=AVX512 IFMA+VBMI,AVX512 F+BW+CD+DQ+VL,AVX2+BMI1+BMI2+F16C+FMA+LZCNT+MOVBE,AVX,SSE3+SSSE3+SSE4.1+SSE4.2+POPCNT,X86Base+SSE+SSE2,AES+PCLMUL,AvxVnni,SERIALIZE VectorSize=256
// Job: Job-CKBLHY(EvaluateOverhead=False, Clock=Armonik.Ffi.Bdn.CpuClock, Toolchain=InProcessEmitToolchain, IterationCount=1, IterationTime=2ms, LaunchCount=1, RunStrategy=Throughput, WarmupCount=1)

OverheadJitting  1: 1 op, 519319.00 ns, 519.3190 us/op
WorkloadJitting  1: 1 op, 504888.00 ns, 504.8880 us/op

WorkloadPilot    1: 4 op, 29543.00 ns, 7.3858 us/op
WorkloadPilot    2: 271 op, 603788.00 ns, 2.2280 us/op
WorkloadPilot    3: 898 op, 1277897.00 ns, 1.4230 us/op
WorkloadPilot    4: 1405 op, 1598930.00 ns, 1.1380 us/op
WorkloadPilot    5: 1757 op, 1847330.00 ns, 1.0514 us/op
WorkloadPilot    6: 1902 op, 2880017.00 ns, 1.5142 us/op
WorkloadPilot    7: 1321 op, 1187172.00 ns, 898.6919 ns/op
WorkloadPilot    8: 2225 op, 2197429.00 ns, 987.6085 ns/op
WorkloadPilot    9: 2025 op, 1786015.00 ns, 881.9827 ns/op
WorkloadPilot   10: 2268 op, 2438452.00 ns, 1.0752 us/op

WorkloadWarmup   1: 2268 op, 2094660.00 ns, 923.5714 ns/op

WorkloadActual   1: 2268 op, 1995687.00 ns, 879.9325 ns/op

WorkloadResult   1: 2268 op, 1995687.00 ns, 879.9325 ns/op


Mean = 879.933 ns, StdErr = 0.000 ns (0.00%), N = 1, StdDev = 0.000 ns
Min = 879.933 ns, Q1 = 879.933 ns, Median = 879.933 ns, Q3 = 879.933 ns, Max = 879.933 ns
IQR = 0.000 ns, LowerFence = 879.933 ns, UpperFence = 879.933 ns
ConfidenceInterval = [NaN ns; NaN ns] (CI 99.9%), Margin = NaN ns (NaN% of Mean)
Skewness = NaN, Kurtosis = NaN, MValue = 2

// ** Remained 8 (5.1 %) benchmark(s) to run. Estimated finish 2026-09-26 13:49 (0h 0m from now) **
// **************************
// Benchmark: CodecSuite.Run: campaign(EvaluateOverhead=False, Clock=Armonik.Ffi.Bdn.CpuClock, Toolchain=InProcessEmitToolchain, IterationCount=1, IterationTime=2ms, LaunchCount=1, RunStrategy=Throughput, WarmupCount=1) [Case=core-(...)known [51]]
// *** Execute ***
// Launch: 1 / 1

// Benchmark Process Environment Information:
// BenchmarkDotNet v0.15.8
// Runtime=.NET 8.0.31 (8.0.31, 8.0.3126.42015), X64 RyuJIT x86-64-v4
// GC=Concurrent Workstation
// HardwareIntrinsics=AVX512 IFMA+VBMI,AVX512 F+BW+CD+DQ+VL,AVX2+BMI1+BMI2+F16C+FMA+LZCNT+MOVBE,AVX,SSE3+SSSE3+SSE4.1+SSE4.2+POPCNT,X86Base+SSE+SSE2,AES+PCLMUL,AvxVnni,SERIALIZE VectorSize=256
// Job: Job-CKBLHY(EvaluateOverhead=False, Clock=Armonik.Ffi.Bdn.CpuClock, Toolchain=InProcessEmitToolchain, IterationCount=1, IterationTime=2ms, LaunchCount=1, RunStrategy=Throughput, WarmupCount=1)

OverheadJitting  1: 1 op, 702361.00 ns, 702.3610 us/op
WorkloadJitting  1: 1 op, 3139115.00 ns, 3.1391 ms/op

OverheadJitting  2: 1 op, 3957.00 ns, 3.9570 us/op
WorkloadJitting  2: 1 op, 1411524.00 ns, 1.4115 ms/op

WorkloadWarmup   1: 1 op, 1355320.00 ns, 1.3553 ms/op

WorkloadActual   1: 1 op, 1262495.00 ns, 1.2625 ms/op

WorkloadResult   1: 1 op, 1262495.00 ns, 1.2625 ms/op


Mean = 1.262 ms, StdErr = 0.000 ms (0.00%), N = 1, StdDev = 0.000 ms
Min = 1.262 ms, Q1 = 1.262 ms, Median = 1.262 ms, Q3 = 1.262 ms, Max = 1.262 ms
IQR = 0.000 ms, LowerFence = 1.262 ms, UpperFence = 1.262 ms
ConfidenceInterval = [NaN ms; NaN ms] (CI 99.9%), Margin = NaN ms (NaN% of Mean)
Skewness = NaN, Kurtosis = NaN, MValue = 2

// ** Remained 7 (4.4 %) benchmark(s) to run. Estimated finish 2026-09-26 13:49 (0h 0m from now) **
// **************************
// Benchmark: CodecSuite.Run: campaign(EvaluateOverhead=False, Clock=Armonik.Ffi.Bdn.CpuClock, Toolchain=InProcessEmitToolchain, IterationCount=1, IterationTime=2ms, LaunchCount=1, RunStrategy=Throughput, WarmupCount=1) [Case=core-(...)known [37]]
// *** Execute ***
// Launch: 1 / 1

// Benchmark Process Environment Information:
// BenchmarkDotNet v0.15.8
// Runtime=.NET 8.0.31 (8.0.31, 8.0.3126.42015), X64 RyuJIT x86-64-v4
// GC=Concurrent Workstation
// HardwareIntrinsics=AVX512 IFMA+VBMI,AVX512 F+BW+CD+DQ+VL,AVX2+BMI1+BMI2+F16C+FMA+LZCNT+MOVBE,AVX,SSE3+SSSE3+SSE4.1+SSE4.2+POPCNT,X86Base+SSE+SSE2,AES+PCLMUL,AvxVnni,SERIALIZE VectorSize=256
// Job: Job-CKBLHY(EvaluateOverhead=False, Clock=Armonik.Ffi.Bdn.CpuClock, Toolchain=InProcessEmitToolchain, IterationCount=1, IterationTime=2ms, LaunchCount=1, RunStrategy=Throughput, WarmupCount=1)

OverheadJitting  1: 1 op, 512722.00 ns, 512.7220 us/op
WorkloadJitting  1: 1 op, 485718.00 ns, 485.7180 us/op

WorkloadPilot    1: 4 op, 28478.00 ns, 7.1195 us/op
WorkloadPilot    2: 281 op, 608498.00 ns, 2.1655 us/op
WorkloadPilot    3: 924 op, 1845703.00 ns, 1.9975 us/op
WorkloadPilot    4: 1001 op, 2068014.00 ns, 2.0659 us/op
WorkloadPilot    5: 968 op, 1924187.00 ns, 1.9878 us/op
WorkloadPilot    6: 1006 op, 2015132.00 ns, 2.0031 us/op
WorkloadPilot    7: 998 op, 1964875.00 ns, 1.9688 us/op
WorkloadPilot    8: 1016 op, 2085492.00 ns, 2.0526 us/op

WorkloadWarmup   1: 1016 op, 2010284.00 ns, 1.9786 us/op

WorkloadActual   1: 1016 op, 2034589.00 ns, 2.0025 us/op

WorkloadResult   1: 1016 op, 2034589.00 ns, 2.0025 us/op


Mean = 2.003 us, StdErr = 0.000 us (0.00%), N = 1, StdDev = 0.000 us
Min = 2.003 us, Q1 = 2.003 us, Median = 2.003 us, Q3 = 2.003 us, Max = 2.003 us
IQR = 0.000 us, LowerFence = 2.003 us, UpperFence = 2.003 us
ConfidenceInterval = [NaN us; NaN us] (CI 99.9%), Margin = NaN us (NaN% of Mean)
Skewness = NaN, Kurtosis = NaN, MValue = 2

// ** Remained 6 (3.8 %) benchmark(s) to run. Estimated finish 2026-09-26 13:49 (0h 0m from now) **
// **************************
// Benchmark: CodecSuite.Run: campaign(EvaluateOverhead=False, Clock=Armonik.Ffi.Bdn.CpuClock, Toolchain=InProcessEmitToolchain, IterationCount=1, IterationTime=2ms, LaunchCount=1, RunStrategy=Throughput, WarmupCount=1) [Case=core-(...)known [56]]
// *** Execute ***
// Launch: 1 / 1

// Benchmark Process Environment Information:
// BenchmarkDotNet v0.15.8
// Runtime=.NET 8.0.31 (8.0.31, 8.0.3126.42015), X64 RyuJIT x86-64-v4
// GC=Concurrent Workstation
// HardwareIntrinsics=AVX512 IFMA+VBMI,AVX512 F+BW+CD+DQ+VL,AVX2+BMI1+BMI2+F16C+FMA+LZCNT+MOVBE,AVX,SSE3+SSSE3+SSE4.1+SSE4.2+POPCNT,X86Base+SSE+SSE2,AES+PCLMUL,AvxVnni,SERIALIZE VectorSize=256
// Job: Job-CKBLHY(EvaluateOverhead=False, Clock=Armonik.Ffi.Bdn.CpuClock, Toolchain=InProcessEmitToolchain, IterationCount=1, IterationTime=2ms, LaunchCount=1, RunStrategy=Throughput, WarmupCount=1)

OverheadJitting  1: 1 op, 401349.00 ns, 401.3490 us/op
WorkloadJitting  1: 1 op, 353392.00 ns, 353.3920 us/op

WorkloadPilot    1: 4 op, 28140.00 ns, 7.0350 us/op
WorkloadPilot    2: 284 op, 482984.00 ns, 1.7006 us/op
WorkloadPilot    3: 1176 op, 1630025.00 ns, 1.3861 us/op
WorkloadPilot    4: 1443 op, 2017194.00 ns, 1.3979 us/op
WorkloadPilot    5: 1431 op, 1989573.00 ns, 1.3903 us/op
WorkloadPilot    6: 1438 op, 1923279.00 ns, 1.3375 us/op
WorkloadPilot    7: 1495 op, 2006137.00 ns, 1.3419 us/op
WorkloadPilot    8: 1490 op, 1967951.00 ns, 1.3208 us/op
WorkloadPilot    9: 1514 op, 2026746.00 ns, 1.3387 us/op

WorkloadWarmup   1: 1514 op, 2022520.00 ns, 1.3359 us/op

WorkloadActual   1: 1514 op, 2129180.00 ns, 1.4063 us/op

WorkloadResult   1: 1514 op, 2129180.00 ns, 1.4063 us/op


Mean = 1.406 us, StdErr = 0.000 us (0.00%), N = 1, StdDev = 0.000 us
Min = 1.406 us, Q1 = 1.406 us, Median = 1.406 us, Q3 = 1.406 us, Max = 1.406 us
IQR = 0.000 us, LowerFence = 1.406 us, UpperFence = 1.406 us
ConfidenceInterval = [NaN us; NaN us] (CI 99.9%), Margin = NaN us (NaN% of Mean)
Skewness = NaN, Kurtosis = NaN, MValue = 2

// ** Remained 5 (3.2 %) benchmark(s) to run. Estimated finish 2026-09-26 13:49 (0h 0m from now) **
// **************************
// Benchmark: CodecSuite.Run: campaign(EvaluateOverhead=False, Clock=Armonik.Ffi.Bdn.CpuClock, Toolchain=InProcessEmitToolchain, IterationCount=1, IterationTime=2ms, LaunchCount=1, RunStrategy=Throughput, WarmupCount=1) [Case=core-(...)known [41]]
// *** Execute ***
// Launch: 1 / 1

// Benchmark Process Environment Information:
// BenchmarkDotNet v0.15.8
// Runtime=.NET 8.0.31 (8.0.31, 8.0.3126.42015), X64 RyuJIT x86-64-v4
// GC=Concurrent Workstation
// HardwareIntrinsics=AVX512 IFMA+VBMI,AVX512 F+BW+CD+DQ+VL,AVX2+BMI1+BMI2+F16C+FMA+LZCNT+MOVBE,AVX,SSE3+SSSE3+SSE4.1+SSE4.2+POPCNT,X86Base+SSE+SSE2,AES+PCLMUL,AvxVnni,SERIALIZE VectorSize=256
// Job: Job-CKBLHY(EvaluateOverhead=False, Clock=Armonik.Ffi.Bdn.CpuClock, Toolchain=InProcessEmitToolchain, IterationCount=1, IterationTime=2ms, LaunchCount=1, RunStrategy=Throughput, WarmupCount=1)

OverheadJitting  1: 1 op, 439580.00 ns, 439.5800 us/op
WorkloadJitting  1: 1 op, 692777.00 ns, 692.7770 us/op

WorkloadPilot    1: 4 op, 638687.00 ns, 159.6718 us/op
WorkloadPilot    2: 13 op, 1822758.00 ns, 140.2122 us/op

WorkloadWarmup   1: 13 op, 1769793.00 ns, 136.1379 us/op

WorkloadActual   1: 13 op, 1882281.00 ns, 144.7908 us/op

WorkloadResult   1: 13 op, 1882281.00 ns, 144.7908 us/op


Mean = 144.791 us, StdErr = 0.000 us (0.00%), N = 1, StdDev = 0.000 us
Min = 144.791 us, Q1 = 144.791 us, Median = 144.791 us, Q3 = 144.791 us, Max = 144.791 us
IQR = 0.000 us, LowerFence = 144.791 us, UpperFence = 144.791 us
ConfidenceInterval = [NaN us; NaN us] (CI 99.9%), Margin = NaN us (NaN% of Mean)
Skewness = NaN, Kurtosis = NaN, MValue = 2

// ** Remained 4 (2.5 %) benchmark(s) to run. Estimated finish 2026-09-26 13:49 (0h 0m from now) **
// **************************
// Benchmark: CodecSuite.Run: campaign(EvaluateOverhead=False, Clock=Armonik.Ffi.Bdn.CpuClock, Toolchain=InProcessEmitToolchain, IterationCount=1, IterationTime=2ms, LaunchCount=1, RunStrategy=Throughput, WarmupCount=1) [Case=core-(...)known [37]]
// *** Execute ***
// Launch: 1 / 1

// Benchmark Process Environment Information:
// BenchmarkDotNet v0.15.8
// Runtime=.NET 8.0.31 (8.0.31, 8.0.3126.42015), X64 RyuJIT x86-64-v4
// GC=Concurrent Workstation
// HardwareIntrinsics=AVX512 IFMA+VBMI,AVX512 F+BW+CD+DQ+VL,AVX2+BMI1+BMI2+F16C+FMA+LZCNT+MOVBE,AVX,SSE3+SSSE3+SSE4.1+SSE4.2+POPCNT,X86Base+SSE+SSE2,AES+PCLMUL,AvxVnni,SERIALIZE VectorSize=256
// Job: Job-CKBLHY(EvaluateOverhead=False, Clock=Armonik.Ffi.Bdn.CpuClock, Toolchain=InProcessEmitToolchain, IterationCount=1, IterationTime=2ms, LaunchCount=1, RunStrategy=Throughput, WarmupCount=1)

OverheadJitting  1: 1 op, 414431.00 ns, 414.4310 us/op
WorkloadJitting  1: 1 op, 482202.00 ns, 482.2020 us/op

WorkloadPilot    1: 4 op, 281707.00 ns, 70.4268 us/op
WorkloadPilot    2: 28 op, 1741114.00 ns, 62.1826 us/op
WorkloadPilot    3: 32 op, 1199543.00 ns, 37.4857 us/op
WorkloadPilot    4: 53 op, 2095140.00 ns, 39.5309 us/op
WorkloadPilot    5: 51 op, 1499432.00 ns, 29.4006 us/op
WorkloadPilot    6: 68 op, 5954987.00 ns, 87.5733 us/op
WorkloadPilot    7: 23 op, 1079096.00 ns, 46.9172 us/op
WorkloadPilot    8: 43 op, 1374903.00 ns, 31.9745 us/op
WorkloadPilot    9: 63 op, 2717874.00 ns, 43.1409 us/op

WorkloadWarmup   1: 63 op, 2797054.00 ns, 44.3977 us/op

WorkloadActual   1: 63 op, 1782509.00 ns, 28.2938 us/op

WorkloadResult   1: 63 op, 1782509.00 ns, 28.2938 us/op


Mean = 28.294 us, StdErr = 0.000 us (0.00%), N = 1, StdDev = 0.000 us
Min = 28.294 us, Q1 = 28.294 us, Median = 28.294 us, Q3 = 28.294 us, Max = 28.294 us
IQR = 0.000 us, LowerFence = 28.294 us, UpperFence = 28.294 us
ConfidenceInterval = [NaN us; NaN us] (CI 99.9%), Margin = NaN us (NaN% of Mean)
Skewness = NaN, Kurtosis = NaN, MValue = 2

// ** Remained 3 (1.9 %) benchmark(s) to run. Estimated finish 2026-09-26 13:49 (0h 0m from now) **
// **************************
// Benchmark: CodecSuite.Run: campaign(EvaluateOverhead=False, Clock=Armonik.Ffi.Bdn.CpuClock, Toolchain=InProcessEmitToolchain, IterationCount=1, IterationTime=2ms, LaunchCount=1, RunStrategy=Throughput, WarmupCount=1) [Case=core-(...)known [50]]
// *** Execute ***
// Launch: 1 / 1

// Benchmark Process Environment Information:
// BenchmarkDotNet v0.15.8
// Runtime=.NET 8.0.31 (8.0.31, 8.0.3126.42015), X64 RyuJIT x86-64-v4
// GC=Concurrent Workstation
// HardwareIntrinsics=AVX512 IFMA+VBMI,AVX512 F+BW+CD+DQ+VL,AVX2+BMI1+BMI2+F16C+FMA+LZCNT+MOVBE,AVX,SSE3+SSSE3+SSE4.1+SSE4.2+POPCNT,X86Base+SSE+SSE2,AES+PCLMUL,AvxVnni,SERIALIZE VectorSize=256
// Job: Job-CKBLHY(EvaluateOverhead=False, Clock=Armonik.Ffi.Bdn.CpuClock, Toolchain=InProcessEmitToolchain, IterationCount=1, IterationTime=2ms, LaunchCount=1, RunStrategy=Throughput, WarmupCount=1)

OverheadJitting  1: 1 op, 624625.00 ns, 624.6250 us/op
WorkloadJitting  1: 1 op, 412794.00 ns, 412.7940 us/op

WorkloadPilot    1: 4 op, 17621.00 ns, 4.4053 us/op
WorkloadPilot    2: 454 op, 355046.00 ns, 782.0396 ns/op
WorkloadPilot    3: 2557 op, 1972834.00 ns, 771.5424 ns/op
WorkloadPilot    4: 2592 op, 1200024.00 ns, 462.9722 ns/op
WorkloadPilot    5: 4320 op, 1977597.00 ns, 457.7771 ns/op
WorkloadPilot    6: 4369 op, 2034282.00 ns, 465.6173 ns/op
WorkloadPilot    7: 4295 op, 2005450.00 ns, 466.9267 ns/op
WorkloadPilot    8: 4283 op, 1985633.00 ns, 463.6080 ns/op
WorkloadPilot    9: 4314 op, 2000604.00 ns, 463.7469 ns/op

WorkloadWarmup   1: 4314 op, 1977047.00 ns, 458.2863 ns/op

WorkloadActual   1: 4314 op, 2914914.00 ns, 675.6871 ns/op

WorkloadResult   1: 4314 op, 2914914.00 ns, 675.6871 ns/op


Mean = 675.687 ns, StdErr = 0.000 ns (0.00%), N = 1, StdDev = 0.000 ns
Min = 675.687 ns, Q1 = 675.687 ns, Median = 675.687 ns, Q3 = 675.687 ns, Max = 675.687 ns
IQR = 0.000 ns, LowerFence = 675.687 ns, UpperFence = 675.687 ns
ConfidenceInterval = [NaN ns; NaN ns] (CI 99.9%), Margin = NaN ns (NaN% of Mean)
Skewness = NaN, Kurtosis = NaN, MValue = 2

// ** Remained 2 (1.3 %) benchmark(s) to run. Estimated finish 2026-09-26 13:49 (0h 0m from now) **
// **************************
// Benchmark: CodecSuite.Run: campaign(EvaluateOverhead=False, Clock=Armonik.Ffi.Bdn.CpuClock, Toolchain=InProcessEmitToolchain, IterationCount=1, IterationTime=2ms, LaunchCount=1, RunStrategy=Throughput, WarmupCount=1) [Case=core-(...)known [37]]
// *** Execute ***
// Launch: 1 / 1

// Benchmark Process Environment Information:
// BenchmarkDotNet v0.15.8
// Runtime=.NET 8.0.31 (8.0.31, 8.0.3126.42015), X64 RyuJIT x86-64-v4
// GC=Concurrent Workstation
// HardwareIntrinsics=AVX512 IFMA+VBMI,AVX512 F+BW+CD+DQ+VL,AVX2+BMI1+BMI2+F16C+FMA+LZCNT+MOVBE,AVX,SSE3+SSSE3+SSE4.1+SSE4.2+POPCNT,X86Base+SSE+SSE2,AES+PCLMUL,AvxVnni,SERIALIZE VectorSize=256
// Job: Job-CKBLHY(EvaluateOverhead=False, Clock=Armonik.Ffi.Bdn.CpuClock, Toolchain=InProcessEmitToolchain, IterationCount=1, IterationTime=2ms, LaunchCount=1, RunStrategy=Throughput, WarmupCount=1)

OverheadJitting  1: 1 op, 708615.00 ns, 708.6150 us/op
WorkloadJitting  1: 1 op, 1361581.00 ns, 1.3616 ms/op

OverheadJitting  2: 1 op, 3587.00 ns, 3.5870 us/op
WorkloadJitting  2: 1 op, 1003256.00 ns, 1.0033 ms/op

WorkloadPilot    1: 4 op, 4830011.00 ns, 1.2075 ms/op
WorkloadPilot    2: 2 op, 1268920.00 ns, 634.4600 us/op

WorkloadWarmup   1: 2 op, 1199296.00 ns, 599.6480 us/op

WorkloadActual   1: 2 op, 1105451.00 ns, 552.7255 us/op

WorkloadResult   1: 2 op, 1105451.00 ns, 552.7255 us/op


Mean = 552.726 us, StdErr = 0.000 us (0.00%), N = 1, StdDev = 0.000 us
Min = 552.726 us, Q1 = 552.726 us, Median = 552.726 us, Q3 = 552.726 us, Max = 552.726 us
IQR = 0.000 us, LowerFence = 552.726 us, UpperFence = 552.726 us
ConfidenceInterval = [NaN us; NaN us] (CI 99.9%), Margin = NaN us (NaN% of Mean)
Skewness = NaN, Kurtosis = NaN, MValue = 2

// ** Remained 1 (0.6 %) benchmark(s) to run. Estimated finish 2026-09-26 13:49 (0h 0m from now) **
// **************************
// Benchmark: CodecSuite.Run: campaign(EvaluateOverhead=False, Clock=Armonik.Ffi.Bdn.CpuClock, Toolchain=InProcessEmitToolchain, IterationCount=1, IterationTime=2ms, LaunchCount=1, RunStrategy=Throughput, WarmupCount=1) [Case=core-(...)known [37]]
// *** Execute ***
// Launch: 1 / 1

// Benchmark Process Environment Information:
// BenchmarkDotNet v0.15.8
// Runtime=.NET 8.0.31 (8.0.31, 8.0.3126.42015), X64 RyuJIT x86-64-v4
// GC=Concurrent Workstation
// HardwareIntrinsics=AVX512 IFMA+VBMI,AVX512 F+BW+CD+DQ+VL,AVX2+BMI1+BMI2+F16C+FMA+LZCNT+MOVBE,AVX,SSE3+SSSE3+SSE4.1+SSE4.2+POPCNT,X86Base+SSE+SSE2,AES+PCLMUL,AvxVnni,SERIALIZE VectorSize=256
// Job: Job-CKBLHY(EvaluateOverhead=False, Clock=Armonik.Ffi.Bdn.CpuClock, Toolchain=InProcessEmitToolchain, IterationCount=1, IterationTime=2ms, LaunchCount=1, RunStrategy=Throughput, WarmupCount=1)

OverheadJitting  1: 1 op, 385977.00 ns, 385.9770 us/op
WorkloadJitting  1: 1 op, 745420.00 ns, 745.4200 us/op

WorkloadPilot    1: 4 op, 1355361.00 ns, 338.8403 us/op
WorkloadPilot    2: 6 op, 2545368.00 ns, 424.2280 us/op

WorkloadWarmup   1: 6 op, 1940004.00 ns, 323.3340 us/op

WorkloadActual   1: 6 op, 1873319.00 ns, 312.2198 us/op

WorkloadResult   1: 6 op, 1873319.00 ns, 312.2198 us/op


Mean = 312.220 us, StdErr = 0.000 us (0.00%), N = 1, StdDev = 0.000 us
Min = 312.220 us, Q1 = 312.220 us, Median = 312.220 us, Q3 = 312.220 us, Max = 312.220 us
IQR = 0.000 us, LowerFence = 312.220 us, UpperFence = 312.220 us
ConfidenceInterval = [NaN us; NaN us] (CI 99.9%), Margin = NaN us (NaN% of Mean)
Skewness = NaN, Kurtosis = NaN, MValue = 2

// ** Remained 0 (0.0 %) benchmark(s) to run. Estimated finish 2026-09-26 13:49 (0h 0m from now) **
Run time: 00:00:43 (43.32 sec), executed benchmarks: 158

// ***** BenchmarkRunner: Finish  *****

// * Export *
  tmp/claude-0/-home-user-ArmoniK-Api/a9b299e7-f65c-59ca-906f-064c4c7b1f48/scratchpad/wt-7/smoke/codec-launch1.jsonl

// * Detailed results *
CodecSuite.Run: campaign(EvaluateOverhead=False, Clock=Armonik.Ffi.Bdn.CpuClock, Toolchain=InProcessEmitToolchain, IterationCount=1, IterationTime=2ms, LaunchCount=1, RunStrategy=Throughput, WarmupCount=1) [Case=core-(...)known [41]]
Runtime = ; GC = 
Mean = 866.260 ns, StdErr = 0.000 ns (0.00%), N = 1, StdDev = 0.000 ns
Min = 866.260 ns, Q1 = 866.260 ns, Median = 866.260 ns, Q3 = 866.260 ns, Max = 866.260 ns
IQR = 0.000 ns, LowerFence = 866.260 ns, UpperFence = 866.260 ns
ConfidenceInterval = [NaN ns; NaN ns] (CI 99.9%), Margin = NaN ns (NaN% of Mean)
Skewness = NaN, Kurtosis = NaN, MValue = 2
-------------------- Histogram --------------------
[865.760 ns ; 866.760 ns) | @
---------------------------------------------------

CodecSuite.Run: campaign(EvaluateOverhead=False, Clock=Armonik.Ffi.Bdn.CpuClock, Toolchain=InProcessEmitToolchain, IterationCount=1, IterationTime=2ms, LaunchCount=1, RunStrategy=Throughput, WarmupCount=1) [Case=core-(...)known [37]]
Runtime = ; GC = 
Mean = 889.978 ns, StdErr = 0.000 ns (0.00%), N = 1, StdDev = 0.000 ns
Min = 889.978 ns, Q1 = 889.978 ns, Median = 889.978 ns, Q3 = 889.978 ns, Max = 889.978 ns
IQR = 0.000 ns, LowerFence = 889.978 ns, UpperFence = 889.978 ns
ConfidenceInterval = [NaN ns; NaN ns] (CI 99.9%), Margin = NaN ns (NaN% of Mean)
Skewness = NaN, Kurtosis = NaN, MValue = 2
-------------------- Histogram --------------------
[889.478 ns ; 890.478 ns) | @
---------------------------------------------------

CodecSuite.Run: campaign(EvaluateOverhead=False, Clock=Armonik.Ffi.Bdn.CpuClock, Toolchain=InProcessEmitToolchain, IterationCount=1, IterationTime=2ms, LaunchCount=1, RunStrategy=Throughput, WarmupCount=1) [Case=core-(...)known [46]]
Runtime = ; GC = 
Mean = 3.186 ms, StdErr = 0.000 ms (0.00%), N = 1, StdDev = 0.000 ms
Min = 3.186 ms, Q1 = 3.186 ms, Median = 3.186 ms, Q3 = 3.186 ms, Max = 3.186 ms
IQR = 0.000 ms, LowerFence = 3.186 ms, UpperFence = 3.186 ms
ConfidenceInterval = [NaN ms; NaN ms] (CI 99.9%), Margin = NaN ms (NaN% of Mean)
Skewness = NaN, Kurtosis = NaN, MValue = 2
-------------------- Histogram --------------------
[3.186 ms ; 3.186 ms) | @
---------------------------------------------------

CodecSuite.Run: campaign(EvaluateOverhead=False, Clock=Armonik.Ffi.Bdn.CpuClock, Toolchain=InProcessEmitToolchain, IterationCount=1, IterationTime=2ms, LaunchCount=1, RunStrategy=Throughput, WarmupCount=1) [Case=core-(...)known [57]]
Runtime = ; GC = 
Mean = 915.860 ns, StdErr = 0.000 ns (0.00%), N = 1, StdDev = 0.000 ns
Min = 915.860 ns, Q1 = 915.860 ns, Median = 915.860 ns, Q3 = 915.860 ns, Max = 915.860 ns
IQR = 0.000 ns, LowerFence = 915.860 ns, UpperFence = 915.860 ns
ConfidenceInterval = [NaN ns; NaN ns] (CI 99.9%), Margin = NaN ns (NaN% of Mean)
Skewness = NaN, Kurtosis = NaN, MValue = 2
-------------------- Histogram --------------------
[915.360 ns ; 916.360 ns) | @
---------------------------------------------------

CodecSuite.Run: campaign(EvaluateOverhead=False, Clock=Armonik.Ffi.Bdn.CpuClock, Toolchain=InProcessEmitToolchain, IterationCount=1, IterationTime=2ms, LaunchCount=1, RunStrategy=Throughput, WarmupCount=1) [Case=core-(...)known [50]]
Runtime = ; GC = 
Mean = 675.687 ns, StdErr = 0.000 ns (0.00%), N = 1, StdDev = 0.000 ns
Min = 675.687 ns, Q1 = 675.687 ns, Median = 675.687 ns, Q3 = 675.687 ns, Max = 675.687 ns
IQR = 0.000 ns, LowerFence = 675.687 ns, UpperFence = 675.687 ns
ConfidenceInterval = [NaN ns; NaN ns] (CI 99.9%), Margin = NaN ns (NaN% of Mean)
Skewness = NaN, Kurtosis = NaN, MValue = 2
-------------------- Histogram --------------------
[675.187 ns ; 676.187 ns) | @
---------------------------------------------------

CodecSuite.Run: campaign(EvaluateOverhead=False, Clock=Armonik.Ffi.Bdn.CpuClock, Toolchain=InProcessEmitToolchain, IterationCount=1, IterationTime=2ms, LaunchCount=1, RunStrategy=Throughput, WarmupCount=1) [Case=core-(...)known [37]]
Runtime = ; GC = 
Mean = 810.782 us, StdErr = 0.000 us (0.00%), N = 1, StdDev = 0.000 us
Min = 810.782 us, Q1 = 810.782 us, Median = 810.782 us, Q3 = 810.782 us, Max = 810.782 us
IQR = 0.000 us, LowerFence = 810.782 us, UpperFence = 810.782 us
ConfidenceInterval = [NaN us; NaN us] (CI 99.9%), Margin = NaN us (NaN% of Mean)
Skewness = NaN, Kurtosis = NaN, MValue = 2
-------------------- Histogram --------------------
[810.781 us ; 810.782 us) | @
---------------------------------------------------

CodecSuite.Run: campaign(EvaluateOverhead=False, Clock=Armonik.Ffi.Bdn.CpuClock, Toolchain=InProcessEmitToolchain, IterationCount=1, IterationTime=2ms, LaunchCount=1, RunStrategy=Throughput, WarmupCount=1) [Case=core-(...)known [37]]
Runtime = ; GC = 
Mean = 76.552 us, StdErr = 0.000 us (0.00%), N = 1, StdDev = 0.000 us
Min = 76.552 us, Q1 = 76.552 us, Median = 76.552 us, Q3 = 76.552 us, Max = 76.552 us
IQR = 0.000 us, LowerFence = 76.552 us, UpperFence = 76.552 us
ConfidenceInterval = [NaN us; NaN us] (CI 99.9%), Margin = NaN us (NaN% of Mean)
Skewness = NaN, Kurtosis = NaN, MValue = 2
-------------------- Histogram --------------------
[76.551 us ; 76.552 us) | @
---------------------------------------------------

CodecSuite.Run: campaign(EvaluateOverhead=False, Clock=Armonik.Ffi.Bdn.CpuClock, Toolchain=InProcessEmitToolchain, IterationCount=1, IterationTime=2ms, LaunchCount=1, RunStrategy=Throughput, WarmupCount=1) [Case=core-(...)known [52]]
Runtime = ; GC = 
Mean = 265.081 ns, StdErr = 0.000 ns (0.00%), N = 1, StdDev = 0.000 ns
Min = 265.081 ns, Q1 = 265.081 ns, Median = 265.081 ns, Q3 = 265.081 ns, Max = 265.081 ns
IQR = 0.000 ns, LowerFence = 265.081 ns, UpperFence = 265.081 ns
ConfidenceInterval = [NaN ns; NaN ns] (CI 99.9%), Margin = NaN ns (NaN% of Mean)
Skewness = NaN, Kurtosis = NaN, MValue = 2
-------------------- Histogram --------------------
[264.581 ns ; 265.581 ns) | @
---------------------------------------------------

CodecSuite.Run: campaign(EvaluateOverhead=False, Clock=Armonik.Ffi.Bdn.CpuClock, Toolchain=InProcessEmitToolchain, IterationCount=1, IterationTime=2ms, LaunchCount=1, RunStrategy=Throughput, WarmupCount=1) [Case=core-(...)known [60]]
Runtime = ; GC = 
Mean = 650.603 ns, StdErr = 0.000 ns (0.00%), N = 1, StdDev = 0.000 ns
Min = 650.603 ns, Q1 = 650.603 ns, Median = 650.603 ns, Q3 = 650.603 ns, Max = 650.603 ns
IQR = 0.000 ns, LowerFence = 650.603 ns, UpperFence = 650.603 ns
ConfidenceInterval = [NaN ns; NaN ns] (CI 99.9%), Margin = NaN ns (NaN% of Mean)
Skewness = NaN, Kurtosis = NaN, MValue = 2
-------------------- Histogram --------------------
[650.103 ns ; 651.103 ns) | @
---------------------------------------------------

CodecSuite.Run: campaign(EvaluateOverhead=False, Clock=Armonik.Ffi.Bdn.CpuClock, Toolchain=InProcessEmitToolchain, IterationCount=1, IterationTime=2ms, LaunchCount=1, RunStrategy=Throughput, WarmupCount=1) [Case=core-(...)known [37]]
Runtime = ; GC = 
Mean = 1.465 ms, StdErr = 0.000 ms (0.00%), N = 1, StdDev = 0.000 ms
Min = 1.465 ms, Q1 = 1.465 ms, Median = 1.465 ms, Q3 = 1.465 ms, Max = 1.465 ms
IQR = 0.000 ms, LowerFence = 1.465 ms, UpperFence = 1.465 ms
ConfidenceInterval = [NaN ms; NaN ms] (CI 99.9%), Margin = NaN ms (NaN% of Mean)
Skewness = NaN, Kurtosis = NaN, MValue = 2
-------------------- Histogram --------------------
[1.465 ms ; 1.465 ms) | @
---------------------------------------------------

CodecSuite.Run: campaign(EvaluateOverhead=False, Clock=Armonik.Ffi.Bdn.CpuClock, Toolchain=InProcessEmitToolchain, IterationCount=1, IterationTime=2ms, LaunchCount=1, RunStrategy=Throughput, WarmupCount=1) [Case=core-(...)known [41]]
Runtime = ; GC = 
Mean = 20.897 us, StdErr = 0.000 us (0.00%), N = 1, StdDev = 0.000 us
Min = 20.897 us, Q1 = 20.897 us, Median = 20.897 us, Q3 = 20.897 us, Max = 20.897 us
IQR = 0.000 us, LowerFence = 20.897 us, UpperFence = 20.897 us
ConfidenceInterval = [NaN us; NaN us] (CI 99.9%), Margin = NaN us (NaN% of Mean)
Skewness = NaN, Kurtosis = NaN, MValue = 2
-------------------- Histogram --------------------
[20.896 us ; 20.897 us) | @
---------------------------------------------------

CodecSuite.Run: campaign(EvaluateOverhead=False, Clock=Armonik.Ffi.Bdn.CpuClock, Toolchain=InProcessEmitToolchain, IterationCount=1, IterationTime=2ms, LaunchCount=1, RunStrategy=Throughput, WarmupCount=1) [Case=core-(...)known [47]]
Runtime = ; GC = 
Mean = 17.338 us, StdErr = 0.000 us (0.00%), N = 1, StdDev = 0.000 us
Min = 17.338 us, Q1 = 17.338 us, Median = 17.338 us, Q3 = 17.338 us, Max = 17.338 us
IQR = 0.000 us, LowerFence = 17.338 us, UpperFence = 17.338 us
ConfidenceInterval = [NaN us; NaN us] (CI 99.9%), Margin = NaN us (NaN% of Mean)
Skewness = NaN, Kurtosis = NaN, MValue = 2
-------------------- Histogram --------------------
[17.338 us ; 17.339 us) | @
---------------------------------------------------

CodecSuite.Run: campaign(EvaluateOverhead=False, Clock=Armonik.Ffi.Bdn.CpuClock, Toolchain=InProcessEmitToolchain, IterationCount=1, IterationTime=2ms, LaunchCount=1, RunStrategy=Throughput, WarmupCount=1) [Case=core-(...)known [55]]
Runtime = ; GC = 
Mean = 127.542 ns, StdErr = 0.000 ns (0.00%), N = 1, StdDev = 0.000 ns
Min = 127.542 ns, Q1 = 127.542 ns, Median = 127.542 ns, Q3 = 127.542 ns, Max = 127.542 ns
IQR = 0.000 ns, LowerFence = 127.542 ns, UpperFence = 127.542 ns
ConfidenceInterval = [NaN ns; NaN ns] (CI 99.9%), Margin = NaN ns (NaN% of Mean)
Skewness = NaN, Kurtosis = NaN, MValue = 2
-------------------- Histogram --------------------
[127.042 ns ; 128.042 ns) | @
---------------------------------------------------

CodecSuite.Run: campaign(EvaluateOverhead=False, Clock=Armonik.Ffi.Bdn.CpuClock, Toolchain=InProcessEmitToolchain, IterationCount=1, IterationTime=2ms, LaunchCount=1, RunStrategy=Throughput, WarmupCount=1) [Case=core-(...)known [42]]
Runtime = ; GC = 
Mean = 590.997 us, StdErr = 0.000 us (0.00%), N = 1, StdDev = 0.000 us
Min = 590.997 us, Q1 = 590.997 us, Median = 590.997 us, Q3 = 590.997 us, Max = 590.997 us
IQR = 0.000 us, LowerFence = 590.997 us, UpperFence = 590.997 us
ConfidenceInterval = [NaN us; NaN us] (CI 99.9%), Margin = NaN us (NaN% of Mean)
Skewness = NaN, Kurtosis = NaN, MValue = 2
-------------------- Histogram --------------------
[590.997 us ; 590.998 us) | @
---------------------------------------------------

CodecSuite.Run: campaign(EvaluateOverhead=False, Clock=Armonik.Ffi.Bdn.CpuClock, Toolchain=InProcessEmitToolchain, IterationCount=1, IterationTime=2ms, LaunchCount=1, RunStrategy=Throughput, WarmupCount=1) [Case=core-(...)known [47]]
Runtime = ; GC = 
Mean = 3.850 us, StdErr = 0.000 us (0.00%), N = 1, StdDev = 0.000 us
Min = 3.850 us, Q1 = 3.850 us, Median = 3.850 us, Q3 = 3.850 us, Max = 3.850 us
IQR = 0.000 us, LowerFence = 3.850 us, UpperFence = 3.850 us
ConfidenceInterval = [NaN us; NaN us] (CI 99.9%), Margin = NaN us (NaN% of Mean)
Skewness = NaN, Kurtosis = NaN, MValue = 2
-------------------- Histogram --------------------
[3.850 us ; 3.851 us) | @
---------------------------------------------------

CodecSuite.Run: campaign(EvaluateOverhead=False, Clock=Armonik.Ffi.Bdn.CpuClock, Toolchain=InProcessEmitToolchain, IterationCount=1, IterationTime=2ms, LaunchCount=1, RunStrategy=Throughput, WarmupCount=1) [Case=core-(...)known [38]]
Runtime = ; GC = 
Mean = 317.956 us, StdErr = 0.000 us (0.00%), N = 1, StdDev = 0.000 us
Min = 317.956 us, Q1 = 317.956 us, Median = 317.956 us, Q3 = 317.956 us, Max = 317.956 us
IQR = 0.000 us, LowerFence = 317.956 us, UpperFence = 317.956 us
ConfidenceInterval = [NaN us; NaN us] (CI 99.9%), Margin = NaN us (NaN% of Mean)
Skewness = NaN, Kurtosis = NaN, MValue = 2
-------------------- Histogram --------------------
[317.955 us ; 317.956 us) | @
---------------------------------------------------

CodecSuite.Run: campaign(EvaluateOverhead=False, Clock=Armonik.Ffi.Bdn.CpuClock, Toolchain=InProcessEmitToolchain, IterationCount=1, IterationTime=2ms, LaunchCount=1, RunStrategy=Throughput, WarmupCount=1) [Case=core-(...)known [41]]
Runtime = ; GC = 
Mean = 349.561 us, StdErr = 0.000 us (0.00%), N = 1, StdDev = 0.000 us
Min = 349.561 us, Q1 = 349.561 us, Median = 349.561 us, Q3 = 349.561 us, Max = 349.561 us
IQR = 0.000 us, LowerFence = 349.561 us, UpperFence = 349.561 us
ConfidenceInterval = [NaN us; NaN us] (CI 99.9%), Margin = NaN us (NaN% of Mean)
Skewness = NaN, Kurtosis = NaN, MValue = 2
-------------------- Histogram --------------------
[349.561 us ; 349.562 us) | @
---------------------------------------------------

CodecSuite.Run: campaign(EvaluateOverhead=False, Clock=Armonik.Ffi.Bdn.CpuClock, Toolchain=InProcessEmitToolchain, IterationCount=1, IterationTime=2ms, LaunchCount=1, RunStrategy=Throughput, WarmupCount=1) [Case=core-(...)known [38]]
Runtime = ; GC = 
Mean = 2.077 ms, StdErr = 0.000 ms (0.00%), N = 1, StdDev = 0.000 ms
Min = 2.077 ms, Q1 = 2.077 ms, Median = 2.077 ms, Q3 = 2.077 ms, Max = 2.077 ms
IQR = 0.000 ms, LowerFence = 2.077 ms, UpperFence = 2.077 ms
ConfidenceInterval = [NaN ms; NaN ms] (CI 99.9%), Margin = NaN ms (NaN% of Mean)
Skewness = NaN, Kurtosis = NaN, MValue = 2
-------------------- Histogram --------------------
[2.077 ms ; 2.077 ms) | @
---------------------------------------------------

CodecSuite.Run: campaign(EvaluateOverhead=False, Clock=Armonik.Ffi.Bdn.CpuClock, Toolchain=InProcessEmitToolchain, IterationCount=1, IterationTime=2ms, LaunchCount=1, RunStrategy=Throughput, WarmupCount=1) [Case=core-(...)known [51]]
Runtime = ; GC = 
Mean = 939.535 us, StdErr = 0.000 us (0.00%), N = 1, StdDev = 0.000 us
Min = 939.535 us, Q1 = 939.535 us, Median = 939.535 us, Q3 = 939.535 us, Max = 939.535 us
IQR = 0.000 us, LowerFence = 939.535 us, UpperFence = 939.535 us
ConfidenceInterval = [NaN us; NaN us] (CI 99.9%), Margin = NaN us (NaN% of Mean)
Skewness = NaN, Kurtosis = NaN, MValue = 2
-------------------- Histogram --------------------
[939.534 us ; 939.535 us) | @
---------------------------------------------------

CodecSuite.Run: campaign(EvaluateOverhead=False, Clock=Armonik.Ffi.Bdn.CpuClock, Toolchain=InProcessEmitToolchain, IterationCount=1, IterationTime=2ms, LaunchCount=1, RunStrategy=Throughput, WarmupCount=1) [Case=core-(...)known [50]]
Runtime = ; GC = 
Mean = 445.857 us, StdErr = 0.000 us (0.00%), N = 1, StdDev = 0.000 us
Min = 445.857 us, Q1 = 445.857 us, Median = 445.857 us, Q3 = 445.857 us, Max = 445.857 us
IQR = 0.000 us, LowerFence = 445.857 us, UpperFence = 445.857 us
ConfidenceInterval = [NaN us; NaN us] (CI 99.9%), Margin = NaN us (NaN% of Mean)
Skewness = NaN, Kurtosis = NaN, MValue = 2
-------------------- Histogram --------------------
[445.856 us ; 445.858 us) | @
---------------------------------------------------

CodecSuite.Run: campaign(EvaluateOverhead=False, Clock=Armonik.Ffi.Bdn.CpuClock, Toolchain=InProcessEmitToolchain, IterationCount=1, IterationTime=2ms, LaunchCount=1, RunStrategy=Throughput, WarmupCount=1) [Case=core-(...)known [42]]
Runtime = ; GC = 
Mean = 567.338 us, StdErr = 0.000 us (0.00%), N = 1, StdDev = 0.000 us
Min = 567.338 us, Q1 = 567.338 us, Median = 567.338 us, Q3 = 567.338 us, Max = 567.338 us
IQR = 0.000 us, LowerFence = 567.338 us, UpperFence = 567.338 us
ConfidenceInterval = [NaN us; NaN us] (CI 99.9%), Margin = NaN us (NaN% of Mean)
Skewness = NaN, Kurtosis = NaN, MValue = 2
-------------------- Histogram --------------------
[567.338 us ; 567.339 us) | @
---------------------------------------------------

CodecSuite.Run: campaign(EvaluateOverhead=False, Clock=Armonik.Ffi.Bdn.CpuClock, Toolchain=InProcessEmitToolchain, IterationCount=1, IterationTime=2ms, LaunchCount=1, RunStrategy=Throughput, WarmupCount=1) [Case=core-(...)known [47]]
Runtime = ; GC = 
Mean = 3.196 ms, StdErr = 0.000 ms (0.00%), N = 1, StdDev = 0.000 ms
Min = 3.196 ms, Q1 = 3.196 ms, Median = 3.196 ms, Q3 = 3.196 ms, Max = 3.196 ms
IQR = 0.000 ms, LowerFence = 3.196 ms, UpperFence = 3.196 ms
ConfidenceInterval = [NaN ms; NaN ms] (CI 99.9%), Margin = NaN ms (NaN% of Mean)
Skewness = NaN, Kurtosis = NaN, MValue = 2
-------------------- Histogram --------------------
[3.196 ms ; 3.196 ms) | @
---------------------------------------------------

CodecSuite.Run: campaign(EvaluateOverhead=False, Clock=Armonik.Ffi.Bdn.CpuClock, Toolchain=InProcessEmitToolchain, IterationCount=1, IterationTime=2ms, LaunchCount=1, RunStrategy=Throughput, WarmupCount=1) [Case=core-(...)known [42]]
Runtime = ; GC = 
Mean = 290.877 us, StdErr = 0.000 us (0.00%), N = 1, StdDev = 0.000 us
Min = 290.877 us, Q1 = 290.877 us, Median = 290.877 us, Q3 = 290.877 us, Max = 290.877 us
IQR = 0.000 us, LowerFence = 290.877 us, UpperFence = 290.877 us
ConfidenceInterval = [NaN us; NaN us] (CI 99.9%), Margin = NaN us (NaN% of Mean)
Skewness = NaN, Kurtosis = NaN, MValue = 2
-------------------- Histogram --------------------
[290.877 us ; 290.878 us) | @
---------------------------------------------------

CodecSuite.Run: campaign(EvaluateOverhead=False, Clock=Armonik.Ffi.Bdn.CpuClock, Toolchain=InProcessEmitToolchain, IterationCount=1, IterationTime=2ms, LaunchCount=1, RunStrategy=Throughput, WarmupCount=1) [Case=core-(...)known [48]]
Runtime = ; GC = 
Mean = 1.597 ms, StdErr = 0.000 ms (0.00%), N = 1, StdDev = 0.000 ms
Min = 1.597 ms, Q1 = 1.597 ms, Median = 1.597 ms, Q3 = 1.597 ms, Max = 1.597 ms
IQR = 0.000 ms, LowerFence = 1.597 ms, UpperFence = 1.597 ms
ConfidenceInterval = [NaN ms; NaN ms] (CI 99.9%), Margin = NaN ms (NaN% of Mean)
Skewness = NaN, Kurtosis = NaN, MValue = 2
-------------------- Histogram --------------------
[1.597 ms ; 1.597 ms) | @
---------------------------------------------------

CodecSuite.Run: campaign(EvaluateOverhead=False, Clock=Armonik.Ffi.Bdn.CpuClock, Toolchain=InProcessEmitToolchain, IterationCount=1, IterationTime=2ms, LaunchCount=1, RunStrategy=Throughput, WarmupCount=1) [Case=core-(...)known [51]]
Runtime = ; GC = 
Mean = 16.020 us, StdErr = 0.000 us (0.00%), N = 1, StdDev = 0.000 us
Min = 16.020 us, Q1 = 16.020 us, Median = 16.020 us, Q3 = 16.020 us, Max = 16.020 us
IQR = 0.000 us, LowerFence = 16.020 us, UpperFence = 16.020 us
ConfidenceInterval = [NaN us; NaN us] (CI 99.9%), Margin = NaN us (NaN% of Mean)
Skewness = NaN, Kurtosis = NaN, MValue = 2
-------------------- Histogram --------------------
[16.020 us ; 16.021 us) | @
---------------------------------------------------

CodecSuite.Run: campaign(EvaluateOverhead=False, Clock=Armonik.Ffi.Bdn.CpuClock, Toolchain=InProcessEmitToolchain, IterationCount=1, IterationTime=2ms, LaunchCount=1, RunStrategy=Throughput, WarmupCount=1) [Case=core-(...)known [41]]
Runtime = ; GC = 
Mean = 1.182 ms, StdErr = 0.000 ms (0.00%), N = 1, StdDev = 0.000 ms
Min = 1.182 ms, Q1 = 1.182 ms, Median = 1.182 ms, Q3 = 1.182 ms, Max = 1.182 ms
IQR = 0.000 ms, LowerFence = 1.182 ms, UpperFence = 1.182 ms
ConfidenceInterval = [NaN ms; NaN ms] (CI 99.9%), Margin = NaN ms (NaN% of Mean)
Skewness = NaN, Kurtosis = NaN, MValue = 2
-------------------- Histogram --------------------
[1.182 ms ; 1.182 ms) | @
---------------------------------------------------

CodecSuite.Run: campaign(EvaluateOverhead=False, Clock=Armonik.Ffi.Bdn.CpuClock, Toolchain=InProcessEmitToolchain, IterationCount=1, IterationTime=2ms, LaunchCount=1, RunStrategy=Throughput, WarmupCount=1) [Case=core-(...)known [37]]
Runtime = ; GC = 
Mean = 569.132 ns, StdErr = 0.000 ns (0.00%), N = 1, StdDev = 0.000 ns
Min = 569.132 ns, Q1 = 569.132 ns, Median = 569.132 ns, Q3 = 569.132 ns, Max = 569.132 ns
IQR = 0.000 ns, LowerFence = 569.132 ns, UpperFence = 569.132 ns
ConfidenceInterval = [NaN ns; NaN ns] (CI 99.9%), Margin = NaN ns (NaN% of Mean)
Skewness = NaN, Kurtosis = NaN, MValue = 2
-------------------- Histogram --------------------
[568.632 ns ; 569.632 ns) | @
---------------------------------------------------

CodecSuite.Run: campaign(EvaluateOverhead=False, Clock=Armonik.Ffi.Bdn.CpuClock, Toolchain=InProcessEmitToolchain, IterationCount=1, IterationTime=2ms, LaunchCount=1, RunStrategy=Throughput, WarmupCount=1) [Case=core-(...)known [42]]
Runtime = ; GC = 
Mean = 1.967 ms, StdErr = 0.000 ms (0.00%), N = 1, StdDev = 0.000 ms
Min = 1.967 ms, Q1 = 1.967 ms, Median = 1.967 ms, Q3 = 1.967 ms, Max = 1.967 ms
IQR = 0.000 ms, LowerFence = 1.967 ms, UpperFence = 1.967 ms
ConfidenceInterval = [NaN ms; NaN ms] (CI 99.9%), Margin = NaN ms (NaN% of Mean)
Skewness = NaN, Kurtosis = NaN, MValue = 2
-------------------- Histogram --------------------
[1.967 ms ; 1.967 ms) | @
---------------------------------------------------

CodecSuite.Run: campaign(EvaluateOverhead=False, Clock=Armonik.Ffi.Bdn.CpuClock, Toolchain=InProcessEmitToolchain, IterationCount=1, IterationTime=2ms, LaunchCount=1, RunStrategy=Throughput, WarmupCount=1) [Case=core-(...)known [51]]
Runtime = ; GC = 
Mean = 895.062 us, StdErr = 0.000 us (0.00%), N = 1, StdDev = 0.000 us
Min = 895.062 us, Q1 = 895.062 us, Median = 895.062 us, Q3 = 895.062 us, Max = 895.062 us
IQR = 0.000 us, LowerFence = 895.062 us, UpperFence = 895.062 us
ConfidenceInterval = [NaN us; NaN us] (CI 99.9%), Margin = NaN us (NaN% of Mean)
Skewness = NaN, Kurtosis = NaN, MValue = 2
-------------------- Histogram --------------------
[895.061 us ; 895.062 us) | @
---------------------------------------------------

CodecSuite.Run: campaign(EvaluateOverhead=False, Clock=Armonik.Ffi.Bdn.CpuClock, Toolchain=InProcessEmitToolchain, IterationCount=1, IterationTime=2ms, LaunchCount=1, RunStrategy=Throughput, WarmupCount=1) [Case=core-(...)known [38]]
Runtime = ; GC = 
Mean = 1.546 ms, StdErr = 0.000 ms (0.00%), N = 1, StdDev = 0.000 ms
Min = 1.546 ms, Q1 = 1.546 ms, Median = 1.546 ms, Q3 = 1.546 ms, Max = 1.546 ms
IQR = 0.000 ms, LowerFence = 1.546 ms, UpperFence = 1.546 ms
ConfidenceInterval = [NaN ms; NaN ms] (CI 99.9%), Margin = NaN ms (NaN% of Mean)
Skewness = NaN, Kurtosis = NaN, MValue = 2
-------------------- Histogram --------------------
[1.546 ms ; 1.546 ms) | @
---------------------------------------------------

CodecSuite.Run: campaign(EvaluateOverhead=False, Clock=Armonik.Ffi.Bdn.CpuClock, Toolchain=InProcessEmitToolchain, IterationCount=1, IterationTime=2ms, LaunchCount=1, RunStrategy=Throughput, WarmupCount=1) [Case=core-(...)known [52]]
Runtime = ; GC = 
Mean = 332.769 us, StdErr = 0.000 us (0.00%), N = 1, StdDev = 0.000 us
Min = 332.769 us, Q1 = 332.769 us, Median = 332.769 us, Q3 = 332.769 us, Max = 332.769 us
IQR = 0.000 us, LowerFence = 332.769 us, UpperFence = 332.769 us
ConfidenceInterval = [NaN us; NaN us] (CI 99.9%), Margin = NaN us (NaN% of Mean)
Skewness = NaN, Kurtosis = NaN, MValue = 2
-------------------- Histogram --------------------
[332.768 us ; 332.769 us) | @
---------------------------------------------------

CodecSuite.Run: campaign(EvaluateOverhead=False, Clock=Armonik.Ffi.Bdn.CpuClock, Toolchain=InProcessEmitToolchain, IterationCount=1, IterationTime=2ms, LaunchCount=1, RunStrategy=Throughput, WarmupCount=1) [Case=core-(...)known [37]]
Runtime = ; GC = 
Mean = 1.611 ms, StdErr = 0.000 ms (0.00%), N = 1, StdDev = 0.000 ms
Min = 1.611 ms, Q1 = 1.611 ms, Median = 1.611 ms, Q3 = 1.611 ms, Max = 1.611 ms
IQR = 0.000 ms, LowerFence = 1.611 ms, UpperFence = 1.611 ms
ConfidenceInterval = [NaN ms; NaN ms] (CI 99.9%), Margin = NaN ms (NaN% of Mean)
Skewness = NaN, Kurtosis = NaN, MValue = 2
-------------------- Histogram --------------------
[1.611 ms ; 1.611 ms) | @
---------------------------------------------------

CodecSuite.Run: campaign(EvaluateOverhead=False, Clock=Armonik.Ffi.Bdn.CpuClock, Toolchain=InProcessEmitToolchain, IterationCount=1, IterationTime=2ms, LaunchCount=1, RunStrategy=Throughput, WarmupCount=1) [Case=core-(...)known [42]]
Runtime = ; GC = 
Mean = 143.267 us, StdErr = 0.000 us (0.00%), N = 1, StdDev = 0.000 us
Min = 143.267 us, Q1 = 143.267 us, Median = 143.267 us, Q3 = 143.267 us, Max = 143.267 us
IQR = 0.000 us, LowerFence = 143.267 us, UpperFence = 143.267 us
ConfidenceInterval = [NaN us; NaN us] (CI 99.9%), Margin = NaN us (NaN% of Mean)
Skewness = NaN, Kurtosis = NaN, MValue = 2
-------------------- Histogram --------------------
[143.267 us ; 143.268 us) | @
---------------------------------------------------

CodecSuite.Run: campaign(EvaluateOverhead=False, Clock=Armonik.Ffi.Bdn.CpuClock, Toolchain=InProcessEmitToolchain, IterationCount=1, IterationTime=2ms, LaunchCount=1, RunStrategy=Throughput, WarmupCount=1) [Case=core-(...)known [53]]
Runtime = ; GC = 
Mean = 7.195 us, StdErr = 0.000 us (0.00%), N = 1, StdDev = 0.000 us
Min = 7.195 us, Q1 = 7.195 us, Median = 7.195 us, Q3 = 7.195 us, Max = 7.195 us
IQR = 0.000 us, LowerFence = 7.195 us, UpperFence = 7.195 us
ConfidenceInterval = [NaN us; NaN us] (CI 99.9%), Margin = NaN us (NaN% of Mean)
Skewness = NaN, Kurtosis = NaN, MValue = 2
-------------------- Histogram --------------------
[7.194 us ; 7.195 us) | @
---------------------------------------------------

CodecSuite.Run: campaign(EvaluateOverhead=False, Clock=Armonik.Ffi.Bdn.CpuClock, Toolchain=InProcessEmitToolchain, IterationCount=1, IterationTime=2ms, LaunchCount=1, RunStrategy=Throughput, WarmupCount=1) [Case=core-(...)known [43]]
Runtime = ; GC = 
Mean = 4.014 ms, StdErr = 0.000 ms (0.00%), N = 1, StdDev = 0.000 ms
Min = 4.014 ms, Q1 = 4.014 ms, Median = 4.014 ms, Q3 = 4.014 ms, Max = 4.014 ms
IQR = 0.000 ms, LowerFence = 4.014 ms, UpperFence = 4.014 ms
ConfidenceInterval = [NaN ms; NaN ms] (CI 99.9%), Margin = NaN ms (NaN% of Mean)
Skewness = NaN, Kurtosis = NaN, MValue = 2
-------------------- Histogram --------------------
[4.014 ms ; 4.014 ms) | @
---------------------------------------------------

CodecSuite.Run: campaign(EvaluateOverhead=False, Clock=Armonik.Ffi.Bdn.CpuClock, Toolchain=InProcessEmitToolchain, IterationCount=1, IterationTime=2ms, LaunchCount=1, RunStrategy=Throughput, WarmupCount=1) [Case=core-(...)known [41]]
Runtime = ; GC = 
Mean = 2.026 us, StdErr = 0.000 us (0.00%), N = 1, StdDev = 0.000 us
Min = 2.026 us, Q1 = 2.026 us, Median = 2.026 us, Q3 = 2.026 us, Max = 2.026 us
IQR = 0.000 us, LowerFence = 2.026 us, UpperFence = 2.026 us
ConfidenceInterval = [NaN us; NaN us] (CI 99.9%), Margin = NaN us (NaN% of Mean)
Skewness = NaN, Kurtosis = NaN, MValue = 2
-------------------- Histogram --------------------
[2.025 us ; 2.026 us) | @
---------------------------------------------------

CodecSuite.Run: campaign(EvaluateOverhead=False, Clock=Armonik.Ffi.Bdn.CpuClock, Toolchain=InProcessEmitToolchain, IterationCount=1, IterationTime=2ms, LaunchCount=1, RunStrategy=Throughput, WarmupCount=1) [Case=core-(...)known [42]]
Runtime = ; GC = 
Mean = 2.150 ms, StdErr = 0.000 ms (0.00%), N = 1, StdDev = 0.000 ms
Min = 2.150 ms, Q1 = 2.150 ms, Median = 2.150 ms, Q3 = 2.150 ms, Max = 2.150 ms
IQR = 0.000 ms, LowerFence = 2.150 ms, UpperFence = 2.150 ms
ConfidenceInterval = [NaN ms; NaN ms] (CI 99.9%), Margin = NaN ms (NaN% of Mean)
Skewness = NaN, Kurtosis = NaN, MValue = 2
-------------------- Histogram --------------------
[2.150 ms ; 2.150 ms) | @
---------------------------------------------------

CodecSuite.Run: campaign(EvaluateOverhead=False, Clock=Armonik.Ffi.Bdn.CpuClock, Toolchain=InProcessEmitToolchain, IterationCount=1, IterationTime=2ms, LaunchCount=1, RunStrategy=Throughput, WarmupCount=1) [Case=core-(...)known [37]]
Runtime = ; GC = 
Mean = 1.596 us, StdErr = 0.000 us (0.00%), N = 1, StdDev = 0.000 us
Min = 1.596 us, Q1 = 1.596 us, Median = 1.596 us, Q3 = 1.596 us, Max = 1.596 us
IQR = 0.000 us, LowerFence = 1.596 us, UpperFence = 1.596 us
ConfidenceInterval = [NaN us; NaN us] (CI 99.9%), Margin = NaN us (NaN% of Mean)
Skewness = NaN, Kurtosis = NaN, MValue = 2
-------------------- Histogram --------------------
[1.595 us ; 1.596 us) | @
---------------------------------------------------

CodecSuite.Run: campaign(EvaluateOverhead=False, Clock=Armonik.Ffi.Bdn.CpuClock, Toolchain=InProcessEmitToolchain, IterationCount=1, IterationTime=2ms, LaunchCount=1, RunStrategy=Throughput, WarmupCount=1) [Case=core-(...)known [37]]
Runtime = ; GC = 
Mean = 22.394 us, StdErr = 0.000 us (0.00%), N = 1, StdDev = 0.000 us
Min = 22.394 us, Q1 = 22.394 us, Median = 22.394 us, Q3 = 22.394 us, Max = 22.394 us
IQR = 0.000 us, LowerFence = 22.394 us, UpperFence = 22.394 us
ConfidenceInterval = [NaN us; NaN us] (CI 99.9%), Margin = NaN us (NaN% of Mean)
Skewness = NaN, Kurtosis = NaN, MValue = 2
-------------------- Histogram --------------------
[22.393 us ; 22.394 us) | @
---------------------------------------------------

CodecSuite.Run: campaign(EvaluateOverhead=False, Clock=Armonik.Ffi.Bdn.CpuClock, Toolchain=InProcessEmitToolchain, IterationCount=1, IterationTime=2ms, LaunchCount=1, RunStrategy=Throughput, WarmupCount=1) [Case=core-(...)known [42]]
Runtime = ; GC = 
Mean = 2.125 ms, StdErr = 0.000 ms (0.00%), N = 1, StdDev = 0.000 ms
Min = 2.125 ms, Q1 = 2.125 ms, Median = 2.125 ms, Q3 = 2.125 ms, Max = 2.125 ms
IQR = 0.000 ms, LowerFence = 2.125 ms, UpperFence = 2.125 ms
ConfidenceInterval = [NaN ms; NaN ms] (CI 99.9%), Margin = NaN ms (NaN% of Mean)
Skewness = NaN, Kurtosis = NaN, MValue = 2
-------------------- Histogram --------------------
[2.125 ms ; 2.125 ms) | @
---------------------------------------------------

CodecSuite.Run: campaign(EvaluateOverhead=False, Clock=Armonik.Ffi.Bdn.CpuClock, Toolchain=InProcessEmitToolchain, IterationCount=1, IterationTime=2ms, LaunchCount=1, RunStrategy=Throughput, WarmupCount=1) [Case=core-(...)known [44]]
Runtime = ; GC = 
Mean = 5.487 us, StdErr = 0.000 us (0.00%), N = 1, StdDev = 0.000 us
Min = 5.487 us, Q1 = 5.487 us, Median = 5.487 us, Q3 = 5.487 us, Max = 5.487 us
IQR = 0.000 us, LowerFence = 5.487 us, UpperFence = 5.487 us
ConfidenceInterval = [NaN us; NaN us] (CI 99.9%), Margin = NaN us (NaN% of Mean)
Skewness = NaN, Kurtosis = NaN, MValue = 2
-------------------- Histogram --------------------
[5.486 us ; 5.487 us) | @
---------------------------------------------------

CodecSuite.Run: campaign(EvaluateOverhead=False, Clock=Armonik.Ffi.Bdn.CpuClock, Toolchain=InProcessEmitToolchain, IterationCount=1, IterationTime=2ms, LaunchCount=1, RunStrategy=Throughput, WarmupCount=1) [Case=core-(...)known [37]]
Runtime = ; GC = 
Mean = 27.260 us, StdErr = 0.000 us (0.00%), N = 1, StdDev = 0.000 us
Min = 27.260 us, Q1 = 27.260 us, Median = 27.260 us, Q3 = 27.260 us, Max = 27.260 us
IQR = 0.000 us, LowerFence = 27.260 us, UpperFence = 27.260 us
ConfidenceInterval = [NaN us; NaN us] (CI 99.9%), Margin = NaN us (NaN% of Mean)
Skewness = NaN, Kurtosis = NaN, MValue = 2
-------------------- Histogram --------------------
[27.260 us ; 27.261 us) | @
---------------------------------------------------

CodecSuite.Run: campaign(EvaluateOverhead=False, Clock=Armonik.Ffi.Bdn.CpuClock, Toolchain=InProcessEmitToolchain, IterationCount=1, IterationTime=2ms, LaunchCount=1, RunStrategy=Throughput, WarmupCount=1) [Case=core-(...)known [37]]
Runtime = ; GC = 
Mean = 24.823 us, StdErr = 0.000 us (0.00%), N = 1, StdDev = 0.000 us
Min = 24.823 us, Q1 = 24.823 us, Median = 24.823 us, Q3 = 24.823 us, Max = 24.823 us
IQR = 0.000 us, LowerFence = 24.823 us, UpperFence = 24.823 us
ConfidenceInterval = [NaN us; NaN us] (CI 99.9%), Margin = NaN us (NaN% of Mean)
Skewness = NaN, Kurtosis = NaN, MValue = 2
-------------------- Histogram --------------------
[24.823 us ; 24.824 us) | @
---------------------------------------------------

CodecSuite.Run: campaign(EvaluateOverhead=False, Clock=Armonik.Ffi.Bdn.CpuClock, Toolchain=InProcessEmitToolchain, IterationCount=1, IterationTime=2ms, LaunchCount=1, RunStrategy=Throughput, WarmupCount=1) [Case=core-(...)known [37]]
Runtime = ; GC = 
Mean = 28.294 us, StdErr = 0.000 us (0.00%), N = 1, StdDev = 0.000 us
Min = 28.294 us, Q1 = 28.294 us, Median = 28.294 us, Q3 = 28.294 us, Max = 28.294 us
IQR = 0.000 us, LowerFence = 28.294 us, UpperFence = 28.294 us
ConfidenceInterval = [NaN us; NaN us] (CI 99.9%), Margin = NaN us (NaN% of Mean)
Skewness = NaN, Kurtosis = NaN, MValue = 2
-------------------- Histogram --------------------
[28.293 us ; 28.294 us) | @
---------------------------------------------------

CodecSuite.Run: campaign(EvaluateOverhead=False, Clock=Armonik.Ffi.Bdn.CpuClock, Toolchain=InProcessEmitToolchain, IterationCount=1, IterationTime=2ms, LaunchCount=1, RunStrategy=Throughput, WarmupCount=1) [Case=core-(...)known [37]]
Runtime = ; GC = 
Mean = 401.372 us, StdErr = 0.000 us (0.00%), N = 1, StdDev = 0.000 us
Min = 401.372 us, Q1 = 401.372 us, Median = 401.372 us, Q3 = 401.372 us, Max = 401.372 us
IQR = 0.000 us, LowerFence = 401.372 us, UpperFence = 401.372 us
ConfidenceInterval = [NaN us; NaN us] (CI 99.9%), Margin = NaN us (NaN% of Mean)
Skewness = NaN, Kurtosis = NaN, MValue = 2
-------------------- Histogram --------------------
[401.371 us ; 401.372 us) | @
---------------------------------------------------

CodecSuite.Run: campaign(EvaluateOverhead=False, Clock=Armonik.Ffi.Bdn.CpuClock, Toolchain=InProcessEmitToolchain, IterationCount=1, IterationTime=2ms, LaunchCount=1, RunStrategy=Throughput, WarmupCount=1) [Case=core-(...)known [37]]
Runtime = ; GC = 
Mean = 1.850 ms, StdErr = 0.000 ms (0.00%), N = 1, StdDev = 0.000 ms
Min = 1.850 ms, Q1 = 1.850 ms, Median = 1.850 ms, Q3 = 1.850 ms, Max = 1.850 ms
IQR = 0.000 ms, LowerFence = 1.850 ms, UpperFence = 1.850 ms
ConfidenceInterval = [NaN ms; NaN ms] (CI 99.9%), Margin = NaN ms (NaN% of Mean)
Skewness = NaN, Kurtosis = NaN, MValue = 2
-------------------- Histogram --------------------
[1.850 ms ; 1.850 ms) | @
---------------------------------------------------

CodecSuite.Run: campaign(EvaluateOverhead=False, Clock=Armonik.Ffi.Bdn.CpuClock, Toolchain=InProcessEmitToolchain, IterationCount=1, IterationTime=2ms, LaunchCount=1, RunStrategy=Throughput, WarmupCount=1) [Case=core-(...)known [40]]
Runtime = ; GC = 
Mean = 1.779 ms, StdErr = 0.000 ms (0.00%), N = 1, StdDev = 0.000 ms
Min = 1.779 ms, Q1 = 1.779 ms, Median = 1.779 ms, Q3 = 1.779 ms, Max = 1.779 ms
IQR = 0.000 ms, LowerFence = 1.779 ms, UpperFence = 1.779 ms
ConfidenceInterval = [NaN ms; NaN ms] (CI 99.9%), Margin = NaN ms (NaN% of Mean)
Skewness = NaN, Kurtosis = NaN, MValue = 2
-------------------- Histogram --------------------
[1.779 ms ; 1.779 ms) | @
---------------------------------------------------

CodecSuite.Run: campaign(EvaluateOverhead=False, Clock=Armonik.Ffi.Bdn.CpuClock, Toolchain=InProcessEmitToolchain, IterationCount=1, IterationTime=2ms, LaunchCount=1, RunStrategy=Throughput, WarmupCount=1) [Case=core-(...)known [36]]
Runtime = ; GC = 
Mean = 1.755 ms, StdErr = 0.000 ms (0.00%), N = 1, StdDev = 0.000 ms
Min = 1.755 ms, Q1 = 1.755 ms, Median = 1.755 ms, Q3 = 1.755 ms, Max = 1.755 ms
IQR = 0.000 ms, LowerFence = 1.755 ms, UpperFence = 1.755 ms
ConfidenceInterval = [NaN ms; NaN ms] (CI 99.9%), Margin = NaN ms (NaN% of Mean)
Skewness = NaN, Kurtosis = NaN, MValue = 2
-------------------- Histogram --------------------
[1.755 ms ; 1.755 ms) | @
---------------------------------------------------

CodecSuite.Run: campaign(EvaluateOverhead=False, Clock=Armonik.Ffi.Bdn.CpuClock, Toolchain=InProcessEmitToolchain, IterationCount=1, IterationTime=2ms, LaunchCount=1, RunStrategy=Throughput, WarmupCount=1) [Case=core-(...)known [46]]
Runtime = ; GC = 
Mean = 576.448 us, StdErr = 0.000 us (0.00%), N = 1, StdDev = 0.000 us
Min = 576.448 us, Q1 = 576.448 us, Median = 576.448 us, Q3 = 576.448 us, Max = 576.448 us
IQR = 0.000 us, LowerFence = 576.448 us, UpperFence = 576.448 us
ConfidenceInterval = [NaN us; NaN us] (CI 99.9%), Margin = NaN us (NaN% of Mean)
Skewness = NaN, Kurtosis = NaN, MValue = 2
-------------------- Histogram --------------------
[576.447 us ; 576.448 us) | @
---------------------------------------------------

CodecSuite.Run: campaign(EvaluateOverhead=False, Clock=Armonik.Ffi.Bdn.CpuClock, Toolchain=InProcessEmitToolchain, IterationCount=1, IterationTime=2ms, LaunchCount=1, RunStrategy=Throughput, WarmupCount=1) [Case=core-(...)known [48]]
Runtime = ; GC = 
Mean = 320.773 us, StdErr = 0.000 us (0.00%), N = 1, StdDev = 0.000 us
Min = 320.773 us, Q1 = 320.773 us, Median = 320.773 us, Q3 = 320.773 us, Max = 320.773 us
IQR = 0.000 us, LowerFence = 320.773 us, UpperFence = 320.773 us
ConfidenceInterval = [NaN us; NaN us] (CI 99.9%), Margin = NaN us (NaN% of Mean)
Skewness = NaN, Kurtosis = NaN, MValue = 2
-------------------- Histogram --------------------
[320.772 us ; 320.773 us) | @
---------------------------------------------------

CodecSuite.Run: campaign(EvaluateOverhead=False, Clock=Armonik.Ffi.Bdn.CpuClock, Toolchain=InProcessEmitToolchain, IterationCount=1, IterationTime=2ms, LaunchCount=1, RunStrategy=Throughput, WarmupCount=1) [Case=core-(...)known [37]]
Runtime = ; GC = 
Mean = 299.728 ns, StdErr = 0.000 ns (0.00%), N = 1, StdDev = 0.000 ns
Min = 299.728 ns, Q1 = 299.728 ns, Median = 299.728 ns, Q3 = 299.728 ns, Max = 299.728 ns
IQR = 0.000 ns, LowerFence = 299.728 ns, UpperFence = 299.728 ns
ConfidenceInterval = [NaN ns; NaN ns] (CI 99.9%), Margin = NaN ns (NaN% of Mean)
Skewness = NaN, Kurtosis = NaN, MValue = 2
-------------------- Histogram --------------------
[299.228 ns ; 300.228 ns) | @
---------------------------------------------------

CodecSuite.Run: campaign(EvaluateOverhead=False, Clock=Armonik.Ffi.Bdn.CpuClock, Toolchain=InProcessEmitToolchain, IterationCount=1, IterationTime=2ms, LaunchCount=1, RunStrategy=Throughput, WarmupCount=1) [Case=core-(...)known [36]]
Runtime = ; GC = 
Mean = 1.599 ms, StdErr = 0.000 ms (0.00%), N = 1, StdDev = 0.000 ms
Min = 1.599 ms, Q1 = 1.599 ms, Median = 1.599 ms, Q3 = 1.599 ms, Max = 1.599 ms
IQR = 0.000 ms, LowerFence = 1.599 ms, UpperFence = 1.599 ms
ConfidenceInterval = [NaN ms; NaN ms] (CI 99.9%), Margin = NaN ms (NaN% of Mean)
Skewness = NaN, Kurtosis = NaN, MValue = 2
-------------------- Histogram --------------------
[1.599 ms ; 1.599 ms) | @
---------------------------------------------------

CodecSuite.Run: campaign(EvaluateOverhead=False, Clock=Armonik.Ffi.Bdn.CpuClock, Toolchain=InProcessEmitToolchain, IterationCount=1, IterationTime=2ms, LaunchCount=1, RunStrategy=Throughput, WarmupCount=1) [Case=core-(...)known [41]]
Runtime = ; GC = 
Mean = 1.481 ms, StdErr = 0.000 ms (0.00%), N = 1, StdDev = 0.000 ms
Min = 1.481 ms, Q1 = 1.481 ms, Median = 1.481 ms, Q3 = 1.481 ms, Max = 1.481 ms
IQR = 0.000 ms, LowerFence = 1.481 ms, UpperFence = 1.481 ms
ConfidenceInterval = [NaN ms; NaN ms] (CI 99.9%), Margin = NaN ms (NaN% of Mean)
Skewness = NaN, Kurtosis = NaN, MValue = 2
-------------------- Histogram --------------------
[1.481 ms ; 1.481 ms) | @
---------------------------------------------------

CodecSuite.Run: campaign(EvaluateOverhead=False, Clock=Armonik.Ffi.Bdn.CpuClock, Toolchain=InProcessEmitToolchain, IterationCount=1, IterationTime=2ms, LaunchCount=1, RunStrategy=Throughput, WarmupCount=1) [Case=core-(...)known [41]]
Runtime = ; GC = 
Mean = 1.386 us, StdErr = 0.000 us (0.00%), N = 1, StdDev = 0.000 us
Min = 1.386 us, Q1 = 1.386 us, Median = 1.386 us, Q3 = 1.386 us, Max = 1.386 us
IQR = 0.000 us, LowerFence = 1.386 us, UpperFence = 1.386 us
ConfidenceInterval = [NaN us; NaN us] (CI 99.9%), Margin = NaN us (NaN% of Mean)
Skewness = NaN, Kurtosis = NaN, MValue = 2
-------------------- Histogram --------------------
[1.385 us ; 1.386 us) | @
---------------------------------------------------

CodecSuite.Run: campaign(EvaluateOverhead=False, Clock=Armonik.Ffi.Bdn.CpuClock, Toolchain=InProcessEmitToolchain, IterationCount=1, IterationTime=2ms, LaunchCount=1, RunStrategy=Throughput, WarmupCount=1) [Case=core-(...)known [51]]
Runtime = ; GC = 
Mean = 593.020 ns, StdErr = 0.000 ns (0.00%), N = 1, StdDev = 0.000 ns
Min = 593.020 ns, Q1 = 593.020 ns, Median = 593.020 ns, Q3 = 593.020 ns, Max = 593.020 ns
IQR = 0.000 ns, LowerFence = 593.020 ns, UpperFence = 593.020 ns
ConfidenceInterval = [NaN ns; NaN ns] (CI 99.9%), Margin = NaN ns (NaN% of Mean)
Skewness = NaN, Kurtosis = NaN, MValue = 2
-------------------- Histogram --------------------
[592.520 ns ; 593.520 ns) | @
---------------------------------------------------

CodecSuite.Run: campaign(EvaluateOverhead=False, Clock=Armonik.Ffi.Bdn.CpuClock, Toolchain=InProcessEmitToolchain, IterationCount=1, IterationTime=2ms, LaunchCount=1, RunStrategy=Throughput, WarmupCount=1) [Case=core-(...)known [47]]
Runtime = ; GC = 
Mean = 141.717 ns, StdErr = 0.000 ns (0.00%), N = 1, StdDev = 0.000 ns
Min = 141.717 ns, Q1 = 141.717 ns, Median = 141.717 ns, Q3 = 141.717 ns, Max = 141.717 ns
IQR = 0.000 ns, LowerFence = 141.717 ns, UpperFence = 141.717 ns
ConfidenceInterval = [NaN ns; NaN ns] (CI 99.9%), Margin = NaN ns (NaN% of Mean)
Skewness = NaN, Kurtosis = NaN, MValue = 2
-------------------- Histogram --------------------
[141.217 ns ; 142.217 ns) | @
---------------------------------------------------

CodecSuite.Run: campaign(EvaluateOverhead=False, Clock=Armonik.Ffi.Bdn.CpuClock, Toolchain=InProcessEmitToolchain, IterationCount=1, IterationTime=2ms, LaunchCount=1, RunStrategy=Throughput, WarmupCount=1) [Case=core-(...)known [81]]
Runtime = ; GC = 
Mean = 2.410 us, StdErr = 0.000 us (0.00%), N = 1, StdDev = 0.000 us
Min = 2.410 us, Q1 = 2.410 us, Median = 2.410 us, Q3 = 2.410 us, Max = 2.410 us
IQR = 0.000 us, LowerFence = 2.410 us, UpperFence = 2.410 us
ConfidenceInterval = [NaN us; NaN us] (CI 99.9%), Margin = NaN us (NaN% of Mean)
Skewness = NaN, Kurtosis = NaN, MValue = 2
-------------------- Histogram --------------------
[2.409 us ; 2.410 us) | @
---------------------------------------------------

CodecSuite.Run: campaign(EvaluateOverhead=False, Clock=Armonik.Ffi.Bdn.CpuClock, Toolchain=InProcessEmitToolchain, IterationCount=1, IterationTime=2ms, LaunchCount=1, RunStrategy=Throughput, WarmupCount=1) [Case=core-(...)known [46]]
Runtime = ; GC = 
Mean = 910.936 ns, StdErr = 0.000 ns (0.00%), N = 1, StdDev = 0.000 ns
Min = 910.936 ns, Q1 = 910.936 ns, Median = 910.936 ns, Q3 = 910.936 ns, Max = 910.936 ns
IQR = 0.000 ns, LowerFence = 910.936 ns, UpperFence = 910.936 ns
ConfidenceInterval = [NaN ns; NaN ns] (CI 99.9%), Margin = NaN ns (NaN% of Mean)
Skewness = NaN, Kurtosis = NaN, MValue = 2
-------------------- Histogram --------------------
[910.436 ns ; 911.436 ns) | @
---------------------------------------------------

CodecSuite.Run: campaign(EvaluateOverhead=False, Clock=Armonik.Ffi.Bdn.CpuClock, Toolchain=InProcessEmitToolchain, IterationCount=1, IterationTime=2ms, LaunchCount=1, RunStrategy=Throughput, WarmupCount=1) [Case=core-(...)known [42]]
Runtime = ; GC = 
Mean = 55.347 us, StdErr = 0.000 us (0.00%), N = 1, StdDev = 0.000 us
Min = 55.347 us, Q1 = 55.347 us, Median = 55.347 us, Q3 = 55.347 us, Max = 55.347 us
IQR = 0.000 us, LowerFence = 55.347 us, UpperFence = 55.347 us
ConfidenceInterval = [NaN us; NaN us] (CI 99.9%), Margin = NaN us (NaN% of Mean)
Skewness = NaN, Kurtosis = NaN, MValue = 2
-------------------- Histogram --------------------
[55.347 us ; 55.348 us) | @
---------------------------------------------------

CodecSuite.Run: campaign(EvaluateOverhead=False, Clock=Armonik.Ffi.Bdn.CpuClock, Toolchain=InProcessEmitToolchain, IterationCount=1, IterationTime=2ms, LaunchCount=1, RunStrategy=Throughput, WarmupCount=1) [Case=core-(...)known [37]]
Runtime = ; GC = 
Mean = 312.220 us, StdErr = 0.000 us (0.00%), N = 1, StdDev = 0.000 us
Min = 312.220 us, Q1 = 312.220 us, Median = 312.220 us, Q3 = 312.220 us, Max = 312.220 us
IQR = 0.000 us, LowerFence = 312.220 us, UpperFence = 312.220 us
ConfidenceInterval = [NaN us; NaN us] (CI 99.9%), Margin = NaN us (NaN% of Mean)
Skewness = NaN, Kurtosis = NaN, MValue = 2
-------------------- Histogram --------------------
[312.219 us ; 312.220 us) | @
---------------------------------------------------

CodecSuite.Run: campaign(EvaluateOverhead=False, Clock=Armonik.Ffi.Bdn.CpuClock, Toolchain=InProcessEmitToolchain, IterationCount=1, IterationTime=2ms, LaunchCount=1, RunStrategy=Throughput, WarmupCount=1) [Case=core-(...)known [56]]
Runtime = ; GC = 
Mean = 1.406 us, StdErr = 0.000 us (0.00%), N = 1, StdDev = 0.000 us
Min = 1.406 us, Q1 = 1.406 us, Median = 1.406 us, Q3 = 1.406 us, Max = 1.406 us
IQR = 0.000 us, LowerFence = 1.406 us, UpperFence = 1.406 us
ConfidenceInterval = [NaN us; NaN us] (CI 99.9%), Margin = NaN us (NaN% of Mean)
Skewness = NaN, Kurtosis = NaN, MValue = 2
-------------------- Histogram --------------------
[1.406 us ; 1.407 us) | @
---------------------------------------------------

CodecSuite.Run: campaign(EvaluateOverhead=False, Clock=Armonik.Ffi.Bdn.CpuClock, Toolchain=InProcessEmitToolchain, IterationCount=1, IterationTime=2ms, LaunchCount=1, RunStrategy=Throughput, WarmupCount=1) [Case=core-(...)known [36]]
Runtime = ; GC = 
Mean = 4.333 ms, StdErr = 0.000 ms (0.00%), N = 1, StdDev = 0.000 ms
Min = 4.333 ms, Q1 = 4.333 ms, Median = 4.333 ms, Q3 = 4.333 ms, Max = 4.333 ms
IQR = 0.000 ms, LowerFence = 4.333 ms, UpperFence = 4.333 ms
ConfidenceInterval = [NaN ms; NaN ms] (CI 99.9%), Margin = NaN ms (NaN% of Mean)
Skewness = NaN, Kurtosis = NaN, MValue = 2
-------------------- Histogram --------------------
[4.333 ms ; 4.333 ms) | @
---------------------------------------------------

CodecSuite.Run: campaign(EvaluateOverhead=False, Clock=Armonik.Ffi.Bdn.CpuClock, Toolchain=InProcessEmitToolchain, IterationCount=1, IterationTime=2ms, LaunchCount=1, RunStrategy=Throughput, WarmupCount=1) [Case=core-(...)known [37]]
Runtime = ; GC = 
Mean = 1.463 us, StdErr = 0.000 us (0.00%), N = 1, StdDev = 0.000 us
Min = 1.463 us, Q1 = 1.463 us, Median = 1.463 us, Q3 = 1.463 us, Max = 1.463 us
IQR = 0.000 us, LowerFence = 1.463 us, UpperFence = 1.463 us
ConfidenceInterval = [NaN us; NaN us] (CI 99.9%), Margin = NaN us (NaN% of Mean)
Skewness = NaN, Kurtosis = NaN, MValue = 2
-------------------- Histogram --------------------
[1.463 us ; 1.464 us) | @
---------------------------------------------------

CodecSuite.Run: campaign(EvaluateOverhead=False, Clock=Armonik.Ffi.Bdn.CpuClock, Toolchain=InProcessEmitToolchain, IterationCount=1, IterationTime=2ms, LaunchCount=1, RunStrategy=Throughput, WarmupCount=1) [Case=core-(...)known [47]]
Runtime = ; GC = 
Mean = 45.219 us, StdErr = 0.000 us (0.00%), N = 1, StdDev = 0.000 us
Min = 45.219 us, Q1 = 45.219 us, Median = 45.219 us, Q3 = 45.219 us, Max = 45.219 us
IQR = 0.000 us, LowerFence = 45.219 us, UpperFence = 45.219 us
ConfidenceInterval = [NaN us; NaN us] (CI 99.9%), Margin = NaN us (NaN% of Mean)
Skewness = NaN, Kurtosis = NaN, MValue = 2
-------------------- Histogram --------------------
[45.219 us ; 45.220 us) | @
---------------------------------------------------

CodecSuite.Run: campaign(EvaluateOverhead=False, Clock=Armonik.Ffi.Bdn.CpuClock, Toolchain=InProcessEmitToolchain, IterationCount=1, IterationTime=2ms, LaunchCount=1, RunStrategy=Throughput, WarmupCount=1) [Case=core-(...)known [37]]
Runtime = ; GC = 
Mean = 3.245 ms, StdErr = 0.000 ms (0.00%), N = 1, StdDev = 0.000 ms
Min = 3.245 ms, Q1 = 3.245 ms, Median = 3.245 ms, Q3 = 3.245 ms, Max = 3.245 ms
IQR = 0.000 ms, LowerFence = 3.245 ms, UpperFence = 3.245 ms
ConfidenceInterval = [NaN ms; NaN ms] (CI 99.9%), Margin = NaN ms (NaN% of Mean)
Skewness = NaN, Kurtosis = NaN, MValue = 2
-------------------- Histogram --------------------
[3.245 ms ; 3.245 ms) | @
---------------------------------------------------

CodecSuite.Run: campaign(EvaluateOverhead=False, Clock=Armonik.Ffi.Bdn.CpuClock, Toolchain=InProcessEmitToolchain, IterationCount=1, IterationTime=2ms, LaunchCount=1, RunStrategy=Throughput, WarmupCount=1) [Case=core-(...)known [47]]
Runtime = ; GC = 
Mean = 405.879 ns, StdErr = 0.000 ns (0.00%), N = 1, StdDev = 0.000 ns
Min = 405.879 ns, Q1 = 405.879 ns, Median = 405.879 ns, Q3 = 405.879 ns, Max = 405.879 ns
IQR = 0.000 ns, LowerFence = 405.879 ns, UpperFence = 405.879 ns
ConfidenceInterval = [NaN ns; NaN ns] (CI 99.9%), Margin = NaN ns (NaN% of Mean)
Skewness = NaN, Kurtosis = NaN, MValue = 2
-------------------- Histogram --------------------
[405.379 ns ; 406.379 ns) | @
---------------------------------------------------

CodecSuite.Run: campaign(EvaluateOverhead=False, Clock=Armonik.Ffi.Bdn.CpuClock, Toolchain=InProcessEmitToolchain, IterationCount=1, IterationTime=2ms, LaunchCount=1, RunStrategy=Throughput, WarmupCount=1) [Case=core-(...)known [51]]
Runtime = ; GC = 
Mean = 1.577 ms, StdErr = 0.000 ms (0.00%), N = 1, StdDev = 0.000 ms
Min = 1.577 ms, Q1 = 1.577 ms, Median = 1.577 ms, Q3 = 1.577 ms, Max = 1.577 ms
IQR = 0.000 ms, LowerFence = 1.577 ms, UpperFence = 1.577 ms
ConfidenceInterval = [NaN ms; NaN ms] (CI 99.9%), Margin = NaN ms (NaN% of Mean)
Skewness = NaN, Kurtosis = NaN, MValue = 2
-------------------- Histogram --------------------
[1.577 ms ; 1.577 ms) | @
---------------------------------------------------

CodecSuite.Run: campaign(EvaluateOverhead=False, Clock=Armonik.Ffi.Bdn.CpuClock, Toolchain=InProcessEmitToolchain, IterationCount=1, IterationTime=2ms, LaunchCount=1, RunStrategy=Throughput, WarmupCount=1) [Case=core-(...)known [43]]
Runtime = ; GC = 
Mean = 816.317 us, StdErr = 0.000 us (0.00%), N = 1, StdDev = 0.000 us
Min = 816.317 us, Q1 = 816.317 us, Median = 816.317 us, Q3 = 816.317 us, Max = 816.317 us
IQR = 0.000 us, LowerFence = 816.317 us, UpperFence = 816.317 us
ConfidenceInterval = [NaN us; NaN us] (CI 99.9%), Margin = NaN us (NaN% of Mean)
Skewness = NaN, Kurtosis = NaN, MValue = 2
-------------------- Histogram --------------------
[816.317 us ; 816.317 us) | @
---------------------------------------------------

CodecSuite.Run: campaign(EvaluateOverhead=False, Clock=Armonik.Ffi.Bdn.CpuClock, Toolchain=InProcessEmitToolchain, IterationCount=1, IterationTime=2ms, LaunchCount=1, RunStrategy=Throughput, WarmupCount=1) [Case=core-(...)known [77]]
Runtime = ; GC = 
Mean = 911.805 ns, StdErr = 0.000 ns (0.00%), N = 1, StdDev = 0.000 ns
Min = 911.805 ns, Q1 = 911.805 ns, Median = 911.805 ns, Q3 = 911.805 ns, Max = 911.805 ns
IQR = 0.000 ns, LowerFence = 911.805 ns, UpperFence = 911.805 ns
ConfidenceInterval = [NaN ns; NaN ns] (CI 99.9%), Margin = NaN ns (NaN% of Mean)
Skewness = NaN, Kurtosis = NaN, MValue = 2
-------------------- Histogram --------------------
[911.305 ns ; 912.305 ns) | @
---------------------------------------------------

CodecSuite.Run: campaign(EvaluateOverhead=False, Clock=Armonik.Ffi.Bdn.CpuClock, Toolchain=InProcessEmitToolchain, IterationCount=1, IterationTime=2ms, LaunchCount=1, RunStrategy=Throughput, WarmupCount=1) [Case=core-(...)known [47]]
Runtime = ; GC = 
Mean = 188.446 us, StdErr = 0.000 us (0.00%), N = 1, StdDev = 0.000 us
Min = 188.446 us, Q1 = 188.446 us, Median = 188.446 us, Q3 = 188.446 us, Max = 188.446 us
IQR = 0.000 us, LowerFence = 188.446 us, UpperFence = 188.446 us
ConfidenceInterval = [NaN us; NaN us] (CI 99.9%), Margin = NaN us (NaN% of Mean)
Skewness = NaN, Kurtosis = NaN, MValue = 2
-------------------- Histogram --------------------
[188.446 us ; 188.447 us) | @
---------------------------------------------------

CodecSuite.Run: campaign(EvaluateOverhead=False, Clock=Armonik.Ffi.Bdn.CpuClock, Toolchain=InProcessEmitToolchain, IterationCount=1, IterationTime=2ms, LaunchCount=1, RunStrategy=Throughput, WarmupCount=1) [Case=core-(...)known [41]]
Runtime = ; GC = 
Mean = 26.944 us, StdErr = 0.000 us (0.00%), N = 1, StdDev = 0.000 us
Min = 26.944 us, Q1 = 26.944 us, Median = 26.944 us, Q3 = 26.944 us, Max = 26.944 us
IQR = 0.000 us, LowerFence = 26.944 us, UpperFence = 26.944 us
ConfidenceInterval = [NaN us; NaN us] (CI 99.9%), Margin = NaN us (NaN% of Mean)
Skewness = NaN, Kurtosis = NaN, MValue = 2
-------------------- Histogram --------------------
[26.943 us ; 26.944 us) | @
---------------------------------------------------

CodecSuite.Run: campaign(EvaluateOverhead=False, Clock=Armonik.Ffi.Bdn.CpuClock, Toolchain=InProcessEmitToolchain, IterationCount=1, IterationTime=2ms, LaunchCount=1, RunStrategy=Throughput, WarmupCount=1) [Case=core-(...)known [41]]
Runtime = ; GC = 
Mean = 148.394 us, StdErr = 0.000 us (0.00%), N = 1, StdDev = 0.000 us
Min = 148.394 us, Q1 = 148.394 us, Median = 148.394 us, Q3 = 148.394 us, Max = 148.394 us
IQR = 0.000 us, LowerFence = 148.394 us, UpperFence = 148.394 us
ConfidenceInterval = [NaN us; NaN us] (CI 99.9%), Margin = NaN us (NaN% of Mean)
Skewness = NaN, Kurtosis = NaN, MValue = 2
-------------------- Histogram --------------------
[148.393 us ; 148.394 us) | @
---------------------------------------------------

CodecSuite.Run: campaign(EvaluateOverhead=False, Clock=Armonik.Ffi.Bdn.CpuClock, Toolchain=InProcessEmitToolchain, IterationCount=1, IterationTime=2ms, LaunchCount=1, RunStrategy=Throughput, WarmupCount=1) [Case=core-(...)known [38]]
Runtime = ; GC = 
Mean = 3.707 ms, StdErr = 0.000 ms (0.00%), N = 1, StdDev = 0.000 ms
Min = 3.707 ms, Q1 = 3.707 ms, Median = 3.707 ms, Q3 = 3.707 ms, Max = 3.707 ms
IQR = 0.000 ms, LowerFence = 3.707 ms, UpperFence = 3.707 ms
ConfidenceInterval = [NaN ms; NaN ms] (CI 99.9%), Margin = NaN ms (NaN% of Mean)
Skewness = NaN, Kurtosis = NaN, MValue = 2
-------------------- Histogram --------------------
[3.707 ms ; 3.707 ms) | @
---------------------------------------------------

CodecSuite.Run: campaign(EvaluateOverhead=False, Clock=Armonik.Ffi.Bdn.CpuClock, Toolchain=InProcessEmitToolchain, IterationCount=1, IterationTime=2ms, LaunchCount=1, RunStrategy=Throughput, WarmupCount=1) [Case=core-(...)known [53]]
Runtime = ; GC = 
Mean = 539.333 ns, StdErr = 0.000 ns (0.00%), N = 1, StdDev = 0.000 ns
Min = 539.333 ns, Q1 = 539.333 ns, Median = 539.333 ns, Q3 = 539.333 ns, Max = 539.333 ns
IQR = 0.000 ns, LowerFence = 539.333 ns, UpperFence = 539.333 ns
ConfidenceInterval = [NaN ns; NaN ns] (CI 99.9%), Margin = NaN ns (NaN% of Mean)
Skewness = NaN, Kurtosis = NaN, MValue = 2
-------------------- Histogram --------------------
[538.833 ns ; 539.833 ns) | @
---------------------------------------------------

CodecSuite.Run: campaign(EvaluateOverhead=False, Clock=Armonik.Ffi.Bdn.CpuClock, Toolchain=InProcessEmitToolchain, IterationCount=1, IterationTime=2ms, LaunchCount=1, RunStrategy=Throughput, WarmupCount=1) [Case=core-(...)known [46]]
Runtime = ; GC = 
Mean = 1.911 ms, StdErr = 0.000 ms (0.00%), N = 1, StdDev = 0.000 ms
Min = 1.911 ms, Q1 = 1.911 ms, Median = 1.911 ms, Q3 = 1.911 ms, Max = 1.911 ms
IQR = 0.000 ms, LowerFence = 1.911 ms, UpperFence = 1.911 ms
ConfidenceInterval = [NaN ms; NaN ms] (CI 99.9%), Margin = NaN ms (NaN% of Mean)
Skewness = NaN, Kurtosis = NaN, MValue = 2
-------------------- Histogram --------------------
[1.911 ms ; 1.911 ms) | @
---------------------------------------------------

CodecSuite.Run: campaign(EvaluateOverhead=False, Clock=Armonik.Ffi.Bdn.CpuClock, Toolchain=InProcessEmitToolchain, IterationCount=1, IterationTime=2ms, LaunchCount=1, RunStrategy=Throughput, WarmupCount=1) [Case=core-(...)known [37]]
Runtime = ; GC = 
Mean = 152.792 us, StdErr = 0.000 us (0.00%), N = 1, StdDev = 0.000 us
Min = 152.792 us, Q1 = 152.792 us, Median = 152.792 us, Q3 = 152.792 us, Max = 152.792 us
IQR = 0.000 us, LowerFence = 152.792 us, UpperFence = 152.792 us
ConfidenceInterval = [NaN us; NaN us] (CI 99.9%), Margin = NaN us (NaN% of Mean)
Skewness = NaN, Kurtosis = NaN, MValue = 2
-------------------- Histogram --------------------
[152.792 us ; 152.793 us) | @
---------------------------------------------------

CodecSuite.Run: campaign(EvaluateOverhead=False, Clock=Armonik.Ffi.Bdn.CpuClock, Toolchain=InProcessEmitToolchain, IterationCount=1, IterationTime=2ms, LaunchCount=1, RunStrategy=Throughput, WarmupCount=1) [Case=core-(...)known [51]]
Runtime = ; GC = 
Mean = 150.245 us, StdErr = 0.000 us (0.00%), N = 1, StdDev = 0.000 us
Min = 150.245 us, Q1 = 150.245 us, Median = 150.245 us, Q3 = 150.245 us, Max = 150.245 us
IQR = 0.000 us, LowerFence = 150.245 us, UpperFence = 150.245 us
ConfidenceInterval = [NaN us; NaN us] (CI 99.9%), Margin = NaN us (NaN% of Mean)
Skewness = NaN, Kurtosis = NaN, MValue = 2
-------------------- Histogram --------------------
[150.245 us ; 150.246 us) | @
---------------------------------------------------

CodecSuite.Run: campaign(EvaluateOverhead=False, Clock=Armonik.Ffi.Bdn.CpuClock, Toolchain=InProcessEmitToolchain, IterationCount=1, IterationTime=2ms, LaunchCount=1, RunStrategy=Throughput, WarmupCount=1) [Case=core-(...)known [51]]
Runtime = ; GC = 
Mean = 3.805 us, StdErr = 0.000 us (0.00%), N = 1, StdDev = 0.000 us
Min = 3.805 us, Q1 = 3.805 us, Median = 3.805 us, Q3 = 3.805 us, Max = 3.805 us
IQR = 0.000 us, LowerFence = 3.805 us, UpperFence = 3.805 us
ConfidenceInterval = [NaN us; NaN us] (CI 99.9%), Margin = NaN us (NaN% of Mean)
Skewness = NaN, Kurtosis = NaN, MValue = 2
-------------------- Histogram --------------------
[3.805 us ; 3.806 us) | @
---------------------------------------------------

CodecSuite.Run: campaign(EvaluateOverhead=False, Clock=Armonik.Ffi.Bdn.CpuClock, Toolchain=InProcessEmitToolchain, IterationCount=1, IterationTime=2ms, LaunchCount=1, RunStrategy=Throughput, WarmupCount=1) [Case=core-(...)known [37]]
Runtime = ; GC = 
Mean = 104.082 ns, StdErr = 0.000 ns (0.00%), N = 1, StdDev = 0.000 ns
Min = 104.082 ns, Q1 = 104.082 ns, Median = 104.082 ns, Q3 = 104.082 ns, Max = 104.082 ns
IQR = 0.000 ns, LowerFence = 104.082 ns, UpperFence = 104.082 ns
ConfidenceInterval = [NaN ns; NaN ns] (CI 99.9%), Margin = NaN ns (NaN% of Mean)
Skewness = NaN, Kurtosis = NaN, MValue = 2
-------------------- Histogram --------------------
[103.582 ns ; 104.582 ns) | @
---------------------------------------------------

CodecSuite.Run: campaign(EvaluateOverhead=False, Clock=Armonik.Ffi.Bdn.CpuClock, Toolchain=InProcessEmitToolchain, IterationCount=1, IterationTime=2ms, LaunchCount=1, RunStrategy=Throughput, WarmupCount=1) [Case=core-(...)known [42]]
Runtime = ; GC = 
Mean = 759.825 us, StdErr = 0.000 us (0.00%), N = 1, StdDev = 0.000 us
Min = 759.825 us, Q1 = 759.825 us, Median = 759.825 us, Q3 = 759.825 us, Max = 759.825 us
IQR = 0.000 us, LowerFence = 759.825 us, UpperFence = 759.825 us
ConfidenceInterval = [NaN us; NaN us] (CI 99.9%), Margin = NaN us (NaN% of Mean)
Skewness = NaN, Kurtosis = NaN, MValue = 2
-------------------- Histogram --------------------
[759.824 us ; 759.826 us) | @
---------------------------------------------------

CodecSuite.Run: campaign(EvaluateOverhead=False, Clock=Armonik.Ffi.Bdn.CpuClock, Toolchain=InProcessEmitToolchain, IterationCount=1, IterationTime=2ms, LaunchCount=1, RunStrategy=Throughput, WarmupCount=1) [Case=core-(...)known [36]]
Runtime = ; GC = 
Mean = 6.844 ms, StdErr = 0.000 ms (0.00%), N = 1, StdDev = 0.000 ms
Min = 6.844 ms, Q1 = 6.844 ms, Median = 6.844 ms, Q3 = 6.844 ms, Max = 6.844 ms
IQR = 0.000 ms, LowerFence = 6.844 ms, UpperFence = 6.844 ms
ConfidenceInterval = [NaN ms; NaN ms] (CI 99.9%), Margin = NaN ms (NaN% of Mean)
Skewness = NaN, Kurtosis = NaN, MValue = 2
-------------------- Histogram --------------------
[6.844 ms ; 6.844 ms) | @
---------------------------------------------------

CodecSuite.Run: campaign(EvaluateOverhead=False, Clock=Armonik.Ffi.Bdn.CpuClock, Toolchain=InProcessEmitToolchain, IterationCount=1, IterationTime=2ms, LaunchCount=1, RunStrategy=Throughput, WarmupCount=1) [Case=core-(...)known [49]]
Runtime = ; GC = 
Mean = 3.123 us, StdErr = 0.000 us (0.00%), N = 1, StdDev = 0.000 us
Min = 3.123 us, Q1 = 3.123 us, Median = 3.123 us, Q3 = 3.123 us, Max = 3.123 us
IQR = 0.000 us, LowerFence = 3.123 us, UpperFence = 3.123 us
ConfidenceInterval = [NaN us; NaN us] (CI 99.9%), Margin = NaN us (NaN% of Mean)
Skewness = NaN, Kurtosis = NaN, MValue = 2
-------------------- Histogram --------------------
[3.123 us ; 3.124 us) | @
---------------------------------------------------

CodecSuite.Run: campaign(EvaluateOverhead=False, Clock=Armonik.Ffi.Bdn.CpuClock, Toolchain=InProcessEmitToolchain, IterationCount=1, IterationTime=2ms, LaunchCount=1, RunStrategy=Throughput, WarmupCount=1) [Case=core-(...)known [55]]
Runtime = ; GC = 
Mean = 1.522 us, StdErr = 0.000 us (0.00%), N = 1, StdDev = 0.000 us
Min = 1.522 us, Q1 = 1.522 us, Median = 1.522 us, Q3 = 1.522 us, Max = 1.522 us
IQR = 0.000 us, LowerFence = 1.522 us, UpperFence = 1.522 us
ConfidenceInterval = [NaN us; NaN us] (CI 99.9%), Margin = NaN us (NaN% of Mean)
Skewness = NaN, Kurtosis = NaN, MValue = 2
-------------------- Histogram --------------------
[1.521 us ; 1.522 us) | @
---------------------------------------------------

CodecSuite.Run: campaign(EvaluateOverhead=False, Clock=Armonik.Ffi.Bdn.CpuClock, Toolchain=InProcessEmitToolchain, IterationCount=1, IterationTime=2ms, LaunchCount=1, RunStrategy=Throughput, WarmupCount=1) [Case=core-(...)known [41]]
Runtime = ; GC = 
Mean = 267.158 ns, StdErr = 0.000 ns (0.00%), N = 1, StdDev = 0.000 ns
Min = 267.158 ns, Q1 = 267.158 ns, Median = 267.158 ns, Q3 = 267.158 ns, Max = 267.158 ns
IQR = 0.000 ns, LowerFence = 267.158 ns, UpperFence = 267.158 ns
ConfidenceInterval = [NaN ns; NaN ns] (CI 99.9%), Margin = NaN ns (NaN% of Mean)
Skewness = NaN, Kurtosis = NaN, MValue = 2
-------------------- Histogram --------------------
[266.658 ns ; 267.658 ns) | @
---------------------------------------------------

CodecSuite.Run: campaign(EvaluateOverhead=False, Clock=Armonik.Ffi.Bdn.CpuClock, Toolchain=InProcessEmitToolchain, IterationCount=1, IterationTime=2ms, LaunchCount=1, RunStrategy=Throughput, WarmupCount=1) [Case=core-(...)known [42]]
Runtime = ; GC = 
Mean = 1.613 ms, StdErr = 0.000 ms (0.00%), N = 1, StdDev = 0.000 ms
Min = 1.613 ms, Q1 = 1.613 ms, Median = 1.613 ms, Q3 = 1.613 ms, Max = 1.613 ms
IQR = 0.000 ms, LowerFence = 1.613 ms, UpperFence = 1.613 ms
ConfidenceInterval = [NaN ms; NaN ms] (CI 99.9%), Margin = NaN ms (NaN% of Mean)
Skewness = NaN, Kurtosis = NaN, MValue = 2
-------------------- Histogram --------------------
[1.613 ms ; 1.613 ms) | @
---------------------------------------------------

CodecSuite.Run: campaign(EvaluateOverhead=False, Clock=Armonik.Ffi.Bdn.CpuClock, Toolchain=InProcessEmitToolchain, IterationCount=1, IterationTime=2ms, LaunchCount=1, RunStrategy=Throughput, WarmupCount=1) [Case=core-(...)known [47]]
Runtime = ; GC = 
Mean = 19.851 us, StdErr = 0.000 us (0.00%), N = 1, StdDev = 0.000 us
Min = 19.851 us, Q1 = 19.851 us, Median = 19.851 us, Q3 = 19.851 us, Max = 19.851 us
IQR = 0.000 us, LowerFence = 19.851 us, UpperFence = 19.851 us
ConfidenceInterval = [NaN us; NaN us] (CI 99.9%), Margin = NaN us (NaN% of Mean)
Skewness = NaN, Kurtosis = NaN, MValue = 2
-------------------- Histogram --------------------
[19.850 us ; 19.851 us) | @
---------------------------------------------------

CodecSuite.Run: campaign(EvaluateOverhead=False, Clock=Armonik.Ffi.Bdn.CpuClock, Toolchain=InProcessEmitToolchain, IterationCount=1, IterationTime=2ms, LaunchCount=1, RunStrategy=Throughput, WarmupCount=1) [Case=core-(...)known [41]]
Runtime = ; GC = 
Mean = 144.791 us, StdErr = 0.000 us (0.00%), N = 1, StdDev = 0.000 us
Min = 144.791 us, Q1 = 144.791 us, Median = 144.791 us, Q3 = 144.791 us, Max = 144.791 us
IQR = 0.000 us, LowerFence = 144.791 us, UpperFence = 144.791 us
ConfidenceInterval = [NaN us; NaN us] (CI 99.9%), Margin = NaN us (NaN% of Mean)
Skewness = NaN, Kurtosis = NaN, MValue = 2
-------------------- Histogram --------------------
[144.790 us ; 144.791 us) | @
---------------------------------------------------

CodecSuite.Run: campaign(EvaluateOverhead=False, Clock=Armonik.Ffi.Bdn.CpuClock, Toolchain=InProcessEmitToolchain, IterationCount=1, IterationTime=2ms, LaunchCount=1, RunStrategy=Throughput, WarmupCount=1) [Case=core-(...)known [37]]
Runtime = ; GC = 
Mean = 682.778 us, StdErr = 0.000 us (0.00%), N = 1, StdDev = 0.000 us
Min = 682.778 us, Q1 = 682.778 us, Median = 682.778 us, Q3 = 682.778 us, Max = 682.778 us
IQR = 0.000 us, LowerFence = 682.778 us, UpperFence = 682.778 us
ConfidenceInterval = [NaN us; NaN us] (CI 99.9%), Margin = NaN us (NaN% of Mean)
Skewness = NaN, Kurtosis = NaN, MValue = 2
-------------------- Histogram --------------------
[682.777 us ; 682.778 us) | @
---------------------------------------------------

CodecSuite.Run: campaign(EvaluateOverhead=False, Clock=Armonik.Ffi.Bdn.CpuClock, Toolchain=InProcessEmitToolchain, IterationCount=1, IterationTime=2ms, LaunchCount=1, RunStrategy=Throughput, WarmupCount=1) [Case=core-(...)known [41]]
Runtime = ; GC = 
Mean = 9.444 ms, StdErr = 0.000 ms (0.00%), N = 1, StdDev = 0.000 ms
Min = 9.444 ms, Q1 = 9.444 ms, Median = 9.444 ms, Q3 = 9.444 ms, Max = 9.444 ms
IQR = 0.000 ms, LowerFence = 9.444 ms, UpperFence = 9.444 ms
ConfidenceInterval = [NaN ms; NaN ms] (CI 99.9%), Margin = NaN ms (NaN% of Mean)
Skewness = NaN, Kurtosis = NaN, MValue = 2
-------------------- Histogram --------------------
[9.444 ms ; 9.444 ms) | @
---------------------------------------------------

CodecSuite.Run: campaign(EvaluateOverhead=False, Clock=Armonik.Ffi.Bdn.CpuClock, Toolchain=InProcessEmitToolchain, IterationCount=1, IterationTime=2ms, LaunchCount=1, RunStrategy=Throughput, WarmupCount=1) [Case=core-(...)known [37]]
Runtime = ; GC = 
Mean = 936.383 ns, StdErr = 0.000 ns (0.00%), N = 1, StdDev = 0.000 ns
Min = 936.383 ns, Q1 = 936.383 ns, Median = 936.383 ns, Q3 = 936.383 ns, Max = 936.383 ns
IQR = 0.000 ns, LowerFence = 936.383 ns, UpperFence = 936.383 ns
ConfidenceInterval = [NaN ns; NaN ns] (CI 99.9%), Margin = NaN ns (NaN% of Mean)
Skewness = NaN, Kurtosis = NaN, MValue = 2
-------------------- Histogram --------------------
[935.883 ns ; 936.883 ns) | @
---------------------------------------------------

CodecSuite.Run: campaign(EvaluateOverhead=False, Clock=Armonik.Ffi.Bdn.CpuClock, Toolchain=InProcessEmitToolchain, IterationCount=1, IterationTime=2ms, LaunchCount=1, RunStrategy=Throughput, WarmupCount=1) [Case=core-(...)known [52]]
Runtime = ; GC = 
Mean = 4.376 ms, StdErr = 0.000 ms (0.00%), N = 1, StdDev = 0.000 ms
Min = 4.376 ms, Q1 = 4.376 ms, Median = 4.376 ms, Q3 = 4.376 ms, Max = 4.376 ms
IQR = 0.000 ms, LowerFence = 4.376 ms, UpperFence = 4.376 ms
ConfidenceInterval = [NaN ms; NaN ms] (CI 99.9%), Margin = NaN ms (NaN% of Mean)
Skewness = NaN, Kurtosis = NaN, MValue = 2
-------------------- Histogram --------------------
[4.376 ms ; 4.376 ms) | @
---------------------------------------------------

CodecSuite.Run: campaign(EvaluateOverhead=False, Clock=Armonik.Ffi.Bdn.CpuClock, Toolchain=InProcessEmitToolchain, IterationCount=1, IterationTime=2ms, LaunchCount=1, RunStrategy=Throughput, WarmupCount=1) [Case=core-(...)known [50]]
Runtime = ; GC = 
Mean = 1.948 ms, StdErr = 0.000 ms (0.00%), N = 1, StdDev = 0.000 ms
Min = 1.948 ms, Q1 = 1.948 ms, Median = 1.948 ms, Q3 = 1.948 ms, Max = 1.948 ms
IQR = 0.000 ms, LowerFence = 1.948 ms, UpperFence = 1.948 ms
ConfidenceInterval = [NaN ms; NaN ms] (CI 99.9%), Margin = NaN ms (NaN% of Mean)
Skewness = NaN, Kurtosis = NaN, MValue = 2
-------------------- Histogram --------------------
[1.948 ms ; 1.948 ms) | @
---------------------------------------------------

CodecSuite.Run: campaign(EvaluateOverhead=False, Clock=Armonik.Ffi.Bdn.CpuClock, Toolchain=InProcessEmitToolchain, IterationCount=1, IterationTime=2ms, LaunchCount=1, RunStrategy=Throughput, WarmupCount=1) [Case=core-(...)known [41]]
Runtime = ; GC = 
Mean = 1.658 ms, StdErr = 0.000 ms (0.00%), N = 1, StdDev = 0.000 ms
Min = 1.658 ms, Q1 = 1.658 ms, Median = 1.658 ms, Q3 = 1.658 ms, Max = 1.658 ms
IQR = 0.000 ms, LowerFence = 1.658 ms, UpperFence = 1.658 ms
ConfidenceInterval = [NaN ms; NaN ms] (CI 99.9%), Margin = NaN ms (NaN% of Mean)
Skewness = NaN, Kurtosis = NaN, MValue = 2
-------------------- Histogram --------------------
[1.658 ms ; 1.658 ms) | @
---------------------------------------------------

CodecSuite.Run: campaign(EvaluateOverhead=False, Clock=Armonik.Ffi.Bdn.CpuClock, Toolchain=InProcessEmitToolchain, IterationCount=1, IterationTime=2ms, LaunchCount=1, RunStrategy=Throughput, WarmupCount=1) [Case=core-(...)known [40]]
Runtime = ; GC = 
Mean = 412.570 us, StdErr = 0.000 us (0.00%), N = 1, StdDev = 0.000 us
Min = 412.570 us, Q1 = 412.570 us, Median = 412.570 us, Q3 = 412.570 us, Max = 412.570 us
IQR = 0.000 us, LowerFence = 412.570 us, UpperFence = 412.570 us
ConfidenceInterval = [NaN us; NaN us] (CI 99.9%), Margin = NaN us (NaN% of Mean)
Skewness = NaN, Kurtosis = NaN, MValue = 2
-------------------- Histogram --------------------
[412.569 us ; 412.570 us) | @
---------------------------------------------------

CodecSuite.Run: campaign(EvaluateOverhead=False, Clock=Armonik.Ffi.Bdn.CpuClock, Toolchain=InProcessEmitToolchain, IterationCount=1, IterationTime=2ms, LaunchCount=1, RunStrategy=Throughput, WarmupCount=1) [Case=core-(...)known [37]]
Runtime = ; GC = 
Mean = 147.056 us, StdErr = 0.000 us (0.00%), N = 1, StdDev = 0.000 us
Min = 147.056 us, Q1 = 147.056 us, Median = 147.056 us, Q3 = 147.056 us, Max = 147.056 us
IQR = 0.000 us, LowerFence = 147.056 us, UpperFence = 147.056 us
ConfidenceInterval = [NaN us; NaN us] (CI 99.9%), Margin = NaN us (NaN% of Mean)
Skewness = NaN, Kurtosis = NaN, MValue = 2
-------------------- Histogram --------------------
[147.056 us ; 147.057 us) | @
---------------------------------------------------

CodecSuite.Run: campaign(EvaluateOverhead=False, Clock=Armonik.Ffi.Bdn.CpuClock, Toolchain=InProcessEmitToolchain, IterationCount=1, IterationTime=2ms, LaunchCount=1, RunStrategy=Throughput, WarmupCount=1) [Case=core-(...)known [47]]
Runtime = ; GC = 
Mean = 1.564 us, StdErr = 0.000 us (0.00%), N = 1, StdDev = 0.000 us
Min = 1.564 us, Q1 = 1.564 us, Median = 1.564 us, Q3 = 1.564 us, Max = 1.564 us
IQR = 0.000 us, LowerFence = 1.564 us, UpperFence = 1.564 us
ConfidenceInterval = [NaN us; NaN us] (CI 99.9%), Margin = NaN us (NaN% of Mean)
Skewness = NaN, Kurtosis = NaN, MValue = 2
-------------------- Histogram --------------------
[1.564 us ; 1.565 us) | @
---------------------------------------------------

CodecSuite.Run: campaign(EvaluateOverhead=False, Clock=Armonik.Ffi.Bdn.CpuClock, Toolchain=InProcessEmitToolchain, IterationCount=1, IterationTime=2ms, LaunchCount=1, RunStrategy=Throughput, WarmupCount=1) [Case=core-(...)known [41]]
Runtime = ; GC = 
Mean = 236.874 us, StdErr = 0.000 us (0.00%), N = 1, StdDev = 0.000 us
Min = 236.874 us, Q1 = 236.874 us, Median = 236.874 us, Q3 = 236.874 us, Max = 236.874 us
IQR = 0.000 us, LowerFence = 236.874 us, UpperFence = 236.874 us
ConfidenceInterval = [NaN us; NaN us] (CI 99.9%), Margin = NaN us (NaN% of Mean)
Skewness = NaN, Kurtosis = NaN, MValue = 2
-------------------- Histogram --------------------
[236.873 us ; 236.874 us) | @
---------------------------------------------------

CodecSuite.Run: campaign(EvaluateOverhead=False, Clock=Armonik.Ffi.Bdn.CpuClock, Toolchain=InProcessEmitToolchain, IterationCount=1, IterationTime=2ms, LaunchCount=1, RunStrategy=Throughput, WarmupCount=1) [Case=core-(...)known [41]]
Runtime = ; GC = 
Mean = 778.103 us, StdErr = 0.000 us (0.00%), N = 1, StdDev = 0.000 us
Min = 778.103 us, Q1 = 778.103 us, Median = 778.103 us, Q3 = 778.103 us, Max = 778.103 us
IQR = 0.000 us, LowerFence = 778.103 us, UpperFence = 778.103 us
ConfidenceInterval = [NaN us; NaN us] (CI 99.9%), Margin = NaN us (NaN% of Mean)
Skewness = NaN, Kurtosis = NaN, MValue = 2
-------------------- Histogram --------------------
[778.102 us ; 778.104 us) | @
---------------------------------------------------

CodecSuite.Run: campaign(EvaluateOverhead=False, Clock=Armonik.Ffi.Bdn.CpuClock, Toolchain=InProcessEmitToolchain, IterationCount=1, IterationTime=2ms, LaunchCount=1, RunStrategy=Throughput, WarmupCount=1) [Case=core-(...)known [37]]
Runtime = ; GC = 
Mean = 402.085 ns, StdErr = 0.000 ns (0.00%), N = 1, StdDev = 0.000 ns
Min = 402.085 ns, Q1 = 402.085 ns, Median = 402.085 ns, Q3 = 402.085 ns, Max = 402.085 ns
IQR = 0.000 ns, LowerFence = 402.085 ns, UpperFence = 402.085 ns
ConfidenceInterval = [NaN ns; NaN ns] (CI 99.9%), Margin = NaN ns (NaN% of Mean)
Skewness = NaN, Kurtosis = NaN, MValue = 2
-------------------- Histogram --------------------
[401.585 ns ; 402.585 ns) | @
---------------------------------------------------

CodecSuite.Run: campaign(EvaluateOverhead=False, Clock=Armonik.Ffi.Bdn.CpuClock, Toolchain=InProcessEmitToolchain, IterationCount=1, IterationTime=2ms, LaunchCount=1, RunStrategy=Throughput, WarmupCount=1) [Case=core-(...)known [47]]
Runtime = ; GC = 
Mean = 264.348 us, StdErr = 0.000 us (0.00%), N = 1, StdDev = 0.000 us
Min = 264.348 us, Q1 = 264.348 us, Median = 264.348 us, Q3 = 264.348 us, Max = 264.348 us
IQR = 0.000 us, LowerFence = 264.348 us, UpperFence = 264.348 us
ConfidenceInterval = [NaN us; NaN us] (CI 99.9%), Margin = NaN us (NaN% of Mean)
Skewness = NaN, Kurtosis = NaN, MValue = 2
-------------------- Histogram --------------------
[264.347 us ; 264.348 us) | @
---------------------------------------------------

CodecSuite.Run: campaign(EvaluateOverhead=False, Clock=Armonik.Ffi.Bdn.CpuClock, Toolchain=InProcessEmitToolchain, IterationCount=1, IterationTime=2ms, LaunchCount=1, RunStrategy=Throughput, WarmupCount=1) [Case=core-(...)known [37]]
Runtime = ; GC = 
Mean = 103.678 us, StdErr = 0.000 us (0.00%), N = 1, StdDev = 0.000 us
Min = 103.678 us, Q1 = 103.678 us, Median = 103.678 us, Q3 = 103.678 us, Max = 103.678 us
IQR = 0.000 us, LowerFence = 103.678 us, UpperFence = 103.678 us
ConfidenceInterval = [NaN us; NaN us] (CI 99.9%), Margin = NaN us (NaN% of Mean)
Skewness = NaN, Kurtosis = NaN, MValue = 2
-------------------- Histogram --------------------
[103.677 us ; 103.678 us) | @
---------------------------------------------------

CodecSuite.Run: campaign(EvaluateOverhead=False, Clock=Armonik.Ffi.Bdn.CpuClock, Toolchain=InProcessEmitToolchain, IterationCount=1, IterationTime=2ms, LaunchCount=1, RunStrategy=Throughput, WarmupCount=1) [Case=core-(...)known [48]]
Runtime = ; GC = 
Mean = 2.542 ms, StdErr = 0.000 ms (0.00%), N = 1, StdDev = 0.000 ms
Min = 2.542 ms, Q1 = 2.542 ms, Median = 2.542 ms, Q3 = 2.542 ms, Max = 2.542 ms
IQR = 0.000 ms, LowerFence = 2.542 ms, UpperFence = 2.542 ms
ConfidenceInterval = [NaN ms; NaN ms] (CI 99.9%), Margin = NaN ms (NaN% of Mean)
Skewness = NaN, Kurtosis = NaN, MValue = 2
-------------------- Histogram --------------------
[2.542 ms ; 2.542 ms) | @
---------------------------------------------------

CodecSuite.Run: campaign(EvaluateOverhead=False, Clock=Armonik.Ffi.Bdn.CpuClock, Toolchain=InProcessEmitToolchain, IterationCount=1, IterationTime=2ms, LaunchCount=1, RunStrategy=Throughput, WarmupCount=1) [Case=core-(...)known [41]]
Runtime = ; GC = 
Mean = 6.852 ms, StdErr = 0.000 ms (0.00%), N = 1, StdDev = 0.000 ms
Min = 6.852 ms, Q1 = 6.852 ms, Median = 6.852 ms, Q3 = 6.852 ms, Max = 6.852 ms
IQR = 0.000 ms, LowerFence = 6.852 ms, UpperFence = 6.852 ms
ConfidenceInterval = [NaN ms; NaN ms] (CI 99.9%), Margin = NaN ms (NaN% of Mean)
Skewness = NaN, Kurtosis = NaN, MValue = 2
-------------------- Histogram --------------------
[6.852 ms ; 6.852 ms) | @
---------------------------------------------------

CodecSuite.Run: campaign(EvaluateOverhead=False, Clock=Armonik.Ffi.Bdn.CpuClock, Toolchain=InProcessEmitToolchain, IterationCount=1, IterationTime=2ms, LaunchCount=1, RunStrategy=Throughput, WarmupCount=1) [Case=core-(...)known [43]]
Runtime = ; GC = 
Mean = 3.046 ms, StdErr = 0.000 ms (0.00%), N = 1, StdDev = 0.000 ms
Min = 3.046 ms, Q1 = 3.046 ms, Median = 3.046 ms, Q3 = 3.046 ms, Max = 3.046 ms
IQR = 0.000 ms, LowerFence = 3.046 ms, UpperFence = 3.046 ms
ConfidenceInterval = [NaN ms; NaN ms] (CI 99.9%), Margin = NaN ms (NaN% of Mean)
Skewness = NaN, Kurtosis = NaN, MValue = 2
-------------------- Histogram --------------------
[3.046 ms ; 3.046 ms) | @
---------------------------------------------------

CodecSuite.Run: campaign(EvaluateOverhead=False, Clock=Armonik.Ffi.Bdn.CpuClock, Toolchain=InProcessEmitToolchain, IterationCount=1, IterationTime=2ms, LaunchCount=1, RunStrategy=Throughput, WarmupCount=1) [Case=core-(...)known [51]]
Runtime = ; GC = 
Mean = 425.486 us, StdErr = 0.000 us (0.00%), N = 1, StdDev = 0.000 us
Min = 425.486 us, Q1 = 425.486 us, Median = 425.486 us, Q3 = 425.486 us, Max = 425.486 us
IQR = 0.000 us, LowerFence = 425.486 us, UpperFence = 425.486 us
ConfidenceInterval = [NaN us; NaN us] (CI 99.9%), Margin = NaN us (NaN% of Mean)
Skewness = NaN, Kurtosis = NaN, MValue = 2
-------------------- Histogram --------------------
[425.486 us ; 425.487 us) | @
---------------------------------------------------

CodecSuite.Run: campaign(EvaluateOverhead=False, Clock=Armonik.Ffi.Bdn.CpuClock, Toolchain=InProcessEmitToolchain, IterationCount=1, IterationTime=2ms, LaunchCount=1, RunStrategy=Throughput, WarmupCount=1) [Case=core-(...)known [36]]
Runtime = ; GC = 
Mean = 500.707 us, StdErr = 0.000 us (0.00%), N = 1, StdDev = 0.000 us
Min = 500.707 us, Q1 = 500.707 us, Median = 500.707 us, Q3 = 500.707 us, Max = 500.707 us
IQR = 0.000 us, LowerFence = 500.707 us, UpperFence = 500.707 us
ConfidenceInterval = [NaN us; NaN us] (CI 99.9%), Margin = NaN us (NaN% of Mean)
Skewness = NaN, Kurtosis = NaN, MValue = 2
-------------------- Histogram --------------------
[500.706 us ; 500.707 us) | @
---------------------------------------------------

CodecSuite.Run: campaign(EvaluateOverhead=False, Clock=Armonik.Ffi.Bdn.CpuClock, Toolchain=InProcessEmitToolchain, IterationCount=1, IterationTime=2ms, LaunchCount=1, RunStrategy=Throughput, WarmupCount=1) [Case=core-(...)known [37]]
Runtime = ; GC = 
Mean = 574.687 us, StdErr = 0.000 us (0.00%), N = 1, StdDev = 0.000 us
Min = 574.687 us, Q1 = 574.687 us, Median = 574.687 us, Q3 = 574.687 us, Max = 574.687 us
IQR = 0.000 us, LowerFence = 574.687 us, UpperFence = 574.687 us
ConfidenceInterval = [NaN us; NaN us] (CI 99.9%), Margin = NaN us (NaN% of Mean)
Skewness = NaN, Kurtosis = NaN, MValue = 2
-------------------- Histogram --------------------
[574.686 us ; 574.687 us) | @
---------------------------------------------------

CodecSuite.Run: campaign(EvaluateOverhead=False, Clock=Armonik.Ffi.Bdn.CpuClock, Toolchain=InProcessEmitToolchain, IterationCount=1, IterationTime=2ms, LaunchCount=1, RunStrategy=Throughput, WarmupCount=1) [Case=core-(...)known [51]]
Runtime = ; GC = 
Mean = 18.518 us, StdErr = 0.000 us (0.00%), N = 1, StdDev = 0.000 us
Min = 18.518 us, Q1 = 18.518 us, Median = 18.518 us, Q3 = 18.518 us, Max = 18.518 us
IQR = 0.000 us, LowerFence = 18.518 us, UpperFence = 18.518 us
ConfidenceInterval = [NaN us; NaN us] (CI 99.9%), Margin = NaN us (NaN% of Mean)
Skewness = NaN, Kurtosis = NaN, MValue = 2
-------------------- Histogram --------------------
[18.517 us ; 18.518 us) | @
---------------------------------------------------

CodecSuite.Run: campaign(EvaluateOverhead=False, Clock=Armonik.Ffi.Bdn.CpuClock, Toolchain=InProcessEmitToolchain, IterationCount=1, IterationTime=2ms, LaunchCount=1, RunStrategy=Throughput, WarmupCount=1) [Case=core-(...)known [51]]
Runtime = ; GC = 
Mean = 1.470 us, StdErr = 0.000 us (0.00%), N = 1, StdDev = 0.000 us
Min = 1.470 us, Q1 = 1.470 us, Median = 1.470 us, Q3 = 1.470 us, Max = 1.470 us
IQR = 0.000 us, LowerFence = 1.470 us, UpperFence = 1.470 us
ConfidenceInterval = [NaN us; NaN us] (CI 99.9%), Margin = NaN us (NaN% of Mean)
Skewness = NaN, Kurtosis = NaN, MValue = 2
-------------------- Histogram --------------------
[1.469 us ; 1.470 us) | @
---------------------------------------------------

CodecSuite.Run: campaign(EvaluateOverhead=False, Clock=Armonik.Ffi.Bdn.CpuClock, Toolchain=InProcessEmitToolchain, IterationCount=1, IterationTime=2ms, LaunchCount=1, RunStrategy=Throughput, WarmupCount=1) [Case=core-(...)known [47]]
Runtime = ; GC = 
Mean = 948.137 ns, StdErr = 0.000 ns (0.00%), N = 1, StdDev = 0.000 ns
Min = 948.137 ns, Q1 = 948.137 ns, Median = 948.137 ns, Q3 = 948.137 ns, Max = 948.137 ns
IQR = 0.000 ns, LowerFence = 948.137 ns, UpperFence = 948.137 ns
ConfidenceInterval = [NaN ns; NaN ns] (CI 99.9%), Margin = NaN ns (NaN% of Mean)
Skewness = NaN, Kurtosis = NaN, MValue = 2
-------------------- Histogram --------------------
[947.637 ns ; 948.637 ns) | @
---------------------------------------------------

CodecSuite.Run: campaign(EvaluateOverhead=False, Clock=Armonik.Ffi.Bdn.CpuClock, Toolchain=InProcessEmitToolchain, IterationCount=1, IterationTime=2ms, LaunchCount=1, RunStrategy=Throughput, WarmupCount=1) [Case=core-(...)known [47]]
Runtime = ; GC = 
Mean = 158.494 us, StdErr = 0.000 us (0.00%), N = 1, StdDev = 0.000 us
Min = 158.494 us, Q1 = 158.494 us, Median = 158.494 us, Q3 = 158.494 us, Max = 158.494 us
IQR = 0.000 us, LowerFence = 158.494 us, UpperFence = 158.494 us
ConfidenceInterval = [NaN us; NaN us] (CI 99.9%), Margin = NaN us (NaN% of Mean)
Skewness = NaN, Kurtosis = NaN, MValue = 2
-------------------- Histogram --------------------
[158.493 us ; 158.494 us) | @
---------------------------------------------------

CodecSuite.Run: campaign(EvaluateOverhead=False, Clock=Armonik.Ffi.Bdn.CpuClock, Toolchain=InProcessEmitToolchain, IterationCount=1, IterationTime=2ms, LaunchCount=1, RunStrategy=Throughput, WarmupCount=1) [Case=core-(...)known [42]]
Runtime = ; GC = 
Mean = 3.242 us, StdErr = 0.000 us (0.00%), N = 1, StdDev = 0.000 us
Min = 3.242 us, Q1 = 3.242 us, Median = 3.242 us, Q3 = 3.242 us, Max = 3.242 us
IQR = 0.000 us, LowerFence = 3.242 us, UpperFence = 3.242 us
ConfidenceInterval = [NaN us; NaN us] (CI 99.9%), Margin = NaN us (NaN% of Mean)
Skewness = NaN, Kurtosis = NaN, MValue = 2
-------------------- Histogram --------------------
[3.241 us ; 3.242 us) | @
---------------------------------------------------

CodecSuite.Run: campaign(EvaluateOverhead=False, Clock=Armonik.Ffi.Bdn.CpuClock, Toolchain=InProcessEmitToolchain, IterationCount=1, IterationTime=2ms, LaunchCount=1, RunStrategy=Throughput, WarmupCount=1) [Case=core-(...)known [47]]
Runtime = ; GC = 
Mean = 1.519 ms, StdErr = 0.000 ms (0.00%), N = 1, StdDev = 0.000 ms
Min = 1.519 ms, Q1 = 1.519 ms, Median = 1.519 ms, Q3 = 1.519 ms, Max = 1.519 ms
IQR = 0.000 ms, LowerFence = 1.519 ms, UpperFence = 1.519 ms
ConfidenceInterval = [NaN ms; NaN ms] (CI 99.9%), Margin = NaN ms (NaN% of Mean)
Skewness = NaN, Kurtosis = NaN, MValue = 2
-------------------- Histogram --------------------
[1.519 ms ; 1.519 ms) | @
---------------------------------------------------

CodecSuite.Run: campaign(EvaluateOverhead=False, Clock=Armonik.Ffi.Bdn.CpuClock, Toolchain=InProcessEmitToolchain, IterationCount=1, IterationTime=2ms, LaunchCount=1, RunStrategy=Throughput, WarmupCount=1) [Case=core-(...)known [41]]
Runtime = ; GC = 
Mean = 17.420 us, StdErr = 0.000 us (0.00%), N = 1, StdDev = 0.000 us
Min = 17.420 us, Q1 = 17.420 us, Median = 17.420 us, Q3 = 17.420 us, Max = 17.420 us
IQR = 0.000 us, LowerFence = 17.420 us, UpperFence = 17.420 us
ConfidenceInterval = [NaN us; NaN us] (CI 99.9%), Margin = NaN us (NaN% of Mean)
Skewness = NaN, Kurtosis = NaN, MValue = 2
-------------------- Histogram --------------------
[17.420 us ; 17.421 us) | @
---------------------------------------------------

CodecSuite.Run: campaign(EvaluateOverhead=False, Clock=Armonik.Ffi.Bdn.CpuClock, Toolchain=InProcessEmitToolchain, IterationCount=1, IterationTime=2ms, LaunchCount=1, RunStrategy=Throughput, WarmupCount=1) [Case=core-(...)known [37]]
Runtime = ; GC = 
Mean = 1.103 ms, StdErr = 0.000 ms (0.00%), N = 1, StdDev = 0.000 ms
Min = 1.103 ms, Q1 = 1.103 ms, Median = 1.103 ms, Q3 = 1.103 ms, Max = 1.103 ms
IQR = 0.000 ms, LowerFence = 1.103 ms, UpperFence = 1.103 ms
ConfidenceInterval = [NaN ms; NaN ms] (CI 99.9%), Margin = NaN ms (NaN% of Mean)
Skewness = NaN, Kurtosis = NaN, MValue = 2
-------------------- Histogram --------------------
[1.103 ms ; 1.103 ms) | @
---------------------------------------------------

CodecSuite.Run: campaign(EvaluateOverhead=False, Clock=Armonik.Ffi.Bdn.CpuClock, Toolchain=InProcessEmitToolchain, IterationCount=1, IterationTime=2ms, LaunchCount=1, RunStrategy=Throughput, WarmupCount=1) [Case=core-(...)known [37]]
Runtime = ; GC = 
Mean = 127.891 us, StdErr = 0.000 us (0.00%), N = 1, StdDev = 0.000 us
Min = 127.891 us, Q1 = 127.891 us, Median = 127.891 us, Q3 = 127.891 us, Max = 127.891 us
IQR = 0.000 us, LowerFence = 127.891 us, UpperFence = 127.891 us
ConfidenceInterval = [NaN us; NaN us] (CI 99.9%), Margin = NaN us (NaN% of Mean)
Skewness = NaN, Kurtosis = NaN, MValue = 2
-------------------- Histogram --------------------
[127.890 us ; 127.891 us) | @
---------------------------------------------------

CodecSuite.Run: campaign(EvaluateOverhead=False, Clock=Armonik.Ffi.Bdn.CpuClock, Toolchain=InProcessEmitToolchain, IterationCount=1, IterationTime=2ms, LaunchCount=1, RunStrategy=Throughput, WarmupCount=1) [Case=core-(...)known [37]]
Runtime = ; GC = 
Mean = 9.171 us, StdErr = 0.000 us (0.00%), N = 1, StdDev = 0.000 us
Min = 9.171 us, Q1 = 9.171 us, Median = 9.171 us, Q3 = 9.171 us, Max = 9.171 us
IQR = 0.000 us, LowerFence = 9.171 us, UpperFence = 9.171 us
ConfidenceInterval = [NaN us; NaN us] (CI 99.9%), Margin = NaN us (NaN% of Mean)
Skewness = NaN, Kurtosis = NaN, MValue = 2
-------------------- Histogram --------------------
[9.170 us ; 9.171 us) | @
---------------------------------------------------

CodecSuite.Run: campaign(EvaluateOverhead=False, Clock=Armonik.Ffi.Bdn.CpuClock, Toolchain=InProcessEmitToolchain, IterationCount=1, IterationTime=2ms, LaunchCount=1, RunStrategy=Throughput, WarmupCount=1) [Case=core-(...)known [37]]
Runtime = ; GC = 
Mean = 2.003 us, StdErr = 0.000 us (0.00%), N = 1, StdDev = 0.000 us
Min = 2.003 us, Q1 = 2.003 us, Median = 2.003 us, Q3 = 2.003 us, Max = 2.003 us
IQR = 0.000 us, LowerFence = 2.003 us, UpperFence = 2.003 us
ConfidenceInterval = [NaN us; NaN us] (CI 99.9%), Margin = NaN us (NaN% of Mean)
Skewness = NaN, Kurtosis = NaN, MValue = 2
-------------------- Histogram --------------------
[2.002 us ; 2.003 us) | @
---------------------------------------------------

CodecSuite.Run: campaign(EvaluateOverhead=False, Clock=Armonik.Ffi.Bdn.CpuClock, Toolchain=InProcessEmitToolchain, IterationCount=1, IterationTime=2ms, LaunchCount=1, RunStrategy=Throughput, WarmupCount=1) [Case=core-(...)known [51]]
Runtime = ; GC = 
Mean = 977.611 ns, StdErr = 0.000 ns (0.00%), N = 1, StdDev = 0.000 ns
Min = 977.611 ns, Q1 = 977.611 ns, Median = 977.611 ns, Q3 = 977.611 ns, Max = 977.611 ns
IQR = 0.000 ns, LowerFence = 977.611 ns, UpperFence = 977.611 ns
ConfidenceInterval = [NaN ns; NaN ns] (CI 99.9%), Margin = NaN ns (NaN% of Mean)
Skewness = NaN, Kurtosis = NaN, MValue = 2
-------------------- Histogram --------------------
[977.111 ns ; 978.111 ns) | @
---------------------------------------------------

CodecSuite.Run: campaign(EvaluateOverhead=False, Clock=Armonik.Ffi.Bdn.CpuClock, Toolchain=InProcessEmitToolchain, IterationCount=1, IterationTime=2ms, LaunchCount=1, RunStrategy=Throughput, WarmupCount=1) [Case=core-(...)known [51]]
Runtime = ; GC = 
Mean = 150.842 ns, StdErr = 0.000 ns (0.00%), N = 1, StdDev = 0.000 ns
Min = 150.842 ns, Q1 = 150.842 ns, Median = 150.842 ns, Q3 = 150.842 ns, Max = 150.842 ns
IQR = 0.000 ns, LowerFence = 150.842 ns, UpperFence = 150.842 ns
ConfidenceInterval = [NaN ns; NaN ns] (CI 99.9%), Margin = NaN ns (NaN% of Mean)
Skewness = NaN, Kurtosis = NaN, MValue = 2
-------------------- Histogram --------------------
[150.342 ns ; 151.342 ns) | @
---------------------------------------------------

CodecSuite.Run: campaign(EvaluateOverhead=False, Clock=Armonik.Ffi.Bdn.CpuClock, Toolchain=InProcessEmitToolchain, IterationCount=1, IterationTime=2ms, LaunchCount=1, RunStrategy=Throughput, WarmupCount=1) [Case=core-(...)known [57]]
Runtime = ; GC = 
Mean = 3.062 us, StdErr = 0.000 us (0.00%), N = 1, StdDev = 0.000 us
Min = 3.062 us, Q1 = 3.062 us, Median = 3.062 us, Q3 = 3.062 us, Max = 3.062 us
IQR = 0.000 us, LowerFence = 3.062 us, UpperFence = 3.062 us
ConfidenceInterval = [NaN us; NaN us] (CI 99.9%), Margin = NaN us (NaN% of Mean)
Skewness = NaN, Kurtosis = NaN, MValue = 2
-------------------- Histogram --------------------
[3.062 us ; 3.063 us) | @
---------------------------------------------------

CodecSuite.Run: campaign(EvaluateOverhead=False, Clock=Armonik.Ffi.Bdn.CpuClock, Toolchain=InProcessEmitToolchain, IterationCount=1, IterationTime=2ms, LaunchCount=1, RunStrategy=Throughput, WarmupCount=1) [Case=core-(...)known [48]]
Runtime = ; GC = 
Mean = 1.321 us, StdErr = 0.000 us (0.00%), N = 1, StdDev = 0.000 us
Min = 1.321 us, Q1 = 1.321 us, Median = 1.321 us, Q3 = 1.321 us, Max = 1.321 us
IQR = 0.000 us, LowerFence = 1.321 us, UpperFence = 1.321 us
ConfidenceInterval = [NaN us; NaN us] (CI 99.9%), Margin = NaN us (NaN% of Mean)
Skewness = NaN, Kurtosis = NaN, MValue = 2
-------------------- Histogram --------------------
[1.321 us ; 1.322 us) | @
---------------------------------------------------

CodecSuite.Run: campaign(EvaluateOverhead=False, Clock=Armonik.Ffi.Bdn.CpuClock, Toolchain=InProcessEmitToolchain, IterationCount=1, IterationTime=2ms, LaunchCount=1, RunStrategy=Throughput, WarmupCount=1) [Case=core-(...)known [50]]
Runtime = ; GC = 
Mean = 3.203 ms, StdErr = 0.000 ms (0.00%), N = 1, StdDev = 0.000 ms
Min = 3.203 ms, Q1 = 3.203 ms, Median = 3.203 ms, Q3 = 3.203 ms, Max = 3.203 ms
IQR = 0.000 ms, LowerFence = 3.203 ms, UpperFence = 3.203 ms
ConfidenceInterval = [NaN ms; NaN ms] (CI 99.9%), Margin = NaN ms (NaN% of Mean)
Skewness = NaN, Kurtosis = NaN, MValue = 2
-------------------- Histogram --------------------
[3.203 ms ; 3.203 ms) | @
---------------------------------------------------

CodecSuite.Run: campaign(EvaluateOverhead=False, Clock=Armonik.Ffi.Bdn.CpuClock, Toolchain=InProcessEmitToolchain, IterationCount=1, IterationTime=2ms, LaunchCount=1, RunStrategy=Throughput, WarmupCount=1) [Case=core-(...)known [42]]
Runtime = ; GC = 
Mean = 9.316 us, StdErr = 0.000 us (0.00%), N = 1, StdDev = 0.000 us
Min = 9.316 us, Q1 = 9.316 us, Median = 9.316 us, Q3 = 9.316 us, Max = 9.316 us
IQR = 0.000 us, LowerFence = 9.316 us, UpperFence = 9.316 us
ConfidenceInterval = [NaN us; NaN us] (CI 99.9%), Margin = NaN us (NaN% of Mean)
Skewness = NaN, Kurtosis = NaN, MValue = 2
-------------------- Histogram --------------------
[9.315 us ; 9.316 us) | @
---------------------------------------------------

CodecSuite.Run: campaign(EvaluateOverhead=False, Clock=Armonik.Ffi.Bdn.CpuClock, Toolchain=InProcessEmitToolchain, IterationCount=1, IterationTime=2ms, LaunchCount=1, RunStrategy=Throughput, WarmupCount=1) [Case=core-(...)known [47]]
Runtime = ; GC = 
Mean = 1.413 ms, StdErr = 0.000 ms (0.00%), N = 1, StdDev = 0.000 ms
Min = 1.413 ms, Q1 = 1.413 ms, Median = 1.413 ms, Q3 = 1.413 ms, Max = 1.413 ms
IQR = 0.000 ms, LowerFence = 1.413 ms, UpperFence = 1.413 ms
ConfidenceInterval = [NaN ms; NaN ms] (CI 99.9%), Margin = NaN ms (NaN% of Mean)
Skewness = NaN, Kurtosis = NaN, MValue = 2
-------------------- Histogram --------------------
[1.413 ms ; 1.413 ms) | @
---------------------------------------------------

CodecSuite.Run: campaign(EvaluateOverhead=False, Clock=Armonik.Ffi.Bdn.CpuClock, Toolchain=InProcessEmitToolchain, IterationCount=1, IterationTime=2ms, LaunchCount=1, RunStrategy=Throughput, WarmupCount=1) [Case=core-(...)known [42]]
Runtime = ; GC = 
Mean = 23.465 us, StdErr = 0.000 us (0.00%), N = 1, StdDev = 0.000 us
Min = 23.465 us, Q1 = 23.465 us, Median = 23.465 us, Q3 = 23.465 us, Max = 23.465 us
IQR = 0.000 us, LowerFence = 23.465 us, UpperFence = 23.465 us
ConfidenceInterval = [NaN us; NaN us] (CI 99.9%), Margin = NaN us (NaN% of Mean)
Skewness = NaN, Kurtosis = NaN, MValue = 2
-------------------- Histogram --------------------
[23.465 us ; 23.466 us) | @
---------------------------------------------------

CodecSuite.Run: campaign(EvaluateOverhead=False, Clock=Armonik.Ffi.Bdn.CpuClock, Toolchain=InProcessEmitToolchain, IterationCount=1, IterationTime=2ms, LaunchCount=1, RunStrategy=Throughput, WarmupCount=1) [Case=core-(...)known [37]]
Runtime = ; GC = 
Mean = 3.246 us, StdErr = 0.000 us (0.00%), N = 1, StdDev = 0.000 us
Min = 3.246 us, Q1 = 3.246 us, Median = 3.246 us, Q3 = 3.246 us, Max = 3.246 us
IQR = 0.000 us, LowerFence = 3.246 us, UpperFence = 3.246 us
ConfidenceInterval = [NaN us; NaN us] (CI 99.9%), Margin = NaN us (NaN% of Mean)
Skewness = NaN, Kurtosis = NaN, MValue = 2
-------------------- Histogram --------------------
[3.246 us ; 3.247 us) | @
---------------------------------------------------

CodecSuite.Run: campaign(EvaluateOverhead=False, Clock=Armonik.Ffi.Bdn.CpuClock, Toolchain=InProcessEmitToolchain, IterationCount=1, IterationTime=2ms, LaunchCount=1, RunStrategy=Throughput, WarmupCount=1) [Case=core-(...)known [61]]
Runtime = ; GC = 
Mean = 7.420 us, StdErr = 0.000 us (0.00%), N = 1, StdDev = 0.000 us
Min = 7.420 us, Q1 = 7.420 us, Median = 7.420 us, Q3 = 7.420 us, Max = 7.420 us
IQR = 0.000 us, LowerFence = 7.420 us, UpperFence = 7.420 us
ConfidenceInterval = [NaN us; NaN us] (CI 99.9%), Margin = NaN us (NaN% of Mean)
Skewness = NaN, Kurtosis = NaN, MValue = 2
-------------------- Histogram --------------------
[7.420 us ; 7.421 us) | @
---------------------------------------------------

CodecSuite.Run: campaign(EvaluateOverhead=False, Clock=Armonik.Ffi.Bdn.CpuClock, Toolchain=InProcessEmitToolchain, IterationCount=1, IterationTime=2ms, LaunchCount=1, RunStrategy=Throughput, WarmupCount=1) [Case=core-(...)known [51]]
Runtime = ; GC = 
Mean = 441.907 ns, StdErr = 0.000 ns (0.00%), N = 1, StdDev = 0.000 ns
Min = 441.907 ns, Q1 = 441.907 ns, Median = 441.907 ns, Q3 = 441.907 ns, Max = 441.907 ns
IQR = 0.000 ns, LowerFence = 441.907 ns, UpperFence = 441.907 ns
ConfidenceInterval = [NaN ns; NaN ns] (CI 99.9%), Margin = NaN ns (NaN% of Mean)
Skewness = NaN, Kurtosis = NaN, MValue = 2
-------------------- Histogram --------------------
[441.407 ns ; 442.407 ns) | @
---------------------------------------------------

CodecSuite.Run: campaign(EvaluateOverhead=False, Clock=Armonik.Ffi.Bdn.CpuClock, Toolchain=InProcessEmitToolchain, IterationCount=1, IterationTime=2ms, LaunchCount=1, RunStrategy=Throughput, WarmupCount=1) [Case=core-(...)known [51]]
Runtime = ; GC = 
Mean = 131.314 us, StdErr = 0.000 us (0.00%), N = 1, StdDev = 0.000 us
Min = 131.314 us, Q1 = 131.314 us, Median = 131.314 us, Q3 = 131.314 us, Max = 131.314 us
IQR = 0.000 us, LowerFence = 131.314 us, UpperFence = 131.314 us
ConfidenceInterval = [NaN us; NaN us] (CI 99.9%), Margin = NaN us (NaN% of Mean)
Skewness = NaN, Kurtosis = NaN, MValue = 2
-------------------- Histogram --------------------
[131.313 us ; 131.314 us) | @
---------------------------------------------------

CodecSuite.Run: campaign(EvaluateOverhead=False, Clock=Armonik.Ffi.Bdn.CpuClock, Toolchain=InProcessEmitToolchain, IterationCount=1, IterationTime=2ms, LaunchCount=1, RunStrategy=Throughput, WarmupCount=1) [Case=core-(...)known [42]]
Runtime = ; GC = 
Mean = 106.070 us, StdErr = 0.000 us (0.00%), N = 1, StdDev = 0.000 us
Min = 106.070 us, Q1 = 106.070 us, Median = 106.070 us, Q3 = 106.070 us, Max = 106.070 us
IQR = 0.000 us, LowerFence = 106.070 us, UpperFence = 106.070 us
ConfidenceInterval = [NaN us; NaN us] (CI 99.9%), Margin = NaN us (NaN% of Mean)
Skewness = NaN, Kurtosis = NaN, MValue = 2
-------------------- Histogram --------------------
[106.069 us ; 106.070 us) | @
---------------------------------------------------

CodecSuite.Run: campaign(EvaluateOverhead=False, Clock=Armonik.Ffi.Bdn.CpuClock, Toolchain=InProcessEmitToolchain, IterationCount=1, IterationTime=2ms, LaunchCount=1, RunStrategy=Throughput, WarmupCount=1) [Case=core-(...)known [36]]
Runtime = ; GC = 
Mean = 5.651 ms, StdErr = 0.000 ms (0.00%), N = 1, StdDev = 0.000 ms
Min = 5.651 ms, Q1 = 5.651 ms, Median = 5.651 ms, Q3 = 5.651 ms, Max = 5.651 ms
IQR = 0.000 ms, LowerFence = 5.651 ms, UpperFence = 5.651 ms
ConfidenceInterval = [NaN ms; NaN ms] (CI 99.9%), Margin = NaN ms (NaN% of Mean)
Skewness = NaN, Kurtosis = NaN, MValue = 2
-------------------- Histogram --------------------
[5.651 ms ; 5.651 ms) | @
---------------------------------------------------

CodecSuite.Run: campaign(EvaluateOverhead=False, Clock=Armonik.Ffi.Bdn.CpuClock, Toolchain=InProcessEmitToolchain, IterationCount=1, IterationTime=2ms, LaunchCount=1, RunStrategy=Throughput, WarmupCount=1) [Case=core-(...)known [76]]
Runtime = ; GC = 
Mean = 456.863 ns, StdErr = 0.000 ns (0.00%), N = 1, StdDev = 0.000 ns
Min = 456.863 ns, Q1 = 456.863 ns, Median = 456.863 ns, Q3 = 456.863 ns, Max = 456.863 ns
IQR = 0.000 ns, LowerFence = 456.863 ns, UpperFence = 456.863 ns
ConfidenceInterval = [NaN ns; NaN ns] (CI 99.9%), Margin = NaN ns (NaN% of Mean)
Skewness = NaN, Kurtosis = NaN, MValue = 2
-------------------- Histogram --------------------
[456.363 ns ; 457.363 ns) | @
---------------------------------------------------

CodecSuite.Run: campaign(EvaluateOverhead=False, Clock=Armonik.Ffi.Bdn.CpuClock, Toolchain=InProcessEmitToolchain, IterationCount=1, IterationTime=2ms, LaunchCount=1, RunStrategy=Throughput, WarmupCount=1) [Case=core-(...)known [41]]
Runtime = ; GC = 
Mean = 897.820 ns, StdErr = 0.000 ns (0.00%), N = 1, StdDev = 0.000 ns
Min = 897.820 ns, Q1 = 897.820 ns, Median = 897.820 ns, Q3 = 897.820 ns, Max = 897.820 ns
IQR = 0.000 ns, LowerFence = 897.820 ns, UpperFence = 897.820 ns
ConfidenceInterval = [NaN ns; NaN ns] (CI 99.9%), Margin = NaN ns (NaN% of Mean)
Skewness = NaN, Kurtosis = NaN, MValue = 2
-------------------- Histogram --------------------
[897.320 ns ; 898.320 ns) | @
---------------------------------------------------

CodecSuite.Run: campaign(EvaluateOverhead=False, Clock=Armonik.Ffi.Bdn.CpuClock, Toolchain=InProcessEmitToolchain, IterationCount=1, IterationTime=2ms, LaunchCount=1, RunStrategy=Throughput, WarmupCount=1) [Case=core-(...)known [42]]
Runtime = ; GC = 
Mean = 939.418 ns, StdErr = 0.000 ns (0.00%), N = 1, StdDev = 0.000 ns
Min = 939.418 ns, Q1 = 939.418 ns, Median = 939.418 ns, Q3 = 939.418 ns, Max = 939.418 ns
IQR = 0.000 ns, LowerFence = 939.418 ns, UpperFence = 939.418 ns
ConfidenceInterval = [NaN ns; NaN ns] (CI 99.9%), Margin = NaN ns (NaN% of Mean)
Skewness = NaN, Kurtosis = NaN, MValue = 2
-------------------- Histogram --------------------
[938.918 ns ; 939.918 ns) | @
---------------------------------------------------

CodecSuite.Run: campaign(EvaluateOverhead=False, Clock=Armonik.Ffi.Bdn.CpuClock, Toolchain=InProcessEmitToolchain, IterationCount=1, IterationTime=2ms, LaunchCount=1, RunStrategy=Throughput, WarmupCount=1) [Case=core-(...)known [42]]
Runtime = ; GC = 
Mean = 1.127 ms, StdErr = 0.000 ms (0.00%), N = 1, StdDev = 0.000 ms
Min = 1.127 ms, Q1 = 1.127 ms, Median = 1.127 ms, Q3 = 1.127 ms, Max = 1.127 ms
IQR = 0.000 ms, LowerFence = 1.127 ms, UpperFence = 1.127 ms
ConfidenceInterval = [NaN ms; NaN ms] (CI 99.9%), Margin = NaN ms (NaN% of Mean)
Skewness = NaN, Kurtosis = NaN, MValue = 2
-------------------- Histogram --------------------
[1.127 ms ; 1.127 ms) | @
---------------------------------------------------

CodecSuite.Run: campaign(EvaluateOverhead=False, Clock=Armonik.Ffi.Bdn.CpuClock, Toolchain=InProcessEmitToolchain, IterationCount=1, IterationTime=2ms, LaunchCount=1, RunStrategy=Throughput, WarmupCount=1) [Case=core-(...)known [37]]
Runtime = ; GC = 
Mean = 552.726 us, StdErr = 0.000 us (0.00%), N = 1, StdDev = 0.000 us
Min = 552.726 us, Q1 = 552.726 us, Median = 552.726 us, Q3 = 552.726 us, Max = 552.726 us
IQR = 0.000 us, LowerFence = 552.726 us, UpperFence = 552.726 us
ConfidenceInterval = [NaN us; NaN us] (CI 99.9%), Margin = NaN us (NaN% of Mean)
Skewness = NaN, Kurtosis = NaN, MValue = 2
-------------------- Histogram --------------------
[552.725 us ; 552.726 us) | @
---------------------------------------------------

CodecSuite.Run: campaign(EvaluateOverhead=False, Clock=Armonik.Ffi.Bdn.CpuClock, Toolchain=InProcessEmitToolchain, IterationCount=1, IterationTime=2ms, LaunchCount=1, RunStrategy=Throughput, WarmupCount=1) [Case=core-(...)known [47]]
Runtime = ; GC = 
Mean = 140.854 us, StdErr = 0.000 us (0.00%), N = 1, StdDev = 0.000 us
Min = 140.854 us, Q1 = 140.854 us, Median = 140.854 us, Q3 = 140.854 us, Max = 140.854 us
IQR = 0.000 us, LowerFence = 140.854 us, UpperFence = 140.854 us
ConfidenceInterval = [NaN us; NaN us] (CI 99.9%), Margin = NaN us (NaN% of Mean)
Skewness = NaN, Kurtosis = NaN, MValue = 2
-------------------- Histogram --------------------
[140.853 us ; 140.854 us) | @
---------------------------------------------------

CodecSuite.Run: campaign(EvaluateOverhead=False, Clock=Armonik.Ffi.Bdn.CpuClock, Toolchain=InProcessEmitToolchain, IterationCount=1, IterationTime=2ms, LaunchCount=1, RunStrategy=Throughput, WarmupCount=1) [Case=core-(...)known [52]]
Runtime = ; GC = 
Mean = 3.054 us, StdErr = 0.000 us (0.00%), N = 1, StdDev = 0.000 us
Min = 3.054 us, Q1 = 3.054 us, Median = 3.054 us, Q3 = 3.054 us, Max = 3.054 us
IQR = 0.000 us, LowerFence = 3.054 us, UpperFence = 3.054 us
ConfidenceInterval = [NaN us; NaN us] (CI 99.9%), Margin = NaN us (NaN% of Mean)
Skewness = NaN, Kurtosis = NaN, MValue = 2
-------------------- Histogram --------------------
[3.054 us ; 3.055 us) | @
---------------------------------------------------

CodecSuite.Run: campaign(EvaluateOverhead=False, Clock=Armonik.Ffi.Bdn.CpuClock, Toolchain=InProcessEmitToolchain, IterationCount=1, IterationTime=2ms, LaunchCount=1, RunStrategy=Throughput, WarmupCount=1) [Case=core-(...)known [40]]
Runtime = ; GC = 
Mean = 2.777 ms, StdErr = 0.000 ms (0.00%), N = 1, StdDev = 0.000 ms
Min = 2.777 ms, Q1 = 2.777 ms, Median = 2.777 ms, Q3 = 2.777 ms, Max = 2.777 ms
IQR = 0.000 ms, LowerFence = 2.777 ms, UpperFence = 2.777 ms
ConfidenceInterval = [NaN ms; NaN ms] (CI 99.9%), Margin = NaN ms (NaN% of Mean)
Skewness = NaN, Kurtosis = NaN, MValue = 2
-------------------- Histogram --------------------
[2.777 ms ; 2.777 ms) | @
---------------------------------------------------

CodecSuite.Run: campaign(EvaluateOverhead=False, Clock=Armonik.Ffi.Bdn.CpuClock, Toolchain=InProcessEmitToolchain, IterationCount=1, IterationTime=2ms, LaunchCount=1, RunStrategy=Throughput, WarmupCount=1) [Case=core-(...)known [72]]
Runtime = ; GC = 
Mean = 879.933 ns, StdErr = 0.000 ns (0.00%), N = 1, StdDev = 0.000 ns
Min = 879.933 ns, Q1 = 879.933 ns, Median = 879.933 ns, Q3 = 879.933 ns, Max = 879.933 ns
IQR = 0.000 ns, LowerFence = 879.933 ns, UpperFence = 879.933 ns
ConfidenceInterval = [NaN ns; NaN ns] (CI 99.9%), Margin = NaN ns (NaN% of Mean)
Skewness = NaN, Kurtosis = NaN, MValue = 2
-------------------- Histogram --------------------
[879.433 ns ; 880.433 ns) | @
---------------------------------------------------

CodecSuite.Run: campaign(EvaluateOverhead=False, Clock=Armonik.Ffi.Bdn.CpuClock, Toolchain=InProcessEmitToolchain, IterationCount=1, IterationTime=2ms, LaunchCount=1, RunStrategy=Throughput, WarmupCount=1) [Case=core-(...)known [41]]
Runtime = ; GC = 
Mean = 99.630 ns, StdErr = 0.000 ns (0.00%), N = 1, StdDev = 0.000 ns
Min = 99.630 ns, Q1 = 99.630 ns, Median = 99.630 ns, Q3 = 99.630 ns, Max = 99.630 ns
IQR = 0.000 ns, LowerFence = 99.630 ns, UpperFence = 99.630 ns
ConfidenceInterval = [NaN ns; NaN ns] (CI 99.9%), Margin = NaN ns (NaN% of Mean)
Skewness = NaN, Kurtosis = NaN, MValue = 2
-------------------- Histogram --------------------
[99.130 ns ; 100.130 ns) | @
---------------------------------------------------

CodecSuite.Run: campaign(EvaluateOverhead=False, Clock=Armonik.Ffi.Bdn.CpuClock, Toolchain=InProcessEmitToolchain, IterationCount=1, IterationTime=2ms, LaunchCount=1, RunStrategy=Throughput, WarmupCount=1) [Case=core-(...)known [47]]
Runtime = ; GC = 
Mean = 879.303 us, StdErr = 0.000 us (0.00%), N = 1, StdDev = 0.000 us
Min = 879.303 us, Q1 = 879.303 us, Median = 879.303 us, Q3 = 879.303 us, Max = 879.303 us
IQR = 0.000 us, LowerFence = 879.303 us, UpperFence = 879.303 us
ConfidenceInterval = [NaN us; NaN us] (CI 99.9%), Margin = NaN us (NaN% of Mean)
Skewness = NaN, Kurtosis = NaN, MValue = 2
-------------------- Histogram --------------------
[879.303 us ; 879.304 us) | @
---------------------------------------------------

CodecSuite.Run: campaign(EvaluateOverhead=False, Clock=Armonik.Ffi.Bdn.CpuClock, Toolchain=InProcessEmitToolchain, IterationCount=1, IterationTime=2ms, LaunchCount=1, RunStrategy=Throughput, WarmupCount=1) [Case=core-(...)known [51]]
Runtime = ; GC = 
Mean = 36.030 us, StdErr = 0.000 us (0.00%), N = 1, StdDev = 0.000 us
Min = 36.030 us, Q1 = 36.030 us, Median = 36.030 us, Q3 = 36.030 us, Max = 36.030 us
IQR = 0.000 us, LowerFence = 36.030 us, UpperFence = 36.030 us
ConfidenceInterval = [NaN us; NaN us] (CI 99.9%), Margin = NaN us (NaN% of Mean)
Skewness = NaN, Kurtosis = NaN, MValue = 2
-------------------- Histogram --------------------
[36.029 us ; 36.030 us) | @
---------------------------------------------------

CodecSuite.Run: campaign(EvaluateOverhead=False, Clock=Armonik.Ffi.Bdn.CpuClock, Toolchain=InProcessEmitToolchain, IterationCount=1, IterationTime=2ms, LaunchCount=1, RunStrategy=Throughput, WarmupCount=1) [Case=core-(...)known [48]]
Runtime = ; GC = 
Mean = 534.211 ns, StdErr = 0.000 ns (0.00%), N = 1, StdDev = 0.000 ns
Min = 534.211 ns, Q1 = 534.211 ns, Median = 534.211 ns, Q3 = 534.211 ns, Max = 534.211 ns
IQR = 0.000 ns, LowerFence = 534.211 ns, UpperFence = 534.211 ns
ConfidenceInterval = [NaN ns; NaN ns] (CI 99.9%), Margin = NaN ns (NaN% of Mean)
Skewness = NaN, Kurtosis = NaN, MValue = 2
-------------------- Histogram --------------------
[533.711 ns ; 534.711 ns) | @
---------------------------------------------------

CodecSuite.Run: campaign(EvaluateOverhead=False, Clock=Armonik.Ffi.Bdn.CpuClock, Toolchain=InProcessEmitToolchain, IterationCount=1, IterationTime=2ms, LaunchCount=1, RunStrategy=Throughput, WarmupCount=1) [Case=core-(...)known [38]]
Runtime = ; GC = 
Mean = 2.910 ms, StdErr = 0.000 ms (0.00%), N = 1, StdDev = 0.000 ms
Min = 2.910 ms, Q1 = 2.910 ms, Median = 2.910 ms, Q3 = 2.910 ms, Max = 2.910 ms
IQR = 0.000 ms, LowerFence = 2.910 ms, UpperFence = 2.910 ms
ConfidenceInterval = [NaN ms; NaN ms] (CI 99.9%), Margin = NaN ms (NaN% of Mean)
Skewness = NaN, Kurtosis = NaN, MValue = 2
-------------------- Histogram --------------------
[2.910 ms ; 2.910 ms) | @
---------------------------------------------------

CodecSuite.Run: campaign(EvaluateOverhead=False, Clock=Armonik.Ffi.Bdn.CpuClock, Toolchain=InProcessEmitToolchain, IterationCount=1, IterationTime=2ms, LaunchCount=1, RunStrategy=Throughput, WarmupCount=1) [Case=core-(...)known [42]]
Runtime = ; GC = 
Mean = 233.047 ns, StdErr = 0.000 ns (0.00%), N = 1, StdDev = 0.000 ns
Min = 233.047 ns, Q1 = 233.047 ns, Median = 233.047 ns, Q3 = 233.047 ns, Max = 233.047 ns
IQR = 0.000 ns, LowerFence = 233.047 ns, UpperFence = 233.047 ns
ConfidenceInterval = [NaN ns; NaN ns] (CI 99.9%), Margin = NaN ns (NaN% of Mean)
Skewness = NaN, Kurtosis = NaN, MValue = 2
-------------------- Histogram --------------------
[232.547 ns ; 233.547 ns) | @
---------------------------------------------------

CodecSuite.Run: campaign(EvaluateOverhead=False, Clock=Armonik.Ffi.Bdn.CpuClock, Toolchain=InProcessEmitToolchain, IterationCount=1, IterationTime=2ms, LaunchCount=1, RunStrategy=Throughput, WarmupCount=1) [Case=core-(...)known [52]]
Runtime = ; GC = 
Mean = 2.193 ms, StdErr = 0.000 ms (0.00%), N = 1, StdDev = 0.000 ms
Min = 2.193 ms, Q1 = 2.193 ms, Median = 2.193 ms, Q3 = 2.193 ms, Max = 2.193 ms
IQR = 0.000 ms, LowerFence = 2.193 ms, UpperFence = 2.193 ms
ConfidenceInterval = [NaN ms; NaN ms] (CI 99.9%), Margin = NaN ms (NaN% of Mean)
Skewness = NaN, Kurtosis = NaN, MValue = 2
-------------------- Histogram --------------------
[2.193 ms ; 2.193 ms) | @
---------------------------------------------------

CodecSuite.Run: campaign(EvaluateOverhead=False, Clock=Armonik.Ffi.Bdn.CpuClock, Toolchain=InProcessEmitToolchain, IterationCount=1, IterationTime=2ms, LaunchCount=1, RunStrategy=Throughput, WarmupCount=1) [Case=core-(...)known [51]]
Runtime = ; GC = 
Mean = 907.123 ns, StdErr = 0.000 ns (0.00%), N = 1, StdDev = 0.000 ns
Min = 907.123 ns, Q1 = 907.123 ns, Median = 907.123 ns, Q3 = 907.123 ns, Max = 907.123 ns
IQR = 0.000 ns, LowerFence = 907.123 ns, UpperFence = 907.123 ns
ConfidenceInterval = [NaN ns; NaN ns] (CI 99.9%), Margin = NaN ns (NaN% of Mean)
Skewness = NaN, Kurtosis = NaN, MValue = 2
-------------------- Histogram --------------------
[906.623 ns ; 907.623 ns) | @
---------------------------------------------------

CodecSuite.Run: campaign(EvaluateOverhead=False, Clock=Armonik.Ffi.Bdn.CpuClock, Toolchain=InProcessEmitToolchain, IterationCount=1, IterationTime=2ms, LaunchCount=1, RunStrategy=Throughput, WarmupCount=1) [Case=core-(...)known [51]]
Runtime = ; GC = 
Mean = 1.262 ms, StdErr = 0.000 ms (0.00%), N = 1, StdDev = 0.000 ms
Min = 1.262 ms, Q1 = 1.262 ms, Median = 1.262 ms, Q3 = 1.262 ms, Max = 1.262 ms
IQR = 0.000 ms, LowerFence = 1.262 ms, UpperFence = 1.262 ms
ConfidenceInterval = [NaN ms; NaN ms] (CI 99.9%), Margin = NaN ms (NaN% of Mean)
Skewness = NaN, Kurtosis = NaN, MValue = 2
-------------------- Histogram --------------------
[1.262 ms ; 1.262 ms) | @
---------------------------------------------------

CodecSuite.Run: campaign(EvaluateOverhead=False, Clock=Armonik.Ffi.Bdn.CpuClock, Toolchain=InProcessEmitToolchain, IterationCount=1, IterationTime=2ms, LaunchCount=1, RunStrategy=Throughput, WarmupCount=1) [Case=core-(...)known [42]]
Runtime = ; GC = 
Mean = 1.644 us, StdErr = 0.000 us (0.00%), N = 1, StdDev = 0.000 us
Min = 1.644 us, Q1 = 1.644 us, Median = 1.644 us, Q3 = 1.644 us, Max = 1.644 us
IQR = 0.000 us, LowerFence = 1.644 us, UpperFence = 1.644 us
ConfidenceInterval = [NaN us; NaN us] (CI 99.9%), Margin = NaN us (NaN% of Mean)
Skewness = NaN, Kurtosis = NaN, MValue = 2
-------------------- Histogram --------------------
[1.644 us ; 1.645 us) | @
---------------------------------------------------

CodecSuite.Run: campaign(EvaluateOverhead=False, Clock=Armonik.Ffi.Bdn.CpuClock, Toolchain=InProcessEmitToolchain, IterationCount=1, IterationTime=2ms, LaunchCount=1, RunStrategy=Throughput, WarmupCount=1) [Case=core-(...)known [56]]
Runtime = ; GC = 
Mean = 280.300 ns, StdErr = 0.000 ns (0.00%), N = 1, StdDev = 0.000 ns
Min = 280.300 ns, Q1 = 280.300 ns, Median = 280.300 ns, Q3 = 280.300 ns, Max = 280.300 ns
IQR = 0.000 ns, LowerFence = 280.300 ns, UpperFence = 280.300 ns
ConfidenceInterval = [NaN ns; NaN ns] (CI 99.9%), Margin = NaN ns (NaN% of Mean)
Skewness = NaN, Kurtosis = NaN, MValue = 2
-------------------- Histogram --------------------
[279.800 ns ; 280.800 ns) | @
---------------------------------------------------

CodecSuite.Run: campaign(EvaluateOverhead=False, Clock=Armonik.Ffi.Bdn.CpuClock, Toolchain=InProcessEmitToolchain, IterationCount=1, IterationTime=2ms, LaunchCount=1, RunStrategy=Throughput, WarmupCount=1) [Case=core-(...)known [51]]
Runtime = ; GC = 
Mean = 146.272 us, StdErr = 0.000 us (0.00%), N = 1, StdDev = 0.000 us
Min = 146.272 us, Q1 = 146.272 us, Median = 146.272 us, Q3 = 146.272 us, Max = 146.272 us
IQR = 0.000 us, LowerFence = 146.272 us, UpperFence = 146.272 us
ConfidenceInterval = [NaN us; NaN us] (CI 99.9%), Margin = NaN us (NaN% of Mean)
Skewness = NaN, Kurtosis = NaN, MValue = 2
-------------------- Histogram --------------------
[146.271 us ; 146.272 us) | @
---------------------------------------------------

CodecSuite.Run: campaign(EvaluateOverhead=False, Clock=Armonik.Ffi.Bdn.CpuClock, Toolchain=InProcessEmitToolchain, IterationCount=1, IterationTime=2ms, LaunchCount=1, RunStrategy=Throughput, WarmupCount=1) [Case=core-(...)known [41]]
Runtime = ; GC = 
Mean = 44.915 us, StdErr = 0.000 us (0.00%), N = 1, StdDev = 0.000 us
Min = 44.915 us, Q1 = 44.915 us, Median = 44.915 us, Q3 = 44.915 us, Max = 44.915 us
IQR = 0.000 us, LowerFence = 44.915 us, UpperFence = 44.915 us
ConfidenceInterval = [NaN us; NaN us] (CI 99.9%), Margin = NaN us (NaN% of Mean)
Skewness = NaN, Kurtosis = NaN, MValue = 2
-------------------- Histogram --------------------
[44.915 us ; 44.916 us) | @
---------------------------------------------------

CodecSuite.Run: campaign(EvaluateOverhead=False, Clock=Armonik.Ffi.Bdn.CpuClock, Toolchain=InProcessEmitToolchain, IterationCount=1, IterationTime=2ms, LaunchCount=1, RunStrategy=Throughput, WarmupCount=1) [Case=core-(...)known [38]]
Runtime = ; GC = 
Mean = 1.158 ms, StdErr = 0.000 ms (0.00%), N = 1, StdDev = 0.000 ms
Min = 1.158 ms, Q1 = 1.158 ms, Median = 1.158 ms, Q3 = 1.158 ms, Max = 1.158 ms
IQR = 0.000 ms, LowerFence = 1.158 ms, UpperFence = 1.158 ms
ConfidenceInterval = [NaN ms; NaN ms] (CI 99.9%), Margin = NaN ms (NaN% of Mean)
Skewness = NaN, Kurtosis = NaN, MValue = 2
-------------------- Histogram --------------------
[1.158 ms ; 1.158 ms) | @
---------------------------------------------------

CodecSuite.Run: campaign(EvaluateOverhead=False, Clock=Armonik.Ffi.Bdn.CpuClock, Toolchain=InProcessEmitToolchain, IterationCount=1, IterationTime=2ms, LaunchCount=1, RunStrategy=Throughput, WarmupCount=1) [Case=core-(...)known [42]]
Runtime = ; GC = 
Mean = 1.447 ms, StdErr = 0.000 ms (0.00%), N = 1, StdDev = 0.000 ms
Min = 1.447 ms, Q1 = 1.447 ms, Median = 1.447 ms, Q3 = 1.447 ms, Max = 1.447 ms
IQR = 0.000 ms, LowerFence = 1.447 ms, UpperFence = 1.447 ms
ConfidenceInterval = [NaN ms; NaN ms] (CI 99.9%), Margin = NaN ms (NaN% of Mean)
Skewness = NaN, Kurtosis = NaN, MValue = 2
-------------------- Histogram --------------------
[1.447 ms ; 1.447 ms) | @
---------------------------------------------------

CodecSuite.Run: campaign(EvaluateOverhead=False, Clock=Armonik.Ffi.Bdn.CpuClock, Toolchain=InProcessEmitToolchain, IterationCount=1, IterationTime=2ms, LaunchCount=1, RunStrategy=Throughput, WarmupCount=1) [Case=core-(...)known [37]]
Runtime = ; GC = 
Mean = 243.733 us, StdErr = 0.000 us (0.00%), N = 1, StdDev = 0.000 us
Min = 243.733 us, Q1 = 243.733 us, Median = 243.733 us, Q3 = 243.733 us, Max = 243.733 us
IQR = 0.000 us, LowerFence = 243.733 us, UpperFence = 243.733 us
ConfidenceInterval = [NaN us; NaN us] (CI 99.9%), Margin = NaN us (NaN% of Mean)
Skewness = NaN, Kurtosis = NaN, MValue = 2
-------------------- Histogram --------------------
[243.733 us ; 243.734 us) | @
---------------------------------------------------

CodecSuite.Run: campaign(EvaluateOverhead=False, Clock=Armonik.Ffi.Bdn.CpuClock, Toolchain=InProcessEmitToolchain, IterationCount=1, IterationTime=2ms, LaunchCount=1, RunStrategy=Throughput, WarmupCount=1) [Case=core-(...)known [37]]
Runtime = ; GC = 
Mean = 20.624 us, StdErr = 0.000 us (0.00%), N = 1, StdDev = 0.000 us
Min = 20.624 us, Q1 = 20.624 us, Median = 20.624 us, Q3 = 20.624 us, Max = 20.624 us
IQR = 0.000 us, LowerFence = 20.624 us, UpperFence = 20.624 us
ConfidenceInterval = [NaN us; NaN us] (CI 99.9%), Margin = NaN us (NaN% of Mean)
Skewness = NaN, Kurtosis = NaN, MValue = 2
-------------------- Histogram --------------------
[20.624 us ; 20.625 us) | @
---------------------------------------------------

// * Summary *

BenchmarkDotNet v0.15.8, Linux Ubuntu 24.04.4 LTS (Noble Numbat)
Intel Xeon Processor 2.10GHz, 1 CPU, 4 logical and 4 physical cores
.NET SDK 8.0.131
  [Host] : .NET 8.0.31 (8.0.31, 8.0.3126.42015), X64 RyuJIT x86-64-v4

Job=campaign  EvaluateOverhead=False  Clock=Armonik.Ffi.Bdn.CpuClock  
Toolchain=InProcessEmitToolchain  IterationCount=1  IterationTime=2ms  
LaunchCount=1  RunStrategy=Throughput  WarmupCount=1  

| Method | Case                 | Mean            | Error |
|------- |--------------------- |----------------:|------:|
| Run    | core-(...)known [41] |       866.26 ns |    NA |
| Run    | core-(...)known [37] |       889.98 ns |    NA |
| Run    | core-(...)known [46] | 3,186,349.00 ns |    NA |
| Run    | core-(...)known [57] |       915.86 ns |    NA |
| Run    | core-(...)known [50] |       675.69 ns |    NA |
| Run    | core-(...)known [37] |   810,781.50 ns |    NA |
| Run    | core-(...)known [37] |    76,551.71 ns |    NA |
| Run    | core-(...)known [52] |       265.08 ns |    NA |
| Run    | core-(...)known [60] |       650.60 ns |    NA |
| Run    | core-(...)known [37] | 1,464,555.00 ns |    NA |
| Run    | core-(...)known [41] |    20,896.76 ns |    NA |
| Run    | core-(...)known [47] |    17,338.24 ns |    NA |
| Run    | core-(...)known [55] |       127.54 ns |    NA |
| Run    | core-(...)known [42] |   590,997.50 ns |    NA |
| Run    | core-(...)known [47] |     3,850.47 ns |    NA |
| Run    | core-(...)known [38] |   317,955.71 ns |    NA |
| Run    | core-(...)known [41] |   349,561.25 ns |    NA |
| Run    | core-(...)known [38] | 2,076,976.00 ns |    NA |
| Run    | core-(...)known [51] |   939,535.00 ns |    NA |
| Run    | core-(...)known [50] |   445,857.00 ns |    NA |
| Run    | core-(...)known [42] |   567,338.50 ns |    NA |
| Run    | core-(...)known [47] | 3,195,736.00 ns |    NA |
| Run    | core-(...)known [42] |   290,877.17 ns |    NA |
| Run    | core-(...)known [48] | 1,596,690.00 ns |    NA |
| Run    | core-(...)known [51] |    16,020.16 ns |    NA |
| Run    | core-(...)known [41] | 1,182,469.00 ns |    NA |
| Run    | core-(...)known [37] |       569.13 ns |    NA |
| Run    | core-(...)known [42] | 1,966,993.00 ns |    NA |
| Run    | core-(...)known [51] |   895,061.50 ns |    NA |
| Run    | core-(...)known [38] | 1,545,935.00 ns |    NA |
| Run    | core-(...)known [52] |   332,768.83 ns |    NA |
| Run    | core-(...)known [37] | 1,610,581.00 ns |    NA |
| Run    | core-(...)known [42] |   143,267.42 ns |    NA |
| Run    | core-(...)known [53] |     7,194.63 ns |    NA |
| Run    | core-(...)known [43] | 4,013,915.00 ns |    NA |
| Run    | core-(...)known [41] |     2,025.57 ns |    NA |
| Run    | core-(...)known [42] | 2,150,315.00 ns |    NA |
| Run    | core-(...)known [37] |     1,595.89 ns |    NA |
| Run    | core-(...)known [37] |    22,393.66 ns |    NA |
| Run    | core-(...)known [42] | 2,124,597.00 ns |    NA |
| Run    | core-(...)known [44] |     5,486.51 ns |    NA |
| Run    | core-(...)known [37] |    27,260.17 ns |    NA |
| Run    | core-(...)known [37] |    24,823.32 ns |    NA |
| Run    | core-(...)known [37] |    28,293.79 ns |    NA |
| Run    | core-(...)known [37] |   401,371.75 ns |    NA |
| Run    | core-(...)known [37] | 1,849,842.00 ns |    NA |
| Run    | core-(...)known [40] | 1,779,253.00 ns |    NA |
| Run    | core-(...)known [36] | 1,754,671.00 ns |    NA |
| Run    | core-(...)known [46] |   576,448.00 ns |    NA |
| Run    | core-(...)known [48] |   320,772.83 ns |    NA |
| Run    | core-(...)known [37] |       299.73 ns |    NA |
| Run    | core-(...)known [36] | 1,599,133.00 ns |    NA |
| Run    | core-(...)known [41] | 1,480,694.00 ns |    NA |
| Run    | core-(...)known [41] |     1,385.92 ns |    NA |
| Run    | core-(...)known [51] |       593.02 ns |    NA |
| Run    | core-(...)known [47] |       141.72 ns |    NA |
| Run    | core-(...)known [81] |     2,409.97 ns |    NA |
| Run    | core-(...)known [46] |       910.94 ns |    NA |
| Run    | core-(...)known [42] |    55,347.50 ns |    NA |
| Run    | core-(...)known [37] |   312,219.83 ns |    NA |
| Run    | core-(...)known [56] |     1,406.33 ns |    NA |
| Run    | core-(...)known [36] | 4,332,639.00 ns |    NA |
| Run    | core-(...)known [37] |     1,463.16 ns |    NA |
| Run    | core-(...)known [47] |    45,219.21 ns |    NA |
| Run    | core-(...)known [37] | 3,244,707.00 ns |    NA |
| Run    | core-(...)known [47] |       405.88 ns |    NA |
| Run    | core-(...)known [51] | 1,577,191.00 ns |    NA |
| Run    | core-(...)known [43] |   816,317.00 ns |    NA |
| Run    | core-(...)known [77] |       911.81 ns |    NA |
| Run    | core-(...)known [47] |   188,446.15 ns |    NA |
| Run    | core-(...)known [41] |    26,943.81 ns |    NA |
| Run    | core-(...)known [41] |   148,394.00 ns |    NA |
| Run    | core-(...)known [38] | 3,707,070.00 ns |    NA |
| Run    | core-(...)known [53] |       539.33 ns |    NA |
| Run    | core-(...)known [46] | 1,911,257.00 ns |    NA |
| Run    | core-(...)known [37] |   152,792.14 ns |    NA |
| Run    | core-(...)known [51] |   150,245.33 ns |    NA |
| Run    | core-(...)known [51] |     3,805.40 ns |    NA |
| Run    | core-(...)known [37] |       104.08 ns |    NA |
| Run    | core-(...)known [42] |   759,825.00 ns |    NA |
| Run    | core-(...)known [36] | 6,843,659.00 ns |    NA |
| Run    | core-(...)known [49] |     3,123.11 ns |    NA |
| Run    | core-(...)known [55] |     1,521.67 ns |    NA |
| Run    | core-(...)known [41] |       267.16 ns |    NA |
| Run    | core-(...)known [42] | 1,612,763.00 ns |    NA |
| Run    | core-(...)known [47] |    19,850.84 ns |    NA |
| Run    | core-(...)known [41] |   144,790.85 ns |    NA |
| Run    | core-(...)known [37] |   682,777.50 ns |    NA |
| Run    | core-(...)known [41] | 9,444,064.00 ns |    NA |
| Run    | core-(...)known [37] |       936.38 ns |    NA |
| Run    | core-(...)known [52] | 4,375,978.00 ns |    NA |
| Run    | core-(...)known [50] | 1,947,613.00 ns |    NA |
| Run    | core-(...)known [41] | 1,657,996.00 ns |    NA |
| Run    | core-(...)known [40] |   412,569.50 ns |    NA |
| Run    | core-(...)known [37] |   147,056.29 ns |    NA |
| Run    | core-(...)known [47] |     1,564.17 ns |    NA |
| Run    | core-(...)known [41] |   236,873.62 ns |    NA |
| Run    | core-(...)known [41] |   778,103.00 ns |    NA |
| Run    | core-(...)known [37] |       402.08 ns |    NA |
| Run    | core-(...)known [47] |   264,347.86 ns |    NA |
| Run    | core-(...)known [37] |   103,677.74 ns |    NA |
| Run    | core-(...)known [48] | 2,541,960.00 ns |    NA |
| Run    | core-(...)known [41] | 6,851,727.00 ns |    NA |
| Run    | core-(...)known [43] | 3,045,817.00 ns |    NA |
| Run    | core-(...)known [51] |   425,486.25 ns |    NA |
| Run    | core-(...)known [36] |   500,706.50 ns |    NA |
| Run    | core-(...)known [37] |   574,686.75 ns |    NA |
| Run    | core-(...)known [51] |    18,517.79 ns |    NA |
| Run    | core-(...)known [51] |     1,469.56 ns |    NA |
| Run    | core-(...)known [47] |       948.14 ns |    NA |
| Run    | core-(...)known [47] |   158,493.69 ns |    NA |
| Run    | core-(...)known [42] |     3,241.86 ns |    NA |
| Run    | core-(...)known [47] | 1,519,060.00 ns |    NA |
| Run    | core-(...)known [41] |    17,420.37 ns |    NA |
| Run    | core-(...)known [37] | 1,102,507.00 ns |    NA |
| Run    | core-(...)known [37] |   127,890.86 ns |    NA |
| Run    | core-(...)known [37] |     9,170.67 ns |    NA |
| Run    | core-(...)known [37] |     2,002.55 ns |    NA |
| Run    | core-(...)known [51] |       977.61 ns |    NA |
| Run    | core-(...)known [51] |       150.84 ns |    NA |
| Run    | core-(...)known [57] |     3,062.29 ns |    NA |
| Run    | core-(...)known [48] |     1,321.11 ns |    NA |
| Run    | core-(...)known [50] | 3,202,694.00 ns |    NA |
| Run    | core-(...)known [42] |     9,315.68 ns |    NA |
| Run    | core-(...)known [47] | 1,413,244.00 ns |    NA |
| Run    | core-(...)known [42] |    23,465.22 ns |    NA |
| Run    | core-(...)known [37] |     3,246.03 ns |    NA |
| Run    | core-(...)known [61] |     7,420.08 ns |    NA |
| Run    | core-(...)known [51] |       441.91 ns |    NA |
| Run    | core-(...)known [51] |   131,313.56 ns |    NA |
| Run    | core-(...)known [42] |   106,069.56 ns |    NA |
| Run    | core-(...)known [36] | 5,651,168.00 ns |    NA |
| Run    | core-(...)known [76] |       456.86 ns |    NA |
| Run    | core-(...)known [41] |       897.82 ns |    NA |
| Run    | core-(...)known [42] |       939.42 ns |    NA |
| Run    | core-(...)known [42] | 1,127,029.75 ns |    NA |
| Run    | core-(...)known [37] |   552,725.50 ns |    NA |
| Run    | core-(...)known [47] |   140,853.92 ns |    NA |
| Run    | core-(...)known [52] |     3,054.19 ns |    NA |
| Run    | core-(...)known [40] | 2,777,399.00 ns |    NA |
| Run    | core-(...)known [72] |       879.93 ns |    NA |
| Run    | core-(...)known [41] |        99.63 ns |    NA |
| Run    | core-(...)known [47] |   879,303.50 ns |    NA |
| Run    | core-(...)known [51] |    36,029.76 ns |    NA |
| Run    | core-(...)known [48] |       534.21 ns |    NA |
| Run    | core-(...)known [38] | 2,910,158.00 ns |    NA |
| Run    | core-(...)known [42] |       233.05 ns |    NA |
| Run    | core-(...)known [52] | 2,193,011.00 ns |    NA |
| Run    | core-(...)known [51] |       907.12 ns |    NA |
| Run    | core-(...)known [51] | 1,262,495.00 ns |    NA |
| Run    | core-(...)known [42] |     1,644.18 ns |    NA |
| Run    | core-(...)known [56] |       280.30 ns |    NA |
| Run    | core-(...)known [51] |   146,271.85 ns |    NA |
| Run    | core-(...)known [41] |    44,915.37 ns |    NA |
| Run    | core-(...)known [38] | 1,158,052.00 ns |    NA |
| Run    | core-(...)known [42] | 1,447,238.00 ns |    NA |
| Run    | core-(...)known [37] |   243,733.25 ns |    NA |
| Run    | core-(...)known [37] |    20,624.31 ns |    NA |

// * Legends *
  Case  : Value of the 'Case' parameter
  Mean  : Arithmetic mean of all measurements
  Error : Half of 99.9% confidence interval
  1 ns  : 1 Nanosecond (0.000000001 sec)

// * Diagnostic Output - AkProcessCpu *


// ***** BenchmarkRunner: End *****
Global total time: 00:00:44 (44.49 sec), executed benchmarks: 158
// * Artifacts cleanup *
Artifacts cleanup is finished
