# engine:         BenchmarkDotNet 0.15.8.0 (CAMPAIGN.md 22a), toolchain BDN's default, ONE CHILD PROCESS PER CASE (the campaign's native isolation, req 22a as amended e6c909630); process CPU per iteration from the child's clock reads, each pair checked against BDN's wall measurement; the JIT tier is NOT read back (the children's JIT events are not visible here), so the jit check below is vacuous in this mode, pinned by the runner
# grid:           core (CAMPAIGN section 4.0, D18; AK_CAMPAIGN_GRID=core): arms incumbent-prod (full build only), core-ffi (FSM decode, D24) and host-gen (retain in the full build, no-unknown in its build); encode-transport-hot (end state ii, one hot graph) and decode-read; the 16 shapes, P7.1 decode only; Latin-1 and wide on P2.2 only; U-* rows U-nested-before, U-deep-u-repeated, U-oneof-u-repeated, U-wire-ListTaskSummaryResponse-tasks-as-wt5, U-wire-UploadResultDataMessage-upload-as-wt5, U-wire-ListMetricsResponse-batches-as-wt0, U-wire-DualResponse-left-as-wt5 (encode-transport-hot and decode-read). Extras left out (AK_CAMPAIGN_GRID=full runs them): incumbent-best, core-ffi-push (push decode), core-ffi-pull, bare decode, encode at end state (i) and with a pool input, decode-reencode, the drop mode, the incumbent in the no-unknown build, content sets on P1.2 and P2.4, the other U-* rows timed (all stay in the correctness checks)
# allocator:      default (readback at process start: a 16 MiB malloc came from the mmapped (mallinfo2; the block kept, never freed); no heap pre-grow (owner, 2026-10-03): BDN's warm-up runs the real call path, and minflt per row shows whether it sufficed; under the default toolchain each child probes once, on its case's first row as alloc_probe; GLIBC_TUNABLES=unset; CAMPAIGN req 25 as amended 2026-10-03, D9: the main figures run glibc's default allocator as production does; the pinned pass (glibc.malloc.trim_threshold=268435456:glibc.malloc.mmap_threshold=33554432) is a labelled diagnostic; every row carries `alloc` and `minflt`, the process's minor page faults over the iteration (getrusage, read by the job's clock beside the CPU clock), so faults per call = minflt / iters)
# runtime:        .NET 8.0.31; TieredCompilation=default TieredPGO=default (net8.0 defaults unless set); GC server=False, concurrent (default)
# incumbent:      Google.Protobuf 3.32.0
# build:          full (WP5 step 10; the loaded core checked to be the same variant by its u-family exports)
# managed codec:  plan utf8=reject unknown=drop
# job:            launch 1; 6 actual iterations (rounds) per case, 25 warm-up iterations (the same for every case) after BDN's jitting stage (1 overhead + 1 workload jitting invocation per case, logged by BDN in the .bdn.log, not exported) and pilot, iteration time 40 ms (the pilot picks the invocation count per case), strategy Throughput, EvaluateOverhead=false (no overhead subtraction anywhere)
# clocks:         per iteration (every row with round >= 1): wall (Stopwatch) AND process CPU (CLOCK_PROCESS_CPUTIME_ID of this process: every thread, GC and JIT included; CAMPAIGN req 21 as amended, R-H25), both read by the job's clock (CpuClock, Job.WithClock) at the start and end of the same iteration window, exported RAW (no outlier removal, no overhead subtraction); BDN's forced GCs between iterations are outside the window; the round-0 row of each case is a summary of the whole actual stage (span_cpu_ns, span_wall_ns), not a sample
# threads:        thread pool min 2 worker / 1 IO, max 32767 worker / 1000 IO, 0 pool thread(s) now; 2 logical CPUs visible; the codec suite creates no core runtime (no RPC call is made); the timed loop runs on BDN's one thread
# encode:         CAMPAIGN req 11 (R-H29): dir encode = pool input + reused buffer; encode-hot = one graph + reused buffer; encode-transport = pool + the Grpc.Net form; encode-transport-hot = one graph + the Grpc.Net form. Reused buffer: incumbent-prod CalculateSize + WriteTo(IBufferWriter) and incumbent-best WriteTo(IBufferWriter) into one BufWriter, host-gen into its one Enc, core-ffi into the core's encode buffer (ak_encode_*/ak_uencode_*; that buffer is also what cell C hands the core's transport, and host-gen's Enc what cell E hands it, so their transport forms on the core's transport ARE the buffer rows). Grpc.Net form (cells A, F, D): the serializer the RPC grid's marshaller runs (RootOps.SerInc/SerHost/SerFfi), into a frame like Grpc.Net.Client 2.71's GrpcCallSerializationContext: one ArrayPool array, the 5-byte gRPC header, the body, the array returned after (GrpcFrame.cs); incumbent-best has no gRPC path and no transport row. Pool: distinct graphs built in the case's setup whose RETAINED heap is >= 28835840 bytes (2 x AK_LLC_BYTES, default 13.75 MB; AK_POOL_BYTES overrides; per row pool_graphs and pool_bytes), round robin one graph per call; a hot input is a pool of one (the same Next() per call); graph construction is never in the timed window
# U-* rows:       CAMPAIGN req 7 (R-H27): the 92 accepted, non-disputed U-* rows at the shapes core's 7 ABI roots, through this timed shapes core: encode-hot (a graph the arm decoded from the row, untimed; retain arms re-emit the unknown fields, drop arms the dropped form), decode, decode-read, and decode-reencode (a labelled extra; no incumbent-best row)
# content sets:   CAMPAIGN req 7 (R-H26): ascii, latin1 and wide on P1.2, P2.2, P2.4; ascii only elsewhere
# order:          seeded shuffles (below); ratios, where the aggregation forms them, come from per-launch medians (CAMPAIGN req 30): every unit is its own process
# process unit:   all cases; this launch's unit order: core-ffi:retain, core-ffi:drop (a seeded shuffle, seed 7919; within this process the cases run in a seeded shuffle too, seed 104729, the 2 prime cases first; requirement 22 as amended, R-H23)
# warm-up:        BenchmarkDotNet's own, per case: its jitting stage, pilot and the warm-up iterations of the job line (req 24; WP9 addendum: no hand-written pre-warm and no settle wait; the 2 prime cases below are BDN cases); the JIT tier is read back per case and a case that measured hot code at tier 0 fails the unit outside --smoke (the jit check below)
# correctness:    4525 pre-timing checks passed (byte identity of every encode arm per payload and content set; every arm accepts every unknown row; on every unknown row core-ffi retain and host-gen retain re-encode to the incumbent's bytes, i.e. the unknown fields are kept: requirement 10)
# cases:          48 exported, after 2 prime case(s) run first and not exported (copies of the first cases, content "prime"): BDN cases like any other, kept because without them the first case of a process measures BDN's own first-touched runtime helpers (SpanHelpers.Fill) at tier 0 (JOURNAL 51, 62)
# strings:        D21 string encode path AK_STR_ENC=E0 (E0 .NET UTF-8 into native staging + ak_tc_bytes; E1 the string pinned + ak_tc_utf16; E2 the C# transcoder callback into the core's buffer; ETH:<n> E1 from n UTF-16 units, E0 below); Cases.Verify checks every path's bytes
# memory:         AK_BDN_MEMORY=1: BenchmarkDotNet's MemoryDiagnoser (an exploration switch, not a campaign setting): one extra workload iteration per case AFTER the actual stage, at the actual stage's invocation count, outside the job's clock (no exported sample is affected); on each case's first sample row mem_alloc_bytes_per_op (GC.GetTotalAllocatedBytes(precise), every thread, divided by its operations), mem_gen = [gen0, gen1, gen2] collections during it, mem_ops its operations, mem_alloc_bytes its total
# cpus:           this process: 2 CPU(s) in its affinity mask (sched_getaffinity), Environment.ProcessorCount 2; single-CPU guard (JOURNAL 73): a timed process (host or BDN child) with ONE CPU is refused unless AK_ALLOW_SINGLE_CPU=1 (here: unset); each case's first row carries cpus_affinity, cpus_runtime and single_cpu_override as its own process saw them
// Validating benchmarks:
// ***** BenchmarkRunner: Start   *****
// ***** Found 50 benchmark(s) in total *****
// ***** Building 1 exe(s) in Parallel: Start   *****
Unable to find .sln or .csproj file. Will use current directory /home/user/ArmoniK.Api/ffi/poc/csharp to search for project file. If you don't use .sln file on purpose it should not be a problem.
// start dotnet  restore --nodeReuse:false /p:UseSharedCompilation=false /p:Deterministic=true /p:Optimize=true /p:ArtifactsPath="/home/user/ArmoniK.Api/ffi/poc/csharp/src/BenchDotNet/bin/Release/net8.0/BenchDotNet-campaign-1/" /p:OutDir="/home/user/ArmoniK.Api/ffi/poc/csharp/src/BenchDotNet/bin/Release/net8.0/BenchDotNet-campaign-1/bin/Release/net8.0/" /p:OutputPath="/home/user/ArmoniK.Api/ffi/poc/csharp/src/BenchDotNet/bin/Release/net8.0/BenchDotNet-campaign-1/bin/Release/net8.0/" /p:PublishDir="/home/user/ArmoniK.Api/ffi/poc/csharp/src/BenchDotNet/bin/Release/net8.0/BenchDotNet-campaign-1/publish/" in /home/user/ArmoniK.Api/ffi/poc/csharp/src/BenchDotNet/bin/Release/net8.0/BenchDotNet-campaign-1
// command took 2.07 sec and exited with 0
// start dotnet  build -c Release --no-restore --nodeReuse:false /p:UseSharedCompilation=false /p:Deterministic=true /p:Optimize=true /p:ArtifactsPath="/home/user/ArmoniK.Api/ffi/poc/csharp/src/BenchDotNet/bin/Release/net8.0/BenchDotNet-campaign-1/" /p:OutDir="/home/user/ArmoniK.Api/ffi/poc/csharp/src/BenchDotNet/bin/Release/net8.0/BenchDotNet-campaign-1/bin/Release/net8.0/" /p:OutputPath="/home/user/ArmoniK.Api/ffi/poc/csharp/src/BenchDotNet/bin/Release/net8.0/BenchDotNet-campaign-1/bin/Release/net8.0/" /p:PublishDir="/home/user/ArmoniK.Api/ffi/poc/csharp/src/BenchDotNet/bin/Release/net8.0/BenchDotNet-campaign-1/publish/" --output "/home/user/ArmoniK.Api/ffi/poc/csharp/src/BenchDotNet/bin/Release/net8.0/BenchDotNet-campaign-1/bin/Release/net8.0/" in /home/user/ArmoniK.Api/ffi/poc/csharp/src/BenchDotNet/bin/Release/net8.0/BenchDotNet-campaign-1
// command took 19.49 sec and exited with 0
// ***** Done, took 00:00:21 (21.67 sec)   *****
// Found 50 benchmarks:
//   CodecSuite.Run: campaign(EvaluateOverhead=False, Clock=Armonik.Ffi.Bdn.CpuClock, IterationCount=6, IterationTime=40ms, LaunchCount=1, RunStrategy=Throughput, WarmupCount=25) [Case=core-(...)etain [42]]
//   CodecSuite.Run: campaign(EvaluateOverhead=False, Clock=Armonik.Ffi.Bdn.CpuClock, IterationCount=6, IterationTime=40ms, LaunchCount=1, RunStrategy=Throughput, WarmupCount=25) [Case=core-(...)|drop [40]]
//   CodecSuite.Run: campaign(EvaluateOverhead=False, Clock=Armonik.Ffi.Bdn.CpuClock, IterationCount=6, IterationTime=40ms, LaunchCount=1, RunStrategy=Throughput, WarmupCount=25) [Case=core-(...)etain [42]]
//   CodecSuite.Run: campaign(EvaluateOverhead=False, Clock=Armonik.Ffi.Bdn.CpuClock, IterationCount=6, IterationTime=40ms, LaunchCount=1, RunStrategy=Throughput, WarmupCount=25) [Case=core-(...)|drop [40]]
//   CodecSuite.Run: campaign(EvaluateOverhead=False, Clock=Armonik.Ffi.Bdn.CpuClock, IterationCount=6, IterationTime=40ms, LaunchCount=1, RunStrategy=Throughput, WarmupCount=25) [Case=core-(...)etain [54]]
//   CodecSuite.Run: campaign(EvaluateOverhead=False, Clock=Armonik.Ffi.Bdn.CpuClock, IterationCount=6, IterationTime=40ms, LaunchCount=1, RunStrategy=Throughput, WarmupCount=25) [Case=core-(...)|drop [40]]
//   CodecSuite.Run: campaign(EvaluateOverhead=False, Clock=Armonik.Ffi.Bdn.CpuClock, IterationCount=6, IterationTime=40ms, LaunchCount=1, RunStrategy=Throughput, WarmupCount=25) [Case=core-(...)etain [80]]
//   CodecSuite.Run: campaign(EvaluateOverhead=False, Clock=Armonik.Ffi.Bdn.CpuClock, IterationCount=6, IterationTime=40ms, LaunchCount=1, RunStrategy=Throughput, WarmupCount=25) [Case=core-(...)etain [70]]
//   CodecSuite.Run: campaign(EvaluateOverhead=False, Clock=Armonik.Ffi.Bdn.CpuClock, IterationCount=6, IterationTime=40ms, LaunchCount=1, RunStrategy=Throughput, WarmupCount=25) [Case=core-(...)etain [42]]
//   CodecSuite.Run: campaign(EvaluateOverhead=False, Clock=Armonik.Ffi.Bdn.CpuClock, IterationCount=6, IterationTime=40ms, LaunchCount=1, RunStrategy=Throughput, WarmupCount=25) [Case=core-(...)|drop [40]]
//   CodecSuite.Run: campaign(EvaluateOverhead=False, Clock=Armonik.Ffi.Bdn.CpuClock, IterationCount=6, IterationTime=40ms, LaunchCount=1, RunStrategy=Throughput, WarmupCount=25) [Case=core-(...)etain [42]]
//   CodecSuite.Run: campaign(EvaluateOverhead=False, Clock=Armonik.Ffi.Bdn.CpuClock, IterationCount=6, IterationTime=40ms, LaunchCount=1, RunStrategy=Throughput, WarmupCount=25) [Case=core-(...)|drop [52]]
//   CodecSuite.Run: campaign(EvaluateOverhead=False, Clock=Armonik.Ffi.Bdn.CpuClock, IterationCount=6, IterationTime=40ms, LaunchCount=1, RunStrategy=Throughput, WarmupCount=25) [Case=core-(...)|drop [40]]
//   CodecSuite.Run: campaign(EvaluateOverhead=False, Clock=Armonik.Ffi.Bdn.CpuClock, IterationCount=6, IterationTime=40ms, LaunchCount=1, RunStrategy=Throughput, WarmupCount=25) [Case=core-(...)etain [43]]
//   CodecSuite.Run: campaign(EvaluateOverhead=False, Clock=Armonik.Ffi.Bdn.CpuClock, IterationCount=6, IterationTime=40ms, LaunchCount=1, RunStrategy=Throughput, WarmupCount=25) [Case=core-(...)etain [83]]
//   CodecSuite.Run: campaign(EvaluateOverhead=False, Clock=Armonik.Ffi.Bdn.CpuClock, IterationCount=6, IterationTime=40ms, LaunchCount=1, RunStrategy=Throughput, WarmupCount=25) [Case=core-(...)|drop [39]]
//   CodecSuite.Run: campaign(EvaluateOverhead=False, Clock=Armonik.Ffi.Bdn.CpuClock, IterationCount=6, IterationTime=40ms, LaunchCount=1, RunStrategy=Throughput, WarmupCount=25) [Case=core-(...)|drop [40]]
//   CodecSuite.Run: campaign(EvaluateOverhead=False, Clock=Armonik.Ffi.Bdn.CpuClock, IterationCount=6, IterationTime=40ms, LaunchCount=1, RunStrategy=Throughput, WarmupCount=25) [Case=core-(...)|drop [40]]
//   CodecSuite.Run: campaign(EvaluateOverhead=False, Clock=Armonik.Ffi.Bdn.CpuClock, IterationCount=6, IterationTime=40ms, LaunchCount=1, RunStrategy=Throughput, WarmupCount=25) [Case=core-(...)etain [42]]
//   CodecSuite.Run: campaign(EvaluateOverhead=False, Clock=Armonik.Ffi.Bdn.CpuClock, IterationCount=6, IterationTime=40ms, LaunchCount=1, RunStrategy=Throughput, WarmupCount=25) [Case=core-(...)|drop [78]]
//   CodecSuite.Run: campaign(EvaluateOverhead=False, Clock=Armonik.Ffi.Bdn.CpuClock, IterationCount=6, IterationTime=40ms, LaunchCount=1, RunStrategy=Throughput, WarmupCount=25) [Case=core-(...)|drop [54]]
//   CodecSuite.Run: campaign(EvaluateOverhead=False, Clock=Armonik.Ffi.Bdn.CpuClock, IterationCount=6, IterationTime=40ms, LaunchCount=1, RunStrategy=Throughput, WarmupCount=25) [Case=core-(...)etain [56]]
//   CodecSuite.Run: campaign(EvaluateOverhead=False, Clock=Armonik.Ffi.Bdn.CpuClock, IterationCount=6, IterationTime=40ms, LaunchCount=1, RunStrategy=Throughput, WarmupCount=25) [Case=core-(...)|drop [40]]
//   CodecSuite.Run: campaign(EvaluateOverhead=False, Clock=Armonik.Ffi.Bdn.CpuClock, IterationCount=6, IterationTime=40ms, LaunchCount=1, RunStrategy=Throughput, WarmupCount=25) [Case=core-(...)etain [42]]
//   CodecSuite.Run: campaign(EvaluateOverhead=False, Clock=Armonik.Ffi.Bdn.CpuClock, IterationCount=6, IterationTime=40ms, LaunchCount=1, RunStrategy=Throughput, WarmupCount=25) [Case=core-(...)|drop [80]]
//   CodecSuite.Run: campaign(EvaluateOverhead=False, Clock=Armonik.Ffi.Bdn.CpuClock, IterationCount=6, IterationTime=40ms, LaunchCount=1, RunStrategy=Throughput, WarmupCount=25) [Case=core-(...)etain [41]]
//   CodecSuite.Run: campaign(EvaluateOverhead=False, Clock=Armonik.Ffi.Bdn.CpuClock, IterationCount=6, IterationTime=40ms, LaunchCount=1, RunStrategy=Throughput, WarmupCount=25) [Case=core-(...)etain [42]]
//   CodecSuite.Run: campaign(EvaluateOverhead=False, Clock=Armonik.Ffi.Bdn.CpuClock, IterationCount=6, IterationTime=40ms, LaunchCount=1, RunStrategy=Throughput, WarmupCount=25) [Case=core-(...)|drop [68]]
//   CodecSuite.Run: campaign(EvaluateOverhead=False, Clock=Armonik.Ffi.Bdn.CpuClock, IterationCount=6, IterationTime=40ms, LaunchCount=1, RunStrategy=Throughput, WarmupCount=25) [Case=core-(...)|drop [55]]
//   CodecSuite.Run: campaign(EvaluateOverhead=False, Clock=Armonik.Ffi.Bdn.CpuClock, IterationCount=6, IterationTime=40ms, LaunchCount=1, RunStrategy=Throughput, WarmupCount=25) [Case=core-(...)etain [42]]
//   CodecSuite.Run: campaign(EvaluateOverhead=False, Clock=Armonik.Ffi.Bdn.CpuClock, IterationCount=6, IterationTime=40ms, LaunchCount=1, RunStrategy=Throughput, WarmupCount=25) [Case=core-(...)etain [42]]
//   CodecSuite.Run: campaign(EvaluateOverhead=False, Clock=Armonik.Ffi.Bdn.CpuClock, IterationCount=6, IterationTime=40ms, LaunchCount=1, RunStrategy=Throughput, WarmupCount=25) [Case=core-(...)etain [42]]
//   CodecSuite.Run: campaign(EvaluateOverhead=False, Clock=Armonik.Ffi.Bdn.CpuClock, IterationCount=6, IterationTime=40ms, LaunchCount=1, RunStrategy=Throughput, WarmupCount=25) [Case=core-(...)|drop [40]]
//   CodecSuite.Run: campaign(EvaluateOverhead=False, Clock=Armonik.Ffi.Bdn.CpuClock, IterationCount=6, IterationTime=40ms, LaunchCount=1, RunStrategy=Throughput, WarmupCount=25) [Case=core-(...)etain [42]]
//   CodecSuite.Run: campaign(EvaluateOverhead=False, Clock=Armonik.Ffi.Bdn.CpuClock, IterationCount=6, IterationTime=40ms, LaunchCount=1, RunStrategy=Throughput, WarmupCount=25) [Case=core-(...)|drop [41]]
//   CodecSuite.Run: campaign(EvaluateOverhead=False, Clock=Armonik.Ffi.Bdn.CpuClock, IterationCount=6, IterationTime=40ms, LaunchCount=1, RunStrategy=Throughput, WarmupCount=25) [Case=core-(...)|drop [40]]
//   CodecSuite.Run: campaign(EvaluateOverhead=False, Clock=Armonik.Ffi.Bdn.CpuClock, IterationCount=6, IterationTime=40ms, LaunchCount=1, RunStrategy=Throughput, WarmupCount=25) [Case=core-(...)etain [42]]
//   CodecSuite.Run: campaign(EvaluateOverhead=False, Clock=Armonik.Ffi.Bdn.CpuClock, IterationCount=6, IterationTime=40ms, LaunchCount=1, RunStrategy=Throughput, WarmupCount=25) [Case=core-(...)|drop [40]]
//   CodecSuite.Run: campaign(EvaluateOverhead=False, Clock=Armonik.Ffi.Bdn.CpuClock, IterationCount=6, IterationTime=40ms, LaunchCount=1, RunStrategy=Throughput, WarmupCount=25) [Case=core-(...)|drop [40]]
//   CodecSuite.Run: campaign(EvaluateOverhead=False, Clock=Armonik.Ffi.Bdn.CpuClock, IterationCount=6, IterationTime=40ms, LaunchCount=1, RunStrategy=Throughput, WarmupCount=25) [Case=core-(...)|drop [40]]
//   CodecSuite.Run: campaign(EvaluateOverhead=False, Clock=Armonik.Ffi.Bdn.CpuClock, IterationCount=6, IterationTime=40ms, LaunchCount=1, RunStrategy=Throughput, WarmupCount=25) [Case=core-(...)|drop [40]]
//   CodecSuite.Run: campaign(EvaluateOverhead=False, Clock=Armonik.Ffi.Bdn.CpuClock, IterationCount=6, IterationTime=40ms, LaunchCount=1, RunStrategy=Throughput, WarmupCount=25) [Case=core-(...)etain [42]]
//   CodecSuite.Run: campaign(EvaluateOverhead=False, Clock=Armonik.Ffi.Bdn.CpuClock, IterationCount=6, IterationTime=40ms, LaunchCount=1, RunStrategy=Throughput, WarmupCount=25) [Case=core-(...)|drop [40]]
//   CodecSuite.Run: campaign(EvaluateOverhead=False, Clock=Armonik.Ffi.Bdn.CpuClock, IterationCount=6, IterationTime=40ms, LaunchCount=1, RunStrategy=Throughput, WarmupCount=25) [Case=core-(...)|drop [81]]
//   CodecSuite.Run: campaign(EvaluateOverhead=False, Clock=Armonik.Ffi.Bdn.CpuClock, IterationCount=6, IterationTime=40ms, LaunchCount=1, RunStrategy=Throughput, WarmupCount=25) [Case=core-(...)etain [82]]
//   CodecSuite.Run: campaign(EvaluateOverhead=False, Clock=Armonik.Ffi.Bdn.CpuClock, IterationCount=6, IterationTime=40ms, LaunchCount=1, RunStrategy=Throughput, WarmupCount=25) [Case=core-(...)|drop [40]]
//   CodecSuite.Run: campaign(EvaluateOverhead=False, Clock=Armonik.Ffi.Bdn.CpuClock, IterationCount=6, IterationTime=40ms, LaunchCount=1, RunStrategy=Throughput, WarmupCount=25) [Case=core-(...)etain [42]]
//   CodecSuite.Run: campaign(EvaluateOverhead=False, Clock=Armonik.Ffi.Bdn.CpuClock, IterationCount=6, IterationTime=40ms, LaunchCount=1, RunStrategy=Throughput, WarmupCount=25) [Case=core-(...)etain [42]]
//   CodecSuite.Run: campaign(EvaluateOverhead=False, Clock=Armonik.Ffi.Bdn.CpuClock, IterationCount=6, IterationTime=40ms, LaunchCount=1, RunStrategy=Throughput, WarmupCount=25) [Case=core-(...)etain [42]]
//   CodecSuite.Run: campaign(EvaluateOverhead=False, Clock=Armonik.Ffi.Bdn.CpuClock, IterationCount=6, IterationTime=40ms, LaunchCount=1, RunStrategy=Throughput, WarmupCount=25) [Case=core-(...)etain [57]]

// **************************
// Benchmark: CodecSuite.Run: campaign(EvaluateOverhead=False, Clock=Armonik.Ffi.Bdn.CpuClock, IterationCount=6, IterationTime=40ms, LaunchCount=1, RunStrategy=Throughput, WarmupCount=25) [Case=core-(...)etain [42]]
// *** Execute ***
// Launch: 1 / 1
// Execute: dotnet BenchDotNet-campaign-1.dll --anonymousPipes 117 118 --benchmarkName "Armonik.Ffi.Bdn.CodecSuite.Run(Case: \"core-ffi|encode-core-hot|P1.1|prime|retain\")" --job campaign --benchmarkId 0 in /home/user/ArmoniK.Api/ffi/poc/csharp/src/BenchDotNet/bin/Release/net8.0/BenchDotNet-campaign-1/bin/Release/net8.0
// BeforeAnythingElse

// Benchmark Process Environment Information:
// BenchmarkDotNet v0.15.8
// Runtime=.NET 8.0.31 (8.0.31, 8.0.3126.42015), X64 RyuJIT x86-64-v4
// GC=Concurrent Workstation
// HardwareIntrinsics=AVX512 F+BW+CD+DQ+VL,AVX2+BMI1+BMI2+F16C+FMA+LZCNT+MOVBE,AVX,SSE3+SSSE3+SSE4.1+SSE4.2+POPCNT,X86Base+SSE+SSE2,AES+PCLMUL VectorSize=256
// Job: campaign(EvaluateOverhead=False, Clock=Armonik.Ffi.Bdn.CpuClock, IterationCount=6, IterationTime=40ms, LaunchCount=1, RunStrategy=Throughput, WarmupCount=25)

OverheadJitting  1: 1 op, 332290.00 ns, 332.2900 us/op
WorkloadJitting  1: 1 op, 4778635.00 ns, 4.7786 ms/op

WorkloadPilot    1: 4 op, 22157.00 ns, 5.5393 us/op
WorkloadPilot    2: 7221 op, 11792844.00 ns, 1.6331 us/op
WorkloadPilot    3: 24493 op, 40321953.00 ns, 1.6463 us/op
WorkloadPilot    4: 24297 op, 40096298.00 ns, 1.6503 us/op
WorkloadPilot    5: 24239 op, 45397025.00 ns, 1.8729 us/op

WorkloadWarmup   1: 24239 op, 21043984.00 ns, 868.1870 ns/op
WorkloadWarmup   2: 24239 op, 18729570.00 ns, 772.7039 ns/op
WorkloadWarmup   3: 24239 op, 18617210.00 ns, 768.0684 ns/op
WorkloadWarmup   4: 24239 op, 18553385.00 ns, 765.4352 ns/op
WorkloadWarmup   5: 24239 op, 18683957.00 ns, 770.8221 ns/op
WorkloadWarmup   6: 24239 op, 18749105.00 ns, 773.5098 ns/op
WorkloadWarmup   7: 24239 op, 18654219.00 ns, 769.5952 ns/op
WorkloadWarmup   8: 24239 op, 18708249.00 ns, 771.8243 ns/op
WorkloadWarmup   9: 24239 op, 18893876.00 ns, 779.4825 ns/op
WorkloadWarmup  10: 24239 op, 18619691.00 ns, 768.1708 ns/op
WorkloadWarmup  11: 24239 op, 18926679.00 ns, 780.8358 ns/op
WorkloadWarmup  12: 24239 op, 18686041.00 ns, 770.9081 ns/op
WorkloadWarmup  13: 24239 op, 18618803.00 ns, 768.1341 ns/op
WorkloadWarmup  14: 24239 op, 18658971.00 ns, 769.7913 ns/op
WorkloadWarmup  15: 24239 op, 19037070.00 ns, 785.3901 ns/op
WorkloadWarmup  16: 24239 op, 18769345.00 ns, 774.3449 ns/op
WorkloadWarmup  17: 24239 op, 18609876.00 ns, 767.7658 ns/op
WorkloadWarmup  18: 24239 op, 18651956.00 ns, 769.5019 ns/op
WorkloadWarmup  19: 24239 op, 18610479.00 ns, 767.7907 ns/op
WorkloadWarmup  20: 24239 op, 18679034.00 ns, 770.6190 ns/op
WorkloadWarmup  21: 24239 op, 18843730.00 ns, 777.4137 ns/op
WorkloadWarmup  22: 24239 op, 18765251.00 ns, 774.1760 ns/op
WorkloadWarmup  23: 24239 op, 18917067.00 ns, 780.4393 ns/op
WorkloadWarmup  24: 24239 op, 20094595.00 ns, 829.0191 ns/op
WorkloadWarmup  25: 24239 op, 18979244.00 ns, 783.0044 ns/op

// BeforeActualRun
WorkloadActual   1: 24239 op, 18624638.00 ns, 768.3749 ns/op
WorkloadActual   2: 24239 op, 19126003.00 ns, 789.0591 ns/op
WorkloadActual   3: 24239 op, 18617466.00 ns, 768.0790 ns/op
WorkloadActual   4: 24239 op, 18576765.00 ns, 766.3998 ns/op
WorkloadActual   5: 24239 op, 18664686.00 ns, 770.0271 ns/op
WorkloadActual   6: 24239 op, 18859472.00 ns, 778.0631 ns/op

// AfterActualRun
WorkloadResult   1: 24239 op, 18624638.00 ns, 768.3749 ns/op
WorkloadResult   2: 24239 op, 18617466.00 ns, 768.0790 ns/op
WorkloadResult   3: 24239 op, 18576765.00 ns, 766.3998 ns/op
WorkloadResult   4: 24239 op, 18664686.00 ns, 770.0271 ns/op
WorkloadResult   5: 24239 op, 18859472.00 ns, 778.0631 ns/op
// GC:  0 0 0 0 24239
// Threading:  0 0 24239

// AfterAll
// Benchmark Process 4834 has exited with code 0.

Mean = 770.189 ns, StdErr = 2.051 ns (0.27%), N = 5, StdDev = 4.586 ns
Min = 766.400 ns, Q1 = 768.079 ns, Median = 768.375 ns, Q3 = 770.027 ns, Max = 778.063 ns
IQR = 1.948 ns, LowerFence = 765.157 ns, UpperFence = 772.949 ns
ConfidenceInterval = [752.529 ns; 787.848 ns] (CI 99.9%), Margin = 17.659 ns (2.29% of Mean)
Skewness = 0.87, Kurtosis = 1.85, MValue = 2

// ** Remained 49 (98.0 %) benchmark(s) to run. Estimated finish 2026-10-09 23:00 (0h 0m from now) **
// **************************
// Benchmark: CodecSuite.Run: campaign(EvaluateOverhead=False, Clock=Armonik.Ffi.Bdn.CpuClock, IterationCount=6, IterationTime=40ms, LaunchCount=1, RunStrategy=Throughput, WarmupCount=25) [Case=core-(...)|drop [40]]
// *** Execute ***
// Launch: 1 / 1
// Execute: dotnet BenchDotNet-campaign-1.dll --anonymousPipes 117 118 --benchmarkName "Armonik.Ffi.Bdn.CodecSuite.Run(Case: \"core-ffi|encode-core-hot|P1.1|prime|drop\")" --job campaign --benchmarkId 1 in /home/user/ArmoniK.Api/ffi/poc/csharp/src/BenchDotNet/bin/Release/net8.0/BenchDotNet-campaign-1/bin/Release/net8.0
// BeforeAnythingElse

// Benchmark Process Environment Information:
// BenchmarkDotNet v0.15.8
// Runtime=.NET 8.0.31 (8.0.31, 8.0.3126.42015), X64 RyuJIT x86-64-v4
// GC=Concurrent Workstation
// HardwareIntrinsics=AVX512 F+BW+CD+DQ+VL,AVX2+BMI1+BMI2+F16C+FMA+LZCNT+MOVBE,AVX,SSE3+SSSE3+SSE4.1+SSE4.2+POPCNT,X86Base+SSE+SSE2,AES+PCLMUL VectorSize=256
// Job: campaign(EvaluateOverhead=False, Clock=Armonik.Ffi.Bdn.CpuClock, IterationCount=6, IterationTime=40ms, LaunchCount=1, RunStrategy=Throughput, WarmupCount=25)

OverheadJitting  1: 1 op, 234769.00 ns, 234.7690 us/op
WorkloadJitting  1: 1 op, 4549892.00 ns, 4.5499 ms/op

WorkloadPilot    1: 4 op, 20206.00 ns, 5.0515 us/op
WorkloadPilot    2: 7918 op, 12402288.00 ns, 1.5663 us/op
WorkloadPilot    3: 25537 op, 40015422.00 ns, 1.5670 us/op
WorkloadPilot    4: 25527 op, 38486232.00 ns, 1.5077 us/op
WorkloadPilot    5: 26531 op, 42772925.00 ns, 1.6122 us/op
WorkloadPilot    6: 24811 op, 18217712.00 ns, 734.2595 ns/op
WorkloadPilot    7: 54477 op, 40073006.00 ns, 735.5949 ns/op

WorkloadWarmup   1: 54477 op, 40045019.00 ns, 735.0812 ns/op
WorkloadWarmup   2: 54477 op, 40864017.00 ns, 750.1150 ns/op
WorkloadWarmup   3: 54477 op, 39970684.00 ns, 733.7167 ns/op
WorkloadWarmup   4: 54477 op, 40062229.00 ns, 735.3971 ns/op
WorkloadWarmup   5: 54477 op, 40381113.00 ns, 741.2507 ns/op
WorkloadWarmup   6: 54477 op, 40110226.00 ns, 736.2782 ns/op
WorkloadWarmup   7: 54477 op, 40296684.00 ns, 739.7009 ns/op
WorkloadWarmup   8: 54477 op, 40597406.00 ns, 745.2210 ns/op
WorkloadWarmup   9: 54477 op, 40094643.00 ns, 735.9921 ns/op
WorkloadWarmup  10: 54477 op, 40486662.00 ns, 743.1882 ns/op
WorkloadWarmup  11: 54477 op, 40315789.00 ns, 740.0516 ns/op
WorkloadWarmup  12: 54477 op, 40345798.00 ns, 740.6024 ns/op
WorkloadWarmup  13: 54477 op, 40839914.00 ns, 749.6726 ns/op
WorkloadWarmup  14: 54477 op, 40276321.00 ns, 739.3271 ns/op
WorkloadWarmup  15: 54477 op, 40590243.00 ns, 745.0895 ns/op
WorkloadWarmup  16: 54477 op, 40022207.00 ns, 734.6625 ns/op
WorkloadWarmup  17: 54477 op, 40319873.00 ns, 740.1265 ns/op
WorkloadWarmup  18: 54477 op, 40383356.00 ns, 741.2918 ns/op
WorkloadWarmup  19: 54477 op, 40431889.00 ns, 742.1827 ns/op
WorkloadWarmup  20: 54477 op, 40292967.00 ns, 739.6326 ns/op
WorkloadWarmup  21: 54477 op, 40219444.00 ns, 738.2830 ns/op
WorkloadWarmup  22: 54477 op, 40287844.00 ns, 739.5386 ns/op
WorkloadWarmup  23: 54477 op, 40371307.00 ns, 741.0707 ns/op
WorkloadWarmup  24: 54477 op, 40353175.00 ns, 740.7378 ns/op
WorkloadWarmup  25: 54477 op, 40240750.00 ns, 738.6741 ns/op

// BeforeActualRun
WorkloadActual   1: 54477 op, 40482488.00 ns, 743.1116 ns/op
WorkloadActual   2: 54477 op, 40498661.00 ns, 743.4084 ns/op
WorkloadActual   3: 54477 op, 40156007.00 ns, 737.1185 ns/op
WorkloadActual   4: 54477 op, 40553040.00 ns, 744.4066 ns/op
WorkloadActual   5: 54477 op, 40506945.00 ns, 743.5605 ns/op
WorkloadActual   6: 54477 op, 40552289.00 ns, 744.3928 ns/op

// AfterActualRun
WorkloadResult   1: 54477 op, 40482488.00 ns, 743.1116 ns/op
WorkloadResult   2: 54477 op, 40498661.00 ns, 743.4084 ns/op
WorkloadResult   3: 54477 op, 40156007.00 ns, 737.1185 ns/op
WorkloadResult   4: 54477 op, 40553040.00 ns, 744.4066 ns/op
WorkloadResult   5: 54477 op, 40506945.00 ns, 743.5605 ns/op
WorkloadResult   6: 54477 op, 40552289.00 ns, 744.3928 ns/op
// GC:  0 0 0 0 54477
// Threading:  0 0 54477

// AfterAll
// Benchmark Process 4851 has exited with code 0.

Mean = 742.666 ns, StdErr = 1.130 ns (0.15%), N = 6, StdDev = 2.769 ns
Min = 737.119 ns, Q1 = 743.186 ns, Median = 743.484 ns, Q3 = 744.185 ns, Max = 744.407 ns
IQR = 0.999 ns, LowerFence = 741.687 ns, UpperFence = 745.683 ns
ConfidenceInterval = [734.902 ns; 750.431 ns] (CI 99.9%), Margin = 7.765 ns (1.05% of Mean)
Skewness = -1.25, Kurtosis = 2.74, MValue = 2

// ** Remained 48 (96.0 %) benchmark(s) to run. Estimated finish 2026-10-09 23:00 (0h 1m from now) **
// **************************
// Benchmark: CodecSuite.Run: campaign(EvaluateOverhead=False, Clock=Armonik.Ffi.Bdn.CpuClock, IterationCount=6, IterationTime=40ms, LaunchCount=1, RunStrategy=Throughput, WarmupCount=25) [Case=core-(...)etain [42]]
// *** Execute ***
// Launch: 1 / 1
// Execute: dotnet BenchDotNet-campaign-1.dll --anonymousPipes 117 118 --benchmarkName "Armonik.Ffi.Bdn.CodecSuite.Run(Case: \"core-ffi|encode-core-hot|P1.2|ascii|retain\")" --job campaign --benchmarkId 2 in /home/user/ArmoniK.Api/ffi/poc/csharp/src/BenchDotNet/bin/Release/net8.0/BenchDotNet-campaign-1/bin/Release/net8.0
// BeforeAnythingElse

// Benchmark Process Environment Information:
// BenchmarkDotNet v0.15.8
// Runtime=.NET 8.0.31 (8.0.31, 8.0.3126.42015), X64 RyuJIT x86-64-v4
// GC=Concurrent Workstation
// HardwareIntrinsics=AVX512 F+BW+CD+DQ+VL,AVX2+BMI1+BMI2+F16C+FMA+LZCNT+MOVBE,AVX,SSE3+SSSE3+SSE4.1+SSE4.2+POPCNT,X86Base+SSE+SSE2,AES+PCLMUL VectorSize=256
// Job: campaign(EvaluateOverhead=False, Clock=Armonik.Ffi.Bdn.CpuClock, IterationCount=6, IterationTime=40ms, LaunchCount=1, RunStrategy=Throughput, WarmupCount=25)

OverheadJitting  1: 1 op, 261462.00 ns, 261.4620 us/op
WorkloadJitting  1: 1 op, 5680249.00 ns, 5.6802 ms/op

WorkloadPilot    1: 4 op, 1534778.00 ns, 383.6945 us/op
WorkloadPilot    2: 104 op, 39967115.00 ns, 384.2992 us/op

WorkloadWarmup   1: 104 op, 36268775.00 ns, 348.7382 us/op
WorkloadWarmup   2: 104 op, 36464809.00 ns, 350.6232 us/op
WorkloadWarmup   3: 104 op, 41411734.00 ns, 398.1898 us/op
WorkloadWarmup   4: 104 op, 30138970.00 ns, 289.7978 us/op
WorkloadWarmup   5: 104 op, 21798580.00 ns, 209.6017 us/op
WorkloadWarmup   6: 104 op, 21798339.00 ns, 209.5994 us/op
WorkloadWarmup   7: 104 op, 22033431.00 ns, 211.8599 us/op
WorkloadWarmup   8: 104 op, 21880475.00 ns, 210.3892 us/op
WorkloadWarmup   9: 104 op, 21603069.00 ns, 207.7218 us/op
WorkloadWarmup  10: 104 op, 22148490.00 ns, 212.9663 us/op
WorkloadWarmup  11: 104 op, 21391254.00 ns, 205.6851 us/op
WorkloadWarmup  12: 104 op, 22581738.00 ns, 217.1321 us/op
WorkloadWarmup  13: 104 op, 22100317.00 ns, 212.5030 us/op
WorkloadWarmup  14: 104 op, 22189408.00 ns, 213.3597 us/op
WorkloadWarmup  15: 104 op, 21975434.00 ns, 211.3023 us/op
WorkloadWarmup  16: 104 op, 22158024.00 ns, 213.0579 us/op
WorkloadWarmup  17: 104 op, 21329713.00 ns, 205.0934 us/op
WorkloadWarmup  18: 104 op, 21532964.00 ns, 207.0477 us/op
WorkloadWarmup  19: 104 op, 21307723.00 ns, 204.8820 us/op
WorkloadWarmup  20: 104 op, 21225841.00 ns, 204.0946 us/op
WorkloadWarmup  21: 104 op, 21260485.00 ns, 204.4277 us/op
WorkloadWarmup  22: 104 op, 21221380.00 ns, 204.0517 us/op
WorkloadWarmup  23: 104 op, 21478789.00 ns, 206.5268 us/op
WorkloadWarmup  24: 104 op, 21497892.00 ns, 206.7105 us/op
WorkloadWarmup  25: 104 op, 21308249.00 ns, 204.8870 us/op

// BeforeActualRun
WorkloadActual   1: 104 op, 21238637.00 ns, 204.2177 us/op
WorkloadActual   2: 104 op, 21284336.00 ns, 204.6571 us/op
WorkloadActual   3: 104 op, 21333788.00 ns, 205.1326 us/op
WorkloadActual   4: 104 op, 21393047.00 ns, 205.7024 us/op
WorkloadActual   5: 104 op, 21207645.00 ns, 203.9197 us/op
WorkloadActual   6: 104 op, 21433823.00 ns, 206.0945 us/op

// AfterActualRun
WorkloadResult   1: 104 op, 21238637.00 ns, 204.2177 us/op
WorkloadResult   2: 104 op, 21284336.00 ns, 204.6571 us/op
WorkloadResult   3: 104 op, 21333788.00 ns, 205.1326 us/op
WorkloadResult   4: 104 op, 21393047.00 ns, 205.7024 us/op
WorkloadResult   5: 104 op, 21207645.00 ns, 203.9197 us/op
WorkloadResult   6: 104 op, 21433823.00 ns, 206.0945 us/op
// GC:  0 0 0 0 104
// Threading:  0 0 104

// AfterAll
// Benchmark Process 4860 has exited with code 0.

Mean = 204.954 us, StdErr = 0.346 us (0.17%), N = 6, StdDev = 0.848 us
Min = 203.920 us, Q1 = 204.328 us, Median = 204.895 us, Q3 = 205.560 us, Max = 206.094 us
IQR = 1.232 us, LowerFence = 202.479 us, UpperFence = 207.409 us
ConfidenceInterval = [202.577 us; 207.331 us] (CI 99.9%), Margin = 2.377 us (1.16% of Mean)
Skewness = 0.1, Kurtosis = 1.11, MValue = 2

// ** Remained 47 (94.0 %) benchmark(s) to run. Estimated finish 2026-10-09 23:00 (0h 1m from now) **
// **************************
// Benchmark: CodecSuite.Run: campaign(EvaluateOverhead=False, Clock=Armonik.Ffi.Bdn.CpuClock, IterationCount=6, IterationTime=40ms, LaunchCount=1, RunStrategy=Throughput, WarmupCount=25) [Case=core-(...)|drop [40]]
// *** Execute ***
// Launch: 1 / 1
// Execute: dotnet BenchDotNet-campaign-1.dll --anonymousPipes 117 118 --benchmarkName "Armonik.Ffi.Bdn.CodecSuite.Run(Case: \"core-ffi|encode-core-hot|P5.2|ascii|drop\")" --job campaign --benchmarkId 3 in /home/user/ArmoniK.Api/ffi/poc/csharp/src/BenchDotNet/bin/Release/net8.0/BenchDotNet-campaign-1/bin/Release/net8.0
// BeforeAnythingElse

// Benchmark Process Environment Information:
// BenchmarkDotNet v0.15.8
// Runtime=.NET 8.0.31 (8.0.31, 8.0.3126.42015), X64 RyuJIT x86-64-v4
// GC=Concurrent Workstation
// HardwareIntrinsics=AVX512 F+BW+CD+DQ+VL,AVX2+BMI1+BMI2+F16C+FMA+LZCNT+MOVBE,AVX,SSE3+SSSE3+SSE4.1+SSE4.2+POPCNT,X86Base+SSE+SSE2,AES+PCLMUL VectorSize=256
// Job: campaign(EvaluateOverhead=False, Clock=Armonik.Ffi.Bdn.CpuClock, IterationCount=6, IterationTime=40ms, LaunchCount=1, RunStrategy=Throughput, WarmupCount=25)

OverheadJitting  1: 1 op, 245743.00 ns, 245.7430 us/op
WorkloadJitting  1: 1 op, 3995896.00 ns, 3.9959 ms/op

WorkloadPilot    1: 4 op, 26655.00 ns, 6.6638 us/op
WorkloadPilot    2: 6003 op, 11559533.00 ns, 1.9256 us/op
WorkloadPilot    3: 20772 op, 40707575.00 ns, 1.9597 us/op
WorkloadPilot    4: 20411 op, 39511433.00 ns, 1.9358 us/op
WorkloadPilot    5: 20663 op, 39048897.00 ns, 1.8898 us/op
WorkloadPilot    6: 21166 op, 40209232.00 ns, 1.8997 us/op
WorkloadPilot    7: 21056 op, 45615307.00 ns, 2.1664 us/op

WorkloadWarmup   1: 21056 op, 35636544.00 ns, 1.6925 us/op
WorkloadWarmup   2: 21056 op, 36387338.00 ns, 1.7281 us/op
WorkloadWarmup   3: 21056 op, 36056452.00 ns, 1.7124 us/op
WorkloadWarmup   4: 21056 op, 35936628.00 ns, 1.7067 us/op
WorkloadWarmup   5: 21056 op, 35703007.00 ns, 1.6956 us/op
WorkloadWarmup   6: 21056 op, 42513603.00 ns, 2.0191 us/op
WorkloadWarmup   7: 21056 op, 36211972.00 ns, 1.7198 us/op
WorkloadWarmup   8: 21056 op, 35345653.00 ns, 1.6786 us/op
WorkloadWarmup   9: 21056 op, 36378470.00 ns, 1.7277 us/op
WorkloadWarmup  10: 21056 op, 35608701.00 ns, 1.6911 us/op
WorkloadWarmup  11: 21056 op, 35527252.00 ns, 1.6873 us/op
WorkloadWarmup  12: 21056 op, 35419135.00 ns, 1.6821 us/op
WorkloadWarmup  13: 21056 op, 35459474.00 ns, 1.6841 us/op
WorkloadWarmup  14: 21056 op, 35252738.00 ns, 1.6742 us/op
WorkloadWarmup  15: 21056 op, 49027685.00 ns, 2.3284 us/op
WorkloadWarmup  16: 21056 op, 48755226.00 ns, 2.3155 us/op
WorkloadWarmup  17: 21056 op, 38872451.00 ns, 1.8461 us/op
WorkloadWarmup  18: 21056 op, 39199408.00 ns, 1.8617 us/op
WorkloadWarmup  19: 21056 op, 35588572.00 ns, 1.6902 us/op
WorkloadWarmup  20: 21056 op, 35163784.00 ns, 1.6700 us/op
WorkloadWarmup  21: 21056 op, 35478102.00 ns, 1.6849 us/op
WorkloadWarmup  22: 21056 op, 35451186.00 ns, 1.6837 us/op
WorkloadWarmup  23: 21056 op, 41750447.00 ns, 1.9828 us/op
WorkloadWarmup  24: 21056 op, 35505429.00 ns, 1.6862 us/op
WorkloadWarmup  25: 21056 op, 35135322.00 ns, 1.6687 us/op

// BeforeActualRun
WorkloadActual   1: 21056 op, 35485296.00 ns, 1.6853 us/op
WorkloadActual   2: 21056 op, 35426642.00 ns, 1.6825 us/op
WorkloadActual   3: 21056 op, 35950204.00 ns, 1.7074 us/op
WorkloadActual   4: 21056 op, 35396250.00 ns, 1.6811 us/op
WorkloadActual   5: 21056 op, 36323888.00 ns, 1.7251 us/op
WorkloadActual   6: 21056 op, 35544210.00 ns, 1.6881 us/op

// AfterActualRun
WorkloadResult   1: 21056 op, 35485296.00 ns, 1.6853 us/op
WorkloadResult   2: 21056 op, 35426642.00 ns, 1.6825 us/op
WorkloadResult   3: 21056 op, 35950204.00 ns, 1.7074 us/op
WorkloadResult   4: 21056 op, 35396250.00 ns, 1.6811 us/op
WorkloadResult   5: 21056 op, 36323888.00 ns, 1.7251 us/op
WorkloadResult   6: 21056 op, 35544210.00 ns, 1.6881 us/op
// GC:  0 0 0 0 21056
// Threading:  0 0 21056

// AfterAll
// Benchmark Process 4869 has exited with code 0.

Mean = 1.695 us, StdErr = 0.007 us (0.42%), N = 6, StdDev = 0.018 us
Min = 1.681 us, Q1 = 1.683 us, Median = 1.687 us, Q3 = 1.703 us, Max = 1.725 us
IQR = 0.019 us, LowerFence = 1.654 us, UpperFence = 1.732 us
ConfidenceInterval = [1.645 us; 1.744 us] (CI 99.9%), Margin = 0.049 us (2.92% of Mean)
Skewness = 0.72, Kurtosis = 1.6, MValue = 2

// ** Remained 46 (92.0 %) benchmark(s) to run. Estimated finish 2026-10-09 23:00 (0h 1m from now) **
// **************************
// Benchmark: CodecSuite.Run: campaign(EvaluateOverhead=False, Clock=Armonik.Ffi.Bdn.CpuClock, IterationCount=6, IterationTime=40ms, LaunchCount=1, RunStrategy=Throughput, WarmupCount=25) [Case=core-(...)etain [54]]
// *** Execute ***
// Launch: 1 / 1
// Execute: dotnet BenchDotNet-campaign-1.dll --anonymousPipes 117 118 --benchmarkName "Armonik.Ffi.Bdn.CodecSuite.Run(Case: \"core-ffi|encode-core-hot|U-nested-before|corpus|retain\")" --job campaign --benchmarkId 4 in /home/user/ArmoniK.Api/ffi/poc/csharp/src/BenchDotNet/bin/Release/net8.0/BenchDotNet-campaign-1/bin/Release/net8.0
// BeforeAnythingElse

// Benchmark Process Environment Information:
// BenchmarkDotNet v0.15.8
// Runtime=.NET 8.0.31 (8.0.31, 8.0.3126.42015), X64 RyuJIT x86-64-v4
// GC=Concurrent Workstation
// HardwareIntrinsics=AVX512 F+BW+CD+DQ+VL,AVX2+BMI1+BMI2+F16C+FMA+LZCNT+MOVBE,AVX,SSE3+SSSE3+SSE4.1+SSE4.2+POPCNT,X86Base+SSE+SSE2,AES+PCLMUL VectorSize=256
// Job: campaign(EvaluateOverhead=False, Clock=Armonik.Ffi.Bdn.CpuClock, IterationCount=6, IterationTime=40ms, LaunchCount=1, RunStrategy=Throughput, WarmupCount=25)

OverheadJitting  1: 1 op, 293810.00 ns, 293.8100 us/op
WorkloadJitting  1: 1 op, 4007120.00 ns, 4.0071 ms/op

WorkloadPilot    1: 4 op, 16019.00 ns, 4.0048 us/op
WorkloadPilot    2: 9988 op, 6338555.00 ns, 634.6170 ns/op
WorkloadPilot    3: 63030 op, 38757993.00 ns, 614.9134 ns/op
WorkloadPilot    4: 65050 op, 39404401.00 ns, 605.7556 ns/op
WorkloadPilot    5: 66033 op, 39941030.00 ns, 604.8647 ns/op
WorkloadPilot    6: 66130 op, 46916406.00 ns, 709.4572 ns/op
WorkloadPilot    7: 56381 op, 20935751.00 ns, 371.3264 ns/op
WorkloadPilot    8: 107722 op, 33945916.00 ns, 315.1252 ns/op
WorkloadPilot    9: 126934 op, 45009150.00 ns, 354.5870 ns/op
WorkloadPilot   10: 112807 op, 31590389.00 ns, 280.0393 ns/op
WorkloadPilot   11: 142837 op, 40566042.00 ns, 284.0023 ns/op

WorkloadWarmup   1: 142837 op, 40046524.00 ns, 280.3652 ns/op
WorkloadWarmup   2: 142837 op, 40332345.00 ns, 282.3662 ns/op
WorkloadWarmup   3: 142837 op, 40766211.00 ns, 285.4037 ns/op
WorkloadWarmup   4: 142837 op, 39960493.00 ns, 279.7629 ns/op
WorkloadWarmup   5: 142837 op, 40253860.00 ns, 281.8168 ns/op
WorkloadWarmup   6: 142837 op, 40331097.00 ns, 282.3575 ns/op
WorkloadWarmup   7: 142837 op, 40262087.00 ns, 281.8744 ns/op
WorkloadWarmup   8: 142837 op, 40002021.00 ns, 280.0536 ns/op
WorkloadWarmup   9: 142837 op, 41396945.00 ns, 289.8195 ns/op
WorkloadWarmup  10: 142837 op, 42051704.00 ns, 294.4034 ns/op
WorkloadWarmup  11: 142837 op, 41027542.00 ns, 287.2333 ns/op
WorkloadWarmup  12: 142837 op, 40754590.00 ns, 285.3224 ns/op
WorkloadWarmup  13: 142837 op, 41166440.00 ns, 288.2057 ns/op
WorkloadWarmup  14: 142837 op, 39929349.00 ns, 279.5449 ns/op
WorkloadWarmup  15: 142837 op, 40433212.00 ns, 283.0724 ns/op
WorkloadWarmup  16: 142837 op, 40440932.00 ns, 283.1264 ns/op
WorkloadWarmup  17: 142837 op, 40045900.00 ns, 280.3608 ns/op
WorkloadWarmup  18: 142837 op, 45045228.00 ns, 315.3611 ns/op
WorkloadWarmup  19: 142837 op, 40025204.00 ns, 280.2159 ns/op
WorkloadWarmup  20: 142837 op, 40685628.00 ns, 284.8396 ns/op
WorkloadWarmup  21: 142837 op, 40551277.00 ns, 283.8990 ns/op
WorkloadWarmup  22: 142837 op, 40602510.00 ns, 284.2577 ns/op
WorkloadWarmup  23: 142837 op, 44269682.00 ns, 309.9315 ns/op
WorkloadWarmup  24: 142837 op, 40092750.00 ns, 280.6888 ns/op
WorkloadWarmup  25: 142837 op, 40584019.00 ns, 284.1282 ns/op

// BeforeActualRun
WorkloadActual   1: 142837 op, 45931494.00 ns, 321.5658 ns/op
WorkloadActual   2: 142837 op, 41460108.00 ns, 290.2617 ns/op
WorkloadActual   3: 142837 op, 39857560.00 ns, 279.0423 ns/op
WorkloadActual   4: 142837 op, 39948978.00 ns, 279.6823 ns/op
WorkloadActual   5: 142837 op, 40313792.00 ns, 282.2363 ns/op
WorkloadActual   6: 142837 op, 39845924.00 ns, 278.9608 ns/op

// AfterActualRun
WorkloadResult   1: 142837 op, 41460108.00 ns, 290.2617 ns/op
WorkloadResult   2: 142837 op, 39857560.00 ns, 279.0423 ns/op
WorkloadResult   3: 142837 op, 39948978.00 ns, 279.6823 ns/op
WorkloadResult   4: 142837 op, 40313792.00 ns, 282.2363 ns/op
WorkloadResult   5: 142837 op, 39845924.00 ns, 278.9608 ns/op
// GC:  0 0 0 0 142837
// Threading:  0 0 142837

// AfterAll
// Benchmark Process 4878 has exited with code 0.

Mean = 282.037 ns, StdErr = 2.141 ns (0.76%), N = 5, StdDev = 4.787 ns
Min = 278.961 ns, Q1 = 279.042 ns, Median = 279.682 ns, Q3 = 282.236 ns, Max = 290.262 ns
IQR = 3.194 ns, LowerFence = 274.251 ns, UpperFence = 287.027 ns
ConfidenceInterval = [263.604 ns; 300.470 ns] (CI 99.9%), Margin = 18.433 ns (6.54% of Mean)
Skewness = 0.89, Kurtosis = 1.82, MValue = 2

// ** Remained 45 (90.0 %) benchmark(s) to run. Estimated finish 2026-10-09 23:00 (0h 1m from now) **
// **************************
// Benchmark: CodecSuite.Run: campaign(EvaluateOverhead=False, Clock=Armonik.Ffi.Bdn.CpuClock, IterationCount=6, IterationTime=40ms, LaunchCount=1, RunStrategy=Throughput, WarmupCount=25) [Case=core-(...)|drop [40]]
// *** Execute ***
// Launch: 1 / 1
// Execute: dotnet BenchDotNet-campaign-1.dll --anonymousPipes 117 118 --benchmarkName "Armonik.Ffi.Bdn.CodecSuite.Run(Case: \"core-ffi|encode-core-hot|P1.1|ascii|drop\")" --job campaign --benchmarkId 5 in /home/user/ArmoniK.Api/ffi/poc/csharp/src/BenchDotNet/bin/Release/net8.0/BenchDotNet-campaign-1/bin/Release/net8.0
// BeforeAnythingElse

// Benchmark Process Environment Information:
// BenchmarkDotNet v0.15.8
// Runtime=.NET 8.0.31 (8.0.31, 8.0.3126.42015), X64 RyuJIT x86-64-v4
// GC=Concurrent Workstation
// HardwareIntrinsics=AVX512 F+BW+CD+DQ+VL,AVX2+BMI1+BMI2+F16C+FMA+LZCNT+MOVBE,AVX,SSE3+SSSE3+SSE4.1+SSE4.2+POPCNT,X86Base+SSE+SSE2,AES+PCLMUL VectorSize=256
// Job: campaign(EvaluateOverhead=False, Clock=Armonik.Ffi.Bdn.CpuClock, IterationCount=6, IterationTime=40ms, LaunchCount=1, RunStrategy=Throughput, WarmupCount=25)

OverheadJitting  1: 1 op, 254145.00 ns, 254.1450 us/op
WorkloadJitting  1: 1 op, 4945144.00 ns, 4.9451 ms/op

WorkloadPilot    1: 4 op, 19662.00 ns, 4.9155 us/op
WorkloadPilot    2: 8138 op, 12634881.00 ns, 1.5526 us/op
WorkloadPilot    3: 25764 op, 39059279.00 ns, 1.5160 us/op
WorkloadPilot    4: 26385 op, 39785983.00 ns, 1.5079 us/op
WorkloadPilot    5: 26527 op, 47992266.00 ns, 1.8092 us/op
WorkloadPilot    6: 22109 op, 16905609.00 ns, 764.6483 ns/op
WorkloadPilot    7: 52312 op, 39951437.00 ns, 763.7146 ns/op
WorkloadPilot    8: 52376 op, 39626489.00 ns, 756.5772 ns/op
WorkloadPilot    9: 52870 op, 40027810.00 ns, 757.0987 ns/op
WorkloadPilot   10: 52833 op, 40737853.00 ns, 771.0683 ns/op

WorkloadWarmup   1: 52833 op, 40479879.00 ns, 766.1855 ns/op
WorkloadWarmup   2: 52833 op, 40424707.00 ns, 765.1412 ns/op
WorkloadWarmup   3: 52833 op, 40239308.00 ns, 761.6321 ns/op
WorkloadWarmup   4: 52833 op, 40545803.00 ns, 767.4333 ns/op
WorkloadWarmup   5: 52833 op, 40418493.00 ns, 765.0236 ns/op
WorkloadWarmup   6: 52833 op, 40527942.00 ns, 767.0952 ns/op
WorkloadWarmup   7: 52833 op, 40528675.00 ns, 767.1091 ns/op
WorkloadWarmup   8: 52833 op, 40173153.00 ns, 760.3799 ns/op
WorkloadWarmup   9: 52833 op, 40387240.00 ns, 764.4321 ns/op
WorkloadWarmup  10: 52833 op, 40777718.00 ns, 771.8229 ns/op
WorkloadWarmup  11: 52833 op, 39965557.00 ns, 756.4506 ns/op
WorkloadWarmup  12: 52833 op, 40989578.00 ns, 775.8329 ns/op
WorkloadWarmup  13: 52833 op, 41466940.00 ns, 784.8682 ns/op
WorkloadWarmup  14: 52833 op, 40592004.00 ns, 768.3078 ns/op
WorkloadWarmup  15: 52833 op, 40899126.00 ns, 774.1208 ns/op
WorkloadWarmup  16: 52833 op, 40084456.00 ns, 758.7011 ns/op
WorkloadWarmup  17: 52833 op, 40446346.00 ns, 765.5508 ns/op
WorkloadWarmup  18: 52833 op, 40548975.00 ns, 767.4933 ns/op
WorkloadWarmup  19: 52833 op, 40464415.00 ns, 765.8928 ns/op
WorkloadWarmup  20: 52833 op, 40338002.00 ns, 763.5001 ns/op
WorkloadWarmup  21: 52833 op, 40712966.00 ns, 770.5973 ns/op
WorkloadWarmup  22: 52833 op, 40103050.00 ns, 759.0531 ns/op
WorkloadWarmup  23: 52833 op, 40067072.00 ns, 758.3721 ns/op
WorkloadWarmup  24: 52833 op, 41406424.00 ns, 783.7227 ns/op
WorkloadWarmup  25: 52833 op, 45202261.00 ns, 855.5687 ns/op

// BeforeActualRun
WorkloadActual   1: 52833 op, 42594168.00 ns, 806.2038 ns/op
WorkloadActual   2: 52833 op, 40913869.00 ns, 774.3999 ns/op
WorkloadActual   3: 52833 op, 40584779.00 ns, 768.1710 ns/op
WorkloadActual   4: 52833 op, 40979783.00 ns, 775.6475 ns/op
WorkloadActual   5: 52833 op, 41227657.00 ns, 780.3391 ns/op
WorkloadActual   6: 52833 op, 41159695.00 ns, 779.0528 ns/op

// AfterActualRun
WorkloadResult   1: 52833 op, 40913869.00 ns, 774.3999 ns/op
WorkloadResult   2: 52833 op, 40584779.00 ns, 768.1710 ns/op
WorkloadResult   3: 52833 op, 40979783.00 ns, 775.6475 ns/op
WorkloadResult   4: 52833 op, 41227657.00 ns, 780.3391 ns/op
WorkloadResult   5: 52833 op, 41159695.00 ns, 779.0528 ns/op
// GC:  0 0 0 0 52833
// Threading:  0 0 52833

// AfterAll
// Benchmark Process 4890 has exited with code 0.

Mean = 775.522 ns, StdErr = 2.133 ns (0.28%), N = 5, StdDev = 4.769 ns
Min = 768.171 ns, Q1 = 774.400 ns, Median = 775.647 ns, Q3 = 779.053 ns, Max = 780.339 ns
IQR = 4.653 ns, LowerFence = 767.421 ns, UpperFence = 786.032 ns
ConfidenceInterval = [757.157 ns; 793.887 ns] (CI 99.9%), Margin = 18.365 ns (2.37% of Mean)
Skewness = -0.45, Kurtosis = 1.4, MValue = 2

// ** Remained 44 (88.0 %) benchmark(s) to run. Estimated finish 2026-10-09 23:00 (0h 1m from now) **
// **************************
// Benchmark: CodecSuite.Run: campaign(EvaluateOverhead=False, Clock=Armonik.Ffi.Bdn.CpuClock, IterationCount=6, IterationTime=40ms, LaunchCount=1, RunStrategy=Throughput, WarmupCount=25) [Case=core-(...)etain [80]]
// *** Execute ***
// Launch: 1 / 1
// Execute: dotnet BenchDotNet-campaign-1.dll --anonymousPipes 117 118 --benchmarkName "Armonik.Ffi.Bdn.CodecSuite.Run(Case: \"core-ffi|encode-core-hot|U-wire-ListMetricsResponse-batches-as-wt0|corpus|retain\")" --job campaign --benchmarkId 6 in /home/user/ArmoniK.Api/ffi/poc/csharp/src/BenchDotNet/bin/Release/net8.0/BenchDotNet-campaign-1/bin/Release/net8.0
// BeforeAnythingElse

// Benchmark Process Environment Information:
// BenchmarkDotNet v0.15.8
// Runtime=.NET 8.0.31 (8.0.31, 8.0.3126.42015), X64 RyuJIT x86-64-v4
// GC=Concurrent Workstation
// HardwareIntrinsics=AVX512 F+BW+CD+DQ+VL,AVX2+BMI1+BMI2+F16C+FMA+LZCNT+MOVBE,AVX,SSE3+SSSE3+SSE4.1+SSE4.2+POPCNT,X86Base+SSE+SSE2,AES+PCLMUL VectorSize=256
// Job: campaign(EvaluateOverhead=False, Clock=Armonik.Ffi.Bdn.CpuClock, IterationCount=6, IterationTime=40ms, LaunchCount=1, RunStrategy=Throughput, WarmupCount=25)

OverheadJitting  1: 1 op, 277480.00 ns, 277.4800 us/op
WorkloadJitting  1: 1 op, 7422485.00 ns, 7.4225 ms/op

WorkloadPilot    1: 4 op, 36138.00 ns, 9.0345 us/op
WorkloadPilot    2: 4427 op, 21205564.00 ns, 4.7901 us/op
WorkloadPilot    3: 8351 op, 37697547.00 ns, 4.5141 us/op
WorkloadPilot    4: 8861 op, 40688526.00 ns, 4.5919 us/op
WorkloadPilot    5: 8711 op, 43349695.00 ns, 4.9764 us/op
WorkloadPilot    6: 8038 op, 40012698.00 ns, 4.9779 us/op

WorkloadWarmup   1: 8038 op, 13654460.00 ns, 1.6987 us/op
WorkloadWarmup   2: 8038 op, 10707772.00 ns, 1.3321 us/op
WorkloadWarmup   3: 8038 op, 10766510.00 ns, 1.3395 us/op
WorkloadWarmup   4: 8038 op, 10740651.00 ns, 1.3362 us/op
WorkloadWarmup   5: 8038 op, 10727780.00 ns, 1.3346 us/op
WorkloadWarmup   6: 8038 op, 10758300.00 ns, 1.3384 us/op
WorkloadWarmup   7: 8038 op, 10724304.00 ns, 1.3342 us/op
WorkloadWarmup   8: 8038 op, 10763811.00 ns, 1.3391 us/op
WorkloadWarmup   9: 8038 op, 12274982.00 ns, 1.5271 us/op
WorkloadWarmup  10: 8038 op, 10769567.00 ns, 1.3398 us/op
WorkloadWarmup  11: 8038 op, 12482863.00 ns, 1.5530 us/op
WorkloadWarmup  12: 8038 op, 10924641.00 ns, 1.3591 us/op
WorkloadWarmup  13: 8038 op, 10776025.00 ns, 1.3406 us/op
WorkloadWarmup  14: 8038 op, 10773938.00 ns, 1.3404 us/op
WorkloadWarmup  15: 8038 op, 10759964.00 ns, 1.3386 us/op
WorkloadWarmup  16: 8038 op, 10806437.00 ns, 1.3444 us/op
WorkloadWarmup  17: 8038 op, 10811429.00 ns, 1.3450 us/op
WorkloadWarmup  18: 8038 op, 11673985.00 ns, 1.4523 us/op
WorkloadWarmup  19: 8038 op, 11238564.00 ns, 1.3982 us/op
WorkloadWarmup  20: 8038 op, 11399225.00 ns, 1.4182 us/op
WorkloadWarmup  21: 8038 op, 11229653.00 ns, 1.3971 us/op
WorkloadWarmup  22: 8038 op, 11568277.00 ns, 1.4392 us/op
WorkloadWarmup  23: 8038 op, 11318762.00 ns, 1.4082 us/op
WorkloadWarmup  24: 8038 op, 11231330.00 ns, 1.3973 us/op
WorkloadWarmup  25: 8038 op, 11871635.00 ns, 1.4769 us/op

// BeforeActualRun
WorkloadActual   1: 8038 op, 13234644.00 ns, 1.6465 us/op
WorkloadActual   2: 8038 op, 11075063.00 ns, 1.3778 us/op
WorkloadActual   3: 8038 op, 10969076.00 ns, 1.3647 us/op
WorkloadActual   4: 8038 op, 10945202.00 ns, 1.3617 us/op
WorkloadActual   5: 8038 op, 10942500.00 ns, 1.3613 us/op
WorkloadActual   6: 8038 op, 10841019.00 ns, 1.3487 us/op

// AfterActualRun
WorkloadResult   1: 8038 op, 11075063.00 ns, 1.3778 us/op
WorkloadResult   2: 8038 op, 10969076.00 ns, 1.3647 us/op
WorkloadResult   3: 8038 op, 10945202.00 ns, 1.3617 us/op
WorkloadResult   4: 8038 op, 10942500.00 ns, 1.3613 us/op
WorkloadResult   5: 8038 op, 10841019.00 ns, 1.3487 us/op
// GC:  0 0 0 0 8038
// Threading:  0 0 8038

// AfterAll
// Benchmark Process 4899 has exited with code 0.

Mean = 1.363 us, StdErr = 0.005 us (0.34%), N = 5, StdDev = 0.010 us
Min = 1.349 us, Q1 = 1.361 us, Median = 1.362 us, Q3 = 1.365 us, Max = 1.378 us
IQR = 0.003 us, LowerFence = 1.356 us, UpperFence = 1.370 us
ConfidenceInterval = [1.323 us; 1.403 us] (CI 99.9%), Margin = 0.040 us (2.93% of Mean)
Skewness = 0.1, Kurtosis = 1.56, MValue = 2

// ** Remained 43 (86.0 %) benchmark(s) to run. Estimated finish 2026-10-09 23:00 (0h 1m from now) **
// **************************
// Benchmark: CodecSuite.Run: campaign(EvaluateOverhead=False, Clock=Armonik.Ffi.Bdn.CpuClock, IterationCount=6, IterationTime=40ms, LaunchCount=1, RunStrategy=Throughput, WarmupCount=25) [Case=core-(...)etain [70]]
// *** Execute ***
// Launch: 1 / 1
// Execute: dotnet BenchDotNet-campaign-1.dll --anonymousPipes 117 118 --benchmarkName "Armonik.Ffi.Bdn.CodecSuite.Run(Case: \"core-ffi|encode-core-hot|U-wire-DualResponse-left-as-wt5|corpus|retain\")" --job campaign --benchmarkId 7 in /home/user/ArmoniK.Api/ffi/poc/csharp/src/BenchDotNet/bin/Release/net8.0/BenchDotNet-campaign-1/bin/Release/net8.0
// BeforeAnythingElse

// Benchmark Process Environment Information:
// BenchmarkDotNet v0.15.8
// Runtime=.NET 8.0.31 (8.0.31, 8.0.3126.42015), X64 RyuJIT x86-64-v4
// GC=Concurrent Workstation
// HardwareIntrinsics=AVX512 F+BW+CD+DQ+VL,AVX2+BMI1+BMI2+F16C+FMA+LZCNT+MOVBE,AVX,SSE3+SSSE3+SSE4.1+SSE4.2+POPCNT,X86Base+SSE+SSE2,AES+PCLMUL VectorSize=256
// Job: campaign(EvaluateOverhead=False, Clock=Armonik.Ffi.Bdn.CpuClock, IterationCount=6, IterationTime=40ms, LaunchCount=1, RunStrategy=Throughput, WarmupCount=25)

OverheadJitting  1: 1 op, 251643.00 ns, 251.6430 us/op
WorkloadJitting  1: 1 op, 4476262.00 ns, 4.4763 ms/op

WorkloadPilot    1: 4 op, 16681.00 ns, 4.1703 us/op
WorkloadPilot    2: 9592 op, 5668831.00 ns, 590.9957 ns/op
WorkloadPilot    3: 67682 op, 37557727.00 ns, 554.9146 ns/op
WorkloadPilot    4: 72083 op, 39249559.00 ns, 544.5051 ns/op
WorkloadPilot    5: 73461 op, 39961702.00 ns, 543.9853 ns/op
WorkloadPilot    6: 73531 op, 43206684.00 ns, 587.5982 ns/op
WorkloadPilot    7: 68074 op, 27672170.00 ns, 406.5013 ns/op
WorkloadPilot    8: 98401 op, 24285495.00 ns, 246.8013 ns/op
WorkloadPilot    9: 162074 op, 40112033.00 ns, 247.4921 ns/op
WorkloadPilot   10: 161621 op, 39979867.00 ns, 247.3680 ns/op
WorkloadPilot   11: 161702 op, 40099143.00 ns, 247.9817 ns/op

WorkloadWarmup   1: 161702 op, 40186746.00 ns, 248.5235 ns/op
WorkloadWarmup   2: 161702 op, 40029506.00 ns, 247.5511 ns/op
WorkloadWarmup   3: 161702 op, 40115734.00 ns, 248.0843 ns/op
WorkloadWarmup   4: 161702 op, 40153361.00 ns, 248.3170 ns/op
WorkloadWarmup   5: 161702 op, 40127766.00 ns, 248.1587 ns/op
WorkloadWarmup   6: 161702 op, 40746297.00 ns, 251.9839 ns/op
WorkloadWarmup   7: 161702 op, 40193673.00 ns, 248.5663 ns/op
WorkloadWarmup   8: 161702 op, 39997925.00 ns, 247.3558 ns/op
WorkloadWarmup   9: 161702 op, 40874141.00 ns, 252.7745 ns/op
WorkloadWarmup  10: 161702 op, 40618602.00 ns, 251.1942 ns/op
WorkloadWarmup  11: 161702 op, 40125198.00 ns, 248.1429 ns/op
WorkloadWarmup  12: 161702 op, 39941211.00 ns, 247.0051 ns/op
WorkloadWarmup  13: 161702 op, 39935660.00 ns, 246.9707 ns/op
WorkloadWarmup  14: 161702 op, 39873189.00 ns, 246.5844 ns/op
WorkloadWarmup  15: 161702 op, 40101719.00 ns, 247.9977 ns/op
WorkloadWarmup  16: 161702 op, 39955055.00 ns, 247.0907 ns/op
WorkloadWarmup  17: 161702 op, 39952193.00 ns, 247.0730 ns/op
WorkloadWarmup  18: 161702 op, 40014220.00 ns, 247.4566 ns/op
WorkloadWarmup  19: 161702 op, 39854388.00 ns, 246.4681 ns/op
WorkloadWarmup  20: 161702 op, 40206365.00 ns, 248.6448 ns/op
WorkloadWarmup  21: 161702 op, 40220224.00 ns, 248.7305 ns/op
WorkloadWarmup  22: 161702 op, 39983554.00 ns, 247.2669 ns/op
WorkloadWarmup  23: 161702 op, 40210379.00 ns, 248.6696 ns/op
WorkloadWarmup  24: 161702 op, 40620877.00 ns, 251.2083 ns/op
WorkloadWarmup  25: 161702 op, 40345293.00 ns, 249.5040 ns/op

// BeforeActualRun
WorkloadActual   1: 161702 op, 40104618.00 ns, 248.0156 ns/op
WorkloadActual   2: 161702 op, 39993692.00 ns, 247.3296 ns/op
WorkloadActual   3: 161702 op, 40090630.00 ns, 247.9291 ns/op
WorkloadActual   4: 161702 op, 40044452.00 ns, 247.6435 ns/op
WorkloadActual   5: 161702 op, 40099543.00 ns, 247.9842 ns/op
WorkloadActual   6: 161702 op, 40353301.00 ns, 249.5535 ns/op

// AfterActualRun
WorkloadResult   1: 161702 op, 40104618.00 ns, 248.0156 ns/op
WorkloadResult   2: 161702 op, 39993692.00 ns, 247.3296 ns/op
WorkloadResult   3: 161702 op, 40090630.00 ns, 247.9291 ns/op
WorkloadResult   4: 161702 op, 40044452.00 ns, 247.6435 ns/op
WorkloadResult   5: 161702 op, 40099543.00 ns, 247.9842 ns/op
// GC:  0 0 0 0 161702
// Threading:  0 0 161702

// AfterAll
// Benchmark Process 4908 has exited with code 0.

Mean = 247.780 ns, StdErr = 0.131 ns (0.05%), N = 5, StdDev = 0.292 ns
Min = 247.330 ns, Q1 = 247.644 ns, Median = 247.929 ns, Q3 = 247.984 ns, Max = 248.016 ns
IQR = 0.341 ns, LowerFence = 247.132 ns, UpperFence = 248.495 ns
ConfidenceInterval = [246.656 ns; 248.905 ns] (CI 99.9%), Margin = 1.124 ns (0.45% of Mean)
Skewness = -0.56, Kurtosis = 1.29, MValue = 2

// ** Remained 42 (84.0 %) benchmark(s) to run. Estimated finish 2026-10-09 23:00 (0h 1m from now) **
// **************************
// Benchmark: CodecSuite.Run: campaign(EvaluateOverhead=False, Clock=Armonik.Ffi.Bdn.CpuClock, IterationCount=6, IterationTime=40ms, LaunchCount=1, RunStrategy=Throughput, WarmupCount=25) [Case=core-(...)etain [42]]
// *** Execute ***
// Launch: 1 / 1
// Execute: dotnet BenchDotNet-campaign-1.dll --anonymousPipes 117 118 --benchmarkName "Armonik.Ffi.Bdn.CodecSuite.Run(Case: \"core-ffi|encode-core-hot|P2.1|ascii|retain\")" --job campaign --benchmarkId 8 in /home/user/ArmoniK.Api/ffi/poc/csharp/src/BenchDotNet/bin/Release/net8.0/BenchDotNet-campaign-1/bin/Release/net8.0
// BeforeAnythingElse

// Benchmark Process Environment Information:
// BenchmarkDotNet v0.15.8
// Runtime=.NET 8.0.31 (8.0.31, 8.0.3126.42015), X64 RyuJIT x86-64-v4
// GC=Concurrent Workstation
// HardwareIntrinsics=AVX512 F+BW+CD+DQ+VL,AVX2+BMI1+BMI2+F16C+FMA+LZCNT+MOVBE,AVX,SSE3+SSSE3+SSE4.1+SSE4.2+POPCNT,X86Base+SSE+SSE2,AES+PCLMUL VectorSize=256
// Job: campaign(EvaluateOverhead=False, Clock=Armonik.Ffi.Bdn.CpuClock, IterationCount=6, IterationTime=40ms, LaunchCount=1, RunStrategy=Throughput, WarmupCount=25)

OverheadJitting  1: 1 op, 282096.00 ns, 282.0960 us/op
WorkloadJitting  1: 1 op, 9507887.00 ns, 9.5079 ms/op

WorkloadPilot    1: 4 op, 43272.00 ns, 10.8180 us/op
WorkloadPilot    2: 3698 op, 10140817.00 ns, 2.7422 us/op
WorkloadPilot    3: 14587 op, 40525984.00 ns, 2.7782 us/op
WorkloadPilot    4: 14398 op, 39291586.00 ns, 2.7290 us/op
WorkloadPilot    5: 14658 op, 39366342.00 ns, 2.6857 us/op
WorkloadPilot    6: 14894 op, 39542146.00 ns, 2.6549 us/op
WorkloadPilot    7: 15066 op, 47229959.00 ns, 3.1349 us/op
WorkloadPilot    8: 12760 op, 22790413.00 ns, 1.7861 us/op
WorkloadPilot    9: 22395 op, 31781971.00 ns, 1.4192 us/op
WorkloadPilot   10: 28186 op, 39822117.00 ns, 1.4128 us/op
WorkloadPilot   11: 28312 op, 41022813.00 ns, 1.4490 us/op

WorkloadWarmup   1: 28312 op, 40418234.00 ns, 1.4276 us/op
WorkloadWarmup   2: 28312 op, 39953066.00 ns, 1.4112 us/op
WorkloadWarmup   3: 28312 op, 44306126.00 ns, 1.5649 us/op
WorkloadWarmup   4: 28312 op, 40153939.00 ns, 1.4183 us/op
WorkloadWarmup   5: 28312 op, 40075453.00 ns, 1.4155 us/op
WorkloadWarmup   6: 28312 op, 40481922.00 ns, 1.4299 us/op
WorkloadWarmup   7: 28312 op, 40537006.00 ns, 1.4318 us/op
WorkloadWarmup   8: 28312 op, 40292358.00 ns, 1.4232 us/op
WorkloadWarmup   9: 28312 op, 40233532.00 ns, 1.4211 us/op
WorkloadWarmup  10: 28312 op, 40192546.00 ns, 1.4196 us/op
WorkloadWarmup  11: 28312 op, 40330657.00 ns, 1.4245 us/op
WorkloadWarmup  12: 28312 op, 39996829.00 ns, 1.4127 us/op
WorkloadWarmup  13: 28312 op, 40242107.00 ns, 1.4214 us/op
WorkloadWarmup  14: 28312 op, 40192100.00 ns, 1.4196 us/op
WorkloadWarmup  15: 28312 op, 40353593.00 ns, 1.4253 us/op
WorkloadWarmup  16: 28312 op, 40395277.00 ns, 1.4268 us/op
WorkloadWarmup  17: 28312 op, 40260368.00 ns, 1.4220 us/op
WorkloadWarmup  18: 28312 op, 40010857.00 ns, 1.4132 us/op
WorkloadWarmup  19: 28312 op, 40170554.00 ns, 1.4189 us/op
WorkloadWarmup  20: 28312 op, 40140539.00 ns, 1.4178 us/op
WorkloadWarmup  21: 28312 op, 40815435.00 ns, 1.4416 us/op
WorkloadWarmup  22: 28312 op, 40316540.00 ns, 1.4240 us/op
WorkloadWarmup  23: 28312 op, 40213510.00 ns, 1.4204 us/op
WorkloadWarmup  24: 28312 op, 40175538.00 ns, 1.4190 us/op
WorkloadWarmup  25: 28312 op, 40370598.00 ns, 1.4259 us/op

// BeforeActualRun
WorkloadActual   1: 28312 op, 40250893.00 ns, 1.4217 us/op
WorkloadActual   2: 28312 op, 43359252.00 ns, 1.5315 us/op
WorkloadActual   3: 28312 op, 42866381.00 ns, 1.5141 us/op
WorkloadActual   4: 28312 op, 42373588.00 ns, 1.4967 us/op
WorkloadActual   5: 28312 op, 46830575.00 ns, 1.6541 us/op
WorkloadActual   6: 28312 op, 40249781.00 ns, 1.4217 us/op

// AfterActualRun
WorkloadResult   1: 28312 op, 40250893.00 ns, 1.4217 us/op
WorkloadResult   2: 28312 op, 43359252.00 ns, 1.5315 us/op
WorkloadResult   3: 28312 op, 42866381.00 ns, 1.5141 us/op
WorkloadResult   4: 28312 op, 42373588.00 ns, 1.4967 us/op
WorkloadResult   5: 28312 op, 46830575.00 ns, 1.6541 us/op
WorkloadResult   6: 28312 op, 40249781.00 ns, 1.4217 us/op
// GC:  0 0 0 0 28312
// Threading:  0 0 28312

// AfterAll
// Benchmark Process 4917 has exited with code 0.

Mean = 1.507 us, StdErr = 0.035 us (2.33%), N = 6, StdDev = 0.086 us
Min = 1.422 us, Q1 = 1.440 us, Median = 1.505 us, Q3 = 1.527 us, Max = 1.654 us
IQR = 0.087 us, LowerFence = 1.310 us, UpperFence = 1.657 us
ConfidenceInterval = [1.266 us; 1.748 us] (CI 99.9%), Margin = 0.241 us (16.00% of Mean)
Skewness = 0.52, Kurtosis = 1.76, MValue = 2.4

// ** Remained 41 (82.0 %) benchmark(s) to run. Estimated finish 2026-10-09 23:00 (0h 1m from now) **
// **************************
// Benchmark: CodecSuite.Run: campaign(EvaluateOverhead=False, Clock=Armonik.Ffi.Bdn.CpuClock, IterationCount=6, IterationTime=40ms, LaunchCount=1, RunStrategy=Throughput, WarmupCount=25) [Case=core-(...)|drop [40]]
// *** Execute ***
// Launch: 1 / 1
// Execute: dotnet BenchDotNet-campaign-1.dll --anonymousPipes 117 118 --benchmarkName "Armonik.Ffi.Bdn.CodecSuite.Run(Case: \"core-ffi|encode-core-hot|P2.5|ascii|drop\")" --job campaign --benchmarkId 9 in /home/user/ArmoniK.Api/ffi/poc/csharp/src/BenchDotNet/bin/Release/net8.0/BenchDotNet-campaign-1/bin/Release/net8.0
// BeforeAnythingElse

// Benchmark Process Environment Information:
// BenchmarkDotNet v0.15.8
// Runtime=.NET 8.0.31 (8.0.31, 8.0.3126.42015), X64 RyuJIT x86-64-v4
// GC=Concurrent Workstation
// HardwareIntrinsics=AVX512 F+BW+CD+DQ+VL,AVX2+BMI1+BMI2+F16C+FMA+LZCNT+MOVBE,AVX,SSE3+SSSE3+SSE4.1+SSE4.2+POPCNT,X86Base+SSE+SSE2,AES+PCLMUL VectorSize=256
// Job: campaign(EvaluateOverhead=False, Clock=Armonik.Ffi.Bdn.CpuClock, IterationCount=6, IterationTime=40ms, LaunchCount=1, RunStrategy=Throughput, WarmupCount=25)

OverheadJitting  1: 1 op, 266128.00 ns, 266.1280 us/op
WorkloadJitting  1: 1 op, 8810705.00 ns, 8.8107 ms/op

WorkloadPilot    1: 4 op, 201570.00 ns, 50.3925 us/op
WorkloadPilot    2: 794 op, 35377678.00 ns, 44.5563 us/op
WorkloadPilot    3: 898 op, 39791189.00 ns, 44.3109 us/op
WorkloadPilot    4: 903 op, 38008848.00 ns, 42.0917 us/op
WorkloadPilot    5: 950 op, 39964097.00 ns, 42.0675 us/op

WorkloadWarmup   1: 950 op, 39939374.00 ns, 42.0414 us/op
WorkloadWarmup   2: 950 op, 39441654.00 ns, 41.5175 us/op
WorkloadWarmup   3: 950 op, 39554028.00 ns, 41.6358 us/op
WorkloadWarmup   4: 950 op, 42998791.00 ns, 45.2619 us/op
WorkloadWarmup   5: 950 op, 22427773.00 ns, 23.6082 us/op
WorkloadWarmup   6: 950 op, 22439880.00 ns, 23.6209 us/op
WorkloadWarmup   7: 950 op, 23045943.00 ns, 24.2589 us/op
WorkloadWarmup   8: 950 op, 22825846.00 ns, 24.0272 us/op
WorkloadWarmup   9: 950 op, 23028071.00 ns, 24.2401 us/op
WorkloadWarmup  10: 950 op, 22437750.00 ns, 23.6187 us/op
WorkloadWarmup  11: 950 op, 22945426.00 ns, 24.1531 us/op
WorkloadWarmup  12: 950 op, 22642653.00 ns, 23.8344 us/op
WorkloadWarmup  13: 950 op, 22341863.00 ns, 23.5178 us/op
WorkloadWarmup  14: 950 op, 28906047.00 ns, 30.4274 us/op
WorkloadWarmup  15: 950 op, 22428207.00 ns, 23.6086 us/op
WorkloadWarmup  16: 950 op, 22361677.00 ns, 23.5386 us/op
WorkloadWarmup  17: 950 op, 22447885.00 ns, 23.6294 us/op
WorkloadWarmup  18: 950 op, 22443673.00 ns, 23.6249 us/op
WorkloadWarmup  19: 950 op, 22712083.00 ns, 23.9075 us/op
WorkloadWarmup  20: 950 op, 22483272.00 ns, 23.6666 us/op
WorkloadWarmup  21: 950 op, 23720196.00 ns, 24.9686 us/op
WorkloadWarmup  22: 950 op, 22656647.00 ns, 23.8491 us/op
WorkloadWarmup  23: 950 op, 22379174.00 ns, 23.5570 us/op
WorkloadWarmup  24: 950 op, 22778463.00 ns, 23.9773 us/op
WorkloadWarmup  25: 950 op, 22796140.00 ns, 23.9959 us/op

// BeforeActualRun
WorkloadActual   1: 950 op, 22789438.00 ns, 23.9889 us/op
WorkloadActual   2: 950 op, 22991649.00 ns, 24.2017 us/op
WorkloadActual   3: 950 op, 22402170.00 ns, 23.5812 us/op
WorkloadActual   4: 950 op, 22713974.00 ns, 23.9094 us/op
WorkloadActual   5: 950 op, 23972528.00 ns, 25.2342 us/op
WorkloadActual   6: 950 op, 22441866.00 ns, 23.6230 us/op

// AfterActualRun
WorkloadResult   1: 950 op, 22789438.00 ns, 23.9889 us/op
WorkloadResult   2: 950 op, 22991649.00 ns, 24.2017 us/op
WorkloadResult   3: 950 op, 22402170.00 ns, 23.5812 us/op
WorkloadResult   4: 950 op, 22713974.00 ns, 23.9094 us/op
WorkloadResult   5: 950 op, 22441866.00 ns, 23.6230 us/op
// GC:  0 0 0 0 950
// Threading:  0 0 950

// AfterAll
// Benchmark Process 4929 has exited with code 0.

Mean = 23.861 us, StdErr = 0.116 us (0.49%), N = 5, StdDev = 0.260 us
Min = 23.581 us, Q1 = 23.623 us, Median = 23.909 us, Q3 = 23.989 us, Max = 24.202 us
IQR = 0.366 us, LowerFence = 23.074 us, UpperFence = 24.538 us
ConfidenceInterval = [22.861 us; 24.861 us] (CI 99.9%), Margin = 1.000 us (4.19% of Mean)
Skewness = 0.07, Kurtosis = 1.02, MValue = 2

// ** Remained 40 (80.0 %) benchmark(s) to run. Estimated finish 2026-10-09 23:00 (0h 1m from now) **
// **************************
// Benchmark: CodecSuite.Run: campaign(EvaluateOverhead=False, Clock=Armonik.Ffi.Bdn.CpuClock, IterationCount=6, IterationTime=40ms, LaunchCount=1, RunStrategy=Throughput, WarmupCount=25) [Case=core-(...)etain [42]]
// *** Execute ***
// Launch: 1 / 1
// Execute: dotnet BenchDotNet-campaign-1.dll --anonymousPipes 117 118 --benchmarkName "Armonik.Ffi.Bdn.CodecSuite.Run(Case: \"core-ffi|encode-core-hot|P1.1|ascii|retain\")" --job campaign --benchmarkId 10 in /home/user/ArmoniK.Api/ffi/poc/csharp/src/BenchDotNet/bin/Release/net8.0/BenchDotNet-campaign-1/bin/Release/net8.0
// BeforeAnythingElse

// Benchmark Process Environment Information:
// BenchmarkDotNet v0.15.8
// Runtime=.NET 8.0.31 (8.0.31, 8.0.3126.42015), X64 RyuJIT x86-64-v4
// GC=Concurrent Workstation
// HardwareIntrinsics=AVX512 F+BW+CD+DQ+VL,AVX2+BMI1+BMI2+F16C+FMA+LZCNT+MOVBE,AVX,SSE3+SSSE3+SSE4.1+SSE4.2+POPCNT,X86Base+SSE+SSE2,AES+PCLMUL VectorSize=256
// Job: campaign(EvaluateOverhead=False, Clock=Armonik.Ffi.Bdn.CpuClock, IterationCount=6, IterationTime=40ms, LaunchCount=1, RunStrategy=Throughput, WarmupCount=25)

OverheadJitting  1: 1 op, 256785.00 ns, 256.7850 us/op
WorkloadJitting  1: 1 op, 6001112.00 ns, 6.0011 ms/op

WorkloadPilot    1: 4 op, 24038.00 ns, 6.0095 us/op
WorkloadPilot    2: 6656 op, 15686983.00 ns, 2.3568 us/op
WorkloadPilot    3: 16972 op, 26523989.00 ns, 1.5628 us/op
WorkloadPilot    4: 25595 op, 40347778.00 ns, 1.5764 us/op
WorkloadPilot    5: 25374 op, 46077139.00 ns, 1.8159 us/op
WorkloadPilot    6: 22027 op, 17918681.00 ns, 813.4871 ns/op
WorkloadPilot    7: 49171 op, 38982380.00 ns, 792.7921 ns/op
WorkloadPilot    8: 50455 op, 40599775.00 ns, 804.6730 ns/op

WorkloadWarmup   1: 50455 op, 39172691.00 ns, 776.3887 ns/op
WorkloadWarmup   2: 50455 op, 44065001.00 ns, 873.3525 ns/op
WorkloadWarmup   3: 50455 op, 48006854.00 ns, 951.4786 ns/op
WorkloadWarmup   4: 50455 op, 40291047.00 ns, 798.5541 ns/op
WorkloadWarmup   5: 50455 op, 43485659.00 ns, 861.8702 ns/op
WorkloadWarmup   6: 50455 op, 39989322.00 ns, 792.5740 ns/op
WorkloadWarmup   7: 50455 op, 41048320.00 ns, 813.5630 ns/op
WorkloadWarmup   8: 50455 op, 42241750.00 ns, 837.2163 ns/op
WorkloadWarmup   9: 50455 op, 40643704.00 ns, 805.5436 ns/op
WorkloadWarmup  10: 50455 op, 39763221.00 ns, 788.0928 ns/op
WorkloadWarmup  11: 50455 op, 43973575.00 ns, 871.5405 ns/op
WorkloadWarmup  12: 50455 op, 39970413.00 ns, 792.1992 ns/op
WorkloadWarmup  13: 50455 op, 40937397.00 ns, 811.3645 ns/op
WorkloadWarmup  14: 50455 op, 46702613.00 ns, 925.6290 ns/op
WorkloadWarmup  15: 50455 op, 42472266.00 ns, 841.7851 ns/op
WorkloadWarmup  16: 50455 op, 39342205.00 ns, 779.7484 ns/op
WorkloadWarmup  17: 50455 op, 43172641.00 ns, 855.6663 ns/op
WorkloadWarmup  18: 50455 op, 46660189.00 ns, 924.7882 ns/op
WorkloadWarmup  19: 50455 op, 44652038.00 ns, 884.9874 ns/op
WorkloadWarmup  20: 50455 op, 39056005.00 ns, 774.0760 ns/op
WorkloadWarmup  21: 50455 op, 39001361.00 ns, 772.9930 ns/op
WorkloadWarmup  22: 50455 op, 40896853.00 ns, 810.5610 ns/op
WorkloadWarmup  23: 50455 op, 44737556.00 ns, 886.6823 ns/op
WorkloadWarmup  24: 50455 op, 43219888.00 ns, 856.6027 ns/op
WorkloadWarmup  25: 50455 op, 44069261.00 ns, 873.4369 ns/op

// BeforeActualRun
WorkloadActual   1: 50455 op, 43871898.00 ns, 869.5253 ns/op
WorkloadActual   2: 50455 op, 55552927.00 ns, 1.1010 us/op
WorkloadActual   3: 50455 op, 45769319.00 ns, 907.1315 ns/op
WorkloadActual   4: 50455 op, 40414448.00 ns, 800.9999 ns/op
WorkloadActual   5: 50455 op, 39847238.00 ns, 789.7580 ns/op
WorkloadActual   6: 50455 op, 39370122.00 ns, 780.3017 ns/op

// AfterActualRun
WorkloadResult   1: 50455 op, 43871898.00 ns, 869.5253 ns/op
WorkloadResult   2: 50455 op, 45769319.00 ns, 907.1315 ns/op
WorkloadResult   3: 50455 op, 40414448.00 ns, 800.9999 ns/op
WorkloadResult   4: 50455 op, 39847238.00 ns, 789.7580 ns/op
WorkloadResult   5: 50455 op, 39370122.00 ns, 780.3017 ns/op
// GC:  0 0 0 0 50455
// Threading:  0 0 50455

// AfterAll
// Benchmark Process 4939 has exited with code 0.

Mean = 829.543 ns, StdErr = 24.941 ns (3.01%), N = 5, StdDev = 55.769 ns
Min = 780.302 ns, Q1 = 789.758 ns, Median = 801.000 ns, Q3 = 869.525 ns, Max = 907.131 ns
IQR = 79.767 ns, LowerFence = 670.107 ns, UpperFence = 989.176 ns
ConfidenceInterval = [614.796 ns; 1,044.291 ns] (CI 99.9%), Margin = 214.747 ns (25.89% of Mean)
Skewness = 0.38, Kurtosis = 0.99, MValue = 2

// ** Remained 39 (78.0 %) benchmark(s) to run. Estimated finish 2026-10-09 23:00 (0h 1m from now) **
// **************************
// Benchmark: CodecSuite.Run: campaign(EvaluateOverhead=False, Clock=Armonik.Ffi.Bdn.CpuClock, IterationCount=6, IterationTime=40ms, LaunchCount=1, RunStrategy=Throughput, WarmupCount=25) [Case=core-(...)|drop [52]]
// *** Execute ***
// Launch: 1 / 1
// Execute: dotnet BenchDotNet-campaign-1.dll --anonymousPipes 117 118 --benchmarkName "Armonik.Ffi.Bdn.CodecSuite.Run(Case: \"core-ffi|encode-core-hot|U-nested-before|corpus|drop\")" --job campaign --benchmarkId 11 in /home/user/ArmoniK.Api/ffi/poc/csharp/src/BenchDotNet/bin/Release/net8.0/BenchDotNet-campaign-1/bin/Release/net8.0
// BeforeAnythingElse

// Benchmark Process Environment Information:
// BenchmarkDotNet v0.15.8
// Runtime=.NET 8.0.31 (8.0.31, 8.0.3126.42015), X64 RyuJIT x86-64-v4
// GC=Concurrent Workstation
// HardwareIntrinsics=AVX512 F+BW+CD+DQ+VL,AVX2+BMI1+BMI2+F16C+FMA+LZCNT+MOVBE,AVX,SSE3+SSSE3+SSE4.1+SSE4.2+POPCNT,X86Base+SSE+SSE2,AES+PCLMUL VectorSize=256
// Job: campaign(EvaluateOverhead=False, Clock=Armonik.Ffi.Bdn.CpuClock, IterationCount=6, IterationTime=40ms, LaunchCount=1, RunStrategy=Throughput, WarmupCount=25)

OverheadJitting  1: 1 op, 297542.00 ns, 297.5420 us/op
WorkloadJitting  1: 1 op, 4311669.00 ns, 4.3117 ms/op

WorkloadPilot    1: 4 op, 21265.00 ns, 5.3163 us/op
WorkloadPilot    2: 7524 op, 4289695.00 ns, 570.1349 ns/op
WorkloadPilot    3: 70159 op, 39938043.00 ns, 569.2505 ns/op
WorkloadPilot    4: 70268 op, 38878936.00 ns, 553.2950 ns/op
WorkloadPilot    5: 72294 op, 42124039.00 ns, 582.6768 ns/op
WorkloadPilot    6: 68649 op, 45239424.00 ns, 658.9961 ns/op
WorkloadPilot    7: 60698 op, 18473931.00 ns, 304.3582 ns/op
WorkloadPilot    8: 131424 op, 31697904.00 ns, 241.1881 ns/op
WorkloadPilot    9: 165846 op, 40106850.00 ns, 241.8319 ns/op

WorkloadWarmup   1: 165846 op, 41087333.00 ns, 247.7439 ns/op
WorkloadWarmup   2: 165846 op, 40045378.00 ns, 241.4612 ns/op
WorkloadWarmup   3: 165846 op, 40397751.00 ns, 243.5859 ns/op
WorkloadWarmup   4: 165846 op, 40284751.00 ns, 242.9046 ns/op
WorkloadWarmup   5: 165846 op, 40432316.00 ns, 243.7943 ns/op
WorkloadWarmup   6: 165846 op, 40198873.00 ns, 242.3868 ns/op
WorkloadWarmup   7: 165846 op, 40263424.00 ns, 242.7760 ns/op
WorkloadWarmup   8: 165846 op, 40199784.00 ns, 242.3922 ns/op
WorkloadWarmup   9: 165846 op, 40984193.00 ns, 247.1220 ns/op
WorkloadWarmup  10: 165846 op, 40750901.00 ns, 245.7153 ns/op
WorkloadWarmup  11: 165846 op, 40154270.00 ns, 242.1178 ns/op
WorkloadWarmup  12: 165846 op, 41041371.00 ns, 247.4668 ns/op
WorkloadWarmup  13: 165846 op, 40750527.00 ns, 245.7131 ns/op
WorkloadWarmup  14: 165846 op, 40738811.00 ns, 245.6424 ns/op
WorkloadWarmup  15: 165846 op, 41395743.00 ns, 249.6035 ns/op
WorkloadWarmup  16: 165846 op, 40272686.00 ns, 242.8318 ns/op
WorkloadWarmup  17: 165846 op, 41338020.00 ns, 249.2555 ns/op
WorkloadWarmup  18: 165846 op, 41769090.00 ns, 251.8547 ns/op
WorkloadWarmup  19: 165846 op, 40183561.00 ns, 242.2944 ns/op
WorkloadWarmup  20: 165846 op, 39977148.00 ns, 241.0498 ns/op
WorkloadWarmup  21: 165846 op, 42104934.00 ns, 253.8797 ns/op
WorkloadWarmup  22: 165846 op, 43570495.00 ns, 262.7166 ns/op
WorkloadWarmup  23: 165846 op, 39972513.00 ns, 241.0219 ns/op
WorkloadWarmup  24: 165846 op, 43599218.00 ns, 262.8898 ns/op
WorkloadWarmup  25: 165846 op, 41500800.00 ns, 250.2370 ns/op

// BeforeActualRun
WorkloadActual   1: 165846 op, 41528938.00 ns, 250.4066 ns/op
WorkloadActual   2: 165846 op, 41449716.00 ns, 249.9289 ns/op
WorkloadActual   3: 165846 op, 41375879.00 ns, 249.4837 ns/op
WorkloadActual   4: 165846 op, 40844194.00 ns, 246.2778 ns/op
WorkloadActual   5: 165846 op, 40122385.00 ns, 241.9256 ns/op
WorkloadActual   6: 165846 op, 39894655.00 ns, 240.5524 ns/op

// AfterActualRun
WorkloadResult   1: 165846 op, 41528938.00 ns, 250.4066 ns/op
WorkloadResult   2: 165846 op, 41449716.00 ns, 249.9289 ns/op
WorkloadResult   3: 165846 op, 41375879.00 ns, 249.4837 ns/op
WorkloadResult   4: 165846 op, 40844194.00 ns, 246.2778 ns/op
WorkloadResult   5: 165846 op, 40122385.00 ns, 241.9256 ns/op
WorkloadResult   6: 165846 op, 39894655.00 ns, 240.5524 ns/op
// GC:  0 0 0 0 165846
// Threading:  0 0 165846

// AfterAll
// Benchmark Process 4948 has exited with code 0.

Mean = 246.429 ns, StdErr = 1.753 ns (0.71%), N = 6, StdDev = 4.295 ns
Min = 240.552 ns, Q1 = 243.014 ns, Median = 247.881 ns, Q3 = 249.818 ns, Max = 250.407 ns
IQR = 6.804 ns, LowerFence = 232.808 ns, UpperFence = 260.024 ns
ConfidenceInterval = [234.385 ns; 258.474 ns] (CI 99.9%), Margin = 12.044 ns (4.89% of Mean)
Skewness = -0.34, Kurtosis = 1.02, MValue = 2

// ** Remained 38 (76.0 %) benchmark(s) to run. Estimated finish 2026-10-09 23:00 (0h 1m from now) **
// **************************
// Benchmark: CodecSuite.Run: campaign(EvaluateOverhead=False, Clock=Armonik.Ffi.Bdn.CpuClock, IterationCount=6, IterationTime=40ms, LaunchCount=1, RunStrategy=Throughput, WarmupCount=25) [Case=core-(...)|drop [40]]
// *** Execute ***
// Launch: 1 / 1
// Execute: dotnet BenchDotNet-campaign-1.dll --anonymousPipes 117 118 --benchmarkName "Armonik.Ffi.Bdn.CodecSuite.Run(Case: \"core-ffi|encode-core-hot|P5.1|ascii|drop\")" --job campaign --benchmarkId 12 in /home/user/ArmoniK.Api/ffi/poc/csharp/src/BenchDotNet/bin/Release/net8.0/BenchDotNet-campaign-1/bin/Release/net8.0
// BeforeAnythingElse

// Benchmark Process Environment Information:
// BenchmarkDotNet v0.15.8
// Runtime=.NET 8.0.31 (8.0.31, 8.0.3126.42015), X64 RyuJIT x86-64-v4
// GC=Concurrent Workstation
// HardwareIntrinsics=AVX512 F+BW+CD+DQ+VL,AVX2+BMI1+BMI2+F16C+FMA+LZCNT+MOVBE,AVX,SSE3+SSSE3+SSE4.1+SSE4.2+POPCNT,X86Base+SSE+SSE2,AES+PCLMUL VectorSize=256
// Job: campaign(EvaluateOverhead=False, Clock=Armonik.Ffi.Bdn.CpuClock, IterationCount=6, IterationTime=40ms, LaunchCount=1, RunStrategy=Throughput, WarmupCount=25)

OverheadJitting  1: 1 op, 247524.00 ns, 247.5240 us/op
WorkloadJitting  1: 1 op, 3424910.00 ns, 3.4249 ms/op

WorkloadPilot    1: 4 op, 9971.00 ns, 2.4928 us/op
WorkloadPilot    2: 16047 op, 4780324.00 ns, 297.8952 ns/op
WorkloadPilot    3: 134275 op, 38282377.00 ns, 285.1043 ns/op
WorkloadPilot    4: 140300 op, 39562935.00 ns, 281.9881 ns/op
WorkloadPilot    5: 141850 op, 39946533.00 ns, 281.6111 ns/op
WorkloadPilot    6: 142040 op, 28899002.00 ns, 203.4568 ns/op
WorkloadPilot    7: 196602 op, 20017490.00 ns, 101.8173 ns/op
WorkloadPilot    8: 392860 op, 39929690.00 ns, 101.6385 ns/op
WorkloadPilot    9: 393552 op, 39909810.00 ns, 101.4092 ns/op
WorkloadPilot   10: 394441 op, 40044527.00 ns, 101.5222 ns/op
WorkloadPilot   11: 394002 op, 39919535.00 ns, 101.3181 ns/op
WorkloadPilot   12: 394796 op, 40244094.00 ns, 101.9364 ns/op
WorkloadPilot   13: 392401 op, 40369970.00 ns, 102.8794 ns/op

WorkloadWarmup   1: 392401 op, 39837745.00 ns, 101.5230 ns/op
WorkloadWarmup   2: 392401 op, 39872653.00 ns, 101.6120 ns/op
WorkloadWarmup   3: 392401 op, 40256695.00 ns, 102.5907 ns/op
WorkloadWarmup   4: 392401 op, 39783361.00 ns, 101.3845 ns/op
WorkloadWarmup   5: 392401 op, 40044867.00 ns, 102.0509 ns/op
WorkloadWarmup   6: 392401 op, 40039423.00 ns, 102.0370 ns/op
WorkloadWarmup   7: 392401 op, 39839766.00 ns, 101.5282 ns/op
WorkloadWarmup   8: 392401 op, 40185617.00 ns, 102.4096 ns/op
WorkloadWarmup   9: 392401 op, 39836687.00 ns, 101.5204 ns/op
WorkloadWarmup  10: 392401 op, 39808772.00 ns, 101.4492 ns/op
WorkloadWarmup  11: 392401 op, 39742333.00 ns, 101.2799 ns/op
WorkloadWarmup  12: 392401 op, 39937455.00 ns, 101.7771 ns/op
WorkloadWarmup  13: 392401 op, 40005385.00 ns, 101.9503 ns/op
WorkloadWarmup  14: 392401 op, 39865278.00 ns, 101.5932 ns/op
WorkloadWarmup  15: 392401 op, 39813093.00 ns, 101.4602 ns/op
WorkloadWarmup  16: 392401 op, 39833675.00 ns, 101.5127 ns/op
WorkloadWarmup  17: 392401 op, 39902068.00 ns, 101.6870 ns/op
WorkloadWarmup  18: 392401 op, 39868810.00 ns, 101.6022 ns/op
WorkloadWarmup  19: 392401 op, 39815649.00 ns, 101.4667 ns/op
WorkloadWarmup  20: 392401 op, 39724034.00 ns, 101.2333 ns/op
WorkloadWarmup  21: 392401 op, 39794344.00 ns, 101.4124 ns/op
WorkloadWarmup  22: 392401 op, 40124928.00 ns, 102.2549 ns/op
WorkloadWarmup  23: 392401 op, 40243413.00 ns, 102.5569 ns/op
WorkloadWarmup  24: 392401 op, 39880037.00 ns, 101.6308 ns/op
WorkloadWarmup  25: 392401 op, 40059986.00 ns, 102.0894 ns/op

// BeforeActualRun
WorkloadActual   1: 392401 op, 39914040.00 ns, 101.7175 ns/op
WorkloadActual   2: 392401 op, 39974932.00 ns, 101.8727 ns/op
WorkloadActual   3: 392401 op, 40008824.00 ns, 101.9590 ns/op
WorkloadActual   4: 392401 op, 39932818.00 ns, 101.7653 ns/op
WorkloadActual   5: 392401 op, 39790869.00 ns, 101.4036 ns/op
WorkloadActual   6: 392401 op, 39866758.00 ns, 101.5970 ns/op

// AfterActualRun
WorkloadResult   1: 392401 op, 39914040.00 ns, 101.7175 ns/op
WorkloadResult   2: 392401 op, 39974932.00 ns, 101.8727 ns/op
WorkloadResult   3: 392401 op, 40008824.00 ns, 101.9590 ns/op
WorkloadResult   4: 392401 op, 39932818.00 ns, 101.7653 ns/op
WorkloadResult   5: 392401 op, 39790869.00 ns, 101.4036 ns/op
WorkloadResult   6: 392401 op, 39866758.00 ns, 101.5970 ns/op
// GC:  0 0 0 0 392401
// Threading:  0 0 392401

// AfterAll
// Benchmark Process 4957 has exited with code 0.

Mean = 101.719 ns, StdErr = 0.081 ns (0.08%), N = 6, StdDev = 0.199 ns
Min = 101.404 ns, Q1 = 101.627 ns, Median = 101.741 ns, Q3 = 101.846 ns, Max = 101.959 ns
IQR = 0.219 ns, LowerFence = 101.299 ns, UpperFence = 102.174 ns
ConfidenceInterval = [101.162 ns; 102.277 ns] (CI 99.9%), Margin = 0.558 ns (0.55% of Mean)
Skewness = -0.33, Kurtosis = 1.49, MValue = 2

// ** Remained 37 (74.0 %) benchmark(s) to run. Estimated finish 2026-10-09 23:00 (0h 1m from now) **
// **************************
// Benchmark: CodecSuite.Run: campaign(EvaluateOverhead=False, Clock=Armonik.Ffi.Bdn.CpuClock, IterationCount=6, IterationTime=40ms, LaunchCount=1, RunStrategy=Throughput, WarmupCount=25) [Case=core-(...)etain [43]]
// *** Execute ***
// Launch: 1 / 1
// Execute: dotnet BenchDotNet-campaign-1.dll --anonymousPipes 117 118 --benchmarkName "Armonik.Ffi.Bdn.CodecSuite.Run(Case: \"core-ffi|encode-core-hot|P2.2|latin1|retain\")" --job campaign --benchmarkId 13 in /home/user/ArmoniK.Api/ffi/poc/csharp/src/BenchDotNet/bin/Release/net8.0/BenchDotNet-campaign-1/bin/Release/net8.0
// BeforeAnythingElse

// Benchmark Process Environment Information:
// BenchmarkDotNet v0.15.8
// Runtime=.NET 8.0.31 (8.0.31, 8.0.3126.42015), X64 RyuJIT x86-64-v4
// GC=Concurrent Workstation
// HardwareIntrinsics=AVX512 F+BW+CD+DQ+VL,AVX2+BMI1+BMI2+F16C+FMA+LZCNT+MOVBE,AVX,SSE3+SSSE3+SSE4.1+SSE4.2+POPCNT,X86Base+SSE+SSE2,AES+PCLMUL VectorSize=256
// Job: campaign(EvaluateOverhead=False, Clock=Armonik.Ffi.Bdn.CpuClock, IterationCount=6, IterationTime=40ms, LaunchCount=1, RunStrategy=Throughput, WarmupCount=25)

OverheadJitting  1: 1 op, 320606.00 ns, 320.6060 us/op
WorkloadJitting  1: 1 op, 14321451.00 ns, 14.3215 ms/op

WorkloadPilot    1: 4 op, 17370355.00 ns, 4.3426 ms/op
WorkloadPilot    2: 9 op, 21512568.00 ns, 2.3903 ms/op
WorkloadPilot    3: 17 op, 25558680.00 ns, 1.5035 ms/op
WorkloadPilot    4: 27 op, 40252290.00 ns, 1.4908 ms/op

WorkloadWarmup   1: 27 op, 40834735.00 ns, 1.5124 ms/op
WorkloadWarmup   2: 27 op, 39390950.00 ns, 1.4589 ms/op
WorkloadWarmup   3: 27 op, 45018829.00 ns, 1.6674 ms/op
WorkloadWarmup   4: 27 op, 41283310.00 ns, 1.5290 ms/op
WorkloadWarmup   5: 27 op, 36700088.00 ns, 1.3593 ms/op
WorkloadWarmup   6: 27 op, 29829701.00 ns, 1.1048 ms/op
WorkloadWarmup   7: 27 op, 39620594.00 ns, 1.4674 ms/op
WorkloadWarmup   8: 27 op, 29643871.00 ns, 1.0979 ms/op
WorkloadWarmup   9: 27 op, 30614149.00 ns, 1.1339 ms/op
WorkloadWarmup  10: 27 op, 30813031.00 ns, 1.1412 ms/op
WorkloadWarmup  11: 27 op, 30742147.00 ns, 1.1386 ms/op
WorkloadWarmup  12: 27 op, 32838438.00 ns, 1.2162 ms/op
WorkloadWarmup  13: 27 op, 30023400.00 ns, 1.1120 ms/op
WorkloadWarmup  14: 27 op, 29775640.00 ns, 1.1028 ms/op
WorkloadWarmup  15: 27 op, 29690632.00 ns, 1.0997 ms/op
WorkloadWarmup  16: 27 op, 30107280.00 ns, 1.1151 ms/op
WorkloadWarmup  17: 27 op, 29696467.00 ns, 1.0999 ms/op
WorkloadWarmup  18: 27 op, 30829687.00 ns, 1.1418 ms/op
WorkloadWarmup  19: 27 op, 31828929.00 ns, 1.1788 ms/op
WorkloadWarmup  20: 27 op, 30910596.00 ns, 1.1448 ms/op
WorkloadWarmup  21: 27 op, 29718513.00 ns, 1.1007 ms/op
WorkloadWarmup  22: 27 op, 30085713.00 ns, 1.1143 ms/op
WorkloadWarmup  23: 27 op, 30325315.00 ns, 1.1232 ms/op
WorkloadWarmup  24: 27 op, 30237518.00 ns, 1.1199 ms/op
WorkloadWarmup  25: 27 op, 29806084.00 ns, 1.1039 ms/op

// BeforeActualRun
WorkloadActual   1: 27 op, 31718781.00 ns, 1.1748 ms/op
WorkloadActual   2: 27 op, 29965397.00 ns, 1.1098 ms/op
WorkloadActual   3: 27 op, 29961731.00 ns, 1.1097 ms/op
WorkloadActual   4: 27 op, 29806612.00 ns, 1.1039 ms/op
WorkloadActual   5: 27 op, 29928834.00 ns, 1.1085 ms/op
WorkloadActual   6: 27 op, 29593693.00 ns, 1.0961 ms/op

// AfterActualRun
WorkloadResult   1: 27 op, 29965397.00 ns, 1.1098 ms/op
WorkloadResult   2: 27 op, 29961731.00 ns, 1.1097 ms/op
WorkloadResult   3: 27 op, 29806612.00 ns, 1.1039 ms/op
WorkloadResult   4: 27 op, 29928834.00 ns, 1.1085 ms/op
WorkloadResult   5: 27 op, 29593693.00 ns, 1.0961 ms/op
// GC:  0 0 0 0 27
// Threading:  0 0 27

// AfterAll
// Benchmark Process 4966 has exited with code 0.

Mean = 1.106 ms, StdErr = 0.003 ms (0.24%), N = 5, StdDev = 0.006 ms
Min = 1.096 ms, Q1 = 1.104 ms, Median = 1.108 ms, Q3 = 1.110 ms, Max = 1.110 ms
IQR = 0.006 ms, LowerFence = 1.095 ms, UpperFence = 1.118 ms
ConfidenceInterval = [1.083 ms; 1.128 ms] (CI 99.9%), Margin = 0.023 ms (2.04% of Mean)
Skewness = -0.71, Kurtosis = 1.54, MValue = 2

// ** Remained 36 (72.0 %) benchmark(s) to run. Estimated finish 2026-10-09 23:00 (0h 1m from now) **
// **************************
// Benchmark: CodecSuite.Run: campaign(EvaluateOverhead=False, Clock=Armonik.Ffi.Bdn.CpuClock, IterationCount=6, IterationTime=40ms, LaunchCount=1, RunStrategy=Throughput, WarmupCount=25) [Case=core-(...)etain [83]]
// *** Execute ***
// Launch: 1 / 1
// Execute: dotnet BenchDotNet-campaign-1.dll --anonymousPipes 117 118 --benchmarkName "Armonik.Ffi.Bdn.CodecSuite.Run(Case: \"core-ffi|encode-core-hot|U-wire-UploadResultDataMessage-upload-as-wt5|corpus|retain\")" --job campaign --benchmarkId 14 in /home/user/ArmoniK.Api/ffi/poc/csharp/src/BenchDotNet/bin/Release/net8.0/BenchDotNet-campaign-1/bin/Release/net8.0
// BeforeAnythingElse

// Benchmark Process Environment Information:
// BenchmarkDotNet v0.15.8
// Runtime=.NET 8.0.31 (8.0.31, 8.0.3126.42015), X64 RyuJIT x86-64-v4
// GC=Concurrent Workstation
// HardwareIntrinsics=AVX512 F+BW+CD+DQ+VL,AVX2+BMI1+BMI2+F16C+FMA+LZCNT+MOVBE,AVX,SSE3+SSSE3+SSE4.1+SSE4.2+POPCNT,X86Base+SSE+SSE2,AES+PCLMUL VectorSize=256
// Job: campaign(EvaluateOverhead=False, Clock=Armonik.Ffi.Bdn.CpuClock, IterationCount=6, IterationTime=40ms, LaunchCount=1, RunStrategy=Throughput, WarmupCount=25)

OverheadJitting  1: 1 op, 270122.00 ns, 270.1220 us/op
WorkloadJitting  1: 1 op, 3037306.00 ns, 3.0373 ms/op

WorkloadPilot    1: 4 op, 14534.00 ns, 3.6335 us/op
WorkloadPilot    2: 11009 op, 3673649.00 ns, 333.6951 ns/op
WorkloadPilot    3: 119870 op, 37856200.00 ns, 315.8105 ns/op
WorkloadPilot    4: 126658 op, 39597209.00 ns, 312.6309 ns/op
WorkloadPilot    5: 127946 op, 40303520.00 ns, 315.0041 ns/op
WorkloadPilot    6: 126982 op, 37446110.00 ns, 294.8931 ns/op
WorkloadPilot    7: 135642 op, 15685544.00 ns, 115.6393 ns/op
WorkloadPilot    8: 345903 op, 39606180.00 ns, 114.5008 ns/op
WorkloadPilot    9: 349342 op, 40962164.00 ns, 117.2552 ns/op
WorkloadPilot   10: 341136 op, 40893336.00 ns, 119.8740 ns/op

WorkloadWarmup   1: 341136 op, 40043457.00 ns, 117.3827 ns/op
WorkloadWarmup   2: 341136 op, 39388058.00 ns, 115.4615 ns/op
WorkloadWarmup   3: 341136 op, 39017443.00 ns, 114.3750 ns/op
WorkloadWarmup   4: 341136 op, 39266885.00 ns, 115.1062 ns/op
WorkloadWarmup   5: 341136 op, 40348106.00 ns, 118.2757 ns/op
WorkloadWarmup   6: 341136 op, 38683256.00 ns, 113.3954 ns/op
WorkloadWarmup   7: 341136 op, 38732551.00 ns, 113.5399 ns/op
WorkloadWarmup   8: 341136 op, 38528860.00 ns, 112.9428 ns/op
WorkloadWarmup   9: 341136 op, 39009294.00 ns, 114.3512 ns/op
WorkloadWarmup  10: 341136 op, 38960419.00 ns, 114.2079 ns/op
WorkloadWarmup  11: 341136 op, 40487630.00 ns, 118.6847 ns/op
WorkloadWarmup  12: 341136 op, 38709073.00 ns, 113.4711 ns/op
WorkloadWarmup  13: 341136 op, 38677313.00 ns, 113.3780 ns/op
WorkloadWarmup  14: 341136 op, 38865872.00 ns, 113.9307 ns/op
WorkloadWarmup  15: 341136 op, 38589318.00 ns, 113.1200 ns/op
WorkloadWarmup  16: 341136 op, 38746731.00 ns, 113.5815 ns/op
WorkloadWarmup  17: 341136 op, 38852741.00 ns, 113.8922 ns/op
WorkloadWarmup  18: 341136 op, 38614048.00 ns, 113.1925 ns/op
WorkloadWarmup  19: 341136 op, 38558151.00 ns, 113.0287 ns/op
WorkloadWarmup  20: 341136 op, 38706835.00 ns, 113.4645 ns/op
WorkloadWarmup  21: 341136 op, 39432972.00 ns, 115.5931 ns/op
WorkloadWarmup  22: 341136 op, 39077198.00 ns, 114.5502 ns/op
WorkloadWarmup  23: 341136 op, 38772271.00 ns, 113.6563 ns/op
WorkloadWarmup  24: 341136 op, 38662444.00 ns, 113.3344 ns/op
WorkloadWarmup  25: 341136 op, 38727006.00 ns, 113.5237 ns/op

// BeforeActualRun
WorkloadActual   1: 341136 op, 45818300.00 ns, 134.3109 ns/op
WorkloadActual   2: 341136 op, 38634599.00 ns, 113.2528 ns/op
WorkloadActual   3: 341136 op, 38660869.00 ns, 113.3298 ns/op
WorkloadActual   4: 341136 op, 38592639.00 ns, 113.1298 ns/op
WorkloadActual   5: 341136 op, 38652798.00 ns, 113.3061 ns/op
WorkloadActual   6: 341136 op, 38823744.00 ns, 113.8072 ns/op

// AfterActualRun
WorkloadResult   1: 341136 op, 38634599.00 ns, 113.2528 ns/op
WorkloadResult   2: 341136 op, 38660869.00 ns, 113.3298 ns/op
WorkloadResult   3: 341136 op, 38592639.00 ns, 113.1298 ns/op
WorkloadResult   4: 341136 op, 38652798.00 ns, 113.3061 ns/op
WorkloadResult   5: 341136 op, 38823744.00 ns, 113.8072 ns/op
// GC:  0 0 0 0 341136
// Threading:  0 0 341136

// AfterAll
// Benchmark Process 4978 has exited with code 0.

Mean = 113.365 ns, StdErr = 0.116 ns (0.10%), N = 5, StdDev = 0.259 ns
Min = 113.130 ns, Q1 = 113.253 ns, Median = 113.306 ns, Q3 = 113.330 ns, Max = 113.807 ns
IQR = 0.077 ns, LowerFence = 113.137 ns, UpperFence = 113.445 ns
ConfidenceInterval = [112.368 ns; 114.362 ns] (CI 99.9%), Margin = 0.997 ns (0.88% of Mean)
Skewness = 0.83, Kurtosis = 1.84, MValue = 2

// ** Remained 35 (70.0 %) benchmark(s) to run. Estimated finish 2026-10-09 23:00 (0h 1m from now) **
// **************************
// Benchmark: CodecSuite.Run: campaign(EvaluateOverhead=False, Clock=Armonik.Ffi.Bdn.CpuClock, IterationCount=6, IterationTime=40ms, LaunchCount=1, RunStrategy=Throughput, WarmupCount=25) [Case=core-(...)|drop [39]]
// *** Execute ***
// Launch: 1 / 1
// Execute: dotnet BenchDotNet-campaign-1.dll --anonymousPipes 117 118 --benchmarkName "Armonik.Ffi.Bdn.CodecSuite.Run(Case: \"core-ffi|encode-core-hot|P2.2|wide|drop\")" --job campaign --benchmarkId 15 in /home/user/ArmoniK.Api/ffi/poc/csharp/src/BenchDotNet/bin/Release/net8.0/BenchDotNet-campaign-1/bin/Release/net8.0
// BeforeAnythingElse

// Benchmark Process Environment Information:
// BenchmarkDotNet v0.15.8
// Runtime=.NET 8.0.31 (8.0.31, 8.0.3126.42015), X64 RyuJIT x86-64-v4
// GC=Concurrent Workstation
// HardwareIntrinsics=AVX512 F+BW+CD+DQ+VL,AVX2+BMI1+BMI2+F16C+FMA+LZCNT+MOVBE,AVX,SSE3+SSSE3+SSE4.1+SSE4.2+POPCNT,X86Base+SSE+SSE2,AES+PCLMUL VectorSize=256
// Job: campaign(EvaluateOverhead=False, Clock=Armonik.Ffi.Bdn.CpuClock, IterationCount=6, IterationTime=40ms, LaunchCount=1, RunStrategy=Throughput, WarmupCount=25)

OverheadJitting  1: 1 op, 257013.00 ns, 257.0130 us/op
WorkloadJitting  1: 1 op, 14732875.00 ns, 14.7329 ms/op

WorkloadPilot    1: 4 op, 17806544.00 ns, 4.4516 ms/op
WorkloadPilot    2: 9 op, 34247686.00 ns, 3.8053 ms/op
WorkloadPilot    3: 11 op, 21309642.00 ns, 1.9372 ms/op
WorkloadPilot    4: 21 op, 36558873.00 ns, 1.7409 ms/op
WorkloadPilot    5: 23 op, 43428821.00 ns, 1.8882 ms/op
WorkloadPilot    6: 21 op, 58526527.00 ns, 2.7870 ms/op
WorkloadPilot    7: 14 op, 21529860.00 ns, 1.5378 ms/op
WorkloadPilot    8: 26 op, 66479512.00 ns, 2.5569 ms/op

WorkloadWarmup   1: 26 op, 37687742.00 ns, 1.4495 ms/op
WorkloadWarmup   2: 26 op, 36553064.00 ns, 1.4059 ms/op
WorkloadWarmup   3: 26 op, 38924217.00 ns, 1.4971 ms/op
WorkloadWarmup   4: 26 op, 37239368.00 ns, 1.4323 ms/op
WorkloadWarmup   5: 26 op, 37328685.00 ns, 1.4357 ms/op
WorkloadWarmup   6: 26 op, 37106848.00 ns, 1.4272 ms/op
WorkloadWarmup   7: 26 op, 36613822.00 ns, 1.4082 ms/op
WorkloadWarmup   8: 26 op, 35794751.00 ns, 1.3767 ms/op
WorkloadWarmup   9: 26 op, 36118924.00 ns, 1.3892 ms/op
WorkloadWarmup  10: 26 op, 42582737.00 ns, 1.6378 ms/op
WorkloadWarmup  11: 26 op, 37322036.00 ns, 1.4355 ms/op
WorkloadWarmup  12: 26 op, 60892576.00 ns, 2.3420 ms/op
WorkloadWarmup  13: 26 op, 36159628.00 ns, 1.3908 ms/op
WorkloadWarmup  14: 26 op, 37871203.00 ns, 1.4566 ms/op
WorkloadWarmup  15: 26 op, 37242117.00 ns, 1.4324 ms/op
WorkloadWarmup  16: 26 op, 37989315.00 ns, 1.4611 ms/op
WorkloadWarmup  17: 26 op, 42696929.00 ns, 1.6422 ms/op
WorkloadWarmup  18: 26 op, 37492016.00 ns, 1.4420 ms/op
WorkloadWarmup  19: 26 op, 37131372.00 ns, 1.4281 ms/op
WorkloadWarmup  20: 26 op, 36418770.00 ns, 1.4007 ms/op
WorkloadWarmup  21: 26 op, 36790344.00 ns, 1.4150 ms/op
WorkloadWarmup  22: 26 op, 36681527.00 ns, 1.4108 ms/op
WorkloadWarmup  23: 26 op, 36995599.00 ns, 1.4229 ms/op
WorkloadWarmup  24: 26 op, 36438157.00 ns, 1.4015 ms/op
WorkloadWarmup  25: 26 op, 37111287.00 ns, 1.4274 ms/op

// BeforeActualRun
WorkloadActual   1: 26 op, 36646252.00 ns, 1.4095 ms/op
WorkloadActual   2: 26 op, 36957437.00 ns, 1.4214 ms/op
WorkloadActual   3: 26 op, 36650722.00 ns, 1.4096 ms/op
WorkloadActual   4: 26 op, 36685959.00 ns, 1.4110 ms/op
WorkloadActual   5: 26 op, 38511504.00 ns, 1.4812 ms/op
WorkloadActual   6: 26 op, 38252313.00 ns, 1.4712 ms/op

// AfterActualRun
WorkloadResult   1: 26 op, 36646252.00 ns, 1.4095 ms/op
WorkloadResult   2: 26 op, 36957437.00 ns, 1.4214 ms/op
WorkloadResult   3: 26 op, 36650722.00 ns, 1.4096 ms/op
WorkloadResult   4: 26 op, 36685959.00 ns, 1.4110 ms/op
WorkloadResult   5: 26 op, 38511504.00 ns, 1.4812 ms/op
WorkloadResult   6: 26 op, 38252313.00 ns, 1.4712 ms/op
// GC:  0 0 0 0 26
// Threading:  0 0 26

// AfterAll
// Benchmark Process 4987 has exited with code 0.

Mean = 1.434 ms, StdErr = 0.014 ms (0.94%), N = 6, StdDev = 0.033 ms
Min = 1.409 ms, Q1 = 1.410 ms, Median = 1.416 ms, Q3 = 1.459 ms, Max = 1.481 ms
IQR = 0.049 ms, LowerFence = 1.337 ms, UpperFence = 1.532 ms
ConfidenceInterval = [1.341 ms; 1.527 ms] (CI 99.9%), Margin = 0.093 ms (6.48% of Mean)
Skewness = 0.52, Kurtosis = 1.09, MValue = 2

// ** Remained 34 (68.0 %) benchmark(s) to run. Estimated finish 2026-10-09 23:00 (0h 0m from now) **
// **************************
// Benchmark: CodecSuite.Run: campaign(EvaluateOverhead=False, Clock=Armonik.Ffi.Bdn.CpuClock, IterationCount=6, IterationTime=40ms, LaunchCount=1, RunStrategy=Throughput, WarmupCount=25) [Case=core-(...)|drop [40]]
// *** Execute ***
// Launch: 1 / 1
// Execute: dotnet BenchDotNet-campaign-1.dll --anonymousPipes 117 118 --benchmarkName "Armonik.Ffi.Bdn.CodecSuite.Run(Case: \"core-ffi|encode-core-hot|P5.4|ascii|drop\")" --job campaign --benchmarkId 16 in /home/user/ArmoniK.Api/ffi/poc/csharp/src/BenchDotNet/bin/Release/net8.0/BenchDotNet-campaign-1/bin/Release/net8.0
// BeforeAnythingElse

// Benchmark Process Environment Information:
// BenchmarkDotNet v0.15.8
// Runtime=.NET 8.0.31 (8.0.31, 8.0.3126.42015), X64 RyuJIT x86-64-v4
// GC=Concurrent Workstation
// HardwareIntrinsics=AVX512 F+BW+CD+DQ+VL,AVX2+BMI1+BMI2+F16C+FMA+LZCNT+MOVBE,AVX,SSE3+SSSE3+SSE4.1+SSE4.2+POPCNT,X86Base+SSE+SSE2,AES+PCLMUL VectorSize=256
// Job: campaign(EvaluateOverhead=False, Clock=Armonik.Ffi.Bdn.CpuClock, IterationCount=6, IterationTime=40ms, LaunchCount=1, RunStrategy=Throughput, WarmupCount=25)

OverheadJitting  1: 1 op, 256469.00 ns, 256.4690 us/op
WorkloadJitting  1: 1 op, 6798258.00 ns, 6.7983 ms/op

WorkloadPilot    1: 4 op, 2098187.00 ns, 524.5468 us/op
WorkloadPilot    2: 76 op, 24147559.00 ns, 317.7310 us/op
WorkloadPilot    3: 126 op, 39382379.00 ns, 312.5586 us/op
WorkloadPilot    4: 128 op, 40146374.00 ns, 313.6435 us/op

WorkloadWarmup   1: 128 op, 40376565.00 ns, 315.4419 us/op
WorkloadWarmup   2: 128 op, 40139863.00 ns, 313.5927 us/op
WorkloadWarmup   3: 128 op, 40105411.00 ns, 313.3235 us/op
WorkloadWarmup   4: 128 op, 40666410.00 ns, 317.7063 us/op
WorkloadWarmup   5: 128 op, 41081724.00 ns, 320.9510 us/op
WorkloadWarmup   6: 128 op, 40424346.00 ns, 315.8152 us/op
WorkloadWarmup   7: 128 op, 40134457.00 ns, 313.5504 us/op
WorkloadWarmup   8: 128 op, 40306224.00 ns, 314.8924 us/op
WorkloadWarmup   9: 128 op, 40215349.00 ns, 314.1824 us/op
WorkloadWarmup  10: 128 op, 40358117.00 ns, 315.2978 us/op
WorkloadWarmup  11: 128 op, 39808106.00 ns, 311.0008 us/op
WorkloadWarmup  12: 128 op, 40593393.00 ns, 317.1359 us/op
WorkloadWarmup  13: 128 op, 40082293.00 ns, 313.1429 us/op
WorkloadWarmup  14: 128 op, 39822897.00 ns, 311.1164 us/op
WorkloadWarmup  15: 128 op, 40261390.00 ns, 314.5421 us/op
WorkloadWarmup  16: 128 op, 40048103.00 ns, 312.8758 us/op
WorkloadWarmup  17: 128 op, 35422437.00 ns, 276.7378 us/op
WorkloadWarmup  18: 128 op, 34893337.00 ns, 272.6042 us/op
WorkloadWarmup  19: 128 op, 34903038.00 ns, 272.6800 us/op
WorkloadWarmup  20: 128 op, 37222900.00 ns, 290.8039 us/op
WorkloadWarmup  21: 128 op, 35242444.00 ns, 275.3316 us/op
WorkloadWarmup  22: 128 op, 35119775.00 ns, 274.3732 us/op
WorkloadWarmup  23: 128 op, 35274840.00 ns, 275.5847 us/op
WorkloadWarmup  24: 128 op, 32876839.00 ns, 256.8503 us/op
WorkloadWarmup  25: 128 op, 40053821.00 ns, 312.9205 us/op

// BeforeActualRun
WorkloadActual   1: 128 op, 39539491.00 ns, 308.9023 us/op
WorkloadActual   2: 128 op, 39325520.00 ns, 307.2306 us/op
WorkloadActual   3: 128 op, 39385739.00 ns, 307.7011 us/op
WorkloadActual   4: 128 op, 39457786.00 ns, 308.2640 us/op
WorkloadActual   5: 128 op, 39433779.00 ns, 308.0764 us/op
WorkloadActual   6: 128 op, 39560387.00 ns, 309.0655 us/op

// AfterActualRun
WorkloadResult   1: 128 op, 39539491.00 ns, 308.9023 us/op
WorkloadResult   2: 128 op, 39325520.00 ns, 307.2306 us/op
WorkloadResult   3: 128 op, 39385739.00 ns, 307.7011 us/op
WorkloadResult   4: 128 op, 39457786.00 ns, 308.2640 us/op
WorkloadResult   5: 128 op, 39433779.00 ns, 308.0764 us/op
WorkloadResult   6: 128 op, 39560387.00 ns, 309.0655 us/op
// GC:  0 0 0 0 128
// Threading:  0 0 128

// AfterAll
// Benchmark Process 4998 has exited with code 0.

Mean = 308.207 us, StdErr = 0.286 us (0.09%), N = 6, StdDev = 0.700 us
Min = 307.231 us, Q1 = 307.795 us, Median = 308.170 us, Q3 = 308.743 us, Max = 309.066 us
IQR = 0.948 us, LowerFence = 306.373 us, UpperFence = 310.164 us
ConfidenceInterval = [306.244 us; 310.170 us] (CI 99.9%), Margin = 1.963 us (0.64% of Mean)
Skewness = -0.04, Kurtosis = 1.22, MValue = 2

// ** Remained 33 (66.0 %) benchmark(s) to run. Estimated finish 2026-10-09 23:00 (0h 0m from now) **
// **************************
// Benchmark: CodecSuite.Run: campaign(EvaluateOverhead=False, Clock=Armonik.Ffi.Bdn.CpuClock, IterationCount=6, IterationTime=40ms, LaunchCount=1, RunStrategy=Throughput, WarmupCount=25) [Case=core-(...)|drop [40]]
// *** Execute ***
// Launch: 1 / 1
// Execute: dotnet BenchDotNet-campaign-1.dll --anonymousPipes 117 118 --benchmarkName "Armonik.Ffi.Bdn.CodecSuite.Run(Case: \"core-ffi|encode-core-hot|P2.2|ascii|drop\")" --job campaign --benchmarkId 17 in /home/user/ArmoniK.Api/ffi/poc/csharp/src/BenchDotNet/bin/Release/net8.0/BenchDotNet-campaign-1/bin/Release/net8.0
// BeforeAnythingElse

// Benchmark Process Environment Information:
// BenchmarkDotNet v0.15.8
// Runtime=.NET 8.0.31 (8.0.31, 8.0.3126.42015), X64 RyuJIT x86-64-v4
// GC=Concurrent Workstation
// HardwareIntrinsics=AVX512 F+BW+CD+DQ+VL,AVX2+BMI1+BMI2+F16C+FMA+LZCNT+MOVBE,AVX,SSE3+SSSE3+SSE4.1+SSE4.2+POPCNT,X86Base+SSE+SSE2,AES+PCLMUL VectorSize=256
// Job: campaign(EvaluateOverhead=False, Clock=Armonik.Ffi.Bdn.CpuClock, IterationCount=6, IterationTime=40ms, LaunchCount=1, RunStrategy=Throughput, WarmupCount=25)

OverheadJitting  1: 1 op, 250737.00 ns, 250.7370 us/op
WorkloadJitting  1: 1 op, 12507851.00 ns, 12.5079 ms/op

WorkloadPilot    1: 4 op, 14587695.00 ns, 3.6469 ms/op
WorkloadPilot    2: 11 op, 20288747.00 ns, 1.8444 ms/op
WorkloadPilot    3: 22 op, 27188814.00 ns, 1.2359 ms/op
WorkloadPilot    4: 32 op, 39133987.00 ns, 1.2229 ms/op

WorkloadWarmup   1: 32 op, 38777709.00 ns, 1.2118 ms/op
WorkloadWarmup   2: 32 op, 38559112.00 ns, 1.2050 ms/op
WorkloadWarmup   3: 32 op, 38781265.00 ns, 1.2119 ms/op
WorkloadWarmup   4: 32 op, 35021981.00 ns, 1.0944 ms/op
WorkloadWarmup   5: 32 op, 44545551.00 ns, 1.3920 ms/op
WorkloadWarmup   6: 32 op, 26985181.00 ns, 843.2869 us/op
WorkloadWarmup   7: 32 op, 26850712.00 ns, 839.0848 us/op
WorkloadWarmup   8: 32 op, 26796009.00 ns, 837.3753 us/op
WorkloadWarmup   9: 32 op, 26752558.00 ns, 836.0174 us/op
WorkloadWarmup  10: 32 op, 26859226.00 ns, 839.3508 us/op
WorkloadWarmup  11: 32 op, 27256473.00 ns, 851.7648 us/op
WorkloadWarmup  12: 32 op, 26914406.00 ns, 841.0752 us/op
WorkloadWarmup  13: 32 op, 26841362.00 ns, 838.7926 us/op
WorkloadWarmup  14: 32 op, 26899084.00 ns, 840.5964 us/op
WorkloadWarmup  15: 32 op, 27043406.00 ns, 845.1064 us/op
WorkloadWarmup  16: 32 op, 27024126.00 ns, 844.5039 us/op
WorkloadWarmup  17: 32 op, 27505023.00 ns, 859.5320 us/op
WorkloadWarmup  18: 32 op, 27601315.00 ns, 862.5411 us/op
WorkloadWarmup  19: 32 op, 27374635.00 ns, 855.4573 us/op
WorkloadWarmup  20: 32 op, 27678736.00 ns, 864.9605 us/op
WorkloadWarmup  21: 32 op, 27061300.00 ns, 845.6656 us/op
WorkloadWarmup  22: 32 op, 27357935.00 ns, 854.9355 us/op
WorkloadWarmup  23: 32 op, 27004557.00 ns, 843.8924 us/op
WorkloadWarmup  24: 32 op, 26502170.00 ns, 828.1928 us/op
WorkloadWarmup  25: 32 op, 27596982.00 ns, 862.4057 us/op

// BeforeActualRun
WorkloadActual   1: 32 op, 28058690.00 ns, 876.8341 us/op
WorkloadActual   2: 32 op, 26847516.00 ns, 838.9849 us/op
WorkloadActual   3: 32 op, 26793537.00 ns, 837.2980 us/op
WorkloadActual   4: 32 op, 27525209.00 ns, 860.1628 us/op
WorkloadActual   5: 32 op, 27086238.00 ns, 846.4449 us/op
WorkloadActual   6: 32 op, 27990414.00 ns, 874.7004 us/op

// AfterActualRun
WorkloadResult   1: 32 op, 28058690.00 ns, 876.8341 us/op
WorkloadResult   2: 32 op, 26847516.00 ns, 838.9849 us/op
WorkloadResult   3: 32 op, 26793537.00 ns, 837.2980 us/op
WorkloadResult   4: 32 op, 27525209.00 ns, 860.1628 us/op
WorkloadResult   5: 32 op, 27086238.00 ns, 846.4449 us/op
WorkloadResult   6: 32 op, 27990414.00 ns, 874.7004 us/op
// GC:  0 0 0 0 32
// Threading:  0 0 32

// AfterAll
// Benchmark Process 5014 has exited with code 0.

Mean = 855.738 us, StdErr = 7.144 us (0.83%), N = 6, StdDev = 17.500 us
Min = 837.298 us, Q1 = 840.850 us, Median = 853.304 us, Q3 = 871.066 us, Max = 876.834 us
IQR = 30.216 us, LowerFence = 795.526 us, UpperFence = 916.390 us
ConfidenceInterval = [806.664 us; 904.811 us] (CI 99.9%), Margin = 49.073 us (5.73% of Mean)
Skewness = 0.14, Kurtosis = 0.94, MValue = 2

// ** Remained 32 (64.0 %) benchmark(s) to run. Estimated finish 2026-10-09 23:00 (0h 0m from now) **
// **************************
// Benchmark: CodecSuite.Run: campaign(EvaluateOverhead=False, Clock=Armonik.Ffi.Bdn.CpuClock, IterationCount=6, IterationTime=40ms, LaunchCount=1, RunStrategy=Throughput, WarmupCount=25) [Case=core-(...)etain [42]]
// *** Execute ***
// Launch: 1 / 1
// Execute: dotnet BenchDotNet-campaign-1.dll --anonymousPipes 117 118 --benchmarkName "Armonik.Ffi.Bdn.CodecSuite.Run(Case: \"core-ffi|encode-core-hot|P1.3|ascii|retain\")" --job campaign --benchmarkId 18 in /home/user/ArmoniK.Api/ffi/poc/csharp/src/BenchDotNet/bin/Release/net8.0/BenchDotNet-campaign-1/bin/Release/net8.0
// BeforeAnythingElse

// Benchmark Process Environment Information:
// BenchmarkDotNet v0.15.8
// Runtime=.NET 8.0.31 (8.0.31, 8.0.3126.42015), X64 RyuJIT x86-64-v4
// GC=Concurrent Workstation
// HardwareIntrinsics=AVX512 F+BW+CD+DQ+VL,AVX2+BMI1+BMI2+F16C+FMA+LZCNT+MOVBE,AVX,SSE3+SSSE3+SSE4.1+SSE4.2+POPCNT,X86Base+SSE+SSE2,AES+PCLMUL VectorSize=256
// Job: campaign(EvaluateOverhead=False, Clock=Armonik.Ffi.Bdn.CpuClock, IterationCount=6, IterationTime=40ms, LaunchCount=1, RunStrategy=Throughput, WarmupCount=25)

OverheadJitting  1: 1 op, 276210.00 ns, 276.2100 us/op
WorkloadJitting  1: 1 op, 4160745.00 ns, 4.1607 ms/op

WorkloadPilot    1: 4 op, 118179.00 ns, 29.5448 us/op
WorkloadPilot    2: 1354 op, 32531173.00 ns, 24.0260 us/op
WorkloadPilot    3: 1665 op, 39771820.00 ns, 23.8870 us/op
WorkloadPilot    4: 1675 op, 39964265.00 ns, 23.8593 us/op

WorkloadWarmup   1: 1675 op, 39990914.00 ns, 23.8752 us/op
WorkloadWarmup   2: 1675 op, 40041942.00 ns, 23.9056 us/op
WorkloadWarmup   3: 1675 op, 43362350.00 ns, 25.8880 us/op
WorkloadWarmup   4: 1675 op, 26566544.00 ns, 15.8606 us/op
WorkloadWarmup   5: 1675 op, 26545438.00 ns, 15.8480 us/op
WorkloadWarmup   6: 1675 op, 26525680.00 ns, 15.8362 us/op
WorkloadWarmup   7: 1675 op, 26585757.00 ns, 15.8721 us/op
WorkloadWarmup   8: 1675 op, 26598822.00 ns, 15.8799 us/op
WorkloadWarmup   9: 1675 op, 26588182.00 ns, 15.8735 us/op
WorkloadWarmup  10: 1675 op, 26634679.00 ns, 15.9013 us/op
WorkloadWarmup  11: 1675 op, 26899994.00 ns, 16.0597 us/op
WorkloadWarmup  12: 1675 op, 26636832.00 ns, 15.9026 us/op
WorkloadWarmup  13: 1675 op, 26708684.00 ns, 15.9455 us/op
WorkloadWarmup  14: 1675 op, 26862722.00 ns, 16.0374 us/op
WorkloadWarmup  15: 1675 op, 26628994.00 ns, 15.8979 us/op
WorkloadWarmup  16: 1675 op, 26563148.00 ns, 15.8586 us/op
WorkloadWarmup  17: 1675 op, 26574213.00 ns, 15.8652 us/op
WorkloadWarmup  18: 1675 op, 26811021.00 ns, 16.0066 us/op
WorkloadWarmup  19: 1675 op, 26622627.00 ns, 15.8941 us/op
WorkloadWarmup  20: 1675 op, 26917191.00 ns, 16.0700 us/op
WorkloadWarmup  21: 1675 op, 26644361.00 ns, 15.9071 us/op
WorkloadWarmup  22: 1675 op, 26722810.00 ns, 15.9539 us/op
WorkloadWarmup  23: 1675 op, 26822050.00 ns, 16.0132 us/op
WorkloadWarmup  24: 1675 op, 26592776.00 ns, 15.8763 us/op
WorkloadWarmup  25: 1675 op, 26907776.00 ns, 16.0643 us/op

// BeforeActualRun
WorkloadActual   1: 1675 op, 26790753.00 ns, 15.9945 us/op
WorkloadActual   2: 1675 op, 26569950.00 ns, 15.8627 us/op
WorkloadActual   3: 1675 op, 26556130.00 ns, 15.8544 us/op
WorkloadActual   4: 1675 op, 26645120.00 ns, 15.9075 us/op
WorkloadActual   5: 1675 op, 29197366.00 ns, 17.4313 us/op
WorkloadActual   6: 1675 op, 26532858.00 ns, 15.8405 us/op

// AfterActualRun
WorkloadResult   1: 1675 op, 26790753.00 ns, 15.9945 us/op
WorkloadResult   2: 1675 op, 26569950.00 ns, 15.8627 us/op
WorkloadResult   3: 1675 op, 26556130.00 ns, 15.8544 us/op
WorkloadResult   4: 1675 op, 26645120.00 ns, 15.9075 us/op
WorkloadResult   5: 1675 op, 26532858.00 ns, 15.8405 us/op
// GC:  0 0 0 0 1675
// Threading:  0 0 1675

// AfterAll
// Benchmark Process 5025 has exited with code 0.

Mean = 15.892 us, StdErr = 0.028 us (0.18%), N = 5, StdDev = 0.063 us
Min = 15.841 us, Q1 = 15.854 us, Median = 15.863 us, Q3 = 15.908 us, Max = 15.994 us
IQR = 0.053 us, LowerFence = 15.775 us, UpperFence = 15.987 us
ConfidenceInterval = [15.651 us; 16.133 us] (CI 99.9%), Margin = 0.241 us (1.52% of Mean)
Skewness = 0.71, Kurtosis = 1.57, MValue = 2

// ** Remained 31 (62.0 %) benchmark(s) to run. Estimated finish 2026-10-09 23:00 (0h 0m from now) **
// **************************
// Benchmark: CodecSuite.Run: campaign(EvaluateOverhead=False, Clock=Armonik.Ffi.Bdn.CpuClock, IterationCount=6, IterationTime=40ms, LaunchCount=1, RunStrategy=Throughput, WarmupCount=25) [Case=core-(...)|drop [78]]
// *** Execute ***
// Launch: 1 / 1
// Execute: dotnet BenchDotNet-campaign-1.dll --anonymousPipes 117 118 --benchmarkName "Armonik.Ffi.Bdn.CodecSuite.Run(Case: \"core-ffi|encode-core-hot|U-wire-ListMetricsResponse-batches-as-wt0|corpus|drop\")" --job campaign --benchmarkId 19 in /home/user/ArmoniK.Api/ffi/poc/csharp/src/BenchDotNet/bin/Release/net8.0/BenchDotNet-campaign-1/bin/Release/net8.0
// BeforeAnythingElse

// Benchmark Process Environment Information:
// BenchmarkDotNet v0.15.8
// Runtime=.NET 8.0.31 (8.0.31, 8.0.3126.42015), X64 RyuJIT x86-64-v4
// GC=Concurrent Workstation
// HardwareIntrinsics=AVX512 F+BW+CD+DQ+VL,AVX2+BMI1+BMI2+F16C+FMA+LZCNT+MOVBE,AVX,SSE3+SSSE3+SSE4.1+SSE4.2+POPCNT,X86Base+SSE+SSE2,AES+PCLMUL VectorSize=256
// Job: campaign(EvaluateOverhead=False, Clock=Armonik.Ffi.Bdn.CpuClock, IterationCount=6, IterationTime=40ms, LaunchCount=1, RunStrategy=Throughput, WarmupCount=25)

OverheadJitting  1: 1 op, 288515.00 ns, 288.5150 us/op
WorkloadJitting  1: 1 op, 6903689.00 ns, 6.9037 ms/op

WorkloadPilot    1: 4 op, 44032.00 ns, 11.0080 us/op
WorkloadPilot    2: 3634 op, 16839801.00 ns, 4.6340 us/op
WorkloadPilot    3: 8632 op, 37284933.00 ns, 4.3194 us/op
WorkloadPilot    4: 9261 op, 39605764.00 ns, 4.2766 us/op
WorkloadPilot    5: 9353 op, 39474292.00 ns, 4.2205 us/op
WorkloadPilot    6: 9478 op, 33490980.00 ns, 3.5335 us/op
WorkloadPilot    7: 11320 op, 15141523.00 ns, 1.3376 us/op
WorkloadPilot    8: 29905 op, 40028620.00 ns, 1.3385 us/op
WorkloadPilot    9: 29884 op, 40022217.00 ns, 1.3393 us/op
WorkloadPilot   10: 29867 op, 39939140.00 ns, 1.3372 us/op
WorkloadPilot   11: 29913 op, 40555904.00 ns, 1.3558 us/op

WorkloadWarmup   1: 29913 op, 40219374.00 ns, 1.3445 us/op
WorkloadWarmup   2: 29913 op, 39836064.00 ns, 1.3317 us/op
WorkloadWarmup   3: 29913 op, 39956283.00 ns, 1.3357 us/op
WorkloadWarmup   4: 29913 op, 39938196.00 ns, 1.3351 us/op
WorkloadWarmup   5: 29913 op, 39931120.00 ns, 1.3349 us/op
WorkloadWarmup   6: 29913 op, 39893975.00 ns, 1.3337 us/op
WorkloadWarmup   7: 29913 op, 40056510.00 ns, 1.3391 us/op
WorkloadWarmup   8: 29913 op, 39897666.00 ns, 1.3338 us/op
WorkloadWarmup   9: 29913 op, 39957565.00 ns, 1.3358 us/op
WorkloadWarmup  10: 29913 op, 40217473.00 ns, 1.3445 us/op
WorkloadWarmup  11: 29913 op, 40279131.00 ns, 1.3465 us/op
WorkloadWarmup  12: 29913 op, 39824754.00 ns, 1.3314 us/op
WorkloadWarmup  13: 29913 op, 39868091.00 ns, 1.3328 us/op
WorkloadWarmup  14: 29913 op, 43804243.00 ns, 1.4644 us/op
WorkloadWarmup  15: 29913 op, 40028661.00 ns, 1.3382 us/op
WorkloadWarmup  16: 29913 op, 40828979.00 ns, 1.3649 us/op
WorkloadWarmup  17: 29913 op, 40363656.00 ns, 1.3494 us/op
WorkloadWarmup  18: 29913 op, 46111134.00 ns, 1.5415 us/op
WorkloadWarmup  19: 29913 op, 39983464.00 ns, 1.3367 us/op
WorkloadWarmup  20: 29913 op, 40185941.00 ns, 1.3434 us/op
WorkloadWarmup  21: 29913 op, 40312321.00 ns, 1.3477 us/op
WorkloadWarmup  22: 29913 op, 40818990.00 ns, 1.3646 us/op
WorkloadWarmup  23: 29913 op, 40980369.00 ns, 1.3700 us/op
WorkloadWarmup  24: 29913 op, 40811928.00 ns, 1.3644 us/op
WorkloadWarmup  25: 29913 op, 61852041.00 ns, 2.0677 us/op

// BeforeActualRun
WorkloadActual   1: 29913 op, 41348985.00 ns, 1.3823 us/op
WorkloadActual   2: 29913 op, 39968127.00 ns, 1.3361 us/op
WorkloadActual   3: 29913 op, 40308279.00 ns, 1.3475 us/op
WorkloadActual   4: 29913 op, 53882478.00 ns, 1.8013 us/op
WorkloadActual   5: 29913 op, 43431978.00 ns, 1.4519 us/op
WorkloadActual   6: 29913 op, 44211381.00 ns, 1.4780 us/op

// AfterActualRun
WorkloadResult   1: 29913 op, 41348985.00 ns, 1.3823 us/op
WorkloadResult   2: 29913 op, 39968127.00 ns, 1.3361 us/op
WorkloadResult   3: 29913 op, 40308279.00 ns, 1.3475 us/op
WorkloadResult   4: 29913 op, 43431978.00 ns, 1.4519 us/op
WorkloadResult   5: 29913 op, 44211381.00 ns, 1.4780 us/op
// GC:  0 0 0 0 29913
// Threading:  0 0 29913

// AfterAll
// Benchmark Process 5034 has exited with code 0.

Mean = 1.399 us, StdErr = 0.028 us (2.02%), N = 5, StdDev = 0.063 us
Min = 1.336 us, Q1 = 1.348 us, Median = 1.382 us, Q3 = 1.452 us, Max = 1.478 us
IQR = 0.104 us, LowerFence = 1.191 us, UpperFence = 1.609 us
ConfidenceInterval = [1.156 us; 1.642 us] (CI 99.9%), Margin = 0.243 us (17.36% of Mean)
Skewness = 0.19, Kurtosis = 0.88, MValue = 2

// ** Remained 30 (60.0 %) benchmark(s) to run. Estimated finish 2026-10-09 23:00 (0h 0m from now) **
// **************************
// Benchmark: CodecSuite.Run: campaign(EvaluateOverhead=False, Clock=Armonik.Ffi.Bdn.CpuClock, IterationCount=6, IterationTime=40ms, LaunchCount=1, RunStrategy=Throughput, WarmupCount=25) [Case=core-(...)|drop [54]]
// *** Execute ***
// Launch: 1 / 1
// Execute: dotnet BenchDotNet-campaign-1.dll --anonymousPipes 117 118 --benchmarkName "Armonik.Ffi.Bdn.CodecSuite.Run(Case: \"core-ffi|encode-core-hot|U-deep-u-repeated|corpus|drop\")" --job campaign --benchmarkId 20 in /home/user/ArmoniK.Api/ffi/poc/csharp/src/BenchDotNet/bin/Release/net8.0/BenchDotNet-campaign-1/bin/Release/net8.0
// BeforeAnythingElse

// Benchmark Process Environment Information:
// BenchmarkDotNet v0.15.8
// Runtime=.NET 8.0.31 (8.0.31, 8.0.3126.42015), X64 RyuJIT x86-64-v4
// GC=Concurrent Workstation
// HardwareIntrinsics=AVX512 F+BW+CD+DQ+VL,AVX2+BMI1+BMI2+F16C+FMA+LZCNT+MOVBE,AVX,SSE3+SSSE3+SSE4.1+SSE4.2+POPCNT,X86Base+SSE+SSE2,AES+PCLMUL VectorSize=256
// Job: campaign(EvaluateOverhead=False, Clock=Armonik.Ffi.Bdn.CpuClock, IterationCount=6, IterationTime=40ms, LaunchCount=1, RunStrategy=Throughput, WarmupCount=25)

OverheadJitting  1: 1 op, 261650.00 ns, 261.6500 us/op
WorkloadJitting  1: 1 op, 8532786.00 ns, 8.5328 ms/op

WorkloadPilot    1: 4 op, 44308.00 ns, 11.0770 us/op
WorkloadPilot    2: 3611 op, 8916176.00 ns, 2.4692 us/op
WorkloadPilot    3: 16200 op, 40664048.00 ns, 2.5101 us/op
WorkloadPilot    4: 15935 op, 41012283.00 ns, 2.5737 us/op
WorkloadPilot    5: 15542 op, 37756281.00 ns, 2.4293 us/op
WorkloadPilot    6: 16466 op, 64428493.00 ns, 3.9128 us/op

WorkloadWarmup   1: 16466 op, 21348627.00 ns, 1.2965 us/op
WorkloadWarmup   2: 16466 op, 21230990.00 ns, 1.2894 us/op
WorkloadWarmup   3: 16466 op, 21328298.00 ns, 1.2953 us/op
WorkloadWarmup   4: 16466 op, 21082218.00 ns, 1.2803 us/op
WorkloadWarmup   5: 16466 op, 21355618.00 ns, 1.2970 us/op
WorkloadWarmup   6: 16466 op, 21233151.00 ns, 1.2895 us/op
WorkloadWarmup   7: 16466 op, 21612511.00 ns, 1.3126 us/op
WorkloadWarmup   8: 16466 op, 21179523.00 ns, 1.2863 us/op
WorkloadWarmup   9: 16466 op, 25237305.00 ns, 1.5327 us/op
WorkloadWarmup  10: 16466 op, 23856393.00 ns, 1.4488 us/op
WorkloadWarmup  11: 16466 op, 21435727.00 ns, 1.3018 us/op
WorkloadWarmup  12: 16466 op, 21767575.00 ns, 1.3220 us/op
WorkloadWarmup  13: 16466 op, 22490143.00 ns, 1.3659 us/op
WorkloadWarmup  14: 16466 op, 21260905.00 ns, 1.2912 us/op
WorkloadWarmup  15: 16466 op, 42741760.00 ns, 2.5958 us/op
WorkloadWarmup  16: 16466 op, 21128975.00 ns, 1.2832 us/op
WorkloadWarmup  17: 16466 op, 21253446.00 ns, 1.2907 us/op
WorkloadWarmup  18: 16466 op, 21364717.00 ns, 1.2975 us/op
WorkloadWarmup  19: 16466 op, 21207157.00 ns, 1.2879 us/op
WorkloadWarmup  20: 16466 op, 28266363.00 ns, 1.7167 us/op
WorkloadWarmup  21: 16466 op, 21419084.00 ns, 1.3008 us/op
WorkloadWarmup  22: 16466 op, 21482545.00 ns, 1.3047 us/op
WorkloadWarmup  23: 16466 op, 21279970.00 ns, 1.2924 us/op
WorkloadWarmup  24: 16466 op, 21558460.00 ns, 1.3093 us/op
WorkloadWarmup  25: 16466 op, 21192235.00 ns, 1.2870 us/op

// BeforeActualRun
WorkloadActual   1: 16466 op, 21236967.00 ns, 1.2897 us/op
WorkloadActual   2: 16466 op, 21111599.00 ns, 1.2821 us/op
WorkloadActual   3: 16466 op, 21549391.00 ns, 1.3087 us/op
WorkloadActual   4: 16466 op, 21368264.00 ns, 1.2977 us/op
WorkloadActual   5: 16466 op, 21101196.00 ns, 1.2815 us/op
WorkloadActual   6: 16466 op, 21217208.00 ns, 1.2885 us/op

// AfterActualRun
WorkloadResult   1: 16466 op, 21236967.00 ns, 1.2897 us/op
WorkloadResult   2: 16466 op, 21111599.00 ns, 1.2821 us/op
WorkloadResult   3: 16466 op, 21549391.00 ns, 1.3087 us/op
WorkloadResult   4: 16466 op, 21368264.00 ns, 1.2977 us/op
WorkloadResult   5: 16466 op, 21101196.00 ns, 1.2815 us/op
WorkloadResult   6: 16466 op, 21217208.00 ns, 1.2885 us/op
// GC:  0 0 0 0 16466
// Threading:  0 0 16466

// AfterAll
// Benchmark Process 5043 has exited with code 0.

Mean = 1.291 us, StdErr = 0.004 us (0.33%), N = 6, StdDev = 0.010 us
Min = 1.282 us, Q1 = 1.284 us, Median = 1.289 us, Q3 = 1.296 us, Max = 1.309 us
IQR = 0.012 us, LowerFence = 1.266 us, UpperFence = 1.314 us
ConfidenceInterval = [1.262 us; 1.320 us] (CI 99.9%), Margin = 0.029 us (2.25% of Mean)
Skewness = 0.55, Kurtosis = 1.58, MValue = 2

// ** Remained 29 (58.0 %) benchmark(s) to run. Estimated finish 2026-10-09 23:00 (0h 0m from now) **
// **************************
// Benchmark: CodecSuite.Run: campaign(EvaluateOverhead=False, Clock=Armonik.Ffi.Bdn.CpuClock, IterationCount=6, IterationTime=40ms, LaunchCount=1, RunStrategy=Throughput, WarmupCount=25) [Case=core-(...)etain [56]]
// *** Execute ***
// Launch: 1 / 1
// Execute: dotnet BenchDotNet-campaign-1.dll --anonymousPipes 117 118 --benchmarkName "Armonik.Ffi.Bdn.CodecSuite.Run(Case: \"core-ffi|encode-core-hot|U-deep-u-repeated|corpus|retain\")" --job campaign --benchmarkId 21 in /home/user/ArmoniK.Api/ffi/poc/csharp/src/BenchDotNet/bin/Release/net8.0/BenchDotNet-campaign-1/bin/Release/net8.0
// BeforeAnythingElse

// Benchmark Process Environment Information:
// BenchmarkDotNet v0.15.8
// Runtime=.NET 8.0.31 (8.0.31, 8.0.3126.42015), X64 RyuJIT x86-64-v4
// GC=Concurrent Workstation
// HardwareIntrinsics=AVX512 F+BW+CD+DQ+VL,AVX2+BMI1+BMI2+F16C+FMA+LZCNT+MOVBE,AVX,SSE3+SSSE3+SSE4.1+SSE4.2+POPCNT,X86Base+SSE+SSE2,AES+PCLMUL VectorSize=256
// Job: campaign(EvaluateOverhead=False, Clock=Armonik.Ffi.Bdn.CpuClock, IterationCount=6, IterationTime=40ms, LaunchCount=1, RunStrategy=Throughput, WarmupCount=25)

OverheadJitting  1: 1 op, 259201.00 ns, 259.2010 us/op
WorkloadJitting  1: 1 op, 8301895.00 ns, 8.3019 ms/op

WorkloadPilot    1: 4 op, 45783.00 ns, 11.4458 us/op
WorkloadPilot    2: 3495 op, 9102155.00 ns, 2.6043 us/op
WorkloadPilot    3: 15359 op, 40569475.00 ns, 2.6414 us/op
WorkloadPilot    4: 15143 op, 39823853.00 ns, 2.6299 us/op
WorkloadPilot    5: 15210 op, 44582636.00 ns, 2.9311 us/op
WorkloadPilot    6: 13647 op, 52388759.00 ns, 3.8388 us/op

WorkloadWarmup   1: 13647 op, 18965757.00 ns, 1.3897 us/op
WorkloadWarmup   2: 13647 op, 17891557.00 ns, 1.3110 us/op
WorkloadWarmup   3: 13647 op, 17799735.00 ns, 1.3043 us/op
WorkloadWarmup   4: 13647 op, 17969938.00 ns, 1.3168 us/op
WorkloadWarmup   5: 13647 op, 17872886.00 ns, 1.3097 us/op
WorkloadWarmup   6: 13647 op, 17801667.00 ns, 1.3044 us/op
WorkloadWarmup   7: 13647 op, 17817290.00 ns, 1.3056 us/op
WorkloadWarmup   8: 13647 op, 17846057.00 ns, 1.3077 us/op
WorkloadWarmup   9: 13647 op, 17861618.00 ns, 1.3088 us/op
WorkloadWarmup  10: 13647 op, 17887522.00 ns, 1.3107 us/op
WorkloadWarmup  11: 13647 op, 17891314.00 ns, 1.3110 us/op
WorkloadWarmup  12: 13647 op, 17970048.00 ns, 1.3168 us/op
WorkloadWarmup  13: 13647 op, 17852104.00 ns, 1.3081 us/op
WorkloadWarmup  14: 13647 op, 18115743.00 ns, 1.3275 us/op
WorkloadWarmup  15: 13647 op, 18047269.00 ns, 1.3224 us/op
WorkloadWarmup  16: 13647 op, 17921020.00 ns, 1.3132 us/op
WorkloadWarmup  17: 13647 op, 17861509.00 ns, 1.3088 us/op
WorkloadWarmup  18: 13647 op, 17931369.00 ns, 1.3139 us/op
WorkloadWarmup  19: 13647 op, 17922413.00 ns, 1.3133 us/op
WorkloadWarmup  20: 13647 op, 17925943.00 ns, 1.3135 us/op
WorkloadWarmup  21: 13647 op, 17902050.00 ns, 1.3118 us/op
WorkloadWarmup  22: 13647 op, 18029051.00 ns, 1.3211 us/op
WorkloadWarmup  23: 13647 op, 17841086.00 ns, 1.3073 us/op
WorkloadWarmup  24: 13647 op, 17788059.00 ns, 1.3034 us/op
WorkloadWarmup  25: 13647 op, 17848803.00 ns, 1.3079 us/op

// BeforeActualRun
WorkloadActual   1: 13647 op, 17782938.00 ns, 1.3031 us/op
WorkloadActual   2: 13647 op, 17827809.00 ns, 1.3064 us/op
WorkloadActual   3: 13647 op, 17846450.00 ns, 1.3077 us/op
WorkloadActual   4: 13647 op, 17835603.00 ns, 1.3069 us/op
WorkloadActual   5: 13647 op, 17823492.00 ns, 1.3060 us/op
WorkloadActual   6: 13647 op, 17843713.00 ns, 1.3075 us/op

// AfterActualRun
WorkloadResult   1: 13647 op, 17782938.00 ns, 1.3031 us/op
WorkloadResult   2: 13647 op, 17827809.00 ns, 1.3064 us/op
WorkloadResult   3: 13647 op, 17846450.00 ns, 1.3077 us/op
WorkloadResult   4: 13647 op, 17835603.00 ns, 1.3069 us/op
WorkloadResult   5: 13647 op, 17823492.00 ns, 1.3060 us/op
WorkloadResult   6: 13647 op, 17843713.00 ns, 1.3075 us/op
// GC:  0 0 0 0 13647
// Threading:  0 0 13647

// AfterAll
// Benchmark Process 5052 has exited with code 0.

Mean = 1.306 us, StdErr = 0.001 us (0.05%), N = 6, StdDev = 0.002 us
Min = 1.303 us, Q1 = 1.306 us, Median = 1.307 us, Q3 = 1.307 us, Max = 1.308 us
IQR = 0.001 us, LowerFence = 1.304 us, UpperFence = 1.309 us
ConfidenceInterval = [1.302 us; 1.311 us] (CI 99.9%), Margin = 0.005 us (0.36% of Mean)
Skewness = -0.94, Kurtosis = 2.25, MValue = 2

// ** Remained 28 (56.0 %) benchmark(s) to run. Estimated finish 2026-10-09 23:00 (0h 0m from now) **
// **************************
// Benchmark: CodecSuite.Run: campaign(EvaluateOverhead=False, Clock=Armonik.Ffi.Bdn.CpuClock, IterationCount=6, IterationTime=40ms, LaunchCount=1, RunStrategy=Throughput, WarmupCount=25) [Case=core-(...)|drop [40]]
// *** Execute ***
// Launch: 1 / 1
// Execute: dotnet BenchDotNet-campaign-1.dll --anonymousPipes 117 118 --benchmarkName "Armonik.Ffi.Bdn.CodecSuite.Run(Case: \"core-ffi|encode-core-hot|P1.3|ascii|drop\")" --job campaign --benchmarkId 22 in /home/user/ArmoniK.Api/ffi/poc/csharp/src/BenchDotNet/bin/Release/net8.0/BenchDotNet-campaign-1/bin/Release/net8.0
// BeforeAnythingElse

// Benchmark Process Environment Information:
// BenchmarkDotNet v0.15.8
// Runtime=.NET 8.0.31 (8.0.31, 8.0.3126.42015), X64 RyuJIT x86-64-v4
// GC=Concurrent Workstation
// HardwareIntrinsics=AVX512 F+BW+CD+DQ+VL,AVX2+BMI1+BMI2+F16C+FMA+LZCNT+MOVBE,AVX,SSE3+SSSE3+SSE4.1+SSE4.2+POPCNT,X86Base+SSE+SSE2,AES+PCLMUL VectorSize=256
// Job: campaign(EvaluateOverhead=False, Clock=Armonik.Ffi.Bdn.CpuClock, IterationCount=6, IterationTime=40ms, LaunchCount=1, RunStrategy=Throughput, WarmupCount=25)

OverheadJitting  1: 1 op, 286347.00 ns, 286.3470 us/op
WorkloadJitting  1: 1 op, 4664965.00 ns, 4.6650 ms/op

WorkloadPilot    1: 4 op, 120870.00 ns, 30.2175 us/op
WorkloadPilot    2: 1324 op, 30061437.00 ns, 22.7050 us/op
WorkloadPilot    3: 1762 op, 52604111.00 ns, 29.8548 us/op
WorkloadPilot    4: 1340 op, 31283493.00 ns, 23.3459 us/op
WorkloadPilot    5: 1713 op, 28067558.00 ns, 16.3850 us/op
WorkloadPilot    6: 2441 op, 39847067.00 ns, 16.3241 us/op
WorkloadPilot    7: 2450 op, 41483586.00 ns, 16.9321 us/op
WorkloadPilot    8: 2362 op, 46683728.00 ns, 19.7645 us/op

WorkloadWarmup   1: 2362 op, 35908423.00 ns, 15.2025 us/op
WorkloadWarmup   2: 2362 op, 35865251.00 ns, 15.1843 us/op
WorkloadWarmup   3: 2362 op, 35880982.00 ns, 15.1909 us/op
WorkloadWarmup   4: 2362 op, 35821940.00 ns, 15.1659 us/op
WorkloadWarmup   5: 2362 op, 35606300.00 ns, 15.0746 us/op
WorkloadWarmup   6: 2362 op, 39561095.00 ns, 16.7490 us/op
WorkloadWarmup   7: 2362 op, 35850976.00 ns, 15.1782 us/op
WorkloadWarmup   8: 2362 op, 35653789.00 ns, 15.0947 us/op
WorkloadWarmup   9: 2362 op, 35787357.00 ns, 15.1513 us/op
WorkloadWarmup  10: 2362 op, 35756661.00 ns, 15.1383 us/op
WorkloadWarmup  11: 2362 op, 35713451.00 ns, 15.1200 us/op
WorkloadWarmup  12: 2362 op, 35698017.00 ns, 15.1135 us/op
WorkloadWarmup  13: 2362 op, 35658955.00 ns, 15.0969 us/op
WorkloadWarmup  14: 2362 op, 35559807.00 ns, 15.0550 us/op
WorkloadWarmup  15: 2362 op, 35602676.00 ns, 15.0731 us/op
WorkloadWarmup  16: 2362 op, 35549036.00 ns, 15.0504 us/op
WorkloadWarmup  17: 2362 op, 35709016.00 ns, 15.1181 us/op
WorkloadWarmup  18: 2362 op, 35730202.00 ns, 15.1271 us/op
WorkloadWarmup  19: 2362 op, 35595559.00 ns, 15.0701 us/op
WorkloadWarmup  20: 2362 op, 35638562.00 ns, 15.0883 us/op
WorkloadWarmup  21: 2362 op, 35642277.00 ns, 15.0899 us/op
WorkloadWarmup  22: 2362 op, 35897647.00 ns, 15.1980 us/op
WorkloadWarmup  23: 2362 op, 35585202.00 ns, 15.0657 us/op
WorkloadWarmup  24: 2362 op, 35584042.00 ns, 15.0652 us/op
WorkloadWarmup  25: 2362 op, 35671475.00 ns, 15.1022 us/op

// BeforeActualRun
WorkloadActual   1: 2362 op, 35606641.00 ns, 15.0748 us/op
WorkloadActual   2: 2362 op, 35617889.00 ns, 15.0795 us/op
WorkloadActual   3: 2362 op, 35643561.00 ns, 15.0904 us/op
WorkloadActual   4: 2362 op, 35679263.00 ns, 15.1055 us/op
WorkloadActual   5: 2362 op, 35706143.00 ns, 15.1169 us/op
WorkloadActual   6: 2362 op, 35869258.00 ns, 15.1860 us/op

// AfterActualRun
WorkloadResult   1: 2362 op, 35606641.00 ns, 15.0748 us/op
WorkloadResult   2: 2362 op, 35617889.00 ns, 15.0795 us/op
WorkloadResult   3: 2362 op, 35643561.00 ns, 15.0904 us/op
WorkloadResult   4: 2362 op, 35679263.00 ns, 15.1055 us/op
WorkloadResult   5: 2362 op, 35706143.00 ns, 15.1169 us/op
// GC:  0 0 0 0 2362
// Threading:  0 0 2362

// AfterAll
// Benchmark Process 5064 has exited with code 0.

Mean = 15.093 us, StdErr = 0.008 us (0.05%), N = 5, StdDev = 0.018 us
Min = 15.075 us, Q1 = 15.080 us, Median = 15.090 us, Q3 = 15.106 us, Max = 15.117 us
IQR = 0.026 us, LowerFence = 15.041 us, UpperFence = 15.145 us
ConfidenceInterval = [15.025 us; 15.161 us] (CI 99.9%), Margin = 0.068 us (0.45% of Mean)
Skewness = 0.2, Kurtosis = 0.99, MValue = 2

// ** Remained 27 (54.0 %) benchmark(s) to run. Estimated finish 2026-10-09 23:00 (0h 0m from now) **
// **************************
// Benchmark: CodecSuite.Run: campaign(EvaluateOverhead=False, Clock=Armonik.Ffi.Bdn.CpuClock, IterationCount=6, IterationTime=40ms, LaunchCount=1, RunStrategy=Throughput, WarmupCount=25) [Case=core-(...)etain [42]]
// *** Execute ***
// Launch: 1 / 1
// Execute: dotnet BenchDotNet-campaign-1.dll --anonymousPipes 117 118 --benchmarkName "Armonik.Ffi.Bdn.CodecSuite.Run(Case: \"core-ffi|encode-core-hot|P4.1|ascii|retain\")" --job campaign --benchmarkId 23 in /home/user/ArmoniK.Api/ffi/poc/csharp/src/BenchDotNet/bin/Release/net8.0/BenchDotNet-campaign-1/bin/Release/net8.0
// BeforeAnythingElse

// Benchmark Process Environment Information:
// BenchmarkDotNet v0.15.8
// Runtime=.NET 8.0.31 (8.0.31, 8.0.3126.42015), X64 RyuJIT x86-64-v4
// GC=Concurrent Workstation
// HardwareIntrinsics=AVX512 F+BW+CD+DQ+VL,AVX2+BMI1+BMI2+F16C+FMA+LZCNT+MOVBE,AVX,SSE3+SSSE3+SSE4.1+SSE4.2+POPCNT,X86Base+SSE+SSE2,AES+PCLMUL VectorSize=256
// Job: campaign(EvaluateOverhead=False, Clock=Armonik.Ffi.Bdn.CpuClock, IterationCount=6, IterationTime=40ms, LaunchCount=1, RunStrategy=Throughput, WarmupCount=25)

OverheadJitting  1: 1 op, 237956.00 ns, 237.9560 us/op
WorkloadJitting  1: 1 op, 6903962.00 ns, 6.9040 ms/op

WorkloadPilot    1: 4 op, 1070487.00 ns, 267.6218 us/op
WorkloadPilot    2: 149 op, 36831730.00 ns, 247.1928 us/op
WorkloadPilot    3: 162 op, 36826217.00 ns, 227.3223 us/op
WorkloadPilot    4: 176 op, 38724584.00 ns, 220.0260 us/op
WorkloadPilot    5: 182 op, 39713433.00 ns, 218.2057 us/op

WorkloadWarmup   1: 182 op, 39605016.00 ns, 217.6100 us/op
WorkloadWarmup   2: 182 op, 39767110.00 ns, 218.5006 us/op
WorkloadWarmup   3: 182 op, 44367717.00 ns, 243.7787 us/op
WorkloadWarmup   4: 182 op, 25930892.00 ns, 142.4774 us/op
WorkloadWarmup   5: 182 op, 22629949.00 ns, 124.3404 us/op
WorkloadWarmup   6: 182 op, 22172480.00 ns, 121.8268 us/op
WorkloadWarmup   7: 182 op, 22369268.00 ns, 122.9081 us/op
WorkloadWarmup   8: 182 op, 22724350.00 ns, 124.8591 us/op
WorkloadWarmup   9: 182 op, 22361122.00 ns, 122.8633 us/op
WorkloadWarmup  10: 182 op, 22360493.00 ns, 122.8599 us/op
WorkloadWarmup  11: 182 op, 22452382.00 ns, 123.3647 us/op
WorkloadWarmup  12: 182 op, 22357497.00 ns, 122.8434 us/op
WorkloadWarmup  13: 182 op, 22549743.00 ns, 123.8997 us/op
WorkloadWarmup  14: 182 op, 23862425.00 ns, 131.1122 us/op
WorkloadWarmup  15: 182 op, 22499662.00 ns, 123.6245 us/op
WorkloadWarmup  16: 182 op, 22609282.00 ns, 124.2268 us/op
WorkloadWarmup  17: 182 op, 22114788.00 ns, 121.5098 us/op
WorkloadWarmup  18: 182 op, 22573490.00 ns, 124.0302 us/op
WorkloadWarmup  19: 182 op, 22217600.00 ns, 122.0747 us/op
WorkloadWarmup  20: 182 op, 22042665.00 ns, 121.1135 us/op
WorkloadWarmup  21: 182 op, 22032605.00 ns, 121.0583 us/op
WorkloadWarmup  22: 182 op, 22036864.00 ns, 121.0817 us/op
WorkloadWarmup  23: 182 op, 22851169.00 ns, 125.5559 us/op
WorkloadWarmup  24: 182 op, 22064503.00 ns, 121.2335 us/op
WorkloadWarmup  25: 182 op, 22443370.00 ns, 123.3152 us/op

// BeforeActualRun
WorkloadActual   1: 182 op, 22013914.00 ns, 120.9556 us/op
WorkloadActual   2: 182 op, 21990325.00 ns, 120.8260 us/op
WorkloadActual   3: 182 op, 23163376.00 ns, 127.2713 us/op
WorkloadActual   4: 182 op, 22702194.00 ns, 124.7373 us/op
WorkloadActual   5: 182 op, 22074521.00 ns, 121.2886 us/op
WorkloadActual   6: 182 op, 22147418.00 ns, 121.6891 us/op

// AfterActualRun
WorkloadResult   1: 182 op, 22013914.00 ns, 120.9556 us/op
WorkloadResult   2: 182 op, 21990325.00 ns, 120.8260 us/op
WorkloadResult   3: 182 op, 23163376.00 ns, 127.2713 us/op
WorkloadResult   4: 182 op, 22702194.00 ns, 124.7373 us/op
WorkloadResult   5: 182 op, 22074521.00 ns, 121.2886 us/op
WorkloadResult   6: 182 op, 22147418.00 ns, 121.6891 us/op
// GC:  0 0 0 0 182
// Threading:  0 0 182

// AfterAll
// Benchmark Process 5073 has exited with code 0.

Mean = 122.795 us, StdErr = 1.073 us (0.87%), N = 6, StdDev = 2.629 us
Min = 120.826 us, Q1 = 121.039 us, Median = 121.489 us, Q3 = 123.975 us, Max = 127.271 us
IQR = 2.936 us, LowerFence = 116.634 us, UpperFence = 128.380 us
ConfidenceInterval = [115.422 us; 130.167 us] (CI 99.9%), Margin = 7.373 us (6.00% of Mean)
Skewness = 0.72, Kurtosis = 1.57, MValue = 2

// ** Remained 26 (52.0 %) benchmark(s) to run. Estimated finish 2026-10-09 23:00 (0h 0m from now) **
// **************************
// Benchmark: CodecSuite.Run: campaign(EvaluateOverhead=False, Clock=Armonik.Ffi.Bdn.CpuClock, IterationCount=6, IterationTime=40ms, LaunchCount=1, RunStrategy=Throughput, WarmupCount=25) [Case=core-(...)|drop [80]]
// *** Execute ***
// Launch: 1 / 1
// Execute: dotnet BenchDotNet-campaign-1.dll --anonymousPipes 117 118 --benchmarkName "Armonik.Ffi.Bdn.CodecSuite.Run(Case: \"core-ffi|encode-core-hot|U-wire-ListTaskSummaryResponse-tasks-as-wt5|corpus|drop\")" --job campaign --benchmarkId 24 in /home/user/ArmoniK.Api/ffi/poc/csharp/src/BenchDotNet/bin/Release/net8.0/BenchDotNet-campaign-1/bin/Release/net8.0
// BeforeAnythingElse

// Benchmark Process Environment Information:
// BenchmarkDotNet v0.15.8
// Runtime=.NET 8.0.31 (8.0.31, 8.0.3126.42015), X64 RyuJIT x86-64-v4
// GC=Concurrent Workstation
// HardwareIntrinsics=AVX512 F+BW+CD+DQ+VL,AVX2+BMI1+BMI2+F16C+FMA+LZCNT+MOVBE,AVX,SSE3+SSSE3+SSE4.1+SSE4.2+POPCNT,X86Base+SSE+SSE2,AES+PCLMUL VectorSize=256
// Job: campaign(EvaluateOverhead=False, Clock=Armonik.Ffi.Bdn.CpuClock, IterationCount=6, IterationTime=40ms, LaunchCount=1, RunStrategy=Throughput, WarmupCount=25)

OverheadJitting  1: 1 op, 254414.00 ns, 254.4140 us/op
WorkloadJitting  1: 1 op, 5193336.00 ns, 5.1933 ms/op

WorkloadPilot    1: 4 op, 23478.00 ns, 5.8695 us/op
WorkloadPilot    2: 6815 op, 16352194.00 ns, 2.3994 us/op
WorkloadPilot    3: 16671 op, 39233692.00 ns, 2.3534 us/op
WorkloadPilot    4: 16997 op, 40056246.00 ns, 2.3567 us/op
WorkloadPilot    5: 16973 op, 39185670.00 ns, 2.3087 us/op
WorkloadPilot    6: 17326 op, 44263065.00 ns, 2.5547 us/op
WorkloadPilot    7: 15657 op, 18728419.00 ns, 1.1962 us/op
WorkloadPilot    8: 33440 op, 38985149.00 ns, 1.1658 us/op
WorkloadPilot    9: 34311 op, 40669016.00 ns, 1.1853 us/op

WorkloadWarmup   1: 34311 op, 39395626.00 ns, 1.1482 us/op
WorkloadWarmup   2: 34311 op, 39366940.00 ns, 1.1474 us/op
WorkloadWarmup   3: 34311 op, 39387304.00 ns, 1.1479 us/op
WorkloadWarmup   4: 34311 op, 39319674.00 ns, 1.1460 us/op
WorkloadWarmup   5: 34311 op, 39432071.00 ns, 1.1493 us/op
WorkloadWarmup   6: 34311 op, 41503748.00 ns, 1.2096 us/op
WorkloadWarmup   7: 34311 op, 39415611.00 ns, 1.1488 us/op
WorkloadWarmup   8: 34311 op, 42544720.00 ns, 1.2400 us/op
WorkloadWarmup   9: 34311 op, 39408284.00 ns, 1.1486 us/op
WorkloadWarmup  10: 34311 op, 39731369.00 ns, 1.1580 us/op
WorkloadWarmup  11: 34311 op, 39759539.00 ns, 1.1588 us/op
WorkloadWarmup  12: 34311 op, 39794342.00 ns, 1.1598 us/op
WorkloadWarmup  13: 34311 op, 39366614.00 ns, 1.1473 us/op
WorkloadWarmup  14: 34311 op, 39375229.00 ns, 1.1476 us/op
WorkloadWarmup  15: 34311 op, 39301316.00 ns, 1.1454 us/op
WorkloadWarmup  16: 34311 op, 39425981.00 ns, 1.1491 us/op
WorkloadWarmup  17: 34311 op, 39927792.00 ns, 1.1637 us/op
WorkloadWarmup  18: 34311 op, 39908232.00 ns, 1.1631 us/op
WorkloadWarmup  19: 34311 op, 39964989.00 ns, 1.1648 us/op
WorkloadWarmup  20: 34311 op, 45218144.00 ns, 1.3179 us/op
WorkloadWarmup  21: 34311 op, 39301559.00 ns, 1.1455 us/op
WorkloadWarmup  22: 34311 op, 39317680.00 ns, 1.1459 us/op
WorkloadWarmup  23: 34311 op, 39262694.00 ns, 1.1443 us/op
WorkloadWarmup  24: 34311 op, 39439623.00 ns, 1.1495 us/op
WorkloadWarmup  25: 34311 op, 39507030.00 ns, 1.1514 us/op

// BeforeActualRun
WorkloadActual   1: 34311 op, 39378382.00 ns, 1.1477 us/op
WorkloadActual   2: 34311 op, 39293767.00 ns, 1.1452 us/op
WorkloadActual   3: 34311 op, 39339152.00 ns, 1.1465 us/op
WorkloadActual   4: 34311 op, 39511467.00 ns, 1.1516 us/op
WorkloadActual   5: 34311 op, 39521187.00 ns, 1.1519 us/op
WorkloadActual   6: 34311 op, 39454791.00 ns, 1.1499 us/op

// AfterActualRun
WorkloadResult   1: 34311 op, 39378382.00 ns, 1.1477 us/op
WorkloadResult   2: 34311 op, 39293767.00 ns, 1.1452 us/op
WorkloadResult   3: 34311 op, 39339152.00 ns, 1.1465 us/op
WorkloadResult   4: 34311 op, 39511467.00 ns, 1.1516 us/op
WorkloadResult   5: 34311 op, 39521187.00 ns, 1.1519 us/op
WorkloadResult   6: 34311 op, 39454791.00 ns, 1.1499 us/op
// GC:  0 0 0 0 34311
// Threading:  0 0 34311

// AfterAll
// Benchmark Process 5082 has exited with code 0.

Mean = 1.149 us, StdErr = 0.001 us (0.10%), N = 6, StdDev = 0.003 us
Min = 1.145 us, Q1 = 1.147 us, Median = 1.149 us, Q3 = 1.151 us, Max = 1.152 us
IQR = 0.004 us, LowerFence = 1.140 us, UpperFence = 1.158 us
ConfidenceInterval = [1.141 us; 1.156 us] (CI 99.9%), Margin = 0.008 us (0.67% of Mean)
Skewness = -0.06, Kurtosis = 1.01, MValue = 2

// ** Remained 25 (50.0 %) benchmark(s) to run. Estimated finish 2026-10-09 23:00 (0h 0m from now) **
// **************************
// Benchmark: CodecSuite.Run: campaign(EvaluateOverhead=False, Clock=Armonik.Ffi.Bdn.CpuClock, IterationCount=6, IterationTime=40ms, LaunchCount=1, RunStrategy=Throughput, WarmupCount=25) [Case=core-(...)etain [41]]
// *** Execute ***
// Launch: 1 / 1
// Execute: dotnet BenchDotNet-campaign-1.dll --anonymousPipes 117 118 --benchmarkName "Armonik.Ffi.Bdn.CodecSuite.Run(Case: \"core-ffi|encode-core-hot|P2.2|wide|retain\")" --job campaign --benchmarkId 25 in /home/user/ArmoniK.Api/ffi/poc/csharp/src/BenchDotNet/bin/Release/net8.0/BenchDotNet-campaign-1/bin/Release/net8.0
// BeforeAnythingElse

// Benchmark Process Environment Information:
// BenchmarkDotNet v0.15.8
// Runtime=.NET 8.0.31 (8.0.31, 8.0.3126.42015), X64 RyuJIT x86-64-v4
// GC=Concurrent Workstation
// HardwareIntrinsics=AVX512 F+BW+CD+DQ+VL,AVX2+BMI1+BMI2+F16C+FMA+LZCNT+MOVBE,AVX,SSE3+SSSE3+SSE4.1+SSE4.2+POPCNT,X86Base+SSE+SSE2,AES+PCLMUL VectorSize=256
// Job: campaign(EvaluateOverhead=False, Clock=Armonik.Ffi.Bdn.CpuClock, IterationCount=6, IterationTime=40ms, LaunchCount=1, RunStrategy=Throughput, WarmupCount=25)

OverheadJitting  1: 1 op, 267732.00 ns, 267.7320 us/op
WorkloadJitting  1: 1 op, 14093909.00 ns, 14.0939 ms/op

WorkloadPilot    1: 4 op, 18870898.00 ns, 4.7177 ms/op
WorkloadPilot    2: 8 op, 23301082.00 ns, 2.9126 ms/op
WorkloadPilot    3: 14 op, 25711173.00 ns, 1.8365 ms/op
WorkloadPilot    4: 22 op, 39203250.00 ns, 1.7820 ms/op

WorkloadWarmup   1: 22 op, 39192998.00 ns, 1.7815 ms/op
WorkloadWarmup   2: 22 op, 41394329.00 ns, 1.8816 ms/op
WorkloadWarmup   3: 22 op, 44736624.00 ns, 2.0335 ms/op
WorkloadWarmup   4: 22 op, 32123172.00 ns, 1.4601 ms/op
WorkloadWarmup   5: 22 op, 50140624.00 ns, 2.2791 ms/op
WorkloadWarmup   6: 22 op, 31360721.00 ns, 1.4255 ms/op
WorkloadWarmup   7: 22 op, 30219982.00 ns, 1.3736 ms/op
WorkloadWarmup   8: 22 op, 30147121.00 ns, 1.3703 ms/op
WorkloadWarmup   9: 22 op, 30472147.00 ns, 1.3851 ms/op
WorkloadWarmup  10: 22 op, 30674932.00 ns, 1.3943 ms/op
WorkloadWarmup  11: 22 op, 30540838.00 ns, 1.3882 ms/op
WorkloadWarmup  12: 22 op, 31069915.00 ns, 1.4123 ms/op
WorkloadWarmup  13: 22 op, 33606468.00 ns, 1.5276 ms/op
WorkloadWarmup  14: 22 op, 33398060.00 ns, 1.5181 ms/op
WorkloadWarmup  15: 22 op, 30688098.00 ns, 1.3949 ms/op
WorkloadWarmup  16: 22 op, 29960847.00 ns, 1.3619 ms/op
WorkloadWarmup  17: 22 op, 29865596.00 ns, 1.3575 ms/op
WorkloadWarmup  18: 22 op, 30556634.00 ns, 1.3889 ms/op
WorkloadWarmup  19: 22 op, 30038102.00 ns, 1.3654 ms/op
WorkloadWarmup  20: 22 op, 29731273.00 ns, 1.3514 ms/op
WorkloadWarmup  21: 22 op, 30404957.00 ns, 1.3820 ms/op
WorkloadWarmup  22: 22 op, 30185668.00 ns, 1.3721 ms/op
WorkloadWarmup  23: 22 op, 30124825.00 ns, 1.3693 ms/op
WorkloadWarmup  24: 22 op, 30075005.00 ns, 1.3670 ms/op
WorkloadWarmup  25: 22 op, 29680586.00 ns, 1.3491 ms/op

// BeforeActualRun
WorkloadActual   1: 22 op, 31271017.00 ns, 1.4214 ms/op
WorkloadActual   2: 22 op, 29694035.00 ns, 1.3497 ms/op
WorkloadActual   3: 22 op, 29847589.00 ns, 1.3567 ms/op
WorkloadActual   4: 22 op, 29495100.00 ns, 1.3407 ms/op
WorkloadActual   5: 22 op, 29782640.00 ns, 1.3538 ms/op
WorkloadActual   6: 22 op, 29710871.00 ns, 1.3505 ms/op

// AfterActualRun
WorkloadResult   1: 22 op, 29694035.00 ns, 1.3497 ms/op
WorkloadResult   2: 22 op, 29847589.00 ns, 1.3567 ms/op
WorkloadResult   3: 22 op, 29495100.00 ns, 1.3407 ms/op
WorkloadResult   4: 22 op, 29782640.00 ns, 1.3538 ms/op
WorkloadResult   5: 22 op, 29710871.00 ns, 1.3505 ms/op
// GC:  0 0 0 0 22
// Threading:  0 0 22

// AfterAll
// Benchmark Process 5091 has exited with code 0.

Mean = 1.350 ms, StdErr = 0.003 ms (0.20%), N = 5, StdDev = 0.006 ms
Min = 1.341 ms, Q1 = 1.350 ms, Median = 1.350 ms, Q3 = 1.354 ms, Max = 1.357 ms
IQR = 0.004 ms, LowerFence = 1.344 ms, UpperFence = 1.360 ms
ConfidenceInterval = [1.327 ms; 1.374 ms] (CI 99.9%), Margin = 0.023 ms (1.72% of Mean)
Skewness = -0.52, Kurtosis = 1.55, MValue = 2

// ** Remained 24 (48.0 %) benchmark(s) to run. Estimated finish 2026-10-09 23:00 (0h 0m from now) **
// **************************
// Benchmark: CodecSuite.Run: campaign(EvaluateOverhead=False, Clock=Armonik.Ffi.Bdn.CpuClock, IterationCount=6, IterationTime=40ms, LaunchCount=1, RunStrategy=Throughput, WarmupCount=25) [Case=core-(...)etain [42]]
// *** Execute ***
// Launch: 1 / 1
// Execute: dotnet BenchDotNet-campaign-1.dll --anonymousPipes 117 118 --benchmarkName "Armonik.Ffi.Bdn.CodecSuite.Run(Case: \"core-ffi|encode-core-hot|P6.1|ascii|retain\")" --job campaign --benchmarkId 26 in /home/user/ArmoniK.Api/ffi/poc/csharp/src/BenchDotNet/bin/Release/net8.0/BenchDotNet-campaign-1/bin/Release/net8.0
// BeforeAnythingElse

// Benchmark Process Environment Information:
// BenchmarkDotNet v0.15.8
// Runtime=.NET 8.0.31 (8.0.31, 8.0.3126.42015), X64 RyuJIT x86-64-v4
// GC=Concurrent Workstation
// HardwareIntrinsics=AVX512 F+BW+CD+DQ+VL,AVX2+BMI1+BMI2+F16C+FMA+LZCNT+MOVBE,AVX,SSE3+SSSE3+SSE4.1+SSE4.2+POPCNT,X86Base+SSE+SSE2,AES+PCLMUL VectorSize=256
// Job: campaign(EvaluateOverhead=False, Clock=Armonik.Ffi.Bdn.CpuClock, IterationCount=6, IterationTime=40ms, LaunchCount=1, RunStrategy=Throughput, WarmupCount=25)

OverheadJitting  1: 1 op, 247482.00 ns, 247.4820 us/op
WorkloadJitting  1: 1 op, 7916852.00 ns, 7.9169 ms/op

WorkloadPilot    1: 4 op, 4029825.00 ns, 1.0075 ms/op
WorkloadPilot    2: 40 op, 6085365.00 ns, 152.1341 us/op
WorkloadPilot    3: 263 op, 38846023.00 ns, 147.7035 us/op
WorkloadPilot    4: 271 op, 39585235.00 ns, 146.0710 us/op
WorkloadPilot    5: 274 op, 39748468.00 ns, 145.0674 us/op
WorkloadPilot    6: 276 op, 46563592.00 ns, 168.7087 us/op
WorkloadPilot    7: 237 op, 29822224.00 ns, 125.8322 us/op
WorkloadPilot    8: 318 op, 39709007.00 ns, 124.8711 us/op
WorkloadPilot    9: 320 op, 57032228.00 ns, 178.2257 us/op
WorkloadPilot   10: 224 op, 28914679.00 ns, 129.0834 us/op
WorkloadPilot   11: 310 op, 39766454.00 ns, 128.2789 us/op
WorkloadPilot   12: 312 op, 39561791.00 ns, 126.8006 us/op
WorkloadPilot   13: 315 op, 40258093.00 ns, 127.8035 us/op

WorkloadWarmup   1: 315 op, 39425490.00 ns, 125.1603 us/op
WorkloadWarmup   2: 315 op, 39410753.00 ns, 125.1135 us/op
WorkloadWarmup   3: 315 op, 39838400.00 ns, 126.4711 us/op
WorkloadWarmup   4: 315 op, 39225947.00 ns, 124.5268 us/op
WorkloadWarmup   5: 315 op, 39218696.00 ns, 124.5038 us/op
WorkloadWarmup   6: 315 op, 39161825.00 ns, 124.3233 us/op
WorkloadWarmup   7: 315 op, 39050984.00 ns, 123.9714 us/op
WorkloadWarmup   8: 315 op, 39471872.00 ns, 125.3075 us/op
WorkloadWarmup   9: 315 op, 39254242.00 ns, 124.6166 us/op
WorkloadWarmup  10: 315 op, 39836046.00 ns, 126.4636 us/op
WorkloadWarmup  11: 315 op, 39506517.00 ns, 125.4175 us/op
WorkloadWarmup  12: 315 op, 39526539.00 ns, 125.4811 us/op
WorkloadWarmup  13: 315 op, 40334775.00 ns, 128.0469 us/op
WorkloadWarmup  14: 315 op, 39279873.00 ns, 124.6980 us/op
WorkloadWarmup  15: 315 op, 39198395.00 ns, 124.4393 us/op
WorkloadWarmup  16: 315 op, 39087655.00 ns, 124.0878 us/op
WorkloadWarmup  17: 315 op, 39129096.00 ns, 124.2194 us/op
WorkloadWarmup  18: 315 op, 39424955.00 ns, 125.1586 us/op
WorkloadWarmup  19: 315 op, 39079539.00 ns, 124.0620 us/op
WorkloadWarmup  20: 315 op, 39128801.00 ns, 124.2184 us/op
WorkloadWarmup  21: 315 op, 42540706.00 ns, 135.0499 us/op
WorkloadWarmup  22: 315 op, 40002851.00 ns, 126.9932 us/op
WorkloadWarmup  23: 315 op, 40363389.00 ns, 128.1377 us/op
WorkloadWarmup  24: 315 op, 39490876.00 ns, 125.3679 us/op
WorkloadWarmup  25: 315 op, 39949929.00 ns, 126.8252 us/op

// BeforeActualRun
WorkloadActual   1: 315 op, 39803221.00 ns, 126.3594 us/op
WorkloadActual   2: 315 op, 40545271.00 ns, 128.7151 us/op
WorkloadActual   3: 315 op, 40295933.00 ns, 127.9236 us/op
WorkloadActual   4: 315 op, 39587424.00 ns, 125.6744 us/op
WorkloadActual   5: 315 op, 39224428.00 ns, 124.5220 us/op
WorkloadActual   6: 315 op, 39824545.00 ns, 126.4271 us/op

// AfterActualRun
WorkloadResult   1: 315 op, 39803221.00 ns, 126.3594 us/op
WorkloadResult   2: 315 op, 40545271.00 ns, 128.7151 us/op
WorkloadResult   3: 315 op, 40295933.00 ns, 127.9236 us/op
WorkloadResult   4: 315 op, 39587424.00 ns, 125.6744 us/op
WorkloadResult   5: 315 op, 39224428.00 ns, 124.5220 us/op
WorkloadResult   6: 315 op, 39824545.00 ns, 126.4271 us/op
// GC:  0 0 0 0 315
// Threading:  0 0 315

// AfterAll
// Benchmark Process 5103 has exited with code 0.

Mean = 126.604 us, StdErr = 0.619 us (0.49%), N = 6, StdDev = 1.516 us
Min = 124.522 us, Q1 = 125.846 us, Median = 126.393 us, Q3 = 127.549 us, Max = 128.715 us
IQR = 1.704 us, LowerFence = 123.290 us, UpperFence = 130.105 us
ConfidenceInterval = [122.353 us; 130.854 us] (CI 99.9%), Margin = 4.251 us (3.36% of Mean)
Skewness = 0.09, Kurtosis = 1.34, MValue = 2

// ** Remained 23 (46.0 %) benchmark(s) to run. Estimated finish 2026-10-09 23:00 (0h 0m from now) **
// **************************
// Benchmark: CodecSuite.Run: campaign(EvaluateOverhead=False, Clock=Armonik.Ffi.Bdn.CpuClock, IterationCount=6, IterationTime=40ms, LaunchCount=1, RunStrategy=Throughput, WarmupCount=25) [Case=core-(...)|drop [68]]
// *** Execute ***
// Launch: 1 / 1
// Execute: dotnet BenchDotNet-campaign-1.dll --anonymousPipes 117 118 --benchmarkName "Armonik.Ffi.Bdn.CodecSuite.Run(Case: \"core-ffi|encode-core-hot|U-wire-DualResponse-left-as-wt5|corpus|drop\")" --job campaign --benchmarkId 27 in /home/user/ArmoniK.Api/ffi/poc/csharp/src/BenchDotNet/bin/Release/net8.0/BenchDotNet-campaign-1/bin/Release/net8.0
// BeforeAnythingElse

// Benchmark Process Environment Information:
// BenchmarkDotNet v0.15.8
// Runtime=.NET 8.0.31 (8.0.31, 8.0.3126.42015), X64 RyuJIT x86-64-v4
// GC=Concurrent Workstation
// HardwareIntrinsics=AVX512 F+BW+CD+DQ+VL,AVX2+BMI1+BMI2+F16C+FMA+LZCNT+MOVBE,AVX,SSE3+SSSE3+SSE4.1+SSE4.2+POPCNT,X86Base+SSE+SSE2,AES+PCLMUL VectorSize=256
// Job: campaign(EvaluateOverhead=False, Clock=Armonik.Ffi.Bdn.CpuClock, IterationCount=6, IterationTime=40ms, LaunchCount=1, RunStrategy=Throughput, WarmupCount=25)

OverheadJitting  1: 1 op, 329599.00 ns, 329.5990 us/op
WorkloadJitting  1: 1 op, 4595298.00 ns, 4.5953 ms/op

WorkloadPilot    1: 4 op, 13614.00 ns, 3.4035 us/op
WorkloadPilot    2: 11753 op, 6962545.00 ns, 592.4058 ns/op
WorkloadPilot    3: 67521 op, 37220983.00 ns, 551.2505 ns/op
WorkloadPilot    4: 72562 op, 38684053.00 ns, 533.1172 ns/op
WorkloadPilot    5: 75030 op, 39515310.00 ns, 526.6601 ns/op
WorkloadPilot    6: 75950 op, 39847372.00 ns, 524.6527 ns/op
WorkloadPilot    7: 76241 op, 42820626.00 ns, 561.6483 ns/op
WorkloadPilot    8: 71219 op, 16124439.00 ns, 226.4064 ns/op
WorkloadPilot    9: 176673 op, 40819906.00 ns, 231.0478 ns/op
WorkloadPilot   10: 173124 op, 38278399.00 ns, 221.1039 ns/op
WorkloadPilot   11: 180910 op, 40336166.00 ns, 222.9626 ns/op

WorkloadWarmup   1: 180910 op, 40598734.00 ns, 224.4140 ns/op
WorkloadWarmup   2: 180910 op, 40017422.00 ns, 221.2007 ns/op
WorkloadWarmup   3: 180910 op, 40412158.00 ns, 223.3827 ns/op
WorkloadWarmup   4: 180910 op, 39928237.00 ns, 220.7077 ns/op
WorkloadWarmup   5: 180910 op, 40608844.00 ns, 224.4699 ns/op
WorkloadWarmup   6: 180910 op, 39912871.00 ns, 220.6228 ns/op
WorkloadWarmup   7: 180910 op, 40033029.00 ns, 221.2870 ns/op
WorkloadWarmup   8: 180910 op, 41669186.00 ns, 230.3310 ns/op
WorkloadWarmup   9: 180910 op, 39761102.00 ns, 219.7839 ns/op
WorkloadWarmup  10: 180910 op, 40614368.00 ns, 224.5004 ns/op
WorkloadWarmup  11: 180910 op, 39814098.00 ns, 220.0768 ns/op
WorkloadWarmup  12: 180910 op, 40235405.00 ns, 222.4056 ns/op
WorkloadWarmup  13: 180910 op, 40188707.00 ns, 222.1475 ns/op
WorkloadWarmup  14: 180910 op, 41051040.00 ns, 226.9142 ns/op
WorkloadWarmup  15: 180910 op, 40248548.00 ns, 222.4783 ns/op
WorkloadWarmup  16: 180910 op, 39851381.00 ns, 220.2829 ns/op
WorkloadWarmup  17: 180910 op, 40205458.00 ns, 222.2401 ns/op
WorkloadWarmup  18: 180910 op, 40247492.00 ns, 222.4725 ns/op
WorkloadWarmup  19: 180910 op, 40724776.00 ns, 225.1107 ns/op
WorkloadWarmup  20: 180910 op, 40106874.00 ns, 221.6952 ns/op
WorkloadWarmup  21: 180910 op, 40732430.00 ns, 225.1530 ns/op
WorkloadWarmup  22: 180910 op, 41700303.00 ns, 230.5030 ns/op
WorkloadWarmup  23: 180910 op, 41529551.00 ns, 229.5592 ns/op
WorkloadWarmup  24: 180910 op, 39894283.00 ns, 220.5201 ns/op
WorkloadWarmup  25: 180910 op, 40170391.00 ns, 222.0463 ns/op

// BeforeActualRun
WorkloadActual   1: 180910 op, 40722905.00 ns, 225.1004 ns/op
WorkloadActual   2: 180910 op, 40750564.00 ns, 225.2532 ns/op
WorkloadActual   3: 180910 op, 40221973.00 ns, 222.3314 ns/op
WorkloadActual   4: 180910 op, 41360078.00 ns, 228.6224 ns/op
WorkloadActual   5: 180910 op, 40375233.00 ns, 223.1786 ns/op
WorkloadActual   6: 180910 op, 43918709.00 ns, 242.7655 ns/op

// AfterActualRun
WorkloadResult   1: 180910 op, 40722905.00 ns, 225.1004 ns/op
WorkloadResult   2: 180910 op, 40750564.00 ns, 225.2532 ns/op
WorkloadResult   3: 180910 op, 40221973.00 ns, 222.3314 ns/op
WorkloadResult   4: 180910 op, 41360078.00 ns, 228.6224 ns/op
WorkloadResult   5: 180910 op, 40375233.00 ns, 223.1786 ns/op
// GC:  0 0 0 0 180910
// Threading:  0 0 180910

// AfterAll
// Benchmark Process 5112 has exited with code 0.

Mean = 224.897 ns, StdErr = 1.086 ns (0.48%), N = 5, StdDev = 2.428 ns
Min = 222.331 ns, Q1 = 223.179 ns, Median = 225.100 ns, Q3 = 225.253 ns, Max = 228.622 ns
IQR = 2.075 ns, LowerFence = 220.067 ns, UpperFence = 228.365 ns
ConfidenceInterval = [215.548 ns; 234.247 ns] (CI 99.9%), Margin = 9.350 ns (4.16% of Mean)
Skewness = 0.42, Kurtosis = 1.41, MValue = 2

// ** Remained 22 (44.0 %) benchmark(s) to run. Estimated finish 2026-10-09 23:00 (0h 0m from now) **
// **************************
// Benchmark: CodecSuite.Run: campaign(EvaluateOverhead=False, Clock=Armonik.Ffi.Bdn.CpuClock, IterationCount=6, IterationTime=40ms, LaunchCount=1, RunStrategy=Throughput, WarmupCount=25) [Case=core-(...)|drop [55]]
// *** Execute ***
// Launch: 1 / 1
// Execute: dotnet BenchDotNet-campaign-1.dll --anonymousPipes 117 118 --benchmarkName "Armonik.Ffi.Bdn.CodecSuite.Run(Case: \"core-ffi|encode-core-hot|U-oneof-u-repeated|corpus|drop\")" --job campaign --benchmarkId 28 in /home/user/ArmoniK.Api/ffi/poc/csharp/src/BenchDotNet/bin/Release/net8.0/BenchDotNet-campaign-1/bin/Release/net8.0
// BeforeAnythingElse

// Benchmark Process Environment Information:
// BenchmarkDotNet v0.15.8
// Runtime=.NET 8.0.31 (8.0.31, 8.0.3126.42015), X64 RyuJIT x86-64-v4
// GC=Concurrent Workstation
// HardwareIntrinsics=AVX512 F+BW+CD+DQ+VL,AVX2+BMI1+BMI2+F16C+FMA+LZCNT+MOVBE,AVX,SSE3+SSSE3+SSE4.1+SSE4.2+POPCNT,X86Base+SSE+SSE2,AES+PCLMUL VectorSize=256
// Job: campaign(EvaluateOverhead=False, Clock=Armonik.Ffi.Bdn.CpuClock, IterationCount=6, IterationTime=40ms, LaunchCount=1, RunStrategy=Throughput, WarmupCount=25)

OverheadJitting  1: 1 op, 255083.00 ns, 255.0830 us/op
WorkloadJitting  1: 1 op, 4113683.00 ns, 4.1137 ms/op

WorkloadPilot    1: 4 op, 16575.00 ns, 4.1438 us/op
WorkloadPilot    2: 9653 op, 3542266.00 ns, 366.9601 ns/op
WorkloadPilot    3: 109004 op, 38674067.00 ns, 354.7949 ns/op
WorkloadPilot    4: 112741 op, 38777958.00 ns, 343.9561 ns/op
WorkloadPilot    5: 116294 op, 39816818.00 ns, 342.3807 ns/op
WorkloadPilot    6: 116829 op, 38464112.00 ns, 329.2343 ns/op
WorkloadPilot    7: 121494 op, 15248445.00 ns, 125.5078 ns/op
WorkloadPilot    8: 318705 op, 40048472.00 ns, 125.6600 ns/op
WorkloadPilot    9: 318319 op, 40010222.00 ns, 125.6922 ns/op
WorkloadPilot   10: 318238 op, 40032410.00 ns, 125.7939 ns/op

WorkloadWarmup   1: 318238 op, 39899849.00 ns, 125.3774 ns/op
WorkloadWarmup   2: 318238 op, 39925631.00 ns, 125.4584 ns/op
WorkloadWarmup   3: 318238 op, 39882052.00 ns, 125.3215 ns/op
WorkloadWarmup   4: 318238 op, 39996623.00 ns, 125.6815 ns/op
WorkloadWarmup   5: 318238 op, 39968589.00 ns, 125.5934 ns/op
WorkloadWarmup   6: 318238 op, 42894300.00 ns, 134.7869 ns/op
WorkloadWarmup   7: 318238 op, 46228510.00 ns, 145.2640 ns/op
WorkloadWarmup   8: 318238 op, 47767228.00 ns, 150.0991 ns/op
WorkloadWarmup   9: 318238 op, 39891027.00 ns, 125.3497 ns/op
WorkloadWarmup  10: 318238 op, 40162239.00 ns, 126.2019 ns/op
WorkloadWarmup  11: 318238 op, 40199926.00 ns, 126.3203 ns/op
WorkloadWarmup  12: 318238 op, 39958068.00 ns, 125.5603 ns/op
WorkloadWarmup  13: 318238 op, 40042078.00 ns, 125.8243 ns/op
WorkloadWarmup  14: 318238 op, 39927963.00 ns, 125.4657 ns/op
WorkloadWarmup  15: 318238 op, 40062931.00 ns, 125.8898 ns/op
WorkloadWarmup  16: 318238 op, 40096086.00 ns, 125.9940 ns/op
WorkloadWarmup  17: 318238 op, 40068572.00 ns, 125.9076 ns/op
WorkloadWarmup  18: 318238 op, 40060872.00 ns, 125.8834 ns/op
WorkloadWarmup  19: 318238 op, 40273668.00 ns, 126.5520 ns/op
WorkloadWarmup  20: 318238 op, 39959483.00 ns, 125.5648 ns/op
WorkloadWarmup  21: 318238 op, 39934557.00 ns, 125.4865 ns/op
WorkloadWarmup  22: 318238 op, 39944543.00 ns, 125.5178 ns/op
WorkloadWarmup  23: 318238 op, 40105979.00 ns, 126.0251 ns/op
WorkloadWarmup  24: 318238 op, 40122572.00 ns, 126.0773 ns/op
WorkloadWarmup  25: 318238 op, 39975877.00 ns, 125.6163 ns/op

// BeforeActualRun
WorkloadActual   1: 318238 op, 39898409.00 ns, 125.3729 ns/op
WorkloadActual   2: 318238 op, 39914814.00 ns, 125.4244 ns/op
WorkloadActual   3: 318238 op, 39975026.00 ns, 125.6136 ns/op
WorkloadActual   4: 318238 op, 39999793.00 ns, 125.6914 ns/op
WorkloadActual   5: 318238 op, 40075215.00 ns, 125.9284 ns/op
WorkloadActual   6: 318238 op, 40208600.00 ns, 126.3476 ns/op

// AfterActualRun
WorkloadResult   1: 318238 op, 39898409.00 ns, 125.3729 ns/op
WorkloadResult   2: 318238 op, 39914814.00 ns, 125.4244 ns/op
WorkloadResult   3: 318238 op, 39975026.00 ns, 125.6136 ns/op
WorkloadResult   4: 318238 op, 39999793.00 ns, 125.6914 ns/op
WorkloadResult   5: 318238 op, 40075215.00 ns, 125.9284 ns/op
WorkloadResult   6: 318238 op, 40208600.00 ns, 126.3476 ns/op
// GC:  0 0 0 0 318238
// Threading:  0 0 318238

// AfterAll
// Benchmark Process 5121 has exited with code 0.

Mean = 125.730 ns, StdErr = 0.148 ns (0.12%), N = 6, StdDev = 0.362 ns
Min = 125.373 ns, Q1 = 125.472 ns, Median = 125.653 ns, Q3 = 125.869 ns, Max = 126.348 ns
IQR = 0.397 ns, LowerFence = 124.875 ns, UpperFence = 126.465 ns
ConfidenceInterval = [124.713 ns; 126.746 ns] (CI 99.9%), Margin = 1.016 ns (0.81% of Mean)
Skewness = 0.59, Kurtosis = 1.67, MValue = 2

// ** Remained 21 (42.0 %) benchmark(s) to run. Estimated finish 2026-10-09 23:00 (0h 0m from now) **
// **************************
// Benchmark: CodecSuite.Run: campaign(EvaluateOverhead=False, Clock=Armonik.Ffi.Bdn.CpuClock, IterationCount=6, IterationTime=40ms, LaunchCount=1, RunStrategy=Throughput, WarmupCount=25) [Case=core-(...)etain [42]]
// *** Execute ***
// Launch: 1 / 1
// Execute: dotnet BenchDotNet-campaign-1.dll --anonymousPipes 117 118 --benchmarkName "Armonik.Ffi.Bdn.CodecSuite.Run(Case: \"core-ffi|encode-core-hot|P5.2|ascii|retain\")" --job campaign --benchmarkId 29 in /home/user/ArmoniK.Api/ffi/poc/csharp/src/BenchDotNet/bin/Release/net8.0/BenchDotNet-campaign-1/bin/Release/net8.0
// BeforeAnythingElse

// Benchmark Process Environment Information:
// BenchmarkDotNet v0.15.8
// Runtime=.NET 8.0.31 (8.0.31, 8.0.3126.42015), X64 RyuJIT x86-64-v4
// GC=Concurrent Workstation
// HardwareIntrinsics=AVX512 F+BW+CD+DQ+VL,AVX2+BMI1+BMI2+F16C+FMA+LZCNT+MOVBE,AVX,SSE3+SSSE3+SSE4.1+SSE4.2+POPCNT,X86Base+SSE+SSE2,AES+PCLMUL VectorSize=256
// Job: campaign(EvaluateOverhead=False, Clock=Armonik.Ffi.Bdn.CpuClock, IterationCount=6, IterationTime=40ms, LaunchCount=1, RunStrategy=Throughput, WarmupCount=25)

OverheadJitting  1: 1 op, 269654.00 ns, 269.6540 us/op
WorkloadJitting  1: 1 op, 3644686.00 ns, 3.6447 ms/op

WorkloadPilot    1: 4 op, 23765.00 ns, 5.9413 us/op
WorkloadPilot    2: 6733 op, 12851026.00 ns, 1.9087 us/op
WorkloadPilot    3: 20957 op, 39626362.00 ns, 1.8908 us/op
WorkloadPilot    4: 21155 op, 39732473.00 ns, 1.8782 us/op
WorkloadPilot    5: 21297 op, 42396943.00 ns, 1.9907 us/op
WorkloadPilot    6: 20093 op, 33814104.00 ns, 1.6829 us/op
WorkloadPilot    7: 23769 op, 39788558.00 ns, 1.6740 us/op
WorkloadPilot    8: 23895 op, 39992691.00 ns, 1.6737 us/op
WorkloadPilot    9: 23899 op, 39943205.00 ns, 1.6713 us/op
WorkloadPilot   10: 23933 op, 39929478.00 ns, 1.6684 us/op
WorkloadPilot   11: 23975 op, 40055057.00 ns, 1.6707 us/op
WorkloadPilot   12: 23942 op, 39951913.00 ns, 1.6687 us/op
WorkloadPilot   13: 23971 op, 40138240.00 ns, 1.6744 us/op

WorkloadWarmup   1: 23971 op, 40005921.00 ns, 1.6689 us/op
WorkloadWarmup   2: 23971 op, 39985755.00 ns, 1.6681 us/op
WorkloadWarmup   3: 23971 op, 40133970.00 ns, 1.6743 us/op
WorkloadWarmup   4: 23971 op, 40031373.00 ns, 1.6700 us/op
WorkloadWarmup   5: 23971 op, 40011683.00 ns, 1.6692 us/op
WorkloadWarmup   6: 23971 op, 39998636.00 ns, 1.6686 us/op
WorkloadWarmup   7: 23971 op, 40236477.00 ns, 1.6785 us/op
WorkloadWarmup   8: 23971 op, 40014192.00 ns, 1.6693 us/op
WorkloadWarmup   9: 23971 op, 39979440.00 ns, 1.6678 us/op
WorkloadWarmup  10: 23971 op, 40239608.00 ns, 1.6787 us/op
WorkloadWarmup  11: 23971 op, 39958001.00 ns, 1.6669 us/op
WorkloadWarmup  12: 23971 op, 40041209.00 ns, 1.6704 us/op
WorkloadWarmup  13: 23971 op, 40100479.00 ns, 1.6729 us/op
WorkloadWarmup  14: 23971 op, 41678581.00 ns, 1.7387 us/op
WorkloadWarmup  15: 23971 op, 40372457.00 ns, 1.6842 us/op
WorkloadWarmup  16: 23971 op, 40258675.00 ns, 1.6795 us/op
WorkloadWarmup  17: 23971 op, 40204938.00 ns, 1.6772 us/op
WorkloadWarmup  18: 23971 op, 40292269.00 ns, 1.6809 us/op
WorkloadWarmup  19: 23971 op, 40538666.00 ns, 1.6912 us/op
WorkloadWarmup  20: 23971 op, 40467440.00 ns, 1.6882 us/op
WorkloadWarmup  21: 23971 op, 42022597.00 ns, 1.7531 us/op
WorkloadWarmup  22: 23971 op, 41227366.00 ns, 1.7199 us/op
WorkloadWarmup  23: 23971 op, 40564489.00 ns, 1.6922 us/op
WorkloadWarmup  24: 23971 op, 40193492.00 ns, 1.6768 us/op
WorkloadWarmup  25: 23971 op, 40522292.00 ns, 1.6905 us/op

// BeforeActualRun
WorkloadActual   1: 23971 op, 40250637.00 ns, 1.6791 us/op
WorkloadActual   2: 23971 op, 40182247.00 ns, 1.6763 us/op
WorkloadActual   3: 23971 op, 40393375.00 ns, 1.6851 us/op
WorkloadActual   4: 23971 op, 40222189.00 ns, 1.6780 us/op
WorkloadActual   5: 23971 op, 40531552.00 ns, 1.6909 us/op
WorkloadActual   6: 23971 op, 40123442.00 ns, 1.6738 us/op

// AfterActualRun
WorkloadResult   1: 23971 op, 40250637.00 ns, 1.6791 us/op
WorkloadResult   2: 23971 op, 40182247.00 ns, 1.6763 us/op
WorkloadResult   3: 23971 op, 40393375.00 ns, 1.6851 us/op
WorkloadResult   4: 23971 op, 40222189.00 ns, 1.6780 us/op
WorkloadResult   5: 23971 op, 40531552.00 ns, 1.6909 us/op
WorkloadResult   6: 23971 op, 40123442.00 ns, 1.6738 us/op
// GC:  0 0 0 0 23971
// Threading:  0 0 23971

// AfterAll
// Benchmark Process 5130 has exited with code 0.

Mean = 1.681 us, StdErr = 0.003 us (0.15%), N = 6, StdDev = 0.006 us
Min = 1.674 us, Q1 = 1.677 us, Median = 1.679 us, Q3 = 1.684 us, Max = 1.691 us
IQR = 0.007 us, LowerFence = 1.666 us, UpperFence = 1.694 us
ConfidenceInterval = [1.663 us; 1.698 us] (CI 99.9%), Margin = 0.018 us (1.05% of Mean)
Skewness = 0.53, Kurtosis = 1.5, MValue = 2

// ** Remained 20 (40.0 %) benchmark(s) to run. Estimated finish 2026-10-09 23:00 (0h 0m from now) **
// **************************
// Benchmark: CodecSuite.Run: campaign(EvaluateOverhead=False, Clock=Armonik.Ffi.Bdn.CpuClock, IterationCount=6, IterationTime=40ms, LaunchCount=1, RunStrategy=Throughput, WarmupCount=25) [Case=core-(...)etain [42]]
// *** Execute ***
// Launch: 1 / 1
// Execute: dotnet BenchDotNet-campaign-1.dll --anonymousPipes 117 118 --benchmarkName "Armonik.Ffi.Bdn.CodecSuite.Run(Case: \"core-ffi|encode-core-hot|P5.1|ascii|retain\")" --job campaign --benchmarkId 30 in /home/user/ArmoniK.Api/ffi/poc/csharp/src/BenchDotNet/bin/Release/net8.0/BenchDotNet-campaign-1/bin/Release/net8.0
// BeforeAnythingElse

// Benchmark Process Environment Information:
// BenchmarkDotNet v0.15.8
// Runtime=.NET 8.0.31 (8.0.31, 8.0.3126.42015), X64 RyuJIT x86-64-v4
// GC=Concurrent Workstation
// HardwareIntrinsics=AVX512 F+BW+CD+DQ+VL,AVX2+BMI1+BMI2+F16C+FMA+LZCNT+MOVBE,AVX,SSE3+SSSE3+SSE4.1+SSE4.2+POPCNT,X86Base+SSE+SSE2,AES+PCLMUL VectorSize=256
// Job: campaign(EvaluateOverhead=False, Clock=Armonik.Ffi.Bdn.CpuClock, IterationCount=6, IterationTime=40ms, LaunchCount=1, RunStrategy=Throughput, WarmupCount=25)

OverheadJitting  1: 1 op, 241767.00 ns, 241.7670 us/op
WorkloadJitting  1: 1 op, 3450619.00 ns, 3.4506 ms/op

WorkloadPilot    1: 4 op, 10452.00 ns, 2.6130 us/op
WorkloadPilot    2: 15308 op, 5007287.00 ns, 327.1026 ns/op
WorkloadPilot    3: 122286 op, 39353080.00 ns, 321.8118 ns/op
WorkloadPilot    4: 124296 op, 39527336.00 ns, 318.0097 ns/op
WorkloadPilot    5: 125782 op, 41927993.00 ns, 333.3386 ns/op
WorkloadPilot    6: 119998 op, 24879032.00 ns, 207.3287 ns/op
WorkloadPilot    7: 192930 op, 21168451.00 ns, 109.7209 ns/op
WorkloadPilot    8: 364561 op, 41639489.00 ns, 114.2182 ns/op
WorkloadPilot    9: 350207 op, 43416882.00 ns, 123.9749 ns/op

WorkloadWarmup   1: 350207 op, 39943211.00 ns, 114.0560 ns/op
WorkloadWarmup   2: 350207 op, 44345493.00 ns, 126.6265 ns/op
WorkloadWarmup   3: 350207 op, 38169501.00 ns, 108.9913 ns/op
WorkloadWarmup   4: 350207 op, 38119761.00 ns, 108.8492 ns/op
WorkloadWarmup   5: 350207 op, 38149381.00 ns, 108.9338 ns/op
WorkloadWarmup   6: 350207 op, 37929489.00 ns, 108.3059 ns/op
WorkloadWarmup   7: 350207 op, 37935533.00 ns, 108.3232 ns/op
WorkloadWarmup   8: 350207 op, 37967094.00 ns, 108.4133 ns/op
WorkloadWarmup   9: 350207 op, 37873456.00 ns, 108.1459 ns/op
WorkloadWarmup  10: 350207 op, 37864204.00 ns, 108.1195 ns/op
WorkloadWarmup  11: 350207 op, 39685383.00 ns, 113.3198 ns/op
WorkloadWarmup  12: 350207 op, 37955870.00 ns, 108.3812 ns/op
WorkloadWarmup  13: 350207 op, 37855171.00 ns, 108.0937 ns/op
WorkloadWarmup  14: 350207 op, 43390936.00 ns, 123.9008 ns/op
WorkloadWarmup  15: 350207 op, 37904730.00 ns, 108.2352 ns/op
WorkloadWarmup  16: 350207 op, 37835410.00 ns, 108.0373 ns/op
WorkloadWarmup  17: 350207 op, 37900498.00 ns, 108.2231 ns/op
WorkloadWarmup  18: 350207 op, 37993090.00 ns, 108.4875 ns/op
WorkloadWarmup  19: 350207 op, 37798514.00 ns, 107.9319 ns/op
WorkloadWarmup  20: 350207 op, 37790797.00 ns, 107.9099 ns/op
WorkloadWarmup  21: 350207 op, 37782723.00 ns, 107.8868 ns/op
WorkloadWarmup  22: 350207 op, 37881876.00 ns, 108.1700 ns/op
WorkloadWarmup  23: 350207 op, 37896983.00 ns, 108.2131 ns/op
WorkloadWarmup  24: 350207 op, 37918197.00 ns, 108.2737 ns/op
WorkloadWarmup  25: 350207 op, 41927908.00 ns, 119.7232 ns/op

// BeforeActualRun
WorkloadActual   1: 350207 op, 40378148.00 ns, 115.2979 ns/op
WorkloadActual   2: 350207 op, 38021674.00 ns, 108.5691 ns/op
WorkloadActual   3: 350207 op, 39094581.00 ns, 111.6328 ns/op
WorkloadActual   4: 350207 op, 38369542.00 ns, 109.5625 ns/op
WorkloadActual   5: 350207 op, 38964534.00 ns, 111.2614 ns/op
WorkloadActual   6: 350207 op, 38013996.00 ns, 108.5472 ns/op

// AfterActualRun
WorkloadResult   1: 350207 op, 40378148.00 ns, 115.2979 ns/op
WorkloadResult   2: 350207 op, 38021674.00 ns, 108.5691 ns/op
WorkloadResult   3: 350207 op, 39094581.00 ns, 111.6328 ns/op
WorkloadResult   4: 350207 op, 38369542.00 ns, 109.5625 ns/op
WorkloadResult   5: 350207 op, 38964534.00 ns, 111.2614 ns/op
WorkloadResult   6: 350207 op, 38013996.00 ns, 108.5472 ns/op
// GC:  0 0 0 0 350207
// Threading:  0 0 350207

// AfterAll
// Benchmark Process 5142 has exited with code 0.

Mean = 110.812 ns, StdErr = 1.044 ns (0.94%), N = 6, StdDev = 2.558 ns
Min = 108.547 ns, Q1 = 108.817 ns, Median = 110.412 ns, Q3 = 111.540 ns, Max = 115.298 ns
IQR = 2.722 ns, LowerFence = 104.734 ns, UpperFence = 115.624 ns
ConfidenceInterval = [103.638 ns; 117.985 ns] (CI 99.9%), Margin = 7.173 ns (6.47% of Mean)
Skewness = 0.66, Kurtosis = 1.79, MValue = 2

// ** Remained 19 (38.0 %) benchmark(s) to run. Estimated finish 2026-10-09 23:00 (0h 0m from now) **
// **************************
// Benchmark: CodecSuite.Run: campaign(EvaluateOverhead=False, Clock=Armonik.Ffi.Bdn.CpuClock, IterationCount=6, IterationTime=40ms, LaunchCount=1, RunStrategy=Throughput, WarmupCount=25) [Case=core-(...)etain [42]]
// *** Execute ***
// Launch: 1 / 1
// Execute: dotnet BenchDotNet-campaign-1.dll --anonymousPipes 117 118 --benchmarkName "Armonik.Ffi.Bdn.CodecSuite.Run(Case: \"core-ffi|encode-core-hot|P5.4|ascii|retain\")" --job campaign --benchmarkId 31 in /home/user/ArmoniK.Api/ffi/poc/csharp/src/BenchDotNet/bin/Release/net8.0/BenchDotNet-campaign-1/bin/Release/net8.0
// BeforeAnythingElse

// Benchmark Process Environment Information:
// BenchmarkDotNet v0.15.8
// Runtime=.NET 8.0.31 (8.0.31, 8.0.3126.42015), X64 RyuJIT x86-64-v4
// GC=Concurrent Workstation
// HardwareIntrinsics=AVX512 F+BW+CD+DQ+VL,AVX2+BMI1+BMI2+F16C+FMA+LZCNT+MOVBE,AVX,SSE3+SSSE3+SSE4.1+SSE4.2+POPCNT,X86Base+SSE+SSE2,AES+PCLMUL VectorSize=256
// Job: campaign(EvaluateOverhead=False, Clock=Armonik.Ffi.Bdn.CpuClock, IterationCount=6, IterationTime=40ms, LaunchCount=1, RunStrategy=Throughput, WarmupCount=25)

OverheadJitting  1: 1 op, 253012.00 ns, 253.0120 us/op
WorkloadJitting  1: 1 op, 7028645.00 ns, 7.0286 ms/op

WorkloadPilot    1: 4 op, 1994651.00 ns, 498.6628 us/op
WorkloadPilot    2: 80 op, 23833997.00 ns, 297.9250 us/op
WorkloadPilot    3: 134 op, 34310044.00 ns, 256.0451 us/op
WorkloadPilot    4: 156 op, 39420795.00 ns, 252.6974 us/op
WorkloadPilot    5: 158 op, 39769853.00 ns, 251.7079 us/op

WorkloadWarmup   1: 158 op, 40115749.00 ns, 253.8971 us/op
WorkloadWarmup   2: 158 op, 39841650.00 ns, 252.1623 us/op
WorkloadWarmup   3: 158 op, 39769103.00 ns, 251.7032 us/op
WorkloadWarmup   4: 158 op, 40475327.00 ns, 256.1730 us/op
WorkloadWarmup   5: 158 op, 44841772.00 ns, 283.8087 us/op
WorkloadWarmup   6: 158 op, 39940942.00 ns, 252.7908 us/op
WorkloadWarmup   7: 158 op, 39141261.00 ns, 247.7295 us/op
WorkloadWarmup   8: 158 op, 39020733.00 ns, 246.9667 us/op
WorkloadWarmup   9: 158 op, 39571963.00 ns, 250.4555 us/op
WorkloadWarmup  10: 158 op, 39240709.00 ns, 248.3589 us/op
WorkloadWarmup  11: 158 op, 39171842.00 ns, 247.9231 us/op
WorkloadWarmup  12: 158 op, 39202120.00 ns, 248.1147 us/op
WorkloadWarmup  13: 158 op, 39141775.00 ns, 247.7328 us/op
WorkloadWarmup  14: 158 op, 39471626.00 ns, 249.8204 us/op
WorkloadWarmup  15: 158 op, 39263507.00 ns, 248.5032 us/op
WorkloadWarmup  16: 158 op, 39185051.00 ns, 248.0067 us/op
WorkloadWarmup  17: 158 op, 39583055.00 ns, 250.5257 us/op
WorkloadWarmup  18: 158 op, 39435989.00 ns, 249.5949 us/op
WorkloadWarmup  19: 158 op, 46019007.00 ns, 291.2595 us/op
WorkloadWarmup  20: 158 op, 42301066.00 ns, 267.7283 us/op
WorkloadWarmup  21: 158 op, 40007618.00 ns, 253.2128 us/op
WorkloadWarmup  22: 158 op, 40130350.00 ns, 253.9896 us/op
WorkloadWarmup  23: 158 op, 39988528.00 ns, 253.0919 us/op
WorkloadWarmup  24: 158 op, 40663032.00 ns, 257.3610 us/op
WorkloadWarmup  25: 158 op, 40296432.00 ns, 255.0407 us/op

// BeforeActualRun
WorkloadActual   1: 158 op, 43520907.00 ns, 275.4488 us/op
WorkloadActual   2: 158 op, 41778845.00 ns, 264.4231 us/op
WorkloadActual   3: 158 op, 41613168.00 ns, 263.3745 us/op
WorkloadActual   4: 158 op, 45043789.00 ns, 285.0873 us/op
WorkloadActual   5: 158 op, 43222424.00 ns, 273.5596 us/op
WorkloadActual   6: 158 op, 45634038.00 ns, 288.8230 us/op

// AfterActualRun
WorkloadResult   1: 158 op, 43520907.00 ns, 275.4488 us/op
WorkloadResult   2: 158 op, 41778845.00 ns, 264.4231 us/op
WorkloadResult   3: 158 op, 41613168.00 ns, 263.3745 us/op
WorkloadResult   4: 158 op, 45043789.00 ns, 285.0873 us/op
WorkloadResult   5: 158 op, 43222424.00 ns, 273.5596 us/op
WorkloadResult   6: 158 op, 45634038.00 ns, 288.8230 us/op
// GC:  0 0 0 0 158
// Threading:  0 0 158

// AfterAll
// Benchmark Process 5154 has exited with code 0.

Mean = 275.119 us, StdErr = 4.251 us (1.55%), N = 6, StdDev = 10.412 us
Min = 263.374 us, Q1 = 266.707 us, Median = 274.504 us, Q3 = 282.678 us, Max = 288.823 us
IQR = 15.970 us, LowerFence = 242.752 us, UpperFence = 306.633 us
ConfidenceInterval = [245.922 us; 304.316 us] (CI 99.9%), Margin = 29.197 us (10.61% of Mean)
Skewness = 0.11, Kurtosis = 1.1, MValue = 2

// ** Remained 18 (36.0 %) benchmark(s) to run. Estimated finish 2026-10-09 23:00 (0h 0m from now) **
// **************************
// Benchmark: CodecSuite.Run: campaign(EvaluateOverhead=False, Clock=Armonik.Ffi.Bdn.CpuClock, IterationCount=6, IterationTime=40ms, LaunchCount=1, RunStrategy=Throughput, WarmupCount=25) [Case=core-(...)|drop [40]]
// *** Execute ***
// Launch: 1 / 1
// Execute: dotnet BenchDotNet-campaign-1.dll --anonymousPipes 117 118 --benchmarkName "Armonik.Ffi.Bdn.CodecSuite.Run(Case: \"core-ffi|encode-core-hot|P2.3|ascii|drop\")" --job campaign --benchmarkId 32 in /home/user/ArmoniK.Api/ffi/poc/csharp/src/BenchDotNet/bin/Release/net8.0/BenchDotNet-campaign-1/bin/Release/net8.0
// BeforeAnythingElse

// Benchmark Process Environment Information:
// BenchmarkDotNet v0.15.8
// Runtime=.NET 8.0.31 (8.0.31, 8.0.3126.42015), X64 RyuJIT x86-64-v4
// GC=Concurrent Workstation
// HardwareIntrinsics=AVX512 F+BW+CD+DQ+VL,AVX2+BMI1+BMI2+F16C+FMA+LZCNT+MOVBE,AVX,SSE3+SSSE3+SSE4.1+SSE4.2+POPCNT,X86Base+SSE+SSE2,AES+PCLMUL VectorSize=256
// Job: campaign(EvaluateOverhead=False, Clock=Armonik.Ffi.Bdn.CpuClock, IterationCount=6, IterationTime=40ms, LaunchCount=1, RunStrategy=Throughput, WarmupCount=25)

OverheadJitting  1: 1 op, 241842.00 ns, 241.8420 us/op
WorkloadJitting  1: 1 op, 11814685.00 ns, 11.8147 ms/op

WorkloadPilot    1: 4 op, 9062740.00 ns, 2.2657 ms/op
WorkloadPilot    2: 18 op, 16297547.00 ns, 905.4193 us/op
WorkloadPilot    3: 44 op, 38577537.00 ns, 876.7622 us/op
WorkloadPilot    4: 46 op, 41761058.00 ns, 907.8491 us/op
WorkloadPilot    5: 44 op, 41172371.00 ns, 935.7357 us/op

WorkloadWarmup   1: 44 op, 26063524.00 ns, 592.3528 us/op
WorkloadWarmup   2: 44 op, 25980840.00 ns, 590.4736 us/op
WorkloadWarmup   3: 44 op, 25943946.00 ns, 589.6351 us/op
WorkloadWarmup   4: 44 op, 26069650.00 ns, 592.4920 us/op
WorkloadWarmup   5: 44 op, 25927530.00 ns, 589.2620 us/op
WorkloadWarmup   6: 44 op, 26444519.00 ns, 601.0118 us/op
WorkloadWarmup   7: 44 op, 31790326.00 ns, 722.5074 us/op
WorkloadWarmup   8: 44 op, 27018907.00 ns, 614.0661 us/op
WorkloadWarmup   9: 44 op, 25690781.00 ns, 583.8814 us/op
WorkloadWarmup  10: 44 op, 25729797.00 ns, 584.7681 us/op
WorkloadWarmup  11: 44 op, 25456156.00 ns, 578.5490 us/op
WorkloadWarmup  12: 44 op, 26184124.00 ns, 595.0937 us/op
WorkloadWarmup  13: 44 op, 25417806.00 ns, 577.6774 us/op
WorkloadWarmup  14: 44 op, 27217214.00 ns, 618.5730 us/op
WorkloadWarmup  15: 44 op, 25912726.00 ns, 588.9256 us/op
WorkloadWarmup  16: 44 op, 25215327.00 ns, 573.0756 us/op
WorkloadWarmup  17: 44 op, 27461250.00 ns, 624.1193 us/op
WorkloadWarmup  18: 44 op, 25357258.00 ns, 576.3013 us/op
WorkloadWarmup  19: 44 op, 26945903.00 ns, 612.4069 us/op
WorkloadWarmup  20: 44 op, 26502572.00 ns, 602.3312 us/op
WorkloadWarmup  21: 44 op, 25080694.00 ns, 570.0158 us/op
WorkloadWarmup  22: 44 op, 26799467.00 ns, 609.0788 us/op
WorkloadWarmup  23: 44 op, 25372383.00 ns, 576.6451 us/op
WorkloadWarmup  24: 44 op, 30220112.00 ns, 686.8207 us/op
WorkloadWarmup  25: 44 op, 26202046.00 ns, 595.5010 us/op

// BeforeActualRun
WorkloadActual   1: 44 op, 30606690.00 ns, 695.6066 us/op
WorkloadActual   2: 44 op, 26605456.00 ns, 604.6695 us/op
WorkloadActual   3: 44 op, 25871465.00 ns, 587.9878 us/op
WorkloadActual   4: 44 op, 26140110.00 ns, 594.0934 us/op
WorkloadActual   5: 44 op, 25994710.00 ns, 590.7889 us/op
WorkloadActual   6: 44 op, 25570594.00 ns, 581.1499 us/op

// AfterActualRun
WorkloadResult   1: 44 op, 26605456.00 ns, 604.6695 us/op
WorkloadResult   2: 44 op, 25871465.00 ns, 587.9878 us/op
WorkloadResult   3: 44 op, 26140110.00 ns, 594.0934 us/op
WorkloadResult   4: 44 op, 25994710.00 ns, 590.7889 us/op
WorkloadResult   5: 44 op, 25570594.00 ns, 581.1499 us/op
// GC:  0 0 0 0 44
// Threading:  0 0 44

// AfterAll
// Benchmark Process 5164 has exited with code 0.

Mean = 591.738 us, StdErr = 3.872 us (0.65%), N = 5, StdDev = 8.658 us
Min = 581.150 us, Q1 = 587.988 us, Median = 590.789 us, Q3 = 594.093 us, Max = 604.669 us
IQR = 6.106 us, LowerFence = 578.829 us, UpperFence = 603.252 us
ConfidenceInterval = [558.399 us; 625.077 us] (CI 99.9%), Margin = 33.339 us (5.63% of Mean)
Skewness = 0.29, Kurtosis = 1.45, MValue = 2

// ** Remained 17 (34.0 %) benchmark(s) to run. Estimated finish 2026-10-09 23:00 (0h 0m from now) **
// **************************
// Benchmark: CodecSuite.Run: campaign(EvaluateOverhead=False, Clock=Armonik.Ffi.Bdn.CpuClock, IterationCount=6, IterationTime=40ms, LaunchCount=1, RunStrategy=Throughput, WarmupCount=25) [Case=core-(...)etain [42]]
// *** Execute ***
// Launch: 1 / 1
// Execute: dotnet BenchDotNet-campaign-1.dll --anonymousPipes 117 118 --benchmarkName "Armonik.Ffi.Bdn.CodecSuite.Run(Case: \"core-ffi|encode-core-hot|P3.1|ascii|retain\")" --job campaign --benchmarkId 33 in /home/user/ArmoniK.Api/ffi/poc/csharp/src/BenchDotNet/bin/Release/net8.0/BenchDotNet-campaign-1/bin/Release/net8.0
// BeforeAnythingElse

// Benchmark Process Environment Information:
// BenchmarkDotNet v0.15.8
// Runtime=.NET 8.0.31 (8.0.31, 8.0.3126.42015), X64 RyuJIT x86-64-v4
// GC=Concurrent Workstation
// HardwareIntrinsics=AVX512 F+BW+CD+DQ+VL,AVX2+BMI1+BMI2+F16C+FMA+LZCNT+MOVBE,AVX,SSE3+SSSE3+SSE4.1+SSE4.2+POPCNT,X86Base+SSE+SSE2,AES+PCLMUL VectorSize=256
// Job: campaign(EvaluateOverhead=False, Clock=Armonik.Ffi.Bdn.CpuClock, IterationCount=6, IterationTime=40ms, LaunchCount=1, RunStrategy=Throughput, WarmupCount=25)

OverheadJitting  1: 1 op, 434304.00 ns, 434.3040 us/op
WorkloadJitting  1: 1 op, 5074212.00 ns, 5.0742 ms/op

WorkloadPilot    1: 4 op, 160175.00 ns, 40.0438 us/op
WorkloadPilot    2: 999 op, 32255974.00 ns, 32.2883 us/op
WorkloadPilot    3: 1239 op, 38669882.00 ns, 31.2106 us/op
WorkloadPilot    4: 1282 op, 49673939.00 ns, 38.7472 us/op
WorkloadPilot    5: 1032 op, 17975239.00 ns, 17.4179 us/op
WorkloadPilot    6: 2296 op, 54455895.00 ns, 23.7177 us/op
WorkloadPilot    7: 1687 op, 24173396.00 ns, 14.3292 us/op
WorkloadPilot    8: 2791 op, 40234456.00 ns, 14.4158 us/op

WorkloadWarmup   1: 2791 op, 39740213.00 ns, 14.2387 us/op
WorkloadWarmup   2: 2791 op, 39598390.00 ns, 14.1879 us/op
WorkloadWarmup   3: 2791 op, 39619857.00 ns, 14.1956 us/op
WorkloadWarmup   4: 2791 op, 39615403.00 ns, 14.1940 us/op
WorkloadWarmup   5: 2791 op, 39750066.00 ns, 14.2422 us/op
WorkloadWarmup   6: 2791 op, 41484630.00 ns, 14.8637 us/op
WorkloadWarmup   7: 2791 op, 47918437.00 ns, 17.1689 us/op
WorkloadWarmup   8: 2791 op, 41558328.00 ns, 14.8901 us/op
WorkloadWarmup   9: 2791 op, 41414504.00 ns, 14.8386 us/op
WorkloadWarmup  10: 2791 op, 41738250.00 ns, 14.9546 us/op
WorkloadWarmup  11: 2791 op, 43783098.00 ns, 15.6872 us/op
WorkloadWarmup  12: 2791 op, 40665826.00 ns, 14.5703 us/op
WorkloadWarmup  13: 2791 op, 41098330.00 ns, 14.7253 us/op
WorkloadWarmup  14: 2791 op, 43913688.00 ns, 15.7340 us/op
WorkloadWarmup  15: 2791 op, 42242932.00 ns, 15.1354 us/op
WorkloadWarmup  16: 2791 op, 40829645.00 ns, 14.6290 us/op
WorkloadWarmup  17: 2791 op, 40115247.00 ns, 14.3731 us/op
WorkloadWarmup  18: 2791 op, 39843149.00 ns, 14.2756 us/op
WorkloadWarmup  19: 2791 op, 40036093.00 ns, 14.3447 us/op
WorkloadWarmup  20: 2791 op, 39791109.00 ns, 14.2569 us/op
WorkloadWarmup  21: 2791 op, 39724337.00 ns, 14.2330 us/op
WorkloadWarmup  22: 2791 op, 39844983.00 ns, 14.2762 us/op
WorkloadWarmup  23: 2791 op, 39828008.00 ns, 14.2702 us/op
WorkloadWarmup  24: 2791 op, 39583427.00 ns, 14.1825 us/op
WorkloadWarmup  25: 2791 op, 39794159.00 ns, 14.2580 us/op

// BeforeActualRun
WorkloadActual   1: 2791 op, 39743645.00 ns, 14.2399 us/op
WorkloadActual   2: 2791 op, 39612074.00 ns, 14.1928 us/op
WorkloadActual   3: 2791 op, 39633979.00 ns, 14.2006 us/op
WorkloadActual   4: 2791 op, 39625797.00 ns, 14.1977 us/op
WorkloadActual   5: 2791 op, 40055136.00 ns, 14.3515 us/op
WorkloadActual   6: 2791 op, 39897018.00 ns, 14.2949 us/op

// AfterActualRun
WorkloadResult   1: 2791 op, 39743645.00 ns, 14.2399 us/op
WorkloadResult   2: 2791 op, 39612074.00 ns, 14.1928 us/op
WorkloadResult   3: 2791 op, 39633979.00 ns, 14.2006 us/op
WorkloadResult   4: 2791 op, 39625797.00 ns, 14.1977 us/op
WorkloadResult   5: 2791 op, 40055136.00 ns, 14.3515 us/op
WorkloadResult   6: 2791 op, 39897018.00 ns, 14.2949 us/op
// GC:  0 0 0 0 2791
// Threading:  0 0 2791

// AfterAll
// Benchmark Process 5176 has exited with code 0.

Mean = 14.246 us, StdErr = 0.026 us (0.18%), N = 6, StdDev = 0.064 us
Min = 14.193 us, Q1 = 14.198 us, Median = 14.220 us, Q3 = 14.281 us, Max = 14.352 us
IQR = 0.083 us, LowerFence = 14.074 us, UpperFence = 14.405 us
ConfidenceInterval = [14.065 us; 14.427 us] (CI 99.9%), Margin = 0.181 us (1.27% of Mean)
Skewness = 0.57, Kurtosis = 1.41, MValue = 2

// ** Remained 16 (32.0 %) benchmark(s) to run. Estimated finish 2026-10-09 23:00 (0h 0m from now) **
// **************************
// Benchmark: CodecSuite.Run: campaign(EvaluateOverhead=False, Clock=Armonik.Ffi.Bdn.CpuClock, IterationCount=6, IterationTime=40ms, LaunchCount=1, RunStrategy=Throughput, WarmupCount=25) [Case=core-(...)|drop [41]]
// *** Execute ***
// Launch: 1 / 1
// Execute: dotnet BenchDotNet-campaign-1.dll --anonymousPipes 117 118 --benchmarkName "Armonik.Ffi.Bdn.CodecSuite.Run(Case: \"core-ffi|encode-core-hot|P2.2|latin1|drop\")" --job campaign --benchmarkId 34 in /home/user/ArmoniK.Api/ffi/poc/csharp/src/BenchDotNet/bin/Release/net8.0/BenchDotNet-campaign-1/bin/Release/net8.0
// BeforeAnythingElse

// Benchmark Process Environment Information:
// BenchmarkDotNet v0.15.8
// Runtime=.NET 8.0.31 (8.0.31, 8.0.3126.42015), X64 RyuJIT x86-64-v4
// GC=Concurrent Workstation
// HardwareIntrinsics=AVX512 F+BW+CD+DQ+VL,AVX2+BMI1+BMI2+F16C+FMA+LZCNT+MOVBE,AVX,SSE3+SSSE3+SSE4.1+SSE4.2+POPCNT,X86Base+SSE+SSE2,AES+PCLMUL VectorSize=256
// Job: campaign(EvaluateOverhead=False, Clock=Armonik.Ffi.Bdn.CpuClock, IterationCount=6, IterationTime=40ms, LaunchCount=1, RunStrategy=Throughput, WarmupCount=25)

OverheadJitting  1: 1 op, 287087.00 ns, 287.0870 us/op
WorkloadJitting  1: 1 op, 13301906.00 ns, 13.3019 ms/op

WorkloadPilot    1: 4 op, 18453474.00 ns, 4.6134 ms/op
WorkloadPilot    2: 9 op, 32108355.00 ns, 3.5676 ms/op
WorkloadPilot    3: 11 op, 16443828.00 ns, 1.4949 ms/op
WorkloadPilot    4: 27 op, 43245773.00 ns, 1.6017 ms/op
WorkloadPilot    5: 25 op, 33229292.00 ns, 1.3292 ms/op
WorkloadPilot    6: 30 op, 50889786.00 ns, 1.6963 ms/op
WorkloadPilot    7: 24 op, 26959774.00 ns, 1.1233 ms/op
WorkloadPilot    8: 36 op, 38759182.00 ns, 1.0766 ms/op

WorkloadWarmup   1: 36 op, 38836953.00 ns, 1.0788 ms/op
WorkloadWarmup   2: 36 op, 39685584.00 ns, 1.1024 ms/op
WorkloadWarmup   3: 36 op, 38789657.00 ns, 1.0775 ms/op
WorkloadWarmup   4: 36 op, 39949095.00 ns, 1.1097 ms/op
WorkloadWarmup   5: 36 op, 39552613.00 ns, 1.0987 ms/op
WorkloadWarmup   6: 36 op, 38659474.00 ns, 1.0739 ms/op
WorkloadWarmup   7: 36 op, 38461003.00 ns, 1.0684 ms/op
WorkloadWarmup   8: 36 op, 38515935.00 ns, 1.0699 ms/op
WorkloadWarmup   9: 36 op, 38605765.00 ns, 1.0724 ms/op
WorkloadWarmup  10: 36 op, 38333471.00 ns, 1.0648 ms/op
WorkloadWarmup  11: 36 op, 40723243.00 ns, 1.1312 ms/op
WorkloadWarmup  12: 36 op, 38710127.00 ns, 1.0753 ms/op
WorkloadWarmup  13: 36 op, 38625440.00 ns, 1.0729 ms/op
WorkloadWarmup  14: 36 op, 38534177.00 ns, 1.0704 ms/op
WorkloadWarmup  15: 36 op, 39522731.00 ns, 1.0979 ms/op
WorkloadWarmup  16: 36 op, 39857400.00 ns, 1.1072 ms/op
WorkloadWarmup  17: 36 op, 39460460.00 ns, 1.0961 ms/op
WorkloadWarmup  18: 36 op, 39241805.00 ns, 1.0901 ms/op
WorkloadWarmup  19: 36 op, 38788583.00 ns, 1.0775 ms/op
WorkloadWarmup  20: 36 op, 39096054.00 ns, 1.0860 ms/op
WorkloadWarmup  21: 36 op, 38810243.00 ns, 1.0781 ms/op
WorkloadWarmup  22: 36 op, 39073084.00 ns, 1.0854 ms/op
WorkloadWarmup  23: 36 op, 39355195.00 ns, 1.0932 ms/op
WorkloadWarmup  24: 36 op, 38971968.00 ns, 1.0826 ms/op
WorkloadWarmup  25: 36 op, 39146096.00 ns, 1.0874 ms/op

// BeforeActualRun
WorkloadActual   1: 36 op, 41347755.00 ns, 1.1485 ms/op
WorkloadActual   2: 36 op, 40250338.00 ns, 1.1181 ms/op
WorkloadActual   3: 36 op, 38892616.00 ns, 1.0804 ms/op
WorkloadActual   4: 36 op, 39658552.00 ns, 1.1016 ms/op
WorkloadActual   5: 36 op, 39484372.00 ns, 1.0968 ms/op
WorkloadActual   6: 36 op, 38503687.00 ns, 1.0695 ms/op

// AfterActualRun
WorkloadResult   1: 36 op, 41347755.00 ns, 1.1485 ms/op
WorkloadResult   2: 36 op, 40250338.00 ns, 1.1181 ms/op
WorkloadResult   3: 36 op, 38892616.00 ns, 1.0804 ms/op
WorkloadResult   4: 36 op, 39658552.00 ns, 1.1016 ms/op
WorkloadResult   5: 36 op, 39484372.00 ns, 1.0968 ms/op
WorkloadResult   6: 36 op, 38503687.00 ns, 1.0695 ms/op
// GC:  0 0 0 0 36
// Threading:  0 0 36

// AfterAll
// Benchmark Process 5185 has exited with code 0.

Mean = 1.102 ms, StdErr = 0.012 ms (1.04%), N = 6, StdDev = 0.028 ms
Min = 1.070 ms, Q1 = 1.084 ms, Median = 1.099 ms, Q3 = 1.114 ms, Max = 1.149 ms
IQR = 0.029 ms, LowerFence = 1.040 ms, UpperFence = 1.158 ms
ConfidenceInterval = [1.023 ms; 1.182 ms] (CI 99.9%), Margin = 0.079 ms (7.17% of Mean)
Skewness = 0.41, Kurtosis = 1.58, MValue = 2

// ** Remained 15 (30.0 %) benchmark(s) to run. Estimated finish 2026-10-09 23:00 (0h 0m from now) **
// **************************
// Benchmark: CodecSuite.Run: campaign(EvaluateOverhead=False, Clock=Armonik.Ffi.Bdn.CpuClock, IterationCount=6, IterationTime=40ms, LaunchCount=1, RunStrategy=Throughput, WarmupCount=25) [Case=core-(...)|drop [40]]
// *** Execute ***
// Launch: 1 / 1
// Execute: dotnet BenchDotNet-campaign-1.dll --anonymousPipes 117 118 --benchmarkName "Armonik.Ffi.Bdn.CodecSuite.Run(Case: \"core-ffi|encode-core-hot|P2.1|ascii|drop\")" --job campaign --benchmarkId 35 in /home/user/ArmoniK.Api/ffi/poc/csharp/src/BenchDotNet/bin/Release/net8.0/BenchDotNet-campaign-1/bin/Release/net8.0
// BeforeAnythingElse

// Benchmark Process Environment Information:
// BenchmarkDotNet v0.15.8
// Runtime=.NET 8.0.31 (8.0.31, 8.0.3126.42015), X64 RyuJIT x86-64-v4
// GC=Concurrent Workstation
// HardwareIntrinsics=AVX512 F+BW+CD+DQ+VL,AVX2+BMI1+BMI2+F16C+FMA+LZCNT+MOVBE,AVX,SSE3+SSSE3+SSE4.1+SSE4.2+POPCNT,X86Base+SSE+SSE2,AES+PCLMUL VectorSize=256
// Job: campaign(EvaluateOverhead=False, Clock=Armonik.Ffi.Bdn.CpuClock, IterationCount=6, IterationTime=40ms, LaunchCount=1, RunStrategy=Throughput, WarmupCount=25)

OverheadJitting  1: 1 op, 282673.00 ns, 282.6730 us/op
WorkloadJitting  1: 1 op, 9021464.00 ns, 9.0215 ms/op

WorkloadPilot    1: 4 op, 42697.00 ns, 10.6743 us/op
WorkloadPilot    2: 3747 op, 10142031.00 ns, 2.7067 us/op
WorkloadPilot    3: 14778 op, 40041049.00 ns, 2.7095 us/op
WorkloadPilot    4: 14763 op, 38979116.00 ns, 2.6403 us/op
WorkloadPilot    5: 15150 op, 38924034.00 ns, 2.5692 us/op
WorkloadPilot    6: 15569 op, 40312053.00 ns, 2.5893 us/op
WorkloadPilot    7: 15448 op, 44572425.00 ns, 2.8853 us/op

WorkloadWarmup   1: 15448 op, 21553096.00 ns, 1.3952 us/op
WorkloadWarmup   2: 15448 op, 21644956.00 ns, 1.4011 us/op
WorkloadWarmup   3: 15448 op, 21429143.00 ns, 1.3872 us/op
WorkloadWarmup   4: 15448 op, 21192728.00 ns, 1.3719 us/op
WorkloadWarmup   5: 15448 op, 21239571.00 ns, 1.3749 us/op
WorkloadWarmup   6: 15448 op, 21556823.00 ns, 1.3954 us/op
WorkloadWarmup   7: 15448 op, 21180977.00 ns, 1.3711 us/op
WorkloadWarmup   8: 15448 op, 21207611.00 ns, 1.3728 us/op
WorkloadWarmup   9: 15448 op, 21385455.00 ns, 1.3844 us/op
WorkloadWarmup  10: 15448 op, 22152904.00 ns, 1.4340 us/op
WorkloadWarmup  11: 15448 op, 21472972.00 ns, 1.3900 us/op
WorkloadWarmup  12: 15448 op, 21393779.00 ns, 1.3849 us/op
WorkloadWarmup  13: 15448 op, 21349598.00 ns, 1.3820 us/op
WorkloadWarmup  14: 15448 op, 21273592.00 ns, 1.3771 us/op
WorkloadWarmup  15: 15448 op, 21508099.00 ns, 1.3923 us/op
WorkloadWarmup  16: 15448 op, 21600216.00 ns, 1.3983 us/op
WorkloadWarmup  17: 15448 op, 21122003.00 ns, 1.3673 us/op
WorkloadWarmup  18: 15448 op, 21154206.00 ns, 1.3694 us/op
WorkloadWarmup  19: 15448 op, 21196852.00 ns, 1.3721 us/op
WorkloadWarmup  20: 15448 op, 21522234.00 ns, 1.3932 us/op
WorkloadWarmup  21: 15448 op, 21134103.00 ns, 1.3681 us/op
WorkloadWarmup  22: 15448 op, 21215087.00 ns, 1.3733 us/op
WorkloadWarmup  23: 15448 op, 21347106.00 ns, 1.3819 us/op
WorkloadWarmup  24: 15448 op, 21355400.00 ns, 1.3824 us/op
WorkloadWarmup  25: 15448 op, 21312669.00 ns, 1.3796 us/op

// BeforeActualRun
WorkloadActual   1: 15448 op, 21277169.00 ns, 1.3773 us/op
WorkloadActual   2: 15448 op, 21434580.00 ns, 1.3875 us/op
WorkloadActual   3: 15448 op, 21129496.00 ns, 1.3678 us/op
WorkloadActual   4: 15448 op, 21462458.00 ns, 1.3893 us/op
WorkloadActual   5: 15448 op, 21249755.00 ns, 1.3756 us/op
WorkloadActual   6: 15448 op, 21334338.00 ns, 1.3810 us/op

// AfterActualRun
WorkloadResult   1: 15448 op, 21277169.00 ns, 1.3773 us/op
WorkloadResult   2: 15448 op, 21434580.00 ns, 1.3875 us/op
WorkloadResult   3: 15448 op, 21129496.00 ns, 1.3678 us/op
WorkloadResult   4: 15448 op, 21462458.00 ns, 1.3893 us/op
WorkloadResult   5: 15448 op, 21249755.00 ns, 1.3756 us/op
WorkloadResult   6: 15448 op, 21334338.00 ns, 1.3810 us/op
// GC:  0 0 0 0 15448
// Threading:  0 0 15448

// AfterAll
// Benchmark Process 5194 has exited with code 0.

Mean = 1.380 us, StdErr = 0.003 us (0.24%), N = 6, StdDev = 0.008 us
Min = 1.368 us, Q1 = 1.376 us, Median = 1.379 us, Q3 = 1.386 us, Max = 1.389 us
IQR = 0.010 us, LowerFence = 1.361 us, UpperFence = 1.401 us
ConfidenceInterval = [1.357 us; 1.402 us] (CI 99.9%), Margin = 0.022 us (1.63% of Mean)
Skewness = -0.15, Kurtosis = 1.34, MValue = 2

// ** Remained 14 (28.0 %) benchmark(s) to run. Estimated finish 2026-10-09 23:00 (0h 0m from now) **
// **************************
// Benchmark: CodecSuite.Run: campaign(EvaluateOverhead=False, Clock=Armonik.Ffi.Bdn.CpuClock, IterationCount=6, IterationTime=40ms, LaunchCount=1, RunStrategy=Throughput, WarmupCount=25) [Case=core-(...)etain [42]]
// *** Execute ***
// Launch: 1 / 1
// Execute: dotnet BenchDotNet-campaign-1.dll --anonymousPipes 117 118 --benchmarkName "Armonik.Ffi.Bdn.CodecSuite.Run(Case: \"core-ffi|encode-core-hot|P2.5|ascii|retain\")" --job campaign --benchmarkId 36 in /home/user/ArmoniK.Api/ffi/poc/csharp/src/BenchDotNet/bin/Release/net8.0/BenchDotNet-campaign-1/bin/Release/net8.0
// BeforeAnythingElse

// Benchmark Process Environment Information:
// BenchmarkDotNet v0.15.8
// Runtime=.NET 8.0.31 (8.0.31, 8.0.3126.42015), X64 RyuJIT x86-64-v4
// GC=Concurrent Workstation
// HardwareIntrinsics=AVX512 F+BW+CD+DQ+VL,AVX2+BMI1+BMI2+F16C+FMA+LZCNT+MOVBE,AVX,SSE3+SSSE3+SSE4.1+SSE4.2+POPCNT,X86Base+SSE+SSE2,AES+PCLMUL VectorSize=256
// Job: campaign(EvaluateOverhead=False, Clock=Armonik.Ffi.Bdn.CpuClock, IterationCount=6, IterationTime=40ms, LaunchCount=1, RunStrategy=Throughput, WarmupCount=25)

OverheadJitting  1: 1 op, 337198.00 ns, 337.1980 us/op
WorkloadJitting  1: 1 op, 10380389.00 ns, 10.3804 ms/op

WorkloadPilot    1: 4 op, 222794.00 ns, 55.6985 us/op
WorkloadPilot    2: 718 op, 36259508.00 ns, 50.5007 us/op
WorkloadPilot    3: 792 op, 38085756.00 ns, 48.0881 us/op
WorkloadPilot    4: 832 op, 38499266.00 ns, 46.2732 us/op
WorkloadPilot    5: 864 op, 45561468.00 ns, 52.7332 us/op
WorkloadPilot    6: 759 op, 40381329.00 ns, 53.2033 us/op
WorkloadPilot    7: 752 op, 20261400.00 ns, 26.9434 us/op
WorkloadPilot    8: 1485 op, 38010454.00 ns, 25.5963 us/op
WorkloadPilot    9: 1563 op, 40099128.00 ns, 25.6552 us/op

WorkloadWarmup   1: 1563 op, 41465493.00 ns, 26.5294 us/op
WorkloadWarmup   2: 1563 op, 39437036.00 ns, 25.2316 us/op
WorkloadWarmup   3: 1563 op, 38859856.00 ns, 24.8624 us/op
WorkloadWarmup   4: 1563 op, 40697053.00 ns, 26.0378 us/op
WorkloadWarmup   5: 1563 op, 43807277.00 ns, 28.0277 us/op
WorkloadWarmup   6: 1563 op, 46649169.00 ns, 29.8459 us/op
WorkloadWarmup   7: 1563 op, 44638176.00 ns, 28.5593 us/op
WorkloadWarmup   8: 1563 op, 46670631.00 ns, 29.8596 us/op
WorkloadWarmup   9: 1563 op, 39447907.00 ns, 25.2386 us/op
WorkloadWarmup  10: 1563 op, 38335153.00 ns, 24.5266 us/op
WorkloadWarmup  11: 1563 op, 38240071.00 ns, 24.4658 us/op
WorkloadWarmup  12: 1563 op, 38648678.00 ns, 24.7272 us/op
WorkloadWarmup  13: 1563 op, 38300416.00 ns, 24.5044 us/op
WorkloadWarmup  14: 1563 op, 38203448.00 ns, 24.4424 us/op
WorkloadWarmup  15: 1563 op, 38815315.00 ns, 24.8339 us/op
WorkloadWarmup  16: 1563 op, 38294381.00 ns, 24.5006 us/op
WorkloadWarmup  17: 1563 op, 43579396.00 ns, 27.8819 us/op
WorkloadWarmup  18: 1563 op, 53835717.00 ns, 34.4438 us/op
WorkloadWarmup  19: 1563 op, 44716134.00 ns, 28.6092 us/op
WorkloadWarmup  20: 1563 op, 50196359.00 ns, 32.1154 us/op
WorkloadWarmup  21: 1563 op, 45562316.00 ns, 29.1506 us/op
WorkloadWarmup  22: 1563 op, 39449722.00 ns, 25.2397 us/op
WorkloadWarmup  23: 1563 op, 40257502.00 ns, 25.7566 us/op
WorkloadWarmup  24: 1563 op, 39297012.00 ns, 25.1420 us/op
WorkloadWarmup  25: 1563 op, 38979179.00 ns, 24.9387 us/op

// BeforeActualRun
WorkloadActual   1: 1563 op, 39209225.00 ns, 25.0859 us/op
WorkloadActual   2: 1563 op, 38796702.00 ns, 24.8219 us/op
WorkloadActual   3: 1563 op, 39091292.00 ns, 25.0104 us/op
WorkloadActual   4: 1563 op, 40295075.00 ns, 25.7806 us/op
WorkloadActual   5: 1563 op, 38499049.00 ns, 24.6315 us/op
WorkloadActual   6: 1563 op, 38443090.00 ns, 24.5957 us/op

// AfterActualRun
WorkloadResult   1: 1563 op, 39209225.00 ns, 25.0859 us/op
WorkloadResult   2: 1563 op, 38796702.00 ns, 24.8219 us/op
WorkloadResult   3: 1563 op, 39091292.00 ns, 25.0104 us/op
WorkloadResult   4: 1563 op, 38499049.00 ns, 24.6315 us/op
WorkloadResult   5: 1563 op, 38443090.00 ns, 24.5957 us/op
// GC:  0 0 0 0 1563
// Threading:  0 0 1563

// AfterAll
// Benchmark Process 5203 has exited with code 0.

Mean = 24.829 us, StdErr = 0.098 us (0.40%), N = 5, StdDev = 0.219 us
Min = 24.596 us, Q1 = 24.632 us, Median = 24.822 us, Q3 = 25.010 us, Max = 25.086 us
IQR = 0.379 us, LowerFence = 24.063 us, UpperFence = 25.579 us
ConfidenceInterval = [23.985 us; 25.674 us] (CI 99.9%), Margin = 0.844 us (3.40% of Mean)
Skewness = 0.05, Kurtosis = 0.86, MValue = 2

// ** Remained 13 (26.0 %) benchmark(s) to run. Estimated finish 2026-10-09 23:00 (0h 0m from now) **
// **************************
// Benchmark: CodecSuite.Run: campaign(EvaluateOverhead=False, Clock=Armonik.Ffi.Bdn.CpuClock, IterationCount=6, IterationTime=40ms, LaunchCount=1, RunStrategy=Throughput, WarmupCount=25) [Case=core-(...)|drop [40]]
// *** Execute ***
// Launch: 1 / 1
// Execute: dotnet BenchDotNet-campaign-1.dll --anonymousPipes 117 118 --benchmarkName "Armonik.Ffi.Bdn.CodecSuite.Run(Case: \"core-ffi|encode-core-hot|P3.1|ascii|drop\")" --job campaign --benchmarkId 37 in /home/user/ArmoniK.Api/ffi/poc/csharp/src/BenchDotNet/bin/Release/net8.0/BenchDotNet-campaign-1/bin/Release/net8.0
// BeforeAnythingElse

// Benchmark Process Environment Information:
// BenchmarkDotNet v0.15.8
// Runtime=.NET 8.0.31 (8.0.31, 8.0.3126.42015), X64 RyuJIT x86-64-v4
// GC=Concurrent Workstation
// HardwareIntrinsics=AVX512 F+BW+CD+DQ+VL,AVX2+BMI1+BMI2+F16C+FMA+LZCNT+MOVBE,AVX,SSE3+SSSE3+SSE4.1+SSE4.2+POPCNT,X86Base+SSE+SSE2,AES+PCLMUL VectorSize=256
// Job: campaign(EvaluateOverhead=False, Clock=Armonik.Ffi.Bdn.CpuClock, IterationCount=6, IterationTime=40ms, LaunchCount=1, RunStrategy=Throughput, WarmupCount=25)

OverheadJitting  1: 1 op, 273020.00 ns, 273.0200 us/op
WorkloadJitting  1: 1 op, 5098457.00 ns, 5.0985 ms/op

WorkloadPilot    1: 4 op, 157613.00 ns, 39.4033 us/op
WorkloadPilot    2: 1015 op, 30825151.00 ns, 30.3696 us/op
WorkloadPilot    3: 1317 op, 38606770.00 ns, 29.3142 us/op
WorkloadPilot    4: 1365 op, 48492036.00 ns, 35.5253 us/op
WorkloadPilot    5: 1126 op, 16658368.00 ns, 14.7943 us/op
WorkloadPilot    6: 2704 op, 38625273.00 ns, 14.2845 us/op
WorkloadPilot    7: 2800 op, 39654045.00 ns, 14.1622 us/op
WorkloadPilot    8: 2824 op, 39874550.00 ns, 14.1199 us/op
WorkloadPilot    9: 2833 op, 40109474.00 ns, 14.1580 us/op
WorkloadPilot   10: 2825 op, 39942498.00 ns, 14.1389 us/op
WorkloadPilot   11: 2829 op, 40172793.00 ns, 14.2004 us/op

WorkloadWarmup   1: 2829 op, 40515645.00 ns, 14.3215 us/op
WorkloadWarmup   2: 2829 op, 39903686.00 ns, 14.1052 us/op
WorkloadWarmup   3: 2829 op, 39925903.00 ns, 14.1131 us/op
WorkloadWarmup   4: 2829 op, 39844791.00 ns, 14.0844 us/op
WorkloadWarmup   5: 2829 op, 40119777.00 ns, 14.1816 us/op
WorkloadWarmup   6: 2829 op, 40420138.00 ns, 14.2878 us/op
WorkloadWarmup   7: 2829 op, 40410411.00 ns, 14.2843 us/op
WorkloadWarmup   8: 2829 op, 42550457.00 ns, 15.0408 us/op
WorkloadWarmup   9: 2829 op, 40353229.00 ns, 14.2641 us/op
WorkloadWarmup  10: 2829 op, 39996696.00 ns, 14.1381 us/op
WorkloadWarmup  11: 2829 op, 40765030.00 ns, 14.4097 us/op
WorkloadWarmup  12: 2829 op, 39977369.00 ns, 14.1313 us/op
WorkloadWarmup  13: 2829 op, 42134575.00 ns, 14.8938 us/op
WorkloadWarmup  14: 2829 op, 42569048.00 ns, 15.0474 us/op
WorkloadWarmup  15: 2829 op, 39887493.00 ns, 14.0995 us/op
WorkloadWarmup  16: 2829 op, 40706623.00 ns, 14.3891 us/op
WorkloadWarmup  17: 2829 op, 39622652.00 ns, 14.0059 us/op
WorkloadWarmup  18: 2829 op, 39967134.00 ns, 14.1277 us/op
WorkloadWarmup  19: 2829 op, 39765769.00 ns, 14.0565 us/op
WorkloadWarmup  20: 2829 op, 39817360.00 ns, 14.0747 us/op
WorkloadWarmup  21: 2829 op, 40547067.00 ns, 14.3327 us/op
WorkloadWarmup  22: 2829 op, 39960340.00 ns, 14.1253 us/op
WorkloadWarmup  23: 2829 op, 40012965.00 ns, 14.1439 us/op
WorkloadWarmup  24: 2829 op, 40009867.00 ns, 14.1428 us/op
WorkloadWarmup  25: 2829 op, 40269382.00 ns, 14.2345 us/op

// BeforeActualRun
WorkloadActual   1: 2829 op, 40090678.00 ns, 14.1713 us/op
WorkloadActual   2: 2829 op, 39991335.00 ns, 14.1362 us/op
WorkloadActual   3: 2829 op, 40196401.00 ns, 14.2087 us/op
WorkloadActual   4: 2829 op, 39961376.00 ns, 14.1256 us/op
WorkloadActual   5: 2829 op, 40007885.00 ns, 14.1421 us/op
WorkloadActual   6: 2829 op, 40246500.00 ns, 14.2264 us/op

// AfterActualRun
WorkloadResult   1: 2829 op, 40090678.00 ns, 14.1713 us/op
WorkloadResult   2: 2829 op, 39991335.00 ns, 14.1362 us/op
WorkloadResult   3: 2829 op, 40196401.00 ns, 14.2087 us/op
WorkloadResult   4: 2829 op, 39961376.00 ns, 14.1256 us/op
WorkloadResult   5: 2829 op, 40007885.00 ns, 14.1421 us/op
WorkloadResult   6: 2829 op, 40246500.00 ns, 14.2264 us/op
// GC:  0 0 0 0 2829
// Threading:  0 0 2829

// AfterAll
// Benchmark Process 5212 has exited with code 0.

Mean = 14.168 us, StdErr = 0.017 us (0.12%), N = 6, StdDev = 0.041 us
Min = 14.126 us, Q1 = 14.138 us, Median = 14.157 us, Q3 = 14.199 us, Max = 14.226 us
IQR = 0.062 us, LowerFence = 14.045 us, UpperFence = 14.292 us
ConfidenceInterval = [14.052 us; 14.284 us] (CI 99.9%), Margin = 0.116 us (0.82% of Mean)
Skewness = 0.31, Kurtosis = 1.07, MValue = 2

// ** Remained 12 (24.0 %) benchmark(s) to run. Estimated finish 2026-10-09 23:00 (0h 0m from now) **
// **************************
// Benchmark: CodecSuite.Run: campaign(EvaluateOverhead=False, Clock=Armonik.Ffi.Bdn.CpuClock, IterationCount=6, IterationTime=40ms, LaunchCount=1, RunStrategy=Throughput, WarmupCount=25) [Case=core-(...)|drop [40]]
// *** Execute ***
// Launch: 1 / 1
// Execute: dotnet BenchDotNet-campaign-1.dll --anonymousPipes 117 118 --benchmarkName "Armonik.Ffi.Bdn.CodecSuite.Run(Case: \"core-ffi|encode-core-hot|P2.4|ascii|drop\")" --job campaign --benchmarkId 38 in /home/user/ArmoniK.Api/ffi/poc/csharp/src/BenchDotNet/bin/Release/net8.0/BenchDotNet-campaign-1/bin/Release/net8.0
// BeforeAnythingElse

// Benchmark Process Environment Information:
// BenchmarkDotNet v0.15.8
// Runtime=.NET 8.0.31 (8.0.31, 8.0.3126.42015), X64 RyuJIT x86-64-v4
// GC=Concurrent Workstation
// HardwareIntrinsics=AVX512 F+BW+CD+DQ+VL,AVX2+BMI1+BMI2+F16C+FMA+LZCNT+MOVBE,AVX,SSE3+SSSE3+SSE4.1+SSE4.2+POPCNT,X86Base+SSE+SSE2,AES+PCLMUL VectorSize=256
// Job: campaign(EvaluateOverhead=False, Clock=Armonik.Ffi.Bdn.CpuClock, IterationCount=6, IterationTime=40ms, LaunchCount=1, RunStrategy=Throughput, WarmupCount=25)

OverheadJitting  1: 1 op, 250624.00 ns, 250.6240 us/op
WorkloadJitting  1: 1 op, 12536403.00 ns, 12.5364 ms/op

WorkloadPilot    1: 4 op, 11920440.00 ns, 2.9801 ms/op
WorkloadPilot    2: 13 op, 18348349.00 ns, 1.4114 ms/op
WorkloadPilot    3: 28 op, 39201005.00 ns, 1.4000 ms/op

WorkloadWarmup   1: 28 op, 38425716.00 ns, 1.3723 ms/op
WorkloadWarmup   2: 28 op, 38067275.00 ns, 1.3595 ms/op
WorkloadWarmup   3: 28 op, 39234483.00 ns, 1.4012 ms/op
WorkloadWarmup   4: 28 op, 38993005.00 ns, 1.3926 ms/op
WorkloadWarmup   5: 28 op, 38865730.00 ns, 1.3881 ms/op
WorkloadWarmup   6: 28 op, 29612292.00 ns, 1.0576 ms/op
WorkloadWarmup   7: 28 op, 23492897.00 ns, 839.0320 us/op
WorkloadWarmup   8: 28 op, 22692274.00 ns, 810.4384 us/op
WorkloadWarmup   9: 28 op, 23410356.00 ns, 836.0841 us/op
WorkloadWarmup  10: 28 op, 22862863.00 ns, 816.5308 us/op
WorkloadWarmup  11: 28 op, 22512167.00 ns, 804.0060 us/op
WorkloadWarmup  12: 28 op, 22336670.00 ns, 797.7382 us/op
WorkloadWarmup  13: 28 op, 22546666.00 ns, 805.2381 us/op
WorkloadWarmup  14: 28 op, 22606155.00 ns, 807.3627 us/op
WorkloadWarmup  15: 28 op, 23548206.00 ns, 841.0074 us/op
WorkloadWarmup  16: 28 op, 22211100.00 ns, 793.2536 us/op
WorkloadWarmup  17: 28 op, 22254219.00 ns, 794.7935 us/op
WorkloadWarmup  18: 28 op, 22388484.00 ns, 799.5887 us/op
WorkloadWarmup  19: 28 op, 22604704.00 ns, 807.3109 us/op
WorkloadWarmup  20: 28 op, 23016910.00 ns, 822.0325 us/op
WorkloadWarmup  21: 28 op, 22112653.00 ns, 789.7376 us/op
WorkloadWarmup  22: 28 op, 22298362.00 ns, 796.3701 us/op
WorkloadWarmup  23: 28 op, 22177271.00 ns, 792.0454 us/op
WorkloadWarmup  24: 28 op, 22597488.00 ns, 807.0531 us/op
WorkloadWarmup  25: 28 op, 22350346.00 ns, 798.2266 us/op

// BeforeActualRun
WorkloadActual   1: 28 op, 22282574.00 ns, 795.8062 us/op
WorkloadActual   2: 28 op, 22591230.00 ns, 806.8296 us/op
WorkloadActual   3: 28 op, 22761571.00 ns, 812.9133 us/op
WorkloadActual   4: 28 op, 25038608.00 ns, 894.2360 us/op
WorkloadActual   5: 28 op, 22363162.00 ns, 798.6844 us/op
WorkloadActual   6: 28 op, 22251057.00 ns, 794.6806 us/op

// AfterActualRun
WorkloadResult   1: 28 op, 22282574.00 ns, 795.8062 us/op
WorkloadResult   2: 28 op, 22591230.00 ns, 806.8296 us/op
WorkloadResult   3: 28 op, 22761571.00 ns, 812.9133 us/op
WorkloadResult   4: 28 op, 22363162.00 ns, 798.6844 us/op
WorkloadResult   5: 28 op, 22251057.00 ns, 794.6806 us/op
// GC:  0 0 0 0 28
// Threading:  0 0 28

// AfterAll
// Benchmark Process 5224 has exited with code 0.

Mean = 801.783 us, StdErr = 3.501 us (0.44%), N = 5, StdDev = 7.828 us
Min = 794.681 us, Q1 = 795.806 us, Median = 798.684 us, Q3 = 806.830 us, Max = 812.913 us
IQR = 11.023 us, LowerFence = 779.271 us, UpperFence = 823.365 us
ConfidenceInterval = [771.639 us; 831.926 us] (CI 99.9%), Margin = 30.143 us (3.76% of Mean)
Skewness = 0.38, Kurtosis = 1.06, MValue = 2

// ** Remained 11 (22.0 %) benchmark(s) to run. Estimated finish 2026-10-09 23:00 (0h 0m from now) **
// **************************
// Benchmark: CodecSuite.Run: campaign(EvaluateOverhead=False, Clock=Armonik.Ffi.Bdn.CpuClock, IterationCount=6, IterationTime=40ms, LaunchCount=1, RunStrategy=Throughput, WarmupCount=25) [Case=core-(...)|drop [40]]
// *** Execute ***
// Launch: 1 / 1
// Execute: dotnet BenchDotNet-campaign-1.dll --anonymousPipes 117 118 --benchmarkName "Armonik.Ffi.Bdn.CodecSuite.Run(Case: \"core-ffi|encode-core-hot|P4.1|ascii|drop\")" --job campaign --benchmarkId 39 in /home/user/ArmoniK.Api/ffi/poc/csharp/src/BenchDotNet/bin/Release/net8.0/BenchDotNet-campaign-1/bin/Release/net8.0
// BeforeAnythingElse

// Benchmark Process Environment Information:
// BenchmarkDotNet v0.15.8
// Runtime=.NET 8.0.31 (8.0.31, 8.0.3126.42015), X64 RyuJIT x86-64-v4
// GC=Concurrent Workstation
// HardwareIntrinsics=AVX512 F+BW+CD+DQ+VL,AVX2+BMI1+BMI2+F16C+FMA+LZCNT+MOVBE,AVX,SSE3+SSSE3+SSE4.1+SSE4.2+POPCNT,X86Base+SSE+SSE2,AES+PCLMUL VectorSize=256
// Job: campaign(EvaluateOverhead=False, Clock=Armonik.Ffi.Bdn.CpuClock, IterationCount=6, IterationTime=40ms, LaunchCount=1, RunStrategy=Throughput, WarmupCount=25)

OverheadJitting  1: 1 op, 234749.00 ns, 234.7490 us/op
WorkloadJitting  1: 1 op, 6243856.00 ns, 6.2439 ms/op

WorkloadPilot    1: 4 op, 1022132.00 ns, 255.5330 us/op
WorkloadPilot    2: 157 op, 37062492.00 ns, 236.0668 us/op
WorkloadPilot    3: 169 op, 36581010.00 ns, 216.4557 us/op
WorkloadPilot    4: 185 op, 39748102.00 ns, 214.8546 us/op

WorkloadWarmup   1: 185 op, 39710449.00 ns, 214.6511 us/op
WorkloadWarmup   2: 185 op, 39467610.00 ns, 213.3384 us/op
WorkloadWarmup   3: 185 op, 39655457.00 ns, 214.3538 us/op
WorkloadWarmup   4: 185 op, 45427706.00 ns, 245.5552 us/op
WorkloadWarmup   5: 185 op, 23145592.00 ns, 125.1113 us/op
WorkloadWarmup   6: 185 op, 21624407.00 ns, 116.8887 us/op
WorkloadWarmup   7: 185 op, 21541075.00 ns, 116.4382 us/op
WorkloadWarmup   8: 185 op, 22654210.00 ns, 122.4552 us/op
WorkloadWarmup   9: 185 op, 43977800.00 ns, 237.7178 us/op
WorkloadWarmup  10: 185 op, 21566863.00 ns, 116.5776 us/op
WorkloadWarmup  11: 185 op, 22062023.00 ns, 119.2542 us/op
WorkloadWarmup  12: 185 op, 21959538.00 ns, 118.7002 us/op
WorkloadWarmup  13: 185 op, 21610690.00 ns, 116.8145 us/op
WorkloadWarmup  14: 185 op, 22298115.00 ns, 120.5304 us/op
WorkloadWarmup  15: 185 op, 22608090.00 ns, 122.2059 us/op
WorkloadWarmup  16: 185 op, 21506128.00 ns, 116.2493 us/op
WorkloadWarmup  17: 185 op, 21880341.00 ns, 118.2721 us/op
WorkloadWarmup  18: 185 op, 21425845.00 ns, 115.8154 us/op
WorkloadWarmup  19: 185 op, 24791018.00 ns, 134.0055 us/op
WorkloadWarmup  20: 185 op, 21640217.00 ns, 116.9741 us/op
WorkloadWarmup  21: 185 op, 21665860.00 ns, 117.1128 us/op
WorkloadWarmup  22: 185 op, 21629218.00 ns, 116.9147 us/op
WorkloadWarmup  23: 185 op, 25954282.00 ns, 140.2934 us/op
WorkloadWarmup  24: 185 op, 38704440.00 ns, 209.2132 us/op
WorkloadWarmup  25: 185 op, 37978754.00 ns, 205.2906 us/op

// BeforeActualRun
WorkloadActual   1: 185 op, 42491421.00 ns, 229.6834 us/op
WorkloadActual   2: 185 op, 22124069.00 ns, 119.5896 us/op
WorkloadActual   3: 185 op, 21877088.00 ns, 118.2545 us/op
WorkloadActual   4: 185 op, 22540393.00 ns, 121.8400 us/op
WorkloadActual   5: 185 op, 22479712.00 ns, 121.5120 us/op
WorkloadActual   6: 185 op, 22134562.00 ns, 119.6463 us/op

// AfterActualRun
WorkloadResult   1: 185 op, 22124069.00 ns, 119.5896 us/op
WorkloadResult   2: 185 op, 21877088.00 ns, 118.2545 us/op
WorkloadResult   3: 185 op, 22540393.00 ns, 121.8400 us/op
WorkloadResult   4: 185 op, 22479712.00 ns, 121.5120 us/op
WorkloadResult   5: 185 op, 22134562.00 ns, 119.6463 us/op
// GC:  0 0 0 0 185
// Threading:  0 0 185

// AfterAll
// Benchmark Process 5233 has exited with code 0.

Mean = 120.168 us, StdErr = 0.666 us (0.55%), N = 5, StdDev = 1.489 us
Min = 118.255 us, Q1 = 119.590 us, Median = 119.646 us, Q3 = 121.512 us, Max = 121.840 us
IQR = 1.922 us, LowerFence = 116.706 us, UpperFence = 124.396 us
ConfidenceInterval = [114.434 us; 125.903 us] (CI 99.9%), Margin = 5.734 us (4.77% of Mean)
Skewness = -0.02, Kurtosis = 1, MValue = 2

// ** Remained 10 (20.0 %) benchmark(s) to run. Estimated finish 2026-10-09 23:00 (0h 0m from now) **
// **************************
// Benchmark: CodecSuite.Run: campaign(EvaluateOverhead=False, Clock=Armonik.Ffi.Bdn.CpuClock, IterationCount=6, IterationTime=40ms, LaunchCount=1, RunStrategy=Throughput, WarmupCount=25) [Case=core-(...)|drop [40]]
// *** Execute ***
// Launch: 1 / 1
// Execute: dotnet BenchDotNet-campaign-1.dll --anonymousPipes 117 118 --benchmarkName "Armonik.Ffi.Bdn.CodecSuite.Run(Case: \"core-ffi|encode-core-hot|P6.1|ascii|drop\")" --job campaign --benchmarkId 40 in /home/user/ArmoniK.Api/ffi/poc/csharp/src/BenchDotNet/bin/Release/net8.0/BenchDotNet-campaign-1/bin/Release/net8.0
// BeforeAnythingElse

// Benchmark Process Environment Information:
// BenchmarkDotNet v0.15.8
// Runtime=.NET 8.0.31 (8.0.31, 8.0.3126.42015), X64 RyuJIT x86-64-v4
// GC=Concurrent Workstation
// HardwareIntrinsics=AVX512 F+BW+CD+DQ+VL,AVX2+BMI1+BMI2+F16C+FMA+LZCNT+MOVBE,AVX,SSE3+SSSE3+SSE4.1+SSE4.2+POPCNT,X86Base+SSE+SSE2,AES+PCLMUL VectorSize=256
// Job: campaign(EvaluateOverhead=False, Clock=Armonik.Ffi.Bdn.CpuClock, IterationCount=6, IterationTime=40ms, LaunchCount=1, RunStrategy=Throughput, WarmupCount=25)

OverheadJitting  1: 1 op, 262784.00 ns, 262.7840 us/op
WorkloadJitting  1: 1 op, 8039624.00 ns, 8.0396 ms/op

WorkloadPilot    1: 4 op, 4881581.00 ns, 1.2204 ms/op
WorkloadPilot    2: 33 op, 5147514.00 ns, 155.9853 us/op
WorkloadPilot    3: 256 op, 37875048.00 ns, 147.9494 us/op
WorkloadPilot    4: 270 op, 39589921.00 ns, 146.6293 us/op
WorkloadPilot    5: 273 op, 39469603.00 ns, 144.5773 us/op
WorkloadPilot    6: 277 op, 58911887.00 ns, 212.6783 us/op
WorkloadPilot    7: 188 op, 43498049.00 ns, 231.3726 us/op
WorkloadPilot    8: 173 op, 21913367.00 ns, 126.6669 us/op
WorkloadPilot    9: 316 op, 39168091.00 ns, 123.9497 us/op
WorkloadPilot   10: 323 op, 41800444.00 ns, 129.4131 us/op

WorkloadWarmup   1: 323 op, 40272003.00 ns, 124.6811 us/op
WorkloadWarmup   2: 323 op, 40390057.00 ns, 125.0466 us/op
WorkloadWarmup   3: 323 op, 40537133.00 ns, 125.5020 us/op
WorkloadWarmup   4: 323 op, 40344247.00 ns, 124.9048 us/op
WorkloadWarmup   5: 323 op, 45902387.00 ns, 142.1127 us/op
WorkloadWarmup   6: 323 op, 41407388.00 ns, 128.1962 us/op
WorkloadWarmup   7: 323 op, 40172218.00 ns, 124.3722 us/op
WorkloadWarmup   8: 323 op, 40975560.00 ns, 126.8593 us/op
WorkloadWarmup   9: 323 op, 39952797.00 ns, 123.6929 us/op
WorkloadWarmup  10: 323 op, 40390854.00 ns, 125.0491 us/op
WorkloadWarmup  11: 323 op, 40451952.00 ns, 125.2382 us/op
WorkloadWarmup  12: 323 op, 40283185.00 ns, 124.7157 us/op
WorkloadWarmup  13: 323 op, 43122396.00 ns, 133.5059 us/op
WorkloadWarmup  14: 323 op, 39920760.00 ns, 123.5937 us/op
WorkloadWarmup  15: 323 op, 40011095.00 ns, 123.8734 us/op
WorkloadWarmup  16: 323 op, 41253372.00 ns, 127.7194 us/op
WorkloadWarmup  17: 323 op, 42203065.00 ns, 130.6596 us/op
WorkloadWarmup  18: 323 op, 43061242.00 ns, 133.3165 us/op
WorkloadWarmup  19: 323 op, 40267482.00 ns, 124.6671 us/op
WorkloadWarmup  20: 323 op, 41594336.00 ns, 128.7750 us/op
WorkloadWarmup  21: 323 op, 41388120.00 ns, 128.1366 us/op
WorkloadWarmup  22: 323 op, 41680080.00 ns, 129.0405 us/op
WorkloadWarmup  23: 323 op, 41469740.00 ns, 128.3893 us/op
WorkloadWarmup  24: 323 op, 41207170.00 ns, 127.5764 us/op
WorkloadWarmup  25: 323 op, 41437309.00 ns, 128.2889 us/op

// BeforeActualRun
WorkloadActual   1: 323 op, 40330312.00 ns, 124.8616 us/op
WorkloadActual   2: 323 op, 40911140.00 ns, 126.6599 us/op
WorkloadActual   3: 323 op, 40390520.00 ns, 125.0480 us/op
WorkloadActual   4: 323 op, 39982611.00 ns, 123.7852 us/op
WorkloadActual   5: 323 op, 42493706.00 ns, 131.5595 us/op
WorkloadActual   6: 323 op, 40548843.00 ns, 125.5382 us/op

// AfterActualRun
WorkloadResult   1: 323 op, 40330312.00 ns, 124.8616 us/op
WorkloadResult   2: 323 op, 40911140.00 ns, 126.6599 us/op
WorkloadResult   3: 323 op, 40390520.00 ns, 125.0480 us/op
WorkloadResult   4: 323 op, 39982611.00 ns, 123.7852 us/op
WorkloadResult   5: 323 op, 40548843.00 ns, 125.5382 us/op
// GC:  0 0 0 0 323
// Threading:  0 0 323

// AfterAll
// Benchmark Process 5242 has exited with code 0.

Mean = 125.179 us, StdErr = 0.468 us (0.37%), N = 5, StdDev = 1.047 us
Min = 123.785 us, Q1 = 124.862 us, Median = 125.048 us, Q3 = 125.538 us, Max = 126.660 us
IQR = 0.677 us, LowerFence = 123.847 us, UpperFence = 126.553 us
ConfidenceInterval = [121.148 us; 129.209 us] (CI 99.9%), Margin = 4.031 us (3.22% of Mean)
Skewness = 0.1, Kurtosis = 1.43, MValue = 2

// ** Remained 9 (18.0 %) benchmark(s) to run. Estimated finish 2026-10-09 23:00 (0h 0m from now) **
// **************************
// Benchmark: CodecSuite.Run: campaign(EvaluateOverhead=False, Clock=Armonik.Ffi.Bdn.CpuClock, IterationCount=6, IterationTime=40ms, LaunchCount=1, RunStrategy=Throughput, WarmupCount=25) [Case=core-(...)etain [42]]
// *** Execute ***
// Launch: 1 / 1
// Execute: dotnet BenchDotNet-campaign-1.dll --anonymousPipes 117 118 --benchmarkName "Armonik.Ffi.Bdn.CodecSuite.Run(Case: \"core-ffi|encode-core-hot|P5.3|ascii|retain\")" --job campaign --benchmarkId 41 in /home/user/ArmoniK.Api/ffi/poc/csharp/src/BenchDotNet/bin/Release/net8.0/BenchDotNet-campaign-1/bin/Release/net8.0
// BeforeAnythingElse

// Benchmark Process Environment Information:
// BenchmarkDotNet v0.15.8
// Runtime=.NET 8.0.31 (8.0.31, 8.0.3126.42015), X64 RyuJIT x86-64-v4
// GC=Concurrent Workstation
// HardwareIntrinsics=AVX512 F+BW+CD+DQ+VL,AVX2+BMI1+BMI2+F16C+FMA+LZCNT+MOVBE,AVX,SSE3+SSSE3+SSE4.1+SSE4.2+POPCNT,X86Base+SSE+SSE2,AES+PCLMUL VectorSize=256
// Job: campaign(EvaluateOverhead=False, Clock=Armonik.Ffi.Bdn.CpuClock, IterationCount=6, IterationTime=40ms, LaunchCount=1, RunStrategy=Throughput, WarmupCount=25)

OverheadJitting  1: 1 op, 289079.00 ns, 289.0790 us/op
WorkloadJitting  1: 1 op, 4308216.00 ns, 4.3082 ms/op

WorkloadPilot    1: 4 op, 402105.00 ns, 100.5263 us/op
WorkloadPilot    2: 398 op, 28934706.00 ns, 72.7003 us/op
WorkloadPilot    3: 550 op, 42581392.00 ns, 77.4207 us/op
WorkloadPilot    4: 517 op, 37485697.00 ns, 72.5062 us/op
WorkloadPilot    5: 552 op, 39652155.00 ns, 71.8336 us/op
WorkloadPilot    6: 557 op, 42666290.00 ns, 76.6002 us/op
WorkloadPilot    7: 522 op, 39852426.00 ns, 76.3456 us/op
WorkloadPilot    8: 524 op, 45351490.00 ns, 86.5486 us/op

WorkloadWarmup   1: 524 op, 35885103.00 ns, 68.4830 us/op
WorkloadWarmup   2: 524 op, 36466596.00 ns, 69.5927 us/op
WorkloadWarmup   3: 524 op, 36726253.00 ns, 70.0883 us/op
WorkloadWarmup   4: 524 op, 36185440.00 ns, 69.0562 us/op
WorkloadWarmup   5: 524 op, 35934513.00 ns, 68.5773 us/op
WorkloadWarmup   6: 524 op, 36020404.00 ns, 68.7412 us/op
WorkloadWarmup   7: 524 op, 36503267.00 ns, 69.6627 us/op
WorkloadWarmup   8: 524 op, 37320367.00 ns, 71.2221 us/op
WorkloadWarmup   9: 524 op, 36089380.00 ns, 68.8729 us/op
WorkloadWarmup  10: 524 op, 36169307.00 ns, 69.0254 us/op
WorkloadWarmup  11: 524 op, 37302603.00 ns, 71.1882 us/op
WorkloadWarmup  12: 524 op, 38978735.00 ns, 74.3869 us/op
WorkloadWarmup  13: 524 op, 38595737.00 ns, 73.6560 us/op
WorkloadWarmup  14: 524 op, 39448663.00 ns, 75.2837 us/op
WorkloadWarmup  15: 524 op, 38622307.00 ns, 73.7067 us/op
WorkloadWarmup  16: 524 op, 38528632.00 ns, 73.5279 us/op
WorkloadWarmup  17: 524 op, 38603227.00 ns, 73.6703 us/op
WorkloadWarmup  18: 524 op, 38380884.00 ns, 73.2460 us/op
WorkloadWarmup  19: 524 op, 38399104.00 ns, 73.2807 us/op
WorkloadWarmup  20: 524 op, 38319035.00 ns, 73.1279 us/op
WorkloadWarmup  21: 524 op, 38109235.00 ns, 72.7275 us/op
WorkloadWarmup  22: 524 op, 37862012.00 ns, 72.2557 us/op
WorkloadWarmup  23: 524 op, 37904529.00 ns, 72.3369 us/op
WorkloadWarmup  24: 524 op, 37905090.00 ns, 72.3380 us/op
WorkloadWarmup  25: 524 op, 31210549.00 ns, 59.5621 us/op

// BeforeActualRun
WorkloadActual   1: 524 op, 31464884.00 ns, 60.0475 us/op
WorkloadActual   2: 524 op, 32073503.00 ns, 61.2090 us/op
WorkloadActual   3: 524 op, 31690899.00 ns, 60.4788 us/op
WorkloadActual   4: 524 op, 31471837.00 ns, 60.0608 us/op
WorkloadActual   5: 524 op, 31504994.00 ns, 60.1240 us/op
WorkloadActual   6: 524 op, 33317656.00 ns, 63.5833 us/op

// AfterActualRun
WorkloadResult   1: 524 op, 31464884.00 ns, 60.0475 us/op
WorkloadResult   2: 524 op, 32073503.00 ns, 61.2090 us/op
WorkloadResult   3: 524 op, 31690899.00 ns, 60.4788 us/op
WorkloadResult   4: 524 op, 31471837.00 ns, 60.0608 us/op
WorkloadResult   5: 524 op, 31504994.00 ns, 60.1240 us/op
// GC:  0 0 0 0 524
// Threading:  0 0 524

// AfterAll
// Benchmark Process 5251 has exited with code 0.

Mean = 60.384 us, StdErr = 0.221 us (0.37%), N = 5, StdDev = 0.494 us
Min = 60.047 us, Q1 = 60.061 us, Median = 60.124 us, Q3 = 60.479 us, Max = 61.209 us
IQR = 0.418 us, LowerFence = 59.434 us, UpperFence = 61.106 us
ConfidenceInterval = [58.483 us; 62.285 us] (CI 99.9%), Margin = 1.901 us (3.15% of Mean)
Skewness = 0.79, Kurtosis = 1.66, MValue = 2

// ** Remained 8 (16.0 %) benchmark(s) to run. Estimated finish 2026-10-09 23:00 (0h 0m from now) **
// **************************
// Benchmark: CodecSuite.Run: campaign(EvaluateOverhead=False, Clock=Armonik.Ffi.Bdn.CpuClock, IterationCount=6, IterationTime=40ms, LaunchCount=1, RunStrategy=Throughput, WarmupCount=25) [Case=core-(...)|drop [40]]
// *** Execute ***
// Launch: 1 / 1
// Execute: dotnet BenchDotNet-campaign-1.dll --anonymousPipes 117 118 --benchmarkName "Armonik.Ffi.Bdn.CodecSuite.Run(Case: \"core-ffi|encode-core-hot|P5.3|ascii|drop\")" --job campaign --benchmarkId 42 in /home/user/ArmoniK.Api/ffi/poc/csharp/src/BenchDotNet/bin/Release/net8.0/BenchDotNet-campaign-1/bin/Release/net8.0
// BeforeAnythingElse

// Benchmark Process Environment Information:
// BenchmarkDotNet v0.15.8
// Runtime=.NET 8.0.31 (8.0.31, 8.0.3126.42015), X64 RyuJIT x86-64-v4
// GC=Concurrent Workstation
// HardwareIntrinsics=AVX512 F+BW+CD+DQ+VL,AVX2+BMI1+BMI2+F16C+FMA+LZCNT+MOVBE,AVX,SSE3+SSSE3+SSE4.1+SSE4.2+POPCNT,X86Base+SSE+SSE2,AES+PCLMUL VectorSize=256
// Job: campaign(EvaluateOverhead=False, Clock=Armonik.Ffi.Bdn.CpuClock, IterationCount=6, IterationTime=40ms, LaunchCount=1, RunStrategy=Throughput, WarmupCount=25)

OverheadJitting  1: 1 op, 255727.00 ns, 255.7270 us/op
WorkloadJitting  1: 1 op, 4426718.00 ns, 4.4267 ms/op

WorkloadPilot    1: 4 op, 434811.00 ns, 108.7028 us/op
WorkloadPilot    2: 368 op, 24662571.00 ns, 67.0179 us/op
WorkloadPilot    3: 597 op, 39750665.00 ns, 66.5840 us/op
WorkloadPilot    4: 601 op, 42402863.00 ns, 70.5538 us/op
WorkloadPilot    5: 567 op, 44504164.00 ns, 78.4906 us/op
WorkloadPilot    6: 510 op, 34205218.00 ns, 67.0691 us/op
WorkloadPilot    7: 596 op, 39405425.00 ns, 66.1165 us/op
WorkloadPilot    8: 605 op, 40658490.00 ns, 67.2041 us/op

WorkloadWarmup   1: 605 op, 39793816.00 ns, 65.7749 us/op
WorkloadWarmup   2: 605 op, 39705289.00 ns, 65.6286 us/op
WorkloadWarmup   3: 605 op, 40228104.00 ns, 66.4927 us/op
WorkloadWarmup   4: 605 op, 39502642.00 ns, 65.2936 us/op
WorkloadWarmup   5: 605 op, 40875220.00 ns, 67.5623 us/op
WorkloadWarmup   6: 605 op, 41224190.00 ns, 68.1392 us/op
WorkloadWarmup   7: 605 op, 39708376.00 ns, 65.6337 us/op
WorkloadWarmup   8: 605 op, 39961761.00 ns, 66.0525 us/op
WorkloadWarmup   9: 605 op, 40079941.00 ns, 66.2478 us/op
WorkloadWarmup  10: 605 op, 39995708.00 ns, 66.1086 us/op
WorkloadWarmup  11: 605 op, 46707557.00 ns, 77.2026 us/op
WorkloadWarmup  12: 605 op, 44268311.00 ns, 73.1708 us/op
WorkloadWarmup  13: 605 op, 39943099.00 ns, 66.0217 us/op
WorkloadWarmup  14: 605 op, 39469753.00 ns, 65.2393 us/op
WorkloadWarmup  15: 605 op, 42669510.00 ns, 70.5281 us/op
WorkloadWarmup  16: 605 op, 39745753.00 ns, 65.6955 us/op
WorkloadWarmup  17: 605 op, 39593057.00 ns, 65.4431 us/op
WorkloadWarmup  18: 605 op, 40512501.00 ns, 66.9628 us/op
WorkloadWarmup  19: 605 op, 39595750.00 ns, 65.4475 us/op
WorkloadWarmup  20: 605 op, 39840148.00 ns, 65.8515 us/op
WorkloadWarmup  21: 605 op, 39649904.00 ns, 65.5370 us/op
WorkloadWarmup  22: 605 op, 39751682.00 ns, 65.7053 us/op
WorkloadWarmup  23: 605 op, 39599475.00 ns, 65.4537 us/op
WorkloadWarmup  24: 605 op, 39741352.00 ns, 65.6882 us/op
WorkloadWarmup  25: 605 op, 40379523.00 ns, 66.7430 us/op

// BeforeActualRun
WorkloadActual   1: 605 op, 42832854.00 ns, 70.7981 us/op
WorkloadActual   2: 605 op, 40457727.00 ns, 66.8723 us/op
WorkloadActual   3: 605 op, 35731384.00 ns, 59.0601 us/op
WorkloadActual   4: 605 op, 35780934.00 ns, 59.1420 us/op
WorkloadActual   5: 605 op, 40028492.00 ns, 66.1628 us/op
WorkloadActual   6: 605 op, 42513856.00 ns, 70.2708 us/op

// AfterActualRun
WorkloadResult   1: 605 op, 42832854.00 ns, 70.7981 us/op
WorkloadResult   2: 605 op, 40457727.00 ns, 66.8723 us/op
WorkloadResult   3: 605 op, 35731384.00 ns, 59.0601 us/op
WorkloadResult   4: 605 op, 35780934.00 ns, 59.1420 us/op
WorkloadResult   5: 605 op, 40028492.00 ns, 66.1628 us/op
WorkloadResult   6: 605 op, 42513856.00 ns, 70.2708 us/op
// GC:  0 0 0 0 605
// Threading:  0 0 605

// AfterAll
// Benchmark Process 5263 has exited with code 0.

Mean = 65.384 us, StdErr = 2.121 us (3.24%), N = 6, StdDev = 5.196 us
Min = 59.060 us, Q1 = 60.897 us, Median = 66.518 us, Q3 = 69.421 us, Max = 70.798 us
IQR = 8.524 us, LowerFence = 48.111 us, UpperFence = 82.207 us
ConfidenceInterval = [50.815 us; 79.954 us] (CI 99.9%), Margin = 14.569 us (22.28% of Mean)
Skewness = -0.26, Kurtosis = 1.04, MValue = 2

// ** Remained 7 (14.0 %) benchmark(s) to run. Estimated finish 2026-10-09 23:00 (0h 0m from now) **
// **************************
// Benchmark: CodecSuite.Run: campaign(EvaluateOverhead=False, Clock=Armonik.Ffi.Bdn.CpuClock, IterationCount=6, IterationTime=40ms, LaunchCount=1, RunStrategy=Throughput, WarmupCount=25) [Case=core-(...)|drop [81]]
// *** Execute ***
// Launch: 1 / 1
// Execute: dotnet BenchDotNet-campaign-1.dll --anonymousPipes 117 118 --benchmarkName "Armonik.Ffi.Bdn.CodecSuite.Run(Case: \"core-ffi|encode-core-hot|U-wire-UploadResultDataMessage-upload-as-wt5|corpus|drop\")" --job campaign --benchmarkId 43 in /home/user/ArmoniK.Api/ffi/poc/csharp/src/BenchDotNet/bin/Release/net8.0/BenchDotNet-campaign-1/bin/Release/net8.0
// BeforeAnythingElse

// Benchmark Process Environment Information:
// BenchmarkDotNet v0.15.8
// Runtime=.NET 8.0.31 (8.0.31, 8.0.3126.42015), X64 RyuJIT x86-64-v4
// GC=Concurrent Workstation
// HardwareIntrinsics=AVX512 F+BW+CD+DQ+VL,AVX2+BMI1+BMI2+F16C+FMA+LZCNT+MOVBE,AVX,SSE3+SSSE3+SSE4.1+SSE4.2+POPCNT,X86Base+SSE+SSE2,AES+PCLMUL VectorSize=256
// Job: campaign(EvaluateOverhead=False, Clock=Armonik.Ffi.Bdn.CpuClock, IterationCount=6, IterationTime=40ms, LaunchCount=1, RunStrategy=Throughput, WarmupCount=25)

OverheadJitting  1: 1 op, 285848.00 ns, 285.8480 us/op
WorkloadJitting  1: 1 op, 2952367.00 ns, 2.9524 ms/op

WorkloadPilot    1: 4 op, 12703.00 ns, 3.1758 us/op
WorkloadPilot    2: 12595 op, 3858369.00 ns, 306.3413 ns/op
WorkloadPilot    3: 130573 op, 38959993.00 ns, 298.3771 ns/op
WorkloadPilot    4: 134059 op, 39271965.00 ns, 292.9454 ns/op
WorkloadPilot    5: 136544 op, 40562267.00 ns, 297.0637 ns/op
WorkloadPilot    6: 134651 op, 44812983.00 ns, 332.8084 ns/op
WorkloadPilot    7: 120189 op, 32142100.00 ns, 267.4296 ns/op
WorkloadPilot    8: 149572 op, 16561858.00 ns, 110.7283 ns/op
WorkloadPilot    9: 361244 op, 39179956.00 ns, 108.4584 ns/op
WorkloadPilot   10: 368805 op, 41540471.00 ns, 112.6353 ns/op

WorkloadWarmup   1: 368805 op, 39793122.00 ns, 107.8975 ns/op
WorkloadWarmup   2: 368805 op, 39790235.00 ns, 107.8896 ns/op
WorkloadWarmup   3: 368805 op, 39945474.00 ns, 108.3106 ns/op
WorkloadWarmup   4: 368805 op, 40269145.00 ns, 109.1882 ns/op
WorkloadWarmup   5: 368805 op, 46205768.00 ns, 125.2851 ns/op
WorkloadWarmup   6: 368805 op, 40138034.00 ns, 108.8327 ns/op
WorkloadWarmup   7: 368805 op, 40309545.00 ns, 109.2977 ns/op
WorkloadWarmup   8: 368805 op, 40186757.00 ns, 108.9648 ns/op
WorkloadWarmup   9: 368805 op, 39828447.00 ns, 107.9932 ns/op
WorkloadWarmup  10: 368805 op, 40401013.00 ns, 109.5457 ns/op
WorkloadWarmup  11: 368805 op, 64496418.00 ns, 174.8795 ns/op
WorkloadWarmup  12: 368805 op, 39793510.00 ns, 107.8985 ns/op
WorkloadWarmup  13: 368805 op, 39699445.00 ns, 107.6435 ns/op
WorkloadWarmup  14: 368805 op, 39807104.00 ns, 107.9354 ns/op
WorkloadWarmup  15: 368805 op, 39745224.00 ns, 107.7676 ns/op
WorkloadWarmup  16: 368805 op, 45481014.00 ns, 123.3199 ns/op
WorkloadWarmup  17: 368805 op, 39819876.00 ns, 107.9700 ns/op
WorkloadWarmup  18: 368805 op, 40377143.00 ns, 109.4810 ns/op
WorkloadWarmup  19: 368805 op, 39830452.00 ns, 107.9987 ns/op
WorkloadWarmup  20: 368805 op, 39990290.00 ns, 108.4321 ns/op
WorkloadWarmup  21: 368805 op, 39590232.00 ns, 107.3473 ns/op
WorkloadWarmup  22: 368805 op, 39525392.00 ns, 107.1715 ns/op
WorkloadWarmup  23: 368805 op, 39510178.00 ns, 107.1303 ns/op
WorkloadWarmup  24: 368805 op, 39599479.00 ns, 107.3724 ns/op
WorkloadWarmup  25: 368805 op, 39499647.00 ns, 107.1017 ns/op

// BeforeActualRun
WorkloadActual   1: 368805 op, 39450328.00 ns, 106.9680 ns/op
WorkloadActual   2: 368805 op, 39503079.00 ns, 107.1110 ns/op
WorkloadActual   3: 368805 op, 39413994.00 ns, 106.8695 ns/op
WorkloadActual   4: 368805 op, 39520261.00 ns, 107.1576 ns/op
WorkloadActual   5: 368805 op, 39598342.00 ns, 107.3693 ns/op
WorkloadActual   6: 368805 op, 39623504.00 ns, 107.4375 ns/op

// AfterActualRun
WorkloadResult   1: 368805 op, 39450328.00 ns, 106.9680 ns/op
WorkloadResult   2: 368805 op, 39503079.00 ns, 107.1110 ns/op
WorkloadResult   3: 368805 op, 39413994.00 ns, 106.8695 ns/op
WorkloadResult   4: 368805 op, 39520261.00 ns, 107.1576 ns/op
WorkloadResult   5: 368805 op, 39598342.00 ns, 107.3693 ns/op
WorkloadResult   6: 368805 op, 39623504.00 ns, 107.4375 ns/op
// GC:  0 0 0 0 368805
// Threading:  0 0 368805

// AfterAll
// Benchmark Process 5272 has exited with code 0.

Mean = 107.152 ns, StdErr = 0.090 ns (0.08%), N = 6, StdDev = 0.221 ns
Min = 106.869 ns, Q1 = 107.004 ns, Median = 107.134 ns, Q3 = 107.316 ns, Max = 107.438 ns
IQR = 0.313 ns, LowerFence = 106.535 ns, UpperFence = 107.785 ns
ConfidenceInterval = [106.532 ns; 107.772 ns] (CI 99.9%), Margin = 0.620 ns (0.58% of Mean)
Skewness = 0.07, Kurtosis = 1.15, MValue = 2

// ** Remained 6 (12.0 %) benchmark(s) to run. Estimated finish 2026-10-09 23:00 (0h 0m from now) **
// **************************
// Benchmark: CodecSuite.Run: campaign(EvaluateOverhead=False, Clock=Armonik.Ffi.Bdn.CpuClock, IterationCount=6, IterationTime=40ms, LaunchCount=1, RunStrategy=Throughput, WarmupCount=25) [Case=core-(...)etain [82]]
// *** Execute ***
// Launch: 1 / 1
// Execute: dotnet BenchDotNet-campaign-1.dll --anonymousPipes 117 118 --benchmarkName "Armonik.Ffi.Bdn.CodecSuite.Run(Case: \"core-ffi|encode-core-hot|U-wire-ListTaskSummaryResponse-tasks-as-wt5|corpus|retain\")" --job campaign --benchmarkId 44 in /home/user/ArmoniK.Api/ffi/poc/csharp/src/BenchDotNet/bin/Release/net8.0/BenchDotNet-campaign-1/bin/Release/net8.0
// BeforeAnythingElse

// Benchmark Process Environment Information:
// BenchmarkDotNet v0.15.8
// Runtime=.NET 8.0.31 (8.0.31, 8.0.3126.42015), X64 RyuJIT x86-64-v4
// GC=Concurrent Workstation
// HardwareIntrinsics=AVX512 F+BW+CD+DQ+VL,AVX2+BMI1+BMI2+F16C+FMA+LZCNT+MOVBE,AVX,SSE3+SSSE3+SSE4.1+SSE4.2+POPCNT,X86Base+SSE+SSE2,AES+PCLMUL VectorSize=256
// Job: campaign(EvaluateOverhead=False, Clock=Armonik.Ffi.Bdn.CpuClock, IterationCount=6, IterationTime=40ms, LaunchCount=1, RunStrategy=Throughput, WarmupCount=25)

OverheadJitting  1: 1 op, 255619.00 ns, 255.6190 us/op
WorkloadJitting  1: 1 op, 5373297.00 ns, 5.3733 ms/op

WorkloadPilot    1: 4 op, 29425.00 ns, 7.3563 us/op
WorkloadPilot    2: 5438 op, 13050432.00 ns, 2.3999 us/op
WorkloadPilot    3: 16668 op, 39316788.00 ns, 2.3588 us/op
WorkloadPilot    4: 16958 op, 39352044.00 ns, 2.3206 us/op
WorkloadPilot    5: 17237 op, 39654921.00 ns, 2.3006 us/op
WorkloadPilot    6: 17387 op, 47786049.00 ns, 2.7484 us/op
WorkloadPilot    7: 14554 op, 18908061.00 ns, 1.2992 us/op
WorkloadPilot    8: 30789 op, 35830478.00 ns, 1.1637 us/op
WorkloadPilot    9: 34372 op, 39820762.00 ns, 1.1585 us/op
WorkloadPilot   10: 34527 op, 40007520.00 ns, 1.1587 us/op
WorkloadPilot   11: 34521 op, 40868454.00 ns, 1.1839 us/op

WorkloadWarmup   1: 34521 op, 40191088.00 ns, 1.1643 us/op
WorkloadWarmup   2: 34521 op, 40165901.00 ns, 1.1635 us/op
WorkloadWarmup   3: 34521 op, 41720164.00 ns, 1.2085 us/op
WorkloadWarmup   4: 34521 op, 40780659.00 ns, 1.1813 us/op
WorkloadWarmup   5: 34521 op, 40317540.00 ns, 1.1679 us/op
WorkloadWarmup   6: 34521 op, 40416518.00 ns, 1.1708 us/op
WorkloadWarmup   7: 34521 op, 40190597.00 ns, 1.1642 us/op
WorkloadWarmup   8: 34521 op, 40216084.00 ns, 1.1650 us/op
WorkloadWarmup   9: 34521 op, 40613255.00 ns, 1.1765 us/op
WorkloadWarmup  10: 34521 op, 41307731.00 ns, 1.1966 us/op
WorkloadWarmup  11: 34521 op, 40215116.00 ns, 1.1649 us/op
WorkloadWarmup  12: 34521 op, 40552333.00 ns, 1.1747 us/op
WorkloadWarmup  13: 34521 op, 41161259.00 ns, 1.1924 us/op
WorkloadWarmup  14: 34521 op, 40541973.00 ns, 1.1744 us/op
WorkloadWarmup  15: 34521 op, 40252808.00 ns, 1.1660 us/op
WorkloadWarmup  16: 34521 op, 40374161.00 ns, 1.1696 us/op
WorkloadWarmup  17: 34521 op, 40326602.00 ns, 1.1682 us/op
WorkloadWarmup  18: 34521 op, 40414595.00 ns, 1.1707 us/op
WorkloadWarmup  19: 34521 op, 40224283.00 ns, 1.1652 us/op
WorkloadWarmup  20: 34521 op, 40248623.00 ns, 1.1659 us/op
WorkloadWarmup  21: 34521 op, 40675776.00 ns, 1.1783 us/op
WorkloadWarmup  22: 34521 op, 40195677.00 ns, 1.1644 us/op
WorkloadWarmup  23: 34521 op, 40313111.00 ns, 1.1678 us/op
WorkloadWarmup  24: 34521 op, 40597997.00 ns, 1.1760 us/op
WorkloadWarmup  25: 34521 op, 41170104.00 ns, 1.1926 us/op

// BeforeActualRun
WorkloadActual   1: 34521 op, 40482357.00 ns, 1.1727 us/op
WorkloadActual   2: 34521 op, 40149412.00 ns, 1.1630 us/op
WorkloadActual   3: 34521 op, 40211379.00 ns, 1.1648 us/op
WorkloadActual   4: 34521 op, 51639435.00 ns, 1.4959 us/op
WorkloadActual   5: 34521 op, 66611281.00 ns, 1.9296 us/op
WorkloadActual   6: 34521 op, 40518034.00 ns, 1.1737 us/op

// AfterActualRun
WorkloadResult   1: 34521 op, 40482357.00 ns, 1.1727 us/op
WorkloadResult   2: 34521 op, 40149412.00 ns, 1.1630 us/op
WorkloadResult   3: 34521 op, 40211379.00 ns, 1.1648 us/op
WorkloadResult   4: 34521 op, 51639435.00 ns, 1.4959 us/op
WorkloadResult   5: 34521 op, 40518034.00 ns, 1.1737 us/op
// GC:  0 0 0 0 34521
// Threading:  0 0 34521

// AfterAll
// Benchmark Process 5281 has exited with code 0.

Mean = 1.234 us, StdErr = 0.065 us (5.31%), N = 5, StdDev = 0.146 us
Min = 1.163 us, Q1 = 1.165 us, Median = 1.173 us, Q3 = 1.174 us, Max = 1.496 us
IQR = 0.009 us, LowerFence = 1.152 us, UpperFence = 1.187 us
ConfidenceInterval = [0.670 us; 1.798 us] (CI 99.9%), Margin = 0.564 us (45.70% of Mean)
Skewness = 1.07, Kurtosis = 2.08, MValue = 2

// ** Remained 5 (10.0 %) benchmark(s) to run. Estimated finish 2026-10-09 23:00 (0h 0m from now) **
// **************************
// Benchmark: CodecSuite.Run: campaign(EvaluateOverhead=False, Clock=Armonik.Ffi.Bdn.CpuClock, IterationCount=6, IterationTime=40ms, LaunchCount=1, RunStrategy=Throughput, WarmupCount=25) [Case=core-(...)|drop [40]]
// *** Execute ***
// Launch: 1 / 1
// Execute: dotnet BenchDotNet-campaign-1.dll --anonymousPipes 117 118 --benchmarkName "Armonik.Ffi.Bdn.CodecSuite.Run(Case: \"core-ffi|encode-core-hot|P1.2|ascii|drop\")" --job campaign --benchmarkId 45 in /home/user/ArmoniK.Api/ffi/poc/csharp/src/BenchDotNet/bin/Release/net8.0/BenchDotNet-campaign-1/bin/Release/net8.0
// BeforeAnythingElse

// Benchmark Process Environment Information:
// BenchmarkDotNet v0.15.8
// Runtime=.NET 8.0.31 (8.0.31, 8.0.3126.42015), X64 RyuJIT x86-64-v4
// GC=Concurrent Workstation
// HardwareIntrinsics=AVX512 F+BW+CD+DQ+VL,AVX2+BMI1+BMI2+F16C+FMA+LZCNT+MOVBE,AVX,SSE3+SSSE3+SSE4.1+SSE4.2+POPCNT,X86Base+SSE+SSE2,AES+PCLMUL VectorSize=256
// Job: campaign(EvaluateOverhead=False, Clock=Armonik.Ffi.Bdn.CpuClock, IterationCount=6, IterationTime=40ms, LaunchCount=1, RunStrategy=Throughput, WarmupCount=25)

OverheadJitting  1: 1 op, 263619.00 ns, 263.6190 us/op
WorkloadJitting  1: 1 op, 5539842.00 ns, 5.5398 ms/op

WorkloadPilot    1: 4 op, 1579460.00 ns, 394.8650 us/op
WorkloadPilot    2: 101 op, 36616728.00 ns, 362.5419 us/op
WorkloadPilot    3: 110 op, 35742527.00 ns, 324.9321 us/op
WorkloadPilot    4: 123 op, 39666845.00 ns, 322.4947 us/op

WorkloadWarmup   1: 123 op, 39817411.00 ns, 323.7188 us/op
WorkloadWarmup   2: 123 op, 40522435.00 ns, 329.4507 us/op
WorkloadWarmup   3: 123 op, 40017205.00 ns, 325.3431 us/op
WorkloadWarmup   4: 123 op, 41837088.00 ns, 340.1389 us/op
WorkloadWarmup   5: 123 op, 24252341.00 ns, 197.1735 us/op
WorkloadWarmup   6: 123 op, 24577249.00 ns, 199.8150 us/op
WorkloadWarmup   7: 123 op, 24141183.00 ns, 196.2698 us/op
WorkloadWarmup   8: 123 op, 24072946.00 ns, 195.7150 us/op
WorkloadWarmup   9: 123 op, 24106664.00 ns, 195.9891 us/op
WorkloadWarmup  10: 123 op, 24080292.00 ns, 195.7747 us/op
WorkloadWarmup  11: 123 op, 24110053.00 ns, 196.0167 us/op
WorkloadWarmup  12: 123 op, 24336450.00 ns, 197.8573 us/op
WorkloadWarmup  13: 123 op, 24498948.00 ns, 199.1784 us/op
WorkloadWarmup  14: 123 op, 24363280.00 ns, 198.0754 us/op
WorkloadWarmup  15: 123 op, 24180152.00 ns, 196.5866 us/op
WorkloadWarmup  16: 123 op, 24130653.00 ns, 196.1842 us/op
WorkloadWarmup  17: 123 op, 24124369.00 ns, 196.1331 us/op
WorkloadWarmup  18: 123 op, 24354050.00 ns, 198.0004 us/op
WorkloadWarmup  19: 123 op, 24484605.00 ns, 199.0618 us/op
WorkloadWarmup  20: 123 op, 24274852.00 ns, 197.3565 us/op
WorkloadWarmup  21: 123 op, 24271489.00 ns, 197.3292 us/op
WorkloadWarmup  22: 123 op, 24112848.00 ns, 196.0394 us/op
WorkloadWarmup  23: 123 op, 24175900.00 ns, 196.5520 us/op
WorkloadWarmup  24: 123 op, 24283470.00 ns, 197.4266 us/op
WorkloadWarmup  25: 123 op, 24173906.00 ns, 196.5358 us/op

// BeforeActualRun
WorkloadActual   1: 123 op, 24301094.00 ns, 197.5699 us/op
WorkloadActual   2: 123 op, 24180189.00 ns, 196.5869 us/op
WorkloadActual   3: 123 op, 24267354.00 ns, 197.2956 us/op
WorkloadActual   4: 123 op, 24302017.00 ns, 197.5774 us/op
WorkloadActual   5: 123 op, 24150132.00 ns, 196.3425 us/op
WorkloadActual   6: 123 op, 24165882.00 ns, 196.4706 us/op

// AfterActualRun
WorkloadResult   1: 123 op, 24301094.00 ns, 197.5699 us/op
WorkloadResult   2: 123 op, 24180189.00 ns, 196.5869 us/op
WorkloadResult   3: 123 op, 24267354.00 ns, 197.2956 us/op
WorkloadResult   4: 123 op, 24302017.00 ns, 197.5774 us/op
WorkloadResult   5: 123 op, 24150132.00 ns, 196.3425 us/op
WorkloadResult   6: 123 op, 24165882.00 ns, 196.4706 us/op
// GC:  0 0 0 0 123
// Threading:  0 0 123

// AfterAll
// Benchmark Process 5290 has exited with code 0.

Mean = 196.974 us, StdErr = 0.233 us (0.12%), N = 6, StdDev = 0.570 us
Min = 196.343 us, Q1 = 196.500 us, Median = 196.941 us, Q3 = 197.501 us, Max = 197.577 us
IQR = 1.002 us, LowerFence = 194.997 us, UpperFence = 199.004 us
ConfidenceInterval = [195.375 us; 198.572 us] (CI 99.9%), Margin = 1.598 us (0.81% of Mean)
Skewness = 0.03, Kurtosis = 0.81, MValue = 2

// ** Remained 4 (8.0 %) benchmark(s) to run. Estimated finish 2026-10-09 23:00 (0h 0m from now) **
// **************************
// Benchmark: CodecSuite.Run: campaign(EvaluateOverhead=False, Clock=Armonik.Ffi.Bdn.CpuClock, IterationCount=6, IterationTime=40ms, LaunchCount=1, RunStrategy=Throughput, WarmupCount=25) [Case=core-(...)etain [42]]
// *** Execute ***
// Launch: 1 / 1
// Execute: dotnet BenchDotNet-campaign-1.dll --anonymousPipes 117 118 --benchmarkName "Armonik.Ffi.Bdn.CodecSuite.Run(Case: \"core-ffi|encode-core-hot|P2.4|ascii|retain\")" --job campaign --benchmarkId 46 in /home/user/ArmoniK.Api/ffi/poc/csharp/src/BenchDotNet/bin/Release/net8.0/BenchDotNet-campaign-1/bin/Release/net8.0
// BeforeAnythingElse

// Benchmark Process Environment Information:
// BenchmarkDotNet v0.15.8
// Runtime=.NET 8.0.31 (8.0.31, 8.0.3126.42015), X64 RyuJIT x86-64-v4
// GC=Concurrent Workstation
// HardwareIntrinsics=AVX512 F+BW+CD+DQ+VL,AVX2+BMI1+BMI2+F16C+FMA+LZCNT+MOVBE,AVX,SSE3+SSSE3+SSE4.1+SSE4.2+POPCNT,X86Base+SSE+SSE2,AES+PCLMUL VectorSize=256
// Job: campaign(EvaluateOverhead=False, Clock=Armonik.Ffi.Bdn.CpuClock, IterationCount=6, IterationTime=40ms, LaunchCount=1, RunStrategy=Throughput, WarmupCount=25)

OverheadJitting  1: 1 op, 242966.00 ns, 242.9660 us/op
WorkloadJitting  1: 1 op, 13319894.00 ns, 13.3199 ms/op

WorkloadPilot    1: 4 op, 12854258.00 ns, 3.2136 ms/op
WorkloadPilot    2: 12 op, 18108423.00 ns, 1.5090 ms/op
WorkloadPilot    3: 27 op, 40668044.00 ns, 1.5062 ms/op

WorkloadWarmup   1: 27 op, 41193737.00 ns, 1.5257 ms/op
WorkloadWarmup   2: 27 op, 41107163.00 ns, 1.5225 ms/op
WorkloadWarmup   3: 27 op, 45487980.00 ns, 1.6847 ms/op
WorkloadWarmup   4: 27 op, 23281301.00 ns, 862.2704 us/op
WorkloadWarmup   5: 27 op, 27918772.00 ns, 1.0340 ms/op
WorkloadWarmup   6: 27 op, 22543639.00 ns, 834.9496 us/op
WorkloadWarmup   7: 27 op, 22424240.00 ns, 830.5274 us/op
WorkloadWarmup   8: 27 op, 21821002.00 ns, 808.1853 us/op
WorkloadWarmup   9: 27 op, 22115292.00 ns, 819.0849 us/op
WorkloadWarmup  10: 27 op, 21421217.00 ns, 793.3784 us/op
WorkloadWarmup  11: 27 op, 21642958.00 ns, 801.5910 us/op
WorkloadWarmup  12: 27 op, 21268793.00 ns, 787.7331 us/op
WorkloadWarmup  13: 27 op, 21687243.00 ns, 803.2312 us/op
WorkloadWarmup  14: 27 op, 21923482.00 ns, 811.9808 us/op
WorkloadWarmup  15: 27 op, 21373960.00 ns, 791.6281 us/op
WorkloadWarmup  16: 27 op, 21281177.00 ns, 788.1917 us/op
WorkloadWarmup  17: 27 op, 21429954.00 ns, 793.7020 us/op
WorkloadWarmup  18: 27 op, 21847958.00 ns, 809.1836 us/op
WorkloadWarmup  19: 27 op, 21724887.00 ns, 804.6254 us/op
WorkloadWarmup  20: 27 op, 21892207.00 ns, 810.8225 us/op
WorkloadWarmup  21: 27 op, 22268248.00 ns, 824.7499 us/op
WorkloadWarmup  22: 27 op, 22415409.00 ns, 830.2003 us/op
WorkloadWarmup  23: 27 op, 22662055.00 ns, 839.3354 us/op
WorkloadWarmup  24: 27 op, 22286499.00 ns, 825.4259 us/op
WorkloadWarmup  25: 27 op, 21755558.00 ns, 805.7614 us/op

// BeforeActualRun
WorkloadActual   1: 27 op, 21754373.00 ns, 805.7175 us/op
WorkloadActual   2: 27 op, 21538846.00 ns, 797.7350 us/op
WorkloadActual   3: 27 op, 21556699.00 ns, 798.3963 us/op
WorkloadActual   4: 27 op, 22059792.00 ns, 817.0293 us/op
WorkloadActual   5: 27 op, 21919237.00 ns, 811.8236 us/op
WorkloadActual   6: 27 op, 21168448.00 ns, 784.0166 us/op

// AfterActualRun
WorkloadResult   1: 27 op, 21754373.00 ns, 805.7175 us/op
WorkloadResult   2: 27 op, 21538846.00 ns, 797.7350 us/op
WorkloadResult   3: 27 op, 21556699.00 ns, 798.3963 us/op
WorkloadResult   4: 27 op, 22059792.00 ns, 817.0293 us/op
WorkloadResult   5: 27 op, 21919237.00 ns, 811.8236 us/op
WorkloadResult   6: 27 op, 21168448.00 ns, 784.0166 us/op
// GC:  0 0 0 0 27
// Threading:  0 0 27

// AfterAll
// Benchmark Process 5302 has exited with code 0.

Mean = 802.453 us, StdErr = 4.794 us (0.60%), N = 6, StdDev = 11.744 us
Min = 784.017 us, Q1 = 797.900 us, Median = 802.057 us, Q3 = 810.297 us, Max = 817.029 us
IQR = 12.397 us, LowerFence = 779.305 us, UpperFence = 828.892 us
ConfidenceInterval = [769.522 us; 835.384 us] (CI 99.9%), Margin = 32.931 us (4.10% of Mean)
Skewness = -0.26, Kurtosis = 1.48, MValue = 2

// ** Remained 3 (6.0 %) benchmark(s) to run. Estimated finish 2026-10-09 23:00 (0h 0m from now) **
// **************************
// Benchmark: CodecSuite.Run: campaign(EvaluateOverhead=False, Clock=Armonik.Ffi.Bdn.CpuClock, IterationCount=6, IterationTime=40ms, LaunchCount=1, RunStrategy=Throughput, WarmupCount=25) [Case=core-(...)etain [42]]
// *** Execute ***
// Launch: 1 / 1
// Execute: dotnet BenchDotNet-campaign-1.dll --anonymousPipes 117 118 --benchmarkName "Armonik.Ffi.Bdn.CodecSuite.Run(Case: \"core-ffi|encode-core-hot|P2.3|ascii|retain\")" --job campaign --benchmarkId 47 in /home/user/ArmoniK.Api/ffi/poc/csharp/src/BenchDotNet/bin/Release/net8.0/BenchDotNet-campaign-1/bin/Release/net8.0
// BeforeAnythingElse

// Benchmark Process Environment Information:
// BenchmarkDotNet v0.15.8
// Runtime=.NET 8.0.31 (8.0.31, 8.0.3126.42015), X64 RyuJIT x86-64-v4
// GC=Concurrent Workstation
// HardwareIntrinsics=AVX512 F+BW+CD+DQ+VL,AVX2+BMI1+BMI2+F16C+FMA+LZCNT+MOVBE,AVX,SSE3+SSSE3+SSE4.1+SSE4.2+POPCNT,X86Base+SSE+SSE2,AES+PCLMUL VectorSize=256
// Job: campaign(EvaluateOverhead=False, Clock=Armonik.Ffi.Bdn.CpuClock, IterationCount=6, IterationTime=40ms, LaunchCount=1, RunStrategy=Throughput, WarmupCount=25)

OverheadJitting  1: 1 op, 281905.00 ns, 281.9050 us/op
WorkloadJitting  1: 1 op, 11972278.00 ns, 11.9723 ms/op

WorkloadPilot    1: 4 op, 10560515.00 ns, 2.6401 ms/op
WorkloadPilot    2: 15 op, 13989638.00 ns, 932.6425 us/op
WorkloadPilot    3: 43 op, 39797118.00 ns, 925.5144 us/op

WorkloadWarmup   1: 43 op, 38519527.00 ns, 895.8030 us/op
WorkloadWarmup   2: 43 op, 38115582.00 ns, 886.4089 us/op
WorkloadWarmup   3: 43 op, 37979508.00 ns, 883.2444 us/op
WorkloadWarmup   4: 43 op, 37964767.00 ns, 882.9016 us/op
WorkloadWarmup   5: 43 op, 41573798.00 ns, 966.8325 us/op
WorkloadWarmup   6: 43 op, 25399688.00 ns, 590.6904 us/op
WorkloadWarmup   7: 43 op, 26421136.00 ns, 614.4450 us/op
WorkloadWarmup   8: 43 op, 25497555.00 ns, 592.9664 us/op
WorkloadWarmup   9: 43 op, 24687593.00 ns, 574.1301 us/op
WorkloadWarmup  10: 43 op, 25079180.00 ns, 583.2367 us/op
WorkloadWarmup  11: 43 op, 25036182.00 ns, 582.2368 us/op
WorkloadWarmup  12: 43 op, 25240652.00 ns, 586.9919 us/op
WorkloadWarmup  13: 43 op, 25907440.00 ns, 602.4986 us/op
WorkloadWarmup  14: 43 op, 25618926.00 ns, 595.7890 us/op
WorkloadWarmup  15: 43 op, 25930068.00 ns, 603.0248 us/op
WorkloadWarmup  16: 43 op, 25121385.00 ns, 584.2183 us/op
WorkloadWarmup  17: 43 op, 25770970.00 ns, 599.3249 us/op
WorkloadWarmup  18: 43 op, 25243566.00 ns, 587.0597 us/op
WorkloadWarmup  19: 43 op, 24934185.00 ns, 579.8648 us/op
WorkloadWarmup  20: 43 op, 25661953.00 ns, 596.7896 us/op
WorkloadWarmup  21: 43 op, 25621949.00 ns, 595.8593 us/op
WorkloadWarmup  22: 43 op, 25249754.00 ns, 587.2036 us/op
WorkloadWarmup  23: 43 op, 25701480.00 ns, 597.7088 us/op
WorkloadWarmup  24: 43 op, 26486029.00 ns, 615.9542 us/op
WorkloadWarmup  25: 43 op, 25318633.00 ns, 588.8054 us/op

// BeforeActualRun
WorkloadActual   1: 43 op, 27304301.00 ns, 634.9837 us/op
WorkloadActual   2: 43 op, 26888130.00 ns, 625.3053 us/op
WorkloadActual   3: 43 op, 24772546.00 ns, 576.1057 us/op
WorkloadActual   4: 43 op, 24966728.00 ns, 580.6216 us/op
WorkloadActual   5: 43 op, 27512457.00 ns, 639.8246 us/op
WorkloadActual   6: 43 op, 26740602.00 ns, 621.8745 us/op

// AfterActualRun
WorkloadResult   1: 43 op, 27304301.00 ns, 634.9837 us/op
WorkloadResult   2: 43 op, 26888130.00 ns, 625.3053 us/op
WorkloadResult   3: 43 op, 24772546.00 ns, 576.1057 us/op
WorkloadResult   4: 43 op, 24966728.00 ns, 580.6216 us/op
WorkloadResult   5: 43 op, 27512457.00 ns, 639.8246 us/op
WorkloadResult   6: 43 op, 26740602.00 ns, 621.8745 us/op
// GC:  0 0 0 0 43
// Threading:  0 0 43

// AfterAll
// Benchmark Process 5311 has exited with code 0.

Mean = 613.119 us, StdErr = 11.317 us (1.85%), N = 6, StdDev = 27.722 us
Min = 576.106 us, Q1 = 590.935 us, Median = 623.590 us, Q3 = 632.564 us, Max = 639.825 us
IQR = 41.629 us, LowerFence = 528.491 us, UpperFence = 695.008 us
ConfidenceInterval = [535.382 us; 690.856 us] (CI 99.9%), Margin = 77.737 us (12.68% of Mean)
Skewness = -0.42, Kurtosis = 1.06, MValue = 2

// ** Remained 2 (4.0 %) benchmark(s) to run. Estimated finish 2026-10-09 23:00 (0h 0m from now) **
// **************************
// Benchmark: CodecSuite.Run: campaign(EvaluateOverhead=False, Clock=Armonik.Ffi.Bdn.CpuClock, IterationCount=6, IterationTime=40ms, LaunchCount=1, RunStrategy=Throughput, WarmupCount=25) [Case=core-(...)etain [42]]
// *** Execute ***
// Launch: 1 / 1
// Execute: dotnet BenchDotNet-campaign-1.dll --anonymousPipes 117 118 --benchmarkName "Armonik.Ffi.Bdn.CodecSuite.Run(Case: \"core-ffi|encode-core-hot|P2.2|ascii|retain\")" --job campaign --benchmarkId 48 in /home/user/ArmoniK.Api/ffi/poc/csharp/src/BenchDotNet/bin/Release/net8.0/BenchDotNet-campaign-1/bin/Release/net8.0
// BeforeAnythingElse

// Benchmark Process Environment Information:
// BenchmarkDotNet v0.15.8
// Runtime=.NET 8.0.31 (8.0.31, 8.0.3126.42015), X64 RyuJIT x86-64-v4
// GC=Concurrent Workstation
// HardwareIntrinsics=AVX512 F+BW+CD+DQ+VL,AVX2+BMI1+BMI2+F16C+FMA+LZCNT+MOVBE,AVX,SSE3+SSSE3+SSE4.1+SSE4.2+POPCNT,X86Base+SSE+SSE2,AES+PCLMUL VectorSize=256
// Job: campaign(EvaluateOverhead=False, Clock=Armonik.Ffi.Bdn.CpuClock, IterationCount=6, IterationTime=40ms, LaunchCount=1, RunStrategy=Throughput, WarmupCount=25)

OverheadJitting  1: 1 op, 241142.00 ns, 241.1420 us/op
WorkloadJitting  1: 1 op, 13034211.00 ns, 13.0342 ms/op

WorkloadPilot    1: 4 op, 16390736.00 ns, 4.0977 ms/op
WorkloadPilot    2: 10 op, 21048499.00 ns, 2.1048 ms/op
WorkloadPilot    3: 19 op, 24209801.00 ns, 1.2742 ms/op
WorkloadPilot    4: 31 op, 38462269.00 ns, 1.2407 ms/op

WorkloadWarmup   1: 31 op, 38631870.00 ns, 1.2462 ms/op
WorkloadWarmup   2: 31 op, 38433832.00 ns, 1.2398 ms/op
WorkloadWarmup   3: 31 op, 38515725.00 ns, 1.2424 ms/op
WorkloadWarmup   4: 31 op, 37023022.00 ns, 1.1943 ms/op
WorkloadWarmup   5: 31 op, 45334992.00 ns, 1.4624 ms/op
WorkloadWarmup   6: 31 op, 27353934.00 ns, 882.3850 us/op
WorkloadWarmup   7: 31 op, 26806439.00 ns, 864.7238 us/op
WorkloadWarmup   8: 31 op, 26758859.00 ns, 863.1890 us/op
WorkloadWarmup   9: 31 op, 26741376.00 ns, 862.6250 us/op
WorkloadWarmup  10: 31 op, 27461088.00 ns, 885.8415 us/op
WorkloadWarmup  11: 31 op, 27560358.00 ns, 889.0438 us/op
WorkloadWarmup  12: 31 op, 27209158.00 ns, 877.7148 us/op
WorkloadWarmup  13: 31 op, 27068161.00 ns, 873.1665 us/op
WorkloadWarmup  14: 31 op, 26759972.00 ns, 863.2249 us/op
WorkloadWarmup  15: 31 op, 26791725.00 ns, 864.2492 us/op
WorkloadWarmup  16: 31 op, 26886621.00 ns, 867.3104 us/op
WorkloadWarmup  17: 31 op, 26839762.00 ns, 865.7988 us/op
WorkloadWarmup  18: 31 op, 27079442.00 ns, 873.5304 us/op
WorkloadWarmup  19: 31 op, 28286094.00 ns, 912.4546 us/op
WorkloadWarmup  20: 31 op, 26787114.00 ns, 864.1005 us/op
WorkloadWarmup  21: 31 op, 26770683.00 ns, 863.5704 us/op
WorkloadWarmup  22: 31 op, 29557382.00 ns, 953.4639 us/op
WorkloadWarmup  23: 31 op, 26838630.00 ns, 865.7623 us/op
WorkloadWarmup  24: 31 op, 26652996.00 ns, 859.7741 us/op
WorkloadWarmup  25: 31 op, 29568156.00 ns, 953.8115 us/op

// BeforeActualRun
WorkloadActual   1: 31 op, 27883988.00 ns, 899.4835 us/op
WorkloadActual   2: 31 op, 26985339.00 ns, 870.4948 us/op
WorkloadActual   3: 31 op, 26856661.00 ns, 866.3439 us/op
WorkloadActual   4: 31 op, 29146859.00 ns, 940.2213 us/op
WorkloadActual   5: 31 op, 27096355.00 ns, 874.0760 us/op
WorkloadActual   6: 31 op, 27022511.00 ns, 871.6939 us/op

// AfterActualRun
WorkloadResult   1: 31 op, 27883988.00 ns, 899.4835 us/op
WorkloadResult   2: 31 op, 26985339.00 ns, 870.4948 us/op
WorkloadResult   3: 31 op, 26856661.00 ns, 866.3439 us/op
WorkloadResult   4: 31 op, 27096355.00 ns, 874.0760 us/op
WorkloadResult   5: 31 op, 27022511.00 ns, 871.6939 us/op
// GC:  0 0 0 0 31
// Threading:  0 0 31

// AfterAll
// Benchmark Process 5320 has exited with code 0.

Mean = 876.418 us, StdErr = 5.901 us (0.67%), N = 5, StdDev = 13.195 us
Min = 866.344 us, Q1 = 870.495 us, Median = 871.694 us, Q3 = 874.076 us, Max = 899.483 us
IQR = 3.581 us, LowerFence = 865.123 us, UpperFence = 879.448 us
ConfidenceInterval = [825.611 us; 927.226 us] (CI 99.9%), Margin = 50.808 us (5.80% of Mean)
Skewness = 0.95, Kurtosis = 1.95, MValue = 2

// ** Remained 1 (2.0 %) benchmark(s) to run. Estimated finish 2026-10-09 23:00 (0h 0m from now) **
// **************************
// Benchmark: CodecSuite.Run: campaign(EvaluateOverhead=False, Clock=Armonik.Ffi.Bdn.CpuClock, IterationCount=6, IterationTime=40ms, LaunchCount=1, RunStrategy=Throughput, WarmupCount=25) [Case=core-(...)etain [57]]
// *** Execute ***
// Launch: 1 / 1
// Execute: dotnet BenchDotNet-campaign-1.dll --anonymousPipes 117 118 --benchmarkName "Armonik.Ffi.Bdn.CodecSuite.Run(Case: \"core-ffi|encode-core-hot|U-oneof-u-repeated|corpus|retain\")" --job campaign --benchmarkId 49 in /home/user/ArmoniK.Api/ffi/poc/csharp/src/BenchDotNet/bin/Release/net8.0/BenchDotNet-campaign-1/bin/Release/net8.0
// BeforeAnythingElse

// Benchmark Process Environment Information:
// BenchmarkDotNet v0.15.8
// Runtime=.NET 8.0.31 (8.0.31, 8.0.3126.42015), X64 RyuJIT x86-64-v4
// GC=Concurrent Workstation
// HardwareIntrinsics=AVX512 F+BW+CD+DQ+VL,AVX2+BMI1+BMI2+F16C+FMA+LZCNT+MOVBE,AVX,SSE3+SSSE3+SSE4.1+SSE4.2+POPCNT,X86Base+SSE+SSE2,AES+PCLMUL VectorSize=256
// Job: campaign(EvaluateOverhead=False, Clock=Armonik.Ffi.Bdn.CpuClock, IterationCount=6, IterationTime=40ms, LaunchCount=1, RunStrategy=Throughput, WarmupCount=25)

OverheadJitting  1: 1 op, 247457.00 ns, 247.4570 us/op
WorkloadJitting  1: 1 op, 4047649.00 ns, 4.0476 ms/op

WorkloadPilot    1: 4 op, 21303.00 ns, 5.3258 us/op
WorkloadPilot    2: 7511 op, 2908921.00 ns, 387.2881 ns/op
WorkloadPilot    3: 103282 op, 42577523.00 ns, 412.2453 ns/op
WorkloadPilot    4: 97030 op, 37777328.00 ns, 389.3366 ns/op
WorkloadPilot    5: 102739 op, 40194921.00 ns, 391.2333 ns/op
WorkloadPilot    6: 102241 op, 44262408.00 ns, 432.9223 ns/op

WorkloadWarmup   1: 102241 op, 71410015.00 ns, 698.4479 ns/op
WorkloadWarmup   2: 102241 op, 67887798.00 ns, 663.9978 ns/op
WorkloadWarmup   3: 102241 op, 69495735.00 ns, 679.7247 ns/op
WorkloadWarmup   4: 102241 op, 15591942.00 ns, 152.5019 ns/op
WorkloadWarmup   5: 102241 op, 14424380.00 ns, 141.0821 ns/op
WorkloadWarmup   6: 102241 op, 14815078.00 ns, 144.9035 ns/op
WorkloadWarmup   7: 102241 op, 14367838.00 ns, 140.5291 ns/op
WorkloadWarmup   8: 102241 op, 14261568.00 ns, 139.4897 ns/op
WorkloadWarmup   9: 102241 op, 14253934.00 ns, 139.4150 ns/op
WorkloadWarmup  10: 102241 op, 14262044.00 ns, 139.4944 ns/op
WorkloadWarmup  11: 102241 op, 14369952.00 ns, 140.5498 ns/op
WorkloadWarmup  12: 102241 op, 14147587.00 ns, 138.3749 ns/op
WorkloadWarmup  13: 102241 op, 14279792.00 ns, 139.6680 ns/op
WorkloadWarmup  14: 102241 op, 14269155.00 ns, 139.5639 ns/op
WorkloadWarmup  15: 102241 op, 14477492.00 ns, 141.6016 ns/op
WorkloadWarmup  16: 102241 op, 14247483.00 ns, 139.3520 ns/op
WorkloadWarmup  17: 102241 op, 14269045.00 ns, 139.5628 ns/op
WorkloadWarmup  18: 102241 op, 14197161.00 ns, 138.8598 ns/op
WorkloadWarmup  19: 102241 op, 14379222.00 ns, 140.6405 ns/op
WorkloadWarmup  20: 102241 op, 14369653.00 ns, 140.5469 ns/op
WorkloadWarmup  21: 102241 op, 14209951.00 ns, 138.9849 ns/op
WorkloadWarmup  22: 102241 op, 14304001.00 ns, 139.9047 ns/op
WorkloadWarmup  23: 102241 op, 14262440.00 ns, 139.4982 ns/op
WorkloadWarmup  24: 102241 op, 14436158.00 ns, 141.1973 ns/op
WorkloadWarmup  25: 102241 op, 14172549.00 ns, 138.6190 ns/op

// BeforeActualRun
WorkloadActual   1: 102241 op, 14156216.00 ns, 138.4593 ns/op
WorkloadActual   2: 102241 op, 20878662.00 ns, 204.2103 ns/op
WorkloadActual   3: 102241 op, 22083944.00 ns, 215.9989 ns/op
WorkloadActual   4: 102241 op, 15164108.00 ns, 148.3173 ns/op
WorkloadActual   5: 102241 op, 14369145.00 ns, 140.5419 ns/op
WorkloadActual   6: 102241 op, 14422096.00 ns, 141.0598 ns/op

// AfterActualRun
WorkloadResult   1: 102241 op, 14156216.00 ns, 138.4593 ns/op
WorkloadResult   2: 102241 op, 20878662.00 ns, 204.2103 ns/op
WorkloadResult   3: 102241 op, 22083944.00 ns, 215.9989 ns/op
WorkloadResult   4: 102241 op, 15164108.00 ns, 148.3173 ns/op
WorkloadResult   5: 102241 op, 14369145.00 ns, 140.5419 ns/op
WorkloadResult   6: 102241 op, 14422096.00 ns, 141.0598 ns/op
// GC:  0 0 0 0 102241
// Threading:  0 0 102241

// AfterAll
// Benchmark Process 5329 has exited with code 0.

Mean = 164.765 ns, StdErr = 14.482 ns (8.79%), N = 6, StdDev = 35.474 ns
Min = 138.459 ns, Q1 = 140.671 ns, Median = 144.689 ns, Q3 = 190.237 ns, Max = 215.999 ns
IQR = 49.566 ns, LowerFence = 66.323 ns, UpperFence = 264.585 ns
ConfidenceInterval = [65.289 ns; 264.241 ns] (CI 99.9%), Margin = 99.476 ns (60.37% of Mean)
Skewness = 0.54, Kurtosis = 1.11, MValue = 2

// ** Remained 0 (0.0 %) benchmark(s) to run. Estimated finish 2026-10-09 23:00 (0h 0m from now) **
Run time: 00:01:28 (88.25 sec), executed benchmarks: 50

// ***** BenchmarkRunner: Finish  *****

// * Export *
  home/user/ArmoniK.Api/ffi/logs/csharp/opt/s13-tc-scalar/grid/e0-simd-full-r1.jsonl

// * Detailed results *
CodecSuite.Run: campaign(EvaluateOverhead=False, Clock=Armonik.Ffi.Bdn.CpuClock, IterationCount=6, IterationTime=40ms, LaunchCount=1, RunStrategy=Throughput, WarmupCount=25) [Case=core-(...)etain [42]]
Runtime = .NET 8.0.31 (8.0.31, 8.0.3126.42015), X64 RyuJIT x86-64-v4; GC = Concurrent Workstation
Mean = 770.189 ns, StdErr = 2.051 ns (0.27%), N = 5, StdDev = 4.586 ns
Min = 766.400 ns, Q1 = 768.079 ns, Median = 768.375 ns, Q3 = 770.027 ns, Max = 778.063 ns
IQR = 1.948 ns, LowerFence = 765.157 ns, UpperFence = 772.949 ns
ConfidenceInterval = [752.529 ns; 787.848 ns] (CI 99.9%), Margin = 17.659 ns (2.29% of Mean)
Skewness = 0.87, Kurtosis = 1.85, MValue = 2
-------------------- Histogram --------------------
[762.880 ns ; 781.583 ns) | @@@@@
---------------------------------------------------

CodecSuite.Run: campaign(EvaluateOverhead=False, Clock=Armonik.Ffi.Bdn.CpuClock, IterationCount=6, IterationTime=40ms, LaunchCount=1, RunStrategy=Throughput, WarmupCount=25) [Case=core-(...)|drop [40]]
Runtime = .NET 8.0.31 (8.0.31, 8.0.3126.42015), X64 RyuJIT x86-64-v4; GC = Concurrent Workstation
Mean = 742.666 ns, StdErr = 1.130 ns (0.15%), N = 6, StdDev = 2.769 ns
Min = 737.119 ns, Q1 = 743.186 ns, Median = 743.484 ns, Q3 = 744.185 ns, Max = 744.407 ns
IQR = 0.999 ns, LowerFence = 741.687 ns, UpperFence = 745.683 ns
ConfidenceInterval = [734.902 ns; 750.431 ns] (CI 99.9%), Margin = 7.765 ns (1.05% of Mean)
Skewness = -1.25, Kurtosis = 2.74, MValue = 2
-------------------- Histogram --------------------
[735.118 ns ; 746.407 ns) | @@@@@@
---------------------------------------------------

CodecSuite.Run: campaign(EvaluateOverhead=False, Clock=Armonik.Ffi.Bdn.CpuClock, IterationCount=6, IterationTime=40ms, LaunchCount=1, RunStrategy=Throughput, WarmupCount=25) [Case=core-(...)etain [42]]
Runtime = .NET 8.0.31 (8.0.31, 8.0.3126.42015), X64 RyuJIT x86-64-v4; GC = Concurrent Workstation
Mean = 204.954 us, StdErr = 0.346 us (0.17%), N = 6, StdDev = 0.848 us
Min = 203.920 us, Q1 = 204.328 us, Median = 204.895 us, Q3 = 205.560 us, Max = 206.094 us
IQR = 1.232 us, LowerFence = 202.479 us, UpperFence = 207.409 us
ConfidenceInterval = [202.577 us; 207.331 us] (CI 99.9%), Margin = 2.377 us (1.16% of Mean)
Skewness = 0.1, Kurtosis = 1.11, MValue = 2
-------------------- Histogram --------------------
[203.307 us ; 206.707 us) | @@@@@@
---------------------------------------------------

CodecSuite.Run: campaign(EvaluateOverhead=False, Clock=Armonik.Ffi.Bdn.CpuClock, IterationCount=6, IterationTime=40ms, LaunchCount=1, RunStrategy=Throughput, WarmupCount=25) [Case=core-(...)|drop [40]]
Runtime = .NET 8.0.31 (8.0.31, 8.0.3126.42015), X64 RyuJIT x86-64-v4; GC = Concurrent Workstation
Mean = 125.179 us, StdErr = 0.468 us (0.37%), N = 5, StdDev = 1.047 us
Min = 123.785 us, Q1 = 124.862 us, Median = 125.048 us, Q3 = 125.538 us, Max = 126.660 us
IQR = 0.677 us, LowerFence = 123.847 us, UpperFence = 126.553 us
ConfidenceInterval = [121.148 us; 129.209 us] (CI 99.9%), Margin = 4.031 us (3.22% of Mean)
Skewness = 0.1, Kurtosis = 1.43, MValue = 2
-------------------- Histogram --------------------
[122.982 us ; 127.463 us) | @@@@@
---------------------------------------------------

CodecSuite.Run: campaign(EvaluateOverhead=False, Clock=Armonik.Ffi.Bdn.CpuClock, IterationCount=6, IterationTime=40ms, LaunchCount=1, RunStrategy=Throughput, WarmupCount=25) [Case=core-(...)|drop [40]]
Runtime = .NET 8.0.31 (8.0.31, 8.0.3126.42015), X64 RyuJIT x86-64-v4; GC = Concurrent Workstation
Mean = 15.093 us, StdErr = 0.008 us (0.05%), N = 5, StdDev = 0.018 us
Min = 15.075 us, Q1 = 15.080 us, Median = 15.090 us, Q3 = 15.106 us, Max = 15.117 us
IQR = 0.026 us, LowerFence = 15.041 us, UpperFence = 15.145 us
ConfidenceInterval = [15.025 us; 15.161 us] (CI 99.9%), Margin = 0.068 us (0.45% of Mean)
Skewness = 0.2, Kurtosis = 0.99, MValue = 2
-------------------- Histogram --------------------
[15.061 us ; 15.130 us) | @@@@@
---------------------------------------------------

CodecSuite.Run: campaign(EvaluateOverhead=False, Clock=Armonik.Ffi.Bdn.CpuClock, IterationCount=6, IterationTime=40ms, LaunchCount=1, RunStrategy=Throughput, WarmupCount=25) [Case=core-(...)|drop [40]]
Runtime = .NET 8.0.31 (8.0.31, 8.0.3126.42015), X64 RyuJIT x86-64-v4; GC = Concurrent Workstation
Mean = 775.522 ns, StdErr = 2.133 ns (0.28%), N = 5, StdDev = 4.769 ns
Min = 768.171 ns, Q1 = 774.400 ns, Median = 775.647 ns, Q3 = 779.053 ns, Max = 780.339 ns
IQR = 4.653 ns, LowerFence = 767.421 ns, UpperFence = 786.032 ns
ConfidenceInterval = [757.157 ns; 793.887 ns] (CI 99.9%), Margin = 18.365 ns (2.37% of Mean)
Skewness = -0.45, Kurtosis = 1.4, MValue = 2
-------------------- Histogram --------------------
[764.510 ns ; 784.000 ns) | @@@@@
---------------------------------------------------

CodecSuite.Run: campaign(EvaluateOverhead=False, Clock=Armonik.Ffi.Bdn.CpuClock, IterationCount=6, IterationTime=40ms, LaunchCount=1, RunStrategy=Throughput, WarmupCount=25) [Case=core-(...)|drop [40]]
Runtime = .NET 8.0.31 (8.0.31, 8.0.3126.42015), X64 RyuJIT x86-64-v4; GC = Concurrent Workstation
Mean = 855.738 us, StdErr = 7.144 us (0.83%), N = 6, StdDev = 17.500 us
Min = 837.298 us, Q1 = 840.850 us, Median = 853.304 us, Q3 = 871.066 us, Max = 876.834 us
IQR = 30.216 us, LowerFence = 795.526 us, UpperFence = 916.390 us
ConfidenceInterval = [806.664 us; 904.811 us] (CI 99.9%), Margin = 49.073 us (5.73% of Mean)
Skewness = 0.14, Kurtosis = 0.94, MValue = 2
-------------------- Histogram --------------------
[836.090 us ; 861.371 us) | @@@@
[861.371 us ; 889.474 us) | @@
---------------------------------------------------

CodecSuite.Run: campaign(EvaluateOverhead=False, Clock=Armonik.Ffi.Bdn.CpuClock, IterationCount=6, IterationTime=40ms, LaunchCount=1, RunStrategy=Throughput, WarmupCount=25) [Case=core-(...)etain [42]]
Runtime = .NET 8.0.31 (8.0.31, 8.0.3126.42015), X64 RyuJIT x86-64-v4; GC = Concurrent Workstation
Mean = 60.384 us, StdErr = 0.221 us (0.37%), N = 5, StdDev = 0.494 us
Min = 60.047 us, Q1 = 60.061 us, Median = 60.124 us, Q3 = 60.479 us, Max = 61.209 us
IQR = 0.418 us, LowerFence = 59.434 us, UpperFence = 61.106 us
ConfidenceInterval = [58.483 us; 62.285 us] (CI 99.9%), Margin = 1.901 us (3.15% of Mean)
Skewness = 0.79, Kurtosis = 1.66, MValue = 2
-------------------- Histogram --------------------
[59.669 us ; 61.588 us) | @@@@@
---------------------------------------------------

CodecSuite.Run: campaign(EvaluateOverhead=False, Clock=Armonik.Ffi.Bdn.CpuClock, IterationCount=6, IterationTime=40ms, LaunchCount=1, RunStrategy=Throughput, WarmupCount=25) [Case=core-(...)|drop [54]]
Runtime = .NET 8.0.31 (8.0.31, 8.0.3126.42015), X64 RyuJIT x86-64-v4; GC = Concurrent Workstation
Mean = 1.291 us, StdErr = 0.004 us (0.33%), N = 6, StdDev = 0.010 us
Min = 1.282 us, Q1 = 1.284 us, Median = 1.289 us, Q3 = 1.296 us, Max = 1.309 us
IQR = 0.012 us, LowerFence = 1.266 us, UpperFence = 1.314 us
ConfidenceInterval = [1.262 us; 1.320 us] (CI 99.9%), Margin = 0.029 us (2.25% of Mean)
Skewness = 0.55, Kurtosis = 1.58, MValue = 2
-------------------- Histogram --------------------
[1.274 us ; 1.316 us) | @@@@@@
---------------------------------------------------

CodecSuite.Run: campaign(EvaluateOverhead=False, Clock=Armonik.Ffi.Bdn.CpuClock, IterationCount=6, IterationTime=40ms, LaunchCount=1, RunStrategy=Throughput, WarmupCount=25) [Case=core-(...)|drop [40]]
Runtime = .NET 8.0.31 (8.0.31, 8.0.3126.42015), X64 RyuJIT x86-64-v4; GC = Concurrent Workstation
Mean = 801.783 us, StdErr = 3.501 us (0.44%), N = 5, StdDev = 7.828 us
Min = 794.681 us, Q1 = 795.806 us, Median = 798.684 us, Q3 = 806.830 us, Max = 812.913 us
IQR = 11.023 us, LowerFence = 779.271 us, UpperFence = 823.365 us
ConfidenceInterval = [771.639 us; 831.926 us] (CI 99.9%), Margin = 30.143 us (3.76% of Mean)
Skewness = 0.38, Kurtosis = 1.06, MValue = 2
-------------------- Histogram --------------------
[788.672 us ; 818.922 us) | @@@@@
---------------------------------------------------

CodecSuite.Run: campaign(EvaluateOverhead=False, Clock=Armonik.Ffi.Bdn.CpuClock, IterationCount=6, IterationTime=40ms, LaunchCount=1, RunStrategy=Throughput, WarmupCount=25) [Case=core-(...)|drop [55]]
Runtime = .NET 8.0.31 (8.0.31, 8.0.3126.42015), X64 RyuJIT x86-64-v4; GC = Concurrent Workstation
Mean = 125.730 ns, StdErr = 0.148 ns (0.12%), N = 6, StdDev = 0.362 ns
Min = 125.373 ns, Q1 = 125.472 ns, Median = 125.653 ns, Q3 = 125.869 ns, Max = 126.348 ns
IQR = 0.397 ns, LowerFence = 124.875 ns, UpperFence = 126.465 ns
ConfidenceInterval = [124.713 ns; 126.746 ns] (CI 99.9%), Margin = 1.016 ns (0.81% of Mean)
Skewness = 0.59, Kurtosis = 1.67, MValue = 2
-------------------- Histogram --------------------
[125.111 ns ; 126.609 ns) | @@@@@@
---------------------------------------------------

CodecSuite.Run: campaign(EvaluateOverhead=False, Clock=Armonik.Ffi.Bdn.CpuClock, IterationCount=6, IterationTime=40ms, LaunchCount=1, RunStrategy=Throughput, WarmupCount=25) [Case=core-(...)etain [56]]
Runtime = .NET 8.0.31 (8.0.31, 8.0.3126.42015), X64 RyuJIT x86-64-v4; GC = Concurrent Workstation
Mean = 1.306 us, StdErr = 0.001 us (0.05%), N = 6, StdDev = 0.002 us
Min = 1.303 us, Q1 = 1.306 us, Median = 1.307 us, Q3 = 1.307 us, Max = 1.308 us
IQR = 0.001 us, LowerFence = 1.304 us, UpperFence = 1.309 us
ConfidenceInterval = [1.302 us; 1.311 us] (CI 99.9%), Margin = 0.005 us (0.36% of Mean)
Skewness = -0.94, Kurtosis = 2.25, MValue = 2
-------------------- Histogram --------------------
[1.302 us ; 1.309 us) | @@@@@@
---------------------------------------------------

CodecSuite.Run: campaign(EvaluateOverhead=False, Clock=Armonik.Ffi.Bdn.CpuClock, IterationCount=6, IterationTime=40ms, LaunchCount=1, RunStrategy=Throughput, WarmupCount=25) [Case=core-(...)|drop [40]]
Runtime = .NET 8.0.31 (8.0.31, 8.0.3126.42015), X64 RyuJIT x86-64-v4; GC = Concurrent Workstation
Mean = 1.380 us, StdErr = 0.003 us (0.24%), N = 6, StdDev = 0.008 us
Min = 1.368 us, Q1 = 1.376 us, Median = 1.379 us, Q3 = 1.386 us, Max = 1.389 us
IQR = 0.010 us, LowerFence = 1.361 us, UpperFence = 1.401 us
ConfidenceInterval = [1.357 us; 1.402 us] (CI 99.9%), Margin = 0.022 us (1.63% of Mean)
Skewness = -0.15, Kurtosis = 1.34, MValue = 2
-------------------- Histogram --------------------
[1.365 us ; 1.392 us) | @@@@@@
---------------------------------------------------

CodecSuite.Run: campaign(EvaluateOverhead=False, Clock=Armonik.Ffi.Bdn.CpuClock, IterationCount=6, IterationTime=40ms, LaunchCount=1, RunStrategy=Throughput, WarmupCount=25) [Case=core-(...)etain [43]]
Runtime = .NET 8.0.31 (8.0.31, 8.0.3126.42015), X64 RyuJIT x86-64-v4; GC = Concurrent Workstation
Mean = 1.106 ms, StdErr = 0.003 ms (0.24%), N = 5, StdDev = 0.006 ms
Min = 1.096 ms, Q1 = 1.104 ms, Median = 1.108 ms, Q3 = 1.110 ms, Max = 1.110 ms
IQR = 0.006 ms, LowerFence = 1.095 ms, UpperFence = 1.118 ms
ConfidenceInterval = [1.083 ms; 1.128 ms] (CI 99.9%), Margin = 0.023 ms (2.04% of Mean)
Skewness = -0.71, Kurtosis = 1.54, MValue = 2
-------------------- Histogram --------------------
[1.096 ms ; 1.114 ms) | @@@@@
---------------------------------------------------

CodecSuite.Run: campaign(EvaluateOverhead=False, Clock=Armonik.Ffi.Bdn.CpuClock, IterationCount=6, IterationTime=40ms, LaunchCount=1, RunStrategy=Throughput, WarmupCount=25) [Case=core-(...)etain [54]]
Runtime = .NET 8.0.31 (8.0.31, 8.0.3126.42015), X64 RyuJIT x86-64-v4; GC = Concurrent Workstation
Mean = 282.037 ns, StdErr = 2.141 ns (0.76%), N = 5, StdDev = 4.787 ns
Min = 278.961 ns, Q1 = 279.042 ns, Median = 279.682 ns, Q3 = 282.236 ns, Max = 290.262 ns
IQR = 3.194 ns, LowerFence = 274.251 ns, UpperFence = 287.027 ns
ConfidenceInterval = [263.604 ns; 300.470 ns] (CI 99.9%), Margin = 18.433 ns (6.54% of Mean)
Skewness = 0.89, Kurtosis = 1.82, MValue = 2
-------------------- Histogram --------------------
[276.924 ns ; 286.587 ns) | @@@@
[286.587 ns ; 293.936 ns) | @
---------------------------------------------------

CodecSuite.Run: campaign(EvaluateOverhead=False, Clock=Armonik.Ffi.Bdn.CpuClock, IterationCount=6, IterationTime=40ms, LaunchCount=1, RunStrategy=Throughput, WarmupCount=25) [Case=core-(...)|drop [40]]
Runtime = .NET 8.0.31 (8.0.31, 8.0.3126.42015), X64 RyuJIT x86-64-v4; GC = Concurrent Workstation
Mean = 196.974 us, StdErr = 0.233 us (0.12%), N = 6, StdDev = 0.570 us
Min = 196.343 us, Q1 = 196.500 us, Median = 196.941 us, Q3 = 197.501 us, Max = 197.577 us
IQR = 1.002 us, LowerFence = 194.997 us, UpperFence = 199.004 us
ConfidenceInterval = [195.375 us; 198.572 us] (CI 99.9%), Margin = 1.598 us (0.81% of Mean)
Skewness = 0.03, Kurtosis = 0.81, MValue = 2
-------------------- Histogram --------------------
[195.931 us ; 197.989 us) | @@@@@@
---------------------------------------------------

CodecSuite.Run: campaign(EvaluateOverhead=False, Clock=Armonik.Ffi.Bdn.CpuClock, IterationCount=6, IterationTime=40ms, LaunchCount=1, RunStrategy=Throughput, WarmupCount=25) [Case=core-(...)|drop [40]]
Runtime = .NET 8.0.31 (8.0.31, 8.0.3126.42015), X64 RyuJIT x86-64-v4; GC = Concurrent Workstation
Mean = 308.207 us, StdErr = 0.286 us (0.09%), N = 6, StdDev = 0.700 us
Min = 307.231 us, Q1 = 307.795 us, Median = 308.170 us, Q3 = 308.743 us, Max = 309.066 us
IQR = 0.948 us, LowerFence = 306.373 us, UpperFence = 310.164 us
ConfidenceInterval = [306.244 us; 310.170 us] (CI 99.9%), Margin = 1.963 us (0.64% of Mean)
Skewness = -0.04, Kurtosis = 1.22, MValue = 2
-------------------- Histogram --------------------
[306.725 us ; 309.571 us) | @@@@@@
---------------------------------------------------

CodecSuite.Run: campaign(EvaluateOverhead=False, Clock=Armonik.Ffi.Bdn.CpuClock, IterationCount=6, IterationTime=40ms, LaunchCount=1, RunStrategy=Throughput, WarmupCount=25) [Case=core-(...)|drop [40]]
Runtime = .NET 8.0.31 (8.0.31, 8.0.3126.42015), X64 RyuJIT x86-64-v4; GC = Concurrent Workstation
Mean = 1.695 us, StdErr = 0.007 us (0.42%), N = 6, StdDev = 0.018 us
Min = 1.681 us, Q1 = 1.683 us, Median = 1.687 us, Q3 = 1.703 us, Max = 1.725 us
IQR = 0.019 us, LowerFence = 1.654 us, UpperFence = 1.732 us
ConfidenceInterval = [1.645 us; 1.744 us] (CI 99.9%), Margin = 0.049 us (2.92% of Mean)
Skewness = 0.72, Kurtosis = 1.6, MValue = 2
-------------------- Histogram --------------------
[1.668 us ; 1.733 us) | @@@@@@
---------------------------------------------------

CodecSuite.Run: campaign(EvaluateOverhead=False, Clock=Armonik.Ffi.Bdn.CpuClock, IterationCount=6, IterationTime=40ms, LaunchCount=1, RunStrategy=Throughput, WarmupCount=25) [Case=core-(...)etain [57]]
Runtime = .NET 8.0.31 (8.0.31, 8.0.3126.42015), X64 RyuJIT x86-64-v4; GC = Concurrent Workstation
Mean = 164.765 ns, StdErr = 14.482 ns (8.79%), N = 6, StdDev = 35.474 ns
Min = 138.459 ns, Q1 = 140.671 ns, Median = 144.689 ns, Q3 = 190.237 ns, Max = 215.999 ns
IQR = 49.566 ns, LowerFence = 66.323 ns, UpperFence = 264.585 ns
ConfidenceInterval = [65.289 ns; 264.241 ns] (CI 99.9%), Margin = 99.476 ns (60.37% of Mean)
Skewness = 0.54, Kurtosis = 1.11, MValue = 2
-------------------- Histogram --------------------
[112.836 ns ; 184.482 ns) | @@@@
[184.482 ns ; 241.622 ns) | @@
---------------------------------------------------

CodecSuite.Run: campaign(EvaluateOverhead=False, Clock=Armonik.Ffi.Bdn.CpuClock, IterationCount=6, IterationTime=40ms, LaunchCount=1, RunStrategy=Throughput, WarmupCount=25) [Case=core-(...)|drop [78]]
Runtime = .NET 8.0.31 (8.0.31, 8.0.3126.42015), X64 RyuJIT x86-64-v4; GC = Concurrent Workstation
Mean = 1.399 us, StdErr = 0.028 us (2.02%), N = 5, StdDev = 0.063 us
Min = 1.336 us, Q1 = 1.348 us, Median = 1.382 us, Q3 = 1.452 us, Max = 1.478 us
IQR = 0.104 us, LowerFence = 1.191 us, UpperFence = 1.609 us
ConfidenceInterval = [1.156 us; 1.642 us] (CI 99.9%), Margin = 0.243 us (17.36% of Mean)
Skewness = 0.19, Kurtosis = 0.88, MValue = 2
-------------------- Histogram --------------------
[1.311 us ; 1.408 us) | @@@
[1.408 us ; 1.513 us) | @@
---------------------------------------------------

CodecSuite.Run: campaign(EvaluateOverhead=False, Clock=Armonik.Ffi.Bdn.CpuClock, IterationCount=6, IterationTime=40ms, LaunchCount=1, RunStrategy=Throughput, WarmupCount=25) [Case=core-(...)etain [42]]
Runtime = .NET 8.0.31 (8.0.31, 8.0.3126.42015), X64 RyuJIT x86-64-v4; GC = Concurrent Workstation
Mean = 15.892 us, StdErr = 0.028 us (0.18%), N = 5, StdDev = 0.063 us
Min = 15.841 us, Q1 = 15.854 us, Median = 15.863 us, Q3 = 15.908 us, Max = 15.994 us
IQR = 0.053 us, LowerFence = 15.775 us, UpperFence = 15.987 us
ConfidenceInterval = [15.651 us; 16.133 us] (CI 99.9%), Margin = 0.241 us (1.52% of Mean)
Skewness = 0.71, Kurtosis = 1.57, MValue = 2
-------------------- Histogram --------------------
[15.792 us ; 16.043 us) | @@@@@
---------------------------------------------------

CodecSuite.Run: campaign(EvaluateOverhead=False, Clock=Armonik.Ffi.Bdn.CpuClock, IterationCount=6, IterationTime=40ms, LaunchCount=1, RunStrategy=Throughput, WarmupCount=25) [Case=core-(...)|drop [80]]
Runtime = .NET 8.0.31 (8.0.31, 8.0.3126.42015), X64 RyuJIT x86-64-v4; GC = Concurrent Workstation
Mean = 1.149 us, StdErr = 0.001 us (0.10%), N = 6, StdDev = 0.003 us
Min = 1.145 us, Q1 = 1.147 us, Median = 1.149 us, Q3 = 1.151 us, Max = 1.152 us
IQR = 0.004 us, LowerFence = 1.140 us, UpperFence = 1.158 us
ConfidenceInterval = [1.141 us; 1.156 us] (CI 99.9%), Margin = 0.008 us (0.67% of Mean)
Skewness = -0.06, Kurtosis = 1.01, MValue = 2
-------------------- Histogram --------------------
[1.143 us ; 1.154 us) | @@@@@@
---------------------------------------------------

CodecSuite.Run: campaign(EvaluateOverhead=False, Clock=Armonik.Ffi.Bdn.CpuClock, IterationCount=6, IterationTime=40ms, LaunchCount=1, RunStrategy=Throughput, WarmupCount=25) [Case=core-(...)etain [42]]
Runtime = .NET 8.0.31 (8.0.31, 8.0.3126.42015), X64 RyuJIT x86-64-v4; GC = Concurrent Workstation
Mean = 613.119 us, StdErr = 11.317 us (1.85%), N = 6, StdDev = 27.722 us
Min = 576.106 us, Q1 = 590.935 us, Median = 623.590 us, Q3 = 632.564 us, Max = 639.825 us
IQR = 41.629 us, LowerFence = 528.491 us, UpperFence = 695.008 us
ConfidenceInterval = [535.382 us; 690.856 us] (CI 99.9%), Margin = 77.737 us (12.68% of Mean)
Skewness = -0.42, Kurtosis = 1.06, MValue = 2
-------------------- Histogram --------------------
[556.082 us ; 598.387 us) | @@
[598.387 us ; 650.873 us) | @@@@
---------------------------------------------------

CodecSuite.Run: campaign(EvaluateOverhead=False, Clock=Armonik.Ffi.Bdn.CpuClock, IterationCount=6, IterationTime=40ms, LaunchCount=1, RunStrategy=Throughput, WarmupCount=25) [Case=core-(...)|drop [39]]
Runtime = .NET 8.0.31 (8.0.31, 8.0.3126.42015), X64 RyuJIT x86-64-v4; GC = Concurrent Workstation
Mean = 1.434 ms, StdErr = 0.014 ms (0.94%), N = 6, StdDev = 0.033 ms
Min = 1.409 ms, Q1 = 1.410 ms, Median = 1.416 ms, Q3 = 1.459 ms, Max = 1.481 ms
IQR = 0.049 ms, LowerFence = 1.337 ms, UpperFence = 1.532 ms
ConfidenceInterval = [1.341 ms; 1.527 ms] (CI 99.9%), Margin = 0.093 ms (6.48% of Mean)
Skewness = 0.52, Kurtosis = 1.09, MValue = 2
-------------------- Histogram --------------------
[1.392 ms ; 1.452 ms) | @@@@
[1.452 ms ; 1.505 ms) | @@
---------------------------------------------------

CodecSuite.Run: campaign(EvaluateOverhead=False, Clock=Armonik.Ffi.Bdn.CpuClock, IterationCount=6, IterationTime=40ms, LaunchCount=1, RunStrategy=Throughput, WarmupCount=25) [Case=core-(...)etain [42]]
Runtime = .NET 8.0.31 (8.0.31, 8.0.3126.42015), X64 RyuJIT x86-64-v4; GC = Concurrent Workstation
Mean = 110.812 ns, StdErr = 1.044 ns (0.94%), N = 6, StdDev = 2.558 ns
Min = 108.547 ns, Q1 = 108.817 ns, Median = 110.412 ns, Q3 = 111.540 ns, Max = 115.298 ns
IQR = 2.722 ns, LowerFence = 104.734 ns, UpperFence = 115.624 ns
ConfidenceInterval = [103.638 ns; 117.985 ns] (CI 99.9%), Margin = 7.173 ns (6.47% of Mean)
Skewness = 0.66, Kurtosis = 1.79, MValue = 2
-------------------- Histogram --------------------
[108.242 ns ; 113.450 ns) | @@@@@
[113.450 ns ; 117.146 ns) | @
---------------------------------------------------

CodecSuite.Run: campaign(EvaluateOverhead=False, Clock=Armonik.Ffi.Bdn.CpuClock, IterationCount=6, IterationTime=40ms, LaunchCount=1, RunStrategy=Throughput, WarmupCount=25) [Case=core-(...)etain [83]]
Runtime = .NET 8.0.31 (8.0.31, 8.0.3126.42015), X64 RyuJIT x86-64-v4; GC = Concurrent Workstation
Mean = 113.365 ns, StdErr = 0.116 ns (0.10%), N = 5, StdDev = 0.259 ns
Min = 113.130 ns, Q1 = 113.253 ns, Median = 113.306 ns, Q3 = 113.330 ns, Max = 113.807 ns
IQR = 0.077 ns, LowerFence = 113.137 ns, UpperFence = 113.445 ns
ConfidenceInterval = [112.368 ns; 114.362 ns] (CI 99.9%), Margin = 0.997 ns (0.88% of Mean)
Skewness = 0.83, Kurtosis = 1.84, MValue = 2
-------------------- Histogram --------------------
[112.931 ns ; 114.006 ns) | @@@@@
---------------------------------------------------

CodecSuite.Run: campaign(EvaluateOverhead=False, Clock=Armonik.Ffi.Bdn.CpuClock, IterationCount=6, IterationTime=40ms, LaunchCount=1, RunStrategy=Throughput, WarmupCount=25) [Case=core-(...)etain [42]]
Runtime = .NET 8.0.31 (8.0.31, 8.0.3126.42015), X64 RyuJIT x86-64-v4; GC = Concurrent Workstation
Mean = 1.507 us, StdErr = 0.035 us (2.33%), N = 6, StdDev = 0.086 us
Min = 1.422 us, Q1 = 1.440 us, Median = 1.505 us, Q3 = 1.527 us, Max = 1.654 us
IQR = 0.087 us, LowerFence = 1.310 us, UpperFence = 1.657 us
ConfidenceInterval = [1.266 us; 1.748 us] (CI 99.9%), Margin = 0.241 us (16.00% of Mean)
Skewness = 0.52, Kurtosis = 1.76, MValue = 2.4
-------------------- Histogram --------------------
[1.414 us ; 1.539 us) | @@@@@
[1.539 us ; 1.592 us) | 
[1.592 us ; 1.716 us) | @
---------------------------------------------------

CodecSuite.Run: campaign(EvaluateOverhead=False, Clock=Armonik.Ffi.Bdn.CpuClock, IterationCount=6, IterationTime=40ms, LaunchCount=1, RunStrategy=Throughput, WarmupCount=25) [Case=core-(...)|drop [52]]
Runtime = .NET 8.0.31 (8.0.31, 8.0.3126.42015), X64 RyuJIT x86-64-v4; GC = Concurrent Workstation
Mean = 246.429 ns, StdErr = 1.753 ns (0.71%), N = 6, StdDev = 4.295 ns
Min = 240.552 ns, Q1 = 243.014 ns, Median = 247.881 ns, Q3 = 249.818 ns, Max = 250.407 ns
IQR = 6.804 ns, LowerFence = 232.808 ns, UpperFence = 260.024 ns
ConfidenceInterval = [234.385 ns; 258.474 ns] (CI 99.9%), Margin = 12.044 ns (4.89% of Mean)
Skewness = -0.34, Kurtosis = 1.02, MValue = 2
-------------------- Histogram --------------------
[238.137 ns ; 245.240 ns) | @@
[245.240 ns ; 251.445 ns) | @@@@
---------------------------------------------------

CodecSuite.Run: campaign(EvaluateOverhead=False, Clock=Armonik.Ffi.Bdn.CpuClock, IterationCount=6, IterationTime=40ms, LaunchCount=1, RunStrategy=Throughput, WarmupCount=25) [Case=core-(...)|drop [41]]
Runtime = .NET 8.0.31 (8.0.31, 8.0.3126.42015), X64 RyuJIT x86-64-v4; GC = Concurrent Workstation
Mean = 1.102 ms, StdErr = 0.012 ms (1.04%), N = 6, StdDev = 0.028 ms
Min = 1.070 ms, Q1 = 1.084 ms, Median = 1.099 ms, Q3 = 1.114 ms, Max = 1.149 ms
IQR = 0.029 ms, LowerFence = 1.040 ms, UpperFence = 1.158 ms
ConfidenceInterval = [1.023 ms; 1.182 ms] (CI 99.9%), Margin = 0.079 ms (7.17% of Mean)
Skewness = 0.41, Kurtosis = 1.58, MValue = 2
-------------------- Histogram --------------------
[1.065 ms ; 1.106 ms) | @@@@
[1.106 ms ; 1.154 ms) | @@
---------------------------------------------------

CodecSuite.Run: campaign(EvaluateOverhead=False, Clock=Armonik.Ffi.Bdn.CpuClock, IterationCount=6, IterationTime=40ms, LaunchCount=1, RunStrategy=Throughput, WarmupCount=25) [Case=core-(...)etain [42]]
Runtime = .NET 8.0.31 (8.0.31, 8.0.3126.42015), X64 RyuJIT x86-64-v4; GC = Concurrent Workstation
Mean = 1.681 us, StdErr = 0.003 us (0.15%), N = 6, StdDev = 0.006 us
Min = 1.674 us, Q1 = 1.677 us, Median = 1.679 us, Q3 = 1.684 us, Max = 1.691 us
IQR = 0.007 us, LowerFence = 1.666 us, UpperFence = 1.694 us
ConfidenceInterval = [1.663 us; 1.698 us] (CI 99.9%), Margin = 0.018 us (1.05% of Mean)
Skewness = 0.53, Kurtosis = 1.5, MValue = 2
-------------------- Histogram --------------------
[1.669 us ; 1.695 us) | @@@@@@
---------------------------------------------------

CodecSuite.Run: campaign(EvaluateOverhead=False, Clock=Armonik.Ffi.Bdn.CpuClock, IterationCount=6, IterationTime=40ms, LaunchCount=1, RunStrategy=Throughput, WarmupCount=25) [Case=core-(...)etain [42]]
Runtime = .NET 8.0.31 (8.0.31, 8.0.3126.42015), X64 RyuJIT x86-64-v4; GC = Concurrent Workstation
Mean = 876.418 us, StdErr = 5.901 us (0.67%), N = 5, StdDev = 13.195 us
Min = 866.344 us, Q1 = 870.495 us, Median = 871.694 us, Q3 = 874.076 us, Max = 899.483 us
IQR = 3.581 us, LowerFence = 865.123 us, UpperFence = 879.448 us
ConfidenceInterval = [825.611 us; 927.226 us] (CI 99.9%), Margin = 50.808 us (5.80% of Mean)
Skewness = 0.95, Kurtosis = 1.95, MValue = 2
-------------------- Histogram --------------------
[860.082 us ; 889.356 us) | @@@@
[889.356 us ; 909.611 us) | @
---------------------------------------------------

CodecSuite.Run: campaign(EvaluateOverhead=False, Clock=Armonik.Ffi.Bdn.CpuClock, IterationCount=6, IterationTime=40ms, LaunchCount=1, RunStrategy=Throughput, WarmupCount=25) [Case=core-(...)etain [42]]
Runtime = .NET 8.0.31 (8.0.31, 8.0.3126.42015), X64 RyuJIT x86-64-v4; GC = Concurrent Workstation
Mean = 122.795 us, StdErr = 1.073 us (0.87%), N = 6, StdDev = 2.629 us
Min = 120.826 us, Q1 = 121.039 us, Median = 121.489 us, Q3 = 123.975 us, Max = 127.271 us
IQR = 2.936 us, LowerFence = 116.634 us, UpperFence = 128.380 us
ConfidenceInterval = [115.422 us; 130.167 us] (CI 99.9%), Margin = 7.373 us (6.00% of Mean)
Skewness = 0.72, Kurtosis = 1.57, MValue = 2
-------------------- Histogram --------------------
[119.358 us ; 124.105 us) | @@@@
[124.105 us ; 127.903 us) | @@
---------------------------------------------------

CodecSuite.Run: campaign(EvaluateOverhead=False, Clock=Armonik.Ffi.Bdn.CpuClock, IterationCount=6, IterationTime=40ms, LaunchCount=1, RunStrategy=Throughput, WarmupCount=25) [Case=core-(...)|drop [40]]
Runtime = .NET 8.0.31 (8.0.31, 8.0.3126.42015), X64 RyuJIT x86-64-v4; GC = Concurrent Workstation
Mean = 591.738 us, StdErr = 3.872 us (0.65%), N = 5, StdDev = 8.658 us
Min = 581.150 us, Q1 = 587.988 us, Median = 590.789 us, Q3 = 594.093 us, Max = 604.669 us
IQR = 6.106 us, LowerFence = 578.829 us, UpperFence = 603.252 us
ConfidenceInterval = [558.399 us; 625.077 us] (CI 99.9%), Margin = 33.339 us (5.63% of Mean)
Skewness = 0.29, Kurtosis = 1.45, MValue = 2
-------------------- Histogram --------------------
[580.976 us ; 598.024 us) | @@@@
[598.024 us ; 611.315 us) | @
---------------------------------------------------

CodecSuite.Run: campaign(EvaluateOverhead=False, Clock=Armonik.Ffi.Bdn.CpuClock, IterationCount=6, IterationTime=40ms, LaunchCount=1, RunStrategy=Throughput, WarmupCount=25) [Case=core-(...)etain [41]]
Runtime = .NET 8.0.31 (8.0.31, 8.0.3126.42015), X64 RyuJIT x86-64-v4; GC = Concurrent Workstation
Mean = 1.350 ms, StdErr = 0.003 ms (0.20%), N = 5, StdDev = 0.006 ms
Min = 1.341 ms, Q1 = 1.350 ms, Median = 1.350 ms, Q3 = 1.354 ms, Max = 1.357 ms
IQR = 0.004 ms, LowerFence = 1.344 ms, UpperFence = 1.360 ms
ConfidenceInterval = [1.327 ms; 1.374 ms] (CI 99.9%), Margin = 0.023 ms (1.72% of Mean)
Skewness = -0.52, Kurtosis = 1.55, MValue = 2
-------------------- Histogram --------------------
[1.336 ms ; 1.361 ms) | @@@@@
---------------------------------------------------

CodecSuite.Run: campaign(EvaluateOverhead=False, Clock=Armonik.Ffi.Bdn.CpuClock, IterationCount=6, IterationTime=40ms, LaunchCount=1, RunStrategy=Throughput, WarmupCount=25) [Case=core-(...)etain [42]]
Runtime = .NET 8.0.31 (8.0.31, 8.0.3126.42015), X64 RyuJIT x86-64-v4; GC = Concurrent Workstation
Mean = 126.604 us, StdErr = 0.619 us (0.49%), N = 6, StdDev = 1.516 us
Min = 124.522 us, Q1 = 125.846 us, Median = 126.393 us, Q3 = 127.549 us, Max = 128.715 us
IQR = 1.704 us, LowerFence = 123.290 us, UpperFence = 130.105 us
ConfidenceInterval = [122.353 us; 130.854 us] (CI 99.9%), Margin = 4.251 us (3.36% of Mean)
Skewness = 0.09, Kurtosis = 1.34, MValue = 2
-------------------- Histogram --------------------
[124.220 us ; 127.036 us) | @@@@
[127.036 us ; 129.810 us) | @@
---------------------------------------------------

CodecSuite.Run: campaign(EvaluateOverhead=False, Clock=Armonik.Ffi.Bdn.CpuClock, IterationCount=6, IterationTime=40ms, LaunchCount=1, RunStrategy=Throughput, WarmupCount=25) [Case=core-(...)|drop [40]]
Runtime = .NET 8.0.31 (8.0.31, 8.0.3126.42015), X64 RyuJIT x86-64-v4; GC = Concurrent Workstation
Mean = 23.861 us, StdErr = 0.116 us (0.49%), N = 5, StdDev = 0.260 us
Min = 23.581 us, Q1 = 23.623 us, Median = 23.909 us, Q3 = 23.989 us, Max = 24.202 us
IQR = 0.366 us, LowerFence = 23.074 us, UpperFence = 24.538 us
ConfidenceInterval = [22.861 us; 24.861 us] (CI 99.9%), Margin = 1.000 us (4.19% of Mean)
Skewness = 0.07, Kurtosis = 1.02, MValue = 2
-------------------- Histogram --------------------
[23.382 us ; 24.296 us) | @@@@@
---------------------------------------------------

CodecSuite.Run: campaign(EvaluateOverhead=False, Clock=Armonik.Ffi.Bdn.CpuClock, IterationCount=6, IterationTime=40ms, LaunchCount=1, RunStrategy=Throughput, WarmupCount=25) [Case=core-(...)|drop [40]]
Runtime = .NET 8.0.31 (8.0.31, 8.0.3126.42015), X64 RyuJIT x86-64-v4; GC = Concurrent Workstation
Mean = 120.168 us, StdErr = 0.666 us (0.55%), N = 5, StdDev = 1.489 us
Min = 118.255 us, Q1 = 119.590 us, Median = 119.646 us, Q3 = 121.512 us, Max = 121.840 us
IQR = 1.922 us, LowerFence = 116.706 us, UpperFence = 124.396 us
ConfidenceInterval = [114.434 us; 125.903 us] (CI 99.9%), Margin = 5.734 us (4.77% of Mean)
Skewness = -0.02, Kurtosis = 1, MValue = 2
-------------------- Histogram --------------------
[117.112 us ; 121.922 us) | @@@@@
---------------------------------------------------

CodecSuite.Run: campaign(EvaluateOverhead=False, Clock=Armonik.Ffi.Bdn.CpuClock, IterationCount=6, IterationTime=40ms, LaunchCount=1, RunStrategy=Throughput, WarmupCount=25) [Case=core-(...)etain [80]]
Runtime = .NET 8.0.31 (8.0.31, 8.0.3126.42015), X64 RyuJIT x86-64-v4; GC = Concurrent Workstation
Mean = 1.363 us, StdErr = 0.005 us (0.34%), N = 5, StdDev = 0.010 us
Min = 1.349 us, Q1 = 1.361 us, Median = 1.362 us, Q3 = 1.365 us, Max = 1.378 us
IQR = 0.003 us, LowerFence = 1.356 us, UpperFence = 1.370 us
ConfidenceInterval = [1.323 us; 1.403 us] (CI 99.9%), Margin = 0.040 us (2.93% of Mean)
Skewness = 0.1, Kurtosis = 1.56, MValue = 2
-------------------- Histogram --------------------
[1.343 us ; 1.386 us) | @@@@@
---------------------------------------------------

CodecSuite.Run: campaign(EvaluateOverhead=False, Clock=Armonik.Ffi.Bdn.CpuClock, IterationCount=6, IterationTime=40ms, LaunchCount=1, RunStrategy=Throughput, WarmupCount=25) [Case=core-(...)etain [70]]
Runtime = .NET 8.0.31 (8.0.31, 8.0.3126.42015), X64 RyuJIT x86-64-v4; GC = Concurrent Workstation
Mean = 247.780 ns, StdErr = 0.131 ns (0.05%), N = 5, StdDev = 0.292 ns
Min = 247.330 ns, Q1 = 247.644 ns, Median = 247.929 ns, Q3 = 247.984 ns, Max = 248.016 ns
IQR = 0.341 ns, LowerFence = 247.132 ns, UpperFence = 248.495 ns
ConfidenceInterval = [246.656 ns; 248.905 ns] (CI 99.9%), Margin = 1.124 ns (0.45% of Mean)
Skewness = -0.56, Kurtosis = 1.29, MValue = 2
-------------------- Histogram --------------------
[247.106 ns ; 248.240 ns) | @@@@@
---------------------------------------------------

CodecSuite.Run: campaign(EvaluateOverhead=False, Clock=Armonik.Ffi.Bdn.CpuClock, IterationCount=6, IterationTime=40ms, LaunchCount=1, RunStrategy=Throughput, WarmupCount=25) [Case=core-(...)|drop [40]]
Runtime = .NET 8.0.31 (8.0.31, 8.0.3126.42015), X64 RyuJIT x86-64-v4; GC = Concurrent Workstation
Mean = 65.384 us, StdErr = 2.121 us (3.24%), N = 6, StdDev = 5.196 us
Min = 59.060 us, Q1 = 60.897 us, Median = 66.518 us, Q3 = 69.421 us, Max = 70.798 us
IQR = 8.524 us, LowerFence = 48.111 us, UpperFence = 82.207 us
ConfidenceInterval = [50.815 us; 79.954 us] (CI 99.9%), Margin = 14.569 us (22.28% of Mean)
Skewness = -0.26, Kurtosis = 1.04, MValue = 2
-------------------- Histogram --------------------
[55.307 us ; 62.854 us) | @@
[62.854 us ; 72.233 us) | @@@@
---------------------------------------------------

CodecSuite.Run: campaign(EvaluateOverhead=False, Clock=Armonik.Ffi.Bdn.CpuClock, IterationCount=6, IterationTime=40ms, LaunchCount=1, RunStrategy=Throughput, WarmupCount=25) [Case=core-(...)|drop [40]]
Runtime = .NET 8.0.31 (8.0.31, 8.0.3126.42015), X64 RyuJIT x86-64-v4; GC = Concurrent Workstation
Mean = 101.719 ns, StdErr = 0.081 ns (0.08%), N = 6, StdDev = 0.199 ns
Min = 101.404 ns, Q1 = 101.627 ns, Median = 101.741 ns, Q3 = 101.846 ns, Max = 101.959 ns
IQR = 0.219 ns, LowerFence = 101.299 ns, UpperFence = 102.174 ns
ConfidenceInterval = [101.162 ns; 102.277 ns] (CI 99.9%), Margin = 0.558 ns (0.55% of Mean)
Skewness = -0.33, Kurtosis = 1.49, MValue = 2
-------------------- Histogram --------------------
[101.260 ns ; 102.103 ns) | @@@@@@
---------------------------------------------------

CodecSuite.Run: campaign(EvaluateOverhead=False, Clock=Armonik.Ffi.Bdn.CpuClock, IterationCount=6, IterationTime=40ms, LaunchCount=1, RunStrategy=Throughput, WarmupCount=25) [Case=core-(...)etain [42]]
Runtime = .NET 8.0.31 (8.0.31, 8.0.3126.42015), X64 RyuJIT x86-64-v4; GC = Concurrent Workstation
Mean = 14.246 us, StdErr = 0.026 us (0.18%), N = 6, StdDev = 0.064 us
Min = 14.193 us, Q1 = 14.198 us, Median = 14.220 us, Q3 = 14.281 us, Max = 14.352 us
IQR = 0.083 us, LowerFence = 14.074 us, UpperFence = 14.405 us
ConfidenceInterval = [14.065 us; 14.427 us] (CI 99.9%), Margin = 0.181 us (1.27% of Mean)
Skewness = 0.57, Kurtosis = 1.41, MValue = 2
-------------------- Histogram --------------------
[14.146 us ; 14.398 us) | @@@@@@
---------------------------------------------------

CodecSuite.Run: campaign(EvaluateOverhead=False, Clock=Armonik.Ffi.Bdn.CpuClock, IterationCount=6, IterationTime=40ms, LaunchCount=1, RunStrategy=Throughput, WarmupCount=25) [Case=core-(...)|drop [68]]
Runtime = .NET 8.0.31 (8.0.31, 8.0.3126.42015), X64 RyuJIT x86-64-v4; GC = Concurrent Workstation
Mean = 224.897 ns, StdErr = 1.086 ns (0.48%), N = 5, StdDev = 2.428 ns
Min = 222.331 ns, Q1 = 223.179 ns, Median = 225.100 ns, Q3 = 225.253 ns, Max = 228.622 ns
IQR = 2.075 ns, LowerFence = 220.067 ns, UpperFence = 228.365 ns
ConfidenceInterval = [215.548 ns; 234.247 ns] (CI 99.9%), Margin = 9.350 ns (4.16% of Mean)
Skewness = 0.42, Kurtosis = 1.41, MValue = 2
-------------------- Histogram --------------------
[221.554 ns ; 230.486 ns) | @@@@@
---------------------------------------------------

CodecSuite.Run: campaign(EvaluateOverhead=False, Clock=Armonik.Ffi.Bdn.CpuClock, IterationCount=6, IterationTime=40ms, LaunchCount=1, RunStrategy=Throughput, WarmupCount=25) [Case=core-(...)|drop [81]]
Runtime = .NET 8.0.31 (8.0.31, 8.0.3126.42015), X64 RyuJIT x86-64-v4; GC = Concurrent Workstation
Mean = 107.152 ns, StdErr = 0.090 ns (0.08%), N = 6, StdDev = 0.221 ns
Min = 106.869 ns, Q1 = 107.004 ns, Median = 107.134 ns, Q3 = 107.316 ns, Max = 107.438 ns
IQR = 0.313 ns, LowerFence = 106.535 ns, UpperFence = 107.785 ns
ConfidenceInterval = [106.532 ns; 107.772 ns] (CI 99.9%), Margin = 0.620 ns (0.58% of Mean)
Skewness = 0.07, Kurtosis = 1.15, MValue = 2
-------------------- Histogram --------------------
[106.710 ns ; 107.597 ns) | @@@@@@
---------------------------------------------------

CodecSuite.Run: campaign(EvaluateOverhead=False, Clock=Armonik.Ffi.Bdn.CpuClock, IterationCount=6, IterationTime=40ms, LaunchCount=1, RunStrategy=Throughput, WarmupCount=25) [Case=core-(...)etain [82]]
Runtime = .NET 8.0.31 (8.0.31, 8.0.3126.42015), X64 RyuJIT x86-64-v4; GC = Concurrent Workstation
Mean = 1.234 us, StdErr = 0.065 us (5.31%), N = 5, StdDev = 0.146 us
Min = 1.163 us, Q1 = 1.165 us, Median = 1.173 us, Q3 = 1.174 us, Max = 1.496 us
IQR = 0.009 us, LowerFence = 1.152 us, UpperFence = 1.187 us
ConfidenceInterval = [0.670 us; 1.798 us] (CI 99.9%), Margin = 0.564 us (45.70% of Mean)
Skewness = 1.07, Kurtosis = 2.08, MValue = 2
-------------------- Histogram --------------------
[1.051 us ; 1.281 us) | @@@@
[1.281 us ; 1.383 us) | 
[1.383 us ; 1.608 us) | @
---------------------------------------------------

CodecSuite.Run: campaign(EvaluateOverhead=False, Clock=Armonik.Ffi.Bdn.CpuClock, IterationCount=6, IterationTime=40ms, LaunchCount=1, RunStrategy=Throughput, WarmupCount=25) [Case=core-(...)|drop [40]]
Runtime = .NET 8.0.31 (8.0.31, 8.0.3126.42015), X64 RyuJIT x86-64-v4; GC = Concurrent Workstation
Mean = 14.168 us, StdErr = 0.017 us (0.12%), N = 6, StdDev = 0.041 us
Min = 14.126 us, Q1 = 14.138 us, Median = 14.157 us, Q3 = 14.199 us, Max = 14.226 us
IQR = 0.062 us, LowerFence = 14.045 us, UpperFence = 14.292 us
ConfidenceInterval = [14.052 us; 14.284 us] (CI 99.9%), Margin = 0.116 us (0.82% of Mean)
Skewness = 0.31, Kurtosis = 1.07, MValue = 2
-------------------- Histogram --------------------
[14.096 us ; 14.256 us) | @@@@@@
---------------------------------------------------

CodecSuite.Run: campaign(EvaluateOverhead=False, Clock=Armonik.Ffi.Bdn.CpuClock, IterationCount=6, IterationTime=40ms, LaunchCount=1, RunStrategy=Throughput, WarmupCount=25) [Case=core-(...)etain [42]]
Runtime = .NET 8.0.31 (8.0.31, 8.0.3126.42015), X64 RyuJIT x86-64-v4; GC = Concurrent Workstation
Mean = 802.453 us, StdErr = 4.794 us (0.60%), N = 6, StdDev = 11.744 us
Min = 784.017 us, Q1 = 797.900 us, Median = 802.057 us, Q3 = 810.297 us, Max = 817.029 us
IQR = 12.397 us, LowerFence = 779.305 us, UpperFence = 828.892 us
ConfidenceInterval = [769.522 us; 835.384 us] (CI 99.9%), Margin = 32.931 us (4.10% of Mean)
Skewness = -0.26, Kurtosis = 1.48, MValue = 2
-------------------- Histogram --------------------
[775.534 us ; 792.499 us) | @
[792.499 us ; 825.512 us) | @@@@@
---------------------------------------------------

CodecSuite.Run: campaign(EvaluateOverhead=False, Clock=Armonik.Ffi.Bdn.CpuClock, IterationCount=6, IterationTime=40ms, LaunchCount=1, RunStrategy=Throughput, WarmupCount=25) [Case=core-(...)etain [42]]
Runtime = .NET 8.0.31 (8.0.31, 8.0.3126.42015), X64 RyuJIT x86-64-v4; GC = Concurrent Workstation
Mean = 829.543 ns, StdErr = 24.941 ns (3.01%), N = 5, StdDev = 55.769 ns
Min = 780.302 ns, Q1 = 789.758 ns, Median = 801.000 ns, Q3 = 869.525 ns, Max = 907.131 ns
IQR = 79.767 ns, LowerFence = 670.107 ns, UpperFence = 989.176 ns
ConfidenceInterval = [614.796 ns; 1,044.291 ns] (CI 99.9%), Margin = 214.747 ns (25.89% of Mean)
Skewness = 0.38, Kurtosis = 0.99, MValue = 2
-------------------- Histogram --------------------
[747.845 ns ; 833.457 ns) | @@@
[833.457 ns ; 931.134 ns) | @@
---------------------------------------------------

CodecSuite.Run: campaign(EvaluateOverhead=False, Clock=Armonik.Ffi.Bdn.CpuClock, IterationCount=6, IterationTime=40ms, LaunchCount=1, RunStrategy=Throughput, WarmupCount=25) [Case=core-(...)etain [42]]
Runtime = .NET 8.0.31 (8.0.31, 8.0.3126.42015), X64 RyuJIT x86-64-v4; GC = Concurrent Workstation
Mean = 24.829 us, StdErr = 0.098 us (0.40%), N = 5, StdDev = 0.219 us
Min = 24.596 us, Q1 = 24.632 us, Median = 24.822 us, Q3 = 25.010 us, Max = 25.086 us
IQR = 0.379 us, LowerFence = 24.063 us, UpperFence = 25.579 us
ConfidenceInterval = [23.985 us; 25.674 us] (CI 99.9%), Margin = 0.844 us (3.40% of Mean)
Skewness = 0.05, Kurtosis = 0.86, MValue = 2
-------------------- Histogram --------------------
[24.462 us ; 25.254 us) | @@@@@
---------------------------------------------------

CodecSuite.Run: campaign(EvaluateOverhead=False, Clock=Armonik.Ffi.Bdn.CpuClock, IterationCount=6, IterationTime=40ms, LaunchCount=1, RunStrategy=Throughput, WarmupCount=25) [Case=core-(...)etain [42]]
Runtime = .NET 8.0.31 (8.0.31, 8.0.3126.42015), X64 RyuJIT x86-64-v4; GC = Concurrent Workstation
Mean = 275.119 us, StdErr = 4.251 us (1.55%), N = 6, StdDev = 10.412 us
Min = 263.374 us, Q1 = 266.707 us, Median = 274.504 us, Q3 = 282.678 us, Max = 288.823 us
IQR = 15.970 us, LowerFence = 242.752 us, UpperFence = 306.633 us
ConfidenceInterval = [245.922 us; 304.316 us] (CI 99.9%), Margin = 29.197 us (10.61% of Mean)
Skewness = 0.11, Kurtosis = 1.1, MValue = 2
-------------------- Histogram --------------------
[261.891 us ; 279.435 us) | @@@@
[279.435 us ; 296.344 us) | @@
---------------------------------------------------

// * Summary *

BenchmarkDotNet v0.15.8, Linux Ubuntu 24.04.4 LTS (Noble Numbat)
Intel Xeon Processor 2.80GHz, 1 CPU, 4 logical and 4 physical cores
.NET SDK 8.0.131
  [Host]   : .NET 8.0.31 (8.0.31, 8.0.3126.42015), X64 RyuJIT x86-64-v4
  campaign : .NET 8.0.31 (8.0.31, 8.0.3126.42015), X64 RyuJIT x86-64-v4

Job=campaign  EvaluateOverhead=False  Clock=Armonik.Ffi.Bdn.CpuClock  
IterationCount=6  IterationTime=40ms  LaunchCount=1  
RunStrategy=Throughput  WarmupCount=25  

| Method | Case                 | Mean           | Error        | StdDev       | Allocated |
|------- |--------------------- |---------------:|-------------:|-------------:|----------:|
| Run    | core-(...)etain [42] |       770.2 ns |     17.66 ns |      4.59 ns |         - |
| Run    | core-(...)|drop [40] |       742.7 ns |      7.76 ns |      2.77 ns |         - |
| Run    | core-(...)etain [42] |   204,954.0 ns |  2,377.05 ns |    847.68 ns |         - |
| Run    | core-(...)|drop [40] |   125,178.6 ns |  4,030.62 ns |  1,046.74 ns |         - |
| Run    | core-(...)|drop [40] |    15,093.4 ns |     68.00 ns |     17.66 ns |         - |
| Run    | core-(...)|drop [40] |       775.5 ns |     18.36 ns |      4.77 ns |         - |
| Run    | core-(...)|drop [40] |   855,737.5 ns | 49,073.38 ns | 17,500.04 ns |         - |
| Run    | core-(...)etain [42] |    60,384.0 ns |  1,900.99 ns |    493.68 ns |         - |
| Run    | core-(...)|drop [54] |     1,291.4 ns |     29.00 ns |     10.34 ns |         - |
| Run    | core-(...)|drop [40] |   801,782.8 ns | 30,143.35 ns |  7,828.13 ns |         - |
| Run    | core-(...)|drop [55] |       125.7 ns |      1.02 ns |      0.36 ns |         - |
| Run    | core-(...)etain [56] |     1,306.3 ns |      4.76 ns |      1.70 ns |         - |
| Run    | core-(...)|drop [40] |     1,379.8 ns |     22.46 ns |      8.01 ns |         - |
| Run    | core-(...)etain [43] | 1,105,602.0 ns | 22,502.58 ns |  5,843.85 ns |         - |
| Run    | core-(...)etain [54] |       282.0 ns |     18.43 ns |      4.79 ns |         - |
| Run    | core-(...)|drop [40] |   196,973.8 ns |  1,598.41 ns |    570.01 ns |         - |
| Run    | core-(...)|drop [40] |   308,206.6 ns |  1,962.94 ns |    700.00 ns |         - |
| Run    | core-(...)|drop [40] |     1,694.9 ns |     49.41 ns |     17.62 ns |         - |
| Run    | core-(...)etain [57] |       164.8 ns |     99.48 ns |     35.47 ns |         - |
| Run    | core-(...)|drop [78] |     1,399.2 ns |    242.95 ns |     63.09 ns |         - |
| Run    | core-(...)etain [42] |    15,891.9 ns |    241.00 ns |     62.59 ns |         - |
| Run    | core-(...)|drop [80] |     1,148.8 ns |      7.66 ns |      2.73 ns |         - |
| Run    | core-(...)etain [42] |   613,119.2 ns | 77,737.05 ns | 27,721.78 ns |         - |
| Run    | core-(...)|drop [39] | 1,434,001.2 ns | 92,985.04 ns | 33,159.36 ns |         - |
| Run    | core-(...)etain [42] |       110.8 ns |      7.17 ns |      2.56 ns |         - |
| Run    | core-(...)etain [83] |       113.4 ns |      1.00 ns |      0.26 ns |         - |
| Run    | core-(...)etain [42] |     1,506.6 ns |    241.07 ns |     85.97 ns |         - |
| Run    | core-(...)|drop [52] |       246.4 ns |     12.04 ns |      4.30 ns |         - |
| Run    | core-(...)|drop [41] | 1,102,487.6 ns | 79,042.81 ns | 28,187.43 ns |         - |
| Run    | core-(...)etain [42] |     1,680.5 ns |     17.69 ns |      6.31 ns |         - |
| Run    | core-(...)etain [42] |   876,418.4 ns | 50,807.73 ns | 13,194.60 ns |         - |
| Run    | core-(...)etain [42] |   122,794.6 ns |  7,372.70 ns |  2,629.17 ns |         - |
| Run    | core-(...)|drop [40] |   591,737.9 ns | 33,338.86 ns |  8,658.00 ns |         - |
| Run    | core-(...)etain [41] | 1,350,274.9 ns | 23,247.75 ns |  6,037.37 ns |         - |
| Run    | core-(...)etain [42] |   126,603.6 ns |  4,250.60 ns |  1,515.81 ns |         - |
| Run    | core-(...)|drop [40] |    23,860.9 ns |    999.89 ns |    259.67 ns |         - |
| Run    | core-(...)|drop [40] |   120,168.5 ns |  5,734.04 ns |  1,489.11 ns |         - |
| Run    | core-(...)etain [80] |     1,362.8 ns |     39.98 ns |     10.38 ns |         - |
| Run    | core-(...)etain [70] |       247.8 ns |      1.12 ns |      0.29 ns |         - |
| Run    | core-(...)|drop [40] |    65,384.4 ns | 14,569.28 ns |  5,195.55 ns |         - |
| Run    | core-(...)|drop [40] |       101.7 ns |      0.56 ns |      0.20 ns |         - |
| Run    | core-(...)etain [42] |    14,246.2 ns |    180.80 ns |     64.48 ns |         - |
| Run    | core-(...)|drop [68] |       224.9 ns |      9.35 ns |      2.43 ns |         - |
| Run    | core-(...)|drop [81] |       107.2 ns |      0.62 ns |      0.22 ns |         - |
| Run    | core-(...)etain [82] |     1,234.0 ns |    563.94 ns |    146.45 ns |         - |
| Run    | core-(...)|drop [40] |    14,168.4 ns |    116.01 ns |     41.37 ns |         - |
| Run    | core-(...)etain [42] |   802,453.1 ns | 32,931.04 ns | 11,743.53 ns |         - |
| Run    | core-(...)etain [42] |       829.5 ns |    214.75 ns |     55.77 ns |         - |
| Run    | core-(...)etain [42] |    24,829.1 ns |    844.46 ns |    219.30 ns |         - |
| Run    | core-(...)etain [42] |   275,119.4 ns | 29,197.06 ns | 10,411.95 ns |         - |

// * Legends *
  Case      : Value of the 'Case' parameter
  Mean      : Arithmetic mean of all measurements
  Error     : Half of 99.9% confidence interval
  StdDev    : Standard deviation of all measurements
  Allocated : Allocated memory per single operation (managed only, inclusive, 1KB = 1024B)
  1 ns      : 1 Nanosecond (0.000000001 sec)

// * Diagnostic Output - AkProcessCpu *

// * Diagnostic Output - MemoryDiagnoser *


// ***** BenchmarkRunner: End *****
Global total time: 00:01:50 (110.92 sec), executed benchmarks: 50
// * Artifacts cleanup *
Artifacts cleanup is finished
