# CONTAINER INSTRUMENTATION (gen/opt_bench.sh); ns per operation = thread CPU per criterion sample / iterations
file	input	payload	content	arm	dir	mode	samples	median_ns	min_ns	max_ns	spread	q25_ns	q75_ns
codec-P	P7.1	P7.1	ascii	incumbent-prod	decode	default	20	318.8	253.2	376.4	0.386	269.5	321.7
codec-P	P7.1	P7.1	ascii	armonik	decode	default	20	320.0	258.0	379.2	0.379	312.5	323.6
codec-P	P7.1	P7.1	ascii	core-native	decode	drop	20	226.2	178.0	240.4	0.276	214.9	228.9
codec-P	P7.1	P7.1	ascii	core-ffi	decode	drop	20	306.7	244.3	324.2	0.261	295.3	309.7
codec-P	P7.1	P7.1	ascii	core-ffi-pull	decode	drop	20	339.6	277.3	363.2	0.253	284.3	342.2
codec-P	P7.1	P7.1	ascii	core-native	decode	retain	20	236.5	195.6	282.6	0.368	197.7	240.0
codec-P	P7.1	P7.1	ascii	core-ffi	decode	retain	20	315.2	248.3	322.4	0.235	275.1	316.8
codec-P	P7.1	P7.1	ascii	core-ffi-pull	decode	retain	20	346.9	279.3	360.8	0.235	295.1	349.8
codec-P	P1.3	P1.3	ascii	incumbent-prod	decode-read	default	20	9349.4	9232.1	9553.3	0.034	9305.6	9413.4
codec-P	P1.3	P1.3	ascii	armonik	decode-read	default	20	13568.4	13449.4	14333.6	0.065	13506.2	13648.6
codec-P	P1.3	P1.3	ascii	core-native	decode-read	drop	20	13284.3	13182.9	13711.8	0.040	13238.0	13305.3
codec-P	P1.3	P1.3	ascii	core-ffi	decode-read	drop	20	18076.7	17897.2	19056.7	0.064	18022.7	18191.2
codec-P	P1.3	P1.3	ascii	core-ffi-pull	decode-read	drop	20	18754.5	18545.3	19802.0	0.067	18632.2	18850.6
codec-P	P1.3	P1.3	ascii	core-native	decode-read	retain	20	13364.5	13211.2	14029.1	0.061	13301.1	13403.4
codec-P	P1.3	P1.3	ascii	core-ffi	decode-read	retain	20	17921.2	17799.3	18979.1	0.066	17859.9	17966.6
codec-P	P1.3	P1.3	ascii	core-ffi-pull	decode-read	retain	20	19709.2	19514.0	20609.4	0.056	19603.1	19895.8
codec-P	P2.2	P2.2	ascii	incumbent-prod	encode	default	20	918932.8	879455.6	1017532.5	0.150	910835.8	933234.2
codec-P	P2.2	P2.2	ascii	armonik	encode	default	20	942839.0	879116.6	1057097.2	0.189	931802.0	965981.9
codec-P	P2.2	P2.2	ascii	core-native	encode	drop	20	234905.0	203991.4	246678.0	0.182	232647.4	239784.0
codec-P	P2.2	P2.2	ascii	core-ffi	encode	drop	20	340105.7	328596.8	527289.1	0.584	334439.8	351821.9
codec-P	P2.2	P2.2	ascii	core-native	encode	retain	20	245648.1	235577.5	285957.0	0.205	239521.7	252404.1
codec-P	P2.2	P2.2	ascii	core-ffi	encode	retain	20	354155.0	340869.2	386353.2	0.128	346068.2	363897.7
codec-P	P4.1	P4.1	ascii	incumbent-prod	decode	default	20	260578.3	257326.6	265112.8	0.030	259305.0	261402.2
codec-P	P4.1	P4.1	ascii	armonik	decode	default	20	258427.4	256173.5	262482.3	0.024	257137.6	259098.2
codec-P	P4.1	P4.1	ascii	core-native	decode	drop	20	214971.6	212826.1	219313.8	0.030	214109.2	215806.6
codec-P	P4.1	P4.1	ascii	core-ffi	decode	drop	20	243148.4	240715.1	251152.7	0.043	242515.3	244624.3
codec-P	P4.1	P4.1	ascii	core-ffi-pull	decode	drop	20	232909.3	230762.8	239396.1	0.037	231638.5	233527.0
codec-P	P4.1	P4.1	ascii	core-native	decode	retain	20	219870.0	218160.3	262518.8	0.202	219583.5	221020.2
codec-P	P4.1	P4.1	ascii	core-ffi	decode	retain	20	242601.6	240704.0	256365.9	0.065	241718.9	244648.2
codec-P	P4.1	P4.1	ascii	core-ffi-pull	decode	retain	20	232978.4	230683.4	241434.2	0.046	232176.6	233859.5
codec-P	P5.2	P5.2	ascii	incumbent-prod	decode	default	20	1666.3	1657.3	1707.5	0.030	1663.6	1671.0
codec-P	P5.2	P5.2	ascii	armonik	decode	default	20	90.2	89.2	91.9	0.031	89.8	90.5
codec-P	P5.2	P5.2	ascii	core-native	decode	drop	20	1654.3	1646.3	1665.0	0.011	1651.7	1655.7
codec-P	P5.2	P5.2	ascii	core-ffi	decode	drop	20	1660.4	1653.8	1667.7	0.008	1659.2	1663.6
codec-P	P5.2	P5.2	ascii	core-ffi-pull	decode	drop	20	1674.7	1667.8	1692.7	0.015	1672.1	1677.9
codec-P	P5.2	P5.2	ascii	core-native	decode	retain	20	1644.1	1638.0	1658.7	0.013	1641.8	1648.6
codec-P	P5.2	P5.2	ascii	core-ffi	decode	retain	20	1685.9	1680.2	1700.5	0.012	1683.2	1688.7
codec-P	P5.2	P5.2	ascii	core-ffi-pull	decode	retain	20	1694.7	1687.8	1763.6	0.045	1691.3	1700.5
codec-P	P5.3	P5.3	ascii	incumbent-prod	encode	default	20	48450.5	43109.1	53890.5	0.223	47575.8	51220.0
codec-P	P5.3	P5.3	ascii	armonik	encode	default	20	43619.7	37120.9	48642.5	0.264	42419.6	46161.9
codec-P	P5.3	P5.3	ascii	core-native	encode	drop	20	49986.0	44568.1	53001.4	0.169	46753.1	50368.2
codec-P	P5.3	P5.3	ascii	core-ffi	encode	drop	20	45895.0	38605.2	50230.2	0.253	43980.3	47603.3
codec-P	P5.3	P5.3	ascii	core-native	encode	retain	20	48688.8	44585.1	51151.7	0.135	47393.5	49625.0
codec-P	P5.3	P5.3	ascii	core-ffi	encode	retain	20	46619.1	40399.5	52723.1	0.264	45562.8	47540.2
codec-P	P2.4	P2.4	ascii	incumbent-prod	encode	default	20	582971.1	573623.4	639145.4	0.112	580025.2	593460.7
codec-P	P2.4	P2.4	ascii	armonik	encode	default	20	606876.8	590001.2	633062.7	0.071	600549.2	614892.4
codec-P	P2.4	P2.4	ascii	core-native	encode	drop	20	202571.1	197790.4	232130.0	0.170	199178.8	215491.1
codec-P	P2.4	P2.4	ascii	core-ffi	encode	drop	20	275225.0	266261.7	305931.8	0.144	268623.6	281481.6
codec-P	P2.4	P2.4	ascii	core-native	encode	retain	20	192320.9	186344.4	218741.7	0.168	188192.6	197009.8
codec-P	P2.4	P2.4	ascii	core-ffi	encode	retain	20	278779.2	266886.1	304517.5	0.135	274078.2	281254.0
codec-P	P2.2/wide	P2.2	wide	incumbent-prod	decode-read	default	20	2569849.5	2478888.5	2790530.5	0.121	2542468.0	2604980.0
codec-P	P2.2/wide	P2.2	wide	armonik	decode-read	default	20	2592087.2	2523138.5	2998191.8	0.183	2570699.8	2703476.8
codec-P	P2.2/wide	P2.2	wide	core-native	decode-read	drop	20	2326752.8	2246464.5	2754128.5	0.218	2288911.8	2409828.9
codec-P	P2.2/wide	P2.2	wide	core-ffi	decode-read	drop	20	2591949.9	2401737.8	2813905.0	0.159	2561763.0	2635101.0
codec-P	P2.2/wide	P2.2	wide	core-ffi-pull	decode-read	drop	20	2507730.4	2390989.8	2768035.5	0.150	2487658.9	2573634.4
codec-P	P2.2/wide	P2.2	wide	core-native	decode-read	retain	20	2356373.4	2266593.2	2577988.0	0.132	2315315.6	2403189.1
codec-P	P2.2/wide	P2.2	wide	core-ffi	decode-read	retain	20	2586081.4	2457824.5	2743302.2	0.110	2533625.4	2624939.5
codec-P	P2.2/wide	P2.2	wide	core-ffi-pull	decode-read	retain	20	2508260.5	2430779.8	2762738.2	0.132	2482165.2	2560311.1
codec-P	P3.1	P3.1	ascii	incumbent-prod	decode-read	default	20	32141.6	26565.6	46708.1	0.627	27446.4	32888.8
codec-P	P3.1	P3.1	ascii	armonik	decode-read	default	20	31605.6	26022.2	33278.3	0.230	31418.4	32094.7
codec-P	P3.1	P3.1	ascii	core-native	decode-read	drop	20	23204.9	18981.6	23967.5	0.215	22690.8	23297.4
codec-P	P3.1	P3.1	ascii	core-ffi	decode-read	drop	20	25541.2	20398.8	26725.1	0.248	25176.9	25822.1
codec-P	P3.1	P3.1	ascii	core-ffi-pull	decode-read	drop	20	26145.1	20651.1	30084.7	0.361	25687.7	26486.3
codec-P	P3.1	P3.1	ascii	core-native	decode-read	retain	20	23969.5	19548.2	25200.9	0.236	23451.2	24270.9
codec-P	P3.1	P3.1	ascii	core-ffi	decode-read	retain	20	25347.4	20628.9	27172.9	0.258	25213.1	25760.3
codec-P	P3.1	P3.1	ascii	core-ffi-pull	decode-read	retain	20	26120.8	21792.7	28115.2	0.242	25732.0	26575.9
codec-P	P1.2/latin1	P1.2	latin1	incumbent-prod	decode	default	20	611331.7	600968.1	635544.6	0.057	605372.9	620663.1
codec-P	P1.2/latin1	P1.2	latin1	armonik	decode	default	20	567200.8	560616.2	662701.0	0.180	562162.7	575824.4
codec-P	P1.2/latin1	P1.2	latin1	core-native	decode	drop	20	486437.4	480670.0	558406.2	0.160	485355.4	493385.8
codec-P	P1.2/latin1	P1.2	latin1	core-ffi	decode	drop	20	504384.8	501053.4	569982.1	0.137	502867.6	513867.6
codec-P	P1.2/latin1	P1.2	latin1	core-ffi-pull	decode	drop	20	514844.4	508238.3	587959.0	0.155	510361.9	520324.2
codec-P	P1.2/latin1	P1.2	latin1	core-native	decode	retain	20	489446.2	481519.3	520750.9	0.080	485978.8	494511.8
codec-P	P1.2/latin1	P1.2	latin1	core-ffi	decode	retain	20	507132.6	496310.9	585922.2	0.177	502061.2	509990.7
codec-P	P1.2/latin1	P1.2	latin1	core-ffi-pull	decode	retain	20	517629.5	510209.8	569422.3	0.114	512219.4	527793.9
codec-P	P1.2	P1.2	ascii	incumbent-prod	encode	default	20	298475.2	246919.4	310817.0	0.214	297212.8	301353.0
codec-P	P1.2	P1.2	ascii	armonik	encode	default	20	321019.4	265695.1	343131.2	0.241	317702.3	325722.6
codec-P	P1.2	P1.2	ascii	core-native	encode	drop	20	65474.5	54076.3	71322.5	0.263	65126.6	66053.6
codec-P	P1.2	P1.2	ascii	core-ffi	encode	drop	20	86827.0	71358.1	91961.5	0.237	86120.3	88548.6
codec-P	P1.2	P1.2	ascii	core-native	encode	retain	20	70639.0	57932.4	74691.8	0.237	70310.3	71482.0
codec-P	P1.2	P1.2	ascii	core-ffi	encode	retain	20	90304.1	73000.7	94170.9	0.234	89681.8	91236.2
codec-P	P5.4	P5.4	ascii	incumbent-prod	decode-read	default	20	343709.1	290329.2	356240.1	0.192	330885.4	347507.9
codec-P	P5.4	P5.4	ascii	armonik	decode-read	default	20	95.4	84.9	99.5	0.154	94.3	96.4
codec-P	P5.4	P5.4	ascii	core-native	decode-read	drop	20	346391.7	297113.0	375455.3	0.226	336071.8	349822.0
codec-P	P5.4	P5.4	ascii	core-ffi	decode-read	drop	20	341235.6	299940.9	384769.1	0.249	325939.8	350325.4
codec-P	P5.4	P5.4	ascii	core-ffi-pull	decode-read	drop	20	343142.5	299756.8	371522.2	0.209	329138.9	345166.0
codec-P	P5.4	P5.4	ascii	core-native	decode-read	retain	20	342050.1	291843.9	351634.0	0.175	333444.9	344659.5
codec-P	P5.4	P5.4	ascii	core-ffi	decode-read	retain	20	343342.1	283652.7	356641.0	0.213	331453.4	346409.8
codec-P	P5.4	P5.4	ascii	core-ffi-pull	decode-read	retain	20	343772.4	283572.9	363198.0	0.232	329551.6	345613.1
codec-P	P1.1	P1.1	ascii	incumbent-prod	decode-read	default	20	1315.5	1228.7	1385.0	0.119	1303.0	1324.5
codec-P	P1.1	P1.1	ascii	armonik	decode-read	default	20	1377.5	1319.9	1449.2	0.094	1359.7	1403.8
codec-P	P1.1	P1.1	ascii	core-native	decode-read	drop	20	1106.9	1043.4	1144.5	0.091	1099.8	1112.9
codec-P	P1.1	P1.1	ascii	core-ffi	decode-read	drop	20	1165.2	1129.5	1298.4	0.145	1155.5	1199.0
codec-P	P1.1	P1.1	ascii	core-ffi-pull	decode-read	drop	20	1187.5	1131.0	1312.5	0.153	1177.5	1198.7
codec-P	P1.1	P1.1	ascii	core-native	decode-read	retain	20	1104.9	1028.4	1192.5	0.149	1082.8	1117.3
codec-P	P1.1	P1.1	ascii	core-ffi	decode-read	retain	20	1197.6	1127.8	1279.2	0.126	1172.5	1223.0
codec-P	P1.1	P1.1	ascii	core-ffi-pull	decode-read	retain	20	1208.3	1133.7	1267.1	0.110	1200.2	1230.9
codec-P	P2.1	P2.1	ascii	incumbent-prod	decode	default	20	2213.9	2173.9	2264.2	0.041	2203.7	2225.6
codec-P	P2.1	P2.1	ascii	armonik	decode	default	20	1887.2	1852.2	2196.1	0.182	1874.8	1895.4
codec-P	P2.1	P2.1	ascii	core-native	decode	drop	20	1483.7	1449.4	1768.9	0.215	1470.9	1529.7
codec-P	P2.1	P2.1	ascii	core-ffi	decode	drop	20	2109.3	2078.7	2225.7	0.070	2095.8	2146.6
codec-P	P2.1	P2.1	ascii	core-ffi-pull	decode	drop	20	2097.2	2047.8	2177.7	0.062	2089.5	2119.1
codec-P	P2.1	P2.1	ascii	core-native	decode	retain	20	1505.3	1446.1	1790.9	0.229	1493.3	1511.1
codec-P	P2.1	P2.1	ascii	core-ffi	decode	retain	20	2185.3	2137.8	2242.1	0.048	2172.3	2207.6
codec-P	P2.1	P2.1	ascii	core-ffi-pull	decode	retain	20	2154.4	2111.1	2326.9	0.100	2134.6	2170.7
codec-P	P1.3	P1.3	ascii	incumbent-prod	decode	default	20	8486.9	8259.1	8618.4	0.042	8466.7	8521.9
codec-P	P1.3	P1.3	ascii	armonik	decode	default	20	12816.2	12418.5	12889.5	0.037	12783.0	12840.5
codec-P	P1.3	P1.3	ascii	core-native	decode	drop	20	12512.9	12233.3	12769.7	0.043	12486.7	12540.3
codec-P	P1.3	P1.3	ascii	core-ffi	decode	drop	20	17334.4	16811.0	17570.0	0.044	17266.6	17383.8
codec-P	P1.3	P1.3	ascii	core-ffi-pull	decode	drop	20	17839.7	17309.1	18092.6	0.044	17801.4	17888.0
codec-P	P1.3	P1.3	ascii	core-native	decode	retain	20	12576.4	12300.8	12879.9	0.046	12557.8	12614.8
codec-P	P1.3	P1.3	ascii	core-ffi	decode	retain	20	17169.0	16976.8	17330.0	0.021	17092.7	17241.2
codec-P	P1.3	P1.3	ascii	core-ffi-pull	decode	retain	20	18755.5	18167.0	18889.9	0.039	18701.5	18788.5
codec-P	P4.1	P4.1	ascii	incumbent-prod	encode	default	20	132077.0	130559.4	137691.0	0.054	131515.1	133187.7
codec-P	P4.1	P4.1	ascii	armonik	encode	default	20	132208.0	130604.8	151236.6	0.156	131952.4	133366.8
codec-P	P4.1	P4.1	ascii	core-native	encode	drop	20	25852.4	25289.3	45101.0	0.766	25702.5	25994.9
codec-P	P4.1	P4.1	ascii	core-ffi	encode	drop	20	46534.4	44652.7	52544.5	0.170	46165.0	47001.8
codec-P	P4.1	P4.1	ascii	core-native	encode	retain	20	30517.4	30253.9	45078.2	0.486	30411.7	30695.6
codec-P	P4.1	P4.1	ascii	core-ffi	encode	retain	20	48208.3	47112.7	50311.3	0.066	47661.4	48805.8
codec-P	P3.1	P3.1	ascii	incumbent-prod	decode	default	20	25531.9	25159.3	48140.6	0.900	25430.7	25693.7
codec-P	P3.1	P3.1	ascii	armonik	decode	default	20	29722.4	28790.6	40506.3	0.394	29463.8	29993.2
codec-P	P3.1	P3.1	ascii	core-native	decode	drop	20	21319.0	21061.3	28668.1	0.357	21207.7	21568.8
codec-P	P3.1	P3.1	ascii	core-ffi	decode	drop	20	23175.5	22225.6	24885.7	0.115	23028.9	23500.7
codec-P	P3.1	P3.1	ascii	core-ffi-pull	decode	drop	20	23774.3	23463.5	24776.5	0.055	23657.7	23867.9
codec-P	P3.1	P3.1	ascii	core-native	decode	retain	20	21951.8	21642.6	22793.3	0.052	21727.5	22296.4
codec-P	P3.1	P3.1	ascii	core-ffi	decode	retain	20	23171.8	22923.9	24179.9	0.054	23068.9	23323.4
codec-P	P3.1	P3.1	ascii	core-ffi-pull	decode	retain	20	23876.0	23447.0	40828.0	0.728	23714.4	24183.5
codec-P	P1.2/wide	P1.2	wide	incumbent-prod	encode	default	20	298384.7	287069.3	319404.4	0.108	296174.8	302938.4
codec-P	P1.2/wide	P1.2	wide	armonik	encode	default	20	324776.2	307976.8	343288.0	0.109	323854.5	330751.5
codec-P	P1.2/wide	P1.2	wide	core-native	encode	drop	20	66523.8	62856.7	71218.4	0.126	64692.5	67635.8
codec-P	P1.2/wide	P1.2	wide	core-ffi	encode	drop	20	88385.4	82907.9	96618.4	0.155	86806.0	89420.2
codec-P	P1.2/wide	P1.2	wide	core-native	encode	retain	20	66751.3	62434.7	74491.0	0.181	66093.8	67583.6
codec-P	P1.2/wide	P1.2	wide	core-ffi	encode	retain	20	93093.2	86583.6	102600.8	0.172	92039.7	94585.6
codec-P	P2.1	P2.1	ascii	incumbent-prod	encode	default	20	1269.0	1255.8	1328.2	0.057	1262.1	1274.1
codec-P	P2.1	P2.1	ascii	armonik	encode	default	20	1294.4	1281.1	1314.5	0.026	1289.6	1302.5
codec-P	P2.1	P2.1	ascii	core-native	encode	drop	20	268.6	266.2	275.8	0.036	266.8	271.2
codec-P	P2.1	P2.1	ascii	core-ffi	encode	drop	20	475.7	470.0	488.6	0.039	473.6	478.8
codec-P	P2.1	P2.1	ascii	core-native	encode	retain	20	312.5	307.1	317.7	0.034	309.4	313.1
codec-P	P2.1	P2.1	ascii	core-ffi	encode	retain	20	499.0	491.3	508.0	0.034	497.4	503.8
codec-P	P6.1	P6.1	ascii	incumbent-prod	encode	default	20	385505.5	377587.3	393880.0	0.042	381439.2	388661.0
codec-P	P6.1	P6.1	ascii	armonik	encode	default	20	390687.6	379446.0	410177.6	0.079	388683.1	394800.9
codec-P	P6.1	P6.1	ascii	core-native	encode	drop	20	70396.2	68422.3	73273.7	0.069	69828.1	71051.0
codec-P	P6.1	P6.1	ascii	core-ffi	encode	drop	20	82800.9	80930.4	87623.6	0.081	82287.2	83723.4
codec-P	P6.1	P6.1	ascii	core-native	encode	retain	20	74788.3	73111.1	76966.6	0.052	74401.6	75496.9
codec-P	P6.1	P6.1	ascii	core-ffi	encode	retain	20	82728.4	81454.7	88523.8	0.085	82187.3	83548.8
codec-P	P2.5	P2.5	ascii	incumbent-prod	decode-read	default	20	43862.6	38667.4	49986.8	0.258	40691.8	46535.9
codec-P	P2.5	P2.5	ascii	armonik	decode-read	default	20	42320.4	38278.5	49698.3	0.270	39680.3	46472.8
codec-P	P2.5	P2.5	ascii	core-native	decode-read	drop	20	35263.0	31116.6	40498.3	0.266	32290.8	36156.1
codec-P	P2.5	P2.5	ascii	core-ffi	decode-read	drop	20	39050.0	36951.5	48283.3	0.290	37486.8	43215.6
codec-P	P2.5	P2.5	ascii	core-ffi-pull	decode-read	drop	20	39943.4	35748.0	46264.0	0.263	37321.6	42605.6
codec-P	P2.5	P2.5	ascii	core-native	decode-read	retain	20	35600.0	31654.8	41319.4	0.271	33291.9	38746.8
codec-P	P2.5	P2.5	ascii	core-ffi	decode-read	retain	20	41456.1	36841.2	48156.5	0.273	38854.1	45033.1
codec-P	P2.5	P2.5	ascii	core-ffi-pull	decode-read	retain	20	40566.2	35693.4	45807.0	0.249	37377.8	43086.7
codec-P	P1.2	P1.2	ascii	incumbent-prod	decode-read	default	20	421909.1	344686.2	453036.1	0.257	412665.2	425097.6
codec-P	P1.2	P1.2	ascii	armonik	decode-read	default	20	376976.7	307771.4	419125.7	0.295	369817.9	384033.2
codec-P	P1.2	P1.2	ascii	core-native	decode-read	drop	20	327707.6	268621.6	353152.8	0.258	323806.5	334246.0
codec-P	P1.2	P1.2	ascii	core-ffi	decode-read	drop	20	335120.7	287063.1	359204.4	0.215	332268.6	337715.7
codec-P	P1.2	P1.2	ascii	core-ffi-pull	decode-read	drop	20	340790.2	292336.4	381111.5	0.260	337609.2	345726.0
codec-P	P1.2	P1.2	ascii	core-native	decode-read	retain	20	326569.8	266492.3	347023.4	0.247	321230.2	333084.1
codec-P	P1.2	P1.2	ascii	core-ffi	decode-read	retain	20	332562.4	284476.4	368622.8	0.253	329711.9	336824.5
codec-P	P1.2	P1.2	ascii	core-ffi-pull	decode-read	retain	20	341988.2	277466.4	374500.8	0.284	338672.1	344974.2
codec-P	P4.1	P4.1	ascii	incumbent-prod	decode-read	default	20	256076.6	219227.8	286403.1	0.262	226351.4	273725.0
codec-P	P4.1	P4.1	ascii	armonik	decode-read	default	20	271912.2	222779.4	526870.2	1.118	238823.4	273875.8
codec-P	P4.1	P4.1	ascii	core-native	decode-read	drop	20	235306.6	187334.7	241357.9	0.230	202346.5	238443.2
codec-P	P4.1	P4.1	ascii	core-ffi	decode-read	drop	20	256700.9	201487.6	307546.2	0.413	214187.5	259324.7
codec-P	P4.1	P4.1	ascii	core-ffi-pull	decode-read	drop	20	230114.5	188483.5	255614.4	0.292	204275.7	244845.3
codec-P	P4.1	P4.1	ascii	core-native	decode-read	retain	20	217129.0	188707.1	250271.7	0.284	200296.8	242664.4
codec-P	P4.1	P4.1	ascii	core-ffi	decode-read	retain	20	228290.3	198150.7	294951.2	0.424	213966.2	256440.0
codec-P	P4.1	P4.1	ascii	core-ffi-pull	decode-read	retain	20	240687.0	190313.4	269831.5	0.330	199721.4	245259.2
codec-P	P5.3	P5.3	ascii	incumbent-prod	decode	default	20	41645.4	37909.3	53989.3	0.386	38842.9	42522.3
codec-P	P5.3	P5.3	ascii	armonik	decode	default	20	92.0	74.8	100.7	0.281	82.4	92.8
codec-P	P5.3	P5.3	ascii	core-native	decode	drop	20	39979.0	37206.8	53767.8	0.414	38541.4	43449.0
codec-P	P5.3	P5.3	ascii	core-ffi	decode	drop	20	40975.3	37336.7	51546.8	0.347	38654.0	45163.7
codec-P	P5.3	P5.3	ascii	core-ffi-pull	decode	drop	20	41876.5	37907.7	51444.2	0.323	40272.8	45060.8
codec-P	P5.3	P5.3	ascii	core-native	decode	retain	20	41074.7	37672.4	55806.4	0.441	40246.0	43427.9
codec-P	P5.3	P5.3	ascii	core-ffi	decode	retain	20	43227.0	38156.1	54404.9	0.376	41257.8	44975.6
codec-P	P5.3	P5.3	ascii	core-ffi-pull	decode	retain	20	41670.8	38157.1	58805.4	0.496	39243.7	45469.9
codec-P	P1.3	P1.3	ascii	incumbent-prod	encode	default	20	5375.6	5287.0	6709.6	0.265	5348.6	5528.1
codec-P	P1.3	P1.3	ascii	armonik	encode	default	20	6795.8	6666.2	8430.9	0.260	6751.0	6907.8
codec-P	P1.3	P1.3	ascii	core-native	encode	drop	20	2084.0	2064.0	2446.1	0.183	2074.2	2130.8
codec-P	P1.3	P1.3	ascii	core-ffi	encode	drop	20	4999.9	4778.8	6315.3	0.307	4975.5	5013.0
codec-P	P1.3	P1.3	ascii	core-native	encode	retain	20	2277.5	2220.5	2848.5	0.276	2250.0	2332.6
codec-P	P1.3	P1.3	ascii	core-ffi	encode	retain	20	5537.3	5412.6	7392.7	0.358	5458.8	5816.4
codec-P	P1.2/latin1	P1.2	latin1	incumbent-prod	encode	default	20	296629.5	293661.1	314854.7	0.071	294860.4	303500.1
codec-P	P1.2/latin1	P1.2	latin1	armonik	encode	default	20	320069.7	315063.9	335669.5	0.064	318388.5	325569.3
codec-P	P1.2/latin1	P1.2	latin1	core-native	encode	drop	20	62394.4	61169.2	69001.8	0.126	62152.4	62655.0
codec-P	P1.2/latin1	P1.2	latin1	core-ffi	encode	drop	20	87157.7	83816.6	91674.5	0.090	86811.9	88136.8
codec-P	P1.2/latin1	P1.2	latin1	core-native	encode	retain	20	68612.2	65776.6	72376.4	0.096	67949.8	69372.9
codec-P	P1.2/latin1	P1.2	latin1	core-ffi	encode	retain	20	90141.9	86771.2	93496.8	0.075	89703.2	90537.0
codec-P	P5.2	P5.2	ascii	incumbent-prod	encode	default	20	1660.8	1649.0	1733.8	0.051	1657.2	1663.7
codec-P	P5.2	P5.2	ascii	armonik	encode	default	20	1625.4	1618.8	1669.2	0.031	1623.2	1635.0
codec-P	P5.2	P5.2	ascii	core-native	encode	drop	20	1558.9	1554.1	1618.2	0.041	1556.3	1562.3
codec-P	P5.2	P5.2	ascii	core-ffi	encode	drop	20	1550.8	1545.4	1641.4	0.062	1549.8	1556.4
codec-P	P5.2	P5.2	ascii	core-native	encode	retain	20	1583.6	1577.1	1641.5	0.041	1579.9	1586.0
codec-P	P5.2	P5.2	ascii	core-ffi	encode	retain	20	1562.8	1556.2	1595.6	0.025	1560.0	1576.2
codec-P	P1.2	P1.2	ascii	incumbent-prod	decode	default	20	395393.5	323576.3	413745.6	0.228	335296.6	404512.6
codec-P	P1.2	P1.2	ascii	armonik	decode	default	20	342281.1	286309.9	373468.9	0.255	290858.4	365607.3
codec-P	P1.2	P1.2	ascii	core-native	decode	drop	20	288536.8	242868.8	316298.8	0.254	252826.9	309534.4
codec-P	P1.2	P1.2	ascii	core-ffi	decode	drop	20	299734.0	243511.1	345218.4	0.339	260519.5	319954.6
codec-P	P1.2	P1.2	ascii	core-ffi-pull	decode	drop	20	296784.2	250247.9	339348.8	0.300	264060.4	325121.2
codec-P	P1.2	P1.2	ascii	core-native	decode	retain	20	282379.0	234274.1	332498.2	0.348	251410.9	308401.5
codec-P	P1.2	P1.2	ascii	core-ffi	decode	retain	20	314842.0	257416.1	330051.5	0.231	261868.3	318690.1
codec-P	P1.2	P1.2	ascii	core-ffi-pull	decode	retain	20	312065.5	257068.4	350978.5	0.301	265413.8	323309.8
codec-P	P4.1	P4.1	ascii	incumbent-prod	decode-nodrop	default	20	210645.5	166823.3	245682.7	0.374	208195.9	215039.0
codec-P	P4.1	P4.1	ascii	armonik	decode-nodrop	default	20	212207.4	173961.5	220043.4	0.217	209374.4	216001.2
codec-P	P4.1	P4.1	ascii	core-native	decode-nodrop	drop	20	174510.2	138859.9	180986.5	0.241	172337.4	177586.8
codec-P	P4.1	P4.1	ascii	core-ffi	decode-nodrop	drop	20	192968.0	155787.5	217788.7	0.321	184006.2	196431.9
codec-P	P4.1	P4.1	ascii	core-native	decode-nodrop	retain	20	178133.7	143665.9	191238.9	0.267	172067.1	180555.1
codec-P	P4.1	P4.1	ascii	core-ffi	decode-nodrop	retain	20	193416.6	154817.7	207342.1	0.272	189873.2	195911.0
codec-P	P6.1	P6.1	ascii	incumbent-prod	decode	default	20	260124.1	202707.2	265901.5	0.243	258121.2	261297.2
codec-P	P6.1	P6.1	ascii	armonik	decode	default	20	279118.0	216006.6	283437.8	0.242	277453.0	280927.8
codec-P	P6.1	P6.1	ascii	core-native	decode	drop	20	162561.6	125839.4	171384.3	0.280	161670.3	165335.2
codec-P	P6.1	P6.1	ascii	core-ffi	decode	drop	20	170939.9	133180.4	177250.2	0.258	169357.0	172059.2
codec-P	P6.1	P6.1	ascii	core-ffi-pull	decode	drop	20	147518.8	114379.1	152173.6	0.256	146079.7	149937.6
codec-P	P6.1	P6.1	ascii	core-native	decode	retain	20	158346.8	123986.1	164542.8	0.256	157061.8	161268.3
codec-P	P6.1	P6.1	ascii	core-ffi	decode	retain	20	170282.3	132125.2	180839.1	0.286	169503.7	170666.9
codec-P	P6.1	P6.1	ascii	core-ffi-pull	decode	retain	20	148374.4	114808.6	152115.4	0.251	146367.1	148807.2
codec-P	P6.1	P6.1	ascii	incumbent-prod	decode-nodrop	default	20	237730.2	232841.5	270691.0	0.159	235380.4	240505.0
codec-P	P6.1	P6.1	ascii	armonik	decode-nodrop	default	20	260586.3	252570.9	272880.0	0.078	256675.5	261444.7
codec-P	P6.1	P6.1	ascii	core-native	decode-nodrop	drop	20	144189.4	139584.9	154830.4	0.106	142492.7	145956.5
codec-P	P6.1	P6.1	ascii	core-ffi	decode-nodrop	drop	20	157348.9	155272.0	170626.5	0.098	156830.7	158513.4
codec-P	P6.1	P6.1	ascii	core-native	decode-nodrop	retain	20	142401.1	137646.2	149661.6	0.084	141354.5	143613.8
codec-P	P6.1	P6.1	ascii	core-ffi	decode-nodrop	retain	20	157523.0	155305.9	167910.8	0.080	156710.8	159048.5
codec-P	P2.4	P2.4	ascii	incumbent-prod	decode-read	default	20	1766805.5	1716303.3	1833173.7	0.066	1745226.1	1795725.5
codec-P	P2.4	P2.4	ascii	armonik	decode-read	default	20	1754952.8	1702308.5	1828607.0	0.072	1733245.0	1783252.4
codec-P	P2.4	P2.4	ascii	core-native	decode-read	drop	20	1595333.3	1549317.0	1656489.3	0.067	1572819.2	1622732.4
codec-P	P2.4	P2.4	ascii	core-ffi	decode-read	drop	20	1384295.1	1348650.1	1812254.0	0.335	1375032.9	1397109.6
codec-P	P2.4	P2.4	ascii	core-ffi-pull	decode-read	drop	20	1359426.9	1321395.9	1419233.9	0.072	1347804.9	1368630.0
codec-P	P2.4	P2.4	ascii	core-native	decode-read	retain	20	1616426.9	1554622.7	1689840.1	0.084	1569666.3	1632300.0
codec-P	P2.4	P2.4	ascii	core-ffi	decode-read	retain	20	1384161.5	1352728.5	1511481.4	0.115	1363174.9	1394388.3
codec-P	P2.4	P2.4	ascii	core-ffi-pull	decode-read	retain	20	1361593.2	1300913.4	1414467.2	0.083	1347623.6	1376239.6
codec-P	P1.1	P1.1	ascii	incumbent-prod	decode	default	20	1265.6	1012.2	1304.7	0.231	1259.5	1278.4
codec-P	P1.1	P1.1	ascii	armonik	decode	default	20	1326.2	1072.6	1406.3	0.252	1320.3	1347.8
codec-P	P1.1	P1.1	ascii	core-native	decode	drop	20	1048.7	841.0	1258.4	0.398	1034.9	1056.2
codec-P	P1.1	P1.1	ascii	core-ffi	decode	drop	20	1121.8	919.5	1149.9	0.205	1115.6	1129.9
codec-P	P1.1	P1.1	ascii	core-ffi-pull	decode	drop	20	1138.8	926.6	1328.9	0.353	1132.0	1152.8
codec-P	P1.1	P1.1	ascii	core-native	decode	retain	20	1029.9	833.1	1249.3	0.404	1013.6	1041.4
codec-P	P1.1	P1.1	ascii	core-ffi	decode	retain	20	1133.0	925.8	1153.9	0.201	1126.6	1140.3
codec-P	P1.1	P1.1	ascii	core-ffi-pull	decode	retain	20	1163.5	943.2	1198.5	0.219	1153.2	1175.7
codec-P	P2.2	P2.2	ascii	incumbent-prod	decode	default	20	1443170.5	1429865.7	1458139.4	0.020	1436818.8	1446567.1
codec-P	P2.2	P2.2	ascii	armonik	decode	default	20	1430574.2	1395778.3	1454522.6	0.041	1423350.0	1437198.2
codec-P	P2.2	P2.2	ascii	core-native	decode	drop	20	1230732.6	1211002.4	1290217.1	0.064	1223629.7	1238413.1
codec-P	P2.2	P2.2	ascii	core-ffi	decode	drop	20	1506315.9	1454059.6	1557840.1	0.069	1487731.9	1521250.2
codec-P	P2.2	P2.2	ascii	core-ffi-pull	decode	drop	20	1451766.6	1423661.9	1620113.0	0.135	1443165.9	1458457.1
codec-P	P2.2	P2.2	ascii	core-native	decode	retain	20	1261002.4	1230728.4	1334573.8	0.082	1249555.4	1273381.4
codec-P	P2.2	P2.2	ascii	core-ffi	decode	retain	20	1499294.2	1454375.1	1546843.9	0.062	1478538.4	1513078.5
codec-P	P2.2	P2.2	ascii	core-ffi-pull	decode	retain	20	1449244.6	1394816.9	1491968.6	0.067	1437010.6	1456013.0
codec-P	P2.2/wide	P2.2	wide	incumbent-prod	encode	default	20	920069.4	852535.7	1054643.3	0.220	869758.5	1000051.7
codec-P	P2.2/wide	P2.2	wide	armonik	encode	default	20	930947.3	835810.9	1039650.5	0.219	890784.6	1002672.4
codec-P	P2.2/wide	P2.2	wide	core-native	encode	drop	20	267840.0	245879.4	286545.7	0.152	257020.5	271910.6
codec-P	P2.2/wide	P2.2	wide	core-ffi	encode	drop	20	337851.9	316895.6	377280.4	0.179	325164.7	367477.1
codec-P	P2.2/wide	P2.2	wide	core-native	encode	retain	20	263896.4	253042.4	299128.9	0.175	258484.6	279942.2
codec-P	P2.2/wide	P2.2	wide	core-ffi	encode	retain	20	347157.3	327853.6	412505.5	0.244	333664.6	368387.8
codec-P	P5.1	P5.1	ascii	incumbent-prod	decode-read	default	20	104.6	103.5	109.3	0.056	104.1	105.0
codec-P	P5.1	P5.1	ascii	armonik	decode-read	default	20	92.0	90.3	98.8	0.093	91.1	93.6
codec-P	P5.1	P5.1	ascii	core-native	decode-read	drop	20	88.5	87.8	92.3	0.051	88.1	89.6
codec-P	P5.1	P5.1	ascii	core-ffi	decode-read	drop	20	91.4	89.5	94.4	0.054	90.5	91.7
codec-P	P5.1	P5.1	ascii	core-ffi-pull	decode-read	drop	20	98.2	96.4	138.0	0.423	98.0	99.1
codec-P	P5.1	P5.1	ascii	core-native	decode-read	retain	20	88.0	86.4	136.7	0.572	87.2	88.7
codec-P	P5.1	P5.1	ascii	core-ffi	decode-read	retain	20	101.9	100.0	107.5	0.074	101.1	102.9
codec-P	P5.1	P5.1	ascii	core-ffi-pull	decode-read	retain	20	108.5	106.7	114.9	0.076	107.7	109.4
codec-P	P5.4	P5.4	ascii	incumbent-prod	encode	default	20	365991.3	339641.0	382409.6	0.117	360460.2	367944.8
codec-P	P5.4	P5.4	ascii	armonik	encode	default	20	362926.4	355062.3	375936.5	0.058	359746.6	368849.5
codec-P	P5.4	P5.4	ascii	core-native	encode	drop	20	367375.7	357430.1	373667.0	0.044	362774.2	370018.0
codec-P	P5.4	P5.4	ascii	core-ffi	encode	drop	20	361053.6	343403.0	369296.8	0.072	355028.0	365334.0
codec-P	P5.4	P5.4	ascii	core-native	encode	retain	20	363949.7	340522.7	377245.3	0.101	361321.2	365765.6
codec-P	P5.4	P5.4	ascii	core-ffi	encode	retain	20	354756.1	332512.0	366833.0	0.097	351425.7	358774.3
codec-P	P2.2/latin1	P2.2	latin1	incumbent-prod	decode-read	default	20	2054210.6	1720431.4	2164011.4	0.216	1888698.1	2109582.4
codec-P	P2.2/latin1	P2.2	latin1	armonik	decode-read	default	20	2070762.1	1747536.6	2357012.4	0.294	1962563.8	2140565.6
codec-P	P2.2/latin1	P2.2	latin1	core-native	decode-read	drop	20	1780711.3	1498994.2	1983045.4	0.272	1678243.4	1822996.6
codec-P	P2.2/latin1	P2.2	latin1	core-ffi	decode-read	drop	20	2035729.3	1718232.2	2382592.4	0.326	1962776.3	2083048.0
codec-P	P2.2/latin1	P2.2	latin1	core-ffi-pull	decode-read	drop	20	1954271.4	1693497.5	2103496.8	0.210	1905984.8	2023295.2
codec-P	P2.2/latin1	P2.2	latin1	core-native	decode-read	retain	20	1818248.9	1536567.4	1892580.8	0.196	1719211.2	1849159.8
codec-P	P2.2/latin1	P2.2	latin1	core-ffi	decode-read	retain	20	2048247.8	1785388.4	2214006.6	0.209	1960353.0	2116997.1
codec-P	P2.2/latin1	P2.2	latin1	core-ffi-pull	decode-read	retain	20	2003146.7	1677292.6	2221108.8	0.271	1841676.4	2043251.5
codec-P	P2.4	P2.4	ascii	incumbent-prod	decode	default	20	1706285.6	1575945.8	2071052.7	0.290	1678926.6	1731360.5
codec-P	P2.4	P2.4	ascii	armonik	decode	default	20	1697035.8	1599004.7	1985700.3	0.228	1671986.2	1721851.2
codec-P	P2.4	P2.4	ascii	core-native	decode	drop	20	1530692.9	1456858.8	1851432.2	0.258	1510873.1	1594692.0
codec-P	P2.4	P2.4	ascii	core-ffi	decode	drop	20	1334739.9	1282099.1	1426108.2	0.108	1316081.5	1346557.7
codec-P	P2.4	P2.4	ascii	core-ffi-pull	decode	drop	20	1303492.8	1266008.9	1360520.4	0.073	1295400.9	1322335.8
codec-P	P2.4	P2.4	ascii	core-native	decode	retain	20	1550362.2	1496712.0	1610174.3	0.073	1538590.6	1563435.5
codec-P	P2.4	P2.4	ascii	core-ffi	decode	retain	20	1325733.2	1286913.5	1528914.8	0.183	1317976.9	1345318.2
codec-P	P2.4	P2.4	ascii	core-ffi-pull	decode	retain	20	1294090.6	1253327.2	1423808.1	0.132	1280524.8	1304180.2
codec-P	P2.5	P2.5	ascii	incumbent-prod	decode	default	20	48540.0	43900.4	53097.5	0.189	47980.7	49497.6
codec-P	P2.5	P2.5	ascii	armonik	decode	default	20	48698.9	43449.6	51053.4	0.156	48129.2	48964.7
codec-P	P2.5	P2.5	ascii	core-native	decode	drop	20	39057.1	35116.2	43870.7	0.224	38638.5	39443.1
codec-P	P2.5	P2.5	ascii	core-ffi	decode	drop	20	46479.2	40989.6	49985.1	0.194	46016.2	47304.2
codec-P	P2.5	P2.5	ascii	core-ffi-pull	decode	drop	20	44365.8	39534.2	46845.2	0.165	43849.8	44975.5
codec-P	P2.5	P2.5	ascii	core-native	decode	retain	20	40085.3	35571.3	45905.0	0.258	39637.9	40685.5
codec-P	P2.5	P2.5	ascii	core-ffi	decode	retain	20	46353.7	42013.9	48223.5	0.134	45630.0	47417.5
codec-P	P2.5	P2.5	ascii	core-ffi-pull	decode	retain	20	44368.4	39410.6	46986.1	0.171	44042.9	44640.9
codec-P	P5.4	P5.4	ascii	incumbent-prod	decode	default	20	338588.5	315400.7	354286.9	0.115	334723.1	342766.8
codec-P	P5.4	P5.4	ascii	armonik	decode	default	20	92.2	86.4	95.0	0.093	91.7	93.1
codec-P	P5.4	P5.4	ascii	core-native	decode	drop	20	339602.9	312410.4	353889.5	0.122	336465.2	345900.1
codec-P	P5.4	P5.4	ascii	core-ffi	decode	drop	20	339958.5	327554.6	351610.0	0.071	337671.7	343218.3
codec-P	P5.4	P5.4	ascii	core-ffi-pull	decode	drop	20	341029.1	324257.9	351247.4	0.079	338575.1	346227.2
codec-P	P5.4	P5.4	ascii	core-native	decode	retain	20	338095.3	318421.4	351581.0	0.098	336896.0	343172.9
codec-P	P5.4	P5.4	ascii	core-ffi	decode	retain	20	338666.2	319637.3	352647.3	0.097	337589.5	342382.8
codec-P	P5.4	P5.4	ascii	core-ffi-pull	decode	retain	20	338848.1	320762.5	366041.3	0.134	336461.5	342469.5
codec-P	P1.2	P1.2	ascii	incumbent-prod	decode-nodrop	default	20	327275.2	272039.4	341826.1	0.213	324867.7	329178.9
codec-P	P1.2	P1.2	ascii	armonik	decode-nodrop	default	20	300313.3	251824.0	313882.9	0.207	298295.1	303662.3
codec-P	P1.2	P1.2	ascii	core-native	decode-nodrop	drop	20	232494.7	197848.2	259042.6	0.263	231780.8	234930.0
codec-P	P1.2	P1.2	ascii	core-ffi	decode-nodrop	drop	20	242751.8	199204.6	257185.5	0.239	241193.6	244638.3
codec-P	P1.2	P1.2	ascii	core-native	decode-nodrop	retain	20	232014.4	226198.2	240048.0	0.060	230993.0	233920.3
codec-P	P1.2	P1.2	ascii	core-ffi	decode-nodrop	retain	20	242829.9	195990.8	287451.1	0.377	240528.2	245612.8
codec-P	P6.1	P6.1	ascii	incumbent-prod	decode-read	default	20	315843.0	309063.2	384932.4	0.240	311809.4	333857.3
codec-P	P6.1	P6.1	ascii	armonik	decode-read	default	20	344636.9	324955.6	405674.0	0.234	337692.9	349785.6
codec-P	P6.1	P6.1	ascii	core-native	decode-read	drop	20	234581.7	228534.5	254112.6	0.109	232274.7	238683.9
codec-P	P6.1	P6.1	ascii	core-ffi	decode-read	drop	20	200833.9	196453.0	215534.5	0.095	197554.7	204860.7
codec-P	P6.1	P6.1	ascii	core-ffi-pull	decode-read	drop	20	177608.7	173698.9	218182.7	0.250	175951.4	186562.8
codec-P	P6.1	P6.1	ascii	core-native	decode-read	retain	20	233016.9	226746.1	245778.3	0.082	229618.8	240668.7
codec-P	P6.1	P6.1	ascii	core-ffi	decode-read	retain	20	200646.3	196666.6	214868.6	0.091	198342.8	203485.6
codec-P	P6.1	P6.1	ascii	core-ffi-pull	decode-read	retain	20	179983.6	174246.6	197048.4	0.127	176204.2	186284.4
codec-P	P5.3	P5.3	ascii	incumbent-prod	decode-read	default	20	39781.2	38492.3	46024.6	0.189	39184.3	40774.9
codec-P	P5.3	P5.3	ascii	armonik	decode-read	default	20	95.0	75.8	96.6	0.218	94.5	95.7
codec-P	P5.3	P5.3	ascii	core-native	decode-read	drop	20	39760.6	38481.8	44454.3	0.150	39465.1	40602.7
codec-P	P5.3	P5.3	ascii	core-ffi	decode-read	drop	20	40134.7	38711.4	46629.5	0.197	39319.8	40689.1
codec-P	P5.3	P5.3	ascii	core-ffi-pull	decode-read	drop	20	40127.3	38752.8	46315.4	0.188	39187.5	41674.5
codec-P	P5.3	P5.3	ascii	core-native	decode-read	retain	20	39750.0	38587.5	45344.6	0.170	39196.9	40949.0
codec-P	P5.3	P5.3	ascii	core-ffi	decode-read	retain	20	40224.8	38823.1	45608.5	0.169	39257.2	41021.1
codec-P	P5.3	P5.3	ascii	core-ffi-pull	decode-read	retain	20	39966.0	38614.9	46490.4	0.197	39308.1	40303.6
codec-P	P2.3	P2.3	ascii	incumbent-prod	encode	default	20	467620.1	377972.9	523680.4	0.312	424970.4	481744.4
codec-P	P2.3	P2.3	ascii	armonik	encode	default	20	480449.5	401760.9	521880.8	0.250	435127.6	493581.1
codec-P	P2.3	P2.3	ascii	core-native	encode	drop	20	131346.5	117587.4	152647.8	0.267	125681.0	134759.5
codec-P	P2.3	P2.3	ascii	core-ffi	encode	drop	20	201161.0	171007.2	222863.0	0.258	184867.3	210154.0
codec-P	P2.3	P2.3	ascii	core-native	encode	retain	20	133472.3	115817.4	147637.6	0.238	124458.5	137581.6
codec-P	P2.3	P2.3	ascii	core-ffi	encode	retain	20	201098.2	169355.0	220471.6	0.254	187997.1	206317.0
codec-P	P1.2/latin1	P1.2	latin1	incumbent-prod	decode-read	default	20	637216.3	499144.0	733518.6	0.368	627582.8	664079.8
codec-P	P1.2/latin1	P1.2	latin1	armonik	decode-read	default	20	593498.7	473593.5	652727.4	0.302	583329.0	621048.0
codec-P	P1.2/latin1	P1.2	latin1	core-native	decode-read	drop	20	523160.7	490368.0	551534.8	0.117	515615.6	527992.8
codec-P	P1.2/latin1	P1.2	latin1	core-ffi	decode-read	drop	20	540501.0	485271.1	589882.9	0.194	532176.0	549289.3
codec-P	P1.2/latin1	P1.2	latin1	core-ffi-pull	decode-read	drop	20	553964.4	528802.6	601883.1	0.132	537804.5	572073.9
codec-P	P1.2/latin1	P1.2	latin1	core-native	decode-read	retain	20	520519.0	466741.9	574060.2	0.206	517304.7	536866.9
codec-P	P1.2/latin1	P1.2	latin1	core-ffi	decode-read	retain	20	532016.1	501673.7	571283.3	0.131	525033.0	552508.2
codec-P	P1.2/latin1	P1.2	latin1	core-ffi-pull	decode-read	retain	20	549669.5	501321.3	663912.5	0.296	536000.5	563953.7
codec-P	P2.2/latin1	P2.2	latin1	incumbent-prod	decode	default	20	2036565.6	1660746.2	2158369.4	0.244	1990643.8	2079216.3
codec-P	P2.2/latin1	P2.2	latin1	armonik	decode	default	20	2033817.2	1723267.6	2164667.4	0.217	2020337.9	2042613.6
codec-P	P2.2/latin1	P2.2	latin1	core-native	decode	drop	20	1765686.1	1464046.5	1868604.2	0.229	1727991.0	1800509.2
codec-P	P2.2/latin1	P2.2	latin1	core-ffi	decode	drop	20	2024472.1	1692358.8	2123496.6	0.213	1984030.1	2081108.8
codec-P	P2.2/latin1	P2.2	latin1	core-ffi-pull	decode	drop	20	1952112.1	1639159.6	2083009.2	0.227	1921860.6	2004409.4
codec-P	P2.2/latin1	P2.2	latin1	core-native	decode	retain	20	1778213.8	1476467.0	1874976.7	0.224	1738150.5	1815935.1
codec-P	P2.2/latin1	P2.2	latin1	core-ffi	decode	retain	20	2003483.4	1666280.4	2151874.4	0.242	1966801.6	2024180.7
codec-P	P2.2/latin1	P2.2	latin1	core-ffi-pull	decode	retain	20	1961245.2	1659160.6	2194710.0	0.273	1907327.4	1973379.2
codec-P	P1.2/wide	P1.2	wide	incumbent-prod	decode	default	20	741827.2	689714.5	800362.9	0.149	732549.9	749673.1
codec-P	P1.2/wide	P1.2	wide	armonik	decode	default	20	695756.2	596028.1	744225.4	0.213	688948.3	709449.1
codec-P	P1.2/wide	P1.2	wide	core-native	decode	drop	20	627804.4	564071.9	686963.4	0.196	618058.3	639687.6
codec-P	P1.2/wide	P1.2	wide	core-ffi	decode	drop	20	616006.9	502975.1	662344.7	0.259	602093.9	640148.8
codec-P	P1.2/wide	P1.2	wide	core-ffi-pull	decode	drop	20	622838.8	520425.4	693886.4	0.279	617623.0	652565.2
codec-P	P1.2/wide	P1.2	wide	core-native	decode	retain	20	622934.5	519006.8	668548.7	0.240	616141.3	635328.7
codec-P	P1.2/wide	P1.2	wide	core-ffi	decode	retain	20	610957.0	496609.8	677549.0	0.296	600195.2	618592.0
codec-P	P1.2/wide	P1.2	wide	core-ffi-pull	decode	retain	20	626546.7	568443.9	657914.6	0.143	618975.7	644678.1
codec-P	P5.2	P5.2	ascii	incumbent-prod	decode-read	default	20	1646.1	1639.9	1742.2	0.062	1644.5	1648.8
codec-P	P5.2	P5.2	ascii	armonik	decode-read	default	20	94.3	93.3	99.6	0.066	93.5	95.2
codec-P	P5.2	P5.2	ascii	core-native	decode-read	drop	20	1634.6	1627.8	1703.6	0.046	1630.9	1639.0
codec-P	P5.2	P5.2	ascii	core-ffi	decode-read	drop	20	1644.5	1635.5	1674.8	0.024	1640.2	1649.0
codec-P	P5.2	P5.2	ascii	core-ffi-pull	decode-read	drop	20	1663.2	1645.9	1699.8	0.032	1652.1	1668.5
codec-P	P5.2	P5.2	ascii	core-native	decode-read	retain	20	1625.3	1620.4	1696.5	0.047	1623.0	1631.0
codec-P	P5.2	P5.2	ascii	core-ffi	decode-read	retain	20	1663.2	1654.5	1740.9	0.052	1660.6	1674.9
codec-P	P5.2	P5.2	ascii	core-ffi-pull	decode-read	retain	20	1672.2	1615.5	1798.7	0.110	1667.8	1695.4
codec-P	P2.2	P2.2	ascii	incumbent-prod	decode-nodrop	default	20	1138797.0	1078076.2	1286401.5	0.183	1124374.6	1151720.2
codec-P	P2.2	P2.2	ascii	armonik	decode-nodrop	default	20	1114851.1	1030788.3	1260692.3	0.206	1096781.1	1140835.8
codec-P	P2.2	P2.2	ascii	core-native	decode-nodrop	drop	20	924348.4	783344.3	1053138.8	0.292	898008.2	939613.0
codec-P	P2.2	P2.2	ascii	core-ffi	decode-nodrop	drop	20	1164275.7	1074917.9	1305491.0	0.198	1150369.6	1206382.3
codec-P	P2.2	P2.2	ascii	core-native	decode-nodrop	retain	20	925448.6	847214.5	1069631.7	0.240	912810.4	947379.2
codec-P	P2.2	P2.2	ascii	core-ffi	decode-nodrop	retain	20	1170028.1	990125.6	1261225.3	0.232	1140070.6	1194355.8
codec-P	P3.1	P3.1	ascii	incumbent-prod	encode	default	20	22886.8	17878.0	24760.6	0.301	22129.4	23681.3
codec-P	P3.1	P3.1	ascii	armonik	encode	default	20	24376.1	17209.8	27613.0	0.427	22763.3	24866.6
codec-P	P3.1	P3.1	ascii	core-native	encode	drop	20	4303.1	2996.0	4461.8	0.341	4174.1	4346.8
codec-P	P3.1	P3.1	ascii	core-ffi	encode	drop	20	7727.0	5894.0	8880.1	0.386	7647.8	7851.3
codec-P	P3.1	P3.1	ascii	core-native	encode	retain	20	4910.0	3703.5	5394.3	0.344	4404.8	5007.6
codec-P	P3.1	P3.1	ascii	core-ffi	encode	retain	20	7907.1	5983.8	9027.3	0.385	7496.8	8085.7
codec-P	P2.3	P2.3	ascii	incumbent-prod	decode	default	20	1260785.3	1218408.4	1508632.9	0.230	1245300.1	1304641.0
codec-P	P2.3	P2.3	ascii	armonik	decode	default	20	1261109.4	1208127.2	1571672.8	0.288	1252721.5	1338254.1
codec-P	P2.3	P2.3	ascii	core-native	decode	drop	20	1124112.6	1094659.9	1449415.8	0.316	1113159.8	1344661.2
codec-P	P2.3	P2.3	ascii	core-ffi	decode	drop	20	1007755.7	981130.7	1267384.1	0.284	998561.8	1049932.8
codec-P	P2.3	P2.3	ascii	core-ffi-pull	decode	drop	20	970754.4	948355.1	1194929.9	0.254	962356.8	1061474.4
codec-P	P2.3	P2.3	ascii	core-native	decode	retain	20	1146597.4	1096008.4	1413597.7	0.277	1123894.3	1252709.3
codec-P	P2.3	P2.3	ascii	core-ffi	decode	retain	20	1019075.3	980800.5	1354451.6	0.367	997989.4	1133804.5
codec-P	P2.3	P2.3	ascii	core-ffi-pull	decode	retain	20	981181.8	938751.0	1301547.2	0.370	970991.1	1041393.6
codec-P	P2.2/wide	P2.2	wide	incumbent-prod	decode	default	20	2495038.9	2397859.5	2641679.0	0.098	2475101.1	2538507.5
codec-P	P2.2/wide	P2.2	wide	armonik	decode	default	20	2557704.0	2426927.8	2738009.5	0.122	2506824.8	2612444.8
codec-P	P2.2/wide	P2.2	wide	core-native	decode	drop	20	2266976.8	2122175.6	2768221.6	0.285	2199862.1	2307099.4
codec-P	P2.2/wide	P2.2	wide	core-ffi	decode	drop	20	2476200.4	2399201.0	2731998.2	0.134	2458998.9	2533549.9
codec-P	P2.2/wide	P2.2	wide	core-ffi-pull	decode	drop	20	2449181.1	2280755.2	2637465.0	0.146	2388707.9	2510790.9
codec-P	P2.2/wide	P2.2	wide	core-native	decode	retain	20	2254719.7	2172057.8	2485073.2	0.139	2231832.6	2333054.2
codec-P	P2.2/wide	P2.2	wide	core-ffi	decode	retain	20	2508996.6	2435986.0	2815323.0	0.151	2466780.6	2589104.8
codec-P	P2.2/wide	P2.2	wide	core-ffi-pull	decode	retain	20	2435357.4	2347250.0	2558381.8	0.087	2389645.4	2481991.6
codec-P	P5.1	P5.1	ascii	incumbent-prod	decode	default	20	101.0	95.2	106.9	0.115	100.2	102.6
codec-P	P5.1	P5.1	ascii	armonik	decode	default	20	87.9	71.1	90.1	0.216	87.0	88.9
codec-P	P5.1	P5.1	ascii	core-native	decode	drop	20	85.3	67.6	90.9	0.273	84.9	85.9
codec-P	P5.1	P5.1	ascii	core-ffi	decode	drop	20	87.6	69.6	90.8	0.242	87.3	88.1
codec-P	P5.1	P5.1	ascii	core-ffi-pull	decode	drop	20	94.2	78.1	99.1	0.223	93.6	95.3
codec-P	P5.1	P5.1	ascii	core-native	decode	retain	20	84.4	67.5	94.4	0.318	83.9	86.3
codec-P	P5.1	P5.1	ascii	core-ffi	decode	retain	20	98.3	77.9	102.0	0.245	97.5	99.1
codec-P	P5.1	P5.1	ascii	core-ffi-pull	decode	retain	20	104.2	84.2	110.9	0.256	103.6	104.6
codec-P	P1.1	P1.1	ascii	incumbent-prod	encode	default	20	1107.1	859.9	1134.9	0.248	1089.2	1116.0
codec-P	P1.1	P1.1	ascii	armonik	encode	default	20	1176.6	917.1	1222.9	0.260	1116.6	1179.7
codec-P	P1.1	P1.1	ascii	core-native	encode	drop	20	207.9	163.0	210.7	0.229	196.4	209.1
codec-P	P1.1	P1.1	ascii	core-ffi	encode	drop	20	311.4	233.3	343.1	0.353	309.5	314.7
codec-P	P1.1	P1.1	ascii	core-native	encode	retain	20	238.0	181.5	242.6	0.257	231.6	239.1
codec-P	P1.1	P1.1	ascii	core-ffi	encode	retain	20	324.5	244.3	332.9	0.273	304.9	328.6
codec-P	P5.1	P5.1	ascii	incumbent-prod	encode	default	20	62.7	60.1	68.8	0.139	62.0	62.9
codec-P	P5.1	P5.1	ascii	armonik	encode	default	20	60.2	58.9	62.7	0.063	59.6	61.3
codec-P	P5.1	P5.1	ascii	core-native	encode	drop	20	15.6	15.3	18.2	0.183	15.5	16.0
codec-P	P5.1	P5.1	ascii	core-ffi	encode	drop	20	29.2	27.9	30.2	0.082	29.0	29.4
codec-P	P5.1	P5.1	ascii	core-native	encode	retain	20	19.7	18.9	25.2	0.324	19.4	19.9
codec-P	P5.1	P5.1	ascii	core-ffi	encode	retain	20	30.0	29.3	33.4	0.136	29.7	30.2
codec-P	P2.2	P2.2	ascii	incumbent-prod	decode-read	default	20	1518168.5	1232964.3	1769622.0	0.353	1511054.8	1539387.3
codec-P	P2.2	P2.2	ascii	armonik	decode-read	default	20	1509116.6	1206566.9	1619909.4	0.274	1456002.2	1537383.2
codec-P	P2.2	P2.2	ascii	core-native	decode-read	drop	20	1352316.5	1059844.0	1407528.6	0.257	1326571.4	1379339.8
codec-P	P2.2	P2.2	ascii	core-ffi	decode-read	drop	20	1591586.8	1265241.4	1774162.5	0.320	1564422.2	1598403.0
codec-P	P2.2	P2.2	ascii	core-ffi-pull	decode-read	drop	20	1523636.6	1252134.1	1614547.5	0.238	1497117.2	1571905.5
codec-P	P2.2	P2.2	ascii	core-native	decode-read	retain	20	1372805.6	1108942.8	1503931.1	0.288	1356378.4	1391252.4
codec-P	P2.2	P2.2	ascii	core-ffi	decode-read	retain	20	1598163.7	1276571.8	1653977.6	0.236	1574623.7	1606321.8
codec-P	P2.2	P2.2	ascii	core-ffi-pull	decode-read	retain	20	1512913.4	1239395.2	1587888.8	0.230	1491259.6	1537590.4
codec-P	P2.1	P2.1	ascii	incumbent-prod	decode-read	default	20	2109.9	1654.8	2319.0	0.315	1824.4	2147.9
codec-P	P2.1	P2.1	ascii	armonik	decode-read	default	20	2085.8	1627.0	2567.6	0.451	1815.1	2133.2
codec-P	P2.1	P2.1	ascii	core-native	decode-read	drop	20	1675.4	1301.0	2090.6	0.471	1415.4	1708.5
codec-P	P2.1	P2.1	ascii	core-ffi	decode-read	drop	20	2184.5	1676.3	2311.3	0.291	1961.0	2196.1
codec-P	P2.1	P2.1	ascii	core-ffi-pull	decode-read	drop	20	2179.8	1664.4	2306.7	0.295	2090.7	2191.5
codec-P	P2.1	P2.1	ascii	core-native	decode-read	retain	20	1682.3	1312.3	1969.8	0.391	1629.6	1699.9
codec-P	P2.1	P2.1	ascii	core-ffi	decode-read	retain	20	2282.7	1765.2	2652.4	0.389	2245.7	2312.9
codec-P	P2.1	P2.1	ascii	core-ffi-pull	decode-read	retain	20	2245.0	1711.5	2355.4	0.287	2195.2	2271.7
codec-P	P2.3	P2.3	ascii	incumbent-prod	decode-read	default	20	1313017.8	1283353.1	1418650.6	0.103	1304677.3	1342868.0
codec-P	P2.3	P2.3	ascii	armonik	decode-read	default	20	1309042.2	1290904.7	1451116.4	0.122	1297712.6	1325731.6
codec-P	P2.3	P2.3	ascii	core-native	decode-read	drop	20	1189156.9	1167798.6	1272582.5	0.088	1175774.2	1219243.1
codec-P	P2.3	P2.3	ascii	core-ffi	decode-read	drop	20	1059632.1	1039704.4	1096695.1	0.054	1047026.7	1076391.4
codec-P	P2.3	P2.3	ascii	core-ffi-pull	decode-read	drop	20	1034867.8	1017993.2	1153705.3	0.131	1022996.8	1061850.3
codec-P	P2.3	P2.3	ascii	core-native	decode-read	retain	20	1203259.7	1178158.0	1418516.9	0.200	1192564.0	1230140.6
codec-P	P2.3	P2.3	ascii	core-ffi	decode-read	retain	20	1054377.1	1029876.8	1162016.9	0.125	1049592.1	1070060.6
codec-P	P2.3	P2.3	ascii	core-ffi-pull	decode-read	retain	20	1028452.9	1013244.7	1130492.3	0.114	1022107.2	1037287.7
codec-P	P2.5	P2.5	ascii	incumbent-prod	encode	default	20	25142.0	22282.7	25587.8	0.131	24990.1	25341.2
codec-P	P2.5	P2.5	ascii	armonik	encode	default	20	25436.3	22504.6	25975.6	0.136	25267.0	25617.3
codec-P	P2.5	P2.5	ascii	core-native	encode	drop	20	5613.8	4949.4	5742.8	0.141	5571.1	5652.5
codec-P	P2.5	P2.5	ascii	core-ffi	encode	drop	20	9145.2	8123.7	9383.8	0.138	9088.5	9187.4
codec-P	P2.5	P2.5	ascii	core-native	encode	retain	20	6079.6	5302.5	6737.8	0.236	6010.6	6137.5
codec-P	P2.5	P2.5	ascii	core-ffi	encode	retain	20	9709.5	8621.8	10509.0	0.194	9672.3	9773.2
codec-P	P1.2/wide	P1.2	wide	incumbent-prod	decode-read	default	20	611994.3	581369.7	751715.5	0.278	596920.3	616753.1
codec-P	P1.2/wide	P1.2	wide	armonik	decode-read	default	20	581285.5	566069.3	717335.8	0.260	577489.7	589254.8
codec-P	P1.2/wide	P1.2	wide	core-native	decode-read	drop	20	527143.6	502595.5	646895.9	0.274	524569.6	532291.8
codec-P	P1.2/wide	P1.2	wide	core-ffi	decode-read	drop	20	519167.1	494892.8	641683.7	0.283	510361.9	526121.3
codec-P	P1.2/wide	P1.2	wide	core-ffi-pull	decode-read	drop	20	532602.7	510287.9	665506.9	0.291	528238.2	537037.7
codec-P	P1.2/wide	P1.2	wide	core-native	decode-read	retain	20	520289.1	499966.6	642546.7	0.274	512618.4	525334.3
codec-P	P1.2/wide	P1.2	wide	core-ffi	decode-read	retain	20	518649.0	495361.9	651814.4	0.302	511422.5	526200.8
codec-P	P1.2/wide	P1.2	wide	core-ffi-pull	decode-read	retain	20	531015.0	505507.9	640358.8	0.254	526828.0	547147.8
codec-P	P7.1	P7.1	ascii	incumbent-prod	decode-read	default	20	336.1	329.2	366.4	0.111	333.3	343.7
codec-P	P7.1	P7.1	ascii	armonik	decode-read	default	20	336.8	328.4	367.8	0.117	333.2	343.8
codec-P	P7.1	P7.1	ascii	core-native	decode-read	drop	20	241.0	236.6	257.4	0.086	238.8	243.9
codec-P	P7.1	P7.1	ascii	core-ffi	decode-read	drop	20	325.3	319.3	397.4	0.240	323.0	331.2
codec-P	P7.1	P7.1	ascii	core-ffi-pull	decode-read	drop	20	350.9	345.7	373.9	0.080	349.6	356.5
codec-P	P7.1	P7.1	ascii	core-native	decode-read	retain	20	249.1	244.9	272.3	0.110	247.4	252.8
codec-P	P7.1	P7.1	ascii	core-ffi	decode-read	retain	20	331.3	326.6	351.8	0.076	330.0	337.9
codec-P	P7.1	P7.1	ascii	core-ffi-pull	decode-read	retain	20	363.3	357.6	369.3	0.032	360.6	365.0
codec-P	P2.2/latin1	P2.2	latin1	incumbent-prod	encode	default	20	924420.1	910997.9	956664.7	0.049	916495.8	937215.4
codec-P	P2.2/latin1	P2.2	latin1	armonik	encode	default	20	945720.3	919741.6	1011413.9	0.097	936718.3	961978.0
codec-P	P2.2/latin1	P2.2	latin1	core-native	encode	drop	20	239138.7	232431.0	243764.7	0.047	238592.6	239936.2
codec-P	P2.2/latin1	P2.2	latin1	core-ffi	encode	drop	20	335147.7	327989.5	392291.3	0.192	333882.6	337505.7
codec-P	P2.2/latin1	P2.2	latin1	core-native	encode	retain	20	245084.1	239797.0	249025.9	0.038	243220.3	245805.8
codec-P	P2.2/latin1	P2.2	latin1	core-ffi	encode	retain	20	350605.8	346692.9	367354.8	0.059	349046.6	352175.9
codec-U	U-wire-ListTaskSummaryResponse-tasks-as-wt1	U-wire-ListTaskSummaryResponse-tasks-as-wt1	ascii	core-native	decode-read	drop	20	1577.1	1497.2	1746.4	0.158	1551.9	1605.4
codec-U	U-wire-ListTaskSummaryResponse-tasks-as-wt1	U-wire-ListTaskSummaryResponse-tasks-as-wt1	ascii	core-ffi	decode-read	drop	20	1837.4	1742.7	1948.8	0.112	1800.2	1855.5
codec-U	U-wire-ListTaskSummaryResponse-tasks-as-wt1	U-wire-ListTaskSummaryResponse-tasks-as-wt1	ascii	core-ffi-pull	decode-read	drop	20	1854.8	1786.3	2020.3	0.126	1837.7	1886.8
codec-U	U-wire-ListTaskSummaryResponse-tasks-as-wt1	U-wire-ListTaskSummaryResponse-tasks-as-wt1	ascii	core-native	decode-read	retain	20	1657.1	1578.5	1721.1	0.086	1635.8	1674.3
codec-U	U-wire-ListTaskSummaryResponse-tasks-as-wt1	U-wire-ListTaskSummaryResponse-tasks-as-wt1	ascii	core-ffi	decode-read	retain	20	1905.9	1826.2	1999.9	0.091	1883.2	1932.4
codec-U	U-wire-ListTaskSummaryResponse-tasks-as-wt1	U-wire-ListTaskSummaryResponse-tasks-as-wt1	ascii	core-ffi-pull	decode-read	retain	20	1928.3	1860.3	1993.8	0.069	1905.8	1952.5
codec-U	U-wire-ListMetricsResponse-batches-as-wt5	U-wire-ListMetricsResponse-batches-as-wt5	ascii	core-native	encode	drop	20	535.1	494.2	552.0	0.108	530.0	537.9
codec-U	U-wire-ListMetricsResponse-batches-as-wt5	U-wire-ListMetricsResponse-batches-as-wt5	ascii	core-ffi	encode	drop	20	666.0	621.6	684.3	0.094	660.8	667.8
codec-U	U-wire-ListMetricsResponse-batches-as-wt5	U-wire-ListMetricsResponse-batches-as-wt5	ascii	core-native	encode	retain	20	553.7	511.5	563.0	0.093	551.6	557.0
codec-U	U-wire-ListMetricsResponse-batches-as-wt5	U-wire-ListMetricsResponse-batches-as-wt5	ascii	core-ffi	encode	retain	20	669.9	621.4	730.5	0.163	665.5	674.0
codec-U	U-nested-u-varint	U-nested-u-varint	ascii	incumbent-prod	encode	default	20	193.6	185.1	230.2	0.233	189.7	198.1
codec-U	U-nested-u-varint	U-nested-u-varint	ascii	armonik	encode	default	20	204.1	194.4	258.6	0.315	198.8	208.5
codec-U	U-nested-u-varint	U-nested-u-varint	ascii	core-native	encode	drop	20	40.0	37.8	50.1	0.309	38.9	40.2
codec-U	U-nested-u-varint	U-nested-u-varint	ascii	core-ffi	encode	drop	20	66.3	62.1	81.6	0.293	63.1	67.9
codec-U	U-nested-u-varint	U-nested-u-varint	ascii	core-native	encode	retain	20	52.2	47.2	68.3	0.404	49.9	53.1
codec-U	U-nested-u-varint	U-nested-u-varint	ascii	core-ffi	encode	retain	20	69.2	66.2	87.6	0.309	68.1	71.5
codec-U	U-oneof-member-after-known	U-oneof-member-after-known	ascii	incumbent-prod	decode	default	20	122.7	116.7	127.1	0.085	119.5	125.2
codec-U	U-oneof-member-after-known	U-oneof-member-after-known	ascii	armonik	decode	default	20	120.1	111.1	124.8	0.115	117.2	121.4
codec-U	U-oneof-member-after-known	U-oneof-member-after-known	ascii	core-native	decode	drop	20	85.4	81.6	87.7	0.072	84.2	86.6
codec-U	U-oneof-member-after-known	U-oneof-member-after-known	ascii	core-ffi	decode	drop	20	108.2	100.3	110.9	0.097	104.3	109.7
codec-U	U-oneof-member-after-known	U-oneof-member-after-known	ascii	core-ffi-pull	decode	drop	20	119.5	113.4	122.6	0.077	116.3	121.7
codec-U	U-oneof-member-after-known	U-oneof-member-after-known	ascii	core-native	decode	retain	20	104.9	98.7	111.7	0.125	102.4	106.2
codec-U	U-oneof-member-after-known	U-oneof-member-after-known	ascii	core-ffi	decode	retain	20	159.7	149.4	165.5	0.101	156.6	163.0
codec-U	U-oneof-member-after-known	U-oneof-member-after-known	ascii	core-ffi-pull	decode	retain	20	168.6	159.4	173.7	0.085	165.5	169.9
codec-U	U-wire-ListResultsResponse-results-as-wt1	U-wire-ListResultsResponse-results-as-wt1	ascii	core-native	decode-read	drop	20	535.5	526.5	550.8	0.045	529.8	543.5
codec-U	U-wire-ListResultsResponse-results-as-wt1	U-wire-ListResultsResponse-results-as-wt1	ascii	core-ffi	decode-read	drop	20	559.8	545.9	575.2	0.052	555.1	563.2
codec-U	U-wire-ListResultsResponse-results-as-wt1	U-wire-ListResultsResponse-results-as-wt1	ascii	core-ffi-pull	decode-read	drop	20	572.4	556.5	590.6	0.059	568.5	574.5
codec-U	U-wire-ListResultsResponse-results-as-wt1	U-wire-ListResultsResponse-results-as-wt1	ascii	core-native	decode-read	retain	20	535.0	515.6	553.1	0.070	524.6	539.4
codec-U	U-wire-ListResultsResponse-results-as-wt1	U-wire-ListResultsResponse-results-as-wt1	ascii	core-ffi	decode-read	retain	20	617.6	601.4	635.5	0.055	612.4	624.1
codec-U	U-wire-ListResultsResponse-results-as-wt1	U-wire-ListResultsResponse-results-as-wt1	ascii	core-ffi-pull	decode-read	retain	20	632.0	611.8	722.5	0.175	626.4	639.6
codec-U	U-wire-ListTasksDetailedResponse-tasks-as-wt1	U-wire-ListTasksDetailedResponse-tasks-as-wt1	ascii	core-native	decode-read	drop	20	3786.9	3685.7	5176.6	0.394	3740.9	3806.2
codec-U	U-wire-ListTasksDetailedResponse-tasks-as-wt1	U-wire-ListTasksDetailedResponse-tasks-as-wt1	ascii	core-ffi	decode-read	drop	20	5627.3	5538.8	8743.3	0.569	5597.5	5706.8
codec-U	U-wire-ListTasksDetailedResponse-tasks-as-wt1	U-wire-ListTasksDetailedResponse-tasks-as-wt1	ascii	core-ffi-pull	decode-read	drop	20	4420.6	4353.0	6731.4	0.538	4397.8	4454.7
codec-U	U-wire-ListTasksDetailedResponse-tasks-as-wt1	U-wire-ListTasksDetailedResponse-tasks-as-wt1	ascii	core-native	decode-read	retain	20	3948.9	3789.4	5792.6	0.507	3891.3	4015.8
codec-U	U-wire-ListTasksDetailedResponse-tasks-as-wt1	U-wire-ListTasksDetailedResponse-tasks-as-wt1	ascii	core-ffi	decode-read	retain	20	6080.5	5883.1	10540.7	0.766	5992.1	6151.9
codec-U	U-wire-ListTasksDetailedResponse-tasks-as-wt1	U-wire-ListTasksDetailedResponse-tasks-as-wt1	ascii	core-ffi-pull	decode-read	retain	20	4581.9	4534.0	10877.4	1.384	4561.9	4618.6
codec-U	U-wire-ListMetricsResponse-batches-as-wt0	U-wire-ListMetricsResponse-batches-as-wt0	ascii	core-native	decode-read	drop	20	1912.3	1786.8	2067.6	0.147	1894.8	2000.5
codec-U	U-wire-ListMetricsResponse-batches-as-wt0	U-wire-ListMetricsResponse-batches-as-wt0	ascii	core-ffi	decode-read	drop	20	1650.6	1617.0	1691.0	0.045	1643.1	1665.0
codec-U	U-wire-ListMetricsResponse-batches-as-wt0	U-wire-ListMetricsResponse-batches-as-wt0	ascii	core-ffi-pull	decode-read	drop	20	1562.8	1508.8	2090.6	0.372	1536.3	1595.2
codec-U	U-wire-ListMetricsResponse-batches-as-wt0	U-wire-ListMetricsResponse-batches-as-wt0	ascii	core-native	decode-read	retain	20	1933.7	1832.5	2738.3	0.468	1907.0	2015.9
codec-U	U-wire-ListMetricsResponse-batches-as-wt0	U-wire-ListMetricsResponse-batches-as-wt0	ascii	core-ffi	decode-read	retain	20	1728.4	1670.8	1972.8	0.175	1712.8	1748.6
codec-U	U-wire-ListMetricsResponse-batches-as-wt0	U-wire-ListMetricsResponse-batches-as-wt0	ascii	core-ffi-pull	decode-read	retain	20	1630.0	1568.0	1797.2	0.141	1602.3	1678.0
codec-U	U-wire-ListResultsResponse-page-as-wt5	U-wire-ListResultsResponse-page-as-wt5	ascii	core-native	decode-read	drop	20	540.4	512.2	556.7	0.082	517.6	545.6
codec-U	U-wire-ListResultsResponse-page-as-wt5	U-wire-ListResultsResponse-page-as-wt5	ascii	core-ffi	decode-read	drop	20	562.0	534.1	596.5	0.111	545.0	568.3
codec-U	U-wire-ListResultsResponse-page-as-wt5	U-wire-ListResultsResponse-page-as-wt5	ascii	core-ffi-pull	decode-read	drop	20	580.2	550.6	602.9	0.090	564.9	585.5
codec-U	U-wire-ListResultsResponse-page-as-wt5	U-wire-ListResultsResponse-page-as-wt5	ascii	core-native	decode-read	retain	20	544.7	517.5	566.8	0.091	525.6	547.2
codec-U	U-wire-ListResultsResponse-page-as-wt5	U-wire-ListResultsResponse-page-as-wt5	ascii	core-ffi	decode-read	retain	20	620.5	597.3	642.6	0.073	604.3	628.6
codec-U	U-wire-ListResultsResponse-page-as-wt5	U-wire-ListResultsResponse-page-as-wt5	ascii	core-ffi-pull	decode-read	retain	20	639.9	606.7	661.0	0.085	615.5	647.9
codec-U	U-nested-u-repeated	U-nested-u-repeated	ascii	incumbent-prod	encode	default	20	240.7	235.2	288.8	0.223	239.2	244.8
codec-U	U-nested-u-repeated	U-nested-u-repeated	ascii	armonik	encode	default	20	253.2	249.5	297.9	0.191	251.9	255.5
codec-U	U-nested-u-repeated	U-nested-u-repeated	ascii	core-native	encode	drop	20	49.1	48.6	55.1	0.133	48.8	49.5
codec-U	U-nested-u-repeated	U-nested-u-repeated	ascii	core-ffi	encode	drop	20	82.4	79.8	98.7	0.229	81.5	83.8
codec-U	U-nested-u-repeated	U-nested-u-repeated	ascii	core-native	encode	retain	20	64.3	58.7	67.7	0.139	63.7	65.2
codec-U	U-nested-u-repeated	U-nested-u-repeated	ascii	core-ffi	encode	retain	20	84.1	81.7	105.8	0.287	83.1	90.9
codec-U	U-wire-ListProbeResponse-probes-as-wt0	U-wire-ListProbeResponse-probes-as-wt0	ascii	core-native	decode-read	drop	20	190.5	186.0	199.1	0.069	188.8	191.7
codec-U	U-wire-ListProbeResponse-probes-as-wt0	U-wire-ListProbeResponse-probes-as-wt0	ascii	core-ffi	decode-read	drop	20	227.0	220.9	232.7	0.052	224.4	228.3
codec-U	U-wire-ListProbeResponse-probes-as-wt0	U-wire-ListProbeResponse-probes-as-wt0	ascii	core-ffi-pull	decode-read	drop	20	239.0	233.3	243.0	0.040	236.3	240.2
codec-U	U-wire-ListProbeResponse-probes-as-wt0	U-wire-ListProbeResponse-probes-as-wt0	ascii	core-native	decode-read	retain	20	210.8	202.9	213.5	0.050	209.1	212.2
codec-U	U-wire-ListProbeResponse-probes-as-wt0	U-wire-ListProbeResponse-probes-as-wt0	ascii	core-ffi	decode-read	retain	20	282.4	279.0	288.6	0.034	281.5	284.3
codec-U	U-wire-ListProbeResponse-probes-as-wt0	U-wire-ListProbeResponse-probes-as-wt0	ascii	core-ffi-pull	decode-read	retain	20	292.0	284.0	294.7	0.037	290.6	293.1
codec-U	U-nested-u-packed	U-nested-u-packed	ascii	incumbent-prod	decode-read	default	20	310.0	303.7	325.8	0.071	305.2	312.1
codec-U	U-nested-u-packed	U-nested-u-packed	ascii	armonik	decode-read	default	20	322.5	308.7	329.4	0.064	320.0	325.3
codec-U	U-nested-u-packed	U-nested-u-packed	ascii	core-native	decode-read	drop	20	258.5	246.0	296.3	0.194	256.1	261.6
codec-U	U-nested-u-packed	U-nested-u-packed	ascii	core-ffi	decode-read	drop	20	285.1	268.6	294.3	0.090	282.1	285.8
codec-U	U-nested-u-packed	U-nested-u-packed	ascii	core-ffi-pull	decode-read	drop	20	298.1	279.8	312.6	0.110	295.4	301.8
codec-U	U-nested-u-packed	U-nested-u-packed	ascii	core-native	decode-read	retain	20	269.5	254.8	306.4	0.191	267.0	273.4
codec-U	U-nested-u-packed	U-nested-u-packed	ascii	core-ffi	decode-read	retain	20	342.2	322.4	382.0	0.174	337.9	345.7
codec-U	U-nested-u-packed	U-nested-u-packed	ascii	core-ffi-pull	decode-read	retain	20	351.9	333.3	367.7	0.098	350.3	357.2
codec-U	U-enum-value-127	U-enum-value-127	ascii	incumbent-prod	decode	default	20	75.0	61.0	80.0	0.253	68.2	75.8
codec-U	U-enum-value-127	U-enum-value-127	ascii	armonik	decode	default	20	100.5	87.0	120.3	0.330	94.5	104.8
codec-U	U-enum-value-127	U-enum-value-127	ascii	core-native	decode	drop	20	87.5	77.1	104.1	0.309	84.2	90.8
codec-U	U-enum-value-127	U-enum-value-127	ascii	core-ffi	decode	drop	20	108.5	93.2	136.4	0.398	101.8	110.8
codec-U	U-enum-value-127	U-enum-value-127	ascii	core-ffi-pull	decode	drop	20	120.5	103.6	131.0	0.227	114.1	123.0
codec-U	U-enum-value-127	U-enum-value-127	ascii	core-native	decode	retain	20	87.2	75.8	97.6	0.249	80.7	91.0
codec-U	U-enum-value-127	U-enum-value-127	ascii	core-ffi	decode	retain	20	121.7	103.8	153.7	0.410	113.8	126.5
codec-U	U-enum-value-127	U-enum-value-127	ascii	core-ffi-pull	decode	retain	20	137.9	111.9	142.2	0.220	125.4	139.3
codec-U	U-element-u-varint	U-element-u-varint	ascii	incumbent-prod	encode	default	20	951.0	927.4	1012.4	0.089	941.3	963.8
codec-U	U-element-u-varint	U-element-u-varint	ascii	armonik	encode	default	20	978.1	956.8	1018.1	0.063	964.6	989.4
codec-U	U-element-u-varint	U-element-u-varint	ascii	core-native	encode	drop	20	203.6	199.0	213.0	0.069	201.1	204.7
codec-U	U-element-u-varint	U-element-u-varint	ascii	core-ffi	encode	drop	20	351.3	343.2	374.8	0.090	347.9	360.9
codec-U	U-element-u-varint	U-element-u-varint	ascii	core-native	encode	retain	20	236.2	229.6	249.3	0.083	232.8	238.7
codec-U	U-element-u-varint	U-element-u-varint	ascii	core-ffi	encode	retain	20	371.5	361.6	388.0	0.071	367.5	374.6
codec-U	U-enum-value-127	U-enum-value-127	ascii	incumbent-prod	encode	default	20	52.7	44.2	65.7	0.408	48.0	53.6
codec-U	U-enum-value-127	U-enum-value-127	ascii	armonik	encode	default	20	55.9	46.0	66.6	0.368	51.9	56.8
codec-U	U-enum-value-127	U-enum-value-127	ascii	core-native	encode	drop	20	16.1	13.2	18.0	0.298	14.8	16.4
codec-U	U-enum-value-127	U-enum-value-127	ascii	core-ffi	encode	drop	20	32.0	26.5	33.1	0.205	30.9	32.4
codec-U	U-enum-value-127	U-enum-value-127	ascii	core-native	encode	retain	20	19.0	15.4	20.9	0.292	18.1	19.9
codec-U	U-enum-value-127	U-enum-value-127	ascii	core-ffi	encode	retain	20	34.9	28.8	41.2	0.356	31.6	36.3
codec-U	U-root-u-fixed32	U-root-u-fixed32	ascii	incumbent-prod	decode-read	default	20	651.6	631.8	704.7	0.112	643.6	658.9
codec-U	U-root-u-fixed32	U-root-u-fixed32	ascii	armonik	decode-read	default	20	689.1	661.3	796.0	0.195	676.8	698.0
codec-U	U-root-u-fixed32	U-root-u-fixed32	ascii	core-native	decode-read	drop	20	548.2	540.8	582.2	0.075	545.1	554.2
codec-U	U-root-u-fixed32	U-root-u-fixed32	ascii	core-ffi	decode-read	drop	20	582.2	565.2	624.6	0.102	575.1	597.6
codec-U	U-root-u-fixed32	U-root-u-fixed32	ascii	core-ffi-pull	decode-read	drop	20	599.4	586.5	648.4	0.103	592.6	605.2
codec-U	U-root-u-fixed32	U-root-u-fixed32	ascii	core-native	decode-read	retain	20	550.9	536.4	642.6	0.193	542.0	562.6
codec-U	U-root-u-fixed32	U-root-u-fixed32	ascii	core-ffi	decode-read	retain	20	653.0	637.4	697.5	0.092	645.6	664.9
codec-U	U-root-u-fixed32	U-root-u-fixed32	ascii	core-ffi-pull	decode-read	retain	20	676.3	653.7	714.1	0.089	662.4	686.4
codec-U	U-nested-all	U-nested-all	ascii	incumbent-prod	decode-read	default	20	402.4	385.9	421.1	0.088	396.8	409.7
codec-U	U-nested-all	U-nested-all	ascii	armonik	decode-read	default	20	393.5	381.9	407.6	0.065	386.1	397.3
codec-U	U-nested-all	U-nested-all	ascii	core-native	decode-read	drop	20	280.5	275.6	295.8	0.072	277.9	283.4
codec-U	U-nested-all	U-nested-all	ascii	core-ffi	decode-read	drop	20	316.5	309.2	388.5	0.250	313.6	320.0
codec-U	U-nested-all	U-nested-all	ascii	core-ffi-pull	decode-read	drop	20	327.6	320.1	344.1	0.073	325.5	333.1
codec-U	U-nested-all	U-nested-all	ascii	core-native	decode-read	retain	20	466.9	460.3	516.3	0.120	464.1	483.0
codec-U	U-nested-all	U-nested-all	ascii	core-ffi	decode-read	retain	20	613.5	600.4	681.5	0.132	605.7	627.3
codec-U	U-nested-all	U-nested-all	ascii	core-ffi-pull	decode-read	retain	20	628.6	604.6	678.7	0.118	621.8	645.3
codec-U	U-leaf-u-fixed32	U-leaf-u-fixed32	ascii	incumbent-prod	decode	default	20	315.7	305.9	330.4	0.077	310.5	321.1
codec-U	U-leaf-u-fixed32	U-leaf-u-fixed32	ascii	armonik	decode	default	20	307.3	285.3	330.1	0.146	293.5	316.0
codec-U	U-leaf-u-fixed32	U-leaf-u-fixed32	ascii	core-native	decode	drop	20	236.4	219.8	262.2	0.179	221.2	246.9
codec-U	U-leaf-u-fixed32	U-leaf-u-fixed32	ascii	core-ffi	decode	drop	20	261.9	243.8	289.0	0.173	247.5	272.0
codec-U	U-leaf-u-fixed32	U-leaf-u-fixed32	ascii	core-ffi-pull	decode	drop	20	281.5	260.1	313.8	0.191	264.7	284.3
codec-U	U-leaf-u-fixed32	U-leaf-u-fixed32	ascii	core-native	decode	retain	20	267.4	248.7	290.6	0.156	253.3	276.2
codec-U	U-leaf-u-fixed32	U-leaf-u-fixed32	ascii	core-ffi	decode	retain	20	352.8	329.2	394.4	0.185	347.2	367.3
codec-U	U-leaf-u-fixed32	U-leaf-u-fixed32	ascii	core-ffi-pull	decode	retain	20	370.2	339.5	406.3	0.180	360.5	391.7
codec-U	U-wire-ListMetricsResponse-batches-as-wt5	U-wire-ListMetricsResponse-batches-as-wt5	ascii	core-native	decode-read	drop	20	1801.4	1615.4	2024.9	0.227	1741.6	1851.8
codec-U	U-wire-ListMetricsResponse-batches-as-wt5	U-wire-ListMetricsResponse-batches-as-wt5	ascii	core-ffi	decode-read	drop	20	1684.7	1614.0	1729.1	0.068	1647.3	1708.1
codec-U	U-wire-ListMetricsResponse-batches-as-wt5	U-wire-ListMetricsResponse-batches-as-wt5	ascii	core-ffi-pull	decode-read	drop	20	1587.5	1427.7	1764.8	0.212	1555.0	1621.7
codec-U	U-wire-ListMetricsResponse-batches-as-wt5	U-wire-ListMetricsResponse-batches-as-wt5	ascii	core-native	decode-read	retain	20	1820.6	1681.9	2004.4	0.177	1736.6	1858.2
codec-U	U-wire-ListMetricsResponse-batches-as-wt5	U-wire-ListMetricsResponse-batches-as-wt5	ascii	core-ffi	decode-read	retain	20	1754.6	1626.0	1830.1	0.116	1727.0	1774.8
codec-U	U-wire-ListMetricsResponse-batches-as-wt5	U-wire-ListMetricsResponse-batches-as-wt5	ascii	core-ffi-pull	decode-read	retain	20	1669.4	1570.5	1823.1	0.151	1618.6	1733.9
codec-U	U-element-u-len	U-element-u-len	ascii	incumbent-prod	decode	default	20	1768.4	1734.3	3070.2	0.755	1756.6	1809.0
codec-U	U-element-u-len	U-element-u-len	ascii	armonik	decode	default	20	1771.8	1731.5	1830.0	0.056	1753.7	1777.3
codec-U	U-element-u-len	U-element-u-len	ascii	core-native	decode	drop	20	1366.0	1348.3	1424.5	0.056	1353.0	1377.2
codec-U	U-element-u-len	U-element-u-len	ascii	core-ffi	decode	drop	20	2454.4	2421.8	2499.7	0.032	2447.0	2465.0
codec-U	U-element-u-len	U-element-u-len	ascii	core-ffi-pull	decode	drop	20	1928.7	1902.2	2005.9	0.054	1920.0	1942.6
codec-U	U-element-u-len	U-element-u-len	ascii	core-native	decode	retain	20	1410.4	1393.3	1446.6	0.038	1405.9	1416.1
codec-U	U-element-u-len	U-element-u-len	ascii	core-ffi	decode	retain	20	2798.3	2725.8	2932.8	0.074	2761.0	2820.6
codec-U	U-element-u-len	U-element-u-len	ascii	core-ffi-pull	decode	retain	20	2080.1	2030.2	2198.4	0.081	2058.5	2106.9
codec-U	U-oneof-u-repeated	U-oneof-u-repeated	ascii	incumbent-prod	decode	default	20	145.2	141.4	152.5	0.077	142.9	148.6
codec-U	U-oneof-u-repeated	U-oneof-u-repeated	ascii	armonik	decode	default	20	138.8	134.2	152.2	0.130	136.8	141.9
codec-U	U-oneof-u-repeated	U-oneof-u-repeated	ascii	core-native	decode	drop	20	94.6	91.8	106.0	0.151	93.7	96.6
codec-U	U-oneof-u-repeated	U-oneof-u-repeated	ascii	core-ffi	decode	drop	20	117.6	113.1	133.1	0.170	115.3	120.2
codec-U	U-oneof-u-repeated	U-oneof-u-repeated	ascii	core-ffi-pull	decode	drop	20	129.4	124.4	147.0	0.174	127.3	131.9
codec-U	U-oneof-u-repeated	U-oneof-u-repeated	ascii	core-native	decode	retain	20	124.4	122.0	145.2	0.187	122.9	126.0
codec-U	U-oneof-u-repeated	U-oneof-u-repeated	ascii	core-ffi	decode	retain	20	189.7	185.8	230.1	0.233	187.4	197.1
codec-U	U-oneof-u-repeated	U-oneof-u-repeated	ascii	core-ffi-pull	decode	retain	20	195.7	190.8	211.6	0.106	193.3	198.4
codec-U	U-element-u-repeated	U-element-u-repeated	ascii	incumbent-prod	decode-read	default	20	2106.4	1640.2	2476.0	0.397	2043.9	2250.5
codec-U	U-element-u-repeated	U-element-u-repeated	ascii	armonik	decode-read	default	20	1902.6	1726.7	2334.1	0.319	1868.0	1938.8
codec-U	U-element-u-repeated	U-element-u-repeated	ascii	core-native	decode-read	drop	20	1491.0	1338.2	1658.2	0.215	1469.2	1528.7
codec-U	U-element-u-repeated	U-element-u-repeated	ascii	core-ffi	decode-read	drop	20	2551.4	2008.4	3143.5	0.445	2511.9	2587.4
codec-U	U-element-u-repeated	U-element-u-repeated	ascii	core-ffi-pull	decode-read	drop	20	1981.3	1534.4	2293.9	0.383	1941.0	2039.6
codec-U	U-element-u-repeated	U-element-u-repeated	ascii	core-native	decode-read	retain	20	1587.2	1383.8	1914.0	0.334	1543.0	1664.7
codec-U	U-element-u-repeated	U-element-u-repeated	ascii	core-ffi	decode-read	retain	20	2969.7	2335.4	3444.2	0.373	2866.2	3028.9
codec-U	U-element-u-repeated	U-element-u-repeated	ascii	core-ffi-pull	decode-read	retain	20	2184.7	1738.8	2453.1	0.327	2138.8	2300.3
codec-U	U-element-u-msg	U-element-u-msg	ascii	incumbent-prod	decode-read	default	20	1675.2	1619.4	2146.2	0.314	1641.9	2117.8
codec-U	U-element-u-msg	U-element-u-msg	ascii	armonik	decode-read	default	20	1703.0	1617.9	2386.6	0.451	1652.2	2097.2
codec-U	U-element-u-msg	U-element-u-msg	ascii	core-native	decode-read	drop	20	1354.2	1296.2	1726.2	0.318	1317.4	1694.1
codec-U	U-element-u-msg	U-element-u-msg	ascii	core-ffi	decode-read	drop	20	2027.9	1980.1	2662.6	0.337	2002.0	2543.6
codec-U	U-element-u-msg	U-element-u-msg	ascii	core-ffi-pull	decode-read	drop	20	1584.8	1537.3	2351.9	0.514	1555.8	2007.1
codec-U	U-element-u-msg	U-element-u-msg	ascii	core-native	decode-read	retain	20	1381.0	1353.3	1800.9	0.324	1361.2	1758.7
codec-U	U-element-u-msg	U-element-u-msg	ascii	core-ffi	decode-read	retain	20	2268.1	2213.4	3084.4	0.384	2250.6	2863.0
codec-U	U-element-u-msg	U-element-u-msg	ascii	core-ffi-pull	decode-read	retain	20	1726.1	1680.8	2288.7	0.352	1700.2	2148.9
codec-U	U-nested-before	U-nested-before	ascii	incumbent-prod	decode-read	default	20	400.2	382.1	430.4	0.121	394.9	407.3
codec-U	U-nested-before	U-nested-before	ascii	armonik	decode-read	default	20	407.1	380.0	429.3	0.121	399.4	416.5
codec-U	U-nested-before	U-nested-before	ascii	core-native	decode-read	drop	20	298.3	286.7	378.0	0.306	292.1	300.4
codec-U	U-nested-before	U-nested-before	ascii	core-ffi	decode-read	drop	20	347.6	330.2	371.7	0.119	343.5	356.9
codec-U	U-nested-before	U-nested-before	ascii	core-ffi-pull	decode-read	drop	20	359.6	344.5	394.7	0.140	354.0	363.9
codec-U	U-nested-before	U-nested-before	ascii	core-native	decode-read	retain	20	487.8	470.1	543.1	0.150	484.2	497.7
codec-U	U-nested-before	U-nested-before	ascii	core-ffi	decode-read	retain	20	660.0	643.5	710.3	0.101	653.3	669.0
codec-U	U-nested-before	U-nested-before	ascii	core-ffi-pull	decode-read	retain	20	672.5	642.8	708.3	0.097	665.0	689.9
codec-U	U-wire-ListTasksDetailedResponse-page-as-wt2	U-wire-ListTasksDetailedResponse-page-as-wt2	ascii	core-native	decode	drop	20	3513.8	3480.2	3648.2	0.048	3499.1	3544.0
codec-U	U-wire-ListTasksDetailedResponse-page-as-wt2	U-wire-ListTasksDetailedResponse-page-as-wt2	ascii	core-ffi	decode	drop	20	5427.4	5231.1	5615.7	0.071	5385.5	5475.3
codec-U	U-wire-ListTasksDetailedResponse-page-as-wt2	U-wire-ListTasksDetailedResponse-page-as-wt2	ascii	core-ffi-pull	decode	drop	20	4208.7	4063.6	4344.6	0.067	4179.2	4254.6
codec-U	U-wire-ListTasksDetailedResponse-page-as-wt2	U-wire-ListTasksDetailedResponse-page-as-wt2	ascii	core-native	decode	retain	20	3701.7	3610.3	3839.8	0.062	3678.0	3736.6
codec-U	U-wire-ListTasksDetailedResponse-page-as-wt2	U-wire-ListTasksDetailedResponse-page-as-wt2	ascii	core-ffi	decode	retain	20	5758.4	5684.1	5968.8	0.049	5726.5	5846.1
codec-U	U-wire-ListTasksDetailedResponse-page-as-wt2	U-wire-ListTasksDetailedResponse-page-as-wt2	ascii	core-ffi-pull	decode	retain	20	4354.8	4185.0	4634.2	0.103	4313.4	4368.2
codec-U	U-root-group	U-root-group	ascii	incumbent-prod	decode-read	default	20	690.6	669.8	965.0	0.427	687.1	716.8
codec-U	U-root-group	U-root-group	ascii	armonik	decode-read	default	20	736.5	698.9	1049.6	0.476	721.2	774.2
codec-U	U-root-group	U-root-group	ascii	core-native	decode-read	drop	20	564.1	537.0	705.7	0.299	556.3	571.3
codec-U	U-root-group	U-root-group	ascii	core-ffi	decode-read	drop	20	608.4	580.8	707.4	0.208	601.7	616.8
codec-U	U-root-group	U-root-group	ascii	core-ffi-pull	decode-read	drop	20	618.0	601.5	759.4	0.255	610.0	629.0
codec-U	U-root-group	U-root-group	ascii	core-native	decode-read	retain	20	629.7	612.4	765.5	0.243	623.1	659.9
codec-U	U-root-group	U-root-group	ascii	core-ffi	decode-read	retain	20	731.7	711.5	897.8	0.255	719.0	745.1
codec-U	U-root-group	U-root-group	ascii	core-ffi-pull	decode-read	retain	20	721.8	689.1	857.4	0.233	708.1	730.9
codec-U	U-wire-ListTaskSummaryResponse-tasks-as-wt1	U-wire-ListTaskSummaryResponse-tasks-as-wt1	ascii	core-native	decode	drop	20	1692.4	1631.3	1782.6	0.089	1663.6	1727.4
codec-U	U-wire-ListTaskSummaryResponse-tasks-as-wt1	U-wire-ListTaskSummaryResponse-tasks-as-wt1	ascii	core-ffi	decode	drop	20	1884.1	1791.9	2058.7	0.142	1839.0	1922.2
codec-U	U-wire-ListTaskSummaryResponse-tasks-as-wt1	U-wire-ListTaskSummaryResponse-tasks-as-wt1	ascii	core-ffi-pull	decode	drop	20	1900.7	1811.9	2195.6	0.202	1863.4	1933.3
codec-U	U-wire-ListTaskSummaryResponse-tasks-as-wt1	U-wire-ListTaskSummaryResponse-tasks-as-wt1	ascii	core-native	decode	retain	20	1750.9	1673.0	2134.5	0.264	1715.9	1816.5
codec-U	U-wire-ListTaskSummaryResponse-tasks-as-wt1	U-wire-ListTaskSummaryResponse-tasks-as-wt1	ascii	core-ffi	decode	retain	20	2034.0	1913.8	2123.2	0.103	1982.6	2064.8
codec-U	U-wire-ListTaskSummaryResponse-tasks-as-wt1	U-wire-ListTaskSummaryResponse-tasks-as-wt1	ascii	core-ffi-pull	decode	retain	20	2018.1	1918.2	2068.1	0.074	1978.1	2038.7
codec-U	U-wire-ListTasksDetailedResponse-page-as-wt1	U-wire-ListTasksDetailedResponse-page-as-wt1	ascii	core-native	decode	drop	20	3555.7	3476.3	3808.1	0.093	3509.5	3591.2
codec-U	U-wire-ListTasksDetailedResponse-page-as-wt1	U-wire-ListTasksDetailedResponse-page-as-wt1	ascii	core-ffi	decode	drop	20	5460.9	5359.9	5673.0	0.057	5434.5	5512.5
codec-U	U-wire-ListTasksDetailedResponse-page-as-wt1	U-wire-ListTasksDetailedResponse-page-as-wt1	ascii	core-ffi-pull	decode	drop	20	4216.5	4096.1	4423.2	0.078	4167.0	4265.7
codec-U	U-wire-ListTasksDetailedResponse-page-as-wt1	U-wire-ListTasksDetailedResponse-page-as-wt1	ascii	core-native	decode	retain	20	3713.6	3627.4	3914.6	0.077	3690.5	3773.9
codec-U	U-wire-ListTasksDetailedResponse-page-as-wt1	U-wire-ListTasksDetailedResponse-page-as-wt1	ascii	core-ffi	decode	retain	20	5892.5	5765.3	6606.5	0.143	5830.9	5954.1
codec-U	U-wire-ListTasksDetailedResponse-page-as-wt1	U-wire-ListTasksDetailedResponse-page-as-wt1	ascii	core-ffi-pull	decode	retain	20	4370.9	4277.3	4643.8	0.084	4358.8	4432.3
codec-U	U-wire-ListTasksDetailedResponse-page-as-wt5	U-wire-ListTasksDetailedResponse-page-as-wt5	ascii	core-native	decode-read	drop	20	3789.3	3684.9	4480.3	0.210	3733.3	3922.9
codec-U	U-wire-ListTasksDetailedResponse-page-as-wt5	U-wire-ListTasksDetailedResponse-page-as-wt5	ascii	core-ffi	decode-read	drop	20	5680.0	5507.8	6622.0	0.196	5613.4	5876.8
codec-U	U-wire-ListTasksDetailedResponse-page-as-wt5	U-wire-ListTasksDetailedResponse-page-as-wt5	ascii	core-ffi-pull	decode-read	drop	20	4397.6	4297.3	5824.2	0.347	4349.5	4552.8
codec-U	U-wire-ListTasksDetailedResponse-page-as-wt5	U-wire-ListTasksDetailedResponse-page-as-wt5	ascii	core-native	decode-read	retain	20	3907.5	3797.0	5094.7	0.332	3864.1	3973.6
codec-U	U-wire-ListTasksDetailedResponse-page-as-wt5	U-wire-ListTasksDetailedResponse-page-as-wt5	ascii	core-ffi	decode-read	retain	20	6107.8	5934.9	6812.6	0.144	6038.4	6355.2
codec-U	U-wire-ListTasksDetailedResponse-page-as-wt5	U-wire-ListTasksDetailedResponse-page-as-wt5	ascii	core-ffi-pull	decode-read	retain	20	4612.1	4478.6	5996.8	0.329	4542.2	4721.2
codec-U	U-wire-ListTasksDetailedResponse-page-as-wt1	U-wire-ListTasksDetailedResponse-page-as-wt1	ascii	core-native	encode	drop	20	576.3	569.9	592.2	0.039	575.0	581.8
codec-U	U-wire-ListTasksDetailedResponse-page-as-wt1	U-wire-ListTasksDetailedResponse-page-as-wt1	ascii	core-ffi	encode	drop	20	970.3	940.3	1006.0	0.068	961.0	975.8
codec-U	U-wire-ListTasksDetailedResponse-page-as-wt1	U-wire-ListTasksDetailedResponse-page-as-wt1	ascii	core-native	encode	retain	20	665.6	642.8	703.4	0.091	657.0	686.2
codec-U	U-wire-ListTasksDetailedResponse-page-as-wt1	U-wire-ListTasksDetailedResponse-page-as-wt1	ascii	core-ffi	encode	retain	20	1011.3	987.8	1046.7	0.058	1000.2	1018.2
codec-U	U-wire-UploadResultDataMessage-upload-as-wt1	U-wire-UploadResultDataMessage-upload-as-wt1	ascii	core-native	encode	drop	20	15.5	14.9	16.2	0.084	15.2	15.7
codec-U	U-wire-UploadResultDataMessage-upload-as-wt1	U-wire-UploadResultDataMessage-upload-as-wt1	ascii	core-ffi	encode	drop	20	28.2	27.5	30.0	0.091	27.8	29.3
codec-U	U-wire-UploadResultDataMessage-upload-as-wt1	U-wire-UploadResultDataMessage-upload-as-wt1	ascii	core-native	encode	retain	20	19.8	19.3	21.7	0.119	19.5	21.3
codec-U	U-wire-UploadResultDataMessage-upload-as-wt1	U-wire-UploadResultDataMessage-upload-as-wt1	ascii	core-ffi	encode	retain	20	30.4	29.4	35.0	0.187	30.1	30.8
codec-U	U-root-interleaved	U-root-interleaved	ascii	incumbent-prod	encode	default	20	550.5	531.6	597.7	0.120	546.3	557.5
codec-U	U-root-interleaved	U-root-interleaved	ascii	armonik	encode	default	20	588.1	574.7	614.5	0.068	580.0	592.8
codec-U	U-root-interleaved	U-root-interleaved	ascii	core-native	encode	drop	20	106.3	97.1	108.8	0.110	105.4	106.7
codec-U	U-root-interleaved	U-root-interleaved	ascii	core-ffi	encode	drop	20	154.1	138.3	160.4	0.144	152.7	156.6
codec-U	U-root-interleaved	U-root-interleaved	ascii	core-native	encode	retain	20	119.3	117.0	147.4	0.255	118.4	120.0
codec-U	U-root-interleaved	U-root-interleaved	ascii	core-ffi	encode	retain	20	164.2	163.2	168.8	0.034	163.7	165.1
codec-U	U-root-u-fixed32	U-root-u-fixed32	ascii	incumbent-prod	decode	default	20	613.1	602.6	631.4	0.047	608.0	616.8
codec-U	U-root-u-fixed32	U-root-u-fixed32	ascii	armonik	decode	default	20	640.4	612.7	663.2	0.079	626.5	653.0
codec-U	U-root-u-fixed32	U-root-u-fixed32	ascii	core-native	decode	drop	20	497.4	473.0	513.1	0.080	479.6	505.9
codec-U	U-root-u-fixed32	U-root-u-fixed32	ascii	core-ffi	decode	drop	20	542.3	504.6	578.3	0.136	515.5	561.9
codec-U	U-root-u-fixed32	U-root-u-fixed32	ascii	core-ffi-pull	decode	drop	20	559.6	518.6	578.9	0.108	530.7	562.4
codec-U	U-root-u-fixed32	U-root-u-fixed32	ascii	core-native	decode	retain	20	504.1	483.6	516.3	0.065	488.5	512.0
codec-U	U-root-u-fixed32	U-root-u-fixed32	ascii	core-ffi	decode	retain	20	612.1	564.1	671.1	0.175	572.0	653.9
codec-U	U-root-u-fixed32	U-root-u-fixed32	ascii	core-ffi-pull	decode	retain	20	624.7	577.1	736.4	0.255	581.2	638.3
codec-U	U-element-u-fixed64	U-element-u-fixed64	ascii	incumbent-prod	encode	default	20	1203.0	932.4	1269.4	0.280	990.6	1215.6
codec-U	U-element-u-fixed64	U-element-u-fixed64	ascii	armonik	encode	default	20	1233.4	960.8	1275.8	0.255	1014.2	1246.7
codec-U	U-element-u-fixed64	U-element-u-fixed64	ascii	core-native	encode	drop	20	243.6	192.6	254.7	0.255	201.7	246.2
codec-U	U-element-u-fixed64	U-element-u-fixed64	ascii	core-ffi	encode	drop	20	445.7	343.4	564.8	0.497	363.6	450.7
codec-U	U-element-u-fixed64	U-element-u-fixed64	ascii	core-native	encode	retain	20	289.0	224.8	304.4	0.276	237.2	293.1
codec-U	U-element-u-fixed64	U-element-u-fixed64	ascii	core-ffi	encode	retain	20	464.2	362.4	480.8	0.255	384.1	469.2
codec-U	U-element-u-varint	U-element-u-varint	ascii	incumbent-prod	decode-read	default	20	1915.6	1863.0	2272.6	0.214	1893.2	1968.1
codec-U	U-element-u-varint	U-element-u-varint	ascii	armonik	decode-read	default	20	1885.2	1841.1	2161.6	0.170	1871.7	1912.4
codec-U	U-element-u-varint	U-element-u-varint	ascii	core-native	decode-read	drop	20	1483.0	1446.5	1609.8	0.110	1459.4	1512.2
codec-U	U-element-u-varint	U-element-u-varint	ascii	core-ffi	decode-read	drop	20	2629.6	2543.0	3047.4	0.192	2562.9	2712.2
codec-U	U-element-u-varint	U-element-u-varint	ascii	core-ffi-pull	decode-read	drop	20	1995.6	1950.9	2277.7	0.164	1969.0	2042.5
codec-U	U-element-u-varint	U-element-u-varint	ascii	core-native	decode-read	retain	20	1560.1	1482.2	1805.4	0.207	1524.4	1570.4
codec-U	U-element-u-varint	U-element-u-varint	ascii	core-ffi	decode-read	retain	20	2968.2	2855.4	3544.1	0.232	2900.9	3025.8
codec-U	U-element-u-varint	U-element-u-varint	ascii	core-ffi-pull	decode-read	retain	20	2237.5	2140.2	2488.3	0.156	2186.4	2281.4
codec-U	U-element-u-msg	U-element-u-msg	ascii	incumbent-prod	decode	default	20	2038.2	2000.4	2437.2	0.214	2017.8	2066.8
codec-U	U-element-u-msg	U-element-u-msg	ascii	armonik	decode	default	20	2023.2	1751.9	2139.3	0.191	1798.6	2063.5
codec-U	U-element-u-msg	U-element-u-msg	ascii	core-native	decode	drop	20	1555.1	1357.9	1660.0	0.194	1379.5	1590.1
codec-U	U-element-u-msg	U-element-u-msg	ascii	core-ffi	decode	drop	20	2458.2	2403.6	2653.2	0.102	2435.3	2492.0
codec-U	U-element-u-msg	U-element-u-msg	ascii	core-ffi-pull	decode	drop	20	1956.9	1856.4	2078.7	0.114	1901.7	1988.4
codec-U	U-element-u-msg	U-element-u-msg	ascii	core-native	decode	retain	20	1629.4	1374.8	1718.5	0.211	1416.7	1659.6
codec-U	U-element-u-msg	U-element-u-msg	ascii	core-ffi	decode	retain	20	2806.9	2706.7	3661.0	0.340	2788.5	2895.9
codec-U	U-element-u-msg	U-element-u-msg	ascii	core-ffi-pull	decode	retain	20	2128.1	2038.9	2513.4	0.223	2093.2	2166.9
codec-U	U-oneof-u-packed	U-oneof-u-packed	ascii	incumbent-prod	decode	default	20	130.4	125.1	135.2	0.078	129.2	131.8
codec-U	U-oneof-u-packed	U-oneof-u-packed	ascii	armonik	decode	default	20	126.6	119.9	133.0	0.104	125.5	128.5
codec-U	U-oneof-u-packed	U-oneof-u-packed	ascii	core-native	decode	drop	20	88.1	83.6	93.5	0.113	87.3	89.5
codec-U	U-oneof-u-packed	U-oneof-u-packed	ascii	core-ffi	decode	drop	20	110.7	105.1	115.7	0.095	108.9	111.4
codec-U	U-oneof-u-packed	U-oneof-u-packed	ascii	core-ffi-pull	decode	drop	20	123.1	117.4	129.9	0.101	121.2	124.4
codec-U	U-oneof-u-packed	U-oneof-u-packed	ascii	core-native	decode	retain	20	106.6	101.5	117.4	0.148	105.9	108.1
codec-U	U-oneof-u-packed	U-oneof-u-packed	ascii	core-ffi	decode	retain	20	162.6	157.2	195.1	0.233	161.2	165.2
codec-U	U-oneof-u-packed	U-oneof-u-packed	ascii	core-ffi-pull	decode	retain	20	171.1	165.0	185.6	0.121	169.9	176.2
codec-U	U-root-u-packed	U-root-u-packed	ascii	incumbent-prod	decode-read	default	20	636.7	609.0	651.4	0.067	632.0	643.0
codec-U	U-root-u-packed	U-root-u-packed	ascii	armonik	decode-read	default	20	679.1	669.3	692.0	0.033	675.8	681.4
codec-U	U-root-u-packed	U-root-u-packed	ascii	core-native	decode-read	drop	20	546.6	523.0	564.6	0.076	541.7	549.0
codec-U	U-root-u-packed	U-root-u-packed	ascii	core-ffi	decode-read	drop	20	578.1	564.4	593.6	0.050	574.1	582.1
codec-U	U-root-u-packed	U-root-u-packed	ascii	core-ffi-pull	decode-read	drop	20	591.9	579.2	604.0	0.042	588.9	595.7
codec-U	U-root-u-packed	U-root-u-packed	ascii	core-native	decode-read	retain	20	598.3	589.4	611.4	0.037	594.4	600.2
codec-U	U-root-u-packed	U-root-u-packed	ascii	core-ffi	decode-read	retain	20	702.3	688.3	720.7	0.046	698.5	710.9
codec-U	U-root-u-packed	U-root-u-packed	ascii	core-ffi-pull	decode-read	retain	20	682.6	656.8	715.3	0.086	676.6	691.9
codec-U	U-leaf-u-len	U-leaf-u-len	ascii	incumbent-prod	encode	default	20	238.4	234.8	350.7	0.486	236.7	241.2
codec-U	U-leaf-u-len	U-leaf-u-len	ascii	armonik	encode	default	20	253.9	248.2	262.0	0.054	251.7	255.0
codec-U	U-leaf-u-len	U-leaf-u-len	ascii	core-native	encode	drop	20	49.1	48.4	51.2	0.056	48.9	49.6
codec-U	U-leaf-u-len	U-leaf-u-len	ascii	core-ffi	encode	drop	20	82.4	79.1	84.9	0.070	82.1	83.3
codec-U	U-leaf-u-len	U-leaf-u-len	ascii	core-native	encode	retain	20	64.8	60.1	72.7	0.194	63.9	65.3
codec-U	U-leaf-u-len	U-leaf-u-len	ascii	core-ffi	encode	retain	20	89.3	86.1	111.5	0.284	87.7	92.4
codec-U	U-wire-ListResultsResponse-page-as-wt1	U-wire-ListResultsResponse-page-as-wt1	ascii	core-native	encode	drop	20	96.7	92.7	105.4	0.132	95.0	99.2
codec-U	U-wire-ListResultsResponse-page-as-wt1	U-wire-ListResultsResponse-page-as-wt1	ascii	core-ffi	encode	drop	20	141.3	135.8	169.7	0.240	137.6	142.8
codec-U	U-wire-ListResultsResponse-page-as-wt1	U-wire-ListResultsResponse-page-as-wt1	ascii	core-native	encode	retain	20	110.1	105.5	129.8	0.221	108.5	112.6
codec-U	U-wire-ListResultsResponse-page-as-wt1	U-wire-ListResultsResponse-page-as-wt1	ascii	core-ffi	encode	retain	20	150.0	144.9	170.5	0.171	147.9	151.4
codec-U	U-root-all	U-root-all	ascii	incumbent-prod	decode	default	20	703.5	561.4	787.2	0.321	580.1	711.6
codec-U	U-root-all	U-root-all	ascii	armonik	decode	default	20	734.5	600.9	813.1	0.289	614.9	770.2
codec-U	U-root-all	U-root-all	ascii	core-native	decode	drop	20	542.1	442.2	567.1	0.230	448.9	548.5
codec-U	U-root-all	U-root-all	ascii	core-ffi	decode	drop	20	611.7	501.1	637.3	0.223	512.4	626.6
codec-U	U-root-all	U-root-all	ascii	core-ffi-pull	decode	drop	20	620.7	503.8	655.2	0.244	520.4	626.3
codec-U	U-root-all	U-root-all	ascii	core-native	decode	retain	20	702.0	578.5	774.7	0.279	590.6	712.6
codec-U	U-root-all	U-root-all	ascii	core-ffi	decode	retain	20	911.9	751.6	975.6	0.246	781.3	921.8
codec-U	U-root-all	U-root-all	ascii	core-ffi-pull	decode	retain	20	931.1	757.4	1018.3	0.280	779.8	944.1
codec-U	U-enum-value-packed	U-enum-value-packed	ascii	incumbent-prod	encode	default	20	99.4	93.3	110.9	0.177	97.0	101.4
codec-U	U-enum-value-packed	U-enum-value-packed	ascii	armonik	encode	default	20	144.6	139.4	151.6	0.085	142.2	145.2
codec-U	U-enum-value-packed	U-enum-value-packed	ascii	core-native	encode	drop	20	24.2	23.4	25.0	0.065	23.7	24.8
codec-U	U-enum-value-packed	U-enum-value-packed	ascii	core-ffi	encode	drop	20	72.8	71.6	78.2	0.091	72.2	74.9
codec-U	U-enum-value-packed	U-enum-value-packed	ascii	core-native	encode	retain	20	31.1	30.2	47.7	0.562	30.7	31.8
codec-U	U-enum-value-packed	U-enum-value-packed	ascii	core-ffi	encode	retain	20	70.1	68.0	115.4	0.677	69.2	73.1
codec-U	U-nested-u-fixed64	U-nested-u-fixed64	ascii	incumbent-prod	decode-read	default	20	307.9	288.2	354.7	0.216	304.9	313.1
codec-U	U-nested-u-fixed64	U-nested-u-fixed64	ascii	armonik	decode-read	default	20	318.1	290.0	334.1	0.139	315.7	324.6
codec-U	U-nested-u-fixed64	U-nested-u-fixed64	ascii	core-native	decode-read	drop	20	256.8	247.1	260.0	0.050	256.0	258.0
codec-U	U-nested-u-fixed64	U-nested-u-fixed64	ascii	core-ffi	decode-read	drop	20	281.6	270.0	291.4	0.076	280.3	283.8
codec-U	U-nested-u-fixed64	U-nested-u-fixed64	ascii	core-ffi-pull	decode-read	drop	20	297.4	284.4	308.3	0.080	295.5	300.0
codec-U	U-nested-u-fixed64	U-nested-u-fixed64	ascii	core-native	decode-read	retain	20	269.7	258.2	278.8	0.076	267.5	270.6
codec-U	U-nested-u-fixed64	U-nested-u-fixed64	ascii	core-ffi	decode-read	retain	20	340.8	324.2	360.9	0.108	338.7	344.5
codec-U	U-nested-u-fixed64	U-nested-u-fixed64	ascii	core-ffi-pull	decode-read	retain	20	349.0	333.0	358.2	0.072	346.0	351.6
codec-U	U-wire-ListTaskSummaryResponse-tasks-as-wt5	U-wire-ListTaskSummaryResponse-tasks-as-wt5	ascii	core-native	encode	drop	20	236.6	227.8	265.9	0.161	232.5	241.4
codec-U	U-wire-ListTaskSummaryResponse-tasks-as-wt5	U-wire-ListTaskSummaryResponse-tasks-as-wt5	ascii	core-ffi	encode	drop	20	414.2	376.6	446.3	0.168	397.0	426.0
codec-U	U-wire-ListTaskSummaryResponse-tasks-as-wt5	U-wire-ListTaskSummaryResponse-tasks-as-wt5	ascii	core-native	encode	retain	20	262.8	256.4	300.4	0.167	257.9	272.9
codec-U	U-wire-ListTaskSummaryResponse-tasks-as-wt5	U-wire-ListTaskSummaryResponse-tasks-as-wt5	ascii	core-ffi	encode	retain	20	438.0	402.6	471.9	0.158	428.8	452.1
codec-U	U-enum-value-127	U-enum-value-127	ascii	incumbent-prod	decode-read	default	20	93.8	84.0	101.6	0.187	90.6	96.6
codec-U	U-enum-value-127	U-enum-value-127	ascii	armonik	decode-read	default	20	116.9	114.1	126.8	0.108	115.5	118.0
codec-U	U-enum-value-127	U-enum-value-127	ascii	core-native	decode-read	drop	20	99.8	97.3	103.9	0.067	99.1	100.2
codec-U	U-enum-value-127	U-enum-value-127	ascii	core-ffi	decode-read	drop	20	121.2	120.5	124.1	0.030	121.0	121.8
codec-U	U-enum-value-127	U-enum-value-127	ascii	core-ffi-pull	decode-read	drop	20	135.8	134.1	139.0	0.036	135.5	136.6
codec-U	U-enum-value-127	U-enum-value-127	ascii	core-native	decode-read	retain	20	98.4	89.5	102.8	0.135	97.6	99.4
codec-U	U-enum-value-127	U-enum-value-127	ascii	core-ffi	decode-read	retain	20	135.1	133.4	157.4	0.177	134.2	135.9
codec-U	U-enum-value-127	U-enum-value-127	ascii	core-ffi-pull	decode-read	retain	20	147.8	145.8	158.6	0.086	147.0	148.8
codec-U	U-wire-UploadResultDataMessage-upload-as-wt5	U-wire-UploadResultDataMessage-upload-as-wt5	ascii	core-native	decode-read	drop	20	94.0	91.1	122.3	0.332	92.9	95.5
codec-U	U-wire-UploadResultDataMessage-upload-as-wt5	U-wire-UploadResultDataMessage-upload-as-wt5	ascii	core-ffi	decode-read	drop	20	95.8	93.3	136.4	0.450	95.0	97.6
codec-U	U-wire-UploadResultDataMessage-upload-as-wt5	U-wire-UploadResultDataMessage-upload-as-wt5	ascii	core-ffi-pull	decode-read	drop	20	104.5	101.7	108.7	0.066	102.7	105.5
codec-U	U-wire-UploadResultDataMessage-upload-as-wt5	U-wire-UploadResultDataMessage-upload-as-wt5	ascii	core-native	decode-read	retain	20	109.7	107.7	127.3	0.178	109.2	112.2
codec-U	U-wire-UploadResultDataMessage-upload-as-wt5	U-wire-UploadResultDataMessage-upload-as-wt5	ascii	core-ffi	decode-read	retain	20	151.6	146.8	175.9	0.192	150.3	152.8
codec-U	U-wire-UploadResultDataMessage-upload-as-wt5	U-wire-UploadResultDataMessage-upload-as-wt5	ascii	core-ffi-pull	decode-read	retain	20	157.1	153.6	186.6	0.210	154.9	160.8
codec-U	U-leaf-u-packed	U-leaf-u-packed	ascii	incumbent-prod	decode	default	20	319.6	308.8	340.6	0.100	314.5	324.2
codec-U	U-leaf-u-packed	U-leaf-u-packed	ascii	armonik	decode	default	20	324.4	307.3	448.6	0.436	320.3	332.5
codec-U	U-leaf-u-packed	U-leaf-u-packed	ascii	core-native	decode	drop	20	253.8	237.3	267.7	0.120	252.6	259.8
codec-U	U-leaf-u-packed	U-leaf-u-packed	ascii	core-ffi	decode	drop	20	283.2	261.6	310.4	0.172	279.9	291.6
codec-U	U-leaf-u-packed	U-leaf-u-packed	ascii	core-ffi-pull	decode	drop	20	296.6	288.9	329.3	0.136	293.5	304.8
codec-U	U-leaf-u-packed	U-leaf-u-packed	ascii	core-native	decode	retain	20	280.1	259.6	307.5	0.171	278.0	289.9
codec-U	U-leaf-u-packed	U-leaf-u-packed	ascii	core-ffi	decode	retain	20	366.4	348.6	420.2	0.196	364.3	372.1
codec-U	U-leaf-u-packed	U-leaf-u-packed	ascii	core-ffi-pull	decode	retain	20	380.0	356.9	421.7	0.170	372.7	384.5
codec-U	U-deep-u-fixed64	U-deep-u-fixed64	ascii	incumbent-prod	decode	default	20	2074.1	1965.7	2196.1	0.111	2052.0	2089.4
codec-U	U-deep-u-fixed64	U-deep-u-fixed64	ascii	armonik	decode	default	20	2046.6	1995.8	2297.7	0.148	2033.0	2094.0
codec-U	U-deep-u-fixed64	U-deep-u-fixed64	ascii	core-native	decode	drop	20	1631.2	1554.2	1754.9	0.123	1606.9	1655.7
codec-U	U-deep-u-fixed64	U-deep-u-fixed64	ascii	core-ffi	decode	drop	20	2510.1	2404.3	2615.7	0.084	2464.3	2577.4
codec-U	U-deep-u-fixed64	U-deep-u-fixed64	ascii	core-ffi-pull	decode	drop	20	1946.3	1870.3	1994.4	0.064	1929.2	1968.0
codec-U	U-deep-u-fixed64	U-deep-u-fixed64	ascii	core-native	decode	retain	20	1675.9	1605.7	1949.1	0.205	1666.0	1709.7
codec-U	U-deep-u-fixed64	U-deep-u-fixed64	ascii	core-ffi	decode	retain	20	2772.0	2680.4	2929.0	0.090	2753.5	2799.7
codec-U	U-deep-u-fixed64	U-deep-u-fixed64	ascii	core-ffi-pull	decode	retain	20	2099.1	2049.1	2222.8	0.083	2076.8	2121.8
codec-U	U-nested-interleaved	U-nested-interleaved	ascii	incumbent-prod	encode	default	20	239.5	234.9	249.3	0.060	237.2	241.1
codec-U	U-nested-interleaved	U-nested-interleaved	ascii	armonik	encode	default	20	254.2	250.8	303.6	0.208	252.5	256.2
codec-U	U-nested-interleaved	U-nested-interleaved	ascii	core-native	encode	drop	20	49.1	48.5	49.8	0.026	48.8	49.3
codec-U	U-nested-interleaved	U-nested-interleaved	ascii	core-ffi	encode	drop	20	82.6	80.7	84.4	0.045	81.9	83.5
codec-U	U-nested-interleaved	U-nested-interleaved	ascii	core-native	encode	retain	20	63.4	57.4	65.8	0.134	62.3	64.3
codec-U	U-nested-interleaved	U-nested-interleaved	ascii	core-ffi	encode	retain	20	89.6	88.4	99.2	0.121	89.0	90.6
codec-U	U-deep-u-len	U-deep-u-len	ascii	incumbent-prod	decode	default	20	2069.3	2009.3	2178.8	0.082	2044.4	2093.0
codec-U	U-deep-u-len	U-deep-u-len	ascii	armonik	decode	default	20	2026.5	1994.8	2203.5	0.103	2007.4	2045.8
codec-U	U-deep-u-len	U-deep-u-len	ascii	core-native	decode	drop	20	1610.0	1579.1	1662.4	0.052	1594.3	1625.7
codec-U	U-deep-u-len	U-deep-u-len	ascii	core-ffi	decode	drop	20	2493.1	2400.5	2672.4	0.109	2459.4	2554.4
codec-U	U-deep-u-len	U-deep-u-len	ascii	core-ffi-pull	decode	drop	20	1946.6	1897.2	2079.4	0.094	1929.4	1970.4
codec-U	U-deep-u-len	U-deep-u-len	ascii	core-native	decode	retain	20	1671.0	1615.9	1734.0	0.071	1663.0	1682.8
codec-U	U-deep-u-len	U-deep-u-len	ascii	core-ffi	decode	retain	20	2753.4	2690.8	2959.8	0.098	2730.0	2808.2
codec-U	U-deep-u-len	U-deep-u-len	ascii	core-ffi-pull	decode	retain	20	2139.0	2081.7	2478.6	0.186	2129.2	2184.5
codec-U	U-deep-u-len	U-deep-u-len	ascii	incumbent-prod	decode-read	default	20	2172.1	2122.9	2203.3	0.037	2151.3	2191.3
codec-U	U-deep-u-len	U-deep-u-len	ascii	armonik	decode-read	default	20	2122.3	1877.1	2343.0	0.220	1944.0	2179.1
codec-U	U-deep-u-len	U-deep-u-len	ascii	core-native	decode-read	drop	20	1650.9	1443.6	1776.3	0.202	1488.8	1716.7
codec-U	U-deep-u-len	U-deep-u-len	ascii	core-ffi	decode-read	drop	20	2599.4	2503.0	2653.0	0.058	2550.2	2621.1
codec-U	U-deep-u-len	U-deep-u-len	ascii	core-ffi-pull	decode-read	drop	20	1989.1	1910.0	2066.7	0.079	1930.5	2037.4
codec-U	U-deep-u-len	U-deep-u-len	ascii	core-native	decode-read	retain	20	1748.4	1505.3	1847.7	0.196	1567.7	1776.2
codec-U	U-deep-u-len	U-deep-u-len	ascii	core-ffi	decode-read	retain	20	2862.1	2789.4	3010.3	0.077	2839.4	2893.8
codec-U	U-deep-u-len	U-deep-u-len	ascii	core-ffi-pull	decode-read	retain	20	2183.8	2107.8	2356.1	0.114	2144.3	2247.4
codec-U	U-wire-ListResultsResponse-page-as-wt2	U-wire-ListResultsResponse-page-as-wt2	ascii	core-native	decode	drop	20	524.4	509.0	564.7	0.106	516.8	533.3
codec-U	U-wire-ListResultsResponse-page-as-wt2	U-wire-ListResultsResponse-page-as-wt2	ascii	core-ffi	decode	drop	20	558.9	549.2	573.4	0.043	553.4	566.4
codec-U	U-wire-ListResultsResponse-page-as-wt2	U-wire-ListResultsResponse-page-as-wt2	ascii	core-ffi-pull	decode	drop	20	576.9	562.2	652.1	0.156	572.4	583.0
codec-U	U-wire-ListResultsResponse-page-as-wt2	U-wire-ListResultsResponse-page-as-wt2	ascii	core-native	decode	retain	20	526.1	510.3	576.9	0.127	520.8	530.1
codec-U	U-wire-ListResultsResponse-page-as-wt2	U-wire-ListResultsResponse-page-as-wt2	ascii	core-ffi	decode	retain	20	626.1	605.3	653.3	0.077	620.8	631.0
codec-U	U-wire-ListResultsResponse-page-as-wt2	U-wire-ListResultsResponse-page-as-wt2	ascii	core-ffi-pull	decode	retain	20	643.3	629.3	658.0	0.045	638.1	648.2
codec-U	U-nested-interleaved	U-nested-interleaved	ascii	incumbent-prod	decode	default	20	401.7	380.9	478.1	0.242	393.6	405.9
codec-U	U-nested-interleaved	U-nested-interleaved	ascii	armonik	decode	default	20	405.6	389.4	448.9	0.147	397.8	421.2
codec-U	U-nested-interleaved	U-nested-interleaved	ascii	core-native	decode	drop	20	282.6	270.9	377.0	0.375	276.3	289.3
codec-U	U-nested-interleaved	U-nested-interleaved	ascii	core-ffi	decode	drop	20	331.0	318.1	440.4	0.370	326.6	335.2
codec-U	U-nested-interleaved	U-nested-interleaved	ascii	core-ffi-pull	decode	drop	20	342.7	332.9	379.5	0.136	339.0	346.1
codec-U	U-nested-interleaved	U-nested-interleaved	ascii	core-native	decode	retain	20	465.6	452.5	617.3	0.354	459.7	480.1
codec-U	U-nested-interleaved	U-nested-interleaved	ascii	core-ffi	decode	retain	20	686.4	638.2	847.7	0.305	671.3	705.9
codec-U	U-nested-interleaved	U-nested-interleaved	ascii	core-ffi-pull	decode	retain	20	695.1	650.5	776.3	0.181	682.3	709.7
codec-U	U-root-u-repeated	U-root-u-repeated	ascii	incumbent-prod	decode	default	20	637.4	627.5	774.8	0.231	631.2	654.9
codec-U	U-root-u-repeated	U-root-u-repeated	ascii	armonik	decode	default	20	680.3	652.9	751.3	0.145	667.6	701.3
codec-U	U-root-u-repeated	U-root-u-repeated	ascii	core-native	decode	drop	20	507.4	497.3	541.6	0.087	502.0	513.9
codec-U	U-root-u-repeated	U-root-u-repeated	ascii	core-ffi	decode	drop	20	554.9	535.4	709.5	0.314	545.7	573.3
codec-U	U-root-u-repeated	U-root-u-repeated	ascii	core-ffi-pull	decode	drop	20	568.1	546.9	722.5	0.309	558.7	572.4
codec-U	U-root-u-repeated	U-root-u-repeated	ascii	core-native	decode	retain	20	601.7	555.4	686.0	0.217	566.1	613.8
codec-U	U-root-u-repeated	U-root-u-repeated	ascii	core-ffi	decode	retain	20	646.1	615.4	830.7	0.333	638.3	655.8
codec-U	U-root-u-repeated	U-root-u-repeated	ascii	core-ffi-pull	decode	retain	20	664.9	634.9	882.2	0.372	651.2	679.9
codec-U	U-leaf-u-fixed64	U-leaf-u-fixed64	ascii	incumbent-prod	encode	default	20	241.4	236.7	251.7	0.062	239.4	243.5
codec-U	U-leaf-u-fixed64	U-leaf-u-fixed64	ascii	armonik	encode	default	20	254.4	250.6	258.5	0.031	252.8	255.7
codec-U	U-leaf-u-fixed64	U-leaf-u-fixed64	ascii	core-native	encode	drop	20	49.8	48.5	51.6	0.061	49.4	50.3
codec-U	U-leaf-u-fixed64	U-leaf-u-fixed64	ascii	core-ffi	encode	drop	20	83.2	80.5	86.6	0.073	81.6	84.1
codec-U	U-leaf-u-fixed64	U-leaf-u-fixed64	ascii	core-native	encode	retain	20	65.2	59.9	68.3	0.129	64.3	65.9
codec-U	U-leaf-u-fixed64	U-leaf-u-fixed64	ascii	core-ffi	encode	retain	20	89.3	86.1	99.5	0.150	87.8	91.4
codec-U	U-oneof-u-fixed32	U-oneof-u-fixed32	ascii	incumbent-prod	decode	default	20	129.4	126.8	136.6	0.075	128.5	130.4
codec-U	U-oneof-u-fixed32	U-oneof-u-fixed32	ascii	armonik	decode	default	20	126.3	122.2	135.0	0.102	125.4	129.0
codec-U	U-oneof-u-fixed32	U-oneof-u-fixed32	ascii	core-native	decode	drop	20	88.4	85.3	91.8	0.073	87.5	89.8
codec-U	U-oneof-u-fixed32	U-oneof-u-fixed32	ascii	core-ffi	decode	drop	20	111.3	107.8	117.0	0.083	109.3	113.4
codec-U	U-oneof-u-fixed32	U-oneof-u-fixed32	ascii	core-ffi-pull	decode	drop	20	121.5	117.8	132.7	0.123	119.9	123.0
codec-U	U-oneof-u-fixed32	U-oneof-u-fixed32	ascii	core-native	decode	retain	20	107.2	105.2	112.2	0.066	105.7	109.1
codec-U	U-oneof-u-fixed32	U-oneof-u-fixed32	ascii	core-ffi	decode	retain	20	164.4	158.9	170.7	0.071	160.4	167.7
codec-U	U-oneof-u-fixed32	U-oneof-u-fixed32	ascii	core-ffi-pull	decode	retain	20	173.7	169.8	190.6	0.120	171.7	176.4
codec-U	U-deep-u-fixed64	U-deep-u-fixed64	ascii	incumbent-prod	encode	default	20	1221.9	1168.3	1331.2	0.133	1211.7	1258.4
codec-U	U-deep-u-fixed64	U-deep-u-fixed64	ascii	armonik	encode	default	20	1258.3	1197.5	1369.3	0.137	1239.7	1282.0
codec-U	U-deep-u-fixed64	U-deep-u-fixed64	ascii	core-native	encode	drop	20	252.9	244.1	288.9	0.177	249.0	256.9
codec-U	U-deep-u-fixed64	U-deep-u-fixed64	ascii	core-ffi	encode	drop	20	449.1	430.6	491.7	0.136	445.1	459.3
codec-U	U-deep-u-fixed64	U-deep-u-fixed64	ascii	core-native	encode	retain	20	294.6	283.4	324.9	0.141	290.6	300.6
codec-U	U-deep-u-fixed64	U-deep-u-fixed64	ascii	core-ffi	encode	retain	20	472.2	448.9	561.6	0.239	464.7	481.3
codec-U	U-leaf-all	U-leaf-all	ascii	incumbent-prod	decode	default	20	496.1	481.2	517.2	0.072	489.9	503.3
codec-U	U-leaf-all	U-leaf-all	ascii	armonik	decode	default	20	506.7	486.2	560.5	0.147	499.6	513.2
codec-U	U-leaf-all	U-leaf-all	ascii	core-native	decode	drop	20	318.4	313.1	352.3	0.123	315.6	323.2
codec-U	U-leaf-all	U-leaf-all	ascii	core-ffi	decode	drop	20	350.5	345.7	379.9	0.098	349.0	354.6
codec-U	U-leaf-all	U-leaf-all	ascii	core-ffi-pull	decode	drop	20	369.1	361.6	395.4	0.091	365.3	385.0
codec-U	U-leaf-all	U-leaf-all	ascii	core-native	decode	retain	20	756.8	743.5	883.8	0.185	751.2	776.3
codec-U	U-leaf-all	U-leaf-all	ascii	core-ffi	decode	retain	20	1013.0	979.3	1068.2	0.088	989.6	1030.6
codec-U	U-leaf-all	U-leaf-all	ascii	core-ffi-pull	decode	retain	20	1018.9	982.8	1200.0	0.213	1002.0	1035.7
codec-U	U-leaf-u-varint	U-leaf-u-varint	ascii	incumbent-prod	decode	default	20	330.6	322.0	341.2	0.058	326.0	335.4
codec-U	U-leaf-u-varint	U-leaf-u-varint	ascii	armonik	decode	default	20	334.6	316.3	512.4	0.586	331.6	341.9
codec-U	U-leaf-u-varint	U-leaf-u-varint	ascii	core-native	decode	drop	20	256.3	244.8	266.5	0.085	253.9	258.2
codec-U	U-leaf-u-varint	U-leaf-u-varint	ascii	core-ffi	decode	drop	20	281.5	264.4	361.1	0.343	278.4	285.3
codec-U	U-leaf-u-varint	U-leaf-u-varint	ascii	core-ffi-pull	decode	drop	20	294.0	276.2	486.2	0.714	292.7	296.2
codec-U	U-leaf-u-varint	U-leaf-u-varint	ascii	core-native	decode	retain	20	285.1	273.4	535.9	0.920	282.5	292.1
codec-U	U-leaf-u-varint	U-leaf-u-varint	ascii	core-ffi	decode	retain	20	363.8	345.3	483.9	0.381	361.5	369.0
codec-U	U-leaf-u-varint	U-leaf-u-varint	ascii	core-ffi-pull	decode	retain	20	373.9	356.2	663.8	0.822	370.6	376.2
codec-U	U-deep-u-packed	U-deep-u-packed	ascii	incumbent-prod	decode-read	default	20	2215.0	2160.9	2277.1	0.052	2190.7	2228.4
codec-U	U-deep-u-packed	U-deep-u-packed	ascii	armonik	decode-read	default	20	2187.8	2135.7	2610.6	0.217	2180.2	2204.0
codec-U	U-deep-u-packed	U-deep-u-packed	ascii	core-native	decode-read	drop	20	1726.8	1702.6	1790.8	0.051	1711.4	1748.6
codec-U	U-deep-u-packed	U-deep-u-packed	ascii	core-ffi	decode-read	drop	20	2627.6	2563.9	2731.3	0.064	2612.1	2658.4
codec-U	U-deep-u-packed	U-deep-u-packed	ascii	core-ffi-pull	decode-read	drop	20	2055.0	2013.0	2479.7	0.227	2044.1	2102.1
codec-U	U-deep-u-packed	U-deep-u-packed	ascii	core-native	decode-read	retain	20	1790.3	1773.7	1985.5	0.118	1782.5	1795.8
codec-U	U-deep-u-packed	U-deep-u-packed	ascii	core-ffi	decode-read	retain	20	2948.0	2863.3	3068.4	0.070	2912.2	2976.4
codec-U	U-deep-u-packed	U-deep-u-packed	ascii	core-ffi-pull	decode-read	retain	20	2233.8	2175.5	2383.9	0.093	2217.8	2267.3
codec-U	U-deep-u-varint	U-deep-u-varint	ascii	incumbent-prod	decode-read	default	20	2220.7	1819.2	3178.3	0.612	2189.8	2299.4
codec-U	U-deep-u-varint	U-deep-u-varint	ascii	armonik	decode-read	default	20	2210.2	1805.0	2721.0	0.414	2165.9	2251.5
codec-U	U-deep-u-varint	U-deep-u-varint	ascii	core-native	decode-read	drop	20	1743.3	1422.3	2024.8	0.346	1726.3	1756.7
codec-U	U-deep-u-varint	U-deep-u-varint	ascii	core-ffi	decode-read	drop	20	2645.9	2223.4	3965.2	0.658	2602.5	2834.0
codec-U	U-deep-u-varint	U-deep-u-varint	ascii	core-ffi-pull	decode-read	drop	20	2058.2	1679.3	3200.4	0.739	1983.2	2091.2
codec-U	U-deep-u-varint	U-deep-u-varint	ascii	core-native	decode-read	retain	20	1792.8	1487.0	2128.4	0.358	1715.8	1834.2
codec-U	U-deep-u-varint	U-deep-u-varint	ascii	core-ffi	decode-read	retain	20	2939.2	2369.0	3911.1	0.525	2769.3	2965.4
codec-U	U-deep-u-varint	U-deep-u-varint	ascii	core-ffi-pull	decode-read	retain	20	2251.0	1837.8	3116.8	0.568	2174.4	2284.2
codec-U	U-wire-ListMetricsResponse-batches-as-wt0	U-wire-ListMetricsResponse-batches-as-wt0	ascii	core-native	decode	drop	20	1663.2	1358.3	1760.6	0.242	1545.3	1713.3
codec-U	U-wire-ListMetricsResponse-batches-as-wt0	U-wire-ListMetricsResponse-batches-as-wt0	ascii	core-ffi	decode	drop	20	1438.8	1242.1	1589.3	0.241	1428.6	1481.2
codec-U	U-wire-ListMetricsResponse-batches-as-wt0	U-wire-ListMetricsResponse-batches-as-wt0	ascii	core-ffi-pull	decode	drop	20	1339.9	1108.3	1532.1	0.316	1308.7	1376.1
codec-U	U-wire-ListMetricsResponse-batches-as-wt0	U-wire-ListMetricsResponse-batches-as-wt0	ascii	core-native	decode	retain	20	1596.8	1291.2	2004.9	0.447	1530.5	1640.0
codec-U	U-wire-ListMetricsResponse-batches-as-wt0	U-wire-ListMetricsResponse-batches-as-wt0	ascii	core-ffi	decode	retain	20	1517.9	1241.6	2046.3	0.530	1481.5	1559.3
codec-U	U-wire-ListMetricsResponse-batches-as-wt0	U-wire-ListMetricsResponse-batches-as-wt0	ascii	core-ffi-pull	decode	retain	20	1445.4	1198.6	1550.6	0.243	1397.8	1487.1
codec-U	U-leaf-u-msg	U-leaf-u-msg	ascii	incumbent-prod	decode	default	20	319.4	311.5	410.9	0.311	316.6	325.6
codec-U	U-leaf-u-msg	U-leaf-u-msg	ascii	armonik	decode	default	20	323.8	315.2	347.2	0.099	321.6	328.0
codec-U	U-leaf-u-msg	U-leaf-u-msg	ascii	core-native	decode	drop	20	253.2	243.1	281.0	0.150	249.9	258.7
codec-U	U-leaf-u-msg	U-leaf-u-msg	ascii	core-ffi	decode	drop	20	283.6	274.3	306.5	0.113	279.3	285.4
codec-U	U-leaf-u-msg	U-leaf-u-msg	ascii	core-ffi-pull	decode	drop	20	295.8	289.8	325.6	0.121	292.3	301.9
codec-U	U-leaf-u-msg	U-leaf-u-msg	ascii	core-native	decode	retain	20	278.1	268.3	384.7	0.418	272.5	281.5
codec-U	U-leaf-u-msg	U-leaf-u-msg	ascii	core-ffi	decode	retain	20	366.9	352.5	393.4	0.112	362.5	375.3
codec-U	U-leaf-u-msg	U-leaf-u-msg	ascii	core-ffi-pull	decode	retain	20	373.7	365.3	403.7	0.103	368.8	380.9
codec-U	U-wire-DualResponse-left-as-wt5	U-wire-DualResponse-left-as-wt5	ascii	core-native	decode	drop	20	168.5	164.6	173.7	0.054	166.6	170.0
codec-U	U-wire-DualResponse-left-as-wt5	U-wire-DualResponse-left-as-wt5	ascii	core-ffi	decode	drop	20	221.5	217.0	233.1	0.073	219.3	223.8
codec-U	U-wire-DualResponse-left-as-wt5	U-wire-DualResponse-left-as-wt5	ascii	core-ffi-pull	decode	drop	20	234.0	228.6	252.8	0.104	231.6	236.8
codec-U	U-wire-DualResponse-left-as-wt5	U-wire-DualResponse-left-as-wt5	ascii	core-native	decode	retain	20	191.2	187.9	202.2	0.075	189.3	196.7
codec-U	U-wire-DualResponse-left-as-wt5	U-wire-DualResponse-left-as-wt5	ascii	core-ffi	decode	retain	20	273.9	268.8	292.4	0.086	271.9	276.3
codec-U	U-wire-DualResponse-left-as-wt5	U-wire-DualResponse-left-as-wt5	ascii	core-ffi-pull	decode	retain	20	287.2	281.7	302.6	0.073	284.4	291.7
codec-U	U-deep-u-msg	U-deep-u-msg	ascii	incumbent-prod	decode	default	20	1919.6	1872.8	2095.9	0.116	1902.1	1951.4
codec-U	U-deep-u-msg	U-deep-u-msg	ascii	armonik	decode	default	20	1861.2	1786.9	2048.6	0.141	1812.7	1879.5
codec-U	U-deep-u-msg	U-deep-u-msg	ascii	core-native	decode	drop	20	1428.3	1382.2	1495.3	0.079	1413.3	1447.3
codec-U	U-deep-u-msg	U-deep-u-msg	ascii	core-ffi	decode	drop	20	2526.0	2456.2	2889.4	0.172	2490.1	2546.8
codec-U	U-deep-u-msg	U-deep-u-msg	ascii	core-ffi-pull	decode	drop	20	1951.3	1904.5	2051.0	0.075	1921.2	1982.4
codec-U	U-deep-u-msg	U-deep-u-msg	ascii	core-native	decode	retain	20	1471.2	1442.4	1701.3	0.176	1450.6	1501.6
codec-U	U-deep-u-msg	U-deep-u-msg	ascii	core-ffi	decode	retain	20	2840.2	2746.7	3065.2	0.112	2798.4	2917.9
codec-U	U-deep-u-msg	U-deep-u-msg	ascii	core-ffi-pull	decode	retain	20	2127.8	2056.3	2343.8	0.135	2094.8	2176.4
codec-U	U-wire-ListProbeResponse-probes-as-wt1	U-wire-ListProbeResponse-probes-as-wt1	ascii	core-native	decode	drop	20	184.9	179.1	196.7	0.095	181.2	186.5
codec-U	U-wire-ListProbeResponse-probes-as-wt1	U-wire-ListProbeResponse-probes-as-wt1	ascii	core-ffi	decode	drop	20	216.8	212.1	223.6	0.053	214.8	219.7
codec-U	U-wire-ListProbeResponse-probes-as-wt1	U-wire-ListProbeResponse-probes-as-wt1	ascii	core-ffi-pull	decode	drop	20	234.0	221.8	246.5	0.106	229.0	239.2
codec-U	U-wire-ListProbeResponse-probes-as-wt1	U-wire-ListProbeResponse-probes-as-wt1	ascii	core-native	decode	retain	20	204.4	201.7	261.9	0.295	202.7	209.9
codec-U	U-wire-ListProbeResponse-probes-as-wt1	U-wire-ListProbeResponse-probes-as-wt1	ascii	core-ffi	decode	retain	20	276.9	271.4	299.9	0.103	273.1	286.8
codec-U	U-wire-ListProbeResponse-probes-as-wt1	U-wire-ListProbeResponse-probes-as-wt1	ascii	core-ffi-pull	decode	retain	20	289.0	281.8	314.2	0.112	283.8	294.3
codec-U	U-wire-ListTasksDetailedResponse-page-as-wt1	U-wire-ListTasksDetailedResponse-page-as-wt1	ascii	core-native	decode-read	drop	20	3690.9	2893.8	3941.9	0.284	3285.3	3775.0
codec-U	U-wire-ListTasksDetailedResponse-page-as-wt1	U-wire-ListTasksDetailedResponse-page-as-wt1	ascii	core-ffi	decode-read	drop	20	5592.1	4320.6	6616.8	0.411	5298.3	5857.3
codec-U	U-wire-ListTasksDetailedResponse-page-as-wt1	U-wire-ListTasksDetailedResponse-page-as-wt1	ascii	core-ffi-pull	decode-read	drop	20	4401.9	3477.0	5075.6	0.363	3698.2	4518.1
codec-U	U-wire-ListTasksDetailedResponse-page-as-wt1	U-wire-ListTasksDetailedResponse-page-as-wt1	ascii	core-native	decode-read	retain	20	3903.6	3009.8	4640.9	0.418	3628.6	4032.8
codec-U	U-wire-ListTasksDetailedResponse-page-as-wt1	U-wire-ListTasksDetailedResponse-page-as-wt1	ascii	core-ffi	decode-read	retain	20	5940.1	4639.6	7607.4	0.500	5560.5	6145.0
codec-U	U-wire-ListTasksDetailedResponse-page-as-wt1	U-wire-ListTasksDetailedResponse-page-as-wt1	ascii	core-ffi-pull	decode-read	retain	20	4582.6	3580.8	5217.5	0.357	4281.5	4619.9
codec-U	U-root-u-packed	U-root-u-packed	ascii	incumbent-prod	encode	default	20	435.0	425.3	583.1	0.363	428.6	472.6
codec-U	U-root-u-packed	U-root-u-packed	ascii	armonik	encode	default	20	463.2	450.1	605.4	0.335	458.1	507.4
codec-U	U-root-u-packed	U-root-u-packed	ascii	core-native	encode	drop	20	85.2	80.7	114.9	0.402	84.4	92.4
codec-U	U-root-u-packed	U-root-u-packed	ascii	core-ffi	encode	drop	20	123.8	119.3	162.3	0.347	122.1	130.5
codec-U	U-root-u-packed	U-root-u-packed	ascii	core-native	encode	retain	20	96.7	92.2	123.3	0.322	95.0	104.9
codec-U	U-root-u-packed	U-root-u-packed	ascii	core-ffi	encode	retain	20	133.5	126.3	169.0	0.320	130.8	142.7
codec-U	U-wire-DualResponse-left-as-wt5	U-wire-DualResponse-left-as-wt5	ascii	core-native	decode-read	drop	20	142.0	134.5	180.7	0.325	137.5	175.5
codec-U	U-wire-DualResponse-left-as-wt5	U-wire-DualResponse-left-as-wt5	ascii	core-ffi	decode-read	drop	20	185.9	176.8	241.7	0.349	180.9	228.4
codec-U	U-wire-DualResponse-left-as-wt5	U-wire-DualResponse-left-as-wt5	ascii	core-ffi-pull	decode-read	drop	20	194.1	187.4	267.9	0.415	190.3	245.4
codec-U	U-wire-DualResponse-left-as-wt5	U-wire-DualResponse-left-as-wt5	ascii	core-native	decode-read	retain	20	159.7	152.0	213.2	0.383	154.8	201.4
codec-U	U-wire-DualResponse-left-as-wt5	U-wire-DualResponse-left-as-wt5	ascii	core-ffi	decode-read	retain	20	225.7	217.3	292.5	0.333	220.1	281.5
codec-U	U-wire-DualResponse-left-as-wt5	U-wire-DualResponse-left-as-wt5	ascii	core-ffi-pull	decode-read	retain	20	236.3	228.3	299.0	0.299	230.7	295.4
codec-U	U-deep-all	U-deep-all	ascii	incumbent-prod	encode	default	20	1224.8	1200.8	1336.3	0.111	1209.3	1236.4
codec-U	U-deep-all	U-deep-all	ascii	armonik	encode	default	20	1271.9	1224.8	1355.7	0.103	1252.1	1279.6
codec-U	U-deep-all	U-deep-all	ascii	core-native	encode	drop	20	256.2	250.5	283.7	0.130	252.3	264.4
codec-U	U-deep-all	U-deep-all	ascii	core-ffi	encode	drop	20	459.2	447.1	510.4	0.138	453.2	469.1
codec-U	U-deep-all	U-deep-all	ascii	core-native	encode	retain	20	302.1	295.4	341.1	0.151	298.1	306.6
codec-U	U-deep-all	U-deep-all	ascii	core-ffi	encode	retain	20	481.3	468.4	506.1	0.078	473.6	496.9
codec-U	U-wire-ListTasksDetailedResponse-page-as-wt2	U-wire-ListTasksDetailedResponse-page-as-wt2	ascii	core-native	encode	drop	20	573.4	559.0	678.2	0.208	565.4	586.4
codec-U	U-wire-ListTasksDetailedResponse-page-as-wt2	U-wire-ListTasksDetailedResponse-page-as-wt2	ascii	core-ffi	encode	drop	20	959.5	942.0	1079.6	0.143	950.0	970.2
codec-U	U-wire-ListTasksDetailedResponse-page-as-wt2	U-wire-ListTasksDetailedResponse-page-as-wt2	ascii	core-native	encode	retain	20	660.3	645.2	698.6	0.081	649.3	671.7
codec-U	U-wire-ListTasksDetailedResponse-page-as-wt2	U-wire-ListTasksDetailedResponse-page-as-wt2	ascii	core-ffi	encode	retain	20	1017.4	991.3	1219.7	0.225	1002.2	1049.3
codec-U	U-wire-ListMetricsResponse-batches-as-wt1	U-wire-ListMetricsResponse-batches-as-wt1	ascii	core-native	decode	drop	20	1677.2	1566.3	1867.8	0.180	1645.5	1709.1
codec-U	U-wire-ListMetricsResponse-batches-as-wt1	U-wire-ListMetricsResponse-batches-as-wt1	ascii	core-ffi	decode	drop	20	1442.2	1395.9	1846.5	0.312	1412.7	1495.2
codec-U	U-wire-ListMetricsResponse-batches-as-wt1	U-wire-ListMetricsResponse-batches-as-wt1	ascii	core-ffi-pull	decode	drop	20	1337.8	1292.8	1888.4	0.445	1319.2	1392.9
codec-U	U-wire-ListMetricsResponse-batches-as-wt1	U-wire-ListMetricsResponse-batches-as-wt1	ascii	core-native	decode	retain	20	1641.7	1576.6	1711.0	0.082	1624.9	1657.7
codec-U	U-wire-ListMetricsResponse-batches-as-wt1	U-wire-ListMetricsResponse-batches-as-wt1	ascii	core-ffi	decode	retain	20	1511.4	1450.9	1886.9	0.288	1480.7	1571.7
codec-U	U-wire-ListMetricsResponse-batches-as-wt1	U-wire-ListMetricsResponse-batches-as-wt1	ascii	core-ffi-pull	decode	retain	20	1447.8	1374.8	1792.0	0.288	1426.3	1512.0
codec-U	U-nested-interleaved	U-nested-interleaved	ascii	incumbent-prod	decode-read	default	20	397.3	387.7	431.9	0.111	393.6	408.8
codec-U	U-nested-interleaved	U-nested-interleaved	ascii	armonik	decode-read	default	20	408.5	398.8	429.0	0.074	404.0	417.3
codec-U	U-nested-interleaved	U-nested-interleaved	ascii	core-native	decode-read	drop	20	289.0	283.9	295.0	0.038	285.1	291.8
codec-U	U-nested-interleaved	U-nested-interleaved	ascii	core-ffi	decode-read	drop	20	337.0	328.7	358.6	0.089	335.0	339.6
codec-U	U-nested-interleaved	U-nested-interleaved	ascii	core-ffi-pull	decode-read	drop	20	349.9	343.9	374.4	0.087	346.9	352.9
codec-U	U-nested-interleaved	U-nested-interleaved	ascii	core-native	decode-read	retain	20	481.4	473.9	491.3	0.036	477.7	485.9
codec-U	U-nested-interleaved	U-nested-interleaved	ascii	core-ffi	decode-read	retain	20	657.6	632.0	800.5	0.256	641.1	677.0
codec-U	U-nested-interleaved	U-nested-interleaved	ascii	core-ffi-pull	decode-read	retain	20	673.9	661.0	712.1	0.076	672.1	681.4
codec-U	U-nested-u-fixed32	U-nested-u-fixed32	ascii	incumbent-prod	decode-read	default	20	312.1	303.0	326.2	0.074	307.1	314.5
codec-U	U-nested-u-fixed32	U-nested-u-fixed32	ascii	armonik	decode-read	default	20	315.1	307.2	379.1	0.228	311.2	319.1
codec-U	U-nested-u-fixed32	U-nested-u-fixed32	ascii	core-native	decode-read	drop	20	245.5	242.5	295.5	0.216	244.7	260.6
codec-U	U-nested-u-fixed32	U-nested-u-fixed32	ascii	core-ffi	decode-read	drop	20	272.7	269.0	310.8	0.153	271.2	279.3
codec-U	U-nested-u-fixed32	U-nested-u-fixed32	ascii	core-ffi-pull	decode-read	drop	20	286.0	280.2	322.7	0.148	284.0	292.2
codec-U	U-nested-u-fixed32	U-nested-u-fixed32	ascii	core-native	decode-read	retain	20	264.1	257.7	284.4	0.101	259.6	268.0
codec-U	U-nested-u-fixed32	U-nested-u-fixed32	ascii	core-ffi	decode-read	retain	20	335.3	325.4	369.6	0.132	329.5	340.8
codec-U	U-nested-u-fixed32	U-nested-u-fixed32	ascii	core-ffi-pull	decode-read	retain	20	341.5	332.5	360.4	0.082	339.1	349.6
codec-U	U-wire-ListResultsResponse-results-as-wt5	U-wire-ListResultsResponse-results-as-wt5	ascii	core-native	decode-read	drop	20	538.3	531.1	707.8	0.328	535.4	543.7
codec-U	U-wire-ListResultsResponse-results-as-wt5	U-wire-ListResultsResponse-results-as-wt5	ascii	core-ffi	decode-read	drop	20	564.1	554.4	612.9	0.104	559.8	577.7
codec-U	U-wire-ListResultsResponse-results-as-wt5	U-wire-ListResultsResponse-results-as-wt5	ascii	core-ffi-pull	decode-read	drop	20	581.8	567.3	618.4	0.088	577.5	589.9
codec-U	U-wire-ListResultsResponse-results-as-wt5	U-wire-ListResultsResponse-results-as-wt5	ascii	core-native	decode-read	retain	20	538.0	527.4	575.0	0.088	536.1	545.2
codec-U	U-wire-ListResultsResponse-results-as-wt5	U-wire-ListResultsResponse-results-as-wt5	ascii	core-ffi	decode-read	retain	20	627.4	617.4	666.5	0.078	622.5	639.3
codec-U	U-wire-ListResultsResponse-results-as-wt5	U-wire-ListResultsResponse-results-as-wt5	ascii	core-ffi-pull	decode-read	retain	20	641.0	632.4	699.1	0.104	637.7	653.0
codec-U	U-wire-ListTaskSummaryResponse-tasks-as-wt5	U-wire-ListTaskSummaryResponse-tasks-as-wt5	ascii	core-native	decode	drop	20	1672.2	1638.2	1802.1	0.098	1660.9	1681.9
codec-U	U-wire-ListTaskSummaryResponse-tasks-as-wt5	U-wire-ListTaskSummaryResponse-tasks-as-wt5	ascii	core-ffi	decode	drop	20	1853.7	1824.8	1922.6	0.053	1842.6	1872.1
codec-U	U-wire-ListTaskSummaryResponse-tasks-as-wt5	U-wire-ListTaskSummaryResponse-tasks-as-wt5	ascii	core-ffi-pull	decode	drop	20	1897.6	1855.4	2071.5	0.114	1879.5	1920.6
codec-U	U-wire-ListTaskSummaryResponse-tasks-as-wt5	U-wire-ListTaskSummaryResponse-tasks-as-wt5	ascii	core-native	decode	retain	20	1739.5	1710.3	1839.6	0.074	1725.3	1764.1
codec-U	U-wire-ListTaskSummaryResponse-tasks-as-wt5	U-wire-ListTaskSummaryResponse-tasks-as-wt5	ascii	core-ffi	decode	retain	20	2008.2	1964.1	2123.5	0.079	1989.2	2036.2
codec-U	U-wire-ListTaskSummaryResponse-tasks-as-wt5	U-wire-ListTaskSummaryResponse-tasks-as-wt5	ascii	core-ffi-pull	decode	retain	20	2009.5	1973.7	2114.5	0.070	1997.5	2020.4
codec-U	U-wire-UploadResultDataMessage-upload-as-wt0	U-wire-UploadResultDataMessage-upload-as-wt0	ascii	core-native	decode	drop	20	90.7	88.3	94.2	0.065	90.4	91.6
codec-U	U-wire-UploadResultDataMessage-upload-as-wt0	U-wire-UploadResultDataMessage-upload-as-wt0	ascii	core-ffi	decode	drop	20	91.8	89.9	96.4	0.070	91.1	92.4
codec-U	U-wire-UploadResultDataMessage-upload-as-wt0	U-wire-UploadResultDataMessage-upload-as-wt0	ascii	core-ffi-pull	decode	drop	20	100.7	97.5	106.9	0.094	99.4	101.6
codec-U	U-wire-UploadResultDataMessage-upload-as-wt0	U-wire-UploadResultDataMessage-upload-as-wt0	ascii	core-native	decode	retain	20	106.2	104.0	234.7	1.231	105.8	107.0
codec-U	U-wire-UploadResultDataMessage-upload-as-wt0	U-wire-UploadResultDataMessage-upload-as-wt0	ascii	core-ffi	decode	retain	20	146.4	144.2	241.1	0.662	145.1	149.1
codec-U	U-wire-UploadResultDataMessage-upload-as-wt0	U-wire-UploadResultDataMessage-upload-as-wt0	ascii	core-ffi-pull	decode	retain	20	152.3	149.0	180.5	0.207	150.6	154.0
codec-U	U-oneof-u-fixed32	U-oneof-u-fixed32	ascii	incumbent-prod	decode-read	default	20	133.2	129.0	232.0	0.774	132.5	134.9
codec-U	U-oneof-u-fixed32	U-oneof-u-fixed32	ascii	armonik	decode-read	default	20	131.0	124.6	178.6	0.412	129.7	133.2
codec-U	U-oneof-u-fixed32	U-oneof-u-fixed32	ascii	core-native	decode-read	drop	20	94.6	92.1	164.3	0.763	94.1	95.2
codec-U	U-oneof-u-fixed32	U-oneof-u-fixed32	ascii	core-ffi	decode-read	drop	20	115.4	111.3	164.4	0.460	114.0	116.9
codec-U	U-oneof-u-fixed32	U-oneof-u-fixed32	ascii	core-ffi-pull	decode-read	drop	20	126.9	124.3	220.9	0.762	125.9	128.6
codec-U	U-oneof-u-fixed32	U-oneof-u-fixed32	ascii	core-native	decode-read	retain	20	111.4	107.7	119.0	0.101	110.4	112.9
codec-U	U-oneof-u-fixed32	U-oneof-u-fixed32	ascii	core-ffi	decode-read	retain	20	169.8	166.6	286.2	0.704	168.4	171.7
codec-U	U-oneof-u-fixed32	U-oneof-u-fixed32	ascii	core-ffi-pull	decode-read	retain	20	178.1	173.5	183.4	0.056	176.0	179.9
codec-U	U-oneof-u-msg	U-oneof-u-msg	ascii	incumbent-prod	decode	default	20	129.4	126.6	140.1	0.104	128.2	131.3
codec-U	U-oneof-u-msg	U-oneof-u-msg	ascii	armonik	decode	default	20	127.7	124.4	134.3	0.078	126.4	129.3
codec-U	U-oneof-u-msg	U-oneof-u-msg	ascii	core-native	decode	drop	20	88.9	87.9	92.7	0.053	88.3	90.0
codec-U	U-oneof-u-msg	U-oneof-u-msg	ascii	core-ffi	decode	drop	20	109.9	107.6	112.6	0.046	109.0	111.0
codec-U	U-oneof-u-msg	U-oneof-u-msg	ascii	core-ffi-pull	decode	drop	20	122.7	120.7	128.9	0.067	121.5	123.7
codec-U	U-oneof-u-msg	U-oneof-u-msg	ascii	core-native	decode	retain	20	106.2	104.4	109.9	0.052	105.7	107.6
codec-U	U-oneof-u-msg	U-oneof-u-msg	ascii	core-ffi	decode	retain	20	164.1	159.1	174.3	0.093	162.5	170.3
codec-U	U-oneof-u-msg	U-oneof-u-msg	ascii	core-ffi-pull	decode	retain	20	172.5	168.9	347.1	1.033	170.7	174.2
codec-U	U-oneof-u-repeated	U-oneof-u-repeated	ascii	incumbent-prod	encode	default	20	116.1	111.0	125.2	0.122	113.4	119.6
codec-U	U-oneof-u-repeated	U-oneof-u-repeated	ascii	armonik	encode	default	20	112.8	104.3	120.8	0.147	108.5	113.9
codec-U	U-oneof-u-repeated	U-oneof-u-repeated	ascii	core-native	encode	drop	20	23.1	22.7	27.9	0.226	22.9	23.6
codec-U	U-oneof-u-repeated	U-oneof-u-repeated	ascii	core-ffi	encode	drop	20	46.1	43.6	101.1	1.246	45.3	46.8
codec-U	U-oneof-u-repeated	U-oneof-u-repeated	ascii	core-native	encode	retain	20	24.9	23.7	26.4	0.106	24.5	25.2
codec-U	U-oneof-u-repeated	U-oneof-u-repeated	ascii	core-ffi	encode	retain	20	45.8	45.1	50.2	0.111	45.6	46.3
codec-U	U-deep-u-varint	U-deep-u-varint	ascii	incumbent-prod	encode	default	20	1202.3	1186.9	1236.4	0.041	1196.1	1217.4
codec-U	U-deep-u-varint	U-deep-u-varint	ascii	armonik	encode	default	20	1242.5	1210.4	1294.4	0.068	1229.5	1259.1
codec-U	U-deep-u-varint	U-deep-u-varint	ascii	core-native	encode	drop	20	253.4	247.8	263.9	0.063	251.6	255.7
codec-U	U-deep-u-varint	U-deep-u-varint	ascii	core-ffi	encode	drop	20	446.0	437.5	469.5	0.072	442.1	451.0
codec-U	U-deep-u-varint	U-deep-u-varint	ascii	core-native	encode	retain	20	298.1	291.4	310.1	0.063	295.9	299.7
codec-U	U-deep-u-varint	U-deep-u-varint	ascii	core-ffi	encode	retain	20	472.0	464.2	493.4	0.062	467.6	477.2
codec-U	U-nested-before	U-nested-before	ascii	incumbent-prod	decode	default	20	393.5	372.4	479.1	0.271	388.6	398.8
codec-U	U-nested-before	U-nested-before	ascii	armonik	decode	default	20	369.3	353.7	379.5	0.070	365.3	371.9
codec-U	U-nested-before	U-nested-before	ascii	core-native	decode	drop	20	259.8	250.3	268.2	0.069	256.2	262.8
codec-U	U-nested-before	U-nested-before	ascii	core-ffi	decode	drop	20	308.0	290.9	325.0	0.111	305.6	309.7
codec-U	U-nested-before	U-nested-before	ascii	core-ffi-pull	decode	drop	20	324.8	312.9	612.4	0.922	322.3	328.4
codec-U	U-nested-before	U-nested-before	ascii	core-native	decode	retain	20	446.2	434.8	518.5	0.188	443.8	450.7
codec-U	U-nested-before	U-nested-before	ascii	core-ffi	decode	retain	20	627.1	596.5	653.1	0.090	618.3	635.0
codec-U	U-nested-before	U-nested-before	ascii	core-ffi-pull	decode	retain	20	638.2	616.3	675.2	0.092	631.9	652.1
codec-U	U-nested-u-fixed32	U-nested-u-fixed32	ascii	incumbent-prod	decode	default	20	304.4	298.3	334.3	0.118	302.1	309.6
codec-U	U-nested-u-fixed32	U-nested-u-fixed32	ascii	armonik	decode	default	20	293.9	283.2	312.8	0.101	288.1	302.5
codec-U	U-nested-u-fixed32	U-nested-u-fixed32	ascii	core-native	decode	drop	20	227.9	217.9	396.7	0.784	221.2	232.1
codec-U	U-nested-u-fixed32	U-nested-u-fixed32	ascii	core-ffi	decode	drop	20	253.8	243.4	337.8	0.372	248.5	259.0
codec-U	U-nested-u-fixed32	U-nested-u-fixed32	ascii	core-ffi-pull	decode	drop	20	268.8	259.2	358.8	0.371	263.4	278.4
codec-U	U-nested-u-fixed32	U-nested-u-fixed32	ascii	core-native	decode	retain	20	243.1	233.0	380.4	0.607	235.2	248.7
codec-U	U-nested-u-fixed32	U-nested-u-fixed32	ascii	core-ffi	decode	retain	20	310.4	300.8	688.6	1.249	305.0	318.5
codec-U	U-nested-u-fixed32	U-nested-u-fixed32	ascii	core-ffi-pull	decode	retain	20	319.6	310.8	403.1	0.289	314.1	329.1
codec-U	U-oneof-u-len	U-oneof-u-len	ascii	incumbent-prod	decode-read	default	20	134.2	129.1	140.0	0.081	132.5	135.1
codec-U	U-oneof-u-len	U-oneof-u-len	ascii	armonik	decode-read	default	20	131.2	126.2	140.9	0.112	130.4	133.2
codec-U	U-oneof-u-len	U-oneof-u-len	ascii	core-native	decode-read	drop	20	95.3	92.0	101.3	0.098	94.4	97.1
codec-U	U-oneof-u-len	U-oneof-u-len	ascii	core-ffi	decode-read	drop	20	116.9	111.9	121.4	0.081	115.4	117.6
codec-U	U-oneof-u-len	U-oneof-u-len	ascii	core-ffi-pull	decode-read	drop	20	128.5	122.0	160.7	0.301	127.2	130.8
codec-U	U-oneof-u-len	U-oneof-u-len	ascii	core-native	decode-read	retain	20	113.0	109.1	121.1	0.107	112.0	115.8
codec-U	U-oneof-u-len	U-oneof-u-len	ascii	core-ffi	decode-read	retain	20	170.6	163.9	179.2	0.090	167.9	172.7
codec-U	U-oneof-u-len	U-oneof-u-len	ascii	core-ffi-pull	decode-read	retain	20	179.0	171.6	186.0	0.081	176.9	179.5
codec-U	U-wire-ListTasksDetailedResponse-tasks-as-wt1	U-wire-ListTasksDetailedResponse-tasks-as-wt1	ascii	core-native	encode	drop	20	573.8	564.3	618.7	0.095	569.4	578.8
codec-U	U-wire-ListTasksDetailedResponse-tasks-as-wt1	U-wire-ListTasksDetailedResponse-tasks-as-wt1	ascii	core-ffi	encode	drop	20	951.7	931.4	999.0	0.071	941.0	963.0
codec-U	U-wire-ListTasksDetailedResponse-tasks-as-wt1	U-wire-ListTasksDetailedResponse-tasks-as-wt1	ascii	core-native	encode	retain	20	663.8	640.3	705.5	0.098	653.7	670.6
codec-U	U-wire-ListTasksDetailedResponse-tasks-as-wt1	U-wire-ListTasksDetailedResponse-tasks-as-wt1	ascii	core-ffi	encode	retain	20	999.9	980.8	1058.2	0.077	991.8	1011.4
codec-U	U-wire-ListTasksDetailedResponse-tasks-as-wt1	U-wire-ListTasksDetailedResponse-tasks-as-wt1	ascii	core-native	decode	drop	20	3043.0	2980.4	5788.0	0.923	3029.4	3065.4
codec-U	U-wire-ListTasksDetailedResponse-tasks-as-wt1	U-wire-ListTasksDetailedResponse-tasks-as-wt1	ascii	core-ffi	decode	drop	20	5318.7	5197.4	6572.1	0.258	5246.1	5383.3
codec-U	U-wire-ListTasksDetailedResponse-tasks-as-wt1	U-wire-ListTasksDetailedResponse-tasks-as-wt1	ascii	core-ffi-pull	decode	drop	20	4154.4	4079.4	4326.3	0.059	4126.0	4214.7
codec-U	U-wire-ListTasksDetailedResponse-tasks-as-wt1	U-wire-ListTasksDetailedResponse-tasks-as-wt1	ascii	core-native	decode	retain	20	3136.9	3095.9	3308.8	0.068	3129.6	3166.7
codec-U	U-wire-ListTasksDetailedResponse-tasks-as-wt1	U-wire-ListTasksDetailedResponse-tasks-as-wt1	ascii	core-ffi	decode	retain	20	5723.6	5512.2	6814.9	0.228	5691.4	5857.1
codec-U	U-wire-ListTasksDetailedResponse-tasks-as-wt1	U-wire-ListTasksDetailedResponse-tasks-as-wt1	ascii	core-ffi-pull	decode	retain	20	4337.4	4181.3	4503.2	0.074	4263.9	4394.8
codec-U	U-deep-u-repeated	U-deep-u-repeated	ascii	incumbent-prod	decode-read	default	20	2004.0	1945.8	2218.0	0.136	1976.0	2030.0
codec-U	U-deep-u-repeated	U-deep-u-repeated	ascii	armonik	decode-read	default	20	2000.4	1931.6	2136.4	0.102	1977.9	2046.9
codec-U	U-deep-u-repeated	U-deep-u-repeated	ascii	core-native	decode-read	drop	20	1565.5	1530.0	1671.5	0.090	1551.3	1598.4
codec-U	U-deep-u-repeated	U-deep-u-repeated	ascii	core-ffi	decode-read	drop	20	2547.4	2488.8	2801.8	0.123	2519.9	2584.9
codec-U	U-deep-u-repeated	U-deep-u-repeated	ascii	core-ffi-pull	decode-read	drop	20	1958.1	1911.8	2214.0	0.154	1930.6	1993.2
codec-U	U-deep-u-repeated	U-deep-u-repeated	ascii	core-native	decode-read	retain	20	1651.2	1614.1	1887.8	0.166	1638.0	1688.6
codec-U	U-deep-u-repeated	U-deep-u-repeated	ascii	core-ffi	decode-read	retain	20	2886.6	2821.5	3211.6	0.135	2859.8	3017.6
codec-U	U-deep-u-repeated	U-deep-u-repeated	ascii	core-ffi-pull	decode-read	retain	20	2152.6	2075.2	2636.3	0.261	2120.6	2236.0
codec-U	U-oneof-u-fixed64	U-oneof-u-fixed64	ascii	incumbent-prod	decode	default	20	128.5	124.9	137.0	0.094	126.7	130.2
codec-U	U-oneof-u-fixed64	U-oneof-u-fixed64	ascii	armonik	decode	default	20	124.4	122.1	130.8	0.069	123.4	126.7
codec-U	U-oneof-u-fixed64	U-oneof-u-fixed64	ascii	core-native	decode	drop	20	87.8	86.1	90.9	0.055	87.2	88.6
codec-U	U-oneof-u-fixed64	U-oneof-u-fixed64	ascii	core-ffi	decode	drop	20	110.0	107.3	147.9	0.369	108.7	112.5
codec-U	U-oneof-u-fixed64	U-oneof-u-fixed64	ascii	core-ffi-pull	decode	drop	20	121.0	118.4	131.2	0.106	120.0	123.1
codec-U	U-oneof-u-fixed64	U-oneof-u-fixed64	ascii	core-native	decode	retain	20	106.7	104.2	111.7	0.071	105.3	108.4
codec-U	U-oneof-u-fixed64	U-oneof-u-fixed64	ascii	core-ffi	decode	retain	20	160.4	157.4	167.0	0.060	158.9	161.5
codec-U	U-oneof-u-fixed64	U-oneof-u-fixed64	ascii	core-ffi-pull	decode	retain	20	171.3	168.7	181.2	0.073	169.5	173.0
codec-U	U-wire-DualResponse-left-as-wt0	U-wire-DualResponse-left-as-wt0	ascii	core-native	encode	drop	20	41.4	38.7	45.6	0.167	40.5	43.8
codec-U	U-wire-DualResponse-left-as-wt0	U-wire-DualResponse-left-as-wt0	ascii	core-ffi	encode	drop	20	71.5	68.1	77.0	0.125	70.3	74.0
codec-U	U-wire-DualResponse-left-as-wt0	U-wire-DualResponse-left-as-wt0	ascii	core-native	encode	retain	20	56.4	54.3	58.8	0.080	55.9	57.7
codec-U	U-wire-DualResponse-left-as-wt0	U-wire-DualResponse-left-as-wt0	ascii	core-ffi	encode	retain	20	74.3	70.9	78.5	0.103	72.8	75.4
codec-U	U-oneof-group	U-oneof-group	ascii	incumbent-prod	decode	default	20	164.8	162.3	171.3	0.054	163.3	166.6
codec-U	U-oneof-group	U-oneof-group	ascii	armonik	decode	default	20	161.5	156.6	167.3	0.066	160.0	162.9
codec-U	U-oneof-group	U-oneof-group	ascii	core-native	decode	drop	20	105.9	104.8	106.9	0.020	105.6	106.6
codec-U	U-oneof-group	U-oneof-group	ascii	core-ffi	decode	drop	20	127.4	124.9	129.3	0.035	126.7	128.2
codec-U	U-oneof-group	U-oneof-group	ascii	core-ffi-pull	decode	drop	20	138.3	135.3	141.2	0.042	136.9	138.9
codec-U	U-oneof-group	U-oneof-group	ascii	core-native	decode	retain	20	125.0	122.7	126.8	0.033	124.3	125.3
codec-U	U-oneof-group	U-oneof-group	ascii	core-ffi	decode	retain	20	180.4	177.5	182.8	0.029	179.5	181.0
codec-U	U-oneof-group	U-oneof-group	ascii	core-ffi-pull	decode	retain	20	190.8	186.8	195.3	0.045	189.8	192.2
codec-U	U-root-max-tag	U-root-max-tag	ascii	incumbent-prod	decode-read	default	20	648.5	629.7	1179.8	0.848	645.5	662.0
codec-U	U-root-max-tag	U-root-max-tag	ascii	armonik	decode-read	default	20	688.1	672.4	1236.7	0.820	678.2	698.5
codec-U	U-root-max-tag	U-root-max-tag	ascii	core-native	decode-read	drop	20	550.1	523.1	565.1	0.076	542.2	555.5
codec-U	U-root-max-tag	U-root-max-tag	ascii	core-ffi	decode-read	drop	20	581.6	562.9	784.8	0.381	572.4	585.7
codec-U	U-root-max-tag	U-root-max-tag	ascii	core-ffi-pull	decode-read	drop	20	592.0	573.1	884.0	0.525	588.3	604.9
codec-U	U-root-max-tag	U-root-max-tag	ascii	core-native	decode-read	retain	20	556.3	527.2	991.5	0.835	538.9	563.4
codec-U	U-root-max-tag	U-root-max-tag	ascii	core-ffi	decode-read	retain	20	642.4	627.9	1112.0	0.754	636.3	654.6
codec-U	U-root-max-tag	U-root-max-tag	ascii	core-ffi-pull	decode-read	retain	20	654.1	635.7	1148.8	0.784	646.8	657.9
codec-U	U-deep-u-varint	U-deep-u-varint	ascii	incumbent-prod	decode	default	20	2046.8	1986.6	2306.9	0.156	2015.7	2074.0
codec-U	U-deep-u-varint	U-deep-u-varint	ascii	armonik	decode	default	20	2001.7	1952.7	2115.5	0.081	1976.6	2025.6
codec-U	U-deep-u-varint	U-deep-u-varint	ascii	core-native	decode	drop	20	1560.9	1528.7	1696.4	0.107	1552.2	1574.1
codec-U	U-deep-u-varint	U-deep-u-varint	ascii	core-ffi	decode	drop	20	2483.4	2392.0	2799.4	0.164	2419.5	2553.1
codec-U	U-deep-u-varint	U-deep-u-varint	ascii	core-ffi-pull	decode	drop	20	1933.5	1891.3	2086.3	0.101	1914.9	1953.9
codec-U	U-deep-u-varint	U-deep-u-varint	ascii	core-native	decode	retain	20	1627.3	1591.3	1704.8	0.070	1609.2	1643.8
codec-U	U-deep-u-varint	U-deep-u-varint	ascii	core-ffi	decode	retain	20	2749.4	2687.6	2949.7	0.095	2725.3	2776.2
codec-U	U-deep-u-varint	U-deep-u-varint	ascii	core-ffi-pull	decode	retain	20	2078.7	2021.6	2432.5	0.198	2061.9	2101.3
codec-U	U-deep-u-fixed32	U-deep-u-fixed32	ascii	incumbent-prod	decode-read	default	20	1994.0	1550.9	2209.9	0.331	1647.7	2029.8
codec-U	U-deep-u-fixed32	U-deep-u-fixed32	ascii	armonik	decode-read	default	20	1995.5	1539.1	2511.8	0.487	1645.9	2044.5
codec-U	U-deep-u-fixed32	U-deep-u-fixed32	ascii	core-native	decode-read	drop	20	1557.1	1198.7	1868.2	0.430	1274.4	1612.5
codec-U	U-deep-u-fixed32	U-deep-u-fixed32	ascii	core-ffi	decode-read	drop	20	2519.3	1950.8	2646.2	0.276	2273.2	2567.8
codec-U	U-deep-u-fixed32	U-deep-u-fixed32	ascii	core-ffi-pull	decode-read	drop	20	1971.3	1544.4	2660.5	0.566	1674.4	1999.7
codec-U	U-deep-u-fixed32	U-deep-u-fixed32	ascii	core-native	decode-read	retain	20	1587.2	1213.7	1681.9	0.295	1330.7	1617.4
codec-U	U-deep-u-fixed32	U-deep-u-fixed32	ascii	core-ffi	decode-read	retain	20	2823.4	2258.2	3157.4	0.318	2376.0	2914.4
codec-U	U-deep-u-fixed32	U-deep-u-fixed32	ascii	core-ffi-pull	decode-read	retain	20	2176.4	1677.8	2324.9	0.297	1817.8	2200.8
codec-U	U-wire-UploadResultDataMessage-upload-as-wt1	U-wire-UploadResultDataMessage-upload-as-wt1	ascii	core-native	decode	drop	20	75.3	71.7	93.1	0.283	74.1	77.0
codec-U	U-wire-UploadResultDataMessage-upload-as-wt1	U-wire-UploadResultDataMessage-upload-as-wt1	ascii	core-ffi	decode	drop	20	80.1	74.9	102.5	0.344	79.1	83.8
codec-U	U-wire-UploadResultDataMessage-upload-as-wt1	U-wire-UploadResultDataMessage-upload-as-wt1	ascii	core-ffi-pull	decode	drop	20	85.5	81.1	95.1	0.164	84.4	86.2
codec-U	U-wire-UploadResultDataMessage-upload-as-wt1	U-wire-UploadResultDataMessage-upload-as-wt1	ascii	core-native	decode	retain	20	86.4	82.1	94.2	0.140	85.6	87.1
codec-U	U-wire-UploadResultDataMessage-upload-as-wt1	U-wire-UploadResultDataMessage-upload-as-wt1	ascii	core-ffi	decode	retain	20	120.4	113.0	139.3	0.218	118.7	124.1
codec-U	U-wire-UploadResultDataMessage-upload-as-wt1	U-wire-UploadResultDataMessage-upload-as-wt1	ascii	core-ffi-pull	decode	retain	20	125.9	118.7	141.8	0.184	124.3	128.3
codec-U	U-root-all	U-root-all	ascii	incumbent-prod	encode	default	20	552.0	430.2	568.9	0.251	546.7	557.9
codec-U	U-root-all	U-root-all	ascii	armonik	encode	default	20	588.3	454.3	618.1	0.278	580.7	596.0
codec-U	U-root-all	U-root-all	ascii	core-native	encode	drop	20	106.1	82.3	111.7	0.277	105.7	107.2
codec-U	U-root-all	U-root-all	ascii	core-ffi	encode	drop	20	155.6	121.2	165.8	0.286	153.3	158.4
codec-U	U-root-all	U-root-all	ascii	core-native	encode	retain	20	120.0	90.8	130.2	0.329	118.2	121.7
codec-U	U-root-all	U-root-all	ascii	core-ffi	encode	retain	20	164.4	128.8	170.6	0.254	162.6	168.6
codec-U	U-oneof-before	U-oneof-before	ascii	incumbent-prod	encode	default	20	114.9	107.2	124.9	0.153	110.5	118.6
codec-U	U-oneof-before	U-oneof-before	ascii	armonik	encode	default	20	110.8	104.8	122.8	0.162	106.8	115.1
codec-U	U-oneof-before	U-oneof-before	ascii	core-native	encode	drop	20	23.3	22.3	24.2	0.083	23.0	23.7
codec-U	U-oneof-before	U-oneof-before	ascii	core-ffi	encode	drop	20	45.8	44.7	47.2	0.053	45.0	46.3
codec-U	U-oneof-before	U-oneof-before	ascii	core-native	encode	retain	20	29.6	29.0	30.2	0.039	29.4	29.8
codec-U	U-oneof-before	U-oneof-before	ascii	core-ffi	encode	retain	20	47.2	46.3	48.7	0.052	47.0	47.8
codec-U	U-nested-u-fixed32	U-nested-u-fixed32	ascii	incumbent-prod	encode	default	20	240.3	234.4	249.5	0.063	237.2	243.1
codec-U	U-nested-u-fixed32	U-nested-u-fixed32	ascii	armonik	encode	default	20	258.3	251.2	271.7	0.079	252.3	260.2
codec-U	U-nested-u-fixed32	U-nested-u-fixed32	ascii	core-native	encode	drop	20	49.5	48.6	54.1	0.111	49.0	50.3
codec-U	U-nested-u-fixed32	U-nested-u-fixed32	ascii	core-ffi	encode	drop	20	82.7	79.6	86.8	0.087	81.5	84.2
codec-U	U-nested-u-fixed32	U-nested-u-fixed32	ascii	core-native	encode	retain	20	65.9	60.6	70.6	0.152	65.1	67.0
codec-U	U-nested-u-fixed32	U-nested-u-fixed32	ascii	core-ffi	encode	retain	20	86.8	82.4	95.3	0.149	84.2	89.3
codec-U	U-wire-ListTaskSummaryResponse-tasks-as-wt0	U-wire-ListTaskSummaryResponse-tasks-as-wt0	ascii	core-native	encode	drop	20	234.2	223.9	242.1	0.078	228.7	236.2
codec-U	U-wire-ListTaskSummaryResponse-tasks-as-wt0	U-wire-ListTaskSummaryResponse-tasks-as-wt0	ascii	core-ffi	encode	drop	20	398.5	381.4	457.5	0.191	394.0	414.4
codec-U	U-wire-ListTaskSummaryResponse-tasks-as-wt0	U-wire-ListTaskSummaryResponse-tasks-as-wt0	ascii	core-native	encode	retain	20	259.1	253.5	294.9	0.160	258.1	262.6
codec-U	U-wire-ListTaskSummaryResponse-tasks-as-wt0	U-wire-ListTaskSummaryResponse-tasks-as-wt0	ascii	core-ffi	encode	retain	20	405.2	384.5	442.3	0.143	390.0	412.7
codec-U	U-element-u-packed	U-element-u-packed	ascii	incumbent-prod	decode	default	20	2045.5	1999.3	2173.3	0.085	2012.9	2059.5
codec-U	U-element-u-packed	U-element-u-packed	ascii	armonik	decode	default	20	1998.7	1954.8	2091.0	0.068	1978.6	2025.7
codec-U	U-element-u-packed	U-element-u-packed	ascii	core-native	decode	drop	20	1585.2	1554.5	1729.5	0.110	1574.8	1588.3
codec-U	U-element-u-packed	U-element-u-packed	ascii	core-ffi	decode	drop	20	2457.4	2392.5	2871.6	0.195	2424.3	2556.1
codec-U	U-element-u-packed	U-element-u-packed	ascii	core-ffi-pull	decode	drop	20	1917.6	1874.6	2132.1	0.134	1892.6	1953.3
codec-U	U-element-u-packed	U-element-u-packed	ascii	core-native	decode	retain	20	1634.3	1597.3	1755.9	0.097	1627.0	1645.6
codec-U	U-element-u-packed	U-element-u-packed	ascii	core-ffi	decode	retain	20	2763.3	2690.4	3094.4	0.146	2751.4	2787.9
codec-U	U-element-u-packed	U-element-u-packed	ascii	core-ffi-pull	decode	retain	20	2046.6	2003.3	2205.8	0.099	2027.7	2074.3
codec-U	U-root-u-len	U-root-u-len	ascii	incumbent-prod	decode-read	default	20	648.7	633.4	863.3	0.354	641.3	659.0
codec-U	U-root-u-len	U-root-u-len	ascii	armonik	decode-read	default	20	679.4	660.0	827.5	0.247	671.6	687.0
codec-U	U-root-u-len	U-root-u-len	ascii	core-native	decode-read	drop	20	540.9	523.8	621.6	0.181	536.9	545.5
codec-U	U-root-u-len	U-root-u-len	ascii	core-ffi	decode-read	drop	20	563.7	545.6	757.2	0.375	554.6	577.2
codec-U	U-root-u-len	U-root-u-len	ascii	core-ffi-pull	decode-read	drop	20	588.0	571.7	724.5	0.260	578.1	600.8
codec-U	U-root-u-len	U-root-u-len	ascii	core-native	decode-read	retain	20	544.5	525.6	708.2	0.335	537.0	555.4
codec-U	U-root-u-len	U-root-u-len	ascii	core-ffi	decode-read	retain	20	626.8	609.2	792.5	0.292	617.3	634.7
codec-U	U-root-u-len	U-root-u-len	ascii	core-ffi-pull	decode-read	retain	20	638.2	621.5	788.1	0.261	633.2	644.1
codec-U	U-root-interleaved	U-root-interleaved	ascii	incumbent-prod	decode-read	default	20	728.0	701.5	797.4	0.132	722.8	733.8
codec-U	U-root-interleaved	U-root-interleaved	ascii	armonik	decode-read	default	20	745.2	722.7	789.9	0.090	738.6	755.3
codec-U	U-root-interleaved	U-root-interleaved	ascii	core-native	decode-read	drop	20	558.9	541.5	666.2	0.223	545.0	561.5
codec-U	U-root-interleaved	U-root-interleaved	ascii	core-ffi	decode-read	drop	20	604.2	582.1	1562.7	1.623	599.8	614.6
codec-U	U-root-interleaved	U-root-interleaved	ascii	core-ffi-pull	decode-read	drop	20	634.1	613.8	660.0	0.073	622.4	645.7
codec-U	U-root-interleaved	U-root-interleaved	ascii	core-native	decode-read	retain	20	702.5	689.7	1035.9	0.493	694.8	724.6
codec-U	U-root-interleaved	U-root-interleaved	ascii	core-ffi	decode-read	retain	20	886.5	833.8	1161.3	0.369	876.4	895.4
codec-U	U-root-interleaved	U-root-interleaved	ascii	core-ffi-pull	decode-read	retain	20	926.1	857.1	1071.5	0.232	893.4	940.6
codec-U	U-enum-value-999	U-enum-value-999	ascii	incumbent-prod	decode	default	20	77.6	76.6	80.8	0.055	77.0	78.4
codec-U	U-enum-value-999	U-enum-value-999	ascii	armonik	decode	default	20	94.8	88.9	101.4	0.132	90.8	98.4
codec-U	U-enum-value-999	U-enum-value-999	ascii	core-native	decode	drop	20	75.4	64.9	102.9	0.504	73.3	81.2
codec-U	U-enum-value-999	U-enum-value-999	ascii	core-ffi	decode	drop	20	98.5	95.1	122.3	0.276	96.4	108.3
codec-U	U-enum-value-999	U-enum-value-999	ascii	core-ffi-pull	decode	drop	20	114.9	109.4	124.6	0.132	112.1	121.2
codec-U	U-enum-value-999	U-enum-value-999	ascii	core-native	decode	retain	20	72.7	69.1	85.8	0.229	70.7	83.2
codec-U	U-enum-value-999	U-enum-value-999	ascii	core-ffi	decode	retain	20	117.8	108.8	124.6	0.134	111.5	120.4
codec-U	U-enum-value-999	U-enum-value-999	ascii	core-ffi-pull	decode	retain	20	126.9	121.9	143.6	0.171	124.3	134.1
codec-U	U-element-all	U-element-all	ascii	incumbent-prod	encode	default	20	1099.0	1044.7	1228.2	0.167	1081.4	1197.6
codec-U	U-element-all	U-element-all	ascii	armonik	encode	default	20	1125.2	1015.4	1259.0	0.217	1095.8	1239.0
codec-U	U-element-all	U-element-all	ascii	core-native	encode	drop	20	231.1	225.4	252.8	0.119	228.4	246.1
codec-U	U-element-all	U-element-all	ascii	core-ffi	encode	drop	20	406.6	387.6	460.7	0.180	396.8	440.2
codec-U	U-element-all	U-element-all	ascii	core-native	encode	retain	20	287.9	270.1	321.9	0.180	283.1	311.8
codec-U	U-element-all	U-element-all	ascii	core-ffi	encode	retain	20	436.6	414.0	512.9	0.227	421.9	466.7
codec-U	U-oneof-u-repeated	U-oneof-u-repeated	ascii	incumbent-prod	decode-read	default	20	146.9	142.7	151.3	0.059	145.5	147.9
codec-U	U-oneof-u-repeated	U-oneof-u-repeated	ascii	armonik	decode-read	default	20	140.8	137.5	147.9	0.074	138.9	142.5
codec-U	U-oneof-u-repeated	U-oneof-u-repeated	ascii	core-native	decode-read	drop	20	99.8	98.3	104.4	0.061	99.3	100.5
codec-U	U-oneof-u-repeated	U-oneof-u-repeated	ascii	core-ffi	decode-read	drop	20	121.6	120.0	167.4	0.390	120.7	123.0
codec-U	U-oneof-u-repeated	U-oneof-u-repeated	ascii	core-ffi-pull	decode-read	drop	20	133.7	129.2	171.4	0.316	131.5	135.5
codec-U	U-oneof-u-repeated	U-oneof-u-repeated	ascii	core-native	decode-read	retain	20	128.8	126.6	150.9	0.189	127.8	130.7
codec-U	U-oneof-u-repeated	U-oneof-u-repeated	ascii	core-ffi	decode-read	retain	20	193.9	190.6	198.6	0.042	191.7	195.8
codec-U	U-oneof-u-repeated	U-oneof-u-repeated	ascii	core-ffi-pull	decode-read	retain	20	199.6	196.9	206.7	0.049	198.0	201.4
codec-U	U-deep-u-msg	U-deep-u-msg	ascii	incumbent-prod	decode-read	default	20	1816.9	1702.9	2294.2	0.325	1757.4	2136.2
codec-U	U-deep-u-msg	U-deep-u-msg	ascii	armonik	decode-read	default	20	1946.4	1650.3	2299.7	0.334	1689.2	2099.5
codec-U	U-deep-u-msg	U-deep-u-msg	ascii	core-native	decode-read	drop	20	1418.1	1286.0	1808.1	0.368	1357.4	1662.0
codec-U	U-deep-u-msg	U-deep-u-msg	ascii	core-ffi	decode-read	drop	20	2426.0	2018.0	2878.9	0.355	2127.9	2588.7
codec-U	U-deep-u-msg	U-deep-u-msg	ascii	core-ffi-pull	decode-read	drop	20	1742.8	1565.1	2187.7	0.357	1642.5	1983.2
codec-U	U-deep-u-msg	U-deep-u-msg	ascii	core-native	decode-read	retain	20	1432.0	1337.5	1875.2	0.376	1372.5	1732.2
codec-U	U-deep-u-msg	U-deep-u-msg	ascii	core-ffi	decode-read	retain	20	2510.6	2203.6	3142.1	0.374	2345.6	2908.8
codec-U	U-deep-u-msg	U-deep-u-msg	ascii	core-ffi-pull	decode-read	retain	20	1790.8	1678.0	2241.7	0.315	1761.3	2153.2
codec-U	U-leaf-u-repeated	U-leaf-u-repeated	ascii	incumbent-prod	decode	default	20	341.0	333.6	393.3	0.175	337.7	346.9
codec-U	U-leaf-u-repeated	U-leaf-u-repeated	ascii	armonik	decode	default	20	318.2	312.1	347.2	0.110	314.1	324.6
codec-U	U-leaf-u-repeated	U-leaf-u-repeated	ascii	core-native	decode	drop	20	239.2	235.4	273.8	0.160	237.9	241.3
codec-U	U-leaf-u-repeated	U-leaf-u-repeated	ascii	core-ffi	decode	drop	20	267.5	261.2	317.6	0.211	264.5	272.5
codec-U	U-leaf-u-repeated	U-leaf-u-repeated	ascii	core-ffi-pull	decode	drop	20	281.3	277.5	299.3	0.077	279.8	283.2
codec-U	U-leaf-u-repeated	U-leaf-u-repeated	ascii	core-native	decode	retain	20	291.7	284.3	330.6	0.159	288.9	298.8
codec-U	U-leaf-u-repeated	U-leaf-u-repeated	ascii	core-ffi	decode	retain	20	389.9	382.3	434.0	0.133	385.9	393.7
codec-U	U-leaf-u-repeated	U-leaf-u-repeated	ascii	core-ffi-pull	decode	retain	20	400.3	391.8	415.3	0.059	395.2	405.4
codec-U	U-element-u-fixed32	U-element-u-fixed32	ascii	incumbent-prod	encode	default	20	1205.7	1190.9	1233.8	0.036	1197.4	1215.8
codec-U	U-element-u-fixed32	U-element-u-fixed32	ascii	armonik	encode	default	20	1244.7	1228.5	1286.4	0.047	1239.9	1256.5
codec-U	U-element-u-fixed32	U-element-u-fixed32	ascii	core-native	encode	drop	20	254.6	249.1	262.3	0.052	253.8	256.0
codec-U	U-element-u-fixed32	U-element-u-fixed32	ascii	core-ffi	encode	drop	20	445.3	437.6	484.7	0.106	443.0	450.9
codec-U	U-element-u-fixed32	U-element-u-fixed32	ascii	core-native	encode	retain	20	300.5	287.7	324.9	0.124	295.6	305.2
codec-U	U-element-u-fixed32	U-element-u-fixed32	ascii	core-ffi	encode	retain	20	478.0	457.2	495.9	0.081	470.7	484.5
codec-U	U-element-u-fixed64	U-element-u-fixed64	ascii	incumbent-prod	decode	default	20	2041.6	1976.9	2131.1	0.076	1996.4	2068.1
codec-U	U-element-u-fixed64	U-element-u-fixed64	ascii	armonik	decode	default	20	1987.5	1941.6	2085.8	0.073	1970.3	2000.2
codec-U	U-element-u-fixed64	U-element-u-fixed64	ascii	core-native	decode	drop	20	1586.8	1545.1	1674.7	0.082	1564.3	1594.2
codec-U	U-element-u-fixed64	U-element-u-fixed64	ascii	core-ffi	decode	drop	20	2466.0	2420.0	2566.4	0.059	2453.5	2509.4
codec-U	U-element-u-fixed64	U-element-u-fixed64	ascii	core-ffi-pull	decode	drop	20	1920.8	1871.6	2044.5	0.090	1886.3	1953.6
codec-U	U-element-u-fixed64	U-element-u-fixed64	ascii	core-native	decode	retain	20	1629.7	1596.0	1731.1	0.083	1611.0	1662.1
codec-U	U-element-u-fixed64	U-element-u-fixed64	ascii	core-ffi	decode	retain	20	2808.6	2717.3	2909.1	0.068	2765.5	2855.8
codec-U	U-element-u-fixed64	U-element-u-fixed64	ascii	core-ffi-pull	decode	retain	20	2091.5	2028.5	2163.1	0.064	2074.3	2118.7
codec-U	U-wire-ListProbeResponse-probes-as-wt0	U-wire-ListProbeResponse-probes-as-wt0	ascii	core-native	encode	drop	20	43.3	42.1	48.4	0.147	43.1	43.6
codec-U	U-wire-ListProbeResponse-probes-as-wt0	U-wire-ListProbeResponse-probes-as-wt0	ascii	core-ffi	encode	drop	20	76.9	74.6	83.7	0.118	75.9	78.1
codec-U	U-wire-ListProbeResponse-probes-as-wt0	U-wire-ListProbeResponse-probes-as-wt0	ascii	core-native	encode	retain	20	47.4	45.7	53.3	0.161	46.8	48.1
codec-U	U-wire-ListProbeResponse-probes-as-wt0	U-wire-ListProbeResponse-probes-as-wt0	ascii	core-ffi	encode	retain	20	82.4	80.0	93.5	0.164	81.0	83.8
codec-U	U-leaf-u-repeated	U-leaf-u-repeated	ascii	incumbent-prod	encode	default	20	189.6	184.8	196.8	0.064	186.7	194.1
codec-U	U-leaf-u-repeated	U-leaf-u-repeated	ascii	armonik	encode	default	20	200.5	193.3	211.5	0.091	198.8	202.9
codec-U	U-leaf-u-repeated	U-leaf-u-repeated	ascii	core-native	encode	drop	20	39.2	38.5	40.8	0.058	39.1	39.6
codec-U	U-leaf-u-repeated	U-leaf-u-repeated	ascii	core-ffi	encode	drop	20	62.6	60.3	70.7	0.167	62.0	63.3
codec-U	U-leaf-u-repeated	U-leaf-u-repeated	ascii	core-native	encode	retain	20	48.8	46.4	54.6	0.167	48.1	50.9
codec-U	U-leaf-u-repeated	U-leaf-u-repeated	ascii	core-ffi	encode	retain	20	71.6	68.2	73.8	0.077	69.8	72.1
codec-U	U-wire-DualResponse-left-as-wt1	U-wire-DualResponse-left-as-wt1	ascii	core-native	decode	drop	20	168.7	164.4	174.1	0.057	168.1	170.4
codec-U	U-wire-DualResponse-left-as-wt1	U-wire-DualResponse-left-as-wt1	ascii	core-ffi	decode	drop	20	222.2	217.3	245.4	0.127	220.5	227.8
codec-U	U-wire-DualResponse-left-as-wt1	U-wire-DualResponse-left-as-wt1	ascii	core-ffi-pull	decode	drop	20	234.4	229.8	247.3	0.075	232.3	239.0
codec-U	U-wire-DualResponse-left-as-wt1	U-wire-DualResponse-left-as-wt1	ascii	core-native	decode	retain	20	193.0	188.8	212.8	0.124	191.0	197.7
codec-U	U-wire-DualResponse-left-as-wt1	U-wire-DualResponse-left-as-wt1	ascii	core-ffi	decode	retain	20	272.1	267.4	298.3	0.113	269.4	276.2
codec-U	U-wire-DualResponse-left-as-wt1	U-wire-DualResponse-left-as-wt1	ascii	core-ffi-pull	decode	retain	20	287.9	282.0	333.4	0.178	285.1	291.9
codec-U	U-deep-u-len	U-deep-u-len	ascii	incumbent-prod	encode	default	20	1217.2	1129.6	1420.5	0.239	1189.1	1253.7
codec-U	U-deep-u-len	U-deep-u-len	ascii	armonik	encode	default	20	1232.7	1136.8	1323.5	0.152	1210.0	1252.5
codec-U	U-deep-u-len	U-deep-u-len	ascii	core-native	encode	drop	20	257.9	240.9	289.6	0.189	250.2	264.9
codec-U	U-deep-u-len	U-deep-u-len	ascii	core-ffi	encode	drop	20	448.0	413.3	493.5	0.179	438.8	451.3
codec-U	U-deep-u-len	U-deep-u-len	ascii	core-native	encode	retain	20	298.0	276.5	335.7	0.199	292.9	304.4
codec-U	U-deep-u-len	U-deep-u-len	ascii	core-ffi	encode	retain	20	469.5	441.3	505.5	0.137	461.0	477.5
codec-U	U-wire-ListMetricsResponse-batches-as-wt5	U-wire-ListMetricsResponse-batches-as-wt5	ascii	core-native	decode	drop	20	1398.7	1311.5	1459.2	0.106	1366.6	1412.1
codec-U	U-wire-ListMetricsResponse-batches-as-wt5	U-wire-ListMetricsResponse-batches-as-wt5	ascii	core-ffi	decode	drop	20	1430.0	1354.1	1483.8	0.091	1398.7	1442.5
codec-U	U-wire-ListMetricsResponse-batches-as-wt5	U-wire-ListMetricsResponse-batches-as-wt5	ascii	core-ffi-pull	decode	drop	20	1326.9	1287.4	1533.4	0.185	1308.7	1366.1
codec-U	U-wire-ListMetricsResponse-batches-as-wt5	U-wire-ListMetricsResponse-batches-as-wt5	ascii	core-native	decode	retain	20	1360.7	1298.4	1537.8	0.176	1335.3	1384.3
codec-U	U-wire-ListMetricsResponse-batches-as-wt5	U-wire-ListMetricsResponse-batches-as-wt5	ascii	core-ffi	decode	retain	20	1492.2	1437.0	1553.3	0.078	1470.1	1526.3
codec-U	U-wire-ListMetricsResponse-batches-as-wt5	U-wire-ListMetricsResponse-batches-as-wt5	ascii	core-ffi-pull	decode	retain	20	1405.7	1370.3	1470.3	0.071	1392.2	1434.3
codec-U	U-leaf-u-fixed64	U-leaf-u-fixed64	ascii	incumbent-prod	decode	default	20	254.3	238.9	295.8	0.224	245.7	274.9
codec-U	U-leaf-u-fixed64	U-leaf-u-fixed64	ascii	armonik	decode	default	20	252.6	239.1	282.3	0.171	244.9	269.8
codec-U	U-leaf-u-fixed64	U-leaf-u-fixed64	ascii	core-native	decode	drop	20	200.0	185.2	221.2	0.180	189.8	211.3
codec-U	U-leaf-u-fixed64	U-leaf-u-fixed64	ascii	core-ffi	decode	drop	20	220.9	206.6	244.7	0.172	215.7	233.3
codec-U	U-leaf-u-fixed64	U-leaf-u-fixed64	ascii	core-ffi-pull	decode	drop	20	231.1	218.4	260.4	0.182	222.9	240.4
codec-U	U-leaf-u-fixed64	U-leaf-u-fixed64	ascii	core-native	decode	retain	20	221.5	205.4	259.4	0.244	212.2	231.0
codec-U	U-leaf-u-fixed64	U-leaf-u-fixed64	ascii	core-ffi	decode	retain	20	288.2	267.6	360.2	0.321	273.6	308.7
codec-U	U-leaf-u-fixed64	U-leaf-u-fixed64	ascii	core-ffi-pull	decode	retain	20	304.6	278.0	383.3	0.346	288.5	320.2
codec-U	U-deep-u-fixed32	U-deep-u-fixed32	ascii	incumbent-prod	encode	default	20	1199.3	1081.1	1307.0	0.188	1115.2	1224.8
codec-U	U-deep-u-fixed32	U-deep-u-fixed32	ascii	armonik	encode	default	20	1222.7	1024.1	1279.7	0.209	1128.8	1236.4
codec-U	U-deep-u-fixed32	U-deep-u-fixed32	ascii	core-native	encode	drop	20	248.8	204.9	284.0	0.318	231.8	252.8
codec-U	U-deep-u-fixed32	U-deep-u-fixed32	ascii	core-ffi	encode	drop	20	442.2	377.3	543.5	0.376	412.8	454.6
codec-U	U-deep-u-fixed32	U-deep-u-fixed32	ascii	core-native	encode	retain	20	286.7	237.7	341.4	0.362	274.4	297.6
codec-U	U-deep-u-fixed32	U-deep-u-fixed32	ascii	core-ffi	encode	retain	20	469.5	422.7	536.5	0.242	442.5	479.6
codec-U	U-deep-u-msg	U-deep-u-msg	ascii	incumbent-prod	encode	default	20	1205.0	1183.5	1286.7	0.086	1198.0	1210.9
codec-U	U-deep-u-msg	U-deep-u-msg	ascii	armonik	encode	default	20	1237.5	1217.0	1290.4	0.059	1229.4	1255.7
codec-U	U-deep-u-msg	U-deep-u-msg	ascii	core-native	encode	drop	20	254.1	249.7	263.7	0.055	252.8	256.4
codec-U	U-deep-u-msg	U-deep-u-msg	ascii	core-ffi	encode	drop	20	447.5	437.7	466.9	0.065	443.2	454.3
codec-U	U-deep-u-msg	U-deep-u-msg	ascii	core-native	encode	retain	20	297.9	286.8	319.0	0.108	293.8	300.5
codec-U	U-deep-u-msg	U-deep-u-msg	ascii	core-ffi	encode	retain	20	471.5	459.2	487.4	0.060	467.5	475.4
codec-U	U-wire-DualResponse-left-as-wt5	U-wire-DualResponse-left-as-wt5	ascii	core-native	encode	drop	20	43.2	40.0	48.1	0.187	40.7	43.9
codec-U	U-wire-DualResponse-left-as-wt5	U-wire-DualResponse-left-as-wt5	ascii	core-ffi	encode	drop	20	71.6	68.9	82.0	0.184	71.0	77.1
codec-U	U-wire-DualResponse-left-as-wt5	U-wire-DualResponse-left-as-wt5	ascii	core-native	encode	retain	20	57.5	56.0	66.7	0.186	56.7	58.6
codec-U	U-wire-DualResponse-left-as-wt5	U-wire-DualResponse-left-as-wt5	ascii	core-ffi	encode	retain	20	76.3	71.2	83.8	0.165	73.3	77.6
codec-U	U-nested-u-len	U-nested-u-len	ascii	incumbent-prod	encode	default	20	217.6	193.6	257.9	0.296	202.7	238.4
codec-U	U-nested-u-len	U-nested-u-len	ascii	armonik	encode	default	20	227.2	209.7	273.7	0.282	211.3	254.2
codec-U	U-nested-u-len	U-nested-u-len	ascii	core-native	encode	drop	20	44.3	40.2	52.6	0.280	41.2	49.8
codec-U	U-nested-u-len	U-nested-u-len	ascii	core-ffi	encode	drop	20	74.6	65.3	86.8	0.288	67.2	83.6
codec-U	U-nested-u-len	U-nested-u-len	ascii	core-native	encode	retain	20	56.4	49.4	67.9	0.329	53.3	64.6
codec-U	U-nested-u-len	U-nested-u-len	ascii	core-ffi	encode	retain	20	76.9	68.9	101.4	0.422	72.1	86.4
codec-U	U-nested-u-len	U-nested-u-len	ascii	incumbent-prod	decode-read	default	20	315.0	304.2	344.0	0.127	308.2	317.3
codec-U	U-nested-u-len	U-nested-u-len	ascii	armonik	decode-read	default	20	312.6	300.1	348.6	0.155	307.7	318.0
codec-U	U-nested-u-len	U-nested-u-len	ascii	core-native	decode-read	drop	20	247.6	232.9	302.4	0.281	235.8	253.2
codec-U	U-nested-u-len	U-nested-u-len	ascii	core-ffi	decode-read	drop	20	271.5	258.7	308.9	0.185	263.7	277.0
codec-U	U-nested-u-len	U-nested-u-len	ascii	core-ffi-pull	decode-read	drop	20	282.9	273.5	303.3	0.105	278.1	289.4
codec-U	U-nested-u-len	U-nested-u-len	ascii	core-native	decode-read	retain	20	258.8	243.9	281.6	0.146	251.0	264.3
codec-U	U-nested-u-len	U-nested-u-len	ascii	core-ffi	decode-read	retain	20	331.0	319.6	345.4	0.078	325.7	336.0
codec-U	U-nested-u-len	U-nested-u-len	ascii	core-ffi-pull	decode-read	retain	20	337.2	321.9	357.0	0.104	326.4	343.4
codec-U	U-wire-ListTaskSummaryResponse-tasks-as-wt5	U-wire-ListTaskSummaryResponse-tasks-as-wt5	ascii	core-native	decode-read	drop	20	1666.9	1635.8	1835.4	0.120	1650.1	1671.2
codec-U	U-wire-ListTaskSummaryResponse-tasks-as-wt5	U-wire-ListTaskSummaryResponse-tasks-as-wt5	ascii	core-ffi	decode-read	drop	20	1912.1	1874.6	2006.8	0.069	1902.7	1944.3
codec-U	U-wire-ListTaskSummaryResponse-tasks-as-wt5	U-wire-ListTaskSummaryResponse-tasks-as-wt5	ascii	core-ffi-pull	decode-read	drop	20	1937.9	1912.1	1979.0	0.035	1925.6	1950.6
codec-U	U-wire-ListTaskSummaryResponse-tasks-as-wt5	U-wire-ListTaskSummaryResponse-tasks-as-wt5	ascii	core-native	decode-read	retain	20	1698.5	1673.7	1840.0	0.098	1686.9	1720.1
codec-U	U-wire-ListTaskSummaryResponse-tasks-as-wt5	U-wire-ListTaskSummaryResponse-tasks-as-wt5	ascii	core-ffi	decode-read	retain	20	1976.6	1945.6	2048.4	0.052	1970.1	1998.8
codec-U	U-wire-ListTaskSummaryResponse-tasks-as-wt5	U-wire-ListTaskSummaryResponse-tasks-as-wt5	ascii	core-ffi-pull	decode-read	retain	20	2037.2	2008.2	2282.6	0.135	2016.3	2052.6
codec-U	U-root-interleaved	U-root-interleaved	ascii	incumbent-prod	decode	default	20	704.1	682.0	750.1	0.097	692.6	707.7
codec-U	U-root-interleaved	U-root-interleaved	ascii	armonik	decode	default	20	733.2	715.4	770.9	0.076	725.8	745.9
codec-U	U-root-interleaved	U-root-interleaved	ascii	core-native	decode	drop	20	528.7	510.1	546.5	0.069	516.7	534.6
codec-U	U-root-interleaved	U-root-interleaved	ascii	core-ffi	decode	drop	20	576.9	558.8	592.1	0.058	567.9	585.0
codec-U	U-root-interleaved	U-root-interleaved	ascii	core-ffi-pull	decode	drop	20	590.8	574.6	612.2	0.064	582.2	598.0
codec-U	U-root-interleaved	U-root-interleaved	ascii	core-native	decode	retain	20	670.9	654.7	695.4	0.061	661.2	682.7
codec-U	U-root-interleaved	U-root-interleaved	ascii	core-ffi	decode	retain	20	841.3	823.7	896.5	0.087	833.6	849.6
codec-U	U-root-interleaved	U-root-interleaved	ascii	core-ffi-pull	decode	retain	20	848.9	835.2	860.2	0.029	843.1	855.9
codec-U	U-wire-ListTaskSummaryResponse-tasks-as-wt0	U-wire-ListTaskSummaryResponse-tasks-as-wt0	ascii	core-native	decode	drop	20	1599.2	1580.5	1625.2	0.028	1594.2	1606.9
codec-U	U-wire-ListTaskSummaryResponse-tasks-as-wt0	U-wire-ListTaskSummaryResponse-tasks-as-wt0	ascii	core-ffi	decode	drop	20	1810.9	1776.9	1889.3	0.062	1801.9	1832.0
codec-U	U-wire-ListTaskSummaryResponse-tasks-as-wt0	U-wire-ListTaskSummaryResponse-tasks-as-wt0	ascii	core-ffi-pull	decode	drop	20	1842.8	1808.3	1924.6	0.063	1834.9	1855.3
codec-U	U-wire-ListTaskSummaryResponse-tasks-as-wt0	U-wire-ListTaskSummaryResponse-tasks-as-wt0	ascii	core-native	decode	retain	20	1673.0	1651.2	1710.6	0.036	1666.7	1678.5
codec-U	U-wire-ListTaskSummaryResponse-tasks-as-wt0	U-wire-ListTaskSummaryResponse-tasks-as-wt0	ascii	core-ffi	decode	retain	20	1945.9	1917.4	2125.4	0.107	1940.4	1964.7
codec-U	U-wire-ListTaskSummaryResponse-tasks-as-wt0	U-wire-ListTaskSummaryResponse-tasks-as-wt0	ascii	core-ffi-pull	decode	retain	20	1971.3	1936.3	2067.1	0.066	1961.3	2005.0
codec-U	U-oneof-member-before-known	U-oneof-member-before-known	ascii	incumbent-prod	encode	default	20	119.1	107.4	124.2	0.141	115.8	121.0
codec-U	U-oneof-member-before-known	U-oneof-member-before-known	ascii	armonik	encode	default	20	110.7	105.8	120.9	0.136	108.9	114.5
codec-U	U-oneof-member-before-known	U-oneof-member-before-known	ascii	core-native	encode	drop	20	23.3	22.2	25.9	0.160	23.1	23.5
codec-U	U-oneof-member-before-known	U-oneof-member-before-known	ascii	core-ffi	encode	drop	20	46.5	45.3	50.3	0.107	46.0	47.1
codec-U	U-oneof-member-before-known	U-oneof-member-before-known	ascii	core-native	encode	retain	20	25.1	24.0	26.6	0.101	24.6	25.5
codec-U	U-oneof-member-before-known	U-oneof-member-before-known	ascii	core-ffi	encode	retain	20	46.0	45.0	58.9	0.301	45.7	46.5
codec-U	U-root-u-msg	U-root-u-msg	ascii	incumbent-prod	decode	default	20	616.2	598.5	630.3	0.052	611.3	623.7
codec-U	U-root-u-msg	U-root-u-msg	ascii	armonik	decode	default	20	657.0	634.8	670.6	0.054	648.7	662.6
codec-U	U-root-u-msg	U-root-u-msg	ascii	core-native	decode	drop	20	527.8	521.5	599.3	0.147	526.0	533.4
codec-U	U-root-u-msg	U-root-u-msg	ascii	core-ffi	decode	drop	20	551.7	543.9	563.8	0.036	547.3	558.2
codec-U	U-root-u-msg	U-root-u-msg	ascii	core-ffi-pull	decode	drop	20	565.4	560.8	580.5	0.035	563.3	570.4
codec-U	U-root-u-msg	U-root-u-msg	ascii	core-native	decode	retain	20	513.2	502.8	519.1	0.032	508.3	515.2
codec-U	U-root-u-msg	U-root-u-msg	ascii	core-ffi	decode	retain	20	623.3	612.7	634.3	0.035	620.7	628.7
codec-U	U-root-u-msg	U-root-u-msg	ascii	core-ffi-pull	decode	retain	20	636.7	627.5	653.8	0.041	631.6	640.7
codec-U	U-wire-ListResultsResponse-page-as-wt5	U-wire-ListResultsResponse-page-as-wt5	ascii	core-native	decode	drop	20	501.4	490.8	522.0	0.062	498.6	504.1
codec-U	U-wire-ListResultsResponse-page-as-wt5	U-wire-ListResultsResponse-page-as-wt5	ascii	core-ffi	decode	drop	20	534.8	523.8	627.2	0.193	530.4	543.8
codec-U	U-wire-ListResultsResponse-page-as-wt5	U-wire-ListResultsResponse-page-as-wt5	ascii	core-ffi-pull	decode	drop	20	554.5	545.1	592.1	0.085	551.3	558.4
codec-U	U-wire-ListResultsResponse-page-as-wt5	U-wire-ListResultsResponse-page-as-wt5	ascii	core-native	decode	retain	20	509.5	501.1	526.8	0.051	506.3	514.0
codec-U	U-wire-ListResultsResponse-page-as-wt5	U-wire-ListResultsResponse-page-as-wt5	ascii	core-ffi	decode	retain	20	597.1	578.4	625.5	0.079	593.5	600.0
codec-U	U-wire-ListResultsResponse-page-as-wt5	U-wire-ListResultsResponse-page-as-wt5	ascii	core-ffi-pull	decode	retain	20	608.3	599.2	632.5	0.055	604.4	612.6
codec-U	U-leaf-u-fixed32	U-leaf-u-fixed32	ascii	incumbent-prod	decode-read	default	20	320.0	309.5	324.2	0.046	316.6	321.3
codec-U	U-leaf-u-fixed32	U-leaf-u-fixed32	ascii	armonik	decode-read	default	20	325.5	319.3	340.8	0.066	323.6	329.1
codec-U	U-leaf-u-fixed32	U-leaf-u-fixed32	ascii	core-native	decode-read	drop	20	265.0	256.3	278.8	0.085	260.7	273.2
codec-U	U-leaf-u-fixed32	U-leaf-u-fixed32	ascii	core-ffi	decode-read	drop	20	288.7	279.7	297.6	0.062	284.1	293.3
codec-U	U-leaf-u-fixed32	U-leaf-u-fixed32	ascii	core-ffi-pull	decode-read	drop	20	303.2	292.2	316.5	0.080	299.0	306.1
codec-U	U-leaf-u-fixed32	U-leaf-u-fixed32	ascii	core-native	decode-read	retain	20	296.1	284.2	343.7	0.201	290.6	301.7
codec-U	U-leaf-u-fixed32	U-leaf-u-fixed32	ascii	core-ffi	decode-read	retain	20	374.5	361.8	386.8	0.067	371.8	377.8
codec-U	U-leaf-u-fixed32	U-leaf-u-fixed32	ascii	core-ffi-pull	decode-read	retain	20	385.0	375.4	393.2	0.046	380.1	390.3
codec-U	U-wire-DualResponse-left-as-wt0	U-wire-DualResponse-left-as-wt0	ascii	core-native	decode	drop	20	166.2	164.4	184.4	0.121	165.3	170.0
codec-U	U-wire-DualResponse-left-as-wt0	U-wire-DualResponse-left-as-wt0	ascii	core-ffi	decode	drop	20	218.9	216.5	241.2	0.113	218.2	220.3
codec-U	U-wire-DualResponse-left-as-wt0	U-wire-DualResponse-left-as-wt0	ascii	core-ffi-pull	decode	drop	20	233.3	228.5	244.3	0.068	232.0	233.9
codec-U	U-wire-DualResponse-left-as-wt0	U-wire-DualResponse-left-as-wt0	ascii	core-native	decode	retain	20	191.9	188.7	204.6	0.083	189.8	193.8
codec-U	U-wire-DualResponse-left-as-wt0	U-wire-DualResponse-left-as-wt0	ascii	core-ffi	decode	retain	20	271.4	266.3	284.3	0.066	269.4	274.3
codec-U	U-wire-DualResponse-left-as-wt0	U-wire-DualResponse-left-as-wt0	ascii	core-ffi-pull	decode	retain	20	287.0	278.1	322.9	0.156	282.6	292.9
codec-U	U-root-max-tag	U-root-max-tag	ascii	incumbent-prod	decode	default	20	627.3	607.7	659.5	0.083	618.5	636.6
codec-U	U-root-max-tag	U-root-max-tag	ascii	armonik	decode	default	20	656.7	640.8	700.7	0.091	652.4	665.8
codec-U	U-root-max-tag	U-root-max-tag	ascii	core-native	decode	drop	20	511.4	497.6	548.1	0.099	507.5	519.7
codec-U	U-root-max-tag	U-root-max-tag	ascii	core-ffi	decode	drop	20	555.1	545.9	579.4	0.060	552.1	563.5
codec-U	U-root-max-tag	U-root-max-tag	ascii	core-ffi-pull	decode	drop	20	571.7	559.3	661.4	0.179	565.0	581.4
codec-U	U-root-max-tag	U-root-max-tag	ascii	core-native	decode	retain	20	517.9	509.6	533.2	0.046	514.7	519.8
codec-U	U-root-max-tag	U-root-max-tag	ascii	core-ffi	decode	retain	20	626.9	614.4	665.8	0.082	625.6	635.4
codec-U	U-root-max-tag	U-root-max-tag	ascii	core-ffi-pull	decode	retain	20	640.0	625.6	687.0	0.096	635.2	656.4
codec-U	U-deep-u-fixed32	U-deep-u-fixed32	ascii	incumbent-prod	decode	default	20	2074.6	2043.2	2917.6	0.421	2059.3	2123.1
codec-U	U-deep-u-fixed32	U-deep-u-fixed32	ascii	armonik	decode	default	20	2021.8	1932.1	2867.4	0.463	1970.2	2064.5
codec-U	U-deep-u-fixed32	U-deep-u-fixed32	ascii	core-native	decode	drop	20	1613.3	1524.0	2291.0	0.475	1564.5	1639.0
codec-U	U-deep-u-fixed32	U-deep-u-fixed32	ascii	core-ffi	decode	drop	20	2507.5	2466.6	3674.5	0.482	2487.8	2561.3
codec-U	U-deep-u-fixed32	U-deep-u-fixed32	ascii	core-ffi-pull	decode	drop	20	1935.8	1889.9	2110.7	0.114	1916.6	1968.1
codec-U	U-deep-u-fixed32	U-deep-u-fixed32	ascii	core-native	decode	retain	20	1710.3	1581.4	1830.5	0.146	1599.3	1723.4
codec-U	U-deep-u-fixed32	U-deep-u-fixed32	ascii	core-ffi	decode	retain	20	2855.6	2784.7	3590.7	0.282	2811.6	2910.2
codec-U	U-deep-u-fixed32	U-deep-u-fixed32	ascii	core-ffi-pull	decode	retain	20	2185.8	2130.2	2651.9	0.239	2156.9	2210.5
codec-U	U-wire-ListTasksDetailedResponse-tasks-as-wt0	U-wire-ListTasksDetailedResponse-tasks-as-wt0	ascii	core-native	decode-read	drop	20	3665.3	3576.0	3896.3	0.087	3623.7	3709.4
codec-U	U-wire-ListTasksDetailedResponse-tasks-as-wt0	U-wire-ListTasksDetailedResponse-tasks-as-wt0	ascii	core-ffi	decode-read	drop	20	5565.9	5484.9	6153.1	0.120	5518.3	5640.9
codec-U	U-wire-ListTasksDetailedResponse-tasks-as-wt0	U-wire-ListTasksDetailedResponse-tasks-as-wt0	ascii	core-ffi-pull	decode-read	drop	20	4382.4	4337.7	4556.2	0.050	4361.8	4417.7
codec-U	U-wire-ListTasksDetailedResponse-tasks-as-wt0	U-wire-ListTasksDetailedResponse-tasks-as-wt0	ascii	core-native	decode-read	retain	20	3789.9	3711.4	4197.7	0.128	3778.5	3887.2
codec-U	U-wire-ListTasksDetailedResponse-tasks-as-wt0	U-wire-ListTasksDetailedResponse-tasks-as-wt0	ascii	core-ffi	decode-read	retain	20	5914.0	5818.4	6509.6	0.117	5889.1	5953.7
codec-U	U-wire-ListTasksDetailedResponse-tasks-as-wt0	U-wire-ListTasksDetailedResponse-tasks-as-wt0	ascii	core-ffi-pull	decode-read	retain	20	4548.6	4458.9	5453.3	0.219	4504.8	4598.2
codec-U	U-root-group	U-root-group	ascii	incumbent-prod	encode	default	20	547.6	534.2	574.0	0.073	544.0	554.3
codec-U	U-root-group	U-root-group	ascii	armonik	encode	default	20	581.8	567.7	605.3	0.065	577.6	588.0
codec-U	U-root-group	U-root-group	ascii	core-native	encode	drop	20	105.8	104.5	110.7	0.059	105.1	106.7
codec-U	U-root-group	U-root-group	ascii	core-ffi	encode	drop	20	155.2	152.8	160.7	0.051	153.9	156.2
codec-U	U-root-group	U-root-group	ascii	core-native	encode	retain	20	121.0	118.0	148.7	0.253	120.1	123.7
codec-U	U-root-group	U-root-group	ascii	core-ffi	encode	retain	20	165.0	161.1	175.1	0.085	164.5	166.9
codec-U	U-oneof-u-varint	U-oneof-u-varint	ascii	incumbent-prod	encode	default	20	113.6	109.1	127.1	0.158	112.2	119.3
codec-U	U-oneof-u-varint	U-oneof-u-varint	ascii	armonik	encode	default	20	112.0	106.9	119.6	0.114	109.1	113.9
codec-U	U-oneof-u-varint	U-oneof-u-varint	ascii	core-native	encode	drop	20	23.1	22.4	23.7	0.055	23.0	23.3
codec-U	U-oneof-u-varint	U-oneof-u-varint	ascii	core-ffi	encode	drop	20	45.7	43.9	47.1	0.069	45.5	46.2
codec-U	U-oneof-u-varint	U-oneof-u-varint	ascii	core-native	encode	retain	20	25.0	24.0	26.1	0.087	24.7	25.4
codec-U	U-oneof-u-varint	U-oneof-u-varint	ascii	core-ffi	encode	retain	20	45.9	44.6	46.6	0.044	45.6	46.0
codec-U	U-wire-ListProbeResponse-probes-as-wt5	U-wire-ListProbeResponse-probes-as-wt5	ascii	core-native	decode-read	drop	20	191.0	179.1	254.1	0.393	189.1	193.0
codec-U	U-wire-ListProbeResponse-probes-as-wt5	U-wire-ListProbeResponse-probes-as-wt5	ascii	core-ffi	decode-read	drop	20	227.7	222.7	230.7	0.035	225.7	228.6
codec-U	U-wire-ListProbeResponse-probes-as-wt5	U-wire-ListProbeResponse-probes-as-wt5	ascii	core-ffi-pull	decode-read	drop	20	246.3	233.6	251.8	0.074	241.9	248.3
codec-U	U-wire-ListProbeResponse-probes-as-wt5	U-wire-ListProbeResponse-probes-as-wt5	ascii	core-native	decode-read	retain	20	213.1	204.5	220.2	0.074	210.6	215.2
codec-U	U-wire-ListProbeResponse-probes-as-wt5	U-wire-ListProbeResponse-probes-as-wt5	ascii	core-ffi	decode-read	retain	20	285.0	269.2	301.7	0.114	282.0	288.0
codec-U	U-wire-ListProbeResponse-probes-as-wt5	U-wire-ListProbeResponse-probes-as-wt5	ascii	core-ffi-pull	decode-read	retain	20	295.0	276.6	340.2	0.216	293.0	299.5
codec-U	U-leaf-all	U-leaf-all	ascii	incumbent-prod	encode	default	20	230.1	223.6	243.1	0.085	227.8	237.7
codec-U	U-leaf-all	U-leaf-all	ascii	armonik	encode	default	20	245.3	236.8	259.1	0.091	242.9	252.6
codec-U	U-leaf-all	U-leaf-all	ascii	core-native	encode	drop	20	47.4	45.4	52.0	0.140	46.1	48.8
codec-U	U-leaf-all	U-leaf-all	ascii	core-ffi	encode	drop	20	80.8	77.5	85.4	0.098	78.9	82.5
codec-U	U-leaf-all	U-leaf-all	ascii	core-native	encode	retain	20	73.5	67.4	78.4	0.150	72.5	74.0
codec-U	U-leaf-all	U-leaf-all	ascii	core-ffi	encode	retain	20	98.0	95.9	107.7	0.121	96.7	99.3
codec-U	U-root-u-repeated	U-root-u-repeated	ascii	incumbent-prod	encode	default	20	551.3	480.7	585.3	0.190	541.4	558.5
codec-U	U-root-u-repeated	U-root-u-repeated	ascii	armonik	encode	default	20	583.0	562.5	613.9	0.088	577.3	591.7
codec-U	U-root-u-repeated	U-root-u-repeated	ascii	core-native	encode	drop	20	108.4	103.9	127.9	0.221	106.0	111.0
codec-U	U-root-u-repeated	U-root-u-repeated	ascii	core-ffi	encode	drop	20	156.1	151.3	194.4	0.276	154.9	158.6
codec-U	U-root-u-repeated	U-root-u-repeated	ascii	core-native	encode	retain	20	121.1	103.9	138.2	0.283	120.5	123.3
codec-U	U-root-u-repeated	U-root-u-repeated	ascii	core-ffi	encode	retain	20	165.8	136.1	234.1	0.591	163.6	170.7
codec-U	U-oneof-before	U-oneof-before	ascii	incumbent-prod	decode	default	20	169.6	159.8	180.7	0.123	166.7	173.2
codec-U	U-oneof-before	U-oneof-before	ascii	armonik	decode	default	20	159.5	153.8	170.6	0.105	155.3	165.8
codec-U	U-oneof-before	U-oneof-before	ascii	core-native	decode	drop	20	94.7	89.4	99.8	0.109	92.3	96.5
codec-U	U-oneof-before	U-oneof-before	ascii	core-ffi	decode	drop	20	114.6	109.4	118.3	0.078	111.9	116.3
codec-U	U-oneof-before	U-oneof-before	ascii	core-ffi-pull	decode	drop	20	126.6	119.5	158.8	0.310	121.6	127.4
codec-U	U-oneof-before	U-oneof-before	ascii	core-native	decode	retain	20	184.3	178.0	220.5	0.230	180.8	190.0
codec-U	U-oneof-before	U-oneof-before	ascii	core-ffi	decode	retain	20	305.0	289.5	423.2	0.438	292.7	310.8
codec-U	U-oneof-before	U-oneof-before	ascii	core-ffi-pull	decode	retain	20	307.7	297.7	382.1	0.274	301.3	315.4
codec-U	U-deep-u-repeated	U-deep-u-repeated	ascii	incumbent-prod	encode	default	20	1221.5	1183.4	1570.8	0.317	1209.1	1241.8
codec-U	U-deep-u-repeated	U-deep-u-repeated	ascii	armonik	encode	default	20	1250.5	1215.2	1520.8	0.244	1232.4	1272.3
codec-U	U-deep-u-repeated	U-deep-u-repeated	ascii	core-native	encode	drop	20	254.3	247.7	294.9	0.185	252.6	256.4
codec-U	U-deep-u-repeated	U-deep-u-repeated	ascii	core-ffi	encode	drop	20	447.3	439.8	526.4	0.194	443.4	458.0
codec-U	U-deep-u-repeated	U-deep-u-repeated	ascii	core-native	encode	retain	20	299.0	287.6	316.2	0.096	294.6	303.1
codec-U	U-deep-u-repeated	U-deep-u-repeated	ascii	core-ffi	encode	retain	20	476.7	461.4	507.4	0.097	470.8	483.3
codec-U	U-wire-ListResultsResponse-results-as-wt5	U-wire-ListResultsResponse-results-as-wt5	ascii	core-native	decode	drop	20	480.9	473.0	569.9	0.201	478.4	486.6
codec-U	U-wire-ListResultsResponse-results-as-wt5	U-wire-ListResultsResponse-results-as-wt5	ascii	core-ffi	decode	drop	20	515.0	505.9	629.8	0.240	510.6	522.9
codec-U	U-wire-ListResultsResponse-results-as-wt5	U-wire-ListResultsResponse-results-as-wt5	ascii	core-ffi-pull	decode	drop	20	526.2	521.3	639.5	0.225	524.4	530.0
codec-U	U-wire-ListResultsResponse-results-as-wt5	U-wire-ListResultsResponse-results-as-wt5	ascii	core-native	decode	retain	20	484.2	475.7	570.4	0.195	478.0	492.2
codec-U	U-wire-ListResultsResponse-results-as-wt5	U-wire-ListResultsResponse-results-as-wt5	ascii	core-ffi	decode	retain	20	576.1	560.3	596.6	0.063	570.3	580.9
codec-U	U-wire-ListResultsResponse-results-as-wt5	U-wire-ListResultsResponse-results-as-wt5	ascii	core-ffi-pull	decode	retain	20	583.3	572.4	605.7	0.057	579.5	588.8
codec-U	U-wire-UploadResultDataMessage-upload-as-wt0	U-wire-UploadResultDataMessage-upload-as-wt0	ascii	core-native	encode	drop	20	16.3	15.1	17.5	0.150	15.6	16.6
codec-U	U-wire-UploadResultDataMessage-upload-as-wt0	U-wire-UploadResultDataMessage-upload-as-wt0	ascii	core-ffi	encode	drop	20	28.3	27.7	30.7	0.109	28.1	29.7
codec-U	U-wire-UploadResultDataMessage-upload-as-wt0	U-wire-UploadResultDataMessage-upload-as-wt0	ascii	core-native	encode	retain	20	19.7	19.2	21.6	0.120	19.5	20.7
codec-U	U-wire-UploadResultDataMessage-upload-as-wt0	U-wire-UploadResultDataMessage-upload-as-wt0	ascii	core-ffi	encode	retain	20	31.5	29.3	33.2	0.122	30.1	32.5
codec-U	U-leaf-u-packed	U-leaf-u-packed	ascii	incumbent-prod	decode-read	default	20	282.3	263.9	339.3	0.267	268.8	306.7
codec-U	U-leaf-u-packed	U-leaf-u-packed	ascii	armonik	decode-read	default	20	266.3	251.9	373.8	0.458	257.4	296.4
codec-U	U-leaf-u-packed	U-leaf-u-packed	ascii	core-native	decode-read	drop	20	209.1	195.1	298.9	0.496	199.9	228.4
codec-U	U-leaf-u-packed	U-leaf-u-packed	ascii	core-ffi	decode-read	drop	20	230.3	216.0	331.8	0.503	219.2	250.3
codec-U	U-leaf-u-packed	U-leaf-u-packed	ascii	core-ffi-pull	decode-read	drop	20	247.5	220.6	339.8	0.482	228.1	269.6
codec-U	U-leaf-u-packed	U-leaf-u-packed	ascii	core-native	decode-read	retain	20	245.3	208.5	316.6	0.441	223.3	271.3
codec-U	U-leaf-u-packed	U-leaf-u-packed	ascii	core-ffi	decode-read	retain	20	309.9	276.0	375.2	0.320	286.9	350.9
codec-U	U-leaf-u-packed	U-leaf-u-packed	ascii	core-ffi-pull	decode-read	retain	20	318.5	289.0	433.2	0.453	296.0	354.6
codec-U	U-wire-ListResultsResponse-results-as-wt1	U-wire-ListResultsResponse-results-as-wt1	ascii	core-native	encode	drop	20	99.4	97.0	104.5	0.076	98.7	101.3
codec-U	U-wire-ListResultsResponse-results-as-wt1	U-wire-ListResultsResponse-results-as-wt1	ascii	core-ffi	encode	drop	20	145.6	142.5	160.6	0.125	144.4	146.6
codec-U	U-wire-ListResultsResponse-results-as-wt1	U-wire-ListResultsResponse-results-as-wt1	ascii	core-native	encode	retain	20	114.7	111.8	126.1	0.125	113.6	115.3
codec-U	U-wire-ListResultsResponse-results-as-wt1	U-wire-ListResultsResponse-results-as-wt1	ascii	core-ffi	encode	retain	20	154.4	151.9	168.5	0.108	153.3	158.2
codec-U	U-wire-ListResultsResponse-results-as-wt1	U-wire-ListResultsResponse-results-as-wt1	ascii	core-native	decode	drop	20	427.6	381.7	473.7	0.215	414.4	463.1
codec-U	U-wire-ListResultsResponse-results-as-wt1	U-wire-ListResultsResponse-results-as-wt1	ascii	core-ffi	decode	drop	20	464.8	423.1	531.3	0.233	453.6	510.3
codec-U	U-wire-ListResultsResponse-results-as-wt1	U-wire-ListResultsResponse-results-as-wt1	ascii	core-ffi-pull	decode	drop	20	479.1	431.5	544.6	0.236	467.7	527.4
codec-U	U-wire-ListResultsResponse-results-as-wt1	U-wire-ListResultsResponse-results-as-wt1	ascii	core-native	decode	retain	20	437.7	393.4	478.1	0.194	422.5	473.2
codec-U	U-wire-ListResultsResponse-results-as-wt1	U-wire-ListResultsResponse-results-as-wt1	ascii	core-ffi	decode	retain	20	535.3	472.1	601.6	0.242	515.6	579.2
codec-U	U-wire-ListResultsResponse-results-as-wt1	U-wire-ListResultsResponse-results-as-wt1	ascii	core-ffi-pull	decode	retain	20	538.2	482.7	610.4	0.237	526.0	592.8
codec-U	U-root-u-repeated	U-root-u-repeated	ascii	incumbent-prod	decode-read	default	20	658.1	637.1	687.2	0.076	648.7	669.3
codec-U	U-root-u-repeated	U-root-u-repeated	ascii	armonik	decode-read	default	20	691.8	650.2	706.1	0.081	673.4	699.4
codec-U	U-root-u-repeated	U-root-u-repeated	ascii	core-native	decode-read	drop	20	534.3	518.2	596.0	0.146	531.4	537.9
codec-U	U-root-u-repeated	U-root-u-repeated	ascii	core-ffi	decode-read	drop	20	564.5	537.7	610.7	0.129	553.3	579.0
codec-U	U-root-u-repeated	U-root-u-repeated	ascii	core-ffi-pull	decode-read	drop	20	576.1	560.7	606.2	0.079	567.1	586.6
codec-U	U-root-u-repeated	U-root-u-repeated	ascii	core-native	decode-read	retain	20	578.4	561.6	620.5	0.102	571.2	586.7
codec-U	U-root-u-repeated	U-root-u-repeated	ascii	core-ffi	decode-read	retain	20	641.2	618.1	705.3	0.136	634.2	655.4
codec-U	U-root-u-repeated	U-root-u-repeated	ascii	core-ffi-pull	decode-read	retain	20	658.8	638.0	690.2	0.079	652.2	663.1
codec-U	U-root-u-fixed64	U-root-u-fixed64	ascii	incumbent-prod	decode	default	20	627.0	610.9	679.4	0.109	617.1	632.0
codec-U	U-root-u-fixed64	U-root-u-fixed64	ascii	armonik	decode	default	20	648.8	618.6	696.0	0.119	632.1	666.4
codec-U	U-root-u-fixed64	U-root-u-fixed64	ascii	core-native	decode	drop	20	489.4	469.6	550.8	0.166	479.6	504.3
codec-U	U-root-u-fixed64	U-root-u-fixed64	ascii	core-ffi	decode	drop	20	528.0	510.0	567.7	0.109	520.5	539.3
codec-U	U-root-u-fixed64	U-root-u-fixed64	ascii	core-ffi-pull	decode	drop	20	546.0	525.9	607.3	0.149	534.6	553.3
codec-U	U-root-u-fixed64	U-root-u-fixed64	ascii	core-native	decode	retain	20	496.3	477.0	545.2	0.137	486.4	503.4
codec-U	U-root-u-fixed64	U-root-u-fixed64	ascii	core-ffi	decode	retain	20	602.0	586.8	667.2	0.134	594.9	616.6
codec-U	U-root-u-fixed64	U-root-u-fixed64	ascii	core-ffi-pull	decode	retain	20	605.0	591.4	664.2	0.120	596.0	609.0
codec-U	U-deep-u-packed	U-deep-u-packed	ascii	incumbent-prod	decode	default	20	2079.8	2006.2	2237.2	0.111	2030.9	2119.2
codec-U	U-deep-u-packed	U-deep-u-packed	ascii	armonik	decode	default	20	2084.1	1980.0	2170.5	0.091	2031.1	2125.5
codec-U	U-deep-u-packed	U-deep-u-packed	ascii	core-native	decode	drop	20	1625.9	1566.4	1703.4	0.084	1584.4	1659.7
codec-U	U-deep-u-packed	U-deep-u-packed	ascii	core-ffi	decode	drop	20	2521.0	2450.5	2674.5	0.089	2486.6	2575.1
codec-U	U-deep-u-packed	U-deep-u-packed	ascii	core-ffi-pull	decode	drop	20	1937.9	1877.7	2320.6	0.229	1907.5	1991.9
codec-U	U-deep-u-packed	U-deep-u-packed	ascii	core-native	decode	retain	20	1670.8	1635.8	1732.3	0.058	1649.7	1689.5
codec-U	U-deep-u-packed	U-deep-u-packed	ascii	core-ffi	decode	retain	20	2858.1	2748.6	3159.5	0.144	2796.4	2978.4
codec-U	U-deep-u-packed	U-deep-u-packed	ascii	core-ffi-pull	decode	retain	20	2079.5	2007.4	2192.2	0.089	2054.6	2131.2
codec-U	U-wire-ListProbeResponse-probes-as-wt0	U-wire-ListProbeResponse-probes-as-wt0	ascii	core-native	decode	drop	20	149.5	142.6	153.1	0.070	147.2	151.5
codec-U	U-wire-ListProbeResponse-probes-as-wt0	U-wire-ListProbeResponse-probes-as-wt0	ascii	core-ffi	decode	drop	20	175.7	167.3	183.9	0.095	172.4	178.2
codec-U	U-wire-ListProbeResponse-probes-as-wt0	U-wire-ListProbeResponse-probes-as-wt0	ascii	core-ffi-pull	decode	drop	20	188.0	179.1	203.9	0.132	185.3	189.0
codec-U	U-wire-ListProbeResponse-probes-as-wt0	U-wire-ListProbeResponse-probes-as-wt0	ascii	core-native	decode	retain	20	167.7	157.8	210.7	0.316	162.2	169.6
codec-U	U-wire-ListProbeResponse-probes-as-wt0	U-wire-ListProbeResponse-probes-as-wt0	ascii	core-ffi	decode	retain	20	225.0	211.7	239.8	0.125	218.1	226.3
codec-U	U-wire-ListProbeResponse-probes-as-wt0	U-wire-ListProbeResponse-probes-as-wt0	ascii	core-ffi-pull	decode	retain	20	230.7	220.7	239.3	0.081	226.7	234.6
codec-U	U-oneof-interleaved	U-oneof-interleaved	ascii	incumbent-prod	decode	default	20	209.7	160.3	216.6	0.269	169.2	213.7
codec-U	U-oneof-interleaved	U-oneof-interleaved	ascii	armonik	decode	default	20	199.9	152.3	211.6	0.296	188.2	204.3
codec-U	U-oneof-interleaved	U-oneof-interleaved	ascii	core-native	decode	drop	20	119.7	91.9	128.1	0.302	110.5	120.7
codec-U	U-oneof-interleaved	U-oneof-interleaved	ascii	core-ffi	decode	drop	20	157.2	114.9	180.1	0.414	145.5	161.6
codec-U	U-oneof-interleaved	U-oneof-interleaved	ascii	core-ffi-pull	decode	drop	20	154.8	118.7	158.4	0.256	145.7	156.7
codec-U	U-oneof-interleaved	U-oneof-interleaved	ascii	core-native	decode	retain	20	230.0	178.4	247.4	0.300	183.2	234.2
codec-U	U-oneof-interleaved	U-oneof-interleaved	ascii	core-ffi	decode	retain	20	373.3	283.8	427.2	0.384	299.3	378.4
codec-U	U-oneof-interleaved	U-oneof-interleaved	ascii	core-ffi-pull	decode	retain	20	386.8	297.2	404.0	0.276	315.2	393.0
codec-U	U-wire-ListTasksDetailedResponse-tasks-as-wt5	U-wire-ListTasksDetailedResponse-tasks-as-wt5	ascii	core-native	decode-read	drop	20	3668.6	3602.9	4000.9	0.109	3654.4	3699.7
codec-U	U-wire-ListTasksDetailedResponse-tasks-as-wt5	U-wire-ListTasksDetailedResponse-tasks-as-wt5	ascii	core-ffi	decode-read	drop	20	5490.5	5380.8	5709.2	0.060	5455.0	5550.2
codec-U	U-wire-ListTasksDetailedResponse-tasks-as-wt5	U-wire-ListTasksDetailedResponse-tasks-as-wt5	ascii	core-ffi-pull	decode-read	drop	20	4342.2	4252.0	4573.5	0.074	4322.8	4411.2
codec-U	U-wire-ListTasksDetailedResponse-tasks-as-wt5	U-wire-ListTasksDetailedResponse-tasks-as-wt5	ascii	core-native	decode-read	retain	20	3761.8	3663.2	3933.9	0.072	3703.7	3805.7
codec-U	U-wire-ListTasksDetailedResponse-tasks-as-wt5	U-wire-ListTasksDetailedResponse-tasks-as-wt5	ascii	core-ffi	decode-read	retain	20	5927.4	5803.4	6197.4	0.066	5862.6	5989.8
codec-U	U-wire-ListTasksDetailedResponse-tasks-as-wt5	U-wire-ListTasksDetailedResponse-tasks-as-wt5	ascii	core-ffi-pull	decode-read	retain	20	4550.0	4413.8	4829.7	0.091	4472.7	4610.2
codec-U	U-nested-all	U-nested-all	ascii	incumbent-prod	decode	default	20	396.7	380.6	429.3	0.123	387.0	404.8
codec-U	U-nested-all	U-nested-all	ascii	armonik	decode	default	20	372.1	361.5	386.1	0.066	368.2	378.5
codec-U	U-nested-all	U-nested-all	ascii	core-native	decode	drop	20	258.8	246.8	277.3	0.118	255.2	267.5
codec-U	U-nested-all	U-nested-all	ascii	core-ffi	decode	drop	20	298.5	284.5	308.5	0.080	293.3	300.3
codec-U	U-nested-all	U-nested-all	ascii	core-ffi-pull	decode	drop	20	310.8	297.4	344.6	0.152	303.7	318.6
codec-U	U-nested-all	U-nested-all	ascii	core-native	decode	retain	20	439.7	430.2	463.3	0.075	435.1	444.0
codec-U	U-nested-all	U-nested-all	ascii	core-ffi	decode	retain	20	566.2	554.9	608.8	0.095	560.1	576.3
codec-U	U-nested-all	U-nested-all	ascii	core-ffi-pull	decode	retain	20	579.8	566.1	607.3	0.071	575.4	592.4
codec-U	U-enum-value-999	U-enum-value-999	ascii	incumbent-prod	encode	default	20	56.0	54.1	60.8	0.118	55.3	57.1
codec-U	U-enum-value-999	U-enum-value-999	ascii	armonik	encode	default	20	59.8	58.8	63.2	0.072	59.2	60.3
codec-U	U-enum-value-999	U-enum-value-999	ascii	core-native	encode	drop	20	17.2	16.5	17.6	0.062	16.8	17.4
codec-U	U-enum-value-999	U-enum-value-999	ascii	core-ffi	encode	drop	20	32.9	32.2	34.6	0.073	32.6	33.2
codec-U	U-enum-value-999	U-enum-value-999	ascii	core-native	encode	retain	20	20.6	18.4	21.2	0.134	20.1	20.9
codec-U	U-enum-value-999	U-enum-value-999	ascii	core-ffi	encode	retain	20	35.3	34.7	36.6	0.054	35.1	35.5
codec-U	U-oneof-u-fixed64	U-oneof-u-fixed64	ascii	incumbent-prod	encode	default	20	115.9	108.0	127.0	0.165	112.7	118.7
codec-U	U-oneof-u-fixed64	U-oneof-u-fixed64	ascii	armonik	encode	default	20	114.3	104.4	127.5	0.202	110.3	117.9
codec-U	U-oneof-u-fixed64	U-oneof-u-fixed64	ascii	core-native	encode	drop	20	23.0	21.9	23.6	0.073	22.7	23.2
codec-U	U-oneof-u-fixed64	U-oneof-u-fixed64	ascii	core-ffi	encode	drop	20	45.8	45.1	46.9	0.041	45.5	46.4
codec-U	U-oneof-u-fixed64	U-oneof-u-fixed64	ascii	core-native	encode	retain	20	25.2	24.1	26.6	0.101	24.7	25.6
codec-U	U-oneof-u-fixed64	U-oneof-u-fixed64	ascii	core-ffi	encode	retain	20	45.6	44.5	47.0	0.056	45.4	45.9
codec-U	U-wire-ListTaskSummaryResponse-tasks-as-wt1	U-wire-ListTaskSummaryResponse-tasks-as-wt1	ascii	core-native	encode	drop	20	229.4	224.9	240.5	0.068	227.4	233.0
codec-U	U-wire-ListTaskSummaryResponse-tasks-as-wt1	U-wire-ListTaskSummaryResponse-tasks-as-wt1	ascii	core-ffi	encode	drop	20	395.2	367.3	428.5	0.155	386.7	404.4
codec-U	U-wire-ListTaskSummaryResponse-tasks-as-wt1	U-wire-ListTaskSummaryResponse-tasks-as-wt1	ascii	core-native	encode	retain	20	258.9	254.8	282.8	0.108	257.5	260.6
codec-U	U-wire-ListTaskSummaryResponse-tasks-as-wt1	U-wire-ListTaskSummaryResponse-tasks-as-wt1	ascii	core-ffi	encode	retain	20	416.9	377.4	427.6	0.120	406.3	425.2
codec-U	U-deep-u-fixed64	U-deep-u-fixed64	ascii	incumbent-prod	decode-read	default	20	2049.9	2004.0	2169.1	0.081	2027.6	2063.3
codec-U	U-deep-u-fixed64	U-deep-u-fixed64	ascii	armonik	decode-read	default	20	2040.0	1991.2	2109.9	0.058	2020.4	2050.7
codec-U	U-deep-u-fixed64	U-deep-u-fixed64	ascii	core-native	decode-read	drop	20	1619.3	1591.1	1712.0	0.075	1611.6	1639.3
codec-U	U-deep-u-fixed64	U-deep-u-fixed64	ascii	core-ffi	decode-read	drop	20	2532.4	2490.8	2627.8	0.054	2508.6	2553.4
codec-U	U-deep-u-fixed64	U-deep-u-fixed64	ascii	core-ffi-pull	decode-read	drop	20	1979.6	1936.6	2057.3	0.061	1968.2	1995.8
codec-U	U-deep-u-fixed64	U-deep-u-fixed64	ascii	core-native	decode-read	retain	20	1661.4	1625.8	1695.6	0.042	1647.3	1675.1
codec-U	U-deep-u-fixed64	U-deep-u-fixed64	ascii	core-ffi	decode-read	retain	20	2878.6	2837.4	3077.5	0.083	2865.0	2888.4
codec-U	U-deep-u-fixed64	U-deep-u-fixed64	ascii	core-ffi-pull	decode-read	retain	20	2175.4	2124.7	2247.8	0.057	2145.4	2193.3
codec-U	U-leaf-u-varint	U-leaf-u-varint	ascii	incumbent-prod	decode-read	default	20	335.2	330.2	359.5	0.088	333.0	339.6
codec-U	U-leaf-u-varint	U-leaf-u-varint	ascii	armonik	decode-read	default	20	338.8	319.8	356.9	0.109	333.7	343.0
codec-U	U-leaf-u-varint	U-leaf-u-varint	ascii	core-native	decode-read	drop	20	252.3	241.8	267.9	0.104	248.3	264.3
codec-U	U-leaf-u-varint	U-leaf-u-varint	ascii	core-ffi	decode-read	drop	20	282.0	261.8	297.8	0.128	274.8	289.0
codec-U	U-leaf-u-varint	U-leaf-u-varint	ascii	core-ffi-pull	decode-read	drop	20	295.7	275.0	316.5	0.140	289.8	300.1
codec-U	U-leaf-u-varint	U-leaf-u-varint	ascii	core-native	decode-read	retain	20	288.1	271.0	325.9	0.190	278.2	298.4
codec-U	U-leaf-u-varint	U-leaf-u-varint	ascii	core-ffi	decode-read	retain	20	368.8	345.8	442.1	0.261	362.4	378.9
codec-U	U-leaf-u-varint	U-leaf-u-varint	ascii	core-ffi-pull	decode-read	retain	20	378.2	358.1	466.0	0.285	371.4	389.3
codec-U	U-root-u-varint	U-root-u-varint	ascii	incumbent-prod	decode	default	20	626.7	620.5	671.7	0.082	622.9	634.9
codec-U	U-root-u-varint	U-root-u-varint	ascii	armonik	decode	default	20	665.3	632.0	793.7	0.243	654.1	677.2
codec-U	U-root-u-varint	U-root-u-varint	ascii	core-native	decode	drop	20	503.4	474.0	535.0	0.121	497.6	511.6
codec-U	U-root-u-varint	U-root-u-varint	ascii	core-ffi	decode	drop	20	537.3	520.8	565.5	0.083	531.9	542.8
codec-U	U-root-u-varint	U-root-u-varint	ascii	core-ffi-pull	decode	drop	20	556.4	531.4	596.6	0.117	547.5	560.9
codec-U	U-root-u-varint	U-root-u-varint	ascii	core-native	decode	retain	20	508.3	493.5	547.3	0.106	500.7	517.1
codec-U	U-root-u-varint	U-root-u-varint	ascii	core-ffi	decode	retain	20	603.3	590.1	639.2	0.081	599.1	607.2
codec-U	U-root-u-varint	U-root-u-varint	ascii	core-ffi-pull	decode	retain	20	615.1	597.8	641.7	0.071	607.4	622.7
codec-U	U-nested-u-varint	U-nested-u-varint	ascii	incumbent-prod	decode	default	20	312.2	303.8	353.6	0.160	309.3	313.6
codec-U	U-nested-u-varint	U-nested-u-varint	ascii	armonik	decode	default	20	310.7	289.6	323.9	0.110	303.6	315.6
codec-U	U-nested-u-varint	U-nested-u-varint	ascii	core-native	decode	drop	20	234.2	223.2	243.7	0.088	231.9	236.6
codec-U	U-nested-u-varint	U-nested-u-varint	ascii	core-ffi	decode	drop	20	262.5	253.8	272.6	0.072	259.0	268.1
codec-U	U-nested-u-varint	U-nested-u-varint	ascii	core-ffi-pull	decode	drop	20	275.0	259.7	294.8	0.128	272.7	277.2
codec-U	U-nested-u-varint	U-nested-u-varint	ascii	core-native	decode	retain	20	247.2	237.2	257.9	0.084	244.3	250.1
codec-U	U-nested-u-varint	U-nested-u-varint	ascii	core-ffi	decode	retain	20	316.1	303.0	346.1	0.136	314.0	318.5
codec-U	U-nested-u-varint	U-nested-u-varint	ascii	core-ffi-pull	decode	retain	20	329.5	309.4	343.2	0.103	325.3	332.1
codec-U	U-root-before	U-root-before	ascii	incumbent-prod	decode-read	default	20	722.7	704.2	739.7	0.049	713.5	731.7
codec-U	U-root-before	U-root-before	ascii	armonik	decode-read	default	20	743.2	730.7	773.3	0.057	739.8	750.0
codec-U	U-root-before	U-root-before	ascii	core-native	decode-read	drop	20	563.1	557.4	575.0	0.031	560.5	566.0
codec-U	U-root-before	U-root-before	ascii	core-ffi	decode-read	drop	20	586.1	575.5	608.6	0.057	580.6	591.4
codec-U	U-root-before	U-root-before	ascii	core-ffi-pull	decode-read	drop	20	614.9	605.9	636.6	0.050	611.8	617.0
codec-U	U-root-before	U-root-before	ascii	core-native	decode-read	retain	20	727.5	710.7	768.8	0.080	719.4	732.6
codec-U	U-root-before	U-root-before	ascii	core-ffi	decode-read	retain	20	858.3	845.5	913.9	0.080	852.3	874.7
codec-U	U-root-before	U-root-before	ascii	core-ffi-pull	decode-read	retain	20	881.8	867.5	911.1	0.050	875.4	892.5
codec-U	U-oneof-all	U-oneof-all	ascii	incumbent-prod	encode	default	20	114.3	106.7	124.2	0.153	109.1	119.0
codec-U	U-oneof-all	U-oneof-all	ascii	armonik	encode	default	20	113.8	103.6	119.0	0.135	107.6	117.5
codec-U	U-oneof-all	U-oneof-all	ascii	core-native	encode	drop	20	23.1	21.6	24.6	0.129	22.5	23.3
codec-U	U-oneof-all	U-oneof-all	ascii	core-ffi	encode	drop	20	45.7	43.3	46.9	0.078	44.9	46.1
codec-U	U-oneof-all	U-oneof-all	ascii	core-native	encode	retain	20	26.5	24.9	27.4	0.096	25.7	26.8
codec-U	U-oneof-all	U-oneof-all	ascii	core-ffi	encode	retain	20	50.8	45.4	52.3	0.135	49.1	51.5
codec-U	U-nested-group	U-nested-group	ascii	incumbent-prod	decode-read	default	20	350.6	342.8	364.3	0.061	348.1	355.4
codec-U	U-nested-group	U-nested-group	ascii	armonik	decode-read	default	20	333.7	325.8	351.4	0.077	331.6	338.9
codec-U	U-nested-group	U-nested-group	ascii	core-native	decode-read	drop	20	254.2	248.6	276.3	0.109	251.9	257.9
codec-U	U-nested-group	U-nested-group	ascii	core-ffi	decode-read	drop	20	281.0	277.5	353.3	0.270	279.8	285.0
codec-U	U-nested-group	U-nested-group	ascii	core-ffi-pull	decode-read	drop	20	289.7	284.9	377.7	0.320	286.4	292.4
codec-U	U-nested-group	U-nested-group	ascii	core-native	decode-read	retain	20	275.9	271.6	296.4	0.090	273.2	283.6
codec-U	U-nested-group	U-nested-group	ascii	core-ffi	decode-read	retain	20	338.7	333.6	361.8	0.083	336.2	343.7
codec-U	U-nested-group	U-nested-group	ascii	core-ffi-pull	decode-read	retain	20	343.1	336.9	359.4	0.066	340.1	349.1
codec-U	U-root-u-msg	U-root-u-msg	ascii	incumbent-prod	decode-read	default	20	647.2	629.0	667.3	0.059	642.5	655.6
codec-U	U-root-u-msg	U-root-u-msg	ascii	armonik	decode-read	default	20	660.4	631.4	697.4	0.100	653.4	668.7
codec-U	U-root-u-msg	U-root-u-msg	ascii	core-native	decode-read	drop	20	521.6	509.3	1109.3	1.150	515.8	526.4
codec-U	U-root-u-msg	U-root-u-msg	ascii	core-ffi	decode-read	drop	20	552.5	539.0	1270.5	1.324	544.6	558.2
codec-U	U-root-u-msg	U-root-u-msg	ascii	core-ffi-pull	decode-read	drop	20	563.9	557.2	2114.3	2.761	559.1	571.3
codec-U	U-root-u-msg	U-root-u-msg	ascii	core-native	decode-read	retain	20	524.7	513.1	765.2	0.480	521.6	528.7
codec-U	U-root-u-msg	U-root-u-msg	ascii	core-ffi	decode-read	retain	20	614.7	597.4	643.4	0.075	607.6	620.7
codec-U	U-root-u-msg	U-root-u-msg	ascii	core-ffi-pull	decode-read	retain	20	627.3	610.2	642.3	0.051	622.3	631.5
codec-U	U-wire-ListTasksDetailedResponse-tasks-as-wt0	U-wire-ListTasksDetailedResponse-tasks-as-wt0	ascii	core-native	decode	drop	20	3344.9	3292.3	3440.7	0.044	3323.3	3396.2
codec-U	U-wire-ListTasksDetailedResponse-tasks-as-wt0	U-wire-ListTasksDetailedResponse-tasks-as-wt0	ascii	core-ffi	decode	drop	20	5187.8	5077.3	5603.6	0.101	5151.2	5239.3
codec-U	U-wire-ListTasksDetailedResponse-tasks-as-wt0	U-wire-ListTasksDetailedResponse-tasks-as-wt0	ascii	core-ffi-pull	decode	drop	20	4058.5	3905.4	4296.4	0.096	4011.1	4105.5
codec-U	U-wire-ListTasksDetailedResponse-tasks-as-wt0	U-wire-ListTasksDetailedResponse-tasks-as-wt0	ascii	core-native	decode	retain	20	3495.2	3418.0	3856.7	0.126	3465.3	3523.5
codec-U	U-wire-ListTasksDetailedResponse-tasks-as-wt0	U-wire-ListTasksDetailedResponse-tasks-as-wt0	ascii	core-ffi	decode	retain	20	5560.7	5467.6	5995.1	0.095	5515.7	5618.4
codec-U	U-wire-ListTasksDetailedResponse-tasks-as-wt0	U-wire-ListTasksDetailedResponse-tasks-as-wt0	ascii	core-ffi-pull	decode	retain	20	4286.0	4129.5	10390.1	1.461	4228.3	4345.1
codec-U	U-oneof-u-packed	U-oneof-u-packed	ascii	incumbent-prod	encode	default	20	116.0	107.6	125.2	0.151	112.6	118.3
codec-U	U-oneof-u-packed	U-oneof-u-packed	ascii	armonik	encode	default	20	111.0	104.8	122.6	0.161	108.7	113.2
codec-U	U-oneof-u-packed	U-oneof-u-packed	ascii	core-native	encode	drop	20	23.3	22.9	23.6	0.030	23.1	23.5
codec-U	U-oneof-u-packed	U-oneof-u-packed	ascii	core-ffi	encode	drop	20	46.0	44.1	46.7	0.056	45.9	46.2
codec-U	U-oneof-u-packed	U-oneof-u-packed	ascii	core-native	encode	retain	20	24.5	24.1	25.8	0.072	24.4	25.0
codec-U	U-oneof-u-packed	U-oneof-u-packed	ascii	core-ffi	encode	retain	20	45.6	44.5	46.2	0.038	45.4	45.8
codec-U	U-nested-group	U-nested-group	ascii	incumbent-prod	decode	default	20	340.2	329.7	364.8	0.103	338.4	343.8
codec-U	U-nested-group	U-nested-group	ascii	armonik	decode	default	20	322.5	313.4	365.1	0.160	319.8	326.0
codec-U	U-nested-group	U-nested-group	ascii	core-native	decode	drop	20	240.5	236.4	286.9	0.210	239.4	246.3
codec-U	U-nested-group	U-nested-group	ascii	core-ffi	decode	drop	20	267.0	263.1	315.7	0.197	266.0	269.9
codec-U	U-nested-group	U-nested-group	ascii	core-ffi-pull	decode	drop	20	283.5	279.3	308.1	0.102	281.4	288.7
codec-U	U-nested-group	U-nested-group	ascii	core-native	decode	retain	20	258.1	252.5	301.9	0.191	256.3	263.6
codec-U	U-nested-group	U-nested-group	ascii	core-ffi	decode	retain	20	326.3	318.9	359.6	0.125	323.5	330.5
codec-U	U-nested-group	U-nested-group	ascii	core-ffi-pull	decode	retain	20	334.7	327.5	364.9	0.112	330.5	337.6
codec-U	U-oneof-u-msg	U-oneof-u-msg	ascii	incumbent-prod	encode	default	20	115.3	91.1	127.0	0.311	107.8	118.1
codec-U	U-oneof-u-msg	U-oneof-u-msg	ascii	armonik	encode	default	20	111.4	89.6	129.5	0.358	106.4	114.3
codec-U	U-oneof-u-msg	U-oneof-u-msg	ascii	core-native	encode	drop	20	33.6	27.7	35.1	0.221	32.7	33.9
codec-U	U-oneof-u-msg	U-oneof-u-msg	ascii	core-ffi	encode	drop	20	46.0	38.1	49.0	0.237	44.9	46.6
codec-U	U-oneof-u-msg	U-oneof-u-msg	ascii	core-native	encode	retain	20	25.0	21.2	26.1	0.199	24.2	25.7
codec-U	U-oneof-u-msg	U-oneof-u-msg	ascii	core-ffi	encode	retain	20	46.1	37.6	48.5	0.238	45.5	46.5
codec-U	U-element-u-repeated	U-element-u-repeated	ascii	incumbent-prod	encode	default	20	1202.0	986.4	1268.3	0.235	997.5	1219.1
codec-U	U-element-u-repeated	U-element-u-repeated	ascii	armonik	encode	default	20	1232.0	997.9	1274.1	0.224	1034.2	1239.8
codec-U	U-element-u-repeated	U-element-u-repeated	ascii	core-native	encode	drop	20	253.2	202.3	266.9	0.255	216.4	255.8
codec-U	U-element-u-repeated	U-element-u-repeated	ascii	core-ffi	encode	drop	20	443.8	362.6	464.4	0.229	373.9	448.7
codec-U	U-element-u-repeated	U-element-u-repeated	ascii	core-native	encode	retain	20	301.7	236.6	324.6	0.292	246.9	308.7
codec-U	U-element-u-repeated	U-element-u-repeated	ascii	core-ffi	encode	retain	20	472.8	381.5	515.7	0.284	391.2	479.2
codec-U	U-wire-ListResultsResponse-page-as-wt1	U-wire-ListResultsResponse-page-as-wt1	ascii	core-native	decode	drop	20	462.2	441.8	499.0	0.124	456.8	465.4
codec-U	U-wire-ListResultsResponse-page-as-wt1	U-wire-ListResultsResponse-page-as-wt1	ascii	core-ffi	decode	drop	20	485.8	471.2	521.6	0.104	482.3	491.1
codec-U	U-wire-ListResultsResponse-page-as-wt1	U-wire-ListResultsResponse-page-as-wt1	ascii	core-ffi-pull	decode	drop	20	504.4	486.8	530.9	0.088	499.1	506.8
codec-U	U-wire-ListResultsResponse-page-as-wt1	U-wire-ListResultsResponse-page-as-wt1	ascii	core-native	decode	retain	20	463.2	454.5	493.1	0.083	460.4	468.9
codec-U	U-wire-ListResultsResponse-page-as-wt1	U-wire-ListResultsResponse-page-as-wt1	ascii	core-ffi	decode	retain	20	541.5	525.9	562.1	0.067	537.3	544.2
codec-U	U-wire-ListResultsResponse-page-as-wt1	U-wire-ListResultsResponse-page-as-wt1	ascii	core-ffi-pull	decode	retain	20	556.1	537.4	569.4	0.057	551.6	560.3
codec-U	U-root-u-fixed32	U-root-u-fixed32	ascii	incumbent-prod	encode	default	20	492.5	450.2	567.4	0.238	466.6	508.5
codec-U	U-root-u-fixed32	U-root-u-fixed32	ascii	armonik	encode	default	20	518.1	476.0	566.6	0.175	485.7	535.9
codec-U	U-root-u-fixed32	U-root-u-fixed32	ascii	core-native	encode	drop	20	94.8	86.2	100.8	0.153	89.2	96.8
codec-U	U-root-u-fixed32	U-root-u-fixed32	ascii	core-ffi	encode	drop	20	136.6	125.0	145.0	0.146	128.0	142.8
codec-U	U-root-u-fixed32	U-root-u-fixed32	ascii	core-native	encode	retain	20	107.7	98.9	119.4	0.191	101.2	110.0
codec-U	U-root-u-fixed32	U-root-u-fixed32	ascii	core-ffi	encode	retain	20	145.4	133.2	160.4	0.187	139.0	148.3
codec-U	U-wire-ListTasksDetailedResponse-page-as-wt5	U-wire-ListTasksDetailedResponse-page-as-wt5	ascii	core-native	encode	drop	20	473.4	453.9	500.9	0.099	469.6	477.0
codec-U	U-wire-ListTasksDetailedResponse-page-as-wt5	U-wire-ListTasksDetailedResponse-page-as-wt5	ascii	core-ffi	encode	drop	20	787.8	770.3	829.3	0.075	782.5	790.7
codec-U	U-wire-ListTasksDetailedResponse-page-as-wt5	U-wire-ListTasksDetailedResponse-page-as-wt5	ascii	core-native	encode	retain	20	547.6	509.5	604.9	0.174	533.5	557.8
codec-U	U-wire-ListTasksDetailedResponse-page-as-wt5	U-wire-ListTasksDetailedResponse-page-as-wt5	ascii	core-ffi	encode	retain	20	828.4	816.0	881.3	0.079	824.3	839.6
codec-U	U-oneof-member-alone	U-oneof-member-alone	ascii	incumbent-prod	encode	default	20	75.5	58.4	83.7	0.336	71.3	76.5
codec-U	U-oneof-member-alone	U-oneof-member-alone	ascii	armonik	encode	default	20	73.3	57.4	77.2	0.270	69.0	74.6
codec-U	U-oneof-member-alone	U-oneof-member-alone	ascii	core-native	encode	drop	20	16.8	12.9	17.4	0.267	15.6	17.0
codec-U	U-oneof-member-alone	U-oneof-member-alone	ascii	core-ffi	encode	drop	20	39.4	30.5	40.2	0.247	37.1	39.6
codec-U	U-oneof-member-alone	U-oneof-member-alone	ascii	core-native	encode	retain	20	20.5	15.8	21.7	0.286	18.8	20.9
codec-U	U-oneof-member-alone	U-oneof-member-alone	ascii	core-ffi	encode	retain	20	40.8	31.5	44.3	0.314	32.7	41.6
codec-U	U-nested-u-fixed64	U-nested-u-fixed64	ascii	incumbent-prod	encode	default	20	236.8	185.3	249.0	0.269	190.6	240.5
codec-U	U-nested-u-fixed64	U-nested-u-fixed64	ascii	armonik	encode	default	20	255.2	198.6	281.5	0.325	202.4	260.0
codec-U	U-nested-u-fixed64	U-nested-u-fixed64	ascii	core-native	encode	drop	20	49.7	38.6	56.4	0.358	40.3	50.8
codec-U	U-nested-u-fixed64	U-nested-u-fixed64	ascii	core-ffi	encode	drop	20	82.9	61.4	87.3	0.312	66.2	84.5
codec-U	U-nested-u-fixed64	U-nested-u-fixed64	ascii	core-native	encode	retain	20	64.3	47.3	67.8	0.319	51.2	65.7
codec-U	U-nested-u-fixed64	U-nested-u-fixed64	ascii	core-ffi	encode	retain	20	85.6	65.4	96.8	0.368	68.5	88.0
codec-U	U-root-u-len	U-root-u-len	ascii	incumbent-prod	encode	default	20	438.9	417.8	490.7	0.166	426.7	448.7
codec-U	U-root-u-len	U-root-u-len	ascii	armonik	encode	default	20	463.4	443.0	486.0	0.093	450.8	473.1
codec-U	U-root-u-len	U-root-u-len	ascii	core-native	encode	drop	20	84.3	80.7	88.9	0.097	82.8	87.2
codec-U	U-root-u-len	U-root-u-len	ascii	core-ffi	encode	drop	20	122.0	119.9	130.2	0.084	120.8	126.0
codec-U	U-root-u-len	U-root-u-len	ascii	core-native	encode	retain	20	97.8	93.7	104.7	0.113	94.8	100.3
codec-U	U-root-u-len	U-root-u-len	ascii	core-ffi	encode	retain	20	129.3	126.7	142.7	0.124	128.0	134.1
codec-U	U-enum-value-2147483647	U-enum-value-2147483647	ascii	incumbent-prod	encode	default	20	58.5	51.8	70.3	0.315	55.5	67.1
codec-U	U-enum-value-2147483647	U-enum-value-2147483647	ascii	armonik	encode	default	20	60.3	54.9	73.1	0.303	58.1	71.3
codec-U	U-enum-value-2147483647	U-enum-value-2147483647	ascii	core-native	encode	drop	20	16.6	15.1	20.6	0.331	16.1	20.1
codec-U	U-enum-value-2147483647	U-enum-value-2147483647	ascii	core-ffi	encode	drop	20	30.1	27.6	37.0	0.311	28.9	35.3
codec-U	U-enum-value-2147483647	U-enum-value-2147483647	ascii	core-native	encode	retain	20	19.4	16.6	22.4	0.303	17.8	21.9
codec-U	U-enum-value-2147483647	U-enum-value-2147483647	ascii	core-ffi	encode	retain	20	33.5	28.6	39.0	0.312	29.9	37.3
codec-U	U-root-u-fixed64	U-root-u-fixed64	ascii	incumbent-prod	decode-read	default	20	649.6	633.6	723.2	0.138	641.9	655.5
codec-U	U-root-u-fixed64	U-root-u-fixed64	ascii	armonik	decode-read	default	20	658.6	636.7	675.7	0.059	648.3	668.5
codec-U	U-root-u-fixed64	U-root-u-fixed64	ascii	core-native	decode-read	drop	20	530.2	513.7	551.7	0.072	519.5	534.4
codec-U	U-root-u-fixed64	U-root-u-fixed64	ascii	core-ffi	decode-read	drop	20	551.0	540.4	591.7	0.093	547.1	572.4
codec-U	U-root-u-fixed64	U-root-u-fixed64	ascii	core-ffi-pull	decode-read	drop	20	563.8	552.4	580.9	0.051	559.9	569.9
codec-U	U-root-u-fixed64	U-root-u-fixed64	ascii	core-native	decode-read	retain	20	526.6	511.1	549.4	0.073	523.2	530.1
codec-U	U-root-u-fixed64	U-root-u-fixed64	ascii	core-ffi	decode-read	retain	20	619.6	608.0	809.5	0.325	610.6	628.8
codec-U	U-root-u-fixed64	U-root-u-fixed64	ascii	core-ffi-pull	decode-read	retain	20	642.0	624.6	671.0	0.072	633.3	653.8
codec-U	U-oneof-group	U-oneof-group	ascii	incumbent-prod	encode	default	20	119.1	113.1	140.1	0.227	116.1	123.7
codec-U	U-oneof-group	U-oneof-group	ascii	armonik	encode	default	20	112.4	106.9	127.1	0.180	110.9	114.4
codec-U	U-oneof-group	U-oneof-group	ascii	core-native	encode	drop	20	23.5	22.7	25.7	0.129	23.0	23.8
codec-U	U-oneof-group	U-oneof-group	ascii	core-ffi	encode	drop	20	46.1	44.7	47.4	0.057	45.7	46.5
codec-U	U-oneof-group	U-oneof-group	ascii	core-native	encode	retain	20	25.2	24.6	29.0	0.173	24.9	25.4
codec-U	U-oneof-group	U-oneof-group	ascii	core-ffi	encode	retain	20	46.2	45.0	57.6	0.272	45.6	46.6
codec-U	U-oneof-group	U-oneof-group	ascii	incumbent-prod	decode-read	default	20	170.4	166.9	183.9	0.100	168.3	173.5
codec-U	U-oneof-group	U-oneof-group	ascii	armonik	decode-read	default	20	171.4	161.8	185.9	0.141	164.9	174.0
codec-U	U-oneof-group	U-oneof-group	ascii	core-native	decode-read	drop	20	113.6	106.4	118.1	0.103	112.9	114.6
codec-U	U-oneof-group	U-oneof-group	ascii	core-ffi	decode-read	drop	20	134.6	125.5	146.6	0.157	132.2	135.9
codec-U	U-oneof-group	U-oneof-group	ascii	core-ffi-pull	decode-read	drop	20	145.6	138.1	157.0	0.129	144.1	147.4
codec-U	U-oneof-group	U-oneof-group	ascii	core-native	decode-read	retain	20	131.0	125.9	136.3	0.080	130.2	133.2
codec-U	U-oneof-group	U-oneof-group	ascii	core-ffi	decode-read	retain	20	189.7	181.7	201.5	0.104	188.2	193.2
codec-U	U-oneof-group	U-oneof-group	ascii	core-ffi-pull	decode-read	retain	20	195.8	189.9	200.6	0.055	194.4	197.8
codec-U	U-oneof-u-len	U-oneof-u-len	ascii	incumbent-prod	encode	default	20	114.5	107.4	126.6	0.168	110.6	120.6
codec-U	U-oneof-u-len	U-oneof-u-len	ascii	armonik	encode	default	20	110.4	105.4	115.7	0.094	108.1	113.2
codec-U	U-oneof-u-len	U-oneof-u-len	ascii	core-native	encode	drop	20	23.2	22.5	24.4	0.081	23.0	23.7
codec-U	U-oneof-u-len	U-oneof-u-len	ascii	core-ffi	encode	drop	20	46.0	44.9	47.8	0.062	45.5	46.6
codec-U	U-oneof-u-len	U-oneof-u-len	ascii	core-native	encode	retain	20	25.4	24.6	27.0	0.094	25.0	25.8
codec-U	U-oneof-u-len	U-oneof-u-len	ascii	core-ffi	encode	retain	20	45.7	44.9	48.3	0.074	45.3	46.2
codec-U	U-nested-u-repeated	U-nested-u-repeated	ascii	incumbent-prod	decode-read	default	20	322.1	313.5	335.2	0.067	319.3	327.5
codec-U	U-nested-u-repeated	U-nested-u-repeated	ascii	armonik	decode-read	default	20	310.7	305.1	324.5	0.063	308.0	312.5
codec-U	U-nested-u-repeated	U-nested-u-repeated	ascii	core-native	decode-read	drop	20	238.7	235.1	250.1	0.063	237.1	240.4
codec-U	U-nested-u-repeated	U-nested-u-repeated	ascii	core-ffi	decode-read	drop	20	266.7	263.0	281.0	0.068	264.8	269.6
codec-U	U-nested-u-repeated	U-nested-u-repeated	ascii	core-ffi-pull	decode-read	drop	20	280.4	275.8	284.5	0.031	278.7	282.1
codec-U	U-nested-u-repeated	U-nested-u-repeated	ascii	core-native	decode-read	retain	20	345.1	342.0	363.1	0.061	343.1	348.0
codec-U	U-nested-u-repeated	U-nested-u-repeated	ascii	core-ffi	decode-read	retain	20	341.1	339.1	351.7	0.037	340.6	345.7
codec-U	U-nested-u-repeated	U-nested-u-repeated	ascii	core-ffi-pull	decode-read	retain	20	350.0	343.9	385.2	0.118	347.4	353.0
codec-U	U-wire-ListTaskSummaryResponse-tasks-as-wt0	U-wire-ListTaskSummaryResponse-tasks-as-wt0	ascii	core-native	decode-read	drop	20	1708.8	1687.5	1738.8	0.030	1701.3	1720.9
codec-U	U-wire-ListTaskSummaryResponse-tasks-as-wt0	U-wire-ListTaskSummaryResponse-tasks-as-wt0	ascii	core-ffi	decode-read	drop	20	1902.4	1843.3	1930.5	0.046	1873.9	1923.1
codec-U	U-wire-ListTaskSummaryResponse-tasks-as-wt0	U-wire-ListTaskSummaryResponse-tasks-as-wt0	ascii	core-ffi-pull	decode-read	drop	20	1941.5	1874.7	1964.9	0.046	1934.1	1949.5
codec-U	U-wire-ListTaskSummaryResponse-tasks-as-wt0	U-wire-ListTaskSummaryResponse-tasks-as-wt0	ascii	core-native	decode-read	retain	20	1763.1	1709.4	1779.2	0.040	1748.9	1767.2
codec-U	U-wire-ListTaskSummaryResponse-tasks-as-wt0	U-wire-ListTaskSummaryResponse-tasks-as-wt0	ascii	core-ffi	decode-read	retain	20	2029.5	1935.0	2105.3	0.084	2009.5	2046.2
codec-U	U-wire-ListTaskSummaryResponse-tasks-as-wt0	U-wire-ListTaskSummaryResponse-tasks-as-wt0	ascii	core-ffi-pull	decode-read	retain	20	2047.0	1965.8	2085.4	0.058	2037.6	2063.5
codec-U	U-nested-u-varint	U-nested-u-varint	ascii	incumbent-prod	decode-read	default	20	319.1	291.8	360.2	0.214	316.2	321.8
codec-U	U-nested-u-varint	U-nested-u-varint	ascii	armonik	decode-read	default	20	307.6	276.9	344.8	0.221	304.6	310.0
codec-U	U-nested-u-varint	U-nested-u-varint	ascii	core-native	decode-read	drop	20	235.9	215.8	297.9	0.348	233.7	238.7
codec-U	U-nested-u-varint	U-nested-u-varint	ascii	core-ffi	decode-read	drop	20	261.1	242.1	330.1	0.337	260.0	266.2
codec-U	U-nested-u-varint	U-nested-u-varint	ascii	core-ffi-pull	decode-read	drop	20	274.2	248.3	375.2	0.463	271.1	279.0
codec-U	U-nested-u-varint	U-nested-u-varint	ascii	core-native	decode-read	retain	20	254.1	231.0	338.2	0.422	250.5	257.1
codec-U	U-nested-u-varint	U-nested-u-varint	ascii	core-ffi	decode-read	retain	20	320.1	295.2	389.0	0.293	316.6	327.2
codec-U	U-nested-u-varint	U-nested-u-varint	ascii	core-ffi-pull	decode-read	retain	20	328.8	301.5	341.5	0.122	323.1	334.2
codec-U	U-leaf-u-msg	U-leaf-u-msg	ascii	incumbent-prod	encode	default	20	239.8	222.7	251.0	0.118	236.2	243.0
codec-U	U-leaf-u-msg	U-leaf-u-msg	ascii	armonik	encode	default	20	252.0	240.7	268.7	0.111	250.7	255.4
codec-U	U-leaf-u-msg	U-leaf-u-msg	ascii	core-native	encode	drop	20	49.1	47.1	50.5	0.068	48.6	49.7
codec-U	U-leaf-u-msg	U-leaf-u-msg	ascii	core-ffi	encode	drop	20	81.9	78.2	84.3	0.074	80.7	82.6
codec-U	U-leaf-u-msg	U-leaf-u-msg	ascii	core-native	encode	retain	20	68.6	62.5	70.8	0.121	66.9	69.4
codec-U	U-leaf-u-msg	U-leaf-u-msg	ascii	core-ffi	encode	retain	20	91.8	88.5	98.7	0.111	91.3	95.2
codec-U	U-oneof-u-len	U-oneof-u-len	ascii	incumbent-prod	decode	default	20	129.8	121.7	197.3	0.582	128.1	134.1
codec-U	U-oneof-u-len	U-oneof-u-len	ascii	armonik	decode	default	20	126.7	117.8	137.1	0.152	124.0	128.1
codec-U	U-oneof-u-len	U-oneof-u-len	ascii	core-native	decode	drop	20	87.7	82.0	100.0	0.206	85.5	88.6
codec-U	U-oneof-u-len	U-oneof-u-len	ascii	core-ffi	decode	drop	20	109.5	101.7	113.7	0.110	106.2	111.0
codec-U	U-oneof-u-len	U-oneof-u-len	ascii	core-ffi-pull	decode	drop	20	121.5	112.6	132.8	0.166	119.7	128.4
codec-U	U-oneof-u-len	U-oneof-u-len	ascii	core-native	decode	retain	20	106.7	98.9	110.6	0.110	102.6	108.2
codec-U	U-oneof-u-len	U-oneof-u-len	ascii	core-ffi	decode	retain	20	162.6	150.1	172.7	0.139	160.6	164.0
codec-U	U-oneof-u-len	U-oneof-u-len	ascii	core-ffi-pull	decode	retain	20	171.2	161.1	183.6	0.131	168.9	174.3
codec-U	U-element-u-fixed32	U-element-u-fixed32	ascii	incumbent-prod	decode-read	default	20	1665.4	1625.2	2225.9	0.361	1655.5	1711.6
codec-U	U-element-u-fixed32	U-element-u-fixed32	ascii	armonik	decode-read	default	20	1666.2	1584.2	2239.8	0.393	1641.4	1692.4
codec-U	U-element-u-fixed32	U-element-u-fixed32	ascii	core-native	decode-read	drop	20	1324.1	1258.3	1803.9	0.412	1300.2	1371.0
codec-U	U-element-u-fixed32	U-element-u-fixed32	ascii	core-ffi	decode-read	drop	20	2009.0	1948.5	2747.2	0.398	1989.7	2233.3
codec-U	U-element-u-fixed32	U-element-u-fixed32	ascii	core-ffi-pull	decode-read	drop	20	1607.6	1521.5	2151.5	0.392	1582.3	1642.0
codec-U	U-element-u-fixed32	U-element-u-fixed32	ascii	core-native	decode-read	retain	20	1414.9	1304.8	1836.5	0.376	1371.4	1590.9
codec-U	U-element-u-fixed32	U-element-u-fixed32	ascii	core-ffi	decode-read	retain	20	2327.8	2216.4	3107.6	0.383	2282.7	2400.5
codec-U	U-element-u-fixed32	U-element-u-fixed32	ascii	core-ffi-pull	decode-read	retain	20	1741.8	1683.5	2329.5	0.371	1729.1	1773.2
codec-U	U-root-u-varint	U-root-u-varint	ascii	incumbent-prod	decode-read	default	20	542.4	499.5	640.8	0.261	526.8	574.3
codec-U	U-root-u-varint	U-root-u-varint	ascii	armonik	decode-read	default	20	564.8	516.6	630.4	0.201	546.1	586.6
codec-U	U-root-u-varint	U-root-u-varint	ascii	core-native	decode-read	drop	20	443.7	414.8	507.0	0.208	437.6	463.4
codec-U	U-root-u-varint	U-root-u-varint	ascii	core-ffi	decode-read	drop	20	457.4	426.2	525.3	0.217	448.1	487.4
codec-U	U-root-u-varint	U-root-u-varint	ascii	core-ffi-pull	decode-read	drop	20	474.5	437.7	525.5	0.185	463.5	504.3
codec-U	U-root-u-varint	U-root-u-varint	ascii	core-native	decode-read	retain	20	462.7	414.8	500.6	0.185	437.9	474.8
codec-U	U-root-u-varint	U-root-u-varint	ascii	core-ffi	decode-read	retain	20	513.5	475.3	581.2	0.206	495.6	540.5
codec-U	U-root-u-varint	U-root-u-varint	ascii	core-ffi-pull	decode-read	retain	20	517.7	476.7	594.1	0.227	501.7	559.1
codec-U	U-nested-group	U-nested-group	ascii	incumbent-prod	encode	default	20	200.3	193.8	225.5	0.159	197.7	213.9
codec-U	U-nested-group	U-nested-group	ascii	armonik	encode	default	20	210.1	202.8	235.8	0.157	208.5	227.6
codec-U	U-nested-group	U-nested-group	ascii	core-native	encode	drop	20	41.0	39.9	46.7	0.166	40.4	43.1
codec-U	U-nested-group	U-nested-group	ascii	core-ffi	encode	drop	20	67.6	65.6	90.9	0.375	67.0	71.0
codec-U	U-nested-group	U-nested-group	ascii	core-native	encode	retain	20	52.9	48.1	64.5	0.311	52.2	54.3
codec-U	U-nested-group	U-nested-group	ascii	core-ffi	encode	retain	20	74.3	67.7	77.9	0.137	70.0	75.8
codec-U	U-nested-u-msg	U-nested-u-msg	ascii	incumbent-prod	decode	default	20	293.4	273.5	335.9	0.213	285.4	317.3
codec-U	U-nested-u-msg	U-nested-u-msg	ascii	armonik	decode	default	20	285.5	251.5	310.5	0.207	275.8	290.6
codec-U	U-nested-u-msg	U-nested-u-msg	ascii	core-native	decode	drop	20	213.9	199.6	237.9	0.179	211.6	226.0
codec-U	U-nested-u-msg	U-nested-u-msg	ascii	core-ffi	decode	drop	20	243.1	230.2	272.9	0.176	238.8	255.9
codec-U	U-nested-u-msg	U-nested-u-msg	ascii	core-ffi-pull	decode	drop	20	257.8	241.0	286.3	0.176	249.6	270.7
codec-U	U-nested-u-msg	U-nested-u-msg	ascii	core-native	decode	retain	20	229.8	209.5	273.5	0.278	224.3	243.4
codec-U	U-nested-u-msg	U-nested-u-msg	ascii	core-ffi	decode	retain	20	294.5	282.4	343.6	0.208	289.6	315.2
codec-U	U-nested-u-msg	U-nested-u-msg	ascii	core-ffi-pull	decode	retain	20	308.1	278.5	350.7	0.234	297.5	316.7
codec-U	U-leaf-u-packed	U-leaf-u-packed	ascii	incumbent-prod	encode	default	20	240.4	235.4	257.9	0.093	237.9	244.5
codec-U	U-leaf-u-packed	U-leaf-u-packed	ascii	armonik	encode	default	20	256.6	252.4	276.5	0.094	254.2	265.3
codec-U	U-leaf-u-packed	U-leaf-u-packed	ascii	core-native	encode	drop	20	50.0	48.4	51.5	0.064	48.9	50.4
codec-U	U-leaf-u-packed	U-leaf-u-packed	ascii	core-ffi	encode	drop	20	83.0	79.9	91.4	0.139	81.8	85.3
codec-U	U-leaf-u-packed	U-leaf-u-packed	ascii	core-native	encode	retain	20	63.4	59.1	66.5	0.117	62.6	64.1
codec-U	U-leaf-u-packed	U-leaf-u-packed	ascii	core-ffi	encode	retain	20	88.1	85.9	97.2	0.129	87.2	89.3
codec-U	U-oneof-interleaved	U-oneof-interleaved	ascii	incumbent-prod	decode-read	default	20	213.4	208.1	237.1	0.136	211.1	216.0
codec-U	U-oneof-interleaved	U-oneof-interleaved	ascii	armonik	decode-read	default	20	203.1	197.7	214.5	0.083	201.5	207.0
codec-U	U-oneof-interleaved	U-oneof-interleaved	ascii	core-native	decode-read	drop	20	123.9	120.8	126.7	0.047	123.1	124.4
codec-U	U-oneof-interleaved	U-oneof-interleaved	ascii	core-ffi	decode-read	drop	20	145.9	143.8	215.0	0.488	145.0	146.4
codec-U	U-oneof-interleaved	U-oneof-interleaved	ascii	core-ffi-pull	decode-read	drop	20	158.9	156.0	161.9	0.037	158.1	159.9
codec-U	U-oneof-interleaved	U-oneof-interleaved	ascii	core-native	decode-read	retain	20	237.7	232.9	242.5	0.040	236.0	240.7
codec-U	U-oneof-interleaved	U-oneof-interleaved	ascii	core-ffi	decode-read	retain	20	378.5	369.9	394.4	0.065	373.3	381.6
codec-U	U-oneof-interleaved	U-oneof-interleaved	ascii	core-ffi-pull	decode-read	retain	20	391.5	378.8	463.4	0.216	388.7	394.5
codec-U	U-root-u-msg	U-root-u-msg	ascii	incumbent-prod	encode	default	20	557.7	544.6	598.1	0.096	552.5	564.2
codec-U	U-root-u-msg	U-root-u-msg	ascii	armonik	encode	default	20	581.4	572.9	595.4	0.039	579.0	587.3
codec-U	U-root-u-msg	U-root-u-msg	ascii	core-native	encode	drop	20	106.4	103.8	109.1	0.050	105.7	107.0
codec-U	U-root-u-msg	U-root-u-msg	ascii	core-ffi	encode	drop	20	154.7	152.3	168.6	0.105	153.8	155.8
codec-U	U-root-u-msg	U-root-u-msg	ascii	core-native	encode	retain	20	120.0	118.1	132.1	0.117	119.1	122.4
codec-U	U-root-u-msg	U-root-u-msg	ascii	core-ffi	encode	retain	20	165.5	162.1	201.2	0.236	164.2	166.9
codec-U	U-oneof-member-before-known	U-oneof-member-before-known	ascii	incumbent-prod	decode	default	20	127.0	124.9	130.8	0.047	126.3	127.7
codec-U	U-oneof-member-before-known	U-oneof-member-before-known	ascii	armonik	decode	default	20	123.9	119.5	134.5	0.121	122.0	125.6
codec-U	U-oneof-member-before-known	U-oneof-member-before-known	ascii	core-native	decode	drop	20	87.2	86.2	90.7	0.052	86.5	88.2
codec-U	U-oneof-member-before-known	U-oneof-member-before-known	ascii	core-ffi	decode	drop	20	110.9	108.1	113.7	0.050	110.0	111.9
codec-U	U-oneof-member-before-known	U-oneof-member-before-known	ascii	core-ffi-pull	decode	drop	20	122.3	120.0	129.7	0.079	121.8	123.3
codec-U	U-oneof-member-before-known	U-oneof-member-before-known	ascii	core-native	decode	retain	20	106.9	105.5	110.0	0.042	106.1	108.0
codec-U	U-oneof-member-before-known	U-oneof-member-before-known	ascii	core-ffi	decode	retain	20	162.1	159.5	180.0	0.126	161.0	164.9
codec-U	U-oneof-member-before-known	U-oneof-member-before-known	ascii	core-ffi-pull	decode	retain	20	174.4	170.2	180.4	0.058	171.9	176.1
codec-U	U-wire-ListResultsResponse-results-as-wt5	U-wire-ListResultsResponse-results-as-wt5	ascii	core-native	encode	drop	20	110.2	105.1	122.9	0.161	108.7	113.1
codec-U	U-wire-ListResultsResponse-results-as-wt5	U-wire-ListResultsResponse-results-as-wt5	ascii	core-ffi	encode	drop	20	155.3	151.6	177.2	0.165	154.5	159.6
codec-U	U-wire-ListResultsResponse-results-as-wt5	U-wire-ListResultsResponse-results-as-wt5	ascii	core-native	encode	retain	20	123.0	119.3	157.4	0.310	121.6	124.2
codec-U	U-wire-ListResultsResponse-results-as-wt5	U-wire-ListResultsResponse-results-as-wt5	ascii	core-ffi	encode	retain	20	167.5	163.6	207.8	0.264	166.1	170.6
codec-U	U-wire-UploadResultDataMessage-upload-as-wt0	U-wire-UploadResultDataMessage-upload-as-wt0	ascii	core-native	decode-read	drop	20	93.3	91.9	109.4	0.188	92.7	94.6
codec-U	U-wire-UploadResultDataMessage-upload-as-wt0	U-wire-UploadResultDataMessage-upload-as-wt0	ascii	core-ffi	decode-read	drop	20	95.6	94.3	99.5	0.055	94.8	96.6
codec-U	U-wire-UploadResultDataMessage-upload-as-wt0	U-wire-UploadResultDataMessage-upload-as-wt0	ascii	core-ffi-pull	decode-read	drop	20	104.1	101.9	110.8	0.085	102.9	105.9
codec-U	U-wire-UploadResultDataMessage-upload-as-wt0	U-wire-UploadResultDataMessage-upload-as-wt0	ascii	core-native	decode-read	retain	20	109.6	107.1	116.1	0.082	108.5	110.7
codec-U	U-wire-UploadResultDataMessage-upload-as-wt0	U-wire-UploadResultDataMessage-upload-as-wt0	ascii	core-ffi	decode-read	retain	20	149.4	145.6	154.1	0.057	147.4	152.6
codec-U	U-wire-UploadResultDataMessage-upload-as-wt0	U-wire-UploadResultDataMessage-upload-as-wt0	ascii	core-ffi-pull	decode-read	retain	20	156.8	153.4	176.0	0.144	156.0	158.8
codec-U	U-wire-ListTasksDetailedResponse-tasks-as-wt5	U-wire-ListTasksDetailedResponse-tasks-as-wt5	ascii	core-native	encode	drop	20	569.2	556.1	672.6	0.205	563.5	578.0
codec-U	U-wire-ListTasksDetailedResponse-tasks-as-wt5	U-wire-ListTasksDetailedResponse-tasks-as-wt5	ascii	core-ffi	encode	drop	20	947.5	939.6	1002.0	0.066	942.6	956.9
codec-U	U-wire-ListTasksDetailedResponse-tasks-as-wt5	U-wire-ListTasksDetailedResponse-tasks-as-wt5	ascii	core-native	encode	retain	20	653.6	634.5	689.7	0.085	649.8	658.3
codec-U	U-wire-ListTasksDetailedResponse-tasks-as-wt5	U-wire-ListTasksDetailedResponse-tasks-as-wt5	ascii	core-ffi	encode	retain	20	999.2	981.7	1058.5	0.077	991.8	1014.4
codec-U	U-wire-ListResultsResponse-results-as-wt0	U-wire-ListResultsResponse-results-as-wt0	ascii	core-native	encode	drop	20	106.5	101.6	119.5	0.168	105.5	108.4
codec-U	U-wire-ListResultsResponse-results-as-wt0	U-wire-ListResultsResponse-results-as-wt0	ascii	core-ffi	encode	drop	20	154.1	151.7	163.4	0.076	153.0	156.2
codec-U	U-wire-ListResultsResponse-results-as-wt0	U-wire-ListResultsResponse-results-as-wt0	ascii	core-native	encode	retain	20	120.7	117.7	135.3	0.145	119.5	122.6
codec-U	U-wire-ListResultsResponse-results-as-wt0	U-wire-ListResultsResponse-results-as-wt0	ascii	core-ffi	encode	retain	20	164.2	158.6	174.7	0.098	162.8	167.0
codec-U	U-element-u-len	U-element-u-len	ascii	incumbent-prod	decode-read	default	20	2047.9	1988.8	2097.1	0.053	2031.0	2068.5
codec-U	U-element-u-len	U-element-u-len	ascii	armonik	decode-read	default	20	2035.5	1984.9	2145.7	0.079	2012.5	2058.2
codec-U	U-element-u-len	U-element-u-len	ascii	core-native	decode-read	drop	20	1619.8	1593.0	1684.0	0.056	1614.1	1633.1
codec-U	U-element-u-len	U-element-u-len	ascii	core-ffi	decode-read	drop	20	2550.1	2522.3	3029.5	0.199	2540.1	2593.3
codec-U	U-element-u-len	U-element-u-len	ascii	core-ffi-pull	decode-read	drop	20	1980.5	1940.3	2025.1	0.043	1963.0	1983.3
codec-U	U-element-u-len	U-element-u-len	ascii	core-native	decode-read	retain	20	1670.6	1639.7	1848.2	0.125	1664.1	1682.8
codec-U	U-element-u-len	U-element-u-len	ascii	core-ffi	decode-read	retain	20	2916.9	2871.5	3104.5	0.080	2899.4	2929.5
codec-U	U-element-u-len	U-element-u-len	ascii	core-ffi-pull	decode-read	retain	20	2156.5	2107.9	2226.7	0.055	2135.8	2180.6
codec-U	U-root-all	U-root-all	ascii	incumbent-prod	decode-read	default	20	727.4	702.4	877.1	0.240	717.3	739.5
codec-U	U-root-all	U-root-all	ascii	armonik	decode-read	default	20	764.8	745.9	782.3	0.048	758.1	771.0
codec-U	U-root-all	U-root-all	ascii	core-native	decode-read	drop	20	565.4	540.6	595.9	0.098	560.5	578.4
codec-U	U-root-all	U-root-all	ascii	core-ffi	decode-read	drop	20	611.1	593.8	661.3	0.111	603.3	615.9
codec-U	U-root-all	U-root-all	ascii	core-ffi-pull	decode-read	drop	20	633.1	603.2	682.8	0.126	627.4	642.0
codec-U	U-root-all	U-root-all	ascii	core-native	decode-read	retain	20	716.5	696.5	738.9	0.059	706.9	726.5
codec-U	U-root-all	U-root-all	ascii	core-ffi	decode-read	retain	20	882.0	834.4	931.3	0.110	872.2	893.7
codec-U	U-root-all	U-root-all	ascii	core-ffi-pull	decode-read	retain	20	894.2	861.2	1001.2	0.157	878.6	918.0
codec-U	U-root-before	U-root-before	ascii	incumbent-prod	encode	default	20	558.9	541.0	601.0	0.107	547.1	568.8
codec-U	U-root-before	U-root-before	ascii	armonik	encode	default	20	590.2	578.9	621.4	0.072	585.7	595.1
codec-U	U-root-before	U-root-before	ascii	core-native	encode	drop	20	108.2	105.7	119.5	0.127	106.8	110.3
codec-U	U-root-before	U-root-before	ascii	core-ffi	encode	drop	20	154.7	151.9	164.1	0.079	153.6	156.6
codec-U	U-root-before	U-root-before	ascii	core-native	encode	retain	20	121.1	118.0	126.9	0.073	119.4	122.1
codec-U	U-root-before	U-root-before	ascii	core-ffi	encode	retain	20	165.0	161.3	173.9	0.076	164.2	166.6
codec-U	U-element-u-len	U-element-u-len	ascii	incumbent-prod	encode	default	20	1204.9	1190.1	1240.2	0.042	1198.8	1211.8
codec-U	U-element-u-len	U-element-u-len	ascii	armonik	encode	default	20	1234.2	1218.6	1272.8	0.044	1228.6	1254.5
codec-U	U-element-u-len	U-element-u-len	ascii	core-native	encode	drop	20	253.1	245.4	267.9	0.089	250.2	256.2
codec-U	U-element-u-len	U-element-u-len	ascii	core-ffi	encode	drop	20	442.3	436.4	475.2	0.088	439.9	445.5
codec-U	U-element-u-len	U-element-u-len	ascii	core-native	encode	retain	20	298.1	292.1	308.4	0.054	295.0	299.3
codec-U	U-element-u-len	U-element-u-len	ascii	core-ffi	encode	retain	20	472.3	465.1	500.6	0.075	467.6	480.9
codec-U	U-nested-u-packed	U-nested-u-packed	ascii	incumbent-prod	decode	default	20	248.0	230.4	275.2	0.181	236.4	250.4
codec-U	U-nested-u-packed	U-nested-u-packed	ascii	armonik	decode	default	20	232.3	220.0	241.3	0.092	223.4	237.0
codec-U	U-nested-u-packed	U-nested-u-packed	ascii	core-native	decode	drop	20	181.1	170.9	194.5	0.130	172.7	183.3
codec-U	U-nested-u-packed	U-nested-u-packed	ascii	core-ffi	decode	drop	20	203.2	191.0	217.9	0.133	194.3	205.4
codec-U	U-nested-u-packed	U-nested-u-packed	ascii	core-ffi-pull	decode	drop	20	214.7	202.9	228.2	0.118	206.9	216.9
codec-U	U-nested-u-packed	U-nested-u-packed	ascii	core-native	decode	retain	20	192.1	181.8	210.5	0.150	184.9	194.0
codec-U	U-nested-u-packed	U-nested-u-packed	ascii	core-ffi	decode	retain	20	248.5	233.3	254.4	0.085	241.4	250.8
codec-U	U-nested-u-packed	U-nested-u-packed	ascii	core-ffi-pull	decode	retain	20	255.1	241.4	271.4	0.118	248.0	259.0
codec-U	U-wire-ListProbeResponse-probes-as-wt5	U-wire-ListProbeResponse-probes-as-wt5	ascii	core-native	encode	drop	20	34.0	33.4	36.0	0.077	33.8	34.3
codec-U	U-wire-ListProbeResponse-probes-as-wt5	U-wire-ListProbeResponse-probes-as-wt5	ascii	core-ffi	encode	drop	20	59.7	58.7	60.7	0.032	59.4	60.1
codec-U	U-wire-ListProbeResponse-probes-as-wt5	U-wire-ListProbeResponse-probes-as-wt5	ascii	core-native	encode	retain	20	37.1	35.7	38.9	0.087	36.9	37.7
codec-U	U-wire-ListProbeResponse-probes-as-wt5	U-wire-ListProbeResponse-probes-as-wt5	ascii	core-ffi	encode	retain	20	62.8	61.9	64.1	0.035	62.5	63.2
codec-U	U-root-group	U-root-group	ascii	incumbent-prod	decode	default	20	512.5	504.5	538.3	0.066	508.6	515.7
codec-U	U-root-group	U-root-group	ascii	armonik	decode	default	20	521.5	513.9	558.7	0.086	518.7	526.4
codec-U	U-root-group	U-root-group	ascii	core-native	decode	drop	20	388.3	383.4	411.7	0.073	386.9	392.5
codec-U	U-root-group	U-root-group	ascii	core-ffi	decode	drop	20	421.7	418.9	450.7	0.075	419.7	427.9
codec-U	U-root-group	U-root-group	ascii	core-ffi-pull	decode	drop	20	433.4	427.9	450.6	0.052	430.9	436.9
codec-U	U-root-group	U-root-group	ascii	core-native	decode	retain	20	439.8	435.3	484.3	0.111	437.1	444.6
codec-U	U-root-group	U-root-group	ascii	core-ffi	decode	retain	20	516.3	508.1	542.4	0.066	511.7	519.0
codec-U	U-root-group	U-root-group	ascii	core-ffi-pull	decode	retain	20	499.3	489.5	524.2	0.070	494.6	503.3
codec-U	U-nested-u-msg	U-nested-u-msg	ascii	incumbent-prod	decode-read	default	20	267.8	238.2	281.2	0.161	254.0	278.2
codec-U	U-nested-u-msg	U-nested-u-msg	ascii	armonik	decode-read	default	20	273.9	244.8	361.1	0.425	258.2	278.4
codec-U	U-nested-u-msg	U-nested-u-msg	ascii	core-native	decode-read	drop	20	219.5	192.7	279.4	0.395	204.1	221.7
codec-U	U-nested-u-msg	U-nested-u-msg	ascii	core-ffi	decode-read	drop	20	237.0	213.8	288.2	0.314	224.8	242.7
codec-U	U-nested-u-msg	U-nested-u-msg	ascii	core-ffi-pull	decode-read	drop	20	242.6	224.6	258.8	0.141	229.7	252.0
codec-U	U-nested-u-msg	U-nested-u-msg	ascii	core-native	decode-read	retain	20	225.8	202.5	244.0	0.184	212.8	230.4
codec-U	U-nested-u-msg	U-nested-u-msg	ascii	core-ffi	decode-read	retain	20	280.0	256.7	334.3	0.277	266.8	293.8
codec-U	U-nested-u-msg	U-nested-u-msg	ascii	core-ffi-pull	decode-read	retain	20	290.1	263.1	311.3	0.166	270.7	298.9
codec-U	U-oneof-member-alone	U-oneof-member-alone	ascii	incumbent-prod	decode	default	20	95.0	89.1	104.7	0.164	93.7	99.5
codec-U	U-oneof-member-alone	U-oneof-member-alone	ascii	armonik	decode	default	20	91.8	85.6	99.9	0.156	90.7	94.7
codec-U	U-oneof-member-alone	U-oneof-member-alone	ascii	core-native	decode	drop	20	69.5	65.6	77.4	0.169	68.6	72.6
codec-U	U-oneof-member-alone	U-oneof-member-alone	ascii	core-ffi	decode	drop	20	88.1	83.4	95.9	0.142	87.3	92.7
codec-U	U-oneof-member-alone	U-oneof-member-alone	ascii	core-ffi-pull	decode	drop	20	98.1	92.9	107.8	0.152	97.0	104.6
codec-U	U-oneof-member-alone	U-oneof-member-alone	ascii	core-native	decode	retain	20	85.1	80.1	94.5	0.169	83.9	91.0
codec-U	U-oneof-member-alone	U-oneof-member-alone	ascii	core-ffi	decode	retain	20	129.9	122.0	141.7	0.152	129.1	132.0
codec-U	U-oneof-member-alone	U-oneof-member-alone	ascii	core-ffi-pull	decode	retain	20	139.6	134.1	172.0	0.271	136.7	147.6
codec-U	U-oneof-u-varint	U-oneof-u-varint	ascii	incumbent-prod	decode-read	default	20	110.0	107.7	118.6	0.099	108.3	111.4
codec-U	U-oneof-u-varint	U-oneof-u-varint	ascii	armonik	decode-read	default	20	106.4	104.4	123.9	0.183	105.4	109.3
codec-U	U-oneof-u-varint	U-oneof-u-varint	ascii	core-native	decode-read	drop	20	74.9	73.2	80.5	0.097	74.0	77.7
codec-U	U-oneof-u-varint	U-oneof-u-varint	ascii	core-ffi	decode-read	drop	20	91.0	89.7	97.2	0.082	90.6	92.1
codec-U	U-oneof-u-varint	U-oneof-u-varint	ascii	core-ffi-pull	decode-read	drop	20	100.1	98.1	105.6	0.075	99.5	101.2
codec-U	U-oneof-u-varint	U-oneof-u-varint	ascii	core-native	decode-read	retain	20	89.7	87.0	94.1	0.079	88.2	90.3
codec-U	U-oneof-u-varint	U-oneof-u-varint	ascii	core-ffi	decode-read	retain	20	133.8	131.6	146.2	0.109	133.2	136.6
codec-U	U-oneof-u-varint	U-oneof-u-varint	ascii	core-ffi-pull	decode-read	retain	20	139.8	137.4	153.8	0.117	139.0	146.4
codec-U	U-element-u-repeated	U-element-u-repeated	ascii	incumbent-prod	decode	default	20	1596.0	1532.1	1895.8	0.228	1547.3	1658.1
codec-U	U-element-u-repeated	U-element-u-repeated	ascii	armonik	decode	default	20	1561.3	1499.8	1908.5	0.262	1517.5	1629.2
codec-U	U-element-u-repeated	U-element-u-repeated	ascii	core-native	decode	drop	20	1226.3	1189.0	1456.7	0.218	1202.1	1307.0
codec-U	U-element-u-repeated	U-element-u-repeated	ascii	core-ffi	decode	drop	20	1958.3	1878.0	2339.5	0.236	1904.0	2086.4
codec-U	U-element-u-repeated	U-element-u-repeated	ascii	core-ffi-pull	decode	drop	20	1538.2	1453.1	1811.1	0.233	1472.2	1643.2
codec-U	U-element-u-repeated	U-element-u-repeated	ascii	core-native	decode	retain	20	1313.6	1246.9	1758.5	0.389	1271.3	1367.1
codec-U	U-element-u-repeated	U-element-u-repeated	ascii	core-ffi	decode	retain	20	2277.4	2164.4	2801.8	0.280	2217.0	2412.9
codec-U	U-element-u-repeated	U-element-u-repeated	ascii	core-ffi-pull	decode	retain	20	1675.6	1619.2	1972.7	0.211	1642.1	1764.7
codec-U	U-wire-ListResultsResponse-page-as-wt5	U-wire-ListResultsResponse-page-as-wt5	ascii	core-native	encode	drop	20	108.3	105.4	111.1	0.053	106.7	109.6
codec-U	U-wire-ListResultsResponse-page-as-wt5	U-wire-ListResultsResponse-page-as-wt5	ascii	core-ffi	encode	drop	20	152.4	146.8	159.7	0.085	149.6	154.9
codec-U	U-wire-ListResultsResponse-page-as-wt5	U-wire-ListResultsResponse-page-as-wt5	ascii	core-native	encode	retain	20	119.7	115.8	123.8	0.066	118.1	121.8
codec-U	U-wire-ListResultsResponse-page-as-wt5	U-wire-ListResultsResponse-page-as-wt5	ascii	core-ffi	encode	retain	20	162.2	156.9	166.8	0.061	159.2	164.4
codec-U	U-oneof-interleaved	U-oneof-interleaved	ascii	incumbent-prod	encode	default	20	104.1	96.2	116.1	0.191	101.2	110.1
codec-U	U-oneof-interleaved	U-oneof-interleaved	ascii	armonik	encode	default	20	101.2	97.2	111.2	0.139	98.7	104.6
codec-U	U-oneof-interleaved	U-oneof-interleaved	ascii	core-native	encode	drop	20	21.0	19.7	22.1	0.113	20.6	21.3
codec-U	U-oneof-interleaved	U-oneof-interleaved	ascii	core-ffi	encode	drop	20	42.1	41.0	43.2	0.051	41.7	42.3
codec-U	U-oneof-interleaved	U-oneof-interleaved	ascii	core-native	encode	retain	20	22.6	22.1	24.7	0.117	22.4	23.1
codec-U	U-oneof-interleaved	U-oneof-interleaved	ascii	core-ffi	encode	retain	20	43.2	41.8	44.5	0.063	42.8	43.4
codec-U	U-wire-UploadResultDataMessage-upload-as-wt5	U-wire-UploadResultDataMessage-upload-as-wt5	ascii	core-native	decode	drop	20	81.1	72.8	93.9	0.261	79.8	82.2
codec-U	U-wire-UploadResultDataMessage-upload-as-wt5	U-wire-UploadResultDataMessage-upload-as-wt5	ascii	core-ffi	decode	drop	20	81.8	73.6	93.9	0.249	81.5	84.0
codec-U	U-wire-UploadResultDataMessage-upload-as-wt5	U-wire-UploadResultDataMessage-upload-as-wt5	ascii	core-ffi-pull	decode	drop	20	89.6	82.4	105.1	0.253	88.2	93.6
codec-U	U-wire-UploadResultDataMessage-upload-as-wt5	U-wire-UploadResultDataMessage-upload-as-wt5	ascii	core-native	decode	retain	20	97.4	87.9	125.7	0.388	94.4	99.9
codec-U	U-wire-UploadResultDataMessage-upload-as-wt5	U-wire-UploadResultDataMessage-upload-as-wt5	ascii	core-ffi	decode	retain	20	131.7	117.6	152.8	0.268	129.2	134.1
codec-U	U-wire-UploadResultDataMessage-upload-as-wt5	U-wire-UploadResultDataMessage-upload-as-wt5	ascii	core-ffi-pull	decode	retain	20	136.3	121.9	157.8	0.263	134.5	138.9
codec-U	U-wire-ListResultsResponse-results-as-wt0	U-wire-ListResultsResponse-results-as-wt0	ascii	core-native	decode	drop	20	506.7	484.0	542.8	0.116	503.7	521.8
codec-U	U-wire-ListResultsResponse-results-as-wt0	U-wire-ListResultsResponse-results-as-wt0	ascii	core-ffi	decode	drop	20	536.0	524.2	573.6	0.092	532.6	543.0
codec-U	U-wire-ListResultsResponse-results-as-wt0	U-wire-ListResultsResponse-results-as-wt0	ascii	core-ffi-pull	decode	drop	20	552.8	527.6	577.2	0.090	548.6	557.6
codec-U	U-wire-ListResultsResponse-results-as-wt0	U-wire-ListResultsResponse-results-as-wt0	ascii	core-native	decode	retain	20	513.9	486.1	558.6	0.141	506.8	520.0
codec-U	U-wire-ListResultsResponse-results-as-wt0	U-wire-ListResultsResponse-results-as-wt0	ascii	core-ffi	decode	retain	20	600.9	582.1	641.1	0.098	597.8	605.2
codec-U	U-wire-ListResultsResponse-results-as-wt0	U-wire-ListResultsResponse-results-as-wt0	ascii	core-ffi-pull	decode	retain	20	626.2	597.6	657.6	0.096	612.2	640.4
codec-U	U-element-all	U-element-all	ascii	incumbent-prod	decode	default	20	2141.2	2092.8	2217.7	0.058	2123.3	2169.2
codec-U	U-element-all	U-element-all	ascii	armonik	decode	default	20	2110.1	2039.1	2260.7	0.105	2086.7	2137.6
codec-U	U-element-all	U-element-all	ascii	core-native	decode	drop	20	1616.9	1544.8	1687.0	0.088	1587.2	1639.5
codec-U	U-element-all	U-element-all	ascii	core-ffi	decode	drop	20	2517.0	2482.8	2632.6	0.060	2506.8	2549.5
codec-U	U-element-all	U-element-all	ascii	core-ffi-pull	decode	drop	20	1985.6	1926.5	2110.1	0.092	1941.5	2013.0
codec-U	U-element-all	U-element-all	ascii	core-native	decode	retain	20	1851.6	1765.8	1940.4	0.094	1814.9	1897.1
codec-U	U-element-all	U-element-all	ascii	core-ffi	decode	retain	20	3100.5	3027.8	3330.3	0.098	3081.9	3191.3
codec-U	U-element-all	U-element-all	ascii	core-ffi-pull	decode	retain	20	2391.4	2306.5	2933.4	0.262	2361.4	2414.7
codec-U	U-wire-ListTasksDetailedResponse-page-as-wt5	U-wire-ListTasksDetailedResponse-page-as-wt5	ascii	core-native	decode	drop	20	3481.4	3324.3	5672.7	0.675	3436.6	3677.2
codec-U	U-wire-ListTasksDetailedResponse-page-as-wt5	U-wire-ListTasksDetailedResponse-page-as-wt5	ascii	core-ffi	decode	drop	20	5339.9	5115.4	8612.6	0.655	5266.8	5545.2
codec-U	U-wire-ListTasksDetailedResponse-page-as-wt5	U-wire-ListTasksDetailedResponse-page-as-wt5	ascii	core-ffi-pull	decode	drop	20	4185.4	4029.3	9665.0	1.347	4118.9	4246.2
codec-U	U-wire-ListTasksDetailedResponse-page-as-wt5	U-wire-ListTasksDetailedResponse-page-as-wt5	ascii	core-native	decode	retain	20	3556.6	3493.0	3701.9	0.059	3536.0	3625.3
codec-U	U-wire-ListTasksDetailedResponse-page-as-wt5	U-wire-ListTasksDetailedResponse-page-as-wt5	ascii	core-ffi	decode	retain	20	5668.7	5526.1	6002.5	0.084	5627.5	5779.7
codec-U	U-wire-ListTasksDetailedResponse-page-as-wt5	U-wire-ListTasksDetailedResponse-page-as-wt5	ascii	core-ffi-pull	decode	retain	20	4280.4	4194.3	9741.6	1.296	4244.7	4373.0
codec-U	U-root-max-tag	U-root-max-tag	ascii	incumbent-prod	encode	default	20	560.3	532.3	617.8	0.152	553.2	580.4
codec-U	U-root-max-tag	U-root-max-tag	ascii	armonik	encode	default	20	591.5	569.6	636.1	0.112	581.0	599.7
codec-U	U-root-max-tag	U-root-max-tag	ascii	core-native	encode	drop	20	108.4	103.2	115.8	0.116	105.9	109.6
codec-U	U-root-max-tag	U-root-max-tag	ascii	core-ffi	encode	drop	20	157.3	152.9	167.1	0.090	155.6	160.1
codec-U	U-root-max-tag	U-root-max-tag	ascii	core-native	encode	retain	20	123.2	117.8	132.4	0.119	121.8	126.5
codec-U	U-root-max-tag	U-root-max-tag	ascii	core-ffi	encode	retain	20	168.1	161.8	192.2	0.181	164.6	171.7
codec-U	U-wire-ListMetricsResponse-batches-as-wt0	U-wire-ListMetricsResponse-batches-as-wt0	ascii	core-native	encode	drop	20	609.0	601.2	701.8	0.165	606.0	613.4
codec-U	U-wire-ListMetricsResponse-batches-as-wt0	U-wire-ListMetricsResponse-batches-as-wt0	ascii	core-ffi	encode	drop	20	755.1	732.1	912.6	0.239	750.0	785.1
codec-U	U-wire-ListMetricsResponse-batches-as-wt0	U-wire-ListMetricsResponse-batches-as-wt0	ascii	core-native	encode	retain	20	631.0	615.4	1828.0	1.922	623.3	639.9
codec-U	U-wire-ListMetricsResponse-batches-as-wt0	U-wire-ListMetricsResponse-batches-as-wt0	ascii	core-ffi	encode	retain	20	762.6	734.1	804.2	0.092	751.4	775.6
codec-U	U-element-all	U-element-all	ascii	incumbent-prod	decode-read	default	20	2219.0	2165.5	2411.3	0.111	2193.7	2243.5
codec-U	U-element-all	U-element-all	ascii	armonik	decode-read	default	20	2238.2	2174.7	2390.9	0.097	2188.3	2294.3
codec-U	U-element-all	U-element-all	ascii	core-native	decode-read	drop	20	1726.2	1702.2	1890.7	0.109	1711.8	1761.4
codec-U	U-element-all	U-element-all	ascii	core-ffi	decode-read	drop	20	2608.6	2561.9	2830.1	0.103	2589.1	2671.8
codec-U	U-element-all	U-element-all	ascii	core-ffi-pull	decode-read	drop	20	2031.9	1988.6	2380.3	0.193	2015.8	2061.2
codec-U	U-element-all	U-element-all	ascii	core-native	decode-read	retain	20	1989.2	1935.2	2099.7	0.083	1973.3	2022.8
codec-U	U-element-all	U-element-all	ascii	core-ffi	decode-read	retain	20	3184.2	3101.6	3402.5	0.095	3138.6	3263.9
codec-U	U-element-all	U-element-all	ascii	core-ffi-pull	decode-read	retain	20	2440.3	2386.9	2795.3	0.167	2420.8	2492.2
codec-U	U-oneof-u-msg	U-oneof-u-msg	ascii	incumbent-prod	decode-read	default	20	134.0	129.9	162.4	0.243	132.4	135.2
codec-U	U-oneof-u-msg	U-oneof-u-msg	ascii	armonik	decode-read	default	20	133.4	127.6	143.8	0.121	131.4	134.9
codec-U	U-oneof-u-msg	U-oneof-u-msg	ascii	core-native	decode-read	drop	20	94.7	92.9	96.9	0.042	93.8	95.6
codec-U	U-oneof-u-msg	U-oneof-u-msg	ascii	core-ffi	decode-read	drop	20	129.1	125.8	134.3	0.066	128.0	130.2
codec-U	U-oneof-u-msg	U-oneof-u-msg	ascii	core-ffi-pull	decode-read	drop	20	145.0	138.9	173.4	0.238	144.4	146.8
codec-U	U-oneof-u-msg	U-oneof-u-msg	ascii	core-native	decode-read	retain	20	111.9	108.0	120.0	0.108	111.4	112.7
codec-U	U-oneof-u-msg	U-oneof-u-msg	ascii	core-ffi	decode-read	retain	20	174.0	167.7	207.7	0.230	172.7	175.2
codec-U	U-oneof-u-msg	U-oneof-u-msg	ascii	core-ffi-pull	decode-read	retain	20	185.3	177.5	202.0	0.133	183.1	187.3
codec-U	U-oneof-u-fixed32	U-oneof-u-fixed32	ascii	incumbent-prod	encode	default	20	117.2	106.8	124.9	0.155	113.1	120.3
codec-U	U-oneof-u-fixed32	U-oneof-u-fixed32	ascii	armonik	encode	default	20	111.4	105.9	128.2	0.200	107.6	115.1
codec-U	U-oneof-u-fixed32	U-oneof-u-fixed32	ascii	core-native	encode	drop	20	23.2	22.1	26.6	0.193	22.9	23.5
codec-U	U-oneof-u-fixed32	U-oneof-u-fixed32	ascii	core-ffi	encode	drop	20	45.8	44.0	52.2	0.179	44.6	46.2
codec-U	U-oneof-u-fixed32	U-oneof-u-fixed32	ascii	core-native	encode	retain	20	25.0	23.6	29.0	0.214	24.3	25.5
codec-U	U-oneof-u-fixed32	U-oneof-u-fixed32	ascii	core-ffi	encode	retain	20	45.9	45.4	47.1	0.038	45.8	46.2
codec-U	U-enum-value-packed	U-enum-value-packed	ascii	incumbent-prod	decode-read	default	20	109.9	108.3	115.2	0.063	109.0	110.7
codec-U	U-enum-value-packed	U-enum-value-packed	ascii	armonik	decode-read	default	20	133.1	131.7	139.6	0.059	132.5	134.2
codec-U	U-enum-value-packed	U-enum-value-packed	ascii	core-native	decode-read	drop	20	86.1	84.6	89.4	0.057	85.4	87.0
codec-U	U-enum-value-packed	U-enum-value-packed	ascii	core-ffi	decode-read	drop	20	217.9	215.2	226.3	0.051	216.6	220.3
codec-U	U-enum-value-packed	U-enum-value-packed	ascii	core-ffi-pull	decode-read	drop	20	241.8	238.5	249.5	0.045	240.3	243.6
codec-U	U-enum-value-packed	U-enum-value-packed	ascii	core-native	decode-read	retain	20	86.4	85.2	95.6	0.121	85.7	87.0
codec-U	U-enum-value-packed	U-enum-value-packed	ascii	core-ffi	decode-read	retain	20	227.2	223.1	232.6	0.042	226.3	229.6
codec-U	U-enum-value-packed	U-enum-value-packed	ascii	core-ffi-pull	decode-read	retain	20	254.6	252.0	273.8	0.086	253.3	257.1
codec-U	U-element-u-msg	U-element-u-msg	ascii	incumbent-prod	encode	default	20	1203.7	1179.6	1454.0	0.228	1194.6	1212.4
codec-U	U-element-u-msg	U-element-u-msg	ascii	armonik	encode	default	20	1240.7	1213.1	1436.1	0.180	1230.5	1245.6
codec-U	U-element-u-msg	U-element-u-msg	ascii	core-native	encode	drop	20	251.8	245.0	309.2	0.255	250.8	253.5
codec-U	U-element-u-msg	U-element-u-msg	ascii	core-ffi	encode	drop	20	446.3	438.1	523.0	0.190	442.7	457.0
codec-U	U-element-u-msg	U-element-u-msg	ascii	core-native	encode	retain	20	298.6	289.4	355.7	0.222	293.6	304.4
codec-U	U-element-u-msg	U-element-u-msg	ascii	core-ffi	encode	retain	20	470.2	464.0	519.8	0.119	465.7	475.0
codec-U	U-oneof-before	U-oneof-before	ascii	incumbent-prod	decode-read	default	20	214.9	193.2	257.9	0.301	207.3	218.7
codec-U	U-oneof-before	U-oneof-before	ascii	armonik	decode-read	default	20	202.6	180.0	215.7	0.176	196.9	207.8
codec-U	U-oneof-before	U-oneof-before	ascii	core-native	decode-read	drop	20	121.2	108.2	130.5	0.184	109.6	124.8
codec-U	U-oneof-before	U-oneof-before	ascii	core-ffi	decode-read	drop	20	150.0	131.7	177.8	0.307	136.9	153.1
codec-U	U-oneof-before	U-oneof-before	ascii	core-ffi-pull	decode-read	drop	20	161.1	140.9	165.7	0.154	149.9	163.2
codec-U	U-oneof-before	U-oneof-before	ascii	core-native	decode-read	retain	20	239.4	216.7	395.1	0.745	234.7	245.7
codec-U	U-oneof-before	U-oneof-before	ascii	core-ffi	decode-read	retain	20	379.1	333.7	390.4	0.149	372.4	381.8
codec-U	U-oneof-before	U-oneof-before	ascii	core-ffi-pull	decode-read	retain	20	391.1	345.0	518.1	0.443	381.3	396.8
codec-U	U-oneof-member-alone	U-oneof-member-alone	ascii	incumbent-prod	decode-read	default	20	95.9	90.4	106.0	0.163	93.9	101.1
codec-U	U-oneof-member-alone	U-oneof-member-alone	ascii	armonik	decode-read	default	20	95.0	90.0	104.6	0.154	93.9	99.4
codec-U	U-oneof-member-alone	U-oneof-member-alone	ascii	core-native	decode-read	drop	20	73.0	69.5	80.9	0.157	71.4	78.6
codec-U	U-oneof-member-alone	U-oneof-member-alone	ascii	core-ffi	decode-read	drop	20	92.6	85.9	103.0	0.185	90.6	98.9
codec-U	U-oneof-member-alone	U-oneof-member-alone	ascii	core-ffi-pull	decode-read	drop	20	101.2	95.2	112.5	0.171	99.9	110.3
codec-U	U-oneof-member-alone	U-oneof-member-alone	ascii	core-native	decode-read	retain	20	88.8	83.3	97.2	0.157	87.1	94.0
codec-U	U-oneof-member-alone	U-oneof-member-alone	ascii	core-ffi	decode-read	retain	20	134.5	125.2	146.2	0.156	130.0	142.0
codec-U	U-oneof-member-alone	U-oneof-member-alone	ascii	core-ffi-pull	decode-read	retain	20	140.4	131.9	156.8	0.178	138.0	146.8
codec-U	U-leaf-u-msg	U-leaf-u-msg	ascii	incumbent-prod	decode-read	default	20	256.5	248.6	269.3	0.081	252.3	265.9
codec-U	U-leaf-u-msg	U-leaf-u-msg	ascii	armonik	decode-read	default	20	253.2	239.6	286.9	0.187	246.9	265.6
codec-U	U-leaf-u-msg	U-leaf-u-msg	ascii	core-native	decode-read	drop	20	197.3	182.4	219.7	0.189	187.6	205.4
codec-U	U-leaf-u-msg	U-leaf-u-msg	ascii	core-ffi	decode-read	drop	20	213.1	202.7	238.4	0.167	206.5	220.6
codec-U	U-leaf-u-msg	U-leaf-u-msg	ascii	core-ffi-pull	decode-read	drop	20	221.6	209.8	249.6	0.180	213.7	229.4
codec-U	U-leaf-u-msg	U-leaf-u-msg	ascii	core-native	decode-read	retain	20	219.0	202.3	243.1	0.186	210.7	224.3
codec-U	U-leaf-u-msg	U-leaf-u-msg	ascii	core-ffi	decode-read	retain	20	277.1	265.6	313.3	0.172	268.9	287.9
codec-U	U-leaf-u-msg	U-leaf-u-msg	ascii	core-ffi-pull	decode-read	retain	20	284.4	275.1	325.5	0.177	277.4	296.3
codec-U	U-nested-u-len	U-nested-u-len	ascii	incumbent-prod	decode	default	20	239.7	233.3	253.9	0.086	236.8	245.0
codec-U	U-nested-u-len	U-nested-u-len	ascii	armonik	decode	default	20	224.5	219.0	245.3	0.117	224.0	231.6
codec-U	U-nested-u-len	U-nested-u-len	ascii	core-native	decode	drop	20	173.9	171.7	183.5	0.068	173.1	178.4
codec-U	U-nested-u-len	U-nested-u-len	ascii	core-ffi	decode	drop	20	195.5	192.3	205.8	0.069	194.7	199.2
codec-U	U-nested-u-len	U-nested-u-len	ascii	core-ffi-pull	decode	drop	20	207.8	202.7	218.0	0.074	205.2	213.6
codec-U	U-nested-u-len	U-nested-u-len	ascii	core-native	decode	retain	20	186.5	182.6	198.7	0.086	185.1	188.3
codec-U	U-nested-u-len	U-nested-u-len	ascii	core-ffi	decode	retain	20	240.8	234.3	257.2	0.095	236.9	245.3
codec-U	U-nested-u-len	U-nested-u-len	ascii	core-ffi-pull	decode	retain	20	248.1	242.1	261.4	0.078	245.0	252.0
codec-U	U-root-u-len	U-root-u-len	ascii	incumbent-prod	decode	default	20	488.7	472.1	515.0	0.088	485.5	497.0
codec-U	U-root-u-len	U-root-u-len	ascii	armonik	decode	default	20	492.3	474.9	522.7	0.097	488.2	497.6
codec-U	U-root-u-len	U-root-u-len	ascii	core-native	decode	drop	20	374.1	368.2	391.3	0.062	370.9	380.4
codec-U	U-root-u-len	U-root-u-len	ascii	core-ffi	decode	drop	20	403.3	397.8	414.6	0.042	400.4	407.2
codec-U	U-root-u-len	U-root-u-len	ascii	core-ffi-pull	decode	drop	20	416.8	409.3	440.7	0.075	413.9	420.7
codec-U	U-root-u-len	U-root-u-len	ascii	core-native	decode	retain	20	375.8	367.4	384.6	0.046	373.0	381.7
codec-U	U-root-u-len	U-root-u-len	ascii	core-ffi	decode	retain	20	461.0	451.6	513.8	0.135	455.1	473.2
codec-U	U-root-u-len	U-root-u-len	ascii	core-ffi-pull	decode	retain	20	473.9	457.9	527.8	0.147	467.2	484.9
codec-U	U-element-u-packed	U-element-u-packed	ascii	incumbent-prod	decode-read	default	20	1714.8	1634.7	2389.9	0.440	1685.3	1780.2
codec-U	U-element-u-packed	U-element-u-packed	ascii	armonik	decode-read	default	20	1720.4	1622.9	2238.7	0.358	1636.8	1742.8
codec-U	U-element-u-packed	U-element-u-packed	ascii	core-native	decode-read	drop	20	1374.1	1305.2	1822.2	0.376	1323.3	1400.5
codec-U	U-element-u-packed	U-element-u-packed	ascii	core-ffi	decode-read	drop	20	2032.2	1952.3	2729.8	0.383	1986.5	2242.9
codec-U	U-element-u-packed	U-element-u-packed	ascii	core-ffi-pull	decode-read	drop	20	1612.3	1534.4	2140.1	0.376	1552.4	1755.1
codec-U	U-element-u-packed	U-element-u-packed	ascii	core-native	decode-read	retain	20	1375.5	1326.2	1817.2	0.357	1344.5	1555.7
codec-U	U-element-u-packed	U-element-u-packed	ascii	core-ffi	decode-read	retain	20	2323.2	2213.4	3035.9	0.354	2276.6	2560.7
codec-U	U-element-u-packed	U-element-u-packed	ascii	core-ffi-pull	decode-read	retain	20	1757.3	1665.9	2178.2	0.292	1687.9	1831.8
codec-U	U-nested-all	U-nested-all	ascii	incumbent-prod	encode	default	20	236.2	223.6	250.7	0.115	232.1	241.8
codec-U	U-nested-all	U-nested-all	ascii	armonik	encode	default	20	253.9	234.4	269.3	0.138	249.2	257.1
codec-U	U-nested-all	U-nested-all	ascii	core-native	encode	drop	20	49.5	45.6	52.0	0.129	48.2	50.1
codec-U	U-nested-all	U-nested-all	ascii	core-ffi	encode	drop	20	82.8	78.1	91.0	0.156	80.6	85.1
codec-U	U-nested-all	U-nested-all	ascii	core-native	encode	retain	20	63.4	55.7	70.6	0.236	61.7	65.0
codec-U	U-nested-all	U-nested-all	ascii	core-ffi	encode	retain	20	90.2	83.6	100.0	0.182	88.9	91.6
codec-U	U-wire-ListProbeResponse-probes-as-wt1	U-wire-ListProbeResponse-probes-as-wt1	ascii	core-native	encode	drop	20	43.7	42.7	46.0	0.074	43.3	44.0
codec-U	U-wire-ListProbeResponse-probes-as-wt1	U-wire-ListProbeResponse-probes-as-wt1	ascii	core-ffi	encode	drop	20	76.5	75.5	91.1	0.203	75.9	77.4
codec-U	U-wire-ListProbeResponse-probes-as-wt1	U-wire-ListProbeResponse-probes-as-wt1	ascii	core-native	encode	retain	20	47.6	46.4	51.8	0.113	47.3	48.5
codec-U	U-wire-ListProbeResponse-probes-as-wt1	U-wire-ListProbeResponse-probes-as-wt1	ascii	core-ffi	encode	retain	20	81.7	80.2	103.0	0.278	81.3	82.9
codec-U	U-leaf-all	U-leaf-all	ascii	incumbent-prod	decode-read	default	20	503.3	491.6	656.3	0.327	496.7	511.7
codec-U	U-leaf-all	U-leaf-all	ascii	armonik	decode-read	default	20	495.2	478.2	539.8	0.124	491.6	507.1
codec-U	U-leaf-all	U-leaf-all	ascii	core-native	decode-read	drop	20	308.1	300.9	320.6	0.064	305.0	314.3
codec-U	U-leaf-all	U-leaf-all	ascii	core-ffi	decode-read	drop	20	339.9	331.2	349.1	0.053	334.5	342.8
codec-U	U-leaf-all	U-leaf-all	ascii	core-ffi-pull	decode-read	drop	20	356.7	346.9	372.6	0.072	353.9	363.0
codec-U	U-leaf-all	U-leaf-all	ascii	core-native	decode-read	retain	20	669.9	645.6	733.4	0.131	660.4	702.6
codec-U	U-leaf-all	U-leaf-all	ascii	core-ffi	decode-read	retain	20	882.2	842.1	1131.0	0.327	862.9	899.3
codec-U	U-leaf-all	U-leaf-all	ascii	core-ffi-pull	decode-read	retain	20	886.5	859.7	944.3	0.095	874.9	921.3
codec-U	U-wire-DualResponse-left-as-wt1	U-wire-DualResponse-left-as-wt1	ascii	core-native	decode-read	drop	20	176.7	172.8	182.4	0.054	175.0	178.9
codec-U	U-wire-DualResponse-left-as-wt1	U-wire-DualResponse-left-as-wt1	ascii	core-ffi	decode-read	drop	20	230.1	225.3	236.1	0.047	227.8	231.5
codec-U	U-wire-DualResponse-left-as-wt1	U-wire-DualResponse-left-as-wt1	ascii	core-ffi-pull	decode-read	drop	20	243.8	240.0	254.4	0.059	242.2	245.3
codec-U	U-wire-DualResponse-left-as-wt1	U-wire-DualResponse-left-as-wt1	ascii	core-native	decode-read	retain	20	198.3	193.5	203.0	0.048	197.0	200.5
codec-U	U-wire-DualResponse-left-as-wt1	U-wire-DualResponse-left-as-wt1	ascii	core-ffi	decode-read	retain	20	281.4	273.4	285.3	0.042	277.6	283.1
codec-U	U-wire-DualResponse-left-as-wt1	U-wire-DualResponse-left-as-wt1	ascii	core-ffi-pull	decode-read	retain	20	296.0	290.5	319.1	0.097	293.7	298.9
codec-U	U-leaf-u-varint	U-leaf-u-varint	ascii	incumbent-prod	encode	default	20	233.6	187.4	250.8	0.271	196.6	236.4
codec-U	U-leaf-u-varint	U-leaf-u-varint	ascii	armonik	encode	default	20	250.4	198.1	263.0	0.259	209.8	254.4
codec-U	U-leaf-u-varint	U-leaf-u-varint	ascii	core-native	encode	drop	20	48.5	38.4	49.2	0.223	40.1	49.0
codec-U	U-leaf-u-varint	U-leaf-u-varint	ascii	core-ffi	encode	drop	20	79.3	60.7	83.9	0.293	67.3	81.5
codec-U	U-leaf-u-varint	U-leaf-u-varint	ascii	core-native	encode	retain	20	60.8	49.2	66.3	0.281	53.5	65.5
codec-U	U-leaf-u-varint	U-leaf-u-varint	ascii	core-ffi	encode	retain	20	87.0	70.8	95.5	0.283	75.7	89.7
codec-U	U-oneof-all	U-oneof-all	ascii	incumbent-prod	decode-read	default	20	178.1	167.0	194.0	0.151	173.3	179.0
codec-U	U-oneof-all	U-oneof-all	ascii	armonik	decode-read	default	20	164.0	158.0	179.3	0.130	162.2	167.0
codec-U	U-oneof-all	U-oneof-all	ascii	core-native	decode-read	drop	20	99.7	96.5	110.0	0.135	98.7	101.7
codec-U	U-oneof-all	U-oneof-all	ascii	core-ffi	decode-read	drop	20	118.4	114.4	127.5	0.110	116.1	121.4
codec-U	U-oneof-all	U-oneof-all	ascii	core-ffi-pull	decode-read	drop	20	125.0	122.9	136.7	0.110	124.5	127.6
codec-U	U-oneof-all	U-oneof-all	ascii	core-native	decode-read	retain	20	201.3	194.6	209.5	0.074	197.4	203.2
codec-U	U-oneof-all	U-oneof-all	ascii	core-ffi	decode-read	retain	20	304.8	293.1	322.2	0.095	299.1	310.6
codec-U	U-oneof-all	U-oneof-all	ascii	core-ffi-pull	decode-read	retain	20	310.4	304.0	343.5	0.127	308.2	314.9
codec-U	U-wire-ListProbeResponse-probes-as-wt5	U-wire-ListProbeResponse-probes-as-wt5	ascii	core-native	decode	drop	20	173.8	142.3	202.5	0.346	167.1	178.8
codec-U	U-wire-ListProbeResponse-probes-as-wt5	U-wire-ListProbeResponse-probes-as-wt5	ascii	core-ffi	decode	drop	20	207.3	170.4	258.5	0.425	195.3	217.0
codec-U	U-wire-ListProbeResponse-probes-as-wt5	U-wire-ListProbeResponse-probes-as-wt5	ascii	core-ffi-pull	decode	drop	20	220.2	177.8	261.5	0.380	210.8	223.5
codec-U	U-wire-ListProbeResponse-probes-as-wt5	U-wire-ListProbeResponse-probes-as-wt5	ascii	core-native	decode	retain	20	199.5	160.2	221.0	0.305	188.8	204.8
codec-U	U-wire-ListProbeResponse-probes-as-wt5	U-wire-ListProbeResponse-probes-as-wt5	ascii	core-ffi	decode	retain	20	263.9	213.7	293.1	0.301	251.5	280.9
codec-U	U-wire-ListProbeResponse-probes-as-wt5	U-wire-ListProbeResponse-probes-as-wt5	ascii	core-ffi-pull	decode	retain	20	275.3	220.3	333.8	0.412	261.8	285.9
codec-U	U-wire-ListProbeResponse-probes-as-wt1	U-wire-ListProbeResponse-probes-as-wt1	ascii	core-native	decode-read	drop	20	171.0	157.4	175.8	0.108	169.7	173.1
codec-U	U-wire-ListProbeResponse-probes-as-wt1	U-wire-ListProbeResponse-probes-as-wt1	ascii	core-ffi	decode-read	drop	20	204.0	190.4	214.9	0.120	202.5	204.9
codec-U	U-wire-ListProbeResponse-probes-as-wt1	U-wire-ListProbeResponse-probes-as-wt1	ascii	core-ffi-pull	decode-read	drop	20	214.5	198.0	221.0	0.107	212.9	216.3
codec-U	U-wire-ListProbeResponse-probes-as-wt1	U-wire-ListProbeResponse-probes-as-wt1	ascii	core-native	decode-read	retain	20	188.8	173.0	196.6	0.125	187.8	190.1
codec-U	U-wire-ListProbeResponse-probes-as-wt1	U-wire-ListProbeResponse-probes-as-wt1	ascii	core-ffi	decode-read	retain	20	252.8	232.6	259.4	0.106	251.4	254.9
codec-U	U-wire-ListProbeResponse-probes-as-wt1	U-wire-ListProbeResponse-probes-as-wt1	ascii	core-ffi-pull	decode-read	retain	20	263.0	237.5	268.1	0.116	260.1	264.5
codec-U	U-deep-all	U-deep-all	ascii	incumbent-prod	decode	default	20	1891.3	1757.3	2233.7	0.252	1791.6	1996.5
codec-U	U-deep-all	U-deep-all	ascii	armonik	decode	default	20	1859.7	1696.7	2120.8	0.228	1781.3	1988.2
codec-U	U-deep-all	U-deep-all	ascii	core-native	decode	drop	20	1426.0	1265.7	1822.0	0.390	1328.0	1492.9
codec-U	U-deep-all	U-deep-all	ascii	core-ffi	decode	drop	20	2250.6	1981.7	2437.9	0.203	2078.8	2355.3
codec-U	U-deep-all	U-deep-all	ascii	core-ffi-pull	decode	drop	20	1768.3	1606.2	1980.6	0.212	1650.7	1835.4
codec-U	U-deep-all	U-deep-all	ascii	core-native	decode	retain	20	1642.1	1479.4	1907.1	0.261	1540.1	1719.4
codec-U	U-deep-all	U-deep-all	ascii	core-ffi	decode	retain	20	2693.8	2387.2	3033.5	0.240	2552.9	2837.6
codec-U	U-deep-all	U-deep-all	ascii	core-ffi-pull	decode	retain	20	2123.5	1862.9	2478.7	0.290	1980.9	2233.5
codec-U	U-oneof-member-before-known	U-oneof-member-before-known	ascii	incumbent-prod	decode-read	default	20	133.2	117.4	144.0	0.200	126.8	137.2
codec-U	U-oneof-member-before-known	U-oneof-member-before-known	ascii	armonik	decode-read	default	20	129.6	114.1	142.5	0.219	127.8	130.3
codec-U	U-oneof-member-before-known	U-oneof-member-before-known	ascii	core-native	decode-read	drop	20	95.3	84.5	100.6	0.170	93.5	97.8
codec-U	U-oneof-member-before-known	U-oneof-member-before-known	ascii	core-ffi	decode-read	drop	20	118.1	105.4	126.8	0.181	114.4	120.6
codec-U	U-oneof-member-before-known	U-oneof-member-before-known	ascii	core-ffi-pull	decode-read	drop	20	128.6	115.0	145.7	0.238	127.2	129.9
codec-U	U-oneof-member-before-known	U-oneof-member-before-known	ascii	core-native	decode-read	retain	20	113.2	103.4	123.0	0.173	110.1	116.9
codec-U	U-oneof-member-before-known	U-oneof-member-before-known	ascii	core-ffi	decode-read	retain	20	171.1	154.9	185.4	0.178	165.8	176.0
codec-U	U-oneof-member-before-known	U-oneof-member-before-known	ascii	core-ffi-pull	decode-read	retain	20	178.2	160.8	187.6	0.151	168.4	182.4
codec-U	U-wire-ListResultsResponse-page-as-wt2	U-wire-ListResultsResponse-page-as-wt2	ascii	core-native	decode-read	drop	20	525.4	518.3	545.5	0.052	522.0	530.7
codec-U	U-wire-ListResultsResponse-page-as-wt2	U-wire-ListResultsResponse-page-as-wt2	ascii	core-ffi	decode-read	drop	20	546.9	539.2	572.8	0.061	543.5	558.3
codec-U	U-wire-ListResultsResponse-page-as-wt2	U-wire-ListResultsResponse-page-as-wt2	ascii	core-ffi-pull	decode-read	drop	20	563.3	554.3	578.0	0.042	557.4	567.6
codec-U	U-wire-ListResultsResponse-page-as-wt2	U-wire-ListResultsResponse-page-as-wt2	ascii	core-native	decode-read	retain	20	525.5	513.1	533.4	0.039	520.6	528.3
codec-U	U-wire-ListResultsResponse-page-as-wt2	U-wire-ListResultsResponse-page-as-wt2	ascii	core-ffi	decode-read	retain	20	607.2	598.0	700.3	0.169	605.7	612.2
codec-U	U-wire-ListResultsResponse-page-as-wt2	U-wire-ListResultsResponse-page-as-wt2	ascii	core-ffi-pull	decode-read	retain	20	619.6	608.4	674.5	0.107	613.5	623.7
codec-U	U-root-u-packed	U-root-u-packed	ascii	incumbent-prod	decode	default	20	620.7	611.5	683.3	0.116	618.8	631.1
codec-U	U-root-u-packed	U-root-u-packed	ascii	armonik	decode	default	20	642.0	623.1	740.1	0.182	636.6	658.9
codec-U	U-root-u-packed	U-root-u-packed	ascii	core-native	decode	drop	20	489.6	478.1	537.4	0.121	483.1	502.0
codec-U	U-root-u-packed	U-root-u-packed	ascii	core-ffi	decode	drop	20	524.6	513.4	583.2	0.133	516.7	530.9
codec-U	U-root-u-packed	U-root-u-packed	ascii	core-ffi-pull	decode	drop	20	545.0	526.9	587.6	0.111	538.2	554.6
codec-U	U-root-u-packed	U-root-u-packed	ascii	core-native	decode	retain	20	538.0	496.8	564.8	0.126	515.2	549.6
codec-U	U-root-u-packed	U-root-u-packed	ascii	core-ffi	decode	retain	20	633.9	597.8	908.6	0.490	618.0	649.5
codec-U	U-root-u-packed	U-root-u-packed	ascii	core-ffi-pull	decode	retain	20	624.1	611.4	666.0	0.088	618.6	637.3
codec-U	U-wire-UploadResultDataMessage-upload-as-wt1	U-wire-UploadResultDataMessage-upload-as-wt1	ascii	core-native	decode-read	drop	20	92.2	88.0	95.2	0.078	90.2	93.3
codec-U	U-wire-UploadResultDataMessage-upload-as-wt1	U-wire-UploadResultDataMessage-upload-as-wt1	ascii	core-ffi	decode-read	drop	20	94.6	91.1	101.6	0.111	92.4	95.9
codec-U	U-wire-UploadResultDataMessage-upload-as-wt1	U-wire-UploadResultDataMessage-upload-as-wt1	ascii	core-ffi-pull	decode-read	drop	20	101.9	98.5	130.4	0.313	100.5	103.0
codec-U	U-wire-UploadResultDataMessage-upload-as-wt1	U-wire-UploadResultDataMessage-upload-as-wt1	ascii	core-native	decode-read	retain	20	107.4	103.8	111.3	0.070	105.2	108.7
codec-U	U-wire-UploadResultDataMessage-upload-as-wt1	U-wire-UploadResultDataMessage-upload-as-wt1	ascii	core-ffi	decode-read	retain	20	147.3	139.8	154.9	0.102	144.7	148.9
codec-U	U-wire-UploadResultDataMessage-upload-as-wt1	U-wire-UploadResultDataMessage-upload-as-wt1	ascii	core-ffi-pull	decode-read	retain	20	153.6	146.7	161.2	0.094	151.4	155.3
codec-U	U-element-u-varint	U-element-u-varint	ascii	incumbent-prod	decode	default	20	1987.9	1958.4	2054.4	0.048	1981.8	2002.8
codec-U	U-element-u-varint	U-element-u-varint	ascii	armonik	decode	default	20	1972.5	1907.3	2359.4	0.229	1936.7	2007.5
codec-U	U-element-u-varint	U-element-u-varint	ascii	core-native	decode	drop	20	1541.5	1511.2	1616.4	0.068	1533.0	1550.9
codec-U	U-element-u-varint	U-element-u-varint	ascii	core-ffi	decode	drop	20	2456.5	2405.7	3824.2	0.577	2439.3	2473.5
codec-U	U-element-u-varint	U-element-u-varint	ascii	core-ffi-pull	decode	drop	20	1897.6	1856.3	2815.2	0.505	1879.9	1932.7
codec-U	U-element-u-varint	U-element-u-varint	ascii	core-native	decode	retain	20	1595.5	1566.9	2011.2	0.278	1583.5	1609.8
codec-U	U-element-u-varint	U-element-u-varint	ascii	core-ffi	decode	retain	20	2854.8	2751.4	3167.1	0.146	2798.5	2871.0
codec-U	U-element-u-varint	U-element-u-varint	ascii	core-ffi-pull	decode	retain	20	2114.5	2081.2	3160.1	0.510	2098.2	2125.3
codec-U	U-enum-value-2147483647	U-enum-value-2147483647	ascii	incumbent-prod	decode	default	20	79.5	78.0	84.2	0.078	78.8	80.3
codec-U	U-enum-value-2147483647	U-enum-value-2147483647	ascii	armonik	decode	default	20	92.4	89.7	103.6	0.150	91.2	101.3
codec-U	U-enum-value-2147483647	U-enum-value-2147483647	ascii	core-native	decode	drop	20	75.0	71.7	84.4	0.168	72.9	83.0
codec-U	U-enum-value-2147483647	U-enum-value-2147483647	ascii	core-ffi	decode	drop	20	99.9	96.0	113.5	0.175	97.9	110.1
codec-U	U-enum-value-2147483647	U-enum-value-2147483647	ascii	core-ffi-pull	decode	drop	20	111.2	109.4	125.7	0.146	110.3	123.5
codec-U	U-enum-value-2147483647	U-enum-value-2147483647	ascii	core-native	decode	retain	20	72.1	70.0	86.2	0.224	70.6	84.8
codec-U	U-enum-value-2147483647	U-enum-value-2147483647	ascii	core-ffi	decode	retain	20	113.9	109.1	127.1	0.158	110.3	121.7
codec-U	U-enum-value-2147483647	U-enum-value-2147483647	ascii	core-ffi-pull	decode	retain	20	125.8	121.9	140.9	0.151	123.5	136.5
codec-U	U-oneof-all	U-oneof-all	ascii	incumbent-prod	decode	default	20	217.3	207.9	248.2	0.186	213.2	222.1
codec-U	U-oneof-all	U-oneof-all	ascii	armonik	decode	default	20	201.9	196.3	211.3	0.074	199.6	205.8
codec-U	U-oneof-all	U-oneof-all	ascii	core-native	decode	drop	20	119.6	116.6	126.6	0.084	118.5	122.3
codec-U	U-oneof-all	U-oneof-all	ascii	core-ffi	decode	drop	20	142.0	139.4	154.9	0.109	140.7	144.1
codec-U	U-oneof-all	U-oneof-all	ascii	core-ffi-pull	decode	drop	20	155.1	150.2	159.6	0.060	153.2	156.4
codec-U	U-oneof-all	U-oneof-all	ascii	core-native	decode	retain	20	242.0	229.2	264.8	0.147	238.4	247.4
codec-U	U-oneof-all	U-oneof-all	ascii	core-ffi	decode	retain	20	372.0	366.2	404.9	0.104	367.9	377.4
codec-U	U-oneof-all	U-oneof-all	ascii	core-ffi-pull	decode	retain	20	386.1	377.3	429.1	0.134	382.8	393.3
codec-U	U-root-u-fixed64	U-root-u-fixed64	ascii	incumbent-prod	encode	default	20	554.1	533.8	570.5	0.066	549.0	559.6
codec-U	U-root-u-fixed64	U-root-u-fixed64	ascii	armonik	encode	default	20	585.5	570.0	612.2	0.072	578.8	595.2
codec-U	U-root-u-fixed64	U-root-u-fixed64	ascii	core-native	encode	drop	20	106.7	104.0	111.7	0.072	105.9	107.8
codec-U	U-root-u-fixed64	U-root-u-fixed64	ascii	core-ffi	encode	drop	20	154.4	151.5	157.5	0.039	152.9	155.1
codec-U	U-root-u-fixed64	U-root-u-fixed64	ascii	core-native	encode	retain	20	122.0	118.5	125.7	0.059	121.1	122.6
codec-U	U-root-u-fixed64	U-root-u-fixed64	ascii	core-ffi	encode	retain	20	165.3	160.8	172.2	0.069	163.3	166.5
codec-U	U-enum-value-2147483647	U-enum-value-2147483647	ascii	incumbent-prod	decode-read	default	20	86.3	83.8	89.1	0.061	85.4	87.3
codec-U	U-enum-value-2147483647	U-enum-value-2147483647	ascii	armonik	decode-read	default	20	99.4	97.0	105.0	0.081	98.8	99.9
codec-U	U-enum-value-2147483647	U-enum-value-2147483647	ascii	core-native	decode-read	drop	20	79.8	76.1	82.1	0.075	79.1	80.8
codec-U	U-enum-value-2147483647	U-enum-value-2147483647	ascii	core-ffi	decode-read	drop	20	107.0	105.2	111.9	0.062	106.0	107.7
codec-U	U-enum-value-2147483647	U-enum-value-2147483647	ascii	core-ffi-pull	decode-read	drop	20	119.8	114.6	129.7	0.126	119.0	121.2
codec-U	U-enum-value-2147483647	U-enum-value-2147483647	ascii	core-native	decode-read	retain	20	78.2	76.1	84.2	0.103	77.3	79.3
codec-U	U-enum-value-2147483647	U-enum-value-2147483647	ascii	core-ffi	decode-read	retain	20	120.4	116.0	122.4	0.053	119.5	120.8
codec-U	U-enum-value-2147483647	U-enum-value-2147483647	ascii	core-ffi-pull	decode-read	retain	20	133.3	130.9	141.5	0.080	132.3	135.0
codec-U	U-oneof-member-after-known	U-oneof-member-after-known	ascii	incumbent-prod	encode	default	20	112.7	102.2	119.5	0.153	108.8	116.4
codec-U	U-oneof-member-after-known	U-oneof-member-after-known	ascii	armonik	encode	default	20	109.1	100.9	118.5	0.161	105.4	112.1
codec-U	U-oneof-member-after-known	U-oneof-member-after-known	ascii	core-native	encode	drop	20	22.8	21.4	24.4	0.132	22.0	23.4
codec-U	U-oneof-member-after-known	U-oneof-member-after-known	ascii	core-ffi	encode	drop	20	44.8	42.7	66.3	0.527	44.2	46.5
codec-U	U-oneof-member-after-known	U-oneof-member-after-known	ascii	core-native	encode	retain	20	24.4	23.2	32.4	0.374	24.0	26.1
codec-U	U-oneof-member-after-known	U-oneof-member-after-known	ascii	core-ffi	encode	retain	20	45.6	43.0	58.0	0.329	44.0	47.6
codec-U	U-leaf-u-len	U-leaf-u-len	ascii	incumbent-prod	decode-read	default	20	301.3	286.8	316.9	0.100	296.8	305.7
codec-U	U-leaf-u-len	U-leaf-u-len	ascii	armonik	decode-read	default	20	290.8	275.1	297.2	0.076	286.4	292.7
codec-U	U-leaf-u-len	U-leaf-u-len	ascii	core-native	decode-read	drop	20	225.8	217.3	232.6	0.068	222.8	227.7
codec-U	U-leaf-u-len	U-leaf-u-len	ascii	core-ffi	decode-read	drop	20	250.3	237.6	262.5	0.099	247.6	252.8
codec-U	U-leaf-u-len	U-leaf-u-len	ascii	core-ffi-pull	decode-read	drop	20	260.3	250.7	268.2	0.067	256.7	262.9
codec-U	U-leaf-u-len	U-leaf-u-len	ascii	core-native	decode-read	retain	20	255.6	246.1	276.4	0.119	251.3	258.2
codec-U	U-leaf-u-len	U-leaf-u-len	ascii	core-ffi	decode-read	retain	20	324.9	311.7	335.8	0.074	320.4	329.9
codec-U	U-leaf-u-len	U-leaf-u-len	ascii	core-ffi-pull	decode-read	retain	20	336.8	320.0	345.6	0.076	330.1	339.7
codec-U	U-leaf-u-fixed64	U-leaf-u-fixed64	ascii	incumbent-prod	decode-read	default	20	288.1	263.0	329.1	0.229	285.0	291.2
codec-U	U-leaf-u-fixed64	U-leaf-u-fixed64	ascii	armonik	decode-read	default	20	279.8	260.6	306.3	0.164	273.7	292.2
codec-U	U-leaf-u-fixed64	U-leaf-u-fixed64	ascii	core-native	decode-read	drop	20	215.6	198.4	226.3	0.130	209.5	222.7
codec-U	U-leaf-u-fixed64	U-leaf-u-fixed64	ascii	core-ffi	decode-read	drop	20	237.5	212.2	320.7	0.457	231.7	247.4
codec-U	U-leaf-u-fixed64	U-leaf-u-fixed64	ascii	core-ffi-pull	decode-read	drop	20	245.7	226.6	262.3	0.145	243.6	257.0
codec-U	U-leaf-u-fixed64	U-leaf-u-fixed64	ascii	core-native	decode-read	retain	20	244.1	214.7	268.3	0.220	236.1	252.3
codec-U	U-leaf-u-fixed64	U-leaf-u-fixed64	ascii	core-ffi	decode-read	retain	20	316.1	285.6	338.6	0.168	307.8	323.6
codec-U	U-leaf-u-fixed64	U-leaf-u-fixed64	ascii	core-ffi-pull	decode-read	retain	20	320.9	301.6	384.4	0.258	314.0	333.7
codec-U	U-wire-DualResponse-left-as-wt0	U-wire-DualResponse-left-as-wt0	ascii	core-native	decode-read	drop	20	139.8	136.2	149.3	0.094	138.4	142.1
codec-U	U-wire-DualResponse-left-as-wt0	U-wire-DualResponse-left-as-wt0	ascii	core-ffi	decode-read	drop	20	178.2	176.2	187.4	0.063	177.3	181.4
codec-U	U-wire-DualResponse-left-as-wt0	U-wire-DualResponse-left-as-wt0	ascii	core-ffi-pull	decode-read	drop	20	189.6	187.4	202.6	0.080	188.8	192.2
codec-U	U-wire-DualResponse-left-as-wt0	U-wire-DualResponse-left-as-wt0	ascii	core-native	decode-read	retain	20	157.0	153.2	166.0	0.081	156.4	160.5
codec-U	U-wire-DualResponse-left-as-wt0	U-wire-DualResponse-left-as-wt0	ascii	core-ffi	decode-read	retain	20	218.8	215.6	239.1	0.108	217.5	224.7
codec-U	U-wire-DualResponse-left-as-wt0	U-wire-DualResponse-left-as-wt0	ascii	core-ffi-pull	decode-read	retain	20	229.3	226.1	245.7	0.085	227.8	237.5
codec-U	U-nested-before	U-nested-before	ascii	incumbent-prod	encode	default	20	196.8	183.3	209.8	0.135	193.7	199.8
codec-U	U-nested-before	U-nested-before	ascii	armonik	encode	default	20	208.2	198.2	216.8	0.089	206.4	209.9
codec-U	U-nested-before	U-nested-before	ascii	core-native	encode	drop	20	40.2	38.6	40.8	0.055	40.0	40.4
codec-U	U-nested-before	U-nested-before	ascii	core-ffi	encode	drop	20	65.7	64.2	70.7	0.099	65.3	66.7
codec-U	U-nested-before	U-nested-before	ascii	core-native	encode	retain	20	51.5	47.4	53.2	0.113	50.8	51.7
codec-U	U-nested-before	U-nested-before	ascii	core-ffi	encode	retain	20	73.7	71.5	79.0	0.102	73.1	74.8
codec-U	U-nested-u-repeated	U-nested-u-repeated	ascii	incumbent-prod	decode	default	20	318.8	297.6	339.5	0.131	311.6	322.4
codec-U	U-nested-u-repeated	U-nested-u-repeated	ascii	armonik	decode	default	20	321.9	302.7	350.1	0.147	316.8	326.1
codec-U	U-nested-u-repeated	U-nested-u-repeated	ascii	core-native	decode	drop	20	250.6	236.9	268.4	0.126	246.9	253.7
codec-U	U-nested-u-repeated	U-nested-u-repeated	ascii	core-ffi	decode	drop	20	285.1	268.7	312.7	0.154	279.0	289.4
codec-U	U-nested-u-repeated	U-nested-u-repeated	ascii	core-ffi-pull	decode	drop	20	296.9	281.0	328.0	0.158	293.9	308.6
codec-U	U-nested-u-repeated	U-nested-u-repeated	ascii	core-native	decode	retain	20	345.8	323.3	385.6	0.180	333.6	349.4
codec-U	U-nested-u-repeated	U-nested-u-repeated	ascii	core-ffi	decode	retain	20	362.0	334.7	474.0	0.385	353.4	366.7
codec-U	U-nested-u-repeated	U-nested-u-repeated	ascii	core-ffi-pull	decode	retain	20	371.0	344.0	451.1	0.289	360.2	374.7
codec-U	U-wire-DualResponse-left-as-wt1	U-wire-DualResponse-left-as-wt1	ascii	core-native	encode	drop	20	42.6	38.7	47.6	0.209	40.8	44.1
codec-U	U-wire-DualResponse-left-as-wt1	U-wire-DualResponse-left-as-wt1	ascii	core-ffi	encode	drop	20	72.2	67.7	80.8	0.183	70.5	74.5
codec-U	U-wire-DualResponse-left-as-wt1	U-wire-DualResponse-left-as-wt1	ascii	core-native	encode	retain	20	56.4	54.7	61.9	0.128	55.9	56.7
codec-U	U-wire-DualResponse-left-as-wt1	U-wire-DualResponse-left-as-wt1	ascii	core-ffi	encode	retain	20	75.8	70.4	82.7	0.163	74.2	78.0
codec-U	U-oneof-u-fixed64	U-oneof-u-fixed64	ascii	incumbent-prod	decode-read	default	20	132.5	127.8	143.1	0.116	131.3	134.0
codec-U	U-oneof-u-fixed64	U-oneof-u-fixed64	ascii	armonik	decode-read	default	20	128.6	124.3	134.1	0.077	127.7	129.2
codec-U	U-oneof-u-fixed64	U-oneof-u-fixed64	ascii	core-native	decode-read	drop	20	93.4	90.1	99.3	0.099	92.6	95.1
codec-U	U-oneof-u-fixed64	U-oneof-u-fixed64	ascii	core-ffi	decode-read	drop	20	115.7	110.4	122.4	0.104	114.4	117.8
codec-U	U-oneof-u-fixed64	U-oneof-u-fixed64	ascii	core-ffi-pull	decode-read	drop	20	127.2	121.6	148.7	0.213	126.4	132.0
codec-U	U-oneof-u-fixed64	U-oneof-u-fixed64	ascii	core-native	decode-read	retain	20	110.2	106.3	119.4	0.119	109.6	111.0
codec-U	U-oneof-u-fixed64	U-oneof-u-fixed64	ascii	core-ffi	decode-read	retain	20	167.1	162.2	188.1	0.155	166.3	169.4
codec-U	U-oneof-u-fixed64	U-oneof-u-fixed64	ascii	core-ffi-pull	decode-read	retain	20	175.8	169.5	205.6	0.205	174.4	176.9
codec-U	U-wire-ListTasksDetailedResponse-tasks-as-wt0	U-wire-ListTasksDetailedResponse-tasks-as-wt0	ascii	core-native	encode	drop	20	564.0	538.1	579.1	0.073	558.6	566.6
codec-U	U-wire-ListTasksDetailedResponse-tasks-as-wt0	U-wire-ListTasksDetailedResponse-tasks-as-wt0	ascii	core-ffi	encode	drop	20	944.0	910.8	976.6	0.070	935.9	951.1
codec-U	U-wire-ListTasksDetailedResponse-tasks-as-wt0	U-wire-ListTasksDetailedResponse-tasks-as-wt0	ascii	core-native	encode	retain	20	659.6	633.0	669.9	0.056	650.6	663.7
codec-U	U-wire-ListTasksDetailedResponse-tasks-as-wt0	U-wire-ListTasksDetailedResponse-tasks-as-wt0	ascii	core-ffi	encode	retain	20	1019.1	977.8	1170.3	0.189	1009.2	1031.9
codec-U	U-wire-ListMetricsResponse-batches-as-wt1	U-wire-ListMetricsResponse-batches-as-wt1	ascii	core-native	decode-read	drop	20	1901.2	1801.9	2056.8	0.134	1835.6	1936.5
codec-U	U-wire-ListMetricsResponse-batches-as-wt1	U-wire-ListMetricsResponse-batches-as-wt1	ascii	core-ffi	decode-read	drop	20	1651.7	1580.4	1772.3	0.116	1640.2	1679.2
codec-U	U-wire-ListMetricsResponse-batches-as-wt1	U-wire-ListMetricsResponse-batches-as-wt1	ascii	core-ffi-pull	decode-read	drop	20	1557.4	1454.4	1606.7	0.098	1530.8	1565.7
codec-U	U-wire-ListMetricsResponse-batches-as-wt1	U-wire-ListMetricsResponse-batches-as-wt1	ascii	core-native	decode-read	retain	20	1862.3	1765.7	2045.3	0.150	1836.1	1887.2
codec-U	U-wire-ListMetricsResponse-batches-as-wt1	U-wire-ListMetricsResponse-batches-as-wt1	ascii	core-ffi	decode-read	retain	20	1723.2	1639.9	1771.6	0.076	1700.3	1738.3
codec-U	U-wire-ListMetricsResponse-batches-as-wt1	U-wire-ListMetricsResponse-batches-as-wt1	ascii	core-ffi-pull	decode-read	retain	20	1642.0	1529.4	1709.5	0.110	1603.1	1677.3
codec-U	U-oneof-member-after-known	U-oneof-member-after-known	ascii	incumbent-prod	decode-read	default	20	130.3	128.4	132.2	0.029	129.4	130.8
codec-U	U-oneof-member-after-known	U-oneof-member-after-known	ascii	armonik	decode-read	default	20	126.1	123.3	129.9	0.052	125.6	127.8
codec-U	U-oneof-member-after-known	U-oneof-member-after-known	ascii	core-native	decode-read	drop	20	93.9	91.3	96.4	0.055	93.1	94.8
codec-U	U-oneof-member-after-known	U-oneof-member-after-known	ascii	core-ffi	decode-read	drop	20	115.9	113.0	119.5	0.056	115.3	117.6
codec-U	U-oneof-member-after-known	U-oneof-member-after-known	ascii	core-ffi-pull	decode-read	drop	20	127.8	124.4	133.1	0.068	126.7	129.1
codec-U	U-oneof-member-after-known	U-oneof-member-after-known	ascii	core-native	decode-read	retain	20	112.1	110.6	114.4	0.034	111.7	113.3
codec-U	U-oneof-member-after-known	U-oneof-member-after-known	ascii	core-ffi	decode-read	retain	20	170.7	167.2	174.1	0.040	169.2	172.0
codec-U	U-oneof-member-after-known	U-oneof-member-after-known	ascii	core-ffi-pull	decode-read	retain	20	176.6	175.2	179.6	0.025	176.1	177.8
codec-U	U-leaf-u-fixed32	U-leaf-u-fixed32	ascii	incumbent-prod	encode	default	20	233.2	224.3	243.1	0.081	230.2	234.4
codec-U	U-leaf-u-fixed32	U-leaf-u-fixed32	ascii	armonik	encode	default	20	245.7	236.8	256.8	0.081	244.5	250.0
codec-U	U-leaf-u-fixed32	U-leaf-u-fixed32	ascii	core-native	encode	drop	20	47.9	46.0	49.5	0.072	47.1	48.8
codec-U	U-leaf-u-fixed32	U-leaf-u-fixed32	ascii	core-ffi	encode	drop	20	80.3	76.5	82.5	0.075	78.5	81.6
codec-U	U-leaf-u-fixed32	U-leaf-u-fixed32	ascii	core-native	encode	retain	20	63.5	57.9	66.6	0.138	62.0	64.4
codec-U	U-leaf-u-fixed32	U-leaf-u-fixed32	ascii	core-ffi	encode	retain	20	86.7	82.1	94.0	0.138	84.7	87.7
codec-U	U-nested-u-fixed64	U-nested-u-fixed64	ascii	incumbent-prod	decode	default	20	283.7	276.6	303.8	0.096	281.4	290.8
codec-U	U-nested-u-fixed64	U-nested-u-fixed64	ascii	armonik	decode	default	20	287.2	279.6	305.0	0.089	284.7	290.5
codec-U	U-nested-u-fixed64	U-nested-u-fixed64	ascii	core-native	decode	drop	20	229.7	222.4	247.0	0.107	227.6	232.2
codec-U	U-nested-u-fixed64	U-nested-u-fixed64	ascii	core-ffi	decode	drop	20	259.5	245.7	269.0	0.090	255.6	262.0
codec-U	U-nested-u-fixed64	U-nested-u-fixed64	ascii	core-ffi-pull	decode	drop	20	272.0	260.8	279.3	0.068	270.6	274.7
codec-U	U-nested-u-fixed64	U-nested-u-fixed64	ascii	core-native	decode	retain	20	240.7	224.4	252.2	0.116	237.9	245.8
codec-U	U-nested-u-fixed64	U-nested-u-fixed64	ascii	core-ffi	decode	retain	20	311.6	299.1	319.1	0.064	308.4	313.5
codec-U	U-nested-u-fixed64	U-nested-u-fixed64	ascii	core-ffi-pull	decode	retain	20	319.4	311.9	333.7	0.068	315.3	322.7
codec-U	U-wire-ListMetricsResponse-batches-as-wt1	U-wire-ListMetricsResponse-batches-as-wt1	ascii	core-native	encode	drop	20	605.3	595.2	617.3	0.037	601.4	608.7
codec-U	U-wire-ListMetricsResponse-batches-as-wt1	U-wire-ListMetricsResponse-batches-as-wt1	ascii	core-ffi	encode	drop	20	757.1	735.5	796.5	0.081	752.5	766.3
codec-U	U-wire-ListMetricsResponse-batches-as-wt1	U-wire-ListMetricsResponse-batches-as-wt1	ascii	core-native	encode	retain	20	626.9	616.7	648.2	0.050	621.9	634.5
codec-U	U-wire-ListMetricsResponse-batches-as-wt1	U-wire-ListMetricsResponse-batches-as-wt1	ascii	core-ffi	encode	retain	20	757.6	737.1	778.0	0.054	748.4	763.2
codec-U	U-element-u-packed	U-element-u-packed	ascii	incumbent-prod	encode	default	20	1207.0	1123.3	1244.7	0.101	1186.5	1216.1
codec-U	U-element-u-packed	U-element-u-packed	ascii	armonik	encode	default	20	1240.8	1168.3	1261.5	0.075	1231.5	1248.8
codec-U	U-element-u-packed	U-element-u-packed	ascii	core-native	encode	drop	20	250.4	233.9	255.0	0.084	247.7	252.1
codec-U	U-element-u-packed	U-element-u-packed	ascii	core-ffi	encode	drop	20	443.2	418.6	452.4	0.076	437.4	449.3
codec-U	U-element-u-packed	U-element-u-packed	ascii	core-native	encode	retain	20	298.7	273.6	306.4	0.110	294.4	301.3
codec-U	U-element-u-packed	U-element-u-packed	ascii	core-ffi	encode	retain	20	472.2	440.8	486.5	0.097	463.2	480.4
codec-U	U-leaf-u-len	U-leaf-u-len	ascii	incumbent-prod	decode	default	20	299.8	290.0	319.8	0.099	294.5	313.0
codec-U	U-leaf-u-len	U-leaf-u-len	ascii	armonik	decode	default	20	306.4	288.5	324.8	0.118	299.9	314.4
codec-U	U-leaf-u-len	U-leaf-u-len	ascii	core-native	decode	drop	20	244.0	234.1	264.5	0.125	240.9	250.5
codec-U	U-leaf-u-len	U-leaf-u-len	ascii	core-ffi	decode	drop	20	269.0	259.0	281.2	0.082	266.5	277.8
codec-U	U-leaf-u-len	U-leaf-u-len	ascii	core-ffi-pull	decode	drop	20	290.2	271.3	312.3	0.141	278.7	297.8
codec-U	U-leaf-u-len	U-leaf-u-len	ascii	core-native	decode	retain	20	271.5	257.1	279.7	0.083	266.5	276.2
codec-U	U-leaf-u-len	U-leaf-u-len	ascii	core-ffi	decode	retain	20	353.2	336.6	370.6	0.096	345.6	358.3
codec-U	U-leaf-u-len	U-leaf-u-len	ascii	core-ffi-pull	decode	retain	20	357.3	345.8	374.6	0.081	351.2	370.5
codec-U	U-root-u-varint	U-root-u-varint	ascii	incumbent-prod	encode	default	20	551.3	530.6	563.0	0.059	543.7	557.8
codec-U	U-root-u-varint	U-root-u-varint	ascii	armonik	encode	default	20	578.7	563.8	604.6	0.071	576.4	584.2
codec-U	U-root-u-varint	U-root-u-varint	ascii	core-native	encode	drop	20	104.9	103.9	108.3	0.042	104.7	105.8
codec-U	U-root-u-varint	U-root-u-varint	ascii	core-ffi	encode	drop	20	154.5	150.4	156.5	0.040	153.2	155.2
codec-U	U-root-u-varint	U-root-u-varint	ascii	core-native	encode	retain	20	121.0	119.1	122.6	0.029	120.4	121.9
codec-U	U-root-u-varint	U-root-u-varint	ascii	core-ffi	encode	retain	20	164.3	162.5	168.7	0.038	163.7	164.9
codec-U	U-wire-ListTasksDetailedResponse-page-as-wt2	U-wire-ListTasksDetailedResponse-page-as-wt2	ascii	core-native	decode-read	drop	20	3729.3	3663.9	3970.5	0.082	3702.5	3770.2
codec-U	U-wire-ListTasksDetailedResponse-page-as-wt2	U-wire-ListTasksDetailedResponse-page-as-wt2	ascii	core-ffi	decode-read	drop	20	5595.0	5501.2	5717.2	0.039	5568.2	5632.0
codec-U	U-wire-ListTasksDetailedResponse-page-as-wt2	U-wire-ListTasksDetailedResponse-page-as-wt2	ascii	core-ffi-pull	decode-read	drop	20	4427.6	4336.5	4518.2	0.041	4382.1	4446.0
codec-U	U-wire-ListTasksDetailedResponse-page-as-wt2	U-wire-ListTasksDetailedResponse-page-as-wt2	ascii	core-native	decode-read	retain	20	3859.4	3776.5	3924.3	0.038	3831.9	3879.8
codec-U	U-wire-ListTasksDetailedResponse-page-as-wt2	U-wire-ListTasksDetailedResponse-page-as-wt2	ascii	core-ffi	decode-read	retain	20	5978.8	5865.1	6150.6	0.048	5930.2	6005.1
codec-U	U-wire-ListTasksDetailedResponse-page-as-wt2	U-wire-ListTasksDetailedResponse-page-as-wt2	ascii	core-ffi-pull	decode-read	retain	20	4593.8	4462.1	4679.8	0.047	4554.2	4620.0
codec-U	U-oneof-u-packed	U-oneof-u-packed	ascii	incumbent-prod	decode-read	default	20	134.0	131.2	138.8	0.057	133.2	135.1
codec-U	U-oneof-u-packed	U-oneof-u-packed	ascii	armonik	decode-read	default	20	130.8	126.9	132.8	0.045	129.5	131.4
codec-U	U-oneof-u-packed	U-oneof-u-packed	ascii	core-native	decode-read	drop	20	94.6	93.3	96.9	0.037	94.1	95.2
codec-U	U-oneof-u-packed	U-oneof-u-packed	ascii	core-ffi	decode-read	drop	20	115.6	113.7	119.4	0.049	114.9	116.3
codec-U	U-oneof-u-packed	U-oneof-u-packed	ascii	core-ffi-pull	decode-read	drop	20	126.8	124.4	132.9	0.067	126.3	128.9
codec-U	U-oneof-u-packed	U-oneof-u-packed	ascii	core-native	decode-read	retain	20	110.6	108.8	112.6	0.035	110.1	111.0
codec-U	U-oneof-u-packed	U-oneof-u-packed	ascii	core-ffi	decode-read	retain	20	168.8	165.5	171.8	0.038	167.9	170.7
codec-U	U-oneof-u-packed	U-oneof-u-packed	ascii	core-ffi-pull	decode-read	retain	20	178.1	175.7	180.7	0.028	177.0	178.8
codec-U	U-wire-ListTasksDetailedResponse-tasks-as-wt5	U-wire-ListTasksDetailedResponse-tasks-as-wt5	ascii	core-native	decode	drop	20	2878.2	2781.9	4769.3	0.691	2832.0	3468.6
codec-U	U-wire-ListTasksDetailedResponse-tasks-as-wt5	U-wire-ListTasksDetailedResponse-tasks-as-wt5	ascii	core-ffi	decode	drop	20	4432.8	4313.3	7155.8	0.641	4384.7	5328.5
codec-U	U-wire-ListTasksDetailedResponse-tasks-as-wt5	U-wire-ListTasksDetailedResponse-tasks-as-wt5	ascii	core-ffi-pull	decode	drop	20	3482.5	3307.1	4328.3	0.293	3467.0	4198.9
codec-U	U-wire-ListTasksDetailedResponse-tasks-as-wt5	U-wire-ListTasksDetailedResponse-tasks-as-wt5	ascii	core-native	decode	retain	20	2996.0	2915.2	3832.0	0.306	2964.5	3606.6
codec-U	U-wire-ListTasksDetailedResponse-tasks-as-wt5	U-wire-ListTasksDetailedResponse-tasks-as-wt5	ascii	core-ffi	decode	retain	20	4877.1	4466.7	5891.9	0.292	4672.9	5738.2
codec-U	U-wire-ListTasksDetailedResponse-tasks-as-wt5	U-wire-ListTasksDetailedResponse-tasks-as-wt5	ascii	core-ffi-pull	decode	retain	20	3649.9	3376.0	5978.7	0.713	3588.1	4328.0
codec-U	U-element-u-fixed64	U-element-u-fixed64	ascii	incumbent-prod	decode-read	default	20	1677.2	1644.2	1915.1	0.161	1664.7	1688.3
codec-U	U-element-u-fixed64	U-element-u-fixed64	ascii	armonik	decode-read	default	20	1684.9	1646.9	1726.6	0.047	1671.1	1699.0
codec-U	U-element-u-fixed64	U-element-u-fixed64	ascii	core-native	decode-read	drop	20	1355.2	1331.7	1392.6	0.045	1344.8	1369.7
codec-U	U-element-u-fixed64	U-element-u-fixed64	ascii	core-ffi	decode-read	drop	20	2027.9	1988.5	2094.3	0.052	2014.9	2043.5
codec-U	U-element-u-fixed64	U-element-u-fixed64	ascii	core-ffi-pull	decode-read	drop	20	1607.4	1579.2	1717.0	0.086	1595.9	1616.9
codec-U	U-element-u-fixed64	U-element-u-fixed64	ascii	core-native	decode-read	retain	20	1438.6	1408.7	1516.3	0.075	1434.2	1445.3
codec-U	U-element-u-fixed64	U-element-u-fixed64	ascii	core-ffi	decode-read	retain	20	2320.3	2289.7	2415.0	0.054	2310.5	2345.5
codec-U	U-element-u-fixed64	U-element-u-fixed64	ascii	core-ffi-pull	decode-read	retain	20	1761.7	1723.7	1821.7	0.056	1753.2	1778.7
codec-U	U-enum-value-packed	U-enum-value-packed	ascii	incumbent-prod	decode	default	20	102.7	92.4	106.5	0.137	102.1	104.3
codec-U	U-enum-value-packed	U-enum-value-packed	ascii	armonik	decode	default	20	124.8	102.4	130.0	0.222	123.1	127.0
codec-U	U-enum-value-packed	U-enum-value-packed	ascii	core-native	decode	drop	20	74.6	61.6	77.8	0.218	73.3	75.5
codec-U	U-enum-value-packed	U-enum-value-packed	ascii	core-ffi	decode	drop	20	209.8	177.6	214.6	0.176	207.7	210.9
codec-U	U-enum-value-packed	U-enum-value-packed	ascii	core-ffi-pull	decode	drop	20	232.1	199.6	241.4	0.180	229.7	233.5
codec-U	U-enum-value-packed	U-enum-value-packed	ascii	core-native	decode	retain	20	76.5	62.4	79.3	0.221	74.9	77.5
codec-U	U-enum-value-packed	U-enum-value-packed	ascii	core-ffi	decode	retain	20	217.6	184.0	244.1	0.277	215.6	223.6
codec-U	U-enum-value-packed	U-enum-value-packed	ascii	core-ffi-pull	decode	retain	20	247.8	214.8	265.4	0.204	245.0	250.6
codec-U	U-deep-all	U-deep-all	ascii	incumbent-prod	decode-read	default	20	2151.7	1790.2	2286.6	0.231	2018.8	2202.4
codec-U	U-deep-all	U-deep-all	ascii	armonik	decode-read	default	20	2164.9	1739.4	2229.8	0.227	1928.7	2188.8
codec-U	U-deep-all	U-deep-all	ascii	core-native	decode-read	drop	20	1672.9	1367.6	1773.4	0.243	1472.7	1691.4
codec-U	U-deep-all	U-deep-all	ascii	core-ffi	decode-read	drop	20	2622.9	2091.4	2754.9	0.253	2288.8	2692.5
codec-U	U-deep-all	U-deep-all	ascii	core-ffi-pull	decode-read	drop	20	2098.5	1675.2	2299.6	0.298	2010.5	2136.5
codec-U	U-deep-all	U-deep-all	ascii	core-native	decode-read	retain	20	1858.4	1544.1	2339.8	0.428	1615.6	1906.4
codec-U	U-deep-all	U-deep-all	ascii	core-ffi	decode-read	retain	20	3240.1	2664.7	4881.5	0.684	2751.0	3275.4
codec-U	U-deep-all	U-deep-all	ascii	core-ffi-pull	decode-read	retain	20	2437.4	1969.4	2580.0	0.251	2194.5	2480.8
codec-U	U-enum-value-999	U-enum-value-999	ascii	incumbent-prod	decode-read	default	20	85.7	83.9	95.5	0.135	85.1	86.8
codec-U	U-enum-value-999	U-enum-value-999	ascii	armonik	decode-read	default	20	99.9	97.3	107.2	0.100	98.6	100.9
codec-U	U-enum-value-999	U-enum-value-999	ascii	core-native	decode-read	drop	20	80.8	79.1	96.8	0.219	80.2	81.2
codec-U	U-enum-value-999	U-enum-value-999	ascii	core-ffi	decode-read	drop	20	107.3	105.7	201.2	0.890	106.3	108.1
codec-U	U-enum-value-999	U-enum-value-999	ascii	core-ffi-pull	decode-read	drop	20	124.6	119.0	218.7	0.800	120.5	128.9
codec-U	U-enum-value-999	U-enum-value-999	ascii	core-native	decode-read	retain	20	80.5	77.9	93.7	0.197	79.3	82.4
codec-U	U-enum-value-999	U-enum-value-999	ascii	core-ffi	decode-read	retain	20	121.6	119.3	133.9	0.120	120.7	123.5
codec-U	U-enum-value-999	U-enum-value-999	ascii	core-ffi-pull	decode-read	retain	20	134.9	131.8	164.6	0.243	133.0	137.1
codec-U	U-leaf-u-repeated	U-leaf-u-repeated	ascii	incumbent-prod	decode-read	default	20	346.9	340.2	358.3	0.052	343.1	352.6
codec-U	U-leaf-u-repeated	U-leaf-u-repeated	ascii	armonik	decode-read	default	20	333.4	323.6	411.9	0.265	327.5	340.2
codec-U	U-leaf-u-repeated	U-leaf-u-repeated	ascii	core-native	decode-read	drop	20	251.5	248.1	297.5	0.196	249.8	259.1
codec-U	U-leaf-u-repeated	U-leaf-u-repeated	ascii	core-ffi	decode-read	drop	20	276.8	272.1	315.7	0.157	276.2	280.8
codec-U	U-leaf-u-repeated	U-leaf-u-repeated	ascii	core-ffi-pull	decode-read	drop	20	289.6	285.1	302.6	0.060	286.6	291.5
codec-U	U-leaf-u-repeated	U-leaf-u-repeated	ascii	core-native	decode-read	retain	20	307.6	301.6	328.9	0.089	305.0	314.0
codec-U	U-leaf-u-repeated	U-leaf-u-repeated	ascii	core-ffi	decode-read	retain	20	400.8	393.8	450.3	0.141	399.1	403.8
codec-U	U-leaf-u-repeated	U-leaf-u-repeated	ascii	core-ffi-pull	decode-read	retain	20	409.8	403.5	421.8	0.045	407.8	412.4
codec-U	U-deep-u-packed	U-deep-u-packed	ascii	incumbent-prod	encode	default	20	1204.0	1187.0	1255.7	0.057	1192.3	1215.3
codec-U	U-deep-u-packed	U-deep-u-packed	ascii	armonik	encode	default	20	1254.0	1225.6	1318.3	0.074	1242.3	1267.9
codec-U	U-deep-u-packed	U-deep-u-packed	ascii	core-native	encode	drop	20	252.7	246.9	258.6	0.046	249.6	254.6
codec-U	U-deep-u-packed	U-deep-u-packed	ascii	core-ffi	encode	drop	20	446.9	439.8	492.9	0.119	443.7	456.6
codec-U	U-deep-u-packed	U-deep-u-packed	ascii	core-native	encode	retain	20	304.4	290.9	321.3	0.100	299.6	309.5
codec-U	U-deep-u-packed	U-deep-u-packed	ascii	core-ffi	encode	retain	20	471.1	464.6	501.6	0.078	467.4	476.9
codec-U	U-oneof-u-varint	U-oneof-u-varint	ascii	incumbent-prod	decode	default	20	135.9	132.2	146.0	0.102	133.5	136.7
codec-U	U-oneof-u-varint	U-oneof-u-varint	ascii	armonik	decode	default	20	131.9	128.8	154.6	0.196	130.1	132.6
codec-U	U-oneof-u-varint	U-oneof-u-varint	ascii	core-native	decode	drop	20	90.1	88.3	104.8	0.183	88.8	92.7
codec-U	U-oneof-u-varint	U-oneof-u-varint	ascii	core-ffi	decode	drop	20	110.8	108.1	115.2	0.064	110.2	112.4
codec-U	U-oneof-u-varint	U-oneof-u-varint	ascii	core-ffi-pull	decode	drop	20	122.4	119.9	131.2	0.093	121.2	123.8
codec-U	U-oneof-u-varint	U-oneof-u-varint	ascii	core-native	decode	retain	20	108.8	106.8	117.6	0.099	107.7	109.6
codec-U	U-oneof-u-varint	U-oneof-u-varint	ascii	core-ffi	decode	retain	20	163.5	160.6	166.0	0.033	162.0	164.8
codec-U	U-oneof-u-varint	U-oneof-u-varint	ascii	core-ffi-pull	decode	retain	20	172.7	168.8	185.5	0.097	170.6	174.2
codec-U	U-nested-u-packed	U-nested-u-packed	ascii	incumbent-prod	encode	default	20	239.9	233.9	249.6	0.066	237.6	245.2
codec-U	U-nested-u-packed	U-nested-u-packed	ascii	armonik	encode	default	20	254.1	249.6	261.5	0.047	251.7	256.1
codec-U	U-nested-u-packed	U-nested-u-packed	ascii	core-native	encode	drop	20	49.0	47.9	50.7	0.057	48.6	49.6
codec-U	U-nested-u-packed	U-nested-u-packed	ascii	core-ffi	encode	drop	20	82.0	79.9	88.9	0.110	81.5	83.5
codec-U	U-nested-u-packed	U-nested-u-packed	ascii	core-native	encode	retain	20	64.4	58.5	66.1	0.118	63.9	64.7
codec-U	U-nested-u-packed	U-nested-u-packed	ascii	core-ffi	encode	retain	20	85.8	83.1	90.6	0.087	84.0	89.1
codec-U	U-root-before	U-root-before	ascii	incumbent-prod	decode	default	20	696.7	679.3	727.2	0.069	690.4	704.9
codec-U	U-root-before	U-root-before	ascii	armonik	decode	default	20	721.1	695.0	758.4	0.088	709.5	733.9
codec-U	U-root-before	U-root-before	ascii	core-native	decode	drop	20	522.8	514.7	556.0	0.079	519.5	528.5
codec-U	U-root-before	U-root-before	ascii	core-ffi	decode	drop	20	560.8	538.3	581.8	0.078	557.8	565.6
codec-U	U-root-before	U-root-before	ascii	core-ffi-pull	decode	drop	20	588.1	562.8	727.3	0.280	584.5	593.1
codec-U	U-root-before	U-root-before	ascii	core-native	decode	retain	20	666.9	637.6	720.4	0.124	660.7	671.1
codec-U	U-root-before	U-root-before	ascii	core-ffi	decode	retain	20	816.3	795.8	846.0	0.061	810.9	831.4
codec-U	U-root-before	U-root-before	ascii	core-ffi-pull	decode	retain	20	845.0	804.9	886.0	0.096	837.0	849.1
codec-U	U-wire-ListResultsResponse-page-as-wt2	U-wire-ListResultsResponse-page-as-wt2	ascii	core-native	encode	drop	20	106.7	103.9	111.2	0.069	105.9	108.0
codec-U	U-wire-ListResultsResponse-page-as-wt2	U-wire-ListResultsResponse-page-as-wt2	ascii	core-ffi	encode	drop	20	154.9	151.5	159.9	0.054	154.1	155.7
codec-U	U-wire-ListResultsResponse-page-as-wt2	U-wire-ListResultsResponse-page-as-wt2	ascii	core-native	encode	retain	20	122.6	118.5	127.7	0.075	120.1	124.8
codec-U	U-wire-ListResultsResponse-page-as-wt2	U-wire-ListResultsResponse-page-as-wt2	ascii	core-ffi	encode	retain	20	164.7	162.2	176.9	0.089	163.5	165.7
codec-U	U-element-u-fixed32	U-element-u-fixed32	ascii	incumbent-prod	decode	default	20	2057.4	1976.5	2302.2	0.158	2023.1	2101.1
codec-U	U-element-u-fixed32	U-element-u-fixed32	ascii	armonik	decode	default	20	2016.0	1970.5	2386.7	0.206	2002.7	2051.2
codec-U	U-element-u-fixed32	U-element-u-fixed32	ascii	core-native	decode	drop	20	1597.7	1559.9	1662.6	0.064	1581.4	1607.8
codec-U	U-element-u-fixed32	U-element-u-fixed32	ascii	core-ffi	decode	drop	20	2489.1	2420.5	2631.6	0.085	2452.4	2524.9
codec-U	U-element-u-fixed32	U-element-u-fixed32	ascii	core-ffi-pull	decode	drop	20	1935.4	1879.7	2023.3	0.074	1905.8	1951.6
codec-U	U-element-u-fixed32	U-element-u-fixed32	ascii	core-native	decode	retain	20	1680.1	1647.1	1833.3	0.111	1673.6	1700.6
codec-U	U-element-u-fixed32	U-element-u-fixed32	ascii	core-ffi	decode	retain	20	2794.8	2760.7	5254.8	0.892	2779.2	2848.9
codec-U	U-element-u-fixed32	U-element-u-fixed32	ascii	core-ffi-pull	decode	retain	20	2118.4	2071.6	3052.9	0.463	2095.1	2145.8
codec-U	U-nested-u-msg	U-nested-u-msg	ascii	incumbent-prod	encode	default	20	242.1	188.2	267.1	0.326	235.7	246.6
codec-U	U-nested-u-msg	U-nested-u-msg	ascii	armonik	encode	default	20	253.0	197.5	285.8	0.349	250.5	262.4
codec-U	U-nested-u-msg	U-nested-u-msg	ascii	core-native	encode	drop	20	49.1	38.0	60.4	0.456	48.7	50.5
codec-U	U-nested-u-msg	U-nested-u-msg	ascii	core-ffi	encode	drop	20	82.2	61.8	117.3	0.675	81.7	84.8
codec-U	U-nested-u-msg	U-nested-u-msg	ascii	core-native	encode	retain	20	65.0	49.7	71.6	0.338	61.6	65.9
codec-U	U-nested-u-msg	U-nested-u-msg	ascii	core-ffi	encode	retain	20	87.7	69.9	125.9	0.639	84.5	91.2
codec-U	U-wire-UploadResultDataMessage-upload-as-wt5	U-wire-UploadResultDataMessage-upload-as-wt5	ascii	core-native	encode	drop	20	12.0	11.6	14.0	0.195	11.9	12.3
codec-U	U-wire-UploadResultDataMessage-upload-as-wt5	U-wire-UploadResultDataMessage-upload-as-wt5	ascii	core-ffi	encode	drop	20	22.2	21.1	23.3	0.100	21.6	22.5
codec-U	U-wire-UploadResultDataMessage-upload-as-wt5	U-wire-UploadResultDataMessage-upload-as-wt5	ascii	core-native	encode	retain	20	16.3	15.8	17.9	0.129	16.1	16.9
codec-U	U-wire-UploadResultDataMessage-upload-as-wt5	U-wire-UploadResultDataMessage-upload-as-wt5	ascii	core-ffi	encode	retain	20	24.0	22.9	24.7	0.073	23.7	24.3
codec-U	U-wire-ListResultsResponse-page-as-wt1	U-wire-ListResultsResponse-page-as-wt1	ascii	core-native	decode-read	drop	20	411.5	398.6	449.2	0.123	407.4	428.6
codec-U	U-wire-ListResultsResponse-page-as-wt1	U-wire-ListResultsResponse-page-as-wt1	ascii	core-ffi	decode-read	drop	20	434.8	419.4	485.0	0.151	428.1	446.5
codec-U	U-wire-ListResultsResponse-page-as-wt1	U-wire-ListResultsResponse-page-as-wt1	ascii	core-ffi-pull	decode-read	drop	20	443.2	434.0	492.2	0.131	438.6	461.7
codec-U	U-wire-ListResultsResponse-page-as-wt1	U-wire-ListResultsResponse-page-as-wt1	ascii	core-native	decode-read	retain	20	415.5	403.4	446.0	0.102	406.0	428.8
codec-U	U-wire-ListResultsResponse-page-as-wt1	U-wire-ListResultsResponse-page-as-wt1	ascii	core-ffi	decode-read	retain	20	492.8	475.7	527.0	0.104	484.6	506.4
codec-U	U-wire-ListResultsResponse-page-as-wt1	U-wire-ListResultsResponse-page-as-wt1	ascii	core-ffi-pull	decode-read	retain	20	499.8	483.0	557.3	0.149	489.3	525.8
codec-U	U-deep-u-repeated	U-deep-u-repeated	ascii	incumbent-prod	decode	default	20	2050.4	1576.8	2208.9	0.308	1786.5	2098.4
codec-U	U-deep-u-repeated	U-deep-u-repeated	ascii	armonik	decode	default	20	2033.7	1581.4	2161.9	0.285	1898.2	2078.2
codec-U	U-deep-u-repeated	U-deep-u-repeated	ascii	core-native	decode	drop	20	1598.1	1236.5	1833.5	0.374	1501.1	1644.8
codec-U	U-deep-u-repeated	U-deep-u-repeated	ascii	core-ffi	decode	drop	20	2488.0	1894.8	2871.9	0.393	2387.4	2536.1
codec-U	U-deep-u-repeated	U-deep-u-repeated	ascii	core-ffi-pull	decode	drop	20	1915.4	1487.0	2080.5	0.310	1766.0	1973.2
codec-U	U-deep-u-repeated	U-deep-u-repeated	ascii	core-native	decode	retain	20	1678.5	1322.7	1791.1	0.279	1438.3	1722.4
codec-U	U-deep-u-repeated	U-deep-u-repeated	ascii	core-ffi	decode	retain	20	2785.6	2151.5	2927.7	0.279	2393.2	2832.9
codec-U	U-deep-u-repeated	U-deep-u-repeated	ascii	core-ffi-pull	decode	retain	20	2106.5	1630.4	2191.5	0.266	1698.8	2126.6
codec-U	U-wire-ListResultsResponse-results-as-wt0	U-wire-ListResultsResponse-results-as-wt0	ascii	core-native	decode-read	drop	20	537.5	515.4	562.6	0.088	532.1	542.5
codec-U	U-wire-ListResultsResponse-results-as-wt0	U-wire-ListResultsResponse-results-as-wt0	ascii	core-ffi	decode-read	drop	20	560.5	538.6	593.7	0.098	548.7	565.9
codec-U	U-wire-ListResultsResponse-results-as-wt0	U-wire-ListResultsResponse-results-as-wt0	ascii	core-ffi-pull	decode-read	drop	20	574.9	559.6	601.6	0.073	566.6	584.0
codec-U	U-wire-ListResultsResponse-results-as-wt0	U-wire-ListResultsResponse-results-as-wt0	ascii	core-native	decode-read	retain	20	534.2	515.2	546.6	0.059	527.1	538.0
codec-U	U-wire-ListResultsResponse-results-as-wt0	U-wire-ListResultsResponse-results-as-wt0	ascii	core-ffi	decode-read	retain	20	629.5	605.1	651.0	0.073	623.1	635.2
codec-U	U-wire-ListResultsResponse-results-as-wt0	U-wire-ListResultsResponse-results-as-wt0	ascii	core-ffi-pull	decode-read	retain	20	643.4	612.3	667.6	0.086	635.0	647.8
codec-nounk-P	P7.1	P7.1	ascii	incumbent-prod	decode	default	20	342.8	325.4	354.1	0.084	340.2	347.8
codec-nounk-P	P7.1	P7.1	ascii	armonik	decode	default	20	324.7	313.8	344.5	0.095	318.6	331.2
codec-nounk-P	P7.1	P7.1	ascii	core-native	decode	no-unknown	20	240.9	213.8	257.8	0.183	235.3	243.6
codec-nounk-P	P7.1	P7.1	ascii	core-ffi	decode	no-unknown	20	301.5	294.6	319.3	0.082	296.1	304.7
codec-nounk-P	P7.1	P7.1	ascii	core-ffi-pull	decode	no-unknown	20	331.7	255.9	370.3	0.345	327.4	337.3
codec-nounk-P	P1.3	P1.3	ascii	incumbent-prod	decode-read	default	20	9111.5	8509.9	9475.1	0.106	8672.0	9201.5
codec-nounk-P	P1.3	P1.3	ascii	armonik	decode-read	default	20	13283.9	12361.0	14211.0	0.139	13001.4	13567.3
codec-nounk-P	P1.3	P1.3	ascii	core-native	decode-read	no-unknown	20	13087.3	12015.2	14905.7	0.221	12727.7	13387.2
codec-nounk-P	P1.3	P1.3	ascii	core-ffi	decode-read	no-unknown	20	13243.7	12004.8	14437.1	0.184	12888.3	13486.5
codec-nounk-P	P1.3	P1.3	ascii	core-ffi-pull	decode-read	no-unknown	20	14512.6	13457.6	15554.2	0.144	14290.8	14625.2
codec-nounk-P	P2.2	P2.2	ascii	incumbent-prod	encode	default	20	984452.6	889250.4	1052388.0	0.166	975464.0	1005356.9
codec-nounk-P	P2.2	P2.2	ascii	armonik	encode	default	20	1003338.7	862852.3	1040006.7	0.177	992268.9	1008645.2
codec-nounk-P	P2.2	P2.2	ascii	core-native	encode	no-unknown	20	225682.2	203210.1	240398.8	0.165	221482.9	230913.6
codec-nounk-P	P2.2	P2.2	ascii	core-ffi	encode	no-unknown	20	329636.9	299247.9	347425.6	0.146	325297.5	332879.9
codec-nounk-P	P4.1	P4.1	ascii	incumbent-prod	decode	default	20	265560.6	262531.9	276494.1	0.053	264759.2	267272.7
codec-nounk-P	P4.1	P4.1	ascii	armonik	decode	default	20	263894.5	260314.9	312533.5	0.198	261864.9	265163.3
codec-nounk-P	P4.1	P4.1	ascii	core-native	decode	no-unknown	20	218954.3	215428.7	228549.1	0.060	217628.6	221304.8
codec-nounk-P	P4.1	P4.1	ascii	core-ffi	decode	no-unknown	20	240011.4	237536.7	286524.8	0.204	238288.6	241818.6
codec-nounk-P	P4.1	P4.1	ascii	core-ffi-pull	decode	no-unknown	20	226910.7	224109.1	235413.2	0.050	226332.0	227531.1
codec-nounk-P	P5.2	P5.2	ascii	incumbent-prod	decode	default	20	1667.7	1631.0	1742.2	0.067	1644.3	1694.5
codec-nounk-P	P5.2	P5.2	ascii	armonik	decode	default	20	95.0	92.9	116.5	0.248	94.3	97.7
codec-nounk-P	P5.2	P5.2	ascii	core-native	decode	no-unknown	20	1646.0	1621.9	1711.0	0.054	1627.8	1665.9
codec-nounk-P	P5.2	P5.2	ascii	core-ffi	decode	no-unknown	20	1650.8	1632.5	1746.1	0.069	1642.8	1682.8
codec-nounk-P	P5.2	P5.2	ascii	core-ffi-pull	decode	no-unknown	20	1667.0	1637.5	1882.9	0.147	1650.3	1690.8
codec-nounk-P	P5.3	P5.3	ascii	incumbent-prod	encode	default	20	40194.1	38430.7	48741.9	0.257	39488.6	42701.1
codec-nounk-P	P5.3	P5.3	ascii	armonik	encode	default	20	39565.5	37657.9	46305.4	0.219	38127.8	41529.4
codec-nounk-P	P5.3	P5.3	ascii	core-native	encode	no-unknown	20	39800.7	37980.4	47946.9	0.250	38495.7	40665.0
codec-nounk-P	P5.3	P5.3	ascii	core-ffi	encode	no-unknown	20	43278.9	40337.2	55822.5	0.358	41775.1	46586.3
codec-nounk-P	P2.4	P2.4	ascii	incumbent-prod	encode	default	20	654724.1	592511.0	692309.1	0.152	634982.5	670906.2
codec-nounk-P	P2.4	P2.4	ascii	armonik	encode	default	20	663356.6	597982.2	678656.1	0.122	624129.9	668267.9
codec-nounk-P	P2.4	P2.4	ascii	core-native	encode	no-unknown	20	206195.4	175154.9	214672.5	0.192	184554.5	210346.5
codec-nounk-P	P2.4	P2.4	ascii	core-ffi	encode	no-unknown	20	268115.0	238408.6	323913.3	0.319	250788.0	271829.6
codec-nounk-P	P2.2/wide	P2.2	wide	incumbent-prod	decode-read	default	20	2488112.8	2403064.0	2580261.8	0.071	2449674.3	2535554.7
codec-nounk-P	P2.2/wide	P2.2	wide	armonik	decode-read	default	20	2516054.8	2354012.8	2630334.2	0.110	2462684.1	2562679.2
codec-nounk-P	P2.2/wide	P2.2	wide	core-native	decode-read	no-unknown	20	2183848.2	2094931.5	2302161.0	0.095	2157977.8	2221652.4
codec-nounk-P	P2.2/wide	P2.2	wide	core-ffi	decode-read	no-unknown	20	2487083.5	2368155.8	2583515.2	0.087	2443343.7	2520366.9
codec-nounk-P	P2.2/wide	P2.2	wide	core-ffi-pull	decode-read	no-unknown	20	2422392.8	2296497.5	2541650.5	0.101	2370885.3	2474791.7
codec-nounk-P	P3.1	P3.1	ascii	incumbent-prod	decode-read	default	20	30246.5	26727.7	32441.4	0.189	27335.1	31577.4
codec-nounk-P	P3.1	P3.1	ascii	armonik	decode-read	default	20	31417.7	29214.3	33303.2	0.130	31121.1	31675.8
codec-nounk-P	P3.1	P3.1	ascii	core-native	decode-read	no-unknown	20	24814.4	23804.6	26083.9	0.092	24573.2	25429.9
codec-nounk-P	P3.1	P3.1	ascii	core-ffi	decode-read	no-unknown	20	23689.5	22009.3	24942.7	0.124	23443.4	24150.9
codec-nounk-P	P3.1	P3.1	ascii	core-ffi-pull	decode-read	no-unknown	20	23949.6	22514.9	25298.9	0.116	23741.1	24588.4
codec-nounk-P	P1.2/latin1	P1.2	latin1	incumbent-prod	decode	default	20	513231.3	499966.1	588421.3	0.172	505252.9	542751.9
codec-nounk-P	P1.2/latin1	P1.2	latin1	armonik	decode	default	20	482776.8	461512.6	531725.5	0.145	472419.5	505355.9
codec-nounk-P	P1.2/latin1	P1.2	latin1	core-native	decode	no-unknown	20	431575.2	400296.1	505028.5	0.243	417219.1	449615.4
codec-nounk-P	P1.2/latin1	P1.2	latin1	core-ffi	decode	no-unknown	20	419282.8	391000.3	462688.5	0.171	407284.1	441164.4
codec-nounk-P	P1.2/latin1	P1.2	latin1	core-ffi-pull	decode	no-unknown	20	430357.8	392747.5	482171.7	0.208	412490.4	442891.7
codec-nounk-P	P1.2	P1.2	ascii	incumbent-prod	encode	default	20	302039.7	259844.2	359687.0	0.331	274787.3	318263.2
codec-nounk-P	P1.2	P1.2	ascii	armonik	encode	default	20	321335.1	273022.9	384799.9	0.348	304069.7	352047.7
codec-nounk-P	P1.2	P1.2	ascii	core-native	encode	no-unknown	20	54576.9	47320.5	72868.9	0.468	49111.0	58836.9
codec-nounk-P	P1.2	P1.2	ascii	core-ffi	encode	no-unknown	20	78611.8	66735.0	95683.7	0.368	69972.5	81355.1
codec-nounk-P	P5.4	P5.4	ascii	incumbent-prod	decode-read	default	20	336940.6	333338.8	347509.5	0.042	335432.2	337931.5
codec-nounk-P	P5.4	P5.4	ascii	armonik	decode-read	default	20	87.0	81.2	93.9	0.147	85.4	89.3
codec-nounk-P	P5.4	P5.4	ascii	core-native	decode-read	no-unknown	20	331555.6	322348.3	344220.9	0.066	327538.2	337430.3
codec-nounk-P	P5.4	P5.4	ascii	core-ffi	decode-read	no-unknown	20	335785.5	323327.4	345268.3	0.065	332808.1	337814.8
codec-nounk-P	P5.4	P5.4	ascii	core-ffi-pull	decode-read	no-unknown	20	336354.6	333948.4	343948.7	0.030	334791.1	339458.9
codec-nounk-P	P1.1	P1.1	ascii	incumbent-prod	decode-read	default	20	1282.8	1000.6	1340.4	0.265	1208.4	1289.7
codec-nounk-P	P1.1	P1.1	ascii	armonik	decode-read	default	20	1378.8	1087.4	1418.1	0.240	1293.3	1392.6
codec-nounk-P	P1.1	P1.1	ascii	core-native	decode-read	no-unknown	20	1183.2	931.1	1202.8	0.230	1146.5	1188.5
codec-nounk-P	P1.1	P1.1	ascii	core-ffi	decode-read	no-unknown	20	1133.7	890.8	1179.5	0.255	1120.8	1144.1
codec-nounk-P	P1.1	P1.1	ascii	core-ffi-pull	decode-read	no-unknown	20	1135.0	888.1	1179.5	0.257	1061.7	1139.7
codec-nounk-P	P2.1	P2.1	ascii	incumbent-prod	decode	default	20	2313.8	2274.8	2351.2	0.033	2298.6	2328.8
codec-nounk-P	P2.1	P2.1	ascii	armonik	decode	default	20	2283.6	1905.0	2327.6	0.185	2176.9	2288.8
codec-nounk-P	P2.1	P2.1	ascii	core-native	decode	no-unknown	20	1868.4	1522.8	1900.9	0.202	1769.7	1874.3
codec-nounk-P	P2.1	P2.1	ascii	core-ffi	decode	no-unknown	20	2117.5	2072.1	2161.4	0.042	2089.8	2122.0
codec-nounk-P	P2.1	P2.1	ascii	core-ffi-pull	decode	no-unknown	20	2133.3	2098.5	2204.5	0.050	2116.9	2144.5
codec-nounk-P	P1.3	P1.3	ascii	incumbent-prod	decode	default	20	7602.1	7296.8	7913.4	0.081	7561.2	7702.1
codec-nounk-P	P1.3	P1.3	ascii	armonik	decode	default	20	11280.5	10888.5	13327.6	0.216	11195.8	11321.9
codec-nounk-P	P1.3	P1.3	ascii	core-native	decode	no-unknown	20	11064.4	10661.0	11890.5	0.111	10983.7	11168.9
codec-nounk-P	P1.3	P1.3	ascii	core-ffi	decode	no-unknown	20	11138.3	10710.3	13641.4	0.263	11046.8	11288.7
codec-nounk-P	P1.3	P1.3	ascii	core-ffi-pull	decode	no-unknown	20	12337.7	11825.5	12836.6	0.082	12268.5	12381.8
codec-nounk-P	P4.1	P4.1	ascii	incumbent-prod	encode	default	20	144848.4	128945.3	154856.6	0.179	130681.3	146501.5
codec-nounk-P	P4.1	P4.1	ascii	armonik	encode	default	20	144338.4	122576.9	150367.7	0.193	130987.0	146149.2
codec-nounk-P	P4.1	P4.1	ascii	core-native	encode	no-unknown	20	27668.2	24802.9	29195.0	0.159	25274.0	28124.8
codec-nounk-P	P4.1	P4.1	ascii	core-ffi	encode	no-unknown	20	45167.1	39421.8	48093.1	0.192	40979.0	45512.6
codec-nounk-P	P3.1	P3.1	ascii	incumbent-prod	decode	default	20	22657.4	21026.3	27290.5	0.276	22342.1	25295.8
codec-nounk-P	P3.1	P3.1	ascii	armonik	decode	default	20	27000.0	24097.3	31181.1	0.262	26004.0	29222.4
codec-nounk-P	P3.1	P3.1	ascii	core-native	decode	no-unknown	20	20794.9	19003.2	23995.2	0.240	20173.2	22674.4
codec-nounk-P	P3.1	P3.1	ascii	core-ffi	decode	no-unknown	20	19719.5	17923.8	23023.2	0.259	18325.6	21271.2
codec-nounk-P	P3.1	P3.1	ascii	core-ffi-pull	decode	no-unknown	20	19898.3	18022.2	22549.8	0.228	19350.1	22130.8
codec-nounk-P	P1.2/wide	P1.2	wide	incumbent-prod	encode	default	20	331413.4	327643.9	337435.0	0.030	330347.6	332420.8
codec-nounk-P	P1.2/wide	P1.2	wide	armonik	encode	default	20	357058.2	351957.6	427771.6	0.212	355855.6	359213.1
codec-nounk-P	P1.2/wide	P1.2	wide	core-native	encode	no-unknown	20	60268.4	59384.2	64319.1	0.082	60007.0	61064.4
codec-nounk-P	P1.2/wide	P1.2	wide	core-ffi	encode	no-unknown	20	91173.9	89993.1	93704.9	0.041	90551.1	91329.2
codec-nounk-P	P2.1	P2.1	ascii	incumbent-prod	encode	default	20	1429.4	1415.2	1490.7	0.053	1422.5	1445.0
codec-nounk-P	P2.1	P2.1	ascii	armonik	encode	default	20	1450.6	1420.9	1559.6	0.096	1433.8	1474.2
codec-nounk-P	P2.1	P2.1	ascii	core-native	encode	no-unknown	20	268.9	263.4	283.8	0.076	266.6	270.7
codec-nounk-P	P2.1	P2.1	ascii	core-ffi	encode	no-unknown	20	461.5	453.7	477.2	0.051	458.2	466.7
codec-nounk-P	P6.1	P6.1	ascii	incumbent-prod	encode	default	20	424399.7	404439.0	440794.6	0.086	420214.6	432108.1
codec-nounk-P	P6.1	P6.1	ascii	armonik	encode	default	20	431117.5	418111.0	441384.5	0.054	428658.3	433662.3
codec-nounk-P	P6.1	P6.1	ascii	core-native	encode	no-unknown	20	75109.0	72730.8	78725.8	0.080	73370.0	76278.2
codec-nounk-P	P6.1	P6.1	ascii	core-ffi	encode	no-unknown	20	84120.7	81658.9	86838.4	0.062	83565.1	85496.6
codec-nounk-P	P2.5	P2.5	ascii	incumbent-prod	decode-read	default	20	50645.5	41589.9	68132.2	0.524	45171.9	54029.4
codec-nounk-P	P2.5	P2.5	ascii	armonik	decode-read	default	20	48617.2	40140.9	73320.8	0.682	44027.5	52570.6
codec-nounk-P	P2.5	P2.5	ascii	core-native	decode-read	no-unknown	20	42464.9	32639.1	70358.0	0.888	36096.7	43065.5
codec-nounk-P	P2.5	P2.5	ascii	core-ffi	decode-read	no-unknown	20	47167.6	38565.6	72217.0	0.713	40221.3	48584.3
codec-nounk-P	P2.5	P2.5	ascii	core-ffi-pull	decode-read	no-unknown	20	45383.0	36223.8	64553.7	0.624	38696.1	47205.7
codec-nounk-P	P1.2	P1.2	ascii	incumbent-prod	decode-read	default	20	338579.8	322751.8	391369.4	0.203	326702.2	351352.4
codec-nounk-P	P1.2	P1.2	ascii	armonik	decode-read	default	20	307153.3	291400.2	344027.5	0.171	295246.6	316245.1
codec-nounk-P	P1.2	P1.2	ascii	core-native	decode-read	no-unknown	20	280829.3	263677.8	315499.8	0.185	267991.3	288986.6
codec-nounk-P	P1.2	P1.2	ascii	core-ffi	decode-read	no-unknown	20	260349.2	245363.9	298275.2	0.203	252341.8	267896.4
codec-nounk-P	P1.2	P1.2	ascii	core-ffi-pull	decode-read	no-unknown	20	262385.8	247756.9	319937.1	0.275	256798.0	275732.1
codec-nounk-P	P4.1	P4.1	ascii	incumbent-prod	decode-read	default	20	223946.5	212728.3	285232.1	0.324	221131.9	225396.5
codec-nounk-P	P4.1	P4.1	ascii	armonik	decode-read	default	20	224021.7	211557.0	276471.2	0.290	221283.5	226223.1
codec-nounk-P	P4.1	P4.1	ascii	core-native	decode-read	no-unknown	20	185996.2	177201.7	231109.3	0.290	178709.1	188645.1
codec-nounk-P	P4.1	P4.1	ascii	core-ffi	decode-read	no-unknown	20	203732.6	192725.3	254860.1	0.305	200339.4	226277.6
codec-nounk-P	P4.1	P4.1	ascii	core-ffi-pull	decode-read	no-unknown	20	193349.7	183905.3	242147.6	0.301	185984.5	195246.7
codec-nounk-P	P5.3	P5.3	ascii	incumbent-prod	decode	default	20	39750.1	36831.1	51371.5	0.366	38649.4	41851.4
codec-nounk-P	P5.3	P5.3	ascii	armonik	decode	default	20	94.0	89.0	112.2	0.248	93.0	97.7
codec-nounk-P	P5.3	P5.3	ascii	core-native	decode	no-unknown	20	39666.3	36939.1	51762.0	0.374	38280.5	43381.1
codec-nounk-P	P5.3	P5.3	ascii	core-ffi	decode	no-unknown	20	40087.9	37013.3	50512.2	0.337	38904.8	41070.6
codec-nounk-P	P5.3	P5.3	ascii	core-ffi-pull	decode	no-unknown	20	39018.8	37063.7	54552.9	0.448	37926.2	42643.8
codec-nounk-P	P1.3	P1.3	ascii	incumbent-prod	encode	default	20	5763.2	4678.8	6004.0	0.230	5668.0	5889.6
codec-nounk-P	P1.3	P1.3	ascii	armonik	encode	default	20	7544.3	6160.7	8020.8	0.247	7425.5	7600.3
codec-nounk-P	P1.3	P1.3	ascii	core-native	encode	no-unknown	20	1857.8	1521.6	1917.2	0.213	1839.7	1880.0
codec-nounk-P	P1.3	P1.3	ascii	core-ffi	encode	no-unknown	20	4950.9	3981.2	5505.1	0.308	4800.4	5016.9
codec-nounk-P	P1.2/latin1	P1.2	latin1	incumbent-prod	encode	default	20	330026.2	327845.6	368072.8	0.122	328804.0	335834.7
codec-nounk-P	P1.2/latin1	P1.2	latin1	armonik	encode	default	20	352197.5	346977.6	373986.6	0.077	349726.9	355150.7
codec-nounk-P	P1.2/latin1	P1.2	latin1	core-native	encode	no-unknown	20	59537.9	58587.1	64606.6	0.101	59186.0	60352.7
codec-nounk-P	P1.2/latin1	P1.2	latin1	core-ffi	encode	no-unknown	20	88669.1	85849.7	97777.8	0.135	86752.9	89584.7
codec-nounk-P	P5.2	P5.2	ascii	incumbent-prod	encode	default	20	1655.2	1643.9	1790.6	0.089	1647.3	1674.7
codec-nounk-P	P5.2	P5.2	ascii	armonik	encode	default	20	1632.7	1615.5	1745.4	0.080	1623.4	1638.7
codec-nounk-P	P5.2	P5.2	ascii	core-native	encode	no-unknown	20	1568.4	1557.6	1617.4	0.038	1564.6	1587.7
codec-nounk-P	P5.2	P5.2	ascii	core-ffi	encode	no-unknown	20	1609.8	1598.1	1740.5	0.088	1604.1	1622.8
codec-nounk-P	P1.2	P1.2	ascii	incumbent-prod	decode	default	20	394458.1	328494.4	465788.7	0.348	383694.9	396921.3
codec-nounk-P	P1.2	P1.2	ascii	armonik	decode	default	20	351654.0	310607.0	370929.0	0.172	346621.3	355049.8
codec-nounk-P	P1.2	P1.2	ascii	core-native	decode	no-unknown	20	318362.4	271359.6	593227.5	1.011	314141.2	324839.3
codec-nounk-P	P1.2	P1.2	ascii	core-ffi	decode	no-unknown	20	297010.3	259666.2	314360.0	0.184	294139.7	300597.5
codec-nounk-P	P1.2	P1.2	ascii	core-ffi-pull	decode	no-unknown	20	296399.7	251618.7	319014.4	0.227	293176.4	300002.3
codec-nounk-P	P4.1	P4.1	ascii	incumbent-prod	decode-nodrop	default	20	213025.5	210142.3	226671.6	0.078	211383.4	215959.5
codec-nounk-P	P4.1	P4.1	ascii	armonik	decode-nodrop	default	20	215648.8	209359.7	226812.3	0.081	212145.1	217700.4
codec-nounk-P	P4.1	P4.1	ascii	core-native	decode-nodrop	no-unknown	20	177947.8	174109.9	189420.5	0.086	176028.6	179886.6
codec-nounk-P	P4.1	P4.1	ascii	core-ffi	decode-nodrop	no-unknown	20	191451.8	186784.1	197154.5	0.054	189132.6	193893.9
codec-nounk-P	P6.1	P6.1	ascii	incumbent-prod	decode	default	20	277716.3	218316.6	500914.2	1.018	274149.7	284529.0
codec-nounk-P	P6.1	P6.1	ascii	armonik	decode	default	20	294544.9	226161.1	358734.8	0.450	289831.3	301803.9
codec-nounk-P	P6.1	P6.1	ascii	core-native	decode	no-unknown	20	174983.4	136274.3	193714.4	0.328	173176.8	178574.6
codec-nounk-P	P6.1	P6.1	ascii	core-ffi	decode	no-unknown	20	173232.3	139348.4	184970.4	0.263	172130.0	174942.9
codec-nounk-P	P6.1	P6.1	ascii	core-ffi-pull	decode	no-unknown	20	157746.0	124426.7	184586.8	0.381	155558.6	160224.5
codec-nounk-P	P6.1	P6.1	ascii	incumbent-prod	decode-nodrop	default	20	255250.3	247215.7	262922.6	0.062	253619.1	256733.8
codec-nounk-P	P6.1	P6.1	ascii	armonik	decode-nodrop	default	20	269196.5	265468.7	282095.9	0.062	267395.8	272331.1
codec-nounk-P	P6.1	P6.1	ascii	core-native	decode-nodrop	no-unknown	20	152617.0	149856.4	169743.9	0.130	151800.4	154631.0
codec-nounk-P	P6.1	P6.1	ascii	core-ffi	decode-nodrop	no-unknown	20	157663.5	155044.7	162538.2	0.048	156330.2	158457.9
codec-nounk-P	P2.4	P2.4	ascii	incumbent-prod	decode-read	default	20	1790321.1	1761949.3	1862166.5	0.056	1781696.6	1797052.8
codec-nounk-P	P2.4	P2.4	ascii	armonik	decode-read	default	20	1803222.8	1765249.5	1842268.5	0.043	1782873.0	1811515.9
codec-nounk-P	P2.4	P2.4	ascii	core-native	decode-read	no-unknown	20	1659231.1	1637624.3	1716146.7	0.047	1643100.3	1669732.2
codec-nounk-P	P2.4	P2.4	ascii	core-ffi	decode-read	no-unknown	20	1385264.8	1365890.6	1427775.0	0.045	1376703.2	1404418.4
codec-nounk-P	P2.4	P2.4	ascii	core-ffi-pull	decode-read	no-unknown	20	1377331.7	1355542.1	1454855.4	0.072	1367179.7	1401303.1
codec-nounk-P	P1.1	P1.1	ascii	incumbent-prod	decode	default	20	1248.5	1238.6	1282.8	0.035	1245.0	1256.1
codec-nounk-P	P1.1	P1.1	ascii	armonik	decode	default	20	1313.5	1288.5	1336.0	0.036	1304.8	1319.1
codec-nounk-P	P1.1	P1.1	ascii	core-native	decode	no-unknown	20	1098.5	1082.6	1115.4	0.030	1090.9	1105.7
codec-nounk-P	P1.1	P1.1	ascii	core-ffi	decode	no-unknown	20	1049.7	1036.7	1072.3	0.034	1043.5	1056.9
codec-nounk-P	P1.1	P1.1	ascii	core-ffi-pull	decode	no-unknown	20	1054.9	1040.5	1101.1	0.057	1049.3	1066.4
codec-nounk-P	P2.2	P2.2	ascii	incumbent-prod	decode	default	20	1446820.1	1437007.3	1472581.0	0.025	1439833.4	1450697.5
codec-nounk-P	P2.2	P2.2	ascii	armonik	decode	default	20	1428376.2	1413811.1	1458720.3	0.031	1420272.4	1446429.3
codec-nounk-P	P2.2	P2.2	ascii	core-native	decode	no-unknown	20	1250271.8	1235416.0	1311280.1	0.061	1246034.5	1259233.7
codec-nounk-P	P2.2	P2.2	ascii	core-ffi	decode	no-unknown	20	1416566.4	1403757.6	1694140.7	0.205	1410322.6	1430184.8
codec-nounk-P	P2.2	P2.2	ascii	core-ffi-pull	decode	no-unknown	20	1397786.1	1375949.0	1690432.4	0.225	1393058.5	1402654.0
codec-nounk-P	P2.2/wide	P2.2	wide	incumbent-prod	encode	default	20	1067185.7	1039963.3	1099186.8	0.055	1058116.7	1079404.5
codec-nounk-P	P2.2/wide	P2.2	wide	armonik	encode	default	20	1083765.2	1046077.2	1095025.7	0.045	1077689.2	1090325.9
codec-nounk-P	P2.2/wide	P2.2	wide	core-native	encode	no-unknown	20	276787.2	264863.4	295335.2	0.110	273038.3	279920.7
codec-nounk-P	P2.2/wide	P2.2	wide	core-ffi	encode	no-unknown	20	363784.7	351687.0	375280.8	0.065	360507.6	367885.5
codec-nounk-P	P5.1	P5.1	ascii	incumbent-prod	decode-read	default	20	102.6	101.3	104.6	0.032	102.2	103.1
codec-nounk-P	P5.1	P5.1	ascii	armonik	decode-read	default	20	92.7	91.8	96.2	0.047	92.5	93.5
codec-nounk-P	P5.1	P5.1	ascii	core-native	decode-read	no-unknown	20	92.7	89.4	93.9	0.048	92.4	93.1
codec-nounk-P	P5.1	P5.1	ascii	core-ffi	decode-read	no-unknown	20	90.6	85.3	92.3	0.077	90.2	91.1
codec-nounk-P	P5.1	P5.1	ascii	core-ffi-pull	decode-read	no-unknown	20	95.4	89.4	98.5	0.096	95.1	95.7
codec-nounk-P	P5.4	P5.4	ascii	incumbent-prod	encode	default	20	337109.8	321164.6	355225.3	0.101	330727.6	344604.8
codec-nounk-P	P5.4	P5.4	ascii	armonik	encode	default	20	338779.5	322830.5	356983.1	0.101	329544.7	345049.1
codec-nounk-P	P5.4	P5.4	ascii	core-native	encode	no-unknown	20	337767.3	328291.8	368572.8	0.119	330955.8	344282.4
codec-nounk-P	P5.4	P5.4	ascii	core-ffi	encode	no-unknown	20	340354.9	321823.5	358799.6	0.109	332643.9	344273.5
codec-nounk-P	P2.2/latin1	P2.2	latin1	incumbent-prod	decode-read	default	20	2107986.2	1670558.6	2121073.2	0.214	1770288.8	2115007.0
codec-nounk-P	P2.2/latin1	P2.2	latin1	armonik	decode-read	default	20	2118362.7	1719048.0	2175442.4	0.215	1889588.2	2144653.8
codec-nounk-P	P2.2/latin1	P2.2	latin1	core-native	decode-read	no-unknown	20	1831919.1	1449066.5	1861083.0	0.225	1746455.7	1843018.7
codec-nounk-P	P2.2/latin1	P2.2	latin1	core-ffi	decode-read	no-unknown	20	2058413.6	1644125.7	2105483.7	0.224	1962491.4	2074148.6
codec-nounk-P	P2.2/latin1	P2.2	latin1	core-ffi-pull	decode-read	no-unknown	20	2019572.3	1595473.0	2062816.3	0.231	1905838.5	2031665.1
codec-nounk-P	P2.4	P2.4	ascii	incumbent-prod	decode	default	20	1729034.9	1672643.2	1840787.0	0.097	1712579.4	1789504.7
codec-nounk-P	P2.4	P2.4	ascii	armonik	decode	default	20	1739224.9	1671063.7	1949606.0	0.160	1706598.5	1762579.8
codec-nounk-P	P2.4	P2.4	ascii	core-native	decode	no-unknown	20	1607482.4	1507353.9	1666450.6	0.099	1570693.6	1622719.4
codec-nounk-P	P2.4	P2.4	ascii	core-ffi	decode	no-unknown	20	1321543.4	1282305.1	1402068.8	0.091	1302044.6	1349042.6
codec-nounk-P	P2.4	P2.4	ascii	core-ffi-pull	decode	no-unknown	20	1301232.8	1235537.1	1440331.2	0.157	1278947.5	1337915.3
codec-nounk-P	P2.5	P2.5	ascii	incumbent-prod	decode	default	20	49529.7	49028.7	50464.2	0.029	49414.7	49801.1
codec-nounk-P	P2.5	P2.5	ascii	armonik	decode	default	20	49323.8	48656.1	52734.7	0.083	49086.0	49619.2
codec-nounk-P	P2.5	P2.5	ascii	core-native	decode	no-unknown	20	40507.1	40088.1	41607.7	0.038	40387.9	40727.3
codec-nounk-P	P2.5	P2.5	ascii	core-ffi	decode	no-unknown	20	45163.8	44528.8	63647.3	0.423	44874.1	45549.1
codec-nounk-P	P2.5	P2.5	ascii	core-ffi-pull	decode	no-unknown	20	44229.9	43416.3	45355.2	0.044	43827.5	44528.8
codec-nounk-P	P5.4	P5.4	ascii	incumbent-prod	decode	default	20	352019.1	318560.1	372609.9	0.154	333887.3	365356.5
codec-nounk-P	P5.4	P5.4	ascii	armonik	decode	default	20	90.7	85.9	100.6	0.163	88.2	97.2
codec-nounk-P	P5.4	P5.4	ascii	core-native	decode	no-unknown	20	341837.6	310535.5	383914.4	0.215	325187.6	368010.9
codec-nounk-P	P5.4	P5.4	ascii	core-ffi	decode	no-unknown	20	354866.0	313584.2	385605.4	0.203	332269.7	367008.6
codec-nounk-P	P5.4	P5.4	ascii	core-ffi-pull	decode	no-unknown	20	353778.6	319456.0	378309.8	0.166	332347.3	368269.9
codec-nounk-P	P1.2	P1.2	ascii	incumbent-prod	decode-nodrop	default	20	326459.0	268018.0	351710.2	0.256	283089.7	332517.9
codec-nounk-P	P1.2	P1.2	ascii	armonik	decode-nodrop	default	20	296663.2	240770.1	433345.0	0.649	255198.7	300546.1
codec-nounk-P	P1.2	P1.2	ascii	core-native	decode-nodrop	no-unknown	20	246121.1	199829.4	274927.1	0.305	206970.2	252176.0
codec-nounk-P	P1.2	P1.2	ascii	core-ffi	decode-nodrop	no-unknown	20	226116.6	182279.1	238199.1	0.247	189543.1	231596.6
codec-nounk-P	P6.1	P6.1	ascii	incumbent-prod	decode-read	default	20	288286.4	262233.4	311657.7	0.171	283068.9	298414.9
codec-nounk-P	P6.1	P6.1	ascii	armonik	decode-read	default	20	302445.3	279668.2	331329.6	0.171	298640.6	305911.4
codec-nounk-P	P6.1	P6.1	ascii	core-native	decode-read	no-unknown	20	201570.2	184522.8	218606.6	0.169	196356.3	204252.0
codec-nounk-P	P6.1	P6.1	ascii	core-ffi	decode-read	no-unknown	20	176363.3	160439.5	189318.8	0.164	174442.4	181221.2
codec-nounk-P	P6.1	P6.1	ascii	core-ffi-pull	decode-read	no-unknown	20	162934.1	150042.0	175640.4	0.157	159264.9	165659.0
codec-nounk-P	P5.3	P5.3	ascii	incumbent-prod	decode-read	default	20	42678.8	38490.1	49408.7	0.256	41630.7	45651.1
codec-nounk-P	P5.3	P5.3	ascii	armonik	decode-read	default	20	98.9	89.7	109.0	0.196	96.8	99.7
codec-nounk-P	P5.3	P5.3	ascii	core-native	decode-read	no-unknown	20	42831.0	38937.0	51968.6	0.304	41134.5	46413.1
codec-nounk-P	P5.3	P5.3	ascii	core-ffi	decode-read	no-unknown	20	42629.5	39645.9	52968.5	0.313	40739.8	48392.3
codec-nounk-P	P5.3	P5.3	ascii	core-ffi-pull	decode-read	no-unknown	20	43364.1	38480.4	50756.1	0.283	41286.0	48305.3
codec-nounk-P	P2.3	P2.3	ascii	incumbent-prod	encode	default	20	549513.9	520550.7	688353.6	0.305	538922.8	565981.0
codec-nounk-P	P2.3	P2.3	ascii	armonik	encode	default	20	553350.1	519212.0	597220.7	0.141	544044.3	571512.8
codec-nounk-P	P2.3	P2.3	ascii	core-native	encode	no-unknown	20	137478.2	132374.8	160216.1	0.203	135045.0	141501.8
codec-nounk-P	P2.3	P2.3	ascii	core-ffi	encode	no-unknown	20	213679.6	204556.3	232652.4	0.131	208297.0	218724.2
codec-nounk-P	P1.2/latin1	P1.2	latin1	incumbent-prod	decode-read	default	20	643330.2	627474.3	667987.3	0.063	636171.1	652122.7
codec-nounk-P	P1.2/latin1	P1.2	latin1	armonik	decode-read	default	20	595293.8	579862.8	623310.8	0.073	584267.7	607066.0
codec-nounk-P	P1.2/latin1	P1.2	latin1	core-native	decode-read	no-unknown	20	529291.0	517220.3	549999.1	0.062	521466.8	534613.1
codec-nounk-P	P1.2/latin1	P1.2	latin1	core-ffi	decode-read	no-unknown	20	523741.9	509180.6	541488.7	0.062	514118.6	531239.3
codec-nounk-P	P1.2/latin1	P1.2	latin1	core-ffi-pull	decode-read	no-unknown	20	530791.5	511203.4	551248.2	0.075	520426.2	536297.4
codec-nounk-P	P2.2/latin1	P2.2	latin1	incumbent-prod	decode	default	20	2047162.0	1715450.2	2173804.2	0.224	1959147.9	2087377.0
codec-nounk-P	P2.2/latin1	P2.2	latin1	armonik	decode	default	20	2062502.4	1742753.7	2483766.7	0.359	1982353.7	2146780.7
codec-nounk-P	P2.2/latin1	P2.2	latin1	core-native	decode	no-unknown	20	1764820.2	1471890.8	1875659.0	0.229	1683396.8	1824181.9
codec-nounk-P	P2.2/latin1	P2.2	latin1	core-ffi	decode	no-unknown	20	2006438.3	1678623.0	2105904.8	0.213	1956437.1	2052545.9
codec-nounk-P	P2.2/latin1	P2.2	latin1	core-ffi-pull	decode	no-unknown	20	1932864.6	1659050.8	2043244.8	0.199	1828596.7	1975444.6
codec-nounk-P	P1.2/wide	P1.2	wide	incumbent-prod	decode	default	20	728247.2	713599.8	747289.8	0.046	719092.2	732188.6
codec-nounk-P	P1.2/wide	P1.2	wide	armonik	decode	default	20	684583.2	675620.7	706150.3	0.045	681086.7	690378.7
codec-nounk-P	P1.2/wide	P1.2	wide	core-native	decode	no-unknown	20	613611.5	600273.7	635643.1	0.058	610914.6	619277.2
codec-nounk-P	P1.2/wide	P1.2	wide	core-ffi	decode	no-unknown	20	628507.1	618204.9	644178.9	0.041	625613.8	633496.2
codec-nounk-P	P1.2/wide	P1.2	wide	core-ffi-pull	decode	no-unknown	20	638391.0	625183.7	830050.0	0.321	632331.4	650327.6
codec-nounk-P	P5.2	P5.2	ascii	incumbent-prod	decode-read	default	20	1666.1	1650.1	1740.6	0.054	1658.5	1679.6
codec-nounk-P	P5.2	P5.2	ascii	armonik	decode-read	default	20	97.8	96.5	99.6	0.032	97.3	98.5
codec-nounk-P	P5.2	P5.2	ascii	core-native	decode-read	no-unknown	20	1660.2	1647.5	1695.4	0.029	1654.2	1667.4
codec-nounk-P	P5.2	P5.2	ascii	core-ffi	decode-read	no-unknown	20	1667.6	1650.0	1709.3	0.036	1661.3	1686.1
codec-nounk-P	P5.2	P5.2	ascii	core-ffi-pull	decode-read	no-unknown	20	1679.2	1660.5	1764.5	0.062	1673.3	1690.8
codec-nounk-P	P2.2	P2.2	ascii	incumbent-prod	decode-nodrop	default	20	1176174.4	961064.0	1292295.9	0.282	1159391.3	1219035.8
codec-nounk-P	P2.2	P2.2	ascii	armonik	decode-nodrop	default	20	1163533.9	1065873.7	1266215.7	0.172	1142671.4	1189242.7
codec-nounk-P	P2.2	P2.2	ascii	core-native	decode-nodrop	no-unknown	20	1007347.6	971461.6	1058721.7	0.087	991064.8	1026808.3
codec-nounk-P	P2.2	P2.2	ascii	core-ffi	decode-nodrop	no-unknown	20	1150687.2	982268.7	1228712.8	0.214	1129532.2	1180711.1
codec-nounk-P	P3.1	P3.1	ascii	incumbent-prod	encode	default	20	22470.2	18561.0	23291.1	0.211	20048.5	22537.5
codec-nounk-P	P3.1	P3.1	ascii	armonik	encode	default	20	22911.0	18838.5	23416.2	0.200	20446.4	23002.0
codec-nounk-P	P3.1	P3.1	ascii	core-native	encode	no-unknown	20	3669.7	2950.7	3793.2	0.230	3281.3	3682.4
codec-nounk-P	P3.1	P3.1	ascii	core-ffi	encode	no-unknown	20	6317.6	5253.9	6612.6	0.215	5753.9	6384.7
codec-nounk-P	P2.3	P2.3	ascii	incumbent-prod	decode	default	20	1210564.0	1013554.6	1359310.9	0.286	1085857.1	1255557.8
codec-nounk-P	P2.3	P2.3	ascii	armonik	decode	default	20	1249948.3	1041066.2	1451220.5	0.328	1126369.9	1310902.0
codec-nounk-P	P2.3	P2.3	ascii	core-native	decode	no-unknown	20	1155456.1	966820.2	1322835.0	0.308	1030574.3	1204395.9
codec-nounk-P	P2.3	P2.3	ascii	core-ffi	decode	no-unknown	20	940850.6	802295.8	1055839.6	0.269	869313.1	980267.0
codec-nounk-P	P2.3	P2.3	ascii	core-ffi-pull	decode	no-unknown	20	900369.8	795348.6	1048958.3	0.282	846378.7	958193.5
codec-nounk-P	P2.2/wide	P2.2	wide	incumbent-prod	decode	default	20	2126877.9	2003442.0	2509207.0	0.238	2055971.0	2428247.4
codec-nounk-P	P2.2/wide	P2.2	wide	armonik	decode	default	20	2158582.0	2012537.0	2854149.8	0.390	2091381.4	2466461.9
codec-nounk-P	P2.2/wide	P2.2	wide	core-native	decode	no-unknown	20	1974110.5	1755518.2	2262646.6	0.257	1862948.8	2145026.8
codec-nounk-P	P2.2/wide	P2.2	wide	core-ffi	decode	no-unknown	20	2246423.0	2008088.5	2525690.8	0.230	2101998.2	2401947.9
codec-nounk-P	P2.2/wide	P2.2	wide	core-ffi-pull	decode	no-unknown	20	2227340.0	1996946.0	2480798.2	0.217	2065452.3	2392286.2
codec-nounk-P	P5.1	P5.1	ascii	incumbent-prod	decode	default	20	100.1	98.0	102.6	0.047	99.3	100.7
codec-nounk-P	P5.1	P5.1	ascii	armonik	decode	default	20	89.6	79.8	94.0	0.159	89.0	91.0
codec-nounk-P	P5.1	P5.1	ascii	core-native	decode	no-unknown	20	89.8	88.6	94.6	0.067	89.1	92.7
codec-nounk-P	P5.1	P5.1	ascii	core-ffi	decode	no-unknown	20	86.8	85.8	90.3	0.052	86.3	88.5
codec-nounk-P	P5.1	P5.1	ascii	core-ffi-pull	decode	no-unknown	20	93.9	92.2	97.3	0.053	92.7	94.3
codec-nounk-P	P1.1	P1.1	ascii	incumbent-prod	encode	default	20	1242.5	1227.7	1291.0	0.051	1235.5	1252.5
codec-nounk-P	P1.1	P1.1	ascii	armonik	encode	default	20	1310.1	1273.8	1322.6	0.037	1301.0	1314.6
codec-nounk-P	P1.1	P1.1	ascii	core-native	encode	no-unknown	20	203.5	200.7	212.9	0.060	202.0	204.4
codec-nounk-P	P1.1	P1.1	ascii	core-ffi	encode	no-unknown	20	314.9	299.8	323.2	0.074	306.4	318.4
codec-nounk-P	P5.1	P5.1	ascii	incumbent-prod	encode	default	20	70.2	67.8	71.8	0.056	69.1	70.6
codec-nounk-P	P5.1	P5.1	ascii	armonik	encode	default	20	68.4	66.2	71.4	0.077	67.7	69.5
codec-nounk-P	P5.1	P5.1	ascii	core-native	encode	no-unknown	20	17.2	16.9	21.1	0.245	17.1	17.3
codec-nounk-P	P5.1	P5.1	ascii	core-ffi	encode	no-unknown	20	28.9	28.3	35.3	0.241	28.6	29.1
codec-nounk-P	P2.2	P2.2	ascii	incumbent-prod	decode-read	default	20	1519910.4	1492258.3	1682527.3	0.125	1511420.6	1529441.6
codec-nounk-P	P2.2	P2.2	ascii	armonik	decode-read	default	20	1503948.4	1485841.1	1617054.7	0.087	1492920.8	1549819.9
codec-nounk-P	P2.2	P2.2	ascii	core-native	decode-read	no-unknown	20	1333457.1	1303003.7	1426221.0	0.092	1318850.5	1345279.9
codec-nounk-P	P2.2	P2.2	ascii	core-ffi	decode-read	no-unknown	20	1501624.5	1475386.9	1765122.0	0.193	1490637.1	1523167.4
codec-nounk-P	P2.2	P2.2	ascii	core-ffi-pull	decode-read	no-unknown	20	1490188.9	1434458.4	1557779.6	0.083	1469788.4	1504593.6
codec-nounk-P	P2.1	P2.1	ascii	incumbent-prod	decode-read	default	20	2427.9	1902.4	2651.8	0.309	2033.7	2460.2
codec-nounk-P	P2.1	P2.1	ascii	armonik	decode-read	default	20	2403.4	1863.5	2609.7	0.310	2105.3	2443.4
codec-nounk-P	P2.1	P2.1	ascii	core-native	decode-read	no-unknown	20	1985.8	1555.8	2241.4	0.345	1673.5	2002.9
codec-nounk-P	P2.1	P2.1	ascii	core-ffi	decode-read	no-unknown	20	2232.4	1741.9	2747.5	0.450	1859.5	2267.6
codec-nounk-P	P2.1	P2.1	ascii	core-ffi-pull	decode-read	no-unknown	20	2249.7	1750.0	2805.0	0.469	1842.7	2276.8
codec-nounk-P	P2.3	P2.3	ascii	incumbent-prod	decode-read	default	20	1313146.2	1276919.1	1394638.8	0.090	1301665.4	1339046.3
codec-nounk-P	P2.3	P2.3	ascii	armonik	decode-read	default	20	1331380.0	1305145.1	1401724.6	0.073	1320196.3	1348875.7
codec-nounk-P	P2.3	P2.3	ascii	core-native	decode-read	no-unknown	20	1219856.7	1177294.9	1250354.8	0.060	1191918.2	1236505.6
codec-nounk-P	P2.3	P2.3	ascii	core-ffi	decode-read	no-unknown	20	1032322.6	1005916.6	1091134.0	0.083	1025967.7	1048928.1
codec-nounk-P	P2.3	P2.3	ascii	core-ffi-pull	decode-read	no-unknown	20	1018456.9	986611.8	1099189.3	0.111	1007097.4	1027716.1
codec-nounk-P	P2.5	P2.5	ascii	incumbent-prod	encode	default	20	27700.7	23315.7	30103.6	0.245	25211.8	28081.5
codec-nounk-P	P2.5	P2.5	ascii	armonik	encode	default	20	27782.0	23133.7	30447.2	0.263	26136.3	27976.7
codec-nounk-P	P2.5	P2.5	ascii	core-native	encode	no-unknown	20	5472.1	4563.1	5754.7	0.218	5141.6	5574.9
codec-nounk-P	P2.5	P2.5	ascii	core-ffi	encode	no-unknown	20	8940.5	7491.3	9535.4	0.229	8494.1	9094.9
codec-nounk-P	P1.2/wide	P1.2	wide	incumbent-prod	decode-read	default	20	735623.9	591408.3	861749.7	0.367	724698.6	756527.2
codec-nounk-P	P1.2/wide	P1.2	wide	armonik	decode-read	default	20	702995.7	570685.9	776276.0	0.292	693708.8	708667.8
codec-nounk-P	P1.2/wide	P1.2	wide	core-native	decode-read	no-unknown	20	628420.9	509335.0	880446.3	0.591	624605.7	635725.5
codec-nounk-P	P1.2/wide	P1.2	wide	core-ffi	decode-read	no-unknown	20	647946.6	537806.6	694786.5	0.242	635773.2	656890.9
codec-nounk-P	P1.2/wide	P1.2	wide	core-ffi-pull	decode-read	no-unknown	20	658691.6	534131.5	1138034.3	0.917	651614.8	671609.2
codec-nounk-P	P7.1	P7.1	ascii	incumbent-prod	decode-read	default	20	354.1	275.2	366.7	0.258	296.8	357.6
codec-nounk-P	P7.1	P7.1	ascii	armonik	decode-read	default	20	332.8	259.6	357.9	0.296	288.7	334.1
codec-nounk-P	P7.1	P7.1	ascii	core-native	decode-read	no-unknown	20	250.7	197.1	262.2	0.259	217.5	256.3
codec-nounk-P	P7.1	P7.1	ascii	core-ffi	decode-read	no-unknown	20	304.4	244.2	325.1	0.266	276.4	316.8
codec-nounk-P	P7.1	P7.1	ascii	core-ffi-pull	decode-read	no-unknown	20	335.7	269.1	377.2	0.322	306.5	353.8
codec-nounk-P	P2.2/latin1	P2.2	latin1	incumbent-prod	encode	default	20	942541.7	834535.3	1053762.5	0.233	855727.9	1011279.0
codec-nounk-P	P2.2/latin1	P2.2	latin1	armonik	encode	default	20	972753.9	845906.4	1084340.9	0.245	884264.8	1020214.4
codec-nounk-P	P2.2/latin1	P2.2	latin1	core-native	encode	no-unknown	20	230695.0	217887.1	262579.0	0.194	221945.0	239944.0
codec-nounk-P	P2.2/latin1	P2.2	latin1	core-ffi	encode	no-unknown	20	308302.5	287895.3	351697.6	0.207	292852.9	338425.0
codec-nounk-U	U-wire-ListTaskSummaryResponse-tasks-as-wt1	U-wire-ListTaskSummaryResponse-tasks-as-wt1	ascii	core-native	decode-read	no-unknown	20	1829.6	1789.6	1865.2	0.041	1808.5	1836.0
codec-nounk-U	U-wire-ListTaskSummaryResponse-tasks-as-wt1	U-wire-ListTaskSummaryResponse-tasks-as-wt1	ascii	core-ffi	decode-read	no-unknown	20	1894.5	1858.0	1972.3	0.060	1885.7	1915.5
codec-nounk-U	U-wire-ListTaskSummaryResponse-tasks-as-wt1	U-wire-ListTaskSummaryResponse-tasks-as-wt1	ascii	core-ffi-pull	decode-read	no-unknown	20	2000.5	1972.2	2091.6	0.060	1985.9	2013.3
codec-nounk-U	U-wire-ListMetricsResponse-batches-as-wt5	U-wire-ListMetricsResponse-batches-as-wt5	ascii	core-native	encode	no-unknown	20	600.4	583.1	610.1	0.045	594.7	604.7
codec-nounk-U	U-wire-ListMetricsResponse-batches-as-wt5	U-wire-ListMetricsResponse-batches-as-wt5	ascii	core-ffi	encode	no-unknown	20	701.4	686.8	741.0	0.077	697.4	710.2
codec-nounk-U	U-nested-u-varint	U-nested-u-varint	ascii	incumbent-prod	encode	default	20	271.6	267.2	288.3	0.078	269.5	273.3
codec-nounk-U	U-nested-u-varint	U-nested-u-varint	ascii	armonik	encode	default	20	278.9	273.8	291.9	0.065	277.5	280.3
codec-nounk-U	U-nested-u-varint	U-nested-u-varint	ascii	core-native	encode	no-unknown	20	45.5	44.6	49.4	0.105	45.1	46.4
codec-nounk-U	U-nested-u-varint	U-nested-u-varint	ascii	core-ffi	encode	no-unknown	20	84.1	78.6	98.0	0.231	82.8	85.0
codec-nounk-U	U-oneof-member-after-known	U-oneof-member-after-known	ascii	incumbent-prod	decode	default	20	127.7	124.8	136.0	0.087	127.2	128.1
codec-nounk-U	U-oneof-member-after-known	U-oneof-member-after-known	ascii	armonik	decode	default	20	128.3	125.6	131.5	0.047	127.8	129.2
codec-nounk-U	U-oneof-member-after-known	U-oneof-member-after-known	ascii	core-native	decode	no-unknown	20	93.7	91.3	95.8	0.048	93.2	94.5
codec-nounk-U	U-oneof-member-after-known	U-oneof-member-after-known	ascii	core-ffi	decode	no-unknown	20	103.5	100.2	108.3	0.078	102.4	104.1
codec-nounk-U	U-oneof-member-after-known	U-oneof-member-after-known	ascii	core-ffi-pull	decode	no-unknown	20	113.1	111.9	116.3	0.039	112.5	114.5
codec-nounk-U	U-wire-ListResultsResponse-results-as-wt1	U-wire-ListResultsResponse-results-as-wt1	ascii	core-native	decode-read	no-unknown	20	574.1	554.7	600.2	0.079	571.0	576.4
codec-nounk-U	U-wire-ListResultsResponse-results-as-wt1	U-wire-ListResultsResponse-results-as-wt1	ascii	core-ffi	decode-read	no-unknown	20	536.1	528.8	543.0	0.026	532.8	539.3
codec-nounk-U	U-wire-ListResultsResponse-results-as-wt1	U-wire-ListResultsResponse-results-as-wt1	ascii	core-ffi-pull	decode-read	no-unknown	20	550.7	523.3	580.2	0.103	543.7	558.6
codec-nounk-U	U-wire-ListTasksDetailedResponse-tasks-as-wt1	U-wire-ListTasksDetailedResponse-tasks-as-wt1	ascii	core-native	decode-read	no-unknown	20	3399.7	3351.3	3569.2	0.064	3381.7	3421.3
codec-nounk-U	U-wire-ListTasksDetailedResponse-tasks-as-wt1	U-wire-ListTasksDetailedResponse-tasks-as-wt1	ascii	core-ffi	decode-read	no-unknown	20	4307.5	4255.9	4559.2	0.070	4282.6	4340.8
codec-nounk-U	U-wire-ListTasksDetailedResponse-tasks-as-wt1	U-wire-ListTasksDetailedResponse-tasks-as-wt1	ascii	core-ffi-pull	decode-read	no-unknown	20	4263.6	4184.8	4437.2	0.059	4236.9	4307.7
codec-nounk-U	U-wire-ListMetricsResponse-batches-as-wt0	U-wire-ListMetricsResponse-batches-as-wt0	ascii	core-native	decode-read	no-unknown	20	2090.7	1885.4	2313.5	0.205	2035.4	2162.0
codec-nounk-U	U-wire-ListMetricsResponse-batches-as-wt0	U-wire-ListMetricsResponse-batches-as-wt0	ascii	core-ffi	decode-read	no-unknown	20	1654.4	1588.0	1821.5	0.141	1634.8	1683.1
codec-nounk-U	U-wire-ListMetricsResponse-batches-as-wt0	U-wire-ListMetricsResponse-batches-as-wt0	ascii	core-ffi-pull	decode-read	no-unknown	20	1564.6	1504.6	1718.9	0.137	1539.7	1613.3
codec-nounk-U	U-wire-ListResultsResponse-page-as-wt5	U-wire-ListResultsResponse-page-as-wt5	ascii	core-native	decode-read	no-unknown	20	558.2	546.3	686.9	0.252	554.1	569.0
codec-nounk-U	U-wire-ListResultsResponse-page-as-wt5	U-wire-ListResultsResponse-page-as-wt5	ascii	core-ffi	decode-read	no-unknown	20	531.2	517.9	754.7	0.446	528.1	549.5
codec-nounk-U	U-wire-ListResultsResponse-page-as-wt5	U-wire-ListResultsResponse-page-as-wt5	ascii	core-ffi-pull	decode-read	no-unknown	20	547.6	528.3	932.1	0.737	537.8	565.9
codec-nounk-U	U-nested-u-repeated	U-nested-u-repeated	ascii	incumbent-prod	encode	default	20	283.8	267.5	320.6	0.187	271.5	306.8
codec-nounk-U	U-nested-u-repeated	U-nested-u-repeated	ascii	armonik	encode	default	20	309.6	275.6	332.8	0.185	284.0	320.9
codec-nounk-U	U-nested-u-repeated	U-nested-u-repeated	ascii	core-native	encode	no-unknown	20	46.2	44.1	55.4	0.245	45.3	52.2
codec-nounk-U	U-nested-u-repeated	U-nested-u-repeated	ascii	core-ffi	encode	no-unknown	20	87.8	80.7	99.0	0.208	84.0	93.9
codec-nounk-U	U-wire-ListProbeResponse-probes-as-wt0	U-wire-ListProbeResponse-probes-as-wt0	ascii	core-native	decode-read	no-unknown	20	242.9	230.8	306.8	0.313	238.1	248.7
codec-nounk-U	U-wire-ListProbeResponse-probes-as-wt0	U-wire-ListProbeResponse-probes-as-wt0	ascii	core-ffi	decode-read	no-unknown	20	250.4	240.3	336.0	0.382	247.4	254.6
codec-nounk-U	U-wire-ListProbeResponse-probes-as-wt0	U-wire-ListProbeResponse-probes-as-wt0	ascii	core-ffi-pull	decode-read	no-unknown	20	262.0	237.9	280.3	0.162	256.6	268.2
codec-nounk-U	U-nested-u-packed	U-nested-u-packed	ascii	incumbent-prod	decode-read	default	20	364.2	304.6	380.3	0.208	360.3	369.3
codec-nounk-U	U-nested-u-packed	U-nested-u-packed	ascii	armonik	decode-read	default	20	385.2	352.0	439.5	0.227	378.0	399.6
codec-nounk-U	U-nested-u-packed	U-nested-u-packed	ascii	core-native	decode-read	no-unknown	20	315.7	284.3	350.4	0.209	303.3	321.6
codec-nounk-U	U-nested-u-packed	U-nested-u-packed	ascii	core-ffi	decode-read	no-unknown	20	316.7	294.9	336.9	0.133	311.6	327.2
codec-nounk-U	U-nested-u-packed	U-nested-u-packed	ascii	core-ffi-pull	decode-read	no-unknown	20	326.7	283.3	348.6	0.200	319.5	333.2
codec-nounk-U	U-enum-value-127	U-enum-value-127	ascii	incumbent-prod	decode	default	20	84.7	76.9	90.3	0.158	83.1	86.6
codec-nounk-U	U-enum-value-127	U-enum-value-127	ascii	armonik	decode	default	20	127.7	113.9	136.6	0.178	125.1	129.5
codec-nounk-U	U-enum-value-127	U-enum-value-127	ascii	core-native	decode	no-unknown	20	108.9	103.4	119.4	0.146	107.3	110.6
codec-nounk-U	U-enum-value-127	U-enum-value-127	ascii	core-ffi	decode	no-unknown	20	124.3	103.4	137.3	0.273	123.4	126.6
codec-nounk-U	U-enum-value-127	U-enum-value-127	ascii	core-ffi-pull	decode	no-unknown	20	132.5	114.2	143.1	0.219	130.1	134.1
codec-nounk-U	U-element-u-varint	U-element-u-varint	ascii	incumbent-prod	encode	default	20	1596.5	1400.8	1704.8	0.190	1519.4	1624.1
codec-nounk-U	U-element-u-varint	U-element-u-varint	ascii	armonik	encode	default	20	1571.5	1375.5	1628.1	0.161	1515.9	1612.0
codec-nounk-U	U-element-u-varint	U-element-u-varint	ascii	core-native	encode	no-unknown	20	295.4	252.1	325.7	0.249	274.6	302.0
codec-nounk-U	U-element-u-varint	U-element-u-varint	ascii	core-ffi	encode	no-unknown	20	516.8	470.1	571.2	0.196	496.4	528.5
codec-nounk-U	U-enum-value-127	U-enum-value-127	ascii	incumbent-prod	encode	default	20	57.5	54.6	71.3	0.291	56.7	60.3
codec-nounk-U	U-enum-value-127	U-enum-value-127	ascii	armonik	encode	default	20	60.6	59.2	85.6	0.436	59.7	64.1
codec-nounk-U	U-enum-value-127	U-enum-value-127	ascii	core-native	encode	no-unknown	20	16.0	15.3	20.2	0.306	15.6	17.1
codec-nounk-U	U-enum-value-127	U-enum-value-127	ascii	core-ffi	encode	no-unknown	20	32.6	31.6	43.9	0.377	32.1	33.4
codec-nounk-U	U-root-u-fixed32	U-root-u-fixed32	ascii	incumbent-prod	decode-read	default	20	650.5	623.7	784.4	0.247	637.7	660.3
codec-nounk-U	U-root-u-fixed32	U-root-u-fixed32	ascii	armonik	decode-read	default	20	679.2	661.3	716.3	0.081	674.7	692.6
codec-nounk-U	U-root-u-fixed32	U-root-u-fixed32	ascii	core-native	decode-read	no-unknown	20	564.8	555.8	584.4	0.051	562.7	569.2
codec-nounk-U	U-root-u-fixed32	U-root-u-fixed32	ascii	core-ffi	decode-read	no-unknown	20	545.8	528.5	615.6	0.160	535.3	556.0
codec-nounk-U	U-root-u-fixed32	U-root-u-fixed32	ascii	core-ffi-pull	decode-read	no-unknown	20	558.5	545.4	595.6	0.090	553.7	566.8
codec-nounk-U	U-nested-all	U-nested-all	ascii	incumbent-prod	decode-read	default	20	389.8	377.6	420.6	0.110	386.9	396.7
codec-nounk-U	U-nested-all	U-nested-all	ascii	armonik	decode-read	default	20	399.8	389.9	411.9	0.055	397.8	404.7
codec-nounk-U	U-nested-all	U-nested-all	ascii	core-native	decode-read	no-unknown	20	305.0	297.8	312.8	0.049	302.2	307.8
codec-nounk-U	U-nested-all	U-nested-all	ascii	core-ffi	decode-read	no-unknown	20	303.7	296.2	312.8	0.054	300.3	305.9
codec-nounk-U	U-nested-all	U-nested-all	ascii	core-ffi-pull	decode-read	no-unknown	20	309.9	306.5	315.9	0.030	307.8	313.4
codec-nounk-U	U-leaf-u-fixed32	U-leaf-u-fixed32	ascii	incumbent-prod	decode	default	20	303.7	297.8	360.6	0.207	300.5	306.8
codec-nounk-U	U-leaf-u-fixed32	U-leaf-u-fixed32	ascii	armonik	decode	default	20	314.1	293.1	324.0	0.098	308.9	316.9
codec-nounk-U	U-leaf-u-fixed32	U-leaf-u-fixed32	ascii	core-native	decode	no-unknown	20	258.1	251.4	273.4	0.085	256.4	260.7
codec-nounk-U	U-leaf-u-fixed32	U-leaf-u-fixed32	ascii	core-ffi	decode	no-unknown	20	258.2	250.6	262.9	0.048	255.5	259.6
codec-nounk-U	U-leaf-u-fixed32	U-leaf-u-fixed32	ascii	core-ffi-pull	decode	no-unknown	20	262.7	254.1	275.6	0.082	260.4	268.0
codec-nounk-U	U-wire-ListMetricsResponse-batches-as-wt5	U-wire-ListMetricsResponse-batches-as-wt5	ascii	core-native	decode-read	no-unknown	20	1859.8	1762.6	1953.0	0.102	1824.4	1903.6
codec-nounk-U	U-wire-ListMetricsResponse-batches-as-wt5	U-wire-ListMetricsResponse-batches-as-wt5	ascii	core-ffi	decode-read	no-unknown	20	1610.0	1522.4	1731.4	0.130	1585.5	1666.7
codec-nounk-U	U-wire-ListMetricsResponse-batches-as-wt5	U-wire-ListMetricsResponse-batches-as-wt5	ascii	core-ffi-pull	decode-read	no-unknown	20	1496.2	1448.1	1586.3	0.092	1466.1	1533.7
codec-nounk-U	U-element-u-len	U-element-u-len	ascii	incumbent-prod	decode	default	20	2128.3	2077.6	2238.2	0.075	2114.4	2158.7
codec-nounk-U	U-element-u-len	U-element-u-len	ascii	armonik	decode	default	20	2082.8	2020.6	2110.9	0.043	2056.4	2093.6
codec-nounk-U	U-element-u-len	U-element-u-len	ascii	core-native	decode	no-unknown	20	1653.7	1611.8	1732.9	0.073	1644.2	1673.2
codec-nounk-U	U-element-u-len	U-element-u-len	ascii	core-ffi	decode	no-unknown	20	1972.0	1887.7	2032.5	0.073	1942.5	1982.4
codec-nounk-U	U-element-u-len	U-element-u-len	ascii	core-ffi-pull	decode	no-unknown	20	1956.4	1909.8	1997.0	0.045	1940.7	1981.8
codec-nounk-U	U-oneof-u-repeated	U-oneof-u-repeated	ascii	incumbent-prod	decode	default	20	109.3	108.0	111.3	0.031	108.8	109.8
codec-nounk-U	U-oneof-u-repeated	U-oneof-u-repeated	ascii	armonik	decode	default	20	113.8	112.3	118.7	0.056	112.9	115.3
codec-nounk-U	U-oneof-u-repeated	U-oneof-u-repeated	ascii	core-native	decode	no-unknown	20	76.3	75.0	77.4	0.032	75.7	76.7
codec-nounk-U	U-oneof-u-repeated	U-oneof-u-repeated	ascii	core-ffi	decode	no-unknown	20	84.0	83.4	86.0	0.031	83.8	84.3
codec-nounk-U	U-oneof-u-repeated	U-oneof-u-repeated	ascii	core-ffi-pull	decode	no-unknown	20	91.5	90.6	94.1	0.038	91.2	91.9
codec-nounk-U	U-element-u-repeated	U-element-u-repeated	ascii	incumbent-prod	decode-read	default	20	1581.5	1498.6	1847.0	0.220	1514.0	1701.6
codec-nounk-U	U-element-u-repeated	U-element-u-repeated	ascii	armonik	decode-read	default	20	1613.1	1460.8	1779.8	0.198	1510.1	1724.3
codec-nounk-U	U-element-u-repeated	U-element-u-repeated	ascii	core-native	decode-read	no-unknown	20	1288.1	1150.6	1364.6	0.166	1184.1	1337.9
codec-nounk-U	U-element-u-repeated	U-element-u-repeated	ascii	core-ffi	decode-read	no-unknown	20	1680.0	1546.4	1889.3	0.204	1618.9	1796.6
codec-nounk-U	U-element-u-repeated	U-element-u-repeated	ascii	core-ffi-pull	decode-read	no-unknown	20	1696.9	1571.2	1823.7	0.149	1588.0	1789.2
codec-nounk-U	U-element-u-msg	U-element-u-msg	ascii	incumbent-prod	decode-read	default	20	1781.9	1697.3	1929.0	0.130	1759.9	1800.6
codec-nounk-U	U-element-u-msg	U-element-u-msg	ascii	armonik	decode-read	default	20	1765.9	1671.8	1863.2	0.108	1738.8	1783.5
codec-nounk-U	U-element-u-msg	U-element-u-msg	ascii	core-native	decode-read	no-unknown	20	1419.8	1356.8	1495.1	0.097	1403.9	1429.7
codec-nounk-U	U-element-u-msg	U-element-u-msg	ascii	core-ffi	decode-read	no-unknown	20	1634.6	1547.8	1710.1	0.099	1612.2	1653.6
codec-nounk-U	U-element-u-msg	U-element-u-msg	ascii	core-ffi-pull	decode-read	no-unknown	20	1653.8	1594.7	1724.6	0.079	1641.7	1686.4
codec-nounk-U	U-nested-before	U-nested-before	ascii	incumbent-prod	decode-read	default	20	369.9	295.8	402.8	0.289	324.7	390.0
codec-nounk-U	U-nested-before	U-nested-before	ascii	armonik	decode-read	default	20	398.3	308.5	420.8	0.282	332.0	407.7
codec-nounk-U	U-nested-before	U-nested-before	ascii	core-native	decode-read	no-unknown	20	303.7	237.8	332.9	0.313	250.8	310.1
codec-nounk-U	U-nested-before	U-nested-before	ascii	core-ffi	decode-read	no-unknown	20	309.8	242.8	345.2	0.331	261.8	318.0
codec-nounk-U	U-nested-before	U-nested-before	ascii	core-ffi-pull	decode-read	no-unknown	20	310.7	247.6	338.9	0.294	264.9	321.6
codec-nounk-U	U-wire-ListTasksDetailedResponse-page-as-wt2	U-wire-ListTasksDetailedResponse-page-as-wt2	ascii	core-native	decode	no-unknown	20	3582.6	3467.7	4060.8	0.166	3528.1	3651.3
codec-nounk-U	U-wire-ListTasksDetailedResponse-page-as-wt2	U-wire-ListTasksDetailedResponse-page-as-wt2	ascii	core-ffi	decode	no-unknown	20	4100.3	4037.0	5330.6	0.315	4075.9	4216.5
codec-nounk-U	U-wire-ListTasksDetailedResponse-page-as-wt2	U-wire-ListTasksDetailedResponse-page-as-wt2	ascii	core-ffi-pull	decode	no-unknown	20	4132.4	3957.3	4704.5	0.181	4023.0	4182.9
codec-nounk-U	U-root-group	U-root-group	ascii	incumbent-prod	decode-read	default	20	671.7	657.7	812.1	0.230	670.4	679.5
codec-nounk-U	U-root-group	U-root-group	ascii	armonik	decode-read	default	20	722.4	697.4	979.0	0.390	714.4	738.2
codec-nounk-U	U-root-group	U-root-group	ascii	core-native	decode-read	no-unknown	20	561.7	548.9	582.3	0.059	558.0	567.5
codec-nounk-U	U-root-group	U-root-group	ascii	core-ffi	decode-read	no-unknown	20	549.8	539.0	597.1	0.106	547.2	553.9
codec-nounk-U	U-root-group	U-root-group	ascii	core-ffi-pull	decode-read	no-unknown	20	567.3	553.5	591.5	0.067	562.4	579.1
codec-nounk-U	U-wire-ListTaskSummaryResponse-tasks-as-wt1	U-wire-ListTaskSummaryResponse-tasks-as-wt1	ascii	core-native	decode	no-unknown	20	1790.5	1697.9	1859.1	0.090	1776.2	1810.6
codec-nounk-U	U-wire-ListTaskSummaryResponse-tasks-as-wt1	U-wire-ListTaskSummaryResponse-tasks-as-wt1	ascii	core-ffi	decode	no-unknown	20	1818.6	1770.1	1967.3	0.108	1805.4	1847.3
codec-nounk-U	U-wire-ListTaskSummaryResponse-tasks-as-wt1	U-wire-ListTaskSummaryResponse-tasks-as-wt1	ascii	core-ffi-pull	decode	no-unknown	20	1959.1	1882.7	2074.6	0.098	1924.8	1990.6
codec-nounk-U	U-wire-ListTasksDetailedResponse-page-as-wt1	U-wire-ListTasksDetailedResponse-page-as-wt1	ascii	core-native	decode	no-unknown	20	3307.0	3114.2	3430.9	0.096	3262.7	3364.4
codec-nounk-U	U-wire-ListTasksDetailedResponse-page-as-wt1	U-wire-ListTasksDetailedResponse-page-as-wt1	ascii	core-ffi	decode	no-unknown	20	4166.6	3896.5	4474.6	0.139	4117.7	4230.2
codec-nounk-U	U-wire-ListTasksDetailedResponse-page-as-wt1	U-wire-ListTasksDetailedResponse-page-as-wt1	ascii	core-ffi-pull	decode	no-unknown	20	4167.1	3894.4	4601.8	0.170	4117.3	4315.5
codec-nounk-U	U-wire-ListTasksDetailedResponse-page-as-wt5	U-wire-ListTasksDetailedResponse-page-as-wt5	ascii	core-native	decode-read	no-unknown	20	3441.5	3361.7	3670.9	0.090	3398.6	3485.6
codec-nounk-U	U-wire-ListTasksDetailedResponse-page-as-wt5	U-wire-ListTasksDetailedResponse-page-as-wt5	ascii	core-ffi	decode-read	no-unknown	20	4386.6	4108.6	4794.1	0.156	4320.6	4416.8
codec-nounk-U	U-wire-ListTasksDetailedResponse-page-as-wt5	U-wire-ListTasksDetailedResponse-page-as-wt5	ascii	core-ffi-pull	decode-read	no-unknown	20	4386.5	4151.2	4548.6	0.091	4313.3	4431.1
codec-nounk-U	U-wire-ListTasksDetailedResponse-page-as-wt1	U-wire-ListTasksDetailedResponse-page-as-wt1	ascii	core-native	encode	no-unknown	20	575.1	561.3	606.4	0.078	567.6	583.2
codec-nounk-U	U-wire-ListTasksDetailedResponse-page-as-wt1	U-wire-ListTasksDetailedResponse-page-as-wt1	ascii	core-ffi	encode	no-unknown	20	934.7	905.0	961.4	0.060	919.2	944.9
codec-nounk-U	U-wire-UploadResultDataMessage-upload-as-wt1	U-wire-UploadResultDataMessage-upload-as-wt1	ascii	core-native	encode	no-unknown	20	17.3	16.7	20.6	0.225	17.1	18.5
codec-nounk-U	U-wire-UploadResultDataMessage-upload-as-wt1	U-wire-UploadResultDataMessage-upload-as-wt1	ascii	core-ffi	encode	no-unknown	20	29.2	27.6	30.8	0.108	28.4	29.8
codec-nounk-U	U-root-interleaved	U-root-interleaved	ascii	incumbent-prod	encode	default	20	629.4	607.5	742.8	0.215	621.9	643.0
codec-nounk-U	U-root-interleaved	U-root-interleaved	ascii	armonik	encode	default	20	643.3	627.9	667.0	0.061	637.6	652.4
codec-nounk-U	U-root-interleaved	U-root-interleaved	ascii	core-native	encode	no-unknown	20	97.8	94.8	103.6	0.090	97.6	98.5
codec-nounk-U	U-root-interleaved	U-root-interleaved	ascii	core-ffi	encode	no-unknown	20	156.0	149.6	164.2	0.093	154.4	158.5
codec-nounk-U	U-root-u-fixed32	U-root-u-fixed32	ascii	incumbent-prod	decode	default	20	613.2	597.6	654.3	0.092	607.9	625.8
codec-nounk-U	U-root-u-fixed32	U-root-u-fixed32	ascii	armonik	decode	default	20	650.4	620.9	708.7	0.135	640.6	665.0
codec-nounk-U	U-root-u-fixed32	U-root-u-fixed32	ascii	core-native	decode	no-unknown	20	517.8	511.3	574.9	0.123	513.3	526.5
codec-nounk-U	U-root-u-fixed32	U-root-u-fixed32	ascii	core-ffi	decode	no-unknown	20	504.7	486.4	533.1	0.092	499.3	510.4
codec-nounk-U	U-root-u-fixed32	U-root-u-fixed32	ascii	core-ffi-pull	decode	no-unknown	20	516.4	495.0	564.5	0.135	515.3	525.1
codec-nounk-U	U-element-u-fixed64	U-element-u-fixed64	ascii	incumbent-prod	encode	default	20	1352.8	1313.7	1397.6	0.062	1335.4	1361.9
codec-nounk-U	U-element-u-fixed64	U-element-u-fixed64	ascii	armonik	encode	default	20	1345.8	1305.4	1371.9	0.049	1337.6	1351.4
codec-nounk-U	U-element-u-fixed64	U-element-u-fixed64	ascii	core-native	encode	no-unknown	20	247.9	241.2	256.9	0.063	246.7	248.5
codec-nounk-U	U-element-u-fixed64	U-element-u-fixed64	ascii	core-ffi	encode	no-unknown	20	433.4	420.7	451.7	0.071	425.4	438.5
codec-nounk-U	U-element-u-varint	U-element-u-varint	ascii	incumbent-prod	decode-read	default	20	2188.4	2145.1	3464.1	0.603	2169.8	2373.8
codec-nounk-U	U-element-u-varint	U-element-u-varint	ascii	armonik	decode-read	default	20	2182.1	2123.5	3203.5	0.495	2155.0	2200.0
codec-nounk-U	U-element-u-varint	U-element-u-varint	ascii	core-native	decode-read	no-unknown	20	1731.7	1698.6	2605.5	0.524	1725.6	1930.8
codec-nounk-U	U-element-u-varint	U-element-u-varint	ascii	core-ffi	decode-read	no-unknown	20	2004.4	1942.5	2989.1	0.522	1990.2	2182.0
codec-nounk-U	U-element-u-varint	U-element-u-varint	ascii	core-ffi-pull	decode-read	no-unknown	20	2024.1	1974.9	3753.2	0.879	2002.4	2275.7
codec-nounk-U	U-element-u-msg	U-element-u-msg	ascii	incumbent-prod	decode	default	20	2128.1	2086.8	2264.9	0.084	2108.2	2154.4
codec-nounk-U	U-element-u-msg	U-element-u-msg	ascii	armonik	decode	default	20	2073.2	2039.1	2183.9	0.070	2059.5	2101.2
codec-nounk-U	U-element-u-msg	U-element-u-msg	ascii	core-native	decode	no-unknown	20	1658.1	1629.8	1714.8	0.051	1642.3	1683.9
codec-nounk-U	U-element-u-msg	U-element-u-msg	ascii	core-ffi	decode	no-unknown	20	1926.4	1889.3	2120.0	0.120	1917.5	1948.7
codec-nounk-U	U-element-u-msg	U-element-u-msg	ascii	core-ffi-pull	decode	no-unknown	20	1940.5	1912.3	1970.3	0.030	1923.1	1956.5
codec-nounk-U	U-oneof-u-packed	U-oneof-u-packed	ascii	incumbent-prod	decode	default	20	131.9	128.7	154.1	0.192	130.1	136.7
codec-nounk-U	U-oneof-u-packed	U-oneof-u-packed	ascii	armonik	decode	default	20	134.6	132.5	145.4	0.095	133.8	136.9
codec-nounk-U	U-oneof-u-packed	U-oneof-u-packed	ascii	core-native	decode	no-unknown	20	94.6	91.0	100.2	0.097	93.3	96.6
codec-nounk-U	U-oneof-u-packed	U-oneof-u-packed	ascii	core-ffi	decode	no-unknown	20	104.5	101.0	115.3	0.137	102.7	107.5
codec-nounk-U	U-oneof-u-packed	U-oneof-u-packed	ascii	core-ffi-pull	decode	no-unknown	20	114.3	108.6	137.3	0.250	112.7	117.6
codec-nounk-U	U-root-u-packed	U-root-u-packed	ascii	incumbent-prod	decode-read	default	20	645.7	628.2	681.0	0.082	638.7	657.5
codec-nounk-U	U-root-u-packed	U-root-u-packed	ascii	armonik	decode-read	default	20	686.2	666.5	746.1	0.116	683.2	689.5
codec-nounk-U	U-root-u-packed	U-root-u-packed	ascii	core-native	decode-read	no-unknown	20	562.1	549.6	585.3	0.063	559.5	564.1
codec-nounk-U	U-root-u-packed	U-root-u-packed	ascii	core-ffi	decode-read	no-unknown	20	537.5	528.0	576.5	0.090	532.5	547.0
codec-nounk-U	U-root-u-packed	U-root-u-packed	ascii	core-ffi-pull	decode-read	no-unknown	20	554.6	541.0	577.5	0.066	549.8	559.8
codec-nounk-U	U-leaf-u-len	U-leaf-u-len	ascii	incumbent-prod	encode	default	20	270.6	219.3	312.6	0.345	268.8	274.0
codec-nounk-U	U-leaf-u-len	U-leaf-u-len	ascii	armonik	encode	default	20	277.7	227.6	306.6	0.284	276.6	280.0
codec-nounk-U	U-leaf-u-len	U-leaf-u-len	ascii	core-native	encode	no-unknown	20	46.1	38.4	49.9	0.251	44.7	46.8
codec-nounk-U	U-leaf-u-len	U-leaf-u-len	ascii	core-ffi	encode	no-unknown	20	83.2	64.6	100.4	0.430	82.1	85.4
codec-nounk-U	U-wire-ListResultsResponse-page-as-wt1	U-wire-ListResultsResponse-page-as-wt1	ascii	core-native	encode	no-unknown	20	98.0	96.0	112.4	0.167	97.2	101.0
codec-nounk-U	U-wire-ListResultsResponse-page-as-wt1	U-wire-ListResultsResponse-page-as-wt1	ascii	core-ffi	encode	no-unknown	20	156.1	150.1	167.8	0.114	152.8	158.0
codec-nounk-U	U-root-all	U-root-all	ascii	incumbent-prod	decode	default	20	692.0	533.5	748.9	0.311	556.9	707.8
codec-nounk-U	U-root-all	U-root-all	ascii	armonik	decode	default	20	721.8	551.2	783.1	0.321	583.5	734.6
codec-nounk-U	U-root-all	U-root-all	ascii	core-native	decode	no-unknown	20	548.0	428.1	570.8	0.260	438.2	553.6
codec-nounk-U	U-root-all	U-root-all	ascii	core-ffi	decode	no-unknown	20	540.8	417.6	589.5	0.318	435.5	548.4
codec-nounk-U	U-root-all	U-root-all	ascii	core-ffi-pull	decode	no-unknown	20	551.2	428.1	573.4	0.264	450.5	559.0
codec-nounk-U	U-enum-value-packed	U-enum-value-packed	ascii	incumbent-prod	encode	default	20	91.9	81.1	99.3	0.197	88.8	93.6
codec-nounk-U	U-enum-value-packed	U-enum-value-packed	ascii	armonik	encode	default	20	136.8	123.2	142.0	0.137	127.8	139.9
codec-nounk-U	U-enum-value-packed	U-enum-value-packed	ascii	core-native	encode	no-unknown	20	22.0	19.2	22.6	0.155	20.4	22.2
codec-nounk-U	U-enum-value-packed	U-enum-value-packed	ascii	core-ffi	encode	no-unknown	20	61.3	55.6	62.5	0.113	59.5	61.9
codec-nounk-U	U-nested-u-fixed64	U-nested-u-fixed64	ascii	incumbent-prod	decode-read	default	20	305.4	236.9	345.6	0.356	254.4	312.2
codec-nounk-U	U-nested-u-fixed64	U-nested-u-fixed64	ascii	armonik	decode-read	default	20	312.3	245.6	363.7	0.378	262.5	318.9
codec-nounk-U	U-nested-u-fixed64	U-nested-u-fixed64	ascii	core-native	decode-read	no-unknown	20	266.4	212.8	300.5	0.329	220.7	268.7
codec-nounk-U	U-nested-u-fixed64	U-nested-u-fixed64	ascii	core-ffi	decode-read	no-unknown	20	261.8	207.7	285.7	0.298	218.6	265.9
codec-nounk-U	U-nested-u-fixed64	U-nested-u-fixed64	ascii	core-ffi-pull	decode-read	no-unknown	20	267.2	213.0	309.3	0.360	232.9	270.9
codec-nounk-U	U-wire-ListTaskSummaryResponse-tasks-as-wt5	U-wire-ListTaskSummaryResponse-tasks-as-wt5	ascii	core-native	encode	no-unknown	20	234.7	229.7	246.5	0.072	232.0	236.3
codec-nounk-U	U-wire-ListTaskSummaryResponse-tasks-as-wt5	U-wire-ListTaskSummaryResponse-tasks-as-wt5	ascii	core-ffi	encode	no-unknown	20	381.3	369.9	409.7	0.104	375.2	397.8
codec-nounk-U	U-enum-value-127	U-enum-value-127	ascii	incumbent-prod	decode-read	default	20	79.3	78.2	84.7	0.082	78.5	80.0
codec-nounk-U	U-enum-value-127	U-enum-value-127	ascii	armonik	decode-read	default	20	108.2	105.9	121.8	0.147	107.1	110.0
codec-nounk-U	U-enum-value-127	U-enum-value-127	ascii	core-native	decode-read	no-unknown	20	94.8	92.9	103.2	0.109	93.7	96.6
codec-nounk-U	U-enum-value-127	U-enum-value-127	ascii	core-ffi	decode-read	no-unknown	20	110.9	108.4	113.8	0.048	109.8	112.3
codec-nounk-U	U-enum-value-127	U-enum-value-127	ascii	core-ffi-pull	decode-read	no-unknown	20	115.4	113.5	122.4	0.077	114.6	117.5
codec-nounk-U	U-wire-UploadResultDataMessage-upload-as-wt5	U-wire-UploadResultDataMessage-upload-as-wt5	ascii	core-native	decode-read	no-unknown	20	98.4	96.9	102.2	0.054	97.8	98.9
codec-nounk-U	U-wire-UploadResultDataMessage-upload-as-wt5	U-wire-UploadResultDataMessage-upload-as-wt5	ascii	core-ffi	decode-read	no-unknown	20	94.1	93.2	97.1	0.041	93.6	94.6
codec-nounk-U	U-wire-UploadResultDataMessage-upload-as-wt5	U-wire-UploadResultDataMessage-upload-as-wt5	ascii	core-ffi-pull	decode-read	no-unknown	20	100.8	99.8	102.8	0.031	100.6	101.2
codec-nounk-U	U-leaf-u-packed	U-leaf-u-packed	ascii	incumbent-prod	decode	default	20	301.1	289.2	315.8	0.088	293.9	308.8
codec-nounk-U	U-leaf-u-packed	U-leaf-u-packed	ascii	armonik	decode	default	20	310.8	295.5	335.6	0.129	305.9	317.6
codec-nounk-U	U-leaf-u-packed	U-leaf-u-packed	ascii	core-native	decode	no-unknown	20	255.5	249.1	270.7	0.084	254.4	262.9
codec-nounk-U	U-leaf-u-packed	U-leaf-u-packed	ascii	core-ffi	decode	no-unknown	20	260.9	247.1	273.0	0.099	253.9	267.6
codec-nounk-U	U-leaf-u-packed	U-leaf-u-packed	ascii	core-ffi-pull	decode	no-unknown	20	262.9	252.4	272.6	0.077	259.9	267.7
codec-nounk-U	U-deep-u-fixed64	U-deep-u-fixed64	ascii	incumbent-prod	decode	default	20	2050.7	2014.2	2126.8	0.055	2024.2	2072.7
codec-nounk-U	U-deep-u-fixed64	U-deep-u-fixed64	ascii	armonik	decode	default	20	1994.6	1779.6	2059.3	0.140	1793.7	2023.8
codec-nounk-U	U-deep-u-fixed64	U-deep-u-fixed64	ascii	core-native	decode	no-unknown	20	1572.5	1371.9	1654.3	0.180	1395.4	1593.0
codec-nounk-U	U-deep-u-fixed64	U-deep-u-fixed64	ascii	core-ffi	decode	no-unknown	20	1854.5	1812.4	2033.2	0.119	1834.7	1890.6
codec-nounk-U	U-deep-u-fixed64	U-deep-u-fixed64	ascii	core-ffi-pull	decode	no-unknown	20	1875.8	1802.9	1954.4	0.081	1833.5	1904.6
codec-nounk-U	U-nested-interleaved	U-nested-interleaved	ascii	incumbent-prod	encode	default	20	268.7	264.2	277.7	0.050	267.1	271.4
codec-nounk-U	U-nested-interleaved	U-nested-interleaved	ascii	armonik	encode	default	20	277.2	274.7	280.8	0.022	275.8	278.8
codec-nounk-U	U-nested-interleaved	U-nested-interleaved	ascii	core-native	encode	no-unknown	20	45.5	43.6	47.5	0.087	45.0	46.2
codec-nounk-U	U-nested-interleaved	U-nested-interleaved	ascii	core-ffi	encode	no-unknown	20	83.2	80.1	85.6	0.066	82.0	83.9
codec-nounk-U	U-deep-u-len	U-deep-u-len	ascii	incumbent-prod	decode	default	20	2055.2	2028.1	2161.5	0.065	2042.8	2081.5
codec-nounk-U	U-deep-u-len	U-deep-u-len	ascii	armonik	decode	default	20	2038.0	1982.9	2194.0	0.104	2017.4	2047.1
codec-nounk-U	U-deep-u-len	U-deep-u-len	ascii	core-native	decode	no-unknown	20	1622.7	1586.2	1663.9	0.048	1606.2	1632.8
codec-nounk-U	U-deep-u-len	U-deep-u-len	ascii	core-ffi	decode	no-unknown	20	1886.8	1850.3	1972.2	0.065	1872.1	1906.9
codec-nounk-U	U-deep-u-len	U-deep-u-len	ascii	core-ffi-pull	decode	no-unknown	20	1899.7	1871.1	1969.5	0.052	1885.2	1921.4
codec-nounk-U	U-deep-u-len	U-deep-u-len	ascii	incumbent-prod	decode-read	default	20	2207.8	2169.3	2430.5	0.118	2196.8	2234.6
codec-nounk-U	U-deep-u-len	U-deep-u-len	ascii	armonik	decode-read	default	20	2199.2	2163.8	2303.8	0.064	2184.4	2216.4
codec-nounk-U	U-deep-u-len	U-deep-u-len	ascii	core-native	decode-read	no-unknown	20	1762.2	1730.3	1829.0	0.056	1748.5	1788.9
codec-nounk-U	U-deep-u-len	U-deep-u-len	ascii	core-ffi	decode-read	no-unknown	20	2089.8	1961.7	2458.5	0.238	2009.7	2150.5
codec-nounk-U	U-deep-u-len	U-deep-u-len	ascii	core-ffi-pull	decode-read	no-unknown	20	2055.3	2009.0	3941.6	0.940	2039.2	2077.6
codec-nounk-U	U-wire-ListResultsResponse-page-as-wt2	U-wire-ListResultsResponse-page-as-wt2	ascii	core-native	decode	no-unknown	20	524.4	514.9	541.3	0.050	521.7	529.6
codec-nounk-U	U-wire-ListResultsResponse-page-as-wt2	U-wire-ListResultsResponse-page-as-wt2	ascii	core-ffi	decode	no-unknown	20	513.0	505.4	597.1	0.179	510.7	517.4
codec-nounk-U	U-wire-ListResultsResponse-page-as-wt2	U-wire-ListResultsResponse-page-as-wt2	ascii	core-ffi-pull	decode	no-unknown	20	532.0	521.6	589.6	0.128	524.7	538.0
codec-nounk-U	U-nested-interleaved	U-nested-interleaved	ascii	incumbent-prod	decode	default	20	336.2	289.8	403.5	0.338	312.8	380.5
codec-nounk-U	U-nested-interleaved	U-nested-interleaved	ascii	armonik	decode	default	20	340.9	302.4	400.2	0.287	322.3	382.0
codec-nounk-U	U-nested-interleaved	U-nested-interleaved	ascii	core-native	decode	no-unknown	20	258.4	225.0	293.7	0.266	242.5	287.5
codec-nounk-U	U-nested-interleaved	U-nested-interleaved	ascii	core-ffi	decode	no-unknown	20	254.3	232.3	299.2	0.263	238.7	287.1
codec-nounk-U	U-nested-interleaved	U-nested-interleaved	ascii	core-ffi-pull	decode	no-unknown	20	253.0	235.2	303.4	0.269	244.7	297.0
codec-nounk-U	U-root-u-repeated	U-root-u-repeated	ascii	incumbent-prod	decode	default	20	626.0	602.6	706.9	0.167	622.0	634.3
codec-nounk-U	U-root-u-repeated	U-root-u-repeated	ascii	armonik	decode	default	20	664.4	633.7	969.0	0.505	651.0	670.7
codec-nounk-U	U-root-u-repeated	U-root-u-repeated	ascii	core-native	decode	no-unknown	20	535.7	503.3	571.3	0.127	533.4	540.7
codec-nounk-U	U-root-u-repeated	U-root-u-repeated	ascii	core-ffi	decode	no-unknown	20	505.7	486.9	539.1	0.103	495.4	509.8
codec-nounk-U	U-root-u-repeated	U-root-u-repeated	ascii	core-ffi-pull	decode	no-unknown	20	514.4	489.2	578.1	0.173	499.9	525.6
codec-nounk-U	U-leaf-u-fixed64	U-leaf-u-fixed64	ascii	incumbent-prod	encode	default	20	274.5	267.6	352.3	0.309	271.4	284.8
codec-nounk-U	U-leaf-u-fixed64	U-leaf-u-fixed64	ascii	armonik	encode	default	20	279.9	275.1	339.9	0.232	277.5	289.6
codec-nounk-U	U-leaf-u-fixed64	U-leaf-u-fixed64	ascii	core-native	encode	no-unknown	20	45.4	44.6	64.3	0.434	45.1	46.3
codec-nounk-U	U-leaf-u-fixed64	U-leaf-u-fixed64	ascii	core-ffi	encode	no-unknown	20	85.0	83.1	108.5	0.299	84.0	88.1
codec-nounk-U	U-oneof-u-fixed32	U-oneof-u-fixed32	ascii	incumbent-prod	decode	default	20	130.2	127.1	142.1	0.115	129.0	132.1
codec-nounk-U	U-oneof-u-fixed32	U-oneof-u-fixed32	ascii	armonik	decode	default	20	132.0	128.5	138.2	0.074	129.8	133.2
codec-nounk-U	U-oneof-u-fixed32	U-oneof-u-fixed32	ascii	core-native	decode	no-unknown	20	93.9	90.2	101.9	0.125	92.5	96.0
codec-nounk-U	U-oneof-u-fixed32	U-oneof-u-fixed32	ascii	core-ffi	decode	no-unknown	20	103.2	100.1	109.0	0.087	101.8	105.7
codec-nounk-U	U-oneof-u-fixed32	U-oneof-u-fixed32	ascii	core-ffi-pull	decode	no-unknown	20	115.1	108.8	120.7	0.103	111.9	116.8
codec-nounk-U	U-deep-u-fixed64	U-deep-u-fixed64	ascii	incumbent-prod	encode	default	20	1382.5	1341.6	1490.0	0.107	1362.1	1418.9
codec-nounk-U	U-deep-u-fixed64	U-deep-u-fixed64	ascii	armonik	encode	default	20	1370.4	1340.3	1466.3	0.092	1353.5	1414.2
codec-nounk-U	U-deep-u-fixed64	U-deep-u-fixed64	ascii	core-native	encode	no-unknown	20	255.0	248.9	304.2	0.217	252.6	260.7
codec-nounk-U	U-deep-u-fixed64	U-deep-u-fixed64	ascii	core-ffi	encode	no-unknown	20	443.8	425.4	472.7	0.107	436.8	449.1
codec-nounk-U	U-leaf-all	U-leaf-all	ascii	incumbent-prod	decode	default	20	479.0	469.4	497.0	0.058	473.0	482.6
codec-nounk-U	U-leaf-all	U-leaf-all	ascii	armonik	decode	default	20	497.4	486.1	531.1	0.090	492.0	505.5
codec-nounk-U	U-leaf-all	U-leaf-all	ascii	core-native	decode	no-unknown	20	315.3	310.9	346.6	0.113	313.7	321.6
codec-nounk-U	U-leaf-all	U-leaf-all	ascii	core-ffi	decode	no-unknown	20	320.8	317.6	330.4	0.040	319.5	324.0
codec-nounk-U	U-leaf-all	U-leaf-all	ascii	core-ffi-pull	decode	no-unknown	20	326.1	317.8	340.7	0.070	323.3	328.1
codec-nounk-U	U-leaf-u-varint	U-leaf-u-varint	ascii	incumbent-prod	decode	default	20	320.5	312.2	339.9	0.086	318.9	322.7
codec-nounk-U	U-leaf-u-varint	U-leaf-u-varint	ascii	armonik	decode	default	20	331.6	326.0	397.6	0.216	329.4	335.7
codec-nounk-U	U-leaf-u-varint	U-leaf-u-varint	ascii	core-native	decode	no-unknown	20	263.4	260.2	269.8	0.036	262.0	264.5
codec-nounk-U	U-leaf-u-varint	U-leaf-u-varint	ascii	core-ffi	decode	no-unknown	20	263.2	259.6	266.8	0.027	262.3	264.3
codec-nounk-U	U-leaf-u-varint	U-leaf-u-varint	ascii	core-ffi-pull	decode	no-unknown	20	268.3	266.2	275.9	0.036	267.3	269.7
codec-nounk-U	U-deep-u-packed	U-deep-u-packed	ascii	incumbent-prod	decode-read	default	20	2153.1	2126.2	2256.4	0.060	2133.6	2166.5
codec-nounk-U	U-deep-u-packed	U-deep-u-packed	ascii	armonik	decode-read	default	20	2151.6	2091.2	2230.1	0.065	2136.1	2160.0
codec-nounk-U	U-deep-u-packed	U-deep-u-packed	ascii	core-native	decode-read	no-unknown	20	1722.8	1694.3	1768.1	0.043	1716.9	1733.4
codec-nounk-U	U-deep-u-packed	U-deep-u-packed	ascii	core-ffi	decode-read	no-unknown	20	1992.2	1958.1	2094.0	0.068	1987.8	2003.3
codec-nounk-U	U-deep-u-packed	U-deep-u-packed	ascii	core-ffi-pull	decode-read	no-unknown	20	2014.9	1984.5	2067.4	0.041	2005.2	2022.8
codec-nounk-U	U-deep-u-varint	U-deep-u-varint	ascii	incumbent-prod	decode-read	default	20	2167.3	2133.8	2332.5	0.092	2154.3	2212.3
codec-nounk-U	U-deep-u-varint	U-deep-u-varint	ascii	armonik	decode-read	default	20	2175.8	2122.1	2290.8	0.078	2137.1	2205.0
codec-nounk-U	U-deep-u-varint	U-deep-u-varint	ascii	core-native	decode-read	no-unknown	20	1726.4	1698.4	2553.2	0.495	1709.0	1733.0
codec-nounk-U	U-deep-u-varint	U-deep-u-varint	ascii	core-ffi	decode-read	no-unknown	20	2001.1	1960.4	2058.8	0.049	1992.2	2016.4
codec-nounk-U	U-deep-u-varint	U-deep-u-varint	ascii	core-ffi-pull	decode-read	no-unknown	20	2021.9	1986.7	2311.6	0.161	2011.6	2041.0
codec-nounk-U	U-wire-ListMetricsResponse-batches-as-wt0	U-wire-ListMetricsResponse-batches-as-wt0	ascii	core-native	decode	no-unknown	20	1689.5	1584.0	1813.8	0.136	1621.1	1719.0
codec-nounk-U	U-wire-ListMetricsResponse-batches-as-wt0	U-wire-ListMetricsResponse-batches-as-wt0	ascii	core-ffi	decode	no-unknown	20	1446.3	1370.1	1565.3	0.135	1407.0	1468.3
codec-nounk-U	U-wire-ListMetricsResponse-batches-as-wt0	U-wire-ListMetricsResponse-batches-as-wt0	ascii	core-ffi-pull	decode	no-unknown	20	1337.8	1285.8	1493.8	0.156	1305.4	1366.7
codec-nounk-U	U-leaf-u-msg	U-leaf-u-msg	ascii	incumbent-prod	decode	default	20	309.9	304.7	328.1	0.075	307.6	313.5
codec-nounk-U	U-leaf-u-msg	U-leaf-u-msg	ascii	armonik	decode	default	20	317.8	311.4	370.2	0.185	315.6	322.6
codec-nounk-U	U-leaf-u-msg	U-leaf-u-msg	ascii	core-native	decode	no-unknown	20	255.8	250.3	332.5	0.321	253.6	259.1
codec-nounk-U	U-leaf-u-msg	U-leaf-u-msg	ascii	core-ffi	decode	no-unknown	20	259.3	251.7	377.1	0.484	255.9	263.1
codec-nounk-U	U-leaf-u-msg	U-leaf-u-msg	ascii	core-ffi-pull	decode	no-unknown	20	260.2	253.4	301.9	0.186	258.8	262.9
codec-nounk-U	U-wire-DualResponse-left-as-wt5	U-wire-DualResponse-left-as-wt5	ascii	core-native	decode	no-unknown	20	172.9	169.3	177.3	0.046	171.5	174.4
codec-nounk-U	U-wire-DualResponse-left-as-wt5	U-wire-DualResponse-left-as-wt5	ascii	core-ffi	decode	no-unknown	20	215.2	213.3	217.0	0.017	214.7	216.1
codec-nounk-U	U-wire-DualResponse-left-as-wt5	U-wire-DualResponse-left-as-wt5	ascii	core-ffi-pull	decode	no-unknown	20	228.2	226.0	232.7	0.029	227.8	229.0
codec-nounk-U	U-deep-u-msg	U-deep-u-msg	ascii	incumbent-prod	decode	default	20	2055.9	2019.6	2129.3	0.053	2043.0	2067.8
codec-nounk-U	U-deep-u-msg	U-deep-u-msg	ascii	armonik	decode	default	20	2028.3	1981.5	2090.4	0.054	2007.4	2040.4
codec-nounk-U	U-deep-u-msg	U-deep-u-msg	ascii	core-native	decode	no-unknown	20	1621.0	1603.2	1635.9	0.020	1613.4	1632.8
codec-nounk-U	U-deep-u-msg	U-deep-u-msg	ascii	core-ffi	decode	no-unknown	20	1878.4	1854.1	1919.2	0.035	1865.3	1890.7
codec-nounk-U	U-deep-u-msg	U-deep-u-msg	ascii	core-ffi-pull	decode	no-unknown	20	1904.0	1870.9	1957.3	0.045	1893.2	1928.3
codec-nounk-U	U-wire-ListProbeResponse-probes-as-wt1	U-wire-ListProbeResponse-probes-as-wt1	ascii	core-native	decode	no-unknown	20	196.3	193.7	205.3	0.059	195.7	196.9
codec-nounk-U	U-wire-ListProbeResponse-probes-as-wt1	U-wire-ListProbeResponse-probes-as-wt1	ascii	core-ffi	decode	no-unknown	20	203.5	200.9	211.8	0.054	202.3	205.0
codec-nounk-U	U-wire-ListProbeResponse-probes-as-wt1	U-wire-ListProbeResponse-probes-as-wt1	ascii	core-ffi-pull	decode	no-unknown	20	214.2	210.5	217.3	0.032	213.0	215.2
codec-nounk-U	U-wire-ListTasksDetailedResponse-page-as-wt1	U-wire-ListTasksDetailedResponse-page-as-wt1	ascii	core-native	decode-read	no-unknown	20	2806.0	2780.2	2895.9	0.041	2788.3	2817.8
codec-nounk-U	U-wire-ListTasksDetailedResponse-page-as-wt1	U-wire-ListTasksDetailedResponse-page-as-wt1	ascii	core-ffi	decode-read	no-unknown	20	3587.0	3511.1	3681.2	0.047	3564.2	3597.4
codec-nounk-U	U-wire-ListTasksDetailedResponse-page-as-wt1	U-wire-ListTasksDetailedResponse-page-as-wt1	ascii	core-ffi-pull	decode-read	no-unknown	20	3570.3	3524.5	3658.6	0.038	3555.1	3595.7
codec-nounk-U	U-root-u-packed	U-root-u-packed	ascii	incumbent-prod	encode	default	20	619.7	580.0	637.9	0.093	604.9	624.0
codec-nounk-U	U-root-u-packed	U-root-u-packed	ascii	armonik	encode	default	20	639.3	584.0	695.0	0.174	629.2	646.4
codec-nounk-U	U-root-u-packed	U-root-u-packed	ascii	core-native	encode	no-unknown	20	97.2	89.3	99.3	0.102	92.8	98.3
codec-nounk-U	U-root-u-packed	U-root-u-packed	ascii	core-ffi	encode	no-unknown	20	152.3	139.1	156.5	0.114	150.0	153.8
codec-nounk-U	U-wire-DualResponse-left-as-wt5	U-wire-DualResponse-left-as-wt5	ascii	core-native	decode-read	no-unknown	20	177.9	172.3	185.8	0.076	173.3	180.2
codec-nounk-U	U-wire-DualResponse-left-as-wt5	U-wire-DualResponse-left-as-wt5	ascii	core-ffi	decode-read	no-unknown	20	218.6	211.8	224.3	0.057	213.9	219.7
codec-nounk-U	U-wire-DualResponse-left-as-wt5	U-wire-DualResponse-left-as-wt5	ascii	core-ffi-pull	decode-read	no-unknown	20	229.5	224.3	241.6	0.076	225.3	230.8
codec-nounk-U	U-deep-all	U-deep-all	ascii	incumbent-prod	encode	default	20	1368.5	1349.2	1477.6	0.094	1359.6	1400.9
codec-nounk-U	U-deep-all	U-deep-all	ascii	armonik	encode	default	20	1365.0	1316.2	2140.3	0.604	1354.1	1402.9
codec-nounk-U	U-deep-all	U-deep-all	ascii	core-native	encode	no-unknown	20	254.0	244.1	379.1	0.531	249.0	256.2
codec-nounk-U	U-deep-all	U-deep-all	ascii	core-ffi	encode	no-unknown	20	444.2	421.0	649.0	0.513	435.3	452.1
codec-nounk-U	U-wire-ListTasksDetailedResponse-page-as-wt2	U-wire-ListTasksDetailedResponse-page-as-wt2	ascii	core-native	encode	no-unknown	20	582.6	565.5	605.7	0.069	577.5	589.0
codec-nounk-U	U-wire-ListTasksDetailedResponse-page-as-wt2	U-wire-ListTasksDetailedResponse-page-as-wt2	ascii	core-ffi	encode	no-unknown	20	955.0	929.1	991.9	0.066	952.1	965.7
codec-nounk-U	U-wire-ListMetricsResponse-batches-as-wt1	U-wire-ListMetricsResponse-batches-as-wt1	ascii	core-native	decode	no-unknown	20	1694.9	1629.3	1828.1	0.117	1674.1	1732.8
codec-nounk-U	U-wire-ListMetricsResponse-batches-as-wt1	U-wire-ListMetricsResponse-batches-as-wt1	ascii	core-ffi	decode	no-unknown	20	1423.9	1377.8	1560.2	0.128	1400.2	1461.7
codec-nounk-U	U-wire-ListMetricsResponse-batches-as-wt1	U-wire-ListMetricsResponse-batches-as-wt1	ascii	core-ffi-pull	decode	no-unknown	20	1364.8	1277.8	1430.1	0.112	1337.4	1383.7
codec-nounk-U	U-nested-interleaved	U-nested-interleaved	ascii	incumbent-prod	decode-read	default	20	398.6	370.6	483.8	0.284	390.5	409.0
codec-nounk-U	U-nested-interleaved	U-nested-interleaved	ascii	armonik	decode-read	default	20	410.3	394.8	483.5	0.216	405.8	425.6
codec-nounk-U	U-nested-interleaved	U-nested-interleaved	ascii	core-native	decode-read	no-unknown	20	304.8	295.3	539.0	0.800	302.4	310.2
codec-nounk-U	U-nested-interleaved	U-nested-interleaved	ascii	core-ffi	decode-read	no-unknown	20	310.3	301.2	396.7	0.308	307.0	318.9
codec-nounk-U	U-nested-interleaved	U-nested-interleaved	ascii	core-ffi-pull	decode-read	no-unknown	20	313.8	306.0	344.1	0.122	308.7	321.8
codec-nounk-U	U-nested-u-fixed32	U-nested-u-fixed32	ascii	incumbent-prod	decode-read	default	20	313.8	302.0	344.9	0.137	308.5	319.5
codec-nounk-U	U-nested-u-fixed32	U-nested-u-fixed32	ascii	armonik	decode-read	default	20	329.8	314.5	348.0	0.102	321.4	333.3
codec-nounk-U	U-nested-u-fixed32	U-nested-u-fixed32	ascii	core-native	decode-read	no-unknown	20	270.3	264.7	288.2	0.087	267.4	279.0
codec-nounk-U	U-nested-u-fixed32	U-nested-u-fixed32	ascii	core-ffi	decode-read	no-unknown	20	272.7	265.1	291.7	0.098	269.3	276.2
codec-nounk-U	U-nested-u-fixed32	U-nested-u-fixed32	ascii	core-ffi-pull	decode-read	no-unknown	20	276.3	271.1	299.0	0.101	274.4	280.1
codec-nounk-U	U-wire-ListResultsResponse-results-as-wt5	U-wire-ListResultsResponse-results-as-wt5	ascii	core-native	decode-read	no-unknown	20	581.9	567.6	606.8	0.067	577.9	591.6
codec-nounk-U	U-wire-ListResultsResponse-results-as-wt5	U-wire-ListResultsResponse-results-as-wt5	ascii	core-ffi	decode-read	no-unknown	20	548.6	540.2	605.1	0.118	544.5	571.9
codec-nounk-U	U-wire-ListResultsResponse-results-as-wt5	U-wire-ListResultsResponse-results-as-wt5	ascii	core-ffi-pull	decode-read	no-unknown	20	566.3	545.1	594.1	0.087	558.5	578.5
codec-nounk-U	U-wire-ListTaskSummaryResponse-tasks-as-wt5	U-wire-ListTaskSummaryResponse-tasks-as-wt5	ascii	core-native	decode	no-unknown	20	1830.9	1743.9	2521.3	0.425	1777.1	1911.2
codec-nounk-U	U-wire-ListTaskSummaryResponse-tasks-as-wt5	U-wire-ListTaskSummaryResponse-tasks-as-wt5	ascii	core-ffi	decode	no-unknown	20	1887.4	1763.0	2369.2	0.321	1838.0	1961.7
codec-nounk-U	U-wire-ListTaskSummaryResponse-tasks-as-wt5	U-wire-ListTaskSummaryResponse-tasks-as-wt5	ascii	core-ffi-pull	decode	no-unknown	20	1981.2	1899.1	2198.1	0.151	1935.0	2031.6
codec-nounk-U	U-wire-UploadResultDataMessage-upload-as-wt0	U-wire-UploadResultDataMessage-upload-as-wt0	ascii	core-native	decode	no-unknown	20	96.4	94.9	102.0	0.073	95.9	97.9
codec-nounk-U	U-wire-UploadResultDataMessage-upload-as-wt0	U-wire-UploadResultDataMessage-upload-as-wt0	ascii	core-ffi	decode	no-unknown	20	92.8	89.4	102.4	0.141	91.2	96.3
codec-nounk-U	U-wire-UploadResultDataMessage-upload-as-wt0	U-wire-UploadResultDataMessage-upload-as-wt0	ascii	core-ffi-pull	decode	no-unknown	20	99.1	97.8	106.2	0.084	98.8	100.6
codec-nounk-U	U-oneof-u-fixed32	U-oneof-u-fixed32	ascii	incumbent-prod	decode-read	default	20	134.7	129.7	141.1	0.084	133.1	136.3
codec-nounk-U	U-oneof-u-fixed32	U-oneof-u-fixed32	ascii	armonik	decode-read	default	20	138.3	134.0	144.8	0.078	137.1	141.0
codec-nounk-U	U-oneof-u-fixed32	U-oneof-u-fixed32	ascii	core-native	decode-read	no-unknown	20	100.5	98.8	105.1	0.063	99.3	101.6
codec-nounk-U	U-oneof-u-fixed32	U-oneof-u-fixed32	ascii	core-ffi	decode-read	no-unknown	20	109.4	107.2	119.1	0.109	108.8	111.2
codec-nounk-U	U-oneof-u-fixed32	U-oneof-u-fixed32	ascii	core-ffi-pull	decode-read	no-unknown	20	120.0	118.2	126.5	0.070	119.2	120.8
codec-nounk-U	U-oneof-u-msg	U-oneof-u-msg	ascii	incumbent-prod	decode	default	20	129.7	127.5	142.5	0.115	129.0	131.3
codec-nounk-U	U-oneof-u-msg	U-oneof-u-msg	ascii	armonik	decode	default	20	133.1	130.7	144.0	0.100	132.2	134.4
codec-nounk-U	U-oneof-u-msg	U-oneof-u-msg	ascii	core-native	decode	no-unknown	20	94.8	92.6	101.9	0.097	94.0	96.5
codec-nounk-U	U-oneof-u-msg	U-oneof-u-msg	ascii	core-ffi	decode	no-unknown	20	104.0	101.6	109.5	0.075	102.9	105.0
codec-nounk-U	U-oneof-u-msg	U-oneof-u-msg	ascii	core-ffi-pull	decode	no-unknown	20	114.0	112.1	120.0	0.069	113.2	116.1
codec-nounk-U	U-oneof-u-repeated	U-oneof-u-repeated	ascii	incumbent-prod	encode	default	20	124.4	119.1	135.3	0.131	121.4	129.4
codec-nounk-U	U-oneof-u-repeated	U-oneof-u-repeated	ascii	armonik	encode	default	20	125.1	118.5	130.5	0.095	122.0	127.3
codec-nounk-U	U-oneof-u-repeated	U-oneof-u-repeated	ascii	core-native	encode	no-unknown	20	21.8	20.9	22.8	0.083	21.4	22.1
codec-nounk-U	U-oneof-u-repeated	U-oneof-u-repeated	ascii	core-ffi	encode	no-unknown	20	42.9	42.0	44.3	0.053	42.6	43.1
codec-nounk-U	U-deep-u-varint	U-deep-u-varint	ascii	incumbent-prod	encode	default	20	1391.4	1347.8	1494.4	0.105	1364.2	1404.9
codec-nounk-U	U-deep-u-varint	U-deep-u-varint	ascii	armonik	encode	default	20	1389.9	1343.8	1609.5	0.191	1377.5	1421.6
codec-nounk-U	U-deep-u-varint	U-deep-u-varint	ascii	core-native	encode	no-unknown	20	256.6	247.4	271.6	0.094	252.0	261.4
codec-nounk-U	U-deep-u-varint	U-deep-u-varint	ascii	core-ffi	encode	no-unknown	20	440.4	427.8	473.3	0.103	437.9	448.1
codec-nounk-U	U-nested-before	U-nested-before	ascii	incumbent-prod	decode	default	20	372.6	362.7	421.8	0.159	369.3	379.6
codec-nounk-U	U-nested-before	U-nested-before	ascii	armonik	decode	default	20	393.8	372.8	534.2	0.410	386.2	414.5
codec-nounk-U	U-nested-before	U-nested-before	ascii	core-native	decode	no-unknown	20	301.6	288.5	400.8	0.373	294.4	319.1
codec-nounk-U	U-nested-before	U-nested-before	ascii	core-ffi	decode	no-unknown	20	307.0	285.0	363.9	0.257	302.5	331.0
codec-nounk-U	U-nested-before	U-nested-before	ascii	core-ffi-pull	decode	no-unknown	20	310.8	300.1	389.7	0.288	305.9	326.0
codec-nounk-U	U-nested-u-fixed32	U-nested-u-fixed32	ascii	incumbent-prod	decode	default	20	296.9	287.7	317.9	0.102	292.4	301.5
codec-nounk-U	U-nested-u-fixed32	U-nested-u-fixed32	ascii	armonik	decode	default	20	301.9	286.5	328.3	0.139	290.4	308.6
codec-nounk-U	U-nested-u-fixed32	U-nested-u-fixed32	ascii	core-native	decode	no-unknown	20	254.6	235.9	262.8	0.105	241.3	257.9
codec-nounk-U	U-nested-u-fixed32	U-nested-u-fixed32	ascii	core-ffi	decode	no-unknown	20	253.2	234.0	266.8	0.129	237.1	255.9
codec-nounk-U	U-nested-u-fixed32	U-nested-u-fixed32	ascii	core-ffi-pull	decode	no-unknown	20	258.4	237.2	267.3	0.117	242.4	261.7
codec-nounk-U	U-oneof-u-len	U-oneof-u-len	ascii	incumbent-prod	decode-read	default	20	132.1	127.1	135.7	0.065	131.2	133.8
codec-nounk-U	U-oneof-u-len	U-oneof-u-len	ascii	armonik	decode-read	default	20	136.9	131.2	140.8	0.070	134.6	137.8
codec-nounk-U	U-oneof-u-len	U-oneof-u-len	ascii	core-native	decode-read	no-unknown	20	99.4	94.8	102.2	0.075	98.3	100.7
codec-nounk-U	U-oneof-u-len	U-oneof-u-len	ascii	core-ffi	decode-read	no-unknown	20	107.8	104.1	112.9	0.082	106.6	109.4
codec-nounk-U	U-oneof-u-len	U-oneof-u-len	ascii	core-ffi-pull	decode-read	no-unknown	20	118.4	113.6	125.8	0.103	117.2	120.3
codec-nounk-U	U-wire-ListTasksDetailedResponse-tasks-as-wt1	U-wire-ListTasksDetailedResponse-tasks-as-wt1	ascii	core-native	encode	no-unknown	20	586.7	566.6	598.2	0.054	580.2	591.9
codec-nounk-U	U-wire-ListTasksDetailedResponse-tasks-as-wt1	U-wire-ListTasksDetailedResponse-tasks-as-wt1	ascii	core-ffi	encode	no-unknown	20	955.7	920.2	992.5	0.076	944.2	965.8
codec-nounk-U	U-wire-ListTasksDetailedResponse-tasks-as-wt1	U-wire-ListTasksDetailedResponse-tasks-as-wt1	ascii	core-native	decode	no-unknown	20	3655.0	3484.7	3857.7	0.102	3617.8	3705.4
codec-nounk-U	U-wire-ListTasksDetailedResponse-tasks-as-wt1	U-wire-ListTasksDetailedResponse-tasks-as-wt1	ascii	core-ffi	decode	no-unknown	20	4264.2	4133.4	4540.9	0.096	4219.3	4326.3
codec-nounk-U	U-wire-ListTasksDetailedResponse-tasks-as-wt1	U-wire-ListTasksDetailedResponse-tasks-as-wt1	ascii	core-ffi-pull	decode	no-unknown	20	4203.8	4070.4	4441.0	0.088	4139.0	4251.8
codec-nounk-U	U-deep-u-repeated	U-deep-u-repeated	ascii	incumbent-prod	decode-read	default	20	2169.2	2081.5	2432.3	0.162	2135.1	2184.4
codec-nounk-U	U-deep-u-repeated	U-deep-u-repeated	ascii	armonik	decode-read	default	20	2149.1	2087.3	2283.3	0.091	2136.8	2160.0
codec-nounk-U	U-deep-u-repeated	U-deep-u-repeated	ascii	core-native	decode-read	no-unknown	20	1708.7	1638.4	1732.3	0.055	1693.7	1722.8
codec-nounk-U	U-deep-u-repeated	U-deep-u-repeated	ascii	core-ffi	decode-read	no-unknown	20	1974.6	1896.3	2217.9	0.163	1948.5	2018.5
codec-nounk-U	U-deep-u-repeated	U-deep-u-repeated	ascii	core-ffi-pull	decode-read	no-unknown	20	2007.5	1930.2	2094.2	0.082	1984.9	2015.9
codec-nounk-U	U-oneof-u-fixed64	U-oneof-u-fixed64	ascii	incumbent-prod	decode	default	20	127.9	126.1	129.4	0.026	127.0	128.6
codec-nounk-U	U-oneof-u-fixed64	U-oneof-u-fixed64	ascii	armonik	decode	default	20	130.5	128.3	132.0	0.028	129.3	131.0
codec-nounk-U	U-oneof-u-fixed64	U-oneof-u-fixed64	ascii	core-native	decode	no-unknown	20	93.4	91.2	95.2	0.043	92.7	93.9
codec-nounk-U	U-oneof-u-fixed64	U-oneof-u-fixed64	ascii	core-ffi	decode	no-unknown	20	101.9	99.9	104.3	0.043	101.3	102.6
codec-nounk-U	U-oneof-u-fixed64	U-oneof-u-fixed64	ascii	core-ffi-pull	decode	no-unknown	20	112.1	111.2	114.2	0.027	111.6	113.2
codec-nounk-U	U-wire-DualResponse-left-as-wt0	U-wire-DualResponse-left-as-wt0	ascii	core-native	encode	no-unknown	20	43.0	42.4	44.2	0.043	42.7	43.2
codec-nounk-U	U-wire-DualResponse-left-as-wt0	U-wire-DualResponse-left-as-wt0	ascii	core-ffi	encode	no-unknown	20	71.2	69.0	82.6	0.190	69.8	71.7
codec-nounk-U	U-oneof-group	U-oneof-group	ascii	incumbent-prod	decode	default	20	163.5	160.6	170.3	0.059	162.7	165.1
codec-nounk-U	U-oneof-group	U-oneof-group	ascii	armonik	decode	default	20	167.9	163.0	173.5	0.063	165.4	170.1
codec-nounk-U	U-oneof-group	U-oneof-group	ascii	core-native	decode	no-unknown	20	111.4	109.9	114.9	0.044	110.7	112.1
codec-nounk-U	U-oneof-group	U-oneof-group	ascii	core-ffi	decode	no-unknown	20	122.3	120.1	125.4	0.044	121.0	122.6
codec-nounk-U	U-oneof-group	U-oneof-group	ascii	core-ffi-pull	decode	no-unknown	20	131.3	129.9	134.6	0.036	130.4	132.0
codec-nounk-U	U-root-max-tag	U-root-max-tag	ascii	incumbent-prod	decode-read	default	20	629.5	593.4	844.8	0.399	619.3	637.5
codec-nounk-U	U-root-max-tag	U-root-max-tag	ascii	armonik	decode-read	default	20	662.2	634.1	691.2	0.086	652.0	674.6
codec-nounk-U	U-root-max-tag	U-root-max-tag	ascii	core-native	decode-read	no-unknown	20	541.8	517.6	561.0	0.080	535.1	547.3
codec-nounk-U	U-root-max-tag	U-root-max-tag	ascii	core-ffi	decode-read	no-unknown	20	513.8	491.5	550.1	0.114	505.4	522.0
codec-nounk-U	U-root-max-tag	U-root-max-tag	ascii	core-ffi-pull	decode-read	no-unknown	20	523.8	508.1	562.9	0.104	517.9	528.3
codec-nounk-U	U-deep-u-varint	U-deep-u-varint	ascii	incumbent-prod	decode	default	20	2057.5	1924.5	2188.3	0.128	2027.8	2067.3
codec-nounk-U	U-deep-u-varint	U-deep-u-varint	ascii	armonik	decode	default	20	2041.3	1909.1	2090.2	0.089	1998.0	2059.6
codec-nounk-U	U-deep-u-varint	U-deep-u-varint	ascii	core-native	decode	no-unknown	20	1611.0	1523.3	1655.5	0.082	1563.1	1618.3
codec-nounk-U	U-deep-u-varint	U-deep-u-varint	ascii	core-ffi	decode	no-unknown	20	1881.5	1753.7	1955.1	0.107	1830.6	1908.5
codec-nounk-U	U-deep-u-varint	U-deep-u-varint	ascii	core-ffi-pull	decode	no-unknown	20	1914.8	1786.0	2142.2	0.186	1851.4	1939.2
codec-nounk-U	U-deep-u-fixed32	U-deep-u-fixed32	ascii	incumbent-prod	decode-read	default	20	2130.1	2053.8	2356.9	0.142	2101.6	2138.0
codec-nounk-U	U-deep-u-fixed32	U-deep-u-fixed32	ascii	armonik	decode-read	default	20	2126.4	2040.5	2197.4	0.074	2103.3	2142.1
codec-nounk-U	U-deep-u-fixed32	U-deep-u-fixed32	ascii	core-native	decode-read	no-unknown	20	1713.2	1660.4	1759.5	0.058	1695.3	1726.5
codec-nounk-U	U-deep-u-fixed32	U-deep-u-fixed32	ascii	core-ffi	decode-read	no-unknown	20	1987.7	1892.5	2084.1	0.096	1972.8	2024.0
codec-nounk-U	U-deep-u-fixed32	U-deep-u-fixed32	ascii	core-ffi-pull	decode-read	no-unknown	20	2032.4	1944.5	2092.0	0.073	2015.3	2050.7
codec-nounk-U	U-wire-UploadResultDataMessage-upload-as-wt1	U-wire-UploadResultDataMessage-upload-as-wt1	ascii	core-native	decode	no-unknown	20	94.5	93.8	99.2	0.057	94.2	95.0
codec-nounk-U	U-wire-UploadResultDataMessage-upload-as-wt1	U-wire-UploadResultDataMessage-upload-as-wt1	ascii	core-ffi	decode	no-unknown	20	89.6	88.6	92.3	0.042	89.4	90.2
codec-nounk-U	U-wire-UploadResultDataMessage-upload-as-wt1	U-wire-UploadResultDataMessage-upload-as-wt1	ascii	core-ffi-pull	decode	no-unknown	20	97.6	95.7	106.1	0.107	96.8	98.4
codec-nounk-U	U-root-all	U-root-all	ascii	incumbent-prod	encode	default	20	621.3	608.9	637.2	0.046	618.1	626.6
codec-nounk-U	U-root-all	U-root-all	ascii	armonik	encode	default	20	643.0	628.8	672.1	0.067	634.5	648.4
codec-nounk-U	U-root-all	U-root-all	ascii	core-native	encode	no-unknown	20	96.8	95.4	98.0	0.027	96.1	97.5
codec-nounk-U	U-root-all	U-root-all	ascii	core-ffi	encode	no-unknown	20	154.0	150.9	158.5	0.049	153.0	155.0
codec-nounk-U	U-oneof-before	U-oneof-before	ascii	incumbent-prod	encode	default	20	127.0	118.0	137.5	0.154	121.9	129.3
codec-nounk-U	U-oneof-before	U-oneof-before	ascii	armonik	encode	default	20	124.5	119.9	129.2	0.075	120.9	127.5
codec-nounk-U	U-oneof-before	U-oneof-before	ascii	core-native	encode	no-unknown	20	21.7	20.5	22.6	0.096	21.4	22.2
codec-nounk-U	U-oneof-before	U-oneof-before	ascii	core-ffi	encode	no-unknown	20	42.5	40.9	54.7	0.326	42.1	43.1
codec-nounk-U	U-nested-u-fixed32	U-nested-u-fixed32	ascii	incumbent-prod	encode	default	20	268.6	264.5	279.1	0.054	266.4	272.3
codec-nounk-U	U-nested-u-fixed32	U-nested-u-fixed32	ascii	armonik	encode	default	20	277.8	274.7	281.3	0.024	276.4	279.5
codec-nounk-U	U-nested-u-fixed32	U-nested-u-fixed32	ascii	core-native	encode	no-unknown	20	45.7	43.9	49.7	0.126	45.1	46.3
codec-nounk-U	U-nested-u-fixed32	U-nested-u-fixed32	ascii	core-ffi	encode	no-unknown	20	82.9	79.1	85.1	0.072	82.0	84.2
codec-nounk-U	U-wire-ListTaskSummaryResponse-tasks-as-wt0	U-wire-ListTaskSummaryResponse-tasks-as-wt0	ascii	core-native	encode	no-unknown	20	231.7	225.2	258.5	0.144	229.9	233.2
codec-nounk-U	U-wire-ListTaskSummaryResponse-tasks-as-wt0	U-wire-ListTaskSummaryResponse-tasks-as-wt0	ascii	core-ffi	encode	no-unknown	20	384.5	371.0	477.6	0.277	377.8	391.2
codec-nounk-U	U-element-u-packed	U-element-u-packed	ascii	incumbent-prod	decode	default	20	2026.8	2001.3	2090.2	0.044	2014.9	2038.1
codec-nounk-U	U-element-u-packed	U-element-u-packed	ascii	armonik	decode	default	20	1971.6	1937.7	2030.5	0.047	1965.9	1989.9
codec-nounk-U	U-element-u-packed	U-element-u-packed	ascii	core-native	decode	no-unknown	20	1596.0	1579.7	1637.2	0.036	1588.7	1605.9
codec-nounk-U	U-element-u-packed	U-element-u-packed	ascii	core-ffi	decode	no-unknown	20	1851.9	1819.8	1880.0	0.033	1840.7	1859.3
codec-nounk-U	U-element-u-packed	U-element-u-packed	ascii	core-ffi-pull	decode	no-unknown	20	1877.6	1857.7	1956.5	0.053	1868.9	1889.4
codec-nounk-U	U-root-u-len	U-root-u-len	ascii	incumbent-prod	decode-read	default	20	543.6	510.1	651.9	0.261	521.9	632.3
codec-nounk-U	U-root-u-len	U-root-u-len	ascii	armonik	decode-read	default	20	566.2	539.5	744.7	0.362	554.9	669.4
codec-nounk-U	U-root-u-len	U-root-u-len	ascii	core-native	decode-read	no-unknown	20	471.0	449.5	569.8	0.256	454.2	555.8
codec-nounk-U	U-root-u-len	U-root-u-len	ascii	core-ffi	decode-read	no-unknown	20	440.7	424.6	544.2	0.271	436.5	528.2
codec-nounk-U	U-root-u-len	U-root-u-len	ascii	core-ffi-pull	decode-read	no-unknown	20	453.1	436.5	542.7	0.234	443.8	537.3
codec-nounk-U	U-root-interleaved	U-root-interleaved	ascii	incumbent-prod	decode-read	default	20	651.3	591.3	811.3	0.338	639.0	689.2
codec-nounk-U	U-root-interleaved	U-root-interleaved	ascii	armonik	decode-read	default	20	689.5	640.7	803.1	0.236	669.9	738.8
codec-nounk-U	U-root-interleaved	U-root-interleaved	ascii	core-native	decode-read	no-unknown	20	517.5	470.0	650.0	0.348	511.0	547.0
codec-nounk-U	U-root-interleaved	U-root-interleaved	ascii	core-ffi	decode-read	no-unknown	20	508.8	459.7	607.8	0.291	500.3	533.3
codec-nounk-U	U-root-interleaved	U-root-interleaved	ascii	core-ffi-pull	decode-read	no-unknown	20	524.1	468.8	565.1	0.184	513.9	539.2
codec-nounk-U	U-enum-value-999	U-enum-value-999	ascii	incumbent-prod	decode	default	20	75.0	70.1	79.5	0.124	73.1	75.2
codec-nounk-U	U-enum-value-999	U-enum-value-999	ascii	armonik	decode	default	20	108.6	100.6	112.8	0.113	107.7	109.5
codec-nounk-U	U-enum-value-999	U-enum-value-999	ascii	core-native	decode	no-unknown	20	92.5	87.6	98.7	0.120	92.0	93.5
codec-nounk-U	U-enum-value-999	U-enum-value-999	ascii	core-ffi	decode	no-unknown	20	107.7	100.7	118.4	0.164	105.7	108.3
codec-nounk-U	U-enum-value-999	U-enum-value-999	ascii	core-ffi-pull	decode	no-unknown	20	113.2	105.5	117.1	0.103	112.6	114.3
codec-nounk-U	U-element-all	U-element-all	ascii	incumbent-prod	encode	default	20	1364.0	1338.6	1426.2	0.064	1354.5	1372.1
codec-nounk-U	U-element-all	U-element-all	ascii	armonik	encode	default	20	1355.4	1325.7	1390.6	0.048	1348.6	1364.9
codec-nounk-U	U-element-all	U-element-all	ascii	core-native	encode	no-unknown	20	251.0	248.4	263.3	0.059	249.1	252.6
codec-nounk-U	U-element-all	U-element-all	ascii	core-ffi	encode	no-unknown	20	432.7	423.0	522.8	0.231	428.3	439.2
codec-nounk-U	U-oneof-u-repeated	U-oneof-u-repeated	ascii	incumbent-prod	decode-read	default	20	144.9	141.9	153.8	0.082	143.6	148.3
codec-nounk-U	U-oneof-u-repeated	U-oneof-u-repeated	ascii	armonik	decode-read	default	20	151.4	148.7	183.2	0.228	149.8	153.7
codec-nounk-U	U-oneof-u-repeated	U-oneof-u-repeated	ascii	core-native	decode-read	no-unknown	20	104.8	102.0	141.1	0.374	103.2	106.7
codec-nounk-U	U-oneof-u-repeated	U-oneof-u-repeated	ascii	core-ffi	decode-read	no-unknown	20	114.6	111.1	154.0	0.374	113.3	117.2
codec-nounk-U	U-oneof-u-repeated	U-oneof-u-repeated	ascii	core-ffi-pull	decode-read	no-unknown	20	123.9	121.0	135.3	0.116	123.2	125.6
codec-nounk-U	U-deep-u-msg	U-deep-u-msg	ascii	incumbent-prod	decode-read	default	20	2164.2	2129.1	2267.0	0.064	2141.8	2203.0
codec-nounk-U	U-deep-u-msg	U-deep-u-msg	ascii	armonik	decode-read	default	20	2152.8	2118.3	2281.2	0.076	2129.6	2195.0
codec-nounk-U	U-deep-u-msg	U-deep-u-msg	ascii	core-native	decode-read	no-unknown	20	1714.2	1677.5	2455.3	0.454	1705.9	1732.6
codec-nounk-U	U-deep-u-msg	U-deep-u-msg	ascii	core-ffi	decode-read	no-unknown	20	1974.6	1930.9	3788.2	0.941	1966.8	2014.3
codec-nounk-U	U-deep-u-msg	U-deep-u-msg	ascii	core-ffi-pull	decode-read	no-unknown	20	2021.3	1976.3	2580.1	0.299	1991.7	2078.1
codec-nounk-U	U-leaf-u-repeated	U-leaf-u-repeated	ascii	incumbent-prod	decode	default	20	329.8	319.0	342.2	0.071	326.3	333.7
codec-nounk-U	U-leaf-u-repeated	U-leaf-u-repeated	ascii	armonik	decode	default	20	342.2	335.1	370.6	0.104	338.0	345.4
codec-nounk-U	U-leaf-u-repeated	U-leaf-u-repeated	ascii	core-native	decode	no-unknown	20	270.2	266.6	289.9	0.086	268.5	274.9
codec-nounk-U	U-leaf-u-repeated	U-leaf-u-repeated	ascii	core-ffi	decode	no-unknown	20	268.0	263.7	275.9	0.046	266.9	268.8
codec-nounk-U	U-leaf-u-repeated	U-leaf-u-repeated	ascii	core-ffi-pull	decode	no-unknown	20	273.6	270.2	282.1	0.044	272.8	275.4
codec-nounk-U	U-element-u-fixed32	U-element-u-fixed32	ascii	incumbent-prod	encode	default	20	1370.0	1318.8	1472.4	0.112	1353.0	1387.6
codec-nounk-U	U-element-u-fixed32	U-element-u-fixed32	ascii	armonik	encode	default	20	1360.6	1328.2	1436.1	0.079	1348.7	1377.8
codec-nounk-U	U-element-u-fixed32	U-element-u-fixed32	ascii	core-native	encode	no-unknown	20	252.3	247.5	268.4	0.083	249.8	256.0
codec-nounk-U	U-element-u-fixed32	U-element-u-fixed32	ascii	core-ffi	encode	no-unknown	20	438.0	412.4	457.1	0.102	430.5	439.7
codec-nounk-U	U-element-u-fixed64	U-element-u-fixed64	ascii	incumbent-prod	decode	default	20	1846.2	1720.0	2188.5	0.254	1780.4	1875.5
codec-nounk-U	U-element-u-fixed64	U-element-u-fixed64	ascii	armonik	decode	default	20	1814.3	1722.0	2147.3	0.234	1750.1	1846.3
codec-nounk-U	U-element-u-fixed64	U-element-u-fixed64	ascii	core-native	decode	no-unknown	20	1425.0	1331.3	1706.0	0.263	1411.4	1487.5
codec-nounk-U	U-element-u-fixed64	U-element-u-fixed64	ascii	core-ffi	decode	no-unknown	20	1905.5	1763.3	2037.1	0.144	1853.9	1947.0
codec-nounk-U	U-element-u-fixed64	U-element-u-fixed64	ascii	core-ffi-pull	decode	no-unknown	20	1889.6	1752.1	2017.1	0.140	1871.6	1922.4
codec-nounk-U	U-wire-ListProbeResponse-probes-as-wt0	U-wire-ListProbeResponse-probes-as-wt0	ascii	core-native	encode	no-unknown	20	41.4	40.0	45.5	0.133	40.4	42.8
codec-nounk-U	U-wire-ListProbeResponse-probes-as-wt0	U-wire-ListProbeResponse-probes-as-wt0	ascii	core-ffi	encode	no-unknown	20	75.0	68.6	79.8	0.149	70.3	78.7
codec-nounk-U	U-leaf-u-repeated	U-leaf-u-repeated	ascii	incumbent-prod	encode	default	20	270.6	263.0	397.9	0.499	267.2	274.0
codec-nounk-U	U-leaf-u-repeated	U-leaf-u-repeated	ascii	armonik	encode	default	20	279.8	274.5	311.9	0.134	277.5	281.6
codec-nounk-U	U-leaf-u-repeated	U-leaf-u-repeated	ascii	core-native	encode	no-unknown	20	45.7	43.9	50.8	0.152	45.0	46.0
codec-nounk-U	U-leaf-u-repeated	U-leaf-u-repeated	ascii	core-ffi	encode	no-unknown	20	85.2	80.6	102.4	0.255	83.9	86.2
codec-nounk-U	U-wire-DualResponse-left-as-wt1	U-wire-DualResponse-left-as-wt1	ascii	core-native	decode	no-unknown	20	175.9	170.4	182.2	0.067	174.0	177.3
codec-nounk-U	U-wire-DualResponse-left-as-wt1	U-wire-DualResponse-left-as-wt1	ascii	core-ffi	decode	no-unknown	20	214.4	212.3	230.4	0.085	213.9	217.6
codec-nounk-U	U-wire-DualResponse-left-as-wt1	U-wire-DualResponse-left-as-wt1	ascii	core-ffi-pull	decode	no-unknown	20	228.6	222.8	233.6	0.047	227.3	230.3
codec-nounk-U	U-deep-u-len	U-deep-u-len	ascii	incumbent-prod	encode	default	20	1357.3	1308.4	1405.9	0.072	1341.2	1364.2
codec-nounk-U	U-deep-u-len	U-deep-u-len	ascii	armonik	encode	default	20	1351.0	1302.9	1388.7	0.063	1336.2	1358.6
codec-nounk-U	U-deep-u-len	U-deep-u-len	ascii	core-native	encode	no-unknown	20	249.4	242.1	263.5	0.086	246.4	250.7
codec-nounk-U	U-deep-u-len	U-deep-u-len	ascii	core-ffi	encode	no-unknown	20	430.6	410.0	438.5	0.066	427.3	432.9
codec-nounk-U	U-wire-ListMetricsResponse-batches-as-wt5	U-wire-ListMetricsResponse-batches-as-wt5	ascii	core-native	decode	no-unknown	20	1636.8	1573.4	1709.3	0.083	1622.4	1671.4
codec-nounk-U	U-wire-ListMetricsResponse-batches-as-wt5	U-wire-ListMetricsResponse-batches-as-wt5	ascii	core-ffi	decode	no-unknown	20	1420.0	1346.1	1497.8	0.107	1380.5	1461.2
codec-nounk-U	U-wire-ListMetricsResponse-batches-as-wt5	U-wire-ListMetricsResponse-batches-as-wt5	ascii	core-ffi-pull	decode	no-unknown	20	1311.1	1249.9	1395.8	0.111	1301.4	1356.2
codec-nounk-U	U-leaf-u-fixed64	U-leaf-u-fixed64	ascii	incumbent-prod	decode	default	20	307.3	298.0	332.6	0.113	305.0	314.8
codec-nounk-U	U-leaf-u-fixed64	U-leaf-u-fixed64	ascii	armonik	decode	default	20	319.7	309.5	333.1	0.074	316.2	321.2
codec-nounk-U	U-leaf-u-fixed64	U-leaf-u-fixed64	ascii	core-native	decode	no-unknown	20	261.1	256.6	275.1	0.071	259.1	264.6
codec-nounk-U	U-leaf-u-fixed64	U-leaf-u-fixed64	ascii	core-ffi	decode	no-unknown	20	265.7	255.6	290.5	0.131	260.8	273.1
codec-nounk-U	U-leaf-u-fixed64	U-leaf-u-fixed64	ascii	core-ffi-pull	decode	no-unknown	20	267.7	263.0	294.5	0.117	265.2	272.2
codec-nounk-U	U-deep-u-fixed32	U-deep-u-fixed32	ascii	incumbent-prod	encode	default	20	1365.9	1335.8	1420.8	0.062	1358.3	1378.2
codec-nounk-U	U-deep-u-fixed32	U-deep-u-fixed32	ascii	armonik	encode	default	20	1357.6	1333.7	1434.4	0.074	1350.2	1370.7
codec-nounk-U	U-deep-u-fixed32	U-deep-u-fixed32	ascii	core-native	encode	no-unknown	20	251.8	246.4	261.2	0.059	251.5	253.1
codec-nounk-U	U-deep-u-fixed32	U-deep-u-fixed32	ascii	core-ffi	encode	no-unknown	20	433.4	423.9	453.7	0.069	430.3	440.5
codec-nounk-U	U-deep-u-msg	U-deep-u-msg	ascii	incumbent-prod	encode	default	20	1365.2	1327.2	1516.9	0.139	1358.6	1386.5
codec-nounk-U	U-deep-u-msg	U-deep-u-msg	ascii	armonik	encode	default	20	1363.3	1335.9	1619.8	0.208	1351.3	1403.9
codec-nounk-U	U-deep-u-msg	U-deep-u-msg	ascii	core-native	encode	no-unknown	20	258.7	248.5	313.8	0.252	252.2	262.9
codec-nounk-U	U-deep-u-msg	U-deep-u-msg	ascii	core-ffi	encode	no-unknown	20	441.0	425.8	731.5	0.693	430.7	445.4
codec-nounk-U	U-wire-DualResponse-left-as-wt5	U-wire-DualResponse-left-as-wt5	ascii	core-native	encode	no-unknown	20	43.4	42.4	45.0	0.061	43.0	43.7
codec-nounk-U	U-wire-DualResponse-left-as-wt5	U-wire-DualResponse-left-as-wt5	ascii	core-ffi	encode	no-unknown	20	71.1	67.8	74.7	0.097	69.4	71.5
codec-nounk-U	U-nested-u-len	U-nested-u-len	ascii	incumbent-prod	encode	default	20	272.3	265.6	306.7	0.151	268.8	279.5
codec-nounk-U	U-nested-u-len	U-nested-u-len	ascii	armonik	encode	default	20	279.2	274.2	317.2	0.154	278.0	281.8
codec-nounk-U	U-nested-u-len	U-nested-u-len	ascii	core-native	encode	no-unknown	20	46.2	44.5	55.8	0.243	45.3	48.0
codec-nounk-U	U-nested-u-len	U-nested-u-len	ascii	core-ffi	encode	no-unknown	20	85.1	82.7	96.8	0.167	84.1	87.1
codec-nounk-U	U-nested-u-len	U-nested-u-len	ascii	incumbent-prod	decode-read	default	20	312.1	295.1	364.8	0.223	306.2	314.2
codec-nounk-U	U-nested-u-len	U-nested-u-len	ascii	armonik	decode-read	default	20	324.3	301.4	358.8	0.177	314.1	331.5
codec-nounk-U	U-nested-u-len	U-nested-u-len	ascii	core-native	decode-read	no-unknown	20	270.2	262.5	279.8	0.064	267.2	272.5
codec-nounk-U	U-nested-u-len	U-nested-u-len	ascii	core-ffi	decode-read	no-unknown	20	271.7	259.0	295.9	0.136	266.1	275.2
codec-nounk-U	U-nested-u-len	U-nested-u-len	ascii	core-ffi-pull	decode-read	no-unknown	20	277.1	263.8	292.3	0.103	273.2	280.8
codec-nounk-U	U-wire-ListTaskSummaryResponse-tasks-as-wt5	U-wire-ListTaskSummaryResponse-tasks-as-wt5	ascii	core-native	decode-read	no-unknown	20	1888.7	1829.5	2056.8	0.120	1864.4	1908.2
codec-nounk-U	U-wire-ListTaskSummaryResponse-tasks-as-wt5	U-wire-ListTaskSummaryResponse-tasks-as-wt5	ascii	core-ffi	decode-read	no-unknown	20	1904.5	1868.8	1988.3	0.063	1891.2	1935.5
codec-nounk-U	U-wire-ListTaskSummaryResponse-tasks-as-wt5	U-wire-ListTaskSummaryResponse-tasks-as-wt5	ascii	core-ffi-pull	decode-read	no-unknown	20	1979.2	1944.8	2118.8	0.088	1961.9	2006.9
codec-nounk-U	U-root-interleaved	U-root-interleaved	ascii	incumbent-prod	decode	default	20	703.0	684.2	737.3	0.076	693.4	707.4
codec-nounk-U	U-root-interleaved	U-root-interleaved	ascii	armonik	decode	default	20	745.1	728.4	825.5	0.130	740.5	754.1
codec-nounk-U	U-root-interleaved	U-root-interleaved	ascii	core-native	decode	no-unknown	20	566.9	550.9	640.8	0.159	559.1	572.1
codec-nounk-U	U-root-interleaved	U-root-interleaved	ascii	core-ffi	decode	no-unknown	20	555.2	542.8	562.1	0.035	549.5	558.0
codec-nounk-U	U-root-interleaved	U-root-interleaved	ascii	core-ffi-pull	decode	no-unknown	20	565.8	557.2	581.6	0.043	563.0	571.7
codec-nounk-U	U-wire-ListTaskSummaryResponse-tasks-as-wt0	U-wire-ListTaskSummaryResponse-tasks-as-wt0	ascii	core-native	decode	no-unknown	20	1758.8	1737.3	1841.8	0.059	1751.7	1763.6
codec-nounk-U	U-wire-ListTaskSummaryResponse-tasks-as-wt0	U-wire-ListTaskSummaryResponse-tasks-as-wt0	ascii	core-ffi	decode	no-unknown	20	1789.7	1769.5	2104.7	0.187	1784.7	1802.2
codec-nounk-U	U-wire-ListTaskSummaryResponse-tasks-as-wt0	U-wire-ListTaskSummaryResponse-tasks-as-wt0	ascii	core-ffi-pull	decode	no-unknown	20	1880.1	1858.8	2265.7	0.216	1869.2	1893.3
codec-nounk-U	U-oneof-member-before-known	U-oneof-member-before-known	ascii	incumbent-prod	encode	default	20	131.0	122.1	143.1	0.160	128.2	138.4
codec-nounk-U	U-oneof-member-before-known	U-oneof-member-before-known	ascii	armonik	encode	default	20	130.6	117.8	139.0	0.163	123.9	135.3
codec-nounk-U	U-oneof-member-before-known	U-oneof-member-before-known	ascii	core-native	encode	no-unknown	20	21.5	20.5	22.5	0.091	21.1	22.0
codec-nounk-U	U-oneof-member-before-known	U-oneof-member-before-known	ascii	core-ffi	encode	no-unknown	20	43.1	42.0	43.8	0.042	42.5	43.4
codec-nounk-U	U-root-u-msg	U-root-u-msg	ascii	incumbent-prod	decode	default	20	616.5	601.5	652.0	0.082	610.2	623.6
codec-nounk-U	U-root-u-msg	U-root-u-msg	ascii	armonik	decode	default	20	650.3	632.2	683.8	0.079	640.4	659.5
codec-nounk-U	U-root-u-msg	U-root-u-msg	ascii	core-native	decode	no-unknown	20	526.2	514.1	613.8	0.189	520.6	533.2
codec-nounk-U	U-root-u-msg	U-root-u-msg	ascii	core-ffi	decode	no-unknown	20	511.2	495.0	543.2	0.094	508.3	523.9
codec-nounk-U	U-root-u-msg	U-root-u-msg	ascii	core-ffi-pull	decode	no-unknown	20	524.1	513.5	616.7	0.197	520.1	535.2
codec-nounk-U	U-wire-ListResultsResponse-page-as-wt5	U-wire-ListResultsResponse-page-as-wt5	ascii	core-native	decode	no-unknown	20	515.2	459.8	548.2	0.172	511.9	519.9
codec-nounk-U	U-wire-ListResultsResponse-page-as-wt5	U-wire-ListResultsResponse-page-as-wt5	ascii	core-ffi	decode	no-unknown	20	506.9	447.0	605.2	0.312	499.1	514.0
codec-nounk-U	U-wire-ListResultsResponse-page-as-wt5	U-wire-ListResultsResponse-page-as-wt5	ascii	core-ffi-pull	decode	no-unknown	20	526.4	460.2	548.5	0.168	519.3	532.8
codec-nounk-U	U-leaf-u-fixed32	U-leaf-u-fixed32	ascii	incumbent-prod	decode-read	default	20	313.0	307.6	326.4	0.060	311.6	315.7
codec-nounk-U	U-leaf-u-fixed32	U-leaf-u-fixed32	ascii	armonik	decode-read	default	20	328.6	319.8	337.6	0.054	325.3	330.8
codec-nounk-U	U-leaf-u-fixed32	U-leaf-u-fixed32	ascii	core-native	decode-read	no-unknown	20	270.1	267.2	324.7	0.213	269.4	272.5
codec-nounk-U	U-leaf-u-fixed32	U-leaf-u-fixed32	ascii	core-ffi	decode-read	no-unknown	20	273.4	265.9	285.7	0.073	270.8	277.1
codec-nounk-U	U-leaf-u-fixed32	U-leaf-u-fixed32	ascii	core-ffi-pull	decode-read	no-unknown	20	279.3	270.7	291.3	0.074	276.2	282.2
codec-nounk-U	U-wire-DualResponse-left-as-wt0	U-wire-DualResponse-left-as-wt0	ascii	core-native	decode	no-unknown	20	176.8	171.8	190.5	0.105	174.9	178.5
codec-nounk-U	U-wire-DualResponse-left-as-wt0	U-wire-DualResponse-left-as-wt0	ascii	core-ffi	decode	no-unknown	20	218.2	213.6	257.0	0.199	216.3	221.7
codec-nounk-U	U-wire-DualResponse-left-as-wt0	U-wire-DualResponse-left-as-wt0	ascii	core-ffi-pull	decode	no-unknown	20	233.6	229.0	268.0	0.167	231.5	239.1
codec-nounk-U	U-root-max-tag	U-root-max-tag	ascii	incumbent-prod	decode	default	20	617.9	611.0	832.3	0.358	615.6	623.5
codec-nounk-U	U-root-max-tag	U-root-max-tag	ascii	armonik	decode	default	20	657.7	640.0	971.3	0.504	652.8	666.1
codec-nounk-U	U-root-max-tag	U-root-max-tag	ascii	core-native	decode	no-unknown	20	536.5	515.0	558.4	0.081	532.9	540.7
codec-nounk-U	U-root-max-tag	U-root-max-tag	ascii	core-ffi	decode	no-unknown	20	530.0	514.7	740.2	0.426	521.1	539.9
codec-nounk-U	U-root-max-tag	U-root-max-tag	ascii	core-ffi-pull	decode	no-unknown	20	533.2	525.4	754.2	0.429	528.6	543.0
codec-nounk-U	U-deep-u-fixed32	U-deep-u-fixed32	ascii	incumbent-prod	decode	default	20	2099.8	2041.6	2192.0	0.072	2087.3	2118.9
codec-nounk-U	U-deep-u-fixed32	U-deep-u-fixed32	ascii	armonik	decode	default	20	2039.4	1824.9	2123.6	0.146	1852.9	2081.7
codec-nounk-U	U-deep-u-fixed32	U-deep-u-fixed32	ascii	core-native	decode	no-unknown	20	1608.7	1428.0	1708.8	0.175	1466.7	1631.1
codec-nounk-U	U-deep-u-fixed32	U-deep-u-fixed32	ascii	core-ffi	decode	no-unknown	20	1883.7	1813.0	1963.8	0.080	1861.4	1907.5
codec-nounk-U	U-deep-u-fixed32	U-deep-u-fixed32	ascii	core-ffi-pull	decode	no-unknown	20	1922.5	1832.0	1982.8	0.078	1889.0	1954.1
codec-nounk-U	U-wire-ListTasksDetailedResponse-tasks-as-wt0	U-wire-ListTasksDetailedResponse-tasks-as-wt0	ascii	core-native	decode-read	no-unknown	20	3898.4	3742.8	4309.7	0.145	3870.4	3989.0
codec-nounk-U	U-wire-ListTasksDetailedResponse-tasks-as-wt0	U-wire-ListTasksDetailedResponse-tasks-as-wt0	ascii	core-ffi	decode-read	no-unknown	20	4469.8	4279.9	5017.6	0.165	4423.3	4533.4
codec-nounk-U	U-wire-ListTasksDetailedResponse-tasks-as-wt0	U-wire-ListTasksDetailedResponse-tasks-as-wt0	ascii	core-ffi-pull	decode-read	no-unknown	20	4483.0	4339.3	4651.8	0.070	4400.4	4531.9
codec-nounk-U	U-root-group	U-root-group	ascii	incumbent-prod	encode	default	20	620.3	591.8	1213.5	1.002	611.9	637.4
codec-nounk-U	U-root-group	U-root-group	ascii	armonik	encode	default	20	648.1	613.0	1930.2	2.032	635.9	669.9
codec-nounk-U	U-root-group	U-root-group	ascii	core-native	encode	no-unknown	20	100.2	96.7	348.5	2.513	99.3	105.3
codec-nounk-U	U-root-group	U-root-group	ascii	core-ffi	encode	no-unknown	20	156.1	149.3	422.8	1.752	153.7	160.2
codec-nounk-U	U-oneof-u-varint	U-oneof-u-varint	ascii	incumbent-prod	encode	default	20	130.6	122.1	139.8	0.136	128.6	133.9
codec-nounk-U	U-oneof-u-varint	U-oneof-u-varint	ascii	armonik	encode	default	20	125.9	117.3	138.4	0.168	120.7	129.8
codec-nounk-U	U-oneof-u-varint	U-oneof-u-varint	ascii	core-native	encode	no-unknown	20	21.7	21.1	22.4	0.057	21.5	21.9
codec-nounk-U	U-oneof-u-varint	U-oneof-u-varint	ascii	core-ffi	encode	no-unknown	20	42.6	41.0	44.4	0.078	42.3	43.2
codec-nounk-U	U-wire-ListProbeResponse-probes-as-wt5	U-wire-ListProbeResponse-probes-as-wt5	ascii	core-native	decode-read	no-unknown	20	212.7	206.1	215.2	0.042	210.6	213.4
codec-nounk-U	U-wire-ListProbeResponse-probes-as-wt5	U-wire-ListProbeResponse-probes-as-wt5	ascii	core-ffi	decode-read	no-unknown	20	214.4	211.3	224.5	0.062	212.5	217.1
codec-nounk-U	U-wire-ListProbeResponse-probes-as-wt5	U-wire-ListProbeResponse-probes-as-wt5	ascii	core-ffi-pull	decode-read	no-unknown	20	223.8	220.2	240.5	0.091	223.0	225.6
codec-nounk-U	U-leaf-all	U-leaf-all	ascii	incumbent-prod	encode	default	20	270.3	265.0	283.3	0.068	267.5	275.8
codec-nounk-U	U-leaf-all	U-leaf-all	ascii	armonik	encode	default	20	279.7	275.5	287.5	0.043	278.4	282.3
codec-nounk-U	U-leaf-all	U-leaf-all	ascii	core-native	encode	no-unknown	20	45.3	44.1	49.3	0.114	44.8	46.0
codec-nounk-U	U-leaf-all	U-leaf-all	ascii	core-ffi	encode	no-unknown	20	84.2	79.5	87.9	0.100	83.1	86.1
codec-nounk-U	U-root-u-repeated	U-root-u-repeated	ascii	incumbent-prod	encode	default	20	684.4	607.7	768.8	0.235	628.4	706.8
codec-nounk-U	U-root-u-repeated	U-root-u-repeated	ascii	armonik	encode	default	20	743.3	639.9	824.1	0.248	655.6	795.8
codec-nounk-U	U-root-u-repeated	U-root-u-repeated	ascii	core-native	encode	no-unknown	20	107.6	96.8	129.8	0.307	100.2	112.0
codec-nounk-U	U-root-u-repeated	U-root-u-repeated	ascii	core-ffi	encode	no-unknown	20	171.1	152.3	191.6	0.229	158.0	187.8
codec-nounk-U	U-oneof-before	U-oneof-before	ascii	incumbent-prod	decode	default	20	213.9	198.4	227.1	0.135	211.4	217.6
codec-nounk-U	U-oneof-before	U-oneof-before	ascii	armonik	decode	default	20	217.3	208.1	291.9	0.386	215.3	221.6
codec-nounk-U	U-oneof-before	U-oneof-before	ascii	core-native	decode	no-unknown	20	125.0	121.7	129.4	0.061	123.7	125.4
codec-nounk-U	U-oneof-before	U-oneof-before	ascii	core-ffi	decode	no-unknown	20	125.8	122.9	171.5	0.387	124.6	127.2
codec-nounk-U	U-oneof-before	U-oneof-before	ascii	core-ffi-pull	decode	no-unknown	20	138.3	134.2	141.3	0.051	136.7	139.4
codec-nounk-U	U-deep-u-repeated	U-deep-u-repeated	ascii	incumbent-prod	encode	default	20	1369.7	1342.9	1426.2	0.061	1361.7	1378.4
codec-nounk-U	U-deep-u-repeated	U-deep-u-repeated	ascii	armonik	encode	default	20	1370.4	1344.3	1410.8	0.049	1360.2	1383.1
codec-nounk-U	U-deep-u-repeated	U-deep-u-repeated	ascii	core-native	encode	no-unknown	20	252.4	246.7	260.8	0.056	250.0	253.0
codec-nounk-U	U-deep-u-repeated	U-deep-u-repeated	ascii	core-ffi	encode	no-unknown	20	437.8	421.6	454.4	0.075	431.4	442.9
codec-nounk-U	U-wire-ListResultsResponse-results-as-wt5	U-wire-ListResultsResponse-results-as-wt5	ascii	core-native	decode	no-unknown	20	523.0	508.4	531.4	0.044	517.3	527.3
codec-nounk-U	U-wire-ListResultsResponse-results-as-wt5	U-wire-ListResultsResponse-results-as-wt5	ascii	core-ffi	decode	no-unknown	20	513.4	501.5	537.6	0.070	507.1	519.5
codec-nounk-U	U-wire-ListResultsResponse-results-as-wt5	U-wire-ListResultsResponse-results-as-wt5	ascii	core-ffi-pull	decode	no-unknown	20	528.9	513.7	563.3	0.094	523.8	535.1
codec-nounk-U	U-wire-UploadResultDataMessage-upload-as-wt0	U-wire-UploadResultDataMessage-upload-as-wt0	ascii	core-native	encode	no-unknown	20	17.1	16.6	19.5	0.169	16.9	17.8
codec-nounk-U	U-wire-UploadResultDataMessage-upload-as-wt0	U-wire-UploadResultDataMessage-upload-as-wt0	ascii	core-ffi	encode	no-unknown	20	28.6	26.2	29.3	0.111	28.0	28.9
codec-nounk-U	U-leaf-u-packed	U-leaf-u-packed	ascii	incumbent-prod	decode-read	default	20	321.5	314.2	338.8	0.076	318.8	322.6
codec-nounk-U	U-leaf-u-packed	U-leaf-u-packed	ascii	armonik	decode-read	default	20	333.1	324.9	340.4	0.047	330.0	334.8
codec-nounk-U	U-leaf-u-packed	U-leaf-u-packed	ascii	core-native	decode-read	no-unknown	20	277.4	272.2	283.6	0.041	276.9	278.7
codec-nounk-U	U-leaf-u-packed	U-leaf-u-packed	ascii	core-ffi	decode-read	no-unknown	20	280.7	273.8	305.8	0.114	279.6	283.1
codec-nounk-U	U-leaf-u-packed	U-leaf-u-packed	ascii	core-ffi-pull	decode-read	no-unknown	20	284.7	276.7	296.5	0.069	282.9	290.4
codec-nounk-U	U-wire-ListResultsResponse-results-as-wt1	U-wire-ListResultsResponse-results-as-wt1	ascii	core-native	encode	no-unknown	20	98.3	96.3	101.6	0.054	97.4	99.1
codec-nounk-U	U-wire-ListResultsResponse-results-as-wt1	U-wire-ListResultsResponse-results-as-wt1	ascii	core-ffi	encode	no-unknown	20	154.6	152.5	162.0	0.061	154.2	156.3
codec-nounk-U	U-wire-ListResultsResponse-results-as-wt1	U-wire-ListResultsResponse-results-as-wt1	ascii	core-native	decode	no-unknown	20	513.5	505.3	523.2	0.035	512.3	518.2
codec-nounk-U	U-wire-ListResultsResponse-results-as-wt1	U-wire-ListResultsResponse-results-as-wt1	ascii	core-ffi	decode	no-unknown	20	505.8	497.1	523.5	0.052	503.5	509.5
codec-nounk-U	U-wire-ListResultsResponse-results-as-wt1	U-wire-ListResultsResponse-results-as-wt1	ascii	core-ffi-pull	decode	no-unknown	20	521.0	512.9	531.9	0.036	516.9	525.8
codec-nounk-U	U-root-u-repeated	U-root-u-repeated	ascii	incumbent-prod	decode-read	default	20	651.8	627.3	674.4	0.072	648.1	662.6
codec-nounk-U	U-root-u-repeated	U-root-u-repeated	ascii	armonik	decode-read	default	20	685.4	661.8	698.7	0.054	679.5	690.5
codec-nounk-U	U-root-u-repeated	U-root-u-repeated	ascii	core-native	decode-read	no-unknown	20	554.9	544.0	575.2	0.056	552.0	561.9
codec-nounk-U	U-root-u-repeated	U-root-u-repeated	ascii	core-ffi	decode-read	no-unknown	20	536.2	524.3	565.8	0.077	532.6	540.5
codec-nounk-U	U-root-u-repeated	U-root-u-repeated	ascii	core-ffi-pull	decode-read	no-unknown	20	553.6	539.4	561.0	0.039	548.9	558.8
codec-nounk-U	U-root-u-fixed64	U-root-u-fixed64	ascii	incumbent-prod	decode	default	20	609.2	595.5	630.2	0.057	604.4	618.2
codec-nounk-U	U-root-u-fixed64	U-root-u-fixed64	ascii	armonik	decode	default	20	642.7	622.1	661.8	0.062	637.4	648.2
codec-nounk-U	U-root-u-fixed64	U-root-u-fixed64	ascii	core-native	decode	no-unknown	20	519.3	509.2	539.8	0.059	514.1	525.8
codec-nounk-U	U-root-u-fixed64	U-root-u-fixed64	ascii	core-ffi	decode	no-unknown	20	499.4	485.8	522.2	0.073	493.8	506.4
codec-nounk-U	U-root-u-fixed64	U-root-u-fixed64	ascii	core-ffi-pull	decode	no-unknown	20	516.5	498.6	540.4	0.081	505.5	523.1
codec-nounk-U	U-deep-u-packed	U-deep-u-packed	ascii	incumbent-prod	decode	default	20	2052.1	2014.1	2318.2	0.148	2037.1	2073.2
codec-nounk-U	U-deep-u-packed	U-deep-u-packed	ascii	armonik	decode	default	20	2029.8	2002.0	2136.8	0.066	2022.0	2036.8
codec-nounk-U	U-deep-u-packed	U-deep-u-packed	ascii	core-native	decode	no-unknown	20	1620.7	1589.5	1692.0	0.063	1612.3	1635.7
codec-nounk-U	U-deep-u-packed	U-deep-u-packed	ascii	core-ffi	decode	no-unknown	20	1900.1	1850.1	2000.2	0.079	1870.4	1931.0
codec-nounk-U	U-deep-u-packed	U-deep-u-packed	ascii	core-ffi-pull	decode	no-unknown	20	1896.1	1865.4	1985.8	0.063	1885.8	1919.9
codec-nounk-U	U-wire-ListProbeResponse-probes-as-wt0	U-wire-ListProbeResponse-probes-as-wt0	ascii	core-native	decode	no-unknown	20	196.4	195.2	209.0	0.070	195.4	197.8
codec-nounk-U	U-wire-ListProbeResponse-probes-as-wt0	U-wire-ListProbeResponse-probes-as-wt0	ascii	core-ffi	decode	no-unknown	20	203.5	201.8	219.7	0.088	202.5	204.6
codec-nounk-U	U-wire-ListProbeResponse-probes-as-wt0	U-wire-ListProbeResponse-probes-as-wt0	ascii	core-ffi-pull	decode	no-unknown	20	214.6	210.3	228.4	0.084	212.3	217.9
codec-nounk-U	U-oneof-interleaved	U-oneof-interleaved	ascii	incumbent-prod	decode	default	20	208.6	199.9	222.7	0.109	204.7	211.6
codec-nounk-U	U-oneof-interleaved	U-oneof-interleaved	ascii	armonik	decode	default	20	210.4	208.2	220.9	0.060	209.2	214.4
codec-nounk-U	U-oneof-interleaved	U-oneof-interleaved	ascii	core-native	decode	no-unknown	20	124.4	122.4	133.8	0.092	123.7	125.8
codec-nounk-U	U-oneof-interleaved	U-oneof-interleaved	ascii	core-ffi	decode	no-unknown	20	126.3	124.1	130.6	0.051	125.2	127.1
codec-nounk-U	U-oneof-interleaved	U-oneof-interleaved	ascii	core-ffi-pull	decode	no-unknown	20	135.5	133.2	142.9	0.072	134.5	137.0
codec-nounk-U	U-wire-ListTasksDetailedResponse-tasks-as-wt5	U-wire-ListTasksDetailedResponse-tasks-as-wt5	ascii	core-native	decode-read	no-unknown	20	3968.5	3898.2	4057.1	0.040	3941.6	4006.8
codec-nounk-U	U-wire-ListTasksDetailedResponse-tasks-as-wt5	U-wire-ListTasksDetailedResponse-tasks-as-wt5	ascii	core-ffi	decode-read	no-unknown	20	4488.2	4391.7	4570.9	0.040	4445.8	4540.7
codec-nounk-U	U-wire-ListTasksDetailedResponse-tasks-as-wt5	U-wire-ListTasksDetailedResponse-tasks-as-wt5	ascii	core-ffi-pull	decode-read	no-unknown	20	4466.6	4370.2	4558.4	0.042	4422.3	4538.4
codec-nounk-U	U-nested-all	U-nested-all	ascii	incumbent-prod	decode	default	20	385.0	368.2	408.0	0.103	377.3	389.4
codec-nounk-U	U-nested-all	U-nested-all	ascii	armonik	decode	default	20	390.6	386.5	407.1	0.053	389.1	394.1
codec-nounk-U	U-nested-all	U-nested-all	ascii	core-native	decode	no-unknown	20	287.1	283.8	294.4	0.037	286.1	288.7
codec-nounk-U	U-nested-all	U-nested-all	ascii	core-ffi	decode	no-unknown	20	290.3	285.2	309.7	0.085	287.4	295.9
codec-nounk-U	U-nested-all	U-nested-all	ascii	core-ffi-pull	decode	no-unknown	20	298.9	292.8	310.8	0.060	297.6	305.5
codec-nounk-U	U-enum-value-999	U-enum-value-999	ascii	incumbent-prod	encode	default	20	59.6	58.3	65.5	0.121	59.4	60.3
codec-nounk-U	U-enum-value-999	U-enum-value-999	ascii	armonik	encode	default	20	63.7	62.5	66.6	0.064	63.2	64.0
codec-nounk-U	U-enum-value-999	U-enum-value-999	ascii	core-native	encode	no-unknown	20	16.3	15.5	17.4	0.118	16.1	16.9
codec-nounk-U	U-enum-value-999	U-enum-value-999	ascii	core-ffi	encode	no-unknown	20	32.4	31.9	33.8	0.060	32.3	32.7
codec-nounk-U	U-oneof-u-fixed64	U-oneof-u-fixed64	ascii	incumbent-prod	encode	default	20	127.8	118.2	135.7	0.136	123.1	130.9
codec-nounk-U	U-oneof-u-fixed64	U-oneof-u-fixed64	ascii	armonik	encode	default	20	125.2	118.7	135.5	0.134	120.4	130.6
codec-nounk-U	U-oneof-u-fixed64	U-oneof-u-fixed64	ascii	core-native	encode	no-unknown	20	21.7	20.4	23.7	0.151	21.3	22.1
codec-nounk-U	U-oneof-u-fixed64	U-oneof-u-fixed64	ascii	core-ffi	encode	no-unknown	20	43.1	42.0	44.1	0.048	42.6	43.5
codec-nounk-U	U-wire-ListTaskSummaryResponse-tasks-as-wt1	U-wire-ListTaskSummaryResponse-tasks-as-wt1	ascii	core-native	encode	no-unknown	20	201.4	195.5	256.1	0.301	197.9	205.9
codec-nounk-U	U-wire-ListTaskSummaryResponse-tasks-as-wt1	U-wire-ListTaskSummaryResponse-tasks-as-wt1	ascii	core-ffi	encode	no-unknown	20	323.1	300.3	460.8	0.497	315.1	341.5
codec-nounk-U	U-deep-u-fixed64	U-deep-u-fixed64	ascii	incumbent-prod	decode-read	default	20	2078.1	1850.9	2336.0	0.233	2013.0	2154.2
codec-nounk-U	U-deep-u-fixed64	U-deep-u-fixed64	ascii	armonik	decode-read	default	20	2117.0	1831.7	2714.2	0.417	2062.4	2157.3
codec-nounk-U	U-deep-u-fixed64	U-deep-u-fixed64	ascii	core-native	decode-read	no-unknown	20	1694.5	1534.6	1855.4	0.189	1632.7	1745.7
codec-nounk-U	U-deep-u-fixed64	U-deep-u-fixed64	ascii	core-ffi	decode-read	no-unknown	20	1944.8	1638.4	2036.4	0.205	1851.2	1976.8
codec-nounk-U	U-deep-u-fixed64	U-deep-u-fixed64	ascii	core-ffi-pull	decode-read	no-unknown	20	1998.9	1752.7	2160.5	0.204	1918.3	2070.5
codec-nounk-U	U-leaf-u-varint	U-leaf-u-varint	ascii	incumbent-prod	decode-read	default	20	312.4	307.7	351.6	0.141	310.3	319.4
codec-nounk-U	U-leaf-u-varint	U-leaf-u-varint	ascii	armonik	decode-read	default	20	321.9	309.2	342.9	0.105	316.9	325.0
codec-nounk-U	U-leaf-u-varint	U-leaf-u-varint	ascii	core-native	decode-read	no-unknown	20	257.2	241.9	277.5	0.139	251.2	262.0
codec-nounk-U	U-leaf-u-varint	U-leaf-u-varint	ascii	core-ffi	decode-read	no-unknown	20	258.1	241.4	280.8	0.153	244.5	262.4
codec-nounk-U	U-leaf-u-varint	U-leaf-u-varint	ascii	core-ffi-pull	decode-read	no-unknown	20	263.1	247.0	279.5	0.124	252.0	266.6
codec-nounk-U	U-root-u-varint	U-root-u-varint	ascii	incumbent-prod	decode	default	20	572.2	540.6	643.6	0.180	554.2	605.6
codec-nounk-U	U-root-u-varint	U-root-u-varint	ascii	armonik	decode	default	20	611.8	576.7	720.1	0.235	597.7	642.6
codec-nounk-U	U-root-u-varint	U-root-u-varint	ascii	core-native	decode	no-unknown	20	486.0	474.4	552.8	0.161	478.9	522.3
codec-nounk-U	U-root-u-varint	U-root-u-varint	ascii	core-ffi	decode	no-unknown	20	479.3	455.5	571.9	0.243	471.7	520.2
codec-nounk-U	U-root-u-varint	U-root-u-varint	ascii	core-ffi-pull	decode	no-unknown	20	490.3	473.1	674.2	0.410	479.5	531.5
codec-nounk-U	U-nested-u-varint	U-nested-u-varint	ascii	incumbent-prod	decode	default	20	301.7	294.5	320.8	0.087	300.8	306.6
codec-nounk-U	U-nested-u-varint	U-nested-u-varint	ascii	armonik	decode	default	20	318.4	309.2	336.8	0.087	316.7	324.2
codec-nounk-U	U-nested-u-varint	U-nested-u-varint	ascii	core-native	decode	no-unknown	20	260.3	255.2	284.5	0.113	257.3	264.7
codec-nounk-U	U-nested-u-varint	U-nested-u-varint	ascii	core-ffi	decode	no-unknown	20	260.1	254.6	285.8	0.120	257.0	262.8
codec-nounk-U	U-nested-u-varint	U-nested-u-varint	ascii	core-ffi-pull	decode	no-unknown	20	264.7	258.8	280.5	0.082	262.8	268.4
codec-nounk-U	U-root-before	U-root-before	ascii	incumbent-prod	decode-read	default	20	731.3	710.3	935.2	0.308	719.3	739.3
codec-nounk-U	U-root-before	U-root-before	ascii	armonik	decode-read	default	20	778.4	750.1	830.7	0.104	770.9	791.6
codec-nounk-U	U-root-before	U-root-before	ascii	core-native	decode-read	no-unknown	20	601.9	584.6	650.6	0.110	596.3	611.0
codec-nounk-U	U-root-before	U-root-before	ascii	core-ffi	decode-read	no-unknown	20	579.4	566.6	629.9	0.109	574.6	596.5
codec-nounk-U	U-root-before	U-root-before	ascii	core-ffi-pull	decode-read	no-unknown	20	598.4	579.2	634.0	0.092	584.1	615.3
codec-nounk-U	U-oneof-all	U-oneof-all	ascii	incumbent-prod	encode	default	20	133.6	121.8	140.2	0.138	128.9	135.6
codec-nounk-U	U-oneof-all	U-oneof-all	ascii	armonik	encode	default	20	125.1	118.7	137.8	0.153	121.2	127.3
codec-nounk-U	U-oneof-all	U-oneof-all	ascii	core-native	encode	no-unknown	20	21.9	20.2	23.3	0.140	21.2	22.1
codec-nounk-U	U-oneof-all	U-oneof-all	ascii	core-ffi	encode	no-unknown	20	43.0	41.9	44.0	0.049	42.7	43.4
codec-nounk-U	U-nested-group	U-nested-group	ascii	incumbent-prod	decode-read	default	20	337.3	328.7	380.8	0.154	335.3	342.6
codec-nounk-U	U-nested-group	U-nested-group	ascii	armonik	decode-read	default	20	358.4	350.3	370.6	0.057	352.3	361.7
codec-nounk-U	U-nested-group	U-nested-group	ascii	core-native	decode-read	no-unknown	20	291.6	285.4	308.7	0.080	289.2	295.7
codec-nounk-U	U-nested-group	U-nested-group	ascii	core-ffi	decode-read	no-unknown	20	288.4	281.8	328.0	0.160	285.9	291.6
codec-nounk-U	U-nested-group	U-nested-group	ascii	core-ffi-pull	decode-read	no-unknown	20	294.8	289.3	307.5	0.062	293.1	298.4
codec-nounk-U	U-root-u-msg	U-root-u-msg	ascii	incumbent-prod	decode-read	default	20	636.2	622.9	676.3	0.084	631.3	638.3
codec-nounk-U	U-root-u-msg	U-root-u-msg	ascii	armonik	decode-read	default	20	676.5	654.3	697.7	0.064	672.5	683.7
codec-nounk-U	U-root-u-msg	U-root-u-msg	ascii	core-native	decode-read	no-unknown	20	567.8	555.2	586.1	0.054	561.1	576.4
codec-nounk-U	U-root-u-msg	U-root-u-msg	ascii	core-ffi	decode-read	no-unknown	20	535.9	517.4	552.9	0.066	526.4	540.2
codec-nounk-U	U-root-u-msg	U-root-u-msg	ascii	core-ffi-pull	decode-read	no-unknown	20	551.3	534.1	644.3	0.200	547.0	555.7
codec-nounk-U	U-wire-ListTasksDetailedResponse-tasks-as-wt0	U-wire-ListTasksDetailedResponse-tasks-as-wt0	ascii	core-native	decode	no-unknown	20	3745.7	3682.1	4029.5	0.093	3716.9	3800.4
codec-nounk-U	U-wire-ListTasksDetailedResponse-tasks-as-wt0	U-wire-ListTasksDetailedResponse-tasks-as-wt0	ascii	core-ffi	decode	no-unknown	20	4264.6	4179.5	4476.8	0.070	4213.9	4291.4
codec-nounk-U	U-wire-ListTasksDetailedResponse-tasks-as-wt0	U-wire-ListTasksDetailedResponse-tasks-as-wt0	ascii	core-ffi-pull	decode	no-unknown	20	4187.8	4120.8	4360.9	0.057	4155.4	4251.2
codec-nounk-U	U-oneof-u-packed	U-oneof-u-packed	ascii	incumbent-prod	encode	default	20	128.2	117.5	135.9	0.143	124.5	130.6
codec-nounk-U	U-oneof-u-packed	U-oneof-u-packed	ascii	armonik	encode	default	20	123.9	118.3	135.5	0.139	122.2	126.2
codec-nounk-U	U-oneof-u-packed	U-oneof-u-packed	ascii	core-native	encode	no-unknown	20	21.6	20.3	22.6	0.106	21.2	21.9
codec-nounk-U	U-oneof-u-packed	U-oneof-u-packed	ascii	core-ffi	encode	no-unknown	20	42.5	41.2	46.4	0.122	42.3	43.4
codec-nounk-U	U-nested-group	U-nested-group	ascii	incumbent-prod	decode	default	20	330.2	320.9	344.9	0.073	325.7	332.9
codec-nounk-U	U-nested-group	U-nested-group	ascii	armonik	decode	default	20	344.7	334.7	358.7	0.070	341.0	347.5
codec-nounk-U	U-nested-group	U-nested-group	ascii	core-native	decode	no-unknown	20	274.9	271.0	286.9	0.058	272.8	277.7
codec-nounk-U	U-nested-group	U-nested-group	ascii	core-ffi	decode	no-unknown	20	275.6	270.3	287.4	0.062	273.4	278.6
codec-nounk-U	U-nested-group	U-nested-group	ascii	core-ffi-pull	decode	no-unknown	20	281.4	275.7	297.4	0.077	278.9	282.0
codec-nounk-U	U-oneof-u-msg	U-oneof-u-msg	ascii	incumbent-prod	encode	default	20	126.2	119.4	134.8	0.121	123.3	128.2
codec-nounk-U	U-oneof-u-msg	U-oneof-u-msg	ascii	armonik	encode	default	20	128.1	118.8	150.8	0.249	123.4	132.4
codec-nounk-U	U-oneof-u-msg	U-oneof-u-msg	ascii	core-native	encode	no-unknown	20	22.0	21.2	24.8	0.164	21.5	22.5
codec-nounk-U	U-oneof-u-msg	U-oneof-u-msg	ascii	core-ffi	encode	no-unknown	20	43.1	41.4	53.7	0.286	42.3	44.6
codec-nounk-U	U-element-u-repeated	U-element-u-repeated	ascii	incumbent-prod	encode	default	20	1388.5	1115.6	1644.2	0.381	1313.1	1420.1
codec-nounk-U	U-element-u-repeated	U-element-u-repeated	ascii	armonik	encode	default	20	1364.2	1132.9	1743.3	0.447	1332.8	1418.4
codec-nounk-U	U-element-u-repeated	U-element-u-repeated	ascii	core-native	encode	no-unknown	20	252.0	215.7	285.9	0.279	233.5	257.3
codec-nounk-U	U-element-u-repeated	U-element-u-repeated	ascii	core-ffi	encode	no-unknown	20	435.9	359.6	569.9	0.482	422.0	456.9
codec-nounk-U	U-wire-ListResultsResponse-page-as-wt1	U-wire-ListResultsResponse-page-as-wt1	ascii	core-native	decode	no-unknown	20	523.4	508.0	636.5	0.245	515.3	528.7
codec-nounk-U	U-wire-ListResultsResponse-page-as-wt1	U-wire-ListResultsResponse-page-as-wt1	ascii	core-ffi	decode	no-unknown	20	515.6	498.8	579.9	0.157	507.0	528.1
codec-nounk-U	U-wire-ListResultsResponse-page-as-wt1	U-wire-ListResultsResponse-page-as-wt1	ascii	core-ffi-pull	decode	no-unknown	20	532.3	514.3	571.5	0.107	522.6	542.4
codec-nounk-U	U-root-u-fixed32	U-root-u-fixed32	ascii	incumbent-prod	encode	default	20	623.0	608.5	681.9	0.118	617.8	630.1
codec-nounk-U	U-root-u-fixed32	U-root-u-fixed32	ascii	armonik	encode	default	20	648.3	626.4	678.2	0.080	641.1	659.6
codec-nounk-U	U-root-u-fixed32	U-root-u-fixed32	ascii	core-native	encode	no-unknown	20	107.0	105.7	114.0	0.078	106.7	108.6
codec-nounk-U	U-root-u-fixed32	U-root-u-fixed32	ascii	core-ffi	encode	no-unknown	20	156.5	152.3	166.5	0.091	155.2	159.2
codec-nounk-U	U-wire-ListTasksDetailedResponse-page-as-wt5	U-wire-ListTasksDetailedResponse-page-as-wt5	ascii	core-native	encode	no-unknown	20	584.2	571.2	700.4	0.221	582.6	596.9
codec-nounk-U	U-wire-ListTasksDetailedResponse-page-as-wt5	U-wire-ListTasksDetailedResponse-page-as-wt5	ascii	core-ffi	encode	no-unknown	20	936.2	914.7	1015.1	0.107	928.5	947.8
codec-nounk-U	U-oneof-member-alone	U-oneof-member-alone	ascii	incumbent-prod	encode	default	20	84.4	82.9	105.2	0.264	84.0	86.4
codec-nounk-U	U-oneof-member-alone	U-oneof-member-alone	ascii	armonik	encode	default	20	82.8	81.3	88.4	0.086	81.9	84.1
codec-nounk-U	U-oneof-member-alone	U-oneof-member-alone	ascii	core-native	encode	no-unknown	20	16.1	15.2	17.9	0.167	15.7	16.7
codec-nounk-U	U-oneof-member-alone	U-oneof-member-alone	ascii	core-ffi	encode	no-unknown	20	37.2	36.2	37.8	0.044	36.6	37.3
codec-nounk-U	U-nested-u-fixed64	U-nested-u-fixed64	ascii	incumbent-prod	encode	default	20	271.6	265.1	321.8	0.209	268.6	274.2
codec-nounk-U	U-nested-u-fixed64	U-nested-u-fixed64	ascii	armonik	encode	default	20	279.6	275.5	304.9	0.105	277.9	280.3
codec-nounk-U	U-nested-u-fixed64	U-nested-u-fixed64	ascii	core-native	encode	no-unknown	20	47.1	45.6	50.1	0.096	46.9	47.4
codec-nounk-U	U-nested-u-fixed64	U-nested-u-fixed64	ascii	core-ffi	encode	no-unknown	20	83.9	79.4	89.4	0.120	82.2	85.2
codec-nounk-U	U-root-u-len	U-root-u-len	ascii	incumbent-prod	encode	default	20	626.0	613.2	705.0	0.147	623.0	647.6
codec-nounk-U	U-root-u-len	U-root-u-len	ascii	armonik	encode	default	20	645.7	519.6	657.9	0.214	639.7	651.4
codec-nounk-U	U-root-u-len	U-root-u-len	ascii	core-native	encode	no-unknown	20	97.3	76.9	104.7	0.286	96.6	98.8
codec-nounk-U	U-root-u-len	U-root-u-len	ascii	core-ffi	encode	no-unknown	20	156.1	151.7	169.7	0.115	154.9	158.0
codec-nounk-U	U-enum-value-2147483647	U-enum-value-2147483647	ascii	incumbent-prod	encode	default	20	56.9	56.0	60.5	0.080	56.4	57.7
codec-nounk-U	U-enum-value-2147483647	U-enum-value-2147483647	ascii	armonik	encode	default	20	60.3	59.7	62.1	0.039	60.1	60.6
codec-nounk-U	U-enum-value-2147483647	U-enum-value-2147483647	ascii	core-native	encode	no-unknown	20	14.4	13.4	15.3	0.126	14.1	14.6
codec-nounk-U	U-enum-value-2147483647	U-enum-value-2147483647	ascii	core-ffi	encode	no-unknown	20	26.7	26.1	27.3	0.046	26.5	26.8
codec-nounk-U	U-root-u-fixed64	U-root-u-fixed64	ascii	incumbent-prod	decode-read	default	20	497.7	486.1	518.4	0.065	491.7	502.5
codec-nounk-U	U-root-u-fixed64	U-root-u-fixed64	ascii	armonik	decode-read	default	20	527.1	516.4	556.6	0.076	523.0	536.8
codec-nounk-U	U-root-u-fixed64	U-root-u-fixed64	ascii	core-native	decode-read	no-unknown	20	440.4	435.1	453.9	0.043	437.0	444.7
codec-nounk-U	U-root-u-fixed64	U-root-u-fixed64	ascii	core-ffi	decode-read	no-unknown	20	419.8	409.7	439.3	0.071	416.8	421.9
codec-nounk-U	U-root-u-fixed64	U-root-u-fixed64	ascii	core-ffi-pull	decode-read	no-unknown	20	430.0	424.8	443.3	0.043	428.2	433.4
codec-nounk-U	U-oneof-group	U-oneof-group	ascii	incumbent-prod	encode	default	20	110.2	94.3	142.0	0.433	99.0	117.5
codec-nounk-U	U-oneof-group	U-oneof-group	ascii	armonik	encode	default	20	108.0	92.8	120.9	0.260	98.6	116.0
codec-nounk-U	U-oneof-group	U-oneof-group	ascii	core-native	encode	no-unknown	20	17.7	16.0	22.7	0.381	16.9	19.9
codec-nounk-U	U-oneof-group	U-oneof-group	ascii	core-ffi	encode	no-unknown	20	36.1	33.1	44.0	0.302	34.0	39.4
codec-nounk-U	U-oneof-group	U-oneof-group	ascii	incumbent-prod	decode-read	default	20	163.9	152.9	188.8	0.219	156.6	170.5
codec-nounk-U	U-oneof-group	U-oneof-group	ascii	armonik	decode-read	default	20	166.5	155.8	184.1	0.170	161.9	176.2
codec-nounk-U	U-oneof-group	U-oneof-group	ascii	core-native	decode-read	no-unknown	20	118.1	110.9	134.7	0.202	114.5	124.2
codec-nounk-U	U-oneof-group	U-oneof-group	ascii	core-ffi	decode-read	no-unknown	20	123.9	116.5	139.1	0.182	120.0	130.0
codec-nounk-U	U-oneof-group	U-oneof-group	ascii	core-ffi-pull	decode-read	no-unknown	20	136.0	124.5	149.7	0.185	129.8	141.0
codec-nounk-U	U-oneof-u-len	U-oneof-u-len	ascii	incumbent-prod	encode	default	20	131.5	118.3	138.9	0.157	126.9	136.1
codec-nounk-U	U-oneof-u-len	U-oneof-u-len	ascii	armonik	encode	default	20	124.9	119.1	135.5	0.131	121.3	127.0
codec-nounk-U	U-oneof-u-len	U-oneof-u-len	ascii	core-native	encode	no-unknown	20	21.3	20.4	22.5	0.099	20.8	21.9
codec-nounk-U	U-oneof-u-len	U-oneof-u-len	ascii	core-ffi	encode	no-unknown	20	42.6	41.3	44.9	0.084	42.1	43.4
codec-nounk-U	U-nested-u-repeated	U-nested-u-repeated	ascii	incumbent-prod	decode-read	default	20	320.7	310.9	334.6	0.074	317.1	323.1
codec-nounk-U	U-nested-u-repeated	U-nested-u-repeated	ascii	armonik	decode-read	default	20	333.5	323.3	360.4	0.111	330.7	336.6
codec-nounk-U	U-nested-u-repeated	U-nested-u-repeated	ascii	core-native	decode-read	no-unknown	20	276.3	272.2	288.2	0.058	275.1	278.3
codec-nounk-U	U-nested-u-repeated	U-nested-u-repeated	ascii	core-ffi	decode-read	no-unknown	20	275.2	269.2	284.7	0.057	271.8	278.0
codec-nounk-U	U-nested-u-repeated	U-nested-u-repeated	ascii	core-ffi-pull	decode-read	no-unknown	20	281.9	275.5	303.0	0.098	278.8	286.8
codec-nounk-U	U-wire-ListTaskSummaryResponse-tasks-as-wt0	U-wire-ListTaskSummaryResponse-tasks-as-wt0	ascii	core-native	decode-read	no-unknown	20	1866.2	1826.1	2015.2	0.101	1852.6	1928.7
codec-nounk-U	U-wire-ListTaskSummaryResponse-tasks-as-wt0	U-wire-ListTaskSummaryResponse-tasks-as-wt0	ascii	core-ffi	decode-read	no-unknown	20	1912.1	1874.7	2094.9	0.115	1893.7	1961.7
codec-nounk-U	U-wire-ListTaskSummaryResponse-tasks-as-wt0	U-wire-ListTaskSummaryResponse-tasks-as-wt0	ascii	core-ffi-pull	decode-read	no-unknown	20	2017.3	1954.8	2354.0	0.198	1995.7	2063.0
codec-nounk-U	U-nested-u-varint	U-nested-u-varint	ascii	incumbent-prod	decode-read	default	20	309.9	243.0	327.9	0.274	292.1	313.2
codec-nounk-U	U-nested-u-varint	U-nested-u-varint	ascii	armonik	decode-read	default	20	321.2	251.3	343.1	0.286	308.8	328.8
codec-nounk-U	U-nested-u-varint	U-nested-u-varint	ascii	core-native	decode-read	no-unknown	20	268.4	208.3	286.3	0.291	233.6	276.0
codec-nounk-U	U-nested-u-varint	U-nested-u-varint	ascii	core-ffi	decode-read	no-unknown	20	264.6	203.0	283.1	0.303	224.3	270.7
codec-nounk-U	U-nested-u-varint	U-nested-u-varint	ascii	core-ffi-pull	decode-read	no-unknown	20	271.7	210.1	281.8	0.264	256.3	274.8
codec-nounk-U	U-leaf-u-msg	U-leaf-u-msg	ascii	incumbent-prod	encode	default	20	213.9	209.2	230.0	0.097	211.3	215.4
codec-nounk-U	U-leaf-u-msg	U-leaf-u-msg	ascii	armonik	encode	default	20	219.7	217.1	223.6	0.030	218.7	220.6
codec-nounk-U	U-leaf-u-msg	U-leaf-u-msg	ascii	core-native	encode	no-unknown	20	35.6	34.7	37.3	0.072	35.3	36.0
codec-nounk-U	U-leaf-u-msg	U-leaf-u-msg	ascii	core-ffi	encode	no-unknown	20	63.0	61.4	65.8	0.070	62.4	63.9
codec-nounk-U	U-oneof-u-len	U-oneof-u-len	ascii	incumbent-prod	decode	default	20	102.3	99.6	109.5	0.096	101.5	105.3
codec-nounk-U	U-oneof-u-len	U-oneof-u-len	ascii	armonik	decode	default	20	105.6	102.5	113.2	0.101	103.4	109.3
codec-nounk-U	U-oneof-u-len	U-oneof-u-len	ascii	core-native	decode	no-unknown	20	75.4	73.5	82.8	0.124	74.2	76.9
codec-nounk-U	U-oneof-u-len	U-oneof-u-len	ascii	core-ffi	decode	no-unknown	20	81.4	79.5	88.0	0.105	80.3	83.7
codec-nounk-U	U-oneof-u-len	U-oneof-u-len	ascii	core-ffi-pull	decode	no-unknown	20	89.3	86.9	95.0	0.091	88.3	90.9
codec-nounk-U	U-element-u-fixed32	U-element-u-fixed32	ascii	incumbent-prod	decode-read	default	20	1540.1	1494.0	1843.9	0.227	1520.8	1580.6
codec-nounk-U	U-element-u-fixed32	U-element-u-fixed32	ascii	armonik	decode-read	default	20	1528.7	1460.8	1917.1	0.298	1513.3	1544.1
codec-nounk-U	U-element-u-fixed32	U-element-u-fixed32	ascii	core-native	decode-read	no-unknown	20	1231.1	1184.9	1536.4	0.286	1218.4	1276.7
codec-nounk-U	U-element-u-fixed32	U-element-u-fixed32	ascii	core-ffi	decode-read	no-unknown	20	1571.3	1502.1	1926.6	0.270	1543.5	1594.4
codec-nounk-U	U-element-u-fixed32	U-element-u-fixed32	ascii	core-ffi-pull	decode-read	no-unknown	20	1570.7	1491.4	1935.4	0.283	1515.2	1626.6
codec-nounk-U	U-root-u-varint	U-root-u-varint	ascii	incumbent-prod	decode-read	default	20	503.7	487.7	548.2	0.120	502.5	508.6
codec-nounk-U	U-root-u-varint	U-root-u-varint	ascii	armonik	decode-read	default	20	511.8	502.5	535.8	0.065	509.7	517.0
codec-nounk-U	U-root-u-varint	U-root-u-varint	ascii	core-native	decode-read	no-unknown	20	429.3	422.8	454.3	0.074	426.0	432.4
codec-nounk-U	U-root-u-varint	U-root-u-varint	ascii	core-ffi	decode-read	no-unknown	20	399.5	392.8	422.7	0.075	394.5	403.9
codec-nounk-U	U-root-u-varint	U-root-u-varint	ascii	core-ffi-pull	decode-read	no-unknown	20	405.3	396.1	444.4	0.119	400.6	408.6
codec-nounk-U	U-nested-group	U-nested-group	ascii	incumbent-prod	encode	default	20	211.7	208.6	224.3	0.074	210.2	216.5
codec-nounk-U	U-nested-group	U-nested-group	ascii	armonik	encode	default	20	224.0	214.5	238.5	0.107	219.8	227.5
codec-nounk-U	U-nested-group	U-nested-group	ascii	core-native	encode	no-unknown	20	35.8	34.7	38.2	0.098	35.5	37.1
codec-nounk-U	U-nested-group	U-nested-group	ascii	core-ffi	encode	no-unknown	20	64.0	62.4	67.4	0.078	63.5	65.5
codec-nounk-U	U-nested-u-msg	U-nested-u-msg	ascii	incumbent-prod	decode	default	20	294.8	239.9	314.7	0.254	253.0	302.5
codec-nounk-U	U-nested-u-msg	U-nested-u-msg	ascii	armonik	decode	default	20	284.6	228.0	314.1	0.303	243.9	287.9
codec-nounk-U	U-nested-u-msg	U-nested-u-msg	ascii	core-native	decode	no-unknown	20	236.9	187.8	244.5	0.239	198.8	239.9
codec-nounk-U	U-nested-u-msg	U-nested-u-msg	ascii	core-ffi	decode	no-unknown	20	237.6	187.8	248.0	0.253	204.8	242.4
codec-nounk-U	U-nested-u-msg	U-nested-u-msg	ascii	core-ffi-pull	decode	no-unknown	20	237.8	195.0	254.5	0.250	199.8	240.9
codec-nounk-U	U-leaf-u-packed	U-leaf-u-packed	ascii	incumbent-prod	encode	default	20	239.5	217.5	276.2	0.245	222.9	267.8
codec-nounk-U	U-leaf-u-packed	U-leaf-u-packed	ascii	armonik	encode	default	20	246.4	225.6	286.0	0.245	229.7	277.6
codec-nounk-U	U-leaf-u-packed	U-leaf-u-packed	ascii	core-native	encode	no-unknown	20	40.9	36.9	47.2	0.251	39.1	45.0
codec-nounk-U	U-leaf-u-packed	U-leaf-u-packed	ascii	core-ffi	encode	no-unknown	20	72.2	65.5	85.6	0.278	68.2	82.8
codec-nounk-U	U-oneof-interleaved	U-oneof-interleaved	ascii	incumbent-prod	decode-read	default	20	210.5	201.5	219.5	0.085	208.6	214.3
codec-nounk-U	U-oneof-interleaved	U-oneof-interleaved	ascii	armonik	decode-read	default	20	216.5	211.9	225.6	0.064	214.0	219.0
codec-nounk-U	U-oneof-interleaved	U-oneof-interleaved	ascii	core-native	decode-read	no-unknown	20	130.3	127.1	136.9	0.075	129.0	131.8
codec-nounk-U	U-oneof-interleaved	U-oneof-interleaved	ascii	core-ffi	decode-read	no-unknown	20	130.0	128.4	154.1	0.198	129.7	130.4
codec-nounk-U	U-oneof-interleaved	U-oneof-interleaved	ascii	core-ffi-pull	decode-read	no-unknown	20	141.6	138.4	162.9	0.173	140.5	143.5
codec-nounk-U	U-root-u-msg	U-root-u-msg	ascii	incumbent-prod	encode	default	20	619.7	613.1	643.8	0.049	618.3	626.8
codec-nounk-U	U-root-u-msg	U-root-u-msg	ascii	armonik	encode	default	20	643.7	625.6	657.1	0.049	640.7	649.5
codec-nounk-U	U-root-u-msg	U-root-u-msg	ascii	core-native	encode	no-unknown	20	97.5	95.3	100.5	0.053	96.6	98.5
codec-nounk-U	U-root-u-msg	U-root-u-msg	ascii	core-ffi	encode	no-unknown	20	154.1	151.9	158.9	0.045	153.3	155.3
codec-nounk-U	U-oneof-member-before-known	U-oneof-member-before-known	ascii	incumbent-prod	decode	default	20	127.8	123.8	131.4	0.059	127.2	129.3
codec-nounk-U	U-oneof-member-before-known	U-oneof-member-before-known	ascii	armonik	decode	default	20	127.3	125.7	130.6	0.039	126.4	129.3
codec-nounk-U	U-oneof-member-before-known	U-oneof-member-before-known	ascii	core-native	decode	no-unknown	20	92.3	90.9	94.1	0.035	92.0	92.7
codec-nounk-U	U-oneof-member-before-known	U-oneof-member-before-known	ascii	core-ffi	decode	no-unknown	20	101.8	100.9	103.0	0.021	101.5	102.5
codec-nounk-U	U-oneof-member-before-known	U-oneof-member-before-known	ascii	core-ffi-pull	decode	no-unknown	20	112.6	110.9	113.9	0.026	111.8	113.0
codec-nounk-U	U-wire-ListResultsResponse-results-as-wt5	U-wire-ListResultsResponse-results-as-wt5	ascii	core-native	encode	no-unknown	20	97.8	95.6	100.4	0.049	97.2	98.3
codec-nounk-U	U-wire-ListResultsResponse-results-as-wt5	U-wire-ListResultsResponse-results-as-wt5	ascii	core-ffi	encode	no-unknown	20	154.0	150.0	156.3	0.041	152.7	154.9
codec-nounk-U	U-wire-UploadResultDataMessage-upload-as-wt0	U-wire-UploadResultDataMessage-upload-as-wt0	ascii	core-native	decode-read	no-unknown	20	99.2	97.6	100.9	0.034	98.8	99.7
codec-nounk-U	U-wire-UploadResultDataMessage-upload-as-wt0	U-wire-UploadResultDataMessage-upload-as-wt0	ascii	core-ffi	decode-read	no-unknown	20	95.5	94.0	96.7	0.028	95.3	96.1
codec-nounk-U	U-wire-UploadResultDataMessage-upload-as-wt0	U-wire-UploadResultDataMessage-upload-as-wt0	ascii	core-ffi-pull	decode-read	no-unknown	20	101.0	99.7	105.8	0.060	100.4	102.0
codec-nounk-U	U-wire-ListTasksDetailedResponse-tasks-as-wt5	U-wire-ListTasksDetailedResponse-tasks-as-wt5	ascii	core-native	encode	no-unknown	20	572.1	564.0	590.5	0.046	571.2	577.6
codec-nounk-U	U-wire-ListTasksDetailedResponse-tasks-as-wt5	U-wire-ListTasksDetailedResponse-tasks-as-wt5	ascii	core-ffi	encode	no-unknown	20	936.3	916.6	976.3	0.064	929.2	941.0
codec-nounk-U	U-wire-ListResultsResponse-results-as-wt0	U-wire-ListResultsResponse-results-as-wt0	ascii	core-native	encode	no-unknown	20	97.0	95.0	98.9	0.041	96.1	97.6
codec-nounk-U	U-wire-ListResultsResponse-results-as-wt0	U-wire-ListResultsResponse-results-as-wt0	ascii	core-ffi	encode	no-unknown	20	155.5	150.1	170.0	0.128	153.6	156.6
codec-nounk-U	U-element-u-len	U-element-u-len	ascii	incumbent-prod	decode-read	default	20	1948.4	1903.5	1997.9	0.048	1941.8	1954.7
codec-nounk-U	U-element-u-len	U-element-u-len	ascii	armonik	decode-read	default	20	1934.7	1907.3	1976.4	0.036	1923.7	1951.5
codec-nounk-U	U-element-u-len	U-element-u-len	ascii	core-native	decode-read	no-unknown	20	1554.7	1506.7	1603.3	0.062	1547.2	1567.1
codec-nounk-U	U-element-u-len	U-element-u-len	ascii	core-ffi	decode-read	no-unknown	20	1893.6	1859.3	2029.9	0.090	1883.2	1912.0
codec-nounk-U	U-element-u-len	U-element-u-len	ascii	core-ffi-pull	decode-read	no-unknown	20	1912.9	1874.9	1973.6	0.052	1896.9	1922.3
codec-nounk-U	U-root-all	U-root-all	ascii	incumbent-prod	decode-read	default	20	720.0	700.4	730.0	0.041	712.7	724.4
codec-nounk-U	U-root-all	U-root-all	ascii	armonik	decode-read	default	20	755.0	726.2	809.2	0.110	748.8	761.3
codec-nounk-U	U-root-all	U-root-all	ascii	core-native	decode-read	no-unknown	20	577.6	564.5	595.3	0.053	572.1	581.1
codec-nounk-U	U-root-all	U-root-all	ascii	core-ffi	decode-read	no-unknown	20	548.5	534.5	560.3	0.047	545.6	551.3
codec-nounk-U	U-root-all	U-root-all	ascii	core-ffi-pull	decode-read	no-unknown	20	565.3	546.6	599.8	0.094	559.5	570.4
codec-nounk-U	U-root-before	U-root-before	ascii	incumbent-prod	encode	default	20	629.4	618.3	664.7	0.074	624.6	641.1
codec-nounk-U	U-root-before	U-root-before	ascii	armonik	encode	default	20	645.8	636.6	688.6	0.080	641.0	659.5
codec-nounk-U	U-root-before	U-root-before	ascii	core-native	encode	no-unknown	20	98.4	96.5	107.4	0.111	97.9	99.3
codec-nounk-U	U-root-before	U-root-before	ascii	core-ffi	encode	no-unknown	20	158.3	152.4	187.4	0.221	155.1	162.0
codec-nounk-U	U-element-u-len	U-element-u-len	ascii	incumbent-prod	encode	default	20	1367.3	1341.1	1466.5	0.092	1356.4	1382.9
codec-nounk-U	U-element-u-len	U-element-u-len	ascii	armonik	encode	default	20	1363.4	1341.6	1435.6	0.069	1356.4	1404.3
codec-nounk-U	U-element-u-len	U-element-u-len	ascii	core-native	encode	no-unknown	20	251.8	246.1	266.2	0.080	249.6	256.2
codec-nounk-U	U-element-u-len	U-element-u-len	ascii	core-ffi	encode	no-unknown	20	437.0	424.7	450.8	0.060	429.0	445.8
codec-nounk-U	U-nested-u-packed	U-nested-u-packed	ascii	incumbent-prod	decode	default	20	300.1	289.7	327.2	0.125	295.5	303.4
codec-nounk-U	U-nested-u-packed	U-nested-u-packed	ascii	armonik	decode	default	20	291.2	283.6	315.7	0.110	286.7	295.0
codec-nounk-U	U-nested-u-packed	U-nested-u-packed	ascii	core-native	decode	no-unknown	20	237.6	231.3	249.2	0.075	236.0	240.6
codec-nounk-U	U-nested-u-packed	U-nested-u-packed	ascii	core-ffi	decode	no-unknown	20	236.0	230.1	252.8	0.096	234.0	239.9
codec-nounk-U	U-nested-u-packed	U-nested-u-packed	ascii	core-ffi-pull	decode	no-unknown	20	244.9	232.6	263.4	0.126	237.4	249.7
codec-nounk-U	U-wire-ListProbeResponse-probes-as-wt5	U-wire-ListProbeResponse-probes-as-wt5	ascii	core-native	encode	no-unknown	20	43.4	41.7	48.7	0.162	43.1	44.7
codec-nounk-U	U-wire-ListProbeResponse-probes-as-wt5	U-wire-ListProbeResponse-probes-as-wt5	ascii	core-ffi	encode	no-unknown	20	76.9	73.7	86.4	0.166	74.9	78.6
codec-nounk-U	U-root-group	U-root-group	ascii	incumbent-prod	decode	default	20	660.9	633.9	695.3	0.093	647.2	671.2
codec-nounk-U	U-root-group	U-root-group	ascii	armonik	decode	default	20	685.7	658.6	746.7	0.128	676.4	694.7
codec-nounk-U	U-root-group	U-root-group	ascii	core-native	decode	no-unknown	20	547.3	534.4	603.5	0.126	539.9	552.0
codec-nounk-U	U-root-group	U-root-group	ascii	core-ffi	decode	no-unknown	20	527.8	515.1	565.7	0.096	521.0	539.7
codec-nounk-U	U-root-group	U-root-group	ascii	core-ffi-pull	decode	no-unknown	20	532.2	517.5	569.4	0.098	525.0	535.0
codec-nounk-U	U-nested-u-msg	U-nested-u-msg	ascii	incumbent-prod	decode-read	default	20	310.8	303.9	343.7	0.128	305.1	315.4
codec-nounk-U	U-nested-u-msg	U-nested-u-msg	ascii	armonik	decode-read	default	20	306.7	291.8	316.9	0.082	297.9	313.5
codec-nounk-U	U-nested-u-msg	U-nested-u-msg	ascii	core-native	decode-read	no-unknown	20	246.8	239.9	279.6	0.161	243.4	254.7
codec-nounk-U	U-nested-u-msg	U-nested-u-msg	ascii	core-ffi	decode-read	no-unknown	20	250.8	241.1	285.4	0.177	248.6	256.3
codec-nounk-U	U-nested-u-msg	U-nested-u-msg	ascii	core-ffi-pull	decode-read	no-unknown	20	255.5	243.2	281.2	0.149	251.1	261.2
codec-nounk-U	U-oneof-member-alone	U-oneof-member-alone	ascii	incumbent-prod	decode	default	20	115.7	111.9	117.8	0.051	114.5	116.1
codec-nounk-U	U-oneof-member-alone	U-oneof-member-alone	ascii	armonik	decode	default	20	114.8	112.7	116.2	0.030	114.1	115.4
codec-nounk-U	U-oneof-member-alone	U-oneof-member-alone	ascii	core-native	decode	no-unknown	20	87.7	87.0	90.4	0.038	87.3	88.5
codec-nounk-U	U-oneof-member-alone	U-oneof-member-alone	ascii	core-ffi	decode	no-unknown	20	96.8	95.7	101.9	0.064	96.5	97.6
codec-nounk-U	U-oneof-member-alone	U-oneof-member-alone	ascii	core-ffi-pull	decode	no-unknown	20	107.2	105.2	110.1	0.046	106.3	107.8
codec-nounk-U	U-oneof-u-varint	U-oneof-u-varint	ascii	incumbent-prod	decode-read	default	20	139.4	134.9	153.1	0.131	136.7	143.2
codec-nounk-U	U-oneof-u-varint	U-oneof-u-varint	ascii	armonik	decode-read	default	20	142.1	139.6	149.8	0.071	140.5	143.4
codec-nounk-U	U-oneof-u-varint	U-oneof-u-varint	ascii	core-native	decode-read	no-unknown	20	101.3	99.6	105.4	0.057	100.2	103.1
codec-nounk-U	U-oneof-u-varint	U-oneof-u-varint	ascii	core-ffi	decode-read	no-unknown	20	109.4	106.7	113.0	0.057	108.6	109.8
codec-nounk-U	U-oneof-u-varint	U-oneof-u-varint	ascii	core-ffi-pull	decode-read	no-unknown	20	120.1	117.5	129.0	0.096	119.1	124.3
codec-nounk-U	U-element-u-repeated	U-element-u-repeated	ascii	incumbent-prod	decode	default	20	2064.2	2025.3	2224.3	0.096	2050.6	2084.5
codec-nounk-U	U-element-u-repeated	U-element-u-repeated	ascii	armonik	decode	default	20	2014.0	1961.3	2160.5	0.099	1997.2	2026.2
codec-nounk-U	U-element-u-repeated	U-element-u-repeated	ascii	core-native	decode	no-unknown	20	1619.8	1598.7	1766.0	0.103	1608.3	1656.1
codec-nounk-U	U-element-u-repeated	U-element-u-repeated	ascii	core-ffi	decode	no-unknown	20	1894.7	1852.5	2029.9	0.094	1885.3	1909.8
codec-nounk-U	U-element-u-repeated	U-element-u-repeated	ascii	core-ffi-pull	decode	no-unknown	20	1913.0	1866.0	2055.2	0.099	1905.6	1979.4
codec-nounk-U	U-wire-ListResultsResponse-page-as-wt5	U-wire-ListResultsResponse-page-as-wt5	ascii	core-native	encode	no-unknown	20	98.3	95.8	102.4	0.068	97.3	99.8
codec-nounk-U	U-wire-ListResultsResponse-page-as-wt5	U-wire-ListResultsResponse-page-as-wt5	ascii	core-ffi	encode	no-unknown	20	156.0	152.7	163.5	0.069	154.0	157.6
codec-nounk-U	U-oneof-interleaved	U-oneof-interleaved	ascii	incumbent-prod	encode	default	20	127.4	119.8	137.2	0.137	124.7	130.4
codec-nounk-U	U-oneof-interleaved	U-oneof-interleaved	ascii	armonik	encode	default	20	126.4	118.2	132.5	0.113	121.6	128.1
codec-nounk-U	U-oneof-interleaved	U-oneof-interleaved	ascii	core-native	encode	no-unknown	20	22.0	21.2	23.5	0.104	21.6	22.4
codec-nounk-U	U-oneof-interleaved	U-oneof-interleaved	ascii	core-ffi	encode	no-unknown	20	43.4	42.0	44.6	0.059	42.6	43.8
codec-nounk-U	U-wire-UploadResultDataMessage-upload-as-wt5	U-wire-UploadResultDataMessage-upload-as-wt5	ascii	core-native	decode	no-unknown	20	95.1	94.1	102.9	0.092	94.5	95.7
codec-nounk-U	U-wire-UploadResultDataMessage-upload-as-wt5	U-wire-UploadResultDataMessage-upload-as-wt5	ascii	core-ffi	decode	no-unknown	20	90.1	88.5	92.1	0.040	89.6	90.7
codec-nounk-U	U-wire-UploadResultDataMessage-upload-as-wt5	U-wire-UploadResultDataMessage-upload-as-wt5	ascii	core-ffi-pull	decode	no-unknown	20	97.9	95.9	101.6	0.059	96.7	98.9
codec-nounk-U	U-wire-ListResultsResponse-results-as-wt0	U-wire-ListResultsResponse-results-as-wt0	ascii	core-native	decode	no-unknown	20	547.2	533.6	570.4	0.067	541.1	552.2
codec-nounk-U	U-wire-ListResultsResponse-results-as-wt0	U-wire-ListResultsResponse-results-as-wt0	ascii	core-ffi	decode	no-unknown	20	537.0	524.1	554.8	0.057	533.5	544.7
codec-nounk-U	U-wire-ListResultsResponse-results-as-wt0	U-wire-ListResultsResponse-results-as-wt0	ascii	core-ffi-pull	decode	no-unknown	20	553.0	536.5	569.9	0.060	548.4	557.1
codec-nounk-U	U-element-all	U-element-all	ascii	incumbent-prod	decode	default	20	2177.4	2141.0	2257.7	0.054	2168.3	2205.0
codec-nounk-U	U-element-all	U-element-all	ascii	armonik	decode	default	20	2140.9	2087.6	2192.1	0.049	2130.1	2150.5
codec-nounk-U	U-element-all	U-element-all	ascii	core-native	decode	no-unknown	20	1706.7	1657.9	1808.9	0.089	1687.2	1736.7
codec-nounk-U	U-element-all	U-element-all	ascii	core-ffi	decode	no-unknown	20	1984.0	1931.8	2101.2	0.085	1955.8	2014.1
codec-nounk-U	U-element-all	U-element-all	ascii	core-ffi-pull	decode	no-unknown	20	2004.4	1953.6	2112.7	0.079	1978.9	2041.7
codec-nounk-U	U-wire-ListTasksDetailedResponse-page-as-wt5	U-wire-ListTasksDetailedResponse-page-as-wt5	ascii	core-native	decode	no-unknown	20	3763.4	3710.6	3947.3	0.063	3735.7	3820.2
codec-nounk-U	U-wire-ListTasksDetailedResponse-page-as-wt5	U-wire-ListTasksDetailedResponse-page-as-wt5	ascii	core-ffi	decode	no-unknown	20	4338.6	4248.2	4475.1	0.052	4292.2	4369.1
codec-nounk-U	U-wire-ListTasksDetailedResponse-page-as-wt5	U-wire-ListTasksDetailedResponse-page-as-wt5	ascii	core-ffi-pull	decode	no-unknown	20	4278.2	4203.6	4451.8	0.058	4247.1	4325.1
codec-nounk-U	U-root-max-tag	U-root-max-tag	ascii	incumbent-prod	encode	default	20	627.0	614.7	645.7	0.049	618.9	636.6
codec-nounk-U	U-root-max-tag	U-root-max-tag	ascii	armonik	encode	default	20	648.1	625.1	664.9	0.061	640.0	656.7
codec-nounk-U	U-root-max-tag	U-root-max-tag	ascii	core-native	encode	no-unknown	20	99.3	96.0	104.2	0.083	98.2	99.9
codec-nounk-U	U-root-max-tag	U-root-max-tag	ascii	core-ffi	encode	no-unknown	20	156.2	151.5	160.1	0.055	154.7	158.0
codec-nounk-U	U-wire-ListMetricsResponse-batches-as-wt0	U-wire-ListMetricsResponse-batches-as-wt0	ascii	core-native	encode	no-unknown	20	605.2	590.8	667.2	0.126	599.2	612.3
codec-nounk-U	U-wire-ListMetricsResponse-batches-as-wt0	U-wire-ListMetricsResponse-batches-as-wt0	ascii	core-ffi	encode	no-unknown	20	714.2	689.5	742.7	0.075	707.6	719.5
codec-nounk-U	U-element-all	U-element-all	ascii	incumbent-prod	decode-read	default	20	2221.1	2158.3	2286.8	0.058	2193.8	2255.2
codec-nounk-U	U-element-all	U-element-all	ascii	armonik	decode-read	default	20	2209.8	2142.6	2337.8	0.088	2185.1	2233.3
codec-nounk-U	U-element-all	U-element-all	ascii	core-native	decode-read	no-unknown	20	1752.7	1720.8	1819.4	0.056	1730.6	1790.8
codec-nounk-U	U-element-all	U-element-all	ascii	core-ffi	decode-read	no-unknown	20	2001.0	1970.2	2074.8	0.052	1984.3	2016.5
codec-nounk-U	U-element-all	U-element-all	ascii	core-ffi-pull	decode-read	no-unknown	20	2054.8	1982.1	2139.2	0.076	2028.8	2068.1
codec-nounk-U	U-oneof-u-msg	U-oneof-u-msg	ascii	incumbent-prod	decode-read	default	20	132.0	129.5	139.7	0.077	130.9	135.8
codec-nounk-U	U-oneof-u-msg	U-oneof-u-msg	ascii	armonik	decode-read	default	20	138.1	134.4	160.4	0.188	136.9	139.8
codec-nounk-U	U-oneof-u-msg	U-oneof-u-msg	ascii	core-native	decode-read	no-unknown	20	100.2	97.8	102.7	0.049	99.3	100.9
codec-nounk-U	U-oneof-u-msg	U-oneof-u-msg	ascii	core-ffi	decode-read	no-unknown	20	108.1	105.9	115.2	0.086	107.3	110.0
codec-nounk-U	U-oneof-u-msg	U-oneof-u-msg	ascii	core-ffi-pull	decode-read	no-unknown	20	119.1	116.5	131.3	0.125	118.7	120.1
codec-nounk-U	U-oneof-u-fixed32	U-oneof-u-fixed32	ascii	incumbent-prod	encode	default	20	130.0	120.8	138.8	0.138	128.9	131.2
codec-nounk-U	U-oneof-u-fixed32	U-oneof-u-fixed32	ascii	armonik	encode	default	20	126.6	119.7	130.6	0.086	126.1	128.6
codec-nounk-U	U-oneof-u-fixed32	U-oneof-u-fixed32	ascii	core-native	encode	no-unknown	20	21.7	21.3	22.5	0.053	21.6	22.1
codec-nounk-U	U-oneof-u-fixed32	U-oneof-u-fixed32	ascii	core-ffi	encode	no-unknown	20	42.9	41.3	44.2	0.068	42.4	43.5
codec-nounk-U	U-enum-value-packed	U-enum-value-packed	ascii	incumbent-prod	decode-read	default	20	106.5	103.8	133.9	0.283	105.9	107.8
codec-nounk-U	U-enum-value-packed	U-enum-value-packed	ascii	armonik	decode-read	default	20	136.4	132.5	172.9	0.296	133.3	148.9
codec-nounk-U	U-enum-value-packed	U-enum-value-packed	ascii	core-native	decode-read	no-unknown	20	91.3	88.4	140.9	0.574	90.1	95.3
codec-nounk-U	U-enum-value-packed	U-enum-value-packed	ascii	core-ffi	decode-read	no-unknown	20	211.1	202.3	248.4	0.218	207.5	213.2
codec-nounk-U	U-enum-value-packed	U-enum-value-packed	ascii	core-ffi-pull	decode-read	no-unknown	20	236.9	231.7	349.0	0.495	234.7	239.4
codec-nounk-U	U-element-u-msg	U-element-u-msg	ascii	incumbent-prod	encode	default	20	1365.8	1342.4	1509.4	0.122	1355.3	1400.1
codec-nounk-U	U-element-u-msg	U-element-u-msg	ascii	armonik	encode	default	20	1360.0	1330.9	1591.6	0.192	1351.5	1383.1
codec-nounk-U	U-element-u-msg	U-element-u-msg	ascii	core-native	encode	no-unknown	20	250.8	243.5	289.5	0.183	248.8	253.5
codec-nounk-U	U-element-u-msg	U-element-u-msg	ascii	core-ffi	encode	no-unknown	20	432.1	421.5	556.8	0.313	428.5	441.7
codec-nounk-U	U-oneof-before	U-oneof-before	ascii	incumbent-prod	decode-read	default	20	215.0	206.7	264.9	0.270	211.8	217.8
codec-nounk-U	U-oneof-before	U-oneof-before	ascii	armonik	decode-read	default	20	220.7	214.3	275.1	0.276	217.8	225.8
codec-nounk-U	U-oneof-before	U-oneof-before	ascii	core-native	decode-read	no-unknown	20	129.4	126.5	169.9	0.335	127.9	131.6
codec-nounk-U	U-oneof-before	U-oneof-before	ascii	core-ffi	decode-read	no-unknown	20	129.5	127.5	143.7	0.126	128.2	130.2
codec-nounk-U	U-oneof-before	U-oneof-before	ascii	core-ffi-pull	decode-read	no-unknown	20	142.6	139.7	177.4	0.265	141.9	144.0
codec-nounk-U	U-oneof-member-alone	U-oneof-member-alone	ascii	incumbent-prod	decode-read	default	20	117.5	115.3	120.4	0.043	116.9	118.4
codec-nounk-U	U-oneof-member-alone	U-oneof-member-alone	ascii	armonik	decode-read	default	20	119.8	116.8	124.5	0.065	118.6	121.1
codec-nounk-U	U-oneof-member-alone	U-oneof-member-alone	ascii	core-native	decode-read	no-unknown	20	93.7	92.2	97.4	0.055	93.3	94.2
codec-nounk-U	U-oneof-member-alone	U-oneof-member-alone	ascii	core-ffi	decode-read	no-unknown	20	101.4	100.4	106.4	0.059	101.0	102.0
codec-nounk-U	U-oneof-member-alone	U-oneof-member-alone	ascii	core-ffi-pull	decode-read	no-unknown	20	112.4	109.7	121.4	0.105	111.7	115.0
codec-nounk-U	U-leaf-u-msg	U-leaf-u-msg	ascii	incumbent-prod	decode-read	default	20	321.7	312.6	358.1	0.141	317.8	335.2
codec-nounk-U	U-leaf-u-msg	U-leaf-u-msg	ascii	armonik	decode-read	default	20	310.4	300.1	328.3	0.091	305.7	316.4
codec-nounk-U	U-leaf-u-msg	U-leaf-u-msg	ascii	core-native	decode-read	no-unknown	20	242.8	235.5	296.2	0.250	239.7	244.8
codec-nounk-U	U-leaf-u-msg	U-leaf-u-msg	ascii	core-ffi	decode-read	no-unknown	20	246.0	239.4	301.4	0.252	244.0	252.3
codec-nounk-U	U-leaf-u-msg	U-leaf-u-msg	ascii	core-ffi-pull	decode-read	no-unknown	20	250.9	242.4	265.4	0.092	248.9	255.5
codec-nounk-U	U-nested-u-len	U-nested-u-len	ascii	incumbent-prod	decode	default	20	300.0	231.7	329.0	0.324	293.8	306.2
codec-nounk-U	U-nested-u-len	U-nested-u-len	ascii	armonik	decode	default	20	290.1	222.5	322.6	0.345	270.2	297.3
codec-nounk-U	U-nested-u-len	U-nested-u-len	ascii	core-native	decode	no-unknown	20	237.1	181.9	254.0	0.304	222.4	239.6
codec-nounk-U	U-nested-u-len	U-nested-u-len	ascii	core-ffi	decode	no-unknown	20	234.8	179.2	260.1	0.345	222.8	237.6
codec-nounk-U	U-nested-u-len	U-nested-u-len	ascii	core-ffi-pull	decode	no-unknown	20	237.6	182.7	268.8	0.362	223.8	251.4
codec-nounk-U	U-root-u-len	U-root-u-len	ascii	incumbent-prod	decode	default	20	508.8	488.7	579.0	0.178	496.4	547.3
codec-nounk-U	U-root-u-len	U-root-u-len	ascii	armonik	decode	default	20	518.2	493.0	613.4	0.232	502.2	576.0
codec-nounk-U	U-root-u-len	U-root-u-len	ascii	core-native	decode	no-unknown	20	417.1	399.8	499.2	0.238	405.7	454.3
codec-nounk-U	U-root-u-len	U-root-u-len	ascii	core-ffi	decode	no-unknown	20	411.2	386.7	505.0	0.288	397.4	445.4
codec-nounk-U	U-root-u-len	U-root-u-len	ascii	core-ffi-pull	decode	no-unknown	20	422.2	394.7	487.3	0.219	407.5	454.3
codec-nounk-U	U-element-u-packed	U-element-u-packed	ascii	incumbent-prod	decode-read	default	20	1951.2	1587.2	2068.0	0.246	1933.1	1979.5
codec-nounk-U	U-element-u-packed	U-element-u-packed	ascii	armonik	decode-read	default	20	1925.4	1567.4	2002.5	0.226	1906.9	1936.5
codec-nounk-U	U-element-u-packed	U-element-u-packed	ascii	core-native	decode-read	no-unknown	20	1534.0	1254.1	1609.3	0.232	1514.5	1556.6
codec-nounk-U	U-element-u-packed	U-element-u-packed	ascii	core-ffi	decode-read	no-unknown	20	1915.4	1551.4	2083.6	0.278	1899.3	1952.1
codec-nounk-U	U-element-u-packed	U-element-u-packed	ascii	core-ffi-pull	decode-read	no-unknown	20	1923.7	1683.7	2215.6	0.276	1901.8	1951.8
codec-nounk-U	U-nested-all	U-nested-all	ascii	incumbent-prod	encode	default	20	270.1	265.5	280.9	0.057	267.9	272.8
codec-nounk-U	U-nested-all	U-nested-all	ascii	armonik	encode	default	20	279.2	276.0	289.6	0.049	277.5	283.9
codec-nounk-U	U-nested-all	U-nested-all	ascii	core-native	encode	no-unknown	20	45.9	44.5	47.3	0.062	45.2	46.5
codec-nounk-U	U-nested-all	U-nested-all	ascii	core-ffi	encode	no-unknown	20	84.3	80.9	86.5	0.066	82.7	85.6
codec-nounk-U	U-wire-ListProbeResponse-probes-as-wt1	U-wire-ListProbeResponse-probes-as-wt1	ascii	core-native	encode	no-unknown	20	44.1	41.0	50.7	0.218	43.0	46.1
codec-nounk-U	U-wire-ListProbeResponse-probes-as-wt1	U-wire-ListProbeResponse-probes-as-wt1	ascii	core-ffi	encode	no-unknown	20	75.9	73.1	86.2	0.172	74.8	77.6
codec-nounk-U	U-leaf-all	U-leaf-all	ascii	incumbent-prod	decode-read	default	20	495.6	482.8	526.1	0.087	491.3	500.9
codec-nounk-U	U-leaf-all	U-leaf-all	ascii	armonik	decode-read	default	20	488.2	475.5	524.7	0.101	485.4	494.4
codec-nounk-U	U-leaf-all	U-leaf-all	ascii	core-native	decode-read	no-unknown	20	306.7	298.7	397.0	0.321	304.8	310.4
codec-nounk-U	U-leaf-all	U-leaf-all	ascii	core-ffi	decode-read	no-unknown	20	311.8	305.7	325.4	0.063	309.3	316.6
codec-nounk-U	U-leaf-all	U-leaf-all	ascii	core-ffi-pull	decode-read	no-unknown	20	311.8	306.8	327.3	0.066	310.4	314.3
codec-nounk-U	U-wire-DualResponse-left-as-wt1	U-wire-DualResponse-left-as-wt1	ascii	core-native	decode-read	no-unknown	20	188.9	180.4	202.6	0.117	184.2	194.8
codec-nounk-U	U-wire-DualResponse-left-as-wt1	U-wire-DualResponse-left-as-wt1	ascii	core-ffi	decode-read	no-unknown	20	230.1	226.1	265.1	0.170	227.7	232.5
codec-nounk-U	U-wire-DualResponse-left-as-wt1	U-wire-DualResponse-left-as-wt1	ascii	core-ffi-pull	decode-read	no-unknown	20	242.9	238.2	288.4	0.206	239.8	252.1
codec-nounk-U	U-leaf-u-varint	U-leaf-u-varint	ascii	incumbent-prod	encode	default	20	270.8	264.3	311.3	0.174	269.2	273.9
codec-nounk-U	U-leaf-u-varint	U-leaf-u-varint	ascii	armonik	encode	default	20	281.7	275.4	298.7	0.083	278.0	284.5
codec-nounk-U	U-leaf-u-varint	U-leaf-u-varint	ascii	core-native	encode	no-unknown	20	46.1	44.2	49.9	0.124	45.4	46.6
codec-nounk-U	U-leaf-u-varint	U-leaf-u-varint	ascii	core-ffi	encode	no-unknown	20	84.5	79.0	98.3	0.229	81.9	85.9
codec-nounk-U	U-oneof-all	U-oneof-all	ascii	incumbent-prod	decode-read	default	20	215.9	205.0	226.6	0.100	211.7	220.8
codec-nounk-U	U-oneof-all	U-oneof-all	ascii	armonik	decode-read	default	20	221.2	213.3	230.5	0.078	218.5	224.9
codec-nounk-U	U-oneof-all	U-oneof-all	ascii	core-native	decode-read	no-unknown	20	129.8	126.9	134.5	0.058	129.5	131.4
codec-nounk-U	U-oneof-all	U-oneof-all	ascii	core-ffi	decode-read	no-unknown	20	134.8	132.3	141.9	0.071	133.7	135.6
codec-nounk-U	U-oneof-all	U-oneof-all	ascii	core-ffi-pull	decode-read	no-unknown	20	145.0	142.5	154.3	0.081	144.2	145.6
codec-nounk-U	U-wire-ListProbeResponse-probes-as-wt5	U-wire-ListProbeResponse-probes-as-wt5	ascii	core-native	decode	no-unknown	20	197.6	170.9	223.4	0.265	185.7	200.5
codec-nounk-U	U-wire-ListProbeResponse-probes-as-wt5	U-wire-ListProbeResponse-probes-as-wt5	ascii	core-ffi	decode	no-unknown	20	202.4	180.8	220.5	0.196	195.3	206.1
codec-nounk-U	U-wire-ListProbeResponse-probes-as-wt5	U-wire-ListProbeResponse-probes-as-wt5	ascii	core-ffi-pull	decode	no-unknown	20	213.6	188.6	264.1	0.353	211.2	225.8
codec-nounk-U	U-wire-ListProbeResponse-probes-as-wt1	U-wire-ListProbeResponse-probes-as-wt1	ascii	core-native	decode-read	no-unknown	20	211.6	206.8	218.0	0.053	209.3	213.4
codec-nounk-U	U-wire-ListProbeResponse-probes-as-wt1	U-wire-ListProbeResponse-probes-as-wt1	ascii	core-ffi	decode-read	no-unknown	20	213.9	209.6	217.9	0.039	211.6	216.2
codec-nounk-U	U-wire-ListProbeResponse-probes-as-wt1	U-wire-ListProbeResponse-probes-as-wt1	ascii	core-ffi-pull	decode-read	no-unknown	20	224.5	220.0	233.5	0.060	222.1	225.3
codec-nounk-U	U-deep-all	U-deep-all	ascii	incumbent-prod	decode	default	20	2160.6	2063.5	2337.1	0.127	2122.8	2210.0
codec-nounk-U	U-deep-all	U-deep-all	ascii	armonik	decode	default	20	2115.4	2004.8	2170.4	0.078	2060.0	2139.4
codec-nounk-U	U-deep-all	U-deep-all	ascii	core-native	decode	no-unknown	20	1613.9	1572.6	1758.5	0.115	1598.1	1658.0
codec-nounk-U	U-deep-all	U-deep-all	ascii	core-ffi	decode	no-unknown	20	1891.4	1817.4	2030.8	0.113	1868.7	1925.1
codec-nounk-U	U-deep-all	U-deep-all	ascii	core-ffi-pull	decode	no-unknown	20	1896.3	1857.1	2049.6	0.102	1884.0	1986.5
codec-nounk-U	U-oneof-member-before-known	U-oneof-member-before-known	ascii	incumbent-prod	decode-read	default	20	132.6	128.1	139.6	0.087	130.4	133.6
codec-nounk-U	U-oneof-member-before-known	U-oneof-member-before-known	ascii	armonik	decode-read	default	20	136.2	127.8	148.9	0.155	133.0	139.2
codec-nounk-U	U-oneof-member-before-known	U-oneof-member-before-known	ascii	core-native	decode-read	no-unknown	20	100.5	95.6	110.6	0.149	98.6	103.5
codec-nounk-U	U-oneof-member-before-known	U-oneof-member-before-known	ascii	core-ffi	decode-read	no-unknown	20	108.2	104.5	122.4	0.166	107.5	111.2
codec-nounk-U	U-oneof-member-before-known	U-oneof-member-before-known	ascii	core-ffi-pull	decode-read	no-unknown	20	119.6	115.2	126.4	0.093	118.1	121.2
codec-nounk-U	U-wire-ListResultsResponse-page-as-wt2	U-wire-ListResultsResponse-page-as-wt2	ascii	core-native	decode-read	no-unknown	20	602.7	571.9	637.4	0.109	591.5	619.9
codec-nounk-U	U-wire-ListResultsResponse-page-as-wt2	U-wire-ListResultsResponse-page-as-wt2	ascii	core-ffi	decode-read	no-unknown	20	567.8	551.1	602.8	0.091	559.8	580.1
codec-nounk-U	U-wire-ListResultsResponse-page-as-wt2	U-wire-ListResultsResponse-page-as-wt2	ascii	core-ffi-pull	decode-read	no-unknown	20	582.7	559.3	643.3	0.144	575.6	596.5
codec-nounk-U	U-root-u-packed	U-root-u-packed	ascii	incumbent-prod	decode	default	20	649.2	615.4	707.2	0.141	638.9	677.0
codec-nounk-U	U-root-u-packed	U-root-u-packed	ascii	armonik	decode	default	20	674.1	655.0	835.4	0.268	664.5	687.9
codec-nounk-U	U-root-u-packed	U-root-u-packed	ascii	core-native	decode	no-unknown	20	562.7	541.1	711.8	0.303	553.9	573.9
codec-nounk-U	U-root-u-packed	U-root-u-packed	ascii	core-ffi	decode	no-unknown	20	544.0	519.0	582.2	0.116	532.9	558.3
codec-nounk-U	U-root-u-packed	U-root-u-packed	ascii	core-ffi-pull	decode	no-unknown	20	536.7	529.9	593.2	0.118	534.0	555.9
codec-nounk-U	U-wire-UploadResultDataMessage-upload-as-wt1	U-wire-UploadResultDataMessage-upload-as-wt1	ascii	core-native	decode-read	no-unknown	20	100.0	97.8	104.3	0.065	99.0	101.4
codec-nounk-U	U-wire-UploadResultDataMessage-upload-as-wt1	U-wire-UploadResultDataMessage-upload-as-wt1	ascii	core-ffi	decode-read	no-unknown	20	94.3	92.4	106.0	0.144	93.2	96.7
codec-nounk-U	U-wire-UploadResultDataMessage-upload-as-wt1	U-wire-UploadResultDataMessage-upload-as-wt1	ascii	core-ffi-pull	decode-read	no-unknown	20	102.8	100.0	121.1	0.205	101.0	105.1
codec-nounk-U	U-element-u-varint	U-element-u-varint	ascii	incumbent-prod	decode	default	20	2012.9	1876.2	2112.6	0.117	1996.7	2022.2
codec-nounk-U	U-element-u-varint	U-element-u-varint	ascii	armonik	decode	default	20	1987.0	1845.6	2092.8	0.124	1961.0	1993.2
codec-nounk-U	U-element-u-varint	U-element-u-varint	ascii	core-native	decode	no-unknown	20	1572.5	1482.7	1620.6	0.088	1566.1	1591.3
codec-nounk-U	U-element-u-varint	U-element-u-varint	ascii	core-ffi	decode	no-unknown	20	1838.0	1699.1	1895.8	0.107	1812.3	1857.6
codec-nounk-U	U-element-u-varint	U-element-u-varint	ascii	core-ffi-pull	decode	no-unknown	20	1851.9	1710.8	1905.9	0.105	1834.4	1870.7
codec-nounk-U	U-enum-value-2147483647	U-enum-value-2147483647	ascii	incumbent-prod	decode	default	20	76.1	74.6	81.3	0.089	75.5	77.8
codec-nounk-U	U-enum-value-2147483647	U-enum-value-2147483647	ascii	armonik	decode	default	20	90.8	85.8	98.6	0.141	88.2	92.0
codec-nounk-U	U-enum-value-2147483647	U-enum-value-2147483647	ascii	core-native	decode	no-unknown	20	74.0	70.7	83.2	0.170	73.5	74.9
codec-nounk-U	U-enum-value-2147483647	U-enum-value-2147483647	ascii	core-ffi	decode	no-unknown	20	87.5	84.3	109.3	0.286	87.0	89.6
codec-nounk-U	U-enum-value-2147483647	U-enum-value-2147483647	ascii	core-ffi-pull	decode	no-unknown	20	92.3	89.5	97.5	0.087	91.9	93.0
codec-nounk-U	U-oneof-all	U-oneof-all	ascii	incumbent-prod	decode	default	20	200.2	167.8	217.5	0.248	189.0	204.6
codec-nounk-U	U-oneof-all	U-oneof-all	ascii	armonik	decode	default	20	199.4	179.8	221.7	0.210	194.9	203.7
codec-nounk-U	U-oneof-all	U-oneof-all	ascii	core-native	decode	no-unknown	20	117.1	101.3	129.7	0.242	115.2	119.5
codec-nounk-U	U-oneof-all	U-oneof-all	ascii	core-ffi	decode	no-unknown	20	121.6	104.9	135.7	0.253	118.4	124.6
codec-nounk-U	U-oneof-all	U-oneof-all	ascii	core-ffi-pull	decode	no-unknown	20	131.6	115.5	143.2	0.211	129.0	137.7
codec-nounk-U	U-root-u-fixed64	U-root-u-fixed64	ascii	incumbent-prod	encode	default	20	626.9	545.5	654.1	0.173	576.0	637.5
codec-nounk-U	U-root-u-fixed64	U-root-u-fixed64	ascii	armonik	encode	default	20	636.3	560.5	661.9	0.159	575.5	647.5
codec-nounk-U	U-root-u-fixed64	U-root-u-fixed64	ascii	core-native	encode	no-unknown	20	105.6	92.6	111.9	0.183	102.1	108.2
codec-nounk-U	U-root-u-fixed64	U-root-u-fixed64	ascii	core-ffi	encode	no-unknown	20	154.9	134.1	168.1	0.219	143.5	158.0
codec-nounk-U	U-enum-value-2147483647	U-enum-value-2147483647	ascii	incumbent-prod	decode-read	default	20	81.5	71.4	84.4	0.159	81.1	81.8
codec-nounk-U	U-enum-value-2147483647	U-enum-value-2147483647	ascii	armonik	decode-read	default	20	94.0	84.1	102.1	0.191	93.5	95.0
codec-nounk-U	U-enum-value-2147483647	U-enum-value-2147483647	ascii	core-native	decode-read	no-unknown	20	79.5	70.3	82.2	0.150	79.1	79.8
codec-nounk-U	U-enum-value-2147483647	U-enum-value-2147483647	ascii	core-ffi	decode-read	no-unknown	20	96.4	84.6	104.9	0.211	95.8	97.1
codec-nounk-U	U-enum-value-2147483647	U-enum-value-2147483647	ascii	core-ffi-pull	decode-read	no-unknown	20	102.0	100.5	106.8	0.062	101.4	103.4
codec-nounk-U	U-oneof-member-after-known	U-oneof-member-after-known	ascii	incumbent-prod	encode	default	20	128.7	118.6	134.8	0.125	122.5	130.6
codec-nounk-U	U-oneof-member-after-known	U-oneof-member-after-known	ascii	armonik	encode	default	20	125.1	116.0	129.3	0.106	120.7	126.6
codec-nounk-U	U-oneof-member-after-known	U-oneof-member-after-known	ascii	core-native	encode	no-unknown	20	22.1	20.9	25.5	0.209	21.3	22.4
codec-nounk-U	U-oneof-member-after-known	U-oneof-member-after-known	ascii	core-ffi	encode	no-unknown	20	42.8	40.8	45.0	0.099	42.4	43.8
codec-nounk-U	U-leaf-u-len	U-leaf-u-len	ascii	incumbent-prod	decode-read	default	20	323.7	315.6	384.5	0.213	318.8	333.2
codec-nounk-U	U-leaf-u-len	U-leaf-u-len	ascii	armonik	decode-read	default	20	310.0	298.1	381.7	0.270	307.5	324.0
codec-nounk-U	U-leaf-u-len	U-leaf-u-len	ascii	core-native	decode-read	no-unknown	20	254.6	249.8	274.6	0.097	252.6	260.5
codec-nounk-U	U-leaf-u-len	U-leaf-u-len	ascii	core-ffi	decode-read	no-unknown	20	256.7	244.4	299.1	0.213	249.8	263.2
codec-nounk-U	U-leaf-u-len	U-leaf-u-len	ascii	core-ffi-pull	decode-read	no-unknown	20	258.1	252.3	277.0	0.096	254.9	264.5
codec-nounk-U	U-leaf-u-fixed64	U-leaf-u-fixed64	ascii	incumbent-prod	decode-read	default	20	315.5	311.3	327.1	0.050	314.3	320.3
codec-nounk-U	U-leaf-u-fixed64	U-leaf-u-fixed64	ascii	armonik	decode-read	default	20	307.0	299.8	327.6	0.090	303.6	310.9
codec-nounk-U	U-leaf-u-fixed64	U-leaf-u-fixed64	ascii	core-native	decode-read	no-unknown	20	247.8	243.1	259.2	0.065	245.9	251.8
codec-nounk-U	U-leaf-u-fixed64	U-leaf-u-fixed64	ascii	core-ffi	decode-read	no-unknown	20	251.3	246.2	268.4	0.088	248.2	253.0
codec-nounk-U	U-leaf-u-fixed64	U-leaf-u-fixed64	ascii	core-ffi-pull	decode-read	no-unknown	20	255.0	250.6	270.4	0.077	252.8	258.5
codec-nounk-U	U-wire-DualResponse-left-as-wt0	U-wire-DualResponse-left-as-wt0	ascii	core-native	decode-read	no-unknown	20	186.8	183.2	195.1	0.064	184.5	189.2
codec-nounk-U	U-wire-DualResponse-left-as-wt0	U-wire-DualResponse-left-as-wt0	ascii	core-ffi	decode-read	no-unknown	20	227.2	223.6	233.9	0.045	225.8	230.7
codec-nounk-U	U-wire-DualResponse-left-as-wt0	U-wire-DualResponse-left-as-wt0	ascii	core-ffi-pull	decode-read	no-unknown	20	243.2	239.9	254.8	0.061	240.7	246.0
codec-nounk-U	U-nested-before	U-nested-before	ascii	incumbent-prod	encode	default	20	275.0	265.2	288.4	0.084	271.8	277.6
codec-nounk-U	U-nested-before	U-nested-before	ascii	armonik	encode	default	20	283.6	273.7	332.9	0.209	279.9	290.4
codec-nounk-U	U-nested-before	U-nested-before	ascii	core-native	encode	no-unknown	20	45.9	44.9	51.0	0.133	45.4	46.7
codec-nounk-U	U-nested-before	U-nested-before	ascii	core-ffi	encode	no-unknown	20	85.2	80.9	89.1	0.096	84.6	86.5
codec-nounk-U	U-nested-u-repeated	U-nested-u-repeated	ascii	incumbent-prod	decode	default	20	305.1	296.3	322.8	0.087	303.8	311.8
codec-nounk-U	U-nested-u-repeated	U-nested-u-repeated	ascii	armonik	decode	default	20	294.9	289.0	314.8	0.087	291.9	299.7
codec-nounk-U	U-nested-u-repeated	U-nested-u-repeated	ascii	core-native	decode	no-unknown	20	241.0	238.4	256.7	0.076	240.3	243.2
codec-nounk-U	U-nested-u-repeated	U-nested-u-repeated	ascii	core-ffi	decode	no-unknown	20	238.0	233.8	248.4	0.061	236.9	239.4
codec-nounk-U	U-nested-u-repeated	U-nested-u-repeated	ascii	core-ffi-pull	decode	no-unknown	20	239.9	235.6	270.6	0.146	237.7	242.2
codec-nounk-U	U-wire-DualResponse-left-as-wt1	U-wire-DualResponse-left-as-wt1	ascii	core-native	encode	no-unknown	20	44.0	42.3	55.7	0.306	43.4	53.7
codec-nounk-U	U-wire-DualResponse-left-as-wt1	U-wire-DualResponse-left-as-wt1	ascii	core-ffi	encode	no-unknown	20	71.9	67.1	95.4	0.393	69.7	90.9
codec-nounk-U	U-oneof-u-fixed64	U-oneof-u-fixed64	ascii	incumbent-prod	decode-read	default	20	130.4	129.0	133.1	0.031	129.7	131.3
codec-nounk-U	U-oneof-u-fixed64	U-oneof-u-fixed64	ascii	armonik	decode-read	default	20	134.8	132.8	141.3	0.063	133.9	135.3
codec-nounk-U	U-oneof-u-fixed64	U-oneof-u-fixed64	ascii	core-native	decode-read	no-unknown	20	99.3	97.5	102.8	0.053	98.4	100.0
codec-nounk-U	U-oneof-u-fixed64	U-oneof-u-fixed64	ascii	core-ffi	decode-read	no-unknown	20	107.1	105.4	108.6	0.029	106.3	107.6
codec-nounk-U	U-oneof-u-fixed64	U-oneof-u-fixed64	ascii	core-ffi-pull	decode-read	no-unknown	20	117.5	116.1	121.9	0.050	117.2	118.7
codec-nounk-U	U-wire-ListTasksDetailedResponse-tasks-as-wt0	U-wire-ListTasksDetailedResponse-tasks-as-wt0	ascii	core-native	encode	no-unknown	20	568.8	558.5	580.0	0.038	564.0	571.7
codec-nounk-U	U-wire-ListTasksDetailedResponse-tasks-as-wt0	U-wire-ListTasksDetailedResponse-tasks-as-wt0	ascii	core-ffi	encode	no-unknown	20	937.2	912.5	978.7	0.071	930.4	949.9
codec-nounk-U	U-wire-ListMetricsResponse-batches-as-wt1	U-wire-ListMetricsResponse-batches-as-wt1	ascii	core-native	decode-read	no-unknown	20	1718.0	1664.9	1990.3	0.189	1694.7	1758.7
codec-nounk-U	U-wire-ListMetricsResponse-batches-as-wt1	U-wire-ListMetricsResponse-batches-as-wt1	ascii	core-ffi	decode-read	no-unknown	20	1669.6	1596.9	1780.8	0.110	1630.9	1702.2
codec-nounk-U	U-wire-ListMetricsResponse-batches-as-wt1	U-wire-ListMetricsResponse-batches-as-wt1	ascii	core-ffi-pull	decode-read	no-unknown	20	1518.7	1476.6	1648.4	0.113	1497.9	1557.4
codec-nounk-U	U-oneof-member-after-known	U-oneof-member-after-known	ascii	incumbent-prod	decode-read	default	20	126.0	120.5	145.6	0.199	122.2	129.4
codec-nounk-U	U-oneof-member-after-known	U-oneof-member-after-known	ascii	armonik	decode-read	default	20	125.8	122.8	138.0	0.121	124.2	131.9
codec-nounk-U	U-oneof-member-after-known	U-oneof-member-after-known	ascii	core-native	decode-read	no-unknown	20	94.5	92.3	100.6	0.088	93.1	99.1
codec-nounk-U	U-oneof-member-after-known	U-oneof-member-after-known	ascii	core-ffi	decode-read	no-unknown	20	102.9	100.0	112.0	0.116	100.6	106.8
codec-nounk-U	U-oneof-member-after-known	U-oneof-member-after-known	ascii	core-ffi-pull	decode-read	no-unknown	20	112.7	109.5	119.2	0.086	111.1	117.5
codec-nounk-U	U-leaf-u-fixed32	U-leaf-u-fixed32	ascii	incumbent-prod	encode	default	20	268.9	264.3	278.4	0.053	266.0	272.2
codec-nounk-U	U-leaf-u-fixed32	U-leaf-u-fixed32	ascii	armonik	encode	default	20	278.8	273.3	285.7	0.044	276.6	279.3
codec-nounk-U	U-leaf-u-fixed32	U-leaf-u-fixed32	ascii	core-native	encode	no-unknown	20	45.0	44.6	47.3	0.060	44.8	45.4
codec-nounk-U	U-leaf-u-fixed32	U-leaf-u-fixed32	ascii	core-ffi	encode	no-unknown	20	82.8	75.8	88.3	0.151	80.1	83.6
codec-nounk-U	U-nested-u-fixed64	U-nested-u-fixed64	ascii	incumbent-prod	decode	default	20	289.6	278.2	302.6	0.084	285.8	294.8
codec-nounk-U	U-nested-u-fixed64	U-nested-u-fixed64	ascii	armonik	decode	default	20	277.9	269.8	289.4	0.070	276.2	281.3
codec-nounk-U	U-nested-u-fixed64	U-nested-u-fixed64	ascii	core-native	decode	no-unknown	20	232.8	226.4	238.6	0.053	231.2	235.3
codec-nounk-U	U-nested-u-fixed64	U-nested-u-fixed64	ascii	core-ffi	decode	no-unknown	20	231.9	228.6	246.5	0.077	230.6	233.6
codec-nounk-U	U-nested-u-fixed64	U-nested-u-fixed64	ascii	core-ffi-pull	decode	no-unknown	20	235.0	227.3	242.3	0.064	232.7	236.7
codec-nounk-U	U-wire-ListMetricsResponse-batches-as-wt1	U-wire-ListMetricsResponse-batches-as-wt1	ascii	core-native	encode	no-unknown	20	601.2	591.2	619.0	0.046	594.2	604.4
codec-nounk-U	U-wire-ListMetricsResponse-batches-as-wt1	U-wire-ListMetricsResponse-batches-as-wt1	ascii	core-ffi	encode	no-unknown	20	699.7	688.6	815.5	0.181	695.4	712.1
codec-nounk-U	U-element-u-packed	U-element-u-packed	ascii	incumbent-prod	encode	default	20	1361.2	1325.3	1374.9	0.036	1353.2	1365.3
codec-nounk-U	U-element-u-packed	U-element-u-packed	ascii	armonik	encode	default	20	1352.2	1304.0	1428.7	0.092	1345.0	1356.2
codec-nounk-U	U-element-u-packed	U-element-u-packed	ascii	core-native	encode	no-unknown	20	246.7	237.4	252.8	0.062	244.8	248.5
codec-nounk-U	U-element-u-packed	U-element-u-packed	ascii	core-ffi	encode	no-unknown	20	429.6	413.4	436.0	0.053	425.5	431.7
codec-nounk-U	U-leaf-u-len	U-leaf-u-len	ascii	incumbent-prod	decode	default	20	306.5	302.1	315.2	0.043	305.4	307.9
codec-nounk-U	U-leaf-u-len	U-leaf-u-len	ascii	armonik	decode	default	20	297.8	287.6	312.9	0.085	292.3	300.8
codec-nounk-U	U-leaf-u-len	U-leaf-u-len	ascii	core-native	decode	no-unknown	20	246.0	236.4	250.2	0.056	238.8	248.8
codec-nounk-U	U-leaf-u-len	U-leaf-u-len	ascii	core-ffi	decode	no-unknown	20	244.6	235.9	252.2	0.067	241.3	247.9
codec-nounk-U	U-leaf-u-len	U-leaf-u-len	ascii	core-ffi-pull	decode	no-unknown	20	244.9	238.7	257.1	0.075	241.7	251.4
codec-nounk-U	U-root-u-varint	U-root-u-varint	ascii	incumbent-prod	encode	default	20	598.6	575.3	653.0	0.130	594.1	608.9
codec-nounk-U	U-root-u-varint	U-root-u-varint	ascii	armonik	encode	default	20	624.0	594.4	731.1	0.219	610.0	633.3
codec-nounk-U	U-root-u-varint	U-root-u-varint	ascii	core-native	encode	no-unknown	20	94.6	90.9	102.0	0.117	93.0	95.7
codec-nounk-U	U-root-u-varint	U-root-u-varint	ascii	core-ffi	encode	no-unknown	20	148.4	141.7	177.8	0.244	146.5	149.1
codec-nounk-U	U-wire-ListTasksDetailedResponse-page-as-wt2	U-wire-ListTasksDetailedResponse-page-as-wt2	ascii	core-native	decode-read	no-unknown	20	3204.6	3145.7	3238.4	0.029	3177.4	3216.7
codec-nounk-U	U-wire-ListTasksDetailedResponse-page-as-wt2	U-wire-ListTasksDetailedResponse-page-as-wt2	ascii	core-ffi	decode-read	no-unknown	20	4151.3	4034.3	4279.1	0.059	4121.5	4190.7
codec-nounk-U	U-wire-ListTasksDetailedResponse-page-as-wt2	U-wire-ListTasksDetailedResponse-page-as-wt2	ascii	core-ffi-pull	decode-read	no-unknown	20	4084.9	3990.5	4169.1	0.044	4053.4	4104.4
codec-nounk-U	U-oneof-u-packed	U-oneof-u-packed	ascii	incumbent-prod	decode-read	default	20	128.3	124.4	133.5	0.071	126.9	130.4
codec-nounk-U	U-oneof-u-packed	U-oneof-u-packed	ascii	armonik	decode-read	default	20	133.2	127.9	140.1	0.091	131.5	134.6
codec-nounk-U	U-oneof-u-packed	U-oneof-u-packed	ascii	core-native	decode-read	no-unknown	20	95.7	92.1	100.5	0.087	94.6	96.8
codec-nounk-U	U-oneof-u-packed	U-oneof-u-packed	ascii	core-ffi	decode-read	no-unknown	20	103.9	100.9	107.5	0.064	102.2	104.4
codec-nounk-U	U-oneof-u-packed	U-oneof-u-packed	ascii	core-ffi-pull	decode-read	no-unknown	20	113.7	109.8	118.4	0.075	112.2	114.9
codec-nounk-U	U-wire-ListTasksDetailedResponse-tasks-as-wt5	U-wire-ListTasksDetailedResponse-tasks-as-wt5	ascii	core-native	decode	no-unknown	20	3493.0	3451.6	3634.4	0.052	3470.1	3520.8
codec-nounk-U	U-wire-ListTasksDetailedResponse-tasks-as-wt5	U-wire-ListTasksDetailedResponse-tasks-as-wt5	ascii	core-ffi	decode	no-unknown	20	3924.9	3848.0	4102.8	0.065	3890.6	3973.6
codec-nounk-U	U-wire-ListTasksDetailedResponse-tasks-as-wt5	U-wire-ListTasksDetailedResponse-tasks-as-wt5	ascii	core-ffi-pull	decode	no-unknown	20	3905.1	3810.3	4005.5	0.050	3860.5	3953.5
codec-nounk-U	U-element-u-fixed64	U-element-u-fixed64	ascii	incumbent-prod	decode-read	default	20	2106.3	2073.1	2139.3	0.031	2099.1	2131.4
codec-nounk-U	U-element-u-fixed64	U-element-u-fixed64	ascii	armonik	decode-read	default	20	2097.5	2026.1	2125.4	0.047	2081.8	2106.5
codec-nounk-U	U-element-u-fixed64	U-element-u-fixed64	ascii	core-native	decode-read	no-unknown	20	1696.4	1676.4	1719.4	0.025	1685.8	1703.6
codec-nounk-U	U-element-u-fixed64	U-element-u-fixed64	ascii	core-ffi	decode-read	no-unknown	20	1940.5	1915.6	1971.5	0.029	1930.0	1957.5
codec-nounk-U	U-element-u-fixed64	U-element-u-fixed64	ascii	core-ffi-pull	decode-read	no-unknown	20	1983.2	1946.1	2043.8	0.049	1966.9	1992.8
codec-nounk-U	U-enum-value-packed	U-enum-value-packed	ascii	incumbent-prod	decode	default	20	101.0	99.5	102.8	0.033	100.4	101.4
codec-nounk-U	U-enum-value-packed	U-enum-value-packed	ascii	armonik	decode	default	20	120.6	117.6	123.0	0.045	119.1	121.4
codec-nounk-U	U-enum-value-packed	U-enum-value-packed	ascii	core-native	decode	no-unknown	20	79.8	78.3	81.5	0.039	79.5	80.4
codec-nounk-U	U-enum-value-packed	U-enum-value-packed	ascii	core-ffi	decode	no-unknown	20	201.9	198.3	204.1	0.029	201.3	202.4
codec-nounk-U	U-enum-value-packed	U-enum-value-packed	ascii	core-ffi-pull	decode	no-unknown	20	225.9	223.7	228.6	0.022	224.4	226.9
codec-nounk-U	U-deep-all	U-deep-all	ascii	incumbent-prod	decode-read	default	20	1953.6	1914.6	1990.2	0.039	1937.7	1965.8
codec-nounk-U	U-deep-all	U-deep-all	ascii	armonik	decode-read	default	20	1934.8	1903.1	1997.3	0.049	1921.6	1952.8
codec-nounk-U	U-deep-all	U-deep-all	ascii	core-native	decode-read	no-unknown	20	1511.3	1485.5	1548.2	0.041	1503.0	1519.9
codec-nounk-U	U-deep-all	U-deep-all	ascii	core-ffi	decode-read	no-unknown	20	1988.6	1942.0	2083.9	0.071	1966.8	2018.1
codec-nounk-U	U-deep-all	U-deep-all	ascii	core-ffi-pull	decode-read	no-unknown	20	2001.3	1961.5	2035.3	0.037	1992.7	2017.6
codec-nounk-U	U-enum-value-999	U-enum-value-999	ascii	incumbent-prod	decode-read	default	20	80.5	78.3	82.6	0.054	79.8	81.1
codec-nounk-U	U-enum-value-999	U-enum-value-999	ascii	armonik	decode-read	default	20	95.2	93.3	96.7	0.036	94.6	95.8
codec-nounk-U	U-enum-value-999	U-enum-value-999	ascii	core-native	decode-read	no-unknown	20	79.6	77.9	80.2	0.029	79.2	79.7
codec-nounk-U	U-enum-value-999	U-enum-value-999	ascii	core-ffi	decode-read	no-unknown	20	94.8	93.1	100.6	0.079	94.2	95.3
codec-nounk-U	U-enum-value-999	U-enum-value-999	ascii	core-ffi-pull	decode-read	no-unknown	20	101.5	99.9	106.8	0.068	101.1	101.8
codec-nounk-U	U-leaf-u-repeated	U-leaf-u-repeated	ascii	incumbent-prod	decode-read	default	20	343.0	336.5	359.8	0.068	340.8	351.0
codec-nounk-U	U-leaf-u-repeated	U-leaf-u-repeated	ascii	armonik	decode-read	default	20	331.0	321.4	349.3	0.084	326.1	333.3
codec-nounk-U	U-leaf-u-repeated	U-leaf-u-repeated	ascii	core-native	decode-read	no-unknown	20	255.2	251.5	271.1	0.077	253.2	258.0
codec-nounk-U	U-leaf-u-repeated	U-leaf-u-repeated	ascii	core-ffi	decode-read	no-unknown	20	259.9	249.4	271.5	0.085	257.6	263.3
codec-nounk-U	U-leaf-u-repeated	U-leaf-u-repeated	ascii	core-ffi-pull	decode-read	no-unknown	20	264.0	252.2	280.4	0.107	262.9	268.7
codec-nounk-U	U-deep-u-packed	U-deep-u-packed	ascii	incumbent-prod	encode	default	20	1385.1	1342.1	1462.6	0.087	1363.9	1405.2
codec-nounk-U	U-deep-u-packed	U-deep-u-packed	ascii	armonik	encode	default	20	1382.6	1336.4	1454.3	0.085	1357.6	1399.6
codec-nounk-U	U-deep-u-packed	U-deep-u-packed	ascii	core-native	encode	no-unknown	20	253.6	247.6	277.5	0.118	250.2	258.1
codec-nounk-U	U-deep-u-packed	U-deep-u-packed	ascii	core-ffi	encode	no-unknown	20	437.8	425.7	459.0	0.076	432.4	444.5
codec-nounk-U	U-oneof-u-varint	U-oneof-u-varint	ascii	incumbent-prod	decode	default	20	135.2	131.7	156.0	0.180	134.3	141.1
codec-nounk-U	U-oneof-u-varint	U-oneof-u-varint	ascii	armonik	decode	default	20	138.8	135.5	155.7	0.145	137.2	143.3
codec-nounk-U	U-oneof-u-varint	U-oneof-u-varint	ascii	core-native	decode	no-unknown	20	95.7	93.7	103.7	0.104	95.2	98.0
codec-nounk-U	U-oneof-u-varint	U-oneof-u-varint	ascii	core-ffi	decode	no-unknown	20	105.5	103.0	138.2	0.333	104.4	107.7
codec-nounk-U	U-oneof-u-varint	U-oneof-u-varint	ascii	core-ffi-pull	decode	no-unknown	20	116.2	112.9	123.5	0.092	115.0	118.5
codec-nounk-U	U-nested-u-packed	U-nested-u-packed	ascii	incumbent-prod	encode	default	20	270.0	265.8	284.9	0.071	268.0	273.9
codec-nounk-U	U-nested-u-packed	U-nested-u-packed	ascii	armonik	encode	default	20	278.1	274.3	291.7	0.062	275.8	280.9
codec-nounk-U	U-nested-u-packed	U-nested-u-packed	ascii	core-native	encode	no-unknown	20	45.4	44.4	48.8	0.097	45.0	46.5
codec-nounk-U	U-nested-u-packed	U-nested-u-packed	ascii	core-ffi	encode	no-unknown	20	85.1	78.5	105.8	0.322	83.4	86.9
codec-nounk-U	U-root-before	U-root-before	ascii	incumbent-prod	decode	default	20	703.6	679.3	762.6	0.118	693.0	717.7
codec-nounk-U	U-root-before	U-root-before	ascii	armonik	decode	default	20	719.3	700.6	783.3	0.115	713.3	739.5
codec-nounk-U	U-root-before	U-root-before	ascii	core-native	decode	no-unknown	20	551.7	540.1	585.5	0.082	546.3	556.2
codec-nounk-U	U-root-before	U-root-before	ascii	core-ffi	decode	no-unknown	20	532.4	514.9	556.4	0.078	525.6	543.8
codec-nounk-U	U-root-before	U-root-before	ascii	core-ffi-pull	decode	no-unknown	20	531.2	523.4	572.9	0.093	527.9	539.4
codec-nounk-U	U-wire-ListResultsResponse-page-as-wt2	U-wire-ListResultsResponse-page-as-wt2	ascii	core-native	encode	no-unknown	20	99.6	97.7	114.0	0.165	98.8	100.7
codec-nounk-U	U-wire-ListResultsResponse-page-as-wt2	U-wire-ListResultsResponse-page-as-wt2	ascii	core-ffi	encode	no-unknown	20	156.2	153.6	167.7	0.090	154.9	159.0
codec-nounk-U	U-element-u-fixed32	U-element-u-fixed32	ascii	incumbent-prod	decode	default	20	2056.6	1983.2	2350.7	0.179	2030.4	2125.1
codec-nounk-U	U-element-u-fixed32	U-element-u-fixed32	ascii	armonik	decode	default	20	2004.0	1942.2	2120.2	0.089	1980.7	2023.4
codec-nounk-U	U-element-u-fixed32	U-element-u-fixed32	ascii	core-native	decode	no-unknown	20	1603.3	1563.5	1702.6	0.087	1594.2	1621.8
codec-nounk-U	U-element-u-fixed32	U-element-u-fixed32	ascii	core-ffi	decode	no-unknown	20	1904.8	1841.5	2069.3	0.120	1872.4	1944.6
codec-nounk-U	U-element-u-fixed32	U-element-u-fixed32	ascii	core-ffi-pull	decode	no-unknown	20	1921.1	1855.5	1990.8	0.070	1889.2	1947.4
codec-nounk-U	U-nested-u-msg	U-nested-u-msg	ascii	incumbent-prod	encode	default	20	277.5	268.6	317.0	0.174	272.2	283.7
codec-nounk-U	U-nested-u-msg	U-nested-u-msg	ascii	armonik	encode	default	20	281.3	276.4	306.3	0.106	278.4	287.0
codec-nounk-U	U-nested-u-msg	U-nested-u-msg	ascii	core-native	encode	no-unknown	20	46.3	45.1	53.0	0.170	45.7	48.1
codec-nounk-U	U-nested-u-msg	U-nested-u-msg	ascii	core-ffi	encode	no-unknown	20	85.7	78.9	92.0	0.153	84.7	87.1
codec-nounk-U	U-wire-UploadResultDataMessage-upload-as-wt5	U-wire-UploadResultDataMessage-upload-as-wt5	ascii	core-native	encode	no-unknown	20	17.3	16.1	19.5	0.196	16.9	17.9
codec-nounk-U	U-wire-UploadResultDataMessage-upload-as-wt5	U-wire-UploadResultDataMessage-upload-as-wt5	ascii	core-ffi	encode	no-unknown	20	28.9	26.6	31.0	0.154	28.3	29.4
codec-nounk-U	U-wire-ListResultsResponse-page-as-wt1	U-wire-ListResultsResponse-page-as-wt1	ascii	core-native	decode-read	no-unknown	20	564.0	542.9	698.4	0.276	554.2	578.0
codec-nounk-U	U-wire-ListResultsResponse-page-as-wt1	U-wire-ListResultsResponse-page-as-wt1	ascii	core-ffi	decode-read	no-unknown	20	538.3	520.7	580.0	0.110	533.4	552.2
codec-nounk-U	U-wire-ListResultsResponse-page-as-wt1	U-wire-ListResultsResponse-page-as-wt1	ascii	core-ffi-pull	decode-read	no-unknown	20	540.1	522.0	568.4	0.086	537.2	548.2
codec-nounk-U	U-deep-u-repeated	U-deep-u-repeated	ascii	incumbent-prod	decode	default	20	1652.1	1518.6	2141.3	0.377	1617.2	1864.9
codec-nounk-U	U-deep-u-repeated	U-deep-u-repeated	ascii	armonik	decode	default	20	1637.9	1469.1	1905.8	0.267	1539.5	1813.9
codec-nounk-U	U-deep-u-repeated	U-deep-u-repeated	ascii	core-native	decode	no-unknown	20	1310.6	1149.7	1544.1	0.301	1225.7	1435.4
codec-nounk-U	U-deep-u-repeated	U-deep-u-repeated	ascii	core-ffi	decode	no-unknown	20	1744.5	1523.6	1967.0	0.254	1577.8	1893.2
codec-nounk-U	U-deep-u-repeated	U-deep-u-repeated	ascii	core-ffi-pull	decode	no-unknown	20	1657.6	1504.4	1964.4	0.278	1576.3	1884.1
codec-nounk-U	U-wire-ListResultsResponse-results-as-wt0	U-wire-ListResultsResponse-results-as-wt0	ascii	core-native	decode-read	no-unknown	20	508.5	492.6	813.3	0.631	503.4	520.2
codec-nounk-U	U-wire-ListResultsResponse-results-as-wt0	U-wire-ListResultsResponse-results-as-wt0	ascii	core-ffi	decode-read	no-unknown	20	488.2	474.2	583.6	0.224	481.2	496.9
codec-nounk-U	U-wire-ListResultsResponse-results-as-wt0	U-wire-ListResultsResponse-results-as-wt0	ascii	core-ffi-pull	decode-read	no-unknown	20	491.3	471.4	657.0	0.378	481.1	509.0
