# CONTAINER INSTRUMENTATION (gen/opt_bench.sh); ns per operation = thread CPU per criterion sample / iterations
file	input	payload	content	arm	dir	mode	samples	median_ns	min_ns	max_ns	spread	q25_ns	q75_ns
codec-P	P1.2	P1.2	ascii	core-ffi	decode-read	drop	20	458266.3	454936.9	471931.0	0.037	456496.8	462331.8
codec-P	P1.2/latin1	P1.2	latin1	core-ffi	decode-read	retain	20	711945.9	703124.4	731460.9	0.040	706906.8	725166.8
codec-P	P5.1	P5.1	ascii	core-native	decode-read	retain	20	91.9	90.9	93.3	0.026	91.6	92.2
codec-P	P5.2	P5.2	ascii	core-ffi-pull	decode-read	retain	20	1744.3	1736.8	1770.0	0.019	1741.5	1749.7
codec-P	P1.2	P1.2	ascii	core-ffi	decode	retain	20	431787.0	424558.4	435178.8	0.025	430630.5	432859.3
codec-P	P2.1	P2.1	ascii	core-native	decode-read	drop	20	1596.3	1550.8	1644.0	0.058	1592.3	1633.5
codec-P	P2.2	P2.2	ascii	core-ffi	decode	drop	20	1901057.8	1882450.0	1929876.7	0.025	1891909.0	1911516.0
codec-P	P5.4	P5.4	ascii	core-ffi	decode	retain	20	310809.9	308453.1	313815.2	0.017	309173.4	311537.9
codec-P	P5.2	P5.2	ascii	core-ffi-pull	decode	retain	20	1692.1	1683.9	1745.2	0.036	1687.9	1735.0
codec-P	P4.1	P4.1	ascii	core-ffi	decode	drop	20	303265.2	301245.4	314253.0	0.043	302328.4	304280.5
codec-P	P2.1	P2.1	ascii	armonik	decode-read	default	20	1964.6	1951.2	1985.6	0.017	1959.0	1972.3
codec-P	P1.2/latin1	P1.2	latin1	core-native	encode	drop	20	58021.4	56284.5	58689.0	0.041	56682.6	58298.7
codec-P	P2.1	P2.1	ascii	incumbent-prod	encode	default	20	1274.1	1002.7	1301.2	0.234	1021.6	1295.2
codec-P	P2.4	P2.4	ascii	core-native	decode-read	retain	20	1301563.0	1287604.9	1463440.9	0.135	1298229.2	1306822.8
codec-P	P7.1	P7.1	ascii	incumbent-prod	decode-read	default	20	270.3	268.6	274.7	0.023	269.7	271.2
codec-P	P1.2/wide	P1.2	wide	core-native	decode-read	retain	20	516535.1	512897.6	541081.0	0.055	515110.3	522609.9
codec-P	P1.2/wide	P1.2	wide	core-ffi	decode	drop	20	859798.7	800449.8	880163.5	0.093	856794.8	866722.0
codec-P	P5.4	P5.4	ascii	core-ffi-pull	decode	retain	20	331896.0	328885.2	333639.5	0.014	330287.9	332616.9
codec-P	P2.2	P2.2	ascii	core-ffi	decode-read	drop	20	1570828.1	1556023.0	1761459.3	0.131	1561913.2	1609815.9
codec-P	P5.1	P5.1	ascii	core-ffi-pull	decode-read	drop	20	141.6	131.5	145.1	0.096	140.9	142.7
codec-P	P7.1	P7.1	ascii	core-ffi	decode-read	retain	20	310.8	309.4	315.7	0.020	310.2	312.7
codec-P	P7.1	P7.1	ascii	core-native	decode	drop	20	193.4	191.1	196.3	0.027	192.2	194.1
codec-P	P2.3	P2.3	ascii	armonik	encode	default	20	377544.8	373503.9	403277.7	0.079	374907.7	381786.5
codec-P	P4.1	P4.1	ascii	armonik	decode	default	20	205730.0	204365.2	219319.1	0.073	205279.9	207037.7
codec-P	P5.3	P5.3	ascii	incumbent-prod	decode	default	20	45437.7	44830.0	48263.1	0.076	45187.8	46010.3
codec-P	P5.4	P5.4	ascii	core-ffi-pull	decode-read	drop	20	332005.6	327622.9	337731.8	0.030	329154.6	333997.2
codec-P	P5.2	P5.2	ascii	incumbent-prod	decode	default	20	1599.7	1593.6	1604.4	0.007	1597.9	1601.4
codec-P	P1.3	P1.3	ascii	core-ffi	encode	retain	20	4278.9	4066.2	4329.9	0.062	4229.0	4298.0
codec-P	P2.2/wide	P2.2	wide	core-ffi-pull	decode	retain	20	3336753.6	2684246.0	4096240.5	0.423	3187801.4	3413006.1
codec-P	P2.3	P2.3	ascii	core-ffi	decode	retain	20	1474643.9	1464201.1	1552574.4	0.060	1468986.9	1484978.6
codec-P	P4.1	P4.1	ascii	core-native	encode	retain	20	29332.9	28466.9	30979.3	0.086	29232.4	29657.8
codec-P	P2.2	P2.2	ascii	incumbent-prod	encode	default	20	857134.0	816984.2	924940.5	0.126	827579.7	867514.0
codec-P	P5.1	P5.1	ascii	incumbent-prod	encode	default	20	60.7	60.0	62.0	0.033	60.5	61.1
codec-P	P5.3	P5.3	ascii	core-ffi-pull	decode	retain	20	43309.0	42811.5	46862.4	0.094	43130.3	43886.3
codec-P	P1.2/wide	P1.2	wide	core-ffi-pull	decode-read	retain	20	998011.7	985557.9	1048185.1	0.063	990191.6	1012674.4
codec-P	P1.2	P1.2	ascii	core-native	decode	retain	20	321010.5	311259.5	365428.7	0.169	316713.4	325170.9
codec-P	P2.4	P2.4	ascii	armonik	decode-read	default	20	1742440.8	1726489.7	1853565.7	0.073	1738008.5	1752934.2
codec-P	P2.5	P2.5	ascii	armonik	decode-read	default	20	49840.8	49119.7	51702.0	0.052	49599.7	50428.6
codec-P	P2.2	P2.2	ascii	core-ffi	encode	drop	20	400080.4	377705.3	419379.3	0.104	391162.4	403416.4
codec-P	P2.4	P2.4	ascii	incumbent-prod	encode	default	20	577648.3	544737.5	607073.8	0.108	563293.2	580113.5
codec-P	P6.1	P6.1	ascii	armonik	decode-nodrop	default	20	302890.7	297029.1	316173.4	0.063	300857.7	306266.1
codec-P	P2.3	P2.3	ascii	core-ffi	decode-read	retain	20	1536635.8	1511859.0	1705925.1	0.126	1524451.5	1557436.2
codec-P	P1.1	P1.1	ascii	core-native	encode	retain	20	249.3	246.7	261.7	0.060	248.1	250.4
codec-P	P2.2	P2.2	ascii	core-ffi-pull	decode	retain	20	1820223.7	1781945.5	1975034.2	0.106	1807885.8	1866731.6
codec-P	P2.3	P2.3	ascii	core-ffi	encode	drop	20	250000.3	247081.5	273806.9	0.107	248261.4	254272.0
codec-P	P2.2	P2.2	ascii	core-native	decode-read	drop	20	1355447.1	1312831.9	1407072.6	0.070	1333599.7	1364336.6
codec-P	P1.2/latin1	P1.2	latin1	armonik	decode-read	default	20	596288.4	588257.4	613034.6	0.042	592998.1	600823.9
codec-P	P2.1	P2.1	ascii	core-native	decode	drop	20	1528.9	1510.4	1554.8	0.029	1522.4	1538.5
codec-P	P2.3	P2.3	ascii	core-ffi-pull	decode	retain	20	1455692.6	1428900.0	1494844.3	0.045	1444436.4	1465611.0
codec-P	P4.1	P4.1	ascii	core-ffi	encode	retain	20	58820.0	58178.1	59832.7	0.028	58490.1	58960.0
codec-P	P2.2/latin1	P2.2	latin1	core-ffi-pull	decode	drop	20	2595500.9	2526168.5	2761563.2	0.091	2550373.2	2636379.4
codec-P	P5.3	P5.3	ascii	core-ffi	decode	retain	20	46459.7	45856.5	48631.7	0.060	46256.7	47118.4
codec-P	P2.2/latin1	P2.2	latin1	core-native	encode	drop	20	238730.4	233989.0	246766.3	0.054	236933.5	241774.7
codec-P	P2.2	P2.2	ascii	core-ffi	decode-nodrop	drop	20	1593371.1	1548136.3	1695679.5	0.093	1573815.8	1620004.2
codec-P	P2.2	P2.2	ascii	core-native	decode	drop	20	1262570.9	1242712.9	1300464.8	0.046	1257063.1	1269487.0
codec-P	P2.2/latin1	P2.2	latin1	core-native	decode-read	retain	20	1838849.8	1822144.7	1916429.5	0.051	1829643.9	1849030.0
codec-P	P3.1	P3.1	ascii	armonik	encode	default	20	21091.0	20667.1	21770.5	0.052	20981.7	21233.2
codec-P	P1.3	P1.3	ascii	core-ffi-pull	decode-read	drop	20	20594.1	20509.1	21616.6	0.054	20536.6	20617.6
codec-P	P2.2/latin1	P2.2	latin1	core-ffi	decode	retain	20	2783303.0	2715246.2	3202525.0	0.175	2747614.0	2795023.5
codec-P	P2.1	P2.1	ascii	core-ffi-pull	decode	drop	20	3047.4	2993.6	3222.8	0.075	3014.3	3081.1
codec-P	P3.1	P3.1	ascii	core-ffi	encode	drop	20	8162.8	7959.2	8963.5	0.123	8107.4	8524.6
codec-P	P1.2/wide	P1.2	wide	core-ffi	encode	retain	20	108964.7	106697.6	115513.6	0.081	107396.9	110578.0
codec-P	P4.1	P4.1	ascii	core-native	decode	retain	20	232829.5	230708.1	255861.5	0.108	231864.2	235739.8
codec-P	P2.5	P2.5	ascii	core-ffi	decode-read	retain	20	64585.8	64107.5	67978.8	0.060	64410.2	65082.6
codec-P	P2.2/latin1	P2.2	latin1	incumbent-prod	encode	default	20	920791.9	888639.8	975931.2	0.095	911840.5	929683.2
codec-P	P2.5	P2.5	ascii	core-ffi	encode	drop	20	11477.8	11315.4	14346.6	0.264	11397.0	11530.6
codec-P	P1.3	P1.3	ascii	incumbent-prod	encode	default	20	5333.3	5263.6	5493.9	0.043	5306.6	5360.3
codec-P	P6.1	P6.1	ascii	core-native	decode-nodrop	drop	20	195394.6	193304.8	208755.9	0.079	194498.2	198679.3
codec-P	P1.3	P1.3	ascii	core-ffi-pull	decode	drop	20	18695.3	18454.1	19381.3	0.050	18569.3	19075.0
codec-P	P2.4	P2.4	ascii	core-ffi-pull	decode	retain	20	2038578.1	1982223.6	2144505.2	0.080	2019262.1	2069814.9
codec-P	P5.1	P5.1	ascii	armonik	decode	default	20	89.0	86.9	145.2	0.656	87.8	92.5
codec-P	P1.2/wide	P1.2	wide	core-native	decode-read	drop	20	624532.2	601594.2	664126.2	0.100	618255.9	633040.2
codec-P	P2.3	P2.3	ascii	core-ffi	encode	retain	20	258594.7	247466.8	285233.4	0.146	251940.4	265669.3
codec-P	P3.1	P3.1	ascii	core-ffi	decode	drop	20	34354.7	29446.3	36990.4	0.220	34174.5	34962.0
codec-P	P3.1	P3.1	ascii	core-ffi	decode	retain	20	35256.9	33846.6	42523.0	0.246	34542.1	36609.1
codec-P	P5.4	P5.4	ascii	core-ffi	decode	drop	20	321162.5	316353.5	329336.9	0.040	319196.9	323720.8
codec-P	P5.4	P5.4	ascii	armonik	decode	default	20	93.7	92.5	99.6	0.076	93.0	94.9
codec-P	P5.3	P5.3	ascii	armonik	decode-read	default	20	96.3	95.5	97.7	0.023	95.9	96.9
codec-P	P4.1	P4.1	ascii	core-ffi	encode	drop	20	58760.5	58101.4	59372.6	0.022	58547.4	59012.4
codec-P	P2.5	P2.5	ascii	core-ffi-pull	decode-read	retain	20	62304.3	62121.8	62749.0	0.010	62210.5	62392.4
codec-P	P5.2	P5.2	ascii	armonik	encode	default	20	1623.1	1568.3	1688.0	0.074	1578.8	1627.0
codec-P	P2.2	P2.2	ascii	core-ffi	decode-nodrop	retain	20	1588077.5	1555966.8	1906512.6	0.221	1577196.9	1610387.8
codec-P	P5.1	P5.1	ascii	incumbent-prod	decode-read	default	20	101.1	100.4	103.4	0.029	100.7	101.6
codec-P	P5.3	P5.3	ascii	armonik	decode	default	20	91.7	90.5	93.8	0.037	91.4	91.9
codec-P	P6.1	P6.1	ascii	core-native	decode	drop	20	206243.6	204535.0	215503.0	0.053	205479.1	207040.2
codec-P	P2.2	P2.2	ascii	core-ffi	decode	retain	20	1927592.2	1907675.0	1986339.3	0.041	1920933.4	1938593.3
codec-P	P2.2/latin1	P2.2	latin1	core-ffi-pull	decode-read	drop	20	2607181.0	2593411.2	2641275.2	0.018	2605047.7	2618871.2
codec-P	P3.1	P3.1	ascii	core-native	encode	retain	20	4210.5	4176.3	4318.9	0.034	4203.2	4220.0
codec-P	P1.3	P1.3	ascii	core-native	decode	retain	20	13549.0	13477.6	14014.5	0.040	13521.1	13571.3
codec-P	P1.2/latin1	P1.2	latin1	armonik	encode	default	20	319582.6	312552.3	330098.3	0.055	317628.1	320353.4
codec-P	P2.3	P2.3	ascii	core-ffi-pull	decode-read	drop	20	1467981.2	1454754.3	1559104.4	0.071	1462649.1	1480366.8
codec-P	P7.1	P7.1	ascii	core-native	decode-read	drop	20	209.7	203.6	268.7	0.310	207.4	255.3
codec-P	P2.2/wide	P2.2	wide	core-ffi-pull	decode-read	retain	20	3148108.5	2907925.5	3393289.5	0.154	2948386.8	3315408.9
codec-P	P1.1	P1.1	ascii	core-native	encode	drop	20	181.9	174.8	198.4	0.130	180.0	191.2
codec-P	P2.2/latin1	P2.2	latin1	armonik	decode-read	default	20	2067107.7	2046236.0	2090189.6	0.021	2056774.1	2070158.0
codec-P	P1.2	P1.2	ascii	armonik	decode-nodrop	default	20	283947.8	270960.8	314534.9	0.153	278792.1	286682.0
codec-P	P2.4	P2.4	ascii	core-native	decode	retain	20	1423486.4	1408297.1	1468309.7	0.042	1416451.8	1435206.6
codec-P	P2.4	P2.4	ascii	armonik	encode	default	20	540097.7	522164.6	571461.6	0.091	536352.4	555449.7
codec-P	P2.4	P2.4	ascii	armonik	decode	default	20	1600366.9	1307112.3	1632354.0	0.203	1334910.7	1611735.0
codec-P	P5.1	P5.1	ascii	core-ffi	decode-read	retain	20	128.2	126.5	138.8	0.097	127.2	129.1
codec-P	P1.2	P1.2	ascii	core-ffi-pull	decode-read	retain	20	465444.8	374825.4	502964.3	0.275	393538.8	477823.9
codec-P	P1.2/wide	P1.2	wide	core-native	decode	retain	20	607843.9	604547.3	622060.7	0.029	606741.2	611122.5
codec-P	P5.2	P5.2	ascii	armonik	decode-read	default	20	95.8	95.2	99.5	0.044	95.5	96.4
codec-P	P2.2/latin1	P2.2	latin1	core-ffi	decode-read	drop	20	2814683.8	2751642.5	3013251.0	0.093	2801511.6	2831959.4
codec-P	P4.1	P4.1	ascii	armonik	decode-nodrop	default	20	212860.4	209953.3	218194.2	0.039	212032.4	213839.9
codec-P	P1.2	P1.2	ascii	core-ffi-pull	decode	retain	20	449886.7	440411.2	473505.3	0.074	445603.2	456711.6
codec-P	P7.1	P7.1	ascii	core-ffi-pull	decode	retain	20	411.3	373.5	467.8	0.229	409.5	413.7
codec-P	P7.1	P7.1	ascii	core-ffi	decode	retain	20	373.4	371.2	394.3	0.062	372.4	376.1
codec-P	P5.3	P5.3	ascii	core-native	encode	retain	20	41827.6	41199.1	45223.3	0.096	41568.1	42244.1
codec-P	P2.4	P2.4	ascii	incumbent-prod	decode	default	20	1674868.6	1547709.9	1755399.7	0.124	1649694.4	1698876.0
codec-P	P1.2	P1.2	ascii	armonik	encode	default	20	320978.9	315742.1	330383.6	0.046	319765.1	322805.5
codec-P	P1.1	P1.1	ascii	armonik	decode	default	20	1366.1	1343.2	1463.4	0.088	1359.9	1383.6
codec-P	P1.2/latin1	P1.2	latin1	core-native	decode	drop	20	506892.6	498564.4	533807.8	0.070	499923.5	512804.4
codec-P	P5.1	P5.1	ascii	armonik	decode-read	default	20	93.3	91.3	96.8	0.058	92.7	94.3
codec-P	P2.5	P2.5	ascii	core-native	decode	drop	20	40961.4	39597.8	43227.7	0.089	40463.7	41299.5
codec-P	P1.2/latin1	P1.2	latin1	incumbent-prod	encode	default	20	315833.6	294549.0	386914.2	0.292	306263.4	322244.4
codec-P	P7.1	P7.1	ascii	core-ffi	decode	drop	20	358.7	352.6	384.0	0.088	357.2	360.6
codec-P	P6.1	P6.1	ascii	core-ffi	decode-nodrop	drop	20	155894.8	141106.6	194102.3	0.340	150652.5	187264.2
codec-P	P1.2/wide	P1.2	wide	core-ffi-pull	decode	drop	20	891888.8	776086.0	1120021.2	0.386	787685.0	1012425.1
codec-P	P1.2/wide	P1.2	wide	core-ffi	decode	retain	20	989894.3	963893.5	1033642.2	0.070	976715.5	998265.4
codec-P	P6.1	P6.1	ascii	incumbent-prod	encode	default	20	374556.9	370565.6	383062.9	0.033	372703.6	377476.9
codec-P	P2.2/wide	P2.2	wide	armonik	decode-read	default	20	2604437.2	2447234.8	2743817.0	0.114	2547962.2	2673073.1
codec-P	P1.2/wide	P1.2	wide	armonik	decode	default	20	676045.2	649861.6	687603.3	0.056	665151.3	681634.9
codec-P	P5.4	P5.4	ascii	core-native	decode-read	retain	20	328895.2	323606.7	358477.3	0.106	325459.8	340828.6
codec-P	P1.1	P1.1	ascii	core-ffi	encode	retain	20	327.1	305.3	354.3	0.150	324.2	348.2
codec-P	P2.1	P2.1	ascii	incumbent-prod	decode	default	20	1503.7	1487.3	1570.2	0.055	1494.8	1525.5
codec-P	P2.2	P2.2	ascii	core-native	encode	drop	20	208636.2	181637.0	223692.7	0.202	206423.3	212444.7
codec-P	P2.3	P2.3	ascii	core-native	decode	drop	20	960413.7	934314.2	1029814.1	0.099	950401.9	1016376.4
codec-P	P6.1	P6.1	ascii	core-native	decode-nodrop	retain	20	146621.4	139596.8	155256.9	0.107	142066.0	151155.3
codec-P	P2.3	P2.3	ascii	core-native	encode	drop	20	121743.3	111751.2	126328.5	0.120	119561.0	123314.6
codec-P	P2.1	P2.1	ascii	core-native	encode	retain	20	276.0	246.6	288.4	0.151	255.4	279.8
codec-P	P2.5	P2.5	ascii	core-ffi	decode-read	drop	20	50603.6	49996.4	51732.3	0.034	50310.2	50749.3
codec-P	P5.4	P5.4	ascii	core-ffi	decode-read	drop	20	340294.8	337930.7	347794.1	0.029	339761.5	340901.9
codec-P	P1.2/wide	P1.2	wide	incumbent-prod	decode	default	20	561266.7	557889.2	574140.4	0.029	560240.3	562223.0
codec-P	P2.3	P2.3	ascii	core-ffi	decode	drop	20	1177211.1	1165904.9	1200052.1	0.029	1174071.2	1180461.8
codec-P	P2.2	P2.2	ascii	core-ffi-pull	decode-read	retain	20	1939530.2	1710220.2	2041429.0	0.171	1894401.8	1990515.0
codec-P	P1.1	P1.1	ascii	core-ffi	decode	retain	20	1646.2	1627.1	1664.9	0.023	1640.1	1650.7
codec-P	P4.1	P4.1	ascii	core-native	encode	drop	20	25718.1	25434.6	25980.3	0.021	25538.9	25832.9
codec-P	P6.1	P6.1	ascii	core-ffi	decode-read	drop	20	208474.8	197715.1	236715.2	0.187	206339.4	210418.7
codec-P	P2.5	P2.5	ascii	incumbent-prod	encode	default	20	23874.8	22806.0	26490.2	0.154	23065.4	24467.3
codec-P	P1.3	P1.3	ascii	armonik	decode-read	default	20	14001.3	13258.8	14890.6	0.117	13969.9	14065.9
codec-P	P2.2/wide	P2.2	wide	core-ffi	decode	retain	20	3007150.2	2763270.2	3607568.8	0.281	2945687.8	3082866.7
codec-P	P5.1	P5.1	ascii	core-ffi-pull	decode	retain	20	133.8	126.7	135.7	0.067	132.3	134.7
codec-P	P1.2	P1.2	ascii	core-native	decode-nodrop	retain	20	207896.6	201835.4	271068.8	0.333	205678.6	233513.3
codec-P	P5.1	P5.1	ascii	core-ffi	encode	retain	20	27.2	26.7	35.4	0.321	26.9	34.4
codec-P	P2.4	P2.4	ascii	core-native	encode	drop	20	180293.1	172927.6	211674.0	0.215	176605.4	182848.4
codec-P	P2.2/wide	P2.2	wide	armonik	decode	default	20	1988767.1	1956029.2	2099603.6	0.072	1969063.0	2008294.1
codec-P	P1.2/wide	P1.2	wide	core-ffi	encode	drop	20	82661.0	80915.3	111428.4	0.369	81397.4	89602.3
codec-P	P4.1	P4.1	ascii	core-native	decode-nodrop	drop	20	185768.5	180972.3	199959.3	0.102	183878.0	188065.4
codec-P	P6.1	P6.1	ascii	core-ffi-pull	decode-read	drop	20	182507.8	179837.3	190856.9	0.060	180883.1	186760.6
codec-P	P2.1	P2.1	ascii	armonik	decode	default	20	1840.0	1784.0	1882.9	0.054	1804.1	1860.8
codec-P	P5.3	P5.3	ascii	core-ffi	decode-read	retain	20	45122.7	44330.0	50155.6	0.129	44706.8	45972.6
codec-P	P1.2/wide	P1.2	wide	incumbent-prod	encode	default	20	299001.3	295972.1	308287.9	0.041	298156.0	301458.8
codec-P	P4.1	P4.1	ascii	armonik	decode-read	default	20	277716.1	275661.8	281515.7	0.021	276311.0	279154.7
codec-P	P3.1	P3.1	ascii	incumbent-prod	decode-read	default	20	33041.0	32738.7	33538.3	0.024	32928.8	33149.8
codec-P	P1.2/latin1	P1.2	latin1	incumbent-prod	decode	default	20	610749.0	604494.0	631026.8	0.043	607585.6	612366.6
codec-P	P6.1	P6.1	ascii	core-ffi	encode	retain	20	84595.4	83322.5	86731.1	0.040	84220.7	84956.5
codec-P	P5.3	P5.3	ascii	core-ffi	encode	drop	20	46161.6	45843.7	46735.1	0.019	46031.3	46299.5
codec-P	P2.2/wide	P2.2	wide	core-native	decode	drop	20	2166447.4	2109813.4	2237107.2	0.059	2148308.0	2181402.5
codec-P	P5.1	P5.1	ascii	core-ffi	decode-read	drop	20	153.4	152.5	160.8	0.054	152.9	153.8
codec-P	P7.1	P7.1	ascii	core-ffi-pull	decode	drop	20	387.4	382.4	394.1	0.030	384.1	389.0
codec-P	P2.5	P2.5	ascii	core-native	encode	drop	20	5460.3	5351.0	5590.8	0.044	5401.1	5515.7
codec-P	P2.5	P2.5	ascii	core-ffi	encode	retain	20	11965.3	11792.9	12191.9	0.033	11893.9	12030.8
codec-P	P1.2/latin1	P1.2	latin1	core-native	decode-read	retain	20	531828.9	526165.3	671098.0	0.273	529168.6	539234.2
codec-P	P6.1	P6.1	ascii	armonik	encode	default	20	381632.3	376773.1	394485.3	0.046	379502.1	383831.2
codec-P	P2.2	P2.2	ascii	incumbent-prod	decode	default	20	1457726.0	1428959.9	1522454.4	0.064	1447686.0	1478106.4
codec-P	P5.1	P5.1	ascii	core-ffi	encode	drop	20	32.6	32.2	33.9	0.051	32.5	32.9
codec-P	P1.2/latin1	P1.2	latin1	core-native	decode-read	drop	20	522194.5	518282.8	557896.1	0.076	520666.9	527198.8
codec-P	P4.1	P4.1	ascii	core-ffi	decode-nodrop	drop	20	257500.4	253120.4	266373.1	0.051	255556.6	259471.1
codec-P	P5.2	P5.2	ascii	core-ffi	decode	retain	20	1775.4	1759.9	1916.2	0.088	1765.3	1794.0
codec-P	P2.1	P2.1	ascii	core-ffi-pull	decode	retain	20	3083.5	3037.2	3353.2	0.102	3058.2	3113.7
codec-P	P5.3	P5.3	ascii	core-ffi	decode-read	drop	20	42063.3	39035.1	47181.8	0.194	40229.3	44735.6
codec-P	P6.1	P6.1	ascii	core-ffi-pull	decode	retain	20	165530.5	161320.7	176187.2	0.090	162414.2	167640.1
codec-P	P5.3	P5.3	ascii	incumbent-prod	encode	default	20	42100.7	40062.2	47790.2	0.184	41500.3	43282.2
codec-P	P1.1	P1.1	ascii	incumbent-prod	encode	default	20	1137.8	1123.8	1151.0	0.024	1131.8	1141.0
codec-P	P5.2	P5.2	ascii	core-native	decode	drop	20	1647.5	1603.8	1660.2	0.034	1644.5	1651.7
codec-P	P5.4	P5.4	ascii	core-native	decode-read	drop	20	339869.4	311620.6	366521.0	0.162	332009.5	351729.2
codec-P	P1.3	P1.3	ascii	armonik	encode	default	20	6517.5	6056.9	8097.5	0.313	6430.3	6639.4
codec-P	P5.4	P5.4	ascii	core-ffi	encode	retain	20	328070.2	321288.7	340028.4	0.057	325044.4	331141.5
codec-P	P1.2/latin1	P1.2	latin1	incumbent-prod	decode-read	default	20	515166.9	490815.5	548587.3	0.112	504992.7	525798.9
codec-P	P6.1	P6.1	ascii	core-ffi	encode	drop	20	86225.0	84280.2	91455.5	0.083	85505.6	88400.4
codec-P	P5.2	P5.2	ascii	core-ffi-pull	decode	drop	20	1751.4	1744.1	1792.1	0.027	1746.1	1756.0
codec-P	P5.4	P5.4	ascii	core-ffi-pull	decode	drop	20	310618.5	308099.0	353121.2	0.145	309212.4	311710.1
codec-P	P2.2/wide	P2.2	wide	armonik	encode	default	20	938732.5	918890.3	1246464.9	0.349	926000.6	951499.0
codec-P	P5.4	P5.4	ascii	core-ffi	encode	drop	20	330265.8	315403.9	470917.5	0.471	325008.8	336735.1
codec-P	P7.1	P7.1	ascii	core-native	decode	retain	20	236.5	228.7	248.4	0.083	234.4	244.0
codec-P	P1.3	P1.3	ascii	core-ffi	decode-read	drop	20	19324.9	19106.3	19772.5	0.034	19246.3	19403.3
codec-P	P2.2/latin1	P2.2	latin1	core-ffi	encode	drop	20	390244.5	386226.1	443601.6	0.147	388385.3	417924.0
codec-P	P3.1	P3.1	ascii	core-ffi	encode	retain	20	7947.8	7746.5	8110.6	0.046	7904.7	8005.1
codec-P	P2.5	P2.5	ascii	core-ffi-pull	decode	drop	20	59725.9	59273.2	60001.6	0.012	59647.6	59820.2
codec-P	P1.2	P1.2	ascii	core-native	encode	retain	20	72874.8	72382.2	84271.3	0.163	72744.9	73009.8
codec-P	P4.1	P4.1	ascii	incumbent-prod	decode-read	default	20	274809.6	267150.0	277302.9	0.037	273973.1	275904.1
codec-P	P1.2	P1.2	ascii	core-ffi-pull	decode-read	drop	20	460927.7	444754.9	480917.3	0.078	458259.4	464626.1
codec-P	P1.2/latin1	P1.2	latin1	core-ffi	encode	drop	20	106126.8	105446.3	106996.3	0.015	105946.3	106343.1
codec-P	P4.1	P4.1	ascii	incumbent-prod	decode	default	20	257949.1	252035.4	314056.5	0.240	255080.3	262846.6
codec-P	P5.3	P5.3	ascii	core-native	encode	drop	20	41931.8	41307.6	43666.0	0.056	41744.0	42323.9
codec-P	P4.1	P4.1	ascii	core-ffi-pull	decode-read	retain	20	303032.6	294791.3	336126.4	0.136	302746.0	304347.4
codec-P	P2.4	P2.4	ascii	core-ffi	decode-read	drop	20	2125848.3	2052733.8	2537760.4	0.228	2083246.2	2166560.4
codec-P	P2.2/wide	P2.2	wide	core-native	decode-read	retain	20	2189792.7	2173319.6	2211967.0	0.018	2183855.4	2196806.0
codec-P	P7.1	P7.1	ascii	core-ffi-pull	decode-read	drop	20	402.9	396.4	444.3	0.119	401.2	407.5
codec-P	P1.3	P1.3	ascii	incumbent-prod	decode-read	default	20	11675.1	11652.3	12497.6	0.072	11666.4	11706.2
codec-P	P3.1	P3.1	ascii	core-native	decode	retain	20	23169.9	22346.5	23348.8	0.043	23089.1	23232.4
codec-P	P6.1	P6.1	ascii	core-ffi-pull	decode-read	retain	20	183960.2	181859.6	186860.0	0.027	182507.5	184891.3
codec-P	P2.2	P2.2	ascii	core-native	encode	retain	20	217946.6	216572.5	224592.0	0.037	217108.7	218847.7
codec-P	P2.3	P2.3	ascii	incumbent-prod	decode-read	default	20	1265435.4	1253423.6	1343880.6	0.071	1256294.7	1271899.1
codec-P	P5.4	P5.4	ascii	core-native	encode	retain	20	340957.8	322175.0	364367.1	0.124	336512.3	346121.0
codec-P	P1.3	P1.3	ascii	incumbent-prod	decode	default	20	10163.8	10056.2	10268.3	0.021	10122.4	10181.3
codec-P	P7.1	P7.1	ascii	armonik	decode	default	20	320.9	310.0	329.8	0.062	314.4	325.2
codec-P	P4.1	P4.1	ascii	incumbent-prod	decode-nodrop	default	20	213126.3	205982.7	216617.0	0.050	212229.5	215030.9
codec-P	P1.2	P1.2	ascii	incumbent-prod	decode	default	20	399753.8	396049.7	431643.8	0.089	398285.4	401219.2
codec-P	P1.2	P1.2	ascii	core-ffi	decode-read	retain	20	464645.7	414808.1	606617.7	0.413	452777.6	479768.2
codec-P	P1.1	P1.1	ascii	core-native	decode-read	drop	20	1119.9	1108.8	1180.6	0.064	1115.9	1140.0
codec-P	P5.2	P5.2	ascii	core-native	encode	drop	20	1528.9	1519.5	1541.8	0.015	1523.0	1532.9
codec-P	P2.4	P2.4	ascii	core-ffi	decode	retain	20	2064319.4	1970413.6	2171340.2	0.097	2039429.6	2082289.6
codec-P	P1.2	P1.2	ascii	core-ffi-pull	decode	drop	20	446598.6	439510.3	471264.8	0.071	442996.2	453621.0
codec-P	P1.2	P1.2	ascii	core-ffi	decode	drop	20	454591.5	439779.9	484522.0	0.098	445515.9	460484.5
codec-P	P4.1	P4.1	ascii	incumbent-prod	encode	default	20	127723.8	125703.5	136601.2	0.085	127016.4	131626.4
codec-P	P5.2	P5.2	ascii	core-native	decode	retain	20	1669.9	1608.5	1709.9	0.061	1659.8	1676.5
codec-P	P1.2	P1.2	ascii	core-native	decode	drop	20	320050.7	317763.9	323688.7	0.019	319185.7	321029.0
codec-P	P5.4	P5.4	ascii	armonik	encode	default	20	330344.0	321986.6	378942.7	0.172	327146.0	334041.8
codec-P	P5.3	P5.3	ascii	core-ffi-pull	decode-read	retain	20	41721.8	40604.2	44406.3	0.091	41204.2	43100.1
codec-P	P2.2/latin1	P2.2	latin1	core-native	decode	drop	20	1677027.5	1597143.7	1845371.0	0.148	1646489.4	1698421.9
codec-P	P4.1	P4.1	ascii	core-ffi-pull	decode-read	drop	20	267509.5	247879.5	290770.6	0.160	258826.2	271548.8
codec-P	P2.2/wide	P2.2	wide	core-native	encode	retain	20	240118.3	234596.1	277645.5	0.179	237888.4	244290.5
codec-P	P2.2	P2.2	ascii	core-ffi	encode	retain	20	408947.8	397170.2	460284.2	0.154	405066.1	418496.9
codec-P	P5.4	P5.4	ascii	core-native	encode	drop	20	353525.2	305980.1	421185.0	0.326	345998.3	373525.8
codec-P	P1.1	P1.1	ascii	core-ffi	decode-read	retain	20	1738.5	1692.6	1822.0	0.074	1729.2	1750.4
codec-P	P1.3	P1.3	ascii	core-ffi-pull	decode-read	retain	20	20840.7	20669.1	21777.4	0.053	20770.7	20903.4
codec-P	P2.2/latin1	P2.2	latin1	incumbent-prod	decode-read	default	20	2116110.4	2093591.2	2159950.8	0.031	2108288.0	2137555.5
codec-P	P1.3	P1.3	ascii	core-native	decode-read	retain	20	15845.0	15742.4	16418.5	0.043	15781.2	15931.6
codec-P	P2.2	P2.2	ascii	core-native	decode-nodrop	retain	20	980684.2	947073.4	1116158.5	0.172	971525.7	992211.1
codec-P	P6.1	P6.1	ascii	core-ffi	decode-nodrop	retain	20	170258.4	164361.6	183676.3	0.113	165083.9	177538.4
codec-P	P1.3	P1.3	ascii	core-native	encode	drop	20	1718.8	1669.6	1751.0	0.047	1698.3	1737.2
codec-P	P1.2	P1.2	ascii	core-ffi	decode-nodrop	retain	20	371290.2	365123.0	376014.8	0.029	369914.1	372280.1
codec-P	P2.1	P2.1	ascii	core-ffi	encode	retain	20	615.8	575.8	648.2	0.117	608.3	619.7
codec-P	P2.1	P2.1	ascii	core-native	decode	retain	20	1514.4	1427.6	1596.4	0.111	1500.6	1518.8
codec-P	P5.2	P5.2	ascii	core-ffi	encode	drop	20	1569.7	1520.2	1697.7	0.113	1566.9	1578.2
codec-P	P1.2/latin1	P1.2	latin1	core-ffi	decode	retain	20	718943.5	710635.9	737951.1	0.038	715682.1	725979.8
codec-P	P3.1	P3.1	ascii	core-native	encode	drop	20	3760.4	3702.2	3800.3	0.026	3732.2	3782.2
codec-P	P6.1	P6.1	ascii	incumbent-prod	decode-read	default	20	304827.3	298741.1	324606.1	0.085	302824.9	308858.9
codec-P	P2.1	P2.1	ascii	core-ffi	decode-read	retain	20	3185.2	2594.7	3447.8	0.268	3070.7	3223.9
codec-P	P2.5	P2.5	ascii	core-native	decode-read	retain	20	41899.8	41013.0	45450.9	0.106	41384.8	42187.0
codec-P	P5.1	P5.1	ascii	core-ffi-pull	decode	drop	20	153.9	151.9	156.1	0.027	153.0	155.0
codec-P	P1.1	P1.1	ascii	core-ffi-pull	decode	retain	20	1742.3	1730.9	1756.0	0.014	1739.3	1751.4
codec-P	P4.1	P4.1	ascii	core-ffi	decode	retain	20	312639.7	310606.5	326540.5	0.051	312121.8	313508.1
codec-P	P6.1	P6.1	ascii	core-ffi	decode	retain	20	180251.6	178138.2	183949.5	0.032	179869.8	181548.8
codec-P	P5.4	P5.4	ascii	core-ffi-pull	decode-read	retain	20	307893.6	301779.6	352461.7	0.165	305575.7	338103.9
codec-P	P5.3	P5.3	ascii	core-ffi-pull	decode-read	drop	20	41766.4	41402.5	43123.8	0.041	41609.3	41944.5
codec-P	P2.1	P2.1	ascii	core-ffi	decode	retain	20	3064.8	2990.7	3171.6	0.059	3043.9	3127.1
codec-P	P5.3	P5.3	ascii	armonik	encode	default	20	39763.3	39295.0	40692.9	0.035	39609.1	39936.0
codec-P	P1.1	P1.1	ascii	core-ffi	encode	drop	20	369.8	364.7	390.4	0.069	367.2	379.1
codec-P	P2.2/latin1	P2.2	latin1	armonik	encode	default	20	924555.1	916417.7	933999.3	0.019	920043.8	929104.5
codec-P	P1.2	P1.2	ascii	incumbent-prod	encode	default	20	301021.5	297542.8	306436.6	0.030	299596.2	303845.0
codec-P	P3.1	P3.1	ascii	incumbent-prod	decode	default	20	30723.0	30482.2	30901.9	0.014	30634.2	30830.2
codec-P	P1.2	P1.2	ascii	core-ffi	decode-nodrop	drop	20	364151.4	358496.6	377083.0	0.051	362582.8	367720.8
codec-P	P1.3	P1.3	ascii	core-ffi	decode	drop	20	16641.9	16517.9	17087.4	0.034	16550.1	17035.7
codec-P	P5.4	P5.4	ascii	incumbent-prod	decode-read	default	20	341016.5	335575.6	349878.2	0.042	337594.0	343571.6
codec-P	P5.4	P5.4	ascii	incumbent-prod	encode	default	20	346121.2	341539.7	361233.9	0.057	344709.2	348934.0
codec-P	P1.2	P1.2	ascii	core-native	decode-nodrop	drop	20	201706.8	195613.4	278618.0	0.412	199946.4	256974.9
codec-P	P4.1	P4.1	ascii	core-native	decode-read	retain	20	253069.5	205013.8	273685.1	0.271	247306.1	256251.0
codec-P	P2.4	P2.4	ascii	core-ffi-pull	decode-read	drop	20	1751421.5	1674908.0	1930723.7	0.146	1711717.6	1782730.2
codec-P	P2.2/latin1	P2.2	latin1	core-ffi	decode	drop	20	2236515.5	2175158.4	2342957.4	0.075	2202920.9	2299315.5
codec-P	P3.1	P3.1	ascii	core-native	decode-read	drop	20	22830.1	18893.6	24260.5	0.235	20846.5	23387.5
codec-P	P2.2/wide	P2.2	wide	core-ffi	decode-read	retain	20	3624841.7	3501728.3	3794265.0	0.081	3585695.9	3658232.2
codec-P	P5.3	P5.3	ascii	core-native	decode-read	retain	20	46651.6	40665.4	62807.0	0.475	45969.3	47841.4
codec-P	P3.1	P3.1	ascii	core-ffi-pull	decode	drop	20	36650.8	26545.7	48674.9	0.604	35234.4	43624.6
codec-P	P5.1	P5.1	ascii	core-ffi-pull	decode-read	retain	20	169.4	165.7	172.5	0.040	168.5	170.3
codec-P	P2.2/wide	P2.2	wide	core-ffi-pull	decode-read	drop	20	3567368.0	3407953.5	4681012.0	0.357	3428269.8	3615794.2
codec-P	P5.2	P5.2	ascii	incumbent-prod	encode	default	20	1682.7	1658.3	1793.1	0.080	1668.8	1705.1
codec-P	P2.2/wide	P2.2	wide	core-ffi	encode	drop	20	404010.7	347833.5	565515.2	0.539	352561.4	423610.8
codec-P	P1.3	P1.3	ascii	armonik	decode	default	20	13705.0	13228.2	14607.7	0.101	13363.6	14172.1
codec-P	P5.1	P5.1	ascii	core-native	decode	drop	20	70.9	69.7	84.6	0.210	70.6	74.9
codec-P	P5.1	P5.1	ascii	core-ffi	decode	retain	20	127.8	125.0	147.7	0.178	126.4	132.1
codec-P	P5.1	P5.1	ascii	core-native	decode-read	drop	20	73.1	72.0	74.4	0.032	72.8	73.4
codec-P	P5.2	P5.2	ascii	armonik	decode	default	20	73.1	72.1	74.5	0.033	72.8	73.6
codec-P	P2.2	P2.2	ascii	core-native	decode	retain	20	1066786.0	1029628.6	1291502.5	0.245	1058277.8	1087417.7
codec-P	P2.2/wide	P2.2	wide	core-ffi	decode	drop	20	3306318.3	2928618.3	4180344.3	0.379	3133512.5	3366353.6
codec-P	P3.1	P3.1	ascii	core-ffi-pull	decode	retain	20	30319.6	28258.9	31352.2	0.102	29651.4	30448.7
codec-P	P3.1	P3.1	ascii	core-ffi-pull	decode-read	drop	20	31730.5	29476.0	33898.8	0.139	29983.2	32521.5
codec-P	P2.2/wide	P2.2	wide	incumbent-prod	decode	default	20	2062962.2	1941750.2	2502274.2	0.272	2025262.9	2111294.0
codec-P	P5.3	P5.3	ascii	core-native	decode-read	drop	20	40414.0	39403.2	44560.5	0.128	40217.6	40810.3
codec-P	P5.2	P5.2	ascii	core-ffi	decode	drop	20	1745.0	1691.2	1770.4	0.045	1729.4	1750.7
codec-P	P5.2	P5.2	ascii	core-native	decode-read	drop	20	1687.0	1664.4	1768.2	0.062	1681.8	1703.8
codec-P	P1.2/wide	P1.2	wide	incumbent-prod	decode-read	default	20	736445.5	725979.7	757650.1	0.043	734493.4	741513.6
codec-P	P2.4	P2.4	ascii	core-ffi-pull	decode-read	retain	20	2183053.2	2121460.4	2251400.0	0.060	2164274.1	2203833.1
codec-P	P2.4	P2.4	ascii	core-native	decode-read	drop	20	1656639.4	1619487.8	1725352.2	0.064	1645573.3	1682627.4
codec-P	P2.2/wide	P2.2	wide	core-ffi-pull	decode	drop	20	3455814.7	3350253.0	3730733.7	0.110	3423451.2	3501909.6
codec-P	P1.2/latin1	P1.2	latin1	armonik	decode	default	20	590556.9	576395.4	614711.6	0.065	582279.7	599293.7
codec-P	P2.2	P2.2	ascii	core-native	decode-read	retain	20	1406239.9	1358508.9	1518093.2	0.113	1381473.8	1430079.2
codec-P	P2.3	P2.3	ascii	core-native	decode	retain	20	1148442.5	1119502.4	1229383.9	0.096	1144751.9	1169159.7
codec-P	P1.1	P1.1	ascii	incumbent-prod	decode	default	20	1035.8	1019.0	1461.8	0.427	1030.6	1068.8
codec-P	P2.1	P2.1	ascii	core-ffi	decode	drop	20	2495.3	2364.5	2562.1	0.079	2428.0	2510.7
codec-P	P1.1	P1.1	ascii	core-ffi	decode-read	drop	20	1368.7	1333.7	1480.7	0.107	1359.9	1425.4
codec-P	P2.2	P2.2	ascii	incumbent-prod	decode-read	default	20	1210523.1	1182349.9	1250914.7	0.057	1190052.1	1225561.6
codec-P	P2.2	P2.2	ascii	armonik	decode-nodrop	default	20	935784.9	851392.9	1008862.2	0.168	881337.0	979700.7
codec-P	P2.4	P2.4	ascii	core-ffi	encode	drop	20	280994.2	276120.9	310252.3	0.121	278583.8	290457.9
codec-P	P2.4	P2.4	ascii	core-native	decode	drop	20	1238128.4	1221110.4	1269539.0	0.039	1230920.5	1251577.8
codec-P	P3.1	P3.1	ascii	incumbent-prod	encode	default	20	16174.5	15804.9	17580.8	0.110	15930.0	16881.5
codec-P	P1.2/wide	P1.2	wide	core-native	encode	retain	20	58276.7	57074.9	61109.0	0.069	57428.8	59037.0
codec-P	P2.2/latin1	P2.2	latin1	incumbent-prod	decode	default	20	1635684.9	1578822.1	1674869.6	0.059	1622982.5	1656869.3
codec-P	P7.1	P7.1	ascii	incumbent-prod	decode	default	20	302.0	256.2	370.4	0.378	260.8	336.6
codec-P	P2.5	P2.5	ascii	core-native	decode	retain	20	39822.8	39197.5	40993.0	0.045	39515.3	40095.1
codec-P	P3.1	P3.1	ascii	core-ffi	decode-read	retain	20	35765.0	34918.0	37424.6	0.070	35681.2	35907.3
codec-P	P1.1	P1.1	ascii	core-native	decode	drop	20	1036.5	993.8	1186.3	0.186	1020.4	1055.4
codec-P	P2.3	P2.3	ascii	core-native	decode-read	drop	20	1187982.8	1161828.2	1219410.6	0.048	1176972.4	1198865.5
codec-P	P2.2/latin1	P2.2	latin1	core-native	decode-read	drop	20	1799153.8	1742243.2	1831941.7	0.050	1759496.0	1810868.1
codec-P	P1.2	P1.2	ascii	core-native	encode	drop	20	60128.3	59641.7	61182.5	0.026	60034.3	60351.1
codec-P	P6.1	P6.1	ascii	core-ffi	decode-read	retain	20	205540.4	203533.7	209433.2	0.029	204934.7	206921.2
codec-P	P2.4	P2.4	ascii	incumbent-prod	decode-read	default	20	1757912.9	1668643.8	1828391.8	0.091	1747416.6	1770363.9
codec-P	P2.2	P2.2	ascii	core-ffi-pull	decode-read	drop	20	1924692.5	1893786.3	2035947.5	0.074	1914262.2	1945389.5
codec-P	P1.2/wide	P1.2	wide	core-ffi-pull	decode	retain	20	985508.2	969361.5	1012852.6	0.044	977789.7	991920.0
codec-P	P3.1	P3.1	ascii	core-ffi	decode-read	drop	20	36046.6	35307.8	39041.0	0.104	35717.6	36397.6
codec-P	P2.2/wide	P2.2	wide	core-ffi	encode	retain	20	424666.6	419712.0	444271.8	0.058	421231.3	429662.4
codec-P	P2.5	P2.5	ascii	armonik	encode	default	20	25891.7	25554.3	26313.6	0.029	25753.6	26004.2
codec-P	P1.2/latin1	P1.2	latin1	core-ffi	decode-read	drop	20	737235.2	731933.2	763582.9	0.043	734653.5	745143.9
codec-P	P5.4	P5.4	ascii	core-native	decode	drop	20	363371.6	352316.2	380747.2	0.078	360173.4	366370.7
codec-P	P5.2	P5.2	ascii	core-ffi	decode-read	drop	20	1757.5	1743.2	1809.3	0.038	1750.9	1765.7
codec-P	P1.3	P1.3	ascii	core-ffi	decode	retain	20	17848.3	17687.0	18974.5	0.072	17790.9	17903.8
codec-P	P2.1	P2.1	ascii	incumbent-prod	decode-read	default	20	2044.7	1986.2	2209.7	0.109	2019.3	2080.4
codec-P	P5.1	P5.1	ascii	core-native	decode	retain	20	100.2	89.0	133.3	0.443	93.0	106.0
codec-P	P1.3	P1.3	ascii	core-ffi	decode-read	retain	20	20295.3	19885.6	20814.2	0.046	20085.8	20596.9
codec-P	P4.1	P4.1	ascii	core-native	decode-read	drop	20	252714.6	250437.0	265847.3	0.061	251641.8	257543.3
codec-P	P7.1	P7.1	ascii	core-ffi-pull	decode-read	retain	20	436.1	430.5	458.2	0.064	433.9	438.2
codec-P	P3.1	P3.1	ascii	core-ffi-pull	decode-read	retain	20	36620.0	35976.0	37466.0	0.041	36398.9	36801.0
codec-P	P6.1	P6.1	ascii	core-native	encode	drop	20	72450.0	70087.6	83922.0	0.191	70493.4	78025.8
codec-P	P4.1	P4.1	ascii	core-native	decode	drop	20	248403.8	239887.3	344421.0	0.421	243909.2	269138.1
codec-P	P1.2/wide	P1.2	wide	core-ffi	decode-read	drop	20	1014492.3	994569.4	1136437.6	0.140	1003768.4	1036601.0
codec-P	P2.1	P2.1	ascii	core-ffi	decode-read	drop	20	3136.4	3109.1	3170.5	0.020	3124.3	3155.4
codec-P	P5.3	P5.3	ascii	core-ffi	encode	retain	20	39440.7	39010.2	41069.1	0.052	39241.0	39931.9
codec-P	P5.2	P5.2	ascii	core-ffi	encode	retain	20	1566.8	1563.3	1578.1	0.009	1565.3	1572.3
codec-P	P5.2	P5.2	ascii	core-native	encode	retain	20	1550.2	1530.1	1701.6	0.111	1533.0	1555.2
codec-P	P6.1	P6.1	ascii	core-native	decode-read	retain	20	213290.1	210592.0	218048.9	0.035	212027.8	215617.0
codec-P	P1.2/latin1	P1.2	latin1	core-ffi	decode	drop	20	716041.4	709106.2	738534.8	0.041	714038.8	720278.2
codec-P	P1.2	P1.2	ascii	core-native	decode-read	drop	20	335864.7	331317.0	356047.7	0.074	334503.4	337365.2
codec-P	P2.3	P2.3	ascii	armonik	decode	default	20	1223389.9	1213936.4	1279378.3	0.053	1216952.8	1230455.2
codec-P	P1.2/latin1	P1.2	latin1	core-ffi-pull	decode	retain	20	753634.0	676963.8	797182.3	0.160	741536.2	770203.5
codec-P	P1.1	P1.1	ascii	core-ffi-pull	decode	drop	20	1645.6	1570.7	2045.0	0.288	1626.0	1750.0
codec-P	P1.2	P1.2	ascii	incumbent-prod	decode-nodrop	default	20	342768.1	333552.5	367579.7	0.099	336063.3	350389.7
codec-P	P2.2/wide	P2.2	wide	core-native	decode-read	drop	20	2329315.1	2262988.0	2956014.6	0.298	2303825.4	2511727.7
codec-P	P7.1	P7.1	ascii	core-native	decode-read	retain	20	214.3	197.9	234.6	0.171	202.8	221.9
codec-P	P4.1	P4.1	ascii	core-ffi-pull	decode	drop	20	246338.7	240073.5	304411.1	0.261	242671.7	273854.0
codec-P	P2.1	P2.1	ascii	core-ffi-pull	decode-read	retain	20	2869.9	2577.4	3315.9	0.257	2745.3	3171.8
codec-P	P5.1	P5.1	ascii	incumbent-prod	decode	default	20	86.2	80.0	111.5	0.366	82.9	103.8
codec-P	P3.1	P3.1	ascii	core-native	decode-read	retain	20	20160.9	19311.5	21681.1	0.118	19652.3	20732.8
codec-P	P2.2	P2.2	ascii	armonik	decode-read	default	20	1344033.8	1192218.9	1602247.4	0.305	1249712.1	1412353.2
codec-P	P2.4	P2.4	ascii	core-native	encode	retain	20	165935.3	160179.4	175366.2	0.092	162774.9	171147.8
codec-P	P6.1	P6.1	ascii	core-native	encode	retain	20	56544.2	54190.0	73475.9	0.341	55308.3	57178.4
codec-P	P2.4	P2.4	ascii	core-ffi-pull	decode	drop	20	2006403.2	1626250.3	2085459.7	0.229	1689888.5	2019910.9
codec-P	P1.2	P1.2	ascii	incumbent-prod	decode-read	default	20	419239.5	411246.8	435107.8	0.057	417266.4	420874.2
codec-P	P2.2	P2.2	ascii	incumbent-prod	decode-nodrop	default	20	894288.5	874332.4	962119.5	0.098	881319.7	921591.4
codec-P	P2.2/wide	P2.2	wide	core-native	encode	drop	20	244499.1	240699.2	262062.3	0.087	242874.5	246369.8
codec-P	P5.1	P5.1	ascii	core-ffi	decode	drop	20	151.2	145.8	158.2	0.082	150.1	152.2
codec-P	P5.2	P5.2	ascii	core-native	decode-read	retain	20	1703.2	1674.6	1807.3	0.078	1692.2	1719.4
codec-P	P2.2/wide	P2.2	wide	core-ffi	decode-read	drop	20	3610780.0	3532855.0	3684783.0	0.042	3569406.8	3630399.6
codec-P	P1.2/latin1	P1.2	latin1	core-native	decode	retain	20	413821.3	395394.9	477923.4	0.199	401284.6	419318.5
codec-P	P6.1	P6.1	ascii	core-ffi	decode	drop	20	144778.6	142674.4	152038.8	0.065	144047.9	149653.1
codec-P	P2.3	P2.3	ascii	core-native	encode	retain	20	114024.3	108713.1	136479.3	0.244	111360.8	115668.7
codec-P	P2.2/latin1	P2.2	latin1	core-ffi-pull	decode	retain	20	2085016.0	2052035.4	2156657.6	0.050	2072965.6	2129358.1
codec-P	P5.4	P5.4	ascii	armonik	decode-read	default	20	80.7	77.3	87.2	0.123	80.3	83.2
codec-P	P2.3	P2.3	ascii	incumbent-prod	encode	default	20	375786.1	370029.8	393715.7	0.063	372652.9	380252.5
codec-P	P2.2	P2.2	ascii	core-ffi-pull	decode	drop	20	1534348.4	1463110.3	1609424.6	0.095	1503757.4	1556313.9
codec-P	P6.1	P6.1	ascii	incumbent-prod	decode	default	20	299272.5	231142.4	320427.5	0.298	236273.7	301439.7
codec-P	P2.2/latin1	P2.2	latin1	core-native	encode	retain	20	241640.0	234158.4	250066.7	0.066	238401.9	243093.7
codec-P	P5.4	P5.4	ascii	core-ffi	decode-read	retain	20	333338.1	315413.3	342519.8	0.081	331447.2	335735.8
codec-P	P2.2/latin1	P2.2	latin1	armonik	decode	default	20	1761815.8	1703996.7	1889888.8	0.106	1733965.7	1843656.1
codec-P	P5.1	P5.1	ascii	core-native	encode	retain	20	16.6	15.5	17.9	0.147	15.7	17.2
codec-P	P2.2/latin1	P2.2	latin1	core-native	decode	retain	20	1764303.6	1747003.4	1842772.8	0.054	1756429.8	1793283.9
codec-P	P2.3	P2.3	ascii	incumbent-prod	decode	default	20	1256147.2	1233989.2	1709862.5	0.379	1245141.2	1280142.4
codec-P	P6.1	P6.1	ascii	core-ffi-pull	decode	drop	20	139127.9	135294.9	172759.1	0.269	136639.5	141697.0
codec-P	P3.1	P3.1	ascii	core-native	decode	drop	20	18667.0	18296.4	19712.0	0.076	18475.1	19133.0
codec-P	P2.4	P2.4	ascii	core-ffi	encode	retain	20	296788.1	292684.1	304703.3	0.040	295194.5	299563.4
codec-P	P4.1	P4.1	ascii	core-ffi	decode-nodrop	retain	20	206490.7	201347.2	214004.1	0.061	205380.7	208650.6
codec-P	P1.2/wide	P1.2	wide	core-native	decode	drop	20	494485.5	468514.3	518477.5	0.101	475529.7	499680.4
codec-P	P3.1	P3.1	ascii	armonik	decode	default	20	29534.8	24087.2	29876.4	0.196	29409.8	29698.0
codec-P	P2.1	P2.1	ascii	core-ffi-pull	decode-read	drop	20	2458.8	2379.7	3086.5	0.287	2401.7	3061.4
codec-P	P5.3	P5.3	ascii	incumbent-prod	decode-read	default	20	47501.7	46189.9	58743.6	0.264	46608.8	49006.3
codec-P	P6.1	P6.1	ascii	armonik	decode-read	default	20	318920.4	297725.4	334495.8	0.115	311575.1	326281.8
codec-P	P5.1	P5.1	ascii	armonik	encode	default	20	57.0	53.4	70.7	0.303	55.2	67.5
codec-P	P6.1	P6.1	ascii	core-native	decode	retain	20	214565.2	212348.0	227704.3	0.072	213988.7	215358.0
codec-P	P1.2/wide	P1.2	wide	armonik	encode	default	20	322503.9	314230.9	339525.5	0.078	320154.1	326156.8
codec-P	P5.3	P5.3	ascii	core-ffi	decode	drop	20	42831.3	42448.4	43878.6	0.033	42666.9	43157.1
codec-P	P2.1	P2.1	ascii	core-native	decode-read	retain	20	1659.2	1627.0	1721.7	0.057	1644.2	1675.1
codec-P	P2.5	P2.5	ascii	core-ffi-pull	decode-read	drop	20	62383.9	61590.2	65669.2	0.065	61830.3	63224.4
codec-P	P1.1	P1.1	ascii	incumbent-prod	decode-read	default	20	1153.6	1064.1	1249.2	0.160	1088.8	1175.6
codec-P	P1.1	P1.1	ascii	armonik	decode-read	default	20	1130.6	1078.5	1146.1	0.060	1117.9	1136.4
codec-P	P2.2	P2.2	ascii	armonik	encode	default	20	766748.0	731556.2	841797.2	0.144	753735.4	797194.5
codec-P	P2.4	P2.4	ascii	core-ffi	decode-read	retain	20	1811148.3	1769525.0	1963874.0	0.107	1779716.5	1913274.8
codec-P	P2.5	P2.5	ascii	armonik	decode	default	20	38164.9	37462.4	39562.0	0.055	37676.1	39321.4
codec-P	P1.2	P1.2	ascii	core-ffi	encode	retain	20	111473.3	109308.9	114002.4	0.042	110890.2	112670.8
codec-P	P1.2	P1.2	ascii	core-ffi	encode	drop	20	111177.4	106679.7	142706.1	0.324	109223.3	113684.8
codec-P	P1.2/wide	P1.2	wide	core-native	encode	drop	20	61471.1	57318.5	68603.4	0.184	59907.2	62848.9
codec-P	P2.2/latin1	P2.2	latin1	core-ffi	encode	retain	20	360597.6	347173.4	385348.9	0.106	358271.5	375159.5
codec-P	P2.2/wide	P2.2	wide	incumbent-prod	decode-read	default	20	2210639.2	2081300.8	2415314.2	0.151	2115138.2	2361764.5
codec-P	P2.2/latin1	P2.2	latin1	core-ffi	decode-read	retain	20	2650238.0	2568848.7	2854461.3	0.108	2619571.8	2708597.8
codec-P	P2.2	P2.2	ascii	core-ffi	decode-read	retain	20	2034270.6	1969747.0	2118197.6	0.073	2006624.9	2071056.5
codec-P	P1.2/wide	P1.2	wide	core-ffi	decode-read	retain	20	815044.4	786375.2	1173006.1	0.474	796785.2	857617.0
codec-P	P2.5	P2.5	ascii	incumbent-prod	decode	default	20	48637.4	48186.9	49463.2	0.026	48425.3	48906.9
codec-P	P1.1	P1.1	ascii	core-ffi-pull	decode-read	drop	20	1692.5	1678.8	2044.0	0.216	1684.8	1701.6
codec-P	P2.3	P2.3	ascii	core-ffi	decode-read	drop	20	1575606.0	1555293.3	1615667.9	0.038	1567078.5	1589806.7
codec-P	P1.3	P1.3	ascii	core-native	encode	retain	20	2419.1	2378.4	2464.4	0.036	2407.3	2444.5
codec-P	P1.1	P1.1	ascii	core-native	decode-read	retain	20	1151.4	1142.1	1174.1	0.028	1147.2	1155.9
codec-P	P1.1	P1.1	ascii	core-ffi	decode	drop	20	1614.4	1593.6	1630.1	0.023	1607.1	1619.5
codec-P	P1.2/wide	P1.2	wide	core-ffi-pull	decode-read	drop	20	1020788.8	997147.2	1212794.7	0.211	1004462.3	1032748.0
codec-P	P4.1	P4.1	ascii	core-ffi-pull	decode	retain	20	309069.1	304515.1	339988.7	0.115	307074.1	312162.7
codec-P	P5.3	P5.3	ascii	core-native	decode	drop	20	45457.2	44543.7	48262.4	0.082	44969.2	46147.3
codec-P	P2.5	P2.5	ascii	core-native	encode	retain	20	5937.8	5850.0	7078.7	0.207	5906.4	6067.5
codec-P	P1.3	P1.3	ascii	core-ffi	encode	drop	20	4909.2	4772.8	5025.6	0.051	4883.7	4957.6
codec-P	P6.1	P6.1	ascii	core-native	decode-read	drop	20	237498.6	232716.0	242664.6	0.042	235361.5	239471.1
codec-P	P5.4	P5.4	ascii	core-native	decode	retain	20	345898.0	339901.8	354720.8	0.043	344380.9	349210.8
codec-P	P2.2/wide	P2.2	wide	core-native	decode	retain	20	2170778.4	2141595.6	2214883.0	0.034	2157906.5	2184523.1
codec-P	P1.2/latin1	P1.2	latin1	core-ffi-pull	decode-read	drop	20	744944.6	733838.5	782761.8	0.066	738072.9	750599.1
codec-P	P1.3	P1.3	ascii	core-native	decode	drop	20	14815.4	14718.7	15003.9	0.019	14753.0	14853.0
codec-P	P2.2	P2.2	ascii	core-native	decode-nodrop	drop	20	974757.9	959434.4	993764.4	0.035	970084.2	977086.6
codec-P	P2.2/latin1	P2.2	latin1	core-ffi-pull	decode-read	retain	20	2784719.2	2654529.2	3121513.2	0.168	2699864.2	2931626.9
codec-P	P5.2	P5.2	ascii	core-ffi	decode-read	retain	20	1739.6	1725.1	1861.6	0.078	1732.3	1770.2
codec-P	P3.1	P3.1	ascii	armonik	decode-read	default	20	30943.8	30466.2	31648.9	0.038	30829.5	31152.4
codec-P	P2.5	P2.5	ascii	core-ffi-pull	decode	retain	20	60884.7	59579.3	95747.8	0.594	60088.8	63939.9
codec-P	P2.5	P2.5	ascii	core-ffi	decode	retain	20	64187.9	62096.8	98008.3	0.559	63411.4	70759.4
codec-P	P2.5	P2.5	ascii	core-ffi	decode	drop	20	53480.4	51334.4	67982.0	0.311	52720.4	63679.4
codec-P	P2.2/wide	P2.2	wide	incumbent-prod	encode	default	20	883666.3	807948.1	1029589.6	0.251	847635.5	938954.7
codec-P	P1.2	P1.2	ascii	armonik	decode-read	default	20	342909.3	337425.6	424980.2	0.255	341470.9	347014.6
codec-P	P2.2	P2.2	ascii	armonik	decode	default	20	1443222.8	1418587.8	1584922.6	0.115	1431040.3	1458172.0
codec-P	P5.4	P5.4	ascii	incumbent-prod	decode	default	20	320654.3	315767.2	356385.4	0.127	318606.4	331890.4
codec-P	P1.2/wide	P1.2	wide	armonik	decode-read	default	20	558204.0	543081.1	740391.9	0.353	548324.3	598028.5
codec-P	P6.1	P6.1	ascii	incumbent-prod	decode-nodrop	default	20	304310.8	287287.1	317933.4	0.101	299797.0	307163.0
codec-P	P1.1	P1.1	ascii	armonik	encode	default	20	1126.7	1091.4	1276.4	0.164	1109.8	1195.5
codec-P	P5.3	P5.3	ascii	core-native	decode	retain	20	47758.4	42748.6	61230.0	0.387	46561.9	48678.8
codec-P	P5.1	P5.1	ascii	core-native	encode	drop	20	16.2	15.6	19.0	0.209	15.8	16.6
codec-P	P5.3	P5.3	ascii	core-ffi-pull	decode	drop	20	42291.6	40075.3	50571.9	0.248	41207.1	44656.8
codec-P	P1.2/latin1	P1.2	latin1	core-ffi-pull	decode-read	retain	20	739128.0	725567.8	856811.8	0.178	730857.6	761855.7
codec-P	P1.2/latin1	P1.2	latin1	core-ffi-pull	decode	drop	20	722915.3	710558.9	741831.5	0.043	714970.5	728163.0
codec-P	P7.1	P7.1	ascii	core-ffi	decode-read	drop	20	373.6	368.5	381.9	0.036	369.6	376.3
codec-P	P2.1	P2.1	ascii	armonik	encode	default	20	1314.6	1299.3	1330.0	0.023	1309.8	1318.9
codec-P	P1.1	P1.1	ascii	core-ffi-pull	decode-read	retain	20	1851.2	1835.3	1922.3	0.047	1845.6	1863.8
codec-P	P1.1	P1.1	ascii	core-native	decode	retain	20	1175.5	1153.0	2112.8	0.816	1169.9	1195.2
codec-P	P7.1	P7.1	ascii	armonik	decode-read	default	20	344.3	329.5	360.0	0.089	339.6	350.3
codec-P	P2.3	P2.3	ascii	core-ffi-pull	decode-read	retain	20	1545833.7	1511175.2	1645400.8	0.087	1528477.5	1574217.5
codec-P	P2.5	P2.5	ascii	incumbent-prod	decode-read	default	20	52794.3	51047.1	166961.5	2.196	51276.9	117802.1
codec-P	P2.1	P2.1	ascii	core-native	encode	drop	20	693.1	548.2	838.6	0.419	648.5	755.0
codec-P	P1.2/latin1	P1.2	latin1	core-native	encode	retain	20	226290.6	69734.8	406030.2	1.486	212458.4	266302.1
codec-P	P5.2	P5.2	ascii	incumbent-prod	decode-read	default	20	1710.7	1654.3	6644.1	2.917	1677.3	1769.5
codec-P	P1.2	P1.2	ascii	core-native	decode-read	retain	20	356484.1	349774.9	371029.7	0.060	352757.3	365037.4
codec-P	P1.2/latin1	P1.2	latin1	core-ffi	encode	retain	20	109410.0	106629.7	110534.7	0.036	109182.1	109588.6
codec-P	P2.3	P2.3	ascii	core-ffi-pull	decode	drop	20	1224586.3	1204502.5	1423431.2	0.179	1212253.9	1243468.8
codec-P	P1.3	P1.3	ascii	core-ffi-pull	decode	retain	20	18767.1	15443.2	19820.7	0.233	18712.2	18799.8
codec-P	P1.3	P1.3	ascii	core-native	decode-read	drop	20	16827.1	16741.4	17022.0	0.017	16791.9	16858.5
codec-P	P2.4	P2.4	ascii	core-ffi	decode	drop	20	2112904.8	2043732.2	2249466.8	0.097	2085289.4	2129974.6
codec-P	P2.3	P2.3	ascii	armonik	decode-read	default	20	1357841.3	1298237.1	1398847.1	0.074	1317713.0	1374790.8
codec-P	P5.2	P5.2	ascii	core-ffi-pull	decode-read	drop	20	1746.3	1724.1	1760.7	0.021	1729.7	1753.3
codec-P	P2.5	P2.5	ascii	core-native	decode-read	drop	20	44821.0	38816.4	48972.8	0.227	43721.0	45940.0
codec-P	P6.1	P6.1	ascii	armonik	decode	default	20	325828.7	316372.5	380806.5	0.198	322892.0	333984.9
codec-P	P1.2	P1.2	ascii	armonik	decode	default	20	364078.2	308941.2	375372.6	0.182	362202.3	365651.3
codec-P	P4.1	P4.1	ascii	armonik	encode	default	20	108997.2	105362.2	132314.4	0.247	106821.6	113669.0
codec-P	P2.3	P2.3	ascii	core-native	decode-read	retain	20	1044301.1	983947.6	1340644.8	0.342	1015662.7	1257734.8
codec-P	P4.1	P4.1	ascii	core-ffi	decode-read	drop	20	334037.7	325089.5	362618.1	0.112	329455.9	338192.5
codec-P	P4.1	P4.1	ascii	core-ffi	decode-read	retain	20	333630.7	327205.9	422308.1	0.285	330438.6	348527.5
codec-P	P4.1	P4.1	ascii	core-native	decode-nodrop	retain	20	194973.8	185942.8	201160.7	0.078	193618.4	196173.1
codec-P	P2.1	P2.1	ascii	core-ffi	encode	drop	20	565.4	554.2	576.3	0.039	563.5	568.7
codec-U	U-leaf-u-varint	U-leaf-u-varint	ascii	core-ffi	decode	retain	20	407.5	391.6	435.2	0.107	396.2	417.1
codec-U	U-deep-all	U-deep-all	ascii	armonik	decode-read	default	20	1508.0	1486.6	1603.2	0.077	1502.3	1520.2
codec-U	U-oneof-member-alone	U-oneof-member-alone	ascii	armonik	decode-read	default	20	94.1	92.6	100.3	0.082	93.6	94.9
codec-U	U-nested-u-varint	U-nested-u-varint	ascii	core-ffi-pull	decode-read	retain	20	436.4	431.7	451.9	0.046	433.9	439.2
codec-U	U-wire-ListProbeResponse-probes-as-wt1	U-wire-ListProbeResponse-probes-as-wt1	ascii	core-native	decode	retain	20	172.6	168.9	175.0	0.036	172.2	173.8
codec-U	U-oneof-u-repeated	U-oneof-u-repeated	ascii	core-ffi	decode-read	retain	20	189.9	188.5	194.7	0.033	189.6	192.0
codec-U	U-wire-ListProbeResponse-probes-as-wt5	U-wire-ListProbeResponse-probes-as-wt5	ascii	core-ffi	decode	drop	20	244.1	236.8	261.2	0.100	241.8	246.2
codec-U	U-oneof-member-alone	U-oneof-member-alone	ascii	core-ffi-pull	decode	retain	20	163.1	160.9	166.4	0.034	162.7	163.7
codec-U	U-nested-group	U-nested-group	ascii	core-native	decode-read	retain	20	241.5	233.9	268.1	0.141	240.6	250.7
codec-U	U-nested-u-packed	U-nested-u-packed	ascii	core-ffi	decode-read	drop	20	352.3	333.6	375.1	0.118	349.5	357.4
codec-U	U-nested-u-fixed32	U-nested-u-fixed32	ascii	armonik	decode	default	20	255.0	237.4	261.0	0.093	254.5	257.2
codec-U	U-leaf-u-repeated	U-leaf-u-repeated	ascii	core-ffi-pull	decode-read	drop	20	353.9	349.7	363.4	0.039	351.3	357.2
codec-U	U-deep-u-varint	U-deep-u-varint	ascii	core-native	encode	drop	20	200.4	197.3	206.5	0.046	199.5	201.5
codec-U	U-nested-interleaved	U-nested-interleaved	ascii	incumbent-prod	decode-read	default	20	320.1	312.6	334.9	0.070	315.6	323.8
codec-U	U-element-u-varint	U-element-u-varint	ascii	incumbent-prod	encode	default	20	1232.5	965.1	1289.8	0.263	1011.1	1239.2
codec-U	U-deep-u-varint	U-deep-u-varint	ascii	core-ffi	decode-read	retain	20	2844.9	2734.4	2987.9	0.089	2827.2	2861.2
codec-U	U-nested-u-varint	U-nested-u-varint	ascii	core-native	decode	drop	20	226.4	219.9	230.3	0.046	225.2	227.6
codec-U	U-nested-before	U-nested-before	ascii	core-ffi	decode	drop	20	425.1	402.6	437.6	0.082	422.1	427.8
codec-U	U-deep-u-varint	U-deep-u-varint	ascii	core-ffi	decode	drop	20	2687.7	2533.1	2827.9	0.110	2655.0	2701.2
codec-U	U-leaf-u-len	U-leaf-u-len	ascii	armonik	encode	default	20	257.1	252.8	266.9	0.055	255.8	259.1
codec-U	U-deep-u-fixed64	U-deep-u-fixed64	ascii	core-native	encode	retain	20	294.4	290.5	307.6	0.058	291.8	296.7
codec-U	U-root-u-packed	U-root-u-packed	ascii	core-ffi	encode	retain	20	202.5	199.1	220.3	0.105	200.6	205.0
codec-U	U-nested-u-fixed64	U-nested-u-fixed64	ascii	core-native	decode	drop	20	238.8	233.9	255.6	0.091	237.3	241.2
codec-U	U-wire-ListResultsResponse-results-as-wt0	U-wire-ListResultsResponse-results-as-wt0	ascii	core-ffi	decode-read	retain	20	930.6	912.9	943.0	0.032	928.2	934.3
codec-U	U-element-u-len	U-element-u-len	ascii	core-native	decode	drop	20	1394.3	1379.6	1438.8	0.042	1392.7	1407.4
codec-U	U-enum-value-packed	U-enum-value-packed	ascii	core-ffi-pull	decode-read	retain	20	256.4	254.3	273.7	0.076	256.0	258.0
codec-U	U-wire-ListMetricsResponse-batches-as-wt5	U-wire-ListMetricsResponse-batches-as-wt5	ascii	core-native	decode-read	drop	20	1902.9	1812.1	2171.0	0.189	1873.9	1929.6
codec-U	U-deep-u-repeated	U-deep-u-repeated	ascii	core-ffi-pull	decode	retain	20	2895.1	2790.2	3034.6	0.084	2848.5	2943.7
codec-U	U-wire-ListProbeResponse-probes-as-wt0	U-wire-ListProbeResponse-probes-as-wt0	ascii	core-ffi	decode	retain	20	379.1	374.1	413.0	0.102	376.6	382.5
codec-U	U-oneof-u-packed	U-oneof-u-packed	ascii	incumbent-prod	decode	default	20	131.1	128.6	140.0	0.086	130.2	137.2
codec-U	U-element-u-len	U-element-u-len	ascii	core-ffi-pull	decode-read	drop	20	2681.1	2637.6	3044.0	0.152	2653.5	2704.6
codec-U	U-deep-u-repeated	U-deep-u-repeated	ascii	core-ffi	decode-read	retain	20	2947.6	2782.4	3266.6	0.164	2880.6	2989.3
codec-U	U-nested-u-repeated	U-nested-u-repeated	ascii	core-native	encode	retain	20	63.5	62.3	80.1	0.280	63.0	65.6
codec-U	U-deep-u-packed	U-deep-u-packed	ascii	core-native	decode	retain	20	1396.1	1360.5	1431.5	0.051	1383.1	1406.7
codec-U	U-oneof-u-fixed64	U-oneof-u-fixed64	ascii	core-native	encode	retain	20	26.1	25.6	27.4	0.069	25.8	26.9
codec-U	U-leaf-u-repeated	U-leaf-u-repeated	ascii	incumbent-prod	decode	default	20	342.9	326.1	374.1	0.140	331.2	354.3
codec-U	U-oneof-interleaved	U-oneof-interleaved	ascii	core-ffi-pull	decode	retain	20	502.0	487.6	533.3	0.091	494.5	514.0
codec-U	U-wire-ListResultsResponse-page-as-wt5	U-wire-ListResultsResponse-page-as-wt5	ascii	core-ffi	decode-read	retain	20	1017.3	994.0	1371.9	0.372	1008.0	1037.8
codec-U	U-root-u-packed	U-root-u-packed	ascii	core-ffi-pull	decode-read	drop	20	942.3	926.4	967.9	0.044	937.4	954.8
codec-U	U-nested-interleaved	U-nested-interleaved	ascii	core-ffi-pull	decode	drop	20	526.1	515.0	562.6	0.090	519.6	533.3
codec-U	U-wire-UploadResultDataMessage-upload-as-wt5	U-wire-UploadResultDataMessage-upload-as-wt5	ascii	core-ffi	encode	drop	20	36.1	35.3	37.6	0.063	35.8	36.4
codec-U	U-element-u-fixed32	U-element-u-fixed32	ascii	core-ffi-pull	decode-read	drop	20	2716.6	2675.3	2792.7	0.043	2697.5	2737.5
codec-U	U-deep-u-packed	U-deep-u-packed	ascii	core-ffi	decode-read	drop	20	2748.5	2687.5	2821.2	0.049	2729.3	2775.6
codec-U	U-nested-group	U-nested-group	ascii	core-ffi	decode-read	retain	20	565.4	555.9	572.5	0.029	559.9	567.6
codec-U	U-nested-u-varint	U-nested-u-varint	ascii	armonik	decode-read	default	20	337.2	325.5	370.8	0.135	328.8	348.1
codec-U	U-enum-value-999	U-enum-value-999	ascii	core-native	decode-read	retain	20	97.9	96.7	101.9	0.053	97.3	99.7
codec-U	U-root-group	U-root-group	ascii	core-ffi	encode	retain	20	203.8	200.1	213.3	0.065	202.8	205.5
codec-U	U-wire-DualResponse-left-as-wt5	U-wire-DualResponse-left-as-wt5	ascii	core-ffi	encode	retain	20	86.6	85.3	97.0	0.136	86.2	87.5
codec-U	U-oneof-u-varint	U-oneof-u-varint	ascii	core-ffi	decode	drop	20	152.6	151.1	164.8	0.090	151.8	153.9
codec-U	U-root-interleaved	U-root-interleaved	ascii	core-ffi-pull	decode-read	retain	20	1244.2	1220.8	1495.9	0.221	1234.7	1255.5
codec-U	U-leaf-u-packed	U-leaf-u-packed	ascii	incumbent-prod	decode	default	20	309.5	305.7	324.6	0.061	307.3	312.2
codec-U	U-wire-ListTasksDetailedResponse-page-as-wt1	U-wire-ListTasksDetailedResponse-page-as-wt1	ascii	core-ffi	decode	drop	20	5551.3	5419.8	5802.1	0.069	5519.4	5619.2
codec-U	U-wire-DualResponse-left-as-wt1	U-wire-DualResponse-left-as-wt1	ascii	core-ffi	decode-read	drop	20	265.7	260.6	271.4	0.041	263.9	266.2
codec-U	U-wire-DualResponse-left-as-wt1	U-wire-DualResponse-left-as-wt1	ascii	core-native	encode	retain	20	57.0	55.4	59.9	0.079	56.2	57.7
codec-U	U-wire-ListResultsResponse-page-as-wt2	U-wire-ListResultsResponse-page-as-wt2	ascii	core-ffi	decode	drop	20	825.6	813.1	869.7	0.069	819.5	833.6
codec-U	U-oneof-member-alone	U-oneof-member-alone	ascii	core-native	decode-read	retain	20	114.9	113.9	118.6	0.041	114.3	115.7
codec-U	U-deep-u-len	U-deep-u-len	ascii	incumbent-prod	encode	default	20	1233.1	1218.0	1508.6	0.236	1225.7	1241.7
codec-U	U-root-all	U-root-all	ascii	core-ffi	decode-read	retain	20	1149.4	1126.7	1385.1	0.225	1141.3	1165.5
codec-U	U-element-u-packed	U-element-u-packed	ascii	core-native	encode	retain	20	291.1	287.3	302.7	0.053	289.2	295.2
codec-U	U-enum-value-127	U-enum-value-127	ascii	core-ffi-pull	decode	drop	20	118.8	116.5	125.2	0.073	118.5	119.6
codec-U	U-deep-u-len	U-deep-u-len	ascii	core-native	decode-read	retain	20	1495.6	1474.7	1584.9	0.074	1487.1	1513.1
codec-U	U-oneof-group	U-oneof-group	ascii	core-ffi	decode-read	retain	20	218.0	212.2	246.1	0.156	215.1	223.5
codec-U	U-enum-value-999	U-enum-value-999	ascii	core-native	decode-read	drop	20	72.9	71.7	90.1	0.253	72.3	73.3
codec-U	U-enum-value-packed	U-enum-value-packed	ascii	core-ffi-pull	decode-read	drop	20	221.1	219.5	239.5	0.090	220.6	224.0
codec-U	U-nested-interleaved	U-nested-interleaved	ascii	core-ffi	decode	retain	20	608.4	597.8	619.4	0.035	606.1	612.9
codec-U	U-root-u-len	U-root-u-len	ascii	incumbent-prod	decode	default	20	475.7	469.7	506.3	0.077	473.1	489.3
codec-U	U-root-u-varint	U-root-u-varint	ascii	core-ffi	decode	drop	20	632.8	620.6	666.5	0.072	627.3	641.3
codec-U	U-nested-u-msg	U-nested-u-msg	ascii	core-native	decode-read	drop	20	197.7	194.3	211.5	0.087	197.3	205.1
codec-U	U-root-group	U-root-group	ascii	core-ffi-pull	decode-read	retain	20	740.4	732.3	750.6	0.025	738.2	743.2
codec-U	U-wire-ListTasksDetailedResponse-page-as-wt1	U-wire-ListTasksDetailedResponse-page-as-wt1	ascii	core-ffi	decode	retain	20	4508.8	4467.5	4549.8	0.018	4488.9	4531.0
codec-U	U-wire-ListProbeResponse-probes-as-wt1	U-wire-ListProbeResponse-probes-as-wt1	ascii	core-ffi	decode-read	retain	20	305.3	300.0	314.8	0.049	303.7	307.7
codec-U	U-oneof-u-fixed64	U-oneof-u-fixed64	ascii	core-ffi	decode-read	drop	20	126.6	124.7	128.8	0.033	125.9	127.1
codec-U	U-oneof-all	U-oneof-all	ascii	core-ffi	encode	retain	20	42.0	41.8	55.1	0.317	41.9	42.3
codec-U	U-element-u-fixed32	U-element-u-fixed32	ascii	core-native	encode	retain	20	290.9	286.1	297.4	0.039	288.1	292.4
codec-U	U-deep-u-len	U-deep-u-len	ascii	core-ffi	encode	retain	20	568.2	557.8	585.6	0.049	565.9	573.5
codec-U	U-deep-u-packed	U-deep-u-packed	ascii	core-ffi-pull	decode	retain	20	2773.4	2711.1	3201.4	0.177	2754.1	2799.2
codec-U	U-element-u-packed	U-element-u-packed	ascii	core-ffi	encode	drop	20	542.1	536.2	707.1	0.315	540.7	547.6
codec-U	U-wire-ListResultsResponse-page-as-wt1	U-wire-ListResultsResponse-page-as-wt1	ascii	core-ffi	decode	retain	20	920.6	889.3	955.6	0.072	914.7	930.6
codec-U	U-wire-DualResponse-left-as-wt0	U-wire-DualResponse-left-as-wt0	ascii	core-ffi	encode	drop	20	83.7	80.6	85.6	0.060	82.7	84.4
codec-U	U-root-max-tag	U-root-max-tag	ascii	core-native	decode-read	retain	20	585.7	565.8	618.5	0.090	576.3	590.0
codec-U	U-oneof-u-packed	U-oneof-u-packed	ascii	core-native	decode	drop	20	90.6	88.4	92.8	0.049	89.4	91.6
codec-U	U-wire-ListMetricsResponse-batches-as-wt5	U-wire-ListMetricsResponse-batches-as-wt5	ascii	core-ffi	decode-read	retain	20	1752.3	1715.4	1877.3	0.092	1732.7	1786.9
codec-U	U-wire-ListTasksDetailedResponse-tasks-as-wt1	U-wire-ListTasksDetailedResponse-tasks-as-wt1	ascii	core-native	decode-read	drop	20	3370.9	3221.4	3440.8	0.065	3314.2	3400.5
codec-U	U-deep-u-repeated	U-deep-u-repeated	ascii	core-native	encode	retain	20	287.5	278.3	301.2	0.080	284.1	294.7
codec-U	U-nested-u-repeated	U-nested-u-repeated	ascii	armonik	decode	default	20	316.2	304.6	324.0	0.061	313.1	317.8
codec-U	U-wire-ListResultsResponse-page-as-wt5	U-wire-ListResultsResponse-page-as-wt5	ascii	core-ffi	encode	drop	20	186.3	180.7	196.5	0.085	185.4	187.1
codec-U	U-nested-group	U-nested-group	ascii	core-ffi-pull	decode	drop	20	439.3	431.3	456.5	0.057	436.3	441.5
codec-U	U-root-u-repeated	U-root-u-repeated	ascii	core-ffi	encode	drop	20	192.0	189.4	196.2	0.035	191.3	193.3
codec-U	U-element-u-msg	U-element-u-msg	ascii	core-ffi-pull	decode	drop	20	2583.2	2491.6	2605.6	0.044	2562.3	2586.8
codec-U	U-deep-u-fixed32	U-deep-u-fixed32	ascii	incumbent-prod	encode	default	20	1231.8	1197.9	1499.8	0.245	1222.4	1367.8
codec-U	U-root-all	U-root-all	ascii	incumbent-prod	decode-read	default	20	712.0	698.5	826.0	0.179	705.1	718.1
codec-U	U-oneof-u-packed	U-oneof-u-packed	ascii	core-ffi	decode	retain	20	213.3	209.6	231.7	0.104	211.8	213.8
codec-U	U-root-interleaved	U-root-interleaved	ascii	core-ffi-pull	decode-read	drop	20	917.3	901.3	996.7	0.104	912.6	934.4
codec-U	U-nested-u-fixed64	U-nested-u-fixed64	ascii	core-ffi-pull	decode	drop	20	419.9	410.3	457.5	0.112	415.8	426.6
codec-U	U-element-u-varint	U-element-u-varint	ascii	core-ffi	decode-read	retain	20	2987.0	2890.8	3166.9	0.092	2950.3	3003.0
codec-U	U-wire-ListTasksDetailedResponse-tasks-as-wt5	U-wire-ListTasksDetailedResponse-tasks-as-wt5	ascii	core-ffi	decode-read	drop	20	5799.7	5716.2	6081.8	0.063	5747.9	5850.7
codec-U	U-wire-ListResultsResponse-results-as-wt5	U-wire-ListResultsResponse-results-as-wt5	ascii	core-ffi	encode	drop	20	193.1	190.6	223.1	0.169	192.2	195.0
codec-U	U-wire-UploadResultDataMessage-upload-as-wt0	U-wire-UploadResultDataMessage-upload-as-wt0	ascii	core-native	decode-read	retain	20	116.3	113.6	130.2	0.143	115.1	117.5
codec-U	U-wire-DualResponse-left-as-wt1	U-wire-DualResponse-left-as-wt1	ascii	core-native	decode-read	retain	20	210.2	207.2	218.3	0.053	209.0	212.6
codec-U	U-root-u-repeated	U-root-u-repeated	ascii	core-ffi	decode	retain	20	945.8	927.2	994.8	0.071	939.6	954.0
codec-U	U-element-u-packed	U-element-u-packed	ascii	incumbent-prod	encode	default	20	1243.8	1223.4	1260.2	0.030	1238.4	1248.8
codec-U	U-element-u-varint	U-element-u-varint	ascii	core-ffi	encode	retain	20	573.6	560.5	586.3	0.045	569.8	578.1
codec-U	U-oneof-u-packed	U-oneof-u-packed	ascii	core-ffi	decode	drop	20	154.3	150.0	157.7	0.050	153.5	154.8
codec-U	U-element-u-repeated	U-element-u-repeated	ascii	core-ffi-pull	decode-read	retain	20	2968.0	2940.4	3224.5	0.096	2952.9	3002.5
codec-U	U-root-u-varint	U-root-u-varint	ascii	incumbent-prod	encode	default	20	563.3	545.2	579.4	0.061	558.8	568.5
codec-U	U-wire-ListResultsResponse-page-as-wt2	U-wire-ListResultsResponse-page-as-wt2	ascii	core-native	encode	retain	20	129.3	128.3	134.3	0.046	128.8	130.1
codec-U	U-nested-u-packed	U-nested-u-packed	ascii	core-ffi-pull	decode-read	drop	20	433.1	425.1	450.7	0.059	432.0	436.1
codec-U	U-deep-u-fixed64	U-deep-u-fixed64	ascii	incumbent-prod	decode	default	20	1759.6	1734.2	1808.4	0.042	1747.2	1771.0
codec-U	U-wire-ListTasksDetailedResponse-page-as-wt1	U-wire-ListTasksDetailedResponse-page-as-wt1	ascii	core-ffi-pull	decode	retain	20	5705.9	5607.7	5745.3	0.024	5674.0	5728.8
codec-U	U-element-u-packed	U-element-u-packed	ascii	core-ffi	decode	retain	20	2827.2	2789.3	2962.3	0.061	2809.5	2848.6
codec-U	U-deep-all	U-deep-all	ascii	core-native	decode-read	drop	20	1500.7	1481.9	1540.6	0.039	1494.4	1504.0
codec-U	U-nested-u-msg	U-nested-u-msg	ascii	incumbent-prod	decode-read	default	20	304.9	300.0	322.7	0.075	303.0	306.3
codec-U	U-nested-u-packed	U-nested-u-packed	ascii	core-ffi	decode	retain	20	467.9	452.4	482.8	0.065	462.6	471.1
codec-U	U-wire-ListMetricsResponse-batches-as-wt1	U-wire-ListMetricsResponse-batches-as-wt1	ascii	core-ffi-pull	decode-read	retain	20	1702.6	1663.4	1743.8	0.047	1688.0	1716.7
codec-U	U-wire-ListMetricsResponse-batches-as-wt1	U-wire-ListMetricsResponse-batches-as-wt1	ascii	core-ffi-pull	decode	retain	20	1489.1	1461.9	1520.2	0.039	1481.1	1499.5
codec-U	U-element-u-repeated	U-element-u-repeated	ascii	incumbent-prod	decode	default	20	1763.6	1736.4	1834.8	0.056	1754.0	1789.8
codec-U	U-oneof-u-len	U-oneof-u-len	ascii	armonik	encode	default	20	109.1	106.9	114.6	0.071	108.2	111.1
codec-U	U-root-max-tag	U-root-max-tag	ascii	armonik	decode-read	default	20	691.7	680.9	714.6	0.049	685.0	696.3
codec-U	U-root-u-msg	U-root-u-msg	ascii	core-ffi-pull	decode-read	retain	20	938.1	926.1	990.4	0.069	935.1	945.5
codec-U	U-oneof-u-fixed32	U-oneof-u-fixed32	ascii	core-ffi	encode	drop	20	47.7	47.0	48.6	0.034	47.5	47.9
codec-U	U-deep-all	U-deep-all	ascii	armonik	decode	default	20	1805.5	1766.2	1897.5	0.073	1793.4	1819.3
codec-U	U-element-u-varint	U-element-u-varint	ascii	core-native	decode-read	drop	20	1502.2	1483.5	1527.9	0.030	1497.2	1508.7
codec-U	U-wire-ListResultsResponse-results-as-wt0	U-wire-ListResultsResponse-results-as-wt0	ascii	core-native	encode	retain	20	128.7	127.2	132.0	0.037	128.0	129.2
codec-U	U-root-u-fixed32	U-root-u-fixed32	ascii	core-ffi-pull	decode-read	drop	20	930.0	917.9	943.1	0.027	924.7	933.2
codec-U	U-root-u-packed	U-root-u-packed	ascii	core-ffi-pull	decode-read	retain	20	955.8	942.6	965.9	0.024	947.2	959.0
codec-U	U-root-u-len	U-root-u-len	ascii	core-ffi	encode	drop	20	191.6	189.2	195.6	0.033	190.9	192.1
codec-U	U-element-u-msg	U-element-u-msg	ascii	core-native	decode-read	retain	20	1511.3	1497.9	1591.6	0.062	1504.6	1546.6
codec-U	U-nested-u-fixed64	U-nested-u-fixed64	ascii	core-native	encode	retain	20	64.4	62.9	67.8	0.077	63.8	65.5
codec-U	U-enum-value-999	U-enum-value-999	ascii	core-ffi	encode	retain	20	39.3	38.5	50.2	0.296	39.1	39.7
codec-U	U-deep-u-len	U-deep-u-len	ascii	core-ffi-pull	decode	retain	20	2849.6	2675.0	3193.7	0.182	2778.3	2908.8
codec-U	U-oneof-interleaved	U-oneof-interleaved	ascii	core-ffi	decode	drop	20	196.9	189.0	205.0	0.081	193.7	199.6
codec-U	U-root-all	U-root-all	ascii	core-native	encode	drop	20	97.5	96.2	103.5	0.075	97.0	98.1
codec-U	U-nested-all	U-nested-all	ascii	incumbent-prod	decode	default	20	385.0	371.9	574.1	0.525	381.8	394.0
codec-U	U-oneof-u-fixed64	U-oneof-u-fixed64	ascii	core-ffi	decode	drop	20	153.9	150.8	164.4	0.088	152.0	156.0
codec-U	U-wire-ListTasksDetailedResponse-tasks-as-wt0	U-wire-ListTasksDetailedResponse-tasks-as-wt0	ascii	core-ffi-pull	decode	retain	20	5668.1	5540.5	8353.8	0.496	5636.4	5795.5
codec-U	U-deep-u-packed	U-deep-u-packed	ascii	armonik	decode-read	default	20	1811.9	1784.7	1849.7	0.036	1803.1	1821.0
codec-U	U-wire-ListMetricsResponse-batches-as-wt5	U-wire-ListMetricsResponse-batches-as-wt5	ascii	core-ffi-pull	decode-read	drop	20	1640.5	1620.8	1896.6	0.168	1628.5	1666.6
codec-U	U-enum-value-2147483647	U-enum-value-2147483647	ascii	incumbent-prod	decode-read	default	20	88.9	87.3	142.1	0.616	88.1	90.0
codec-U	U-leaf-u-len	U-leaf-u-len	ascii	core-ffi-pull	decode	retain	20	579.5	571.3	645.6	0.128	576.0	593.8
codec-U	U-nested-u-varint	U-nested-u-varint	ascii	core-ffi	decode-read	retain	20	536.9	530.3	613.9	0.156	534.7	545.2
codec-U	U-root-interleaved	U-root-interleaved	ascii	core-ffi	decode	drop	20	889.1	862.9	1327.8	0.523	879.0	918.1
codec-U	U-enum-value-packed	U-enum-value-packed	ascii	incumbent-prod	decode	default	20	102.9	100.8	167.3	0.647	101.5	108.0
codec-U	U-oneof-u-msg	U-oneof-u-msg	ascii	core-ffi-pull	decode-read	drop	20	168.9	166.4	258.8	0.547	167.7	174.8
codec-U	U-deep-u-repeated	U-deep-u-repeated	ascii	incumbent-prod	decode-read	default	20	1861.6	1840.2	3030.2	0.639	1854.1	1945.5
codec-U	U-element-u-fixed64	U-element-u-fixed64	ascii	core-native	decode	retain	20	1388.9	1360.9	1440.9	0.058	1383.6	1396.7
codec-U	U-root-interleaved	U-root-interleaved	ascii	incumbent-prod	encode	default	20	569.5	552.1	757.2	0.360	564.2	579.5
codec-U	U-enum-value-packed	U-enum-value-packed	ascii	core-ffi	encode	retain	20	74.3	73.1	78.5	0.072	73.9	75.4
codec-U	U-nested-before	U-nested-before	ascii	core-ffi	encode	drop	20	103.6	100.6	111.3	0.104	102.6	105.3
codec-U	U-element-u-repeated	U-element-u-repeated	ascii	core-ffi-pull	decode	drop	20	2587.7	2538.5	4525.4	0.768	2571.3	2661.0
codec-U	U-oneof-u-msg	U-oneof-u-msg	ascii	armonik	decode-read	default	20	135.0	132.5	140.5	0.059	134.1	135.8
codec-U	U-nested-u-len	U-nested-u-len	ascii	core-ffi-pull	decode-read	retain	20	495.3	480.8	804.8	0.654	490.5	501.0
codec-U	U-leaf-all	U-leaf-all	ascii	core-native	decode	drop	20	298.0	288.3	511.8	0.750	294.1	316.7
codec-U	U-oneof-all	U-oneof-all	ascii	core-ffi	decode	retain	20	476.1	466.7	485.7	0.040	473.8	479.5
codec-U	U-root-u-len	U-root-u-len	ascii	core-ffi	decode-read	retain	20	927.8	915.1	947.6	0.035	924.4	933.6
codec-U	U-nested-u-len	U-nested-u-len	ascii	core-native	encode	retain	20	63.4	62.5	64.5	0.030	63.2	63.9
codec-U	U-element-u-varint	U-element-u-varint	ascii	incumbent-prod	decode	default	20	1760.5	1741.8	1781.7	0.023	1749.9	1769.4
codec-U	U-root-group	U-root-group	ascii	incumbent-prod	encode	default	20	561.1	555.0	605.9	0.091	557.4	572.5
codec-U	U-leaf-u-len	U-leaf-u-len	ascii	core-ffi	decode-read	drop	20	422.2	418.1	439.2	0.050	420.9	425.3
codec-U	U-leaf-u-msg	U-leaf-u-msg	ascii	incumbent-prod	encode	default	20	247.0	239.8	256.6	0.068	243.1	250.9
codec-U	U-nested-u-msg	U-nested-u-msg	ascii	core-native	decode	drop	20	237.3	233.2	251.8	0.079	235.9	239.9
codec-U	U-element-u-fixed64	U-element-u-fixed64	ascii	core-ffi-pull	decode-read	drop	20	2748.7	2726.9	4228.7	0.546	2737.1	2777.2
codec-U	U-deep-u-fixed32	U-deep-u-fixed32	ascii	core-ffi-pull	decode	drop	20	2579.3	2526.2	2902.0	0.146	2555.4	2586.1
codec-U	U-deep-u-len	U-deep-u-len	ascii	core-native	encode	retain	20	297.4	289.2	304.4	0.051	292.9	300.7
codec-U	U-nested-interleaved	U-nested-interleaved	ascii	armonik	decode-read	default	20	404.0	392.1	414.2	0.055	397.7	407.4
codec-U	U-root-u-msg	U-root-u-msg	ascii	core-ffi-pull	decode	drop	20	889.1	857.5	1032.0	0.196	874.9	986.7
codec-U	U-wire-ListResultsResponse-page-as-wt5	U-wire-ListResultsResponse-page-as-wt5	ascii	core-ffi	decode	retain	20	903.1	877.7	959.9	0.091	892.2	915.7
codec-U	U-element-u-len	U-element-u-len	ascii	core-native	decode-read	drop	20	1517.5	1489.9	1612.1	0.081	1500.9	1534.5
codec-U	U-oneof-member-alone	U-oneof-member-alone	ascii	core-native	decode-read	drop	20	96.3	92.5	120.0	0.286	93.4	103.6
codec-U	U-element-u-msg	U-element-u-msg	ascii	core-ffi	encode	retain	20	569.9	559.7	602.2	0.075	564.2	573.5
codec-U	U-nested-before	U-nested-before	ascii	incumbent-prod	decode	default	20	378.4	360.8	395.1	0.091	375.4	382.3
codec-U	U-oneof-u-packed	U-oneof-u-packed	ascii	incumbent-prod	decode-read	default	20	135.9	133.3	141.5	0.060	134.1	136.2
codec-U	U-leaf-u-msg	U-leaf-u-msg	ascii	core-ffi	encode	drop	20	107.0	100.4	119.9	0.182	103.3	109.5
codec-U	U-oneof-u-repeated	U-oneof-u-repeated	ascii	core-ffi	decode-read	drop	20	168.8	164.8	177.3	0.074	167.4	170.2
codec-U	U-element-u-len	U-element-u-len	ascii	core-native	encode	retain	20	290.6	287.1	311.6	0.085	289.0	293.5
codec-U	U-oneof-group	U-oneof-group	ascii	core-native	decode	retain	20	134.2	132.2	148.4	0.120	133.4	135.0
codec-U	U-enum-value-999	U-enum-value-999	ascii	incumbent-prod	encode	default	20	56.2	54.8	59.4	0.082	55.5	56.7
codec-U	U-root-u-fixed32	U-root-u-fixed32	ascii	core-ffi-pull	decode	retain	20	939.8	926.6	1481.5	0.590	934.1	960.7
codec-U	U-element-u-packed	U-element-u-packed	ascii	core-native	encode	drop	20	244.2	241.2	262.8	0.089	243.9	245.6
codec-U	U-element-u-varint	U-element-u-varint	ascii	core-ffi-pull	decode	drop	20	2657.6	2619.5	4586.0	0.740	2644.1	2739.7
codec-U	U-root-u-packed	U-root-u-packed	ascii	core-native	decode	drop	20	526.8	514.5	554.3	0.076	522.5	528.6
codec-U	U-enum-value-packed	U-enum-value-packed	ascii	armonik	decode-read	default	20	139.8	135.8	145.5	0.070	138.3	141.5
codec-U	U-wire-ListTasksDetailedResponse-page-as-wt5	U-wire-ListTasksDetailedResponse-page-as-wt5	ascii	core-ffi	decode-read	drop	20	5766.5	5610.2	5926.3	0.055	5709.2	5807.7
codec-U	U-root-u-repeated	U-root-u-repeated	ascii	armonik	decode	default	20	686.5	671.4	750.3	0.115	681.7	700.3
codec-U	U-oneof-u-repeated	U-oneof-u-repeated	ascii	core-ffi-pull	decode-read	drop	20	175.8	172.2	186.6	0.082	173.8	177.4
codec-U	U-wire-ListResultsResponse-results-as-wt5	U-wire-ListResultsResponse-results-as-wt5	ascii	core-native	encode	drop	20	96.9	94.8	100.1	0.055	95.5	98.3
codec-U	U-leaf-u-repeated	U-leaf-u-repeated	ascii	core-ffi	decode	retain	20	604.9	597.4	627.9	0.050	603.7	610.8
codec-U	U-root-max-tag	U-root-max-tag	ascii	core-ffi	encode	retain	20	201.1	197.9	207.3	0.047	200.2	202.4
codec-U	U-oneof-member-alone	U-oneof-member-alone	ascii	core-ffi-pull	decode-read	drop	20	161.5	160.1	165.8	0.036	161.1	162.9
codec-U	U-element-u-fixed64	U-element-u-fixed64	ascii	armonik	decode	default	20	1756.2	1732.6	1805.6	0.042	1745.4	1767.7
codec-U	U-wire-ListTasksDetailedResponse-page-as-wt1	U-wire-ListTasksDetailedResponse-page-as-wt1	ascii	core-native	decode-read	drop	20	3465.8	3436.5	3537.9	0.029	3448.8	3478.5
codec-U	U-wire-UploadResultDataMessage-upload-as-wt1	U-wire-UploadResultDataMessage-upload-as-wt1	ascii	core-ffi-pull	decode-read	retain	20	223.4	219.5	269.2	0.222	222.3	224.9
codec-U	U-oneof-u-fixed32	U-oneof-u-fixed32	ascii	core-ffi-pull	decode	retain	20	214.1	212.1	217.5	0.025	213.3	215.2
codec-U	U-nested-u-fixed32	U-nested-u-fixed32	ascii	incumbent-prod	decode-read	default	20	308.2	304.1	317.0	0.042	305.4	309.8
codec-U	U-root-max-tag	U-root-max-tag	ascii	core-ffi-pull	decode	retain	20	918.0	905.2	944.1	0.042	914.6	924.5
codec-U	U-nested-interleaved	U-nested-interleaved	ascii	incumbent-prod	decode	default	20	377.3	370.1	385.3	0.040	374.6	379.2
codec-U	U-nested-before	U-nested-before	ascii	core-native	decode-read	retain	20	516.8	510.1	545.8	0.069	514.5	531.1
codec-U	U-enum-value-2147483647	U-enum-value-2147483647	ascii	core-ffi	decode	retain	20	134.3	129.7	154.4	0.184	131.9	136.7
codec-U	U-deep-all	U-deep-all	ascii	core-native	decode	drop	20	1439.8	1380.0	1511.6	0.091	1420.9	1452.6
codec-U	U-wire-ListResultsResponse-page-as-wt2	U-wire-ListResultsResponse-page-as-wt2	ascii	core-native	decode-read	retain	20	585.2	568.2	623.7	0.095	576.8	596.8
codec-U	U-oneof-u-len	U-oneof-u-len	ascii	core-ffi-pull	decode-read	retain	20	211.2	207.4	233.4	0.123	210.0	213.2
codec-U	U-root-max-tag	U-root-max-tag	ascii	core-ffi	decode-read	retain	20	931.9	898.6	1080.2	0.195	918.1	946.5
codec-U	U-oneof-member-after-known	U-oneof-member-after-known	ascii	armonik	decode	default	20	122.5	118.6	130.6	0.098	121.2	124.6
codec-U	U-wire-ListProbeResponse-probes-as-wt0	U-wire-ListProbeResponse-probes-as-wt0	ascii	core-ffi	encode	drop	20	92.9	90.3	99.9	0.103	92.3	94.6
codec-U	U-enum-value-127	U-enum-value-127	ascii	core-ffi-pull	decode-read	retain	20	168.8	163.9	193.9	0.178	166.8	176.1
codec-U	U-wire-ListMetricsResponse-batches-as-wt1	U-wire-ListMetricsResponse-batches-as-wt1	ascii	core-ffi-pull	decode	drop	20	1770.5	1416.5	2095.6	0.384	1522.7	1932.2
codec-U	U-wire-ListMetricsResponse-batches-as-wt1	U-wire-ListMetricsResponse-batches-as-wt1	ascii	core-ffi	decode	retain	20	1616.7	1554.4	1741.0	0.115	1588.9	1646.8
codec-U	U-leaf-u-repeated	U-leaf-u-repeated	ascii	armonik	decode-read	default	20	351.1	333.8	379.8	0.131	348.4	353.7
codec-U	U-wire-ListTasksDetailedResponse-page-as-wt2	U-wire-ListTasksDetailedResponse-page-as-wt2	ascii	core-native	decode-read	drop	20	3470.0	3417.1	3688.9	0.078	3459.5	3529.9
codec-U	U-wire-ListProbeResponse-probes-as-wt1	U-wire-ListProbeResponse-probes-as-wt1	ascii	core-ffi	encode	retain	20	97.5	92.8	102.1	0.096	95.6	99.8
codec-U	U-root-u-msg	U-root-u-msg	ascii	core-native	encode	retain	20	128.2	120.0	138.6	0.145	125.1	130.4
codec-U	U-wire-ListResultsResponse-results-as-wt5	U-wire-ListResultsResponse-results-as-wt5	ascii	core-ffi	encode	retain	20	204.3	199.3	207.8	0.041	203.0	206.2
codec-U	U-deep-u-packed	U-deep-u-packed	ascii	core-ffi-pull	decode	drop	20	2662.2	2643.9	2715.8	0.027	2654.5	2674.9
codec-U	U-leaf-u-msg	U-leaf-u-msg	ascii	incumbent-prod	decode-read	default	20	320.6	315.2	358.7	0.136	318.7	323.1
codec-U	U-enum-value-127	U-enum-value-127	ascii	core-ffi	decode	drop	20	105.5	104.6	106.3	0.016	105.3	105.9
codec-U	U-wire-ListTaskSummaryResponse-tasks-as-wt1	U-wire-ListTaskSummaryResponse-tasks-as-wt1	ascii	core-native	decode-read	drop	20	1821.6	1800.3	1959.7	0.088	1812.7	1834.2
codec-U	U-oneof-before	U-oneof-before	ascii	incumbent-prod	encode	default	20	112.6	108.8	119.8	0.097	110.9	116.0
codec-U	U-root-group	U-root-group	ascii	armonik	decode-read	default	20	708.5	693.6	728.2	0.049	703.1	715.4
codec-U	U-wire-ListMetricsResponse-batches-as-wt0	U-wire-ListMetricsResponse-batches-as-wt0	ascii	core-ffi	decode	retain	20	1600.0	1527.0	1675.7	0.093	1575.8	1614.1
codec-U	U-wire-ListResultsResponse-results-as-wt1	U-wire-ListResultsResponse-results-as-wt1	ascii	core-native	decode	drop	20	521.3	517.2	538.8	0.041	519.9	523.8
codec-U	U-root-u-varint	U-root-u-varint	ascii	core-native	decode-read	retain	20	589.5	580.6	931.4	0.595	584.7	595.8
codec-U	U-wire-ListMetricsResponse-batches-as-wt5	U-wire-ListMetricsResponse-batches-as-wt5	ascii	core-ffi	decode	drop	20	1583.3	1477.3	1915.5	0.277	1535.2	1640.8
codec-U	U-wire-ListProbeResponse-probes-as-wt1	U-wire-ListProbeResponse-probes-as-wt1	ascii	core-native	decode-read	drop	20	207.8	205.1	213.4	0.040	206.6	208.8
codec-U	U-oneof-group	U-oneof-group	ascii	incumbent-prod	decode	default	20	169.8	167.7	195.9	0.166	168.6	172.4
codec-U	U-oneof-member-after-known	U-oneof-member-after-known	ascii	core-native	decode-read	drop	20	98.6	96.4	104.5	0.082	97.2	100.5
codec-U	U-leaf-u-msg	U-leaf-u-msg	ascii	core-ffi	encode	retain	20	107.9	87.1	111.0	0.222	106.4	109.4
codec-U	U-oneof-u-msg	U-oneof-u-msg	ascii	core-ffi	decode-read	drop	20	128.0	126.0	133.6	0.060	127.1	129.0
codec-U	U-root-group	U-root-group	ascii	core-native	decode-read	retain	20	528.8	521.7	536.0	0.027	525.8	530.8
codec-U	U-enum-value-999	U-enum-value-999	ascii	core-ffi	encode	drop	20	38.6	37.7	40.0	0.059	38.1	39.1
codec-U	U-leaf-u-msg	U-leaf-u-msg	ascii	core-ffi-pull	decode	drop	20	420.5	409.6	458.7	0.117	417.5	428.6
codec-U	U-oneof-u-repeated	U-oneof-u-repeated	ascii	core-native	decode-read	retain	20	139.1	137.1	145.7	0.061	138.3	139.6
codec-U	U-root-u-varint	U-root-u-varint	ascii	core-native	decode-read	drop	20	553.3	547.2	579.4	0.058	550.8	558.7
codec-U	U-wire-DualResponse-left-as-wt0	U-wire-DualResponse-left-as-wt0	ascii	core-native	encode	retain	20	56.6	55.1	63.0	0.139	56.3	57.1
codec-U	U-leaf-u-repeated	U-leaf-u-repeated	ascii	core-ffi	decode	drop	20	419.2	409.7	441.7	0.076	415.4	426.3
codec-U	U-deep-u-varint	U-deep-u-varint	ascii	incumbent-prod	encode	default	20	1231.5	1204.0	1443.2	0.194	1226.9	1239.0
codec-U	U-leaf-u-varint	U-leaf-u-varint	ascii	core-ffi-pull	decode	drop	20	417.9	413.6	436.3	0.054	416.9	420.6
codec-U	U-oneof-u-fixed64	U-oneof-u-fixed64	ascii	core-ffi-pull	decode-read	retain	20	222.6	219.6	226.0	0.028	221.4	224.1
codec-U	U-wire-ListTaskSummaryResponse-tasks-as-wt1	U-wire-ListTaskSummaryResponse-tasks-as-wt1	ascii	core-native	decode	retain	20	1780.7	1765.5	1838.7	0.041	1774.9	1789.0
codec-U	U-root-max-tag	U-root-max-tag	ascii	incumbent-prod	encode	default	20	567.4	553.1	597.3	0.078	562.1	571.5
codec-U	U-root-u-msg	U-root-u-msg	ascii	core-native	decode	retain	20	557.5	547.5	615.6	0.122	553.2	563.4
codec-U	U-oneof-u-repeated	U-oneof-u-repeated	ascii	core-ffi-pull	decode-read	retain	20	251.5	248.5	262.2	0.054	250.3	253.1
codec-U	U-deep-u-msg	U-deep-u-msg	ascii	armonik	decode-read	default	20	1837.7	1815.2	1907.2	0.050	1829.6	1863.0
codec-U	U-oneof-u-len	U-oneof-u-len	ascii	core-native	encode	drop	20	23.4	21.1	25.2	0.175	22.8	23.7
codec-U	U-nested-before	U-nested-before	ascii	incumbent-prod	encode	default	20	245.4	240.8	258.3	0.071	244.4	249.1
codec-U	U-element-u-varint	U-element-u-varint	ascii	core-ffi	decode	drop	20	2686.3	2650.4	2721.2	0.026	2676.0	2693.8
codec-U	U-deep-u-fixed64	U-deep-u-fixed64	ascii	armonik	decode-read	default	20	1838.9	1797.2	1895.6	0.054	1816.3	1859.9
codec-U	U-nested-u-varint	U-nested-u-varint	ascii	core-ffi	decode	drop	20	469.0	462.2	496.1	0.072	464.6	474.1
codec-U	U-wire-ListTasksDetailedResponse-page-as-wt5	U-wire-ListTasksDetailedResponse-page-as-wt5	ascii	core-native	encode	retain	20	652.5	635.3	674.1	0.059	644.8	658.4
codec-U	U-wire-ListResultsResponse-results-as-wt1	U-wire-ListResultsResponse-results-as-wt1	ascii	core-ffi	encode	retain	20	200.4	198.1	204.6	0.032	199.7	202.4
codec-U	U-leaf-u-repeated	U-leaf-u-repeated	ascii	core-ffi	encode	drop	20	102.7	98.7	108.0	0.091	101.9	103.5
codec-U	U-leaf-u-fixed64	U-leaf-u-fixed64	ascii	core-native	encode	drop	20	44.9	43.3	46.9	0.080	44.4	45.2
codec-U	U-nested-u-fixed32	U-nested-u-fixed32	ascii	core-ffi-pull	decode	retain	20	485.6	475.1	552.2	0.159	479.7	487.7
codec-U	U-wire-ListResultsResponse-page-as-wt1	U-wire-ListResultsResponse-page-as-wt1	ascii	core-ffi-pull	decode-read	retain	20	960.4	949.1	990.9	0.044	955.2	973.9
codec-U	U-oneof-member-after-known	U-oneof-member-after-known	ascii	core-ffi	decode-read	retain	20	218.9	213.1	225.5	0.057	218.2	220.9
codec-U	U-root-max-tag	U-root-max-tag	ascii	core-native	decode	retain	20	515.5	502.8	1132.8	1.222	510.2	526.0
codec-U	U-wire-ListTasksDetailedResponse-page-as-wt2	U-wire-ListTasksDetailedResponse-page-as-wt2	ascii	core-native	decode-read	retain	20	3525.9	3395.6	3672.8	0.079	3484.4	3545.1
codec-U	U-wire-UploadResultDataMessage-upload-as-wt0	U-wire-UploadResultDataMessage-upload-as-wt0	ascii	core-ffi	encode	drop	20	35.9	35.2	37.3	0.059	35.7	36.1
codec-U	U-root-u-fixed32	U-root-u-fixed32	ascii	armonik	decode	default	20	692.6	674.6	725.4	0.073	689.0	698.7
codec-U	U-nested-group	U-nested-group	ascii	core-ffi	decode	drop	20	407.5	399.1	433.7	0.085	405.5	415.2
codec-U	U-nested-all	U-nested-all	ascii	core-ffi	decode	drop	20	435.2	423.2	441.4	0.042	431.2	436.5
codec-U	U-nested-u-msg	U-nested-u-msg	ascii	core-ffi	encode	drop	20	102.2	93.6	104.6	0.108	100.7	103.2
codec-U	U-nested-interleaved	U-nested-interleaved	ascii	core-ffi	decode	drop	20	408.6	399.3	427.3	0.068	405.9	413.9
codec-U	U-nested-u-msg	U-nested-u-msg	ascii	core-ffi	decode-read	retain	20	432.7	424.7	442.1	0.040	430.6	435.1
codec-U	U-oneof-u-len	U-oneof-u-len	ascii	core-native	encode	retain	20	24.0	23.2	24.8	0.067	23.7	24.3
codec-U	U-deep-u-len	U-deep-u-len	ascii	core-native	decode-read	drop	20	1343.2	1333.3	1399.7	0.049	1340.6	1356.0
codec-U	U-deep-u-msg	U-deep-u-msg	ascii	core-ffi-pull	decode-read	drop	20	2492.7	2407.0	2857.3	0.181	2444.5	2521.9
codec-U	U-oneof-member-after-known	U-oneof-member-after-known	ascii	core-native	encode	drop	20	23.1	22.0	23.8	0.077	22.4	23.3
codec-U	U-root-u-fixed64	U-root-u-fixed64	ascii	core-ffi-pull	decode	retain	20	926.1	724.7	1008.7	0.307	748.9	948.9
codec-U	U-wire-UploadResultDataMessage-upload-as-wt5	U-wire-UploadResultDataMessage-upload-as-wt5	ascii	core-ffi	decode-read	drop	20	158.5	155.3	162.5	0.045	157.1	160.5
codec-U	U-element-u-varint	U-element-u-varint	ascii	core-native	encode	drop	20	250.3	240.0	439.4	0.797	247.7	254.5
codec-U	U-root-u-packed	U-root-u-packed	ascii	core-ffi-pull	decode	retain	20	932.9	919.0	968.6	0.053	925.4	940.3
codec-U	U-deep-u-packed	U-deep-u-packed	ascii	core-ffi	decode	retain	20	2867.3	2802.9	2954.9	0.053	2847.5	2891.7
codec-U	U-root-before	U-root-before	ascii	core-ffi	encode	retain	20	204.2	199.2	209.4	0.050	202.0	204.7
codec-U	U-element-u-varint	U-element-u-varint	ascii	core-ffi-pull	decode	retain	20	2769.7	2741.0	3148.2	0.147	2758.6	2815.0
codec-U	U-nested-u-varint	U-nested-u-varint	ascii	core-ffi-pull	decode	retain	20	554.3	540.9	689.5	0.268	548.1	561.8
codec-U	U-wire-ListProbeResponse-probes-as-wt5	U-wire-ListProbeResponse-probes-as-wt5	ascii	core-native	decode-read	retain	20	233.9	229.9	251.6	0.093	231.7	235.4
codec-U	U-enum-value-2147483647	U-enum-value-2147483647	ascii	core-native	decode-read	drop	20	96.8	95.2	101.9	0.069	96.1	97.5
codec-U	U-wire-ListTasksDetailedResponse-page-as-wt5	U-wire-ListTasksDetailedResponse-page-as-wt5	ascii	core-ffi-pull	decode-read	drop	20	5705.3	5591.0	5982.3	0.069	5666.2	5739.2
codec-U	U-nested-u-varint	U-nested-u-varint	ascii	core-ffi	encode	drop	20	103.5	100.6	111.7	0.107	102.7	105.0
codec-U	U-nested-u-packed	U-nested-u-packed	ascii	core-native	decode	drop	20	239.8	236.9	244.0	0.030	239.1	240.9
codec-U	U-leaf-u-varint	U-leaf-u-varint	ascii	core-ffi	decode-read	retain	20	511.7	502.3	542.0	0.078	509.0	513.9
codec-U	U-nested-u-fixed64	U-nested-u-fixed64	ascii	armonik	encode	default	20	257.0	252.6	259.8	0.028	256.0	257.6
codec-U	U-root-u-fixed32	U-root-u-fixed32	ascii	incumbent-prod	decode	default	20	609.3	598.6	618.2	0.032	606.1	612.9
codec-U	U-element-u-msg	U-element-u-msg	ascii	core-ffi	encode	drop	20	539.1	534.0	550.8	0.031	538.4	541.8
codec-U	U-wire-ListResultsResponse-results-as-wt1	U-wire-ListResultsResponse-results-as-wt1	ascii	core-ffi	decode-read	retain	20	941.6	925.6	1001.4	0.080	930.1	951.1
codec-U	U-root-max-tag	U-root-max-tag	ascii	core-ffi-pull	decode-read	retain	20	971.3	963.4	1028.9	0.067	968.4	984.7
codec-U	U-wire-ListTasksDetailedResponse-tasks-as-wt5	U-wire-ListTasksDetailedResponse-tasks-as-wt5	ascii	core-native	decode	drop	20	3270.9	3202.1	3369.7	0.051	3246.9	3301.1
codec-U	U-oneof-u-fixed64	U-oneof-u-fixed64	ascii	core-ffi-pull	decode	drop	20	160.5	154.9	167.9	0.081	157.7	162.1
codec-U	U-nested-u-fixed32	U-nested-u-fixed32	ascii	core-ffi-pull	decode-read	drop	20	419.2	411.4	444.3	0.078	417.0	424.8
codec-U	U-oneof-all	U-oneof-all	ascii	core-native	decode-read	drop	20	122.7	119.2	127.8	0.070	121.4	124.9
codec-U	U-root-u-len	U-root-u-len	ascii	armonik	decode-read	default	20	670.5	658.5	691.9	0.050	667.1	678.4
codec-U	U-deep-u-fixed64	U-deep-u-fixed64	ascii	core-native	encode	drop	20	244.1	241.6	251.8	0.042	243.4	245.3
codec-U	U-element-all	U-element-all	ascii	core-ffi	decode	retain	20	3156.3	3110.4	3207.9	0.031	3142.3	3164.5
codec-U	U-root-max-tag	U-root-max-tag	ascii	core-native	encode	drop	20	97.6	95.5	108.4	0.132	96.6	99.2
codec-U	U-oneof-interleaved	U-oneof-interleaved	ascii	armonik	decode	default	20	210.0	202.8	319.2	0.554	206.6	214.5
codec-U	U-wire-ListTaskSummaryResponse-tasks-as-wt1	U-wire-ListTaskSummaryResponse-tasks-as-wt1	ascii	core-ffi	decode	retain	20	2526.6	2482.6	2647.9	0.065	2496.2	2546.6
codec-U	U-wire-ListResultsResponse-page-as-wt2	U-wire-ListResultsResponse-page-as-wt2	ascii	core-native	encode	drop	20	97.6	95.4	101.0	0.057	96.7	98.0
codec-U	U-wire-ListMetricsResponse-batches-as-wt5	U-wire-ListMetricsResponse-batches-as-wt5	ascii	core-native	decode	drop	20	1616.5	1538.9	1934.7	0.245	1578.6	1680.3
codec-U	U-nested-all	U-nested-all	ascii	core-native	decode	retain	20	485.0	470.5	501.4	0.064	477.6	492.2
codec-U	U-oneof-all	U-oneof-all	ascii	incumbent-prod	decode	default	20	211.9	204.1	222.1	0.085	207.1	214.8
codec-U	U-root-before	U-root-before	ascii	core-native	decode	drop	20	555.8	543.7	582.6	0.070	553.4	561.7
codec-U	U-deep-u-fixed64	U-deep-u-fixed64	ascii	core-native	decode-read	retain	20	1508.1	1480.5	1673.6	0.128	1499.1	1534.2
codec-U	U-wire-DualResponse-left-as-wt0	U-wire-DualResponse-left-as-wt0	ascii	core-ffi-pull	decode	retain	20	335.6	331.3	348.9	0.052	332.9	338.1
codec-U	U-wire-UploadResultDataMessage-upload-as-wt0	U-wire-UploadResultDataMessage-upload-as-wt0	ascii	core-native	decode	retain	20	111.7	109.6	117.3	0.069	110.8	112.8
codec-U	U-deep-all	U-deep-all	ascii	incumbent-prod	encode	default	20	1232.8	1208.4	1285.9	0.063	1226.3	1244.1
codec-U	U-oneof-member-before-known	U-oneof-member-before-known	ascii	core-ffi	encode	retain	20	53.2	52.3	55.6	0.062	52.7	53.5
codec-U	U-root-u-fixed64	U-root-u-fixed64	ascii	core-ffi-pull	decode	drop	20	858.7	846.9	872.2	0.029	852.9	862.2
codec-U	U-deep-u-varint	U-deep-u-varint	ascii	core-native	decode	drop	20	1382.8	1360.4	1454.7	0.068	1374.1	1391.1
codec-U	U-root-all	U-root-all	ascii	incumbent-prod	encode	default	20	565.3	547.4	592.2	0.079	561.3	571.2
codec-U	U-wire-ListTasksDetailedResponse-tasks-as-wt0	U-wire-ListTasksDetailedResponse-tasks-as-wt0	ascii	core-ffi-pull	decode-read	retain	20	5844.4	5707.8	6123.1	0.071	5804.4	5866.9
codec-U	U-root-u-len	U-root-u-len	ascii	core-native	decode	retain	20	563.2	557.1	581.5	0.043	561.8	566.7
codec-U	U-wire-ListResultsResponse-page-as-wt1	U-wire-ListResultsResponse-page-as-wt1	ascii	core-native	encode	drop	20	96.8	95.0	105.3	0.106	96.2	97.7
codec-U	U-nested-u-repeated	U-nested-u-repeated	ascii	incumbent-prod	decode-read	default	20	320.6	310.4	344.6	0.107	317.3	323.7
codec-U	U-wire-ListResultsResponse-results-as-wt5	U-wire-ListResultsResponse-results-as-wt5	ascii	core-ffi	decode	drop	20	831.7	821.7	963.2	0.170	826.9	842.8
codec-U	U-root-u-varint	U-root-u-varint	ascii	core-native	encode	drop	20	97.2	95.1	100.4	0.054	96.5	98.0
codec-U	U-leaf-all	U-leaf-all	ascii	core-ffi	encode	drop	20	103.3	101.1	105.3	0.041	102.6	104.4
codec-U	U-deep-u-fixed32	U-deep-u-fixed32	ascii	core-native	decode	retain	20	1415.8	1387.3	1563.1	0.124	1402.2	1431.1
codec-U	U-enum-value-999	U-enum-value-999	ascii	core-ffi-pull	decode-read	drop	20	155.8	154.0	160.0	0.039	154.9	157.3
codec-U	U-enum-value-packed	U-enum-value-packed	ascii	core-ffi-pull	decode	retain	20	246.6	243.4	264.7	0.086	245.6	249.6
codec-U	U-nested-u-packed	U-nested-u-packed	ascii	incumbent-prod	encode	default	20	246.9	241.4	252.9	0.046	244.2	248.7
codec-U	U-nested-u-msg	U-nested-u-msg	ascii	armonik	decode	default	20	307.2	299.5	313.3	0.045	305.5	308.4
codec-U	U-oneof-member-after-known	U-oneof-member-after-known	ascii	core-ffi	decode	drop	20	150.0	147.4	154.6	0.048	149.0	150.8
codec-U	U-enum-value-999	U-enum-value-999	ascii	core-ffi-pull	decode-read	retain	20	163.8	162.4	165.4	0.018	163.2	164.4
codec-U	U-oneof-u-msg	U-oneof-u-msg	ascii	core-native	decode	retain	20	115.1	113.9	116.4	0.022	114.9	115.6
codec-U	U-leaf-u-packed	U-leaf-u-packed	ascii	core-native	decode	drop	20	243.3	241.3	249.3	0.033	242.4	245.2
codec-U	U-wire-ListTasksDetailedResponse-tasks-as-wt1	U-wire-ListTasksDetailedResponse-tasks-as-wt1	ascii	core-native	encode	drop	20	543.9	538.2	549.5	0.021	542.5	545.6
codec-U	U-wire-UploadResultDataMessage-upload-as-wt5	U-wire-UploadResultDataMessage-upload-as-wt5	ascii	core-ffi-pull	decode	retain	20	216.4	213.2	220.0	0.031	214.8	217.0
codec-U	U-root-u-packed	U-root-u-packed	ascii	armonik	decode-read	default	20	663.2	646.4	677.6	0.047	659.7	665.9
codec-U	U-wire-ListProbeResponse-probes-as-wt1	U-wire-ListProbeResponse-probes-as-wt1	ascii	core-native	decode-read	retain	20	231.4	229.8	238.1	0.036	230.8	232.3
codec-U	U-leaf-u-msg	U-leaf-u-msg	ascii	armonik	encode	default	20	255.8	253.2	260.2	0.028	254.4	257.5
codec-U	U-nested-before	U-nested-before	ascii	core-ffi	decode	retain	20	802.6	800.5	821.6	0.026	801.3	807.4
codec-U	U-leaf-u-fixed32	U-leaf-u-fixed32	ascii	incumbent-prod	decode-read	default	20	317.9	310.7	325.2	0.046	315.6	320.1
codec-U	U-deep-u-len	U-deep-u-len	ascii	armonik	encode	default	20	1245.4	1219.8	1270.9	0.041	1241.0	1254.0
codec-U	U-element-all	U-element-all	ascii	core-ffi-pull	decode-read	retain	20	3140.5	3098.4	3171.2	0.023	3126.0	3148.7
codec-U	U-wire-UploadResultDataMessage-upload-as-wt0	U-wire-UploadResultDataMessage-upload-as-wt0	ascii	core-ffi	decode-read	drop	20	159.0	157.7	161.5	0.024	158.6	159.5
codec-U	U-nested-all	U-nested-all	ascii	core-ffi-pull	decode	retain	20	813.6	800.7	855.2	0.067	810.1	816.1
codec-U	U-wire-ListProbeResponse-probes-as-wt5	U-wire-ListProbeResponse-probes-as-wt5	ascii	core-native	decode	retain	20	221.2	219.2	232.1	0.058	220.5	221.9
codec-U	U-root-u-msg	U-root-u-msg	ascii	core-native	decode-read	retain	20	622.7	613.3	635.6	0.036	620.9	624.9
codec-U	U-deep-u-fixed32	U-deep-u-fixed32	ascii	armonik	decode-read	default	20	1821.5	1787.6	1854.7	0.037	1815.2	1826.0
codec-U	U-oneof-u-fixed64	U-oneof-u-fixed64	ascii	core-ffi	encode	drop	20	48.3	47.4	52.5	0.105	47.9	49.1
codec-U	U-nested-u-fixed64	U-nested-u-fixed64	ascii	incumbent-prod	decode-read	default	20	303.4	299.2	310.3	0.036	302.6	307.2
codec-U	U-wire-ListResultsResponse-results-as-wt1	U-wire-ListResultsResponse-results-as-wt1	ascii	core-native	decode-read	retain	20	622.6	616.0	637.3	0.034	620.4	626.4
codec-U	U-wire-ListTaskSummaryResponse-tasks-as-wt0	U-wire-ListTaskSummaryResponse-tasks-as-wt0	ascii	core-ffi	encode	retain	20	515.0	503.9	554.9	0.099	510.9	520.3
codec-U	U-wire-ListResultsResponse-results-as-wt1	U-wire-ListResultsResponse-results-as-wt1	ascii	core-native	encode	drop	20	85.9	84.3	89.0	0.055	85.0	87.1
codec-U	U-root-u-packed	U-root-u-packed	ascii	core-native	encode	drop	20	80.6	79.1	86.7	0.094	79.6	82.8
codec-U	U-root-u-fixed32	U-root-u-fixed32	ascii	core-native	decode	retain	20	432.4	424.8	467.1	0.098	429.4	455.6
codec-U	U-wire-ListResultsResponse-page-as-wt5	U-wire-ListResultsResponse-page-as-wt5	ascii	core-native	decode	retain	20	440.5	431.6	453.6	0.050	436.1	446.0
codec-U	U-deep-u-repeated	U-deep-u-repeated	ascii	core-native	decode-read	drop	20	1217.5	1155.9	1249.4	0.077	1198.9	1222.5
codec-U	U-root-group	U-root-group	ascii	core-native	decode-read	drop	20	465.9	444.2	560.5	0.250	463.8	488.4
codec-U	U-oneof-u-repeated	U-oneof-u-repeated	ascii	core-native	decode-read	drop	20	99.3	97.6	102.0	0.045	98.8	99.8
codec-U	U-element-u-repeated	U-element-u-repeated	ascii	core-native	encode	drop	20	237.9	234.2	247.1	0.054	237.0	242.2
codec-U	U-nested-u-len	U-nested-u-len	ascii	core-native	encode	drop	20	45.5	44.0	46.7	0.059	44.8	45.7
codec-U	U-enum-value-2147483647	U-enum-value-2147483647	ascii	core-ffi-pull	decode-read	drop	20	144.3	142.5	149.2	0.046	143.8	144.7
codec-U	U-deep-u-fixed32	U-deep-u-fixed32	ascii	core-native	encode	drop	20	249.9	241.4	269.5	0.112	246.5	256.8
codec-U	U-wire-UploadResultDataMessage-upload-as-wt1	U-wire-UploadResultDataMessage-upload-as-wt1	ascii	core-native	decode	retain	20	111.8	109.5	123.0	0.121	110.8	115.0
codec-U	U-root-u-varint	U-root-u-varint	ascii	core-ffi-pull	decode	drop	20	890.9	864.2	932.4	0.076	878.5	903.6
codec-U	U-root-u-fixed64	U-root-u-fixed64	ascii	core-ffi	decode-read	drop	20	878.4	864.5	914.3	0.057	870.8	887.0
codec-U	U-nested-u-fixed32	U-nested-u-fixed32	ascii	core-ffi-pull	decode	drop	20	410.5	398.1	438.4	0.098	405.8	416.1
codec-U	U-root-group	U-root-group	ascii	incumbent-prod	decode-read	default	20	674.8	659.0	706.3	0.070	668.0	681.3
codec-U	U-wire-ListTasksDetailedResponse-tasks-as-wt1	U-wire-ListTasksDetailedResponse-tasks-as-wt1	ascii	core-ffi-pull	decode-read	retain	20	6011.9	5705.1	6405.5	0.116	5807.5	6070.9
codec-U	U-root-before	U-root-before	ascii	core-native	decode-read	drop	20	614.7	584.6	663.4	0.128	599.6	623.2
codec-U	U-leaf-u-len	U-leaf-u-len	ascii	core-native	encode	retain	20	64.6	63.0	77.9	0.231	63.7	65.6
codec-U	U-element-all	U-element-all	ascii	core-native	decode-read	retain	20	1725.8	1677.7	2685.3	0.584	1706.2	1767.3
codec-U	U-oneof-u-varint	U-oneof-u-varint	ascii	core-ffi-pull	decode-read	drop	20	169.1	164.4	175.2	0.064	167.6	171.4
codec-U	U-oneof-group	U-oneof-group	ascii	core-native	encode	drop	20	23.6	22.9	25.2	0.095	23.1	24.1
codec-U	U-nested-u-fixed32	U-nested-u-fixed32	ascii	core-native	encode	retain	20	63.8	62.4	66.8	0.069	63.2	64.7
codec-U	U-nested-u-len	U-nested-u-len	ascii	core-ffi-pull	decode-read	drop	20	441.9	432.5	471.5	0.088	438.3	446.4
codec-U	U-element-u-fixed32	U-element-u-fixed32	ascii	armonik	decode-read	default	20	1845.8	1808.1	1978.0	0.092	1823.5	1860.1
codec-U	U-wire-DualResponse-left-as-wt1	U-wire-DualResponse-left-as-wt1	ascii	core-ffi	decode	drop	20	253.4	250.4	267.5	0.068	252.1	255.7
codec-U	U-wire-ListTasksDetailedResponse-page-as-wt5	U-wire-ListTasksDetailedResponse-page-as-wt5	ascii	core-native	decode-read	retain	20	3549.1	3432.0	9366.7	1.672	3463.6	3673.0
codec-U	U-leaf-u-fixed64	U-leaf-u-fixed64	ascii	core-ffi	encode	drop	20	103.4	99.6	108.5	0.085	102.6	104.3
codec-U	U-element-all	U-element-all	ascii	armonik	encode	default	20	1246.9	1224.6	1314.6	0.072	1241.9	1250.3
codec-U	U-element-u-fixed32	U-element-u-fixed32	ascii	core-ffi	decode	drop	20	2663.2	2606.9	2912.7	0.115	2647.6	2708.6
codec-U	U-oneof-member-alone	U-oneof-member-alone	ascii	armonik	encode	default	20	73.5	72.9	75.9	0.040	73.3	74.2
codec-U	U-deep-u-repeated	U-deep-u-repeated	ascii	core-native	encode	drop	20	249.5	244.8	274.7	0.120	246.8	253.4
codec-U	U-wire-UploadResultDataMessage-upload-as-wt5	U-wire-UploadResultDataMessage-upload-as-wt5	ascii	core-ffi	encode	retain	20	41.9	39.6	44.8	0.124	40.4	43.0
codec-U	U-wire-ListTaskSummaryResponse-tasks-as-wt0	U-wire-ListTaskSummaryResponse-tasks-as-wt0	ascii	core-ffi	decode	retain	20	2557.1	2485.1	3011.3	0.206	2519.3	2630.2
codec-U	U-wire-ListResultsResponse-page-as-wt5	U-wire-ListResultsResponse-page-as-wt5	ascii	core-ffi	encode	retain	20	217.9	202.8	260.4	0.265	213.8	227.1
codec-U	U-enum-value-127	U-enum-value-127	ascii	core-ffi	decode-read	retain	20	151.0	142.4	176.5	0.226	148.2	153.9
codec-U	U-leaf-u-fixed64	U-leaf-u-fixed64	ascii	incumbent-prod	decode	default	20	310.9	301.6	358.8	0.184	306.1	317.6
codec-U	U-oneof-u-packed	U-oneof-u-packed	ascii	core-ffi-pull	decode	drop	20	161.7	158.2	173.4	0.094	160.6	163.6
codec-U	U-element-u-fixed64	U-element-u-fixed64	ascii	core-native	encode	drop	20	246.3	241.7	271.6	0.121	243.0	250.1
codec-U	U-root-max-tag	U-root-max-tag	ascii	core-native	encode	retain	20	132.0	128.4	137.9	0.072	131.1	133.8
codec-U	U-wire-ListProbeResponse-probes-as-wt0	U-wire-ListProbeResponse-probes-as-wt0	ascii	core-ffi	encode	retain	20	101.7	97.8	111.3	0.133	99.8	106.4
codec-U	U-deep-u-packed	U-deep-u-packed	ascii	core-ffi	encode	retain	20	574.5	558.0	599.6	0.072	568.0	579.9
codec-U	U-element-u-msg	U-element-u-msg	ascii	armonik	decode	default	20	1732.6	1707.2	1795.1	0.051	1722.5	1760.3
codec-U	U-wire-DualResponse-left-as-wt1	U-wire-DualResponse-left-as-wt1	ascii	core-native	encode	drop	20	46.2	45.4	48.5	0.066	45.8	46.7
codec-U	U-root-interleaved	U-root-interleaved	ascii	armonik	encode	default	20	601.0	589.2	759.1	0.283	595.6	611.9
codec-U	U-leaf-u-fixed32	U-leaf-u-fixed32	ascii	core-native	decode-read	retain	20	306.3	299.7	323.8	0.079	302.5	310.1
codec-U	U-deep-u-msg	U-deep-u-msg	ascii	core-ffi	decode	drop	20	2670.4	2586.1	3776.5	0.446	2630.5	2757.0
codec-U	U-root-before	U-root-before	ascii	core-native	encode	drop	20	99.1	96.0	104.1	0.081	97.7	101.2
codec-U	U-wire-ListResultsResponse-page-as-wt2	U-wire-ListResultsResponse-page-as-wt2	ascii	core-ffi	decode-read	drop	20	886.7	863.4	1008.7	0.164	881.0	918.3
codec-U	U-root-u-repeated	U-root-u-repeated	ascii	armonik	encode	default	20	600.7	581.3	677.9	0.161	595.5	611.2
codec-U	U-wire-DualResponse-left-as-wt0	U-wire-DualResponse-left-as-wt0	ascii	core-ffi-pull	decode	drop	20	274.8	272.5	283.2	0.039	273.8	277.0
codec-U	U-element-u-fixed64	U-element-u-fixed64	ascii	core-ffi	decode	drop	20	2739.7	2655.1	2838.1	0.067	2717.3	2769.0
codec-U	U-deep-u-packed	U-deep-u-packed	ascii	core-ffi	decode-read	retain	20	2874.9	2755.2	3125.4	0.129	2827.3	2923.4
codec-U	U-root-u-len	U-root-u-len	ascii	core-native	decode	drop	20	525.9	519.4	545.6	0.050	523.3	529.2
codec-U	U-root-all	U-root-all	ascii	core-ffi-pull	decode-read	drop	20	882.3	844.9	927.2	0.093	870.4	911.9
codec-U	U-element-all	U-element-all	ascii	incumbent-prod	encode	default	20	1227.2	1213.4	1255.3	0.034	1220.7	1231.3
codec-U	U-element-all	U-element-all	ascii	core-native	encode	drop	20	243.4	239.8	248.5	0.036	241.6	244.9
codec-U	U-root-u-msg	U-root-u-msg	ascii	incumbent-prod	decode	default	20	611.3	592.6	636.8	0.072	606.4	616.7
codec-U	U-root-interleaved	U-root-interleaved	ascii	core-native	decode-read	drop	20	560.6	543.7	615.4	0.128	549.0	565.5
codec-U	U-element-u-packed	U-element-u-packed	ascii	incumbent-prod	decode-read	default	20	1888.0	1815.2	1985.5	0.090	1847.2	1922.5
codec-U	U-root-interleaved	U-root-interleaved	ascii	core-native	decode-read	retain	20	736.5	727.3	816.6	0.121	732.5	742.5
codec-U	U-root-u-fixed32	U-root-u-fixed32	ascii	core-ffi-pull	decode	drop	20	846.5	826.7	954.3	0.151	832.9	867.7
codec-U	U-nested-before	U-nested-before	ascii	incumbent-prod	decode-read	default	20	384.6	371.8	422.8	0.133	382.0	392.2
codec-U	U-oneof-before	U-oneof-before	ascii	core-ffi-pull	decode	retain	20	490.6	480.8	536.4	0.113	484.7	510.4
codec-U	U-element-u-packed	U-element-u-packed	ascii	armonik	encode	default	20	1220.3	1193.2	1238.6	0.037	1209.9	1227.0
codec-U	U-nested-u-fixed32	U-nested-u-fixed32	ascii	core-ffi	encode	drop	20	100.0	97.7	102.7	0.050	99.4	101.1
codec-U	U-oneof-member-after-known	U-oneof-member-after-known	ascii	incumbent-prod	encode	default	20	104.1	98.7	111.9	0.126	102.2	106.1
codec-U	U-deep-all	U-deep-all	ascii	incumbent-prod	decode	default	20	1865.8	1522.1	2317.4	0.426	1581.9	1904.0
codec-U	U-element-u-fixed32	U-element-u-fixed32	ascii	core-native	decode	retain	20	1147.3	1133.7	1176.6	0.037	1139.3	1157.3
codec-U	U-nested-u-packed	U-nested-u-packed	ascii	core-ffi	decode	drop	20	322.8	313.7	329.2	0.048	321.3	325.9
codec-U	U-wire-ListTaskSummaryResponse-tasks-as-wt5	U-wire-ListTaskSummaryResponse-tasks-as-wt5	ascii	core-ffi	decode	retain	20	2399.9	2070.6	2763.8	0.289	2093.0	2557.8
codec-U	U-wire-ListResultsResponse-page-as-wt2	U-wire-ListResultsResponse-page-as-wt2	ascii	core-ffi-pull	decode	drop	20	887.2	871.2	995.5	0.140	880.9	898.3
codec-U	U-wire-ListTaskSummaryResponse-tasks-as-wt5	U-wire-ListTaskSummaryResponse-tasks-as-wt5	ascii	core-ffi	decode-read	drop	20	2592.7	2514.0	2854.4	0.131	2561.6	2620.3
codec-U	U-nested-u-varint	U-nested-u-varint	ascii	core-native	encode	retain	20	63.3	62.0	66.5	0.072	62.9	64.3
codec-U	U-enum-value-127	U-enum-value-127	ascii	core-native	decode	drop	20	86.1	84.7	90.9	0.072	85.4	86.7
codec-U	U-nested-all	U-nested-all	ascii	core-native	encode	retain	20	63.2	61.5	68.2	0.107	62.4	66.1
codec-U	U-oneof-u-fixed64	U-oneof-u-fixed64	ascii	core-native	decode	retain	20	115.7	113.5	121.0	0.065	115.0	118.5
codec-U	U-nested-u-varint	U-nested-u-varint	ascii	core-native	encode	drop	20	46.3	44.7	52.2	0.161	45.9	47.5
codec-U	U-nested-before	U-nested-before	ascii	armonik	decode-read	default	20	401.0	387.3	424.5	0.093	397.0	404.8
codec-U	U-wire-ListProbeResponse-probes-as-wt1	U-wire-ListProbeResponse-probes-as-wt1	ascii	core-ffi-pull	decode-read	retain	20	392.7	383.6	419.8	0.092	387.0	403.2
codec-U	U-wire-ListProbeResponse-probes-as-wt0	U-wire-ListProbeResponse-probes-as-wt0	ascii	core-native	decode-read	retain	20	231.8	228.1	242.9	0.064	230.0	233.8
codec-U	U-root-u-packed	U-root-u-packed	ascii	core-ffi	decode	drop	20	857.8	837.7	875.9	0.045	850.7	866.7
codec-U	U-wire-UploadResultDataMessage-upload-as-wt0	U-wire-UploadResultDataMessage-upload-as-wt0	ascii	core-native	decode-read	drop	20	98.8	97.0	109.9	0.131	98.2	99.6
codec-U	U-deep-u-fixed64	U-deep-u-fixed64	ascii	core-ffi-pull	decode-read	retain	20	2900.5	2846.6	3033.9	0.065	2878.8	2931.7
codec-U	U-wire-ListMetricsResponse-batches-as-wt5	U-wire-ListMetricsResponse-batches-as-wt5	ascii	core-ffi	decode-read	drop	20	1775.9	1689.9	2717.3	0.579	1722.0	1797.5
codec-U	U-leaf-u-repeated	U-leaf-u-repeated	ascii	armonik	encode	default	20	259.7	254.1	290.0	0.138	258.5	264.6
codec-U	U-element-u-fixed32	U-element-u-fixed32	ascii	core-native	decode-read	drop	20	1502.3	1478.0	1556.1	0.052	1494.4	1519.1
codec-U	U-deep-u-fixed32	U-deep-u-fixed32	ascii	incumbent-prod	decode	default	20	1771.5	1721.8	1940.9	0.124	1755.1	1817.9
codec-U	U-enum-value-2147483647	U-enum-value-2147483647	ascii	armonik	decode-read	default	20	111.7	107.0	120.5	0.121	110.6	113.9
codec-U	U-wire-ListMetricsResponse-batches-as-wt0	U-wire-ListMetricsResponse-batches-as-wt0	ascii	core-native	encode	retain	20	587.0	580.5	596.1	0.027	585.1	589.2
codec-U	U-wire-ListTasksDetailedResponse-tasks-as-wt5	U-wire-ListTasksDetailedResponse-tasks-as-wt5	ascii	core-ffi	encode	retain	20	1211.3	1189.4	1296.1	0.088	1196.8	1234.2
codec-U	U-leaf-u-varint	U-leaf-u-varint	ascii	incumbent-prod	encode	default	20	247.1	240.8	254.6	0.056	245.7	250.0
codec-U	U-leaf-u-fixed32	U-leaf-u-fixed32	ascii	incumbent-prod	decode	default	20	303.7	297.9	317.2	0.064	302.0	307.7
codec-U	U-enum-value-2147483647	U-enum-value-2147483647	ascii	incumbent-prod	encode	default	20	68.0	63.7	85.7	0.323	66.3	71.3
codec-U	U-oneof-u-varint	U-oneof-u-varint	ascii	core-ffi	decode	retain	20	214.2	210.5	227.2	0.078	213.3	218.4
codec-U	U-nested-interleaved	U-nested-interleaved	ascii	core-ffi-pull	decode-read	retain	20	794.4	777.9	805.4	0.035	788.3	796.3
codec-U	U-wire-ListMetricsResponse-batches-as-wt5	U-wire-ListMetricsResponse-batches-as-wt5	ascii	core-ffi-pull	decode-read	retain	20	1709.6	1676.2	1785.4	0.064	1695.9	1737.6
codec-U	U-enum-value-127	U-enum-value-127	ascii	core-native	decode-read	retain	20	98.1	96.9	163.5	0.679	97.5	99.4
codec-U	U-leaf-all	U-leaf-all	ascii	core-ffi	decode-read	retain	20	1088.1	1070.0	1145.9	0.070	1083.1	1098.2
codec-U	U-deep-u-msg	U-deep-u-msg	ascii	incumbent-prod	decode-read	default	20	1860.0	1824.6	1902.0	0.042	1850.1	1866.8
codec-U	U-oneof-u-repeated	U-oneof-u-repeated	ascii	core-native	encode	retain	20	25.8	25.2	27.1	0.074	25.6	26.1
codec-U	U-nested-before	U-nested-before	ascii	core-native	encode	retain	20	56.9	55.2	65.7	0.184	56.4	57.9
codec-U	U-wire-ListResultsResponse-results-as-wt1	U-wire-ListResultsResponse-results-as-wt1	ascii	core-native	encode	retain	20	120.5	113.2	132.5	0.160	114.3	128.4
codec-U	U-root-group	U-root-group	ascii	core-ffi	decode-read	retain	20	1010.9	978.3	1130.4	0.150	994.4	1031.1
codec-U	U-leaf-u-fixed32	U-leaf-u-fixed32	ascii	core-ffi-pull	decode-read	retain	20	588.6	575.5	612.4	0.063	585.7	595.4
codec-U	U-nested-u-fixed64	U-nested-u-fixed64	ascii	core-ffi	decode-read	drop	20	410.9	394.1	443.1	0.119	403.9	414.8
codec-U	U-oneof-u-repeated	U-oneof-u-repeated	ascii	incumbent-prod	decode-read	default	20	142.1	137.6	152.4	0.104	140.9	145.5
codec-U	U-oneof-u-fixed32	U-oneof-u-fixed32	ascii	core-ffi	decode-read	drop	20	160.1	157.8	174.8	0.106	159.4	161.3
codec-U	U-oneof-interleaved	U-oneof-interleaved	ascii	core-ffi-pull	decode	drop	20	198.1	194.7	205.3	0.053	196.5	198.6
codec-U	U-wire-DualResponse-left-as-wt5	U-wire-DualResponse-left-as-wt5	ascii	core-native	encode	drop	20	45.5	44.9	48.2	0.073	45.4	45.8
codec-U	U-oneof-before	U-oneof-before	ascii	core-native	encode	retain	20	26.7	25.4	34.8	0.352	26.3	27.2
codec-U	U-wire-UploadResultDataMessage-upload-as-wt1	U-wire-UploadResultDataMessage-upload-as-wt1	ascii	core-native	encode	retain	20	18.9	18.3	19.8	0.082	18.7	19.2
codec-U	U-leaf-u-len	U-leaf-u-len	ascii	armonik	decode-read	default	20	321.8	315.5	331.5	0.050	320.4	325.0
codec-U	U-wire-UploadResultDataMessage-upload-as-wt5	U-wire-UploadResultDataMessage-upload-as-wt5	ascii	core-native	encode	retain	20	19.7	19.6	20.1	0.026	19.6	19.8
codec-U	U-wire-DualResponse-left-as-wt1	U-wire-DualResponse-left-as-wt1	ascii	core-native	decode	retain	20	196.6	194.0	204.5	0.053	195.9	197.7
codec-U	U-oneof-interleaved	U-oneof-interleaved	ascii	core-ffi	encode	retain	20	53.8	53.0	55.3	0.043	53.5	54.0
codec-U	U-root-u-packed	U-root-u-packed	ascii	armonik	encode	default	20	575.2	565.2	593.5	0.049	571.5	581.5
codec-U	U-wire-ListResultsResponse-results-as-wt0	U-wire-ListResultsResponse-results-as-wt0	ascii	core-native	decode	drop	20	515.6	507.5	526.4	0.037	513.0	518.0
codec-U	U-wire-ListResultsResponse-results-as-wt0	U-wire-ListResultsResponse-results-as-wt0	ascii	core-ffi-pull	decode	drop	20	790.8	775.9	813.7	0.048	787.7	792.7
codec-U	U-wire-ListMetricsResponse-batches-as-wt0	U-wire-ListMetricsResponse-batches-as-wt0	ascii	core-ffi	decode-read	retain	20	1706.2	1651.0	1768.9	0.069	1688.2	1718.9
codec-U	U-wire-ListResultsResponse-results-as-wt0	U-wire-ListResultsResponse-results-as-wt0	ascii	core-ffi-pull	decode-read	drop	20	850.5	834.5	872.3	0.044	845.6	856.3
codec-U	U-wire-ListTaskSummaryResponse-tasks-as-wt0	U-wire-ListTaskSummaryResponse-tasks-as-wt0	ascii	core-native	decode-read	drop	20	1719.2	1696.7	1769.7	0.042	1713.7	1725.6
codec-U	U-root-before	U-root-before	ascii	core-ffi-pull	decode-read	drop	20	863.5	855.0	890.1	0.041	859.3	873.7
codec-U	U-wire-DualResponse-left-as-wt1	U-wire-DualResponse-left-as-wt1	ascii	core-native	decode-read	drop	20	179.8	176.5	186.6	0.056	178.3	180.4
codec-U	U-wire-ListTasksDetailedResponse-page-as-wt2	U-wire-ListTasksDetailedResponse-page-as-wt2	ascii	core-ffi-pull	decode-read	drop	20	5440.8	5288.8	5713.8	0.078	5360.8	5665.7
codec-U	U-nested-u-varint	U-nested-u-varint	ascii	core-ffi-pull	decode	drop	20	487.0	477.2	536.8	0.122	482.9	489.0
codec-U	U-element-u-msg	U-element-u-msg	ascii	incumbent-prod	decode	default	20	1763.4	1659.7	1915.6	0.145	1715.0	1814.7
codec-U	U-oneof-member-alone	U-oneof-member-alone	ascii	core-ffi-pull	decode-read	retain	20	171.5	166.7	224.2	0.335	169.4	177.8
codec-U	U-element-u-len	U-element-u-len	ascii	incumbent-prod	decode	default	20	1791.5	1371.5	1954.2	0.325	1473.5	1867.2
codec-U	U-element-u-len	U-element-u-len	ascii	armonik	encode	default	20	1276.8	1242.0	1384.2	0.111	1255.1	1310.3
codec-U	U-element-u-fixed32	U-element-u-fixed32	ascii	core-ffi	decode	retain	20	2826.1	2794.9	2980.8	0.066	2813.9	2853.5
codec-U	U-oneof-u-varint	U-oneof-u-varint	ascii	incumbent-prod	decode	default	20	138.7	134.8	142.4	0.055	136.3	140.0
codec-U	U-oneof-u-len	U-oneof-u-len	ascii	incumbent-prod	decode	default	20	118.6	115.3	141.7	0.222	117.4	122.9
codec-U	U-element-u-fixed32	U-element-u-fixed32	ascii	core-ffi	encode	drop	20	484.6	476.1	529.6	0.110	481.5	489.1
codec-U	U-oneof-u-varint	U-oneof-u-varint	ascii	incumbent-prod	encode	default	20	92.2	89.2	102.6	0.146	90.3	93.5
codec-U	U-deep-u-msg	U-deep-u-msg	ascii	core-native	decode	drop	20	1309.8	1287.1	1403.1	0.089	1299.0	1316.5
codec-U	U-wire-ListTaskSummaryResponse-tasks-as-wt1	U-wire-ListTaskSummaryResponse-tasks-as-wt1	ascii	core-ffi-pull	decode	drop	20	2464.6	2420.7	2511.7	0.037	2440.2	2483.8
codec-U	U-element-u-fixed64	U-element-u-fixed64	ascii	armonik	encode	default	20	1211.9	1194.9	1267.8	0.060	1204.6	1227.6
codec-U	U-deep-u-fixed32	U-deep-u-fixed32	ascii	armonik	decode	default	20	1723.7	1687.4	1843.4	0.091	1710.6	1734.5
codec-U	U-root-all	U-root-all	ascii	core-ffi-pull	decode	drop	20	914.3	905.1	923.8	0.020	911.6	917.8
codec-U	U-nested-all	U-nested-all	ascii	incumbent-prod	decode-read	default	20	396.1	386.4	451.1	0.163	389.6	427.4
codec-U	U-wire-ListProbeResponse-probes-as-wt5	U-wire-ListProbeResponse-probes-as-wt5	ascii	core-native	encode	retain	20	47.2	46.1	56.1	0.212	46.8	48.3
codec-U	U-wire-ListResultsResponse-page-as-wt1	U-wire-ListResultsResponse-page-as-wt1	ascii	core-ffi-pull	decode	drop	20	849.9	834.8	902.4	0.080	846.5	862.4
codec-U	U-enum-value-2147483647	U-enum-value-2147483647	ascii	core-ffi-pull	decode	drop	20	136.7	126.4	152.5	0.191	134.1	138.0
codec-U	U-deep-u-fixed64	U-deep-u-fixed64	ascii	core-native	decode-read	drop	20	1502.0	1462.5	2026.7	0.376	1477.8	1540.4
codec-U	U-wire-ListTaskSummaryResponse-tasks-as-wt5	U-wire-ListTaskSummaryResponse-tasks-as-wt5	ascii	core-native	decode	drop	20	1730.7	1676.3	1802.2	0.073	1704.1	1758.8
codec-U	U-nested-before	U-nested-before	ascii	core-native	decode	drop	20	281.9	274.0	290.1	0.057	278.8	286.5
codec-U	U-wire-ListTaskSummaryResponse-tasks-as-wt0	U-wire-ListTaskSummaryResponse-tasks-as-wt0	ascii	core-native	decode	drop	20	1742.2	1683.4	1857.4	0.100	1724.7	1760.1
codec-U	U-wire-DualResponse-left-as-wt5	U-wire-DualResponse-left-as-wt5	ascii	core-ffi	encode	drop	20	86.7	83.1	98.5	0.178	84.7	88.5
codec-U	U-enum-value-127	U-enum-value-127	ascii	armonik	decode-read	default	20	111.2	106.1	175.0	0.620	109.0	120.2
codec-U	U-wire-UploadResultDataMessage-upload-as-wt5	U-wire-UploadResultDataMessage-upload-as-wt5	ascii	core-native	decode-read	retain	20	117.5	114.6	123.2	0.073	115.9	119.0
codec-U	U-oneof-interleaved	U-oneof-interleaved	ascii	incumbent-prod	encode	default	20	113.6	109.5	125.2	0.138	112.5	118.0
codec-U	U-root-u-repeated	U-root-u-repeated	ascii	incumbent-prod	decode	default	20	569.1	551.0	592.6	0.073	560.8	572.6
codec-U	U-deep-u-packed	U-deep-u-packed	ascii	armonik	decode	default	20	1761.4	1680.9	1875.0	0.110	1730.9	1820.1
codec-U	U-root-u-varint	U-root-u-varint	ascii	core-ffi	encode	drop	20	193.5	191.4	222.1	0.159	192.7	196.7
codec-U	U-root-u-fixed32	U-root-u-fixed32	ascii	core-ffi	decode	drop	20	851.8	835.7	892.7	0.067	845.3	859.2
codec-U	U-wire-ListResultsResponse-results-as-wt5	U-wire-ListResultsResponse-results-as-wt5	ascii	core-native	decode	drop	20	538.4	518.0	762.8	0.455	530.3	546.0
codec-U	U-wire-ListTasksDetailedResponse-page-as-wt1	U-wire-ListTasksDetailedResponse-page-as-wt1	ascii	core-ffi-pull	decode	drop	20	5632.3	5432.9	8643.6	0.570	5558.0	5799.0
codec-U	U-deep-all	U-deep-all	ascii	core-native	decode-read	retain	20	1687.8	1613.9	2472.7	0.509	1666.6	1715.5
codec-U	U-nested-u-packed	U-nested-u-packed	ascii	incumbent-prod	decode-read	default	20	290.0	283.4	308.0	0.085	288.3	295.1
codec-U	U-nested-u-repeated	U-nested-u-repeated	ascii	incumbent-prod	decode	default	20	295.5	284.9	330.8	0.155	290.7	300.5
codec-U	U-enum-value-999	U-enum-value-999	ascii	core-ffi-pull	decode	drop	20	127.4	123.3	139.9	0.130	125.7	130.6
codec-U	U-oneof-group	U-oneof-group	ascii	core-ffi	encode	retain	20	42.6	41.2	69.5	0.667	41.7	49.8
codec-U	U-element-all	U-element-all	ascii	armonik	decode	default	20	1845.6	1801.6	2893.9	0.592	1817.9	1875.3
codec-U	U-wire-ListResultsResponse-results-as-wt0	U-wire-ListResultsResponse-results-as-wt0	ascii	core-native	encode	drop	20	107.2	105.5	114.8	0.087	106.8	108.4
codec-U	U-wire-ListTasksDetailedResponse-tasks-as-wt0	U-wire-ListTasksDetailedResponse-tasks-as-wt0	ascii	core-ffi	decode-read	drop	20	5838.2	5705.4	6151.3	0.076	5776.8	5901.8
codec-U	U-oneof-u-repeated	U-oneof-u-repeated	ascii	armonik	decode-read	default	20	150.5	142.9	166.0	0.153	147.5	152.5
codec-U	U-element-u-len	U-element-u-len	ascii	armonik	decode	default	20	1782.3	1703.2	1991.9	0.162	1743.3	1844.9
codec-U	U-leaf-u-fixed32	U-leaf-u-fixed32	ascii	armonik	decode	default	20	327.9	312.2	343.7	0.096	320.6	331.6
codec-U	U-root-u-msg	U-root-u-msg	ascii	core-ffi	decode	retain	20	937.5	914.7	1048.4	0.143	931.0	945.5
codec-U	U-nested-u-repeated	U-nested-u-repeated	ascii	core-native	encode	drop	20	45.3	44.6	72.1	0.606	45.2	46.1
codec-U	U-oneof-u-fixed32	U-oneof-u-fixed32	ascii	core-ffi	decode	drop	20	152.5	149.3	156.0	0.044	151.6	153.4
codec-U	U-deep-u-packed	U-deep-u-packed	ascii	core-ffi-pull	decode-read	drop	20	2735.1	2658.6	2901.5	0.089	2696.9	2776.0
codec-U	U-wire-ListTaskSummaryResponse-tasks-as-wt1	U-wire-ListTaskSummaryResponse-tasks-as-wt1	ascii	core-native	encode	drop	20	227.3	221.1	235.2	0.062	226.3	230.7
codec-U	U-root-u-repeated	U-root-u-repeated	ascii	incumbent-prod	decode-read	default	20	659.1	639.0	677.0	0.058	652.9	662.0
codec-U	U-wire-ListTasksDetailedResponse-page-as-wt2	U-wire-ListTasksDetailedResponse-page-as-wt2	ascii	core-ffi-pull	decode-read	retain	20	5912.1	5790.1	6554.6	0.129	5833.8	6022.9
codec-U	U-oneof-u-packed	U-oneof-u-packed	ascii	core-native	decode-read	retain	20	122.2	120.0	126.4	0.052	121.7	123.3
codec-U	U-nested-before	U-nested-before	ascii	core-ffi-pull	decode-read	drop	20	486.1	476.3	499.8	0.048	482.3	491.2
codec-U	U-leaf-all	U-leaf-all	ascii	core-ffi	decode-read	drop	20	499.6	493.6	512.5	0.038	497.9	506.6
codec-U	U-oneof-group	U-oneof-group	ascii	core-ffi-pull	decode-read	retain	20	244.8	239.4	251.2	0.048	242.9	246.4
codec-U	U-wire-ListTaskSummaryResponse-tasks-as-wt0	U-wire-ListTaskSummaryResponse-tasks-as-wt0	ascii	core-ffi-pull	decode	drop	20	2410.9	2364.4	2667.3	0.126	2387.9	2465.7
codec-U	U-wire-ListTasksDetailedResponse-page-as-wt1	U-wire-ListTasksDetailedResponse-page-as-wt1	ascii	core-native	encode	retain	20	664.9	647.7	708.2	0.091	657.0	672.6
codec-U	U-leaf-u-msg	U-leaf-u-msg	ascii	core-native	decode-read	drop	20	263.8	255.4	274.8	0.073	258.6	267.2
codec-U	U-element-u-fixed32	U-element-u-fixed32	ascii	core-ffi	decode-read	retain	20	3079.7	2942.6	3244.8	0.098	3026.6	3121.2
codec-U	U-oneof-all	U-oneof-all	ascii	core-ffi	decode-read	drop	20	200.0	195.6	211.5	0.079	198.2	203.4
codec-U	U-wire-UploadResultDataMessage-upload-as-wt1	U-wire-UploadResultDataMessage-upload-as-wt1	ascii	core-ffi-pull	decode-read	drop	20	166.0	159.9	176.7	0.101	162.7	168.4
codec-U	U-oneof-member-before-known	U-oneof-member-before-known	ascii	core-native	encode	retain	20	26.4	25.0	28.9	0.147	25.7	26.6
codec-U	U-enum-value-127	U-enum-value-127	ascii	core-ffi-pull	decode	retain	20	153.9	152.1	183.5	0.204	153.3	156.2
codec-U	U-wire-ListMetricsResponse-batches-as-wt5	U-wire-ListMetricsResponse-batches-as-wt5	ascii	core-native	decode	retain	20	1635.0	1535.0	1678.9	0.088	1589.1	1660.3
codec-U	U-oneof-all	U-oneof-all	ascii	core-native	decode	retain	20	270.2	265.1	279.4	0.053	266.8	271.9
codec-U	U-nested-u-repeated	U-nested-u-repeated	ascii	core-native	decode	drop	20	241.4	237.5	248.6	0.046	238.9	244.5
codec-U	U-enum-value-packed	U-enum-value-packed	ascii	core-ffi	decode	retain	20	225.0	221.4	238.3	0.075	223.0	225.2
codec-U	U-nested-u-len	U-nested-u-len	ascii	armonik	decode	default	20	305.9	297.1	333.1	0.118	302.9	311.9
codec-U	U-leaf-all	U-leaf-all	ascii	incumbent-prod	decode	default	20	468.5	456.1	484.7	0.061	465.0	478.9
codec-U	U-deep-u-msg	U-deep-u-msg	ascii	core-ffi	decode-read	retain	20	2943.0	2890.7	3085.1	0.066	2932.7	2988.7
codec-U	U-element-all	U-element-all	ascii	incumbent-prod	decode-read	default	20	1797.6	1704.2	2162.1	0.255	1743.6	1959.6
codec-U	U-leaf-u-len	U-leaf-u-len	ascii	core-ffi-pull	decode	drop	20	437.5	410.1	475.8	0.150	434.8	444.4
codec-U	U-root-u-fixed32	U-root-u-fixed32	ascii	armonik	encode	default	20	498.5	477.4	517.2	0.080	488.4	503.3
codec-U	U-wire-ListTasksDetailedResponse-page-as-wt2	U-wire-ListTasksDetailedResponse-page-as-wt2	ascii	core-ffi-pull	decode	drop	20	4542.1	4487.4	4719.1	0.051	4502.9	4585.2
codec-U	U-wire-ListResultsResponse-results-as-wt1	U-wire-ListResultsResponse-results-as-wt1	ascii	core-ffi	decode	drop	20	692.2	671.3	748.6	0.112	684.2	714.6
codec-U	U-root-before	U-root-before	ascii	armonik	encode	default	20	493.4	479.2	507.1	0.057	489.3	498.3
codec-U	U-nested-interleaved	U-nested-interleaved	ascii	core-ffi-pull	decode	retain	20	654.8	643.5	682.0	0.059	651.4	664.4
codec-U	U-deep-all	U-deep-all	ascii	core-ffi	encode	retain	20	470.3	450.5	489.5	0.083	466.4	472.1
codec-U	U-deep-u-msg	U-deep-u-msg	ascii	core-ffi	encode	drop	20	448.4	421.1	574.4	0.342	440.6	469.3
codec-U	U-leaf-u-fixed32	U-leaf-u-fixed32	ascii	core-ffi	decode	drop	20	312.3	304.1	333.2	0.093	307.3	315.6
codec-U	U-oneof-all	U-oneof-all	ascii	core-native	decode-read	retain	20	223.7	213.7	238.0	0.109	221.8	226.5
codec-U	U-enum-value-2147483647	U-enum-value-2147483647	ascii	core-native	decode	retain	20	56.8	55.5	59.3	0.068	56.6	57.8
codec-U	U-deep-u-varint	U-deep-u-varint	ascii	core-ffi-pull	decode	retain	20	2153.3	2111.6	2272.8	0.075	2140.9	2169.2
codec-U	U-root-group	U-root-group	ascii	core-native	encode	drop	20	76.3	74.0	80.2	0.082	75.5	77.4
codec-U	U-root-u-repeated	U-root-u-repeated	ascii	core-native	decode-read	drop	20	423.1	419.1	444.1	0.059	420.9	430.1
codec-U	U-deep-u-len	U-deep-u-len	ascii	core-native	decode	retain	20	1087.2	1079.3	1128.3	0.045	1083.4	1093.4
codec-U	U-nested-u-fixed32	U-nested-u-fixed32	ascii	core-ffi	decode-read	retain	20	379.9	375.7	392.9	0.045	378.5	382.0
codec-U	U-element-u-varint	U-element-u-varint	ascii	core-native	decode	retain	20	1219.1	1081.7	1424.9	0.282	1091.3	1399.5
codec-U	U-nested-u-repeated	U-nested-u-repeated	ascii	core-ffi-pull	decode-read	drop	20	512.8	505.0	615.1	0.215	509.2	516.3
codec-U	U-oneof-group	U-oneof-group	ascii	core-ffi	encode	drop	20	48.7	47.0	50.4	0.069	47.8	49.0
codec-U	U-element-u-fixed32	U-element-u-fixed32	ascii	core-ffi-pull	decode-read	retain	20	2958.2	2861.8	3109.4	0.084	2924.8	3021.1
codec-U	U-leaf-u-fixed64	U-leaf-u-fixed64	ascii	core-ffi	decode-read	retain	20	579.4	567.8	1006.7	0.757	573.6	589.0
codec-U	U-leaf-u-fixed64	U-leaf-u-fixed64	ascii	armonik	encode	default	20	260.2	256.0	271.2	0.058	258.2	262.3
codec-U	U-oneof-member-before-known	U-oneof-member-before-known	ascii	core-native	decode-read	retain	20	122.9	120.2	142.0	0.177	121.7	127.2
codec-U	U-enum-value-2147483647	U-enum-value-2147483647	ascii	core-ffi	encode	retain	20	41.6	40.8	45.1	0.104	41.3	41.8
codec-U	U-oneof-u-len	U-oneof-u-len	ascii	armonik	decode	default	20	129.3	127.4	134.5	0.055	128.4	130.8
codec-U	U-deep-u-varint	U-deep-u-varint	ascii	core-ffi-pull	decode-read	retain	20	2888.4	2850.2	2964.3	0.039	2878.2	2908.0
codec-U	U-wire-ListTasksDetailedResponse-tasks-as-wt0	U-wire-ListTasksDetailedResponse-tasks-as-wt0	ascii	core-ffi	decode	retain	20	5790.4	5680.9	5961.5	0.048	5762.5	5860.9
codec-U	U-wire-ListMetricsResponse-batches-as-wt0	U-wire-ListMetricsResponse-batches-as-wt0	ascii	core-ffi	encode	retain	20	640.9	609.4	1000.9	0.611	626.1	811.8
codec-U	U-oneof-u-fixed64	U-oneof-u-fixed64	ascii	core-native	encode	drop	20	18.4	17.2	24.6	0.402	17.9	18.8
codec-U	U-leaf-u-len	U-leaf-u-len	ascii	incumbent-prod	decode	default	20	243.3	238.5	369.7	0.539	241.7	245.9
codec-U	U-element-u-packed	U-element-u-packed	ascii	core-ffi-pull	decode	drop	20	2073.7	2018.3	3131.2	0.537	2055.8	2102.2
codec-U	U-oneof-before	U-oneof-before	ascii	core-native	encode	drop	20	18.8	17.0	20.0	0.161	18.1	19.2
codec-U	U-wire-ListProbeResponse-probes-as-wt0	U-wire-ListProbeResponse-probes-as-wt0	ascii	core-native	encode	drop	20	35.9	34.0	37.2	0.088	34.8	36.4
codec-U	U-oneof-u-packed	U-oneof-u-packed	ascii	armonik	decode	default	20	101.4	99.7	104.2	0.044	100.8	102.3
codec-U	U-root-all	U-root-all	ascii	core-ffi	decode	drop	20	731.5	705.8	820.7	0.157	716.4	796.2
codec-U	U-enum-value-packed	U-enum-value-packed	ascii	core-native	encode	drop	20	21.5	20.4	22.3	0.086	21.3	21.9
codec-U	U-wire-ListTaskSummaryResponse-tasks-as-wt5	U-wire-ListTaskSummaryResponse-tasks-as-wt5	ascii	core-ffi-pull	decode-read	drop	20	2385.3	2293.3	2880.7	0.246	2370.6	2483.7
codec-U	U-root-interleaved	U-root-interleaved	ascii	core-ffi	encode	retain	20	203.5	201.5	213.3	0.058	202.9	205.1
codec-U	U-root-all	U-root-all	ascii	incumbent-prod	decode	default	20	689.8	669.8	698.9	0.042	685.3	693.4
codec-U	U-root-group	U-root-group	ascii	core-native	decode	retain	20	547.6	490.9	628.1	0.251	536.3	603.9
codec-U	U-element-u-varint	U-element-u-varint	ascii	core-ffi	decode-read	drop	20	2433.4	2237.5	2481.6	0.100	2416.6	2439.9
codec-U	U-wire-ListTasksDetailedResponse-page-as-wt1	U-wire-ListTasksDetailedResponse-page-as-wt1	ascii	core-ffi	encode	retain	20	987.2	972.6	1077.1	0.106	979.8	996.1
codec-U	U-element-u-fixed64	U-element-u-fixed64	ascii	core-native	decode-read	drop	20	1503.8	1223.6	1620.4	0.264	1496.8	1513.9
codec-U	U-element-u-varint	U-element-u-varint	ascii	core-ffi	decode	retain	20	2874.2	2832.5	3132.5	0.104	2859.5	2885.0
codec-U	U-wire-ListResultsResponse-page-as-wt1	U-wire-ListResultsResponse-page-as-wt1	ascii	core-native	decode-read	retain	20	596.9	591.7	613.3	0.036	594.2	601.7
codec-U	U-leaf-u-varint	U-leaf-u-varint	ascii	core-ffi-pull	decode-read	drop	20	431.9	425.0	501.2	0.177	430.2	438.7
codec-U	U-leaf-u-repeated	U-leaf-u-repeated	ascii	core-ffi-pull	decode	retain	20	622.6	615.0	651.7	0.059	620.0	626.6
codec-U	U-wire-ListProbeResponse-probes-as-wt5	U-wire-ListProbeResponse-probes-as-wt5	ascii	core-ffi	encode	retain	20	100.4	95.4	104.8	0.093	97.4	101.9
codec-U	U-element-all	U-element-all	ascii	core-ffi	decode	drop	20	2687.4	2657.4	2750.1	0.034	2672.3	2700.8
codec-U	U-enum-value-127	U-enum-value-127	ascii	incumbent-prod	decode	default	20	77.1	76.2	77.7	0.019	76.7	77.5
codec-U	U-nested-u-varint	U-nested-u-varint	ascii	incumbent-prod	encode	default	20	245.3	239.5	257.4	0.073	243.1	247.7
codec-U	U-wire-ListTasksDetailedResponse-page-as-wt2	U-wire-ListTasksDetailedResponse-page-as-wt2	ascii	core-ffi	decode-read	retain	20	5904.9	5808.1	6013.5	0.035	5872.4	5915.2
codec-U	U-leaf-u-packed	U-leaf-u-packed	ascii	armonik	decode	default	20	310.2	304.0	314.6	0.034	308.1	311.3
codec-U	U-element-u-fixed64	U-element-u-fixed64	ascii	core-native	decode	drop	20	1390.9	1378.4	1433.9	0.040	1384.1	1395.2
codec-U	U-nested-u-len	U-nested-u-len	ascii	core-ffi	encode	drop	20	102.4	100.1	104.9	0.047	101.9	102.9
codec-U	U-wire-DualResponse-left-as-wt5	U-wire-DualResponse-left-as-wt5	ascii	core-ffi-pull	decode-read	drop	20	286.9	284.4	320.6	0.126	286.3	287.1
codec-U	U-nested-group	U-nested-group	ascii	core-ffi	encode	drop	20	102.6	100.8	104.6	0.037	101.8	103.8
codec-U	U-nested-interleaved	U-nested-interleaved	ascii	core-native	encode	drop	20	57.2	56.1	61.4	0.093	57.0	57.8
codec-U	U-wire-ListProbeResponse-probes-as-wt1	U-wire-ListProbeResponse-probes-as-wt1	ascii	core-ffi	decode	retain	20	381.4	372.9	423.6	0.133	375.3	384.4
codec-U	U-enum-value-2147483647	U-enum-value-2147483647	ascii	core-native	decode	drop	20	88.2	87.1	90.4	0.037	87.5	88.8
codec-U	U-leaf-u-repeated	U-leaf-u-repeated	ascii	core-native	decode	drop	20	252.6	249.4	279.9	0.121	250.7	258.5
codec-U	U-root-u-varint	U-root-u-varint	ascii	core-ffi-pull	decode-read	drop	20	899.9	874.3	1026.5	0.169	883.6	946.1
codec-U	U-oneof-interleaved	U-oneof-interleaved	ascii	core-native	encode	retain	20	26.6	25.0	28.0	0.113	25.9	27.0
codec-U	U-nested-all	U-nested-all	ascii	core-ffi	decode-read	drop	20	393.1	364.6	556.2	0.488	378.7	462.4
codec-U	U-element-u-fixed64	U-element-u-fixed64	ascii	incumbent-prod	encode	default	20	958.1	944.7	972.0	0.028	953.2	961.6
codec-U	U-oneof-u-fixed32	U-oneof-u-fixed32	ascii	core-native	decode-read	retain	20	94.8	94.0	97.5	0.037	94.4	95.1
codec-U	U-root-u-msg	U-root-u-msg	ascii	core-ffi	decode-read	drop	20	673.7	663.0	689.0	0.039	669.5	679.5
codec-U	U-nested-u-fixed32	U-nested-u-fixed32	ascii	core-ffi	encode	retain	20	81.5	79.2	82.9	0.046	81.1	81.8
codec-U	U-element-u-varint	U-element-u-varint	ascii	core-ffi-pull	decode-read	retain	20	2252.1	2196.0	2354.2	0.070	2233.6	2270.0
codec-U	U-leaf-u-repeated	U-leaf-u-repeated	ascii	core-ffi	decode-read	drop	20	407.8	400.5	418.0	0.043	406.2	409.6
codec-U	U-oneof-before	U-oneof-before	ascii	core-ffi	encode	retain	20	42.1	41.8	50.1	0.199	41.8	42.3
codec-U	U-wire-ListMetricsResponse-batches-as-wt1	U-wire-ListMetricsResponse-batches-as-wt1	ascii	core-ffi	decode	drop	20	1177.3	1155.0	1222.2	0.057	1170.4	1192.2
codec-U	U-nested-all	U-nested-all	ascii	core-ffi	decode	retain	20	566.9	562.6	573.5	0.019	564.0	571.0
codec-U	U-root-u-fixed64	U-root-u-fixed64	ascii	core-native	encode	drop	20	76.1	73.9	79.0	0.067	75.6	76.6
codec-U	U-oneof-u-repeated	U-oneof-u-repeated	ascii	core-ffi	decode	retain	20	184.7	183.1	191.2	0.044	183.9	185.4
codec-U	U-oneof-u-len	U-oneof-u-len	ascii	core-native	decode-read	drop	20	76.8	76.0	82.5	0.085	76.6	78.3
codec-U	U-element-u-len	U-element-u-len	ascii	core-native	decode	retain	20	1143.7	1099.9	1180.1	0.070	1141.6	1146.2
codec-U	U-nested-interleaved	U-nested-interleaved	ascii	core-native	decode	drop	20	264.7	262.3	270.0	0.029	263.4	265.6
codec-U	U-wire-ListTasksDetailedResponse-tasks-as-wt5	U-wire-ListTasksDetailedResponse-tasks-as-wt5	ascii	core-ffi	decode	retain	20	4416.6	4362.5	4439.8	0.017	4399.2	4423.5
codec-U	U-wire-ListTasksDetailedResponse-tasks-as-wt0	U-wire-ListTasksDetailedResponse-tasks-as-wt0	ascii	core-ffi	decode-read	retain	20	4623.1	4560.5	4950.1	0.084	4604.2	4651.3
codec-U	U-wire-ListProbeResponse-probes-as-wt5	U-wire-ListProbeResponse-probes-as-wt5	ascii	core-ffi	encode	drop	20	71.6	70.6	74.2	0.049	71.1	72.1
codec-U	U-wire-ListResultsResponse-page-as-wt5	U-wire-ListResultsResponse-page-as-wt5	ascii	core-native	decode-read	retain	20	513.7	505.8	536.6	0.060	509.8	521.5
codec-U	U-leaf-u-fixed32	U-leaf-u-fixed32	ascii	core-native	decode	retain	20	289.5	286.0	301.6	0.054	287.7	292.7
codec-U	U-oneof-before	U-oneof-before	ascii	core-ffi-pull	decode-read	retain	20	347.4	341.2	359.3	0.052	344.8	351.2
codec-U	U-wire-ListMetricsResponse-batches-as-wt1	U-wire-ListMetricsResponse-batches-as-wt1	ascii	core-ffi-pull	decode-read	drop	20	1321.6	1260.3	1574.3	0.238	1293.0	1361.6
codec-U	U-nested-before	U-nested-before	ascii	core-ffi-pull	decode	retain	20	613.2	585.9	651.9	0.108	603.3	627.1
codec-U	U-element-u-repeated	U-element-u-repeated	ascii	core-native	decode	retain	20	1192.6	1134.9	1219.3	0.071	1156.2	1202.7
codec-U	U-oneof-member-after-known	U-oneof-member-after-known	ascii	core-ffi	encode	drop	20	38.6	37.0	40.5	0.091	38.1	39.4
codec-U	U-enum-value-999	U-enum-value-999	ascii	armonik	encode	default	20	50.4	50.1	53.0	0.056	50.3	50.7
codec-U	U-leaf-u-fixed64	U-leaf-u-fixed64	ascii	core-ffi	decode-read	drop	20	345.0	337.7	348.6	0.032	343.8	347.1
codec-U	U-root-u-len	U-root-u-len	ascii	core-ffi-pull	decode	drop	20	664.4	657.5	682.8	0.038	660.4	667.3
codec-U	U-wire-DualResponse-left-as-wt0	U-wire-DualResponse-left-as-wt0	ascii	core-ffi	decode-read	retain	20	254.0	251.5	259.8	0.033	252.7	255.1
codec-U	U-root-u-repeated	U-root-u-repeated	ascii	core-ffi	decode-read	retain	20	744.6	735.8	766.1	0.041	740.6	747.7
codec-U	U-nested-u-len	U-nested-u-len	ascii	core-ffi	decode-read	retain	20	379.0	370.5	394.5	0.063	374.3	382.9
codec-U	U-deep-u-len	U-deep-u-len	ascii	core-ffi	decode	drop	20	2075.5	2049.6	2216.2	0.080	2065.4	2081.9
codec-U	U-wire-ListTasksDetailedResponse-tasks-as-wt1	U-wire-ListTasksDetailedResponse-tasks-as-wt1	ascii	core-ffi	decode	retain	20	4528.0	4475.9	4650.7	0.039	4507.5	4547.2
codec-U	U-oneof-u-fixed64	U-oneof-u-fixed64	ascii	core-native	decode	drop	20	71.6	70.3	72.7	0.033	71.3	72.0
codec-U	U-leaf-all	U-leaf-all	ascii	core-native	encode	retain	20	54.0	53.0	55.8	0.053	53.6	54.4
codec-U	U-deep-u-len	U-deep-u-len	ascii	incumbent-prod	decode	default	20	1368.8	1352.3	1383.3	0.023	1364.7	1372.1
codec-U	U-oneof-interleaved	U-oneof-interleaved	ascii	core-ffi	decode-read	drop	20	154.3	152.8	157.2	0.028	153.5	155.6
codec-U	U-wire-ListResultsResponse-results-as-wt1	U-wire-ListResultsResponse-results-as-wt1	ascii	core-ffi-pull	decode	retain	20	736.8	725.6	746.1	0.028	732.7	740.0
codec-U	U-oneof-u-fixed64	U-oneof-u-fixed64	ascii	core-ffi	decode	retain	20	166.6	163.3	190.1	0.161	165.8	167.3
codec-U	U-root-u-packed	U-root-u-packed	ascii	core-ffi	decode-read	retain	20	834.6	809.7	869.5	0.072	831.3	840.3
codec-U	U-oneof-member-after-known	U-oneof-member-after-known	ascii	incumbent-prod	decode-read	default	20	117.9	114.9	124.2	0.079	116.5	119.1
codec-U	U-root-u-repeated	U-root-u-repeated	ascii	core-native	encode	drop	20	86.4	85.5	88.6	0.036	86.0	87.5
codec-U	U-wire-ListTaskSummaryResponse-tasks-as-wt0	U-wire-ListTaskSummaryResponse-tasks-as-wt0	ascii	core-ffi-pull	decode-read	drop	20	2256.6	2229.8	2287.4	0.026	2241.3	2264.5
codec-U	U-nested-u-len	U-nested-u-len	ascii	incumbent-prod	encode	default	20	217.6	197.1	223.6	0.122	214.5	221.1
codec-U	U-root-before	U-root-before	ascii	armonik	decode	default	20	601.7	589.2	623.9	0.058	597.7	606.8
codec-U	U-element-u-packed	U-element-u-packed	ascii	core-native	decode-read	drop	20	1234.6	1187.7	1257.6	0.057	1224.6	1239.4
codec-U	U-leaf-u-packed	U-leaf-u-packed	ascii	incumbent-prod	decode-read	default	20	249.7	246.6	264.3	0.071	248.5	250.6
codec-U	U-element-u-fixed64	U-element-u-fixed64	ascii	core-ffi	encode	retain	20	443.7	434.9	459.5	0.055	440.2	445.7
codec-U	U-wire-ListMetricsResponse-batches-as-wt1	U-wire-ListMetricsResponse-batches-as-wt1	ascii	core-native	decode-read	retain	20	1445.4	1396.5	1510.2	0.079	1422.6	1462.2
codec-U	U-nested-u-packed	U-nested-u-packed	ascii	core-native	encode	retain	20	49.8	48.8	56.4	0.152	49.2	51.3
codec-U	U-leaf-all	U-leaf-all	ascii	incumbent-prod	encode	default	20	216.9	213.7	227.1	0.062	214.6	219.3
codec-U	U-deep-u-fixed32	U-deep-u-fixed32	ascii	core-ffi	encode	retain	20	532.2	514.8	548.0	0.062	524.7	538.5
codec-U	U-oneof-member-alone	U-oneof-member-alone	ascii	incumbent-prod	decode-read	default	20	109.6	108.2	113.3	0.047	108.4	111.3
codec-U	U-deep-u-repeated	U-deep-u-repeated	ascii	incumbent-prod	decode	default	20	1570.1	1548.6	1791.1	0.154	1564.4	1603.6
codec-U	U-oneof-u-varint	U-oneof-u-varint	ascii	core-ffi	decode-read	retain	20	195.4	189.0	197.8	0.045	194.1	196.2
codec-U	U-root-u-fixed32	U-root-u-fixed32	ascii	core-ffi-pull	decode-read	retain	20	813.5	802.6	879.1	0.094	810.4	825.6
codec-U	U-wire-ListTasksDetailedResponse-page-as-wt5	U-wire-ListTasksDetailedResponse-page-as-wt5	ascii	core-ffi	encode	retain	20	981.0	930.5	1002.0	0.073	967.2	989.4
codec-U	U-leaf-u-repeated	U-leaf-u-repeated	ascii	core-ffi	decode-read	retain	20	502.5	499.8	509.1	0.018	501.0	504.2
codec-U	U-oneof-u-varint	U-oneof-u-varint	ascii	core-ffi	encode	retain	20	41.6	40.9	42.7	0.044	41.3	41.8
codec-U	U-wire-ListProbeResponse-probes-as-wt5	U-wire-ListProbeResponse-probes-as-wt5	ascii	core-native	encode	drop	20	34.2	33.6	35.5	0.057	33.9	34.5
codec-U	U-deep-u-fixed32	U-deep-u-fixed32	ascii	core-ffi	encode	drop	20	421.5	416.4	425.2	0.021	420.4	422.8
codec-U	U-oneof-u-packed	U-oneof-u-packed	ascii	core-ffi	encode	retain	20	41.4	40.8	42.2	0.033	41.3	41.6
codec-U	U-oneof-u-len	U-oneof-u-len	ascii	core-ffi	encode	drop	20	37.7	37.2	38.6	0.037	37.5	38.1
codec-U	U-root-u-len	U-root-u-len	ascii	armonik	decode	default	20	501.7	496.0	507.1	0.022	498.4	503.0
codec-U	U-wire-ListProbeResponse-probes-as-wt0	U-wire-ListProbeResponse-probes-as-wt0	ascii	core-ffi-pull	decode	retain	20	293.3	288.5	310.4	0.075	291.8	297.7
codec-U	U-wire-DualResponse-left-as-wt1	U-wire-DualResponse-left-as-wt1	ascii	core-ffi-pull	decode	retain	20	261.1	258.3	262.8	0.017	260.1	262.1
codec-U	U-element-u-repeated	U-element-u-repeated	ascii	armonik	decode-read	default	20	1436.0	1412.8	1641.2	0.159	1424.3	1450.8
codec-U	U-nested-u-len	U-nested-u-len	ascii	core-ffi	decode	drop	20	300.6	294.4	309.3	0.049	298.3	303.1
codec-U	U-deep-u-len	U-deep-u-len	ascii	core-native	encode	drop	20	189.4	187.8	194.1	0.033	188.6	189.9
codec-U	U-nested-group	U-nested-group	ascii	core-native	encode	drop	20	35.7	35.1	36.3	0.034	35.5	35.9
codec-U	U-element-u-varint	U-element-u-varint	ascii	armonik	decode-read	default	20	1428.2	1411.4	1457.7	0.032	1423.2	1433.5
codec-U	U-element-u-packed	U-element-u-packed	ascii	core-ffi-pull	decode-read	retain	20	2294.9	2236.9	2399.7	0.071	2284.3	2320.5
codec-U	U-enum-value-999	U-enum-value-999	ascii	incumbent-prod	decode	default	20	65.0	64.0	69.0	0.077	64.6	65.6
codec-U	U-nested-u-msg	U-nested-u-msg	ascii	core-native	encode	retain	20	51.7	50.9	55.3	0.085	51.4	52.1
codec-U	U-element-all	U-element-all	ascii	core-ffi-pull	decode	retain	20	2649.5	2352.7	2761.9	0.154	2486.1	2713.9
codec-U	U-oneof-u-packed	U-oneof-u-packed	ascii	core-native	decode-read	drop	20	86.5	85.6	88.3	0.031	86.0	86.8
codec-U	U-wire-ListTaskSummaryResponse-tasks-as-wt1	U-wire-ListTaskSummaryResponse-tasks-as-wt1	ascii	core-ffi	encode	retain	20	513.5	414.4	537.2	0.239	510.6	520.0
codec-U	U-wire-UploadResultDataMessage-upload-as-wt0	U-wire-UploadResultDataMessage-upload-as-wt0	ascii	core-native	decode	drop	20	95.1	93.6	98.3	0.049	94.2	96.8
codec-U	U-wire-ListTasksDetailedResponse-page-as-wt5	U-wire-ListTasksDetailedResponse-page-as-wt5	ascii	core-ffi-pull	decode	drop	20	5523.1	5449.6	5752.4	0.055	5478.1	5609.9
codec-U	U-wire-ListProbeResponse-probes-as-wt1	U-wire-ListProbeResponse-probes-as-wt1	ascii	core-native	decode	drop	20	196.8	194.0	228.5	0.175	195.5	202.1
codec-U	U-oneof-group	U-oneof-group	ascii	core-ffi-pull	decode	drop	20	178.4	175.6	182.8	0.040	177.4	179.4
codec-U	U-deep-u-fixed64	U-deep-u-fixed64	ascii	core-ffi-pull	decode-read	drop	20	2688.3	2656.9	2735.9	0.029	2675.6	2706.4
codec-U	U-wire-ListMetricsResponse-batches-as-wt1	U-wire-ListMetricsResponse-batches-as-wt1	ascii	core-native	decode-read	drop	20	1761.0	1730.6	1825.3	0.054	1749.4	1788.4
codec-U	U-wire-ListMetricsResponse-batches-as-wt0	U-wire-ListMetricsResponse-batches-as-wt0	ascii	core-native	decode-read	retain	20	1931.5	1845.0	2102.4	0.133	1876.2	1958.3
codec-U	U-wire-DualResponse-left-as-wt1	U-wire-DualResponse-left-as-wt1	ascii	core-ffi-pull	decode-read	retain	20	357.2	345.0	408.4	0.177	352.3	364.4
codec-U	U-enum-value-packed	U-enum-value-packed	ascii	core-native	decode-read	drop	20	91.3	70.4	112.9	0.465	89.4	93.3
codec-U	U-oneof-u-len	U-oneof-u-len	ascii	core-ffi	encode	retain	20	53.6	41.5	55.1	0.254	47.9	54.2
codec-U	U-nested-u-len	U-nested-u-len	ascii	core-ffi	encode	retain	20	106.3	104.3	113.4	0.085	105.5	108.2
codec-U	U-nested-all	U-nested-all	ascii	core-ffi	encode	drop	20	104.9	98.5	150.2	0.493	102.8	107.2
codec-U	U-nested-u-fixed32	U-nested-u-fixed32	ascii	core-ffi	decode-read	drop	20	428.7	420.4	451.2	0.072	425.0	434.5
codec-U	U-enum-value-packed	U-enum-value-packed	ascii	core-native	encode	retain	20	28.3	27.3	29.0	0.061	28.2	28.4
codec-U	U-root-all	U-root-all	ascii	core-ffi	encode	retain	20	202.5	198.2	207.2	0.044	201.2	204.3
codec-U	U-leaf-all	U-leaf-all	ascii	incumbent-prod	decode-read	default	20	494.8	469.6	752.3	0.571	485.0	509.8
codec-U	U-oneof-u-msg	U-oneof-u-msg	ascii	incumbent-prod	decode-read	default	20	136.6	132.6	140.6	0.058	135.8	138.0
codec-U	U-deep-u-fixed32	U-deep-u-fixed32	ascii	incumbent-prod	decode-read	default	20	1849.9	1820.6	1877.9	0.031	1839.3	1860.0
codec-U	U-nested-u-fixed64	U-nested-u-fixed64	ascii	core-ffi	encode	drop	20	102.5	100.0	104.4	0.043	101.9	103.5
codec-U	U-leaf-u-varint	U-leaf-u-varint	ascii	core-ffi	decode	drop	20	403.2	396.2	412.3	0.040	401.9	404.9
codec-U	U-oneof-before	U-oneof-before	ascii	core-ffi	decode	retain	20	457.6	448.5	570.3	0.266	454.5	478.3
codec-U	U-element-u-msg	U-element-u-msg	ascii	armonik	decode-read	default	20	1796.7	1707.3	1858.7	0.084	1731.8	1822.2
codec-U	U-leaf-u-len	U-leaf-u-len	ascii	core-native	decode-read	drop	20	332.5	329.0	339.3	0.031	332.1	333.8
codec-U	U-nested-u-packed	U-nested-u-packed	ascii	core-ffi	encode	drop	20	103.3	100.4	105.1	0.045	102.2	103.7
codec-U	U-enum-value-2147483647	U-enum-value-2147483647	ascii	core-ffi	decode	drop	20	119.2	117.9	122.2	0.036	119.0	119.8
codec-U	U-root-all	U-root-all	ascii	core-native	encode	retain	20	127.7	125.3	129.7	0.034	126.8	128.0
codec-U	U-enum-value-packed	U-enum-value-packed	ascii	armonik	decode	default	20	126.5	124.8	132.5	0.061	125.7	127.4
codec-U	U-root-u-varint	U-root-u-varint	ascii	core-ffi-pull	decode-read	retain	20	975.6	951.8	1054.9	0.106	966.2	985.1
codec-U	U-wire-ListMetricsResponse-batches-as-wt1	U-wire-ListMetricsResponse-batches-as-wt1	ascii	core-ffi	decode-read	retain	20	1812.2	1776.3	1964.5	0.104	1801.2	1844.3
codec-U	U-oneof-member-alone	U-oneof-member-alone	ascii	core-ffi	encode	drop	20	44.6	43.5	46.4	0.065	44.2	45.0
codec-U	U-wire-ListTasksDetailedResponse-tasks-as-wt5	U-wire-ListTasksDetailedResponse-tasks-as-wt5	ascii	core-native	decode-read	drop	20	3483.6	3451.3	3595.0	0.041	3468.4	3521.1
codec-U	U-leaf-u-msg	U-leaf-u-msg	ascii	core-ffi	decode	drop	20	488.9	479.6	497.0	0.035	485.5	491.6
codec-U	U-wire-ListResultsResponse-results-as-wt0	U-wire-ListResultsResponse-results-as-wt0	ascii	core-native	decode	retain	20	623.2	614.7	656.7	0.067	618.8	634.3
codec-U	U-oneof-member-after-known	U-oneof-member-after-known	ascii	core-native	encode	retain	20	25.3	24.2	26.8	0.103	24.7	25.6
codec-U	U-wire-ListProbeResponse-probes-as-wt0	U-wire-ListProbeResponse-probes-as-wt0	ascii	core-ffi-pull	decode-read	drop	20	331.7	324.0	342.4	0.055	330.0	334.0
codec-U	U-oneof-member-after-known	U-oneof-member-after-known	ascii	core-native	decode-read	retain	20	118.0	116.2	119.6	0.029	117.7	118.7
codec-U	U-element-u-len	U-element-u-len	ascii	core-ffi-pull	decode	retain	20	2777.6	2660.9	3205.4	0.196	2745.6	2863.1
codec-U	U-root-u-fixed32	U-root-u-fixed32	ascii	core-native	decode-read	drop	20	586.3	572.3	602.0	0.051	583.6	593.6
codec-U	U-deep-u-msg	U-deep-u-msg	ascii	core-native	encode	drop	20	236.0	232.5	242.2	0.041	234.6	238.9
codec-U	U-wire-ListTaskSummaryResponse-tasks-as-wt0	U-wire-ListTaskSummaryResponse-tasks-as-wt0	ascii	core-native	decode-read	retain	20	1844.6	1795.9	1898.5	0.056	1830.6	1848.7
codec-U	U-wire-ListTaskSummaryResponse-tasks-as-wt5	U-wire-ListTaskSummaryResponse-tasks-as-wt5	ascii	core-ffi	decode	drop	20	2445.6	2399.9	2503.8	0.042	2437.1	2466.1
codec-U	U-enum-value-127	U-enum-value-127	ascii	core-ffi	encode	retain	20	38.8	38.2	40.2	0.050	38.6	38.9
codec-U	U-root-u-fixed64	U-root-u-fixed64	ascii	core-ffi	decode-read	retain	20	941.6	928.7	973.4	0.047	935.4	952.0
codec-U	U-enum-value-packed	U-enum-value-packed	ascii	core-ffi-pull	decode	drop	20	236.1	233.8	244.6	0.046	235.3	238.3
codec-U	U-nested-u-fixed64	U-nested-u-fixed64	ascii	core-ffi	encode	retain	20	105.5	103.7	127.1	0.221	104.8	107.2
codec-U	U-oneof-member-before-known	U-oneof-member-before-known	ascii	core-ffi-pull	decode-read	retain	20	177.6	171.2	231.3	0.338	175.2	186.6
codec-U	U-leaf-u-fixed32	U-leaf-u-fixed32	ascii	armonik	decode-read	default	20	249.1	241.7	260.7	0.077	247.2	254.1
codec-U	U-leaf-u-varint	U-leaf-u-varint	ascii	core-ffi	encode	drop	20	77.3	75.9	79.2	0.042	76.7	78.0
codec-U	U-nested-group	U-nested-group	ascii	armonik	decode	default	20	264.5	258.8	279.0	0.076	262.7	267.6
codec-U	U-wire-ListTasksDetailedResponse-page-as-wt5	U-wire-ListTasksDetailedResponse-page-as-wt5	ascii	core-ffi	decode	drop	20	4414.7	4329.5	4646.4	0.072	4363.8	4442.3
codec-U	U-deep-u-repeated	U-deep-u-repeated	ascii	core-ffi	encode	drop	20	427.8	419.5	441.7	0.052	423.6	432.3
codec-U	U-wire-ListResultsResponse-results-as-wt5	U-wire-ListResultsResponse-results-as-wt5	ascii	core-ffi-pull	decode-read	drop	20	697.6	687.3	735.3	0.069	694.6	702.1
codec-U	U-deep-u-varint	U-deep-u-varint	ascii	armonik	encode	default	20	1258.2	1232.0	1455.9	0.178	1245.8	1282.4
codec-U	U-wire-ListTasksDetailedResponse-tasks-as-wt5	U-wire-ListTasksDetailedResponse-tasks-as-wt5	ascii	core-native	decode	retain	20	3349.9	3286.9	3496.3	0.063	3322.1	3417.9
codec-U	U-oneof-member-alone	U-oneof-member-alone	ascii	incumbent-prod	encode	default	20	76.2	74.2	88.2	0.183	75.3	76.9
codec-U	U-wire-ListResultsResponse-page-as-wt2	U-wire-ListResultsResponse-page-as-wt2	ascii	core-ffi-pull	decode-read	drop	20	907.3	884.2	1037.5	0.169	902.8	930.5
codec-U	U-leaf-all	U-leaf-all	ascii	core-native	encode	drop	20	45.4	44.3	46.8	0.055	45.2	45.9
codec-U	U-wire-UploadResultDataMessage-upload-as-wt1	U-wire-UploadResultDataMessage-upload-as-wt1	ascii	core-native	decode-read	retain	20	115.6	112.7	120.7	0.070	115.0	116.8
codec-U	U-oneof-u-fixed32	U-oneof-u-fixed32	ascii	core-ffi-pull	decode-read	retain	20	231.4	220.2	241.8	0.093	226.0	237.8
codec-U	U-nested-u-fixed64	U-nested-u-fixed64	ascii	core-ffi	decode-read	retain	20	507.7	472.7	556.2	0.165	494.0	522.3
codec-U	U-leaf-u-varint	U-leaf-u-varint	ascii	core-native	encode	retain	20	63.8	62.3	65.7	0.054	63.1	64.4
codec-U	U-nested-u-fixed64	U-nested-u-fixed64	ascii	core-native	encode	drop	20	44.5	42.2	46.8	0.105	43.4	45.9
codec-U	U-oneof-interleaved	U-oneof-interleaved	ascii	core-native	decode-read	drop	20	128.9	122.1	137.4	0.119	127.3	130.4
codec-U	U-element-u-varint	U-element-u-varint	ascii	incumbent-prod	decode-read	default	20	1867.3	1827.4	1960.3	0.071	1854.5	1891.7
codec-U	U-wire-ListTasksDetailedResponse-page-as-wt2	U-wire-ListTasksDetailedResponse-page-as-wt2	ascii	core-ffi	decode-read	drop	20	5728.6	5641.7	5860.9	0.038	5686.5	5761.8
codec-U	U-root-u-msg	U-root-u-msg	ascii	core-native	decode	drop	20	530.7	524.3	566.9	0.080	528.6	537.9
codec-U	U-deep-all	U-deep-all	ascii	core-ffi	decode	retain	20	3115.7	3062.3	3226.3	0.053	3104.6	3124.0
codec-U	U-nested-u-len	U-nested-u-len	ascii	core-native	decode-read	drop	20	321.4	317.4	330.5	0.041	320.3	323.4
codec-U	U-wire-ListProbeResponse-probes-as-wt5	U-wire-ListProbeResponse-probes-as-wt5	ascii	core-ffi	decode	retain	20	381.9	375.4	398.2	0.060	379.3	387.2
codec-U	U-deep-u-packed	U-deep-u-packed	ascii	core-native	decode-read	retain	20	1502.0	1479.4	1582.2	0.068	1492.0	1522.6
codec-U	U-wire-ListTasksDetailedResponse-page-as-wt2	U-wire-ListTasksDetailedResponse-page-as-wt2	ascii	core-native	encode	drop	20	553.7	544.7	892.8	0.629	550.4	572.0
codec-U	U-leaf-u-len	U-leaf-u-len	ascii	core-ffi	decode	drop	20	412.0	400.5	462.8	0.151	407.9	415.8
codec-U	U-oneof-u-msg	U-oneof-u-msg	ascii	core-ffi	decode	retain	20	216.8	210.8	230.8	0.092	215.7	220.7
codec-U	U-root-u-fixed32	U-root-u-fixed32	ascii	core-ffi	decode	retain	20	932.1	907.5	1016.0	0.116	923.1	945.7
codec-U	U-root-u-fixed32	U-root-u-fixed32	ascii	core-ffi	decode-read	retain	20	924.4	901.5	964.0	0.068	916.7	932.7
codec-U	U-leaf-all	U-leaf-all	ascii	core-native	decode-read	drop	20	304.1	297.0	426.5	0.426	299.2	309.7
codec-U	U-oneof-before	U-oneof-before	ascii	armonik	encode	default	20	109.9	106.0	117.1	0.101	108.4	112.7
codec-U	U-wire-ListTaskSummaryResponse-tasks-as-wt0	U-wire-ListTaskSummaryResponse-tasks-as-wt0	ascii	core-native	encode	retain	20	258.7	254.9	260.9	0.023	257.6	259.6
codec-U	U-root-u-fixed64	U-root-u-fixed64	ascii	armonik	decode-read	default	20	684.3	672.5	707.7	0.051	681.7	689.1
codec-U	U-wire-ListMetricsResponse-batches-as-wt5	U-wire-ListMetricsResponse-batches-as-wt5	ascii	core-ffi-pull	decode	drop	20	1423.2	1387.5	1594.4	0.145	1414.8	1449.7
codec-U	U-element-u-packed	U-element-u-packed	ascii	core-native	decode-read	retain	20	1489.2	1470.6	1567.7	0.065	1486.1	1500.8
codec-U	U-oneof-u-packed	U-oneof-u-packed	ascii	core-native	encode	retain	20	29.6	29.4	30.2	0.027	29.5	29.7
codec-U	U-nested-u-msg	U-nested-u-msg	ascii	core-native	decode-read	retain	20	274.5	272.7	282.5	0.036	273.1	276.1
codec-U	U-nested-u-fixed64	U-nested-u-fixed64	ascii	core-ffi-pull	decode-read	drop	20	429.8	421.8	446.3	0.057	427.0	435.0
codec-U	U-wire-ListTasksDetailedResponse-tasks-as-wt0	U-wire-ListTasksDetailedResponse-tasks-as-wt0	ascii	core-native	decode	drop	20	3298.1	3247.8	3445.9	0.060	3283.7	3339.3
codec-U	U-element-u-len	U-element-u-len	ascii	armonik	decode-read	default	20	1832.6	1791.9	1890.8	0.054	1818.9	1846.5
codec-U	U-enum-value-127	U-enum-value-127	ascii	incumbent-prod	encode	default	20	52.0	51.0	53.1	0.041	51.3	52.3
codec-U	U-root-u-packed	U-root-u-packed	ascii	incumbent-prod	decode-read	default	20	650.6	642.4	680.1	0.058	644.3	654.6
codec-U	U-nested-u-packed	U-nested-u-packed	ascii	core-native	decode-read	drop	20	251.8	248.4	264.2	0.062	251.0	255.1
codec-U	U-wire-ListTasksDetailedResponse-page-as-wt1	U-wire-ListTasksDetailedResponse-page-as-wt1	ascii	core-ffi-pull	decode-read	retain	20	5937.3	5823.6	6759.7	0.158	5872.5	5995.4
codec-U	U-element-u-fixed64	U-element-u-fixed64	ascii	core-ffi-pull	decode	drop	20	2635.1	2590.2	2739.3	0.057	2626.8	2657.9
codec-U	U-element-u-repeated	U-element-u-repeated	ascii	core-ffi	decode	retain	20	2929.6	2895.4	2989.5	0.032	2916.7	2946.9
codec-U	U-nested-u-fixed32	U-nested-u-fixed32	ascii	core-native	decode-read	retain	20	276.7	272.6	323.8	0.185	274.8	278.0
codec-U	U-element-u-packed	U-element-u-packed	ascii	core-ffi	decode	drop	20	2674.6	2578.5	2879.7	0.113	2652.4	2753.3
codec-U	U-leaf-all	U-leaf-all	ascii	core-ffi-pull	decode	drop	20	601.6	577.0	762.0	0.308	582.8	618.8
codec-U	U-oneof-u-varint	U-oneof-u-varint	ascii	armonik	encode	default	20	110.1	107.8	113.1	0.048	108.4	111.9
codec-U	U-wire-ListResultsResponse-page-as-wt2	U-wire-ListResultsResponse-page-as-wt2	ascii	core-ffi	decode	retain	20	924.9	894.3	1000.7	0.115	913.6	951.8
codec-U	U-oneof-member-before-known	U-oneof-member-before-known	ascii	incumbent-prod	encode	default	20	110.5	106.7	120.7	0.126	108.2	113.0
codec-U	U-element-u-fixed32	U-element-u-fixed32	ascii	core-native	decode	drop	20	1401.6	1375.7	1493.0	0.084	1392.7	1412.8
codec-U	U-wire-ListTaskSummaryResponse-tasks-as-wt1	U-wire-ListTaskSummaryResponse-tasks-as-wt1	ascii	core-ffi	decode	drop	20	2489.4	2446.2	2565.2	0.048	2481.1	2510.7
codec-U	U-wire-ListProbeResponse-probes-as-wt1	U-wire-ListProbeResponse-probes-as-wt1	ascii	core-ffi	decode	drop	20	294.7	285.3	308.7	0.079	291.6	298.1
codec-U	U-wire-ListTaskSummaryResponse-tasks-as-wt0	U-wire-ListTaskSummaryResponse-tasks-as-wt0	ascii	core-ffi	decode-read	drop	20	2451.5	2348.6	2549.8	0.082	2428.6	2462.3
codec-U	U-wire-UploadResultDataMessage-upload-as-wt0	U-wire-UploadResultDataMessage-upload-as-wt0	ascii	core-ffi	encode	retain	20	41.9	39.1	43.9	0.114	41.0	42.8
codec-U	U-root-u-varint	U-root-u-varint	ascii	armonik	decode	default	20	697.7	685.1	722.4	0.053	693.6	702.9
codec-U	U-leaf-u-fixed64	U-leaf-u-fixed64	ascii	core-native	decode-read	drop	20	261.9	257.9	273.6	0.060	259.8	264.2
codec-U	U-wire-ListProbeResponse-probes-as-wt5	U-wire-ListProbeResponse-probes-as-wt5	ascii	core-native	decode-read	drop	20	209.8	204.6	222.7	0.086	207.4	211.6
codec-U	U-root-u-fixed64	U-root-u-fixed64	ascii	incumbent-prod	encode	default	20	566.7	551.0	599.7	0.086	562.4	570.3
codec-U	U-oneof-member-before-known	U-oneof-member-before-known	ascii	core-native	decode	retain	20	117.6	114.6	135.6	0.179	116.2	118.8
codec-U	U-leaf-u-packed	U-leaf-u-packed	ascii	core-ffi-pull	decode	retain	20	513.5	502.2	525.5	0.045	512.1	514.5
codec-U	U-wire-DualResponse-left-as-wt5	U-wire-DualResponse-left-as-wt5	ascii	core-ffi	decode-read	retain	20	329.1	320.7	338.2	0.053	326.4	331.9
codec-U	U-leaf-all	U-leaf-all	ascii	core-ffi-pull	decode-read	drop	20	512.4	498.0	542.8	0.087	505.1	523.3
codec-U	U-deep-u-varint	U-deep-u-varint	ascii	core-ffi-pull	decode	drop	20	2639.5	2586.5	2888.9	0.115	2608.6	2680.7
codec-U	U-deep-u-msg	U-deep-u-msg	ascii	core-native	decode-read	retain	20	1524.5	1495.8	1587.7	0.060	1518.3	1548.1
codec-U	U-wire-ListMetricsResponse-batches-as-wt1	U-wire-ListMetricsResponse-batches-as-wt1	ascii	core-ffi	encode	drop	20	783.0	773.3	829.6	0.072	779.0	796.9
codec-U	U-deep-all	U-deep-all	ascii	core-ffi-pull	decode-read	retain	20	3121.1	3077.1	3280.8	0.065	3100.3	3145.5
codec-U	U-deep-all	U-deep-all	ascii	incumbent-prod	decode-read	default	20	1955.6	1918.0	2017.2	0.051	1941.5	1967.6
codec-U	U-root-u-repeated	U-root-u-repeated	ascii	core-native	encode	retain	20	131.5	126.1	142.5	0.125	129.7	132.7
codec-U	U-oneof-member-alone	U-oneof-member-alone	ascii	core-ffi	decode-read	drop	20	154.9	151.7	168.8	0.110	152.7	157.4
codec-U	U-oneof-u-fixed64	U-oneof-u-fixed64	ascii	incumbent-prod	decode-read	default	20	133.7	131.7	138.3	0.049	133.2	135.1
codec-U	U-wire-ListProbeResponse-probes-as-wt1	U-wire-ListProbeResponse-probes-as-wt1	ascii	core-native	encode	retain	20	46.9	45.2	52.4	0.154	46.4	47.6
codec-U	U-deep-u-packed	U-deep-u-packed	ascii	incumbent-prod	encode	default	20	1241.7	1220.0	1390.7	0.137	1229.6	1252.7
codec-U	U-deep-u-repeated	U-deep-u-repeated	ascii	core-ffi	decode	retain	20	2974.8	2870.5	5069.3	0.739	2901.9	3079.3
codec-U	U-leaf-u-repeated	U-leaf-u-repeated	ascii	incumbent-prod	decode-read	default	20	345.1	338.6	380.1	0.120	341.5	347.9
codec-U	U-element-u-len	U-element-u-len	ascii	core-ffi	decode	drop	20	2684.2	2632.7	2869.2	0.088	2658.9	2714.9
codec-U	U-enum-value-2147483647	U-enum-value-2147483647	ascii	core-native	encode	drop	20	18.1	15.9	18.4	0.139	17.5	18.3
codec-U	U-element-u-fixed32	U-element-u-fixed32	ascii	incumbent-prod	encode	default	20	1173.0	1142.7	1251.9	0.093	1163.9	1190.3
codec-U	U-deep-u-len	U-deep-u-len	ascii	core-ffi	decode-read	drop	20	2640.7	2586.9	2737.8	0.057	2617.8	2667.1
codec-U	U-element-all	U-element-all	ascii	core-ffi	decode-read	retain	20	3141.9	3072.4	3293.7	0.070	3110.8	3229.4
codec-U	U-wire-ListResultsResponse-page-as-wt2	U-wire-ListResultsResponse-page-as-wt2	ascii	core-native	decode	drop	20	550.2	537.8	595.5	0.105	544.8	555.3
codec-U	U-oneof-u-packed	U-oneof-u-packed	ascii	core-native	encode	drop	20	22.7	21.0	24.5	0.152	22.3	23.4
codec-U	U-oneof-u-fixed32	U-oneof-u-fixed32	ascii	core-native	decode-read	drop	20	98.5	95.7	100.5	0.049	97.7	99.5
codec-U	U-element-u-varint	U-element-u-varint	ascii	core-native	encode	retain	20	295.1	284.5	304.9	0.069	289.9	296.8
codec-U	U-root-group	U-root-group	ascii	core-native	encode	retain	20	127.6	125.1	131.7	0.052	127.0	129.4
codec-U	U-root-u-len	U-root-u-len	ascii	core-ffi-pull	decode-read	drop	20	926.0	903.7	966.7	0.068	919.7	939.2
codec-U	U-element-u-varint	U-element-u-varint	ascii	core-native	decode-read	retain	20	1519.1	1476.2	1616.1	0.092	1510.4	1536.2
codec-U	U-leaf-u-packed	U-leaf-u-packed	ascii	core-native	decode-read	retain	20	363.6	358.4	392.7	0.094	361.0	367.6
codec-U	U-wire-ListTaskSummaryResponse-tasks-as-wt5	U-wire-ListTaskSummaryResponse-tasks-as-wt5	ascii	core-ffi	encode	drop	20	520.4	504.4	548.1	0.084	517.3	528.3
codec-U	U-wire-ListTasksDetailedResponse-page-as-wt2	U-wire-ListTasksDetailedResponse-page-as-wt2	ascii	core-native	decode	retain	20	3362.4	3314.2	3663.7	0.104	3339.7	3391.3
codec-U	U-deep-u-msg	U-deep-u-msg	ascii	core-native	decode	retain	20	1415.1	1354.2	1483.5	0.091	1391.8	1436.3
codec-U	U-nested-u-repeated	U-nested-u-repeated	ascii	core-ffi	decode-read	retain	20	508.4	490.5	539.4	0.096	501.4	517.9
codec-U	U-deep-u-repeated	U-deep-u-repeated	ascii	core-ffi-pull	decode	drop	20	2648.4	2586.7	3755.8	0.441	2630.6	2696.8
codec-U	U-nested-group	U-nested-group	ascii	core-native	encode	retain	20	62.4	60.9	70.0	0.146	61.9	64.6
codec-U	U-deep-u-packed	U-deep-u-packed	ascii	core-native	encode	retain	20	294.9	289.6	320.0	0.103	292.2	296.5
codec-U	U-deep-u-repeated	U-deep-u-repeated	ascii	core-ffi	decode	drop	20	2617.7	2584.8	2708.3	0.047	2603.7	2645.6
codec-U	U-element-all	U-element-all	ascii	core-native	encode	retain	20	297.9	285.5	354.8	0.232	291.2	318.3
codec-U	U-nested-u-len	U-nested-u-len	ascii	incumbent-prod	decode-read	default	20	305.5	298.6	317.9	0.063	303.1	308.9
codec-U	U-deep-u-msg	U-deep-u-msg	ascii	core-ffi	encode	retain	20	570.0	559.3	629.5	0.123	567.9	577.3
codec-U	U-element-u-packed	U-element-u-packed	ascii	core-native	decode	drop	20	1405.6	1385.9	1539.2	0.109	1399.3	1415.3
codec-U	U-wire-UploadResultDataMessage-upload-as-wt5	U-wire-UploadResultDataMessage-upload-as-wt5	ascii	core-native	encode	drop	20	15.7	15.0	16.5	0.093	15.5	15.9
codec-U	U-nested-u-fixed64	U-nested-u-fixed64	ascii	core-native	decode	retain	20	263.1	258.0	281.4	0.089	262.1	268.1
codec-U	U-oneof-member-after-known	U-oneof-member-after-known	ascii	core-ffi-pull	decode	drop	20	160.1	158.0	166.2	0.051	159.6	161.3
codec-U	U-oneof-member-before-known	U-oneof-member-before-known	ascii	incumbent-prod	decode	default	20	127.7	124.7	140.0	0.120	126.6	128.9
codec-U	U-wire-ListProbeResponse-probes-as-wt0	U-wire-ListProbeResponse-probes-as-wt0	ascii	core-ffi-pull	decode	drop	20	319.8	313.9	337.6	0.074	317.6	323.9
codec-U	U-wire-ListResultsResponse-results-as-wt5	U-wire-ListResultsResponse-results-as-wt5	ascii	core-native	encode	retain	20	130.8	128.9	137.2	0.064	129.9	133.7
codec-U	U-wire-ListTaskSummaryResponse-tasks-as-wt5	U-wire-ListTaskSummaryResponse-tasks-as-wt5	ascii	core-native	encode	retain	20	260.2	252.0	284.9	0.127	257.8	262.3
codec-U	U-deep-u-msg	U-deep-u-msg	ascii	core-ffi-pull	decode	retain	20	2733.3	2693.7	2903.7	0.077	2707.8	2751.9
codec-U	U-root-u-msg	U-root-u-msg	ascii	incumbent-prod	encode	default	20	566.5	558.0	588.9	0.054	564.1	571.1
codec-U	U-oneof-group	U-oneof-group	ascii	core-ffi	decode	drop	20	170.6	169.4	194.6	0.148	169.9	171.9
codec-U	U-oneof-u-fixed32	U-oneof-u-fixed32	ascii	armonik	decode-read	default	20	136.1	133.1	148.6	0.114	134.2	140.2
codec-U	U-leaf-all	U-leaf-all	ascii	armonik	decode-read	default	20	508.9	497.9	582.9	0.167	504.5	516.8
codec-U	U-deep-u-len	U-deep-u-len	ascii	core-ffi-pull	decode	drop	20	2631.1	2587.2	2823.0	0.090	2621.7	2660.8
codec-U	U-nested-u-varint	U-nested-u-varint	ascii	core-native	decode-read	drop	20	325.3	320.7	337.8	0.053	323.2	327.7
codec-U	U-enum-value-999	U-enum-value-999	ascii	core-native	encode	retain	20	18.7	17.2	22.4	0.273	18.4	19.1
codec-U	U-root-before	U-root-before	ascii	incumbent-prod	decode-read	default	20	583.4	573.9	611.0	0.064	580.2	587.9
codec-U	U-deep-u-fixed32	U-deep-u-fixed32	ascii	core-ffi	decode	drop	20	2174.3	2140.9	2244.4	0.048	2161.3	2202.1
codec-U	U-nested-u-msg	U-nested-u-msg	ascii	core-ffi	decode	retain	20	427.2	419.6	448.1	0.067	424.3	431.2
codec-U	U-wire-ListMetricsResponse-batches-as-wt5	U-wire-ListMetricsResponse-batches-as-wt5	ascii	core-ffi	encode	retain	20	628.1	615.8	647.0	0.050	623.1	632.9
codec-U	U-root-u-msg	U-root-u-msg	ascii	core-ffi	decode	drop	20	654.2	643.6	688.6	0.069	648.0	662.5
codec-U	U-wire-ListTasksDetailedResponse-tasks-as-wt1	U-wire-ListTasksDetailedResponse-tasks-as-wt1	ascii	core-ffi	encode	retain	20	991.1	980.4	1008.0	0.028	986.5	996.4
codec-U	U-leaf-u-repeated	U-leaf-u-repeated	ascii	core-native	encode	drop	20	36.9	34.8	38.6	0.103	35.8	37.8
codec-U	U-wire-DualResponse-left-as-wt0	U-wire-DualResponse-left-as-wt0	ascii	core-ffi	decode	retain	20	248.6	242.3	292.8	0.203	245.9	256.9
codec-U	U-wire-DualResponse-left-as-wt5	U-wire-DualResponse-left-as-wt5	ascii	core-ffi	decode	drop	20	231.3	227.7	236.5	0.038	230.3	232.6
codec-U	U-deep-u-fixed32	U-deep-u-fixed32	ascii	core-ffi	decode	retain	20	2506.8	2458.4	2608.5	0.060	2480.9	2540.3
codec-U	U-leaf-u-msg	U-leaf-u-msg	ascii	core-native	decode-read	retain	20	266.3	263.1	281.4	0.069	264.6	269.9
codec-U	U-root-before	U-root-before	ascii	core-ffi	decode-read	retain	20	1084.0	993.8	1129.2	0.125	1078.5	1093.6
codec-U	U-deep-all	U-deep-all	ascii	core-ffi-pull	decode	drop	20	2668.4	2225.9	3922.5	0.636	2459.9	2784.6
codec-U	U-wire-ListTaskSummaryResponse-tasks-as-wt0	U-wire-ListTaskSummaryResponse-tasks-as-wt0	ascii	core-ffi	decode-read	retain	20	2575.7	2484.2	4045.0	0.606	2540.8	2649.9
codec-U	U-leaf-u-packed	U-leaf-u-packed	ascii	core-ffi-pull	decode-read	retain	20	508.1	493.9	682.1	0.370	500.7	521.0
codec-U	U-leaf-u-fixed32	U-leaf-u-fixed32	ascii	core-ffi	encode	retain	20	108.3	104.9	115.9	0.102	107.5	109.9
codec-U	U-element-u-len	U-element-u-len	ascii	incumbent-prod	encode	default	20	1241.6	1203.4	1353.0	0.121	1225.6	1264.1
codec-U	U-oneof-u-fixed64	U-oneof-u-fixed64	ascii	core-native	decode-read	retain	20	122.3	119.6	150.3	0.252	120.8	124.0
codec-U	U-root-u-packed	U-root-u-packed	ascii	core-ffi	decode-read	drop	20	886.9	873.9	1009.4	0.153	881.1	893.0
codec-U	U-nested-u-fixed32	U-nested-u-fixed32	ascii	core-native	decode-read	drop	20	261.1	250.8	389.4	0.531	254.7	288.7
codec-U	U-root-u-fixed32	U-root-u-fixed32	ascii	core-ffi	encode	drop	20	209.1	191.9	236.0	0.211	196.5	222.7
codec-U	U-root-before	U-root-before	ascii	core-ffi	decode	drop	20	889.5	873.4	929.8	0.063	881.3	899.4
codec-U	U-wire-DualResponse-left-as-wt0	U-wire-DualResponse-left-as-wt0	ascii	core-ffi-pull	decode-read	retain	20	367.1	348.8	545.6	0.536	360.2	394.9
codec-U	U-root-interleaved	U-root-interleaved	ascii	incumbent-prod	decode-read	default	20	723.1	700.6	1089.9	0.538	713.0	763.9
codec-U	U-nested-u-fixed32	U-nested-u-fixed32	ascii	incumbent-prod	decode	default	20	296.6	285.6	456.8	0.577	293.0	306.5
codec-U	U-root-u-repeated	U-root-u-repeated	ascii	core-native	decode	drop	20	549.1	528.7	983.8	0.829	539.4	573.1
codec-U	U-enum-value-2147483647	U-enum-value-2147483647	ascii	core-ffi	decode-read	retain	20	136.9	135.6	143.9	0.060	136.4	138.1
codec-U	U-root-u-fixed64	U-root-u-fixed64	ascii	core-ffi-pull	decode-read	retain	20	986.9	958.1	1086.9	0.130	977.6	1030.7
codec-U	U-root-u-len	U-root-u-len	ascii	core-native	decode-read	drop	20	547.2	532.9	581.4	0.089	539.7	557.2
codec-U	U-oneof-interleaved	U-oneof-interleaved	ascii	core-ffi-pull	decode-read	drop	20	208.7	204.8	217.7	0.061	206.5	211.6
codec-U	U-oneof-member-before-known	U-oneof-member-before-known	ascii	core-native	decode	drop	20	93.5	92.1	95.1	0.031	93.2	94.5
codec-U	U-nested-all	U-nested-all	ascii	core-ffi-pull	decode	drop	20	474.1	463.5	512.2	0.103	469.7	488.8
codec-U	U-element-u-msg	U-element-u-msg	ascii	core-native	encode	retain	20	293.4	285.7	309.8	0.082	289.7	296.3
codec-U	U-oneof-interleaved	U-oneof-interleaved	ascii	core-native	decode	retain	20	273.9	269.4	281.3	0.043	270.9	277.0
codec-U	U-oneof-u-repeated	U-oneof-u-repeated	ascii	incumbent-prod	encode	default	20	109.7	105.7	118.0	0.112	107.8	111.7
codec-U	U-nested-u-len	U-nested-u-len	ascii	core-ffi	decode-read	drop	20	422.6	409.7	442.8	0.078	419.6	425.0
codec-U	U-root-group	U-root-group	ascii	core-native	decode	drop	20	519.4	513.0	614.4	0.195	516.9	523.4
codec-U	U-wire-ListResultsResponse-results-as-wt5	U-wire-ListResultsResponse-results-as-wt5	ascii	core-ffi	decode-read	retain	20	937.4	920.0	1004.7	0.090	930.7	948.2
codec-U	U-wire-ListProbeResponse-probes-as-wt1	U-wire-ListProbeResponse-probes-as-wt1	ascii	core-ffi	decode-read	drop	20	339.6	333.1	349.7	0.049	337.4	341.3
codec-U	U-leaf-all	U-leaf-all	ascii	core-ffi	decode	drop	20	374.3	367.0	446.3	0.212	372.6	380.6
codec-U	U-deep-u-fixed64	U-deep-u-fixed64	ascii	incumbent-prod	encode	default	20	966.0	948.1	1034.6	0.089	961.3	981.2
codec-U	U-element-u-msg	U-element-u-msg	ascii	core-native	decode-read	drop	20	1180.4	1161.7	1271.1	0.093	1170.6	1223.4
codec-U	U-root-u-len	U-root-u-len	ascii	core-ffi	decode	drop	20	658.9	644.7	694.8	0.076	652.6	669.1
codec-U	U-root-u-fixed64	U-root-u-fixed64	ascii	core-ffi-pull	decode-read	drop	20	710.6	689.7	734.0	0.062	700.4	717.6
codec-U	U-oneof-member-after-known	U-oneof-member-after-known	ascii	core-native	decode	drop	20	75.4	72.2	80.4	0.109	74.5	76.3
codec-U	U-leaf-u-varint	U-leaf-u-varint	ascii	armonik	decode-read	default	20	279.2	264.6	330.3	0.235	274.6	287.4
codec-U	U-root-all	U-root-all	ascii	armonik	decode	default	20	574.0	562.4	741.6	0.312	567.9	577.5
codec-U	U-leaf-all	U-leaf-all	ascii	core-native	decode	retain	20	799.0	774.1	811.2	0.047	786.0	802.8
codec-U	U-root-max-tag	U-root-max-tag	ascii	core-native	decode-read	drop	20	542.2	532.7	565.8	0.061	538.0	544.5
codec-U	U-wire-ListTasksDetailedResponse-page-as-wt5	U-wire-ListTasksDetailedResponse-page-as-wt5	ascii	core-native	decode	retain	20	3368.8	3320.9	3483.8	0.048	3359.7	3390.5
codec-U	U-wire-ListResultsResponse-results-as-wt5	U-wire-ListResultsResponse-results-as-wt5	ascii	core-ffi-pull	decode-read	retain	20	970.9	947.5	1014.4	0.069	964.5	986.6
codec-U	U-enum-value-2147483647	U-enum-value-2147483647	ascii	armonik	encode	default	20	74.4	72.8	76.1	0.045	73.7	75.0
codec-U	U-wire-DualResponse-left-as-wt0	U-wire-DualResponse-left-as-wt0	ascii	core-native	decode-read	retain	20	208.9	205.3	231.3	0.125	207.4	211.3
codec-U	U-root-u-fixed64	U-root-u-fixed64	ascii	core-ffi	decode	retain	20	904.3	853.2	947.7	0.105	891.1	916.8
codec-U	U-oneof-u-fixed32	U-oneof-u-fixed32	ascii	incumbent-prod	decode	default	20	124.1	121.6	127.8	0.050	122.7	125.0
codec-U	U-root-u-fixed64	U-root-u-fixed64	ascii	incumbent-prod	decode	default	20	576.5	566.4	630.7	0.112	571.8	580.9
codec-U	U-wire-ListTasksDetailedResponse-page-as-wt1	U-wire-ListTasksDetailedResponse-page-as-wt1	ascii	core-ffi-pull	decode-read	drop	20	5389.5	5332.5	5643.1	0.058	5376.8	5428.3
codec-U	U-wire-ListResultsResponse-page-as-wt5	U-wire-ListResultsResponse-page-as-wt5	ascii	core-ffi-pull	decode-read	retain	20	951.0	942.0	972.9	0.032	948.3	966.7
codec-U	U-element-u-fixed32	U-element-u-fixed32	ascii	armonik	decode	default	20	1725.3	1645.2	1904.7	0.150	1707.2	1738.6
codec-U	U-wire-ListMetricsResponse-batches-as-wt0	U-wire-ListMetricsResponse-batches-as-wt0	ascii	core-ffi-pull	decode-read	retain	20	1700.8	1673.0	1870.3	0.116	1693.4	1714.1
codec-U	U-wire-ListTasksDetailedResponse-page-as-wt2	U-wire-ListTasksDetailedResponse-page-as-wt2	ascii	core-ffi	decode	drop	20	5632.7	5549.0	5756.4	0.037	5603.2	5683.0
codec-U	U-leaf-u-varint	U-leaf-u-varint	ascii	core-ffi-pull	decode-read	retain	20	607.6	601.2	621.1	0.033	605.3	611.2
codec-U	U-root-u-fixed64	U-root-u-fixed64	ascii	core-native	decode	retain	20	583.0	577.5	605.0	0.047	579.2	591.7
codec-U	U-wire-ListResultsResponse-page-as-wt1	U-wire-ListResultsResponse-page-as-wt1	ascii	core-native	decode	drop	20	526.1	516.6	554.6	0.072	522.2	531.9
codec-U	U-deep-u-repeated	U-deep-u-repeated	ascii	incumbent-prod	encode	default	20	1234.6	1217.8	1275.3	0.047	1227.9	1243.0
codec-U	U-nested-group	U-nested-group	ascii	core-ffi	decode-read	drop	20	436.4	431.5	458.6	0.062	434.4	438.4
codec-U	U-deep-u-fixed64	U-deep-u-fixed64	ascii	core-ffi-pull	decode	retain	20	2774.1	2745.9	3163.7	0.151	2761.0	2814.7
codec-U	U-wire-ListTasksDetailedResponse-tasks-as-wt0	U-wire-ListTasksDetailedResponse-tasks-as-wt0	ascii	core-native	encode	retain	20	647.6	635.6	685.3	0.077	642.6	654.5
codec-U	U-wire-ListProbeResponse-probes-as-wt0	U-wire-ListProbeResponse-probes-as-wt0	ascii	core-ffi	decode	drop	20	313.1	298.1	330.9	0.105	310.1	320.2
codec-U	U-root-u-fixed64	U-root-u-fixed64	ascii	core-ffi	encode	drop	20	191.6	190.3	202.7	0.065	191.2	193.1
codec-U	U-root-u-repeated	U-root-u-repeated	ascii	core-ffi	encode	retain	20	204.4	198.7	210.0	0.055	202.2	206.5
codec-U	U-wire-ListTasksDetailedResponse-tasks-as-wt0	U-wire-ListTasksDetailedResponse-tasks-as-wt0	ascii	core-ffi-pull	decode-read	drop	20	5702.6	5468.9	5924.6	0.080	5607.6	5734.1
codec-U	U-oneof-u-fixed64	U-oneof-u-fixed64	ascii	incumbent-prod	encode	default	20	111.3	106.8	126.8	0.179	109.4	114.6
codec-U	U-oneof-group	U-oneof-group	ascii	core-native	decode-read	drop	20	114.8	113.2	120.0	0.060	114.0	115.3
codec-U	U-element-u-fixed64	U-element-u-fixed64	ascii	incumbent-prod	decode-read	default	20	1848.8	1820.3	1926.8	0.058	1842.3	1863.1
codec-U	U-wire-ListTaskSummaryResponse-tasks-as-wt0	U-wire-ListTaskSummaryResponse-tasks-as-wt0	ascii	core-ffi-pull	decode-read	retain	20	2568.9	2520.7	2695.2	0.068	2559.7	2596.6
codec-U	U-wire-ListResultsResponse-results-as-wt0	U-wire-ListResultsResponse-results-as-wt0	ascii	core-ffi	encode	retain	20	195.4	193.2	201.7	0.044	195.0	197.2
codec-U	U-nested-before	U-nested-before	ascii	core-ffi	decode-read	retain	20	762.2	723.9	1033.4	0.406	756.2	788.7
codec-U	U-root-u-repeated	U-root-u-repeated	ascii	core-ffi	decode-read	drop	20	866.6	854.2	885.3	0.036	860.8	870.1
codec-U	U-nested-before	U-nested-before	ascii	core-ffi	encode	retain	20	105.5	104.5	109.2	0.045	104.9	107.2
codec-U	U-enum-value-2147483647	U-enum-value-2147483647	ascii	core-ffi	decode-read	drop	20	115.4	111.7	118.3	0.056	113.6	116.3
codec-U	U-oneof-group	U-oneof-group	ascii	armonik	decode-read	default	20	162.8	158.3	169.7	0.070	161.3	164.0
codec-U	U-oneof-member-after-known	U-oneof-member-after-known	ascii	core-ffi-pull	decode-read	retain	20	215.5	211.5	221.3	0.045	214.3	218.1
codec-U	U-root-u-repeated	U-root-u-repeated	ascii	core-ffi	decode	drop	20	846.4	817.0	868.7	0.061	830.1	854.0
codec-U	U-wire-UploadResultDataMessage-upload-as-wt1	U-wire-UploadResultDataMessage-upload-as-wt1	ascii	core-ffi	decode-read	drop	20	152.3	150.5	156.6	0.040	152.0	153.2
codec-U	U-nested-u-packed	U-nested-u-packed	ascii	incumbent-prod	decode	default	20	293.1	288.4	301.6	0.045	291.2	294.8
codec-U	U-wire-UploadResultDataMessage-upload-as-wt1	U-wire-UploadResultDataMessage-upload-as-wt1	ascii	core-native	encode	drop	20	15.8	15.4	16.1	0.045	15.7	15.9
codec-U	U-oneof-member-before-known	U-oneof-member-before-known	ascii	core-native	decode-read	drop	20	98.1	96.7	101.5	0.049	97.5	99.1
codec-U	U-leaf-all	U-leaf-all	ascii	armonik	decode	default	20	490.6	475.0	505.9	0.063	485.5	495.5
codec-U	U-nested-u-repeated	U-nested-u-repeated	ascii	core-ffi	encode	retain	20	105.3	102.8	179.4	0.727	104.3	110.9
codec-U	U-deep-u-packed	U-deep-u-packed	ascii	core-native	decode	drop	20	1376.0	1360.5	1437.0	0.056	1366.3	1386.0
codec-U	U-nested-group	U-nested-group	ascii	core-native	decode	drop	20	256.5	251.4	267.9	0.065	253.2	258.5
codec-U	U-element-u-varint	U-element-u-varint	ascii	core-ffi-pull	decode-read	drop	20	2597.8	2556.6	2705.9	0.057	2583.7	2651.7
codec-U	U-element-u-msg	U-element-u-msg	ascii	core-ffi	decode	drop	20	2559.9	2536.4	2716.3	0.070	2551.7	2577.9
codec-U	U-nested-u-fixed32	U-nested-u-fixed32	ascii	core-native	decode	retain	20	325.4	320.5	351.0	0.094	324.1	331.1
codec-U	U-element-u-fixed64	U-element-u-fixed64	ascii	core-ffi	decode-read	retain	20	2879.7	2811.5	3119.7	0.107	2851.6	2914.2
codec-U	U-oneof-u-len	U-oneof-u-len	ascii	core-ffi-pull	decode	drop	20	155.1	149.6	167.9	0.118	151.9	157.5
codec-U	U-leaf-u-repeated	U-leaf-u-repeated	ascii	armonik	decode	default	20	316.8	306.0	341.7	0.113	311.4	324.4
codec-U	U-element-u-msg	U-element-u-msg	ascii	core-ffi-pull	decode	retain	20	2784.0	2691.4	3111.5	0.151	2733.5	2804.7
codec-U	U-wire-UploadResultDataMessage-upload-as-wt0	U-wire-UploadResultDataMessage-upload-as-wt0	ascii	core-native	encode	retain	20	19.2	18.8	19.8	0.053	19.1	19.3
codec-U	U-root-u-repeated	U-root-u-repeated	ascii	core-native	decode	retain	20	672.2	663.9	1194.6	0.790	668.6	682.5
codec-U	U-oneof-u-msg	U-oneof-u-msg	ascii	core-native	encode	drop	20	23.0	21.9	23.6	0.077	22.8	23.3
codec-U	U-nested-u-repeated	U-nested-u-repeated	ascii	armonik	encode	default	20	258.1	245.8	263.9	0.070	256.7	259.1
codec-U	U-wire-ListTasksDetailedResponse-page-as-wt1	U-wire-ListTasksDetailedResponse-page-as-wt1	ascii	core-native	encode	drop	20	527.3	520.2	552.8	0.062	525.9	529.7
codec-U	U-wire-ListResultsResponse-results-as-wt5	U-wire-ListResultsResponse-results-as-wt5	ascii	core-native	decode-read	retain	20	569.2	544.5	592.0	0.083	563.0	580.4
codec-U	U-wire-ListTasksDetailedResponse-tasks-as-wt5	U-wire-ListTasksDetailedResponse-tasks-as-wt5	ascii	core-ffi-pull	decode	drop	20	5367.1	5259.7	5873.8	0.114	5345.1	5527.1
codec-U	U-oneof-u-msg	U-oneof-u-msg	ascii	core-ffi-pull	decode	retain	20	219.2	215.6	244.6	0.132	218.3	221.0
codec-U	U-root-max-tag	U-root-max-tag	ascii	core-native	decode	drop	20	548.3	538.2	591.4	0.097	545.4	553.3
codec-U	U-wire-ListTaskSummaryResponse-tasks-as-wt5	U-wire-ListTaskSummaryResponse-tasks-as-wt5	ascii	core-native	decode-read	retain	20	1808.8	1781.4	1866.7	0.047	1790.0	1834.4
codec-U	U-leaf-u-packed	U-leaf-u-packed	ascii	core-ffi	decode	retain	20	571.4	560.5	629.2	0.120	568.1	578.8
codec-U	U-enum-value-packed	U-enum-value-packed	ascii	armonik	encode	default	20	142.7	130.6	148.0	0.121	140.3	144.9
codec-U	U-root-all	U-root-all	ascii	core-ffi	decode	retain	20	1198.2	1140.2	1265.2	0.104	1169.8	1210.3
codec-U	U-leaf-u-packed	U-leaf-u-packed	ascii	core-native	encode	retain	20	53.7	52.4	66.4	0.262	53.2	55.1
codec-U	U-wire-ListResultsResponse-results-as-wt0	U-wire-ListResultsResponse-results-as-wt0	ascii	core-ffi	decode	drop	20	705.8	693.8	731.6	0.054	701.3	711.0
codec-U	U-element-u-packed	U-element-u-packed	ascii	core-ffi	decode-read	retain	20	2989.9	2858.9	3183.0	0.108	2924.5	3060.3
codec-U	U-wire-ListTasksDetailedResponse-tasks-as-wt0	U-wire-ListTasksDetailedResponse-tasks-as-wt0	ascii	core-native	decode-read	drop	20	3491.3	3423.3	3738.8	0.090	3457.4	3557.8
codec-U	U-deep-u-len	U-deep-u-len	ascii	incumbent-prod	decode-read	default	20	1869.6	1839.7	2043.6	0.109	1856.6	1888.8
codec-U	U-leaf-u-len	U-leaf-u-len	ascii	core-native	encode	drop	20	45.4	43.7	52.4	0.193	44.9	46.1
codec-U	U-root-before	U-root-before	ascii	core-ffi-pull	decode	drop	20	990.2	957.9	1101.8	0.145	972.7	1004.1
codec-U	U-nested-group	U-nested-group	ascii	incumbent-prod	decode	default	20	318.6	306.3	358.4	0.163	314.4	323.2
codec-U	U-wire-ListMetricsResponse-batches-as-wt1	U-wire-ListMetricsResponse-batches-as-wt1	ascii	core-native	decode	retain	20	1625.6	1543.4	1796.2	0.155	1599.9	1683.6
codec-U	U-nested-u-len	U-nested-u-len	ascii	core-ffi-pull	decode	retain	20	545.5	531.7	593.2	0.113	540.8	553.0
codec-U	U-root-all	U-root-all	ascii	core-ffi-pull	decode-read	retain	20	1260.4	1244.3	1294.4	0.040	1250.1	1269.9
codec-U	U-nested-u-fixed64	U-nested-u-fixed64	ascii	armonik	decode	default	20	309.5	305.0	321.9	0.055	307.5	312.8
codec-U	U-deep-u-fixed64	U-deep-u-fixed64	ascii	core-ffi	decode	retain	20	2825.7	2802.9	2899.4	0.034	2810.1	2837.1
codec-U	U-nested-interleaved	U-nested-interleaved	ascii	armonik	encode	default	20	257.6	251.9	263.0	0.043	256.2	259.3
codec-U	U-oneof-u-len	U-oneof-u-len	ascii	armonik	decode-read	default	20	134.2	132.5	136.0	0.026	133.5	135.2
codec-U	U-nested-before	U-nested-before	ascii	core-native	decode-read	drop	20	302.7	297.9	308.2	0.034	302.2	304.2
codec-U	U-oneof-all	U-oneof-all	ascii	armonik	decode-read	default	20	217.1	208.1	226.0	0.082	214.6	218.3
codec-U	U-wire-ListResultsResponse-page-as-wt2	U-wire-ListResultsResponse-page-as-wt2	ascii	core-ffi	encode	drop	20	194.9	191.4	200.2	0.045	192.8	197.0
codec-U	U-deep-u-fixed32	U-deep-u-fixed32	ascii	core-native	decode-read	drop	20	1509.9	1486.7	1613.8	0.084	1503.9	1520.0
codec-U	U-wire-ListResultsResponse-page-as-wt2	U-wire-ListResultsResponse-page-as-wt2	ascii	core-ffi-pull	decode	retain	20	886.8	878.7	903.3	0.028	883.9	890.1
codec-U	U-nested-u-packed	U-nested-u-packed	ascii	core-ffi-pull	decode	drop	20	399.1	394.9	412.4	0.044	397.5	401.0
codec-U	U-leaf-u-packed	U-leaf-u-packed	ascii	core-ffi-pull	decode-read	drop	20	421.5	415.0	433.0	0.043	417.5	424.3
codec-U	U-wire-ListResultsResponse-page-as-wt1	U-wire-ListResultsResponse-page-as-wt1	ascii	core-ffi-pull	decode	retain	20	892.9	878.2	925.0	0.052	889.0	898.1
codec-U	U-wire-ListResultsResponse-page-as-wt1	U-wire-ListResultsResponse-page-as-wt1	ascii	core-native	decode	retain	20	525.6	516.7	535.3	0.035	521.9	527.5
codec-U	U-oneof-u-varint	U-oneof-u-varint	ascii	core-ffi	decode-read	drop	20	161.5	159.7	164.7	0.031	160.1	162.2
codec-U	U-wire-ListTasksDetailedResponse-page-as-wt2	U-wire-ListTasksDetailedResponse-page-as-wt2	ascii	core-native	encode	retain	20	645.6	627.1	661.5	0.053	643.3	652.4
codec-U	U-root-before	U-root-before	ascii	core-ffi	decode	retain	20	1204.1	1187.6	1230.1	0.035	1198.8	1206.0
codec-U	U-wire-DualResponse-left-as-wt5	U-wire-DualResponse-left-as-wt5	ascii	core-ffi-pull	decode	retain	20	351.7	344.6	355.6	0.031	349.4	352.4
codec-U	U-root-u-repeated	U-root-u-repeated	ascii	core-ffi-pull	decode	drop	20	854.2	841.8	874.0	0.038	847.3	857.9
codec-U	U-deep-u-len	U-deep-u-len	ascii	core-ffi-pull	decode-read	retain	20	2819.8	2763.5	3067.4	0.108	2803.8	2838.8
codec-U	U-oneof-before	U-oneof-before	ascii	core-ffi	encode	drop	20	49.3	47.7	54.9	0.146	48.2	50.4
codec-U	U-oneof-member-alone	U-oneof-member-alone	ascii	core-native	decode	retain	20	112.7	108.4	126.1	0.157	109.8	113.5
codec-U	U-oneof-group	U-oneof-group	ascii	core-ffi	decode	retain	20	230.1	226.8	237.2	0.045	228.9	232.7
codec-U	U-leaf-u-fixed64	U-leaf-u-fixed64	ascii	incumbent-prod	encode	default	20	246.2	238.2	257.4	0.078	243.5	249.9
codec-U	U-root-group	U-root-group	ascii	core-ffi	decode	retain	20	922.3	907.4	976.3	0.075	919.0	934.9
codec-U	U-wire-DualResponse-left-as-wt1	U-wire-DualResponse-left-as-wt1	ascii	core-native	decode	drop	20	181.4	178.5	184.7	0.034	180.3	182.3
codec-U	U-element-u-repeated	U-element-u-repeated	ascii	incumbent-prod	decode-read	default	20	1847.8	1813.4	1960.5	0.080	1840.4	1863.4
codec-U	U-nested-u-msg	U-nested-u-msg	ascii	armonik	encode	default	20	256.0	252.9	265.1	0.047	254.0	258.3
codec-U	U-oneof-member-alone	U-oneof-member-alone	ascii	core-native	encode	drop	20	16.4	15.5	17.1	0.096	16.3	16.6
codec-U	U-deep-u-varint	U-deep-u-varint	ascii	incumbent-prod	decode-read	default	20	1861.6	1830.1	1950.2	0.065	1854.1	1875.6
codec-U	U-oneof-member-before-known	U-oneof-member-before-known	ascii	core-ffi-pull	decode-read	drop	20	169.0	167.2	177.4	0.060	168.4	171.8
codec-U	U-wire-ListProbeResponse-probes-as-wt1	U-wire-ListProbeResponse-probes-as-wt1	ascii	core-ffi-pull	decode-read	drop	20	332.9	329.5	343.0	0.040	330.7	335.7
codec-U	U-nested-interleaved	U-nested-interleaved	ascii	core-ffi	encode	retain	20	106.3	104.3	114.6	0.097	105.6	108.6
codec-U	U-element-u-repeated	U-element-u-repeated	ascii	core-ffi	decode	drop	20	2670.0	2593.5	3268.2	0.253	2632.8	2722.7
codec-U	U-wire-ListMetricsResponse-batches-as-wt0	U-wire-ListMetricsResponse-batches-as-wt0	ascii	core-ffi-pull	decode	retain	20	1542.9	1443.5	1748.9	0.198	1498.2	1562.3
codec-U	U-leaf-u-fixed32	U-leaf-u-fixed32	ascii	core-native	decode-read	drop	20	268.2	260.2	284.3	0.090	264.0	274.6
codec-U	U-element-u-fixed64	U-element-u-fixed64	ascii	core-ffi	decode-read	drop	20	2824.3	2737.6	2976.7	0.085	2798.1	2879.3
codec-U	U-leaf-u-varint	U-leaf-u-varint	ascii	core-ffi	encode	retain	20	107.9	105.4	118.0	0.117	106.8	108.6
codec-U	U-nested-u-repeated	U-nested-u-repeated	ascii	core-native	decode-read	retain	20	379.2	371.9	391.8	0.052	375.4	384.4
codec-U	U-wire-UploadResultDataMessage-upload-as-wt1	U-wire-UploadResultDataMessage-upload-as-wt1	ascii	core-ffi	encode	retain	20	41.8	39.2	89.4	1.203	40.1	42.4
codec-U	U-element-u-varint	U-element-u-varint	ascii	core-native	decode	drop	20	1419.0	1383.9	1512.2	0.090	1396.3	1452.4
codec-U	U-wire-ListProbeResponse-probes-as-wt1	U-wire-ListProbeResponse-probes-as-wt1	ascii	core-ffi-pull	decode	drop	20	321.2	307.3	345.5	0.119	318.1	324.3
codec-U	U-oneof-all	U-oneof-all	ascii	armonik	decode	default	20	199.5	192.8	208.1	0.077	196.3	201.3
codec-U	U-leaf-u-varint	U-leaf-u-varint	ascii	core-native	encode	drop	20	45.4	43.8	48.0	0.093	44.7	46.0
codec-U	U-deep-u-fixed32	U-deep-u-fixed32	ascii	core-ffi	decode-read	drop	20	2702.9	2600.0	2741.0	0.052	2683.2	2717.6
codec-U	U-oneof-all	U-oneof-all	ascii	core-native	decode	drop	20	124.3	120.7	127.6	0.055	122.4	125.2
codec-U	U-wire-ListResultsResponse-results-as-wt0	U-wire-ListResultsResponse-results-as-wt0	ascii	core-ffi	encode	drop	20	192.0	190.3	200.7	0.054	191.5	193.0
codec-U	U-wire-ListMetricsResponse-batches-as-wt0	U-wire-ListMetricsResponse-batches-as-wt0	ascii	core-native	decode-read	drop	20	1798.0	1724.9	2483.8	0.422	1764.6	1859.4
codec-U	U-deep-u-varint	U-deep-u-varint	ascii	core-ffi	encode	drop	20	542.8	525.3	695.3	0.313	532.8	564.3
codec-U	U-enum-value-999	U-enum-value-999	ascii	core-native	encode	drop	20	15.8	14.9	16.8	0.123	15.5	16.0
codec-U	U-wire-ListResultsResponse-page-as-wt1	U-wire-ListResultsResponse-page-as-wt1	ascii	core-ffi	decode-read	retain	20	972.4	808.4	1155.5	0.357	952.5	993.0
codec-U	U-root-max-tag	U-root-max-tag	ascii	armonik	encode	default	20	619.1	586.3	740.0	0.248	600.2	652.6
codec-U	U-wire-DualResponse-left-as-wt0	U-wire-DualResponse-left-as-wt0	ascii	core-ffi	encode	retain	20	92.2	85.9	124.7	0.420	90.4	94.5
codec-U	U-wire-ListTasksDetailedResponse-page-as-wt2	U-wire-ListTasksDetailedResponse-page-as-wt2	ascii	core-native	decode	drop	20	3329.0	3243.7	3978.5	0.221	3303.4	3408.5
codec-U	U-enum-value-999	U-enum-value-999	ascii	core-ffi	decode-read	drop	20	131.5	129.4	138.2	0.067	130.6	132.7
codec-U	U-oneof-u-repeated	U-oneof-u-repeated	ascii	core-ffi-pull	decode	retain	20	250.2	238.9	390.5	0.606	244.0	259.1
codec-U	U-deep-u-msg	U-deep-u-msg	ascii	armonik	encode	default	20	1267.5	1233.6	1561.3	0.258	1239.1	1296.4
codec-U	U-root-u-varint	U-root-u-varint	ascii	core-ffi	decode-read	drop	20	892.2	871.6	949.1	0.087	882.5	899.0
codec-U	U-root-interleaved	U-root-interleaved	ascii	core-native	encode	drop	20	101.0	96.3	104.7	0.083	97.8	102.4
codec-U	U-leaf-u-packed	U-leaf-u-packed	ascii	core-native	decode-read	drop	20	274.3	270.0	290.9	0.076	272.3	280.5
codec-U	U-root-u-fixed64	U-root-u-fixed64	ascii	core-native	decode-read	retain	20	598.1	588.2	642.2	0.090	593.4	604.2
codec-U	U-oneof-member-alone	U-oneof-member-alone	ascii	core-ffi	encode	retain	20	49.9	46.8	51.7	0.099	47.7	51.1
codec-U	U-wire-ListTasksDetailedResponse-page-as-wt1	U-wire-ListTasksDetailedResponse-page-as-wt1	ascii	core-native	decode	drop	20	3259.2	3206.7	3375.6	0.052	3230.3	3285.9
codec-U	U-leaf-u-fixed32	U-leaf-u-fixed32	ascii	core-native	decode	drop	20	242.2	238.0	250.1	0.050	240.6	243.6
codec-U	U-leaf-u-len	U-leaf-u-len	ascii	core-ffi-pull	decode-read	retain	20	601.7	589.9	614.6	0.041	598.9	609.0
codec-U	U-root-max-tag	U-root-max-tag	ascii	armonik	decode	default	20	684.2	663.1	747.0	0.123	670.8	697.0
codec-U	U-wire-ListResultsResponse-page-as-wt1	U-wire-ListResultsResponse-page-as-wt1	ascii	core-ffi	encode	drop	20	196.9	188.9	210.4	0.109	193.9	206.0
codec-U	U-oneof-u-fixed32	U-oneof-u-fixed32	ascii	core-ffi	decode-read	retain	20	229.4	219.2	236.5	0.075	227.4	233.5
codec-U	U-root-u-packed	U-root-u-packed	ascii	core-native	decode-read	drop	20	561.2	547.8	1785.6	2.206	550.8	624.8
codec-U	U-root-u-packed	U-root-u-packed	ascii	core-ffi-pull	decode	drop	20	872.6	852.3	1192.9	0.390	864.4	901.3
codec-U	U-element-u-fixed64	U-element-u-fixed64	ascii	core-ffi-pull	decode-read	retain	20	3300.9	2871.2	3689.5	0.248	3042.9	3423.4
codec-U	U-root-interleaved	U-root-interleaved	ascii	incumbent-prod	decode	default	20	741.4	696.3	811.3	0.155	732.5	758.9
codec-U	U-oneof-member-alone	U-oneof-member-alone	ascii	core-native	encode	retain	20	20.7	20.2	24.0	0.186	20.5	20.9
codec-U	U-wire-ListMetricsResponse-batches-as-wt5	U-wire-ListMetricsResponse-batches-as-wt5	ascii	core-ffi	encode	drop	20	786.8	773.9	832.4	0.074	777.6	792.8
codec-U	U-wire-ListResultsResponse-results-as-wt5	U-wire-ListResultsResponse-results-as-wt5	ascii	core-ffi	decode-read	drop	20	869.9	852.1	937.9	0.099	866.0	885.1
codec-U	U-oneof-group	U-oneof-group	ascii	core-ffi-pull	decode	retain	20	239.0	232.3	254.8	0.094	235.1	243.8
codec-U	U-wire-ListResultsResponse-results-as-wt1	U-wire-ListResultsResponse-results-as-wt1	ascii	core-native	decode-read	drop	20	583.5	564.4	613.0	0.083	575.9	590.6
codec-U	U-oneof-member-after-known	U-oneof-member-after-known	ascii	core-ffi	decode-read	drop	20	166.2	156.0	225.4	0.417	160.3	179.9
codec-U	U-oneof-u-msg	U-oneof-u-msg	ascii	incumbent-prod	encode	default	20	112.2	107.4	119.3	0.106	109.3	114.1
codec-U	U-nested-all	U-nested-all	ascii	incumbent-prod	encode	default	20	252.8	240.9	276.6	0.141	247.7	260.1
codec-U	U-nested-u-fixed64	U-nested-u-fixed64	ascii	core-ffi	decode	drop	20	477.3	420.0	585.2	0.346	453.8	504.4
codec-U	U-deep-u-varint	U-deep-u-varint	ascii	armonik	decode	default	20	1807.9	1690.6	2493.3	0.444	1757.5	1898.7
codec-U	U-deep-u-packed	U-deep-u-packed	ascii	incumbent-prod	decode	default	20	1783.4	1744.7	2205.9	0.259	1765.0	1892.1
codec-U	U-nested-all	U-nested-all	ascii	core-ffi-pull	decode-read	retain	20	841.6	813.0	912.6	0.118	828.8	858.5
codec-U	U-wire-ListProbeResponse-probes-as-wt0	U-wire-ListProbeResponse-probes-as-wt0	ascii	core-native	decode-read	drop	20	209.2	206.6	241.1	0.165	208.0	211.2
codec-U	U-element-u-packed	U-element-u-packed	ascii	core-ffi-pull	decode	retain	20	2768.2	2682.4	4659.6	0.714	2731.1	2811.2
codec-U	U-root-all	U-root-all	ascii	core-native	decode	drop	20	617.0	601.5	932.5	0.537	608.9	624.8
codec-U	U-root-u-repeated	U-root-u-repeated	ascii	incumbent-prod	encode	default	20	569.6	557.7	585.7	0.049	562.7	575.9
codec-U	U-deep-all	U-deep-all	ascii	core-ffi	decode	drop	20	2738.4	2643.8	4389.3	0.637	2686.1	2907.1
codec-U	U-enum-value-packed	U-enum-value-packed	ascii	incumbent-prod	decode-read	default	20	108.6	105.1	173.7	0.632	106.2	135.1
codec-U	U-wire-ListResultsResponse-page-as-wt5	U-wire-ListResultsResponse-page-as-wt5	ascii	core-ffi	decode	drop	20	894.7	872.9	1554.5	0.762	888.9	912.7
codec-U	U-wire-ListResultsResponse-results-as-wt1	U-wire-ListResultsResponse-results-as-wt1	ascii	core-ffi-pull	decode	drop	20	926.2	896.7	1445.2	0.592	913.5	1054.3
codec-U	U-deep-u-varint	U-deep-u-varint	ascii	incumbent-prod	decode	default	20	1786.7	1761.7	1893.4	0.074	1777.6	1802.1
codec-U	U-nested-interleaved	U-nested-interleaved	ascii	core-native	encode	retain	20	62.5	61.3	67.6	0.101	62.1	62.7
codec-U	U-wire-ListTaskSummaryResponse-tasks-as-wt1	U-wire-ListTaskSummaryResponse-tasks-as-wt1	ascii	core-ffi-pull	decode	retain	20	2582.5	2562.0	2855.0	0.113	2573.2	2604.9
codec-U	U-nested-before	U-nested-before	ascii	core-native	encode	drop	20	45.2	44.6	46.3	0.038	44.8	45.4
codec-U	U-leaf-all	U-leaf-all	ascii	core-ffi	encode	retain	20	121.6	120.8	123.8	0.025	121.3	122.1
codec-U	U-oneof-u-len	U-oneof-u-len	ascii	core-native	decode	drop	20	92.1	91.3	103.4	0.131	91.6	93.1
codec-U	U-root-u-packed	U-root-u-packed	ascii	incumbent-prod	decode	default	20	608.5	480.0	701.0	0.363	578.7	617.6
codec-U	U-root-u-msg	U-root-u-msg	ascii	armonik	encode	default	20	497.2	482.6	621.3	0.279	493.3	506.1
codec-U	U-element-u-msg	U-element-u-msg	ascii	core-native	decode	retain	20	1410.4	1369.7	1443.6	0.052	1388.4	1425.6
codec-U	U-element-u-msg	U-element-u-msg	ascii	armonik	encode	default	20	1257.5	1219.3	1324.3	0.083	1244.7	1276.2
codec-U	U-root-all	U-root-all	ascii	core-ffi-pull	decode	retain	20	1248.9	1218.0	1348.0	0.104	1238.5	1267.1
codec-U	U-deep-u-msg	U-deep-u-msg	ascii	core-native	decode-read	drop	20	1635.5	1518.9	1973.4	0.278	1617.7	1685.1
codec-U	U-element-u-len	U-element-u-len	ascii	core-ffi	decode	retain	20	2875.6	2803.5	2996.5	0.067	2862.8	2894.2
codec-U	U-oneof-all	U-oneof-all	ascii	core-ffi-pull	decode-read	retain	20	493.6	451.2	685.9	0.476	489.9	503.8
codec-U	U-nested-all	U-nested-all	ascii	armonik	decode	default	20	376.7	362.5	400.4	0.101	371.7	380.2
codec-U	U-element-u-repeated	U-element-u-repeated	ascii	core-native	decode-read	drop	20	1564.5	1222.5	1886.1	0.424	1539.7	1620.2
codec-U	U-wire-ListTaskSummaryResponse-tasks-as-wt5	U-wire-ListTaskSummaryResponse-tasks-as-wt5	ascii	core-ffi-pull	decode	drop	20	2515.1	2453.2	2698.4	0.097	2478.0	2538.3
codec-U	U-deep-u-fixed64	U-deep-u-fixed64	ascii	core-ffi	decode-read	retain	20	2915.3	2856.2	3048.5	0.066	2900.0	2941.2
codec-U	U-wire-ListTasksDetailedResponse-tasks-as-wt1	U-wire-ListTasksDetailedResponse-tasks-as-wt1	ascii	core-ffi-pull	decode	drop	20	5551.9	5465.3	5996.3	0.096	5535.9	5588.1
codec-U	U-wire-ListTasksDetailedResponse-page-as-wt1	U-wire-ListTasksDetailedResponse-page-as-wt1	ascii	core-native	decode	retain	20	2610.4	2542.7	2849.0	0.117	2577.3	2738.3
codec-U	U-root-interleaved	U-root-interleaved	ascii	core-ffi	decode-read	retain	20	1002.7	990.6	1090.1	0.099	997.4	1028.2
codec-U	U-wire-DualResponse-left-as-wt0	U-wire-DualResponse-left-as-wt0	ascii	core-native	decode	drop	20	190.5	140.8	201.8	0.320	178.3	194.1
codec-U	U-oneof-u-len	U-oneof-u-len	ascii	core-native	decode-read	retain	20	121.5	119.0	127.7	0.071	119.7	123.3
codec-U	U-root-u-len	U-root-u-len	ascii	core-ffi-pull	decode	retain	20	959.4	936.2	1014.3	0.081	948.1	969.0
codec-U	U-deep-u-repeated	U-deep-u-repeated	ascii	armonik	decode-read	default	20	1865.9	1813.9	1949.8	0.073	1843.7	1890.2
codec-U	U-oneof-u-repeated	U-oneof-u-repeated	ascii	core-ffi	encode	retain	20	53.2	52.2	54.9	0.051	53.0	53.9
codec-U	U-oneof-u-fixed32	U-oneof-u-fixed32	ascii	armonik	decode	default	20	132.8	128.6	147.8	0.145	130.5	134.1
codec-U	U-wire-ListResultsResponse-results-as-wt5	U-wire-ListResultsResponse-results-as-wt5	ascii	core-ffi	decode	retain	20	930.0	868.1	980.0	0.120	911.7	946.5
codec-U	U-wire-UploadResultDataMessage-upload-as-wt0	U-wire-UploadResultDataMessage-upload-as-wt0	ascii	core-ffi	decode	drop	20	156.4	152.9	164.7	0.075	154.7	158.5
codec-U	U-oneof-all	U-oneof-all	ascii	armonik	encode	default	20	113.1	106.5	131.1	0.217	111.0	117.9
codec-U	U-nested-u-varint	U-nested-u-varint	ascii	core-ffi-pull	decode-read	drop	20	435.7	419.9	499.3	0.182	429.2	445.3
codec-U	U-nested-before	U-nested-before	ascii	armonik	decode	default	20	384.4	375.2	399.1	0.062	380.2	389.0
codec-U	U-enum-value-127	U-enum-value-127	ascii	core-ffi-pull	decode-read	drop	20	144.0	141.0	172.4	0.219	142.2	146.5
codec-U	U-element-u-len	U-element-u-len	ascii	core-ffi-pull	decode	drop	20	2688.8	2625.7	3876.7	0.465	2653.6	2734.6
codec-U	U-wire-UploadResultDataMessage-upload-as-wt1	U-wire-UploadResultDataMessage-upload-as-wt1	ascii	core-native	decode-read	drop	20	97.4	95.6	113.2	0.180	96.7	98.1
codec-U	U-wire-ListTasksDetailedResponse-tasks-as-wt5	U-wire-ListTasksDetailedResponse-tasks-as-wt5	ascii	core-ffi	encode	drop	20	1168.5	1117.8	1324.4	0.177	1151.2	1212.8
codec-U	U-root-u-len	U-root-u-len	ascii	core-ffi	decode	retain	20	930.4	905.3	1132.3	0.244	922.7	962.1
codec-U	U-oneof-u-varint	U-oneof-u-varint	ascii	core-ffi-pull	decode	retain	20	217.9	212.8	225.2	0.057	215.5	218.9
codec-U	U-nested-before	U-nested-before	ascii	core-ffi-pull	decode-read	retain	20	814.2	802.0	829.9	0.034	807.5	818.0
codec-U	U-wire-ListProbeResponse-probes-as-wt5	U-wire-ListProbeResponse-probes-as-wt5	ascii	core-ffi-pull	decode-read	drop	20	334.4	330.5	375.1	0.134	332.4	338.0
codec-U	U-nested-u-msg	U-nested-u-msg	ascii	core-ffi	decode	drop	20	386.2	380.2	402.7	0.058	383.6	388.8
codec-U	U-deep-u-fixed32	U-deep-u-fixed32	ascii	core-ffi	decode-read	retain	20	2882.9	2844.7	2984.1	0.048	2867.2	2901.9
codec-U	U-wire-ListTasksDetailedResponse-tasks-as-wt0	U-wire-ListTasksDetailedResponse-tasks-as-wt0	ascii	core-ffi-pull	decode	drop	20	5472.0	5338.4	5559.6	0.040	5429.9	5479.2
codec-U	U-root-before	U-root-before	ascii	core-ffi-pull	decode	retain	20	1211.3	1183.7	1268.6	0.070	1202.3	1219.2
codec-U	U-leaf-u-varint	U-leaf-u-varint	ascii	core-native	decode	retain	20	299.9	294.8	303.5	0.029	297.5	300.9
codec-U	U-leaf-u-varint	U-leaf-u-varint	ascii	core-native	decode-read	drop	20	268.9	266.1	276.5	0.039	267.7	271.4
codec-U	U-oneof-u-varint	U-oneof-u-varint	ascii	core-native	decode-read	retain	20	122.2	119.4	125.9	0.053	120.9	122.8
codec-U	U-root-all	U-root-all	ascii	core-ffi	encode	drop	20	192.6	190.7	199.2	0.044	191.6	193.5
codec-U	U-wire-DualResponse-left-as-wt0	U-wire-DualResponse-left-as-wt0	ascii	core-native	decode	retain	20	198.3	196.2	227.4	0.157	197.5	200.3
codec-U	U-leaf-u-fixed64	U-leaf-u-fixed64	ascii	core-ffi	decode	retain	20	492.6	486.3	500.1	0.028	491.2	493.7
codec-U	U-nested-u-packed	U-nested-u-packed	ascii	core-ffi-pull	decode	retain	20	402.7	395.5	430.1	0.086	398.9	414.3
codec-U	U-oneof-u-packed	U-oneof-u-packed	ascii	armonik	encode	default	20	90.2	87.7	100.6	0.143	88.9	92.8
codec-U	U-root-all	U-root-all	ascii	core-native	decode-read	drop	20	479.4	452.6	511.6	0.123	472.5	482.3
codec-U	U-nested-interleaved	U-nested-interleaved	ascii	core-ffi	decode-read	drop	20	374.0	357.9	400.3	0.113	368.4	378.1
codec-U	U-nested-before	U-nested-before	ascii	armonik	encode	default	20	210.6	205.4	215.5	0.048	209.9	212.2
codec-U	U-wire-DualResponse-left-as-wt0	U-wire-DualResponse-left-as-wt0	ascii	core-native	decode-read	drop	20	154.7	149.6	166.3	0.108	150.9	159.5
codec-U	U-oneof-u-repeated	U-oneof-u-repeated	ascii	core-native	decode	retain	20	109.9	103.5	112.3	0.080	105.7	110.2
codec-U	U-wire-ListTasksDetailedResponse-tasks-as-wt0	U-wire-ListTasksDetailedResponse-tasks-as-wt0	ascii	core-native	encode	drop	20	430.2	424.5	447.9	0.054	428.7	433.9
codec-U	U-nested-u-fixed64	U-nested-u-fixed64	ascii	core-ffi	decode	retain	20	370.4	362.2	409.3	0.127	367.7	373.3
codec-U	U-root-u-repeated	U-root-u-repeated	ascii	core-ffi-pull	decode-read	drop	20	787.8	743.5	823.4	0.101	754.2	806.7
codec-U	U-leaf-u-packed	U-leaf-u-packed	ascii	incumbent-prod	encode	default	20	220.4	200.9	232.0	0.141	217.6	221.9
codec-U	U-deep-u-fixed32	U-deep-u-fixed32	ascii	core-native	decode-read	retain	20	1355.0	1262.2	1499.7	0.175	1312.2	1376.1
codec-U	U-element-u-repeated	U-element-u-repeated	ascii	core-ffi	decode-read	drop	20	2462.5	2270.8	2574.9	0.123	2371.8	2491.7
codec-U	U-deep-u-repeated	U-deep-u-repeated	ascii	armonik	encode	default	20	1030.3	1003.3	1097.8	0.092	1023.4	1050.4
codec-U	U-wire-ListResultsResponse-results-as-wt1	U-wire-ListResultsResponse-results-as-wt1	ascii	core-native	decode	retain	20	540.3	528.4	578.4	0.093	537.1	547.1
codec-U	U-oneof-before	U-oneof-before	ascii	core-native	decode	drop	20	122.8	120.8	128.2	0.060	122.2	123.8
codec-U	U-wire-ListResultsResponse-page-as-wt1	U-wire-ListResultsResponse-page-as-wt1	ascii	core-ffi	decode	drop	20	870.1	841.1	898.9	0.066	855.6	878.3
codec-U	U-nested-all	U-nested-all	ascii	armonik	decode-read	default	20	410.3	398.3	420.4	0.054	405.7	413.2
codec-U	U-nested-u-packed	U-nested-u-packed	ascii	core-native	decode-read	retain	20	276.6	272.9	299.0	0.094	274.3	278.7
codec-U	U-oneof-member-before-known	U-oneof-member-before-known	ascii	armonik	decode	default	20	129.2	124.3	144.1	0.153	127.3	130.6
codec-U	U-root-interleaved	U-root-interleaved	ascii	core-native	decode	drop	20	578.2	560.4	616.5	0.097	571.4	583.1
codec-U	U-wire-ListTasksDetailedResponse-tasks-as-wt1	U-wire-ListTasksDetailedResponse-tasks-as-wt1	ascii	core-ffi-pull	decode-read	drop	20	5813.3	5660.8	6339.4	0.117	5771.8	5874.4
codec-U	U-enum-value-127	U-enum-value-127	ascii	core-ffi	decode-read	drop	20	131.7	129.3	141.3	0.091	130.7	133.7
codec-U	U-wire-DualResponse-left-as-wt1	U-wire-DualResponse-left-as-wt1	ascii	core-ffi	encode	retain	20	88.4	85.4	99.5	0.159	86.6	90.6
codec-U	U-root-before	U-root-before	ascii	incumbent-prod	decode	default	20	688.3	673.6	697.1	0.034	685.5	690.4
codec-U	U-deep-u-fixed64	U-deep-u-fixed64	ascii	core-native	decode	retain	20	1393.6	1371.5	1414.6	0.031	1388.1	1396.7
codec-U	U-enum-value-packed	U-enum-value-packed	ascii	core-native	decode-read	retain	20	90.6	89.9	95.2	0.059	90.4	90.8
codec-U	U-element-u-repeated	U-element-u-repeated	ascii	core-ffi-pull	decode-read	drop	20	2721.5	2679.7	2748.6	0.025	2707.2	2727.4
codec-U	U-leaf-u-packed	U-leaf-u-packed	ascii	core-ffi	encode	drop	20	103.0	100.8	104.3	0.034	102.2	103.3
codec-U	U-wire-UploadResultDataMessage-upload-as-wt1	U-wire-UploadResultDataMessage-upload-as-wt1	ascii	core-ffi	decode	drop	20	153.8	152.0	155.2	0.021	153.3	154.8
codec-U	U-nested-all	U-nested-all	ascii	core-ffi	decode-read	retain	20	779.3	768.1	810.9	0.055	774.3	785.4
codec-U	U-deep-all	U-deep-all	ascii	core-native	encode	retain	20	290.9	287.0	296.9	0.034	289.4	292.7
codec-U	U-root-group	U-root-group	ascii	core-ffi-pull	decode	retain	20	939.2	928.1	946.4	0.020	930.7	941.0
codec-U	U-oneof-group	U-oneof-group	ascii	core-ffi	decode-read	drop	20	180.5	177.4	186.2	0.049	179.4	182.5
codec-U	U-root-u-fixed32	U-root-u-fixed32	ascii	core-native	encode	drop	20	96.6	95.1	100.9	0.060	95.9	97.4
codec-U	U-oneof-u-varint	U-oneof-u-varint	ascii	core-native	decode	retain	20	115.9	114.1	117.9	0.032	115.5	116.6
codec-U	U-oneof-group	U-oneof-group	ascii	core-native	decode	drop	20	109.6	107.7	111.4	0.034	108.9	110.2
codec-U	U-nested-interleaved	U-nested-interleaved	ascii	incumbent-prod	encode	default	20	243.3	240.9	251.9	0.045	241.9	249.2
codec-U	U-deep-u-msg	U-deep-u-msg	ascii	core-ffi-pull	decode-read	retain	20	2869.0	2845.7	3368.7	0.182	2861.5	2892.7
codec-U	U-leaf-u-fixed32	U-leaf-u-fixed32	ascii	core-native	encode	retain	20	63.0	61.5	64.4	0.045	62.4	63.4
codec-U	U-leaf-u-packed	U-leaf-u-packed	ascii	core-ffi	decode-read	retain	20	508.8	501.1	516.0	0.029	505.6	510.3
codec-U	U-oneof-u-msg	U-oneof-u-msg	ascii	core-ffi	decode	drop	20	151.8	150.5	153.4	0.020	151.5	152.3
codec-U	U-nested-u-fixed32	U-nested-u-fixed32	ascii	core-native	decode	drop	20	236.1	233.0	238.9	0.025	235.4	237.2
codec-U	U-nested-all	U-nested-all	ascii	core-ffi-pull	decode-read	drop	20	477.1	466.3	488.5	0.046	473.3	479.5
codec-U	U-root-u-len	U-root-u-len	ascii	core-native	encode	drop	20	97.7	95.5	108.4	0.132	96.7	98.6
codec-U	U-leaf-u-len	U-leaf-u-len	ascii	incumbent-prod	decode-read	default	20	318.9	312.2	331.5	0.060	317.2	320.9
codec-U	U-wire-ListResultsResponse-page-as-wt2	U-wire-ListResultsResponse-page-as-wt2	ascii	core-native	decode	retain	20	564.5	553.2	647.7	0.167	559.3	570.3
codec-U	U-deep-u-fixed64	U-deep-u-fixed64	ascii	core-native	decode	drop	20	1353.5	1338.6	1377.9	0.029	1347.6	1359.0
codec-U	U-enum-value-2147483647	U-enum-value-2147483647	ascii	core-ffi	encode	drop	20	39.6	37.9	41.6	0.095	39.1	41.0
codec-U	U-leaf-u-msg	U-leaf-u-msg	ascii	core-native	decode	drop	20	236.2	231.3	239.9	0.037	234.1	237.0
codec-U	U-root-u-repeated	U-root-u-repeated	ascii	armonik	decode-read	default	20	686.9	669.5	704.3	0.051	681.6	690.0
codec-U	U-oneof-u-len	U-oneof-u-len	ascii	core-ffi	decode	drop	20	153.4	151.0	156.5	0.036	152.1	154.3
codec-U	U-wire-ListProbeResponse-probes-as-wt5	U-wire-ListProbeResponse-probes-as-wt5	ascii	core-ffi-pull	decode	retain	20	372.8	367.2	384.9	0.047	370.9	376.7
codec-U	U-wire-ListTaskSummaryResponse-tasks-as-wt5	U-wire-ListTaskSummaryResponse-tasks-as-wt5	ascii	core-native	decode-read	drop	20	1840.1	1810.5	1892.8	0.045	1830.9	1848.4
codec-U	U-wire-DualResponse-left-as-wt1	U-wire-DualResponse-left-as-wt1	ascii	core-ffi	decode	retain	20	311.9	305.9	342.7	0.118	309.7	315.8
codec-U	U-oneof-u-msg	U-oneof-u-msg	ascii	armonik	decode	default	20	129.1	127.5	133.2	0.044	128.5	130.3
codec-U	U-oneof-before	U-oneof-before	ascii	core-ffi	decode-read	drop	20	211.9	209.3	218.9	0.045	211.3	213.7
codec-U	U-oneof-u-len	U-oneof-u-len	ascii	incumbent-prod	encode	default	20	110.5	106.1	120.6	0.131	108.4	112.2
codec-U	U-oneof-group	U-oneof-group	ascii	core-native	encode	retain	20	25.5	24.9	26.3	0.054	25.2	25.7
codec-U	U-root-interleaved	U-root-interleaved	ascii	core-ffi-pull	decode	drop	20	865.9	852.5	887.6	0.041	861.6	871.2
codec-U	U-root-u-fixed32	U-root-u-fixed32	ascii	core-native	decode	drop	20	510.6	503.5	525.3	0.043	508.6	513.4
codec-U	U-root-interleaved	U-root-interleaved	ascii	core-ffi-pull	decode	retain	20	1226.9	1215.3	1236.7	0.017	1223.0	1230.9
codec-U	U-oneof-all	U-oneof-all	ascii	core-ffi-pull	decode-read	drop	20	208.7	204.4	213.3	0.042	207.5	210.3
codec-U	U-nested-u-packed	U-nested-u-packed	ascii	core-ffi	decode-read	retain	20	476.1	467.3	533.9	0.140	473.7	481.7
codec-U	U-oneof-member-before-known	U-oneof-member-before-known	ascii	core-native	encode	drop	20	23.4	22.5	27.6	0.219	23.2	24.2
codec-U	U-wire-ListMetricsResponse-batches-as-wt1	U-wire-ListMetricsResponse-batches-as-wt1	ascii	core-native	encode	drop	20	636.7	622.6	828.5	0.323	633.3	647.1
codec-U	U-deep-u-packed	U-deep-u-packed	ascii	incumbent-prod	decode-read	default	20	1855.4	1815.5	1925.1	0.059	1844.2	1869.0
codec-U	U-nested-interleaved	U-nested-interleaved	ascii	core-native	decode	retain	20	499.2	487.4	510.0	0.045	493.0	500.9
codec-U	U-wire-ListResultsResponse-page-as-wt1	U-wire-ListResultsResponse-page-as-wt1	ascii	core-native	encode	retain	20	128.9	126.9	132.5	0.043	128.4	130.5
codec-U	U-oneof-group	U-oneof-group	ascii	armonik	decode	default	20	167.0	162.9	174.8	0.071	164.9	169.7
codec-U	U-deep-u-varint	U-deep-u-varint	ascii	core-native	decode-read	retain	20	1501.0	1484.7	1543.1	0.039	1496.4	1512.2
codec-U	U-nested-u-fixed32	U-nested-u-fixed32	ascii	core-native	encode	drop	20	45.3	43.6	47.8	0.093	44.8	45.9
codec-U	U-enum-value-127	U-enum-value-127	ascii	incumbent-prod	decode-read	default	20	86.2	84.8	89.1	0.050	85.5	87.2
codec-U	U-leaf-u-packed	U-leaf-u-packed	ascii	core-native	encode	drop	20	46.4	45.2	48.4	0.068	46.1	46.9
codec-U	U-nested-u-repeated	U-nested-u-repeated	ascii	core-ffi-pull	decode-read	retain	20	525.5	514.9	591.5	0.146	522.1	530.7
codec-U	U-root-u-packed	U-root-u-packed	ascii	core-native	decode	retain	20	560.8	549.3	596.8	0.085	556.2	567.0
codec-U	U-wire-ListTaskSummaryResponse-tasks-as-wt1	U-wire-ListTaskSummaryResponse-tasks-as-wt1	ascii	core-native	decode-read	retain	20	1808.0	1787.0	1902.1	0.064	1804.2	1820.5
codec-U	U-wire-ListTaskSummaryResponse-tasks-as-wt1	U-wire-ListTaskSummaryResponse-tasks-as-wt1	ascii	core-ffi	encode	drop	20	517.8	500.8	552.2	0.099	510.8	530.1
codec-U	U-wire-DualResponse-left-as-wt5	U-wire-DualResponse-left-as-wt5	ascii	core-native	encode	retain	20	59.7	56.9	70.1	0.221	57.6	60.9
codec-U	U-oneof-u-len	U-oneof-u-len	ascii	core-ffi	decode-read	retain	20	220.2	217.1	232.0	0.068	219.4	221.9
codec-U	U-wire-ListProbeResponse-probes-as-wt5	U-wire-ListProbeResponse-probes-as-wt5	ascii	core-ffi-pull	decode-read	retain	20	387.3	383.5	406.9	0.060	386.1	390.7
codec-U	U-nested-group	U-nested-group	ascii	incumbent-prod	encode	default	20	247.1	243.6	256.0	0.050	245.1	249.5
codec-U	U-oneof-member-after-known	U-oneof-member-after-known	ascii	core-ffi	decode	retain	20	213.4	208.8	224.2	0.072	211.8	216.3
codec-U	U-wire-ListMetricsResponse-batches-as-wt1	U-wire-ListMetricsResponse-batches-as-wt1	ascii	core-native	encode	retain	20	591.4	583.4	638.4	0.093	590.0	594.7
codec-U	U-wire-UploadResultDataMessage-upload-as-wt5	U-wire-UploadResultDataMessage-upload-as-wt5	ascii	core-ffi	decode-read	retain	20	212.3	208.1	223.3	0.072	210.2	213.6
codec-U	U-oneof-u-msg	U-oneof-u-msg	ascii	core-native	decode-read	drop	20	99.2	96.2	111.7	0.156	98.2	102.3
codec-U	U-nested-interleaved	U-nested-interleaved	ascii	core-native	decode-read	retain	20	516.7	509.4	544.3	0.068	515.4	518.8
codec-U	U-nested-u-fixed32	U-nested-u-fixed32	ascii	core-ffi	decode	retain	20	449.9	442.0	491.1	0.109	448.0	452.7
codec-U	U-wire-ListMetricsResponse-batches-as-wt0	U-wire-ListMetricsResponse-batches-as-wt0	ascii	core-ffi	decode	drop	20	1517.8	1477.2	1568.9	0.060	1511.6	1530.5
codec-U	U-oneof-before	U-oneof-before	ascii	core-ffi-pull	decode-read	drop	20	221.8	218.0	231.5	0.060	219.8	224.3
codec-U	U-oneof-u-repeated	U-oneof-u-repeated	ascii	core-native	encode	drop	20	23.2	22.3	23.9	0.068	23.0	23.4
codec-U	U-wire-ListTasksDetailedResponse-page-as-wt5	U-wire-ListTasksDetailedResponse-page-as-wt5	ascii	core-ffi-pull	decode	retain	20	6082.2	5662.4	6371.3	0.117	5764.7	6210.2
codec-U	U-oneof-member-alone	U-oneof-member-alone	ascii	core-native	decode	drop	20	88.3	87.2	90.4	0.036	87.8	88.8
codec-U	U-element-u-len	U-element-u-len	ascii	core-native	encode	drop	20	244.6	242.5	247.8	0.022	244.0	245.6
codec-U	U-oneof-interleaved	U-oneof-interleaved	ascii	core-native	encode	drop	20	23.1	22.2	23.8	0.072	22.6	23.4
codec-U	U-deep-u-len	U-deep-u-len	ascii	core-ffi	decode-read	retain	20	2819.9	2774.8	3060.0	0.101	2809.5	2856.7
codec-U	U-leaf-u-packed	U-leaf-u-packed	ascii	armonik	decode-read	default	20	322.6	315.5	338.0	0.070	320.0	325.5
codec-U	U-nested-u-packed	U-nested-u-packed	ascii	armonik	encode	default	20	257.6	253.8	266.4	0.049	256.8	258.8
codec-U	U-enum-value-2147483647	U-enum-value-2147483647	ascii	incumbent-prod	decode	default	20	79.6	78.5	83.7	0.065	79.1	80.6
codec-U	U-wire-ListProbeResponse-probes-as-wt0	U-wire-ListProbeResponse-probes-as-wt0	ascii	core-ffi	decode-read	retain	20	393.3	305.3	422.3	0.297	385.8	396.7
codec-U	U-deep-all	U-deep-all	ascii	core-ffi	decode-read	drop	20	2168.7	2142.7	2312.6	0.078	2158.9	2180.6
codec-U	U-nested-interleaved	U-nested-interleaved	ascii	armonik	decode	default	20	303.5	292.8	308.1	0.050	299.7	305.8
codec-U	U-wire-ListResultsResponse-page-as-wt5	U-wire-ListResultsResponse-page-as-wt5	ascii	core-ffi-pull	decode	retain	20	797.1	749.3	915.8	0.209	761.9	824.7
codec-U	U-enum-value-2147483647	U-enum-value-2147483647	ascii	core-native	decode-read	retain	20	77.1	74.8	92.6	0.231	76.5	77.7
codec-U	U-nested-group	U-nested-group	ascii	core-native	decode-read	drop	20	225.7	222.0	247.3	0.112	224.9	227.3
codec-U	U-enum-value-packed	U-enum-value-packed	ascii	incumbent-prod	encode	default	20	92.6	76.4	98.9	0.243	84.1	95.1
codec-U	U-deep-u-msg	U-deep-u-msg	ascii	incumbent-prod	encode	default	20	1191.2	1156.0	1253.7	0.082	1170.2	1219.9
codec-U	U-root-u-repeated	U-root-u-repeated	ascii	core-ffi-pull	decode-read	retain	20	994.4	958.9	1008.7	0.050	990.0	999.1
codec-U	U-enum-value-127	U-enum-value-127	ascii	core-ffi	encode	drop	20	36.0	35.4	38.1	0.076	35.5	36.3
codec-U	U-oneof-interleaved	U-oneof-interleaved	ascii	core-ffi	encode	drop	20	46.8	45.6	48.9	0.071	46.4	47.6
codec-U	U-leaf-u-msg	U-leaf-u-msg	ascii	incumbent-prod	decode	default	20	316.3	297.1	425.7	0.406	308.8	328.1
codec-U	U-wire-UploadResultDataMessage-upload-as-wt0	U-wire-UploadResultDataMessage-upload-as-wt0	ascii	core-ffi-pull	decode	retain	20	216.6	209.3	231.1	0.101	214.6	218.6
codec-U	U-deep-u-fixed64	U-deep-u-fixed64	ascii	core-ffi	decode-read	drop	20	2735.2	2278.6	3511.2	0.451	2407.7	2776.0
codec-U	U-oneof-u-fixed64	U-oneof-u-fixed64	ascii	core-ffi-pull	decode-read	drop	20	169.6	166.4	174.8	0.050	168.2	171.4
codec-U	U-oneof-u-fixed32	U-oneof-u-fixed32	ascii	incumbent-prod	decode-read	default	20	134.4	130.4	138.6	0.061	133.6	135.4
codec-U	U-element-u-msg	U-element-u-msg	ascii	core-ffi	decode-read	drop	20	2704.0	2646.7	2900.1	0.094	2689.5	2735.0
codec-U	U-wire-UploadResultDataMessage-upload-as-wt5	U-wire-UploadResultDataMessage-upload-as-wt5	ascii	core-native	decode	retain	20	113.7	111.0	133.6	0.199	112.9	116.7
codec-U	U-oneof-u-varint	U-oneof-u-varint	ascii	core-ffi-pull	decode	drop	20	159.8	158.5	166.1	0.047	159.4	160.7
codec-U	U-wire-ListTasksDetailedResponse-tasks-as-wt0	U-wire-ListTasksDetailedResponse-tasks-as-wt0	ascii	core-native	decode-read	retain	20	3525.1	3407.9	4165.4	0.215	3482.4	3594.2
codec-U	U-root-u-fixed32	U-root-u-fixed32	ascii	core-ffi	encode	retain	20	203.9	197.9	212.5	0.072	201.2	210.7
codec-U	U-oneof-group	U-oneof-group	ascii	core-native	decode-read	retain	20	140.3	137.7	148.7	0.078	139.9	142.8
codec-U	U-root-u-fixed32	U-root-u-fixed32	ascii	core-ffi	decode-read	drop	20	916.5	898.2	1033.2	0.147	910.3	928.2
codec-U	U-wire-UploadResultDataMessage-upload-as-wt0	U-wire-UploadResultDataMessage-upload-as-wt0	ascii	core-ffi-pull	decode-read	retain	20	221.3	217.3	225.8	0.039	218.7	223.1
codec-U	U-wire-ListTaskSummaryResponse-tasks-as-wt1	U-wire-ListTaskSummaryResponse-tasks-as-wt1	ascii	core-native	encode	retain	20	259.4	253.7	277.8	0.093	257.7	262.7
codec-U	U-deep-u-fixed64	U-deep-u-fixed64	ascii	core-ffi	encode	retain	20	570.0	560.8	593.4	0.057	564.3	574.2
codec-U	U-root-u-msg	U-root-u-msg	ascii	core-ffi-pull	decode	retain	20	955.6	929.5	995.4	0.069	937.5	965.5
codec-U	U-root-u-msg	U-root-u-msg	ascii	core-native	decode-read	drop	20	547.4	530.9	559.8	0.053	540.2	552.2
codec-U	U-wire-ListResultsResponse-results-as-wt5	U-wire-ListResultsResponse-results-as-wt5	ascii	core-ffi-pull	decode	retain	20	908.1	889.5	924.2	0.038	902.1	912.4
codec-U	U-wire-ListMetricsResponse-batches-as-wt5	U-wire-ListMetricsResponse-batches-as-wt5	ascii	core-native	decode-read	retain	20	1892.2	1796.0	2335.9	0.285	1839.0	1974.8
codec-U	U-element-u-msg	U-element-u-msg	ascii	incumbent-prod	encode	default	20	1238.2	1216.9	1264.4	0.038	1228.6	1246.2
codec-U	U-wire-ListResultsResponse-page-as-wt5	U-wire-ListResultsResponse-page-as-wt5	ascii	core-ffi-pull	decode-read	drop	20	867.6	853.2	895.8	0.049	860.5	872.1
codec-U	U-leaf-u-fixed64	U-leaf-u-fixed64	ascii	incumbent-prod	decode-read	default	20	317.6	312.4	363.6	0.161	315.6	320.5
codec-U	U-wire-ListResultsResponse-page-as-wt5	U-wire-ListResultsResponse-page-as-wt5	ascii	core-native	encode	retain	20	129.7	127.5	135.4	0.060	128.8	130.4
codec-U	U-wire-DualResponse-left-as-wt1	U-wire-DualResponse-left-as-wt1	ascii	core-ffi	encode	drop	20	84.0	81.6	86.9	0.063	83.6	84.7
codec-U	U-leaf-u-repeated	U-leaf-u-repeated	ascii	core-native	decode	retain	20	315.3	311.9	320.4	0.027	314.6	318.1
codec-U	U-root-u-varint	U-root-u-varint	ascii	core-ffi-pull	decode	retain	20	931.0	916.6	1046.3	0.139	926.3	934.7
codec-U	U-root-u-varint	U-root-u-varint	ascii	incumbent-prod	decode	default	20	618.7	609.2	634.0	0.040	615.4	625.6
codec-U	U-wire-ListResultsResponse-results-as-wt5	U-wire-ListResultsResponse-results-as-wt5	ascii	core-native	decode-read	drop	20	551.1	542.2	579.3	0.067	548.3	554.3
codec-U	U-nested-u-msg	U-nested-u-msg	ascii	core-ffi	encode	retain	20	105.3	103.0	109.6	0.062	103.9	106.1
codec-U	U-nested-all	U-nested-all	ascii	armonik	encode	default	20	257.4	251.9	265.8	0.054	256.4	258.8
codec-U	U-enum-value-packed	U-enum-value-packed	ascii	core-native	decode	retain	20	78.5	76.9	80.6	0.048	78.0	78.9
codec-U	U-oneof-u-fixed32	U-oneof-u-fixed32	ascii	incumbent-prod	encode	default	20	111.0	107.6	118.0	0.094	109.7	112.0
codec-U	U-leaf-all	U-leaf-all	ascii	armonik	encode	default	20	255.8	250.2	271.8	0.084	255.0	259.4
codec-U	U-wire-ListTaskSummaryResponse-tasks-as-wt1	U-wire-ListTaskSummaryResponse-tasks-as-wt1	ascii	core-native	decode	drop	20	1727.1	1694.9	1770.7	0.044	1717.1	1740.5
codec-U	U-wire-ListTaskSummaryResponse-tasks-as-wt1	U-wire-ListTaskSummaryResponse-tasks-as-wt1	ascii	core-ffi	decode-read	retain	20	2618.9	2574.9	2656.2	0.031	2608.8	2630.8
codec-U	U-element-all	U-element-all	ascii	core-ffi	encode	retain	20	573.8	568.6	582.2	0.024	572.0	576.5
codec-U	U-wire-ListTaskSummaryResponse-tasks-as-wt5	U-wire-ListTaskSummaryResponse-tasks-as-wt5	ascii	core-ffi-pull	decode-read	retain	20	2626.7	2489.9	2706.1	0.082	2559.5	2654.9
codec-U	U-oneof-u-msg	U-oneof-u-msg	ascii	core-ffi-pull	decode	drop	20	159.7	155.2	162.4	0.045	157.4	161.2
codec-U	U-wire-DualResponse-left-as-wt5	U-wire-DualResponse-left-as-wt5	ascii	core-ffi-pull	decode	drop	20	224.9	222.3	228.8	0.029	223.7	226.1
codec-U	U-oneof-u-len	U-oneof-u-len	ascii	incumbent-prod	decode-read	default	20	110.3	108.9	112.2	0.030	109.6	110.8
codec-U	U-wire-ListResultsResponse-results-as-wt5	U-wire-ListResultsResponse-results-as-wt5	ascii	core-native	decode	retain	20	439.2	417.7	449.1	0.071	434.2	441.8
codec-U	U-root-u-repeated	U-root-u-repeated	ascii	core-native	decode-read	retain	20	505.7	500.3	512.0	0.023	503.7	506.9
codec-U	U-nested-before	U-nested-before	ascii	core-ffi	decode-read	drop	20	361.4	354.6	368.7	0.039	359.8	363.2
codec-U	U-wire-ListResultsResponse-page-as-wt2	U-wire-ListResultsResponse-page-as-wt2	ascii	core-ffi-pull	decode-read	retain	20	746.2	737.1	755.6	0.025	743.9	750.1
codec-U	U-element-u-msg	U-element-u-msg	ascii	core-ffi	decode-read	retain	20	2349.9	2321.3	2471.8	0.064	2339.6	2359.1
codec-U	U-oneof-u-repeated	U-oneof-u-repeated	ascii	core-ffi-pull	decode	drop	20	167.8	163.2	185.7	0.134	166.5	171.8
codec-U	U-nested-u-repeated	U-nested-u-repeated	ascii	core-ffi	decode	retain	20	492.5	481.1	526.7	0.093	487.6	499.3
codec-U	U-nested-u-msg	U-nested-u-msg	ascii	core-ffi-pull	decode-read	retain	20	495.2	481.6	764.6	0.571	488.9	513.3
codec-U	U-nested-group	U-nested-group	ascii	core-ffi-pull	decode	retain	20	505.6	491.4	587.4	0.190	501.1	513.9
codec-U	U-element-u-len	U-element-u-len	ascii	core-ffi	encode	drop	20	543.4	479.9	586.8	0.197	537.1	549.8
codec-U	U-root-u-packed	U-root-u-packed	ascii	core-native	decode-read	retain	20	622.3	615.2	644.4	0.047	620.0	625.0
codec-U	U-oneof-before	U-oneof-before	ascii	core-ffi	decode	drop	20	205.3	200.7	244.5	0.214	203.8	208.7
codec-U	U-oneof-interleaved	U-oneof-interleaved	ascii	core-native	decode	drop	20	124.8	120.6	144.1	0.189	122.0	128.7
codec-U	U-wire-ListTasksDetailedResponse-tasks-as-wt5	U-wire-ListTasksDetailedResponse-tasks-as-wt5	ascii	core-ffi-pull	decode-read	retain	20	5888.5	5800.0	6545.4	0.127	5856.1	5936.5
codec-U	U-wire-ListResultsResponse-page-as-wt1	U-wire-ListResultsResponse-page-as-wt1	ascii	core-ffi	decode-read	drop	20	867.8	859.3	925.2	0.076	864.8	874.7
codec-U	U-wire-ListTaskSummaryResponse-tasks-as-wt5	U-wire-ListTaskSummaryResponse-tasks-as-wt5	ascii	core-native	encode	drop	20	226.8	222.5	232.6	0.045	225.2	229.7
codec-U	U-root-max-tag	U-root-max-tag	ascii	incumbent-prod	decode-read	default	20	646.1	615.5	768.2	0.236	632.3	658.9
codec-U	U-root-group	U-root-group	ascii	core-ffi-pull	decode	drop	20	848.1	836.8	899.1	0.073	840.5	877.9
codec-U	U-root-u-varint	U-root-u-varint	ascii	incumbent-prod	decode-read	default	20	615.6	596.0	647.5	0.084	612.0	629.8
codec-U	U-oneof-u-len	U-oneof-u-len	ascii	core-native	decode	retain	20	109.4	104.5	115.3	0.098	107.8	110.4
codec-U	U-oneof-u-msg	U-oneof-u-msg	ascii	core-native	decode-read	retain	20	110.0	107.1	116.2	0.082	108.1	111.8
codec-U	U-root-u-len	U-root-u-len	ascii	armonik	encode	default	20	507.5	486.3	554.3	0.134	497.9	536.0
codec-U	U-nested-all	U-nested-all	ascii	core-native	decode-read	retain	20	421.1	408.3	535.3	0.302	415.7	426.4
codec-U	U-deep-u-fixed64	U-deep-u-fixed64	ascii	core-ffi	decode	drop	20	2170.2	2112.6	2308.2	0.090	2152.2	2275.1
codec-U	U-nested-u-repeated	U-nested-u-repeated	ascii	incumbent-prod	encode	default	20	201.3	196.0	232.9	0.183	199.9	205.1
codec-U	U-oneof-u-msg	U-oneof-u-msg	ascii	core-ffi	decode-read	retain	20	179.8	169.6	189.4	0.110	171.2	181.2
codec-U	U-nested-interleaved	U-nested-interleaved	ascii	core-ffi	encode	drop	20	77.4	76.3	78.4	0.027	76.8	77.8
codec-U	U-root-max-tag	U-root-max-tag	ascii	core-ffi-pull	decode-read	drop	20	885.0	846.3	1055.7	0.237	874.7	899.1
codec-U	U-leaf-u-fixed64	U-leaf-u-fixed64	ascii	core-ffi	decode	drop	20	418.4	406.6	482.4	0.181	414.9	422.2
codec-U	U-enum-value-999	U-enum-value-999	ascii	armonik	decode-read	default	20	118.9	116.6	136.7	0.169	117.9	120.1
codec-U	U-leaf-u-len	U-leaf-u-len	ascii	core-ffi	decode	retain	20	562.5	553.0	593.9	0.073	557.3	570.4
codec-U	U-root-group	U-root-group	ascii	armonik	encode	default	20	595.3	579.3	615.3	0.060	588.8	602.3
codec-U	U-wire-ListTasksDetailedResponse-page-as-wt2	U-wire-ListTasksDetailedResponse-page-as-wt2	ascii	core-ffi-pull	decode	retain	20	5627.4	5553.3	5948.9	0.070	5602.6	5647.8
codec-U	U-element-u-len	U-element-u-len	ascii	core-ffi-pull	decode-read	retain	20	2947.1	2901.2	3054.4	0.052	2927.8	2961.9
codec-U	U-wire-ListTasksDetailedResponse-page-as-wt1	U-wire-ListTasksDetailedResponse-page-as-wt1	ascii	core-ffi	encode	drop	20	1150.9	1140.2	1216.8	0.067	1146.3	1175.0
codec-U	U-root-all	U-root-all	ascii	core-ffi	decode-read	drop	20	932.1	918.2	1072.5	0.166	924.8	937.4
codec-U	U-root-u-repeated	U-root-u-repeated	ascii	core-ffi-pull	decode	retain	20	956.6	932.6	1039.1	0.111	946.2	968.0
codec-U	U-element-u-msg	U-element-u-msg	ascii	core-native	decode	drop	20	1417.3	1382.9	1457.1	0.052	1402.7	1437.1
codec-U	U-oneof-u-fixed64	U-oneof-u-fixed64	ascii	armonik	decode-read	default	20	132.2	127.7	137.5	0.074	131.3	133.2
codec-U	U-nested-u-msg	U-nested-u-msg	ascii	incumbent-prod	encode	default	20	239.0	233.4	250.2	0.070	235.9	243.1
codec-U	U-oneof-u-varint	U-oneof-u-varint	ascii	core-native	decode-read	drop	20	96.2	94.1	104.1	0.104	94.6	98.4
codec-U	U-wire-UploadResultDataMessage-upload-as-wt0	U-wire-UploadResultDataMessage-upload-as-wt0	ascii	core-native	encode	drop	20	16.3	15.8	17.2	0.086	16.1	16.5
codec-U	U-oneof-interleaved	U-oneof-interleaved	ascii	core-ffi-pull	decode-read	retain	20	491.8	480.9	761.9	0.571	487.4	494.8
codec-U	U-leaf-u-msg	U-leaf-u-msg	ascii	core-native	encode	drop	20	46.1	45.0	47.7	0.059	45.7	46.8
codec-U	U-wire-ListMetricsResponse-batches-as-wt0	U-wire-ListMetricsResponse-batches-as-wt0	ascii	core-native	decode	retain	20	1588.5	1473.2	1759.6	0.180	1557.1	1625.3
codec-U	U-wire-ListTasksDetailedResponse-tasks-as-wt1	U-wire-ListTasksDetailedResponse-tasks-as-wt1	ascii	core-ffi	decode-read	drop	20	5477.6	5405.4	5701.4	0.054	5432.7	5553.0
codec-U	U-deep-u-varint	U-deep-u-varint	ascii	core-ffi-pull	decode-read	drop	20	2648.9	2485.3	2761.7	0.104	2567.8	2696.9
codec-U	U-deep-u-fixed64	U-deep-u-fixed64	ascii	core-ffi	encode	drop	20	543.9	537.2	572.8	0.065	540.7	551.6
codec-U	U-leaf-u-fixed32	U-leaf-u-fixed32	ascii	armonik	encode	default	20	261.2	253.1	297.7	0.171	259.3	268.0
codec-U	U-leaf-u-packed	U-leaf-u-packed	ascii	core-ffi	encode	retain	20	106.2	102.9	111.4	0.081	105.4	106.4
codec-U	U-enum-value-2147483647	U-enum-value-2147483647	ascii	core-ffi-pull	decode-read	retain	20	165.7	163.4	171.2	0.047	164.7	166.5
codec-U	U-nested-u-varint	U-nested-u-varint	ascii	core-native	decode-read	retain	20	275.9	268.6	288.2	0.071	273.2	277.8
codec-U	U-nested-u-fixed64	U-nested-u-fixed64	ascii	armonik	decode-read	default	20	309.4	302.9	319.9	0.055	306.7	311.5
codec-U	U-enum-value-127	U-enum-value-127	ascii	core-native	encode	drop	20	14.4	13.5	14.9	0.094	14.1	14.5
codec-U	U-oneof-u-msg	U-oneof-u-msg	ascii	armonik	encode	default	20	105.7	104.7	109.6	0.046	105.3	106.8
codec-U	U-root-u-varint	U-root-u-varint	ascii	core-native	decode	drop	20	515.8	500.3	548.2	0.093	508.9	529.3
codec-U	U-nested-u-repeated	U-nested-u-repeated	ascii	core-ffi	decode	drop	20	393.6	385.8	413.4	0.070	390.2	406.1
codec-U	U-oneof-u-fixed64	U-oneof-u-fixed64	ascii	armonik	decode	default	20	124.6	121.8	141.1	0.155	122.8	127.2
codec-U	U-wire-ListProbeResponse-probes-as-wt5	U-wire-ListProbeResponse-probes-as-wt5	ascii	core-ffi-pull	decode	drop	20	317.8	308.5	321.7	0.042	315.5	318.9
codec-U	U-nested-u-varint	U-nested-u-varint	ascii	incumbent-prod	decode	default	20	300.6	294.8	309.7	0.049	298.7	303.8
codec-U	U-wire-UploadResultDataMessage-upload-as-wt1	U-wire-UploadResultDataMessage-upload-as-wt1	ascii	core-ffi	decode	retain	20	204.5	202.0	209.4	0.036	203.4	206.6
codec-U	U-leaf-u-repeated	U-leaf-u-repeated	ascii	core-ffi-pull	decode-read	retain	20	557.0	546.8	591.4	0.080	553.4	565.3
codec-U	U-wire-ListTasksDetailedResponse-tasks-as-wt5	U-wire-ListTasksDetailedResponse-tasks-as-wt5	ascii	core-native	decode-read	retain	20	3415.6	3385.6	3455.2	0.020	3403.7	3424.4
codec-U	U-wire-ListTasksDetailedResponse-page-as-wt5	U-wire-ListTasksDetailedResponse-page-as-wt5	ascii	core-native	decode-read	drop	20	3471.1	3426.0	3581.3	0.045	3464.1	3478.1
codec-U	U-deep-u-fixed32	U-deep-u-fixed32	ascii	armonik	encode	default	20	1250.2	1228.2	1286.7	0.047	1241.0	1253.1
codec-U	U-wire-ListTasksDetailedResponse-tasks-as-wt1	U-wire-ListTasksDetailedResponse-tasks-as-wt1	ascii	core-native	decode	drop	20	3256.0	3220.6	3293.9	0.022	3250.5	3269.3
codec-U	U-deep-all	U-deep-all	ascii	core-native	encode	drop	20	246.9	243.2	249.6	0.026	245.5	247.2
codec-U	U-oneof-u-varint	U-oneof-u-varint	ascii	armonik	decode	default	20	135.1	132.6	137.0	0.032	134.7	135.7
codec-U	U-deep-u-msg	U-deep-u-msg	ascii	core-ffi	decode	retain	20	2789.7	2739.4	2944.4	0.074	2755.9	2827.1
codec-U	U-nested-u-fixed64	U-nested-u-fixed64	ascii	core-native	decode-read	drop	20	350.5	346.5	356.0	0.027	348.8	351.0
codec-U	U-element-u-len	U-element-u-len	ascii	core-native	decode-read	retain	20	1503.9	1462.7	1620.3	0.105	1496.3	1521.7
codec-U	U-nested-all	U-nested-all	ascii	core-native	decode-read	drop	20	314.5	311.3	323.3	0.038	312.5	315.5
codec-U	U-root-u-fixed64	U-root-u-fixed64	ascii	core-ffi	encode	retain	20	203.8	198.1	206.2	0.040	200.8	204.9
codec-U	U-element-all	U-element-all	ascii	core-ffi-pull	decode	drop	20	2705.7	2665.9	2765.3	0.037	2685.7	2717.9
codec-U	U-wire-ListTaskSummaryResponse-tasks-as-wt0	U-wire-ListTaskSummaryResponse-tasks-as-wt0	ascii	core-native	decode	retain	20	1715.0	1680.2	2013.1	0.194	1697.6	1742.1
codec-U	U-nested-u-repeated	U-nested-u-repeated	ascii	core-ffi-pull	decode	retain	20	591.3	568.4	649.7	0.137	581.9	615.5
codec-U	U-deep-all	U-deep-all	ascii	core-ffi-pull	decode	retain	20	3005.3	2967.0	3097.7	0.043	2991.5	3024.9
codec-U	U-deep-u-len	U-deep-u-len	ascii	core-ffi	encode	drop	20	528.9	505.9	552.6	0.088	520.5	537.2
codec-U	U-nested-u-len	U-nested-u-len	ascii	core-native	decode-read	retain	20	264.7	261.0	302.3	0.156	262.3	266.5
codec-U	U-leaf-u-msg	U-leaf-u-msg	ascii	core-ffi-pull	decode-read	drop	20	408.3	401.9	414.8	0.031	404.8	410.3
codec-U	U-wire-ListTaskSummaryResponse-tasks-as-wt0	U-wire-ListTaskSummaryResponse-tasks-as-wt0	ascii	core-ffi	decode	drop	20	2277.9	2248.7	2347.2	0.043	2265.1	2312.1
codec-U	U-leaf-u-varint	U-leaf-u-varint	ascii	core-native	decode	drop	20	243.4	233.0	258.5	0.105	241.2	247.0
codec-U	U-element-u-repeated	U-element-u-repeated	ascii	core-ffi-pull	decode	retain	20	2886.4	2813.5	3038.8	0.078	2862.6	2915.1
codec-U	U-oneof-u-fixed64	U-oneof-u-fixed64	ascii	armonik	encode	default	20	110.8	107.2	115.1	0.071	109.6	112.4
codec-U	U-oneof-before	U-oneof-before	ascii	core-native	decode-read	drop	20	129.5	125.0	134.0	0.069	127.5	130.8
codec-U	U-oneof-before	U-oneof-before	ascii	incumbent-prod	decode-read	default	20	214.3	207.2	227.3	0.094	211.5	216.4
codec-U	U-root-interleaved	U-root-interleaved	ascii	core-ffi	decode-read	drop	20	913.2	899.6	1025.2	0.138	910.0	917.2
codec-U	U-element-u-fixed64	U-element-u-fixed64	ascii	armonik	decode-read	default	20	1819.9	1780.4	1901.6	0.067	1812.0	1832.6
codec-U	U-wire-ListTasksDetailedResponse-tasks-as-wt1	U-wire-ListTasksDetailedResponse-tasks-as-wt1	ascii	core-native	encode	retain	20	650.3	640.7	748.5	0.166	644.9	656.4
codec-U	U-leaf-u-varint	U-leaf-u-varint	ascii	core-ffi-pull	decode	retain	20	577.5	570.3	595.3	0.043	575.6	584.3
codec-U	U-root-before	U-root-before	ascii	core-native	decode	retain	20	780.5	770.2	822.9	0.068	775.7	790.0
codec-U	U-wire-UploadResultDataMessage-upload-as-wt0	U-wire-UploadResultDataMessage-upload-as-wt0	ascii	core-ffi-pull	decode-read	drop	20	163.0	161.2	168.8	0.047	162.4	164.4
codec-U	U-wire-ListResultsResponse-results-as-wt1	U-wire-ListResultsResponse-results-as-wt1	ascii	core-ffi-pull	decode-read	drop	20	879.7	863.6	895.3	0.036	877.1	883.1
codec-U	U-deep-u-len	U-deep-u-len	ascii	armonik	decode-read	default	20	1814.0	1796.8	1900.0	0.057	1807.0	1827.1
codec-U	U-root-all	U-root-all	ascii	armonik	decode-read	default	20	745.7	731.0	797.7	0.090	737.6	757.8
codec-U	U-wire-ListResultsResponse-page-as-wt5	U-wire-ListResultsResponse-page-as-wt5	ascii	core-native	decode-read	drop	20	548.1	535.1	600.1	0.118	542.1	564.1
codec-U	U-oneof-before	U-oneof-before	ascii	core-ffi	decode-read	retain	20	451.8	439.0	514.5	0.167	444.6	461.6
codec-U	U-oneof-member-after-known	U-oneof-member-after-known	ascii	core-ffi	encode	retain	20	53.6	52.7	55.9	0.059	53.2	54.0
codec-U	U-root-u-fixed32	U-root-u-fixed32	ascii	incumbent-prod	encode	default	20	582.1	547.6	699.4	0.261	564.7	597.1
codec-U	U-root-max-tag	U-root-max-tag	ascii	core-ffi	decode	retain	20	907.0	881.0	1036.6	0.172	891.3	929.8
codec-U	U-wire-ListResultsResponse-results-as-wt0	U-wire-ListResultsResponse-results-as-wt0	ascii	core-native	decode-read	retain	20	606.1	594.7	626.6	0.053	602.8	607.7
codec-U	U-element-all	U-element-all	ascii	core-ffi-pull	decode-read	drop	20	2778.0	2712.6	3130.8	0.151	2754.5	2801.2
codec-U	U-root-before	U-root-before	ascii	incumbent-prod	encode	default	20	574.9	553.2	615.5	0.108	566.5	580.5
codec-U	U-leaf-u-len	U-leaf-u-len	ascii	core-ffi	encode	drop	20	103.8	100.8	108.7	0.075	103.1	105.8
codec-U	U-wire-UploadResultDataMessage-upload-as-wt5	U-wire-UploadResultDataMessage-upload-as-wt5	ascii	core-ffi-pull	decode-read	drop	20	134.0	126.9	169.7	0.319	128.5	163.5
codec-U	U-wire-ListMetricsResponse-batches-as-wt5	U-wire-ListMetricsResponse-batches-as-wt5	ascii	core-ffi	decode	retain	20	1268.1	1216.7	1560.2	0.271	1240.3	1323.8
codec-U	U-oneof-u-packed	U-oneof-u-packed	ascii	core-ffi-pull	decode-read	drop	20	132.4	128.7	137.6	0.067	131.3	134.7
codec-U	U-oneof-u-msg	U-oneof-u-msg	ascii	core-ffi-pull	decode-read	retain	20	174.9	172.8	182.3	0.054	173.8	176.9
codec-U	U-oneof-u-fixed32	U-oneof-u-fixed32	ascii	core-native	encode	retain	20	20.0	19.5	21.5	0.099	19.8	20.3
codec-U	U-nested-all	U-nested-all	ascii	core-ffi	encode	retain	20	83.2	82.1	98.5	0.197	82.7	83.9
codec-U	U-nested-u-repeated	U-nested-u-repeated	ascii	core-native	decode-read	drop	20	204.4	200.7	209.4	0.043	203.1	205.7
codec-U	U-enum-value-999	U-enum-value-999	ascii	core-ffi	decode	retain	20	103.6	102.1	131.1	0.281	102.6	105.3
codec-U	U-wire-ListMetricsResponse-batches-as-wt5	U-wire-ListMetricsResponse-batches-as-wt5	ascii	core-native	encode	drop	20	637.1	626.5	650.2	0.037	632.6	643.1
codec-U	U-nested-u-fixed64	U-nested-u-fixed64	ascii	incumbent-prod	decode	default	20	282.3	273.2	369.9	0.343	278.1	292.2
codec-U	U-element-u-fixed32	U-element-u-fixed32	ascii	core-ffi-pull	decode	retain	20	2948.5	2775.2	3393.8	0.210	2889.7	3020.2
codec-U	U-wire-ListTasksDetailedResponse-tasks-as-wt1	U-wire-ListTasksDetailedResponse-tasks-as-wt1	ascii	core-ffi-pull	decode	retain	20	5711.7	5598.4	6209.3	0.107	5631.5	5851.5
codec-U	U-wire-ListTasksDetailedResponse-tasks-as-wt5	U-wire-ListTasksDetailedResponse-tasks-as-wt5	ascii	core-ffi-pull	decode-read	drop	20	5737.3	5625.1	6207.6	0.102	5663.0	5841.9
codec-U	U-leaf-u-packed	U-leaf-u-packed	ascii	core-ffi-pull	decode	drop	20	497.4	481.9	563.2	0.164	490.6	505.1
codec-U	U-wire-DualResponse-left-as-wt5	U-wire-DualResponse-left-as-wt5	ascii	core-ffi	decode-read	drop	20	272.4	262.3	310.3	0.176	267.8	280.0
codec-U	U-wire-ListMetricsResponse-batches-as-wt0	U-wire-ListMetricsResponse-batches-as-wt0	ascii	core-ffi-pull	decode	drop	20	1558.2	1436.6	2130.0	0.445	1535.1	1604.9
codec-U	U-nested-all	U-nested-all	ascii	core-native	decode	drop	20	290.0	279.8	308.4	0.099	284.3	295.0
codec-U	U-element-u-len	U-element-u-len	ascii	core-ffi	encode	retain	20	586.9	566.7	620.0	0.091	575.8	598.6
codec-U	U-enum-value-127	U-enum-value-127	ascii	core-native	decode	retain	20	93.0	91.5	99.7	0.088	92.0	94.8
codec-U	U-enum-value-packed	U-enum-value-packed	ascii	core-native	decode	drop	20	77.5	75.8	81.1	0.067	77.1	78.4
codec-U	U-deep-u-msg	U-deep-u-msg	ascii	core-ffi-pull	decode	drop	20	2618.1	2573.6	3052.9	0.183	2602.2	2661.3
codec-U	U-nested-u-msg	U-nested-u-msg	ascii	core-ffi-pull	decode	retain	20	480.5	474.1	521.5	0.098	477.1	490.9
codec-U	U-wire-UploadResultDataMessage-upload-as-wt5	U-wire-UploadResultDataMessage-upload-as-wt5	ascii	core-ffi-pull	decode	drop	20	161.9	159.5	167.0	0.046	160.7	163.2
codec-U	U-wire-ListTaskSummaryResponse-tasks-as-wt1	U-wire-ListTaskSummaryResponse-tasks-as-wt1	ascii	core-ffi-pull	decode-read	retain	20	2626.3	2575.6	2981.2	0.154	2611.0	2689.3
codec-U	U-deep-u-repeated	U-deep-u-repeated	ascii	core-native	decode	retain	20	1431.2	1406.0	1567.4	0.113	1416.3	1454.2
codec-U	U-oneof-all	U-oneof-all	ascii	incumbent-prod	decode-read	default	20	223.5	215.7	246.9	0.140	221.3	229.1
codec-U	U-element-all	U-element-all	ascii	core-ffi	encode	drop	20	545.4	535.4	569.5	0.062	543.4	552.3
codec-U	U-element-u-fixed32	U-element-u-fixed32	ascii	core-ffi	decode-read	drop	20	2763.0	2704.6	3315.2	0.221	2746.4	2825.5
codec-U	U-element-u-fixed64	U-element-u-fixed64	ascii	core-native	decode-read	retain	20	1554.8	1490.8	1673.7	0.118	1519.7	1597.7
codec-U	U-wire-ListTasksDetailedResponse-page-as-wt5	U-wire-ListTasksDetailedResponse-page-as-wt5	ascii	core-ffi	decode	retain	20	5816.8	5671.4	6133.2	0.079	5769.1	5887.0
codec-U	U-root-u-len	U-root-u-len	ascii	core-ffi-pull	decode-read	retain	20	979.9	957.3	1001.5	0.045	971.9	992.6
codec-U	U-wire-ListTasksDetailedResponse-page-as-wt5	U-wire-ListTasksDetailedResponse-page-as-wt5	ascii	core-ffi	decode-read	retain	20	6015.8	5804.8	8030.3	0.370	5889.9	6092.1
codec-U	U-oneof-before	U-oneof-before	ascii	incumbent-prod	decode	default	20	212.3	206.5	226.8	0.096	210.2	215.8
codec-U	U-nested-u-repeated	U-nested-u-repeated	ascii	core-ffi	decode-read	drop	20	430.8	418.7	444.9	0.061	425.3	434.5
codec-U	U-wire-ListResultsResponse-results-as-wt1	U-wire-ListResultsResponse-results-as-wt1	ascii	core-ffi	decode-read	drop	20	865.2	712.5	1033.3	0.371	739.5	894.8
codec-U	U-oneof-group	U-oneof-group	ascii	incumbent-prod	decode-read	default	20	141.9	138.3	149.4	0.079	140.2	143.4
codec-U	U-wire-ListResultsResponse-page-as-wt2	U-wire-ListResultsResponse-page-as-wt2	ascii	core-native	decode-read	drop	20	465.1	457.8	483.9	0.056	460.6	469.6
codec-U	U-oneof-member-before-known	U-oneof-member-before-known	ascii	armonik	encode	default	20	90.2	87.7	103.3	0.173	89.3	92.2
codec-U	U-root-u-fixed64	U-root-u-fixed64	ascii	core-native	encode	retain	20	101.2	99.5	105.6	0.061	100.8	102.4
codec-U	U-deep-u-varint	U-deep-u-varint	ascii	core-native	decode-read	drop	20	1163.3	1146.8	1215.3	0.059	1154.0	1184.0
codec-U	U-nested-group	U-nested-group	ascii	core-ffi-pull	decode-read	retain	20	456.9	452.2	471.4	0.042	454.4	462.5
codec-U	U-root-u-packed	U-root-u-packed	ascii	incumbent-prod	encode	default	20	444.8	434.4	454.4	0.045	441.1	448.2
codec-U	U-nested-u-len	U-nested-u-len	ascii	core-ffi	decode	retain	20	363.4	360.3	380.8	0.057	361.8	368.8
codec-U	U-wire-ListTasksDetailedResponse-page-as-wt5	U-wire-ListTasksDetailedResponse-page-as-wt5	ascii	core-ffi-pull	decode-read	retain	20	4734.3	4577.9	4939.2	0.076	4697.9	4873.4
codec-U	U-wire-ListResultsResponse-results-as-wt0	U-wire-ListResultsResponse-results-as-wt0	ascii	core-ffi	decode	retain	20	927.1	879.4	975.5	0.104	910.4	947.2
codec-U	U-wire-UploadResultDataMessage-upload-as-wt0	U-wire-UploadResultDataMessage-upload-as-wt0	ascii	core-ffi-pull	decode	drop	20	162.9	161.2	169.1	0.049	162.4	165.3
codec-U	U-element-all	U-element-all	ascii	core-ffi	decode-read	drop	20	2927.7	2845.2	3522.5	0.231	2881.0	2989.2
codec-U	U-wire-DualResponse-left-as-wt5	U-wire-DualResponse-left-as-wt5	ascii	core-native	decode-read	retain	20	209.9	204.8	243.1	0.182	206.9	215.9
codec-U	U-oneof-member-after-known	U-oneof-member-after-known	ascii	armonik	encode	default	20	111.5	108.7	117.6	0.080	110.1	113.5
codec-U	U-wire-ListTaskSummaryResponse-tasks-as-wt1	U-wire-ListTaskSummaryResponse-tasks-as-wt1	ascii	core-ffi	decode-read	drop	20	2527.7	2482.8	2736.6	0.100	2519.1	2560.4
codec-U	U-enum-value-127	U-enum-value-127	ascii	armonik	decode	default	20	108.1	106.0	112.8	0.063	106.9	109.1
codec-U	U-nested-u-fixed32	U-nested-u-fixed32	ascii	core-ffi-pull	decode-read	retain	20	496.5	486.5	587.3	0.203	492.1	508.1
codec-U	U-enum-value-packed	U-enum-value-packed	ascii	core-ffi	encode	drop	20	76.9	75.7	78.8	0.040	76.4	77.7
codec-U	U-deep-u-fixed64	U-deep-u-fixed64	ascii	incumbent-prod	decode-read	default	20	1849.3	1826.4	1946.6	0.065	1839.9	1870.8
codec-U	U-wire-ListTasksDetailedResponse-tasks-as-wt5	U-wire-ListTasksDetailedResponse-tasks-as-wt5	ascii	core-ffi	decode	drop	20	5567.3	5495.8	5749.7	0.046	5527.3	5600.3
codec-U	U-nested-u-fixed64	U-nested-u-fixed64	ascii	core-ffi-pull	decode	retain	20	562.9	552.6	592.4	0.071	559.1	566.5
codec-U	U-wire-ListProbeResponse-probes-as-wt0	U-wire-ListProbeResponse-probes-as-wt0	ascii	core-native	decode	retain	20	219.9	216.0	231.5	0.071	219.1	223.2
codec-U	U-deep-u-repeated	U-deep-u-repeated	ascii	core-native	decode	drop	20	1396.1	1356.3	1483.9	0.091	1379.8	1433.1
codec-U	U-element-u-fixed32	U-element-u-fixed32	ascii	incumbent-prod	decode	default	20	1782.2	1738.7	1827.3	0.050	1770.0	1795.8
codec-U	U-nested-group	U-nested-group	ascii	core-ffi	encode	retain	20	109.7	105.2	125.0	0.180	107.8	110.9
codec-U	U-leaf-u-fixed64	U-leaf-u-fixed64	ascii	core-native	decode-read	retain	20	384.7	374.1	425.7	0.134	378.1	399.8
codec-U	U-nested-u-msg	U-nested-u-msg	ascii	core-ffi-pull	decode	drop	20	438.8	419.5	494.6	0.171	430.5	466.8
codec-U	U-element-u-repeated	U-element-u-repeated	ascii	core-ffi	encode	drop	20	560.9	540.3	616.7	0.136	550.8	583.9
codec-U	U-element-u-len	U-element-u-len	ascii	incumbent-prod	decode-read	default	20	1890.7	1845.6	2724.6	0.465	1865.6	1963.5
codec-U	U-wire-ListResultsResponse-results-as-wt0	U-wire-ListResultsResponse-results-as-wt0	ascii	core-ffi-pull	decode-read	retain	20	953.6	940.8	1002.9	0.065	949.7	960.1
codec-U	U-oneof-u-fixed32	U-oneof-u-fixed32	ascii	core-native	encode	drop	20	23.2	21.7	25.2	0.150	22.7	23.9
codec-U	U-nested-u-len	U-nested-u-len	ascii	core-ffi-pull	decode	drop	20	419.5	410.4	436.4	0.062	417.8	422.8
codec-U	U-nested-u-varint	U-nested-u-varint	ascii	core-ffi	encode	retain	20	106.4	103.4	118.9	0.146	105.0	108.5
codec-U	U-wire-ListMetricsResponse-batches-as-wt5	U-wire-ListMetricsResponse-batches-as-wt5	ascii	core-ffi-pull	decode	retain	20	1511.2	1420.6	1770.0	0.231	1479.1	1538.0
codec-U	U-root-u-varint	U-root-u-varint	ascii	core-native	encode	retain	20	128.5	126.9	132.4	0.043	128.0	129.1
codec-U	U-wire-ListResultsResponse-page-as-wt5	U-wire-ListResultsResponse-page-as-wt5	ascii	core-ffi-pull	decode	drop	20	859.7	847.3	881.3	0.040	857.1	866.0
codec-U	U-wire-ListResultsResponse-page-as-wt1	U-wire-ListResultsResponse-page-as-wt1	ascii	core-ffi	encode	retain	20	203.0	198.6	219.8	0.104	201.5	207.3
codec-U	U-element-u-packed	U-element-u-packed	ascii	armonik	decode	default	20	1743.5	1689.6	1896.9	0.119	1721.7	1776.6
codec-U	U-wire-ListMetricsResponse-batches-as-wt0	U-wire-ListMetricsResponse-batches-as-wt0	ascii	core-ffi	encode	drop	20	785.7	772.4	811.6	0.050	778.8	795.3
codec-U	U-nested-u-msg	U-nested-u-msg	ascii	incumbent-prod	decode	default	20	298.4	290.3	317.6	0.092	294.3	304.9
codec-U	U-element-u-len	U-element-u-len	ascii	core-ffi	decode-read	retain	20	3018.2	2917.2	4205.1	0.427	2976.0	3174.2
codec-U	U-oneof-u-fixed32	U-oneof-u-fixed32	ascii	core-native	decode	retain	20	116.3	114.7	160.5	0.394	115.3	117.4
codec-U	U-leaf-u-packed	U-leaf-u-packed	ascii	core-ffi	decode-read	drop	20	406.5	403.2	484.7	0.201	405.0	409.7
codec-U	U-oneof-u-len	U-oneof-u-len	ascii	core-ffi-pull	decode-read	drop	20	168.9	166.6	173.4	0.040	167.5	170.4
codec-U	U-deep-u-repeated	U-deep-u-repeated	ascii	armonik	decode	default	20	1729.1	1699.0	1835.8	0.079	1717.4	1746.8
codec-U	U-wire-ListTasksDetailedResponse-page-as-wt1	U-wire-ListTasksDetailedResponse-page-as-wt1	ascii	core-native	decode-read	retain	20	3610.1	2937.9	3979.6	0.289	3257.2	3704.2
codec-U	U-root-u-msg	U-root-u-msg	ascii	armonik	decode-read	default	20	685.5	661.9	740.6	0.115	679.8	697.8
codec-U	U-nested-all	U-nested-all	ascii	core-native	encode	drop	20	56.6	55.8	58.1	0.041	56.3	57.5
codec-U	U-nested-u-msg	U-nested-u-msg	ascii	core-ffi	decode-read	drop	20	417.5	404.5	433.8	0.070	410.5	421.4
codec-U	U-nested-u-repeated	U-nested-u-repeated	ascii	armonik	decode-read	default	20	335.2	323.3	349.7	0.079	327.3	340.8
codec-U	U-oneof-u-repeated	U-oneof-u-repeated	ascii	core-ffi	decode	drop	20	159.5	155.7	171.5	0.100	157.9	163.6
codec-U	U-nested-interleaved	U-nested-interleaved	ascii	core-native	decode-read	drop	20	286.7	271.8	295.8	0.084	281.5	292.4
codec-U	U-root-u-msg	U-root-u-msg	ascii	core-ffi	encode	retain	20	195.0	189.6	209.7	0.103	192.0	201.4
codec-U	U-wire-DualResponse-left-as-wt5	U-wire-DualResponse-left-as-wt5	ascii	core-native	decode-read	drop	20	197.5	188.7	213.2	0.124	194.4	199.6
codec-U	U-leaf-u-fixed32	U-leaf-u-fixed32	ascii	core-native	encode	drop	20	45.9	43.8	48.4	0.099	44.7	46.3
codec-U	U-wire-ListTasksDetailedResponse-tasks-as-wt1	U-wire-ListTasksDetailedResponse-tasks-as-wt1	ascii	core-ffi	decode	drop	20	5839.0	5614.4	6405.4	0.135	5703.2	5915.0
codec-U	U-wire-ListMetricsResponse-batches-as-wt1	U-wire-ListMetricsResponse-batches-as-wt1	ascii	core-native	decode	drop	20	1523.8	1456.3	2023.3	0.372	1499.9	1552.3
codec-U	U-wire-UploadResultDataMessage-upload-as-wt5	U-wire-UploadResultDataMessage-upload-as-wt5	ascii	core-ffi	decode	drop	20	157.4	153.8	163.4	0.061	155.4	159.9
codec-U	U-root-u-packed	U-root-u-packed	ascii	core-native	encode	retain	20	128.4	125.8	141.2	0.120	127.3	129.9
codec-U	U-oneof-u-fixed32	U-oneof-u-fixed32	ascii	core-native	decode	drop	20	94.8	91.3	99.9	0.091	93.0	96.9
codec-U	U-wire-ListMetricsResponse-batches-as-wt0	U-wire-ListMetricsResponse-batches-as-wt0	ascii	core-native	encode	drop	20	653.3	620.2	704.6	0.129	628.2	665.3
codec-U	U-root-interleaved	U-root-interleaved	ascii	core-ffi	decode	retain	20	1253.5	1174.0	1389.5	0.172	1209.3	1329.7
codec-U	U-root-before	U-root-before	ascii	core-ffi	encode	drop	20	193.2	189.0	208.9	0.103	192.1	195.0
codec-U	U-nested-group	U-nested-group	ascii	core-ffi-pull	decode-read	drop	20	454.9	448.5	472.4	0.052	450.6	457.9
codec-U	U-oneof-u-repeated	U-oneof-u-repeated	ascii	incumbent-prod	decode	default	20	141.2	138.7	157.1	0.131	140.2	143.0
codec-U	U-oneof-u-msg	U-oneof-u-msg	ascii	incumbent-prod	decode	default	20	129.9	127.8	131.6	0.029	129.5	130.8
codec-U	U-nested-interleaved	U-nested-interleaved	ascii	core-ffi	decode-read	retain	20	766.3	753.7	805.6	0.068	761.7	769.2
codec-U	U-oneof-member-before-known	U-oneof-member-before-known	ascii	core-ffi-pull	decode	drop	20	160.3	158.3	164.0	0.035	159.5	160.8
codec-U	U-deep-u-msg	U-deep-u-msg	ascii	core-ffi	decode-read	drop	20	2700.2	2676.4	2833.7	0.058	2693.7	2723.1
codec-U	U-deep-all	U-deep-all	ascii	armonik	encode	default	20	1253.9	1235.5	1421.6	0.148	1246.9	1262.9
codec-U	U-root-u-msg	U-root-u-msg	ascii	incumbent-prod	decode-read	default	20	633.7	620.0	691.5	0.113	629.4	640.9
codec-U	U-deep-all	U-deep-all	ascii	core-native	decode	retain	20	1572.2	1553.6	1620.7	0.043	1566.8	1577.8
codec-U	U-oneof-group	U-oneof-group	ascii	armonik	encode	default	20	109.0	107.2	113.5	0.058	108.4	110.4
codec-U	U-deep-u-repeated	U-deep-u-repeated	ascii	core-ffi-pull	decode-read	drop	20	2677.0	2613.1	2727.3	0.043	2667.5	2692.3
codec-U	U-oneof-interleaved	U-oneof-interleaved	ascii	armonik	decode-read	default	20	211.7	205.9	221.1	0.072	210.2	214.6
codec-U	U-root-max-tag	U-root-max-tag	ascii	core-ffi	decode-read	drop	20	869.1	860.4	887.5	0.031	867.3	874.1
codec-U	U-oneof-before	U-oneof-before	ascii	core-native	decode	retain	20	265.7	260.0	275.3	0.058	264.2	267.4
codec-U	U-nested-u-fixed64	U-nested-u-fixed64	ascii	incumbent-prod	encode	default	20	244.6	241.5	252.0	0.043	243.8	247.4
codec-U	U-oneof-member-alone	U-oneof-member-alone	ascii	core-ffi	decode-read	retain	20	212.0	208.9	225.4	0.078	211.3	213.2
codec-U	U-wire-UploadResultDataMessage-upload-as-wt1	U-wire-UploadResultDataMessage-upload-as-wt1	ascii	core-native	decode	drop	20	93.3	92.0	99.0	0.076	92.7	94.2
codec-U	U-leaf-all	U-leaf-all	ascii	core-ffi-pull	decode	retain	20	1126.9	1109.7	1174.0	0.057	1114.5	1133.8
codec-U	U-root-u-fixed32	U-root-u-fixed32	ascii	core-native	decode-read	retain	20	609.7	571.4	650.9	0.130	585.2	622.5
codec-U	U-wire-DualResponse-left-as-wt1	U-wire-DualResponse-left-as-wt1	ascii	core-ffi	decode-read	retain	20	329.6	323.5	346.7	0.071	325.1	334.0
codec-U	U-element-all	U-element-all	ascii	core-native	decode-read	drop	20	1556.5	1533.1	1819.8	0.184	1549.4	1569.2
codec-U	U-leaf-u-len	U-leaf-u-len	ascii	core-ffi	decode-read	retain	20	503.5	492.8	556.0	0.126	500.3	508.4
codec-U	U-root-before	U-root-before	ascii	core-ffi	decode-read	drop	20	926.1	916.1	989.7	0.079	920.7	935.8
codec-U	U-deep-u-varint	U-deep-u-varint	ascii	core-native	encode	retain	20	293.9	288.4	301.0	0.043	292.0	296.2
codec-U	U-nested-group	U-nested-group	ascii	core-native	decode	retain	20	284.8	278.5	290.3	0.042	283.5	286.3
codec-U	U-enum-value-999	U-enum-value-999	ascii	core-ffi-pull	decode	retain	20	156.4	144.5	171.1	0.170	155.2	158.1
codec-U	U-wire-ListTasksDetailedResponse-page-as-wt2	U-wire-ListTasksDetailedResponse-page-as-wt2	ascii	core-ffi	encode	retain	20	1131.5	1095.7	1163.9	0.060	1124.6	1138.9
codec-U	U-oneof-member-before-known	U-oneof-member-before-known	ascii	incumbent-prod	decode-read	default	20	126.4	122.5	147.1	0.195	123.7	130.0
codec-U	U-root-group	U-root-group	ascii	core-ffi	encode	drop	20	191.8	189.5	195.1	0.030	191.2	192.5
codec-U	U-wire-ListTasksDetailedResponse-page-as-wt1	U-wire-ListTasksDetailedResponse-page-as-wt1	ascii	core-ffi	decode-read	drop	20	5817.9	5733.9	6019.2	0.049	5791.0	5852.8
codec-U	U-enum-value-packed	U-enum-value-packed	ascii	core-ffi	decode-read	retain	20	237.4	234.4	244.2	0.042	235.8	239.5
codec-U	U-oneof-u-packed	U-oneof-u-packed	ascii	core-ffi-pull	decode	retain	20	216.0	212.9	222.4	0.044	215.2	219.1
codec-U	U-nested-u-len	U-nested-u-len	ascii	armonik	decode-read	default	20	322.1	315.7	336.0	0.063	320.0	326.3
codec-U	U-wire-ListTasksDetailedResponse-tasks-as-wt0	U-wire-ListTasksDetailedResponse-tasks-as-wt0	ascii	core-native	decode	retain	20	3332.2	3263.3	3514.0	0.075	3292.9	3358.0
codec-U	U-oneof-u-msg	U-oneof-u-msg	ascii	core-native	decode	drop	20	92.6	91.2	100.4	0.099	91.9	93.8
codec-U	U-element-u-fixed64	U-element-u-fixed64	ascii	core-ffi	decode	retain	20	2859.9	2814.9	2903.0	0.031	2848.1	2872.2
codec-U	U-root-interleaved	U-root-interleaved	ascii	armonik	decode	default	20	741.2	727.9	765.3	0.051	736.3	745.3
codec-U	U-enum-value-2147483647	U-enum-value-2147483647	ascii	core-ffi-pull	decode	retain	20	152.8	151.2	160.2	0.059	152.3	154.0
codec-U	U-leaf-u-msg	U-leaf-u-msg	ascii	core-native	decode	retain	20	290.5	285.7	393.6	0.371	288.5	291.3
codec-U	U-oneof-interleaved	U-oneof-interleaved	ascii	armonik	encode	default	20	109.9	106.6	115.6	0.082	109.0	111.6
codec-U	U-enum-value-999	U-enum-value-999	ascii	incumbent-prod	decode-read	default	20	87.5	85.9	90.7	0.054	86.8	88.3
codec-U	U-leaf-u-fixed32	U-leaf-u-fixed32	ascii	core-ffi	decode-read	retain	20	562.5	544.2	616.6	0.129	561.4	564.3
codec-U	U-leaf-u-len	U-leaf-u-len	ascii	core-native	decode-read	retain	20	307.8	303.3	334.4	0.101	306.3	310.1
codec-U	U-wire-ListTaskSummaryResponse-tasks-as-wt1	U-wire-ListTaskSummaryResponse-tasks-as-wt1	ascii	core-ffi-pull	decode-read	drop	20	2573.0	2437.1	2814.4	0.147	2508.1	2652.3
codec-U	U-enum-value-2147483647	U-enum-value-2147483647	ascii	armonik	decode	default	20	105.3	103.4	111.0	0.072	104.5	105.7
codec-U	U-oneof-member-after-known	U-oneof-member-after-known	ascii	core-ffi-pull	decode-read	drop	20	171.1	167.3	179.6	0.072	170.3	174.6
codec-U	U-leaf-u-varint	U-leaf-u-varint	ascii	core-native	decode-read	retain	20	284.4	278.4	307.9	0.104	282.9	288.2
codec-U	U-root-u-varint	U-root-u-varint	ascii	core-native	decode	retain	20	508.7	488.9	519.4	0.060	501.1	512.7
codec-U	U-wire-ListResultsResponse-results-as-wt5	U-wire-ListResultsResponse-results-as-wt5	ascii	core-ffi-pull	decode	drop	20	772.1	735.3	819.9	0.110	767.7	781.6
codec-U	U-nested-u-fixed32	U-nested-u-fixed32	ascii	incumbent-prod	encode	default	20	221.0	214.2	236.2	0.100	218.4	224.4
codec-U	U-element-u-fixed64	U-element-u-fixed64	ascii	core-ffi-pull	decode	retain	20	2520.3	2479.7	2595.4	0.046	2508.8	2536.9
codec-U	U-nested-u-msg	U-nested-u-msg	ascii	core-native	encode	drop	20	41.4	37.7	47.0	0.222	40.4	44.7
codec-U	U-root-u-len	U-root-u-len	ascii	core-ffi	decode-read	drop	20	855.0	825.3	918.0	0.108	850.1	859.9
codec-U	U-oneof-u-varint	U-oneof-u-varint	ascii	core-ffi-pull	decode-read	retain	20	224.9	186.1	238.9	0.235	214.1	227.7
codec-U	U-wire-ListTaskSummaryResponse-tasks-as-wt5	U-wire-ListTaskSummaryResponse-tasks-as-wt5	ascii	core-ffi	encode	retain	20	424.9	395.7	444.1	0.114	413.4	426.9
codec-U	U-oneof-interleaved	U-oneof-interleaved	ascii	core-ffi	decode-read	retain	20	341.3	333.6	353.5	0.058	336.9	346.6
codec-U	U-root-group	U-root-group	ascii	core-ffi	decode	drop	20	682.0	664.6	734.2	0.102	677.6	691.9
codec-U	U-leaf-u-varint	U-leaf-u-varint	ascii	incumbent-prod	decode-read	default	20	262.9	256.9	305.7	0.186	259.2	269.9
codec-U	U-oneof-u-msg	U-oneof-u-msg	ascii	core-ffi	encode	retain	20	53.4	52.8	55.3	0.047	53.1	53.7
codec-U	U-oneof-member-after-known	U-oneof-member-after-known	ascii	core-ffi-pull	decode	retain	20	220.5	213.3	265.6	0.237	216.2	221.6
codec-U	U-root-all	U-root-all	ascii	core-native	decode	retain	20	817.9	791.9	848.9	0.070	812.3	828.3
codec-U	U-nested-u-packed	U-nested-u-packed	ascii	core-ffi-pull	decode-read	retain	20	500.0	485.6	518.5	0.066	496.2	502.5
codec-U	U-deep-u-varint	U-deep-u-varint	ascii	core-ffi	decode	retain	20	2832.2	2792.2	2977.9	0.066	2818.9	2843.1
codec-U	U-wire-ListTasksDetailedResponse-tasks-as-wt0	U-wire-ListTasksDetailedResponse-tasks-as-wt0	ascii	core-ffi	encode	drop	20	1137.5	1124.0	1166.0	0.037	1132.6	1146.3
codec-U	U-element-u-repeated	U-element-u-repeated	ascii	incumbent-prod	encode	default	20	1228.8	1212.9	1247.0	0.028	1218.5	1235.4
codec-U	U-root-interleaved	U-root-interleaved	ascii	core-native	encode	retain	20	128.4	126.9	131.5	0.036	127.6	130.5
codec-U	U-wire-ListTaskSummaryResponse-tasks-as-wt5	U-wire-ListTaskSummaryResponse-tasks-as-wt5	ascii	core-ffi	decode-read	retain	20	2610.0	2568.7	2696.2	0.049	2599.1	2626.0
codec-U	U-element-u-fixed32	U-element-u-fixed32	ascii	core-native	encode	drop	20	251.3	245.4	311.2	0.262	249.6	255.7
codec-U	U-wire-ListProbeResponse-probes-as-wt0	U-wire-ListProbeResponse-probes-as-wt0	ascii	core-native	encode	retain	20	46.6	45.4	50.0	0.099	46.2	47.2
codec-U	U-root-max-tag	U-root-max-tag	ascii	core-ffi-pull	decode	drop	20	829.1	812.7	885.7	0.088	824.7	844.3
codec-U	U-leaf-u-fixed64	U-leaf-u-fixed64	ascii	core-ffi-pull	decode-read	drop	20	442.3	434.7	475.9	0.093	440.0	446.4
codec-U	U-oneof-interleaved	U-oneof-interleaved	ascii	incumbent-prod	decode-read	default	20	215.4	207.4	222.6	0.071	212.7	218.6
codec-U	U-oneof-u-fixed64	U-oneof-u-fixed64	ascii	incumbent-prod	decode	default	20	133.2	127.4	138.6	0.084	132.3	134.4
codec-U	U-wire-ListProbeResponse-probes-as-wt0	U-wire-ListProbeResponse-probes-as-wt0	ascii	core-ffi	decode-read	drop	20	339.3	333.7	358.2	0.072	336.8	341.6
codec-U	U-wire-ListTasksDetailedResponse-page-as-wt2	U-wire-ListTasksDetailedResponse-page-as-wt2	ascii	core-ffi	decode	retain	20	5730.4	5638.6	5933.7	0.051	5689.5	5788.4
codec-U	U-wire-ListTasksDetailedResponse-page-as-wt5	U-wire-ListTasksDetailedResponse-page-as-wt5	ascii	core-ffi	encode	drop	20	1192.9	1148.9	1795.8	0.542	1163.6	1236.9
codec-U	U-wire-DualResponse-left-as-wt0	U-wire-DualResponse-left-as-wt0	ascii	core-native	encode	drop	20	46.1	44.8	51.6	0.148	45.6	46.9
codec-U	U-root-u-len	U-root-u-len	ascii	core-native	decode-read	retain	20	589.7	578.6	601.8	0.039	586.9	594.6
codec-U	U-root-u-fixed64	U-root-u-fixed64	ascii	core-native	decode-read	drop	20	547.3	540.6	574.5	0.062	545.0	549.0
codec-U	U-oneof-u-varint	U-oneof-u-varint	ascii	armonik	decode-read	default	20	142.2	137.7	144.8	0.049	141.0	143.0
codec-U	U-oneof-u-msg	U-oneof-u-msg	ascii	core-native	encode	retain	20	26.3	25.0	28.4	0.129	25.8	26.6
codec-U	U-element-u-repeated	U-element-u-repeated	ascii	core-native	decode-read	retain	20	1568.9	1535.7	1701.0	0.105	1547.1	1587.0
codec-U	U-oneof-member-before-known	U-oneof-member-before-known	ascii	core-ffi-pull	decode	retain	20	220.8	212.5	234.1	0.098	215.5	223.2
codec-U	U-leaf-u-packed	U-leaf-u-packed	ascii	armonik	encode	default	20	258.0	252.8	289.9	0.144	256.3	261.5
codec-U	U-leaf-u-fixed64	U-leaf-u-fixed64	ascii	armonik	decode-read	default	20	342.3	315.5	398.7	0.243	328.5	370.9
codec-U	U-oneof-member-after-known	U-oneof-member-after-known	ascii	armonik	decode-read	default	20	127.4	124.0	132.6	0.067	126.5	130.3
codec-U	U-enum-value-999	U-enum-value-999	ascii	armonik	decode	default	20	95.5	94.0	98.1	0.043	95.0	96.1
codec-U	U-element-u-packed	U-element-u-packed	ascii	incumbent-prod	decode	default	20	1528.8	1421.7	2006.2	0.382	1449.0	1575.9
codec-U	U-root-u-fixed64	U-root-u-fixed64	ascii	core-native	decode	drop	20	510.4	450.3	536.5	0.169	507.0	514.8
codec-U	U-wire-ListMetricsResponse-batches-as-wt0	U-wire-ListMetricsResponse-batches-as-wt0	ascii	core-native	decode	drop	20	1482.8	1442.1	1548.9	0.072	1463.2	1508.0
codec-U	U-root-u-msg	U-root-u-msg	ascii	core-native	encode	drop	20	97.5	95.6	100.0	0.045	96.6	97.8
codec-U	U-oneof-u-varint	U-oneof-u-varint	ascii	core-native	encode	drop	20	22.6	21.2	23.8	0.118	22.2	23.1
codec-U	U-wire-ListTasksDetailedResponse-page-as-wt2	U-wire-ListTasksDetailedResponse-page-as-wt2	ascii	core-ffi	encode	drop	20	1146.4	1128.0	1166.9	0.034	1143.7	1155.8
codec-U	U-nested-u-repeated	U-nested-u-repeated	ascii	core-ffi-pull	decode	drop	20	432.2	422.4	497.9	0.175	430.3	434.3
codec-U	U-nested-u-varint	U-nested-u-varint	ascii	armonik	decode	default	20	315.1	307.5	322.6	0.048	311.0	315.7
codec-U	U-element-u-fixed32	U-element-u-fixed32	ascii	core-native	decode-read	retain	20	1499.1	1477.0	1526.4	0.033	1493.5	1506.4
codec-U	U-leaf-u-msg	U-leaf-u-msg	ascii	core-ffi-pull	decode-read	retain	20	517.8	508.6	532.4	0.046	513.1	522.3
codec-U	U-wire-DualResponse-left-as-wt5	U-wire-DualResponse-left-as-wt5	ascii	core-native	decode	drop	20	180.8	178.4	184.3	0.033	180.0	182.6
codec-U	U-oneof-member-alone	U-oneof-member-alone	ascii	incumbent-prod	decode	default	20	118.7	115.2	121.6	0.054	116.6	120.3
codec-U	U-nested-group	U-nested-group	ascii	armonik	decode-read	default	20	352.2	343.4	363.1	0.056	347.7	356.8
codec-U	U-wire-ListResultsResponse-results-as-wt0	U-wire-ListResultsResponse-results-as-wt0	ascii	core-native	decode-read	drop	20	564.9	555.2	583.9	0.051	561.6	572.3
codec-U	U-element-all	U-element-all	ascii	core-native	decode	retain	20	1604.2	1573.7	2955.3	0.861	1592.1	1636.6
codec-U	U-leaf-u-len	U-leaf-u-len	ascii	core-ffi-pull	decode-read	drop	20	446.9	431.2	635.1	0.456	437.2	519.7
codec-U	U-wire-ListProbeResponse-probes-as-wt0	U-wire-ListProbeResponse-probes-as-wt0	ascii	core-native	decode	drop	20	199.3	194.3	205.7	0.057	198.2	201.0
codec-U	U-root-u-len	U-root-u-len	ascii	incumbent-prod	encode	default	20	577.0	557.3	909.1	0.610	570.4	583.8
codec-U	U-oneof-u-packed	U-oneof-u-packed	ascii	core-ffi-pull	decode-read	retain	20	222.5	217.9	232.2	0.064	221.9	227.8
codec-U	U-nested-u-packed	U-nested-u-packed	ascii	core-native	decode	retain	20	262.9	258.4	268.6	0.039	260.3	265.5
codec-U	U-root-before	U-root-before	ascii	core-native	encode	retain	20	128.5	127.1	134.5	0.057	127.8	130.5
codec-U	U-element-u-repeated	U-element-u-repeated	ascii	core-ffi	encode	retain	20	566.4	554.9	573.7	0.033	564.5	567.5
codec-U	U-deep-u-varint	U-deep-u-varint	ascii	core-ffi	decode-read	drop	20	2797.2	2758.0	3007.8	0.089	2787.3	2807.9
codec-U	U-oneof-u-msg	U-oneof-u-msg	ascii	core-ffi	encode	drop	20	48.3	47.3	49.0	0.035	48.1	48.6
codec-U	U-oneof-u-fixed32	U-oneof-u-fixed32	ascii	armonik	encode	default	20	108.7	106.1	115.3	0.085	107.8	111.6
codec-U	U-wire-ListResultsResponse-page-as-wt1	U-wire-ListResultsResponse-page-as-wt1	ascii	core-native	decode-read	drop	20	550.9	542.7	577.0	0.062	548.5	555.2
codec-U	U-leaf-u-repeated	U-leaf-u-repeated	ascii	core-native	decode-read	drop	20	272.4	269.9	276.3	0.024	271.4	274.8
codec-U	U-oneof-interleaved	U-oneof-interleaved	ascii	incumbent-prod	decode	default	20	205.2	198.5	216.9	0.090	203.7	209.4
codec-U	U-leaf-u-fixed64	U-leaf-u-fixed64	ascii	core-ffi-pull	decode-read	retain	20	516.1	510.9	529.4	0.036	514.8	520.2
codec-U	U-oneof-u-fixed32	U-oneof-u-fixed32	ascii	core-ffi-pull	decode	drop	20	158.5	154.1	163.3	0.058	155.4	162.1
codec-U	U-wire-ListProbeResponse-probes-as-wt1	U-wire-ListProbeResponse-probes-as-wt1	ascii	core-ffi-pull	decode	retain	20	358.4	348.3	376.3	0.078	354.3	362.7
codec-U	U-enum-value-127	U-enum-value-127	ascii	core-ffi	decode	retain	20	123.1	121.8	124.5	0.022	122.7	123.6
codec-U	U-root-u-len	U-root-u-len	ascii	core-ffi	encode	retain	20	201.1	195.7	211.2	0.077	199.9	204.0
codec-U	U-leaf-u-repeated	U-leaf-u-repeated	ascii	incumbent-prod	encode	default	20	246.2	240.2	274.4	0.139	242.9	248.3
codec-U	U-leaf-u-varint	U-leaf-u-varint	ascii	armonik	decode	default	20	324.9	320.0	334.6	0.045	323.3	327.0
codec-U	U-nested-before	U-nested-before	ascii	core-ffi-pull	decode	drop	20	468.6	461.1	477.4	0.035	464.5	471.1
codec-U	U-oneof-u-packed	U-oneof-u-packed	ascii	armonik	decode-read	default	20	135.9	133.5	148.2	0.108	134.2	137.6
codec-U	U-leaf-all	U-leaf-all	ascii	core-native	decode-read	retain	20	819.4	810.4	858.5	0.059	814.0	822.6
codec-U	U-element-u-fixed32	U-element-u-fixed32	ascii	armonik	encode	default	20	1252.4	1233.6	1328.9	0.076	1247.8	1262.9
codec-U	U-element-u-repeated	U-element-u-repeated	ascii	core-native	decode	drop	20	1415.3	1377.3	1473.4	0.068	1403.5	1433.6
codec-U	U-wire-ListTaskSummaryResponse-tasks-as-wt0	U-wire-ListTaskSummaryResponse-tasks-as-wt0	ascii	core-ffi	encode	drop	20	515.7	499.9	545.0	0.087	510.1	523.6
codec-U	U-wire-ListProbeResponse-probes-as-wt1	U-wire-ListProbeResponse-probes-as-wt1	ascii	core-native	encode	drop	20	44.0	42.3	46.0	0.085	43.7	44.8
codec-U	U-root-all	U-root-all	ascii	armonik	encode	default	20	597.9	585.0	627.4	0.071	593.5	602.7
codec-U	U-wire-ListMetricsResponse-batches-as-wt1	U-wire-ListMetricsResponse-batches-as-wt1	ascii	core-ffi	decode-read	drop	20	1755.0	1728.9	1831.9	0.059	1738.0	1778.6
codec-U	U-oneof-u-packed	U-oneof-u-packed	ascii	core-ffi	encode	drop	20	48.2	47.0	49.9	0.061	48.0	48.5
codec-U	U-element-u-fixed32	U-element-u-fixed32	ascii	incumbent-prod	decode-read	default	20	1850.4	1492.1	2018.5	0.284	1823.4	1891.9
codec-U	U-oneof-member-before-known	U-oneof-member-before-known	ascii	core-ffi	decode	retain	20	212.9	210.4	220.8	0.049	212.0	215.3
codec-U	U-element-u-packed	U-element-u-packed	ascii	armonik	decode-read	default	20	1858.1	1814.8	2001.3	0.100	1842.9	1905.9
codec-U	U-root-u-packed	U-root-u-packed	ascii	core-ffi	encode	drop	20	193.4	189.7	198.7	0.047	192.3	195.2
codec-U	U-nested-u-msg	U-nested-u-msg	ascii	core-native	decode	retain	20	271.5	266.9	282.9	0.059	270.6	276.9
codec-U	U-leaf-u-varint	U-leaf-u-varint	ascii	core-ffi	decode-read	drop	20	426.4	420.8	450.9	0.071	422.8	435.6
codec-U	U-oneof-u-len	U-oneof-u-len	ascii	core-ffi	decode-read	drop	20	163.1	158.9	170.6	0.072	162.0	164.3
codec-U	U-oneof-u-fixed32	U-oneof-u-fixed32	ascii	core-ffi	encode	retain	20	52.3	50.0	56.2	0.118	51.6	53.6
codec-U	U-wire-ListTasksDetailedResponse-page-as-wt1	U-wire-ListTasksDetailedResponse-page-as-wt1	ascii	core-ffi	decode-read	retain	20	5730.8	5511.8	6107.4	0.104	5648.9	5798.4
codec-U	U-wire-UploadResultDataMessage-upload-as-wt5	U-wire-UploadResultDataMessage-upload-as-wt5	ascii	core-ffi	decode	retain	20	200.4	191.0	213.3	0.111	198.0	203.7
codec-U	U-element-u-repeated	U-element-u-repeated	ascii	core-ffi	decode-read	retain	20	2887.6	2822.5	3103.8	0.097	2848.4	2911.7
codec-U	U-oneof-member-before-known	U-oneof-member-before-known	ascii	core-ffi	encode	drop	20	47.2	45.3	51.2	0.124	46.9	47.4
codec-U	U-nested-group	U-nested-group	ascii	core-ffi	decode	retain	20	466.5	455.0	488.2	0.071	460.6	471.7
codec-U	U-oneof-u-packed	U-oneof-u-packed	ascii	core-native	decode	retain	20	113.0	109.5	119.1	0.085	112.3	113.8
codec-U	U-nested-u-len	U-nested-u-len	ascii	core-native	decode	retain	20	262.7	255.5	298.1	0.162	257.2	267.1
codec-U	U-wire-ListTasksDetailedResponse-tasks-as-wt0	U-wire-ListTasksDetailedResponse-tasks-as-wt0	ascii	core-ffi	decode	drop	20	5630.5	5506.7	5870.7	0.065	5595.3	5661.7
codec-U	U-oneof-all	U-oneof-all	ascii	core-ffi	encode	drop	20	48.5	47.3	62.4	0.310	48.1	49.3
codec-U	U-deep-u-fixed32	U-deep-u-fixed32	ascii	core-ffi-pull	decode-read	retain	20	2933.5	2870.9	3291.8	0.144	2897.4	2965.0
codec-U	U-wire-ListResultsResponse-results-as-wt1	U-wire-ListResultsResponse-results-as-wt1	ascii	core-ffi-pull	decode-read	retain	20	938.6	929.7	958.7	0.031	936.4	946.0
codec-U	U-leaf-u-packed	U-leaf-u-packed	ascii	core-ffi	decode	drop	20	408.9	400.8	426.8	0.064	404.5	414.7
codec-U	U-oneof-u-fixed64	U-oneof-u-fixed64	ascii	core-ffi	encode	retain	20	53.3	51.6	55.6	0.075	53.0	53.7
codec-U	U-wire-ListResultsResponse-results-as-wt1	U-wire-ListResultsResponse-results-as-wt1	ascii	core-ffi	decode	retain	20	858.2	837.2	907.7	0.082	850.0	885.5
codec-U	U-wire-ListTasksDetailedResponse-page-as-wt5	U-wire-ListTasksDetailedResponse-page-as-wt5	ascii	core-native	encode	drop	20	557.0	543.6	579.3	0.064	549.0	563.0
codec-U	U-root-u-fixed32	U-root-u-fixed32	ascii	armonik	decode-read	default	20	647.6	637.3	689.8	0.081	641.4	660.7
codec-U	U-leaf-u-len	U-leaf-u-len	ascii	core-native	decode	drop	20	248.5	243.4	255.8	0.050	245.1	252.2
codec-U	U-oneof-member-alone	U-oneof-member-alone	ascii	core-ffi-pull	decode	drop	20	155.9	152.6	162.3	0.063	154.4	156.6
codec-U	U-wire-UploadResultDataMessage-upload-as-wt1	U-wire-UploadResultDataMessage-upload-as-wt1	ascii	core-ffi	encode	drop	20	35.9	34.4	36.6	0.063	35.5	36.0
codec-U	U-root-u-fixed64	U-root-u-fixed64	ascii	incumbent-prod	decode-read	default	20	640.8	631.0	711.7	0.126	635.7	644.7
codec-U	U-nested-u-fixed32	U-nested-u-fixed32	ascii	armonik	encode	default	20	259.8	255.8	277.6	0.084	258.1	264.2
codec-U	U-leaf-u-repeated	U-leaf-u-repeated	ascii	core-ffi	encode	retain	20	107.0	104.1	109.4	0.049	105.9	107.7
codec-U	U-oneof-before	U-oneof-before	ascii	armonik	decode-read	default	20	221.8	206.4	289.2	0.373	216.6	253.5
codec-U	U-nested-u-packed	U-nested-u-packed	ascii	armonik	decode-read	default	20	318.8	313.9	339.0	0.079	316.2	322.4
codec-U	U-wire-DualResponse-left-as-wt1	U-wire-DualResponse-left-as-wt1	ascii	core-ffi-pull	decode-read	drop	20	289.9	284.7	322.0	0.129	289.2	305.1
codec-U	U-leaf-u-msg	U-leaf-u-msg	ascii	core-ffi	decode	retain	20	489.8	481.7	515.3	0.069	488.0	492.0
codec-U	U-nested-u-len	U-nested-u-len	ascii	incumbent-prod	decode	default	20	290.5	286.6	296.2	0.033	289.5	293.3
codec-U	U-oneof-all	U-oneof-all	ascii	core-native	encode	drop	20	22.3	21.5	24.0	0.115	22.0	22.5
codec-U	U-wire-ListMetricsResponse-batches-as-wt5	U-wire-ListMetricsResponse-batches-as-wt5	ascii	core-native	encode	retain	20	586.8	563.9	611.7	0.082	578.9	591.8
codec-U	U-root-group	U-root-group	ascii	incumbent-prod	decode	default	20	646.8	623.5	678.3	0.085	639.5	656.2
codec-U	U-oneof-u-packed	U-oneof-u-packed	ascii	incumbent-prod	encode	default	20	112.5	107.9	118.7	0.096	110.2	113.7
codec-U	U-root-u-packed	U-root-u-packed	ascii	core-ffi	decode	retain	20	903.0	891.2	923.8	0.036	896.4	907.5
codec-U	U-wire-ListTasksDetailedResponse-tasks-as-wt0	U-wire-ListTasksDetailedResponse-tasks-as-wt0	ascii	core-ffi	encode	retain	20	1209.8	1187.3	1282.3	0.078	1202.5	1228.6
codec-U	U-root-max-tag	U-root-max-tag	ascii	core-ffi	decode	drop	20	839.7	827.7	972.8	0.173	834.9	848.4
codec-U	U-wire-ListProbeResponse-probes-as-wt1	U-wire-ListProbeResponse-probes-as-wt1	ascii	core-ffi	encode	drop	20	92.4	90.5	99.2	0.094	92.0	93.4
codec-U	U-wire-ListResultsResponse-results-as-wt1	U-wire-ListResultsResponse-results-as-wt1	ascii	core-ffi	encode	drop	20	193.0	190.1	197.5	0.039	191.7	194.5
codec-U	U-wire-ListResultsResponse-page-as-wt2	U-wire-ListResultsResponse-page-as-wt2	ascii	core-ffi	encode	retain	20	205.8	201.0	223.1	0.107	203.1	215.2
codec-U	U-oneof-u-repeated	U-oneof-u-repeated	ascii	core-native	decode	drop	20	103.0	96.9	105.6	0.084	97.8	103.6
codec-U	U-nested-u-msg	U-nested-u-msg	ascii	armonik	decode-read	default	20	321.6	316.7	400.9	0.262	320.2	326.5
codec-U	U-leaf-u-fixed64	U-leaf-u-fixed64	ascii	core-native	decode	retain	20	294.4	288.6	303.5	0.051	291.9	297.3
codec-U	U-leaf-u-len	U-leaf-u-len	ascii	core-native	decode	retain	20	298.6	294.4	331.5	0.124	296.2	299.6
codec-U	U-wire-ListResultsResponse-page-as-wt5	U-wire-ListResultsResponse-page-as-wt5	ascii	core-native	decode	drop	20	493.5	488.3	549.4	0.124	489.6	498.4
codec-U	U-oneof-u-fixed64	U-oneof-u-fixed64	ascii	core-ffi-pull	decode	retain	20	216.7	214.5	223.4	0.041	216.0	218.7
codec-U	U-oneof-all	U-oneof-all	ascii	incumbent-prod	encode	default	20	112.9	107.5	121.9	0.127	110.6	113.7
codec-U	U-leaf-u-fixed32	U-leaf-u-fixed32	ascii	core-ffi	decode	retain	20	480.3	469.3	504.3	0.073	478.0	484.2
codec-U	U-root-group	U-root-group	ascii	core-ffi-pull	decode-read	drop	20	878.2	864.4	891.4	0.031	873.3	881.7
codec-U	U-nested-group	U-nested-group	ascii	armonik	encode	default	20	262.4	254.6	272.6	0.068	259.7	265.9
codec-U	U-nested-u-len	U-nested-u-len	ascii	armonik	encode	default	20	258.5	252.9	278.9	0.101	254.9	262.2
codec-U	U-leaf-u-fixed32	U-leaf-u-fixed32	ascii	core-ffi	encode	drop	20	103.8	97.4	106.7	0.089	102.4	104.8
codec-U	U-oneof-u-packed	U-oneof-u-packed	ascii	core-ffi	decode-read	drop	20	162.9	160.0	175.6	0.096	162.3	164.2
codec-U	U-deep-u-fixed64	U-deep-u-fixed64	ascii	armonik	encode	default	20	1274.3	1226.6	1368.4	0.111	1247.9	1301.2
codec-U	U-root-before	U-root-before	ascii	core-ffi-pull	decode-read	retain	20	1337.2	1281.6	1413.5	0.099	1302.0	1352.6
codec-U	U-deep-u-packed	U-deep-u-packed	ascii	armonik	encode	default	20	1283.6	1234.2	1372.1	0.107	1263.1	1302.0
codec-U	U-oneof-member-alone	U-oneof-member-alone	ascii	core-ffi	decode	retain	20	164.7	160.8	207.4	0.283	162.8	166.7
codec-U	U-oneof-u-varint	U-oneof-u-varint	ascii	core-ffi	encode	drop	20	38.3	37.4	39.7	0.060	37.9	38.6
codec-U	U-wire-UploadResultDataMessage-upload-as-wt5	U-wire-UploadResultDataMessage-upload-as-wt5	ascii	core-native	decode-read	drop	20	76.7	75.2	80.6	0.070	76.3	77.8
codec-U	U-oneof-u-fixed32	U-oneof-u-fixed32	ascii	core-ffi-pull	decode-read	drop	20	132.0	128.3	140.4	0.092	130.1	135.0
codec-U	U-leaf-u-fixed64	U-leaf-u-fixed64	ascii	core-ffi	encode	retain	20	84.3	82.5	85.7	0.037	83.8	84.9
codec-U	U-deep-u-packed	U-deep-u-packed	ascii	core-ffi-pull	decode-read	retain	20	2830.1	2774.4	3302.5	0.187	2815.5	2871.0
codec-U	U-oneof-interleaved	U-oneof-interleaved	ascii	core-ffi	decode	retain	20	428.9	420.3	470.3	0.117	425.6	436.2
codec-U	U-oneof-u-len	U-oneof-u-len	ascii	core-ffi-pull	decode	retain	20	220.7	215.4	272.9	0.261	217.9	223.5
codec-U	U-deep-u-msg	U-deep-u-msg	ascii	core-native	encode	retain	20	292.6	286.4	308.7	0.076	290.4	293.6
codec-U	U-oneof-member-before-known	U-oneof-member-before-known	ascii	core-ffi	decode	drop	20	151.8	148.2	161.2	0.086	150.7	153.7
codec-U	U-nested-u-packed	U-nested-u-packed	ascii	core-ffi	encode	retain	20	105.9	101.3	110.5	0.086	104.3	107.1
codec-U	U-nested-interleaved	U-nested-interleaved	ascii	core-ffi-pull	decode-read	drop	20	474.4	460.3	486.0	0.054	467.6	479.5
codec-U	U-element-u-msg	U-element-u-msg	ascii	core-ffi-pull	decode-read	retain	20	2953.2	2891.7	3074.6	0.062	2936.9	2984.5
codec-U	U-wire-ListProbeResponse-probes-as-wt5	U-wire-ListProbeResponse-probes-as-wt5	ascii	core-native	decode	drop	20	199.4	193.8	206.0	0.061	198.5	201.5
codec-U	U-oneof-interleaved	U-oneof-interleaved	ascii	core-native	decode-read	retain	20	275.8	273.1	287.6	0.053	274.8	277.3
codec-U	U-root-interleaved	U-root-interleaved	ascii	core-ffi	encode	drop	20	194.5	191.7	203.9	0.063	193.2	198.5
codec-U	U-oneof-member-alone	U-oneof-member-alone	ascii	armonik	decode	default	20	116.6	114.3	124.7	0.090	115.9	118.5
codec-U	U-element-u-fixed32	U-element-u-fixed32	ascii	core-ffi-pull	decode	drop	20	2650.6	2620.4	2782.7	0.061	2639.2	2685.3
codec-U	U-wire-UploadResultDataMessage-upload-as-wt1	U-wire-UploadResultDataMessage-upload-as-wt1	ascii	core-ffi-pull	decode	retain	20	213.3	207.7	226.5	0.088	212.1	217.1
codec-U	U-oneof-u-packed	U-oneof-u-packed	ascii	core-ffi	decode-read	retain	20	219.8	217.1	242.0	0.114	218.8	223.6
codec-U	U-leaf-all	U-leaf-all	ascii	core-ffi-pull	decode-read	retain	20	1108.3	1078.7	1168.9	0.081	1103.1	1134.5
codec-U	U-deep-u-fixed32	U-deep-u-fixed32	ascii	core-native	decode	drop	20	1383.4	1365.0	1425.5	0.044	1377.8	1388.6
codec-U	U-wire-UploadResultDataMessage-upload-as-wt0	U-wire-UploadResultDataMessage-upload-as-wt0	ascii	core-ffi	decode	retain	20	210.1	204.3	224.2	0.095	207.2	212.6
codec-U	U-wire-UploadResultDataMessage-upload-as-wt1	U-wire-UploadResultDataMessage-upload-as-wt1	ascii	core-ffi	decode-read	retain	20	213.0	206.3	223.5	0.081	209.5	213.9
codec-U	U-leaf-u-repeated	U-leaf-u-repeated	ascii	core-ffi-pull	decode	drop	20	443.9	428.9	470.2	0.093	437.6	448.2
codec-U	U-leaf-u-packed	U-leaf-u-packed	ascii	core-native	decode	retain	20	293.7	288.6	323.7	0.119	291.4	298.2
codec-U	U-deep-u-packed	U-deep-u-packed	ascii	core-native	decode-read	drop	20	1471.3	1453.8	1491.2	0.025	1466.2	1479.8
codec-U	U-nested-u-fixed64	U-nested-u-fixed64	ascii	core-native	decode-read	retain	20	277.6	275.6	285.2	0.035	276.6	278.2
codec-U	U-element-u-packed	U-element-u-packed	ascii	core-ffi	encode	retain	20	570.7	563.6	584.1	0.036	569.1	573.3
codec-U	U-nested-u-fixed32	U-nested-u-fixed32	ascii	core-ffi	decode	drop	20	392.1	385.0	412.9	0.071	390.7	395.9
codec-U	U-leaf-u-fixed64	U-leaf-u-fixed64	ascii	core-ffi-pull	decode	drop	20	430.0	425.6	442.0	0.038	427.7	432.3
codec-U	U-wire-ListTaskSummaryResponse-tasks-as-wt5	U-wire-ListTaskSummaryResponse-tasks-as-wt5	ascii	core-ffi-pull	decode	retain	20	2490.7	2460.1	2536.4	0.031	2481.0	2502.4
codec-U	U-nested-group	U-nested-group	ascii	incumbent-prod	decode-read	default	20	341.3	333.3	364.9	0.092	338.7	343.0
codec-U	U-element-u-msg	U-element-u-msg	ascii	core-ffi-pull	decode-read	drop	20	2728.9	2689.8	2811.7	0.045	2723.6	2739.0
codec-U	U-oneof-u-fixed64	U-oneof-u-fixed64	ascii	core-ffi	decode-read	retain	20	218.2	215.7	222.5	0.031	217.4	219.0
codec-U	U-deep-u-repeated	U-deep-u-repeated	ascii	core-ffi	decode-read	drop	20	2744.6	2712.0	2795.7	0.031	2731.5	2755.7
codec-U	U-oneof-u-fixed32	U-oneof-u-fixed32	ascii	core-ffi	decode	retain	20	212.0	208.5	214.8	0.030	211.2	212.8
codec-U	U-deep-u-fixed64	U-deep-u-fixed64	ascii	core-ffi-pull	decode	drop	20	2599.0	2550.3	2826.4	0.106	2589.9	2605.5
codec-U	U-element-all	U-element-all	ascii	core-native	decode	drop	20	1435.8	1420.7	1682.8	0.183	1433.6	1441.2
codec-U	U-enum-value-999	U-enum-value-999	ascii	core-native	decode	drop	20	87.1	84.2	89.2	0.058	86.5	87.8
codec-U	U-element-u-len	U-element-u-len	ascii	core-ffi	decode-read	drop	20	2696.3	2664.2	2899.4	0.087	2689.4	2706.0
codec-U	U-oneof-member-after-known	U-oneof-member-after-known	ascii	core-native	decode	retain	20	115.2	114.4	117.3	0.026	114.7	115.9
codec-U	U-wire-ListTasksDetailedResponse-tasks-as-wt1	U-wire-ListTasksDetailedResponse-tasks-as-wt1	ascii	core-native	decode-read	retain	20	3469.5	3405.8	3499.4	0.027	3446.8	3482.8
codec-U	U-wire-ListResultsResponse-results-as-wt0	U-wire-ListResultsResponse-results-as-wt0	ascii	core-ffi-pull	decode	retain	20	947.2	932.0	974.1	0.044	942.5	965.2
codec-U	U-wire-ListProbeResponse-probes-as-wt5	U-wire-ListProbeResponse-probes-as-wt5	ascii	core-ffi	decode-read	drop	20	323.9	314.1	331.3	0.053	318.4	327.5
codec-U	U-deep-u-varint	U-deep-u-varint	ascii	core-native	decode	retain	20	1343.9	1306.4	1391.5	0.063	1323.3	1355.9
codec-U	U-wire-ListTasksDetailedResponse-tasks-as-wt5	U-wire-ListTasksDetailedResponse-tasks-as-wt5	ascii	core-native	encode	retain	20	610.6	592.7	635.1	0.069	603.5	614.5
codec-U	U-nested-u-varint	U-nested-u-varint	ascii	core-ffi	decode	retain	20	439.3	428.5	468.6	0.091	435.6	444.8
codec-U	U-leaf-u-varint	U-leaf-u-varint	ascii	armonik	encode	default	20	253.4	243.3	259.6	0.064	251.5	254.7
codec-U	U-leaf-u-msg	U-leaf-u-msg	ascii	armonik	decode	default	20	294.2	290.4	305.0	0.050	292.8	295.6
codec-U	U-deep-u-len	U-deep-u-len	ascii	core-ffi	decode	retain	20	2825.9	2783.0	4555.5	0.627	2809.3	2856.2
codec-U	U-deep-all	U-deep-all	ascii	core-ffi-pull	decode-read	drop	20	2686.4	2647.4	3239.0	0.220	2674.4	2697.2
codec-U	U-wire-UploadResultDataMessage-upload-as-wt5	U-wire-UploadResultDataMessage-upload-as-wt5	ascii	core-native	decode	drop	20	92.4	91.1	95.5	0.048	92.0	93.0
codec-U	U-root-u-varint	U-root-u-varint	ascii	core-ffi	decode	retain	20	935.9	921.8	953.8	0.034	933.7	938.9
codec-U	U-element-u-varint	U-element-u-varint	ascii	core-ffi	encode	drop	20	541.1	530.7	549.8	0.035	539.5	543.3
codec-U	U-element-u-fixed32	U-element-u-fixed32	ascii	core-ffi	encode	retain	20	567.5	556.2	602.8	0.082	563.5	569.5
codec-U	U-nested-u-packed	U-nested-u-packed	ascii	core-native	encode	drop	20	45.5	44.1	48.2	0.089	44.9	46.4
codec-U	U-root-u-msg	U-root-u-msg	ascii	core-ffi-pull	decode-read	drop	20	873.2	860.7	896.5	0.041	869.4	877.5
codec-U	U-root-before	U-root-before	ascii	core-native	decode-read	retain	20	811.4	792.7	848.6	0.069	802.1	819.6
codec-U	U-root-u-len	U-root-u-len	ascii	incumbent-prod	decode-read	default	20	648.9	631.1	714.1	0.128	643.7	663.3
codec-U	U-root-u-varint	U-root-u-varint	ascii	armonik	encode	default	20	592.9	587.6	623.0	0.060	590.2	597.8
codec-U	U-leaf-u-fixed32	U-leaf-u-fixed32	ascii	core-ffi	decode-read	drop	20	421.6	412.2	433.8	0.051	418.2	427.5
codec-U	U-leaf-u-fixed64	U-leaf-u-fixed64	ascii	core-native	decode	drop	20	242.0	238.5	245.6	0.029	241.3	242.9
codec-U	U-wire-DualResponse-left-as-wt1	U-wire-DualResponse-left-as-wt1	ascii	core-ffi-pull	decode	drop	20	274.5	270.1	277.7	0.028	273.3	275.9
codec-U	U-nested-u-varint	U-nested-u-varint	ascii	armonik	encode	default	20	256.9	248.8	316.0	0.261	254.6	260.1
codec-U	U-deep-u-repeated	U-deep-u-repeated	ascii	core-ffi	encode	retain	20	595.5	553.5	778.3	0.378	567.5	674.0
codec-U	U-oneof-u-len	U-oneof-u-len	ascii	core-ffi	decode	retain	20	218.3	212.4	307.4	0.435	214.0	261.1
codec-U	U-wire-DualResponse-left-as-wt0	U-wire-DualResponse-left-as-wt0	ascii	core-ffi	decode-read	drop	20	264.9	261.0	272.3	0.043	263.6	266.2
codec-U	U-root-u-msg	U-root-u-msg	ascii	core-ffi	encode	drop	20	191.6	186.2	193.9	0.040	191.2	192.2
codec-U	U-root-group	U-root-group	ascii	core-ffi	decode-read	drop	20	906.1	874.1	915.7	0.046	899.8	909.5
codec-U	U-oneof-all	U-oneof-all	ascii	core-ffi	decode	drop	20	191.0	185.1	194.9	0.051	190.0	192.7
codec-U	U-wire-ListTasksDetailedResponse-tasks-as-wt1	U-wire-ListTasksDetailedResponse-tasks-as-wt1	ascii	core-ffi	decode-read	retain	20	6038.5	5924.1	6215.2	0.048	6025.1	6087.5
codec-U	U-root-u-len	U-root-u-len	ascii	core-native	encode	retain	20	128.0	126.4	129.6	0.025	127.7	128.7
codec-U	U-wire-ListProbeResponse-probes-as-wt5	U-wire-ListProbeResponse-probes-as-wt5	ascii	core-ffi	decode-read	retain	20	394.3	388.3	426.1	0.096	392.5	396.3
codec-U	U-deep-u-repeated	U-deep-u-repeated	ascii	core-ffi-pull	decode-read	retain	20	2869.8	2816.6	3054.2	0.083	2858.9	2900.5
codec-U	U-element-u-msg	U-element-u-msg	ascii	core-native	encode	drop	20	246.6	244.4	253.6	0.037	245.3	248.4
codec-U	U-oneof-all	U-oneof-all	ascii	core-ffi-pull	decode	retain	20	434.5	428.3	644.2	0.497	431.7	440.4
codec-U	U-enum-value-999	U-enum-value-999	ascii	core-ffi	decode	drop	20	118.7	117.6	121.2	0.030	118.5	119.2
codec-U	U-root-before	U-root-before	ascii	armonik	decode-read	default	20	765.7	748.7	864.0	0.151	757.9	773.9
codec-U	U-oneof-all	U-oneof-all	ascii	core-native	encode	retain	20	28.2	27.5	30.9	0.120	27.8	28.6
codec-U	U-leaf-all	U-leaf-all	ascii	core-ffi	decode	retain	20	1103.6	1084.2	1164.8	0.073	1092.4	1131.6
codec-U	U-root-all	U-root-all	ascii	core-native	decode-read	retain	20	741.3	732.1	856.7	0.168	738.0	755.0
codec-U	U-wire-ListTasksDetailedResponse-tasks-as-wt5	U-wire-ListTasksDetailedResponse-tasks-as-wt5	ascii	core-ffi	decode-read	retain	20	6180.5	5814.8	7215.8	0.227	6058.6	6649.2
codec-U	U-root-interleaved	U-root-interleaved	ascii	core-native	decode	retain	20	814.7	770.5	920.6	0.184	796.4	845.6
codec-U	U-oneof-u-varint	U-oneof-u-varint	ascii	core-native	decode	drop	20	96.4	92.5	101.1	0.088	94.1	99.4
codec-U	U-root-u-varint	U-root-u-varint	ascii	core-ffi	encode	retain	20	202.3	199.2	223.2	0.118	201.0	204.1
codec-U	U-wire-ListTasksDetailedResponse-tasks-as-wt1	U-wire-ListTasksDetailedResponse-tasks-as-wt1	ascii	core-native	decode	retain	20	3268.2	3229.3	3895.5	0.204	3248.7	3304.2
codec-U	U-oneof-before	U-oneof-before	ascii	core-ffi-pull	decode	drop	20	216.7	211.6	296.6	0.392	213.5	221.5
codec-U	U-deep-u-fixed32	U-deep-u-fixed32	ascii	core-native	encode	retain	20	293.7	286.7	311.0	0.083	290.6	296.0
codec-U	U-root-u-fixed64	U-root-u-fixed64	ascii	armonik	encode	default	20	599.9	581.9	606.6	0.041	595.0	603.8
codec-U	U-leaf-u-fixed32	U-leaf-u-fixed32	ascii	core-ffi-pull	decode	retain	20	565.8	557.0	595.4	0.068	562.1	574.7
codec-U	U-enum-value-127	U-enum-value-127	ascii	core-native	encode	retain	20	20.4	19.5	21.8	0.115	20.2	20.7
codec-U	U-leaf-u-fixed32	U-leaf-u-fixed32	ascii	incumbent-prod	encode	default	20	252.0	247.0	261.0	0.055	248.8	257.0
codec-U	U-wire-ListResultsResponse-page-as-wt1	U-wire-ListResultsResponse-page-as-wt1	ascii	core-ffi-pull	decode-read	drop	20	880.7	861.5	953.7	0.105	873.0	892.4
codec-U	U-element-u-fixed64	U-element-u-fixed64	ascii	incumbent-prod	decode	default	20	1786.5	1722.4	1870.7	0.083	1764.5	1814.1
codec-U	U-wire-DualResponse-left-as-wt5	U-wire-DualResponse-left-as-wt5	ascii	core-native	decode	retain	20	201.0	194.3	214.4	0.100	199.0	207.1
codec-U	U-wire-DualResponse-left-as-wt5	U-wire-DualResponse-left-as-wt5	ascii	core-ffi-pull	decode-read	retain	20	364.3	358.9	371.9	0.036	363.3	366.7
codec-U	U-nested-u-packed	U-nested-u-packed	ascii	armonik	decode	default	20	307.8	299.9	328.4	0.093	305.0	310.5
codec-U	U-element-u-repeated	U-element-u-repeated	ascii	armonik	encode	default	20	1271.2	1227.2	1405.5	0.140	1261.4	1290.4
codec-U	U-leaf-u-fixed32	U-leaf-u-fixed32	ascii	core-ffi-pull	decode-read	drop	20	436.5	427.0	550.6	0.283	434.4	446.2
codec-U	U-oneof-before	U-oneof-before	ascii	core-native	decode-read	retain	20	274.6	266.2	303.7	0.137	271.1	280.8
codec-U	U-wire-ListMetricsResponse-batches-as-wt0	U-wire-ListMetricsResponse-batches-as-wt0	ascii	core-ffi-pull	decode-read	drop	20	1493.4	1424.9	1580.0	0.104	1478.3	1515.3
codec-U	U-wire-UploadResultDataMessage-upload-as-wt1	U-wire-UploadResultDataMessage-upload-as-wt1	ascii	core-ffi-pull	decode	drop	20	133.2	130.2	142.8	0.095	131.9	134.8
codec-U	U-leaf-u-msg	U-leaf-u-msg	ascii	core-native	encode	retain	20	49.1	48.0	52.3	0.089	48.5	50.0
codec-U	U-wire-UploadResultDataMessage-upload-as-wt5	U-wire-UploadResultDataMessage-upload-as-wt5	ascii	core-ffi-pull	decode-read	retain	20	172.2	167.7	204.2	0.212	170.9	173.7
codec-U	U-nested-u-fixed64	U-nested-u-fixed64	ascii	core-ffi-pull	decode-read	retain	20	390.5	380.2	426.0	0.117	384.7	406.8
codec-U	U-oneof-u-repeated	U-oneof-u-repeated	ascii	armonik	decode	default	20	110.1	107.7	114.3	0.060	109.2	112.4
codec-U	U-deep-u-repeated	U-deep-u-repeated	ascii	core-native	decode-read	retain	20	1220.5	1188.1	1565.2	0.309	1203.2	1291.5
codec-U	U-wire-ListMetricsResponse-batches-as-wt1	U-wire-ListMetricsResponse-batches-as-wt1	ascii	core-ffi	encode	retain	20	798.2	785.3	840.6	0.069	792.0	813.8
codec-U	U-element-u-repeated	U-element-u-repeated	ascii	armonik	decode	default	20	1752.1	1713.1	1815.9	0.059	1735.9	1764.5
codec-U	U-nested-u-varint	U-nested-u-varint	ascii	incumbent-prod	decode-read	default	20	313.6	308.8	330.2	0.068	310.4	316.4
codec-U	U-leaf-u-repeated	U-leaf-u-repeated	ascii	core-native	decode-read	retain	20	343.6	334.9	359.2	0.071	339.8	347.3
codec-U	U-deep-u-len	U-deep-u-len	ascii	armonik	decode	default	20	1755.4	1708.1	1857.0	0.085	1740.6	1790.3
codec-U	U-root-u-msg	U-root-u-msg	ascii	core-ffi	decode-read	retain	20	947.7	932.9	975.1	0.045	944.8	962.5
codec-U	U-wire-ListTasksDetailedResponse-page-as-wt5	U-wire-ListTasksDetailedResponse-page-as-wt5	ascii	core-native	decode	drop	20	3371.2	3288.6	3550.2	0.078	3342.1	3400.3
codec-U	U-wire-ListProbeResponse-probes-as-wt0	U-wire-ListProbeResponse-probes-as-wt0	ascii	core-ffi-pull	decode-read	retain	20	388.9	380.3	403.7	0.060	386.8	393.3
codec-U	U-wire-ListTaskSummaryResponse-tasks-as-wt0	U-wire-ListTaskSummaryResponse-tasks-as-wt0	ascii	core-ffi-pull	decode	retain	20	2566.6	2514.3	2876.7	0.141	2551.8	2610.6
codec-U	U-wire-ListTaskSummaryResponse-tasks-as-wt0	U-wire-ListTaskSummaryResponse-tasks-as-wt0	ascii	core-native	encode	drop	20	229.7	224.4	237.7	0.058	228.5	232.8
codec-U	U-root-u-packed	U-root-u-packed	ascii	armonik	decode	default	20	712.8	691.3	799.1	0.151	704.7	721.3
codec-U	U-element-u-msg	U-element-u-msg	ascii	core-ffi	decode	retain	20	2872.3	2802.1	3038.9	0.082	2848.9	2912.7
codec-U	U-oneof-all	U-oneof-all	ascii	core-ffi-pull	decode	drop	20	204.9	196.6	219.1	0.109	200.4	207.7
codec-U	U-leaf-u-varint	U-leaf-u-varint	ascii	incumbent-prod	decode	default	20	325.6	315.8	336.5	0.064	318.5	327.6
codec-U	U-element-u-repeated	U-element-u-repeated	ascii	core-native	encode	retain	20	296.3	290.9	310.4	0.066	293.8	299.3
codec-U	U-element-u-packed	U-element-u-packed	ascii	core-ffi-pull	decode-read	drop	20	2759.2	2677.3	2990.8	0.114	2735.4	2815.4
codec-U	U-leaf-u-msg	U-leaf-u-msg	ascii	core-ffi	decode-read	retain	20	501.3	478.7	560.7	0.164	496.5	515.3
codec-U	U-deep-u-varint	U-deep-u-varint	ascii	armonik	decode-read	default	20	1866.8	1819.5	1969.5	0.080	1844.3	1888.6
codec-U	U-root-u-fixed32	U-root-u-fixed32	ascii	core-native	encode	retain	20	130.8	127.3	148.2	0.159	129.4	133.6
codec-U	U-nested-u-repeated	U-nested-u-repeated	ascii	core-native	decode	retain	20	367.8	363.3	377.7	0.039	366.8	371.7
codec-U	U-enum-value-127	U-enum-value-127	ascii	core-native	decode-read	drop	20	96.6	95.5	99.6	0.043	96.2	97.4
codec-U	U-deep-u-packed	U-deep-u-packed	ascii	core-ffi	decode	drop	20	2706.2	2673.2	2773.5	0.037	2691.5	2721.3
codec-U	U-element-u-varint	U-element-u-varint	ascii	armonik	encode	default	20	1245.9	1223.3	1260.9	0.030	1242.3	1251.1
codec-U	U-deep-all	U-deep-all	ascii	core-ffi	encode	drop	20	545.6	538.4	672.6	0.246	542.2	550.8
codec-U	U-root-u-msg	U-root-u-msg	ascii	armonik	decode	default	20	649.6	639.0	664.6	0.039	648.2	652.7
codec-U	U-wire-ListTaskSummaryResponse-tasks-as-wt5	U-wire-ListTaskSummaryResponse-tasks-as-wt5	ascii	core-native	decode	retain	20	1742.8	1727.0	1794.5	0.039	1730.3	1749.0
codec-U	U-deep-u-packed	U-deep-u-packed	ascii	core-native	encode	drop	20	246.3	242.8	252.2	0.038	245.2	247.4
codec-U	U-deep-u-fixed32	U-deep-u-fixed32	ascii	core-ffi-pull	decode	retain	20	2756.1	2722.1	2932.1	0.076	2741.4	2776.5
codec-U	U-nested-u-fixed32	U-nested-u-fixed32	ascii	armonik	decode-read	default	20	307.6	299.6	321.6	0.072	303.5	314.0
codec-U	U-oneof-member-before-known	U-oneof-member-before-known	ascii	core-ffi	decode-read	retain	20	212.4	205.0	233.5	0.134	211.2	213.6
codec-U	U-deep-u-fixed64	U-deep-u-fixed64	ascii	armonik	decode	default	20	1723.5	1690.2	1798.3	0.063	1715.2	1744.7
codec-U	U-leaf-u-msg	U-leaf-u-msg	ascii	core-ffi	decode-read	drop	20	480.1	471.5	485.6	0.029	478.1	481.8
codec-U	U-leaf-u-repeated	U-leaf-u-repeated	ascii	core-native	encode	retain	20	62.8	61.8	64.1	0.037	62.2	63.0
codec-U	U-wire-ListResultsResponse-results-as-wt0	U-wire-ListResultsResponse-results-as-wt0	ascii	core-ffi	decode-read	drop	20	894.5	881.0	936.8	0.062	888.8	900.2
codec-U	U-oneof-u-fixed64	U-oneof-u-fixed64	ascii	core-native	decode-read	drop	20	97.6	96.6	99.0	0.025	97.1	97.9
codec-U	U-nested-before	U-nested-before	ascii	core-native	decode	retain	20	485.9	481.2	496.7	0.032	484.2	488.8
codec-U	U-oneof-u-repeated	U-oneof-u-repeated	ascii	armonik	encode	default	20	110.4	106.7	123.4	0.151	108.7	113.0
codec-U	U-root-u-varint	U-root-u-varint	ascii	armonik	decode-read	default	20	669.4	653.4	756.5	0.154	664.6	673.4
codec-U	U-wire-ListResultsResponse-page-as-wt5	U-wire-ListResultsResponse-page-as-wt5	ascii	core-native	encode	drop	20	96.7	93.4	98.7	0.055	96.2	97.2
codec-U	U-element-all	U-element-all	ascii	incumbent-prod	decode	default	20	1846.5	1815.1	2009.7	0.105	1836.7	1860.8
codec-U	U-root-max-tag	U-root-max-tag	ascii	core-ffi	encode	drop	20	192.7	189.7	198.4	0.045	192.1	193.3
codec-U	U-deep-all	U-deep-all	ascii	core-ffi	decode-read	retain	20	3180.6	3123.4	3218.2	0.030	3162.9	3190.2
codec-U	U-wire-ListResultsResponse-page-as-wt5	U-wire-ListResultsResponse-page-as-wt5	ascii	core-ffi	decode-read	drop	20	882.6	870.0	900.2	0.034	880.6	886.9
codec-U	U-oneof-u-varint	U-oneof-u-varint	ascii	incumbent-prod	decode-read	default	20	139.2	136.4	142.9	0.047	138.2	140.3
codec-U	U-wire-ListResultsResponse-page-as-wt2	U-wire-ListResultsResponse-page-as-wt2	ascii	core-ffi	decode-read	retain	20	982.7	966.3	991.9	0.026	978.4	986.9
codec-U	U-deep-u-msg	U-deep-u-msg	ascii	incumbent-prod	decode	default	20	1764.6	1745.1	1790.8	0.026	1752.9	1775.9
codec-U	U-enum-value-999	U-enum-value-999	ascii	core-native	decode	retain	20	91.3	90.1	94.9	0.052	90.9	92.2
codec-U	U-enum-value-packed	U-enum-value-packed	ascii	core-ffi	decode-read	drop	20	223.0	221.0	224.6	0.016	222.4	223.3
codec-U	U-root-interleaved	U-root-interleaved	ascii	armonik	decode-read	default	20	816.9	800.8	857.2	0.069	813.8	820.7
codec-U	U-deep-u-varint	U-deep-u-varint	ascii	core-ffi	encode	retain	20	566.0	556.0	577.7	0.038	562.1	570.2
codec-U	U-nested-u-len	U-nested-u-len	ascii	core-native	decode	drop	20	236.5	233.0	243.9	0.046	235.2	237.6
codec-U	U-enum-value-2147483647	U-enum-value-2147483647	ascii	core-native	encode	retain	20	23.4	23.1	23.7	0.028	23.3	23.5
codec-U	U-wire-ListTasksDetailedResponse-tasks-as-wt5	U-wire-ListTasksDetailedResponse-tasks-as-wt5	ascii	core-ffi-pull	decode	retain	20	5765.1	5578.1	6008.5	0.075	5720.0	5817.5
codec-U	U-root-u-varint	U-root-u-varint	ascii	core-ffi	decode-read	retain	20	949.1	942.6	974.4	0.034	946.3	959.2
codec-U	U-element-u-packed	U-element-u-packed	ascii	core-native	decode	retain	20	1401.8	1384.4	1526.1	0.101	1391.6	1411.9
codec-U	U-wire-ListMetricsResponse-batches-as-wt0	U-wire-ListMetricsResponse-batches-as-wt0	ascii	core-ffi	decode-read	drop	20	1742.1	1704.8	1797.4	0.053	1724.0	1751.5
codec-U	U-leaf-u-fixed64	U-leaf-u-fixed64	ascii	core-native	encode	retain	20	63.4	62.5	64.8	0.037	63.1	63.7
codec-U	U-wire-DualResponse-left-as-wt5	U-wire-DualResponse-left-as-wt5	ascii	core-ffi	decode	retain	20	310.1	307.0	314.5	0.024	309.2	310.8
codec-U	U-wire-ListTasksDetailedResponse-tasks-as-wt5	U-wire-ListTasksDetailedResponse-tasks-as-wt5	ascii	core-native	encode	drop	20	546.2	541.1	578.4	0.068	544.0	549.0
codec-U	U-element-u-fixed64	U-element-u-fixed64	ascii	core-ffi	encode	drop	20	541.7	536.4	557.7	0.039	538.7	545.3
codec-U	U-nested-u-varint	U-nested-u-varint	ascii	core-ffi	decode-read	drop	20	418.1	408.1	440.7	0.078	416.0	420.6
codec-U	U-wire-DualResponse-left-as-wt0	U-wire-DualResponse-left-as-wt0	ascii	core-ffi	decode	drop	20	253.4	249.7	262.2	0.049	251.6	254.7
codec-U	U-root-u-fixed64	U-root-u-fixed64	ascii	armonik	decode	default	20	668.8	652.9	759.3	0.159	664.4	676.8
codec-U	U-oneof-member-after-known	U-oneof-member-after-known	ascii	incumbent-prod	decode	default	20	127.6	125.0	136.9	0.093	127.1	128.8
codec-U	U-nested-u-varint	U-nested-u-varint	ascii	core-native	decode	retain	20	273.4	268.2	291.1	0.084	271.5	277.9
codec-U	U-oneof-group	U-oneof-group	ascii	core-ffi-pull	decode-read	drop	20	186.4	184.2	192.4	0.044	185.6	187.6
codec-U	U-leaf-u-len	U-leaf-u-len	ascii	incumbent-prod	encode	default	20	245.7	241.3	253.3	0.049	242.6	248.6
codec-U	U-leaf-u-len	U-leaf-u-len	ascii	armonik	decode	default	20	310.5	302.6	324.0	0.069	306.8	319.0
codec-U	U-deep-u-len	U-deep-u-len	ascii	core-native	decode	drop	20	1363.5	1346.4	1411.4	0.048	1355.9	1370.5
codec-U	U-root-u-fixed64	U-root-u-fixed64	ascii	core-ffi	decode	drop	20	841.6	825.3	861.7	0.043	834.7	843.5
codec-U	U-element-u-msg	U-element-u-msg	ascii	incumbent-prod	decode-read	default	20	1866.4	1836.4	1976.8	0.075	1849.3	1884.7
codec-U	U-wire-ListTasksDetailedResponse-tasks-as-wt1	U-wire-ListTasksDetailedResponse-tasks-as-wt1	ascii	core-ffi	encode	drop	20	1149.9	1121.6	1223.2	0.088	1142.1	1158.6
codec-U	U-deep-u-fixed32	U-deep-u-fixed32	ascii	core-ffi-pull	decode-read	drop	20	2646.7	2617.7	2731.6	0.043	2632.9	2665.4
codec-U	U-nested-u-msg	U-nested-u-msg	ascii	core-ffi-pull	decode-read	drop	20	495.6	487.8	506.5	0.038	493.2	497.8
codec-U	U-element-u-fixed64	U-element-u-fixed64	ascii	core-native	encode	retain	20	294.1	286.4	301.1	0.050	292.0	296.8
codec-U	U-nested-u-repeated	U-nested-u-repeated	ascii	core-ffi	encode	drop	20	103.0	100.0	104.8	0.046	102.2	103.5
codec-U	U-enum-value-999	U-enum-value-999	ascii	core-ffi	decode-read	retain	20	155.8	154.8	161.2	0.041	155.5	156.4
codec-U	U-element-u-varint	U-element-u-varint	ascii	armonik	decode	default	20	1723.2	1696.2	1777.1	0.047	1708.7	1734.4
codec-U	U-element-u-packed	U-element-u-packed	ascii	core-ffi	decode-read	drop	20	2759.9	2720.5	2825.7	0.038	2740.2	2777.6
codec-U	U-root-group	U-root-group	ascii	armonik	decode	default	20	753.2	721.7	777.3	0.074	748.3	756.4
codec-U	U-oneof-group	U-oneof-group	ascii	incumbent-prod	encode	default	20	113.8	108.1	123.6	0.136	112.5	116.3
codec-U	U-oneof-member-before-known	U-oneof-member-before-known	ascii	armonik	decode-read	default	20	129.8	128.2	134.6	0.049	129.6	131.7
codec-U	U-oneof-member-before-known	U-oneof-member-before-known	ascii	core-ffi	decode-read	drop	20	157.1	154.9	162.5	0.049	156.1	158.0
codec-U	U-wire-UploadResultDataMessage-upload-as-wt0	U-wire-UploadResultDataMessage-upload-as-wt0	ascii	core-ffi	decode-read	retain	20	211.3	208.7	218.0	0.044	210.1	212.0
codec-U	U-deep-u-msg	U-deep-u-msg	ascii	armonik	decode	default	20	1733.4	1714.6	1960.9	0.142	1722.6	1760.4
codec-U	U-wire-DualResponse-left-as-wt0	U-wire-DualResponse-left-as-wt0	ascii	core-ffi-pull	decode-read	drop	20	289.7	286.4	302.8	0.056	287.9	290.0
codec-U	U-element-all	U-element-all	ascii	armonik	decode-read	default	20	1904.8	1881.1	2034.1	0.080	1897.3	1929.6
codec-U	U-enum-value-127	U-enum-value-127	ascii	armonik	encode	default	20	56.3	55.6	58.2	0.047	56.0	56.7
codec-U	U-leaf-u-msg	U-leaf-u-msg	ascii	armonik	decode-read	default	20	321.6	318.7	339.5	0.065	320.6	324.0
codec-U	U-leaf-u-fixed32	U-leaf-u-fixed32	ascii	core-ffi-pull	decode	drop	20	424.8	417.1	439.7	0.053	421.3	427.0
codec-U	U-oneof-u-varint	U-oneof-u-varint	ascii	core-native	encode	retain	20	26.1	25.6	27.1	0.059	25.9	26.4
codec-U	U-deep-u-len	U-deep-u-len	ascii	core-ffi-pull	decode-read	drop	20	2731.4	2677.0	2921.8	0.090	2713.6	2760.7
codec-U	U-enum-value-packed	U-enum-value-packed	ascii	core-ffi	decode	drop	20	212.4	209.4	220.9	0.054	211.7	214.0
codec-U	U-leaf-u-fixed64	U-leaf-u-fixed64	ascii	core-ffi-pull	decode	retain	20	579.2	567.8	602.8	0.061	573.3	584.1
codec-U	U-leaf-u-len	U-leaf-u-len	ascii	core-ffi	encode	retain	20	107.5	106.2	111.2	0.046	106.8	108.8
codec-U	U-root-max-tag	U-root-max-tag	ascii	incumbent-prod	decode	default	20	614.3	600.7	621.9	0.035	610.2	617.0
codec-U	U-oneof-all	U-oneof-all	ascii	core-ffi	decode-read	retain	20	432.3	423.0	460.1	0.086	429.9	438.0
codec-U	U-oneof-u-repeated	U-oneof-u-repeated	ascii	core-ffi	encode	drop	20	48.5	46.8	52.3	0.114	47.9	48.8
codec-U	U-oneof-member-alone	U-oneof-member-alone	ascii	core-ffi	decode	drop	20	147.1	144.8	149.1	0.029	146.2	147.8
codec-U	U-deep-u-packed	U-deep-u-packed	ascii	core-ffi	encode	drop	20	544.5	536.8	559.8	0.042	541.4	546.6
codec-U	U-oneof-before	U-oneof-before	ascii	armonik	decode	default	20	208.7	201.0	216.6	0.075	205.1	211.3
codec-U	U-root-u-fixed32	U-root-u-fixed32	ascii	incumbent-prod	decode-read	default	20	635.4	624.8	664.7	0.063	632.8	640.9
codec-U	U-leaf-u-fixed64	U-leaf-u-fixed64	ascii	armonik	decode	default	20	305.6	300.5	316.9	0.054	305.0	310.4
codec-U	U-leaf-u-msg	U-leaf-u-msg	ascii	core-ffi-pull	decode	retain	20	492.4	478.2	530.4	0.106	488.7	502.4
codec-nounk-P	P2.2/wide	P2.2	wide	core-native	decode-read	no-unknown	20	2237100.8	2201070.2	2499548.2	0.133	2226866.4	2281994.5
codec-nounk-P	P1.1	P1.1	ascii	incumbent-prod	encode	default	20	1133.6	1114.9	1165.6	0.045	1130.2	1144.9
codec-nounk-P	P6.1	P6.1	ascii	core-native	decode-read	no-unknown	20	196000.7	178657.8	238723.8	0.306	190406.1	201274.7
codec-nounk-P	P7.1	P7.1	ascii	armonik	decode-read	default	20	273.9	270.9	278.6	0.028	272.0	275.8
codec-nounk-P	P1.1	P1.1	ascii	core-ffi	decode-read	no-unknown	20	1361.1	1353.4	1398.9	0.033	1356.7	1372.7
codec-nounk-P	P3.1	P3.1	ascii	core-ffi-pull	decode	no-unknown	20	33168.1	32437.2	36907.0	0.135	32887.5	33738.1
codec-nounk-P	P5.1	P5.1	ascii	core-ffi	decode-read	no-unknown	20	129.4	127.7	140.4	0.098	128.5	140.0
codec-nounk-P	P1.2/wide	P1.2	wide	armonik	decode-read	default	20	707771.2	697810.1	796920.6	0.140	705104.5	726238.5
codec-nounk-P	P2.4	P2.4	ascii	core-ffi	decode	no-unknown	20	2086516.1	2061470.6	2257795.2	0.094	2070639.2	2115263.8
codec-nounk-P	P1.2/wide	P1.2	wide	core-native	decode	no-unknown	20	599871.9	590579.1	614862.5	0.040	598294.5	603920.1
codec-nounk-P	P2.2/latin1	P2.2	latin1	armonik	decode	default	20	2050745.0	2019937.8	2183469.2	0.080	2044687.2	2064442.1
codec-nounk-P	P6.1	P6.1	ascii	core-ffi-pull	decode	no-unknown	20	165001.1	160874.5	168087.7	0.044	163801.5	166030.8
codec-nounk-P	P1.1	P1.1	ascii	core-ffi	decode	no-unknown	20	1655.5	1639.4	1686.5	0.028	1649.9	1659.4
codec-nounk-P	P5.4	P5.4	ascii	core-native	decode-read	no-unknown	20	362568.5	357119.0	381298.0	0.067	360782.3	369786.9
codec-nounk-P	P5.1	P5.1	ascii	armonik	decode-read	default	20	92.3	91.1	98.4	0.079	91.8	92.5
codec-nounk-P	P1.2/wide	P1.2	wide	incumbent-prod	decode-read	default	20	722459.6	718265.9	735342.9	0.024	720907.4	726887.0
codec-nounk-P	P2.4	P2.4	ascii	armonik	decode-read	default	20	1756553.9	1717599.8	1974482.5	0.146	1741353.5	1792834.3
codec-nounk-P	P2.2/latin1	P2.2	latin1	core-ffi	encode	no-unknown	20	387856.2	383437.6	417505.2	0.088	386271.5	391385.0
codec-nounk-P	P5.1	P5.1	ascii	core-ffi	encode	no-unknown	20	34.5	32.4	41.7	0.269	33.9	35.2
codec-nounk-P	P1.2/wide	P1.2	wide	core-ffi	decode-read	no-unknown	20	970130.1	937594.0	1050190.3	0.116	962101.6	983740.2
codec-nounk-P	P1.2/latin1	P1.2	latin1	core-native	decode	no-unknown	20	495783.8	436385.7	508967.0	0.146	457968.3	498900.0
codec-nounk-P	P5.3	P5.3	ascii	core-native	decode	no-unknown	20	39001.2	37633.0	44089.8	0.166	38048.3	42449.3
codec-nounk-P	P3.1	P3.1	ascii	core-ffi	decode-read	no-unknown	20	34531.6	33586.9	35978.0	0.069	34154.9	35229.0
codec-nounk-P	P1.3	P1.3	ascii	incumbent-prod	encode	default	20	5712.6	5625.8	5770.1	0.025	5672.0	5732.0
codec-nounk-P	P2.3	P2.3	ascii	incumbent-prod	decode-read	default	20	1271590.8	1248244.4	1294288.0	0.036	1262414.0	1280948.5
codec-nounk-P	P1.3	P1.3	ascii	core-ffi	encode	no-unknown	20	5023.3	4712.2	5331.5	0.123	4973.5	5064.1
codec-nounk-P	P1.2/wide	P1.2	wide	core-native	encode	no-unknown	20	58696.8	57477.9	64786.0	0.125	58060.6	60243.3
codec-nounk-P	P2.3	P2.3	ascii	core-ffi	decode	no-unknown	20	1450601.4	1395210.4	1522373.0	0.088	1429528.6	1481771.1
codec-nounk-P	P2.5	P2.5	ascii	armonik	decode-read	default	20	51719.4	48824.0	54894.6	0.117	51147.5	52443.5
codec-nounk-P	P7.1	P7.1	ascii	core-ffi	decode-read	no-unknown	20	389.6	383.8	413.6	0.077	386.8	391.2
codec-nounk-P	P2.5	P2.5	ascii	core-native	decode-read	no-unknown	20	42560.9	42278.9	43486.5	0.028	42432.5	43009.3
codec-nounk-P	P2.1	P2.1	ascii	core-ffi	decode	no-unknown	20	3056.2	2996.7	3191.2	0.064	3025.0	3101.0
codec-nounk-P	P2.5	P2.5	ascii	core-native	encode	no-unknown	20	5365.3	5301.2	5668.5	0.068	5328.5	5397.8
codec-nounk-P	P2.2	P2.2	ascii	core-native	decode	no-unknown	20	1295676.8	1265036.2	1392583.6	0.098	1273247.9	1317504.0
codec-nounk-P	P6.1	P6.1	ascii	incumbent-prod	decode-nodrop	default	20	288020.0	269096.3	320640.9	0.179	283920.5	292027.5
codec-nounk-P	P2.2/latin1	P2.2	latin1	armonik	encode	default	20	946876.3	931855.3	1003314.4	0.075	939006.6	959137.2
codec-nounk-P	P5.4	P5.4	ascii	core-native	encode	no-unknown	20	343375.9	336319.7	347140.0	0.032	340638.2	345073.6
codec-nounk-P	P1.2/wide	P1.2	wide	core-ffi-pull	decode-read	no-unknown	20	965925.8	761473.2	1024265.4	0.272	793080.8	974398.0
codec-nounk-P	P2.1	P2.1	ascii	incumbent-prod	encode	default	20	1331.0	1267.8	1396.7	0.097	1316.2	1346.2
codec-nounk-P	P5.1	P5.1	ascii	armonik	decode	default	20	89.6	85.8	94.3	0.095	88.2	91.1
codec-nounk-P	P1.2/latin1	P1.2	latin1	armonik	decode-read	default	20	604484.3	594144.2	621121.1	0.045	597901.2	606897.1
codec-nounk-P	P6.1	P6.1	ascii	incumbent-prod	encode	default	20	301627.1	287856.2	406712.0	0.394	296214.3	326425.8
codec-nounk-P	P5.4	P5.4	ascii	core-native	decode	no-unknown	20	315918.1	308305.0	361439.8	0.168	312649.7	325445.0
codec-nounk-P	P2.3	P2.3	ascii	incumbent-prod	decode	default	20	1270582.4	1228331.0	1325376.1	0.076	1245383.6	1290345.9
codec-nounk-P	P1.2	P1.2	ascii	incumbent-prod	decode	default	20	312151.2	308583.7	336859.6	0.091	310355.3	319058.6
codec-nounk-P	P5.3	P5.3	ascii	core-ffi	encode	no-unknown	20	36666.2	35762.6	40391.4	0.126	36318.9	37273.4
codec-nounk-P	P5.2	P5.2	ascii	core-ffi	decode-read	no-unknown	20	1813.0	1792.2	2883.5	0.602	1798.0	1864.3
codec-nounk-P	P5.2	P5.2	ascii	core-ffi	encode	no-unknown	20	1573.1	1561.6	1598.2	0.023	1570.0	1582.1
codec-nounk-P	P2.2	P2.2	ascii	incumbent-prod	decode-nodrop	default	20	1152339.6	1117023.9	1227896.7	0.096	1136304.0	1169916.9
codec-nounk-P	P2.1	P2.1	ascii	core-ffi-pull	decode	no-unknown	20	3052.8	3006.0	3109.1	0.034	3040.6	3070.1
codec-nounk-P	P5.3	P5.3	ascii	armonik	decode	default	20	72.9	70.7	98.4	0.379	71.6	91.9
codec-nounk-P	P5.3	P5.3	ascii	core-ffi-pull	decode	no-unknown	20	47881.4	45763.3	119329.9	1.536	46570.2	49572.5
codec-nounk-P	P2.2/latin1	P2.2	latin1	core-native	encode	no-unknown	20	248653.7	207932.4	271909.3	0.257	245761.8	256439.3
codec-nounk-P	P1.2	P1.2	ascii	core-native	encode	no-unknown	20	61014.9	57863.9	64353.9	0.106	59612.8	61994.0
codec-nounk-P	P7.1	P7.1	ascii	incumbent-prod	decode	default	20	378.9	330.2	419.2	0.235	342.1	403.6
codec-nounk-P	P5.3	P5.3	ascii	core-ffi-pull	decode-read	no-unknown	20	41739.1	41364.2	45529.3	0.100	41551.4	42528.2
codec-nounk-P	P2.2	P2.2	ascii	core-native	decode-nodrop	no-unknown	20	949862.2	934027.8	984233.1	0.053	942036.4	961719.2
codec-nounk-P	P5.1	P5.1	ascii	incumbent-prod	decode-read	default	20	101.1	99.3	109.3	0.099	99.5	102.1
codec-nounk-P	P2.3	P2.3	ascii	armonik	decode-read	default	20	1290980.1	1276589.0	1324436.5	0.037	1286970.9	1302597.1
codec-nounk-P	P1.2/latin1	P1.2	latin1	incumbent-prod	decode	default	20	614258.7	592043.7	759215.2	0.272	598961.9	625816.0
codec-nounk-P	P6.1	P6.1	ascii	armonik	decode	default	20	304015.8	293262.9	324083.7	0.101	297344.5	315192.1
codec-nounk-P	P5.3	P5.3	ascii	armonik	decode-read	default	20	99.5	96.6	103.8	0.073	97.4	100.4
codec-nounk-P	P5.1	P5.1	ascii	core-ffi	decode	no-unknown	20	154.6	148.4	166.2	0.115	153.0	156.4
codec-nounk-P	P5.2	P5.2	ascii	incumbent-prod	encode	default	20	1653.3	1645.4	1786.5	0.085	1649.1	1668.5
codec-nounk-P	P2.2	P2.2	ascii	core-ffi-pull	decode	no-unknown	20	1824403.1	1806254.8	1975934.0	0.093	1820448.8	1832617.8
codec-nounk-P	P6.1	P6.1	ascii	core-ffi	decode-read	no-unknown	20	211391.9	207813.1	216916.7	0.043	209264.1	212463.7
codec-nounk-P	P3.1	P3.1	ascii	core-ffi-pull	decode-read	no-unknown	20	34972.3	34407.5	35781.6	0.039	34772.7	35243.2
codec-nounk-P	P2.5	P2.5	ascii	core-ffi	decode	no-unknown	20	60954.7	60133.2	78234.5	0.297	60740.4	61759.8
codec-nounk-P	P2.4	P2.4	ascii	core-ffi-pull	decode-read	no-unknown	20	2100392.6	2016150.6	2401062.8	0.183	2076964.5	2128264.8
codec-nounk-P	P2.2	P2.2	ascii	core-ffi	decode	no-unknown	20	1891565.0	1785635.8	1975694.7	0.100	1837256.5	1913487.1
codec-nounk-P	P3.1	P3.1	ascii	incumbent-prod	encode	default	20	20497.0	19805.7	21946.1	0.104	20368.2	20780.0
codec-nounk-P	P2.2/wide	P2.2	wide	core-native	decode	no-unknown	20	2190008.9	2138073.2	2383871.4	0.112	2159148.0	2265854.2
codec-nounk-P	P1.2/wide	P1.2	wide	armonik	encode	default	20	326558.5	318364.3	335681.8	0.053	322449.1	329176.2
codec-nounk-P	P4.1	P4.1	ascii	core-ffi	decode	no-unknown	20	311979.9	308217.6	324370.2	0.052	310775.5	313724.6
codec-nounk-P	P4.1	P4.1	ascii	core-native	decode	no-unknown	20	231154.0	228644.2	270514.5	0.181	230033.2	237470.0
codec-nounk-P	P2.1	P2.1	ascii	core-ffi	encode	no-unknown	20	589.0	583.3	646.1	0.107	585.6	592.3
codec-nounk-P	P1.2/wide	P1.2	wide	incumbent-prod	decode	default	20	713512.6	702428.6	828983.2	0.177	707544.8	727486.7
codec-nounk-P	P5.3	P5.3	ascii	incumbent-prod	decode	default	20	42335.7	41900.2	45806.0	0.092	42079.0	42994.2
codec-nounk-P	P2.2/latin1	P2.2	latin1	incumbent-prod	decode	default	20	2017163.4	1983070.6	2109033.0	0.062	2000336.3	2038906.1
codec-nounk-P	P1.3	P1.3	ascii	armonik	encode	default	20	6863.7	6743.0	7145.0	0.059	6795.3	6972.8
codec-nounk-P	P5.4	P5.4	ascii	armonik	encode	default	20	338018.7	328341.3	359817.5	0.093	331942.8	342692.8
codec-nounk-P	P1.3	P1.3	ascii	core-native	decode-read	no-unknown	20	13064.4	13000.7	13153.5	0.012	13038.7	13076.8
codec-nounk-P	P6.1	P6.1	ascii	core-ffi	decode-nodrop	no-unknown	20	146311.2	137219.6	154649.8	0.119	142637.5	149181.4
codec-nounk-P	P1.1	P1.1	ascii	incumbent-prod	decode	default	20	1111.6	976.2	1137.4	0.145	1023.0	1119.6
codec-nounk-P	P4.1	P4.1	ascii	core-native	encode	no-unknown	20	23175.9	21311.6	24509.7	0.138	21675.2	23533.9
codec-nounk-P	P1.2/wide	P1.2	wide	armonik	decode	default	20	681740.0	648523.2	747574.1	0.145	666791.2	689000.4
codec-nounk-P	P4.1	P4.1	ascii	core-ffi	decode-nodrop	no-unknown	20	260895.0	247230.8	332662.5	0.327	257183.6	267306.4
codec-nounk-P	P1.1	P1.1	ascii	core-native	decode-read	no-unknown	20	1142.5	1117.4	1379.8	0.230	1137.2	1157.4
codec-nounk-P	P3.1	P3.1	ascii	armonik	encode	default	20	16508.9	16202.0	21032.5	0.293	16408.3	19980.0
codec-nounk-P	P1.2	P1.2	ascii	armonik	decode-nodrop	default	20	310277.4	304191.9	328669.1	0.079	308882.0	317239.9
codec-nounk-P	P1.2/latin1	P1.2	latin1	incumbent-prod	decode-read	default	20	633652.7	611731.4	670095.3	0.092	620431.9	646642.1
codec-nounk-P	P2.4	P2.4	ascii	core-native	decode	no-unknown	20	1524888.5	1489903.0	1609921.4	0.079	1503951.3	1546438.1
codec-nounk-P	P2.4	P2.4	ascii	core-ffi	decode-read	no-unknown	20	2207440.7	2154532.8	2390079.6	0.107	2190964.5	2235417.5
codec-nounk-P	P1.2/wide	P1.2	wide	incumbent-prod	encode	default	20	304016.7	297942.6	312091.1	0.047	301636.4	305420.6
codec-nounk-P	P3.1	P3.1	ascii	core-ffi	decode	no-unknown	20	32072.9	30765.3	33914.0	0.098	31698.3	33116.2
codec-nounk-P	P3.1	P3.1	ascii	core-native	decode-read	no-unknown	20	24462.2	24256.6	25495.5	0.051	24356.8	24684.9
codec-nounk-P	P1.2	P1.2	ascii	armonik	encode	default	20	317267.6	310908.7	324053.2	0.041	314362.7	320689.6
codec-nounk-P	P1.2/latin1	P1.2	latin1	incumbent-prod	encode	default	20	299813.8	296606.5	304422.2	0.026	299290.1	300673.2
codec-nounk-P	P2.2	P2.2	ascii	core-ffi	encode	no-unknown	20	384342.4	377319.5	389059.6	0.031	382010.9	386130.0
codec-nounk-P	P3.1	P3.1	ascii	armonik	decode	default	20	29918.1	29621.8	30451.8	0.028	29822.3	30078.1
codec-nounk-P	P1.2/wide	P1.2	wide	core-ffi	decode	no-unknown	20	933942.8	925338.7	952934.7	0.030	930693.7	938468.3
codec-nounk-P	P6.1	P6.1	ascii	core-ffi-pull	decode-read	no-unknown	20	186928.9	183420.0	194909.6	0.061	184957.7	187772.3
codec-nounk-P	P3.1	P3.1	ascii	core-native	decode	no-unknown	20	23159.3	22495.2	23725.1	0.053	23054.5	23429.2
codec-nounk-P	P2.2/wide	P2.2	wide	core-native	encode	no-unknown	20	244075.9	239769.1	251420.2	0.048	242059.0	246284.7
codec-nounk-P	P4.1	P4.1	ascii	core-ffi	decode-read	no-unknown	20	316965.5	312653.3	328305.1	0.049	313943.8	323620.9
codec-nounk-P	P5.2	P5.2	ascii	armonik	encode	default	20	1625.3	1612.9	1691.8	0.049	1618.9	1641.5
codec-nounk-P	P5.1	P5.1	ascii	core-ffi-pull	decode-read	no-unknown	20	164.9	159.1	167.9	0.053	163.7	166.0
codec-nounk-P	P1.3	P1.3	ascii	armonik	decode	default	20	12920.5	12578.9	13136.4	0.043	12892.5	13004.9
codec-nounk-P	P3.1	P3.1	ascii	incumbent-prod	decode-read	default	20	31993.0	31636.5	32509.5	0.027	31800.1	32141.1
codec-nounk-P	P1.1	P1.1	ascii	core-ffi	encode	no-unknown	20	300.2	294.7	316.2	0.072	298.2	304.1
codec-nounk-P	P6.1	P6.1	ascii	core-native	decode	no-unknown	20	154469.5	151136.5	166108.0	0.097	152688.5	155810.9
codec-nounk-P	P1.2/latin1	P1.2	latin1	core-native	decode-read	no-unknown	20	406832.4	401238.2	432326.8	0.076	402615.2	411511.0
codec-nounk-P	P1.2	P1.2	ascii	core-native	decode	no-unknown	20	296634.0	284572.8	306558.1	0.074	293994.2	299244.6
codec-nounk-P	P1.2/latin1	P1.2	latin1	core-ffi	decode-read	no-unknown	20	656241.3	604511.4	663334.2	0.090	609973.7	658317.7
codec-nounk-P	P1.2/wide	P1.2	wide	core-ffi	encode	no-unknown	20	92588.6	89403.6	95000.3	0.060	91712.4	93016.4
codec-nounk-P	P2.1	P2.1	ascii	core-ffi-pull	decode-read	no-unknown	20	2688.7	2586.4	2770.6	0.069	2654.4	2714.0
codec-nounk-P	P2.4	P2.4	ascii	armonik	encode	default	20	454625.2	447584.2	479140.0	0.069	451486.8	460474.9
codec-nounk-P	P1.2	P1.2	ascii	incumbent-prod	encode	default	20	234693.7	231596.5	245463.9	0.059	233006.5	238094.9
codec-nounk-P	P2.2/wide	P2.2	wide	core-ffi	encode	no-unknown	20	367053.6	339754.5	391053.5	0.140	361334.1	372807.2
codec-nounk-P	P2.2/wide	P2.2	wide	incumbent-prod	decode	default	20	1973522.4	1939321.4	2051104.4	0.057	1949343.3	1995395.8
codec-nounk-P	P2.2	P2.2	ascii	incumbent-prod	decode-read	default	20	1344802.2	1261553.0	1404131.0	0.106	1304131.3	1355962.5
codec-nounk-P	P7.1	P7.1	ascii	incumbent-prod	decode-read	default	20	305.2	285.4	315.6	0.099	291.0	311.0
codec-nounk-P	P2.5	P2.5	ascii	core-ffi-pull	decode	no-unknown	20	48445.0	47717.4	51411.3	0.076	48116.9	50033.1
codec-nounk-P	P1.2/latin1	P1.2	latin1	core-ffi-pull	decode-read	no-unknown	20	620838.0	596473.1	668500.6	0.116	606225.2	640739.6
codec-nounk-P	P2.3	P2.3	ascii	armonik	decode	default	20	1031667.7	1022963.4	1061982.8	0.038	1029493.1	1034922.1
codec-nounk-P	P5.1	P5.1	ascii	armonik	encode	default	20	50.5	48.7	52.1	0.067	50.0	50.8
codec-nounk-P	P5.2	P5.2	ascii	core-native	decode-read	no-unknown	20	1648.2	1643.8	1671.6	0.017	1646.0	1652.7
codec-nounk-P	P2.2	P2.2	ascii	core-native	encode	no-unknown	20	188921.5	174549.9	199443.9	0.132	175986.9	195088.4
codec-nounk-P	P5.4	P5.4	ascii	incumbent-prod	encode	default	20	331521.8	329286.7	334661.5	0.016	330795.6	332523.8
codec-nounk-P	P5.4	P5.4	ascii	core-ffi	decode	no-unknown	20	332466.0	328941.6	347273.9	0.055	331265.3	341300.0
codec-nounk-P	P7.1	P7.1	ascii	core-ffi-pull	decode	no-unknown	20	361.5	351.9	363.7	0.033	353.7	362.5
codec-nounk-P	P4.1	P4.1	ascii	core-native	decode-nodrop	no-unknown	20	175947.9	148720.9	183421.4	0.197	169096.2	177599.8
codec-nounk-P	P4.1	P4.1	ascii	incumbent-prod	encode	default	20	130634.0	127049.5	132987.0	0.045	130216.1	130920.7
codec-nounk-P	P1.2	P1.2	ascii	core-ffi	decode-read	no-unknown	20	461181.9	452503.4	464029.8	0.025	460372.6	462660.1
codec-nounk-P	P4.1	P4.1	ascii	incumbent-prod	decode-nodrop	default	20	209423.0	171922.0	214766.3	0.205	174199.8	211855.5
codec-nounk-P	P2.3	P2.3	ascii	core-native	decode-read	no-unknown	20	1175793.9	973031.9	1195184.0	0.189	1169227.9	1186312.9
codec-nounk-P	P6.1	P6.1	ascii	core-ffi	decode	no-unknown	20	150474.9	145752.7	153651.6	0.052	149471.4	151874.9
codec-nounk-P	P2.2	P2.2	ascii	incumbent-prod	decode	default	20	1134225.0	1126790.3	1154721.1	0.025	1130661.2	1138261.0
codec-nounk-P	P2.2/wide	P2.2	wide	core-ffi-pull	decode-read	no-unknown	20	3189126.6	2768690.2	3325905.2	0.175	2910694.7	3206712.6
codec-nounk-P	P1.2/wide	P1.2	wide	core-ffi-pull	decode	no-unknown	20	738884.2	732532.9	823734.8	0.123	735878.1	747994.9
codec-nounk-P	P2.4	P2.4	ascii	incumbent-prod	decode-read	default	20	1398560.8	1390891.5	1433278.4	0.030	1393115.4	1402390.2
codec-nounk-P	P2.5	P2.5	ascii	armonik	encode	default	20	20016.3	19848.3	20995.3	0.057	19951.2	20536.3
codec-nounk-P	P1.1	P1.1	ascii	core-ffi-pull	decode-read	no-unknown	20	1564.8	1445.8	1608.1	0.104	1558.2	1580.8
codec-nounk-P	P2.2	P2.2	ascii	core-ffi	decode-read	no-unknown	20	1590298.6	1577670.6	1616583.4	0.024	1587810.8	1598260.4
codec-nounk-P	P1.1	P1.1	ascii	core-native	encode	no-unknown	20	148.8	146.0	158.9	0.086	147.4	152.8
codec-nounk-P	P2.2/wide	P2.2	wide	armonik	decode	default	20	1999225.5	1973296.4	2021487.2	0.024	1989172.9	2010236.6
codec-nounk-P	P2.2/latin1	P2.2	latin1	incumbent-prod	encode	default	20	846466.1	787784.7	901884.2	0.135	824956.8	885877.1
codec-nounk-P	P5.4	P5.4	ascii	incumbent-prod	decode-read	default	20	333109.3	330232.4	337086.7	0.021	332396.1	333923.4
codec-nounk-P	P4.1	P4.1	ascii	armonik	decode-read	default	20	212663.7	210698.4	214484.8	0.018	211882.7	213203.1
codec-nounk-P	P1.2	P1.2	ascii	core-ffi-pull	decode-read	no-unknown	20	408931.8	379487.4	449480.4	0.171	385498.1	416580.5
codec-nounk-P	P2.2	P2.2	ascii	armonik	decode	default	20	1126500.0	1115891.0	1277956.7	0.144	1123164.2	1133795.8
codec-nounk-P	P7.1	P7.1	ascii	core-ffi-pull	decode-read	no-unknown	20	413.5	409.2	422.3	0.032	412.8	415.8
codec-nounk-P	P7.1	P7.1	ascii	armonik	decode	default	20	320.7	315.4	365.6	0.156	317.2	324.8
codec-nounk-P	P4.1	P4.1	ascii	incumbent-prod	decode	default	20	264948.0	263723.9	267346.5	0.014	264356.6	266203.5
codec-nounk-P	P2.1	P2.1	ascii	incumbent-prod	decode	default	20	1573.8	1498.0	1941.7	0.282	1511.4	1857.9
codec-nounk-P	P1.1	P1.1	ascii	core-native	decode	no-unknown	20	1084.4	1031.7	1110.1	0.072	1058.8	1089.1
codec-nounk-P	P2.1	P2.1	ascii	core-ffi	decode-read	no-unknown	20	3110.5	3075.2	3156.6	0.026	3100.9	3119.9
codec-nounk-P	P5.4	P5.4	ascii	core-ffi	encode	no-unknown	20	327862.1	318662.9	336417.6	0.054	324203.4	329675.8
codec-nounk-P	P5.4	P5.4	ascii	incumbent-prod	decode	default	20	329569.4	322445.0	396620.6	0.225	325694.9	334148.4
codec-nounk-P	P5.2	P5.2	ascii	incumbent-prod	decode	default	20	1715.9	1710.1	1949.4	0.139	1713.1	1723.9
codec-nounk-P	P2.4	P2.4	ascii	incumbent-prod	decode	default	20	1687156.3	1605533.5	1892928.2	0.170	1654838.1	1734564.9
codec-nounk-P	P2.2/latin1	P2.2	latin1	incumbent-prod	decode-read	default	20	2065049.8	1955274.8	2100355.2	0.070	2001440.6	2078867.5
codec-nounk-P	P2.3	P2.3	ascii	core-native	decode	no-unknown	20	1043625.2	1031047.6	1086724.9	0.053	1039692.9	1059808.3
codec-nounk-P	P1.2/latin1	P1.2	latin1	armonik	encode	default	20	320183.6	311873.1	326091.9	0.044	318875.6	322121.3
codec-nounk-P	P1.3	P1.3	ascii	core-native	encode	no-unknown	20	1735.1	1696.8	1766.0	0.040	1727.9	1744.8
codec-nounk-P	P2.5	P2.5	ascii	core-ffi	decode-read	no-unknown	20	64492.9	63908.0	66883.8	0.046	64118.8	64924.1
codec-nounk-P	P1.2	P1.2	ascii	core-ffi	decode	no-unknown	20	446223.5	440147.5	473907.0	0.076	443090.9	455144.6
codec-nounk-P	P2.1	P2.1	ascii	core-native	decode	no-unknown	20	1545.2	1522.9	1639.9	0.076	1537.7	1556.8
codec-nounk-P	P2.3	P2.3	ascii	core-ffi-pull	decode-read	no-unknown	20	1522317.1	1501569.3	1687267.6	0.122	1515819.2	1546535.2
codec-nounk-P	P1.2	P1.2	ascii	armonik	decode	default	20	290725.6	282750.6	386225.7	0.356	286814.4	295967.4
codec-nounk-P	P6.1	P6.1	ascii	core-native	decode-nodrop	no-unknown	20	154937.6	141231.6	166341.6	0.162	147639.3	157289.6
codec-nounk-P	P5.2	P5.2	ascii	incumbent-prod	decode-read	default	20	1665.8	1622.4	1750.6	0.077	1650.8	1675.7
codec-nounk-P	P3.1	P3.1	ascii	core-native	encode	no-unknown	20	3774.5	3709.5	3927.4	0.058	3758.3	3794.6
codec-nounk-P	P5.2	P5.2	ascii	armonik	decode-read	default	20	97.5	96.4	99.4	0.031	97.0	98.1
codec-nounk-P	P6.1	P6.1	ascii	armonik	decode-read	default	20	336904.7	334310.0	342847.0	0.025	334993.8	337948.0
codec-nounk-P	P2.2/wide	P2.2	wide	core-ffi	decode	no-unknown	20	3452045.5	3424150.0	3588193.3	0.048	3437283.5	3487786.1
codec-nounk-P	P4.1	P4.1	ascii	armonik	encode	default	20	131341.6	130464.6	133189.1	0.021	130903.1	131845.8
codec-nounk-P	P2.2/latin1	P2.2	latin1	core-native	decode-read	no-unknown	20	1836547.8	1828220.3	1882271.7	0.029	1830070.3	1850309.4
codec-nounk-P	P2.1	P2.1	ascii	armonik	decode	default	20	1859.1	1844.3	1873.2	0.016	1852.5	1869.3
codec-nounk-P	P2.4	P2.4	ascii	core-native	encode	no-unknown	20	194742.6	168344.3	237960.1	0.357	193238.0	197423.4
codec-nounk-P	P5.3	P5.3	ascii	core-ffi	decode	no-unknown	20	45432.7	43580.6	58815.4	0.335	44843.3	46624.3
codec-nounk-P	P1.2	P1.2	ascii	core-native	decode-nodrop	no-unknown	20	256485.3	238042.8	279762.6	0.163	249275.2	261226.4
codec-nounk-P	P7.1	P7.1	ascii	core-ffi	decode	no-unknown	20	374.5	370.2	382.6	0.033	373.0	377.2
codec-nounk-P	P1.3	P1.3	ascii	core-ffi-pull	decode	no-unknown	20	15318.9	15051.2	16212.1	0.076	15188.4	15431.7
codec-nounk-P	P2.1	P2.1	ascii	core-native	encode	no-unknown	20	281.2	276.9	298.3	0.076	279.6	285.2
codec-nounk-P	P2.4	P2.4	ascii	core-native	decode-read	no-unknown	20	1655151.2	1612312.8	1806782.7	0.117	1645158.2	1670248.0
codec-nounk-P	P2.4	P2.4	ascii	core-ffi	encode	no-unknown	20	350714.6	340193.4	377115.5	0.105	344362.6	361331.7
codec-nounk-P	P1.2/latin1	P1.2	latin1	armonik	decode	default	20	575851.4	571133.7	587972.3	0.029	575079.7	580124.0
codec-nounk-P	P2.2	P2.2	ascii	armonik	decode-nodrop	default	20	1082276.9	1074642.7	1102208.4	0.025	1078823.1	1094643.1
codec-nounk-P	P2.5	P2.5	ascii	core-ffi	encode	no-unknown	20	11350.7	11106.6	12204.3	0.097	11243.1	11427.2
codec-nounk-P	P2.2	P2.2	ascii	armonik	decode-read	default	20	1585630.9	1484010.0	1936009.2	0.285	1523183.5	1625899.2
codec-nounk-P	P2.2/wide	P2.2	wide	incumbent-prod	decode-read	default	20	2468776.1	2444573.2	2580836.2	0.055	2458693.0	2482081.2
codec-nounk-P	P2.2/latin1	P2.2	latin1	core-ffi-pull	decode	no-unknown	20	2585964.2	2567587.2	2665512.8	0.038	2576216.9	2602035.2
codec-nounk-P	P5.2	P5.2	ascii	armonik	decode	default	20	91.7	90.6	94.1	0.038	91.2	92.3
codec-nounk-P	P3.1	P3.1	ascii	core-ffi	encode	no-unknown	20	7954.3	7774.2	8184.3	0.052	7903.8	8025.4
codec-nounk-P	P1.1	P1.1	ascii	armonik	encode	default	20	1186.6	1163.9	1214.1	0.042	1183.4	1196.4
codec-nounk-P	P1.3	P1.3	ascii	incumbent-prod	decode-read	default	20	11883.9	11606.8	12352.9	0.063	11737.5	11989.4
codec-nounk-P	P2.3	P2.3	ascii	core-native	encode	no-unknown	20	130688.2	126328.9	143155.7	0.129	129336.9	134621.7
codec-nounk-P	P5.3	P5.3	ascii	incumbent-prod	encode	default	20	42362.8	36392.3	45090.5	0.205	41939.7	43820.5
codec-nounk-P	P1.3	P1.3	ascii	core-native	decode	no-unknown	20	11390.5	11267.0	11549.0	0.025	11309.5	11441.3
codec-nounk-P	P1.3	P1.3	ascii	core-ffi	decode-read	no-unknown	20	12976.0	12306.8	14976.4	0.206	12844.3	14561.4
codec-nounk-P	P2.2/latin1	P2.2	latin1	core-ffi	decode-read	no-unknown	20	2425720.1	2361399.8	2623388.5	0.108	2390850.3	2454270.1
codec-nounk-P	P1.2	P1.2	ascii	core-ffi-pull	decode	no-unknown	20	361566.8	347168.9	439946.4	0.257	354511.7	365277.0
codec-nounk-P	P3.1	P3.1	ascii	incumbent-prod	decode	default	20	25114.0	24660.7	31198.0	0.260	24880.5	25904.6
codec-nounk-P	P2.1	P2.1	ascii	incumbent-prod	decode-read	default	20	1616.3	1600.3	1673.6	0.045	1610.8	1626.2
codec-nounk-P	P2.4	P2.4	ascii	armonik	decode	default	20	1407078.2	1343900.5	1824381.8	0.341	1389124.6	1444135.3
codec-nounk-P	P2.2/latin1	P2.2	latin1	armonik	decode-read	default	20	1728069.7	1704597.7	1770813.2	0.038	1718531.0	1744041.5
codec-nounk-P	P1.2	P1.2	ascii	core-native	decode-read	no-unknown	20	263879.2	261450.2	276261.8	0.056	262787.7	266545.7
codec-nounk-P	P5.4	P5.4	ascii	core-ffi-pull	decode-read	no-unknown	20	356346.3	334082.4	418325.5	0.236	349244.4	367831.5
codec-nounk-P	P2.2	P2.2	ascii	core-native	decode-read	no-unknown	20	1293954.6	1080470.6	1341431.5	0.202	1125356.2	1302523.1
codec-nounk-P	P7.1	P7.1	ascii	core-native	decode-read	no-unknown	20	259.7	202.1	270.3	0.263	256.7	262.2
codec-nounk-P	P2.2	P2.2	ascii	core-ffi-pull	decode-read	no-unknown	20	1704348.5	1554641.6	2150954.4	0.350	1610358.3	1947326.1
codec-nounk-P	P2.5	P2.5	ascii	armonik	decode	default	20	50521.9	49267.5	52421.5	0.062	49764.5	51251.0
codec-nounk-P	P1.2/latin1	P1.2	latin1	core-ffi	decode	no-unknown	20	726173.9	718280.9	783608.1	0.090	724159.1	736241.5
codec-nounk-P	P2.3	P2.3	ascii	core-ffi-pull	decode	no-unknown	20	1485800.9	1215432.7	1519106.0	0.204	1397158.8	1498892.9
codec-nounk-P	P4.1	P4.1	ascii	core-ffi-pull	decode-read	no-unknown	20	301216.1	248211.5	306319.8	0.193	296324.3	302943.5
codec-nounk-P	P1.3	P1.3	ascii	core-ffi-pull	decode-read	no-unknown	20	13661.0	13269.5	14171.4	0.066	13432.5	14074.0
codec-nounk-P	P5.1	P5.1	ascii	incumbent-prod	decode	default	20	86.3	85.4	87.9	0.028	86.0	86.8
codec-nounk-P	P5.4	P5.4	ascii	armonik	decode-read	default	20	78.5	77.3	84.4	0.090	78.1	80.2
codec-nounk-P	P1.1	P1.1	ascii	armonik	decode	default	20	1036.4	1026.2	1051.8	0.025	1031.2	1039.7
codec-nounk-P	P5.2	P5.2	ascii	core-ffi-pull	decode-read	no-unknown	20	1725.7	1577.8	1818.3	0.139	1718.2	1742.9
codec-nounk-P	P5.3	P5.3	ascii	core-ffi	decode-read	no-unknown	20	43323.6	41951.7	46817.0	0.112	42705.7	44277.0
codec-nounk-P	P2.4	P2.4	ascii	incumbent-prod	encode	default	20	560437.0	555403.7	584883.8	0.053	558185.4	564043.2
codec-nounk-P	P4.1	P4.1	ascii	core-native	decode-read	no-unknown	20	243266.8	240822.8	251980.9	0.046	242318.7	244417.1
codec-nounk-P	P2.2/wide	P2.2	wide	core-ffi-pull	decode	no-unknown	20	3372393.5	3299522.0	3463096.0	0.049	3320766.3	3401170.2
codec-nounk-P	P1.2/latin1	P1.2	latin1	core-ffi	encode	no-unknown	20	105440.2	104013.5	111340.4	0.069	104817.9	106461.1
codec-nounk-P	P2.2/latin1	P2.2	latin1	core-native	decode	no-unknown	20	1742161.2	1722268.8	1791433.5	0.040	1737412.8	1750436.7
codec-nounk-P	P4.1	P4.1	ascii	core-ffi-pull	decode	no-unknown	20	284064.4	282534.4	292237.9	0.034	283490.9	285896.3
codec-nounk-P	P6.1	P6.1	ascii	incumbent-prod	decode	default	20	294562.9	289359.6	299174.9	0.033	293156.9	295891.1
codec-nounk-P	P6.1	P6.1	ascii	incumbent-prod	decode-read	default	20	319264.3	314395.1	324685.8	0.032	317502.3	320566.4
codec-nounk-P	P1.2	P1.2	ascii	core-ffi	encode	no-unknown	20	101711.1	96249.5	103774.2	0.074	100157.7	102764.5
codec-nounk-P	P7.1	P7.1	ascii	core-native	decode	no-unknown	20	247.0	239.7	251.4	0.048	245.7	248.1
codec-nounk-P	P1.2/latin1	P1.2	latin1	core-native	encode	no-unknown	20	57786.8	57284.0	66224.7	0.155	57546.8	58149.6
codec-nounk-P	P1.3	P1.3	ascii	armonik	decode-read	default	20	16912.0	16735.6	17411.8	0.040	16837.2	16948.9
codec-nounk-P	P2.3	P2.3	ascii	core-ffi	encode	no-unknown	20	239197.6	232048.5	243106.4	0.046	233188.4	239975.3
codec-nounk-P	P5.4	P5.4	ascii	core-ffi	decode-read	no-unknown	20	343062.5	311473.5	353174.9	0.122	317758.6	347233.2
codec-nounk-P	P5.4	P5.4	ascii	core-ffi-pull	decode	no-unknown	20	352785.1	345559.2	416457.4	0.201	349923.6	355913.3
codec-nounk-P	P4.1	P4.1	ascii	incumbent-prod	decode-read	default	20	281176.7	276776.7	291677.6	0.053	279028.1	284472.3
codec-nounk-P	P1.2	P1.2	ascii	incumbent-prod	decode-nodrop	default	20	333056.6	327359.8	354102.7	0.080	329909.2	338424.7
codec-nounk-P	P2.2	P2.2	ascii	incumbent-prod	encode	default	20	882239.3	865718.4	931262.9	0.074	872087.5	899372.4
codec-nounk-P	P1.3	P1.3	ascii	core-ffi	decode	no-unknown	20	13870.7	13626.2	15867.7	0.162	13793.3	14055.1
codec-nounk-P	P5.4	P5.4	ascii	armonik	decode	default	20	94.4	92.0	99.5	0.079	93.0	96.8
codec-nounk-P	P5.2	P5.2	ascii	core-ffi-pull	decode	no-unknown	20	1768.2	1705.3	1866.4	0.091	1763.1	1789.9
codec-nounk-P	P2.5	P2.5	ascii	core-ffi-pull	decode-read	no-unknown	20	63479.4	62813.7	66794.3	0.063	63234.3	64236.2
codec-nounk-P	P1.1	P1.1	ascii	core-ffi-pull	decode	no-unknown	20	1739.8	1716.8	1786.4	0.040	1732.2	1749.5
codec-nounk-P	P2.1	P2.1	ascii	armonik	decode-read	default	20	1985.1	1954.0	2254.1	0.151	1969.6	2006.3
codec-nounk-P	P1.1	P1.1	ascii	incumbent-prod	decode-read	default	20	1331.8	1292.7	1419.8	0.095	1314.4	1369.1
codec-nounk-P	P2.2	P2.2	ascii	armonik	encode	default	20	897871.4	869248.8	924774.4	0.062	893859.4	912058.4
codec-nounk-P	P2.2/latin1	P2.2	latin1	core-ffi-pull	decode-read	no-unknown	20	2768052.5	2704637.0	3140990.2	0.158	2729953.2	2799706.1
codec-nounk-P	P6.1	P6.1	ascii	core-native	encode	no-unknown	20	70828.5	69236.7	72394.6	0.045	70376.2	71243.0
codec-nounk-P	P5.2	P5.2	ascii	core-ffi	decode	no-unknown	20	1737.5	1724.0	1777.2	0.031	1727.1	1748.9
codec-nounk-P	P2.3	P2.3	ascii	incumbent-prod	encode	default	20	467455.8	452030.6	476275.7	0.052	462936.8	471592.0
codec-nounk-P	P2.1	P2.1	ascii	core-native	decode-read	no-unknown	20	1641.6	1621.0	1844.3	0.136	1633.3	1658.3
codec-nounk-P	P2.5	P2.5	ascii	core-native	decode	no-unknown	20	40895.2	38843.7	41782.3	0.072	40049.4	41359.7
codec-nounk-P	P6.1	P6.1	ascii	core-ffi	encode	no-unknown	20	81990.4	81135.3	85310.0	0.051	81614.6	82494.3
codec-nounk-P	P5.3	P5.3	ascii	incumbent-prod	decode-read	default	20	45013.0	40580.6	69090.7	0.633	43745.4	47307.8
codec-nounk-P	P4.1	P4.1	ascii	core-ffi	encode	no-unknown	20	57493.3	56913.2	60007.9	0.054	57102.6	58048.2
codec-nounk-P	P2.3	P2.3	ascii	armonik	encode	default	20	467408.8	456964.7	502828.5	0.098	461091.0	474891.7
codec-nounk-P	P2.2/wide	P2.2	wide	armonik	decode-read	default	20	2579519.2	2542655.5	2860599.8	0.123	2552900.7	2595688.8
codec-nounk-P	P2.2/latin1	P2.2	latin1	core-ffi	decode	no-unknown	20	2768352.4	2736648.8	2853764.0	0.042	2753264.7	2794441.2
codec-nounk-P	P2.5	P2.5	ascii	incumbent-prod	encode	default	20	25882.3	25270.8	32360.7	0.274	25641.0	26553.9
codec-nounk-P	P1.2/latin1	P1.2	latin1	core-ffi-pull	decode	no-unknown	20	719721.7	713919.6	740040.3	0.036	717004.9	725228.4
codec-nounk-P	P6.1	P6.1	ascii	armonik	encode	default	20	374721.8	294274.2	378595.8	0.225	368635.2	376562.0
codec-nounk-P	P1.2	P1.2	ascii	core-ffi	decode-nodrop	no-unknown	20	338373.0	311722.8	347807.3	0.107	331089.3	340396.0
codec-nounk-P	P3.1	P3.1	ascii	armonik	decode-read	default	20	25858.5	24312.0	26340.2	0.078	25742.8	25951.3
codec-nounk-P	P1.2	P1.2	ascii	incumbent-prod	decode-read	default	20	326412.0	323485.0	329120.9	0.017	325962.1	327721.3
codec-nounk-P	P4.1	P4.1	ascii	armonik	decode-nodrop	default	20	168334.3	163744.6	173629.3	0.059	166740.7	169544.6
codec-nounk-P	P2.5	P2.5	ascii	incumbent-prod	decode-read	default	20	41920.9	39801.6	46057.4	0.149	41744.4	42783.3
codec-nounk-P	P2.3	P2.3	ascii	core-ffi	decode-read	no-unknown	20	1288382.9	1240836.1	1351127.2	0.086	1260350.1	1313240.9
codec-nounk-P	P4.1	P4.1	ascii	armonik	decode	default	20	265485.5	207771.7	285107.5	0.291	220334.4	271638.8
codec-nounk-P	P5.1	P5.1	ascii	incumbent-prod	encode	default	20	59.7	58.8	70.3	0.192	59.5	60.1
codec-nounk-P	P5.1	P5.1	ascii	core-native	decode	no-unknown	20	92.2	90.0	110.3	0.220	91.0	94.8
codec-nounk-P	P2.2/wide	P2.2	wide	incumbent-prod	encode	default	20	926001.6	902683.7	949739.7	0.051	916617.0	935669.8
codec-nounk-P	P5.1	P5.1	ascii	core-native	encode	no-unknown	20	16.0	15.8	18.2	0.150	15.9	16.7
codec-nounk-P	P2.5	P2.5	ascii	incumbent-prod	decode	default	20	49539.3	48880.0	76115.9	0.550	49172.1	49788.8
codec-nounk-P	P5.1	P5.1	ascii	core-native	decode-read	no-unknown	20	94.3	90.9	112.9	0.234	93.2	96.8
codec-nounk-P	P2.1	P2.1	ascii	armonik	encode	default	20	1329.2	1303.0	1461.0	0.119	1314.8	1337.5
codec-nounk-P	P2.2/wide	P2.2	wide	core-ffi	decode-read	no-unknown	20	3626076.7	3430215.7	3772739.7	0.094	3565602.8	3667452.4
codec-nounk-P	P1.3	P1.3	ascii	incumbent-prod	decode	default	20	9895.1	9831.3	10146.1	0.032	9873.9	9976.3
codec-nounk-P	P5.2	P5.2	ascii	core-native	encode	no-unknown	20	1572.9	1562.1	1585.7	0.015	1565.8	1578.1
codec-nounk-P	P5.3	P5.3	ascii	core-native	decode-read	no-unknown	20	45944.3	43837.2	47468.8	0.079	44825.1	46725.1
codec-nounk-P	P2.2	P2.2	ascii	core-ffi	decode-nodrop	no-unknown	20	1616789.6	1555096.8	1745902.2	0.118	1603040.4	1643699.5
codec-nounk-P	P6.1	P6.1	ascii	armonik	decode-nodrop	default	20	302623.7	297783.8	315065.6	0.057	299536.8	310500.3
codec-nounk-P	P1.2	P1.2	ascii	armonik	decode-read	default	20	398896.3	388222.3	428210.7	0.100	393316.4	413943.4
codec-nounk-P	P5.2	P5.2	ascii	core-native	decode	no-unknown	20	1709.8	1676.2	1753.0	0.045	1692.2	1721.6
codec-nounk-P	P2.2/wide	P2.2	wide	armonik	encode	default	20	963158.1	920926.9	1031931.6	0.115	936412.2	997546.3
codec-nounk-P	P2.4	P2.4	ascii	core-ffi-pull	decode	no-unknown	20	2074667.5	2036799.6	2124233.0	0.042	2060948.4	2102374.4
codec-nounk-P	P1.2/wide	P1.2	wide	core-native	decode-read	no-unknown	20	638629.0	625906.5	677143.1	0.080	631695.4	650233.6
codec-nounk-P	P5.1	P5.1	ascii	core-ffi-pull	decode	no-unknown	20	161.1	158.8	175.4	0.103	160.0	162.0
codec-nounk-P	P1.1	P1.1	ascii	armonik	decode-read	default	20	1428.2	1397.8	1504.0	0.074	1420.0	1439.5
codec-nounk-P	P5.3	P5.3	ascii	core-native	encode	no-unknown	20	46205.1	44114.0	49601.3	0.119	45604.4	47045.3
codec-nounk-P	P5.3	P5.3	ascii	armonik	encode	default	20	42337.0	41208.1	44408.0	0.076	41653.7	42904.6
codec-nounk-U	U-wire-ListTasksDetailedResponse-page-as-wt2	U-wire-ListTasksDetailedResponse-page-as-wt2	ascii	core-ffi-pull	decode-read	no-unknown	20	5681.8	5611.8	5964.7	0.062	5649.8	5776.9
codec-nounk-U	U-root-u-len	U-root-u-len	ascii	core-ffi	encode	no-unknown	20	192.5	185.6	203.0	0.090	190.8	195.8
codec-nounk-U	U-deep-u-fixed32	U-deep-u-fixed32	ascii	incumbent-prod	decode	default	20	2133.9	2059.3	2441.5	0.179	2098.7	2166.5
codec-nounk-U	U-wire-ListTasksDetailedResponse-page-as-wt5	U-wire-ListTasksDetailedResponse-page-as-wt5	ascii	core-ffi-pull	decode	no-unknown	20	5568.3	5426.9	6269.8	0.151	5472.8	5632.3
codec-nounk-U	U-nested-interleaved	U-nested-interleaved	ascii	incumbent-prod	encode	default	20	246.5	241.6	251.8	0.041	244.1	247.9
codec-nounk-U	U-nested-u-len	U-nested-u-len	ascii	core-native	decode-read	no-unknown	20	264.2	255.6	282.0	0.100	259.3	271.0
codec-nounk-U	U-root-interleaved	U-root-interleaved	ascii	core-native	decode	no-unknown	20	576.8	563.5	614.6	0.089	573.6	585.5
codec-nounk-U	U-oneof-u-varint	U-oneof-u-varint	ascii	core-native	decode	no-unknown	20	95.4	94.5	99.4	0.051	94.9	97.3
codec-nounk-U	U-wire-ListMetricsResponse-batches-as-wt0	U-wire-ListMetricsResponse-batches-as-wt0	ascii	core-ffi	decode	no-unknown	20	1585.5	1527.4	1630.8	0.065	1565.3	1606.4
codec-nounk-U	U-wire-DualResponse-left-as-wt1	U-wire-DualResponse-left-as-wt1	ascii	core-ffi-pull	decode	no-unknown	20	264.2	204.6	277.3	0.275	208.8	268.1
codec-nounk-U	U-element-u-msg	U-element-u-msg	ascii	core-ffi-pull	decode-read	no-unknown	20	2112.3	2077.4	2161.6	0.040	2095.2	2128.4
codec-nounk-U	U-element-u-fixed64	U-element-u-fixed64	ascii	core-native	encode	no-unknown	20	189.7	188.4	194.6	0.033	188.9	190.8
codec-nounk-U	U-nested-u-msg	U-nested-u-msg	ascii	core-native	encode	no-unknown	20	35.0	34.4	36.9	0.071	34.9	35.2
codec-nounk-U	U-wire-ListResultsResponse-page-as-wt2	U-wire-ListResultsResponse-page-as-wt2	ascii	core-native	decode-read	no-unknown	20	428.9	421.4	470.3	0.114	425.9	434.9
codec-nounk-U	U-element-u-fixed64	U-element-u-fixed64	ascii	incumbent-prod	encode	default	20	961.7	944.5	1002.5	0.060	957.2	967.6
codec-nounk-U	U-oneof-u-msg	U-oneof-u-msg	ascii	core-ffi	decode-read	no-unknown	20	154.1	121.2	159.1	0.246	122.4	155.6
codec-nounk-U	U-oneof-before	U-oneof-before	ascii	armonik	decode	default	20	202.7	197.2	212.6	0.076	199.9	205.5
codec-nounk-U	U-oneof-u-fixed32	U-oneof-u-fixed32	ascii	core-native	decode-read	no-unknown	20	98.1	96.9	101.9	0.051	97.6	98.6
codec-nounk-U	U-oneof-u-len	U-oneof-u-len	ascii	core-ffi	decode-read	no-unknown	20	154.2	151.6	158.9	0.048	153.3	154.9
codec-nounk-U	U-root-all	U-root-all	ascii	core-ffi-pull	decode	no-unknown	20	868.5	849.1	927.2	0.090	858.1	886.3
codec-nounk-U	U-wire-DualResponse-left-as-wt0	U-wire-DualResponse-left-as-wt0	ascii	core-native	decode-read	no-unknown	20	193.3	190.1	204.1	0.072	191.5	195.9
codec-nounk-U	U-leaf-u-len	U-leaf-u-len	ascii	core-ffi	encode	no-unknown	20	103.1	100.8	113.0	0.119	102.2	109.0
codec-nounk-U	U-deep-u-fixed64	U-deep-u-fixed64	ascii	core-native	decode	no-unknown	20	1394.0	1362.6	1466.9	0.075	1378.9	1408.4
codec-nounk-U	U-nested-u-fixed32	U-nested-u-fixed32	ascii	armonik	encode	default	20	265.0	259.3	273.5	0.054	263.4	266.5
codec-nounk-U	U-wire-ListTaskSummaryResponse-tasks-as-wt1	U-wire-ListTaskSummaryResponse-tasks-as-wt1	ascii	core-ffi-pull	decode-read	no-unknown	20	2563.0	2532.2	2583.4	0.020	2550.9	2570.1
codec-nounk-U	U-leaf-u-msg	U-leaf-u-msg	ascii	core-ffi	decode	no-unknown	20	405.3	403.2	418.3	0.037	404.5	408.1
codec-nounk-U	U-oneof-u-len	U-oneof-u-len	ascii	incumbent-prod	decode-read	default	20	132.7	129.8	136.3	0.049	132.1	133.7
codec-nounk-U	U-leaf-u-len	U-leaf-u-len	ascii	core-native	decode-read	no-unknown	20	273.0	267.1	318.4	0.188	269.2	276.8
codec-nounk-U	U-wire-ListMetricsResponse-batches-as-wt0	U-wire-ListMetricsResponse-batches-as-wt0	ascii	core-native	encode	no-unknown	20	630.1	620.9	637.6	0.026	627.2	632.6
codec-nounk-U	U-deep-u-packed	U-deep-u-packed	ascii	core-ffi	decode	no-unknown	20	2709.0	2644.7	2773.2	0.047	2672.4	2732.7
codec-nounk-U	U-oneof-all	U-oneof-all	ascii	armonik	encode	default	20	112.7	106.6	119.4	0.114	111.9	114.3
codec-nounk-U	U-wire-ListResultsResponse-results-as-wt0	U-wire-ListResultsResponse-results-as-wt0	ascii	core-ffi	decode	no-unknown	20	875.9	853.3	918.1	0.074	866.7	887.1
codec-nounk-U	U-leaf-u-varint	U-leaf-u-varint	ascii	incumbent-prod	decode	default	20	323.1	317.7	340.4	0.070	321.5	326.0
codec-nounk-U	U-root-u-msg	U-root-u-msg	ascii	core-native	encode	no-unknown	20	98.9	96.6	111.3	0.148	97.7	100.6
codec-nounk-U	U-enum-value-999	U-enum-value-999	ascii	core-native	encode	no-unknown	20	15.5	14.7	16.4	0.109	15.2	16.0
codec-nounk-U	U-wire-ListMetricsResponse-batches-as-wt1	U-wire-ListMetricsResponse-batches-as-wt1	ascii	core-ffi	decode-read	no-unknown	20	1811.7	1758.7	1907.0	0.082	1791.7	1835.6
codec-nounk-U	U-element-u-fixed64	U-element-u-fixed64	ascii	core-native	decode	no-unknown	20	1341.4	1285.7	1406.2	0.090	1330.9	1357.4
codec-nounk-U	U-deep-u-varint	U-deep-u-varint	ascii	core-native	decode	no-unknown	20	1387.1	1368.0	1437.0	0.050	1383.9	1407.0
codec-nounk-U	U-nested-u-msg	U-nested-u-msg	ascii	core-ffi	decode-read	no-unknown	20	414.8	402.4	458.6	0.136	408.3	421.3
codec-nounk-U	U-root-u-fixed64	U-root-u-fixed64	ascii	incumbent-prod	encode	default	20	563.8	553.2	588.8	0.063	560.5	570.1
codec-nounk-U	U-wire-ListTaskSummaryResponse-tasks-as-wt1	U-wire-ListTaskSummaryResponse-tasks-as-wt1	ascii	core-native	decode-read	no-unknown	20	1832.9	1801.2	1919.2	0.064	1821.0	1840.9
codec-nounk-U	U-oneof-member-after-known	U-oneof-member-after-known	ascii	core-ffi-pull	decode-read	no-unknown	20	160.3	154.9	178.6	0.148	159.8	162.2
codec-nounk-U	U-wire-ListTasksDetailedResponse-tasks-as-wt0	U-wire-ListTasksDetailedResponse-tasks-as-wt0	ascii	core-ffi	encode	no-unknown	20	1184.0	1144.2	1221.7	0.065	1164.4	1194.8
codec-nounk-U	U-nested-u-repeated	U-nested-u-repeated	ascii	core-ffi	decode-read	no-unknown	20	425.0	415.5	438.0	0.053	421.9	428.4
codec-nounk-U	U-wire-ListMetricsResponse-batches-as-wt0	U-wire-ListMetricsResponse-batches-as-wt0	ascii	core-ffi	encode	no-unknown	20	748.9	739.0	771.1	0.043	743.3	751.8
codec-nounk-U	U-leaf-u-varint	U-leaf-u-varint	ascii	incumbent-prod	encode	default	20	246.2	241.6	255.4	0.056	244.6	249.8
codec-nounk-U	U-deep-u-repeated	U-deep-u-repeated	ascii	core-ffi-pull	decode-read	no-unknown	20	2772.1	2705.7	6135.4	1.237	2732.6	2859.4
codec-nounk-U	U-root-max-tag	U-root-max-tag	ascii	incumbent-prod	encode	default	20	569.2	554.8	597.9	0.076	562.3	572.5
codec-nounk-U	U-oneof-u-msg	U-oneof-u-msg	ascii	incumbent-prod	decode-read	default	20	135.5	133.0	146.5	0.100	134.5	138.9
codec-nounk-U	U-leaf-u-repeated	U-leaf-u-repeated	ascii	core-ffi-pull	decode-read	no-unknown	20	425.0	356.8	456.5	0.235	388.9	438.9
codec-nounk-U	U-oneof-u-packed	U-oneof-u-packed	ascii	core-ffi-pull	decode	no-unknown	20	121.0	117.3	127.2	0.082	119.5	126.1
codec-nounk-U	U-root-max-tag	U-root-max-tag	ascii	core-ffi-pull	decode-read	no-unknown	20	676.4	671.9	691.3	0.029	675.4	677.9
codec-nounk-U	U-oneof-all	U-oneof-all	ascii	core-native	decode-read	no-unknown	20	102.3	98.8	107.7	0.087	100.4	103.7
codec-nounk-U	U-wire-UploadResultDataMessage-upload-as-wt0	U-wire-UploadResultDataMessage-upload-as-wt0	ascii	core-ffi	decode-read	no-unknown	20	126.7	124.4	129.2	0.038	125.9	127.1
codec-nounk-U	U-enum-value-2147483647	U-enum-value-2147483647	ascii	armonik	decode-read	default	20	90.8	89.2	93.1	0.042	90.4	91.5
codec-nounk-U	U-leaf-u-packed	U-leaf-u-packed	ascii	armonik	decode-read	default	20	254.4	249.7	263.8	0.055	252.0	257.4
codec-nounk-U	U-deep-u-len	U-deep-u-len	ascii	incumbent-prod	encode	default	20	976.7	957.4	1130.1	0.177	967.3	983.4
codec-nounk-U	U-wire-ListMetricsResponse-batches-as-wt5	U-wire-ListMetricsResponse-batches-as-wt5	ascii	core-native	encode	no-unknown	20	497.5	487.3	523.7	0.073	493.9	504.6
codec-nounk-U	U-root-u-fixed32	U-root-u-fixed32	ascii	armonik	encode	default	20	467.5	456.3	485.8	0.063	461.2	469.9
codec-nounk-U	U-leaf-u-fixed32	U-leaf-u-fixed32	ascii	core-native	encode	no-unknown	20	36.0	34.5	37.7	0.089	35.4	36.9
codec-nounk-U	U-wire-DualResponse-left-as-wt5	U-wire-DualResponse-left-as-wt5	ascii	core-ffi-pull	decode-read	no-unknown	20	229.3	215.6	235.9	0.088	221.9	231.4
codec-nounk-U	U-root-interleaved	U-root-interleaved	ascii	armonik	decode	default	20	569.1	559.0	584.2	0.044	563.6	576.4
codec-nounk-U	U-wire-ListMetricsResponse-batches-as-wt1	U-wire-ListMetricsResponse-batches-as-wt1	ascii	core-native	decode-read	no-unknown	20	1395.8	1356.5	1547.7	0.137	1370.1	1448.1
codec-nounk-U	U-element-u-fixed64	U-element-u-fixed64	ascii	incumbent-prod	decode-read	default	20	1459.3	1440.0	1488.5	0.033	1452.6	1463.4
codec-nounk-U	U-root-u-repeated	U-root-u-repeated	ascii	armonik	decode	default	20	569.7	516.3	695.1	0.314	528.5	680.5
codec-nounk-U	U-leaf-u-len	U-leaf-u-len	ascii	armonik	decode	default	20	317.1	307.5	332.1	0.078	312.1	321.4
codec-nounk-U	U-oneof-interleaved	U-oneof-interleaved	ascii	core-native	encode	no-unknown	20	23.5	22.6	24.5	0.082	23.0	23.8
codec-nounk-U	U-root-group	U-root-group	ascii	core-native	decode-read	no-unknown	20	565.9	556.8	717.5	0.284	561.8	576.6
codec-nounk-U	U-oneof-u-packed	U-oneof-u-packed	ascii	core-ffi	decode-read	no-unknown	20	154.3	151.3	156.5	0.034	153.9	155.5
codec-nounk-U	U-enum-value-999	U-enum-value-999	ascii	incumbent-prod	encode	default	20	55.8	54.7	56.8	0.038	55.6	56.3
codec-nounk-U	U-root-u-varint	U-root-u-varint	ascii	core-ffi-pull	decode	no-unknown	20	845.8	834.5	911.4	0.091	842.3	848.9
codec-nounk-U	U-leaf-all	U-leaf-all	ascii	core-native	encode	no-unknown	20	44.8	44.0	47.1	0.068	44.5	45.3
codec-nounk-U	U-deep-u-packed	U-deep-u-packed	ascii	core-ffi	encode	no-unknown	20	537.8	530.9	559.9	0.054	535.5	544.8
codec-nounk-U	U-leaf-u-msg	U-leaf-u-msg	ascii	incumbent-prod	decode-read	default	20	321.7	315.3	364.9	0.154	319.7	324.1
codec-nounk-U	U-element-u-packed	U-element-u-packed	ascii	core-native	encode	no-unknown	20	243.7	239.8	263.7	0.098	242.4	245.9
codec-nounk-U	U-root-u-len	U-root-u-len	ascii	core-native	decode	no-unknown	20	514.1	505.8	594.5	0.173	511.2	516.8
codec-nounk-U	U-wire-UploadResultDataMessage-upload-as-wt5	U-wire-UploadResultDataMessage-upload-as-wt5	ascii	core-ffi	encode	no-unknown	20	32.8	32.0	34.5	0.076	32.4	32.9
codec-nounk-U	U-root-group	U-root-group	ascii	core-ffi-pull	decode-read	no-unknown	20	896.1	885.3	927.4	0.047	891.0	901.5
codec-nounk-U	U-wire-DualResponse-left-as-wt5	U-wire-DualResponse-left-as-wt5	ascii	core-ffi	decode-read	no-unknown	20	265.9	261.8	281.6	0.074	264.3	269.5
codec-nounk-U	U-root-u-repeated	U-root-u-repeated	ascii	core-native	decode	no-unknown	20	500.4	469.9	546.7	0.154	475.1	503.4
codec-nounk-U	U-nested-u-len	U-nested-u-len	ascii	core-native	encode	no-unknown	20	43.5	41.5	46.0	0.105	42.2	44.8
codec-nounk-U	U-root-u-packed	U-root-u-packed	ascii	incumbent-prod	decode-read	default	20	649.1	608.7	740.6	0.203	635.3	656.5
codec-nounk-U	U-element-u-msg	U-element-u-msg	ascii	core-native	decode-read	no-unknown	20	1486.2	1460.4	1523.4	0.042	1479.9	1490.7
codec-nounk-U	U-leaf-u-fixed64	U-leaf-u-fixed64	ascii	incumbent-prod	decode	default	20	309.4	304.3	348.5	0.143	307.6	311.6
codec-nounk-U	U-root-u-fixed32	U-root-u-fixed32	ascii	armonik	decode	default	20	669.2	626.3	734.6	0.162	657.2	671.7
codec-nounk-U	U-nested-u-fixed32	U-nested-u-fixed32	ascii	armonik	decode	default	20	284.4	277.4	305.2	0.098	281.3	287.8
codec-nounk-U	U-leaf-u-fixed64	U-leaf-u-fixed64	ascii	core-ffi-pull	decode-read	no-unknown	20	405.2	401.2	413.6	0.031	403.4	408.0
codec-nounk-U	U-nested-u-fixed32	U-nested-u-fixed32	ascii	core-ffi-pull	decode-read	no-unknown	20	394.2	384.7	402.7	0.046	389.8	398.3
codec-nounk-U	U-root-u-len	U-root-u-len	ascii	incumbent-prod	decode	default	20	574.4	564.0	608.7	0.078	570.2	579.0
codec-nounk-U	U-nested-interleaved	U-nested-interleaved	ascii	core-ffi-pull	decode-read	no-unknown	20	409.0	403.4	414.9	0.028	407.2	409.9
codec-nounk-U	U-nested-before	U-nested-before	ascii	core-native	decode	no-unknown	20	236.4	229.7	259.7	0.127	232.4	241.4
codec-nounk-U	U-root-u-repeated	U-root-u-repeated	ascii	core-ffi	encode	no-unknown	20	149.1	143.7	154.0	0.069	147.9	150.5
codec-nounk-U	U-leaf-u-len	U-leaf-u-len	ascii	incumbent-prod	decode	default	20	243.2	240.9	248.7	0.032	241.2	244.6
codec-nounk-U	U-deep-all	U-deep-all	ascii	incumbent-prod	decode-read	default	20	1964.3	1528.7	2040.0	0.260	1595.8	1994.2
codec-nounk-U	U-root-u-fixed32	U-root-u-fixed32	ascii	core-ffi	decode-read	no-unknown	20	880.7	852.3	1511.9	0.749	864.3	954.9
codec-nounk-U	U-deep-u-packed	U-deep-u-packed	ascii	armonik	decode-read	default	20	1898.5	1843.2	2735.9	0.470	1873.8	1998.0
codec-nounk-U	U-deep-all	U-deep-all	ascii	core-ffi	decode-read	no-unknown	20	2854.1	2259.6	4092.7	0.642	2392.7	2963.3
codec-nounk-U	U-leaf-u-varint	U-leaf-u-varint	ascii	armonik	encode	default	20	219.2	205.8	247.6	0.191	213.5	229.9
codec-nounk-U	U-root-before	U-root-before	ascii	core-native	encode	no-unknown	20	78.2	76.6	81.5	0.062	78.0	79.5
codec-nounk-U	U-oneof-member-alone	U-oneof-member-alone	ascii	core-native	decode	no-unknown	20	74.8	73.8	79.1	0.071	74.3	76.7
codec-nounk-U	U-wire-ListProbeResponse-probes-as-wt0	U-wire-ListProbeResponse-probes-as-wt0	ascii	core-ffi	decode	no-unknown	20	255.4	244.4	265.3	0.082	250.0	258.1
codec-nounk-U	U-wire-UploadResultDataMessage-upload-as-wt0	U-wire-UploadResultDataMessage-upload-as-wt0	ascii	core-ffi-pull	decode	no-unknown	20	131.6	128.5	140.5	0.091	130.4	135.2
codec-nounk-U	U-wire-ListResultsResponse-page-as-wt1	U-wire-ListResultsResponse-page-as-wt1	ascii	core-ffi	encode	no-unknown	20	152.1	148.2	159.6	0.075	150.6	153.8
codec-nounk-U	U-root-before	U-root-before	ascii	armonik	encode	default	20	594.7	479.3	621.8	0.240	585.4	599.7
codec-nounk-U	U-deep-u-packed	U-deep-u-packed	ascii	incumbent-prod	decode	default	20	1794.1	1760.0	1867.7	0.060	1778.5	1806.0
codec-nounk-U	U-leaf-u-varint	U-leaf-u-varint	ascii	armonik	decode-read	default	20	336.1	328.0	355.6	0.082	332.9	339.1
codec-nounk-U	U-nested-before	U-nested-before	ascii	core-ffi	encode	no-unknown	20	100.9	99.9	121.1	0.211	100.5	101.7
codec-nounk-U	U-oneof-group	U-oneof-group	ascii	armonik	encode	default	20	114.3	107.7	132.8	0.220	110.8	116.4
codec-nounk-U	U-deep-u-varint	U-deep-u-varint	ascii	core-native	decode-read	no-unknown	20	1505.0	1481.6	1674.3	0.128	1488.7	1533.9
codec-nounk-U	U-nested-group	U-nested-group	ascii	core-native	decode	no-unknown	20	316.0	311.1	332.7	0.068	314.5	319.6
codec-nounk-U	U-element-u-fixed32	U-element-u-fixed32	ascii	core-native	encode	no-unknown	20	246.0	237.3	270.8	0.136	245.1	250.2
codec-nounk-U	U-deep-u-varint	U-deep-u-varint	ascii	core-ffi	decode-read	no-unknown	20	2749.9	2688.3	3348.6	0.240	2720.8	2813.9
codec-nounk-U	U-wire-DualResponse-left-as-wt1	U-wire-DualResponse-left-as-wt1	ascii	core-ffi	decode-read	no-unknown	20	266.9	260.3	273.4	0.049	263.6	268.4
codec-nounk-U	U-wire-ListTasksDetailedResponse-tasks-as-wt5	U-wire-ListTasksDetailedResponse-tasks-as-wt5	ascii	core-ffi	decode-read	no-unknown	20	5774.4	5702.1	5964.9	0.046	5745.0	5803.0
codec-nounk-U	U-nested-u-varint	U-nested-u-varint	ascii	armonik	decode-read	default	20	317.3	309.2	350.5	0.130	314.0	322.4
codec-nounk-U	U-enum-value-127	U-enum-value-127	ascii	core-ffi	decode	no-unknown	20	107.3	103.5	113.1	0.090	105.9	109.2
codec-nounk-U	U-root-u-fixed32	U-root-u-fixed32	ascii	core-ffi-pull	decode	no-unknown	20	816.9	798.1	886.6	0.108	811.1	832.2
codec-nounk-U	U-leaf-u-len	U-leaf-u-len	ascii	core-native	decode	no-unknown	20	241.9	232.3	250.5	0.075	237.4	244.3
codec-nounk-U	U-oneof-all	U-oneof-all	ascii	core-ffi	decode-read	no-unknown	20	187.1	180.7	202.6	0.117	182.8	190.0
codec-nounk-U	U-oneof-u-packed	U-oneof-u-packed	ascii	armonik	decode-read	default	20	132.8	131.6	135.7	0.031	132.3	133.4
codec-nounk-U	U-root-u-varint	U-root-u-varint	ascii	armonik	decode-read	default	20	668.7	653.3	680.6	0.041	661.3	671.6
codec-nounk-U	U-wire-ListTasksDetailedResponse-page-as-wt5	U-wire-ListTasksDetailedResponse-page-as-wt5	ascii	core-native	encode	no-unknown	20	544.7	529.1	553.9	0.046	537.1	548.1
codec-nounk-U	U-oneof-before	U-oneof-before	ascii	core-native	decode-read	no-unknown	20	128.9	125.6	134.8	0.072	128.0	131.1
codec-nounk-U	U-root-max-tag	U-root-max-tag	ascii	core-native	encode	no-unknown	20	97.4	95.4	100.2	0.049	97.1	97.9
codec-nounk-U	U-wire-ListMetricsResponse-batches-as-wt0	U-wire-ListMetricsResponse-batches-as-wt0	ascii	core-ffi-pull	decode-read	no-unknown	20	1639.6	1590.5	1734.3	0.088	1613.4	1660.2
codec-nounk-U	U-wire-ListTasksDetailedResponse-page-as-wt2	U-wire-ListTasksDetailedResponse-page-as-wt2	ascii	core-ffi	decode	no-unknown	20	5591.9	5498.0	5662.5	0.029	5567.9	5637.8
codec-nounk-U	U-oneof-u-fixed64	U-oneof-u-fixed64	ascii	core-ffi	decode	no-unknown	20	148.2	145.6	150.2	0.031	147.4	148.7
codec-nounk-U	U-root-interleaved	U-root-interleaved	ascii	core-ffi	encode	no-unknown	20	190.7	184.8	194.9	0.053	188.9	192.0
codec-nounk-U	U-deep-u-fixed32	U-deep-u-fixed32	ascii	core-ffi	decode-read	no-unknown	20	2763.1	2712.7	2894.8	0.066	2749.3	2780.2
codec-nounk-U	U-nested-all	U-nested-all	ascii	armonik	encode	default	20	259.8	255.7	263.0	0.028	258.6	261.9
codec-nounk-U	U-enum-value-packed	U-enum-value-packed	ascii	core-ffi-pull	decode-read	no-unknown	20	233.2	231.1	239.5	0.036	232.9	234.2
codec-nounk-U	U-root-before	U-root-before	ascii	core-native	decode-read	no-unknown	20	620.2	611.0	639.8	0.047	619.0	623.4
codec-nounk-U	U-enum-value-packed	U-enum-value-packed	ascii	core-ffi	encode	no-unknown	20	74.0	72.9	74.7	0.024	73.3	74.3
codec-nounk-U	U-deep-all	U-deep-all	ascii	armonik	decode-read	default	20	1977.6	1937.8	2038.5	0.051	1957.6	1989.0
codec-nounk-U	U-deep-all	U-deep-all	ascii	incumbent-prod	decode	default	20	1906.8	1851.7	2038.1	0.098	1887.1	1932.3
codec-nounk-U	U-wire-ListTasksDetailedResponse-page-as-wt2	U-wire-ListTasksDetailedResponse-page-as-wt2	ascii	core-native	decode-read	no-unknown	20	3536.9	3441.8	3740.8	0.085	3502.6	3568.4
codec-nounk-U	U-wire-ListResultsResponse-page-as-wt5	U-wire-ListResultsResponse-page-as-wt5	ascii	core-native	encode	no-unknown	20	96.4	94.6	105.4	0.113	95.5	96.9
codec-nounk-U	U-nested-u-packed	U-nested-u-packed	ascii	core-native	decode	no-unknown	20	239.8	233.8	261.5	0.115	237.2	242.7
codec-nounk-U	U-leaf-u-packed	U-leaf-u-packed	ascii	core-native	encode	no-unknown	20	45.7	43.6	59.2	0.342	45.0	46.2
codec-nounk-U	U-root-u-msg	U-root-u-msg	ascii	armonik	decode-read	default	20	691.6	673.5	739.6	0.096	684.1	701.1
codec-nounk-U	U-oneof-u-msg	U-oneof-u-msg	ascii	core-native	decode-read	no-unknown	20	100.7	99.6	104.3	0.047	100.3	101.4
codec-nounk-U	U-oneof-member-after-known	U-oneof-member-after-known	ascii	core-ffi-pull	decode	no-unknown	20	153.5	149.3	160.3	0.072	152.4	154.5
codec-nounk-U	U-leaf-all	U-leaf-all	ascii	core-native	decode	no-unknown	20	293.4	285.7	302.4	0.057	289.7	296.0
codec-nounk-U	U-wire-ListResultsResponse-results-as-wt0	U-wire-ListResultsResponse-results-as-wt0	ascii	core-ffi	decode-read	no-unknown	20	863.9	852.5	894.9	0.049	858.1	872.6
codec-nounk-U	U-root-u-fixed64	U-root-u-fixed64	ascii	core-native	decode-read	no-unknown	20	563.5	553.6	588.9	0.063	558.2	567.8
codec-nounk-U	U-wire-ListResultsResponse-page-as-wt5	U-wire-ListResultsResponse-page-as-wt5	ascii	core-ffi	decode	no-unknown	20	854.5	837.1	905.1	0.080	841.1	858.9
codec-nounk-U	U-element-u-repeated	U-element-u-repeated	ascii	core-native	decode	no-unknown	20	1384.1	1352.7	1428.7	0.055	1375.1	1393.7
codec-nounk-U	U-oneof-interleaved	U-oneof-interleaved	ascii	armonik	decode	default	20	205.2	197.4	216.7	0.094	203.0	208.0
codec-nounk-U	U-nested-u-varint	U-nested-u-varint	ascii	incumbent-prod	decode	default	20	307.5	302.3	473.3	0.556	304.7	311.4
codec-nounk-U	U-root-u-varint	U-root-u-varint	ascii	core-ffi	decode-read	no-unknown	20	903.1	890.2	940.8	0.056	896.5	907.9
codec-nounk-U	U-oneof-u-len	U-oneof-u-len	ascii	core-native	decode	no-unknown	20	93.5	92.0	95.9	0.041	92.9	94.9
codec-nounk-U	U-root-u-varint	U-root-u-varint	ascii	core-native	decode	no-unknown	20	540.9	527.7	570.7	0.080	533.9	554.3
codec-nounk-U	U-wire-DualResponse-left-as-wt1	U-wire-DualResponse-left-as-wt1	ascii	core-ffi	encode	no-unknown	20	88.5	82.6	110.9	0.320	85.3	94.5
codec-nounk-U	U-leaf-all	U-leaf-all	ascii	armonik	encode	default	20	260.4	255.2	282.7	0.105	258.3	263.0
codec-nounk-U	U-deep-u-fixed64	U-deep-u-fixed64	ascii	core-native	decode-read	no-unknown	20	1508.0	1471.0	2165.8	0.461	1488.6	1547.9
codec-nounk-U	U-root-u-fixed32	U-root-u-fixed32	ascii	armonik	decode-read	default	20	535.5	506.5	571.6	0.122	527.6	540.0
codec-nounk-U	U-wire-ListTasksDetailedResponse-tasks-as-wt1	U-wire-ListTasksDetailedResponse-tasks-as-wt1	ascii	core-native	encode	no-unknown	20	430.2	426.4	433.7	0.017	428.1	431.2
codec-nounk-U	U-wire-UploadResultDataMessage-upload-as-wt0	U-wire-UploadResultDataMessage-upload-as-wt0	ascii	core-native	encode	no-unknown	20	12.3	12.0	12.7	0.055	12.1	12.4
codec-nounk-U	U-wire-ListTasksDetailedResponse-tasks-as-wt1	U-wire-ListTasksDetailedResponse-tasks-as-wt1	ascii	core-native	decode	no-unknown	20	2539.8	2505.8	2607.0	0.040	2530.3	2561.9
codec-nounk-U	U-deep-u-repeated	U-deep-u-repeated	ascii	core-ffi-pull	decode	no-unknown	20	2049.7	2027.2	2090.8	0.031	2043.5	2055.5
codec-nounk-U	U-leaf-u-len	U-leaf-u-len	ascii	armonik	encode	default	20	205.5	200.2	214.0	0.067	203.7	206.2
codec-nounk-U	U-oneof-u-fixed32	U-oneof-u-fixed32	ascii	core-ffi	decode-read	no-unknown	20	120.6	117.5	125.4	0.066	119.7	121.0
codec-nounk-U	U-root-u-msg	U-root-u-msg	ascii	incumbent-prod	encode	default	20	461.4	437.1	536.2	0.215	441.8	500.1
codec-nounk-U	U-leaf-u-varint	U-leaf-u-varint	ascii	core-ffi-pull	decode	no-unknown	20	385.3	371.3	410.8	0.103	380.5	392.8
codec-nounk-U	U-wire-ListTasksDetailedResponse-tasks-as-wt1	U-wire-ListTasksDetailedResponse-tasks-as-wt1	ascii	core-ffi-pull	decode	no-unknown	20	4889.9	4839.0	5020.0	0.037	4871.4	4912.3
codec-nounk-U	U-nested-u-len	U-nested-u-len	ascii	incumbent-prod	decode	default	20	277.6	269.3	368.8	0.359	274.5	298.2
codec-nounk-U	U-oneof-group	U-oneof-group	ascii	incumbent-prod	decode	default	20	168.5	162.8	175.2	0.073	166.9	171.5
codec-nounk-U	U-nested-u-msg	U-nested-u-msg	ascii	armonik	decode	default	20	300.1	295.2	344.4	0.164	297.5	303.4
codec-nounk-U	U-root-u-fixed64	U-root-u-fixed64	ascii	core-ffi	decode	no-unknown	20	825.4	812.7	924.9	0.136	820.5	839.3
codec-nounk-U	U-nested-u-len	U-nested-u-len	ascii	armonik	decode-read	default	20	309.2	305.9	324.4	0.060	307.5	311.7
codec-nounk-U	U-element-u-fixed64	U-element-u-fixed64	ascii	core-ffi	decode	no-unknown	20	2650.0	2621.5	2716.2	0.036	2640.2	2669.0
codec-nounk-U	U-wire-ListMetricsResponse-batches-as-wt5	U-wire-ListMetricsResponse-batches-as-wt5	ascii	core-ffi	decode	no-unknown	20	1553.5	1519.6	1659.9	0.090	1540.4	1576.4
codec-nounk-U	U-oneof-u-len	U-oneof-u-len	ascii	core-ffi	encode	no-unknown	20	49.7	48.9	51.2	0.046	49.3	50.0
codec-nounk-U	U-oneof-u-varint	U-oneof-u-varint	ascii	armonik	decode-read	default	20	137.7	135.4	153.8	0.134	136.6	139.4
codec-nounk-U	U-root-u-varint	U-root-u-varint	ascii	incumbent-prod	decode-read	default	20	654.3	637.3	792.8	0.238	647.8	659.7
codec-nounk-U	U-deep-all	U-deep-all	ascii	core-native	decode	no-unknown	20	1441.1	1407.8	1591.8	0.128	1424.9	1466.1
codec-nounk-U	U-deep-u-packed	U-deep-u-packed	ascii	incumbent-prod	decode-read	default	20	1883.9	1826.3	1972.2	0.077	1869.3	1906.6
codec-nounk-U	U-wire-DualResponse-left-as-wt1	U-wire-DualResponse-left-as-wt1	ascii	core-native	decode	no-unknown	20	182.5	177.9	192.1	0.078	180.5	184.5
codec-nounk-U	U-root-u-varint	U-root-u-varint	ascii	armonik	encode	default	20	613.3	589.3	701.6	0.183	602.4	631.7
codec-nounk-U	U-element-u-packed	U-element-u-packed	ascii	core-ffi-pull	decode-read	no-unknown	20	2763.3	2708.2	3041.6	0.121	2729.3	2809.0
codec-nounk-U	U-nested-u-fixed32	U-nested-u-fixed32	ascii	core-native	decode-read	no-unknown	20	324.9	296.3	364.3	0.209	311.8	344.8
codec-nounk-U	U-root-all	U-root-all	ascii	incumbent-prod	decode-read	default	20	699.4	678.7	740.9	0.089	687.9	712.3
codec-nounk-U	U-nested-u-varint	U-nested-u-varint	ascii	core-ffi	decode	no-unknown	20	362.2	354.5	414.7	0.166	359.9	370.1
codec-nounk-U	U-enum-value-packed	U-enum-value-packed	ascii	armonik	decode-read	default	20	121.7	118.0	137.1	0.158	120.2	135.4
codec-nounk-U	U-oneof-member-after-known	U-oneof-member-after-known	ascii	incumbent-prod	decode-read	default	20	131.6	128.5	142.1	0.104	130.2	134.1
codec-nounk-U	U-nested-u-len	U-nested-u-len	ascii	incumbent-prod	decode-read	default	20	308.8	304.4	332.8	0.092	307.1	317.0
codec-nounk-U	U-enum-value-2147483647	U-enum-value-2147483647	ascii	core-ffi-pull	decode-read	no-unknown	20	128.0	126.8	137.1	0.080	127.6	129.8
codec-nounk-U	U-root-u-packed	U-root-u-packed	ascii	armonik	decode-read	default	20	698.1	683.2	775.0	0.132	692.5	708.1
codec-nounk-U	U-root-u-msg	U-root-u-msg	ascii	core-ffi-pull	decode-read	no-unknown	20	837.1	820.3	960.0	0.167	828.8	849.2
codec-nounk-U	U-root-all	U-root-all	ascii	armonik	decode-read	default	20	748.5	727.9	771.4	0.058	735.2	753.5
codec-nounk-U	U-oneof-u-varint	U-oneof-u-varint	ascii	core-ffi-pull	decode	no-unknown	20	154.0	152.1	156.1	0.026	153.5	155.1
codec-nounk-U	U-oneof-u-msg	U-oneof-u-msg	ascii	core-ffi	encode	no-unknown	20	49.2	48.2	51.4	0.064	48.9	49.4
codec-nounk-U	U-oneof-u-fixed32	U-oneof-u-fixed32	ascii	incumbent-prod	encode	default	20	110.8	105.9	119.7	0.125	109.4	112.4
codec-nounk-U	U-enum-value-999	U-enum-value-999	ascii	core-ffi-pull	decode	no-unknown	20	122.8	121.5	127.8	0.050	122.3	124.3
codec-nounk-U	U-leaf-u-packed	U-leaf-u-packed	ascii	incumbent-prod	encode	default	20	244.3	240.4	254.2	0.056	242.7	245.8
codec-nounk-U	U-leaf-u-packed	U-leaf-u-packed	ascii	core-native	decode-read	no-unknown	20	267.2	264.1	275.3	0.042	265.3	268.7
codec-nounk-U	U-leaf-u-fixed32	U-leaf-u-fixed32	ascii	core-ffi-pull	decode-read	no-unknown	20	429.2	422.4	433.4	0.026	427.6	430.6
codec-nounk-U	U-wire-ListTasksDetailedResponse-page-as-wt2	U-wire-ListTasksDetailedResponse-page-as-wt2	ascii	core-native	decode	no-unknown	20	3235.7	3203.2	3271.8	0.021	3224.6	3248.9
codec-nounk-U	U-oneof-all	U-oneof-all	ascii	incumbent-prod	encode	default	20	111.6	104.4	116.9	0.112	109.3	113.1
codec-nounk-U	U-root-before	U-root-before	ascii	armonik	decode	default	20	753.3	745.9	769.8	0.032	750.2	761.1
codec-nounk-U	U-wire-ListMetricsResponse-batches-as-wt1	U-wire-ListMetricsResponse-batches-as-wt1	ascii	core-ffi	decode	no-unknown	20	1561.2	1524.7	1590.8	0.042	1550.2	1579.5
codec-nounk-U	U-element-u-packed	U-element-u-packed	ascii	core-ffi	decode-read	no-unknown	20	2709.3	2678.5	2787.6	0.040	2695.7	2713.7
codec-nounk-U	U-oneof-u-fixed32	U-oneof-u-fixed32	ascii	armonik	decode-read	default	20	132.7	131.4	137.3	0.045	132.3	133.5
codec-nounk-U	U-wire-ListProbeResponse-probes-as-wt5	U-wire-ListProbeResponse-probes-as-wt5	ascii	core-ffi	decode-read	no-unknown	20	315.3	312.4	321.1	0.028	314.8	317.3
codec-nounk-U	U-deep-all	U-deep-all	ascii	core-ffi-pull	decode-read	no-unknown	20	2741.7	2707.0	2789.4	0.030	2729.7	2757.3
codec-nounk-U	U-deep-u-packed	U-deep-u-packed	ascii	armonik	encode	default	20	1248.9	1231.0	1268.4	0.030	1244.8	1255.9
codec-nounk-U	U-oneof-u-repeated	U-oneof-u-repeated	ascii	armonik	encode	default	20	117.8	108.0	151.2	0.368	114.7	121.4
codec-nounk-U	U-nested-u-msg	U-nested-u-msg	ascii	core-ffi	decode	no-unknown	20	403.1	396.9	408.9	0.030	400.0	405.0
codec-nounk-U	U-leaf-u-repeated	U-leaf-u-repeated	ascii	armonik	decode	default	20	326.5	319.8	368.5	0.149	324.5	330.0
codec-nounk-U	U-root-u-repeated	U-root-u-repeated	ascii	incumbent-prod	decode	default	20	635.8	624.8	653.5	0.045	631.8	643.8
codec-nounk-U	U-oneof-u-fixed64	U-oneof-u-fixed64	ascii	armonik	decode-read	default	20	131.4	128.6	165.9	0.284	130.2	132.0
codec-nounk-U	U-nested-group	U-nested-group	ascii	core-ffi	decode	no-unknown	20	417.9	414.7	424.5	0.023	417.0	421.0
codec-nounk-U	U-oneof-group	U-oneof-group	ascii	core-ffi	encode	no-unknown	20	49.8	48.5	54.7	0.125	49.5	50.0
codec-nounk-U	U-wire-ListResultsResponse-page-as-wt2	U-wire-ListResultsResponse-page-as-wt2	ascii	core-ffi	decode-read	no-unknown	20	814.4	805.4	822.9	0.021	811.6	818.0
codec-nounk-U	U-root-u-len	U-root-u-len	ascii	incumbent-prod	encode	default	20	564.9	555.3	630.6	0.133	563.5	568.6
codec-nounk-U	U-enum-value-2147483647	U-enum-value-2147483647	ascii	incumbent-prod	decode-read	default	20	84.8	83.9	86.3	0.028	84.3	85.4
codec-nounk-U	U-wire-DualResponse-left-as-wt0	U-wire-DualResponse-left-as-wt0	ascii	core-native	decode	no-unknown	20	181.0	177.8	188.1	0.057	179.9	182.6
codec-nounk-U	U-nested-u-fixed64	U-nested-u-fixed64	ascii	armonik	encode	default	20	259.9	255.8	264.1	0.032	259.1	261.6
codec-nounk-U	U-root-all	U-root-all	ascii	core-native	decode	no-unknown	20	551.2	543.4	576.0	0.059	547.6	560.2
codec-nounk-U	U-deep-u-repeated	U-deep-u-repeated	ascii	core-native	decode	no-unknown	20	1396.4	1370.9	1693.0	0.231	1385.4	1534.9
codec-nounk-U	U-nested-u-fixed64	U-nested-u-fixed64	ascii	incumbent-prod	decode-read	default	20	313.0	303.5	392.1	0.283	305.6	319.0
codec-nounk-U	U-element-u-fixed64	U-element-u-fixed64	ascii	incumbent-prod	decode	default	20	1809.4	1754.4	1921.3	0.092	1779.1	1825.0
codec-nounk-U	U-wire-ListTaskSummaryResponse-tasks-as-wt5	U-wire-ListTaskSummaryResponse-tasks-as-wt5	ascii	core-native	decode-read	no-unknown	20	1862.4	1810.4	1967.6	0.084	1849.0	1894.7
codec-nounk-U	U-wire-UploadResultDataMessage-upload-as-wt0	U-wire-UploadResultDataMessage-upload-as-wt0	ascii	core-native	decode	no-unknown	20	96.8	94.7	101.2	0.067	95.8	97.9
codec-nounk-U	U-wire-ListTaskSummaryResponse-tasks-as-wt0	U-wire-ListTaskSummaryResponse-tasks-as-wt0	ascii	core-ffi-pull	decode	no-unknown	20	2449.4	2414.7	2721.4	0.125	2437.4	2464.3
codec-nounk-U	U-nested-group	U-nested-group	ascii	incumbent-prod	decode-read	default	20	341.1	333.6	353.4	0.058	338.3	343.4
codec-nounk-U	U-wire-ListProbeResponse-probes-as-wt1	U-wire-ListProbeResponse-probes-as-wt1	ascii	core-ffi	decode-read	no-unknown	20	315.2	310.2	322.7	0.040	314.3	317.7
codec-nounk-U	U-deep-u-fixed32	U-deep-u-fixed32	ascii	core-ffi-pull	decode	no-unknown	20	2631.0	2603.8	2658.6	0.021	2625.6	2646.1
codec-nounk-U	U-wire-UploadResultDataMessage-upload-as-wt0	U-wire-UploadResultDataMessage-upload-as-wt0	ascii	core-ffi	encode	no-unknown	20	33.2	32.1	34.1	0.062	32.7	33.4
codec-nounk-U	U-oneof-group	U-oneof-group	ascii	core-ffi-pull	decode-read	no-unknown	20	178.0	177.0	179.9	0.016	177.6	178.3
codec-nounk-U	U-element-u-varint	U-element-u-varint	ascii	incumbent-prod	decode	default	20	1755.6	1738.1	1787.7	0.028	1747.9	1763.6
codec-nounk-U	U-oneof-u-packed	U-oneof-u-packed	ascii	core-native	decode-read	no-unknown	20	99.4	97.8	100.6	0.028	98.7	99.9
codec-nounk-U	U-wire-ListResultsResponse-results-as-wt0	U-wire-ListResultsResponse-results-as-wt0	ascii	core-ffi-pull	decode	no-unknown	20	828.5	818.9	845.6	0.032	826.6	830.7
codec-nounk-U	U-oneof-u-varint	U-oneof-u-varint	ascii	incumbent-prod	decode-read	default	20	138.3	136.0	140.0	0.029	137.3	138.7
codec-nounk-U	U-nested-u-repeated	U-nested-u-repeated	ascii	armonik	decode-read	default	20	316.0	312.0	325.0	0.041	314.5	319.5
codec-nounk-U	U-leaf-u-packed	U-leaf-u-packed	ascii	incumbent-prod	decode	default	20	310.7	304.7	319.3	0.047	307.3	312.6
codec-nounk-U	U-nested-before	U-nested-before	ascii	armonik	encode	default	20	260.5	256.8	262.2	0.021	259.2	261.2
codec-nounk-U	U-deep-u-repeated	U-deep-u-repeated	ascii	core-ffi	decode-read	no-unknown	20	2725.8	2698.9	2911.0	0.078	2717.0	2736.7
codec-nounk-U	U-root-u-repeated	U-root-u-repeated	ascii	core-ffi-pull	decode	no-unknown	20	851.7	840.2	867.6	0.032	848.2	854.1
codec-nounk-U	U-wire-ListResultsResponse-results-as-wt1	U-wire-ListResultsResponse-results-as-wt1	ascii	core-ffi	decode	no-unknown	20	822.3	809.8	843.5	0.041	816.7	826.4
codec-nounk-U	U-deep-u-fixed64	U-deep-u-fixed64	ascii	incumbent-prod	encode	default	20	1234.3	1221.3	1307.7	0.070	1226.6	1237.8
codec-nounk-U	U-wire-ListProbeResponse-probes-as-wt5	U-wire-ListProbeResponse-probes-as-wt5	ascii	core-native	decode	no-unknown	20	194.8	192.3	196.4	0.021	193.6	195.6
codec-nounk-U	U-nested-group	U-nested-group	ascii	core-ffi	encode	no-unknown	20	100.8	100.1	104.8	0.047	100.7	101.2
codec-nounk-U	U-wire-ListTasksDetailedResponse-page-as-wt5	U-wire-ListTasksDetailedResponse-page-as-wt5	ascii	core-native	decode-read	no-unknown	20	3486.0	3446.4	3553.5	0.031	3473.6	3499.1
codec-nounk-U	U-oneof-group	U-oneof-group	ascii	armonik	decode	default	20	160.4	155.4	167.1	0.073	158.1	162.7
codec-nounk-U	U-oneof-u-varint	U-oneof-u-varint	ascii	core-ffi	decode-read	no-unknown	20	155.9	154.1	158.2	0.027	155.3	157.0
codec-nounk-U	U-deep-u-len	U-deep-u-len	ascii	armonik	decode	default	20	1720.0	1698.7	1780.0	0.047	1715.2	1728.3
codec-nounk-U	U-oneof-u-varint	U-oneof-u-varint	ascii	incumbent-prod	decode	default	20	134.8	133.6	136.3	0.020	134.5	135.4
codec-nounk-U	U-deep-u-msg	U-deep-u-msg	ascii	core-native	decode	no-unknown	20	1369.5	1353.9	1431.1	0.056	1367.8	1378.8
codec-nounk-U	U-nested-u-len	U-nested-u-len	ascii	core-ffi	decode	no-unknown	20	457.3	442.8	467.5	0.054	456.4	459.8
codec-nounk-U	U-wire-UploadResultDataMessage-upload-as-wt0	U-wire-UploadResultDataMessage-upload-as-wt0	ascii	core-native	decode-read	no-unknown	20	97.1	95.1	100.6	0.056	96.3	98.7
codec-nounk-U	U-nested-u-msg	U-nested-u-msg	ascii	core-native	decode	no-unknown	20	219.0	217.2	220.1	0.013	218.3	219.6
codec-nounk-U	U-root-u-packed	U-root-u-packed	ascii	core-native	decode	no-unknown	20	476.6	473.7	484.3	0.022	475.2	479.7
codec-nounk-U	U-wire-UploadResultDataMessage-upload-as-wt5	U-wire-UploadResultDataMessage-upload-as-wt5	ascii	core-native	decode	no-unknown	20	88.8	87.6	90.5	0.033	88.0	89.3
codec-nounk-U	U-nested-u-repeated	U-nested-u-repeated	ascii	incumbent-prod	encode	default	20	234.9	225.2	244.2	0.081	233.7	237.6
codec-nounk-U	U-nested-u-varint	U-nested-u-varint	ascii	core-ffi	decode-read	no-unknown	20	401.9	382.1	427.5	0.113	391.9	411.4
codec-nounk-U	U-wire-ListTaskSummaryResponse-tasks-as-wt1	U-wire-ListTaskSummaryResponse-tasks-as-wt1	ascii	core-native	encode	no-unknown	20	224.9	222.8	232.3	0.042	224.2	225.9
codec-nounk-U	U-root-u-fixed64	U-root-u-fixed64	ascii	core-ffi	encode	no-unknown	20	185.1	181.3	189.9	0.046	183.8	186.5
codec-nounk-U	U-deep-u-msg	U-deep-u-msg	ascii	core-ffi	encode	no-unknown	20	528.6	513.4	547.5	0.065	523.9	538.6
codec-nounk-U	U-deep-u-fixed64	U-deep-u-fixed64	ascii	core-ffi	decode	no-unknown	20	2617.5	2569.2	2638.9	0.027	2607.9	2625.3
codec-nounk-U	U-oneof-u-varint	U-oneof-u-varint	ascii	armonik	encode	default	20	110.9	106.3	121.7	0.139	108.6	113.0
codec-nounk-U	U-wire-ListMetricsResponse-batches-as-wt5	U-wire-ListMetricsResponse-batches-as-wt5	ascii	core-ffi	decode-read	no-unknown	20	1760.0	1712.6	1827.5	0.065	1748.3	1785.2
codec-nounk-U	U-leaf-u-len	U-leaf-u-len	ascii	incumbent-prod	decode-read	default	20	322.3	315.7	331.7	0.050	319.2	324.5
codec-nounk-U	U-nested-before	U-nested-before	ascii	incumbent-prod	decode-read	default	20	379.4	371.2	386.0	0.039	374.8	382.7
codec-nounk-U	U-wire-ListProbeResponse-probes-as-wt1	U-wire-ListProbeResponse-probes-as-wt1	ascii	core-ffi-pull	decode-read	no-unknown	20	313.2	302.5	336.8	0.110	311.8	316.2
codec-nounk-U	U-deep-u-len	U-deep-u-len	ascii	core-native	decode-read	no-unknown	20	1491.9	1474.6	1526.8	0.035	1487.3	1497.1
codec-nounk-U	U-nested-u-fixed32	U-nested-u-fixed32	ascii	core-ffi	decode-read	no-unknown	20	412.4	406.0	417.7	0.028	409.3	413.8
codec-nounk-U	U-leaf-u-fixed64	U-leaf-u-fixed64	ascii	core-ffi	encode	no-unknown	20	100.6	98.0	101.3	0.034	100.0	100.8
codec-nounk-U	U-element-u-packed	U-element-u-packed	ascii	armonik	encode	default	20	1249.1	1232.8	1289.8	0.046	1242.9	1256.5
codec-nounk-U	U-oneof-u-len	U-oneof-u-len	ascii	core-ffi	decode	no-unknown	20	148.1	146.9	149.7	0.019	147.5	148.6
codec-nounk-U	U-oneof-u-fixed32	U-oneof-u-fixed32	ascii	armonik	decode	default	20	125.7	123.4	128.4	0.040	125.2	126.3
codec-nounk-U	U-oneof-u-fixed32	U-oneof-u-fixed32	ascii	core-ffi	decode	no-unknown	20	147.3	114.1	188.3	0.504	117.0	149.3
codec-nounk-U	U-wire-ListProbeResponse-probes-as-wt5	U-wire-ListProbeResponse-probes-as-wt5	ascii	core-native	encode	no-unknown	20	34.1	33.4	34.7	0.037	33.8	34.4
codec-nounk-U	U-root-all	U-root-all	ascii	core-ffi-pull	decode-read	no-unknown	20	708.6	700.5	722.9	0.032	705.3	711.0
codec-nounk-U	U-deep-u-msg	U-deep-u-msg	ascii	core-ffi-pull	decode	no-unknown	20	2043.1	2031.0	2060.6	0.015	2038.4	2047.3
codec-nounk-U	U-root-group	U-root-group	ascii	incumbent-prod	encode	default	20	441.4	433.2	466.3	0.075	438.6	445.6
codec-nounk-U	U-oneof-u-msg	U-oneof-u-msg	ascii	incumbent-prod	decode	default	20	101.8	100.6	103.4	0.027	101.5	102.6
codec-nounk-U	U-wire-ListTaskSummaryResponse-tasks-as-wt5	U-wire-ListTaskSummaryResponse-tasks-as-wt5	ascii	core-ffi-pull	decode-read	no-unknown	20	1977.6	1962.5	1991.5	0.015	1972.8	1981.5
codec-nounk-U	U-element-u-msg	U-element-u-msg	ascii	incumbent-prod	decode-read	default	20	1459.1	1445.1	1515.9	0.049	1454.2	1463.1
codec-nounk-U	U-root-u-packed	U-root-u-packed	ascii	armonik	decode	default	20	510.5	500.4	519.2	0.037	506.1	513.3
codec-nounk-U	U-wire-ListResultsResponse-results-as-wt1	U-wire-ListResultsResponse-results-as-wt1	ascii	core-native	encode	no-unknown	20	75.6	72.7	79.5	0.090	74.4	75.9
codec-nounk-U	U-wire-ListResultsResponse-page-as-wt2	U-wire-ListResultsResponse-page-as-wt2	ascii	core-native	decode	no-unknown	20	402.0	396.4	415.9	0.048	400.9	404.0
codec-nounk-U	U-root-interleaved	U-root-interleaved	ascii	armonik	encode	default	20	467.8	456.4	479.7	0.050	462.0	471.4
codec-nounk-U	U-nested-u-repeated	U-nested-u-repeated	ascii	incumbent-prod	decode-read	default	20	250.9	247.5	267.7	0.081	250.0	259.0
codec-nounk-U	U-nested-before	U-nested-before	ascii	core-ffi	decode	no-unknown	20	371.7	359.0	404.2	0.122	368.1	399.1
codec-nounk-U	U-nested-u-fixed64	U-nested-u-fixed64	ascii	core-ffi-pull	decode-read	no-unknown	20	375.8	351.0	380.9	0.080	373.4	378.5
codec-nounk-U	U-wire-ListTasksDetailedResponse-tasks-as-wt0	U-wire-ListTasksDetailedResponse-tasks-as-wt0	ascii	core-native	decode	no-unknown	20	2954.0	2913.6	3019.0	0.036	2947.0	2961.3
codec-nounk-U	U-nested-before	U-nested-before	ascii	incumbent-prod	decode	default	20	337.9	327.6	347.7	0.059	335.7	339.9
codec-nounk-U	U-nested-u-fixed32	U-nested-u-fixed32	ascii	core-ffi	encode	no-unknown	20	89.4	82.3	90.4	0.091	89.0	89.8
codec-nounk-U	U-nested-before	U-nested-before	ascii	armonik	decode	default	20	308.1	297.2	328.9	0.103	303.1	311.0
codec-nounk-U	U-nested-group	U-nested-group	ascii	incumbent-prod	encode	default	20	195.2	188.3	205.4	0.088	191.0	200.3
codec-nounk-U	U-element-u-varint	U-element-u-varint	ascii	armonik	encode	default	20	975.3	960.8	998.9	0.039	971.7	979.9
codec-nounk-U	U-nested-u-fixed64	U-nested-u-fixed64	ascii	core-native	encode	no-unknown	20	35.1	34.4	35.7	0.038	34.9	35.4
codec-nounk-U	U-leaf-u-len	U-leaf-u-len	ascii	core-ffi-pull	decode	no-unknown	20	324.1	319.8	328.9	0.028	323.1	325.1
codec-nounk-U	U-element-u-msg	U-element-u-msg	ascii	core-ffi	decode-read	no-unknown	20	2107.3	2093.1	2159.6	0.032	2102.5	2114.6
codec-nounk-U	U-wire-ListTasksDetailedResponse-tasks-as-wt1	U-wire-ListTasksDetailedResponse-tasks-as-wt1	ascii	core-ffi	decode-read	no-unknown	20	6218.0	4977.2	7144.2	0.348	5866.6	6712.3
codec-nounk-U	U-oneof-member-after-known	U-oneof-member-after-known	ascii	armonik	decode	default	20	125.6	121.7	134.4	0.101	123.7	128.6
codec-nounk-U	U-enum-value-999	U-enum-value-999	ascii	core-ffi	decode	no-unknown	20	110.9	108.8	127.5	0.169	109.5	114.1
codec-nounk-U	U-wire-ListResultsResponse-results-as-wt1	U-wire-ListResultsResponse-results-as-wt1	ascii	core-native	decode	no-unknown	20	405.2	395.5	421.5	0.064	401.7	406.4
codec-nounk-U	U-leaf-u-repeated	U-leaf-u-repeated	ascii	incumbent-prod	encode	default	20	195.2	189.6	200.7	0.057	192.4	197.0
codec-nounk-U	U-wire-ListResultsResponse-page-as-wt1	U-wire-ListResultsResponse-page-as-wt1	ascii	core-ffi	decode-read	no-unknown	20	671.4	658.0	903.8	0.366	663.8	685.7
codec-nounk-U	U-oneof-before	U-oneof-before	ascii	core-ffi-pull	decode-read	no-unknown	20	144.2	143.1	150.0	0.048	144.1	144.7
codec-nounk-U	U-deep-u-varint	U-deep-u-varint	ascii	armonik	decode-read	default	20	1446.8	1429.3	1508.3	0.055	1439.4	1451.9
codec-nounk-U	U-enum-value-127	U-enum-value-127	ascii	incumbent-prod	decode	default	20	58.7	57.5	59.9	0.041	58.4	59.3
codec-nounk-U	U-deep-u-varint	U-deep-u-varint	ascii	incumbent-prod	decode	default	20	1394.0	1368.8	1426.9	0.042	1385.4	1402.5
codec-nounk-U	U-deep-all	U-deep-all	ascii	core-ffi	decode	no-unknown	20	2089.2	2059.0	2220.0	0.077	2080.0	2101.2
codec-nounk-U	U-deep-all	U-deep-all	ascii	incumbent-prod	encode	default	20	965.0	953.4	981.2	0.029	961.1	971.1
codec-nounk-U	U-oneof-group	U-oneof-group	ascii	armonik	decode-read	default	20	129.9	127.3	134.8	0.058	129.1	131.9
codec-nounk-U	U-leaf-u-repeated	U-leaf-u-repeated	ascii	core-ffi	decode-read	no-unknown	20	338.7	333.9	349.4	0.046	337.3	339.8
codec-nounk-U	U-enum-value-packed	U-enum-value-packed	ascii	core-native	encode	no-unknown	20	18.0	17.8	18.2	0.025	17.9	18.1
codec-nounk-U	U-oneof-u-fixed32	U-oneof-u-fixed32	ascii	armonik	encode	default	20	86.8	84.5	92.1	0.088	86.0	87.9
codec-nounk-U	U-deep-u-repeated	U-deep-u-repeated	ascii	armonik	decode-read	default	20	1439.2	1417.1	1474.5	0.040	1433.7	1447.9
codec-nounk-U	U-leaf-u-msg	U-leaf-u-msg	ascii	core-ffi-pull	decode	no-unknown	20	319.3	315.7	323.1	0.023	318.5	320.4
codec-nounk-U	U-oneof-u-len	U-oneof-u-len	ascii	armonik	decode-read	default	20	109.2	103.0	138.4	0.325	107.6	115.1
codec-nounk-U	U-oneof-u-varint	U-oneof-u-varint	ascii	armonik	decode	default	20	130.7	128.7	161.7	0.252	129.9	131.4
codec-nounk-U	U-wire-ListMetricsResponse-batches-as-wt5	U-wire-ListMetricsResponse-batches-as-wt5	ascii	core-native	decode-read	no-unknown	20	1853.5	1762.1	1972.5	0.114	1788.2	1898.4
codec-nounk-U	U-deep-u-fixed32	U-deep-u-fixed32	ascii	core-ffi-pull	decode-read	no-unknown	20	2752.2	2702.0	2828.1	0.046	2742.3	2759.9
codec-nounk-U	U-wire-ListTaskSummaryResponse-tasks-as-wt0	U-wire-ListTaskSummaryResponse-tasks-as-wt0	ascii	core-ffi	encode	no-unknown	20	501.6	481.2	523.2	0.084	494.8	508.7
codec-nounk-U	U-oneof-u-fixed64	U-oneof-u-fixed64	ascii	core-ffi-pull	decode	no-unknown	20	152.9	150.7	162.9	0.079	152.1	153.9
codec-nounk-U	U-wire-ListProbeResponse-probes-as-wt1	U-wire-ListProbeResponse-probes-as-wt1	ascii	core-native	encode	no-unknown	20	43.9	42.5	44.8	0.053	43.6	44.6
codec-nounk-U	U-wire-ListMetricsResponse-batches-as-wt0	U-wire-ListMetricsResponse-batches-as-wt0	ascii	core-native	decode-read	no-unknown	20	1757.1	1661.6	1835.3	0.099	1714.8	1775.3
codec-nounk-U	U-oneof-member-before-known	U-oneof-member-before-known	ascii	core-ffi	decode	no-unknown	20	148.5	145.6	154.5	0.060	147.2	149.5
codec-nounk-U	U-nested-u-varint	U-nested-u-varint	ascii	armonik	encode	default	20	262.5	257.8	269.8	0.045	260.3	263.9
codec-nounk-U	U-nested-u-fixed64	U-nested-u-fixed64	ascii	core-ffi	encode	no-unknown	20	101.5	100.3	104.3	0.040	101.0	102.3
codec-nounk-U	U-enum-value-packed	U-enum-value-packed	ascii	armonik	decode	default	20	123.5	121.9	127.2	0.043	122.5	124.5
codec-nounk-U	U-wire-ListResultsResponse-results-as-wt5	U-wire-ListResultsResponse-results-as-wt5	ascii	core-ffi	decode-read	no-unknown	20	853.0	840.2	896.0	0.065	846.4	863.9
codec-nounk-U	U-deep-u-fixed32	U-deep-u-fixed32	ascii	core-native	decode-read	no-unknown	20	1501.7	1476.6	1542.6	0.044	1496.7	1513.3
codec-nounk-U	U-deep-u-fixed32	U-deep-u-fixed32	ascii	armonik	decode	default	20	1802.0	1737.5	2404.2	0.370	1763.7	1858.9
codec-nounk-U	U-oneof-u-fixed64	U-oneof-u-fixed64	ascii	incumbent-prod	encode	default	20	112.5	104.6	121.7	0.152	110.6	115.3
codec-nounk-U	U-leaf-u-msg	U-leaf-u-msg	ascii	core-native	decode-read	no-unknown	20	253.9	251.0	259.0	0.032	252.9	255.5
codec-nounk-U	U-root-max-tag	U-root-max-tag	ascii	core-ffi-pull	decode	no-unknown	20	865.6	852.8	902.0	0.057	861.8	868.3
codec-nounk-U	U-deep-u-fixed64	U-deep-u-fixed64	ascii	core-native	encode	no-unknown	20	242.3	238.9	255.3	0.068	241.1	243.3
codec-nounk-U	U-nested-u-len	U-nested-u-len	ascii	core-ffi-pull	decode-read	no-unknown	20	423.9	418.4	447.0	0.067	421.5	428.2
codec-nounk-U	U-wire-DualResponse-left-as-wt5	U-wire-DualResponse-left-as-wt5	ascii	core-ffi	decode	no-unknown	20	257.1	253.6	268.9	0.059	255.4	259.5
codec-nounk-U	U-element-u-fixed32	U-element-u-fixed32	ascii	core-ffi-pull	decode	no-unknown	20	2633.4	2587.9	2694.5	0.040	2615.4	2645.8
codec-nounk-U	U-wire-ListTaskSummaryResponse-tasks-as-wt5	U-wire-ListTaskSummaryResponse-tasks-as-wt5	ascii	core-native	encode	no-unknown	20	231.5	227.1	296.1	0.298	229.7	234.4
codec-nounk-U	U-element-u-fixed32	U-element-u-fixed32	ascii	incumbent-prod	decode-read	default	20	1868.8	1841.3	1982.2	0.075	1859.6	1872.0
codec-nounk-U	U-wire-ListTasksDetailedResponse-tasks-as-wt1	U-wire-ListTasksDetailedResponse-tasks-as-wt1	ascii	core-ffi-pull	decode-read	no-unknown	20	5619.5	5494.0	5916.9	0.075	5597.6	5660.6
codec-nounk-U	U-deep-u-repeated	U-deep-u-repeated	ascii	incumbent-prod	decode	default	20	1812.7	1779.3	1888.4	0.060	1797.2	1829.5
codec-nounk-U	U-oneof-u-packed	U-oneof-u-packed	ascii	core-ffi	encode	no-unknown	20	50.3	48.7	52.4	0.073	49.9	50.7
codec-nounk-U	U-leaf-u-fixed32	U-leaf-u-fixed32	ascii	incumbent-prod	decode	default	20	325.1	299.3	364.6	0.201	309.1	332.4
codec-nounk-U	U-oneof-member-alone	U-oneof-member-alone	ascii	core-ffi	decode-read	no-unknown	20	148.2	146.8	160.0	0.089	147.6	149.4
codec-nounk-U	U-element-u-fixed32	U-element-u-fixed32	ascii	armonik	encode	default	20	1252.7	1226.8	1315.0	0.070	1240.0	1258.2
codec-nounk-U	U-oneof-u-len	U-oneof-u-len	ascii	core-ffi-pull	decode-read	no-unknown	20	160.1	158.0	164.6	0.041	159.2	160.9
codec-nounk-U	U-wire-ListMetricsResponse-batches-as-wt5	U-wire-ListMetricsResponse-batches-as-wt5	ascii	core-ffi	encode	no-unknown	20	757.3	740.2	809.9	0.092	748.9	770.2
codec-nounk-U	U-element-u-msg	U-element-u-msg	ascii	core-ffi	decode	no-unknown	20	2699.5	2650.9	2837.2	0.069	2686.0	2741.9
codec-nounk-U	U-element-u-msg	U-element-u-msg	ascii	core-ffi-pull	decode	no-unknown	20	2650.3	2600.2	2795.1	0.074	2640.8	2676.6
codec-nounk-U	U-nested-u-len	U-nested-u-len	ascii	armonik	decode	default	20	302.3	294.0	310.8	0.056	297.9	306.1
codec-nounk-U	U-oneof-u-fixed32	U-oneof-u-fixed32	ascii	core-ffi	encode	no-unknown	20	50.0	49.1	51.6	0.051	49.6	50.2
codec-nounk-U	U-nested-u-len	U-nested-u-len	ascii	core-ffi	decode-read	no-unknown	20	418.8	407.6	432.9	0.060	416.1	421.9
codec-nounk-U	U-leaf-all	U-leaf-all	ascii	core-ffi	decode-read	no-unknown	20	483.0	473.6	505.0	0.065	480.3	485.7
codec-nounk-U	U-wire-ListTaskSummaryResponse-tasks-as-wt0	U-wire-ListTaskSummaryResponse-tasks-as-wt0	ascii	core-native	encode	no-unknown	20	227.8	223.6	236.2	0.055	226.6	229.3
codec-nounk-U	U-nested-u-fixed64	U-nested-u-fixed64	ascii	core-native	decode-read	no-unknown	20	255.3	252.4	266.9	0.057	253.7	257.5
codec-nounk-U	U-nested-u-fixed64	U-nested-u-fixed64	ascii	core-ffi	decode	no-unknown	20	405.4	397.2	460.0	0.155	403.5	416.2
codec-nounk-U	U-root-u-fixed64	U-root-u-fixed64	ascii	armonik	decode-read	default	20	662.9	637.4	688.4	0.077	656.9	671.1
codec-nounk-U	U-enum-value-127	U-enum-value-127	ascii	armonik	decode	default	20	98.0	94.8	102.2	0.075	96.8	99.8
codec-nounk-U	U-oneof-u-fixed32	U-oneof-u-fixed32	ascii	incumbent-prod	decode	default	20	127.5	124.7	134.1	0.074	126.5	128.9
codec-nounk-U	U-element-u-fixed32	U-element-u-fixed32	ascii	core-native	decode-read	no-unknown	20	1431.4	1414.2	1471.6	0.040	1424.4	1444.2
codec-nounk-U	U-wire-DualResponse-left-as-wt5	U-wire-DualResponse-left-as-wt5	ascii	core-native	encode	no-unknown	20	44.8	43.3	46.3	0.066	44.2	45.5
codec-nounk-U	U-leaf-all	U-leaf-all	ascii	core-native	decode-read	no-unknown	20	317.6	310.9	334.1	0.073	314.5	321.5
codec-nounk-U	U-nested-u-packed	U-nested-u-packed	ascii	core-ffi-pull	decode-read	no-unknown	20	424.3	417.2	457.1	0.094	421.8	428.0
codec-nounk-U	U-root-u-packed	U-root-u-packed	ascii	core-ffi	decode-read	no-unknown	20	892.7	844.8	957.7	0.126	870.1	914.7
codec-nounk-U	U-deep-u-fixed32	U-deep-u-fixed32	ascii	core-ffi	encode	no-unknown	20	545.8	533.6	670.8	0.251	538.2	554.4
codec-nounk-U	U-deep-u-varint	U-deep-u-varint	ascii	core-ffi	decode	no-unknown	20	2722.0	2659.4	2911.8	0.093	2684.7	2756.5
codec-nounk-U	U-oneof-u-msg	U-oneof-u-msg	ascii	core-ffi-pull	decode	no-unknown	20	155.9	153.3	170.3	0.109	154.6	157.2
codec-nounk-U	U-root-u-fixed32	U-root-u-fixed32	ascii	core-native	decode	no-unknown	20	509.6	502.7	672.3	0.333	507.1	513.1
codec-nounk-U	U-deep-u-repeated	U-deep-u-repeated	ascii	core-ffi	encode	no-unknown	20	550.6	537.8	604.3	0.121	545.0	559.2
codec-nounk-U	U-leaf-u-msg	U-leaf-u-msg	ascii	core-native	encode	no-unknown	20	45.1	42.9	48.5	0.125	43.7	46.2
codec-nounk-U	U-element-u-len	U-element-u-len	ascii	incumbent-prod	encode	default	20	1262.1	1217.9	1801.2	0.462	1240.9	1301.8
codec-nounk-U	U-oneof-member-before-known	U-oneof-member-before-known	ascii	core-native	encode	no-unknown	20	23.5	21.2	29.3	0.345	22.9	24.0
codec-nounk-U	U-wire-DualResponse-left-as-wt0	U-wire-DualResponse-left-as-wt0	ascii	core-ffi	encode	no-unknown	20	84.9	83.0	88.7	0.067	84.3	86.2
codec-nounk-U	U-wire-ListResultsResponse-results-as-wt1	U-wire-ListResultsResponse-results-as-wt1	ascii	core-ffi	encode	no-unknown	20	190.2	170.8	193.9	0.122	175.4	192.0
codec-nounk-U	U-root-u-varint	U-root-u-varint	ascii	core-native	encode	no-unknown	20	81.5	78.8	91.4	0.154	79.8	86.2
codec-nounk-U	U-wire-ListTasksDetailedResponse-tasks-as-wt1	U-wire-ListTasksDetailedResponse-tasks-as-wt1	ascii	core-native	decode-read	no-unknown	20	3491.0	2856.2	3759.9	0.259	2887.2	3529.1
codec-nounk-U	U-element-u-len	U-element-u-len	ascii	core-native	decode	no-unknown	20	1404.4	1377.8	1533.8	0.111	1397.8	1415.7
codec-nounk-U	U-oneof-member-alone	U-oneof-member-alone	ascii	core-native	encode	no-unknown	20	16.3	15.4	18.4	0.183	16.0	16.7
codec-nounk-U	U-root-group	U-root-group	ascii	armonik	decode	default	20	720.6	706.0	1080.7	0.520	715.1	725.2
codec-nounk-U	U-nested-u-msg	U-nested-u-msg	ascii	incumbent-prod	decode	default	20	299.4	292.2	327.2	0.117	296.6	301.3
codec-nounk-U	U-deep-u-fixed32	U-deep-u-fixed32	ascii	core-native	decode	no-unknown	20	1394.3	1371.4	1572.5	0.144	1384.8	1403.0
codec-nounk-U	U-element-u-repeated	U-element-u-repeated	ascii	armonik	decode-read	default	20	1853.1	1823.4	2071.3	0.134	1841.5	1871.4
codec-nounk-U	U-leaf-u-fixed32	U-leaf-u-fixed32	ascii	core-ffi	decode	no-unknown	20	506.0	488.0	689.6	0.398	494.3	544.0
codec-nounk-U	U-deep-u-repeated	U-deep-u-repeated	ascii	core-ffi	decode	no-unknown	20	2658.4	2617.6	3223.2	0.228	2650.0	2689.8
codec-nounk-U	U-wire-ListProbeResponse-probes-as-wt5	U-wire-ListProbeResponse-probes-as-wt5	ascii	core-ffi	decode	no-unknown	20	300.7	297.4	308.0	0.035	300.3	301.6
codec-nounk-U	U-enum-value-packed	U-enum-value-packed	ascii	core-ffi	decode	no-unknown	20	207.7	205.8	227.6	0.105	206.8	209.2
codec-nounk-U	U-nested-u-packed	U-nested-u-packed	ascii	incumbent-prod	encode	default	20	245.2	242.1	252.9	0.044	243.3	247.1
codec-nounk-U	U-oneof-group	U-oneof-group	ascii	core-ffi	decode	no-unknown	20	167.0	164.5	183.4	0.113	165.4	171.2
codec-nounk-U	U-wire-ListTaskSummaryResponse-tasks-as-wt1	U-wire-ListTaskSummaryResponse-tasks-as-wt1	ascii	core-ffi	decode	no-unknown	20	2402.0	2376.3	2754.6	0.158	2388.5	2412.5
codec-nounk-U	U-root-u-packed	U-root-u-packed	ascii	incumbent-prod	encode	default	20	563.2	557.0	578.2	0.038	559.3	567.4
codec-nounk-U	U-oneof-member-after-known	U-oneof-member-after-known	ascii	core-ffi	encode	no-unknown	20	49.6	48.7	52.8	0.081	49.3	50.3
codec-nounk-U	U-wire-DualResponse-left-as-wt5	U-wire-DualResponse-left-as-wt5	ascii	core-native	decode-read	no-unknown	20	192.4	189.3	202.9	0.070	190.9	194.3
codec-nounk-U	U-enum-value-127	U-enum-value-127	ascii	core-native	encode	no-unknown	20	14.7	13.4	15.2	0.117	14.6	15.0
codec-nounk-U	U-oneof-before	U-oneof-before	ascii	incumbent-prod	decode-read	default	20	214.5	208.5	226.4	0.083	211.3	216.8
codec-nounk-U	U-element-u-fixed32	U-element-u-fixed32	ascii	armonik	decode	default	20	1748.2	1718.0	1857.6	0.080	1739.0	1789.2
codec-nounk-U	U-oneof-member-before-known	U-oneof-member-before-known	ascii	core-ffi-pull	decode-read	no-unknown	20	160.6	157.0	167.3	0.064	159.7	161.7
codec-nounk-U	U-oneof-before	U-oneof-before	ascii	core-ffi	decode-read	no-unknown	20	182.3	177.7	189.0	0.062	181.1	184.5
codec-nounk-U	U-deep-u-msg	U-deep-u-msg	ascii	armonik	encode	default	20	1255.6	1235.6	1365.9	0.104	1245.9	1267.1
codec-nounk-U	U-enum-value-2147483647	U-enum-value-2147483647	ascii	core-ffi	decode-read	no-unknown	20	115.6	114.3	117.8	0.030	115.1	116.9
codec-nounk-U	U-wire-ListResultsResponse-results-as-wt1	U-wire-ListResultsResponse-results-as-wt1	ascii	core-native	decode-read	no-unknown	20	543.9	537.7	552.1	0.027	542.3	547.4
codec-nounk-U	U-root-before	U-root-before	ascii	core-ffi-pull	decode	no-unknown	20	888.5	876.1	960.4	0.095	884.7	901.9
codec-nounk-U	U-wire-UploadResultDataMessage-upload-as-wt1	U-wire-UploadResultDataMessage-upload-as-wt1	ascii	core-ffi-pull	decode-read	no-unknown	20	168.2	165.4	173.8	0.050	167.5	168.7
codec-nounk-U	U-wire-ListTaskSummaryResponse-tasks-as-wt5	U-wire-ListTaskSummaryResponse-tasks-as-wt5	ascii	core-ffi	decode	no-unknown	20	2461.6	2428.1	2519.0	0.037	2449.1	2471.0
codec-nounk-U	U-nested-u-msg	U-nested-u-msg	ascii	core-ffi-pull	decode-read	no-unknown	20	434.6	427.5	444.6	0.040	431.3	438.3
codec-nounk-U	U-element-u-len	U-element-u-len	ascii	core-ffi-pull	decode	no-unknown	20	2629.2	2519.5	2810.1	0.111	2614.3	2646.5
codec-nounk-U	U-oneof-u-packed	U-oneof-u-packed	ascii	core-ffi	decode	no-unknown	20	143.8	141.3	146.9	0.039	142.7	144.6
codec-nounk-U	U-leaf-u-fixed64	U-leaf-u-fixed64	ascii	incumbent-prod	decode-read	default	20	318.8	315.4	337.3	0.069	317.3	322.8
codec-nounk-U	U-root-group	U-root-group	ascii	core-native	decode	no-unknown	20	531.3	521.5	718.7	0.371	527.4	548.9
codec-nounk-U	U-oneof-member-before-known	U-oneof-member-before-known	ascii	armonik	encode	default	20	109.4	107.0	119.2	0.112	108.7	113.1
codec-nounk-U	U-deep-u-varint	U-deep-u-varint	ascii	core-ffi	encode	no-unknown	20	542.8	532.9	569.4	0.067	539.2	544.5
codec-nounk-U	U-wire-UploadResultDataMessage-upload-as-wt1	U-wire-UploadResultDataMessage-upload-as-wt1	ascii	core-native	encode	no-unknown	20	15.9	15.4	16.6	0.077	15.8	16.0
codec-nounk-U	U-oneof-member-after-known	U-oneof-member-after-known	ascii	incumbent-prod	encode	default	20	100.8	82.6	119.5	0.367	91.4	112.8
codec-nounk-U	U-root-group	U-root-group	ascii	armonik	encode	default	20	476.5	459.6	505.9	0.097	469.0	491.2
codec-nounk-U	U-leaf-u-msg	U-leaf-u-msg	ascii	core-ffi	decode-read	no-unknown	20	326.7	320.8	342.9	0.068	324.7	332.6
codec-nounk-U	U-wire-ListProbeResponse-probes-as-wt0	U-wire-ListProbeResponse-probes-as-wt0	ascii	core-ffi-pull	decode	no-unknown	20	257.7	243.4	273.3	0.116	255.5	260.0
codec-nounk-U	U-nested-u-repeated	U-nested-u-repeated	ascii	core-native	decode-read	no-unknown	20	203.3	200.7	216.4	0.077	202.5	208.7
codec-nounk-U	U-root-interleaved	U-root-interleaved	ascii	incumbent-prod	decode-read	default	20	587.3	577.3	599.3	0.037	580.9	589.4
codec-nounk-U	U-enum-value-999	U-enum-value-999	ascii	core-ffi-pull	decode-read	no-unknown	20	105.7	104.8	107.6	0.027	105.3	106.1
codec-nounk-U	U-leaf-u-repeated	U-leaf-u-repeated	ascii	core-native	decode	no-unknown	20	250.2	201.8	257.6	0.223	204.7	252.6
codec-nounk-U	U-wire-ListProbeResponse-probes-as-wt1	U-wire-ListProbeResponse-probes-as-wt1	ascii	core-native	decode	no-unknown	20	195.2	192.2	219.2	0.138	194.2	199.1
codec-nounk-U	U-element-u-repeated	U-element-u-repeated	ascii	core-ffi-pull	decode-read	no-unknown	20	2835.5	2746.6	3150.7	0.143	2804.0	2909.2
codec-nounk-U	U-deep-u-varint	U-deep-u-varint	ascii	core-native	encode	no-unknown	20	245.7	187.6	261.2	0.300	240.5	246.7
codec-nounk-U	U-oneof-u-repeated	U-oneof-u-repeated	ascii	incumbent-prod	decode	default	20	113.6	107.9	138.3	0.268	112.2	115.3
codec-nounk-U	U-root-u-fixed64	U-root-u-fixed64	ascii	core-ffi	decode-read	no-unknown	20	695.2	658.4	1292.5	0.912	668.0	764.0
codec-nounk-U	U-nested-interleaved	U-nested-interleaved	ascii	armonik	decode	default	20	388.2	371.3	434.2	0.162	382.8	409.8
codec-nounk-U	U-element-u-fixed32	U-element-u-fixed32	ascii	incumbent-prod	encode	default	20	1278.7	1231.4	1377.4	0.114	1248.1	1295.6
codec-nounk-U	U-wire-ListResultsResponse-page-as-wt1	U-wire-ListResultsResponse-page-as-wt1	ascii	core-ffi-pull	decode	no-unknown	20	851.0	834.3	917.8	0.098	842.0	868.7
codec-nounk-U	U-wire-ListTaskSummaryResponse-tasks-as-wt5	U-wire-ListTaskSummaryResponse-tasks-as-wt5	ascii	core-ffi	encode	no-unknown	20	508.1	483.0	532.6	0.098	501.0	515.3
codec-nounk-U	U-root-u-fixed64	U-root-u-fixed64	ascii	incumbent-prod	decode	default	20	625.3	615.1	651.3	0.058	620.0	630.1
codec-nounk-U	U-element-u-varint	U-element-u-varint	ascii	core-ffi-pull	decode	no-unknown	20	2651.2	2570.3	2777.5	0.078	2625.0	2712.6
codec-nounk-U	U-wire-ListTasksDetailedResponse-tasks-as-wt0	U-wire-ListTasksDetailedResponse-tasks-as-wt0	ascii	core-native	encode	no-unknown	20	559.0	535.3	604.5	0.124	538.2	588.9
codec-nounk-U	U-root-u-msg	U-root-u-msg	ascii	core-native	decode	no-unknown	20	510.5	496.0	547.2	0.100	501.9	525.8
codec-nounk-U	U-nested-u-varint	U-nested-u-varint	ascii	core-native	decode-read	no-unknown	20	245.7	240.6	266.6	0.106	243.1	249.4
codec-nounk-U	U-leaf-u-varint	U-leaf-u-varint	ascii	core-native	encode	no-unknown	20	45.6	44.9	47.0	0.046	45.4	46.1
codec-nounk-U	U-deep-u-fixed64	U-deep-u-fixed64	ascii	core-ffi	decode-read	no-unknown	20	2740.1	2702.4	2909.4	0.076	2729.0	2807.3
codec-nounk-U	U-root-max-tag	U-root-max-tag	ascii	armonik	encode	default	20	601.4	588.0	624.7	0.061	592.8	608.2
codec-nounk-U	U-nested-u-msg	U-nested-u-msg	ascii	incumbent-prod	encode	default	20	249.6	241.4	617.8	1.508	245.4	261.7
codec-nounk-U	U-wire-UploadResultDataMessage-upload-as-wt5	U-wire-UploadResultDataMessage-upload-as-wt5	ascii	core-native	decode-read	no-unknown	20	99.5	96.5	108.1	0.117	97.4	100.8
codec-nounk-U	U-root-group	U-root-group	ascii	core-ffi	decode	no-unknown	20	835.1	810.3	1199.5	0.466	819.9	847.4
codec-nounk-U	U-root-u-fixed32	U-root-u-fixed32	ascii	core-native	decode-read	no-unknown	20	532.1	523.0	549.3	0.049	526.6	537.6
codec-nounk-U	U-deep-u-packed	U-deep-u-packed	ascii	incumbent-prod	encode	default	20	1248.5	1213.5	1348.9	0.109	1241.5	1276.0
codec-nounk-U	U-root-u-len	U-root-u-len	ascii	core-native	decode-read	no-unknown	20	548.5	535.7	584.7	0.089	544.7	557.7
codec-nounk-U	U-enum-value-127	U-enum-value-127	ascii	core-native	decode-read	no-unknown	20	95.2	74.9	101.8	0.283	94.4	96.8
codec-nounk-U	U-oneof-u-msg	U-oneof-u-msg	ascii	armonik	decode-read	default	20	103.9	103.0	109.2	0.059	103.5	104.6
codec-nounk-U	U-oneof-before	U-oneof-before	ascii	core-native	encode	no-unknown	20	22.7	17.5	24.4	0.304	18.0	23.1
codec-nounk-U	U-enum-value-2147483647	U-enum-value-2147483647	ascii	armonik	decode	default	20	110.3	105.6	117.0	0.103	108.7	112.0
codec-nounk-U	U-oneof-u-repeated	U-oneof-u-repeated	ascii	core-native	encode	no-unknown	20	23.1	21.8	24.1	0.101	22.3	23.4
codec-nounk-U	U-element-u-len	U-element-u-len	ascii	core-native	decode-read	no-unknown	20	1483.3	1464.8	1521.3	0.038	1475.3	1489.8
codec-nounk-U	U-root-u-msg	U-root-u-msg	ascii	incumbent-prod	decode-read	default	20	694.3	636.9	782.2	0.209	650.2	741.7
codec-nounk-U	U-wire-ListMetricsResponse-batches-as-wt0	U-wire-ListMetricsResponse-batches-as-wt0	ascii	core-ffi	decode-read	no-unknown	20	1679.7	1582.5	1931.6	0.208	1630.5	1764.7
codec-nounk-U	U-nested-before	U-nested-before	ascii	core-native	encode	no-unknown	20	42.8	39.6	46.3	0.157	40.4	44.8
codec-nounk-U	U-wire-ListResultsResponse-results-as-wt0	U-wire-ListResultsResponse-results-as-wt0	ascii	core-native	decode-read	no-unknown	20	560.7	543.5	617.0	0.131	553.4	571.4
codec-nounk-U	U-leaf-u-varint	U-leaf-u-varint	ascii	core-native	decode	no-unknown	20	244.2	237.7	258.6	0.085	241.1	248.8
codec-nounk-U	U-oneof-group	U-oneof-group	ascii	core-native	decode-read	no-unknown	20	116.9	114.0	118.5	0.039	116.5	117.5
codec-nounk-U	U-wire-ListTaskSummaryResponse-tasks-as-wt0	U-wire-ListTaskSummaryResponse-tasks-as-wt0	ascii	core-native	decode-read	no-unknown	20	1749.2	1672.0	1877.0	0.117	1717.6	1844.8
codec-nounk-U	U-leaf-u-fixed64	U-leaf-u-fixed64	ascii	armonik	encode	default	20	245.8	240.0	252.0	0.049	244.0	247.2
codec-nounk-U	U-element-all	U-element-all	ascii	armonik	decode-read	default	20	1808.1	1786.1	1933.7	0.082	1798.2	1901.2
codec-nounk-U	U-deep-u-fixed32	U-deep-u-fixed32	ascii	core-ffi	decode	no-unknown	20	2596.9	2580.2	2765.6	0.071	2588.5	2641.7
codec-nounk-U	U-leaf-u-repeated	U-leaf-u-repeated	ascii	core-native	encode	no-unknown	20	45.5	43.3	46.6	0.071	45.0	45.9
codec-nounk-U	U-oneof-u-varint	U-oneof-u-varint	ascii	core-native	encode	no-unknown	20	22.7	21.8	24.3	0.111	22.2	23.1
codec-nounk-U	U-leaf-all	U-leaf-all	ascii	core-ffi	encode	no-unknown	20	101.7	100.0	108.5	0.083	100.7	103.3
codec-nounk-U	U-wire-ListResultsResponse-results-as-wt5	U-wire-ListResultsResponse-results-as-wt5	ascii	core-ffi	encode	no-unknown	20	193.5	186.5	212.6	0.135	191.5	197.3
codec-nounk-U	U-oneof-u-fixed64	U-oneof-u-fixed64	ascii	core-native	encode	no-unknown	20	22.5	21.5	28.0	0.288	22.1	23.0
codec-nounk-U	U-deep-u-packed	U-deep-u-packed	ascii	core-ffi	decode-read	no-unknown	20	2733.2	2708.3	2786.9	0.029	2726.7	2741.1
codec-nounk-U	U-enum-value-2147483647	U-enum-value-2147483647	ascii	core-native	decode	no-unknown	20	86.1	84.9	93.5	0.100	85.5	86.4
codec-nounk-U	U-oneof-all	U-oneof-all	ascii	core-ffi-pull	decode	no-unknown	20	181.4	177.6	194.1	0.091	180.2	181.9
codec-nounk-U	U-root-group	U-root-group	ascii	armonik	decode-read	default	20	711.4	680.1	837.6	0.221	703.6	730.3
codec-nounk-U	U-nested-all	U-nested-all	ascii	core-ffi-pull	decode-read	no-unknown	20	460.9	451.7	468.4	0.036	458.9	462.4
codec-nounk-U	U-element-u-varint	U-element-u-varint	ascii	armonik	decode-read	default	20	1826.0	1763.4	1885.3	0.067	1820.0	1839.8
codec-nounk-U	U-enum-value-127	U-enum-value-127	ascii	core-ffi-pull	decode	no-unknown	20	113.4	112.0	117.6	0.050	112.8	114.2
codec-nounk-U	U-enum-value-127	U-enum-value-127	ascii	core-ffi	encode	no-unknown	20	36.2	34.9	37.1	0.060	35.8	36.5
codec-nounk-U	U-root-u-packed	U-root-u-packed	ascii	armonik	encode	default	20	596.3	587.7	607.4	0.033	593.9	601.7
codec-nounk-U	U-leaf-u-varint	U-leaf-u-varint	ascii	core-ffi	decode	no-unknown	20	411.0	401.5	437.8	0.088	407.5	412.3
codec-nounk-U	U-wire-ListProbeResponse-probes-as-wt1	U-wire-ListProbeResponse-probes-as-wt1	ascii	core-ffi	encode	no-unknown	20	93.1	90.5	98.3	0.084	92.1	94.4
codec-nounk-U	U-wire-DualResponse-left-as-wt0	U-wire-DualResponse-left-as-wt0	ascii	core-ffi	decode	no-unknown	20	258.2	254.2	267.0	0.050	256.9	262.2
codec-nounk-U	U-element-u-repeated	U-element-u-repeated	ascii	incumbent-prod	encode	default	20	1239.4	1225.6	1327.0	0.082	1233.2	1255.1
codec-nounk-U	U-wire-ListTasksDetailedResponse-page-as-wt5	U-wire-ListTasksDetailedResponse-page-as-wt5	ascii	core-ffi	decode	no-unknown	20	5648.3	5519.3	6442.3	0.163	5589.0	5740.7
codec-nounk-U	U-nested-group	U-nested-group	ascii	incumbent-prod	decode	default	20	333.5	323.6	342.7	0.057	329.6	335.5
codec-nounk-U	U-root-u-fixed64	U-root-u-fixed64	ascii	incumbent-prod	decode-read	default	20	649.1	639.5	661.4	0.034	646.7	652.4
codec-nounk-U	U-deep-u-len	U-deep-u-len	ascii	incumbent-prod	decode-read	default	20	1874.4	1838.9	1897.7	0.031	1864.1	1882.8
codec-nounk-U	U-oneof-interleaved	U-oneof-interleaved	ascii	armonik	decode-read	default	20	204.8	196.5	213.2	0.082	202.2	208.1
codec-nounk-U	U-oneof-member-after-known	U-oneof-member-after-known	ascii	core-native	decode	no-unknown	20	92.8	88.8	96.0	0.078	91.2	93.3
codec-nounk-U	U-oneof-u-fixed64	U-oneof-u-fixed64	ascii	armonik	encode	default	20	114.4	107.2	119.5	0.107	111.8	116.0
codec-nounk-U	U-oneof-u-varint	U-oneof-u-varint	ascii	core-native	decode-read	no-unknown	20	100.0	96.9	105.7	0.088	99.0	101.5
codec-nounk-U	U-leaf-all	U-leaf-all	ascii	core-ffi-pull	decode-read	no-unknown	20	498.8	478.6	521.1	0.085	492.9	506.6
codec-nounk-U	U-nested-u-repeated	U-nested-u-repeated	ascii	core-ffi	decode	no-unknown	20	413.2	405.0	437.4	0.078	407.6	421.4
codec-nounk-U	U-leaf-u-msg	U-leaf-u-msg	ascii	armonik	decode-read	default	20	320.3	313.5	337.2	0.074	317.1	325.2
codec-nounk-U	U-nested-u-fixed64	U-nested-u-fixed64	ascii	armonik	decode-read	default	20	312.1	305.2	319.4	0.045	309.9	314.4
codec-nounk-U	U-enum-value-2147483647	U-enum-value-2147483647	ascii	armonik	encode	default	20	72.3	70.8	73.3	0.034	71.9	72.6
codec-nounk-U	U-wire-ListResultsResponse-results-as-wt5	U-wire-ListResultsResponse-results-as-wt5	ascii	core-ffi-pull	decode	no-unknown	20	852.3	839.8	879.8	0.047	846.8	863.9
codec-nounk-U	U-leaf-u-packed	U-leaf-u-packed	ascii	core-native	decode	no-unknown	20	242.7	231.9	253.7	0.090	239.8	244.8
codec-nounk-U	U-leaf-u-fixed64	U-leaf-u-fixed64	ascii	armonik	decode	default	20	310.8	288.1	332.9	0.144	300.4	318.7
codec-nounk-U	U-wire-ListTasksDetailedResponse-tasks-as-wt1	U-wire-ListTasksDetailedResponse-tasks-as-wt1	ascii	core-ffi	decode	no-unknown	20	5708.5	5516.9	6392.5	0.153	5634.5	5800.3
codec-nounk-U	U-wire-UploadResultDataMessage-upload-as-wt1	U-wire-UploadResultDataMessage-upload-as-wt1	ascii	core-ffi	encode	no-unknown	20	33.7	32.5	35.9	0.101	33.4	34.3
codec-nounk-U	U-nested-u-fixed64	U-nested-u-fixed64	ascii	armonik	decode	default	20	300.0	292.6	312.7	0.067	297.1	304.1
codec-nounk-U	U-element-u-packed	U-element-u-packed	ascii	core-ffi	encode	no-unknown	20	562.3	539.4	607.4	0.121	550.8	569.7
codec-nounk-U	U-leaf-u-repeated	U-leaf-u-repeated	ascii	core-ffi-pull	decode	no-unknown	20	439.6	424.6	467.9	0.099	430.6	443.2
codec-nounk-U	U-nested-u-len	U-nested-u-len	ascii	armonik	encode	default	20	262.4	256.8	309.7	0.202	259.9	270.5
codec-nounk-U	U-wire-UploadResultDataMessage-upload-as-wt1	U-wire-UploadResultDataMessage-upload-as-wt1	ascii	core-ffi	decode	no-unknown	20	159.5	155.1	169.2	0.088	156.8	161.3
codec-nounk-U	U-root-max-tag	U-root-max-tag	ascii	core-ffi	encode	no-unknown	20	198.0	188.0	218.5	0.154	196.0	205.2
codec-nounk-U	U-enum-value-packed	U-enum-value-packed	ascii	incumbent-prod	decode-read	default	20	111.4	109.3	124.4	0.136	110.8	113.4
codec-nounk-U	U-oneof-u-msg	U-oneof-u-msg	ascii	core-ffi	decode	no-unknown	20	150.3	115.4	251.8	0.907	147.2	152.5
codec-nounk-U	U-nested-u-varint	U-nested-u-varint	ascii	core-ffi-pull	decode-read	no-unknown	20	337.4	332.7	507.6	0.518	334.7	348.1
codec-nounk-U	U-nested-group	U-nested-group	ascii	core-ffi-pull	decode-read	no-unknown	20	351.8	344.0	569.2	0.640	346.9	354.3
codec-nounk-U	U-root-interleaved	U-root-interleaved	ascii	core-ffi	decode-read	no-unknown	20	702.8	682.3	825.3	0.203	691.4	713.8
codec-nounk-U	U-deep-u-varint	U-deep-u-varint	ascii	core-ffi-pull	decode-read	no-unknown	20	2145.6	2108.0	2285.5	0.083	2127.2	2172.8
codec-nounk-U	U-wire-DualResponse-left-as-wt0	U-wire-DualResponse-left-as-wt0	ascii	core-ffi	decode-read	no-unknown	20	211.2	206.2	219.2	0.062	209.5	215.3
codec-nounk-U	U-leaf-u-repeated	U-leaf-u-repeated	ascii	core-ffi	decode	no-unknown	20	325.1	322.2	328.1	0.018	324.5	326.4
codec-nounk-U	U-nested-interleaved	U-nested-interleaved	ascii	core-native	decode-read	no-unknown	20	290.3	228.6	306.4	0.268	289.0	291.5
codec-nounk-U	U-oneof-before	U-oneof-before	ascii	incumbent-prod	decode	default	20	209.5	204.7	216.8	0.058	208.0	212.5
codec-nounk-U	U-element-u-packed	U-element-u-packed	ascii	core-ffi	decode	no-unknown	20	2637.2	2601.5	2696.1	0.036	2620.9	2653.5
codec-nounk-U	U-wire-UploadResultDataMessage-upload-as-wt0	U-wire-UploadResultDataMessage-upload-as-wt0	ascii	core-ffi-pull	decode-read	no-unknown	20	167.9	166.3	172.8	0.039	167.7	168.5
codec-nounk-U	U-oneof-u-len	U-oneof-u-len	ascii	core-native	encode	no-unknown	20	22.9	22.0	24.0	0.086	22.6	23.1
codec-nounk-U	U-root-u-varint	U-root-u-varint	ascii	core-ffi-pull	decode-read	no-unknown	20	877.0	863.1	896.3	0.038	870.8	879.5
codec-nounk-U	U-element-u-fixed32	U-element-u-fixed32	ascii	core-ffi-pull	decode-read	no-unknown	20	2821.2	2722.6	2996.8	0.097	2756.5	2844.1
codec-nounk-U	U-leaf-u-fixed32	U-leaf-u-fixed32	ascii	core-native	decode	no-unknown	20	241.0	235.6	251.5	0.066	237.4	242.2
codec-nounk-U	U-wire-ListResultsResponse-page-as-wt1	U-wire-ListResultsResponse-page-as-wt1	ascii	core-ffi	decode	no-unknown	20	846.0	833.6	909.3	0.089	842.7	858.7
codec-nounk-U	U-wire-ListTasksDetailedResponse-page-as-wt1	U-wire-ListTasksDetailedResponse-page-as-wt1	ascii	core-ffi-pull	decode-read	no-unknown	20	5902.3	5713.0	6138.2	0.072	5829.0	6055.3
codec-nounk-U	U-wire-ListMetricsResponse-batches-as-wt5	U-wire-ListMetricsResponse-batches-as-wt5	ascii	core-native	decode	no-unknown	20	1515.4	1447.2	1609.6	0.107	1490.5	1562.0
codec-nounk-U	U-oneof-u-fixed64	U-oneof-u-fixed64	ascii	armonik	decode	default	20	124.0	122.5	125.4	0.024	123.5	124.4
codec-nounk-U	U-leaf-u-packed	U-leaf-u-packed	ascii	core-ffi	encode	no-unknown	20	100.9	94.3	102.4	0.080	100.0	101.1
codec-nounk-U	U-nested-all	U-nested-all	ascii	incumbent-prod	decode	default	20	369.5	358.4	389.0	0.083	365.2	377.4
codec-nounk-U	U-wire-ListTasksDetailedResponse-tasks-as-wt0	U-wire-ListTasksDetailedResponse-tasks-as-wt0	ascii	core-native	decode-read	no-unknown	20	3317.1	3284.5	3393.6	0.033	3307.3	3330.9
codec-nounk-U	U-wire-ListMetricsResponse-batches-as-wt1	U-wire-ListMetricsResponse-batches-as-wt1	ascii	core-native	encode	no-unknown	20	623.5	614.1	638.2	0.039	620.5	628.2
codec-nounk-U	U-deep-u-repeated	U-deep-u-repeated	ascii	armonik	decode	default	20	1700.4	1654.6	1743.3	0.052	1688.5	1708.2
codec-nounk-U	U-root-before	U-root-before	ascii	core-ffi	decode-read	no-unknown	20	890.1	860.9	920.7	0.067	872.4	896.4
codec-nounk-U	U-root-all	U-root-all	ascii	core-ffi	decode-read	no-unknown	20	918.5	885.5	944.5	0.064	903.1	926.8
codec-nounk-U	U-nested-u-fixed32	U-nested-u-fixed32	ascii	core-native	decode	no-unknown	20	236.0	229.6	329.3	0.422	232.4	240.1
codec-nounk-U	U-nested-group	U-nested-group	ascii	core-native	encode	no-unknown	20	42.9	42.4	45.1	0.062	42.7	43.3
codec-nounk-U	U-root-u-varint	U-root-u-varint	ascii	armonik	decode	default	20	597.0	577.5	615.8	0.064	592.8	598.4
codec-nounk-U	U-root-u-packed	U-root-u-packed	ascii	core-ffi	decode	no-unknown	20	733.7	724.6	813.7	0.121	728.4	743.5
codec-nounk-U	U-element-u-len	U-element-u-len	ascii	armonik	decode	default	20	1534.3	1431.4	1622.2	0.124	1529.0	1546.4
codec-nounk-U	U-deep-u-len	U-deep-u-len	ascii	core-ffi	decode	no-unknown	20	2212.0	2086.4	2269.2	0.083	2155.4	2220.6
codec-nounk-U	U-enum-value-999	U-enum-value-999	ascii	incumbent-prod	decode	default	20	60.0	59.3	61.6	0.037	59.8	60.6
codec-nounk-U	U-root-u-fixed64	U-root-u-fixed64	ascii	core-ffi-pull	decode-read	no-unknown	20	702.4	692.4	718.4	0.037	697.6	705.7
codec-nounk-U	U-root-interleaved	U-root-interleaved	ascii	incumbent-prod	encode	default	20	444.4	434.6	448.5	0.031	441.9	446.7
codec-nounk-U	U-wire-ListTasksDetailedResponse-page-as-wt5	U-wire-ListTasksDetailedResponse-page-as-wt5	ascii	core-native	decode	no-unknown	20	2534.6	2511.8	2627.9	0.046	2524.3	2547.8
codec-nounk-U	U-wire-ListTasksDetailedResponse-tasks-as-wt5	U-wire-ListTasksDetailedResponse-tasks-as-wt5	ascii	core-native	decode-read	no-unknown	20	2717.9	2680.7	2806.9	0.046	2707.0	2736.1
codec-nounk-U	U-nested-all	U-nested-all	ascii	core-native	decode	no-unknown	20	270.6	267.9	277.3	0.035	269.8	272.1
codec-nounk-U	U-oneof-member-before-known	U-oneof-member-before-known	ascii	core-native	decode-read	no-unknown	20	76.7	75.4	78.8	0.044	76.4	77.4
codec-nounk-U	U-enum-value-999	U-enum-value-999	ascii	armonik	decode	default	20	81.5	78.8	93.2	0.176	80.4	84.4
codec-nounk-U	U-wire-ListProbeResponse-probes-as-wt5	U-wire-ListProbeResponse-probes-as-wt5	ascii	core-native	decode-read	no-unknown	20	168.5	159.6	190.1	0.181	163.7	172.9
codec-nounk-U	U-element-u-msg	U-element-u-msg	ascii	armonik	decode	default	20	1365.9	1342.9	1454.6	0.082	1350.0	1374.7
codec-nounk-U	U-oneof-before	U-oneof-before	ascii	core-native	decode	no-unknown	20	102.0	97.1	109.7	0.123	100.8	103.6
codec-nounk-U	U-root-max-tag	U-root-max-tag	ascii	incumbent-prod	decode-read	default	20	536.0	519.9	554.9	0.065	533.0	542.4
codec-nounk-U	U-oneof-group	U-oneof-group	ascii	incumbent-prod	encode	default	20	87.0	83.3	89.9	0.075	85.4	88.7
codec-nounk-U	U-enum-value-127	U-enum-value-127	ascii	armonik	decode-read	default	20	85.8	84.8	89.0	0.049	85.2	86.4
codec-nounk-U	U-nested-interleaved	U-nested-interleaved	ascii	incumbent-prod	decode-read	default	20	308.2	299.1	314.6	0.050	305.6	308.6
codec-nounk-U	U-enum-value-packed	U-enum-value-packed	ascii	core-native	decode-read	no-unknown	20	69.8	68.5	72.4	0.056	69.3	70.6
codec-nounk-U	U-wire-ListResultsResponse-page-as-wt2	U-wire-ListResultsResponse-page-as-wt2	ascii	core-native	encode	no-unknown	20	75.5	73.4	77.8	0.058	74.7	76.0
codec-nounk-U	U-enum-value-127	U-enum-value-127	ascii	core-ffi	decode-read	no-unknown	20	91.4	90.2	93.5	0.036	90.8	91.5
codec-nounk-U	U-element-u-len	U-element-u-len	ascii	armonik	decode-read	default	20	1431.6	1422.5	1484.2	0.043	1426.6	1440.5
codec-nounk-U	U-deep-u-varint	U-deep-u-varint	ascii	incumbent-prod	encode	default	20	967.7	956.0	1063.2	0.111	962.4	972.5
codec-nounk-U	U-nested-group	U-nested-group	ascii	core-native	decode-read	no-unknown	20	215.2	211.0	238.7	0.129	214.6	217.2
codec-nounk-U	U-wire-ListProbeResponse-probes-as-wt1	U-wire-ListProbeResponse-probes-as-wt1	ascii	core-ffi-pull	decode	no-unknown	20	245.6	242.5	251.3	0.036	244.1	247.1
codec-nounk-U	U-leaf-u-len	U-leaf-u-len	ascii	core-ffi-pull	decode-read	no-unknown	20	356.3	340.7	377.1	0.102	354.0	361.3
codec-nounk-U	U-oneof-u-msg	U-oneof-u-msg	ascii	incumbent-prod	encode	default	20	91.2	82.4	98.3	0.174	87.9	93.1
codec-nounk-U	U-wire-ListResultsResponse-page-as-wt5	U-wire-ListResultsResponse-page-as-wt5	ascii	core-ffi	encode	no-unknown	20	150.8	147.9	169.5	0.143	149.8	152.5
codec-nounk-U	U-oneof-u-varint	U-oneof-u-varint	ascii	incumbent-prod	encode	default	20	88.1	83.0	95.1	0.137	85.3	89.8
codec-nounk-U	U-nested-u-fixed32	U-nested-u-fixed32	ascii	core-ffi	decode	no-unknown	20	313.1	308.6	317.5	0.028	311.7	314.4
codec-nounk-U	U-root-u-varint	U-root-u-varint	ascii	core-ffi	encode	no-unknown	20	194.5	187.6	201.8	0.073	191.7	197.9
codec-nounk-U	U-root-all	U-root-all	ascii	incumbent-prod	decode	default	20	721.8	705.1	771.8	0.092	718.0	728.8
codec-nounk-U	U-wire-ListResultsResponse-page-as-wt2	U-wire-ListResultsResponse-page-as-wt2	ascii	core-ffi-pull	decode-read	no-unknown	20	887.9	861.9	970.4	0.122	881.7	900.1
codec-nounk-U	U-oneof-before	U-oneof-before	ascii	armonik	encode	default	20	115.2	107.8	120.2	0.108	110.6	117.1
codec-nounk-U	U-element-u-packed	U-element-u-packed	ascii	core-native	decode	no-unknown	20	1397.0	1378.6	2039.4	0.473	1385.1	1414.2
codec-nounk-U	U-oneof-member-alone	U-oneof-member-alone	ascii	armonik	decode-read	default	20	120.2	117.4	158.0	0.338	118.8	126.1
codec-nounk-U	U-nested-all	U-nested-all	ascii	core-native	decode-read	no-unknown	20	291.9	284.2	298.0	0.047	290.9	292.8
codec-nounk-U	U-leaf-u-len	U-leaf-u-len	ascii	core-ffi	decode-read	no-unknown	20	418.4	412.8	431.5	0.045	417.2	422.4
codec-nounk-U	U-wire-ListTaskSummaryResponse-tasks-as-wt1	U-wire-ListTaskSummaryResponse-tasks-as-wt1	ascii	core-ffi	decode-read	no-unknown	20	2554.5	2506.8	2824.0	0.124	2526.5	2595.7
codec-nounk-U	U-oneof-group	U-oneof-group	ascii	core-ffi	decode-read	no-unknown	20	175.8	171.2	192.6	0.122	173.0	179.6
codec-nounk-U	U-root-u-varint	U-root-u-varint	ascii	incumbent-prod	decode	default	20	639.4	620.2	774.6	0.241	631.7	669.4
codec-nounk-U	U-oneof-u-fixed64	U-oneof-u-fixed64	ascii	core-ffi	decode-read	no-unknown	20	155.3	149.2	167.0	0.114	154.6	156.7
codec-nounk-U	U-enum-value-999	U-enum-value-999	ascii	core-ffi	decode-read	no-unknown	20	116.3	111.2	133.5	0.192	113.7	121.3
codec-nounk-U	U-root-all	U-root-all	ascii	core-native	decode-read	no-unknown	20	557.7	538.9	591.5	0.094	548.2	568.1
codec-nounk-U	U-deep-u-len	U-deep-u-len	ascii	core-native	decode	no-unknown	20	1380.8	1295.0	1636.7	0.247	1361.0	1390.0
codec-nounk-U	U-oneof-member-after-known	U-oneof-member-after-known	ascii	core-native	encode	no-unknown	20	23.1	21.5	25.9	0.191	22.6	23.5
codec-nounk-U	U-wire-ListProbeResponse-probes-as-wt1	U-wire-ListProbeResponse-probes-as-wt1	ascii	core-ffi	decode	no-unknown	20	304.7	294.6	319.8	0.083	300.9	310.5
codec-nounk-U	U-oneof-interleaved	U-oneof-interleaved	ascii	core-ffi-pull	decode	no-unknown	20	181.1	178.2	196.2	0.099	179.9	182.9
codec-nounk-U	U-wire-DualResponse-left-as-wt1	U-wire-DualResponse-left-as-wt1	ascii	core-native	encode	no-unknown	20	46.0	44.9	46.5	0.035	45.7	46.1
codec-nounk-U	U-element-u-packed	U-element-u-packed	ascii	incumbent-prod	encode	default	20	1241.2	1222.7	1280.8	0.047	1234.2	1249.7
codec-nounk-U	U-element-u-varint	U-element-u-varint	ascii	armonik	decode	default	20	1759.0	1709.3	1822.5	0.064	1742.0	1785.3
codec-nounk-U	U-element-u-len	U-element-u-len	ascii	incumbent-prod	decode	default	20	1777.7	1740.7	1832.2	0.051	1766.4	1791.5
codec-nounk-U	U-enum-value-127	U-enum-value-127	ascii	armonik	encode	default	20	55.9	55.3	58.2	0.051	55.5	56.5
codec-nounk-U	U-wire-ListTasksDetailedResponse-tasks-as-wt5	U-wire-ListTasksDetailedResponse-tasks-as-wt5	ascii	core-native	encode	no-unknown	20	556.3	542.3	569.4	0.049	549.2	563.2
codec-nounk-U	U-root-max-tag	U-root-max-tag	ascii	core-native	decode	no-unknown	20	524.6	515.3	534.2	0.036	521.9	527.6
codec-nounk-U	U-oneof-u-fixed32	U-oneof-u-fixed32	ascii	core-native	decode	no-unknown	20	92.7	91.7	95.9	0.046	92.1	93.2
codec-nounk-U	U-oneof-u-fixed32	U-oneof-u-fixed32	ascii	incumbent-prod	decode-read	default	20	133.9	131.7	135.7	0.030	132.9	134.6
codec-nounk-U	U-oneof-u-repeated	U-oneof-u-repeated	ascii	incumbent-prod	encode	default	20	111.1	106.8	116.7	0.090	107.4	114.1
codec-nounk-U	U-wire-ListResultsResponse-results-as-wt0	U-wire-ListResultsResponse-results-as-wt0	ascii	core-ffi	encode	no-unknown	20	195.4	190.1	204.6	0.074	193.7	197.0
codec-nounk-U	U-element-u-fixed64	U-element-u-fixed64	ascii	core-ffi-pull	decode	no-unknown	20	2855.8	2652.0	4023.3	0.480	2756.8	3293.8
codec-nounk-U	U-root-u-fixed32	U-root-u-fixed32	ascii	core-ffi	encode	no-unknown	20	196.1	188.9	212.3	0.120	192.0	197.3
codec-nounk-U	U-root-u-msg	U-root-u-msg	ascii	core-ffi	encode	no-unknown	20	192.3	185.8	201.1	0.080	190.4	194.7
codec-nounk-U	U-wire-UploadResultDataMessage-upload-as-wt5	U-wire-UploadResultDataMessage-upload-as-wt5	ascii	core-ffi	decode-read	no-unknown	20	163.4	158.5	168.0	0.058	160.5	165.3
codec-nounk-U	U-nested-u-repeated	U-nested-u-repeated	ascii	armonik	encode	default	20	258.4	246.7	270.9	0.094	255.2	260.8
codec-nounk-U	U-nested-all	U-nested-all	ascii	incumbent-prod	decode-read	default	20	401.8	387.1	416.4	0.073	396.7	407.6
codec-nounk-U	U-oneof-u-len	U-oneof-u-len	ascii	incumbent-prod	encode	default	20	109.7	100.9	121.4	0.187	106.9	111.9
codec-nounk-U	U-oneof-member-before-known	U-oneof-member-before-known	ascii	incumbent-prod	encode	default	20	107.4	99.0	112.9	0.129	104.4	108.5
codec-nounk-U	U-enum-value-999	U-enum-value-999	ascii	armonik	encode	default	20	61.8	60.9	69.6	0.140	61.4	62.7
codec-nounk-U	U-nested-u-varint	U-nested-u-varint	ascii	core-ffi	encode	no-unknown	20	100.9	98.7	102.9	0.042	100.4	101.4
codec-nounk-U	U-element-u-msg	U-element-u-msg	ascii	armonik	encode	default	20	1257.0	1229.9	1331.0	0.080	1251.2	1272.4
codec-nounk-U	U-deep-u-fixed64	U-deep-u-fixed64	ascii	core-ffi-pull	decode	no-unknown	20	2621.1	2573.7	2839.4	0.101	2603.4	2662.5
codec-nounk-U	U-nested-u-varint	U-nested-u-varint	ascii	armonik	decode	default	20	300.2	295.0	312.2	0.057	298.6	304.5
codec-nounk-U	U-root-u-len	U-root-u-len	ascii	armonik	encode	default	20	594.6	582.0	624.5	0.071	592.4	605.3
codec-nounk-U	U-wire-DualResponse-left-as-wt1	U-wire-DualResponse-left-as-wt1	ascii	core-ffi-pull	decode-read	no-unknown	20	282.1	276.8	289.5	0.045	279.8	285.7
codec-nounk-U	U-wire-ListResultsResponse-page-as-wt5	U-wire-ListResultsResponse-page-as-wt5	ascii	core-ffi-pull	decode	no-unknown	20	844.3	828.9	884.3	0.066	836.7	857.0
codec-nounk-U	U-element-u-repeated	U-element-u-repeated	ascii	core-ffi-pull	decode	no-unknown	20	2670.0	2603.2	2819.0	0.081	2646.6	2692.4
codec-nounk-U	U-element-u-repeated	U-element-u-repeated	ascii	core-native	decode-read	no-unknown	20	1525.9	1484.6	1590.7	0.070	1504.2	1548.8
codec-nounk-U	U-element-u-msg	U-element-u-msg	ascii	core-ffi	encode	no-unknown	20	550.7	533.7	597.9	0.117	542.3	561.6
codec-nounk-U	U-nested-all	U-nested-all	ascii	core-ffi	decode-read	no-unknown	20	459.5	450.8	472.6	0.047	458.1	462.9
codec-nounk-U	U-leaf-u-msg	U-leaf-u-msg	ascii	incumbent-prod	encode	default	20	245.7	242.9	256.9	0.057	243.2	248.5
codec-nounk-U	U-wire-ListTasksDetailedResponse-tasks-as-wt5	U-wire-ListTasksDetailedResponse-tasks-as-wt5	ascii	core-ffi-pull	decode	no-unknown	20	5662.3	5535.3	6526.7	0.175	5579.3	5753.6
codec-nounk-U	U-wire-ListResultsResponse-results-as-wt5	U-wire-ListResultsResponse-results-as-wt5	ascii	core-native	decode	no-unknown	20	524.2	515.6	558.8	0.082	521.1	527.3
codec-nounk-U	U-oneof-u-fixed64	U-oneof-u-fixed64	ascii	core-ffi-pull	decode-read	no-unknown	20	161.5	158.3	173.4	0.093	159.4	163.8
codec-nounk-U	U-oneof-u-repeated	U-oneof-u-repeated	ascii	incumbent-prod	decode-read	default	20	149.6	143.5	156.7	0.088	146.8	152.0
codec-nounk-U	U-leaf-u-fixed32	U-leaf-u-fixed32	ascii	armonik	encode	default	20	259.7	257.4	276.5	0.074	258.6	262.3
codec-nounk-U	U-root-u-packed	U-root-u-packed	ascii	core-ffi-pull	decode-read	no-unknown	20	866.6	854.4	888.7	0.040	863.5	871.9
codec-nounk-U	U-root-u-msg	U-root-u-msg	ascii	core-native	decode-read	no-unknown	20	543.1	536.4	552.2	0.029	541.0	546.4
codec-nounk-U	U-wire-ListTasksDetailedResponse-tasks-as-wt0	U-wire-ListTasksDetailedResponse-tasks-as-wt0	ascii	core-ffi-pull	decode-read	no-unknown	20	5741.6	5635.9	5949.3	0.055	5669.1	5791.7
codec-nounk-U	U-root-u-len	U-root-u-len	ascii	core-native	encode	no-unknown	20	97.7	94.8	100.3	0.056	97.1	98.8
codec-nounk-U	U-root-u-msg	U-root-u-msg	ascii	core-ffi-pull	decode	no-unknown	20	845.5	835.6	883.4	0.056	843.2	849.6
codec-nounk-U	U-wire-ListResultsResponse-page-as-wt5	U-wire-ListResultsResponse-page-as-wt5	ascii	core-native	decode	no-unknown	20	510.9	502.1	537.8	0.070	507.8	520.2
codec-nounk-U	U-element-u-varint	U-element-u-varint	ascii	core-native	decode-read	no-unknown	20	1545.1	1485.9	1723.5	0.154	1519.8	1591.0
codec-nounk-U	U-root-before	U-root-before	ascii	incumbent-prod	encode	default	20	567.6	557.4	614.8	0.101	565.1	576.8
codec-nounk-U	U-wire-ListTaskSummaryResponse-tasks-as-wt0	U-wire-ListTaskSummaryResponse-tasks-as-wt0	ascii	core-ffi	decode	no-unknown	20	2434.0	2402.8	2640.5	0.098	2427.8	2455.1
codec-nounk-U	U-root-all	U-root-all	ascii	core-native	encode	no-unknown	20	96.2	93.6	99.0	0.056	95.5	96.9
codec-nounk-U	U-element-u-len	U-element-u-len	ascii	core-ffi-pull	decode-read	no-unknown	20	2730.1	2695.3	2792.8	0.036	2714.3	2738.3
codec-nounk-U	U-element-u-repeated	U-element-u-repeated	ascii	armonik	decode	default	20	1721.7	1695.6	1771.1	0.044	1712.9	1728.6
codec-nounk-U	U-element-all	U-element-all	ascii	core-ffi-pull	decode	no-unknown	20	2585.5	2555.7	2726.7	0.066	2579.2	2607.5
codec-nounk-U	U-leaf-u-repeated	U-leaf-u-repeated	ascii	armonik	encode	default	20	259.5	256.9	269.1	0.047	258.9	262.9
codec-nounk-U	U-wire-ListResultsResponse-page-as-wt1	U-wire-ListResultsResponse-page-as-wt1	ascii	core-ffi-pull	decode-read	no-unknown	20	913.7	901.5	967.3	0.072	908.5	920.6
codec-nounk-U	U-element-u-repeated	U-element-u-repeated	ascii	core-ffi	decode	no-unknown	20	2642.2	2613.4	2731.5	0.045	2632.9	2653.7
codec-nounk-U	U-root-u-repeated	U-root-u-repeated	ascii	core-ffi	decode	no-unknown	20	877.0	864.0	908.6	0.051	874.9	883.7
codec-nounk-U	U-oneof-all	U-oneof-all	ascii	core-ffi	decode	no-unknown	20	179.1	173.6	197.7	0.134	176.9	182.5
codec-nounk-U	U-element-u-fixed32	U-element-u-fixed32	ascii	core-ffi	decode	no-unknown	20	2673.5	2629.0	2749.2	0.045	2664.2	2681.2
codec-nounk-U	U-nested-interleaved	U-nested-interleaved	ascii	core-ffi	encode	no-unknown	20	101.1	99.9	108.7	0.088	100.7	101.6
codec-nounk-U	U-wire-ListTaskSummaryResponse-tasks-as-wt5	U-wire-ListTaskSummaryResponse-tasks-as-wt5	ascii	core-native	decode	no-unknown	20	1781.3	1728.4	1915.7	0.105	1747.9	1833.3
codec-nounk-U	U-element-u-packed	U-element-u-packed	ascii	armonik	decode-read	default	20	1889.4	1833.0	1968.1	0.072	1879.5	1894.9
codec-nounk-U	U-deep-u-len	U-deep-u-len	ascii	armonik	encode	default	20	1244.5	1225.8	1300.1	0.060	1238.7	1256.9
codec-nounk-U	U-nested-u-fixed64	U-nested-u-fixed64	ascii	incumbent-prod	encode	default	20	246.1	240.1	257.1	0.069	245.6	248.5
codec-nounk-U	U-root-interleaved	U-root-interleaved	ascii	core-native	decode-read	no-unknown	20	578.8	568.1	596.5	0.049	575.1	583.6
codec-nounk-U	U-nested-u-len	U-nested-u-len	ascii	core-ffi-pull	decode	no-unknown	20	414.0	409.8	430.3	0.050	412.7	416.1
codec-nounk-U	U-oneof-member-alone	U-oneof-member-alone	ascii	core-ffi-pull	decode	no-unknown	20	148.5	146.7	155.4	0.059	147.8	149.3
codec-nounk-U	U-leaf-u-msg	U-leaf-u-msg	ascii	core-native	decode	no-unknown	20	237.0	235.0	239.8	0.020	236.5	238.1
codec-nounk-U	U-oneof-all	U-oneof-all	ascii	core-ffi	encode	no-unknown	20	49.5	48.5	50.9	0.050	49.2	49.9
codec-nounk-U	U-oneof-u-fixed32	U-oneof-u-fixed32	ascii	core-ffi-pull	decode-read	no-unknown	20	159.9	157.9	199.7	0.261	159.0	161.5
codec-nounk-U	U-nested-u-fixed64	U-nested-u-fixed64	ascii	incumbent-prod	decode	default	20	307.6	291.4	386.7	0.310	298.2	329.1
codec-nounk-U	U-element-u-varint	U-element-u-varint	ascii	core-native	encode	no-unknown	20	247.4	242.3	259.3	0.069	245.9	249.4
codec-nounk-U	U-wire-ListProbeResponse-probes-as-wt0	U-wire-ListProbeResponse-probes-as-wt0	ascii	core-native	decode-read	no-unknown	20	208.8	205.4	215.1	0.047	208.1	210.1
codec-nounk-U	U-wire-DualResponse-left-as-wt5	U-wire-DualResponse-left-as-wt5	ascii	core-ffi-pull	decode	no-unknown	20	269.2	263.1	282.6	0.072	266.5	276.9
codec-nounk-U	U-wire-UploadResultDataMessage-upload-as-wt1	U-wire-UploadResultDataMessage-upload-as-wt1	ascii	core-ffi	decode-read	no-unknown	20	164.0	161.6	168.2	0.040	162.8	164.9
codec-nounk-U	U-oneof-all	U-oneof-all	ascii	core-ffi-pull	decode-read	no-unknown	20	189.5	186.4	201.2	0.078	188.7	193.0
codec-nounk-U	U-oneof-interleaved	U-oneof-interleaved	ascii	armonik	encode	default	20	112.8	108.0	121.3	0.118	111.5	116.1
codec-nounk-U	U-element-u-packed	U-element-u-packed	ascii	incumbent-prod	decode-read	default	20	1869.5	1836.8	2005.0	0.090	1861.0	1884.3
codec-nounk-U	U-root-u-msg	U-root-u-msg	ascii	core-ffi	decode	no-unknown	20	835.3	822.0	875.2	0.064	833.0	840.8
codec-nounk-U	U-oneof-u-fixed32	U-oneof-u-fixed32	ascii	core-native	encode	no-unknown	20	22.0	21.5	22.6	0.051	21.8	22.2
codec-nounk-U	U-enum-value-999	U-enum-value-999	ascii	core-ffi	encode	no-unknown	20	36.8	36.0	37.4	0.039	36.7	36.9
codec-nounk-U	U-deep-u-fixed64	U-deep-u-fixed64	ascii	core-ffi-pull	decode-read	no-unknown	20	2635.0	2543.4	2684.0	0.053	2588.3	2649.4
codec-nounk-U	U-leaf-u-packed	U-leaf-u-packed	ascii	core-ffi-pull	decode	no-unknown	20	485.3	481.3	493.1	0.025	482.8	486.9
codec-nounk-U	U-oneof-interleaved	U-oneof-interleaved	ascii	core-native	decode	no-unknown	20	124.3	120.7	139.8	0.153	122.6	127.2
codec-nounk-U	U-wire-ListTaskSummaryResponse-tasks-as-wt1	U-wire-ListTaskSummaryResponse-tasks-as-wt1	ascii	core-ffi-pull	decode	no-unknown	20	2457.4	2421.8	2537.4	0.047	2439.1	2460.6
codec-nounk-U	U-leaf-all	U-leaf-all	ascii	armonik	decode	default	20	494.9	482.7	615.5	0.268	485.7	520.1
codec-nounk-U	U-root-before	U-root-before	ascii	core-ffi	decode	no-unknown	20	884.1	872.5	921.6	0.055	875.8	905.9
codec-nounk-U	U-wire-ListProbeResponse-probes-as-wt5	U-wire-ListProbeResponse-probes-as-wt5	ascii	core-ffi-pull	decode-read	no-unknown	20	322.6	317.6	335.7	0.056	320.4	324.3
codec-nounk-U	U-wire-ListResultsResponse-results-as-wt5	U-wire-ListResultsResponse-results-as-wt5	ascii	core-native	encode	no-unknown	20	99.1	94.7	112.7	0.181	97.9	101.0
codec-nounk-U	U-wire-ListTaskSummaryResponse-tasks-as-wt5	U-wire-ListTaskSummaryResponse-tasks-as-wt5	ascii	core-ffi-pull	decode	no-unknown	20	2510.3	2454.3	2634.3	0.072	2482.1	2565.6
codec-nounk-U	U-root-group	U-root-group	ascii	core-ffi	decode-read	no-unknown	20	877.4	859.3	1017.1	0.180	868.4	895.8
codec-nounk-U	U-root-all	U-root-all	ascii	incumbent-prod	encode	default	20	572.1	557.0	597.2	0.070	568.3	581.3
codec-nounk-U	U-nested-u-fixed32	U-nested-u-fixed32	ascii	core-ffi-pull	decode	no-unknown	20	361.6	318.5	436.6	0.327	327.7	412.3
codec-nounk-U	U-deep-u-fixed32	U-deep-u-fixed32	ascii	core-native	encode	no-unknown	20	199.4	188.3	211.9	0.118	193.6	202.7
codec-nounk-U	U-root-u-fixed32	U-root-u-fixed32	ascii	incumbent-prod	decode-read	default	20	536.7	520.2	582.8	0.117	530.8	544.9
codec-nounk-U	U-element-u-varint	U-element-u-varint	ascii	core-native	decode	no-unknown	20	1213.3	1126.0	1488.5	0.299	1173.4	1409.8
codec-nounk-U	U-leaf-u-packed	U-leaf-u-packed	ascii	armonik	decode	default	20	312.5	304.4	326.8	0.072	308.4	315.6
codec-nounk-U	U-nested-all	U-nested-all	ascii	core-ffi	encode	no-unknown	20	103.2	101.0	111.7	0.104	102.2	108.7
codec-nounk-U	U-wire-ListProbeResponse-probes-as-wt5	U-wire-ListProbeResponse-probes-as-wt5	ascii	core-ffi-pull	decode	no-unknown	20	311.0	307.5	319.4	0.038	310.0	311.9
codec-nounk-U	U-enum-value-999	U-enum-value-999	ascii	core-native	decode-read	no-unknown	20	94.6	92.4	97.9	0.058	93.8	94.7
codec-nounk-U	U-wire-ListProbeResponse-probes-as-wt5	U-wire-ListProbeResponse-probes-as-wt5	ascii	core-ffi	encode	no-unknown	20	92.4	90.6	104.1	0.147	91.7	93.9
codec-nounk-U	U-nested-u-fixed32	U-nested-u-fixed32	ascii	armonik	decode-read	default	20	306.3	297.7	311.6	0.045	303.9	309.0
codec-nounk-U	U-wire-ListMetricsResponse-batches-as-wt1	U-wire-ListMetricsResponse-batches-as-wt1	ascii	core-native	decode	no-unknown	20	1556.7	1438.3	1749.0	0.200	1523.9	1604.5
codec-nounk-U	U-element-u-varint	U-element-u-varint	ascii	core-ffi-pull	decode-read	no-unknown	20	2783.9	2715.7	2947.1	0.083	2737.6	2816.7
codec-nounk-U	U-oneof-before	U-oneof-before	ascii	armonik	decode-read	default	20	212.8	202.6	220.9	0.086	208.6	217.8
codec-nounk-U	U-leaf-u-packed	U-leaf-u-packed	ascii	core-ffi	decode-read	no-unknown	20	418.3	411.7	426.4	0.035	416.7	420.5
codec-nounk-U	U-nested-interleaved	U-nested-interleaved	ascii	armonik	decode-read	default	20	384.5	367.4	410.3	0.111	377.0	393.1
codec-nounk-U	U-oneof-u-varint	U-oneof-u-varint	ascii	core-ffi	encode	no-unknown	20	50.0	49.2	57.2	0.160	49.8	50.8
codec-nounk-U	U-deep-u-repeated	U-deep-u-repeated	ascii	incumbent-prod	encode	default	20	1267.9	1217.5	1362.9	0.115	1253.2	1295.9
codec-nounk-U	U-nested-before	U-nested-before	ascii	core-native	decode-read	no-unknown	20	282.4	277.6	300.0	0.079	279.9	287.3
codec-nounk-U	U-wire-ListTasksDetailedResponse-tasks-as-wt0	U-wire-ListTasksDetailedResponse-tasks-as-wt0	ascii	core-ffi	decode-read	no-unknown	20	5498.3	5339.0	5921.7	0.106	5438.8	5707.5
codec-nounk-U	U-element-u-repeated	U-element-u-repeated	ascii	armonik	encode	default	20	1253.6	1232.2	1275.4	0.035	1242.7	1264.4
codec-nounk-U	U-deep-u-msg	U-deep-u-msg	ascii	core-native	decode-read	no-unknown	20	1480.1	1465.9	1520.6	0.037	1475.0	1489.3
codec-nounk-U	U-element-u-packed	U-element-u-packed	ascii	core-ffi-pull	decode	no-unknown	20	2688.7	2598.6	3186.8	0.219	2652.0	2762.1
codec-nounk-U	U-wire-ListResultsResponse-results-as-wt0	U-wire-ListResultsResponse-results-as-wt0	ascii	core-native	encode	no-unknown	20	97.1	95.1	104.6	0.098	96.5	97.9
codec-nounk-U	U-element-u-msg	U-element-u-msg	ascii	armonik	decode-read	default	20	1777.8	1512.1	2079.0	0.319	1606.3	1827.3
codec-nounk-U	U-root-u-fixed32	U-root-u-fixed32	ascii	core-ffi-pull	decode-read	no-unknown	20	887.0	851.7	1080.1	0.257	873.5	935.0
codec-nounk-U	U-leaf-u-msg	U-leaf-u-msg	ascii	armonik	decode	default	20	313.0	306.0	337.2	0.100	308.9	320.3
codec-nounk-U	U-deep-u-repeated	U-deep-u-repeated	ascii	core-native	encode	no-unknown	20	248.4	240.9	256.2	0.061	246.3	253.7
codec-nounk-U	U-enum-value-127	U-enum-value-127	ascii	core-ffi-pull	decode-read	no-unknown	20	130.8	128.9	137.9	0.069	130.1	131.5
codec-nounk-U	U-deep-all	U-deep-all	ascii	armonik	decode	default	20	1804.9	1784.5	1833.9	0.027	1798.0	1818.1
codec-nounk-U	U-wire-ListTasksDetailedResponse-page-as-wt1	U-wire-ListTasksDetailedResponse-page-as-wt1	ascii	core-ffi	decode	no-unknown	20	5642.0	5471.4	6047.5	0.102	5609.7	5787.8
codec-nounk-U	U-element-u-repeated	U-element-u-repeated	ascii	incumbent-prod	decode-read	default	20	1895.7	1859.1	2142.1	0.149	1874.7	1931.7
codec-nounk-U	U-oneof-interleaved	U-oneof-interleaved	ascii	core-native	decode-read	no-unknown	20	130.2	127.1	142.4	0.118	127.9	132.1
codec-nounk-U	U-wire-UploadResultDataMessage-upload-as-wt5	U-wire-UploadResultDataMessage-upload-as-wt5	ascii	core-native	encode	no-unknown	20	16.0	15.3	16.5	0.077	15.7	16.1
codec-nounk-U	U-wire-ListMetricsResponse-batches-as-wt0	U-wire-ListMetricsResponse-batches-as-wt0	ascii	core-native	decode	no-unknown	20	1512.2	1423.2	1585.1	0.107	1471.7	1535.2
codec-nounk-U	U-root-u-fixed64	U-root-u-fixed64	ascii	core-ffi-pull	decode	no-unknown	20	881.4	868.5	899.5	0.035	875.2	883.6
codec-nounk-U	U-oneof-member-alone	U-oneof-member-alone	ascii	core-ffi-pull	decode-read	no-unknown	20	152.5	150.4	156.0	0.037	151.7	153.4
codec-nounk-U	U-root-interleaved	U-root-interleaved	ascii	armonik	decode-read	default	20	783.0	768.1	794.4	0.034	778.3	785.2
codec-nounk-U	U-root-u-varint	U-root-u-varint	ascii	core-native	decode-read	no-unknown	20	582.4	571.7	586.6	0.026	578.5	584.2
codec-nounk-U	U-oneof-member-after-known	U-oneof-member-after-known	ascii	core-ffi	decode	no-unknown	20	120.1	114.6	139.5	0.207	116.8	121.8
codec-nounk-U	U-leaf-all	U-leaf-all	ascii	core-ffi-pull	decode	no-unknown	20	371.8	368.5	380.7	0.033	370.6	378.1
codec-nounk-U	U-nested-u-fixed64	U-nested-u-fixed64	ascii	core-ffi	decode-read	no-unknown	20	325.5	320.3	330.3	0.031	323.5	326.8
codec-nounk-U	U-deep-u-packed	U-deep-u-packed	ascii	core-ffi-pull	decode-read	no-unknown	20	2129.5	2098.1	2150.9	0.025	2115.0	2132.6
codec-nounk-U	U-leaf-u-fixed32	U-leaf-u-fixed32	ascii	core-ffi	encode	no-unknown	20	78.9	78.1	80.5	0.030	78.7	79.1
codec-nounk-U	U-oneof-u-varint	U-oneof-u-varint	ascii	core-ffi	decode	no-unknown	20	149.7	149.0	160.7	0.078	149.4	150.4
codec-nounk-U	U-nested-u-fixed64	U-nested-u-fixed64	ascii	core-native	decode	no-unknown	20	233.2	229.7	240.6	0.046	231.8	234.3
codec-nounk-U	U-leaf-u-varint	U-leaf-u-varint	ascii	core-ffi	encode	no-unknown	20	101.1	99.9	105.4	0.054	100.4	101.6
codec-nounk-U	U-element-u-len	U-element-u-len	ascii	core-native	encode	no-unknown	20	243.1	240.6	250.1	0.039	242.3	244.7
codec-nounk-U	U-leaf-all	U-leaf-all	ascii	incumbent-prod	encode	default	20	246.5	241.6	248.9	0.030	244.5	248.1
codec-nounk-U	U-enum-value-packed	U-enum-value-packed	ascii	core-native	decode	no-unknown	20	77.3	75.5	79.7	0.053	76.9	77.8
codec-nounk-U	U-oneof-u-repeated	U-oneof-u-repeated	ascii	core-native	decode-read	no-unknown	20	104.5	103.7	106.2	0.023	104.0	105.1
codec-nounk-U	U-nested-u-msg	U-nested-u-msg	ascii	core-ffi	encode	no-unknown	20	101.0	99.9	105.9	0.059	100.8	102.4
codec-nounk-U	U-nested-before	U-nested-before	ascii	armonik	decode-read	default	20	389.6	370.7	400.3	0.076	379.4	397.6
codec-nounk-U	U-nested-u-fixed32	U-nested-u-fixed32	ascii	incumbent-prod	decode	default	20	303.1	295.7	322.7	0.089	299.2	306.2
codec-nounk-U	U-element-u-msg	U-element-u-msg	ascii	core-native	encode	no-unknown	20	241.8	238.4	247.1	0.036	240.6	242.6
codec-nounk-U	U-root-before	U-root-before	ascii	armonik	decode-read	default	20	741.4	726.0	767.7	0.056	737.0	748.4
codec-nounk-U	U-oneof-u-repeated	U-oneof-u-repeated	ascii	armonik	decode-read	default	20	146.0	141.8	154.4	0.086	143.9	147.9
codec-nounk-U	U-root-max-tag	U-root-max-tag	ascii	core-ffi	decode-read	no-unknown	20	824.8	809.8	860.5	0.061	823.0	828.9
codec-nounk-U	U-wire-ListTasksDetailedResponse-page-as-wt5	U-wire-ListTasksDetailedResponse-page-as-wt5	ascii	core-ffi	decode-read	no-unknown	20	5792.6	5706.4	6112.8	0.070	5766.3	5831.3
codec-nounk-U	U-wire-ListTaskSummaryResponse-tasks-as-wt0	U-wire-ListTaskSummaryResponse-tasks-as-wt0	ascii	core-ffi	decode-read	no-unknown	20	2557.9	2523.3	2627.6	0.041	2544.5	2573.2
codec-nounk-U	U-leaf-u-fixed32	U-leaf-u-fixed32	ascii	armonik	decode	default	20	306.0	296.7	331.9	0.115	302.4	319.0
codec-nounk-U	U-nested-before	U-nested-before	ascii	incumbent-prod	encode	default	20	244.9	238.8	310.0	0.291	243.3	248.6
codec-nounk-U	U-leaf-u-msg	U-leaf-u-msg	ascii	core-ffi	encode	no-unknown	20	101.5	100.4	113.7	0.131	100.9	105.6
codec-nounk-U	U-root-u-msg	U-root-u-msg	ascii	armonik	decode	default	20	632.3	623.8	646.1	0.035	629.5	639.5
codec-nounk-U	U-wire-ListTasksDetailedResponse-tasks-as-wt1	U-wire-ListTasksDetailedResponse-tasks-as-wt1	ascii	core-ffi	encode	no-unknown	20	1155.7	1139.9	1192.8	0.046	1151.0	1165.2
codec-nounk-U	U-leaf-u-msg	U-leaf-u-msg	ascii	armonik	encode	default	20	260.0	249.5	274.7	0.097	252.0	264.5
codec-nounk-U	U-wire-DualResponse-left-as-wt0	U-wire-DualResponse-left-as-wt0	ascii	core-native	encode	no-unknown	20	46.0	45.1	48.2	0.067	45.7	47.1
codec-nounk-U	U-nested-u-repeated	U-nested-u-repeated	ascii	incumbent-prod	decode	default	20	314.2	302.6	332.9	0.097	309.3	317.7
codec-nounk-U	U-wire-ListMetricsResponse-batches-as-wt5	U-wire-ListMetricsResponse-batches-as-wt5	ascii	core-ffi-pull	decode-read	no-unknown	20	1650.9	1578.8	1803.0	0.136	1632.0	1675.8
codec-nounk-U	U-root-u-len	U-root-u-len	ascii	core-ffi	decode-read	no-unknown	20	863.1	847.2	923.8	0.089	856.9	871.2
codec-nounk-U	U-deep-u-len	U-deep-u-len	ascii	core-ffi-pull	decode	no-unknown	20	2612.6	2026.3	2871.0	0.323	2054.5	2672.6
codec-nounk-U	U-oneof-u-repeated	U-oneof-u-repeated	ascii	core-ffi	decode-read	no-unknown	20	124.8	122.7	129.2	0.052	124.3	125.6
codec-nounk-U	U-root-u-len	U-root-u-len	ascii	incumbent-prod	decode-read	default	20	507.1	498.1	516.9	0.037	503.1	509.4
codec-nounk-U	U-oneof-member-after-known	U-oneof-member-after-known	ascii	armonik	decode-read	default	20	101.5	100.1	110.5	0.102	100.7	102.5
codec-nounk-U	U-nested-before	U-nested-before	ascii	core-ffi-pull	decode	no-unknown	20	344.4	339.8	353.0	0.038	342.7	346.0
codec-nounk-U	U-root-all	U-root-all	ascii	core-ffi	decode	no-unknown	20	656.7	651.2	678.5	0.042	654.9	661.9
codec-nounk-U	U-enum-value-999	U-enum-value-999	ascii	armonik	decode-read	default	20	75.3	74.1	79.3	0.069	74.9	76.4
codec-nounk-U	U-deep-u-len	U-deep-u-len	ascii	core-ffi	decode-read	no-unknown	20	2096.1	2071.6	2254.6	0.087	2087.2	2120.5
codec-nounk-U	U-nested-all	U-nested-all	ascii	armonik	decode-read	default	20	346.5	297.8	403.3	0.305	305.5	392.9
codec-nounk-U	U-oneof-u-repeated	U-oneof-u-repeated	ascii	core-ffi	encode	no-unknown	20	49.7	49.0	50.6	0.031	49.4	49.9
codec-nounk-U	U-deep-u-msg	U-deep-u-msg	ascii	incumbent-prod	decode-read	default	20	1863.0	1827.0	1922.1	0.051	1851.2	1879.3
codec-nounk-U	U-root-group	U-root-group	ascii	incumbent-prod	decode-read	default	20	693.3	676.6	740.5	0.092	685.1	696.6
codec-nounk-U	U-oneof-u-len	U-oneof-u-len	ascii	armonik	decode	default	20	125.0	124.5	130.2	0.046	124.6	127.2
codec-nounk-U	U-wire-DualResponse-left-as-wt0	U-wire-DualResponse-left-as-wt0	ascii	core-ffi-pull	decode-read	no-unknown	20	279.9	275.2	287.0	0.042	277.9	283.8
codec-nounk-U	U-leaf-u-fixed64	U-leaf-u-fixed64	ascii	core-ffi	decode-read	no-unknown	20	481.5	474.7	496.1	0.044	478.5	486.5
codec-nounk-U	U-root-u-fixed32	U-root-u-fixed32	ascii	incumbent-prod	encode	default	20	564.4	553.9	587.8	0.060	561.2	567.3
codec-nounk-U	U-root-before	U-root-before	ascii	core-native	decode	no-unknown	20	575.7	558.4	622.7	0.112	569.0	592.0
codec-nounk-U	U-element-all	U-element-all	ascii	core-native	decode	no-unknown	20	1429.8	1409.0	1534.2	0.088	1415.9	1468.4
codec-nounk-U	U-nested-group	U-nested-group	ascii	core-ffi	decode-read	no-unknown	20	501.0	486.8	525.6	0.078	495.6	516.3
codec-nounk-U	U-nested-u-msg	U-nested-u-msg	ascii	core-native	decode-read	no-unknown	20	267.5	245.0	349.1	0.389	254.7	286.7
codec-nounk-U	U-deep-u-len	U-deep-u-len	ascii	core-native	encode	no-unknown	20	246.1	241.7	254.4	0.052	243.9	250.1
codec-nounk-U	U-root-interleaved	U-root-interleaved	ascii	core-ffi-pull	decode-read	no-unknown	20	918.0	891.3	1135.6	0.266	899.2	935.3
codec-nounk-U	U-nested-u-packed	U-nested-u-packed	ascii	core-ffi	decode-read	no-unknown	20	417.3	406.6	432.2	0.061	415.1	420.0
codec-nounk-U	U-oneof-member-alone	U-oneof-member-alone	ascii	armonik	decode	default	20	117.3	114.0	124.3	0.087	115.9	119.2
codec-nounk-U	U-enum-value-2147483647	U-enum-value-2147483647	ascii	core-native	decode-read	no-unknown	20	97.0	94.4	100.8	0.066	96.0	97.9
codec-nounk-U	U-root-u-repeated	U-root-u-repeated	ascii	core-ffi	decode-read	no-unknown	20	867.0	854.8	971.7	0.135	860.6	875.7
codec-nounk-U	U-nested-u-varint	U-nested-u-varint	ascii	incumbent-prod	encode	default	20	253.8	243.3	396.3	0.603	248.2	260.0
codec-nounk-U	U-oneof-group	U-oneof-group	ascii	core-native	decode	no-unknown	20	113.0	108.9	117.8	0.079	111.6	115.2
codec-nounk-U	U-leaf-u-len	U-leaf-u-len	ascii	incumbent-prod	encode	default	20	249.6	242.9	339.9	0.389	246.2	253.5
codec-nounk-U	U-deep-u-repeated	U-deep-u-repeated	ascii	incumbent-prod	decode-read	default	20	1925.9	1866.5	2716.6	0.441	1903.9	1954.8
codec-nounk-U	U-deep-u-varint	U-deep-u-varint	ascii	core-ffi-pull	decode	no-unknown	20	2760.1	2662.7	2929.2	0.097	2744.3	2847.1
codec-nounk-U	U-leaf-u-varint	U-leaf-u-varint	ascii	armonik	decode	default	20	293.4	277.9	318.4	0.138	289.0	296.9
codec-nounk-U	U-oneof-member-before-known	U-oneof-member-before-known	ascii	core-native	decode	no-unknown	20	85.5	83.1	89.5	0.074	84.4	86.1
codec-nounk-U	U-wire-ListProbeResponse-probes-as-wt0	U-wire-ListProbeResponse-probes-as-wt0	ascii	core-ffi	encode	no-unknown	20	92.2	90.3	96.0	0.061	91.6	92.9
codec-nounk-U	U-element-all	U-element-all	ascii	core-ffi	decode-read	no-unknown	20	2749.0	2674.4	2896.5	0.081	2726.0	2769.0
codec-nounk-U	U-enum-value-127	U-enum-value-127	ascii	incumbent-prod	decode-read	default	20	80.7	79.2	84.0	0.059	80.2	81.7
codec-nounk-U	U-element-u-len	U-element-u-len	ascii	core-ffi	encode	no-unknown	20	546.8	537.5	593.9	0.103	542.1	553.5
codec-nounk-U	U-root-group	U-root-group	ascii	core-native	encode	no-unknown	20	100.2	97.9	106.4	0.086	98.7	101.1
codec-nounk-U	U-leaf-all	U-leaf-all	ascii	incumbent-prod	decode-read	default	20	492.6	389.6	515.2	0.255	483.3	499.5
codec-nounk-U	U-nested-interleaved	U-nested-interleaved	ascii	core-ffi	decode	no-unknown	20	344.5	338.4	363.4	0.073	342.3	348.6
codec-nounk-U	U-leaf-u-varint	U-leaf-u-varint	ascii	incumbent-prod	decode-read	default	20	261.6	257.1	275.0	0.069	259.9	265.6
codec-nounk-U	U-root-u-len	U-root-u-len	ascii	core-ffi-pull	decode	no-unknown	20	661.1	653.6	719.1	0.099	657.9	671.2
codec-nounk-U	U-nested-u-fixed32	U-nested-u-fixed32	ascii	core-native	encode	no-unknown	20	36.0	34.4	37.4	0.084	35.5	36.7
codec-nounk-U	U-nested-u-packed	U-nested-u-packed	ascii	armonik	encode	default	20	205.0	201.4	209.5	0.040	204.3	205.3
codec-nounk-U	U-wire-ListProbeResponse-probes-as-wt0	U-wire-ListProbeResponse-probes-as-wt0	ascii	core-native	encode	no-unknown	20	35.7	34.2	40.4	0.173	35.0	36.6
codec-nounk-U	U-nested-all	U-nested-all	ascii	core-ffi	decode	no-unknown	20	353.4	334.3	398.8	0.183	344.8	368.9
codec-nounk-U	U-oneof-member-alone	U-oneof-member-alone	ascii	armonik	encode	default	20	65.5	64.2	82.0	0.270	64.8	69.4
codec-nounk-U	U-wire-ListTasksDetailedResponse-tasks-as-wt0	U-wire-ListTasksDetailedResponse-tasks-as-wt0	ascii	core-ffi	decode	no-unknown	20	5621.1	5518.2	5828.9	0.055	5602.1	5676.5
codec-nounk-U	U-deep-u-packed	U-deep-u-packed	ascii	core-native	decode-read	no-unknown	20	1497.8	1472.9	1606.1	0.089	1483.5	1516.7
codec-nounk-U	U-nested-u-fixed64	U-nested-u-fixed64	ascii	core-ffi-pull	decode	no-unknown	20	475.5	470.9	493.8	0.048	474.0	477.3
codec-nounk-U	U-wire-ListTasksDetailedResponse-page-as-wt5	U-wire-ListTasksDetailedResponse-page-as-wt5	ascii	core-ffi	encode	no-unknown	20	1158.7	1138.9	1176.4	0.032	1151.9	1163.7
codec-nounk-U	U-enum-value-packed	U-enum-value-packed	ascii	core-ffi-pull	decode	no-unknown	20	226.3	224.7	234.0	0.041	226.1	227.3
codec-nounk-U	U-root-u-msg	U-root-u-msg	ascii	armonik	encode	default	20	599.2	581.1	630.1	0.082	592.6	604.3
codec-nounk-U	U-nested-u-len	U-nested-u-len	ascii	incumbent-prod	encode	default	20	244.6	240.9	254.5	0.056	243.4	247.2
codec-nounk-U	U-deep-u-fixed64	U-deep-u-fixed64	ascii	core-ffi	encode	no-unknown	20	544.2	533.4	556.1	0.042	537.8	547.2
codec-nounk-U	U-wire-ListResultsResponse-page-as-wt1	U-wire-ListResultsResponse-page-as-wt1	ascii	core-native	encode	no-unknown	20	105.3	103.9	107.9	0.038	104.5	105.8
codec-nounk-U	U-root-max-tag	U-root-max-tag	ascii	core-native	decode-read	no-unknown	20	518.6	511.7	526.2	0.028	515.1	520.8
codec-nounk-U	U-deep-u-fixed32	U-deep-u-fixed32	ascii	incumbent-prod	encode	default	20	1275.3	1223.0	1369.8	0.115	1257.1	1330.2
codec-nounk-U	U-element-all	U-element-all	ascii	core-ffi	decode	no-unknown	20	2701.8	2662.1	2767.4	0.039	2691.1	2717.6
codec-nounk-U	U-nested-u-repeated	U-nested-u-repeated	ascii	core-native	decode	no-unknown	20	227.9	224.5	231.7	0.032	225.2	229.3
codec-nounk-U	U-element-all	U-element-all	ascii	incumbent-prod	decode	default	20	1856.9	1820.8	1888.8	0.037	1840.2	1871.3
codec-nounk-U	U-wire-DualResponse-left-as-wt5	U-wire-DualResponse-left-as-wt5	ascii	core-ffi	encode	no-unknown	20	84.9	82.3	86.1	0.045	84.4	85.3
codec-nounk-U	U-oneof-all	U-oneof-all	ascii	incumbent-prod	decode-read	default	20	218.2	210.4	227.7	0.079	214.2	220.8
codec-nounk-U	U-root-u-fixed32	U-root-u-fixed32	ascii	core-ffi	decode	no-unknown	20	824.1	818.3	830.5	0.015	820.5	825.9
codec-nounk-U	U-oneof-u-len	U-oneof-u-len	ascii	armonik	encode	default	20	110.8	107.6	122.1	0.131	109.0	113.8
codec-nounk-U	U-deep-u-msg	U-deep-u-msg	ascii	armonik	decode-read	default	20	1826.7	1802.2	1881.9	0.044	1816.4	1836.7
codec-nounk-U	U-element-u-fixed32	U-element-u-fixed32	ascii	incumbent-prod	decode	default	20	1787.9	1762.8	1847.4	0.047	1774.7	1794.1
codec-nounk-U	U-oneof-member-before-known	U-oneof-member-before-known	ascii	armonik	decode-read	default	20	130.1	127.7	131.9	0.032	129.3	130.5
codec-nounk-U	U-nested-u-repeated	U-nested-u-repeated	ascii	core-ffi-pull	decode	no-unknown	20	415.4	406.3	422.1	0.038	412.2	418.3
codec-nounk-U	U-root-u-fixed32	U-root-u-fixed32	ascii	incumbent-prod	decode	default	20	629.6	615.5	642.8	0.043	625.5	631.6
codec-nounk-U	U-wire-ListTaskSummaryResponse-tasks-as-wt0	U-wire-ListTaskSummaryResponse-tasks-as-wt0	ascii	core-ffi-pull	decode-read	no-unknown	20	2548.3	2507.5	2670.9	0.064	2541.2	2593.3
codec-nounk-U	U-element-u-len	U-element-u-len	ascii	core-ffi	decode	no-unknown	20	2675.8	2586.9	2901.7	0.118	2617.9	2737.0
codec-nounk-U	U-element-u-msg	U-element-u-msg	ascii	incumbent-prod	decode	default	20	1775.5	1743.2	1881.3	0.078	1768.8	1783.1
codec-nounk-U	U-oneof-u-len	U-oneof-u-len	ascii	core-native	decode-read	no-unknown	20	100.6	98.7	103.6	0.049	99.6	101.0
codec-nounk-U	U-nested-u-repeated	U-nested-u-repeated	ascii	core-ffi-pull	decode-read	no-unknown	20	433.2	428.8	452.6	0.055	431.1	437.1
codec-nounk-U	U-wire-ListTasksDetailedResponse-page-as-wt1	U-wire-ListTasksDetailedResponse-page-as-wt1	ascii	core-native	decode	no-unknown	20	3284.0	3244.7	3501.4	0.078	3270.5	3297.9
codec-nounk-U	U-enum-value-packed	U-enum-value-packed	ascii	core-ffi	decode-read	no-unknown	20	212.8	208.2	219.1	0.051	211.8	214.0
codec-nounk-U	U-deep-u-msg	U-deep-u-msg	ascii	incumbent-prod	encode	default	20	1235.3	1222.7	1282.0	0.048	1231.9	1241.8
codec-nounk-U	U-wire-DualResponse-left-as-wt1	U-wire-DualResponse-left-as-wt1	ascii	core-native	decode-read	no-unknown	20	189.4	185.0	191.9	0.037	188.4	190.3
codec-nounk-U	U-oneof-member-before-known	U-oneof-member-before-known	ascii	incumbent-prod	decode-read	default	20	131.6	129.1	135.9	0.052	130.5	131.8
codec-nounk-U	U-nested-group	U-nested-group	ascii	core-ffi-pull	decode	no-unknown	20	431.4	426.1	441.4	0.035	428.4	436.3
codec-nounk-U	U-wire-ListTaskSummaryResponse-tasks-as-wt1	U-wire-ListTaskSummaryResponse-tasks-as-wt1	ascii	core-native	decode	no-unknown	20	1740.2	1724.2	1800.1	0.044	1731.7	1749.5
codec-nounk-U	U-element-u-varint	U-element-u-varint	ascii	incumbent-prod	decode-read	default	20	1878.0	1852.6	1910.2	0.031	1865.6	1886.0
codec-nounk-U	U-nested-all	U-nested-all	ascii	armonik	decode	default	20	376.8	368.6	392.2	0.063	373.5	380.9
codec-nounk-U	U-nested-group	U-nested-group	ascii	armonik	decode-read	default	20	340.8	335.2	358.6	0.069	338.6	344.3
codec-nounk-U	U-element-u-fixed32	U-element-u-fixed32	ascii	core-ffi	decode-read	no-unknown	20	2765.7	2730.3	2954.1	0.081	2761.8	2806.9
codec-nounk-U	U-oneof-before	U-oneof-before	ascii	incumbent-prod	encode	default	20	112.8	105.4	119.4	0.124	110.8	114.2
codec-nounk-U	U-leaf-u-repeated	U-leaf-u-repeated	ascii	core-ffi	encode	no-unknown	20	100.8	99.9	102.8	0.029	100.5	101.3
codec-nounk-U	U-oneof-u-packed	U-oneof-u-packed	ascii	armonik	decode	default	20	126.5	124.7	137.3	0.099	126.0	127.0
codec-nounk-U	U-nested-u-varint	U-nested-u-varint	ascii	core-ffi-pull	decode	no-unknown	20	410.8	403.8	416.2	0.030	408.7	412.2
codec-nounk-U	U-nested-u-msg	U-nested-u-msg	ascii	armonik	encode	default	20	260.2	253.8	263.1	0.036	258.6	261.4
codec-nounk-U	U-nested-interleaved	U-nested-interleaved	ascii	core-native	encode	no-unknown	20	44.7	43.6	46.0	0.054	44.2	45.3
codec-nounk-U	U-element-u-fixed32	U-element-u-fixed32	ascii	armonik	decode-read	default	20	1826.2	1801.6	1891.0	0.049	1813.4	1836.4
codec-nounk-U	U-root-max-tag	U-root-max-tag	ascii	armonik	decode	default	20	660.0	650.5	680.5	0.045	655.7	663.3
codec-nounk-U	U-nested-all	U-nested-all	ascii	incumbent-prod	encode	default	20	245.2	238.9	263.4	0.100	243.6	247.0
codec-nounk-U	U-nested-interleaved	U-nested-interleaved	ascii	armonik	encode	default	20	259.1	253.6	268.9	0.059	257.0	262.8
codec-nounk-U	U-wire-ListTasksDetailedResponse-tasks-as-wt5	U-wire-ListTasksDetailedResponse-tasks-as-wt5	ascii	core-ffi-pull	decode-read	no-unknown	20	5719.8	5614.7	6013.7	0.070	5696.5	5746.0
codec-nounk-U	U-oneof-interleaved	U-oneof-interleaved	ascii	core-ffi-pull	decode-read	no-unknown	20	186.1	183.3	196.4	0.070	185.3	187.1
codec-nounk-U	U-deep-u-repeated	U-deep-u-repeated	ascii	armonik	encode	default	20	1253.7	1236.6	1390.9	0.123	1244.7	1266.0
codec-nounk-U	U-oneof-member-before-known	U-oneof-member-before-known	ascii	incumbent-prod	decode	default	20	127.6	126.1	132.2	0.047	126.7	128.8
codec-nounk-U	U-wire-ListTasksDetailedResponse-tasks-as-wt5	U-wire-ListTasksDetailedResponse-tasks-as-wt5	ascii	core-native	decode	no-unknown	20	3304.2	3218.6	3514.0	0.089	3272.0	3349.8
codec-nounk-U	U-enum-value-127	U-enum-value-127	ascii	core-native	decode	no-unknown	20	145.5	144.4	147.4	0.020	144.8	146.1
codec-nounk-U	U-element-u-len	U-element-u-len	ascii	core-ffi	decode-read	no-unknown	20	2703.0	2657.9	2726.6	0.025	2683.8	2716.6
codec-nounk-U	U-wire-ListTasksDetailedResponse-tasks-as-wt5	U-wire-ListTasksDetailedResponse-tasks-as-wt5	ascii	core-ffi	encode	no-unknown	20	1159.4	1141.4	1179.5	0.033	1157.2	1167.2
codec-nounk-U	U-wire-ListMetricsResponse-batches-as-wt1	U-wire-ListMetricsResponse-batches-as-wt1	ascii	core-ffi-pull	decode	no-unknown	20	1413.0	1375.6	1458.4	0.059	1404.2	1427.1
codec-nounk-U	U-root-u-repeated	U-root-u-repeated	ascii	core-native	encode	no-unknown	20	96.3	93.9	102.6	0.091	95.5	97.4
codec-nounk-U	U-root-u-fixed64	U-root-u-fixed64	ascii	armonik	encode	default	20	597.6	587.9	613.4	0.043	593.2	600.0
codec-nounk-U	U-wire-ListTaskSummaryResponse-tasks-as-wt0	U-wire-ListTaskSummaryResponse-tasks-as-wt0	ascii	core-native	decode	no-unknown	20	1720.8	1702.4	1768.1	0.038	1717.3	1728.1
codec-nounk-U	U-element-u-fixed32	U-element-u-fixed32	ascii	core-ffi	encode	no-unknown	20	545.0	535.5	583.4	0.088	540.9	548.8
codec-nounk-U	U-wire-ListTasksDetailedResponse-page-as-wt2	U-wire-ListTasksDetailedResponse-page-as-wt2	ascii	core-ffi	encode	no-unknown	20	1165.7	1146.4	1195.0	0.042	1161.5	1172.7
codec-nounk-U	U-element-u-varint	U-element-u-varint	ascii	incumbent-prod	encode	default	20	1242.7	1218.4	1452.2	0.188	1231.0	1255.4
codec-nounk-U	U-oneof-interleaved	U-oneof-interleaved	ascii	incumbent-prod	decode-read	default	20	215.9	209.1	250.5	0.192	211.1	221.7
codec-nounk-U	U-root-u-packed	U-root-u-packed	ascii	core-ffi	encode	no-unknown	20	192.6	186.4	197.7	0.059	189.7	193.9
codec-nounk-U	U-root-u-fixed64	U-root-u-fixed64	ascii	core-native	encode	no-unknown	20	96.5	93.9	108.1	0.146	95.4	97.1
codec-nounk-U	U-wire-DualResponse-left-as-wt5	U-wire-DualResponse-left-as-wt5	ascii	core-native	decode	no-unknown	20	181.0	178.5	183.0	0.025	179.4	181.6
codec-nounk-U	U-oneof-interleaved	U-oneof-interleaved	ascii	incumbent-prod	encode	default	20	112.0	106.1	119.0	0.115	108.4	113.8
codec-nounk-U	U-wire-ListTasksDetailedResponse-tasks-as-wt0	U-wire-ListTasksDetailedResponse-tasks-as-wt0	ascii	core-ffi-pull	decode	no-unknown	20	5545.5	5494.7	5622.8	0.023	5523.5	5566.1
codec-nounk-U	U-wire-ListTaskSummaryResponse-tasks-as-wt5	U-wire-ListTaskSummaryResponse-tasks-as-wt5	ascii	core-ffi	decode-read	no-unknown	20	2388.5	2254.7	2645.9	0.164	2319.5	2440.2
codec-nounk-U	U-enum-value-2147483647	U-enum-value-2147483647	ascii	core-ffi	decode	no-unknown	20	106.5	104.4	108.4	0.038	105.9	106.7
codec-nounk-U	U-oneof-all	U-oneof-all	ascii	core-native	decode	no-unknown	20	119.0	115.5	124.8	0.078	118.3	121.8
codec-nounk-U	U-oneof-before	U-oneof-before	ascii	core-ffi	encode	no-unknown	20	46.6	45.6	47.5	0.040	46.3	47.1
codec-nounk-U	U-enum-value-999	U-enum-value-999	ascii	incumbent-prod	decode-read	default	20	78.6	77.7	80.3	0.034	78.3	79.1
codec-nounk-U	U-leaf-u-varint	U-leaf-u-varint	ascii	core-ffi-pull	decode-read	no-unknown	20	409.0	404.5	418.9	0.035	406.2	411.1
codec-nounk-U	U-deep-u-varint	U-deep-u-varint	ascii	armonik	decode	default	20	1659.5	1629.5	1695.3	0.040	1650.7	1664.3
codec-nounk-U	U-root-u-len	U-root-u-len	ascii	armonik	decode-read	default	20	655.4	642.8	687.3	0.068	650.6	669.5
codec-nounk-U	U-nested-group	U-nested-group	ascii	armonik	decode	default	20	327.3	315.4	341.5	0.080	323.6	329.9
codec-nounk-U	U-oneof-u-packed	U-oneof-u-packed	ascii	core-native	decode	no-unknown	20	94.1	92.0	96.8	0.051	93.3	94.8
codec-nounk-U	U-deep-u-len	U-deep-u-len	ascii	core-ffi-pull	decode-read	no-unknown	20	2708.7	2675.5	3197.9	0.193	2693.0	2777.1
codec-nounk-U	U-element-u-msg	U-element-u-msg	ascii	core-native	decode	no-unknown	20	1403.4	1373.5	1480.4	0.076	1386.6	1429.8
codec-nounk-U	U-root-max-tag	U-root-max-tag	ascii	armonik	decode-read	default	20	726.8	711.7	759.7	0.066	719.8	736.7
codec-nounk-U	U-nested-all	U-nested-all	ascii	core-ffi-pull	decode	no-unknown	20	508.8	498.1	532.8	0.068	504.9	518.1
codec-nounk-U	U-wire-UploadResultDataMessage-upload-as-wt1	U-wire-UploadResultDataMessage-upload-as-wt1	ascii	core-native	decode	no-unknown	20	94.5	93.0	100.1	0.075	93.7	96.5
codec-nounk-U	U-oneof-u-repeated	U-oneof-u-repeated	ascii	core-native	decode	no-unknown	20	97.6	96.7	102.9	0.064	97.2	98.0
codec-nounk-U	U-oneof-u-msg	U-oneof-u-msg	ascii	core-ffi-pull	decode-read	no-unknown	20	160.5	157.5	168.9	0.071	159.4	162.5
codec-nounk-U	U-oneof-member-alone	U-oneof-member-alone	ascii	incumbent-prod	decode	default	20	116.3	115.1	119.2	0.035	115.6	117.5
codec-nounk-U	U-element-all	U-element-all	ascii	core-ffi	encode	no-unknown	20	543.7	535.2	629.3	0.173	539.4	570.1
codec-nounk-U	U-deep-u-msg	U-deep-u-msg	ascii	incumbent-prod	decode	default	20	1785.7	1754.6	1808.9	0.030	1769.7	1792.5
codec-nounk-U	U-leaf-u-repeated	U-leaf-u-repeated	ascii	armonik	decode-read	default	20	339.0	332.8	343.2	0.031	334.2	340.0
codec-nounk-U	U-root-u-packed	U-root-u-packed	ascii	core-ffi-pull	decode	no-unknown	20	841.4	829.6	883.1	0.064	835.7	849.7
codec-nounk-U	U-leaf-u-msg	U-leaf-u-msg	ascii	core-ffi-pull	decode-read	no-unknown	20	381.5	369.9	418.9	0.129	374.7	386.2
codec-nounk-U	U-oneof-u-fixed64	U-oneof-u-fixed64	ascii	core-native	decode-read	no-unknown	20	88.0	86.8	94.4	0.087	87.5	89.0
codec-nounk-U	U-deep-u-fixed32	U-deep-u-fixed32	ascii	armonik	encode	default	20	1114.9	1094.5	1180.9	0.078	1109.3	1119.0
codec-nounk-U	U-oneof-before	U-oneof-before	ascii	core-ffi-pull	decode	no-unknown	20	149.3	145.3	166.6	0.143	146.8	159.2
codec-nounk-U	U-nested-interleaved	U-nested-interleaved	ascii	core-ffi-pull	decode	no-unknown	20	366.6	356.6	389.5	0.090	363.4	369.9
codec-nounk-U	U-root-before	U-root-before	ascii	core-ffi	encode	no-unknown	20	159.5	155.9	161.4	0.035	157.9	160.0
codec-nounk-U	U-root-interleaved	U-root-interleaved	ascii	incumbent-prod	decode	default	20	569.0	555.3	584.1	0.051	560.7	572.5
codec-nounk-U	U-leaf-u-repeated	U-leaf-u-repeated	ascii	incumbent-prod	decode	default	20	259.8	255.5	262.7	0.028	258.2	261.0
codec-nounk-U	U-root-group	U-root-group	ascii	core-ffi	encode	no-unknown	20	150.0	147.3	154.1	0.045	149.0	151.3
codec-nounk-U	U-nested-u-repeated	U-nested-u-repeated	ascii	core-ffi	encode	no-unknown	20	78.6	78.1	79.3	0.015	78.4	78.7
codec-nounk-U	U-root-u-fixed64	U-root-u-fixed64	ascii	armonik	decode	default	20	660.7	643.3	673.6	0.046	651.6	667.8
codec-nounk-U	U-oneof-u-len	U-oneof-u-len	ascii	incumbent-prod	decode	default	20	131.5	129.5	135.1	0.043	131.0	132.3
codec-nounk-U	U-root-interleaved	U-root-interleaved	ascii	core-native	encode	no-unknown	20	98.7	95.5	111.9	0.166	97.5	101.3
codec-nounk-U	U-root-interleaved	U-root-interleaved	ascii	core-ffi	decode	no-unknown	20	910.3	856.8	1017.2	0.176	882.8	953.6
codec-nounk-U	U-deep-u-msg	U-deep-u-msg	ascii	core-native	encode	no-unknown	20	244.4	239.0	252.6	0.056	243.1	246.4
codec-nounk-U	U-root-u-msg	U-root-u-msg	ascii	core-ffi	decode-read	no-unknown	20	830.5	824.3	860.2	0.043	827.3	836.7
codec-nounk-U	U-leaf-u-fixed64	U-leaf-u-fixed64	ascii	core-native	decode	no-unknown	20	244.3	238.1	259.6	0.088	239.8	248.3
codec-nounk-U	U-nested-u-packed	U-nested-u-packed	ascii	armonik	decode-read	default	20	305.6	299.7	318.3	0.061	303.1	307.9
codec-nounk-U	U-wire-ListProbeResponse-probes-as-wt0	U-wire-ListProbeResponse-probes-as-wt0	ascii	core-ffi-pull	decode-read	no-unknown	20	325.3	319.5	354.5	0.108	323.3	326.8
codec-nounk-U	U-element-all	U-element-all	ascii	core-ffi-pull	decode-read	no-unknown	20	2742.4	2705.2	2822.1	0.043	2725.3	2749.8
codec-nounk-U	U-root-group	U-root-group	ascii	incumbent-prod	decode	default	20	674.1	665.1	711.5	0.069	669.6	680.6
codec-nounk-U	U-wire-ListTasksDetailedResponse-page-as-wt2	U-wire-ListTasksDetailedResponse-page-as-wt2	ascii	core-ffi-pull	decode	no-unknown	20	5545.0	5458.0	5808.7	0.063	5506.7	5593.5
codec-nounk-U	U-oneof-group	U-oneof-group	ascii	incumbent-prod	decode-read	default	20	170.3	131.2	179.2	0.282	135.3	174.9
codec-nounk-U	U-enum-value-2147483647	U-enum-value-2147483647	ascii	incumbent-prod	decode	default	20	78.9	77.5	83.9	0.081	78.1	79.9
codec-nounk-U	U-element-all	U-element-all	ascii	armonik	encode	default	20	1267.3	1237.3	1364.4	0.100	1250.1	1284.6
codec-nounk-U	U-root-u-varint	U-root-u-varint	ascii	incumbent-prod	encode	default	20	570.7	554.9	601.4	0.082	564.6	578.5
codec-nounk-U	U-oneof-u-fixed64	U-oneof-u-fixed64	ascii	core-ffi	encode	no-unknown	20	49.7	48.9	51.6	0.054	49.3	50.1
codec-nounk-U	U-nested-u-len	U-nested-u-len	ascii	core-native	decode	no-unknown	20	249.3	243.7	267.5	0.096	247.3	252.4
codec-nounk-U	U-wire-ListResultsResponse-results-as-wt0	U-wire-ListResultsResponse-results-as-wt0	ascii	core-native	decode	no-unknown	20	516.9	493.1	535.7	0.082	506.2	522.7
codec-nounk-U	U-wire-ListTasksDetailedResponse-page-as-wt2	U-wire-ListTasksDetailedResponse-page-as-wt2	ascii	core-ffi	decode-read	no-unknown	20	5644.7	5401.1	6186.6	0.139	5581.1	5740.9
codec-nounk-U	U-oneof-u-msg	U-oneof-u-msg	ascii	armonik	encode	default	20	110.3	106.4	115.8	0.085	108.2	112.2
codec-nounk-U	U-oneof-all	U-oneof-all	ascii	core-native	encode	no-unknown	20	23.5	21.5	25.1	0.155	23.1	23.7
codec-nounk-U	U-root-u-fixed64	U-root-u-fixed64	ascii	core-native	decode	no-unknown	20	518.2	505.1	544.1	0.075	510.4	524.3
codec-nounk-U	U-oneof-u-varint	U-oneof-u-varint	ascii	core-ffi-pull	decode-read	no-unknown	20	163.8	159.9	170.2	0.063	162.9	165.2
codec-nounk-U	U-wire-ListTaskSummaryResponse-tasks-as-wt1	U-wire-ListTaskSummaryResponse-tasks-as-wt1	ascii	core-ffi	encode	no-unknown	20	504.8	483.3	776.0	0.580	497.7	508.9
codec-nounk-U	U-leaf-u-fixed64	U-leaf-u-fixed64	ascii	armonik	decode-read	default	20	318.7	309.6	324.2	0.046	316.4	319.8
codec-nounk-U	U-element-u-fixed64	U-element-u-fixed64	ascii	core-ffi-pull	decode-read	no-unknown	20	2733.4	2696.8	2880.2	0.067	2721.6	2745.3
codec-nounk-U	U-wire-ListMetricsResponse-batches-as-wt1	U-wire-ListMetricsResponse-batches-as-wt1	ascii	core-ffi-pull	decode-read	no-unknown	20	1629.5	1581.2	1773.0	0.118	1612.1	1649.1
codec-nounk-U	U-nested-u-varint	U-nested-u-varint	ascii	incumbent-prod	decode-read	default	20	318.4	313.5	342.1	0.090	315.9	323.5
codec-nounk-U	U-root-u-len	U-root-u-len	ascii	core-ffi	decode	no-unknown	20	679.5	636.4	854.3	0.321	660.6	689.6
codec-nounk-U	U-nested-u-len	U-nested-u-len	ascii	core-ffi	encode	no-unknown	20	79.1	78.0	81.9	0.049	78.9	80.0
codec-nounk-U	U-root-u-len	U-root-u-len	ascii	core-ffi-pull	decode-read	no-unknown	20	688.7	677.1	723.3	0.067	682.7	698.2
codec-nounk-U	U-nested-u-packed	U-nested-u-packed	ascii	core-ffi	decode	no-unknown	20	331.3	314.4	346.9	0.098	325.5	337.6
codec-nounk-U	U-root-before	U-root-before	ascii	core-ffi-pull	decode-read	no-unknown	20	822.3	804.3	920.8	0.142	813.2	833.0
codec-nounk-U	U-root-max-tag	U-root-max-tag	ascii	incumbent-prod	decode	default	20	574.1	565.8	597.7	0.055	570.8	579.9
codec-nounk-U	U-root-u-packed	U-root-u-packed	ascii	core-native	encode	no-unknown	20	88.9	86.1	90.3	0.047	88.2	89.7
codec-nounk-U	U-leaf-u-fixed64	U-leaf-u-fixed64	ascii	core-ffi	decode	no-unknown	20	363.4	356.1	379.4	0.064	361.0	365.6
codec-nounk-U	U-enum-value-2147483647	U-enum-value-2147483647	ascii	incumbent-prod	encode	default	20	55.2	54.5	57.0	0.047	55.0	55.5
codec-nounk-U	U-root-u-repeated	U-root-u-repeated	ascii	armonik	encode	default	20	491.9	484.5	504.5	0.041	489.3	495.1
codec-nounk-U	U-wire-DualResponse-left-as-wt1	U-wire-DualResponse-left-as-wt1	ascii	core-ffi	decode	no-unknown	20	210.2	200.7	215.7	0.071	205.1	213.2
codec-nounk-U	U-oneof-member-before-known	U-oneof-member-before-known	ascii	armonik	decode	default	20	98.6	94.8	104.9	0.102	97.0	101.4
codec-nounk-U	U-oneof-member-alone	U-oneof-member-alone	ascii	incumbent-prod	encode	default	20	58.2	57.0	60.2	0.055	57.5	58.7
codec-nounk-U	U-root-u-msg	U-root-u-msg	ascii	incumbent-prod	decode	default	20	487.7	480.2	509.0	0.059	484.6	495.2
codec-nounk-U	U-element-u-packed	U-element-u-packed	ascii	incumbent-prod	decode	default	20	1465.4	1391.4	1557.6	0.113	1457.4	1481.9
codec-nounk-U	U-nested-u-packed	U-nested-u-packed	ascii	core-native	encode	no-unknown	20	40.3	38.6	41.7	0.077	39.9	41.3
codec-nounk-U	U-element-u-packed	U-element-u-packed	ascii	armonik	decode	default	20	1558.2	1514.0	1599.6	0.055	1526.9	1575.9
codec-nounk-U	U-enum-value-2147483647	U-enum-value-2147483647	ascii	core-ffi	encode	no-unknown	20	33.5	32.9	38.9	0.179	33.4	33.7
codec-nounk-U	U-element-u-len	U-element-u-len	ascii	incumbent-prod	decode-read	default	20	1659.9	1542.9	1710.3	0.101	1647.5	1673.4
codec-nounk-U	U-nested-u-msg	U-nested-u-msg	ascii	armonik	decode-read	default	20	328.0	304.3	340.2	0.109	326.7	330.9
codec-nounk-U	U-oneof-member-alone	U-oneof-member-alone	ascii	incumbent-prod	decode-read	default	20	93.6	90.9	95.7	0.051	93.2	94.3
codec-nounk-U	U-deep-all	U-deep-all	ascii	core-ffi-pull	decode	no-unknown	20	2090.0	2069.2	2232.9	0.078	2078.5	2125.0
codec-nounk-U	U-nested-u-packed	U-nested-u-packed	ascii	core-ffi-pull	decode	no-unknown	20	377.6	371.5	389.0	0.046	375.1	378.2
codec-nounk-U	U-wire-ListResultsResponse-page-as-wt2	U-wire-ListResultsResponse-page-as-wt2	ascii	core-ffi	decode	no-unknown	20	701.4	675.5	706.6	0.044	699.0	702.2
codec-nounk-U	U-nested-u-msg	U-nested-u-msg	ascii	core-ffi-pull	decode	no-unknown	20	325.3	315.3	341.6	0.081	318.8	331.9
codec-nounk-U	U-wire-ListTasksDetailedResponse-tasks-as-wt5	U-wire-ListTasksDetailedResponse-tasks-as-wt5	ascii	core-ffi	decode	no-unknown	20	4377.5	4333.3	4587.2	0.058	4360.6	4466.5
codec-nounk-U	U-nested-u-packed	U-nested-u-packed	ascii	incumbent-prod	decode	default	20	296.3	241.0	312.5	0.241	251.2	301.7
codec-nounk-U	U-element-all	U-element-all	ascii	armonik	decode	default	20	1818.4	1789.7	1852.0	0.034	1805.1	1822.1
codec-nounk-U	U-deep-all	U-deep-all	ascii	core-native	encode	no-unknown	20	250.1	247.0	256.2	0.037	248.4	253.7
codec-nounk-U	U-deep-u-fixed64	U-deep-u-fixed64	ascii	armonik	encode	default	20	1251.3	1229.7	1311.4	0.065	1248.8	1255.4
codec-nounk-U	U-deep-u-msg	U-deep-u-msg	ascii	armonik	decode	default	20	1725.0	1685.2	1742.8	0.033	1714.8	1730.3
codec-nounk-U	U-element-u-varint	U-element-u-varint	ascii	core-ffi	decode	no-unknown	20	2622.0	2524.8	2701.2	0.067	2611.1	2627.7
codec-nounk-U	U-deep-all	U-deep-all	ascii	armonik	encode	default	20	1239.4	1205.5	1279.2	0.059	1223.3	1257.5
codec-nounk-U	U-leaf-u-repeated	U-leaf-u-repeated	ascii	core-native	decode-read	no-unknown	20	271.6	267.6	279.1	0.042	270.5	274.3
codec-nounk-U	U-oneof-interleaved	U-oneof-interleaved	ascii	incumbent-prod	decode	default	20	208.6	203.3	217.3	0.067	206.8	210.4
codec-nounk-U	U-oneof-u-repeated	U-oneof-u-repeated	ascii	core-ffi-pull	decode	no-unknown	20	157.7	155.4	159.0	0.023	157.0	158.3
codec-nounk-U	U-wire-UploadResultDataMessage-upload-as-wt5	U-wire-UploadResultDataMessage-upload-as-wt5	ascii	core-ffi	decode	no-unknown	20	156.9	154.8	160.7	0.038	156.1	158.0
codec-nounk-U	U-oneof-u-packed	U-oneof-u-packed	ascii	armonik	encode	default	20	113.1	107.1	120.5	0.119	109.8	115.0
codec-nounk-U	U-leaf-u-packed	U-leaf-u-packed	ascii	core-ffi-pull	decode-read	no-unknown	20	411.9	407.8	418.6	0.026	410.6	413.7
codec-nounk-U	U-nested-u-varint	U-nested-u-varint	ascii	core-native	encode	no-unknown	20	44.3	43.3	45.4	0.048	44.0	44.5
codec-nounk-U	U-deep-u-fixed32	U-deep-u-fixed32	ascii	incumbent-prod	decode-read	default	20	1864.2	1825.8	1921.4	0.051	1848.7	1877.2
codec-nounk-U	U-root-u-repeated	U-root-u-repeated	ascii	incumbent-prod	encode	default	20	565.0	552.6	575.1	0.040	559.9	567.7
codec-nounk-U	U-leaf-u-fixed64	U-leaf-u-fixed64	ascii	core-native	decode-read	no-unknown	20	262.1	260.3	264.9	0.017	260.6	262.5
codec-nounk-U	U-wire-UploadResultDataMessage-upload-as-wt5	U-wire-UploadResultDataMessage-upload-as-wt5	ascii	core-ffi-pull	decode-read	no-unknown	20	168.4	166.1	170.0	0.023	167.5	169.0
codec-nounk-U	U-root-u-packed	U-root-u-packed	ascii	incumbent-prod	decode	default	20	621.1	613.8	631.8	0.029	617.8	623.4
codec-nounk-U	U-wire-UploadResultDataMessage-upload-as-wt1	U-wire-UploadResultDataMessage-upload-as-wt1	ascii	core-ffi-pull	decode	no-unknown	20	166.3	163.6	169.1	0.033	165.9	167.7
codec-nounk-U	U-root-u-repeated	U-root-u-repeated	ascii	incumbent-prod	decode-read	default	20	693.1	646.3	767.3	0.174	666.9	735.1
codec-nounk-U	U-leaf-u-packed	U-leaf-u-packed	ascii	core-ffi	decode	no-unknown	20	412.9	407.2	433.3	0.063	410.8	418.2
codec-nounk-U	U-leaf-u-packed	U-leaf-u-packed	ascii	incumbent-prod	decode-read	default	20	322.1	315.0	347.6	0.101	318.0	325.3
codec-nounk-U	U-oneof-all	U-oneof-all	ascii	armonik	decode-read	default	20	208.7	202.5	213.1	0.051	207.7	209.9
codec-nounk-U	U-element-u-fixed64	U-element-u-fixed64	ascii	core-native	decode-read	no-unknown	20	1480.0	1467.8	1542.9	0.051	1474.0	1488.0
codec-nounk-U	U-nested-u-packed	U-nested-u-packed	ascii	core-ffi	encode	no-unknown	20	102.1	100.1	121.8	0.212	101.5	104.6
codec-nounk-U	U-oneof-u-packed	U-oneof-u-packed	ascii	core-native	encode	no-unknown	20	23.2	21.7	25.3	0.157	23.0	23.4
codec-nounk-U	U-wire-ListMetricsResponse-batches-as-wt0	U-wire-ListMetricsResponse-batches-as-wt0	ascii	core-ffi-pull	decode	no-unknown	20	1417.1	1365.3	1522.0	0.111	1396.3	1454.8
codec-nounk-U	U-enum-value-127	U-enum-value-127	ascii	incumbent-prod	encode	default	20	52.9	51.7	54.5	0.053	52.1	53.7
codec-nounk-U	U-wire-ListResultsResponse-results-as-wt1	U-wire-ListResultsResponse-results-as-wt1	ascii	core-ffi-pull	decode	no-unknown	20	815.8	796.8	846.7	0.061	806.8	824.8
codec-nounk-U	U-nested-interleaved	U-nested-interleaved	ascii	core-native	decode	no-unknown	20	247.4	234.6	265.2	0.124	242.4	254.1
codec-nounk-U	U-oneof-u-repeated	U-oneof-u-repeated	ascii	armonik	decode	default	20	139.1	126.3	151.9	0.184	136.2	143.1
codec-nounk-U	U-element-u-repeated	U-element-u-repeated	ascii	incumbent-prod	decode	default	20	1694.8	1564.3	1884.6	0.189	1630.4	1799.9
codec-nounk-U	U-deep-u-msg	U-deep-u-msg	ascii	core-ffi	decode-read	no-unknown	20	2201.7	2148.6	2456.7	0.140	2177.2	2265.8
codec-nounk-U	U-oneof-all	U-oneof-all	ascii	incumbent-prod	decode	default	20	171.4	162.8	186.5	0.138	168.7	176.2
codec-nounk-U	U-leaf-u-fixed64	U-leaf-u-fixed64	ascii	core-native	encode	no-unknown	20	40.6	34.4	47.0	0.310	36.1	45.8
codec-nounk-U	U-nested-u-packed	U-nested-u-packed	ascii	core-native	decode-read	no-unknown	20	257.0	252.7	277.5	0.097	254.7	261.9
codec-nounk-U	U-oneof-member-alone	U-oneof-member-alone	ascii	core-ffi	decode	no-unknown	20	141.9	140.5	144.4	0.027	141.3	142.6
codec-nounk-U	U-root-all	U-root-all	ascii	core-ffi	encode	no-unknown	20	191.5	187.6	195.2	0.040	190.0	194.2
codec-nounk-U	U-leaf-u-fixed64	U-leaf-u-fixed64	ascii	core-ffi-pull	decode	no-unknown	20	414.0	408.5	435.5	0.065	410.8	417.8
codec-nounk-U	U-oneof-interleaved	U-oneof-interleaved	ascii	core-ffi	decode	no-unknown	20	176.8	174.6	184.0	0.053	175.7	178.8
codec-nounk-U	U-leaf-u-varint	U-leaf-u-varint	ascii	core-native	decode-read	no-unknown	20	267.2	257.4	283.6	0.098	263.0	271.8
codec-nounk-U	U-element-all	U-element-all	ascii	incumbent-prod	decode-read	default	20	1952.4	1900.4	2025.8	0.064	1940.8	1978.4
codec-nounk-U	U-wire-ListResultsResponse-page-as-wt5	U-wire-ListResultsResponse-page-as-wt5	ascii	core-native	decode-read	no-unknown	20	565.6	556.7	591.5	0.061	562.1	568.9
codec-nounk-U	U-deep-u-fixed32	U-deep-u-fixed32	ascii	armonik	decode-read	default	20	1893.7	1854.0	2008.9	0.082	1873.8	1904.7
codec-nounk-U	U-element-all	U-element-all	ascii	core-native	decode-read	no-unknown	20	1538.8	1527.6	1621.1	0.061	1529.2	1550.6
codec-nounk-U	U-deep-u-packed	U-deep-u-packed	ascii	core-native	decode	no-unknown	20	1396.6	1365.5	1490.8	0.090	1379.6	1418.8
codec-nounk-U	U-leaf-all	U-leaf-all	ascii	armonik	decode-read	default	20	504.1	492.9	527.9	0.069	497.4	508.8
codec-nounk-U	U-deep-u-packed	U-deep-u-packed	ascii	core-ffi-pull	decode	no-unknown	20	2555.8	2525.0	2621.2	0.038	2546.0	2573.1
codec-nounk-U	U-nested-u-repeated	U-nested-u-repeated	ascii	core-native	encode	no-unknown	20	45.2	43.1	46.5	0.075	44.8	45.8
codec-nounk-U	U-oneof-member-after-known	U-oneof-member-after-known	ascii	core-native	decode-read	no-unknown	20	99.1	97.0	102.0	0.050	98.6	100.0
codec-nounk-U	U-element-u-fixed32	U-element-u-fixed32	ascii	core-native	decode	no-unknown	20	1239.7	1217.0	1361.2	0.116	1230.8	1266.2
codec-nounk-U	U-oneof-member-alone	U-oneof-member-alone	ascii	core-ffi	encode	no-unknown	20	38.7	34.7	41.2	0.167	37.0	39.3
codec-nounk-U	U-leaf-u-repeated	U-leaf-u-repeated	ascii	incumbent-prod	decode-read	default	20	278.9	275.7	296.1	0.073	277.6	281.9
codec-nounk-U	U-root-u-repeated	U-root-u-repeated	ascii	core-native	decode-read	no-unknown	20	470.3	442.5	477.7	0.075	464.4	471.5
codec-nounk-U	U-oneof-u-fixed64	U-oneof-u-fixed64	ascii	incumbent-prod	decode	default	20	101.7	99.7	103.4	0.036	101.3	102.6
codec-nounk-U	U-element-u-repeated	U-element-u-repeated	ascii	core-ffi	encode	no-unknown	20	423.6	418.8	441.3	0.053	420.9	430.6
codec-nounk-U	U-element-u-packed	U-element-u-packed	ascii	core-native	decode-read	no-unknown	20	1165.1	1148.6	1191.7	0.037	1159.1	1178.7
codec-nounk-U	U-wire-ListMetricsResponse-batches-as-wt5	U-wire-ListMetricsResponse-batches-as-wt5	ascii	core-ffi-pull	decode	no-unknown	20	1107.6	1085.0	1150.8	0.059	1099.1	1113.3
codec-nounk-U	U-deep-u-repeated	U-deep-u-repeated	ascii	core-native	decode-read	no-unknown	20	1160.2	1153.2	1170.5	0.015	1157.4	1162.8
codec-nounk-U	U-wire-ListTasksDetailedResponse-page-as-wt5	U-wire-ListTasksDetailedResponse-page-as-wt5	ascii	core-ffi-pull	decode-read	no-unknown	20	4468.2	4440.5	4536.9	0.022	4463.0	4488.9
codec-nounk-U	U-element-u-fixed64	U-element-u-fixed64	ascii	armonik	encode	default	20	977.6	964.0	999.5	0.036	972.0	982.1
codec-nounk-U	U-nested-u-varint	U-nested-u-varint	ascii	core-native	decode	no-unknown	20	187.9	185.3	204.5	0.102	187.2	189.2
codec-nounk-U	U-deep-u-fixed64	U-deep-u-fixed64	ascii	armonik	decode-read	default	20	1425.1	1408.3	1444.3	0.025	1419.4	1429.2
codec-nounk-U	U-oneof-member-alone	U-oneof-member-alone	ascii	core-native	decode-read	no-unknown	20	72.9	71.4	76.5	0.070	72.5	73.3
codec-nounk-U	U-root-all	U-root-all	ascii	armonik	encode	default	20	462.8	458.0	474.1	0.035	460.2	465.4
codec-nounk-U	U-element-u-len	U-element-u-len	ascii	armonik	encode	default	20	976.4	968.2	992.9	0.025	974.0	980.3
codec-nounk-U	U-nested-before	U-nested-before	ascii	core-ffi	decode-read	no-unknown	20	358.8	351.6	364.9	0.037	356.9	360.7
codec-nounk-U	U-deep-u-msg	U-deep-u-msg	ascii	core-ffi-pull	decode-read	no-unknown	20	2120.2	2092.1	2195.3	0.049	2111.7	2136.0
codec-nounk-U	U-wire-ListResultsResponse-page-as-wt2	U-wire-ListResultsResponse-page-as-wt2	ascii	core-ffi-pull	decode	no-unknown	20	702.2	666.9	720.9	0.077	696.8	704.6
codec-nounk-U	U-wire-ListResultsResponse-results-as-wt5	U-wire-ListResultsResponse-results-as-wt5	ascii	core-ffi-pull	decode-read	no-unknown	20	787.6	772.0	816.6	0.057	784.5	794.1
codec-nounk-U	U-leaf-u-fixed32	U-leaf-u-fixed32	ascii	core-native	decode-read	no-unknown	20	248.8	227.5	286.2	0.236	239.8	266.9
codec-nounk-U	U-leaf-u-len	U-leaf-u-len	ascii	core-native	encode	no-unknown	20	45.0	43.9	50.9	0.156	44.5	45.5
codec-nounk-U	U-nested-u-repeated	U-nested-u-repeated	ascii	armonik	decode	default	20	308.5	297.0	335.7	0.125	302.5	318.9
codec-nounk-U	U-oneof-member-after-known	U-oneof-member-after-known	ascii	core-ffi	decode-read	no-unknown	20	150.3	147.5	160.5	0.086	148.8	153.8
codec-nounk-U	U-wire-ListProbeResponse-probes-as-wt0	U-wire-ListProbeResponse-probes-as-wt0	ascii	core-native	decode	no-unknown	20	188.8	187.1	196.5	0.050	187.7	189.6
codec-nounk-U	U-deep-u-fixed64	U-deep-u-fixed64	ascii	incumbent-prod	decode-read	default	20	1820.6	1781.1	1858.5	0.043	1809.3	1840.6
codec-nounk-U	U-wire-ListResultsResponse-results-as-wt5	U-wire-ListResultsResponse-results-as-wt5	ascii	core-native	decode-read	no-unknown	20	513.6	504.8	537.0	0.063	509.8	515.0
codec-nounk-U	U-leaf-u-msg	U-leaf-u-msg	ascii	incumbent-prod	decode	default	20	311.5	304.3	317.6	0.043	309.5	313.6
codec-nounk-U	U-wire-ListTasksDetailedResponse-page-as-wt1	U-wire-ListTasksDetailedResponse-page-as-wt1	ascii	core-native	encode	no-unknown	20	554.2	548.3	565.6	0.031	552.2	557.3
codec-nounk-U	U-wire-ListResultsResponse-page-as-wt1	U-wire-ListResultsResponse-page-as-wt1	ascii	core-native	decode	no-unknown	20	520.7	510.0	570.4	0.116	515.3	535.8
codec-nounk-U	U-root-u-packed	U-root-u-packed	ascii	core-native	decode-read	no-unknown	20	550.7	538.4	613.4	0.136	547.8	562.7
codec-nounk-U	U-root-interleaved	U-root-interleaved	ascii	core-ffi-pull	decode	no-unknown	20	905.8	866.5	985.3	0.131	889.9	916.4
codec-nounk-U	U-enum-value-packed	U-enum-value-packed	ascii	armonik	encode	default	20	146.2	132.1	158.8	0.182	144.3	148.6
codec-nounk-U	U-root-before	U-root-before	ascii	incumbent-prod	decode	default	20	725.3	710.8	743.0	0.044	719.0	730.6
codec-nounk-U	U-wire-ListTasksDetailedResponse-page-as-wt1	U-wire-ListTasksDetailedResponse-page-as-wt1	ascii	core-ffi	encode	no-unknown	20	1170.5	1141.6	1293.8	0.130	1158.3	1189.8
codec-nounk-U	U-nested-before	U-nested-before	ascii	core-ffi-pull	decode-read	no-unknown	20	469.3	459.0	478.4	0.041	467.4	471.6
codec-nounk-U	U-oneof-member-after-known	U-oneof-member-after-known	ascii	armonik	encode	default	20	112.2	107.7	127.7	0.178	109.7	115.1
codec-nounk-U	U-wire-ListResultsResponse-page-as-wt1	U-wire-ListResultsResponse-page-as-wt1	ascii	core-native	decode-read	no-unknown	20	524.0	515.7	547.9	0.061	519.5	525.7
codec-nounk-U	U-wire-ListTasksDetailedResponse-page-as-wt1	U-wire-ListTasksDetailedResponse-page-as-wt1	ascii	core-ffi-pull	decode	no-unknown	20	5608.2	5516.1	5834.1	0.057	5581.4	5664.1
codec-nounk-U	U-oneof-all	U-oneof-all	ascii	armonik	decode	default	20	199.0	195.6	208.1	0.063	198.0	203.6
codec-nounk-U	U-element-u-fixed64	U-element-u-fixed64	ascii	armonik	decode	default	20	1736.7	1710.8	1777.2	0.038	1729.6	1744.3
codec-nounk-U	U-leaf-u-fixed32	U-leaf-u-fixed32	ascii	core-ffi	decode-read	no-unknown	20	483.9	478.5	501.4	0.047	482.8	485.0
codec-nounk-U	U-root-u-fixed32	U-root-u-fixed32	ascii	core-native	encode	no-unknown	20	99.5	96.8	117.3	0.206	98.2	100.0
codec-nounk-U	U-oneof-u-packed	U-oneof-u-packed	ascii	incumbent-prod	encode	default	20	111.6	105.1	117.4	0.111	109.6	113.3
codec-nounk-U	U-element-u-fixed64	U-element-u-fixed64	ascii	armonik	decode-read	default	20	1826.1	1797.2	1891.3	0.052	1813.0	1836.7
codec-nounk-U	U-enum-value-packed	U-enum-value-packed	ascii	incumbent-prod	decode	default	20	106.1	102.3	137.6	0.333	104.5	112.7
codec-nounk-U	U-deep-u-packed	U-deep-u-packed	ascii	core-native	encode	no-unknown	20	243.2	238.2	255.1	0.069	241.6	247.3
codec-nounk-U	U-root-group	U-root-group	ascii	core-ffi-pull	decode	no-unknown	20	858.4	833.8	976.9	0.167	844.3	881.7
codec-nounk-U	U-leaf-u-varint	U-leaf-u-varint	ascii	core-ffi	decode-read	no-unknown	20	419.9	413.0	465.7	0.125	416.9	430.7
codec-nounk-U	U-wire-ListTasksDetailedResponse-page-as-wt1	U-wire-ListTasksDetailedResponse-page-as-wt1	ascii	core-ffi	decode-read	no-unknown	20	5892.0	5713.9	6703.0	0.168	5796.7	6015.8
codec-nounk-U	U-oneof-member-before-known	U-oneof-member-before-known	ascii	core-ffi	encode	no-unknown	20	41.4	40.1	49.8	0.236	41.0	42.7
codec-nounk-U	U-wire-ListResultsResponse-page-as-wt5	U-wire-ListResultsResponse-page-as-wt5	ascii	core-ffi	decode-read	no-unknown	20	694.0	654.3	747.6	0.134	669.2	700.3
codec-nounk-U	U-nested-u-msg	U-nested-u-msg	ascii	incumbent-prod	decode-read	default	20	244.2	239.3	253.6	0.059	240.7	245.3
codec-nounk-U	U-oneof-u-msg	U-oneof-u-msg	ascii	core-native	decode	no-unknown	20	73.7	72.6	82.5	0.134	73.4	74.3
codec-nounk-U	U-oneof-before	U-oneof-before	ascii	core-ffi	decode	no-unknown	20	138.2	135.6	147.1	0.083	137.4	140.7
codec-nounk-U	U-root-u-repeated	U-root-u-repeated	ascii	armonik	decode-read	default	20	532.6	519.0	592.5	0.138	528.5	541.3
codec-nounk-U	U-nested-u-packed	U-nested-u-packed	ascii	armonik	decode	default	20	231.3	228.9	243.4	0.062	230.6	233.9
codec-nounk-U	U-wire-UploadResultDataMessage-upload-as-wt0	U-wire-UploadResultDataMessage-upload-as-wt0	ascii	core-ffi	decode	no-unknown	20	126.7	121.0	131.3	0.081	124.2	128.9
codec-nounk-U	U-deep-u-len	U-deep-u-len	ascii	core-ffi	encode	no-unknown	20	459.2	439.5	485.0	0.099	445.6	473.1
codec-nounk-U	U-wire-ListResultsResponse-results-as-wt1	U-wire-ListResultsResponse-results-as-wt1	ascii	core-ffi	decode-read	no-unknown	20	787.1	773.1	811.9	0.049	781.6	794.9
codec-nounk-U	U-deep-u-varint	U-deep-u-varint	ascii	incumbent-prod	decode-read	default	20	1781.2	1734.3	2100.3	0.205	1767.3	1799.0
codec-nounk-U	U-enum-value-2147483647	U-enum-value-2147483647	ascii	core-native	encode	no-unknown	20	15.8	14.9	17.0	0.133	15.5	16.1
codec-nounk-U	U-enum-value-2147483647	U-enum-value-2147483647	ascii	core-ffi-pull	decode	no-unknown	20	106.5	104.0	112.4	0.079	105.1	107.8
codec-nounk-U	U-wire-UploadResultDataMessage-upload-as-wt1	U-wire-UploadResultDataMessage-upload-as-wt1	ascii	core-native	decode-read	no-unknown	20	88.2	86.3	99.3	0.147	87.3	90.3
codec-nounk-U	U-leaf-u-packed	U-leaf-u-packed	ascii	armonik	encode	default	20	232.6	229.9	238.0	0.035	231.2	233.6
codec-nounk-U	U-oneof-group	U-oneof-group	ascii	core-native	encode	no-unknown	20	19.9	18.4	21.0	0.128	19.4	20.4
codec-nounk-U	U-wire-ListResultsResponse-results-as-wt5	U-wire-ListResultsResponse-results-as-wt5	ascii	core-ffi	decode	no-unknown	20	675.0	662.2	700.2	0.056	670.9	679.1
codec-nounk-U	U-wire-ListProbeResponse-probes-as-wt0	U-wire-ListProbeResponse-probes-as-wt0	ascii	core-ffi	decode-read	no-unknown	20	259.6	256.0	283.4	0.105	258.8	261.0
codec-nounk-U	U-wire-ListProbeResponse-probes-as-wt1	U-wire-ListProbeResponse-probes-as-wt1	ascii	core-native	decode-read	no-unknown	20	170.8	168.7	204.0	0.207	170.0	171.9
codec-nounk-U	U-enum-value-packed	U-enum-value-packed	ascii	incumbent-prod	encode	default	20	79.0	75.3	81.4	0.078	77.9	80.2
codec-nounk-U	U-deep-all	U-deep-all	ascii	core-native	decode-read	no-unknown	20	1184.4	1170.3	1226.1	0.047	1180.2	1189.9
codec-nounk-U	U-element-u-msg	U-element-u-msg	ascii	incumbent-prod	encode	default	20	968.7	955.3	981.6	0.027	966.8	974.6
codec-nounk-U	U-element-all	U-element-all	ascii	core-native	encode	no-unknown	20	190.4	189.1	192.0	0.016	189.7	190.8
codec-nounk-U	U-oneof-group	U-oneof-group	ascii	core-ffi-pull	decode	no-unknown	20	134.2	132.1	154.8	0.169	133.7	134.9
codec-nounk-U	U-deep-u-len	U-deep-u-len	ascii	armonik	decode-read	default	20	1452.3	1427.3	1477.6	0.035	1440.9	1459.3
codec-nounk-U	U-wire-UploadResultDataMessage-upload-as-wt5	U-wire-UploadResultDataMessage-upload-as-wt5	ascii	core-ffi-pull	decode	no-unknown	20	128.2	126.5	130.9	0.034	127.5	129.4
codec-nounk-U	U-oneof-member-before-known	U-oneof-member-before-known	ascii	core-ffi	decode-read	no-unknown	20	120.7	118.6	124.7	0.051	120.0	121.0
codec-nounk-U	U-oneof-u-fixed64	U-oneof-u-fixed64	ascii	incumbent-prod	decode-read	default	20	103.8	101.9	113.9	0.116	102.7	105.9
codec-nounk-U	U-deep-u-len	U-deep-u-len	ascii	incumbent-prod	decode	default	20	1397.6	1378.3	1424.8	0.033	1393.5	1409.6
codec-nounk-U	U-oneof-u-packed	U-oneof-u-packed	ascii	incumbent-prod	decode	default	20	103.4	102.0	107.0	0.049	102.8	103.9
codec-nounk-U	U-element-u-fixed64	U-element-u-fixed64	ascii	core-ffi	encode	no-unknown	20	421.6	416.1	433.5	0.041	420.3	423.3
codec-nounk-U	U-oneof-u-msg	U-oneof-u-msg	ascii	armonik	decode	default	20	97.9	96.3	99.8	0.036	97.0	98.6
codec-nounk-U	U-wire-ListMetricsResponse-batches-as-wt1	U-wire-ListMetricsResponse-batches-as-wt1	ascii	core-ffi	encode	no-unknown	20	597.7	578.6	632.9	0.091	588.5	601.0
codec-nounk-U	U-nested-u-fixed32	U-nested-u-fixed32	ascii	incumbent-prod	decode-read	default	20	240.5	236.5	244.9	0.035	237.9	242.0
codec-nounk-U	U-nested-u-fixed32	U-nested-u-fixed32	ascii	incumbent-prod	encode	default	20	208.8	187.3	249.6	0.298	194.2	245.2
codec-nounk-U	U-element-all	U-element-all	ascii	incumbent-prod	encode	default	20	1240.8	1222.8	1267.6	0.036	1235.1	1246.1
codec-nounk-U	U-oneof-interleaved	U-oneof-interleaved	ascii	core-ffi	decode-read	no-unknown	20	184.1	181.1	198.4	0.094	183.1	187.9
codec-nounk-U	U-oneof-u-len	U-oneof-u-len	ascii	core-ffi-pull	decode	no-unknown	20	159.7	152.7	182.6	0.187	157.1	167.4
codec-nounk-U	U-oneof-u-packed	U-oneof-u-packed	ascii	core-ffi-pull	decode-read	no-unknown	20	162.9	159.1	168.7	0.059	160.4	164.5
codec-nounk-U	U-oneof-u-repeated	U-oneof-u-repeated	ascii	core-ffi-pull	decode-read	no-unknown	20	165.1	163.4	180.9	0.106	164.2	167.2
codec-nounk-U	U-element-u-repeated	U-element-u-repeated	ascii	core-native	encode	no-unknown	20	244.8	239.2	252.9	0.056	243.0	246.9
codec-nounk-U	U-wire-ListTasksDetailedResponse-page-as-wt2	U-wire-ListTasksDetailedResponse-page-as-wt2	ascii	core-native	encode	no-unknown	20	559.8	548.9	591.1	0.075	555.4	561.8
codec-nounk-U	U-leaf-u-fixed32	U-leaf-u-fixed32	ascii	incumbent-prod	decode-read	default	20	318.2	315.0	326.3	0.036	316.3	320.4
codec-nounk-U	U-root-u-len	U-root-u-len	ascii	armonik	decode	default	20	644.9	625.7	661.3	0.055	635.5	651.2
codec-nounk-U	U-deep-u-msg	U-deep-u-msg	ascii	core-ffi	decode	no-unknown	20	2707.6	2655.0	2809.3	0.057	2681.0	2743.0
codec-nounk-U	U-wire-ListTasksDetailedResponse-page-as-wt1	U-wire-ListTasksDetailedResponse-page-as-wt1	ascii	core-native	decode-read	no-unknown	20	3551.5	3452.2	3643.5	0.054	3502.9	3600.4
codec-nounk-U	U-leaf-u-len	U-leaf-u-len	ascii	armonik	decode-read	default	20	315.1	260.8	340.4	0.253	269.7	321.4
codec-nounk-U	U-oneof-member-before-known	U-oneof-member-before-known	ascii	core-ffi-pull	decode	no-unknown	20	123.6	119.3	134.5	0.123	120.7	127.7
codec-nounk-U	U-element-u-fixed64	U-element-u-fixed64	ascii	core-ffi	decode-read	no-unknown	20	2193.9	2157.3	2284.3	0.058	2176.6	2232.0
codec-nounk-U	U-root-u-varint	U-root-u-varint	ascii	core-ffi	decode	no-unknown	20	724.4	709.1	736.1	0.037	716.2	729.0
codec-nounk-U	U-wire-ListResultsResponse-results-as-wt0	U-wire-ListResultsResponse-results-as-wt0	ascii	core-ffi-pull	decode-read	no-unknown	20	740.7	728.3	789.3	0.082	735.6	757.5
codec-nounk-U	U-wire-ListResultsResponse-results-as-wt1	U-wire-ListResultsResponse-results-as-wt1	ascii	core-ffi-pull	decode-read	no-unknown	20	742.5	734.4	778.5	0.059	740.3	746.3
codec-nounk-U	U-deep-u-varint	U-deep-u-varint	ascii	armonik	encode	default	20	980.2	965.4	1041.2	0.077	975.9	999.7
codec-nounk-U	U-root-u-repeated	U-root-u-repeated	ascii	core-ffi-pull	decode-read	no-unknown	20	710.0	702.1	727.0	0.035	708.6	715.2
codec-nounk-U	U-leaf-u-len	U-leaf-u-len	ascii	core-ffi	decode	no-unknown	20	323.3	316.6	336.3	0.061	321.8	328.7
codec-nounk-U	U-element-u-varint	U-element-u-varint	ascii	core-ffi	decode-read	no-unknown	20	2143.5	2122.0	2204.1	0.038	2133.1	2156.6
codec-nounk-U	U-oneof-u-fixed32	U-oneof-u-fixed32	ascii	core-ffi-pull	decode	no-unknown	20	121.6	119.6	123.9	0.035	120.5	122.1
codec-nounk-U	U-deep-all	U-deep-all	ascii	core-ffi	encode	no-unknown	20	427.4	418.9	437.8	0.044	422.5	429.8
codec-nounk-U	U-wire-ListResultsResponse-page-as-wt2	U-wire-ListResultsResponse-page-as-wt2	ascii	core-ffi	encode	no-unknown	20	150.8	148.8	153.9	0.034	150.3	151.9
codec-nounk-U	U-oneof-u-repeated	U-oneof-u-repeated	ascii	core-ffi	decode	no-unknown	20	121.3	119.0	127.5	0.070	119.8	122.0
codec-nounk-U	U-oneof-u-packed	U-oneof-u-packed	ascii	incumbent-prod	decode-read	default	20	106.6	103.3	113.0	0.090	104.6	108.1
codec-nounk-U	U-leaf-u-fixed32	U-leaf-u-fixed32	ascii	armonik	decode-read	default	20	248.0	241.3	253.1	0.048	244.7	249.4
codec-nounk-U	U-leaf-all	U-leaf-all	ascii	core-ffi	decode	no-unknown	20	368.1	359.6	380.7	0.057	365.8	373.0
codec-nounk-U	U-enum-value-999	U-enum-value-999	ascii	core-native	decode	no-unknown	20	67.1	66.2	69.6	0.052	66.7	67.9
codec-nounk-U	U-wire-ListResultsResponse-page-as-wt5	U-wire-ListResultsResponse-page-as-wt5	ascii	core-ffi-pull	decode-read	no-unknown	20	691.5	677.2	786.0	0.157	683.0	703.1
codec-nounk-U	U-leaf-u-fixed32	U-leaf-u-fixed32	ascii	incumbent-prod	encode	default	20	192.7	189.8	200.9	0.057	191.2	196.0
codec-nounk-U	U-leaf-u-fixed64	U-leaf-u-fixed64	ascii	incumbent-prod	encode	default	20	191.7	188.1	265.1	0.401	190.4	192.7
codec-nounk-U	U-root-all	U-root-all	ascii	armonik	decode	default	20	717.5	706.6	735.7	0.040	712.3	726.5
codec-nounk-U	U-oneof-member-after-known	U-oneof-member-after-known	ascii	incumbent-prod	decode	default	20	132.1	127.0	146.2	0.145	128.8	135.4
codec-nounk-U	U-nested-group	U-nested-group	ascii	armonik	encode	default	20	264.2	257.3	275.4	0.069	259.2	266.7
codec-nounk-U	U-root-before	U-root-before	ascii	incumbent-prod	decode-read	default	20	738.6	721.3	786.6	0.088	730.5	742.8
codec-nounk-U	U-element-u-repeated	U-element-u-repeated	ascii	core-ffi	decode-read	no-unknown	20	2791.6	2721.7	2891.6	0.061	2750.5	2844.8
codec-nounk-U	U-oneof-u-msg	U-oneof-u-msg	ascii	core-native	encode	no-unknown	20	24.2	21.8	25.2	0.143	23.6	24.5
codec-nounk-U	U-oneof-u-fixed64	U-oneof-u-fixed64	ascii	core-native	decode	no-unknown	20	92.3	91.1	93.6	0.027	91.7	92.6
codec-nounk-U	U-leaf-u-fixed32	U-leaf-u-fixed32	ascii	core-ffi-pull	decode	no-unknown	20	414.9	407.9	428.9	0.051	413.2	421.9
codec-nounk-U	U-deep-u-packed	U-deep-u-packed	ascii	armonik	decode	default	20	1734.1	1705.4	1792.1	0.050	1722.9	1749.7
codec-nounk-U	U-element-u-varint	U-element-u-varint	ascii	core-ffi	encode	no-unknown	20	542.2	534.4	574.7	0.075	537.0	551.7
codec-nounk-U	U-oneof-interleaved	U-oneof-interleaved	ascii	core-ffi	encode	no-unknown	20	49.8	49.0	51.9	0.059	49.6	50.3
codec-nounk-U	U-leaf-all	U-leaf-all	ascii	incumbent-prod	decode	default	20	483.5	462.7	501.1	0.079	475.7	488.1
codec-nounk-U	U-nested-interleaved	U-nested-interleaved	ascii	incumbent-prod	decode	default	20	381.1	374.8	391.9	0.045	378.6	383.6
codec-nounk-U	U-root-max-tag	U-root-max-tag	ascii	core-ffi	decode	no-unknown	20	833.6	824.2	874.4	0.060	830.0	840.8
codec-nounk-U	U-deep-u-fixed64	U-deep-u-fixed64	ascii	incumbent-prod	decode	default	20	1783.4	1743.0	1866.5	0.069	1771.0	1798.5
codec-nounk-U	U-nested-u-packed	U-nested-u-packed	ascii	incumbent-prod	decode-read	default	20	308.4	303.1	324.3	0.069	306.1	311.3
codec-nounk-U	U-wire-DualResponse-left-as-wt0	U-wire-DualResponse-left-as-wt0	ascii	core-ffi-pull	decode	no-unknown	20	268.1	262.9	276.4	0.050	267.3	268.9
codec-nounk-U	U-nested-interleaved	U-nested-interleaved	ascii	core-ffi	decode-read	no-unknown	20	455.2	447.7	492.3	0.098	452.7	458.0
codec-nounk-U	U-nested-all	U-nested-all	ascii	core-native	encode	no-unknown	20	46.3	45.0	50.0	0.109	45.7	47.1
codec-nounk-U	U-deep-u-fixed64	U-deep-u-fixed64	ascii	armonik	decode	default	20	1758.2	1715.9	1935.5	0.125	1741.2	1799.1
