row	content	mode	arm	round	cpu_ns_per_op	alloc_bytes_per_op	gen0_per_op	gen1_per_op	gen2_per_op	minflt_per_op	ops
P1.2	ascii	retain	ref	1	412041	665985	0.0377358	0	0	0	106
P1.2	ascii	retain	skip	1	194905	240640	0.0144231	0	0	0	208
P1.2	ascii	retain	noop	1	78379	0	0	0	0	0	498
P1.2	ascii	retain	parse	1	79152.9	0	0	0	0	0	500
P1.2	ascii	retain	parsev	1	134898	0	0	0	0	0.0196721	305
P1.2	ascii	retain	pparse	1	80427.2	0	0	0	0	0.0118812	505
P1.2	ascii	retain	touch	1	6949.04	0	0	0	0	0	5281
P1.2	ascii	retain	strs	1	173690	425344	0.026087	0	0	0	230
P1.2	ascii	retain	host	1	405451	665984	0.039604	0	0	0	101
P1.2	ascii	retain	inc	1	655748	697928	0.0365854	0	0	0.658537	82
P1.2	ascii	retain	skip	2	191790	240640	0.0144231	0	0	0	208
P1.2	ascii	retain	noop	2	77000.7	0	0	0	0	0	498
P1.2	ascii	retain	parse	2	80757.8	0	0	0	0	0.01	500
P1.2	ascii	retain	parsev	2	134606	0	0	0	0	0	305
P1.2	ascii	retain	pparse	2	89608.6	0	0	0	0	0.00594059	505
P1.2	ascii	retain	touch	2	8774.51	0	0	0	0	0.00738496	5281
P1.2	ascii	retain	strs	2	185416	425344	0.026087	0	0	0	230
P1.2	ascii	retain	host	2	422399	665984	0.039604	0	0	0	101
P1.2	ascii	retain	inc	2	563991	697928	0.0365854	0	0	0.0609756	82
P1.2	ascii	retain	ref	2	413991	665984	0.0377358	0	0	0	106
P1.2	ascii	retain	noop	3	81622.4	0	0	0	0	0	498
P1.2	ascii	retain	parse	3	86139.1	0	0	0	0	0	500
P1.2	ascii	retain	parsev	3	133783	0	0	0	0	0	305
P1.2	ascii	retain	pparse	3	78554.2	0	0	0	0	0	505
P1.2	ascii	retain	touch	3	7060.95	0	0	0	0	0	5281
P1.2	ascii	retain	strs	3	179390	425344	0.026087	0	0	0	230
P1.2	ascii	retain	host	3	417465	665984	0.039604	0	0	0	101
P1.2	ascii	retain	inc	3	526679	697928	0.0365854	0	0	0	82
P1.2	ascii	retain	ref	3	416182	665984	0.0377358	0	0	0	106
P1.2	ascii	retain	skip	3	199251	240640	0.0144231	0	0	0	208
P1.2	ascii	retain	parse	4	83837.6	0	0	0	0	0.022	500
P1.2	ascii	retain	parsev	4	135976	0	0	0	0	0	305
P1.2	ascii	retain	pparse	4	85415.2	0	0	0	0	0.0039604	505
P1.2	ascii	retain	touch	4	7107.41	0	0	0	0	0	5281
P1.2	ascii	retain	strs	4	200450	425344	0.026087	0	0	0.0304348	230
P1.2	ascii	retain	host	4	414942	665984	0.039604	0	0	0	101
P1.2	ascii	retain	inc	4	517441	697928	0.0365854	0	0	0	82
P1.2	ascii	retain	ref	4	391168	665984	0.0377358	0	0	0	106
P1.2	ascii	retain	skip	4	192368	240640	0.0144231	0	0	0	208
P1.2	ascii	retain	noop	4	77493.2	0	0	0	0	0	498
P1.2	ascii	retain	parsev	5	141387	0	0	0	0	0	305
P1.2	ascii	retain	pparse	5	76474.5	0	0	0	0	0	505
P1.2	ascii	retain	touch	5	6988.62	0	0	0	0	0	5281
P1.2	ascii	retain	strs	5	176367	425344	0.026087	0	0	0	230
P1.2	ascii	retain	host	5	405878	665984	0.029703	0	0	0	101
P1.2	ascii	retain	inc	5	501035	697928	0.0487805	0	0	0	82
P1.2	ascii	retain	ref	5	391197	665984	0.0377358	0	0	0	106
P1.2	ascii	retain	skip	5	196745	240640	0.0144231	0	0	0	208
P1.2	ascii	retain	noop	5	77840.7	0	0	0	0	0	498
P1.2	ascii	retain	parse	5	78452.1	0	0	0	0	0	500
P1.2	ascii	retain	pparse	6	79755	0	0	0	0	0	505
P1.2	ascii	retain	touch	6	7026.24	0	0	0	0	0	5281
P1.2	ascii	retain	strs	6	177021	425344	0.0217391	0	0	0	230
P1.2	ascii	retain	host	6	406532	665984	0.039604	0	0	0	101
P1.2	ascii	retain	inc	6	508161	697928	0.0487805	0	0	0	82
P1.2	ascii	retain	ref	6	395355	665984	0.0377358	0	0	0	106
P1.2	ascii	retain	skip	6	194406	240640	0.0144231	0	0	0	208
P1.2	ascii	retain	noop	6	82162.7	0	0	0	0	0	498
P1.2	ascii	retain	parse	6	77822.5	0	0	0	0	0	500
P1.2	ascii	retain	parsev	6	132088	0	0	0	0	0	305
P1.2	ascii	drop	ref	1	410173	665984	0.0326087	0	0	0	92
P1.2	ascii	drop	skip	1	199681	240640	0.0144928	0	0	0	207
P1.2	ascii	drop	noop	1	78813.8	0	0	0	0	0	500
P1.2	ascii	drop	parse	1	89211.5	0	0	0	0	0.00403226	496
P1.2	ascii	drop	parsev	1	159678	0	0	0	0	0.0286885	244
P1.2	ascii	drop	pull	1	397763	665984	0.0421053	0	0	0	95
P1.2	ascii	drop	pparse	1	77887.4	0	0	0	0	0	497
P1.2	ascii	drop	touch	1	7123.28	0	0	0	0	0	5665
P1.2	ascii	drop	strs	1	181033	425344	0.0233645	0	0	0	214
P1.2	ascii	drop	host	1	441124	665984	0.0348837	0	0	0	86
P1.2	ascii	drop	inc	1	545077	697928	0.047619	0	0	0	21
P1.2	ascii	drop	skip	2	195383	240640	0.0144928	0	0	0	207
P1.2	ascii	drop	noop	2	82129.1	0	0	0	0	0	500
P1.2	ascii	drop	parse	2	103497	0	0	0	0	0	496
P1.2	ascii	drop	parsev	2	136067	0	0	0	0	0	244
P1.2	ascii	drop	pull	2	386440	665984	0.0421053	0	0	0	95
P1.2	ascii	drop	pparse	2	76292.1	0	0	0	0	0	497
P1.2	ascii	drop	touch	2	7062.89	0	0	0	0	0	5665
P1.2	ascii	drop	strs	2	179630	425344	0.0233645	0	0	0	214
P1.2	ascii	drop	host	2	487445	665984	0.0348837	0	0	0	86
P1.2	ascii	drop	inc	2	522772	697928	0.047619	0	0	0	21
P1.2	ascii	drop	ref	2	446882	665984	0.0434783	0	0	0	92
P1.2	ascii	drop	noop	3	78389	0	0	0	0	0	500
P1.2	ascii	drop	parse	3	77881.7	0	0	0	0	0	496
P1.2	ascii	drop	parsev	3	132884	0	0	0	0	0	244
P1.2	ascii	drop	pull	3	397556	665984	0.0315789	0	0	0	95
P1.2	ascii	drop	pparse	3	79166	0	0	0	0	0	497
P1.2	ascii	drop	touch	3	7137.62	0	0	0	0	0	5665
P1.2	ascii	drop	strs	3	181587	425344	0.0280374	0	0	0	214
P1.2	ascii	drop	host	3	415773	665984	0.0348837	0	0	0	86
P1.2	ascii	drop	inc	3	500658	697928	0.047619	0	0	0	21
P1.2	ascii	drop	ref	3	390369	665984	0.0326087	0	0	0	92
P1.2	ascii	drop	skip	3	199512	240640	0.0144928	0	0	0	207
P1.2	ascii	drop	parse	4	77975.1	0	0	0	0	0	496
P1.2	ascii	drop	parsev	4	131472	0	0	0	0	0	244
P1.2	ascii	drop	pull	4	389126	665984	0.0421053	0	0	0	95
P1.2	ascii	drop	pparse	4	77150.6	0	0	0	0	0	497
P1.2	ascii	drop	touch	4	7025.65	0	0	0	0	0	5665
P1.2	ascii	drop	strs	4	176110	425344	0.0233645	0	0	0	214
P1.2	ascii	drop	host	4	420474	665984	0.0465116	0	0	0	86
P1.2	ascii	drop	inc	4	469587	697928	0	0	0	0	21
P1.2	ascii	drop	ref	4	397430	665984	0.0434783	0	0	0	92
P1.2	ascii	drop	skip	4	197702	240640	0.0144928	0	0	0	207
P1.2	ascii	drop	noop	4	77499.9	0	0	0	0	0	500
P1.2	ascii	drop	parsev	5	131413	0	0	0	0	0	244
P1.2	ascii	drop	pull	5	394454	665984	0.0421053	0	0	0	95
P1.2	ascii	drop	pparse	5	77297.3	0	0	0	0	0	497
P1.2	ascii	drop	touch	5	7110.86	0	0	0	0	0	5665
P1.2	ascii	drop	strs	5	181682	425344	0.0233645	0	0	0	214
P1.2	ascii	drop	host	5	427983	665984	0.0348837	0	0	0	86
P1.2	ascii	drop	inc	5	546427	697928	0.047619	0	0	0	21
P1.2	ascii	drop	ref	5	421158	665984	0.0434783	0	0	0	92
P1.2	ascii	drop	skip	5	199043	240640	0.00966184	0	0	0	207
P1.2	ascii	drop	noop	5	80023.8	0	0	0	0	0	500
P1.2	ascii	drop	parse	5	79918.2	0	0	0	0	0	496
P1.2	ascii	drop	pull	6	385656	665984	0.0421053	0	0	0	95
P1.2	ascii	drop	pparse	6	76202.7	0	0	0	0	0	497
P1.2	ascii	drop	touch	6	6957.8	0	0	0	0	0	5665
P1.2	ascii	drop	strs	6	172327	425344	0.0233645	0	0	0	214
P1.2	ascii	drop	host	6	422721	665984	0.0465116	0	0	0	86
P1.2	ascii	drop	inc	6	514655	697928	0.047619	0	0	0	21
P1.2	ascii	drop	ref	6	383547	665984	0.0326087	0	0	0	92
P1.2	ascii	drop	skip	6	195532	240640	0.0144928	0	0	0	207
P1.2	ascii	drop	noop	6	77135.8	0	0	0	0	0	500
P1.2	ascii	drop	parse	6	77693.8	0	0	0	0	0	496
P1.2	ascii	drop	parsev	6	130473	0	0	0	0	0	244
P2.2	ascii	retain	ref	1	2.07611E+06	2.18058E+06	0.0952381	0.0952381	0	0	21
P2.2	ascii	retain	skip	1	903041	809784	0.0444444	0.0222222	0	0	45
P2.2	ascii	retain	noop	1	352255	0	0	0	0	0	114
P2.2	ascii	retain	parse	1	328065	0	0	0	0	0	121
P2.2	ascii	retain	parsev	1	646679	0	0	0	0	0	62
P2.2	ascii	retain	pparse	1	334217	0	0	0	0	0	115
P2.2	ascii	retain	touch	1	61078.9	0	0	0	0	0	530
P2.2	ascii	retain	strs	1	600860	1.2468E+06	0.0754717	0.0188679	0	0	53
P2.2	ascii	retain	host	1	1.77272E+06	2.18058E+06	0.142857	0.047619	0	0	21
P2.2	ascii	retain	inc	1	2.14179E+06	2.34453E+06	0.133333	0.133333	0	0.2	15
P2.2	ascii	retain	skip	2	895990	809784	0.0444444	0.0222222	0	0	45
P2.2	ascii	retain	noop	2	354429	0	0	0	0	0	114
P2.2	ascii	retain	parse	2	330949	0	0	0	0	0	121
P2.2	ascii	retain	parsev	2	647234	0	0	0	0	0	62
P2.2	ascii	retain	pparse	2	334584	0	0	0	0	0	115
P2.2	ascii	retain	touch	2	62367.4	0	0	0	0	0	530
P2.2	ascii	retain	strs	2	610005	1.2468E+06	0.0754717	0.0188679	0	0	53
P2.2	ascii	retain	host	2	1.712E+06	2.18058E+06	0.0952381	0	0	0	21
P2.2	ascii	retain	inc	2	2.31508E+06	2.34453E+06	0.133333	0.133333	0	0	15
P2.2	ascii	retain	ref	2	1.9439E+06	2.18058E+06	0.142857	0.047619	0	0	21
P2.2	ascii	retain	noop	3	348413	0	0	0	0	0	114
P2.2	ascii	retain	parse	3	332112	0	0	0	0	0	121
P2.2	ascii	retain	parsev	3	646900	0	0	0	0	0	62
P2.2	ascii	retain	pparse	3	334430	0	0	0	0	0	115
P2.2	ascii	retain	touch	3	65222.6	0	0	0	0	0	530
P2.2	ascii	retain	strs	3	598072	1.2468E+06	0.0754717	0.0188679	0	0	53
P2.2	ascii	retain	host	3	1.69943E+06	2.18058E+06	0.142857	0.0952381	0	0	21
P2.2	ascii	retain	inc	3	2.01311E+06	2.34453E+06	0.133333	0.0666667	0	0	15
P2.2	ascii	retain	ref	3	1.92992E+06	2.18058E+06	0.0952381	0	0	0	21
P2.2	ascii	retain	skip	3	887235	809784	0.0444444	0.0222222	0	0	45
P2.2	ascii	retain	parse	4	328455	0	0	0	0	0	121
P2.2	ascii	retain	parsev	4	642033	0	0	0	0	0	62
P2.2	ascii	retain	pparse	4	332004	0	0	0	0	0	115
P2.2	ascii	retain	touch	4	64691.2	0	0	0	0	0	530
P2.2	ascii	retain	strs	4	600673	1.2468E+06	0.0754717	0.0188679	0	0	53
P2.2	ascii	retain	host	4	1.59155E+06	2.18058E+06	0.142857	0.047619	0	0	21
P2.2	ascii	retain	inc	4	2.33461E+06	2.34453E+06	0.133333	0.133333	0	0	15
P2.2	ascii	retain	ref	4	2.17647E+06	2.18058E+06	0.142857	0.0952381	0	0	21
P2.2	ascii	retain	skip	4	896767	809784	0.0444444	0.0222222	0	0	45
P2.2	ascii	retain	noop	4	354890	0	0	0	0	0	114
P2.2	ascii	retain	parsev	5	646047	0	0	0	0	0	62
P2.2	ascii	retain	pparse	5	338672	0	0	0	0	0	115
P2.2	ascii	retain	touch	5	66007.2	0	0	0	0	0	530
P2.2	ascii	retain	strs	5	596317	1.2468E+06	0.0566038	0.0188679	0	0	53
P2.2	ascii	retain	host	5	1.8704E+06	2.18058E+06	0.142857	0.047619	0	0	21
P2.2	ascii	retain	inc	5	2.24696E+06	2.34453E+06	0.133333	0.133333	0	0	15
P2.2	ascii	retain	ref	5	1.88232E+06	2.18058E+06	0.142857	0.0952381	0	0	21
P2.2	ascii	retain	skip	5	907643	809784	0.0444444	0.0222222	0	0	45
P2.2	ascii	retain	noop	5	347167	0	0	0	0	0	114
P2.2	ascii	retain	parse	5	326587	0	0	0	0	0	121
P2.2	ascii	retain	pparse	6	331131	0	0	0	0	0	115
P2.2	ascii	retain	touch	6	61393	0	0	0	0	0	530
P2.2	ascii	retain	strs	6	583042	1.2468E+06	0.0754717	0	0	0	53
P2.2	ascii	retain	host	6	1.65043E+06	2.18058E+06	0.0952381	0.047619	0	0	21
P2.2	ascii	retain	inc	6	2.00606E+06	2.34453E+06	0.133333	0.0666667	0	0	15
P2.2	ascii	retain	ref	6	1.94145E+06	2.18058E+06	0.142857	0.047619	0	0	21
P2.2	ascii	retain	skip	6	895047	809784	0.0444444	0.0222222	0	0	45
P2.2	ascii	retain	noop	6	346563	0	0	0	0	0	114
P2.2	ascii	retain	parse	6	331780	0	0	0	0	0	121
P2.2	ascii	retain	parsev	6	653039	0	0	0	0	0	62
P2.2	ascii	drop	ref	1	1.85537E+06	2.18058E+06	0.0909091	0.0454545	0	0	22
P2.2	ascii	drop	skip	1	912870	809784	0.0652174	0.0434783	0	0	46
P2.2	ascii	drop	noop	1	348038	0	0	0	0	0	114
P2.2	ascii	drop	parse	1	332656	0	0	0	0	0	110
P2.2	ascii	drop	parsev	1	644132	0	0	0	0	0	60
P2.2	ascii	drop	pull	1	2.54259E+06	2.18058E+06	0.0714286	0	0	0.285714	14
P2.2	ascii	drop	pparse	1	333852	0	0	0	0	0	119
P2.2	ascii	drop	touch	1	61516.5	0	0	0	0	0	643
P2.2	ascii	drop	strs	1	605286	1.2468E+06	0.0806452	0.016129	0	0	62
P2.2	ascii	drop	host	1	2.11507E+06	2.18058E+06	0.142857	0.0714286	0	0.0714286	14
P2.2	ascii	drop	inc	1	2.26629E+06	2.34453E+06	0.111111	0.0555556	0	0	18
P2.2	ascii	drop	skip	2	925005	809784	0.0434783	0.0217391	0	0	46
P2.2	ascii	drop	noop	2	350910	0	0	0	0	0	114
P2.2	ascii	drop	parse	2	332477	0	0	0	0	0	110
P2.2	ascii	drop	parsev	2	644292	0	0	0	0	0	60
P2.2	ascii	drop	pull	2	2.63356E+06	2.18058E+06	0.142857	0.142857	0	0.214286	14
P2.2	ascii	drop	pparse	2	376369	0	0	0	0	0.0252101	119
P2.2	ascii	drop	touch	2	61383.1	0	0	0	0	0	643
P2.2	ascii	drop	strs	2	604809	1.2468E+06	0.0806452	0.016129	0	0	62
P2.2	ascii	drop	host	2	1.69811E+06	2.18058E+06	0.0714286	0	0	0.0714286	14
P2.2	ascii	drop	inc	2	2.39056E+06	2.34453E+06	0.166667	0.166667	0	0	18
P2.2	ascii	drop	ref	2	2.28435E+06	2.18058E+06	0.136364	0.0454545	0	5.86364	22
P2.2	ascii	drop	noop	3	350344	0	0	0	0	0	114
P2.2	ascii	drop	parse	3	336599	0	0	0	0	0	110
P2.2	ascii	drop	parsev	3	654645	0	0	0	0	0	60
P2.2	ascii	drop	pull	3	1.92898E+06	2.18058E+06	0.0714286	0.0714286	0	0	14
P2.2	ascii	drop	pparse	3	350140	0	0	0	0	0	119
P2.2	ascii	drop	touch	3	72227.6	0	0	0	0	0	643
P2.2	ascii	drop	strs	3	619508	1.2468E+06	0.0806452	0.016129	0	0	62
P2.2	ascii	drop	host	3	1.80785E+06	2.18058E+06	0.142857	0.0714286	0	0	14
P2.2	ascii	drop	inc	3	1.98637E+06	2.34453E+06	0.111111	0.0555556	0	0	18
P2.2	ascii	drop	ref	3	2.06257E+06	2.18058E+06	0.136364	0.0454545	0	0	22
P2.2	ascii	drop	skip	3	915352	809784	0.0434783	0.0217391	0	0	46
P2.2	ascii	drop	parse	4	332384	0	0	0	0	0	110
P2.2	ascii	drop	parsev	4	674900	0	0	0	0	0	60
P2.2	ascii	drop	pull	4	1.95486E+06	2.18058E+06	0.142857	0.0714286	0	0	14
P2.2	ascii	drop	pparse	4	330981	0	0	0	0	0	119
P2.2	ascii	drop	touch	4	64582.9	0	0	0	0	0	643
P2.2	ascii	drop	strs	4	611317	1.2468E+06	0.0645161	0	0	0	62
P2.2	ascii	drop	host	4	1.91297E+06	2.18058E+06	0.142857	0.0714286	0	0	14
P2.2	ascii	drop	inc	4	1.92357E+06	2.34453E+06	0.111111	0.0555556	0	0	18
P2.2	ascii	drop	ref	4	2.04642E+06	2.18058E+06	0.136364	0.136364	0	0	22
P2.2	ascii	drop	skip	4	896945	809784	0.0434783	0.0217391	0	0	46
P2.2	ascii	drop	noop	4	350057	0	0	0	0	0	114
P2.2	ascii	drop	parsev	5	646373	0	0	0	0	0	60
P2.2	ascii	drop	pull	5	1.7704E+06	2.18058E+06	0.142857	0.0714286	0	0	14
P2.2	ascii	drop	pparse	5	342549	0	0	0	0	0	119
P2.2	ascii	drop	touch	5	65129.3	0	0	0	0	0	643
P2.2	ascii	drop	strs	5	601482	1.2468E+06	0.0806452	0.016129	0	0	62
P2.2	ascii	drop	host	5	1.56654E+06	2.18058E+06	0.0714286	0	0	0	14
P2.2	ascii	drop	inc	5	2.33823E+06	2.34453E+06	0.166667	0.111111	0	0	18
P2.2	ascii	drop	ref	5	2.042E+06	2.18058E+06	0.136364	0.0909091	0	0	22
P2.2	ascii	drop	skip	5	915334	809784	0.0434783	0.0217391	0	0	46
P2.2	ascii	drop	noop	5	350771	0	0	0	0	0	114
P2.2	ascii	drop	parse	5	339938	0	0	0	0	0	110
P2.2	ascii	drop	pull	6	2.09181E+06	2.18058E+06	0.142857	0.0714286	0	0	14
P2.2	ascii	drop	pparse	6	372746	0	0	0	0	0	119
P2.2	ascii	drop	touch	6	58177.5	0	0	0	0	0	643
P2.2	ascii	drop	strs	6	654059	1.2468E+06	0.0645161	0.016129	0	0	62
P2.2	ascii	drop	host	6	1.97642E+06	2.18058E+06	0.142857	0	0	0	14
P2.2	ascii	drop	inc	6	2.38187E+06	2.34453E+06	0.111111	0.111111	0	7.16667	18
P2.2	ascii	drop	ref	6	1.89286E+06	2.18058E+06	0.136364	0.0909091	0	0	22
P2.2	ascii	drop	skip	6	1.01714E+06	809784	0.0434783	0	0	0	46
P2.2	ascii	drop	noop	6	357232	0	0	0	0	0	114
P2.2	ascii	drop	parse	6	356323	0	0	0	0	0	110
P2.2	ascii	drop	parsev	6	706787	0	0	0	0	0	60
P2.2	latin1	retain	ref	1	2.86128E+06	2.18058E+06	0.133333	0.133333	0	0	15
P2.2	latin1	retain	skip	1	953246	809784	0.0606061	0.030303	0	0	33
P2.2	latin1	retain	noop	1	355096	0	0	0	0	0	111
P2.2	latin1	retain	parse	1	355967	0	0	0	0	0	121
P2.2	latin1	retain	parsev	1	803530	0	0	0	0	0	53
P2.2	latin1	retain	pparse	1	353695	0	0	0	0	0	96
P2.2	latin1	retain	touch	1	66379.3	0	0	0	0	0	514
P2.2	latin1	retain	strs	1	1.1917E+06	1.2468E+06	0.0606061	0.030303	0	0	33
P2.2	latin1	retain	host	1	2.39715E+06	2.18058E+06	0.125	0	0	0	16
P2.2	latin1	retain	inc	1	3.07792E+06	2.34453E+06	0.142857	0.142857	0	0	14
P2.2	latin1	retain	skip	2	911936	809784	0.030303	0.030303	0	0	33
P2.2	latin1	retain	noop	2	357655	0	0	0	0	0	111
P2.2	latin1	retain	parse	2	337843	0	0	0	0	0	121
P2.2	latin1	retain	parsev	2	746032	0	0	0	0	0	53
P2.2	latin1	retain	pparse	2	359317	0	0	0	0	0	96
P2.2	latin1	retain	touch	2	62138.2	0	0	0	0	0	514
P2.2	latin1	retain	strs	2	1.18465E+06	1.2468E+06	0.0909091	0	0	0	33
P2.2	latin1	retain	host	2	2.0936E+06	2.18058E+06	0.125	0.0625	0	0	16
P2.2	latin1	retain	inc	2	2.96082E+06	2.34453E+06	0.142857	0.0714286	0	0	14
P2.2	latin1	retain	ref	2	2.79195E+06	2.18058E+06	0.133333	0.133333	0	0	15
P2.2	latin1	retain	noop	3	355328	0	0	0	0	0	111
P2.2	latin1	retain	parse	3	349557	0	0	0	0	0	121
P2.2	latin1	retain	parsev	3	755687	0	0	0	0	0	53
P2.2	latin1	retain	pparse	3	337639	0	0	0	0	0	96
P2.2	latin1	retain	touch	3	63923.4	0	0	0	0	0	514
P2.2	latin1	retain	strs	3	1.24883E+06	1.2468E+06	0.0606061	0.030303	0	0	33
P2.2	latin1	retain	host	3	2.24199E+06	2.18058E+06	0.125	0.0625	0	0	16
P2.2	latin1	retain	inc	3	2.89783E+06	2.34453E+06	0.142857	0	0	0	14
P2.2	latin1	retain	ref	3	2.40981E+06	2.18058E+06	0.133333	0.0666667	0	0	15
P2.2	latin1	retain	skip	3	1.05764E+06	809784	0.030303	0	0	0	33
P2.2	latin1	retain	parse	4	336667	0	0	0	0	0	121
P2.2	latin1	retain	parsev	4	735810	0	0	0	0	0	53
P2.2	latin1	retain	pparse	4	353871	0	0	0	0	0	96
P2.2	latin1	retain	touch	4	73292.4	0	0	0	0	0	514
P2.2	latin1	retain	strs	4	1.33762E+06	1.2468E+06	0.0909091	0.030303	0	0	33
P2.2	latin1	retain	host	4	2.75823E+06	2.18058E+06	0.125	0.0625	0	0	16
P2.2	latin1	retain	inc	4	2.93585E+06	2.34453E+06	0.142857	0.0714286	0	0	14
P2.2	latin1	retain	ref	4	3.03311E+06	2.18058E+06	0.133333	0	0	0	15
P2.2	latin1	retain	skip	4	1.05927E+06	809784	0.030303	0.030303	0	0	33
P2.2	latin1	retain	noop	4	368899	0	0	0	0	0	111
P2.2	latin1	retain	parsev	5	747611	0	0	0	0	0	53
P2.2	latin1	retain	pparse	5	340361	0	0	0	0	0	96
P2.2	latin1	retain	touch	5	66026.4	0	0	0	0	0	514
P2.2	latin1	retain	strs	5	1.16481E+06	1.2468E+06	0.0909091	0	0	0	33
P2.2	latin1	retain	host	5	2.17464E+06	2.18058E+06	0.125	0.0625	0	0	16
P2.2	latin1	retain	inc	5	2.57246E+06	2.34453E+06	0.0714286	0	0	0	14
P2.2	latin1	retain	ref	5	2.54986E+06	2.18058E+06	0.133333	0.0666667	0	0	15
P2.2	latin1	retain	skip	5	945221	809784	0.0606061	0.030303	0	0	33
P2.2	latin1	retain	noop	5	355760	0	0	0	0	0	111
P2.2	latin1	retain	parse	5	335122	0	0	0	0	0	121
P2.2	latin1	retain	pparse	6	346444	0	0	0	0	0	96
P2.2	latin1	retain	touch	6	64566.6	0	0	0	0	0	514
P2.2	latin1	retain	strs	6	1.15576E+06	1.2468E+06	0.0606061	0.030303	0	0	33
P2.2	latin1	retain	host	6	2.16334E+06	2.18058E+06	0.125	0.0625	0	0	16
P2.2	latin1	retain	inc	6	2.74006E+06	2.34453E+06	0.142857	0.0714286	0	0	14
P2.2	latin1	retain	ref	6	2.93144E+06	2.18058E+06	0.133333	0.133333	0	0	15
P2.2	latin1	retain	skip	6	969052	809784	0.0606061	0.030303	0	0	33
P2.2	latin1	retain	noop	6	359234	0	0	0	0	0	111
P2.2	latin1	retain	parse	6	332386	0	0	0	0	0	121
P2.2	latin1	retain	parsev	6	752967	0	0	0	0	0	53
P2.2	latin1	drop	ref	1	2.55027E+06	2.18058E+06	0.125	0.125	0	0	16
P2.2	latin1	drop	skip	1	1.03606E+06	809784	0.0465116	0.0232558	0	0.0697674	43
P2.2	latin1	drop	noop	1	352599	0	0	0	0	0	110
P2.2	latin1	drop	parse	1	333536	0	0	0	0	0	120
P2.2	latin1	drop	parsev	1	733767	0	0	0	0	0	53
P2.2	latin1	drop	pull	1	2.31182E+06	2.18058E+06	0.133333	0.0666667	0	0	15
P2.2	latin1	drop	pparse	1	346528	0	0	0	0	0.0169492	118
P2.2	latin1	drop	touch	1	66978.3	0	0	0	0	0	607
P2.2	latin1	drop	strs	1	1.20689E+06	1.2468E+06	0.0606061	0.030303	0	0	33
P2.2	latin1	drop	host	1	2.46252E+06	2.18058E+06	0.166667	0.0555556	0	0	18
P2.2	latin1	drop	inc	1	2.47967E+06	2.34453E+06	0.0714286	0.0714286	0	0	14
P2.2	latin1	drop	skip	2	941697	809784	0.0465116	0.0232558	0	0	43
P2.2	latin1	drop	noop	2	358266	0	0	0	0	0	110
P2.2	latin1	drop	parse	2	336628	0	0	0	0	0	120
P2.2	latin1	drop	parsev	2	735188	0	0	0	0	0	53
P2.2	latin1	drop	pull	2	2.37347E+06	2.18058E+06	0.133333	0.0666667	0	0	15
P2.2	latin1	drop	pparse	2	337918	0	0	0	0	0	118
P2.2	latin1	drop	touch	2	60675.2	0	0	0	0	0	607
P2.2	latin1	drop	strs	2	1.20674E+06	1.2468E+06	0.0909091	0	0	0	33
P2.2	latin1	drop	host	2	2.10508E+06	2.18058E+06	0.111111	0.0555556	0	0	18
P2.2	latin1	drop	inc	2	2.61005E+06	2.34453E+06	0.142857	0.0714286	0	0	14
P2.2	latin1	drop	ref	2	2.68681E+06	2.18058E+06	0.125	0.0625	0	0	16
P2.2	latin1	drop	noop	3	352065	0	0	0	0	0	110
P2.2	latin1	drop	parse	3	330422	0	0	0	0	0	120
P2.2	latin1	drop	parsev	3	735345	0	0	0	0	0	53
P2.2	latin1	drop	pull	3	2.61083E+06	2.18058E+06	0.133333	0.133333	0	0	15
P2.2	latin1	drop	pparse	3	335273	0	0	0	0	0	118
P2.2	latin1	drop	touch	3	61326.8	0	0	0	0	0	607
P2.2	latin1	drop	strs	3	1.18336E+06	1.2468E+06	0.0606061	0.030303	0	0	33
P2.2	latin1	drop	host	3	2.15276E+06	2.18058E+06	0.111111	0.0555556	0	0	18
P2.2	latin1	drop	inc	3	2.60422E+06	2.34453E+06	0.142857	0.0714286	0	0	14
P2.2	latin1	drop	ref	3	2.47976E+06	2.18058E+06	0.125	0.0625	0	0	16
P2.2	latin1	drop	skip	3	926040	809784	0.0465116	0.0232558	0	0	43
P2.2	latin1	drop	parse	4	330530	0	0	0	0	0	120
P2.2	latin1	drop	parsev	4	741011	0	0	0	0	0	53
P2.2	latin1	drop	pull	4	2.39592E+06	2.18058E+06	0.133333	0.133333	0	0	15
P2.2	latin1	drop	pparse	4	336900	0	0	0	0	0	118
P2.2	latin1	drop	touch	4	60125	0	0	0	0	0	607
P2.2	latin1	drop	strs	4	1.18961E+06	1.2468E+06	0.0909091	0.030303	0	0	33
P2.2	latin1	drop	host	4	2.11829E+06	2.18058E+06	0.111111	0.0555556	0	0	18
P2.2	latin1	drop	inc	4	2.74126E+06	2.34453E+06	0.142857	0.0714286	0	0	14
P2.2	latin1	drop	ref	4	2.76061E+06	2.18058E+06	0.125	0.0625	0	0	16
P2.2	latin1	drop	skip	4	913157	809784	0.0465116	0.0232558	0	0	43
P2.2	latin1	drop	noop	4	351202	0	0	0	0	0	110
P2.2	latin1	drop	parsev	5	731542	0	0	0	0	0	53
P2.2	latin1	drop	pull	5	2.55484E+06	2.18058E+06	0.133333	0.0666667	0	0	15
P2.2	latin1	drop	pparse	5	335051	0	0	0	0	0	118
P2.2	latin1	drop	touch	5	60825.8	0	0	0	0	0	607
P2.2	latin1	drop	strs	5	1.1968E+06	1.2468E+06	0.0606061	0.030303	0	0	33
P2.2	latin1	drop	host	5	2.16955E+06	2.18058E+06	0.111111	0.0555556	0	0	18
P2.2	latin1	drop	inc	5	2.69999E+06	2.34453E+06	0.142857	0.0714286	0	0	14
P2.2	latin1	drop	ref	5	2.61783E+06	2.18058E+06	0.125	0.0625	0	0	16
P2.2	latin1	drop	skip	5	902843	809784	0.0465116	0.0232558	0	0	43
P2.2	latin1	drop	noop	5	351457	0	0	0	0	0	110
P2.2	latin1	drop	parse	5	330854	0	0	0	0	0	120
P2.2	latin1	drop	pull	6	2.70886E+06	2.18058E+06	0.133333	0.133333	0	0	15
P2.2	latin1	drop	pparse	6	335537	0	0	0	0	0	118
P2.2	latin1	drop	touch	6	61200.9	0	0	0	0	0	607
P2.2	latin1	drop	strs	6	1.19824E+06	1.2468E+06	0.0909091	0.030303	0	0	33
P2.2	latin1	drop	host	6	2.11521E+06	2.18058E+06	0.111111	0.0555556	0	0	18
P2.2	latin1	drop	inc	6	2.6063E+06	2.34453E+06	0.142857	0.0714286	0	0	14
P2.2	latin1	drop	ref	6	2.5872E+06	2.18058E+06	0.125	0.0625	0	0	16
P2.2	latin1	drop	skip	6	913608	809784	0.0465116	0.0232558	0	0	43
P2.2	latin1	drop	noop	6	349746	0	0	0	0	0	110
P2.2	latin1	drop	parse	6	330906	0	0	0	0	0	120
P2.2	latin1	drop	parsev	6	730492	0	0	0	0	0	53
P2.2	wide	retain	ref	1	3.28361E+06	2.18058E+06	0.0769231	0.0769231	0	0	13
P2.2	wide	retain	skip	1	922974	809784	0.047619	0.0238095	0	0	42
P2.2	wide	retain	noop	1	356424	0	0	0	0	0	113
P2.2	wide	retain	parse	1	337799	0	0	0	0	0	119
P2.2	wide	retain	parsev	1	775968	0	0	0	0	0	51
P2.2	wide	retain	pparse	1	338641	0	0	0	0	0	120
P2.2	wide	retain	touch	1	70627.3	0	0	0	0	0	561
P2.2	wide	retain	strs	1	1.77296E+06	1.2468E+06	0.0909091	0.0454545	0	0	22
P2.2	wide	retain	host	1	2.63628E+06	2.18058E+06	0.0769231	0	0	0	13
P2.2	wide	retain	inc	1	3.33469E+06	2.34453E+06	0.2	0.2	0	0	10
P2.2	wide	retain	skip	2	929029	809784	0.047619	0.0238095	0	0	42
P2.2	wide	retain	noop	2	364408	0	0	0	0	0	113
P2.2	wide	retain	parse	2	350601	0	0	0	0	0	119
P2.2	wide	retain	parsev	2	801911	0	0	0	0	0	51
P2.2	wide	retain	pparse	2	351574	0	0	0	0	0	120
P2.2	wide	retain	touch	2	65851.6	0	0	0	0	0	561
P2.2	wide	retain	strs	2	1.77474E+06	1.2468E+06	0.0454545	0	0	0	22
P2.2	wide	retain	host	2	3.06865E+06	2.18058E+06	0.153846	0.0769231	0	0	13
P2.2	wide	retain	inc	2	3.1389E+06	2.34453E+06	0.1	0.1	0	0	10
P2.2	wide	retain	ref	2	3.52232E+06	2.18058E+06	0.153846	0.0769231	0	0	13
P2.2	wide	retain	noop	3	366293	0	0	0	0	0	113
P2.2	wide	retain	parse	3	339419	0	0	0	0	0	119
P2.2	wide	retain	parsev	3	782203	0	0	0	0	0	51
P2.2	wide	retain	pparse	3	341488	0	0	0	0	0	120
P2.2	wide	retain	touch	3	66597.1	0	0	0	0	0	561
P2.2	wide	retain	strs	3	1.76539E+06	1.2468E+06	0.0909091	0.0454545	0	0	22
P2.2	wide	retain	host	3	2.75962E+06	2.18058E+06	0.0769231	0	0	0	13
P2.2	wide	retain	inc	3	3.56071E+06	2.34453E+06	0.2	0.1	0	0	10
P2.2	wide	retain	ref	3	3.18992E+06	2.18058E+06	0.0769231	0.0769231	0	0	13
P2.2	wide	retain	skip	3	916729	809784	0.047619	0.0238095	0	0	42
P2.2	wide	retain	parse	4	338287	0	0	0	0	0	119
P2.2	wide	retain	parsev	4	783056	0	0	0	0	0	51
P2.2	wide	retain	pparse	4	338873	0	0	0	0	0	120
P2.2	wide	retain	touch	4	64392.8	0	0	0	0	0	561
P2.2	wide	retain	strs	4	1.76398E+06	1.2468E+06	0.0909091	0.0454545	0	0	22
P2.2	wide	retain	host	4	2.65646E+06	2.18058E+06	0.0769231	0	0	0	13
P2.2	wide	retain	inc	4	3.71915E+06	2.34453E+06	0.2	0.1	0	12.9	10
P2.2	wide	retain	ref	4	3.05424E+06	2.18058E+06	0.0769231	0	0	0	13
P2.2	wide	retain	skip	4	1.01976E+06	809784	0.047619	0.0238095	0	0	42
P2.2	wide	retain	noop	4	356183	0	0	0	0	0	113
P2.2	wide	retain	parsev	5	798788	0	0	0	0	0	51
P2.2	wide	retain	pparse	5	344699	0	0	0	0	0	120
P2.2	wide	retain	touch	5	63753	0	0	0	0	0	561
P2.2	wide	retain	strs	5	1.76051E+06	1.2468E+06	0.0909091	0	0	0	22
P2.2	wide	retain	host	5	2.79188E+06	2.18058E+06	0.153846	0.0769231	0	0	13
P2.2	wide	retain	inc	5	3.36351E+06	2.34453E+06	0.1	0	0	0	10
P2.2	wide	retain	ref	5	3.12424E+06	2.18058E+06	0.153846	0.0769231	0	0	13
P2.2	wide	retain	skip	5	932697	809784	0.047619	0.0238095	0	0	42
P2.2	wide	retain	noop	5	356910	0	0	0	0	0	113
P2.2	wide	retain	parse	5	342270	0	0	0	0	0	119
P2.2	wide	retain	pparse	6	353742	0	0	0	0	0	120
P2.2	wide	retain	touch	6	64634.4	0	0	0	0	0	561
P2.2	wide	retain	strs	6	1.77765E+06	1.2468E+06	0.0454545	0.0454545	0	0	22
P2.2	wide	retain	host	6	3.01862E+06	2.18058E+06	0.153846	0.0769231	0	0	13
P2.2	wide	retain	inc	6	3.09023E+06	2.34453E+06	0.1	0.1	0	0	10
P2.2	wide	retain	ref	6	3.43319E+06	2.18058E+06	0.153846	0.0769231	0	0	13
P2.2	wide	retain	skip	6	912322	809784	0.047619	0.0238095	0	0	42
P2.2	wide	retain	noop	6	359691	0	0	0	0	0	113
P2.2	wide	retain	parse	6	342358	0	0	0	0	0	119
P2.2	wide	retain	parsev	6	789618	0	0	0	0	0	51
P2.2	wide	drop	ref	1	3.57654E+06	2.18058E+06	0.1	0	0	0	10
P2.2	wide	drop	skip	1	1.0195E+06	809784	0.0714286	0.0357143	0	0	28
P2.2	wide	drop	noop	1	362831	0	0	0	0	0	108
P2.2	wide	drop	parse	1	346814	0	0	0	0	0	113
P2.2	wide	drop	parsev	1	793885	0	0	0	0	0	50
P2.2	wide	drop	pull	1	2.91739E+06	2.18058E+06	0.0714286	0.0714286	0	0	14
P2.2	wide	drop	pparse	1	370051	0	0	0	0	0	114
P2.2	wide	drop	touch	1	65088.8	0	0	0	0	0	613
P2.2	wide	drop	strs	1	1.77141E+06	1.2468E+06	0.0909091	0	0	0	22
P2.2	wide	drop	host	1	2.76137E+06	2.18058E+06	0.133333	0.0666667	0	0	15
P2.2	wide	drop	inc	1	3.45686E+06	2.34453E+06	0.0909091	0	0	0	11
P2.2	wide	drop	skip	2	982863	809784	0.0714286	0.0357143	0	0	28
P2.2	wide	drop	noop	2	361458	0	0	0	0	0	108
P2.2	wide	drop	parse	2	345537	0	0	0	0	0	113
P2.2	wide	drop	parsev	2	807521	0	0	0	0	0	50
P2.2	wide	drop	pull	2	3.04263E+06	2.18058E+06	0.0714286	0.0714286	0	0	14
P2.2	wide	drop	pparse	2	366002	0	0	0	0	0	114
P2.2	wide	drop	touch	2	65284.5	0	0	0	0	0	613
P2.2	wide	drop	strs	2	1.91788E+06	1.2468E+06	0.0909091	0.0454545	0	0	22
P2.2	wide	drop	host	2	3.14572E+06	2.18058E+06	0.133333	0.0666667	0	0	15
P2.2	wide	drop	inc	2	3.17407E+06	2.34453E+06	0.0909091	0.0909091	0	0	11
P2.2	wide	drop	ref	2	3.78222E+06	2.18058E+06	0.2	0.1	0	0	10
P2.2	wide	drop	noop	3	369635	0	0	0	0	0	108
P2.2	wide	drop	parse	3	339707	0	0	0	0	0	113
P2.2	wide	drop	parsev	3	799127	0	0	0	0	0	50
P2.2	wide	drop	pull	3	3.14154E+06	2.18058E+06	0.0714286	0.0714286	0	0	14
P2.2	wide	drop	pparse	3	343797	0	0	0	0	0	114
P2.2	wide	drop	touch	3	64077.5	0	0	0	0	0	613
P2.2	wide	drop	strs	3	1.80713E+06	1.2468E+06	0.0909091	0.0454545	0	0	22
P2.2	wide	drop	host	3	3.11406E+06	2.18058E+06	0.133333	0.0666667	0	0	15
P2.2	wide	drop	inc	3	3.05247E+06	2.34453E+06	0.0909091	0.0909091	0	0	11
P2.2	wide	drop	ref	3	3.53786E+06	2.18058E+06	0.2	0.1	0	0	10
P2.2	wide	drop	skip	3	987887	809784	0.0357143	0	0	0	28
P2.2	wide	drop	parse	4	353859	0	0	0	0	0	113
P2.2	wide	drop	parsev	4	827365	0	0	0	0	0	50
P2.2	wide	drop	pull	4	3.59407E+06	2.18058E+06	0.142857	0.0714286	0	0	14
P2.2	wide	drop	pparse	4	452622	0	0	0	0	0	114
P2.2	wide	drop	touch	4	59663.9	0	0	0	0	0	613
P2.2	wide	drop	strs	4	1.78205E+06	1.2468E+06	0.0454545	0.0454545	0	0	22
P2.2	wide	drop	host	4	2.98383E+06	2.18058E+06	0.133333	0	0	0	15
P2.2	wide	drop	inc	4	3.44322E+06	2.34453E+06	0.181818	0.181818	0	11.7273	11
P2.2	wide	drop	ref	4	3.41655E+06	2.18058E+06	0.1	0	0	0	10
P2.2	wide	drop	skip	4	940885	809784	0.0357143	0.0357143	0	0	28
P2.2	wide	drop	noop	4	385464	0	0	0	0	0	108
P2.2	wide	drop	parsev	5	814280	0	0	0	0	0	50
P2.2	wide	drop	pull	5	3.01349E+06	2.18058E+06	0.142857	0.0714286	0	0	14
P2.2	wide	drop	pparse	5	348793	0	0	0	0	0	114
P2.2	wide	drop	touch	5	62346.3	0	0	0	0	0	613
P2.2	wide	drop	strs	5	1.80197E+06	1.2468E+06	0.0909091	0	0	0	22
P2.2	wide	drop	host	5	3.18171E+06	2.18058E+06	0.133333	0.0666667	0	0.2	15
P2.2	wide	drop	inc	5	3.26869E+06	2.34453E+06	0.0909091	0	0	0	11
P2.2	wide	drop	ref	5	3.08318E+06	2.18058E+06	0.1	0.1	0	0	10
P2.2	wide	drop	skip	5	980658	809784	0.0714286	0	0	0	28
P2.2	wide	drop	noop	5	356569	0	0	0	0	0	108
P2.2	wide	drop	parse	5	336443	0	0	0	0	0	113
P2.2	wide	drop	pull	6	3.03082E+06	2.18058E+06	0.0714286	0.0714286	0	0	14
P2.2	wide	drop	pparse	6	341888	0	0	0	0	0	114
P2.2	wide	drop	touch	6	62225.4	0	0	0	0	0	613
P2.2	wide	drop	strs	6	1.78808E+06	1.2468E+06	0.0909091	0.0454545	0	0	22
P2.2	wide	drop	host	6	3.13913E+06	2.18058E+06	0.133333	0.0666667	0	0	15
P2.2	wide	drop	inc	6	3.10355E+06	2.34453E+06	0.0909091	0.0909091	0	0	11
P2.2	wide	drop	ref	6	3.49471E+06	2.18058E+06	0.2	0.1	0	0	10
P2.2	wide	drop	skip	6	935537	809784	0.0357143	0.0357143	0	0	28
P2.2	wide	drop	noop	6	366317	0	0	0	0	0	108
P2.2	wide	drop	parse	6	343238	0	0	0	0	0	113
P2.2	wide	drop	parsev	6	785276	0	0	0	0	0	50
P2.3	ascii	retain	ref	1	1.50188E+06	2.10116E+06	0.133333	0.0666667	0	0	30
P2.3	ascii	retain	skip	1	472893	462592	0.0227273	0.0113636	0	0	88
P2.3	ascii	retain	noop	1	181146	0	0	0	0	0	229
P2.3	ascii	retain	parse	1	169919	0	0	0	0	0	235
P2.3	ascii	retain	parsev	1	374635	0	0	0	0	0	109
P2.3	ascii	retain	pparse	1	172107	0	0	0	0	0	233
P2.3	ascii	retain	touch	1	49577.7	0	0	0	0	0	940
P2.3	ascii	retain	strs	1	625369	1.60757E+06	0.103448	0.0172414	0	0	58
P2.3	ascii	retain	host	1	1.31163E+06	2.10116E+06	0.121212	0.030303	0	0	33
P2.3	ascii	retain	inc	1	1.4269E+06	2.0981E+06	0.1	0.0666667	0	0	30
P2.3	ascii	retain	skip	2	466307	462592	0.0340909	0.0113636	0	0	88
P2.3	ascii	retain	noop	2	177382	0	0	0	0	0	229
P2.3	ascii	retain	parse	2	170963	0	0	0	0	0	235
P2.3	ascii	retain	parsev	2	369722	0	0	0	0	0	109
P2.3	ascii	retain	pparse	2	170021	0	0	0	0	0	233
P2.3	ascii	retain	touch	2	45759.7	0	0	0	0	0	940
P2.3	ascii	retain	strs	2	598681	1.60757E+06	0.0862069	0.0172414	0	0	58
P2.3	ascii	retain	host	2	1.32799E+06	2.10116E+06	0.121212	0.0909091	0	0	33
P2.3	ascii	retain	inc	2	1.48452E+06	2.0981E+06	0.133333	0.0666667	0	0	30
P2.3	ascii	retain	ref	2	1.32726E+06	2.10116E+06	0.1	0.0666667	0	0	30
P2.3	ascii	retain	noop	3	177602	0	0	0	0	0	229
P2.3	ascii	retain	parse	3	170560	0	0	0	0	0	235
P2.3	ascii	retain	parsev	3	377716	0	0	0	0	0	109
P2.3	ascii	retain	pparse	3	173242	0	0	0	0	0	233
P2.3	ascii	retain	touch	3	46155.6	0	0	0	0	0	940
P2.3	ascii	retain	strs	3	622627	1.60757E+06	0.103448	0.0172414	0	0	58
P2.3	ascii	retain	host	3	1.39028E+06	2.10116E+06	0.121212	0.0606061	0	0	33
P2.3	ascii	retain	inc	3	1.61709E+06	2.0981E+06	0.1	0.0666667	0	0	30
P2.3	ascii	retain	ref	3	1.41695E+06	2.10116E+06	0.133333	0.1	0	0	30
P2.3	ascii	retain	skip	3	467510	462592	0.0227273	0.0113636	0	0	88
P2.3	ascii	retain	parse	4	173473	0	0	0	0	0	235
P2.3	ascii	retain	parsev	4	374663	0	0	0	0	0	109
P2.3	ascii	retain	pparse	4	168240	0	0	0	0	0	233
P2.3	ascii	retain	touch	4	43407.6	0	0	0	0	0	940
P2.3	ascii	retain	strs	4	596534	1.60757E+06	0.103448	0.0172414	0	0	58
P2.3	ascii	retain	host	4	1.35584E+06	2.10116E+06	0.121212	0.0606061	0	0	33
P2.3	ascii	retain	inc	4	1.31984E+06	2.0981E+06	0.1	0.0666667	0	0	30
P2.3	ascii	retain	ref	4	1.44518E+06	2.10116E+06	0.133333	0.1	0	0	30
P2.3	ascii	retain	skip	4	455662	462592	0.0227273	0	0	0	88
P2.3	ascii	retain	noop	4	175139	0	0	0	0	0	229
P2.3	ascii	retain	parsev	5	373760	0	0	0	0	0	109
P2.3	ascii	retain	pparse	5	166013	0	0	0	0	0	233
P2.3	ascii	retain	touch	5	43048.2	0	0	0	0	0	940
P2.3	ascii	retain	strs	5	592411	1.60757E+06	0.103448	0.0172414	0	0	58
P2.3	ascii	retain	host	5	1.37325E+06	2.10116E+06	0.121212	0.0606061	0	0	33
P2.3	ascii	retain	inc	5	1.37344E+06	2.0981E+06	0.133333	0.1	0	0	30
P2.3	ascii	retain	ref	5	1.44113E+06	2.10116E+06	0.1	0.0666667	0	0	30
P2.3	ascii	retain	skip	5	459493	462592	0.0340909	0.0113636	0	0	88
P2.3	ascii	retain	noop	5	177730	0	0	0	0	0	229
P2.3	ascii	retain	parse	5	172708	0	0	0	0	0	235
P2.3	ascii	retain	pparse	6	165992	0	0	0	0	0	233
P2.3	ascii	retain	touch	6	44196.2	0	0	0	0	0	940
P2.3	ascii	retain	strs	6	589482	1.60757E+06	0.0862069	0.0172414	0	0	58
P2.3	ascii	retain	host	6	1.38099E+06	2.10116E+06	0.121212	0.0909091	0	0	33
P2.3	ascii	retain	inc	6	1.46212E+06	2.0981E+06	0.133333	0.1	0	0	30
P2.3	ascii	retain	ref	6	1.31489E+06	2.10116E+06	0.1	0.0333333	0	0	30
P2.3	ascii	retain	skip	6	464360	462592	0.0340909	0.0227273	0	0	88
P2.3	ascii	retain	noop	6	175205	0	0	0	0	0	229
P2.3	ascii	retain	parse	6	170712	0	0	0	0	0	235
P2.3	ascii	retain	parsev	6	383773	0	0	0	0	0	109
P2.3	ascii	drop	ref	1	1.29431E+06	2.10116E+06	0.125	0.0833333	0	0	24
P2.3	ascii	drop	skip	1	459734	462592	0.0229885	0	0	0	87
P2.3	ascii	drop	noop	1	176219	0	0	0	0	0	226
P2.3	ascii	drop	parse	1	170862	0	0	0	0	0	234
P2.3	ascii	drop	parsev	1	377588	0	0	0	0	0	103
P2.3	ascii	drop	pull	1	1.46851E+06	2.10116E+06	0.142857	0.107143	0	0	28
P2.3	ascii	drop	pparse	1	174079	0	0	0	0	0	229
P2.3	ascii	drop	touch	1	43276.4	0	0	0	0	0	917
P2.3	ascii	drop	strs	1	647813	1.60757E+06	0.0923077	0.0153846	0	0	65
P2.3	ascii	drop	host	1	1.42194E+06	2.10116E+06	0.125	0.0625	0	0	32
P2.3	ascii	drop	inc	1	1.30856E+06	2.0981E+06	0.115385	0.0769231	0	0	26
P2.3	ascii	drop	skip	2	504524	462592	0.0229885	0.0114943	0	0	87
P2.3	ascii	drop	noop	2	178087	0	0	0	0	0	226
P2.3	ascii	drop	parse	2	172416	0	0	0	0	0	234
P2.3	ascii	drop	parsev	2	385651	0	0	0	0	0	103
P2.3	ascii	drop	pull	2	1.39725E+06	2.10116E+06	0.142857	0.0714286	0	0	28
P2.3	ascii	drop	pparse	2	177190	0	0	0	0	0	229
P2.3	ascii	drop	touch	2	44820.9	0	0	0	0	0	917
P2.3	ascii	drop	strs	2	618643	1.60757E+06	0.0923077	0.0153846	0	0	65
P2.3	ascii	drop	host	2	1.30355E+06	2.10116E+06	0.09375	0.0625	0	0	32
P2.3	ascii	drop	inc	2	1.47642E+06	2.0981E+06	0.153846	0.115385	0	0.0384615	26
P2.3	ascii	drop	ref	2	1.31871E+06	2.10116E+06	0.125	0.0833333	0	0	24
P2.3	ascii	drop	noop	3	182229	0	0	0	0	0	226
P2.3	ascii	drop	parse	3	180031	0	0	0	0	0	234
P2.3	ascii	drop	parsev	3	384012	0	0	0	0	0	103
P2.3	ascii	drop	pull	3	1.29595E+06	2.10116E+06	0.107143	0.0714286	0	0	28
P2.3	ascii	drop	pparse	3	168575	0	0	0	0	0	229
P2.3	ascii	drop	touch	3	42645.4	0	0	0	0	0	917
P2.3	ascii	drop	strs	3	642096	1.60757E+06	0.0923077	0	0	0	65
P2.3	ascii	drop	host	3	1.32049E+06	2.10116E+06	0.125	0.0625	0	0	32
P2.3	ascii	drop	inc	3	1.55814E+06	2.0981E+06	0.115385	0.0769231	0	0	26
P2.3	ascii	drop	ref	3	1.3843E+06	2.10116E+06	0.125	0.0416667	0	0	24
P2.3	ascii	drop	skip	3	477625	462592	0.0229885	0.0114943	0	0	87
P2.3	ascii	drop	parse	4	176935	0	0	0	0	0	234
P2.3	ascii	drop	parsev	4	372272	0	0	0	0	0	103
P2.3	ascii	drop	pull	4	1.38351E+06	2.10116E+06	0.142857	0.0714286	0	0	28
P2.3	ascii	drop	pparse	4	166936	0	0	0	0	0	229
P2.3	ascii	drop	touch	4	42979.5	0	0	0	0	0	917
P2.3	ascii	drop	strs	4	611830	1.60757E+06	0.0923077	0.0153846	0	0	65
P2.3	ascii	drop	host	4	1.4006E+06	2.10116E+06	0.125	0.09375	0	0	32
P2.3	ascii	drop	inc	4	1.42686E+06	2.0981E+06	0.115385	0.0769231	0	0	26
P2.3	ascii	drop	ref	4	1.29454E+06	2.10116E+06	0.125	0.0833333	0	0	24
P2.3	ascii	drop	skip	4	472138	462592	0.0229885	0.0114943	0	0	87
P2.3	ascii	drop	noop	4	178579	0	0	0	0	0	226
P2.3	ascii	drop	parsev	5	373784	0	0	0	0	0	103
P2.3	ascii	drop	pull	5	1.4664E+06	2.10116E+06	0.142857	0.0714286	0	0	28
P2.3	ascii	drop	pparse	5	172341	0	0	0	0	0	229
P2.3	ascii	drop	touch	5	48156.1	0	0	0	0	0	917
P2.3	ascii	drop	strs	5	610713	1.60757E+06	0.0923077	0.0153846	0	0	65
P2.3	ascii	drop	host	5	1.39973E+06	2.10116E+06	0.125	0.0625	0	0	32
P2.3	ascii	drop	inc	5	1.35472E+06	2.0981E+06	0.115385	0.0769231	0	0	26
P2.3	ascii	drop	ref	5	1.49001E+06	2.10116E+06	0.125	0.0833333	0	0	24
P2.3	ascii	drop	skip	5	464805	462592	0.0229885	0.0114943	0	0	87
P2.3	ascii	drop	noop	5	180638	0	0	0	0	0	226
P2.3	ascii	drop	parse	5	173634	0	0	0	0	0	234
P2.3	ascii	drop	pull	6	1.45986E+06	2.10116E+06	0.107143	0.0714286	0	0	28
P2.3	ascii	drop	pparse	6	167515	0	0	0	0	0	229
P2.3	ascii	drop	touch	6	46376.4	0	0	0	0	0	917
P2.3	ascii	drop	strs	6	695307	1.60757E+06	0.0923077	0	0	0	65
P2.3	ascii	drop	host	6	1.3927E+06	2.10116E+06	0.125	0.0625	0	0	32
P2.3	ascii	drop	inc	6	1.47427E+06	2.0981E+06	0.115385	0.0769231	0	0	26
P2.3	ascii	drop	ref	6	1.4075E+06	2.10116E+06	0.125	0.0833333	0	0	24
P2.3	ascii	drop	skip	6	470707	462592	0.0344828	0.0114943	0	0	87
P2.3	ascii	drop	noop	6	183338	0	0	0	0	0	226
P2.3	ascii	drop	parse	6	181072	0	0	0	0	0	234
P2.3	ascii	drop	parsev	6	377563	0	0	0	0	0	103
P2.4	ascii	retain	ref	1	2.32701E+06	3.27573E+06	0.2	0.133333	0	0	15
P2.4	ascii	retain	skip	1	554783	798632	0.0416667	0.0277778	0	0	72
P2.4	ascii	retain	noop	1	212691	0	0	0	0	0	194
P2.4	ascii	retain	parse	1	205458	0	0	0	0	0	206
P2.4	ascii	retain	parsev	1	504016	0	0	0	0	0	82
P2.4	ascii	retain	pparse	1	188816	0	0	0	0	0	205
P2.4	ascii	retain	touch	1	82321.3	0	0	0	0	0	494
P2.4	ascii	retain	strs	1	925218	2.45726E+06	0.139535	0	0	0	43
P2.4	ascii	retain	host	1	1.86978E+06	3.27573E+06	0.176471	0.117647	0	0	17
P2.4	ascii	retain	inc	1	1.91389E+06	3.28783E+06	0.2	0.133333	0	0	15
P2.4	ascii	retain	skip	2	527507	798632	0.0416667	0.0138889	0	0	72
P2.4	ascii	retain	noop	2	199606	0	0	0	0	0	194
P2.4	ascii	retain	parse	2	195074	0	0	0	0	0	206
P2.4	ascii	retain	parsev	2	483009	0	0	0	0	0	82
P2.4	ascii	retain	pparse	2	192425	0	0	0	0	0	205
P2.4	ascii	retain	touch	2	71383.3	0	0	0	0	0	494
P2.4	ascii	retain	strs	2	921166	2.45726E+06	0.162791	0.0232558	0	0	43
P2.4	ascii	retain	host	2	2.09704E+06	3.27573E+06	0.176471	0.117647	0	0	17
P2.4	ascii	retain	inc	2	2.2735E+06	3.28783E+06	0.2	0.133333	0	0	15
P2.4	ascii	retain	ref	2	1.96019E+06	3.27573E+06	0.2	0.133333	0	0	15
P2.4	ascii	retain	noop	3	200320	0	0	0	0	0	194
P2.4	ascii	retain	parse	3	196376	0	0	0	0	0	206
P2.4	ascii	retain	parsev	3	475485	0	0	0	0	0	82
P2.4	ascii	retain	pparse	3	187565	0	0	0	0	0	205
P2.4	ascii	retain	touch	3	73984.3	0	0	0	0	0	494
P2.4	ascii	retain	strs	3	879247	2.45726E+06	0.139535	0.0232558	0	0	43
P2.4	ascii	retain	host	3	2.02175E+06	3.27573E+06	0.176471	0.117647	0	0	17
P2.4	ascii	retain	inc	3	1.87794E+06	3.28783E+06	0.2	0.133333	0	0	15
P2.4	ascii	retain	ref	3	1.98833E+06	3.27573E+06	0.2	0.133333	0	0	15
P2.4	ascii	retain	skip	3	525489	798632	0.0416667	0.0277778	0	0	72
P2.4	ascii	retain	parse	4	193185	0	0	0	0	0	206
P2.4	ascii	retain	parsev	4	470200	0	0	0	0	0	82
P2.4	ascii	retain	pparse	4	185639	0	0	0	0	0	205
P2.4	ascii	retain	touch	4	82171.6	0	0	0	0	0	494
P2.4	ascii	retain	strs	4	893588	2.45726E+06	0.139535	0	0	0	43
P2.4	ascii	retain	host	4	1.81104E+06	3.27573E+06	0.176471	0.117647	0	0	17
P2.4	ascii	retain	inc	4	1.88524E+06	3.28783E+06	0.2	0.133333	0	0	15
P2.4	ascii	retain	ref	4	1.86677E+06	3.27573E+06	0.2	0.133333	0	0	15
P2.4	ascii	retain	skip	4	577535	798632	0.0416667	0.0138889	0	0	72
P2.4	ascii	retain	noop	4	199057	0	0	0	0	0	194
P2.4	ascii	retain	parsev	5	470882	0	0	0	0	0	82
P2.4	ascii	retain	pparse	5	184261	0	0	0	0	0	205
P2.4	ascii	retain	touch	5	73657.5	0	0	0	0	0	494
P2.4	ascii	retain	strs	5	868182	2.45726E+06	0.139535	0.0232558	0	0	43
P2.4	ascii	retain	host	5	1.70519E+06	3.27573E+06	0.235294	0.176471	0	0	17
P2.4	ascii	retain	inc	5	1.83505E+06	3.28783E+06	0.2	0.133333	0	0	15
P2.4	ascii	retain	ref	5	1.63635E+06	3.27573E+06	0.133333	0.0666667	0	0	15
P2.4	ascii	retain	skip	5	532219	798632	0.0555556	0.0277778	0	0	72
P2.4	ascii	retain	noop	5	196794	0	0	0	0	0	194
P2.4	ascii	retain	parse	5	191905	0	0	0	0	0	206
P2.4	ascii	retain	pparse	6	187970	0	0	0	0	0	205
P2.4	ascii	retain	touch	6	84542.6	0	0	0	0	0	494
P2.4	ascii	retain	strs	6	895588	2.45726E+06	0.139535	0.0232558	0	0	43
P2.4	ascii	retain	host	6	1.81795E+06	3.27573E+06	0.176471	0.117647	0	0	17
P2.4	ascii	retain	inc	6	1.91166E+06	3.28783E+06	0.2	0.133333	0	0	15
P2.4	ascii	retain	ref	6	1.89E+06	3.27573E+06	0.2	0.133333	0	0	15
P2.4	ascii	retain	skip	6	543109	798632	0.0416667	0.0138889	0	0	72
P2.4	ascii	retain	noop	6	199970	0	0	0	0	0	194
P2.4	ascii	retain	parse	6	192949	0	0	0	0	0	206
P2.4	ascii	retain	parsev	6	480286	0	0	0	0	0	82
P2.4	ascii	drop	ref	1	1.9143E+06	3.27573E+06	0.190476	0.142857	0	0	21
P2.4	ascii	drop	skip	1	522205	798632	0.0327869	0.0163934	0	0	61
P2.4	ascii	drop	noop	1	201458	0	0	0	0	0	147
P2.4	ascii	drop	parse	1	195902	0	0	0	0	0	194
P2.4	ascii	drop	parsev	1	474018	0	0	0	0	0	64
P2.4	ascii	drop	pull	1	1.85121E+06	3.27573E+06	0.235294	0.176471	0	0	17
P2.4	ascii	drop	pparse	1	184433	0	0	0	0	0	206
P2.4	ascii	drop	touch	1	71794.2	0	0	0	0	0	553
P2.4	ascii	drop	strs	1	876906	2.45726E+06	0.133333	0.0222222	0	0	45
P2.4	ascii	drop	host	1	1.78279E+06	3.27573E+06	0.192308	0.115385	0	0	26
P2.4	ascii	drop	inc	1	1.89392E+06	3.28783E+06	0.2	0.133333	0	0	15
P2.4	ascii	drop	skip	2	527232	798632	0.0491803	0.0163934	0	0	61
P2.4	ascii	drop	noop	2	197873	0	0	0	0	0	147
P2.4	ascii	drop	parse	2	191281	0	0	0	0	0	194
P2.4	ascii	drop	parsev	2	471912	0	0	0	0	0	64
P2.4	ascii	drop	pull	2	1.7468E+06	3.27573E+06	0.176471	0.176471	0	0	17
P2.4	ascii	drop	pparse	2	184092	0	0	0	0	0	206
P2.4	ascii	drop	touch	2	72061.2	0	0	0	0	0	553
P2.4	ascii	drop	strs	2	876059	2.45726E+06	0.133333	0	0	0	45
P2.4	ascii	drop	host	2	1.79025E+06	3.27573E+06	0.192308	0.153846	0	0	26
P2.4	ascii	drop	inc	2	2.25562E+06	3.28783E+06	0.2	0.133333	0	0	15
P2.4	ascii	drop	ref	2	1.87789E+06	3.27573E+06	0.190476	0.142857	0	0	21
P2.4	ascii	drop	noop	3	197342	0	0	0	0	0	147
P2.4	ascii	drop	parse	3	191735	0	0	0	0	0	194
P2.4	ascii	drop	parsev	3	469741	0	0	0	0	0	64
P2.4	ascii	drop	pull	3	1.75093E+06	3.27573E+06	0.176471	0.117647	0	0	17
P2.4	ascii	drop	pparse	3	183905	0	0	0	0	0	206
P2.4	ascii	drop	touch	3	71257.8	0	0	0	0	0	553
P2.4	ascii	drop	strs	3	865179	2.45726E+06	0.155556	0.0222222	0	0	45
P2.4	ascii	drop	host	3	1.72897E+06	3.27573E+06	0.192308	0.153846	0	0	26
P2.4	ascii	drop	inc	3	1.91379E+06	3.28783E+06	0.133333	0.0666667	0	0	15
P2.4	ascii	drop	ref	3	1.72368E+06	3.27573E+06	0.190476	0.142857	0	0	21
P2.4	ascii	drop	skip	3	539756	798632	0.0491803	0.0327869	0	0	61
P2.4	ascii	drop	parse	4	195074	0	0	0	0	0	194
P2.4	ascii	drop	parsev	4	503282	0	0	0	0	0	64
P2.4	ascii	drop	pull	4	2.01472E+06	3.27573E+06	0.235294	0.117647	0	0	17
P2.4	ascii	drop	pparse	4	186963	0	0	0	0	0	206
P2.4	ascii	drop	touch	4	70637.9	0	0	0	0	0	553
P2.4	ascii	drop	strs	4	855615	2.45726E+06	0.133333	0.0222222	0	0	45
P2.4	ascii	drop	host	4	1.8303E+06	3.27573E+06	0.192308	0.115385	0	0	26
P2.4	ascii	drop	inc	4	1.85604E+06	3.28783E+06	0.2	0.133333	0	0	15
P2.4	ascii	drop	ref	4	1.8879E+06	3.27573E+06	0.190476	0.142857	0	0	21
P2.4	ascii	drop	skip	4	527235	798632	0.0491803	0.0163934	0	0	61
P2.4	ascii	drop	noop	4	196749	0	0	0	0	0	147
P2.4	ascii	drop	parsev	5	470595	0	0	0	0	0	64
P2.4	ascii	drop	pull	5	1.78101E+06	3.27573E+06	0.176471	0.117647	0	0	17
P2.4	ascii	drop	pparse	5	183995	0	0	0	0	0	206
P2.4	ascii	drop	touch	5	70711	0	0	0	0	0	553
P2.4	ascii	drop	strs	5	867925	2.45726E+06	0.133333	0.0222222	0	0	45
P2.4	ascii	drop	host	5	1.78753E+06	3.27573E+06	0.192308	0.115385	0	0	26
P2.4	ascii	drop	inc	5	1.96645E+06	3.28783E+06	0.2	0.133333	0	0	15
P2.4	ascii	drop	ref	5	1.86374E+06	3.27573E+06	0.190476	0.142857	0	0	21
P2.4	ascii	drop	skip	5	529896	798632	0.0491803	0.0327869	0	0	61
P2.4	ascii	drop	noop	5	199519	0	0	0	0	0	147
P2.4	ascii	drop	parse	5	197927	0	0	0	0	0	194
P2.4	ascii	drop	pull	6	1.9239E+06	3.27573E+06	0.176471	0.117647	0	0	17
P2.4	ascii	drop	pparse	6	187118	0	0	0	0	0	206
P2.4	ascii	drop	touch	6	73183.4	0	0	0	0	0	553
P2.4	ascii	drop	strs	6	861659	2.45726E+06	0.133333	0	0	0	45
P2.4	ascii	drop	host	6	1.70133E+06	3.27573E+06	0.192308	0.115385	0	0	26
P2.4	ascii	drop	inc	6	2.07153E+06	3.28783E+06	0.2	0.2	0	0	15
P2.4	ascii	drop	ref	6	1.8758E+06	3.27573E+06	0.190476	0.142857	0	0	21
P2.4	ascii	drop	skip	6	536001	798632	0.0491803	0.0163934	0	0	61
P2.4	ascii	drop	noop	6	199170	0	0	0	0	0	147
P2.4	ascii	drop	parse	6	196487	0	0	0	0	0	194
P2.4	ascii	drop	parsev	6	475706	0	0	0	0	0	64
P2.5	ascii	retain	ref	1	56950.8	81472	0.0042796	0	0	0	701
P2.5	ascii	retain	skip	1	29372.4	28968	0.00150489	0	0	0	1329
P2.5	ascii	retain	noop	1	10615	0	0	0	0	0	3778
P2.5	ascii	retain	parse	1	9831.97	0	0	0	0	0	4091
P2.5	ascii	retain	parsev	1	18751.9	0	0	0	0	0	2152
P2.5	ascii	retain	pparse	1	10451.7	0	0	0	0	0	3771
P2.5	ascii	retain	touch	1	1157.24	0	0	0	0	0	35017
P2.5	ascii	retain	strs	1	20301.5	47544	0.00289995	0	0	0	2069
P2.5	ascii	retain	host	1	47281.8	81472	0.00453001	0.0011325	0	0	883
P2.5	ascii	retain	inc	1	58590.7	87976	0.00445104	0	0	0	674
P2.5	ascii	retain	skip	2	29635.7	28968	0.00225734	0.000752445	0	0	1329
P2.5	ascii	retain	noop	2	10682	0	0	0	0	0	3778
P2.5	ascii	retain	parse	2	9838.32	0	0	0	0	0	4091
P2.5	ascii	retain	parsev	2	18663.5	0	0	0	0	0	2152
P2.5	ascii	retain	pparse	2	10493.2	0	0	0	0	0	3771
P2.5	ascii	retain	touch	2	1157.51	0	0	0	0	0	35017
P2.5	ascii	retain	strs	2	21229.9	47544	0.00241663	0	0	0	2069
P2.5	ascii	retain	host	2	51897.9	81472	0.00566251	0.0011325	0	0	883
P2.5	ascii	retain	inc	2	60896.9	87976	0.00445104	0	0	0	674
P2.5	ascii	retain	ref	2	60495.4	81472	0.0042796	0.00142653	0	0	701
P2.5	ascii	retain	noop	3	10642.2	0	0	0	0	0	3778
P2.5	ascii	retain	parse	3	9785.16	0	0	0	0	0	4091
P2.5	ascii	retain	parsev	3	18758.8	0	0	0	0	0	2152
P2.5	ascii	retain	pparse	3	10385.3	0	0	0	0	0	3771
P2.5	ascii	retain	touch	3	1152.78	0	0	0	0	0	35017
P2.5	ascii	retain	strs	3	19461.9	47544	0.00289995	0	0	0	2069
P2.5	ascii	retain	host	3	45787.9	81472	0.00453001	0	0	0	883
P2.5	ascii	retain	inc	3	58397.3	87976	0.00593472	0.00148368	0	0	674
P2.5	ascii	retain	ref	3	55894.2	81472	0.0042796	0	0	0	701
P2.5	ascii	retain	skip	3	30015.1	28968	0.00150489	0.000752445	0	0	1329
P2.5	ascii	retain	parse	4	9981.25	0	0	0	0	0	4091
P2.5	ascii	retain	parsev	4	18977.4	0	0	0	0	0	2152
P2.5	ascii	retain	pparse	4	10563	0	0	0	0	0	3771
P2.5	ascii	retain	touch	4	1162.27	0	0	0	0	0	35017
P2.5	ascii	retain	strs	4	20910.9	47544	0.00289995	0	0	0	2069
P2.5	ascii	retain	host	4	54801.6	81472	0.00453001	0	0	0	883
P2.5	ascii	retain	inc	4	64136.7	87976	0.00445104	0.00148368	0	0	674
P2.5	ascii	retain	ref	4	65958.6	81472	0.00570613	0	0	0	701
P2.5	ascii	retain	skip	4	31152.1	28968	0.00150489	0.000752445	0	0	1329
P2.5	ascii	retain	noop	4	11392	0	0	0	0	0	3778
P2.5	ascii	retain	parsev	5	20095.5	0	0	0	0	0	2152
P2.5	ascii	retain	pparse	5	10856.7	0	0	0	0	0	3771
P2.5	ascii	retain	touch	5	1192.97	0	0	0	0	0	35017
P2.5	ascii	retain	strs	5	20490.9	47544	0.00289995	0	0	0	2069
P2.5	ascii	retain	host	5	49774.9	81472	0.00453001	0	0	0	883
P2.5	ascii	retain	inc	5	61434.2	87976	0.00445104	0.00148368	0	0	674
P2.5	ascii	retain	ref	5	58018.8	81472	0.00570613	0	0	0	701
P2.5	ascii	retain	skip	5	29631.8	28968	0.00150489	0.000752445	0	0	1329
P2.5	ascii	retain	noop	5	10683	0	0	0	0	0	3778
P2.5	ascii	retain	parse	5	10025.5	0	0	0	0	0	4091
P2.5	ascii	retain	pparse	6	11704.3	0	0	0	0	0	3771
P2.5	ascii	retain	touch	6	1204.93	0	0	0	0	0	35017
P2.5	ascii	retain	strs	6	20232	47544	0.00289995	0	0	0	2069
P2.5	ascii	retain	host	6	47896.9	81472	0.00453001	0	0	0	883
P2.5	ascii	retain	inc	6	60787.8	87976	0.00445104	0.00148368	0	0	674
P2.5	ascii	retain	ref	6	59555.8	81472	0.0042796	0	0	0	701
P2.5	ascii	retain	skip	6	32101.3	28968	0.00225734	0	0	0	1329
P2.5	ascii	retain	noop	6	10851.8	0	0	0	0	0	3778
P2.5	ascii	retain	parse	6	10057	0	0	0	0	0	4091
P2.5	ascii	retain	parsev	6	20394.4	0	0	0	0	0	2152
P2.5	ascii	drop	ref	1	58056.8	81472	0.00438596	0	0	0	684
P2.5	ascii	drop	skip	1	30309.4	28968	0.00221076	0.00073692	0	0	1357
P2.5	ascii	drop	noop	1	11107.7	0	0	0	0	0	3776
P2.5	ascii	drop	parse	1	10363	0	0	0	0	0	3945
P2.5	ascii	drop	parsev	1	19029.8	0	0	0	0	0	2048
P2.5	ascii	drop	pull	1	53818.3	81472	0.0042735	0	0	0	702
P2.5	ascii	drop	pparse	1	10971.8	0	0	0	0	0	3617
P2.5	ascii	drop	touch	1	1163.16	0	0	0	0	0	34757
P2.5	ascii	drop	strs	1	20243.7	47544	0.00245942	0	0	0	2033
P2.5	ascii	drop	host	1	50577.6	81472	0.00547945	0.00136986	0	0	730
P2.5	ascii	drop	inc	1	64042.2	87976	0.00472441	0	0	0	635
P2.5	ascii	drop	skip	2	30120.9	28968	0.00147384	0	0	0	1357
P2.5	ascii	drop	noop	2	11008.5	0	0	0	0	0	3776
P2.5	ascii	drop	parse	2	11437.2	0	0	0	0	0	3945
P2.5	ascii	drop	parsev	2	20761.2	0	0	0	0	0	2048
P2.5	ascii	drop	pull	2	58764.3	81472	0.00569801	0.0014245	0	0	702
P2.5	ascii	drop	pparse	2	11020	0	0	0	0	0	3617
P2.5	ascii	drop	touch	2	1168.4	0	0	0	0	0	34757
P2.5	ascii	drop	strs	2	19846.2	47544	0.00245942	0	0	0	2033
P2.5	ascii	drop	host	2	49233.4	81472	0.00547945	0.00136986	0	0	730
P2.5	ascii	drop	inc	2	61843.3	87976	0.00472441	0	0	0	635
P2.5	ascii	drop	ref	2	57561.3	81472	0.00438596	0	0	0	684
P2.5	ascii	drop	noop	3	11013.7	0	0	0	0	0	3776
P2.5	ascii	drop	parse	3	10203.7	0	0	0	0	0	3945
P2.5	ascii	drop	parsev	3	19090.5	0	0	0	0	0	2048
P2.5	ascii	drop	pull	3	54351	81472	0.00569801	0.0014245	0	0	702
P2.5	ascii	drop	pparse	3	10546.1	0	0	0	0	0	3617
P2.5	ascii	drop	touch	3	1181.34	0	0	0	0	0	34757
P2.5	ascii	drop	strs	3	20705.8	47544	0.00245942	0	0	0	2033
P2.5	ascii	drop	host	3	50416.3	81472	0.00547945	0.00136986	0	0	730
P2.5	ascii	drop	inc	3	59884.8	87976	0.00472441	0	0	0	635
P2.5	ascii	drop	ref	3	57274.8	81472	0.00438596	0.00146199	0	0	684
P2.5	ascii	drop	skip	3	30018	28968	0.00147384	0	0	0	1357
P2.5	ascii	drop	parse	4	9846.95	0	0	0	0	0	3945
P2.5	ascii	drop	parsev	4	19066.6	0	0	0	0	0	2048
P2.5	ascii	drop	pull	4	54114.9	81472	0.00569801	0	0	0	702
P2.5	ascii	drop	pparse	4	11346.6	0	0	0	0	0	3617
P2.5	ascii	drop	touch	4	1164.63	0	0	0	0	0	34757
P2.5	ascii	drop	strs	4	19980.4	47544	0.00245942	0.000491884	0	0	2033
P2.5	ascii	drop	host	4	48869.3	81472	0.00547945	0	0	0	730
P2.5	ascii	drop	inc	4	60895.7	87976	0.00472441	0.0015748	0	0	635
P2.5	ascii	drop	ref	4	58078.5	81472	0.00438596	0	0	0	684
P2.5	ascii	drop	skip	4	30797.8	28968	0.00221076	0	0	0	1357
P2.5	ascii	drop	noop	4	10901.2	0	0	0	0	0	3776
P2.5	ascii	drop	parsev	5	19565.1	0	0	0	0	0	2048
P2.5	ascii	drop	pull	5	53481.7	81472	0.0042735	0.0014245	0	0	702
P2.5	ascii	drop	pparse	5	10571.5	0	0	0	0	0	3617
P2.5	ascii	drop	touch	5	1153.9	0	0	0	0	0	34757
P2.5	ascii	drop	strs	5	19977.8	47544	0.00245942	0	0	0	2033
P2.5	ascii	drop	host	5	48683.8	81472	0.00547945	0	0	0	730
P2.5	ascii	drop	inc	5	58983.1	87976	0.00472441	0.0015748	0	0	635
P2.5	ascii	drop	ref	5	56663.5	81472	0.00438596	0	0	0	684
P2.5	ascii	drop	skip	5	30482.2	28968	0.00221076	0	0	0	1357
P2.5	ascii	drop	noop	5	10889.7	0	0	0	0	0	3776
P2.5	ascii	drop	parse	5	10222.2	0	0	0	0	0	3945
P2.5	ascii	drop	pull	6	54295.3	81472	0.0042735	0.0014245	0	0	702
P2.5	ascii	drop	pparse	6	11062.8	0	0	0	0	0	3617
P2.5	ascii	drop	touch	6	1199.53	0	0	0	0	0	34757
P2.5	ascii	drop	strs	6	20015	47544	0.0029513	0	0	0	2033
P2.5	ascii	drop	host	6	49186	81472	0.00410959	0	0	0	730
P2.5	ascii	drop	inc	6	60237.2	87976	0.00472441	0	0	0	635
P2.5	ascii	drop	ref	6	58040.7	81472	0.00438596	0.00146199	0	0	684
P2.5	ascii	drop	skip	6	29998.7	28968	0.00221076	0	0	0	1357
P2.5	ascii	drop	noop	6	11407.7	0	0	0	0	0	3776
P2.5	ascii	drop	parse	6	10219.3	0	0	0	0	0	3945
P2.5	ascii	drop	parsev	6	19244.8	0	0	0	0	0	2048
P4.1	ascii	retain	ref	1	346153	363760	0.0113636	0	0	0	88
P4.1	ascii	retain	skip	1	141686	130696	0.0116279	0	0	0	172
P4.1	ascii	retain	noop	1	39718	0	0	0	0	0	999
P4.1	ascii	retain	parse	1	36459.4	0	0	0	0	0	1018
P4.1	ascii	retain	parsev	1	94937.4	0	0	0	0	0	418
P4.1	ascii	retain	pparse	1	38510	0	0	0	0	0	1001
P4.1	ascii	retain	touch	1	5597.61	0	0	0	0	0	6899
P4.1	ascii	retain	strs	1	117403	183464	0.00890208	0	0	0	337
P4.1	ascii	retain	host	1	281552	363760	0.0206897	0	0	0	145
P4.1	ascii	retain	inc	1	340339	403704	0.0263158	0	0	0	114
P4.1	ascii	retain	skip	2	139686	130696	0.00581395	0	0	0	172
P4.1	ascii	retain	noop	2	39634.8	0	0	0	0	0	999
P4.1	ascii	retain	parse	2	36759.5	0	0	0	0	0	1018
P4.1	ascii	retain	parsev	2	97482.2	0	0	0	0	0	418
P4.1	ascii	retain	pparse	2	38461.4	0	0	0	0	0	1001
P4.1	ascii	retain	touch	2	5589.96	0	0	0	0	0	6899
P4.1	ascii	retain	strs	2	122408	183464	0.0118694	0	0	0	337
P4.1	ascii	retain	host	2	280501	363760	0.0206897	0	0	0	145
P4.1	ascii	retain	inc	2	337024	403704	0.0263158	0	0	0	114
P4.1	ascii	retain	ref	2	350692	363760	0.0113636	0	0	0	88
P4.1	ascii	retain	noop	3	40046.2	0	0	0	0	0	999
P4.1	ascii	retain	parse	3	36465.9	0	0	0	0	0	1018
P4.1	ascii	retain	parsev	3	94939.1	0	0	0	0	0	418
P4.1	ascii	retain	pparse	3	38382.9	0	0	0	0	0	1001
P4.1	ascii	retain	touch	3	5618.78	0	0	0	0	0	6899
P4.1	ascii	retain	strs	3	119048	183464	0.0118694	0	0	0	337
P4.1	ascii	retain	host	3	275894	363760	0.0206897	0	0	0	145
P4.1	ascii	retain	inc	3	333146	403704	0.0263158	0	0	0	114
P4.1	ascii	retain	ref	3	351122	363760	0.0227273	0	0	0	88
P4.1	ascii	retain	skip	3	138317	130696	0.00581395	0	0	0	172
P4.1	ascii	retain	parse	4	37369.5	0	0	0	0	0	1018
P4.1	ascii	retain	parsev	4	98902.7	0	0	0	0	0	418
P4.1	ascii	retain	pparse	4	39280.9	0	0	0	0	0	1001
P4.1	ascii	retain	touch	4	5650.55	0	0	0	0	0	6899
P4.1	ascii	retain	strs	4	125918	183464	0.0118694	0	0	0	337
P4.1	ascii	retain	host	4	277743	363760	0.0206897	0	0	0	145
P4.1	ascii	retain	inc	4	330646	403704	0.0175439	0	0	0	114
P4.1	ascii	retain	ref	4	356370	363760	0.0227273	0	0	0	88
P4.1	ascii	retain	skip	4	140707	130696	0.00581395	0	0	0	172
P4.1	ascii	retain	noop	4	39777.7	0	0	0	0	0	999
P4.1	ascii	retain	parsev	5	102616	0	0	0	0	0	418
P4.1	ascii	retain	pparse	5	40478.5	0	0	0	0	0	1001
P4.1	ascii	retain	touch	5	6172.08	0	0	0	0	0	6899
P4.1	ascii	retain	strs	5	121692	183464	0.0118694	0	0	0	337
P4.1	ascii	retain	host	5	285617	363760	0.0206897	0	0	0	145
P4.1	ascii	retain	inc	5	344972	403704	0.0263158	0	0	0	114
P4.1	ascii	retain	ref	5	357859	363760	0.0227273	0	0	0	88
P4.1	ascii	retain	skip	5	142341	130696	0.00581395	0	0	0	172
P4.1	ascii	retain	noop	5	40264.6	0	0	0	0	0	999
P4.1	ascii	retain	parse	5	36898.9	0	0	0	0	0	1018
P4.1	ascii	retain	pparse	6	38971.5	0	0	0	0	0	1001
P4.1	ascii	retain	touch	6	5925.67	0	0	0	0	0	6899
P4.1	ascii	retain	strs	6	124426	183464	0.00890208	0	0	0	337
P4.1	ascii	retain	host	6	302402	363760	0.0275862	0	0	0	145
P4.1	ascii	retain	inc	6	349961	403704	0.0175439	0	0	0	114
P4.1	ascii	retain	ref	6	361207	363760	0.0227273	0	0	0	88
P4.1	ascii	retain	skip	6	144920	130696	0.00581395	0	0	0	172
P4.1	ascii	retain	noop	6	41694.4	0	0	0	0	0	999
P4.1	ascii	retain	parse	6	38014.3	0	0	0	0	0	1018
P4.1	ascii	retain	parsev	6	102269	0	0	0	0	0	418
P4.1	ascii	drop	ref	1	393907	363760	0.017094	0	0	0	117
P4.1	ascii	drop	skip	1	147180	130696	0.00743494	0	0	0	269
P4.1	ascii	drop	noop	1	42242.9	0	0	0	0	0	1005
P4.1	ascii	drop	parse	1	38106.4	0	0	0	0	0	1095
P4.1	ascii	drop	parsev	1	98414.2	0	0	0	0	0	420
P4.1	ascii	drop	pull	1	297831	363760	0.0211268	0	0	0	142
P4.1	ascii	drop	pparse	1	44761.3	0	0	0	0	0	1040
P4.1	ascii	drop	touch	1	5782.75	0	0	0	0	0	7085
P4.1	ascii	drop	strs	1	127031	183464	0.0127389	0	0	0	314
P4.1	ascii	drop	host	1	299866	363760	0.0204082	0	0	0	98
P4.1	ascii	drop	inc	1	358667	403704	0.0212766	0	0	0	47
P4.1	ascii	drop	skip	2	144290	130696	0.00743494	0	0	0	269
P4.1	ascii	drop	noop	2	39773.4	0	0	0	0	0	1005
P4.1	ascii	drop	parse	2	37302.6	0	0	0	0	0	1095
P4.1	ascii	drop	parsev	2	96098	0	0	0	0	0	420
P4.1	ascii	drop	pull	2	298093	363760	0.0211268	0	0	0	142
P4.1	ascii	drop	pparse	2	38507.5	0	0	0	0	0	1040
P4.1	ascii	drop	touch	2	5921.35	0	0	0	0	0	7085
P4.1	ascii	drop	strs	2	138260	183464	0.00955414	0	0	0	314
P4.1	ascii	drop	host	2	302899	363760	0.0204082	0	0	0	98
P4.1	ascii	drop	inc	2	350712	403704	0.0212766	0	0	0	47
P4.1	ascii	drop	ref	2	393269	363760	0.025641	0	0	0	117
P4.1	ascii	drop	noop	3	41287.1	0	0	0	0	0	1005
P4.1	ascii	drop	parse	3	37790.9	0	0	0	0	0	1095
P4.1	ascii	drop	parsev	3	97201.5	0	0	0	0	0	420
P4.1	ascii	drop	pull	3	305609	363760	0.0211268	0	0	0	142
P4.1	ascii	drop	pparse	3	39756.3	0	0	0	0	0	1040
P4.1	ascii	drop	touch	3	5825.18	0	0	0	0	0	7085
P4.1	ascii	drop	strs	3	124282	183464	0.00955414	0	0	0	314
P4.1	ascii	drop	host	3	287701	363760	0.0204082	0	0	0	98
P4.1	ascii	drop	inc	3	343874	403704	0.0212766	0	0	0	47
P4.1	ascii	drop	ref	3	368682	363760	0.025641	0	0	0	117
P4.1	ascii	drop	skip	3	145024	130696	0.00743494	0	0	0	269
P4.1	ascii	drop	parse	4	39767.3	0	0	0	0	0	1095
P4.1	ascii	drop	parsev	4	95832.1	0	0	0	0	0	420
P4.1	ascii	drop	pull	4	295548	363760	0.0211268	0	0	0	142
P4.1	ascii	drop	pparse	4	39327.9	0	0	0	0	0	1040
P4.1	ascii	drop	touch	4	5668	0	0	0	0	0	7085
P4.1	ascii	drop	strs	4	118797	183464	0.00955414	0	0	0	314
P4.1	ascii	drop	host	4	289276	363760	0.0204082	0	0	0	98
P4.1	ascii	drop	inc	4	357403	403704	0.0212766	0	0	0	47
P4.1	ascii	drop	ref	4	365007	363760	0.025641	0	0	0	117
P4.1	ascii	drop	skip	4	143287	130696	0.00743494	0	0	0	269
P4.1	ascii	drop	noop	4	40009	0	0	0	0	0	1005
P4.1	ascii	drop	parsev	5	95518.6	0	0	0	0	0	420
P4.1	ascii	drop	pull	5	288387	363760	0.0211268	0	0	0	142
P4.1	ascii	drop	pparse	5	38554.3	0	0	0	0	0	1040
P4.1	ascii	drop	touch	5	5652.75	0	0	0	0	0	7085
P4.1	ascii	drop	strs	5	119670	183464	0.00955414	0	0	0	314
P4.1	ascii	drop	host	5	288799	363760	0.0204082	0	0	0	98
P4.1	ascii	drop	inc	5	350479	403704	0.0212766	0	0	0	47
P4.1	ascii	drop	ref	5	369439	363760	0.025641	0	0	0	117
P4.1	ascii	drop	skip	5	142667	130696	0.00743494	0	0	0	269
P4.1	ascii	drop	noop	5	40018.6	0	0	0	0	0	1005
P4.1	ascii	drop	parse	5	36630.7	0	0	0	0	0	1095
P4.1	ascii	drop	pull	6	291175	363760	0.0211268	0	0	0	142
P4.1	ascii	drop	pparse	6	38587	0	0	0	0	0	1040
P4.1	ascii	drop	touch	6	5623.03	0	0	0	0	0	7085
P4.1	ascii	drop	strs	6	119257	183464	0.00955414	0	0	0	314
P4.1	ascii	drop	host	6	284062	363760	0.0204082	0	0	0	98
P4.1	ascii	drop	inc	6	342273	403704	0.0212766	0	0	0	47
P4.1	ascii	drop	ref	6	363652	363760	0.025641	0	0	0	117
P4.1	ascii	drop	skip	6	142432	130696	0.00743494	0	0	0	269
P4.1	ascii	drop	noop	6	39848.7	0	0	0	0	0	1005
P4.1	ascii	drop	parse	6	36767	0	0	0	0	0	1095
P4.1	ascii	drop	parsev	6	95248.8	0	0	0	0	0	420
U-nested-before	corpus	retain	ref	1	793.77	904	3.95953E-05	0	0	0	50511
U-nested-before	corpus	retain	skip	1	595.139	472	2.9602E-05	0	0	0	67563
U-nested-before	corpus	retain	noop	1	253.606	0	0	0	0	0	157768
U-nested-before	corpus	retain	parse	1	248.052	0	0	0	0	0	163875
U-nested-before	corpus	retain	parsev	1	311.449	0	0	0	0	0	130679
U-nested-before	corpus	retain	pparse	1	233.357	0	0	0	0	0	169527
U-nested-before	corpus	retain	touch	1	11.8622	0	0	0	0	0	3385082
U-nested-before	corpus	retain	strs	1	167.522	432	2.62405E-05	0	0	0	228654
U-nested-before	corpus	retain	host	1	787.691	1384	7.40658E-05	0	0	0	54006
U-nested-before	corpus	retain	inc	1	1380.98	2688	0.000171133	0	0	0	29217
U-nested-before	corpus	retain	skip	2	602.341	472	2.9602E-05	0	0	0	67563
U-nested-before	corpus	retain	noop	2	253.322	0	0	0	0	0	157768
U-nested-before	corpus	retain	parse	2	239.409	0	0	0	0	0	163875
U-nested-before	corpus	retain	parsev	2	309.408	0	0	0	0	0	130679
U-nested-before	corpus	retain	pparse	2	234.163	0	0	0	0	0	169527
U-nested-before	corpus	retain	touch	2	11.7616	0	0	0	0	0	3385082
U-nested-before	corpus	retain	strs	2	165.595	432	2.18671E-05	0	0	0	228654
U-nested-before	corpus	retain	host	2	719.025	1384	9.25823E-05	0	0	0	54006
U-nested-before	corpus	retain	inc	2	1338.68	2688	0.000136907	0	0	0	29217
U-nested-before	corpus	retain	ref	2	785.489	904	5.9393E-05	0	0	0	50511
U-nested-before	corpus	retain	noop	3	253.548	0	0	0	0	0	157768
U-nested-before	corpus	retain	parse	3	238.612	0	0	0	0	0	163875
U-nested-before	corpus	retain	parsev	3	311.496	0	0	0	0	0	130679
U-nested-before	corpus	retain	pparse	3	234.394	0	0	0	0	0	169527
U-nested-before	corpus	retain	touch	3	11.7219	0	0	0	0	0	3385082
U-nested-before	corpus	retain	strs	3	165.433	432	2.62405E-05	0	0	0	228654
U-nested-before	corpus	retain	host	3	717.998	1384	7.40658E-05	0	0	0	54006
U-nested-before	corpus	retain	inc	3	1354.89	2688	0.000171133	0	0	0	29217
U-nested-before	corpus	retain	ref	3	783.736	904	3.95953E-05	0	0	0	50511
U-nested-before	corpus	retain	skip	3	603.179	472	2.9602E-05	0	0	0	67563
U-nested-before	corpus	retain	parse	4	245.368	0	0	0	0	0	163875
U-nested-before	corpus	retain	parsev	4	312.429	0	0	0	0	0	130679
U-nested-before	corpus	retain	pparse	4	242.601	0	0	0	0	0	169527
U-nested-before	corpus	retain	touch	4	12.0111	0	0	0	0	0	3385082
U-nested-before	corpus	retain	strs	4	171.904	432	2.62405E-05	0	0	0	228654
U-nested-before	corpus	retain	host	4	724.112	1384	7.40658E-05	0	0	0	54006
U-nested-before	corpus	retain	inc	4	1369.59	2688	0.000171133	0	0	0	29217
U-nested-before	corpus	retain	ref	4	785.576	904	3.95953E-05	0	0	0	50511
U-nested-before	corpus	retain	skip	4	599.9	472	2.9602E-05	1.4801E-05	0	0	67563
U-nested-before	corpus	retain	noop	4	264.297	0	0	0	0	0	157768
U-nested-before	corpus	retain	parsev	5	319.962	0	0	0	0	0	130679
U-nested-before	corpus	retain	pparse	5	239.735	0	0	0	0	0	169527
U-nested-before	corpus	retain	touch	5	11.8725	0	0	0	0	0	3385082
U-nested-before	corpus	retain	strs	5	162.633	432	2.62405E-05	0	0	0	228654
U-nested-before	corpus	retain	host	5	714.507	1384	7.40658E-05	0	0	0	54006
U-nested-before	corpus	retain	inc	5	1340.17	2688	0.000171133	0	0	0	29217
U-nested-before	corpus	retain	ref	5	772.534	904	5.9393E-05	0	0	0	50511
U-nested-before	corpus	retain	skip	5	573.286	472	1.4801E-05	0	0	0	67563
U-nested-before	corpus	retain	noop	5	254.336	0	0	0	0	0	157768
U-nested-before	corpus	retain	parse	5	248.56	0	0	0	0	0	163875
U-nested-before	corpus	retain	pparse	6	238.649	0	0	0	0	0	169527
U-nested-before	corpus	retain	touch	6	12.1547	0	0	0	0	0	3385082
U-nested-before	corpus	retain	strs	6	196.008	432	2.62405E-05	0	0	0	228654
U-nested-before	corpus	retain	host	6	760.195	1384	7.40658E-05	0	0	0	54006
U-nested-before	corpus	retain	inc	6	1442.55	2688	0.000171133	0	0	0	29217
U-nested-before	corpus	retain	ref	6	869.25	904	5.9393E-05	0	0	0	50511
U-nested-before	corpus	retain	skip	6	593.376	472	1.4801E-05	0	0	0	67563
U-nested-before	corpus	retain	noop	6	258.47	0	0	0	0	0	157768
U-nested-before	corpus	retain	parse	6	244.854	0	0	0	0	0	163875
U-nested-before	corpus	retain	parsev	6	308.99	0	0	0	0	0	130679
U-nested-before	corpus	drop	ref	1	616.403	784	4.67079E-05	0	0	0	64229
U-nested-before	corpus	drop	skip	1	426.998	352	2.1538E-05	0	0	0	92859
U-nested-before	corpus	drop	noop	1	226.822	0	0	0	0	0	177182
U-nested-before	corpus	drop	parse	1	212.7	0	0	0	0	0	189422
U-nested-before	corpus	drop	parsev	1	288.119	0	0	0	0	0	139924
U-nested-before	corpus	drop	pull	1	577.112	784	4.60745E-05	0	0	0	65112
U-nested-before	corpus	drop	pparse	1	213.091	0	0	0	0	0	189289
U-nested-before	corpus	drop	touch	1	12.2077	0	0	0	0	0	3384891
U-nested-before	corpus	drop	strs	1	160.747	432	2.51247E-05	0	0	0	238809
U-nested-before	corpus	drop	host	1	447.722	784	4.48853E-05	0	0	0	89116
U-nested-before	corpus	drop	inc	1	1292.76	2688	0.000161991	0	0	0	30866
U-nested-before	corpus	drop	skip	2	426.177	352	2.1538E-05	0	0	0	92859
U-nested-before	corpus	drop	noop	2	230.077	0	0	0	0	0	177182
U-nested-before	corpus	drop	parse	2	213.944	0	0	0	0	0	189422
U-nested-before	corpus	drop	parsev	2	280.98	0	0	0	0	0	139924
U-nested-before	corpus	drop	pull	2	581.5	784	4.60745E-05	0	0	0	65112
U-nested-before	corpus	drop	pparse	2	212.129	0	0	0	0	0	189289
U-nested-before	corpus	drop	touch	2	12.2398	0	0	0	0	0	3384891
U-nested-before	corpus	drop	strs	2	158.493	432	2.51247E-05	0	0	0	238809
U-nested-before	corpus	drop	host	2	437.673	784	4.48853E-05	0	0	0	89116
U-nested-before	corpus	drop	inc	2	1284.97	2688	0.000161991	0	0	0	30866
U-nested-before	corpus	drop	ref	2	614.326	784	4.67079E-05	0	0	0	64229
U-nested-before	corpus	drop	noop	3	228.629	0	0	0	0	0	177182
U-nested-before	corpus	drop	parse	3	216.61	0	0	0	0	0	189422
U-nested-before	corpus	drop	parsev	3	283.311	0	0	0	0	0	139924
U-nested-before	corpus	drop	pull	3	584.816	784	4.60745E-05	0	0	0	65112
U-nested-before	corpus	drop	pparse	3	216.199	0	0	0	0	0	189289
U-nested-before	corpus	drop	touch	3	12.662	0	0	0	0	0	3384891
U-nested-before	corpus	drop	strs	3	160.109	432	2.51247E-05	0	0	0	238809
U-nested-before	corpus	drop	host	3	459.344	784	4.48853E-05	0	0	0	89116
U-nested-before	corpus	drop	inc	3	1329.52	2688	0.000129592	0	0	0	30866
U-nested-before	corpus	drop	ref	3	609.982	784	4.67079E-05	0	0	0	64229
U-nested-before	corpus	drop	skip	3	426.48	352	2.1538E-05	0	0	0	92859
U-nested-before	corpus	drop	parse	4	214.324	0	0	0	0	0	189422
U-nested-before	corpus	drop	parsev	4	281.455	0	0	0	0	0	139924
U-nested-before	corpus	drop	pull	4	574.762	784	4.60745E-05	0	0	0	65112
U-nested-before	corpus	drop	pparse	4	212.79	0	0	0	0	0	189289
U-nested-before	corpus	drop	touch	4	12.4709	0	0	0	0	0	3384891
U-nested-before	corpus	drop	strs	4	160.247	432	2.51247E-05	0	0	0	238809
U-nested-before	corpus	drop	host	4	448.384	784	4.48853E-05	0	0	0	89116
U-nested-before	corpus	drop	inc	4	1290.91	2688	0.000161991	0	0	0	30866
U-nested-before	corpus	drop	ref	4	605.343	784	4.67079E-05	0	0	0	64229
U-nested-before	corpus	drop	skip	4	424.252	352	2.1538E-05	0	0	0	92859
U-nested-before	corpus	drop	noop	4	229.055	0	0	0	0	0	177182
U-nested-before	corpus	drop	parsev	5	291.879	0	0	0	0	0	139924
U-nested-before	corpus	drop	pull	5	580.553	784	4.60745E-05	0	0	0	65112
U-nested-before	corpus	drop	pparse	5	215.328	0	0	0	0	0	189289
U-nested-before	corpus	drop	touch	5	12.2897	0	0	0	0	0	3384891
U-nested-before	corpus	drop	strs	5	158.309	432	2.51247E-05	0	0	0	238809
U-nested-before	corpus	drop	host	5	458.921	784	4.48853E-05	0	0	0	89116
U-nested-before	corpus	drop	inc	5	1348.62	2688	0.000161991	0	0	0	30866
U-nested-before	corpus	drop	ref	5	619.468	784	4.67079E-05	0	0	0	64229
U-nested-before	corpus	drop	skip	5	431.947	352	2.1538E-05	0	0	0	92859
U-nested-before	corpus	drop	noop	5	227.823	0	0	0	0	0	177182
U-nested-before	corpus	drop	parse	5	218.259	0	0	0	0	0	189422
U-nested-before	corpus	drop	pull	6	577.968	784	3.07163E-05	0	0	0	65112
U-nested-before	corpus	drop	pparse	6	225.342	0	0	0	0	0	189289
U-nested-before	corpus	drop	touch	6	13.0209	0	0	0	0	0	3384891
U-nested-before	corpus	drop	strs	6	172.018	432	2.51247E-05	0	0	0	238809
U-nested-before	corpus	drop	host	6	457.511	784	4.48853E-05	0	0	0	89116
U-nested-before	corpus	drop	inc	6	1341.39	2688	0.000161991	0	0	0	30866
U-nested-before	corpus	drop	ref	6	631.443	784	4.67079E-05	0	0	0	64229
U-nested-before	corpus	drop	skip	6	432.792	352	2.1538E-05	0	0	0	92859
U-nested-before	corpus	drop	noop	6	227.575	0	0	0	0	0	177182
U-nested-before	corpus	drop	parse	6	215.48	0	0	0	0	0	189422
U-nested-before	corpus	drop	parsev	6	282.819	0	0	0	0	0	139924
U-deep-u-repeated	corpus	retain	ref	1	3283.8	4152	0.000249833	0	0	0	12008
U-deep-u-repeated	corpus	retain	skip	1	2002.81	1800	0.000102785	0	0	0	19458
U-deep-u-repeated	corpus	retain	noop	1	682.8	0	0	0	0	0	58825
U-deep-u-repeated	corpus	retain	parse	1	636.595	0	0	0	0	0	59930
U-deep-u-repeated	corpus	retain	parsev	1	1080.35	0	0	0	0	0	36044
U-deep-u-repeated	corpus	retain	pparse	1	638.732	0	0	0	0	0	37690
U-deep-u-repeated	corpus	retain	touch	1	44.7401	0	0	0	0	0	408106
U-deep-u-repeated	corpus	retain	strs	1	905.407	2104	0.00013152	0	0	0	38017
U-deep-u-repeated	corpus	retain	host	1	2313.27	4192	0.000232342	0	0	0	17216
U-deep-u-repeated	corpus	retain	inc	1	3185.77	5000	0.000315681	0	0	0	12671
U-deep-u-repeated	corpus	retain	skip	2	2046.96	1800	0.000102785	0	0	0	19458
U-deep-u-repeated	corpus	retain	noop	2	689.733	0	0	0	0	0	58825
U-deep-u-repeated	corpus	retain	parse	2	640.375	0	0	0	0	0	59930
U-deep-u-repeated	corpus	retain	parsev	2	1076.63	0	0	0	0	0	36044
U-deep-u-repeated	corpus	retain	pparse	2	639.475	0	0	0	0	0	37690
U-deep-u-repeated	corpus	retain	touch	2	44.8638	0	0	0	0	0	408106
U-deep-u-repeated	corpus	retain	strs	2	897.616	2104	0.000105216	0	0	0	38017
U-deep-u-repeated	corpus	retain	host	2	2350.5	4192	0.000290428	0	0	0	17216
U-deep-u-repeated	corpus	retain	inc	2	3141	5000	0.000236761	0	0	0	12671
U-deep-u-repeated	corpus	retain	ref	2	3311.51	4152	0.000249833	0	0	0	12008
U-deep-u-repeated	corpus	retain	noop	3	687.238	0	0	0	0	0	58825
U-deep-u-repeated	corpus	retain	parse	3	639.312	0	0	0	0	0	59930
U-deep-u-repeated	corpus	retain	parsev	3	1106	0	0	0	0	0	36044
U-deep-u-repeated	corpus	retain	pparse	3	642.699	0	0	0	0	0	37690
U-deep-u-repeated	corpus	retain	touch	3	44.2759	0	0	0	0	0	408106
U-deep-u-repeated	corpus	retain	strs	3	910.655	2104	0.00013152	0	0	0	38017
U-deep-u-repeated	corpus	retain	host	3	2340.68	4192	0.000232342	0	0	0	17216
U-deep-u-repeated	corpus	retain	inc	3	3152.44	5000	0.000315681	0	0	0	12671
U-deep-u-repeated	corpus	retain	ref	3	3324.54	4152	0.000166556	0	0	0	12008
U-deep-u-repeated	corpus	retain	skip	3	2077.55	1800	0.000154178	0	0	0	19458
U-deep-u-repeated	corpus	retain	parse	4	639.613	0	0	0	0	0	59930
U-deep-u-repeated	corpus	retain	parsev	4	1072.14	0	0	0	0	0	36044
U-deep-u-repeated	corpus	retain	pparse	4	666.324	0	0	0	0	0	37690
U-deep-u-repeated	corpus	retain	touch	4	44.3879	0	0	0	0	0	408106
U-deep-u-repeated	corpus	retain	strs	4	921.291	2104	0.000105216	0	0	0	38017
U-deep-u-repeated	corpus	retain	host	4	2356.69	4192	0.000232342	0	0	0	17216
U-deep-u-repeated	corpus	retain	inc	4	3183.42	5000	0.000315681	0	0	0	12671
U-deep-u-repeated	corpus	retain	ref	4	3337.96	4152	0.000249833	0	0	0	12008
U-deep-u-repeated	corpus	retain	skip	4	2070.32	1800	0.000102785	0	0	0	19458
U-deep-u-repeated	corpus	retain	noop	4	689.916	0	0	0	0	0	58825
U-deep-u-repeated	corpus	retain	parsev	5	1087.72	0	0	0	0	0	36044
U-deep-u-repeated	corpus	retain	pparse	5	667.79	0	0	0	0	0	37690
U-deep-u-repeated	corpus	retain	touch	5	48.3504	0	0	0	0	0	408106
U-deep-u-repeated	corpus	retain	strs	5	969.809	2104	0.00013152	0	0	0	38017
U-deep-u-repeated	corpus	retain	host	5	2388.02	4192	0.000232342	0	0	0	17216
U-deep-u-repeated	corpus	retain	inc	5	3265.97	5000	0.000236761	0	0	0	12671
U-deep-u-repeated	corpus	retain	ref	5	3411.29	4152	0.000249833	0	0	0	12008
U-deep-u-repeated	corpus	retain	skip	5	2050.76	1800	0.000102785	0	0	0	19458
U-deep-u-repeated	corpus	retain	noop	5	707.474	0	0	0	0	0	58825
U-deep-u-repeated	corpus	retain	parse	5	647.862	0	0	0	0	0	59930
U-deep-u-repeated	corpus	retain	pparse	6	654.486	0	0	0	0	0	37690
U-deep-u-repeated	corpus	retain	touch	6	44.4091	0	0	0	0	0	408106
U-deep-u-repeated	corpus	retain	strs	6	912.823	2104	0.00013152	0	0	0	38017
U-deep-u-repeated	corpus	retain	host	6	2440.85	4192	0.000232342	0	0	0	17216
U-deep-u-repeated	corpus	retain	inc	6	3144.85	5000	0.000315681	0	0	0	12671
U-deep-u-repeated	corpus	retain	ref	6	3423.29	4152	0.000249833	0	0	0	12008
U-deep-u-repeated	corpus	retain	skip	6	2074.85	1800	0.000102785	0	0	0	19458
U-deep-u-repeated	corpus	retain	noop	6	699.432	0	0	0	0	0	58825
U-deep-u-repeated	corpus	retain	parse	6	648.445	0	0	0	0	0	59930
U-deep-u-repeated	corpus	retain	parsev	6	1104.8	0	0	0	0	0	36044
U-deep-u-repeated	corpus	drop	ref	1	3075.54	4096	0.000227773	0	0	0	13171
U-deep-u-repeated	corpus	drop	skip	1	1841.84	1744	9.22126E-05	0	0	0	21689
U-deep-u-repeated	corpus	drop	noop	1	659.14	0	0	0	0	0	61073
U-deep-u-repeated	corpus	drop	parse	1	615.432	0	0	0	0	0	64705
U-deep-u-repeated	corpus	drop	parsev	1	1056.57	0	0	0	0	0	37492
U-deep-u-repeated	corpus	drop	pull	1	2941.27	4096	0.000224635	0	0	0	13355
U-deep-u-repeated	corpus	drop	pparse	1	630.215	0	0	0	0	0	64172
U-deep-u-repeated	corpus	drop	touch	1	44.9465	0	0	0	0	0	887769
U-deep-u-repeated	corpus	drop	strs	1	909.287	2104	0.000135777	0	0	0	44190
U-deep-u-repeated	corpus	drop	host	1	2291.38	4096	0.00023955	0	0	0	16698
U-deep-u-repeated	corpus	drop	inc	1	3115.07	5000	0.000238682	0	0	0	12569
U-deep-u-repeated	corpus	drop	skip	2	1841.65	1744	0.000138319	0	0	0	21689
U-deep-u-repeated	corpus	drop	noop	2	659.966	0	0	0	0	0	61073
U-deep-u-repeated	corpus	drop	parse	2	613.163	0	0	0	0	0	64705
U-deep-u-repeated	corpus	drop	parsev	2	1036.7	0	0	0	0	0	37492
U-deep-u-repeated	corpus	drop	pull	2	3122.17	4096	0.000224635	7.48783E-05	0	0.00127293	13355
U-deep-u-repeated	corpus	drop	pparse	2	628.421	0	0	0	0	0	64172
U-deep-u-repeated	corpus	drop	touch	2	44.6877	0	0	0	0	0	887769
U-deep-u-repeated	corpus	drop	strs	2	888.697	2104	0.000113148	0	0	0	44190
U-deep-u-repeated	corpus	drop	host	2	2269.32	4096	0.00023955	0	0	0	16698
U-deep-u-repeated	corpus	drop	inc	2	3161.15	5000	0.000318243	0	0	0	12569
U-deep-u-repeated	corpus	drop	ref	2	3114.24	4096	0.000227773	0	0	0	13171
U-deep-u-repeated	corpus	drop	noop	3	658.27	0	0	0	0	0	61073
U-deep-u-repeated	corpus	drop	parse	3	632.154	0	0	0	0	0	64705
U-deep-u-repeated	corpus	drop	parsev	3	1049.13	0	0	0	0	0	37492
U-deep-u-repeated	corpus	drop	pull	3	2978.6	4096	0.000224635	0	0	0	13355
U-deep-u-repeated	corpus	drop	pparse	3	631.338	0	0	0	0	0	64172
U-deep-u-repeated	corpus	drop	touch	3	44.4995	0	0	0	0	0	887769
U-deep-u-repeated	corpus	drop	strs	3	891.845	2104	0.000135777	0	0	0	44190
U-deep-u-repeated	corpus	drop	host	3	2245.3	4096	0.000179662	0	0	0	16698
U-deep-u-repeated	corpus	drop	inc	3	3140.71	5000	0.000318243	0	0	0	12569
U-deep-u-repeated	corpus	drop	ref	3	3166.91	4096	0.000227773	0	0	0	13171
U-deep-u-repeated	corpus	drop	skip	3	1946.79	1744	9.22126E-05	0	0	0	21689
U-deep-u-repeated	corpus	drop	parse	4	638.663	0	0	0	0	0	64705
U-deep-u-repeated	corpus	drop	parsev	4	1303.43	0	0	0	0	0	37492
U-deep-u-repeated	corpus	drop	pull	4	3038.74	4096	0.000299513	0	0	0	13355
U-deep-u-repeated	corpus	drop	pparse	4	636.38	0	0	0	0	0	64172
U-deep-u-repeated	corpus	drop	touch	4	48.8858	0	0	0	0	0	887769
U-deep-u-repeated	corpus	drop	strs	4	906.531	2104	0.000113148	0	0	0	44190
U-deep-u-repeated	corpus	drop	host	4	2286.67	4096	0.00023955	0	0	0	16698
U-deep-u-repeated	corpus	drop	inc	4	3215.68	5000	0.000318243	0	0	0	12569
U-deep-u-repeated	corpus	drop	ref	4	3120.22	4096	0.000227773	0	0	0	13171
U-deep-u-repeated	corpus	drop	skip	4	1824.41	1744	9.22126E-05	0	0	0	21689
U-deep-u-repeated	corpus	drop	noop	4	657.611	0	0	0	0	0	61073
U-deep-u-repeated	corpus	drop	parsev	5	1037.79	0	0	0	0	0	37492
U-deep-u-repeated	corpus	drop	pull	5	2996.95	4096	0.000224635	0	0	0	13355
U-deep-u-repeated	corpus	drop	pparse	5	675.78	0	0	0	0	0	64172
U-deep-u-repeated	corpus	drop	touch	5	45.8264	0	0	0	0	0	887769
U-deep-u-repeated	corpus	drop	strs	5	896.913	2104	0.000113148	0	0	0	44190
U-deep-u-repeated	corpus	drop	host	5	2299.25	4096	0.00023955	0	0	0	16698
U-deep-u-repeated	corpus	drop	inc	5	3190.54	5000	0.000318243	0	0	0	12569
U-deep-u-repeated	corpus	drop	ref	5	3137.44	4096	0.000227773	0	0	0	13171
U-deep-u-repeated	corpus	drop	skip	5	1829.46	1744	9.22126E-05	0	0	0	21689
U-deep-u-repeated	corpus	drop	noop	5	665.179	0	0	0	0	0	61073
U-deep-u-repeated	corpus	drop	parse	5	622.521	0	0	0	0	0	64705
U-deep-u-repeated	corpus	drop	pull	6	3020.55	4096	0.000299513	0	0	0	13355
U-deep-u-repeated	corpus	drop	pparse	6	636.543	0	0	0	0	0	64172
U-deep-u-repeated	corpus	drop	touch	6	44.8555	0	0	0	0	0	887769
U-deep-u-repeated	corpus	drop	strs	6	878.958	2104	0.000113148	0	0	0	44190
U-deep-u-repeated	corpus	drop	host	6	2281.36	4096	0.00023955	0	0	0	16698
U-deep-u-repeated	corpus	drop	inc	6	3223.77	5000	0.000318243	0	0	0	12569
U-deep-u-repeated	corpus	drop	ref	6	3099.74	4096	0.000227773	0	0	0	13171
U-deep-u-repeated	corpus	drop	skip	6	1855.45	1744	9.22126E-05	0	0	0	21689
U-deep-u-repeated	corpus	drop	noop	6	657.632	0	0	0	0	0	61073
U-deep-u-repeated	corpus	drop	parse	6	617.43	0	0	0	0	0	64705
U-deep-u-repeated	corpus	drop	parsev	6	1036.09	0	0	0	0	0	37492
U-oneof-u-repeated	corpus	retain	ref	1	442.335	400	2.31198E-05	0	0	0	86506
U-oneof-u-repeated	corpus	retain	skip	1	366.897	264	1.83785E-05	0	0	0	108823
U-oneof-u-repeated	corpus	retain	noop	1	130.21	0	0	0	0	0	311193
U-oneof-u-repeated	corpus	retain	parse	1	120.367	0	0	0	0	0	285491
U-oneof-u-repeated	corpus	retain	parsev	1	137.876	0	0	0	0	0	290872
U-oneof-u-repeated	corpus	retain	pparse	1	112.646	0	0	0	0	0	349713
U-oneof-u-repeated	corpus	retain	touch	1	10.4927	0	0	0	0	0	3778691
U-oneof-u-repeated	corpus	retain	strs	1	60.0053	136	7.4129E-06	0	0	0	674500
U-oneof-u-repeated	corpus	retain	host	1	235.685	440	2.66333E-05	0	0	0	150188
U-oneof-u-repeated	corpus	retain	inc	1	473.459	904	4.67825E-05	0	0	0	85502
U-oneof-u-repeated	corpus	retain	skip	2	372.934	264	1.83785E-05	0	0	0	108823
U-oneof-u-repeated	corpus	retain	noop	2	130.639	0	0	0	0	0	311193
U-oneof-u-repeated	corpus	retain	parse	2	119.307	0	0	0	0	0	285491
U-oneof-u-repeated	corpus	retain	parsev	2	139.173	0	0	0	0	0	290872
U-oneof-u-repeated	corpus	retain	pparse	2	115.515	0	0	0	0	0	349713
U-oneof-u-repeated	corpus	retain	touch	2	10.7411	0	0	0	0	0	3778691
U-oneof-u-repeated	corpus	retain	strs	2	60.8973	136	7.4129E-06	0	0	0	674500
U-oneof-u-repeated	corpus	retain	host	2	235.913	440	2.66333E-05	0	0	0	150188
U-oneof-u-repeated	corpus	retain	inc	2	484.461	904	5.84782E-05	0	0	0	85502
U-oneof-u-repeated	corpus	retain	ref	2	453.413	400	2.31198E-05	0	0	0	86506
U-oneof-u-repeated	corpus	retain	noop	3	130.449	0	0	0	0	0	311193
U-oneof-u-repeated	corpus	retain	parse	3	122.713	0	0	0	0	0	285491
U-oneof-u-repeated	corpus	retain	parsev	3	139.619	0	0	0	0	0	290872
U-oneof-u-repeated	corpus	retain	pparse	3	120.296	0	0	0	0	0	349713
U-oneof-u-repeated	corpus	retain	touch	3	10.538	0	0	0	0	0	3778691
U-oneof-u-repeated	corpus	retain	strs	3	61.2531	136	7.4129E-06	0	0	0	674500
U-oneof-u-repeated	corpus	retain	host	3	237.957	440	2.66333E-05	0	0	0	150188
U-oneof-u-repeated	corpus	retain	inc	3	477.413	904	4.67825E-05	0	0	0	85502
U-oneof-u-repeated	corpus	retain	ref	3	674.809	400	2.31198E-05	0	0	0	86506
U-oneof-u-repeated	corpus	retain	skip	3	373.996	264	1.83785E-05	0	0	0	108823
U-oneof-u-repeated	corpus	retain	parse	4	123.58	0	0	0	0	0	285491
U-oneof-u-repeated	corpus	retain	parsev	4	143.807	0	0	0	0	0	290872
U-oneof-u-repeated	corpus	retain	pparse	4	119.245	0	0	0	0	0	349713
U-oneof-u-repeated	corpus	retain	touch	4	10.7793	0	0	0	0	0	3778691
U-oneof-u-repeated	corpus	retain	strs	4	61.5031	136	7.4129E-06	0	0	0	674500
U-oneof-u-repeated	corpus	retain	host	4	242.697	440	2.66333E-05	0	0	0	150188
U-oneof-u-repeated	corpus	retain	inc	4	492.613	904	4.67825E-05	0	0	0	85502
U-oneof-u-repeated	corpus	retain	ref	4	461.716	400	2.31198E-05	0	0	0	86506
U-oneof-u-repeated	corpus	retain	skip	4	385.234	264	1.83785E-05	0	0	0	108823
U-oneof-u-repeated	corpus	retain	noop	4	132.863	0	0	0	0	0	311193
U-oneof-u-repeated	corpus	retain	parsev	5	162.9	0	0	0	0	0	290872
U-oneof-u-repeated	corpus	retain	pparse	5	115.162	0	0	0	0	0	349713
U-oneof-u-repeated	corpus	retain	touch	5	11.5511	0	0	0	0	0	3778691
U-oneof-u-repeated	corpus	retain	strs	5	70.8072	136	7.4129E-06	0	0	0	674500
U-oneof-u-repeated	corpus	retain	host	5	272.78	440	2.66333E-05	0	0	0	150188
U-oneof-u-repeated	corpus	retain	inc	5	501.002	904	5.84782E-05	0	0	0	85502
U-oneof-u-repeated	corpus	retain	ref	5	450.513	400	2.31198E-05	0	0	0	86506
U-oneof-u-repeated	corpus	retain	skip	5	371.855	264	9.18923E-06	0	0	0	108823
U-oneof-u-repeated	corpus	retain	noop	5	139.675	0	0	0	0	0	311193
U-oneof-u-repeated	corpus	retain	parse	5	121.945	0	0	0	0	0	285491
U-oneof-u-repeated	corpus	retain	pparse	6	120.004	0	0	0	0	0	349713
U-oneof-u-repeated	corpus	retain	touch	6	10.8053	0	0	0	0	0	3778691
U-oneof-u-repeated	corpus	retain	strs	6	62.7766	136	8.89548E-06	0	0	0	674500
U-oneof-u-repeated	corpus	retain	host	6	245.508	440	2.66333E-05	0	0	0	150188
U-oneof-u-repeated	corpus	retain	inc	6	477.373	904	4.67825E-05	0	0	0	85502
U-oneof-u-repeated	corpus	retain	ref	6	461.368	400	2.31198E-05	0	0	0	86506
U-oneof-u-repeated	corpus	retain	skip	6	365.508	264	1.83785E-05	0	0	0	108823
U-oneof-u-repeated	corpus	retain	noop	6	131.535	0	0	0	0	0	311193
U-oneof-u-repeated	corpus	retain	parse	6	123.984	0	0	0	0	0	285491
U-oneof-u-repeated	corpus	retain	parsev	6	138.66	0	0	0	0	0	290872
U-oneof-u-repeated	corpus	drop	ref	1	357.869	352	1.80683E-05	0	0	0	110691
U-oneof-u-repeated	corpus	drop	skip	1	276.985	216	1.36298E-05	0	0	0	146737
U-oneof-u-repeated	corpus	drop	noop	1	157.287	0	0	0	0	0	261776
U-oneof-u-repeated	corpus	drop	parse	1	141.495	0	0	0	0	0	283939
U-oneof-u-repeated	corpus	drop	parsev	1	164.471	0	0	0	0	0	245073
U-oneof-u-repeated	corpus	drop	pull	1	314.55	352	2.34751E-05	0	0	0	127795
U-oneof-u-repeated	corpus	drop	pparse	1	132.342	0	0	0	0	0	302740
U-oneof-u-repeated	corpus	drop	touch	1	10.5604	0	0	0	0	0	3797991
U-oneof-u-repeated	corpus	drop	strs	1	61.1421	136	7.51653E-06	0	0	0	665201
U-oneof-u-repeated	corpus	drop	host	1	185.353	352	1.89516E-05	0	0	0	211064
U-oneof-u-repeated	corpus	drop	inc	1	461.312	904	4.89368E-05	0	0	0	81738
U-oneof-u-repeated	corpus	drop	skip	2	274.599	216	1.36298E-05	0	0	0	146737
U-oneof-u-repeated	corpus	drop	noop	2	153.539	0	0	0	0	0	261776
U-oneof-u-repeated	corpus	drop	parse	2	140.996	0	0	0	0	0	283939
U-oneof-u-repeated	corpus	drop	parsev	2	164.939	0	0	0	0	0	245073
U-oneof-u-repeated	corpus	drop	pull	2	315.376	352	2.34751E-05	0	0	0	127795
U-oneof-u-repeated	corpus	drop	pparse	2	131.623	0	0	0	0	0	302740
U-oneof-u-repeated	corpus	drop	touch	2	10.5503	0	0	0	0	0	3797991
U-oneof-u-repeated	corpus	drop	strs	2	60.055	136	7.51653E-06	0	0	0	665201
U-oneof-u-repeated	corpus	drop	host	2	184.687	352	1.89516E-05	0	0	0	211064
U-oneof-u-repeated	corpus	drop	inc	2	480.57	904	6.11711E-05	0	0	0	81738
U-oneof-u-repeated	corpus	drop	ref	2	357.798	352	1.80683E-05	0	0	0	110691
U-oneof-u-repeated	corpus	drop	noop	3	155.592	0	0	0	0	0	261776
U-oneof-u-repeated	corpus	drop	parse	3	142.284	0	0	0	0	0	283939
U-oneof-u-repeated	corpus	drop	parsev	3	164.1	0	0	0	0	0	245073
U-oneof-u-repeated	corpus	drop	pull	3	312.495	352	2.34751E-05	0	0	0	127795
U-oneof-u-repeated	corpus	drop	pparse	3	133.284	0	0	0	0	0	302740
U-oneof-u-repeated	corpus	drop	touch	3	10.6431	0	0	0	0	0	3797991
U-oneof-u-repeated	corpus	drop	strs	3	60.0485	136	7.51653E-06	0	0	0	665201
U-oneof-u-repeated	corpus	drop	host	3	190.074	352	1.89516E-05	0	0	0	211064
U-oneof-u-repeated	corpus	drop	inc	3	483.8	904	4.89368E-05	0	0	0	81738
U-oneof-u-repeated	corpus	drop	ref	3	362.289	352	2.71025E-05	0	0	0	110691
U-oneof-u-repeated	corpus	drop	skip	3	295.024	216	1.36298E-05	0	0	0	146737
U-oneof-u-repeated	corpus	drop	parse	4	142.635	0	0	0	0	0	283939
U-oneof-u-repeated	corpus	drop	parsev	4	165.535	0	0	0	0	0	245073
U-oneof-u-repeated	corpus	drop	pull	4	313.214	352	1.56501E-05	0	0	0	127795
U-oneof-u-repeated	corpus	drop	pparse	4	133.292	0	0	0	0	0	302740
U-oneof-u-repeated	corpus	drop	touch	4	10.847	0	0	0	0	0	3797991
U-oneof-u-repeated	corpus	drop	strs	4	60.5135	136	7.51653E-06	0	0	0	665201
U-oneof-u-repeated	corpus	drop	host	4	187.899	352	2.36895E-05	0	0	0	211064
U-oneof-u-repeated	corpus	drop	inc	4	481.522	904	4.89368E-05	0	0	0	81738
U-oneof-u-repeated	corpus	drop	ref	4	362.27	352	1.80683E-05	0	0	0	110691
U-oneof-u-repeated	corpus	drop	skip	4	286.624	216	1.36298E-05	0	0	0	146737
U-oneof-u-repeated	corpus	drop	noop	4	156.604	0	0	0	0	0	261776
U-oneof-u-repeated	corpus	drop	parsev	5	164.721	0	0	0	0	0	245073
U-oneof-u-repeated	corpus	drop	pull	5	314.941	352	2.34751E-05	0	0	0	127795
U-oneof-u-repeated	corpus	drop	pparse	5	140.225	0	0	0	0	0	302740
U-oneof-u-repeated	corpus	drop	touch	5	11.1994	0	0	0	0	0	3797991
U-oneof-u-repeated	corpus	drop	strs	5	61.4085	136	7.51653E-06	0	0	0	665201
U-oneof-u-repeated	corpus	drop	host	5	188.253	352	1.89516E-05	0	0	0	211064
U-oneof-u-repeated	corpus	drop	inc	5	484.025	904	6.11711E-05	0	0	0	81738
U-oneof-u-repeated	corpus	drop	ref	5	356.298	352	1.80683E-05	0	0	0	110691
U-oneof-u-repeated	corpus	drop	skip	5	280.508	216	1.36298E-05	0	0	0	146737
U-oneof-u-repeated	corpus	drop	noop	5	155.774	0	0	0	0	0	261776
U-oneof-u-repeated	corpus	drop	parse	5	145.726	0	0	0	0	0	283939
U-oneof-u-repeated	corpus	drop	pull	6	315.971	352	1.56501E-05	0	0	0	127795
U-oneof-u-repeated	corpus	drop	pparse	6	134.937	0	0	0	0	0	302740
U-oneof-u-repeated	corpus	drop	touch	6	10.7958	0	0	0	0	0	3797991
U-oneof-u-repeated	corpus	drop	strs	6	62.5892	136	7.51653E-06	0	0	0	665201
U-oneof-u-repeated	corpus	drop	host	6	189.403	352	2.36895E-05	0	0	0	211064
U-oneof-u-repeated	corpus	drop	inc	6	486.942	904	4.89368E-05	0	0	0	81738
U-oneof-u-repeated	corpus	drop	ref	6	357.319	352	1.80683E-05	0	0	0	110691
U-oneof-u-repeated	corpus	drop	skip	6	280.359	216	1.36298E-05	0	0	0	146737
U-oneof-u-repeated	corpus	drop	noop	6	156.079	0	0	0	0	0	261776
U-oneof-u-repeated	corpus	drop	parse	6	142.536	0	0	0	0	0	283939
U-oneof-u-repeated	corpus	drop	parsev	6	165.939	0	0	0	0	0	245073
U-wire-ListTaskSummaryResponse-tasks-as-wt5	corpus	retain	ref	1	3608.9	3720	0.00018534	0	0	0	10791
U-wire-ListTaskSummaryResponse-tasks-as-wt5	corpus	retain	skip	1	1810.98	1416	9.042E-05	0	0	0	22119
U-wire-ListTaskSummaryResponse-tasks-as-wt5	corpus	retain	noop	1	519.602	0	0	0	0	0	81978
U-wire-ListTaskSummaryResponse-tasks-as-wt5	corpus	retain	parse	1	455.072	0	0	0	0	0	85268
U-wire-ListTaskSummaryResponse-tasks-as-wt5	corpus	retain	parsev	1	854.525	0	0	0	0	0	45067
U-wire-ListTaskSummaryResponse-tasks-as-wt5	corpus	retain	pparse	1	443.977	0	0	0	0	0	82388
U-wire-ListTaskSummaryResponse-tasks-as-wt5	corpus	retain	touch	1	43.9344	0	0	0	0	0	840790
U-wire-ListTaskSummaryResponse-tasks-as-wt5	corpus	retain	strs	1	960.487	1808	0.00011107	0	0	0	27010
U-wire-ListTaskSummaryResponse-tasks-as-wt5	corpus	retain	host	1	2413.97	3720	0.000189227	0	0	0	15854
U-wire-ListTaskSummaryResponse-tasks-as-wt5	corpus	retain	inc	1	3111.67	4504	0.0002693	0	0	0	11140
U-wire-ListTaskSummaryResponse-tasks-as-wt5	corpus	retain	skip	2	1813.05	1416	9.042E-05	0	0	0	22119
U-wire-ListTaskSummaryResponse-tasks-as-wt5	corpus	retain	noop	2	500.539	0	0	0	0	0	81978
U-wire-ListTaskSummaryResponse-tasks-as-wt5	corpus	retain	parse	2	455.88	0	0	0	0	0	85268
U-wire-ListTaskSummaryResponse-tasks-as-wt5	corpus	retain	parsev	2	830.703	0	0	0	0	0	45067
U-wire-ListTaskSummaryResponse-tasks-as-wt5	corpus	retain	pparse	2	438.876	0	0	0	0	0	82388
U-wire-ListTaskSummaryResponse-tasks-as-wt5	corpus	retain	touch	2	44.245	0	0	0	0	0	840790
U-wire-ListTaskSummaryResponse-tasks-as-wt5	corpus	retain	strs	2	958.799	1808	0.00011107	0	0	0	27010
U-wire-ListTaskSummaryResponse-tasks-as-wt5	corpus	retain	host	2	2352.53	3720	0.000189227	0	0	0	15854
U-wire-ListTaskSummaryResponse-tasks-as-wt5	corpus	retain	inc	2	3140.89	4504	0.0002693	0	0	0	11140
U-wire-ListTaskSummaryResponse-tasks-as-wt5	corpus	retain	ref	2	3641.88	3720	0.00018534	0	0	0	10791
U-wire-ListTaskSummaryResponse-tasks-as-wt5	corpus	retain	noop	3	497.562	0	0	0	0	0	81978
U-wire-ListTaskSummaryResponse-tasks-as-wt5	corpus	retain	parse	3	462.467	0	0	0	0	0	85268
U-wire-ListTaskSummaryResponse-tasks-as-wt5	corpus	retain	parsev	3	846.574	0	0	0	0	0	45067
U-wire-ListTaskSummaryResponse-tasks-as-wt5	corpus	retain	pparse	3	446.179	0	0	0	0	0	82388
U-wire-ListTaskSummaryResponse-tasks-as-wt5	corpus	retain	touch	3	43.4704	0	0	0	0	0	840790
U-wire-ListTaskSummaryResponse-tasks-as-wt5	corpus	retain	strs	3	974.648	1808	0.00011107	0	0	0	27010
U-wire-ListTaskSummaryResponse-tasks-as-wt5	corpus	retain	host	3	2318.4	3720	0.000189227	0	0	0	15854
U-wire-ListTaskSummaryResponse-tasks-as-wt5	corpus	retain	inc	3	3162.01	4504	0.0002693	0	0	0	11140
U-wire-ListTaskSummaryResponse-tasks-as-wt5	corpus	retain	ref	3	3637.71	3720	0.000278009	0	0	0	10791
U-wire-ListTaskSummaryResponse-tasks-as-wt5	corpus	retain	skip	3	1833.1	1416	4.521E-05	0	0	0	22119
U-wire-ListTaskSummaryResponse-tasks-as-wt5	corpus	retain	parse	4	456.568	0	0	0	0	0	85268
U-wire-ListTaskSummaryResponse-tasks-as-wt5	corpus	retain	parsev	4	849.107	0	0	0	0	0	45067
U-wire-ListTaskSummaryResponse-tasks-as-wt5	corpus	retain	pparse	4	445.761	0	0	0	0	0	82388
U-wire-ListTaskSummaryResponse-tasks-as-wt5	corpus	retain	touch	4	43.9806	0	0	0	0	0	840790
U-wire-ListTaskSummaryResponse-tasks-as-wt5	corpus	retain	strs	4	957.786	1808	0.00011107	0	0	0	27010
U-wire-ListTaskSummaryResponse-tasks-as-wt5	corpus	retain	host	4	2356.78	3720	0.000252302	0	0	0	15854
U-wire-ListTaskSummaryResponse-tasks-as-wt5	corpus	retain	inc	4	3123.06	4504	0.0002693	0	0	0	11140
U-wire-ListTaskSummaryResponse-tasks-as-wt5	corpus	retain	ref	4	3509.7	3720	0.00018534	0	0	0	10791
U-wire-ListTaskSummaryResponse-tasks-as-wt5	corpus	retain	skip	4	1822.37	1416	9.042E-05	0	0	0	22119
U-wire-ListTaskSummaryResponse-tasks-as-wt5	corpus	retain	noop	4	508.549	0	0	0	0	0	81978
U-wire-ListTaskSummaryResponse-tasks-as-wt5	corpus	retain	parsev	5	872.722	0	0	0	0	0	45067
U-wire-ListTaskSummaryResponse-tasks-as-wt5	corpus	retain	pparse	5	464.992	0	0	0	0	0	82388
U-wire-ListTaskSummaryResponse-tasks-as-wt5	corpus	retain	touch	5	44.6175	0	0	0	0	0	840790
U-wire-ListTaskSummaryResponse-tasks-as-wt5	corpus	retain	strs	5	960.918	1808	0.00011107	0	0	0	27010
U-wire-ListTaskSummaryResponse-tasks-as-wt5	corpus	retain	host	5	2359.58	3720	0.000189227	0	0	0	15854
U-wire-ListTaskSummaryResponse-tasks-as-wt5	corpus	retain	inc	5	3093.13	4504	0.0002693	0	0	0	11140
U-wire-ListTaskSummaryResponse-tasks-as-wt5	corpus	retain	ref	5	3510.05	3720	0.00018534	0	0	0	10791
U-wire-ListTaskSummaryResponse-tasks-as-wt5	corpus	retain	skip	5	1767.52	1416	9.042E-05	0	0	0	22119
U-wire-ListTaskSummaryResponse-tasks-as-wt5	corpus	retain	noop	5	487.044	0	0	0	0	0	81978
U-wire-ListTaskSummaryResponse-tasks-as-wt5	corpus	retain	parse	5	453.806	0	0	0	0	0	85268
U-wire-ListTaskSummaryResponse-tasks-as-wt5	corpus	retain	pparse	6	445.224	0	0	0	0	0	82388
U-wire-ListTaskSummaryResponse-tasks-as-wt5	corpus	retain	touch	6	44.303	0	0	0	0	0	840790
U-wire-ListTaskSummaryResponse-tasks-as-wt5	corpus	retain	strs	6	967.817	1808	0.00011107	0	0	0	27010
U-wire-ListTaskSummaryResponse-tasks-as-wt5	corpus	retain	host	6	2361.75	3720	0.000189227	0	0	0	15854
U-wire-ListTaskSummaryResponse-tasks-as-wt5	corpus	retain	inc	6	3091.25	4504	0.0002693	0	0	0	11140
U-wire-ListTaskSummaryResponse-tasks-as-wt5	corpus	retain	ref	6	3500.76	3720	0.000278009	0	0	0	10791
U-wire-ListTaskSummaryResponse-tasks-as-wt5	corpus	retain	skip	6	1776.69	1416	4.521E-05	0	0	0	22119
U-wire-ListTaskSummaryResponse-tasks-as-wt5	corpus	retain	noop	6	489.334	0	0	0	0	0	81978
U-wire-ListTaskSummaryResponse-tasks-as-wt5	corpus	retain	parse	6	453.392	0	0	0	0	0	85268
U-wire-ListTaskSummaryResponse-tasks-as-wt5	corpus	retain	parsev	6	841.017	0	0	0	0	0	45067
U-wire-ListTaskSummaryResponse-tasks-as-wt5	corpus	drop	ref	1	3378.11	3688	0.000171703	0	0	0	11648
U-wire-ListTaskSummaryResponse-tasks-as-wt5	corpus	drop	skip	1	1635.67	1384	8.29703E-05	0	0	0	24105
U-wire-ListTaskSummaryResponse-tasks-as-wt5	corpus	drop	noop	1	513.195	0	0	0	0	0	76101
U-wire-ListTaskSummaryResponse-tasks-as-wt5	corpus	drop	parse	1	477.138	0	0	0	0	0	82504
U-wire-ListTaskSummaryResponse-tasks-as-wt5	corpus	drop	parsev	1	863.455	0	0	0	0	0	46849
U-wire-ListTaskSummaryResponse-tasks-as-wt5	corpus	drop	pull	1	2637.24	3688	0.000201478	0	0	0	14890
U-wire-ListTaskSummaryResponse-tasks-as-wt5	corpus	drop	pparse	1	466.806	0	0	0	0	0	86879
U-wire-ListTaskSummaryResponse-tasks-as-wt5	corpus	drop	touch	1	43.3641	0	0	0	0	0	890314
U-wire-ListTaskSummaryResponse-tasks-as-wt5	corpus	drop	strs	1	982.327	1808	0.000113993	0	0	0	35090
U-wire-ListTaskSummaryResponse-tasks-as-wt5	corpus	drop	host	1	2373.71	3688	0.000240688	0	0	0	16619
U-wire-ListTaskSummaryResponse-tasks-as-wt5	corpus	drop	inc	1	3118.96	4504	0.000235073	0	0	0	12762
U-wire-ListTaskSummaryResponse-tasks-as-wt5	corpus	drop	skip	2	1645.36	1384	8.29703E-05	0	0	0	24105
U-wire-ListTaskSummaryResponse-tasks-as-wt5	corpus	drop	noop	2	504.954	0	0	0	0	0	76101
U-wire-ListTaskSummaryResponse-tasks-as-wt5	corpus	drop	parse	2	470.177	0	0	0	0	0	82504
U-wire-ListTaskSummaryResponse-tasks-as-wt5	corpus	drop	parsev	2	852.567	0	0	0	0	0	46849
U-wire-ListTaskSummaryResponse-tasks-as-wt5	corpus	drop	pull	2	2662.78	3688	0.000201478	0	0	0	14890
U-wire-ListTaskSummaryResponse-tasks-as-wt5	corpus	drop	pparse	2	464.995	0	0	0	0	0	86879
U-wire-ListTaskSummaryResponse-tasks-as-wt5	corpus	drop	touch	2	43.2431	0	0	0	0	0	890314
U-wire-ListTaskSummaryResponse-tasks-as-wt5	corpus	drop	strs	2	1011.77	1808	0.000113993	0	0	0	35090
U-wire-ListTaskSummaryResponse-tasks-as-wt5	corpus	drop	host	2	2448.66	3688	0.000180516	0	0	0	16619
U-wire-ListTaskSummaryResponse-tasks-as-wt5	corpus	drop	inc	2	3163.21	4504	0.00031343	0	0	0	12762
U-wire-ListTaskSummaryResponse-tasks-as-wt5	corpus	drop	ref	2	3365.6	3688	0.000171703	0	0	0	11648
U-wire-ListTaskSummaryResponse-tasks-as-wt5	corpus	drop	noop	3	517.464	0	0	0	0	0	76101
U-wire-ListTaskSummaryResponse-tasks-as-wt5	corpus	drop	parse	3	485.573	0	0	0	0	0	82504
U-wire-ListTaskSummaryResponse-tasks-as-wt5	corpus	drop	parsev	3	862.884	0	0	0	0	0	46849
U-wire-ListTaskSummaryResponse-tasks-as-wt5	corpus	drop	pull	3	2753.49	3688	0.000201478	0	0	0	14890
U-wire-ListTaskSummaryResponse-tasks-as-wt5	corpus	drop	pparse	3	464.245	0	0	0	0	0	86879
U-wire-ListTaskSummaryResponse-tasks-as-wt5	corpus	drop	touch	3	43.1705	0	0	0	0	0	890314
U-wire-ListTaskSummaryResponse-tasks-as-wt5	corpus	drop	strs	3	955.649	1808	0.000113993	0	0	0	35090
U-wire-ListTaskSummaryResponse-tasks-as-wt5	corpus	drop	host	3	2345.55	3688	0.000240688	0	0	0	16619
U-wire-ListTaskSummaryResponse-tasks-as-wt5	corpus	drop	inc	3	3088.83	4504	0.000235073	0	0	0	12762
U-wire-ListTaskSummaryResponse-tasks-as-wt5	corpus	drop	ref	3	3317.4	3688	0.000171703	0	0	0	11648
U-wire-ListTaskSummaryResponse-tasks-as-wt5	corpus	drop	skip	3	1630.9	1384	8.29703E-05	0	0	0	24105
U-wire-ListTaskSummaryResponse-tasks-as-wt5	corpus	drop	parse	4	468.579	0	0	0	0	0	82504
U-wire-ListTaskSummaryResponse-tasks-as-wt5	corpus	drop	parsev	4	851.616	0	0	0	0	0	46849
U-wire-ListTaskSummaryResponse-tasks-as-wt5	corpus	drop	pull	4	2664.98	3688	0.000268637	0	0	0	14890
U-wire-ListTaskSummaryResponse-tasks-as-wt5	corpus	drop	pparse	4	458.77	0	0	0	0	0	86879
U-wire-ListTaskSummaryResponse-tasks-as-wt5	corpus	drop	touch	4	43.1362	0	0	0	0	0	890314
U-wire-ListTaskSummaryResponse-tasks-as-wt5	corpus	drop	strs	4	952.204	1808	8.54944E-05	0	0	0	35090
U-wire-ListTaskSummaryResponse-tasks-as-wt5	corpus	drop	host	4	2334	3688	0.000240688	0	0	0	16619
U-wire-ListTaskSummaryResponse-tasks-as-wt5	corpus	drop	inc	4	3118.1	4504	0.000235073	0	0	0	12762
U-wire-ListTaskSummaryResponse-tasks-as-wt5	corpus	drop	ref	4	3348.32	3688	0.000257555	0	0	0	11648
U-wire-ListTaskSummaryResponse-tasks-as-wt5	corpus	drop	skip	4	1640.66	1384	4.14852E-05	0	0	0	24105
U-wire-ListTaskSummaryResponse-tasks-as-wt5	corpus	drop	noop	4	502.162	0	0	0	0	0	76101
U-wire-ListTaskSummaryResponse-tasks-as-wt5	corpus	drop	parsev	5	852.52	0	0	0	0	0	46849
U-wire-ListTaskSummaryResponse-tasks-as-wt5	corpus	drop	pull	5	2665.55	3688	0.000268637	0	0	0	14890
U-wire-ListTaskSummaryResponse-tasks-as-wt5	corpus	drop	pparse	5	459.605	0	0	0	0	0	86879
U-wire-ListTaskSummaryResponse-tasks-as-wt5	corpus	drop	touch	5	43.3431	0	0	0	0	0	890314
U-wire-ListTaskSummaryResponse-tasks-as-wt5	corpus	drop	strs	5	945.333	1808	8.54944E-05	0	0	0	35090
U-wire-ListTaskSummaryResponse-tasks-as-wt5	corpus	drop	host	5	2296.84	3688	0.000240688	0	0	0	16619
U-wire-ListTaskSummaryResponse-tasks-as-wt5	corpus	drop	inc	5	3092.33	4504	0.000235073	0	0	0	12762
U-wire-ListTaskSummaryResponse-tasks-as-wt5	corpus	drop	ref	5	3370.33	3688	0.000257555	0	0	0	11648
U-wire-ListTaskSummaryResponse-tasks-as-wt5	corpus	drop	skip	5	1629.85	1384	8.29703E-05	0	0	0	24105
U-wire-ListTaskSummaryResponse-tasks-as-wt5	corpus	drop	noop	5	501.855	0	0	0	0	0	76101
U-wire-ListTaskSummaryResponse-tasks-as-wt5	corpus	drop	parse	5	470.012	0	0	0	0	0	82504
U-wire-ListTaskSummaryResponse-tasks-as-wt5	corpus	drop	pull	6	2651.61	3688	0.000201478	0	0	0	14890
U-wire-ListTaskSummaryResponse-tasks-as-wt5	corpus	drop	pparse	6	458.956	0	0	0	0	0	86879
U-wire-ListTaskSummaryResponse-tasks-as-wt5	corpus	drop	touch	6	43.1604	0	0	0	0	0	890314
U-wire-ListTaskSummaryResponse-tasks-as-wt5	corpus	drop	strs	6	957.275	1808	0.000113993	0	0	0	35090
U-wire-ListTaskSummaryResponse-tasks-as-wt5	corpus	drop	host	6	2330.43	3688	0.000180516	0	0	0	16619
U-wire-ListTaskSummaryResponse-tasks-as-wt5	corpus	drop	inc	6	3104.68	4504	0.000235073	0	0	0	12762
U-wire-ListTaskSummaryResponse-tasks-as-wt5	corpus	drop	ref	6	3371.19	3688	0.000257555	0	0	0	11648
U-wire-ListTaskSummaryResponse-tasks-as-wt5	corpus	drop	skip	6	1656.35	1384	8.29703E-05	0	0	0	24105
U-wire-ListTaskSummaryResponse-tasks-as-wt5	corpus	drop	noop	6	501.93	0	0	0	0	0	76101
U-wire-ListTaskSummaryResponse-tasks-as-wt5	corpus	drop	parse	6	471.782	0	0	0	0	0	82504
U-wire-ListTaskSummaryResponse-tasks-as-wt5	corpus	drop	parsev	6	851.3	0	0	0	0	0	46849
U-wire-UploadResultDataMessage-upload-as-wt5	corpus	retain	ref	1	393.016	344	1.93381E-05	0	0	0	103423
U-wire-UploadResultDataMessage-upload-as-wt5	corpus	retain	skip	1	301.015	152	7.84092E-06	0	0	0	127536
U-wire-UploadResultDataMessage-upload-as-wt5	corpus	retain	noop	1	91.8288	0	0	0	0	0	449057
U-wire-UploadResultDataMessage-upload-as-wt5	corpus	retain	parse	1	88.8127	0	0	0	0	0	468197
U-wire-UploadResultDataMessage-upload-as-wt5	corpus	retain	parsev	1	110.436	0	0	0	0	0	372094
U-wire-UploadResultDataMessage-upload-as-wt5	corpus	retain	pparse	1	85.8964	0	0	0	0	0	469989
U-wire-UploadResultDataMessage-upload-as-wt5	corpus	retain	touch	1	4.83539	0	0	0	0	0	6615558
U-wire-UploadResultDataMessage-upload-as-wt5	corpus	retain	strs	1	70.5167	192	1.11752E-05	0	0	0	447419
U-wire-UploadResultDataMessage-upload-as-wt5	corpus	retain	host	1	164.113	344	1.78294E-05	0	0	0	224349
U-wire-UploadResultDataMessage-upload-as-wt5	corpus	retain	inc	1	350.768	728	5.20053E-05	0	0	0	96144
U-wire-UploadResultDataMessage-upload-as-wt5	corpus	retain	skip	2	306.137	152	7.84092E-06	0	0	0	127536
U-wire-UploadResultDataMessage-upload-as-wt5	corpus	retain	noop	2	90.1937	0	0	0	0	0	449057
U-wire-UploadResultDataMessage-upload-as-wt5	corpus	retain	parse	2	86.9579	0	0	0	0	0	468197
U-wire-UploadResultDataMessage-upload-as-wt5	corpus	retain	parsev	2	112.378	0	0	0	0	0	372094
U-wire-UploadResultDataMessage-upload-as-wt5	corpus	retain	pparse	2	85.5976	0	0	0	0	0	469989
U-wire-UploadResultDataMessage-upload-as-wt5	corpus	retain	touch	2	5.04021	0	0	0	0	0	6615558
U-wire-UploadResultDataMessage-upload-as-wt5	corpus	retain	strs	2	71.2939	192	1.11752E-05	0	0	0	447419
U-wire-UploadResultDataMessage-upload-as-wt5	corpus	retain	host	2	166.163	344	1.78294E-05	0	0	0	224349
U-wire-UploadResultDataMessage-upload-as-wt5	corpus	retain	inc	2	361.915	728	4.16043E-05	0	0	0	96144
U-wire-UploadResultDataMessage-upload-as-wt5	corpus	retain	ref	2	389.535	344	1.93381E-05	0	0	0	103423
U-wire-UploadResultDataMessage-upload-as-wt5	corpus	retain	noop	3	88.2974	0	0	0	0	0	449057
U-wire-UploadResultDataMessage-upload-as-wt5	corpus	retain	parse	3	85.6199	0	0	0	0	0	468197
U-wire-UploadResultDataMessage-upload-as-wt5	corpus	retain	parsev	3	110.137	0	0	0	0	0	372094
U-wire-UploadResultDataMessage-upload-as-wt5	corpus	retain	pparse	3	84.1119	0	0	0	0	0	469989
U-wire-UploadResultDataMessage-upload-as-wt5	corpus	retain	touch	3	4.89487	0	0	0	0	0	6615558
U-wire-UploadResultDataMessage-upload-as-wt5	corpus	retain	strs	3	71.7313	192	1.11752E-05	0	0	0	447419
U-wire-UploadResultDataMessage-upload-as-wt5	corpus	retain	host	3	176.201	344	2.22867E-05	0	0	0	224349
U-wire-UploadResultDataMessage-upload-as-wt5	corpus	retain	inc	3	348.865	728	4.16043E-05	0	0	0	96144
U-wire-UploadResultDataMessage-upload-as-wt5	corpus	retain	ref	3	381.368	344	1.93381E-05	0	0	0	103423
U-wire-UploadResultDataMessage-upload-as-wt5	corpus	retain	skip	3	294.815	152	7.84092E-06	0	0	0	127536
U-wire-UploadResultDataMessage-upload-as-wt5	corpus	retain	parse	4	87.5169	0	0	0	0	0	468197
U-wire-UploadResultDataMessage-upload-as-wt5	corpus	retain	parsev	4	111.52	0	0	0	0	0	372094
U-wire-UploadResultDataMessage-upload-as-wt5	corpus	retain	pparse	4	86.4736	0	0	0	0	0	469989
U-wire-UploadResultDataMessage-upload-as-wt5	corpus	retain	touch	4	4.79435	0	0	0	0	0	6615558
U-wire-UploadResultDataMessage-upload-as-wt5	corpus	retain	strs	4	73.4802	192	1.11752E-05	0	0	0	447419
U-wire-UploadResultDataMessage-upload-as-wt5	corpus	retain	host	4	162.998	344	1.78294E-05	0	0	0	224349
U-wire-UploadResultDataMessage-upload-as-wt5	corpus	retain	inc	4	347.719	728	4.16043E-05	1.04011E-05	0	1.04011E-05	96144
U-wire-UploadResultDataMessage-upload-as-wt5	corpus	retain	ref	4	387.973	344	1.93381E-05	0	0	0.000154704	103423
U-wire-UploadResultDataMessage-upload-as-wt5	corpus	retain	skip	4	302.893	152	1.56818E-05	0	0	0	127536
U-wire-UploadResultDataMessage-upload-as-wt5	corpus	retain	noop	4	89.0909	0	0	0	0	0	449057
U-wire-UploadResultDataMessage-upload-as-wt5	corpus	retain	parsev	5	109.355	0	0	0	0	0	372094
U-wire-UploadResultDataMessage-upload-as-wt5	corpus	retain	pparse	5	83.5898	0	0	0	0	0	469989
U-wire-UploadResultDataMessage-upload-as-wt5	corpus	retain	touch	5	4.79259	0	0	0	0	0	6615558
U-wire-UploadResultDataMessage-upload-as-wt5	corpus	retain	strs	5	72.281	192	1.11752E-05	0	0	0	447419
U-wire-UploadResultDataMessage-upload-as-wt5	corpus	retain	host	5	169.102	344	1.78294E-05	0	0	0	224349
U-wire-UploadResultDataMessage-upload-as-wt5	corpus	retain	inc	5	344.493	728	4.16043E-05	0	0	0	96144
U-wire-UploadResultDataMessage-upload-as-wt5	corpus	retain	ref	5	382.198	344	1.93381E-05	0	0	0	103423
U-wire-UploadResultDataMessage-upload-as-wt5	corpus	retain	skip	5	306.884	152	7.84092E-06	0	0	0	127536
U-wire-UploadResultDataMessage-upload-as-wt5	corpus	retain	noop	5	87.6532	0	0	0	0	0	449057
U-wire-UploadResultDataMessage-upload-as-wt5	corpus	retain	parse	5	83.547	0	0	0	0	0	468197
U-wire-UploadResultDataMessage-upload-as-wt5	corpus	retain	pparse	6	83.5527	0	0	0	0	0	469989
U-wire-UploadResultDataMessage-upload-as-wt5	corpus	retain	touch	6	4.75698	0	0	0	0	0	6615558
U-wire-UploadResultDataMessage-upload-as-wt5	corpus	retain	strs	6	72.4566	192	1.11752E-05	0	0	0	447419
U-wire-UploadResultDataMessage-upload-as-wt5	corpus	retain	host	6	164.255	344	2.22867E-05	0	0	0	224349
U-wire-UploadResultDataMessage-upload-as-wt5	corpus	retain	inc	6	339.746	728	4.16043E-05	0	0	0	96144
U-wire-UploadResultDataMessage-upload-as-wt5	corpus	retain	ref	6	390.855	344	1.93381E-05	0	0	0	103423
U-wire-UploadResultDataMessage-upload-as-wt5	corpus	retain	skip	6	301.918	152	7.84092E-06	0	0	0	127536
U-wire-UploadResultDataMessage-upload-as-wt5	corpus	retain	noop	6	87.4696	0	0	0	0	0	449057
U-wire-UploadResultDataMessage-upload-as-wt5	corpus	retain	parse	6	83.5274	0	0	0	0	0	468197
U-wire-UploadResultDataMessage-upload-as-wt5	corpus	retain	parsev	6	109.759	0	0	0	0	0	372094
U-wire-UploadResultDataMessage-upload-as-wt5	corpus	drop	ref	1	287.576	312	2.13438E-05	0	0	0	140556
U-wire-UploadResultDataMessage-upload-as-wt5	corpus	drop	skip	1	205.186	120	5.09033E-06	0	0	0	196451
U-wire-UploadResultDataMessage-upload-as-wt5	corpus	drop	noop	1	119.87	0	0	0	0	0	331804
U-wire-UploadResultDataMessage-upload-as-wt5	corpus	drop	parse	1	113.386	0	0	0	0	0	350649
U-wire-UploadResultDataMessage-upload-as-wt5	corpus	drop	parsev	1	137.586	0	0	0	0	0	285472
U-wire-UploadResultDataMessage-upload-as-wt5	corpus	drop	pull	1	262.971	312	1.94875E-05	0	0	0	153945
U-wire-UploadResultDataMessage-upload-as-wt5	corpus	drop	pparse	1	109.902	0	0	0	0	0	337376
U-wire-UploadResultDataMessage-upload-as-wt5	corpus	drop	touch	1	4.75158	0	0	0	0	0	6434663
U-wire-UploadResultDataMessage-upload-as-wt5	corpus	drop	strs	1	70.8416	192	1.0914E-05	0	0	0	458126
U-wire-UploadResultDataMessage-upload-as-wt5	corpus	drop	host	1	139.548	312	1.71629E-05	0	0	0	233061
U-wire-UploadResultDataMessage-upload-as-wt5	corpus	drop	inc	1	345.722	728	4.25992E-05	0	0	0	117373
U-wire-UploadResultDataMessage-upload-as-wt5	corpus	drop	skip	2	207.478	120	1.01807E-05	0	0	0	196451
U-wire-UploadResultDataMessage-upload-as-wt5	corpus	drop	noop	2	119.955	0	0	0	0	0	331804
U-wire-UploadResultDataMessage-upload-as-wt5	corpus	drop	parse	2	115.741	0	0	0	0	0	350649
U-wire-UploadResultDataMessage-upload-as-wt5	corpus	drop	parsev	2	139.433	0	0	0	0	0	285472
U-wire-UploadResultDataMessage-upload-as-wt5	corpus	drop	pull	2	270.291	312	1.94875E-05	0	0	0	153945
U-wire-UploadResultDataMessage-upload-as-wt5	corpus	drop	pparse	2	110.381	0	0	0	0	0	337376
U-wire-UploadResultDataMessage-upload-as-wt5	corpus	drop	touch	2	4.70012	0	0	0	0	0	6434663
U-wire-UploadResultDataMessage-upload-as-wt5	corpus	drop	strs	2	71.7512	192	1.0914E-05	0	0	0	458126
U-wire-UploadResultDataMessage-upload-as-wt5	corpus	drop	host	2	140.849	312	1.71629E-05	0	0	0	233061
U-wire-UploadResultDataMessage-upload-as-wt5	corpus	drop	inc	2	342.818	728	4.25992E-05	0	0	0	117373
U-wire-UploadResultDataMessage-upload-as-wt5	corpus	drop	ref	2	284.12	312	1.42292E-05	0	0	0	140556
U-wire-UploadResultDataMessage-upload-as-wt5	corpus	drop	noop	3	120.728	0	0	0	0	0	331804
U-wire-UploadResultDataMessage-upload-as-wt5	corpus	drop	parse	3	113.114	0	0	0	0	0	350649
U-wire-UploadResultDataMessage-upload-as-wt5	corpus	drop	parsev	3	140.344	0	0	0	0	0	285472
U-wire-UploadResultDataMessage-upload-as-wt5	corpus	drop	pull	3	262.268	312	1.94875E-05	0	0	0	153945
U-wire-UploadResultDataMessage-upload-as-wt5	corpus	drop	pparse	3	110.41	0	0	0	0	0	337376
U-wire-UploadResultDataMessage-upload-as-wt5	corpus	drop	touch	3	4.82977	0	0	0	0	0	6434663
U-wire-UploadResultDataMessage-upload-as-wt5	corpus	drop	strs	3	75.6892	192	1.0914E-05	0	0	0	458126
U-wire-UploadResultDataMessage-upload-as-wt5	corpus	drop	host	3	142.567	312	1.71629E-05	0	0	0	233061
U-wire-UploadResultDataMessage-upload-as-wt5	corpus	drop	inc	3	348.46	728	4.25992E-05	0	0	0	117373
U-wire-UploadResultDataMessage-upload-as-wt5	corpus	drop	ref	3	285.44	312	2.13438E-05	0	0	0	140556
U-wire-UploadResultDataMessage-upload-as-wt5	corpus	drop	skip	3	205.208	120	5.09033E-06	0	0	0	196451
U-wire-UploadResultDataMessage-upload-as-wt5	corpus	drop	parse	4	113.778	0	0	0	0	0	350649
U-wire-UploadResultDataMessage-upload-as-wt5	corpus	drop	parsev	4	142.504	0	0	0	0	0	285472
U-wire-UploadResultDataMessage-upload-as-wt5	corpus	drop	pull	4	261.979	312	1.94875E-05	0	0	0	153945
U-wire-UploadResultDataMessage-upload-as-wt5	corpus	drop	pparse	4	110.492	0	0	0	0	0	337376
U-wire-UploadResultDataMessage-upload-as-wt5	corpus	drop	touch	4	4.79326	0	0	0	0	0	6434663
U-wire-UploadResultDataMessage-upload-as-wt5	corpus	drop	strs	4	71.0935	192	1.0914E-05	0	0	0	458126
U-wire-UploadResultDataMessage-upload-as-wt5	corpus	drop	host	4	137.857	312	1.71629E-05	0	0	0	233061
U-wire-UploadResultDataMessage-upload-as-wt5	corpus	drop	inc	4	338.004	728	4.25992E-05	0	0	0	117373
U-wire-UploadResultDataMessage-upload-as-wt5	corpus	drop	ref	4	288.809	312	2.13438E-05	0	0	0	140556
U-wire-UploadResultDataMessage-upload-as-wt5	corpus	drop	skip	4	215.769	120	5.09033E-06	0	0	0	196451
U-wire-UploadResultDataMessage-upload-as-wt5	corpus	drop	noop	4	122.456	0	0	0	0	0	331804
U-wire-UploadResultDataMessage-upload-as-wt5	corpus	drop	parsev	5	139.93	0	0	0	0	0	285472
U-wire-UploadResultDataMessage-upload-as-wt5	corpus	drop	pull	5	262.306	312	1.94875E-05	0	0	0	153945
U-wire-UploadResultDataMessage-upload-as-wt5	corpus	drop	pparse	5	109.962	0	0	0	0	0	337376
U-wire-UploadResultDataMessage-upload-as-wt5	corpus	drop	touch	5	4.71234	0	0	0	0	0	6434663
U-wire-UploadResultDataMessage-upload-as-wt5	corpus	drop	strs	5	74.9732	192	1.0914E-05	0	0	0	458126
U-wire-UploadResultDataMessage-upload-as-wt5	corpus	drop	host	5	146.328	312	1.71629E-05	0	0	0	233061
U-wire-UploadResultDataMessage-upload-as-wt5	corpus	drop	inc	5	359.167	728	4.25992E-05	0	0	0	117373
U-wire-UploadResultDataMessage-upload-as-wt5	corpus	drop	ref	5	299.823	312	2.13438E-05	0	0	0	140556
U-wire-UploadResultDataMessage-upload-as-wt5	corpus	drop	skip	5	206.467	120	5.09033E-06	0	0	0	196451
U-wire-UploadResultDataMessage-upload-as-wt5	corpus	drop	noop	5	120.008	0	0	0	0	0	331804
U-wire-UploadResultDataMessage-upload-as-wt5	corpus	drop	parse	5	114.129	0	0	0	0	0	350649
U-wire-UploadResultDataMessage-upload-as-wt5	corpus	drop	pull	6	258.615	312	1.94875E-05	0	0	0	153945
U-wire-UploadResultDataMessage-upload-as-wt5	corpus	drop	pparse	6	110.549	0	0	0	0	0	337376
U-wire-UploadResultDataMessage-upload-as-wt5	corpus	drop	touch	6	4.84573	0	0	0	0	0	6434663
U-wire-UploadResultDataMessage-upload-as-wt5	corpus	drop	strs	6	71.1338	192	1.0914E-05	0	0	0	458126
U-wire-UploadResultDataMessage-upload-as-wt5	corpus	drop	host	6	151.318	312	1.71629E-05	0	0	0	233061
U-wire-UploadResultDataMessage-upload-as-wt5	corpus	drop	inc	6	352.446	728	4.25992E-05	0	0	0	117373
U-wire-UploadResultDataMessage-upload-as-wt5	corpus	drop	ref	6	290.488	312	2.13438E-05	0	0	0	140556
U-wire-UploadResultDataMessage-upload-as-wt5	corpus	drop	skip	6	209.738	120	5.09033E-06	0	0	0	196451
U-wire-UploadResultDataMessage-upload-as-wt5	corpus	drop	noop	6	120.51	0	0	0	0	0	331804
U-wire-UploadResultDataMessage-upload-as-wt5	corpus	drop	parse	6	116.4	0	0	0	0	0	350649
U-wire-UploadResultDataMessage-upload-as-wt5	corpus	drop	parsev	6	138.657	0	0	0	0	0	285472
U-wire-ListMetricsResponse-batches-as-wt0	corpus	retain	ref	1	3596.18	4776	0.00026688	0	0	0	11241
U-wire-ListMetricsResponse-batches-as-wt0	corpus	retain	skip	1	3507.19	4584	0.000260371	0	0	0	11522
U-wire-ListMetricsResponse-batches-as-wt0	corpus	retain	noop	1	901.196	0	0	0	0	0	44606
U-wire-ListMetricsResponse-batches-as-wt0	corpus	retain	parse	1	788.838	0	0	0	0	0	50816
U-wire-ListMetricsResponse-batches-as-wt0	corpus	retain	parsev	1	802.998	0	0	0	0	0	49630
U-wire-ListMetricsResponse-batches-as-wt0	corpus	retain	pparse	1	879.411	0	0	0	0	0	45707
U-wire-ListMetricsResponse-batches-as-wt0	corpus	retain	touch	1	251.15	0	0	0	0	0	159827
U-wire-ListMetricsResponse-batches-as-wt0	corpus	retain	strs	1	69.7674	192	1.23498E-05	0	0	0	566811
U-wire-ListMetricsResponse-batches-as-wt0	corpus	retain	host	1	3219.09	4776	0.000236873	0	0	0	12665
U-wire-ListMetricsResponse-batches-as-wt0	corpus	retain	inc	1	3566.42	4072	0.000267189	0	0	0	11228
U-wire-ListMetricsResponse-batches-as-wt0	corpus	retain	skip	2	3510.31	4584	0.000260371	0	0	0	11522
U-wire-ListMetricsResponse-batches-as-wt0	corpus	retain	noop	2	899.489	0	0	0	0	0	44606
U-wire-ListMetricsResponse-batches-as-wt0	corpus	retain	parse	2	784.565	0	0	0	0	0	50816
U-wire-ListMetricsResponse-batches-as-wt0	corpus	retain	parsev	2	808.225	0	0	0	0	0	49630
U-wire-ListMetricsResponse-batches-as-wt0	corpus	retain	pparse	2	883.367	0	0	0	0	0	45707
U-wire-ListMetricsResponse-batches-as-wt0	corpus	retain	touch	2	250.131	0	0	0	0	0	159827
U-wire-ListMetricsResponse-batches-as-wt0	corpus	retain	strs	2	70.5365	192	1.05855E-05	0	0	0	566811
U-wire-ListMetricsResponse-batches-as-wt0	corpus	retain	host	2	3189.84	4776	0.000315831	0	0	0	12665
U-wire-ListMetricsResponse-batches-as-wt0	corpus	retain	inc	2	3528.78	4072	0.000178126	0	0	0	11228
U-wire-ListMetricsResponse-batches-as-wt0	corpus	retain	ref	2	3592.6	4776	0.00026688	0	0	0	11241
U-wire-ListMetricsResponse-batches-as-wt0	corpus	retain	noop	3	904.184	0	0	0	0	0	44606
U-wire-ListMetricsResponse-batches-as-wt0	corpus	retain	parse	3	788.454	0	0	0	0	0	50816
U-wire-ListMetricsResponse-batches-as-wt0	corpus	retain	parsev	3	800.291	0	0	0	0	0	49630
U-wire-ListMetricsResponse-batches-as-wt0	corpus	retain	pparse	3	879.215	0	0	0	0	0	45707
U-wire-ListMetricsResponse-batches-as-wt0	corpus	retain	touch	3	250.271	0	0	0	0	0	159827
U-wire-ListMetricsResponse-batches-as-wt0	corpus	retain	strs	3	71.9595	192	1.23498E-05	0	0	0	566811
U-wire-ListMetricsResponse-batches-as-wt0	corpus	retain	host	3	3214.7	4776	0.000236873	0	0	0	12665
U-wire-ListMetricsResponse-batches-as-wt0	corpus	retain	inc	3	3591.22	4072	0.000267189	0	0	0	11228
U-wire-ListMetricsResponse-batches-as-wt0	corpus	retain	ref	3	3584.67	4776	0.00026688	0	0	0	11241
U-wire-ListMetricsResponse-batches-as-wt0	corpus	retain	skip	3	3496.9	4584	0.000260371	0	0	0	11522
U-wire-ListMetricsResponse-batches-as-wt0	corpus	retain	parse	4	788.38	0	0	0	0	0	50816
U-wire-ListMetricsResponse-batches-as-wt0	corpus	retain	parsev	4	807.037	0	0	0	0	0	49630
U-wire-ListMetricsResponse-batches-as-wt0	corpus	retain	pparse	4	882.266	0	0	0	0	0	45707
U-wire-ListMetricsResponse-batches-as-wt0	corpus	retain	touch	4	250.803	0	0	0	0	0	159827
U-wire-ListMetricsResponse-batches-as-wt0	corpus	retain	strs	4	71.1664	192	1.05855E-05	0	0	0	566811
U-wire-ListMetricsResponse-batches-as-wt0	corpus	retain	host	4	3202.76	4776	0.000315831	0	0	0	12665
U-wire-ListMetricsResponse-batches-as-wt0	corpus	retain	inc	4	3591.52	4072	0.000178126	0	0	0	11228
U-wire-ListMetricsResponse-batches-as-wt0	corpus	retain	ref	4	3619.88	4776	0.00035584	0	0	0	11241
U-wire-ListMetricsResponse-batches-as-wt0	corpus	retain	skip	4	3502.1	4584	0.000260371	0	0	0	11522
U-wire-ListMetricsResponse-batches-as-wt0	corpus	retain	noop	4	904.994	0	0	0	0	0	44606
U-wire-ListMetricsResponse-batches-as-wt0	corpus	retain	parsev	5	806.515	0	0	0	0	0	49630
U-wire-ListMetricsResponse-batches-as-wt0	corpus	retain	pparse	5	878.529	0	0	0	0	0	45707
U-wire-ListMetricsResponse-batches-as-wt0	corpus	retain	touch	5	251.495	0	0	0	0	0	159827
U-wire-ListMetricsResponse-batches-as-wt0	corpus	retain	strs	5	72.0295	192	1.05855E-05	0	0	0	566811
U-wire-ListMetricsResponse-batches-as-wt0	corpus	retain	host	5	3185.23	4776	0.000236873	0	0	0	12665
U-wire-ListMetricsResponse-batches-as-wt0	corpus	retain	inc	5	3625.62	4072	0.000267189	0	0	0	11228
U-wire-ListMetricsResponse-batches-as-wt0	corpus	retain	ref	5	3602.83	4776	0.00026688	0	0	0	11241
U-wire-ListMetricsResponse-batches-as-wt0	corpus	retain	skip	5	3521.58	4584	0.000260371	0	0	0	11522
U-wire-ListMetricsResponse-batches-as-wt0	corpus	retain	noop	5	898.971	0	0	0	0	0	44606
U-wire-ListMetricsResponse-batches-as-wt0	corpus	retain	parse	5	798.428	0	0	0	0	0	50816
U-wire-ListMetricsResponse-batches-as-wt0	corpus	retain	pparse	6	885.523	0	0	0	0	0	45707
U-wire-ListMetricsResponse-batches-as-wt0	corpus	retain	touch	6	251.312	0	0	0	0	0	159827
U-wire-ListMetricsResponse-batches-as-wt0	corpus	retain	strs	6	70.8011	192	1.23498E-05	0	0	0	566811
U-wire-ListMetricsResponse-batches-as-wt0	corpus	retain	host	6	3151.09	4776	0.000236873	0	0	0	12665
U-wire-ListMetricsResponse-batches-as-wt0	corpus	retain	inc	6	3765.28	4072	0.000267189	0	0	0	11228
U-wire-ListMetricsResponse-batches-as-wt0	corpus	retain	ref	6	3721.13	4776	0.00026688	0	0	0	11241
U-wire-ListMetricsResponse-batches-as-wt0	corpus	retain	skip	6	3572.25	4584	0.000260371	0	0	0	11522
U-wire-ListMetricsResponse-batches-as-wt0	corpus	retain	noop	6	916.074	0	0	0	0	0	44606
U-wire-ListMetricsResponse-batches-as-wt0	corpus	retain	parse	6	820.547	0	0	0	0	0	50816
U-wire-ListMetricsResponse-batches-as-wt0	corpus	retain	parsev	6	821.832	0	0	0	0	0	49630
U-wire-ListMetricsResponse-batches-as-wt0	corpus	drop	ref	1	3623.41	4744	0.000266241	0	0	0	11268
U-wire-ListMetricsResponse-batches-as-wt0	corpus	drop	skip	1	3496.51	4552	0.000266005	0	0	0	11278
U-wire-ListMetricsResponse-batches-as-wt0	corpus	drop	noop	1	956.241	0	0	0	0	0	39817
U-wire-ListMetricsResponse-batches-as-wt0	corpus	drop	parse	1	839.024	0	0	0	0	0	48350
U-wire-ListMetricsResponse-batches-as-wt0	corpus	drop	parsev	1	842.549	0	0	0	0	0	46319
U-wire-ListMetricsResponse-batches-as-wt0	corpus	drop	pull	1	3543.99	4744	0.000262467	0	0	0	11430
U-wire-ListMetricsResponse-batches-as-wt0	corpus	drop	pparse	1	933.476	0	0	0	0	0	43214
U-wire-ListMetricsResponse-batches-as-wt0	corpus	drop	touch	1	249.687	0	0	0	0	0	155085
U-wire-ListMetricsResponse-batches-as-wt0	corpus	drop	strs	1	69.9295	192	1.08685E-05	0	0	0	552052
U-wire-ListMetricsResponse-batches-as-wt0	corpus	drop	host	1	3193.67	4744	0.000247709	0	0	0	12111
U-wire-ListMetricsResponse-batches-as-wt0	corpus	drop	inc	1	3582.06	4072	0.000302237	0.000100746	0	0	9926
U-wire-ListMetricsResponse-batches-as-wt0	corpus	drop	skip	2	3414.16	4552	0.000266005	0	0	0	11278
U-wire-ListMetricsResponse-batches-as-wt0	corpus	drop	noop	2	940.832	0	0	0	0	0	39817
U-wire-ListMetricsResponse-batches-as-wt0	corpus	drop	parse	2	823.288	0	0	0	0	0	48350
U-wire-ListMetricsResponse-batches-as-wt0	corpus	drop	parsev	2	851.043	0	0	0	0	0	46319
U-wire-ListMetricsResponse-batches-as-wt0	corpus	drop	pull	2	3433.82	4744	0.000262467	0	0	0	11430
U-wire-ListMetricsResponse-batches-as-wt0	corpus	drop	pparse	2	929.156	0	0	0	0	0	43214
U-wire-ListMetricsResponse-batches-as-wt0	corpus	drop	touch	2	249.555	0	0	0	0	0	155085
U-wire-ListMetricsResponse-batches-as-wt0	corpus	drop	strs	2	71.4061	192	1.08685E-05	0	0	0	552052
U-wire-ListMetricsResponse-batches-as-wt0	corpus	drop	host	2	3213.95	4744	0.000247709	0	0	0	12111
U-wire-ListMetricsResponse-batches-as-wt0	corpus	drop	inc	2	3582.38	4072	0.000302237	0	0	0	9926
U-wire-ListMetricsResponse-batches-as-wt0	corpus	drop	ref	2	3491.68	4744	0.000266241	0	0	0	11268
U-wire-ListMetricsResponse-batches-as-wt0	corpus	drop	noop	3	931.24	0	0	0	0	0	39817
U-wire-ListMetricsResponse-batches-as-wt0	corpus	drop	parse	3	819.713	0	0	0	0	0	48350
U-wire-ListMetricsResponse-batches-as-wt0	corpus	drop	parsev	3	838.588	0	0	0	0	0	46319
U-wire-ListMetricsResponse-batches-as-wt0	corpus	drop	pull	3	3422.6	4744	0.000262467	0	0	0	11430
U-wire-ListMetricsResponse-batches-as-wt0	corpus	drop	pparse	3	916.6	0	0	0	0	0	43214
U-wire-ListMetricsResponse-batches-as-wt0	corpus	drop	touch	3	249.863	0	0	0	0	0	155085
U-wire-ListMetricsResponse-batches-as-wt0	corpus	drop	strs	3	70.0942	192	1.08685E-05	0	0	0	552052
U-wire-ListMetricsResponse-batches-as-wt0	corpus	drop	host	3	3187.97	4744	0.000247709	0	0	0	12111
U-wire-ListMetricsResponse-batches-as-wt0	corpus	drop	inc	3	3589.24	4072	0.000302237	0	0	0	9926
U-wire-ListMetricsResponse-batches-as-wt0	corpus	drop	ref	3	3491.48	4744	0.000266241	0	0	0	11268
U-wire-ListMetricsResponse-batches-as-wt0	corpus	drop	skip	3	3459.11	4552	0.000266005	0	0	0	11278
U-wire-ListMetricsResponse-batches-as-wt0	corpus	drop	parse	4	820.552	0	0	0	0	0	48350
U-wire-ListMetricsResponse-batches-as-wt0	corpus	drop	parsev	4	839.409	0	0	0	0	0	46319
U-wire-ListMetricsResponse-batches-as-wt0	corpus	drop	pull	4	3442.3	4744	0.000262467	0	0	0	11430
U-wire-ListMetricsResponse-batches-as-wt0	corpus	drop	pparse	4	915.282	0	0	0	0	0	43214
U-wire-ListMetricsResponse-batches-as-wt0	corpus	drop	touch	4	249.548	0	0	0	0	0	155085
U-wire-ListMetricsResponse-batches-as-wt0	corpus	drop	strs	4	70.5313	192	1.08685E-05	0	0	0	552052
U-wire-ListMetricsResponse-batches-as-wt0	corpus	drop	host	4	3198.2	4744	0.000247709	0	0	0	12111
U-wire-ListMetricsResponse-batches-as-wt0	corpus	drop	inc	4	3616.86	4072	0.000302237	0	0	0	9926
U-wire-ListMetricsResponse-batches-as-wt0	corpus	drop	ref	4	3515.13	4744	0.000266241	0	0	0	11268
U-wire-ListMetricsResponse-batches-as-wt0	corpus	drop	skip	4	3429.25	4552	0.000266005	0	0	0	11278
U-wire-ListMetricsResponse-batches-as-wt0	corpus	drop	noop	4	926.577	0	0	0	0	0	39817
U-wire-ListMetricsResponse-batches-as-wt0	corpus	drop	parsev	5	852.54	0	0	0	0	0	46319
U-wire-ListMetricsResponse-batches-as-wt0	corpus	drop	pull	5	3465.51	4744	0.000262467	0	0	0	11430
U-wire-ListMetricsResponse-batches-as-wt0	corpus	drop	pparse	5	923.475	0	0	0	0	0	43214
U-wire-ListMetricsResponse-batches-as-wt0	corpus	drop	touch	5	250.433	0	0	0	0	0	155085
U-wire-ListMetricsResponse-batches-as-wt0	corpus	drop	strs	5	72.0243	192	1.08685E-05	0	0	0	552052
U-wire-ListMetricsResponse-batches-as-wt0	corpus	drop	host	5	3258.56	4744	0.000247709	0	0	0	12111
U-wire-ListMetricsResponse-batches-as-wt0	corpus	drop	inc	5	3655.66	4072	0.000302237	0	0	0	9926
U-wire-ListMetricsResponse-batches-as-wt0	corpus	drop	ref	5	3561.23	4744	0.000266241	0	0	0	11268
U-wire-ListMetricsResponse-batches-as-wt0	corpus	drop	skip	5	3448.29	4552	0.000266005	0	0	0	11278
U-wire-ListMetricsResponse-batches-as-wt0	corpus	drop	noop	5	942.465	0	0	0	0	0	39817
U-wire-ListMetricsResponse-batches-as-wt0	corpus	drop	parse	5	825.956	0	0	0	0	0	48350
U-wire-ListMetricsResponse-batches-as-wt0	corpus	drop	pull	6	3453.65	4744	0.000262467	0	0	0	11430
U-wire-ListMetricsResponse-batches-as-wt0	corpus	drop	pparse	6	919.782	0	0	0	0	0	43214
U-wire-ListMetricsResponse-batches-as-wt0	corpus	drop	touch	6	252.622	0	0	0	0	0	155085
U-wire-ListMetricsResponse-batches-as-wt0	corpus	drop	strs	6	71.4856	192	1.08685E-05	0	0	0	552052
U-wire-ListMetricsResponse-batches-as-wt0	corpus	drop	host	6	3283.93	4744	0.000330278	0	0	0	12111
U-wire-ListMetricsResponse-batches-as-wt0	corpus	drop	inc	6	3639.89	4072	0.000201491	0	0	0	9926
U-wire-ListMetricsResponse-batches-as-wt0	corpus	drop	ref	6	3571.38	4744	0.000266241	0	0	0	11268
U-wire-ListMetricsResponse-batches-as-wt0	corpus	drop	skip	6	3442.82	4552	0.000266005	0	0	0	11278
U-wire-ListMetricsResponse-batches-as-wt0	corpus	drop	noop	6	936.504	0	0	0	0	0	39817
U-wire-ListMetricsResponse-batches-as-wt0	corpus	drop	parse	6	829.609	0	0	0	0	0	48350
U-wire-ListMetricsResponse-batches-as-wt0	corpus	drop	parsev	6	859.313	0	0	0	0	0	46319
U-wire-DualResponse-left-as-wt5	corpus	retain	ref	1	600.669	568	2.94942E-05	0	0	0	67810
U-wire-DualResponse-left-as-wt5	corpus	retain	skip	1	474.721	408	2.31233E-05	0	0	0	86493
U-wire-DualResponse-left-as-wt5	corpus	retain	noop	1	159.564	0	0	0	0	0	258209
U-wire-DualResponse-left-as-wt5	corpus	retain	parse	1	138.574	0	0	0	0	0	292875
U-wire-DualResponse-left-as-wt5	corpus	retain	parsev	1	180.091	0	0	0	0	0	231411
U-wire-DualResponse-left-as-wt5	corpus	retain	pparse	1	132.271	0	0	0	0	0	299349
U-wire-DualResponse-left-as-wt5	corpus	retain	touch	1	11.6524	0	0	0	0	0	3102284
U-wire-DualResponse-left-as-wt5	corpus	retain	strs	1	105.216	160	8.27358E-06	0	0	0	362600
U-wire-DualResponse-left-as-wt5	corpus	retain	host	1	342.841	568	3.49269E-05	0	0	0	114525
U-wire-DualResponse-left-as-wt5	corpus	retain	inc	1	658.522	984	6.83679E-05	0	0	0	58507
U-wire-DualResponse-left-as-wt5	corpus	retain	skip	2	478.477	408	2.31233E-05	0	0	0	86493
U-wire-DualResponse-left-as-wt5	corpus	retain	noop	2	156.017	0	0	0	0	0	258209
U-wire-DualResponse-left-as-wt5	corpus	retain	parse	2	141.077	0	0	0	0	0	292875
U-wire-DualResponse-left-as-wt5	corpus	retain	parsev	2	205.155	0	0	0	0	0	231411
U-wire-DualResponse-left-as-wt5	corpus	retain	pparse	2	141.149	0	0	0	0	0	299349
U-wire-DualResponse-left-as-wt5	corpus	retain	touch	2	12.8595	0	0	0	0	0	3102284
U-wire-DualResponse-left-as-wt5	corpus	retain	strs	2	124.858	160	8.27358E-06	0	0	0	362600
U-wire-DualResponse-left-as-wt5	corpus	retain	host	2	381.89	568	3.49269E-05	0	0	0	114525
U-wire-DualResponse-left-as-wt5	corpus	retain	inc	2	687.944	984	5.12759E-05	0	0	0	58507
U-wire-DualResponse-left-as-wt5	corpus	retain	ref	2	685.213	568	2.94942E-05	0	0	0	67810
U-wire-DualResponse-left-as-wt5	corpus	retain	noop	3	180.037	0	0	0	0	0	258209
U-wire-DualResponse-left-as-wt5	corpus	retain	parse	3	157.964	0	0	0	0	0	292875
U-wire-DualResponse-left-as-wt5	corpus	retain	parsev	3	190.613	0	0	0	0	0	231411
U-wire-DualResponse-left-as-wt5	corpus	retain	pparse	3	174.111	0	0	0	0	0	299349
U-wire-DualResponse-left-as-wt5	corpus	retain	touch	3	12.8588	0	0	0	0	0	3102284
U-wire-DualResponse-left-as-wt5	corpus	retain	strs	3	117.736	160	1.10314E-05	0	0	0	362600
U-wire-DualResponse-left-as-wt5	corpus	retain	host	3	373.636	568	2.61952E-05	0	0	0	114525
U-wire-DualResponse-left-as-wt5	corpus	retain	inc	3	797.065	984	6.83679E-05	0	0	0	58507
U-wire-DualResponse-left-as-wt5	corpus	retain	ref	3	587.229	568	2.94942E-05	0	0	0	67810
U-wire-DualResponse-left-as-wt5	corpus	retain	skip	3	482.908	408	2.31233E-05	0	0	0	86493
U-wire-DualResponse-left-as-wt5	corpus	retain	parse	4	141.32	0	0	0	0	0	292875
U-wire-DualResponse-left-as-wt5	corpus	retain	parsev	4	180.332	0	0	0	0	0	231411
U-wire-DualResponse-left-as-wt5	corpus	retain	pparse	4	130.761	0	0	0	0	0	299349
U-wire-DualResponse-left-as-wt5	corpus	retain	touch	4	11.4678	0	0	0	0	0	3102284
U-wire-DualResponse-left-as-wt5	corpus	retain	strs	4	110.229	160	8.27358E-06	0	0	0	362600
U-wire-DualResponse-left-as-wt5	corpus	retain	host	4	365.633	568	3.49269E-05	0	0	0	114525
U-wire-DualResponse-left-as-wt5	corpus	retain	inc	4	709.885	984	5.12759E-05	0	0	0	58507
U-wire-DualResponse-left-as-wt5	corpus	retain	ref	4	678.631	568	4.42413E-05	0	0	0	67810
U-wire-DualResponse-left-as-wt5	corpus	retain	skip	4	504.249	408	2.31233E-05	0	0	0	86493
U-wire-DualResponse-left-as-wt5	corpus	retain	noop	4	156.394	0	0	0	0	0	258209
U-wire-DualResponse-left-as-wt5	corpus	retain	parsev	5	176.462	0	0	0	0	0	231411
U-wire-DualResponse-left-as-wt5	corpus	retain	pparse	5	132.009	0	0	0	0	0	299349
U-wire-DualResponse-left-as-wt5	corpus	retain	touch	5	11.4407	0	0	0	0	0	3102284
U-wire-DualResponse-left-as-wt5	corpus	retain	strs	5	111.513	160	8.27358E-06	0	0	0	362600
U-wire-DualResponse-left-as-wt5	corpus	retain	host	5	352.328	568	3.49269E-05	0	0	0	114525
U-wire-DualResponse-left-as-wt5	corpus	retain	inc	5	645.221	984	5.12759E-05	0	0	0	58507
U-wire-DualResponse-left-as-wt5	corpus	retain	ref	5	588.701	568	2.94942E-05	0	0	0	67810
U-wire-DualResponse-left-as-wt5	corpus	retain	skip	5	468.421	408	3.46849E-05	0	0	0	86493
U-wire-DualResponse-left-as-wt5	corpus	retain	noop	5	153.85	0	0	0	0	0	258209
U-wire-DualResponse-left-as-wt5	corpus	retain	parse	5	137.303	0	0	0	0	0	292875
U-wire-DualResponse-left-as-wt5	corpus	retain	pparse	6	128.043	0	0	0	0	0	299349
U-wire-DualResponse-left-as-wt5	corpus	retain	touch	6	11.2871	0	0	0	0	0	3102284
U-wire-DualResponse-left-as-wt5	corpus	retain	strs	6	107.221	160	8.27358E-06	0	0	0	362600
U-wire-DualResponse-left-as-wt5	corpus	retain	host	6	339.626	568	3.49269E-05	0	0	0	114525
U-wire-DualResponse-left-as-wt5	corpus	retain	inc	6	633.402	984	5.12759E-05	0	0	0	58507
U-wire-DualResponse-left-as-wt5	corpus	retain	ref	6	589.585	568	2.94942E-05	0	0	0	67810
U-wire-DualResponse-left-as-wt5	corpus	retain	skip	6	464.232	408	2.31233E-05	0	0	0	86493
U-wire-DualResponse-left-as-wt5	corpus	retain	noop	6	153.75	0	0	0	0	0	258209
U-wire-DualResponse-left-as-wt5	corpus	retain	parse	6	136.556	0	0	0	0	0	292875
U-wire-DualResponse-left-as-wt5	corpus	retain	parsev	6	173.862	0	0	0	0	0	231411
U-wire-DualResponse-left-as-wt5	corpus	drop	ref	1	514.928	536	2.59259E-05	0	0	0	77143
U-wire-DualResponse-left-as-wt5	corpus	drop	skip	1	397.813	376	1.9756E-05	0	0	0	101235
U-wire-DualResponse-left-as-wt5	corpus	drop	noop	1	184.46	0	0	0	0	0	218527
U-wire-DualResponse-left-as-wt5	corpus	drop	parse	1	162.391	0	0	0	0	0	246571
U-wire-DualResponse-left-as-wt5	corpus	drop	parsev	1	205.484	0	0	0	0	0	195049
U-wire-DualResponse-left-as-wt5	corpus	drop	pull	1	464.544	536	3.50787E-05	0	0	0	85522
U-wire-DualResponse-left-as-wt5	corpus	drop	pparse	1	159.086	0	0	0	0	0	255228
U-wire-DualResponse-left-as-wt5	corpus	drop	touch	1	11.5949	0	0	0	0	0	3185956
U-wire-DualResponse-left-as-wt5	corpus	drop	strs	1	112.022	160	1.00869E-05	0	0	0	396554
U-wire-DualResponse-left-as-wt5	corpus	drop	host	1	320.418	536	3.04058E-05	0	0	0	131554
U-wire-DualResponse-left-as-wt5	corpus	drop	inc	1	645.952	984	4.68465E-05	0	0	0	64039
U-wire-DualResponse-left-as-wt5	corpus	drop	skip	2	406.697	376	2.9634E-05	0	0	0	101235
U-wire-DualResponse-left-as-wt5	corpus	drop	noop	2	191.346	0	0	0	0	0	218527
U-wire-DualResponse-left-as-wt5	corpus	drop	parse	2	163.619	0	0	0	0	0	246571
U-wire-DualResponse-left-as-wt5	corpus	drop	parsev	2	204.665	0	0	0	0	0	195049
U-wire-DualResponse-left-as-wt5	corpus	drop	pull	2	461.475	536	2.33858E-05	0	0	0	85522
U-wire-DualResponse-left-as-wt5	corpus	drop	pparse	2	156.162	0	0	0	0	0	255228
U-wire-DualResponse-left-as-wt5	corpus	drop	touch	2	11.3476	0	0	0	0	0	3185956
U-wire-DualResponse-left-as-wt5	corpus	drop	strs	2	104.46	160	1.00869E-05	0	0	0	396554
U-wire-DualResponse-left-as-wt5	corpus	drop	host	2	299.393	536	3.04058E-05	0	0	0	131554
U-wire-DualResponse-left-as-wt5	corpus	drop	inc	2	635.182	984	6.24619E-05	0	0	0	64039
U-wire-DualResponse-left-as-wt5	corpus	drop	ref	2	512.502	536	2.59259E-05	0	0	0	77143
U-wire-DualResponse-left-as-wt5	corpus	drop	noop	3	184.868	0	0	0	0	0	218527
U-wire-DualResponse-left-as-wt5	corpus	drop	parse	3	163.283	0	0	0	0	0	246571
U-wire-DualResponse-left-as-wt5	corpus	drop	parsev	3	203.954	0	0	0	0	0	195049
U-wire-DualResponse-left-as-wt5	corpus	drop	pull	3	462.736	536	3.50787E-05	0	0	0	85522
U-wire-DualResponse-left-as-wt5	corpus	drop	pparse	3	156.256	0	0	0	0	0	255228
U-wire-DualResponse-left-as-wt5	corpus	drop	touch	3	11.3446	0	0	0	0	0	3185956
U-wire-DualResponse-left-as-wt5	corpus	drop	strs	3	107.23	160	7.56517E-06	0	0	0	396554
U-wire-DualResponse-left-as-wt5	corpus	drop	host	3	302.734	536	3.80072E-05	0	0	0	131554
U-wire-DualResponse-left-as-wt5	corpus	drop	inc	3	620.928	984	4.68465E-05	0	0	0	64039
U-wire-DualResponse-left-as-wt5	corpus	drop	ref	3	514.664	536	3.88888E-05	0	0	0	77143
U-wire-DualResponse-left-as-wt5	corpus	drop	skip	3	393.472	376	1.9756E-05	0	0	0	101235
U-wire-DualResponse-left-as-wt5	corpus	drop	parse	4	162.356	0	0	0	0	0	246571
U-wire-DualResponse-left-as-wt5	corpus	drop	parsev	4	203.797	0	0	0	0	0	195049
U-wire-DualResponse-left-as-wt5	corpus	drop	pull	4	458.415	536	2.33858E-05	0	0	0	85522
U-wire-DualResponse-left-as-wt5	corpus	drop	pparse	4	157.692	0	0	0	0	0	255228
U-wire-DualResponse-left-as-wt5	corpus	drop	touch	4	11.4284	0	0	0	0	0	3185956
U-wire-DualResponse-left-as-wt5	corpus	drop	strs	4	102.695	160	1.00869E-05	0	0	0	396554
U-wire-DualResponse-left-as-wt5	corpus	drop	host	4	298.28	536	3.04058E-05	0	0	0	131554
U-wire-DualResponse-left-as-wt5	corpus	drop	inc	4	639.452	984	6.24619E-05	0	0	0	64039
U-wire-DualResponse-left-as-wt5	corpus	drop	ref	4	522.945	536	2.59259E-05	0	0	0	77143
U-wire-DualResponse-left-as-wt5	corpus	drop	skip	4	402.43	376	1.9756E-05	0	0	0	101235
U-wire-DualResponse-left-as-wt5	corpus	drop	noop	4	185.419	0	0	0	0	0	218527
U-wire-DualResponse-left-as-wt5	corpus	drop	parsev	5	206.916	0	0	0	0	0	195049
U-wire-DualResponse-left-as-wt5	corpus	drop	pull	5	475.469	536	3.50787E-05	0	0	0	85522
U-wire-DualResponse-left-as-wt5	corpus	drop	pparse	5	156.113	0	0	0	0	0	255228
U-wire-DualResponse-left-as-wt5	corpus	drop	touch	5	11.5153	0	0	0	0	0	3185956
U-wire-DualResponse-left-as-wt5	corpus	drop	strs	5	104.014	160	1.00869E-05	0	0	0	396554
U-wire-DualResponse-left-as-wt5	corpus	drop	host	5	306.108	536	3.04058E-05	0	0	0	131554
U-wire-DualResponse-left-as-wt5	corpus	drop	inc	5	642.048	984	6.24619E-05	0	0	0	64039
U-wire-DualResponse-left-as-wt5	corpus	drop	ref	5	524.216	536	2.59259E-05	0	0	0	77143
U-wire-DualResponse-left-as-wt5	corpus	drop	skip	5	401.527	376	1.9756E-05	0	0	0	101235
U-wire-DualResponse-left-as-wt5	corpus	drop	noop	5	185.719	0	0	0	0	0	218527
U-wire-DualResponse-left-as-wt5	corpus	drop	parse	5	162.763	0	0	0	0	0	246571
U-wire-DualResponse-left-as-wt5	corpus	drop	pull	6	462.743	536	3.50787E-05	0	0	0	85522
U-wire-DualResponse-left-as-wt5	corpus	drop	pparse	6	155.97	0	0	0	0	0	255228
U-wire-DualResponse-left-as-wt5	corpus	drop	touch	6	11.4137	0	0	0	0	0	3185956
U-wire-DualResponse-left-as-wt5	corpus	drop	strs	6	103.217	160	7.56517E-06	0	0	0	396554
U-wire-DualResponse-left-as-wt5	corpus	drop	host	6	306.053	536	3.80072E-05	0	0	0	131554
U-wire-DualResponse-left-as-wt5	corpus	drop	inc	6	635.341	984	4.68465E-05	0	0	0	64039
U-wire-DualResponse-left-as-wt5	corpus	drop	ref	6	521.284	536	3.88888E-05	0	0	0	77143
U-wire-DualResponse-left-as-wt5	corpus	drop	skip	6	401.128	376	1.9756E-05	0	0	0	101235
U-wire-DualResponse-left-as-wt5	corpus	drop	noop	6	183.539	0	0	0	0	0	218527
U-wire-DualResponse-left-as-wt5	corpus	drop	parse	6	162.774	0	0	0	0	0	246571
U-wire-DualResponse-left-as-wt5	corpus	drop	parsev	6	202.811	0	0	0	0	0	195049
