row	content	mode	arm	round	cpu_ns_per_op	alloc_bytes_per_op	gen0_per_op	gen1_per_op	gen2_per_op	minflt_per_op	ops
P1.2	ascii	retain	ref	1	396031	665985	0.0416667	0	0	0	96
P1.2	ascii	retain	skip	1	217576	240640	0.0143541	0	0	0	209
P1.2	ascii	retain	noop	1	87238.2	0	0	0	0	0	462
P1.2	ascii	retain	parse	1	83785.9	0	0	0	0	0	506
P1.2	ascii	retain	parsev	1	146507	0	0	0	0	0.0207612	289
P1.2	ascii	retain	pparse	1	85027	0	0	0	0	0.00406504	246
P1.2	ascii	retain	touch	1	7068.85	0	0	0	0	0	5566
P1.2	ascii	retain	strs	1	171072	425344	0.0218579	0	0	0	183
P1.2	ascii	retain	host	1	400662	665984	0.0483871	0	0	0	62
P1.2	ascii	retain	inc	1	487201	697928	0.028169	0	0	0	71
P1.2	ascii	retain	skip	2	180161	240640	0.0143541	0	0	0	209
P1.2	ascii	retain	noop	2	84760.2	0	0	0	0	0.0649351	462
P1.2	ascii	retain	parse	2	100556	0	0	0	0	0.055336	506
P1.2	ascii	retain	parsev	2	136106	0	0	0	0	0.00346021	289
P1.2	ascii	retain	pparse	2	76244.4	0	0	0	0	0	246
P1.2	ascii	retain	touch	2	9226.98	0	0	0	0	0.0014373	5566
P1.2	ascii	retain	strs	2	186964	425344	0.0273224	0	0	0.00546448	183
P1.2	ascii	retain	host	2	516018	665984	0.0322581	0	0	0.0483871	62
P1.2	ascii	retain	inc	2	499470	697928	0.0422535	0	0	0	71
P1.2	ascii	retain	ref	2	396816	665984	0.0416667	0	0	0.03125	96
P1.2	ascii	retain	noop	3	77278.8	0	0	0	0	0	462
P1.2	ascii	retain	parse	3	76891.3	0	0	0	0	0	506
P1.2	ascii	retain	parsev	3	130823	0	0	0	0	0	289
P1.2	ascii	retain	pparse	3	75758.2	0	0	0	0	0	246
P1.2	ascii	retain	touch	3	6925.4	0	0	0	0	0	5566
P1.2	ascii	retain	strs	3	174034	425344	0.0218579	0	0	0	183
P1.2	ascii	retain	host	3	429830	665984	0.0483871	0	0	0	62
P1.2	ascii	retain	inc	3	494414	697928	0.0422535	0	0	0	71
P1.2	ascii	retain	ref	3	386634	665984	0.03125	0	0	0	96
P1.2	ascii	retain	skip	3	193241	240640	0.0143541	0	0	0	209
P1.2	ascii	retain	parse	4	87126.2	0	0	0	0	0.00592885	506
P1.2	ascii	retain	parsev	4	131741	0	0	0	0	0	289
P1.2	ascii	retain	pparse	4	76007	0	0	0	0	0	246
P1.2	ascii	retain	touch	4	7016.96	0	0	0	0	0	5566
P1.2	ascii	retain	strs	4	209510	425344	0.0273224	0	0	0.0765027	183
P1.2	ascii	retain	host	4	399785	665984	0.0322581	0	0	0	62
P1.2	ascii	retain	inc	4	483743	697928	0.0422535	0	0	0	71
P1.2	ascii	retain	ref	4	386109	665984	0.0416667	0	0	0	96
P1.2	ascii	retain	skip	4	183528	240640	0.0143541	0	0	0	209
P1.2	ascii	retain	noop	4	78498.3	0	0	0	0	0	462
P1.2	ascii	retain	parsev	5	131821	0	0	0	0	0	289
P1.2	ascii	retain	pparse	5	76004.8	0	0	0	0	0	246
P1.2	ascii	retain	touch	5	7057.38	0	0	0	0	0	5566
P1.2	ascii	retain	strs	5	172111	425344	0.0218579	0	0	0	183
P1.2	ascii	retain	host	5	436360	665984	0.0483871	0	0	0	62
P1.2	ascii	retain	inc	5	475939	697928	0.028169	0	0	0	71
P1.2	ascii	retain	ref	5	414192	665984	0.0416667	0	0	0	96
P1.2	ascii	retain	skip	5	198806	240640	0.0143541	0	0	0	209
P1.2	ascii	retain	noop	5	78914.5	0	0	0	0	0	462
P1.2	ascii	retain	parse	5	78839.1	0	0	0	0	0	506
P1.2	ascii	retain	pparse	6	77668.2	0	0	0	0	0	246
P1.2	ascii	retain	touch	6	7017.68	0	0	0	0	0	5566
P1.2	ascii	retain	strs	6	176651	425344	0.0273224	0	0	0	183
P1.2	ascii	retain	host	6	430196	665984	0.0322581	0	0	0	62
P1.2	ascii	retain	inc	6	506657	697928	0.0422535	0	0	0	71
P1.2	ascii	retain	ref	6	419405	665984	0.0416667	0	0	0	96
P1.2	ascii	retain	skip	6	183868	240640	0.00956938	0	0	0	209
P1.2	ascii	retain	noop	6	79069.8	0	0	0	0	0	462
P1.2	ascii	retain	parse	6	78509.7	0	0	0	0	0	506
P1.2	ascii	retain	parsev	6	132236	0	0	0	0	0	289
P1.2	ascii	drop	ref	1	405126	665984	0.0384615	0	0	0	104
P1.2	ascii	drop	skip	1	184660	240640	0.0141509	0	0	0	212
P1.2	ascii	drop	noop	1	77649.9	0	0	0	0	0	508
P1.2	ascii	drop	parse	1	87090.5	0	0	0	0	0.00587084	511
P1.2	ascii	drop	parsev	1	149953	0	0	0	0	0.013468	297
P1.2	ascii	drop	pull	1	384837	665984	0.0319149	0	0	0	94
P1.2	ascii	drop	pparse	1	77056.4	0	0	0	0	0	514
P1.2	ascii	drop	touch	1	6941.42	0	0	0	0	0	5717
P1.2	ascii	drop	strs	1	175202	425344	0.0265487	0	0	0	226
P1.2	ascii	drop	host	1	407711	665984	0.04	0	0	0	100
P1.2	ascii	drop	inc	1	486396	697928	0.038961	0	0	0	77
P1.2	ascii	drop	skip	2	182262	240640	0.0141509	0	0	0	212
P1.2	ascii	drop	noop	2	77772.5	0	0	0	0	0	508
P1.2	ascii	drop	parse	2	76634.5	0	0	0	0	0	511
P1.2	ascii	drop	parsev	2	131972	0	0	0	0	0	297
P1.2	ascii	drop	pull	2	392706	665984	0.0319149	0	0	0	94
P1.2	ascii	drop	pparse	2	76065.1	0	0	0	0	0	514
P1.2	ascii	drop	touch	2	6976.62	0	0	0	0	0	5717
P1.2	ascii	drop	strs	2	177756	425344	0.0265487	0	0	0	226
P1.2	ascii	drop	host	2	408423	665984	0.04	0	0	0	100
P1.2	ascii	drop	inc	2	488679	697928	0.038961	0	0	0	77
P1.2	ascii	drop	ref	2	383535	665984	0.0384615	0	0	0	104
P1.2	ascii	drop	noop	3	77112.4	0	0	0	0	0	508
P1.2	ascii	drop	parse	3	77321.3	0	0	0	0	0	511
P1.2	ascii	drop	parsev	3	131510	0	0	0	0	0	297
P1.2	ascii	drop	pull	3	397959	665984	0.0425532	0	0	0	94
P1.2	ascii	drop	pparse	3	79779.1	0	0	0	0	0	514
P1.2	ascii	drop	touch	3	6950.51	0	0	0	0	0	5717
P1.2	ascii	drop	strs	3	173688	425344	0.0221239	0	0	0	226
P1.2	ascii	drop	host	3	409362	665984	0.04	0	0	0	100
P1.2	ascii	drop	inc	3	480737	697928	0.038961	0	0	0	77
P1.2	ascii	drop	ref	3	390805	665984	0.0384615	0	0	0	104
P1.2	ascii	drop	skip	3	182929	240640	0.0141509	0	0	0	212
P1.2	ascii	drop	parse	4	77123.7	0	0	0	0	0	511
P1.2	ascii	drop	parsev	4	132138	0	0	0	0	0	297
P1.2	ascii	drop	pull	4	417337	665984	0.0425532	0	0	0	94
P1.2	ascii	drop	pparse	4	75782	0	0	0	0	0	514
P1.2	ascii	drop	touch	4	6949.42	0	0	0	0	0	5717
P1.2	ascii	drop	strs	4	172269	425344	0.0221239	0	0	0	226
P1.2	ascii	drop	host	4	427508	665984	0.04	0	0	0	100
P1.2	ascii	drop	inc	4	490407	697928	0.038961	0	0	0	77
P1.2	ascii	drop	ref	4	401257	665984	0.0384615	0	0	0	104
P1.2	ascii	drop	skip	4	188889	240640	0.0141509	0	0	0	212
P1.2	ascii	drop	noop	4	78417.9	0	0	0	0	0	508
P1.2	ascii	drop	parsev	5	132129	0	0	0	0	0	297
P1.2	ascii	drop	pull	5	389288	665984	0.0425532	0	0	0	94
P1.2	ascii	drop	pparse	5	76905.9	0	0	0	0	0	514
P1.2	ascii	drop	touch	5	7052.29	0	0	0	0	0	5717
P1.2	ascii	drop	strs	5	173668	425344	0.0221239	0	0	0	226
P1.2	ascii	drop	host	5	420975	665984	0.04	0	0	0	100
P1.2	ascii	drop	inc	5	485198	697928	0.038961	0	0	0	77
P1.2	ascii	drop	ref	5	395152	665984	0.0384615	0	0	0	104
P1.2	ascii	drop	skip	5	184313	240640	0.0141509	0	0	0	212
P1.2	ascii	drop	noop	5	77339.7	0	0	0	0	0	508
P1.2	ascii	drop	parse	5	77029	0	0	0	0	0	511
P1.2	ascii	drop	pull	6	398674	665984	0.0425532	0	0	0	94
P1.2	ascii	drop	pparse	6	76115.9	0	0	0	0	0	514
P1.2	ascii	drop	touch	6	7004.3	0	0	0	0	0	5717
P1.2	ascii	drop	strs	6	176813	425344	0.0265487	0	0	0	226
P1.2	ascii	drop	host	6	410778	665984	0.03	0	0	0	100
P1.2	ascii	drop	inc	6	510158	697928	0.0519481	0	0	0	77
P1.2	ascii	drop	ref	6	392613	665984	0.0384615	0	0	0	104
P1.2	ascii	drop	skip	6	184264	240640	0.0141509	0	0	0	212
P1.2	ascii	drop	noop	6	79321.3	0	0	0	0	0	508
P1.2	ascii	drop	parse	6	77369.5	0	0	0	0	0	511
P1.2	ascii	drop	parsev	6	130394	0	0	0	0	0	297
P2.2	ascii	retain	ref	1	1.98603E+06	2.18058E+06	0.166667	0.0555556	0	0	18
P2.2	ascii	retain	skip	1	897985	809784	0.0465116	0.0232558	0	0	43
P2.2	ascii	retain	noop	1	378874	0	0	0	0	0	108
P2.2	ascii	retain	parse	1	329770	0	0	0	0	0	117
P2.2	ascii	retain	parsev	1	654020	0	0	0	0	0	53
P2.2	ascii	retain	pparse	1	355115	0	0	0	0	0	110
P2.2	ascii	retain	touch	1	79119.8	0	0	0	0	0	411
P2.2	ascii	retain	strs	1	648632	1.2468E+06	0.0666667	0.0166667	0	0	60
P2.2	ascii	retain	host	1	2.03365E+06	2.18058E+06	0.130435	0.0434783	0	0.130435	23
P2.2	ascii	retain	inc	1	2.08276E+06	2.34453E+06	0.111111	0.0555556	0	0	18
P2.2	ascii	retain	skip	2	895181	809784	0.0465116	0.0232558	0	0	43
P2.2	ascii	retain	noop	2	373149	0	0	0	0	0	108
P2.2	ascii	retain	parse	2	331155	0	0	0	0	0	117
P2.2	ascii	retain	parsev	2	658396	0	0	0	0	0	53
P2.2	ascii	retain	pparse	2	338254	0	0	0	0	0	110
P2.2	ascii	retain	touch	2	63216.5	0	0	0	0	0	411
P2.2	ascii	retain	strs	2	596359	1.2468E+06	0.0833333	0.0166667	0	0	60
P2.2	ascii	retain	host	2	1.58174E+06	2.18058E+06	0.130435	0.0434783	0	0	23
P2.2	ascii	retain	inc	2	2.35027E+06	2.34453E+06	0.111111	0.111111	0	0	18
P2.2	ascii	retain	ref	2	1.87157E+06	2.18058E+06	0.111111	0.111111	0	0	18
P2.2	ascii	retain	noop	3	371394	0	0	0	0	0	108
P2.2	ascii	retain	parse	3	330040	0	0	0	0	0	117
P2.2	ascii	retain	parsev	3	649251	0	0	0	0	0	53
P2.2	ascii	retain	pparse	3	334088	0	0	0	0	0	110
P2.2	ascii	retain	touch	3	66786.2	0	0	0	0	0	411
P2.2	ascii	retain	strs	3	604622	1.2468E+06	0.0833333	0	0	0	60
P2.2	ascii	retain	host	3	1.74126E+06	2.18058E+06	0.130435	0.0434783	0	0	23
P2.2	ascii	retain	inc	3	2.04817E+06	2.34453E+06	0.111111	0.111111	0	0	18
P2.2	ascii	retain	ref	3	2.02625E+06	2.18058E+06	0.111111	0.0555556	0	0	18
P2.2	ascii	retain	skip	3	897624	809784	0.0465116	0.0232558	0	0	43
P2.2	ascii	retain	parse	4	357437	0	0	0	0	0	117
P2.2	ascii	retain	parsev	4	679318	0	0	0	0	0	53
P2.2	ascii	retain	pparse	4	368086	0	0	0	0	0	110
P2.2	ascii	retain	touch	4	70628.4	0	0	0	0	0	411
P2.2	ascii	retain	strs	4	599146	1.2468E+06	0.0833333	0.0166667	0	0	60
P2.2	ascii	retain	host	4	1.84352E+06	2.18058E+06	0.130435	0.0869565	0	0	23
P2.2	ascii	retain	inc	4	2.28034E+06	2.34453E+06	0.111111	0.111111	0	0.166667	18
P2.2	ascii	retain	ref	4	2.23777E+06	2.18058E+06	0.111111	0.0555556	0	0	18
P2.2	ascii	retain	skip	4	911476	809784	0.0465116	0.0232558	0	0	43
P2.2	ascii	retain	noop	4	430826	0	0	0	0	0	108
P2.2	ascii	retain	parsev	5	682489	0	0	0	0	0	53
P2.2	ascii	retain	pparse	5	359613	0	0	0	0	0	110
P2.2	ascii	retain	touch	5	71381.1	0	0	0	0	0	411
P2.2	ascii	retain	strs	5	681480	1.2468E+06	0.0833333	0.0166667	0	0	60
P2.2	ascii	retain	host	5	1.96004E+06	2.18058E+06	0.130435	0.0869565	0	0	23
P2.2	ascii	retain	inc	5	1.95623E+06	2.34453E+06	0.111111	0.0555556	0	0	18
P2.2	ascii	retain	ref	5	2.048E+06	2.18058E+06	0.111111	0.0555556	0	0	18
P2.2	ascii	retain	skip	5	913763	809784	0.0465116	0.0232558	0	0	43
P2.2	ascii	retain	noop	5	366822	0	0	0	0	0	108
P2.2	ascii	retain	parse	5	348087	0	0	0	0	0	117
P2.2	ascii	retain	pparse	6	355365	0	0	0	0	0	110
P2.2	ascii	retain	touch	6	65104.1	0	0	0	0	0	411
P2.2	ascii	retain	strs	6	620720	1.2468E+06	0.0833333	0.0166667	0	0	60
P2.2	ascii	retain	host	6	1.86866E+06	2.18058E+06	0.130435	0.0869565	0	0	23
P2.2	ascii	retain	inc	6	1.97955E+06	2.34453E+06	0.111111	0.0555556	0	0	18
P2.2	ascii	retain	ref	6	1.87489E+06	2.18058E+06	0.111111	0.0555556	0	0	18
P2.2	ascii	retain	skip	6	1.08202E+06	809784	0.0465116	0.0232558	0	0	43
P2.2	ascii	retain	noop	6	381115	0	0	0	0	0	108
P2.2	ascii	retain	parse	6	336099	0	0	0	0	0	117
P2.2	ascii	retain	parsev	6	665087	0	0	0	0	0	53
P2.2	ascii	drop	ref	1	2.10147E+06	2.18058E+06	0.105263	0.105263	0	0	19
P2.2	ascii	drop	skip	1	913538	809784	0.047619	0.0238095	0	0	42
P2.2	ascii	drop	noop	1	367612	0	0	0	0	0	105
P2.2	ascii	drop	parse	1	334598	0	0	0	0	0	92
P2.2	ascii	drop	parsev	1	664562	0	0	0	0	0	61
P2.2	ascii	drop	pull	1	2.31736E+06	2.18058E+06	0.153846	0.0769231	0	0	13
P2.2	ascii	drop	pparse	1	337162	0	0	0	0	0	119
P2.2	ascii	drop	touch	1	64402.8	0	0	0	0	0	625
P2.2	ascii	drop	strs	1	623097	1.2468E+06	0.0746269	0.0149254	0	0	67
P2.2	ascii	drop	host	1	1.83839E+06	2.18058E+06	0.1	0	0	0	10
P2.2	ascii	drop	inc	1	2.71482E+06	2.34453E+06	0.153846	0.0769231	0	0.153846	13
P2.2	ascii	drop	skip	2	938826	809784	0.047619	0.0238095	0	0	42
P2.2	ascii	drop	noop	2	378419	0	0	0	0	0	105
P2.2	ascii	drop	parse	2	331935	0	0	0	0	0	92
P2.2	ascii	drop	parsev	2	652697	0	0	0	0	0	61
P2.2	ascii	drop	pull	2	2.88953E+06	2.18058E+06	0.0769231	0	0	0.615385	13
P2.2	ascii	drop	pparse	2	336713	0	0	0	0	0	119
P2.2	ascii	drop	touch	2	65265.3	0	0	0	0	0	625
P2.2	ascii	drop	strs	2	604219	1.2468E+06	0.0746269	0.0149254	0	0	67
P2.2	ascii	drop	host	2	2.08906E+06	2.18058E+06	0.2	0.1	0	0	10
P2.2	ascii	drop	inc	2	1.87434E+06	2.34453E+06	0.0769231	0.0769231	0	0	13
P2.2	ascii	drop	ref	2	2.11273E+06	2.18058E+06	0.157895	0.105263	0	0	19
P2.2	ascii	drop	noop	3	371953	0	0	0	0	0	105
P2.2	ascii	drop	parse	3	336543	0	0	0	0	0	92
P2.2	ascii	drop	parsev	3	669345	0	0	0	0	0	61
P2.2	ascii	drop	pull	3	2.28673E+06	2.18058E+06	0.0769231	0	0	0.384615	13
P2.2	ascii	drop	pparse	3	336104	0	0	0	0	0	119
P2.2	ascii	drop	touch	3	63626.1	0	0	0	0	0	625
P2.2	ascii	drop	strs	3	602369	1.2468E+06	0.0746269	0.0149254	0	0	67
P2.2	ascii	drop	host	3	1.72935E+06	2.18058E+06	0.1	0	0	0	10
P2.2	ascii	drop	inc	3	2.16077E+06	2.34453E+06	0.153846	0.0769231	0	0	13
P2.2	ascii	drop	ref	3	1.92557E+06	2.18058E+06	0.157895	0.105263	0	0	19
P2.2	ascii	drop	skip	3	1.00646E+06	809784	0.047619	0.0238095	0	0	42
P2.2	ascii	drop	parse	4	353635	0	0	0	0	0	92
P2.2	ascii	drop	parsev	4	679869	0	0	0	0	0	61
P2.2	ascii	drop	pull	4	2.51641E+06	2.18058E+06	0.0769231	0	0	0.307692	13
P2.2	ascii	drop	pparse	4	348083	0	0	0	0	0	119
P2.2	ascii	drop	touch	4	67750.5	0	0	0	0	0	625
P2.2	ascii	drop	strs	4	633773	1.2468E+06	0.0746269	0.0149254	0	0	67
P2.2	ascii	drop	host	4	1.75048E+06	2.18058E+06	0.1	0	0	0	10
P2.2	ascii	drop	inc	4	2.31788E+06	2.34453E+06	0.153846	0.0769231	0	0	13
P2.2	ascii	drop	ref	4	2.14752E+06	2.18058E+06	0.157895	0.0526316	0	0	19
P2.2	ascii	drop	skip	4	923382	809784	0.0238095	0.0238095	0	3.07143	42
P2.2	ascii	drop	noop	4	370006	0	0	0	0	0	105
P2.2	ascii	drop	parsev	5	669823	0	0	0	0	0	61
P2.2	ascii	drop	pull	5	1.69833E+06	2.18058E+06	0.153846	0.0769231	0	0.0769231	13
P2.2	ascii	drop	pparse	5	343931	0	0	0	0	0	119
P2.2	ascii	drop	touch	5	68957.7	0	0	0	0	0	625
P2.2	ascii	drop	strs	5	616295	1.2468E+06	0.0746269	0	0	0	67
P2.2	ascii	drop	host	5	1.77811E+06	2.18058E+06	0.1	0	0	0	10
P2.2	ascii	drop	inc	5	2.04808E+06	2.34453E+06	0.153846	0.0769231	0	0	13
P2.2	ascii	drop	ref	5	2.02099E+06	2.18058E+06	0.105263	0.0526316	0	0	19
P2.2	ascii	drop	skip	5	910262	809784	0.047619	0.0238095	0	0	42
P2.2	ascii	drop	noop	5	373688	0	0	0	0	0	105
P2.2	ascii	drop	parse	5	331632	0	0	0	0	0	92
P2.2	ascii	drop	pull	6	1.92131E+06	2.18058E+06	0.153846	0.0769231	0	0	13
P2.2	ascii	drop	pparse	6	336582	0	0	0	0	0	119
P2.2	ascii	drop	touch	6	68145.5	0	0	0	0	0	625
P2.2	ascii	drop	strs	6	603815	1.2468E+06	0.0746269	0.0149254	0	0	67
P2.2	ascii	drop	host	6	1.56996E+06	2.18058E+06	0.1	0	0	0	10
P2.2	ascii	drop	inc	6	2.15106E+06	2.34453E+06	0.153846	0.153846	0	0	13
P2.2	ascii	drop	ref	6	2.08083E+06	2.18058E+06	0.105263	0.0526316	0	0	19
P2.2	ascii	drop	skip	6	923586	809784	0.047619	0.0238095	0	0	42
P2.2	ascii	drop	noop	6	374844	0	0	0	0	0	105
P2.2	ascii	drop	parse	6	329379	0	0	0	0	0	92
P2.2	ascii	drop	parsev	6	646472	0	0	0	0	0	61
P2.2	latin1	retain	ref	1	2.43131E+06	2.18058E+06	0.0714286	0.0714286	0	0	14
P2.2	latin1	retain	skip	1	891790	809784	0.0444444	0.0222222	0	0	45
P2.2	latin1	retain	noop	1	378155	0	0	0	0	0	107
P2.2	latin1	retain	parse	1	332175	0	0	0	0	0	114
P2.2	latin1	retain	parsev	1	742010	0	0	0	0	0	50
P2.2	latin1	retain	pparse	1	334462	0	0	0	0	0	111
P2.2	latin1	retain	touch	1	65489.9	0	0	0	0	0	601
P2.2	latin1	retain	strs	1	1.18899E+06	1.2468E+06	0.0909091	0.030303	0	0	33
P2.2	latin1	retain	host	1	2.48791E+06	2.18058E+06	0.117647	0.0588235	0	0	17
P2.2	latin1	retain	inc	1	2.72433E+06	2.34453E+06	0.142857	0.0714286	0	0	14
P2.2	latin1	retain	skip	2	926338	809784	0.0444444	0.0222222	0	0	45
P2.2	latin1	retain	noop	2	378924	0	0	0	0	0	107
P2.2	latin1	retain	parse	2	333286	0	0	0	0	0	114
P2.2	latin1	retain	parsev	2	743336	0	0	0	0	0	50
P2.2	latin1	retain	pparse	2	342583	0	0	0	0	0	111
P2.2	latin1	retain	touch	2	66810.4	0	0	0	0	0	601
P2.2	latin1	retain	strs	2	1.15691E+06	1.2468E+06	0.0606061	0.030303	0	0	33
P2.2	latin1	retain	host	2	2.19315E+06	2.18058E+06	0.117647	0.0588235	0	0	17
P2.2	latin1	retain	inc	2	2.65888E+06	2.34453E+06	0.142857	0.0714286	0	0	14
P2.2	latin1	retain	ref	2	2.69725E+06	2.18058E+06	0.142857	0.142857	0	0	14
P2.2	latin1	retain	noop	3	382779	0	0	0	0	0	107
P2.2	latin1	retain	parse	3	337966	0	0	0	0	0	114
P2.2	latin1	retain	parsev	3	740465	0	0	0	0	0	50
P2.2	latin1	retain	pparse	3	352550	0	0	0	0	0	111
P2.2	latin1	retain	touch	3	71535.9	0	0	0	0	0	601
P2.2	latin1	retain	strs	3	1.2027E+06	1.2468E+06	0.0909091	0.030303	0	0	33
P2.2	latin1	retain	host	3	2.2661E+06	2.18058E+06	0.117647	0.0588235	0	0	17
P2.2	latin1	retain	inc	3	2.44527E+06	2.34453E+06	0.142857	0.0714286	0	0	14
P2.2	latin1	retain	ref	3	2.30186E+06	2.18058E+06	0.0714286	0.0714286	0	0	14
P2.2	latin1	retain	skip	3	929423	809784	0.0444444	0	0	0	45
P2.2	latin1	retain	parse	4	335608	0	0	0	0	0	114
P2.2	latin1	retain	parsev	4	739318	0	0	0	0	0	50
P2.2	latin1	retain	pparse	4	342368	0	0	0	0	0	111
P2.2	latin1	retain	touch	4	64336.9	0	0	0	0	0	601
P2.2	latin1	retain	strs	4	1.15847E+06	1.2468E+06	0.0909091	0.030303	0	0	33
P2.2	latin1	retain	host	4	2.12218E+06	2.18058E+06	0.117647	0.0588235	0	0	17
P2.2	latin1	retain	inc	4	2.73551E+06	2.34453E+06	0.142857	0.0714286	0	0	14
P2.2	latin1	retain	ref	4	2.63549E+06	2.18058E+06	0.142857	0.0714286	0	0	14
P2.2	latin1	retain	skip	4	908195	809784	0.0444444	0.0222222	0	0	45
P2.2	latin1	retain	noop	4	374285	0	0	0	0	0	107
P2.2	latin1	retain	parsev	5	770388	0	0	0	0	0	50
P2.2	latin1	retain	pparse	5	342873	0	0	0	0	0	111
P2.2	latin1	retain	touch	5	60944.6	0	0	0	0	0	601
P2.2	latin1	retain	strs	5	1.14144E+06	1.2468E+06	0.0606061	0.030303	0	0	33
P2.2	latin1	retain	host	5	2.27919E+06	2.18058E+06	0.117647	0.0588235	0	0	17
P2.2	latin1	retain	inc	5	2.49085E+06	2.34453E+06	0.142857	0.0714286	0	0	14
P2.2	latin1	retain	ref	5	2.31297E+06	2.18058E+06	0.142857	0.0714286	0	0	14
P2.2	latin1	retain	skip	5	905967	809784	0.0444444	0.0222222	0	0	45
P2.2	latin1	retain	noop	5	376884	0	0	0	0	0	107
P2.2	latin1	retain	parse	5	336977	0	0	0	0	0	114
P2.2	latin1	retain	pparse	6	342413	0	0	0	0	0	111
P2.2	latin1	retain	touch	6	62824.9	0	0	0	0	0	601
P2.2	latin1	retain	strs	6	1.1792E+06	1.2468E+06	0.0606061	0.030303	0	0	33
P2.2	latin1	retain	host	6	2.2339E+06	2.18058E+06	0.176471	0.0588235	0	0	17
P2.2	latin1	retain	inc	6	2.55762E+06	2.34453E+06	0.142857	0.0714286	0	0	14
P2.2	latin1	retain	ref	6	2.54735E+06	2.18058E+06	0.0714286	0.0714286	0	0	14
P2.2	latin1	retain	skip	6	889410	809784	0.0444444	0.0222222	0	0	45
P2.2	latin1	retain	noop	6	363888	0	0	0	0	0	107
P2.2	latin1	retain	parse	6	334945	0	0	0	0	0	114
P2.2	latin1	retain	parsev	6	738524	0	0	0	0	0	50
P2.2	latin1	drop	ref	1	2.45377E+06	2.18058E+06	0.0769231	0.0769231	0	0	13
P2.2	latin1	drop	skip	1	979420	809784	0.0588235	0	0	0	34
P2.2	latin1	drop	noop	1	375931	0	0	0	0	0	105
P2.2	latin1	drop	parse	1	346044	0	0	0	0	0	102
P2.2	latin1	drop	parsev	1	757080	0	0	0	0	0	52
P2.2	latin1	drop	pull	1	2.57134E+06	2.18058E+06	0.125	0.125	0	0	16
P2.2	latin1	drop	pparse	1	366307	0	0	0	0	0	119
P2.2	latin1	drop	touch	1	73258.7	0	0	0	0	0.0034904	573
P2.2	latin1	drop	strs	1	1.1672E+06	1.2468E+06	0.0645161	0	0	0	31
P2.2	latin1	drop	host	1	2.32699E+06	2.18058E+06	0.166667	0.0555556	0	0	18
P2.2	latin1	drop	inc	1	2.87466E+06	2.34453E+06	0.0833333	0.0833333	0	0	12
P2.2	latin1	drop	skip	2	935936	809784	0.0588235	0.0294118	0	0	34
P2.2	latin1	drop	noop	2	378582	0	0	0	0	0	105
P2.2	latin1	drop	parse	2	337521	0	0	0	0	0	102
P2.2	latin1	drop	parsev	2	747697	0	0	0	0	0	52
P2.2	latin1	drop	pull	2	2.51555E+06	2.18058E+06	0.125	0.0625	0	0	16
P2.2	latin1	drop	pparse	2	359573	0	0	0	0	0	119
P2.2	latin1	drop	touch	2	69608.1	0	0	0	0	0	573
P2.2	latin1	drop	strs	2	1.19587E+06	1.2468E+06	0.0645161	0	0	0	31
P2.2	latin1	drop	host	2	2.33606E+06	2.18058E+06	0.111111	0.0555556	0	0	18
P2.2	latin1	drop	inc	2	2.98567E+06	2.34453E+06	0.166667	0	0	0	12
P2.2	latin1	drop	ref	2	3.09563E+06	2.18058E+06	0.153846	0.0769231	0	0	13
P2.2	latin1	drop	noop	3	381982	0	0	0	0	0	105
P2.2	latin1	drop	parse	3	345209	0	0	0	0	0	102
P2.2	latin1	drop	parsev	3	749344	0	0	0	0	0	52
P2.2	latin1	drop	pull	3	2.69484E+06	2.18058E+06	0.125	0.125	0	0	16
P2.2	latin1	drop	pparse	3	345507	0	0	0	0	0	119
P2.2	latin1	drop	touch	3	65316.1	0	0	0	0	0	573
P2.2	latin1	drop	strs	3	1.15497E+06	1.2468E+06	0.0645161	0.0322581	0	0	31
P2.2	latin1	drop	host	3	2.44051E+06	2.18058E+06	0.111111	0.0555556	0	0	18
P2.2	latin1	drop	inc	3	2.87122E+06	2.34453E+06	0.166667	0.0833333	0	0	12
P2.2	latin1	drop	ref	3	2.47785E+06	2.18058E+06	0.0769231	0.0769231	0	0	13
P2.2	latin1	drop	skip	3	913709	809784	0.0588235	0.0294118	0	0	34
P2.2	latin1	drop	parse	4	339899	0	0	0	0	0	102
P2.2	latin1	drop	parsev	4	743139	0	0	0	0	0	52
P2.2	latin1	drop	pull	4	2.58094E+06	2.18058E+06	0.125	0.125	0	0	16
P2.2	latin1	drop	pparse	4	413863	0	0	0	0	0.0504202	119
P2.2	latin1	drop	touch	4	67040.3	0	0	0	0	0	573
P2.2	latin1	drop	strs	4	1.15871E+06	1.2468E+06	0.0645161	0.0322581	0	0	31
P2.2	latin1	drop	host	4	2.29517E+06	2.18058E+06	0.166667	0.0555556	0	0	18
P2.2	latin1	drop	inc	4	2.64158E+06	2.34453E+06	0.0833333	0.0833333	0	0	12
P2.2	latin1	drop	ref	4	2.34224E+06	2.18058E+06	0.153846	0.0769231	0	0	13
P2.2	latin1	drop	skip	4	904638	809784	0.0294118	0.0294118	0	0	34
P2.2	latin1	drop	noop	4	376572	0	0	0	0	0	105
P2.2	latin1	drop	parsev	5	754483	0	0	0	0	0	52
P2.2	latin1	drop	pull	5	2.27642E+06	2.18058E+06	0.125	0.0625	0	0	16
P2.2	latin1	drop	pparse	5	346123	0	0	0	0	0	119
P2.2	latin1	drop	touch	5	60030.3	0	0	0	0	0	573
P2.2	latin1	drop	strs	5	1.16478E+06	1.2468E+06	0.0967742	0	0	0	31
P2.2	latin1	drop	host	5	2.15882E+06	2.18058E+06	0.111111	0.0555556	0	0	18
P2.2	latin1	drop	inc	5	2.73417E+06	2.34453E+06	0.166667	0.0833333	0	0	12
P2.2	latin1	drop	ref	5	2.30773E+06	2.18058E+06	0.0769231	0	0	0	13
P2.2	latin1	drop	skip	5	1.00219E+06	809784	0.0588235	0.0294118	0	0	34
P2.2	latin1	drop	noop	5	368008	0	0	0	0	0	105
P2.2	latin1	drop	parse	5	337907	0	0	0	0	0	102
P2.2	latin1	drop	pull	6	2.55167E+06	2.18058E+06	0.125	0	0	0	16
P2.2	latin1	drop	pparse	6	403153	0	0	0	0	0	119
P2.2	latin1	drop	touch	6	72279.5	0	0	0	0	0	573
P2.2	latin1	drop	strs	6	1.17427E+06	1.2468E+06	0.0645161	0.0322581	0	0	31
P2.2	latin1	drop	host	6	2.44544E+06	2.18058E+06	0.111111	0	0	0	18
P2.2	latin1	drop	inc	6	2.71203E+06	2.34453E+06	0.166667	0.166667	0	0	12
P2.2	latin1	drop	ref	6	2.91238E+06	2.18058E+06	0.153846	0.0769231	0	0	13
P2.2	latin1	drop	skip	6	922763	809784	0.0294118	0.0294118	0	0	34
P2.2	latin1	drop	noop	6	375767	0	0	0	0	0	105
P2.2	latin1	drop	parse	6	358356	0	0	0	0	0	102
P2.2	latin1	drop	parsev	6	785187	0	0	0	0	0	52
P2.2	wide	retain	ref	1	3.68482E+06	2.18058E+06	0.111111	0.111111	0	0	9
P2.2	wide	retain	skip	1	1.03919E+06	809784	0.03125	0.03125	0	0	32
P2.2	wide	retain	noop	1	385867	0	0	0	0	0	101
P2.2	wide	retain	parse	1	351247	0	0	0	0	0	115
P2.2	wide	retain	parsev	1	821843	0	0	0	0	0	47
P2.2	wide	retain	pparse	1	382889	0	0	0	0	0	107
P2.2	wide	retain	touch	1	72073.6	0	0	0	0	0	466
P2.2	wide	retain	strs	1	1.99012E+06	1.2468E+06	0.0909091	0	0	0	22
P2.2	wide	retain	host	1	2.81141E+06	2.18058E+06	0	0	0	0	5
P2.2	wide	retain	inc	1	3.89149E+06	2.34453E+06	0.25	0	0	0	8
P2.2	wide	retain	skip	2	956875	809784	0.03125	0.03125	0	0	32
P2.2	wide	retain	noop	2	375406	0	0	0	0	0	101
P2.2	wide	retain	parse	2	344756	0	0	0	0	0	115
P2.2	wide	retain	parsev	2	807416	0	0	0	0	0	47
P2.2	wide	retain	pparse	2	367515	0	0	0	0	0	107
P2.2	wide	retain	touch	2	66753.9	0	0	0	0	0	466
P2.2	wide	retain	strs	2	1.82506E+06	1.2468E+06	0.0909091	0	0	0	22
P2.2	wide	retain	host	2	2.83541E+06	2.18058E+06	0	0	0	0	5
P2.2	wide	retain	inc	2	3.37389E+06	2.34453E+06	0.125	0	0	0	8
P2.2	wide	retain	ref	2	3.91487E+06	2.18058E+06	0.222222	0.222222	0	0	9
P2.2	wide	retain	noop	3	375098	0	0	0	0	0	101
P2.2	wide	retain	parse	3	349597	0	0	0	0	0	115
P2.2	wide	retain	parsev	3	805493	0	0	0	0	0	47
P2.2	wide	retain	pparse	3	350688	0	0	0	0	0	107
P2.2	wide	retain	touch	3	70830.5	0	0	0	0	0	466
P2.2	wide	retain	strs	3	1.82699E+06	1.2468E+06	0.0454545	0.0454545	0	0	22
P2.2	wide	retain	host	3	3.80598E+06	2.18058E+06	0.2	0	0	0	5
P2.2	wide	retain	inc	3	3.5464E+06	2.34453E+06	0.125	0.125	0	0	8
P2.2	wide	retain	ref	3	3.45154E+06	2.18058E+06	0.111111	0	0	0	9
P2.2	wide	retain	skip	3	979009	809784	0.03125	0.03125	0	0	32
P2.2	wide	retain	parse	4	357729	0	0	0	0	0	115
P2.2	wide	retain	parsev	4	789119	0	0	0	0	0	47
P2.2	wide	retain	pparse	4	338956	0	0	0	0	0	107
P2.2	wide	retain	touch	4	61782.1	0	0	0	0	0	466
P2.2	wide	retain	strs	4	1.81902E+06	1.2468E+06	0.0909091	0	0	0	22
P2.2	wide	retain	host	4	3.05936E+06	2.18058E+06	0.2	0	0	0	5
P2.2	wide	retain	inc	4	3.62826E+06	2.34453E+06	0.125	0.125	0	0	8
P2.2	wide	retain	ref	4	3.52655E+06	2.18058E+06	0.111111	0.111111	0	0	9
P2.2	wide	retain	skip	4	951646	809784	0.03125	0.03125	0	0	32
P2.2	wide	retain	noop	4	377727	0	0	0	0	0	101
P2.2	wide	retain	parsev	5	791627	0	0	0	0	0	47
P2.2	wide	retain	pparse	5	356609	0	0	0	0	0	107
P2.2	wide	retain	touch	5	64425.3	0	0	0	0	0	466
P2.2	wide	retain	strs	5	1.80774E+06	1.2468E+06	0.0909091	0	0	0	22
P2.2	wide	retain	host	5	3.82528E+06	2.18058E+06	0.2	0	0	0	5
P2.2	wide	retain	inc	5	3.17223E+06	2.34453E+06	0.125	0.125	0	0	8
P2.2	wide	retain	ref	5	3.57573E+06	2.18058E+06	0.111111	0	0	0	9
P2.2	wide	retain	skip	5	942167	809784	0.03125	0.03125	0	0	32
P2.2	wide	retain	noop	5	375814	0	0	0	0	0.019802	101
P2.2	wide	retain	parse	5	346224	0	0	0	0	0	115
P2.2	wide	retain	pparse	6	349915	0	0	0	0	0	107
P2.2	wide	retain	touch	6	61847.7	0	0	0	0	0	466
P2.2	wide	retain	strs	6	1.80282E+06	1.2468E+06	0.0909091	0	0	0	22
P2.2	wide	retain	host	6	3.63814E+06	2.18058E+06	0.2	0	0	0.4	5
P2.2	wide	retain	inc	6	3.58631E+06	2.34453E+06	0.125	0.125	0	0	8
P2.2	wide	retain	ref	6	3.2241E+06	2.18058E+06	0.111111	0.111111	0	0	9
P2.2	wide	retain	skip	6	941679	809784	0.03125	0	0	0	32
P2.2	wide	retain	noop	6	368665	0	0	0	0	0	101
P2.2	wide	retain	parse	6	341626	0	0	0	0	0	115
P2.2	wide	retain	parsev	6	792220	0	0	0	0	0	47
P2.2	wide	drop	ref	1	3.15025E+06	2.18058E+06	0.0909091	0	0	0	11
P2.2	wide	drop	skip	1	962868	809784	0.0487805	0.0243902	0	0	41
P2.2	wide	drop	noop	1	384047	0	0	0	0	0	103
P2.2	wide	drop	parse	1	358391	0	0	0	0	0	114
P2.2	wide	drop	parsev	1	797443	0	0	0	0	0	50
P2.2	wide	drop	pull	1	4.07147E+06	2.18058E+06	0.142857	0.142857	0	0	7
P2.2	wide	drop	pparse	1	393798	0	0	0	0	0	107
P2.2	wide	drop	touch	1	68958.2	0	0	0	0	0	636
P2.2	wide	drop	strs	1	1.79097E+06	1.2468E+06	0.05	0.05	0	0	20
P2.2	wide	drop	host	1	2.91451E+06	2.18058E+06	0.125	0	0	0	8
P2.2	wide	drop	inc	1	3.90246E+06	2.34453E+06	0.2	0.1	0	0	10
P2.2	wide	drop	skip	2	1.0206E+06	809784	0.0487805	0	0	0	41
P2.2	wide	drop	noop	2	367778	0	0	0	0	0	103
P2.2	wide	drop	parse	2	341150	0	0	0	0	0	114
P2.2	wide	drop	parsev	2	809457	0	0	0	0	0	50
P2.2	wide	drop	pull	2	3.00883E+06	2.18058E+06	0	0	0	0	7
P2.2	wide	drop	pparse	2	361028	0	0	0	0	0	107
P2.2	wide	drop	touch	2	68093.4	0	0	0	0	0	636
P2.2	wide	drop	strs	2	1.8898E+06	1.2468E+06	0.1	0.05	0	0	20
P2.2	wide	drop	host	2	2.81861E+06	2.18058E+06	0.125	0	0	0	8
P2.2	wide	drop	inc	2	3.76988E+06	2.34453E+06	0.1	0	0	0	10
P2.2	wide	drop	ref	2	3.15753E+06	2.18058E+06	0.181818	0.0909091	0	0	11
P2.2	wide	drop	noop	3	372541	0	0	0	0	0	103
P2.2	wide	drop	parse	3	352801	0	0	0	0	0	114
P2.2	wide	drop	parsev	3	802378	0	0	0	0	0	50
P2.2	wide	drop	pull	3	3.83463E+06	2.18058E+06	0.142857	0	0	0	7
P2.2	wide	drop	pparse	3	375701	0	0	0	0	0	107
P2.2	wide	drop	touch	3	70409	0	0	0	0	0	636
P2.2	wide	drop	strs	3	1.7973E+06	1.2468E+06	0.05	0.05	0	0	20
P2.2	wide	drop	host	3	3.05505E+06	2.18058E+06	0.125	0	0	0	8
P2.2	wide	drop	inc	3	3.92338E+06	2.34453E+06	0.1	0.1	0	0	10
P2.2	wide	drop	ref	3	3.78715E+06	2.18058E+06	0.181818	0.0909091	0	0	11
P2.2	wide	drop	skip	3	988072	809784	0.0487805	0.0243902	0	0	41
P2.2	wide	drop	parse	4	351333	0	0	0	0	0	114
P2.2	wide	drop	parsev	4	811462	0	0	0	0	0	50
P2.2	wide	drop	pull	4	3.68238E+06	2.18058E+06	0.142857	0	0	0	7
P2.2	wide	drop	pparse	4	356664	0	0	0	0	0	107
P2.2	wide	drop	touch	4	72785.9	0	0	0	0	0	636
P2.2	wide	drop	strs	4	1.78291E+06	1.2468E+06	0.05	0.05	0	0	20
P2.2	wide	drop	host	4	2.9654E+06	2.18058E+06	0.125	0	0	0	8
P2.2	wide	drop	inc	4	3.43686E+06	2.34453E+06	0.1	0.1	0	0	10
P2.2	wide	drop	ref	4	3.49587E+06	2.18058E+06	0.181818	0.0909091	0	0	11
P2.2	wide	drop	skip	4	956502	809784	0.0487805	0.0243902	0	0	41
P2.2	wide	drop	noop	4	400243	0	0	0	0	0	103
P2.2	wide	drop	parsev	5	885622	0	0	0	0	0	50
P2.2	wide	drop	pull	5	3.36703E+06	2.18058E+06	0.142857	0.142857	0	0	7
P2.2	wide	drop	pparse	5	355414	0	0	0	0	0	107
P2.2	wide	drop	touch	5	73813.9	0	0	0	0	0	636
P2.2	wide	drop	strs	5	1.84701E+06	1.2468E+06	0.05	0.05	0	0	20
P2.2	wide	drop	host	5	2.77853E+06	2.18058E+06	0.125	0	0	0	8
P2.2	wide	drop	inc	5	3.5531E+06	2.34453E+06	0.1	0	0	0	10
P2.2	wide	drop	ref	5	3.09682E+06	2.18058E+06	0.181818	0.0909091	0	0	11
P2.2	wide	drop	skip	5	1.06678E+06	809784	0.0487805	0.0243902	0	0	41
P2.2	wide	drop	noop	5	380669	0	0	0	0	0	103
P2.2	wide	drop	parse	5	350799	0	0	0	0	0	114
P2.2	wide	drop	pull	6	3.37112E+06	2.18058E+06	0.142857	0	0	0	7
P2.2	wide	drop	pparse	6	372471	0	0	0	0	0	107
P2.2	wide	drop	touch	6	62929.1	0	0	0	0	0	636
P2.2	wide	drop	strs	6	1.801E+06	1.2468E+06	0.05	0.05	0	0	20
P2.2	wide	drop	host	6	3.35184E+06	2.18058E+06	0.125	0	0	0	8
P2.2	wide	drop	inc	6	3.41001E+06	2.34453E+06	0.1	0.1	0	0	10
P2.2	wide	drop	ref	6	3.35455E+06	2.18058E+06	0.181818	0.0909091	0	0	11
P2.2	wide	drop	skip	6	937408	809784	0.0487805	0.0243902	0	0	41
P2.2	wide	drop	noop	6	366646	0	0	0	0	0	103
P2.2	wide	drop	parse	6	346442	0	0	0	0	0	114
P2.2	wide	drop	parsev	6	823682	0	0	0	0	0	50
P2.3	ascii	retain	ref	1	1.5006E+06	2.10116E+06	0.115385	0.0769231	0	0	26
P2.3	ascii	retain	skip	1	488716	462592	0.025974	0.012987	0	0	77
P2.3	ascii	retain	noop	1	193104	0	0	0	0	0	217
P2.3	ascii	retain	parse	1	170736	0	0	0	0	0	230
P2.3	ascii	retain	parsev	1	369258	0	0	0	0	0	105
P2.3	ascii	retain	pparse	1	168765	0	0	0	0	0	236
P2.3	ascii	retain	touch	1	50086	0	0	0	0	0	860
P2.3	ascii	retain	strs	1	663311	1.60757E+06	0.0967742	0.016129	0	0	62
P2.3	ascii	retain	host	1	1.41494E+06	2.10116E+06	0.103448	0.0689655	0	0	29
P2.3	ascii	retain	inc	1	1.46894E+06	2.0981E+06	0.148148	0.111111	0	0	27
P2.3	ascii	retain	skip	2	482162	462592	0.025974	0.012987	0	0	77
P2.3	ascii	retain	noop	2	179669	0	0	0	0	0	217
P2.3	ascii	retain	parse	2	170815	0	0	0	0	0	230
P2.3	ascii	retain	parsev	2	370232	0	0	0	0	0	105
P2.3	ascii	retain	pparse	2	174622	0	0	0	0	0	236
P2.3	ascii	retain	touch	2	42919.1	0	0	0	0	0	860
P2.3	ascii	retain	strs	2	635672	1.60757E+06	0.0806452	0	0	0	62
P2.3	ascii	retain	host	2	1.48648E+06	2.10116E+06	0.137931	0.0689655	0	0	29
P2.3	ascii	retain	inc	2	1.41764E+06	2.0981E+06	0.111111	0.0740741	0	0	27
P2.3	ascii	retain	ref	2	1.48341E+06	2.10116E+06	0.115385	0.0769231	0	0	26
P2.3	ascii	retain	noop	3	183911	0	0	0	0	0	217
P2.3	ascii	retain	parse	3	176343	0	0	0	0	0	230
P2.3	ascii	retain	parsev	3	369974	0	0	0	0	0	105
P2.3	ascii	retain	pparse	3	166596	0	0	0	0	0	236
P2.3	ascii	retain	touch	3	42900	0	0	0	0	0	860
P2.3	ascii	retain	strs	3	638419	1.60757E+06	0.0967742	0.016129	0	0	62
P2.3	ascii	retain	host	3	1.5239E+06	2.10116E+06	0.137931	0.0689655	0	0	29
P2.3	ascii	retain	inc	3	1.42855E+06	2.0981E+06	0.111111	0.0740741	0	0	27
P2.3	ascii	retain	ref	3	1.49545E+06	2.10116E+06	0.115385	0.0769231	0	0	26
P2.3	ascii	retain	skip	3	484195	462592	0.025974	0.012987	0	0	77
P2.3	ascii	retain	parse	4	188270	0	0	0	0	0	230
P2.3	ascii	retain	parsev	4	397537	0	0	0	0	0	105
P2.3	ascii	retain	pparse	4	172914	0	0	0	0	0	236
P2.3	ascii	retain	touch	4	47279	0	0	0	0	0	860
P2.3	ascii	retain	strs	4	637557	1.60757E+06	0.0967742	0.016129	0	0	62
P2.3	ascii	retain	host	4	1.43032E+06	2.10116E+06	0.137931	0.0689655	0	0	29
P2.3	ascii	retain	inc	4	1.53782E+06	2.0981E+06	0.111111	0.111111	0	0	27
P2.3	ascii	retain	ref	4	1.53367E+06	2.10116E+06	0.115385	0.0384615	0	0	26
P2.3	ascii	retain	skip	4	490111	462592	0.025974	0.012987	0	0	77
P2.3	ascii	retain	noop	4	185568	0	0	0	0	0	217
P2.3	ascii	retain	parsev	5	369190	0	0	0	0	0	105
P2.3	ascii	retain	pparse	5	167352	0	0	0	0	0	236
P2.3	ascii	retain	touch	5	46761.3	0	0	0	0	0	860
P2.3	ascii	retain	strs	5	632756	1.60757E+06	0.0967742	0.016129	0	0	62
P2.3	ascii	retain	host	5	1.29311E+06	2.10116E+06	0.103448	0.0344828	0	0	29
P2.3	ascii	retain	inc	5	1.55071E+06	2.0981E+06	0.148148	0.111111	0	0	27
P2.3	ascii	retain	ref	5	1.64901E+06	2.10116E+06	0.115385	0.0769231	0	0	26
P2.3	ascii	retain	skip	5	486280	462592	0.025974	0	0	0	77
P2.3	ascii	retain	noop	5	181188	0	0	0	0	0	217
P2.3	ascii	retain	parse	5	173152	0	0	0	0	0	230
P2.3	ascii	retain	pparse	6	170999	0	0	0	0	0	236
P2.3	ascii	retain	touch	6	48222.1	0	0	0	0	0	860
P2.3	ascii	retain	strs	6	678639	1.60757E+06	0.0967742	0.016129	0	0	62
P2.3	ascii	retain	host	6	1.46969E+06	2.10116E+06	0.103448	0.0689655	0	0	29
P2.3	ascii	retain	inc	6	1.54833E+06	2.0981E+06	0.148148	0.0740741	0	0	27
P2.3	ascii	retain	ref	6	1.4171E+06	2.10116E+06	0.115385	0.0769231	0	0	26
P2.3	ascii	retain	skip	6	481531	462592	0.025974	0	0	0	77
P2.3	ascii	retain	noop	6	183958	0	0	0	0	0	217
P2.3	ascii	retain	parse	6	175632	0	0	0	0	0	230
P2.3	ascii	retain	parsev	6	386078	0	0	0	0	0	105
P2.3	ascii	drop	ref	1	1.53057E+06	2.10116E+06	0.130435	0.0434783	0	0	23
P2.3	ascii	drop	skip	1	479118	462592	0.025641	0.0128205	0	0	78
P2.3	ascii	drop	noop	1	182703	0	0	0	0	0	217
P2.3	ascii	drop	parse	1	172829	0	0	0	0	0	222
P2.3	ascii	drop	parsev	1	374515	0	0	0	0	0	106
P2.3	ascii	drop	pull	1	1.52746E+06	2.10116E+06	0.153846	0.0769231	0	0	26
P2.3	ascii	drop	pparse	1	167912	0	0	0	0	0	232
P2.3	ascii	drop	touch	1	42834.3	0	0	0	0	0	886
P2.3	ascii	drop	strs	1	634146	1.60757E+06	0.0847458	0.0169492	0	0	59
P2.3	ascii	drop	host	1	1.54513E+06	2.10116E+06	0.142857	0.0714286	0	0	14
P2.3	ascii	drop	inc	1	1.42172E+06	2.0981E+06	0.107143	0.0357143	0	0	28
P2.3	ascii	drop	skip	2	476457	462592	0.025641	0.0128205	0	0	78
P2.3	ascii	drop	noop	2	183902	0	0	0	0	0	217
P2.3	ascii	drop	parse	2	170698	0	0	0	0	0	222
P2.3	ascii	drop	parsev	2	367673	0	0	0	0	0	106
P2.3	ascii	drop	pull	2	1.36742E+06	2.10116E+06	0.115385	0.0384615	0	0	26
P2.3	ascii	drop	pparse	2	166163	0	0	0	0	0	232
P2.3	ascii	drop	touch	2	42321.9	0	0	0	0	0	886
P2.3	ascii	drop	strs	2	622765	1.60757E+06	0.101695	0.0169492	0	0	59
P2.3	ascii	drop	host	2	1.51742E+06	2.10116E+06	0.142857	0.0714286	0	0	14
P2.3	ascii	drop	inc	2	1.43921E+06	2.0981E+06	0.107143	0.0714286	0	0	28
P2.3	ascii	drop	ref	2	1.3726E+06	2.10116E+06	0.130435	0.0869565	0	0	23
P2.3	ascii	drop	noop	3	182820	0	0	0	0	0	217
P2.3	ascii	drop	parse	3	169892	0	0	0	0	0	222
P2.3	ascii	drop	parsev	3	375072	0	0	0	0	0	106
P2.3	ascii	drop	pull	3	1.45171E+06	2.10116E+06	0.115385	0.0769231	0	0	26
P2.3	ascii	drop	pparse	3	172140	0	0	0	0	0	232
P2.3	ascii	drop	touch	3	42080.2	0	0	0	0	0	886
P2.3	ascii	drop	strs	3	645062	1.60757E+06	0.0847458	0	0	0	59
P2.3	ascii	drop	host	3	1.32143E+06	2.10116E+06	0.142857	0.0714286	0	0	14
P2.3	ascii	drop	inc	3	1.52925E+06	2.0981E+06	0.142857	0.0714286	0	0	28
P2.3	ascii	drop	ref	3	1.44521E+06	2.10116E+06	0.0869565	0.0434783	0	0	23
P2.3	ascii	drop	skip	3	476386	462592	0.025641	0.0128205	0	0	78
P2.3	ascii	drop	parse	4	175520	0	0	0	0	0	222
P2.3	ascii	drop	parsev	4	385873	0	0	0	0	0	106
P2.3	ascii	drop	pull	4	1.49395E+06	2.10116E+06	0.153846	0.0769231	0	0	26
P2.3	ascii	drop	pparse	4	167167	0	0	0	0	0	232
P2.3	ascii	drop	touch	4	41863.6	0	0	0	0	0	886
P2.3	ascii	drop	strs	4	626526	1.60757E+06	0.0847458	0.0169492	0	0	59
P2.3	ascii	drop	host	4	1.53079E+06	2.10116E+06	0.142857	0.0714286	0	0	14
P2.3	ascii	drop	inc	4	1.47261E+06	2.0981E+06	0.107143	0.0714286	0	0	28
P2.3	ascii	drop	ref	4	1.39402E+06	2.10116E+06	0.130435	0.0869565	0	0	23
P2.3	ascii	drop	skip	4	479034	462592	0.025641	0	0	0	78
P2.3	ascii	drop	noop	4	184641	0	0	0	0	0	217
P2.3	ascii	drop	parsev	5	367000	0	0	0	0	0	106
P2.3	ascii	drop	pull	5	1.48362E+06	2.10116E+06	0.115385	0.0769231	0	0	26
P2.3	ascii	drop	pparse	5	166614	0	0	0	0	0	232
P2.3	ascii	drop	touch	5	40650.2	0	0	0	0	0	886
P2.3	ascii	drop	strs	5	628977	1.60757E+06	0.101695	0.0169492	0	0	59
P2.3	ascii	drop	host	5	1.58252E+06	2.10116E+06	0.142857	0.0714286	0	0	14
P2.3	ascii	drop	inc	5	1.35001E+06	2.0981E+06	0.107143	0.0714286	0	0	28
P2.3	ascii	drop	ref	5	1.58365E+06	2.10116E+06	0.130435	0.0869565	0	0	23
P2.3	ascii	drop	skip	5	475475	462592	0.025641	0	0	0	78
P2.3	ascii	drop	noop	5	180816	0	0	0	0	0	217
P2.3	ascii	drop	parse	5	171054	0	0	0	0	0	222
P2.3	ascii	drop	pull	6	1.40394E+06	2.10116E+06	0.115385	0.115385	0	0	26
P2.3	ascii	drop	pparse	6	171065	0	0	0	0	0	232
P2.3	ascii	drop	touch	6	44615	0	0	0	0	0	886
P2.3	ascii	drop	strs	6	629394	1.60757E+06	0.0847458	0	0	0	59
P2.3	ascii	drop	host	6	1.29774E+06	2.10116E+06	0.142857	0.0714286	0	0	14
P2.3	ascii	drop	inc	6	1.51023E+06	2.0981E+06	0.142857	0.0714286	0	0	28
P2.3	ascii	drop	ref	6	1.44728E+06	2.10116E+06	0.0869565	0.0434783	0	0	23
P2.3	ascii	drop	skip	6	508125	462592	0.025641	0.0128205	0	0	78
P2.3	ascii	drop	noop	6	180971	0	0	0	0	0	217
P2.3	ascii	drop	parse	6	173081	0	0	0	0	0	222
P2.3	ascii	drop	parsev	6	369896	0	0	0	0	0	106
P2.4	ascii	retain	ref	1	2.20684E+06	3.27573E+06	0.1875	0.125	0	0	16
P2.4	ascii	retain	skip	1	619174	798632	0.0454545	0.0151515	0	0	66
P2.4	ascii	retain	noop	1	206890	0	0	0	0	0	193
P2.4	ascii	retain	parse	1	209572	0	0	0	0	0	199
P2.4	ascii	retain	parsev	1	482126	0	0	0	0	0	66
P2.4	ascii	retain	pparse	1	188479	0	0	0	0	0	191
P2.4	ascii	retain	touch	1	71309.7	0	0	0	0	0	457
P2.4	ascii	retain	strs	1	934460	2.45726E+06	0.125	0.0416667	0	0	24
P2.4	ascii	retain	host	1	2.62167E+06	3.27573E+06	0.25	0.0833333	0	0	12
P2.4	ascii	retain	inc	1	2.19399E+06	3.28783E+06	0.1875	0.125	0	0	16
P2.4	ascii	retain	skip	2	594890	798632	0.0454545	0.0151515	0	0	66
P2.4	ascii	retain	noop	2	206382	0	0	0	0	0	193
P2.4	ascii	retain	parse	2	202623	0	0	0	0	0	199
P2.4	ascii	retain	parsev	2	489237	0	0	0	0	0	66
P2.4	ascii	retain	pparse	2	199174	0	0	0	0	0	191
P2.4	ascii	retain	touch	2	72075.5	0	0	0	0	0	457
P2.4	ascii	retain	strs	2	966652	2.45726E+06	0.125	0.0416667	0	0	24
P2.4	ascii	retain	host	2	2.0517E+06	3.27573E+06	0.25	0.166667	0	0	12
P2.4	ascii	retain	inc	2	2.12655E+06	3.28783E+06	0.1875	0.125	0	0	16
P2.4	ascii	retain	ref	2	2.39977E+06	3.27573E+06	0.1875	0.1875	0	0	16
P2.4	ascii	retain	noop	3	207410	0	0	0	0	0	193
P2.4	ascii	retain	parse	3	197241	0	0	0	0	0	199
P2.4	ascii	retain	parsev	3	475542	0	0	0	0	0	66
P2.4	ascii	retain	pparse	3	190886	0	0	0	0	0	191
P2.4	ascii	retain	touch	3	80399.2	0	0	0	0	0	457
P2.4	ascii	retain	strs	3	961661	2.45726E+06	0.125	0	0	0	24
P2.4	ascii	retain	host	3	1.82749E+06	3.27573E+06	0.166667	0.0833333	0	0	12
P2.4	ascii	retain	inc	3	2.2009E+06	3.28783E+06	0.1875	0.125	0	0	16
P2.4	ascii	retain	ref	3	2.22448E+06	3.27573E+06	0.1875	0.1875	0	0	16
P2.4	ascii	retain	skip	3	591434	798632	0.0454545	0.0151515	0	0	66
P2.4	ascii	retain	parse	4	202542	0	0	0	0	0	199
P2.4	ascii	retain	parsev	4	501872	0	0	0	0	0	66
P2.4	ascii	retain	pparse	4	198977	0	0	0	0	0	191
P2.4	ascii	retain	touch	4	79487.1	0	0	0	0	0	457
P2.4	ascii	retain	strs	4	1.01173E+06	2.45726E+06	0.166667	0	0	0	24
P2.4	ascii	retain	host	4	2.0885E+06	3.27573E+06	0.166667	0	0	0	12
P2.4	ascii	retain	inc	4	2.40451E+06	3.28783E+06	0.1875	0.1875	0	0	16
P2.4	ascii	retain	ref	4	2.67124E+06	3.27573E+06	0.1875	0.125	0	0	16
P2.4	ascii	retain	skip	4	614418	798632	0.0454545	0.0151515	0	0	66
P2.4	ascii	retain	noop	4	207648	0	0	0	0	0	193
P2.4	ascii	retain	parsev	5	479522	0	0	0	0	0	66
P2.4	ascii	retain	pparse	5	195028	0	0	0	0	0	191
P2.4	ascii	retain	touch	5	77514.8	0	0	0	0	0	457
P2.4	ascii	retain	strs	5	964490	2.45726E+06	0.166667	0.0416667	0	0	24
P2.4	ascii	retain	host	5	1.95534E+06	3.27573E+06	0.166667	0.0833333	0	0	12
P2.4	ascii	retain	inc	5	2.40223E+06	3.28783E+06	0.1875	0.125	0	0	16
P2.4	ascii	retain	ref	5	2.09794E+06	3.27573E+06	0.1875	0.125	0	0	16
P2.4	ascii	retain	skip	5	576132	798632	0.0454545	0.030303	0	0	66
P2.4	ascii	retain	noop	5	206788	0	0	0	0	0	193
P2.4	ascii	retain	parse	5	201976	0	0	0	0	0	199
P2.4	ascii	retain	pparse	6	192110	0	0	0	0	0	191
P2.4	ascii	retain	touch	6	83760.6	0	0	0	0	0	457
P2.4	ascii	retain	strs	6	966991	2.45726E+06	0.166667	0	0	0	24
P2.4	ascii	retain	host	6	2.24945E+06	3.27573E+06	0.166667	0.0833333	0	0	12
P2.4	ascii	retain	inc	6	2.60965E+06	3.28783E+06	0.1875	0.125	0	0	16
P2.4	ascii	retain	ref	6	2.11596E+06	3.27573E+06	0.1875	0.125	0	0	16
P2.4	ascii	retain	skip	6	608541	798632	0.0454545	0.0151515	0	0	66
P2.4	ascii	retain	noop	6	208133	0	0	0	0	0	193
P2.4	ascii	retain	parse	6	196881	0	0	0	0	0	199
P2.4	ascii	retain	parsev	6	474849	0	0	0	0	0	66
P2.4	ascii	drop	ref	1	2.27471E+06	3.27573E+06	0.1875	0.1875	0	0	16
P2.4	ascii	drop	skip	1	597275	798632	0.0597015	0.0149254	0	0	67
P2.4	ascii	drop	noop	1	203908	0	0	0	0	0	190
P2.4	ascii	drop	parse	1	204292	0	0	0	0	0	189
P2.4	ascii	drop	parsev	1	511414	0	0	0	0	0	80
P2.4	ascii	drop	pull	1	2.21525E+06	3.27573E+06	0.133333	0.0666667	0	0	15
P2.4	ascii	drop	pparse	1	191474	0	0	0	0	0	190
P2.4	ascii	drop	touch	1	85387.2	0	0	0	0	0	511
P2.4	ascii	drop	strs	1	957894	2.45726E+06	0.146341	0.0243902	0	0	41
P2.4	ascii	drop	host	1	2.20511E+06	3.27573E+06	0.230769	0.153846	0	0.0769231	13
P2.4	ascii	drop	inc	1	1.98896E+06	3.28783E+06	0.1875	0.125	0	0	16
P2.4	ascii	drop	skip	2	602017	798632	0.0447761	0.0149254	0	0	67
P2.4	ascii	drop	noop	2	207671	0	0	0	0	0	190
P2.4	ascii	drop	parse	2	198643	0	0	0	0	0	189
P2.4	ascii	drop	parsev	2	485488	0	0	0	0	0	80
P2.4	ascii	drop	pull	2	2.15034E+06	3.27573E+06	0.2	0.2	0	0	15
P2.4	ascii	drop	pparse	2	188513	0	0	0	0	0	190
P2.4	ascii	drop	touch	2	84699.8	0	0	0	0	0	511
P2.4	ascii	drop	strs	2	972589	2.45726E+06	0.146341	0	0	0	41
P2.4	ascii	drop	host	2	1.79958E+06	3.27573E+06	0.153846	0.0769231	0	0	13
P2.4	ascii	drop	inc	2	2.40634E+06	3.28783E+06	0.1875	0.1875	0	0	16
P2.4	ascii	drop	ref	2	2.17969E+06	3.27573E+06	0.1875	0.125	0	0	16
P2.4	ascii	drop	noop	3	203485	0	0	0	0	0	190
P2.4	ascii	drop	parse	3	195913	0	0	0	0	0	189
P2.4	ascii	drop	parsev	3	547729	0	0	0	0	0	80
P2.4	ascii	drop	pull	3	2.28736E+06	3.27573E+06	0.2	0.133333	0	0.0666667	15
P2.4	ascii	drop	pparse	3	198421	0	0	0	0	0	190
P2.4	ascii	drop	touch	3	77976.2	0	0	0	0	0	511
P2.4	ascii	drop	strs	3	1.03125E+06	2.45726E+06	0.146341	0.0243902	0	0	41
P2.4	ascii	drop	host	3	2.11973E+06	3.27573E+06	0.153846	0.0769231	0	0	13
P2.4	ascii	drop	inc	3	2.43463E+06	3.28783E+06	0.1875	0.125	0	0	16
P2.4	ascii	drop	ref	3	2.32301E+06	3.27573E+06	0.1875	0.125	0	0	16
P2.4	ascii	drop	skip	3	566591	798632	0.0447761	0.0298507	0	0	67
P2.4	ascii	drop	parse	4	202950	0	0	0	0	0	189
P2.4	ascii	drop	parsev	4	490518	0	0	0	0	0	80
P2.4	ascii	drop	pull	4	2.42038E+06	3.27573E+06	0.2	0.133333	0	0	15
P2.4	ascii	drop	pparse	4	188510	0	0	0	0	0	190
P2.4	ascii	drop	touch	4	70839.8	0	0	0	0	0	511
P2.4	ascii	drop	strs	4	892427	2.45726E+06	0.146341	0.0243902	0	0	41
P2.4	ascii	drop	host	4	2.28746E+06	3.27573E+06	0.230769	0.0769231	0	0	13
P2.4	ascii	drop	inc	4	1.99002E+06	3.28783E+06	0.1875	0.125	0	0	16
P2.4	ascii	drop	ref	4	1.97835E+06	3.27573E+06	0.1875	0.1875	0	0	16
P2.4	ascii	drop	skip	4	557306	798632	0.0447761	0.0149254	0	0	67
P2.4	ascii	drop	noop	4	203379	0	0	0	0	0	190
P2.4	ascii	drop	parsev	5	495947	0	0	0	0	0	80
P2.4	ascii	drop	pull	5	2.10485E+06	3.27573E+06	0.2	0.0666667	0	0	15
P2.4	ascii	drop	pparse	5	192098	0	0	0	0	0	190
P2.4	ascii	drop	touch	5	79349.3	0	0	0	0	0	511
P2.4	ascii	drop	strs	5	970165	2.45726E+06	0.121951	0.0243902	0	0	41
P2.4	ascii	drop	host	5	2.1843E+06	3.27573E+06	0.230769	0.153846	0	0.0769231	13
P2.4	ascii	drop	inc	5	2.02596E+06	3.28783E+06	0.1875	0.125	0	0	16
P2.4	ascii	drop	ref	5	2.11344E+06	3.27573E+06	0.1875	0.125	0	0	16
P2.4	ascii	drop	skip	5	566857	798632	0.0447761	0.0149254	0	0	67
P2.4	ascii	drop	noop	5	208613	0	0	0	0	0	190
P2.4	ascii	drop	parse	5	200782	0	0	0	0	0	189
P2.4	ascii	drop	pull	6	1.96911E+06	3.27573E+06	0.2	0.133333	0	0	15
P2.4	ascii	drop	pparse	6	188331	0	0	0	0	0	190
P2.4	ascii	drop	touch	6	77341.9	0	0	0	0	0	511
P2.4	ascii	drop	strs	6	973997	2.45726E+06	0.146341	0.0243902	0	0	41
P2.4	ascii	drop	host	6	2.24194E+06	3.27573E+06	0.153846	0.0769231	0	0	13
P2.4	ascii	drop	inc	6	2.36266E+06	3.28783E+06	0.1875	0.125	0	0	16
P2.4	ascii	drop	ref	6	2.2311E+06	3.27573E+06	0.1875	0.125	0	0	16
P2.4	ascii	drop	skip	6	618196	798632	0.0447761	0.0298507	0	0	67
P2.4	ascii	drop	noop	6	206397	0	0	0	0	0	190
P2.4	ascii	drop	parse	6	196217	0	0	0	0	0	189
P2.4	ascii	drop	parsev	6	497536	0	0	0	0	0	80
P2.5	ascii	retain	ref	1	57846	81472	0.0056899	0.00142248	0	0	703
P2.5	ascii	retain	skip	1	29906.1	28968	0.00146413	0	0	0	1366
P2.5	ascii	retain	noop	1	11700.4	0	0	0	0	0	3394
P2.5	ascii	retain	parse	1	9937.78	0	0	0	0	0	3751
P2.5	ascii	retain	parsev	1	18852	0	0	0	0	0	2093
P2.5	ascii	retain	pparse	1	10535.7	0	0	0	0	0	3668
P2.5	ascii	retain	touch	1	1186.54	0	0	0	0	0	29082
P2.5	ascii	retain	strs	1	21017.2	47544	0.00276243	0	0	0	1448
P2.5	ascii	retain	host	1	52366.9	81472	0.00447761	0.00149254	0	0	670
P2.5	ascii	retain	inc	1	62747.4	87976	0.00461538	0	0	0	650
P2.5	ascii	retain	skip	2	30251.7	28968	0.00219619	0.000732064	0	0	1366
P2.5	ascii	retain	noop	2	11375	0	0	0	0	0	3394
P2.5	ascii	retain	parse	2	9998.15	0	0	0	0	0	3751
P2.5	ascii	retain	parsev	2	18758.2	0	0	0	0	0	2093
P2.5	ascii	retain	pparse	2	10471.1	0	0	0	0	0	3668
P2.5	ascii	retain	touch	2	1172.21	0	0	0	0	0	29082
P2.5	ascii	retain	strs	2	20794.3	47544	0.00276243	0	0	0	1448
P2.5	ascii	retain	host	2	47782.4	81472	0.00447761	0	0	0	670
P2.5	ascii	retain	inc	2	60663.2	87976	0.00461538	0.00153846	0	0	650
P2.5	ascii	retain	ref	2	57954.7	81472	0.0056899	0	0	0	703
P2.5	ascii	retain	noop	3	11937.9	0	0	0	0	0	3394
P2.5	ascii	retain	parse	3	10021.5	0	0	0	0	0	3751
P2.5	ascii	retain	parsev	3	18762.7	0	0	0	0	0	2093
P2.5	ascii	retain	pparse	3	10443.1	0	0	0	0	0	3668
P2.5	ascii	retain	touch	3	1167.15	0	0	0	0	0	29082
P2.5	ascii	retain	strs	3	20788.8	47544	0.00276243	0	0	0	1448
P2.5	ascii	retain	host	3	48157.1	81472	0.00447761	0.00149254	0	0	670
P2.5	ascii	retain	inc	3	58834.7	87976	0.00461538	0	0	0	650
P2.5	ascii	retain	ref	3	56517.4	81472	0.00426743	0.00142248	0	0	703
P2.5	ascii	retain	skip	3	29437.5	28968	0.00219619	0	0	0	1366
P2.5	ascii	retain	parse	4	9925.06	0	0	0	0	0	3751
P2.5	ascii	retain	parsev	4	18821.3	0	0	0	0	0	2093
P2.5	ascii	retain	pparse	4	10475.4	0	0	0	0	0	3668
P2.5	ascii	retain	touch	4	1180.1	0	0	0	0	0	29082
P2.5	ascii	retain	strs	4	20562.2	47544	0.00276243	0	0	0	1448
P2.5	ascii	retain	host	4	48805.2	81472	0.00447761	0	0	0	670
P2.5	ascii	retain	inc	4	60126	87976	0.00461538	0.00153846	0	0	650
P2.5	ascii	retain	ref	4	57648.1	81472	0.00426743	0	0	0	703
P2.5	ascii	retain	skip	4	29700.2	28968	0.00219619	0.000732064	0	0	1366
P2.5	ascii	retain	noop	4	10956.4	0	0	0	0	0	3394
P2.5	ascii	retain	parsev	5	18870.2	0	0	0	0	0	2093
P2.5	ascii	retain	pparse	5	10520.6	0	0	0	0	0	3668
P2.5	ascii	retain	touch	5	1178.35	0	0	0	0	0	29082
P2.5	ascii	retain	strs	5	21035.5	47544	0.00276243	0	0	0	1448
P2.5	ascii	retain	host	5	48212.1	81472	0.00447761	0	0	0	670
P2.5	ascii	retain	inc	5	60794.2	87976	0.00461538	0.00153846	0	0	650
P2.5	ascii	retain	ref	5	57492.6	81472	0.0056899	0	0	0	703
P2.5	ascii	retain	skip	5	29331.3	28968	0.00146413	0.000732064	0	0	1366
P2.5	ascii	retain	noop	5	11633.8	0	0	0	0	0	3394
P2.5	ascii	retain	parse	5	9947.91	0	0	0	0	0	3751
P2.5	ascii	retain	pparse	6	10505.4	0	0	0	0	0	3668
P2.5	ascii	retain	touch	6	1179.75	0	0	0	0	0	29082
P2.5	ascii	retain	strs	6	20872.2	47544	0.00276243	0	0	0	1448
P2.5	ascii	retain	host	6	48432.8	81472	0.00447761	0	0	0	670
P2.5	ascii	retain	inc	6	60598.3	87976	0.00461538	0.00153846	0	0	650
P2.5	ascii	retain	ref	6	57871	81472	0.0056899	0	0	0	703
P2.5	ascii	retain	skip	6	29665.4	28968	0.00146413	0	0	0	1366
P2.5	ascii	retain	noop	6	11135.3	0	0	0	0	0	3394
P2.5	ascii	retain	parse	6	9930.66	0	0	0	0	0	3751
P2.5	ascii	retain	parsev	6	18961.4	0	0	0	0	0	2093
P2.5	ascii	drop	ref	1	57349	81472	0.00570613	0	0	0	701
P2.5	ascii	drop	skip	1	29405.8	28968	0.00150489	0.000752445	0	0	1329
P2.5	ascii	drop	noop	1	11616.5	0	0	0	0	0	3470
P2.5	ascii	drop	parse	1	9936.02	0	0	0	0	0	3914
P2.5	ascii	drop	parsev	1	19068.6	0	0	0	0	0	2129
P2.5	ascii	drop	pull	1	53915.8	81472	0.00390625	0	0	0	768
P2.5	ascii	drop	pparse	1	10488.6	0	0	0	0	0	3649
P2.5	ascii	drop	touch	1	1187.54	0	0	0	0	0	33969
P2.5	ascii	drop	strs	1	21147.2	47544	0.00303644	0	0	0	1976
P2.5	ascii	drop	host	1	49169.5	81472	0.00503145	0.00125786	0	0	795
P2.5	ascii	drop	inc	1	59450.3	87976	0.0044843	0	0	0	669
P2.5	ascii	drop	skip	2	29277.5	28968	0.00150489	0	0	0	1329
P2.5	ascii	drop	noop	2	11583.4	0	0	0	0	0	3470
P2.5	ascii	drop	parse	2	9987.76	0	0	0	0	0	3914
P2.5	ascii	drop	parsev	2	18895.1	0	0	0	0	0	2129
P2.5	ascii	drop	pull	2	54583.6	81472	0.00520833	0.00130208	0	0	768
P2.5	ascii	drop	pparse	2	10440.5	0	0	0	0	0	3649
P2.5	ascii	drop	touch	2	1181.16	0	0	0	0	0	33969
P2.5	ascii	drop	strs	2	20320.6	47544	0.00253036	0	0	0	1976
P2.5	ascii	drop	host	2	49345.8	81472	0.00503145	0	0	0	795
P2.5	ascii	drop	inc	2	60731.2	87976	0.00597907	0.00149477	0	0	669
P2.5	ascii	drop	ref	2	57262.1	81472	0.0042796	0.00142653	0	0	701
P2.5	ascii	drop	noop	3	11700.7	0	0	0	0	0	3470
P2.5	ascii	drop	parse	3	10040.3	0	0	0	0	0	3914
P2.5	ascii	drop	parsev	3	18976	0	0	0	0	0	2129
P2.5	ascii	drop	pull	3	53087.9	81472	0.00390625	0	0	0	768
P2.5	ascii	drop	pparse	3	10692.5	0	0	0	0	0	3649
P2.5	ascii	drop	touch	3	1219.51	0	0	0	0	0	33969
P2.5	ascii	drop	strs	3	21132.6	47544	0.00303644	0	0	0	1976
P2.5	ascii	drop	host	3	51147.3	81472	0.00503145	0.00125786	0	0	795
P2.5	ascii	drop	inc	3	61413.5	87976	0.0044843	0	0	0	669
P2.5	ascii	drop	ref	3	57686.4	81472	0.0042796	0	0	0	701
P2.5	ascii	drop	skip	3	30584.3	28968	0.00225734	0.000752445	0	0	1329
P2.5	ascii	drop	parse	4	9931.56	0	0	0	0	0	3914
P2.5	ascii	drop	parsev	4	19103	0	0	0	0	0	2129
P2.5	ascii	drop	pull	4	54553.4	81472	0.00390625	0	0	0	768
P2.5	ascii	drop	pparse	4	10598.7	0	0	0	0	0	3649
P2.5	ascii	drop	touch	4	1192.06	0	0	0	0	0	33969
P2.5	ascii	drop	strs	4	20868	47544	0.00303644	0	0	0	1976
P2.5	ascii	drop	host	4	50245.6	81472	0.00377358	0.00125786	0	0	795
P2.5	ascii	drop	inc	4	62696.9	87976	0.00597907	0	0	0	669
P2.5	ascii	drop	ref	4	60440.1	81472	0.0042796	0.00142653	0	0	701
P2.5	ascii	drop	skip	4	30745.8	28968	0.00150489	0	0	0	1329
P2.5	ascii	drop	noop	4	11935.8	0	0	0	0	0	3470
P2.5	ascii	drop	parsev	5	19914.1	0	0	0	0	0	2129
P2.5	ascii	drop	pull	5	62556.7	81472	0.00520833	0	0	0	768
P2.5	ascii	drop	pparse	5	10982.7	0	0	0	0	0	3649
P2.5	ascii	drop	touch	5	1196.68	0	0	0	0	0	33969
P2.5	ascii	drop	strs	5	20895.7	47544	0.00253036	0.000506073	0	0	1976
P2.5	ascii	drop	host	5	50842.6	81472	0.00503145	0	0	0	795
P2.5	ascii	drop	inc	5	62418	87976	0.00597907	0.00149477	0	0	669
P2.5	ascii	drop	ref	5	57961.3	81472	0.0042796	0	0	0	701
P2.5	ascii	drop	skip	5	29551.6	28968	0.00150489	0.000752445	0	0	1329
P2.5	ascii	drop	noop	5	11390.4	0	0	0	0	0	3470
P2.5	ascii	drop	parse	5	10025.3	0	0	0	0	0	3914
P2.5	ascii	drop	pull	6	55769.9	81472	0.00520833	0	0	0	768
P2.5	ascii	drop	pparse	6	10502	0	0	0	0	0	3649
P2.5	ascii	drop	touch	6	1183.4	0	0	0	0	0	33969
P2.5	ascii	drop	strs	6	20663.9	47544	0.00253036	0	0	0	1976
P2.5	ascii	drop	host	6	49225.3	81472	0.00503145	0.00125786	0	0	795
P2.5	ascii	drop	inc	6	60751.5	87976	0.0044843	0	0	0	669
P2.5	ascii	drop	ref	6	58318.2	81472	0.00570613	0.00142653	0	0	701
P2.5	ascii	drop	skip	6	29551.7	28968	0.00150489	0	0	0	1329
P2.5	ascii	drop	noop	6	12001.7	0	0	0	0	0	3470
P2.5	ascii	drop	parse	6	10029.7	0	0	0	0	0	3914
P2.5	ascii	drop	parsev	6	19021.9	0	0	0	0	0	2129
P4.1	ascii	retain	ref	1	344139	363760	0.0194175	0	0	0	103
P4.1	ascii	retain	skip	1	146597	130696	0.00684932	0	0	0	292
P4.1	ascii	retain	noop	1	42580.2	0	0	0	0	0	917
P4.1	ascii	retain	parse	1	39863.4	0	0	0	0	0	922
P4.1	ascii	retain	parsev	1	97100.1	0	0	0	0	0	381
P4.1	ascii	retain	pparse	1	47775.7	0	0	0	0	0	947
P4.1	ascii	retain	touch	1	6100.31	0	0	0	0	0	6148
P4.1	ascii	retain	strs	1	132501	183464	0.010989	0	0	0	273
P4.1	ascii	retain	host	1	282529	363760	0.0172414	0	0	0	116
P4.1	ascii	retain	inc	1	368445	403704	0.0319149	0	0	0	94
P4.1	ascii	retain	skip	2	139883	130696	0.00684932	0	0	0	292
P4.1	ascii	retain	noop	2	41775.1	0	0	0	0	0	917
P4.1	ascii	retain	parse	2	37360.4	0	0	0	0	0	922
P4.1	ascii	retain	parsev	2	97762.8	0	0	0	0	0	381
P4.1	ascii	retain	pparse	2	38987.9	0	0	0	0	0	947
P4.1	ascii	retain	touch	2	6038.46	0	0	0	0	0	6148
P4.1	ascii	retain	strs	2	122618	183464	0.010989	0	0	0	273
P4.1	ascii	retain	host	2	285679	363760	0.0172414	0	0	0	116
P4.1	ascii	retain	inc	2	359940	403704	0.0212766	0	0	0	94
P4.1	ascii	retain	ref	2	307399	363760	0.0194175	0	0	0	103
P4.1	ascii	retain	noop	3	41896.2	0	0	0	0	0	917
P4.1	ascii	retain	parse	3	36388.5	0	0	0	0	0	922
P4.1	ascii	retain	parsev	3	96207.6	0	0	0	0	0	381
P4.1	ascii	retain	pparse	3	39288.5	0	0	0	0	0	947
P4.1	ascii	retain	touch	3	5606.24	0	0	0	0	0	6148
P4.1	ascii	retain	strs	3	119114	183464	0.010989	0	0	0	273
P4.1	ascii	retain	host	3	286429	363760	0.0258621	0	0	0	116
P4.1	ascii	retain	inc	3	349259	403704	0.0212766	0	0	0	94
P4.1	ascii	retain	ref	3	315867	363760	0.0194175	0	0	0	103
P4.1	ascii	retain	skip	3	130566	130696	0.00684932	0	0	0	292
P4.1	ascii	retain	parse	4	38047.2	0	0	0	0	0	922
P4.1	ascii	retain	parsev	4	101687	0	0	0	0	0	381
P4.1	ascii	retain	pparse	4	41842.4	0	0	0	0	0	947
P4.1	ascii	retain	touch	4	6099.98	0	0	0	0	0	6148
P4.1	ascii	retain	strs	4	134078	183464	0.010989	0	0	0	273
P4.1	ascii	retain	host	4	315985	363760	0.0258621	0	0	0	116
P4.1	ascii	retain	inc	4	400845	403704	0.0212766	0	0	0	94
P4.1	ascii	retain	ref	4	306617	363760	0.0194175	0	0	0	103
P4.1	ascii	retain	skip	4	128912	130696	0.00684932	0	0	0	292
P4.1	ascii	retain	noop	4	41240.8	0	0	0	0	0	917
P4.1	ascii	retain	parsev	5	95565.8	0	0	0	0	0	381
P4.1	ascii	retain	pparse	5	39756.9	0	0	0	0	0	947
P4.1	ascii	retain	touch	5	5838.8	0	0	0	0	0	6148
P4.1	ascii	retain	strs	5	120116	183464	0.010989	0	0	0	273
P4.1	ascii	retain	host	5	304330	363760	0.0258621	0	0	0	116
P4.1	ascii	retain	inc	5	359851	403704	0.0212766	0	0	0	94
P4.1	ascii	retain	ref	5	314589	363760	0.0194175	0	0	0	103
P4.1	ascii	retain	skip	5	125869	130696	0.00684932	0	0	0	292
P4.1	ascii	retain	noop	5	41405.8	0	0	0	0	0	917
P4.1	ascii	retain	parse	5	36718.4	0	0	0	0	0	922
P4.1	ascii	retain	pparse	6	39359.4	0	0	0	0	0	947
P4.1	ascii	retain	touch	6	5667.17	0	0	0	0	0	6148
P4.1	ascii	retain	strs	6	116666	183464	0.010989	0	0	0	273
P4.1	ascii	retain	host	6	289233	363760	0.0258621	0	0	0	116
P4.1	ascii	retain	inc	6	347577	403704	0.0212766	0	0	0	94
P4.1	ascii	retain	ref	6	306203	363760	0.0194175	0	0	0	103
P4.1	ascii	retain	skip	6	129582	130696	0.00684932	0	0	0	292
P4.1	ascii	retain	noop	6	42008.8	0	0	0	0	0	917
P4.1	ascii	retain	parse	6	36896.3	0	0	0	0	0	922
P4.1	ascii	retain	parsev	6	97241.1	0	0	0	0	0	381
P4.1	ascii	drop	ref	1	316922	363760	0.016129	0	0	0	124
P4.1	ascii	drop	skip	1	128416	130696	0.00961538	0	0	0	312
P4.1	ascii	drop	noop	1	41308.2	0	0	0	0	0	963
P4.1	ascii	drop	parse	1	36661.4	0	0	0	0	0	1038
P4.1	ascii	drop	parsev	1	96327.7	0	0	0	0	0	416
P4.1	ascii	drop	pull	1	289834	363760	0.016129	0	0	0	124
P4.1	ascii	drop	pparse	1	38800.8	0	0	0	0	0	1023
P4.1	ascii	drop	touch	1	5625.17	0	0	0	0	0	7109
P4.1	ascii	drop	strs	1	123950	183464	0.0126984	0	0	0	315
P4.1	ascii	drop	host	1	287546	363760	0.016129	0	0	0	124
P4.1	ascii	drop	inc	1	364197	403704	0.0283019	0	0	0	106
P4.1	ascii	drop	skip	2	125677	130696	0.00641026	0	0	0	312
P4.1	ascii	drop	noop	2	41637.2	0	0	0	0	0	963
P4.1	ascii	drop	parse	2	37028	0	0	0	0	0	1038
P4.1	ascii	drop	parsev	2	95814.8	0	0	0	0	0	416
P4.1	ascii	drop	pull	2	291918	363760	0.0241935	0	0	0	124
P4.1	ascii	drop	pparse	2	38509.1	0	0	0	0	0	1023
P4.1	ascii	drop	touch	2	5711.18	0	0	0	0	0	7109
P4.1	ascii	drop	strs	2	123083	183464	0.00952381	0	0	0	315
P4.1	ascii	drop	host	2	299198	363760	0.0241935	0	0	0	124
P4.1	ascii	drop	inc	2	356230	403704	0.0188679	0	0	0	106
P4.1	ascii	drop	ref	2	313587	363760	0.0241935	0	0	0	124
P4.1	ascii	drop	noop	3	41184.4	0	0	0	0	0	963
P4.1	ascii	drop	parse	3	36430.7	0	0	0	0	0	1038
P4.1	ascii	drop	parsev	3	95631.2	0	0	0	0	0	416
P4.1	ascii	drop	pull	3	285887	363760	0.016129	0	0	0	124
P4.1	ascii	drop	pparse	3	38753.9	0	0	0	0	0	1023
P4.1	ascii	drop	touch	3	5660.33	0	0	0	0	0	7109
P4.1	ascii	drop	strs	3	124026	183464	0.0126984	0	0	0	315
P4.1	ascii	drop	host	3	290974	363760	0.016129	0	0	0	124
P4.1	ascii	drop	inc	3	357765	403704	0.0283019	0	0	0	106
P4.1	ascii	drop	ref	3	303563	363760	0.016129	0	0	0	124
P4.1	ascii	drop	skip	3	127868	130696	0.00961538	0	0	0	312
P4.1	ascii	drop	parse	4	36411.6	0	0	0	0	0	1038
P4.1	ascii	drop	parsev	4	96615.1	0	0	0	0	0	416
P4.1	ascii	drop	pull	4	286916	363760	0.016129	0	0	0	124
P4.1	ascii	drop	pparse	4	38588.8	0	0	0	0	0	1023
P4.1	ascii	drop	touch	4	5606.48	0	0	0	0	0	7109
P4.1	ascii	drop	strs	4	123345	183464	0.0126984	0	0	0	315
P4.1	ascii	drop	host	4	287130	363760	0.016129	0	0	0	124
P4.1	ascii	drop	inc	4	360281	403704	0.0283019	0	0	0	106
P4.1	ascii	drop	ref	4	306524	363760	0.016129	0	0	0	124
P4.1	ascii	drop	skip	4	127564	130696	0.00961538	0	0	0	312
P4.1	ascii	drop	noop	4	41138.9	0	0	0	0	0	963
P4.1	ascii	drop	parsev	5	97837.1	0	0	0	0	0	416
P4.1	ascii	drop	pull	5	289838	363760	0.016129	0	0	0	124
P4.1	ascii	drop	pparse	5	38462.3	0	0	0	0	0	1023
P4.1	ascii	drop	touch	5	5601.76	0	0	0	0	0	7109
P4.1	ascii	drop	strs	5	125999	183464	0.0126984	0	0	0	315
P4.1	ascii	drop	host	5	294484	363760	0.016129	0	0	0	124
P4.1	ascii	drop	inc	5	381150	403704	0.0283019	0	0	0	106
P4.1	ascii	drop	ref	5	309343	363760	0.016129	0	0	0	124
P4.1	ascii	drop	skip	5	133222	130696	0.00961538	0	0	0	312
P4.1	ascii	drop	noop	5	41780.4	0	0	0	0	0	963
P4.1	ascii	drop	parse	5	37988.3	0	0	0	0	0	1038
P4.1	ascii	drop	pull	6	285822	363760	0.016129	0	0	0	124
P4.1	ascii	drop	pparse	6	38958.6	0	0	0	0	0	1023
P4.1	ascii	drop	touch	6	5642.98	0	0	0	0	0	7109
P4.1	ascii	drop	strs	6	125114	183464	0.0126984	0	0	0	315
P4.1	ascii	drop	host	6	293716	363760	0.016129	0	0	0	124
P4.1	ascii	drop	inc	6	363727	403704	0.0283019	0	0	0	106
P4.1	ascii	drop	ref	6	309924	363760	0.016129	0	0	0	124
P4.1	ascii	drop	skip	6	130683	130696	0.00961538	0	0	0	312
P4.1	ascii	drop	noop	6	42185.8	0	0	0	0	0	963
P4.1	ascii	drop	parse	6	37478.8	0	0	0	0	0	1038
P4.1	ascii	drop	parsev	6	98737.4	0	0	0	0	0	416
U-nested-before	corpus	retain	ref	1	833.95	904	3.92395E-05	0	0	0	50969
U-nested-before	corpus	retain	skip	1	576.531	472	2.93798E-05	0	0	0	68074
U-nested-before	corpus	retain	noop	1	246.209	0	0	0	0	0	161091
U-nested-before	corpus	retain	parse	1	231.592	0	0	0	0	0	171860
U-nested-before	corpus	retain	parsev	1	296.9	0	0	0	0	0	131431
U-nested-before	corpus	retain	pparse	1	227.076	0	0	0	0	0	178646
U-nested-before	corpus	retain	touch	1	11.3979	0	0	0	0	0	2968838
U-nested-before	corpus	retain	strs	1	177.243	432	2.61555E-05	0	0	0	229397
U-nested-before	corpus	retain	host	1	748.822	1384	7.36594E-05	0	0	0	54304
U-nested-before	corpus	retain	inc	1	1485.56	2688	0.000180695	0	0	0	27671
U-nested-before	corpus	retain	skip	2	587.015	472	1.46899E-05	0	0	0	68074
U-nested-before	corpus	retain	noop	2	248.238	0	0	0	0	0	161091
U-nested-before	corpus	retain	parse	2	242.743	0	0	0	0	0	171860
U-nested-before	corpus	retain	parsev	2	301.211	0	0	0	0	0	131431
U-nested-before	corpus	retain	pparse	2	230.133	0	0	0	0	0	178646
U-nested-before	corpus	retain	touch	2	11.3361	0	0	0	0	0	2968838
U-nested-before	corpus	retain	strs	2	180.251	432	2.61555E-05	0	0	0	229397
U-nested-before	corpus	retain	host	2	735.685	1384	7.36594E-05	0	0	0	54304
U-nested-before	corpus	retain	inc	2	1487.48	2688	0.000180695	0	0	0	27671
U-nested-before	corpus	retain	ref	2	813.907	904	3.92395E-05	0	0	0	50969
U-nested-before	corpus	retain	noop	3	248.149	0	0	0	0	0	161091
U-nested-before	corpus	retain	parse	3	232.409	0	0	0	0	0	171860
U-nested-before	corpus	retain	parsev	3	298.947	0	0	0	0	0	131431
U-nested-before	corpus	retain	pparse	3	227.65	0	0	0	0	0	178646
U-nested-before	corpus	retain	touch	3	11.5719	0	0	0	0	0	2968838
U-nested-before	corpus	retain	strs	3	181.544	432	2.61555E-05	0	0	0	229397
U-nested-before	corpus	retain	host	3	746.798	1384	9.20742E-05	0	0	0	54304
U-nested-before	corpus	retain	inc	3	1450.38	2688	0.000144556	0	0	0	27671
U-nested-before	corpus	retain	ref	3	819.907	904	5.88593E-05	0	0	0	50969
U-nested-before	corpus	retain	skip	3	573.473	472	1.46899E-05	0	0	0	68074
U-nested-before	corpus	retain	parse	4	233.089	0	0	0	0	0	171860
U-nested-before	corpus	retain	parsev	4	301.955	0	0	0	0	0	131431
U-nested-before	corpus	retain	pparse	4	232.279	0	0	0	0	0	178646
U-nested-before	corpus	retain	touch	4	11.7946	0	0	0	0	0	2968838
U-nested-before	corpus	retain	strs	4	187.638	432	2.61555E-05	0	0	0	229397
U-nested-before	corpus	retain	host	4	747.618	1384	9.20742E-05	0	0	0	54304
U-nested-before	corpus	retain	inc	4	1468.34	2688	0.000144556	3.61389E-05	0	0	27671
U-nested-before	corpus	retain	ref	4	811.005	904	3.92395E-05	0	0	0	50969
U-nested-before	corpus	retain	skip	4	580.104	472	2.93798E-05	0	0	0	68074
U-nested-before	corpus	retain	noop	4	248.367	0	0	0	0	0	161091
U-nested-before	corpus	retain	parsev	5	306.889	0	0	0	0	0	131431
U-nested-before	corpus	retain	pparse	5	231.219	0	0	0	0	0	178646
U-nested-before	corpus	retain	touch	5	11.557	0	0	0	0	0	2968838
U-nested-before	corpus	retain	strs	5	172.824	432	2.61555E-05	0	0	0	229397
U-nested-before	corpus	retain	host	5	716.149	1384	7.36594E-05	0	0	0	54304
U-nested-before	corpus	retain	inc	5	1431.05	2688	0.000180695	0	0	0	27671
U-nested-before	corpus	retain	ref	5	808.203	904	3.92395E-05	0	0	0	50969
U-nested-before	corpus	retain	skip	5	588.143	472	2.93798E-05	0	0	0	68074
U-nested-before	corpus	retain	noop	5	248.687	0	0	0	0	0	161091
U-nested-before	corpus	retain	parse	5	235.612	0	0	0	0	0	171860
U-nested-before	corpus	retain	pparse	6	228.959	0	0	0	0	0	178646
U-nested-before	corpus	retain	touch	6	11.4651	0	0	0	0	0	2968838
U-nested-before	corpus	retain	strs	6	173.564	432	2.61555E-05	0	0	0	229397
U-nested-before	corpus	retain	host	6	734.161	1384	7.36594E-05	0	0	0	54304
U-nested-before	corpus	retain	inc	6	1465.77	2688	0.000180695	0	0	0	27671
U-nested-before	corpus	retain	ref	6	795.133	904	3.92395E-05	0	0	0	50969
U-nested-before	corpus	retain	skip	6	569.051	472	2.93798E-05	0	0	0	68074
U-nested-before	corpus	retain	noop	6	253.597	0	0	0	0	0	161091
U-nested-before	corpus	retain	parse	6	241.207	0	0	0	0	0	171860
U-nested-before	corpus	retain	parsev	6	303.131	0	0	0	0	0	131431
U-nested-before	corpus	drop	ref	1	636.406	784	4.70573E-05	0	0	0	63752
U-nested-before	corpus	drop	skip	1	426.203	352	1.12116E-05	0	0	0	89193
U-nested-before	corpus	drop	noop	1	230.115	0	0	0	0	0	176076
U-nested-before	corpus	drop	parse	1	214.809	0	0	0	0	0	188371
U-nested-before	corpus	drop	parsev	1	278.422	0	0	0	0	0	147878
U-nested-before	corpus	drop	pull	1	673.894	784	5.91541E-05	0	0	0	67620
U-nested-before	corpus	drop	pparse	1	206.985	0	0	0	0	0	194078
U-nested-before	corpus	drop	touch	1	12.6095	0	0	0	0	0	2835491
U-nested-before	corpus	drop	strs	1	170.131	432	2.12458E-05	0	0	0	235341
U-nested-before	corpus	drop	host	1	467.013	784	4.63919E-05	0	0	0	86222
U-nested-before	corpus	drop	inc	1	1425.55	2688	0.00018203	0	0	0	27468
U-nested-before	corpus	drop	skip	2	423.699	352	1.12116E-05	0	0	0	89193
U-nested-before	corpus	drop	noop	2	228.961	0	0	0	0	0	176076
U-nested-before	corpus	drop	parse	2	213.536	0	0	0	0	0	188371
U-nested-before	corpus	drop	parsev	2	275.642	0	0	0	0	0	147878
U-nested-before	corpus	drop	pull	2	637.453	784	5.91541E-05	0	0	0	67620
U-nested-before	corpus	drop	pparse	2	209.767	0	0	0	0	0	194078
U-nested-before	corpus	drop	touch	2	13.0586	0	0	0	0	0	2835491
U-nested-before	corpus	drop	strs	2	172.408	432	2.12458E-05	0	0	0	235341
U-nested-before	corpus	drop	host	2	470.191	784	4.63919E-05	0	0	0	86222
U-nested-before	corpus	drop	inc	2	1420.05	2688	0.00018203	0	0	0	27468
U-nested-before	corpus	drop	ref	2	625.619	784	3.13716E-05	0	0	0	63752
U-nested-before	corpus	drop	noop	3	229.671	0	0	0	0	0	176076
U-nested-before	corpus	drop	parse	3	213.56	0	0	0	0	0	188371
U-nested-before	corpus	drop	parsev	3	274.024	0	0	0	0	0	147878
U-nested-before	corpus	drop	pull	3	623.251	784	5.91541E-05	0	0	0	67620
U-nested-before	corpus	drop	pparse	3	207.472	0	0	0	0	0	194078
U-nested-before	corpus	drop	touch	3	12.5988	0	0	0	0	0	2835491
U-nested-before	corpus	drop	strs	3	174.657	432	2.12458E-05	0	0	0	235341
U-nested-before	corpus	drop	host	3	477.961	784	4.63919E-05	0	0	0	86222
U-nested-before	corpus	drop	inc	3	1444.85	2688	0.00018203	0	0	0	27468
U-nested-before	corpus	drop	ref	3	675.496	784	4.70573E-05	0	0	0	63752
U-nested-before	corpus	drop	skip	3	436.668	352	1.12116E-05	0	0	0	89193
U-nested-before	corpus	drop	parse	4	221.557	0	0	0	0	0	188371
U-nested-before	corpus	drop	parsev	4	283.816	0	0	0	0	0	147878
U-nested-before	corpus	drop	pull	4	646.28	784	4.43656E-05	0	0	0	67620
U-nested-before	corpus	drop	pparse	4	213.548	0	0	0	0	0	194078
U-nested-before	corpus	drop	touch	4	12.6934	0	0	0	0	0	2835491
U-nested-before	corpus	drop	strs	4	178.125	432	2.54949E-05	0	0	0	235341
U-nested-before	corpus	drop	host	4	475.104	784	4.63919E-05	0	0	0	86222
U-nested-before	corpus	drop	inc	4	1452.36	2688	0.00018203	0	0	0	27468
U-nested-before	corpus	drop	ref	4	640.012	784	3.13716E-05	0	0	0	63752
U-nested-before	corpus	drop	skip	4	456.553	352	2.24233E-05	0	0	0	89193
U-nested-before	corpus	drop	noop	4	248.14	0	0	0	0	0	176076
U-nested-before	corpus	drop	parsev	5	280.425	0	0	0	0	0	147878
U-nested-before	corpus	drop	pull	5	652.873	784	4.43656E-05	0	0	0	67620
U-nested-before	corpus	drop	pparse	5	214.429	0	0	0	0	0	194078
U-nested-before	corpus	drop	touch	5	12.726	0	0	0	0	0	2835491
U-nested-before	corpus	drop	strs	5	169.282	432	2.54949E-05	0	0	0	235341
U-nested-before	corpus	drop	host	5	472.876	784	4.63919E-05	0	0	0	86222
U-nested-before	corpus	drop	inc	5	1422.73	2688	0.000145624	0	0	0	27468
U-nested-before	corpus	drop	ref	5	631.611	784	4.70573E-05	0	0	0	63752
U-nested-before	corpus	drop	skip	5	431.902	352	2.24233E-05	0	0	0	89193
U-nested-before	corpus	drop	noop	5	230.85	0	0	0	0	0	176076
U-nested-before	corpus	drop	parse	5	214.597	0	0	0	0	0	188371
U-nested-before	corpus	drop	pull	6	635.277	784	4.43656E-05	0	0	0	67620
U-nested-before	corpus	drop	pparse	6	211.798	0	0	0	0	0	194078
U-nested-before	corpus	drop	touch	6	13.1147	0	0	0	0	0	2835491
U-nested-before	corpus	drop	strs	6	168.114	432	2.54949E-05	0	0	0	235341
U-nested-before	corpus	drop	host	6	476.085	784	4.63919E-05	0	0	0	86222
U-nested-before	corpus	drop	inc	6	1417.98	2688	0.000145624	0	0	0	27468
U-nested-before	corpus	drop	ref	6	621.442	784	4.70573E-05	0	0	0	63752
U-nested-before	corpus	drop	skip	6	434.986	352	2.24233E-05	0	0	0	89193
U-nested-before	corpus	drop	noop	6	230.572	0	0	0	0	0	176076
U-nested-before	corpus	drop	parse	6	214.509	0	0	0	0	0	188371
U-nested-before	corpus	drop	parsev	6	276.716	0	0	0	0	0	147878
U-deep-u-repeated	corpus	retain	ref	1	3359.97	4152	0.000249709	0	0	0	12014
U-deep-u-repeated	corpus	retain	skip	1	1992.43	1800	0.000123663	0	0	0	16173
U-deep-u-repeated	corpus	retain	noop	1	776.21	0	0	0	0	0	51766
U-deep-u-repeated	corpus	retain	parse	1	693.631	0	0	0	0	0	54417
U-deep-u-repeated	corpus	retain	parsev	1	1123.86	0	0	0	0	0	33468
U-deep-u-repeated	corpus	retain	pparse	1	666.493	0	0	0	0	0	50691
U-deep-u-repeated	corpus	retain	touch	1	47.1047	0	0	0	0	0	814268
U-deep-u-repeated	corpus	retain	strs	1	1032.24	2104	9.13492E-05	0	0	0	21894
U-deep-u-repeated	corpus	retain	host	1	2877.94	4192	0.000256756	0	0	0	15579
U-deep-u-repeated	corpus	retain	inc	1	3574.21	5000	0.000281492	0	0	0	7105
U-deep-u-repeated	corpus	retain	skip	2	2096.27	1800	0.000123663	0	0	0	16173
U-deep-u-repeated	corpus	retain	noop	2	760.137	0	0	0	0	0	51766
U-deep-u-repeated	corpus	retain	parse	2	717.059	0	0	0	0	0	54417
U-deep-u-repeated	corpus	retain	parsev	2	1150.28	0	0	0	0	0	33468
U-deep-u-repeated	corpus	retain	pparse	2	637.195	0	0	0	0	0	50691
U-deep-u-repeated	corpus	retain	touch	2	44.6002	0	0	0	0	0	814268
U-deep-u-repeated	corpus	retain	strs	2	942.28	2104	9.13492E-05	0	0	0	21894
U-deep-u-repeated	corpus	retain	host	2	2614.47	4192	0.000256756	0	0	0	15579
U-deep-u-repeated	corpus	retain	inc	2	3263.55	5000	0.000281492	0	0	0	7105
U-deep-u-repeated	corpus	retain	ref	2	3296.82	4152	0.000249709	0	0	0	12014
U-deep-u-repeated	corpus	retain	noop	3	791.274	0	0	0	0	0	51766
U-deep-u-repeated	corpus	retain	parse	3	676.798	0	0	0	0	0	54417
U-deep-u-repeated	corpus	retain	parsev	3	1130.8	0	0	0	0	0	33468
U-deep-u-repeated	corpus	retain	pparse	3	650.697	0	0	0	0	0	50691
U-deep-u-repeated	corpus	retain	touch	3	45.876	0	0	0	0	0	814268
U-deep-u-repeated	corpus	retain	strs	3	993.571	2104	0.000137024	0	0	0	21894
U-deep-u-repeated	corpus	retain	host	3	2792.51	4192	0.000256756	0	0	0	15579
U-deep-u-repeated	corpus	retain	inc	3	3509.18	5000	0.000281492	0	0	0	7105
U-deep-u-repeated	corpus	retain	ref	3	3526.77	4152	0.000249709	0	0	0	12014
U-deep-u-repeated	corpus	retain	skip	3	1978.5	1800	6.18314E-05	0	0	0	16173
U-deep-u-repeated	corpus	retain	parse	4	691.221	0	0	0	0	0	54417
U-deep-u-repeated	corpus	retain	parsev	4	1146.66	0	0	0	0	0	33468
U-deep-u-repeated	corpus	retain	pparse	4	647.693	0	0	0	0	0	50691
U-deep-u-repeated	corpus	retain	touch	4	43.951	0	0	0	0	0	814268
U-deep-u-repeated	corpus	retain	strs	4	978.174	2104	0.000137024	0	0	0	21894
U-deep-u-repeated	corpus	retain	host	4	2553.49	4192	0.000256756	0	0	0	15579
U-deep-u-repeated	corpus	retain	inc	4	3269.87	5000	0.000281492	0	0	0	7105
U-deep-u-repeated	corpus	retain	ref	4	3255.36	4152	0.000249709	0	0	0	12014
U-deep-u-repeated	corpus	retain	skip	4	1975.49	1800	6.18314E-05	0	0	0	16173
U-deep-u-repeated	corpus	retain	noop	4	790.409	0	0	0	0	0	51766
U-deep-u-repeated	corpus	retain	parsev	5	1140.22	0	0	0	0	0	33468
U-deep-u-repeated	corpus	retain	pparse	5	643.138	0	0	0	0	0	50691
U-deep-u-repeated	corpus	retain	touch	5	44.5397	0	0	0	0	0	814268
U-deep-u-repeated	corpus	retain	strs	5	962.099	2104	0.000137024	0	0	0	21894
U-deep-u-repeated	corpus	retain	host	5	2592.85	4192	0.000256756	0	0	0	15579
U-deep-u-repeated	corpus	retain	inc	5	3276.76	5000	0.000281492	0	0	0	7105
U-deep-u-repeated	corpus	retain	ref	5	3241.29	4152	0.000249709	0	0	0	12014
U-deep-u-repeated	corpus	retain	skip	5	1967.01	1800	6.18314E-05	0	0	0	16173
U-deep-u-repeated	corpus	retain	noop	5	826.161	0	0	0	0	0	51766
U-deep-u-repeated	corpus	retain	parse	5	713.592	0	0	0	0	0	54417
U-deep-u-repeated	corpus	retain	pparse	6	698.193	0	0	0	0	0	50691
U-deep-u-repeated	corpus	retain	touch	6	44.2038	0	0	0	0	0	814268
U-deep-u-repeated	corpus	retain	strs	6	1056.14	2104	0.000137024	0	0	0	21894
U-deep-u-repeated	corpus	retain	host	6	2619.22	4192	0.000256756	0	0	0	15579
U-deep-u-repeated	corpus	retain	inc	6	3677.36	5000	0.000281492	0	0	0	7105
U-deep-u-repeated	corpus	retain	ref	6	3469.22	4152	0.000249709	0	0	0	12014
U-deep-u-repeated	corpus	retain	skip	6	2139.57	1800	0.000123663	0	0	0	16173
U-deep-u-repeated	corpus	retain	noop	6	771.722	0	0	0	0	0	51766
U-deep-u-repeated	corpus	retain	parse	6	727.725	0	0	0	0	0	54417
U-deep-u-repeated	corpus	retain	parsev	6	1184.33	0	0	0	0	0	33468
U-deep-u-repeated	corpus	drop	ref	1	3046.34	4096	0.000236314	0	0	0	12695
U-deep-u-repeated	corpus	drop	skip	1	1821.19	1744	0.000112391	0	0	0	17795
U-deep-u-repeated	corpus	drop	noop	1	801.099	0	0	0	0	0	52800
U-deep-u-repeated	corpus	drop	parse	1	726.498	0	0	0	0	0	60192
U-deep-u-repeated	corpus	drop	parsev	1	1109.59	0	0	0	0	0	31107
U-deep-u-repeated	corpus	drop	pull	1	3201.54	4096	0.000224652	0	0	0	13354
U-deep-u-repeated	corpus	drop	pparse	1	621.868	0	0	0	0	0	50475
U-deep-u-repeated	corpus	drop	touch	1	47.4016	0	0	0	0	0	845875
U-deep-u-repeated	corpus	drop	strs	1	928.93	2104	0.000116803	0	0	0	42807
U-deep-u-repeated	corpus	drop	host	1	2461.6	4096	0.000253068	0	0	0	15806
U-deep-u-repeated	corpus	drop	inc	1	3634.01	5000	0.000322841	0	0	0	12390
U-deep-u-repeated	corpus	drop	skip	2	1959.57	1744	5.61956E-05	0	0	0	17795
U-deep-u-repeated	corpus	drop	noop	2	812.189	0	0	0	0	0	52800
U-deep-u-repeated	corpus	drop	parse	2	680.182	0	0	0	0	0	60192
U-deep-u-repeated	corpus	drop	parsev	2	1083.02	0	0	0	0	0	31107
U-deep-u-repeated	corpus	drop	pull	2	3142.38	4096	0.000299536	7.48839E-05	0	0.00127303	13354
U-deep-u-repeated	corpus	drop	pparse	2	647.294	0	0	0	0	0	50475
U-deep-u-repeated	corpus	drop	touch	2	46.4094	0	0	0	0	0	845875
U-deep-u-repeated	corpus	drop	strs	2	989.198	2104	0.000116803	0	0	0	42807
U-deep-u-repeated	corpus	drop	host	2	2596.25	4096	0.000253068	0	0	0	15806
U-deep-u-repeated	corpus	drop	inc	2	3281.96	5000	0.000242131	0	0	0	12390
U-deep-u-repeated	corpus	drop	ref	2	3278.48	4096	0.000236314	0	0	0	12695
U-deep-u-repeated	corpus	drop	noop	3	818.788	0	0	0	0	0	52800
U-deep-u-repeated	corpus	drop	parse	3	736.588	0	0	0	0	0	60192
U-deep-u-repeated	corpus	drop	parsev	3	1097.62	0	0	0	0	0	31107
U-deep-u-repeated	corpus	drop	pull	3	3200.7	4096	0.000224652	0	0	0	13354
U-deep-u-repeated	corpus	drop	pparse	3	635.117	0	0	0	0	0	50475
U-deep-u-repeated	corpus	drop	touch	3	45.7828	0	0	0	0	0	845875
U-deep-u-repeated	corpus	drop	strs	3	927.024	2104	0.000140164	0	0	0	42807
U-deep-u-repeated	corpus	drop	host	3	2430.41	4096	0.000189801	0	0	0	15806
U-deep-u-repeated	corpus	drop	inc	3	3209.94	5000	0.000322841	0	0	0	12390
U-deep-u-repeated	corpus	drop	ref	3	3177.64	4096	0.000236314	0	0	0	12695
U-deep-u-repeated	corpus	drop	skip	3	1857.75	1744	0.000112391	0	0	0	17795
U-deep-u-repeated	corpus	drop	parse	4	674.566	0	0	0	0	0	60192
U-deep-u-repeated	corpus	drop	parsev	4	1051.27	0	0	0	0	0	31107
U-deep-u-repeated	corpus	drop	pull	4	3140.14	4096	0.000224652	0	0	0	13354
U-deep-u-repeated	corpus	drop	pparse	4	642.193	0	0	0	0	0	50475
U-deep-u-repeated	corpus	drop	touch	4	45.9874	0	0	0	0	0	845875
U-deep-u-repeated	corpus	drop	strs	4	971.827	2104	0.000116803	0	0	0	42807
U-deep-u-repeated	corpus	drop	host	4	2454.97	4096	0.000253068	0	0	0	15806
U-deep-u-repeated	corpus	drop	inc	4	3532.18	5000	0.000242131	0	0	0	12390
U-deep-u-repeated	corpus	drop	ref	4	3112.72	4096	0.000236314	0	0	0	12695
U-deep-u-repeated	corpus	drop	skip	4	1904.52	1744	0.000112391	0	0	0	17795
U-deep-u-repeated	corpus	drop	noop	4	695.745	0	0	0	0	0	52800
U-deep-u-repeated	corpus	drop	parsev	5	1063.73	0	0	0	0	0	31107
U-deep-u-repeated	corpus	drop	pull	5	2963.87	4096	0.000224652	0	0	0	13354
U-deep-u-repeated	corpus	drop	pparse	5	639.5	0	0	0	0	0	50475
U-deep-u-repeated	corpus	drop	touch	5	46.7806	0	0	0	0	0	845875
U-deep-u-repeated	corpus	drop	strs	5	976.607	2104	0.000140164	0	0	0	42807
U-deep-u-repeated	corpus	drop	host	5	2432.61	4096	0.000189801	0	0	0	15806
U-deep-u-repeated	corpus	drop	inc	5	3338.38	5000	0.000322841	0	0	0	12390
U-deep-u-repeated	corpus	drop	ref	5	3116.84	4096	0.000236314	0	0	0	12695
U-deep-u-repeated	corpus	drop	skip	5	1898.45	1744	0.000112391	0	0	0	17795
U-deep-u-repeated	corpus	drop	noop	5	749.385	0	0	0	0	0	52800
U-deep-u-repeated	corpus	drop	parse	5	688.799	0	0	0	0	0	60192
U-deep-u-repeated	corpus	drop	pull	6	3011.2	4096	0.000224652	0	0	0	13354
U-deep-u-repeated	corpus	drop	pparse	6	651.619	0	0	0	0	0	50475
U-deep-u-repeated	corpus	drop	touch	6	46.2365	0	0	0	0	0	845875
U-deep-u-repeated	corpus	drop	strs	6	949.984	2104	0.000116803	0	0	0	42807
U-deep-u-repeated	corpus	drop	host	6	2443.42	4096	0.000253068	0	0	0	15806
U-deep-u-repeated	corpus	drop	inc	6	3549.03	5000	0.000322841	0	0	0	12390
U-deep-u-repeated	corpus	drop	ref	6	3079.53	4096	0.000236314	0	0	0	12695
U-deep-u-repeated	corpus	drop	skip	6	1882.39	1744	5.61956E-05	0	0	0	17795
U-deep-u-repeated	corpus	drop	noop	6	786.79	0	0	0	0	0	52800
U-deep-u-repeated	corpus	drop	parse	6	648.562	0	0	0	0	0	60192
U-deep-u-repeated	corpus	drop	parsev	6	1100.92	0	0	0	0	0	31107
U-oneof-u-repeated	corpus	retain	ref	1	465.71	400	2.21811E-05	0	0	0	90167
U-oneof-u-repeated	corpus	retain	skip	1	364.765	264	1.81853E-05	0	0	0	109979
U-oneof-u-repeated	corpus	retain	noop	1	131.015	0	0	0	0	0	313760
U-oneof-u-repeated	corpus	retain	parse	1	115.623	0	0	0	0	0	347054
U-oneof-u-repeated	corpus	retain	parsev	1	136.256	0	0	0	0	0	290238
U-oneof-u-repeated	corpus	retain	pparse	1	114.252	0	0	0	0	0	344927
U-oneof-u-repeated	corpus	retain	touch	1	10.3701	0	0	0	0	0	3433359
U-oneof-u-repeated	corpus	retain	strs	1	64.4266	136	8.06897E-06	0	0	0	495726
U-oneof-u-repeated	corpus	retain	host	1	233.234	440	2.28408E-05	0	0	0	175125
U-oneof-u-repeated	corpus	retain	inc	1	503.664	904	4.96956E-05	0	0	0	80490
U-oneof-u-repeated	corpus	retain	skip	2	365.611	264	1.81853E-05	0	0	0	109979
U-oneof-u-repeated	corpus	retain	noop	2	130.632	0	0	0	0	0	313760
U-oneof-u-repeated	corpus	retain	parse	2	115.755	0	0	0	0	0	347054
U-oneof-u-repeated	corpus	retain	parsev	2	136.971	0	0	0	0	0	290238
U-oneof-u-repeated	corpus	retain	pparse	2	114.19	0	0	0	0	0	344927
U-oneof-u-repeated	corpus	retain	touch	2	10.4112	0	0	0	0	0	3433359
U-oneof-u-repeated	corpus	retain	strs	2	64.6945	136	8.06897E-06	0	0	0	495726
U-oneof-u-repeated	corpus	retain	host	2	233.09	440	2.28408E-05	0	0	0	175125
U-oneof-u-repeated	corpus	retain	inc	2	501.406	904	4.96956E-05	0	0	0	80490
U-oneof-u-repeated	corpus	retain	ref	2	473.113	400	3.32716E-05	0	0	0	90167
U-oneof-u-repeated	corpus	retain	noop	3	129.968	0	0	0	0	0	313760
U-oneof-u-repeated	corpus	retain	parse	3	115.676	0	0	0	0	0	347054
U-oneof-u-repeated	corpus	retain	parsev	3	136.813	0	0	0	0	0	290238
U-oneof-u-repeated	corpus	retain	pparse	3	114.761	0	0	0	0	0	344927
U-oneof-u-repeated	corpus	retain	touch	3	10.434	0	0	0	0	0	3433359
U-oneof-u-repeated	corpus	retain	strs	3	63.1573	136	6.05173E-06	0	0	0	495726
U-oneof-u-repeated	corpus	retain	host	3	228.822	440	2.8551E-05	0	0	0	175125
U-oneof-u-repeated	corpus	retain	inc	3	502.616	904	4.96956E-05	0	0	0	80490
U-oneof-u-repeated	corpus	retain	ref	3	466.72	400	2.21811E-05	0	0	0	90167
U-oneof-u-repeated	corpus	retain	skip	3	363.603	264	1.81853E-05	0	0	0	109979
U-oneof-u-repeated	corpus	retain	parse	4	115.19	0	0	0	0	0	347054
U-oneof-u-repeated	corpus	retain	parsev	4	136.775	0	0	0	0	0	290238
U-oneof-u-repeated	corpus	retain	pparse	4	114.415	0	0	0	0	0	344927
U-oneof-u-repeated	corpus	retain	touch	4	10.3405	0	0	0	0	0	3433359
U-oneof-u-repeated	corpus	retain	strs	4	63.6528	136	8.06897E-06	0	0	0	495726
U-oneof-u-repeated	corpus	retain	host	4	232.269	440	2.28408E-05	0	0	0	175125
U-oneof-u-repeated	corpus	retain	inc	4	505.061	904	6.21195E-05	0	0	0	80490
U-oneof-u-repeated	corpus	retain	ref	4	472.265	400	2.21811E-05	0	0	0	90167
U-oneof-u-repeated	corpus	retain	skip	4	359.647	264	9.09264E-06	0	0	0	109979
U-oneof-u-repeated	corpus	retain	noop	4	130.568	0	0	0	0	0	313760
U-oneof-u-repeated	corpus	retain	parsev	5	136.336	0	0	0	0	0	290238
U-oneof-u-repeated	corpus	retain	pparse	5	114.227	0	0	0	0	0	344927
U-oneof-u-repeated	corpus	retain	touch	5	10.4585	0	0	0	0	0	3433359
U-oneof-u-repeated	corpus	retain	strs	5	64.0627	136	8.06897E-06	0	0	0	495726
U-oneof-u-repeated	corpus	retain	host	5	233.813	440	2.8551E-05	0	0	0	175125
U-oneof-u-repeated	corpus	retain	inc	5	502.42	904	4.96956E-05	0	0	0	80490
U-oneof-u-repeated	corpus	retain	ref	5	468.263	400	2.21811E-05	0	0	0	90167
U-oneof-u-repeated	corpus	retain	skip	5	363.97	264	1.81853E-05	0	0	0	109979
U-oneof-u-repeated	corpus	retain	noop	5	130.367	0	0	0	0	0	313760
U-oneof-u-repeated	corpus	retain	parse	5	116.008	0	0	0	0	0	347054
U-oneof-u-repeated	corpus	retain	pparse	6	115.847	0	0	0	0	0	344927
U-oneof-u-repeated	corpus	retain	touch	6	10.4767	0	0	0	0	0	3433359
U-oneof-u-repeated	corpus	retain	strs	6	64.8367	136	8.06897E-06	0	0	0	495726
U-oneof-u-repeated	corpus	retain	host	6	234.939	440	2.28408E-05	0	0	0	175125
U-oneof-u-repeated	corpus	retain	inc	6	515.502	904	4.96956E-05	0	0	0	80490
U-oneof-u-repeated	corpus	retain	ref	6	461.613	400	2.21811E-05	0	0	0	90167
U-oneof-u-repeated	corpus	retain	skip	6	365.965	264	1.81853E-05	0	0	0	109979
U-oneof-u-repeated	corpus	retain	noop	6	130.268	0	0	0	0	0	313760
U-oneof-u-repeated	corpus	retain	parse	6	115.978	0	0	0	0	0	347054
U-oneof-u-repeated	corpus	retain	parsev	6	135.736	0	0	0	0	0	290238
U-oneof-u-repeated	corpus	drop	ref	1	371.849	352	1.83618E-05	0	0	0	108922
U-oneof-u-repeated	corpus	drop	skip	1	283.996	216	1.41486E-05	0	0	0	141357
U-oneof-u-repeated	corpus	drop	noop	1	152.947	0	0	0	0	0	264726
U-oneof-u-repeated	corpus	drop	parse	1	137.573	0	0	0	0	0	294207
U-oneof-u-repeated	corpus	drop	parsev	1	158.856	0	0	0	0	0	254007
U-oneof-u-repeated	corpus	drop	pull	1	330.302	352	2.44573E-05	0	0	0	122663
U-oneof-u-repeated	corpus	drop	pparse	1	135.421	0	0	0	0	0	290954
U-oneof-u-repeated	corpus	drop	touch	1	10.369	0	0	0	0	0	3598758
U-oneof-u-repeated	corpus	drop	strs	1	63.3102	136	8.28853E-06	0	0	0	603243
U-oneof-u-repeated	corpus	drop	host	1	191.501	352	1.80547E-05	0	0	0	221549
U-oneof-u-repeated	corpus	drop	inc	1	555.279	904	4.85561E-05	0	0	0	82379
U-oneof-u-repeated	corpus	drop	skip	2	304.736	216	1.41486E-05	0	0	0	141357
U-oneof-u-repeated	corpus	drop	noop	2	169.604	0	0	0	0	0	264726
U-oneof-u-repeated	corpus	drop	parse	2	149.779	0	0	0	0	0	294207
U-oneof-u-repeated	corpus	drop	parsev	2	170.441	0	0	0	0	0	254007
U-oneof-u-repeated	corpus	drop	pull	2	368.099	352	2.44573E-05	0	0	0	122663
U-oneof-u-repeated	corpus	drop	pparse	2	142.589	0	0	0	0	0	290954
U-oneof-u-repeated	corpus	drop	touch	2	10.4436	0	0	0	0	0	3598758
U-oneof-u-repeated	corpus	drop	strs	2	67.8563	136	6.63083E-06	0	0	0	603243
U-oneof-u-repeated	corpus	drop	host	2	195.184	352	2.25684E-05	0	0	0	221549
U-oneof-u-repeated	corpus	drop	inc	2	551.819	904	4.85561E-05	0	0	0	82379
U-oneof-u-repeated	corpus	drop	ref	2	381.186	352	1.83618E-05	0	0	0	108922
U-oneof-u-repeated	corpus	drop	noop	3	163.319	0	0	0	0	0	264726
U-oneof-u-repeated	corpus	drop	parse	3	139.778	0	0	0	0	0	294207
U-oneof-u-repeated	corpus	drop	parsev	3	167.837	0	0	0	0	0	254007
U-oneof-u-repeated	corpus	drop	pull	3	347.665	352	2.44573E-05	0	0	0	122663
U-oneof-u-repeated	corpus	drop	pparse	3	134.696	0	0	0	0	0	290954
U-oneof-u-repeated	corpus	drop	touch	3	10.518	0	0	0	0	0	3598758
U-oneof-u-repeated	corpus	drop	strs	3	64.2872	136	8.28853E-06	0	0	0	603243
U-oneof-u-repeated	corpus	drop	host	3	184.785	352	1.80547E-05	0	0	0	221549
U-oneof-u-repeated	corpus	drop	inc	3	552.405	904	6.06951E-05	0	0	0	82379
U-oneof-u-repeated	corpus	drop	ref	3	491.949	352	1.83618E-05	0	0	0	108922
U-oneof-u-repeated	corpus	drop	skip	3	295.666	216	1.41486E-05	0	0	0	141357
U-oneof-u-repeated	corpus	drop	parse	4	144.005	0	0	0	0	0	294207
U-oneof-u-repeated	corpus	drop	parsev	4	163.333	0	0	0	0	0	254007
U-oneof-u-repeated	corpus	drop	pull	4	383.408	352	1.63048E-05	0	0	0	122663
U-oneof-u-repeated	corpus	drop	pparse	4	143.416	0	0	0	0	0	290954
U-oneof-u-repeated	corpus	drop	touch	4	10.4922	0	0	0	0	0	3598758
U-oneof-u-repeated	corpus	drop	strs	4	70.0826	136	8.28853E-06	0	0	0	603243
U-oneof-u-repeated	corpus	drop	host	4	201.78	352	1.80547E-05	0	0	0	221549
U-oneof-u-repeated	corpus	drop	inc	4	541.261	904	6.06951E-05	0	0	0	82379
U-oneof-u-repeated	corpus	drop	ref	4	399.588	352	1.83618E-05	0	0	0	108922
U-oneof-u-repeated	corpus	drop	skip	4	306.85	216	1.41486E-05	0	0	0	141357
U-oneof-u-repeated	corpus	drop	noop	4	165.293	0	0	0	0	0	264726
U-oneof-u-repeated	corpus	drop	parsev	5	165.233	0	0	0	0	0	254007
U-oneof-u-repeated	corpus	drop	pull	5	341.944	352	1.63048E-05	0	0	0	122663
U-oneof-u-repeated	corpus	drop	pparse	5	140.33	0	0	0	0	0	290954
U-oneof-u-repeated	corpus	drop	touch	5	11.5688	0	0	0	0	0	3598758
U-oneof-u-repeated	corpus	drop	strs	5	67.9908	136	8.28853E-06	0	0	0	603243
U-oneof-u-repeated	corpus	drop	host	5	192.685	352	1.80547E-05	0	0	0	221549
U-oneof-u-repeated	corpus	drop	inc	5	517.533	904	6.06951E-05	0	0	0	82379
U-oneof-u-repeated	corpus	drop	ref	5	404.773	352	1.83618E-05	0	0	0	108922
U-oneof-u-repeated	corpus	drop	skip	5	292.014	216	1.41486E-05	0	0	0	141357
U-oneof-u-repeated	corpus	drop	noop	5	160.212	0	0	0	0	0	264726
U-oneof-u-repeated	corpus	drop	parse	5	139.274	0	0	0	0	0	294207
U-oneof-u-repeated	corpus	drop	pull	6	341.407	352	1.63048E-05	0	0	0	122663
U-oneof-u-repeated	corpus	drop	pparse	6	136.975	0	0	0	0	0	290954
U-oneof-u-repeated	corpus	drop	touch	6	10.4354	0	0	0	0	0	3598758
U-oneof-u-repeated	corpus	drop	strs	6	76.3946	136	8.28853E-06	0	0	0	603243
U-oneof-u-repeated	corpus	drop	host	6	188.838	352	2.25684E-05	0	0	0	221549
U-oneof-u-repeated	corpus	drop	inc	6	515.712	904	4.85561E-05	0	0	0	82379
U-oneof-u-repeated	corpus	drop	ref	6	379.346	352	1.83618E-05	0	0	0	108922
U-oneof-u-repeated	corpus	drop	skip	6	289.221	216	1.41486E-05	0	0	0	141357
U-oneof-u-repeated	corpus	drop	noop	6	159.144	0	0	0	0	0	264726
U-oneof-u-repeated	corpus	drop	parse	6	158.733	0	0	0	0	0	294207
U-oneof-u-repeated	corpus	drop	parsev	6	167.554	0	0	0	0	0	254007
U-wire-ListTaskSummaryResponse-tasks-as-wt5	corpus	retain	ref	1	3268.01	3720	0.000203314	0	0	0	9837
U-wire-ListTaskSummaryResponse-tasks-as-wt5	corpus	retain	skip	1	1556.24	1416	9.70497E-05	0	0	0	20608
U-wire-ListTaskSummaryResponse-tasks-as-wt5	corpus	retain	noop	1	505.254	0	0	0	0	0	50428
U-wire-ListTaskSummaryResponse-tasks-as-wt5	corpus	retain	parse	1	502.802	0	0	0	0	0	85589
U-wire-ListTaskSummaryResponse-tasks-as-wt5	corpus	retain	parsev	1	846.207	0	0	0	0	0	44930
U-wire-ListTaskSummaryResponse-tasks-as-wt5	corpus	retain	pparse	1	443.648	0	0	0	0	0	89691
U-wire-ListTaskSummaryResponse-tasks-as-wt5	corpus	retain	touch	1	43.692	0	0	0	0	0	827719
U-wire-ListTaskSummaryResponse-tasks-as-wt5	corpus	retain	strs	1	1031.01	1808	0.000107009	0	0	0	37380
U-wire-ListTaskSummaryResponse-tasks-as-wt5	corpus	retain	host	1	2622.81	3720	0.000213782	0	0	0	14033
U-wire-ListTaskSummaryResponse-tasks-as-wt5	corpus	retain	inc	1	3704.86	4504	0.000220556	0	0	0	9068
U-wire-ListTaskSummaryResponse-tasks-as-wt5	corpus	retain	skip	2	1796.2	1416	9.70497E-05	0	0	0	20608
U-wire-ListTaskSummaryResponse-tasks-as-wt5	corpus	retain	noop	2	643.607	0	0	0	0	0	50428
U-wire-ListTaskSummaryResponse-tasks-as-wt5	corpus	retain	parse	2	483.256	0	0	0	0	0	85589
U-wire-ListTaskSummaryResponse-tasks-as-wt5	corpus	retain	parsev	2	876.411	0	0	0	0	0	44930
U-wire-ListTaskSummaryResponse-tasks-as-wt5	corpus	retain	pparse	2	462.615	0	0	0	0	0	89691
U-wire-ListTaskSummaryResponse-tasks-as-wt5	corpus	retain	touch	2	44.5804	0	0	0	0	0	827719
U-wire-ListTaskSummaryResponse-tasks-as-wt5	corpus	retain	strs	2	1037.47	1808	0.000107009	0	0	0	37380
U-wire-ListTaskSummaryResponse-tasks-as-wt5	corpus	retain	host	2	2936.18	3720	0.000213782	0	0	0	14033
U-wire-ListTaskSummaryResponse-tasks-as-wt5	corpus	retain	inc	2	3348.92	4504	0.000220556	0	0	0	9068
U-wire-ListTaskSummaryResponse-tasks-as-wt5	corpus	retain	ref	2	3080.42	3720	0.000203314	0	0	0	9837
U-wire-ListTaskSummaryResponse-tasks-as-wt5	corpus	retain	noop	3	519.043	0	0	0	0	0	50428
U-wire-ListTaskSummaryResponse-tasks-as-wt5	corpus	retain	parse	3	472.664	0	0	0	0	0	85589
U-wire-ListTaskSummaryResponse-tasks-as-wt5	corpus	retain	parsev	3	863.13	0	0	0	0	0	44930
U-wire-ListTaskSummaryResponse-tasks-as-wt5	corpus	retain	pparse	3	459.556	0	0	0	0	0	89691
U-wire-ListTaskSummaryResponse-tasks-as-wt5	corpus	retain	touch	3	47.2375	0	0	0	0	0	827719
U-wire-ListTaskSummaryResponse-tasks-as-wt5	corpus	retain	strs	3	1005.45	1808	0.000107009	0	0	0	37380
U-wire-ListTaskSummaryResponse-tasks-as-wt5	corpus	retain	host	3	2676.43	3720	0.000213782	0	0	0	14033
U-wire-ListTaskSummaryResponse-tasks-as-wt5	corpus	retain	inc	3	3190.45	4504	0.000220556	0	0	0	9068
U-wire-ListTaskSummaryResponse-tasks-as-wt5	corpus	retain	ref	3	3079.04	3720	0.000304971	0	0	0	9837
U-wire-ListTaskSummaryResponse-tasks-as-wt5	corpus	retain	skip	3	1624.46	1416	4.85248E-05	0	0	0	20608
U-wire-ListTaskSummaryResponse-tasks-as-wt5	corpus	retain	parse	4	473.332	0	0	0	0	0	85589
U-wire-ListTaskSummaryResponse-tasks-as-wt5	corpus	retain	parsev	4	869.264	0	0	0	0	0	44930
U-wire-ListTaskSummaryResponse-tasks-as-wt5	corpus	retain	pparse	4	495.43	0	0	0	0	0	89691
U-wire-ListTaskSummaryResponse-tasks-as-wt5	corpus	retain	touch	4	44.1274	0	0	0	0	0	827719
U-wire-ListTaskSummaryResponse-tasks-as-wt5	corpus	retain	strs	4	1038.32	1808	0.000107009	0	0	0	37380
U-wire-ListTaskSummaryResponse-tasks-as-wt5	corpus	retain	host	4	2649.9	3720	0.000213782	0	0	0	14033
U-wire-ListTaskSummaryResponse-tasks-as-wt5	corpus	retain	inc	4	3233.79	4504	0.000330834	0	0	0	9068
U-wire-ListTaskSummaryResponse-tasks-as-wt5	corpus	retain	ref	4	3038.52	3720	0.000203314	0	0	0	9837
U-wire-ListTaskSummaryResponse-tasks-as-wt5	corpus	retain	skip	4	1552.66	1416	4.85248E-05	0	0	0	20608
U-wire-ListTaskSummaryResponse-tasks-as-wt5	corpus	retain	noop	4	501.193	0	0	0	0	0	50428
U-wire-ListTaskSummaryResponse-tasks-as-wt5	corpus	retain	parsev	5	861.6	0	0	0	0	0	44930
U-wire-ListTaskSummaryResponse-tasks-as-wt5	corpus	retain	pparse	5	460.101	0	0	0	0	0	89691
U-wire-ListTaskSummaryResponse-tasks-as-wt5	corpus	retain	touch	5	44.2148	0	0	0	0	0	827719
U-wire-ListTaskSummaryResponse-tasks-as-wt5	corpus	retain	strs	5	1023.79	1808	0.000107009	0	0	0	37380
U-wire-ListTaskSummaryResponse-tasks-as-wt5	corpus	retain	host	5	2701.82	3720	0.000213782	0	0	0	14033
U-wire-ListTaskSummaryResponse-tasks-as-wt5	corpus	retain	inc	5	3264.15	4504	0.000330834	0	0	0	9068
U-wire-ListTaskSummaryResponse-tasks-as-wt5	corpus	retain	ref	5	3044.68	3720	0.000203314	0	0	0	9837
U-wire-ListTaskSummaryResponse-tasks-as-wt5	corpus	retain	skip	5	1539.43	1416	9.70497E-05	0	0	0	20608
U-wire-ListTaskSummaryResponse-tasks-as-wt5	corpus	retain	noop	5	503.626	0	0	0	0	0	50428
U-wire-ListTaskSummaryResponse-tasks-as-wt5	corpus	retain	parse	5	462.713	0	0	0	0	0	85589
U-wire-ListTaskSummaryResponse-tasks-as-wt5	corpus	retain	pparse	6	481.554	0	0	0	0	0	89691
U-wire-ListTaskSummaryResponse-tasks-as-wt5	corpus	retain	touch	6	44.3078	0	0	0	0	0	827719
U-wire-ListTaskSummaryResponse-tasks-as-wt5	corpus	retain	strs	6	1004.89	1808	8.02568E-05	0	0	0	37380
U-wire-ListTaskSummaryResponse-tasks-as-wt5	corpus	retain	host	6	2637.38	3720	0.000213782	0	0	0	14033
U-wire-ListTaskSummaryResponse-tasks-as-wt5	corpus	retain	inc	6	3245.23	4504	0.000330834	0	0	0	9068
U-wire-ListTaskSummaryResponse-tasks-as-wt5	corpus	retain	ref	6	3067.46	3720	0.000203314	0	0	0	9837
U-wire-ListTaskSummaryResponse-tasks-as-wt5	corpus	retain	skip	6	1621.98	1416	9.70497E-05	0	0	0	20608
U-wire-ListTaskSummaryResponse-tasks-as-wt5	corpus	retain	noop	6	533.509	0	0	0	0	0	50428
U-wire-ListTaskSummaryResponse-tasks-as-wt5	corpus	retain	parse	6	465.742	0	0	0	0	0	85589
U-wire-ListTaskSummaryResponse-tasks-as-wt5	corpus	retain	parsev	6	860.274	0	0	0	0	0	44930
U-wire-ListTaskSummaryResponse-tasks-as-wt5	corpus	drop	ref	1	2890.25	3688	0.000222074	0	0	0	13509
U-wire-ListTaskSummaryResponse-tasks-as-wt5	corpus	drop	skip	1	1484.94	1384	7.73246E-05	0	0	0	25865
U-wire-ListTaskSummaryResponse-tasks-as-wt5	corpus	drop	noop	1	535.315	0	0	0	0	0	66146
U-wire-ListTaskSummaryResponse-tasks-as-wt5	corpus	drop	parse	1	476.489	0	0	0	0	0	85303
U-wire-ListTaskSummaryResponse-tasks-as-wt5	corpus	drop	parsev	1	900.644	0	0	0	0	0	43219
U-wire-ListTaskSummaryResponse-tasks-as-wt5	corpus	drop	pull	1	2816.25	3688	0.000213295	0	0	0	14065
U-wire-ListTaskSummaryResponse-tasks-as-wt5	corpus	drop	pparse	1	460.725	0	0	0	0	0	84447
U-wire-ListTaskSummaryResponse-tasks-as-wt5	corpus	drop	touch	1	43.9284	0	0	0	0	0	893619
U-wire-ListTaskSummaryResponse-tasks-as-wt5	corpus	drop	strs	1	1047.22	1808	0.000113103	0	0	0	35366
U-wire-ListTaskSummaryResponse-tasks-as-wt5	corpus	drop	host	1	2378.04	3688	0.000187383	0	0	0	16010
U-wire-ListTaskSummaryResponse-tasks-as-wt5	corpus	drop	inc	1	3393.03	4504	0.000272851	0	0	0	10995
U-wire-ListTaskSummaryResponse-tasks-as-wt5	corpus	drop	skip	2	1526.25	1384	7.73246E-05	0	0	0	25865
U-wire-ListTaskSummaryResponse-tasks-as-wt5	corpus	drop	noop	2	526.51	0	0	0	0	0	66146
U-wire-ListTaskSummaryResponse-tasks-as-wt5	corpus	drop	parse	2	477.127	0	0	0	0	0	85303
U-wire-ListTaskSummaryResponse-tasks-as-wt5	corpus	drop	parsev	2	893.732	0	0	0	0	0	43219
U-wire-ListTaskSummaryResponse-tasks-as-wt5	corpus	drop	pull	2	2833.73	3688	0.000213295	0	0	0	14065
U-wire-ListTaskSummaryResponse-tasks-as-wt5	corpus	drop	pparse	2	471.55	0	0	0	0	0	84447
U-wire-ListTaskSummaryResponse-tasks-as-wt5	corpus	drop	touch	2	44.0343	0	0	0	0	0	893619
U-wire-ListTaskSummaryResponse-tasks-as-wt5	corpus	drop	strs	2	1019.37	1808	0.000113103	0	0	0	35366
U-wire-ListTaskSummaryResponse-tasks-as-wt5	corpus	drop	host	2	2420.6	3688	0.000187383	0	0	0	16010
U-wire-ListTaskSummaryResponse-tasks-as-wt5	corpus	drop	inc	2	3235.17	4504	0.000272851	0	0	0	10995
U-wire-ListTaskSummaryResponse-tasks-as-wt5	corpus	drop	ref	2	2849.91	3688	0.000222074	0	0	0	13509
U-wire-ListTaskSummaryResponse-tasks-as-wt5	corpus	drop	noop	3	525.087	0	0	0	0	0	66146
U-wire-ListTaskSummaryResponse-tasks-as-wt5	corpus	drop	parse	3	480.241	0	0	0	0	0	85303
U-wire-ListTaskSummaryResponse-tasks-as-wt5	corpus	drop	parsev	3	887.778	0	0	0	0	0	43219
U-wire-ListTaskSummaryResponse-tasks-as-wt5	corpus	drop	pull	3	2843.77	3688	0.000213295	0	0	0	14065
U-wire-ListTaskSummaryResponse-tasks-as-wt5	corpus	drop	pparse	3	461.885	0	0	0	0	0	84447
U-wire-ListTaskSummaryResponse-tasks-as-wt5	corpus	drop	touch	3	43.6948	0	0	0	0	0	893619
U-wire-ListTaskSummaryResponse-tasks-as-wt5	corpus	drop	strs	3	1078.86	1808	0.000113103	0	0	0	35366
U-wire-ListTaskSummaryResponse-tasks-as-wt5	corpus	drop	host	3	2368.01	3688	0.000187383	0	0	0	16010
U-wire-ListTaskSummaryResponse-tasks-as-wt5	corpus	drop	inc	3	3207.5	4504	0.000272851	0	0	0	10995
U-wire-ListTaskSummaryResponse-tasks-as-wt5	corpus	drop	ref	3	2810.62	3688	0.000222074	0	0	0	13509
U-wire-ListTaskSummaryResponse-tasks-as-wt5	corpus	drop	skip	3	1436.79	1384	7.73246E-05	0	0	0	25865
U-wire-ListTaskSummaryResponse-tasks-as-wt5	corpus	drop	parse	4	469.032	0	0	0	0	0	85303
U-wire-ListTaskSummaryResponse-tasks-as-wt5	corpus	drop	parsev	4	881.562	0	0	0	0	0	43219
U-wire-ListTaskSummaryResponse-tasks-as-wt5	corpus	drop	pull	4	2787.88	3688	0.000213295	0	0	0	14065
U-wire-ListTaskSummaryResponse-tasks-as-wt5	corpus	drop	pparse	4	460.809	0	0	0	0	0	84447
U-wire-ListTaskSummaryResponse-tasks-as-wt5	corpus	drop	touch	4	43.8093	0	0	0	0	0	893619
U-wire-ListTaskSummaryResponse-tasks-as-wt5	corpus	drop	strs	4	1018.95	1808	0.000113103	0	0	0	35366
U-wire-ListTaskSummaryResponse-tasks-as-wt5	corpus	drop	host	4	2370.15	3688	0.000187383	0	0	0	16010
U-wire-ListTaskSummaryResponse-tasks-as-wt5	corpus	drop	inc	4	3208.9	4504	0.000272851	0	0	0	10995
U-wire-ListTaskSummaryResponse-tasks-as-wt5	corpus	drop	ref	4	2799.25	3688	0.000222074	0	0	0	13509
U-wire-ListTaskSummaryResponse-tasks-as-wt5	corpus	drop	skip	4	1441.58	1384	7.73246E-05	0	0	0	25865
U-wire-ListTaskSummaryResponse-tasks-as-wt5	corpus	drop	noop	4	519.078	0	0	0	0	0	66146
U-wire-ListTaskSummaryResponse-tasks-as-wt5	corpus	drop	parsev	5	906.287	0	0	0	0	0	43219
U-wire-ListTaskSummaryResponse-tasks-as-wt5	corpus	drop	pull	5	2919.2	3688	0.000213295	0	0	0	14065
U-wire-ListTaskSummaryResponse-tasks-as-wt5	corpus	drop	pparse	5	468.122	0	0	0	0	0	84447
U-wire-ListTaskSummaryResponse-tasks-as-wt5	corpus	drop	touch	5	44.5286	0	0	0	0	0	893619
U-wire-ListTaskSummaryResponse-tasks-as-wt5	corpus	drop	strs	5	1069.85	1808	0.000113103	0	0	0	35366
U-wire-ListTaskSummaryResponse-tasks-as-wt5	corpus	drop	host	5	2509.31	3688	0.000187383	0	0	0	16010
U-wire-ListTaskSummaryResponse-tasks-as-wt5	corpus	drop	inc	5	3259.66	4504	0.000272851	0	0	0	10995
U-wire-ListTaskSummaryResponse-tasks-as-wt5	corpus	drop	ref	5	2882.56	3688	0.000222074	0	0	0	13509
U-wire-ListTaskSummaryResponse-tasks-as-wt5	corpus	drop	skip	5	1437.16	1384	7.73246E-05	0	0	0	25865
U-wire-ListTaskSummaryResponse-tasks-as-wt5	corpus	drop	noop	5	517.357	0	0	0	0	0	66146
U-wire-ListTaskSummaryResponse-tasks-as-wt5	corpus	drop	parse	5	481.13	0	0	0	0	0	85303
U-wire-ListTaskSummaryResponse-tasks-as-wt5	corpus	drop	pull	6	2790.7	3688	0.000213295	0	0	0	14065
U-wire-ListTaskSummaryResponse-tasks-as-wt5	corpus	drop	pparse	6	457.841	0	0	0	0	0	84447
U-wire-ListTaskSummaryResponse-tasks-as-wt5	corpus	drop	touch	6	43.6184	0	0	0	0	0	893619
U-wire-ListTaskSummaryResponse-tasks-as-wt5	corpus	drop	strs	6	1022.57	1808	0.000113103	0	0	0	35366
U-wire-ListTaskSummaryResponse-tasks-as-wt5	corpus	drop	host	6	2449.54	3688	0.000187383	0	0	0	16010
U-wire-ListTaskSummaryResponse-tasks-as-wt5	corpus	drop	inc	6	3372.9	4504	0.000272851	0	0	0	10995
U-wire-ListTaskSummaryResponse-tasks-as-wt5	corpus	drop	ref	6	2900.45	3688	0.000222074	0	0	0	13509
U-wire-ListTaskSummaryResponse-tasks-as-wt5	corpus	drop	skip	6	1537.52	1384	7.73246E-05	0	0	0	25865
U-wire-ListTaskSummaryResponse-tasks-as-wt5	corpus	drop	noop	6	518.369	0	0	0	0	0	66146
U-wire-ListTaskSummaryResponse-tasks-as-wt5	corpus	drop	parse	6	489.766	0	0	0	0	0	85303
U-wire-ListTaskSummaryResponse-tasks-as-wt5	corpus	drop	parsev	6	905.726	0	0	0	0	0	43219
U-wire-UploadResultDataMessage-upload-as-wt5	corpus	retain	ref	1	383.25	344	1.83775E-05	0	0	0	108829
U-wire-UploadResultDataMessage-upload-as-wt5	corpus	retain	skip	1	276.641	152	1.42605E-05	0	0	0	140248
U-wire-UploadResultDataMessage-upload-as-wt5	corpus	retain	noop	1	90.1506	0	0	0	0	0	425054
U-wire-UploadResultDataMessage-upload-as-wt5	corpus	retain	parse	1	86.2963	0	0	0	0	0	460699
U-wire-UploadResultDataMessage-upload-as-wt5	corpus	retain	parsev	1	114.564	0	0	0	0	0	334301
U-wire-UploadResultDataMessage-upload-as-wt5	corpus	retain	pparse	1	87.643	0	0	0	0	0	431429
U-wire-UploadResultDataMessage-upload-as-wt5	corpus	retain	touch	1	5.57834	0	0	0	0	0	5416129
U-wire-UploadResultDataMessage-upload-as-wt5	corpus	retain	strs	1	77.9336	192	1.00438E-05	0	0	0	497820
U-wire-UploadResultDataMessage-upload-as-wt5	corpus	retain	host	1	167.712	344	2.32564E-05	0	0	0	128997
U-wire-UploadResultDataMessage-upload-as-wt5	corpus	retain	inc	1	375.825	728	4.11709E-05	0	0	0	97156
U-wire-UploadResultDataMessage-upload-as-wt5	corpus	retain	skip	2	277.561	152	7.13023E-06	0	0	0	140248
U-wire-UploadResultDataMessage-upload-as-wt5	corpus	retain	noop	2	90.0221	0	0	0	0	0	425054
U-wire-UploadResultDataMessage-upload-as-wt5	corpus	retain	parse	2	86.7738	0	0	0	0	0	460699
U-wire-UploadResultDataMessage-upload-as-wt5	corpus	retain	parsev	2	115.532	0	0	0	0	0	334301
U-wire-UploadResultDataMessage-upload-as-wt5	corpus	retain	pparse	2	85.4567	0	0	0	0	0	431429
U-wire-UploadResultDataMessage-upload-as-wt5	corpus	retain	touch	2	5.51245	0	0	0	0	0	5416129
U-wire-UploadResultDataMessage-upload-as-wt5	corpus	retain	strs	2	77.4507	192	1.20525E-05	0	0	0	497820
U-wire-UploadResultDataMessage-upload-as-wt5	corpus	retain	host	2	164.301	344	1.55042E-05	0	0	0	128997
U-wire-UploadResultDataMessage-upload-as-wt5	corpus	retain	inc	2	364.04	728	4.11709E-05	0	0	0	97156
U-wire-UploadResultDataMessage-upload-as-wt5	corpus	retain	ref	2	373.75	344	2.75662E-05	0	0	0	108829
U-wire-UploadResultDataMessage-upload-as-wt5	corpus	retain	noop	3	89.8983	0	0	0	0	0	425054
U-wire-UploadResultDataMessage-upload-as-wt5	corpus	retain	parse	3	85.673	0	0	0	0	0	460699
U-wire-UploadResultDataMessage-upload-as-wt5	corpus	retain	parsev	3	112.583	0	0	0	0	0	334301
U-wire-UploadResultDataMessage-upload-as-wt5	corpus	retain	pparse	3	84.2718	0	0	0	0	0	431429
U-wire-UploadResultDataMessage-upload-as-wt5	corpus	retain	touch	3	5.60369	0	0	0	0	0	5416129
U-wire-UploadResultDataMessage-upload-as-wt5	corpus	retain	strs	3	74.3982	192	1.00438E-05	0	0	0	497820
U-wire-UploadResultDataMessage-upload-as-wt5	corpus	retain	host	3	165.129	344	2.32564E-05	0	0	0	128997
U-wire-UploadResultDataMessage-upload-as-wt5	corpus	retain	inc	3	358.998	728	4.11709E-05	0	0	0	97156
U-wire-UploadResultDataMessage-upload-as-wt5	corpus	retain	ref	3	363.198	344	1.83775E-05	0	0	0	108829
U-wire-UploadResultDataMessage-upload-as-wt5	corpus	retain	skip	3	272.397	152	7.13023E-06	0	0	0	140248
U-wire-UploadResultDataMessage-upload-as-wt5	corpus	retain	parse	4	87.1511	0	0	0	0	0	460699
U-wire-UploadResultDataMessage-upload-as-wt5	corpus	retain	parsev	4	111.29	0	0	0	0	0	334301
U-wire-UploadResultDataMessage-upload-as-wt5	corpus	retain	pparse	4	83.4672	0	0	0	0	0	431429
U-wire-UploadResultDataMessage-upload-as-wt5	corpus	retain	touch	4	5.37906	0	0	0	0	0	5416129
U-wire-UploadResultDataMessage-upload-as-wt5	corpus	retain	strs	4	75.4203	192	1.20525E-05	0	0	0	497820
U-wire-UploadResultDataMessage-upload-as-wt5	corpus	retain	host	4	162.934	344	1.55042E-05	0	0	0	128997
U-wire-UploadResultDataMessage-upload-as-wt5	corpus	retain	inc	4	364.419	728	4.11709E-05	0	0	0	97156
U-wire-UploadResultDataMessage-upload-as-wt5	corpus	retain	ref	4	367.977	344	2.75662E-05	0	0	0	108829
U-wire-UploadResultDataMessage-upload-as-wt5	corpus	retain	skip	4	270.158	152	7.13023E-06	0	0	0	140248
U-wire-UploadResultDataMessage-upload-as-wt5	corpus	retain	noop	4	89.9935	0	0	0	0	0	425054
U-wire-UploadResultDataMessage-upload-as-wt5	corpus	retain	parsev	5	111.12	0	0	0	0	0	334301
U-wire-UploadResultDataMessage-upload-as-wt5	corpus	retain	pparse	5	83.624	0	0	0	0	0	431429
U-wire-UploadResultDataMessage-upload-as-wt5	corpus	retain	touch	5	5.51423	0	0	0	0	0	5416129
U-wire-UploadResultDataMessage-upload-as-wt5	corpus	retain	strs	5	75.7961	192	1.00438E-05	0	0	0	497820
U-wire-UploadResultDataMessage-upload-as-wt5	corpus	retain	host	5	170	344	2.32564E-05	0	0	0	128997
U-wire-UploadResultDataMessage-upload-as-wt5	corpus	retain	inc	5	371.247	728	4.11709E-05	1.02927E-05	0	1.02927E-05	97156
U-wire-UploadResultDataMessage-upload-as-wt5	corpus	retain	ref	5	367.479	344	1.83775E-05	0	0	0.00014702	108829
U-wire-UploadResultDataMessage-upload-as-wt5	corpus	retain	skip	5	276.061	152	7.13023E-06	0	0	0	140248
U-wire-UploadResultDataMessage-upload-as-wt5	corpus	retain	noop	5	89.3459	0	0	0	0	0	425054
U-wire-UploadResultDataMessage-upload-as-wt5	corpus	retain	parse	5	84.5054	0	0	0	0	0	460699
U-wire-UploadResultDataMessage-upload-as-wt5	corpus	retain	pparse	6	84.1142	0	0	0	0	0	431429
U-wire-UploadResultDataMessage-upload-as-wt5	corpus	retain	touch	6	5.95857	0	0	0	0	0	5416129
U-wire-UploadResultDataMessage-upload-as-wt5	corpus	retain	strs	6	78.3048	192	1.20525E-05	0	0	0	497820
U-wire-UploadResultDataMessage-upload-as-wt5	corpus	retain	host	6	170.479	344	2.32564E-05	0	0	0	128997
U-wire-UploadResultDataMessage-upload-as-wt5	corpus	retain	inc	6	369.823	728	4.11709E-05	0	0	0	97156
U-wire-UploadResultDataMessage-upload-as-wt5	corpus	retain	ref	6	392.887	344	1.83775E-05	0	0	0	108829
U-wire-UploadResultDataMessage-upload-as-wt5	corpus	retain	skip	6	277.426	152	7.13023E-06	0	0	0	140248
U-wire-UploadResultDataMessage-upload-as-wt5	corpus	retain	noop	6	91.8077	0	0	0	0	0	425054
U-wire-UploadResultDataMessage-upload-as-wt5	corpus	retain	parse	6	94.6576	0	0	0	0	0	460699
U-wire-UploadResultDataMessage-upload-as-wt5	corpus	retain	parsev	6	115.392	0	0	0	0	0	334301
U-wire-UploadResultDataMessage-upload-as-wt5	corpus	drop	ref	1	339.3	312	1.59298E-05	0	0	0	125551
U-wire-UploadResultDataMessage-upload-as-wt5	corpus	drop	skip	1	216.813	120	6.28172E-06	0	0	0	159192
U-wire-UploadResultDataMessage-upload-as-wt5	corpus	drop	noop	1	116.986	0	0	0	0	0	284123
U-wire-UploadResultDataMessage-upload-as-wt5	corpus	drop	parse	1	111.134	0	0	0	0	0	337351
U-wire-UploadResultDataMessage-upload-as-wt5	corpus	drop	parsev	1	145.302	0	0	0	0	0	279775
U-wire-UploadResultDataMessage-upload-as-wt5	corpus	drop	pull	1	280.003	312	2.05467E-05	0	0	0	146009
U-wire-UploadResultDataMessage-upload-as-wt5	corpus	drop	pparse	1	113.867	0	0	0	0	0	346714
U-wire-UploadResultDataMessage-upload-as-wt5	corpus	drop	touch	1	5.39913	0	0	0	0	0	5517491
U-wire-UploadResultDataMessage-upload-as-wt5	corpus	drop	strs	1	81.8365	192	1.17452E-05	0	0	0	510847
U-wire-UploadResultDataMessage-upload-as-wt5	corpus	drop	host	1	167.252	312	1.46612E-05	0	0	0	272829
U-wire-UploadResultDataMessage-upload-as-wt5	corpus	drop	inc	1	380.221	728	4.63615E-05	0	0	0	107848
U-wire-UploadResultDataMessage-upload-as-wt5	corpus	drop	skip	2	220.983	120	6.28172E-06	0	0	0	159192
U-wire-UploadResultDataMessage-upload-as-wt5	corpus	drop	noop	2	125.408	0	0	0	0	0	284123
U-wire-UploadResultDataMessage-upload-as-wt5	corpus	drop	parse	2	113.184	0	0	0	0	0	337351
U-wire-UploadResultDataMessage-upload-as-wt5	corpus	drop	parsev	2	137.35	0	0	0	0	0	279775
U-wire-UploadResultDataMessage-upload-as-wt5	corpus	drop	pull	2	293.685	312	2.05467E-05	0	0	0	146009
U-wire-UploadResultDataMessage-upload-as-wt5	corpus	drop	pparse	2	123.485	0	0	0	0	0	346714
U-wire-UploadResultDataMessage-upload-as-wt5	corpus	drop	touch	2	5.67794	0	0	0	0	0	5517491
U-wire-UploadResultDataMessage-upload-as-wt5	corpus	drop	strs	2	78.6704	192	9.78767E-06	0	0	0	510847
U-wire-UploadResultDataMessage-upload-as-wt5	corpus	drop	host	2	158.74	312	1.83265E-05	0	0	0	272829
U-wire-UploadResultDataMessage-upload-as-wt5	corpus	drop	inc	2	367.899	728	4.63615E-05	0	0	0	107848
U-wire-UploadResultDataMessage-upload-as-wt5	corpus	drop	ref	2	361.036	312	1.59298E-05	0	0	0	125551
U-wire-UploadResultDataMessage-upload-as-wt5	corpus	drop	noop	3	132.269	0	0	0	0	0	284123
U-wire-UploadResultDataMessage-upload-as-wt5	corpus	drop	parse	3	115.728	0	0	0	0	0	337351
U-wire-UploadResultDataMessage-upload-as-wt5	corpus	drop	parsev	3	140.14	0	0	0	0	0	279775
U-wire-UploadResultDataMessage-upload-as-wt5	corpus	drop	pull	3	274.886	312	2.05467E-05	0	0	0	146009
U-wire-UploadResultDataMessage-upload-as-wt5	corpus	drop	pparse	3	112.867	0	0	0	0	0	346714
U-wire-UploadResultDataMessage-upload-as-wt5	corpus	drop	touch	3	5.43436	0	0	0	0	0	5517491
U-wire-UploadResultDataMessage-upload-as-wt5	corpus	drop	strs	3	76.7993	192	1.17452E-05	0	0	0	510847
U-wire-UploadResultDataMessage-upload-as-wt5	corpus	drop	host	3	146.911	312	1.46612E-05	0	0	0	272829
U-wire-UploadResultDataMessage-upload-as-wt5	corpus	drop	inc	3	374.527	728	4.63615E-05	0	0	0	107848
U-wire-UploadResultDataMessage-upload-as-wt5	corpus	drop	ref	3	304.415	312	1.59298E-05	0	0	0	125551
U-wire-UploadResultDataMessage-upload-as-wt5	corpus	drop	skip	3	210.318	120	6.28172E-06	0	0	0	159192
U-wire-UploadResultDataMessage-upload-as-wt5	corpus	drop	parse	4	112.027	0	0	0	0	0	337351
U-wire-UploadResultDataMessage-upload-as-wt5	corpus	drop	parsev	4	139.477	0	0	0	0	0	279775
U-wire-UploadResultDataMessage-upload-as-wt5	corpus	drop	pull	4	278.401	312	2.05467E-05	0	0	0	146009
U-wire-UploadResultDataMessage-upload-as-wt5	corpus	drop	pparse	4	116.165	0	0	0	0	0	346714
U-wire-UploadResultDataMessage-upload-as-wt5	corpus	drop	touch	4	5.51368	0	0	0	0	0	5517491
U-wire-UploadResultDataMessage-upload-as-wt5	corpus	drop	strs	4	75.261	192	1.17452E-05	0	0	0	510847
U-wire-UploadResultDataMessage-upload-as-wt5	corpus	drop	host	4	146.177	312	1.83265E-05	0	0	0	272829
U-wire-UploadResultDataMessage-upload-as-wt5	corpus	drop	inc	4	351.113	728	3.70892E-05	0	0	0	107848
U-wire-UploadResultDataMessage-upload-as-wt5	corpus	drop	ref	4	306.369	312	1.59298E-05	0	0	0	125551
U-wire-UploadResultDataMessage-upload-as-wt5	corpus	drop	skip	4	214.737	120	1.25634E-05	0	0	0	159192
U-wire-UploadResultDataMessage-upload-as-wt5	corpus	drop	noop	4	118.902	0	0	0	0	0	284123
U-wire-UploadResultDataMessage-upload-as-wt5	corpus	drop	parsev	5	137.625	0	0	0	0	0	279775
U-wire-UploadResultDataMessage-upload-as-wt5	corpus	drop	pull	5	266.837	312	1.36978E-05	0	0	0	146009
U-wire-UploadResultDataMessage-upload-as-wt5	corpus	drop	pparse	5	113.705	0	0	0	0	0	346714
U-wire-UploadResultDataMessage-upload-as-wt5	corpus	drop	touch	5	5.54256	0	0	0	0	0	5517491
U-wire-UploadResultDataMessage-upload-as-wt5	corpus	drop	strs	5	76.2106	192	1.17452E-05	0	0	0	510847
U-wire-UploadResultDataMessage-upload-as-wt5	corpus	drop	host	5	152.746	312	1.83265E-05	0	0	0	272829
U-wire-UploadResultDataMessage-upload-as-wt5	corpus	drop	inc	5	381.051	728	3.70892E-05	0	0	0	107848
U-wire-UploadResultDataMessage-upload-as-wt5	corpus	drop	ref	5	315.886	312	2.38947E-05	0	0	0	125551
U-wire-UploadResultDataMessage-upload-as-wt5	corpus	drop	skip	5	217.101	120	6.28172E-06	0	0	0	159192
U-wire-UploadResultDataMessage-upload-as-wt5	corpus	drop	noop	5	120.539	0	0	0	0	0	284123
U-wire-UploadResultDataMessage-upload-as-wt5	corpus	drop	parse	5	117.248	0	0	0	0	0	337351
U-wire-UploadResultDataMessage-upload-as-wt5	corpus	drop	pull	6	285.853	312	1.36978E-05	0	0	0	146009
U-wire-UploadResultDataMessage-upload-as-wt5	corpus	drop	pparse	6	119.888	0	0	0	0	0	346714
U-wire-UploadResultDataMessage-upload-as-wt5	corpus	drop	touch	6	5.51904	0	0	0	0	0	5517491
U-wire-UploadResultDataMessage-upload-as-wt5	corpus	drop	strs	6	77.9975	192	1.17452E-05	0	0	0	510847
U-wire-UploadResultDataMessage-upload-as-wt5	corpus	drop	host	6	152.413	312	1.83265E-05	0	0	0	272829
U-wire-UploadResultDataMessage-upload-as-wt5	corpus	drop	inc	6	387.911	728	4.63615E-05	0	0	0	107848
U-wire-UploadResultDataMessage-upload-as-wt5	corpus	drop	ref	6	304.759	312	1.59298E-05	0	0	0	125551
U-wire-UploadResultDataMessage-upload-as-wt5	corpus	drop	skip	6	214.955	120	6.28172E-06	0	0	0	159192
U-wire-UploadResultDataMessage-upload-as-wt5	corpus	drop	noop	6	119.642	0	0	0	0	0	284123
U-wire-UploadResultDataMessage-upload-as-wt5	corpus	drop	parse	6	111.383	0	0	0	0	0	337351
U-wire-UploadResultDataMessage-upload-as-wt5	corpus	drop	parsev	6	137.407	0	0	0	0	0	279775
U-wire-ListMetricsResponse-batches-as-wt0	corpus	retain	ref	1	4035.01	4776	0.000310334	0	0	0	9667
U-wire-ListMetricsResponse-batches-as-wt0	corpus	retain	skip	1	3676.05	4584	0.000260892	0	0	0	11499
U-wire-ListMetricsResponse-batches-as-wt0	corpus	retain	noop	1	971.91	0	0	0	0	0	37589
U-wire-ListMetricsResponse-batches-as-wt0	corpus	retain	parse	1	810.655	0	0	0	0	0	43665
U-wire-ListMetricsResponse-batches-as-wt0	corpus	retain	parsev	1	798.862	0	0	0	0	0	46807
U-wire-ListMetricsResponse-batches-as-wt0	corpus	retain	pparse	1	923.712	0	0	0	0	0	43479
U-wire-ListMetricsResponse-batches-as-wt0	corpus	retain	touch	1	285.875	0	0	0	0	0	131615
U-wire-ListMetricsResponse-batches-as-wt0	corpus	retain	strs	1	75.2753	192	1.11346E-05	0	0	0	449050
U-wire-ListMetricsResponse-batches-as-wt0	corpus	retain	host	1	3378.49	4776	0.00026707	0	0	0	11233
U-wire-ListMetricsResponse-batches-as-wt0	corpus	retain	inc	1	3829.08	4072	0.000292028	0	0	0	10273
U-wire-ListMetricsResponse-batches-as-wt0	corpus	retain	skip	2	3574.21	4584	0.000260892	0	0	0	11499
U-wire-ListMetricsResponse-batches-as-wt0	corpus	retain	noop	2	908.798	0	0	0	0	0	37589
U-wire-ListMetricsResponse-batches-as-wt0	corpus	retain	parse	2	794.614	0	0	0	0	0	43665
U-wire-ListMetricsResponse-batches-as-wt0	corpus	retain	parsev	2	807.626	0	0	0	0	0	46807
U-wire-ListMetricsResponse-batches-as-wt0	corpus	retain	pparse	2	921.331	0	0	0	0	0	43479
U-wire-ListMetricsResponse-batches-as-wt0	corpus	retain	touch	2	284.671	0	0	0	0	0	131615
U-wire-ListMetricsResponse-batches-as-wt0	corpus	retain	strs	2	77.668	192	1.11346E-05	0	0	0	449050
U-wire-ListMetricsResponse-batches-as-wt0	corpus	retain	host	2	3485.36	4776	0.00026707	0	0	0	11233
U-wire-ListMetricsResponse-batches-as-wt0	corpus	retain	inc	2	3767.95	4072	0.000194685	0	0	0	10273
U-wire-ListMetricsResponse-batches-as-wt0	corpus	retain	ref	2	3712.7	4776	0.000310334	0	0	0	9667
U-wire-ListMetricsResponse-batches-as-wt0	corpus	retain	noop	3	916.029	0	0	0	0	0	37589
U-wire-ListMetricsResponse-batches-as-wt0	corpus	retain	parse	3	817.035	0	0	0	0	0	43665
U-wire-ListMetricsResponse-batches-as-wt0	corpus	retain	parsev	3	801.004	0	0	0	0	0	46807
U-wire-ListMetricsResponse-batches-as-wt0	corpus	retain	pparse	3	902.403	0	0	0	0	0	43479
U-wire-ListMetricsResponse-batches-as-wt0	corpus	retain	touch	3	284.797	0	0	0	0	0	131615
U-wire-ListMetricsResponse-batches-as-wt0	corpus	retain	strs	3	78.7231	192	1.11346E-05	0	0	0	449050
U-wire-ListMetricsResponse-batches-as-wt0	corpus	retain	host	3	3759.36	4776	0.00026707	0	0	0	11233
U-wire-ListMetricsResponse-batches-as-wt0	corpus	retain	inc	3	4004.79	4072	0.000194685	0	0	0	10273
U-wire-ListMetricsResponse-batches-as-wt0	corpus	retain	ref	3	3774.19	4776	0.000310334	0	0	0	9667
U-wire-ListMetricsResponse-batches-as-wt0	corpus	retain	skip	3	3729.13	4584	0.000260892	0	0	0	11499
U-wire-ListMetricsResponse-batches-as-wt0	corpus	retain	parse	4	821.75	0	0	0	0	0	43665
U-wire-ListMetricsResponse-batches-as-wt0	corpus	retain	parsev	4	850.545	0	0	0	0	0	46807
U-wire-ListMetricsResponse-batches-as-wt0	corpus	retain	pparse	4	952.083	0	0	0	0	0	43479
U-wire-ListMetricsResponse-batches-as-wt0	corpus	retain	touch	4	298.271	0	0	0	0	0	131615
U-wire-ListMetricsResponse-batches-as-wt0	corpus	retain	strs	4	81.5833	192	1.11346E-05	0	0	0	449050
U-wire-ListMetricsResponse-batches-as-wt0	corpus	retain	host	4	3586.82	4776	0.00026707	0	0	0	11233
U-wire-ListMetricsResponse-batches-as-wt0	corpus	retain	inc	4	3870.84	4072	0.000292028	0	0	0	10273
U-wire-ListMetricsResponse-batches-as-wt0	corpus	retain	ref	4	3757.87	4776	0.000206889	0	0	0	9667
U-wire-ListMetricsResponse-batches-as-wt0	corpus	retain	skip	4	3599.9	4584	0.000260892	0	0	0	11499
U-wire-ListMetricsResponse-batches-as-wt0	corpus	retain	noop	4	922.997	0	0	0	0	0	37589
U-wire-ListMetricsResponse-batches-as-wt0	corpus	retain	parsev	5	799.078	0	0	0	0	0	46807
U-wire-ListMetricsResponse-batches-as-wt0	corpus	retain	pparse	5	901.557	0	0	0	0	0	43479
U-wire-ListMetricsResponse-batches-as-wt0	corpus	retain	touch	5	285.969	0	0	0	0	0	131615
U-wire-ListMetricsResponse-batches-as-wt0	corpus	retain	strs	5	77.236	192	1.11346E-05	0	0	0	449050
U-wire-ListMetricsResponse-batches-as-wt0	corpus	retain	host	5	3379.19	4776	0.000356094	0	0	0	11233
U-wire-ListMetricsResponse-batches-as-wt0	corpus	retain	inc	5	3745.9	4072	0.000194685	0	0	0	10273
U-wire-ListMetricsResponse-batches-as-wt0	corpus	retain	ref	5	3725.68	4776	0.000310334	0	0	0	9667
U-wire-ListMetricsResponse-batches-as-wt0	corpus	retain	skip	5	3509.1	4584	0.000260892	0	0	0	11499
U-wire-ListMetricsResponse-batches-as-wt0	corpus	retain	noop	5	935.569	0	0	0	0	0	37589
U-wire-ListMetricsResponse-batches-as-wt0	corpus	retain	parse	5	787.27	0	0	0	0	0	43665
U-wire-ListMetricsResponse-batches-as-wt0	corpus	retain	pparse	6	903.796	0	0	0	0	0	43479
U-wire-ListMetricsResponse-batches-as-wt0	corpus	retain	touch	6	283.989	0	0	0	0	0	131615
U-wire-ListMetricsResponse-batches-as-wt0	corpus	retain	strs	6	76.0249	192	1.11346E-05	0	0	0	449050
U-wire-ListMetricsResponse-batches-as-wt0	corpus	retain	host	6	3335.07	4776	0.00026707	0	0	0	11233
U-wire-ListMetricsResponse-batches-as-wt0	corpus	retain	inc	6	3662.6	4072	0.000194685	0	0	0	10273
U-wire-ListMetricsResponse-batches-as-wt0	corpus	retain	ref	6	3697.95	4776	0.000310334	0	0	0	9667
U-wire-ListMetricsResponse-batches-as-wt0	corpus	retain	skip	6	3548.9	4584	0.000260892	0	0	0	11499
U-wire-ListMetricsResponse-batches-as-wt0	corpus	retain	noop	6	919.465	0	0	0	0	0	37589
U-wire-ListMetricsResponse-batches-as-wt0	corpus	retain	parse	6	784.857	0	0	0	0	0	43665
U-wire-ListMetricsResponse-batches-as-wt0	corpus	retain	parsev	6	797.327	0	0	0	0	0	46807
U-wire-ListMetricsResponse-batches-as-wt0	corpus	drop	ref	1	3628.83	4744	0.000273448	0	0	0	10971
U-wire-ListMetricsResponse-batches-as-wt0	corpus	drop	skip	1	3546.14	4552	0.000257666	0	0	0	11643
U-wire-ListMetricsResponse-batches-as-wt0	corpus	drop	noop	1	975.366	0	0	0	0	0	42368
U-wire-ListMetricsResponse-batches-as-wt0	corpus	drop	parse	1	845.233	0	0	0	0	0	48009
U-wire-ListMetricsResponse-batches-as-wt0	corpus	drop	parsev	1	868.524	0	0	0	0	0	46954
U-wire-ListMetricsResponse-batches-as-wt0	corpus	drop	pull	1	3626.3	4744	0.000264971	0	0	0	11322
U-wire-ListMetricsResponse-batches-as-wt0	corpus	drop	pparse	1	940.663	0	0	0	0	0	43061
U-wire-ListMetricsResponse-batches-as-wt0	corpus	drop	touch	1	283.07	0	0	0	0	0	119514
U-wire-ListMetricsResponse-batches-as-wt0	corpus	drop	strs	1	78.9086	192	1.17001E-05	0	0	0	512817
U-wire-ListMetricsResponse-batches-as-wt0	corpus	drop	host	1	3343.85	4744	0.000249273	0	0	0	12035
U-wire-ListMetricsResponse-batches-as-wt0	corpus	drop	inc	1	3803.32	4072	0.00028132	0	0	0	10664
U-wire-ListMetricsResponse-batches-as-wt0	corpus	drop	skip	2	3463.46	4552	0.000257666	0	0	0	11643
U-wire-ListMetricsResponse-batches-as-wt0	corpus	drop	noop	2	944.358	0	0	0	0	0	42368
U-wire-ListMetricsResponse-batches-as-wt0	corpus	drop	parse	2	828.391	0	0	0	0	0	48009
U-wire-ListMetricsResponse-batches-as-wt0	corpus	drop	parsev	2	854.707	0	0	0	0	0	46954
U-wire-ListMetricsResponse-batches-as-wt0	corpus	drop	pull	2	3568.04	4744	0.000264971	0	0	0	11322
U-wire-ListMetricsResponse-batches-as-wt0	corpus	drop	pparse	2	917.939	0	0	0	0	0	43061
U-wire-ListMetricsResponse-batches-as-wt0	corpus	drop	touch	2	279.314	0	0	0	0	0	119514
U-wire-ListMetricsResponse-batches-as-wt0	corpus	drop	strs	2	76.4905	192	1.17001E-05	0	0	0	512817
U-wire-ListMetricsResponse-batches-as-wt0	corpus	drop	host	2	3228.13	4744	0.000249273	0	0	0	12035
U-wire-ListMetricsResponse-batches-as-wt0	corpus	drop	inc	2	3733.58	4072	0.00028132	0	0	0	10664
U-wire-ListMetricsResponse-batches-as-wt0	corpus	drop	ref	2	3564.44	4744	0.000273448	9.11494E-05	0	0	10971
U-wire-ListMetricsResponse-batches-as-wt0	corpus	drop	noop	3	951.528	0	0	0	0	0	42368
U-wire-ListMetricsResponse-batches-as-wt0	corpus	drop	parse	3	834.132	0	0	0	0	0	48009
U-wire-ListMetricsResponse-batches-as-wt0	corpus	drop	parsev	3	861.485	0	0	0	0	0	46954
U-wire-ListMetricsResponse-batches-as-wt0	corpus	drop	pull	3	3577.84	4744	0.000264971	0	0	0	11322
U-wire-ListMetricsResponse-batches-as-wt0	corpus	drop	pparse	3	925.08	0	0	0	0	0	43061
U-wire-ListMetricsResponse-batches-as-wt0	corpus	drop	touch	3	279.161	0	0	0	0	0	119514
U-wire-ListMetricsResponse-batches-as-wt0	corpus	drop	strs	3	73.9594	192	9.75007E-06	0	0	0	512817
U-wire-ListMetricsResponse-batches-as-wt0	corpus	drop	host	3	3299.94	4744	0.000332364	0	0	0	12035
U-wire-ListMetricsResponse-batches-as-wt0	corpus	drop	inc	3	3694.31	4072	0.000187547	0	0	0	10664
U-wire-ListMetricsResponse-batches-as-wt0	corpus	drop	ref	3	3577.2	4744	0.000273448	0	0	0	10971
U-wire-ListMetricsResponse-batches-as-wt0	corpus	drop	skip	3	3494.06	4552	0.000257666	0	0	0	11643
U-wire-ListMetricsResponse-batches-as-wt0	corpus	drop	parse	4	829.067	0	0	0	0	0	48009
U-wire-ListMetricsResponse-batches-as-wt0	corpus	drop	parsev	4	847.053	0	0	0	0	0	46954
U-wire-ListMetricsResponse-batches-as-wt0	corpus	drop	pull	4	3590.53	4744	0.000264971	0	0	0	11322
U-wire-ListMetricsResponse-batches-as-wt0	corpus	drop	pparse	4	927.507	0	0	0	0	0	43061
U-wire-ListMetricsResponse-batches-as-wt0	corpus	drop	touch	4	279.659	0	0	0	0	0	119514
U-wire-ListMetricsResponse-batches-as-wt0	corpus	drop	strs	4	78.5896	192	1.17001E-05	0	0	0	512817
U-wire-ListMetricsResponse-batches-as-wt0	corpus	drop	host	4	3339.46	4744	0.000249273	0	0	0	12035
U-wire-ListMetricsResponse-batches-as-wt0	corpus	drop	inc	4	3896.4	4072	0.00028132	0	0	0	10664
U-wire-ListMetricsResponse-batches-as-wt0	corpus	drop	ref	4	3560.02	4744	0.000273448	0	0	0	10971
U-wire-ListMetricsResponse-batches-as-wt0	corpus	drop	skip	4	3453.33	4552	0.000257666	0	0	0	11643
U-wire-ListMetricsResponse-batches-as-wt0	corpus	drop	noop	4	961.745	0	0	0	0	0	42368
U-wire-ListMetricsResponse-batches-as-wt0	corpus	drop	parsev	5	857.83	0	0	0	0	0	46954
U-wire-ListMetricsResponse-batches-as-wt0	corpus	drop	pull	5	3590.73	4744	0.000264971	0	0	0	11322
U-wire-ListMetricsResponse-batches-as-wt0	corpus	drop	pparse	5	927.472	0	0	0	0	0	43061
U-wire-ListMetricsResponse-batches-as-wt0	corpus	drop	touch	5	281.594	0	0	0	0	0	119514
U-wire-ListMetricsResponse-batches-as-wt0	corpus	drop	strs	5	75.6968	192	1.17001E-05	0	0	0	512817
U-wire-ListMetricsResponse-batches-as-wt0	corpus	drop	host	5	3306.14	4744	0.000249273	0	0	0	12035
U-wire-ListMetricsResponse-batches-as-wt0	corpus	drop	inc	5	3753.44	4072	0.00028132	0	0	0	10664
U-wire-ListMetricsResponse-batches-as-wt0	corpus	drop	ref	5	3617.39	4744	0.000273448	0	0	0	10971
U-wire-ListMetricsResponse-batches-as-wt0	corpus	drop	skip	5	3486.75	4552	0.000257666	0	0	0	11643
U-wire-ListMetricsResponse-batches-as-wt0	corpus	drop	noop	5	940.384	0	0	0	0	0	42368
U-wire-ListMetricsResponse-batches-as-wt0	corpus	drop	parse	5	830.989	0	0	0	0	0	48009
U-wire-ListMetricsResponse-batches-as-wt0	corpus	drop	pull	6	3598.1	4744	0.000264971	0	0	0	11322
U-wire-ListMetricsResponse-batches-as-wt0	corpus	drop	pparse	6	925.353	0	0	0	0	0	43061
U-wire-ListMetricsResponse-batches-as-wt0	corpus	drop	touch	6	279.971	0	0	0	0	0	119514
U-wire-ListMetricsResponse-batches-as-wt0	corpus	drop	strs	6	76.526	192	1.17001E-05	0	0	0	512817
U-wire-ListMetricsResponse-batches-as-wt0	corpus	drop	host	6	3291.3	4744	0.000249273	0	0	0	12035
U-wire-ListMetricsResponse-batches-as-wt0	corpus	drop	inc	6	3731.86	4072	0.000187547	0	0	0	10664
U-wire-ListMetricsResponse-batches-as-wt0	corpus	drop	ref	6	3614.6	4744	0.000273448	0	0	0	10971
U-wire-ListMetricsResponse-batches-as-wt0	corpus	drop	skip	6	3459.51	4552	0.000343554	0	0	0	11643
U-wire-ListMetricsResponse-batches-as-wt0	corpus	drop	noop	6	963.565	0	0	0	0	0	42368
U-wire-ListMetricsResponse-batches-as-wt0	corpus	drop	parse	6	828.972	0	0	0	0	0	48009
U-wire-ListMetricsResponse-batches-as-wt0	corpus	drop	parsev	6	846.686	0	0	0	0	0	46954
U-wire-DualResponse-left-as-wt5	corpus	retain	ref	1	627.758	568	3.24039E-05	0	0	0	61721
U-wire-DualResponse-left-as-wt5	corpus	retain	skip	1	479.746	408	2.50438E-05	0	0	0	79860
U-wire-DualResponse-left-as-wt5	corpus	retain	noop	1	157.036	0	0	0	0	0	244619
U-wire-DualResponse-left-as-wt5	corpus	retain	parse	1	140.096	0	0	0	0	0	286561
U-wire-DualResponse-left-as-wt5	corpus	retain	parsev	1	174.104	0	0	0	0	0	232004
U-wire-DualResponse-left-as-wt5	corpus	retain	pparse	1	130.129	0	0	0	0	0	245281
U-wire-DualResponse-left-as-wt5	corpus	retain	touch	1	11.4269	0	0	0	0	0	2778679
U-wire-DualResponse-left-as-wt5	corpus	retain	strs	1	106.343	160	8.1211E-06	0	0	0	369408
U-wire-DualResponse-left-as-wt5	corpus	retain	host	1	346.224	568	3.45548E-05	0	0	0	115758
U-wire-DualResponse-left-as-wt5	corpus	retain	inc	1	665.318	984	6.53179E-05	0	0	0	61239
U-wire-DualResponse-left-as-wt5	corpus	retain	skip	2	478.687	408	2.50438E-05	0	0	0	79860
U-wire-DualResponse-left-as-wt5	corpus	retain	noop	2	156.2	0	0	0	0	0	244619
U-wire-DualResponse-left-as-wt5	corpus	retain	parse	2	139.449	0	0	0	0	0	286561
U-wire-DualResponse-left-as-wt5	corpus	retain	parsev	2	173.313	0	0	0	0	0	232004
U-wire-DualResponse-left-as-wt5	corpus	retain	pparse	2	129.578	0	0	0	0	0	245281
U-wire-DualResponse-left-as-wt5	corpus	retain	touch	2	11.4162	0	0	0	0	0	2778679
U-wire-DualResponse-left-as-wt5	corpus	retain	strs	2	105.49	160	8.1211E-06	0	0	0	369408
U-wire-DualResponse-left-as-wt5	corpus	retain	host	2	335.921	568	3.45548E-05	0	0	0	115758
U-wire-DualResponse-left-as-wt5	corpus	retain	inc	2	653.084	984	4.89884E-05	0	0	0	61239
U-wire-DualResponse-left-as-wt5	corpus	retain	ref	2	634.949	568	3.24039E-05	0	0	0	61721
U-wire-DualResponse-left-as-wt5	corpus	retain	noop	3	156.382	0	0	0	0	0	244619
U-wire-DualResponse-left-as-wt5	corpus	retain	parse	3	139.443	0	0	0	0	0	286561
U-wire-DualResponse-left-as-wt5	corpus	retain	parsev	3	172.704	0	0	0	0	0	232004
U-wire-DualResponse-left-as-wt5	corpus	retain	pparse	3	129.643	0	0	0	0	0	245281
U-wire-DualResponse-left-as-wt5	corpus	retain	touch	3	11.4043	0	0	0	0	0	2778679
U-wire-DualResponse-left-as-wt5	corpus	retain	strs	3	106.832	160	1.08281E-05	0	0	0	369408
U-wire-DualResponse-left-as-wt5	corpus	retain	host	3	344.07	568	3.45548E-05	0	0	0	115758
U-wire-DualResponse-left-as-wt5	corpus	retain	inc	3	651.152	984	4.89884E-05	0	0	0	61239
U-wire-DualResponse-left-as-wt5	corpus	retain	ref	3	633.84	568	3.24039E-05	0	0	0	61721
U-wire-DualResponse-left-as-wt5	corpus	retain	skip	3	473.058	408	2.50438E-05	0	0	0	79860
U-wire-DualResponse-left-as-wt5	corpus	retain	parse	4	139.728	0	0	0	0	0	286561
U-wire-DualResponse-left-as-wt5	corpus	retain	parsev	4	173.964	0	0	0	0	0	232004
U-wire-DualResponse-left-as-wt5	corpus	retain	pparse	4	129.918	0	0	0	0	0	245281
U-wire-DualResponse-left-as-wt5	corpus	retain	touch	4	11.4776	0	0	0	0	0	2778679
U-wire-DualResponse-left-as-wt5	corpus	retain	strs	4	107.919	160	8.1211E-06	0	0	0	369408
U-wire-DualResponse-left-as-wt5	corpus	retain	host	4	344.362	568	3.45548E-05	0	0	0	115758
U-wire-DualResponse-left-as-wt5	corpus	retain	inc	4	662.168	984	6.53179E-05	0	0	0	61239
U-wire-DualResponse-left-as-wt5	corpus	retain	ref	4	724.007	568	3.24039E-05	0	0	0	61721
U-wire-DualResponse-left-as-wt5	corpus	retain	skip	4	478.109	408	2.50438E-05	0	0	0	79860
U-wire-DualResponse-left-as-wt5	corpus	retain	noop	4	166.579	0	0	0	0	0	244619
U-wire-DualResponse-left-as-wt5	corpus	retain	parsev	5	190.342	0	0	0	0	0	232004
U-wire-DualResponse-left-as-wt5	corpus	retain	pparse	5	130.959	0	0	0	0	0	245281
U-wire-DualResponse-left-as-wt5	corpus	retain	touch	5	11.8679	0	0	0	0	0	2778679
U-wire-DualResponse-left-as-wt5	corpus	retain	strs	5	106.546	160	8.1211E-06	0	0	0	369408
U-wire-DualResponse-left-as-wt5	corpus	retain	host	5	349.159	568	3.45548E-05	0	0	0	115758
U-wire-DualResponse-left-as-wt5	corpus	retain	inc	5	681.629	984	4.89884E-05	0	0	0	61239
U-wire-DualResponse-left-as-wt5	corpus	retain	ref	5	638.867	568	3.24039E-05	0	0	0	61721
U-wire-DualResponse-left-as-wt5	corpus	retain	skip	5	478.809	408	2.50438E-05	0	0	0	79860
U-wire-DualResponse-left-as-wt5	corpus	retain	noop	5	157.555	0	0	0	0	0	244619
U-wire-DualResponse-left-as-wt5	corpus	retain	parse	5	139.761	0	0	0	0	0	286561
U-wire-DualResponse-left-as-wt5	corpus	retain	pparse	6	131.52	0	0	0	0	0	245281
U-wire-DualResponse-left-as-wt5	corpus	retain	touch	6	12.0975	0	0	0	0	0	2778679
U-wire-DualResponse-left-as-wt5	corpus	retain	strs	6	110.281	160	1.08281E-05	0	0	0	369408
U-wire-DualResponse-left-as-wt5	corpus	retain	host	6	349.893	568	3.45548E-05	0	0	0	115758
U-wire-DualResponse-left-as-wt5	corpus	retain	inc	6	660.429	984	4.89884E-05	0	0	0	61239
U-wire-DualResponse-left-as-wt5	corpus	retain	ref	6	634.114	568	3.24039E-05	0	0	0	61721
U-wire-DualResponse-left-as-wt5	corpus	retain	skip	6	476.376	408	2.50438E-05	0	0	0	79860
U-wire-DualResponse-left-as-wt5	corpus	retain	noop	6	156.21	0	0	0	0	0	244619
U-wire-DualResponse-left-as-wt5	corpus	retain	parse	6	140.17	0	0	0	0	0	286561
U-wire-DualResponse-left-as-wt5	corpus	retain	parsev	6	174.476	0	0	0	0	0	232004
U-wire-DualResponse-left-as-wt5	corpus	drop	ref	1	548.118	536	4.04138E-05	0	0	0	74232
U-wire-DualResponse-left-as-wt5	corpus	drop	skip	1	407.188	376	1.28778E-05	0	0	0	77653
U-wire-DualResponse-left-as-wt5	corpus	drop	noop	1	198.562	0	0	0	0	0	185622
U-wire-DualResponse-left-as-wt5	corpus	drop	parse	1	185.455	0	0	0	0	0	227706
U-wire-DualResponse-left-as-wt5	corpus	drop	parsev	1	209.373	0	0	0	0	0	177903
U-wire-DualResponse-left-as-wt5	corpus	drop	pull	1	486.344	536	3.86095E-05	0	0	0	77701
U-wire-DualResponse-left-as-wt5	corpus	drop	pparse	1	158.26	0	0	0	0	0	251903
U-wire-DualResponse-left-as-wt5	corpus	drop	touch	1	11.4774	0	0	0	0	0	2566029
U-wire-DualResponse-left-as-wt5	corpus	drop	strs	1	107.165	160	8.42056E-06	0	0	0	356271
U-wire-DualResponse-left-as-wt5	corpus	drop	host	1	318.897	536	3.31527E-05	0	0	0	120654
U-wire-DualResponse-left-as-wt5	corpus	drop	inc	1	658.326	984	4.92732E-05	0	0	0	60885
U-wire-DualResponse-left-as-wt5	corpus	drop	skip	2	409.12	376	2.57556E-05	0	0	0	77653
U-wire-DualResponse-left-as-wt5	corpus	drop	noop	2	189.485	0	0	0	0	0	185622
U-wire-DualResponse-left-as-wt5	corpus	drop	parse	2	167.522	0	0	0	0	0	227706
U-wire-DualResponse-left-as-wt5	corpus	drop	parsev	2	209.267	0	0	0	0	0	177903
U-wire-DualResponse-left-as-wt5	corpus	drop	pull	2	488.161	536	2.57397E-05	0	0	0	77701
U-wire-DualResponse-left-as-wt5	corpus	drop	pparse	2	158.541	0	0	0	0	0	251903
U-wire-DualResponse-left-as-wt5	corpus	drop	touch	2	11.788	0	0	0	0	0	2566029
U-wire-DualResponse-left-as-wt5	corpus	drop	strs	2	108.412	160	1.12274E-05	0	0	0	356271
U-wire-DualResponse-left-as-wt5	corpus	drop	host	2	315.537	536	2.48645E-05	0	0	0	120654
U-wire-DualResponse-left-as-wt5	corpus	drop	inc	2	665.963	984	6.56976E-05	0	0	0	60885
U-wire-DualResponse-left-as-wt5	corpus	drop	ref	2	544.788	536	2.69426E-05	0	0	0	74232
U-wire-DualResponse-left-as-wt5	corpus	drop	noop	3	188.618	0	0	0	0	0	185622
U-wire-DualResponse-left-as-wt5	corpus	drop	parse	3	165.826	0	0	0	0	0	227706
U-wire-DualResponse-left-as-wt5	corpus	drop	parsev	3	205.564	0	0	0	0	0	177903
U-wire-DualResponse-left-as-wt5	corpus	drop	pull	3	484.612	536	3.86095E-05	0	0	0	77701
U-wire-DualResponse-left-as-wt5	corpus	drop	pparse	3	159.122	0	0	0	0	0	251903
U-wire-DualResponse-left-as-wt5	corpus	drop	touch	3	11.4045	0	0	0	0	0	2566029
U-wire-DualResponse-left-as-wt5	corpus	drop	strs	3	107.995	160	8.42056E-06	0	0	0	356271
U-wire-DualResponse-left-as-wt5	corpus	drop	host	3	318.239	536	3.31527E-05	0	0	0	120654
U-wire-DualResponse-left-as-wt5	corpus	drop	inc	3	662.264	984	4.92732E-05	0	0	0	60885
U-wire-DualResponse-left-as-wt5	corpus	drop	ref	3	540.729	536	2.69426E-05	0	0	0	74232
U-wire-DualResponse-left-as-wt5	corpus	drop	skip	3	411.465	376	2.57556E-05	0	0	0	77653
U-wire-DualResponse-left-as-wt5	corpus	drop	parse	4	168.82	0	0	0	0	0	227706
U-wire-DualResponse-left-as-wt5	corpus	drop	parsev	4	206.581	0	0	0	0	0	177903
U-wire-DualResponse-left-as-wt5	corpus	drop	pull	4	483.497	536	3.86095E-05	0	0	0	77701
U-wire-DualResponse-left-as-wt5	corpus	drop	pparse	4	158.634	0	0	0	0	0	251903
U-wire-DualResponse-left-as-wt5	corpus	drop	touch	4	11.3994	0	0	0	0	0	2566029
U-wire-DualResponse-left-as-wt5	corpus	drop	strs	4	106.478	160	8.42056E-06	0	0	0	356271
U-wire-DualResponse-left-as-wt5	corpus	drop	host	4	318.031	536	3.31527E-05	0	0	0	120654
U-wire-DualResponse-left-as-wt5	corpus	drop	inc	4	677.75	984	4.92732E-05	0	0	0	60885
U-wire-DualResponse-left-as-wt5	corpus	drop	ref	4	549.289	536	2.69426E-05	0	0	0	74232
U-wire-DualResponse-left-as-wt5	corpus	drop	skip	4	411.366	376	2.57556E-05	0	0	0	77653
U-wire-DualResponse-left-as-wt5	corpus	drop	noop	4	189.316	0	0	0	0	0	185622
U-wire-DualResponse-left-as-wt5	corpus	drop	parsev	5	208.35	0	0	0	0	0	177903
U-wire-DualResponse-left-as-wt5	corpus	drop	pull	5	489.085	536	3.86095E-05	0	0	0	77701
U-wire-DualResponse-left-as-wt5	corpus	drop	pparse	5	159.125	0	0	0	0	0	251903
U-wire-DualResponse-left-as-wt5	corpus	drop	touch	5	11.5459	0	0	0	0	0	2566029
U-wire-DualResponse-left-as-wt5	corpus	drop	strs	5	110	160	8.42056E-06	0	0	0	356271
U-wire-DualResponse-left-as-wt5	corpus	drop	host	5	355.098	536	3.31527E-05	0	0	0	120654
U-wire-DualResponse-left-as-wt5	corpus	drop	inc	5	700.158	984	4.92732E-05	0	0	0	60885
U-wire-DualResponse-left-as-wt5	corpus	drop	ref	5	548.755	536	2.69426E-05	0	0	0	74232
U-wire-DualResponse-left-as-wt5	corpus	drop	skip	5	409.634	376	2.57556E-05	0	0	0	77653
U-wire-DualResponse-left-as-wt5	corpus	drop	noop	5	194.037	0	0	0	0	0	185622
U-wire-DualResponse-left-as-wt5	corpus	drop	parse	5	175.422	0	0	0	0	0	227706
U-wire-DualResponse-left-as-wt5	corpus	drop	pull	6	556.376	536	2.57397E-05	0	0	0	77701
U-wire-DualResponse-left-as-wt5	corpus	drop	pparse	6	157.439	0	0	0	0	0	251903
U-wire-DualResponse-left-as-wt5	corpus	drop	touch	6	11.445	0	0	0	0	0	2566029
U-wire-DualResponse-left-as-wt5	corpus	drop	strs	6	106.468	160	1.12274E-05	0	0	0	356271
U-wire-DualResponse-left-as-wt5	corpus	drop	host	6	314.352	536	3.31527E-05	0	0	0	120654
U-wire-DualResponse-left-as-wt5	corpus	drop	inc	6	659.265	984	4.92732E-05	0	0	0	60885
U-wire-DualResponse-left-as-wt5	corpus	drop	ref	6	554.415	536	2.69426E-05	0	0	0	74232
U-wire-DualResponse-left-as-wt5	corpus	drop	skip	6	406.894	376	2.57556E-05	0	0	0	77653
U-wire-DualResponse-left-as-wt5	corpus	drop	noop	6	190.132	0	0	0	0	0	185622
U-wire-DualResponse-left-as-wt5	corpus	drop	parse	6	166.713	0	0	0	0	0	227706
U-wire-DualResponse-left-as-wt5	corpus	drop	parsev	6	205.488	0	0	0	0	0	177903
