# CONTAINER INSTRUMENTATION (gen/opt_bench.sh); ns per operation = thread CPU per criterion sample / iterations
file	input	payload	content	arm	dir	mode	samples	median_ns	min_ns	max_ns	spread
codec-P	P1.1	P1.1	ascii	incumbent-prod	encode	default	20	1121.4	1111.7	1141.2	0.026
codec-P	P1.1	P1.1	ascii	incumbent-prod	decode	default	20	1175.5	1164.8	1198.9	0.029
codec-P	P1.1	P1.1	ascii	incumbent-prod	decode-read	default	20	1231.2	1219.1	1245.4	0.021
codec-P	P1.2	P1.2	ascii	incumbent-prod	encode	default	20	297179.6	295816.7	308953.7	0.044
codec-P	P1.2	P1.2	ascii	incumbent-prod	decode	default	20	385689.0	382431.6	408513.2	0.068
codec-P	P1.2	P1.2	ascii	incumbent-prod	decode-read	default	20	401826.7	400259.2	404624.9	0.011
codec-P	P1.2/latin1	P1.2	latin1	incumbent-prod	encode	default	20	293468.4	289283.9	295765.7	0.022
codec-P	P1.2/latin1	P1.2	latin1	incumbent-prod	decode	default	20	588926.1	524960.3	688113.1	0.277
codec-P	P1.2/latin1	P1.2	latin1	incumbent-prod	decode-read	default	20	618215.7	605624.8	631457.7	0.042
codec-P	P1.2/wide	P1.2	wide	incumbent-prod	encode	default	20	299663.4	294678.2	306777.7	0.040
codec-P	P1.2/wide	P1.2	wide	incumbent-prod	decode	default	20	691919.2	687080.1	717955.0	0.045
codec-P	P1.2/wide	P1.2	wide	incumbent-prod	decode-read	default	20	707255.1	704681.8	724805.6	0.028
codec-P	P1.3	P1.3	ascii	incumbent-prod	encode	default	20	5842.1	5555.8	6230.7	0.116
codec-P	P1.3	P1.3	ascii	incumbent-prod	decode	default	20	6417.9	6270.3	8335.0	0.322
codec-P	P1.3	P1.3	ascii	incumbent-prod	decode-read	default	20	9604.2	9466.1	9893.9	0.045
codec-P	P2.1	P2.1	ascii	incumbent-prod	encode	default	20	1290.7	1275.0	1313.5	0.030
codec-P	P2.1	P2.1	ascii	incumbent-prod	decode	default	20	2269.4	2241.8	2367.0	0.055
codec-P	P2.1	P2.1	ascii	incumbent-prod	decode-read	default	20	2399.3	2385.7	2427.9	0.018
codec-P	P2.2	P2.2	ascii	incumbent-prod	encode	default	20	886353.0	866828.4	901942.7	0.040
codec-P	P2.2	P2.2	ascii	incumbent-prod	decode	default	20	1401730.8	1390561.3	1430020.1	0.028
codec-P	P2.2	P2.2	ascii	incumbent-prod	decode-read	default	20	1467785.7	1451160.0	1493512.9	0.029
codec-P	P2.2/latin1	P2.2	latin1	incumbent-prod	encode	default	20	918160.0	904884.2	941683.0	0.040
codec-P	P2.2/latin1	P2.2	latin1	incumbent-prod	decode	default	20	2036141.9	1969729.3	2306101.3	0.165
codec-P	P2.2/latin1	P2.2	latin1	incumbent-prod	decode-read	default	20	1755160.6	1684971.0	1787449.6	0.058
codec-P	P2.2/wide	P2.2	wide	incumbent-prod	encode	default	20	770704.0	758382.5	810956.0	0.068
codec-P	P2.2/wide	P2.2	wide	incumbent-prod	decode	default	20	2095998.6	1986547.7	2302009.6	0.151
codec-P	P2.2/wide	P2.2	wide	incumbent-prod	decode-read	default	20	2565247.6	2464867.2	2780050.6	0.123
codec-P	P2.3	P2.3	ascii	incumbent-prod	encode	default	20	463502.1	449358.9	488519.0	0.084
codec-P	P2.3	P2.3	ascii	incumbent-prod	decode	default	20	1178321.9	968536.6	1588528.9	0.526
codec-P	P2.3	P2.3	ascii	incumbent-prod	decode-read	default	20	1321021.6	1254306.9	1622167.1	0.278
codec-P	P2.4	P2.4	ascii	incumbent-prod	encode	default	20	601707.9	587753.8	634459.9	0.078
codec-P	P2.4	P2.4	ascii	incumbent-prod	decode	default	20	1690681.4	1640429.1	1830959.2	0.113
codec-P	P2.4	P2.4	ascii	incumbent-prod	decode-read	default	20	1765691.2	1726597.0	1897240.2	0.097
codec-P	P2.5	P2.5	ascii	incumbent-prod	encode	default	20	25337.0	22559.9	28493.4	0.234
codec-P	P2.5	P2.5	ascii	incumbent-prod	decode	default	20	48057.5	47158.4	49589.9	0.051
codec-P	P2.5	P2.5	ascii	incumbent-prod	decode-read	default	20	40079.1	37993.0	49986.7	0.299
codec-P	P3.1	P3.1	ascii	incumbent-prod	encode	default	20	20649.1	20426.4	21088.8	0.032
codec-P	P3.1	P3.1	ascii	incumbent-prod	decode	default	20	29993.3	29547.7	30332.3	0.026
codec-P	P3.1	P3.1	ascii	incumbent-prod	decode-read	default	20	31154.5	30897.0	31483.9	0.019
codec-P	P4.1	P4.1	ascii	incumbent-prod	encode	default	20	130491.8	129270.1	139180.9	0.076
codec-P	P4.1	P4.1	ascii	incumbent-prod	decode	default	20	256029.1	250544.5	259783.4	0.036
codec-P	P4.1	P4.1	ascii	incumbent-prod	decode-read	default	20	233174.5	216178.0	238495.8	0.096
codec-P	P5.1	P5.1	ascii	incumbent-prod	encode	default	20	50.4	47.8	54.7	0.137
codec-P	P5.1	P5.1	ascii	incumbent-prod	decode	default	20	76.4	75.4	79.2	0.051
codec-P	P5.1	P5.1	ascii	incumbent-prod	decode-read	default	20	100.8	83.2	104.9	0.216
codec-P	P5.2	P5.2	ascii	incumbent-prod	encode	default	20	1639.4	1631.4	1663.9	0.020
codec-P	P5.2	P5.2	ascii	incumbent-prod	decode	default	20	1649.9	1639.6	1706.1	0.040
codec-P	P5.2	P5.2	ascii	incumbent-prod	decode-read	default	20	1665.5	1657.1	1802.4	0.087
codec-P	P5.3	P5.3	ascii	incumbent-prod	encode	default	20	41950.3	41640.0	49038.8	0.176
codec-P	P5.3	P5.3	ascii	incumbent-prod	decode	default	20	44881.8	43923.1	48528.1	0.103
codec-P	P5.3	P5.3	ascii	incumbent-prod	decode-read	default	20	45170.2	44180.2	46337.5	0.048
codec-P	P5.4	P5.4	ascii	incumbent-prod	encode	default	20	325985.4	293155.6	369629.9	0.235
codec-P	P5.4	P5.4	ascii	incumbent-prod	decode	default	20	316097.6	310395.5	328268.0	0.057
codec-P	P5.4	P5.4	ascii	incumbent-prod	decode-read	default	20	315818.1	312723.7	321071.7	0.026
codec-P	P6.1	P6.1	ascii	incumbent-prod	encode	default	20	369874.6	367074.8	383866.7	0.045
codec-P	P6.1	P6.1	ascii	incumbent-prod	decode	default	20	274209.9	266435.8	286733.6	0.074
codec-P	P6.1	P6.1	ascii	incumbent-prod	decode-read	default	20	305080.4	299818.7	314081.6	0.047
codec-P	P7.1	P7.1	ascii	incumbent-prod	decode	default	20	329.2	318.6	335.2	0.050
codec-P	P7.1	P7.1	ascii	incumbent-prod	decode-read	default	20	341.4	337.0	345.7	0.025
codec-P	P1.1	P1.1	ascii	armonik	encode	default	20	1149.5	1140.3	1208.5	0.059
codec-P	P1.1	P1.1	ascii	armonik	decode	default	20	1268.2	1260.8	1309.4	0.038
codec-P	P1.1	P1.1	ascii	armonik	decode-read	default	20	1373.3	1343.0	1499.6	0.114
codec-P	P1.2	P1.2	ascii	armonik	encode	default	20	311087.7	308263.3	317720.0	0.030
codec-P	P1.2	P1.2	ascii	armonik	decode	default	20	348674.9	345341.2	408902.8	0.182
codec-P	P1.2	P1.2	ascii	armonik	decode-read	default	20	372446.0	367957.8	408258.8	0.108
codec-P	P1.2/latin1	P1.2	latin1	armonik	encode	default	20	309624.4	306691.3	315520.6	0.029
codec-P	P1.2/latin1	P1.2	latin1	armonik	decode	default	20	568151.1	564344.7	581882.8	0.031
codec-P	P1.2/latin1	P1.2	latin1	armonik	decode-read	default	20	593321.8	586044.6	620221.8	0.058
codec-P	P1.2/wide	P1.2	wide	armonik	encode	default	20	247758.4	242155.9	251983.5	0.040
codec-P	P1.2/wide	P1.2	wide	armonik	decode	default	20	537266.2	520336.0	713104.8	0.359
codec-P	P1.2/wide	P1.2	wide	armonik	decode-read	default	20	696164.7	680532.7	716575.1	0.052
codec-P	P1.3	P1.3	ascii	armonik	encode	default	20	6829.9	6465.4	7011.1	0.080
codec-P	P1.3	P1.3	ascii	armonik	decode	default	20	15272.5	14768.4	15376.3	0.040
codec-P	P1.3	P1.3	ascii	armonik	decode-read	default	20	17545.1	17398.0	18304.0	0.052
codec-P	P2.1	P2.1	ascii	armonik	encode	default	20	1316.2	1289.1	1403.2	0.087
codec-P	P2.1	P2.1	ascii	armonik	decode	default	20	1898.2	1819.1	2051.2	0.122
codec-P	P2.1	P2.1	ascii	armonik	decode-read	default	20	1947.3	1918.7	2010.5	0.047
codec-P	P2.2	P2.2	ascii	armonik	encode	default	20	917461.1	894183.4	959480.3	0.071
codec-P	P2.2	P2.2	ascii	armonik	decode	default	20	1104023.1	1086528.4	1154243.1	0.061
codec-P	P2.2	P2.2	ascii	armonik	decode-read	default	20	1177053.4	1147233.5	1228794.0	0.069
codec-P	P2.2/latin1	P2.2	latin1	armonik	encode	default	20	941444.7	753641.1	998853.3	0.260
codec-P	P2.2/latin1	P2.2	latin1	armonik	decode	default	20	2018256.4	1994109.4	2110784.1	0.058
codec-P	P2.2/latin1	P2.2	latin1	armonik	decode-read	default	20	2075140.1	2041130.1	2154401.0	0.055
codec-P	P2.2/wide	P2.2	wide	armonik	encode	default	20	949176.5	928867.1	1004467.2	0.080
codec-P	P2.2/wide	P2.2	wide	armonik	decode	default	20	2349408.9	2242288.2	2456075.8	0.091
codec-P	P2.2/wide	P2.2	wide	armonik	decode-read	default	20	2154911.7	2103445.3	2578008.8	0.220
codec-P	P2.3	P2.3	ascii	armonik	encode	default	20	473619.8	456203.4	518125.1	0.131
codec-P	P2.3	P2.3	ascii	armonik	decode	default	20	1219045.6	1202513.9	1269531.0	0.055
codec-P	P2.3	P2.3	ascii	armonik	decode-read	default	20	1283547.7	1267572.0	1404778.6	0.107
codec-P	P2.4	P2.4	ascii	armonik	encode	default	20	588042.4	550068.6	668602.8	0.202
codec-P	P2.4	P2.4	ascii	armonik	decode	default	20	1631043.4	1610314.8	1802151.1	0.118
codec-P	P2.4	P2.4	ascii	armonik	decode-read	default	20	1721436.2	1702818.1	1760446.6	0.033
codec-P	P2.5	P2.5	ascii	armonik	encode	default	20	25318.4	25111.8	26573.9	0.058
codec-P	P2.5	P2.5	ascii	armonik	decode	default	20	46294.5	45103.0	47828.0	0.059
codec-P	P2.5	P2.5	ascii	armonik	decode-read	default	20	48717.8	48407.9	53718.3	0.109
codec-P	P3.1	P3.1	ascii	armonik	encode	default	20	21901.4	21471.1	25359.8	0.178
codec-P	P3.1	P3.1	ascii	armonik	decode	default	20	29429.7	28883.0	31775.6	0.098
codec-P	P3.1	P3.1	ascii	armonik	decode-read	default	20	30850.6	29400.5	37868.1	0.274
codec-P	P4.1	P4.1	ascii	armonik	encode	default	20	131670.9	130211.1	133072.7	0.022
codec-P	P4.1	P4.1	ascii	armonik	decode	default	20	263406.4	250531.2	280297.4	0.113
codec-P	P4.1	P4.1	ascii	armonik	decode-read	default	20	291579.5	269959.2	301976.1	0.110
codec-P	P5.1	P5.1	ascii	armonik	encode	default	20	65.0	63.5	67.9	0.067
codec-P	P5.1	P5.1	ascii	armonik	decode	default	20	71.9	67.4	86.1	0.260
codec-P	P5.1	P5.1	ascii	armonik	decode-read	default	20	86.3	85.4	88.1	0.031
codec-P	P5.2	P5.2	ascii	armonik	encode	default	20	1621.0	1608.9	1682.6	0.045
codec-P	P5.2	P5.2	ascii	armonik	decode	default	20	86.8	77.3	90.0	0.147
codec-P	P5.2	P5.2	ascii	armonik	decode-read	default	20	91.5	90.7	97.3	0.073
codec-P	P5.3	P5.3	ascii	armonik	encode	default	20	46112.7	45568.3	47313.0	0.038
codec-P	P5.3	P5.3	ascii	armonik	decode	default	20	87.0	86.6	87.6	0.011
codec-P	P5.3	P5.3	ascii	armonik	decode-read	default	20	91.4	90.7	92.6	0.020
codec-P	P5.4	P5.4	ascii	armonik	encode	default	20	346466.6	343865.7	353134.8	0.027
codec-P	P5.4	P5.4	ascii	armonik	decode	default	20	88.2	86.9	93.3	0.073
codec-P	P5.4	P5.4	ascii	armonik	decode-read	default	20	90.0	85.8	92.7	0.077
codec-P	P6.1	P6.1	ascii	armonik	encode	default	20	375791.6	363471.7	379457.5	0.043
codec-P	P6.1	P6.1	ascii	armonik	decode	default	20	319173.2	314366.2	323171.1	0.028
codec-P	P6.1	P6.1	ascii	armonik	decode-read	default	20	346767.6	340881.7	363554.8	0.065
codec-P	P7.1	P7.1	ascii	armonik	decode	default	20	312.0	307.9	330.9	0.074
codec-P	P7.1	P7.1	ascii	armonik	decode-read	default	20	327.1	316.7	330.1	0.041
codec-P	P1.1	P1.1	ascii	core-native	encode	drop	20	204.7	203.4	205.8	0.012
codec-P	P1.1	P1.1	ascii	core-native	encode	retain	20	248.5	246.8	250.8	0.016
codec-P	P1.1	P1.1	ascii	core-native	decode	drop	20	1087.7	1070.2	1103.6	0.031
codec-P	P1.1	P1.1	ascii	core-native	decode	retain	20	1074.2	1051.6	1111.3	0.056
codec-P	P1.1	P1.1	ascii	core-native	decode-read	drop	20	1144.0	1134.3	1157.2	0.020
codec-P	P1.1	P1.1	ascii	core-native	decode-read	retain	20	1163.5	1154.2	1174.4	0.017
codec-P	P1.2	P1.2	ascii	core-native	encode	drop	20	57760.2	57328.3	59750.5	0.042
codec-P	P1.2	P1.2	ascii	core-native	encode	retain	20	73018.2	72093.8	83884.0	0.161
codec-P	P1.2	P1.2	ascii	core-native	decode	drop	20	313177.9	306694.1	328753.0	0.070
codec-P	P1.2	P1.2	ascii	core-native	decode	retain	20	315282.7	300263.4	317481.7	0.055
codec-P	P1.2	P1.2	ascii	core-native	decode-read	drop	20	325927.8	323063.3	328255.2	0.016
codec-P	P1.2	P1.2	ascii	core-native	decode-read	retain	20	269449.9	262906.6	373685.7	0.411
codec-P	P1.2/latin1	P1.2	latin1	core-native	encode	drop	20	58398.4	57347.0	60489.1	0.054
codec-P	P1.2/latin1	P1.2	latin1	core-native	encode	retain	20	69580.9	68227.6	71707.8	0.050
codec-P	P1.2/latin1	P1.2	latin1	core-native	decode	drop	20	404639.5	389213.4	447284.1	0.144
codec-P	P1.2/latin1	P1.2	latin1	core-native	decode	retain	20	512875.8	504577.8	607041.6	0.200
codec-P	P1.2/latin1	P1.2	latin1	core-native	decode-read	drop	20	528098.4	512754.5	575525.0	0.119
codec-P	P1.2/latin1	P1.2	latin1	core-native	decode-read	retain	20	421285.5	406790.9	445449.3	0.092
codec-P	P1.2/wide	P1.2	wide	core-native	encode	drop	20	53039.9	52419.8	54031.7	0.030
codec-P	P1.2/wide	P1.2	wide	core-native	encode	retain	20	56279.3	55644.8	57877.5	0.040
codec-P	P1.2/wide	P1.2	wide	core-native	decode	drop	20	594352.9	591374.6	599266.9	0.013
codec-P	P1.2/wide	P1.2	wide	core-native	decode	retain	20	608235.5	574387.3	665784.7	0.150
codec-P	P1.2/wide	P1.2	wide	core-native	decode-read	drop	20	621037.8	610317.1	645534.8	0.057
codec-P	P1.2/wide	P1.2	wide	core-native	decode-read	retain	20	631660.9	620426.9	639728.5	0.031
codec-P	P1.3	P1.3	ascii	core-native	encode	drop	20	1746.8	1694.9	1825.4	0.075
codec-P	P1.3	P1.3	ascii	core-native	encode	retain	20	2440.7	2407.3	2625.7	0.089
codec-P	P1.3	P1.3	ascii	core-native	decode	drop	20	12302.3	12209.7	12556.5	0.028
codec-P	P1.3	P1.3	ascii	core-native	decode	retain	20	12334.2	12143.2	13284.4	0.093
codec-P	P1.3	P1.3	ascii	core-native	decode-read	drop	20	14394.1	14334.3	14570.9	0.016
codec-P	P1.3	P1.3	ascii	core-native	decode-read	retain	20	11227.5	11108.7	14153.9	0.271
codec-P	P2.1	P2.1	ascii	core-native	encode	drop	20	205.8	203.9	269.4	0.318
codec-P	P2.1	P2.1	ascii	core-native	encode	retain	20	315.7	312.2	415.9	0.329
codec-P	P2.1	P2.1	ascii	core-native	decode	drop	20	1550.7	1527.5	2409.8	0.569
codec-P	P2.1	P2.1	ascii	core-native	decode	retain	20	1534.8	1526.8	1622.2	0.062
codec-P	P2.1	P2.1	ascii	core-native	decode-read	drop	20	1552.6	1534.0	1780.8	0.159
codec-P	P2.1	P2.1	ascii	core-native	decode-read	retain	20	1649.1	1637.4	1658.3	0.013
codec-P	P2.2	P2.2	ascii	core-native	encode	drop	20	217572.1	215561.6	223455.3	0.036
codec-P	P2.2	P2.2	ascii	core-native	encode	retain	20	210328.7	184779.1	232274.3	0.226
codec-P	P2.2	P2.2	ascii	core-native	decode	drop	20	1122483.0	1016365.3	1234761.2	0.195
codec-P	P2.2	P2.2	ascii	core-native	decode	retain	20	1032451.6	1018477.2	1048653.8	0.029
codec-P	P2.2	P2.2	ascii	core-native	decode-read	drop	20	1089734.8	1082235.9	1155876.3	0.068
codec-P	P2.2	P2.2	ascii	core-native	decode-read	retain	20	1098956.0	1089361.2	1111315.0	0.020
codec-P	P2.2/latin1	P2.2	latin1	core-native	encode	drop	20	228395.0	209285.1	261861.7	0.230
codec-P	P2.2/latin1	P2.2	latin1	core-native	encode	retain	20	205681.3	201875.3	254864.3	0.258
codec-P	P2.2/latin1	P2.2	latin1	core-native	decode	drop	20	1713287.4	1699844.4	1801802.6	0.060
codec-P	P2.2/latin1	P2.2	latin1	core-native	decode	retain	20	1726516.2	1704960.2	1760419.5	0.032
codec-P	P2.2/latin1	P2.2	latin1	core-native	decode-read	drop	20	1810101.9	1788765.4	1849775.6	0.034
codec-P	P2.2/latin1	P2.2	latin1	core-native	decode-read	retain	20	1830795.6	1781784.1	1971929.6	0.104
codec-P	P2.2/wide	P2.2	wide	core-native	encode	drop	20	281861.4	241315.7	310933.1	0.247
codec-P	P2.2/wide	P2.2	wide	core-native	encode	retain	20	284570.7	270217.0	292537.8	0.078
codec-P	P2.2/wide	P2.2	wide	core-native	decode	drop	20	2195596.1	2131830.0	2437980.8	0.139
codec-P	P2.2/wide	P2.2	wide	core-native	decode	retain	20	2225205.5	2146679.3	2390345.0	0.110
codec-P	P2.2/wide	P2.2	wide	core-native	decode-read	drop	20	2268193.5	2238160.4	2376091.2	0.061
codec-P	P2.2/wide	P2.2	wide	core-native	decode-read	retain	20	2283748.5	2137643.6	2359249.6	0.097
codec-P	P2.3	P2.3	ascii	core-native	encode	drop	20	118796.6	115058.3	132282.6	0.145
codec-P	P2.3	P2.3	ascii	core-native	encode	retain	20	121523.3	120281.3	144235.9	0.197
codec-P	P2.3	P2.3	ascii	core-native	decode	drop	20	1103653.3	1071907.6	1118522.9	0.042
codec-P	P2.3	P2.3	ascii	core-native	decode	retain	20	1117858.5	1091607.1	1159680.4	0.061
codec-P	P2.3	P2.3	ascii	core-native	decode-read	drop	20	1156769.5	1111799.5	1205569.8	0.081
codec-P	P2.3	P2.3	ascii	core-native	decode-read	retain	20	1172749.9	1141553.3	1335385.5	0.165
codec-P	P2.4	P2.4	ascii	core-native	encode	drop	20	174120.1	170570.4	177829.4	0.042
codec-P	P2.4	P2.4	ascii	core-native	encode	retain	20	174416.9	169956.0	183737.9	0.079
codec-P	P2.4	P2.4	ascii	core-native	decode	drop	20	1507727.7	1418369.6	1556576.1	0.092
codec-P	P2.4	P2.4	ascii	core-native	decode	retain	20	1522112.7	1492939.8	1621107.6	0.084
codec-P	P2.4	P2.4	ascii	core-native	decode-read	drop	20	1683813.2	1592923.2	1904993.5	0.185
codec-P	P2.4	P2.4	ascii	core-native	decode-read	retain	20	1647460.8	1595169.4	1737127.6	0.086
codec-P	P2.5	P2.5	ascii	core-native	encode	drop	20	5436.8	5357.4	6491.7	0.209
codec-P	P2.5	P2.5	ascii	core-native	encode	retain	20	6007.3	5919.7	7038.2	0.186
codec-P	P2.5	P2.5	ascii	core-native	decode	drop	20	40126.2	39764.5	46098.2	0.158
codec-P	P2.5	P2.5	ascii	core-native	decode	retain	20	39990.9	39594.7	46880.7	0.182
codec-P	P2.5	P2.5	ascii	core-native	decode-read	drop	20	43059.6	41690.2	47338.7	0.131
codec-P	P2.5	P2.5	ascii	core-native	decode-read	retain	20	43736.8	42011.2	65802.8	0.544
codec-P	P3.1	P3.1	ascii	core-native	encode	drop	20	3792.9	3730.6	4683.2	0.251
codec-P	P3.1	P3.1	ascii	core-native	encode	retain	20	4251.4	4135.9	4753.1	0.145
codec-P	P3.1	P3.1	ascii	core-native	decode	drop	20	23549.9	22411.5	27374.5	0.211
codec-P	P3.1	P3.1	ascii	core-native	decode	retain	20	23003.5	22584.2	23564.3	0.043
codec-P	P3.1	P3.1	ascii	core-native	decode-read	drop	20	25062.1	24762.2	28165.8	0.136
codec-P	P3.1	P3.1	ascii	core-native	decode-read	retain	20	24893.4	23600.0	27235.8	0.146
codec-P	P4.1	P4.1	ascii	core-native	encode	drop	20	26660.0	26068.2	32294.5	0.234
codec-P	P4.1	P4.1	ascii	core-native	encode	retain	20	29963.7	29356.4	31590.1	0.075
codec-P	P4.1	P4.1	ascii	core-native	decode	drop	20	236319.6	233474.1	282295.4	0.207
codec-P	P4.1	P4.1	ascii	core-native	decode	retain	20	236755.9	234081.6	349282.4	0.487
codec-P	P4.1	P4.1	ascii	core-native	decode-read	drop	20	244978.2	190644.5	253725.0	0.257
codec-P	P4.1	P4.1	ascii	core-native	decode-read	retain	20	246237.1	243620.5	258047.8	0.059
codec-P	P5.1	P5.1	ascii	core-native	encode	drop	20	16.1	15.9	16.5	0.036
codec-P	P5.1	P5.1	ascii	core-native	encode	retain	20	19.4	19.0	19.9	0.045
codec-P	P5.1	P5.1	ascii	core-native	decode	drop	20	88.8	88.4	90.0	0.018
codec-P	P5.1	P5.1	ascii	core-native	decode	retain	20	88.5	87.4	91.1	0.042
codec-P	P5.1	P5.1	ascii	core-native	decode-read	drop	20	92.6	92.2	96.1	0.042
codec-P	P5.1	P5.1	ascii	core-native	decode-read	retain	20	92.4	91.2	97.1	0.065
codec-P	P5.2	P5.2	ascii	core-native	encode	drop	20	1522.9	1516.7	1561.0	0.029
codec-P	P5.2	P5.2	ascii	core-native	encode	retain	20	1593.2	1573.1	1624.0	0.032
codec-P	P5.2	P5.2	ascii	core-native	decode	drop	20	1685.1	1666.7	1728.4	0.037
codec-P	P5.2	P5.2	ascii	core-native	decode	retain	20	1665.4	1657.7	1682.0	0.015
codec-P	P5.2	P5.2	ascii	core-native	decode-read	drop	20	1615.4	1606.6	1702.6	0.059
codec-P	P5.2	P5.2	ascii	core-native	decode-read	retain	20	1622.4	1584.9	1655.0	0.043
codec-P	P5.3	P5.3	ascii	core-native	encode	drop	20	40231.0	38953.7	42256.6	0.082
codec-P	P5.3	P5.3	ascii	core-native	encode	retain	20	45862.7	45121.7	47816.9	0.059
codec-P	P5.3	P5.3	ascii	core-native	decode	drop	20	44053.8	43489.6	46176.9	0.061
codec-P	P5.3	P5.3	ascii	core-native	decode	retain	20	46237.5	43929.6	54679.8	0.232
codec-P	P5.3	P5.3	ascii	core-native	decode-read	drop	20	41860.7	40617.7	50562.4	0.238
codec-P	P5.3	P5.3	ascii	core-native	decode-read	retain	20	45354.1	43268.0	49133.2	0.129
codec-P	P5.4	P5.4	ascii	core-native	encode	drop	20	344377.9	332015.4	357812.4	0.075
codec-P	P5.4	P5.4	ascii	core-native	encode	retain	20	348092.5	335630.6	360342.4	0.071
codec-P	P5.4	P5.4	ascii	core-native	decode	drop	20	343297.5	303843.6	365395.1	0.179
codec-P	P5.4	P5.4	ascii	core-native	decode	retain	20	309551.0	303147.3	317316.1	0.046
codec-P	P5.4	P5.4	ascii	core-native	decode-read	drop	20	352317.9	344057.7	366329.7	0.063
codec-P	P5.4	P5.4	ascii	core-native	decode-read	retain	20	345604.2	335938.1	365300.9	0.085
codec-P	P6.1	P6.1	ascii	core-native	encode	drop	20	70751.6	59547.8	122552.4	0.891
codec-P	P6.1	P6.1	ascii	core-native	encode	retain	20	69980.4	68673.5	75077.2	0.092
codec-P	P6.1	P6.1	ascii	core-native	decode	drop	20	205736.7	203542.5	215946.7	0.060
codec-P	P6.1	P6.1	ascii	core-native	decode	retain	20	204201.3	201911.4	208952.4	0.034
codec-P	P6.1	P6.1	ascii	core-native	decode-read	drop	20	204646.5	186500.5	235322.2	0.239
codec-P	P6.1	P6.1	ascii	core-native	decode-read	retain	20	237130.2	232524.6	259690.7	0.115
codec-P	P7.1	P7.1	ascii	core-native	decode	drop	20	248.8	246.0	257.2	0.045
codec-P	P7.1	P7.1	ascii	core-native	decode	retain	20	234.7	225.6	246.3	0.088
codec-P	P7.1	P7.1	ascii	core-native	decode-read	drop	20	267.1	262.7	303.5	0.153
codec-P	P7.1	P7.1	ascii	core-native	decode-read	retain	20	257.0	249.0	259.1	0.039
codec-P	P1.1	P1.1	ascii	core-ffi	encode	drop	20	363.2	351.6	383.0	0.087
codec-P	P1.1	P1.1	ascii	core-ffi	encode	retain	20	390.1	370.9	397.3	0.068
codec-P	P1.1	P1.1	ascii	core-ffi	decode	drop	20	1685.1	1654.8	1778.6	0.073
codec-P	P1.1	P1.1	ascii	core-ffi	decode	retain	20	1354.4	1315.1	1768.4	0.335
codec-P	P1.1	P1.1	ascii	core-ffi	decode-read	drop	20	1712.2	1524.3	1785.7	0.153
codec-P	P1.1	P1.1	ascii	core-ffi	decode-read	retain	20	1733.2	1356.9	1817.2	0.266
codec-P	P1.2	P1.2	ascii	core-ffi	encode	drop	20	106001.2	104796.1	108363.9	0.034
codec-P	P1.2	P1.2	ascii	core-ffi	encode	retain	20	109278.7	107813.0	114151.5	0.058
codec-P	P1.2	P1.2	ascii	core-ffi	decode	drop	20	449874.9	441255.2	470184.6	0.064
codec-P	P1.2	P1.2	ascii	core-ffi	decode	retain	20	448199.2	439759.7	462347.7	0.050
codec-P	P1.2	P1.2	ascii	core-ffi	decode-read	drop	20	466589.4	463424.9	481660.0	0.039
codec-P	P1.2	P1.2	ascii	core-ffi	decode-read	retain	20	465396.0	455084.4	528291.3	0.157
codec-P	P1.2/latin1	P1.2	latin1	core-ffi	encode	drop	20	104332.1	99172.2	108321.5	0.088
codec-P	P1.2/latin1	P1.2	latin1	core-ffi	encode	retain	20	110679.1	108890.7	115429.1	0.059
codec-P	P1.2/latin1	P1.2	latin1	core-ffi	decode	drop	20	741096.9	720298.6	782907.3	0.084
codec-P	P1.2/latin1	P1.2	latin1	core-ffi	decode	retain	20	737810.7	716204.2	773967.6	0.078
codec-P	P1.2/latin1	P1.2	latin1	core-ffi	decode-read	drop	20	751716.4	737049.3	794561.8	0.077
codec-P	P1.2/latin1	P1.2	latin1	core-ffi	decode-read	retain	20	743340.7	650257.7	850776.7	0.270
codec-P	P1.2/wide	P1.2	wide	core-ffi	encode	drop	20	110665.1	107131.7	117510.1	0.094
codec-P	P1.2/wide	P1.2	wide	core-ffi	encode	retain	20	113715.9	110310.7	121325.6	0.097
codec-P	P1.2/wide	P1.2	wide	core-ffi	decode	drop	20	985212.5	969000.6	1084073.9	0.117
codec-P	P1.2/wide	P1.2	wide	core-ffi	decode	retain	20	987065.3	969446.8	1024527.2	0.056
codec-P	P1.2/wide	P1.2	wide	core-ffi	decode-read	drop	20	1024090.0	994966.2	1108786.1	0.111
codec-P	P1.2/wide	P1.2	wide	core-ffi	decode-read	retain	20	1000996.1	991676.5	1223015.4	0.231
codec-P	P1.3	P1.3	ascii	core-ffi	encode	drop	20	4998.1	4955.4	5254.4	0.060
codec-P	P1.3	P1.3	ascii	core-ffi	encode	retain	20	5424.9	5379.7	5484.3	0.019
codec-P	P1.3	P1.3	ascii	core-ffi	decode	drop	20	17852.7	17737.3	18682.7	0.053
codec-P	P1.3	P1.3	ascii	core-ffi	decode	retain	20	18153.1	18009.7	19288.0	0.070
codec-P	P1.3	P1.3	ascii	core-ffi	decode-read	drop	20	20075.3	19796.4	22960.5	0.158
codec-P	P1.3	P1.3	ascii	core-ffi	decode-read	retain	20	20195.6	19567.9	20689.0	0.056
codec-P	P2.1	P2.1	ascii	core-ffi	encode	drop	20	568.0	547.7	585.4	0.066
codec-P	P2.1	P2.1	ascii	core-ffi	encode	retain	20	608.8	465.3	723.0	0.423
codec-P	P2.1	P2.1	ascii	core-ffi	decode	drop	20	2447.8	2395.9	3209.9	0.333
codec-P	P2.1	P2.1	ascii	core-ffi	decode	retain	20	3166.3	3139.2	3196.1	0.018
codec-P	P2.1	P2.1	ascii	core-ffi	decode-read	drop	20	3123.0	2875.6	3397.1	0.167
codec-P	P2.1	P2.1	ascii	core-ffi	decode-read	retain	20	3223.8	3037.7	3370.4	0.103
codec-P	P2.2	P2.2	ascii	core-ffi	encode	drop	20	356694.1	344497.7	387433.0	0.120
codec-P	P2.2	P2.2	ascii	core-ffi	encode	retain	20	400079.8	389889.2	426605.8	0.092
codec-P	P2.2	P2.2	ascii	core-ffi	decode	drop	20	1973104.9	1942071.7	2131080.4	0.096
codec-P	P2.2	P2.2	ascii	core-ffi	decode	retain	20	1978216.9	1943332.1	2057556.4	0.058
codec-P	P2.2	P2.2	ascii	core-ffi	decode-read	drop	20	2057317.1	2025102.6	2229643.0	0.099
codec-P	P2.2	P2.2	ascii	core-ffi	decode-read	retain	20	2039034.6	1993077.7	2480207.5	0.239
codec-P	P2.2/latin1	P2.2	latin1	core-ffi	encode	drop	20	394102.4	325363.7	415153.5	0.228
codec-P	P2.2/latin1	P2.2	latin1	core-ffi	encode	retain	20	411891.0	407393.0	420277.0	0.031
codec-P	P2.2/latin1	P2.2	latin1	core-ffi	decode	drop	20	2805834.8	2773380.0	2897436.6	0.044
codec-P	P2.2/latin1	P2.2	latin1	core-ffi	decode	retain	20	2800415.3	2732186.6	2894731.6	0.058
codec-P	P2.2/latin1	P2.2	latin1	core-ffi	decode-read	drop	20	2937285.6	2861476.5	3401056.2	0.184
codec-P	P2.2/latin1	P2.2	latin1	core-ffi	decode-read	retain	20	2887123.0	2852648.0	3688499.8	0.290
codec-P	P2.2/wide	P2.2	wide	core-ffi	encode	drop	20	399515.6	392996.6	453151.1	0.151
codec-P	P2.2/wide	P2.2	wide	core-ffi	encode	retain	20	414561.3	407409.5	520816.3	0.274
codec-P	P2.2/wide	P2.2	wide	core-ffi	decode	drop	20	3275730.9	3173479.2	3657656.5	0.148
codec-P	P2.2/wide	P2.2	wide	core-ffi	decode	retain	20	3638354.9	3528806.0	3769865.0	0.066
codec-P	P2.2/wide	P2.2	wide	core-ffi	decode-read	drop	20	3582305.5	3465576.5	3662153.0	0.055
codec-P	P2.2/wide	P2.2	wide	core-ffi	decode-read	retain	20	3674582.1	3558306.8	3802910.5	0.067
codec-P	P2.3	P2.3	ascii	core-ffi	encode	drop	20	246822.0	240780.5	256988.0	0.066
codec-P	P2.3	P2.3	ascii	core-ffi	encode	retain	20	247081.2	234471.1	276699.1	0.171
codec-P	P2.3	P2.3	ascii	core-ffi	decode	drop	20	1513167.4	1483583.1	1631034.3	0.097
codec-P	P2.3	P2.3	ascii	core-ffi	decode	retain	20	1502527.7	1483711.4	1801582.6	0.212
codec-P	P2.3	P2.3	ascii	core-ffi	decode-read	drop	20	1540329.2	1520796.4	1573384.1	0.034
codec-P	P2.3	P2.3	ascii	core-ffi	decode-read	retain	20	1532066.9	1482961.2	1589342.7	0.069
codec-P	P2.4	P2.4	ascii	core-ffi	encode	drop	20	329893.3	325739.3	364747.5	0.118
codec-P	P2.4	P2.4	ascii	core-ffi	encode	retain	20	321635.6	311630.6	340183.8	0.089
codec-P	P2.4	P2.4	ascii	core-ffi	decode	drop	20	2059175.1	2028015.7	2288770.0	0.127
codec-P	P2.4	P2.4	ascii	core-ffi	decode	retain	20	1999061.6	1755720.1	2138462.9	0.191
codec-P	P2.4	P2.4	ascii	core-ffi	decode-read	drop	20	2172374.5	2141504.7	2226579.3	0.039
codec-P	P2.4	P2.4	ascii	core-ffi	decode-read	retain	20	2176975.0	2147756.7	2278965.2	0.060
codec-P	P2.5	P2.5	ascii	core-ffi	encode	drop	20	11113.9	11023.3	11302.5	0.025
codec-P	P2.5	P2.5	ascii	core-ffi	encode	retain	20	11634.8	11529.4	11715.6	0.016
codec-P	P2.5	P2.5	ascii	core-ffi	decode	drop	20	62563.5	56101.1	67203.4	0.177
codec-P	P2.5	P2.5	ascii	core-ffi	decode	retain	20	61691.5	59605.4	62508.2	0.047
codec-P	P2.5	P2.5	ascii	core-ffi	decode-read	drop	20	64369.3	63961.2	67197.1	0.050
codec-P	P2.5	P2.5	ascii	core-ffi	decode-read	retain	20	52911.2	52387.5	65566.9	0.249
codec-P	P3.1	P3.1	ascii	core-ffi	encode	drop	20	6274.5	6203.7	6453.7	0.040
codec-P	P3.1	P3.1	ascii	core-ffi	encode	retain	20	6807.9	6706.3	7076.1	0.054
codec-P	P3.1	P3.1	ascii	core-ffi	decode	drop	20	26765.4	25758.8	27503.6	0.065
codec-P	P3.1	P3.1	ascii	core-ffi	decode	retain	20	26104.9	25679.4	27216.1	0.059
codec-P	P3.1	P3.1	ascii	core-ffi	decode-read	drop	20	28809.8	27229.3	30350.0	0.108
codec-P	P3.1	P3.1	ascii	core-ffi	decode-read	retain	20	27382.1	27209.1	27760.2	0.020
codec-P	P4.1	P4.1	ascii	core-ffi	encode	drop	20	54004.7	45766.1	59932.4	0.262
codec-P	P4.1	P4.1	ascii	core-ffi	encode	retain	20	59002.5	57957.7	65684.9	0.131
codec-P	P4.1	P4.1	ascii	core-ffi	decode	drop	20	321940.6	314568.3	355129.7	0.126
codec-P	P4.1	P4.1	ascii	core-ffi	decode	retain	20	313101.7	311125.2	318467.6	0.023
codec-P	P4.1	P4.1	ascii	core-ffi	decode-read	drop	20	268522.9	264626.5	331903.3	0.251
codec-P	P4.1	P4.1	ascii	core-ffi	decode-read	retain	20	323814.9	321082.7	328064.5	0.022
codec-P	P5.1	P5.1	ascii	core-ffi	encode	drop	20	31.9	30.7	33.1	0.076
codec-P	P5.1	P5.1	ascii	core-ffi	encode	retain	20	34.3	33.0	34.7	0.048
codec-P	P5.1	P5.1	ascii	core-ffi	decode	drop	20	146.9	141.8	149.0	0.049
codec-P	P5.1	P5.1	ascii	core-ffi	decode	retain	20	161.3	160.0	173.8	0.086
codec-P	P5.1	P5.1	ascii	core-ffi	decode-read	drop	20	156.3	153.9	160.8	0.044
codec-P	P5.1	P5.1	ascii	core-ffi	decode-read	retain	20	164.4	162.8	167.2	0.026
codec-P	P5.2	P5.2	ascii	core-ffi	encode	drop	20	1572.4	1563.0	1601.2	0.024
codec-P	P5.2	P5.2	ascii	core-ffi	encode	retain	20	1525.1	1514.4	1589.4	0.049
codec-P	P5.2	P5.2	ascii	core-ffi	decode	drop	20	1682.2	1673.8	1791.1	0.070
codec-P	P5.2	P5.2	ascii	core-ffi	decode	retain	20	1749.4	1740.1	1784.9	0.026
codec-P	P5.2	P5.2	ascii	core-ffi	decode-read	drop	20	1756.4	1726.1	1888.6	0.092
codec-P	P5.2	P5.2	ascii	core-ffi	decode-read	retain	20	1747.8	1704.9	1773.8	0.039
codec-P	P5.3	P5.3	ascii	core-ffi	encode	drop	20	41993.9	38586.8	58841.3	0.482
codec-P	P5.3	P5.3	ascii	core-ffi	encode	retain	20	46514.9	45927.8	47229.9	0.028
codec-P	P5.3	P5.3	ascii	core-ffi	decode	drop	20	47338.1	45545.0	80711.4	0.743
codec-P	P5.3	P5.3	ascii	core-ffi	decode	retain	20	46894.6	45695.1	68496.8	0.486
codec-P	P5.3	P5.3	ascii	core-ffi	decode-read	drop	20	46670.4	45523.3	66346.4	0.446
codec-P	P5.3	P5.3	ascii	core-ffi	decode-read	retain	20	45800.9	45377.8	47669.7	0.050
codec-P	P5.4	P5.4	ascii	core-ffi	encode	drop	20	340915.7	332620.6	347398.5	0.043
codec-P	P5.4	P5.4	ascii	core-ffi	encode	retain	20	357364.4	343407.3	402841.5	0.166
codec-P	P5.4	P5.4	ascii	core-ffi	decode	drop	20	343929.5	339611.3	362241.2	0.066
codec-P	P5.4	P5.4	ascii	core-ffi	decode	retain	20	345222.2	340684.1	355848.4	0.044
codec-P	P5.4	P5.4	ascii	core-ffi	decode-read	drop	20	344266.6	339760.4	347220.6	0.022
codec-P	P5.4	P5.4	ascii	core-ffi	decode-read	retain	20	348439.1	340858.4	359487.9	0.053
codec-P	P6.1	P6.1	ascii	core-ffi	encode	drop	20	83438.3	82802.0	84464.8	0.020
codec-P	P6.1	P6.1	ascii	core-ffi	encode	retain	20	85051.3	82956.2	86762.2	0.045
codec-P	P6.1	P6.1	ascii	core-ffi	decode	drop	20	186204.3	183957.8	189328.6	0.029
codec-P	P6.1	P6.1	ascii	core-ffi	decode	retain	20	187395.8	185553.9	201688.4	0.086
codec-P	P6.1	P6.1	ascii	core-ffi	decode-read	drop	20	213693.3	207954.3	228103.3	0.094
codec-P	P6.1	P6.1	ascii	core-ffi	decode-read	retain	20	212336.9	204903.2	221913.1	0.080
codec-P	P7.1	P7.1	ascii	core-ffi	decode	drop	20	365.0	360.6	466.8	0.291
codec-P	P7.1	P7.1	ascii	core-ffi	decode	retain	20	379.9	369.6	523.2	0.404
codec-P	P7.1	P7.1	ascii	core-ffi	decode-read	drop	20	298.5	294.7	316.5	0.073
codec-P	P7.1	P7.1	ascii	core-ffi	decode-read	retain	20	332.9	320.1	349.2	0.087
codec-P	P1.1	P1.1	ascii	core-ffi-pull	decode	drop	20	1388.4	1329.1	1426.9	0.070
codec-P	P1.1	P1.1	ascii	core-ffi-pull	decode	retain	20	1358.0	1327.5	1413.0	0.063
codec-P	P1.1	P1.1	ascii	core-ffi-pull	decode-read	drop	20	1546.0	1430.5	1638.6	0.135
codec-P	P1.1	P1.1	ascii	core-ffi-pull	decode-read	retain	20	1376.5	1359.9	1439.6	0.058
codec-P	P1.2	P1.2	ascii	core-ffi-pull	decode	drop	20	349963.1	344750.6	363544.7	0.054
codec-P	P1.2	P1.2	ascii	core-ffi-pull	decode	retain	20	348924.7	345196.2	356166.4	0.031
codec-P	P1.2	P1.2	ascii	core-ffi-pull	decode-read	drop	20	377520.1	360482.7	390342.8	0.079
codec-P	P1.2	P1.2	ascii	core-ffi-pull	decode-read	retain	20	363446.6	358721.9	365967.7	0.020
codec-P	P1.2/latin1	P1.2	latin1	core-ffi-pull	decode	drop	20	562421.6	560654.0	572570.7	0.021
codec-P	P1.2/latin1	P1.2	latin1	core-ffi-pull	decode	retain	20	608425.9	560975.3	662502.3	0.167
codec-P	P1.2/latin1	P1.2	latin1	core-ffi-pull	decode-read	drop	20	598974.3	572873.8	659907.6	0.145
codec-P	P1.2/latin1	P1.2	latin1	core-ffi-pull	decode-read	retain	20	657773.5	606687.8	679562.9	0.111
codec-P	P1.2/wide	P1.2	wide	core-ffi-pull	decode	drop	20	831422.8	804633.2	879555.1	0.090
codec-P	P1.2/wide	P1.2	wide	core-ffi-pull	decode	retain	20	940410.5	846411.8	1005965.9	0.170
codec-P	P1.2/wide	P1.2	wide	core-ffi-pull	decode-read	drop	20	989990.0	964818.2	1035894.2	0.072
codec-P	P1.2/wide	P1.2	wide	core-ffi-pull	decode-read	retain	20	1034920.0	827759.4	1101206.3	0.264
codec-P	P1.3	P1.3	ascii	core-ffi-pull	decode	drop	20	16934.6	16384.0	17561.6	0.070
codec-P	P1.3	P1.3	ascii	core-ffi-pull	decode	retain	20	19528.4	18865.5	19652.8	0.040
codec-P	P1.3	P1.3	ascii	core-ffi-pull	decode-read	drop	20	18958.9	18377.6	19535.9	0.061
codec-P	P1.3	P1.3	ascii	core-ffi-pull	decode-read	retain	20	20970.2	20218.7	22514.3	0.109
codec-P	P2.1	P2.1	ascii	core-ffi-pull	decode	drop	20	3024.3	2933.4	3144.2	0.070
codec-P	P2.1	P2.1	ascii	core-ffi-pull	decode	retain	20	3003.3	2908.3	3127.8	0.073
codec-P	P2.1	P2.1	ascii	core-ffi-pull	decode-read	drop	20	3191.7	2625.7	3302.0	0.212
codec-P	P2.1	P2.1	ascii	core-ffi-pull	decode-read	retain	20	2635.8	2610.2	2842.4	0.088
codec-P	P2.2	P2.2	ascii	core-ffi-pull	decode	drop	20	1900952.3	1855422.1	2103475.0	0.130
codec-P	P2.2	P2.2	ascii	core-ffi-pull	decode	retain	20	1804526.0	1781680.0	1926791.7	0.080
codec-P	P2.2	P2.2	ascii	core-ffi-pull	decode-read	drop	20	1927832.0	1910171.0	1957161.4	0.024
codec-P	P2.2	P2.2	ascii	core-ffi-pull	decode-read	retain	20	1933002.0	1841998.0	2185724.3	0.178
codec-P	P2.2/latin1	P2.2	latin1	core-ffi-pull	decode	drop	20	2686523.5	2602080.2	2814877.6	0.079
codec-P	P2.2/latin1	P2.2	latin1	core-ffi-pull	decode	retain	20	2634580.8	2599077.0	3130546.2	0.202
codec-P	P2.2/latin1	P2.2	latin1	core-ffi-pull	decode-read	drop	20	2740150.1	2721224.2	3247706.6	0.192
codec-P	P2.2/latin1	P2.2	latin1	core-ffi-pull	decode-read	retain	20	2666651.6	2641854.6	2880623.8	0.090
codec-P	P2.2/wide	P2.2	wide	core-ffi-pull	decode	drop	20	3503968.0	3452163.0	3632714.0	0.052
codec-P	P2.2/wide	P2.2	wide	core-ffi-pull	decode	retain	20	3309675.2	3257291.0	3820708.2	0.170
codec-P	P2.2/wide	P2.2	wide	core-ffi-pull	decode-read	drop	20	3475701.2	3436958.5	3697634.2	0.075
codec-P	P2.2/wide	P2.2	wide	core-ffi-pull	decode-read	retain	20	3323674.5	3204267.0	3730355.2	0.158
codec-P	P2.3	P2.3	ascii	core-ffi-pull	decode	drop	20	1474834.2	1454587.1	1533044.0	0.053
codec-P	P2.3	P2.3	ascii	core-ffi-pull	decode	retain	20	1455980.9	1434461.5	1535503.4	0.069
codec-P	P2.3	P2.3	ascii	core-ffi-pull	decode-read	drop	20	1522841.9	1226135.6	1613015.5	0.254
codec-P	P2.3	P2.3	ascii	core-ffi-pull	decode-read	retain	20	1492210.1	1274503.8	1586928.6	0.209
codec-P	P2.4	P2.4	ascii	core-ffi-pull	decode	drop	20	2066285.8	2028914.2	2525280.5	0.240
codec-P	P2.4	P2.4	ascii	core-ffi-pull	decode	retain	20	2027862.5	1985260.4	2099059.1	0.056
codec-P	P2.4	P2.4	ascii	core-ffi-pull	decode-read	drop	20	2119708.8	2102099.8	2170673.5	0.032
codec-P	P2.4	P2.4	ascii	core-ffi-pull	decode-read	retain	20	2131795.5	2044441.4	2366263.6	0.151
codec-P	P2.5	P2.5	ascii	core-ffi-pull	decode	drop	20	61549.7	48413.1	62471.4	0.228
codec-P	P2.5	P2.5	ascii	core-ffi-pull	decode	retain	20	50553.4	47489.8	54054.4	0.130
codec-P	P2.5	P2.5	ascii	core-ffi-pull	decode-read	drop	20	53858.1	52570.2	63776.7	0.208
codec-P	P2.5	P2.5	ascii	core-ffi-pull	decode-read	retain	20	51748.6	49392.6	53377.9	0.077
codec-P	P3.1	P3.1	ascii	core-ffi-pull	decode	drop	20	31075.3	27913.6	37101.4	0.296
codec-P	P3.1	P3.1	ascii	core-ffi-pull	decode	retain	20	35230.7	33926.2	46177.3	0.348
codec-P	P3.1	P3.1	ascii	core-ffi-pull	decode-read	drop	20	28471.9	27932.8	29221.8	0.045
codec-P	P3.1	P3.1	ascii	core-ffi-pull	decode-read	retain	20	36353.5	35818.8	44681.6	0.244
codec-P	P4.1	P4.1	ascii	core-ffi-pull	decode	drop	20	310690.3	303313.2	325359.9	0.071
codec-P	P4.1	P4.1	ascii	core-ffi-pull	decode	retain	20	308646.9	276036.4	334712.0	0.190
codec-P	P4.1	P4.1	ascii	core-ffi-pull	decode-read	drop	20	308181.2	305305.4	319224.4	0.045
codec-P	P4.1	P4.1	ascii	core-ffi-pull	decode-read	retain	20	318153.8	313478.7	334388.2	0.066
codec-P	P5.1	P5.1	ascii	core-ffi-pull	decode	drop	20	156.1	154.6	158.8	0.027
codec-P	P5.1	P5.1	ascii	core-ffi-pull	decode	retain	20	166.3	165.0	167.9	0.017
codec-P	P5.1	P5.1	ascii	core-ffi-pull	decode-read	drop	20	160.0	158.6	162.9	0.027
codec-P	P5.1	P5.1	ascii	core-ffi-pull	decode-read	retain	20	173.7	168.4	183.1	0.085
codec-P	P5.2	P5.2	ascii	core-ffi-pull	decode	drop	20	1719.3	1713.9	1728.8	0.009
codec-P	P5.2	P5.2	ascii	core-ffi-pull	decode	retain	20	1734.9	1728.6	1783.1	0.031
codec-P	P5.2	P5.2	ascii	core-ffi-pull	decode-read	drop	20	1720.5	1714.8	1732.5	0.010
codec-P	P5.2	P5.2	ascii	core-ffi-pull	decode-read	retain	20	1741.3	1730.3	1834.4	0.060
codec-P	P5.3	P5.3	ascii	core-ffi-pull	decode	drop	20	46195.3	45158.1	48357.1	0.069
codec-P	P5.3	P5.3	ascii	core-ffi-pull	decode	retain	20	45836.9	44766.0	51128.1	0.139
codec-P	P5.3	P5.3	ascii	core-ffi-pull	decode-read	drop	20	45372.7	44780.0	49365.8	0.101
codec-P	P5.3	P5.3	ascii	core-ffi-pull	decode-read	retain	20	44297.5	40024.1	47660.6	0.172
codec-P	P5.4	P5.4	ascii	core-ffi-pull	decode	drop	20	313723.6	309886.5	349850.1	0.127
codec-P	P5.4	P5.4	ascii	core-ffi-pull	decode	retain	20	316973.0	311628.2	327710.1	0.051
codec-P	P5.4	P5.4	ascii	core-ffi-pull	decode-read	drop	20	313851.2	312028.1	321747.5	0.031
codec-P	P5.4	P5.4	ascii	core-ffi-pull	decode-read	retain	20	320880.8	311665.7	327650.4	0.050
codec-P	P6.1	P6.1	ascii	core-ffi-pull	decode	drop	20	168588.2	161310.7	174089.1	0.076
codec-P	P6.1	P6.1	ascii	core-ffi-pull	decode	retain	20	168135.4	166158.7	171219.2	0.030
codec-P	P6.1	P6.1	ascii	core-ffi-pull	decode-read	drop	20	192874.0	190374.3	208493.7	0.094
codec-P	P6.1	P6.1	ascii	core-ffi-pull	decode-read	retain	20	192490.5	189832.3	198627.2	0.046
codec-P	P7.1	P7.1	ascii	core-ffi-pull	decode	drop	20	396.8	393.6	410.6	0.043
codec-P	P7.1	P7.1	ascii	core-ffi-pull	decode	retain	20	435.7	433.3	439.8	0.015
codec-P	P7.1	P7.1	ascii	core-ffi-pull	decode-read	drop	20	410.1	409.0	412.4	0.008
codec-P	P7.1	P7.1	ascii	core-ffi-pull	decode-read	retain	20	451.7	450.0	466.9	0.037
codec-U	U-deep-all	U-deep-all	ascii	incumbent-prod	encode	default	10	1216.6	1179.2	1242.3	0.052
codec-U	U-deep-all	U-deep-all	ascii	incumbent-prod	decode	default	10	2077.8	2054.4	2120.0	0.032
codec-U	U-deep-all	U-deep-all	ascii	incumbent-prod	decode-read	default	10	2167.7	2128.8	2227.5	0.046
codec-U	U-deep-u-fixed32	U-deep-u-fixed32	ascii	incumbent-prod	encode	default	10	1166.7	1138.9	1224.5	0.073
codec-U	U-deep-u-fixed32	U-deep-u-fixed32	ascii	incumbent-prod	decode	default	10	1998.3	1960.1	2082.0	0.061
codec-U	U-deep-u-fixed32	U-deep-u-fixed32	ascii	incumbent-prod	decode-read	default	10	2062.4	2027.1	2194.4	0.081
codec-U	U-deep-u-fixed64	U-deep-u-fixed64	ascii	incumbent-prod	encode	default	10	1163.0	1155.4	1180.0	0.021
codec-U	U-deep-u-fixed64	U-deep-u-fixed64	ascii	incumbent-prod	decode	default	10	1983.2	1917.1	2082.5	0.083
codec-U	U-deep-u-fixed64	U-deep-u-fixed64	ascii	incumbent-prod	decode-read	default	10	2027.1	1935.0	2094.5	0.079
codec-U	U-deep-u-len	U-deep-u-len	ascii	incumbent-prod	encode	default	10	1209.4	1172.7	1257.8	0.070
codec-U	U-deep-u-len	U-deep-u-len	ascii	incumbent-prod	decode	default	10	2035.2	2001.7	2156.1	0.076
codec-U	U-deep-u-len	U-deep-u-len	ascii	incumbent-prod	decode-read	default	10	2137.1	2093.0	2259.0	0.078
codec-U	U-deep-u-msg	U-deep-u-msg	ascii	incumbent-prod	encode	default	10	1201.8	1180.5	1260.0	0.066
codec-U	U-deep-u-msg	U-deep-u-msg	ascii	incumbent-prod	decode	default	10	2011.2	1950.9	2089.3	0.069
codec-U	U-deep-u-msg	U-deep-u-msg	ascii	incumbent-prod	decode-read	default	10	2120.1	2068.7	2185.4	0.055
codec-U	U-deep-u-packed	U-deep-u-packed	ascii	incumbent-prod	encode	default	10	1240.2	1189.5	1302.7	0.091
codec-U	U-deep-u-packed	U-deep-u-packed	ascii	incumbent-prod	decode	default	10	2059.4	1950.5	2110.1	0.078
codec-U	U-deep-u-packed	U-deep-u-packed	ascii	incumbent-prod	decode-read	default	10	2139.5	2100.3	2166.1	0.031
codec-U	U-deep-u-repeated	U-deep-u-repeated	ascii	incumbent-prod	encode	default	10	1196.8	1183.3	1243.5	0.050
codec-U	U-deep-u-repeated	U-deep-u-repeated	ascii	incumbent-prod	decode	default	10	2042.1	1973.9	2095.3	0.059
codec-U	U-deep-u-repeated	U-deep-u-repeated	ascii	incumbent-prod	decode-read	default	10	2120.3	2087.3	2171.0	0.039
codec-U	U-deep-u-varint	U-deep-u-varint	ascii	incumbent-prod	encode	default	10	1199.6	1184.0	1209.0	0.021
codec-U	U-deep-u-varint	U-deep-u-varint	ascii	incumbent-prod	decode	default	10	2023.0	2001.3	2131.5	0.064
codec-U	U-deep-u-varint	U-deep-u-varint	ascii	incumbent-prod	decode-read	default	10	2111.4	2060.8	2244.8	0.087
codec-U	U-element-all	U-element-all	ascii	incumbent-prod	encode	default	10	1204.2	1180.1	1258.6	0.065
codec-U	U-element-all	U-element-all	ascii	incumbent-prod	decode	default	10	2113.6	2095.0	2304.3	0.099
codec-U	U-element-all	U-element-all	ascii	incumbent-prod	decode-read	default	10	2188.7	2161.1	2308.8	0.067
codec-U	U-element-u-fixed32	U-element-u-fixed32	ascii	incumbent-prod	encode	default	10	1194.6	1170.1	1212.4	0.035
codec-U	U-element-u-fixed32	U-element-u-fixed32	ascii	incumbent-prod	decode	default	10	2003.3	1923.9	2215.8	0.146
codec-U	U-element-u-fixed32	U-element-u-fixed32	ascii	incumbent-prod	decode-read	default	10	2095.1	2074.9	2130.1	0.026
codec-U	U-element-u-fixed64	U-element-u-fixed64	ascii	incumbent-prod	encode	default	10	1199.5	1178.8	1229.8	0.043
codec-U	U-element-u-fixed64	U-element-u-fixed64	ascii	incumbent-prod	decode	default	10	2033.8	1976.8	2115.0	0.068
codec-U	U-element-u-fixed64	U-element-u-fixed64	ascii	incumbent-prod	decode-read	default	10	2154.3	2118.7	2315.1	0.091
codec-U	U-element-u-len	U-element-u-len	ascii	incumbent-prod	encode	default	10	1211.9	1199.5	1234.2	0.029
codec-U	U-element-u-len	U-element-u-len	ascii	incumbent-prod	decode	default	10	1763.4	1690.8	1821.4	0.074
codec-U	U-element-u-len	U-element-u-len	ascii	incumbent-prod	decode-read	default	10	1832.0	1785.6	1943.1	0.086
codec-U	U-element-u-msg	U-element-u-msg	ascii	incumbent-prod	encode	default	10	1200.0	1183.3	1222.4	0.033
codec-U	U-element-u-msg	U-element-u-msg	ascii	incumbent-prod	decode	default	10	1730.8	1688.8	1760.9	0.042
codec-U	U-element-u-msg	U-element-u-msg	ascii	incumbent-prod	decode-read	default	10	2070.8	1985.3	2185.9	0.097
codec-U	U-element-u-packed	U-element-u-packed	ascii	incumbent-prod	encode	default	10	1192.8	1174.2	1212.7	0.032
codec-U	U-element-u-packed	U-element-u-packed	ascii	incumbent-prod	decode	default	10	1999.9	1957.0	2041.8	0.042
codec-U	U-element-u-packed	U-element-u-packed	ascii	incumbent-prod	decode-read	default	10	2073.7	2028.5	2106.4	0.038
codec-U	U-element-u-repeated	U-element-u-repeated	ascii	incumbent-prod	encode	default	10	1210.0	1174.7	1244.6	0.058
codec-U	U-element-u-repeated	U-element-u-repeated	ascii	incumbent-prod	decode	default	10	2022.3	1971.5	2173.6	0.100
codec-U	U-element-u-repeated	U-element-u-repeated	ascii	incumbent-prod	decode-read	default	10	1682.8	1646.4	1783.2	0.081
codec-U	U-element-u-varint	U-element-u-varint	ascii	incumbent-prod	encode	default	10	1208.3	1041.9	1223.6	0.150
codec-U	U-element-u-varint	U-element-u-varint	ascii	incumbent-prod	decode	default	10	2006.6	1971.3	2212.2	0.120
codec-U	U-element-u-varint	U-element-u-varint	ascii	incumbent-prod	decode-read	default	10	2106.7	2051.8	2199.8	0.070
codec-U	U-enum-value-127	U-enum-value-127	ascii	incumbent-prod	encode	default	10	51.5	50.6	52.6	0.040
codec-U	U-enum-value-127	U-enum-value-127	ascii	incumbent-prod	decode	default	10	72.0	70.8	77.3	0.089
codec-U	U-enum-value-127	U-enum-value-127	ascii	incumbent-prod	decode-read	default	10	79.5	77.4	82.5	0.063
codec-U	U-enum-value-2147483647	U-enum-value-2147483647	ascii	incumbent-prod	encode	default	10	67.8	66.8	70.0	0.046
codec-U	U-enum-value-2147483647	U-enum-value-2147483647	ascii	incumbent-prod	decode	default	10	74.6	73.5	78.8	0.071
codec-U	U-enum-value-2147483647	U-enum-value-2147483647	ascii	incumbent-prod	decode-read	default	10	82.2	80.7	83.2	0.031
codec-U	U-enum-value-999	U-enum-value-999	ascii	incumbent-prod	encode	default	10	55.9	55.2	58.1	0.052
codec-U	U-enum-value-999	U-enum-value-999	ascii	incumbent-prod	decode	default	10	73.0	72.8	77.0	0.057
codec-U	U-enum-value-999	U-enum-value-999	ascii	incumbent-prod	decode-read	default	10	82.1	80.6	82.4	0.022
codec-U	U-enum-value-packed	U-enum-value-packed	ascii	incumbent-prod	encode	default	10	94.9	88.8	97.7	0.093
codec-U	U-enum-value-packed	U-enum-value-packed	ascii	incumbent-prod	decode	default	10	98.8	97.1	101.0	0.040
codec-U	U-enum-value-packed	U-enum-value-packed	ascii	incumbent-prod	decode-read	default	10	105.1	103.7	109.8	0.058
codec-U	U-leaf-all	U-leaf-all	ascii	incumbent-prod	encode	default	10	239.7	234.4	254.9	0.086
codec-U	U-leaf-all	U-leaf-all	ascii	incumbent-prod	decode	default	10	453.0	440.9	457.7	0.037
codec-U	U-leaf-all	U-leaf-all	ascii	incumbent-prod	decode-read	default	10	467.0	459.2	497.6	0.082
codec-U	U-leaf-u-fixed32	U-leaf-u-fixed32	ascii	incumbent-prod	encode	default	10	237.7	234.8	253.1	0.077
codec-U	U-leaf-u-fixed32	U-leaf-u-fixed32	ascii	incumbent-prod	decode	default	10	288.1	276.5	299.7	0.081
codec-U	U-leaf-u-fixed32	U-leaf-u-fixed32	ascii	incumbent-prod	decode-read	default	10	296.4	289.6	375.4	0.289
codec-U	U-leaf-u-fixed64	U-leaf-u-fixed64	ascii	incumbent-prod	encode	default	10	241.9	239.3	251.5	0.050
codec-U	U-leaf-u-fixed64	U-leaf-u-fixed64	ascii	incumbent-prod	decode	default	10	289.9	284.8	296.3	0.040
codec-U	U-leaf-u-fixed64	U-leaf-u-fixed64	ascii	incumbent-prod	decode-read	default	10	302.2	290.4	317.4	0.089
codec-U	U-leaf-u-len	U-leaf-u-len	ascii	incumbent-prod	encode	default	10	239.9	234.9	243.5	0.036
codec-U	U-leaf-u-len	U-leaf-u-len	ascii	incumbent-prod	decode	default	10	295.8	283.5	306.4	0.078
codec-U	U-leaf-u-len	U-leaf-u-len	ascii	incumbent-prod	decode-read	default	10	307.3	298.7	319.8	0.069
codec-U	U-leaf-u-msg	U-leaf-u-msg	ascii	incumbent-prod	encode	default	10	243.6	234.5	250.2	0.064
codec-U	U-leaf-u-msg	U-leaf-u-msg	ascii	incumbent-prod	decode	default	10	292.6	286.2	314.2	0.096
codec-U	U-leaf-u-msg	U-leaf-u-msg	ascii	incumbent-prod	decode-read	default	10	308.1	298.4	328.1	0.096
codec-U	U-leaf-u-packed	U-leaf-u-packed	ascii	incumbent-prod	encode	default	10	245.0	235.3	256.9	0.088
codec-U	U-leaf-u-packed	U-leaf-u-packed	ascii	incumbent-prod	decode	default	10	307.8	288.1	340.7	0.171
codec-U	U-leaf-u-packed	U-leaf-u-packed	ascii	incumbent-prod	decode-read	default	10	301.1	297.0	313.7	0.055
codec-U	U-leaf-u-repeated	U-leaf-u-repeated	ascii	incumbent-prod	encode	default	10	239.9	234.2	246.8	0.053
codec-U	U-leaf-u-repeated	U-leaf-u-repeated	ascii	incumbent-prod	decode	default	10	314.6	308.4	328.2	0.063
codec-U	U-leaf-u-repeated	U-leaf-u-repeated	ascii	incumbent-prod	decode-read	default	10	321.2	314.1	339.8	0.080
codec-U	U-leaf-u-varint	U-leaf-u-varint	ascii	incumbent-prod	encode	default	10	245.2	236.5	291.3	0.224
codec-U	U-leaf-u-varint	U-leaf-u-varint	ascii	incumbent-prod	decode	default	10	300.5	290.8	309.7	0.063
codec-U	U-leaf-u-varint	U-leaf-u-varint	ascii	incumbent-prod	decode-read	default	10	312.0	303.0	334.1	0.100
codec-U	U-nested-all	U-nested-all	ascii	incumbent-prod	encode	default	10	240.8	237.1	245.7	0.035
codec-U	U-nested-all	U-nested-all	ascii	incumbent-prod	decode	default	10	359.0	352.8	384.5	0.088
codec-U	U-nested-all	U-nested-all	ascii	incumbent-prod	decode-read	default	10	365.6	351.8	375.8	0.066
codec-U	U-nested-before	U-nested-before	ascii	incumbent-prod	encode	default	10	237.8	236.3	247.4	0.047
codec-U	U-nested-before	U-nested-before	ascii	incumbent-prod	decode	default	10	369.0	348.7	429.5	0.219
codec-U	U-nested-before	U-nested-before	ascii	incumbent-prod	decode-read	default	10	359.9	355.9	375.6	0.055
codec-U	U-nested-group	U-nested-group	ascii	incumbent-prod	encode	default	10	239.9	231.8	245.6	0.058
codec-U	U-nested-group	U-nested-group	ascii	incumbent-prod	decode	default	10	313.0	305.8	316.8	0.035
codec-U	U-nested-group	U-nested-group	ascii	incumbent-prod	decode-read	default	10	321.2	314.8	330.6	0.049
codec-U	U-nested-interleaved	U-nested-interleaved	ascii	incumbent-prod	encode	default	10	240.0	235.4	249.1	0.057
codec-U	U-nested-interleaved	U-nested-interleaved	ascii	incumbent-prod	decode	default	10	355.0	341.5	362.8	0.060
codec-U	U-nested-interleaved	U-nested-interleaved	ascii	incumbent-prod	decode-read	default	10	287.5	282.3	318.2	0.125
codec-U	U-nested-u-fixed32	U-nested-u-fixed32	ascii	incumbent-prod	encode	default	10	188.3	184.5	198.3	0.073
codec-U	U-nested-u-fixed32	U-nested-u-fixed32	ascii	incumbent-prod	decode	default	10	221.2	216.3	224.8	0.038
codec-U	U-nested-u-fixed32	U-nested-u-fixed32	ascii	incumbent-prod	decode-read	default	10	225.3	220.4	236.6	0.072
codec-U	U-nested-u-fixed64	U-nested-u-fixed64	ascii	incumbent-prod	encode	default	10	191.2	187.4	196.9	0.050
codec-U	U-nested-u-fixed64	U-nested-u-fixed64	ascii	incumbent-prod	decode	default	10	219.4	214.0	227.2	0.060
codec-U	U-nested-u-fixed64	U-nested-u-fixed64	ascii	incumbent-prod	decode-read	default	10	230.1	221.1	256.8	0.155
codec-U	U-nested-u-len	U-nested-u-len	ascii	incumbent-prod	encode	default	10	199.5	194.2	217.6	0.117
codec-U	U-nested-u-len	U-nested-u-len	ascii	incumbent-prod	decode	default	10	227.2	213.6	230.7	0.075
codec-U	U-nested-u-len	U-nested-u-len	ascii	incumbent-prod	decode-read	default	10	226.2	220.7	233.5	0.057
codec-U	U-nested-u-msg	U-nested-u-msg	ascii	incumbent-prod	encode	default	10	194.4	187.3	221.8	0.178
codec-U	U-nested-u-msg	U-nested-u-msg	ascii	incumbent-prod	decode	default	10	285.3	278.3	298.4	0.071
codec-U	U-nested-u-msg	U-nested-u-msg	ascii	incumbent-prod	decode-read	default	10	291.1	287.3	299.8	0.043
codec-U	U-nested-u-packed	U-nested-u-packed	ascii	incumbent-prod	encode	default	10	243.5	237.7	251.2	0.055
codec-U	U-nested-u-packed	U-nested-u-packed	ascii	incumbent-prod	decode	default	10	285.1	274.4	299.0	0.086
codec-U	U-nested-u-packed	U-nested-u-packed	ascii	incumbent-prod	decode-read	default	10	290.7	281.7	307.6	0.089
codec-U	U-nested-u-repeated	U-nested-u-repeated	ascii	incumbent-prod	encode	default	10	240.7	235.4	250.0	0.061
codec-U	U-nested-u-repeated	U-nested-u-repeated	ascii	incumbent-prod	decode	default	10	293.1	287.2	301.3	0.048
codec-U	U-nested-u-repeated	U-nested-u-repeated	ascii	incumbent-prod	decode-read	default	10	302.2	295.9	308.3	0.041
codec-U	U-nested-u-varint	U-nested-u-varint	ascii	incumbent-prod	encode	default	10	238.3	233.9	245.4	0.048
codec-U	U-nested-u-varint	U-nested-u-varint	ascii	incumbent-prod	decode	default	10	286.3	277.5	326.3	0.171
codec-U	U-nested-u-varint	U-nested-u-varint	ascii	incumbent-prod	decode-read	default	10	289.1	277.8	297.6	0.069
codec-U	U-oneof-all	U-oneof-all	ascii	incumbent-prod	encode	default	10	107.2	105.2	121.5	0.152
codec-U	U-oneof-all	U-oneof-all	ascii	incumbent-prod	decode	default	10	190.7	185.6	196.2	0.056
codec-U	U-oneof-all	U-oneof-all	ascii	incumbent-prod	decode-read	default	10	194.5	185.4	204.9	0.100
codec-U	U-oneof-before	U-oneof-before	ascii	incumbent-prod	encode	default	10	106.1	98.1	112.2	0.133
codec-U	U-oneof-before	U-oneof-before	ascii	incumbent-prod	decode	default	10	191.0	180.6	195.1	0.076
codec-U	U-oneof-before	U-oneof-before	ascii	incumbent-prod	decode-read	default	10	194.6	182.0	204.6	0.116
codec-U	U-oneof-group	U-oneof-group	ascii	incumbent-prod	encode	default	10	110.4	103.0	122.9	0.180
codec-U	U-oneof-group	U-oneof-group	ascii	incumbent-prod	decode	default	10	156.6	155.4	165.8	0.066
codec-U	U-oneof-group	U-oneof-group	ascii	incumbent-prod	decode-read	default	10	157.3	153.1	165.6	0.080
codec-U	U-oneof-interleaved	U-oneof-interleaved	ascii	incumbent-prod	encode	default	10	111.2	104.9	121.8	0.152
codec-U	U-oneof-interleaved	U-oneof-interleaved	ascii	incumbent-prod	decode	default	10	188.5	184.6	197.2	0.067
codec-U	U-oneof-interleaved	U-oneof-interleaved	ascii	incumbent-prod	decode-read	default	10	201.5	193.6	240.0	0.230
codec-U	U-oneof-member-after-known	U-oneof-member-after-known	ascii	incumbent-prod	encode	default	10	112.8	108.6	122.7	0.125
codec-U	U-oneof-member-after-known	U-oneof-member-after-known	ascii	incumbent-prod	decode	default	10	128.1	124.6	132.8	0.065
codec-U	U-oneof-member-after-known	U-oneof-member-after-known	ascii	incumbent-prod	decode-read	default	10	132.6	128.8	138.8	0.076
codec-U	U-oneof-member-alone	U-oneof-member-alone	ascii	incumbent-prod	encode	default	10	76.2	75.6	77.5	0.026
codec-U	U-oneof-member-alone	U-oneof-member-alone	ascii	incumbent-prod	decode	default	10	121.2	113.8	144.0	0.249
codec-U	U-oneof-member-alone	U-oneof-member-alone	ascii	incumbent-prod	decode-read	default	10	118.6	113.2	127.7	0.123
codec-U	U-oneof-member-before-known	U-oneof-member-before-known	ascii	incumbent-prod	encode	default	10	113.8	110.1	117.3	0.063
codec-U	U-oneof-member-before-known	U-oneof-member-before-known	ascii	incumbent-prod	decode	default	10	100.3	97.8	106.1	0.083
codec-U	U-oneof-member-before-known	U-oneof-member-before-known	ascii	incumbent-prod	decode-read	default	10	101.6	99.4	135.7	0.357
codec-U	U-oneof-u-fixed32	U-oneof-u-fixed32	ascii	incumbent-prod	encode	default	10	114.9	108.8	120.8	0.105
codec-U	U-oneof-u-fixed32	U-oneof-u-fixed32	ascii	incumbent-prod	decode	default	10	132.2	127.8	138.7	0.083
codec-U	U-oneof-u-fixed32	U-oneof-u-fixed32	ascii	incumbent-prod	decode-read	default	10	133.3	129.3	143.8	0.109
codec-U	U-oneof-u-fixed64	U-oneof-u-fixed64	ascii	incumbent-prod	encode	default	10	113.3	109.2	118.7	0.084
codec-U	U-oneof-u-fixed64	U-oneof-u-fixed64	ascii	incumbent-prod	decode	default	10	133.0	128.1	141.8	0.103
codec-U	U-oneof-u-fixed64	U-oneof-u-fixed64	ascii	incumbent-prod	decode-read	default	10	131.3	128.5	135.5	0.054
codec-U	U-oneof-u-len	U-oneof-u-len	ascii	incumbent-prod	encode	default	10	114.1	108.5	121.3	0.112
codec-U	U-oneof-u-len	U-oneof-u-len	ascii	incumbent-prod	decode	default	10	130.7	128.6	138.4	0.075
codec-U	U-oneof-u-len	U-oneof-u-len	ascii	incumbent-prod	decode-read	default	10	135.1	131.5	137.8	0.047
codec-U	U-oneof-u-msg	U-oneof-u-msg	ascii	incumbent-prod	encode	default	10	112.9	109.5	119.4	0.088
codec-U	U-oneof-u-msg	U-oneof-u-msg	ascii	incumbent-prod	decode	default	10	130.6	128.9	139.2	0.079
codec-U	U-oneof-u-msg	U-oneof-u-msg	ascii	incumbent-prod	decode-read	default	10	133.9	132.0	139.5	0.056
codec-U	U-oneof-u-packed	U-oneof-u-packed	ascii	incumbent-prod	encode	default	10	113.7	107.5	118.6	0.097
codec-U	U-oneof-u-packed	U-oneof-u-packed	ascii	incumbent-prod	decode	default	10	133.7	130.4	137.8	0.056
codec-U	U-oneof-u-packed	U-oneof-u-packed	ascii	incumbent-prod	decode-read	default	10	135.3	132.5	141.1	0.063
codec-U	U-oneof-u-repeated	U-oneof-u-repeated	ascii	incumbent-prod	encode	default	10	115.2	108.2	121.7	0.117
codec-U	U-oneof-u-repeated	U-oneof-u-repeated	ascii	incumbent-prod	decode	default	10	142.7	140.8	147.1	0.044
codec-U	U-oneof-u-repeated	U-oneof-u-repeated	ascii	incumbent-prod	decode-read	default	10	144.4	140.8	153.1	0.085
codec-U	U-oneof-u-varint	U-oneof-u-varint	ascii	incumbent-prod	encode	default	10	111.3	107.6	123.9	0.146
codec-U	U-oneof-u-varint	U-oneof-u-varint	ascii	incumbent-prod	decode	default	10	137.5	132.5	140.2	0.056
codec-U	U-oneof-u-varint	U-oneof-u-varint	ascii	incumbent-prod	decode-read	default	10	137.8	133.3	143.6	0.075
codec-U	U-root-all	U-root-all	ascii	incumbent-prod	encode	default	10	565.4	541.6	670.0	0.227
codec-U	U-root-all	U-root-all	ascii	incumbent-prod	decode	default	10	679.7	667.8	692.0	0.036
codec-U	U-root-all	U-root-all	ascii	incumbent-prod	decode-read	default	10	689.4	673.9	709.5	0.052
codec-U	U-root-before	U-root-before	ascii	incumbent-prod	encode	default	10	550.6	537.4	566.1	0.052
codec-U	U-root-before	U-root-before	ascii	incumbent-prod	decode	default	10	673.8	637.3	693.7	0.084
codec-U	U-root-before	U-root-before	ascii	incumbent-prod	decode-read	default	10	665.5	652.7	674.6	0.033
codec-U	U-root-group	U-root-group	ascii	incumbent-prod	encode	default	10	550.8	539.2	564.1	0.045
codec-U	U-root-group	U-root-group	ascii	incumbent-prod	decode	default	10	615.0	609.7	644.1	0.056
codec-U	U-root-group	U-root-group	ascii	incumbent-prod	decode-read	default	10	636.9	626.8	646.0	0.030
codec-U	U-root-interleaved	U-root-interleaved	ascii	incumbent-prod	encode	default	10	555.5	537.5	562.9	0.046
codec-U	U-root-interleaved	U-root-interleaved	ascii	incumbent-prod	decode	default	10	667.4	660.6	682.4	0.033
codec-U	U-root-interleaved	U-root-interleaved	ascii	incumbent-prod	decode-read	default	10	699.3	687.8	733.2	0.065
codec-U	U-root-max-tag	U-root-max-tag	ascii	incumbent-prod	encode	default	10	555.7	545.8	570.4	0.044
codec-U	U-root-max-tag	U-root-max-tag	ascii	incumbent-prod	decode	default	10	578.7	575.6	607.8	0.056
codec-U	U-root-max-tag	U-root-max-tag	ascii	incumbent-prod	decode-read	default	10	604.4	589.1	612.7	0.039
codec-U	U-root-u-fixed32	U-root-u-fixed32	ascii	incumbent-prod	encode	default	10	554.3	547.7	570.9	0.042
codec-U	U-root-u-fixed32	U-root-u-fixed32	ascii	incumbent-prod	decode	default	10	585.1	572.0	597.4	0.043
codec-U	U-root-u-fixed32	U-root-u-fixed32	ascii	incumbent-prod	decode-read	default	10	599.4	592.2	612.6	0.034
codec-U	U-root-u-fixed64	U-root-u-fixed64	ascii	incumbent-prod	encode	default	10	548.9	538.8	564.4	0.047
codec-U	U-root-u-fixed64	U-root-u-fixed64	ascii	incumbent-prod	decode	default	10	581.5	569.7	596.6	0.046
codec-U	U-root-u-fixed64	U-root-u-fixed64	ascii	incumbent-prod	decode-read	default	10	599.2	592.1	603.0	0.018
codec-U	U-root-u-len	U-root-u-len	ascii	incumbent-prod	encode	default	10	552.7	546.8	567.0	0.036
codec-U	U-root-u-len	U-root-u-len	ascii	incumbent-prod	decode	default	10	587.6	574.3	632.0	0.098
codec-U	U-root-u-len	U-root-u-len	ascii	incumbent-prod	decode-read	default	10	604.9	595.6	619.9	0.040
codec-U	U-root-u-msg	U-root-u-msg	ascii	incumbent-prod	encode	default	10	573.7	554.9	625.9	0.124
codec-U	U-root-u-msg	U-root-u-msg	ascii	incumbent-prod	decode	default	10	598.4	571.1	662.5	0.153
codec-U	U-root-u-msg	U-root-u-msg	ascii	incumbent-prod	decode-read	default	10	615.3	599.8	644.3	0.072
codec-U	U-root-u-packed	U-root-u-packed	ascii	incumbent-prod	encode	default	10	558.5	551.9	571.1	0.034
codec-U	U-root-u-packed	U-root-u-packed	ascii	incumbent-prod	decode	default	10	590.3	566.1	616.5	0.085
codec-U	U-root-u-packed	U-root-u-packed	ascii	incumbent-prod	decode-read	default	10	604.3	594.2	634.5	0.067
codec-U	U-root-u-repeated	U-root-u-repeated	ascii	incumbent-prod	encode	default	10	556.0	543.5	589.4	0.083
codec-U	U-root-u-repeated	U-root-u-repeated	ascii	incumbent-prod	decode	default	10	606.1	590.5	623.9	0.055
codec-U	U-root-u-repeated	U-root-u-repeated	ascii	incumbent-prod	decode-read	default	10	622.3	612.7	653.3	0.065
codec-U	U-root-u-varint	U-root-u-varint	ascii	incumbent-prod	encode	default	10	551.1	540.1	564.6	0.044
codec-U	U-root-u-varint	U-root-u-varint	ascii	incumbent-prod	decode	default	10	588.9	568.5	607.4	0.066
codec-U	U-root-u-varint	U-root-u-varint	ascii	incumbent-prod	decode-read	default	10	609.2	596.5	625.5	0.048
codec-U	U-deep-all	U-deep-all	ascii	armonik	encode	default	10	1220.5	1200.2	1276.8	0.063
codec-U	U-deep-all	U-deep-all	ascii	armonik	decode	default	10	2112.5	2081.7	2214.9	0.063
codec-U	U-deep-all	U-deep-all	ascii	armonik	decode-read	default	10	2155.5	2114.5	2189.4	0.035
codec-U	U-deep-u-fixed32	U-deep-u-fixed32	ascii	armonik	encode	default	10	1224.1	1205.9	1240.8	0.029
codec-U	U-deep-u-fixed32	U-deep-u-fixed32	ascii	armonik	decode	default	10	1996.9	1950.1	2024.4	0.037
codec-U	U-deep-u-fixed32	U-deep-u-fixed32	ascii	armonik	decode-read	default	10	2073.2	2044.4	2169.9	0.061
codec-U	U-deep-u-fixed64	U-deep-u-fixed64	ascii	armonik	encode	default	10	1223.6	1203.2	1244.9	0.034
codec-U	U-deep-u-fixed64	U-deep-u-fixed64	ascii	armonik	decode	default	10	1986.0	1966.1	2061.9	0.048
codec-U	U-deep-u-fixed64	U-deep-u-fixed64	ascii	armonik	decode-read	default	10	2075.9	2030.7	2108.3	0.037
codec-U	U-deep-u-len	U-deep-u-len	ascii	armonik	encode	default	10	1217.0	1200.8	1246.8	0.038
codec-U	U-deep-u-len	U-deep-u-len	ascii	armonik	decode	default	10	1977.6	1948.1	2007.3	0.030
codec-U	U-deep-u-len	U-deep-u-len	ascii	armonik	decode-read	default	10	2067.7	2037.9	2124.4	0.042
codec-U	U-deep-u-msg	U-deep-u-msg	ascii	armonik	encode	default	10	1220.0	1182.6	1241.3	0.048
codec-U	U-deep-u-msg	U-deep-u-msg	ascii	armonik	decode	default	10	1971.3	1947.0	1983.4	0.018
codec-U	U-deep-u-msg	U-deep-u-msg	ascii	armonik	decode-read	default	10	2079.5	2039.2	2113.2	0.036
codec-U	U-deep-u-packed	U-deep-u-packed	ascii	armonik	encode	default	10	1227.7	1208.2	1241.1	0.027
codec-U	U-deep-u-packed	U-deep-u-packed	ascii	armonik	decode	default	10	1973.1	1944.9	2036.1	0.046
codec-U	U-deep-u-packed	U-deep-u-packed	ascii	armonik	decode-read	default	10	2115.7	2038.2	2284.4	0.116
codec-U	U-deep-u-repeated	U-deep-u-repeated	ascii	armonik	encode	default	10	1230.4	1208.5	1295.3	0.071
codec-U	U-deep-u-repeated	U-deep-u-repeated	ascii	armonik	decode	default	10	2013.1	1963.3	2057.7	0.047
codec-U	U-deep-u-repeated	U-deep-u-repeated	ascii	armonik	decode-read	default	10	2110.0	2051.8	2171.0	0.057
codec-U	U-deep-u-varint	U-deep-u-varint	ascii	armonik	encode	default	10	1261.3	1198.9	1319.9	0.096
codec-U	U-deep-u-varint	U-deep-u-varint	ascii	armonik	decode	default	10	1995.8	1954.9	2090.1	0.068
codec-U	U-deep-u-varint	U-deep-u-varint	ascii	armonik	decode-read	default	10	2335.0	2088.3	6556.4	1.914
codec-U	U-element-all	U-element-all	ascii	armonik	encode	default	10	1221.2	1214.6	1243.9	0.024
codec-U	U-element-all	U-element-all	ascii	armonik	decode	default	10	2163.9	2047.7	2259.9	0.098
codec-U	U-element-all	U-element-all	ascii	armonik	decode-read	default	10	2315.5	2164.9	2489.2	0.140
codec-U	U-element-u-fixed32	U-element-u-fixed32	ascii	armonik	encode	default	10	1240.7	1211.1	1319.1	0.087
codec-U	U-element-u-fixed32	U-element-u-fixed32	ascii	armonik	decode	default	10	1976.3	1955.4	2098.4	0.072
codec-U	U-element-u-fixed32	U-element-u-fixed32	ascii	armonik	decode-read	default	10	1813.9	1780.1	2034.7	0.140
codec-U	U-element-u-fixed64	U-element-u-fixed64	ascii	armonik	encode	default	10	1220.7	1194.1	1307.3	0.093
codec-U	U-element-u-fixed64	U-element-u-fixed64	ascii	armonik	decode	default	10	1715.7	1662.2	1795.0	0.077
codec-U	U-element-u-fixed64	U-element-u-fixed64	ascii	armonik	decode-read	default	10	1921.8	1770.6	1991.2	0.115
codec-U	U-element-u-len	U-element-u-len	ascii	armonik	encode	default	10	956.9	932.4	1002.3	0.073
codec-U	U-element-u-len	U-element-u-len	ascii	armonik	decode	default	10	1426.1	1347.5	1874.9	0.370
codec-U	U-element-u-len	U-element-u-len	ascii	armonik	decode-read	default	10	1560.9	1423.7	4531.4	1.991
codec-U	U-element-u-msg	U-element-u-msg	ascii	armonik	encode	default	10	1264.0	1220.1	1290.9	0.056
codec-U	U-element-u-msg	U-element-u-msg	ascii	armonik	decode	default	10	1676.4	1648.2	1963.3	0.188
codec-U	U-element-u-msg	U-element-u-msg	ascii	armonik	decode-read	default	10	1809.3	1779.7	1891.3	0.062
codec-U	U-element-u-packed	U-element-u-packed	ascii	armonik	encode	default	10	1266.7	1237.7	1332.3	0.075
codec-U	U-element-u-packed	U-element-u-packed	ascii	armonik	decode	default	10	1709.0	1687.0	1768.4	0.048
codec-U	U-element-u-packed	U-element-u-packed	ascii	armonik	decode-read	default	10	1812.0	1757.1	1912.0	0.085
codec-U	U-element-u-repeated	U-element-u-repeated	ascii	armonik	encode	default	10	1246.7	1228.8	1281.3	0.042
codec-U	U-element-u-repeated	U-element-u-repeated	ascii	armonik	decode	default	10	1752.3	1640.9	2179.9	0.308
codec-U	U-element-u-repeated	U-element-u-repeated	ascii	armonik	decode-read	default	10	1847.2	1770.0	2162.9	0.213
codec-U	U-element-u-varint	U-element-u-varint	ascii	armonik	encode	default	10	1227.0	1199.0	1247.5	0.039
codec-U	U-element-u-varint	U-element-u-varint	ascii	armonik	decode	default	10	1697.8	1646.9	1720.4	0.043
codec-U	U-element-u-varint	U-element-u-varint	ascii	armonik	decode-read	default	10	1802.5	1774.7	1981.4	0.115
codec-U	U-enum-value-127	U-enum-value-127	ascii	armonik	encode	default	10	56.8	55.8	57.5	0.029
codec-U	U-enum-value-127	U-enum-value-127	ascii	armonik	decode	default	10	103.3	99.6	123.4	0.231
codec-U	U-enum-value-127	U-enum-value-127	ascii	armonik	decode-read	default	10	106.6	105.1	112.1	0.066
codec-U	U-enum-value-2147483647	U-enum-value-2147483647	ascii	armonik	encode	default	10	56.4	55.3	58.5	0.057
codec-U	U-enum-value-2147483647	U-enum-value-2147483647	ascii	armonik	decode	default	10	89.0	86.1	115.8	0.333
codec-U	U-enum-value-2147483647	U-enum-value-2147483647	ascii	armonik	decode-read	default	10	112.3	110.7	116.0	0.048
codec-U	U-enum-value-999	U-enum-value-999	ascii	armonik	encode	default	10	60.3	59.9	62.1	0.036
codec-U	U-enum-value-999	U-enum-value-999	ascii	armonik	decode	default	10	103.9	100.6	107.4	0.065
codec-U	U-enum-value-999	U-enum-value-999	ascii	armonik	decode-read	default	10	109.5	108.3	117.5	0.084
codec-U	U-enum-value-packed	U-enum-value-packed	ascii	armonik	encode	default	10	143.4	136.6	157.4	0.145
codec-U	U-enum-value-packed	U-enum-value-packed	ascii	armonik	decode	default	10	124.1	122.0	130.5	0.069
codec-U	U-enum-value-packed	U-enum-value-packed	ascii	armonik	decode-read	default	10	136.9	133.1	180.4	0.345
codec-U	U-leaf-all	U-leaf-all	ascii	armonik	encode	default	10	250.9	243.3	265.1	0.087
codec-U	U-leaf-all	U-leaf-all	ascii	armonik	decode	default	10	483.6	455.7	533.1	0.160
codec-U	U-leaf-all	U-leaf-all	ascii	armonik	decode-read	default	10	480.8	473.4	488.1	0.031
codec-U	U-leaf-u-fixed32	U-leaf-u-fixed32	ascii	armonik	encode	default	10	249.9	243.6	270.8	0.109
codec-U	U-leaf-u-fixed32	U-leaf-u-fixed32	ascii	armonik	decode	default	10	292.4	285.5	356.4	0.242
codec-U	U-leaf-u-fixed32	U-leaf-u-fixed32	ascii	armonik	decode-read	default	10	313.6	307.3	327.1	0.063
codec-U	U-leaf-u-fixed64	U-leaf-u-fixed64	ascii	armonik	encode	default	10	251.1	245.8	272.3	0.105
codec-U	U-leaf-u-fixed64	U-leaf-u-fixed64	ascii	armonik	decode	default	10	290.7	283.0	296.3	0.046
codec-U	U-leaf-u-fixed64	U-leaf-u-fixed64	ascii	armonik	decode-read	default	10	315.8	305.4	324.9	0.062
codec-U	U-leaf-u-len	U-leaf-u-len	ascii	armonik	encode	default	10	247.0	238.5	255.8	0.070
codec-U	U-leaf-u-len	U-leaf-u-len	ascii	armonik	decode	default	10	303.8	297.5	313.0	0.051
codec-U	U-leaf-u-len	U-leaf-u-len	ascii	armonik	decode-read	default	10	318.4	314.1	331.5	0.055
codec-U	U-leaf-u-msg	U-leaf-u-msg	ascii	armonik	encode	default	10	245.1	242.4	255.5	0.054
codec-U	U-leaf-u-msg	U-leaf-u-msg	ascii	armonik	decode	default	10	308.4	301.8	335.5	0.109
codec-U	U-leaf-u-msg	U-leaf-u-msg	ascii	armonik	decode-read	default	10	324.1	317.8	344.5	0.082
codec-U	U-leaf-u-packed	U-leaf-u-packed	ascii	armonik	encode	default	10	249.3	247.1	298.6	0.206
codec-U	U-leaf-u-packed	U-leaf-u-packed	ascii	armonik	decode	default	10	303.1	297.7	320.8	0.076
codec-U	U-leaf-u-packed	U-leaf-u-packed	ascii	armonik	decode-read	default	10	316.0	306.9	326.6	0.062
codec-U	U-leaf-u-repeated	U-leaf-u-repeated	ascii	armonik	encode	default	10	248.2	243.3	263.1	0.080
codec-U	U-leaf-u-repeated	U-leaf-u-repeated	ascii	armonik	decode	default	10	331.2	320.9	356.2	0.107
codec-U	U-leaf-u-repeated	U-leaf-u-repeated	ascii	armonik	decode-read	default	10	335.8	275.3	492.8	0.648
codec-U	U-leaf-u-varint	U-leaf-u-varint	ascii	armonik	encode	default	10	202.0	199.5	208.3	0.043
codec-U	U-leaf-u-varint	U-leaf-u-varint	ascii	armonik	decode	default	10	263.5	253.1	294.2	0.156
codec-U	U-leaf-u-varint	U-leaf-u-varint	ascii	armonik	decode-read	default	10	253.9	249.5	263.5	0.055
codec-U	U-nested-all	U-nested-all	ascii	armonik	encode	default	10	196.9	190.2	203.2	0.066
codec-U	U-nested-all	U-nested-all	ascii	armonik	decode	default	10	289.4	281.3	295.0	0.047
codec-U	U-nested-all	U-nested-all	ascii	armonik	decode-read	default	10	297.7	290.8	306.4	0.053
codec-U	U-nested-before	U-nested-before	ascii	armonik	encode	default	10	191.3	188.8	193.8	0.026
codec-U	U-nested-before	U-nested-before	ascii	armonik	decode	default	10	286.5	283.2	291.6	0.029
codec-U	U-nested-before	U-nested-before	ascii	armonik	decode-read	default	10	299.4	286.1	305.2	0.064
codec-U	U-nested-group	U-nested-group	ascii	armonik	encode	default	10	191.9	190.4	200.6	0.053
codec-U	U-nested-group	U-nested-group	ascii	armonik	decode	default	10	252.7	247.2	264.1	0.067
codec-U	U-nested-group	U-nested-group	ascii	armonik	decode-read	default	10	261.2	257.4	368.4	0.425
codec-U	U-nested-interleaved	U-nested-interleaved	ascii	armonik	encode	default	10	191.9	190.0	195.5	0.028
codec-U	U-nested-interleaved	U-nested-interleaved	ascii	armonik	decode	default	10	292.8	286.3	303.5	0.059
codec-U	U-nested-interleaved	U-nested-interleaved	ascii	armonik	decode-read	default	10	302.1	293.6	309.3	0.052
codec-U	U-nested-u-fixed32	U-nested-u-fixed32	ascii	armonik	encode	default	10	197.7	190.6	208.0	0.088
codec-U	U-nested-u-fixed32	U-nested-u-fixed32	ascii	armonik	decode	default	10	229.7	221.6	238.3	0.073
codec-U	U-nested-u-fixed32	U-nested-u-fixed32	ascii	armonik	decode-read	default	10	237.2	234.0	244.2	0.043
codec-U	U-nested-u-fixed64	U-nested-u-fixed64	ascii	armonik	encode	default	10	192.2	188.6	200.7	0.063
codec-U	U-nested-u-fixed64	U-nested-u-fixed64	ascii	armonik	decode	default	10	228.4	224.4	239.5	0.066
codec-U	U-nested-u-fixed64	U-nested-u-fixed64	ascii	armonik	decode-read	default	10	235.5	231.9	239.7	0.033
codec-U	U-nested-u-len	U-nested-u-len	ascii	armonik	encode	default	10	193.0	188.4	203.4	0.078
codec-U	U-nested-u-len	U-nested-u-len	ascii	armonik	decode	default	10	225.8	223.7	230.2	0.029
codec-U	U-nested-u-len	U-nested-u-len	ascii	armonik	decode-read	default	10	237.8	233.3	247.4	0.059
codec-U	U-nested-u-msg	U-nested-u-msg	ascii	armonik	encode	default	10	191.1	189.2	195.7	0.034
codec-U	U-nested-u-msg	U-nested-u-msg	ascii	armonik	decode	default	10	289.3	283.2	298.7	0.054
codec-U	U-nested-u-msg	U-nested-u-msg	ascii	armonik	decode-read	default	10	300.3	294.0	307.4	0.045
codec-U	U-nested-u-packed	U-nested-u-packed	ascii	armonik	encode	default	10	246.2	217.7	266.6	0.199
codec-U	U-nested-u-packed	U-nested-u-packed	ascii	armonik	decode	default	10	298.2	289.0	357.1	0.228
codec-U	U-nested-u-packed	U-nested-u-packed	ascii	armonik	decode-read	default	10	309.4	305.0	313.8	0.029
codec-U	U-nested-u-repeated	U-nested-u-repeated	ascii	armonik	encode	default	10	247.4	240.9	252.0	0.045
codec-U	U-nested-u-repeated	U-nested-u-repeated	ascii	armonik	decode	default	10	312.8	297.7	346.9	0.157
codec-U	U-nested-u-repeated	U-nested-u-repeated	ascii	armonik	decode-read	default	10	324.9	309.6	334.9	0.078
codec-U	U-nested-u-varint	U-nested-u-varint	ascii	armonik	encode	default	10	251.3	243.8	281.3	0.149
codec-U	U-nested-u-varint	U-nested-u-varint	ascii	armonik	decode	default	10	300.3	291.3	332.8	0.138
codec-U	U-nested-u-varint	U-nested-u-varint	ascii	armonik	decode-read	default	10	309.6	302.1	315.2	0.042
codec-U	U-oneof-all	U-oneof-all	ascii	armonik	encode	default	10	110.3	108.8	116.4	0.068
codec-U	U-oneof-all	U-oneof-all	ascii	armonik	decode	default	10	201.0	193.1	212.8	0.098
codec-U	U-oneof-all	U-oneof-all	ascii	armonik	decode-read	default	10	211.1	201.3	219.2	0.085
codec-U	U-oneof-before	U-oneof-before	ascii	armonik	encode	default	10	113.5	109.2	119.3	0.089
codec-U	U-oneof-before	U-oneof-before	ascii	armonik	decode	default	10	200.8	191.8	211.5	0.098
codec-U	U-oneof-before	U-oneof-before	ascii	armonik	decode-read	default	10	202.3	197.2	209.2	0.059
codec-U	U-oneof-group	U-oneof-group	ascii	armonik	encode	default	10	113.0	109.6	127.2	0.156
codec-U	U-oneof-group	U-oneof-group	ascii	armonik	decode	default	10	160.4	156.9	177.7	0.130
codec-U	U-oneof-group	U-oneof-group	ascii	armonik	decode-read	default	10	165.9	162.9	180.0	0.103
codec-U	U-oneof-interleaved	U-oneof-interleaved	ascii	armonik	encode	default	10	110.9	108.7	122.7	0.127
codec-U	U-oneof-interleaved	U-oneof-interleaved	ascii	armonik	decode	default	10	198.2	194.9	207.2	0.062
codec-U	U-oneof-interleaved	U-oneof-interleaved	ascii	armonik	decode-read	default	10	203.5	196.8	212.2	0.076
codec-U	U-oneof-member-after-known	U-oneof-member-after-known	ascii	armonik	encode	default	10	113.4	108.0	131.1	0.204
codec-U	U-oneof-member-after-known	U-oneof-member-after-known	ascii	armonik	decode	default	10	119.2	118.3	120.6	0.019
codec-U	U-oneof-member-after-known	U-oneof-member-after-known	ascii	armonik	decode-read	default	10	125.9	124.8	129.5	0.038
codec-U	U-oneof-member-alone	U-oneof-member-alone	ascii	armonik	encode	default	10	76.9	75.8	78.6	0.037
codec-U	U-oneof-member-alone	U-oneof-member-alone	ascii	armonik	decode	default	10	109.3	108.3	111.2	0.027
codec-U	U-oneof-member-alone	U-oneof-member-alone	ascii	armonik	decode-read	default	10	114.3	111.1	123.7	0.111
codec-U	U-oneof-member-before-known	U-oneof-member-before-known	ascii	armonik	encode	default	10	113.0	109.5	117.8	0.073
codec-U	U-oneof-member-before-known	U-oneof-member-before-known	ascii	armonik	decode	default	10	121.2	119.1	126.4	0.061
codec-U	U-oneof-member-before-known	U-oneof-member-before-known	ascii	armonik	decode-read	default	10	126.3	124.4	133.3	0.070
codec-U	U-oneof-u-fixed32	U-oneof-u-fixed32	ascii	armonik	encode	default	10	111.0	108.7	114.3	0.051
codec-U	U-oneof-u-fixed32	U-oneof-u-fixed32	ascii	armonik	decode	default	10	122.5	120.4	125.3	0.040
codec-U	U-oneof-u-fixed32	U-oneof-u-fixed32	ascii	armonik	decode-read	default	10	128.6	126.1	132.2	0.047
codec-U	U-oneof-u-fixed64	U-oneof-u-fixed64	ascii	armonik	encode	default	10	113.4	108.6	114.9	0.055
codec-U	U-oneof-u-fixed64	U-oneof-u-fixed64	ascii	armonik	decode	default	10	124.4	121.3	125.7	0.035
codec-U	U-oneof-u-fixed64	U-oneof-u-fixed64	ascii	armonik	decode-read	default	10	129.0	128.1	131.6	0.027
codec-U	U-oneof-u-len	U-oneof-u-len	ascii	armonik	encode	default	10	112.4	109.7	115.9	0.055
codec-U	U-oneof-u-len	U-oneof-u-len	ascii	armonik	decode	default	10	126.1	124.4	130.6	0.049
codec-U	U-oneof-u-len	U-oneof-u-len	ascii	armonik	decode-read	default	10	132.1	131.3	137.8	0.049
codec-U	U-oneof-u-msg	U-oneof-u-msg	ascii	armonik	encode	default	10	113.6	107.4	116.9	0.083
codec-U	U-oneof-u-msg	U-oneof-u-msg	ascii	armonik	decode	default	10	125.1	122.8	127.5	0.038
codec-U	U-oneof-u-msg	U-oneof-u-msg	ascii	armonik	decode-read	default	10	132.2	129.6	136.9	0.055
codec-U	U-oneof-u-packed	U-oneof-u-packed	ascii	armonik	encode	default	10	111.0	108.9	120.2	0.102
codec-U	U-oneof-u-packed	U-oneof-u-packed	ascii	armonik	decode	default	10	125.0	123.1	132.2	0.073
codec-U	U-oneof-u-packed	U-oneof-u-packed	ascii	armonik	decode-read	default	10	132.0	130.7	134.2	0.026
codec-U	U-oneof-u-repeated	U-oneof-u-repeated	ascii	armonik	encode	default	10	112.5	109.1	116.4	0.065
codec-U	U-oneof-u-repeated	U-oneof-u-repeated	ascii	armonik	decode	default	10	135.0	132.9	175.3	0.314
codec-U	U-oneof-u-repeated	U-oneof-u-repeated	ascii	armonik	decode-read	default	10	122.3	115.9	139.2	0.191
codec-U	U-oneof-u-varint	U-oneof-u-varint	ascii	armonik	encode	default	10	105.0	101.0	126.2	0.240
codec-U	U-oneof-u-varint	U-oneof-u-varint	ascii	armonik	decode	default	10	121.0	119.5	122.2	0.022
codec-U	U-oneof-u-varint	U-oneof-u-varint	ascii	armonik	decode-read	default	10	131.4	128.4	134.2	0.044
codec-U	U-root-all	U-root-all	ascii	armonik	encode	default	10	527.8	509.7	546.4	0.069
codec-U	U-root-all	U-root-all	ascii	armonik	decode	default	10	659.2	649.6	677.6	0.042
codec-U	U-root-all	U-root-all	ascii	armonik	decode-read	default	10	684.5	673.8	700.5	0.039
codec-U	U-root-before	U-root-before	ascii	armonik	encode	default	10	581.5	574.4	641.4	0.115
codec-U	U-root-before	U-root-before	ascii	armonik	decode	default	10	703.3	685.1	745.8	0.086
codec-U	U-root-before	U-root-before	ascii	armonik	decode-read	default	10	722.8	701.6	774.7	0.101
codec-U	U-root-group	U-root-group	ascii	armonik	encode	default	10	571.7	557.7	578.0	0.035
codec-U	U-root-group	U-root-group	ascii	armonik	decode	default	10	659.3	551.6	685.4	0.203
codec-U	U-root-group	U-root-group	ascii	armonik	decode-read	default	10	565.3	552.8	578.0	0.045
codec-U	U-root-interleaved	U-root-interleaved	ascii	armonik	encode	default	10	466.8	456.5	480.6	0.051
codec-U	U-root-interleaved	U-root-interleaved	ascii	armonik	decode	default	10	556.9	545.0	587.0	0.075
codec-U	U-root-interleaved	U-root-interleaved	ascii	armonik	decode-read	default	10	652.7	612.6	673.7	0.094
codec-U	U-root-max-tag	U-root-max-tag	ascii	armonik	encode	default	10	509.0	500.9	520.4	0.038
codec-U	U-root-max-tag	U-root-max-tag	ascii	armonik	decode	default	10	565.6	543.8	580.6	0.065
codec-U	U-root-max-tag	U-root-max-tag	ascii	armonik	decode-read	default	10	539.5	521.0	548.6	0.051
codec-U	U-root-u-fixed32	U-root-u-fixed32	ascii	armonik	encode	default	10	470.5	455.2	478.7	0.050
codec-U	U-root-u-fixed32	U-root-u-fixed32	ascii	armonik	decode	default	10	514.6	501.2	537.4	0.070
codec-U	U-root-u-fixed32	U-root-u-fixed32	ascii	armonik	decode-read	default	10	572.1	522.0	595.1	0.128
codec-U	U-root-u-fixed64	U-root-u-fixed64	ascii	armonik	encode	default	10	469.1	461.1	479.8	0.040
codec-U	U-root-u-fixed64	U-root-u-fixed64	ascii	armonik	decode	default	10	492.1	483.5	524.1	0.083
codec-U	U-root-u-fixed64	U-root-u-fixed64	ascii	armonik	decode-read	default	10	503.5	492.2	517.3	0.050
codec-U	U-root-u-len	U-root-u-len	ascii	armonik	encode	default	10	444.9	435.6	454.4	0.042
codec-U	U-root-u-len	U-root-u-len	ascii	armonik	decode	default	10	487.7	481.4	493.7	0.025
codec-U	U-root-u-len	U-root-u-len	ascii	armonik	decode-read	default	10	508.8	501.0	516.3	0.030
codec-U	U-root-u-msg	U-root-u-msg	ascii	armonik	encode	default	10	443.5	438.1	448.2	0.023
codec-U	U-root-u-msg	U-root-u-msg	ascii	armonik	decode	default	10	505.2	495.5	515.2	0.039
codec-U	U-root-u-msg	U-root-u-msg	ascii	armonik	decode-read	default	10	507.4	497.2	525.5	0.056
codec-U	U-root-u-packed	U-root-u-packed	ascii	armonik	encode	default	10	445.5	441.1	459.4	0.041
codec-U	U-root-u-packed	U-root-u-packed	ascii	armonik	decode	default	10	513.4	481.6	547.3	0.128
codec-U	U-root-u-packed	U-root-u-packed	ascii	armonik	decode-read	default	10	534.3	523.7	560.3	0.068
codec-U	U-root-u-repeated	U-root-u-repeated	ascii	armonik	encode	default	10	512.2	497.7	538.0	0.079
codec-U	U-root-u-repeated	U-root-u-repeated	ascii	armonik	decode	default	10	596.5	566.3	624.2	0.097
codec-U	U-root-u-repeated	U-root-u-repeated	ascii	armonik	decode-read	default	10	668.4	652.7	683.7	0.046
codec-U	U-root-u-varint	U-root-u-varint	ascii	armonik	encode	default	10	544.5	521.5	573.7	0.096
codec-U	U-root-u-varint	U-root-u-varint	ascii	armonik	decode	default	10	601.4	571.4	609.1	0.063
codec-U	U-root-u-varint	U-root-u-varint	ascii	armonik	decode-read	default	10	617.5	608.3	633.7	0.041
codec-U	U-deep-all	U-deep-all	ascii	core-native	encode	drop	10	233.4	231.7	239.1	0.032
codec-U	U-deep-all	U-deep-all	ascii	core-native	encode	retain	10	277.9	273.1	294.7	0.078
codec-U	U-deep-all	U-deep-all	ascii	core-native	decode	drop	10	1363.3	1328.6	1398.0	0.051
codec-U	U-deep-all	U-deep-all	ascii	core-native	decode	retain	10	1489.9	1426.9	1533.3	0.071
codec-U	U-deep-all	U-deep-all	ascii	core-native	decode-read	drop	10	1545.3	1526.4	1648.1	0.079
codec-U	U-deep-all	U-deep-all	ascii	core-native	decode-read	retain	10	1635.1	1602.9	1668.4	0.040
codec-U	U-deep-u-fixed32	U-deep-u-fixed32	ascii	core-native	encode	drop	10	248.8	244.0	253.2	0.037
codec-U	U-deep-u-fixed32	U-deep-u-fixed32	ascii	core-native	encode	retain	10	302.0	295.4	319.7	0.081
codec-U	U-deep-u-fixed32	U-deep-u-fixed32	ascii	core-native	decode	drop	10	1415.0	1395.8	1451.7	0.040
codec-U	U-deep-u-fixed32	U-deep-u-fixed32	ascii	core-native	decode	retain	10	1432.5	1408.1	1561.8	0.107
codec-U	U-deep-u-fixed32	U-deep-u-fixed32	ascii	core-native	decode-read	drop	10	1506.9	1480.6	1547.2	0.044
codec-U	U-deep-u-fixed32	U-deep-u-fixed32	ascii	core-native	decode-read	retain	10	1531.4	1504.8	1645.0	0.092
codec-U	U-deep-u-fixed64	U-deep-u-fixed64	ascii	core-native	encode	drop	10	255.8	245.9	321.1	0.294
codec-U	U-deep-u-fixed64	U-deep-u-fixed64	ascii	core-native	encode	retain	10	324.6	291.0	512.3	0.682
codec-U	U-deep-u-fixed64	U-deep-u-fixed64	ascii	core-native	decode	drop	10	1410.8	1369.4	1486.5	0.083
codec-U	U-deep-u-fixed64	U-deep-u-fixed64	ascii	core-native	decode	retain	10	1411.6	1359.2	1519.3	0.113
codec-U	U-deep-u-fixed64	U-deep-u-fixed64	ascii	core-native	decode-read	drop	10	1436.7	1398.4	1523.5	0.087
codec-U	U-deep-u-fixed64	U-deep-u-fixed64	ascii	core-native	decode-read	retain	10	1545.2	1486.1	1709.6	0.145
codec-U	U-deep-u-len	U-deep-u-len	ascii	core-native	encode	drop	10	252.8	242.4	274.1	0.125
codec-U	U-deep-u-len	U-deep-u-len	ascii	core-native	encode	retain	10	302.7	291.4	402.4	0.367
codec-U	U-deep-u-len	U-deep-u-len	ascii	core-native	decode	drop	10	1396.6	1377.9	1401.2	0.017
codec-U	U-deep-u-len	U-deep-u-len	ascii	core-native	decode	retain	10	1430.6	1409.4	2198.7	0.552
codec-U	U-deep-u-len	U-deep-u-len	ascii	core-native	decode-read	drop	10	1508.2	1483.1	1610.3	0.084
codec-U	U-deep-u-len	U-deep-u-len	ascii	core-native	decode-read	retain	10	1511.9	1492.1	1550.8	0.039
codec-U	U-deep-u-msg	U-deep-u-msg	ascii	core-native	encode	drop	10	247.2	245.5	252.6	0.029
codec-U	U-deep-u-msg	U-deep-u-msg	ascii	core-native	encode	retain	10	296.9	283.0	313.7	0.103
codec-U	U-deep-u-msg	U-deep-u-msg	ascii	core-native	decode	drop	10	1350.0	1302.9	1388.4	0.063
codec-U	U-deep-u-msg	U-deep-u-msg	ascii	core-native	decode	retain	10	1386.9	1324.5	1453.5	0.093
codec-U	U-deep-u-msg	U-deep-u-msg	ascii	core-native	decode-read	drop	10	1183.5	1157.4	1433.7	0.233
codec-U	U-deep-u-msg	U-deep-u-msg	ascii	core-native	decode-read	retain	10	1182.8	1166.3	1286.0	0.101
codec-U	U-deep-u-packed	U-deep-u-packed	ascii	core-native	encode	drop	10	208.8	204.7	216.9	0.058
codec-U	U-deep-u-packed	U-deep-u-packed	ascii	core-native	encode	retain	10	241.8	233.9	246.6	0.053
codec-U	U-deep-u-packed	U-deep-u-packed	ascii	core-native	decode	drop	10	1429.5	1388.0	1512.5	0.087
codec-U	U-deep-u-packed	U-deep-u-packed	ascii	core-native	decode	retain	10	1395.2	1372.3	1420.8	0.035
codec-U	U-deep-u-packed	U-deep-u-packed	ascii	core-native	decode-read	drop	10	1491.2	1465.4	1529.4	0.043
codec-U	U-deep-u-packed	U-deep-u-packed	ascii	core-native	decode-read	retain	10	1512.9	1495.4	1570.2	0.049
codec-U	U-deep-u-repeated	U-deep-u-repeated	ascii	core-native	encode	drop	10	247.5	242.4	256.1	0.056
codec-U	U-deep-u-repeated	U-deep-u-repeated	ascii	core-native	encode	retain	10	301.7	290.1	319.1	0.096
codec-U	U-deep-u-repeated	U-deep-u-repeated	ascii	core-native	decode	drop	10	1419.2	1378.8	1483.1	0.073
codec-U	U-deep-u-repeated	U-deep-u-repeated	ascii	core-native	decode	retain	10	1575.8	1480.4	1666.9	0.118
codec-U	U-deep-u-repeated	U-deep-u-repeated	ascii	core-native	decode-read	drop	10	1557.2	1512.1	1751.8	0.154
codec-U	U-deep-u-repeated	U-deep-u-repeated	ascii	core-native	decode-read	retain	10	1521.9	1488.2	1577.0	0.058
codec-U	U-deep-u-varint	U-deep-u-varint	ascii	core-native	encode	drop	10	250.7	244.2	255.2	0.044
codec-U	U-deep-u-varint	U-deep-u-varint	ascii	core-native	encode	retain	10	298.3	291.0	310.2	0.064
codec-U	U-deep-u-varint	U-deep-u-varint	ascii	core-native	decode	drop	10	1422.1	1397.5	1529.5	0.093
codec-U	U-deep-u-varint	U-deep-u-varint	ascii	core-native	decode	retain	10	1263.7	1250.8	1297.9	0.037
codec-U	U-deep-u-varint	U-deep-u-varint	ascii	core-native	decode-read	drop	10	1334.8	1317.9	1358.3	0.030
codec-U	U-deep-u-varint	U-deep-u-varint	ascii	core-native	decode-read	retain	10	1252.2	1227.4	1315.5	0.070
codec-U	U-element-all	U-element-all	ascii	core-native	encode	drop	10	195.6	193.6	196.9	0.017
codec-U	U-element-all	U-element-all	ascii	core-native	encode	retain	10	237.1	229.7	244.7	0.063
codec-U	U-element-all	U-element-all	ascii	core-native	decode	drop	10	1123.5	1108.3	1157.7	0.044
codec-U	U-element-all	U-element-all	ascii	core-native	decode	retain	10	1276.5	1254.8	1297.9	0.034
codec-U	U-element-all	U-element-all	ascii	core-native	decode-read	drop	10	1202.9	1192.4	1243.1	0.042
codec-U	U-element-all	U-element-all	ascii	core-native	decode-read	retain	10	1336.8	1325.9	1346.7	0.016
codec-U	U-element-u-fixed32	U-element-u-fixed32	ascii	core-native	encode	drop	10	194.5	192.6	197.6	0.026
codec-U	U-element-u-fixed32	U-element-u-fixed32	ascii	core-native	encode	retain	10	293.4	289.3	298.9	0.033
codec-U	U-element-u-fixed32	U-element-u-fixed32	ascii	core-native	decode	drop	10	1404.1	1386.9	1421.5	0.025
codec-U	U-element-u-fixed32	U-element-u-fixed32	ascii	core-native	decode	retain	10	1404.4	1388.8	1418.9	0.021
codec-U	U-element-u-fixed32	U-element-u-fixed32	ascii	core-native	decode-read	drop	10	1492.9	1479.0	1515.6	0.025
codec-U	U-element-u-fixed32	U-element-u-fixed32	ascii	core-native	decode-read	retain	10	1507.2	1492.9	1513.6	0.014
codec-U	U-element-u-fixed64	U-element-u-fixed64	ascii	core-native	encode	drop	10	247.1	243.0	249.0	0.024
codec-U	U-element-u-fixed64	U-element-u-fixed64	ascii	core-native	encode	retain	10	302.0	297.1	304.7	0.025
codec-U	U-element-u-fixed64	U-element-u-fixed64	ascii	core-native	decode	drop	10	1397.2	1382.3	1458.9	0.055
codec-U	U-element-u-fixed64	U-element-u-fixed64	ascii	core-native	decode	retain	10	1407.7	1378.6	1474.1	0.068
codec-U	U-element-u-fixed64	U-element-u-fixed64	ascii	core-native	decode-read	drop	10	1508.5	1486.6	1519.6	0.022
codec-U	U-element-u-fixed64	U-element-u-fixed64	ascii	core-native	decode-read	retain	10	1500.0	1482.2	1525.5	0.029
codec-U	U-element-u-len	U-element-u-len	ascii	core-native	encode	drop	10	250.2	247.2	254.0	0.027
codec-U	U-element-u-len	U-element-u-len	ascii	core-native	encode	retain	10	294.6	290.2	303.4	0.045
codec-U	U-element-u-len	U-element-u-len	ascii	core-native	decode	drop	10	1390.6	1375.0	1415.1	0.029
codec-U	U-element-u-len	U-element-u-len	ascii	core-native	decode	retain	10	1420.6	1390.2	1437.2	0.033
codec-U	U-element-u-len	U-element-u-len	ascii	core-native	decode-read	drop	10	1497.6	1482.5	1508.4	0.017
codec-U	U-element-u-len	U-element-u-len	ascii	core-native	decode-read	retain	10	1515.0	1487.4	1623.6	0.090
codec-U	U-element-u-msg	U-element-u-msg	ascii	core-native	encode	drop	10	246.3	243.1	251.3	0.033
codec-U	U-element-u-msg	U-element-u-msg	ascii	core-native	encode	retain	10	298.3	290.6	350.2	0.200
codec-U	U-element-u-msg	U-element-u-msg	ascii	core-native	decode	drop	10	1400.4	1379.6	1431.0	0.037
codec-U	U-element-u-msg	U-element-u-msg	ascii	core-native	decode	retain	10	1414.5	1396.9	1476.3	0.056
codec-U	U-element-u-msg	U-element-u-msg	ascii	core-native	decode-read	drop	10	1531.7	1491.9	1625.5	0.087
codec-U	U-element-u-msg	U-element-u-msg	ascii	core-native	decode-read	retain	10	1599.4	1507.9	2123.2	0.385
codec-U	U-element-u-packed	U-element-u-packed	ascii	core-native	encode	drop	10	249.1	245.6	259.9	0.057
codec-U	U-element-u-packed	U-element-u-packed	ascii	core-native	encode	retain	10	293.2	289.8	294.5	0.016
codec-U	U-element-u-packed	U-element-u-packed	ascii	core-native	decode	drop	10	1308.8	1294.9	1333.9	0.030
codec-U	U-element-u-packed	U-element-u-packed	ascii	core-native	decode	retain	10	1352.8	1331.5	1399.3	0.050
codec-U	U-element-u-packed	U-element-u-packed	ascii	core-native	decode-read	drop	10	1453.0	1439.1	1482.6	0.030
codec-U	U-element-u-packed	U-element-u-packed	ascii	core-native	decode-read	retain	10	1464.2	1435.7	1545.4	0.075
codec-U	U-element-u-repeated	U-element-u-repeated	ascii	core-native	encode	drop	10	245.5	234.0	267.4	0.136
codec-U	U-element-u-repeated	U-element-u-repeated	ascii	core-native	encode	retain	10	298.9	296.7	309.6	0.043
codec-U	U-element-u-repeated	U-element-u-repeated	ascii	core-native	decode	drop	10	1409.8	1397.6	1448.6	0.036
codec-U	U-element-u-repeated	U-element-u-repeated	ascii	core-native	decode	retain	10	1455.2	1433.4	1521.0	0.060
codec-U	U-element-u-repeated	U-element-u-repeated	ascii	core-native	decode-read	drop	10	1511.9	1488.3	1525.7	0.025
codec-U	U-element-u-repeated	U-element-u-repeated	ascii	core-native	decode-read	retain	10	1590.9	1577.1	1647.4	0.044
codec-U	U-element-u-varint	U-element-u-varint	ascii	core-native	encode	drop	10	252.0	246.6	262.4	0.063
codec-U	U-element-u-varint	U-element-u-varint	ascii	core-native	encode	retain	10	294.8	290.7	298.7	0.027
codec-U	U-element-u-varint	U-element-u-varint	ascii	core-native	decode	drop	10	1406.3	1378.6	1465.6	0.062
codec-U	U-element-u-varint	U-element-u-varint	ascii	core-native	decode	retain	10	1413.5	1384.3	1693.4	0.219
codec-U	U-element-u-varint	U-element-u-varint	ascii	core-native	decode-read	drop	10	1474.5	1439.6	1564.8	0.085
codec-U	U-element-u-varint	U-element-u-varint	ascii	core-native	decode-read	retain	10	1725.0	1495.7	3378.0	1.091
codec-U	U-enum-value-127	U-enum-value-127	ascii	core-native	encode	drop	10	15.5	14.6	15.7	0.071
codec-U	U-enum-value-127	U-enum-value-127	ascii	core-native	encode	retain	10	20.5	19.8	21.3	0.072
codec-U	U-enum-value-127	U-enum-value-127	ascii	core-native	decode	drop	10	85.1	83.7	99.5	0.186
codec-U	U-enum-value-127	U-enum-value-127	ascii	core-native	decode	retain	10	88.4	87.1	92.4	0.060
codec-U	U-enum-value-127	U-enum-value-127	ascii	core-native	decode-read	drop	10	95.2	92.6	100.3	0.080
codec-U	U-enum-value-127	U-enum-value-127	ascii	core-native	decode-read	retain	10	97.3	95.8	102.4	0.068
codec-U	U-enum-value-2147483647	U-enum-value-2147483647	ascii	core-native	encode	drop	10	17.4	16.8	19.1	0.127
codec-U	U-enum-value-2147483647	U-enum-value-2147483647	ascii	core-native	encode	retain	10	23.8	22.8	25.1	0.096
codec-U	U-enum-value-2147483647	U-enum-value-2147483647	ascii	core-native	decode	drop	10	84.6	82.1	88.9	0.081
codec-U	U-enum-value-2147483647	U-enum-value-2147483647	ascii	core-native	decode	retain	10	90.3	89.0	95.0	0.067
codec-U	U-enum-value-2147483647	U-enum-value-2147483647	ascii	core-native	decode-read	drop	10	95.8	93.9	97.6	0.040
codec-U	U-enum-value-2147483647	U-enum-value-2147483647	ascii	core-native	decode-read	retain	10	100.7	99.0	106.3	0.073
codec-U	U-enum-value-999	U-enum-value-999	ascii	core-native	encode	drop	10	16.3	15.3	16.7	0.088
codec-U	U-enum-value-999	U-enum-value-999	ascii	core-native	encode	retain	10	23.4	22.0	24.3	0.098
codec-U	U-enum-value-999	U-enum-value-999	ascii	core-native	decode	drop	10	86.5	85.2	101.1	0.183
codec-U	U-enum-value-999	U-enum-value-999	ascii	core-native	decode	retain	10	89.1	86.9	98.5	0.131
codec-U	U-enum-value-999	U-enum-value-999	ascii	core-native	decode-read	drop	10	94.7	93.5	96.4	0.030
codec-U	U-enum-value-999	U-enum-value-999	ascii	core-native	decode-read	retain	10	97.3	87.4	106.3	0.194
codec-U	U-enum-value-packed	U-enum-value-packed	ascii	core-native	encode	drop	10	23.9	23.0	24.5	0.060
codec-U	U-enum-value-packed	U-enum-value-packed	ascii	core-native	encode	retain	10	28.7	27.5	31.2	0.127
codec-U	U-enum-value-packed	U-enum-value-packed	ascii	core-native	decode	drop	10	82.2	79.9	88.9	0.109
codec-U	U-enum-value-packed	U-enum-value-packed	ascii	core-native	decode	retain	10	81.6	80.9	86.9	0.074
codec-U	U-enum-value-packed	U-enum-value-packed	ascii	core-native	decode-read	drop	10	93.4	91.4	96.3	0.052
codec-U	U-enum-value-packed	U-enum-value-packed	ascii	core-native	decode-read	retain	10	89.3	87.0	94.3	0.082
codec-U	U-leaf-all	U-leaf-all	ascii	core-native	encode	drop	10	45.8	43.8	47.3	0.078
codec-U	U-leaf-all	U-leaf-all	ascii	core-native	encode	retain	10	74.7	72.0	79.9	0.106
codec-U	U-leaf-all	U-leaf-all	ascii	core-native	decode	drop	10	305.2	300.4	322.7	0.073
codec-U	U-leaf-all	U-leaf-all	ascii	core-native	decode	retain	10	767.7	756.5	837.1	0.105
codec-U	U-leaf-all	U-leaf-all	ascii	core-native	decode-read	drop	10	310.5	302.4	313.8	0.037
codec-U	U-leaf-all	U-leaf-all	ascii	core-native	decode-read	retain	10	779.0	762.7	790.2	0.035
codec-U	U-leaf-u-fixed32	U-leaf-u-fixed32	ascii	core-native	encode	drop	10	45.1	43.6	47.3	0.082
codec-U	U-leaf-u-fixed32	U-leaf-u-fixed32	ascii	core-native	encode	retain	10	63.2	62.3	64.9	0.042
codec-U	U-leaf-u-fixed32	U-leaf-u-fixed32	ascii	core-native	decode	drop	10	249.3	245.3	253.0	0.031
codec-U	U-leaf-u-fixed32	U-leaf-u-fixed32	ascii	core-native	decode	retain	10	298.9	295.6	311.8	0.054
codec-U	U-leaf-u-fixed32	U-leaf-u-fixed32	ascii	core-native	decode-read	drop	10	257.1	250.8	263.0	0.048
codec-U	U-leaf-u-fixed32	U-leaf-u-fixed32	ascii	core-native	decode-read	retain	10	319.8	316.8	329.3	0.039
codec-U	U-leaf-u-fixed64	U-leaf-u-fixed64	ascii	core-native	encode	drop	10	44.8	42.9	46.2	0.075
codec-U	U-leaf-u-fixed64	U-leaf-u-fixed64	ascii	core-native	encode	retain	10	63.8	61.9	64.6	0.042
codec-U	U-leaf-u-fixed64	U-leaf-u-fixed64	ascii	core-native	decode	drop	10	248.0	240.8	263.6	0.092
codec-U	U-leaf-u-fixed64	U-leaf-u-fixed64	ascii	core-native	decode	retain	10	302.2	294.5	308.0	0.045
codec-U	U-leaf-u-fixed64	U-leaf-u-fixed64	ascii	core-native	decode-read	drop	10	260.3	256.3	274.9	0.071
codec-U	U-leaf-u-fixed64	U-leaf-u-fixed64	ascii	core-native	decode-read	retain	10	315.1	309.9	333.1	0.073
codec-U	U-leaf-u-len	U-leaf-u-len	ascii	core-native	encode	drop	10	45.1	44.1	47.6	0.077
codec-U	U-leaf-u-len	U-leaf-u-len	ascii	core-native	encode	retain	10	65.0	63.9	67.5	0.055
codec-U	U-leaf-u-len	U-leaf-u-len	ascii	core-native	decode	drop	10	254.5	250.0	263.6	0.053
codec-U	U-leaf-u-len	U-leaf-u-len	ascii	core-native	decode	retain	10	304.8	299.9	323.9	0.079
codec-U	U-leaf-u-len	U-leaf-u-len	ascii	core-native	decode-read	drop	10	211.5	206.3	212.6	0.030
codec-U	U-leaf-u-len	U-leaf-u-len	ascii	core-native	decode-read	retain	10	250.6	247.6	261.1	0.054
codec-U	U-leaf-u-msg	U-leaf-u-msg	ascii	core-native	encode	drop	10	43.9	42.7	47.6	0.112
codec-U	U-leaf-u-msg	U-leaf-u-msg	ascii	core-native	encode	retain	10	60.8	59.1	62.2	0.052
codec-U	U-leaf-u-msg	U-leaf-u-msg	ascii	core-native	decode	drop	10	245.0	241.1	248.2	0.029
codec-U	U-leaf-u-msg	U-leaf-u-msg	ascii	core-native	decode	retain	10	285.9	283.1	292.8	0.034
codec-U	U-leaf-u-msg	U-leaf-u-msg	ascii	core-native	decode-read	drop	10	267.6	263.2	274.7	0.043
codec-U	U-leaf-u-msg	U-leaf-u-msg	ascii	core-native	decode-read	retain	10	307.4	301.2	317.0	0.051
codec-U	U-leaf-u-packed	U-leaf-u-packed	ascii	core-native	encode	drop	10	46.7	45.3	47.3	0.044
codec-U	U-leaf-u-packed	U-leaf-u-packed	ascii	core-native	encode	retain	10	62.5	61.9	65.0	0.049
codec-U	U-leaf-u-packed	U-leaf-u-packed	ascii	core-native	decode	drop	10	250.4	245.3	253.8	0.034
codec-U	U-leaf-u-packed	U-leaf-u-packed	ascii	core-native	decode	retain	10	300.5	297.8	315.6	0.059
codec-U	U-leaf-u-packed	U-leaf-u-packed	ascii	core-native	decode-read	drop	10	263.2	259.5	269.4	0.037
codec-U	U-leaf-u-packed	U-leaf-u-packed	ascii	core-native	decode-read	retain	10	315.6	308.7	334.6	0.082
codec-U	U-leaf-u-repeated	U-leaf-u-repeated	ascii	core-native	encode	drop	10	43.9	43.3	45.7	0.055
codec-U	U-leaf-u-repeated	U-leaf-u-repeated	ascii	core-native	encode	retain	10	63.0	62.2	63.6	0.023
codec-U	U-leaf-u-repeated	U-leaf-u-repeated	ascii	core-native	decode	drop	10	258.0	253.5	267.0	0.052
codec-U	U-leaf-u-repeated	U-leaf-u-repeated	ascii	core-native	decode	retain	10	333.8	330.4	351.6	0.063
codec-U	U-leaf-u-repeated	U-leaf-u-repeated	ascii	core-native	decode-read	drop	10	270.6	260.2	280.1	0.074
codec-U	U-leaf-u-repeated	U-leaf-u-repeated	ascii	core-native	decode-read	retain	10	348.8	345.4	360.4	0.043
codec-U	U-leaf-u-varint	U-leaf-u-varint	ascii	core-native	encode	drop	10	43.4	42.2	45.2	0.070
codec-U	U-leaf-u-varint	U-leaf-u-varint	ascii	core-native	encode	retain	10	64.9	63.9	66.5	0.039
codec-U	U-leaf-u-varint	U-leaf-u-varint	ascii	core-native	decode	drop	10	252.7	246.0	257.4	0.045
codec-U	U-leaf-u-varint	U-leaf-u-varint	ascii	core-native	decode	retain	10	305.2	302.2	309.3	0.023
codec-U	U-leaf-u-varint	U-leaf-u-varint	ascii	core-native	decode-read	drop	10	270.0	268.2	273.0	0.018
codec-U	U-leaf-u-varint	U-leaf-u-varint	ascii	core-native	decode-read	retain	10	327.4	325.9	330.7	0.015
codec-U	U-nested-all	U-nested-all	ascii	core-native	encode	drop	10	46.2	45.0	48.3	0.073
codec-U	U-nested-all	U-nested-all	ascii	core-native	encode	retain	10	63.3	62.4	63.9	0.022
codec-U	U-nested-all	U-nested-all	ascii	core-native	decode	drop	10	280.5	261.6	287.3	0.092
codec-U	U-nested-all	U-nested-all	ascii	core-native	decode	retain	10	477.4	467.4	481.3	0.029
codec-U	U-nested-all	U-nested-all	ascii	core-native	decode-read	drop	10	294.8	289.4	304.7	0.052
codec-U	U-nested-all	U-nested-all	ascii	core-native	decode-read	retain	10	499.9	486.5	507.3	0.042
codec-U	U-nested-before	U-nested-before	ascii	core-native	encode	drop	10	49.5	48.7	50.8	0.042
codec-U	U-nested-before	U-nested-before	ascii	core-native	encode	retain	10	63.4	62.1	63.9	0.029
codec-U	U-nested-before	U-nested-before	ascii	core-native	decode	drop	10	291.1	287.0	294.8	0.027
codec-U	U-nested-before	U-nested-before	ascii	core-native	decode	retain	10	482.1	473.6	504.3	0.064
codec-U	U-nested-before	U-nested-before	ascii	core-native	decode-read	drop	10	302.4	299.8	308.0	0.027
codec-U	U-nested-before	U-nested-before	ascii	core-native	decode-read	retain	10	502.8	498.1	510.1	0.024
codec-U	U-nested-group	U-nested-group	ascii	core-native	encode	drop	10	46.2	43.9	47.0	0.067
codec-U	U-nested-group	U-nested-group	ascii	core-native	encode	retain	10	62.3	61.3	63.2	0.030
codec-U	U-nested-group	U-nested-group	ascii	core-native	decode	drop	10	261.0	259.4	270.2	0.041
codec-U	U-nested-group	U-nested-group	ascii	core-native	decode	retain	10	286.3	283.0	364.9	0.286
codec-U	U-nested-group	U-nested-group	ascii	core-native	decode-read	drop	10	275.7	268.7	282.4	0.050
codec-U	U-nested-group	U-nested-group	ascii	core-native	decode-read	retain	10	320.6	316.7	324.5	0.024
codec-U	U-nested-interleaved	U-nested-interleaved	ascii	core-native	encode	drop	10	36.6	34.2	46.5	0.335
codec-U	U-nested-interleaved	U-nested-interleaved	ascii	core-native	encode	retain	10	49.1	48.2	49.7	0.030
codec-U	U-nested-interleaved	U-nested-interleaved	ascii	core-native	decode	drop	10	221.0	218.5	224.7	0.028
codec-U	U-nested-interleaved	U-nested-interleaved	ascii	core-native	decode	retain	10	394.8	390.5	403.0	0.032
codec-U	U-nested-interleaved	U-nested-interleaved	ascii	core-native	decode-read	drop	10	232.2	229.2	235.3	0.026
codec-U	U-nested-interleaved	U-nested-interleaved	ascii	core-native	decode-read	retain	10	407.0	403.9	424.4	0.050
codec-U	U-nested-u-fixed32	U-nested-u-fixed32	ascii	core-native	encode	drop	10	35.7	34.8	36.4	0.044
codec-U	U-nested-u-fixed32	U-nested-u-fixed32	ascii	core-native	encode	retain	10	49.5	49.0	50.2	0.024
codec-U	U-nested-u-fixed32	U-nested-u-fixed32	ascii	core-native	decode	drop	10	189.2	185.9	193.3	0.039
codec-U	U-nested-u-fixed32	U-nested-u-fixed32	ascii	core-native	decode	retain	10	213.5	210.7	221.6	0.051
codec-U	U-nested-u-fixed32	U-nested-u-fixed32	ascii	core-native	decode-read	drop	10	200.7	196.8	203.0	0.031
codec-U	U-nested-u-fixed32	U-nested-u-fixed32	ascii	core-native	decode-read	retain	10	223.6	220.2	234.8	0.065
codec-U	U-nested-u-fixed64	U-nested-u-fixed64	ascii	core-native	encode	drop	10	36.7	34.8	38.9	0.110
codec-U	U-nested-u-fixed64	U-nested-u-fixed64	ascii	core-native	encode	retain	10	52.3	49.7	53.7	0.076
codec-U	U-nested-u-fixed64	U-nested-u-fixed64	ascii	core-native	decode	drop	10	211.0	185.2	216.3	0.148
codec-U	U-nested-u-fixed64	U-nested-u-fixed64	ascii	core-native	decode	retain	10	213.1	207.5	219.2	0.055
codec-U	U-nested-u-fixed64	U-nested-u-fixed64	ascii	core-native	decode-read	drop	10	208.5	204.9	217.4	0.060
codec-U	U-nested-u-fixed64	U-nested-u-fixed64	ascii	core-native	decode-read	retain	10	244.0	241.0	248.6	0.031
codec-U	U-nested-u-len	U-nested-u-len	ascii	core-native	encode	drop	10	37.6	35.2	39.5	0.115
codec-U	U-nested-u-len	U-nested-u-len	ascii	core-native	encode	retain	10	56.6	56.2	57.5	0.025
codec-U	U-nested-u-len	U-nested-u-len	ascii	core-native	decode	drop	10	217.2	216.3	227.2	0.050
codec-U	U-nested-u-len	U-nested-u-len	ascii	core-native	decode	retain	10	252.0	248.2	268.2	0.080
codec-U	U-nested-u-len	U-nested-u-len	ascii	core-native	decode-read	drop	10	260.2	252.2	271.1	0.073
codec-U	U-nested-u-len	U-nested-u-len	ascii	core-native	decode-read	retain	10	284.8	279.6	301.3	0.076
codec-U	U-nested-u-msg	U-nested-u-msg	ascii	core-native	encode	drop	10	46.4	45.3	49.4	0.087
codec-U	U-nested-u-msg	U-nested-u-msg	ascii	core-native	encode	retain	10	63.8	63.2	65.9	0.043
codec-U	U-nested-u-msg	U-nested-u-msg	ascii	core-native	decode	drop	10	241.2	235.1	247.2	0.050
codec-U	U-nested-u-msg	U-nested-u-msg	ascii	core-native	decode	retain	10	266.2	263.7	269.1	0.020
codec-U	U-nested-u-msg	U-nested-u-msg	ascii	core-native	decode-read	drop	10	253.2	250.6	256.0	0.021
codec-U	U-nested-u-msg	U-nested-u-msg	ascii	core-native	decode-read	retain	10	281.8	276.6	289.6	0.046
codec-U	U-nested-u-packed	U-nested-u-packed	ascii	core-native	encode	drop	10	46.2	45.1	47.1	0.042
codec-U	U-nested-u-packed	U-nested-u-packed	ascii	core-native	encode	retain	10	64.1	62.3	66.4	0.064
codec-U	U-nested-u-packed	U-nested-u-packed	ascii	core-native	decode	drop	10	238.5	235.9	271.9	0.151
codec-U	U-nested-u-packed	U-nested-u-packed	ascii	core-native	decode	retain	10	275.4	262.8	342.0	0.287
codec-U	U-nested-u-packed	U-nested-u-packed	ascii	core-native	decode-read	drop	10	267.3	260.2	279.6	0.072
codec-U	U-nested-u-packed	U-nested-u-packed	ascii	core-native	decode-read	retain	10	306.3	293.8	346.5	0.172
codec-U	U-nested-u-repeated	U-nested-u-repeated	ascii	core-native	encode	drop	10	48.1	45.7	49.5	0.080
codec-U	U-nested-u-repeated	U-nested-u-repeated	ascii	core-native	encode	retain	10	63.3	62.5	66.5	0.064
codec-U	U-nested-u-repeated	U-nested-u-repeated	ascii	core-native	decode	drop	10	251.4	246.7	283.2	0.145
codec-U	U-nested-u-repeated	U-nested-u-repeated	ascii	core-native	decode	retain	10	350.6	342.1	363.9	0.062
codec-U	U-nested-u-repeated	U-nested-u-repeated	ascii	core-native	decode-read	drop	10	265.6	258.6	270.2	0.044
codec-U	U-nested-u-repeated	U-nested-u-repeated	ascii	core-native	decode-read	retain	10	376.5	370.6	388.5	0.048
codec-U	U-nested-u-varint	U-nested-u-varint	ascii	core-native	encode	drop	10	45.1	43.9	47.6	0.083
codec-U	U-nested-u-varint	U-nested-u-varint	ascii	core-native	encode	retain	10	62.3	61.0	65.0	0.064
codec-U	U-nested-u-varint	U-nested-u-varint	ascii	core-native	decode	drop	10	237.3	231.7	241.2	0.040
codec-U	U-nested-u-varint	U-nested-u-varint	ascii	core-native	decode	retain	10	258.1	255.3	275.0	0.076
codec-U	U-nested-u-varint	U-nested-u-varint	ascii	core-native	decode-read	drop	10	243.2	240.3	251.1	0.044
codec-U	U-nested-u-varint	U-nested-u-varint	ascii	core-native	decode-read	retain	10	280.2	274.7	295.5	0.074
codec-U	U-oneof-all	U-oneof-all	ascii	core-native	encode	drop	10	22.8	22.1	24.5	0.108
codec-U	U-oneof-all	U-oneof-all	ascii	core-native	encode	retain	10	26.6	25.6	32.1	0.244
codec-U	U-oneof-all	U-oneof-all	ascii	core-native	decode	drop	10	123.6	120.8	129.2	0.068
codec-U	U-oneof-all	U-oneof-all	ascii	core-native	decode	retain	10	269.6	263.3	278.7	0.057
codec-U	U-oneof-all	U-oneof-all	ascii	core-native	decode-read	drop	10	131.3	128.6	135.2	0.050
codec-U	U-oneof-all	U-oneof-all	ascii	core-native	decode-read	retain	10	272.2	269.8	276.5	0.025
codec-U	U-oneof-before	U-oneof-before	ascii	core-native	encode	drop	10	22.5	21.5	24.2	0.118
codec-U	U-oneof-before	U-oneof-before	ascii	core-native	encode	retain	10	26.7	25.4	28.5	0.118
codec-U	U-oneof-before	U-oneof-before	ascii	core-native	decode	drop	10	122.5	121.2	125.8	0.038
codec-U	U-oneof-before	U-oneof-before	ascii	core-native	decode	retain	10	266.0	262.2	273.8	0.044
codec-U	U-oneof-before	U-oneof-before	ascii	core-native	decode-read	drop	10	126.0	124.8	132.9	0.065
codec-U	U-oneof-before	U-oneof-before	ascii	core-native	decode-read	retain	10	272.0	268.2	287.4	0.071
codec-U	U-oneof-group	U-oneof-group	ascii	core-native	encode	drop	10	22.2	21.6	24.6	0.135
codec-U	U-oneof-group	U-oneof-group	ascii	core-native	encode	retain	10	25.6	24.5	26.1	0.062
codec-U	U-oneof-group	U-oneof-group	ascii	core-native	decode	drop	10	107.8	105.9	108.8	0.028
codec-U	U-oneof-group	U-oneof-group	ascii	core-native	decode	retain	10	126.9	125.1	128.0	0.023
codec-U	U-oneof-group	U-oneof-group	ascii	core-native	decode-read	drop	10	112.0	110.7	118.3	0.068
codec-U	U-oneof-group	U-oneof-group	ascii	core-native	decode-read	retain	10	130.7	125.7	132.7	0.053
codec-U	U-oneof-interleaved	U-oneof-interleaved	ascii	core-native	encode	drop	10	22.5	21.7	23.5	0.084
codec-U	U-oneof-interleaved	U-oneof-interleaved	ascii	core-native	encode	retain	10	25.9	24.6	26.8	0.087
codec-U	U-oneof-interleaved	U-oneof-interleaved	ascii	core-native	decode	drop	10	123.0	120.8	125.8	0.041
codec-U	U-oneof-interleaved	U-oneof-interleaved	ascii	core-native	decode	retain	10	270.0	264.5	278.6	0.052
codec-U	U-oneof-interleaved	U-oneof-interleaved	ascii	core-native	decode-read	drop	10	128.4	124.6	134.7	0.079
codec-U	U-oneof-interleaved	U-oneof-interleaved	ascii	core-native	decode-read	retain	10	277.5	271.5	289.0	0.063
codec-U	U-oneof-member-after-known	U-oneof-member-after-known	ascii	core-native	encode	drop	10	23.4	22.5	24.1	0.068
codec-U	U-oneof-member-after-known	U-oneof-member-after-known	ascii	core-native	encode	retain	10	26.9	26.0	27.4	0.053
codec-U	U-oneof-member-after-known	U-oneof-member-after-known	ascii	core-native	decode	drop	10	93.5	91.4	102.6	0.120
codec-U	U-oneof-member-after-known	U-oneof-member-after-known	ascii	core-native	decode	retain	10	112.3	108.7	114.6	0.053
codec-U	U-oneof-member-after-known	U-oneof-member-after-known	ascii	core-native	decode-read	drop	10	100.7	98.8	107.6	0.087
codec-U	U-oneof-member-after-known	U-oneof-member-after-known	ascii	core-native	decode-read	retain	10	119.0	116.4	122.1	0.048
codec-U	U-oneof-member-alone	U-oneof-member-alone	ascii	core-native	encode	drop	10	16.5	15.9	18.2	0.144
codec-U	U-oneof-member-alone	U-oneof-member-alone	ascii	core-native	encode	retain	10	23.4	21.7	23.9	0.091
codec-U	U-oneof-member-alone	U-oneof-member-alone	ascii	core-native	decode	drop	10	90.1	86.4	93.2	0.075
codec-U	U-oneof-member-alone	U-oneof-member-alone	ascii	core-native	decode	retain	10	108.8	106.6	116.7	0.093
codec-U	U-oneof-member-alone	U-oneof-member-alone	ascii	core-native	decode-read	drop	10	93.2	90.6	95.4	0.052
codec-U	U-oneof-member-alone	U-oneof-member-alone	ascii	core-native	decode-read	retain	10	112.1	110.7	118.5	0.070
codec-U	U-oneof-member-before-known	U-oneof-member-before-known	ascii	core-native	encode	drop	10	23.0	21.3	23.9	0.111
codec-U	U-oneof-member-before-known	U-oneof-member-before-known	ascii	core-native	encode	retain	10	26.6	25.3	28.3	0.115
codec-U	U-oneof-member-before-known	U-oneof-member-before-known	ascii	core-native	decode	drop	10	93.1	92.3	96.8	0.049
codec-U	U-oneof-member-before-known	U-oneof-member-before-known	ascii	core-native	decode	retain	10	114.0	110.9	127.0	0.141
codec-U	U-oneof-member-before-known	U-oneof-member-before-known	ascii	core-native	decode-read	drop	10	99.0	97.6	102.8	0.053
codec-U	U-oneof-member-before-known	U-oneof-member-before-known	ascii	core-native	decode-read	retain	10	120.8	119.1	127.4	0.069
codec-U	U-oneof-u-fixed32	U-oneof-u-fixed32	ascii	core-native	encode	drop	10	23.3	22.5	24.1	0.072
codec-U	U-oneof-u-fixed32	U-oneof-u-fixed32	ascii	core-native	encode	retain	10	26.3	25.0	26.9	0.071
codec-U	U-oneof-u-fixed32	U-oneof-u-fixed32	ascii	core-native	decode	drop	10	93.5	90.2	95.2	0.053
codec-U	U-oneof-u-fixed32	U-oneof-u-fixed32	ascii	core-native	decode	retain	10	114.4	110.4	126.1	0.137
codec-U	U-oneof-u-fixed32	U-oneof-u-fixed32	ascii	core-native	decode-read	drop	10	100.5	98.4	103.5	0.051
codec-U	U-oneof-u-fixed32	U-oneof-u-fixed32	ascii	core-native	decode-read	retain	10	120.0	117.6	123.3	0.047
codec-U	U-oneof-u-fixed64	U-oneof-u-fixed64	ascii	core-native	encode	drop	10	24.7	22.0	35.4	0.546
codec-U	U-oneof-u-fixed64	U-oneof-u-fixed64	ascii	core-native	encode	retain	10	26.6	25.0	34.6	0.359
codec-U	U-oneof-u-fixed64	U-oneof-u-fixed64	ascii	core-native	decode	drop	10	92.0	90.7	96.3	0.061
codec-U	U-oneof-u-fixed64	U-oneof-u-fixed64	ascii	core-native	decode	retain	10	111.7	110.4	113.4	0.027
codec-U	U-oneof-u-fixed64	U-oneof-u-fixed64	ascii	core-native	decode-read	drop	10	99.1	96.2	101.2	0.051
codec-U	U-oneof-u-fixed64	U-oneof-u-fixed64	ascii	core-native	decode-read	retain	10	119.5	116.8	130.1	0.111
codec-U	U-oneof-u-len	U-oneof-u-len	ascii	core-native	encode	drop	10	23.5	22.6	24.5	0.077
codec-U	U-oneof-u-len	U-oneof-u-len	ascii	core-native	encode	retain	10	26.6	26.0	27.6	0.057
codec-U	U-oneof-u-len	U-oneof-u-len	ascii	core-native	decode	drop	10	95.1	93.2	102.1	0.094
codec-U	U-oneof-u-len	U-oneof-u-len	ascii	core-native	decode	retain	10	113.0	111.1	118.6	0.067
codec-U	U-oneof-u-len	U-oneof-u-len	ascii	core-native	decode-read	drop	10	99.3	98.1	101.4	0.033
codec-U	U-oneof-u-len	U-oneof-u-len	ascii	core-native	decode-read	retain	10	119.0	116.2	123.7	0.063
codec-U	U-oneof-u-msg	U-oneof-u-msg	ascii	core-native	encode	drop	10	23.5	22.4	24.0	0.069
codec-U	U-oneof-u-msg	U-oneof-u-msg	ascii	core-native	encode	retain	10	26.4	25.2	27.2	0.076
codec-U	U-oneof-u-msg	U-oneof-u-msg	ascii	core-native	decode	drop	10	94.0	91.8	95.8	0.042
codec-U	U-oneof-u-msg	U-oneof-u-msg	ascii	core-native	decode	retain	10	113.9	112.5	135.8	0.204
codec-U	U-oneof-u-msg	U-oneof-u-msg	ascii	core-native	decode-read	drop	10	100.6	98.2	101.7	0.035
codec-U	U-oneof-u-msg	U-oneof-u-msg	ascii	core-native	decode-read	retain	10	119.8	117.5	120.9	0.029
codec-U	U-oneof-u-packed	U-oneof-u-packed	ascii	core-native	encode	drop	10	23.5	23.1	28.0	0.207
codec-U	U-oneof-u-packed	U-oneof-u-packed	ascii	core-native	encode	retain	10	26.1	24.9	26.9	0.076
codec-U	U-oneof-u-packed	U-oneof-u-packed	ascii	core-native	decode	drop	10	93.9	91.8	95.4	0.039
codec-U	U-oneof-u-packed	U-oneof-u-packed	ascii	core-native	decode	retain	10	113.2	110.6	118.4	0.068
codec-U	U-oneof-u-packed	U-oneof-u-packed	ascii	core-native	decode-read	drop	10	98.9	96.6	106.5	0.100
codec-U	U-oneof-u-packed	U-oneof-u-packed	ascii	core-native	decode-read	retain	10	119.1	115.8	120.8	0.043
codec-U	U-oneof-u-repeated	U-oneof-u-repeated	ascii	core-native	encode	drop	10	23.1	20.9	24.2	0.140
codec-U	U-oneof-u-repeated	U-oneof-u-repeated	ascii	core-native	encode	retain	10	25.8	24.5	26.4	0.076
codec-U	U-oneof-u-repeated	U-oneof-u-repeated	ascii	core-native	decode	drop	10	98.7	97.4	99.9	0.026
codec-U	U-oneof-u-repeated	U-oneof-u-repeated	ascii	core-native	decode	retain	10	129.2	127.6	132.0	0.034
codec-U	U-oneof-u-repeated	U-oneof-u-repeated	ascii	core-native	decode-read	drop	10	105.1	101.3	111.8	0.100
codec-U	U-oneof-u-repeated	U-oneof-u-repeated	ascii	core-native	decode-read	retain	10	139.4	136.1	144.0	0.056
codec-U	U-oneof-u-varint	U-oneof-u-varint	ascii	core-native	encode	drop	10	23.3	23.0	24.8	0.078
codec-U	U-oneof-u-varint	U-oneof-u-varint	ascii	core-native	encode	retain	10	26.3	25.3	27.2	0.070
codec-U	U-oneof-u-varint	U-oneof-u-varint	ascii	core-native	decode	drop	10	94.7	92.9	98.2	0.056
codec-U	U-oneof-u-varint	U-oneof-u-varint	ascii	core-native	decode	retain	10	113.9	112.1	118.1	0.053
codec-U	U-oneof-u-varint	U-oneof-u-varint	ascii	core-native	decode-read	drop	10	100.7	98.8	104.4	0.055
codec-U	U-oneof-u-varint	U-oneof-u-varint	ascii	core-native	decode-read	retain	10	119.5	117.7	120.4	0.023
codec-U	U-root-all	U-root-all	ascii	core-native	encode	drop	10	95.5	93.7	99.7	0.063
codec-U	U-root-all	U-root-all	ascii	core-native	encode	retain	10	127.6	126.1	135.8	0.076
codec-U	U-root-all	U-root-all	ascii	core-native	decode	drop	10	595.4	584.8	619.6	0.058
codec-U	U-root-all	U-root-all	ascii	core-native	decode	retain	10	761.5	740.7	888.6	0.194
codec-U	U-root-all	U-root-all	ascii	core-native	decode-read	drop	10	602.0	584.6	831.5	0.410
codec-U	U-root-all	U-root-all	ascii	core-native	decode-read	retain	10	821.3	798.5	843.6	0.055
codec-U	U-root-before	U-root-before	ascii	core-native	encode	drop	10	96.7	93.4	98.7	0.054
codec-U	U-root-before	U-root-before	ascii	core-native	encode	retain	10	129.2	128.2	131.3	0.024
codec-U	U-root-before	U-root-before	ascii	core-native	decode	drop	10	595.1	586.7	610.7	0.040
codec-U	U-root-before	U-root-before	ascii	core-native	decode	retain	10	737.9	726.9	757.9	0.042
codec-U	U-root-before	U-root-before	ascii	core-native	decode-read	drop	10	623.5	618.1	644.4	0.042
codec-U	U-root-before	U-root-before	ascii	core-native	decode-read	retain	10	774.3	767.7	811.3	0.056
codec-U	U-root-group	U-root-group	ascii	core-native	encode	drop	10	97.3	95.8	99.8	0.041
codec-U	U-root-group	U-root-group	ascii	core-native	encode	retain	10	128.0	125.8	134.1	0.065
codec-U	U-root-group	U-root-group	ascii	core-native	decode	drop	10	571.8	547.4	622.1	0.131
codec-U	U-root-group	U-root-group	ascii	core-native	decode	retain	10	573.4	568.3	594.7	0.046
codec-U	U-root-group	U-root-group	ascii	core-native	decode-read	drop	10	595.9	576.0	1029.3	0.761
codec-U	U-root-group	U-root-group	ascii	core-native	decode-read	retain	10	598.9	590.6	610.6	0.033
codec-U	U-root-interleaved	U-root-interleaved	ascii	core-native	encode	drop	10	95.9	94.5	97.8	0.035
codec-U	U-root-interleaved	U-root-interleaved	ascii	core-native	encode	retain	10	141.4	133.5	196.5	0.446
codec-U	U-root-interleaved	U-root-interleaved	ascii	core-native	decode	drop	10	548.6	542.6	561.0	0.033
codec-U	U-root-interleaved	U-root-interleaved	ascii	core-native	decode	retain	10	717.7	704.5	738.0	0.047
codec-U	U-root-interleaved	U-root-interleaved	ascii	core-native	decode-read	drop	10	613.4	604.1	622.0	0.029
codec-U	U-root-interleaved	U-root-interleaved	ascii	core-native	decode-read	retain	10	799.5	794.1	810.4	0.020
codec-U	U-root-max-tag	U-root-max-tag	ascii	core-native	encode	drop	10	95.5	92.6	96.9	0.045
codec-U	U-root-max-tag	U-root-max-tag	ascii	core-native	encode	retain	10	128.4	126.8	129.2	0.019
codec-U	U-root-max-tag	U-root-max-tag	ascii	core-native	decode	drop	10	552.0	535.9	642.5	0.193
codec-U	U-root-max-tag	U-root-max-tag	ascii	core-native	decode	retain	10	593.3	579.0	1056.8	0.805
codec-U	U-root-max-tag	U-root-max-tag	ascii	core-native	decode-read	drop	10	594.7	578.0	626.6	0.082
codec-U	U-root-max-tag	U-root-max-tag	ascii	core-native	decode-read	retain	10	608.5	595.1	619.3	0.040
codec-U	U-root-u-fixed32	U-root-u-fixed32	ascii	core-native	encode	drop	10	96.1	94.6	98.4	0.039
codec-U	U-root-u-fixed32	U-root-u-fixed32	ascii	core-native	encode	retain	10	130.9	127.9	213.0	0.650
codec-U	U-root-u-fixed32	U-root-u-fixed32	ascii	core-native	decode	drop	10	561.0	545.2	583.4	0.068
codec-U	U-root-u-fixed32	U-root-u-fixed32	ascii	core-native	decode	retain	10	556.7	551.7	567.4	0.028
codec-U	U-root-u-fixed32	U-root-u-fixed32	ascii	core-native	decode-read	drop	10	628.0	588.1	1081.3	0.785
codec-U	U-root-u-fixed32	U-root-u-fixed32	ascii	core-native	decode-read	retain	10	602.7	589.4	957.0	0.610
codec-U	U-root-u-fixed64	U-root-u-fixed64	ascii	core-native	encode	drop	10	97.7	95.1	162.9	0.694
codec-U	U-root-u-fixed64	U-root-u-fixed64	ascii	core-native	encode	retain	10	129.4	125.3	177.6	0.404
codec-U	U-root-u-fixed64	U-root-u-fixed64	ascii	core-native	decode	drop	10	555.2	548.5	581.2	0.059
codec-U	U-root-u-fixed64	U-root-u-fixed64	ascii	core-native	decode	retain	10	561.4	544.2	572.3	0.050
codec-U	U-root-u-fixed64	U-root-u-fixed64	ascii	core-native	decode-read	drop	10	578.0	567.9	1042.1	0.820
codec-U	U-root-u-fixed64	U-root-u-fixed64	ascii	core-native	decode-read	retain	10	580.4	568.4	600.2	0.055
codec-U	U-root-u-len	U-root-u-len	ascii	core-native	encode	drop	10	98.2	94.3	99.4	0.052
codec-U	U-root-u-len	U-root-u-len	ascii	core-native	encode	retain	10	131.0	126.7	215.2	0.676
codec-U	U-root-u-len	U-root-u-len	ascii	core-native	decode	drop	10	565.5	553.2	1003.3	0.796
codec-U	U-root-u-len	U-root-u-len	ascii	core-native	decode	retain	10	443.2	432.2	555.6	0.279
codec-U	U-root-u-len	U-root-u-len	ascii	core-native	decode-read	drop	10	439.9	435.4	467.9	0.074
codec-U	U-root-u-len	U-root-u-len	ascii	core-native	decode-read	retain	10	523.1	501.4	558.6	0.109
codec-U	U-root-u-msg	U-root-u-msg	ascii	core-native	encode	drop	10	88.9	87.6	112.9	0.284
codec-U	U-root-u-msg	U-root-u-msg	ascii	core-native	encode	retain	10	123.0	119.9	130.7	0.088
codec-U	U-root-u-msg	U-root-u-msg	ascii	core-native	decode	drop	10	475.7	464.6	487.8	0.049
codec-U	U-root-u-msg	U-root-u-msg	ascii	core-native	decode	retain	10	487.8	485.3	494.4	0.019
codec-U	U-root-u-msg	U-root-u-msg	ascii	core-native	decode-read	drop	10	500.9	497.4	510.3	0.026
codec-U	U-root-u-msg	U-root-u-msg	ascii	core-native	decode-read	retain	10	494.5	485.0	516.1	0.063
codec-U	U-root-u-packed	U-root-u-packed	ascii	core-native	encode	drop	10	84.9	81.6	88.5	0.081
codec-U	U-root-u-packed	U-root-u-packed	ascii	core-native	encode	retain	10	106.4	104.7	107.0	0.021
codec-U	U-root-u-packed	U-root-u-packed	ascii	core-native	decode	drop	10	454.0	445.1	464.4	0.043
codec-U	U-root-u-packed	U-root-u-packed	ascii	core-native	decode	retain	10	567.4	560.1	595.5	0.062
codec-U	U-root-u-packed	U-root-u-packed	ascii	core-native	decode-read	drop	10	575.9	561.8	595.8	0.059
codec-U	U-root-u-packed	U-root-u-packed	ascii	core-native	decode-read	retain	10	600.9	586.0	631.4	0.076
codec-U	U-root-u-repeated	U-root-u-repeated	ascii	core-native	encode	drop	10	107.3	104.4	111.0	0.061
codec-U	U-root-u-repeated	U-root-u-repeated	ascii	core-native	encode	retain	10	129.3	125.1	132.2	0.054
codec-U	U-root-u-repeated	U-root-u-repeated	ascii	core-native	decode	drop	10	535.1	517.2	593.2	0.142
codec-U	U-root-u-repeated	U-root-u-repeated	ascii	core-native	decode	retain	10	651.2	623.5	712.0	0.136
codec-U	U-root-u-repeated	U-root-u-repeated	ascii	core-native	decode-read	drop	10	578.2	559.2	668.8	0.190
codec-U	U-root-u-repeated	U-root-u-repeated	ascii	core-native	decode-read	retain	10	687.9	681.4	703.0	0.031
codec-U	U-root-u-varint	U-root-u-varint	ascii	core-native	encode	drop	10	95.5	93.4	98.4	0.052
codec-U	U-root-u-varint	U-root-u-varint	ascii	core-native	encode	retain	10	130.4	128.3	132.0	0.029
codec-U	U-root-u-varint	U-root-u-varint	ascii	core-native	decode	drop	10	524.5	516.2	539.7	0.045
codec-U	U-root-u-varint	U-root-u-varint	ascii	core-native	decode	retain	10	552.0	544.7	560.4	0.029
codec-U	U-root-u-varint	U-root-u-varint	ascii	core-native	decode-read	drop	10	599.2	586.3	659.0	0.121
codec-U	U-root-u-varint	U-root-u-varint	ascii	core-native	decode-read	retain	10	591.6	582.3	623.3	0.069
codec-U	U-wire-DualResponse-left-as-wt0	U-wire-DualResponse-left-as-wt0	ascii	core-native	encode	drop	10	46.3	44.8	47.5	0.060
codec-U	U-wire-DualResponse-left-as-wt0	U-wire-DualResponse-left-as-wt0	ascii	core-native	encode	retain	10	56.1	54.9	57.7	0.050
codec-U	U-wire-DualResponse-left-as-wt0	U-wire-DualResponse-left-as-wt0	ascii	core-native	decode	drop	10	181.9	179.2	185.6	0.035
codec-U	U-wire-DualResponse-left-as-wt0	U-wire-DualResponse-left-as-wt0	ascii	core-native	decode	retain	10	195.3	192.2	206.5	0.073
codec-U	U-wire-DualResponse-left-as-wt0	U-wire-DualResponse-left-as-wt0	ascii	core-native	decode-read	drop	10	192.4	190.2	196.0	0.030
codec-U	U-wire-DualResponse-left-as-wt0	U-wire-DualResponse-left-as-wt0	ascii	core-native	decode-read	retain	10	206.6	204.9	214.6	0.047
codec-U	U-wire-DualResponse-left-as-wt1	U-wire-DualResponse-left-as-wt1	ascii	core-native	encode	drop	10	45.6	44.9	47.3	0.053
codec-U	U-wire-DualResponse-left-as-wt1	U-wire-DualResponse-left-as-wt1	ascii	core-native	encode	retain	10	56.4	55.2	57.8	0.046
codec-U	U-wire-DualResponse-left-as-wt1	U-wire-DualResponse-left-as-wt1	ascii	core-native	decode	drop	10	180.4	176.3	183.7	0.041
codec-U	U-wire-DualResponse-left-as-wt1	U-wire-DualResponse-left-as-wt1	ascii	core-native	decode	retain	10	194.8	192.6	205.1	0.064
codec-U	U-wire-DualResponse-left-as-wt1	U-wire-DualResponse-left-as-wt1	ascii	core-native	decode-read	drop	10	193.1	191.3	197.3	0.031
codec-U	U-wire-DualResponse-left-as-wt1	U-wire-DualResponse-left-as-wt1	ascii	core-native	decode-read	retain	10	207.1	202.1	212.6	0.051
codec-U	U-wire-DualResponse-left-as-wt5	U-wire-DualResponse-left-as-wt5	ascii	core-native	encode	drop	10	46.2	45.3	47.8	0.054
codec-U	U-wire-DualResponse-left-as-wt5	U-wire-DualResponse-left-as-wt5	ascii	core-native	encode	retain	10	56.9	55.4	57.3	0.034
codec-U	U-wire-DualResponse-left-as-wt5	U-wire-DualResponse-left-as-wt5	ascii	core-native	decode	drop	10	180.4	178.2	186.4	0.045
codec-U	U-wire-DualResponse-left-as-wt5	U-wire-DualResponse-left-as-wt5	ascii	core-native	decode	retain	10	193.9	189.2	198.4	0.047
codec-U	U-wire-DualResponse-left-as-wt5	U-wire-DualResponse-left-as-wt5	ascii	core-native	decode-read	drop	10	192.8	189.8	199.9	0.052
codec-U	U-wire-DualResponse-left-as-wt5	U-wire-DualResponse-left-as-wt5	ascii	core-native	decode-read	retain	10	206.3	203.2	214.7	0.056
codec-U	U-wire-ListMetricsResponse-batches-as-wt0	U-wire-ListMetricsResponse-batches-as-wt0	ascii	core-native	encode	drop	10	635.0	627.5	660.9	0.053
codec-U	U-wire-ListMetricsResponse-batches-as-wt0	U-wire-ListMetricsResponse-batches-as-wt0	ascii	core-native	encode	retain	10	591.2	582.1	600.4	0.031
codec-U	U-wire-ListMetricsResponse-batches-as-wt0	U-wire-ListMetricsResponse-batches-as-wt0	ascii	core-native	decode	drop	10	1415.7	1390.2	1443.6	0.038
codec-U	U-wire-ListMetricsResponse-batches-as-wt0	U-wire-ListMetricsResponse-batches-as-wt0	ascii	core-native	decode	retain	10	1573.6	1487.5	1629.9	0.090
codec-U	U-wire-ListMetricsResponse-batches-as-wt0	U-wire-ListMetricsResponse-batches-as-wt0	ascii	core-native	decode-read	drop	10	1688.3	1630.8	1769.0	0.082
codec-U	U-wire-ListMetricsResponse-batches-as-wt0	U-wire-ListMetricsResponse-batches-as-wt0	ascii	core-native	decode-read	retain	10	1821.0	1707.1	1890.3	0.101
codec-U	U-wire-ListMetricsResponse-batches-as-wt1	U-wire-ListMetricsResponse-batches-as-wt1	ascii	core-native	encode	drop	10	634.6	628.5	659.2	0.048
codec-U	U-wire-ListMetricsResponse-batches-as-wt1	U-wire-ListMetricsResponse-batches-as-wt1	ascii	core-native	encode	retain	10	599.5	585.7	624.5	0.065
codec-U	U-wire-ListMetricsResponse-batches-as-wt1	U-wire-ListMetricsResponse-batches-as-wt1	ascii	core-native	decode	drop	10	1472.0	1427.3	1546.6	0.081
codec-U	U-wire-ListMetricsResponse-batches-as-wt1	U-wire-ListMetricsResponse-batches-as-wt1	ascii	core-native	decode	retain	10	1656.3	1558.9	1999.9	0.266
codec-U	U-wire-ListMetricsResponse-batches-as-wt1	U-wire-ListMetricsResponse-batches-as-wt1	ascii	core-native	decode-read	drop	10	1708.9	1655.2	1815.8	0.094
codec-U	U-wire-ListMetricsResponse-batches-as-wt1	U-wire-ListMetricsResponse-batches-as-wt1	ascii	core-native	decode-read	retain	10	1847.0	1734.8	1893.1	0.086
codec-U	U-wire-ListMetricsResponse-batches-as-wt5	U-wire-ListMetricsResponse-batches-as-wt5	ascii	core-native	encode	drop	10	729.0	635.1	1113.8	0.657
codec-U	U-wire-ListMetricsResponse-batches-as-wt5	U-wire-ListMetricsResponse-batches-as-wt5	ascii	core-native	encode	retain	10	604.8	595.1	611.5	0.027
codec-U	U-wire-ListMetricsResponse-batches-as-wt5	U-wire-ListMetricsResponse-batches-as-wt5	ascii	core-native	decode	drop	10	1482.3	1458.3	1676.3	0.147
codec-U	U-wire-ListMetricsResponse-batches-as-wt5	U-wire-ListMetricsResponse-batches-as-wt5	ascii	core-native	decode	retain	10	1560.0	1478.8	1708.2	0.147
codec-U	U-wire-ListMetricsResponse-batches-as-wt5	U-wire-ListMetricsResponse-batches-as-wt5	ascii	core-native	decode-read	drop	10	1812.2	1734.4	2187.6	0.250
codec-U	U-wire-ListMetricsResponse-batches-as-wt5	U-wire-ListMetricsResponse-batches-as-wt5	ascii	core-native	decode-read	retain	10	1823.5	1687.1	2040.5	0.194
codec-U	U-wire-ListProbeResponse-probes-as-wt0	U-wire-ListProbeResponse-probes-as-wt0	ascii	core-native	encode	drop	10	46.7	45.4	54.8	0.201
codec-U	U-wire-ListProbeResponse-probes-as-wt0	U-wire-ListProbeResponse-probes-as-wt0	ascii	core-native	encode	retain	10	53.6	47.0	54.9	0.147
codec-U	U-wire-ListProbeResponse-probes-as-wt0	U-wire-ListProbeResponse-probes-as-wt0	ascii	core-native	decode	drop	10	197.1	193.4	205.2	0.060
codec-U	U-wire-ListProbeResponse-probes-as-wt0	U-wire-ListProbeResponse-probes-as-wt0	ascii	core-native	decode	retain	10	220.8	217.4	230.2	0.058
codec-U	U-wire-ListProbeResponse-probes-as-wt0	U-wire-ListProbeResponse-probes-as-wt0	ascii	core-native	decode-read	drop	10	207.6	202.4	212.4	0.048
codec-U	U-wire-ListProbeResponse-probes-as-wt0	U-wire-ListProbeResponse-probes-as-wt0	ascii	core-native	decode-read	retain	10	237.3	229.9	247.7	0.075
codec-U	U-wire-ListProbeResponse-probes-as-wt1	U-wire-ListProbeResponse-probes-as-wt1	ascii	core-native	encode	drop	10	45.0	43.3	50.9	0.168
codec-U	U-wire-ListProbeResponse-probes-as-wt1	U-wire-ListProbeResponse-probes-as-wt1	ascii	core-native	encode	retain	10	45.8	43.5	48.8	0.115
codec-U	U-wire-ListProbeResponse-probes-as-wt1	U-wire-ListProbeResponse-probes-as-wt1	ascii	core-native	decode	drop	10	195.1	192.5	198.4	0.030
codec-U	U-wire-ListProbeResponse-probes-as-wt1	U-wire-ListProbeResponse-probes-as-wt1	ascii	core-native	decode	retain	10	221.5	216.4	223.3	0.031
codec-U	U-wire-ListProbeResponse-probes-as-wt1	U-wire-ListProbeResponse-probes-as-wt1	ascii	core-native	decode-read	drop	10	207.6	206.1	209.7	0.017
codec-U	U-wire-ListProbeResponse-probes-as-wt1	U-wire-ListProbeResponse-probes-as-wt1	ascii	core-native	decode-read	retain	10	230.0	228.0	256.6	0.124
codec-U	U-wire-ListProbeResponse-probes-as-wt5	U-wire-ListProbeResponse-probes-as-wt5	ascii	core-native	encode	drop	10	44.8	43.4	45.5	0.047
codec-U	U-wire-ListProbeResponse-probes-as-wt5	U-wire-ListProbeResponse-probes-as-wt5	ascii	core-native	encode	retain	10	46.6	45.7	48.0	0.049
codec-U	U-wire-ListProbeResponse-probes-as-wt5	U-wire-ListProbeResponse-probes-as-wt5	ascii	core-native	decode	drop	10	197.7	193.9	202.4	0.043
codec-U	U-wire-ListProbeResponse-probes-as-wt5	U-wire-ListProbeResponse-probes-as-wt5	ascii	core-native	decode	retain	10	218.1	216.2	219.9	0.017
codec-U	U-wire-ListProbeResponse-probes-as-wt5	U-wire-ListProbeResponse-probes-as-wt5	ascii	core-native	decode-read	drop	10	206.6	204.6	208.6	0.019
codec-U	U-wire-ListProbeResponse-probes-as-wt5	U-wire-ListProbeResponse-probes-as-wt5	ascii	core-native	decode-read	retain	10	231.7	227.7	236.5	0.038
codec-U	U-wire-ListResultsResponse-page-as-wt1	U-wire-ListResultsResponse-page-as-wt1	ascii	core-native	encode	drop	10	96.5	93.1	97.4	0.045
codec-U	U-wire-ListResultsResponse-page-as-wt1	U-wire-ListResultsResponse-page-as-wt1	ascii	core-native	encode	retain	10	129.8	126.5	134.2	0.059
codec-U	U-wire-ListResultsResponse-page-as-wt1	U-wire-ListResultsResponse-page-as-wt1	ascii	core-native	decode	drop	10	518.3	512.3	528.0	0.030
codec-U	U-wire-ListResultsResponse-page-as-wt1	U-wire-ListResultsResponse-page-as-wt1	ascii	core-native	decode	retain	10	558.7	552.6	566.4	0.025
codec-U	U-wire-ListResultsResponse-page-as-wt1	U-wire-ListResultsResponse-page-as-wt1	ascii	core-native	decode-read	drop	10	592.3	581.9	597.0	0.026
codec-U	U-wire-ListResultsResponse-page-as-wt1	U-wire-ListResultsResponse-page-as-wt1	ascii	core-native	decode-read	retain	10	573.0	562.2	579.7	0.031
codec-U	U-wire-ListResultsResponse-page-as-wt2	U-wire-ListResultsResponse-page-as-wt2	ascii	core-native	encode	drop	10	97.0	94.9	99.5	0.048
codec-U	U-wire-ListResultsResponse-page-as-wt2	U-wire-ListResultsResponse-page-as-wt2	ascii	core-native	encode	retain	10	125.2	122.8	142.2	0.155
codec-U	U-wire-ListResultsResponse-page-as-wt2	U-wire-ListResultsResponse-page-as-wt2	ascii	core-native	decode	drop	10	519.8	511.9	526.2	0.028
codec-U	U-wire-ListResultsResponse-page-as-wt2	U-wire-ListResultsResponse-page-as-wt2	ascii	core-native	decode	retain	10	551.3	545.4	564.3	0.034
codec-U	U-wire-ListResultsResponse-page-as-wt2	U-wire-ListResultsResponse-page-as-wt2	ascii	core-native	decode-read	drop	10	539.0	528.7	553.1	0.045
codec-U	U-wire-ListResultsResponse-page-as-wt2	U-wire-ListResultsResponse-page-as-wt2	ascii	core-native	decode-read	retain	10	575.8	570.2	604.4	0.059
codec-U	U-wire-ListResultsResponse-page-as-wt5	U-wire-ListResultsResponse-page-as-wt5	ascii	core-native	encode	drop	10	96.1	94.3	101.7	0.077
codec-U	U-wire-ListResultsResponse-page-as-wt5	U-wire-ListResultsResponse-page-as-wt5	ascii	core-native	encode	retain	10	129.8	126.7	131.2	0.034
codec-U	U-wire-ListResultsResponse-page-as-wt5	U-wire-ListResultsResponse-page-as-wt5	ascii	core-native	decode	drop	10	408.9	396.9	516.6	0.293
codec-U	U-wire-ListResultsResponse-page-as-wt5	U-wire-ListResultsResponse-page-as-wt5	ascii	core-native	decode	retain	10	437.1	432.0	440.2	0.019
codec-U	U-wire-ListResultsResponse-page-as-wt5	U-wire-ListResultsResponse-page-as-wt5	ascii	core-native	decode-read	drop	10	441.1	429.6	479.6	0.113
codec-U	U-wire-ListResultsResponse-page-as-wt5	U-wire-ListResultsResponse-page-as-wt5	ascii	core-native	decode-read	retain	10	471.6	465.8	481.2	0.033
codec-U	U-wire-ListResultsResponse-results-as-wt0	U-wire-ListResultsResponse-results-as-wt0	ascii	core-native	encode	drop	10	86.1	84.3	105.4	0.245
codec-U	U-wire-ListResultsResponse-results-as-wt0	U-wire-ListResultsResponse-results-as-wt0	ascii	core-native	encode	retain	10	113.7	110.3	116.9	0.058
codec-U	U-wire-ListResultsResponse-results-as-wt0	U-wire-ListResultsResponse-results-as-wt0	ascii	core-native	decode	drop	10	463.2	451.3	482.7	0.068
codec-U	U-wire-ListResultsResponse-results-as-wt0	U-wire-ListResultsResponse-results-as-wt0	ascii	core-native	decode	retain	10	460.4	455.1	500.5	0.099
codec-U	U-wire-ListResultsResponse-results-as-wt0	U-wire-ListResultsResponse-results-as-wt0	ascii	core-native	decode-read	drop	10	452.9	449.0	501.3	0.116
codec-U	U-wire-ListResultsResponse-results-as-wt0	U-wire-ListResultsResponse-results-as-wt0	ascii	core-native	decode-read	retain	10	467.0	451.8	483.5	0.068
codec-U	U-wire-ListResultsResponse-results-as-wt1	U-wire-ListResultsResponse-results-as-wt1	ascii	core-native	encode	drop	10	78.4	77.1	79.5	0.031
codec-U	U-wire-ListResultsResponse-results-as-wt1	U-wire-ListResultsResponse-results-as-wt1	ascii	core-native	encode	retain	10	100.8	99.4	106.3	0.069
codec-U	U-wire-ListResultsResponse-results-as-wt1	U-wire-ListResultsResponse-results-as-wt1	ascii	core-native	decode	drop	10	409.1	405.1	414.9	0.024
codec-U	U-wire-ListResultsResponse-results-as-wt1	U-wire-ListResultsResponse-results-as-wt1	ascii	core-native	decode	retain	10	435.9	431.1	450.4	0.044
codec-U	U-wire-ListResultsResponse-results-as-wt1	U-wire-ListResultsResponse-results-as-wt1	ascii	core-native	decode-read	drop	10	427.1	422.2	457.4	0.083
codec-U	U-wire-ListResultsResponse-results-as-wt1	U-wire-ListResultsResponse-results-as-wt1	ascii	core-native	decode-read	retain	10	454.2	445.8	473.2	0.060
codec-U	U-wire-ListResultsResponse-results-as-wt5	U-wire-ListResultsResponse-results-as-wt5	ascii	core-native	encode	drop	10	78.2	74.0	81.8	0.100
codec-U	U-wire-ListResultsResponse-results-as-wt5	U-wire-ListResultsResponse-results-as-wt5	ascii	core-native	encode	retain	10	105.2	104.1	108.3	0.040
codec-U	U-wire-ListResultsResponse-results-as-wt5	U-wire-ListResultsResponse-results-as-wt5	ascii	core-native	decode	drop	10	421.0	417.4	425.3	0.019
codec-U	U-wire-ListResultsResponse-results-as-wt5	U-wire-ListResultsResponse-results-as-wt5	ascii	core-native	decode	retain	10	499.4	476.6	504.0	0.055
codec-U	U-wire-ListResultsResponse-results-as-wt5	U-wire-ListResultsResponse-results-as-wt5	ascii	core-native	decode-read	drop	10	505.1	479.8	519.6	0.079
codec-U	U-wire-ListResultsResponse-results-as-wt5	U-wire-ListResultsResponse-results-as-wt5	ascii	core-native	decode-read	retain	10	510.3	500.3	518.5	0.036
codec-U	U-wire-ListTaskSummaryResponse-tasks-as-wt0	U-wire-ListTaskSummaryResponse-tasks-as-wt0	ascii	core-native	encode	drop	10	221.1	210.7	227.9	0.078
codec-U	U-wire-ListTaskSummaryResponse-tasks-as-wt0	U-wire-ListTaskSummaryResponse-tasks-as-wt0	ascii	core-native	encode	retain	10	238.0	232.5	246.3	0.058
codec-U	U-wire-ListTaskSummaryResponse-tasks-as-wt0	U-wire-ListTaskSummaryResponse-tasks-as-wt0	ascii	core-native	decode	drop	10	1550.5	1529.4	1588.1	0.038
codec-U	U-wire-ListTaskSummaryResponse-tasks-as-wt0	U-wire-ListTaskSummaryResponse-tasks-as-wt0	ascii	core-native	decode	retain	10	1590.4	1559.7	1653.6	0.059
codec-U	U-wire-ListTaskSummaryResponse-tasks-as-wt0	U-wire-ListTaskSummaryResponse-tasks-as-wt0	ascii	core-native	decode-read	drop	10	1627.7	1611.2	1673.1	0.038
codec-U	U-wire-ListTaskSummaryResponse-tasks-as-wt0	U-wire-ListTaskSummaryResponse-tasks-as-wt0	ascii	core-native	decode-read	retain	10	1526.8	1493.9	1658.8	0.108
codec-U	U-wire-ListTaskSummaryResponse-tasks-as-wt1	U-wire-ListTaskSummaryResponse-tasks-as-wt1	ascii	core-native	encode	drop	10	186.9	183.5	195.0	0.061
codec-U	U-wire-ListTaskSummaryResponse-tasks-as-wt1	U-wire-ListTaskSummaryResponse-tasks-as-wt1	ascii	core-native	encode	retain	10	212.0	205.8	215.9	0.048
codec-U	U-wire-ListTaskSummaryResponse-tasks-as-wt1	U-wire-ListTaskSummaryResponse-tasks-as-wt1	ascii	core-native	decode	drop	10	1409.0	1387.7	1447.3	0.042
codec-U	U-wire-ListTaskSummaryResponse-tasks-as-wt1	U-wire-ListTaskSummaryResponse-tasks-as-wt1	ascii	core-native	decode	retain	10	1757.8	1733.5	1828.5	0.054
codec-U	U-wire-ListTaskSummaryResponse-tasks-as-wt1	U-wire-ListTaskSummaryResponse-tasks-as-wt1	ascii	core-native	decode-read	drop	10	1693.4	1662.9	1752.6	0.053
codec-U	U-wire-ListTaskSummaryResponse-tasks-as-wt1	U-wire-ListTaskSummaryResponse-tasks-as-wt1	ascii	core-native	decode-read	retain	10	1851.0	1771.9	2148.1	0.203
codec-U	U-wire-ListTaskSummaryResponse-tasks-as-wt5	U-wire-ListTaskSummaryResponse-tasks-as-wt5	ascii	core-native	encode	drop	10	233.5	228.3	244.0	0.067
codec-U	U-wire-ListTaskSummaryResponse-tasks-as-wt5	U-wire-ListTaskSummaryResponse-tasks-as-wt5	ascii	core-native	encode	retain	10	259.4	257.0	271.2	0.055
codec-U	U-wire-ListTaskSummaryResponse-tasks-as-wt5	U-wire-ListTaskSummaryResponse-tasks-as-wt5	ascii	core-native	decode	drop	10	1686.4	1661.8	1759.9	0.058
codec-U	U-wire-ListTaskSummaryResponse-tasks-as-wt5	U-wire-ListTaskSummaryResponse-tasks-as-wt5	ascii	core-native	decode	retain	10	1954.5	1902.7	2010.5	0.055
codec-U	U-wire-ListTaskSummaryResponse-tasks-as-wt5	U-wire-ListTaskSummaryResponse-tasks-as-wt5	ascii	core-native	decode-read	drop	10	2091.0	1943.3	2648.1	0.337
codec-U	U-wire-ListTaskSummaryResponse-tasks-as-wt5	U-wire-ListTaskSummaryResponse-tasks-as-wt5	ascii	core-native	decode-read	retain	10	1884.9	1859.5	1963.7	0.055
codec-U	U-wire-ListTasksDetailedResponse-page-as-wt1	U-wire-ListTasksDetailedResponse-page-as-wt1	ascii	core-native	encode	drop	10	567.7	557.2	596.4	0.069
codec-U	U-wire-ListTasksDetailedResponse-page-as-wt1	U-wire-ListTasksDetailedResponse-page-as-wt1	ascii	core-native	encode	retain	10	661.3	638.1	684.0	0.069
codec-U	U-wire-ListTasksDetailedResponse-page-as-wt1	U-wire-ListTasksDetailedResponse-page-as-wt1	ascii	core-native	decode	drop	10	3556.1	3503.9	3691.9	0.053
codec-U	U-wire-ListTasksDetailedResponse-page-as-wt1	U-wire-ListTasksDetailedResponse-page-as-wt1	ascii	core-native	decode	retain	10	3780.5	3732.1	3812.3	0.021
codec-U	U-wire-ListTasksDetailedResponse-page-as-wt1	U-wire-ListTasksDetailedResponse-page-as-wt1	ascii	core-native	decode-read	drop	10	3970.7	3799.5	4109.5	0.078
codec-U	U-wire-ListTasksDetailedResponse-page-as-wt1	U-wire-ListTasksDetailedResponse-page-as-wt1	ascii	core-native	decode-read	retain	10	4016.8	3853.9	4119.3	0.066
codec-U	U-wire-ListTasksDetailedResponse-page-as-wt2	U-wire-ListTasksDetailedResponse-page-as-wt2	ascii	core-native	encode	drop	10	556.4	537.0	589.2	0.094
codec-U	U-wire-ListTasksDetailedResponse-page-as-wt2	U-wire-ListTasksDetailedResponse-page-as-wt2	ascii	core-native	encode	retain	10	658.8	633.9	666.6	0.050
codec-U	U-wire-ListTasksDetailedResponse-page-as-wt2	U-wire-ListTasksDetailedResponse-page-as-wt2	ascii	core-native	decode	drop	10	3357.3	3271.9	3469.2	0.059
codec-U	U-wire-ListTasksDetailedResponse-page-as-wt2	U-wire-ListTasksDetailedResponse-page-as-wt2	ascii	core-native	decode	retain	10	3300.9	3248.3	3701.5	0.137
codec-U	U-wire-ListTasksDetailedResponse-page-as-wt2	U-wire-ListTasksDetailedResponse-page-as-wt2	ascii	core-native	decode-read	drop	10	3445.7	3369.6	3546.3	0.051
codec-U	U-wire-ListTasksDetailedResponse-page-as-wt2	U-wire-ListTasksDetailedResponse-page-as-wt2	ascii	core-native	decode-read	retain	10	3498.2	3392.2	3795.4	0.115
codec-U	U-wire-ListTasksDetailedResponse-page-as-wt5	U-wire-ListTasksDetailedResponse-page-as-wt5	ascii	core-native	encode	drop	10	562.5	554.4	585.7	0.056
codec-U	U-wire-ListTasksDetailedResponse-page-as-wt5	U-wire-ListTasksDetailedResponse-page-as-wt5	ascii	core-native	encode	retain	10	643.9	628.0	684.6	0.088
codec-U	U-wire-ListTasksDetailedResponse-page-as-wt5	U-wire-ListTasksDetailedResponse-page-as-wt5	ascii	core-native	decode	drop	10	3323.2	3272.0	3373.6	0.031
codec-U	U-wire-ListTasksDetailedResponse-page-as-wt5	U-wire-ListTasksDetailedResponse-page-as-wt5	ascii	core-native	decode	retain	10	3364.9	3267.3	3561.3	0.087
codec-U	U-wire-ListTasksDetailedResponse-page-as-wt5	U-wire-ListTasksDetailedResponse-page-as-wt5	ascii	core-native	decode-read	drop	10	3541.1	3506.2	3733.4	0.064
codec-U	U-wire-ListTasksDetailedResponse-page-as-wt5	U-wire-ListTasksDetailedResponse-page-as-wt5	ascii	core-native	decode-read	retain	10	3479.7	3412.1	3570.7	0.046
codec-U	U-wire-ListTasksDetailedResponse-tasks-as-wt0	U-wire-ListTasksDetailedResponse-tasks-as-wt0	ascii	core-native	encode	drop	10	560.5	551.7	567.0	0.027
codec-U	U-wire-ListTasksDetailedResponse-tasks-as-wt0	U-wire-ListTasksDetailedResponse-tasks-as-wt0	ascii	core-native	encode	retain	10	651.7	626.0	734.8	0.167
codec-U	U-wire-ListTasksDetailedResponse-tasks-as-wt0	U-wire-ListTasksDetailedResponse-tasks-as-wt0	ascii	core-native	decode	drop	10	3400.9	3282.1	5169.8	0.555
codec-U	U-wire-ListTasksDetailedResponse-tasks-as-wt0	U-wire-ListTasksDetailedResponse-tasks-as-wt0	ascii	core-native	decode	retain	10	3380.9	3342.5	4725.3	0.409
codec-U	U-wire-ListTasksDetailedResponse-tasks-as-wt0	U-wire-ListTasksDetailedResponse-tasks-as-wt0	ascii	core-native	decode-read	drop	10	3407.4	3336.5	3539.5	0.060
codec-U	U-wire-ListTasksDetailedResponse-tasks-as-wt0	U-wire-ListTasksDetailedResponse-tasks-as-wt0	ascii	core-native	decode-read	retain	10	3318.2	3262.1	3503.7	0.073
codec-U	U-wire-ListTasksDetailedResponse-tasks-as-wt1	U-wire-ListTasksDetailedResponse-tasks-as-wt1	ascii	core-native	encode	drop	10	550.3	536.2	573.0	0.067
codec-U	U-wire-ListTasksDetailedResponse-tasks-as-wt1	U-wire-ListTasksDetailedResponse-tasks-as-wt1	ascii	core-native	encode	retain	10	626.2	609.3	637.6	0.045
codec-U	U-wire-ListTasksDetailedResponse-tasks-as-wt1	U-wire-ListTasksDetailedResponse-tasks-as-wt1	ascii	core-native	decode	drop	10	2635.6	2572.8	3053.4	0.182
codec-U	U-wire-ListTasksDetailedResponse-tasks-as-wt1	U-wire-ListTasksDetailedResponse-tasks-as-wt1	ascii	core-native	decode	retain	10	2652.6	2600.7	2743.6	0.054
codec-U	U-wire-ListTasksDetailedResponse-tasks-as-wt1	U-wire-ListTasksDetailedResponse-tasks-as-wt1	ascii	core-native	decode-read	drop	10	2925.8	2857.0	3254.5	0.136
codec-U	U-wire-ListTasksDetailedResponse-tasks-as-wt1	U-wire-ListTasksDetailedResponse-tasks-as-wt1	ascii	core-native	decode-read	retain	10	3102.5	2971.8	3399.7	0.138
codec-U	U-wire-ListTasksDetailedResponse-tasks-as-wt5	U-wire-ListTasksDetailedResponse-tasks-as-wt5	ascii	core-native	encode	drop	10	498.2	491.5	512.8	0.043
codec-U	U-wire-ListTasksDetailedResponse-tasks-as-wt5	U-wire-ListTasksDetailedResponse-tasks-as-wt5	ascii	core-native	encode	retain	10	659.5	646.0	708.3	0.095
codec-U	U-wire-ListTasksDetailedResponse-tasks-as-wt5	U-wire-ListTasksDetailedResponse-tasks-as-wt5	ascii	core-native	decode	drop	10	3348.7	3266.9	3464.8	0.059
codec-U	U-wire-ListTasksDetailedResponse-tasks-as-wt5	U-wire-ListTasksDetailedResponse-tasks-as-wt5	ascii	core-native	decode	retain	10	3381.8	3317.5	3441.7	0.037
codec-U	U-wire-ListTasksDetailedResponse-tasks-as-wt5	U-wire-ListTasksDetailedResponse-tasks-as-wt5	ascii	core-native	decode-read	drop	10	3560.1	3467.8	3626.6	0.045
codec-U	U-wire-ListTasksDetailedResponse-tasks-as-wt5	U-wire-ListTasksDetailedResponse-tasks-as-wt5	ascii	core-native	decode-read	retain	10	3511.2	3414.3	3595.8	0.052
codec-U	U-wire-UploadResultDataMessage-upload-as-wt0	U-wire-UploadResultDataMessage-upload-as-wt0	ascii	core-native	encode	drop	10	15.9	15.7	16.4	0.046
codec-U	U-wire-UploadResultDataMessage-upload-as-wt0	U-wire-UploadResultDataMessage-upload-as-wt0	ascii	core-native	encode	retain	10	20.2	19.5	20.5	0.053
codec-U	U-wire-UploadResultDataMessage-upload-as-wt0	U-wire-UploadResultDataMessage-upload-as-wt0	ascii	core-native	decode	drop	10	93.9	92.6	95.2	0.028
codec-U	U-wire-UploadResultDataMessage-upload-as-wt0	U-wire-UploadResultDataMessage-upload-as-wt0	ascii	core-native	decode	retain	10	111.2	109.2	113.2	0.036
codec-U	U-wire-UploadResultDataMessage-upload-as-wt0	U-wire-UploadResultDataMessage-upload-as-wt0	ascii	core-native	decode-read	drop	10	97.1	96.4	98.0	0.017
codec-U	U-wire-UploadResultDataMessage-upload-as-wt0	U-wire-UploadResultDataMessage-upload-as-wt0	ascii	core-native	decode-read	retain	10	116.6	114.5	120.1	0.048
codec-U	U-wire-UploadResultDataMessage-upload-as-wt1	U-wire-UploadResultDataMessage-upload-as-wt1	ascii	core-native	encode	drop	10	16.3	16.0	17.2	0.073
codec-U	U-wire-UploadResultDataMessage-upload-as-wt1	U-wire-UploadResultDataMessage-upload-as-wt1	ascii	core-native	encode	retain	10	20.2	19.9	20.7	0.040
codec-U	U-wire-UploadResultDataMessage-upload-as-wt1	U-wire-UploadResultDataMessage-upload-as-wt1	ascii	core-native	decode	drop	10	94.1	90.7	99.6	0.094
codec-U	U-wire-UploadResultDataMessage-upload-as-wt1	U-wire-UploadResultDataMessage-upload-as-wt1	ascii	core-native	decode	retain	10	103.6	102.0	107.5	0.053
codec-U	U-wire-UploadResultDataMessage-upload-as-wt1	U-wire-UploadResultDataMessage-upload-as-wt1	ascii	core-native	decode-read	drop	10	88.2	86.0	91.0	0.057
codec-U	U-wire-UploadResultDataMessage-upload-as-wt1	U-wire-UploadResultDataMessage-upload-as-wt1	ascii	core-native	decode-read	retain	10	101.7	100.0	107.2	0.071
codec-U	U-wire-UploadResultDataMessage-upload-as-wt5	U-wire-UploadResultDataMessage-upload-as-wt5	ascii	core-native	encode	drop	10	19.2	16.9	22.6	0.300
codec-U	U-wire-UploadResultDataMessage-upload-as-wt5	U-wire-UploadResultDataMessage-upload-as-wt5	ascii	core-native	encode	retain	10	23.5	22.7	24.6	0.082
codec-U	U-wire-UploadResultDataMessage-upload-as-wt5	U-wire-UploadResultDataMessage-upload-as-wt5	ascii	core-native	decode	drop	10	101.6	98.1	104.5	0.063
codec-U	U-wire-UploadResultDataMessage-upload-as-wt5	U-wire-UploadResultDataMessage-upload-as-wt5	ascii	core-native	decode	retain	10	118.7	110.1	123.7	0.115
codec-U	U-wire-UploadResultDataMessage-upload-as-wt5	U-wire-UploadResultDataMessage-upload-as-wt5	ascii	core-native	decode-read	drop	10	101.1	93.8	102.5	0.086
codec-U	U-wire-UploadResultDataMessage-upload-as-wt5	U-wire-UploadResultDataMessage-upload-as-wt5	ascii	core-native	decode-read	retain	10	117.8	114.2	119.4	0.044
codec-U	U-deep-all	U-deep-all	ascii	core-ffi	encode	drop	10	716.6	583.9	1138.7	0.774
codec-U	U-deep-all	U-deep-all	ascii	core-ffi	encode	retain	10	1358.4	1169.8	1834.1	0.489
codec-U	U-deep-all	U-deep-all	ascii	core-ffi	decode	drop	10	9090.7	6338.6	15929.8	1.055
codec-U	U-deep-all	U-deep-all	ascii	core-ffi	decode	retain	10	8039.5	5781.3	18891.7	1.631
codec-U	U-deep-all	U-deep-all	ascii	core-ffi	decode-read	drop	10	3546.8	3482.4	3629.5	0.041
codec-U	U-deep-all	U-deep-all	ascii	core-ffi	decode-read	retain	10	3904.9	3635.8	4535.7	0.230
codec-U	U-deep-u-fixed32	U-deep-u-fixed32	ascii	core-ffi	encode	drop	10	674.3	660.2	690.4	0.045
codec-U	U-deep-u-fixed32	U-deep-u-fixed32	ascii	core-ffi	encode	retain	10	709.7	685.3	737.4	0.073
codec-U	U-deep-u-fixed32	U-deep-u-fixed32	ascii	core-ffi	decode	drop	10	3144.0	3095.8	3341.5	0.078
codec-U	U-deep-u-fixed32	U-deep-u-fixed32	ascii	core-ffi	decode	retain	10	13373.5	3623.3	20867.6	1.289
codec-U	U-deep-u-fixed32	U-deep-u-fixed32	ascii	core-ffi	decode-read	drop	10	15027.9	10446.6	20163.2	0.647
codec-U	U-deep-u-fixed32	U-deep-u-fixed32	ascii	core-ffi	decode-read	retain	10	4340.9	3059.0	4811.9	0.404
codec-U	U-deep-u-fixed64	U-deep-u-fixed64	ascii	core-ffi	encode	drop	10	536.6	528.2	568.5	0.075
codec-U	U-deep-u-fixed64	U-deep-u-fixed64	ascii	core-ffi	encode	retain	10	572.5	555.4	607.1	0.090
codec-U	U-deep-u-fixed64	U-deep-u-fixed64	ascii	core-ffi	decode	drop	10	2608.5	2546.5	2689.1	0.055
codec-U	U-deep-u-fixed64	U-deep-u-fixed64	ascii	core-ffi	decode	retain	10	2834.8	2780.9	3105.8	0.115
codec-U	U-deep-u-fixed64	U-deep-u-fixed64	ascii	core-ffi	decode-read	drop	10	2463.4	2387.0	2986.9	0.244
codec-U	U-deep-u-fixed64	U-deep-u-fixed64	ascii	core-ffi	decode-read	retain	10	2456.7	2390.8	2752.1	0.147
codec-U	U-deep-u-len	U-deep-u-len	ascii	core-ffi	encode	drop	10	431.9	425.9	441.6	0.036
codec-U	U-deep-u-len	U-deep-u-len	ascii	core-ffi	encode	retain	10	461.6	442.0	632.1	0.412
codec-U	U-deep-u-len	U-deep-u-len	ascii	core-ffi	decode	drop	10	2221.8	2116.2	2508.6	0.177
codec-U	U-deep-u-len	U-deep-u-len	ascii	core-ffi	decode	retain	10	2329.9	2267.5	2418.2	0.065
codec-U	U-deep-u-len	U-deep-u-len	ascii	core-ffi	decode-read	drop	10	2279.4	2224.9	2478.2	0.111
codec-U	U-deep-u-len	U-deep-u-len	ascii	core-ffi	decode-read	retain	10	2364.4	2300.8	2622.7	0.136
codec-U	U-deep-u-msg	U-deep-u-msg	ascii	core-ffi	encode	drop	10	438.4	431.0	463.4	0.074
codec-U	U-deep-u-msg	U-deep-u-msg	ascii	core-ffi	encode	retain	10	479.1	457.6	584.1	0.264
codec-U	U-deep-u-msg	U-deep-u-msg	ascii	core-ffi	decode	drop	10	2791.9	2709.6	2923.6	0.077
codec-U	U-deep-u-msg	U-deep-u-msg	ascii	core-ffi	decode	retain	10	2779.0	2710.1	2834.3	0.045
codec-U	U-deep-u-msg	U-deep-u-msg	ascii	core-ffi	decode-read	drop	10	2784.1	2693.3	2834.6	0.051
codec-U	U-deep-u-msg	U-deep-u-msg	ascii	core-ffi	decode-read	retain	10	2927.4	2836.8	3076.7	0.082
codec-U	U-deep-u-packed	U-deep-u-packed	ascii	core-ffi	encode	drop	10	526.6	519.5	559.4	0.076
codec-U	U-deep-u-packed	U-deep-u-packed	ascii	core-ffi	encode	retain	10	571.6	562.2	598.3	0.063
codec-U	U-deep-u-packed	U-deep-u-packed	ascii	core-ffi	decode	drop	10	2664.3	2626.2	2846.0	0.082
codec-U	U-deep-u-packed	U-deep-u-packed	ascii	core-ffi	decode	retain	10	2949.5	2844.0	3028.8	0.063
codec-U	U-deep-u-packed	U-deep-u-packed	ascii	core-ffi	decode-read	drop	10	2745.9	2713.6	2912.9	0.073
codec-U	U-deep-u-packed	U-deep-u-packed	ascii	core-ffi	decode-read	retain	10	2998.1	2936.8	3272.4	0.112
codec-U	U-deep-u-repeated	U-deep-u-repeated	ascii	core-ffi	encode	drop	10	530.8	519.4	570.3	0.096
codec-U	U-deep-u-repeated	U-deep-u-repeated	ascii	core-ffi	encode	retain	10	553.7	540.0	586.6	0.084
codec-U	U-deep-u-repeated	U-deep-u-repeated	ascii	core-ffi	decode	drop	10	2683.5	2610.5	2759.9	0.056
codec-U	U-deep-u-repeated	U-deep-u-repeated	ascii	core-ffi	decode	retain	10	2987.8	2886.0	3110.1	0.075
codec-U	U-deep-u-repeated	U-deep-u-repeated	ascii	core-ffi	decode-read	drop	10	2658.7	2633.5	2708.4	0.028
codec-U	U-deep-u-repeated	U-deep-u-repeated	ascii	core-ffi	decode-read	retain	10	2898.8	2770.3	3002.3	0.080
codec-U	U-deep-u-varint	U-deep-u-varint	ascii	core-ffi	encode	drop	10	529.2	520.9	542.3	0.040
codec-U	U-deep-u-varint	U-deep-u-varint	ascii	core-ffi	encode	retain	10	553.4	543.6	573.2	0.054
codec-U	U-deep-u-varint	U-deep-u-varint	ascii	core-ffi	decode	drop	10	2711.3	2636.9	2782.4	0.054
codec-U	U-deep-u-varint	U-deep-u-varint	ascii	core-ffi	decode	retain	10	2900.0	2852.1	2991.9	0.048
codec-U	U-deep-u-varint	U-deep-u-varint	ascii	core-ffi	decode-read	drop	10	2829.0	2766.0	2894.1	0.045
codec-U	U-deep-u-varint	U-deep-u-varint	ascii	core-ffi	decode-read	retain	10	2899.4	2845.6	3108.8	0.091
codec-U	U-element-all	U-element-all	ascii	core-ffi	encode	drop	10	528.6	519.7	567.4	0.090
codec-U	U-element-all	U-element-all	ascii	core-ffi	encode	retain	10	554.2	547.1	582.0	0.063
codec-U	U-element-all	U-element-all	ascii	core-ffi	decode	drop	10	2777.2	2718.0	2809.9	0.033
codec-U	U-element-all	U-element-all	ascii	core-ffi	decode	retain	10	3102.5	3070.6	3139.6	0.022
codec-U	U-element-all	U-element-all	ascii	core-ffi	decode-read	drop	10	2790.4	2745.8	2832.6	0.031
codec-U	U-element-all	U-element-all	ascii	core-ffi	decode-read	retain	10	3268.1	3193.6	3414.5	0.068
codec-U	U-element-u-fixed32	U-element-u-fixed32	ascii	core-ffi	encode	drop	10	535.4	522.5	547.3	0.046
codec-U	U-element-u-fixed32	U-element-u-fixed32	ascii	core-ffi	encode	retain	10	577.9	553.0	630.3	0.134
codec-U	U-element-u-fixed32	U-element-u-fixed32	ascii	core-ffi	decode	drop	10	2794.9	2700.7	2900.0	0.071
codec-U	U-element-u-fixed32	U-element-u-fixed32	ascii	core-ffi	decode	retain	10	2871.0	2751.6	3028.4	0.096
codec-U	U-element-u-fixed32	U-element-u-fixed32	ascii	core-ffi	decode-read	drop	10	2778.9	2744.3	2921.8	0.064
codec-U	U-element-u-fixed32	U-element-u-fixed32	ascii	core-ffi	decode-read	retain	10	2998.6	2948.2	3205.9	0.086
codec-U	U-element-u-fixed64	U-element-u-fixed64	ascii	core-ffi	encode	drop	10	527.6	521.1	604.1	0.157
codec-U	U-element-u-fixed64	U-element-u-fixed64	ascii	core-ffi	encode	retain	10	561.4	552.2	597.6	0.081
codec-U	U-element-u-fixed64	U-element-u-fixed64	ascii	core-ffi	decode	drop	10	2705.8	2685.5	2887.1	0.075
codec-U	U-element-u-fixed64	U-element-u-fixed64	ascii	core-ffi	decode	retain	10	2911.3	2828.1	2967.0	0.048
codec-U	U-element-u-fixed64	U-element-u-fixed64	ascii	core-ffi	decode-read	drop	10	2775.7	2743.3	2815.4	0.026
codec-U	U-element-u-fixed64	U-element-u-fixed64	ascii	core-ffi	decode-read	retain	10	2985.3	2938.7	3041.6	0.034
codec-U	U-element-u-len	U-element-u-len	ascii	core-ffi	encode	drop	10	526.7	519.9	541.3	0.041
codec-U	U-element-u-len	U-element-u-len	ascii	core-ffi	encode	retain	10	553.2	545.3	562.3	0.031
codec-U	U-element-u-len	U-element-u-len	ascii	core-ffi	decode	drop	10	2686.3	2653.7	2723.7	0.026
codec-U	U-element-u-len	U-element-u-len	ascii	core-ffi	decode	retain	10	2862.9	2831.8	2908.3	0.027
codec-U	U-element-u-len	U-element-u-len	ascii	core-ffi	decode-read	drop	10	2749.3	2695.5	2855.5	0.058
codec-U	U-element-u-len	U-element-u-len	ascii	core-ffi	decode-read	retain	10	3026.9	2968.9	3197.8	0.076
codec-U	U-element-u-msg	U-element-u-msg	ascii	core-ffi	encode	drop	10	527.0	522.4	548.9	0.050
codec-U	U-element-u-msg	U-element-u-msg	ascii	core-ffi	encode	retain	10	559.6	552.0	663.8	0.200
codec-U	U-element-u-msg	U-element-u-msg	ascii	core-ffi	decode	drop	10	2701.4	2635.8	2970.5	0.124
codec-U	U-element-u-msg	U-element-u-msg	ascii	core-ffi	decode	retain	10	2874.7	2845.7	2948.7	0.036
codec-U	U-element-u-msg	U-element-u-msg	ascii	core-ffi	decode-read	drop	10	2777.3	2699.5	2861.8	0.058
codec-U	U-element-u-msg	U-element-u-msg	ascii	core-ffi	decode-read	retain	10	3006.0	2967.7	3247.6	0.093
codec-U	U-element-u-packed	U-element-u-packed	ascii	core-ffi	encode	drop	10	530.9	513.2	555.9	0.080
codec-U	U-element-u-packed	U-element-u-packed	ascii	core-ffi	encode	retain	10	562.7	546.8	607.9	0.109
codec-U	U-element-u-packed	U-element-u-packed	ascii	core-ffi	decode	drop	10	2738.1	2659.3	2855.9	0.072
codec-U	U-element-u-packed	U-element-u-packed	ascii	core-ffi	decode	retain	10	2883.5	2808.0	3167.6	0.125
codec-U	U-element-u-packed	U-element-u-packed	ascii	core-ffi	decode-read	drop	10	2528.8	2424.4	2908.1	0.191
codec-U	U-element-u-packed	U-element-u-packed	ascii	core-ffi	decode-read	retain	10	2444.0	2404.6	2530.0	0.051
codec-U	U-element-u-repeated	U-element-u-repeated	ascii	core-ffi	encode	drop	10	439.0	425.2	453.3	0.064
codec-U	U-element-u-repeated	U-element-u-repeated	ascii	core-ffi	encode	retain	10	453.3	450.2	454.5	0.009
codec-U	U-element-u-repeated	U-element-u-repeated	ascii	core-ffi	decode	drop	10	2204.0	2180.8	2262.7	0.037
codec-U	U-element-u-repeated	U-element-u-repeated	ascii	core-ffi	decode	retain	10	2361.4	2232.7	2602.8	0.157
codec-U	U-element-u-repeated	U-element-u-repeated	ascii	core-ffi	decode-read	drop	10	2416.3	2241.7	2448.8	0.086
codec-U	U-element-u-repeated	U-element-u-repeated	ascii	core-ffi	decode-read	retain	10	2991.1	2947.6	3073.0	0.042
codec-U	U-element-u-varint	U-element-u-varint	ascii	core-ffi	encode	drop	10	537.8	510.6	819.0	0.573
codec-U	U-element-u-varint	U-element-u-varint	ascii	core-ffi	encode	retain	10	561.6	549.2	618.0	0.123
codec-U	U-element-u-varint	U-element-u-varint	ascii	core-ffi	decode	drop	10	2678.2	2636.5	2809.7	0.065
codec-U	U-element-u-varint	U-element-u-varint	ascii	core-ffi	decode	retain	10	2951.6	2858.7	3118.7	0.088
codec-U	U-element-u-varint	U-element-u-varint	ascii	core-ffi	decode-read	drop	10	2836.3	2691.1	3075.3	0.135
codec-U	U-element-u-varint	U-element-u-varint	ascii	core-ffi	decode-read	retain	10	3219.2	2939.0	3413.9	0.148
codec-U	U-enum-value-127	U-enum-value-127	ascii	core-ffi	encode	drop	10	35.6	34.7	36.8	0.059
codec-U	U-enum-value-127	U-enum-value-127	ascii	core-ffi	encode	retain	10	40.0	38.8	70.0	0.781
codec-U	U-enum-value-127	U-enum-value-127	ascii	core-ffi	decode	drop	10	126.8	122.5	132.5	0.078
codec-U	U-enum-value-127	U-enum-value-127	ascii	core-ffi	decode	retain	10	141.6	138.7	148.7	0.071
codec-U	U-enum-value-127	U-enum-value-127	ascii	core-ffi	decode-read	drop	10	134.1	131.9	138.6	0.051
codec-U	U-enum-value-127	U-enum-value-127	ascii	core-ffi	decode-read	retain	10	147.8	146.4	154.7	0.057
codec-U	U-enum-value-2147483647	U-enum-value-2147483647	ascii	core-ffi	encode	drop	10	38.6	36.8	40.3	0.090
codec-U	U-enum-value-2147483647	U-enum-value-2147483647	ascii	core-ffi	encode	retain	10	41.6	40.7	45.2	0.107
codec-U	U-enum-value-2147483647	U-enum-value-2147483647	ascii	core-ffi	decode	drop	10	115.5	111.0	131.2	0.175
codec-U	U-enum-value-2147483647	U-enum-value-2147483647	ascii	core-ffi	decode	retain	10	130.1	126.2	135.4	0.071
codec-U	U-enum-value-2147483647	U-enum-value-2147483647	ascii	core-ffi	decode-read	drop	10	123.5	120.3	158.2	0.307
codec-U	U-enum-value-2147483647	U-enum-value-2147483647	ascii	core-ffi	decode-read	retain	10	150.5	147.4	168.4	0.140
codec-U	U-enum-value-999	U-enum-value-999	ascii	core-ffi	encode	drop	10	44.9	39.5	46.4	0.153
codec-U	U-enum-value-999	U-enum-value-999	ascii	core-ffi	encode	retain	10	40.4	37.9	48.3	0.259
codec-U	U-enum-value-999	U-enum-value-999	ascii	core-ffi	decode	drop	10	122.5	119.6	130.2	0.086
codec-U	U-enum-value-999	U-enum-value-999	ascii	core-ffi	decode	retain	10	140.2	136.3	141.9	0.040
codec-U	U-enum-value-999	U-enum-value-999	ascii	core-ffi	decode-read	drop	10	131.6	125.7	135.3	0.073
codec-U	U-enum-value-999	U-enum-value-999	ascii	core-ffi	decode-read	retain	10	148.6	143.8	156.0	0.082
codec-U	U-enum-value-packed	U-enum-value-packed	ascii	core-ffi	encode	drop	10	76.5	74.7	78.9	0.054
codec-U	U-enum-value-packed	U-enum-value-packed	ascii	core-ffi	encode	retain	10	74.5	72.8	77.0	0.057
codec-U	U-enum-value-packed	U-enum-value-packed	ascii	core-ffi	decode	drop	10	234.2	231.1	247.2	0.069
codec-U	U-enum-value-packed	U-enum-value-packed	ascii	core-ffi	decode	retain	10	243.0	239.4	247.9	0.035
codec-U	U-enum-value-packed	U-enum-value-packed	ascii	core-ffi	decode-read	drop	10	250.9	242.5	261.9	0.077
codec-U	U-enum-value-packed	U-enum-value-packed	ascii	core-ffi	decode-read	retain	10	253.8	251.6	263.9	0.048
codec-U	U-leaf-all	U-leaf-all	ascii	core-ffi	encode	drop	10	102.4	99.1	104.1	0.048
codec-U	U-leaf-all	U-leaf-all	ascii	core-ffi	encode	retain	10	122.9	119.9	126.7	0.055
codec-U	U-leaf-all	U-leaf-all	ascii	core-ffi	decode	drop	10	484.3	473.3	496.5	0.048
codec-U	U-leaf-all	U-leaf-all	ascii	core-ffi	decode	retain	10	1065.0	1036.5	1079.7	0.041
codec-U	U-leaf-all	U-leaf-all	ascii	core-ffi	decode-read	drop	10	514.8	500.8	576.1	0.146
codec-U	U-leaf-all	U-leaf-all	ascii	core-ffi	decode-read	retain	10	1107.0	1080.8	1161.9	0.073
codec-U	U-leaf-u-fixed32	U-leaf-u-fixed32	ascii	core-ffi	encode	drop	10	101.4	97.0	102.7	0.056
codec-U	U-leaf-u-fixed32	U-leaf-u-fixed32	ascii	core-ffi	encode	retain	10	107.7	105.2	108.6	0.031
codec-U	U-leaf-u-fixed32	U-leaf-u-fixed32	ascii	core-ffi	decode	drop	10	418.9	412.5	426.1	0.033
codec-U	U-leaf-u-fixed32	U-leaf-u-fixed32	ascii	core-ffi	decode	retain	10	504.0	496.2	511.5	0.030
codec-U	U-leaf-u-fixed32	U-leaf-u-fixed32	ascii	core-ffi	decode-read	drop	10	426.0	421.3	440.5	0.045
codec-U	U-leaf-u-fixed32	U-leaf-u-fixed32	ascii	core-ffi	decode-read	retain	10	517.3	511.1	544.0	0.064
codec-U	U-leaf-u-fixed64	U-leaf-u-fixed64	ascii	core-ffi	encode	drop	10	102.0	94.9	103.9	0.088
codec-U	U-leaf-u-fixed64	U-leaf-u-fixed64	ascii	core-ffi	encode	retain	10	88.9	86.1	89.7	0.040
codec-U	U-leaf-u-fixed64	U-leaf-u-fixed64	ascii	core-ffi	decode	drop	10	347.4	340.7	414.6	0.213
codec-U	U-leaf-u-fixed64	U-leaf-u-fixed64	ascii	core-ffi	decode	retain	10	443.3	406.4	458.5	0.118
codec-U	U-leaf-u-fixed64	U-leaf-u-fixed64	ascii	core-ffi	decode-read	drop	10	350.3	343.9	362.2	0.052
codec-U	U-leaf-u-fixed64	U-leaf-u-fixed64	ascii	core-ffi	decode-read	retain	10	423.9	416.5	437.1	0.048
codec-U	U-leaf-u-len	U-leaf-u-len	ascii	core-ffi	encode	drop	10	81.6	79.5	84.2	0.058
codec-U	U-leaf-u-len	U-leaf-u-len	ascii	core-ffi	encode	retain	10	84.7	84.0	86.8	0.033
codec-U	U-leaf-u-len	U-leaf-u-len	ascii	core-ffi	decode	drop	10	328.3	325.8	336.8	0.033
codec-U	U-leaf-u-len	U-leaf-u-len	ascii	core-ffi	decode	retain	10	404.5	388.5	504.7	0.287
codec-U	U-leaf-u-len	U-leaf-u-len	ascii	core-ffi	decode-read	drop	10	431.8	422.7	436.8	0.033
codec-U	U-leaf-u-len	U-leaf-u-len	ascii	core-ffi	decode-read	retain	10	516.4	506.0	542.5	0.071
codec-U	U-leaf-u-msg	U-leaf-u-msg	ascii	core-ffi	encode	drop	10	101.8	100.7	105.8	0.050
codec-U	U-leaf-u-msg	U-leaf-u-msg	ascii	core-ffi	encode	retain	10	105.4	104.5	109.5	0.048
codec-U	U-leaf-u-msg	U-leaf-u-msg	ascii	core-ffi	decode	drop	10	419.9	408.7	430.6	0.052
codec-U	U-leaf-u-msg	U-leaf-u-msg	ascii	core-ffi	decode	retain	10	496.7	486.4	517.0	0.062
codec-U	U-leaf-u-msg	U-leaf-u-msg	ascii	core-ffi	decode-read	drop	10	419.7	413.8	438.9	0.060
codec-U	U-leaf-u-msg	U-leaf-u-msg	ascii	core-ffi	decode-read	retain	10	524.4	511.9	558.9	0.090
codec-U	U-leaf-u-packed	U-leaf-u-packed	ascii	core-ffi	encode	drop	10	101.1	95.9	105.6	0.096
codec-U	U-leaf-u-packed	U-leaf-u-packed	ascii	core-ffi	encode	retain	10	106.5	104.1	109.1	0.046
codec-U	U-leaf-u-packed	U-leaf-u-packed	ascii	core-ffi	decode	drop	10	421.6	410.5	462.7	0.124
codec-U	U-leaf-u-packed	U-leaf-u-packed	ascii	core-ffi	decode	retain	10	507.0	494.1	541.0	0.092
codec-U	U-leaf-u-packed	U-leaf-u-packed	ascii	core-ffi	decode-read	drop	10	439.5	418.1	475.3	0.130
codec-U	U-leaf-u-packed	U-leaf-u-packed	ascii	core-ffi	decode-read	retain	10	518.2	501.7	533.6	0.062
codec-U	U-leaf-u-repeated	U-leaf-u-repeated	ascii	core-ffi	encode	drop	10	102.6	97.3	106.1	0.086
codec-U	U-leaf-u-repeated	U-leaf-u-repeated	ascii	core-ffi	encode	retain	10	109.1	103.6	112.8	0.084
codec-U	U-leaf-u-repeated	U-leaf-u-repeated	ascii	core-ffi	decode	drop	10	428.4	419.9	439.7	0.046
codec-U	U-leaf-u-repeated	U-leaf-u-repeated	ascii	core-ffi	decode	retain	10	519.0	507.2	566.8	0.115
codec-U	U-leaf-u-repeated	U-leaf-u-repeated	ascii	core-ffi	decode-read	drop	10	435.4	427.7	441.8	0.032
codec-U	U-leaf-u-repeated	U-leaf-u-repeated	ascii	core-ffi	decode-read	retain	10	550.1	530.8	564.4	0.061
codec-U	U-leaf-u-varint	U-leaf-u-varint	ascii	core-ffi	encode	drop	10	98.5	95.0	103.9	0.090
codec-U	U-leaf-u-varint	U-leaf-u-varint	ascii	core-ffi	encode	retain	10	108.6	106.7	111.1	0.041
codec-U	U-leaf-u-varint	U-leaf-u-varint	ascii	core-ffi	decode	drop	10	417.7	412.5	426.5	0.033
codec-U	U-leaf-u-varint	U-leaf-u-varint	ascii	core-ffi	decode	retain	10	505.9	500.4	514.6	0.028
codec-U	U-leaf-u-varint	U-leaf-u-varint	ascii	core-ffi	decode-read	drop	10	432.7	421.3	454.9	0.078
codec-U	U-leaf-u-varint	U-leaf-u-varint	ascii	core-ffi	decode-read	retain	10	522.0	512.0	551.5	0.076
codec-U	U-nested-all	U-nested-all	ascii	core-ffi	encode	drop	10	99.9	95.6	102.4	0.068
codec-U	U-nested-all	U-nested-all	ascii	core-ffi	encode	retain	10	101.7	98.4	103.5	0.050
codec-U	U-nested-all	U-nested-all	ascii	core-ffi	decode	drop	10	470.6	451.8	485.8	0.072
codec-U	U-nested-all	U-nested-all	ascii	core-ffi	decode	retain	10	719.7	710.3	735.3	0.035
codec-U	U-nested-all	U-nested-all	ascii	core-ffi	decode-read	drop	10	470.0	452.6	507.5	0.117
codec-U	U-nested-all	U-nested-all	ascii	core-ffi	decode-read	retain	10	766.0	757.8	799.4	0.054
codec-U	U-nested-before	U-nested-before	ascii	core-ffi	encode	drop	10	103.2	98.7	106.2	0.072
codec-U	U-nested-before	U-nested-before	ascii	core-ffi	encode	retain	10	102.9	102.0	105.7	0.035
codec-U	U-nested-before	U-nested-before	ascii	core-ffi	decode	drop	10	459.3	453.0	510.8	0.126
codec-U	U-nested-before	U-nested-before	ascii	core-ffi	decode	retain	10	784.6	758.4	828.2	0.089
codec-U	U-nested-before	U-nested-before	ascii	core-ffi	decode-read	drop	10	474.0	463.4	493.9	0.064
codec-U	U-nested-before	U-nested-before	ascii	core-ffi	decode-read	retain	10	780.8	770.2	806.4	0.046
codec-U	U-nested-group	U-nested-group	ascii	core-ffi	encode	drop	10	100.9	96.5	104.1	0.075
codec-U	U-nested-group	U-nested-group	ascii	core-ffi	encode	retain	10	103.6	102.0	106.7	0.046
codec-U	U-nested-group	U-nested-group	ascii	core-ffi	decode	drop	10	436.9	423.3	520.1	0.222
codec-U	U-nested-group	U-nested-group	ascii	core-ffi	decode	retain	10	488.6	484.2	505.9	0.044
codec-U	U-nested-group	U-nested-group	ascii	core-ffi	decode-read	drop	10	439.8	433.2	442.5	0.021
codec-U	U-nested-group	U-nested-group	ascii	core-ffi	decode-read	retain	10	502.8	495.8	515.5	0.039
codec-U	U-nested-interleaved	U-nested-interleaved	ascii	core-ffi	encode	drop	10	103.5	98.2	117.5	0.187
codec-U	U-nested-interleaved	U-nested-interleaved	ascii	core-ffi	encode	retain	10	102.0	100.5	117.9	0.171
codec-U	U-nested-interleaved	U-nested-interleaved	ascii	core-ffi	decode	drop	10	441.6	431.6	450.2	0.042
codec-U	U-nested-interleaved	U-nested-interleaved	ascii	core-ffi	decode	retain	10	587.6	579.8	610.1	0.051
codec-U	U-nested-interleaved	U-nested-interleaved	ascii	core-ffi	decode-read	drop	10	354.5	348.9	365.6	0.047
codec-U	U-nested-interleaved	U-nested-interleaved	ascii	core-ffi	decode-read	retain	10	609.3	597.1	630.4	0.055
codec-U	U-nested-u-fixed32	U-nested-u-fixed32	ascii	core-ffi	encode	drop	10	76.9	75.2	103.8	0.372
codec-U	U-nested-u-fixed32	U-nested-u-fixed32	ascii	core-ffi	encode	retain	10	104.6	102.7	105.0	0.022
codec-U	U-nested-u-fixed32	U-nested-u-fixed32	ascii	core-ffi	decode	drop	10	408.8	403.3	413.0	0.024
codec-U	U-nested-u-fixed32	U-nested-u-fixed32	ascii	core-ffi	decode	retain	10	474.0	464.3	480.2	0.034
codec-U	U-nested-u-fixed32	U-nested-u-fixed32	ascii	core-ffi	decode-read	drop	10	430.1	417.4	493.6	0.177
codec-U	U-nested-u-fixed32	U-nested-u-fixed32	ascii	core-ffi	decode-read	retain	10	489.9	475.3	516.5	0.084
codec-U	U-nested-u-fixed64	U-nested-u-fixed64	ascii	core-ffi	encode	drop	10	101.6	95.3	109.0	0.135
codec-U	U-nested-u-fixed64	U-nested-u-fixed64	ascii	core-ffi	encode	retain	10	104.4	102.8	106.1	0.032
codec-U	U-nested-u-fixed64	U-nested-u-fixed64	ascii	core-ffi	decode	drop	10	413.0	403.2	429.9	0.065
codec-U	U-nested-u-fixed64	U-nested-u-fixed64	ascii	core-ffi	decode	retain	10	473.1	467.9	521.7	0.114
codec-U	U-nested-u-fixed64	U-nested-u-fixed64	ascii	core-ffi	decode-read	drop	10	429.6	413.8	523.5	0.255
codec-U	U-nested-u-fixed64	U-nested-u-fixed64	ascii	core-ffi	decode-read	retain	10	507.6	479.6	550.0	0.139
codec-U	U-nested-u-len	U-nested-u-len	ascii	core-ffi	encode	drop	10	101.8	97.5	108.4	0.107
codec-U	U-nested-u-len	U-nested-u-len	ascii	core-ffi	encode	retain	10	105.2	102.2	109.6	0.070
codec-U	U-nested-u-len	U-nested-u-len	ascii	core-ffi	decode	drop	10	412.2	361.8	446.7	0.206
codec-U	U-nested-u-len	U-nested-u-len	ascii	core-ffi	decode	retain	10	390.9	381.6	399.9	0.047
codec-U	U-nested-u-len	U-nested-u-len	ascii	core-ffi	decode-read	drop	10	345.8	339.2	365.3	0.075
codec-U	U-nested-u-len	U-nested-u-len	ascii	core-ffi	decode-read	retain	10	427.3	393.8	447.2	0.125
codec-U	U-nested-u-msg	U-nested-u-msg	ascii	core-ffi	encode	drop	10	82.7	79.2	85.6	0.077
codec-U	U-nested-u-msg	U-nested-u-msg	ascii	core-ffi	encode	retain	10	85.4	84.0	87.1	0.037
codec-U	U-nested-u-msg	U-nested-u-msg	ascii	core-ffi	decode	drop	10	333.8	329.9	348.9	0.057
codec-U	U-nested-u-msg	U-nested-u-msg	ascii	core-ffi	decode	retain	10	387.4	382.5	395.5	0.034
codec-U	U-nested-u-msg	U-nested-u-msg	ascii	core-ffi	decode-read	drop	10	414.5	400.2	424.1	0.058
codec-U	U-nested-u-msg	U-nested-u-msg	ascii	core-ffi	decode-read	retain	10	483.7	476.2	497.8	0.045
codec-U	U-nested-u-packed	U-nested-u-packed	ascii	core-ffi	encode	drop	10	101.4	98.0	102.6	0.045
codec-U	U-nested-u-packed	U-nested-u-packed	ascii	core-ffi	encode	retain	10	103.5	101.5	107.5	0.058
codec-U	U-nested-u-packed	U-nested-u-packed	ascii	core-ffi	decode	drop	10	406.3	396.6	413.3	0.041
codec-U	U-nested-u-packed	U-nested-u-packed	ascii	core-ffi	decode	retain	10	473.9	469.8	479.5	0.021
codec-U	U-nested-u-packed	U-nested-u-packed	ascii	core-ffi	decode-read	drop	10	426.8	418.1	513.7	0.224
codec-U	U-nested-u-packed	U-nested-u-packed	ascii	core-ffi	decode-read	retain	10	494.6	479.8	524.6	0.090
codec-U	U-nested-u-repeated	U-nested-u-repeated	ascii	core-ffi	encode	drop	10	101.1	96.5	106.2	0.097
codec-U	U-nested-u-repeated	U-nested-u-repeated	ascii	core-ffi	encode	retain	10	104.2	100.9	106.7	0.056
codec-U	U-nested-u-repeated	U-nested-u-repeated	ascii	core-ffi	decode	drop	10	424.6	419.8	447.5	0.065
codec-U	U-nested-u-repeated	U-nested-u-repeated	ascii	core-ffi	decode	retain	10	500.4	492.9	511.1	0.036
codec-U	U-nested-u-repeated	U-nested-u-repeated	ascii	core-ffi	decode-read	drop	10	433.3	424.0	436.5	0.029
codec-U	U-nested-u-repeated	U-nested-u-repeated	ascii	core-ffi	decode-read	retain	10	509.8	504.8	519.7	0.029
codec-U	U-nested-u-varint	U-nested-u-varint	ascii	core-ffi	encode	drop	10	102.3	98.3	108.2	0.097
codec-U	U-nested-u-varint	U-nested-u-varint	ascii	core-ffi	encode	retain	10	104.9	102.5	107.2	0.045
codec-U	U-nested-u-varint	U-nested-u-varint	ascii	core-ffi	decode	drop	10	412.4	407.8	418.3	0.025
codec-U	U-nested-u-varint	U-nested-u-varint	ascii	core-ffi	decode	retain	10	473.8	466.1	478.2	0.026
codec-U	U-nested-u-varint	U-nested-u-varint	ascii	core-ffi	decode-read	drop	10	425.8	415.9	429.4	0.032
codec-U	U-nested-u-varint	U-nested-u-varint	ascii	core-ffi	decode-read	retain	10	487.4	485.0	491.4	0.013
codec-U	U-oneof-all	U-oneof-all	ascii	core-ffi	encode	drop	10	49.1	48.1	50.5	0.050
codec-U	U-oneof-all	U-oneof-all	ascii	core-ffi	encode	retain	10	53.6	53.1	54.2	0.021
codec-U	U-oneof-all	U-oneof-all	ascii	core-ffi	decode	drop	10	195.6	190.3	243.1	0.270
codec-U	U-oneof-all	U-oneof-all	ascii	core-ffi	decode	retain	10	428.2	422.2	432.4	0.024
codec-U	U-oneof-all	U-oneof-all	ascii	core-ffi	decode-read	drop	10	198.6	196.8	200.7	0.020
codec-U	U-oneof-all	U-oneof-all	ascii	core-ffi	decode-read	retain	10	496.8	489.1	502.3	0.027
codec-U	U-oneof-before	U-oneof-before	ascii	core-ffi	encode	drop	10	48.4	48.1	49.0	0.020
codec-U	U-oneof-before	U-oneof-before	ascii	core-ffi	encode	retain	10	54.0	52.9	55.1	0.040
codec-U	U-oneof-before	U-oneof-before	ascii	core-ffi	decode	drop	10	204.4	200.1	213.0	0.063
codec-U	U-oneof-before	U-oneof-before	ascii	core-ffi	decode	retain	10	484.7	473.5	494.7	0.044
codec-U	U-oneof-before	U-oneof-before	ascii	core-ffi	decode-read	drop	10	210.5	206.0	214.1	0.039
codec-U	U-oneof-before	U-oneof-before	ascii	core-ffi	decode-read	retain	10	470.9	462.6	483.3	0.044
codec-U	U-oneof-group	U-oneof-group	ascii	core-ffi	encode	drop	10	47.2	46.1	48.2	0.044
codec-U	U-oneof-group	U-oneof-group	ascii	core-ffi	encode	retain	10	52.4	52.0	54.8	0.054
codec-U	U-oneof-group	U-oneof-group	ascii	core-ffi	decode	drop	10	178.0	174.4	179.9	0.031
codec-U	U-oneof-group	U-oneof-group	ascii	core-ffi	decode	retain	10	230.4	226.3	235.2	0.039
codec-U	U-oneof-group	U-oneof-group	ascii	core-ffi	decode-read	drop	10	184.4	180.7	191.2	0.057
codec-U	U-oneof-group	U-oneof-group	ascii	core-ffi	decode-read	retain	10	236.7	233.8	239.0	0.022
codec-U	U-oneof-interleaved	U-oneof-interleaved	ascii	core-ffi	encode	drop	10	48.9	47.7	50.0	0.048
codec-U	U-oneof-interleaved	U-oneof-interleaved	ascii	core-ffi	encode	retain	10	53.3	53.0	54.2	0.023
codec-U	U-oneof-interleaved	U-oneof-interleaved	ascii	core-ffi	decode	drop	10	192.6	189.9	194.7	0.025
codec-U	U-oneof-interleaved	U-oneof-interleaved	ascii	core-ffi	decode	retain	10	489.4	470.6	496.4	0.053
codec-U	U-oneof-interleaved	U-oneof-interleaved	ascii	core-ffi	decode-read	drop	10	197.1	196.3	202.8	0.033
codec-U	U-oneof-interleaved	U-oneof-interleaved	ascii	core-ffi	decode-read	retain	10	422.3	416.8	434.5	0.042
codec-U	U-oneof-member-after-known	U-oneof-member-after-known	ascii	core-ffi	encode	drop	10	47.1	46.0	47.9	0.041
codec-U	U-oneof-member-after-known	U-oneof-member-after-known	ascii	core-ffi	encode	retain	10	53.7	52.4	58.6	0.116
codec-U	U-oneof-member-after-known	U-oneof-member-after-known	ascii	core-ffi	decode	drop	10	156.8	154.0	164.9	0.070
codec-U	U-oneof-member-after-known	U-oneof-member-after-known	ascii	core-ffi	decode	retain	10	208.9	207.2	211.6	0.021
codec-U	U-oneof-member-after-known	U-oneof-member-after-known	ascii	core-ffi	decode-read	drop	10	163.1	161.0	164.6	0.022
codec-U	U-oneof-member-after-known	U-oneof-member-after-known	ascii	core-ffi	decode-read	retain	10	215.1	212.7	219.0	0.029
codec-U	U-oneof-member-alone	U-oneof-member-alone	ascii	core-ffi	encode	drop	10	44.2	43.5	44.8	0.029
codec-U	U-oneof-member-alone	U-oneof-member-alone	ascii	core-ffi	encode	retain	10	47.6	46.9	48.3	0.030
codec-U	U-oneof-member-alone	U-oneof-member-alone	ascii	core-ffi	decode	drop	10	148.8	147.3	152.8	0.037
codec-U	U-oneof-member-alone	U-oneof-member-alone	ascii	core-ffi	decode	retain	10	202.4	198.9	210.0	0.055
codec-U	U-oneof-member-alone	U-oneof-member-alone	ascii	core-ffi	decode-read	drop	10	155.6	153.5	157.9	0.028
codec-U	U-oneof-member-alone	U-oneof-member-alone	ascii	core-ffi	decode-read	retain	10	207.2	203.9	209.7	0.028
codec-U	U-oneof-member-before-known	U-oneof-member-before-known	ascii	core-ffi	encode	drop	10	48.2	47.6	50.0	0.049
codec-U	U-oneof-member-before-known	U-oneof-member-before-known	ascii	core-ffi	encode	retain	10	52.6	51.7	52.9	0.024
codec-U	U-oneof-member-before-known	U-oneof-member-before-known	ascii	core-ffi	decode	drop	10	126.5	121.0	191.2	0.555
codec-U	U-oneof-member-before-known	U-oneof-member-before-known	ascii	core-ffi	decode	retain	10	164.5	162.6	183.0	0.124
codec-U	U-oneof-member-before-known	U-oneof-member-before-known	ascii	core-ffi	decode-read	drop	10	129.0	124.8	157.5	0.254
codec-U	U-oneof-member-before-known	U-oneof-member-before-known	ascii	core-ffi	decode-read	retain	10	169.1	167.8	177.5	0.057
codec-U	U-oneof-u-fixed32	U-oneof-u-fixed32	ascii	core-ffi	encode	drop	10	37.8	37.0	39.4	0.063
codec-U	U-oneof-u-fixed32	U-oneof-u-fixed32	ascii	core-ffi	encode	retain	10	42.3	41.1	68.5	0.647
codec-U	U-oneof-u-fixed32	U-oneof-u-fixed32	ascii	core-ffi	decode	drop	10	125.1	119.2	180.9	0.494
codec-U	U-oneof-u-fixed32	U-oneof-u-fixed32	ascii	core-ffi	decode	retain	10	165.3	162.0	195.9	0.205
codec-U	U-oneof-u-fixed32	U-oneof-u-fixed32	ascii	core-ffi	decode-read	drop	10	127.0	125.3	132.1	0.054
codec-U	U-oneof-u-fixed32	U-oneof-u-fixed32	ascii	core-ffi	decode-read	retain	10	171.5	168.0	186.2	0.106
codec-U	U-oneof-u-fixed64	U-oneof-u-fixed64	ascii	core-ffi	encode	drop	10	39.1	37.6	53.0	0.395
codec-U	U-oneof-u-fixed64	U-oneof-u-fixed64	ascii	core-ffi	encode	retain	10	41.5	40.8	42.3	0.038
codec-U	U-oneof-u-fixed64	U-oneof-u-fixed64	ascii	core-ffi	decode	drop	10	124.2	121.4	197.6	0.614
codec-U	U-oneof-u-fixed64	U-oneof-u-fixed64	ascii	core-ffi	decode	retain	10	164.2	161.4	169.3	0.048
codec-U	U-oneof-u-fixed64	U-oneof-u-fixed64	ascii	core-ffi	decode-read	drop	10	151.9	148.3	161.3	0.085
codec-U	U-oneof-u-fixed64	U-oneof-u-fixed64	ascii	core-ffi	decode-read	retain	10	210.3	195.0	256.0	0.290
codec-U	U-oneof-u-len	U-oneof-u-len	ascii	core-ffi	encode	drop	10	48.7	46.8	49.8	0.061
codec-U	U-oneof-u-len	U-oneof-u-len	ascii	core-ffi	encode	retain	10	53.2	52.6	54.8	0.041
codec-U	U-oneof-u-len	U-oneof-u-len	ascii	core-ffi	decode	drop	10	157.0	156.0	160.5	0.028
codec-U	U-oneof-u-len	U-oneof-u-len	ascii	core-ffi	decode	retain	10	207.7	203.8	210.9	0.034
codec-U	U-oneof-u-len	U-oneof-u-len	ascii	core-ffi	decode-read	drop	10	159.2	156.9	164.4	0.047
codec-U	U-oneof-u-len	U-oneof-u-len	ascii	core-ffi	decode-read	retain	10	216.7	214.4	224.5	0.046
codec-U	U-oneof-u-msg	U-oneof-u-msg	ascii	core-ffi	encode	drop	10	49.0	47.6	50.7	0.065
codec-U	U-oneof-u-msg	U-oneof-u-msg	ascii	core-ffi	encode	retain	10	53.1	52.1	62.0	0.186
codec-U	U-oneof-u-msg	U-oneof-u-msg	ascii	core-ffi	decode	drop	10	159.8	156.3	164.5	0.052
codec-U	U-oneof-u-msg	U-oneof-u-msg	ascii	core-ffi	decode	retain	10	210.4	208.5	221.9	0.063
codec-U	U-oneof-u-msg	U-oneof-u-msg	ascii	core-ffi	decode-read	drop	10	162.4	161.6	166.9	0.033
codec-U	U-oneof-u-msg	U-oneof-u-msg	ascii	core-ffi	decode-read	retain	10	217.2	213.6	227.1	0.062
codec-U	U-oneof-u-packed	U-oneof-u-packed	ascii	core-ffi	encode	drop	10	49.1	48.0	50.8	0.058
codec-U	U-oneof-u-packed	U-oneof-u-packed	ascii	core-ffi	encode	retain	10	52.8	51.5	54.2	0.051
codec-U	U-oneof-u-packed	U-oneof-u-packed	ascii	core-ffi	decode	drop	10	158.6	157.1	167.6	0.067
codec-U	U-oneof-u-packed	U-oneof-u-packed	ascii	core-ffi	decode	retain	10	209.9	207.8	216.1	0.040
codec-U	U-oneof-u-packed	U-oneof-u-packed	ascii	core-ffi	decode-read	drop	10	164.0	161.2	168.7	0.046
codec-U	U-oneof-u-packed	U-oneof-u-packed	ascii	core-ffi	decode-read	retain	10	214.5	212.8	216.7	0.018
codec-U	U-oneof-u-repeated	U-oneof-u-repeated	ascii	core-ffi	encode	drop	10	48.7	47.1	50.5	0.070
codec-U	U-oneof-u-repeated	U-oneof-u-repeated	ascii	core-ffi	encode	retain	10	52.8	51.6	56.3	0.088
codec-U	U-oneof-u-repeated	U-oneof-u-repeated	ascii	core-ffi	decode	drop	10	162.4	159.9	164.0	0.025
codec-U	U-oneof-u-repeated	U-oneof-u-repeated	ascii	core-ffi	decode	retain	10	235.0	228.9	247.2	0.078
codec-U	U-oneof-u-repeated	U-oneof-u-repeated	ascii	core-ffi	decode-read	drop	10	168.4	166.1	172.5	0.038
codec-U	U-oneof-u-repeated	U-oneof-u-repeated	ascii	core-ffi	decode-read	retain	10	240.8	237.3	245.0	0.032
codec-U	U-oneof-u-varint	U-oneof-u-varint	ascii	core-ffi	encode	drop	10	48.5	47.6	49.3	0.036
codec-U	U-oneof-u-varint	U-oneof-u-varint	ascii	core-ffi	encode	retain	10	53.3	52.6	55.6	0.056
codec-U	U-oneof-u-varint	U-oneof-u-varint	ascii	core-ffi	decode	drop	10	158.1	153.9	166.9	0.082
codec-U	U-oneof-u-varint	U-oneof-u-varint	ascii	core-ffi	decode	retain	10	217.9	209.4	229.7	0.093
codec-U	U-oneof-u-varint	U-oneof-u-varint	ascii	core-ffi	decode-read	drop	10	165.3	159.4	171.6	0.074
codec-U	U-oneof-u-varint	U-oneof-u-varint	ascii	core-ffi	decode-read	retain	10	220.0	215.3	229.1	0.063
codec-U	U-root-all	U-root-all	ascii	core-ffi	encode	drop	10	188.8	184.7	192.7	0.042
codec-U	U-root-all	U-root-all	ascii	core-ffi	encode	retain	10	201.8	199.8	213.4	0.067
codec-U	U-root-all	U-root-all	ascii	core-ffi	decode	drop	10	945.8	903.4	1052.4	0.158
codec-U	U-root-all	U-root-all	ascii	core-ffi	decode	retain	10	1201.9	1175.0	1246.1	0.059
codec-U	U-root-all	U-root-all	ascii	core-ffi	decode-read	drop	10	917.4	909.6	931.6	0.024
codec-U	U-root-all	U-root-all	ascii	core-ffi	decode-read	retain	10	1250.8	1217.3	1287.4	0.056
codec-U	U-root-before	U-root-before	ascii	core-ffi	encode	drop	10	187.0	180.3	195.6	0.082
codec-U	U-root-before	U-root-before	ascii	core-ffi	encode	retain	10	203.1	198.3	210.9	0.062
codec-U	U-root-before	U-root-before	ascii	core-ffi	decode	drop	10	927.6	909.2	979.8	0.076
codec-U	U-root-before	U-root-before	ascii	core-ffi	decode	retain	10	1217.3	1194.3	1251.0	0.047
codec-U	U-root-before	U-root-before	ascii	core-ffi	decode-read	drop	10	960.5	941.4	989.4	0.050
codec-U	U-root-before	U-root-before	ascii	core-ffi	decode-read	retain	10	1247.0	1215.1	1334.6	0.096
codec-U	U-root-group	U-root-group	ascii	core-ffi	encode	drop	10	188.9	183.5	200.0	0.087
codec-U	U-root-group	U-root-group	ascii	core-ffi	encode	retain	10	203.8	198.8	210.9	0.059
codec-U	U-root-group	U-root-group	ascii	core-ffi	decode	drop	10	898.2	883.8	945.4	0.068
codec-U	U-root-group	U-root-group	ascii	core-ffi	decode	retain	10	988.3	958.5	1053.1	0.096
codec-U	U-root-group	U-root-group	ascii	core-ffi	decode-read	drop	10	897.0	872.1	946.0	0.082
codec-U	U-root-group	U-root-group	ascii	core-ffi	decode-read	retain	10	1027.1	996.4	1066.5	0.068
codec-U	U-root-interleaved	U-root-interleaved	ascii	core-ffi	encode	drop	10	188.3	185.2	193.0	0.041
codec-U	U-root-interleaved	U-root-interleaved	ascii	core-ffi	encode	retain	10	202.5	199.6	253.3	0.265
codec-U	U-root-interleaved	U-root-interleaved	ascii	core-ffi	decode	drop	10	941.0	921.6	1051.5	0.138
codec-U	U-root-interleaved	U-root-interleaved	ascii	core-ffi	decode	retain	10	1241.4	1223.2	1399.0	0.142
codec-U	U-root-interleaved	U-root-interleaved	ascii	core-ffi	decode-read	drop	10	950.8	927.7	1073.0	0.153
codec-U	U-root-interleaved	U-root-interleaved	ascii	core-ffi	decode-read	retain	10	1285.5	1272.1	1342.0	0.054
codec-U	U-root-max-tag	U-root-max-tag	ascii	core-ffi	encode	drop	10	188.0	183.5	191.8	0.044
codec-U	U-root-max-tag	U-root-max-tag	ascii	core-ffi	encode	retain	10	201.9	197.8	203.1	0.026
codec-U	U-root-max-tag	U-root-max-tag	ascii	core-ffi	decode	drop	10	873.5	864.8	881.4	0.019
codec-U	U-root-max-tag	U-root-max-tag	ascii	core-ffi	decode	retain	10	978.9	961.4	1052.0	0.093
codec-U	U-root-max-tag	U-root-max-tag	ascii	core-ffi	decode-read	drop	10	892.9	880.8	935.3	0.061
codec-U	U-root-max-tag	U-root-max-tag	ascii	core-ffi	decode-read	retain	10	947.1	934.9	953.4	0.020
codec-U	U-root-u-fixed32	U-root-u-fixed32	ascii	core-ffi	encode	drop	10	188.0	186.6	208.5	0.117
codec-U	U-root-u-fixed32	U-root-u-fixed32	ascii	core-ffi	encode	retain	10	204.4	199.3	212.9	0.067
codec-U	U-root-u-fixed32	U-root-u-fixed32	ascii	core-ffi	decode	drop	10	871.0	861.1	892.2	0.036
codec-U	U-root-u-fixed32	U-root-u-fixed32	ascii	core-ffi	decode	retain	10	924.7	906.1	963.4	0.062
codec-U	U-root-u-fixed32	U-root-u-fixed32	ascii	core-ffi	decode-read	drop	10	891.6	866.3	948.9	0.093
codec-U	U-root-u-fixed32	U-root-u-fixed32	ascii	core-ffi	decode-read	retain	10	943.5	918.7	1060.2	0.150
codec-U	U-root-u-fixed64	U-root-u-fixed64	ascii	core-ffi	encode	drop	10	189.2	185.5	192.2	0.035
codec-U	U-root-u-fixed64	U-root-u-fixed64	ascii	core-ffi	encode	retain	10	206.4	200.2	244.2	0.213
codec-U	U-root-u-fixed64	U-root-u-fixed64	ascii	core-ffi	decode	drop	10	892.9	865.8	917.9	0.058
codec-U	U-root-u-fixed64	U-root-u-fixed64	ascii	core-ffi	decode	retain	10	972.2	957.0	1019.4	0.064
codec-U	U-root-u-fixed64	U-root-u-fixed64	ascii	core-ffi	decode-read	drop	10	849.4	836.3	869.9	0.039
codec-U	U-root-u-fixed64	U-root-u-fixed64	ascii	core-ffi	decode-read	retain	10	898.1	874.1	979.8	0.118
codec-U	U-root-u-len	U-root-u-len	ascii	core-ffi	encode	drop	10	176.4	171.8	184.7	0.073
codec-U	U-root-u-len	U-root-u-len	ascii	core-ffi	encode	retain	10	184.2	182.0	197.3	0.083
codec-U	U-root-u-len	U-root-u-len	ascii	core-ffi	decode	drop	10	819.6	809.5	845.3	0.044
codec-U	U-root-u-len	U-root-u-len	ascii	core-ffi	decode	retain	10	865.2	858.4	881.1	0.026
codec-U	U-root-u-len	U-root-u-len	ascii	core-ffi	decode-read	drop	10	872.7	860.3	887.9	0.032
codec-U	U-root-u-len	U-root-u-len	ascii	core-ffi	decode-read	retain	10	932.1	919.0	957.1	0.041
codec-U	U-root-u-msg	U-root-u-msg	ascii	core-ffi	encode	drop	10	187.7	181.9	194.8	0.069
codec-U	U-root-u-msg	U-root-u-msg	ascii	core-ffi	encode	retain	10	200.6	196.9	203.4	0.032
codec-U	U-root-u-msg	U-root-u-msg	ascii	core-ffi	decode	drop	10	885.6	860.5	907.2	0.053
codec-U	U-root-u-msg	U-root-u-msg	ascii	core-ffi	decode	retain	10	918.5	909.6	928.5	0.021
codec-U	U-root-u-msg	U-root-u-msg	ascii	core-ffi	decode-read	drop	10	893.2	882.0	929.3	0.053
codec-U	U-root-u-msg	U-root-u-msg	ascii	core-ffi	decode-read	retain	10	1001.9	990.3	1028.5	0.038
codec-U	U-root-u-packed	U-root-u-packed	ascii	core-ffi	encode	drop	10	181.2	177.5	184.0	0.036
codec-U	U-root-u-packed	U-root-u-packed	ascii	core-ffi	encode	retain	10	196.1	192.6	203.4	0.055
codec-U	U-root-u-packed	U-root-u-packed	ascii	core-ffi	decode	drop	10	876.3	866.3	918.3	0.059
codec-U	U-root-u-packed	U-root-u-packed	ascii	core-ffi	decode	retain	10	967.6	951.2	995.3	0.046
codec-U	U-root-u-packed	U-root-u-packed	ascii	core-ffi	decode-read	drop	10	863.3	848.9	878.0	0.034
codec-U	U-root-u-packed	U-root-u-packed	ascii	core-ffi	decode-read	retain	10	988.4	964.5	1100.0	0.137
codec-U	U-root-u-repeated	U-root-u-repeated	ascii	core-ffi	encode	drop	10	187.4	183.3	195.5	0.065
codec-U	U-root-u-repeated	U-root-u-repeated	ascii	core-ffi	encode	retain	10	201.7	198.6	208.8	0.051
codec-U	U-root-u-repeated	U-root-u-repeated	ascii	core-ffi	decode	drop	10	881.5	871.2	925.9	0.062
codec-U	U-root-u-repeated	U-root-u-repeated	ascii	core-ffi	decode	retain	10	1009.5	991.3	1092.9	0.101
codec-U	U-root-u-repeated	U-root-u-repeated	ascii	core-ffi	decode-read	drop	10	906.0	888.8	931.5	0.047
codec-U	U-root-u-repeated	U-root-u-repeated	ascii	core-ffi	decode-read	retain	10	982.9	971.5	1170.6	0.203
codec-U	U-root-u-varint	U-root-u-varint	ascii	core-ffi	encode	drop	10	186.2	181.9	194.3	0.066
codec-U	U-root-u-varint	U-root-u-varint	ascii	core-ffi	encode	retain	10	201.6	199.3	208.5	0.046
codec-U	U-root-u-varint	U-root-u-varint	ascii	core-ffi	decode	drop	10	870.3	861.6	889.7	0.032
codec-U	U-root-u-varint	U-root-u-varint	ascii	core-ffi	decode	retain	10	926.6	912.1	979.7	0.073
codec-U	U-root-u-varint	U-root-u-varint	ascii	core-ffi	decode-read	drop	10	883.9	869.6	891.8	0.025
codec-U	U-root-u-varint	U-root-u-varint	ascii	core-ffi	decode-read	retain	10	933.4	921.3	997.2	0.081
codec-U	U-wire-DualResponse-left-as-wt0	U-wire-DualResponse-left-as-wt0	ascii	core-ffi	encode	drop	10	84.2	82.4	89.2	0.082
codec-U	U-wire-DualResponse-left-as-wt0	U-wire-DualResponse-left-as-wt0	ascii	core-ffi	encode	retain	10	86.4	84.9	99.0	0.163
codec-U	U-wire-DualResponse-left-as-wt0	U-wire-DualResponse-left-as-wt0	ascii	core-ffi	decode	drop	10	256.0	251.4	269.5	0.071
codec-U	U-wire-DualResponse-left-as-wt0	U-wire-DualResponse-left-as-wt0	ascii	core-ffi	decode	retain	10	301.7	298.6	304.9	0.021
codec-U	U-wire-DualResponse-left-as-wt0	U-wire-DualResponse-left-as-wt0	ascii	core-ffi	decode-read	drop	10	265.1	262.6	285.3	0.086
codec-U	U-wire-DualResponse-left-as-wt0	U-wire-DualResponse-left-as-wt0	ascii	core-ffi	decode-read	retain	10	321.6	313.5	335.8	0.069
codec-U	U-wire-DualResponse-left-as-wt1	U-wire-DualResponse-left-as-wt1	ascii	core-ffi	encode	drop	10	84.0	82.9	86.2	0.039
codec-U	U-wire-DualResponse-left-as-wt1	U-wire-DualResponse-left-as-wt1	ascii	core-ffi	encode	retain	10	87.8	83.7	91.0	0.083
codec-U	U-wire-DualResponse-left-as-wt1	U-wire-DualResponse-left-as-wt1	ascii	core-ffi	decode	drop	10	254.9	252.4	259.0	0.026
codec-U	U-wire-DualResponse-left-as-wt1	U-wire-DualResponse-left-as-wt1	ascii	core-ffi	decode	retain	10	309.1	306.5	313.5	0.022
codec-U	U-wire-DualResponse-left-as-wt1	U-wire-DualResponse-left-as-wt1	ascii	core-ffi	decode-read	drop	10	267.9	263.6	269.5	0.022
codec-U	U-wire-DualResponse-left-as-wt1	U-wire-DualResponse-left-as-wt1	ascii	core-ffi	decode-read	retain	10	320.4	315.2	327.0	0.037
codec-U	U-wire-DualResponse-left-as-wt5	U-wire-DualResponse-left-as-wt5	ascii	core-ffi	encode	drop	10	83.7	81.6	85.5	0.046
codec-U	U-wire-DualResponse-left-as-wt5	U-wire-DualResponse-left-as-wt5	ascii	core-ffi	encode	retain	10	87.1	84.6	90.1	0.063
codec-U	U-wire-DualResponse-left-as-wt5	U-wire-DualResponse-left-as-wt5	ascii	core-ffi	decode	drop	10	256.2	253.1	274.2	0.082
codec-U	U-wire-DualResponse-left-as-wt5	U-wire-DualResponse-left-as-wt5	ascii	core-ffi	decode	retain	10	313.0	302.6	323.4	0.067
codec-U	U-wire-DualResponse-left-as-wt5	U-wire-DualResponse-left-as-wt5	ascii	core-ffi	decode-read	drop	10	267.0	261.2	269.4	0.031
codec-U	U-wire-DualResponse-left-as-wt5	U-wire-DualResponse-left-as-wt5	ascii	core-ffi	decode-read	retain	10	323.5	318.8	335.6	0.052
codec-U	U-wire-ListMetricsResponse-batches-as-wt0	U-wire-ListMetricsResponse-batches-as-wt0	ascii	core-ffi	encode	drop	10	777.5	756.9	816.1	0.076
codec-U	U-wire-ListMetricsResponse-batches-as-wt0	U-wire-ListMetricsResponse-batches-as-wt0	ascii	core-ffi	encode	retain	10	785.7	768.9	858.1	0.114
codec-U	U-wire-ListMetricsResponse-batches-as-wt0	U-wire-ListMetricsResponse-batches-as-wt0	ascii	core-ffi	decode	drop	10	1540.1	1504.3	1723.1	0.142
codec-U	U-wire-ListMetricsResponse-batches-as-wt0	U-wire-ListMetricsResponse-batches-as-wt0	ascii	core-ffi	decode	retain	10	1594.0	1554.2	1622.7	0.043
codec-U	U-wire-ListMetricsResponse-batches-as-wt0	U-wire-ListMetricsResponse-batches-as-wt0	ascii	core-ffi	decode-read	drop	10	1714.6	1702.2	1773.2	0.041
codec-U	U-wire-ListMetricsResponse-batches-as-wt0	U-wire-ListMetricsResponse-batches-as-wt0	ascii	core-ffi	decode-read	retain	10	1792.0	1751.1	1831.3	0.045
codec-U	U-wire-ListMetricsResponse-batches-as-wt1	U-wire-ListMetricsResponse-batches-as-wt1	ascii	core-ffi	encode	drop	10	779.9	770.4	789.6	0.025
codec-U	U-wire-ListMetricsResponse-batches-as-wt1	U-wire-ListMetricsResponse-batches-as-wt1	ascii	core-ffi	encode	retain	10	788.9	768.1	796.8	0.036
codec-U	U-wire-ListMetricsResponse-batches-as-wt1	U-wire-ListMetricsResponse-batches-as-wt1	ascii	core-ffi	decode	drop	10	1519.6	1466.5	1691.5	0.148
codec-U	U-wire-ListMetricsResponse-batches-as-wt1	U-wire-ListMetricsResponse-batches-as-wt1	ascii	core-ffi	decode	retain	10	1589.2	1536.2	1641.7	0.066
codec-U	U-wire-ListMetricsResponse-batches-as-wt1	U-wire-ListMetricsResponse-batches-as-wt1	ascii	core-ffi	decode-read	drop	10	1743.8	1701.2	1782.7	0.047
codec-U	U-wire-ListMetricsResponse-batches-as-wt1	U-wire-ListMetricsResponse-batches-as-wt1	ascii	core-ffi	decode-read	retain	10	1796.6	1748.3	1884.6	0.076
codec-U	U-wire-ListMetricsResponse-batches-as-wt5	U-wire-ListMetricsResponse-batches-as-wt5	ascii	core-ffi	encode	drop	10	776.8	753.3	789.3	0.046
codec-U	U-wire-ListMetricsResponse-batches-as-wt5	U-wire-ListMetricsResponse-batches-as-wt5	ascii	core-ffi	encode	retain	10	782.9	761.8	792.8	0.040
codec-U	U-wire-ListMetricsResponse-batches-as-wt5	U-wire-ListMetricsResponse-batches-as-wt5	ascii	core-ffi	decode	drop	10	1482.2	1448.8	1568.1	0.081
codec-U	U-wire-ListMetricsResponse-batches-as-wt5	U-wire-ListMetricsResponse-batches-as-wt5	ascii	core-ffi	decode	retain	10	1527.9	1446.9	1599.3	0.100
codec-U	U-wire-ListMetricsResponse-batches-as-wt5	U-wire-ListMetricsResponse-batches-as-wt5	ascii	core-ffi	decode-read	drop	10	1745.3	1687.6	1818.2	0.075
codec-U	U-wire-ListMetricsResponse-batches-as-wt5	U-wire-ListMetricsResponse-batches-as-wt5	ascii	core-ffi	decode-read	retain	10	1789.2	1750.6	1829.1	0.044
codec-U	U-wire-ListProbeResponse-probes-as-wt0	U-wire-ListProbeResponse-probes-as-wt0	ascii	core-ffi	encode	drop	10	91.0	89.7	92.4	0.030
codec-U	U-wire-ListProbeResponse-probes-as-wt0	U-wire-ListProbeResponse-probes-as-wt0	ascii	core-ffi	encode	retain	10	95.9	94.2	98.4	0.044
codec-U	U-wire-ListProbeResponse-probes-as-wt0	U-wire-ListProbeResponse-probes-as-wt0	ascii	core-ffi	decode	drop	10	314.3	308.9	326.2	0.055
codec-U	U-wire-ListProbeResponse-probes-as-wt0	U-wire-ListProbeResponse-probes-as-wt0	ascii	core-ffi	decode	retain	10	369.9	360.3	376.0	0.042
codec-U	U-wire-ListProbeResponse-probes-as-wt0	U-wire-ListProbeResponse-probes-as-wt0	ascii	core-ffi	decode-read	drop	10	327.0	321.6	350.8	0.089
codec-U	U-wire-ListProbeResponse-probes-as-wt0	U-wire-ListProbeResponse-probes-as-wt0	ascii	core-ffi	decode-read	retain	10	387.1	379.5	397.2	0.046
codec-U	U-wire-ListProbeResponse-probes-as-wt1	U-wire-ListProbeResponse-probes-as-wt1	ascii	core-ffi	encode	drop	10	92.4	89.5	94.9	0.058
codec-U	U-wire-ListProbeResponse-probes-as-wt1	U-wire-ListProbeResponse-probes-as-wt1	ascii	core-ffi	encode	retain	10	97.5	96.6	99.1	0.025
codec-U	U-wire-ListProbeResponse-probes-as-wt1	U-wire-ListProbeResponse-probes-as-wt1	ascii	core-ffi	decode	drop	10	312.5	307.8	320.8	0.042
codec-U	U-wire-ListProbeResponse-probes-as-wt1	U-wire-ListProbeResponse-probes-as-wt1	ascii	core-ffi	decode	retain	10	369.0	364.4	373.1	0.024
codec-U	U-wire-ListProbeResponse-probes-as-wt1	U-wire-ListProbeResponse-probes-as-wt1	ascii	core-ffi	decode-read	drop	10	325.7	322.7	329.0	0.019
codec-U	U-wire-ListProbeResponse-probes-as-wt1	U-wire-ListProbeResponse-probes-as-wt1	ascii	core-ffi	decode-read	retain	10	383.5	378.0	393.8	0.041
codec-U	U-wire-ListProbeResponse-probes-as-wt5	U-wire-ListProbeResponse-probes-as-wt5	ascii	core-ffi	encode	drop	10	90.6	89.2	96.4	0.080
codec-U	U-wire-ListProbeResponse-probes-as-wt5	U-wire-ListProbeResponse-probes-as-wt5	ascii	core-ffi	encode	retain	10	97.2	95.7	98.3	0.027
codec-U	U-wire-ListProbeResponse-probes-as-wt5	U-wire-ListProbeResponse-probes-as-wt5	ascii	core-ffi	decode	drop	10	313.1	306.4	322.0	0.050
codec-U	U-wire-ListProbeResponse-probes-as-wt5	U-wire-ListProbeResponse-probes-as-wt5	ascii	core-ffi	decode	retain	10	369.8	361.9	376.3	0.039
codec-U	U-wire-ListProbeResponse-probes-as-wt5	U-wire-ListProbeResponse-probes-as-wt5	ascii	core-ffi	decode-read	drop	10	326.7	321.0	333.6	0.039
codec-U	U-wire-ListProbeResponse-probes-as-wt5	U-wire-ListProbeResponse-probes-as-wt5	ascii	core-ffi	decode-read	retain	10	382.4	378.8	392.1	0.035
codec-U	U-wire-ListResultsResponse-page-as-wt1	U-wire-ListResultsResponse-page-as-wt1	ascii	core-ffi	encode	drop	10	188.7	182.8	218.0	0.186
codec-U	U-wire-ListResultsResponse-page-as-wt1	U-wire-ListResultsResponse-page-as-wt1	ascii	core-ffi	encode	retain	10	201.9	197.4	203.6	0.031
codec-U	U-wire-ListResultsResponse-page-as-wt1	U-wire-ListResultsResponse-page-as-wt1	ascii	core-ffi	decode	drop	10	880.5	842.6	911.0	0.078
codec-U	U-wire-ListResultsResponse-page-as-wt1	U-wire-ListResultsResponse-page-as-wt1	ascii	core-ffi	decode	retain	10	937.8	916.9	1180.7	0.281
codec-U	U-wire-ListResultsResponse-page-as-wt1	U-wire-ListResultsResponse-page-as-wt1	ascii	core-ffi	decode-read	drop	10	880.1	866.1	915.5	0.056
codec-U	U-wire-ListResultsResponse-page-as-wt1	U-wire-ListResultsResponse-page-as-wt1	ascii	core-ffi	decode-read	retain	10	937.2	921.5	1087.6	0.177
codec-U	U-wire-ListResultsResponse-page-as-wt2	U-wire-ListResultsResponse-page-as-wt2	ascii	core-ffi	encode	drop	10	186.8	183.2	190.0	0.036
codec-U	U-wire-ListResultsResponse-page-as-wt2	U-wire-ListResultsResponse-page-as-wt2	ascii	core-ffi	encode	retain	10	199.7	198.4	203.6	0.026
codec-U	U-wire-ListResultsResponse-page-as-wt2	U-wire-ListResultsResponse-page-as-wt2	ascii	core-ffi	decode	drop	10	870.5	848.5	881.1	0.038
codec-U	U-wire-ListResultsResponse-page-as-wt2	U-wire-ListResultsResponse-page-as-wt2	ascii	core-ffi	decode	retain	10	927.9	911.3	941.7	0.033
codec-U	U-wire-ListResultsResponse-page-as-wt2	U-wire-ListResultsResponse-page-as-wt2	ascii	core-ffi	decode-read	drop	10	901.0	883.2	925.0	0.046
codec-U	U-wire-ListResultsResponse-page-as-wt2	U-wire-ListResultsResponse-page-as-wt2	ascii	core-ffi	decode-read	retain	10	1005.9	977.8	2437.1	1.451
codec-U	U-wire-ListResultsResponse-page-as-wt5	U-wire-ListResultsResponse-page-as-wt5	ascii	core-ffi	encode	drop	10	188.0	185.1	191.7	0.035
codec-U	U-wire-ListResultsResponse-page-as-wt5	U-wire-ListResultsResponse-page-as-wt5	ascii	core-ffi	encode	retain	10	203.7	198.8	206.2	0.036
codec-U	U-wire-ListResultsResponse-page-as-wt5	U-wire-ListResultsResponse-page-as-wt5	ascii	core-ffi	decode	drop	10	871.7	859.0	910.6	0.059
codec-U	U-wire-ListResultsResponse-page-as-wt5	U-wire-ListResultsResponse-page-as-wt5	ascii	core-ffi	decode	retain	10	922.5	914.3	937.0	0.025
codec-U	U-wire-ListResultsResponse-page-as-wt5	U-wire-ListResultsResponse-page-as-wt5	ascii	core-ffi	decode-read	drop	10	871.4	859.4	892.3	0.038
codec-U	U-wire-ListResultsResponse-page-as-wt5	U-wire-ListResultsResponse-page-as-wt5	ascii	core-ffi	decode-read	retain	10	929.8	916.6	944.8	0.030
codec-U	U-wire-ListResultsResponse-results-as-wt0	U-wire-ListResultsResponse-results-as-wt0	ascii	core-ffi	encode	drop	10	188.3	183.7	194.9	0.059
codec-U	U-wire-ListResultsResponse-results-as-wt0	U-wire-ListResultsResponse-results-as-wt0	ascii	core-ffi	encode	retain	10	210.8	202.1	225.0	0.109
codec-U	U-wire-ListResultsResponse-results-as-wt0	U-wire-ListResultsResponse-results-as-wt0	ascii	core-ffi	decode	drop	10	873.6	863.6	889.2	0.029
codec-U	U-wire-ListResultsResponse-results-as-wt0	U-wire-ListResultsResponse-results-as-wt0	ascii	core-ffi	decode	retain	10	976.7	960.7	1016.9	0.058
codec-U	U-wire-ListResultsResponse-results-as-wt0	U-wire-ListResultsResponse-results-as-wt0	ascii	core-ffi	decode-read	drop	10	887.7	870.9	918.2	0.053
codec-U	U-wire-ListResultsResponse-results-as-wt0	U-wire-ListResultsResponse-results-as-wt0	ascii	core-ffi	decode-read	retain	10	952.5	941.2	1382.0	0.463
codec-U	U-wire-ListResultsResponse-results-as-wt1	U-wire-ListResultsResponse-results-as-wt1	ascii	core-ffi	encode	drop	10	187.0	180.2	211.7	0.168
codec-U	U-wire-ListResultsResponse-results-as-wt1	U-wire-ListResultsResponse-results-as-wt1	ascii	core-ffi	encode	retain	10	200.7	198.6	202.8	0.021
codec-U	U-wire-ListResultsResponse-results-as-wt1	U-wire-ListResultsResponse-results-as-wt1	ascii	core-ffi	decode	drop	10	678.2	675.5	688.8	0.020
codec-U	U-wire-ListResultsResponse-results-as-wt1	U-wire-ListResultsResponse-results-as-wt1	ascii	core-ffi	decode	retain	10	724.2	707.6	737.4	0.041
codec-U	U-wire-ListResultsResponse-results-as-wt1	U-wire-ListResultsResponse-results-as-wt1	ascii	core-ffi	decode-read	drop	10	683.4	679.3	709.0	0.043
codec-U	U-wire-ListResultsResponse-results-as-wt1	U-wire-ListResultsResponse-results-as-wt1	ascii	core-ffi	decode-read	retain	10	930.5	913.8	955.6	0.045
codec-U	U-wire-ListResultsResponse-results-as-wt5	U-wire-ListResultsResponse-results-as-wt5	ascii	core-ffi	encode	drop	10	186.2	183.5	192.8	0.050
codec-U	U-wire-ListResultsResponse-results-as-wt5	U-wire-ListResultsResponse-results-as-wt5	ascii	core-ffi	encode	retain	10	201.1	199.0	205.4	0.031
codec-U	U-wire-ListResultsResponse-results-as-wt5	U-wire-ListResultsResponse-results-as-wt5	ascii	core-ffi	decode	drop	10	891.4	884.3	915.1	0.035
codec-U	U-wire-ListResultsResponse-results-as-wt5	U-wire-ListResultsResponse-results-as-wt5	ascii	core-ffi	decode	retain	10	990.1	963.3	1063.1	0.101
codec-U	U-wire-ListResultsResponse-results-as-wt5	U-wire-ListResultsResponse-results-as-wt5	ascii	core-ffi	decode-read	drop	10	897.3	881.8	908.7	0.030
codec-U	U-wire-ListResultsResponse-results-as-wt5	U-wire-ListResultsResponse-results-as-wt5	ascii	core-ffi	decode-read	retain	10	951.7	930.8	997.0	0.070
codec-U	U-wire-ListTaskSummaryResponse-tasks-as-wt0	U-wire-ListTaskSummaryResponse-tasks-as-wt0	ascii	core-ffi	encode	drop	10	516.8	495.8	534.0	0.074
codec-U	U-wire-ListTaskSummaryResponse-tasks-as-wt0	U-wire-ListTaskSummaryResponse-tasks-as-wt0	ascii	core-ffi	encode	retain	10	525.3	493.7	566.9	0.139
codec-U	U-wire-ListTaskSummaryResponse-tasks-as-wt0	U-wire-ListTaskSummaryResponse-tasks-as-wt0	ascii	core-ffi	decode	drop	10	1961.6	1892.5	2241.5	0.178
codec-U	U-wire-ListTaskSummaryResponse-tasks-as-wt0	U-wire-ListTaskSummaryResponse-tasks-as-wt0	ascii	core-ffi	decode	retain	10	2081.5	2026.2	2123.8	0.047
codec-U	U-wire-ListTaskSummaryResponse-tasks-as-wt0	U-wire-ListTaskSummaryResponse-tasks-as-wt0	ascii	core-ffi	decode-read	drop	10	2082.6	2038.6	2191.3	0.073
codec-U	U-wire-ListTaskSummaryResponse-tasks-as-wt0	U-wire-ListTaskSummaryResponse-tasks-as-wt0	ascii	core-ffi	decode-read	retain	10	2099.5	2075.2	2177.9	0.049
codec-U	U-wire-ListTaskSummaryResponse-tasks-as-wt1	U-wire-ListTaskSummaryResponse-tasks-as-wt1	ascii	core-ffi	encode	drop	10	395.9	388.0	412.5	0.062
codec-U	U-wire-ListTaskSummaryResponse-tasks-as-wt1	U-wire-ListTaskSummaryResponse-tasks-as-wt1	ascii	core-ffi	encode	retain	10	401.4	386.9	411.3	0.061
codec-U	U-wire-ListTaskSummaryResponse-tasks-as-wt1	U-wire-ListTaskSummaryResponse-tasks-as-wt1	ascii	core-ffi	decode	drop	10	2376.6	2314.1	2670.9	0.150
codec-U	U-wire-ListTaskSummaryResponse-tasks-as-wt1	U-wire-ListTaskSummaryResponse-tasks-as-wt1	ascii	core-ffi	decode	retain	10	2457.0	2409.9	2696.1	0.116
codec-U	U-wire-ListTaskSummaryResponse-tasks-as-wt1	U-wire-ListTaskSummaryResponse-tasks-as-wt1	ascii	core-ffi	decode-read	drop	10	2527.0	2478.3	2612.4	0.053
codec-U	U-wire-ListTaskSummaryResponse-tasks-as-wt1	U-wire-ListTaskSummaryResponse-tasks-as-wt1	ascii	core-ffi	decode-read	retain	10	2637.6	2582.0	2770.3	0.071
codec-U	U-wire-ListTaskSummaryResponse-tasks-as-wt5	U-wire-ListTaskSummaryResponse-tasks-as-wt5	ascii	core-ffi	encode	drop	10	510.2	496.5	539.8	0.085
codec-U	U-wire-ListTaskSummaryResponse-tasks-as-wt5	U-wire-ListTaskSummaryResponse-tasks-as-wt5	ascii	core-ffi	encode	retain	10	512.0	503.4	582.9	0.155
codec-U	U-wire-ListTaskSummaryResponse-tasks-as-wt5	U-wire-ListTaskSummaryResponse-tasks-as-wt5	ascii	core-ffi	decode	drop	10	2427.8	2366.9	2498.6	0.054
codec-U	U-wire-ListTaskSummaryResponse-tasks-as-wt5	U-wire-ListTaskSummaryResponse-tasks-as-wt5	ascii	core-ffi	decode	retain	10	2650.5	2550.6	2927.6	0.142
codec-U	U-wire-ListTaskSummaryResponse-tasks-as-wt5	U-wire-ListTaskSummaryResponse-tasks-as-wt5	ascii	core-ffi	decode-read	drop	10	2519.8	2473.5	2550.2	0.030
codec-U	U-wire-ListTaskSummaryResponse-tasks-as-wt5	U-wire-ListTaskSummaryResponse-tasks-as-wt5	ascii	core-ffi	decode-read	retain	10	2656.3	2624.7	2697.7	0.027
codec-U	U-wire-ListTasksDetailedResponse-page-as-wt1	U-wire-ListTasksDetailedResponse-page-as-wt1	ascii	core-ffi	encode	drop	10	1140.2	1114.5	1155.3	0.036
codec-U	U-wire-ListTasksDetailedResponse-page-as-wt1	U-wire-ListTasksDetailedResponse-page-as-wt1	ascii	core-ffi	encode	retain	10	1203.9	1169.1	1227.6	0.049
codec-U	U-wire-ListTasksDetailedResponse-page-as-wt1	U-wire-ListTasksDetailedResponse-page-as-wt1	ascii	core-ffi	decode	drop	10	5621.6	5534.9	5680.6	0.026
codec-U	U-wire-ListTasksDetailedResponse-page-as-wt1	U-wire-ListTasksDetailedResponse-page-as-wt1	ascii	core-ffi	decode	retain	10	5685.8	5543.4	5759.2	0.038
codec-U	U-wire-ListTasksDetailedResponse-page-as-wt1	U-wire-ListTasksDetailedResponse-page-as-wt1	ascii	core-ffi	decode-read	drop	10	5825.2	5755.9	5912.0	0.027
codec-U	U-wire-ListTasksDetailedResponse-page-as-wt1	U-wire-ListTasksDetailedResponse-page-as-wt1	ascii	core-ffi	decode-read	retain	10	5951.8	5856.0	6095.1	0.040
codec-U	U-wire-ListTasksDetailedResponse-page-as-wt2	U-wire-ListTasksDetailedResponse-page-as-wt2	ascii	core-ffi	encode	drop	10	1140.3	1116.4	1148.8	0.028
codec-U	U-wire-ListTasksDetailedResponse-page-as-wt2	U-wire-ListTasksDetailedResponse-page-as-wt2	ascii	core-ffi	encode	retain	10	1205.6	949.8	1403.1	0.376
codec-U	U-wire-ListTasksDetailedResponse-page-as-wt2	U-wire-ListTasksDetailedResponse-page-as-wt2	ascii	core-ffi	decode	drop	10	4464.7	4260.6	4831.4	0.128
codec-U	U-wire-ListTasksDetailedResponse-page-as-wt2	U-wire-ListTasksDetailedResponse-page-as-wt2	ascii	core-ffi	decode	retain	10	4547.0	4491.5	4706.1	0.047
codec-U	U-wire-ListTasksDetailedResponse-page-as-wt2	U-wire-ListTasksDetailedResponse-page-as-wt2	ascii	core-ffi	decode-read	drop	10	4680.0	4478.8	4924.0	0.095
codec-U	U-wire-ListTasksDetailedResponse-page-as-wt2	U-wire-ListTasksDetailedResponse-page-as-wt2	ascii	core-ffi	decode-read	retain	10	4894.5	4807.7	5051.8	0.050
codec-U	U-wire-ListTasksDetailedResponse-page-as-wt5	U-wire-ListTasksDetailedResponse-page-as-wt5	ascii	core-ffi	encode	drop	10	938.1	924.4	969.3	0.048
codec-U	U-wire-ListTasksDetailedResponse-page-as-wt5	U-wire-ListTasksDetailedResponse-page-as-wt5	ascii	core-ffi	encode	retain	10	989.5	974.9	1357.9	0.387
codec-U	U-wire-ListTasksDetailedResponse-page-as-wt5	U-wire-ListTasksDetailedResponse-page-as-wt5	ascii	core-ffi	decode	drop	10	5721.2	5590.8	6199.5	0.106
codec-U	U-wire-ListTasksDetailedResponse-page-as-wt5	U-wire-ListTasksDetailedResponse-page-as-wt5	ascii	core-ffi	decode	retain	10	5868.4	5740.5	6047.7	0.052
codec-U	U-wire-ListTasksDetailedResponse-page-as-wt5	U-wire-ListTasksDetailedResponse-page-as-wt5	ascii	core-ffi	decode-read	drop	10	6073.6	5779.6	6950.7	0.193
codec-U	U-wire-ListTasksDetailedResponse-page-as-wt5	U-wire-ListTasksDetailedResponse-page-as-wt5	ascii	core-ffi	decode-read	retain	10	6046.6	5834.7	6327.4	0.081
codec-U	U-wire-ListTasksDetailedResponse-tasks-as-wt0	U-wire-ListTasksDetailedResponse-tasks-as-wt0	ascii	core-ffi	encode	drop	10	1153.6	1138.7	1189.6	0.044
codec-U	U-wire-ListTasksDetailedResponse-tasks-as-wt0	U-wire-ListTasksDetailedResponse-tasks-as-wt0	ascii	core-ffi	encode	retain	10	1213.0	1175.7	1245.5	0.058
codec-U	U-wire-ListTasksDetailedResponse-tasks-as-wt0	U-wire-ListTasksDetailedResponse-tasks-as-wt0	ascii	core-ffi	decode	drop	10	5725.3	5619.4	5983.1	0.064
codec-U	U-wire-ListTasksDetailedResponse-tasks-as-wt0	U-wire-ListTasksDetailedResponse-tasks-as-wt0	ascii	core-ffi	decode	retain	10	5939.8	5830.6	6130.3	0.050
codec-U	U-wire-ListTasksDetailedResponse-tasks-as-wt0	U-wire-ListTasksDetailedResponse-tasks-as-wt0	ascii	core-ffi	decode-read	drop	10	5886.9	5767.2	6008.2	0.041
codec-U	U-wire-ListTasksDetailedResponse-tasks-as-wt0	U-wire-ListTasksDetailedResponse-tasks-as-wt0	ascii	core-ffi	decode-read	retain	10	6034.2	5938.4	6184.0	0.041
codec-U	U-wire-ListTasksDetailedResponse-tasks-as-wt1	U-wire-ListTasksDetailedResponse-tasks-as-wt1	ascii	core-ffi	encode	drop	10	1142.3	1129.5	1217.8	0.077
codec-U	U-wire-ListTasksDetailedResponse-tasks-as-wt1	U-wire-ListTasksDetailedResponse-tasks-as-wt1	ascii	core-ffi	encode	retain	10	1201.0	1186.7	1288.8	0.085
codec-U	U-wire-ListTasksDetailedResponse-tasks-as-wt1	U-wire-ListTasksDetailedResponse-tasks-as-wt1	ascii	core-ffi	decode	drop	10	5832.5	5253.6	7141.0	0.324
codec-U	U-wire-ListTasksDetailedResponse-tasks-as-wt1	U-wire-ListTasksDetailedResponse-tasks-as-wt1	ascii	core-ffi	decode	retain	10	5854.8	5687.2	6031.8	0.059
codec-U	U-wire-ListTasksDetailedResponse-tasks-as-wt1	U-wire-ListTasksDetailedResponse-tasks-as-wt1	ascii	core-ffi	decode-read	drop	10	5925.4	5776.1	6570.2	0.134
codec-U	U-wire-ListTasksDetailedResponse-tasks-as-wt1	U-wire-ListTasksDetailedResponse-tasks-as-wt1	ascii	core-ffi	decode-read	retain	10	6005.8	5805.1	6125.7	0.053
codec-U	U-wire-ListTasksDetailedResponse-tasks-as-wt5	U-wire-ListTasksDetailedResponse-tasks-as-wt5	ascii	core-ffi	encode	drop	10	1144.2	1128.9	1195.5	0.058
codec-U	U-wire-ListTasksDetailedResponse-tasks-as-wt5	U-wire-ListTasksDetailedResponse-tasks-as-wt5	ascii	core-ffi	encode	retain	10	1210.3	1186.2	1236.7	0.042
codec-U	U-wire-ListTasksDetailedResponse-tasks-as-wt5	U-wire-ListTasksDetailedResponse-tasks-as-wt5	ascii	core-ffi	decode	drop	10	5573.6	5468.2	5677.8	0.038
codec-U	U-wire-ListTasksDetailedResponse-tasks-as-wt5	U-wire-ListTasksDetailedResponse-tasks-as-wt5	ascii	core-ffi	decode	retain	10	5859.1	5743.1	5926.3	0.031
codec-U	U-wire-ListTasksDetailedResponse-tasks-as-wt5	U-wire-ListTasksDetailedResponse-tasks-as-wt5	ascii	core-ffi	decode-read	drop	10	5824.5	5687.3	5894.1	0.035
codec-U	U-wire-ListTasksDetailedResponse-tasks-as-wt5	U-wire-ListTasksDetailedResponse-tasks-as-wt5	ascii	core-ffi	decode-read	retain	10	6017.9	5902.8	6235.9	0.055
codec-U	U-wire-UploadResultDataMessage-upload-as-wt0	U-wire-UploadResultDataMessage-upload-as-wt0	ascii	core-ffi	encode	drop	10	32.6	32.2	33.4	0.036
codec-U	U-wire-UploadResultDataMessage-upload-as-wt0	U-wire-UploadResultDataMessage-upload-as-wt0	ascii	core-ffi	encode	retain	10	36.3	35.5	38.5	0.082
codec-U	U-wire-UploadResultDataMessage-upload-as-wt0	U-wire-UploadResultDataMessage-upload-as-wt0	ascii	core-ffi	decode	drop	10	157.3	153.8	158.6	0.030
codec-U	U-wire-UploadResultDataMessage-upload-as-wt0	U-wire-UploadResultDataMessage-upload-as-wt0	ascii	core-ffi	decode	retain	10	204.9	201.2	220.2	0.093
codec-U	U-wire-UploadResultDataMessage-upload-as-wt0	U-wire-UploadResultDataMessage-upload-as-wt0	ascii	core-ffi	decode-read	drop	10	160.3	157.3	168.9	0.073
codec-U	U-wire-UploadResultDataMessage-upload-as-wt0	U-wire-UploadResultDataMessage-upload-as-wt0	ascii	core-ffi	decode-read	retain	10	208.1	206.1	213.6	0.036
codec-U	U-wire-UploadResultDataMessage-upload-as-wt1	U-wire-UploadResultDataMessage-upload-as-wt1	ascii	core-ffi	encode	drop	10	33.3	32.6	33.8	0.036
codec-U	U-wire-UploadResultDataMessage-upload-as-wt1	U-wire-UploadResultDataMessage-upload-as-wt1	ascii	core-ffi	encode	retain	10	36.6	36.0	39.0	0.082
codec-U	U-wire-UploadResultDataMessage-upload-as-wt1	U-wire-UploadResultDataMessage-upload-as-wt1	ascii	core-ffi	decode	drop	10	157.4	154.8	166.4	0.073
codec-U	U-wire-UploadResultDataMessage-upload-as-wt1	U-wire-UploadResultDataMessage-upload-as-wt1	ascii	core-ffi	decode	retain	10	204.3	201.7	206.6	0.024
codec-U	U-wire-UploadResultDataMessage-upload-as-wt1	U-wire-UploadResultDataMessage-upload-as-wt1	ascii	core-ffi	decode-read	drop	10	162.6	157.5	167.7	0.063
codec-U	U-wire-UploadResultDataMessage-upload-as-wt1	U-wire-UploadResultDataMessage-upload-as-wt1	ascii	core-ffi	decode-read	retain	10	212.9	205.9	222.9	0.080
codec-U	U-wire-UploadResultDataMessage-upload-as-wt5	U-wire-UploadResultDataMessage-upload-as-wt5	ascii	core-ffi	encode	drop	10	33.1	32.1	34.1	0.061
codec-U	U-wire-UploadResultDataMessage-upload-as-wt5	U-wire-UploadResultDataMessage-upload-as-wt5	ascii	core-ffi	encode	retain	10	37.1	36.2	39.0	0.073
codec-U	U-wire-UploadResultDataMessage-upload-as-wt5	U-wire-UploadResultDataMessage-upload-as-wt5	ascii	core-ffi	decode	drop	10	157.2	152.4	181.2	0.183
codec-U	U-wire-UploadResultDataMessage-upload-as-wt5	U-wire-UploadResultDataMessage-upload-as-wt5	ascii	core-ffi	decode	retain	10	207.3	200.3	209.3	0.043
codec-U	U-wire-UploadResultDataMessage-upload-as-wt5	U-wire-UploadResultDataMessage-upload-as-wt5	ascii	core-ffi	decode-read	drop	10	159.3	157.0	163.7	0.042
codec-U	U-wire-UploadResultDataMessage-upload-as-wt5	U-wire-UploadResultDataMessage-upload-as-wt5	ascii	core-ffi	decode-read	retain	10	211.0	205.6	221.1	0.073
codec-U	U-deep-all	U-deep-all	ascii	core-ffi-pull	decode	drop	10	2648.7	2610.7	2755.9	0.055
codec-U	U-deep-all	U-deep-all	ascii	core-ffi-pull	decode	retain	10	3145.0	3081.6	3197.0	0.037
codec-U	U-deep-all	U-deep-all	ascii	core-ffi-pull	decode-read	drop	10	2863.5	2784.7	3060.3	0.096
codec-U	U-deep-all	U-deep-all	ascii	core-ffi-pull	decode-read	retain	10	3301.2	3237.2	3437.6	0.061
codec-U	U-deep-u-fixed32	U-deep-u-fixed32	ascii	core-ffi-pull	decode	drop	10	2668.0	2558.1	2763.4	0.077
codec-U	U-deep-u-fixed32	U-deep-u-fixed32	ascii	core-ffi-pull	decode	retain	10	2821.8	2739.4	2923.8	0.065
codec-U	U-deep-u-fixed32	U-deep-u-fixed32	ascii	core-ffi-pull	decode-read	drop	10	3061.6	2756.4	3524.8	0.251
codec-U	U-deep-u-fixed32	U-deep-u-fixed32	ascii	core-ffi-pull	decode-read	retain	10	2947.4	2870.4	3066.9	0.067
codec-U	U-deep-u-fixed64	U-deep-u-fixed64	ascii	core-ffi-pull	decode	drop	10	2651.4	2605.3	2693.0	0.033
codec-U	U-deep-u-fixed64	U-deep-u-fixed64	ascii	core-ffi-pull	decode	retain	10	2417.4	2301.0	2530.9	0.095
codec-U	U-deep-u-fixed64	U-deep-u-fixed64	ascii	core-ffi-pull	decode-read	drop	10	2237.3	2222.4	2319.9	0.044
codec-U	U-deep-u-fixed64	U-deep-u-fixed64	ascii	core-ffi-pull	decode-read	retain	10	2372.7	2334.9	2411.3	0.032
codec-U	U-deep-u-len	U-deep-u-len	ascii	core-ffi-pull	decode	drop	10	2052.8	2010.8	2100.5	0.044
codec-U	U-deep-u-len	U-deep-u-len	ascii	core-ffi-pull	decode	retain	10	2175.1	2122.7	2207.8	0.039
codec-U	U-deep-u-len	U-deep-u-len	ascii	core-ffi-pull	decode-read	drop	10	2099.1	2070.9	2210.4	0.066
codec-U	U-deep-u-len	U-deep-u-len	ascii	core-ffi-pull	decode-read	retain	10	2233.4	2219.4	2351.1	0.059
codec-U	U-deep-u-msg	U-deep-u-msg	ascii	core-ffi-pull	decode	drop	10	2098.8	2071.1	2156.0	0.040
codec-U	U-deep-u-msg	U-deep-u-msg	ascii	core-ffi-pull	decode	retain	10	2181.0	2135.7	2285.5	0.069
codec-U	U-deep-u-msg	U-deep-u-msg	ascii	core-ffi-pull	decode-read	drop	10	2161.8	2125.5	2207.7	0.038
codec-U	U-deep-u-msg	U-deep-u-msg	ascii	core-ffi-pull	decode-read	retain	10	2286.6	2260.3	2311.2	0.022
codec-U	U-deep-u-packed	U-deep-u-packed	ascii	core-ffi-pull	decode	drop	10	2670.3	2642.8	2707.2	0.024
codec-U	U-deep-u-packed	U-deep-u-packed	ascii	core-ffi-pull	decode	retain	10	2766.6	2713.8	2884.2	0.062
codec-U	U-deep-u-packed	U-deep-u-packed	ascii	core-ffi-pull	decode-read	drop	10	2742.7	2704.2	2941.6	0.087
codec-U	U-deep-u-packed	U-deep-u-packed	ascii	core-ffi-pull	decode-read	retain	10	2933.6	2860.6	3664.4	0.274
codec-U	U-deep-u-repeated	U-deep-u-repeated	ascii	core-ffi-pull	decode	drop	10	2687.5	2644.8	2787.7	0.053
codec-U	U-deep-u-repeated	U-deep-u-repeated	ascii	core-ffi-pull	decode	retain	10	2948.8	2799.0	3134.5	0.114
codec-U	U-deep-u-repeated	U-deep-u-repeated	ascii	core-ffi-pull	decode-read	drop	10	2737.6	2654.5	3373.1	0.262
codec-U	U-deep-u-repeated	U-deep-u-repeated	ascii	core-ffi-pull	decode-read	retain	10	2680.8	2380.6	2986.5	0.226
codec-U	U-deep-u-varint	U-deep-u-varint	ascii	core-ffi-pull	decode	drop	10	2231.1	2201.3	2342.7	0.063
codec-U	U-deep-u-varint	U-deep-u-varint	ascii	core-ffi-pull	decode	retain	10	2273.9	2246.3	2386.6	0.062
codec-U	U-deep-u-varint	U-deep-u-varint	ascii	core-ffi-pull	decode-read	drop	10	2248.1	2214.5	2308.9	0.042
codec-U	U-deep-u-varint	U-deep-u-varint	ascii	core-ffi-pull	decode-read	retain	10	2257.8	2225.6	3251.5	0.454
codec-U	U-element-all	U-element-all	ascii	core-ffi-pull	decode	drop	10	2804.1	2680.9	3071.4	0.139
codec-U	U-element-all	U-element-all	ascii	core-ffi-pull	decode	retain	10	3167.7	3048.6	3243.4	0.061
codec-U	U-element-all	U-element-all	ascii	core-ffi-pull	decode-read	drop	10	2801.3	2753.3	3013.9	0.093
codec-U	U-element-all	U-element-all	ascii	core-ffi-pull	decode-read	retain	10	3231.4	3151.4	3379.8	0.071
codec-U	U-element-u-fixed32	U-element-u-fixed32	ascii	core-ffi-pull	decode	drop	10	2648.4	2589.9	2744.7	0.058
codec-U	U-element-u-fixed32	U-element-u-fixed32	ascii	core-ffi-pull	decode	retain	10	2836.7	2769.3	3771.7	0.353
codec-U	U-element-u-fixed32	U-element-u-fixed32	ascii	core-ffi-pull	decode-read	drop	10	2785.3	2728.8	3116.5	0.139
codec-U	U-element-u-fixed32	U-element-u-fixed32	ascii	core-ffi-pull	decode-read	retain	10	2913.8	2840.0	3013.0	0.059
codec-U	U-element-u-fixed64	U-element-u-fixed64	ascii	core-ffi-pull	decode	drop	10	2633.7	2602.0	2748.9	0.056
codec-U	U-element-u-fixed64	U-element-u-fixed64	ascii	core-ffi-pull	decode	retain	10	2802.0	2738.3	2935.9	0.071
codec-U	U-element-u-fixed64	U-element-u-fixed64	ascii	core-ffi-pull	decode-read	drop	10	2762.9	2700.3	3049.4	0.126
codec-U	U-element-u-fixed64	U-element-u-fixed64	ascii	core-ffi-pull	decode-read	retain	10	2839.6	2760.0	3006.7	0.087
codec-U	U-element-u-len	U-element-u-len	ascii	core-ffi-pull	decode	drop	10	2624.2	2554.2	2789.8	0.090
codec-U	U-element-u-len	U-element-u-len	ascii	core-ffi-pull	decode	retain	10	2856.4	2794.1	2976.1	0.064
codec-U	U-element-u-len	U-element-u-len	ascii	core-ffi-pull	decode-read	drop	10	2742.9	2694.8	2769.5	0.027
codec-U	U-element-u-len	U-element-u-len	ascii	core-ffi-pull	decode-read	retain	10	2977.8	2895.2	3011.7	0.039
codec-U	U-element-u-msg	U-element-u-msg	ascii	core-ffi-pull	decode	drop	10	2674.3	2590.5	2869.7	0.104
codec-U	U-element-u-msg	U-element-u-msg	ascii	core-ffi-pull	decode	retain	10	2868.2	2776.8	3037.0	0.091
codec-U	U-element-u-msg	U-element-u-msg	ascii	core-ffi-pull	decode-read	drop	10	2832.0	2683.6	3255.0	0.202
codec-U	U-element-u-msg	U-element-u-msg	ascii	core-ffi-pull	decode-read	retain	10	2991.9	2877.1	3066.7	0.063
codec-U	U-element-u-packed	U-element-u-packed	ascii	core-ffi-pull	decode	drop	10	2816.5	2693.3	2945.6	0.090
codec-U	U-element-u-packed	U-element-u-packed	ascii	core-ffi-pull	decode	retain	10	2836.3	2754.6	2935.6	0.064
codec-U	U-element-u-packed	U-element-u-packed	ascii	core-ffi-pull	decode-read	drop	10	2859.5	2716.7	3206.1	0.171
codec-U	U-element-u-packed	U-element-u-packed	ascii	core-ffi-pull	decode-read	retain	10	2935.2	2759.7	3006.5	0.084
codec-U	U-element-u-repeated	U-element-u-repeated	ascii	core-ffi-pull	decode	drop	10	2510.0	2465.1	2588.9	0.049
codec-U	U-element-u-repeated	U-element-u-repeated	ascii	core-ffi-pull	decode	retain	10	2694.1	2682.7	2769.5	0.032
codec-U	U-element-u-repeated	U-element-u-repeated	ascii	core-ffi-pull	decode-read	drop	10	2450.2	2391.5	2481.1	0.037
codec-U	U-element-u-repeated	U-element-u-repeated	ascii	core-ffi-pull	decode-read	retain	10	2648.3	2445.8	2682.1	0.089
codec-U	U-element-u-varint	U-element-u-varint	ascii	core-ffi-pull	decode	drop	10	2175.5	2145.1	2200.4	0.025
codec-U	U-element-u-varint	U-element-u-varint	ascii	core-ffi-pull	decode	retain	10	2333.4	2303.1	2352.5	0.021
codec-U	U-element-u-varint	U-element-u-varint	ascii	core-ffi-pull	decode-read	drop	10	2245.3	2120.4	2301.3	0.081
codec-U	U-element-u-varint	U-element-u-varint	ascii	core-ffi-pull	decode-read	retain	10	2371.8	2340.2	2390.8	0.021
codec-U	U-enum-value-127	U-enum-value-127	ascii	core-ffi-pull	decode	drop	10	114.9	113.1	119.8	0.059
codec-U	U-enum-value-127	U-enum-value-127	ascii	core-ffi-pull	decode	retain	10	125.4	123.9	128.2	0.034
codec-U	U-enum-value-127	U-enum-value-127	ascii	core-ffi-pull	decode-read	drop	10	116.6	115.1	121.9	0.058
codec-U	U-enum-value-127	U-enum-value-127	ascii	core-ffi-pull	decode-read	retain	10	126.3	124.8	128.8	0.032
codec-U	U-enum-value-2147483647	U-enum-value-2147483647	ascii	core-ffi-pull	decode	drop	10	139.5	137.1	141.1	0.029
codec-U	U-enum-value-2147483647	U-enum-value-2147483647	ascii	core-ffi-pull	decode	retain	10	153.5	151.9	157.3	0.035
codec-U	U-enum-value-2147483647	U-enum-value-2147483647	ascii	core-ffi-pull	decode-read	drop	10	149.1	147.8	169.6	0.146
codec-U	U-enum-value-2147483647	U-enum-value-2147483647	ascii	core-ffi-pull	decode-read	retain	10	165.5	161.0	204.1	0.260
codec-U	U-enum-value-999	U-enum-value-999	ascii	core-ffi-pull	decode	drop	10	139.0	135.9	145.4	0.068
codec-U	U-enum-value-999	U-enum-value-999	ascii	core-ffi-pull	decode	retain	10	152.5	149.6	154.8	0.034
codec-U	U-enum-value-999	U-enum-value-999	ascii	core-ffi-pull	decode-read	drop	10	149.1	146.0	154.4	0.056
codec-U	U-enum-value-999	U-enum-value-999	ascii	core-ffi-pull	decode-read	retain	10	164.0	160.9	172.2	0.069
codec-U	U-enum-value-packed	U-enum-value-packed	ascii	core-ffi-pull	decode	drop	10	252.1	196.8	261.5	0.257
codec-U	U-enum-value-packed	U-enum-value-packed	ascii	core-ffi-pull	decode	retain	10	211.8	205.5	224.5	0.090
codec-U	U-enum-value-packed	U-enum-value-packed	ascii	core-ffi-pull	decode-read	drop	10	205.1	204.6	219.2	0.071
codec-U	U-enum-value-packed	U-enum-value-packed	ascii	core-ffi-pull	decode-read	retain	10	228.7	215.5	236.2	0.091
codec-U	U-leaf-all	U-leaf-all	ascii	core-ffi-pull	decode	drop	10	394.8	391.5	400.8	0.024
codec-U	U-leaf-all	U-leaf-all	ascii	core-ffi-pull	decode	retain	10	904.3	892.7	1192.7	0.332
codec-U	U-leaf-all	U-leaf-all	ascii	core-ffi-pull	decode-read	drop	10	526.3	514.9	553.0	0.072
codec-U	U-leaf-all	U-leaf-all	ascii	core-ffi-pull	decode-read	retain	10	1211.7	1159.4	1319.6	0.132
codec-U	U-leaf-u-fixed32	U-leaf-u-fixed32	ascii	core-ffi-pull	decode	drop	10	451.8	427.9	512.8	0.188
codec-U	U-leaf-u-fixed32	U-leaf-u-fixed32	ascii	core-ffi-pull	decode	retain	10	510.5	494.7	545.4	0.099
codec-U	U-leaf-u-fixed32	U-leaf-u-fixed32	ascii	core-ffi-pull	decode-read	drop	10	453.1	434.8	472.9	0.084
codec-U	U-leaf-u-fixed32	U-leaf-u-fixed32	ascii	core-ffi-pull	decode-read	retain	10	517.7	506.3	671.0	0.318
codec-U	U-leaf-u-fixed64	U-leaf-u-fixed64	ascii	core-ffi-pull	decode	drop	10	408.7	399.6	430.9	0.077
codec-U	U-leaf-u-fixed64	U-leaf-u-fixed64	ascii	core-ffi-pull	decode	retain	10	541.1	520.8	573.6	0.097
codec-U	U-leaf-u-fixed64	U-leaf-u-fixed64	ascii	core-ffi-pull	decode-read	drop	10	450.4	441.1	454.9	0.031
codec-U	U-leaf-u-fixed64	U-leaf-u-fixed64	ascii	core-ffi-pull	decode-read	retain	10	532.3	526.3	550.9	0.046
codec-U	U-leaf-u-len	U-leaf-u-len	ascii	core-ffi-pull	decode	drop	10	439.1	426.7	460.7	0.077
codec-U	U-leaf-u-len	U-leaf-u-len	ascii	core-ffi-pull	decode	retain	10	538.0	510.5	566.6	0.104
codec-U	U-leaf-u-len	U-leaf-u-len	ascii	core-ffi-pull	decode-read	drop	10	452.8	443.4	463.6	0.045
codec-U	U-leaf-u-len	U-leaf-u-len	ascii	core-ffi-pull	decode-read	retain	10	537.9	527.0	568.9	0.078
codec-U	U-leaf-u-msg	U-leaf-u-msg	ascii	core-ffi-pull	decode	drop	10	440.3	424.8	714.6	0.658
codec-U	U-leaf-u-msg	U-leaf-u-msg	ascii	core-ffi-pull	decode	retain	10	403.6	395.9	411.8	0.039
codec-U	U-leaf-u-msg	U-leaf-u-msg	ascii	core-ffi-pull	decode-read	drop	10	353.5	345.3	376.4	0.088
codec-U	U-leaf-u-msg	U-leaf-u-msg	ascii	core-ffi-pull	decode-read	retain	10	419.1	406.9	447.2	0.096
codec-U	U-leaf-u-packed	U-leaf-u-packed	ascii	core-ffi-pull	decode	drop	10	389.6	381.3	406.4	0.064
codec-U	U-leaf-u-packed	U-leaf-u-packed	ascii	core-ffi-pull	decode	retain	10	464.1	454.6	476.0	0.046
codec-U	U-leaf-u-packed	U-leaf-u-packed	ascii	core-ffi-pull	decode-read	drop	10	404.0	394.1	495.2	0.250
codec-U	U-leaf-u-packed	U-leaf-u-packed	ascii	core-ffi-pull	decode-read	retain	10	453.1	432.7	560.8	0.283
codec-U	U-leaf-u-repeated	U-leaf-u-repeated	ascii	core-ffi-pull	decode	drop	10	363.9	359.9	375.2	0.042
codec-U	U-leaf-u-repeated	U-leaf-u-repeated	ascii	core-ffi-pull	decode	retain	10	470.4	461.6	499.4	0.080
codec-U	U-leaf-u-repeated	U-leaf-u-repeated	ascii	core-ffi-pull	decode-read	drop	10	427.3	368.7	494.2	0.294
codec-U	U-leaf-u-repeated	U-leaf-u-repeated	ascii	core-ffi-pull	decode-read	retain	10	594.5	582.6	601.7	0.032
codec-U	U-leaf-u-varint	U-leaf-u-varint	ascii	core-ffi-pull	decode	drop	10	431.3	422.0	442.6	0.048
codec-U	U-leaf-u-varint	U-leaf-u-varint	ascii	core-ffi-pull	decode	retain	10	520.7	513.8	551.2	0.072
codec-U	U-leaf-u-varint	U-leaf-u-varint	ascii	core-ffi-pull	decode-read	drop	10	348.6	343.0	355.6	0.036
codec-U	U-leaf-u-varint	U-leaf-u-varint	ascii	core-ffi-pull	decode-read	retain	10	418.7	413.7	440.1	0.063
codec-U	U-nested-all	U-nested-all	ascii	core-ffi-pull	decode	drop	10	365.4	359.6	375.9	0.045
codec-U	U-nested-all	U-nested-all	ascii	core-ffi-pull	decode	retain	10	643.9	632.4	738.7	0.165
codec-U	U-nested-all	U-nested-all	ascii	core-ffi-pull	decode-read	drop	10	376.9	365.4	483.5	0.313
codec-U	U-nested-all	U-nested-all	ascii	core-ffi-pull	decode-read	retain	10	651.2	641.2	674.2	0.051
codec-U	U-nested-before	U-nested-before	ascii	core-ffi-pull	decode	drop	10	474.8	465.3	492.2	0.057
codec-U	U-nested-before	U-nested-before	ascii	core-ffi-pull	decode	retain	10	824.0	812.4	838.2	0.031
codec-U	U-nested-before	U-nested-before	ascii	core-ffi-pull	decode-read	drop	10	414.1	379.4	690.4	0.751
codec-U	U-nested-before	U-nested-before	ascii	core-ffi-pull	decode-read	retain	10	715.3	665.9	775.4	0.153
codec-U	U-nested-group	U-nested-group	ascii	core-ffi-pull	decode	drop	10	346.2	341.2	361.6	0.059
codec-U	U-nested-group	U-nested-group	ascii	core-ffi-pull	decode	retain	10	398.1	393.9	411.1	0.043
codec-U	U-nested-group	U-nested-group	ascii	core-ffi-pull	decode-read	drop	10	364.5	360.1	378.4	0.050
codec-U	U-nested-group	U-nested-group	ascii	core-ffi-pull	decode-read	retain	10	412.5	401.2	417.3	0.039
codec-U	U-nested-interleaved	U-nested-interleaved	ascii	core-ffi-pull	decode	drop	10	361.7	358.7	367.1	0.023
codec-U	U-nested-interleaved	U-nested-interleaved	ascii	core-ffi-pull	decode	retain	10	618.2	601.8	644.3	0.069
codec-U	U-nested-interleaved	U-nested-interleaved	ascii	core-ffi-pull	decode-read	drop	10	368.8	365.1	375.7	0.029
codec-U	U-nested-interleaved	U-nested-interleaved	ascii	core-ffi-pull	decode-read	retain	10	621.7	609.2	639.4	0.049
codec-U	U-nested-u-fixed32	U-nested-u-fixed32	ascii	core-ffi-pull	decode	drop	10	331.1	326.9	336.7	0.030
codec-U	U-nested-u-fixed32	U-nested-u-fixed32	ascii	core-ffi-pull	decode	retain	10	379.3	371.3	391.5	0.053
codec-U	U-nested-u-fixed32	U-nested-u-fixed32	ascii	core-ffi-pull	decode-read	drop	10	340.9	334.3	355.8	0.063
codec-U	U-nested-u-fixed32	U-nested-u-fixed32	ascii	core-ffi-pull	decode-read	retain	10	390.9	387.1	400.2	0.034
codec-U	U-nested-u-fixed64	U-nested-u-fixed64	ascii	core-ffi-pull	decode	drop	10	335.3	329.6	344.4	0.044
codec-U	U-nested-u-fixed64	U-nested-u-fixed64	ascii	core-ffi-pull	decode	retain	10	380.7	373.5	386.3	0.033
codec-U	U-nested-u-fixed64	U-nested-u-fixed64	ascii	core-ffi-pull	decode-read	drop	10	343.2	336.5	349.7	0.038
codec-U	U-nested-u-fixed64	U-nested-u-fixed64	ascii	core-ffi-pull	decode-read	retain	10	390.8	384.7	401.7	0.044
codec-U	U-nested-u-len	U-nested-u-len	ascii	core-ffi-pull	decode	drop	10	340.3	326.3	395.3	0.203
codec-U	U-nested-u-len	U-nested-u-len	ascii	core-ffi-pull	decode	retain	10	403.4	391.1	446.4	0.137
codec-U	U-nested-u-len	U-nested-u-len	ascii	core-ffi-pull	decode-read	drop	10	399.4	380.8	419.7	0.098
codec-U	U-nested-u-len	U-nested-u-len	ascii	core-ffi-pull	decode-read	retain	10	448.9	436.7	487.7	0.114
codec-U	U-nested-u-msg	U-nested-u-msg	ascii	core-ffi-pull	decode	drop	10	425.7	418.4	483.4	0.153
codec-U	U-nested-u-msg	U-nested-u-msg	ascii	core-ffi-pull	decode	retain	10	483.7	472.9	495.4	0.047
codec-U	U-nested-u-msg	U-nested-u-msg	ascii	core-ffi-pull	decode-read	drop	10	448.2	431.9	478.2	0.103
codec-U	U-nested-u-msg	U-nested-u-msg	ascii	core-ffi-pull	decode-read	retain	10	520.6	509.3	549.0	0.076
codec-U	U-nested-u-packed	U-nested-u-packed	ascii	core-ffi-pull	decode	drop	10	425.1	416.6	445.8	0.069
codec-U	U-nested-u-packed	U-nested-u-packed	ascii	core-ffi-pull	decode	retain	10	489.7	471.1	506.8	0.073
codec-U	U-nested-u-packed	U-nested-u-packed	ascii	core-ffi-pull	decode-read	drop	10	436.9	428.4	442.3	0.032
codec-U	U-nested-u-packed	U-nested-u-packed	ascii	core-ffi-pull	decode-read	retain	10	498.4	494.8	504.5	0.020
codec-U	U-nested-u-repeated	U-nested-u-repeated	ascii	core-ffi-pull	decode	drop	10	434.9	429.6	448.0	0.042
codec-U	U-nested-u-repeated	U-nested-u-repeated	ascii	core-ffi-pull	decode	retain	10	510.6	501.7	524.1	0.044
codec-U	U-nested-u-repeated	U-nested-u-repeated	ascii	core-ffi-pull	decode-read	drop	10	453.5	434.1	494.6	0.133
codec-U	U-nested-u-repeated	U-nested-u-repeated	ascii	core-ffi-pull	decode-read	retain	10	529.2	518.0	542.7	0.047
codec-U	U-nested-u-varint	U-nested-u-varint	ascii	core-ffi-pull	decode	drop	10	420.3	412.5	449.6	0.088
codec-U	U-nested-u-varint	U-nested-u-varint	ascii	core-ffi-pull	decode	retain	10	486.2	475.5	592.6	0.241
codec-U	U-nested-u-varint	U-nested-u-varint	ascii	core-ffi-pull	decode-read	drop	10	438.9	429.7	445.5	0.036
codec-U	U-nested-u-varint	U-nested-u-varint	ascii	core-ffi-pull	decode-read	retain	10	501.9	497.3	516.5	0.038
codec-U	U-oneof-all	U-oneof-all	ascii	core-ffi-pull	decode	drop	10	205.8	202.5	213.4	0.053
codec-U	U-oneof-all	U-oneof-all	ascii	core-ffi-pull	decode	retain	10	504.0	478.5	548.4	0.139
codec-U	U-oneof-all	U-oneof-all	ascii	core-ffi-pull	decode-read	drop	10	210.9	208.7	213.4	0.023
codec-U	U-oneof-all	U-oneof-all	ascii	core-ffi-pull	decode-read	retain	10	495.6	483.0	506.1	0.047
codec-U	U-oneof-before	U-oneof-before	ascii	core-ffi-pull	decode	drop	10	222.4	217.7	229.1	0.051
codec-U	U-oneof-before	U-oneof-before	ascii	core-ffi-pull	decode	retain	10	490.0	482.4	497.8	0.032
codec-U	U-oneof-before	U-oneof-before	ascii	core-ffi-pull	decode-read	drop	10	228.4	226.6	234.2	0.033
codec-U	U-oneof-before	U-oneof-before	ascii	core-ffi-pull	decode-read	retain	10	508.3	495.7	524.5	0.057
codec-U	U-oneof-group	U-oneof-group	ascii	core-ffi-pull	decode	drop	10	187.8	185.5	192.8	0.039
codec-U	U-oneof-group	U-oneof-group	ascii	core-ffi-pull	decode	retain	10	240.5	238.2	242.9	0.020
codec-U	U-oneof-group	U-oneof-group	ascii	core-ffi-pull	decode-read	drop	10	196.3	192.3	206.6	0.073
codec-U	U-oneof-group	U-oneof-group	ascii	core-ffi-pull	decode-read	retain	10	247.7	245.2	251.9	0.027
codec-U	U-oneof-interleaved	U-oneof-interleaved	ascii	core-ffi-pull	decode	drop	10	213.5	209.7	219.5	0.046
codec-U	U-oneof-interleaved	U-oneof-interleaved	ascii	core-ffi-pull	decode	retain	10	495.0	488.1	515.7	0.056
codec-U	U-oneof-interleaved	U-oneof-interleaved	ascii	core-ffi-pull	decode-read	drop	10	216.8	212.6	217.9	0.024
codec-U	U-oneof-interleaved	U-oneof-interleaved	ascii	core-ffi-pull	decode-read	retain	10	451.7	442.2	459.8	0.039
codec-U	U-oneof-member-after-known	U-oneof-member-after-known	ascii	core-ffi-pull	decode	drop	10	169.2	167.8	171.8	0.024
codec-U	U-oneof-member-after-known	U-oneof-member-after-known	ascii	core-ffi-pull	decode	retain	10	176.3	173.9	180.9	0.040
codec-U	U-oneof-member-after-known	U-oneof-member-after-known	ascii	core-ffi-pull	decode-read	drop	10	139.1	136.0	141.0	0.036
codec-U	U-oneof-member-after-known	U-oneof-member-after-known	ascii	core-ffi-pull	decode-read	retain	10	181.8	179.1	185.2	0.033
codec-U	U-oneof-member-alone	U-oneof-member-alone	ascii	core-ffi-pull	decode	drop	10	162.9	161.0	166.1	0.031
codec-U	U-oneof-member-alone	U-oneof-member-alone	ascii	core-ffi-pull	decode	retain	10	218.7	214.5	221.4	0.032
codec-U	U-oneof-member-alone	U-oneof-member-alone	ascii	core-ffi-pull	decode-read	drop	10	168.8	166.8	170.7	0.023
codec-U	U-oneof-member-alone	U-oneof-member-alone	ascii	core-ffi-pull	decode-read	retain	10	225.1	222.0	229.7	0.034
codec-U	U-oneof-member-before-known	U-oneof-member-before-known	ascii	core-ffi-pull	decode	drop	10	174.6	172.9	175.7	0.016
codec-U	U-oneof-member-before-known	U-oneof-member-before-known	ascii	core-ffi-pull	decode	retain	10	223.9	221.3	228.7	0.033
codec-U	U-oneof-member-before-known	U-oneof-member-before-known	ascii	core-ffi-pull	decode-read	drop	10	181.6	179.8	183.5	0.020
codec-U	U-oneof-member-before-known	U-oneof-member-before-known	ascii	core-ffi-pull	decode-read	retain	10	230.8	228.8	233.3	0.019
codec-U	U-oneof-u-fixed32	U-oneof-u-fixed32	ascii	core-ffi-pull	decode	drop	10	169.4	168.1	172.4	0.025
codec-U	U-oneof-u-fixed32	U-oneof-u-fixed32	ascii	core-ffi-pull	decode	retain	10	224.7	220.1	249.5	0.131
codec-U	U-oneof-u-fixed32	U-oneof-u-fixed32	ascii	core-ffi-pull	decode-read	drop	10	175.1	173.5	178.9	0.031
codec-U	U-oneof-u-fixed32	U-oneof-u-fixed32	ascii	core-ffi-pull	decode-read	retain	10	233.6	229.3	247.7	0.079
codec-U	U-oneof-u-fixed64	U-oneof-u-fixed64	ascii	core-ffi-pull	decode	drop	10	170.6	168.6	171.8	0.019
codec-U	U-oneof-u-fixed64	U-oneof-u-fixed64	ascii	core-ffi-pull	decode	retain	10	225.0	220.4	227.7	0.033
codec-U	U-oneof-u-fixed64	U-oneof-u-fixed64	ascii	core-ffi-pull	decode-read	drop	10	177.2	176.4	179.0	0.015
codec-U	U-oneof-u-fixed64	U-oneof-u-fixed64	ascii	core-ffi-pull	decode-read	retain	10	230.9	226.2	260.6	0.149
codec-U	U-oneof-u-len	U-oneof-u-len	ascii	core-ffi-pull	decode	drop	10	170.7	168.4	177.4	0.053
codec-U	U-oneof-u-len	U-oneof-u-len	ascii	core-ffi-pull	decode	retain	10	221.2	216.4	232.8	0.074
codec-U	U-oneof-u-len	U-oneof-u-len	ascii	core-ffi-pull	decode-read	drop	10	181.5	173.7	205.1	0.173
codec-U	U-oneof-u-len	U-oneof-u-len	ascii	core-ffi-pull	decode-read	retain	10	232.9	228.4	238.8	0.045
codec-U	U-oneof-u-msg	U-oneof-u-msg	ascii	core-ffi-pull	decode	drop	10	169.3	167.0	177.0	0.059
codec-U	U-oneof-u-msg	U-oneof-u-msg	ascii	core-ffi-pull	decode	retain	10	226.1	220.4	235.5	0.067
codec-U	U-oneof-u-msg	U-oneof-u-msg	ascii	core-ffi-pull	decode-read	drop	10	177.2	174.8	183.3	0.048
codec-U	U-oneof-u-msg	U-oneof-u-msg	ascii	core-ffi-pull	decode-read	retain	10	231.0	228.4	239.5	0.048
codec-U	U-oneof-u-packed	U-oneof-u-packed	ascii	core-ffi-pull	decode	drop	10	134.2	132.1	138.7	0.049
codec-U	U-oneof-u-packed	U-oneof-u-packed	ascii	core-ffi-pull	decode	retain	10	226.4	222.4	239.1	0.074
codec-U	U-oneof-u-packed	U-oneof-u-packed	ascii	core-ffi-pull	decode-read	drop	10	177.6	173.4	181.2	0.044
codec-U	U-oneof-u-packed	U-oneof-u-packed	ascii	core-ffi-pull	decode-read	retain	10	235.5	227.8	246.3	0.079
codec-U	U-oneof-u-repeated	U-oneof-u-repeated	ascii	core-ffi-pull	decode	drop	10	177.1	173.5	182.2	0.049
codec-U	U-oneof-u-repeated	U-oneof-u-repeated	ascii	core-ffi-pull	decode	retain	10	255.6	245.7	271.9	0.103
codec-U	U-oneof-u-repeated	U-oneof-u-repeated	ascii	core-ffi-pull	decode-read	drop	10	150.1	147.3	154.7	0.049
codec-U	U-oneof-u-repeated	U-oneof-u-repeated	ascii	core-ffi-pull	decode-read	retain	10	211.0	199.0	218.1	0.091
codec-U	U-oneof-u-varint	U-oneof-u-varint	ascii	core-ffi-pull	decode	drop	10	138.1	131.8	142.4	0.076
codec-U	U-oneof-u-varint	U-oneof-u-varint	ascii	core-ffi-pull	decode	retain	10	175.9	172.2	186.0	0.079
codec-U	U-oneof-u-varint	U-oneof-u-varint	ascii	core-ffi-pull	decode-read	drop	10	138.9	136.1	140.2	0.029
codec-U	U-oneof-u-varint	U-oneof-u-varint	ascii	core-ffi-pull	decode-read	retain	10	181.3	179.0	187.7	0.048
codec-U	U-root-all	U-root-all	ascii	core-ffi-pull	decode	drop	10	718.0	715.3	738.7	0.033
codec-U	U-root-all	U-root-all	ascii	core-ffi-pull	decode	retain	10	948.7	933.5	986.0	0.055
codec-U	U-root-all	U-root-all	ascii	core-ffi-pull	decode-read	drop	10	744.0	726.8	823.3	0.130
codec-U	U-root-all	U-root-all	ascii	core-ffi-pull	decode-read	retain	10	1017.1	998.0	1068.5	0.069
codec-U	U-root-before	U-root-before	ascii	core-ffi-pull	decode	drop	10	724.7	710.8	756.0	0.062
codec-U	U-root-before	U-root-before	ascii	core-ffi-pull	decode	retain	10	1013.9	993.9	1087.6	0.092
codec-U	U-root-before	U-root-before	ascii	core-ffi-pull	decode-read	drop	10	847.6	820.3	1033.5	0.252
codec-U	U-root-before	U-root-before	ascii	core-ffi-pull	decode-read	retain	10	1132.6	1112.6	1152.1	0.035
codec-U	U-root-group	U-root-group	ascii	core-ffi-pull	decode	drop	10	745.2	730.4	781.5	0.068
codec-U	U-root-group	U-root-group	ascii	core-ffi-pull	decode	retain	10	764.6	747.1	787.3	0.052
codec-U	U-root-group	U-root-group	ascii	core-ffi-pull	decode-read	drop	10	747.2	738.0	853.3	0.154
codec-U	U-root-group	U-root-group	ascii	core-ffi-pull	decode-read	retain	10	785.5	774.9	810.0	0.045
codec-U	U-root-interleaved	U-root-interleaved	ascii	core-ffi-pull	decode	drop	10	708.4	701.1	733.6	0.046
codec-U	U-root-interleaved	U-root-interleaved	ascii	core-ffi-pull	decode	retain	10	957.0	946.3	991.0	0.047
codec-U	U-root-interleaved	U-root-interleaved	ascii	core-ffi-pull	decode-read	drop	10	737.3	730.8	752.1	0.029
codec-U	U-root-interleaved	U-root-interleaved	ascii	core-ffi-pull	decode-read	retain	10	991.1	974.9	1205.5	0.233
codec-U	U-root-max-tag	U-root-max-tag	ascii	core-ffi-pull	decode	drop	10	685.8	675.2	745.2	0.102
codec-U	U-root-max-tag	U-root-max-tag	ascii	core-ffi-pull	decode	retain	10	734.4	715.4	747.5	0.044
codec-U	U-root-max-tag	U-root-max-tag	ascii	core-ffi-pull	decode-read	drop	10	699.1	685.0	727.7	0.061
codec-U	U-root-max-tag	U-root-max-tag	ascii	core-ffi-pull	decode-read	retain	10	728.3	720.7	744.1	0.032
codec-U	U-root-u-fixed32	U-root-u-fixed32	ascii	core-ffi-pull	decode	drop	10	683.6	672.1	696.2	0.035
codec-U	U-root-u-fixed32	U-root-u-fixed32	ascii	core-ffi-pull	decode	retain	10	731.2	723.9	747.8	0.033
codec-U	U-root-u-fixed32	U-root-u-fixed32	ascii	core-ffi-pull	decode-read	drop	10	700.4	693.9	741.7	0.068
codec-U	U-root-u-fixed32	U-root-u-fixed32	ascii	core-ffi-pull	decode-read	retain	10	759.7	755.5	809.5	0.071
codec-U	U-root-u-fixed64	U-root-u-fixed64	ascii	core-ffi-pull	decode	drop	10	684.5	672.7	701.3	0.042
codec-U	U-root-u-fixed64	U-root-u-fixed64	ascii	core-ffi-pull	decode	retain	10	745.7	726.8	936.8	0.282
codec-U	U-root-u-fixed64	U-root-u-fixed64	ascii	core-ffi-pull	decode-read	drop	10	706.3	693.8	724.4	0.043
codec-U	U-root-u-fixed64	U-root-u-fixed64	ascii	core-ffi-pull	decode-read	retain	10	750.5	742.3	777.9	0.047
codec-U	U-root-u-len	U-root-u-len	ascii	core-ffi-pull	decode	drop	10	693.0	676.1	775.9	0.144
codec-U	U-root-u-len	U-root-u-len	ascii	core-ffi-pull	decode	retain	10	728.9	697.6	767.7	0.096
codec-U	U-root-u-len	U-root-u-len	ascii	core-ffi-pull	decode-read	drop	10	706.5	689.5	899.1	0.297
codec-U	U-root-u-len	U-root-u-len	ascii	core-ffi-pull	decode-read	retain	10	951.1	919.0	1011.3	0.097
codec-U	U-root-u-msg	U-root-u-msg	ascii	core-ffi-pull	decode	drop	10	903.5	866.6	944.3	0.086
codec-U	U-root-u-msg	U-root-u-msg	ascii	core-ffi-pull	decode	retain	10	936.0	919.8	997.8	0.083
codec-U	U-root-u-msg	U-root-u-msg	ascii	core-ffi-pull	decode-read	drop	10	904.8	889.9	947.6	0.064
codec-U	U-root-u-msg	U-root-u-msg	ascii	core-ffi-pull	decode-read	retain	10	967.9	954.6	1037.4	0.085
codec-U	U-root-u-packed	U-root-u-packed	ascii	core-ffi-pull	decode	drop	10	905.0	875.7	937.6	0.068
codec-U	U-root-u-packed	U-root-u-packed	ascii	core-ffi-pull	decode	retain	10	933.4	919.8	1007.3	0.094
codec-U	U-root-u-packed	U-root-u-packed	ascii	core-ffi-pull	decode-read	drop	10	923.9	902.8	989.8	0.094
codec-U	U-root-u-packed	U-root-u-packed	ascii	core-ffi-pull	decode-read	retain	10	963.0	947.9	1016.9	0.072
codec-U	U-root-u-repeated	U-root-u-repeated	ascii	core-ffi-pull	decode	drop	10	890.9	882.7	921.9	0.044
codec-U	U-root-u-repeated	U-root-u-repeated	ascii	core-ffi-pull	decode	retain	10	979.4	964.2	1000.7	0.037
codec-U	U-root-u-repeated	U-root-u-repeated	ascii	core-ffi-pull	decode-read	drop	10	931.4	909.5	936.0	0.028
codec-U	U-root-u-repeated	U-root-u-repeated	ascii	core-ffi-pull	decode-read	retain	10	1005.9	995.4	1023.0	0.027
codec-U	U-root-u-varint	U-root-u-varint	ascii	core-ffi-pull	decode	drop	10	893.3	880.8	1163.2	0.316
codec-U	U-root-u-varint	U-root-u-varint	ascii	core-ffi-pull	decode	retain	10	949.3	937.9	960.5	0.024
codec-U	U-root-u-varint	U-root-u-varint	ascii	core-ffi-pull	decode-read	drop	10	908.3	899.6	919.8	0.022
codec-U	U-root-u-varint	U-root-u-varint	ascii	core-ffi-pull	decode-read	retain	10	970.3	961.3	997.1	0.037
codec-U	U-wire-DualResponse-left-as-wt0	U-wire-DualResponse-left-as-wt0	ascii	core-ffi-pull	decode	drop	10	278.5	276.2	280.8	0.017
codec-U	U-wire-DualResponse-left-as-wt0	U-wire-DualResponse-left-as-wt0	ascii	core-ffi-pull	decode	retain	10	334.0	328.9	351.6	0.068
codec-U	U-wire-DualResponse-left-as-wt0	U-wire-DualResponse-left-as-wt0	ascii	core-ffi-pull	decode-read	drop	10	291.0	286.7	300.5	0.047
codec-U	U-wire-DualResponse-left-as-wt0	U-wire-DualResponse-left-as-wt0	ascii	core-ffi-pull	decode-read	retain	10	346.4	343.0	348.5	0.016
codec-U	U-wire-DualResponse-left-as-wt1	U-wire-DualResponse-left-as-wt1	ascii	core-ffi-pull	decode	drop	10	277.3	274.8	299.2	0.088
codec-U	U-wire-DualResponse-left-as-wt1	U-wire-DualResponse-left-as-wt1	ascii	core-ffi-pull	decode	retain	10	333.3	325.2	354.4	0.088
codec-U	U-wire-DualResponse-left-as-wt1	U-wire-DualResponse-left-as-wt1	ascii	core-ffi-pull	decode-read	drop	10	290.7	287.0	307.0	0.069
codec-U	U-wire-DualResponse-left-as-wt1	U-wire-DualResponse-left-as-wt1	ascii	core-ffi-pull	decode-read	retain	10	349.0	344.3	377.7	0.096
codec-U	U-wire-DualResponse-left-as-wt5	U-wire-DualResponse-left-as-wt5	ascii	core-ffi-pull	decode	drop	10	278.6	275.9	299.6	0.085
codec-U	U-wire-DualResponse-left-as-wt5	U-wire-DualResponse-left-as-wt5	ascii	core-ffi-pull	decode	retain	10	332.5	328.7	336.0	0.022
codec-U	U-wire-DualResponse-left-as-wt5	U-wire-DualResponse-left-as-wt5	ascii	core-ffi-pull	decode-read	drop	10	290.8	286.5	294.3	0.027
codec-U	U-wire-DualResponse-left-as-wt5	U-wire-DualResponse-left-as-wt5	ascii	core-ffi-pull	decode-read	retain	10	345.4	342.9	358.8	0.046
codec-U	U-wire-ListMetricsResponse-batches-as-wt0	U-wire-ListMetricsResponse-batches-as-wt0	ascii	core-ffi-pull	decode	drop	10	1410.9	1341.3	1497.8	0.111
codec-U	U-wire-ListMetricsResponse-batches-as-wt0	U-wire-ListMetricsResponse-batches-as-wt0	ascii	core-ffi-pull	decode	retain	10	1337.9	1282.1	1422.1	0.105
codec-U	U-wire-ListMetricsResponse-batches-as-wt0	U-wire-ListMetricsResponse-batches-as-wt0	ascii	core-ffi-pull	decode-read	drop	10	1498.8	1441.2	1564.0	0.082
codec-U	U-wire-ListMetricsResponse-batches-as-wt0	U-wire-ListMetricsResponse-batches-as-wt0	ascii	core-ffi-pull	decode-read	retain	10	1582.9	1517.7	1651.8	0.085
codec-U	U-wire-ListMetricsResponse-batches-as-wt1	U-wire-ListMetricsResponse-batches-as-wt1	ascii	core-ffi-pull	decode	drop	10	1417.1	1275.4	1544.3	0.190
codec-U	U-wire-ListMetricsResponse-batches-as-wt1	U-wire-ListMetricsResponse-batches-as-wt1	ascii	core-ffi-pull	decode	retain	10	1451.1	1416.5	1601.9	0.128
codec-U	U-wire-ListMetricsResponse-batches-as-wt1	U-wire-ListMetricsResponse-batches-as-wt1	ascii	core-ffi-pull	decode-read	drop	10	1615.8	1549.8	1655.7	0.066
codec-U	U-wire-ListMetricsResponse-batches-as-wt1	U-wire-ListMetricsResponse-batches-as-wt1	ascii	core-ffi-pull	decode-read	retain	10	1689.2	1610.3	1748.8	0.082
codec-U	U-wire-ListMetricsResponse-batches-as-wt5	U-wire-ListMetricsResponse-batches-as-wt5	ascii	core-ffi-pull	decode	drop	10	1412.5	1343.8	1442.3	0.070
codec-U	U-wire-ListMetricsResponse-batches-as-wt5	U-wire-ListMetricsResponse-batches-as-wt5	ascii	core-ffi-pull	decode	retain	10	1441.1	1414.8	1502.9	0.061
codec-U	U-wire-ListMetricsResponse-batches-as-wt5	U-wire-ListMetricsResponse-batches-as-wt5	ascii	core-ffi-pull	decode-read	drop	10	1635.8	1525.4	1732.3	0.127
codec-U	U-wire-ListMetricsResponse-batches-as-wt5	U-wire-ListMetricsResponse-batches-as-wt5	ascii	core-ffi-pull	decode-read	retain	10	1646.1	1608.8	1841.7	0.141
codec-U	U-wire-ListProbeResponse-probes-as-wt0	U-wire-ListProbeResponse-probes-as-wt0	ascii	core-ffi-pull	decode	drop	10	324.1	321.4	330.3	0.028
codec-U	U-wire-ListProbeResponse-probes-as-wt0	U-wire-ListProbeResponse-probes-as-wt0	ascii	core-ffi-pull	decode	retain	10	375.7	369.1	386.9	0.047
codec-U	U-wire-ListProbeResponse-probes-as-wt0	U-wire-ListProbeResponse-probes-as-wt0	ascii	core-ffi-pull	decode-read	drop	10	335.1	332.0	342.6	0.031
codec-U	U-wire-ListProbeResponse-probes-as-wt0	U-wire-ListProbeResponse-probes-as-wt0	ascii	core-ffi-pull	decode-read	retain	10	388.8	382.9	392.1	0.023
codec-U	U-wire-ListProbeResponse-probes-as-wt1	U-wire-ListProbeResponse-probes-as-wt1	ascii	core-ffi-pull	decode	drop	10	321.6	318.2	330.9	0.040
codec-U	U-wire-ListProbeResponse-probes-as-wt1	U-wire-ListProbeResponse-probes-as-wt1	ascii	core-ffi-pull	decode	retain	10	373.3	368.7	376.6	0.021
codec-U	U-wire-ListProbeResponse-probes-as-wt1	U-wire-ListProbeResponse-probes-as-wt1	ascii	core-ffi-pull	decode-read	drop	10	336.6	332.2	340.9	0.026
codec-U	U-wire-ListProbeResponse-probes-as-wt1	U-wire-ListProbeResponse-probes-as-wt1	ascii	core-ffi-pull	decode-read	retain	10	389.0	382.8	392.5	0.025
codec-U	U-wire-ListProbeResponse-probes-as-wt5	U-wire-ListProbeResponse-probes-as-wt5	ascii	core-ffi-pull	decode	drop	10	324.2	318.9	326.1	0.022
codec-U	U-wire-ListProbeResponse-probes-as-wt5	U-wire-ListProbeResponse-probes-as-wt5	ascii	core-ffi-pull	decode	retain	10	375.2	368.0	378.9	0.029
codec-U	U-wire-ListProbeResponse-probes-as-wt5	U-wire-ListProbeResponse-probes-as-wt5	ascii	core-ffi-pull	decode-read	drop	10	336.8	333.8	339.8	0.018
codec-U	U-wire-ListProbeResponse-probes-as-wt5	U-wire-ListProbeResponse-probes-as-wt5	ascii	core-ffi-pull	decode-read	retain	10	388.4	383.0	391.5	0.022
codec-U	U-wire-ListResultsResponse-page-as-wt1	U-wire-ListResultsResponse-page-as-wt1	ascii	core-ffi-pull	decode	drop	10	851.5	831.4	858.6	0.032
codec-U	U-wire-ListResultsResponse-page-as-wt1	U-wire-ListResultsResponse-page-as-wt1	ascii	core-ffi-pull	decode	retain	10	904.3	890.8	922.0	0.034
codec-U	U-wire-ListResultsResponse-page-as-wt1	U-wire-ListResultsResponse-page-as-wt1	ascii	core-ffi-pull	decode-read	drop	10	868.1	852.5	878.3	0.030
codec-U	U-wire-ListResultsResponse-page-as-wt1	U-wire-ListResultsResponse-page-as-wt1	ascii	core-ffi-pull	decode-read	retain	10	942.3	928.2	952.4	0.026
codec-U	U-wire-ListResultsResponse-page-as-wt2	U-wire-ListResultsResponse-page-as-wt2	ascii	core-ffi-pull	decode	drop	10	850.1	841.6	862.4	0.024
codec-U	U-wire-ListResultsResponse-page-as-wt2	U-wire-ListResultsResponse-page-as-wt2	ascii	core-ffi-pull	decode	retain	10	962.0	936.2	974.2	0.040
codec-U	U-wire-ListResultsResponse-page-as-wt2	U-wire-ListResultsResponse-page-as-wt2	ascii	core-ffi-pull	decode-read	drop	10	890.5	876.9	940.2	0.071
codec-U	U-wire-ListResultsResponse-page-as-wt2	U-wire-ListResultsResponse-page-as-wt2	ascii	core-ffi-pull	decode-read	retain	10	956.5	948.6	971.3	0.024
codec-U	U-wire-ListResultsResponse-page-as-wt5	U-wire-ListResultsResponse-page-as-wt5	ascii	core-ffi-pull	decode	drop	10	887.7	875.3	903.9	0.032
codec-U	U-wire-ListResultsResponse-page-as-wt5	U-wire-ListResultsResponse-page-as-wt5	ascii	core-ffi-pull	decode	retain	10	917.1	906.6	936.1	0.032
codec-U	U-wire-ListResultsResponse-page-as-wt5	U-wire-ListResultsResponse-page-as-wt5	ascii	core-ffi-pull	decode-read	drop	10	883.9	870.3	919.9	0.056
codec-U	U-wire-ListResultsResponse-page-as-wt5	U-wire-ListResultsResponse-page-as-wt5	ascii	core-ffi-pull	decode-read	retain	10	929.0	917.2	938.5	0.023
codec-U	U-wire-ListResultsResponse-results-as-wt0	U-wire-ListResultsResponse-results-as-wt0	ascii	core-ffi-pull	decode	drop	10	858.9	841.0	867.7	0.031
codec-U	U-wire-ListResultsResponse-results-as-wt0	U-wire-ListResultsResponse-results-as-wt0	ascii	core-ffi-pull	decode	retain	10	888.4	875.1	895.5	0.023
codec-U	U-wire-ListResultsResponse-results-as-wt0	U-wire-ListResultsResponse-results-as-wt0	ascii	core-ffi-pull	decode-read	drop	10	877.2	863.5	906.2	0.049
codec-U	U-wire-ListResultsResponse-results-as-wt0	U-wire-ListResultsResponse-results-as-wt0	ascii	core-ffi-pull	decode-read	retain	10	985.0	970.2	991.8	0.022
codec-U	U-wire-ListResultsResponse-results-as-wt1	U-wire-ListResultsResponse-results-as-wt1	ascii	core-ffi-pull	decode	drop	10	846.4	839.5	855.0	0.018
codec-U	U-wire-ListResultsResponse-results-as-wt1	U-wire-ListResultsResponse-results-as-wt1	ascii	core-ffi-pull	decode	retain	10	900.7	894.0	917.0	0.025
codec-U	U-wire-ListResultsResponse-results-as-wt1	U-wire-ListResultsResponse-results-as-wt1	ascii	core-ffi-pull	decode-read	drop	10	873.8	850.4	934.5	0.096
codec-U	U-wire-ListResultsResponse-results-as-wt1	U-wire-ListResultsResponse-results-as-wt1	ascii	core-ffi-pull	decode-read	retain	10	955.7	939.4	1001.6	0.065
codec-U	U-wire-ListResultsResponse-results-as-wt5	U-wire-ListResultsResponse-results-as-wt5	ascii	core-ffi-pull	decode	drop	10	866.0	841.7	913.8	0.083
codec-U	U-wire-ListResultsResponse-results-as-wt5	U-wire-ListResultsResponse-results-as-wt5	ascii	core-ffi-pull	decode	retain	10	939.9	921.1	976.4	0.059
codec-U	U-wire-ListResultsResponse-results-as-wt5	U-wire-ListResultsResponse-results-as-wt5	ascii	core-ffi-pull	decode-read	drop	10	903.7	888.4	935.5	0.052
codec-U	U-wire-ListResultsResponse-results-as-wt5	U-wire-ListResultsResponse-results-as-wt5	ascii	core-ffi-pull	decode-read	retain	10	944.0	926.1	981.2	0.058
codec-U	U-wire-ListTaskSummaryResponse-tasks-as-wt0	U-wire-ListTaskSummaryResponse-tasks-as-wt0	ascii	core-ffi-pull	decode	drop	10	2498.3	2439.4	2549.6	0.044
codec-U	U-wire-ListTaskSummaryResponse-tasks-as-wt0	U-wire-ListTaskSummaryResponse-tasks-as-wt0	ascii	core-ffi-pull	decode	retain	10	2565.6	2506.3	2636.2	0.051
codec-U	U-wire-ListTaskSummaryResponse-tasks-as-wt0	U-wire-ListTaskSummaryResponse-tasks-as-wt0	ascii	core-ffi-pull	decode-read	drop	10	2583.6	2535.4	2673.2	0.053
codec-U	U-wire-ListTaskSummaryResponse-tasks-as-wt0	U-wire-ListTaskSummaryResponse-tasks-as-wt0	ascii	core-ffi-pull	decode-read	retain	10	2658.9	2604.2	2786.4	0.069
codec-U	U-wire-ListTaskSummaryResponse-tasks-as-wt1	U-wire-ListTaskSummaryResponse-tasks-as-wt1	ascii	core-ffi-pull	decode	drop	10	2460.0	2438.0	2508.6	0.029
codec-U	U-wire-ListTaskSummaryResponse-tasks-as-wt1	U-wire-ListTaskSummaryResponse-tasks-as-wt1	ascii	core-ffi-pull	decode	retain	10	2572.5	2496.7	2685.8	0.073
codec-U	U-wire-ListTaskSummaryResponse-tasks-as-wt1	U-wire-ListTaskSummaryResponse-tasks-as-wt1	ascii	core-ffi-pull	decode-read	drop	10	2555.4	2528.2	2593.0	0.025
codec-U	U-wire-ListTaskSummaryResponse-tasks-as-wt1	U-wire-ListTaskSummaryResponse-tasks-as-wt1	ascii	core-ffi-pull	decode-read	retain	10	2663.6	2621.7	2685.8	0.024
codec-U	U-wire-ListTaskSummaryResponse-tasks-as-wt5	U-wire-ListTaskSummaryResponse-tasks-as-wt5	ascii	core-ffi-pull	decode	drop	10	2468.4	2423.9	2491.0	0.027
codec-U	U-wire-ListTaskSummaryResponse-tasks-as-wt5	U-wire-ListTaskSummaryResponse-tasks-as-wt5	ascii	core-ffi-pull	decode	retain	10	2542.7	2520.1	2594.9	0.029
codec-U	U-wire-ListTaskSummaryResponse-tasks-as-wt5	U-wire-ListTaskSummaryResponse-tasks-as-wt5	ascii	core-ffi-pull	decode-read	drop	10	2557.9	2511.0	2632.0	0.047
codec-U	U-wire-ListTaskSummaryResponse-tasks-as-wt5	U-wire-ListTaskSummaryResponse-tasks-as-wt5	ascii	core-ffi-pull	decode-read	retain	10	2639.0	2587.5	2669.2	0.031
codec-U	U-wire-ListTasksDetailedResponse-page-as-wt1	U-wire-ListTasksDetailedResponse-page-as-wt1	ascii	core-ffi-pull	decode	drop	10	5577.6	5535.2	5903.7	0.066
codec-U	U-wire-ListTasksDetailedResponse-page-as-wt1	U-wire-ListTasksDetailedResponse-page-as-wt1	ascii	core-ffi-pull	decode	retain	10	4603.5	4437.4	10053.3	1.220
codec-U	U-wire-ListTasksDetailedResponse-page-as-wt1	U-wire-ListTasksDetailedResponse-page-as-wt1	ascii	core-ffi-pull	decode-read	drop	10	4535.8	4482.4	4701.2	0.048
codec-U	U-wire-ListTasksDetailedResponse-page-as-wt1	U-wire-ListTasksDetailedResponse-page-as-wt1	ascii	core-ffi-pull	decode-read	retain	10	4637.9	4519.9	4788.9	0.058
codec-U	U-wire-ListTasksDetailedResponse-page-as-wt2	U-wire-ListTasksDetailedResponse-page-as-wt2	ascii	core-ffi-pull	decode	drop	10	4859.0	4300.9	5722.1	0.292
codec-U	U-wire-ListTasksDetailedResponse-page-as-wt2	U-wire-ListTasksDetailedResponse-page-as-wt2	ascii	core-ffi-pull	decode	retain	10	5683.0	5542.3	5916.6	0.066
codec-U	U-wire-ListTasksDetailedResponse-page-as-wt2	U-wire-ListTasksDetailedResponse-page-as-wt2	ascii	core-ffi-pull	decode-read	drop	10	5774.4	5661.2	6237.4	0.100
codec-U	U-wire-ListTasksDetailedResponse-page-as-wt2	U-wire-ListTasksDetailedResponse-page-as-wt2	ascii	core-ffi-pull	decode-read	retain	10	5949.9	5828.5	6225.3	0.067
codec-U	U-wire-ListTasksDetailedResponse-page-as-wt5	U-wire-ListTasksDetailedResponse-page-as-wt5	ascii	core-ffi-pull	decode	drop	10	5702.0	5480.8	5869.8	0.068
codec-U	U-wire-ListTasksDetailedResponse-page-as-wt5	U-wire-ListTasksDetailedResponse-page-as-wt5	ascii	core-ffi-pull	decode	retain	10	5762.1	5587.9	6187.9	0.104
codec-U	U-wire-ListTasksDetailedResponse-page-as-wt5	U-wire-ListTasksDetailedResponse-page-as-wt5	ascii	core-ffi-pull	decode-read	drop	10	5778.5	5714.2	6012.4	0.052
codec-U	U-wire-ListTasksDetailedResponse-page-as-wt5	U-wire-ListTasksDetailedResponse-page-as-wt5	ascii	core-ffi-pull	decode-read	retain	10	5956.3	5785.0	8649.4	0.481
codec-U	U-wire-ListTasksDetailedResponse-tasks-as-wt0	U-wire-ListTasksDetailedResponse-tasks-as-wt0	ascii	core-ffi-pull	decode	drop	10	5640.0	5528.7	5744.8	0.038
codec-U	U-wire-ListTasksDetailedResponse-tasks-as-wt0	U-wire-ListTasksDetailedResponse-tasks-as-wt0	ascii	core-ffi-pull	decode	retain	10	5727.8	5554.5	5894.1	0.059
codec-U	U-wire-ListTasksDetailedResponse-tasks-as-wt0	U-wire-ListTasksDetailedResponse-tasks-as-wt0	ascii	core-ffi-pull	decode-read	drop	10	5889.1	5789.9	6604.0	0.138
codec-U	U-wire-ListTasksDetailedResponse-tasks-as-wt0	U-wire-ListTasksDetailedResponse-tasks-as-wt0	ascii	core-ffi-pull	decode-read	retain	10	5612.9	5471.7	5931.6	0.082
codec-U	U-wire-ListTasksDetailedResponse-tasks-as-wt1	U-wire-ListTasksDetailedResponse-tasks-as-wt1	ascii	core-ffi-pull	decode	drop	10	5353.3	5130.5	5560.8	0.080
codec-U	U-wire-ListTasksDetailedResponse-tasks-as-wt1	U-wire-ListTasksDetailedResponse-tasks-as-wt1	ascii	core-ffi-pull	decode	retain	10	5270.7	5176.1	5464.8	0.055
codec-U	U-wire-ListTasksDetailedResponse-tasks-as-wt1	U-wire-ListTasksDetailedResponse-tasks-as-wt1	ascii	core-ffi-pull	decode-read	drop	10	5212.2	5091.4	5611.0	0.100
codec-U	U-wire-ListTasksDetailedResponse-tasks-as-wt1	U-wire-ListTasksDetailedResponse-tasks-as-wt1	ascii	core-ffi-pull	decode-read	retain	10	5022.3	4948.7	5755.2	0.161
codec-U	U-wire-ListTasksDetailedResponse-tasks-as-wt5	U-wire-ListTasksDetailedResponse-tasks-as-wt5	ascii	core-ffi-pull	decode	drop	10	4671.3	4558.3	5020.7	0.099
codec-U	U-wire-ListTasksDetailedResponse-tasks-as-wt5	U-wire-ListTasksDetailedResponse-tasks-as-wt5	ascii	core-ffi-pull	decode	retain	10	4764.3	4650.2	5080.7	0.090
codec-U	U-wire-ListTasksDetailedResponse-tasks-as-wt5	U-wire-ListTasksDetailedResponse-tasks-as-wt5	ascii	core-ffi-pull	decode-read	drop	10	5869.2	5683.9	6196.5	0.087
codec-U	U-wire-ListTasksDetailedResponse-tasks-as-wt5	U-wire-ListTasksDetailedResponse-tasks-as-wt5	ascii	core-ffi-pull	decode-read	retain	10	5982.7	5899.0	6141.0	0.040
codec-U	U-wire-UploadResultDataMessage-upload-as-wt0	U-wire-UploadResultDataMessage-upload-as-wt0	ascii	core-ffi-pull	decode	drop	10	161.2	159.5	167.5	0.049
codec-U	U-wire-UploadResultDataMessage-upload-as-wt0	U-wire-UploadResultDataMessage-upload-as-wt0	ascii	core-ffi-pull	decode	retain	10	211.7	206.6	220.0	0.063
codec-U	U-wire-UploadResultDataMessage-upload-as-wt0	U-wire-UploadResultDataMessage-upload-as-wt0	ascii	core-ffi-pull	decode-read	drop	10	169.1	160.3	204.6	0.262
codec-U	U-wire-UploadResultDataMessage-upload-as-wt0	U-wire-UploadResultDataMessage-upload-as-wt0	ascii	core-ffi-pull	decode-read	retain	10	214.7	210.3	217.7	0.034
codec-U	U-wire-UploadResultDataMessage-upload-as-wt1	U-wire-UploadResultDataMessage-upload-as-wt1	ascii	core-ffi-pull	decode	drop	10	163.4	159.3	171.6	0.076
codec-U	U-wire-UploadResultDataMessage-upload-as-wt1	U-wire-UploadResultDataMessage-upload-as-wt1	ascii	core-ffi-pull	decode	retain	10	209.9	206.0	219.0	0.062
codec-U	U-wire-UploadResultDataMessage-upload-as-wt1	U-wire-UploadResultDataMessage-upload-as-wt1	ascii	core-ffi-pull	decode-read	drop	10	165.2	163.1	167.4	0.026
codec-U	U-wire-UploadResultDataMessage-upload-as-wt1	U-wire-UploadResultDataMessage-upload-as-wt1	ascii	core-ffi-pull	decode-read	retain	10	212.8	209.5	216.4	0.032
codec-U	U-wire-UploadResultDataMessage-upload-as-wt5	U-wire-UploadResultDataMessage-upload-as-wt5	ascii	core-ffi-pull	decode	drop	10	162.2	158.4	166.5	0.050
codec-U	U-wire-UploadResultDataMessage-upload-as-wt5	U-wire-UploadResultDataMessage-upload-as-wt5	ascii	core-ffi-pull	decode	retain	10	213.2	206.4	225.9	0.092
codec-U	U-wire-UploadResultDataMessage-upload-as-wt5	U-wire-UploadResultDataMessage-upload-as-wt5	ascii	core-ffi-pull	decode-read	drop	10	168.0	165.8	178.3	0.074
codec-U	U-wire-UploadResultDataMessage-upload-as-wt5	U-wire-UploadResultDataMessage-upload-as-wt5	ascii	core-ffi-pull	decode-read	retain	10	222.1	178.1	271.7	0.421
codec-nounk-P	P1.1	P1.1	ascii	incumbent-prod	encode	default	20	1249.9	1233.5	1262.4	0.023
codec-nounk-P	P1.1	P1.1	ascii	incumbent-prod	decode	default	20	1243.5	992.9	1384.5	0.315
codec-nounk-P	P1.1	P1.1	ascii	incumbent-prod	decode-read	default	20	1265.7	1230.1	1287.9	0.046
codec-nounk-P	P1.2	P1.2	ascii	incumbent-prod	encode	default	20	329702.3	316640.8	409101.3	0.280
codec-nounk-P	P1.2	P1.2	ascii	incumbent-prod	decode	default	20	372641.8	303851.4	400540.7	0.259
codec-nounk-P	P1.2	P1.2	ascii	incumbent-prod	decode-read	default	20	319773.1	315108.5	338506.4	0.073
codec-nounk-P	P1.2/latin1	P1.2	latin1	incumbent-prod	encode	default	20	281726.5	258121.6	337450.6	0.282
codec-nounk-P	P1.2/latin1	P1.2	latin1	incumbent-prod	decode	default	20	468842.4	459679.7	595906.4	0.291
codec-nounk-P	P1.2/latin1	P1.2	latin1	incumbent-prod	decode-read	default	20	607609.7	602366.1	800681.6	0.326
codec-nounk-P	P1.2/wide	P1.2	wide	incumbent-prod	encode	default	20	334965.1	326739.4	364491.9	0.113
codec-nounk-P	P1.2/wide	P1.2	wide	incumbent-prod	decode	default	20	719322.3	703736.7	746883.2	0.060
codec-nounk-P	P1.2/wide	P1.2	wide	incumbent-prod	decode-read	default	20	725260.6	718767.9	737446.5	0.026
codec-nounk-P	P1.3	P1.3	ascii	incumbent-prod	encode	default	20	5829.4	5791.2	5976.0	0.032
codec-nounk-P	P1.3	P1.3	ascii	incumbent-prod	decode	default	20	7735.1	7565.5	8187.0	0.080
codec-nounk-P	P1.3	P1.3	ascii	incumbent-prod	decode-read	default	20	9252.6	9057.9	9546.6	0.053
codec-nounk-P	P2.1	P2.1	ascii	incumbent-prod	encode	default	20	1099.5	1083.7	1429.2	0.314
codec-nounk-P	P2.1	P2.1	ascii	incumbent-prod	decode	default	20	2289.9	2245.5	2351.5	0.046
codec-nounk-P	P2.1	P2.1	ascii	incumbent-prod	decode-read	default	20	2045.2	1688.3	2087.0	0.195
codec-nounk-P	P2.2	P2.2	ascii	incumbent-prod	encode	default	20	919021.0	799901.3	1063779.6	0.287
codec-nounk-P	P2.2	P2.2	ascii	incumbent-prod	decode	default	20	1469983.4	1402372.2	1763291.4	0.246
codec-nounk-P	P2.2	P2.2	ascii	incumbent-prod	decode-read	default	20	1490464.8	1419101.7	1548797.7	0.087
codec-nounk-P	P2.2/latin1	P2.2	latin1	incumbent-prod	encode	default	20	997311.2	826185.7	1036139.6	0.211
codec-nounk-P	P2.2/latin1	P2.2	latin1	incumbent-prod	decode	default	20	1995696.1	1962424.3	2089751.0	0.064
codec-nounk-P	P2.2/latin1	P2.2	latin1	incumbent-prod	decode-read	default	20	1917948.2	1862595.3	2333749.8	0.246
codec-nounk-P	P2.2/wide	P2.2	wide	incumbent-prod	encode	default	20	867360.9	834187.7	1023167.8	0.218
codec-nounk-P	P2.2/wide	P2.2	wide	incumbent-prod	decode	default	20	1943478.7	1923768.8	2026366.0	0.053
codec-nounk-P	P2.2/wide	P2.2	wide	incumbent-prod	decode-read	default	20	2061038.9	2017356.6	2141450.7	0.060
codec-nounk-P	P2.3	P2.3	ascii	incumbent-prod	encode	default	20	397520.0	387243.5	418788.2	0.079
codec-nounk-P	P2.3	P2.3	ascii	incumbent-prod	decode	default	20	974664.1	960269.0	1053867.8	0.096
codec-nounk-P	P2.3	P2.3	ascii	incumbent-prod	decode-read	default	20	1015541.5	1000476.3	1048614.8	0.047
codec-nounk-P	P2.4	P2.4	ascii	incumbent-prod	encode	default	20	500091.8	486419.0	588592.1	0.204
codec-nounk-P	P2.4	P2.4	ascii	incumbent-prod	decode	default	20	1342864.6	1318987.6	1420947.5	0.076
codec-nounk-P	P2.4	P2.4	ascii	incumbent-prod	decode-read	default	20	1426197.1	1407541.0	1505740.3	0.069
codec-nounk-P	P2.5	P2.5	ascii	incumbent-prod	encode	default	20	24429.9	24230.6	25224.5	0.041
codec-nounk-P	P2.5	P2.5	ascii	incumbent-prod	decode	default	20	37763.2	37020.4	39454.5	0.064
codec-nounk-P	P2.5	P2.5	ascii	incumbent-prod	decode-read	default	20	44507.5	38573.1	46702.1	0.183
codec-nounk-P	P3.1	P3.1	ascii	incumbent-prod	encode	default	20	17725.5	17421.7	20854.5	0.194
codec-nounk-P	P3.1	P3.1	ascii	incumbent-prod	decode	default	20	25728.3	25004.7	27466.5	0.096
codec-nounk-P	P3.1	P3.1	ascii	incumbent-prod	decode-read	default	20	26739.5	20580.1	28144.2	0.283
codec-nounk-P	P4.1	P4.1	ascii	incumbent-prod	encode	default	20	142396.1	140346.5	151266.4	0.077
codec-nounk-P	P4.1	P4.1	ascii	incumbent-prod	decode	default	20	260862.4	255642.8	277827.0	0.085
codec-nounk-P	P4.1	P4.1	ascii	incumbent-prod	decode-read	default	20	209774.9	206451.3	251027.7	0.212
codec-nounk-P	P5.1	P5.1	ascii	incumbent-prod	encode	default	20	67.4	55.5	68.8	0.197
codec-nounk-P	P5.1	P5.1	ascii	incumbent-prod	decode	default	20	98.5	96.7	101.3	0.047
codec-nounk-P	P5.1	P5.1	ascii	incumbent-prod	decode-read	default	20	100.4	94.7	104.5	0.098
codec-nounk-P	P5.2	P5.2	ascii	incumbent-prod	encode	default	20	1643.0	1627.1	1742.2	0.070
codec-nounk-P	P5.2	P5.2	ascii	incumbent-prod	decode	default	20	1660.4	1648.9	1693.0	0.027
codec-nounk-P	P5.2	P5.2	ascii	incumbent-prod	decode-read	default	20	1642.8	1607.6	1683.4	0.046
codec-nounk-P	P5.3	P5.3	ascii	incumbent-prod	encode	default	20	45092.1	42025.6	48435.0	0.142
codec-nounk-P	P5.3	P5.3	ascii	incumbent-prod	decode	default	20	41910.5	41711.9	44172.1	0.059
codec-nounk-P	P5.3	P5.3	ascii	incumbent-prod	decode-read	default	20	42645.1	41885.5	44177.6	0.054
codec-nounk-P	P5.4	P5.4	ascii	incumbent-prod	encode	default	20	306419.5	295654.4	344793.3	0.160
codec-nounk-P	P5.4	P5.4	ascii	incumbent-prod	decode	default	20	348103.4	316681.9	357566.0	0.117
codec-nounk-P	P5.4	P5.4	ascii	incumbent-prod	decode-read	default	20	304616.5	299098.2	312848.1	0.045
codec-nounk-P	P6.1	P6.1	ascii	incumbent-prod	encode	default	20	411601.3	408536.1	416623.9	0.020
codec-nounk-P	P6.1	P6.1	ascii	incumbent-prod	decode	default	20	291975.3	284432.0	304346.1	0.068
codec-nounk-P	P6.1	P6.1	ascii	incumbent-prod	decode-read	default	20	317778.5	305761.7	329272.8	0.074
codec-nounk-P	P7.1	P7.1	ascii	incumbent-prod	decode	default	20	338.1	334.6	365.0	0.090
codec-nounk-P	P7.1	P7.1	ascii	incumbent-prod	decode-read	default	20	348.5	345.4	353.3	0.023
codec-nounk-P	P1.1	P1.1	ascii	armonik	encode	default	20	1260.6	1236.5	1302.6	0.052
codec-nounk-P	P1.1	P1.1	ascii	armonik	decode	default	20	1297.8	1279.8	1309.7	0.023
codec-nounk-P	P1.1	P1.1	ascii	armonik	decode-read	default	20	1356.3	1337.4	1393.2	0.041
codec-nounk-P	P1.2	P1.2	ascii	armonik	encode	default	20	342020.5	337706.0	346458.8	0.026
codec-nounk-P	P1.2	P1.2	ascii	armonik	decode	default	20	352835.9	350336.6	361765.0	0.032
codec-nounk-P	P1.2	P1.2	ascii	armonik	decode-read	default	20	373905.1	368013.2	479033.0	0.297
codec-nounk-P	P1.2/latin1	P1.2	latin1	armonik	encode	default	20	344976.1	289136.5	369740.9	0.234
codec-nounk-P	P1.2/latin1	P1.2	latin1	armonik	decode	default	20	550469.3	453840.6	621080.0	0.304
codec-nounk-P	P1.2/latin1	P1.2	latin1	armonik	decode-read	default	20	572266.6	465874.1	614219.4	0.259
codec-nounk-P	P1.2/wide	P1.2	wide	armonik	encode	default	20	343051.5	338231.7	372218.5	0.099
codec-nounk-P	P1.2/wide	P1.2	wide	armonik	decode	default	20	663872.2	627966.1	736121.8	0.163
codec-nounk-P	P1.2/wide	P1.2	wide	armonik	decode-read	default	20	688524.7	608454.2	695338.1	0.126
codec-nounk-P	P1.3	P1.3	ascii	armonik	encode	default	20	7743.1	7575.2	7990.2	0.054
codec-nounk-P	P1.3	P1.3	ascii	armonik	decode	default	20	14352.1	14293.4	14466.4	0.012
codec-nounk-P	P1.3	P1.3	ascii	armonik	decode-read	default	20	16334.1	16266.0	16490.9	0.014
codec-nounk-P	P2.1	P2.1	ascii	armonik	encode	default	20	1401.3	1352.9	1423.7	0.050
codec-nounk-P	P2.1	P2.1	ascii	armonik	decode	default	20	1848.9	1834.1	1983.1	0.081
codec-nounk-P	P2.1	P2.1	ascii	armonik	decode-read	default	20	1945.1	1934.3	1977.8	0.022
codec-nounk-P	P2.2	P2.2	ascii	armonik	encode	default	20	980459.8	963797.0	1015691.2	0.053
codec-nounk-P	P2.2	P2.2	ascii	armonik	decode	default	20	1162797.0	1132998.5	1274159.6	0.121
codec-nounk-P	P2.2	P2.2	ascii	armonik	decode-read	default	20	1206402.7	1165743.8	1249838.6	0.070
codec-nounk-P	P2.2/latin1	P2.2	latin1	armonik	encode	default	20	1018002.8	978093.6	1122535.8	0.142
codec-nounk-P	P2.2/latin1	P2.2	latin1	armonik	decode	default	20	1774468.9	1704752.0	2088441.0	0.216
codec-nounk-P	P2.2/latin1	P2.2	latin1	armonik	decode-read	default	20	2106965.8	2030708.5	6418409.5	2.082
codec-nounk-P	P2.2/wide	P2.2	wide	armonik	encode	default	20	1038589.8	1012312.5	1082646.9	0.068
codec-nounk-P	P2.2/wide	P2.2	wide	armonik	decode	default	20	2435927.7	1968044.8	2928573.7	0.394
codec-nounk-P	P2.2/wide	P2.2	wide	armonik	decode-read	default	20	2051654.3	2015051.3	2274159.0	0.126
codec-nounk-P	P2.3	P2.3	ascii	armonik	encode	default	20	398309.7	392446.0	457807.1	0.164
codec-nounk-P	P2.3	P2.3	ascii	armonik	decode	default	20	1173605.8	961354.7	1272683.7	0.265
codec-nounk-P	P2.3	P2.3	ascii	armonik	decode-read	default	20	1262545.7	1253796.9	1283007.2	0.023
codec-nounk-P	P2.4	P2.4	ascii	armonik	encode	default	20	608984.5	602329.4	620194.3	0.029
codec-nounk-P	P2.4	P2.4	ascii	armonik	decode	default	20	1639022.9	1631316.0	1654973.4	0.014
codec-nounk-P	P2.4	P2.4	ascii	armonik	decode-read	default	20	1754824.9	1722076.2	1801101.0	0.045
codec-nounk-P	P2.5	P2.5	ascii	armonik	encode	default	20	27500.9	27308.8	28290.3	0.036
codec-nounk-P	P2.5	P2.5	ascii	armonik	decode	default	20	46298.1	45960.6	47039.8	0.023
codec-nounk-P	P2.5	P2.5	ascii	armonik	decode-read	default	20	47907.9	46328.4	49283.1	0.062
codec-nounk-P	P3.1	P3.1	ascii	armonik	encode	default	20	21392.1	17402.4	22644.7	0.245
codec-nounk-P	P3.1	P3.1	ascii	armonik	decode	default	20	23626.2	22627.6	24307.5	0.071
codec-nounk-P	P3.1	P3.1	ascii	armonik	decode-read	default	20	23632.3	23501.0	24927.8	0.060
codec-nounk-P	P4.1	P4.1	ascii	armonik	encode	default	20	111363.2	109956.9	119657.9	0.087
codec-nounk-P	P4.1	P4.1	ascii	armonik	decode	default	20	201121.6	197352.3	209911.5	0.062
codec-nounk-P	P4.1	P4.1	ascii	armonik	decode-read	default	20	205590.4	203570.7	213662.3	0.049
codec-nounk-P	P5.1	P5.1	ascii	armonik	encode	default	20	54.7	53.2	62.2	0.165
codec-nounk-P	P5.1	P5.1	ascii	armonik	decode	default	20	68.8	68.0	74.6	0.096
codec-nounk-P	P5.1	P5.1	ascii	armonik	decode-read	default	20	69.5	67.6	75.0	0.108
codec-nounk-P	P5.2	P5.2	ascii	armonik	encode	default	20	1567.6	1483.0	1577.8	0.060
codec-nounk-P	P5.2	P5.2	ascii	armonik	decode	default	20	69.3	68.3	72.8	0.065
codec-nounk-P	P5.2	P5.2	ascii	armonik	decode-read	default	20	71.6	70.8	74.9	0.057
codec-nounk-P	P5.3	P5.3	ascii	armonik	encode	default	20	48309.0	46075.0	49803.5	0.077
codec-nounk-P	P5.3	P5.3	ascii	armonik	decode	default	20	70.4	68.8	74.0	0.075
codec-nounk-P	P5.3	P5.3	ascii	armonik	decode-read	default	20	74.8	74.0	75.6	0.021
codec-nounk-P	P5.4	P5.4	ascii	armonik	encode	default	20	325337.4	307898.2	351942.7	0.135
codec-nounk-P	P5.4	P5.4	ascii	armonik	decode	default	20	89.7	88.6	92.6	0.045
codec-nounk-P	P5.4	P5.4	ascii	armonik	decode-read	default	20	90.0	71.9	97.4	0.284
codec-nounk-P	P6.1	P6.1	ascii	armonik	encode	default	20	330814.3	328404.8	368238.8	0.120
codec-nounk-P	P6.1	P6.1	ascii	armonik	decode	default	20	271066.1	240016.8	277723.6	0.139
codec-nounk-P	P6.1	P6.1	ascii	armonik	decode-read	default	20	261519.8	258432.5	278360.1	0.076
codec-nounk-P	P7.1	P7.1	ascii	armonik	decode	default	20	241.0	237.1	243.6	0.027
codec-nounk-P	P7.1	P7.1	ascii	armonik	decode-read	default	20	252.0	249.2	258.3	0.036
codec-nounk-P	P1.1	P1.1	ascii	core-native	encode	no-unknown	20	149.8	147.7	151.5	0.026
codec-nounk-P	P1.1	P1.1	ascii	core-native	decode	no-unknown	20	902.8	850.7	971.9	0.134
codec-nounk-P	P1.1	P1.1	ascii	core-native	decode-read	no-unknown	20	921.3	911.1	967.9	0.062
codec-nounk-P	P1.2	P1.2	ascii	core-native	encode	no-unknown	20	46347.2	45878.5	47369.0	0.032
codec-nounk-P	P1.2	P1.2	ascii	core-native	decode	no-unknown	20	318735.8	309531.9	342813.8	0.104
codec-nounk-P	P1.2	P1.2	ascii	core-native	decode-read	no-unknown	20	342950.1	335268.0	405360.8	0.204
codec-nounk-P	P1.2/latin1	P1.2	latin1	core-native	encode	no-unknown	20	49105.3	48291.5	50894.2	0.053
codec-nounk-P	P1.2/latin1	P1.2	latin1	core-native	decode	no-unknown	20	416888.0	392019.1	548958.9	0.376
codec-nounk-P	P1.2/latin1	P1.2	latin1	core-native	decode-read	no-unknown	20	516732.7	513292.0	536995.8	0.046
codec-nounk-P	P1.2/wide	P1.2	wide	core-native	encode	no-unknown	20	64815.0	62408.0	67498.3	0.079
codec-nounk-P	P1.2/wide	P1.2	wide	core-native	decode	no-unknown	20	605666.5	599026.0	622777.2	0.039
codec-nounk-P	P1.2/wide	P1.2	wide	core-native	decode-read	no-unknown	20	624688.6	618965.8	649739.3	0.049
codec-nounk-P	P1.3	P1.3	ascii	core-native	encode	no-unknown	20	1474.0	1361.9	1895.2	0.362
codec-nounk-P	P1.3	P1.3	ascii	core-native	decode	no-unknown	20	9532.9	9002.5	10185.7	0.124
codec-nounk-P	P1.3	P1.3	ascii	core-native	decode-read	no-unknown	20	13422.2	13339.8	13922.4	0.043
codec-nounk-P	P2.1	P2.1	ascii	core-native	encode	no-unknown	20	263.9	219.7	289.9	0.266
codec-nounk-P	P2.1	P2.1	ascii	core-native	decode	no-unknown	20	1546.6	1533.5	1608.3	0.048
codec-nounk-P	P2.1	P2.1	ascii	core-native	decode-read	no-unknown	20	1679.6	1657.8	1738.3	0.048
codec-nounk-P	P2.2	P2.2	ascii	core-native	encode	no-unknown	20	189973.2	187701.9	201435.9	0.072
codec-nounk-P	P2.2	P2.2	ascii	core-native	decode	no-unknown	20	1245294.7	1020183.5	1282472.9	0.211
codec-nounk-P	P2.2	P2.2	ascii	core-native	decode-read	no-unknown	20	1307032.6	1290739.9	1342038.8	0.039
codec-nounk-P	P2.2/latin1	P2.2	latin1	core-native	encode	no-unknown	20	229915.6	223933.9	236866.7	0.056
codec-nounk-P	P2.2/latin1	P2.2	latin1	core-native	decode	no-unknown	20	1706450.4	1693236.0	1771435.3	0.046
codec-nounk-P	P2.2/latin1	P2.2	latin1	core-native	decode-read	no-unknown	20	1472780.1	1449485.0	1573619.0	0.084
codec-nounk-P	P2.2/wide	P2.2	wide	core-native	encode	no-unknown	20	231137.1	225112.7	240593.5	0.067
codec-nounk-P	P2.2/wide	P2.2	wide	core-native	decode	no-unknown	20	2115129.7	2064508.2	2282338.3	0.103
codec-nounk-P	P2.2/wide	P2.2	wide	core-native	decode-read	no-unknown	20	2282690.7	2192147.5	2345179.8	0.067
codec-nounk-P	P2.3	P2.3	ascii	core-native	encode	no-unknown	20	104136.6	102083.2	118760.4	0.160
codec-nounk-P	P2.3	P2.3	ascii	core-native	decode	no-unknown	20	1003107.3	926327.9	1041820.7	0.115
codec-nounk-P	P2.3	P2.3	ascii	core-native	decode-read	no-unknown	20	935339.3	926658.3	1061881.8	0.145
codec-nounk-P	P2.4	P2.4	ascii	core-native	encode	no-unknown	20	173903.4	165405.9	188358.1	0.132
codec-nounk-P	P2.4	P2.4	ascii	core-native	decode	no-unknown	20	1305066.7	1283059.1	1445412.3	0.124
codec-nounk-P	P2.4	P2.4	ascii	core-native	decode-read	no-unknown	20	1357831.3	1320923.4	1556139.0	0.173
codec-nounk-P	P2.5	P2.5	ascii	core-native	encode	no-unknown	20	4299.2	4239.0	4404.1	0.038
codec-nounk-P	P2.5	P2.5	ascii	core-native	decode	no-unknown	20	40641.3	39949.0	48106.7	0.201
codec-nounk-P	P2.5	P2.5	ascii	core-native	decode-read	no-unknown	20	42286.0	41944.0	50221.0	0.196
codec-nounk-P	P3.1	P3.1	ascii	core-native	encode	no-unknown	20	3719.0	3666.1	4203.0	0.144
codec-nounk-P	P3.1	P3.1	ascii	core-native	decode	no-unknown	20	23185.0	22689.9	27962.3	0.227
codec-nounk-P	P3.1	P3.1	ascii	core-native	decode-read	no-unknown	20	24820.8	24527.3	33085.3	0.345
codec-nounk-P	P4.1	P4.1	ascii	core-native	encode	no-unknown	20	26569.0	26062.2	30238.9	0.157
codec-nounk-P	P4.1	P4.1	ascii	core-native	decode	no-unknown	20	224213.0	174959.3	338236.2	0.728
codec-nounk-P	P4.1	P4.1	ascii	core-native	decode-read	no-unknown	20	181945.7	180819.5	183038.0	0.012
codec-nounk-P	P5.1	P5.1	ascii	core-native	encode	no-unknown	20	13.3	13.1	15.0	0.147
codec-nounk-P	P5.1	P5.1	ascii	core-native	decode	no-unknown	20	80.5	78.2	92.6	0.179
codec-nounk-P	P5.1	P5.1	ascii	core-native	decode-read	no-unknown	20	86.2	85.0	87.5	0.029
codec-nounk-P	P5.2	P5.2	ascii	core-native	encode	no-unknown	20	1523.1	1518.3	1559.3	0.027
codec-nounk-P	P5.2	P5.2	ascii	core-native	decode	no-unknown	20	1669.4	1663.0	1698.8	0.021
codec-nounk-P	P5.2	P5.2	ascii	core-native	decode-read	no-unknown	20	1672.1	1661.4	1691.4	0.018
codec-nounk-P	P5.3	P5.3	ascii	core-native	encode	no-unknown	20	46765.2	38307.2	52425.1	0.302
codec-nounk-P	P5.3	P5.3	ascii	core-native	decode	no-unknown	20	43116.6	41806.5	54084.4	0.285
codec-nounk-P	P5.3	P5.3	ascii	core-native	decode-read	no-unknown	20	42686.2	41641.3	47705.5	0.142
codec-nounk-P	P5.4	P5.4	ascii	core-native	encode	no-unknown	20	349822.1	318432.8	360914.6	0.121
codec-nounk-P	P5.4	P5.4	ascii	core-native	decode	no-unknown	20	352859.2	343771.1	394773.0	0.145
codec-nounk-P	P5.4	P5.4	ascii	core-native	decode-read	no-unknown	20	352773.0	342689.4	370403.6	0.079
codec-nounk-P	P6.1	P6.1	ascii	core-native	encode	no-unknown	20	71361.8	70858.4	73177.3	0.032
codec-nounk-P	P6.1	P6.1	ascii	core-native	decode	no-unknown	20	190600.0	188891.4	196425.7	0.040
codec-nounk-P	P6.1	P6.1	ascii	core-native	decode-read	no-unknown	20	220358.8	216526.2	304508.0	0.399
codec-nounk-P	P7.1	P7.1	ascii	core-native	decode	no-unknown	20	240.9	236.0	247.7	0.049
codec-nounk-P	P7.1	P7.1	ascii	core-native	decode-read	no-unknown	20	264.6	261.2	268.1	0.026
codec-nounk-P	P1.1	P1.1	ascii	core-ffi	encode	no-unknown	20	385.6	374.9	396.8	0.057
codec-nounk-P	P1.1	P1.1	ascii	core-ffi	decode	no-unknown	20	1676.1	1650.7	1746.8	0.057
codec-nounk-P	P1.1	P1.1	ascii	core-ffi	decode-read	no-unknown	20	1719.1	1669.1	1776.6	0.063
codec-nounk-P	P1.2	P1.2	ascii	core-ffi	encode	no-unknown	20	106245.1	104496.7	109657.1	0.049
codec-nounk-P	P1.2	P1.2	ascii	core-ffi	decode	no-unknown	20	451298.6	440173.9	459911.1	0.044
codec-nounk-P	P1.2	P1.2	ascii	core-ffi	decode-read	no-unknown	20	472351.0	463950.6	610026.1	0.309
codec-nounk-P	P1.2/latin1	P1.2	latin1	core-ffi	encode	no-unknown	20	105569.4	103767.3	108441.3	0.044
codec-nounk-P	P1.2/latin1	P1.2	latin1	core-ffi	decode	no-unknown	20	720696.1	698443.2	762408.8	0.089
codec-nounk-P	P1.2/latin1	P1.2	latin1	core-ffi	decode-read	no-unknown	20	764267.6	744451.6	771722.5	0.036
codec-nounk-P	P1.2/wide	P1.2	wide	core-ffi	encode	no-unknown	20	90987.0	87529.8	95866.8	0.092
codec-nounk-P	P1.2/wide	P1.2	wide	core-ffi	decode	no-unknown	20	959380.2	951519.4	993736.4	0.044
codec-nounk-P	P1.2/wide	P1.2	wide	core-ffi	decode-read	no-unknown	20	974093.1	967857.8	988615.7	0.021
codec-nounk-P	P1.3	P1.3	ascii	core-ffi	encode	no-unknown	20	4213.7	3716.1	5051.8	0.317
codec-nounk-P	P1.3	P1.3	ascii	core-ffi	decode	no-unknown	20	11287.3	10956.9	11424.7	0.041
codec-nounk-P	P1.3	P1.3	ascii	core-ffi	decode-read	no-unknown	20	13705.5	13292.7	13989.2	0.051
codec-nounk-P	P2.1	P2.1	ascii	core-ffi	encode	no-unknown	20	589.2	577.9	635.0	0.097
codec-nounk-P	P2.1	P2.1	ascii	core-ffi	decode	no-unknown	20	3054.3	2928.0	3327.9	0.131
codec-nounk-P	P2.1	P2.1	ascii	core-ffi	decode-read	no-unknown	20	3153.7	2451.9	3220.2	0.244
codec-nounk-P	P2.2	P2.2	ascii	core-ffi	encode	no-unknown	20	379211.0	377150.2	386202.5	0.024
codec-nounk-P	P2.2	P2.2	ascii	core-ffi	decode	no-unknown	20	1876289.3	1855284.4	2062970.4	0.111
codec-nounk-P	P2.2	P2.2	ascii	core-ffi	decode-read	no-unknown	20	1824785.1	1630637.0	1966661.9	0.184
codec-nounk-P	P2.2/latin1	P2.2	latin1	core-ffi	encode	no-unknown	20	345602.9	323627.8	423104.3	0.288
codec-nounk-P	P2.2/latin1	P2.2	latin1	core-ffi	decode	no-unknown	20	2726380.7	2713454.4	2795135.6	0.030
codec-nounk-P	P2.2/latin1	P2.2	latin1	core-ffi	decode-read	no-unknown	20	2813147.9	2602030.2	2860723.8	0.092
codec-nounk-P	P2.2/wide	P2.2	wide	core-ffi	encode	no-unknown	20	395085.0	360432.7	448151.8	0.222
codec-nounk-P	P2.2/wide	P2.2	wide	core-ffi	decode	no-unknown	20	3390279.2	3274239.8	3498003.5	0.066
codec-nounk-P	P2.2/wide	P2.2	wide	core-ffi	decode-read	no-unknown	20	2896860.7	2853964.8	2941952.0	0.030
codec-nounk-P	P2.3	P2.3	ascii	core-ffi	encode	no-unknown	20	215701.7	213376.9	220285.8	0.032
codec-nounk-P	P2.3	P2.3	ascii	core-ffi	decode	no-unknown	20	1380281.1	1298523.1	1571149.4	0.198
codec-nounk-P	P2.3	P2.3	ascii	core-ffi	decode-read	no-unknown	20	1621359.4	1573010.5	1722414.1	0.092
codec-nounk-P	P2.4	P2.4	ascii	core-ffi	encode	no-unknown	20	341544.0	325972.3	380448.5	0.159
codec-nounk-P	P2.4	P2.4	ascii	core-ffi	decode	no-unknown	20	2168434.8	1820015.7	2383409.5	0.260
codec-nounk-P	P2.4	P2.4	ascii	core-ffi	decode-read	no-unknown	20	2237764.5	2160857.0	2413466.2	0.113
codec-nounk-P	P2.5	P2.5	ascii	core-ffi	encode	no-unknown	20	11633.2	11482.2	12383.7	0.077
codec-nounk-P	P2.5	P2.5	ascii	core-ffi	decode	no-unknown	20	62562.1	61879.0	63926.4	0.033
codec-nounk-P	P2.5	P2.5	ascii	core-ffi	decode-read	no-unknown	20	64607.6	63722.3	69102.2	0.083
codec-nounk-P	P3.1	P3.1	ascii	core-ffi	encode	no-unknown	20	6420.5	6176.7	7461.3	0.200
codec-nounk-P	P3.1	P3.1	ascii	core-ffi	decode	no-unknown	20	33117.3	32397.7	39808.8	0.224
codec-nounk-P	P3.1	P3.1	ascii	core-ffi	decode-read	no-unknown	20	34205.6	32673.0	37368.4	0.137
codec-nounk-P	P4.1	P4.1	ascii	core-ffi	encode	no-unknown	20	59516.9	58422.0	65935.8	0.126
codec-nounk-P	P4.1	P4.1	ascii	core-ffi	decode	no-unknown	20	309584.6	306580.2	316099.0	0.031
codec-nounk-P	P4.1	P4.1	ascii	core-ffi	decode-read	no-unknown	20	323182.7	256574.5	337017.8	0.249
codec-nounk-P	P5.1	P5.1	ascii	core-ffi	encode	no-unknown	20	25.7	25.1	26.3	0.047
codec-nounk-P	P5.1	P5.1	ascii	core-ffi	decode	no-unknown	20	145.5	129.7	160.9	0.214
codec-nounk-P	P5.1	P5.1	ascii	core-ffi	decode-read	no-unknown	20	138.5	136.2	152.0	0.114
codec-nounk-P	P5.2	P5.2	ascii	core-ffi	encode	no-unknown	20	1522.7	1453.7	1564.8	0.073
codec-nounk-P	P5.2	P5.2	ascii	core-ffi	decode	no-unknown	20	1743.1	1731.1	1883.4	0.087
codec-nounk-P	P5.2	P5.2	ascii	core-ffi	decode-read	no-unknown	20	1751.7	1733.7	1791.3	0.033
codec-nounk-P	P5.3	P5.3	ascii	core-ffi	encode	no-unknown	20	45087.7	44428.9	49930.5	0.122
codec-nounk-P	P5.3	P5.3	ascii	core-ffi	decode	no-unknown	20	41470.6	39976.1	45273.6	0.128
codec-nounk-P	P5.3	P5.3	ascii	core-ffi	decode-read	no-unknown	20	42011.9	41094.5	54952.5	0.330
codec-nounk-P	P5.4	P5.4	ascii	core-ffi	encode	no-unknown	20	338955.6	334289.6	349027.7	0.043
codec-nounk-P	P5.4	P5.4	ascii	core-ffi	decode	no-unknown	20	336715.1	286639.5	355073.1	0.203
codec-nounk-P	P5.4	P5.4	ascii	core-ffi	decode-read	no-unknown	20	347097.8	341322.7	358674.0	0.050
codec-nounk-P	P6.1	P6.1	ascii	core-ffi	encode	no-unknown	20	81386.1	80667.4	82495.2	0.022
codec-nounk-P	P6.1	P6.1	ascii	core-ffi	decode	no-unknown	20	171988.2	170031.9	190499.3	0.119
codec-nounk-P	P6.1	P6.1	ascii	core-ffi	decode-read	no-unknown	20	199688.0	190705.1	215780.0	0.126
codec-nounk-P	P7.1	P7.1	ascii	core-ffi	decode	no-unknown	20	373.9	369.4	387.8	0.049
codec-nounk-P	P7.1	P7.1	ascii	core-ffi	decode-read	no-unknown	20	392.8	386.4	451.3	0.165
codec-nounk-P	P1.1	P1.1	ascii	core-ffi-pull	decode	no-unknown	20	1697.3	1685.5	1740.5	0.032
codec-nounk-P	P1.1	P1.1	ascii	core-ffi-pull	decode-read	no-unknown	20	1778.7	1743.7	1888.5	0.081
codec-nounk-P	P1.2	P1.2	ascii	core-ffi-pull	decode	no-unknown	20	456837.6	358502.9	494997.8	0.299
codec-nounk-P	P1.2	P1.2	ascii	core-ffi-pull	decode-read	no-unknown	20	480277.3	396374.7	521055.4	0.260
codec-nounk-P	P1.2/latin1	P1.2	latin1	core-ffi-pull	decode	no-unknown	20	764288.7	753576.6	820935.6	0.088
codec-nounk-P	P1.2/latin1	P1.2	latin1	core-ffi-pull	decode-read	no-unknown	20	767326.7	740723.5	802533.2	0.081
codec-nounk-P	P1.2/wide	P1.2	wide	core-ffi-pull	decode	no-unknown	20	959484.8	942495.0	993096.2	0.053
codec-nounk-P	P1.2/wide	P1.2	wide	core-ffi-pull	decode-read	no-unknown	20	764501.0	759881.6	783647.0	0.031
codec-nounk-P	P1.3	P1.3	ascii	core-ffi-pull	decode	no-unknown	20	12919.0	10089.9	13084.6	0.232
codec-nounk-P	P1.3	P1.3	ascii	core-ffi-pull	decode-read	no-unknown	20	15034.2	14883.5	16562.3	0.112
codec-nounk-P	P2.1	P2.1	ascii	core-ffi-pull	decode	no-unknown	20	3071.7	3012.4	3402.3	0.127
codec-nounk-P	P2.1	P2.1	ascii	core-ffi-pull	decode-read	no-unknown	20	3193.8	3061.0	3207.1	0.046
codec-nounk-P	P2.2	P2.2	ascii	core-ffi-pull	decode	no-unknown	20	1850204.9	1816573.7	1890491.4	0.040
codec-nounk-P	P2.2	P2.2	ascii	core-ffi-pull	decode-read	no-unknown	20	1927965.1	1915747.0	1962432.6	0.024
codec-nounk-P	P2.2/latin1	P2.2	latin1	core-ffi-pull	decode	no-unknown	20	2616278.9	2594692.2	2687245.8	0.035
codec-nounk-P	P2.2/latin1	P2.2	latin1	core-ffi-pull	decode-read	no-unknown	20	2722415.7	2651224.2	3709867.6	0.389
codec-nounk-P	P2.2/wide	P2.2	wide	core-ffi-pull	decode	no-unknown	20	3349621.4	3314724.2	3565149.5	0.075
codec-nounk-P	P2.2/wide	P2.2	wide	core-ffi-pull	decode-read	no-unknown	20	3472981.9	3413885.8	3592836.5	0.052
codec-nounk-P	P2.3	P2.3	ascii	core-ffi-pull	decode	no-unknown	20	1545343.1	1528233.3	1591730.0	0.041
codec-nounk-P	P2.3	P2.3	ascii	core-ffi-pull	decode-read	no-unknown	20	1633254.9	1596480.6	1750881.8	0.095
codec-nounk-P	P2.4	P2.4	ascii	core-ffi-pull	decode	no-unknown	20	2175807.2	2150622.2	2311682.0	0.074
codec-nounk-P	P2.4	P2.4	ascii	core-ffi-pull	decode-read	no-unknown	20	2252593.9	2221692.8	2391170.8	0.075
codec-nounk-P	P2.5	P2.5	ascii	core-ffi-pull	decode	no-unknown	20	62415.6	61144.6	63955.9	0.045
codec-nounk-P	P2.5	P2.5	ascii	core-ffi-pull	decode-read	no-unknown	20	63925.6	61690.1	66617.6	0.077
codec-nounk-P	P3.1	P3.1	ascii	core-ffi-pull	decode	no-unknown	20	33721.9	32898.2	37185.0	0.127
codec-nounk-P	P3.1	P3.1	ascii	core-ffi-pull	decode-read	no-unknown	20	34817.4	34168.5	37589.5	0.098
codec-nounk-P	P4.1	P4.1	ascii	core-ffi-pull	decode	no-unknown	20	261609.7	244363.6	312446.3	0.260
codec-nounk-P	P4.1	P4.1	ascii	core-ffi-pull	decode-read	no-unknown	20	284919.1	277367.2	329209.8	0.182
codec-nounk-P	P5.1	P5.1	ascii	core-ffi-pull	decode	no-unknown	20	169.4	167.5	192.2	0.146
codec-nounk-P	P5.1	P5.1	ascii	core-ffi-pull	decode-read	no-unknown	20	173.0	171.1	175.0	0.023
codec-nounk-P	P5.2	P5.2	ascii	core-ffi-pull	decode	no-unknown	20	1728.6	1722.6	1748.6	0.015
codec-nounk-P	P5.2	P5.2	ascii	core-ffi-pull	decode-read	no-unknown	20	1730.8	1724.2	1756.7	0.019
codec-nounk-P	P5.3	P5.3	ascii	core-ffi-pull	decode	no-unknown	20	44532.4	43988.8	48707.4	0.106
codec-nounk-P	P5.3	P5.3	ascii	core-ffi-pull	decode-read	no-unknown	20	44445.8	43999.5	45612.2	0.036
codec-nounk-P	P5.4	P5.4	ascii	core-ffi-pull	decode	no-unknown	20	349028.6	346168.2	353368.5	0.021
codec-nounk-P	P5.4	P5.4	ascii	core-ffi-pull	decode-read	no-unknown	20	346465.4	343693.6	353807.1	0.029
codec-nounk-P	P6.1	P6.1	ascii	core-ffi-pull	decode	no-unknown	20	164016.3	162507.7	166926.1	0.027
codec-nounk-P	P6.1	P6.1	ascii	core-ffi-pull	decode-read	no-unknown	20	188151.0	186537.0	192248.1	0.030
codec-nounk-P	P7.1	P7.1	ascii	core-ffi-pull	decode	no-unknown	20	402.2	396.9	447.9	0.127
codec-nounk-P	P7.1	P7.1	ascii	core-ffi-pull	decode-read	no-unknown	20	417.8	326.7	441.1	0.274
codec-nounk-U	U-deep-all	U-deep-all	ascii	incumbent-prod	encode	default	10	1313.6	1289.4	1370.2	0.062
codec-nounk-U	U-deep-all	U-deep-all	ascii	incumbent-prod	decode	default	10	2145.6	2090.9	2179.0	0.041
codec-nounk-U	U-deep-all	U-deep-all	ascii	incumbent-prod	decode-read	default	10	2225.0	2184.8	2266.0	0.037
codec-nounk-U	U-deep-u-fixed32	U-deep-u-fixed32	ascii	incumbent-prod	encode	default	10	1310.1	1293.8	1335.6	0.032
codec-nounk-U	U-deep-u-fixed32	U-deep-u-fixed32	ascii	incumbent-prod	decode	default	10	2108.5	2072.8	2153.4	0.038
codec-nounk-U	U-deep-u-fixed32	U-deep-u-fixed32	ascii	incumbent-prod	decode-read	default	10	2189.8	2082.6	2777.2	0.317
codec-nounk-U	U-deep-u-fixed64	U-deep-u-fixed64	ascii	incumbent-prod	encode	default	10	1335.7	1279.4	1402.6	0.092
codec-nounk-U	U-deep-u-fixed64	U-deep-u-fixed64	ascii	incumbent-prod	decode	default	10	2013.7	1995.8	2291.2	0.147
codec-nounk-U	U-deep-u-fixed64	U-deep-u-fixed64	ascii	incumbent-prod	decode-read	default	10	2161.5	2128.9	2296.4	0.077
codec-nounk-U	U-deep-u-len	U-deep-u-len	ascii	incumbent-prod	encode	default	10	1321.2	1258.3	1444.5	0.141
codec-nounk-U	U-deep-u-len	U-deep-u-len	ascii	incumbent-prod	decode	default	10	2070.8	2023.5	2189.1	0.080
codec-nounk-U	U-deep-u-len	U-deep-u-len	ascii	incumbent-prod	decode-read	default	10	2135.4	2089.3	2167.8	0.037
codec-nounk-U	U-deep-u-msg	U-deep-u-msg	ascii	incumbent-prod	encode	default	10	1333.3	1292.3	1380.0	0.066
codec-nounk-U	U-deep-u-msg	U-deep-u-msg	ascii	incumbent-prod	decode	default	10	2052.8	2022.3	2081.0	0.029
codec-nounk-U	U-deep-u-msg	U-deep-u-msg	ascii	incumbent-prod	decode-read	default	10	2140.0	2070.2	2427.2	0.167
codec-nounk-U	U-deep-u-packed	U-deep-u-packed	ascii	incumbent-prod	encode	default	10	1327.2	1288.8	1365.3	0.058
codec-nounk-U	U-deep-u-packed	U-deep-u-packed	ascii	incumbent-prod	decode	default	10	2008.6	1922.1	2075.8	0.077
codec-nounk-U	U-deep-u-packed	U-deep-u-packed	ascii	incumbent-prod	decode-read	default	10	2061.8	2014.7	2513.1	0.242
codec-nounk-U	U-deep-u-repeated	U-deep-u-repeated	ascii	incumbent-prod	encode	default	10	1269.5	1254.5	1294.5	0.031
codec-nounk-U	U-deep-u-repeated	U-deep-u-repeated	ascii	incumbent-prod	decode	default	10	2019.2	1984.2	2046.8	0.031
codec-nounk-U	U-deep-u-repeated	U-deep-u-repeated	ascii	incumbent-prod	decode-read	default	10	2104.8	2077.2	2135.1	0.027
codec-nounk-U	U-deep-u-varint	U-deep-u-varint	ascii	incumbent-prod	encode	default	10	1300.2	1281.3	1358.5	0.059
codec-nounk-U	U-deep-u-varint	U-deep-u-varint	ascii	incumbent-prod	decode	default	10	1993.4	1960.0	2007.0	0.024
codec-nounk-U	U-deep-u-varint	U-deep-u-varint	ascii	incumbent-prod	decode-read	default	10	2128.6	2103.5	2141.0	0.018
codec-nounk-U	U-element-all	U-element-all	ascii	incumbent-prod	encode	default	10	1322.5	1292.0	1610.4	0.241
codec-nounk-U	U-element-all	U-element-all	ascii	incumbent-prod	decode	default	10	2095.9	2051.8	2185.0	0.064
codec-nounk-U	U-element-all	U-element-all	ascii	incumbent-prod	decode-read	default	10	1758.3	1691.1	2125.4	0.247
codec-nounk-U	U-element-u-fixed32	U-element-u-fixed32	ascii	incumbent-prod	encode	default	10	1032.9	1011.8	1138.7	0.123
codec-nounk-U	U-element-u-fixed32	U-element-u-fixed32	ascii	incumbent-prod	decode	default	10	1552.4	1536.8	1584.1	0.030
codec-nounk-U	U-element-u-fixed32	U-element-u-fixed32	ascii	incumbent-prod	decode-read	default	10	1652.3	1620.9	2210.6	0.357
codec-nounk-U	U-element-u-fixed64	U-element-u-fixed64	ascii	incumbent-prod	encode	default	10	1024.2	1012.0	1082.6	0.069
codec-nounk-U	U-element-u-fixed64	U-element-u-fixed64	ascii	incumbent-prod	decode	default	10	1561.1	1545.9	1576.9	0.020
codec-nounk-U	U-element-u-fixed64	U-element-u-fixed64	ascii	incumbent-prod	decode-read	default	10	1647.8	1620.1	1666.7	0.028
codec-nounk-U	U-element-u-len	U-element-u-len	ascii	incumbent-prod	encode	default	10	1031.7	1014.4	1045.4	0.030
codec-nounk-U	U-element-u-len	U-element-u-len	ascii	incumbent-prod	decode	default	10	1391.9	1363.7	1407.2	0.031
codec-nounk-U	U-element-u-len	U-element-u-len	ascii	incumbent-prod	decode-read	default	10	1463.0	1454.6	1931.7	0.326
codec-nounk-U	U-element-u-msg	U-element-u-msg	ascii	incumbent-prod	encode	default	10	1315.3	1274.6	1355.9	0.062
codec-nounk-U	U-element-u-msg	U-element-u-msg	ascii	incumbent-prod	decode	default	10	2012.7	1992.8	2086.1	0.046
codec-nounk-U	U-element-u-msg	U-element-u-msg	ascii	incumbent-prod	decode-read	default	10	2089.7	2066.3	2149.4	0.040
codec-nounk-U	U-element-u-packed	U-element-u-packed	ascii	incumbent-prod	encode	default	10	1314.6	1289.5	1377.1	0.067
codec-nounk-U	U-element-u-packed	U-element-u-packed	ascii	incumbent-prod	decode	default	10	2050.4	2004.4	2152.2	0.072
codec-nounk-U	U-element-u-packed	U-element-u-packed	ascii	incumbent-prod	decode-read	default	10	2063.5	2043.9	2099.2	0.027
codec-nounk-U	U-element-u-repeated	U-element-u-repeated	ascii	incumbent-prod	encode	default	10	1311.8	1287.8	1348.4	0.046
codec-nounk-U	U-element-u-repeated	U-element-u-repeated	ascii	incumbent-prod	decode	default	10	2012.3	1970.5	2044.8	0.037
codec-nounk-U	U-element-u-repeated	U-element-u-repeated	ascii	incumbent-prod	decode-read	default	10	2000.5	1966.9	2067.6	0.050
codec-nounk-U	U-element-u-varint	U-element-u-varint	ascii	incumbent-prod	encode	default	10	1314.0	1297.7	1336.2	0.029
codec-nounk-U	U-element-u-varint	U-element-u-varint	ascii	incumbent-prod	decode	default	10	2014.6	1971.4	2039.8	0.034
codec-nounk-U	U-element-u-varint	U-element-u-varint	ascii	incumbent-prod	decode-read	default	10	2095.5	2060.3	2111.3	0.024
codec-nounk-U	U-enum-value-127	U-enum-value-127	ascii	incumbent-prod	encode	default	10	54.9	53.5	56.0	0.047
codec-nounk-U	U-enum-value-127	U-enum-value-127	ascii	incumbent-prod	decode	default	10	73.4	72.0	75.0	0.041
codec-nounk-U	U-enum-value-127	U-enum-value-127	ascii	incumbent-prod	decode-read	default	10	81.4	80.3	82.5	0.027
codec-nounk-U	U-enum-value-2147483647	U-enum-value-2147483647	ascii	incumbent-prod	encode	default	10	72.4	72.0	75.3	0.046
codec-nounk-U	U-enum-value-2147483647	U-enum-value-2147483647	ascii	incumbent-prod	decode	default	10	76.0	75.0	79.5	0.058
codec-nounk-U	U-enum-value-2147483647	U-enum-value-2147483647	ascii	incumbent-prod	decode-read	default	10	84.4	83.7	86.6	0.035
codec-nounk-U	U-enum-value-999	U-enum-value-999	ascii	incumbent-prod	encode	default	10	57.7	56.7	59.1	0.040
codec-nounk-U	U-enum-value-999	U-enum-value-999	ascii	incumbent-prod	decode	default	10	76.0	74.3	82.5	0.107
codec-nounk-U	U-enum-value-999	U-enum-value-999	ascii	incumbent-prod	decode-read	default	10	83.8	83.1	85.9	0.033
codec-nounk-U	U-enum-value-packed	U-enum-value-packed	ascii	incumbent-prod	encode	default	10	102.8	100.8	107.2	0.062
codec-nounk-U	U-enum-value-packed	U-enum-value-packed	ascii	incumbent-prod	decode	default	10	106.3	102.7	116.3	0.128
codec-nounk-U	U-enum-value-packed	U-enum-value-packed	ascii	incumbent-prod	decode-read	default	10	103.6	100.0	108.9	0.086
codec-nounk-U	U-leaf-all	U-leaf-all	ascii	incumbent-prod	encode	default	10	255.3	248.8	263.2	0.056
codec-nounk-U	U-leaf-all	U-leaf-all	ascii	incumbent-prod	decode	default	10	469.2	456.0	475.7	0.042
codec-nounk-U	U-leaf-all	U-leaf-all	ascii	incumbent-prod	decode-read	default	10	406.0	395.6	428.0	0.080
codec-nounk-U	U-leaf-u-fixed32	U-leaf-u-fixed32	ascii	incumbent-prod	encode	default	10	220.0	214.9	236.6	0.098
codec-nounk-U	U-leaf-u-fixed32	U-leaf-u-fixed32	ascii	incumbent-prod	decode	default	10	257.2	250.6	281.8	0.121
codec-nounk-U	U-leaf-u-fixed32	U-leaf-u-fixed32	ascii	incumbent-prod	decode-read	default	10	252.1	243.6	272.0	0.112
codec-nounk-U	U-leaf-u-fixed64	U-leaf-u-fixed64	ascii	incumbent-prod	encode	default	10	216.7	210.2	222.5	0.057
codec-nounk-U	U-leaf-u-fixed64	U-leaf-u-fixed64	ascii	incumbent-prod	decode	default	10	239.7	234.3	246.7	0.052
codec-nounk-U	U-leaf-u-fixed64	U-leaf-u-fixed64	ascii	incumbent-prod	decode-read	default	10	249.5	242.2	258.0	0.063
codec-nounk-U	U-leaf-u-len	U-leaf-u-len	ascii	incumbent-prod	encode	default	10	211.4	205.4	223.1	0.084
codec-nounk-U	U-leaf-u-len	U-leaf-u-len	ascii	incumbent-prod	decode	default	10	241.7	237.2	250.2	0.054
codec-nounk-U	U-leaf-u-len	U-leaf-u-len	ascii	incumbent-prod	decode-read	default	10	252.2	243.4	269.2	0.102
codec-nounk-U	U-leaf-u-msg	U-leaf-u-msg	ascii	incumbent-prod	encode	default	10	210.2	205.6	215.4	0.047
codec-nounk-U	U-leaf-u-msg	U-leaf-u-msg	ascii	incumbent-prod	decode	default	10	239.7	235.0	246.1	0.046
codec-nounk-U	U-leaf-u-msg	U-leaf-u-msg	ascii	incumbent-prod	decode-read	default	10	249.1	243.2	257.2	0.056
codec-nounk-U	U-leaf-u-packed	U-leaf-u-packed	ascii	incumbent-prod	encode	default	10	212.3	208.5	221.5	0.061
codec-nounk-U	U-leaf-u-packed	U-leaf-u-packed	ascii	incumbent-prod	decode	default	10	238.7	235.6	244.2	0.036
codec-nounk-U	U-leaf-u-packed	U-leaf-u-packed	ascii	incumbent-prod	decode-read	default	10	246.4	245.1	262.1	0.069
codec-nounk-U	U-leaf-u-repeated	U-leaf-u-repeated	ascii	incumbent-prod	encode	default	10	209.4	207.5	212.4	0.023
codec-nounk-U	U-leaf-u-repeated	U-leaf-u-repeated	ascii	incumbent-prod	decode	default	10	255.3	252.2	261.6	0.037
codec-nounk-U	U-leaf-u-repeated	U-leaf-u-repeated	ascii	incumbent-prod	decode-read	default	10	263.2	257.1	268.8	0.045
codec-nounk-U	U-leaf-u-varint	U-leaf-u-varint	ascii	incumbent-prod	encode	default	10	208.9	205.3	216.4	0.054
codec-nounk-U	U-leaf-u-varint	U-leaf-u-varint	ascii	incumbent-prod	decode	default	10	246.8	240.8	258.0	0.069
codec-nounk-U	U-leaf-u-varint	U-leaf-u-varint	ascii	incumbent-prod	decode-read	default	10	255.1	250.6	264.3	0.054
codec-nounk-U	U-nested-all	U-nested-all	ascii	incumbent-prod	encode	default	10	212.7	206.2	222.2	0.075
codec-nounk-U	U-nested-all	U-nested-all	ascii	incumbent-prod	decode	default	10	294.5	284.4	306.2	0.074
codec-nounk-U	U-nested-all	U-nested-all	ascii	incumbent-prod	decode-read	default	10	303.2	297.3	307.9	0.035
codec-nounk-U	U-nested-before	U-nested-before	ascii	incumbent-prod	encode	default	10	210.5	205.3	229.4	0.114
codec-nounk-U	U-nested-before	U-nested-before	ascii	incumbent-prod	decode	default	10	294.3	288.6	318.8	0.103
codec-nounk-U	U-nested-before	U-nested-before	ascii	incumbent-prod	decode-read	default	10	343.3	310.9	370.9	0.175
codec-nounk-U	U-nested-group	U-nested-group	ascii	incumbent-prod	encode	default	10	237.2	222.5	249.0	0.112
codec-nounk-U	U-nested-group	U-nested-group	ascii	incumbent-prod	decode	default	10	296.8	287.3	307.6	0.068
codec-nounk-U	U-nested-group	U-nested-group	ascii	incumbent-prod	decode-read	default	10	305.0	302.6	312.8	0.033
codec-nounk-U	U-nested-interleaved	U-nested-interleaved	ascii	incumbent-prod	encode	default	10	245.1	238.7	252.8	0.058
codec-nounk-U	U-nested-interleaved	U-nested-interleaved	ascii	incumbent-prod	decode	default	10	335.1	326.9	342.2	0.046
codec-nounk-U	U-nested-interleaved	U-nested-interleaved	ascii	incumbent-prod	decode-read	default	10	320.4	314.1	351.7	0.118
codec-nounk-U	U-nested-u-fixed32	U-nested-u-fixed32	ascii	incumbent-prod	encode	default	10	237.8	232.4	249.6	0.072
codec-nounk-U	U-nested-u-fixed32	U-nested-u-fixed32	ascii	incumbent-prod	decode	default	10	261.4	242.8	305.7	0.241
codec-nounk-U	U-nested-u-fixed32	U-nested-u-fixed32	ascii	incumbent-prod	decode-read	default	10	251.5	247.6	269.2	0.086
codec-nounk-U	U-nested-u-fixed64	U-nested-u-fixed64	ascii	incumbent-prod	encode	default	10	219.7	215.2	227.7	0.057
codec-nounk-U	U-nested-u-fixed64	U-nested-u-fixed64	ascii	incumbent-prod	decode	default	10	243.5	237.7	245.6	0.032
codec-nounk-U	U-nested-u-fixed64	U-nested-u-fixed64	ascii	incumbent-prod	decode-read	default	10	248.8	245.2	253.3	0.033
codec-nounk-U	U-nested-u-len	U-nested-u-len	ascii	incumbent-prod	encode	default	10	208.8	206.8	227.8	0.100
codec-nounk-U	U-nested-u-len	U-nested-u-len	ascii	incumbent-prod	decode	default	10	239.8	231.3	248.8	0.073
codec-nounk-U	U-nested-u-len	U-nested-u-len	ascii	incumbent-prod	decode-read	default	10	239.0	234.4	246.1	0.049
codec-nounk-U	U-nested-u-msg	U-nested-u-msg	ascii	incumbent-prod	encode	default	10	208.6	205.0	217.8	0.061
codec-nounk-U	U-nested-u-msg	U-nested-u-msg	ascii	incumbent-prod	decode	default	10	245.6	233.1	283.0	0.203
codec-nounk-U	U-nested-u-msg	U-nested-u-msg	ascii	incumbent-prod	decode-read	default	10	308.2	300.9	316.2	0.050
codec-nounk-U	U-nested-u-packed	U-nested-u-packed	ascii	incumbent-prod	encode	default	10	275.7	266.9	288.8	0.079
codec-nounk-U	U-nested-u-packed	U-nested-u-packed	ascii	incumbent-prod	decode	default	10	309.6	292.2	366.6	0.240
codec-nounk-U	U-nested-u-packed	U-nested-u-packed	ascii	incumbent-prod	decode-read	default	10	308.6	304.3	317.7	0.043
codec-nounk-U	U-nested-u-repeated	U-nested-u-repeated	ascii	incumbent-prod	encode	default	10	272.8	261.9	286.3	0.089
codec-nounk-U	U-nested-u-repeated	U-nested-u-repeated	ascii	incumbent-prod	decode	default	10	305.6	301.1	322.6	0.070
codec-nounk-U	U-nested-u-repeated	U-nested-u-repeated	ascii	incumbent-prod	decode-read	default	10	320.1	311.1	336.5	0.079
codec-nounk-U	U-nested-u-varint	U-nested-u-varint	ascii	incumbent-prod	encode	default	10	268.0	262.0	278.9	0.063
codec-nounk-U	U-nested-u-varint	U-nested-u-varint	ascii	incumbent-prod	decode	default	10	302.4	297.8	312.6	0.049
codec-nounk-U	U-nested-u-varint	U-nested-u-varint	ascii	incumbent-prod	decode-read	default	10	312.1	308.2	316.7	0.027
codec-nounk-U	U-oneof-all	U-oneof-all	ascii	incumbent-prod	encode	default	10	97.9	92.7	104.9	0.125
codec-nounk-U	U-oneof-all	U-oneof-all	ascii	incumbent-prod	decode	default	10	158.2	150.8	170.2	0.123
codec-nounk-U	U-oneof-all	U-oneof-all	ascii	incumbent-prod	decode-read	default	10	162.1	156.3	172.2	0.098
codec-nounk-U	U-oneof-before	U-oneof-before	ascii	incumbent-prod	encode	default	10	100.9	93.1	120.7	0.274
codec-nounk-U	U-oneof-before	U-oneof-before	ascii	incumbent-prod	decode	default	10	157.8	153.4	164.1	0.068
codec-nounk-U	U-oneof-before	U-oneof-before	ascii	incumbent-prod	decode-read	default	10	163.1	154.7	168.8	0.086
codec-nounk-U	U-oneof-group	U-oneof-group	ascii	incumbent-prod	encode	default	10	103.5	95.0	110.2	0.147
codec-nounk-U	U-oneof-group	U-oneof-group	ascii	incumbent-prod	decode	default	10	148.0	136.0	166.4	0.205
codec-nounk-U	U-oneof-group	U-oneof-group	ascii	incumbent-prod	decode-read	default	10	142.9	137.7	151.8	0.098
codec-nounk-U	U-oneof-interleaved	U-oneof-interleaved	ascii	incumbent-prod	encode	default	10	126.6	116.7	154.4	0.297
codec-nounk-U	U-oneof-interleaved	U-oneof-interleaved	ascii	incumbent-prod	decode	default	10	202.2	197.3	217.3	0.099
codec-nounk-U	U-oneof-interleaved	U-oneof-interleaved	ascii	incumbent-prod	decode-read	default	10	206.5	200.4	216.5	0.078
codec-nounk-U	U-oneof-member-after-known	U-oneof-member-after-known	ascii	incumbent-prod	encode	default	10	131.5	119.3	155.4	0.275
codec-nounk-U	U-oneof-member-after-known	U-oneof-member-after-known	ascii	incumbent-prod	decode	default	10	125.3	121.6	148.1	0.212
codec-nounk-U	U-oneof-member-after-known	U-oneof-member-after-known	ascii	incumbent-prod	decode-read	default	10	128.1	125.5	135.4	0.077
codec-nounk-U	U-oneof-member-alone	U-oneof-member-alone	ascii	incumbent-prod	encode	default	10	82.7	81.5	147.5	0.798
codec-nounk-U	U-oneof-member-alone	U-oneof-member-alone	ascii	incumbent-prod	decode	default	10	116.0	109.5	122.4	0.111
codec-nounk-U	U-oneof-member-alone	U-oneof-member-alone	ascii	incumbent-prod	decode-read	default	10	115.2	113.8	123.7	0.086
codec-nounk-U	U-oneof-member-before-known	U-oneof-member-before-known	ascii	incumbent-prod	encode	default	10	131.1	118.8	135.5	0.128
codec-nounk-U	U-oneof-member-before-known	U-oneof-member-before-known	ascii	incumbent-prod	decode	default	10	125.8	120.9	131.2	0.082
codec-nounk-U	U-oneof-member-before-known	U-oneof-member-before-known	ascii	incumbent-prod	decode-read	default	10	130.9	126.0	136.4	0.079
codec-nounk-U	U-oneof-u-fixed32	U-oneof-u-fixed32	ascii	incumbent-prod	encode	default	10	125.5	119.8	131.9	0.096
codec-nounk-U	U-oneof-u-fixed32	U-oneof-u-fixed32	ascii	incumbent-prod	decode	default	10	132.8	125.4	161.5	0.272
codec-nounk-U	U-oneof-u-fixed32	U-oneof-u-fixed32	ascii	incumbent-prod	decode-read	default	10	134.5	130.8	138.8	0.060
codec-nounk-U	U-oneof-u-fixed64	U-oneof-u-fixed64	ascii	incumbent-prod	encode	default	10	126.9	121.1	129.4	0.065
codec-nounk-U	U-oneof-u-fixed64	U-oneof-u-fixed64	ascii	incumbent-prod	decode	default	10	126.6	123.6	131.3	0.060
codec-nounk-U	U-oneof-u-fixed64	U-oneof-u-fixed64	ascii	incumbent-prod	decode-read	default	10	131.3	129.1	138.8	0.074
codec-nounk-U	U-oneof-u-len	U-oneof-u-len	ascii	incumbent-prod	encode	default	10	124.8	120.7	135.0	0.115
codec-nounk-U	U-oneof-u-len	U-oneof-u-len	ascii	incumbent-prod	decode	default	10	130.0	128.2	138.5	0.079
codec-nounk-U	U-oneof-u-len	U-oneof-u-len	ascii	incumbent-prod	decode-read	default	10	133.1	131.4	143.0	0.087
codec-nounk-U	U-oneof-u-msg	U-oneof-u-msg	ascii	incumbent-prod	encode	default	10	128.6	124.4	137.1	0.099
codec-nounk-U	U-oneof-u-msg	U-oneof-u-msg	ascii	incumbent-prod	decode	default	10	127.3	124.9	129.5	0.036
codec-nounk-U	U-oneof-u-msg	U-oneof-u-msg	ascii	incumbent-prod	decode-read	default	10	132.9	131.4	134.3	0.022
codec-nounk-U	U-oneof-u-packed	U-oneof-u-packed	ascii	incumbent-prod	encode	default	10	126.9	121.8	131.9	0.080
codec-nounk-U	U-oneof-u-packed	U-oneof-u-packed	ascii	incumbent-prod	decode	default	10	134.4	127.7	158.4	0.229
codec-nounk-U	U-oneof-u-packed	U-oneof-u-packed	ascii	incumbent-prod	decode-read	default	10	134.2	132.9	146.0	0.098
codec-nounk-U	U-oneof-u-repeated	U-oneof-u-repeated	ascii	incumbent-prod	encode	default	10	121.5	117.1	131.5	0.118
codec-nounk-U	U-oneof-u-repeated	U-oneof-u-repeated	ascii	incumbent-prod	decode	default	10	143.2	140.5	148.3	0.055
codec-nounk-U	U-oneof-u-repeated	U-oneof-u-repeated	ascii	incumbent-prod	decode-read	default	10	147.6	144.6	153.0	0.057
codec-nounk-U	U-oneof-u-varint	U-oneof-u-varint	ascii	incumbent-prod	encode	default	10	128.3	119.1	133.6	0.113
codec-nounk-U	U-oneof-u-varint	U-oneof-u-varint	ascii	incumbent-prod	decode	default	10	131.2	127.9	154.7	0.204
codec-nounk-U	U-oneof-u-varint	U-oneof-u-varint	ascii	incumbent-prod	decode-read	default	10	137.0	134.6	160.0	0.185
codec-nounk-U	U-root-all	U-root-all	ascii	incumbent-prod	encode	default	10	639.1	611.7	929.3	0.497
codec-nounk-U	U-root-all	U-root-all	ascii	incumbent-prod	decode	default	10	689.6	669.7	1152.8	0.701
codec-nounk-U	U-root-all	U-root-all	ascii	incumbent-prod	decode-read	default	10	719.6	581.5	850.6	0.374
codec-nounk-U	U-root-before	U-root-before	ascii	incumbent-prod	encode	default	10	489.0	475.4	501.0	0.052
codec-nounk-U	U-root-before	U-root-before	ascii	incumbent-prod	decode	default	10	558.3	536.5	579.3	0.077
codec-nounk-U	U-root-before	U-root-before	ascii	incumbent-prod	decode-read	default	10	727.9	709.2	752.2	0.059
codec-nounk-U	U-root-group	U-root-group	ascii	incumbent-prod	encode	default	10	626.5	608.6	644.4	0.057
codec-nounk-U	U-root-group	U-root-group	ascii	incumbent-prod	decode	default	10	669.4	646.7	684.0	0.056
codec-nounk-U	U-root-group	U-root-group	ascii	incumbent-prod	decode-read	default	10	671.2	662.8	685.1	0.033
codec-nounk-U	U-root-interleaved	U-root-interleaved	ascii	incumbent-prod	encode	default	10	614.7	607.7	631.0	0.038
codec-nounk-U	U-root-interleaved	U-root-interleaved	ascii	incumbent-prod	decode	default	10	713.3	695.1	768.2	0.103
codec-nounk-U	U-root-interleaved	U-root-interleaved	ascii	incumbent-prod	decode-read	default	10	729.3	710.6	769.6	0.081
codec-nounk-U	U-root-max-tag	U-root-max-tag	ascii	incumbent-prod	encode	default	10	642.9	598.1	757.3	0.248
codec-nounk-U	U-root-max-tag	U-root-max-tag	ascii	incumbent-prod	decode	default	10	610.5	601.8	638.8	0.061
codec-nounk-U	U-root-max-tag	U-root-max-tag	ascii	incumbent-prod	decode-read	default	10	650.8	618.9	681.5	0.096
codec-nounk-U	U-root-u-fixed32	U-root-u-fixed32	ascii	incumbent-prod	encode	default	10	487.7	472.9	508.8	0.074
codec-nounk-U	U-root-u-fixed32	U-root-u-fixed32	ascii	incumbent-prod	decode	default	10	486.4	478.8	494.0	0.031
codec-nounk-U	U-root-u-fixed32	U-root-u-fixed32	ascii	incumbent-prod	decode-read	default	10	503.3	490.5	529.4	0.077
codec-nounk-U	U-root-u-fixed64	U-root-u-fixed64	ascii	incumbent-prod	encode	default	10	488.7	468.7	553.9	0.174
codec-nounk-U	U-root-u-fixed64	U-root-u-fixed64	ascii	incumbent-prod	decode	default	10	480.7	470.7	495.6	0.052
codec-nounk-U	U-root-u-fixed64	U-root-u-fixed64	ascii	incumbent-prod	decode-read	default	10	508.3	493.7	567.8	0.146
codec-nounk-U	U-root-u-len	U-root-u-len	ascii	incumbent-prod	encode	default	10	509.7	496.9	527.5	0.060
codec-nounk-U	U-root-u-len	U-root-u-len	ascii	incumbent-prod	decode	default	10	514.5	493.8	546.8	0.103
codec-nounk-U	U-root-u-len	U-root-u-len	ascii	incumbent-prod	decode-read	default	10	535.5	519.7	572.5	0.099
codec-nounk-U	U-root-u-msg	U-root-u-msg	ascii	incumbent-prod	encode	default	10	505.6	498.0	538.1	0.079
codec-nounk-U	U-root-u-msg	U-root-u-msg	ascii	incumbent-prod	decode	default	10	499.2	467.1	533.6	0.133
codec-nounk-U	U-root-u-msg	U-root-u-msg	ascii	incumbent-prod	decode-read	default	10	494.8	482.9	514.0	0.063
codec-nounk-U	U-root-u-packed	U-root-u-packed	ascii	incumbent-prod	encode	default	10	493.4	481.1	511.6	0.062
codec-nounk-U	U-root-u-packed	U-root-u-packed	ascii	incumbent-prod	decode	default	10	503.5	495.1	509.2	0.028
codec-nounk-U	U-root-u-packed	U-root-u-packed	ascii	incumbent-prod	decode-read	default	10	567.8	553.7	578.9	0.044
codec-nounk-U	U-root-u-repeated	U-root-u-repeated	ascii	incumbent-prod	encode	default	10	547.7	537.6	554.2	0.030
codec-nounk-U	U-root-u-repeated	U-root-u-repeated	ascii	incumbent-prod	decode	default	10	557.0	553.5	566.1	0.023
codec-nounk-U	U-root-u-repeated	U-root-u-repeated	ascii	incumbent-prod	decode-read	default	10	532.8	498.2	745.5	0.464
codec-nounk-U	U-root-u-varint	U-root-u-varint	ascii	incumbent-prod	encode	default	10	479.6	475.6	500.0	0.051
codec-nounk-U	U-root-u-varint	U-root-u-varint	ascii	incumbent-prod	decode	default	10	613.5	479.0	660.5	0.296
codec-nounk-U	U-root-u-varint	U-root-u-varint	ascii	incumbent-prod	decode-read	default	10	653.0	628.6	666.6	0.058
codec-nounk-U	U-deep-all	U-deep-all	ascii	armonik	encode	default	10	1360.2	1324.7	1426.5	0.075
codec-nounk-U	U-deep-all	U-deep-all	ascii	armonik	decode	default	10	2140.9	2041.8	2240.1	0.093
codec-nounk-U	U-deep-all	U-deep-all	ascii	armonik	decode-read	default	10	2215.9	2129.5	2279.6	0.068
codec-nounk-U	U-deep-u-fixed32	U-deep-u-fixed32	ascii	armonik	encode	default	10	1357.3	1330.5	1464.4	0.099
codec-nounk-U	U-deep-u-fixed32	U-deep-u-fixed32	ascii	armonik	decode	default	10	1996.0	1965.3	2020.8	0.028
codec-nounk-U	U-deep-u-fixed32	U-deep-u-fixed32	ascii	armonik	decode-read	default	10	2080.2	2044.6	2147.7	0.050
codec-nounk-U	U-deep-u-fixed64	U-deep-u-fixed64	ascii	armonik	encode	default	10	1339.9	1321.6	1357.1	0.027
codec-nounk-U	U-deep-u-fixed64	U-deep-u-fixed64	ascii	armonik	decode	default	10	2008.2	1989.8	2102.8	0.056
codec-nounk-U	U-deep-u-fixed64	U-deep-u-fixed64	ascii	armonik	decode-read	default	10	2085.4	2053.6	2117.7	0.031
codec-nounk-U	U-deep-u-len	U-deep-u-len	ascii	armonik	encode	default	10	1334.4	1304.8	1356.1	0.038
codec-nounk-U	U-deep-u-len	U-deep-u-len	ascii	armonik	decode	default	10	2001.0	1960.5	2034.4	0.037
codec-nounk-U	U-deep-u-len	U-deep-u-len	ascii	armonik	decode-read	default	10	2085.9	2055.7	2117.6	0.030
codec-nounk-U	U-deep-u-msg	U-deep-u-msg	ascii	armonik	encode	default	10	1348.0	1331.0	1441.8	0.082
codec-nounk-U	U-deep-u-msg	U-deep-u-msg	ascii	armonik	decode	default	10	2047.6	1991.2	2130.6	0.068
codec-nounk-U	U-deep-u-msg	U-deep-u-msg	ascii	armonik	decode-read	default	10	2132.9	2101.7	2296.8	0.092
codec-nounk-U	U-deep-u-packed	U-deep-u-packed	ascii	armonik	encode	default	10	1360.7	1334.1	1373.0	0.029
codec-nounk-U	U-deep-u-packed	U-deep-u-packed	ascii	armonik	decode	default	10	2062.8	1947.8	2285.5	0.164
codec-nounk-U	U-deep-u-packed	U-deep-u-packed	ascii	armonik	decode-read	default	10	2142.4	2054.5	2237.7	0.085
codec-nounk-U	U-deep-u-repeated	U-deep-u-repeated	ascii	armonik	encode	default	10	1345.9	1281.7	1361.9	0.060
codec-nounk-U	U-deep-u-repeated	U-deep-u-repeated	ascii	armonik	decode	default	10	2035.1	2006.7	2200.9	0.095
codec-nounk-U	U-deep-u-repeated	U-deep-u-repeated	ascii	armonik	decode-read	default	10	2129.4	2101.0	2194.1	0.044
codec-nounk-U	U-deep-u-varint	U-deep-u-varint	ascii	armonik	encode	default	10	1359.6	1339.7	1443.9	0.077
codec-nounk-U	U-deep-u-varint	U-deep-u-varint	ascii	armonik	decode	default	10	2115.4	2031.1	2485.8	0.215
codec-nounk-U	U-deep-u-varint	U-deep-u-varint	ascii	armonik	decode-read	default	10	2165.8	2107.3	2252.5	0.067
codec-nounk-U	U-element-all	U-element-all	ascii	armonik	encode	default	10	1342.0	1307.8	1428.7	0.090
codec-nounk-U	U-element-all	U-element-all	ascii	armonik	decode	default	10	2112.7	2066.0	2233.5	0.079
codec-nounk-U	U-element-all	U-element-all	ascii	armonik	decode-read	default	10	2192.4	2147.5	2313.9	0.076
codec-nounk-U	U-element-u-fixed32	U-element-u-fixed32	ascii	armonik	encode	default	10	1350.3	1315.3	1416.1	0.075
codec-nounk-U	U-element-u-fixed32	U-element-u-fixed32	ascii	armonik	decode	default	10	2008.2	1967.3	2082.9	0.058
codec-nounk-U	U-element-u-fixed32	U-element-u-fixed32	ascii	armonik	decode-read	default	10	1824.1	1781.5	1917.3	0.074
codec-nounk-U	U-element-u-fixed64	U-element-u-fixed64	ascii	armonik	encode	default	10	1357.3	1323.3	1473.7	0.111
codec-nounk-U	U-element-u-fixed64	U-element-u-fixed64	ascii	armonik	decode	default	10	1718.2	1676.5	1780.8	0.061
codec-nounk-U	U-element-u-fixed64	U-element-u-fixed64	ascii	armonik	decode-read	default	10	1788.5	1766.9	1828.5	0.034
codec-nounk-U	U-element-u-len	U-element-u-len	ascii	armonik	encode	default	10	1341.9	1314.5	1366.6	0.039
codec-nounk-U	U-element-u-len	U-element-u-len	ascii	armonik	decode	default	10	1708.0	1666.0	1756.1	0.053
codec-nounk-U	U-element-u-len	U-element-u-len	ascii	armonik	decode-read	default	10	1798.8	1764.8	1848.5	0.047
codec-nounk-U	U-element-u-msg	U-element-u-msg	ascii	armonik	encode	default	10	1335.7	1315.0	1348.7	0.025
codec-nounk-U	U-element-u-msg	U-element-u-msg	ascii	armonik	decode	default	10	1697.1	1652.3	1791.8	0.082
codec-nounk-U	U-element-u-msg	U-element-u-msg	ascii	armonik	decode-read	default	10	1805.4	1761.2	1844.6	0.046
codec-nounk-U	U-element-u-packed	U-element-u-packed	ascii	armonik	encode	default	10	1345.8	1328.3	1382.0	0.040
codec-nounk-U	U-element-u-packed	U-element-u-packed	ascii	armonik	decode	default	10	1692.0	1665.2	1734.9	0.041
codec-nounk-U	U-element-u-packed	U-element-u-packed	ascii	armonik	decode-read	default	10	1812.5	1775.0	1963.8	0.104
codec-nounk-U	U-element-u-repeated	U-element-u-repeated	ascii	armonik	encode	default	10	1353.3	1330.1	1430.9	0.075
codec-nounk-U	U-element-u-repeated	U-element-u-repeated	ascii	armonik	decode	default	10	1500.6	1403.5	1819.6	0.277
codec-nounk-U	U-element-u-repeated	U-element-u-repeated	ascii	armonik	decode-read	default	10	1420.3	1394.9	1463.4	0.048
codec-nounk-U	U-element-u-varint	U-element-u-varint	ascii	armonik	encode	default	10	1051.7	1032.5	1079.0	0.044
codec-nounk-U	U-element-u-varint	U-element-u-varint	ascii	armonik	decode	default	10	1345.8	1299.6	1402.8	0.077
codec-nounk-U	U-element-u-varint	U-element-u-varint	ascii	armonik	decode-read	default	10	1405.1	1384.6	1644.6	0.185
codec-nounk-U	U-enum-value-127	U-enum-value-127	ascii	armonik	encode	default	10	58.1	57.4	61.3	0.067
codec-nounk-U	U-enum-value-127	U-enum-value-127	ascii	armonik	decode	default	10	98.9	97.7	101.3	0.036
codec-nounk-U	U-enum-value-127	U-enum-value-127	ascii	armonik	decode-read	default	10	106.3	104.6	111.4	0.064
codec-nounk-U	U-enum-value-2147483647	U-enum-value-2147483647	ascii	armonik	encode	default	10	76.6	75.5	79.4	0.051
codec-nounk-U	U-enum-value-2147483647	U-enum-value-2147483647	ascii	armonik	decode	default	10	101.4	99.3	106.6	0.073
codec-nounk-U	U-enum-value-2147483647	U-enum-value-2147483647	ascii	armonik	decode-read	default	10	117.2	111.3	120.2	0.076
codec-nounk-U	U-enum-value-999	U-enum-value-999	ascii	armonik	encode	default	10	63.9	62.7	66.4	0.057
codec-nounk-U	U-enum-value-999	U-enum-value-999	ascii	armonik	decode	default	10	100.3	97.5	105.5	0.080
codec-nounk-U	U-enum-value-999	U-enum-value-999	ascii	armonik	decode-read	default	10	106.2	103.9	114.6	0.101
codec-nounk-U	U-enum-value-packed	U-enum-value-packed	ascii	armonik	encode	default	10	153.2	149.3	160.9	0.076
codec-nounk-U	U-enum-value-packed	U-enum-value-packed	ascii	armonik	decode	default	10	123.9	122.3	126.7	0.036
codec-nounk-U	U-enum-value-packed	U-enum-value-packed	ascii	armonik	decode-read	default	10	135.3	133.5	144.1	0.078
codec-nounk-U	U-leaf-all	U-leaf-all	ascii	armonik	encode	default	10	268.4	264.6	275.1	0.039
codec-nounk-U	U-leaf-all	U-leaf-all	ascii	armonik	decode	default	10	479.7	470.2	488.6	0.038
codec-nounk-U	U-leaf-all	U-leaf-all	ascii	armonik	decode-read	default	10	510.2	497.3	547.7	0.099
codec-nounk-U	U-leaf-u-fixed32	U-leaf-u-fixed32	ascii	armonik	encode	default	10	271.7	270.3	331.5	0.225
codec-nounk-U	U-leaf-u-fixed32	U-leaf-u-fixed32	ascii	armonik	decode	default	10	305.5	293.4	345.7	0.172
codec-nounk-U	U-leaf-u-fixed32	U-leaf-u-fixed32	ascii	armonik	decode-read	default	10	319.2	308.1	341.3	0.104
codec-nounk-U	U-leaf-u-fixed64	U-leaf-u-fixed64	ascii	armonik	encode	default	10	275.2	267.7	295.4	0.101
codec-nounk-U	U-leaf-u-fixed64	U-leaf-u-fixed64	ascii	armonik	decode	default	10	319.6	305.7	337.6	0.100
codec-nounk-U	U-leaf-u-fixed64	U-leaf-u-fixed64	ascii	armonik	decode-read	default	10	322.6	311.5	339.9	0.088
codec-nounk-U	U-leaf-u-len	U-leaf-u-len	ascii	armonik	encode	default	10	274.7	267.5	280.5	0.048
codec-nounk-U	U-leaf-u-len	U-leaf-u-len	ascii	armonik	decode	default	10	311.0	303.7	320.8	0.055
codec-nounk-U	U-leaf-u-len	U-leaf-u-len	ascii	armonik	decode-read	default	10	332.4	322.3	375.9	0.161
codec-nounk-U	U-leaf-u-msg	U-leaf-u-msg	ascii	armonik	encode	default	10	277.0	266.9	307.0	0.145
codec-nounk-U	U-leaf-u-msg	U-leaf-u-msg	ascii	armonik	decode	default	10	247.8	241.6	269.0	0.110
codec-nounk-U	U-leaf-u-msg	U-leaf-u-msg	ascii	armonik	decode-read	default	10	250.6	246.0	254.6	0.034
codec-nounk-U	U-leaf-u-packed	U-leaf-u-packed	ascii	armonik	encode	default	10	275.3	264.7	297.9	0.121
codec-nounk-U	U-leaf-u-packed	U-leaf-u-packed	ascii	armonik	decode	default	10	312.2	304.3	351.0	0.150
codec-nounk-U	U-leaf-u-packed	U-leaf-u-packed	ascii	armonik	decode-read	default	10	323.1	317.5	342.8	0.078
codec-nounk-U	U-leaf-u-repeated	U-leaf-u-repeated	ascii	armonik	encode	default	10	212.0	210.0	215.9	0.028
codec-nounk-U	U-leaf-u-repeated	U-leaf-u-repeated	ascii	armonik	decode	default	10	254.9	250.6	262.1	0.045
codec-nounk-U	U-leaf-u-repeated	U-leaf-u-repeated	ascii	armonik	decode-read	default	10	339.9	328.3	423.0	0.279
codec-nounk-U	U-leaf-u-varint	U-leaf-u-varint	ascii	armonik	encode	default	10	272.6	264.9	340.0	0.275
codec-nounk-U	U-leaf-u-varint	U-leaf-u-varint	ascii	armonik	decode	default	10	317.8	313.2	323.6	0.033
codec-nounk-U	U-leaf-u-varint	U-leaf-u-varint	ascii	armonik	decode-read	default	10	331.5	324.0	373.9	0.150
codec-nounk-U	U-nested-all	U-nested-all	ascii	armonik	encode	default	10	273.3	266.1	292.4	0.096
codec-nounk-U	U-nested-all	U-nested-all	ascii	armonik	decode	default	10	380.7	374.5	403.8	0.077
codec-nounk-U	U-nested-all	U-nested-all	ascii	armonik	decode-read	default	10	405.1	388.0	417.7	0.073
codec-nounk-U	U-nested-before	U-nested-before	ascii	armonik	encode	default	10	274.1	263.3	285.4	0.080
codec-nounk-U	U-nested-before	U-nested-before	ascii	armonik	decode	default	10	385.6	373.0	430.0	0.148
codec-nounk-U	U-nested-before	U-nested-before	ascii	armonik	decode-read	default	10	394.1	383.1	417.8	0.088
codec-nounk-U	U-nested-group	U-nested-group	ascii	armonik	encode	default	10	277.7	266.9	306.4	0.142
codec-nounk-U	U-nested-group	U-nested-group	ascii	armonik	decode	default	10	343.0	332.4	356.4	0.070
codec-nounk-U	U-nested-group	U-nested-group	ascii	armonik	decode-read	default	10	360.0	345.8	620.8	0.764
codec-nounk-U	U-nested-interleaved	U-nested-interleaved	ascii	armonik	encode	default	10	270.7	265.4	277.6	0.045
codec-nounk-U	U-nested-interleaved	U-nested-interleaved	ascii	armonik	decode	default	10	386.1	375.4	415.6	0.104
codec-nounk-U	U-nested-interleaved	U-nested-interleaved	ascii	armonik	decode-read	default	10	393.4	375.9	410.6	0.088
codec-nounk-U	U-nested-u-fixed32	U-nested-u-fixed32	ascii	armonik	encode	default	10	275.3	271.0	279.4	0.031
codec-nounk-U	U-nested-u-fixed32	U-nested-u-fixed32	ascii	armonik	decode	default	10	304.9	292.6	315.8	0.076
codec-nounk-U	U-nested-u-fixed32	U-nested-u-fixed32	ascii	armonik	decode-read	default	10	312.6	309.0	322.7	0.044
codec-nounk-U	U-nested-u-fixed64	U-nested-u-fixed64	ascii	armonik	encode	default	10	270.1	265.1	277.2	0.045
codec-nounk-U	U-nested-u-fixed64	U-nested-u-fixed64	ascii	armonik	decode	default	10	299.7	289.6	345.2	0.185
codec-nounk-U	U-nested-u-fixed64	U-nested-u-fixed64	ascii	armonik	decode-read	default	10	244.2	235.6	281.8	0.189
codec-nounk-U	U-nested-u-len	U-nested-u-len	ascii	armonik	encode	default	10	240.1	237.2	251.0	0.058
codec-nounk-U	U-nested-u-len	U-nested-u-len	ascii	armonik	decode	default	10	301.1	291.3	329.4	0.126
codec-nounk-U	U-nested-u-len	U-nested-u-len	ascii	armonik	decode-read	default	10	311.6	307.2	318.0	0.035
codec-nounk-U	U-nested-u-msg	U-nested-u-msg	ascii	armonik	encode	default	10	272.7	268.9	284.0	0.056
codec-nounk-U	U-nested-u-msg	U-nested-u-msg	ascii	armonik	decode	default	10	304.2	287.7	314.3	0.087
codec-nounk-U	U-nested-u-msg	U-nested-u-msg	ascii	armonik	decode-read	default	10	311.4	303.1	333.0	0.096
codec-nounk-U	U-nested-u-packed	U-nested-u-packed	ascii	armonik	encode	default	10	273.1	264.9	282.0	0.063
codec-nounk-U	U-nested-u-packed	U-nested-u-packed	ascii	armonik	decode	default	10	300.2	293.3	318.2	0.083
codec-nounk-U	U-nested-u-packed	U-nested-u-packed	ascii	armonik	decode-read	default	10	312.6	302.8	346.2	0.139
codec-nounk-U	U-nested-u-repeated	U-nested-u-repeated	ascii	armonik	encode	default	10	270.4	266.7	284.1	0.064
codec-nounk-U	U-nested-u-repeated	U-nested-u-repeated	ascii	armonik	decode	default	10	315.1	302.6	329.9	0.087
codec-nounk-U	U-nested-u-repeated	U-nested-u-repeated	ascii	armonik	decode-read	default	10	319.5	313.5	341.9	0.089
codec-nounk-U	U-nested-u-varint	U-nested-u-varint	ascii	armonik	encode	default	10	274.1	266.4	279.3	0.047
codec-nounk-U	U-nested-u-varint	U-nested-u-varint	ascii	armonik	decode	default	10	308.0	297.8	314.9	0.056
codec-nounk-U	U-nested-u-varint	U-nested-u-varint	ascii	armonik	decode-read	default	10	316.7	311.4	350.5	0.123
codec-nounk-U	U-oneof-all	U-oneof-all	ascii	armonik	encode	default	10	122.0	116.2	132.5	0.133
codec-nounk-U	U-oneof-all	U-oneof-all	ascii	armonik	decode	default	10	211.6	200.7	228.3	0.130
codec-nounk-U	U-oneof-all	U-oneof-all	ascii	armonik	decode-read	default	10	219.5	209.7	233.7	0.109
codec-nounk-U	U-oneof-before	U-oneof-before	ascii	armonik	encode	default	10	122.9	117.9	133.9	0.130
codec-nounk-U	U-oneof-before	U-oneof-before	ascii	armonik	decode	default	10	210.1	203.3	229.7	0.126
codec-nounk-U	U-oneof-before	U-oneof-before	ascii	armonik	decode-read	default	10	218.5	208.7	226.5	0.081
codec-nounk-U	U-oneof-group	U-oneof-group	ascii	armonik	encode	default	10	125.5	119.6	138.3	0.148
codec-nounk-U	U-oneof-group	U-oneof-group	ascii	armonik	decode	default	10	170.3	166.1	183.2	0.101
codec-nounk-U	U-oneof-group	U-oneof-group	ascii	armonik	decode-read	default	10	173.4	169.5	186.4	0.097
codec-nounk-U	U-oneof-interleaved	U-oneof-interleaved	ascii	armonik	encode	default	10	129.3	120.5	168.6	0.372
codec-nounk-U	U-oneof-interleaved	U-oneof-interleaved	ascii	armonik	decode	default	10	209.0	202.4	213.8	0.055
codec-nounk-U	U-oneof-interleaved	U-oneof-interleaved	ascii	armonik	decode-read	default	10	215.1	208.0	218.7	0.050
codec-nounk-U	U-oneof-member-after-known	U-oneof-member-after-known	ascii	armonik	encode	default	10	123.4	116.3	128.3	0.097
codec-nounk-U	U-oneof-member-after-known	U-oneof-member-after-known	ascii	armonik	decode	default	10	125.5	124.2	128.9	0.038
codec-nounk-U	U-oneof-member-after-known	U-oneof-member-after-known	ascii	armonik	decode-read	default	10	130.0	128.7	131.5	0.022
codec-nounk-U	U-oneof-member-alone	U-oneof-member-alone	ascii	armonik	encode	default	10	84.9	81.2	90.2	0.106
codec-nounk-U	U-oneof-member-alone	U-oneof-member-alone	ascii	armonik	decode	default	10	113.8	111.4	119.7	0.072
codec-nounk-U	U-oneof-member-alone	U-oneof-member-alone	ascii	armonik	decode-read	default	10	117.9	116.2	118.8	0.022
codec-nounk-U	U-oneof-member-before-known	U-oneof-member-before-known	ascii	armonik	encode	default	10	122.0	117.4	127.2	0.081
codec-nounk-U	U-oneof-member-before-known	U-oneof-member-before-known	ascii	armonik	decode	default	10	125.9	124.5	133.0	0.067
codec-nounk-U	U-oneof-member-before-known	U-oneof-member-before-known	ascii	armonik	decode-read	default	10	131.2	129.4	133.3	0.030
codec-nounk-U	U-oneof-u-fixed32	U-oneof-u-fixed32	ascii	armonik	encode	default	10	124.9	118.9	131.4	0.099
codec-nounk-U	U-oneof-u-fixed32	U-oneof-u-fixed32	ascii	armonik	decode	default	10	128.0	125.4	129.7	0.034
codec-nounk-U	U-oneof-u-fixed32	U-oneof-u-fixed32	ascii	armonik	decode-read	default	10	133.7	131.7	136.1	0.033
codec-nounk-U	U-oneof-u-fixed64	U-oneof-u-fixed64	ascii	armonik	encode	default	10	123.6	120.3	132.0	0.094
codec-nounk-U	U-oneof-u-fixed64	U-oneof-u-fixed64	ascii	armonik	decode	default	10	126.8	125.6	135.8	0.080
codec-nounk-U	U-oneof-u-fixed64	U-oneof-u-fixed64	ascii	armonik	decode-read	default	10	133.0	131.4	148.0	0.125
codec-nounk-U	U-oneof-u-len	U-oneof-u-len	ascii	armonik	encode	default	10	124.6	117.7	127.9	0.082
codec-nounk-U	U-oneof-u-len	U-oneof-u-len	ascii	armonik	decode	default	10	129.7	127.8	134.0	0.047
codec-nounk-U	U-oneof-u-len	U-oneof-u-len	ascii	armonik	decode-read	default	10	134.7	133.1	146.2	0.097
codec-nounk-U	U-oneof-u-msg	U-oneof-u-msg	ascii	armonik	encode	default	10	121.4	119.8	133.9	0.116
codec-nounk-U	U-oneof-u-msg	U-oneof-u-msg	ascii	armonik	decode	default	10	130.1	126.5	132.2	0.044
codec-nounk-U	U-oneof-u-msg	U-oneof-u-msg	ascii	armonik	decode-read	default	10	134.8	133.2	136.3	0.023
codec-nounk-U	U-oneof-u-packed	U-oneof-u-packed	ascii	armonik	encode	default	10	122.1	118.0	127.2	0.075
codec-nounk-U	U-oneof-u-packed	U-oneof-u-packed	ascii	armonik	decode	default	10	130.9	129.7	132.7	0.023
codec-nounk-U	U-oneof-u-packed	U-oneof-u-packed	ascii	armonik	decode-read	default	10	136.7	134.1	140.2	0.045
codec-nounk-U	U-oneof-u-repeated	U-oneof-u-repeated	ascii	armonik	encode	default	10	123.1	117.7	127.5	0.080
codec-nounk-U	U-oneof-u-repeated	U-oneof-u-repeated	ascii	armonik	decode	default	10	143.7	141.7	145.8	0.029
codec-nounk-U	U-oneof-u-repeated	U-oneof-u-repeated	ascii	armonik	decode-read	default	10	147.4	144.1	157.0	0.088
codec-nounk-U	U-oneof-u-varint	U-oneof-u-varint	ascii	armonik	encode	default	10	122.2	116.2	128.4	0.100
codec-nounk-U	U-oneof-u-varint	U-oneof-u-varint	ascii	armonik	decode	default	10	131.5	130.1	133.1	0.023
codec-nounk-U	U-oneof-u-varint	U-oneof-u-varint	ascii	armonik	decode-read	default	10	136.8	135.2	138.6	0.025
codec-nounk-U	U-root-all	U-root-all	ascii	armonik	encode	default	10	626.5	612.1	636.1	0.038
codec-nounk-U	U-root-all	U-root-all	ascii	armonik	decode	default	10	723.0	707.6	742.6	0.048
codec-nounk-U	U-root-all	U-root-all	ascii	armonik	decode-read	default	10	743.7	729.6	752.4	0.031
codec-nounk-U	U-root-before	U-root-before	ascii	armonik	encode	default	10	625.4	618.3	637.1	0.030
codec-nounk-U	U-root-before	U-root-before	ascii	armonik	decode	default	10	717.3	702.0	732.1	0.042
codec-nounk-U	U-root-before	U-root-before	ascii	armonik	decode-read	default	10	741.2	725.6	777.2	0.070
codec-nounk-U	U-root-group	U-root-group	ascii	armonik	encode	default	10	629.3	617.8	640.5	0.036
codec-nounk-U	U-root-group	U-root-group	ascii	armonik	decode	default	10	678.8	663.5	714.1	0.075
codec-nounk-U	U-root-group	U-root-group	ascii	armonik	decode-read	default	10	699.7	691.3	733.4	0.060
codec-nounk-U	U-root-interleaved	U-root-interleaved	ascii	armonik	encode	default	10	625.3	616.9	639.1	0.035
codec-nounk-U	U-root-interleaved	U-root-interleaved	ascii	armonik	decode	default	10	726.5	711.9	754.4	0.059
codec-nounk-U	U-root-interleaved	U-root-interleaved	ascii	armonik	decode-read	default	10	747.1	726.4	759.3	0.044
codec-nounk-U	U-root-max-tag	U-root-max-tag	ascii	armonik	encode	default	10	630.4	614.5	657.4	0.068
codec-nounk-U	U-root-max-tag	U-root-max-tag	ascii	armonik	decode	default	10	641.2	623.8	645.0	0.033
codec-nounk-U	U-root-max-tag	U-root-max-tag	ascii	armonik	decode-read	default	10	669.8	659.5	677.5	0.027
codec-nounk-U	U-root-u-fixed32	U-root-u-fixed32	ascii	armonik	encode	default	10	630.8	621.1	672.6	0.082
codec-nounk-U	U-root-u-fixed32	U-root-u-fixed32	ascii	armonik	decode	default	10	634.7	619.9	671.2	0.081
codec-nounk-U	U-root-u-fixed32	U-root-u-fixed32	ascii	armonik	decode-read	default	10	661.2	659.0	666.0	0.011
codec-nounk-U	U-root-u-fixed64	U-root-u-fixed64	ascii	armonik	encode	default	10	629.5	609.4	664.7	0.088
codec-nounk-U	U-root-u-fixed64	U-root-u-fixed64	ascii	armonik	decode	default	10	630.6	615.6	639.5	0.038
codec-nounk-U	U-root-u-fixed64	U-root-u-fixed64	ascii	armonik	decode-read	default	10	661.0	649.2	677.8	0.043
codec-nounk-U	U-root-u-len	U-root-u-len	ascii	armonik	encode	default	10	625.3	606.0	654.7	0.078
codec-nounk-U	U-root-u-len	U-root-u-len	ascii	armonik	decode	default	10	640.6	629.4	663.4	0.053
codec-nounk-U	U-root-u-len	U-root-u-len	ascii	armonik	decode-read	default	10	629.5	620.8	651.8	0.049
codec-nounk-U	U-root-u-msg	U-root-u-msg	ascii	armonik	encode	default	10	595.1	574.1	625.4	0.086
codec-nounk-U	U-root-u-msg	U-root-u-msg	ascii	armonik	decode	default	10	595.5	590.4	620.6	0.051
codec-nounk-U	U-root-u-msg	U-root-u-msg	ascii	armonik	decode-read	default	10	602.3	592.8	616.3	0.039
codec-nounk-U	U-root-u-packed	U-root-u-packed	ascii	armonik	encode	default	10	626.8	614.3	667.0	0.084
codec-nounk-U	U-root-u-packed	U-root-u-packed	ascii	armonik	decode	default	10	632.3	606.9	639.3	0.051
codec-nounk-U	U-root-u-packed	U-root-u-packed	ascii	armonik	decode-read	default	10	662.4	652.3	675.6	0.035
codec-nounk-U	U-root-u-repeated	U-root-u-repeated	ascii	armonik	encode	default	10	622.2	608.2	656.0	0.077
codec-nounk-U	U-root-u-repeated	U-root-u-repeated	ascii	armonik	decode	default	10	659.7	644.5	671.6	0.041
codec-nounk-U	U-root-u-repeated	U-root-u-repeated	ascii	armonik	decode-read	default	10	670.9	662.1	685.3	0.035
codec-nounk-U	U-root-u-varint	U-root-u-varint	ascii	armonik	encode	default	10	627.7	613.2	643.0	0.048
codec-nounk-U	U-root-u-varint	U-root-u-varint	ascii	armonik	decode	default	10	641.2	627.3	648.2	0.033
codec-nounk-U	U-root-u-varint	U-root-u-varint	ascii	armonik	decode-read	default	10	670.0	654.7	686.7	0.048
codec-nounk-U	U-deep-all	U-deep-all	ascii	core-native	encode	no-unknown	10	244.2	240.6	247.5	0.028
codec-nounk-U	U-deep-all	U-deep-all	ascii	core-native	decode	no-unknown	10	1457.0	1432.7	1470.8	0.026
codec-nounk-U	U-deep-all	U-deep-all	ascii	core-native	decode-read	no-unknown	10	1568.3	1537.8	1584.4	0.030
codec-nounk-U	U-deep-u-fixed32	U-deep-u-fixed32	ascii	core-native	encode	no-unknown	10	244.1	240.6	256.2	0.064
codec-nounk-U	U-deep-u-fixed32	U-deep-u-fixed32	ascii	core-native	decode	no-unknown	10	1419.0	1395.7	1450.7	0.039
codec-nounk-U	U-deep-u-fixed32	U-deep-u-fixed32	ascii	core-native	decode-read	no-unknown	10	1542.3	1482.2	1552.0	0.045
codec-nounk-U	U-deep-u-fixed64	U-deep-u-fixed64	ascii	core-native	encode	no-unknown	10	246.0	241.3	276.2	0.142
codec-nounk-U	U-deep-u-fixed64	U-deep-u-fixed64	ascii	core-native	decode	no-unknown	10	1405.2	1383.7	1424.5	0.029
codec-nounk-U	U-deep-u-fixed64	U-deep-u-fixed64	ascii	core-native	decode-read	no-unknown	10	1512.7	1484.8	1536.7	0.034
codec-nounk-U	U-deep-u-len	U-deep-u-len	ascii	core-native	encode	no-unknown	10	243.9	241.2	250.3	0.037
codec-nounk-U	U-deep-u-len	U-deep-u-len	ascii	core-native	decode	no-unknown	10	1414.6	1397.3	1453.0	0.039
codec-nounk-U	U-deep-u-len	U-deep-u-len	ascii	core-native	decode-read	no-unknown	10	1508.0	1485.5	1573.3	0.058
codec-nounk-U	U-deep-u-msg	U-deep-u-msg	ascii	core-native	encode	no-unknown	10	241.8	238.8	246.1	0.030
codec-nounk-U	U-deep-u-msg	U-deep-u-msg	ascii	core-native	decode	no-unknown	10	1398.5	1376.8	1464.1	0.062
codec-nounk-U	U-deep-u-msg	U-deep-u-msg	ascii	core-native	decode-read	no-unknown	10	1493.6	1454.7	1521.6	0.045
codec-nounk-U	U-deep-u-packed	U-deep-u-packed	ascii	core-native	encode	no-unknown	10	245.9	240.7	249.1	0.034
codec-nounk-U	U-deep-u-packed	U-deep-u-packed	ascii	core-native	decode	no-unknown	10	1416.2	1399.2	1439.4	0.028
codec-nounk-U	U-deep-u-packed	U-deep-u-packed	ascii	core-native	decode-read	no-unknown	10	1516.6	1484.1	1583.5	0.066
codec-nounk-U	U-deep-u-repeated	U-deep-u-repeated	ascii	core-native	encode	no-unknown	10	244.8	241.0	259.4	0.075
codec-nounk-U	U-deep-u-repeated	U-deep-u-repeated	ascii	core-native	decode	no-unknown	10	1422.1	1393.9	1463.9	0.049
codec-nounk-U	U-deep-u-repeated	U-deep-u-repeated	ascii	core-native	decode-read	no-unknown	10	1521.5	1491.4	1568.2	0.050
codec-nounk-U	U-deep-u-varint	U-deep-u-varint	ascii	core-native	encode	no-unknown	10	247.1	243.4	254.9	0.047
codec-nounk-U	U-deep-u-varint	U-deep-u-varint	ascii	core-native	decode	no-unknown	10	1405.5	1389.4	1421.7	0.023
codec-nounk-U	U-deep-u-varint	U-deep-u-varint	ascii	core-native	decode-read	no-unknown	10	1513.2	1488.6	1527.8	0.026
codec-nounk-U	U-element-all	U-element-all	ascii	core-native	encode	no-unknown	10	247.4	244.8	250.6	0.024
codec-nounk-U	U-element-all	U-element-all	ascii	core-native	decode	no-unknown	10	1463.2	1442.8	1504.6	0.042
codec-nounk-U	U-element-all	U-element-all	ascii	core-native	decode-read	no-unknown	10	1553.7	1527.4	1582.2	0.035
codec-nounk-U	U-element-u-fixed32	U-element-u-fixed32	ascii	core-native	encode	no-unknown	10	245.1	242.1	248.2	0.025
codec-nounk-U	U-element-u-fixed32	U-element-u-fixed32	ascii	core-native	decode	no-unknown	10	1423.9	1391.1	1445.2	0.038
codec-nounk-U	U-element-u-fixed32	U-element-u-fixed32	ascii	core-native	decode-read	no-unknown	10	1517.0	1490.3	1541.4	0.034
codec-nounk-U	U-element-u-fixed64	U-element-u-fixed64	ascii	core-native	encode	no-unknown	10	248.0	243.8	278.3	0.139
codec-nounk-U	U-element-u-fixed64	U-element-u-fixed64	ascii	core-native	decode	no-unknown	10	1414.4	1396.7	1502.1	0.074
codec-nounk-U	U-element-u-fixed64	U-element-u-fixed64	ascii	core-native	decode-read	no-unknown	10	1518.2	1488.5	1539.9	0.034
codec-nounk-U	U-element-u-len	U-element-u-len	ascii	core-native	encode	no-unknown	10	246.5	242.7	251.8	0.037
codec-nounk-U	U-element-u-len	U-element-u-len	ascii	core-native	decode	no-unknown	10	1425.5	1412.1	1487.3	0.053
codec-nounk-U	U-element-u-len	U-element-u-len	ascii	core-native	decode-read	no-unknown	10	1557.7	1501.3	1679.0	0.114
codec-nounk-U	U-element-u-msg	U-element-u-msg	ascii	core-native	encode	no-unknown	10	247.4	243.2	249.6	0.026
codec-nounk-U	U-element-u-msg	U-element-u-msg	ascii	core-native	decode	no-unknown	10	1486.6	1432.5	1619.3	0.126
codec-nounk-U	U-element-u-msg	U-element-u-msg	ascii	core-native	decode-read	no-unknown	10	1559.4	1509.8	1660.3	0.096
codec-nounk-U	U-element-u-packed	U-element-u-packed	ascii	core-native	encode	no-unknown	10	240.1	225.7	248.8	0.096
codec-nounk-U	U-element-u-packed	U-element-u-packed	ascii	core-native	decode	no-unknown	10	1416.8	1390.3	1476.5	0.061
codec-nounk-U	U-element-u-packed	U-element-u-packed	ascii	core-native	decode-read	no-unknown	10	1525.9	1507.0	1544.1	0.024
codec-nounk-U	U-element-u-repeated	U-element-u-repeated	ascii	core-native	encode	no-unknown	10	245.7	241.5	263.7	0.090
codec-nounk-U	U-element-u-repeated	U-element-u-repeated	ascii	core-native	decode	no-unknown	10	1391.4	1365.6	1473.7	0.078
codec-nounk-U	U-element-u-repeated	U-element-u-repeated	ascii	core-native	decode-read	no-unknown	10	1490.0	1435.5	1525.9	0.061
codec-nounk-U	U-element-u-varint	U-element-u-varint	ascii	core-native	encode	no-unknown	10	247.5	244.7	248.8	0.017
codec-nounk-U	U-element-u-varint	U-element-u-varint	ascii	core-native	decode	no-unknown	10	1212.2	1148.0	1382.9	0.194
codec-nounk-U	U-element-u-varint	U-element-u-varint	ascii	core-native	decode-read	no-unknown	10	1190.7	1181.8	1208.7	0.023
codec-nounk-U	U-enum-value-127	U-enum-value-127	ascii	core-native	encode	no-unknown	10	11.9	11.5	12.1	0.058
codec-nounk-U	U-enum-value-127	U-enum-value-127	ascii	core-native	decode	no-unknown	10	115.5	113.5	117.4	0.034
codec-nounk-U	U-enum-value-127	U-enum-value-127	ascii	core-native	decode-read	no-unknown	10	74.5	73.8	79.7	0.080
codec-nounk-U	U-enum-value-2147483647	U-enum-value-2147483647	ascii	core-native	encode	no-unknown	10	14.0	13.7	14.7	0.071
codec-nounk-U	U-enum-value-2147483647	U-enum-value-2147483647	ascii	core-native	decode	no-unknown	10	69.7	68.5	71.4	0.042
codec-nounk-U	U-enum-value-2147483647	U-enum-value-2147483647	ascii	core-native	decode-read	no-unknown	10	95.9	94.3	98.4	0.042
codec-nounk-U	U-enum-value-999	U-enum-value-999	ascii	core-native	encode	no-unknown	10	16.0	15.5	16.6	0.070
codec-nounk-U	U-enum-value-999	U-enum-value-999	ascii	core-native	decode	no-unknown	10	88.1	87.4	97.6	0.116
codec-nounk-U	U-enum-value-999	U-enum-value-999	ascii	core-native	decode-read	no-unknown	10	94.6	93.6	95.7	0.022
codec-nounk-U	U-enum-value-packed	U-enum-value-packed	ascii	core-native	encode	no-unknown	10	24.4	23.8	25.4	0.066
codec-nounk-U	U-enum-value-packed	U-enum-value-packed	ascii	core-native	decode	no-unknown	10	78.9	77.9	79.8	0.025
codec-nounk-U	U-enum-value-packed	U-enum-value-packed	ascii	core-native	decode-read	no-unknown	10	89.7	88.8	94.2	0.061
codec-nounk-U	U-leaf-all	U-leaf-all	ascii	core-native	encode	no-unknown	10	44.9	44.3	48.7	0.098
codec-nounk-U	U-leaf-all	U-leaf-all	ascii	core-native	decode	no-unknown	10	311.8	305.2	342.3	0.119
codec-nounk-U	U-leaf-all	U-leaf-all	ascii	core-native	decode-read	no-unknown	10	328.8	322.9	342.7	0.060
codec-nounk-U	U-leaf-u-fixed32	U-leaf-u-fixed32	ascii	core-native	encode	no-unknown	10	45.3	44.2	46.9	0.060
codec-nounk-U	U-leaf-u-fixed32	U-leaf-u-fixed32	ascii	core-native	decode	no-unknown	10	253.2	250.5	259.3	0.035
codec-nounk-U	U-leaf-u-fixed32	U-leaf-u-fixed32	ascii	core-native	decode-read	no-unknown	10	265.2	261.5	276.6	0.057
codec-nounk-U	U-leaf-u-fixed64	U-leaf-u-fixed64	ascii	core-native	encode	no-unknown	10	45.4	44.3	47.2	0.064
codec-nounk-U	U-leaf-u-fixed64	U-leaf-u-fixed64	ascii	core-native	decode	no-unknown	10	258.1	255.4	260.2	0.018
codec-nounk-U	U-leaf-u-fixed64	U-leaf-u-fixed64	ascii	core-native	decode-read	no-unknown	10	267.8	265.9	272.5	0.025
codec-nounk-U	U-leaf-u-len	U-leaf-u-len	ascii	core-native	encode	no-unknown	10	46.3	44.9	49.0	0.088
codec-nounk-U	U-leaf-u-len	U-leaf-u-len	ascii	core-native	decode	no-unknown	10	254.9	251.7	260.3	0.034
codec-nounk-U	U-leaf-u-len	U-leaf-u-len	ascii	core-native	decode-read	no-unknown	10	270.1	266.9	280.4	0.050
codec-nounk-U	U-leaf-u-msg	U-leaf-u-msg	ascii	core-native	encode	no-unknown	10	45.0	43.8	46.7	0.063
codec-nounk-U	U-leaf-u-msg	U-leaf-u-msg	ascii	core-native	decode	no-unknown	10	238.8	235.9	246.0	0.042
codec-nounk-U	U-leaf-u-msg	U-leaf-u-msg	ascii	core-native	decode-read	no-unknown	10	248.2	244.9	272.1	0.110
codec-nounk-U	U-leaf-u-packed	U-leaf-u-packed	ascii	core-native	encode	no-unknown	10	44.1	43.3	46.6	0.073
codec-nounk-U	U-leaf-u-packed	U-leaf-u-packed	ascii	core-native	decode	no-unknown	10	247.1	243.0	261.9	0.076
codec-nounk-U	U-leaf-u-packed	U-leaf-u-packed	ascii	core-native	decode-read	no-unknown	10	260.4	256.2	268.2	0.046
codec-nounk-U	U-leaf-u-repeated	U-leaf-u-repeated	ascii	core-native	encode	no-unknown	10	42.8	41.8	44.2	0.056
codec-nounk-U	U-leaf-u-repeated	U-leaf-u-repeated	ascii	core-native	decode	no-unknown	10	262.4	254.5	273.2	0.071
codec-nounk-U	U-leaf-u-repeated	U-leaf-u-repeated	ascii	core-native	decode-read	no-unknown	10	277.6	272.5	285.6	0.047
codec-nounk-U	U-leaf-u-varint	U-leaf-u-varint	ascii	core-native	encode	no-unknown	10	45.4	44.9	46.9	0.045
codec-nounk-U	U-leaf-u-varint	U-leaf-u-varint	ascii	core-native	decode	no-unknown	10	258.2	254.6	274.7	0.078
codec-nounk-U	U-leaf-u-varint	U-leaf-u-varint	ascii	core-native	decode-read	no-unknown	10	276.4	267.1	285.4	0.066
codec-nounk-U	U-nested-all	U-nested-all	ascii	core-native	encode	no-unknown	10	44.8	43.6	46.1	0.055
codec-nounk-U	U-nested-all	U-nested-all	ascii	core-native	decode	no-unknown	10	282.6	279.9	347.0	0.237
codec-nounk-U	U-nested-all	U-nested-all	ascii	core-native	decode-read	no-unknown	10	296.3	286.0	307.3	0.072
codec-nounk-U	U-nested-before	U-nested-before	ascii	core-native	encode	no-unknown	10	46.1	44.3	48.1	0.082
codec-nounk-U	U-nested-before	U-nested-before	ascii	core-native	decode	no-unknown	10	286.2	279.0	294.3	0.053
codec-nounk-U	U-nested-before	U-nested-before	ascii	core-native	decode-read	no-unknown	10	299.1	293.8	310.0	0.054
codec-nounk-U	U-nested-group	U-nested-group	ascii	core-native	encode	no-unknown	10	47.5	46.0	51.9	0.124
codec-nounk-U	U-nested-group	U-nested-group	ascii	core-native	decode	no-unknown	10	258.4	251.8	273.4	0.083
codec-nounk-U	U-nested-group	U-nested-group	ascii	core-native	decode-read	no-unknown	10	283.5	280.3	294.1	0.049
codec-nounk-U	U-nested-interleaved	U-nested-interleaved	ascii	core-native	encode	no-unknown	10	44.7	43.4	49.7	0.139
codec-nounk-U	U-nested-interleaved	U-nested-interleaved	ascii	core-native	decode	no-unknown	10	280.9	276.4	294.2	0.063
codec-nounk-U	U-nested-interleaved	U-nested-interleaved	ascii	core-native	decode-read	no-unknown	10	294.7	289.6	304.6	0.051
codec-nounk-U	U-nested-u-fixed32	U-nested-u-fixed32	ascii	core-native	encode	no-unknown	10	44.7	43.9	46.5	0.058
codec-nounk-U	U-nested-u-fixed32	U-nested-u-fixed32	ascii	core-native	decode	no-unknown	10	247.6	243.2	256.3	0.053
codec-nounk-U	U-nested-u-fixed32	U-nested-u-fixed32	ascii	core-native	decode-read	no-unknown	10	264.9	259.5	271.1	0.044
codec-nounk-U	U-nested-u-fixed64	U-nested-u-fixed64	ascii	core-native	encode	no-unknown	10	45.6	44.2	47.1	0.065
codec-nounk-U	U-nested-u-fixed64	U-nested-u-fixed64	ascii	core-native	decode	no-unknown	10	250.8	246.5	268.4	0.087
codec-nounk-U	U-nested-u-fixed64	U-nested-u-fixed64	ascii	core-native	decode-read	no-unknown	10	262.0	259.2	271.5	0.047
codec-nounk-U	U-nested-u-len	U-nested-u-len	ascii	core-native	encode	no-unknown	10	45.5	44.6	50.5	0.130
codec-nounk-U	U-nested-u-len	U-nested-u-len	ascii	core-native	decode	no-unknown	10	197.7	193.5	211.4	0.091
codec-nounk-U	U-nested-u-len	U-nested-u-len	ascii	core-native	decode-read	no-unknown	10	218.0	213.2	231.7	0.085
codec-nounk-U	U-nested-u-msg	U-nested-u-msg	ascii	core-native	encode	no-unknown	10	35.5	34.5	36.8	0.064
codec-nounk-U	U-nested-u-msg	U-nested-u-msg	ascii	core-native	decode	no-unknown	10	196.5	189.9	251.2	0.312
codec-nounk-U	U-nested-u-msg	U-nested-u-msg	ascii	core-native	decode-read	no-unknown	10	263.5	259.1	276.7	0.067
codec-nounk-U	U-nested-u-packed	U-nested-u-packed	ascii	core-native	encode	no-unknown	10	53.0	47.2	60.3	0.248
codec-nounk-U	U-nested-u-packed	U-nested-u-packed	ascii	core-native	decode	no-unknown	10	247.0	243.6	254.2	0.043
codec-nounk-U	U-nested-u-packed	U-nested-u-packed	ascii	core-native	decode-read	no-unknown	10	264.3	258.5	275.5	0.064
codec-nounk-U	U-nested-u-repeated	U-nested-u-repeated	ascii	core-native	encode	no-unknown	10	45.3	44.1	47.1	0.068
codec-nounk-U	U-nested-u-repeated	U-nested-u-repeated	ascii	core-native	decode	no-unknown	10	257.6	249.6	271.1	0.083
codec-nounk-U	U-nested-u-repeated	U-nested-u-repeated	ascii	core-native	decode-read	no-unknown	10	266.8	264.9	274.8	0.037
codec-nounk-U	U-nested-u-varint	U-nested-u-varint	ascii	core-native	encode	no-unknown	10	45.0	44.2	46.3	0.046
codec-nounk-U	U-nested-u-varint	U-nested-u-varint	ascii	core-native	decode	no-unknown	10	248.9	245.3	254.1	0.035
codec-nounk-U	U-nested-u-varint	U-nested-u-varint	ascii	core-native	decode-read	no-unknown	10	262.2	258.0	266.3	0.031
codec-nounk-U	U-oneof-all	U-oneof-all	ascii	core-native	encode	no-unknown	10	22.0	20.8	22.4	0.072
codec-nounk-U	U-oneof-all	U-oneof-all	ascii	core-native	decode	no-unknown	10	123.1	119.4	130.1	0.087
codec-nounk-U	U-oneof-all	U-oneof-all	ascii	core-native	decode-read	no-unknown	10	130.1	125.1	136.7	0.090
codec-nounk-U	U-oneof-before	U-oneof-before	ascii	core-native	encode	no-unknown	10	22.4	22.0	23.5	0.069
codec-nounk-U	U-oneof-before	U-oneof-before	ascii	core-native	decode	no-unknown	10	120.7	115.0	124.3	0.077
codec-nounk-U	U-oneof-before	U-oneof-before	ascii	core-native	decode-read	no-unknown	10	130.5	123.9	137.4	0.104
codec-nounk-U	U-oneof-group	U-oneof-group	ascii	core-native	encode	no-unknown	10	22.1	21.9	23.4	0.069
codec-nounk-U	U-oneof-group	U-oneof-group	ascii	core-native	decode	no-unknown	10	114.1	111.8	118.4	0.057
codec-nounk-U	U-oneof-group	U-oneof-group	ascii	core-native	decode-read	no-unknown	10	112.5	98.7	125.4	0.237
codec-nounk-U	U-oneof-interleaved	U-oneof-interleaved	ascii	core-native	encode	no-unknown	10	19.5	18.4	20.5	0.107
codec-nounk-U	U-oneof-interleaved	U-oneof-interleaved	ascii	core-native	decode	no-unknown	10	111.1	108.5	113.2	0.042
codec-nounk-U	U-oneof-interleaved	U-oneof-interleaved	ascii	core-native	decode-read	no-unknown	10	131.7	123.7	165.7	0.320
codec-nounk-U	U-oneof-member-after-known	U-oneof-member-after-known	ascii	core-native	encode	no-unknown	10	22.0	20.8	23.2	0.109
codec-nounk-U	U-oneof-member-after-known	U-oneof-member-after-known	ascii	core-native	decode	no-unknown	10	93.4	91.5	96.4	0.052
codec-nounk-U	U-oneof-member-after-known	U-oneof-member-after-known	ascii	core-native	decode-read	no-unknown	10	100.1	97.7	102.7	0.050
codec-nounk-U	U-oneof-member-alone	U-oneof-member-alone	ascii	core-native	encode	no-unknown	10	18.6	17.0	20.7	0.198
codec-nounk-U	U-oneof-member-alone	U-oneof-member-alone	ascii	core-native	decode	no-unknown	10	88.2	86.9	89.7	0.032
codec-nounk-U	U-oneof-member-alone	U-oneof-member-alone	ascii	core-native	decode-read	no-unknown	10	92.2	90.1	96.9	0.074
codec-nounk-U	U-oneof-member-before-known	U-oneof-member-before-known	ascii	core-native	encode	no-unknown	10	21.9	21.0	22.9	0.084
codec-nounk-U	U-oneof-member-before-known	U-oneof-member-before-known	ascii	core-native	decode	no-unknown	10	93.7	92.1	94.5	0.025
codec-nounk-U	U-oneof-member-before-known	U-oneof-member-before-known	ascii	core-native	decode-read	no-unknown	10	99.6	96.2	100.8	0.046
codec-nounk-U	U-oneof-u-fixed32	U-oneof-u-fixed32	ascii	core-native	encode	no-unknown	10	21.8	21.2	23.8	0.120
codec-nounk-U	U-oneof-u-fixed32	U-oneof-u-fixed32	ascii	core-native	decode	no-unknown	10	93.8	92.5	95.4	0.031
codec-nounk-U	U-oneof-u-fixed32	U-oneof-u-fixed32	ascii	core-native	decode-read	no-unknown	10	102.1	98.4	109.2	0.106
codec-nounk-U	U-oneof-u-fixed64	U-oneof-u-fixed64	ascii	core-native	encode	no-unknown	10	21.7	20.9	24.0	0.142
codec-nounk-U	U-oneof-u-fixed64	U-oneof-u-fixed64	ascii	core-native	decode	no-unknown	10	88.5	86.2	92.9	0.077
codec-nounk-U	U-oneof-u-fixed64	U-oneof-u-fixed64	ascii	core-native	decode-read	no-unknown	10	99.7	97.9	104.9	0.070
codec-nounk-U	U-oneof-u-len	U-oneof-u-len	ascii	core-native	encode	no-unknown	10	21.9	20.2	22.2	0.090
codec-nounk-U	U-oneof-u-len	U-oneof-u-len	ascii	core-native	decode	no-unknown	10	94.6	94.0	95.3	0.014
codec-nounk-U	U-oneof-u-len	U-oneof-u-len	ascii	core-native	decode-read	no-unknown	10	100.6	99.1	108.7	0.095
codec-nounk-U	U-oneof-u-msg	U-oneof-u-msg	ascii	core-native	encode	no-unknown	10	22.0	20.4	22.8	0.110
codec-nounk-U	U-oneof-u-msg	U-oneof-u-msg	ascii	core-native	decode	no-unknown	10	94.0	91.9	95.4	0.038
codec-nounk-U	U-oneof-u-msg	U-oneof-u-msg	ascii	core-native	decode-read	no-unknown	10	99.3	97.6	101.1	0.035
codec-nounk-U	U-oneof-u-packed	U-oneof-u-packed	ascii	core-native	encode	no-unknown	10	22.3	21.5	23.6	0.096
codec-nounk-U	U-oneof-u-packed	U-oneof-u-packed	ascii	core-native	decode	no-unknown	10	94.3	92.8	96.9	0.043
codec-nounk-U	U-oneof-u-packed	U-oneof-u-packed	ascii	core-native	decode-read	no-unknown	10	101.6	98.6	108.8	0.101
codec-nounk-U	U-oneof-u-repeated	U-oneof-u-repeated	ascii	core-native	encode	no-unknown	10	21.9	20.8	22.4	0.073
codec-nounk-U	U-oneof-u-repeated	U-oneof-u-repeated	ascii	core-native	decode	no-unknown	10	97.4	95.2	101.1	0.061
codec-nounk-U	U-oneof-u-repeated	U-oneof-u-repeated	ascii	core-native	decode-read	no-unknown	10	105.1	103.2	111.4	0.078
codec-nounk-U	U-oneof-u-varint	U-oneof-u-varint	ascii	core-native	encode	no-unknown	10	21.7	20.8	22.6	0.083
codec-nounk-U	U-oneof-u-varint	U-oneof-u-varint	ascii	core-native	decode	no-unknown	10	96.2	94.5	98.3	0.039
codec-nounk-U	U-oneof-u-varint	U-oneof-u-varint	ascii	core-native	decode-read	no-unknown	10	101.1	99.2	108.4	0.091
codec-nounk-U	U-root-all	U-root-all	ascii	core-native	encode	no-unknown	10	101.8	85.6	107.0	0.210
codec-nounk-U	U-root-all	U-root-all	ascii	core-native	decode	no-unknown	10	474.9	464.9	505.8	0.086
codec-nounk-U	U-root-all	U-root-all	ascii	core-native	decode-read	no-unknown	10	501.5	478.8	538.3	0.119
codec-nounk-U	U-root-before	U-root-before	ascii	core-native	encode	no-unknown	10	80.2	77.9	85.4	0.093
codec-nounk-U	U-root-before	U-root-before	ascii	core-native	decode	no-unknown	10	489.2	475.9	500.1	0.050
codec-nounk-U	U-root-before	U-root-before	ascii	core-native	decode-read	no-unknown	10	491.0	485.2	517.0	0.065
codec-nounk-U	U-root-group	U-root-group	ascii	core-native	encode	no-unknown	10	75.6	74.8	81.1	0.084
codec-nounk-U	U-root-group	U-root-group	ascii	core-native	decode	no-unknown	10	454.2	442.6	478.3	0.079
codec-nounk-U	U-root-group	U-root-group	ascii	core-native	decode-read	no-unknown	10	482.3	473.5	508.5	0.073
codec-nounk-U	U-root-interleaved	U-root-interleaved	ascii	core-native	encode	no-unknown	10	77.3	74.5	84.0	0.123
codec-nounk-U	U-root-interleaved	U-root-interleaved	ascii	core-native	decode	no-unknown	10	449.1	446.3	467.7	0.048
codec-nounk-U	U-root-interleaved	U-root-interleaved	ascii	core-native	decode-read	no-unknown	10	623.1	611.3	640.9	0.048
codec-nounk-U	U-root-max-tag	U-root-max-tag	ascii	core-native	encode	no-unknown	10	99.5	95.4	108.3	0.130
codec-nounk-U	U-root-max-tag	U-root-max-tag	ascii	core-native	decode	no-unknown	10	570.9	558.5	597.4	0.068
codec-nounk-U	U-root-max-tag	U-root-max-tag	ascii	core-native	decode-read	no-unknown	10	609.7	599.1	628.1	0.048
codec-nounk-U	U-root-u-fixed32	U-root-u-fixed32	ascii	core-native	encode	no-unknown	10	100.7	95.0	103.9	0.089
codec-nounk-U	U-root-u-fixed32	U-root-u-fixed32	ascii	core-native	decode	no-unknown	10	572.5	556.7	655.9	0.173
codec-nounk-U	U-root-u-fixed32	U-root-u-fixed32	ascii	core-native	decode-read	no-unknown	10	603.8	595.7	628.9	0.055
codec-nounk-U	U-root-u-fixed64	U-root-u-fixed64	ascii	core-native	encode	no-unknown	10	97.2	94.8	100.7	0.060
codec-nounk-U	U-root-u-fixed64	U-root-u-fixed64	ascii	core-native	decode	no-unknown	10	563.0	548.5	613.7	0.116
codec-nounk-U	U-root-u-fixed64	U-root-u-fixed64	ascii	core-native	decode-read	no-unknown	10	612.2	589.2	640.8	0.084
codec-nounk-U	U-root-u-len	U-root-u-len	ascii	core-native	encode	no-unknown	10	97.7	95.6	103.5	0.081
codec-nounk-U	U-root-u-len	U-root-u-len	ascii	core-native	decode	no-unknown	10	566.2	557.0	598.5	0.073
codec-nounk-U	U-root-u-len	U-root-u-len	ascii	core-native	decode-read	no-unknown	10	580.3	565.5	611.4	0.079
codec-nounk-U	U-root-u-msg	U-root-u-msg	ascii	core-native	encode	no-unknown	10	99.2	94.2	101.1	0.070
codec-nounk-U	U-root-u-msg	U-root-u-msg	ascii	core-native	decode	no-unknown	10	558.4	548.5	578.8	0.054
codec-nounk-U	U-root-u-msg	U-root-u-msg	ascii	core-native	decode-read	no-unknown	10	604.9	595.4	621.1	0.043
codec-nounk-U	U-root-u-packed	U-root-u-packed	ascii	core-native	encode	no-unknown	10	97.7	96.3	102.4	0.062
codec-nounk-U	U-root-u-packed	U-root-u-packed	ascii	core-native	decode	no-unknown	10	566.9	553.6	594.2	0.072
codec-nounk-U	U-root-u-packed	U-root-u-packed	ascii	core-native	decode-read	no-unknown	10	608.5	594.3	627.2	0.054
codec-nounk-U	U-root-u-repeated	U-root-u-repeated	ascii	core-native	encode	no-unknown	10	80.9	75.4	89.1	0.169
codec-nounk-U	U-root-u-repeated	U-root-u-repeated	ascii	core-native	decode	no-unknown	10	438.2	433.4	446.7	0.030
codec-nounk-U	U-root-u-repeated	U-root-u-repeated	ascii	core-native	decode-read	no-unknown	10	471.6	465.6	489.2	0.050
codec-nounk-U	U-root-u-varint	U-root-u-varint	ascii	core-native	encode	no-unknown	10	97.8	94.7	101.0	0.065
codec-nounk-U	U-root-u-varint	U-root-u-varint	ascii	core-native	decode	no-unknown	10	559.1	551.9	572.4	0.037
codec-nounk-U	U-root-u-varint	U-root-u-varint	ascii	core-native	decode-read	no-unknown	10	613.4	591.3	662.3	0.116
codec-nounk-U	U-wire-DualResponse-left-as-wt0	U-wire-DualResponse-left-as-wt0	ascii	core-native	encode	no-unknown	10	42.8	41.9	44.8	0.068
codec-nounk-U	U-wire-DualResponse-left-as-wt0	U-wire-DualResponse-left-as-wt0	ascii	core-native	decode	no-unknown	10	178.3	175.3	188.8	0.076
codec-nounk-U	U-wire-DualResponse-left-as-wt0	U-wire-DualResponse-left-as-wt0	ascii	core-native	decode-read	no-unknown	10	206.0	191.8	258.9	0.326
codec-nounk-U	U-wire-DualResponse-left-as-wt1	U-wire-DualResponse-left-as-wt1	ascii	core-native	encode	no-unknown	10	43.4	35.7	49.5	0.319
codec-nounk-U	U-wire-DualResponse-left-as-wt1	U-wire-DualResponse-left-as-wt1	ascii	core-native	decode	no-unknown	10	146.3	143.8	153.2	0.065
codec-nounk-U	U-wire-DualResponse-left-as-wt1	U-wire-DualResponse-left-as-wt1	ascii	core-native	decode-read	no-unknown	10	153.1	148.2	161.4	0.086
codec-nounk-U	U-wire-DualResponse-left-as-wt5	U-wire-DualResponse-left-as-wt5	ascii	core-native	encode	no-unknown	10	43.4	42.8	44.4	0.035
codec-nounk-U	U-wire-DualResponse-left-as-wt5	U-wire-DualResponse-left-as-wt5	ascii	core-native	decode	no-unknown	10	176.9	174.0	179.9	0.033
codec-nounk-U	U-wire-DualResponse-left-as-wt5	U-wire-DualResponse-left-as-wt5	ascii	core-native	decode-read	no-unknown	10	191.8	189.1	199.7	0.055
codec-nounk-U	U-wire-ListMetricsResponse-batches-as-wt0	U-wire-ListMetricsResponse-batches-as-wt0	ascii	core-native	encode	no-unknown	10	606.4	596.1	616.2	0.033
codec-nounk-U	U-wire-ListMetricsResponse-batches-as-wt0	U-wire-ListMetricsResponse-batches-as-wt0	ascii	core-native	decode	no-unknown	10	1489.8	1425.4	1563.5	0.093
codec-nounk-U	U-wire-ListMetricsResponse-batches-as-wt0	U-wire-ListMetricsResponse-batches-as-wt0	ascii	core-native	decode-read	no-unknown	10	1704.9	1644.4	1812.0	0.098
codec-nounk-U	U-wire-ListMetricsResponse-batches-as-wt1	U-wire-ListMetricsResponse-batches-as-wt1	ascii	core-native	encode	no-unknown	10	605.2	589.8	615.0	0.042
codec-nounk-U	U-wire-ListMetricsResponse-batches-as-wt1	U-wire-ListMetricsResponse-batches-as-wt1	ascii	core-native	decode	no-unknown	10	1551.8	1498.2	1621.4	0.079
codec-nounk-U	U-wire-ListMetricsResponse-batches-as-wt1	U-wire-ListMetricsResponse-batches-as-wt1	ascii	core-native	decode-read	no-unknown	10	1803.7	1750.7	1847.2	0.053
codec-nounk-U	U-wire-ListMetricsResponse-batches-as-wt5	U-wire-ListMetricsResponse-batches-as-wt5	ascii	core-native	encode	no-unknown	10	599.9	594.1	624.9	0.051
codec-nounk-U	U-wire-ListMetricsResponse-batches-as-wt5	U-wire-ListMetricsResponse-batches-as-wt5	ascii	core-native	decode	no-unknown	10	1496.4	1465.9	1568.8	0.069
codec-nounk-U	U-wire-ListMetricsResponse-batches-as-wt5	U-wire-ListMetricsResponse-batches-as-wt5	ascii	core-native	decode-read	no-unknown	10	1833.4	1790.0	1980.6	0.104
codec-nounk-U	U-wire-ListProbeResponse-probes-as-wt0	U-wire-ListProbeResponse-probes-as-wt0	ascii	core-native	encode	no-unknown	10	44.0	41.8	54.6	0.291
codec-nounk-U	U-wire-ListProbeResponse-probes-as-wt0	U-wire-ListProbeResponse-probes-as-wt0	ascii	core-native	decode	no-unknown	10	199.4	195.4	225.1	0.149
codec-nounk-U	U-wire-ListProbeResponse-probes-as-wt0	U-wire-ListProbeResponse-probes-as-wt0	ascii	core-native	decode-read	no-unknown	10	208.2	204.6	211.0	0.031
codec-nounk-U	U-wire-ListProbeResponse-probes-as-wt1	U-wire-ListProbeResponse-probes-as-wt1	ascii	core-native	encode	no-unknown	10	42.7	41.9	44.5	0.061
codec-nounk-U	U-wire-ListProbeResponse-probes-as-wt1	U-wire-ListProbeResponse-probes-as-wt1	ascii	core-native	decode	no-unknown	10	197.1	192.4	205.6	0.067
codec-nounk-U	U-wire-ListProbeResponse-probes-as-wt1	U-wire-ListProbeResponse-probes-as-wt1	ascii	core-native	decode-read	no-unknown	10	206.8	200.3	210.5	0.049
codec-nounk-U	U-wire-ListProbeResponse-probes-as-wt5	U-wire-ListProbeResponse-probes-as-wt5	ascii	core-native	encode	no-unknown	10	42.8	42.4	44.0	0.036
codec-nounk-U	U-wire-ListProbeResponse-probes-as-wt5	U-wire-ListProbeResponse-probes-as-wt5	ascii	core-native	decode	no-unknown	10	196.2	191.8	201.3	0.048
codec-nounk-U	U-wire-ListProbeResponse-probes-as-wt5	U-wire-ListProbeResponse-probes-as-wt5	ascii	core-native	decode-read	no-unknown	10	163.7	159.5	175.8	0.100
codec-nounk-U	U-wire-ListResultsResponse-page-as-wt1	U-wire-ListResultsResponse-page-as-wt1	ascii	core-native	encode	no-unknown	10	75.3	74.1	77.2	0.041
codec-nounk-U	U-wire-ListResultsResponse-page-as-wt1	U-wire-ListResultsResponse-page-as-wt1	ascii	core-native	decode	no-unknown	10	442.1	430.6	458.8	0.064
codec-nounk-U	U-wire-ListResultsResponse-page-as-wt1	U-wire-ListResultsResponse-page-as-wt1	ascii	core-native	decode-read	no-unknown	10	603.7	594.8	624.0	0.048
codec-nounk-U	U-wire-ListResultsResponse-page-as-wt2	U-wire-ListResultsResponse-page-as-wt2	ascii	core-native	encode	no-unknown	10	96.5	95.4	102.2	0.071
codec-nounk-U	U-wire-ListResultsResponse-page-as-wt2	U-wire-ListResultsResponse-page-as-wt2	ascii	core-native	decode	no-unknown	10	559.3	553.8	571.2	0.031
codec-nounk-U	U-wire-ListResultsResponse-page-as-wt2	U-wire-ListResultsResponse-page-as-wt2	ascii	core-native	decode-read	no-unknown	10	575.6	569.2	646.9	0.135
codec-nounk-U	U-wire-ListResultsResponse-page-as-wt5	U-wire-ListResultsResponse-page-as-wt5	ascii	core-native	encode	no-unknown	10	101.1	98.1	152.0	0.534
codec-nounk-U	U-wire-ListResultsResponse-page-as-wt5	U-wire-ListResultsResponse-page-as-wt5	ascii	core-native	decode	no-unknown	10	561.3	550.2	699.5	0.266
codec-nounk-U	U-wire-ListResultsResponse-page-as-wt5	U-wire-ListResultsResponse-page-as-wt5	ascii	core-native	decode-read	no-unknown	10	599.9	557.5	628.7	0.119
codec-nounk-U	U-wire-ListResultsResponse-results-as-wt0	U-wire-ListResultsResponse-results-as-wt0	ascii	core-native	encode	no-unknown	10	98.0	96.4	100.1	0.038
codec-nounk-U	U-wire-ListResultsResponse-results-as-wt0	U-wire-ListResultsResponse-results-as-wt0	ascii	core-native	decode	no-unknown	10	532.3	517.9	535.6	0.033
codec-nounk-U	U-wire-ListResultsResponse-results-as-wt0	U-wire-ListResultsResponse-results-as-wt0	ascii	core-native	decode-read	no-unknown	10	569.4	562.9	584.7	0.038
codec-nounk-U	U-wire-ListResultsResponse-results-as-wt1	U-wire-ListResultsResponse-results-as-wt1	ascii	core-native	encode	no-unknown	10	98.3	95.4	101.4	0.060
codec-nounk-U	U-wire-ListResultsResponse-results-as-wt1	U-wire-ListResultsResponse-results-as-wt1	ascii	core-native	decode	no-unknown	10	562.1	551.3	643.7	0.164
codec-nounk-U	U-wire-ListResultsResponse-results-as-wt1	U-wire-ListResultsResponse-results-as-wt1	ascii	core-native	decode-read	no-unknown	10	597.8	590.4	644.6	0.091
codec-nounk-U	U-wire-ListResultsResponse-results-as-wt5	U-wire-ListResultsResponse-results-as-wt5	ascii	core-native	encode	no-unknown	10	97.2	94.7	98.5	0.039
codec-nounk-U	U-wire-ListResultsResponse-results-as-wt5	U-wire-ListResultsResponse-results-as-wt5	ascii	core-native	decode	no-unknown	10	562.7	554.3	571.2	0.030
codec-nounk-U	U-wire-ListResultsResponse-results-as-wt5	U-wire-ListResultsResponse-results-as-wt5	ascii	core-native	decode-read	no-unknown	10	611.4	587.0	693.1	0.174
codec-nounk-U	U-wire-ListTaskSummaryResponse-tasks-as-wt0	U-wire-ListTaskSummaryResponse-tasks-as-wt0	ascii	core-native	encode	no-unknown	10	228.2	222.7	231.6	0.039
codec-nounk-U	U-wire-ListTaskSummaryResponse-tasks-as-wt0	U-wire-ListTaskSummaryResponse-tasks-as-wt0	ascii	core-native	decode	no-unknown	10	1677.9	1660.3	1742.5	0.049
codec-nounk-U	U-wire-ListTaskSummaryResponse-tasks-as-wt0	U-wire-ListTaskSummaryResponse-tasks-as-wt0	ascii	core-native	decode-read	no-unknown	10	1872.3	1823.6	1927.1	0.055
codec-nounk-U	U-wire-ListTaskSummaryResponse-tasks-as-wt1	U-wire-ListTaskSummaryResponse-tasks-as-wt1	ascii	core-native	encode	no-unknown	10	232.8	225.5	240.6	0.065
codec-nounk-U	U-wire-ListTaskSummaryResponse-tasks-as-wt1	U-wire-ListTaskSummaryResponse-tasks-as-wt1	ascii	core-native	decode	no-unknown	10	1693.0	1663.1	1735.2	0.043
codec-nounk-U	U-wire-ListTaskSummaryResponse-tasks-as-wt1	U-wire-ListTaskSummaryResponse-tasks-as-wt1	ascii	core-native	decode-read	no-unknown	10	1457.9	1389.3	1979.1	0.405
codec-nounk-U	U-wire-ListTaskSummaryResponse-tasks-as-wt5	U-wire-ListTaskSummaryResponse-tasks-as-wt5	ascii	core-native	encode	no-unknown	10	186.9	183.6	192.3	0.046
codec-nounk-U	U-wire-ListTaskSummaryResponse-tasks-as-wt5	U-wire-ListTaskSummaryResponse-tasks-as-wt5	ascii	core-native	decode	no-unknown	10	1407.5	1380.3	1475.6	0.068
codec-nounk-U	U-wire-ListTaskSummaryResponse-tasks-as-wt5	U-wire-ListTaskSummaryResponse-tasks-as-wt5	ascii	core-native	decode-read	no-unknown	10	1466.1	1449.1	1510.4	0.042
codec-nounk-U	U-wire-ListTasksDetailedResponse-page-as-wt1	U-wire-ListTasksDetailedResponse-page-as-wt1	ascii	core-native	encode	no-unknown	10	437.2	431.6	454.8	0.053
codec-nounk-U	U-wire-ListTasksDetailedResponse-page-as-wt1	U-wire-ListTasksDetailedResponse-page-as-wt1	ascii	core-native	decode	no-unknown	10	2620.0	2582.8	2977.2	0.151
codec-nounk-U	U-wire-ListTasksDetailedResponse-page-as-wt1	U-wire-ListTasksDetailedResponse-page-as-wt1	ascii	core-native	decode-read	no-unknown	10	2732.1	2700.2	2827.1	0.046
codec-nounk-U	U-wire-ListTasksDetailedResponse-page-as-wt2	U-wire-ListTasksDetailedResponse-page-as-wt2	ascii	core-native	encode	no-unknown	10	465.4	437.1	564.4	0.273
codec-nounk-U	U-wire-ListTasksDetailedResponse-page-as-wt2	U-wire-ListTasksDetailedResponse-page-as-wt2	ascii	core-native	decode	no-unknown	10	2664.5	2625.7	2791.7	0.062
codec-nounk-U	U-wire-ListTasksDetailedResponse-page-as-wt2	U-wire-ListTasksDetailedResponse-page-as-wt2	ascii	core-native	decode-read	no-unknown	10	2781.2	2727.7	2836.0	0.039
codec-nounk-U	U-wire-ListTasksDetailedResponse-page-as-wt5	U-wire-ListTasksDetailedResponse-page-as-wt5	ascii	core-native	encode	no-unknown	10	446.6	441.9	451.4	0.021
codec-nounk-U	U-wire-ListTasksDetailedResponse-page-as-wt5	U-wire-ListTasksDetailedResponse-page-as-wt5	ascii	core-native	decode	no-unknown	10	3592.6	3177.5	4711.0	0.427
codec-nounk-U	U-wire-ListTasksDetailedResponse-page-as-wt5	U-wire-ListTasksDetailedResponse-page-as-wt5	ascii	core-native	decode-read	no-unknown	10	3560.7	3448.4	4192.2	0.209
codec-nounk-U	U-wire-ListTasksDetailedResponse-tasks-as-wt0	U-wire-ListTasksDetailedResponse-tasks-as-wt0	ascii	core-native	encode	no-unknown	10	579.6	556.9	594.7	0.065
codec-nounk-U	U-wire-ListTasksDetailedResponse-tasks-as-wt0	U-wire-ListTasksDetailedResponse-tasks-as-wt0	ascii	core-native	decode	no-unknown	10	3290.4	3179.9	3501.8	0.098
codec-nounk-U	U-wire-ListTasksDetailedResponse-tasks-as-wt0	U-wire-ListTasksDetailedResponse-tasks-as-wt0	ascii	core-native	decode-read	no-unknown	10	3485.9	3420.3	3757.4	0.097
codec-nounk-U	U-wire-ListTasksDetailedResponse-tasks-as-wt1	U-wire-ListTasksDetailedResponse-tasks-as-wt1	ascii	core-native	encode	no-unknown	10	559.8	551.8	574.4	0.040
codec-nounk-U	U-wire-ListTasksDetailedResponse-tasks-as-wt1	U-wire-ListTasksDetailedResponse-tasks-as-wt1	ascii	core-native	decode	no-unknown	10	3333.0	3254.1	3442.5	0.057
codec-nounk-U	U-wire-ListTasksDetailedResponse-tasks-as-wt1	U-wire-ListTasksDetailedResponse-tasks-as-wt1	ascii	core-native	decode-read	no-unknown	10	3295.6	3164.4	3448.2	0.086
codec-nounk-U	U-wire-ListTasksDetailedResponse-tasks-as-wt5	U-wire-ListTasksDetailedResponse-tasks-as-wt5	ascii	core-native	encode	no-unknown	10	561.4	539.5	585.0	0.081
codec-nounk-U	U-wire-ListTasksDetailedResponse-tasks-as-wt5	U-wire-ListTasksDetailedResponse-tasks-as-wt5	ascii	core-native	decode	no-unknown	10	3045.2	3019.6	3101.0	0.027
codec-nounk-U	U-wire-ListTasksDetailedResponse-tasks-as-wt5	U-wire-ListTasksDetailedResponse-tasks-as-wt5	ascii	core-native	decode-read	no-unknown	10	3290.3	3236.0	3508.0	0.083
codec-nounk-U	U-wire-UploadResultDataMessage-upload-as-wt0	U-wire-UploadResultDataMessage-upload-as-wt0	ascii	core-native	encode	no-unknown	10	16.2	15.9	16.6	0.044
codec-nounk-U	U-wire-UploadResultDataMessage-upload-as-wt0	U-wire-UploadResultDataMessage-upload-as-wt0	ascii	core-native	decode	no-unknown	10	95.2	94.1	97.6	0.037
codec-nounk-U	U-wire-UploadResultDataMessage-upload-as-wt0	U-wire-UploadResultDataMessage-upload-as-wt0	ascii	core-native	decode-read	no-unknown	10	98.0	96.7	102.0	0.054
codec-nounk-U	U-wire-UploadResultDataMessage-upload-as-wt1	U-wire-UploadResultDataMessage-upload-as-wt1	ascii	core-native	encode	no-unknown	10	16.8	16.4	16.9	0.029
codec-nounk-U	U-wire-UploadResultDataMessage-upload-as-wt1	U-wire-UploadResultDataMessage-upload-as-wt1	ascii	core-native	decode	no-unknown	10	94.3	92.0	96.7	0.050
codec-nounk-U	U-wire-UploadResultDataMessage-upload-as-wt1	U-wire-UploadResultDataMessage-upload-as-wt1	ascii	core-native	decode-read	no-unknown	10	97.2	96.5	99.4	0.030
codec-nounk-U	U-wire-UploadResultDataMessage-upload-as-wt5	U-wire-UploadResultDataMessage-upload-as-wt5	ascii	core-native	encode	no-unknown	10	16.8	16.6	17.3	0.044
codec-nounk-U	U-wire-UploadResultDataMessage-upload-as-wt5	U-wire-UploadResultDataMessage-upload-as-wt5	ascii	core-native	decode	no-unknown	10	93.8	93.1	95.5	0.026
codec-nounk-U	U-wire-UploadResultDataMessage-upload-as-wt5	U-wire-UploadResultDataMessage-upload-as-wt5	ascii	core-native	decode-read	no-unknown	10	97.3	95.7	101.1	0.056
codec-nounk-U	U-deep-all	U-deep-all	ascii	core-ffi	encode	no-unknown	10	545.2	532.7	557.2	0.045
codec-nounk-U	U-deep-all	U-deep-all	ascii	core-ffi	decode	no-unknown	10	2734.4	2688.1	3460.5	0.282
codec-nounk-U	U-deep-all	U-deep-all	ascii	core-ffi	decode-read	no-unknown	10	2819.3	2738.5	2941.8	0.072
codec-nounk-U	U-deep-u-fixed32	U-deep-u-fixed32	ascii	core-ffi	encode	no-unknown	10	545.1	533.0	555.6	0.041
codec-nounk-U	U-deep-u-fixed32	U-deep-u-fixed32	ascii	core-ffi	decode	no-unknown	10	2647.5	2599.2	2654.4	0.021
codec-nounk-U	U-deep-u-fixed32	U-deep-u-fixed32	ascii	core-ffi	decode-read	no-unknown	10	2828.8	2770.3	3457.5	0.243
codec-nounk-U	U-deep-u-fixed64	U-deep-u-fixed64	ascii	core-ffi	encode	no-unknown	10	538.7	528.2	582.5	0.101
codec-nounk-U	U-deep-u-fixed64	U-deep-u-fixed64	ascii	core-ffi	decode	no-unknown	10	2572.2	2517.1	2764.2	0.096
codec-nounk-U	U-deep-u-fixed64	U-deep-u-fixed64	ascii	core-ffi	decode-read	no-unknown	10	2771.3	2703.0	2906.7	0.073
codec-nounk-U	U-deep-u-len	U-deep-u-len	ascii	core-ffi	encode	no-unknown	10	543.8	532.5	564.9	0.060
codec-nounk-U	U-deep-u-len	U-deep-u-len	ascii	core-ffi	decode	no-unknown	10	2170.4	2025.1	3072.7	0.483
codec-nounk-U	U-deep-u-len	U-deep-u-len	ascii	core-ffi	decode-read	no-unknown	10	2744.3	2135.1	2866.4	0.266
codec-nounk-U	U-deep-u-msg	U-deep-u-msg	ascii	core-ffi	encode	no-unknown	10	535.7	529.8	566.0	0.068
codec-nounk-U	U-deep-u-msg	U-deep-u-msg	ascii	core-ffi	decode	no-unknown	10	2633.3	2604.2	2856.8	0.096
codec-nounk-U	U-deep-u-msg	U-deep-u-msg	ascii	core-ffi	decode-read	no-unknown	10	3175.7	2945.7	3730.5	0.247
codec-nounk-U	U-deep-u-packed	U-deep-u-packed	ascii	core-ffi	encode	no-unknown	10	549.0	525.3	579.9	0.100
codec-nounk-U	U-deep-u-packed	U-deep-u-packed	ascii	core-ffi	decode	no-unknown	10	2682.8	2634.9	3467.3	0.310
codec-nounk-U	U-deep-u-packed	U-deep-u-packed	ascii	core-ffi	decode-read	no-unknown	10	2781.5	2719.2	3029.9	0.112
codec-nounk-U	U-deep-u-repeated	U-deep-u-repeated	ascii	core-ffi	encode	no-unknown	10	552.3	537.8	607.6	0.126
codec-nounk-U	U-deep-u-repeated	U-deep-u-repeated	ascii	core-ffi	decode	no-unknown	10	2599.1	2561.5	2650.7	0.034
codec-nounk-U	U-deep-u-repeated	U-deep-u-repeated	ascii	core-ffi	decode-read	no-unknown	10	2845.9	2759.2	3036.1	0.097
codec-nounk-U	U-deep-u-varint	U-deep-u-varint	ascii	core-ffi	encode	no-unknown	10	548.5	522.3	567.4	0.082
codec-nounk-U	U-deep-u-varint	U-deep-u-varint	ascii	core-ffi	decode	no-unknown	10	2684.6	2624.2	2847.7	0.083
codec-nounk-U	U-deep-u-varint	U-deep-u-varint	ascii	core-ffi	decode-read	no-unknown	10	2790.3	2734.8	2881.0	0.052
codec-nounk-U	U-element-all	U-element-all	ascii	core-ffi	encode	no-unknown	10	548.6	527.8	698.3	0.311
codec-nounk-U	U-element-all	U-element-all	ascii	core-ffi	decode	no-unknown	10	2707.9	2658.7	2802.0	0.053
codec-nounk-U	U-element-all	U-element-all	ascii	core-ffi	decode-read	no-unknown	10	2946.0	2852.9	3083.6	0.078
codec-nounk-U	U-element-u-fixed32	U-element-u-fixed32	ascii	core-ffi	encode	no-unknown	10	539.5	537.4	550.0	0.024
codec-nounk-U	U-element-u-fixed32	U-element-u-fixed32	ascii	core-ffi	decode	no-unknown	10	2582.9	2526.9	2610.6	0.032
codec-nounk-U	U-element-u-fixed32	U-element-u-fixed32	ascii	core-ffi	decode-read	no-unknown	10	2786.7	2729.6	2942.7	0.076
codec-nounk-U	U-element-u-fixed64	U-element-u-fixed64	ascii	core-ffi	encode	no-unknown	10	546.0	534.4	559.9	0.047
codec-nounk-U	U-element-u-fixed64	U-element-u-fixed64	ascii	core-ffi	decode	no-unknown	10	2671.1	2610.7	3086.8	0.178
codec-nounk-U	U-element-u-fixed64	U-element-u-fixed64	ascii	core-ffi	decode-read	no-unknown	10	2794.1	2771.7	2875.8	0.037
codec-nounk-U	U-element-u-len	U-element-u-len	ascii	core-ffi	encode	no-unknown	10	541.0	532.8	558.0	0.047
codec-nounk-U	U-element-u-len	U-element-u-len	ascii	core-ffi	decode	no-unknown	10	2592.6	2546.1	2663.7	0.045
codec-nounk-U	U-element-u-len	U-element-u-len	ascii	core-ffi	decode-read	no-unknown	10	2760.6	2720.2	2790.6	0.026
codec-nounk-U	U-element-u-msg	U-element-u-msg	ascii	core-ffi	encode	no-unknown	10	533.7	526.9	540.0	0.025
codec-nounk-U	U-element-u-msg	U-element-u-msg	ascii	core-ffi	decode	no-unknown	10	2658.1	2619.0	2762.7	0.054
codec-nounk-U	U-element-u-msg	U-element-u-msg	ascii	core-ffi	decode-read	no-unknown	10	2793.0	2777.4	2842.3	0.023
codec-nounk-U	U-element-u-packed	U-element-u-packed	ascii	core-ffi	encode	no-unknown	10	536.2	529.2	547.0	0.033
codec-nounk-U	U-element-u-packed	U-element-u-packed	ascii	core-ffi	decode	no-unknown	10	2587.7	2560.9	2608.8	0.019
codec-nounk-U	U-element-u-packed	U-element-u-packed	ascii	core-ffi	decode-read	no-unknown	10	2771.0	2726.3	2813.6	0.032
codec-nounk-U	U-element-u-repeated	U-element-u-repeated	ascii	core-ffi	encode	no-unknown	10	536.5	526.8	542.3	0.029
codec-nounk-U	U-element-u-repeated	U-element-u-repeated	ascii	core-ffi	decode	no-unknown	10	2663.3	2634.6	2702.6	0.026
codec-nounk-U	U-element-u-repeated	U-element-u-repeated	ascii	core-ffi	decode-read	no-unknown	10	2791.6	2749.5	2809.7	0.022
codec-nounk-U	U-element-u-varint	U-element-u-varint	ascii	core-ffi	encode	no-unknown	10	536.7	531.1	544.7	0.025
codec-nounk-U	U-element-u-varint	U-element-u-varint	ascii	core-ffi	decode	no-unknown	10	2705.5	2652.2	2826.9	0.065
codec-nounk-U	U-element-u-varint	U-element-u-varint	ascii	core-ffi	decode-read	no-unknown	10	2771.9	2732.6	2818.7	0.031
codec-nounk-U	U-enum-value-127	U-enum-value-127	ascii	core-ffi	encode	no-unknown	10	35.7	33.7	42.5	0.246
codec-nounk-U	U-enum-value-127	U-enum-value-127	ascii	core-ffi	decode	no-unknown	10	171.8	165.5	183.7	0.106
codec-nounk-U	U-enum-value-127	U-enum-value-127	ascii	core-ffi	decode-read	no-unknown	10	121.9	119.6	125.1	0.045
codec-nounk-U	U-enum-value-2147483647	U-enum-value-2147483647	ascii	core-ffi	encode	no-unknown	10	38.3	37.3	50.0	0.332
codec-nounk-U	U-enum-value-2147483647	U-enum-value-2147483647	ascii	core-ffi	decode	no-unknown	10	114.1	113.3	115.3	0.017
codec-nounk-U	U-enum-value-2147483647	U-enum-value-2147483647	ascii	core-ffi	decode-read	no-unknown	10	124.7	122.7	129.5	0.054
codec-nounk-U	U-enum-value-999	U-enum-value-999	ascii	core-ffi	encode	no-unknown	10	36.6	35.5	38.4	0.078
codec-nounk-U	U-enum-value-999	U-enum-value-999	ascii	core-ffi	decode	no-unknown	10	112.5	111.7	114.4	0.024
codec-nounk-U	U-enum-value-999	U-enum-value-999	ascii	core-ffi	decode-read	no-unknown	10	122.5	120.5	129.1	0.071
codec-nounk-U	U-enum-value-packed	U-enum-value-packed	ascii	core-ffi	encode	no-unknown	10	76.2	75.2	80.2	0.066
codec-nounk-U	U-enum-value-packed	U-enum-value-packed	ascii	core-ffi	decode	no-unknown	10	206.0	202.7	210.6	0.039
codec-nounk-U	U-enum-value-packed	U-enum-value-packed	ascii	core-ffi	decode-read	no-unknown	10	212.6	208.0	223.0	0.071
codec-nounk-U	U-leaf-all	U-leaf-all	ascii	core-ffi	encode	no-unknown	10	106.4	98.6	110.8	0.115
codec-nounk-U	U-leaf-all	U-leaf-all	ascii	core-ffi	decode	no-unknown	10	475.2	464.0	499.3	0.074
codec-nounk-U	U-leaf-all	U-leaf-all	ascii	core-ffi	decode-read	no-unknown	10	489.4	482.0	526.4	0.091
codec-nounk-U	U-leaf-u-fixed32	U-leaf-u-fixed32	ascii	core-ffi	encode	no-unknown	10	103.8	97.0	109.9	0.125
codec-nounk-U	U-leaf-u-fixed32	U-leaf-u-fixed32	ascii	core-ffi	decode	no-unknown	10	407.8	400.5	415.9	0.038
codec-nounk-U	U-leaf-u-fixed32	U-leaf-u-fixed32	ascii	core-ffi	decode-read	no-unknown	10	420.8	412.1	442.4	0.072
codec-nounk-U	U-leaf-u-fixed64	U-leaf-u-fixed64	ascii	core-ffi	encode	no-unknown	10	105.0	97.8	107.2	0.089
codec-nounk-U	U-leaf-u-fixed64	U-leaf-u-fixed64	ascii	core-ffi	decode	no-unknown	10	414.0	407.2	448.0	0.099
codec-nounk-U	U-leaf-u-fixed64	U-leaf-u-fixed64	ascii	core-ffi	decode-read	no-unknown	10	425.9	417.5	443.6	0.061
codec-nounk-U	U-leaf-u-len	U-leaf-u-len	ascii	core-ffi	encode	no-unknown	10	102.7	97.7	107.2	0.092
codec-nounk-U	U-leaf-u-len	U-leaf-u-len	ascii	core-ffi	decode	no-unknown	10	410.4	407.4	419.2	0.029
codec-nounk-U	U-leaf-u-len	U-leaf-u-len	ascii	core-ffi	decode-read	no-unknown	10	421.5	408.5	431.9	0.055
codec-nounk-U	U-leaf-u-msg	U-leaf-u-msg	ascii	core-ffi	encode	no-unknown	10	79.0	76.1	101.4	0.321
codec-nounk-U	U-leaf-u-msg	U-leaf-u-msg	ascii	core-ffi	decode	no-unknown	10	336.9	329.2	345.2	0.047
codec-nounk-U	U-leaf-u-msg	U-leaf-u-msg	ascii	core-ffi	decode-read	no-unknown	10	348.1	340.4	368.0	0.079
codec-nounk-U	U-leaf-u-packed	U-leaf-u-packed	ascii	core-ffi	encode	no-unknown	10	84.4	81.5	87.9	0.076
codec-nounk-U	U-leaf-u-packed	U-leaf-u-packed	ascii	core-ffi	decode	no-unknown	10	336.2	332.0	350.1	0.054
codec-nounk-U	U-leaf-u-packed	U-leaf-u-packed	ascii	core-ffi	decode-read	no-unknown	10	376.6	372.5	386.7	0.038
codec-nounk-U	U-leaf-u-repeated	U-leaf-u-repeated	ascii	core-ffi	encode	no-unknown	10	90.8	88.7	95.4	0.073
codec-nounk-U	U-leaf-u-repeated	U-leaf-u-repeated	ascii	core-ffi	decode	no-unknown	10	376.9	372.3	392.1	0.053
codec-nounk-U	U-leaf-u-repeated	U-leaf-u-repeated	ascii	core-ffi	decode-read	no-unknown	10	365.2	354.1	371.1	0.046
codec-nounk-U	U-leaf-u-varint	U-leaf-u-varint	ascii	core-ffi	encode	no-unknown	10	103.8	101.6	113.4	0.113
codec-nounk-U	U-leaf-u-varint	U-leaf-u-varint	ascii	core-ffi	decode	no-unknown	10	408.0	395.6	414.4	0.046
codec-nounk-U	U-leaf-u-varint	U-leaf-u-varint	ascii	core-ffi	decode-read	no-unknown	10	427.0	416.0	455.2	0.092
codec-nounk-U	U-nested-all	U-nested-all	ascii	core-ffi	encode	no-unknown	10	100.9	94.9	114.1	0.190
codec-nounk-U	U-nested-all	U-nested-all	ascii	core-ffi	decode	no-unknown	10	430.3	422.6	442.7	0.047
codec-nounk-U	U-nested-all	U-nested-all	ascii	core-ffi	decode-read	no-unknown	10	446.0	431.5	452.6	0.047
codec-nounk-U	U-nested-before	U-nested-before	ascii	core-ffi	encode	no-unknown	10	103.6	96.2	109.9	0.132
codec-nounk-U	U-nested-before	U-nested-before	ascii	core-ffi	decode	no-unknown	10	433.1	421.6	455.3	0.078
codec-nounk-U	U-nested-before	U-nested-before	ascii	core-ffi	decode-read	no-unknown	10	471.7	455.3	537.1	0.173
codec-nounk-U	U-nested-group	U-nested-group	ascii	core-ffi	encode	no-unknown	10	107.2	105.8	122.5	0.156
codec-nounk-U	U-nested-group	U-nested-group	ascii	core-ffi	decode	no-unknown	10	426.5	416.6	439.6	0.054
codec-nounk-U	U-nested-group	U-nested-group	ascii	core-ffi	decode-read	no-unknown	10	441.3	433.8	461.4	0.062
codec-nounk-U	U-nested-interleaved	U-nested-interleaved	ascii	core-ffi	encode	no-unknown	10	105.7	95.4	109.1	0.130
codec-nounk-U	U-nested-interleaved	U-nested-interleaved	ascii	core-ffi	decode	no-unknown	10	441.8	432.5	455.6	0.052
codec-nounk-U	U-nested-interleaved	U-nested-interleaved	ascii	core-ffi	decode-read	no-unknown	10	461.5	449.4	489.5	0.087
codec-nounk-U	U-nested-u-fixed32	U-nested-u-fixed32	ascii	core-ffi	encode	no-unknown	10	103.7	98.5	111.3	0.123
codec-nounk-U	U-nested-u-fixed32	U-nested-u-fixed32	ascii	core-ffi	decode	no-unknown	10	404.1	393.7	524.4	0.323
codec-nounk-U	U-nested-u-fixed32	U-nested-u-fixed32	ascii	core-ffi	decode-read	no-unknown	10	450.7	413.4	579.9	0.369
codec-nounk-U	U-nested-u-fixed64	U-nested-u-fixed64	ascii	core-ffi	encode	no-unknown	10	105.0	101.3	109.1	0.075
codec-nounk-U	U-nested-u-fixed64	U-nested-u-fixed64	ascii	core-ffi	decode	no-unknown	10	404.6	393.1	412.9	0.049
codec-nounk-U	U-nested-u-fixed64	U-nested-u-fixed64	ascii	core-ffi	decode-read	no-unknown	10	422.2	414.6	448.0	0.079
codec-nounk-U	U-nested-u-len	U-nested-u-len	ascii	core-ffi	encode	no-unknown	10	104.1	96.0	110.9	0.144
codec-nounk-U	U-nested-u-len	U-nested-u-len	ascii	core-ffi	decode	no-unknown	10	413.8	396.0	426.4	0.073
codec-nounk-U	U-nested-u-len	U-nested-u-len	ascii	core-ffi	decode-read	no-unknown	10	426.4	415.5	462.1	0.109
codec-nounk-U	U-nested-u-msg	U-nested-u-msg	ascii	core-ffi	encode	no-unknown	10	106.8	98.9	128.1	0.273
codec-nounk-U	U-nested-u-msg	U-nested-u-msg	ascii	core-ffi	decode	no-unknown	10	407.1	402.1	416.7	0.036
codec-nounk-U	U-nested-u-msg	U-nested-u-msg	ascii	core-ffi	decode-read	no-unknown	10	419.1	408.5	424.7	0.039
codec-nounk-U	U-nested-u-packed	U-nested-u-packed	ascii	core-ffi	encode	no-unknown	10	102.4	96.9	107.3	0.102
codec-nounk-U	U-nested-u-packed	U-nested-u-packed	ascii	core-ffi	decode	no-unknown	10	403.1	395.6	412.6	0.042
codec-nounk-U	U-nested-u-packed	U-nested-u-packed	ascii	core-ffi	decode-read	no-unknown	10	417.4	407.3	425.2	0.043
codec-nounk-U	U-nested-u-repeated	U-nested-u-repeated	ascii	core-ffi	encode	no-unknown	10	102.9	98.0	111.6	0.132
codec-nounk-U	U-nested-u-repeated	U-nested-u-repeated	ascii	core-ffi	decode	no-unknown	10	407.6	402.8	417.0	0.035
codec-nounk-U	U-nested-u-repeated	U-nested-u-repeated	ascii	core-ffi	decode-read	no-unknown	10	424.7	418.2	453.3	0.083
codec-nounk-U	U-nested-u-varint	U-nested-u-varint	ascii	core-ffi	encode	no-unknown	10	101.0	96.3	106.6	0.102
codec-nounk-U	U-nested-u-varint	U-nested-u-varint	ascii	core-ffi	decode	no-unknown	10	405.8	396.7	414.6	0.044
codec-nounk-U	U-nested-u-varint	U-nested-u-varint	ascii	core-ffi	decode-read	no-unknown	10	419.2	415.2	426.3	0.026
codec-nounk-U	U-oneof-all	U-oneof-all	ascii	core-ffi	encode	no-unknown	10	51.5	50.7	52.2	0.030
codec-nounk-U	U-oneof-all	U-oneof-all	ascii	core-ffi	decode	no-unknown	10	172.4	165.4	180.7	0.089
codec-nounk-U	U-oneof-all	U-oneof-all	ascii	core-ffi	decode-read	no-unknown	10	178.4	176.0	181.2	0.029
codec-nounk-U	U-oneof-before	U-oneof-before	ascii	core-ffi	encode	no-unknown	10	49.9	49.1	51.1	0.040
codec-nounk-U	U-oneof-before	U-oneof-before	ascii	core-ffi	decode	no-unknown	10	175.7	169.9	180.0	0.058
codec-nounk-U	U-oneof-before	U-oneof-before	ascii	core-ffi	decode-read	no-unknown	10	172.5	169.0	175.6	0.038
codec-nounk-U	U-oneof-group	U-oneof-group	ascii	core-ffi	encode	no-unknown	10	48.7	47.6	51.0	0.071
codec-nounk-U	U-oneof-group	U-oneof-group	ascii	core-ffi	decode	no-unknown	10	166.7	164.5	168.1	0.021
codec-nounk-U	U-oneof-group	U-oneof-group	ascii	core-ffi	decode-read	no-unknown	10	173.2	170.8	174.7	0.022
codec-nounk-U	U-oneof-interleaved	U-oneof-interleaved	ascii	core-ffi	encode	no-unknown	10	51.1	50.3	51.7	0.028
codec-nounk-U	U-oneof-interleaved	U-oneof-interleaved	ascii	core-ffi	decode	no-unknown	10	172.9	170.5	174.1	0.021
codec-nounk-U	U-oneof-interleaved	U-oneof-interleaved	ascii	core-ffi	decode-read	no-unknown	10	175.7	172.1	186.5	0.082
codec-nounk-U	U-oneof-member-after-known	U-oneof-member-after-known	ascii	core-ffi	encode	no-unknown	10	50.0	49.0	52.5	0.069
codec-nounk-U	U-oneof-member-after-known	U-oneof-member-after-known	ascii	core-ffi	decode	no-unknown	10	145.3	142.7	147.5	0.032
codec-nounk-U	U-oneof-member-after-known	U-oneof-member-after-known	ascii	core-ffi	decode-read	no-unknown	10	121.4	119.2	122.1	0.025
codec-nounk-U	U-oneof-member-alone	U-oneof-member-alone	ascii	core-ffi	encode	no-unknown	10	35.0	34.7	36.6	0.055
codec-nounk-U	U-oneof-member-alone	U-oneof-member-alone	ascii	core-ffi	decode	no-unknown	10	112.9	111.2	114.4	0.028
codec-nounk-U	U-oneof-member-alone	U-oneof-member-alone	ascii	core-ffi	decode-read	no-unknown	10	115.0	113.9	116.4	0.022
codec-nounk-U	U-oneof-member-before-known	U-oneof-member-before-known	ascii	core-ffi	encode	no-unknown	10	40.0	39.4	41.5	0.052
codec-nounk-U	U-oneof-member-before-known	U-oneof-member-before-known	ascii	core-ffi	decode	no-unknown	10	116.8	115.5	117.9	0.020
codec-nounk-U	U-oneof-member-before-known	U-oneof-member-before-known	ascii	core-ffi	decode-read	no-unknown	10	121.8	120.0	122.4	0.020
codec-nounk-U	U-oneof-u-fixed32	U-oneof-u-fixed32	ascii	core-ffi	encode	no-unknown	10	39.9	39.3	40.7	0.033
codec-nounk-U	U-oneof-u-fixed32	U-oneof-u-fixed32	ascii	core-ffi	decode	no-unknown	10	117.2	115.3	118.8	0.030
codec-nounk-U	U-oneof-u-fixed32	U-oneof-u-fixed32	ascii	core-ffi	decode-read	no-unknown	10	121.3	118.7	122.8	0.034
codec-nounk-U	U-oneof-u-fixed64	U-oneof-u-fixed64	ascii	core-ffi	encode	no-unknown	10	40.1	39.4	40.3	0.024
codec-nounk-U	U-oneof-u-fixed64	U-oneof-u-fixed64	ascii	core-ffi	decode	no-unknown	10	116.8	115.6	122.6	0.059
codec-nounk-U	U-oneof-u-fixed64	U-oneof-u-fixed64	ascii	core-ffi	decode-read	no-unknown	10	127.2	120.1	130.2	0.080
codec-nounk-U	U-oneof-u-len	U-oneof-u-len	ascii	core-ffi	encode	no-unknown	10	42.5	41.8	45.6	0.090
codec-nounk-U	U-oneof-u-len	U-oneof-u-len	ascii	core-ffi	decode	no-unknown	10	123.3	122.1	124.7	0.021
codec-nounk-U	U-oneof-u-len	U-oneof-u-len	ascii	core-ffi	decode-read	no-unknown	10	156.9	155.0	157.8	0.018
codec-nounk-U	U-oneof-u-msg	U-oneof-u-msg	ascii	core-ffi	encode	no-unknown	10	51.5	51.1	62.8	0.228
codec-nounk-U	U-oneof-u-msg	U-oneof-u-msg	ascii	core-ffi	decode	no-unknown	10	149.5	147.8	151.8	0.027
codec-nounk-U	U-oneof-u-msg	U-oneof-u-msg	ascii	core-ffi	decode-read	no-unknown	10	155.2	153.8	158.0	0.027
codec-nounk-U	U-oneof-u-packed	U-oneof-u-packed	ascii	core-ffi	encode	no-unknown	10	51.6	50.8	52.1	0.025
codec-nounk-U	U-oneof-u-packed	U-oneof-u-packed	ascii	core-ffi	decode	no-unknown	10	149.4	148.7	151.7	0.020
codec-nounk-U	U-oneof-u-packed	U-oneof-u-packed	ascii	core-ffi	decode-read	no-unknown	10	155.9	153.4	157.6	0.027
codec-nounk-U	U-oneof-u-repeated	U-oneof-u-repeated	ascii	core-ffi	encode	no-unknown	10	51.3	50.3	52.7	0.046
codec-nounk-U	U-oneof-u-repeated	U-oneof-u-repeated	ascii	core-ffi	decode	no-unknown	10	153.8	151.9	158.1	0.040
codec-nounk-U	U-oneof-u-repeated	U-oneof-u-repeated	ascii	core-ffi	decode-read	no-unknown	10	159.2	157.9	162.0	0.026
codec-nounk-U	U-oneof-u-varint	U-oneof-u-varint	ascii	core-ffi	encode	no-unknown	10	51.6	50.3	52.0	0.033
codec-nounk-U	U-oneof-u-varint	U-oneof-u-varint	ascii	core-ffi	decode	no-unknown	10	153.2	150.3	164.9	0.095
codec-nounk-U	U-oneof-u-varint	U-oneof-u-varint	ascii	core-ffi	decode-read	no-unknown	10	158.3	157.0	160.6	0.023
codec-nounk-U	U-root-all	U-root-all	ascii	core-ffi	encode	no-unknown	10	191.2	186.4	197.7	0.059
codec-nounk-U	U-root-all	U-root-all	ascii	core-ffi	decode	no-unknown	10	909.2	901.4	939.4	0.042
codec-nounk-U	U-root-all	U-root-all	ascii	core-ffi	decode-read	no-unknown	10	947.5	938.5	971.8	0.035
codec-nounk-U	U-root-before	U-root-before	ascii	core-ffi	encode	no-unknown	10	186.7	183.4	197.3	0.074
codec-nounk-U	U-root-before	U-root-before	ascii	core-ffi	decode	no-unknown	10	912.0	898.2	933.7	0.039
codec-nounk-U	U-root-before	U-root-before	ascii	core-ffi	decode-read	no-unknown	10	939.1	924.5	956.3	0.034
codec-nounk-U	U-root-group	U-root-group	ascii	core-ffi	encode	no-unknown	10	193.8	182.0	201.0	0.098
codec-nounk-U	U-root-group	U-root-group	ascii	core-ffi	decode	no-unknown	10	731.8	718.7	747.7	0.040
codec-nounk-U	U-root-group	U-root-group	ascii	core-ffi	decode-read	no-unknown	10	757.6	746.2	772.6	0.035
codec-nounk-U	U-root-interleaved	U-root-interleaved	ascii	core-ffi	encode	no-unknown	10	148.8	145.1	156.8	0.079
codec-nounk-U	U-root-interleaved	U-root-interleaved	ascii	core-ffi	decode	no-unknown	10	712.4	704.4	720.4	0.022
codec-nounk-U	U-root-interleaved	U-root-interleaved	ascii	core-ffi	decode-read	no-unknown	10	727.8	717.4	734.6	0.024
codec-nounk-U	U-root-max-tag	U-root-max-tag	ascii	core-ffi	encode	no-unknown	10	149.6	146.0	154.6	0.058
codec-nounk-U	U-root-max-tag	U-root-max-tag	ascii	core-ffi	decode	no-unknown	10	675.3	667.9	681.5	0.020
codec-nounk-U	U-root-max-tag	U-root-max-tag	ascii	core-ffi	decode-read	no-unknown	10	708.7	694.9	741.7	0.066
codec-nounk-U	U-root-u-fixed32	U-root-u-fixed32	ascii	core-ffi	encode	no-unknown	10	166.3	145.6	195.9	0.302
codec-nounk-U	U-root-u-fixed32	U-root-u-fixed32	ascii	core-ffi	decode	no-unknown	10	865.2	850.6	879.9	0.034
codec-nounk-U	U-root-u-fixed32	U-root-u-fixed32	ascii	core-ffi	decode-read	no-unknown	10	892.9	886.1	900.8	0.016
codec-nounk-U	U-root-u-fixed64	U-root-u-fixed64	ascii	core-ffi	encode	no-unknown	10	192.6	189.9	197.8	0.041
codec-nounk-U	U-root-u-fixed64	U-root-u-fixed64	ascii	core-ffi	decode	no-unknown	10	861.3	849.3	882.3	0.038
codec-nounk-U	U-root-u-fixed64	U-root-u-fixed64	ascii	core-ffi	decode-read	no-unknown	10	893.0	883.0	900.5	0.020
codec-nounk-U	U-root-u-len	U-root-u-len	ascii	core-ffi	encode	no-unknown	10	191.7	187.4	202.4	0.078
codec-nounk-U	U-root-u-len	U-root-u-len	ascii	core-ffi	decode	no-unknown	10	813.4	803.1	848.6	0.056
codec-nounk-U	U-root-u-len	U-root-u-len	ascii	core-ffi	decode-read	no-unknown	10	842.1	834.3	853.1	0.022
codec-nounk-U	U-root-u-msg	U-root-u-msg	ascii	core-ffi	encode	no-unknown	10	180.0	172.2	182.5	0.057
codec-nounk-U	U-root-u-msg	U-root-u-msg	ascii	core-ffi	decode	no-unknown	10	813.8	791.9	823.2	0.038
codec-nounk-U	U-root-u-msg	U-root-u-msg	ascii	core-ffi	decode-read	no-unknown	10	898.9	870.9	917.3	0.052
codec-nounk-U	U-root-u-packed	U-root-u-packed	ascii	core-ffi	encode	no-unknown	10	189.7	181.4	197.0	0.082
codec-nounk-U	U-root-u-packed	U-root-u-packed	ascii	core-ffi	decode	no-unknown	10	867.1	852.9	916.2	0.073
codec-nounk-U	U-root-u-packed	U-root-u-packed	ascii	core-ffi	decode-read	no-unknown	10	891.6	879.2	902.1	0.026
codec-nounk-U	U-root-u-repeated	U-root-u-repeated	ascii	core-ffi	encode	no-unknown	10	189.7	183.0	191.0	0.042
codec-nounk-U	U-root-u-repeated	U-root-u-repeated	ascii	core-ffi	decode	no-unknown	10	879.6	868.2	910.8	0.048
codec-nounk-U	U-root-u-repeated	U-root-u-repeated	ascii	core-ffi	decode-read	no-unknown	10	901.7	888.1	925.5	0.041
codec-nounk-U	U-root-u-varint	U-root-u-varint	ascii	core-ffi	encode	no-unknown	10	193.1	187.5	196.7	0.048
codec-nounk-U	U-root-u-varint	U-root-u-varint	ascii	core-ffi	decode	no-unknown	10	873.3	863.1	890.5	0.031
codec-nounk-U	U-root-u-varint	U-root-u-varint	ascii	core-ffi	decode-read	no-unknown	10	898.0	889.1	1102.2	0.237
codec-nounk-U	U-wire-DualResponse-left-as-wt0	U-wire-DualResponse-left-as-wt0	ascii	core-ffi	encode	no-unknown	10	88.2	84.6	91.5	0.078
codec-nounk-U	U-wire-DualResponse-left-as-wt0	U-wire-DualResponse-left-as-wt0	ascii	core-ffi	decode	no-unknown	10	264.1	257.6	270.0	0.047
codec-nounk-U	U-wire-DualResponse-left-as-wt0	U-wire-DualResponse-left-as-wt0	ascii	core-ffi	decode-read	no-unknown	10	273.6	268.5	278.1	0.035
codec-nounk-U	U-wire-DualResponse-left-as-wt1	U-wire-DualResponse-left-as-wt1	ascii	core-ffi	encode	no-unknown	10	87.7	84.4	90.6	0.070
codec-nounk-U	U-wire-DualResponse-left-as-wt1	U-wire-DualResponse-left-as-wt1	ascii	core-ffi	decode	no-unknown	10	247.5	244.1	250.0	0.024
codec-nounk-U	U-wire-DualResponse-left-as-wt1	U-wire-DualResponse-left-as-wt1	ascii	core-ffi	decode-read	no-unknown	10	253.4	250.8	256.1	0.021
codec-nounk-U	U-wire-DualResponse-left-as-wt5	U-wire-DualResponse-left-as-wt5	ascii	core-ffi	encode	no-unknown	10	83.3	81.3	86.8	0.066
codec-nounk-U	U-wire-DualResponse-left-as-wt5	U-wire-DualResponse-left-as-wt5	ascii	core-ffi	decode	no-unknown	10	234.2	230.3	239.0	0.038
codec-nounk-U	U-wire-DualResponse-left-as-wt5	U-wire-DualResponse-left-as-wt5	ascii	core-ffi	decode-read	no-unknown	10	246.0	243.2	250.9	0.031
codec-nounk-U	U-wire-ListMetricsResponse-batches-as-wt0	U-wire-ListMetricsResponse-batches-as-wt0	ascii	core-ffi	encode	no-unknown	10	707.1	681.8	716.3	0.049
codec-nounk-U	U-wire-ListMetricsResponse-batches-as-wt0	U-wire-ListMetricsResponse-batches-as-wt0	ascii	core-ffi	decode	no-unknown	10	1399.1	1369.0	1437.2	0.049
codec-nounk-U	U-wire-ListMetricsResponse-batches-as-wt0	U-wire-ListMetricsResponse-batches-as-wt0	ascii	core-ffi	decode-read	no-unknown	10	1539.6	1506.2	1598.8	0.060
codec-nounk-U	U-wire-ListMetricsResponse-batches-as-wt1	U-wire-ListMetricsResponse-batches-as-wt1	ascii	core-ffi	encode	no-unknown	10	709.3	694.3	720.0	0.036
codec-nounk-U	U-wire-ListMetricsResponse-batches-as-wt1	U-wire-ListMetricsResponse-batches-as-wt1	ascii	core-ffi	decode	no-unknown	10	1416.4	1355.7	1459.0	0.073
codec-nounk-U	U-wire-ListMetricsResponse-batches-as-wt1	U-wire-ListMetricsResponse-batches-as-wt1	ascii	core-ffi	decode-read	no-unknown	10	1580.2	1543.1	1601.3	0.037
codec-nounk-U	U-wire-ListMetricsResponse-batches-as-wt5	U-wire-ListMetricsResponse-batches-as-wt5	ascii	core-ffi	encode	no-unknown	10	741.9	731.2	777.1	0.062
codec-nounk-U	U-wire-ListMetricsResponse-batches-as-wt5	U-wire-ListMetricsResponse-batches-as-wt5	ascii	core-ffi	decode	no-unknown	10	1489.4	1463.8	1547.2	0.056
codec-nounk-U	U-wire-ListMetricsResponse-batches-as-wt5	U-wire-ListMetricsResponse-batches-as-wt5	ascii	core-ffi	decode-read	no-unknown	10	1685.0	1637.5	1706.5	0.041
codec-nounk-U	U-wire-ListProbeResponse-probes-as-wt0	U-wire-ListProbeResponse-probes-as-wt0	ascii	core-ffi	encode	no-unknown	10	89.3	87.5	90.3	0.031
codec-nounk-U	U-wire-ListProbeResponse-probes-as-wt0	U-wire-ListProbeResponse-probes-as-wt0	ascii	core-ffi	decode	no-unknown	10	299.7	297.7	304.8	0.024
codec-nounk-U	U-wire-ListProbeResponse-probes-as-wt0	U-wire-ListProbeResponse-probes-as-wt0	ascii	core-ffi	decode-read	no-unknown	10	310.5	308.5	316.2	0.025
codec-nounk-U	U-wire-ListProbeResponse-probes-as-wt1	U-wire-ListProbeResponse-probes-as-wt1	ascii	core-ffi	encode	no-unknown	10	89.6	87.1	91.8	0.053
codec-nounk-U	U-wire-ListProbeResponse-probes-as-wt1	U-wire-ListProbeResponse-probes-as-wt1	ascii	core-ffi	decode	no-unknown	10	297.6	289.2	302.9	0.046
codec-nounk-U	U-wire-ListProbeResponse-probes-as-wt1	U-wire-ListProbeResponse-probes-as-wt1	ascii	core-ffi	decode-read	no-unknown	10	300.7	297.2	306.9	0.032
codec-nounk-U	U-wire-ListProbeResponse-probes-as-wt5	U-wire-ListProbeResponse-probes-as-wt5	ascii	core-ffi	encode	no-unknown	10	89.0	86.1	90.8	0.052
codec-nounk-U	U-wire-ListProbeResponse-probes-as-wt5	U-wire-ListProbeResponse-probes-as-wt5	ascii	core-ffi	decode	no-unknown	10	290.5	288.9	298.9	0.034
codec-nounk-U	U-wire-ListProbeResponse-probes-as-wt5	U-wire-ListProbeResponse-probes-as-wt5	ascii	core-ffi	decode-read	no-unknown	10	311.4	305.3	322.7	0.056
codec-nounk-U	U-wire-ListResultsResponse-page-as-wt1	U-wire-ListResultsResponse-page-as-wt1	ascii	core-ffi	encode	no-unknown	10	191.9	187.1	202.0	0.078
codec-nounk-U	U-wire-ListResultsResponse-page-as-wt1	U-wire-ListResultsResponse-page-as-wt1	ascii	core-ffi	decode	no-unknown	10	832.6	827.7	849.8	0.027
codec-nounk-U	U-wire-ListResultsResponse-page-as-wt1	U-wire-ListResultsResponse-page-as-wt1	ascii	core-ffi	decode-read	no-unknown	10	861.8	855.7	907.2	0.060
codec-nounk-U	U-wire-ListResultsResponse-page-as-wt2	U-wire-ListResultsResponse-page-as-wt2	ascii	core-ffi	encode	no-unknown	10	182.9	178.9	189.3	0.057
codec-nounk-U	U-wire-ListResultsResponse-page-as-wt2	U-wire-ListResultsResponse-page-as-wt2	ascii	core-ffi	decode	no-unknown	10	814.7	808.4	840.6	0.040
codec-nounk-U	U-wire-ListResultsResponse-page-as-wt2	U-wire-ListResultsResponse-page-as-wt2	ascii	core-ffi	decode-read	no-unknown	10	866.1	857.5	908.6	0.059
codec-nounk-U	U-wire-ListResultsResponse-page-as-wt5	U-wire-ListResultsResponse-page-as-wt5	ascii	core-ffi	encode	no-unknown	10	193.0	186.6	197.2	0.055
codec-nounk-U	U-wire-ListResultsResponse-page-as-wt5	U-wire-ListResultsResponse-page-as-wt5	ascii	core-ffi	decode	no-unknown	10	820.1	810.7	841.5	0.038
codec-nounk-U	U-wire-ListResultsResponse-page-as-wt5	U-wire-ListResultsResponse-page-as-wt5	ascii	core-ffi	decode-read	no-unknown	10	893.7	861.4	932.4	0.079
codec-nounk-U	U-wire-ListResultsResponse-results-as-wt0	U-wire-ListResultsResponse-results-as-wt0	ascii	core-ffi	encode	no-unknown	10	184.9	178.6	193.3	0.080
codec-nounk-U	U-wire-ListResultsResponse-results-as-wt0	U-wire-ListResultsResponse-results-as-wt0	ascii	core-ffi	decode	no-unknown	10	826.0	811.4	844.0	0.039
codec-nounk-U	U-wire-ListResultsResponse-results-as-wt0	U-wire-ListResultsResponse-results-as-wt0	ascii	core-ffi	decode-read	no-unknown	10	837.7	815.8	860.7	0.054
codec-nounk-U	U-wire-ListResultsResponse-results-as-wt1	U-wire-ListResultsResponse-results-as-wt1	ascii	core-ffi	encode	no-unknown	10	182.0	178.7	192.7	0.077
codec-nounk-U	U-wire-ListResultsResponse-results-as-wt1	U-wire-ListResultsResponse-results-as-wt1	ascii	core-ffi	decode	no-unknown	10	814.6	806.4	822.4	0.020
codec-nounk-U	U-wire-ListResultsResponse-results-as-wt1	U-wire-ListResultsResponse-results-as-wt1	ascii	core-ffi	decode-read	no-unknown	10	834.0	817.1	857.4	0.048
codec-nounk-U	U-wire-ListResultsResponse-results-as-wt5	U-wire-ListResultsResponse-results-as-wt5	ascii	core-ffi	encode	no-unknown	10	180.5	176.2	183.6	0.041
codec-nounk-U	U-wire-ListResultsResponse-results-as-wt5	U-wire-ListResultsResponse-results-as-wt5	ascii	core-ffi	decode	no-unknown	10	808.0	786.1	835.3	0.061
codec-nounk-U	U-wire-ListResultsResponse-results-as-wt5	U-wire-ListResultsResponse-results-as-wt5	ascii	core-ffi	decode-read	no-unknown	10	870.0	846.7	893.2	0.054
codec-nounk-U	U-wire-ListTaskSummaryResponse-tasks-as-wt0	U-wire-ListTaskSummaryResponse-tasks-as-wt0	ascii	core-ffi	encode	no-unknown	10	495.9	471.8	522.1	0.101
codec-nounk-U	U-wire-ListTaskSummaryResponse-tasks-as-wt0	U-wire-ListTaskSummaryResponse-tasks-as-wt0	ascii	core-ffi	decode	no-unknown	10	2439.9	2364.7	2534.9	0.070
codec-nounk-U	U-wire-ListTaskSummaryResponse-tasks-as-wt0	U-wire-ListTaskSummaryResponse-tasks-as-wt0	ascii	core-ffi	decode-read	no-unknown	10	2461.3	2409.1	2516.8	0.044
codec-nounk-U	U-wire-ListTaskSummaryResponse-tasks-as-wt1	U-wire-ListTaskSummaryResponse-tasks-as-wt1	ascii	core-ffi	encode	no-unknown	10	515.7	485.8	545.4	0.116
codec-nounk-U	U-wire-ListTaskSummaryResponse-tasks-as-wt1	U-wire-ListTaskSummaryResponse-tasks-as-wt1	ascii	core-ffi	decode	no-unknown	10	2476.5	2417.8	2539.6	0.049
codec-nounk-U	U-wire-ListTaskSummaryResponse-tasks-as-wt1	U-wire-ListTaskSummaryResponse-tasks-as-wt1	ascii	core-ffi	decode-read	no-unknown	10	2597.0	2540.6	2679.1	0.053
codec-nounk-U	U-wire-ListTaskSummaryResponse-tasks-as-wt5	U-wire-ListTaskSummaryResponse-tasks-as-wt5	ascii	core-ffi	encode	no-unknown	10	487.2	463.3	524.5	0.126
codec-nounk-U	U-wire-ListTaskSummaryResponse-tasks-as-wt5	U-wire-ListTaskSummaryResponse-tasks-as-wt5	ascii	core-ffi	decode	no-unknown	10	2475.3	2429.0	2698.5	0.109
codec-nounk-U	U-wire-ListTaskSummaryResponse-tasks-as-wt5	U-wire-ListTaskSummaryResponse-tasks-as-wt5	ascii	core-ffi	decode-read	no-unknown	10	2621.1	2560.5	2672.1	0.043
codec-nounk-U	U-wire-ListTasksDetailedResponse-page-as-wt1	U-wire-ListTasksDetailedResponse-page-as-wt1	ascii	core-ffi	encode	no-unknown	10	1159.3	1136.6	1174.7	0.033
codec-nounk-U	U-wire-ListTasksDetailedResponse-page-as-wt1	U-wire-ListTasksDetailedResponse-page-as-wt1	ascii	core-ffi	decode	no-unknown	10	4360.4	4318.7	4546.0	0.052
codec-nounk-U	U-wire-ListTasksDetailedResponse-page-as-wt1	U-wire-ListTasksDetailedResponse-page-as-wt1	ascii	core-ffi	decode-read	no-unknown	10	4514.7	4426.7	5046.7	0.137
codec-nounk-U	U-wire-ListTasksDetailedResponse-page-as-wt2	U-wire-ListTasksDetailedResponse-page-as-wt2	ascii	core-ffi	encode	no-unknown	10	907.6	892.8	936.0	0.048
codec-nounk-U	U-wire-ListTasksDetailedResponse-page-as-wt2	U-wire-ListTasksDetailedResponse-page-as-wt2	ascii	core-ffi	decode	no-unknown	10	4417.9	4334.8	4590.6	0.058
codec-nounk-U	U-wire-ListTasksDetailedResponse-page-as-wt2	U-wire-ListTasksDetailedResponse-page-as-wt2	ascii	core-ffi	decode-read	no-unknown	10	4547.5	4492.5	4642.7	0.033
codec-nounk-U	U-wire-ListTasksDetailedResponse-page-as-wt5	U-wire-ListTasksDetailedResponse-page-as-wt5	ascii	core-ffi	encode	no-unknown	10	1155.1	1129.1	1166.2	0.032
codec-nounk-U	U-wire-ListTasksDetailedResponse-page-as-wt5	U-wire-ListTasksDetailedResponse-page-as-wt5	ascii	core-ffi	decode	no-unknown	10	5847.1	5644.4	6636.9	0.170
codec-nounk-U	U-wire-ListTasksDetailedResponse-page-as-wt5	U-wire-ListTasksDetailedResponse-page-as-wt5	ascii	core-ffi	decode-read	no-unknown	10	6080.6	5806.4	7118.6	0.216
codec-nounk-U	U-wire-ListTasksDetailedResponse-tasks-as-wt0	U-wire-ListTasksDetailedResponse-tasks-as-wt0	ascii	core-ffi	encode	no-unknown	10	1169.0	1136.1	1204.5	0.059
codec-nounk-U	U-wire-ListTasksDetailedResponse-tasks-as-wt0	U-wire-ListTasksDetailedResponse-tasks-as-wt0	ascii	core-ffi	decode	no-unknown	10	5867.8	5642.4	6267.1	0.106
codec-nounk-U	U-wire-ListTasksDetailedResponse-tasks-as-wt0	U-wire-ListTasksDetailedResponse-tasks-as-wt0	ascii	core-ffi	decode-read	no-unknown	10	5934.9	5721.6	6072.0	0.059
codec-nounk-U	U-wire-ListTasksDetailedResponse-tasks-as-wt1	U-wire-ListTasksDetailedResponse-tasks-as-wt1	ascii	core-ffi	encode	no-unknown	10	1182.5	1157.8	1207.7	0.042
codec-nounk-U	U-wire-ListTasksDetailedResponse-tasks-as-wt1	U-wire-ListTasksDetailedResponse-tasks-as-wt1	ascii	core-ffi	decode	no-unknown	10	5618.6	5514.3	5990.7	0.085
codec-nounk-U	U-wire-ListTasksDetailedResponse-tasks-as-wt1	U-wire-ListTasksDetailedResponse-tasks-as-wt1	ascii	core-ffi	decode-read	no-unknown	10	5856.4	5733.4	6062.2	0.056
codec-nounk-U	U-wire-ListTasksDetailedResponse-tasks-as-wt5	U-wire-ListTasksDetailedResponse-tasks-as-wt5	ascii	core-ffi	encode	no-unknown	10	1147.1	1130.0	1173.2	0.038
codec-nounk-U	U-wire-ListTasksDetailedResponse-tasks-as-wt5	U-wire-ListTasksDetailedResponse-tasks-as-wt5	ascii	core-ffi	decode	no-unknown	10	5697.9	5472.2	5851.2	0.067
codec-nounk-U	U-wire-ListTasksDetailedResponse-tasks-as-wt5	U-wire-ListTasksDetailedResponse-tasks-as-wt5	ascii	core-ffi	decode-read	no-unknown	10	5916.5	5727.0	6699.5	0.164
codec-nounk-U	U-wire-UploadResultDataMessage-upload-as-wt0	U-wire-UploadResultDataMessage-upload-as-wt0	ascii	core-ffi	encode	no-unknown	10	32.6	31.9	33.3	0.045
codec-nounk-U	U-wire-UploadResultDataMessage-upload-as-wt0	U-wire-UploadResultDataMessage-upload-as-wt0	ascii	core-ffi	decode	no-unknown	10	170.5	167.9	193.9	0.153
codec-nounk-U	U-wire-UploadResultDataMessage-upload-as-wt0	U-wire-UploadResultDataMessage-upload-as-wt0	ascii	core-ffi	decode-read	no-unknown	10	137.5	132.9	138.1	0.038
codec-nounk-U	U-wire-UploadResultDataMessage-upload-as-wt1	U-wire-UploadResultDataMessage-upload-as-wt1	ascii	core-ffi	encode	no-unknown	10	33.3	32.4	37.6	0.155
codec-nounk-U	U-wire-UploadResultDataMessage-upload-as-wt1	U-wire-UploadResultDataMessage-upload-as-wt1	ascii	core-ffi	decode	no-unknown	10	169.2	162.9	179.8	0.100
codec-nounk-U	U-wire-UploadResultDataMessage-upload-as-wt1	U-wire-UploadResultDataMessage-upload-as-wt1	ascii	core-ffi	decode-read	no-unknown	10	177.9	170.4	207.6	0.209
codec-nounk-U	U-wire-UploadResultDataMessage-upload-as-wt5	U-wire-UploadResultDataMessage-upload-as-wt5	ascii	core-ffi	encode	no-unknown	10	31.3	30.5	33.0	0.078
codec-nounk-U	U-wire-UploadResultDataMessage-upload-as-wt5	U-wire-UploadResultDataMessage-upload-as-wt5	ascii	core-ffi	decode	no-unknown	10	170.6	164.9	206.3	0.243
codec-nounk-U	U-wire-UploadResultDataMessage-upload-as-wt5	U-wire-UploadResultDataMessage-upload-as-wt5	ascii	core-ffi	decode-read	no-unknown	10	172.6	169.6	185.6	0.093
codec-nounk-U	U-deep-all	U-deep-all	ascii	core-ffi-pull	decode	no-unknown	10	2732.0	2664.2	2896.7	0.085
codec-nounk-U	U-deep-all	U-deep-all	ascii	core-ffi-pull	decode-read	no-unknown	10	2843.4	2764.8	2954.6	0.067
codec-nounk-U	U-deep-u-fixed32	U-deep-u-fixed32	ascii	core-ffi-pull	decode	no-unknown	10	2681.5	2622.3	2795.6	0.065
codec-nounk-U	U-deep-u-fixed32	U-deep-u-fixed32	ascii	core-ffi-pull	decode-read	no-unknown	10	2743.9	2674.8	2853.1	0.065
codec-nounk-U	U-deep-u-fixed64	U-deep-u-fixed64	ascii	core-ffi-pull	decode	no-unknown	10	2476.0	2453.2	2534.6	0.033
codec-nounk-U	U-deep-u-fixed64	U-deep-u-fixed64	ascii	core-ffi-pull	decode-read	no-unknown	10	2583.3	2439.9	2907.8	0.181
codec-nounk-U	U-deep-u-len	U-deep-u-len	ascii	core-ffi-pull	decode	no-unknown	10	2675.4	2620.7	2787.5	0.062
codec-nounk-U	U-deep-u-len	U-deep-u-len	ascii	core-ffi-pull	decode-read	no-unknown	10	2777.7	2722.1	3133.6	0.148
codec-nounk-U	U-deep-u-msg	U-deep-u-msg	ascii	core-ffi-pull	decode	no-unknown	10	2675.1	2627.2	2765.4	0.052
codec-nounk-U	U-deep-u-msg	U-deep-u-msg	ascii	core-ffi-pull	decode-read	no-unknown	10	2744.8	2689.6	2892.2	0.074
codec-nounk-U	U-deep-u-packed	U-deep-u-packed	ascii	core-ffi-pull	decode	no-unknown	10	2688.6	2553.8	2983.0	0.160
codec-nounk-U	U-deep-u-packed	U-deep-u-packed	ascii	core-ffi-pull	decode-read	no-unknown	10	2612.5	2569.2	2672.7	0.040
codec-nounk-U	U-deep-u-repeated	U-deep-u-repeated	ascii	core-ffi-pull	decode	no-unknown	10	2570.0	2477.1	2698.3	0.086
codec-nounk-U	U-deep-u-repeated	U-deep-u-repeated	ascii	core-ffi-pull	decode-read	no-unknown	10	2712.3	2664.3	2838.8	0.064
codec-nounk-U	U-deep-u-varint	U-deep-u-varint	ascii	core-ffi-pull	decode	no-unknown	10	2563.7	2483.1	2672.4	0.074
codec-nounk-U	U-deep-u-varint	U-deep-u-varint	ascii	core-ffi-pull	decode-read	no-unknown	10	2721.7	2648.8	2938.9	0.107
codec-nounk-U	U-element-all	U-element-all	ascii	core-ffi-pull	decode	no-unknown	10	2700.6	2661.1	2845.0	0.068
codec-nounk-U	U-element-all	U-element-all	ascii	core-ffi-pull	decode-read	no-unknown	10	2759.8	2729.0	2919.5	0.069
codec-nounk-U	U-element-u-fixed32	U-element-u-fixed32	ascii	core-ffi-pull	decode	no-unknown	10	2666.3	2617.7	2712.6	0.036
codec-nounk-U	U-element-u-fixed32	U-element-u-fixed32	ascii	core-ffi-pull	decode-read	no-unknown	10	2763.5	2692.2	2838.5	0.053
codec-nounk-U	U-element-u-fixed64	U-element-u-fixed64	ascii	core-ffi-pull	decode	no-unknown	10	2664.4	2604.3	2909.6	0.115
codec-nounk-U	U-element-u-fixed64	U-element-u-fixed64	ascii	core-ffi-pull	decode-read	no-unknown	10	2731.3	2659.4	2825.4	0.061
codec-nounk-U	U-element-u-len	U-element-u-len	ascii	core-ffi-pull	decode	no-unknown	10	2552.2	2516.8	2634.7	0.046
codec-nounk-U	U-element-u-len	U-element-u-len	ascii	core-ffi-pull	decode-read	no-unknown	10	2639.5	2525.4	2895.0	0.140
codec-nounk-U	U-element-u-msg	U-element-u-msg	ascii	core-ffi-pull	decode	no-unknown	10	2655.7	2625.0	2718.7	0.035
codec-nounk-U	U-element-u-msg	U-element-u-msg	ascii	core-ffi-pull	decode-read	no-unknown	10	2723.2	2693.5	2747.5	0.020
codec-nounk-U	U-element-u-packed	U-element-u-packed	ascii	core-ffi-pull	decode	no-unknown	10	2647.6	2613.2	2682.5	0.026
codec-nounk-U	U-element-u-packed	U-element-u-packed	ascii	core-ffi-pull	decode-read	no-unknown	10	2768.4	2729.5	2943.1	0.077
codec-nounk-U	U-element-u-repeated	U-element-u-repeated	ascii	core-ffi-pull	decode	no-unknown	10	2660.5	2627.5	2929.4	0.113
codec-nounk-U	U-element-u-repeated	U-element-u-repeated	ascii	core-ffi-pull	decode-read	no-unknown	10	2770.1	2725.5	2783.5	0.021
codec-nounk-U	U-element-u-varint	U-element-u-varint	ascii	core-ffi-pull	decode	no-unknown	10	2644.1	2616.2	2666.1	0.019
codec-nounk-U	U-element-u-varint	U-element-u-varint	ascii	core-ffi-pull	decode-read	no-unknown	10	2743.5	2687.2	2952.1	0.097
codec-nounk-U	U-enum-value-127	U-enum-value-127	ascii	core-ffi-pull	decode	no-unknown	10	117.8	114.7	124.4	0.082
codec-nounk-U	U-enum-value-127	U-enum-value-127	ascii	core-ffi-pull	decode-read	no-unknown	10	128.8	125.7	153.3	0.215
codec-nounk-U	U-enum-value-2147483647	U-enum-value-2147483647	ascii	core-ffi-pull	decode	no-unknown	10	121.7	119.8	128.9	0.075
codec-nounk-U	U-enum-value-2147483647	U-enum-value-2147483647	ascii	core-ffi-pull	decode-read	no-unknown	10	131.9	125.9	161.2	0.267
codec-nounk-U	U-enum-value-999	U-enum-value-999	ascii	core-ffi-pull	decode	no-unknown	10	115.9	112.6	117.3	0.040
codec-nounk-U	U-enum-value-999	U-enum-value-999	ascii	core-ffi-pull	decode-read	no-unknown	10	125.9	123.4	129.0	0.044
codec-nounk-U	U-enum-value-packed	U-enum-value-packed	ascii	core-ffi-pull	decode	no-unknown	10	225.3	223.5	226.3	0.012
codec-nounk-U	U-enum-value-packed	U-enum-value-packed	ascii	core-ffi-pull	decode-read	no-unknown	10	229.6	226.5	230.7	0.018
codec-nounk-U	U-leaf-all	U-leaf-all	ascii	core-ffi-pull	decode	no-unknown	10	479.8	465.6	490.4	0.052
codec-nounk-U	U-leaf-all	U-leaf-all	ascii	core-ffi-pull	decode-read	no-unknown	10	489.9	475.1	495.9	0.042
codec-nounk-U	U-leaf-u-fixed32	U-leaf-u-fixed32	ascii	core-ffi-pull	decode	no-unknown	10	419.5	412.7	421.3	0.020
codec-nounk-U	U-leaf-u-fixed32	U-leaf-u-fixed32	ascii	core-ffi-pull	decode-read	no-unknown	10	402.6	399.1	415.8	0.041
codec-nounk-U	U-leaf-u-fixed64	U-leaf-u-fixed64	ascii	core-ffi-pull	decode	no-unknown	10	399.5	391.0	406.9	0.040
codec-nounk-U	U-leaf-u-fixed64	U-leaf-u-fixed64	ascii	core-ffi-pull	decode-read	no-unknown	10	431.4	425.0	442.4	0.040
codec-nounk-U	U-leaf-u-len	U-leaf-u-len	ascii	core-ffi-pull	decode	no-unknown	10	437.7	420.1	460.4	0.092
codec-nounk-U	U-leaf-u-len	U-leaf-u-len	ascii	core-ffi-pull	decode-read	no-unknown	10	342.1	336.1	354.0	0.052
codec-nounk-U	U-leaf-u-msg	U-leaf-u-msg	ascii	core-ffi-pull	decode	no-unknown	10	423.2	407.6	438.2	0.072
codec-nounk-U	U-leaf-u-msg	U-leaf-u-msg	ascii	core-ffi-pull	decode-read	no-unknown	10	428.7	424.0	433.3	0.022
codec-nounk-U	U-leaf-u-packed	U-leaf-u-packed	ascii	core-ffi-pull	decode	no-unknown	10	422.3	415.4	432.9	0.041
codec-nounk-U	U-leaf-u-packed	U-leaf-u-packed	ascii	core-ffi-pull	decode-read	no-unknown	10	433.1	428.3	447.0	0.043
codec-nounk-U	U-leaf-u-repeated	U-leaf-u-repeated	ascii	core-ffi-pull	decode	no-unknown	10	432.7	424.1	489.6	0.151
codec-nounk-U	U-leaf-u-repeated	U-leaf-u-repeated	ascii	core-ffi-pull	decode-read	no-unknown	10	442.3	436.9	449.6	0.029
codec-nounk-U	U-leaf-u-varint	U-leaf-u-varint	ascii	core-ffi-pull	decode	no-unknown	10	423.5	416.6	462.4	0.108
codec-nounk-U	U-leaf-u-varint	U-leaf-u-varint	ascii	core-ffi-pull	decode-read	no-unknown	10	433.5	428.6	440.0	0.026
codec-nounk-U	U-nested-all	U-nested-all	ascii	core-ffi-pull	decode	no-unknown	10	454.8	446.4	533.3	0.191
codec-nounk-U	U-nested-all	U-nested-all	ascii	core-ffi-pull	decode-read	no-unknown	10	468.8	461.5	477.1	0.033
codec-nounk-U	U-nested-before	U-nested-before	ascii	core-ffi-pull	decode	no-unknown	10	462.9	452.3	468.6	0.035
codec-nounk-U	U-nested-before	U-nested-before	ascii	core-ffi-pull	decode-read	no-unknown	10	476.0	464.7	480.4	0.033
codec-nounk-U	U-nested-group	U-nested-group	ascii	core-ffi-pull	decode	no-unknown	10	434.2	428.2	440.0	0.027
codec-nounk-U	U-nested-group	U-nested-group	ascii	core-ffi-pull	decode-read	no-unknown	10	446.6	442.1	454.1	0.027
codec-nounk-U	U-nested-interleaved	U-nested-interleaved	ascii	core-ffi-pull	decode	no-unknown	10	455.9	448.3	470.5	0.049
codec-nounk-U	U-nested-interleaved	U-nested-interleaved	ascii	core-ffi-pull	decode-read	no-unknown	10	465.3	453.4	470.6	0.037
codec-nounk-U	U-nested-u-fixed32	U-nested-u-fixed32	ascii	core-ffi-pull	decode	no-unknown	10	417.2	408.8	431.1	0.053
codec-nounk-U	U-nested-u-fixed32	U-nested-u-fixed32	ascii	core-ffi-pull	decode-read	no-unknown	10	432.0	420.3	454.9	0.080
codec-nounk-U	U-nested-u-fixed64	U-nested-u-fixed64	ascii	core-ffi-pull	decode	no-unknown	10	423.3	413.9	446.5	0.077
codec-nounk-U	U-nested-u-fixed64	U-nested-u-fixed64	ascii	core-ffi-pull	decode-read	no-unknown	10	433.7	423.2	459.9	0.084
codec-nounk-U	U-nested-u-len	U-nested-u-len	ascii	core-ffi-pull	decode	no-unknown	10	415.2	411.3	428.9	0.042
codec-nounk-U	U-nested-u-len	U-nested-u-len	ascii	core-ffi-pull	decode-read	no-unknown	10	427.4	420.9	430.7	0.023
codec-nounk-U	U-nested-u-msg	U-nested-u-msg	ascii	core-ffi-pull	decode	no-unknown	10	416.3	396.4	426.5	0.072
codec-nounk-U	U-nested-u-msg	U-nested-u-msg	ascii	core-ffi-pull	decode-read	no-unknown	10	348.4	336.1	358.2	0.063
codec-nounk-U	U-nested-u-packed	U-nested-u-packed	ascii	core-ffi-pull	decode	no-unknown	10	330.8	324.1	338.9	0.045
codec-nounk-U	U-nested-u-packed	U-nested-u-packed	ascii	core-ffi-pull	decode-read	no-unknown	10	334.8	330.6	343.9	0.040
codec-nounk-U	U-nested-u-repeated	U-nested-u-repeated	ascii	core-ffi-pull	decode	no-unknown	10	351.5	342.1	435.2	0.265
codec-nounk-U	U-nested-u-repeated	U-nested-u-repeated	ascii	core-ffi-pull	decode-read	no-unknown	10	443.1	428.2	456.8	0.065
codec-nounk-U	U-nested-u-varint	U-nested-u-varint	ascii	core-ffi-pull	decode	no-unknown	10	424.6	416.3	452.3	0.085
codec-nounk-U	U-nested-u-varint	U-nested-u-varint	ascii	core-ffi-pull	decode-read	no-unknown	10	441.0	413.0	460.4	0.107
codec-nounk-U	U-oneof-all	U-oneof-all	ascii	core-ffi-pull	decode	no-unknown	10	187.3	182.7	199.9	0.092
codec-nounk-U	U-oneof-all	U-oneof-all	ascii	core-ffi-pull	decode-read	no-unknown	10	195.1	189.7	199.6	0.051
codec-nounk-U	U-oneof-before	U-oneof-before	ascii	core-ffi-pull	decode	no-unknown	10	187.9	183.4	194.6	0.059
codec-nounk-U	U-oneof-before	U-oneof-before	ascii	core-ffi-pull	decode-read	no-unknown	10	191.8	186.6	200.6	0.073
codec-nounk-U	U-oneof-group	U-oneof-group	ascii	core-ffi-pull	decode	no-unknown	10	178.5	175.9	188.0	0.068
codec-nounk-U	U-oneof-group	U-oneof-group	ascii	core-ffi-pull	decode-read	no-unknown	10	182.8	180.0	188.6	0.047
codec-nounk-U	U-oneof-interleaved	U-oneof-interleaved	ascii	core-ffi-pull	decode	no-unknown	10	187.6	183.6	202.6	0.101
codec-nounk-U	U-oneof-interleaved	U-oneof-interleaved	ascii	core-ffi-pull	decode-read	no-unknown	10	192.2	189.0	198.2	0.048
codec-nounk-U	U-oneof-member-after-known	U-oneof-member-after-known	ascii	core-ffi-pull	decode	no-unknown	10	157.1	156.5	169.5	0.083
codec-nounk-U	U-oneof-member-after-known	U-oneof-member-after-known	ascii	core-ffi-pull	decode-read	no-unknown	10	164.9	163.8	180.6	0.102
codec-nounk-U	U-oneof-member-alone	U-oneof-member-alone	ascii	core-ffi-pull	decode	no-unknown	10	137.1	135.3	142.6	0.054
codec-nounk-U	U-oneof-member-alone	U-oneof-member-alone	ascii	core-ffi-pull	decode-read	no-unknown	10	139.3	138.1	140.7	0.019
codec-nounk-U	U-oneof-member-before-known	U-oneof-member-before-known	ascii	core-ffi-pull	decode	no-unknown	10	140.6	139.3	142.1	0.020
codec-nounk-U	U-oneof-member-before-known	U-oneof-member-before-known	ascii	core-ffi-pull	decode-read	no-unknown	10	145.6	143.4	148.3	0.033
codec-nounk-U	U-oneof-u-fixed32	U-oneof-u-fixed32	ascii	core-ffi-pull	decode	no-unknown	10	130.8	129.0	135.4	0.049
codec-nounk-U	U-oneof-u-fixed32	U-oneof-u-fixed32	ascii	core-ffi-pull	decode-read	no-unknown	10	135.2	133.7	135.9	0.016
codec-nounk-U	U-oneof-u-fixed64	U-oneof-u-fixed64	ascii	core-ffi-pull	decode	no-unknown	10	130.2	128.9	131.9	0.023
codec-nounk-U	U-oneof-u-fixed64	U-oneof-u-fixed64	ascii	core-ffi-pull	decode-read	no-unknown	10	127.9	126.6	129.0	0.019
codec-nounk-U	U-oneof-u-len	U-oneof-u-len	ascii	core-ffi-pull	decode	no-unknown	10	124.7	123.4	127.0	0.029
codec-nounk-U	U-oneof-u-len	U-oneof-u-len	ascii	core-ffi-pull	decode-read	no-unknown	10	127.9	126.9	129.3	0.019
codec-nounk-U	U-oneof-u-msg	U-oneof-u-msg	ascii	core-ffi-pull	decode	no-unknown	10	124.8	123.4	125.5	0.017
codec-nounk-U	U-oneof-u-msg	U-oneof-u-msg	ascii	core-ffi-pull	decode-read	no-unknown	10	128.1	126.7	129.1	0.019
codec-nounk-U	U-oneof-u-packed	U-oneof-u-packed	ascii	core-ffi-pull	decode	no-unknown	10	124.1	122.1	125.0	0.023
codec-nounk-U	U-oneof-u-packed	U-oneof-u-packed	ascii	core-ffi-pull	decode-read	no-unknown	10	163.9	161.2	166.5	0.033
codec-nounk-U	U-oneof-u-repeated	U-oneof-u-repeated	ascii	core-ffi-pull	decode	no-unknown	10	164.3	161.8	170.7	0.054
codec-nounk-U	U-oneof-u-repeated	U-oneof-u-repeated	ascii	core-ffi-pull	decode-read	no-unknown	10	168.3	165.9	169.9	0.023
codec-nounk-U	U-oneof-u-varint	U-oneof-u-varint	ascii	core-ffi-pull	decode	no-unknown	10	124.8	123.6	126.3	0.022
codec-nounk-U	U-oneof-u-varint	U-oneof-u-varint	ascii	core-ffi-pull	decode-read	no-unknown	10	129.8	128.7	136.1	0.057
codec-nounk-U	U-root-all	U-root-all	ascii	core-ffi-pull	decode	no-unknown	10	687.9	683.7	690.2	0.009
codec-nounk-U	U-root-all	U-root-all	ascii	core-ffi-pull	decode-read	no-unknown	10	706.0	699.1	711.6	0.018
codec-nounk-U	U-root-before	U-root-before	ascii	core-ffi-pull	decode	no-unknown	10	689.9	679.8	731.9	0.075
codec-nounk-U	U-root-before	U-root-before	ascii	core-ffi-pull	decode-read	no-unknown	10	723.9	707.2	752.7	0.063
codec-nounk-U	U-root-group	U-root-group	ascii	core-ffi-pull	decode	no-unknown	10	681.1	662.3	725.1	0.092
codec-nounk-U	U-root-group	U-root-group	ascii	core-ffi-pull	decode-read	no-unknown	10	698.0	692.4	711.5	0.027
codec-nounk-U	U-root-interleaved	U-root-interleaved	ascii	core-ffi-pull	decode	no-unknown	10	693.0	685.9	699.5	0.020
codec-nounk-U	U-root-interleaved	U-root-interleaved	ascii	core-ffi-pull	decode-read	no-unknown	10	722.5	704.4	742.5	0.053
codec-nounk-U	U-root-max-tag	U-root-max-tag	ascii	core-ffi-pull	decode	no-unknown	10	665.5	657.7	714.1	0.085
codec-nounk-U	U-root-max-tag	U-root-max-tag	ascii	core-ffi-pull	decode-read	no-unknown	10	717.0	681.5	728.9	0.066
codec-nounk-U	U-root-u-fixed32	U-root-u-fixed32	ascii	core-ffi-pull	decode	no-unknown	10	768.6	751.2	775.7	0.032
codec-nounk-U	U-root-u-fixed32	U-root-u-fixed32	ascii	core-ffi-pull	decode-read	no-unknown	10	805.2	785.7	838.7	0.066
codec-nounk-U	U-root-u-fixed64	U-root-u-fixed64	ascii	core-ffi-pull	decode	no-unknown	10	814.2	777.6	1004.1	0.278
codec-nounk-U	U-root-u-fixed64	U-root-u-fixed64	ascii	core-ffi-pull	decode-read	no-unknown	10	810.3	794.0	847.8	0.066
codec-nounk-U	U-root-u-len	U-root-u-len	ascii	core-ffi-pull	decode	no-unknown	10	771.5	723.8	805.4	0.106
codec-nounk-U	U-root-u-len	U-root-u-len	ascii	core-ffi-pull	decode-read	no-unknown	10	731.5	719.6	754.4	0.048
codec-nounk-U	U-root-u-msg	U-root-u-msg	ascii	core-ffi-pull	decode	no-unknown	10	716.3	705.6	748.5	0.060
codec-nounk-U	U-root-u-msg	U-root-u-msg	ascii	core-ffi-pull	decode-read	no-unknown	10	731.6	718.9	744.0	0.034
codec-nounk-U	U-root-u-packed	U-root-u-packed	ascii	core-ffi-pull	decode	no-unknown	10	769.5	751.6	790.8	0.051
codec-nounk-U	U-root-u-packed	U-root-u-packed	ascii	core-ffi-pull	decode-read	no-unknown	10	730.5	716.9	751.2	0.047
codec-nounk-U	U-root-u-repeated	U-root-u-repeated	ascii	core-ffi-pull	decode	no-unknown	10	709.4	702.1	717.2	0.021
codec-nounk-U	U-root-u-repeated	U-root-u-repeated	ascii	core-ffi-pull	decode-read	no-unknown	10	817.7	777.8	1115.3	0.413
codec-nounk-U	U-root-u-varint	U-root-u-varint	ascii	core-ffi-pull	decode	no-unknown	10	873.6	851.9	886.6	0.040
codec-nounk-U	U-root-u-varint	U-root-u-varint	ascii	core-ffi-pull	decode-read	no-unknown	10	902.0	873.2	1080.1	0.229
codec-nounk-U	U-wire-DualResponse-left-as-wt0	U-wire-DualResponse-left-as-wt0	ascii	core-ffi-pull	decode	no-unknown	10	276.9	272.8	504.3	0.836
codec-nounk-U	U-wire-DualResponse-left-as-wt0	U-wire-DualResponse-left-as-wt0	ascii	core-ffi-pull	decode-read	no-unknown	10	296.5	280.8	310.0	0.099
codec-nounk-U	U-wire-DualResponse-left-as-wt1	U-wire-DualResponse-left-as-wt1	ascii	core-ffi-pull	decode	no-unknown	10	264.7	256.3	274.7	0.070
codec-nounk-U	U-wire-DualResponse-left-as-wt1	U-wire-DualResponse-left-as-wt1	ascii	core-ffi-pull	decode-read	no-unknown	10	266.2	263.4	272.8	0.036
codec-nounk-U	U-wire-DualResponse-left-as-wt5	U-wire-DualResponse-left-as-wt5	ascii	core-ffi-pull	decode	no-unknown	10	272.2	269.5	341.1	0.263
codec-nounk-U	U-wire-DualResponse-left-as-wt5	U-wire-DualResponse-left-as-wt5	ascii	core-ffi-pull	decode-read	no-unknown	10	277.1	273.6	283.3	0.035
codec-nounk-U	U-wire-ListMetricsResponse-batches-as-wt0	U-wire-ListMetricsResponse-batches-as-wt0	ascii	core-ffi-pull	decode	no-unknown	10	1410.5	1370.0	1469.7	0.071
codec-nounk-U	U-wire-ListMetricsResponse-batches-as-wt0	U-wire-ListMetricsResponse-batches-as-wt0	ascii	core-ffi-pull	decode-read	no-unknown	10	1657.1	1563.5	1820.5	0.155
codec-nounk-U	U-wire-ListMetricsResponse-batches-as-wt1	U-wire-ListMetricsResponse-batches-as-wt1	ascii	core-ffi-pull	decode	no-unknown	10	1368.2	1346.9	1500.3	0.112
codec-nounk-U	U-wire-ListMetricsResponse-batches-as-wt1	U-wire-ListMetricsResponse-batches-as-wt1	ascii	core-ffi-pull	decode-read	no-unknown	10	1600.8	1569.5	1674.8	0.066
codec-nounk-U	U-wire-ListMetricsResponse-batches-as-wt5	U-wire-ListMetricsResponse-batches-as-wt5	ascii	core-ffi-pull	decode	no-unknown	10	1078.3	1031.9	1127.2	0.088
codec-nounk-U	U-wire-ListMetricsResponse-batches-as-wt5	U-wire-ListMetricsResponse-batches-as-wt5	ascii	core-ffi-pull	decode-read	no-unknown	10	1627.7	1563.6	1726.0	0.100
codec-nounk-U	U-wire-ListProbeResponse-probes-as-wt0	U-wire-ListProbeResponse-probes-as-wt0	ascii	core-ffi-pull	decode	no-unknown	10	319.8	316.1	324.4	0.026
codec-nounk-U	U-wire-ListProbeResponse-probes-as-wt0	U-wire-ListProbeResponse-probes-as-wt0	ascii	core-ffi-pull	decode-read	no-unknown	10	330.1	323.8	341.1	0.052
codec-nounk-U	U-wire-ListProbeResponse-probes-as-wt1	U-wire-ListProbeResponse-probes-as-wt1	ascii	core-ffi-pull	decode	no-unknown	10	321.2	314.6	433.0	0.368
codec-nounk-U	U-wire-ListProbeResponse-probes-as-wt1	U-wire-ListProbeResponse-probes-as-wt1	ascii	core-ffi-pull	decode-read	no-unknown	10	335.0	324.0	408.9	0.253
codec-nounk-U	U-wire-ListProbeResponse-probes-as-wt5	U-wire-ListProbeResponse-probes-as-wt5	ascii	core-ffi-pull	decode	no-unknown	10	323.1	317.6	330.9	0.041
codec-nounk-U	U-wire-ListProbeResponse-probes-as-wt5	U-wire-ListProbeResponse-probes-as-wt5	ascii	core-ffi-pull	decode-read	no-unknown	10	340.8	328.2	510.9	0.536
codec-nounk-U	U-wire-ListResultsResponse-page-as-wt1	U-wire-ListResultsResponse-page-as-wt1	ascii	core-ffi-pull	decode	no-unknown	10	852.5	835.3	1494.2	0.773
codec-nounk-U	U-wire-ListResultsResponse-page-as-wt1	U-wire-ListResultsResponse-page-as-wt1	ascii	core-ffi-pull	decode-read	no-unknown	10	874.8	860.5	1096.1	0.269
codec-nounk-U	U-wire-ListResultsResponse-page-as-wt2	U-wire-ListResultsResponse-page-as-wt2	ascii	core-ffi-pull	decode	no-unknown	10	869.9	833.3	1528.7	0.799
codec-nounk-U	U-wire-ListResultsResponse-page-as-wt2	U-wire-ListResultsResponse-page-as-wt2	ascii	core-ffi-pull	decode-read	no-unknown	10	871.6	856.0	918.9	0.072
codec-nounk-U	U-wire-ListResultsResponse-page-as-wt5	U-wire-ListResultsResponse-page-as-wt5	ascii	core-ffi-pull	decode	no-unknown	10	841.4	827.0	851.9	0.029
codec-nounk-U	U-wire-ListResultsResponse-page-as-wt5	U-wire-ListResultsResponse-page-as-wt5	ascii	core-ffi-pull	decode-read	no-unknown	10	878.8	866.4	916.0	0.056
codec-nounk-U	U-wire-ListResultsResponse-results-as-wt0	U-wire-ListResultsResponse-results-as-wt0	ascii	core-ffi-pull	decode	no-unknown	10	849.4	838.5	862.6	0.028
codec-nounk-U	U-wire-ListResultsResponse-results-as-wt0	U-wire-ListResultsResponse-results-as-wt0	ascii	core-ffi-pull	decode-read	no-unknown	10	872.7	862.2	905.6	0.050
codec-nounk-U	U-wire-ListResultsResponse-results-as-wt1	U-wire-ListResultsResponse-results-as-wt1	ascii	core-ffi-pull	decode	no-unknown	10	851.2	838.9	860.5	0.025
codec-nounk-U	U-wire-ListResultsResponse-results-as-wt1	U-wire-ListResultsResponse-results-as-wt1	ascii	core-ffi-pull	decode-read	no-unknown	10	872.1	860.0	903.5	0.050
codec-nounk-U	U-wire-ListResultsResponse-results-as-wt5	U-wire-ListResultsResponse-results-as-wt5	ascii	core-ffi-pull	decode	no-unknown	10	862.2	847.1	874.8	0.032
codec-nounk-U	U-wire-ListResultsResponse-results-as-wt5	U-wire-ListResultsResponse-results-as-wt5	ascii	core-ffi-pull	decode-read	no-unknown	10	886.2	871.0	914.1	0.049
codec-nounk-U	U-wire-ListTaskSummaryResponse-tasks-as-wt0	U-wire-ListTaskSummaryResponse-tasks-as-wt0	ascii	core-ffi-pull	decode	no-unknown	10	2500.7	2440.5	2547.8	0.043
codec-nounk-U	U-wire-ListTaskSummaryResponse-tasks-as-wt0	U-wire-ListTaskSummaryResponse-tasks-as-wt0	ascii	core-ffi-pull	decode-read	no-unknown	10	2563.1	2523.2	2713.5	0.074
codec-nounk-U	U-wire-ListTaskSummaryResponse-tasks-as-wt1	U-wire-ListTaskSummaryResponse-tasks-as-wt1	ascii	core-ffi-pull	decode	no-unknown	10	2491.5	2468.5	2511.1	0.017
codec-nounk-U	U-wire-ListTaskSummaryResponse-tasks-as-wt1	U-wire-ListTaskSummaryResponse-tasks-as-wt1	ascii	core-ffi-pull	decode-read	no-unknown	10	2593.2	2572.0	2629.2	0.022
codec-nounk-U	U-wire-ListTaskSummaryResponse-tasks-as-wt5	U-wire-ListTaskSummaryResponse-tasks-as-wt5	ascii	core-ffi-pull	decode	no-unknown	10	2509.6	2479.2	2538.5	0.024
codec-nounk-U	U-wire-ListTaskSummaryResponse-tasks-as-wt5	U-wire-ListTaskSummaryResponse-tasks-as-wt5	ascii	core-ffi-pull	decode-read	no-unknown	10	2575.4	2544.7	2706.1	0.063
codec-nounk-U	U-wire-ListTasksDetailedResponse-page-as-wt1	U-wire-ListTasksDetailedResponse-page-as-wt1	ascii	core-ffi-pull	decode	no-unknown	10	5540.8	5455.2	5754.5	0.054
codec-nounk-U	U-wire-ListTasksDetailedResponse-page-as-wt1	U-wire-ListTasksDetailedResponse-page-as-wt1	ascii	core-ffi-pull	decode-read	no-unknown	10	5814.6	5719.4	6115.2	0.068
codec-nounk-U	U-wire-ListTasksDetailedResponse-page-as-wt2	U-wire-ListTasksDetailedResponse-page-as-wt2	ascii	core-ffi-pull	decode	no-unknown	10	5597.3	5552.8	5916.6	0.065
codec-nounk-U	U-wire-ListTasksDetailedResponse-page-as-wt2	U-wire-ListTasksDetailedResponse-page-as-wt2	ascii	core-ffi-pull	decode-read	no-unknown	10	5748.3	5683.0	6069.4	0.067
codec-nounk-U	U-wire-ListTasksDetailedResponse-page-as-wt5	U-wire-ListTasksDetailedResponse-page-as-wt5	ascii	core-ffi-pull	decode	no-unknown	10	5604.4	5512.1	5806.7	0.053
codec-nounk-U	U-wire-ListTasksDetailedResponse-page-as-wt5	U-wire-ListTasksDetailedResponse-page-as-wt5	ascii	core-ffi-pull	decode-read	no-unknown	10	5864.9	5734.9	6129.1	0.067
codec-nounk-U	U-wire-ListTasksDetailedResponse-tasks-as-wt0	U-wire-ListTasksDetailedResponse-tasks-as-wt0	ascii	core-ffi-pull	decode	no-unknown	10	5740.7	5562.9	5818.9	0.045
codec-nounk-U	U-wire-ListTasksDetailedResponse-tasks-as-wt0	U-wire-ListTasksDetailedResponse-tasks-as-wt0	ascii	core-ffi-pull	decode-read	no-unknown	10	5810.5	5595.9	5936.4	0.059
codec-nounk-U	U-wire-ListTasksDetailedResponse-tasks-as-wt1	U-wire-ListTasksDetailedResponse-tasks-as-wt1	ascii	core-ffi-pull	decode	no-unknown	10	5670.0	5582.9	6058.4	0.084
codec-nounk-U	U-wire-ListTasksDetailedResponse-tasks-as-wt1	U-wire-ListTasksDetailedResponse-tasks-as-wt1	ascii	core-ffi-pull	decode-read	no-unknown	10	5863.8	5732.5	7258.0	0.260
codec-nounk-U	U-wire-ListTasksDetailedResponse-tasks-as-wt5	U-wire-ListTasksDetailedResponse-tasks-as-wt5	ascii	core-ffi-pull	decode	no-unknown	10	5722.6	5606.6	5915.0	0.054
codec-nounk-U	U-wire-ListTasksDetailedResponse-tasks-as-wt5	U-wire-ListTasksDetailedResponse-tasks-as-wt5	ascii	core-ffi-pull	decode-read	no-unknown	10	5889.2	5691.2	5989.8	0.051
codec-nounk-U	U-wire-UploadResultDataMessage-upload-as-wt0	U-wire-UploadResultDataMessage-upload-as-wt0	ascii	core-ffi-pull	decode	no-unknown	10	178.0	175.5	185.8	0.058
codec-nounk-U	U-wire-UploadResultDataMessage-upload-as-wt0	U-wire-UploadResultDataMessage-upload-as-wt0	ascii	core-ffi-pull	decode-read	no-unknown	10	181.4	174.4	183.3	0.049
codec-nounk-U	U-wire-UploadResultDataMessage-upload-as-wt1	U-wire-UploadResultDataMessage-upload-as-wt1	ascii	core-ffi-pull	decode	no-unknown	10	175.6	170.8	181.5	0.061
codec-nounk-U	U-wire-UploadResultDataMessage-upload-as-wt1	U-wire-UploadResultDataMessage-upload-as-wt1	ascii	core-ffi-pull	decode-read	no-unknown	10	177.7	175.1	183.3	0.046
codec-nounk-U	U-wire-UploadResultDataMessage-upload-as-wt5	U-wire-UploadResultDataMessage-upload-as-wt5	ascii	core-ffi-pull	decode	no-unknown	10	177.9	172.8	183.4	0.060
codec-nounk-U	U-wire-UploadResultDataMessage-upload-as-wt5	U-wire-UploadResultDataMessage-upload-as-wt5	ascii	core-ffi-pull	decode-read	no-unknown	10	180.0	176.8	185.5	0.049
