# engine:         BenchmarkDotNet 0.15.8.0 (CAMPAIGN.md 22a), toolchain BDN's default, ONE CHILD PROCESS PER CASE (the campaign's native isolation, req 22a as amended e6c909630); process CPU per iteration from the child's clock reads, each pair checked against BDN's wall measurement; the JIT tier is NOT read back (the children's JIT events are not visible here), so the jit check below is vacuous in this mode, pinned by the runner
# grid:           core (CAMPAIGN section 4.0, D18; AK_CAMPAIGN_GRID=core): arms incumbent-prod (full build only), core-ffi and host-gen (retain in the full build, no-unknown in its build); encode-transport-hot (end state ii, one hot graph) and decode-read; the 16 shapes, P7.1 decode only; Latin-1 and wide on P2.2 only; U-* rows U-nested-before, U-deep-u-repeated, U-oneof-u-repeated, U-wire-ListTaskSummaryResponse-tasks-as-wt5, U-wire-UploadResultDataMessage-upload-as-wt5, U-wire-ListMetricsResponse-batches-as-wt0, U-wire-DualResponse-left-as-wt5 (encode-transport-hot and decode-read). Extras left out (AK_CAMPAIGN_GRID=full runs them): incumbent-best, core-ffi-pull, bare decode, encode at end state (i) and with a pool input, decode-reencode, the drop mode, the incumbent in the no-unknown build, content sets on P1.2 and P2.4, the other U-* rows timed (all stay in the correctness checks)
# allocator:      default (readback at process start: a 16 MiB malloc came from the mmapped (mallinfo2; the block kept, never freed); no heap pre-grow (owner, 2026-10-03): BDN's warm-up runs the real call path, and minflt per row shows whether it sufficed; under the default toolchain each child probes once, on its case's first row as alloc_probe; GLIBC_TUNABLES=unset; CAMPAIGN req 25 as amended 2026-10-03, D9: the main figures run glibc's default allocator as production does; the pinned pass (glibc.malloc.trim_threshold=268435456:glibc.malloc.mmap_threshold=33554432) is a labelled diagnostic; every row carries `alloc` and `minflt`, the process's minor page faults over the iteration (getrusage, read by the job's clock beside the CPU clock), so faults per call = minflt / iters)
# runtime:        .NET 8.0.31; TieredCompilation=default TieredPGO=default (net8.0 defaults unless set); GC server=False, concurrent (default)
# incumbent:      Google.Protobuf 3.32.0
# build:          no-unknown (WP5 step 10; the loaded core checked to be the same variant by its u-family exports)
# managed codec:  plan utf8=reject unknown=drop
# job:            launch 2; 6 actual iterations (rounds) per case, 25 warm-up iterations (the same for every case) after BDN's jitting stage (1 overhead + 1 workload jitting invocation per case, logged by BDN in the .bdn.log, not exported) and pilot, iteration time 40 ms (the pilot picks the invocation count per case), strategy Throughput, EvaluateOverhead=false (no overhead subtraction anywhere)
# clocks:         per iteration (every row with round >= 1): wall (Stopwatch) AND process CPU (CLOCK_PROCESS_CPUTIME_ID of this process: every thread, GC and JIT included; CAMPAIGN req 21 as amended, R-H25), both read by the job's clock (CpuClock, Job.WithClock) at the start and end of the same iteration window, exported RAW (no outlier removal, no overhead subtraction); BDN's forced GCs between iterations are outside the window; the round-0 row of each case is a summary of the whole actual stage (span_cpu_ns, span_wall_ns), not a sample
# threads:        thread pool min 2 worker / 1 IO, max 32767 worker / 1000 IO, 0 pool thread(s) now; 2 logical CPUs visible; the codec suite creates no core runtime (no RPC call is made); the timed loop runs on BDN's one thread
# encode:         CAMPAIGN req 11 (R-H29): dir encode = pool input + reused buffer; encode-hot = one graph + reused buffer; encode-transport = pool + the Grpc.Net form; encode-transport-hot = one graph + the Grpc.Net form. Reused buffer: incumbent-prod CalculateSize + WriteTo(IBufferWriter) and incumbent-best WriteTo(IBufferWriter) into one BufWriter, host-gen into its one Enc, core-ffi into the core's encode buffer (ak_encode_*/ak_uencode_*; that buffer is also what cell C hands the core's transport, and host-gen's Enc what cell E hands it, so their transport forms on the core's transport ARE the buffer rows). Grpc.Net form (cells A, F, D): the serializer the RPC grid's marshaller runs (RootOps.SerInc/SerHost/SerFfi), into a frame like Grpc.Net.Client 2.71's GrpcCallSerializationContext: one ArrayPool array, the 5-byte gRPC header, the body, the array returned after (GrpcFrame.cs); incumbent-best has no gRPC path and no transport row. Pool: distinct graphs built in the case's setup whose RETAINED heap is >= 28835840 bytes (2 x AK_LLC_BYTES, default 13.75 MB; AK_POOL_BYTES overrides; per row pool_graphs and pool_bytes), round robin one graph per call; a hot input is a pool of one (the same Next() per call); graph construction is never in the timed window
# U-* rows:       CAMPAIGN req 7 (R-H27): the 92 accepted, non-disputed U-* rows at the shapes core's 7 ABI roots, through this timed shapes core: encode-hot (a graph the arm decoded from the row, untimed; retain arms re-emit the unknown fields, drop arms the dropped form), decode, decode-read, and decode-reencode (a labelled extra; no incumbent-best row)
# content sets:   CAMPAIGN req 7 (R-H26): ascii, latin1 and wide on P1.2, P2.2, P2.4; ascii only elsewhere
# order:          seeded shuffles (below); ratios, where the aggregation forms them, come from per-launch medians (CAMPAIGN req 30): every unit is its own process
# process unit:   all cases; this launch's unit order: core-ffi:no-unknown (a seeded shuffle, seed 15838; within this process the cases run in a seeded shuffle too, seed 209458, the 2 prime cases first; requirement 22 as amended, R-H23)
# warm-up:        BenchmarkDotNet's own, per case: its jitting stage, pilot and the warm-up iterations of the job line (req 24; WP9 addendum: no hand-written pre-warm and no settle wait; the 2 prime cases below are BDN cases); the JIT tier is read back per case and a case that measured hot code at tier 0 fails the unit outside --smoke (the jit check below)
# correctness:    3304 pre-timing checks passed (byte identity of every encode arm per payload and content set; every arm accepts every unknown row; on every unknown row core-ffi no-unknown and host-gen no-unknown re-encode to the same DROPPED form)
# cases:          15 exported, after 2 prime case(s) run first and not exported (copies of the first cases, content "prime"): BDN cases like any other, kept because without them the first case of a process measures BDN's own first-touched runtime helpers (SpanHelpers.Fill) at tier 0 (JOURNAL 51, 62)
# strings:        D21 string encode path AK_STR_ENC=E0 (E0 .NET UTF-8 into native staging + ak_tc_bytes; E1 the string pinned + ak_tc_utf16; E2 the C# transcoder callback into the core's buffer; ETH:<n> E1 from n UTF-16 units, E0 below); Cases.Verify checks every path's bytes
# memory:         AK_BDN_MEMORY=1: BenchmarkDotNet's MemoryDiagnoser (an exploration switch, not a campaign setting): one extra workload iteration per case AFTER the actual stage, at the actual stage's invocation count, outside the job's clock (no exported sample is affected); on each case's first sample row mem_alloc_bytes_per_op (GC.GetTotalAllocatedBytes(precise), every thread, divided by its operations), mem_gen = [gen0, gen1, gen2] collections during it, mem_ops its operations, mem_alloc_bytes its total
# cpus:           this process: 2 CPU(s) in its affinity mask (sched_getaffinity), Environment.ProcessorCount 2; single-CPU guard (JOURNAL 73): a timed process (host or BDN child) with ONE CPU is refused unless AK_ALLOW_SINGLE_CPU=1 (here: unset); each case's first row carries cpus_affinity, cpus_runtime and single_cpu_override as its own process saw them
// Validating benchmarks:
// ***** BenchmarkRunner: Start   *****
// ***** Found 17 benchmark(s) in total *****
// ***** Building 1 exe(s) in Parallel: Start   *****
Unable to find .sln or .csproj file. Will use current directory /home/user/ArmoniK.Api/ffi/poc/csharp to search for project file. If you don't use .sln file on purpose it should not be a problem.
// start dotnet  restore /p:AkNounk=true --nodeReuse:false /p:UseSharedCompilation=false /p:Deterministic=true /p:Optimize=true /p:ArtifactsPath="/home/user/ArmoniK.Api/ffi/poc/csharp/src/BenchDotNet/bin-nounk/Release/net8.0/BenchDotNet-campaign-1/" /p:OutDir="/home/user/ArmoniK.Api/ffi/poc/csharp/src/BenchDotNet/bin-nounk/Release/net8.0/BenchDotNet-campaign-1/bin/Release/net8.0/" /p:OutputPath="/home/user/ArmoniK.Api/ffi/poc/csharp/src/BenchDotNet/bin-nounk/Release/net8.0/BenchDotNet-campaign-1/bin/Release/net8.0/" /p:PublishDir="/home/user/ArmoniK.Api/ffi/poc/csharp/src/BenchDotNet/bin-nounk/Release/net8.0/BenchDotNet-campaign-1/publish/" in /home/user/ArmoniK.Api/ffi/poc/csharp/src/BenchDotNet/bin-nounk/Release/net8.0/BenchDotNet-campaign-1
// command took 1.83 sec and exited with 0
// start dotnet  build -c Release /p:AkNounk=true --no-restore --nodeReuse:false /p:UseSharedCompilation=false /p:Deterministic=true /p:Optimize=true /p:ArtifactsPath="/home/user/ArmoniK.Api/ffi/poc/csharp/src/BenchDotNet/bin-nounk/Release/net8.0/BenchDotNet-campaign-1/" /p:OutDir="/home/user/ArmoniK.Api/ffi/poc/csharp/src/BenchDotNet/bin-nounk/Release/net8.0/BenchDotNet-campaign-1/bin/Release/net8.0/" /p:OutputPath="/home/user/ArmoniK.Api/ffi/poc/csharp/src/BenchDotNet/bin-nounk/Release/net8.0/BenchDotNet-campaign-1/bin/Release/net8.0/" /p:PublishDir="/home/user/ArmoniK.Api/ffi/poc/csharp/src/BenchDotNet/bin-nounk/Release/net8.0/BenchDotNet-campaign-1/publish/" --output "/home/user/ArmoniK.Api/ffi/poc/csharp/src/BenchDotNet/bin-nounk/Release/net8.0/BenchDotNet-campaign-1/bin/Release/net8.0/" in /home/user/ArmoniK.Api/ffi/poc/csharp/src/BenchDotNet/bin-nounk/Release/net8.0/BenchDotNet-campaign-1
// command took 4.68 sec and exited with 0
// ***** Done, took 00:00:06 (6.61 sec)   *****
// Found 17 benchmarks:
//   CodecSuite.Run: campaign(EvaluateOverhead=False, Arguments=/p:AkNounk=true, Clock=Armonik.Ffi.Bdn.CpuClock, IterationCount=6, IterationTime=40ms, LaunchCount=1, RunStrategy=Throughput, WarmupCount=25) [Case=core-(...)known [46]]
//   CodecSuite.Run: campaign(EvaluateOverhead=False, Arguments=/p:AkNounk=true, Clock=Armonik.Ffi.Bdn.CpuClock, IterationCount=6, IterationTime=40ms, LaunchCount=1, RunStrategy=Throughput, WarmupCount=25) [Case=core-(...)known [46]]
//   CodecSuite.Run: campaign(EvaluateOverhead=False, Arguments=/p:AkNounk=true, Clock=Armonik.Ffi.Bdn.CpuClock, IterationCount=6, IterationTime=40ms, LaunchCount=1, RunStrategy=Throughput, WarmupCount=25) [Case=core-(...)known [86]]
//   CodecSuite.Run: campaign(EvaluateOverhead=False, Arguments=/p:AkNounk=true, Clock=Armonik.Ffi.Bdn.CpuClock, IterationCount=6, IterationTime=40ms, LaunchCount=1, RunStrategy=Throughput, WarmupCount=25) [Case=core-(...)known [46]]
//   CodecSuite.Run: campaign(EvaluateOverhead=False, Arguments=/p:AkNounk=true, Clock=Armonik.Ffi.Bdn.CpuClock, IterationCount=6, IterationTime=40ms, LaunchCount=1, RunStrategy=Throughput, WarmupCount=25) [Case=core-(...)known [46]]
//   CodecSuite.Run: campaign(EvaluateOverhead=False, Arguments=/p:AkNounk=true, Clock=Armonik.Ffi.Bdn.CpuClock, IterationCount=6, IterationTime=40ms, LaunchCount=1, RunStrategy=Throughput, WarmupCount=25) [Case=core-(...)known [60]]
//   CodecSuite.Run: campaign(EvaluateOverhead=False, Arguments=/p:AkNounk=true, Clock=Armonik.Ffi.Bdn.CpuClock, IterationCount=6, IterationTime=40ms, LaunchCount=1, RunStrategy=Throughput, WarmupCount=25) [Case=core-(...)known [46]]
//   CodecSuite.Run: campaign(EvaluateOverhead=False, Arguments=/p:AkNounk=true, Clock=Armonik.Ffi.Bdn.CpuClock, IterationCount=6, IterationTime=40ms, LaunchCount=1, RunStrategy=Throughput, WarmupCount=25) [Case=core-(...)known [58]]
//   CodecSuite.Run: campaign(EvaluateOverhead=False, Arguments=/p:AkNounk=true, Clock=Armonik.Ffi.Bdn.CpuClock, IterationCount=6, IterationTime=40ms, LaunchCount=1, RunStrategy=Throughput, WarmupCount=25) [Case=core-(...)known [46]]
//   CodecSuite.Run: campaign(EvaluateOverhead=False, Arguments=/p:AkNounk=true, Clock=Armonik.Ffi.Bdn.CpuClock, IterationCount=6, IterationTime=40ms, LaunchCount=1, RunStrategy=Throughput, WarmupCount=25) [Case=core-(...)known [74]]
//   CodecSuite.Run: campaign(EvaluateOverhead=False, Arguments=/p:AkNounk=true, Clock=Armonik.Ffi.Bdn.CpuClock, IterationCount=6, IterationTime=40ms, LaunchCount=1, RunStrategy=Throughput, WarmupCount=25) [Case=core-(...)known [45]]
//   CodecSuite.Run: campaign(EvaluateOverhead=False, Arguments=/p:AkNounk=true, Clock=Armonik.Ffi.Bdn.CpuClock, IterationCount=6, IterationTime=40ms, LaunchCount=1, RunStrategy=Throughput, WarmupCount=25) [Case=core-(...)known [47]]
//   CodecSuite.Run: campaign(EvaluateOverhead=False, Arguments=/p:AkNounk=true, Clock=Armonik.Ffi.Bdn.CpuClock, IterationCount=6, IterationTime=40ms, LaunchCount=1, RunStrategy=Throughput, WarmupCount=25) [Case=core-(...)known [87]]
//   CodecSuite.Run: campaign(EvaluateOverhead=False, Arguments=/p:AkNounk=true, Clock=Armonik.Ffi.Bdn.CpuClock, IterationCount=6, IterationTime=40ms, LaunchCount=1, RunStrategy=Throughput, WarmupCount=25) [Case=core-(...)known [61]]
//   CodecSuite.Run: campaign(EvaluateOverhead=False, Arguments=/p:AkNounk=true, Clock=Armonik.Ffi.Bdn.CpuClock, IterationCount=6, IterationTime=40ms, LaunchCount=1, RunStrategy=Throughput, WarmupCount=25) [Case=core-(...)known [46]]
//   CodecSuite.Run: campaign(EvaluateOverhead=False, Arguments=/p:AkNounk=true, Clock=Armonik.Ffi.Bdn.CpuClock, IterationCount=6, IterationTime=40ms, LaunchCount=1, RunStrategy=Throughput, WarmupCount=25) [Case=core-(...)known [84]]
//   CodecSuite.Run: campaign(EvaluateOverhead=False, Arguments=/p:AkNounk=true, Clock=Armonik.Ffi.Bdn.CpuClock, IterationCount=6, IterationTime=40ms, LaunchCount=1, RunStrategy=Throughput, WarmupCount=25) [Case=core-(...)known [46]]

// **************************
// Benchmark: CodecSuite.Run: campaign(EvaluateOverhead=False, Arguments=/p:AkNounk=true, Clock=Armonik.Ffi.Bdn.CpuClock, IterationCount=6, IterationTime=40ms, LaunchCount=1, RunStrategy=Throughput, WarmupCount=25) [Case=core-(...)known [46]]
// *** Execute ***
// Launch: 1 / 1
// Execute: dotnet BenchDotNet-campaign-1.dll --anonymousPipes 143 144 --benchmarkName "Armonik.Ffi.Bdn.CodecSuite.Run(Case: \"core-ffi|encode-core-hot|P2.2|prime|no-unknown\")" --job campaign --benchmarkId 0 in /home/user/ArmoniK.Api/ffi/poc/csharp/src/BenchDotNet/bin-nounk/Release/net8.0/BenchDotNet-campaign-1/bin/Release/net8.0
// BeforeAnythingElse

// Benchmark Process Environment Information:
// BenchmarkDotNet v0.15.8
// Runtime=.NET 8.0.31 (8.0.31, 8.0.3126.42015), X64 RyuJIT x86-64-v4
// GC=Concurrent Workstation
// HardwareIntrinsics=AVX512 F+BW+CD+DQ+VL,AVX2+BMI1+BMI2+F16C+FMA+LZCNT+MOVBE,AVX,SSE3+SSSE3+SSE4.1+SSE4.2+POPCNT,X86Base+SSE+SSE2,AES+PCLMUL VectorSize=256
// Job: campaign(EvaluateOverhead=False, Clock=Armonik.Ffi.Bdn.CpuClock, IterationCount=6, IterationTime=40ms, LaunchCount=1, RunStrategy=Throughput, WarmupCount=25)

OverheadJitting  1: 1 op, 226929.00 ns, 226.9290 us/op
WorkloadJitting  1: 1 op, 11472731.00 ns, 11.4727 ms/op

WorkloadPilot    1: 4 op, 13869837.00 ns, 3.4675 ms/op
WorkloadPilot    2: 12 op, 21744231.00 ns, 1.8120 ms/op
WorkloadPilot    3: 22 op, 26958622.00 ns, 1.2254 ms/op
WorkloadPilot    4: 33 op, 41765976.00 ns, 1.2656 ms/op

WorkloadWarmup   1: 33 op, 40987235.00 ns, 1.2420 ms/op
WorkloadWarmup   2: 33 op, 40031830.00 ns, 1.2131 ms/op
WorkloadWarmup   3: 33 op, 43392494.00 ns, 1.3149 ms/op
WorkloadWarmup   4: 33 op, 34551543.00 ns, 1.0470 ms/op
WorkloadWarmup   5: 33 op, 42619943.00 ns, 1.2915 ms/op
WorkloadWarmup   6: 33 op, 28141294.00 ns, 852.7665 us/op
WorkloadWarmup   7: 33 op, 28334511.00 ns, 858.6215 us/op
WorkloadWarmup   8: 33 op, 28154094.00 ns, 853.1544 us/op
WorkloadWarmup   9: 33 op, 28364680.00 ns, 859.5358 us/op
WorkloadWarmup  10: 33 op, 27983526.00 ns, 847.9856 us/op
WorkloadWarmup  11: 33 op, 28225181.00 ns, 855.3085 us/op
WorkloadWarmup  12: 33 op, 28188575.00 ns, 854.1992 us/op
WorkloadWarmup  13: 33 op, 28046802.00 ns, 849.9031 us/op
WorkloadWarmup  14: 33 op, 28071207.00 ns, 850.6426 us/op
WorkloadWarmup  15: 33 op, 28118534.00 ns, 852.0768 us/op
WorkloadWarmup  16: 33 op, 28122654.00 ns, 852.2016 us/op
WorkloadWarmup  17: 33 op, 28256733.00 ns, 856.2646 us/op
WorkloadWarmup  18: 33 op, 28477368.00 ns, 862.9505 us/op
WorkloadWarmup  19: 33 op, 28107172.00 ns, 851.7325 us/op
WorkloadWarmup  20: 33 op, 28129858.00 ns, 852.4199 us/op
WorkloadWarmup  21: 33 op, 28419828.00 ns, 861.2069 us/op
WorkloadWarmup  22: 33 op, 28127011.00 ns, 852.3337 us/op
WorkloadWarmup  23: 33 op, 28063958.00 ns, 850.4230 us/op
WorkloadWarmup  24: 33 op, 28061157.00 ns, 850.3381 us/op
WorkloadWarmup  25: 33 op, 28150623.00 ns, 853.0492 us/op

// BeforeActualRun
WorkloadActual   1: 33 op, 28674271.00 ns, 868.9173 us/op
WorkloadActual   2: 33 op, 30431164.00 ns, 922.1565 us/op
WorkloadActual   3: 33 op, 28439173.00 ns, 861.7931 us/op
WorkloadActual   4: 33 op, 28749871.00 ns, 871.2082 us/op
WorkloadActual   5: 33 op, 28807836.00 ns, 872.9647 us/op
WorkloadActual   6: 33 op, 28487390.00 ns, 863.2542 us/op

// AfterActualRun
WorkloadResult   1: 33 op, 28674271.00 ns, 868.9173 us/op
WorkloadResult   2: 33 op, 28439173.00 ns, 861.7931 us/op
WorkloadResult   3: 33 op, 28749871.00 ns, 871.2082 us/op
WorkloadResult   4: 33 op, 28807836.00 ns, 872.9647 us/op
WorkloadResult   5: 33 op, 28487390.00 ns, 863.2542 us/op
// GC:  0 0 0 0 33
// Threading:  0 0 33

// AfterAll
// Benchmark Process 30681 has exited with code 0.

Mean = 867.628 us, StdErr = 2.192 us (0.25%), N = 5, StdDev = 4.902 us
Min = 861.793 us, Q1 = 863.254 us, Median = 868.917 us, Q3 = 871.208 us, Max = 872.965 us
IQR = 7.954 us, LowerFence = 851.323 us, UpperFence = 883.139 us
ConfidenceInterval = [848.750 us; 886.505 us] (CI 99.9%), Margin = 18.878 us (2.18% of Mean)
Skewness = -0.14, Kurtosis = 0.87, MValue = 2

// ** Remained 16 (94.1 %) benchmark(s) to run. Estimated finish 2026-10-05 2:02 (0h 0m from now) **
// **************************
// Benchmark: CodecSuite.Run: campaign(EvaluateOverhead=False, Arguments=/p:AkNounk=true, Clock=Armonik.Ffi.Bdn.CpuClock, IterationCount=6, IterationTime=40ms, LaunchCount=1, RunStrategy=Throughput, WarmupCount=25) [Case=core-(...)known [46]]
// *** Execute ***
// Launch: 1 / 1
// Execute: dotnet BenchDotNet-campaign-1.dll --anonymousPipes 143 144 --benchmarkName "Armonik.Ffi.Bdn.CodecSuite.Run(Case: \"core-ffi|encode-core-hot|P1.2|prime|no-unknown\")" --job campaign --benchmarkId 1 in /home/user/ArmoniK.Api/ffi/poc/csharp/src/BenchDotNet/bin-nounk/Release/net8.0/BenchDotNet-campaign-1/bin/Release/net8.0
// BeforeAnythingElse

// Benchmark Process Environment Information:
// BenchmarkDotNet v0.15.8
// Runtime=.NET 8.0.31 (8.0.31, 8.0.3126.42015), X64 RyuJIT x86-64-v4
// GC=Concurrent Workstation
// HardwareIntrinsics=AVX512 F+BW+CD+DQ+VL,AVX2+BMI1+BMI2+F16C+FMA+LZCNT+MOVBE,AVX,SSE3+SSSE3+SSE4.1+SSE4.2+POPCNT,X86Base+SSE+SSE2,AES+PCLMUL VectorSize=256
// Job: campaign(EvaluateOverhead=False, Clock=Armonik.Ffi.Bdn.CpuClock, IterationCount=6, IterationTime=40ms, LaunchCount=1, RunStrategy=Throughput, WarmupCount=25)

OverheadJitting  1: 1 op, 220594.00 ns, 220.5940 us/op
WorkloadJitting  1: 1 op, 4810509.00 ns, 4.8105 ms/op

WorkloadPilot    1: 4 op, 1437084.00 ns, 359.2710 us/op
WorkloadPilot    2: 111 op, 37885169.00 ns, 341.3078 us/op
WorkloadPilot    3: 117 op, 39340312.00 ns, 336.2420 us/op
WorkloadPilot    4: 119 op, 39841429.00 ns, 334.8019 us/op

WorkloadWarmup   1: 119 op, 38587457.00 ns, 324.2643 us/op
WorkloadWarmup   2: 119 op, 38680831.00 ns, 325.0490 us/op
WorkloadWarmup   3: 119 op, 39101625.00 ns, 328.5851 us/op
WorkloadWarmup   4: 119 op, 44216675.00 ns, 371.5687 us/op
WorkloadWarmup   5: 119 op, 24186008.00 ns, 203.2438 us/op
WorkloadWarmup   6: 119 op, 27036401.00 ns, 227.1966 us/op
WorkloadWarmup   7: 119 op, 24045138.00 ns, 202.0600 us/op
WorkloadWarmup   8: 119 op, 23387470.00 ns, 196.5334 us/op
WorkloadWarmup   9: 119 op, 23645897.00 ns, 198.7050 us/op
WorkloadWarmup  10: 119 op, 24225089.00 ns, 203.5722 us/op
WorkloadWarmup  11: 119 op, 23689351.00 ns, 199.0702 us/op
WorkloadWarmup  12: 119 op, 23829694.00 ns, 200.2495 us/op
WorkloadWarmup  13: 119 op, 23858477.00 ns, 200.4914 us/op
WorkloadWarmup  14: 119 op, 26638693.00 ns, 223.8546 us/op
WorkloadWarmup  15: 119 op, 23748442.00 ns, 199.5667 us/op
WorkloadWarmup  16: 119 op, 23633349.00 ns, 198.5996 us/op
WorkloadWarmup  17: 119 op, 23681494.00 ns, 199.0042 us/op
WorkloadWarmup  18: 119 op, 24203208.00 ns, 203.3883 us/op
WorkloadWarmup  19: 119 op, 29884537.00 ns, 251.1306 us/op
WorkloadWarmup  20: 119 op, 24644833.00 ns, 207.0994 us/op
WorkloadWarmup  21: 119 op, 24169631.00 ns, 203.1061 us/op
WorkloadWarmup  22: 119 op, 23818219.00 ns, 200.1531 us/op
WorkloadWarmup  23: 119 op, 28404594.00 ns, 238.6941 us/op
WorkloadWarmup  24: 119 op, 23899670.00 ns, 200.8376 us/op
WorkloadWarmup  25: 119 op, 23546377.00 ns, 197.8687 us/op

// BeforeActualRun
WorkloadActual   1: 119 op, 23521312.00 ns, 197.6581 us/op
WorkloadActual   2: 119 op, 24392372.00 ns, 204.9779 us/op
WorkloadActual   3: 119 op, 23940176.00 ns, 201.1779 us/op
WorkloadActual   4: 119 op, 23696875.00 ns, 199.1334 us/op
WorkloadActual   5: 119 op, 23636587.00 ns, 198.6268 us/op
WorkloadActual   6: 119 op, 26253998.00 ns, 220.6218 us/op

// AfterActualRun
WorkloadResult   1: 119 op, 23521312.00 ns, 197.6581 us/op
WorkloadResult   2: 119 op, 24392372.00 ns, 204.9779 us/op
WorkloadResult   3: 119 op, 23940176.00 ns, 201.1779 us/op
WorkloadResult   4: 119 op, 23696875.00 ns, 199.1334 us/op
WorkloadResult   5: 119 op, 23636587.00 ns, 198.6268 us/op
// GC:  0 0 0 0 119
// Threading:  0 0 119

// AfterAll
// Benchmark Process 30695 has exited with code 0.

Mean = 200.315 us, StdErr = 1.300 us (0.65%), N = 5, StdDev = 2.907 us
Min = 197.658 us, Q1 = 198.627 us, Median = 199.133 us, Q3 = 201.178 us, Max = 204.978 us
IQR = 2.551 us, LowerFence = 194.800 us, UpperFence = 205.005 us
ConfidenceInterval = [189.123 us; 211.507 us] (CI 99.9%), Margin = 11.192 us (5.59% of Mean)
Skewness = 0.63, Kurtosis = 1.49, MValue = 2

// ** Remained 15 (88.2 %) benchmark(s) to run. Estimated finish 2026-10-05 2:02 (0h 0m from now) **
// **************************
// Benchmark: CodecSuite.Run: campaign(EvaluateOverhead=False, Arguments=/p:AkNounk=true, Clock=Armonik.Ffi.Bdn.CpuClock, IterationCount=6, IterationTime=40ms, LaunchCount=1, RunStrategy=Throughput, WarmupCount=25) [Case=core-(...)known [86]]
// *** Execute ***
// Launch: 1 / 1
// Execute: dotnet BenchDotNet-campaign-1.dll --anonymousPipes 143 144 --benchmarkName "Armonik.Ffi.Bdn.CodecSuite.Run(Case: \"core-ffi|encode-core-hot|U-wire-ListTaskSummaryResponse-tasks-as-wt5|corpus|no-unknown\")" --job campaign --benchmarkId 2 in /home/user/ArmoniK.Api/ffi/poc/csharp/src/BenchDotNet/bin-nounk/Release/net8.0/BenchDotNet-campaign-1/bin/Release/net8.0
// BeforeAnythingElse

// Benchmark Process Environment Information:
// BenchmarkDotNet v0.15.8
// Runtime=.NET 8.0.31 (8.0.31, 8.0.3126.42015), X64 RyuJIT x86-64-v4
// GC=Concurrent Workstation
// HardwareIntrinsics=AVX512 F+BW+CD+DQ+VL,AVX2+BMI1+BMI2+F16C+FMA+LZCNT+MOVBE,AVX,SSE3+SSSE3+SSE4.1+SSE4.2+POPCNT,X86Base+SSE+SSE2,AES+PCLMUL VectorSize=256
// Job: campaign(EvaluateOverhead=False, Clock=Armonik.Ffi.Bdn.CpuClock, IterationCount=6, IterationTime=40ms, LaunchCount=1, RunStrategy=Throughput, WarmupCount=25)

OverheadJitting  1: 1 op, 286799.00 ns, 286.7990 us/op
WorkloadJitting  1: 1 op, 5059014.00 ns, 5.0590 ms/op

WorkloadPilot    1: 4 op, 21230.00 ns, 5.3075 us/op
WorkloadPilot    2: 7537 op, 17677806.00 ns, 2.3455 us/op
WorkloadPilot    3: 17054 op, 39701729.00 ns, 2.3280 us/op
WorkloadPilot    4: 17182 op, 39476897.00 ns, 2.2976 us/op
WorkloadPilot    5: 17410 op, 39706747.00 ns, 2.2807 us/op
WorkloadPilot    6: 17539 op, 46787341.00 ns, 2.6676 us/op
WorkloadPilot    7: 14995 op, 17653617.00 ns, 1.1773 us/op
WorkloadPilot    8: 33976 op, 39297566.00 ns, 1.1566 us/op
WorkloadPilot    9: 34583 op, 39631786.00 ns, 1.1460 us/op
WorkloadPilot   10: 34904 op, 40233562.00 ns, 1.1527 us/op
WorkloadPilot   11: 34701 op, 39969791.00 ns, 1.1518 us/op
WorkloadPilot   12: 34727 op, 46872794.00 ns, 1.3498 us/op

WorkloadWarmup   1: 34727 op, 39700231.00 ns, 1.1432 us/op
WorkloadWarmup   2: 34727 op, 40228423.00 ns, 1.1584 us/op
WorkloadWarmup   3: 34727 op, 40052327.00 ns, 1.1533 us/op
WorkloadWarmup   4: 34727 op, 40793715.00 ns, 1.1747 us/op
WorkloadWarmup   5: 34727 op, 66754396.00 ns, 1.9223 us/op
WorkloadWarmup   6: 34727 op, 40535650.00 ns, 1.1673 us/op
WorkloadWarmup   7: 34727 op, 40511760.00 ns, 1.1666 us/op
WorkloadWarmup   8: 34727 op, 43078341.00 ns, 1.2405 us/op
WorkloadWarmup   9: 34727 op, 41632087.00 ns, 1.1988 us/op
WorkloadWarmup  10: 34727 op, 41954460.00 ns, 1.2081 us/op
WorkloadWarmup  11: 34727 op, 41803471.00 ns, 1.2038 us/op
WorkloadWarmup  12: 34727 op, 41077916.00 ns, 1.1829 us/op
WorkloadWarmup  13: 34727 op, 42803846.00 ns, 1.2326 us/op
WorkloadWarmup  14: 34727 op, 41255091.00 ns, 1.1880 us/op
WorkloadWarmup  15: 34727 op, 41148616.00 ns, 1.1849 us/op
WorkloadWarmup  16: 34727 op, 40537383.00 ns, 1.1673 us/op
WorkloadWarmup  17: 34727 op, 40116923.00 ns, 1.1552 us/op
WorkloadWarmup  18: 34727 op, 40979244.00 ns, 1.1800 us/op
WorkloadWarmup  19: 34727 op, 42682801.00 ns, 1.2291 us/op
WorkloadWarmup  20: 34727 op, 42241602.00 ns, 1.2164 us/op
WorkloadWarmup  21: 34727 op, 42597121.00 ns, 1.2266 us/op
WorkloadWarmup  22: 34727 op, 49184172.00 ns, 1.4163 us/op
WorkloadWarmup  23: 34727 op, 41650190.00 ns, 1.1994 us/op
WorkloadWarmup  24: 34727 op, 39643483.00 ns, 1.1416 us/op
WorkloadWarmup  25: 34727 op, 39380603.00 ns, 1.1340 us/op

// BeforeActualRun
WorkloadActual   1: 34727 op, 39463479.00 ns, 1.1364 us/op
WorkloadActual   2: 34727 op, 39407382.00 ns, 1.1348 us/op
WorkloadActual   3: 34727 op, 39482625.00 ns, 1.1369 us/op
WorkloadActual   4: 34727 op, 40308061.00 ns, 1.1607 us/op
WorkloadActual   5: 34727 op, 43722402.00 ns, 1.2590 us/op
WorkloadActual   6: 34727 op, 43035693.00 ns, 1.2393 us/op

// AfterActualRun
WorkloadResult   1: 34727 op, 39463479.00 ns, 1.1364 us/op
WorkloadResult   2: 34727 op, 39407382.00 ns, 1.1348 us/op
WorkloadResult   3: 34727 op, 39482625.00 ns, 1.1369 us/op
WorkloadResult   4: 34727 op, 40308061.00 ns, 1.1607 us/op
WorkloadResult   5: 34727 op, 43722402.00 ns, 1.2590 us/op
WorkloadResult   6: 34727 op, 43035693.00 ns, 1.2393 us/op
// GC:  0 0 0 0 34727
// Threading:  0 0 34727

// AfterAll
// Benchmark Process 30704 has exited with code 0.

Mean = 1.178 us, StdErr = 0.023 us (1.95%), N = 6, StdDev = 0.056 us
Min = 1.135 us, Q1 = 1.137 us, Median = 1.149 us, Q3 = 1.220 us, Max = 1.259 us
IQR = 0.083 us, LowerFence = 1.012 us, UpperFence = 1.344 us
ConfidenceInterval = [1.020 us; 1.336 us] (CI 99.9%), Margin = 0.158 us (13.43% of Mean)
Skewness = 0.5, Kurtosis = 1.1, MValue = 2

// ** Remained 14 (82.4 %) benchmark(s) to run. Estimated finish 2026-10-05 2:02 (0h 0m from now) **
// **************************
// Benchmark: CodecSuite.Run: campaign(EvaluateOverhead=False, Arguments=/p:AkNounk=true, Clock=Armonik.Ffi.Bdn.CpuClock, IterationCount=6, IterationTime=40ms, LaunchCount=1, RunStrategy=Throughput, WarmupCount=25) [Case=core-(...)known [46]]
// *** Execute ***
// Launch: 1 / 1
// Execute: dotnet BenchDotNet-campaign-1.dll --anonymousPipes 143 144 --benchmarkName "Armonik.Ffi.Bdn.CodecSuite.Run(Case: \"core-ffi|encode-core-hot|P4.1|ascii|no-unknown\")" --job campaign --benchmarkId 3 in /home/user/ArmoniK.Api/ffi/poc/csharp/src/BenchDotNet/bin-nounk/Release/net8.0/BenchDotNet-campaign-1/bin/Release/net8.0
// BeforeAnythingElse

// Benchmark Process Environment Information:
// BenchmarkDotNet v0.15.8
// Runtime=.NET 8.0.31 (8.0.31, 8.0.3126.42015), X64 RyuJIT x86-64-v4
// GC=Concurrent Workstation
// HardwareIntrinsics=AVX512 F+BW+CD+DQ+VL,AVX2+BMI1+BMI2+F16C+FMA+LZCNT+MOVBE,AVX,SSE3+SSSE3+SSE4.1+SSE4.2+POPCNT,X86Base+SSE+SSE2,AES+PCLMUL VectorSize=256
// Job: campaign(EvaluateOverhead=False, Clock=Armonik.Ffi.Bdn.CpuClock, IterationCount=6, IterationTime=40ms, LaunchCount=1, RunStrategy=Throughput, WarmupCount=25)

OverheadJitting  1: 1 op, 435208.00 ns, 435.2080 us/op
WorkloadJitting  1: 1 op, 5652971.00 ns, 5.6530 ms/op

WorkloadPilot    1: 4 op, 996197.00 ns, 249.0493 us/op
WorkloadPilot    2: 161 op, 39201378.00 ns, 243.4868 us/op
WorkloadPilot    3: 164 op, 39603756.00 ns, 241.4863 us/op
WorkloadPilot    4: 166 op, 36435510.00 ns, 219.4910 us/op
WorkloadPilot    5: 182 op, 39808985.00 ns, 218.7307 us/op

WorkloadWarmup   1: 182 op, 38674021.00 ns, 212.4946 us/op
WorkloadWarmup   2: 182 op, 38777838.00 ns, 213.0650 us/op
WorkloadWarmup   3: 182 op, 44569072.00 ns, 244.8850 us/op
WorkloadWarmup   4: 182 op, 25212789.00 ns, 138.5318 us/op
WorkloadWarmup   5: 182 op, 22232822.00 ns, 122.1584 us/op
WorkloadWarmup   6: 182 op, 21154708.00 ns, 116.2347 us/op
WorkloadWarmup   7: 182 op, 21729309.00 ns, 119.3918 us/op
WorkloadWarmup   8: 182 op, 21581985.00 ns, 118.5823 us/op
WorkloadWarmup   9: 182 op, 21876899.00 ns, 120.2027 us/op
WorkloadWarmup  10: 182 op, 25492354.00 ns, 140.0679 us/op
WorkloadWarmup  11: 182 op, 21162999.00 ns, 116.2802 us/op
WorkloadWarmup  12: 182 op, 22094235.00 ns, 121.3969 us/op
WorkloadWarmup  13: 182 op, 21048927.00 ns, 115.6534 us/op
WorkloadWarmup  14: 182 op, 23222719.00 ns, 127.5974 us/op
WorkloadWarmup  15: 182 op, 26287910.00 ns, 144.4391 us/op
WorkloadWarmup  16: 182 op, 21109685.00 ns, 115.9873 us/op
WorkloadWarmup  17: 182 op, 23348659.00 ns, 128.2893 us/op
WorkloadWarmup  18: 182 op, 22063142.00 ns, 121.2261 us/op
WorkloadWarmup  19: 182 op, 23940385.00 ns, 131.5406 us/op
WorkloadWarmup  20: 182 op, 22543439.00 ns, 123.8650 us/op
WorkloadWarmup  21: 182 op, 24170292.00 ns, 132.8038 us/op
WorkloadWarmup  22: 182 op, 21584704.00 ns, 118.5973 us/op
WorkloadWarmup  23: 182 op, 21577243.00 ns, 118.5563 us/op
WorkloadWarmup  24: 182 op, 21084498.00 ns, 115.8489 us/op
WorkloadWarmup  25: 182 op, 22362444.00 ns, 122.8706 us/op

// BeforeActualRun
WorkloadActual   1: 182 op, 23854909.00 ns, 131.0709 us/op
WorkloadActual   2: 182 op, 23302303.00 ns, 128.0346 us/op
WorkloadActual   3: 182 op, 24875996.00 ns, 136.6813 us/op
WorkloadActual   4: 182 op, 22320505.00 ns, 122.6401 us/op
WorkloadActual   5: 182 op, 22541517.00 ns, 123.8545 us/op
WorkloadActual   6: 182 op, 21028451.00 ns, 115.5409 us/op

// AfterActualRun
WorkloadResult   1: 182 op, 23854909.00 ns, 131.0709 us/op
WorkloadResult   2: 182 op, 23302303.00 ns, 128.0346 us/op
WorkloadResult   3: 182 op, 24875996.00 ns, 136.6813 us/op
WorkloadResult   4: 182 op, 22320505.00 ns, 122.6401 us/op
WorkloadResult   5: 182 op, 22541517.00 ns, 123.8545 us/op
WorkloadResult   6: 182 op, 21028451.00 ns, 115.5409 us/op
// GC:  0 0 0 0 182
// Threading:  0 0 182

// AfterAll
// Benchmark Process 30717 has exited with code 0.

Mean = 126.304 us, StdErr = 2.993 us (2.37%), N = 6, StdDev = 7.330 us
Min = 115.541 us, Q1 = 122.944 us, Median = 125.945 us, Q3 = 130.312 us, Max = 136.681 us
IQR = 7.368 us, LowerFence = 111.892 us, UpperFence = 141.364 us
ConfidenceInterval = [105.748 us; 146.860 us] (CI 99.9%), Margin = 20.556 us (16.27% of Mean)
Skewness = -0.03, Kurtosis = 1.49, MValue = 2

// ** Remained 13 (76.5 %) benchmark(s) to run. Estimated finish 2026-10-05 2:02 (0h 0m from now) **
// **************************
// Benchmark: CodecSuite.Run: campaign(EvaluateOverhead=False, Arguments=/p:AkNounk=true, Clock=Armonik.Ffi.Bdn.CpuClock, IterationCount=6, IterationTime=40ms, LaunchCount=1, RunStrategy=Throughput, WarmupCount=25) [Case=core-(...)known [46]]
// *** Execute ***
// Launch: 1 / 1
// Execute: dotnet BenchDotNet-campaign-1.dll --anonymousPipes 143 144 --benchmarkName "Armonik.Ffi.Bdn.CodecSuite.Run(Case: \"core-ffi|encode-core-hot|P2.4|ascii|no-unknown\")" --job campaign --benchmarkId 4 in /home/user/ArmoniK.Api/ffi/poc/csharp/src/BenchDotNet/bin-nounk/Release/net8.0/BenchDotNet-campaign-1/bin/Release/net8.0
// BeforeAnythingElse

// Benchmark Process Environment Information:
// BenchmarkDotNet v0.15.8
// Runtime=.NET 8.0.31 (8.0.31, 8.0.3126.42015), X64 RyuJIT x86-64-v4
// GC=Concurrent Workstation
// HardwareIntrinsics=AVX512 F+BW+CD+DQ+VL,AVX2+BMI1+BMI2+F16C+FMA+LZCNT+MOVBE,AVX,SSE3+SSSE3+SSE4.1+SSE4.2+POPCNT,X86Base+SSE+SSE2,AES+PCLMUL VectorSize=256
// Job: campaign(EvaluateOverhead=False, Clock=Armonik.Ffi.Bdn.CpuClock, IterationCount=6, IterationTime=40ms, LaunchCount=1, RunStrategy=Throughput, WarmupCount=25)

OverheadJitting  1: 1 op, 276122.00 ns, 276.1220 us/op
WorkloadJitting  1: 1 op, 12045826.00 ns, 12.0458 ms/op

WorkloadPilot    1: 4 op, 10805892.00 ns, 2.7015 ms/op
WorkloadPilot    2: 15 op, 20615546.00 ns, 1.3744 ms/op
WorkloadPilot    3: 29 op, 40902957.00 ns, 1.4104 ms/op

WorkloadWarmup   1: 29 op, 40042100.00 ns, 1.3808 ms/op
WorkloadWarmup   2: 29 op, 42030003.00 ns, 1.4493 ms/op
WorkloadWarmup   3: 29 op, 38717695.00 ns, 1.3351 ms/op
WorkloadWarmup   4: 29 op, 28881236.00 ns, 995.9047 us/op
WorkloadWarmup   5: 29 op, 25195622.00 ns, 868.8146 us/op
WorkloadWarmup   6: 29 op, 24200299.00 ns, 834.4931 us/op
WorkloadWarmup   7: 29 op, 24626165.00 ns, 849.1781 us/op
WorkloadWarmup   8: 29 op, 30032376.00 ns, 1.0356 ms/op
WorkloadWarmup   9: 29 op, 22628337.00 ns, 780.2875 us/op
WorkloadWarmup  10: 29 op, 25467432.00 ns, 878.1873 us/op
WorkloadWarmup  11: 29 op, 31407317.00 ns, 1.0830 ms/op
WorkloadWarmup  12: 29 op, 35727393.00 ns, 1.2320 ms/op
WorkloadWarmup  13: 29 op, 24888899.00 ns, 858.2379 us/op
WorkloadWarmup  14: 29 op, 23093973.00 ns, 796.3439 us/op
WorkloadWarmup  15: 29 op, 24210223.00 ns, 834.8353 us/op
WorkloadWarmup  16: 29 op, 22546827.00 ns, 777.4768 us/op
WorkloadWarmup  17: 29 op, 25185639.00 ns, 868.4703 us/op
WorkloadWarmup  18: 29 op, 24750737.00 ns, 853.4737 us/op
WorkloadWarmup  19: 29 op, 24707896.00 ns, 851.9964 us/op
WorkloadWarmup  20: 29 op, 28322427.00 ns, 976.6354 us/op
WorkloadWarmup  21: 29 op, 38220022.00 ns, 1.3179 ms/op
WorkloadWarmup  22: 29 op, 25414585.00 ns, 876.3650 us/op
WorkloadWarmup  23: 29 op, 23814986.00 ns, 821.2064 us/op
WorkloadWarmup  24: 29 op, 22369156.00 ns, 771.3502 us/op
WorkloadWarmup  25: 29 op, 24134083.00 ns, 832.2098 us/op

// BeforeActualRun
WorkloadActual   1: 29 op, 23844283.00 ns, 822.2167 us/op
WorkloadActual   2: 29 op, 31540899.00 ns, 1.0876 ms/op
WorkloadActual   3: 29 op, 22218157.00 ns, 766.1433 us/op
WorkloadActual   4: 29 op, 26823188.00 ns, 924.9375 us/op
WorkloadActual   5: 29 op, 23577512.00 ns, 813.0177 us/op
WorkloadActual   6: 29 op, 23755844.00 ns, 819.1670 us/op

// AfterActualRun
WorkloadResult   1: 29 op, 23844283.00 ns, 822.2167 us/op
WorkloadResult   2: 29 op, 22218157.00 ns, 766.1433 us/op
WorkloadResult   3: 29 op, 26823188.00 ns, 924.9375 us/op
WorkloadResult   4: 29 op, 23577512.00 ns, 813.0177 us/op
WorkloadResult   5: 29 op, 23755844.00 ns, 819.1670 us/op
// GC:  0 0 0 0 29
// Threading:  0 0 29

// AfterAll
// Benchmark Process 30726 has exited with code 0.

Mean = 829.096 us, StdErr = 26.032 us (3.14%), N = 5, StdDev = 58.209 us
Min = 766.143 us, Q1 = 813.018 us, Median = 819.167 us, Q3 = 822.217 us, Max = 924.938 us
IQR = 9.199 us, LowerFence = 799.219 us, UpperFence = 836.015 us
ConfidenceInterval = [604.955 us; 1,053.238 us] (CI 99.9%), Margin = 224.141 us (27.03% of Mean)
Skewness = 0.63, Kurtosis = 1.74, MValue = 2

// ** Remained 12 (70.6 %) benchmark(s) to run. Estimated finish 2026-10-05 2:02 (0h 0m from now) **
// **************************
// Benchmark: CodecSuite.Run: campaign(EvaluateOverhead=False, Arguments=/p:AkNounk=true, Clock=Armonik.Ffi.Bdn.CpuClock, IterationCount=6, IterationTime=40ms, LaunchCount=1, RunStrategy=Throughput, WarmupCount=25) [Case=core-(...)known [60]]
// *** Execute ***
// Launch: 1 / 1
// Execute: dotnet BenchDotNet-campaign-1.dll --anonymousPipes 143 144 --benchmarkName "Armonik.Ffi.Bdn.CodecSuite.Run(Case: \"core-ffi|encode-core-hot|U-deep-u-repeated|corpus|no-unknown\")" --job campaign --benchmarkId 5 in /home/user/ArmoniK.Api/ffi/poc/csharp/src/BenchDotNet/bin-nounk/Release/net8.0/BenchDotNet-campaign-1/bin/Release/net8.0
// BeforeAnythingElse

// Benchmark Process Environment Information:
// BenchmarkDotNet v0.15.8
// Runtime=.NET 8.0.31 (8.0.31, 8.0.3126.42015), X64 RyuJIT x86-64-v4
// GC=Concurrent Workstation
// HardwareIntrinsics=AVX512 F+BW+CD+DQ+VL,AVX2+BMI1+BMI2+F16C+FMA+LZCNT+MOVBE,AVX,SSE3+SSSE3+SSE4.1+SSE4.2+POPCNT,X86Base+SSE+SSE2,AES+PCLMUL VectorSize=256
// Job: campaign(EvaluateOverhead=False, Clock=Armonik.Ffi.Bdn.CpuClock, IterationCount=6, IterationTime=40ms, LaunchCount=1, RunStrategy=Throughput, WarmupCount=25)

OverheadJitting  1: 1 op, 279820.00 ns, 279.8200 us/op
WorkloadJitting  1: 1 op, 12661621.00 ns, 12.6616 ms/op

WorkloadPilot    1: 4 op, 27770.00 ns, 6.9425 us/op
WorkloadPilot    2: 5762 op, 14719288.00 ns, 2.5545 us/op
WorkloadPilot    3: 15658 op, 43394780.00 ns, 2.7714 us/op
WorkloadPilot    4: 14433 op, 35656090.00 ns, 2.4705 us/op
WorkloadPilot    5: 16191 op, 38724092.00 ns, 2.3917 us/op
WorkloadPilot    6: 16724 op, 44593834.00 ns, 2.6665 us/op
WorkloadPilot    7: 15001 op, 19137548.00 ns, 1.2758 us/op
WorkloadPilot    8: 31354 op, 40015967.00 ns, 1.2763 us/op

WorkloadWarmup   1: 31354 op, 40480614.00 ns, 1.2911 us/op
WorkloadWarmup   2: 31354 op, 40335057.00 ns, 1.2864 us/op
WorkloadWarmup   3: 31354 op, 40144802.00 ns, 1.2804 us/op
WorkloadWarmup   4: 31354 op, 40762347.00 ns, 1.3001 us/op
WorkloadWarmup   5: 31354 op, 41012621.00 ns, 1.3081 us/op
WorkloadWarmup   6: 31354 op, 40015830.00 ns, 1.2763 us/op
WorkloadWarmup   7: 31354 op, 39825172.00 ns, 1.2702 us/op
WorkloadWarmup   8: 31354 op, 39991095.00 ns, 1.2755 us/op
WorkloadWarmup   9: 31354 op, 40099023.00 ns, 1.2789 us/op
WorkloadWarmup  10: 31354 op, 40063688.00 ns, 1.2778 us/op
WorkloadWarmup  11: 31354 op, 39909555.00 ns, 1.2729 us/op
WorkloadWarmup  12: 31354 op, 40214279.00 ns, 1.2826 us/op
WorkloadWarmup  13: 31354 op, 39909400.00 ns, 1.2729 us/op
WorkloadWarmup  14: 31354 op, 40174755.00 ns, 1.2813 us/op
WorkloadWarmup  15: 31354 op, 40296930.00 ns, 1.2852 us/op
WorkloadWarmup  16: 31354 op, 40158534.00 ns, 1.2808 us/op
WorkloadWarmup  17: 31354 op, 45581834.00 ns, 1.4538 us/op
WorkloadWarmup  18: 31354 op, 41092502.00 ns, 1.3106 us/op
WorkloadWarmup  19: 31354 op, 41128656.00 ns, 1.3118 us/op
WorkloadWarmup  20: 31354 op, 40165908.00 ns, 1.2810 us/op
WorkloadWarmup  21: 31354 op, 40009238.00 ns, 1.2760 us/op
WorkloadWarmup  22: 31354 op, 40740317.00 ns, 1.2994 us/op
WorkloadWarmup  23: 31354 op, 42751373.00 ns, 1.3635 us/op
WorkloadWarmup  24: 31354 op, 40352620.00 ns, 1.2870 us/op
WorkloadWarmup  25: 31354 op, 40638865.00 ns, 1.2961 us/op

// BeforeActualRun
WorkloadActual   1: 31354 op, 41371517.00 ns, 1.3195 us/op
WorkloadActual   2: 31354 op, 47902490.00 ns, 1.5278 us/op
WorkloadActual   3: 31354 op, 43531801.00 ns, 1.3884 us/op
WorkloadActual   4: 31354 op, 47496052.00 ns, 1.5148 us/op
WorkloadActual   5: 31354 op, 40962482.00 ns, 1.3065 us/op
WorkloadActual   6: 31354 op, 40144839.00 ns, 1.2804 us/op

// AfterActualRun
WorkloadResult   1: 31354 op, 41371517.00 ns, 1.3195 us/op
WorkloadResult   2: 31354 op, 47902490.00 ns, 1.5278 us/op
WorkloadResult   3: 31354 op, 43531801.00 ns, 1.3884 us/op
WorkloadResult   4: 31354 op, 47496052.00 ns, 1.5148 us/op
WorkloadResult   5: 31354 op, 40962482.00 ns, 1.3065 us/op
WorkloadResult   6: 31354 op, 40144839.00 ns, 1.2804 us/op
// GC:  0 0 0 0 31354
// Threading:  0 0 31354

// AfterAll
// Benchmark Process 30735 has exited with code 0.

Mean = 1.390 us, StdErr = 0.044 us (3.18%), N = 6, StdDev = 0.108 us
Min = 1.280 us, Q1 = 1.310 us, Median = 1.354 us, Q3 = 1.483 us, Max = 1.528 us
IQR = 0.174 us, LowerFence = 1.049 us, UpperFence = 1.743 us
ConfidenceInterval = [1.086 us; 1.693 us] (CI 99.9%), Margin = 0.303 us (21.84% of Mean)
Skewness = 0.31, Kurtosis = 1, MValue = 2

// ** Remained 11 (64.7 %) benchmark(s) to run. Estimated finish 2026-10-05 2:02 (0h 0m from now) **
// **************************
// Benchmark: CodecSuite.Run: campaign(EvaluateOverhead=False, Arguments=/p:AkNounk=true, Clock=Armonik.Ffi.Bdn.CpuClock, IterationCount=6, IterationTime=40ms, LaunchCount=1, RunStrategy=Throughput, WarmupCount=25) [Case=core-(...)known [46]]
// *** Execute ***
// Launch: 1 / 1
// Execute: dotnet BenchDotNet-campaign-1.dll --anonymousPipes 143 144 --benchmarkName "Armonik.Ffi.Bdn.CodecSuite.Run(Case: \"core-ffi|encode-core-hot|P1.2|ascii|no-unknown\")" --job campaign --benchmarkId 6 in /home/user/ArmoniK.Api/ffi/poc/csharp/src/BenchDotNet/bin-nounk/Release/net8.0/BenchDotNet-campaign-1/bin/Release/net8.0
// BeforeAnythingElse

// Benchmark Process Environment Information:
// BenchmarkDotNet v0.15.8
// Runtime=.NET 8.0.31 (8.0.31, 8.0.3126.42015), X64 RyuJIT x86-64-v4
// GC=Concurrent Workstation
// HardwareIntrinsics=AVX512 F+BW+CD+DQ+VL,AVX2+BMI1+BMI2+F16C+FMA+LZCNT+MOVBE,AVX,SSE3+SSSE3+SSE4.1+SSE4.2+POPCNT,X86Base+SSE+SSE2,AES+PCLMUL VectorSize=256
// Job: campaign(EvaluateOverhead=False, Clock=Armonik.Ffi.Bdn.CpuClock, IterationCount=6, IterationTime=40ms, LaunchCount=1, RunStrategy=Throughput, WarmupCount=25)

OverheadJitting  1: 1 op, 223557.00 ns, 223.5570 us/op
WorkloadJitting  1: 1 op, 5109372.00 ns, 5.1094 ms/op

WorkloadPilot    1: 4 op, 1654893.00 ns, 413.7233 us/op
WorkloadPilot    2: 97 op, 35210788.00 ns, 362.9978 us/op
WorkloadPilot    3: 110 op, 36974887.00 ns, 336.1353 us/op
WorkloadPilot    4: 119 op, 40305407.00 ns, 338.7009 us/op

WorkloadWarmup   1: 119 op, 39967472.00 ns, 335.8611 us/op
WorkloadWarmup   2: 119 op, 40126792.00 ns, 337.1999 us/op
WorkloadWarmup   3: 119 op, 39133787.00 ns, 328.8554 us/op
WorkloadWarmup   4: 119 op, 43468042.00 ns, 365.2777 us/op
WorkloadWarmup   5: 119 op, 23287232.00 ns, 195.6910 us/op
WorkloadWarmup   6: 119 op, 23952624.00 ns, 201.2826 us/op
WorkloadWarmup   7: 119 op, 23615168.00 ns, 198.4468 us/op
WorkloadWarmup   8: 119 op, 23224092.00 ns, 195.1604 us/op
WorkloadWarmup   9: 119 op, 27392398.00 ns, 230.1882 us/op
WorkloadWarmup  10: 119 op, 24197800.00 ns, 203.3429 us/op
WorkloadWarmup  11: 119 op, 26903222.00 ns, 226.0775 us/op
WorkloadWarmup  12: 119 op, 29134888.00 ns, 244.8310 us/op
WorkloadWarmup  13: 119 op, 23619944.00 ns, 198.4869 us/op
WorkloadWarmup  14: 119 op, 23793235.00 ns, 199.9432 us/op
WorkloadWarmup  15: 119 op, 24649953.00 ns, 207.1425 us/op
WorkloadWarmup  16: 119 op, 25531072.00 ns, 214.5468 us/op
WorkloadWarmup  17: 119 op, 25954198.00 ns, 218.1025 us/op
WorkloadWarmup  18: 119 op, 25547590.00 ns, 214.6856 us/op
WorkloadWarmup  19: 119 op, 23617546.00 ns, 198.4668 us/op
WorkloadWarmup  20: 119 op, 23434325.00 ns, 196.9271 us/op
WorkloadWarmup  21: 119 op, 23417905.00 ns, 196.7891 us/op
WorkloadWarmup  22: 119 op, 23300934.00 ns, 195.8062 us/op
WorkloadWarmup  23: 119 op, 30357351.00 ns, 255.1038 us/op
WorkloadWarmup  24: 119 op, 23785713.00 ns, 199.8799 us/op
WorkloadWarmup  25: 119 op, 23645784.00 ns, 198.7041 us/op

// BeforeActualRun
WorkloadActual   1: 119 op, 23843607.00 ns, 200.3664 us/op
WorkloadActual   2: 119 op, 24447230.00 ns, 205.4389 us/op
WorkloadActual   3: 119 op, 23782690.00 ns, 199.8545 us/op
WorkloadActual   4: 119 op, 26207123.00 ns, 220.2279 us/op
WorkloadActual   5: 119 op, 24423089.00 ns, 205.2360 us/op
WorkloadActual   6: 119 op, 23506955.00 ns, 197.5374 us/op

// AfterActualRun
WorkloadResult   1: 119 op, 23843607.00 ns, 200.3664 us/op
WorkloadResult   2: 119 op, 24447230.00 ns, 205.4389 us/op
WorkloadResult   3: 119 op, 23782690.00 ns, 199.8545 us/op
WorkloadResult   4: 119 op, 24423089.00 ns, 205.2360 us/op
WorkloadResult   5: 119 op, 23506955.00 ns, 197.5374 us/op
// GC:  0 0 0 0 119
// Threading:  0 0 119

// AfterAll
// Benchmark Process 30747 has exited with code 0.

Mean = 201.687 us, StdErr = 1.565 us (0.78%), N = 5, StdDev = 3.500 us
Min = 197.537 us, Q1 = 199.855 us, Median = 200.366 us, Q3 = 205.236 us, Max = 205.439 us
IQR = 5.382 us, LowerFence = 191.782 us, UpperFence = 213.308 us
ConfidenceInterval = [188.210 us; 215.163 us] (CI 99.9%), Margin = 13.476 us (6.68% of Mean)
Skewness = 0.08, Kurtosis = 0.89, MValue = 2

// ** Remained 10 (58.8 %) benchmark(s) to run. Estimated finish 2026-10-05 2:02 (0h 0m from now) **
// **************************
// Benchmark: CodecSuite.Run: campaign(EvaluateOverhead=False, Arguments=/p:AkNounk=true, Clock=Armonik.Ffi.Bdn.CpuClock, IterationCount=6, IterationTime=40ms, LaunchCount=1, RunStrategy=Throughput, WarmupCount=25) [Case=core-(...)known [58]]
// *** Execute ***
// Launch: 1 / 1
// Execute: dotnet BenchDotNet-campaign-1.dll --anonymousPipes 143 144 --benchmarkName "Armonik.Ffi.Bdn.CodecSuite.Run(Case: \"core-ffi|encode-core-hot|U-nested-before|corpus|no-unknown\")" --job campaign --benchmarkId 7 in /home/user/ArmoniK.Api/ffi/poc/csharp/src/BenchDotNet/bin-nounk/Release/net8.0/BenchDotNet-campaign-1/bin/Release/net8.0
// BeforeAnythingElse

// Benchmark Process Environment Information:
// BenchmarkDotNet v0.15.8
// Runtime=.NET 8.0.31 (8.0.31, 8.0.3126.42015), X64 RyuJIT x86-64-v4
// GC=Concurrent Workstation
// HardwareIntrinsics=AVX512 F+BW+CD+DQ+VL,AVX2+BMI1+BMI2+F16C+FMA+LZCNT+MOVBE,AVX,SSE3+SSSE3+SSE4.1+SSE4.2+POPCNT,X86Base+SSE+SSE2,AES+PCLMUL VectorSize=256
// Job: campaign(EvaluateOverhead=False, Clock=Armonik.Ffi.Bdn.CpuClock, IterationCount=6, IterationTime=40ms, LaunchCount=1, RunStrategy=Throughput, WarmupCount=25)

OverheadJitting  1: 1 op, 263962.00 ns, 263.9620 us/op
WorkloadJitting  1: 1 op, 3909321.00 ns, 3.9093 ms/op

WorkloadPilot    1: 4 op, 14885.00 ns, 3.7213 us/op
WorkloadPilot    2: 10749 op, 6356656.00 ns, 591.3718 ns/op
WorkloadPilot    3: 67639 op, 37019485.00 ns, 547.3098 ns/op
WorkloadPilot    4: 73085 op, 40032974.00 ns, 547.7591 ns/op
WorkloadPilot    5: 73025 op, 39868758.00 ns, 545.9604 ns/op
WorkloadPilot    6: 73265 op, 55257763.00 ns, 754.2177 ns/op
WorkloadPilot    7: 53035 op, 23442494.00 ns, 442.0193 ns/op
WorkloadPilot    8: 90494 op, 23018687.00 ns, 254.3670 ns/op
WorkloadPilot    9: 157253 op, 37733267.00 ns, 239.9526 ns/op
WorkloadPilot   10: 166700 op, 40966614.00 ns, 245.7505 ns/op

WorkloadWarmup   1: 166700 op, 39362652.00 ns, 236.1287 ns/op
WorkloadWarmup   2: 166700 op, 39628882.00 ns, 237.7257 ns/op
WorkloadWarmup   3: 166700 op, 40276256.00 ns, 241.6092 ns/op
WorkloadWarmup   4: 166700 op, 39646761.00 ns, 237.8330 ns/op
WorkloadWarmup   5: 166700 op, 44690584.00 ns, 268.0899 ns/op
WorkloadWarmup   6: 166700 op, 40321231.00 ns, 241.8790 ns/op
WorkloadWarmup   7: 166700 op, 39461594.00 ns, 236.7222 ns/op
WorkloadWarmup   8: 166700 op, 40274369.00 ns, 241.5979 ns/op
WorkloadWarmup   9: 166700 op, 39460712.00 ns, 236.7169 ns/op
WorkloadWarmup  10: 166700 op, 39720572.00 ns, 238.2758 ns/op
WorkloadWarmup  11: 166700 op, 66573333.00 ns, 399.3601 ns/op
WorkloadWarmup  12: 166700 op, 39236173.00 ns, 235.3700 ns/op
WorkloadWarmup  13: 166700 op, 39387082.00 ns, 236.2752 ns/op
WorkloadWarmup  14: 166700 op, 40057640.00 ns, 240.2978 ns/op
WorkloadWarmup  15: 166700 op, 39744018.00 ns, 238.4164 ns/op
WorkloadWarmup  16: 166700 op, 45149269.00 ns, 270.8414 ns/op
WorkloadWarmup  17: 166700 op, 39389062.00 ns, 236.2871 ns/op
WorkloadWarmup  18: 166700 op, 40205101.00 ns, 241.1824 ns/op
WorkloadWarmup  19: 166700 op, 39620656.00 ns, 237.6764 ns/op
WorkloadWarmup  20: 166700 op, 39833187.00 ns, 238.9513 ns/op
WorkloadWarmup  21: 166700 op, 39547063.00 ns, 237.2349 ns/op
WorkloadWarmup  22: 166700 op, 43073581.00 ns, 258.3898 ns/op
WorkloadWarmup  23: 166700 op, 39171258.00 ns, 234.9806 ns/op
WorkloadWarmup  24: 166700 op, 39357883.00 ns, 236.1001 ns/op
WorkloadWarmup  25: 166700 op, 39529232.00 ns, 237.1280 ns/op

// BeforeActualRun
WorkloadActual   1: 166700 op, 40085255.00 ns, 240.4634 ns/op
WorkloadActual   2: 166700 op, 40104433.00 ns, 240.5785 ns/op
WorkloadActual   3: 166700 op, 39471050.00 ns, 236.7789 ns/op
WorkloadActual   4: 166700 op, 42011206.00 ns, 252.0168 ns/op
WorkloadActual   5: 166700 op, 39658395.00 ns, 237.9028 ns/op
WorkloadActual   6: 166700 op, 40174060.00 ns, 240.9962 ns/op

// AfterActualRun
WorkloadResult   1: 166700 op, 40085255.00 ns, 240.4634 ns/op
WorkloadResult   2: 166700 op, 40104433.00 ns, 240.5785 ns/op
WorkloadResult   3: 166700 op, 39471050.00 ns, 236.7789 ns/op
WorkloadResult   4: 166700 op, 39658395.00 ns, 237.9028 ns/op
WorkloadResult   5: 166700 op, 40174060.00 ns, 240.9962 ns/op
// GC:  0 0 0 0 166700
// Threading:  0 0 166700

// AfterAll
// Benchmark Process 30756 has exited with code 0.

Mean = 239.344 ns, StdErr = 0.842 ns (0.35%), N = 5, StdDev = 1.882 ns
Min = 236.779 ns, Q1 = 237.903 ns, Median = 240.463 ns, Q3 = 240.578 ns, Max = 240.996 ns
IQR = 2.676 ns, LowerFence = 233.889 ns, UpperFence = 244.592 ns
ConfidenceInterval = [232.098 ns; 246.590 ns] (CI 99.9%), Margin = 7.246 ns (3.03% of Mean)
Skewness = -0.36, Kurtosis = 0.94, MValue = 2

// ** Remained 9 (52.9 %) benchmark(s) to run. Estimated finish 2026-10-05 2:02 (0h 0m from now) **
// **************************
// Benchmark: CodecSuite.Run: campaign(EvaluateOverhead=False, Arguments=/p:AkNounk=true, Clock=Armonik.Ffi.Bdn.CpuClock, IterationCount=6, IterationTime=40ms, LaunchCount=1, RunStrategy=Throughput, WarmupCount=25) [Case=core-(...)known [46]]
// *** Execute ***
// Launch: 1 / 1
// Execute: dotnet BenchDotNet-campaign-1.dll --anonymousPipes 143 144 --benchmarkName "Armonik.Ffi.Bdn.CodecSuite.Run(Case: \"core-ffi|encode-core-hot|P2.5|ascii|no-unknown\")" --job campaign --benchmarkId 8 in /home/user/ArmoniK.Api/ffi/poc/csharp/src/BenchDotNet/bin-nounk/Release/net8.0/BenchDotNet-campaign-1/bin/Release/net8.0
// BeforeAnythingElse

// Benchmark Process Environment Information:
// BenchmarkDotNet v0.15.8
// Runtime=.NET 8.0.31 (8.0.31, 8.0.3126.42015), X64 RyuJIT x86-64-v4
// GC=Concurrent Workstation
// HardwareIntrinsics=AVX512 F+BW+CD+DQ+VL,AVX2+BMI1+BMI2+F16C+FMA+LZCNT+MOVBE,AVX,SSE3+SSSE3+SSE4.1+SSE4.2+POPCNT,X86Base+SSE+SSE2,AES+PCLMUL VectorSize=256
// Job: campaign(EvaluateOverhead=False, Clock=Armonik.Ffi.Bdn.CpuClock, IterationCount=6, IterationTime=40ms, LaunchCount=1, RunStrategy=Throughput, WarmupCount=25)

OverheadJitting  1: 1 op, 341603.00 ns, 341.6030 us/op
WorkloadJitting  1: 1 op, 9608338.00 ns, 9.6083 ms/op

WorkloadPilot    1: 4 op, 209440.00 ns, 52.3600 us/op
WorkloadPilot    2: 764 op, 35262269.00 ns, 46.1548 us/op
WorkloadPilot    3: 867 op, 38502772.00 ns, 44.4092 us/op
WorkloadPilot    4: 901 op, 39049236.00 ns, 43.3399 us/op
WorkloadPilot    5: 923 op, 41916114.00 ns, 45.4129 us/op
WorkloadPilot    6: 881 op, 56273400.00 ns, 63.8745 us/op
WorkloadPilot    7: 626 op, 16774144.00 ns, 26.7958 us/op
WorkloadPilot    8: 1493 op, 38523872.00 ns, 25.8030 us/op
WorkloadPilot    9: 1550 op, 38232863.00 ns, 24.6664 us/op
WorkloadPilot   10: 1622 op, 40313125.00 ns, 24.8540 us/op

WorkloadWarmup   1: 1622 op, 41024259.00 ns, 25.2924 us/op
WorkloadWarmup   2: 1622 op, 40047312.00 ns, 24.6901 us/op
WorkloadWarmup   3: 1622 op, 43751380.00 ns, 26.9737 us/op
WorkloadWarmup   4: 1622 op, 39734060.00 ns, 24.4970 us/op
WorkloadWarmup   5: 1622 op, 51876486.00 ns, 31.9830 us/op
WorkloadWarmup   6: 1622 op, 39202519.00 ns, 24.1692 us/op
WorkloadWarmup   7: 1622 op, 40085935.00 ns, 24.7139 us/op
WorkloadWarmup   8: 1622 op, 41077383.00 ns, 25.3251 us/op
WorkloadWarmup   9: 1622 op, 41279669.00 ns, 25.4499 us/op
WorkloadWarmup  10: 1622 op, 41139280.00 ns, 25.3633 us/op
WorkloadWarmup  11: 1622 op, 41469332.00 ns, 25.5668 us/op
WorkloadWarmup  12: 1622 op, 40068154.00 ns, 24.7029 us/op
WorkloadWarmup  13: 1622 op, 39209561.00 ns, 24.1736 us/op
WorkloadWarmup  14: 1622 op, 39336899.00 ns, 24.2521 us/op
WorkloadWarmup  15: 1622 op, 39716786.00 ns, 24.4863 us/op
WorkloadWarmup  16: 1622 op, 39857913.00 ns, 24.5733 us/op
WorkloadWarmup  17: 1622 op, 43745278.00 ns, 26.9700 us/op
WorkloadWarmup  18: 1622 op, 40073313.00 ns, 24.7061 us/op
WorkloadWarmup  19: 1622 op, 39155266.00 ns, 24.1401 us/op
WorkloadWarmup  20: 1622 op, 39170224.00 ns, 24.1493 us/op
WorkloadWarmup  21: 1622 op, 39097712.00 ns, 24.1046 us/op
WorkloadWarmup  22: 1622 op, 39862652.00 ns, 24.5762 us/op
WorkloadWarmup  23: 1622 op, 39384119.00 ns, 24.2812 us/op
WorkloadWarmup  24: 1622 op, 41867186.00 ns, 25.8121 us/op
WorkloadWarmup  25: 1622 op, 41421180.00 ns, 25.5371 us/op

// BeforeActualRun
WorkloadActual   1: 1622 op, 39255810.00 ns, 24.2021 us/op
WorkloadActual   2: 1622 op, 40388543.00 ns, 24.9005 us/op
WorkloadActual   3: 1622 op, 39208897.00 ns, 24.1732 us/op
WorkloadActual   4: 1622 op, 40708230.00 ns, 25.0976 us/op
WorkloadActual   5: 1622 op, 39887475.00 ns, 24.5915 us/op
WorkloadActual   6: 1622 op, 39635231.00 ns, 24.4360 us/op

// AfterActualRun
WorkloadResult   1: 1622 op, 39255810.00 ns, 24.2021 us/op
WorkloadResult   2: 1622 op, 40388543.00 ns, 24.9005 us/op
WorkloadResult   3: 1622 op, 39208897.00 ns, 24.1732 us/op
WorkloadResult   4: 1622 op, 40708230.00 ns, 25.0976 us/op
WorkloadResult   5: 1622 op, 39887475.00 ns, 24.5915 us/op
WorkloadResult   6: 1622 op, 39635231.00 ns, 24.4360 us/op
// GC:  0 0 0 0 1622
// Threading:  0 0 1622

// AfterAll
// Benchmark Process 30769 has exited with code 0.

Mean = 24.567 us, StdErr = 0.153 us (0.62%), N = 6, StdDev = 0.374 us
Min = 24.173 us, Q1 = 24.261 us, Median = 24.514 us, Q3 = 24.823 us, Max = 25.098 us
IQR = 0.563 us, LowerFence = 23.417 us, UpperFence = 25.667 us
ConfidenceInterval = [23.519 us; 25.615 us] (CI 99.9%), Margin = 1.048 us (4.27% of Mean)
Skewness = 0.24, Kurtosis = 1.14, MValue = 2

// ** Remained 8 (47.1 %) benchmark(s) to run. Estimated finish 2026-10-05 2:02 (0h 0m from now) **
// **************************
// Benchmark: CodecSuite.Run: campaign(EvaluateOverhead=False, Arguments=/p:AkNounk=true, Clock=Armonik.Ffi.Bdn.CpuClock, IterationCount=6, IterationTime=40ms, LaunchCount=1, RunStrategy=Throughput, WarmupCount=25) [Case=core-(...)known [74]]
// *** Execute ***
// Launch: 1 / 1
// Execute: dotnet BenchDotNet-campaign-1.dll --anonymousPipes 111 112 --benchmarkName "Armonik.Ffi.Bdn.CodecSuite.Run(Case: \"core-ffi|encode-core-hot|U-wire-DualResponse-left-as-wt5|corpus|no-unknown\")" --job campaign --benchmarkId 9 in /home/user/ArmoniK.Api/ffi/poc/csharp/src/BenchDotNet/bin-nounk/Release/net8.0/BenchDotNet-campaign-1/bin/Release/net8.0
// BeforeAnythingElse

// Benchmark Process Environment Information:
// BenchmarkDotNet v0.15.8
// Runtime=.NET 8.0.31 (8.0.31, 8.0.3126.42015), X64 RyuJIT x86-64-v4
// GC=Concurrent Workstation
// HardwareIntrinsics=AVX512 F+BW+CD+DQ+VL,AVX2+BMI1+BMI2+F16C+FMA+LZCNT+MOVBE,AVX,SSE3+SSSE3+SSE4.1+SSE4.2+POPCNT,X86Base+SSE+SSE2,AES+PCLMUL VectorSize=256
// Job: campaign(EvaluateOverhead=False, Clock=Armonik.Ffi.Bdn.CpuClock, IterationCount=6, IterationTime=40ms, LaunchCount=1, RunStrategy=Throughput, WarmupCount=25)

OverheadJitting  1: 1 op, 237792.00 ns, 237.7920 us/op
WorkloadJitting  1: 1 op, 4145852.00 ns, 4.1459 ms/op

WorkloadPilot    1: 4 op, 11129.00 ns, 2.7823 us/op
WorkloadPilot    2: 14377 op, 7436957.00 ns, 517.2816 ns/op
WorkloadPilot    3: 77327 op, 42618881.00 ns, 551.1514 ns/op
WorkloadPilot    4: 72575 op, 36570388.00 ns, 503.8979 ns/op
WorkloadPilot    5: 79381 op, 38205249.00 ns, 481.2896 ns/op
WorkloadPilot    6: 83110 op, 46265955.00 ns, 556.6834 ns/op
WorkloadPilot    7: 71854 op, 20201816.00 ns, 281.1509 ns/op
WorkloadPilot    8: 142272 op, 30888127.00 ns, 217.1062 ns/op
WorkloadPilot    9: 184242 op, 40886483.00 ns, 221.9173 ns/op

WorkloadWarmup   1: 184242 op, 40564598.00 ns, 220.1702 ns/op
WorkloadWarmup   2: 184242 op, 40469398.00 ns, 219.6535 ns/op
WorkloadWarmup   3: 184242 op, 40616048.00 ns, 220.4495 ns/op
WorkloadWarmup   4: 184242 op, 40813053.00 ns, 221.5187 ns/op
WorkloadWarmup   5: 184242 op, 41628213.00 ns, 225.9431 ns/op
WorkloadWarmup   6: 184242 op, 40921527.00 ns, 222.1075 ns/op
WorkloadWarmup   7: 184242 op, 41880571.00 ns, 227.3128 ns/op
WorkloadWarmup   8: 184242 op, 40752251.00 ns, 221.1887 ns/op
WorkloadWarmup   9: 184242 op, 40021756.00 ns, 217.2238 ns/op
WorkloadWarmup  10: 184242 op, 40414221.00 ns, 219.3540 ns/op
WorkloadWarmup  11: 184242 op, 41308562.00 ns, 224.2082 ns/op
WorkloadWarmup  12: 184242 op, 43438469.00 ns, 235.7685 ns/op
WorkloadWarmup  13: 184242 op, 43966392.00 ns, 238.6339 ns/op
WorkloadWarmup  14: 184242 op, 41545674.00 ns, 225.4951 ns/op
WorkloadWarmup  15: 184242 op, 40345826.00 ns, 218.9828 ns/op
WorkloadWarmup  16: 184242 op, 40413073.00 ns, 219.3478 ns/op
WorkloadWarmup  17: 184242 op, 45345461.00 ns, 246.1190 ns/op
WorkloadWarmup  18: 184242 op, 41119613.00 ns, 223.1826 ns/op
WorkloadWarmup  19: 184242 op, 46143280.00 ns, 250.4493 ns/op
WorkloadWarmup  20: 184242 op, 41152345.00 ns, 223.3603 ns/op
WorkloadWarmup  21: 184242 op, 40469100.00 ns, 219.6519 ns/op
WorkloadWarmup  22: 184242 op, 41005131.00 ns, 222.5613 ns/op
WorkloadWarmup  23: 184242 op, 41347748.00 ns, 224.4209 ns/op
WorkloadWarmup  24: 184242 op, 41218118.00 ns, 223.7173 ns/op
WorkloadWarmup  25: 184242 op, 41365719.00 ns, 224.5184 ns/op

// BeforeActualRun
WorkloadActual   1: 184242 op, 42011903.00 ns, 228.0257 ns/op
WorkloadActual   2: 184242 op, 42059391.00 ns, 228.2834 ns/op
WorkloadActual   3: 184242 op, 41492472.00 ns, 225.2064 ns/op
WorkloadActual   4: 184242 op, 42016738.00 ns, 228.0519 ns/op
WorkloadActual   5: 184242 op, 39848584.00 ns, 216.2839 ns/op
WorkloadActual   6: 184242 op, 53299321.00 ns, 289.2897 ns/op

// AfterActualRun
WorkloadResult   1: 184242 op, 42011903.00 ns, 228.0257 ns/op
WorkloadResult   2: 184242 op, 42059391.00 ns, 228.2834 ns/op
WorkloadResult   3: 184242 op, 41492472.00 ns, 225.2064 ns/op
WorkloadResult   4: 184242 op, 42016738.00 ns, 228.0519 ns/op
WorkloadResult   5: 184242 op, 39848584.00 ns, 216.2839 ns/op
// GC:  0 0 0 0 184242
// Threading:  0 0 184242

// AfterAll
// Benchmark Process 30778 has exited with code 0.

Mean = 225.170 ns, StdErr = 2.293 ns (1.02%), N = 5, StdDev = 5.126 ns
Min = 216.284 ns, Q1 = 225.206 ns, Median = 228.026 ns, Q3 = 228.052 ns, Max = 228.283 ns
IQR = 2.846 ns, LowerFence = 220.938 ns, UpperFence = 232.320 ns
ConfidenceInterval = [205.431 ns; 244.910 ns] (CI 99.9%), Margin = 19.740 ns (8.77% of Mean)
Skewness = -0.93, Kurtosis = 1.87, MValue = 2

// ** Remained 7 (41.2 %) benchmark(s) to run. Estimated finish 2026-10-05 2:02 (0h 0m from now) **
// **************************
// Benchmark: CodecSuite.Run: campaign(EvaluateOverhead=False, Arguments=/p:AkNounk=true, Clock=Armonik.Ffi.Bdn.CpuClock, IterationCount=6, IterationTime=40ms, LaunchCount=1, RunStrategy=Throughput, WarmupCount=25) [Case=core-(...)known [45]]
// *** Execute ***
// Launch: 1 / 1
// Execute: dotnet BenchDotNet-campaign-1.dll --anonymousPipes 111 112 --benchmarkName "Armonik.Ffi.Bdn.CodecSuite.Run(Case: \"core-ffi|encode-core-hot|P2.2|wide|no-unknown\")" --job campaign --benchmarkId 10 in /home/user/ArmoniK.Api/ffi/poc/csharp/src/BenchDotNet/bin-nounk/Release/net8.0/BenchDotNet-campaign-1/bin/Release/net8.0
// BeforeAnythingElse

// Benchmark Process Environment Information:
// BenchmarkDotNet v0.15.8
// Runtime=.NET 8.0.31 (8.0.31, 8.0.3126.42015), X64 RyuJIT x86-64-v4
// GC=Concurrent Workstation
// HardwareIntrinsics=AVX512 F+BW+CD+DQ+VL,AVX2+BMI1+BMI2+F16C+FMA+LZCNT+MOVBE,AVX,SSE3+SSSE3+SSE4.1+SSE4.2+POPCNT,X86Base+SSE+SSE2,AES+PCLMUL VectorSize=256
// Job: campaign(EvaluateOverhead=False, Clock=Armonik.Ffi.Bdn.CpuClock, IterationCount=6, IterationTime=40ms, LaunchCount=1, RunStrategy=Throughput, WarmupCount=25)

OverheadJitting  1: 1 op, 250343.00 ns, 250.3430 us/op
WorkloadJitting  1: 1 op, 12554078.00 ns, 12.5541 ms/op

WorkloadPilot    1: 4 op, 16144513.00 ns, 4.0361 ms/op
WorkloadPilot    2: 10 op, 22394640.00 ns, 2.2395 ms/op
WorkloadPilot    3: 18 op, 30783958.00 ns, 1.7102 ms/op
WorkloadPilot    4: 23 op, 39613564.00 ns, 1.7223 ms/op

WorkloadWarmup   1: 23 op, 39927256.00 ns, 1.7360 ms/op
WorkloadWarmup   2: 23 op, 39168640.00 ns, 1.7030 ms/op
WorkloadWarmup   3: 23 op, 38333335.00 ns, 1.6667 ms/op
WorkloadWarmup   4: 23 op, 40877477.00 ns, 1.7773 ms/op
WorkloadWarmup   5: 23 op, 45267371.00 ns, 1.9681 ms/op
WorkloadWarmup   6: 23 op, 32349472.00 ns, 1.4065 ms/op
WorkloadWarmup   7: 23 op, 32302361.00 ns, 1.4045 ms/op
WorkloadWarmup   8: 23 op, 31840070.00 ns, 1.3844 ms/op
WorkloadWarmup   9: 23 op, 31537628.00 ns, 1.3712 ms/op
WorkloadWarmup  10: 23 op, 32013536.00 ns, 1.3919 ms/op
WorkloadWarmup  11: 23 op, 32386346.00 ns, 1.4081 ms/op
WorkloadWarmup  12: 23 op, 32442115.00 ns, 1.4105 ms/op
WorkloadWarmup  13: 23 op, 31837653.00 ns, 1.3842 ms/op
WorkloadWarmup  14: 23 op, 32604341.00 ns, 1.4176 ms/op
WorkloadWarmup  15: 23 op, 32257083.00 ns, 1.4025 ms/op
WorkloadWarmup  16: 23 op, 36469401.00 ns, 1.5856 ms/op
WorkloadWarmup  17: 23 op, 44931511.00 ns, 1.9535 ms/op
WorkloadWarmup  18: 23 op, 33732147.00 ns, 1.4666 ms/op
WorkloadWarmup  19: 23 op, 37870615.00 ns, 1.6465 ms/op
WorkloadWarmup  20: 23 op, 32613898.00 ns, 1.4180 ms/op
WorkloadWarmup  21: 23 op, 33864067.00 ns, 1.4724 ms/op
WorkloadWarmup  22: 23 op, 33007832.00 ns, 1.4351 ms/op
WorkloadWarmup  23: 23 op, 32014421.00 ns, 1.3919 ms/op
WorkloadWarmup  24: 23 op, 32220460.00 ns, 1.4009 ms/op
WorkloadWarmup  25: 23 op, 32632802.00 ns, 1.4188 ms/op

// BeforeActualRun
WorkloadActual   1: 23 op, 32457773.00 ns, 1.4112 ms/op
WorkloadActual   2: 23 op, 32030399.00 ns, 1.3926 ms/op
WorkloadActual   3: 23 op, 31851193.00 ns, 1.3848 ms/op
WorkloadActual   4: 23 op, 31843571.00 ns, 1.3845 ms/op
WorkloadActual   5: 23 op, 37066237.00 ns, 1.6116 ms/op
WorkloadActual   6: 23 op, 35032493.00 ns, 1.5232 ms/op

// AfterActualRun
WorkloadResult   1: 23 op, 32457773.00 ns, 1.4112 ms/op
WorkloadResult   2: 23 op, 32030399.00 ns, 1.3926 ms/op
WorkloadResult   3: 23 op, 31851193.00 ns, 1.3848 ms/op
WorkloadResult   4: 23 op, 31843571.00 ns, 1.3845 ms/op
WorkloadResult   5: 23 op, 37066237.00 ns, 1.6116 ms/op
WorkloadResult   6: 23 op, 35032493.00 ns, 1.5232 ms/op
// GC:  0 0 0 0 23
// Threading:  0 0 23

// AfterAll
// Benchmark Process 30788 has exited with code 0.

Mean = 1.451 ms, StdErr = 0.039 ms (2.66%), N = 6, StdDev = 0.095 ms
Min = 1.385 ms, Q1 = 1.387 ms, Median = 1.402 ms, Q3 = 1.495 ms, Max = 1.612 ms
IQR = 0.108 ms, LowerFence = 1.224 ms, UpperFence = 1.658 ms
ConfidenceInterval = [1.186 ms; 1.717 ms] (CI 99.9%), Margin = 0.265 ms (18.29% of Mean)
Skewness = 0.71, Kurtosis = 1.54, MValue = 2

// ** Remained 6 (35.3 %) benchmark(s) to run. Estimated finish 2026-10-05 2:02 (0h 0m from now) **
// **************************
// Benchmark: CodecSuite.Run: campaign(EvaluateOverhead=False, Arguments=/p:AkNounk=true, Clock=Armonik.Ffi.Bdn.CpuClock, IterationCount=6, IterationTime=40ms, LaunchCount=1, RunStrategy=Throughput, WarmupCount=25) [Case=core-(...)known [47]]
// *** Execute ***
// Launch: 1 / 1
// Execute: dotnet BenchDotNet-campaign-1.dll --anonymousPipes 111 112 --benchmarkName "Armonik.Ffi.Bdn.CodecSuite.Run(Case: \"core-ffi|encode-core-hot|P2.2|latin1|no-unknown\")" --job campaign --benchmarkId 11 in /home/user/ArmoniK.Api/ffi/poc/csharp/src/BenchDotNet/bin-nounk/Release/net8.0/BenchDotNet-campaign-1/bin/Release/net8.0
// BeforeAnythingElse

// Benchmark Process Environment Information:
// BenchmarkDotNet v0.15.8
// Runtime=.NET 8.0.31 (8.0.31, 8.0.3126.42015), X64 RyuJIT x86-64-v4
// GC=Concurrent Workstation
// HardwareIntrinsics=AVX512 F+BW+CD+DQ+VL,AVX2+BMI1+BMI2+F16C+FMA+LZCNT+MOVBE,AVX,SSE3+SSSE3+SSE4.1+SSE4.2+POPCNT,X86Base+SSE+SSE2,AES+PCLMUL VectorSize=256
// Job: campaign(EvaluateOverhead=False, Clock=Armonik.Ffi.Bdn.CpuClock, IterationCount=6, IterationTime=40ms, LaunchCount=1, RunStrategy=Throughput, WarmupCount=25)

OverheadJitting  1: 1 op, 287443.00 ns, 287.4430 us/op
WorkloadJitting  1: 1 op, 11893338.00 ns, 11.8933 ms/op

WorkloadPilot    1: 4 op, 16441421.00 ns, 4.1104 ms/op
WorkloadPilot    2: 10 op, 20530560.00 ns, 2.0531 ms/op
WorkloadPilot    3: 19 op, 27805402.00 ns, 1.4634 ms/op
WorkloadPilot    4: 27 op, 40945892.00 ns, 1.5165 ms/op

WorkloadWarmup   1: 27 op, 38964680.00 ns, 1.4431 ms/op
WorkloadWarmup   2: 27 op, 38438634.00 ns, 1.4237 ms/op
WorkloadWarmup   3: 27 op, 44242551.00 ns, 1.6386 ms/op
WorkloadWarmup   4: 27 op, 45213825.00 ns, 1.6746 ms/op
WorkloadWarmup   5: 27 op, 30691863.00 ns, 1.1367 ms/op
WorkloadWarmup   6: 27 op, 35791505.00 ns, 1.3256 ms/op
WorkloadWarmup   7: 27 op, 32117683.00 ns, 1.1895 ms/op
WorkloadWarmup   8: 27 op, 28825765.00 ns, 1.0676 ms/op
WorkloadWarmup   9: 27 op, 29004612.00 ns, 1.0742 ms/op
WorkloadWarmup  10: 27 op, 29696842.00 ns, 1.0999 ms/op
WorkloadWarmup  11: 27 op, 28533927.00 ns, 1.0568 ms/op
WorkloadWarmup  12: 27 op, 30423169.00 ns, 1.1268 ms/op
WorkloadWarmup  13: 27 op, 29015667.00 ns, 1.0747 ms/op
WorkloadWarmup  14: 27 op, 29336882.00 ns, 1.0866 ms/op
WorkloadWarmup  15: 27 op, 30048987.00 ns, 1.1129 ms/op
WorkloadWarmup  16: 27 op, 29274154.00 ns, 1.0842 ms/op
WorkloadWarmup  17: 27 op, 29214001.00 ns, 1.0820 ms/op
WorkloadWarmup  18: 27 op, 29063735.00 ns, 1.0764 ms/op
WorkloadWarmup  19: 27 op, 29214340.00 ns, 1.0820 ms/op
WorkloadWarmup  20: 27 op, 29131416.00 ns, 1.0789 ms/op
WorkloadWarmup  21: 27 op, 28694246.00 ns, 1.0627 ms/op
WorkloadWarmup  22: 27 op, 29039702.00 ns, 1.0755 ms/op
WorkloadWarmup  23: 27 op, 28700030.00 ns, 1.0630 ms/op
WorkloadWarmup  24: 27 op, 28400301.00 ns, 1.0519 ms/op
WorkloadWarmup  25: 27 op, 36362328.00 ns, 1.3468 ms/op

// BeforeActualRun
WorkloadActual   1: 27 op, 30503559.00 ns, 1.1298 ms/op
WorkloadActual   2: 27 op, 29711510.00 ns, 1.1004 ms/op
WorkloadActual   3: 27 op, 31645559.00 ns, 1.1721 ms/op
WorkloadActual   4: 27 op, 33282797.00 ns, 1.2327 ms/op
WorkloadActual   5: 27 op, 29358106.00 ns, 1.0873 ms/op
WorkloadActual   6: 27 op, 30044283.00 ns, 1.1128 ms/op

// AfterActualRun
WorkloadResult   1: 27 op, 30503559.00 ns, 1.1298 ms/op
WorkloadResult   2: 27 op, 29711510.00 ns, 1.1004 ms/op
WorkloadResult   3: 27 op, 31645559.00 ns, 1.1721 ms/op
WorkloadResult   4: 27 op, 33282797.00 ns, 1.2327 ms/op
WorkloadResult   5: 27 op, 29358106.00 ns, 1.0873 ms/op
WorkloadResult   6: 27 op, 30044283.00 ns, 1.1128 ms/op
// GC:  0 0 0 0 27
// Threading:  0 0 27

// AfterAll
// Benchmark Process 30797 has exited with code 0.

Mean = 1.139 ms, StdErr = 0.022 ms (1.95%), N = 6, StdDev = 0.054 ms
Min = 1.087 ms, Q1 = 1.104 ms, Median = 1.121 ms, Q3 = 1.161 ms, Max = 1.233 ms
IQR = 0.058 ms, LowerFence = 1.017 ms, UpperFence = 1.248 ms
ConfidenceInterval = [0.987 ms; 1.292 ms] (CI 99.9%), Margin = 0.153 ms (13.39% of Mean)
Skewness = 0.66, Kurtosis = 1.67, MValue = 2

// ** Remained 5 (29.4 %) benchmark(s) to run. Estimated finish 2026-10-05 2:02 (0h 0m from now) **
// **************************
// Benchmark: CodecSuite.Run: campaign(EvaluateOverhead=False, Arguments=/p:AkNounk=true, Clock=Armonik.Ffi.Bdn.CpuClock, IterationCount=6, IterationTime=40ms, LaunchCount=1, RunStrategy=Throughput, WarmupCount=25) [Case=core-(...)known [87]]
// *** Execute ***
// Launch: 1 / 1
// Execute: dotnet BenchDotNet-campaign-1.dll --anonymousPipes 111 112 --benchmarkName "Armonik.Ffi.Bdn.CodecSuite.Run(Case: \"core-ffi|encode-core-hot|U-wire-UploadResultDataMessage-upload-as-wt5|corpus|no-unknown\")" --job campaign --benchmarkId 12 in /home/user/ArmoniK.Api/ffi/poc/csharp/src/BenchDotNet/bin-nounk/Release/net8.0/BenchDotNet-campaign-1/bin/Release/net8.0
// BeforeAnythingElse

// Benchmark Process Environment Information:
// BenchmarkDotNet v0.15.8
// Runtime=.NET 8.0.31 (8.0.31, 8.0.3126.42015), X64 RyuJIT x86-64-v4
// GC=Concurrent Workstation
// HardwareIntrinsics=AVX512 F+BW+CD+DQ+VL,AVX2+BMI1+BMI2+F16C+FMA+LZCNT+MOVBE,AVX,SSE3+SSSE3+SSE4.1+SSE4.2+POPCNT,X86Base+SSE+SSE2,AES+PCLMUL VectorSize=256
// Job: campaign(EvaluateOverhead=False, Clock=Armonik.Ffi.Bdn.CpuClock, IterationCount=6, IterationTime=40ms, LaunchCount=1, RunStrategy=Throughput, WarmupCount=25)

OverheadJitting  1: 1 op, 247345.00 ns, 247.3450 us/op
WorkloadJitting  1: 1 op, 2564814.00 ns, 2.5648 ms/op

OverheadJitting  2: 16 op, 467125.00 ns, 29.1953 us/op
WorkloadJitting  2: 16 op, 521402.00 ns, 32.5876 us/op

WorkloadPilot    1: 16 op, 11596.00 ns, 724.7500 ns/op
WorkloadPilot    2: 55200 op, 15944816.00 ns, 288.8554 ns/op
WorkloadPilot    3: 138480 op, 39471717.00 ns, 285.0355 ns/op
WorkloadPilot    4: 140336 op, 39893053.00 ns, 284.2681 ns/op
WorkloadPilot    5: 140720 op, 39482395.00 ns, 280.5742 ns/op
WorkloadPilot    6: 142576 op, 41281517.00 ns, 289.5404 ns/op
WorkloadPilot    7: 138160 op, 14132716.00 ns, 102.2924 ns/op
WorkloadPilot    8: 391040 op, 40687087.00 ns, 104.0484 ns/op
WorkloadPilot    9: 384448 op, 39029741.00 ns, 101.5215 ns/op
WorkloadPilot   10: 394016 op, 44489063.00 ns, 112.9118 ns/op

WorkloadWarmup   1: 394016 op, 41513490.00 ns, 105.3599 ns/op
WorkloadWarmup   2: 394016 op, 42283964.00 ns, 107.3153 ns/op
WorkloadWarmup   3: 394016 op, 42469960.00 ns, 107.7874 ns/op
WorkloadWarmup   4: 394016 op, 44262541.00 ns, 112.3369 ns/op
WorkloadWarmup   5: 394016 op, 43586484.00 ns, 110.6211 ns/op
WorkloadWarmup   6: 394016 op, 40664262.00 ns, 103.2046 ns/op
WorkloadWarmup   7: 394016 op, 40282787.00 ns, 102.2364 ns/op
WorkloadWarmup   8: 394016 op, 43445773.00 ns, 110.2640 ns/op
WorkloadWarmup   9: 394016 op, 39935842.00 ns, 101.3559 ns/op
WorkloadWarmup  10: 394016 op, 51130635.00 ns, 129.7679 ns/op
WorkloadWarmup  11: 394016 op, 54878933.00 ns, 139.2810 ns/op
WorkloadWarmup  12: 394016 op, 43158909.00 ns, 109.5359 ns/op
WorkloadWarmup  13: 394016 op, 41572929.00 ns, 105.5108 ns/op
WorkloadWarmup  14: 394016 op, 41441924.00 ns, 105.1783 ns/op
WorkloadWarmup  15: 394016 op, 40263758.00 ns, 102.1881 ns/op
WorkloadWarmup  16: 394016 op, 40597490.00 ns, 103.0351 ns/op
WorkloadWarmup  17: 394016 op, 41404279.00 ns, 105.0827 ns/op
WorkloadWarmup  18: 394016 op, 40877014.00 ns, 103.7446 ns/op
WorkloadWarmup  19: 394016 op, 40976259.00 ns, 103.9964 ns/op
WorkloadWarmup  20: 394016 op, 40096938.00 ns, 101.7647 ns/op
WorkloadWarmup  21: 394016 op, 43086572.00 ns, 109.3523 ns/op
WorkloadWarmup  22: 394016 op, 41199715.00 ns, 104.5636 ns/op
WorkloadWarmup  23: 394016 op, 40392599.00 ns, 102.5151 ns/op
WorkloadWarmup  24: 394016 op, 40580957.00 ns, 102.9932 ns/op
WorkloadWarmup  25: 394016 op, 41567288.00 ns, 105.4964 ns/op

// BeforeActualRun
WorkloadActual   1: 394016 op, 40503363.00 ns, 102.7962 ns/op
WorkloadActual   2: 394016 op, 41154779.00 ns, 104.4495 ns/op
WorkloadActual   3: 394016 op, 40477220.00 ns, 102.7299 ns/op
WorkloadActual   4: 394016 op, 40060361.00 ns, 101.6719 ns/op
WorkloadActual   5: 394016 op, 40724815.00 ns, 103.3583 ns/op
WorkloadActual   6: 394016 op, 40801996.00 ns, 103.5542 ns/op

// AfterActualRun
WorkloadResult   1: 394016 op, 40503363.00 ns, 102.7962 ns/op
WorkloadResult   2: 394016 op, 41154779.00 ns, 104.4495 ns/op
WorkloadResult   3: 394016 op, 40477220.00 ns, 102.7299 ns/op
WorkloadResult   4: 394016 op, 40060361.00 ns, 101.6719 ns/op
WorkloadResult   5: 394016 op, 40724815.00 ns, 103.3583 ns/op
WorkloadResult   6: 394016 op, 40801996.00 ns, 103.5542 ns/op
// GC:  0 0 0 0 394016
// Threading:  0 0 394016

// AfterAll
// Benchmark Process 30810 has exited with code 0.

Mean = 103.093 ns, StdErr = 0.381 ns (0.37%), N = 6, StdDev = 0.934 ns
Min = 101.672 ns, Q1 = 102.746 ns, Median = 103.077 ns, Q3 = 103.505 ns, Max = 104.450 ns
IQR = 0.759 ns, LowerFence = 101.608 ns, UpperFence = 104.643 ns
ConfidenceInterval = [100.474 ns; 105.713 ns] (CI 99.9%), Margin = 2.619 ns (2.54% of Mean)
Skewness = -0.07, Kurtosis = 1.65, MValue = 2

// ** Remained 4 (23.5 %) benchmark(s) to run. Estimated finish 2026-10-05 2:02 (0h 0m from now) **
// **************************
// Benchmark: CodecSuite.Run: campaign(EvaluateOverhead=False, Arguments=/p:AkNounk=true, Clock=Armonik.Ffi.Bdn.CpuClock, IterationCount=6, IterationTime=40ms, LaunchCount=1, RunStrategy=Throughput, WarmupCount=25) [Case=core-(...)known [61]]
// *** Execute ***
// Launch: 1 / 1
// Execute: dotnet BenchDotNet-campaign-1.dll --anonymousPipes 111 112 --benchmarkName "Armonik.Ffi.Bdn.CodecSuite.Run(Case: \"core-ffi|encode-core-hot|U-oneof-u-repeated|corpus|no-unknown\")" --job campaign --benchmarkId 13 in /home/user/ArmoniK.Api/ffi/poc/csharp/src/BenchDotNet/bin-nounk/Release/net8.0/BenchDotNet-campaign-1/bin/Release/net8.0
// BeforeAnythingElse

// Benchmark Process Environment Information:
// BenchmarkDotNet v0.15.8
// Runtime=.NET 8.0.31 (8.0.31, 8.0.3126.42015), X64 RyuJIT x86-64-v4
// GC=Concurrent Workstation
// HardwareIntrinsics=AVX512 F+BW+CD+DQ+VL,AVX2+BMI1+BMI2+F16C+FMA+LZCNT+MOVBE,AVX,SSE3+SSSE3+SSE4.1+SSE4.2+POPCNT,X86Base+SSE+SSE2,AES+PCLMUL VectorSize=256
// Job: campaign(EvaluateOverhead=False, Clock=Armonik.Ffi.Bdn.CpuClock, IterationCount=6, IterationTime=40ms, LaunchCount=1, RunStrategy=Throughput, WarmupCount=25)

OverheadJitting  1: 1 op, 231701.00 ns, 231.7010 us/op
WorkloadJitting  1: 1 op, 3772055.00 ns, 3.7721 ms/op

WorkloadPilot    1: 4 op, 10603.00 ns, 2.6508 us/op
WorkloadPilot    2: 15090 op, 5399389.00 ns, 357.8124 ns/op
WorkloadPilot    3: 111790 op, 38486248.00 ns, 344.2727 ns/op
WorkloadPilot    4: 116187 op, 39636633.00 ns, 341.1452 ns/op
WorkloadPilot    5: 117252 op, 40074871.00 ns, 341.7841 ns/op
WorkloadPilot    6: 117033 op, 39718400.00 ns, 339.3778 ns/op
WorkloadPilot    7: 117863 op, 39214646.00 ns, 332.7138 ns/op
WorkloadPilot    8: 120223 op, 16084943.00 ns, 133.7926 ns/op
WorkloadPilot    9: 298970 op, 40994909.00 ns, 137.1205 ns/op
WorkloadPilot   10: 291714 op, 40543643.00 ns, 138.9842 ns/op

WorkloadWarmup   1: 291714 op, 39356195.00 ns, 134.9136 ns/op
WorkloadWarmup   2: 291714 op, 39444658.00 ns, 135.2169 ns/op
WorkloadWarmup   3: 291714 op, 39021487.00 ns, 133.7662 ns/op
WorkloadWarmup   4: 291714 op, 40201926.00 ns, 137.8128 ns/op
WorkloadWarmup   5: 291714 op, 39787767.00 ns, 136.3931 ns/op
WorkloadWarmup   6: 291714 op, 39496374.00 ns, 135.3942 ns/op
WorkloadWarmup   7: 291714 op, 39662352.00 ns, 135.9631 ns/op
WorkloadWarmup   8: 291714 op, 40236393.00 ns, 137.9310 ns/op
WorkloadWarmup   9: 291714 op, 41450841.00 ns, 142.0941 ns/op
WorkloadWarmup  10: 291714 op, 42070762.00 ns, 144.2192 ns/op
WorkloadWarmup  11: 291714 op, 39156879.00 ns, 134.2304 ns/op
WorkloadWarmup  12: 291714 op, 41669616.00 ns, 142.8441 ns/op
WorkloadWarmup  13: 291714 op, 40677924.00 ns, 139.4445 ns/op
WorkloadWarmup  14: 291714 op, 41237444.00 ns, 141.3626 ns/op
WorkloadWarmup  15: 291714 op, 40728021.00 ns, 139.6163 ns/op
WorkloadWarmup  16: 291714 op, 41889912.00 ns, 143.5993 ns/op
WorkloadWarmup  17: 291714 op, 41115810.00 ns, 140.9456 ns/op
WorkloadWarmup  18: 291714 op, 40251646.00 ns, 137.9833 ns/op
WorkloadWarmup  19: 291714 op, 42082736.00 ns, 144.2603 ns/op
WorkloadWarmup  20: 291714 op, 40104664.00 ns, 137.4794 ns/op
WorkloadWarmup  21: 291714 op, 39397522.00 ns, 135.0553 ns/op
WorkloadWarmup  22: 291714 op, 41936073.00 ns, 143.7575 ns/op
WorkloadWarmup  23: 291714 op, 41476178.00 ns, 142.1810 ns/op
WorkloadWarmup  24: 291714 op, 40901544.00 ns, 140.2111 ns/op
WorkloadWarmup  25: 291714 op, 39019831.00 ns, 133.7606 ns/op

// BeforeActualRun
WorkloadActual   1: 291714 op, 39833589.00 ns, 136.5501 ns/op
WorkloadActual   2: 291714 op, 40668813.00 ns, 139.4133 ns/op
WorkloadActual   3: 291714 op, 43548350.00 ns, 149.2844 ns/op
WorkloadActual   4: 291714 op, 39167137.00 ns, 134.2655 ns/op
WorkloadActual   5: 291714 op, 39559523.00 ns, 135.6106 ns/op
WorkloadActual   6: 291714 op, 40003366.00 ns, 137.1321 ns/op

// AfterActualRun
WorkloadResult   1: 291714 op, 39833589.00 ns, 136.5501 ns/op
WorkloadResult   2: 291714 op, 40668813.00 ns, 139.4133 ns/op
WorkloadResult   3: 291714 op, 39167137.00 ns, 134.2655 ns/op
WorkloadResult   4: 291714 op, 39559523.00 ns, 135.6106 ns/op
WorkloadResult   5: 291714 op, 40003366.00 ns, 137.1321 ns/op
// GC:  0 0 0 0 291714
// Threading:  0 0 291714

// AfterAll
// Benchmark Process 30823 has exited with code 0.

Mean = 136.594 ns, StdErr = 0.855 ns (0.63%), N = 5, StdDev = 1.912 ns
Min = 134.266 ns, Q1 = 135.611 ns, Median = 136.550 ns, Q3 = 137.132 ns, Max = 139.413 ns
IQR = 1.522 ns, LowerFence = 133.328 ns, UpperFence = 139.414 ns
ConfidenceInterval = [129.230 ns; 143.958 ns] (CI 99.9%), Margin = 7.364 ns (5.39% of Mean)
Skewness = 0.26, Kurtosis = 1.4, MValue = 2

// ** Remained 3 (17.6 %) benchmark(s) to run. Estimated finish 2026-10-05 2:02 (0h 0m from now) **
// **************************
// Benchmark: CodecSuite.Run: campaign(EvaluateOverhead=False, Arguments=/p:AkNounk=true, Clock=Armonik.Ffi.Bdn.CpuClock, IterationCount=6, IterationTime=40ms, LaunchCount=1, RunStrategy=Throughput, WarmupCount=25) [Case=core-(...)known [46]]
// *** Execute ***
// Launch: 1 / 1
// Execute: dotnet BenchDotNet-campaign-1.dll --anonymousPipes 111 112 --benchmarkName "Armonik.Ffi.Bdn.CodecSuite.Run(Case: \"core-ffi|encode-core-hot|P2.2|ascii|no-unknown\")" --job campaign --benchmarkId 14 in /home/user/ArmoniK.Api/ffi/poc/csharp/src/BenchDotNet/bin-nounk/Release/net8.0/BenchDotNet-campaign-1/bin/Release/net8.0
// BeforeAnythingElse

// Benchmark Process Environment Information:
// BenchmarkDotNet v0.15.8
// Runtime=.NET 8.0.31 (8.0.31, 8.0.3126.42015), X64 RyuJIT x86-64-v4
// GC=Concurrent Workstation
// HardwareIntrinsics=AVX512 F+BW+CD+DQ+VL,AVX2+BMI1+BMI2+F16C+FMA+LZCNT+MOVBE,AVX,SSE3+SSSE3+SSE4.1+SSE4.2+POPCNT,X86Base+SSE+SSE2,AES+PCLMUL VectorSize=256
// Job: campaign(EvaluateOverhead=False, Clock=Armonik.Ffi.Bdn.CpuClock, IterationCount=6, IterationTime=40ms, LaunchCount=1, RunStrategy=Throughput, WarmupCount=25)

OverheadJitting  1: 1 op, 239670.00 ns, 239.6700 us/op
WorkloadJitting  1: 1 op, 11276075.00 ns, 11.2761 ms/op

WorkloadPilot    1: 4 op, 14933861.00 ns, 3.7335 ms/op
WorkloadPilot    2: 11 op, 20535261.00 ns, 1.8668 ms/op
WorkloadPilot    3: 21 op, 27281269.00 ns, 1.2991 ms/op
WorkloadPilot    4: 31 op, 38386796.00 ns, 1.2383 ms/op

WorkloadWarmup   1: 31 op, 37185110.00 ns, 1.1995 ms/op
WorkloadWarmup   2: 31 op, 40875780.00 ns, 1.3186 ms/op
WorkloadWarmup   3: 31 op, 39407324.00 ns, 1.2712 ms/op
WorkloadWarmup   4: 31 op, 39440370.00 ns, 1.2723 ms/op
WorkloadWarmup   5: 31 op, 40087658.00 ns, 1.2932 ms/op
WorkloadWarmup   6: 31 op, 26823746.00 ns, 865.2821 us/op
WorkloadWarmup   7: 31 op, 27590456.00 ns, 890.0147 us/op
WorkloadWarmup   8: 31 op, 27890258.00 ns, 899.6857 us/op
WorkloadWarmup   9: 31 op, 26546165.00 ns, 856.3279 us/op
WorkloadWarmup  10: 31 op, 26751554.00 ns, 862.9534 us/op
WorkloadWarmup  11: 31 op, 26798989.00 ns, 864.4835 us/op
WorkloadWarmup  12: 31 op, 28041933.00 ns, 904.5785 us/op
WorkloadWarmup  13: 31 op, 26552066.00 ns, 856.5183 us/op
WorkloadWarmup  14: 31 op, 27028627.00 ns, 871.8912 us/op
WorkloadWarmup  15: 31 op, 26387497.00 ns, 851.2096 us/op
WorkloadWarmup  16: 31 op, 26416135.00 ns, 852.1334 us/op
WorkloadWarmup  17: 31 op, 28933711.00 ns, 933.3455 us/op
WorkloadWarmup  18: 31 op, 27266313.00 ns, 879.5585 us/op
WorkloadWarmup  19: 31 op, 27953099.00 ns, 901.7129 us/op
WorkloadWarmup  20: 31 op, 36142483.00 ns, 1.1659 ms/op
WorkloadWarmup  21: 31 op, 26935780.00 ns, 868.8961 us/op
WorkloadWarmup  22: 31 op, 26193616.00 ns, 844.9554 us/op
WorkloadWarmup  23: 31 op, 31076714.00 ns, 1.0025 ms/op
WorkloadWarmup  24: 31 op, 26538713.00 ns, 856.0875 us/op
WorkloadWarmup  25: 31 op, 26498731.00 ns, 854.7978 us/op

// BeforeActualRun
WorkloadActual   1: 31 op, 26112043.00 ns, 842.3240 us/op
WorkloadActual   2: 31 op, 26223701.00 ns, 845.9258 us/op
WorkloadActual   3: 31 op, 26675312.00 ns, 860.4939 us/op
WorkloadActual   4: 31 op, 26021449.00 ns, 839.4016 us/op
WorkloadActual   5: 31 op, 28726628.00 ns, 926.6654 us/op
WorkloadActual   6: 31 op, 26471494.00 ns, 853.9192 us/op

// AfterActualRun
WorkloadResult   1: 31 op, 26112043.00 ns, 842.3240 us/op
WorkloadResult   2: 31 op, 26223701.00 ns, 845.9258 us/op
WorkloadResult   3: 31 op, 26675312.00 ns, 860.4939 us/op
WorkloadResult   4: 31 op, 26021449.00 ns, 839.4016 us/op
WorkloadResult   5: 31 op, 26471494.00 ns, 853.9192 us/op
// GC:  0 0 0 0 31
// Threading:  0 0 31

// AfterAll
// Benchmark Process 30832 has exited with code 0.

Mean = 848.413 us, StdErr = 3.878 us (0.46%), N = 5, StdDev = 8.671 us
Min = 839.402 us, Q1 = 842.324 us, Median = 845.926 us, Q3 = 853.919 us, Max = 860.494 us
IQR = 11.595 us, LowerFence = 824.931 us, UpperFence = 871.312 us
ConfidenceInterval = [815.025 us; 881.801 us] (CI 99.9%), Margin = 33.388 us (3.94% of Mean)
Skewness = 0.29, Kurtosis = 1.07, MValue = 2

// ** Remained 2 (11.8 %) benchmark(s) to run. Estimated finish 2026-10-05 2:02 (0h 0m from now) **
// **************************
// Benchmark: CodecSuite.Run: campaign(EvaluateOverhead=False, Arguments=/p:AkNounk=true, Clock=Armonik.Ffi.Bdn.CpuClock, IterationCount=6, IterationTime=40ms, LaunchCount=1, RunStrategy=Throughput, WarmupCount=25) [Case=core-(...)known [84]]
// *** Execute ***
// Launch: 1 / 1
// Execute: dotnet BenchDotNet-campaign-1.dll --anonymousPipes 111 112 --benchmarkName "Armonik.Ffi.Bdn.CodecSuite.Run(Case: \"core-ffi|encode-core-hot|U-wire-ListMetricsResponse-batches-as-wt0|corpus|no-unknown\")" --job campaign --benchmarkId 15 in /home/user/ArmoniK.Api/ffi/poc/csharp/src/BenchDotNet/bin-nounk/Release/net8.0/BenchDotNet-campaign-1/bin/Release/net8.0
// BeforeAnythingElse

// Benchmark Process Environment Information:
// BenchmarkDotNet v0.15.8
// Runtime=.NET 8.0.31 (8.0.31, 8.0.3126.42015), X64 RyuJIT x86-64-v4
// GC=Concurrent Workstation
// HardwareIntrinsics=AVX512 F+BW+CD+DQ+VL,AVX2+BMI1+BMI2+F16C+FMA+LZCNT+MOVBE,AVX,SSE3+SSSE3+SSE4.1+SSE4.2+POPCNT,X86Base+SSE+SSE2,AES+PCLMUL VectorSize=256
// Job: campaign(EvaluateOverhead=False, Clock=Armonik.Ffi.Bdn.CpuClock, IterationCount=6, IterationTime=40ms, LaunchCount=1, RunStrategy=Throughput, WarmupCount=25)

OverheadJitting  1: 1 op, 222772.00 ns, 222.7720 us/op
WorkloadJitting  1: 1 op, 6458187.00 ns, 6.4582 ms/op

WorkloadPilot    1: 4 op, 32561.00 ns, 8.1403 us/op
WorkloadPilot    2: 4914 op, 22775202.00 ns, 4.6348 us/op
WorkloadPilot    3: 8630 op, 39236842.00 ns, 4.5466 us/op
WorkloadPilot    4: 8798 op, 39868831.00 ns, 4.5316 us/op
WorkloadPilot    5: 8827 op, 42533449.00 ns, 4.8186 us/op
WorkloadPilot    6: 8301 op, 39977539.00 ns, 4.8160 us/op
WorkloadPilot    7: 8306 op, 11258415.00 ns, 1.3555 us/op
WorkloadPilot    8: 29510 op, 40843994.00 ns, 1.3841 us/op
WorkloadPilot    9: 28900 op, 39245807.00 ns, 1.3580 us/op
WorkloadPilot   10: 29455 op, 39066925.00 ns, 1.3263 us/op
WorkloadPilot   11: 30159 op, 41127587.00 ns, 1.3637 us/op

WorkloadWarmup   1: 30159 op, 40977194.00 ns, 1.3587 us/op
WorkloadWarmup   2: 30159 op, 41642796.00 ns, 1.3808 us/op
WorkloadWarmup   3: 30159 op, 43259939.00 ns, 1.4344 us/op
WorkloadWarmup   4: 30159 op, 42966632.00 ns, 1.4247 us/op
WorkloadWarmup   5: 30159 op, 40845232.00 ns, 1.3543 us/op
WorkloadWarmup   6: 30159 op, 42281984.00 ns, 1.4020 us/op
WorkloadWarmup   7: 30159 op, 41682758.00 ns, 1.3821 us/op
WorkloadWarmup   8: 30159 op, 39979730.00 ns, 1.3256 us/op
WorkloadWarmup   9: 30159 op, 40305580.00 ns, 1.3364 us/op
WorkloadWarmup  10: 30159 op, 40247449.00 ns, 1.3345 us/op
WorkloadWarmup  11: 30159 op, 40309291.00 ns, 1.3366 us/op
WorkloadWarmup  12: 30159 op, 40258470.00 ns, 1.3349 us/op
WorkloadWarmup  13: 30159 op, 40168681.00 ns, 1.3319 us/op
WorkloadWarmup  14: 30159 op, 40164075.00 ns, 1.3317 us/op
WorkloadWarmup  15: 30159 op, 40626177.00 ns, 1.3471 us/op
WorkloadWarmup  16: 30159 op, 40569190.00 ns, 1.3452 us/op
WorkloadWarmup  17: 30159 op, 40174578.00 ns, 1.3321 us/op
WorkloadWarmup  18: 30159 op, 41050568.00 ns, 1.3611 us/op
WorkloadWarmup  19: 30159 op, 40203328.00 ns, 1.3330 us/op
WorkloadWarmup  20: 30159 op, 40322065.00 ns, 1.3370 us/op
WorkloadWarmup  21: 30159 op, 40253410.00 ns, 1.3347 us/op
WorkloadWarmup  22: 30159 op, 40141672.00 ns, 1.3310 us/op
WorkloadWarmup  23: 30159 op, 40611415.00 ns, 1.3466 us/op
WorkloadWarmup  24: 30159 op, 40648748.00 ns, 1.3478 us/op
WorkloadWarmup  25: 30159 op, 40537057.00 ns, 1.3441 us/op

// BeforeActualRun
WorkloadActual   1: 30159 op, 40057323.00 ns, 1.3282 us/op
WorkloadActual   2: 30159 op, 40195444.00 ns, 1.3328 us/op
WorkloadActual   3: 30159 op, 40011389.00 ns, 1.3267 us/op
WorkloadActual   4: 30159 op, 39942157.00 ns, 1.3244 us/op
WorkloadActual   5: 30159 op, 39991399.00 ns, 1.3260 us/op
WorkloadActual   6: 30159 op, 40165793.00 ns, 1.3318 us/op

// AfterActualRun
WorkloadResult   1: 30159 op, 40057323.00 ns, 1.3282 us/op
WorkloadResult   2: 30159 op, 40195444.00 ns, 1.3328 us/op
WorkloadResult   3: 30159 op, 40011389.00 ns, 1.3267 us/op
WorkloadResult   4: 30159 op, 39942157.00 ns, 1.3244 us/op
WorkloadResult   5: 30159 op, 39991399.00 ns, 1.3260 us/op
WorkloadResult   6: 30159 op, 40165793.00 ns, 1.3318 us/op
// GC:  0 0 0 0 30159
// Threading:  0 0 30159

// AfterAll
// Benchmark Process 30845 has exited with code 0.

Mean = 1.328 us, StdErr = 0.001 us (0.10%), N = 6, StdDev = 0.003 us
Min = 1.324 us, Q1 = 1.326 us, Median = 1.327 us, Q3 = 1.331 us, Max = 1.333 us
IQR = 0.005 us, LowerFence = 1.319 us, UpperFence = 1.338 us
ConfidenceInterval = [1.319 us; 1.338 us] (CI 99.9%), Margin = 0.009 us (0.70% of Mean)
Skewness = 0.25, Kurtosis = 1.11, MValue = 2

// ** Remained 1 (5.9 %) benchmark(s) to run. Estimated finish 2026-10-05 2:02 (0h 0m from now) **
// **************************
// Benchmark: CodecSuite.Run: campaign(EvaluateOverhead=False, Arguments=/p:AkNounk=true, Clock=Armonik.Ffi.Bdn.CpuClock, IterationCount=6, IterationTime=40ms, LaunchCount=1, RunStrategy=Throughput, WarmupCount=25) [Case=core-(...)known [46]]
// *** Execute ***
// Launch: 1 / 1
// Execute: dotnet BenchDotNet-campaign-1.dll --anonymousPipes 111 112 --benchmarkName "Armonik.Ffi.Bdn.CodecSuite.Run(Case: \"core-ffi|encode-core-hot|P2.3|ascii|no-unknown\")" --job campaign --benchmarkId 16 in /home/user/ArmoniK.Api/ffi/poc/csharp/src/BenchDotNet/bin-nounk/Release/net8.0/BenchDotNet-campaign-1/bin/Release/net8.0
// BeforeAnythingElse

// Benchmark Process Environment Information:
// BenchmarkDotNet v0.15.8
// Runtime=.NET 8.0.31 (8.0.31, 8.0.3126.42015), X64 RyuJIT x86-64-v4
// GC=Concurrent Workstation
// HardwareIntrinsics=AVX512 F+BW+CD+DQ+VL,AVX2+BMI1+BMI2+F16C+FMA+LZCNT+MOVBE,AVX,SSE3+SSSE3+SSE4.1+SSE4.2+POPCNT,X86Base+SSE+SSE2,AES+PCLMUL VectorSize=256
// Job: campaign(EvaluateOverhead=False, Clock=Armonik.Ffi.Bdn.CpuClock, IterationCount=6, IterationTime=40ms, LaunchCount=1, RunStrategy=Throughput, WarmupCount=25)

OverheadJitting  1: 1 op, 290094.00 ns, 290.0940 us/op
WorkloadJitting  1: 1 op, 11013863.00 ns, 11.0139 ms/op

WorkloadPilot    1: 4 op, 8474402.00 ns, 2.1186 ms/op
WorkloadPilot    2: 19 op, 17682247.00 ns, 930.6446 us/op
WorkloadPilot    3: 43 op, 39736591.00 ns, 924.1068 us/op

WorkloadWarmup   1: 43 op, 39282243.00 ns, 913.5405 us/op
WorkloadWarmup   2: 43 op, 39647554.00 ns, 922.0361 us/op
WorkloadWarmup   3: 43 op, 42598876.00 ns, 990.6715 us/op
WorkloadWarmup   4: 43 op, 32269719.00 ns, 750.4586 us/op
WorkloadWarmup   5: 43 op, 25605770.00 ns, 595.4830 us/op
WorkloadWarmup   6: 43 op, 25201010.00 ns, 586.0700 us/op
WorkloadWarmup   7: 43 op, 24998302.00 ns, 581.3559 us/op
WorkloadWarmup   8: 43 op, 24867647.00 ns, 578.3174 us/op
WorkloadWarmup   9: 43 op, 25057805.00 ns, 582.7397 us/op
WorkloadWarmup  10: 43 op, 25087627.00 ns, 583.4332 us/op
WorkloadWarmup  11: 43 op, 25030203.00 ns, 582.0977 us/op
WorkloadWarmup  12: 43 op, 25410510.00 ns, 590.9421 us/op
WorkloadWarmup  13: 43 op, 25529396.00 ns, 593.7069 us/op
WorkloadWarmup  14: 43 op, 25046730.00 ns, 582.4821 us/op
WorkloadWarmup  15: 43 op, 25447868.00 ns, 591.8109 us/op
WorkloadWarmup  16: 43 op, 25366037.00 ns, 589.9078 us/op
WorkloadWarmup  17: 43 op, 25027219.00 ns, 582.0283 us/op
WorkloadWarmup  18: 43 op, 25544155.00 ns, 594.0501 us/op
WorkloadWarmup  19: 43 op, 25511182.00 ns, 593.2833 us/op
WorkloadWarmup  20: 43 op, 25104360.00 ns, 583.8223 us/op
WorkloadWarmup  21: 43 op, 25177492.00 ns, 585.5231 us/op
WorkloadWarmup  22: 43 op, 25932626.00 ns, 603.0843 us/op
WorkloadWarmup  23: 43 op, 25074365.00 ns, 583.1248 us/op
WorkloadWarmup  24: 43 op, 25172378.00 ns, 585.4041 us/op
WorkloadWarmup  25: 43 op, 25808540.00 ns, 600.1986 us/op

// BeforeActualRun
WorkloadActual   1: 43 op, 27301239.00 ns, 634.9125 us/op
WorkloadActual   2: 43 op, 27190860.00 ns, 632.3456 us/op
WorkloadActual   3: 43 op, 29888671.00 ns, 695.0854 us/op
WorkloadActual   4: 43 op, 25657704.00 ns, 596.6908 us/op
WorkloadActual   5: 43 op, 25297287.00 ns, 588.3090 us/op
WorkloadActual   6: 43 op, 25596884.00 ns, 595.2764 us/op

// AfterActualRun
WorkloadResult   1: 43 op, 27301239.00 ns, 634.9125 us/op
WorkloadResult   2: 43 op, 27190860.00 ns, 632.3456 us/op
WorkloadResult   3: 43 op, 25657704.00 ns, 596.6908 us/op
WorkloadResult   4: 43 op, 25297287.00 ns, 588.3090 us/op
WorkloadResult   5: 43 op, 25596884.00 ns, 595.2764 us/op
// GC:  0 0 0 0 43
// Threading:  0 0 43

// AfterAll
// Benchmark Process 30854 has exited with code 0.

Mean = 609.507 us, StdErr = 9.958 us (1.63%), N = 5, StdDev = 22.266 us
Min = 588.309 us, Q1 = 595.276 us, Median = 596.691 us, Q3 = 632.346 us, Max = 634.913 us
IQR = 37.069 us, LowerFence = 539.673 us, UpperFence = 687.949 us
ConfidenceInterval = [523.767 us; 695.247 us] (CI 99.9%), Margin = 85.740 us (14.07% of Mean)
Skewness = 0.25, Kurtosis = 0.78, MValue = 2

// ** Remained 0 (0.0 %) benchmark(s) to run. Estimated finish 2026-10-05 2:02 (0h 0m from now) **
Run time: 00:00:30 (30.61 sec), executed benchmarks: 17

// ***** BenchmarkRunner: Finish  *****

// * Export *
  home/user/ArmoniK.Api/ffi/logs/csharp/opt/s7/ab-final2/e0-nounk-r2.jsonl

// * Detailed results *
CodecSuite.Run: campaign(EvaluateOverhead=False, Arguments=/p:AkNounk=true, Clock=Armonik.Ffi.Bdn.CpuClock, IterationCount=6, IterationTime=40ms, LaunchCount=1, RunStrategy=Throughput, WarmupCount=25) [Case=core-(...)known [46]]
Runtime = .NET 8.0.31 (8.0.31, 8.0.3126.42015), X64 RyuJIT x86-64-v4; GC = Concurrent Workstation
Mean = 867.628 us, StdErr = 2.192 us (0.25%), N = 5, StdDev = 4.902 us
Min = 861.793 us, Q1 = 863.254 us, Median = 868.917 us, Q3 = 871.208 us, Max = 872.965 us
IQR = 7.954 us, LowerFence = 851.323 us, UpperFence = 883.139 us
ConfidenceInterval = [848.750 us; 886.505 us] (CI 99.9%), Margin = 18.878 us (2.18% of Mean)
Skewness = -0.14, Kurtosis = 0.87, MValue = 2
-------------------- Histogram --------------------
[858.030 us ; 876.728 us) | @@@@@
---------------------------------------------------

CodecSuite.Run: campaign(EvaluateOverhead=False, Arguments=/p:AkNounk=true, Clock=Armonik.Ffi.Bdn.CpuClock, IterationCount=6, IterationTime=40ms, LaunchCount=1, RunStrategy=Throughput, WarmupCount=25) [Case=core-(...)known [46]]
Runtime = .NET 8.0.31 (8.0.31, 8.0.3126.42015), X64 RyuJIT x86-64-v4; GC = Concurrent Workstation
Mean = 200.315 us, StdErr = 1.300 us (0.65%), N = 5, StdDev = 2.907 us
Min = 197.658 us, Q1 = 198.627 us, Median = 199.133 us, Q3 = 201.178 us, Max = 204.978 us
IQR = 2.551 us, LowerFence = 194.800 us, UpperFence = 205.005 us
ConfidenceInterval = [189.123 us; 211.507 us] (CI 99.9%), Margin = 11.192 us (5.59% of Mean)
Skewness = 0.63, Kurtosis = 1.49, MValue = 2
-------------------- Histogram --------------------
[197.187 us ; 202.747 us) | @@@@
[202.747 us ; 207.209 us) | @
---------------------------------------------------

CodecSuite.Run: campaign(EvaluateOverhead=False, Arguments=/p:AkNounk=true, Clock=Armonik.Ffi.Bdn.CpuClock, IterationCount=6, IterationTime=40ms, LaunchCount=1, RunStrategy=Throughput, WarmupCount=25) [Case=core-(...)known [87]]
Runtime = .NET 8.0.31 (8.0.31, 8.0.3126.42015), X64 RyuJIT x86-64-v4; GC = Concurrent Workstation
Mean = 103.093 ns, StdErr = 0.381 ns (0.37%), N = 6, StdDev = 0.934 ns
Min = 101.672 ns, Q1 = 102.746 ns, Median = 103.077 ns, Q3 = 103.505 ns, Max = 104.450 ns
IQR = 0.759 ns, LowerFence = 101.608 ns, UpperFence = 104.643 ns
ConfidenceInterval = [100.474 ns; 105.713 ns] (CI 99.9%), Margin = 2.619 ns (2.54% of Mean)
Skewness = -0.07, Kurtosis = 1.65, MValue = 2
-------------------- Histogram --------------------
[100.997 ns ; 105.124 ns) | @@@@@@
---------------------------------------------------

CodecSuite.Run: campaign(EvaluateOverhead=False, Arguments=/p:AkNounk=true, Clock=Armonik.Ffi.Bdn.CpuClock, IterationCount=6, IterationTime=40ms, LaunchCount=1, RunStrategy=Throughput, WarmupCount=25) [Case=core-(...)known [46]]
Runtime = .NET 8.0.31 (8.0.31, 8.0.3126.42015), X64 RyuJIT x86-64-v4; GC = Concurrent Workstation
Mean = 609.507 us, StdErr = 9.958 us (1.63%), N = 5, StdDev = 22.266 us
Min = 588.309 us, Q1 = 595.276 us, Median = 596.691 us, Q3 = 632.346 us, Max = 634.913 us
IQR = 37.069 us, LowerFence = 539.673 us, UpperFence = 687.949 us
ConfidenceInterval = [523.767 us; 695.247 us] (CI 99.9%), Margin = 85.740 us (14.07% of Mean)
Skewness = 0.25, Kurtosis = 0.78, MValue = 2
-------------------- Histogram --------------------
[575.409 us ; 616.538 us) | @@@
[616.538 us ; 652.003 us) | @@
---------------------------------------------------

CodecSuite.Run: campaign(EvaluateOverhead=False, Arguments=/p:AkNounk=true, Clock=Armonik.Ffi.Bdn.CpuClock, IterationCount=6, IterationTime=40ms, LaunchCount=1, RunStrategy=Throughput, WarmupCount=25) [Case=core-(...)known [45]]
Runtime = .NET 8.0.31 (8.0.31, 8.0.3126.42015), X64 RyuJIT x86-64-v4; GC = Concurrent Workstation
Mean = 1.451 ms, StdErr = 0.039 ms (2.66%), N = 6, StdDev = 0.095 ms
Min = 1.385 ms, Q1 = 1.387 ms, Median = 1.402 ms, Q3 = 1.495 ms, Max = 1.612 ms
IQR = 0.108 ms, LowerFence = 1.224 ms, UpperFence = 1.658 ms
ConfidenceInterval = [1.186 ms; 1.717 ms] (CI 99.9%), Margin = 0.265 ms (18.29% of Mean)
Skewness = 0.71, Kurtosis = 1.54, MValue = 2
-------------------- Histogram --------------------
[1.316 ms ; 1.466 ms) | @@@@
[1.466 ms ; 1.636 ms) | @@
---------------------------------------------------

CodecSuite.Run: campaign(EvaluateOverhead=False, Arguments=/p:AkNounk=true, Clock=Armonik.Ffi.Bdn.CpuClock, IterationCount=6, IterationTime=40ms, LaunchCount=1, RunStrategy=Throughput, WarmupCount=25) [Case=core-(...)known [46]]
Runtime = .NET 8.0.31 (8.0.31, 8.0.3126.42015), X64 RyuJIT x86-64-v4; GC = Concurrent Workstation
Mean = 829.096 us, StdErr = 26.032 us (3.14%), N = 5, StdDev = 58.209 us
Min = 766.143 us, Q1 = 813.018 us, Median = 819.167 us, Q3 = 822.217 us, Max = 924.938 us
IQR = 9.199 us, LowerFence = 799.219 us, UpperFence = 836.015 us
ConfidenceInterval = [604.955 us; 1,053.238 us] (CI 99.9%), Margin = 224.141 us (27.03% of Mean)
Skewness = 0.63, Kurtosis = 1.74, MValue = 2
-------------------- Histogram --------------------
[749.502 us ; 838.858 us) | @@@@
[838.858 us ; 880.259 us) | 
[880.259 us ; 969.616 us) | @
---------------------------------------------------

CodecSuite.Run: campaign(EvaluateOverhead=False, Arguments=/p:AkNounk=true, Clock=Armonik.Ffi.Bdn.CpuClock, IterationCount=6, IterationTime=40ms, LaunchCount=1, RunStrategy=Throughput, WarmupCount=25) [Case=core-(...)known [61]]
Runtime = .NET 8.0.31 (8.0.31, 8.0.3126.42015), X64 RyuJIT x86-64-v4; GC = Concurrent Workstation
Mean = 136.594 ns, StdErr = 0.855 ns (0.63%), N = 5, StdDev = 1.912 ns
Min = 134.266 ns, Q1 = 135.611 ns, Median = 136.550 ns, Q3 = 137.132 ns, Max = 139.413 ns
IQR = 1.522 ns, LowerFence = 133.328 ns, UpperFence = 139.414 ns
ConfidenceInterval = [129.230 ns; 143.958 ns] (CI 99.9%), Margin = 7.364 ns (5.39% of Mean)
Skewness = 0.26, Kurtosis = 1.4, MValue = 2
-------------------- Histogram --------------------
[134.231 ns ; 137.945 ns) | @@@@
[137.945 ns ; 140.881 ns) | @
---------------------------------------------------

CodecSuite.Run: campaign(EvaluateOverhead=False, Arguments=/p:AkNounk=true, Clock=Armonik.Ffi.Bdn.CpuClock, IterationCount=6, IterationTime=40ms, LaunchCount=1, RunStrategy=Throughput, WarmupCount=25) [Case=core-(...)known [60]]
Runtime = .NET 8.0.31 (8.0.31, 8.0.3126.42015), X64 RyuJIT x86-64-v4; GC = Concurrent Workstation
Mean = 1.390 us, StdErr = 0.044 us (3.18%), N = 6, StdDev = 0.108 us
Min = 1.280 us, Q1 = 1.310 us, Median = 1.354 us, Q3 = 1.483 us, Max = 1.528 us
IQR = 0.174 us, LowerFence = 1.049 us, UpperFence = 1.743 us
ConfidenceInterval = [1.086 us; 1.693 us] (CI 99.9%), Margin = 0.303 us (21.84% of Mean)
Skewness = 0.31, Kurtosis = 1, MValue = 2
-------------------- Histogram --------------------
[1.256 us ; 1.443 us) | @@@@
[1.443 us ; 1.606 us) | @@
---------------------------------------------------

CodecSuite.Run: campaign(EvaluateOverhead=False, Arguments=/p:AkNounk=true, Clock=Armonik.Ffi.Bdn.CpuClock, IterationCount=6, IterationTime=40ms, LaunchCount=1, RunStrategy=Throughput, WarmupCount=25) [Case=core-(...)known [46]]
Runtime = .NET 8.0.31 (8.0.31, 8.0.3126.42015), X64 RyuJIT x86-64-v4; GC = Concurrent Workstation
Mean = 24.567 us, StdErr = 0.153 us (0.62%), N = 6, StdDev = 0.374 us
Min = 24.173 us, Q1 = 24.261 us, Median = 24.514 us, Q3 = 24.823 us, Max = 25.098 us
IQR = 0.563 us, LowerFence = 23.417 us, UpperFence = 25.667 us
ConfidenceInterval = [23.519 us; 25.615 us] (CI 99.9%), Margin = 1.048 us (4.27% of Mean)
Skewness = 0.24, Kurtosis = 1.14, MValue = 2
-------------------- Histogram --------------------
[24.112 us ; 24.729 us) | @@@@
[24.729 us ; 25.368 us) | @@
---------------------------------------------------

CodecSuite.Run: campaign(EvaluateOverhead=False, Arguments=/p:AkNounk=true, Clock=Armonik.Ffi.Bdn.CpuClock, IterationCount=6, IterationTime=40ms, LaunchCount=1, RunStrategy=Throughput, WarmupCount=25) [Case=core-(...)known [46]]
Runtime = .NET 8.0.31 (8.0.31, 8.0.3126.42015), X64 RyuJIT x86-64-v4; GC = Concurrent Workstation
Mean = 201.687 us, StdErr = 1.565 us (0.78%), N = 5, StdDev = 3.500 us
Min = 197.537 us, Q1 = 199.855 us, Median = 200.366 us, Q3 = 205.236 us, Max = 205.439 us
IQR = 5.382 us, LowerFence = 191.782 us, UpperFence = 213.308 us
ConfidenceInterval = [188.210 us; 215.163 us] (CI 99.9%), Margin = 13.476 us (6.68% of Mean)
Skewness = 0.08, Kurtosis = 0.89, MValue = 2
-------------------- Histogram --------------------
[196.266 us ; 202.651 us) | @@@
[202.651 us ; 208.125 us) | @@
---------------------------------------------------

CodecSuite.Run: campaign(EvaluateOverhead=False, Arguments=/p:AkNounk=true, Clock=Armonik.Ffi.Bdn.CpuClock, IterationCount=6, IterationTime=40ms, LaunchCount=1, RunStrategy=Throughput, WarmupCount=25) [Case=core-(...)known [47]]
Runtime = .NET 8.0.31 (8.0.31, 8.0.3126.42015), X64 RyuJIT x86-64-v4; GC = Concurrent Workstation
Mean = 1.139 ms, StdErr = 0.022 ms (1.95%), N = 6, StdDev = 0.054 ms
Min = 1.087 ms, Q1 = 1.104 ms, Median = 1.121 ms, Q3 = 1.161 ms, Max = 1.233 ms
IQR = 0.058 ms, LowerFence = 1.017 ms, UpperFence = 1.248 ms
ConfidenceInterval = [0.987 ms; 1.292 ms] (CI 99.9%), Margin = 0.153 ms (13.39% of Mean)
Skewness = 0.66, Kurtosis = 1.67, MValue = 2
-------------------- Histogram --------------------
[1.069 ms ; 1.148 ms) | @@@@
[1.148 ms ; 1.242 ms) | @@
---------------------------------------------------

CodecSuite.Run: campaign(EvaluateOverhead=False, Arguments=/p:AkNounk=true, Clock=Armonik.Ffi.Bdn.CpuClock, IterationCount=6, IterationTime=40ms, LaunchCount=1, RunStrategy=Throughput, WarmupCount=25) [Case=core-(...)known [58]]
Runtime = .NET 8.0.31 (8.0.31, 8.0.3126.42015), X64 RyuJIT x86-64-v4; GC = Concurrent Workstation
Mean = 239.344 ns, StdErr = 0.842 ns (0.35%), N = 5, StdDev = 1.882 ns
Min = 236.779 ns, Q1 = 237.903 ns, Median = 240.463 ns, Q3 = 240.578 ns, Max = 240.996 ns
IQR = 2.676 ns, LowerFence = 233.889 ns, UpperFence = 244.592 ns
ConfidenceInterval = [232.098 ns; 246.590 ns] (CI 99.9%), Margin = 7.246 ns (3.03% of Mean)
Skewness = -0.36, Kurtosis = 0.94, MValue = 2
-------------------- Histogram --------------------
[235.335 ns ; 242.441 ns) | @@@@@
---------------------------------------------------

CodecSuite.Run: campaign(EvaluateOverhead=False, Arguments=/p:AkNounk=true, Clock=Armonik.Ffi.Bdn.CpuClock, IterationCount=6, IterationTime=40ms, LaunchCount=1, RunStrategy=Throughput, WarmupCount=25) [Case=core-(...)known [46]]
Runtime = .NET 8.0.31 (8.0.31, 8.0.3126.42015), X64 RyuJIT x86-64-v4; GC = Concurrent Workstation
Mean = 126.304 us, StdErr = 2.993 us (2.37%), N = 6, StdDev = 7.330 us
Min = 115.541 us, Q1 = 122.944 us, Median = 125.945 us, Q3 = 130.312 us, Max = 136.681 us
IQR = 7.368 us, LowerFence = 111.892 us, UpperFence = 141.364 us
ConfidenceInterval = [105.748 us; 146.860 us] (CI 99.9%), Margin = 20.556 us (16.27% of Mean)
Skewness = -0.03, Kurtosis = 1.49, MValue = 2
-------------------- Histogram --------------------
[110.246 us ; 121.561 us) | @
[121.561 us ; 132.150 us) | @@@@
[132.150 us ; 141.976 us) | @
---------------------------------------------------

CodecSuite.Run: campaign(EvaluateOverhead=False, Arguments=/p:AkNounk=true, Clock=Armonik.Ffi.Bdn.CpuClock, IterationCount=6, IterationTime=40ms, LaunchCount=1, RunStrategy=Throughput, WarmupCount=25) [Case=core-(...)known [46]]
Runtime = .NET 8.0.31 (8.0.31, 8.0.3126.42015), X64 RyuJIT x86-64-v4; GC = Concurrent Workstation
Mean = 848.413 us, StdErr = 3.878 us (0.46%), N = 5, StdDev = 8.671 us
Min = 839.402 us, Q1 = 842.324 us, Median = 845.926 us, Q3 = 853.919 us, Max = 860.494 us
IQR = 11.595 us, LowerFence = 824.931 us, UpperFence = 871.312 us
ConfidenceInterval = [815.025 us; 881.801 us] (CI 99.9%), Margin = 33.388 us (3.94% of Mean)
Skewness = 0.29, Kurtosis = 1.07, MValue = 2
-------------------- Histogram --------------------
[834.237 us ; 867.149 us) | @@@@@
---------------------------------------------------

CodecSuite.Run: campaign(EvaluateOverhead=False, Arguments=/p:AkNounk=true, Clock=Armonik.Ffi.Bdn.CpuClock, IterationCount=6, IterationTime=40ms, LaunchCount=1, RunStrategy=Throughput, WarmupCount=25) [Case=core-(...)known [74]]
Runtime = .NET 8.0.31 (8.0.31, 8.0.3126.42015), X64 RyuJIT x86-64-v4; GC = Concurrent Workstation
Mean = 225.170 ns, StdErr = 2.293 ns (1.02%), N = 5, StdDev = 5.126 ns
Min = 216.284 ns, Q1 = 225.206 ns, Median = 228.026 ns, Q3 = 228.052 ns, Max = 228.283 ns
IQR = 2.846 ns, LowerFence = 220.938 ns, UpperFence = 232.320 ns
ConfidenceInterval = [205.431 ns; 244.910 ns] (CI 99.9%), Margin = 19.740 ns (8.77% of Mean)
Skewness = -0.93, Kurtosis = 1.87, MValue = 2
-------------------- Histogram --------------------
[212.349 ns ; 222.810 ns) | @
[222.810 ns ; 232.218 ns) | @@@@
---------------------------------------------------

CodecSuite.Run: campaign(EvaluateOverhead=False, Arguments=/p:AkNounk=true, Clock=Armonik.Ffi.Bdn.CpuClock, IterationCount=6, IterationTime=40ms, LaunchCount=1, RunStrategy=Throughput, WarmupCount=25) [Case=core-(...)known [84]]
Runtime = .NET 8.0.31 (8.0.31, 8.0.3126.42015), X64 RyuJIT x86-64-v4; GC = Concurrent Workstation
Mean = 1.328 us, StdErr = 0.001 us (0.10%), N = 6, StdDev = 0.003 us
Min = 1.324 us, Q1 = 1.326 us, Median = 1.327 us, Q3 = 1.331 us, Max = 1.333 us
IQR = 0.005 us, LowerFence = 1.319 us, UpperFence = 1.338 us
ConfidenceInterval = [1.319 us; 1.338 us] (CI 99.9%), Margin = 0.009 us (0.70% of Mean)
Skewness = 0.25, Kurtosis = 1.11, MValue = 2
-------------------- Histogram --------------------
[1.322 us ; 1.335 us) | @@@@@@
---------------------------------------------------

CodecSuite.Run: campaign(EvaluateOverhead=False, Arguments=/p:AkNounk=true, Clock=Armonik.Ffi.Bdn.CpuClock, IterationCount=6, IterationTime=40ms, LaunchCount=1, RunStrategy=Throughput, WarmupCount=25) [Case=core-(...)known [86]]
Runtime = .NET 8.0.31 (8.0.31, 8.0.3126.42015), X64 RyuJIT x86-64-v4; GC = Concurrent Workstation
Mean = 1.178 us, StdErr = 0.023 us (1.95%), N = 6, StdDev = 0.056 us
Min = 1.135 us, Q1 = 1.137 us, Median = 1.149 us, Q3 = 1.220 us, Max = 1.259 us
IQR = 0.083 us, LowerFence = 1.012 us, UpperFence = 1.344 us
ConfidenceInterval = [1.020 us; 1.336 us] (CI 99.9%), Margin = 0.158 us (13.43% of Mean)
Skewness = 0.5, Kurtosis = 1.1, MValue = 2
-------------------- Histogram --------------------
[1.107 us ; 1.208 us) | @@@@
[1.208 us ; 1.300 us) | @@
---------------------------------------------------

// * Summary *

BenchmarkDotNet v0.15.8, Linux Ubuntu 24.04.4 LTS (Noble Numbat)
Intel Xeon Processor 2.80GHz, 1 CPU, 4 logical and 4 physical cores
.NET SDK 8.0.131
  [Host]   : .NET 8.0.31 (8.0.31, 8.0.3126.42015), X64 RyuJIT x86-64-v4
  campaign : .NET 8.0.31 (8.0.31, 8.0.3126.42015), X64 RyuJIT x86-64-v4

Job=campaign  EvaluateOverhead=False  Arguments=/p:AkNounk=true  
Clock=Armonik.Ffi.Bdn.CpuClock  IterationCount=6  IterationTime=40ms  
LaunchCount=1  RunStrategy=Throughput  WarmupCount=25  

| Method | Case                 | Mean           | Error         | StdDev       | Allocated |
|------- |--------------------- |---------------:|--------------:|-------------:|----------:|
| Run    | core-(...)known [46] |   867,627.5 ns |  18,877.63 ns |  4,902.46 ns |         - |
| Run    | core-(...)known [46] |   200,314.8 ns |  11,192.22 ns |  2,906.58 ns |         - |
| Run    | core-(...)known [87] |       103.1 ns |       2.62 ns |      0.93 ns |         - |
| Run    | core-(...)known [46] |   609,506.9 ns |  85,739.82 ns | 22,266.36 ns |         - |
| Run    | core-(...)known [45] | 1,451,316.4 ns | 265,378.80 ns | 94,636.64 ns |         - |
| Run    | core-(...)known [46] |   829,096.4 ns | 224,141.35 ns | 58,208.80 ns |         - |
| Run    | core-(...)known [61] |       136.6 ns |       7.36 ns |      1.91 ns |         - |
| Run    | core-(...)known [60] |     1,389.6 ns |     303.43 ns |    108.20 ns |         - |
| Run    | core-(...)known [46] |    24,566.8 ns |   1,048.24 ns |    373.81 ns |         - |
| Run    | core-(...)known [46] |   201,686.7 ns |  13,476.31 ns |  3,499.76 ns |         - |
| Run    | core-(...)known [47] | 1,139,171.7 ns | 152,579.36 ns | 54,411.27 ns |         - |
| Run    | core-(...)known [58] |       239.3 ns |       7.25 ns |      1.88 ns |         - |
| Run    | core-(...)known [46] |   126,303.7 ns |  20,555.83 ns |  7,330.41 ns |         - |
| Run    | core-(...)known [46] |   848,412.9 ns |  33,388.37 ns |  8,670.85 ns |         - |
| Run    | core-(...)known [74] |       225.2 ns |      19.74 ns |      5.13 ns |         - |
| Run    | core-(...)known [84] |     1,328.3 ns |       9.34 ns |      3.33 ns |         - |
| Run    | core-(...)known [86] |     1,177.9 ns |     158.14 ns |     56.40 ns |         - |

// * Legends *
  Case      : Value of the 'Case' parameter
  Mean      : Arithmetic mean of all measurements
  Error     : Half of 99.9% confidence interval
  StdDev    : Standard deviation of all measurements
  Allocated : Allocated memory per single operation (managed only, inclusive, 1KB = 1024B)
  1 ns      : 1 Nanosecond (0.000000001 sec)

// * Diagnostic Output - AkProcessCpu *

// * Diagnostic Output - MemoryDiagnoser *


// ***** BenchmarkRunner: End *****
Global total time: 00:00:37 (37.88 sec), executed benchmarks: 17
// * Artifacts cleanup *
Artifacts cleanup is finished
