# engine:         BenchmarkDotNet 0.15.8.0 (CAMPAIGN.md 22a), toolchain BDN's default, ONE CHILD PROCESS PER CASE (the campaign's native isolation, req 22a as amended e6c909630); process CPU per iteration from the child's clock reads, each pair checked against BDN's wall measurement; the JIT tier is NOT read back (the children's JIT events are not visible here), so the jit check below is vacuous in this mode, pinned by the runner
# grid:           core (CAMPAIGN section 4.0, D18; AK_CAMPAIGN_GRID=core): arms incumbent-prod (full build only), core-ffi and host-gen (retain in the full build, no-unknown in its build); encode-transport-hot (end state ii, one hot graph) and decode-read; the 16 shapes, P7.1 decode only; Latin-1 and wide on P2.2 only; U-* rows U-nested-before, U-deep-u-repeated, U-oneof-u-repeated, U-wire-ListTaskSummaryResponse-tasks-as-wt5, U-wire-UploadResultDataMessage-upload-as-wt5, U-wire-ListMetricsResponse-batches-as-wt0, U-wire-DualResponse-left-as-wt5 (encode-transport-hot and decode-read). Extras left out (AK_CAMPAIGN_GRID=full runs them): incumbent-best, core-ffi-pull, bare decode, encode at end state (i) and with a pool input, decode-reencode, the drop mode, the incumbent in the no-unknown build, content sets on P1.2 and P2.4, the other U-* rows timed (all stay in the correctness checks)
# allocator:      default (readback at process start: a 16 MiB malloc came from the mmapped (mallinfo2; the block kept, never freed); no heap pre-grow (owner, 2026-10-03): BDN's warm-up runs the real call path, and minflt per row shows whether it sufficed; under the default toolchain each child probes once, on its case's first row as alloc_probe; GLIBC_TUNABLES=unset; CAMPAIGN req 25 as amended 2026-10-03, D9: the main figures run glibc's default allocator as production does; the pinned pass (glibc.malloc.trim_threshold=268435456:glibc.malloc.mmap_threshold=33554432) is a labelled diagnostic; every row carries `alloc` and `minflt`, the process's minor page faults over the iteration (getrusage, read by the job's clock beside the CPU clock), so faults per call = minflt / iters)
# runtime:        .NET 8.0.31; TieredCompilation=default TieredPGO=default (net8.0 defaults unless set); GC server=False, concurrent (default)
# incumbent:      Google.Protobuf 3.32.0
# build:          full (WP5 step 10; the loaded core checked to be the same variant by its u-family exports)
# managed codec:  plan utf8=reject unknown=drop
# job:            launch 1; 6 actual iterations (rounds) per case, 25 warm-up iterations (the same for every case) after BDN's jitting stage (1 overhead + 1 workload jitting invocation per case, logged by BDN in the .bdn.log, not exported) and pilot, iteration time 40 ms (the pilot picks the invocation count per case), strategy Throughput, EvaluateOverhead=false (no overhead subtraction anywhere)
# clocks:         per iteration (every row with round >= 1): wall (Stopwatch) AND process CPU (CLOCK_PROCESS_CPUTIME_ID of this process: every thread, GC and JIT included; CAMPAIGN req 21 as amended, R-H25), both read by the job's clock (CpuClock, Job.WithClock) at the start and end of the same iteration window, exported RAW (no outlier removal, no overhead subtraction); BDN's forced GCs between iterations are outside the window; the round-0 row of each case is a summary of the whole actual stage (span_cpu_ns, span_wall_ns), not a sample
# threads:        thread pool min 2 worker / 1 IO, max 32767 worker / 1000 IO, 0 pool thread(s) now; 2 logical CPUs visible; the codec suite creates no core runtime (no RPC call is made); the timed loop runs on BDN's one thread
# encode:         CAMPAIGN req 11 (R-H29): dir encode = pool input + reused buffer; encode-hot = one graph + reused buffer; encode-transport = pool + the Grpc.Net form; encode-transport-hot = one graph + the Grpc.Net form. Reused buffer: incumbent-prod CalculateSize + WriteTo(IBufferWriter) and incumbent-best WriteTo(IBufferWriter) into one BufWriter, host-gen into its one Enc, core-ffi into the core's encode buffer (ak_encode_*/ak_uencode_*; that buffer is also what cell C hands the core's transport, and host-gen's Enc what cell E hands it, so their transport forms on the core's transport ARE the buffer rows). Grpc.Net form (cells A, F, D): the serializer the RPC grid's marshaller runs (RootOps.SerInc/SerHost/SerFfi), into a frame like Grpc.Net.Client 2.71's GrpcCallSerializationContext: one ArrayPool array, the 5-byte gRPC header, the body, the array returned after (GrpcFrame.cs); incumbent-best has no gRPC path and no transport row. Pool: distinct graphs built in the case's setup whose RETAINED heap is >= 28835840 bytes (2 x AK_LLC_BYTES, default 13.75 MB; AK_POOL_BYTES overrides; per row pool_graphs and pool_bytes), round robin one graph per call; a hot input is a pool of one (the same Next() per call); graph construction is never in the timed window
# U-* rows:       CAMPAIGN req 7 (R-H27): the 92 accepted, non-disputed U-* rows at the shapes core's 7 ABI roots, through this timed shapes core: encode-hot (a graph the arm decoded from the row, untimed; retain arms re-emit the unknown fields, drop arms the dropped form), decode, decode-read, and decode-reencode (a labelled extra; no incumbent-best row)
# content sets:   CAMPAIGN req 7 (R-H26): ascii, latin1 and wide on P1.2, P2.2, P2.4; ascii only elsewhere
# order:          seeded shuffles (below); ratios, where the aggregation forms them, come from per-launch medians (CAMPAIGN req 30): every unit is its own process
# process unit:   all cases; this launch's unit order: core-ffi:retain, core-ffi:drop (a seeded shuffle, seed 7919; within this process the cases run in a seeded shuffle too, seed 104729, the 2 prime cases first; requirement 22 as amended, R-H23)
# warm-up:        BenchmarkDotNet's own, per case: its jitting stage, pilot and the warm-up iterations of the job line (req 24; WP9 addendum: no hand-written pre-warm and no settle wait; the 2 prime cases below are BDN cases); the JIT tier is read back per case and a case that measured hot code at tier 0 fails the unit outside --smoke (the jit check below)
# correctness:    4156 pre-timing checks passed (byte identity of every encode arm per payload and content set; every arm accepts every unknown row; on every unknown row core-ffi retain and host-gen retain re-encode to the incumbent's bytes, i.e. the unknown fields are kept: requirement 10)
# cases:          30 exported, after 2 prime case(s) run first and not exported (copies of the first cases, content "prime"): BDN cases like any other, kept because without them the first case of a process measures BDN's own first-touched runtime helpers (SpanHelpers.Fill) at tier 0 (JOURNAL 51, 62)
# strings:        D21 string encode path AK_STR_ENC=E1 (E0 .NET UTF-8 into native staging + ak_tc_bytes; E1 the string pinned + ak_tc_utf16; E2 the C# transcoder callback into the core's buffer; ETH:<n> E1 from n UTF-16 units, E0 below); Cases.Verify checks every path's bytes
# memory:         AK_BDN_MEMORY=1: BenchmarkDotNet's MemoryDiagnoser (an exploration switch, not a campaign setting): one extra workload iteration per case AFTER the actual stage, at the actual stage's invocation count, outside the job's clock (no exported sample is affected); on each case's first sample row mem_alloc_bytes_per_op (GC.GetTotalAllocatedBytes(precise), every thread, divided by its operations), mem_gen = [gen0, gen1, gen2] collections during it, mem_ops its operations, mem_alloc_bytes its total
# cpus:           this process: 2 CPU(s) in its affinity mask (sched_getaffinity), Environment.ProcessorCount 2; single-CPU guard (JOURNAL 73): a timed process (host or BDN child) with ONE CPU is refused unless AK_ALLOW_SINGLE_CPU=1 (here: unset); each case's first row carries cpus_affinity, cpus_runtime and single_cpu_override as its own process saw them
// Validating benchmarks:
// ***** BenchmarkRunner: Start   *****
// ***** Found 32 benchmark(s) in total *****
// ***** Building 1 exe(s) in Parallel: Start   *****
Unable to find .sln or .csproj file. Will use current directory /home/user/ArmoniK.Api/ffi/poc/csharp to search for project file. If you don't use .sln file on purpose it should not be a problem.
// start dotnet  restore --nodeReuse:false /p:UseSharedCompilation=false /p:Deterministic=true /p:Optimize=true /p:ArtifactsPath="/home/user/ArmoniK.Api/ffi/poc/csharp/src/BenchDotNet/bin/Release/net8.0/BenchDotNet-campaign-1/" /p:OutDir="/home/user/ArmoniK.Api/ffi/poc/csharp/src/BenchDotNet/bin/Release/net8.0/BenchDotNet-campaign-1/bin/Release/net8.0/" /p:OutputPath="/home/user/ArmoniK.Api/ffi/poc/csharp/src/BenchDotNet/bin/Release/net8.0/BenchDotNet-campaign-1/bin/Release/net8.0/" /p:PublishDir="/home/user/ArmoniK.Api/ffi/poc/csharp/src/BenchDotNet/bin/Release/net8.0/BenchDotNet-campaign-1/publish/" in /home/user/ArmoniK.Api/ffi/poc/csharp/src/BenchDotNet/bin/Release/net8.0/BenchDotNet-campaign-1
// command took 2.54 sec and exited with 0
// start dotnet  build -c Release --no-restore --nodeReuse:false /p:UseSharedCompilation=false /p:Deterministic=true /p:Optimize=true /p:ArtifactsPath="/home/user/ArmoniK.Api/ffi/poc/csharp/src/BenchDotNet/bin/Release/net8.0/BenchDotNet-campaign-1/" /p:OutDir="/home/user/ArmoniK.Api/ffi/poc/csharp/src/BenchDotNet/bin/Release/net8.0/BenchDotNet-campaign-1/bin/Release/net8.0/" /p:OutputPath="/home/user/ArmoniK.Api/ffi/poc/csharp/src/BenchDotNet/bin/Release/net8.0/BenchDotNet-campaign-1/bin/Release/net8.0/" /p:PublishDir="/home/user/ArmoniK.Api/ffi/poc/csharp/src/BenchDotNet/bin/Release/net8.0/BenchDotNet-campaign-1/publish/" --output "/home/user/ArmoniK.Api/ffi/poc/csharp/src/BenchDotNet/bin/Release/net8.0/BenchDotNet-campaign-1/bin/Release/net8.0/" in /home/user/ArmoniK.Api/ffi/poc/csharp/src/BenchDotNet/bin/Release/net8.0/BenchDotNet-campaign-1
// command took 19.68 sec and exited with 0
// ***** Done, took 00:00:22 (22.34 sec)   *****
// Found 32 benchmarks:
//   CodecSuite.Run: campaign(EvaluateOverhead=False, Clock=Armonik.Ffi.Bdn.CpuClock, IterationCount=6, IterationTime=40ms, LaunchCount=1, RunStrategy=Throughput, WarmupCount=25) [Case=core-(...)etain [42]]
//   CodecSuite.Run: campaign(EvaluateOverhead=False, Clock=Armonik.Ffi.Bdn.CpuClock, IterationCount=6, IterationTime=40ms, LaunchCount=1, RunStrategy=Throughput, WarmupCount=25) [Case=core-(...)|drop [40]]
//   CodecSuite.Run: campaign(EvaluateOverhead=False, Clock=Armonik.Ffi.Bdn.CpuClock, IterationCount=6, IterationTime=40ms, LaunchCount=1, RunStrategy=Throughput, WarmupCount=25) [Case=core-(...)etain [42]]
//   CodecSuite.Run: campaign(EvaluateOverhead=False, Clock=Armonik.Ffi.Bdn.CpuClock, IterationCount=6, IterationTime=40ms, LaunchCount=1, RunStrategy=Throughput, WarmupCount=25) [Case=core-(...)|drop [78]]
//   CodecSuite.Run: campaign(EvaluateOverhead=False, Clock=Armonik.Ffi.Bdn.CpuClock, IterationCount=6, IterationTime=40ms, LaunchCount=1, RunStrategy=Throughput, WarmupCount=25) [Case=core-(...)|drop [40]]
//   CodecSuite.Run: campaign(EvaluateOverhead=False, Clock=Armonik.Ffi.Bdn.CpuClock, IterationCount=6, IterationTime=40ms, LaunchCount=1, RunStrategy=Throughput, WarmupCount=25) [Case=core-(...)etain [41]]
//   CodecSuite.Run: campaign(EvaluateOverhead=False, Clock=Armonik.Ffi.Bdn.CpuClock, IterationCount=6, IterationTime=40ms, LaunchCount=1, RunStrategy=Throughput, WarmupCount=25) [Case=core-(...)|drop [54]]
//   CodecSuite.Run: campaign(EvaluateOverhead=False, Clock=Armonik.Ffi.Bdn.CpuClock, IterationCount=6, IterationTime=40ms, LaunchCount=1, RunStrategy=Throughput, WarmupCount=25) [Case=core-(...)etain [42]]
//   CodecSuite.Run: campaign(EvaluateOverhead=False, Clock=Armonik.Ffi.Bdn.CpuClock, IterationCount=6, IterationTime=40ms, LaunchCount=1, RunStrategy=Throughput, WarmupCount=25) [Case=core-(...)|drop [81]]
//   CodecSuite.Run: campaign(EvaluateOverhead=False, Clock=Armonik.Ffi.Bdn.CpuClock, IterationCount=6, IterationTime=40ms, LaunchCount=1, RunStrategy=Throughput, WarmupCount=25) [Case=core-(...)etain [42]]
//   CodecSuite.Run: campaign(EvaluateOverhead=False, Clock=Armonik.Ffi.Bdn.CpuClock, IterationCount=6, IterationTime=40ms, LaunchCount=1, RunStrategy=Throughput, WarmupCount=25) [Case=core-(...)|drop [40]]
//   CodecSuite.Run: campaign(EvaluateOverhead=False, Clock=Armonik.Ffi.Bdn.CpuClock, IterationCount=6, IterationTime=40ms, LaunchCount=1, RunStrategy=Throughput, WarmupCount=25) [Case=core-(...)|drop [40]]
//   CodecSuite.Run: campaign(EvaluateOverhead=False, Clock=Armonik.Ffi.Bdn.CpuClock, IterationCount=6, IterationTime=40ms, LaunchCount=1, RunStrategy=Throughput, WarmupCount=25) [Case=core-(...)etain [43]]
//   CodecSuite.Run: campaign(EvaluateOverhead=False, Clock=Armonik.Ffi.Bdn.CpuClock, IterationCount=6, IterationTime=40ms, LaunchCount=1, RunStrategy=Throughput, WarmupCount=25) [Case=core-(...)|drop [41]]
//   CodecSuite.Run: campaign(EvaluateOverhead=False, Clock=Armonik.Ffi.Bdn.CpuClock, IterationCount=6, IterationTime=40ms, LaunchCount=1, RunStrategy=Throughput, WarmupCount=25) [Case=core-(...)etain [82]]
//   CodecSuite.Run: campaign(EvaluateOverhead=False, Clock=Armonik.Ffi.Bdn.CpuClock, IterationCount=6, IterationTime=40ms, LaunchCount=1, RunStrategy=Throughput, WarmupCount=25) [Case=core-(...)etain [42]]
//   CodecSuite.Run: campaign(EvaluateOverhead=False, Clock=Armonik.Ffi.Bdn.CpuClock, IterationCount=6, IterationTime=40ms, LaunchCount=1, RunStrategy=Throughput, WarmupCount=25) [Case=core-(...)etain [80]]
//   CodecSuite.Run: campaign(EvaluateOverhead=False, Clock=Armonik.Ffi.Bdn.CpuClock, IterationCount=6, IterationTime=40ms, LaunchCount=1, RunStrategy=Throughput, WarmupCount=25) [Case=core-(...)etain [83]]
//   CodecSuite.Run: campaign(EvaluateOverhead=False, Clock=Armonik.Ffi.Bdn.CpuClock, IterationCount=6, IterationTime=40ms, LaunchCount=1, RunStrategy=Throughput, WarmupCount=25) [Case=core-(...)|drop [40]]
//   CodecSuite.Run: campaign(EvaluateOverhead=False, Clock=Armonik.Ffi.Bdn.CpuClock, IterationCount=6, IterationTime=40ms, LaunchCount=1, RunStrategy=Throughput, WarmupCount=25) [Case=core-(...)etain [57]]
//   CodecSuite.Run: campaign(EvaluateOverhead=False, Clock=Armonik.Ffi.Bdn.CpuClock, IterationCount=6, IterationTime=40ms, LaunchCount=1, RunStrategy=Throughput, WarmupCount=25) [Case=core-(...)|drop [40]]
//   CodecSuite.Run: campaign(EvaluateOverhead=False, Clock=Armonik.Ffi.Bdn.CpuClock, IterationCount=6, IterationTime=40ms, LaunchCount=1, RunStrategy=Throughput, WarmupCount=25) [Case=core-(...)|drop [39]]
//   CodecSuite.Run: campaign(EvaluateOverhead=False, Clock=Armonik.Ffi.Bdn.CpuClock, IterationCount=6, IterationTime=40ms, LaunchCount=1, RunStrategy=Throughput, WarmupCount=25) [Case=core-(...)etain [56]]
//   CodecSuite.Run: campaign(EvaluateOverhead=False, Clock=Armonik.Ffi.Bdn.CpuClock, IterationCount=6, IterationTime=40ms, LaunchCount=1, RunStrategy=Throughput, WarmupCount=25) [Case=core-(...)|drop [55]]
//   CodecSuite.Run: campaign(EvaluateOverhead=False, Clock=Armonik.Ffi.Bdn.CpuClock, IterationCount=6, IterationTime=40ms, LaunchCount=1, RunStrategy=Throughput, WarmupCount=25) [Case=core-(...)|drop [52]]
//   CodecSuite.Run: campaign(EvaluateOverhead=False, Clock=Armonik.Ffi.Bdn.CpuClock, IterationCount=6, IterationTime=40ms, LaunchCount=1, RunStrategy=Throughput, WarmupCount=25) [Case=core-(...)|drop [80]]
//   CodecSuite.Run: campaign(EvaluateOverhead=False, Clock=Armonik.Ffi.Bdn.CpuClock, IterationCount=6, IterationTime=40ms, LaunchCount=1, RunStrategy=Throughput, WarmupCount=25) [Case=core-(...)etain [70]]
//   CodecSuite.Run: campaign(EvaluateOverhead=False, Clock=Armonik.Ffi.Bdn.CpuClock, IterationCount=6, IterationTime=40ms, LaunchCount=1, RunStrategy=Throughput, WarmupCount=25) [Case=core-(...)|drop [68]]
//   CodecSuite.Run: campaign(EvaluateOverhead=False, Clock=Armonik.Ffi.Bdn.CpuClock, IterationCount=6, IterationTime=40ms, LaunchCount=1, RunStrategy=Throughput, WarmupCount=25) [Case=core-(...)|drop [40]]
//   CodecSuite.Run: campaign(EvaluateOverhead=False, Clock=Armonik.Ffi.Bdn.CpuClock, IterationCount=6, IterationTime=40ms, LaunchCount=1, RunStrategy=Throughput, WarmupCount=25) [Case=core-(...)etain [54]]
//   CodecSuite.Run: campaign(EvaluateOverhead=False, Clock=Armonik.Ffi.Bdn.CpuClock, IterationCount=6, IterationTime=40ms, LaunchCount=1, RunStrategy=Throughput, WarmupCount=25) [Case=core-(...)etain [42]]
//   CodecSuite.Run: campaign(EvaluateOverhead=False, Clock=Armonik.Ffi.Bdn.CpuClock, IterationCount=6, IterationTime=40ms, LaunchCount=1, RunStrategy=Throughput, WarmupCount=25) [Case=core-(...)etain [42]]

// **************************
// Benchmark: CodecSuite.Run: campaign(EvaluateOverhead=False, Clock=Armonik.Ffi.Bdn.CpuClock, IterationCount=6, IterationTime=40ms, LaunchCount=1, RunStrategy=Throughput, WarmupCount=25) [Case=core-(...)etain [42]]
// *** Execute ***
// Launch: 1 / 1
// Execute: dotnet BenchDotNet-campaign-1.dll --anonymousPipes 111 112 --benchmarkName "Armonik.Ffi.Bdn.CodecSuite.Run(Case: \"core-ffi|encode-core-hot|P1.2|prime|retain\")" --job campaign --benchmarkId 0 in /home/user/ArmoniK.Api/ffi/poc/csharp/src/BenchDotNet/bin/Release/net8.0/BenchDotNet-campaign-1/bin/Release/net8.0
// BeforeAnythingElse

// Benchmark Process Environment Information:
// BenchmarkDotNet v0.15.8
// Runtime=.NET 8.0.31 (8.0.31, 8.0.3126.42015), X64 RyuJIT x86-64-v4
// GC=Concurrent Workstation
// HardwareIntrinsics=AVX512 F+BW+CD+DQ+VL,AVX2+BMI1+BMI2+F16C+FMA+LZCNT+MOVBE,AVX,SSE3+SSSE3+SSE4.1+SSE4.2+POPCNT,X86Base+SSE+SSE2,AES+PCLMUL VectorSize=256
// Job: campaign(EvaluateOverhead=False, Clock=Armonik.Ffi.Bdn.CpuClock, IterationCount=6, IterationTime=40ms, LaunchCount=1, RunStrategy=Throughput, WarmupCount=25)

OverheadJitting  1: 1 op, 323631.00 ns, 323.6310 us/op
WorkloadJitting  1: 1 op, 7108731.00 ns, 7.1087 ms/op

WorkloadPilot    1: 4 op, 5427162.00 ns, 1.3568 ms/op
WorkloadPilot    2: 29 op, 32802977.00 ns, 1.1311 ms/op
WorkloadPilot    3: 35 op, 36456265.00 ns, 1.0416 ms/op
WorkloadPilot    4: 38 op, 39833339.00 ns, 1.0482 ms/op

WorkloadWarmup   1: 38 op, 38462478.00 ns, 1.0122 ms/op
WorkloadWarmup   2: 38 op, 38315476.00 ns, 1.0083 ms/op
WorkloadWarmup   3: 38 op, 40526775.00 ns, 1.0665 ms/op
WorkloadWarmup   4: 38 op, 34456472.00 ns, 906.7493 us/op
WorkloadWarmup   5: 38 op, 33804209.00 ns, 889.5844 us/op
WorkloadWarmup   6: 38 op, 29841598.00 ns, 785.3052 us/op
WorkloadWarmup   7: 38 op, 30036955.00 ns, 790.4462 us/op
WorkloadWarmup   8: 38 op, 29634189.00 ns, 779.8471 us/op
WorkloadWarmup   9: 38 op, 29558756.00 ns, 777.8620 us/op
WorkloadWarmup  10: 38 op, 29742149.00 ns, 782.6881 us/op
WorkloadWarmup  11: 38 op, 29825253.00 ns, 784.8751 us/op
WorkloadWarmup  12: 38 op, 30064440.00 ns, 791.1695 us/op
WorkloadWarmup  13: 38 op, 29657781.00 ns, 780.4679 us/op
WorkloadWarmup  14: 38 op, 29939635.00 ns, 787.8851 us/op
WorkloadWarmup  15: 38 op, 32247849.00 ns, 848.6276 us/op
WorkloadWarmup  16: 38 op, 29622830.00 ns, 779.5482 us/op
WorkloadWarmup  17: 38 op, 29555153.00 ns, 777.7672 us/op
WorkloadWarmup  18: 38 op, 30340888.00 ns, 798.4444 us/op
WorkloadWarmup  19: 38 op, 31341034.00 ns, 824.7641 us/op
WorkloadWarmup  20: 38 op, 32991789.00 ns, 868.2050 us/op
WorkloadWarmup  21: 38 op, 30924160.00 ns, 813.7937 us/op
WorkloadWarmup  22: 38 op, 31066014.00 ns, 817.5267 us/op
WorkloadWarmup  23: 38 op, 30735215.00 ns, 808.8214 us/op
WorkloadWarmup  24: 38 op, 30884695.00 ns, 812.7551 us/op
WorkloadWarmup  25: 38 op, 31285349.00 ns, 823.2987 us/op

// BeforeActualRun
WorkloadActual   1: 38 op, 30115987.00 ns, 792.5260 us/op
WorkloadActual   2: 38 op, 29875240.00 ns, 786.1905 us/op
WorkloadActual   3: 38 op, 29780471.00 ns, 783.6966 us/op
WorkloadActual   4: 38 op, 30191661.00 ns, 794.5174 us/op
WorkloadActual   5: 38 op, 30128218.00 ns, 792.8478 us/op
WorkloadActual   6: 38 op, 29822906.00 ns, 784.8133 us/op

// AfterActualRun
WorkloadResult   1: 38 op, 30115987.00 ns, 792.5260 us/op
WorkloadResult   2: 38 op, 29875240.00 ns, 786.1905 us/op
WorkloadResult   3: 38 op, 29780471.00 ns, 783.6966 us/op
WorkloadResult   4: 38 op, 30191661.00 ns, 794.5174 us/op
WorkloadResult   5: 38 op, 30128218.00 ns, 792.8478 us/op
WorkloadResult   6: 38 op, 29822906.00 ns, 784.8133 us/op
// GC:  0 0 0 0 38
// Threading:  0 0 38

// AfterAll
// Benchmark Process 835 has exited with code 0.

Mean = 789.099 us, StdErr = 1.925 us (0.24%), N = 6, StdDev = 4.715 us
Min = 783.697 us, Q1 = 785.158 us, Median = 789.358 us, Q3 = 792.767 us, Max = 794.517 us
IQR = 7.610 us, LowerFence = 773.743 us, UpperFence = 804.182 us
ConfidenceInterval = [775.876 us; 802.321 us] (CI 99.9%), Margin = 13.223 us (1.68% of Mean)
Skewness = -0.01, Kurtosis = 0.83, MValue = 2

// ** Remained 31 (96.9 %) benchmark(s) to run. Estimated finish 2026-10-04 21:59 (0h 0m from now) **
// **************************
// Benchmark: CodecSuite.Run: campaign(EvaluateOverhead=False, Clock=Armonik.Ffi.Bdn.CpuClock, IterationCount=6, IterationTime=40ms, LaunchCount=1, RunStrategy=Throughput, WarmupCount=25) [Case=core-(...)|drop [40]]
// *** Execute ***
// Launch: 1 / 1
// Execute: dotnet BenchDotNet-campaign-1.dll --anonymousPipes 111 112 --benchmarkName "Armonik.Ffi.Bdn.CodecSuite.Run(Case: \"core-ffi|encode-core-hot|P1.2|prime|drop\")" --job campaign --benchmarkId 1 in /home/user/ArmoniK.Api/ffi/poc/csharp/src/BenchDotNet/bin/Release/net8.0/BenchDotNet-campaign-1/bin/Release/net8.0
// BeforeAnythingElse

// Benchmark Process Environment Information:
// BenchmarkDotNet v0.15.8
// Runtime=.NET 8.0.31 (8.0.31, 8.0.3126.42015), X64 RyuJIT x86-64-v4
// GC=Concurrent Workstation
// HardwareIntrinsics=AVX512 F+BW+CD+DQ+VL,AVX2+BMI1+BMI2+F16C+FMA+LZCNT+MOVBE,AVX,SSE3+SSSE3+SSE4.1+SSE4.2+POPCNT,X86Base+SSE+SSE2,AES+PCLMUL VectorSize=256
// Job: campaign(EvaluateOverhead=False, Clock=Armonik.Ffi.Bdn.CpuClock, IterationCount=6, IterationTime=40ms, LaunchCount=1, RunStrategy=Throughput, WarmupCount=25)

OverheadJitting  1: 1 op, 345019.00 ns, 345.0190 us/op
WorkloadJitting  1: 1 op, 7541925.00 ns, 7.5419 ms/op

WorkloadPilot    1: 4 op, 6337295.00 ns, 1.5843 ms/op
WorkloadPilot    2: 25 op, 29039337.00 ns, 1.1616 ms/op
WorkloadPilot    3: 34 op, 33443814.00 ns, 983.6416 us/op
WorkloadPilot    4: 41 op, 39596771.00 ns, 965.7749 us/op

WorkloadWarmup   1: 41 op, 40597439.00 ns, 990.1814 us/op
WorkloadWarmup   2: 41 op, 47562928.00 ns, 1.1601 ms/op
WorkloadWarmup   3: 41 op, 48242714.00 ns, 1.1767 ms/op
WorkloadWarmup   4: 41 op, 37632376.00 ns, 917.8628 us/op
WorkloadWarmup   5: 41 op, 37575519.00 ns, 916.4761 us/op
WorkloadWarmup   6: 41 op, 31846956.00 ns, 776.7550 us/op
WorkloadWarmup   7: 41 op, 33122979.00 ns, 807.8775 us/op
WorkloadWarmup   8: 41 op, 31840313.00 ns, 776.5930 us/op
WorkloadWarmup   9: 41 op, 32280416.00 ns, 787.3272 us/op
WorkloadWarmup  10: 41 op, 32037556.00 ns, 781.4038 us/op
WorkloadWarmup  11: 41 op, 36125107.00 ns, 881.1002 us/op
WorkloadWarmup  12: 41 op, 31721763.00 ns, 773.7015 us/op
WorkloadWarmup  13: 41 op, 33517969.00 ns, 817.5114 us/op
WorkloadWarmup  14: 41 op, 31933759.00 ns, 778.8722 us/op
WorkloadWarmup  15: 41 op, 32055239.00 ns, 781.8351 us/op
WorkloadWarmup  16: 41 op, 32319358.00 ns, 788.2770 us/op
WorkloadWarmup  17: 41 op, 31832279.00 ns, 776.3970 us/op
WorkloadWarmup  18: 41 op, 56840406.00 ns, 1.3864 ms/op
WorkloadWarmup  19: 41 op, 32229029.00 ns, 786.0739 us/op
WorkloadWarmup  20: 41 op, 32874599.00 ns, 801.8195 us/op
WorkloadWarmup  21: 41 op, 32459996.00 ns, 791.7072 us/op
WorkloadWarmup  22: 41 op, 32406770.00 ns, 790.4090 us/op
WorkloadWarmup  23: 41 op, 32329704.00 ns, 788.5294 us/op
WorkloadWarmup  24: 41 op, 36336842.00 ns, 886.2644 us/op
WorkloadWarmup  25: 41 op, 31762440.00 ns, 774.6937 us/op

// BeforeActualRun
WorkloadActual   1: 41 op, 31983802.00 ns, 780.0927 us/op
WorkloadActual   2: 41 op, 32097248.00 ns, 782.8597 us/op
WorkloadActual   3: 41 op, 31994046.00 ns, 780.3426 us/op
WorkloadActual   4: 41 op, 32571568.00 ns, 794.4285 us/op
WorkloadActual   5: 41 op, 34232055.00 ns, 834.9282 us/op
WorkloadActual   6: 41 op, 39443631.00 ns, 962.0398 us/op

// AfterActualRun
WorkloadResult   1: 41 op, 31983802.00 ns, 780.0927 us/op
WorkloadResult   2: 41 op, 32097248.00 ns, 782.8597 us/op
WorkloadResult   3: 41 op, 31994046.00 ns, 780.3426 us/op
WorkloadResult   4: 41 op, 32571568.00 ns, 794.4285 us/op
WorkloadResult   5: 41 op, 34232055.00 ns, 834.9282 us/op
// GC:  0 0 0 0 41
// Threading:  0 0 41

// AfterAll
// Benchmark Process 845 has exited with code 0.

Mean = 794.530 us, StdErr = 10.435 us (1.31%), N = 5, StdDev = 23.334 us
Min = 780.093 us, Q1 = 780.343 us, Median = 782.860 us, Q3 = 794.428 us, Max = 834.928 us
IQR = 14.086 us, LowerFence = 759.214 us, UpperFence = 815.557 us
ConfidenceInterval = [704.679 us; 884.382 us] (CI 99.9%), Margin = 89.852 us (11.31% of Mean)
Skewness = 0.92, Kurtosis = 1.87, MValue = 2

// ** Remained 30 (93.8 %) benchmark(s) to run. Estimated finish 2026-10-04 21:59 (0h 0m from now) **
// **************************
// Benchmark: CodecSuite.Run: campaign(EvaluateOverhead=False, Clock=Armonik.Ffi.Bdn.CpuClock, IterationCount=6, IterationTime=40ms, LaunchCount=1, RunStrategy=Throughput, WarmupCount=25) [Case=core-(...)etain [42]]
// *** Execute ***
// Launch: 1 / 1
// Execute: dotnet BenchDotNet-campaign-1.dll --anonymousPipes 111 112 --benchmarkName "Armonik.Ffi.Bdn.CodecSuite.Run(Case: \"core-ffi|encode-core-hot|P2.2|ascii|retain\")" --job campaign --benchmarkId 2 in /home/user/ArmoniK.Api/ffi/poc/csharp/src/BenchDotNet/bin/Release/net8.0/BenchDotNet-campaign-1/bin/Release/net8.0
// BeforeAnythingElse

// Benchmark Process Environment Information:
// BenchmarkDotNet v0.15.8
// Runtime=.NET 8.0.31 (8.0.31, 8.0.3126.42015), X64 RyuJIT x86-64-v4
// GC=Concurrent Workstation
// HardwareIntrinsics=AVX512 F+BW+CD+DQ+VL,AVX2+BMI1+BMI2+F16C+FMA+LZCNT+MOVBE,AVX,SSE3+SSSE3+SSE4.1+SSE4.2+POPCNT,X86Base+SSE+SSE2,AES+PCLMUL VectorSize=256
// Job: campaign(EvaluateOverhead=False, Clock=Armonik.Ffi.Bdn.CpuClock, IterationCount=6, IterationTime=40ms, LaunchCount=1, RunStrategy=Throughput, WarmupCount=25)

OverheadJitting  1: 1 op, 277121.00 ns, 277.1210 us/op
WorkloadJitting  1: 1 op, 19535022.00 ns, 19.5350 ms/op

WorkloadPilot    1: 4 op, 31016828.00 ns, 7.7542 ms/op

WorkloadWarmup   1: 4 op, 16117528.00 ns, 4.0294 ms/op
WorkloadWarmup   2: 4 op, 25262648.00 ns, 6.3157 ms/op
WorkloadWarmup   3: 4 op, 16716356.00 ns, 4.1791 ms/op
WorkloadWarmup   4: 4 op, 18720528.00 ns, 4.6801 ms/op
WorkloadWarmup   5: 4 op, 14989266.00 ns, 3.7473 ms/op
WorkloadWarmup   6: 4 op, 14756386.00 ns, 3.6891 ms/op
WorkloadWarmup   7: 4 op, 20786304.00 ns, 5.1966 ms/op
WorkloadWarmup   8: 4 op, 13423618.00 ns, 3.3559 ms/op
WorkloadWarmup   9: 4 op, 13764500.00 ns, 3.4411 ms/op
WorkloadWarmup  10: 4 op, 12992835.00 ns, 3.2482 ms/op
WorkloadWarmup  11: 4 op, 14139642.00 ns, 3.5349 ms/op
WorkloadWarmup  12: 4 op, 12854491.00 ns, 3.2136 ms/op
WorkloadWarmup  13: 4 op, 12770919.00 ns, 3.1927 ms/op
WorkloadWarmup  14: 4 op, 12510309.00 ns, 3.1276 ms/op
WorkloadWarmup  15: 4 op, 17411596.00 ns, 4.3529 ms/op
WorkloadWarmup  16: 4 op, 19029472.00 ns, 4.7574 ms/op
WorkloadWarmup  17: 4 op, 19650446.00 ns, 4.9126 ms/op
WorkloadWarmup  18: 4 op, 12899592.00 ns, 3.2249 ms/op
WorkloadWarmup  19: 4 op, 12593504.00 ns, 3.1484 ms/op
WorkloadWarmup  20: 4 op, 12672284.00 ns, 3.1681 ms/op
WorkloadWarmup  21: 4 op, 13303997.00 ns, 3.3260 ms/op
WorkloadWarmup  22: 4 op, 13748504.00 ns, 3.4371 ms/op
WorkloadWarmup  23: 4 op, 13469001.00 ns, 3.3673 ms/op
WorkloadWarmup  24: 4 op, 13206052.00 ns, 3.3015 ms/op
WorkloadWarmup  25: 4 op, 13716601.00 ns, 3.4292 ms/op

// BeforeActualRun
WorkloadActual   1: 4 op, 13439991.00 ns, 3.3600 ms/op
WorkloadActual   2: 4 op, 13576883.00 ns, 3.3942 ms/op
WorkloadActual   3: 4 op, 12977237.00 ns, 3.2443 ms/op
WorkloadActual   4: 4 op, 12648768.00 ns, 3.1622 ms/op
WorkloadActual   5: 4 op, 13073816.00 ns, 3.2685 ms/op
WorkloadActual   6: 4 op, 18641257.00 ns, 4.6603 ms/op

// AfterActualRun
WorkloadResult   1: 4 op, 13439991.00 ns, 3.3600 ms/op
WorkloadResult   2: 4 op, 13576883.00 ns, 3.3942 ms/op
WorkloadResult   3: 4 op, 12977237.00 ns, 3.2443 ms/op
WorkloadResult   4: 4 op, 12648768.00 ns, 3.1622 ms/op
WorkloadResult   5: 4 op, 13073816.00 ns, 3.2685 ms/op
// GC:  0 0 0 0 4
// Threading:  0 0 4

// AfterAll
// Benchmark Process 859 has exited with code 0.

Mean = 3.286 ms, StdErr = 0.042 ms (1.27%), N = 5, StdDev = 0.093 ms
Min = 3.162 ms, Q1 = 3.244 ms, Median = 3.268 ms, Q3 = 3.360 ms, Max = 3.394 ms
IQR = 0.116 ms, LowerFence = 3.071 ms, UpperFence = 3.534 ms
ConfidenceInterval = [2.928 ms; 3.644 ms] (CI 99.9%), Margin = 0.358 ms (10.89% of Mean)
Skewness = -0.07, Kurtosis = 1.09, MValue = 2

// ** Remained 29 (90.6 %) benchmark(s) to run. Estimated finish 2026-10-04 21:59 (0h 0m from now) **
// **************************
// Benchmark: CodecSuite.Run: campaign(EvaluateOverhead=False, Clock=Armonik.Ffi.Bdn.CpuClock, IterationCount=6, IterationTime=40ms, LaunchCount=1, RunStrategy=Throughput, WarmupCount=25) [Case=core-(...)|drop [78]]
// *** Execute ***
// Launch: 1 / 1
// Execute: dotnet BenchDotNet-campaign-1.dll --anonymousPipes 111 112 --benchmarkName "Armonik.Ffi.Bdn.CodecSuite.Run(Case: \"core-ffi|encode-core-hot|U-wire-ListMetricsResponse-batches-as-wt0|corpus|drop\")" --job campaign --benchmarkId 3 in /home/user/ArmoniK.Api/ffi/poc/csharp/src/BenchDotNet/bin/Release/net8.0/BenchDotNet-campaign-1/bin/Release/net8.0
// BeforeAnythingElse

// Benchmark Process Environment Information:
// BenchmarkDotNet v0.15.8
// Runtime=.NET 8.0.31 (8.0.31, 8.0.3126.42015), X64 RyuJIT x86-64-v4
// GC=Concurrent Workstation
// HardwareIntrinsics=AVX512 F+BW+CD+DQ+VL,AVX2+BMI1+BMI2+F16C+FMA+LZCNT+MOVBE,AVX,SSE3+SSSE3+SSE4.1+SSE4.2+POPCNT,X86Base+SSE+SSE2,AES+PCLMUL VectorSize=256
// Job: campaign(EvaluateOverhead=False, Clock=Armonik.Ffi.Bdn.CpuClock, IterationCount=6, IterationTime=40ms, LaunchCount=1, RunStrategy=Throughput, WarmupCount=25)

OverheadJitting  1: 1 op, 362152.00 ns, 362.1520 us/op
WorkloadJitting  1: 1 op, 7365428.00 ns, 7.3654 ms/op

WorkloadPilot    1: 4 op, 50432.00 ns, 12.6080 us/op
WorkloadPilot    2: 3173 op, 15624806.00 ns, 4.9243 us/op
WorkloadPilot    3: 8123 op, 37155359.00 ns, 4.5741 us/op
WorkloadPilot    4: 8745 op, 39531217.00 ns, 4.5204 us/op
WorkloadPilot    5: 8849 op, 42178153.00 ns, 4.7664 us/op
WorkloadPilot    6: 8392 op, 13830234.00 ns, 1.6480 us/op
WorkloadPilot    7: 24271 op, 42568839.00 ns, 1.7539 us/op
WorkloadPilot    8: 22806 op, 41999790.00 ns, 1.8416 us/op

WorkloadWarmup   1: 22806 op, 34970871.00 ns, 1.5334 us/op
WorkloadWarmup   2: 22806 op, 34256550.00 ns, 1.5021 us/op
WorkloadWarmup   3: 22806 op, 36102359.00 ns, 1.5830 us/op
WorkloadWarmup   4: 22806 op, 37028453.00 ns, 1.6236 us/op
WorkloadWarmup   5: 22806 op, 37872651.00 ns, 1.6606 us/op
WorkloadWarmup   6: 22806 op, 37368694.00 ns, 1.6385 us/op
WorkloadWarmup   7: 22806 op, 37063929.00 ns, 1.6252 us/op
WorkloadWarmup   8: 22806 op, 36768741.00 ns, 1.6122 us/op
WorkloadWarmup   9: 22806 op, 34405023.00 ns, 1.5086 us/op
WorkloadWarmup  10: 22806 op, 35025349.00 ns, 1.5358 us/op
WorkloadWarmup  11: 22806 op, 35939265.00 ns, 1.5759 us/op
WorkloadWarmup  12: 22806 op, 34955173.00 ns, 1.5327 us/op
WorkloadWarmup  13: 22806 op, 35009046.00 ns, 1.5351 us/op
WorkloadWarmup  14: 22806 op, 35027907.00 ns, 1.5359 us/op
WorkloadWarmup  15: 22806 op, 35171847.00 ns, 1.5422 us/op
WorkloadWarmup  16: 22806 op, 34985328.00 ns, 1.5340 us/op
WorkloadWarmup  17: 22806 op, 34335830.00 ns, 1.5056 us/op
WorkloadWarmup  18: 22806 op, 36188576.00 ns, 1.5868 us/op
WorkloadWarmup  19: 22806 op, 34495363.00 ns, 1.5126 us/op
WorkloadWarmup  20: 22806 op, 34810496.00 ns, 1.5264 us/op
WorkloadWarmup  21: 22806 op, 34933923.00 ns, 1.5318 us/op
WorkloadWarmup  22: 22806 op, 34855061.00 ns, 1.5283 us/op
WorkloadWarmup  23: 22806 op, 35201933.00 ns, 1.5435 us/op
WorkloadWarmup  24: 22806 op, 34326562.00 ns, 1.5052 us/op
WorkloadWarmup  25: 22806 op, 34241106.00 ns, 1.5014 us/op

// BeforeActualRun
WorkloadActual   1: 22806 op, 34291693.00 ns, 1.5036 us/op
WorkloadActual   2: 22806 op, 34333704.00 ns, 1.5055 us/op
WorkloadActual   3: 22806 op, 34270820.00 ns, 1.5027 us/op
WorkloadActual   4: 22806 op, 34366011.00 ns, 1.5069 us/op
WorkloadActual   5: 22806 op, 34518620.00 ns, 1.5136 us/op
WorkloadActual   6: 22806 op, 34362899.00 ns, 1.5067 us/op

// AfterActualRun
WorkloadResult   1: 22806 op, 34291693.00 ns, 1.5036 us/op
WorkloadResult   2: 22806 op, 34333704.00 ns, 1.5055 us/op
WorkloadResult   3: 22806 op, 34270820.00 ns, 1.5027 us/op
WorkloadResult   4: 22806 op, 34366011.00 ns, 1.5069 us/op
WorkloadResult   5: 22806 op, 34362899.00 ns, 1.5067 us/op
// GC:  0 0 0 0 22806
// Threading:  0 0 22806

// AfterAll
// Benchmark Process 868 has exited with code 0.

Mean = 1.505 us, StdErr = 0.001 us (0.06%), N = 5, StdDev = 0.002 us
Min = 1.503 us, Q1 = 1.504 us, Median = 1.505 us, Q3 = 1.507 us, Max = 1.507 us
IQR = 0.003 us, LowerFence = 1.499 us, UpperFence = 1.511 us
ConfidenceInterval = [1.498 us; 1.512 us] (CI 99.9%), Margin = 0.007 us (0.48% of Mean)
Skewness = -0.19, Kurtosis = 0.9, MValue = 2

// ** Remained 28 (87.5 %) benchmark(s) to run. Estimated finish 2026-10-04 21:59 (0h 0m from now) **
// **************************
// Benchmark: CodecSuite.Run: campaign(EvaluateOverhead=False, Clock=Armonik.Ffi.Bdn.CpuClock, IterationCount=6, IterationTime=40ms, LaunchCount=1, RunStrategy=Throughput, WarmupCount=25) [Case=core-(...)|drop [40]]
// *** Execute ***
// Launch: 1 / 1
// Execute: dotnet BenchDotNet-campaign-1.dll --anonymousPipes 111 112 --benchmarkName "Armonik.Ffi.Bdn.CodecSuite.Run(Case: \"core-ffi|encode-core-hot|P1.2|ascii|drop\")" --job campaign --benchmarkId 4 in /home/user/ArmoniK.Api/ffi/poc/csharp/src/BenchDotNet/bin/Release/net8.0/BenchDotNet-campaign-1/bin/Release/net8.0
// BeforeAnythingElse

// Benchmark Process Environment Information:
// BenchmarkDotNet v0.15.8
// Runtime=.NET 8.0.31 (8.0.31, 8.0.3126.42015), X64 RyuJIT x86-64-v4
// GC=Concurrent Workstation
// HardwareIntrinsics=AVX512 F+BW+CD+DQ+VL,AVX2+BMI1+BMI2+F16C+FMA+LZCNT+MOVBE,AVX,SSE3+SSSE3+SSE4.1+SSE4.2+POPCNT,X86Base+SSE+SSE2,AES+PCLMUL VectorSize=256
// Job: campaign(EvaluateOverhead=False, Clock=Armonik.Ffi.Bdn.CpuClock, IterationCount=6, IterationTime=40ms, LaunchCount=1, RunStrategy=Throughput, WarmupCount=25)

OverheadJitting  1: 1 op, 322491.00 ns, 322.4910 us/op
WorkloadJitting  1: 1 op, 10234430.00 ns, 10.2344 ms/op

WorkloadPilot    1: 4 op, 10305919.00 ns, 2.5765 ms/op
WorkloadPilot    2: 16 op, 21832766.00 ns, 1.3645 ms/op
WorkloadPilot    3: 29 op, 30242279.00 ns, 1.0428 ms/op
WorkloadPilot    4: 38 op, 38735149.00 ns, 1.0193 ms/op

WorkloadWarmup   1: 38 op, 42393878.00 ns, 1.1156 ms/op
WorkloadWarmup   2: 38 op, 40058165.00 ns, 1.0542 ms/op
WorkloadWarmup   3: 38 op, 49640266.00 ns, 1.3063 ms/op
WorkloadWarmup   4: 38 op, 37405798.00 ns, 984.3631 us/op
WorkloadWarmup   5: 38 op, 34562277.00 ns, 909.5336 us/op
WorkloadWarmup   6: 38 op, 36170029.00 ns, 951.8429 us/op
WorkloadWarmup   7: 38 op, 35425299.00 ns, 932.2447 us/op
WorkloadWarmup   8: 38 op, 32847924.00 ns, 864.4191 us/op
WorkloadWarmup   9: 38 op, 33476898.00 ns, 880.9710 us/op
WorkloadWarmup  10: 38 op, 35966571.00 ns, 946.4887 us/op
WorkloadWarmup  11: 38 op, 29392130.00 ns, 773.4771 us/op
WorkloadWarmup  12: 38 op, 29848577.00 ns, 785.4889 us/op
WorkloadWarmup  13: 38 op, 29994995.00 ns, 789.3420 us/op
WorkloadWarmup  14: 38 op, 30421895.00 ns, 800.5762 us/op
WorkloadWarmup  15: 38 op, 30889289.00 ns, 812.8760 us/op
WorkloadWarmup  16: 38 op, 30131693.00 ns, 792.9393 us/op
WorkloadWarmup  17: 38 op, 30246322.00 ns, 795.9558 us/op
WorkloadWarmup  18: 38 op, 30008067.00 ns, 789.6860 us/op
WorkloadWarmup  19: 38 op, 30259083.00 ns, 796.2917 us/op
WorkloadWarmup  20: 38 op, 32582374.00 ns, 857.4309 us/op
WorkloadWarmup  21: 38 op, 35934458.00 ns, 945.6436 us/op
WorkloadWarmup  22: 38 op, 29114936.00 ns, 766.1825 us/op
WorkloadWarmup  23: 38 op, 30111652.00 ns, 792.4119 us/op
WorkloadWarmup  24: 38 op, 29673827.00 ns, 780.8902 us/op
WorkloadWarmup  25: 38 op, 29273065.00 ns, 770.3438 us/op

// BeforeActualRun
WorkloadActual   1: 38 op, 29513307.00 ns, 776.6660 us/op
WorkloadActual   2: 38 op, 29190199.00 ns, 768.1631 us/op
WorkloadActual   3: 38 op, 29799712.00 ns, 784.2029 us/op
WorkloadActual   4: 38 op, 30073798.00 ns, 791.4157 us/op
WorkloadActual   5: 38 op, 29317456.00 ns, 771.5120 us/op
WorkloadActual   6: 38 op, 29317347.00 ns, 771.5091 us/op

// AfterActualRun
WorkloadResult   1: 38 op, 29513307.00 ns, 776.6660 us/op
WorkloadResult   2: 38 op, 29190199.00 ns, 768.1631 us/op
WorkloadResult   3: 38 op, 29799712.00 ns, 784.2029 us/op
WorkloadResult   4: 38 op, 30073798.00 ns, 791.4157 us/op
WorkloadResult   5: 38 op, 29317456.00 ns, 771.5120 us/op
WorkloadResult   6: 38 op, 29317347.00 ns, 771.5091 us/op
// GC:  0 0 0 0 38
// Threading:  0 0 38

// AfterAll
// Benchmark Process 877 has exited with code 0.

Mean = 777.245 us, StdErr = 3.641 us (0.47%), N = 6, StdDev = 8.920 us
Min = 768.163 us, Q1 = 771.510 us, Median = 774.089 us, Q3 = 782.319 us, Max = 791.416 us
IQR = 10.809 us, LowerFence = 755.297 us, UpperFence = 798.532 us
ConfidenceInterval = [752.232 us; 802.257 us] (CI 99.9%), Margin = 25.013 us (3.22% of Mean)
Skewness = 0.48, Kurtosis = 1.36, MValue = 2

// ** Remained 27 (84.4 %) benchmark(s) to run. Estimated finish 2026-10-04 21:59 (0h 0m from now) **
// **************************
// Benchmark: CodecSuite.Run: campaign(EvaluateOverhead=False, Clock=Armonik.Ffi.Bdn.CpuClock, IterationCount=6, IterationTime=40ms, LaunchCount=1, RunStrategy=Throughput, WarmupCount=25) [Case=core-(...)etain [41]]
// *** Execute ***
// Launch: 1 / 1
// Execute: dotnet BenchDotNet-campaign-1.dll --anonymousPipes 111 112 --benchmarkName "Armonik.Ffi.Bdn.CodecSuite.Run(Case: \"core-ffi|encode-core-hot|P2.2|wide|retain\")" --job campaign --benchmarkId 5 in /home/user/ArmoniK.Api/ffi/poc/csharp/src/BenchDotNet/bin/Release/net8.0/BenchDotNet-campaign-1/bin/Release/net8.0
// BeforeAnythingElse

// Benchmark Process Environment Information:
// BenchmarkDotNet v0.15.8
// Runtime=.NET 8.0.31 (8.0.31, 8.0.3126.42015), X64 RyuJIT x86-64-v4
// GC=Concurrent Workstation
// HardwareIntrinsics=AVX512 F+BW+CD+DQ+VL,AVX2+BMI1+BMI2+F16C+FMA+LZCNT+MOVBE,AVX,SSE3+SSSE3+SSE4.1+SSE4.2+POPCNT,X86Base+SSE+SSE2,AES+PCLMUL VectorSize=256
// Job: campaign(EvaluateOverhead=False, Clock=Armonik.Ffi.Bdn.CpuClock, IterationCount=6, IterationTime=40ms, LaunchCount=1, RunStrategy=Throughput, WarmupCount=25)

OverheadJitting  1: 1 op, 289730.00 ns, 289.7300 us/op
WorkloadJitting  1: 1 op, 18802888.00 ns, 18.8029 ms/op

WorkloadPilot    1: 4 op, 31107237.00 ns, 7.7768 ms/op

WorkloadWarmup   1: 4 op, 17516734.00 ns, 4.3792 ms/op
WorkloadWarmup   2: 4 op, 26466543.00 ns, 6.6166 ms/op
WorkloadWarmup   3: 4 op, 19091533.00 ns, 4.7729 ms/op
WorkloadWarmup   4: 4 op, 31078328.00 ns, 7.7696 ms/op
WorkloadWarmup   5: 4 op, 17483379.00 ns, 4.3708 ms/op
WorkloadWarmup   6: 4 op, 17781513.00 ns, 4.4454 ms/op
WorkloadWarmup   7: 4 op, 19676776.00 ns, 4.9192 ms/op
WorkloadWarmup   8: 4 op, 16293151.00 ns, 4.0733 ms/op
WorkloadWarmup   9: 4 op, 16252738.00 ns, 4.0632 ms/op
WorkloadWarmup  10: 4 op, 15714396.00 ns, 3.9286 ms/op
WorkloadWarmup  11: 4 op, 16917394.00 ns, 4.2293 ms/op
WorkloadWarmup  12: 4 op, 15404260.00 ns, 3.8511 ms/op
WorkloadWarmup  13: 4 op, 14655574.00 ns, 3.6639 ms/op
WorkloadWarmup  14: 4 op, 15079511.00 ns, 3.7699 ms/op
WorkloadWarmup  15: 4 op, 15537397.00 ns, 3.8843 ms/op
WorkloadWarmup  16: 4 op, 25258784.00 ns, 6.3147 ms/op
WorkloadWarmup  17: 4 op, 15059501.00 ns, 3.7649 ms/op
WorkloadWarmup  18: 4 op, 20024548.00 ns, 5.0061 ms/op
WorkloadWarmup  19: 4 op, 14811315.00 ns, 3.7028 ms/op
WorkloadWarmup  20: 4 op, 15370212.00 ns, 3.8426 ms/op
WorkloadWarmup  21: 4 op, 14223793.00 ns, 3.5559 ms/op
WorkloadWarmup  22: 4 op, 14329406.00 ns, 3.5824 ms/op
WorkloadWarmup  23: 4 op, 15189891.00 ns, 3.7975 ms/op
WorkloadWarmup  24: 4 op, 14375308.00 ns, 3.5938 ms/op
WorkloadWarmup  25: 4 op, 14160228.00 ns, 3.5401 ms/op

// BeforeActualRun
WorkloadActual   1: 4 op, 15597095.00 ns, 3.8993 ms/op
WorkloadActual   2: 4 op, 15179846.00 ns, 3.7950 ms/op
WorkloadActual   3: 4 op, 15148556.00 ns, 3.7871 ms/op
WorkloadActual   4: 4 op, 15879114.00 ns, 3.9698 ms/op
WorkloadActual   5: 4 op, 15026970.00 ns, 3.7567 ms/op
WorkloadActual   6: 4 op, 14564014.00 ns, 3.6410 ms/op

// AfterActualRun
WorkloadResult   1: 4 op, 15597095.00 ns, 3.8993 ms/op
WorkloadResult   2: 4 op, 15179846.00 ns, 3.7950 ms/op
WorkloadResult   3: 4 op, 15148556.00 ns, 3.7871 ms/op
WorkloadResult   4: 4 op, 15879114.00 ns, 3.9698 ms/op
WorkloadResult   5: 4 op, 15026970.00 ns, 3.7567 ms/op
WorkloadResult   6: 4 op, 14564014.00 ns, 3.6410 ms/op
// GC:  0 0 0 0 4
// Threading:  0 0 4

// AfterAll
// Benchmark Process 886 has exited with code 0.

Mean = 3.808 ms, StdErr = 0.047 ms (1.23%), N = 6, StdDev = 0.115 ms
Min = 3.641 ms, Q1 = 3.764 ms, Median = 3.791 ms, Q3 = 3.873 ms, Max = 3.970 ms
IQR = 0.109 ms, LowerFence = 3.601 ms, UpperFence = 4.036 ms
ConfidenceInterval = [3.487 ms; 4.129 ms] (CI 99.9%), Margin = 0.321 ms (8.44% of Mean)
Skewness = 0.02, Kurtosis = 1.49, MValue = 2

// ** Remained 26 (81.2 %) benchmark(s) to run. Estimated finish 2026-10-04 21:59 (0h 0m from now) **
// **************************
// Benchmark: CodecSuite.Run: campaign(EvaluateOverhead=False, Clock=Armonik.Ffi.Bdn.CpuClock, IterationCount=6, IterationTime=40ms, LaunchCount=1, RunStrategy=Throughput, WarmupCount=25) [Case=core-(...)|drop [54]]
// *** Execute ***
// Launch: 1 / 1
// Execute: dotnet BenchDotNet-campaign-1.dll --anonymousPipes 111 112 --benchmarkName "Armonik.Ffi.Bdn.CodecSuite.Run(Case: \"core-ffi|encode-core-hot|U-deep-u-repeated|corpus|drop\")" --job campaign --benchmarkId 6 in /home/user/ArmoniK.Api/ffi/poc/csharp/src/BenchDotNet/bin/Release/net8.0/BenchDotNet-campaign-1/bin/Release/net8.0
// BeforeAnythingElse

// Benchmark Process Environment Information:
// BenchmarkDotNet v0.15.8
// Runtime=.NET 8.0.31 (8.0.31, 8.0.3126.42015), X64 RyuJIT x86-64-v4
// GC=Concurrent Workstation
// HardwareIntrinsics=AVX512 F+BW+CD+DQ+VL,AVX2+BMI1+BMI2+F16C+FMA+LZCNT+MOVBE,AVX,SSE3+SSSE3+SSE4.1+SSE4.2+POPCNT,X86Base+SSE+SSE2,AES+PCLMUL VectorSize=256
// Job: campaign(EvaluateOverhead=False, Clock=Armonik.Ffi.Bdn.CpuClock, IterationCount=6, IterationTime=40ms, LaunchCount=1, RunStrategy=Throughput, WarmupCount=25)

OverheadJitting  1: 1 op, 295839.00 ns, 295.8390 us/op
WorkloadJitting  1: 1 op, 8508444.00 ns, 8.5084 ms/op

WorkloadPilot    1: 4 op, 48368.00 ns, 12.0920 us/op
WorkloadPilot    2: 3308 op, 17387738.00 ns, 5.2563 us/op
WorkloadPilot    3: 7610 op, 40189629.00 ns, 5.2812 us/op
WorkloadPilot    4: 7574 op, 40035204.00 ns, 5.2859 us/op
WorkloadPilot    5: 7567 op, 46576373.00 ns, 6.1552 us/op

WorkloadWarmup   1: 7567 op, 35403117.00 ns, 4.6786 us/op
WorkloadWarmup   2: 7567 op, 35508162.00 ns, 4.6925 us/op
WorkloadWarmup   3: 7567 op, 34962106.00 ns, 4.6203 us/op
WorkloadWarmup   4: 7567 op, 34532458.00 ns, 4.5636 us/op
WorkloadWarmup   5: 7567 op, 33553840.00 ns, 4.4342 us/op
WorkloadWarmup   6: 7567 op, 32516187.00 ns, 4.2971 us/op
WorkloadWarmup   7: 7567 op, 26093910.00 ns, 3.4484 us/op
WorkloadWarmup   8: 7567 op, 25996810.00 ns, 3.4356 us/op
WorkloadWarmup   9: 7567 op, 25728736.00 ns, 3.4001 us/op
WorkloadWarmup  10: 7567 op, 25507193.00 ns, 3.3708 us/op
WorkloadWarmup  11: 7567 op, 26642413.00 ns, 3.5209 us/op
WorkloadWarmup  12: 7567 op, 29447664.00 ns, 3.8916 us/op
WorkloadWarmup  13: 7567 op, 26804626.00 ns, 3.5423 us/op
WorkloadWarmup  14: 7567 op, 25791370.00 ns, 3.4084 us/op
WorkloadWarmup  15: 7567 op, 26629765.00 ns, 3.5192 us/op
WorkloadWarmup  16: 7567 op, 26083246.00 ns, 3.4470 us/op
WorkloadWarmup  17: 7567 op, 25993918.00 ns, 3.4352 us/op
WorkloadWarmup  18: 7567 op, 26579184.00 ns, 3.5125 us/op
WorkloadWarmup  19: 7567 op, 29424819.00 ns, 3.8886 us/op
WorkloadWarmup  20: 7567 op, 29120298.00 ns, 3.8483 us/op
WorkloadWarmup  21: 7567 op, 26594222.00 ns, 3.5145 us/op
WorkloadWarmup  22: 7567 op, 29061844.00 ns, 3.8406 us/op
WorkloadWarmup  23: 7567 op, 31470703.00 ns, 4.1589 us/op
WorkloadWarmup  24: 7567 op, 27987709.00 ns, 3.6987 us/op
WorkloadWarmup  25: 7567 op, 27480622.00 ns, 3.6316 us/op

// BeforeActualRun
WorkloadActual   1: 7567 op, 28248193.00 ns, 3.7331 us/op
WorkloadActual   2: 7567 op, 32589097.00 ns, 4.3067 us/op
WorkloadActual   3: 7567 op, 28161832.00 ns, 3.7217 us/op
WorkloadActual   4: 7567 op, 28831900.00 ns, 3.8102 us/op
WorkloadActual   5: 7567 op, 27384492.00 ns, 3.6189 us/op
WorkloadActual   6: 7567 op, 29912476.00 ns, 3.9530 us/op

// AfterActualRun
WorkloadResult   1: 7567 op, 28248193.00 ns, 3.7331 us/op
WorkloadResult   2: 7567 op, 28161832.00 ns, 3.7217 us/op
WorkloadResult   3: 7567 op, 28831900.00 ns, 3.8102 us/op
WorkloadResult   4: 7567 op, 27384492.00 ns, 3.6189 us/op
WorkloadResult   5: 7567 op, 29912476.00 ns, 3.9530 us/op
// GC:  0 0 0 0 7567
// Threading:  0 0 7567

// AfterAll
// Benchmark Process 895 has exited with code 0.

Mean = 3.767 us, StdErr = 0.055 us (1.47%), N = 5, StdDev = 0.124 us
Min = 3.619 us, Q1 = 3.722 us, Median = 3.733 us, Q3 = 3.810 us, Max = 3.953 us
IQR = 0.089 us, LowerFence = 3.589 us, UpperFence = 3.943 us
ConfidenceInterval = [3.290 us; 4.245 us] (CI 99.9%), Margin = 0.478 us (12.68% of Mean)
Skewness = 0.32, Kurtosis = 1.42, MValue = 2

// ** Remained 25 (78.1 %) benchmark(s) to run. Estimated finish 2026-10-04 21:59 (0h 0m from now) **
// **************************
// Benchmark: CodecSuite.Run: campaign(EvaluateOverhead=False, Clock=Armonik.Ffi.Bdn.CpuClock, IterationCount=6, IterationTime=40ms, LaunchCount=1, RunStrategy=Throughput, WarmupCount=25) [Case=core-(...)etain [42]]
// *** Execute ***
// Launch: 1 / 1
// Execute: dotnet BenchDotNet-campaign-1.dll --anonymousPipes 111 112 --benchmarkName "Armonik.Ffi.Bdn.CodecSuite.Run(Case: \"core-ffi|encode-core-hot|P1.2|ascii|retain\")" --job campaign --benchmarkId 7 in /home/user/ArmoniK.Api/ffi/poc/csharp/src/BenchDotNet/bin/Release/net8.0/BenchDotNet-campaign-1/bin/Release/net8.0
// BeforeAnythingElse

// Benchmark Process Environment Information:
// BenchmarkDotNet v0.15.8
// Runtime=.NET 8.0.31 (8.0.31, 8.0.3126.42015), X64 RyuJIT x86-64-v4
// GC=Concurrent Workstation
// HardwareIntrinsics=AVX512 F+BW+CD+DQ+VL,AVX2+BMI1+BMI2+F16C+FMA+LZCNT+MOVBE,AVX,SSE3+SSSE3+SSE4.1+SSE4.2+POPCNT,X86Base+SSE+SSE2,AES+PCLMUL VectorSize=256
// Job: campaign(EvaluateOverhead=False, Clock=Armonik.Ffi.Bdn.CpuClock, IterationCount=6, IterationTime=40ms, LaunchCount=1, RunStrategy=Throughput, WarmupCount=25)

OverheadJitting  1: 1 op, 372620.00 ns, 372.6200 us/op
WorkloadJitting  1: 1 op, 8561078.00 ns, 8.5611 ms/op

WorkloadPilot    1: 4 op, 5660923.00 ns, 1.4152 ms/op
WorkloadPilot    2: 28 op, 34152465.00 ns, 1.2197 ms/op
WorkloadPilot    3: 33 op, 34003142.00 ns, 1.0304 ms/op
WorkloadPilot    4: 39 op, 39909840.00 ns, 1.0233 ms/op

WorkloadWarmup   1: 39 op, 42836565.00 ns, 1.0984 ms/op
WorkloadWarmup   2: 39 op, 43130451.00 ns, 1.1059 ms/op
WorkloadWarmup   3: 39 op, 40139792.00 ns, 1.0292 ms/op
WorkloadWarmup   4: 39 op, 43155855.00 ns, 1.1066 ms/op
WorkloadWarmup   5: 39 op, 36126028.00 ns, 926.3084 us/op
WorkloadWarmup   6: 39 op, 32054403.00 ns, 821.9078 us/op
WorkloadWarmup   7: 39 op, 37255313.00 ns, 955.2644 us/op
WorkloadWarmup   8: 39 op, 30635724.00 ns, 785.5314 us/op
WorkloadWarmup   9: 39 op, 30988904.00 ns, 794.5873 us/op
WorkloadWarmup  10: 39 op, 31200951.00 ns, 800.0244 us/op
WorkloadWarmup  11: 39 op, 31869813.00 ns, 817.1747 us/op
WorkloadWarmup  12: 39 op, 50116821.00 ns, 1.2850 ms/op
WorkloadWarmup  13: 39 op, 35183467.00 ns, 902.1402 us/op
WorkloadWarmup  14: 39 op, 32101022.00 ns, 823.1031 us/op
WorkloadWarmup  15: 39 op, 40996603.00 ns, 1.0512 ms/op
WorkloadWarmup  16: 39 op, 30965746.00 ns, 793.9935 us/op
WorkloadWarmup  17: 39 op, 31027488.00 ns, 795.5766 us/op
WorkloadWarmup  18: 39 op, 33902505.00 ns, 869.2950 us/op
WorkloadWarmup  19: 39 op, 33909960.00 ns, 869.4862 us/op
WorkloadWarmup  20: 39 op, 31231132.00 ns, 800.7983 us/op
WorkloadWarmup  21: 39 op, 33813744.00 ns, 867.0191 us/op
WorkloadWarmup  22: 39 op, 34077248.00 ns, 873.7756 us/op
WorkloadWarmup  23: 39 op, 33105755.00 ns, 848.8655 us/op
WorkloadWarmup  24: 39 op, 33351626.00 ns, 855.1699 us/op
WorkloadWarmup  25: 39 op, 31494079.00 ns, 807.5405 us/op

// BeforeActualRun
WorkloadActual   1: 39 op, 30939230.00 ns, 793.3136 us/op
WorkloadActual   2: 39 op, 31616908.00 ns, 810.6899 us/op
WorkloadActual   3: 39 op, 33633826.00 ns, 862.4058 us/op
WorkloadActual   4: 39 op, 31373033.00 ns, 804.4367 us/op
WorkloadActual   5: 39 op, 30944869.00 ns, 793.4582 us/op
WorkloadActual   6: 39 op, 33176404.00 ns, 850.6770 us/op

// AfterActualRun
WorkloadResult   1: 39 op, 30939230.00 ns, 793.3136 us/op
WorkloadResult   2: 39 op, 31616908.00 ns, 810.6899 us/op
WorkloadResult   3: 39 op, 33633826.00 ns, 862.4058 us/op
WorkloadResult   4: 39 op, 31373033.00 ns, 804.4367 us/op
WorkloadResult   5: 39 op, 30944869.00 ns, 793.4582 us/op
WorkloadResult   6: 39 op, 33176404.00 ns, 850.6770 us/op
// GC:  0 0 0 0 39
// Threading:  0 0 39

// AfterAll
// Benchmark Process 904 has exited with code 0.

Mean = 819.164 us, StdErr = 12.221 us (1.49%), N = 6, StdDev = 29.935 us
Min = 793.314 us, Q1 = 796.203 us, Median = 807.563 us, Q3 = 840.680 us, Max = 862.406 us
IQR = 44.477 us, LowerFence = 729.487 us, UpperFence = 907.396 us
ConfidenceInterval = [735.219 us; 903.108 us] (CI 99.9%), Margin = 83.945 us (10.25% of Mean)
Skewness = 0.46, Kurtosis = 1.12, MValue = 2

// ** Remained 24 (75.0 %) benchmark(s) to run. Estimated finish 2026-10-04 21:59 (0h 0m from now) **
// **************************
// Benchmark: CodecSuite.Run: campaign(EvaluateOverhead=False, Clock=Armonik.Ffi.Bdn.CpuClock, IterationCount=6, IterationTime=40ms, LaunchCount=1, RunStrategy=Throughput, WarmupCount=25) [Case=core-(...)|drop [81]]
// *** Execute ***
// Launch: 1 / 1
// Execute: dotnet BenchDotNet-campaign-1.dll --anonymousPipes 111 112 --benchmarkName "Armonik.Ffi.Bdn.CodecSuite.Run(Case: \"core-ffi|encode-core-hot|U-wire-UploadResultDataMessage-upload-as-wt5|corpus|drop\")" --job campaign --benchmarkId 8 in /home/user/ArmoniK.Api/ffi/poc/csharp/src/BenchDotNet/bin/Release/net8.0/BenchDotNet-campaign-1/bin/Release/net8.0
// BeforeAnythingElse

// Benchmark Process Environment Information:
// BenchmarkDotNet v0.15.8
// Runtime=.NET 8.0.31 (8.0.31, 8.0.3126.42015), X64 RyuJIT x86-64-v4
// GC=Concurrent Workstation
// HardwareIntrinsics=AVX512 F+BW+CD+DQ+VL,AVX2+BMI1+BMI2+F16C+FMA+LZCNT+MOVBE,AVX,SSE3+SSSE3+SSE4.1+SSE4.2+POPCNT,X86Base+SSE+SSE2,AES+PCLMUL VectorSize=256
// Job: campaign(EvaluateOverhead=False, Clock=Armonik.Ffi.Bdn.CpuClock, IterationCount=6, IterationTime=40ms, LaunchCount=1, RunStrategy=Throughput, WarmupCount=25)

OverheadJitting  1: 1 op, 356434.00 ns, 356.4340 us/op
WorkloadJitting  1: 1 op, 5378097.00 ns, 5.3781 ms/op

WorkloadPilot    1: 4 op, 26105.00 ns, 6.5263 us/op
WorkloadPilot    2: 6129 op, 3092728.00 ns, 504.6056 ns/op
WorkloadPilot    3: 79270 op, 39863083.00 ns, 502.8773 ns/op
WorkloadPilot    4: 79542 op, 39940536.00 ns, 502.1314 ns/op
WorkloadPilot    5: 79660 op, 41134695.00 ns, 516.3783 ns/op
WorkloadPilot    6: 77463 op, 27172649.00 ns, 350.7823 ns/op
WorkloadPilot    7: 114031 op, 27894328.00 ns, 244.6206 ns/op
WorkloadPilot    8: 163519 op, 39146549.00 ns, 239.4006 ns/op
WorkloadPilot    9: 167084 op, 41187390.00 ns, 246.5071 ns/op
WorkloadPilot   10: 162267 op, 38060552.00 ns, 234.5551 ns/op
WorkloadPilot   11: 170536 op, 40865441.00 ns, 239.6294 ns/op

WorkloadWarmup   1: 170536 op, 39912494.00 ns, 234.0415 ns/op
WorkloadWarmup   2: 170536 op, 40420514.00 ns, 237.0204 ns/op
WorkloadWarmup   3: 170536 op, 40799748.00 ns, 239.2442 ns/op
WorkloadWarmup   4: 170536 op, 41243667.00 ns, 241.8473 ns/op
WorkloadWarmup   5: 170536 op, 39949958.00 ns, 234.2611 ns/op
WorkloadWarmup   6: 170536 op, 39672842.00 ns, 232.6362 ns/op
WorkloadWarmup   7: 170536 op, 39814369.00 ns, 233.4661 ns/op
WorkloadWarmup   8: 170536 op, 39832105.00 ns, 233.5701 ns/op
WorkloadWarmup   9: 170536 op, 39775318.00 ns, 233.2371 ns/op
WorkloadWarmup  10: 170536 op, 39641950.00 ns, 232.4550 ns/op
WorkloadWarmup  11: 170536 op, 39610949.00 ns, 232.2732 ns/op
WorkloadWarmup  12: 170536 op, 39670248.00 ns, 232.6210 ns/op
WorkloadWarmup  13: 170536 op, 39744273.00 ns, 233.0550 ns/op
WorkloadWarmup  14: 170536 op, 39729666.00 ns, 232.9694 ns/op
WorkloadWarmup  15: 170536 op, 39738690.00 ns, 233.0223 ns/op
WorkloadWarmup  16: 170536 op, 39754258.00 ns, 233.1136 ns/op
WorkloadWarmup  17: 170536 op, 39470386.00 ns, 231.4490 ns/op
WorkloadWarmup  18: 170536 op, 39669144.00 ns, 232.6145 ns/op
WorkloadWarmup  19: 170536 op, 39617958.00 ns, 232.3143 ns/op
WorkloadWarmup  20: 170536 op, 39661042.00 ns, 232.5670 ns/op
WorkloadWarmup  21: 170536 op, 39677531.00 ns, 232.6637 ns/op
WorkloadWarmup  22: 170536 op, 39795324.00 ns, 233.3544 ns/op
WorkloadWarmup  23: 170536 op, 39828363.00 ns, 233.5481 ns/op
WorkloadWarmup  24: 170536 op, 39850040.00 ns, 233.6752 ns/op
WorkloadWarmup  25: 170536 op, 39894310.00 ns, 233.9348 ns/op

// BeforeActualRun
WorkloadActual   1: 170536 op, 39979103.00 ns, 234.4320 ns/op
WorkloadActual   2: 170536 op, 39860746.00 ns, 233.7380 ns/op
WorkloadActual   3: 170536 op, 39909028.00 ns, 234.0211 ns/op
WorkloadActual   4: 170536 op, 39724309.00 ns, 232.9380 ns/op
WorkloadActual   5: 170536 op, 39742900.00 ns, 233.0470 ns/op
WorkloadActual   6: 170536 op, 39715538.00 ns, 232.8865 ns/op

// AfterActualRun
WorkloadResult   1: 170536 op, 39979103.00 ns, 234.4320 ns/op
WorkloadResult   2: 170536 op, 39860746.00 ns, 233.7380 ns/op
WorkloadResult   3: 170536 op, 39909028.00 ns, 234.0211 ns/op
WorkloadResult   4: 170536 op, 39724309.00 ns, 232.9380 ns/op
WorkloadResult   5: 170536 op, 39742900.00 ns, 233.0470 ns/op
WorkloadResult   6: 170536 op, 39715538.00 ns, 232.8865 ns/op
// GC:  0 0 0 0 170536
// Threading:  0 0 170536

// AfterAll
// Benchmark Process 913 has exited with code 0.

Mean = 233.510 ns, StdErr = 0.264 ns (0.11%), N = 6, StdDev = 0.647 ns
Min = 232.887 ns, Q1 = 232.965 ns, Median = 233.392 ns, Q3 = 233.950 ns, Max = 234.432 ns
IQR = 0.985 ns, LowerFence = 231.488 ns, UpperFence = 235.428 ns
ConfidenceInterval = [231.696 ns; 235.325 ns] (CI 99.9%), Margin = 1.815 ns (0.78% of Mean)
Skewness = 0.24, Kurtosis = 1.04, MValue = 2

// ** Remained 23 (71.9 %) benchmark(s) to run. Estimated finish 2026-10-04 21:59 (0h 0m from now) **
// **************************
// Benchmark: CodecSuite.Run: campaign(EvaluateOverhead=False, Clock=Armonik.Ffi.Bdn.CpuClock, IterationCount=6, IterationTime=40ms, LaunchCount=1, RunStrategy=Throughput, WarmupCount=25) [Case=core-(...)etain [42]]
// *** Execute ***
// Launch: 1 / 1
// Execute: dotnet BenchDotNet-campaign-1.dll --anonymousPipes 111 112 --benchmarkName "Armonik.Ffi.Bdn.CodecSuite.Run(Case: \"core-ffi|encode-core-hot|P2.4|ascii|retain\")" --job campaign --benchmarkId 9 in /home/user/ArmoniK.Api/ffi/poc/csharp/src/BenchDotNet/bin/Release/net8.0/BenchDotNet-campaign-1/bin/Release/net8.0
// BeforeAnythingElse

// Benchmark Process Environment Information:
// BenchmarkDotNet v0.15.8
// Runtime=.NET 8.0.31 (8.0.31, 8.0.3126.42015), X64 RyuJIT x86-64-v4
// GC=Concurrent Workstation
// HardwareIntrinsics=AVX512 F+BW+CD+DQ+VL,AVX2+BMI1+BMI2+F16C+FMA+LZCNT+MOVBE,AVX,SSE3+SSSE3+SSE4.1+SSE4.2+POPCNT,X86Base+SSE+SSE2,AES+PCLMUL VectorSize=256
// Job: campaign(EvaluateOverhead=False, Clock=Armonik.Ffi.Bdn.CpuClock, IterationCount=6, IterationTime=40ms, LaunchCount=1, RunStrategy=Throughput, WarmupCount=25)

OverheadJitting  1: 1 op, 253388.00 ns, 253.3880 us/op
WorkloadJitting  1: 1 op, 16964131.00 ns, 16.9641 ms/op

WorkloadPilot    1: 4 op, 24716761.00 ns, 6.1792 ms/op
WorkloadPilot    2: 6 op, 28562005.00 ns, 4.7603 ms/op
WorkloadPilot    3: 8 op, 38113663.00 ns, 4.7642 ms/op

WorkloadWarmup   1: 8 op, 40051346.00 ns, 5.0064 ms/op
WorkloadWarmup   2: 8 op, 40485016.00 ns, 5.0606 ms/op
WorkloadWarmup   3: 8 op, 37085162.00 ns, 4.6356 ms/op
WorkloadWarmup   4: 8 op, 33352932.00 ns, 4.1691 ms/op
WorkloadWarmup   5: 8 op, 36608148.00 ns, 4.5760 ms/op
WorkloadWarmup   6: 8 op, 41207503.00 ns, 5.1509 ms/op
WorkloadWarmup   7: 8 op, 42314283.00 ns, 5.2893 ms/op
WorkloadWarmup   8: 8 op, 35379353.00 ns, 4.4224 ms/op
WorkloadWarmup   9: 8 op, 34026026.00 ns, 4.2533 ms/op
WorkloadWarmup  10: 8 op, 37922357.00 ns, 4.7403 ms/op
WorkloadWarmup  11: 8 op, 34483294.00 ns, 4.3104 ms/op
WorkloadWarmup  12: 8 op, 34790449.00 ns, 4.3488 ms/op
WorkloadWarmup  13: 8 op, 33641528.00 ns, 4.2052 ms/op
WorkloadWarmup  14: 8 op, 34184242.00 ns, 4.2730 ms/op
WorkloadWarmup  15: 8 op, 37859804.00 ns, 4.7325 ms/op
WorkloadWarmup  16: 8 op, 38110875.00 ns, 4.7639 ms/op
WorkloadWarmup  17: 8 op, 33747953.00 ns, 4.2185 ms/op
WorkloadWarmup  18: 8 op, 36311684.00 ns, 4.5390 ms/op
WorkloadWarmup  19: 8 op, 39852056.00 ns, 4.9815 ms/op
WorkloadWarmup  20: 8 op, 43940493.00 ns, 5.4926 ms/op
WorkloadWarmup  21: 8 op, 34880549.00 ns, 4.3601 ms/op
WorkloadWarmup  22: 8 op, 36208471.00 ns, 4.5261 ms/op
WorkloadWarmup  23: 8 op, 32981642.00 ns, 4.1227 ms/op
WorkloadWarmup  24: 8 op, 35166848.00 ns, 4.3959 ms/op
WorkloadWarmup  25: 8 op, 34097169.00 ns, 4.2621 ms/op

// BeforeActualRun
WorkloadActual   1: 8 op, 33148541.00 ns, 4.1436 ms/op
WorkloadActual   2: 8 op, 34852384.00 ns, 4.3565 ms/op
WorkloadActual   3: 8 op, 34330367.00 ns, 4.2913 ms/op
WorkloadActual   4: 8 op, 34344760.00 ns, 4.2931 ms/op
WorkloadActual   5: 8 op, 39655108.00 ns, 4.9569 ms/op
WorkloadActual   6: 8 op, 35791541.00 ns, 4.4739 ms/op

// AfterActualRun
WorkloadResult   1: 8 op, 33148541.00 ns, 4.1436 ms/op
WorkloadResult   2: 8 op, 34852384.00 ns, 4.3565 ms/op
WorkloadResult   3: 8 op, 34330367.00 ns, 4.2913 ms/op
WorkloadResult   4: 8 op, 34344760.00 ns, 4.2931 ms/op
WorkloadResult   5: 8 op, 35791541.00 ns, 4.4739 ms/op
// GC:  0 0 0 0 8
// Threading:  0 0 8

// AfterAll
// Benchmark Process 922 has exited with code 0.

Mean = 4.312 ms, StdErr = 0.054 ms (1.24%), N = 5, StdDev = 0.120 ms
Min = 4.144 ms, Q1 = 4.291 ms, Median = 4.293 ms, Q3 = 4.357 ms, Max = 4.474 ms
IQR = 0.065 ms, LowerFence = 4.193 ms, UpperFence = 4.454 ms
ConfidenceInterval = [3.851 ms; 4.773 ms] (CI 99.9%), Margin = 0.461 ms (10.69% of Mean)
Skewness = -0.05, Kurtosis = 1.46, MValue = 2

// ** Remained 22 (68.8 %) benchmark(s) to run. Estimated finish 2026-10-04 21:59 (0h 0m from now) **
// **************************
// Benchmark: CodecSuite.Run: campaign(EvaluateOverhead=False, Clock=Armonik.Ffi.Bdn.CpuClock, IterationCount=6, IterationTime=40ms, LaunchCount=1, RunStrategy=Throughput, WarmupCount=25) [Case=core-(...)|drop [40]]
// *** Execute ***
// Launch: 1 / 1
// Execute: dotnet BenchDotNet-campaign-1.dll --anonymousPipes 111 112 --benchmarkName "Armonik.Ffi.Bdn.CodecSuite.Run(Case: \"core-ffi|encode-core-hot|P2.5|ascii|drop\")" --job campaign --benchmarkId 10 in /home/user/ArmoniK.Api/ffi/poc/csharp/src/BenchDotNet/bin/Release/net8.0/BenchDotNet-campaign-1/bin/Release/net8.0
// BeforeAnythingElse

// Benchmark Process Environment Information:
// BenchmarkDotNet v0.15.8
// Runtime=.NET 8.0.31 (8.0.31, 8.0.3126.42015), X64 RyuJIT x86-64-v4
// GC=Concurrent Workstation
// HardwareIntrinsics=AVX512 F+BW+CD+DQ+VL,AVX2+BMI1+BMI2+F16C+FMA+LZCNT+MOVBE,AVX,SSE3+SSSE3+SSE4.1+SSE4.2+POPCNT,X86Base+SSE+SSE2,AES+PCLMUL VectorSize=256
// Job: campaign(EvaluateOverhead=False, Clock=Armonik.Ffi.Bdn.CpuClock, IterationCount=6, IterationTime=40ms, LaunchCount=1, RunStrategy=Throughput, WarmupCount=25)

OverheadJitting  1: 1 op, 270138.00 ns, 270.1380 us/op
WorkloadJitting  1: 1 op, 9691887.00 ns, 9.6919 ms/op

WorkloadPilot    1: 4 op, 566806.00 ns, 141.7015 us/op
WorkloadPilot    2: 282 op, 36086638.00 ns, 127.9668 us/op
WorkloadPilot    3: 313 op, 39259769.00 ns, 125.4306 us/op
WorkloadPilot    4: 319 op, 40981039.00 ns, 128.4672 us/op
WorkloadPilot    5: 311 op, 45452360.00 ns, 146.1491 us/op
WorkloadPilot    6: 274 op, 35288354.00 ns, 128.7896 us/op
WorkloadPilot    7: 311 op, 30570166.00 ns, 98.2964 us/op
WorkloadPilot    8: 407 op, 38541976.00 ns, 94.6977 us/op
WorkloadPilot    9: 422 op, 39380119.00 ns, 93.3178 us/op
WorkloadPilot   10: 429 op, 40063884.00 ns, 93.3890 us/op

WorkloadWarmup   1: 429 op, 40208405.00 ns, 93.7259 us/op
WorkloadWarmup   2: 429 op, 44814942.00 ns, 104.4637 us/op
WorkloadWarmup   3: 429 op, 42442639.00 ns, 98.9339 us/op
WorkloadWarmup   4: 429 op, 41138682.00 ns, 95.8944 us/op
WorkloadWarmup   5: 429 op, 41300069.00 ns, 96.2706 us/op
WorkloadWarmup   6: 429 op, 43524114.00 ns, 101.4548 us/op
WorkloadWarmup   7: 429 op, 45578601.00 ns, 106.2438 us/op
WorkloadWarmup   8: 429 op, 45792765.00 ns, 106.7430 us/op
WorkloadWarmup   9: 429 op, 46742719.00 ns, 108.9574 us/op
WorkloadWarmup  10: 429 op, 42918595.00 ns, 100.0433 us/op
WorkloadWarmup  11: 429 op, 41833743.00 ns, 97.5146 us/op
WorkloadWarmup  12: 429 op, 40062003.00 ns, 93.3846 us/op
WorkloadWarmup  13: 429 op, 40809841.00 ns, 95.1278 us/op
WorkloadWarmup  14: 429 op, 40678568.00 ns, 94.8218 us/op
WorkloadWarmup  15: 429 op, 41694788.00 ns, 97.1906 us/op
WorkloadWarmup  16: 429 op, 40681806.00 ns, 94.8294 us/op
WorkloadWarmup  17: 429 op, 40862993.00 ns, 95.2517 us/op
WorkloadWarmup  18: 429 op, 44878803.00 ns, 104.6126 us/op
WorkloadWarmup  19: 429 op, 41814222.00 ns, 97.4690 us/op
WorkloadWarmup  20: 429 op, 40806633.00 ns, 95.1204 us/op
WorkloadWarmup  21: 429 op, 40627580.00 ns, 94.7030 us/op
WorkloadWarmup  22: 429 op, 41328991.00 ns, 96.3380 us/op
WorkloadWarmup  23: 429 op, 40677022.00 ns, 94.8182 us/op
WorkloadWarmup  24: 429 op, 42523587.00 ns, 99.1226 us/op
WorkloadWarmup  25: 429 op, 40982130.00 ns, 95.5294 us/op

// BeforeActualRun
WorkloadActual   1: 429 op, 41986763.00 ns, 97.8712 us/op
WorkloadActual   2: 429 op, 40365652.00 ns, 94.0924 us/op
WorkloadActual   3: 429 op, 43149676.00 ns, 100.5820 us/op
WorkloadActual   4: 429 op, 40345741.00 ns, 94.0460 us/op
WorkloadActual   5: 429 op, 45497430.00 ns, 106.0546 us/op
WorkloadActual   6: 429 op, 45628499.00 ns, 106.3601 us/op

// AfterActualRun
WorkloadResult   1: 429 op, 41986763.00 ns, 97.8712 us/op
WorkloadResult   2: 429 op, 40365652.00 ns, 94.0924 us/op
WorkloadResult   3: 429 op, 43149676.00 ns, 100.5820 us/op
WorkloadResult   4: 429 op, 40345741.00 ns, 94.0460 us/op
WorkloadResult   5: 429 op, 45497430.00 ns, 106.0546 us/op
WorkloadResult   6: 429 op, 45628499.00 ns, 106.3601 us/op
// GC:  0 0 0 0 429
// Threading:  0 0 429

// AfterAll
// Benchmark Process 936 has exited with code 0.

Mean = 99.834 us, StdErr = 2.252 us (2.26%), N = 6, StdDev = 5.517 us
Min = 94.046 us, Q1 = 95.037 us, Median = 99.227 us, Q3 = 104.686 us, Max = 106.360 us
IQR = 9.649 us, LowerFence = 80.563 us, UpperFence = 119.160 us
ConfidenceInterval = [84.365 us; 115.304 us] (CI 99.9%), Margin = 15.470 us (15.50% of Mean)
Skewness = 0.13, Kurtosis = 1, MValue = 2

// ** Remained 21 (65.6 %) benchmark(s) to run. Estimated finish 2026-10-04 21:59 (0h 0m from now) **
// **************************
// Benchmark: CodecSuite.Run: campaign(EvaluateOverhead=False, Clock=Armonik.Ffi.Bdn.CpuClock, IterationCount=6, IterationTime=40ms, LaunchCount=1, RunStrategy=Throughput, WarmupCount=25) [Case=core-(...)|drop [40]]
// *** Execute ***
// Launch: 1 / 1
// Execute: dotnet BenchDotNet-campaign-1.dll --anonymousPipes 111 112 --benchmarkName "Armonik.Ffi.Bdn.CodecSuite.Run(Case: \"core-ffi|encode-core-hot|P2.3|ascii|drop\")" --job campaign --benchmarkId 11 in /home/user/ArmoniK.Api/ffi/poc/csharp/src/BenchDotNet/bin/Release/net8.0/BenchDotNet-campaign-1/bin/Release/net8.0
// BeforeAnythingElse

// Benchmark Process Environment Information:
// BenchmarkDotNet v0.15.8
// Runtime=.NET 8.0.31 (8.0.31, 8.0.3126.42015), X64 RyuJIT x86-64-v4
// GC=Concurrent Workstation
// HardwareIntrinsics=AVX512 F+BW+CD+DQ+VL,AVX2+BMI1+BMI2+F16C+FMA+LZCNT+MOVBE,AVX,SSE3+SSSE3+SSE4.1+SSE4.2+POPCNT,X86Base+SSE+SSE2,AES+PCLMUL VectorSize=256
// Job: campaign(EvaluateOverhead=False, Clock=Armonik.Ffi.Bdn.CpuClock, IterationCount=6, IterationTime=40ms, LaunchCount=1, RunStrategy=Throughput, WarmupCount=25)

OverheadJitting  1: 1 op, 269191.00 ns, 269.1910 us/op
WorkloadJitting  1: 1 op, 15277545.00 ns, 15.2775 ms/op

WorkloadPilot    1: 4 op, 19763833.00 ns, 4.9410 ms/op
WorkloadPilot    2: 8 op, 27159450.00 ns, 3.3949 ms/op
WorkloadPilot    3: 12 op, 40434521.00 ns, 3.3695 ms/op

WorkloadWarmup   1: 12 op, 40581211.00 ns, 3.3818 ms/op
WorkloadWarmup   2: 12 op, 39861424.00 ns, 3.3218 ms/op
WorkloadWarmup   3: 12 op, 40250596.00 ns, 3.3542 ms/op
WorkloadWarmup   4: 12 op, 40785761.00 ns, 3.3988 ms/op
WorkloadWarmup   5: 12 op, 42422372.00 ns, 3.5352 ms/op
WorkloadWarmup   6: 12 op, 37616693.00 ns, 3.1347 ms/op
WorkloadWarmup   7: 12 op, 40215798.00 ns, 3.3513 ms/op
WorkloadWarmup   8: 12 op, 34959464.00 ns, 2.9133 ms/op
WorkloadWarmup   9: 12 op, 46476359.00 ns, 3.8730 ms/op
WorkloadWarmup  10: 12 op, 34101367.00 ns, 2.8418 ms/op
WorkloadWarmup  11: 12 op, 33757443.00 ns, 2.8131 ms/op
WorkloadWarmup  12: 12 op, 43920092.00 ns, 3.6600 ms/op
WorkloadWarmup  13: 12 op, 34322953.00 ns, 2.8602 ms/op
WorkloadWarmup  14: 12 op, 35616011.00 ns, 2.9680 ms/op
WorkloadWarmup  15: 12 op, 33776732.00 ns, 2.8147 ms/op
WorkloadWarmup  16: 12 op, 33558053.00 ns, 2.7965 ms/op
WorkloadWarmup  17: 12 op, 34330803.00 ns, 2.8609 ms/op
WorkloadWarmup  18: 12 op, 34500225.00 ns, 2.8750 ms/op
WorkloadWarmup  19: 12 op, 46003369.00 ns, 3.8336 ms/op
WorkloadWarmup  20: 12 op, 33182207.00 ns, 2.7652 ms/op
WorkloadWarmup  21: 12 op, 33749678.00 ns, 2.8125 ms/op
WorkloadWarmup  22: 12 op, 33546895.00 ns, 2.7956 ms/op
WorkloadWarmup  23: 12 op, 34482746.00 ns, 2.8736 ms/op
WorkloadWarmup  24: 12 op, 33897135.00 ns, 2.8248 ms/op
WorkloadWarmup  25: 12 op, 33452501.00 ns, 2.7877 ms/op

// BeforeActualRun
WorkloadActual   1: 12 op, 33343715.00 ns, 2.7786 ms/op
WorkloadActual   2: 12 op, 33227544.00 ns, 2.7690 ms/op
WorkloadActual   3: 12 op, 33997022.00 ns, 2.8331 ms/op
WorkloadActual   4: 12 op, 33805778.00 ns, 2.8171 ms/op
WorkloadActual   5: 12 op, 34749909.00 ns, 2.8958 ms/op
WorkloadActual   6: 12 op, 34640200.00 ns, 2.8867 ms/op

// AfterActualRun
WorkloadResult   1: 12 op, 33343715.00 ns, 2.7786 ms/op
WorkloadResult   2: 12 op, 33227544.00 ns, 2.7690 ms/op
WorkloadResult   3: 12 op, 33997022.00 ns, 2.8331 ms/op
WorkloadResult   4: 12 op, 33805778.00 ns, 2.8171 ms/op
WorkloadResult   5: 12 op, 34749909.00 ns, 2.8958 ms/op
WorkloadResult   6: 12 op, 34640200.00 ns, 2.8867 ms/op
// GC:  0 0 0 0 12
// Threading:  0 0 12

// AfterAll
// Benchmark Process 945 has exited with code 0.

Mean = 2.830 ms, StdErr = 0.022 ms (0.77%), N = 6, StdDev = 0.053 ms
Min = 2.769 ms, Q1 = 2.788 ms, Median = 2.825 ms, Q3 = 2.873 ms, Max = 2.896 ms
IQR = 0.085 ms, LowerFence = 2.661 ms, UpperFence = 3.001 ms
ConfidenceInterval = [2.681 ms; 2.979 ms] (CI 99.9%), Margin = 0.149 ms (5.26% of Mean)
Skewness = 0.11, Kurtosis = 1.05, MValue = 2

// ** Remained 20 (62.5 %) benchmark(s) to run. Estimated finish 2026-10-04 21:59 (0h 0m from now) **
// **************************
// Benchmark: CodecSuite.Run: campaign(EvaluateOverhead=False, Clock=Armonik.Ffi.Bdn.CpuClock, IterationCount=6, IterationTime=40ms, LaunchCount=1, RunStrategy=Throughput, WarmupCount=25) [Case=core-(...)etain [43]]
// *** Execute ***
// Launch: 1 / 1
// Execute: dotnet BenchDotNet-campaign-1.dll --anonymousPipes 111 112 --benchmarkName "Armonik.Ffi.Bdn.CodecSuite.Run(Case: \"core-ffi|encode-core-hot|P2.2|latin1|retain\")" --job campaign --benchmarkId 12 in /home/user/ArmoniK.Api/ffi/poc/csharp/src/BenchDotNet/bin/Release/net8.0/BenchDotNet-campaign-1/bin/Release/net8.0
// BeforeAnythingElse

// Benchmark Process Environment Information:
// BenchmarkDotNet v0.15.8
// Runtime=.NET 8.0.31 (8.0.31, 8.0.3126.42015), X64 RyuJIT x86-64-v4
// GC=Concurrent Workstation
// HardwareIntrinsics=AVX512 F+BW+CD+DQ+VL,AVX2+BMI1+BMI2+F16C+FMA+LZCNT+MOVBE,AVX,SSE3+SSSE3+SSE4.1+SSE4.2+POPCNT,X86Base+SSE+SSE2,AES+PCLMUL VectorSize=256
// Job: campaign(EvaluateOverhead=False, Clock=Armonik.Ffi.Bdn.CpuClock, IterationCount=6, IterationTime=40ms, LaunchCount=1, RunStrategy=Throughput, WarmupCount=25)

OverheadJitting  1: 1 op, 295198.00 ns, 295.1980 us/op
WorkloadJitting  1: 1 op, 18603008.00 ns, 18.6030 ms/op

WorkloadPilot    1: 4 op, 28305138.00 ns, 7.0763 ms/op
WorkloadPilot    2: 6 op, 33397321.00 ns, 5.5662 ms/op

WorkloadWarmup   1: 6 op, 34619067.00 ns, 5.7698 ms/op
WorkloadWarmup   2: 6 op, 24063382.00 ns, 4.0106 ms/op
WorkloadWarmup   3: 6 op, 25926587.00 ns, 4.3211 ms/op
WorkloadWarmup   4: 6 op, 31553012.00 ns, 5.2588 ms/op
WorkloadWarmup   5: 6 op, 21291825.00 ns, 3.5486 ms/op
WorkloadWarmup   6: 6 op, 22288822.00 ns, 3.7148 ms/op
WorkloadWarmup   7: 6 op, 20875317.00 ns, 3.4792 ms/op
WorkloadWarmup   8: 6 op, 21069972.00 ns, 3.5117 ms/op
WorkloadWarmup   9: 6 op, 21672953.00 ns, 3.6122 ms/op
WorkloadWarmup  10: 6 op, 31687586.00 ns, 5.2813 ms/op
WorkloadWarmup  11: 6 op, 28810438.00 ns, 4.8017 ms/op
WorkloadWarmup  12: 6 op, 21286196.00 ns, 3.5477 ms/op
WorkloadWarmup  13: 6 op, 20874340.00 ns, 3.4791 ms/op
WorkloadWarmup  14: 6 op, 21999206.00 ns, 3.6665 ms/op
WorkloadWarmup  15: 6 op, 21120590.00 ns, 3.5201 ms/op
WorkloadWarmup  16: 6 op, 20619103.00 ns, 3.4365 ms/op
WorkloadWarmup  17: 6 op, 22080742.00 ns, 3.6801 ms/op
WorkloadWarmup  18: 6 op, 20949368.00 ns, 3.4916 ms/op
WorkloadWarmup  19: 6 op, 24400520.00 ns, 4.0668 ms/op
WorkloadWarmup  20: 6 op, 25056574.00 ns, 4.1761 ms/op
WorkloadWarmup  21: 6 op, 20737851.00 ns, 3.4563 ms/op
WorkloadWarmup  22: 6 op, 20620930.00 ns, 3.4368 ms/op
WorkloadWarmup  23: 6 op, 21072956.00 ns, 3.5122 ms/op
WorkloadWarmup  24: 6 op, 22015046.00 ns, 3.6692 ms/op
WorkloadWarmup  25: 6 op, 23419150.00 ns, 3.9032 ms/op

// BeforeActualRun
WorkloadActual   1: 6 op, 21069851.00 ns, 3.5116 ms/op
WorkloadActual   2: 6 op, 21414163.00 ns, 3.5690 ms/op
WorkloadActual   3: 6 op, 23505709.00 ns, 3.9176 ms/op
WorkloadActual   4: 6 op, 20711778.00 ns, 3.4520 ms/op
WorkloadActual   5: 6 op, 21099462.00 ns, 3.5166 ms/op
WorkloadActual   6: 6 op, 20727788.00 ns, 3.4546 ms/op

// AfterActualRun
WorkloadResult   1: 6 op, 21069851.00 ns, 3.5116 ms/op
WorkloadResult   2: 6 op, 21414163.00 ns, 3.5690 ms/op
WorkloadResult   3: 6 op, 20711778.00 ns, 3.4520 ms/op
WorkloadResult   4: 6 op, 21099462.00 ns, 3.5166 ms/op
WorkloadResult   5: 6 op, 20727788.00 ns, 3.4546 ms/op
// GC:  0 0 0 0 6
// Threading:  0 0 6

// AfterAll
// Benchmark Process 955 has exited with code 0.

Mean = 3.501 ms, StdErr = 0.022 ms (0.62%), N = 5, StdDev = 0.049 ms
Min = 3.452 ms, Q1 = 3.455 ms, Median = 3.512 ms, Q3 = 3.517 ms, Max = 3.569 ms
IQR = 0.062 ms, LowerFence = 3.362 ms, UpperFence = 3.609 ms
ConfidenceInterval = [3.313 ms; 3.689 ms] (CI 99.9%), Margin = 0.188 ms (5.37% of Mean)
Skewness = 0.19, Kurtosis = 1.13, MValue = 2

// ** Remained 19 (59.4 %) benchmark(s) to run. Estimated finish 2026-10-04 21:59 (0h 0m from now) **
// **************************
// Benchmark: CodecSuite.Run: campaign(EvaluateOverhead=False, Clock=Armonik.Ffi.Bdn.CpuClock, IterationCount=6, IterationTime=40ms, LaunchCount=1, RunStrategy=Throughput, WarmupCount=25) [Case=core-(...)|drop [41]]
// *** Execute ***
// Launch: 1 / 1
// Execute: dotnet BenchDotNet-campaign-1.dll --anonymousPipes 111 112 --benchmarkName "Armonik.Ffi.Bdn.CodecSuite.Run(Case: \"core-ffi|encode-core-hot|P2.2|latin1|drop\")" --job campaign --benchmarkId 13 in /home/user/ArmoniK.Api/ffi/poc/csharp/src/BenchDotNet/bin/Release/net8.0/BenchDotNet-campaign-1/bin/Release/net8.0
// BeforeAnythingElse

// Benchmark Process Environment Information:
// BenchmarkDotNet v0.15.8
// Runtime=.NET 8.0.31 (8.0.31, 8.0.3126.42015), X64 RyuJIT x86-64-v4
// GC=Concurrent Workstation
// HardwareIntrinsics=AVX512 F+BW+CD+DQ+VL,AVX2+BMI1+BMI2+F16C+FMA+LZCNT+MOVBE,AVX,SSE3+SSSE3+SSE4.1+SSE4.2+POPCNT,X86Base+SSE+SSE2,AES+PCLMUL VectorSize=256
// Job: campaign(EvaluateOverhead=False, Clock=Armonik.Ffi.Bdn.CpuClock, IterationCount=6, IterationTime=40ms, LaunchCount=1, RunStrategy=Throughput, WarmupCount=25)

OverheadJitting  1: 1 op, 581416.00 ns, 581.4160 us/op
WorkloadJitting  1: 1 op, 23969071.00 ns, 23.9691 ms/op

WorkloadPilot    1: 4 op, 27760145.00 ns, 6.9400 ms/op
WorkloadPilot    2: 6 op, 32300925.00 ns, 5.3835 ms/op

WorkloadWarmup   1: 6 op, 23620490.00 ns, 3.9367 ms/op
WorkloadWarmup   2: 6 op, 23760025.00 ns, 3.9600 ms/op
WorkloadWarmup   3: 6 op, 23796723.00 ns, 3.9661 ms/op
WorkloadWarmup   4: 6 op, 23815868.00 ns, 3.9693 ms/op
WorkloadWarmup   5: 6 op, 23685846.00 ns, 3.9476 ms/op
WorkloadWarmup   6: 6 op, 20287294.00 ns, 3.3812 ms/op
WorkloadWarmup   7: 6 op, 21360007.00 ns, 3.5600 ms/op
WorkloadWarmup   8: 6 op, 21630109.00 ns, 3.6050 ms/op
WorkloadWarmup   9: 6 op, 20813648.00 ns, 3.4689 ms/op
WorkloadWarmup  10: 6 op, 26456515.00 ns, 4.4094 ms/op
WorkloadWarmup  11: 6 op, 31904899.00 ns, 5.3175 ms/op
WorkloadWarmup  12: 6 op, 20470744.00 ns, 3.4118 ms/op
WorkloadWarmup  13: 6 op, 20915298.00 ns, 3.4859 ms/op
WorkloadWarmup  14: 6 op, 21107155.00 ns, 3.5179 ms/op
WorkloadWarmup  15: 6 op, 20908159.00 ns, 3.4847 ms/op
WorkloadWarmup  16: 6 op, 20371328.00 ns, 3.3952 ms/op
WorkloadWarmup  17: 6 op, 20622948.00 ns, 3.4372 ms/op
WorkloadWarmup  18: 6 op, 20358014.00 ns, 3.3930 ms/op
WorkloadWarmup  19: 6 op, 21092572.00 ns, 3.5154 ms/op
WorkloadWarmup  20: 6 op, 21406972.00 ns, 3.5678 ms/op
WorkloadWarmup  21: 6 op, 20615898.00 ns, 3.4360 ms/op
WorkloadWarmup  22: 6 op, 20707920.00 ns, 3.4513 ms/op
WorkloadWarmup  23: 6 op, 20335773.00 ns, 3.3893 ms/op
WorkloadWarmup  24: 6 op, 20828038.00 ns, 3.4713 ms/op
WorkloadWarmup  25: 6 op, 20646641.00 ns, 3.4411 ms/op

// BeforeActualRun
WorkloadActual   1: 6 op, 20590227.00 ns, 3.4317 ms/op
WorkloadActual   2: 6 op, 20989816.00 ns, 3.4983 ms/op
WorkloadActual   3: 6 op, 21445825.00 ns, 3.5743 ms/op
WorkloadActual   4: 6 op, 21323239.00 ns, 3.5539 ms/op
WorkloadActual   5: 6 op, 21353496.00 ns, 3.5589 ms/op
WorkloadActual   6: 6 op, 20548379.00 ns, 3.4247 ms/op

// AfterActualRun
WorkloadResult   1: 6 op, 20590227.00 ns, 3.4317 ms/op
WorkloadResult   2: 6 op, 20989816.00 ns, 3.4983 ms/op
WorkloadResult   3: 6 op, 21445825.00 ns, 3.5743 ms/op
WorkloadResult   4: 6 op, 21323239.00 ns, 3.5539 ms/op
WorkloadResult   5: 6 op, 21353496.00 ns, 3.5589 ms/op
WorkloadResult   6: 6 op, 20548379.00 ns, 3.4247 ms/op
// GC:  0 0 0 0 6
// Threading:  0 0 6

// AfterAll
// Benchmark Process 972 has exited with code 0.

Mean = 3.507 ms, StdErr = 0.027 ms (0.77%), N = 6, StdDev = 0.066 ms
Min = 3.425 ms, Q1 = 3.448 ms, Median = 3.526 ms, Q3 = 3.558 ms, Max = 3.574 ms
IQR = 0.109 ms, LowerFence = 3.284 ms, UpperFence = 3.722 ms
ConfidenceInterval = [3.321 ms; 3.693 ms] (CI 99.9%), Margin = 0.186 ms (5.30% of Mean)
Skewness = -0.25, Kurtosis = 0.96, MValue = 2

// ** Remained 18 (56.2 %) benchmark(s) to run. Estimated finish 2026-10-04 21:59 (0h 0m from now) **
// **************************
// Benchmark: CodecSuite.Run: campaign(EvaluateOverhead=False, Clock=Armonik.Ffi.Bdn.CpuClock, IterationCount=6, IterationTime=40ms, LaunchCount=1, RunStrategy=Throughput, WarmupCount=25) [Case=core-(...)etain [82]]
// *** Execute ***
// Launch: 1 / 1
// Execute: dotnet BenchDotNet-campaign-1.dll --anonymousPipes 111 112 --benchmarkName "Armonik.Ffi.Bdn.CodecSuite.Run(Case: \"core-ffi|encode-core-hot|U-wire-ListTaskSummaryResponse-tasks-as-wt5|corpus|retain\")" --job campaign --benchmarkId 14 in /home/user/ArmoniK.Api/ffi/poc/csharp/src/BenchDotNet/bin/Release/net8.0/BenchDotNet-campaign-1/bin/Release/net8.0
// BeforeAnythingElse

// Benchmark Process Environment Information:
// BenchmarkDotNet v0.15.8
// Runtime=.NET 8.0.31 (8.0.31, 8.0.3126.42015), X64 RyuJIT x86-64-v4
// GC=Concurrent Workstation
// HardwareIntrinsics=AVX512 F+BW+CD+DQ+VL,AVX2+BMI1+BMI2+F16C+FMA+LZCNT+MOVBE,AVX,SSE3+SSSE3+SSE4.1+SSE4.2+POPCNT,X86Base+SSE+SSE2,AES+PCLMUL VectorSize=256
// Job: campaign(EvaluateOverhead=False, Clock=Armonik.Ffi.Bdn.CpuClock, IterationCount=6, IterationTime=40ms, LaunchCount=1, RunStrategy=Throughput, WarmupCount=25)

OverheadJitting  1: 1 op, 266628.00 ns, 266.6280 us/op
WorkloadJitting  1: 1 op, 6587722.00 ns, 6.5877 ms/op

WorkloadPilot    1: 4 op, 57011.00 ns, 14.2528 us/op
WorkloadPilot    2: 2806 op, 18184868.00 ns, 6.4807 us/op
WorkloadPilot    3: 6172 op, 44915701.00 ns, 7.2773 us/op
WorkloadPilot    4: 5497 op, 34286321.00 ns, 6.2373 us/op
WorkloadPilot    5: 6413 op, 40409112.00 ns, 6.3011 us/op
WorkloadPilot    6: 6348 op, 27265889.00 ns, 4.2952 us/op
WorkloadPilot    7: 9313 op, 39409592.00 ns, 4.2317 us/op
WorkloadPilot    8: 9453 op, 45261566.00 ns, 4.7881 us/op

WorkloadWarmup   1: 9453 op, 39768794.00 ns, 4.2070 us/op
WorkloadWarmup   2: 9453 op, 41234140.00 ns, 4.3620 us/op
WorkloadWarmup   3: 9453 op, 42304178.00 ns, 4.4752 us/op
WorkloadWarmup   4: 9453 op, 42074270.00 ns, 4.4509 us/op
WorkloadWarmup   5: 9453 op, 40096296.00 ns, 4.2416 us/op
WorkloadWarmup   6: 9453 op, 43091283.00 ns, 4.5585 us/op
WorkloadWarmup   7: 9453 op, 41360123.00 ns, 4.3753 us/op
WorkloadWarmup   8: 9453 op, 41194074.00 ns, 4.3578 us/op
WorkloadWarmup   9: 9453 op, 47023100.00 ns, 4.9744 us/op
WorkloadWarmup  10: 9453 op, 52435118.00 ns, 5.5469 us/op
WorkloadWarmup  11: 9453 op, 49290080.00 ns, 5.2142 us/op
WorkloadWarmup  12: 9453 op, 46441549.00 ns, 4.9129 us/op
WorkloadWarmup  13: 9453 op, 40090214.00 ns, 4.2410 us/op
WorkloadWarmup  14: 9453 op, 41975168.00 ns, 4.4404 us/op
WorkloadWarmup  15: 9453 op, 55091202.00 ns, 5.8279 us/op
WorkloadWarmup  16: 9453 op, 40444861.00 ns, 4.2785 us/op
WorkloadWarmup  17: 9453 op, 40887013.00 ns, 4.3253 us/op
WorkloadWarmup  18: 9453 op, 40498229.00 ns, 4.2842 us/op
WorkloadWarmup  19: 9453 op, 40529628.00 ns, 4.2875 us/op
WorkloadWarmup  20: 9453 op, 41144890.00 ns, 4.3526 us/op
WorkloadWarmup  21: 9453 op, 41010635.00 ns, 4.3384 us/op
WorkloadWarmup  22: 9453 op, 41821992.00 ns, 4.4242 us/op
WorkloadWarmup  23: 9453 op, 41847815.00 ns, 4.4269 us/op
WorkloadWarmup  24: 9453 op, 41837314.00 ns, 4.4258 us/op
WorkloadWarmup  25: 9453 op, 40641905.00 ns, 4.2994 us/op

// BeforeActualRun
WorkloadActual   1: 9453 op, 43966798.00 ns, 4.6511 us/op
WorkloadActual   2: 9453 op, 43939914.00 ns, 4.6483 us/op
WorkloadActual   3: 9453 op, 47526801.00 ns, 5.0277 us/op
WorkloadActual   4: 9453 op, 53568032.00 ns, 5.6668 us/op
WorkloadActual   5: 9453 op, 42510405.00 ns, 4.4970 us/op
WorkloadActual   6: 9453 op, 45281960.00 ns, 4.7902 us/op

// AfterActualRun
WorkloadResult   1: 9453 op, 43966798.00 ns, 4.6511 us/op
WorkloadResult   2: 9453 op, 43939914.00 ns, 4.6483 us/op
WorkloadResult   3: 9453 op, 47526801.00 ns, 5.0277 us/op
WorkloadResult   4: 9453 op, 42510405.00 ns, 4.4970 us/op
WorkloadResult   5: 9453 op, 45281960.00 ns, 4.7902 us/op
// GC:  0 0 0 0 9453
// Threading:  0 0 9453

// AfterAll
// Benchmark Process 981 has exited with code 0.

Mean = 4.723 us, StdErr = 0.089 us (1.89%), N = 5, StdDev = 0.199 us
Min = 4.497 us, Q1 = 4.648 us, Median = 4.651 us, Q3 = 4.790 us, Max = 5.028 us
IQR = 0.142 us, LowerFence = 4.435 us, UpperFence = 5.003 us
ConfidenceInterval = [3.955 us; 5.491 us] (CI 99.9%), Margin = 0.768 us (16.26% of Mean)
Skewness = 0.41, Kurtosis = 1.43, MValue = 2

// ** Remained 17 (53.1 %) benchmark(s) to run. Estimated finish 2026-10-04 21:59 (0h 0m from now) **
// **************************
// Benchmark: CodecSuite.Run: campaign(EvaluateOverhead=False, Clock=Armonik.Ffi.Bdn.CpuClock, IterationCount=6, IterationTime=40ms, LaunchCount=1, RunStrategy=Throughput, WarmupCount=25) [Case=core-(...)etain [42]]
// *** Execute ***
// Launch: 1 / 1
// Execute: dotnet BenchDotNet-campaign-1.dll --anonymousPipes 111 112 --benchmarkName "Armonik.Ffi.Bdn.CodecSuite.Run(Case: \"core-ffi|encode-core-hot|P2.5|ascii|retain\")" --job campaign --benchmarkId 15 in /home/user/ArmoniK.Api/ffi/poc/csharp/src/BenchDotNet/bin/Release/net8.0/BenchDotNet-campaign-1/bin/Release/net8.0
// BeforeAnythingElse

// Benchmark Process Environment Information:
// BenchmarkDotNet v0.15.8
// Runtime=.NET 8.0.31 (8.0.31, 8.0.3126.42015), X64 RyuJIT x86-64-v4
// GC=Concurrent Workstation
// HardwareIntrinsics=AVX512 F+BW+CD+DQ+VL,AVX2+BMI1+BMI2+F16C+FMA+LZCNT+MOVBE,AVX,SSE3+SSSE3+SSE4.1+SSE4.2+POPCNT,X86Base+SSE+SSE2,AES+PCLMUL VectorSize=256
// Job: campaign(EvaluateOverhead=False, Clock=Armonik.Ffi.Bdn.CpuClock, IterationCount=6, IterationTime=40ms, LaunchCount=1, RunStrategy=Throughput, WarmupCount=25)

OverheadJitting  1: 1 op, 244206.00 ns, 244.2060 us/op
WorkloadJitting  1: 1 op, 9574061.00 ns, 9.5741 ms/op

WorkloadPilot    1: 4 op, 576686.00 ns, 144.1715 us/op
WorkloadPilot    2: 277 op, 34726494.00 ns, 125.3664 us/op
WorkloadPilot    3: 319 op, 41013098.00 ns, 128.5677 us/op
WorkloadPilot    4: 311 op, 39797814.00 ns, 127.9672 us/op
WorkloadPilot    5: 313 op, 39213354.00 ns, 125.2823 us/op
WorkloadPilot    6: 319 op, 43010522.00 ns, 134.8292 us/op
WorkloadPilot    7: 297 op, 29135231.00 ns, 98.0984 us/op
WorkloadPilot    8: 408 op, 37480399.00 ns, 91.8637 us/op
WorkloadPilot    9: 435 op, 40329613.00 ns, 92.7118 us/op

WorkloadWarmup   1: 435 op, 44910054.00 ns, 103.2415 us/op
WorkloadWarmup   2: 435 op, 43899867.00 ns, 100.9192 us/op
WorkloadWarmup   3: 435 op, 41177400.00 ns, 94.6607 us/op
WorkloadWarmup   4: 435 op, 40310081.00 ns, 92.6669 us/op
WorkloadWarmup   5: 435 op, 47286800.00 ns, 108.7053 us/op
WorkloadWarmup   6: 435 op, 40293557.00 ns, 92.6289 us/op
WorkloadWarmup   7: 435 op, 40769675.00 ns, 93.7234 us/op
WorkloadWarmup   8: 435 op, 40582659.00 ns, 93.2935 us/op
WorkloadWarmup   9: 435 op, 43980405.00 ns, 101.1044 us/op
WorkloadWarmup  10: 435 op, 42148918.00 ns, 96.8941 us/op
WorkloadWarmup  11: 435 op, 42013093.00 ns, 96.5818 us/op
WorkloadWarmup  12: 435 op, 58671281.00 ns, 134.8765 us/op
WorkloadWarmup  13: 435 op, 41332164.00 ns, 95.0165 us/op
WorkloadWarmup  14: 435 op, 40203471.00 ns, 92.4218 us/op
WorkloadWarmup  15: 435 op, 40415655.00 ns, 92.9096 us/op
WorkloadWarmup  16: 435 op, 41552329.00 ns, 95.5226 us/op
WorkloadWarmup  17: 435 op, 40891668.00 ns, 94.0038 us/op
WorkloadWarmup  18: 435 op, 41532001.00 ns, 95.4759 us/op
WorkloadWarmup  19: 435 op, 40675066.00 ns, 93.5059 us/op
WorkloadWarmup  20: 435 op, 40653067.00 ns, 93.4553 us/op
WorkloadWarmup  21: 435 op, 40123760.00 ns, 92.2385 us/op
WorkloadWarmup  22: 435 op, 40029082.00 ns, 92.0209 us/op
WorkloadWarmup  23: 435 op, 40690997.00 ns, 93.5425 us/op
WorkloadWarmup  24: 435 op, 40495886.00 ns, 93.0940 us/op
WorkloadWarmup  25: 435 op, 40687916.00 ns, 93.5354 us/op

// BeforeActualRun
WorkloadActual   1: 435 op, 40517781.00 ns, 93.1443 us/op
WorkloadActual   2: 435 op, 40304129.00 ns, 92.6532 us/op
WorkloadActual   3: 435 op, 45452806.00 ns, 104.4892 us/op
WorkloadActual   4: 435 op, 42283545.00 ns, 97.2036 us/op
WorkloadActual   5: 435 op, 43174452.00 ns, 99.2516 us/op
WorkloadActual   6: 435 op, 41494827.00 ns, 95.3904 us/op

// AfterActualRun
WorkloadResult   1: 435 op, 40517781.00 ns, 93.1443 us/op
WorkloadResult   2: 435 op, 40304129.00 ns, 92.6532 us/op
WorkloadResult   3: 435 op, 45452806.00 ns, 104.4892 us/op
WorkloadResult   4: 435 op, 42283545.00 ns, 97.2036 us/op
WorkloadResult   5: 435 op, 43174452.00 ns, 99.2516 us/op
WorkloadResult   6: 435 op, 41494827.00 ns, 95.3904 us/op
// GC:  0 0 0 0 435
// Threading:  0 0 435

// AfterAll
// Benchmark Process 990 has exited with code 0.

Mean = 97.022 us, StdErr = 1.803 us (1.86%), N = 6, StdDev = 4.417 us
Min = 92.653 us, Q1 = 93.706 us, Median = 96.297 us, Q3 = 98.740 us, Max = 104.489 us
IQR = 5.034 us, LowerFence = 86.155 us, UpperFence = 106.290 us
ConfidenceInterval = [84.636 us; 109.408 us] (CI 99.9%), Margin = 12.386 us (12.77% of Mean)
Skewness = 0.54, Kurtosis = 1.63, MValue = 2

// ** Remained 16 (50.0 %) benchmark(s) to run. Estimated finish 2026-10-04 21:59 (0h 0m from now) **
// **************************
// Benchmark: CodecSuite.Run: campaign(EvaluateOverhead=False, Clock=Armonik.Ffi.Bdn.CpuClock, IterationCount=6, IterationTime=40ms, LaunchCount=1, RunStrategy=Throughput, WarmupCount=25) [Case=core-(...)etain [80]]
// *** Execute ***
// Launch: 1 / 1
// Execute: dotnet BenchDotNet-campaign-1.dll --anonymousPipes 111 112 --benchmarkName "Armonik.Ffi.Bdn.CodecSuite.Run(Case: \"core-ffi|encode-core-hot|U-wire-ListMetricsResponse-batches-as-wt0|corpus|retain\")" --job campaign --benchmarkId 16 in /home/user/ArmoniK.Api/ffi/poc/csharp/src/BenchDotNet/bin/Release/net8.0/BenchDotNet-campaign-1/bin/Release/net8.0
// BeforeAnythingElse

// Benchmark Process Environment Information:
// BenchmarkDotNet v0.15.8
// Runtime=.NET 8.0.31 (8.0.31, 8.0.3126.42015), X64 RyuJIT x86-64-v4
// GC=Concurrent Workstation
// HardwareIntrinsics=AVX512 F+BW+CD+DQ+VL,AVX2+BMI1+BMI2+F16C+FMA+LZCNT+MOVBE,AVX,SSE3+SSSE3+SSE4.1+SSE4.2+POPCNT,X86Base+SSE+SSE2,AES+PCLMUL VectorSize=256
// Job: campaign(EvaluateOverhead=False, Clock=Armonik.Ffi.Bdn.CpuClock, IterationCount=6, IterationTime=40ms, LaunchCount=1, RunStrategy=Throughput, WarmupCount=25)

OverheadJitting  1: 1 op, 290926.00 ns, 290.9260 us/op
WorkloadJitting  1: 1 op, 7529109.00 ns, 7.5291 ms/op

WorkloadPilot    1: 4 op, 47199.00 ns, 11.7998 us/op
WorkloadPilot    2: 3390 op, 16608522.00 ns, 4.8993 us/op
WorkloadPilot    3: 8164 op, 48595877.00 ns, 5.9525 us/op
WorkloadPilot    4: 6720 op, 36014841.00 ns, 5.3594 us/op
WorkloadPilot    5: 7464 op, 38348262.00 ns, 5.1378 us/op
WorkloadPilot    6: 7785 op, 27160725.00 ns, 3.4889 us/op
WorkloadPilot    7: 11465 op, 17810235.00 ns, 1.5534 us/op
WorkloadPilot    8: 25749 op, 48045549.00 ns, 1.8659 us/op
WorkloadPilot    9: 21437 op, 38553877.00 ns, 1.7985 us/op
WorkloadPilot   10: 22241 op, 36171692.00 ns, 1.6264 us/op
WorkloadPilot   11: 24595 op, 39997070.00 ns, 1.6262 us/op
WorkloadPilot   12: 24597 op, 39625534.00 ns, 1.6110 us/op
WorkloadPilot   13: 24829 op, 45359923.00 ns, 1.8269 us/op

WorkloadWarmup   1: 24829 op, 41372250.00 ns, 1.6663 us/op
WorkloadWarmup   2: 24829 op, 40798289.00 ns, 1.6432 us/op
WorkloadWarmup   3: 24829 op, 41953335.00 ns, 1.6897 us/op
WorkloadWarmup   4: 24829 op, 41946830.00 ns, 1.6894 us/op
WorkloadWarmup   5: 24829 op, 40360026.00 ns, 1.6255 us/op
WorkloadWarmup   6: 24829 op, 39684229.00 ns, 1.5983 us/op
WorkloadWarmup   7: 24829 op, 39119483.00 ns, 1.5756 us/op
WorkloadWarmup   8: 24829 op, 38786630.00 ns, 1.5622 us/op
WorkloadWarmup   9: 24829 op, 41236746.00 ns, 1.6608 us/op
WorkloadWarmup  10: 24829 op, 39575947.00 ns, 1.5939 us/op
WorkloadWarmup  11: 24829 op, 40418261.00 ns, 1.6279 us/op
WorkloadWarmup  12: 24829 op, 39226335.00 ns, 1.5799 us/op
WorkloadWarmup  13: 24829 op, 41684860.00 ns, 1.6789 us/op
WorkloadWarmup  14: 24829 op, 41622102.00 ns, 1.6764 us/op
WorkloadWarmup  15: 24829 op, 53132178.00 ns, 2.1399 us/op
WorkloadWarmup  16: 24829 op, 41960330.00 ns, 1.6900 us/op
WorkloadWarmup  17: 24829 op, 41514098.00 ns, 1.6720 us/op
WorkloadWarmup  18: 24829 op, 40053259.00 ns, 1.6132 us/op
WorkloadWarmup  19: 24829 op, 40020325.00 ns, 1.6118 us/op
WorkloadWarmup  20: 24829 op, 40905181.00 ns, 1.6475 us/op
WorkloadWarmup  21: 24829 op, 41351820.00 ns, 1.6655 us/op
WorkloadWarmup  22: 24829 op, 41420480.00 ns, 1.6682 us/op
WorkloadWarmup  23: 24829 op, 42729958.00 ns, 1.7210 us/op
WorkloadWarmup  24: 24829 op, 41896337.00 ns, 1.6874 us/op
WorkloadWarmup  25: 24829 op, 41304877.00 ns, 1.6636 us/op

// BeforeActualRun
WorkloadActual   1: 24829 op, 43235252.00 ns, 1.7413 us/op
WorkloadActual   2: 24829 op, 39076255.00 ns, 1.5738 us/op
WorkloadActual   3: 24829 op, 38518139.00 ns, 1.5513 us/op
WorkloadActual   4: 24829 op, 43252532.00 ns, 1.7420 us/op
WorkloadActual   5: 24829 op, 46431897.00 ns, 1.8701 us/op
WorkloadActual   6: 24829 op, 39465124.00 ns, 1.5895 us/op

// AfterActualRun
WorkloadResult   1: 24829 op, 43235252.00 ns, 1.7413 us/op
WorkloadResult   2: 24829 op, 39076255.00 ns, 1.5738 us/op
WorkloadResult   3: 24829 op, 38518139.00 ns, 1.5513 us/op
WorkloadResult   4: 24829 op, 43252532.00 ns, 1.7420 us/op
WorkloadResult   5: 24829 op, 46431897.00 ns, 1.8701 us/op
WorkloadResult   6: 24829 op, 39465124.00 ns, 1.5895 us/op
// GC:  0 0 0 0 24829
// Threading:  0 0 24829

// AfterAll
// Benchmark Process 999 has exited with code 0.

Mean = 1.678 us, StdErr = 0.052 us (3.07%), N = 6, StdDev = 0.126 us
Min = 1.551 us, Q1 = 1.578 us, Median = 1.665 us, Q3 = 1.742 us, Max = 1.870 us
IQR = 0.164 us, LowerFence = 1.332 us, UpperFence = 1.988 us
ConfidenceInterval = [1.324 us; 2.032 us] (CI 99.9%), Margin = 0.354 us (21.10% of Mean)
Skewness = 0.31, Kurtosis = 1.2, MValue = 2

// ** Remained 15 (46.9 %) benchmark(s) to run. Estimated finish 2026-10-04 21:59 (0h 0m from now) **
// **************************
// Benchmark: CodecSuite.Run: campaign(EvaluateOverhead=False, Clock=Armonik.Ffi.Bdn.CpuClock, IterationCount=6, IterationTime=40ms, LaunchCount=1, RunStrategy=Throughput, WarmupCount=25) [Case=core-(...)etain [83]]
// *** Execute ***
// Launch: 1 / 1
// Execute: dotnet BenchDotNet-campaign-1.dll --anonymousPipes 111 112 --benchmarkName "Armonik.Ffi.Bdn.CodecSuite.Run(Case: \"core-ffi|encode-core-hot|U-wire-UploadResultDataMessage-upload-as-wt5|corpus|retain\")" --job campaign --benchmarkId 17 in /home/user/ArmoniK.Api/ffi/poc/csharp/src/BenchDotNet/bin/Release/net8.0/BenchDotNet-campaign-1/bin/Release/net8.0
// BeforeAnythingElse

// Benchmark Process Environment Information:
// BenchmarkDotNet v0.15.8
// Runtime=.NET 8.0.31 (8.0.31, 8.0.3126.42015), X64 RyuJIT x86-64-v4
// GC=Concurrent Workstation
// HardwareIntrinsics=AVX512 F+BW+CD+DQ+VL,AVX2+BMI1+BMI2+F16C+FMA+LZCNT+MOVBE,AVX,SSE3+SSSE3+SSE4.1+SSE4.2+POPCNT,X86Base+SSE+SSE2,AES+PCLMUL VectorSize=256
// Job: campaign(EvaluateOverhead=False, Clock=Armonik.Ffi.Bdn.CpuClock, IterationCount=6, IterationTime=40ms, LaunchCount=1, RunStrategy=Throughput, WarmupCount=25)

OverheadJitting  1: 1 op, 279972.00 ns, 279.9720 us/op
WorkloadJitting  1: 1 op, 3781068.00 ns, 3.7811 ms/op

WorkloadPilot    1: 4 op, 17790.00 ns, 4.4475 us/op
WorkloadPilot    2: 8994 op, 5477330.00 ns, 608.9982 ns/op
WorkloadPilot    3: 65682 op, 35488448.00 ns, 540.3071 ns/op
WorkloadPilot    4: 74032 op, 40661720.00 ns, 549.2452 ns/op
WorkloadPilot    5: 72827 op, 39104148.00 ns, 536.9457 ns/op
WorkloadPilot    6: 74495 op, 32343663.00 ns, 434.1723 ns/op
WorkloadPilot    7: 92129 op, 25783404.00 ns, 279.8620 ns/op
WorkloadPilot    8: 142928 op, 39375063.00 ns, 275.4888 ns/op
WorkloadPilot    9: 145196 op, 39423919.00 ns, 271.5221 ns/op
WorkloadPilot   10: 147318 op, 41391210.00 ns, 280.9651 ns/op
WorkloadPilot   11: 142366 op, 39354712.00 ns, 276.4334 ns/op
WorkloadPilot   12: 144700 op, 39452615.00 ns, 272.6511 ns/op
WorkloadPilot   13: 146708 op, 39421893.00 ns, 268.7099 ns/op
WorkloadPilot   14: 148859 op, 42128030.00 ns, 283.0063 ns/op

WorkloadWarmup   1: 148859 op, 40583063.00 ns, 272.6275 ns/op
WorkloadWarmup   2: 148859 op, 42546770.00 ns, 285.8193 ns/op
WorkloadWarmup   3: 148859 op, 44552420.00 ns, 299.2928 ns/op
WorkloadWarmup   4: 148859 op, 39777628.00 ns, 267.2168 ns/op
WorkloadWarmup   5: 148859 op, 41237234.00 ns, 277.0221 ns/op
WorkloadWarmup   6: 148859 op, 41066616.00 ns, 275.8759 ns/op
WorkloadWarmup   7: 148859 op, 45185457.00 ns, 303.5453 ns/op
WorkloadWarmup   8: 148859 op, 40032699.00 ns, 268.9303 ns/op
WorkloadWarmup   9: 148859 op, 41281972.00 ns, 277.3226 ns/op
WorkloadWarmup  10: 148859 op, 48925496.00 ns, 328.6701 ns/op
WorkloadWarmup  11: 148859 op, 43332433.00 ns, 291.0972 ns/op
WorkloadWarmup  12: 148859 op, 39531056.00 ns, 265.5604 ns/op
WorkloadWarmup  13: 148859 op, 40098036.00 ns, 269.3692 ns/op
WorkloadWarmup  14: 148859 op, 42377261.00 ns, 284.6805 ns/op
WorkloadWarmup  15: 148859 op, 42129574.00 ns, 283.0166 ns/op
WorkloadWarmup  16: 148859 op, 41341687.00 ns, 277.7238 ns/op
WorkloadWarmup  17: 148859 op, 43962364.00 ns, 295.3289 ns/op
WorkloadWarmup  18: 148859 op, 41471222.00 ns, 278.5940 ns/op
WorkloadWarmup  19: 148859 op, 45653659.00 ns, 306.6906 ns/op
WorkloadWarmup  20: 148859 op, 39879954.00 ns, 267.9042 ns/op
WorkloadWarmup  21: 148859 op, 40249173.00 ns, 270.3845 ns/op
WorkloadWarmup  22: 148859 op, 40790450.00 ns, 274.0207 ns/op
WorkloadWarmup  23: 148859 op, 40567982.00 ns, 272.5262 ns/op
WorkloadWarmup  24: 148859 op, 39991040.00 ns, 268.6505 ns/op
WorkloadWarmup  25: 148859 op, 41347005.00 ns, 277.7595 ns/op

// BeforeActualRun
WorkloadActual   1: 148859 op, 41048968.00 ns, 275.7574 ns/op
WorkloadActual   2: 148859 op, 41135185.00 ns, 276.3366 ns/op
WorkloadActual   3: 148859 op, 43089990.00 ns, 289.4685 ns/op
WorkloadActual   4: 148859 op, 42190428.00 ns, 283.4254 ns/op
WorkloadActual   5: 148859 op, 40915589.00 ns, 274.8614 ns/op
WorkloadActual   6: 148859 op, 41906253.00 ns, 281.5164 ns/op

// AfterActualRun
WorkloadResult   1: 148859 op, 41048968.00 ns, 275.7574 ns/op
WorkloadResult   2: 148859 op, 41135185.00 ns, 276.3366 ns/op
WorkloadResult   3: 148859 op, 43089990.00 ns, 289.4685 ns/op
WorkloadResult   4: 148859 op, 42190428.00 ns, 283.4254 ns/op
WorkloadResult   5: 148859 op, 40915589.00 ns, 274.8614 ns/op
WorkloadResult   6: 148859 op, 41906253.00 ns, 281.5164 ns/op
// GC:  0 0 0 0 148859
// Threading:  0 0 148859

// AfterAll
// Benchmark Process 1008 has exited with code 0.

Mean = 280.228 ns, StdErr = 2.318 ns (0.83%), N = 6, StdDev = 5.678 ns
Min = 274.861 ns, Q1 = 275.902 ns, Median = 278.926 ns, Q3 = 282.948 ns, Max = 289.468 ns
IQR = 7.046 ns, LowerFence = 265.333 ns, UpperFence = 293.517 ns
ConfidenceInterval = [264.305 ns; 296.150 ns] (CI 99.9%), Margin = 15.922 ns (5.68% of Mean)
Skewness = 0.47, Kurtosis = 1.42, MValue = 2

// ** Remained 14 (43.8 %) benchmark(s) to run. Estimated finish 2026-10-04 21:59 (0h 0m from now) **
// **************************
// Benchmark: CodecSuite.Run: campaign(EvaluateOverhead=False, Clock=Armonik.Ffi.Bdn.CpuClock, IterationCount=6, IterationTime=40ms, LaunchCount=1, RunStrategy=Throughput, WarmupCount=25) [Case=core-(...)|drop [40]]
// *** Execute ***
// Launch: 1 / 1
// Execute: dotnet BenchDotNet-campaign-1.dll --anonymousPipes 111 112 --benchmarkName "Armonik.Ffi.Bdn.CodecSuite.Run(Case: \"core-ffi|encode-core-hot|P4.1|ascii|drop\")" --job campaign --benchmarkId 18 in /home/user/ArmoniK.Api/ffi/poc/csharp/src/BenchDotNet/bin/Release/net8.0/BenchDotNet-campaign-1/bin/Release/net8.0
// BeforeAnythingElse

// Benchmark Process Environment Information:
// BenchmarkDotNet v0.15.8
// Runtime=.NET 8.0.31 (8.0.31, 8.0.3126.42015), X64 RyuJIT x86-64-v4
// GC=Concurrent Workstation
// HardwareIntrinsics=AVX512 F+BW+CD+DQ+VL,AVX2+BMI1+BMI2+F16C+FMA+LZCNT+MOVBE,AVX,SSE3+SSSE3+SSE4.1+SSE4.2+POPCNT,X86Base+SSE+SSE2,AES+PCLMUL VectorSize=256
// Job: campaign(EvaluateOverhead=False, Clock=Armonik.Ffi.Bdn.CpuClock, IterationCount=6, IterationTime=40ms, LaunchCount=1, RunStrategy=Throughput, WarmupCount=25)

OverheadJitting  1: 1 op, 259070.00 ns, 259.0700 us/op
WorkloadJitting  1: 1 op, 8460455.00 ns, 8.4605 ms/op

WorkloadPilot    1: 4 op, 4542118.00 ns, 1.1355 ms/op
WorkloadPilot    2: 35 op, 27466467.00 ns, 784.7562 us/op
WorkloadPilot    3: 51 op, 35728874.00 ns, 700.5662 us/op
WorkloadPilot    4: 57 op, 43929009.00 ns, 770.6844 us/op
WorkloadPilot    5: 52 op, 36478237.00 ns, 701.5046 us/op
WorkloadPilot    6: 57 op, 44489631.00 ns, 780.5198 us/op
WorkloadPilot    7: 51 op, 35261018.00 ns, 691.3925 us/op
WorkloadPilot    8: 58 op, 34512290.00 ns, 595.0395 us/op
WorkloadPilot    9: 67 op, 35996391.00 ns, 537.2596 us/op
WorkloadPilot   10: 74 op, 41425365.00 ns, 559.8022 us/op

WorkloadWarmup   1: 74 op, 42038050.00 ns, 568.0818 us/op
WorkloadWarmup   2: 74 op, 38445811.00 ns, 519.5380 us/op
WorkloadWarmup   3: 74 op, 38447342.00 ns, 519.5587 us/op
WorkloadWarmup   4: 74 op, 39321719.00 ns, 531.3746 us/op
WorkloadWarmup   5: 74 op, 41130610.00 ns, 555.8191 us/op
WorkloadWarmup   6: 74 op, 37956345.00 ns, 512.9236 us/op
WorkloadWarmup   7: 74 op, 38551165.00 ns, 520.9617 us/op
WorkloadWarmup   8: 74 op, 38752615.00 ns, 523.6840 us/op
WorkloadWarmup   9: 74 op, 38667531.00 ns, 522.5342 us/op
WorkloadWarmup  10: 74 op, 38873055.00 ns, 525.3116 us/op
WorkloadWarmup  11: 74 op, 37889983.00 ns, 512.0268 us/op
WorkloadWarmup  12: 74 op, 38866189.00 ns, 525.2188 us/op
WorkloadWarmup  13: 74 op, 41216112.00 ns, 556.9745 us/op
WorkloadWarmup  14: 74 op, 38115084.00 ns, 515.0687 us/op
WorkloadWarmup  15: 74 op, 38762820.00 ns, 523.8219 us/op
WorkloadWarmup  16: 74 op, 39672519.00 ns, 536.1151 us/op
WorkloadWarmup  17: 74 op, 38561650.00 ns, 521.1034 us/op
WorkloadWarmup  18: 74 op, 38237989.00 ns, 516.7296 us/op
WorkloadWarmup  19: 74 op, 38506944.00 ns, 520.3641 us/op
WorkloadWarmup  20: 74 op, 38213933.00 ns, 516.4045 us/op
WorkloadWarmup  21: 74 op, 39001007.00 ns, 527.0406 us/op
WorkloadWarmup  22: 74 op, 39158726.00 ns, 529.1720 us/op
WorkloadWarmup  23: 74 op, 44505092.00 ns, 601.4202 us/op
WorkloadWarmup  24: 74 op, 45937337.00 ns, 620.7748 us/op
WorkloadWarmup  25: 74 op, 38733501.00 ns, 523.4257 us/op

// BeforeActualRun
WorkloadActual   1: 74 op, 41299564.00 ns, 558.1022 us/op
WorkloadActual   2: 74 op, 38890714.00 ns, 525.5502 us/op
WorkloadActual   3: 74 op, 43249878.00 ns, 584.4578 us/op
WorkloadActual   4: 74 op, 39918298.00 ns, 539.4365 us/op
WorkloadActual   5: 74 op, 42866088.00 ns, 579.2715 us/op
WorkloadActual   6: 74 op, 38443178.00 ns, 519.5024 us/op

// AfterActualRun
WorkloadResult   1: 74 op, 41299564.00 ns, 558.1022 us/op
WorkloadResult   2: 74 op, 38890714.00 ns, 525.5502 us/op
WorkloadResult   3: 74 op, 43249878.00 ns, 584.4578 us/op
WorkloadResult   4: 74 op, 39918298.00 ns, 539.4365 us/op
WorkloadResult   5: 74 op, 42866088.00 ns, 579.2715 us/op
WorkloadResult   6: 74 op, 38443178.00 ns, 519.5024 us/op
// GC:  0 0 0 0 74
// Threading:  0 0 74

// AfterAll
// Benchmark Process 1022 has exited with code 0.

Mean = 551.053 us, StdErr = 11.169 us (2.03%), N = 6, StdDev = 27.359 us
Min = 519.502 us, Q1 = 529.022 us, Median = 548.769 us, Q3 = 573.979 us, Max = 584.458 us
IQR = 44.957 us, LowerFence = 461.586 us, UpperFence = 641.415 us
ConfidenceInterval = [474.333 us; 627.774 us] (CI 99.9%), Margin = 76.720 us (13.92% of Mean)
Skewness = 0.09, Kurtosis = 0.99, MValue = 2

// ** Remained 13 (40.6 %) benchmark(s) to run. Estimated finish 2026-10-04 22:00 (0h 0m from now) **
// **************************
// Benchmark: CodecSuite.Run: campaign(EvaluateOverhead=False, Clock=Armonik.Ffi.Bdn.CpuClock, IterationCount=6, IterationTime=40ms, LaunchCount=1, RunStrategy=Throughput, WarmupCount=25) [Case=core-(...)etain [57]]
// *** Execute ***
// Launch: 1 / 1
// Execute: dotnet BenchDotNet-campaign-1.dll --anonymousPipes 111 112 --benchmarkName "Armonik.Ffi.Bdn.CodecSuite.Run(Case: \"core-ffi|encode-core-hot|U-oneof-u-repeated|corpus|retain\")" --job campaign --benchmarkId 19 in /home/user/ArmoniK.Api/ffi/poc/csharp/src/BenchDotNet/bin/Release/net8.0/BenchDotNet-campaign-1/bin/Release/net8.0
// BeforeAnythingElse

// Benchmark Process Environment Information:
// BenchmarkDotNet v0.15.8
// Runtime=.NET 8.0.31 (8.0.31, 8.0.3126.42015), X64 RyuJIT x86-64-v4
// GC=Concurrent Workstation
// HardwareIntrinsics=AVX512 F+BW+CD+DQ+VL,AVX2+BMI1+BMI2+F16C+FMA+LZCNT+MOVBE,AVX,SSE3+SSSE3+SSE4.1+SSE4.2+POPCNT,X86Base+SSE+SSE2,AES+PCLMUL VectorSize=256
// Job: campaign(EvaluateOverhead=False, Clock=Armonik.Ffi.Bdn.CpuClock, IterationCount=6, IterationTime=40ms, LaunchCount=1, RunStrategy=Throughput, WarmupCount=25)

OverheadJitting  1: 1 op, 296862.00 ns, 296.8620 us/op
WorkloadJitting  1: 1 op, 6074547.00 ns, 6.0745 ms/op

WorkloadPilot    1: 4 op, 34799.00 ns, 8.6998 us/op
WorkloadPilot    2: 4598 op, 3081501.00 ns, 670.1829 ns/op
WorkloadPilot    3: 59685 op, 35553817.00 ns, 595.6910 ns/op
WorkloadPilot    4: 67149 op, 39961326.00 ns, 595.1142 ns/op
WorkloadPilot    5: 67214 op, 48307988.00 ns, 718.7191 ns/op
WorkloadPilot    6: 55655 op, 21482056.00 ns, 385.9861 ns/op
WorkloadPilot    7: 103631 op, 30845154.00 ns, 297.6441 ns/op
WorkloadPilot    8: 134389 op, 41550587.00 ns, 309.1815 ns/op
WorkloadPilot    9: 129374 op, 44308422.00 ns, 342.4832 ns/op

WorkloadWarmup   1: 129374 op, 40974574.00 ns, 316.7141 ns/op
WorkloadWarmup   2: 129374 op, 38927360.00 ns, 300.8901 ns/op
WorkloadWarmup   3: 129374 op, 38688554.00 ns, 299.0443 ns/op
WorkloadWarmup   4: 129374 op, 37946907.00 ns, 293.3117 ns/op
WorkloadWarmup   5: 129374 op, 37640349.00 ns, 290.9421 ns/op
WorkloadWarmup   6: 129374 op, 41824829.00 ns, 323.2862 ns/op
WorkloadWarmup   7: 129374 op, 36862981.00 ns, 284.9335 ns/op
WorkloadWarmup   8: 129374 op, 37367193.00 ns, 288.8308 ns/op
WorkloadWarmup   9: 129374 op, 37276591.00 ns, 288.1305 ns/op
WorkloadWarmup  10: 129374 op, 39538528.00 ns, 305.6142 ns/op
WorkloadWarmup  11: 129374 op, 65547088.00 ns, 506.6481 ns/op
WorkloadWarmup  12: 129374 op, 37285820.00 ns, 288.2018 ns/op
WorkloadWarmup  13: 129374 op, 39277876.00 ns, 303.5995 ns/op
WorkloadWarmup  14: 129374 op, 43320387.00 ns, 334.8462 ns/op
WorkloadWarmup  15: 129374 op, 36260144.00 ns, 280.2738 ns/op
WorkloadWarmup  16: 129374 op, 36920536.00 ns, 285.3783 ns/op
WorkloadWarmup  17: 129374 op, 37067564.00 ns, 286.5148 ns/op
WorkloadWarmup  18: 129374 op, 37654105.00 ns, 291.0485 ns/op
WorkloadWarmup  19: 129374 op, 39164717.00 ns, 302.7248 ns/op
WorkloadWarmup  20: 129374 op, 39641218.00 ns, 306.4079 ns/op
WorkloadWarmup  21: 129374 op, 37062453.00 ns, 286.4753 ns/op
WorkloadWarmup  22: 129374 op, 37889096.00 ns, 292.8648 ns/op
WorkloadWarmup  23: 129374 op, 37923022.00 ns, 293.1271 ns/op
WorkloadWarmup  24: 129374 op, 36280628.00 ns, 280.4321 ns/op
WorkloadWarmup  25: 129374 op, 36373272.00 ns, 281.1482 ns/op

// BeforeActualRun
WorkloadActual   1: 129374 op, 36328767.00 ns, 280.8042 ns/op
WorkloadActual   2: 129374 op, 36258949.00 ns, 280.2646 ns/op
WorkloadActual   3: 129374 op, 36234737.00 ns, 280.0774 ns/op
WorkloadActual   4: 129374 op, 36540243.00 ns, 282.4388 ns/op
WorkloadActual   5: 129374 op, 40178348.00 ns, 310.5597 ns/op
WorkloadActual   6: 129374 op, 44019551.00 ns, 340.2504 ns/op

// AfterActualRun
WorkloadResult   1: 129374 op, 36328767.00 ns, 280.8042 ns/op
WorkloadResult   2: 129374 op, 36258949.00 ns, 280.2646 ns/op
WorkloadResult   3: 129374 op, 36234737.00 ns, 280.0774 ns/op
WorkloadResult   4: 129374 op, 36540243.00 ns, 282.4388 ns/op
WorkloadResult   5: 129374 op, 40178348.00 ns, 310.5597 ns/op
// GC:  0 0 0 0 129374
// Threading:  0 0 129374

// AfterAll
// Benchmark Process 1031 has exited with code 0.

Mean = 286.829 ns, StdErr = 5.947 ns (2.07%), N = 5, StdDev = 13.298 ns
Min = 280.077 ns, Q1 = 280.265 ns, Median = 280.804 ns, Q3 = 282.439 ns, Max = 310.560 ns
IQR = 2.174 ns, LowerFence = 277.003 ns, UpperFence = 285.700 ns
ConfidenceInterval = [235.621 ns; 338.036 ns] (CI 99.9%), Margin = 51.207 ns (17.85% of Mean)
Skewness = 1.06, Kurtosis = 2.06, MValue = 2

// ** Remained 12 (37.5 %) benchmark(s) to run. Estimated finish 2026-10-04 22:00 (0h 0m from now) **
// **************************
// Benchmark: CodecSuite.Run: campaign(EvaluateOverhead=False, Clock=Armonik.Ffi.Bdn.CpuClock, IterationCount=6, IterationTime=40ms, LaunchCount=1, RunStrategy=Throughput, WarmupCount=25) [Case=core-(...)|drop [40]]
// *** Execute ***
// Launch: 1 / 1
// Execute: dotnet BenchDotNet-campaign-1.dll --anonymousPipes 111 112 --benchmarkName "Armonik.Ffi.Bdn.CodecSuite.Run(Case: \"core-ffi|encode-core-hot|P2.4|ascii|drop\")" --job campaign --benchmarkId 20 in /home/user/ArmoniK.Api/ffi/poc/csharp/src/BenchDotNet/bin/Release/net8.0/BenchDotNet-campaign-1/bin/Release/net8.0
// BeforeAnythingElse

// Benchmark Process Environment Information:
// BenchmarkDotNet v0.15.8
// Runtime=.NET 8.0.31 (8.0.31, 8.0.3126.42015), X64 RyuJIT x86-64-v4
// GC=Concurrent Workstation
// HardwareIntrinsics=AVX512 F+BW+CD+DQ+VL,AVX2+BMI1+BMI2+F16C+FMA+LZCNT+MOVBE,AVX,SSE3+SSSE3+SSE4.1+SSE4.2+POPCNT,X86Base+SSE+SSE2,AES+PCLMUL VectorSize=256
// Job: campaign(EvaluateOverhead=False, Clock=Armonik.Ffi.Bdn.CpuClock, IterationCount=6, IterationTime=40ms, LaunchCount=1, RunStrategy=Throughput, WarmupCount=25)

OverheadJitting  1: 1 op, 309712.00 ns, 309.7120 us/op
WorkloadJitting  1: 1 op, 17586043.00 ns, 17.5860 ms/op

WorkloadPilot    1: 4 op, 25660566.00 ns, 6.4151 ms/op
WorkloadPilot    2: 6 op, 31998293.00 ns, 5.3330 ms/op
WorkloadPilot    3: 8 op, 49425285.00 ns, 6.1782 ms/op
WorkloadPilot    4: 6 op, 31022581.00 ns, 5.1704 ms/op
WorkloadPilot    5: 8 op, 46111694.00 ns, 5.7640 ms/op

WorkloadWarmup   1: 8 op, 33301842.00 ns, 4.1627 ms/op
WorkloadWarmup   2: 8 op, 32642005.00 ns, 4.0803 ms/op
WorkloadWarmup   3: 8 op, 32192949.00 ns, 4.0241 ms/op
WorkloadWarmup   4: 8 op, 33377177.00 ns, 4.1721 ms/op
WorkloadWarmup   5: 8 op, 33160536.00 ns, 4.1451 ms/op
WorkloadWarmup   6: 8 op, 43304875.00 ns, 5.4131 ms/op
WorkloadWarmup   7: 8 op, 34822035.00 ns, 4.3528 ms/op
WorkloadWarmup   8: 8 op, 37000131.00 ns, 4.6250 ms/op
WorkloadWarmup   9: 8 op, 40093973.00 ns, 5.0117 ms/op
WorkloadWarmup  10: 8 op, 33417609.00 ns, 4.1772 ms/op
WorkloadWarmup  11: 8 op, 32846678.00 ns, 4.1058 ms/op
WorkloadWarmup  12: 8 op, 32870979.00 ns, 4.1089 ms/op
WorkloadWarmup  13: 8 op, 33007378.00 ns, 4.1259 ms/op
WorkloadWarmup  14: 8 op, 33439318.00 ns, 4.1799 ms/op
WorkloadWarmup  15: 8 op, 36732688.00 ns, 4.5916 ms/op
WorkloadWarmup  16: 8 op, 34819382.00 ns, 4.3524 ms/op
WorkloadWarmup  17: 8 op, 34066847.00 ns, 4.2584 ms/op
WorkloadWarmup  18: 8 op, 33401183.00 ns, 4.1751 ms/op
WorkloadWarmup  19: 8 op, 34367596.00 ns, 4.2959 ms/op
WorkloadWarmup  20: 8 op, 35148668.00 ns, 4.3936 ms/op
WorkloadWarmup  21: 8 op, 35894350.00 ns, 4.4868 ms/op
WorkloadWarmup  22: 8 op, 33910726.00 ns, 4.2388 ms/op
WorkloadWarmup  23: 8 op, 35174088.00 ns, 4.3968 ms/op
WorkloadWarmup  24: 8 op, 36926272.00 ns, 4.6158 ms/op
WorkloadWarmup  25: 8 op, 36703814.00 ns, 4.5880 ms/op

// BeforeActualRun
WorkloadActual   1: 8 op, 33674743.00 ns, 4.2093 ms/op
WorkloadActual   2: 8 op, 40492455.00 ns, 5.0616 ms/op
WorkloadActual   3: 8 op, 33168215.00 ns, 4.1460 ms/op
WorkloadActual   4: 8 op, 32831135.00 ns, 4.1039 ms/op
WorkloadActual   5: 8 op, 33845815.00 ns, 4.2307 ms/op
WorkloadActual   6: 8 op, 35157348.00 ns, 4.3947 ms/op

// AfterActualRun
WorkloadResult   1: 8 op, 33674743.00 ns, 4.2093 ms/op
WorkloadResult   2: 8 op, 33168215.00 ns, 4.1460 ms/op
WorkloadResult   3: 8 op, 32831135.00 ns, 4.1039 ms/op
WorkloadResult   4: 8 op, 33845815.00 ns, 4.2307 ms/op
WorkloadResult   5: 8 op, 35157348.00 ns, 4.3947 ms/op
// GC:  0 0 0 0 8
// Threading:  0 0 8

// AfterAll
// Benchmark Process 1040 has exited with code 0.

Mean = 4.217 ms, StdErr = 0.050 ms (1.18%), N = 5, StdDev = 0.111 ms
Min = 4.104 ms, Q1 = 4.146 ms, Median = 4.209 ms, Q3 = 4.231 ms, Max = 4.395 ms
IQR = 0.085 ms, LowerFence = 4.019 ms, UpperFence = 4.358 ms
ConfidenceInterval = [3.788 ms; 4.646 ms] (CI 99.9%), Margin = 0.429 ms (10.17% of Mean)
Skewness = 0.55, Kurtosis = 1.54, MValue = 2

// ** Remained 11 (34.4 %) benchmark(s) to run. Estimated finish 2026-10-04 22:00 (0h 0m from now) **
// **************************
// Benchmark: CodecSuite.Run: campaign(EvaluateOverhead=False, Clock=Armonik.Ffi.Bdn.CpuClock, IterationCount=6, IterationTime=40ms, LaunchCount=1, RunStrategy=Throughput, WarmupCount=25) [Case=core-(...)|drop [39]]
// *** Execute ***
// Launch: 1 / 1
// Execute: dotnet BenchDotNet-campaign-1.dll --anonymousPipes 111 112 --benchmarkName "Armonik.Ffi.Bdn.CodecSuite.Run(Case: \"core-ffi|encode-core-hot|P2.2|wide|drop\")" --job campaign --benchmarkId 21 in /home/user/ArmoniK.Api/ffi/poc/csharp/src/BenchDotNet/bin/Release/net8.0/BenchDotNet-campaign-1/bin/Release/net8.0
// BeforeAnythingElse

// Benchmark Process Environment Information:
// BenchmarkDotNet v0.15.8
// Runtime=.NET 8.0.31 (8.0.31, 8.0.3126.42015), X64 RyuJIT x86-64-v4
// GC=Concurrent Workstation
// HardwareIntrinsics=AVX512 F+BW+CD+DQ+VL,AVX2+BMI1+BMI2+F16C+FMA+LZCNT+MOVBE,AVX,SSE3+SSSE3+SSE4.1+SSE4.2+POPCNT,X86Base+SSE+SSE2,AES+PCLMUL VectorSize=256
// Job: campaign(EvaluateOverhead=False, Clock=Armonik.Ffi.Bdn.CpuClock, IterationCount=6, IterationTime=40ms, LaunchCount=1, RunStrategy=Throughput, WarmupCount=25)

OverheadJitting  1: 1 op, 330039.00 ns, 330.0390 us/op
WorkloadJitting  1: 1 op, 19779712.00 ns, 19.7797 ms/op

WorkloadPilot    1: 4 op, 28665914.00 ns, 7.1665 ms/op
WorkloadPilot    2: 6 op, 33680620.00 ns, 5.6134 ms/op

WorkloadWarmup   1: 6 op, 26097053.00 ns, 4.3495 ms/op
WorkloadWarmup   2: 6 op, 26408279.00 ns, 4.4014 ms/op
WorkloadWarmup   3: 6 op, 25172881.00 ns, 4.1955 ms/op
WorkloadWarmup   4: 6 op, 27093213.00 ns, 4.5155 ms/op
WorkloadWarmup   5: 6 op, 24356084.00 ns, 4.0593 ms/op
WorkloadWarmup   6: 6 op, 21525191.00 ns, 3.5875 ms/op
WorkloadWarmup   7: 6 op, 23601153.00 ns, 3.9335 ms/op
WorkloadWarmup   8: 6 op, 22296556.00 ns, 3.7161 ms/op
WorkloadWarmup   9: 6 op, 23043056.00 ns, 3.8405 ms/op
WorkloadWarmup  10: 6 op, 33651812.00 ns, 5.6086 ms/op
WorkloadWarmup  11: 6 op, 28242421.00 ns, 4.7071 ms/op
WorkloadWarmup  12: 6 op, 22689698.00 ns, 3.7816 ms/op
WorkloadWarmup  13: 6 op, 22578648.00 ns, 3.7631 ms/op
WorkloadWarmup  14: 6 op, 21883751.00 ns, 3.6473 ms/op
WorkloadWarmup  15: 6 op, 22720069.00 ns, 3.7867 ms/op
WorkloadWarmup  16: 6 op, 23066039.00 ns, 3.8443 ms/op
WorkloadWarmup  17: 6 op, 28120002.00 ns, 4.6867 ms/op
WorkloadWarmup  18: 6 op, 59892006.00 ns, 9.9820 ms/op
WorkloadWarmup  19: 6 op, 25721992.00 ns, 4.2870 ms/op
WorkloadWarmup  20: 6 op, 23159357.00 ns, 3.8599 ms/op
WorkloadWarmup  21: 6 op, 22242306.00 ns, 3.7071 ms/op
WorkloadWarmup  22: 6 op, 23472465.00 ns, 3.9121 ms/op
WorkloadWarmup  23: 6 op, 25510916.00 ns, 4.2518 ms/op
WorkloadWarmup  24: 6 op, 29650836.00 ns, 4.9418 ms/op
WorkloadWarmup  25: 6 op, 28328521.00 ns, 4.7214 ms/op

// BeforeActualRun
WorkloadActual   1: 6 op, 22445601.00 ns, 3.7409 ms/op
WorkloadActual   2: 6 op, 24224628.00 ns, 4.0374 ms/op
WorkloadActual   3: 6 op, 22613614.00 ns, 3.7689 ms/op
WorkloadActual   4: 6 op, 22864440.00 ns, 3.8107 ms/op
WorkloadActual   5: 6 op, 21616901.00 ns, 3.6028 ms/op
WorkloadActual   6: 6 op, 23453821.00 ns, 3.9090 ms/op

// AfterActualRun
WorkloadResult   1: 6 op, 22445601.00 ns, 3.7409 ms/op
WorkloadResult   2: 6 op, 24224628.00 ns, 4.0374 ms/op
WorkloadResult   3: 6 op, 22613614.00 ns, 3.7689 ms/op
WorkloadResult   4: 6 op, 22864440.00 ns, 3.8107 ms/op
WorkloadResult   5: 6 op, 21616901.00 ns, 3.6028 ms/op
WorkloadResult   6: 6 op, 23453821.00 ns, 3.9090 ms/op
// GC:  0 0 0 0 6
// Threading:  0 0 6

// AfterAll
// Benchmark Process 1049 has exited with code 0.

Mean = 3.812 ms, StdErr = 0.061 ms (1.60%), N = 6, StdDev = 0.149 ms
Min = 3.603 ms, Q1 = 3.748 ms, Median = 3.790 ms, Q3 = 3.884 ms, Max = 4.037 ms
IQR = 0.136 ms, LowerFence = 3.543 ms, UpperFence = 4.089 ms
ConfidenceInterval = [3.394 ms; 4.229 ms] (CI 99.9%), Margin = 0.418 ms (10.96% of Mean)
Skewness = 0.15, Kurtosis = 1.57, MValue = 2

// ** Remained 10 (31.2 %) benchmark(s) to run. Estimated finish 2026-10-04 22:00 (0h 0m from now) **
// **************************
// Benchmark: CodecSuite.Run: campaign(EvaluateOverhead=False, Clock=Armonik.Ffi.Bdn.CpuClock, IterationCount=6, IterationTime=40ms, LaunchCount=1, RunStrategy=Throughput, WarmupCount=25) [Case=core-(...)etain [56]]
// *** Execute ***
// Launch: 1 / 1
// Execute: dotnet BenchDotNet-campaign-1.dll --anonymousPipes 111 112 --benchmarkName "Armonik.Ffi.Bdn.CodecSuite.Run(Case: \"core-ffi|encode-core-hot|U-deep-u-repeated|corpus|retain\")" --job campaign --benchmarkId 22 in /home/user/ArmoniK.Api/ffi/poc/csharp/src/BenchDotNet/bin/Release/net8.0/BenchDotNet-campaign-1/bin/Release/net8.0
// BeforeAnythingElse

// Benchmark Process Environment Information:
// BenchmarkDotNet v0.15.8
// Runtime=.NET 8.0.31 (8.0.31, 8.0.3126.42015), X64 RyuJIT x86-64-v4
// GC=Concurrent Workstation
// HardwareIntrinsics=AVX512 F+BW+CD+DQ+VL,AVX2+BMI1+BMI2+F16C+FMA+LZCNT+MOVBE,AVX,SSE3+SSSE3+SSE4.1+SSE4.2+POPCNT,X86Base+SSE+SSE2,AES+PCLMUL VectorSize=256
// Job: campaign(EvaluateOverhead=False, Clock=Armonik.Ffi.Bdn.CpuClock, IterationCount=6, IterationTime=40ms, LaunchCount=1, RunStrategy=Throughput, WarmupCount=25)

OverheadJitting  1: 1 op, 389499.00 ns, 389.4990 us/op
WorkloadJitting  1: 1 op, 10160201.00 ns, 10.1602 ms/op

WorkloadPilot    1: 4 op, 74104.00 ns, 18.5260 us/op
WorkloadPilot    2: 2159 op, 12065838.00 ns, 5.5886 us/op
WorkloadPilot    3: 7157 op, 39309664.00 ns, 5.4925 us/op
WorkloadPilot    4: 7283 op, 40359884.00 ns, 5.5417 us/op
WorkloadPilot    5: 7218 op, 44998056.00 ns, 6.2341 us/op
WorkloadPilot    6: 6416 op, 25697423.00 ns, 4.0052 us/op
WorkloadPilot    7: 9987 op, 35984680.00 ns, 3.6032 us/op
WorkloadPilot    8: 11101 op, 52738068.00 ns, 4.7507 us/op

WorkloadWarmup   1: 11101 op, 38584346.00 ns, 3.4758 us/op
WorkloadWarmup   2: 11101 op, 41022597.00 ns, 3.6954 us/op
WorkloadWarmup   3: 11101 op, 39688876.00 ns, 3.5753 us/op
WorkloadWarmup   4: 11101 op, 43668557.00 ns, 3.9337 us/op
WorkloadWarmup   5: 11101 op, 45292970.00 ns, 4.0801 us/op
WorkloadWarmup   6: 11101 op, 38141855.00 ns, 3.4359 us/op
WorkloadWarmup   7: 11101 op, 39324030.00 ns, 3.5424 us/op
WorkloadWarmup   8: 11101 op, 40985070.00 ns, 3.6920 us/op
WorkloadWarmup   9: 11101 op, 38712987.00 ns, 3.4873 us/op
WorkloadWarmup  10: 11101 op, 41292448.00 ns, 3.7197 us/op
WorkloadWarmup  11: 11101 op, 37741928.00 ns, 3.3999 us/op
WorkloadWarmup  12: 11101 op, 38206643.00 ns, 3.4417 us/op
WorkloadWarmup  13: 11101 op, 37716453.00 ns, 3.3976 us/op
WorkloadWarmup  14: 11101 op, 37804770.00 ns, 3.4055 us/op
WorkloadWarmup  15: 11101 op, 37889157.00 ns, 3.4131 us/op
WorkloadWarmup  16: 11101 op, 37760807.00 ns, 3.4016 us/op
WorkloadWarmup  17: 11101 op, 38028612.00 ns, 3.4257 us/op
WorkloadWarmup  18: 11101 op, 38141231.00 ns, 3.4358 us/op
WorkloadWarmup  19: 11101 op, 37609057.00 ns, 3.3879 us/op
WorkloadWarmup  20: 11101 op, 39974729.00 ns, 3.6010 us/op
WorkloadWarmup  21: 11101 op, 42222566.00 ns, 3.8035 us/op
WorkloadWarmup  22: 11101 op, 37671276.00 ns, 3.3935 us/op
WorkloadWarmup  23: 11101 op, 37674809.00 ns, 3.3938 us/op
WorkloadWarmup  24: 11101 op, 52628031.00 ns, 4.7408 us/op
WorkloadWarmup  25: 11101 op, 47446731.00 ns, 4.2741 us/op

// BeforeActualRun
WorkloadActual   1: 11101 op, 42188346.00 ns, 3.8004 us/op
WorkloadActual   2: 11101 op, 42406424.00 ns, 3.8201 us/op
WorkloadActual   3: 11101 op, 38330071.00 ns, 3.4528 us/op
WorkloadActual   4: 11101 op, 41432967.00 ns, 3.7324 us/op
WorkloadActual   5: 11101 op, 40614348.00 ns, 3.6586 us/op
WorkloadActual   6: 11101 op, 40366912.00 ns, 3.6363 us/op

// AfterActualRun
WorkloadResult   1: 11101 op, 42188346.00 ns, 3.8004 us/op
WorkloadResult   2: 11101 op, 42406424.00 ns, 3.8201 us/op
WorkloadResult   3: 11101 op, 38330071.00 ns, 3.4528 us/op
WorkloadResult   4: 11101 op, 41432967.00 ns, 3.7324 us/op
WorkloadResult   5: 11101 op, 40614348.00 ns, 3.6586 us/op
WorkloadResult   6: 11101 op, 40366912.00 ns, 3.6363 us/op
// GC:  0 0 0 0 11101
// Threading:  0 0 11101

// AfterAll
// Benchmark Process 1058 has exited with code 0.

Mean = 3.683 us, StdErr = 0.055 us (1.49%), N = 6, StdDev = 0.135 us
Min = 3.453 us, Q1 = 3.642 us, Median = 3.695 us, Q3 = 3.783 us, Max = 3.820 us
IQR = 0.141 us, LowerFence = 3.430 us, UpperFence = 3.996 us
ConfidenceInterval = [3.306 us; 4.061 us] (CI 99.9%), Margin = 0.378 us (10.26% of Mean)
Skewness = -0.55, Kurtosis = 1.71, MValue = 2.4

// ** Remained 9 (28.1 %) benchmark(s) to run. Estimated finish 2026-10-04 22:00 (0h 0m from now) **
// **************************
// Benchmark: CodecSuite.Run: campaign(EvaluateOverhead=False, Clock=Armonik.Ffi.Bdn.CpuClock, IterationCount=6, IterationTime=40ms, LaunchCount=1, RunStrategy=Throughput, WarmupCount=25) [Case=core-(...)|drop [55]]
// *** Execute ***
// Launch: 1 / 1
// Execute: dotnet BenchDotNet-campaign-1.dll --anonymousPipes 111 112 --benchmarkName "Armonik.Ffi.Bdn.CodecSuite.Run(Case: \"core-ffi|encode-core-hot|U-oneof-u-repeated|corpus|drop\")" --job campaign --benchmarkId 23 in /home/user/ArmoniK.Api/ffi/poc/csharp/src/BenchDotNet/bin/Release/net8.0/BenchDotNet-campaign-1/bin/Release/net8.0
// BeforeAnythingElse

// Benchmark Process Environment Information:
// BenchmarkDotNet v0.15.8
// Runtime=.NET 8.0.31 (8.0.31, 8.0.3126.42015), X64 RyuJIT x86-64-v4
// GC=Concurrent Workstation
// HardwareIntrinsics=AVX512 F+BW+CD+DQ+VL,AVX2+BMI1+BMI2+F16C+FMA+LZCNT+MOVBE,AVX,SSE3+SSSE3+SSE4.1+SSE4.2+POPCNT,X86Base+SSE+SSE2,AES+PCLMUL VectorSize=256
// Job: campaign(EvaluateOverhead=False, Clock=Armonik.Ffi.Bdn.CpuClock, IterationCount=6, IterationTime=40ms, LaunchCount=1, RunStrategy=Throughput, WarmupCount=25)

OverheadJitting  1: 1 op, 304272.00 ns, 304.2720 us/op
WorkloadJitting  1: 1 op, 5073274.00 ns, 5.0733 ms/op

WorkloadPilot    1: 4 op, 31330.00 ns, 7.8325 us/op
WorkloadPilot    2: 5107 op, 2940314.00 ns, 575.7419 ns/op
WorkloadPilot    3: 69476 op, 44824154.00 ns, 645.1747 ns/op
WorkloadPilot    4: 61999 op, 33070199.00 ns, 533.3989 ns/op
WorkloadPilot    5: 74991 op, 43205275.00 ns, 576.1395 ns/op
WorkloadPilot    6: 69428 op, 35251998.00 ns, 507.7490 ns/op
WorkloadPilot    7: 78779 op, 21244401.00 ns, 269.6709 ns/op
WorkloadPilot    8: 148329 op, 41193048.00 ns, 277.7141 ns/op

WorkloadWarmup   1: 148329 op, 40849272.00 ns, 275.3964 ns/op
WorkloadWarmup   2: 148329 op, 41709172.00 ns, 281.1936 ns/op
WorkloadWarmup   3: 148329 op, 42627579.00 ns, 287.3853 ns/op
WorkloadWarmup   4: 148329 op, 45559006.00 ns, 307.1483 ns/op
WorkloadWarmup   5: 148329 op, 40973737.00 ns, 276.2355 ns/op
WorkloadWarmup   6: 148329 op, 48708790.00 ns, 328.3835 ns/op
WorkloadWarmup   7: 148329 op, 39968272.00 ns, 269.4569 ns/op
WorkloadWarmup   8: 148329 op, 39359202.00 ns, 265.3507 ns/op
WorkloadWarmup   9: 148329 op, 39188357.00 ns, 264.1989 ns/op
WorkloadWarmup  10: 148329 op, 39502283.00 ns, 266.3153 ns/op
WorkloadWarmup  11: 148329 op, 39696202.00 ns, 267.6227 ns/op
WorkloadWarmup  12: 148329 op, 39961283.00 ns, 269.4098 ns/op
WorkloadWarmup  13: 148329 op, 39483045.00 ns, 266.1856 ns/op
WorkloadWarmup  14: 148329 op, 39371588.00 ns, 265.4342 ns/op
WorkloadWarmup  15: 148329 op, 39507234.00 ns, 266.3487 ns/op
WorkloadWarmup  16: 148329 op, 39395576.00 ns, 265.5959 ns/op
WorkloadWarmup  17: 148329 op, 39226454.00 ns, 264.4557 ns/op
WorkloadWarmup  18: 148329 op, 38986373.00 ns, 262.8372 ns/op
WorkloadWarmup  19: 148329 op, 39307039.00 ns, 264.9990 ns/op
WorkloadWarmup  20: 148329 op, 39437606.00 ns, 265.8793 ns/op
WorkloadWarmup  21: 148329 op, 39170385.00 ns, 264.0777 ns/op
WorkloadWarmup  22: 148329 op, 39227970.00 ns, 264.4660 ns/op
WorkloadWarmup  23: 148329 op, 39222015.00 ns, 264.4258 ns/op
WorkloadWarmup  24: 148329 op, 39193085.00 ns, 264.2308 ns/op
WorkloadWarmup  25: 148329 op, 38985571.00 ns, 262.8318 ns/op

// BeforeActualRun
WorkloadActual   1: 148329 op, 39332676.00 ns, 265.1719 ns/op
WorkloadActual   2: 148329 op, 39336997.00 ns, 265.2010 ns/op
WorkloadActual   3: 148329 op, 39114288.00 ns, 263.6995 ns/op
WorkloadActual   4: 148329 op, 39080244.00 ns, 263.4700 ns/op
WorkloadActual   5: 148329 op, 39176175.00 ns, 264.1168 ns/op
WorkloadActual   6: 148329 op, 39635328.00 ns, 267.2123 ns/op

// AfterActualRun
WorkloadResult   1: 148329 op, 39332676.00 ns, 265.1719 ns/op
WorkloadResult   2: 148329 op, 39336997.00 ns, 265.2010 ns/op
WorkloadResult   3: 148329 op, 39114288.00 ns, 263.6995 ns/op
WorkloadResult   4: 148329 op, 39080244.00 ns, 263.4700 ns/op
WorkloadResult   5: 148329 op, 39176175.00 ns, 264.1168 ns/op
WorkloadResult   6: 148329 op, 39635328.00 ns, 267.2123 ns/op
// GC:  0 0 0 0 148329
// Threading:  0 0 148329

// AfterAll
// Benchmark Process 1067 has exited with code 0.

Mean = 264.812 ns, StdErr = 0.565 ns (0.21%), N = 6, StdDev = 1.383 ns
Min = 263.470 ns, Q1 = 263.804 ns, Median = 264.644 ns, Q3 = 265.194 ns, Max = 267.212 ns
IQR = 1.390 ns, LowerFence = 261.719 ns, UpperFence = 267.278 ns
ConfidenceInterval = [260.934 ns; 268.690 ns] (CI 99.9%), Margin = 3.878 ns (1.46% of Mean)
Skewness = 0.62, Kurtosis = 1.74, MValue = 2

// ** Remained 8 (25.0 %) benchmark(s) to run. Estimated finish 2026-10-04 22:00 (0h 0m from now) **
// **************************
// Benchmark: CodecSuite.Run: campaign(EvaluateOverhead=False, Clock=Armonik.Ffi.Bdn.CpuClock, IterationCount=6, IterationTime=40ms, LaunchCount=1, RunStrategy=Throughput, WarmupCount=25) [Case=core-(...)|drop [52]]
// *** Execute ***
// Launch: 1 / 1
// Execute: dotnet BenchDotNet-campaign-1.dll --anonymousPipes 111 112 --benchmarkName "Armonik.Ffi.Bdn.CodecSuite.Run(Case: \"core-ffi|encode-core-hot|U-nested-before|corpus|drop\")" --job campaign --benchmarkId 24 in /home/user/ArmoniK.Api/ffi/poc/csharp/src/BenchDotNet/bin/Release/net8.0/BenchDotNet-campaign-1/bin/Release/net8.0
// BeforeAnythingElse

// Benchmark Process Environment Information:
// BenchmarkDotNet v0.15.8
// Runtime=.NET 8.0.31 (8.0.31, 8.0.3126.42015), X64 RyuJIT x86-64-v4
// GC=Concurrent Workstation
// HardwareIntrinsics=AVX512 F+BW+CD+DQ+VL,AVX2+BMI1+BMI2+F16C+FMA+LZCNT+MOVBE,AVX,SSE3+SSSE3+SSE4.1+SSE4.2+POPCNT,X86Base+SSE+SSE2,AES+PCLMUL VectorSize=256
// Job: campaign(EvaluateOverhead=False, Clock=Armonik.Ffi.Bdn.CpuClock, IterationCount=6, IterationTime=40ms, LaunchCount=1, RunStrategy=Throughput, WarmupCount=25)

OverheadJitting  1: 1 op, 259734.00 ns, 259.7340 us/op
WorkloadJitting  1: 1 op, 5150057.00 ns, 5.1501 ms/op

WorkloadPilot    1: 4 op, 31598.00 ns, 7.8995 us/op
WorkloadPilot    2: 5064 op, 5245126.00 ns, 1.0358 us/op
WorkloadPilot    3: 38619 op, 40939448.00 ns, 1.0601 us/op
WorkloadPilot    4: 37733 op, 38433337.00 ns, 1.0186 us/op
WorkloadPilot    5: 39271 op, 39937876.00 ns, 1.0170 us/op
WorkloadPilot    6: 39332 op, 36713999.00 ns, 933.4384 ns/op
WorkloadPilot    7: 42852 op, 28582608.00 ns, 667.0076 ns/op
WorkloadPilot    8: 59969 op, 37627398.00 ns, 627.4475 ns/op
WorkloadPilot    9: 63750 op, 38089422.00 ns, 597.4811 ns/op
WorkloadPilot   10: 66948 op, 39633351.00 ns, 592.0020 ns/op
WorkloadPilot   11: 67567 op, 39757363.00 ns, 588.4139 ns/op
WorkloadPilot   12: 67979 op, 40150506.00 ns, 590.6310 ns/op
WorkloadPilot   13: 67724 op, 44924097.00 ns, 663.3409 ns/op

WorkloadWarmup   1: 67724 op, 43752123.00 ns, 646.0357 ns/op
WorkloadWarmup   2: 67724 op, 42973065.00 ns, 634.5323 ns/op
WorkloadWarmup   3: 67724 op, 43700761.00 ns, 645.2773 ns/op
WorkloadWarmup   4: 67724 op, 43044677.00 ns, 635.5897 ns/op
WorkloadWarmup   5: 67724 op, 43662021.00 ns, 644.7053 ns/op
WorkloadWarmup   6: 67724 op, 43649608.00 ns, 644.5220 ns/op
WorkloadWarmup   7: 67724 op, 48244648.00 ns, 712.3715 ns/op
WorkloadWarmup   8: 67724 op, 45889007.00 ns, 677.5886 ns/op
WorkloadWarmup   9: 67724 op, 45835968.00 ns, 676.8054 ns/op
WorkloadWarmup  10: 67724 op, 43363166.00 ns, 640.2925 ns/op
WorkloadWarmup  11: 67724 op, 40017615.00 ns, 590.8927 ns/op
WorkloadWarmup  12: 67724 op, 40568561.00 ns, 599.0278 ns/op
WorkloadWarmup  13: 67724 op, 40427420.00 ns, 596.9438 ns/op
WorkloadWarmup  14: 67724 op, 40936520.00 ns, 604.4610 ns/op
WorkloadWarmup  15: 67724 op, 40592726.00 ns, 599.3846 ns/op
WorkloadWarmup  16: 67724 op, 40145327.00 ns, 592.7784 ns/op
WorkloadWarmup  17: 67724 op, 40238769.00 ns, 594.1582 ns/op
WorkloadWarmup  18: 67724 op, 41702345.00 ns, 615.7691 ns/op
WorkloadWarmup  19: 67724 op, 41533071.00 ns, 613.2696 ns/op
WorkloadWarmup  20: 67724 op, 41122070.00 ns, 607.2008 ns/op
WorkloadWarmup  21: 67724 op, 41121925.00 ns, 607.1987 ns/op
WorkloadWarmup  22: 67724 op, 40780914.00 ns, 602.1634 ns/op
WorkloadWarmup  23: 67724 op, 41547938.00 ns, 613.4891 ns/op
WorkloadWarmup  24: 67724 op, 40513930.00 ns, 598.2212 ns/op
WorkloadWarmup  25: 67724 op, 39781485.00 ns, 587.4060 ns/op

// BeforeActualRun
WorkloadActual   1: 67724 op, 39894703.00 ns, 589.0778 ns/op
WorkloadActual   2: 67724 op, 40299280.00 ns, 595.0517 ns/op
WorkloadActual   3: 67724 op, 40051747.00 ns, 591.3967 ns/op
WorkloadActual   4: 67724 op, 41400401.00 ns, 611.3106 ns/op
WorkloadActual   5: 67724 op, 40483076.00 ns, 597.7656 ns/op
WorkloadActual   6: 67724 op, 40766866.00 ns, 601.9560 ns/op

// AfterActualRun
WorkloadResult   1: 67724 op, 39894703.00 ns, 589.0778 ns/op
WorkloadResult   2: 67724 op, 40299280.00 ns, 595.0517 ns/op
WorkloadResult   3: 67724 op, 40051747.00 ns, 591.3967 ns/op
WorkloadResult   4: 67724 op, 41400401.00 ns, 611.3106 ns/op
WorkloadResult   5: 67724 op, 40483076.00 ns, 597.7656 ns/op
WorkloadResult   6: 67724 op, 40766866.00 ns, 601.9560 ns/op
// GC:  0 0 0 0 67724
// Threading:  0 0 67724

// AfterAll
// Benchmark Process 1076 has exited with code 0.

Mean = 597.760 ns, StdErr = 3.289 ns (0.55%), N = 6, StdDev = 8.055 ns
Min = 589.078 ns, Q1 = 592.310 ns, Median = 596.409 ns, Q3 = 600.908 ns, Max = 611.311 ns
IQR = 8.598 ns, LowerFence = 579.413 ns, UpperFence = 613.805 ns
ConfidenceInterval = [575.171 ns; 620.348 ns] (CI 99.9%), Margin = 22.588 ns (3.78% of Mean)
Skewness = 0.52, Kurtosis = 1.64, MValue = 2

// ** Remained 7 (21.9 %) benchmark(s) to run. Estimated finish 2026-10-04 22:00 (0h 0m from now) **
// **************************
// Benchmark: CodecSuite.Run: campaign(EvaluateOverhead=False, Clock=Armonik.Ffi.Bdn.CpuClock, IterationCount=6, IterationTime=40ms, LaunchCount=1, RunStrategy=Throughput, WarmupCount=25) [Case=core-(...)|drop [80]]
// *** Execute ***
// Launch: 1 / 1
// Execute: dotnet BenchDotNet-campaign-1.dll --anonymousPipes 111 112 --benchmarkName "Armonik.Ffi.Bdn.CodecSuite.Run(Case: \"core-ffi|encode-core-hot|U-wire-ListTaskSummaryResponse-tasks-as-wt5|corpus|drop\")" --job campaign --benchmarkId 25 in /home/user/ArmoniK.Api/ffi/poc/csharp/src/BenchDotNet/bin/Release/net8.0/BenchDotNet-campaign-1/bin/Release/net8.0
// BeforeAnythingElse

// Benchmark Process Environment Information:
// BenchmarkDotNet v0.15.8
// Runtime=.NET 8.0.31 (8.0.31, 8.0.3126.42015), X64 RyuJIT x86-64-v4
// GC=Concurrent Workstation
// HardwareIntrinsics=AVX512 F+BW+CD+DQ+VL,AVX2+BMI1+BMI2+F16C+FMA+LZCNT+MOVBE,AVX,SSE3+SSSE3+SSE4.1+SSE4.2+POPCNT,X86Base+SSE+SSE2,AES+PCLMUL VectorSize=256
// Job: campaign(EvaluateOverhead=False, Clock=Armonik.Ffi.Bdn.CpuClock, IterationCount=6, IterationTime=40ms, LaunchCount=1, RunStrategy=Throughput, WarmupCount=25)

OverheadJitting  1: 1 op, 277627.00 ns, 277.6270 us/op
WorkloadJitting  1: 1 op, 5688240.00 ns, 5.6882 ms/op

WorkloadPilot    1: 4 op, 51956.00 ns, 12.9890 us/op
WorkloadPilot    2: 3080 op, 18936533.00 ns, 6.1482 us/op
WorkloadPilot    3: 6506 op, 40133782.00 ns, 6.1687 us/op
WorkloadPilot    4: 6484 op, 40131351.00 ns, 6.1893 us/op
WorkloadPilot    5: 6463 op, 39561897.00 ns, 6.1213 us/op
WorkloadPilot    6: 6535 op, 40901191.00 ns, 6.2588 us/op

WorkloadWarmup   1: 6535 op, 27127083.00 ns, 4.1510 us/op
WorkloadWarmup   2: 6535 op, 27232293.00 ns, 4.1671 us/op
WorkloadWarmup   3: 6535 op, 27123819.00 ns, 4.1505 us/op
WorkloadWarmup   4: 6535 op, 27277454.00 ns, 4.1741 us/op
WorkloadWarmup   5: 6535 op, 27750277.00 ns, 4.2464 us/op
WorkloadWarmup   6: 6535 op, 27298787.00 ns, 4.1773 us/op
WorkloadWarmup   7: 6535 op, 27144802.00 ns, 4.1538 us/op
WorkloadWarmup   8: 6535 op, 27145725.00 ns, 4.1539 us/op
WorkloadWarmup   9: 6535 op, 27202884.00 ns, 4.1626 us/op
WorkloadWarmup  10: 6535 op, 27022791.00 ns, 4.1351 us/op
WorkloadWarmup  11: 6535 op, 27012699.00 ns, 4.1335 us/op
WorkloadWarmup  12: 6535 op, 28876850.00 ns, 4.4188 us/op
WorkloadWarmup  13: 6535 op, 27095386.00 ns, 4.1462 us/op
WorkloadWarmup  14: 6535 op, 27177318.00 ns, 4.1587 us/op
WorkloadWarmup  15: 6535 op, 27520521.00 ns, 4.2113 us/op
WorkloadWarmup  16: 6535 op, 27446505.00 ns, 4.1999 us/op
WorkloadWarmup  17: 6535 op, 29192168.00 ns, 4.4670 us/op
WorkloadWarmup  18: 6535 op, 27284118.00 ns, 4.1751 us/op
WorkloadWarmup  19: 6535 op, 27220990.00 ns, 4.1654 us/op
WorkloadWarmup  20: 6535 op, 27190998.00 ns, 4.1608 us/op
WorkloadWarmup  21: 6535 op, 27071874.00 ns, 4.1426 us/op
WorkloadWarmup  22: 6535 op, 26925715.00 ns, 4.1202 us/op
WorkloadWarmup  23: 6535 op, 27196373.00 ns, 4.1616 us/op
WorkloadWarmup  24: 6535 op, 27110653.00 ns, 4.1485 us/op
WorkloadWarmup  25: 6535 op, 27316127.00 ns, 4.1800 us/op

// BeforeActualRun
WorkloadActual   1: 6535 op, 27137037.00 ns, 4.1526 us/op
WorkloadActual   2: 6535 op, 27238201.00 ns, 4.1680 us/op
WorkloadActual   3: 6535 op, 27057993.00 ns, 4.1405 us/op
WorkloadActual   4: 6535 op, 27284722.00 ns, 4.1752 us/op
WorkloadActual   5: 6535 op, 27036544.00 ns, 4.1372 us/op
WorkloadActual   6: 6535 op, 27406938.00 ns, 4.1939 us/op

// AfterActualRun
WorkloadResult   1: 6535 op, 27137037.00 ns, 4.1526 us/op
WorkloadResult   2: 6535 op, 27238201.00 ns, 4.1680 us/op
WorkloadResult   3: 6535 op, 27057993.00 ns, 4.1405 us/op
WorkloadResult   4: 6535 op, 27284722.00 ns, 4.1752 us/op
WorkloadResult   5: 6535 op, 27036544.00 ns, 4.1372 us/op
WorkloadResult   6: 6535 op, 27406938.00 ns, 4.1939 us/op
// GC:  0 0 0 0 6535
// Threading:  0 0 6535

// AfterAll
// Benchmark Process 1090 has exited with code 0.

Mean = 4.161 us, StdErr = 0.009 us (0.21%), N = 6, StdDev = 0.022 us
Min = 4.137 us, Q1 = 4.143 us, Median = 4.160 us, Q3 = 4.173 us, Max = 4.194 us
IQR = 0.030 us, LowerFence = 4.099 us, UpperFence = 4.218 us
ConfidenceInterval = [4.100 us; 4.223 us] (CI 99.9%), Margin = 0.061 us (1.47% of Mean)
Skewness = 0.23, Kurtosis = 1.24, MValue = 2

// ** Remained 6 (18.8 %) benchmark(s) to run. Estimated finish 2026-10-04 22:00 (0h 0m from now) **
// **************************
// Benchmark: CodecSuite.Run: campaign(EvaluateOverhead=False, Clock=Armonik.Ffi.Bdn.CpuClock, IterationCount=6, IterationTime=40ms, LaunchCount=1, RunStrategy=Throughput, WarmupCount=25) [Case=core-(...)etain [70]]
// *** Execute ***
// Launch: 1 / 1
// Execute: dotnet BenchDotNet-campaign-1.dll --anonymousPipes 111 112 --benchmarkName "Armonik.Ffi.Bdn.CodecSuite.Run(Case: \"core-ffi|encode-core-hot|U-wire-DualResponse-left-as-wt5|corpus|retain\")" --job campaign --benchmarkId 26 in /home/user/ArmoniK.Api/ffi/poc/csharp/src/BenchDotNet/bin/Release/net8.0/BenchDotNet-campaign-1/bin/Release/net8.0
// BeforeAnythingElse

// Benchmark Process Environment Information:
// BenchmarkDotNet v0.15.8
// Runtime=.NET 8.0.31 (8.0.31, 8.0.3126.42015), X64 RyuJIT x86-64-v4
// GC=Concurrent Workstation
// HardwareIntrinsics=AVX512 F+BW+CD+DQ+VL,AVX2+BMI1+BMI2+F16C+FMA+LZCNT+MOVBE,AVX,SSE3+SSSE3+SSE4.1+SSE4.2+POPCNT,X86Base+SSE+SSE2,AES+PCLMUL VectorSize=256
// Job: campaign(EvaluateOverhead=False, Clock=Armonik.Ffi.Bdn.CpuClock, IterationCount=6, IterationTime=40ms, LaunchCount=1, RunStrategy=Throughput, WarmupCount=25)

OverheadJitting  1: 1 op, 262296.00 ns, 262.2960 us/op
WorkloadJitting  1: 1 op, 5630791.00 ns, 5.6308 ms/op

WorkloadPilot    1: 4 op, 26160.00 ns, 6.5400 us/op
WorkloadPilot    2: 6116 op, 6053452.00 ns, 989.7731 ns/op
WorkloadPilot    3: 40413 op, 39249000.00 ns, 971.1974 ns/op
WorkloadPilot    4: 41186 op, 39889194.00 ns, 968.5134 ns/op
WorkloadPilot    5: 41300 op, 51260405.00 ns, 1.2412 us/op
WorkloadPilot    6: 32228 op, 33520402.00 ns, 1.0401 us/op
WorkloadPilot    7: 38458 op, 20366034.00 ns, 529.5656 ns/op
WorkloadPilot    8: 75534 op, 39963775.00 ns, 529.0833 ns/op
WorkloadPilot    9: 75602 op, 41022330.00 ns, 542.6091 ns/op
WorkloadPilot   10: 73718 op, 41152348.00 ns, 558.2402 ns/op

WorkloadWarmup   1: 73718 op, 39525726.00 ns, 536.1747 ns/op
WorkloadWarmup   2: 73718 op, 53005317.00 ns, 719.0281 ns/op
WorkloadWarmup   3: 73718 op, 38937319.00 ns, 528.1928 ns/op
WorkloadWarmup   4: 73718 op, 38314075.00 ns, 519.7384 ns/op
WorkloadWarmup   5: 73718 op, 44853619.00 ns, 608.4487 ns/op
WorkloadWarmup   6: 73718 op, 38501414.00 ns, 522.2797 ns/op
WorkloadWarmup   7: 73718 op, 38067020.00 ns, 516.3870 ns/op
WorkloadWarmup   8: 73718 op, 38756335.00 ns, 525.7377 ns/op
WorkloadWarmup   9: 73718 op, 38982318.00 ns, 528.8033 ns/op
WorkloadWarmup  10: 73718 op, 67106260.00 ns, 910.3104 ns/op
WorkloadWarmup  11: 73718 op, 39085411.00 ns, 530.2017 ns/op
WorkloadWarmup  12: 73718 op, 38363104.00 ns, 520.4035 ns/op
WorkloadWarmup  13: 73718 op, 39111815.00 ns, 530.5599 ns/op
WorkloadWarmup  14: 73718 op, 38866491.00 ns, 527.2320 ns/op
WorkloadWarmup  15: 73718 op, 40529279.00 ns, 549.7881 ns/op
WorkloadWarmup  16: 73718 op, 40940198.00 ns, 555.3623 ns/op
WorkloadWarmup  17: 73718 op, 38672928.00 ns, 524.6063 ns/op
WorkloadWarmup  18: 73718 op, 39065605.00 ns, 529.9331 ns/op
WorkloadWarmup  19: 73718 op, 38318904.00 ns, 519.8039 ns/op
WorkloadWarmup  20: 73718 op, 38295592.00 ns, 519.4877 ns/op
WorkloadWarmup  21: 73718 op, 38183942.00 ns, 517.9731 ns/op
WorkloadWarmup  22: 73718 op, 39253111.00 ns, 532.4766 ns/op
WorkloadWarmup  23: 73718 op, 38939435.00 ns, 528.2215 ns/op
WorkloadWarmup  24: 73718 op, 39418320.00 ns, 534.7177 ns/op
WorkloadWarmup  25: 73718 op, 39545261.00 ns, 536.4397 ns/op

// BeforeActualRun
WorkloadActual   1: 73718 op, 39046301.00 ns, 529.6712 ns/op
WorkloadActual   2: 73718 op, 38317286.00 ns, 519.7820 ns/op
WorkloadActual   3: 73718 op, 42965531.00 ns, 582.8364 ns/op
WorkloadActual   4: 73718 op, 38785174.00 ns, 526.1290 ns/op
WorkloadActual   5: 73718 op, 38562642.00 ns, 523.1103 ns/op
WorkloadActual   6: 73718 op, 38729069.00 ns, 525.3679 ns/op

// AfterActualRun
WorkloadResult   1: 73718 op, 39046301.00 ns, 529.6712 ns/op
WorkloadResult   2: 73718 op, 38317286.00 ns, 519.7820 ns/op
WorkloadResult   3: 73718 op, 38785174.00 ns, 526.1290 ns/op
WorkloadResult   4: 73718 op, 38562642.00 ns, 523.1103 ns/op
WorkloadResult   5: 73718 op, 38729069.00 ns, 525.3679 ns/op
// GC:  0 0 0 0 73718
// Threading:  0 0 73718

// AfterAll
// Benchmark Process 1099 has exited with code 0.

Mean = 524.812 ns, StdErr = 1.641 ns (0.31%), N = 5, StdDev = 3.669 ns
Min = 519.782 ns, Q1 = 523.110 ns, Median = 525.368 ns, Q3 = 526.129 ns, Max = 529.671 ns
IQR = 3.019 ns, LowerFence = 518.582 ns, UpperFence = 530.657 ns
ConfidenceInterval = [510.683 ns; 538.941 ns] (CI 99.9%), Margin = 14.129 ns (2.69% of Mean)
Skewness = -0.06, Kurtosis = 1.33, MValue = 2

// ** Remained 5 (15.6 %) benchmark(s) to run. Estimated finish 2026-10-04 22:00 (0h 0m from now) **
// **************************
// Benchmark: CodecSuite.Run: campaign(EvaluateOverhead=False, Clock=Armonik.Ffi.Bdn.CpuClock, IterationCount=6, IterationTime=40ms, LaunchCount=1, RunStrategy=Throughput, WarmupCount=25) [Case=core-(...)|drop [68]]
// *** Execute ***
// Launch: 1 / 1
// Execute: dotnet BenchDotNet-campaign-1.dll --anonymousPipes 111 112 --benchmarkName "Armonik.Ffi.Bdn.CodecSuite.Run(Case: \"core-ffi|encode-core-hot|U-wire-DualResponse-left-as-wt5|corpus|drop\")" --job campaign --benchmarkId 27 in /home/user/ArmoniK.Api/ffi/poc/csharp/src/BenchDotNet/bin/Release/net8.0/BenchDotNet-campaign-1/bin/Release/net8.0
// BeforeAnythingElse

// Benchmark Process Environment Information:
// BenchmarkDotNet v0.15.8
// Runtime=.NET 8.0.31 (8.0.31, 8.0.3126.42015), X64 RyuJIT x86-64-v4
// GC=Concurrent Workstation
// HardwareIntrinsics=AVX512 F+BW+CD+DQ+VL,AVX2+BMI1+BMI2+F16C+FMA+LZCNT+MOVBE,AVX,SSE3+SSSE3+SSE4.1+SSE4.2+POPCNT,X86Base+SSE+SSE2,AES+PCLMUL VectorSize=256
// Job: campaign(EvaluateOverhead=False, Clock=Armonik.Ffi.Bdn.CpuClock, IterationCount=6, IterationTime=40ms, LaunchCount=1, RunStrategy=Throughput, WarmupCount=25)

OverheadJitting  1: 1 op, 352685.00 ns, 352.6850 us/op
WorkloadJitting  1: 1 op, 5267318.00 ns, 5.2673 ms/op

WorkloadPilot    1: 4 op, 25404.00 ns, 6.3510 us/op
WorkloadPilot    2: 6298 op, 5791761.00 ns, 919.6191 ns/op
WorkloadPilot    3: 43496 op, 40946866.00 ns, 941.3938 ns/op
WorkloadPilot    4: 42490 op, 38344537.00 ns, 902.4367 ns/op
WorkloadPilot    5: 44324 op, 40188717.00 ns, 906.7033 ns/op
WorkloadPilot    6: 44116 op, 39583214.00 ns, 897.2530 ns/op
WorkloadPilot    7: 44581 op, 25525503.00 ns, 572.5646 ns/op
WorkloadPilot    8: 69861 op, 38737123.00 ns, 554.4885 ns/op
WorkloadPilot    9: 72139 op, 35218730.00 ns, 488.2065 ns/op
WorkloadPilot   10: 81933 op, 43353478.00 ns, 529.1333 ns/op

WorkloadWarmup   1: 81933 op, 39843758.00 ns, 486.2968 ns/op
WorkloadWarmup   2: 81933 op, 50010044.00 ns, 610.3773 ns/op
WorkloadWarmup   3: 81933 op, 48439032.00 ns, 591.2030 ns/op
WorkloadWarmup   4: 81933 op, 39067373.00 ns, 476.8210 ns/op
WorkloadWarmup   5: 81933 op, 40479684.00 ns, 494.0584 ns/op
WorkloadWarmup   6: 81933 op, 38885928.00 ns, 474.6064 ns/op
WorkloadWarmup   7: 81933 op, 39559047.00 ns, 482.8219 ns/op
WorkloadWarmup   8: 81933 op, 38904940.00 ns, 474.8385 ns/op
WorkloadWarmup   9: 81933 op, 39412415.00 ns, 481.0322 ns/op
WorkloadWarmup  10: 81933 op, 38925219.00 ns, 475.0860 ns/op
WorkloadWarmup  11: 81933 op, 39086280.00 ns, 477.0517 ns/op
WorkloadWarmup  12: 81933 op, 39741085.00 ns, 485.0437 ns/op
WorkloadWarmup  13: 81933 op, 39388242.00 ns, 480.7372 ns/op
WorkloadWarmup  14: 81933 op, 38945813.00 ns, 475.3373 ns/op
WorkloadWarmup  15: 81933 op, 38704806.00 ns, 472.3958 ns/op
WorkloadWarmup  16: 81933 op, 38970159.00 ns, 475.6345 ns/op
WorkloadWarmup  17: 81933 op, 38985665.00 ns, 475.8237 ns/op
WorkloadWarmup  18: 81933 op, 38815905.00 ns, 473.7518 ns/op
WorkloadWarmup  19: 81933 op, 38849060.00 ns, 474.1564 ns/op
WorkloadWarmup  20: 81933 op, 39085771.00 ns, 477.0455 ns/op
WorkloadWarmup  21: 81933 op, 39635313.00 ns, 483.7527 ns/op
WorkloadWarmup  22: 81933 op, 38854300.00 ns, 474.2204 ns/op
WorkloadWarmup  23: 81933 op, 43324959.00 ns, 528.7852 ns/op
WorkloadWarmup  24: 81933 op, 45159764.00 ns, 551.1792 ns/op
WorkloadWarmup  25: 81933 op, 38957737.00 ns, 475.4829 ns/op

// BeforeActualRun
WorkloadActual   1: 81933 op, 38996070.00 ns, 475.9507 ns/op
WorkloadActual   2: 81933 op, 39269126.00 ns, 479.2834 ns/op
WorkloadActual   3: 81933 op, 39542635.00 ns, 482.6216 ns/op
WorkloadActual   4: 81933 op, 39909014.00 ns, 487.0933 ns/op
WorkloadActual   5: 81933 op, 40692294.00 ns, 496.6533 ns/op
WorkloadActual   6: 81933 op, 41552169.00 ns, 507.1481 ns/op

// AfterActualRun
WorkloadResult   1: 81933 op, 38996070.00 ns, 475.9507 ns/op
WorkloadResult   2: 81933 op, 39269126.00 ns, 479.2834 ns/op
WorkloadResult   3: 81933 op, 39542635.00 ns, 482.6216 ns/op
WorkloadResult   4: 81933 op, 39909014.00 ns, 487.0933 ns/op
WorkloadResult   5: 81933 op, 40692294.00 ns, 496.6533 ns/op
WorkloadResult   6: 81933 op, 41552169.00 ns, 507.1481 ns/op
// GC:  0 0 0 0 81933
// Threading:  0 0 81933

// AfterAll
// Benchmark Process 1108 has exited with code 0.

Mean = 488.125 ns, StdErr = 4.804 ns (0.98%), N = 6, StdDev = 11.767 ns
Min = 475.951 ns, Q1 = 480.118 ns, Median = 484.857 ns, Q3 = 494.263 ns, Max = 507.148 ns
IQR = 14.145 ns, LowerFence = 458.900 ns, UpperFence = 515.481 ns
ConfidenceInterval = [455.127 ns; 521.123 ns] (CI 99.9%), Margin = 32.998 ns (6.76% of Mean)
Skewness = 0.5, Kurtosis = 1.44, MValue = 2

// ** Remained 4 (12.5 %) benchmark(s) to run. Estimated finish 2026-10-04 22:00 (0h 0m from now) **
// **************************
// Benchmark: CodecSuite.Run: campaign(EvaluateOverhead=False, Clock=Armonik.Ffi.Bdn.CpuClock, IterationCount=6, IterationTime=40ms, LaunchCount=1, RunStrategy=Throughput, WarmupCount=25) [Case=core-(...)|drop [40]]
// *** Execute ***
// Launch: 1 / 1
// Execute: dotnet BenchDotNet-campaign-1.dll --anonymousPipes 111 112 --benchmarkName "Armonik.Ffi.Bdn.CodecSuite.Run(Case: \"core-ffi|encode-core-hot|P2.2|ascii|drop\")" --job campaign --benchmarkId 28 in /home/user/ArmoniK.Api/ffi/poc/csharp/src/BenchDotNet/bin/Release/net8.0/BenchDotNet-campaign-1/bin/Release/net8.0
// BeforeAnythingElse

// Benchmark Process Environment Information:
// BenchmarkDotNet v0.15.8
// Runtime=.NET 8.0.31 (8.0.31, 8.0.3126.42015), X64 RyuJIT x86-64-v4
// GC=Concurrent Workstation
// HardwareIntrinsics=AVX512 F+BW+CD+DQ+VL,AVX2+BMI1+BMI2+F16C+FMA+LZCNT+MOVBE,AVX,SSE3+SSSE3+SSE4.1+SSE4.2+POPCNT,X86Base+SSE+SSE2,AES+PCLMUL VectorSize=256
// Job: campaign(EvaluateOverhead=False, Clock=Armonik.Ffi.Bdn.CpuClock, IterationCount=6, IterationTime=40ms, LaunchCount=1, RunStrategy=Throughput, WarmupCount=25)

OverheadJitting  1: 1 op, 310612.00 ns, 310.6120 us/op
WorkloadJitting  1: 1 op, 19073851.00 ns, 19.0739 ms/op

WorkloadPilot    1: 4 op, 23914789.00 ns, 5.9787 ms/op
WorkloadPilot    2: 7 op, 34152296.00 ns, 4.8789 ms/op

WorkloadWarmup   1: 7 op, 25106074.00 ns, 3.5866 ms/op
WorkloadWarmup   2: 7 op, 25897063.00 ns, 3.6996 ms/op
WorkloadWarmup   3: 7 op, 26026138.00 ns, 3.7180 ms/op
WorkloadWarmup   4: 7 op, 26292944.00 ns, 3.7561 ms/op
WorkloadWarmup   5: 7 op, 25198277.00 ns, 3.5998 ms/op
WorkloadWarmup   6: 7 op, 28914839.00 ns, 4.1307 ms/op
WorkloadWarmup   7: 7 op, 23159872.00 ns, 3.3086 ms/op
WorkloadWarmup   8: 7 op, 23880251.00 ns, 3.4115 ms/op
WorkloadWarmup   9: 7 op, 21845505.00 ns, 3.1208 ms/op
WorkloadWarmup  10: 7 op, 37715433.00 ns, 5.3879 ms/op
WorkloadWarmup  11: 7 op, 27698249.00 ns, 3.9569 ms/op
WorkloadWarmup  12: 7 op, 22748656.00 ns, 3.2498 ms/op
WorkloadWarmup  13: 7 op, 25387557.00 ns, 3.6268 ms/op
WorkloadWarmup  14: 7 op, 22819540.00 ns, 3.2599 ms/op
WorkloadWarmup  15: 7 op, 22001346.00 ns, 3.1430 ms/op
WorkloadWarmup  16: 7 op, 23000218.00 ns, 3.2857 ms/op
WorkloadWarmup  17: 7 op, 21344390.00 ns, 3.0492 ms/op
WorkloadWarmup  18: 7 op, 21547992.00 ns, 3.0783 ms/op
WorkloadWarmup  19: 7 op, 21635713.00 ns, 3.0908 ms/op
WorkloadWarmup  20: 7 op, 22054724.00 ns, 3.1507 ms/op
WorkloadWarmup  21: 7 op, 25172087.00 ns, 3.5960 ms/op
WorkloadWarmup  22: 7 op, 22192353.00 ns, 3.1703 ms/op
WorkloadWarmup  23: 7 op, 20680543.00 ns, 2.9544 ms/op
WorkloadWarmup  24: 7 op, 21323634.00 ns, 3.0462 ms/op
WorkloadWarmup  25: 7 op, 22327575.00 ns, 3.1897 ms/op

// BeforeActualRun
WorkloadActual   1: 7 op, 21648710.00 ns, 3.0927 ms/op
WorkloadActual   2: 7 op, 32012028.00 ns, 4.5731 ms/op
WorkloadActual   3: 7 op, 22074559.00 ns, 3.1535 ms/op
WorkloadActual   4: 7 op, 22354142.00 ns, 3.1934 ms/op
WorkloadActual   5: 7 op, 22657567.00 ns, 3.2368 ms/op
WorkloadActual   6: 7 op, 21678316.00 ns, 3.0969 ms/op

// AfterActualRun
WorkloadResult   1: 7 op, 21648710.00 ns, 3.0927 ms/op
WorkloadResult   2: 7 op, 22074559.00 ns, 3.1535 ms/op
WorkloadResult   3: 7 op, 22354142.00 ns, 3.1934 ms/op
WorkloadResult   4: 7 op, 22657567.00 ns, 3.2368 ms/op
WorkloadResult   5: 7 op, 21678316.00 ns, 3.0969 ms/op
// GC:  0 0 0 0 7
// Threading:  0 0 7

// AfterAll
// Benchmark Process 1120 has exited with code 0.

Mean = 3.155 ms, StdErr = 0.028 ms (0.88%), N = 5, StdDev = 0.062 ms
Min = 3.093 ms, Q1 = 3.097 ms, Median = 3.154 ms, Q3 = 3.193 ms, Max = 3.237 ms
IQR = 0.097 ms, LowerFence = 2.952 ms, UpperFence = 3.338 ms
ConfidenceInterval = [2.916 ms; 3.394 ms] (CI 99.9%), Margin = 0.239 ms (7.58% of Mean)
Skewness = 0.15, Kurtosis = 0.99, MValue = 2

// ** Remained 3 (9.4 %) benchmark(s) to run. Estimated finish 2026-10-04 22:00 (0h 0m from now) **
// **************************
// Benchmark: CodecSuite.Run: campaign(EvaluateOverhead=False, Clock=Armonik.Ffi.Bdn.CpuClock, IterationCount=6, IterationTime=40ms, LaunchCount=1, RunStrategy=Throughput, WarmupCount=25) [Case=core-(...)etain [54]]
// *** Execute ***
// Launch: 1 / 1
// Execute: dotnet BenchDotNet-campaign-1.dll --anonymousPipes 111 112 --benchmarkName "Armonik.Ffi.Bdn.CodecSuite.Run(Case: \"core-ffi|encode-core-hot|U-nested-before|corpus|retain\")" --job campaign --benchmarkId 29 in /home/user/ArmoniK.Api/ffi/poc/csharp/src/BenchDotNet/bin/Release/net8.0/BenchDotNet-campaign-1/bin/Release/net8.0
// BeforeAnythingElse

// Benchmark Process Environment Information:
// BenchmarkDotNet v0.15.8
// Runtime=.NET 8.0.31 (8.0.31, 8.0.3126.42015), X64 RyuJIT x86-64-v4
// GC=Concurrent Workstation
// HardwareIntrinsics=AVX512 F+BW+CD+DQ+VL,AVX2+BMI1+BMI2+F16C+FMA+LZCNT+MOVBE,AVX,SSE3+SSSE3+SSE4.1+SSE4.2+POPCNT,X86Base+SSE+SSE2,AES+PCLMUL VectorSize=256
// Job: campaign(EvaluateOverhead=False, Clock=Armonik.Ffi.Bdn.CpuClock, IterationCount=6, IterationTime=40ms, LaunchCount=1, RunStrategy=Throughput, WarmupCount=25)

OverheadJitting  1: 1 op, 269611.00 ns, 269.6110 us/op
WorkloadJitting  1: 1 op, 5313978.00 ns, 5.3140 ms/op

WorkloadPilot    1: 4 op, 44660.00 ns, 11.1650 us/op
WorkloadPilot    2: 3583 op, 3935092.00 ns, 1.0983 us/op
WorkloadPilot    3: 36421 op, 40682521.00 ns, 1.1170 us/op
WorkloadPilot    4: 35810 op, 39355232.00 ns, 1.0990 us/op
WorkloadPilot    5: 36397 op, 40097132.00 ns, 1.1017 us/op
WorkloadPilot    6: 36309 op, 43211068.00 ns, 1.1901 us/op

WorkloadWarmup   1: 36309 op, 25435158.00 ns, 700.5194 ns/op
WorkloadWarmup   2: 36309 op, 24755101.00 ns, 681.7897 ns/op
WorkloadWarmup   3: 36309 op, 24555072.00 ns, 676.2806 ns/op
WorkloadWarmup   4: 36309 op, 24646494.00 ns, 678.7985 ns/op
WorkloadWarmup   5: 36309 op, 24584206.00 ns, 677.0830 ns/op
WorkloadWarmup   6: 36309 op, 24512588.00 ns, 675.1105 ns/op
WorkloadWarmup   7: 36309 op, 24693521.00 ns, 680.0937 ns/op
WorkloadWarmup   8: 36309 op, 24126290.00 ns, 664.4713 ns/op
WorkloadWarmup   9: 36309 op, 22084099.00 ns, 608.2266 ns/op
WorkloadWarmup  10: 36309 op, 22079285.00 ns, 608.0940 ns/op
WorkloadWarmup  11: 36309 op, 21919482.00 ns, 603.6928 ns/op
WorkloadWarmup  12: 36309 op, 21970229.00 ns, 605.0904 ns/op
WorkloadWarmup  13: 36309 op, 21999014.00 ns, 605.8832 ns/op
WorkloadWarmup  14: 36309 op, 21953318.00 ns, 604.6247 ns/op
WorkloadWarmup  15: 36309 op, 22073179.00 ns, 607.9258 ns/op
WorkloadWarmup  16: 36309 op, 21945584.00 ns, 604.4117 ns/op
WorkloadWarmup  17: 36309 op, 22054848.00 ns, 607.4210 ns/op
WorkloadWarmup  18: 36309 op, 21902246.00 ns, 603.2181 ns/op
WorkloadWarmup  19: 36309 op, 21899859.00 ns, 603.1524 ns/op
WorkloadWarmup  20: 36309 op, 22170854.00 ns, 610.6159 ns/op
WorkloadWarmup  21: 36309 op, 21974815.00 ns, 605.2168 ns/op
WorkloadWarmup  22: 36309 op, 21938407.00 ns, 604.2140 ns/op
WorkloadWarmup  23: 36309 op, 22160155.00 ns, 610.3213 ns/op
WorkloadWarmup  24: 36309 op, 23693196.00 ns, 652.5433 ns/op
WorkloadWarmup  25: 36309 op, 22886514.00 ns, 630.3262 ns/op

// BeforeActualRun
WorkloadActual   1: 36309 op, 21932529.00 ns, 604.0521 ns/op
WorkloadActual   2: 36309 op, 21918417.00 ns, 603.6635 ns/op
WorkloadActual   3: 36309 op, 21997248.00 ns, 605.8346 ns/op
WorkloadActual   4: 36309 op, 21952006.00 ns, 604.5886 ns/op
WorkloadActual   5: 36309 op, 21954622.00 ns, 604.6606 ns/op
WorkloadActual   6: 36309 op, 21957446.00 ns, 604.7384 ns/op

// AfterActualRun
WorkloadResult   1: 36309 op, 21932529.00 ns, 604.0521 ns/op
WorkloadResult   2: 36309 op, 21918417.00 ns, 603.6635 ns/op
WorkloadResult   3: 36309 op, 21952006.00 ns, 604.5886 ns/op
WorkloadResult   4: 36309 op, 21954622.00 ns, 604.6606 ns/op
WorkloadResult   5: 36309 op, 21957446.00 ns, 604.7384 ns/op
// GC:  0 0 0 0 36309
// Threading:  0 0 36309

// AfterAll
// Benchmark Process 1134 has exited with code 0.

Mean = 604.341 ns, StdErr = 0.208 ns (0.03%), N = 5, StdDev = 0.465 ns
Min = 603.663 ns, Q1 = 604.052 ns, Median = 604.589 ns, Q3 = 604.661 ns, Max = 604.738 ns
IQR = 0.608 ns, LowerFence = 603.139 ns, UpperFence = 605.573 ns
ConfidenceInterval = [602.551 ns; 606.130 ns] (CI 99.9%), Margin = 1.789 ns (0.30% of Mean)
Skewness = -0.45, Kurtosis = 1.1, MValue = 2

// ** Remained 2 (6.2 %) benchmark(s) to run. Estimated finish 2026-10-04 22:00 (0h 0m from now) **
// **************************
// Benchmark: CodecSuite.Run: campaign(EvaluateOverhead=False, Clock=Armonik.Ffi.Bdn.CpuClock, IterationCount=6, IterationTime=40ms, LaunchCount=1, RunStrategy=Throughput, WarmupCount=25) [Case=core-(...)etain [42]]
// *** Execute ***
// Launch: 1 / 1
// Execute: dotnet BenchDotNet-campaign-1.dll --anonymousPipes 111 112 --benchmarkName "Armonik.Ffi.Bdn.CodecSuite.Run(Case: \"core-ffi|encode-core-hot|P4.1|ascii|retain\")" --job campaign --benchmarkId 30 in /home/user/ArmoniK.Api/ffi/poc/csharp/src/BenchDotNet/bin/Release/net8.0/BenchDotNet-campaign-1/bin/Release/net8.0
// BeforeAnythingElse

// Benchmark Process Environment Information:
// BenchmarkDotNet v0.15.8
// Runtime=.NET 8.0.31 (8.0.31, 8.0.3126.42015), X64 RyuJIT x86-64-v4
// GC=Concurrent Workstation
// HardwareIntrinsics=AVX512 F+BW+CD+DQ+VL,AVX2+BMI1+BMI2+F16C+FMA+LZCNT+MOVBE,AVX,SSE3+SSSE3+SSE4.1+SSE4.2+POPCNT,X86Base+SSE+SSE2,AES+PCLMUL VectorSize=256
// Job: campaign(EvaluateOverhead=False, Clock=Armonik.Ffi.Bdn.CpuClock, IterationCount=6, IterationTime=40ms, LaunchCount=1, RunStrategy=Throughput, WarmupCount=25)

OverheadJitting  1: 1 op, 294152.00 ns, 294.1520 us/op
WorkloadJitting  1: 1 op, 8282057.00 ns, 8.2821 ms/op

WorkloadPilot    1: 4 op, 3906261.00 ns, 976.5653 us/op
WorkloadPilot    2: 41 op, 29566875.00 ns, 721.1433 us/op
WorkloadPilot    3: 55 op, 37408793.00 ns, 680.1599 us/op
WorkloadPilot    4: 59 op, 39103411.00 ns, 662.7697 us/op

WorkloadWarmup   1: 59 op, 38701967.00 ns, 655.9655 us/op
WorkloadWarmup   2: 59 op, 39510482.00 ns, 669.6692 us/op
WorkloadWarmup   3: 59 op, 43898858.00 ns, 744.0484 us/op
WorkloadWarmup   4: 59 op, 42271790.00 ns, 716.4710 us/op
WorkloadWarmup   5: 59 op, 41524356.00 ns, 703.8026 us/op
WorkloadWarmup   6: 59 op, 35242732.00 ns, 597.3344 us/op
WorkloadWarmup   7: 59 op, 45141778.00 ns, 765.1149 us/op
WorkloadWarmup   8: 59 op, 34956711.00 ns, 592.4866 us/op
WorkloadWarmup   9: 59 op, 31149560.00 ns, 527.9586 us/op
WorkloadWarmup  10: 59 op, 33640870.00 ns, 570.1842 us/op
WorkloadWarmup  11: 59 op, 31272410.00 ns, 530.0408 us/op
WorkloadWarmup  12: 59 op, 31076832.00 ns, 526.7260 us/op
WorkloadWarmup  13: 59 op, 32103131.00 ns, 544.1209 us/op
WorkloadWarmup  14: 59 op, 43091879.00 ns, 730.3708 us/op
WorkloadWarmup  15: 59 op, 32901737.00 ns, 557.6566 us/op
WorkloadWarmup  16: 59 op, 30575351.00 ns, 518.2263 us/op
WorkloadWarmup  17: 59 op, 43616760.00 ns, 739.2671 us/op
WorkloadWarmup  18: 59 op, 32701335.00 ns, 554.2599 us/op
WorkloadWarmup  19: 59 op, 30377774.00 ns, 514.8775 us/op
WorkloadWarmup  20: 59 op, 31506073.00 ns, 534.0012 us/op
WorkloadWarmup  21: 59 op, 30953648.00 ns, 524.6381 us/op
WorkloadWarmup  22: 59 op, 30273499.00 ns, 513.1102 us/op
WorkloadWarmup  23: 59 op, 31272271.00 ns, 530.0385 us/op
WorkloadWarmup  24: 59 op, 30560083.00 ns, 517.9675 us/op
WorkloadWarmup  25: 59 op, 30313666.00 ns, 513.7909 us/op

// BeforeActualRun
WorkloadActual   1: 59 op, 30751785.00 ns, 521.2167 us/op
WorkloadActual   2: 59 op, 30814884.00 ns, 522.2862 us/op
WorkloadActual   3: 59 op, 30715918.00 ns, 520.6088 us/op
WorkloadActual   4: 59 op, 30608534.00 ns, 518.7887 us/op
WorkloadActual   5: 59 op, 32482801.00 ns, 550.5559 us/op
WorkloadActual   6: 59 op, 35996097.00 ns, 610.1033 us/op

// AfterActualRun
WorkloadResult   1: 59 op, 30751785.00 ns, 521.2167 us/op
WorkloadResult   2: 59 op, 30814884.00 ns, 522.2862 us/op
WorkloadResult   3: 59 op, 30715918.00 ns, 520.6088 us/op
WorkloadResult   4: 59 op, 30608534.00 ns, 518.7887 us/op
WorkloadResult   5: 59 op, 32482801.00 ns, 550.5559 us/op
// GC:  0 0 0 0 59
// Threading:  0 0 59

// AfterAll
// Benchmark Process 1143 has exited with code 0.

Mean = 526.691 us, StdErr = 5.993 us (1.14%), N = 5, StdDev = 13.401 us
Min = 518.789 us, Q1 = 520.609 us, Median = 521.217 us, Q3 = 522.286 us, Max = 550.556 us
IQR = 1.677 us, LowerFence = 518.093 us, UpperFence = 524.802 us
ConfidenceInterval = [475.089 us; 578.294 us] (CI 99.9%), Margin = 51.602 us (9.80% of Mean)
Skewness = 1.05, Kurtosis = 2.05, MValue = 2

// ** Remained 1 (3.1 %) benchmark(s) to run. Estimated finish 2026-10-04 22:00 (0h 0m from now) **
// **************************
// Benchmark: CodecSuite.Run: campaign(EvaluateOverhead=False, Clock=Armonik.Ffi.Bdn.CpuClock, IterationCount=6, IterationTime=40ms, LaunchCount=1, RunStrategy=Throughput, WarmupCount=25) [Case=core-(...)etain [42]]
// *** Execute ***
// Launch: 1 / 1
// Execute: dotnet BenchDotNet-campaign-1.dll --anonymousPipes 111 112 --benchmarkName "Armonik.Ffi.Bdn.CodecSuite.Run(Case: \"core-ffi|encode-core-hot|P2.3|ascii|retain\")" --job campaign --benchmarkId 31 in /home/user/ArmoniK.Api/ffi/poc/csharp/src/BenchDotNet/bin/Release/net8.0/BenchDotNet-campaign-1/bin/Release/net8.0
// BeforeAnythingElse

// Benchmark Process Environment Information:
// BenchmarkDotNet v0.15.8
// Runtime=.NET 8.0.31 (8.0.31, 8.0.3126.42015), X64 RyuJIT x86-64-v4
// GC=Concurrent Workstation
// HardwareIntrinsics=AVX512 F+BW+CD+DQ+VL,AVX2+BMI1+BMI2+F16C+FMA+LZCNT+MOVBE,AVX,SSE3+SSSE3+SSE4.1+SSE4.2+POPCNT,X86Base+SSE+SSE2,AES+PCLMUL VectorSize=256
// Job: campaign(EvaluateOverhead=False, Clock=Armonik.Ffi.Bdn.CpuClock, IterationCount=6, IterationTime=40ms, LaunchCount=1, RunStrategy=Throughput, WarmupCount=25)

OverheadJitting  1: 1 op, 247941.00 ns, 247.9410 us/op
WorkloadJitting  1: 1 op, 15384954.00 ns, 15.3850 ms/op

WorkloadPilot    1: 4 op, 21246529.00 ns, 5.3116 ms/op
WorkloadPilot    2: 8 op, 28086588.00 ns, 3.5108 ms/op
WorkloadPilot    3: 11 op, 36125245.00 ns, 3.2841 ms/op

WorkloadWarmup   1: 11 op, 36519302.00 ns, 3.3199 ms/op
WorkloadWarmup   2: 11 op, 36676638.00 ns, 3.3342 ms/op
WorkloadWarmup   3: 11 op, 36009427.00 ns, 3.2736 ms/op
WorkloadWarmup   4: 11 op, 41720773.00 ns, 3.7928 ms/op
WorkloadWarmup   5: 11 op, 32607331.00 ns, 2.9643 ms/op
WorkloadWarmup   6: 11 op, 35347188.00 ns, 3.2134 ms/op
WorkloadWarmup   7: 11 op, 36759241.00 ns, 3.3417 ms/op
WorkloadWarmup   8: 11 op, 32361969.00 ns, 2.9420 ms/op
WorkloadWarmup   9: 11 op, 43170878.00 ns, 3.9246 ms/op
WorkloadWarmup  10: 11 op, 31937835.00 ns, 2.9034 ms/op
WorkloadWarmup  11: 11 op, 31595135.00 ns, 2.8723 ms/op
WorkloadWarmup  12: 11 op, 33806484.00 ns, 3.0733 ms/op
WorkloadWarmup  13: 11 op, 31252616.00 ns, 2.8411 ms/op
WorkloadWarmup  14: 11 op, 31951301.00 ns, 2.9047 ms/op
WorkloadWarmup  15: 11 op, 31755293.00 ns, 2.8868 ms/op
WorkloadWarmup  16: 11 op, 31252578.00 ns, 2.8411 ms/op
WorkloadWarmup  17: 11 op, 31175418.00 ns, 2.8341 ms/op
WorkloadWarmup  18: 11 op, 31490206.00 ns, 2.8627 ms/op
WorkloadWarmup  19: 11 op, 54024907.00 ns, 4.9114 ms/op
WorkloadWarmup  20: 11 op, 31911995.00 ns, 2.9011 ms/op
WorkloadWarmup  21: 11 op, 31931099.00 ns, 2.9028 ms/op
WorkloadWarmup  22: 11 op, 31894914.00 ns, 2.8995 ms/op
WorkloadWarmup  23: 11 op, 31488439.00 ns, 2.8626 ms/op
WorkloadWarmup  24: 11 op, 31398917.00 ns, 2.8544 ms/op
WorkloadWarmup  25: 11 op, 31361473.00 ns, 2.8510 ms/op

// BeforeActualRun
WorkloadActual   1: 11 op, 32070686.00 ns, 2.9155 ms/op
WorkloadActual   2: 11 op, 31432116.00 ns, 2.8575 ms/op
WorkloadActual   3: 11 op, 32494981.00 ns, 2.9541 ms/op
WorkloadActual   4: 11 op, 31711883.00 ns, 2.8829 ms/op
WorkloadActual   5: 11 op, 31436402.00 ns, 2.8579 ms/op
WorkloadActual   6: 11 op, 32591264.00 ns, 2.9628 ms/op

// AfterActualRun
WorkloadResult   1: 11 op, 32070686.00 ns, 2.9155 ms/op
WorkloadResult   2: 11 op, 31432116.00 ns, 2.8575 ms/op
WorkloadResult   3: 11 op, 32494981.00 ns, 2.9541 ms/op
WorkloadResult   4: 11 op, 31711883.00 ns, 2.8829 ms/op
WorkloadResult   5: 11 op, 31436402.00 ns, 2.8579 ms/op
WorkloadResult   6: 11 op, 32591264.00 ns, 2.9628 ms/op
// GC:  0 0 0 0 11
// Threading:  0 0 11

// AfterAll
// Benchmark Process 1152 has exited with code 0.

Mean = 2.905 ms, StdErr = 0.019 ms (0.65%), N = 6, StdDev = 0.047 ms
Min = 2.857 ms, Q1 = 2.864 ms, Median = 2.899 ms, Q3 = 2.944 ms, Max = 2.963 ms
IQR = 0.080 ms, LowerFence = 2.744 ms, UpperFence = 3.065 ms
ConfidenceInterval = [2.775 ms; 3.036 ms] (CI 99.9%), Margin = 0.131 ms (4.49% of Mean)
Skewness = 0.14, Kurtosis = 0.97, MValue = 2

// ** Remained 0 (0.0 %) benchmark(s) to run. Estimated finish 2026-10-04 22:00 (0h 0m from now) **
Run time: 00:00:58 (58.03 sec), executed benchmarks: 32

// ***** BenchmarkRunner: Finish  *****

// * Export *
  home/user/ArmoniK.Api/ffi/logs/csharp/opt/s7/ab/e1-full-r1.jsonl

// * Detailed results *
CodecSuite.Run: campaign(EvaluateOverhead=False, Clock=Armonik.Ffi.Bdn.CpuClock, IterationCount=6, IterationTime=40ms, LaunchCount=1, RunStrategy=Throughput, WarmupCount=25) [Case=core-(...)etain [42]]
Runtime = .NET 8.0.31 (8.0.31, 8.0.3126.42015), X64 RyuJIT x86-64-v4; GC = Concurrent Workstation
Mean = 789.099 us, StdErr = 1.925 us (0.24%), N = 6, StdDev = 4.715 us
Min = 783.697 us, Q1 = 785.158 us, Median = 789.358 us, Q3 = 792.767 us, Max = 794.517 us
IQR = 7.610 us, LowerFence = 773.743 us, UpperFence = 804.182 us
ConfidenceInterval = [775.876 us; 802.321 us] (CI 99.9%), Margin = 13.223 us (1.68% of Mean)
Skewness = -0.01, Kurtosis = 0.83, MValue = 2
-------------------- Histogram --------------------
[780.291 us ; 797.923 us) | @@@@@@
---------------------------------------------------

CodecSuite.Run: campaign(EvaluateOverhead=False, Clock=Armonik.Ffi.Bdn.CpuClock, IterationCount=6, IterationTime=40ms, LaunchCount=1, RunStrategy=Throughput, WarmupCount=25) [Case=core-(...)|drop [40]]
Runtime = .NET 8.0.31 (8.0.31, 8.0.3126.42015), X64 RyuJIT x86-64-v4; GC = Concurrent Workstation
Mean = 794.530 us, StdErr = 10.435 us (1.31%), N = 5, StdDev = 23.334 us
Min = 780.093 us, Q1 = 780.343 us, Median = 782.860 us, Q3 = 794.428 us, Max = 834.928 us
IQR = 14.086 us, LowerFence = 759.214 us, UpperFence = 815.557 us
ConfidenceInterval = [704.679 us; 884.382 us] (CI 99.9%), Margin = 89.852 us (11.31% of Mean)
Skewness = 0.92, Kurtosis = 1.87, MValue = 2
-------------------- Histogram --------------------
[769.350 us ; 817.018 us) | @@@@
[817.018 us ; 852.838 us) | @
---------------------------------------------------

CodecSuite.Run: campaign(EvaluateOverhead=False, Clock=Armonik.Ffi.Bdn.CpuClock, IterationCount=6, IterationTime=40ms, LaunchCount=1, RunStrategy=Throughput, WarmupCount=25) [Case=core-(...)etain [42]]
Runtime = .NET 8.0.31 (8.0.31, 8.0.3126.42015), X64 RyuJIT x86-64-v4; GC = Concurrent Workstation
Mean = 4.312 ms, StdErr = 0.054 ms (1.24%), N = 5, StdDev = 0.120 ms
Min = 4.144 ms, Q1 = 4.291 ms, Median = 4.293 ms, Q3 = 4.357 ms, Max = 4.474 ms
IQR = 0.065 ms, LowerFence = 4.193 ms, UpperFence = 4.454 ms
ConfidenceInterval = [3.851 ms; 4.773 ms] (CI 99.9%), Margin = 0.461 ms (10.69% of Mean)
Skewness = -0.05, Kurtosis = 1.46, MValue = 2
-------------------- Histogram --------------------
[4.052 ms ; 4.235 ms) | @
[4.235 ms ; 4.475 ms) | @@@@
---------------------------------------------------

CodecSuite.Run: campaign(EvaluateOverhead=False, Clock=Armonik.Ffi.Bdn.CpuClock, IterationCount=6, IterationTime=40ms, LaunchCount=1, RunStrategy=Throughput, WarmupCount=25) [Case=core-(...)|drop [40]]
Runtime = .NET 8.0.31 (8.0.31, 8.0.3126.42015), X64 RyuJIT x86-64-v4; GC = Concurrent Workstation
Mean = 777.245 us, StdErr = 3.641 us (0.47%), N = 6, StdDev = 8.920 us
Min = 768.163 us, Q1 = 771.510 us, Median = 774.089 us, Q3 = 782.319 us, Max = 791.416 us
IQR = 10.809 us, LowerFence = 755.297 us, UpperFence = 798.532 us
ConfidenceInterval = [752.232 us; 802.257 us] (CI 99.9%), Margin = 25.013 us (3.22% of Mean)
Skewness = 0.48, Kurtosis = 1.36, MValue = 2
-------------------- Histogram --------------------
[764.690 us ; 795.687 us) | @@@@@@
---------------------------------------------------

CodecSuite.Run: campaign(EvaluateOverhead=False, Clock=Armonik.Ffi.Bdn.CpuClock, IterationCount=6, IterationTime=40ms, LaunchCount=1, RunStrategy=Throughput, WarmupCount=25) [Case=core-(...)etain [41]]
Runtime = .NET 8.0.31 (8.0.31, 8.0.3126.42015), X64 RyuJIT x86-64-v4; GC = Concurrent Workstation
Mean = 3.808 ms, StdErr = 0.047 ms (1.23%), N = 6, StdDev = 0.115 ms
Min = 3.641 ms, Q1 = 3.764 ms, Median = 3.791 ms, Q3 = 3.873 ms, Max = 3.970 ms
IQR = 0.109 ms, LowerFence = 3.601 ms, UpperFence = 4.036 ms
ConfidenceInterval = [3.487 ms; 4.129 ms] (CI 99.9%), Margin = 0.321 ms (8.44% of Mean)
Skewness = 0.02, Kurtosis = 1.49, MValue = 2
-------------------- Histogram --------------------
[3.558 ms ; 3.745 ms) | @
[3.745 ms ; 3.911 ms) | @@@@
[3.911 ms ; 4.053 ms) | @
---------------------------------------------------

CodecSuite.Run: campaign(EvaluateOverhead=False, Clock=Armonik.Ffi.Bdn.CpuClock, IterationCount=6, IterationTime=40ms, LaunchCount=1, RunStrategy=Throughput, WarmupCount=25) [Case=core-(...)|drop [41]]
Runtime = .NET 8.0.31 (8.0.31, 8.0.3126.42015), X64 RyuJIT x86-64-v4; GC = Concurrent Workstation
Mean = 3.507 ms, StdErr = 0.027 ms (0.77%), N = 6, StdDev = 0.066 ms
Min = 3.425 ms, Q1 = 3.448 ms, Median = 3.526 ms, Q3 = 3.558 ms, Max = 3.574 ms
IQR = 0.109 ms, LowerFence = 3.284 ms, UpperFence = 3.722 ms
ConfidenceInterval = [3.321 ms; 3.693 ms] (CI 99.9%), Margin = 0.186 ms (5.30% of Mean)
Skewness = -0.25, Kurtosis = 0.96, MValue = 2
-------------------- Histogram --------------------
[3.377 ms ; 3.488 ms) | @@
[3.488 ms ; 3.584 ms) | @@@@
---------------------------------------------------

CodecSuite.Run: campaign(EvaluateOverhead=False, Clock=Armonik.Ffi.Bdn.CpuClock, IterationCount=6, IterationTime=40ms, LaunchCount=1, RunStrategy=Throughput, WarmupCount=25) [Case=core-(...)etain [43]]
Runtime = .NET 8.0.31 (8.0.31, 8.0.3126.42015), X64 RyuJIT x86-64-v4; GC = Concurrent Workstation
Mean = 3.501 ms, StdErr = 0.022 ms (0.62%), N = 5, StdDev = 0.049 ms
Min = 3.452 ms, Q1 = 3.455 ms, Median = 3.512 ms, Q3 = 3.517 ms, Max = 3.569 ms
IQR = 0.062 ms, LowerFence = 3.362 ms, UpperFence = 3.609 ms
ConfidenceInterval = [3.313 ms; 3.689 ms] (CI 99.9%), Margin = 0.188 ms (5.37% of Mean)
Skewness = 0.19, Kurtosis = 1.13, MValue = 2
-------------------- Histogram --------------------
[3.447 ms ; 3.522 ms) | @@@@
[3.522 ms ; 3.607 ms) | @
---------------------------------------------------

CodecSuite.Run: campaign(EvaluateOverhead=False, Clock=Armonik.Ffi.Bdn.CpuClock, IterationCount=6, IterationTime=40ms, LaunchCount=1, RunStrategy=Throughput, WarmupCount=25) [Case=core-(...)|drop [40]]
Runtime = .NET 8.0.31 (8.0.31, 8.0.3126.42015), X64 RyuJIT x86-64-v4; GC = Concurrent Workstation
Mean = 3.155 ms, StdErr = 0.028 ms (0.88%), N = 5, StdDev = 0.062 ms
Min = 3.093 ms, Q1 = 3.097 ms, Median = 3.154 ms, Q3 = 3.193 ms, Max = 3.237 ms
IQR = 0.097 ms, LowerFence = 2.952 ms, UpperFence = 3.338 ms
ConfidenceInterval = [2.916 ms; 3.394 ms] (CI 99.9%), Margin = 0.239 ms (7.58% of Mean)
Skewness = 0.15, Kurtosis = 0.99, MValue = 2
-------------------- Histogram --------------------
[3.075 ms ; 3.171 ms) | @@@
[3.171 ms ; 3.284 ms) | @@
---------------------------------------------------

CodecSuite.Run: campaign(EvaluateOverhead=False, Clock=Armonik.Ffi.Bdn.CpuClock, IterationCount=6, IterationTime=40ms, LaunchCount=1, RunStrategy=Throughput, WarmupCount=25) [Case=core-(...)etain [42]]
Runtime = .NET 8.0.31 (8.0.31, 8.0.3126.42015), X64 RyuJIT x86-64-v4; GC = Concurrent Workstation
Mean = 2.905 ms, StdErr = 0.019 ms (0.65%), N = 6, StdDev = 0.047 ms
Min = 2.857 ms, Q1 = 2.864 ms, Median = 2.899 ms, Q3 = 2.944 ms, Max = 2.963 ms
IQR = 0.080 ms, LowerFence = 2.744 ms, UpperFence = 3.065 ms
ConfidenceInterval = [2.775 ms; 3.036 ms] (CI 99.9%), Margin = 0.131 ms (4.49% of Mean)
Skewness = 0.14, Kurtosis = 0.97, MValue = 2
-------------------- Histogram --------------------
[2.853 ms ; 2.920 ms) | @@@@
[2.920 ms ; 2.996 ms) | @@
---------------------------------------------------

CodecSuite.Run: campaign(EvaluateOverhead=False, Clock=Armonik.Ffi.Bdn.CpuClock, IterationCount=6, IterationTime=40ms, LaunchCount=1, RunStrategy=Throughput, WarmupCount=25) [Case=core-(...)|drop [54]]
Runtime = .NET 8.0.31 (8.0.31, 8.0.3126.42015), X64 RyuJIT x86-64-v4; GC = Concurrent Workstation
Mean = 3.767 us, StdErr = 0.055 us (1.47%), N = 5, StdDev = 0.124 us
Min = 3.619 us, Q1 = 3.722 us, Median = 3.733 us, Q3 = 3.810 us, Max = 3.953 us
IQR = 0.089 us, LowerFence = 3.589 us, UpperFence = 3.943 us
ConfidenceInterval = [3.290 us; 4.245 us] (CI 99.9%), Margin = 0.478 us (12.68% of Mean)
Skewness = 0.32, Kurtosis = 1.42, MValue = 2
-------------------- Histogram --------------------
[3.524 us ; 3.671 us) | @
[3.671 us ; 3.861 us) | @@@
[3.861 us ; 4.048 us) | @
---------------------------------------------------

CodecSuite.Run: campaign(EvaluateOverhead=False, Clock=Armonik.Ffi.Bdn.CpuClock, IterationCount=6, IterationTime=40ms, LaunchCount=1, RunStrategy=Throughput, WarmupCount=25) [Case=core-(...)|drop [80]]
Runtime = .NET 8.0.31 (8.0.31, 8.0.3126.42015), X64 RyuJIT x86-64-v4; GC = Concurrent Workstation
Mean = 4.161 us, StdErr = 0.009 us (0.21%), N = 6, StdDev = 0.022 us
Min = 4.137 us, Q1 = 4.143 us, Median = 4.160 us, Q3 = 4.173 us, Max = 4.194 us
IQR = 0.030 us, LowerFence = 4.099 us, UpperFence = 4.218 us
ConfidenceInterval = [4.100 us; 4.223 us] (CI 99.9%), Margin = 0.061 us (1.47% of Mean)
Skewness = 0.23, Kurtosis = 1.24, MValue = 2
-------------------- Histogram --------------------
[4.121 us ; 4.194 us) | @@@@@@
---------------------------------------------------

CodecSuite.Run: campaign(EvaluateOverhead=False, Clock=Armonik.Ffi.Bdn.CpuClock, IterationCount=6, IterationTime=40ms, LaunchCount=1, RunStrategy=Throughput, WarmupCount=25) [Case=core-(...)etain [82]]
Runtime = .NET 8.0.31 (8.0.31, 8.0.3126.42015), X64 RyuJIT x86-64-v4; GC = Concurrent Workstation
Mean = 4.723 us, StdErr = 0.089 us (1.89%), N = 5, StdDev = 0.199 us
Min = 4.497 us, Q1 = 4.648 us, Median = 4.651 us, Q3 = 4.790 us, Max = 5.028 us
IQR = 0.142 us, LowerFence = 4.435 us, UpperFence = 5.003 us
ConfidenceInterval = [3.955 us; 5.491 us] (CI 99.9%), Margin = 0.768 us (16.26% of Mean)
Skewness = 0.41, Kurtosis = 1.43, MValue = 2
-------------------- Histogram --------------------
[4.491 us ; 4.875 us) | @@@@
[4.875 us ; 5.181 us) | @
---------------------------------------------------

CodecSuite.Run: campaign(EvaluateOverhead=False, Clock=Armonik.Ffi.Bdn.CpuClock, IterationCount=6, IterationTime=40ms, LaunchCount=1, RunStrategy=Throughput, WarmupCount=25) [Case=core-(...)|drop [78]]
Runtime = .NET 8.0.31 (8.0.31, 8.0.3126.42015), X64 RyuJIT x86-64-v4; GC = Concurrent Workstation
Mean = 1.505 us, StdErr = 0.001 us (0.06%), N = 5, StdDev = 0.002 us
Min = 1.503 us, Q1 = 1.504 us, Median = 1.505 us, Q3 = 1.507 us, Max = 1.507 us
IQR = 0.003 us, LowerFence = 1.499 us, UpperFence = 1.511 us
ConfidenceInterval = [1.498 us; 1.512 us] (CI 99.9%), Margin = 0.007 us (0.48% of Mean)
Skewness = -0.19, Kurtosis = 0.9, MValue = 2
-------------------- Histogram --------------------
[1.501 us ; 1.508 us) | @@@@@
---------------------------------------------------

CodecSuite.Run: campaign(EvaluateOverhead=False, Clock=Armonik.Ffi.Bdn.CpuClock, IterationCount=6, IterationTime=40ms, LaunchCount=1, RunStrategy=Throughput, WarmupCount=25) [Case=core-(...)|drop [40]]
Runtime = .NET 8.0.31 (8.0.31, 8.0.3126.42015), X64 RyuJIT x86-64-v4; GC = Concurrent Workstation
Mean = 4.217 ms, StdErr = 0.050 ms (1.18%), N = 5, StdDev = 0.111 ms
Min = 4.104 ms, Q1 = 4.146 ms, Median = 4.209 ms, Q3 = 4.231 ms, Max = 4.395 ms
IQR = 0.085 ms, LowerFence = 4.019 ms, UpperFence = 4.358 ms
ConfidenceInterval = [3.788 ms; 4.646 ms] (CI 99.9%), Margin = 0.429 ms (10.17% of Mean)
Skewness = 0.55, Kurtosis = 1.54, MValue = 2
-------------------- Histogram --------------------
[4.082 ms ; 4.309 ms) | @@@@
[4.309 ms ; 4.480 ms) | @
---------------------------------------------------

CodecSuite.Run: campaign(EvaluateOverhead=False, Clock=Armonik.Ffi.Bdn.CpuClock, IterationCount=6, IterationTime=40ms, LaunchCount=1, RunStrategy=Throughput, WarmupCount=25) [Case=core-(...)|drop [52]]
Runtime = .NET 8.0.31 (8.0.31, 8.0.3126.42015), X64 RyuJIT x86-64-v4; GC = Concurrent Workstation
Mean = 597.760 ns, StdErr = 3.289 ns (0.55%), N = 6, StdDev = 8.055 ns
Min = 589.078 ns, Q1 = 592.310 ns, Median = 596.409 ns, Q3 = 600.908 ns, Max = 611.311 ns
IQR = 8.598 ns, LowerFence = 579.413 ns, UpperFence = 613.805 ns
ConfidenceInterval = [575.171 ns; 620.348 ns] (CI 99.9%), Margin = 22.588 ns (3.78% of Mean)
Skewness = 0.52, Kurtosis = 1.64, MValue = 2
-------------------- Histogram --------------------
[587.487 ns ; 612.700 ns) | @@@@@@
---------------------------------------------------

CodecSuite.Run: campaign(EvaluateOverhead=False, Clock=Armonik.Ffi.Bdn.CpuClock, IterationCount=6, IterationTime=40ms, LaunchCount=1, RunStrategy=Throughput, WarmupCount=25) [Case=core-(...)etain [42]]
Runtime = .NET 8.0.31 (8.0.31, 8.0.3126.42015), X64 RyuJIT x86-64-v4; GC = Concurrent Workstation
Mean = 97.022 us, StdErr = 1.803 us (1.86%), N = 6, StdDev = 4.417 us
Min = 92.653 us, Q1 = 93.706 us, Median = 96.297 us, Q3 = 98.740 us, Max = 104.489 us
IQR = 5.034 us, LowerFence = 86.155 us, UpperFence = 106.290 us
ConfidenceInterval = [84.636 us; 109.408 us] (CI 99.9%), Margin = 12.386 us (12.77% of Mean)
Skewness = 0.54, Kurtosis = 1.63, MValue = 2
-------------------- Histogram --------------------
[91.738 us ;  98.119 us) | @@@@
[98.119 us ; 105.061 us) | @@
---------------------------------------------------

CodecSuite.Run: campaign(EvaluateOverhead=False, Clock=Armonik.Ffi.Bdn.CpuClock, IterationCount=6, IterationTime=40ms, LaunchCount=1, RunStrategy=Throughput, WarmupCount=25) [Case=core-(...)etain [57]]
Runtime = .NET 8.0.31 (8.0.31, 8.0.3126.42015), X64 RyuJIT x86-64-v4; GC = Concurrent Workstation
Mean = 286.829 ns, StdErr = 5.947 ns (2.07%), N = 5, StdDev = 13.298 ns
Min = 280.077 ns, Q1 = 280.265 ns, Median = 280.804 ns, Q3 = 282.439 ns, Max = 310.560 ns
IQR = 2.174 ns, LowerFence = 277.003 ns, UpperFence = 285.700 ns
ConfidenceInterval = [235.621 ns; 338.036 ns] (CI 99.9%), Margin = 51.207 ns (17.85% of Mean)
Skewness = 1.06, Kurtosis = 2.06, MValue = 2
-------------------- Histogram --------------------
[269.870 ns ; 291.465 ns) | @@@@
[291.465 ns ; 300.352 ns) | 
[300.352 ns ; 320.767 ns) | @
---------------------------------------------------

CodecSuite.Run: campaign(EvaluateOverhead=False, Clock=Armonik.Ffi.Bdn.CpuClock, IterationCount=6, IterationTime=40ms, LaunchCount=1, RunStrategy=Throughput, WarmupCount=25) [Case=core-(...)etain [42]]
Runtime = .NET 8.0.31 (8.0.31, 8.0.3126.42015), X64 RyuJIT x86-64-v4; GC = Concurrent Workstation
Mean = 526.691 us, StdErr = 5.993 us (1.14%), N = 5, StdDev = 13.401 us
Min = 518.789 us, Q1 = 520.609 us, Median = 521.217 us, Q3 = 522.286 us, Max = 550.556 us
IQR = 1.677 us, LowerFence = 518.093 us, UpperFence = 524.802 us
ConfidenceInterval = [475.089 us; 578.294 us] (CI 99.9%), Margin = 51.602 us (9.80% of Mean)
Skewness = 1.05, Kurtosis = 2.05, MValue = 2
-------------------- Histogram --------------------
[508.503 us ; 530.823 us) | @@@@
[530.823 us ; 560.842 us) | @
---------------------------------------------------

CodecSuite.Run: campaign(EvaluateOverhead=False, Clock=Armonik.Ffi.Bdn.CpuClock, IterationCount=6, IterationTime=40ms, LaunchCount=1, RunStrategy=Throughput, WarmupCount=25) [Case=core-(...)etain [54]]
Runtime = .NET 8.0.31 (8.0.31, 8.0.3126.42015), X64 RyuJIT x86-64-v4; GC = Concurrent Workstation
Mean = 604.341 ns, StdErr = 0.208 ns (0.03%), N = 5, StdDev = 0.465 ns
Min = 603.663 ns, Q1 = 604.052 ns, Median = 604.589 ns, Q3 = 604.661 ns, Max = 604.738 ns
IQR = 0.608 ns, LowerFence = 603.139 ns, UpperFence = 605.573 ns
ConfidenceInterval = [602.551 ns; 606.130 ns] (CI 99.9%), Margin = 1.789 ns (0.30% of Mean)
Skewness = -0.45, Kurtosis = 1.1, MValue = 2
-------------------- Histogram --------------------
[603.307 ns ; 605.095 ns) | @@@@@
---------------------------------------------------

CodecSuite.Run: campaign(EvaluateOverhead=False, Clock=Armonik.Ffi.Bdn.CpuClock, IterationCount=6, IterationTime=40ms, LaunchCount=1, RunStrategy=Throughput, WarmupCount=25) [Case=core-(...)etain [56]]
Runtime = .NET 8.0.31 (8.0.31, 8.0.3126.42015), X64 RyuJIT x86-64-v4; GC = Concurrent Workstation
Mean = 3.683 us, StdErr = 0.055 us (1.49%), N = 6, StdDev = 0.135 us
Min = 3.453 us, Q1 = 3.642 us, Median = 3.695 us, Q3 = 3.783 us, Max = 3.820 us
IQR = 0.141 us, LowerFence = 3.430 us, UpperFence = 3.996 us
ConfidenceInterval = [3.306 us; 4.061 us] (CI 99.9%), Margin = 0.378 us (10.26% of Mean)
Skewness = -0.55, Kurtosis = 1.71, MValue = 2.4
-------------------- Histogram --------------------
[3.356 us ; 3.550 us) | @
[3.550 us ; 3.631 us) | 
[3.631 us ; 3.826 us) | @@@@@
---------------------------------------------------

CodecSuite.Run: campaign(EvaluateOverhead=False, Clock=Armonik.Ffi.Bdn.CpuClock, IterationCount=6, IterationTime=40ms, LaunchCount=1, RunStrategy=Throughput, WarmupCount=25) [Case=core-(...)etain [42]]
Runtime = .NET 8.0.31 (8.0.31, 8.0.3126.42015), X64 RyuJIT x86-64-v4; GC = Concurrent Workstation
Mean = 819.164 us, StdErr = 12.221 us (1.49%), N = 6, StdDev = 29.935 us
Min = 793.314 us, Q1 = 796.203 us, Median = 807.563 us, Q3 = 840.680 us, Max = 862.406 us
IQR = 44.477 us, LowerFence = 729.487 us, UpperFence = 907.396 us
ConfidenceInterval = [735.219 us; 903.108 us] (CI 99.9%), Margin = 83.945 us (10.25% of Mean)
Skewness = 0.46, Kurtosis = 1.12, MValue = 2
-------------------- Histogram --------------------
[780.379 us ; 834.919 us) | @@@@
[834.919 us ; 884.028 us) | @@
---------------------------------------------------

CodecSuite.Run: campaign(EvaluateOverhead=False, Clock=Armonik.Ffi.Bdn.CpuClock, IterationCount=6, IterationTime=40ms, LaunchCount=1, RunStrategy=Throughput, WarmupCount=25) [Case=core-(...)etain [70]]
Runtime = .NET 8.0.31 (8.0.31, 8.0.3126.42015), X64 RyuJIT x86-64-v4; GC = Concurrent Workstation
Mean = 524.812 ns, StdErr = 1.641 ns (0.31%), N = 5, StdDev = 3.669 ns
Min = 519.782 ns, Q1 = 523.110 ns, Median = 525.368 ns, Q3 = 526.129 ns, Max = 529.671 ns
IQR = 3.019 ns, LowerFence = 518.582 ns, UpperFence = 530.657 ns
ConfidenceInterval = [510.683 ns; 538.941 ns] (CI 99.9%), Margin = 14.129 ns (2.69% of Mean)
Skewness = -0.06, Kurtosis = 1.33, MValue = 2
-------------------- Histogram --------------------
[519.373 ns ; 529.866 ns) | @@@@@
---------------------------------------------------

CodecSuite.Run: campaign(EvaluateOverhead=False, Clock=Armonik.Ffi.Bdn.CpuClock, IterationCount=6, IterationTime=40ms, LaunchCount=1, RunStrategy=Throughput, WarmupCount=25) [Case=core-(...)|drop [81]]
Runtime = .NET 8.0.31 (8.0.31, 8.0.3126.42015), X64 RyuJIT x86-64-v4; GC = Concurrent Workstation
Mean = 233.510 ns, StdErr = 0.264 ns (0.11%), N = 6, StdDev = 0.647 ns
Min = 232.887 ns, Q1 = 232.965 ns, Median = 233.392 ns, Q3 = 233.950 ns, Max = 234.432 ns
IQR = 0.985 ns, LowerFence = 231.488 ns, UpperFence = 235.428 ns
ConfidenceInterval = [231.696 ns; 235.325 ns] (CI 99.9%), Margin = 1.815 ns (0.78% of Mean)
Skewness = 0.24, Kurtosis = 1.04, MValue = 2
-------------------- Histogram --------------------
[232.419 ns ; 234.900 ns) | @@@@@@
---------------------------------------------------

CodecSuite.Run: campaign(EvaluateOverhead=False, Clock=Armonik.Ffi.Bdn.CpuClock, IterationCount=6, IterationTime=40ms, LaunchCount=1, RunStrategy=Throughput, WarmupCount=25) [Case=core-(...)|drop [39]]
Runtime = .NET 8.0.31 (8.0.31, 8.0.3126.42015), X64 RyuJIT x86-64-v4; GC = Concurrent Workstation
Mean = 3.812 ms, StdErr = 0.061 ms (1.60%), N = 6, StdDev = 0.149 ms
Min = 3.603 ms, Q1 = 3.748 ms, Median = 3.790 ms, Q3 = 3.884 ms, Max = 4.037 ms
IQR = 0.136 ms, LowerFence = 3.543 ms, UpperFence = 4.089 ms
ConfidenceInterval = [3.394 ms; 4.229 ms] (CI 99.9%), Margin = 0.418 ms (10.96% of Mean)
Skewness = 0.15, Kurtosis = 1.57, MValue = 2
-------------------- Histogram --------------------
[3.495 ms ; 3.717 ms) | @
[3.717 ms ; 3.933 ms) | @@@@
[3.933 ms ; 4.145 ms) | @
---------------------------------------------------

CodecSuite.Run: campaign(EvaluateOverhead=False, Clock=Armonik.Ffi.Bdn.CpuClock, IterationCount=6, IterationTime=40ms, LaunchCount=1, RunStrategy=Throughput, WarmupCount=25) [Case=core-(...)etain [80]]
Runtime = .NET 8.0.31 (8.0.31, 8.0.3126.42015), X64 RyuJIT x86-64-v4; GC = Concurrent Workstation
Mean = 1.678 us, StdErr = 0.052 us (3.07%), N = 6, StdDev = 0.126 us
Min = 1.551 us, Q1 = 1.578 us, Median = 1.665 us, Q3 = 1.742 us, Max = 1.870 us
IQR = 0.164 us, LowerFence = 1.332 us, UpperFence = 1.988 us
ConfidenceInterval = [1.324 us; 2.032 us] (CI 99.9%), Margin = 0.354 us (21.10% of Mean)
Skewness = 0.31, Kurtosis = 1.2, MValue = 2
-------------------- Histogram --------------------
[1.460 us ; 1.567 us) | @
[1.567 us ; 1.749 us) | @@@@
[1.749 us ; 1.961 us) | @
---------------------------------------------------

CodecSuite.Run: campaign(EvaluateOverhead=False, Clock=Armonik.Ffi.Bdn.CpuClock, IterationCount=6, IterationTime=40ms, LaunchCount=1, RunStrategy=Throughput, WarmupCount=25) [Case=core-(...)|drop [40]]
Runtime = .NET 8.0.31 (8.0.31, 8.0.3126.42015), X64 RyuJIT x86-64-v4; GC = Concurrent Workstation
Mean = 551.053 us, StdErr = 11.169 us (2.03%), N = 6, StdDev = 27.359 us
Min = 519.502 us, Q1 = 529.022 us, Median = 548.769 us, Q3 = 573.979 us, Max = 584.458 us
IQR = 44.957 us, LowerFence = 461.586 us, UpperFence = 641.415 us
ConfidenceInterval = [474.333 us; 627.774 us] (CI 99.9%), Margin = 76.720 us (13.92% of Mean)
Skewness = 0.09, Kurtosis = 0.99, MValue = 2
-------------------- Histogram --------------------
[519.041 us ; 558.564 us) | @@@@
[558.564 us ; 604.219 us) | @@
---------------------------------------------------

CodecSuite.Run: campaign(EvaluateOverhead=False, Clock=Armonik.Ffi.Bdn.CpuClock, IterationCount=6, IterationTime=40ms, LaunchCount=1, RunStrategy=Throughput, WarmupCount=25) [Case=core-(...)|drop [40]]
Runtime = .NET 8.0.31 (8.0.31, 8.0.3126.42015), X64 RyuJIT x86-64-v4; GC = Concurrent Workstation
Mean = 2.830 ms, StdErr = 0.022 ms (0.77%), N = 6, StdDev = 0.053 ms
Min = 2.769 ms, Q1 = 2.788 ms, Median = 2.825 ms, Q3 = 2.873 ms, Max = 2.896 ms
IQR = 0.085 ms, LowerFence = 2.661 ms, UpperFence = 3.001 ms
ConfidenceInterval = [2.681 ms; 2.979 ms] (CI 99.9%), Margin = 0.149 ms (5.26% of Mean)
Skewness = 0.11, Kurtosis = 1.05, MValue = 2
-------------------- Histogram --------------------
[2.763 ms ; 2.853 ms) | @@@@
[2.853 ms ; 2.934 ms) | @@
---------------------------------------------------

CodecSuite.Run: campaign(EvaluateOverhead=False, Clock=Armonik.Ffi.Bdn.CpuClock, IterationCount=6, IterationTime=40ms, LaunchCount=1, RunStrategy=Throughput, WarmupCount=25) [Case=core-(...)etain [83]]
Runtime = .NET 8.0.31 (8.0.31, 8.0.3126.42015), X64 RyuJIT x86-64-v4; GC = Concurrent Workstation
Mean = 280.228 ns, StdErr = 2.318 ns (0.83%), N = 6, StdDev = 5.678 ns
Min = 274.861 ns, Q1 = 275.902 ns, Median = 278.926 ns, Q3 = 282.948 ns, Max = 289.468 ns
IQR = 7.046 ns, LowerFence = 265.333 ns, UpperFence = 293.517 ns
ConfidenceInterval = [264.305 ns; 296.150 ns] (CI 99.9%), Margin = 15.922 ns (5.68% of Mean)
Skewness = 0.47, Kurtosis = 1.42, MValue = 2
-------------------- Histogram --------------------
[274.088 ns ; 282.290 ns) | @@@@
[282.290 ns ; 290.548 ns) | @@
---------------------------------------------------

CodecSuite.Run: campaign(EvaluateOverhead=False, Clock=Armonik.Ffi.Bdn.CpuClock, IterationCount=6, IterationTime=40ms, LaunchCount=1, RunStrategy=Throughput, WarmupCount=25) [Case=core-(...)etain [42]]
Runtime = .NET 8.0.31 (8.0.31, 8.0.3126.42015), X64 RyuJIT x86-64-v4; GC = Concurrent Workstation
Mean = 3.286 ms, StdErr = 0.042 ms (1.27%), N = 5, StdDev = 0.093 ms
Min = 3.162 ms, Q1 = 3.244 ms, Median = 3.268 ms, Q3 = 3.360 ms, Max = 3.394 ms
IQR = 0.116 ms, LowerFence = 3.071 ms, UpperFence = 3.534 ms
ConfidenceInterval = [2.928 ms; 3.644 ms] (CI 99.9%), Margin = 0.358 ms (10.89% of Mean)
Skewness = -0.07, Kurtosis = 1.09, MValue = 2
-------------------- Histogram --------------------
[3.144 ms ; 3.306 ms) | @@@
[3.306 ms ; 3.466 ms) | @@
---------------------------------------------------

CodecSuite.Run: campaign(EvaluateOverhead=False, Clock=Armonik.Ffi.Bdn.CpuClock, IterationCount=6, IterationTime=40ms, LaunchCount=1, RunStrategy=Throughput, WarmupCount=25) [Case=core-(...)|drop [55]]
Runtime = .NET 8.0.31 (8.0.31, 8.0.3126.42015), X64 RyuJIT x86-64-v4; GC = Concurrent Workstation
Mean = 264.812 ns, StdErr = 0.565 ns (0.21%), N = 6, StdDev = 1.383 ns
Min = 263.470 ns, Q1 = 263.804 ns, Median = 264.644 ns, Q3 = 265.194 ns, Max = 267.212 ns
IQR = 1.390 ns, LowerFence = 261.719 ns, UpperFence = 267.278 ns
ConfidenceInterval = [260.934 ns; 268.690 ns] (CI 99.9%), Margin = 3.878 ns (1.46% of Mean)
Skewness = 0.62, Kurtosis = 1.74, MValue = 2
-------------------- Histogram --------------------
[262.471 ns ; 268.211 ns) | @@@@@@
---------------------------------------------------

CodecSuite.Run: campaign(EvaluateOverhead=False, Clock=Armonik.Ffi.Bdn.CpuClock, IterationCount=6, IterationTime=40ms, LaunchCount=1, RunStrategy=Throughput, WarmupCount=25) [Case=core-(...)|drop [68]]
Runtime = .NET 8.0.31 (8.0.31, 8.0.3126.42015), X64 RyuJIT x86-64-v4; GC = Concurrent Workstation
Mean = 488.125 ns, StdErr = 4.804 ns (0.98%), N = 6, StdDev = 11.767 ns
Min = 475.951 ns, Q1 = 480.118 ns, Median = 484.857 ns, Q3 = 494.263 ns, Max = 507.148 ns
IQR = 14.145 ns, LowerFence = 458.900 ns, UpperFence = 515.481 ns
ConfidenceInterval = [455.127 ns; 521.123 ns] (CI 99.9%), Margin = 32.998 ns (6.76% of Mean)
Skewness = 0.5, Kurtosis = 1.44, MValue = 2
-------------------- Histogram --------------------
[473.022 ns ; 490.022 ns) | @@@@
[490.022 ns ; 510.400 ns) | @@
---------------------------------------------------

CodecSuite.Run: campaign(EvaluateOverhead=False, Clock=Armonik.Ffi.Bdn.CpuClock, IterationCount=6, IterationTime=40ms, LaunchCount=1, RunStrategy=Throughput, WarmupCount=25) [Case=core-(...)|drop [40]]
Runtime = .NET 8.0.31 (8.0.31, 8.0.3126.42015), X64 RyuJIT x86-64-v4; GC = Concurrent Workstation
Mean = 99.834 us, StdErr = 2.252 us (2.26%), N = 6, StdDev = 5.517 us
Min = 94.046 us, Q1 = 95.037 us, Median = 99.227 us, Q3 = 104.686 us, Max = 106.360 us
IQR = 9.649 us, LowerFence = 80.563 us, UpperFence = 119.160 us
ConfidenceInterval = [84.365 us; 115.304 us] (CI 99.9%), Margin = 15.470 us (15.50% of Mean)
Skewness = 0.13, Kurtosis = 1, MValue = 2
-------------------- Histogram --------------------
[ 93.329 us ; 101.299 us) | @@@@
[101.299 us ; 110.345 us) | @@
---------------------------------------------------

// * Summary *

BenchmarkDotNet v0.15.8, Linux Ubuntu 24.04.4 LTS (Noble Numbat)
Intel Xeon Processor 2.80GHz, 1 CPU, 4 logical and 4 physical cores
.NET SDK 8.0.131
  [Host]   : .NET 8.0.31 (8.0.31, 8.0.3126.42015), X64 RyuJIT x86-64-v4
  campaign : .NET 8.0.31 (8.0.31, 8.0.3126.42015), X64 RyuJIT x86-64-v4

Job=campaign  EvaluateOverhead=False  Clock=Armonik.Ffi.Bdn.CpuClock  
IterationCount=6  IterationTime=40ms  LaunchCount=1  
RunStrategy=Throughput  WarmupCount=25  

| Method | Case                 | Mean           | Error         | StdDev        | Allocated |
|------- |--------------------- |---------------:|--------------:|--------------:|----------:|
| Run    | core-(...)etain [42] |   789,098.6 ns |  13,222.51 ns |   4,715.28 ns |         - |
| Run    | core-(...)|drop [40] |   794,530.3 ns |  89,851.62 ns |  23,334.18 ns |         - |
| Run    | core-(...)etain [42] | 4,311,689.8 ns | 461,133.63 ns | 119,754.94 ns |         - |
| Run    | core-(...)|drop [40] |   777,244.8 ns |  25,012.52 ns |   8,919.71 ns |         - |
| Run    | core-(...)etain [41] | 3,808,149.8 ns | 321,256.01 ns | 114,562.99 ns |         - |
| Run    | core-(...)|drop [41] | 3,506,971.7 ns | 185,736.46 ns |  66,235.41 ns |         - |
| Run    | core-(...)etain [43] | 3,500,768.1 ns | 188,032.10 ns |  48,831.34 ns |         - |
| Run    | core-(...)|drop [40] | 3,154,665.5 ns | 239,162.39 ns |  62,109.71 ns |         - |
| Run    | core-(...)etain [42] | 2,905,111.1 ns | 130,548.19 ns |  46,554.74 ns |         - |
| Run    | core-(...)|drop [54] |     3,767.4 ns |     477.84 ns |     124.09 ns |         - |
| Run    | core-(...)|drop [80] |     4,161.2 ns |      61.31 ns |      21.86 ns |         - |
| Run    | core-(...)etain [82] |     4,722.9 ns |     768.15 ns |     199.49 ns |         - |
| Run    | core-(...)|drop [78] |     1,505.1 ns |       7.18 ns |       1.87 ns |         - |
| Run    | core-(...)|drop [40] | 4,216,931.4 ns | 428,978.68 ns | 111,404.40 ns |         - |
| Run    | core-(...)|drop [52] |       597.8 ns |      22.59 ns |       8.06 ns |         - |
| Run    | core-(...)etain [42] |    97,022.0 ns |  12,386.03 ns |   4,416.98 ns |         - |
| Run    | core-(...)etain [57] |       286.8 ns |      51.21 ns |      13.30 ns |         - |
| Run    | core-(...)etain [42] |   526,691.3 ns |  51,602.43 ns |  13,400.99 ns |         - |
| Run    | core-(...)etain [54] |       604.3 ns |       1.79 ns |       0.46 ns |         - |
| Run    | core-(...)etain [56] |     3,683.4 ns |     377.78 ns |     134.72 ns |         - |
| Run    | core-(...)etain [42] |   819,163.5 ns |  83,944.61 ns |  29,935.46 ns |         - |
| Run    | core-(...)etain [70] |       524.8 ns |      14.13 ns |       3.67 ns |         - |
| Run    | core-(...)|drop [81] |       233.5 ns |       1.81 ns |       0.65 ns |         - |
| Run    | core-(...)|drop [39] | 3,811,639.0 ns | 417,605.25 ns | 148,922.05 ns |         - |
| Run    | core-(...)etain [80] |     1,678.0 ns |     354.11 ns |     126.28 ns |         - |
| Run    | core-(...)|drop [40] |   551,053.4 ns |  76,720.33 ns |  27,359.21 ns |         - |
| Run    | core-(...)|drop [40] | 2,830,057.9 ns | 148,827.49 ns |  53,073.32 ns |         - |
| Run    | core-(...)etain [83] |       280.2 ns |      15.92 ns |       5.68 ns |         - |
| Run    | core-(...)etain [42] | 3,285,834.8 ns | 357,932.13 ns |  92,953.84 ns |         - |
| Run    | core-(...)|drop [55] |       264.8 ns |       3.88 ns |       1.38 ns |         - |
| Run    | core-(...)|drop [68] |       488.1 ns |      33.00 ns |      11.77 ns |         - |
| Run    | core-(...)|drop [40] |    99,834.4 ns |  15,469.60 ns |   5,516.61 ns |         - |

// * Legends *
  Case      : Value of the 'Case' parameter
  Mean      : Arithmetic mean of all measurements
  Error     : Half of 99.9% confidence interval
  StdDev    : Standard deviation of all measurements
  Allocated : Allocated memory per single operation (managed only, inclusive, 1KB = 1024B)
  1 ns      : 1 Nanosecond (0.000000001 sec)

// * Diagnostic Output - AkProcessCpu *

// * Diagnostic Output - MemoryDiagnoser *


// ***** BenchmarkRunner: End *****
Global total time: 00:01:21 (81.08 sec), executed benchmarks: 32
// * Artifacts cleanup *
Artifacts cleanup is finished
