row	content	mode	arm	round	cpu_ns_per_op	alloc_bytes_per_op	gen0_per_op	gen1_per_op	gen2_per_op	minflt_per_op	gc_pause_ns_per_op	ops
P1.2	ascii	retain	ref	1	385585	665985	0.0377358	0	0	0	27075.5	106
P1.2	ascii	retain	skip	1	192759	240640	0.0147783	0	0	0	11458.1	203
P1.2	ascii	retain	noop	1	77577.1	0	0	0	0	0	0	491
P1.2	ascii	retain	parse	1	76815.9	0	0	0	0	0	0	363
P1.2	ascii	retain	parsev	1	131919	0	0	0	0	0	0	149
P1.2	ascii	retain	pparse	1	75914	0	0	0	0	0	0	108
P1.2	ascii	retain	touch	1	8736.67	0	0	0	0	0.00278552	0	3590
P1.2	ascii	retain	strs	1	182443	425344	0.0222222	0	0	0	9204.44	225
P1.2	ascii	retain	host	1	453915	665984	0.040404	0	0	0	27888.9	99
P1.2	ascii	retain	hskip	1	211021	240640	0.0120482	0	0	0	6487.95	166
P1.2	ascii	retain	inc	1	527241	697928	0.0394737	0	0	0.0131579	27657.9	76
P1.2	ascii	retain	skip	2	261862	240640	0.0147783	0	0	0.29064	7512.32	203
P1.2	ascii	retain	noop	2	77440.5	0	0	0	0	0	0	491
P1.2	ascii	retain	parse	2	77103.3	0	0	0	0	0	0	363
P1.2	ascii	retain	parsev	2	131659	0	0	0	0	0	0	149
P1.2	ascii	retain	pparse	2	76153.5	0	0	0	0	0	0	108
P1.2	ascii	retain	touch	2	11815.6	0	0	0	0	0.0153203	0	3590
P1.2	ascii	retain	strs	2	189362	425344	0.0266667	0	0	0.0177778	10115.6	225
P1.2	ascii	retain	host	2	407210	665984	0.040404	0	0	0	25767.7	99
P1.2	ascii	retain	hskip	2	200028	240640	0.0120482	0	0	0	6572.29	166
P1.2	ascii	retain	inc	2	495462	697928	0.0394737	0	0	0	29894.7	76
P1.2	ascii	retain	ref	2	392511	665984	0.0377358	0	0	0	24641.5	106
P1.2	ascii	retain	noop	3	77731.2	0	0	0	0	0	0	491
P1.2	ascii	retain	parse	3	77949.9	0	0	0	0	0	0	363
P1.2	ascii	retain	parsev	3	131950	0	0	0	0	0	0	149
P1.2	ascii	retain	pparse	3	76215.7	0	0	0	0	0	0	108
P1.2	ascii	retain	touch	3	6901.34	0	0	0	0	0	0	3590
P1.2	ascii	retain	strs	3	175802	425344	0.0266667	0	0	0	9933.33	225
P1.2	ascii	retain	host	3	448288	665984	0.040404	0	0	0.030303	22979.8	99
P1.2	ascii	retain	hskip	3	200680	240640	0.0120482	0	0	0	5373.49	166
P1.2	ascii	retain	inc	3	527316	697928	0.0394737	0	0	0.144737	26802.6	76
P1.2	ascii	retain	ref	3	405955	665984	0.0377358	0	0	0	31518.9	106
P1.2	ascii	retain	skip	3	194076	240640	0.0147783	0	0	0	7527.09	203
P1.2	ascii	retain	parse	4	77112.1	0	0	0	0	0	0	363
P1.2	ascii	retain	parsev	4	132540	0	0	0	0	0	0	149
P1.2	ascii	retain	pparse	4	79791.8	0	0	0	0	0	0	108
P1.2	ascii	retain	touch	4	10281	0	0	0	0	0.00194986	0	3590
P1.2	ascii	retain	strs	4	179513	425344	0.0222222	0	0	0	8164.44	225
P1.2	ascii	retain	host	4	412286	665984	0.040404	0	0	0	29242.4	99
P1.2	ascii	retain	hskip	4	205030	240640	0.0180723	0	0	0	8481.93	166
P1.2	ascii	retain	inc	4	557472	697928	0.0394737	0	0	0	34789.5	76
P1.2	ascii	retain	ref	4	450405	665984	0.0377358	0	0	0	31915.1	106
P1.2	ascii	retain	skip	4	212107	240640	0.0147783	0	0	0	9625.62	203
P1.2	ascii	retain	noop	4	79165.6	0	0	0	0	0	0	491
P1.2	ascii	retain	parsev	5	135303	0	0	0	0	0	0	149
P1.2	ascii	retain	pparse	5	84996.1	0	0	0	0	0	0	108
P1.2	ascii	retain	touch	5	7097.08	0	0	0	0	0	0	3590
P1.2	ascii	retain	strs	5	193622	425344	0.0222222	0	0	0	9142.22	225
P1.2	ascii	retain	host	5	455953	665984	0.040404	0	0	0	37080.8	99
P1.2	ascii	retain	hskip	5	213557	240640	0.0120482	0	0	0	6813.25	166
P1.2	ascii	retain	inc	5	549891	697928	0.0394737	0	0	0	31013.2	76
P1.2	ascii	retain	ref	5	435534	665984	0.0377358	0	0	0	26481.1	106
P1.2	ascii	retain	skip	5	214283	240640	0.0147783	0	0	0	8600.99	203
P1.2	ascii	retain	noop	5	84865.5	0	0	0	0	0	0	491
P1.2	ascii	retain	parse	5	81048.2	0	0	0	0	0	0	363
P1.2	ascii	retain	pparse	6	80152.9	0	0	0	0	0	0	108
P1.2	ascii	retain	touch	6	7018.85	0	0	0	0	0	0	3590
P1.2	ascii	retain	strs	6	187244	425344	0.0266667	0	0	0	11871.1	225
P1.2	ascii	retain	host	6	445093	665984	0.040404	0	0	0	50656.6	99
P1.2	ascii	retain	hskip	6	212132	240640	0.0120482	0	0	0	8493.98	166
P1.2	ascii	retain	inc	6	563536	697928	0.0394737	0	0	0.0131579	34894.7	76
P1.2	ascii	retain	ref	6	409784	665984	0.0377358	0	0	0	26339.6	106
P1.2	ascii	retain	skip	6	202225	240640	0.0147783	0	0	0	8009.85	203
P1.2	ascii	retain	noop	6	77317.8	0	0	0	0	0	0	491
P1.2	ascii	retain	parse	6	77454.7	0	0	0	0	0	0	363
P1.2	ascii	retain	parsev	6	136207	0	0	0	0	0	0	149
P1.2	ascii	drop	ref	1	481918	665984	0.0434783	0	0	0	39380.4	92
P1.2	ascii	drop	skip	1	238140	240640	0.0106383	0	0	0	8265.96	188
P1.2	ascii	drop	noop	1	82600.6	0	0	0	0	0	0	509
P1.2	ascii	drop	parse	1	76944.2	0	0	0	0	0	0	507
P1.2	ascii	drop	parsev	1	133239	0	0	0	0	0	0	298
P1.2	ascii	drop	pull	1	533043	665984	0.037037	0	0	0	46987.7	81
P1.2	ascii	drop	pparse	1	89384	0	0	0	0	0	0	508
P1.2	ascii	drop	touch	1	7917.86	0	0	0	0	0	0	4718
P1.2	ascii	drop	strs	1	214375	425344	0.0248756	0	0	0	15825.9	201
P1.2	ascii	drop	host	1	559231	665984	0.0434783	0	0	0	53087	69
P1.2	ascii	drop	hskip	1	225908	240640	0.0124224	0	0	0	10366.5	161
P1.2	ascii	drop	inc	1	569766	697928	0.0384615	0	0	0	48692.3	52
P1.2	ascii	drop	skip	2	211441	240640	0.0159574	0	0	0	16872.3	188
P1.2	ascii	drop	noop	2	77706.1	0	0	0	0	0	0	509
P1.2	ascii	drop	parse	2	77721.7	0	0	0	0	0	0	507
P1.2	ascii	drop	parsev	2	135445	0	0	0	0	0	0	298
P1.2	ascii	drop	pull	2	408027	665984	0.037037	0	0	0	26000	81
P1.2	ascii	drop	pparse	2	76494	0	0	0	0	0	0	508
P1.2	ascii	drop	touch	2	7168.17	0	0	0	0	0	0	4718
P1.2	ascii	drop	strs	2	192328	425344	0.0248756	0	0	0	14099.5	201
P1.2	ascii	drop	host	2	442865	665984	0.0434783	0	0	0	34231.9	69
P1.2	ascii	drop	hskip	2	231468	240640	0.0124224	0	0	0	11192.5	161
P1.2	ascii	drop	inc	2	562620	697928	0.0384615	0	0	0	84461.5	52
P1.2	ascii	drop	ref	2	467610	665984	0.0434783	0	0	0	43326.1	92
P1.2	ascii	drop	noop	3	81147.4	0	0	0	0	0	0	509
P1.2	ascii	drop	parse	3	80997.4	0	0	0	0	0	0	507
P1.2	ascii	drop	parsev	3	133550	0	0	0	0	0	0	298
P1.2	ascii	drop	pull	3	405866	665984	0.037037	0	0	0	26802.5	81
P1.2	ascii	drop	pparse	3	76425.3	0	0	0	0	0	0	508
P1.2	ascii	drop	touch	3	7159.55	0	0	0	0	0	0	4718
P1.2	ascii	drop	strs	3	197530	425344	0.0248756	0	0	0	14850.7	201
P1.2	ascii	drop	host	3	435935	665984	0.0289855	0	0	0	20652.2	69
P1.2	ascii	drop	hskip	3	215994	240640	0.0186335	0	0	0	14602.5	161
P1.2	ascii	drop	inc	3	521238	697928	0.0384615	0	0	0	34403.8	52
P1.2	ascii	drop	ref	3	419034	665984	0.0326087	0	0	0	35760.9	92
P1.2	ascii	drop	skip	3	206420	240640	0.0159574	0	0	0	11851.1	188
P1.2	ascii	drop	parse	4	77688	0	0	0	0	0	0	507
P1.2	ascii	drop	parsev	4	142411	0	0	0	0	0	0	298
P1.2	ascii	drop	pull	4	423368	665984	0.037037	0	0	0	28098.8	81
P1.2	ascii	drop	pparse	4	76770.5	0	0	0	0	0	0	508
P1.2	ascii	drop	touch	4	6989.41	0	0	0	0	0	0	4718
P1.2	ascii	drop	strs	4	197764	425344	0.0248756	0	0	0	15373.1	201
P1.2	ascii	drop	host	4	462395	665984	0.0434783	0	0	0	37333.3	69
P1.2	ascii	drop	hskip	4	209642	240640	0.0124224	0	0	0	9074.53	161
P1.2	ascii	drop	inc	4	546464	697928	0.0384615	0	0	0	42615.4	52
P1.2	ascii	drop	ref	4	448118	665984	0.0434783	0	0	0	45000	92
P1.2	ascii	drop	skip	4	202153	240640	0.0106383	0	0	0	7329.79	188
P1.2	ascii	drop	noop	4	81559.1	0	0	0	0	0	0	509
P1.2	ascii	drop	parsev	5	133302	0	0	0	0	0	0	298
P1.2	ascii	drop	pull	5	416399	665984	0.037037	0	0	0	26111.1	81
P1.2	ascii	drop	pparse	5	79140	0	0	0	0	0	0	508
P1.2	ascii	drop	touch	5	7138.59	0	0	0	0	0	0	4718
P1.2	ascii	drop	strs	5	206922	425344	0.0248756	0	0	0	14268.7	201
P1.2	ascii	drop	host	5	454848	665984	0.0434783	0	0	0	46420.3	69
P1.2	ascii	drop	hskip	5	212519	240640	0.0124224	0	0	0	9440.99	161
P1.2	ascii	drop	inc	5	524572	697928	0.0384615	0	0	0	34211.5	52
P1.2	ascii	drop	ref	5	417256	665984	0.0434783	0	0	0	38847.8	92
P1.2	ascii	drop	skip	5	199905	240640	0.0106383	0	0	0	7904.26	188
P1.2	ascii	drop	noop	5	76915.5	0	0	0	0	0	0	509
P1.2	ascii	drop	parse	5	77170.9	0	0	0	0	0	0	507
P1.2	ascii	drop	pull	6	455046	665984	0.0493827	0	0	0	46074.1	81
P1.2	ascii	drop	pparse	6	83638.1	0	0	0	0	0	0	508
P1.2	ascii	drop	touch	6	7095.83	0	0	0	0	0	0	4718
P1.2	ascii	drop	strs	6	195831	425344	0.0248756	0	0	0	18049.8	201
P1.2	ascii	drop	host	6	441191	665984	0.0289855	0	0	0	31608.7	69
P1.2	ascii	drop	hskip	6	208603	240640	0.0124224	0	0	0	8683.23	161
P1.2	ascii	drop	inc	6	547292	697928	0.0576923	0	0	0	57250	52
P1.2	ascii	drop	ref	6	399308	665984	0.0326087	0	0	0	16989.1	92
P1.2	ascii	drop	skip	6	196924	240640	0.0159574	0	0	0	6239.36	188
P1.2	ascii	drop	noop	6	77379.4	0	0	0	0	0	0	509
P1.2	ascii	drop	parse	6	76860.2	0	0	0	0	0	0	507
P1.2	ascii	drop	parsev	6	133731	0	0	0	0	0	0	298
P2.2	ascii	retain	ref	1	1.98311E+06	2.18058E+06	0.0833333	0.0833333	0	0	170000	12
P2.2	ascii	retain	skip	1	964129	809784	0.0357143	0.0357143	0	0	37000	28
P2.2	ascii	retain	noop	1	349983	0	0	0	0	0	0	62
P2.2	ascii	retain	parse	1	326673	0	0	0	0	0	0	100
P2.2	ascii	retain	parsev	1	643379	0	0	0	0	0	0	58
P2.2	ascii	retain	pparse	1	331018	0	0	0	0	0	0	121
P2.2	ascii	retain	touch	1	62077.7	0	0	0	0	0	0	647
P2.2	ascii	retain	strs	1	665727	1.2468E+06	0.0819672	0	0	0	19082	61
P2.2	ascii	retain	host	1	2.03406E+06	2.18058E+06	0.111111	0.0555556	0	0	487833	18
P2.2	ascii	retain	hskip	1	828118	809784	0.06	0.02	0	0	89660	50
P2.2	ascii	retain	inc	1	2.0887E+06	2.34453E+06	0.0714286	0.0714286	0	0	42071.4	14
P2.2	ascii	retain	skip	2	999499	809784	0.0714286	0.0357143	0	0	64678.6	28
P2.2	ascii	retain	noop	2	353590	0	0	0	0	0	0	62
P2.2	ascii	retain	parse	2	327658	0	0	0	0	0	0	100
P2.2	ascii	retain	parsev	2	642746	0	0	0	0	0	0	58
P2.2	ascii	retain	pparse	2	329949	0	0	0	0	0	0	121
P2.2	ascii	retain	touch	2	62148	0	0	0	0	0	0	647
P2.2	ascii	retain	strs	2	655752	1.2468E+06	0.0655738	0	0	0	16229.5	61
P2.2	ascii	retain	host	2	2.02241E+06	2.18058E+06	0.111111	0.0555556	0	0	391167	18
P2.2	ascii	retain	hskip	2	793721	809784	0.06	0.04	0	0	45040	50
P2.2	ascii	retain	inc	2	2.29887E+06	2.34453E+06	0.142857	0.0714286	0	0	322571	14
P2.2	ascii	retain	ref	2	1.97446E+06	2.18058E+06	0.0833333	0.0833333	0	0	115667	12
P2.2	ascii	retain	noop	3	356776	0	0	0	0	0	0	62
P2.2	ascii	retain	parse	3	332405	0	0	0	0	0	0	100
P2.2	ascii	retain	parsev	3	652496	0	0	0	0	0	0	58
P2.2	ascii	retain	pparse	3	335270	0	0	0	0	0	0	121
P2.2	ascii	retain	touch	3	70269.3	0	0	0	0	0	0	647
P2.2	ascii	retain	strs	3	645211	1.2468E+06	0.0819672	0	0	0	18704.9	61
P2.2	ascii	retain	host	3	2.03414E+06	2.18058E+06	0.111111	0	0	0	346944	18
P2.2	ascii	retain	hskip	3	786880	809784	0.04	0.02	0	2.58	24180	50
P2.2	ascii	retain	inc	3	2.68739E+06	2.34453E+06	0.142857	0.142857	0	0.214286	604857	14
P2.2	ascii	retain	ref	3	2.83976E+06	2.18058E+06	0.166667	0.0833333	0	0	861333	12
P2.2	ascii	retain	skip	3	976647	809784	0.0357143	0.0357143	0	0	14928.6	28
P2.2	ascii	retain	parse	4	344598	0	0	0	0	0	0	100
P2.2	ascii	retain	parsev	4	673847	0	0	0	0	0	0	58
P2.2	ascii	retain	pparse	4	347223	0	0	0	0	0	0	121
P2.2	ascii	retain	touch	4	60840.9	0	0	0	0	0	0	647
P2.2	ascii	retain	strs	4	679102	1.2468E+06	0.0655738	0	0	0	20278.7	61
P2.2	ascii	retain	host	4	2.24079E+06	2.18058E+06	0.166667	0.0555556	0	0	556222	18
P2.2	ascii	retain	hskip	4	848398	809784	0.04	0.02	0	0.04	27120	50
P2.2	ascii	retain	inc	4	2.30073E+06	2.34453E+06	0.142857	0.142857	0	0	294429	14
P2.2	ascii	retain	ref	4	2.27722E+06	2.18058E+06	0.0833333	0	0	0	377917	12
P2.2	ascii	retain	skip	4	1.05496E+06	809784	0.0714286	0.0357143	0	0	63321.4	28
P2.2	ascii	retain	noop	4	353171	0	0	0	0	0	0	62
P2.2	ascii	retain	parsev	5	657650	0	0	0	0	0	0	58
P2.2	ascii	retain	pparse	5	338934	0	0	0	0	0	0	121
P2.2	ascii	retain	touch	5	61826	0	0	0	0	0	0	647
P2.2	ascii	retain	strs	5	663098	1.2468E+06	0.0655738	0.0163934	0	0	34163.9	61
P2.2	ascii	retain	host	5	2.13997E+06	2.18058E+06	0.111111	0.0555556	0	0	490944	18
P2.2	ascii	retain	hskip	5	877288	809784	0.06	0.02	0	0	139140	50
P2.2	ascii	retain	inc	5	2.41522E+06	2.34453E+06	0.142857	0.0714286	0	0	404500	14
P2.2	ascii	retain	ref	5	2.24056E+06	2.18058E+06	0.0833333	0.0833333	0	0	384917	12
P2.2	ascii	retain	skip	5	977669	809784	0.0357143	0.0357143	0	0	41392.9	28
P2.2	ascii	retain	noop	5	356844	0	0	0	0	0	0	62
P2.2	ascii	retain	parse	5	331161	0	0	0	0	0	0	100
P2.2	ascii	retain	pparse	6	335595	0	0	0	0	0	0	121
P2.2	ascii	retain	touch	6	71722.5	0	0	0	0	0	0	647
P2.2	ascii	retain	strs	6	679722	1.2468E+06	0.0819672	0	0	0	47131.1	61
P2.2	ascii	retain	host	6	2.32008E+06	2.18058E+06	0.111111	0.0555556	0	0	823333	18
P2.2	ascii	retain	hskip	6	891493	809784	0.06	0.02	0	0	110840	50
P2.2	ascii	retain	inc	6	2.03834E+06	2.34453E+06	0.0714286	0.0714286	0	0	50214.3	14
P2.2	ascii	retain	ref	6	2.3163E+06	2.18058E+06	0.166667	0.0833333	0	0	389667	12
P2.2	ascii	retain	skip	6	1.00303E+06	809784	0.0357143	0	0	0	40214.3	28
P2.2	ascii	retain	noop	6	366948	0	0	0	0	0	0	62
P2.2	ascii	retain	parse	6	337232	0	0	0	0	0	0	100
P2.2	ascii	retain	parsev	6	662984	0	0	0	0	0	0	58
P2.2	ascii	drop	ref	1	1.96984E+06	2.18058E+06	0.0714286	0.0714286	0	0	77785.7	14
P2.2	ascii	drop	skip	1	955080	809784	0.05	0.025	0	0	33850	40
P2.2	ascii	drop	noop	1	347754	0	0	0	0	0	0	114
P2.2	ascii	drop	parse	1	330311	0	0	0	0	0	0	118
P2.2	ascii	drop	parsev	1	651629	0	0	0	0	0	0	61
P2.2	ascii	drop	pull	1	2.62313E+06	2.18058E+06	0.153846	0.0769231	0	0.384615	106769	13
P2.2	ascii	drop	pparse	1	370489	0	0	0	0	0	0	116
P2.2	ascii	drop	touch	1	65637.6	0	0	0	0	0	0	589
P2.2	ascii	drop	strs	1	651261	1.2468E+06	0.0655738	0	0	0	16426.2	61
P2.2	ascii	drop	host	1	2.14404E+06	2.18058E+06	0.15	0.1	0	0	519750	20
P2.2	ascii	drop	hskip	1	794387	809784	0.0416667	0.0208333	0	0	31083.3	48
P2.2	ascii	drop	inc	1	2.29722E+06	2.34453E+06	0.125	0.0625	0	0	266688	16
P2.2	ascii	drop	skip	2	988580	809784	0.05	0.025	0	0	31125	40
P2.2	ascii	drop	noop	2	352947	0	0	0	0	0	0	114
P2.2	ascii	drop	parse	2	342590	0	0	0	0	0	0	118
P2.2	ascii	drop	parsev	2	656919	0	0	0	0	0	0	61
P2.2	ascii	drop	pull	2	2.20313E+06	2.18058E+06	0.153846	0.0769231	0	0.153846	77769.2	13
P2.2	ascii	drop	pparse	2	407952	0	0	0	0	0.0344828	0	116
P2.2	ascii	drop	touch	2	66945.2	0	0	0	0	0	0	589
P2.2	ascii	drop	strs	2	757927	1.2468E+06	0.0655738	0.0163934	0	0	130148	61
P2.2	ascii	drop	host	2	2.07851E+06	2.18058E+06	0.15	0.1	0	0	460050	20
P2.2	ascii	drop	hskip	2	787276	809784	0.0416667	0.0208333	0	0	33708.3	48
P2.2	ascii	drop	inc	2	2.37426E+06	2.34453E+06	0.125	0.0625	0	0	416562	16
P2.2	ascii	drop	ref	2	2.23281E+06	2.18058E+06	0.142857	0.0714286	0	0.0714286	284786	14
P2.2	ascii	drop	noop	3	353600	0	0	0	0	0	0	114
P2.2	ascii	drop	parse	3	331112	0	0	0	0	0	0	118
P2.2	ascii	drop	parsev	3	650407	0	0	0	0	0	0	61
P2.2	ascii	drop	pull	3	2.50226E+06	2.18058E+06	0.153846	0.153846	0	0	702846	13
P2.2	ascii	drop	pparse	3	334853	0	0	0	0	0	0	116
P2.2	ascii	drop	touch	3	66241.5	0	0	0	0	0	0	589
P2.2	ascii	drop	strs	3	651686	1.2468E+06	0.0655738	0.0163934	0	0	18295.1	61
P2.2	ascii	drop	host	3	1.89867E+06	2.18058E+06	0.15	0.05	0	0	200300	20
P2.2	ascii	drop	hskip	3	809663	809784	0.0416667	0.0208333	0	0	38541.7	48
P2.2	ascii	drop	inc	3	2.42707E+06	2.34453E+06	0.125	0.125	0	0	447875	16
P2.2	ascii	drop	ref	3	2.58327E+06	2.18058E+06	0.142857	0.0714286	0	0	726143	14
P2.2	ascii	drop	skip	3	972168	809784	0.05	0.025	0	0	35000	40
P2.2	ascii	drop	parse	4	329741	0	0	0	0	0	0	118
P2.2	ascii	drop	parsev	4	654043	0	0	0	0	0	0	61
P2.2	ascii	drop	pull	4	2.19618E+06	2.18058E+06	0.0769231	0.0769231	0	0	395154	13
P2.2	ascii	drop	pparse	4	359332	0	0	0	0	0	0	116
P2.2	ascii	drop	touch	4	69217.5	0	0	0	0	0	0	589
P2.2	ascii	drop	strs	4	695831	1.2468E+06	0.0819672	0.0163934	0	0	22950.8	61
P2.2	ascii	drop	host	4	1.85021E+06	2.18058E+06	0.1	0.05	0	0	73650	20
P2.2	ascii	drop	hskip	4	902155	809784	0.0416667	0.0208333	0	0	48041.7	48
P2.2	ascii	drop	inc	4	2.52463E+06	2.34453E+06	0.1875	0.0625	0	0	537625	16
P2.2	ascii	drop	ref	4	2.20339E+06	2.18058E+06	0.0714286	0.0714286	0	0	370429	14
P2.2	ascii	drop	skip	4	995145	809784	0.05	0.025	0	0	91275	40
P2.2	ascii	drop	noop	4	354127	0	0	0	0	0	0	114
P2.2	ascii	drop	parsev	5	650789	0	0	0	0	0	0	61
P2.2	ascii	drop	pull	5	1.95755E+06	2.18058E+06	0.153846	0.0769231	0	0	196615	13
P2.2	ascii	drop	pparse	5	347561	0	0	0	0	0	0	116
P2.2	ascii	drop	touch	5	69091.8	0	0	0	0	0	0	589
P2.2	ascii	drop	strs	5	660599	1.2468E+06	0.0655738	0.0163934	0	0	18245.9	61
P2.2	ascii	drop	host	5	2.59606E+06	2.18058E+06	0.15	0.05	0	0.3	598200	20
P2.2	ascii	drop	hskip	5	860893	809784	0.0416667	0.0208333	0	0	34833.3	48
P2.2	ascii	drop	inc	5	2.79082E+06	2.34453E+06	0.125	0.0625	0	0	806562	16
P2.2	ascii	drop	ref	5	2.02751E+06	2.18058E+06	0.142857	0.0714286	0	0	149857	14
P2.2	ascii	drop	skip	5	1.01142E+06	809784	0.05	0.025	0	0	58525	40
P2.2	ascii	drop	noop	5	361259	0	0	0	0	0	0	114
P2.2	ascii	drop	parse	5	354420	0	0	0	0	0	0	118
P2.2	ascii	drop	pull	6	1.88743E+06	2.18058E+06	0.153846	0.0769231	0	0	99692.3	13
P2.2	ascii	drop	pparse	6	344164	0	0	0	0	0	0	116
P2.2	ascii	drop	touch	6	64659	0	0	0	0	0	0	589
P2.2	ascii	drop	strs	6	726497	1.2468E+06	0.0655738	0.0163934	0	0	45967.2	61
P2.2	ascii	drop	host	6	2.11503E+06	2.18058E+06	0.15	0.1	0	0	551800	20
P2.2	ascii	drop	hskip	6	789498	809784	0.0416667	0.0208333	0	0	25583.3	48
P2.2	ascii	drop	inc	6	2.26163E+06	2.34453E+06	0.125	0.0625	0	0	146062	16
P2.2	ascii	drop	ref	6	2.01292E+06	2.18058E+06	0.142857	0.0714286	0	0	68857.1	14
P2.2	ascii	drop	skip	6	1.14109E+06	809784	0.05	0.025	0	0	174450	40
P2.2	ascii	drop	noop	6	384067	0	0	0	0	0	0	114
P2.2	ascii	drop	parse	6	346010	0	0	0	0	0	0	118
P2.2	ascii	drop	parsev	6	670005	0	0	0	0	0	0	61
P2.2	latin1	retain	ref	1	2.51175E+06	2.18058E+06	0.0769231	0	0	0	69538.5	13
P2.2	latin1	retain	skip	1	1.01063E+06	809784	0.047619	0.0238095	0	0	27881	42
P2.2	latin1	retain	noop	1	374457	0	0	0	0	0	0	109
P2.2	latin1	retain	parse	1	348597	0	0	0	0	0	0	119
P2.2	latin1	retain	parsev	1	765332	0	0	0	0	0	0	42
P2.2	latin1	retain	pparse	1	353582	0	0	0	0	0	0	117
P2.2	latin1	retain	touch	1	76994.5	0	0	0	0	0	0	475
P2.2	latin1	retain	strs	1	1.23467E+06	1.2468E+06	0.0967742	0.0322581	0	0	26806.5	31
P2.2	latin1	retain	host	1	2.22361E+06	2.18058E+06	0.0714286	0	0	0	83571.4	14
P2.2	latin1	retain	hskip	1	842375	809784	0.0638298	0.0425532	0	0	59723.4	47
P2.2	latin1	retain	inc	1	2.59404E+06	2.34453E+06	0.1	0	0	0	47800	10
P2.2	latin1	retain	skip	2	1.12251E+06	809784	0.047619	0.0238095	0	0	237643	42
P2.2	latin1	retain	noop	2	372640	0	0	0	0	0	0	109
P2.2	latin1	retain	parse	2	357582	0	0	0	0	0	0	119
P2.2	latin1	retain	parsev	2	761061	0	0	0	0	0	0	42
P2.2	latin1	retain	pparse	2	360817	0	0	0	0	0	0	117
P2.2	latin1	retain	touch	2	72996.9	0	0	0	0	0	0	475
P2.2	latin1	retain	strs	2	1.19863E+06	1.2468E+06	0.0645161	0	0	0	18354.8	31
P2.2	latin1	retain	host	2	2.66221E+06	2.18058E+06	0.142857	0	0	0	489214	14
P2.2	latin1	retain	hskip	2	816210	809784	0.0425532	0.0212766	0	2.74468	28361.7	47
P2.2	latin1	retain	inc	2	2.60505E+06	2.34453E+06	0.1	0.1	0	0	44800	10
P2.2	latin1	retain	ref	2	2.76183E+06	2.18058E+06	0.153846	0.0769231	0	0	287615	13
P2.2	latin1	retain	noop	3	359564	0	0	0	0	0	0	109
P2.2	latin1	retain	parse	3	340441	0	0	0	0	0	0	119
P2.2	latin1	retain	parsev	3	752271	0	0	0	0	0	0	42
P2.2	latin1	retain	pparse	3	354387	0	0	0	0	0	0	117
P2.2	latin1	retain	touch	3	73910.8	0	0	0	0	0	0	475
P2.2	latin1	retain	strs	3	1.19409E+06	1.2468E+06	0.0645161	0	0	0	17096.8	31
P2.2	latin1	retain	host	3	2.30917E+06	2.18058E+06	0.142857	0.0714286	0	0	143857	14
P2.2	latin1	retain	hskip	3	810818	809784	0.0425532	0.0212766	0	0	42106.4	47
P2.2	latin1	retain	inc	3	3.0221E+06	2.34453E+06	0.2	0.1	0	0	542800	10
P2.2	latin1	retain	ref	3	2.61152E+06	2.18058E+06	0.0769231	0.0769231	0	0	192538	13
P2.2	latin1	retain	skip	3	966669	809784	0.047619	0.0238095	0	0	26190.5	42
P2.2	latin1	retain	parse	4	338459	0	0	0	0	0	0	119
P2.2	latin1	retain	parsev	4	748058	0	0	0	0	0	0	42
P2.2	latin1	retain	pparse	4	341101	0	0	0	0	0	0	117
P2.2	latin1	retain	touch	4	72407.3	0	0	0	0	0	0	475
P2.2	latin1	retain	strs	4	1.2036E+06	1.2468E+06	0.0967742	0.0322581	0	0	27483.9	31
P2.2	latin1	retain	host	4	2.33179E+06	2.18058E+06	0.0714286	0	0	0	174643	14
P2.2	latin1	retain	hskip	4	822654	809784	0.0425532	0.0212766	0	0	38595.7	47
P2.2	latin1	retain	inc	4	2.71188E+06	2.34453E+06	0.2	0.1	0	0	175600	10
P2.2	latin1	retain	ref	4	2.50001E+06	2.18058E+06	0.0769231	0.0769231	0	0	40923.1	13
P2.2	latin1	retain	skip	4	970010	809784	0.047619	0	0	0	37381	42
P2.2	latin1	retain	noop	4	359601	0	0	0	0	0	0	109
P2.2	latin1	retain	parsev	5	740348	0	0	0	0	0	0	42
P2.2	latin1	retain	pparse	5	338129	0	0	0	0	0	0	117
P2.2	latin1	retain	touch	5	62068.1	0	0	0	0	0	0	475
P2.2	latin1	retain	strs	5	1.19223E+06	1.2468E+06	0.0967742	0.0322581	0	0	25387.1	31
P2.2	latin1	retain	host	5	2.18184E+06	2.18058E+06	0.0714286	0	0	0	54571.4	14
P2.2	latin1	retain	hskip	5	803909	809784	0.0638298	0.0425532	0	0	40191.5	47
P2.2	latin1	retain	inc	5	2.99954E+06	2.34453E+06	0.1	0	0	0	538400	10
P2.2	latin1	retain	ref	5	2.93609E+06	2.18058E+06	0.153846	0.153846	0	0	517308	13
P2.2	latin1	retain	skip	5	1.03332E+06	809784	0.047619	0	0	0	46333.3	42
P2.2	latin1	retain	noop	5	356198	0	0	0	0	0	0	109
P2.2	latin1	retain	parse	5	336452	0	0	0	0	0	0	119
P2.2	latin1	retain	pparse	6	352376	0	0	0	0	0	0	117
P2.2	latin1	retain	touch	6	66450.8	0	0	0	0	0	0	475
P2.2	latin1	retain	strs	6	1.23888E+06	1.2468E+06	0.0645161	0.0322581	0	0	47709.7	31
P2.2	latin1	retain	host	6	2.76951E+06	2.18058E+06	0.142857	0.0714286	0	0	570571	14
P2.2	latin1	retain	hskip	6	819334	809784	0.0425532	0.0212766	0	0	43404.3	47
P2.2	latin1	retain	inc	6	3.38906E+06	2.34453E+06	0.1	0.1	0	0	638100	10
P2.2	latin1	retain	ref	6	2.85697E+06	2.18058E+06	0.153846	0.0769231	0	0	388615	13
P2.2	latin1	retain	skip	6	958549	809784	0.047619	0.0238095	0	0	28000	42
P2.2	latin1	retain	noop	6	363913	0	0	0	0	0	0	109
P2.2	latin1	retain	parse	6	332945	0	0	0	0	0	0	119
P2.2	latin1	retain	parsev	6	765498	0	0	0	0	0	0	42
P2.2	latin1	drop	ref	1	2.84533E+06	2.18058E+06	0.166667	0.0833333	0	0	297083	12
P2.2	latin1	drop	skip	1	975490	809784	0.0322581	0.0322581	0	0	34967.7	31
P2.2	latin1	drop	noop	1	354412	0	0	0	0	0	0	106
P2.2	latin1	drop	parse	1	354937	0	0	0	0	0	0	119
P2.2	latin1	drop	parsev	1	744539	0	0	0	0	0	0	47
P2.2	latin1	drop	pull	1	2.37272E+06	2.18058E+06	0.1	0	0	0	88300	10
P2.2	latin1	drop	pparse	1	339071	0	0	0	0	0	0	105
P2.2	latin1	drop	touch	1	61460.4	0	0	0	0	0	0	487
P2.2	latin1	drop	strs	1	1.22417E+06	1.2468E+06	0.133333	0.0666667	0	0	39600	15
P2.2	latin1	drop	host	1	2.21143E+06	2.18058E+06	0.0714286	0	0	0	85428.6	14
P2.2	latin1	drop	hskip	1	815397	809784	0.0576923	0.0384615	0	0	50211.5	52
P2.2	latin1	drop	inc	1	2.99526E+06	2.34453E+06	0.133333	0.0666667	0	0	602667	15
P2.2	latin1	drop	skip	2	1.01055E+06	809784	0.0322581	0.0322581	0	0	29709.7	31
P2.2	latin1	drop	noop	2	364405	0	0	0	0	0	0	106
P2.2	latin1	drop	parse	2	334618	0	0	0	0	0	0	119
P2.2	latin1	drop	parsev	2	773769	0	0	0	0	0	0	47
P2.2	latin1	drop	pull	2	3.23743E+06	2.18058E+06	0.2	0.1	0	0	1.3172E+06	10
P2.2	latin1	drop	pparse	2	336960	0	0	0	0	0	0	105
P2.2	latin1	drop	touch	2	61495.9	0	0	0	0	0	0	487
P2.2	latin1	drop	strs	2	1.17329E+06	1.2468E+06	0.0666667	0.0666667	0	0	22133.3	15
P2.2	latin1	drop	host	2	2.44334E+06	2.18058E+06	0.0714286	0	0	0	327714	14
P2.2	latin1	drop	hskip	2	785173	809784	0.0576923	0.0384615	0	0	37538.5	52
P2.2	latin1	drop	inc	2	2.80328E+06	2.34453E+06	0.133333	0.0666667	0	0	372533	15
P2.2	latin1	drop	ref	2	2.42319E+06	2.18058E+06	0.0833333	0	0	0	30250	12
P2.2	latin1	drop	noop	3	358413	0	0	0	0	0	0	106
P2.2	latin1	drop	parse	3	332997	0	0	0	0	0	0	119
P2.2	latin1	drop	parsev	3	739097	0	0	0	0	0	0	47
P2.2	latin1	drop	pull	3	3.16298E+06	2.18058E+06	0.2	0.1	0	0	902000	10
P2.2	latin1	drop	pparse	3	337835	0	0	0	0	0	0	105
P2.2	latin1	drop	touch	3	63396.3	0	0	0	0	0	0	487
P2.2	latin1	drop	strs	3	1.18507E+06	1.2468E+06	0.0666667	0.0666667	0	0	22733.3	15
P2.2	latin1	drop	host	3	2.65297E+06	2.18058E+06	0.142857	0	0	0	531429	14
P2.2	latin1	drop	hskip	3	830286	809784	0.0384615	0.0192308	0	2.48077	29115.4	52
P2.2	latin1	drop	inc	3	2.63573E+06	2.34453E+06	0.133333	0.0666667	0	0	139333	15
P2.2	latin1	drop	ref	3	2.47609E+06	2.18058E+06	0.0833333	0.0833333	0	0	42416.7	12
P2.2	latin1	drop	skip	3	972139	809784	0.0645161	0	0	0	53129	31
P2.2	latin1	drop	parse	4	335542	0	0	0	0	0	0	119
P2.2	latin1	drop	parsev	4	733443	0	0	0	0	0	0	47
P2.2	latin1	drop	pull	4	2.39974E+06	2.18058E+06	0.1	0.1	0	0	106300	10
P2.2	latin1	drop	pparse	4	339735	0	0	0	0	0	0	105
P2.2	latin1	drop	touch	4	65742.7	0	0	0	0	0	0	487
P2.2	latin1	drop	strs	4	1.25603E+06	1.2468E+06	0.0666667	0	0	0	21266.7	15
P2.2	latin1	drop	host	4	2.4375E+06	2.18058E+06	0.142857	0.0714286	0	0	404429	14
P2.2	latin1	drop	hskip	4	821446	809784	0.0576923	0.0192308	0	0	52846.2	52
P2.2	latin1	drop	inc	4	2.78644E+06	2.34453E+06	0.133333	0.0666667	0	0	299133	15
P2.2	latin1	drop	ref	4	2.55562E+06	2.18058E+06	0.0833333	0.0833333	0	0	134167	12
P2.2	latin1	drop	skip	4	1.02581E+06	809784	0.0645161	0	0	0	85225.8	31
P2.2	latin1	drop	noop	4	363291	0	0	0	0	0	0	106
P2.2	latin1	drop	parsev	5	747414	0	0	0	0	0	0	47
P2.2	latin1	drop	pull	5	2.71224E+06	2.18058E+06	0.1	0.1	0	0	573500	10
P2.2	latin1	drop	pparse	5	349301	0	0	0	0	0	0	105
P2.2	latin1	drop	touch	5	65339.5	0	0	0	0	0	0	487
P2.2	latin1	drop	strs	5	1.2591E+06	1.2468E+06	0.0666667	0.0666667	0	0	20933.3	15
P2.2	latin1	drop	host	5	2.75402E+06	2.18058E+06	0.142857	0.0714286	0	0	932214	14
P2.2	latin1	drop	hskip	5	786765	809784	0.0384615	0.0192308	0	0	27942.3	52
P2.2	latin1	drop	inc	5	2.63338E+06	2.34453E+06	0.133333	0.0666667	0	0	134267	15
P2.2	latin1	drop	ref	5	3.21796E+06	2.18058E+06	0.166667	0.166667	0	0	785417	12
P2.2	latin1	drop	skip	5	991616	809784	0.0322581	0.0322581	0	0	21032.3	31
P2.2	latin1	drop	noop	5	383780	0	0	0	0	0	0	106
P2.2	latin1	drop	parse	5	334341	0	0	0	0	0	0	119
P2.2	latin1	drop	pull	6	2.35658E+06	2.18058E+06	0.1	0	0	0	80200	10
P2.2	latin1	drop	pparse	6	337587	0	0	0	0	0	0	105
P2.2	latin1	drop	touch	6	66944.6	0	0	0	0	0	0	487
P2.2	latin1	drop	strs	6	1.19118E+06	1.2468E+06	0.0666667	0.0666667	0	0	19666.7	15
P2.2	latin1	drop	host	6	2.30852E+06	2.18058E+06	0.142857	0.0714286	0	0	177857	14
P2.2	latin1	drop	hskip	6	836229	809784	0.0576923	0.0192308	0	0	55807.7	52
P2.2	latin1	drop	inc	6	2.75322E+06	2.34453E+06	0.133333	0.0666667	0	0	284333	15
P2.2	latin1	drop	ref	6	2.4769E+06	2.18058E+06	0.0833333	0.0833333	0	0	101500	12
P2.2	latin1	drop	skip	6	1.08901E+06	809784	0.0645161	0	0	0	155387	31
P2.2	latin1	drop	noop	6	354474	0	0	0	0	0	0	106
P2.2	latin1	drop	parse	6	357410	0	0	0	0	0	0	119
P2.2	latin1	drop	parsev	6	764032	0	0	0	0	0	0	47
P2.2	wide	retain	ref	1	3.55177E+06	2.18058E+06	0.0833333	0.0833333	0	0	379000	12
P2.2	wide	retain	skip	1	967663	809784	0.0512821	0.025641	0	0	38256.4	39
P2.2	wide	retain	noop	1	359563	0	0	0	0	0	0	108
P2.2	wide	retain	parse	1	339623	0	0	0	0	0	0	117
P2.2	wide	retain	parsev	1	792167	0	0	0	0	0	0	50
P2.2	wide	retain	pparse	1	344014	0	0	0	0	0	0	117
P2.2	wide	retain	touch	1	65161.3	0	0	0	0	0	0	647
P2.2	wide	retain	strs	1	1.82469E+06	1.2468E+06	0.0952381	0.047619	0	0	30000	21
P2.2	wide	retain	host	1	3.25672E+06	2.18058E+06	0.0833333	0	0	0	351583	12
P2.2	wide	retain	hskip	1	802922	809784	0.0434783	0.0217391	0	0	25326.1	46
P2.2	wide	retain	inc	1	3.71469E+06	2.34453E+06	0.222222	0.111111	0	0	467333	9
P2.2	wide	retain	skip	2	1.00672E+06	809784	0.0512821	0.025641	0	0	36512.8	39
P2.2	wide	retain	noop	2	359199	0	0	0	0	0	0	108
P2.2	wide	retain	parse	2	340528	0	0	0	0	0	0	117
P2.2	wide	retain	parsev	2	795239	0	0	0	0	0	0	50
P2.2	wide	retain	pparse	2	344217	0	0	0	0	0	0	117
P2.2	wide	retain	touch	2	65048.8	0	0	0	0	0	0	647
P2.2	wide	retain	strs	2	1.83199E+06	1.2468E+06	0.047619	0.047619	0	0	14666.7	21
P2.2	wide	retain	host	2	3.68291E+06	2.18058E+06	0.166667	0.0833333	0	0.333333	511500	12
P2.2	wide	retain	hskip	2	788334	809784	0.0434783	0.0217391	0	0	25043.5	46
P2.2	wide	retain	inc	2	3.74795E+06	2.34453E+06	0.111111	0.111111	0	0	534000	9
P2.2	wide	retain	ref	2	3.17311E+06	2.18058E+06	0.0833333	0.0833333	0	0	116583	12
P2.2	wide	retain	noop	3	360905	0	0	0	0	0	0	108
P2.2	wide	retain	parse	3	338591	0	0	0	0	0	0	117
P2.2	wide	retain	parsev	3	783366	0	0	0	0	0	0	50
P2.2	wide	retain	pparse	3	340292	0	0	0	0	0	0	117
P2.2	wide	retain	touch	3	63654.5	0	0	0	0	0	0	647
P2.2	wide	retain	strs	3	1.82643E+06	1.2468E+06	0.0952381	0	0	0	29238.1	21
P2.2	wide	retain	host	3	2.79954E+06	2.18058E+06	0.0833333	0	0	0	56333.3	12
P2.2	wide	retain	hskip	3	797098	809784	0.0652174	0.0434783	0	0	54260.9	46
P2.2	wide	retain	inc	3	3.20517E+06	2.34453E+06	0.111111	0	0	0	117222	9
P2.2	wide	retain	ref	3	3.49547E+06	2.18058E+06	0.0833333	0.0833333	0	0	408333	12
P2.2	wide	retain	skip	3	960157	809784	0.0512821	0.025641	0	0	41846.2	39
P2.2	wide	retain	parse	4	334111	0	0	0	0	0	0	117
P2.2	wide	retain	parsev	4	788671	0	0	0	0	0	0	50
P2.2	wide	retain	pparse	4	336235	0	0	0	0	0	0	117
P2.2	wide	retain	touch	4	61048.8	0	0	0	0	0	0	647
P2.2	wide	retain	strs	4	1.89595E+06	1.2468E+06	0.0952381	0.047619	0	0	28095.2	21
P2.2	wide	retain	host	4	2.89791E+06	2.18058E+06	0.0833333	0	0	0	31333.3	12
P2.2	wide	retain	hskip	4	900068	809784	0.0434783	0.0217391	0	0	145565	46
P2.2	wide	retain	inc	4	3.56475E+06	2.34453E+06	0.222222	0.111111	0	0	406889	9
P2.2	wide	retain	ref	4	3.41266E+06	2.18058E+06	0.0833333	0	0	0	310583	12
P2.2	wide	retain	skip	4	1.03057E+06	809784	0.0512821	0.025641	0	0	46384.6	39
P2.2	wide	retain	noop	4	366059	0	0	0	0	0	0	108
P2.2	wide	retain	parsev	5	801750	0	0	0	0	0	0	50
P2.2	wide	retain	pparse	5	355797	0	0	0	0	0	0	117
P2.2	wide	retain	touch	5	67060.7	0	0	0	0	0	0	647
P2.2	wide	retain	strs	5	1.8749E+06	1.2468E+06	0.0952381	0.047619	0	0	37285.7	21
P2.2	wide	retain	host	5	3.19812E+06	2.18058E+06	0.0833333	0	0	0	373167	12
P2.2	wide	retain	hskip	5	792503	809784	0.0434783	0.0217391	0	0	32326.1	46
P2.2	wide	retain	inc	5	3.38095E+06	2.34453E+06	0.111111	0.111111	0	0	146889	9
P2.2	wide	retain	ref	5	3.94324E+06	2.18058E+06	0.166667	0.0833333	0	0	735667	12
P2.2	wide	retain	skip	5	1.03434E+06	809784	0.0512821	0.025641	0	0	42641	39
P2.2	wide	retain	noop	5	362044	0	0	0	0	0	0	108
P2.2	wide	retain	parse	5	349007	0	0	0	0	0	0	117
P2.2	wide	retain	pparse	6	347807	0	0	0	0	0	0	117
P2.2	wide	retain	touch	6	76432.9	0	0	0	0	0	0	647
P2.2	wide	retain	strs	6	1.8376E+06	1.2468E+06	0.047619	0.047619	0	0	15142.9	21
P2.2	wide	retain	host	6	3.68148E+06	2.18058E+06	0.166667	0.0833333	0	0	863583	12
P2.2	wide	retain	hskip	6	820229	809784	0.0434783	0.0217391	0	0	29195.7	46
P2.2	wide	retain	inc	6	3.27862E+06	2.34453E+06	0.111111	0.111111	0	0	62222.2	9
P2.2	wide	retain	ref	6	3.69927E+06	2.18058E+06	0.166667	0.0833333	0	0	570583	12
P2.2	wide	retain	skip	6	973807	809784	0.0512821	0.025641	0	0	44692.3	39
P2.2	wide	retain	noop	6	356050	0	0	0	0	0	0	108
P2.2	wide	retain	parse	6	336158	0	0	0	0	0	0	117
P2.2	wide	retain	parsev	6	808687	0	0	0	0	0	0	50
P2.2	wide	drop	ref	1	3.94652E+06	2.18058E+06	0.111111	0	0	0	820222	9
P2.2	wide	drop	skip	1	1.10818E+06	809784	0.0512821	0.025641	0	0	64282.1	39
P2.2	wide	drop	noop	1	374014	0	0	0	0	0	0	108
P2.2	wide	drop	parse	1	356417	0	0	0	0	0	0	90
P2.2	wide	drop	parsev	1	789933	0	0	0	0	0	0	31
P2.2	wide	drop	pull	1	3.24501E+06	2.18058E+06	0.0909091	0.0909091	0	0	82909.1	11
P2.2	wide	drop	pparse	1	361040	0	0	0	0	0	0	118
P2.2	wide	drop	touch	1	60440.3	0	0	0	0	0	0	582
P2.2	wide	drop	strs	1	1.87402E+06	1.2468E+06	0.0526316	0	0	0	17894.7	19
P2.2	wide	drop	host	1	3.29635E+06	2.18058E+06	0.153846	0	0	0	207000	13
P2.2	wide	drop	hskip	1	819830	809784	0.0487805	0.0243902	0	0	49024.4	41
P2.2	wide	drop	inc	1	3.33448E+06	2.34453E+06	0.0909091	0.0909091	0	0	76909.1	11
P2.2	wide	drop	skip	2	1.06546E+06	809784	0.0512821	0.025641	0	0	59538.5	39
P2.2	wide	drop	noop	2	401837	0	0	0	0	0	0	108
P2.2	wide	drop	parse	2	346467	0	0	0	0	0	0	90
P2.2	wide	drop	parsev	2	801486	0	0	0	0	0	0	31
P2.2	wide	drop	pull	2	3.74362E+06	2.18058E+06	0.181818	0.0909091	0	0	867545	11
P2.2	wide	drop	pparse	2	367320	0	0	0	0	0	0	118
P2.2	wide	drop	touch	2	60376.4	0	0	0	0	0	0	582
P2.2	wide	drop	strs	2	1.82837E+06	1.2468E+06	0.0526316	0.0526316	0	0	14263.2	19
P2.2	wide	drop	host	2	3.27102E+06	2.18058E+06	0.153846	0.0769231	0	0	461385	13
P2.2	wide	drop	hskip	2	798577	809784	0.0487805	0.0243902	0	0	38878	41
P2.2	wide	drop	inc	2	3.62323E+06	2.34453E+06	0.0909091	0	0	0	466909	11
P2.2	wide	drop	ref	2	3.21688E+06	2.18058E+06	0.111111	0.111111	0	0	108778	9
P2.2	wide	drop	noop	3	361149	0	0	0	0	0	0	108
P2.2	wide	drop	parse	3	333906	0	0	0	0	0	0	90
P2.2	wide	drop	parsev	3	785731	0	0	0	0	0	0	31
P2.2	wide	drop	pull	3	3.12239E+06	2.18058E+06	0.181818	0.0909091	0	0	128727	11
P2.2	wide	drop	pparse	3	342741	0	0	0	0	0	0	118
P2.2	wide	drop	touch	3	58146.3	0	0	0	0	0	0	582
P2.2	wide	drop	strs	3	1.81414E+06	1.2468E+06	0.0526316	0	0	0	15526.3	19
P2.2	wide	drop	host	3	2.98368E+06	2.18058E+06	0.153846	0	0	0	234231	13
P2.2	wide	drop	hskip	3	800612	809784	0.0487805	0.0243902	0	0	50146.3	41
P2.2	wide	drop	inc	3	3.37426E+06	2.34453E+06	0.0909091	0.0909091	0	0	286364	11
P2.2	wide	drop	ref	3	3.61792E+06	2.18058E+06	0.111111	0.111111	0	0	551778	9
P2.2	wide	drop	skip	3	954351	809784	0.0512821	0.025641	0	0	38410.3	39
P2.2	wide	drop	parse	4	344695	0	0	0	0	0	0	90
P2.2	wide	drop	parsev	4	789805	0	0	0	0	0	0	31
P2.2	wide	drop	pull	4	3.39391E+06	2.18058E+06	0.0909091	0	0	0	378818	11
P2.2	wide	drop	pparse	4	344091	0	0	0	0	0	0	118
P2.2	wide	drop	touch	4	58829.2	0	0	0	0	0	0	582
P2.2	wide	drop	strs	4	1.84701E+06	1.2468E+06	0.105263	0.0526316	0	0	29736.8	19
P2.2	wide	drop	host	4	3.0793E+06	2.18058E+06	0.0769231	0	0	0	296923	13
P2.2	wide	drop	hskip	4	820978	809784	0.0487805	0.0243902	0	0	54634.1	41
P2.2	wide	drop	inc	4	3.56893E+06	2.34453E+06	0.181818	0.0909091	0	0	427545	11
P2.2	wide	drop	ref	4	3.23703E+06	2.18058E+06	0.111111	0.111111	0	0	84777.8	9
P2.2	wide	drop	skip	4	1.0786E+06	809784	0.0512821	0	0	0	139897	39
P2.2	wide	drop	noop	4	362591	0	0	0	0	0	0	108
P2.2	wide	drop	parsev	5	811208	0	0	0	0	0	0	31
P2.2	wide	drop	pull	5	3.27708E+06	2.18058E+06	0.0909091	0.0909091	0	0	122273	11
P2.2	wide	drop	pparse	5	368328	0	0	0	0	0	0	118
P2.2	wide	drop	touch	5	79525.9	0	0	0	0	0	0	582
P2.2	wide	drop	strs	5	1.93187E+06	1.2468E+06	0.105263	0	0	0	28684.2	19
P2.2	wide	drop	host	5	3.04667E+06	2.18058E+06	0.0769231	0	0	0	86307.7	13
P2.2	wide	drop	hskip	5	816345	809784	0.0487805	0.0243902	0	0	22780.5	41
P2.2	wide	drop	inc	5	4.09426E+06	2.34453E+06	0.181818	0.181818	0	0	887455	11
P2.2	wide	drop	ref	5	3.62967E+06	2.18058E+06	0.111111	0.111111	0	0	349333	9
P2.2	wide	drop	skip	5	1.03419E+06	809784	0.0512821	0.025641	0	0	48564.1	39
P2.2	wide	drop	noop	5	360446	0	0	0	0	0	0	108
P2.2	wide	drop	parse	5	342227	0	0	0	0	0	0	90
P2.2	wide	drop	pull	6	3.00876E+06	2.18058E+06	0.0909091	0.0909091	0	0	45272.7	11
P2.2	wide	drop	pparse	6	339121	0	0	0	0	0	0	118
P2.2	wide	drop	touch	6	56069.5	0	0	0	0	0	0	582
P2.2	wide	drop	strs	6	1.80206E+06	1.2468E+06	0.0526316	0	0	0	14315.8	19
P2.2	wide	drop	host	6	3.29535E+06	2.18058E+06	0.153846	0	0	0	508385	13
P2.2	wide	drop	hskip	6	792989	809784	0.0487805	0.0243902	0	0	40536.6	41
P2.2	wide	drop	inc	6	3.18116E+06	2.34453E+06	0.0909091	0.0909091	0	0	59454.5	11
P2.2	wide	drop	ref	6	3.54878E+06	2.18058E+06	0.222222	0.111111	0	0	478000	9
P2.2	wide	drop	skip	6	936393	809784	0.025641	0	0	0	27666.7	39
P2.2	wide	drop	noop	6	357912	0	0	0	0	0	0	108
P2.2	wide	drop	parse	6	345064	0	0	0	0	0	0	90
P2.2	wide	drop	parsev	6	791847	0	0	0	0	0	0	31
P2.3	ascii	retain	ref	1	1.50659E+06	2.10116E+06	0.130435	0.130435	0	0	192348	23
P2.3	ascii	retain	skip	1	493219	462592	0.0235294	0	0	0	14223.5	85
P2.3	ascii	retain	noop	1	177238	0	0	0	0	0	0	229
P2.3	ascii	retain	parse	1	171239	0	0	0	0	0	0	236
P2.3	ascii	retain	parsev	1	375595	0	0	0	0	0	0	106
P2.3	ascii	retain	pparse	1	172570	0	0	0	0	0	0	233
P2.3	ascii	retain	touch	1	42498	0	0	0	0	0	0	792
P2.3	ascii	retain	strs	1	649488	1.60757E+06	0.0967742	0.016129	0	0	28016.1	62
P2.3	ascii	retain	host	1	1.39612E+06	2.10116E+06	0.103448	0.0344828	0	0	125793	29
P2.3	ascii	retain	hskip	1	419761	462592	0.032967	0.010989	0	0	17054.9	91
P2.3	ascii	retain	inc	1	1.37825E+06	2.0981E+06	0.111111	0.0740741	0	0	91074.1	27
P2.3	ascii	retain	skip	2	482396	462592	0.0235294	0	0	0	13611.8	85
P2.3	ascii	retain	noop	2	184501	0	0	0	0	0	0	229
P2.3	ascii	retain	parse	2	183406	0	0	0	0	0	0	236
P2.3	ascii	retain	parsev	2	370306	0	0	0	0	0	0	106
P2.3	ascii	retain	pparse	2	178356	0	0	0	0	0	0	233
P2.3	ascii	retain	touch	2	47970.4	0	0	0	0	0	0	792
P2.3	ascii	retain	strs	2	652688	1.60757E+06	0.0967742	0.016129	0	0	27967.7	62
P2.3	ascii	retain	host	2	1.44501E+06	2.10116E+06	0.137931	0.0689655	0	0	234310	29
P2.3	ascii	retain	hskip	2	422384	462592	0.021978	0.010989	0	0	11076.9	91
P2.3	ascii	retain	inc	2	1.4481E+06	2.0981E+06	0.111111	0.0740741	0	0	162667	27
P2.3	ascii	retain	ref	2	1.40913E+06	2.10116E+06	0.130435	0.0869565	0	0	116000	23
P2.3	ascii	retain	noop	3	179569	0	0	0	0	0	0	229
P2.3	ascii	retain	parse	3	176242	0	0	0	0	0	0	236
P2.3	ascii	retain	parsev	3	371528	0	0	0	0	0	0	106
P2.3	ascii	retain	pparse	3	170596	0	0	0	0	0	0	233
P2.3	ascii	retain	touch	3	40503.8	0	0	0	0	0	0	792
P2.3	ascii	retain	strs	3	595336	1.60757E+06	0.0967742	0.016129	0	0	18645.2	62
P2.3	ascii	retain	host	3	1.33381E+06	2.10116E+06	0.103448	0.0689655	0	0	193138	29
P2.3	ascii	retain	hskip	3	409656	462592	0.032967	0.010989	0	0	17329.7	91
P2.3	ascii	retain	inc	3	1.4065E+06	2.0981E+06	0.111111	0.037037	0	0	167185	27
P2.3	ascii	retain	ref	3	1.54842E+06	2.10116E+06	0.130435	0.0869565	0	0	250522	23
P2.3	ascii	retain	skip	3	482491	462592	0.0235294	0.0117647	0	0	11352.9	85
P2.3	ascii	retain	parse	4	172346	0	0	0	0	0	0	236
P2.3	ascii	retain	parsev	4	366027	0	0	0	0	0	0	106
P2.3	ascii	retain	pparse	4	166443	0	0	0	0	0	0	233
P2.3	ascii	retain	touch	4	43586.3	0	0	0	0	0	0	792
P2.3	ascii	retain	strs	4	645899	1.60757E+06	0.0967742	0.016129	0	0	29209.7	62
P2.3	ascii	retain	host	4	1.32101E+06	2.10116E+06	0.103448	0.0689655	0	0	138448	29
P2.3	ascii	retain	hskip	4	416046	462592	0.032967	0.010989	0	0	18329.7	91
P2.3	ascii	retain	inc	4	1.49878E+06	2.0981E+06	0.111111	0.037037	0	0	232593	27
P2.3	ascii	retain	ref	4	1.64808E+06	2.10116E+06	0.130435	0.130435	0	0	353174	23
P2.3	ascii	retain	skip	4	477139	462592	0.0235294	0.0117647	0	0	8200	85
P2.3	ascii	retain	noop	4	176199	0	0	0	0	0	0	229
P2.3	ascii	retain	parsev	5	369207	0	0	0	0	0	0	106
P2.3	ascii	retain	pparse	5	177469	0	0	0	0	0	0	233
P2.3	ascii	retain	touch	5	44693.8	0	0	0	0	0	0	792
P2.3	ascii	retain	strs	5	616605	1.60757E+06	0.0967742	0.016129	0	0	26241.9	62
P2.3	ascii	retain	host	5	1.46345E+06	2.10116E+06	0.137931	0.0689655	0	0	259483	29
P2.3	ascii	retain	hskip	5	424243	462592	0.021978	0.010989	0	0	12956	91
P2.3	ascii	retain	inc	5	1.57778E+06	2.0981E+06	0.111111	0.037037	0	0	268704	27
P2.3	ascii	retain	ref	5	1.47365E+06	2.10116E+06	0.130435	0.130435	0	0	223957	23
P2.3	ascii	retain	skip	5	487201	462592	0.0235294	0	0	0	10776.5	85
P2.3	ascii	retain	noop	5	181359	0	0	0	0	0	0	229
P2.3	ascii	retain	parse	5	175672	0	0	0	0	0	0	236
P2.3	ascii	retain	pparse	6	170248	0	0	0	0	0	0	233
P2.3	ascii	retain	touch	6	45401.4	0	0	0	0	0	0	792
P2.3	ascii	retain	strs	6	648430	1.60757E+06	0.0967742	0.016129	0	0	23419.4	62
P2.3	ascii	retain	host	6	1.46337E+06	2.10116E+06	0.137931	0.0689655	0	0	224655	29
P2.3	ascii	retain	hskip	6	418166	462592	0.021978	0.010989	0	0	8076.92	91
P2.3	ascii	retain	inc	6	1.33319E+06	2.0981E+06	0.111111	0.037037	0	0	80740.7	27
P2.3	ascii	retain	ref	6	1.47125E+06	2.10116E+06	0.130435	0.130435	0	0	215348	23
P2.3	ascii	retain	skip	6	477934	462592	0.0235294	0	0	0	13611.8	85
P2.3	ascii	retain	noop	6	184060	0	0	0	0	0	0	229
P2.3	ascii	retain	parse	6	174640	0	0	0	0	0	0	236
P2.3	ascii	retain	parsev	6	386754	0	0	0	0	0	0	106
P2.3	ascii	drop	ref	1	1.39922E+06	2.10116E+06	0.103448	0.0689655	0	0	171241	29
P2.3	ascii	drop	skip	1	475016	462592	0.0246914	0.0123457	0	0	10172.8	81
P2.3	ascii	drop	noop	1	178723	0	0	0	0	0	0	218
P2.3	ascii	drop	parse	1	180349	0	0	0	0	0	0	233
P2.3	ascii	drop	parsev	1	382436	0	0	0	0	0	0	104
P2.3	ascii	drop	pull	1	1.41685E+06	2.10116E+06	0.133333	0.0666667	0	0	202467	30
P2.3	ascii	drop	pparse	1	176747	0	0	0	0	0	0	231
P2.3	ascii	drop	touch	1	50522	0	0	0	0	0	0	907
P2.3	ascii	drop	strs	1	601569	1.60757E+06	0.0923077	0.0153846	0	0	20123.1	65
P2.3	ascii	drop	host	1	1.43084E+06	2.10116E+06	0.130435	0.0869565	0	0	272217	23
P2.3	ascii	drop	hskip	1	409453	462592	0.030303	0.010101	0	0	14636.4	99
P2.3	ascii	drop	inc	1	1.29002E+06	2.0981E+06	0.0952381	0.047619	0	0	51571.4	21
P2.3	ascii	drop	skip	2	465327	462592	0.0246914	0.0123457	0	0	9617.28	81
P2.3	ascii	drop	noop	2	181754	0	0	0	0	0	0	218
P2.3	ascii	drop	parse	2	171395	0	0	0	0	0	0	233
P2.3	ascii	drop	parsev	2	370959	0	0	0	0	0	0	104
P2.3	ascii	drop	pull	2	1.29427E+06	2.10116E+06	0.133333	0.0666667	0	0	116300	30
P2.3	ascii	drop	pparse	2	167014	0	0	0	0	0	0	231
P2.3	ascii	drop	touch	2	42819.7	0	0	0	0	0	0	907
P2.3	ascii	drop	strs	2	583618	1.60757E+06	0.0923077	0.0153846	0	0	18800	65
P2.3	ascii	drop	host	2	1.34188E+06	2.10116E+06	0.130435	0.0869565	0	0	195000	23
P2.3	ascii	drop	hskip	2	413021	462592	0.030303	0.010101	0	0	13262.6	99
P2.3	ascii	drop	inc	2	1.41684E+06	2.0981E+06	0.0952381	0.0952381	0	0	147143	21
P2.3	ascii	drop	ref	2	1.52985E+06	2.10116E+06	0.137931	0.103448	0	0	229103	29
P2.3	ascii	drop	noop	3	177932	0	0	0	0	0	0	218
P2.3	ascii	drop	parse	3	170708	0	0	0	0	0	0	233
P2.3	ascii	drop	parsev	3	377932	0	0	0	0	0	0	104
P2.3	ascii	drop	pull	3	1.28116E+06	2.10116E+06	0.1	0.0666667	0	0	89466.7	30
P2.3	ascii	drop	pparse	3	167440	0	0	0	0	0	0	231
P2.3	ascii	drop	touch	3	43244.5	0	0	0	0	0	0	907
P2.3	ascii	drop	strs	3	735815	1.60757E+06	0.0923077	0.0153846	0	0	23353.8	65
P2.3	ascii	drop	host	3	1.28028E+06	2.10116E+06	0.130435	0.0869565	0	0	131174	23
P2.3	ascii	drop	hskip	3	447954	462592	0.030303	0.020202	0	0	12636.4	99
P2.3	ascii	drop	inc	3	1.42503E+06	2.0981E+06	0.0952381	0.047619	0	0	184571	21
P2.3	ascii	drop	ref	3	1.47348E+06	2.10116E+06	0.137931	0.0689655	0	0	222724	29
P2.3	ascii	drop	skip	3	461719	462592	0.0246914	0.0123457	0	0	10222.2	81
P2.3	ascii	drop	parse	4	173109	0	0	0	0	0	0	233
P2.3	ascii	drop	parsev	4	368260	0	0	0	0	0	0	104
P2.3	ascii	drop	pull	4	1.47135E+06	2.10116E+06	0.133333	0.0666667	0	0	268133	30
P2.3	ascii	drop	pparse	4	167034	0	0	0	0	0	0	231
P2.3	ascii	drop	touch	4	43022	0	0	0	0	0	0	907
P2.3	ascii	drop	strs	4	582955	1.60757E+06	0.0923077	0.0153846	0	0	19800	65
P2.3	ascii	drop	host	4	1.3531E+06	2.10116E+06	0.130435	0.0434783	0	0	221304	23
P2.3	ascii	drop	hskip	4	397236	462592	0.020202	0.010101	0	0	10000	99
P2.3	ascii	drop	inc	4	1.40885E+06	2.0981E+06	0.142857	0.047619	0	0	152238	21
P2.3	ascii	drop	ref	4	1.35699E+06	2.10116E+06	0.103448	0.0689655	0	0	129241	29
P2.3	ascii	drop	skip	4	464313	462592	0.0246914	0.0123457	0	0	9432.1	81
P2.3	ascii	drop	noop	4	178877	0	0	0	0	0	0	218
P2.3	ascii	drop	parsev	5	371137	0	0	0	0	0	0	104
P2.3	ascii	drop	pull	5	1.45782E+06	2.10116E+06	0.133333	0.0666667	0	0	245667	30
P2.3	ascii	drop	pparse	5	167831	0	0	0	0	0	0	231
P2.3	ascii	drop	touch	5	43595.3	0	0	0	0	0	0	907
P2.3	ascii	drop	strs	5	582113	1.60757E+06	0.0923077	0.0153846	0	0	17538.5	65
P2.3	ascii	drop	host	5	1.47203E+06	2.10116E+06	0.130435	0.0869565	0	0	342087	23
P2.3	ascii	drop	hskip	5	402413	462592	0.030303	0.010101	0	0	12676.8	99
P2.3	ascii	drop	inc	5	1.2627E+06	2.0981E+06	0.0952381	0.047619	0	0	47000	21
P2.3	ascii	drop	ref	5	1.48007E+06	2.10116E+06	0.137931	0.103448	0	0	231931	29
P2.3	ascii	drop	skip	5	464561	462592	0.0246914	0	0	0	11111.1	81
P2.3	ascii	drop	noop	5	176571	0	0	0	0	0	0	218
P2.3	ascii	drop	parse	5	171053	0	0	0	0	0	0	233
P2.3	ascii	drop	pull	6	1.33293E+06	2.10116E+06	0.133333	0.1	0	0	152800	30
P2.3	ascii	drop	pparse	6	166860	0	0	0	0	0	0	231
P2.3	ascii	drop	touch	6	44147	0	0	0	0	0	0	907
P2.3	ascii	drop	strs	6	590187	1.60757E+06	0.0923077	0	0	0	19569.2	65
P2.3	ascii	drop	host	6	1.28206E+06	2.10116E+06	0.0869565	0.0434783	0	0	73347.8	23
P2.3	ascii	drop	hskip	6	401531	462592	0.030303	0.010101	0	0	14686.9	99
P2.3	ascii	drop	inc	6	1.5538E+06	2.0981E+06	0.142857	0.0952381	0	0	354333	21
P2.3	ascii	drop	ref	6	1.29899E+06	2.10116E+06	0.103448	0.0689655	0	0	89448.3	29
P2.3	ascii	drop	skip	6	460654	462592	0.0246914	0.0123457	0	0	9740.74	81
P2.3	ascii	drop	noop	6	176560	0	0	0	0	0	0	218
P2.3	ascii	drop	parse	6	171349	0	0	0	0	0	0	233
P2.3	ascii	drop	parsev	6	374035	0	0	0	0	0	0	104
P2.4	ascii	retain	ref	1	1.87065E+06	3.27573E+06	0.2	0.15	0	0	320300	20
P2.4	ascii	retain	skip	1	529132	798632	0.0533333	0.0266667	0	0	19480	75
P2.4	ascii	retain	noop	1	197582	0	0	0	0	0	0	202
P2.4	ascii	retain	parse	1	193525	0	0	0	0	0	0	208
P2.4	ascii	retain	parsev	1	470250	0	0	0	0	0	0	83
P2.4	ascii	retain	pparse	1	186998	0	0	0	0	0	0	216
P2.4	ascii	retain	touch	1	74100.7	0	0	0	0	0	0	563
P2.4	ascii	retain	strs	1	879348	2.45726E+06	0.133333	0.0222222	0	0	28955.6	45
P2.4	ascii	retain	host	1	1.80972E+06	3.27573E+06	0.208333	0.125	0	0	304875	24
P2.4	ascii	retain	hskip	1	497912	798632	0.0384615	0.025641	0	0	14051.3	78
P2.4	ascii	retain	inc	1	1.92342E+06	3.28783E+06	0.217391	0.130435	0	0	340696	23
P2.4	ascii	retain	skip	2	532500	798632	0.04	0.0266667	0	0	16040	75
P2.4	ascii	retain	noop	2	197264	0	0	0	0	0	0	202
P2.4	ascii	retain	parse	2	193040	0	0	0	0	0	0	208
P2.4	ascii	retain	parsev	2	473591	0	0	0	0	0	0	83
P2.4	ascii	retain	pparse	2	185425	0	0	0	0	0	0	216
P2.4	ascii	retain	touch	2	74729.5	0	0	0	0	0	0	563
P2.4	ascii	retain	strs	2	880845	2.45726E+06	0.133333	0	0	0	28533.3	45
P2.4	ascii	retain	host	2	1.94677E+06	3.27573E+06	0.208333	0.125	0	0	394292	24
P2.4	ascii	retain	hskip	2	513901	798632	0.0512821	0.025641	0	0	24166.7	78
P2.4	ascii	retain	inc	2	1.8541E+06	3.28783E+06	0.173913	0.130435	0	0	262130	23
P2.4	ascii	retain	ref	2	1.90462E+06	3.27573E+06	0.2	0.15	0	0	306300	20
P2.4	ascii	retain	noop	3	197453	0	0	0	0	0	0	202
P2.4	ascii	retain	parse	3	194309	0	0	0	0	0	0	208
P2.4	ascii	retain	parsev	3	489017	0	0	0	0	0	0	83
P2.4	ascii	retain	pparse	3	189393	0	0	0	0	0	0	216
P2.4	ascii	retain	touch	3	72619.6	0	0	0	0	0	0	563
P2.4	ascii	retain	strs	3	888430	2.45726E+06	0.133333	0	0	0	28911.1	45
P2.4	ascii	retain	host	3	1.75852E+06	3.27573E+06	0.208333	0.125	0	0	263875	24
P2.4	ascii	retain	hskip	3	498084	798632	0.0384615	0.0128205	0	0	16576.9	78
P2.4	ascii	retain	inc	3	1.86109E+06	3.28783E+06	0.217391	0.173913	0	0	306348	23
P2.4	ascii	retain	ref	3	1.97796E+06	3.27573E+06	0.2	0.15	0	0	430000	20
P2.4	ascii	retain	skip	3	533334	798632	0.04	0.0133333	0	0	18666.7	75
P2.4	ascii	retain	parse	4	199480	0	0	0	0	0	0	208
P2.4	ascii	retain	parsev	4	477464	0	0	0	0	0	0	83
P2.4	ascii	retain	pparse	4	186008	0	0	0	0	0	0	216
P2.4	ascii	retain	touch	4	83758.2	0	0	0	0	0	0	563
P2.4	ascii	retain	strs	4	886875	2.45726E+06	0.133333	0.0222222	0	0	29066.7	45
P2.4	ascii	retain	host	4	1.76976E+06	3.27573E+06	0.208333	0.125	0	0	249667	24
P2.4	ascii	retain	hskip	4	522695	798632	0.0512821	0.0128205	0	0	26923.1	78
P2.4	ascii	retain	inc	4	1.94199E+06	3.28783E+06	0.173913	0.173913	0	0	337522	23
P2.4	ascii	retain	ref	4	1.96597E+06	3.27573E+06	0.2	0.15	0	0	392900	20
P2.4	ascii	retain	skip	4	543067	798632	0.04	0.0133333	0	0	16880	75
P2.4	ascii	retain	noop	4	198039	0	0	0	0	0	0	202
P2.4	ascii	retain	parsev	5	473362	0	0	0	0	0	0	83
P2.4	ascii	retain	pparse	5	186619	0	0	0	0	0	0	216
P2.4	ascii	retain	touch	5	82885.7	0	0	0	0	0	0	563
P2.4	ascii	retain	strs	5	879994	2.45726E+06	0.155556	0	0	0	34511.1	45
P2.4	ascii	retain	host	5	1.79976E+06	3.27573E+06	0.166667	0.125	0	0	309625	24
P2.4	ascii	retain	hskip	5	514454	798632	0.0512821	0.025641	0	0	24089.7	78
P2.4	ascii	retain	inc	5	1.959E+06	3.28783E+06	0.173913	0.130435	0	0	350957	23
P2.4	ascii	retain	ref	5	1.88295E+06	3.27573E+06	0.2	0.15	0	0	242350	20
P2.4	ascii	retain	skip	5	554874	798632	0.0533333	0.0133333	0	0	24386.7	75
P2.4	ascii	retain	noop	5	200501	0	0	0	0	0	0	202
P2.4	ascii	retain	parse	5	194216	0	0	0	0	0	0	208
P2.4	ascii	retain	pparse	6	185730	0	0	0	0	0	0	216
P2.4	ascii	retain	touch	6	75122.2	0	0	0	0	0	0	563
P2.4	ascii	retain	strs	6	883210	2.45726E+06	0.133333	0.0222222	0	0	35288.9	45
P2.4	ascii	retain	host	6	1.95125E+06	3.27573E+06	0.208333	0.125	0	0	423667	24
P2.4	ascii	retain	hskip	6	504406	798632	0.0384615	0.0128205	0	0	18628.2	78
P2.4	ascii	retain	inc	6	1.92633E+06	3.28783E+06	0.217391	0.173913	0	0	346130	23
P2.4	ascii	retain	ref	6	1.86284E+06	3.27573E+06	0.15	0.1	0	0	307100	20
P2.4	ascii	retain	skip	6	542825	798632	0.0533333	0.0266667	0	0	21640	75
P2.4	ascii	retain	noop	6	198828	0	0	0	0	0	0	202
P2.4	ascii	retain	parse	6	194516	0	0	0	0	0	0	208
P2.4	ascii	retain	parsev	6	475920	0	0	0	0	0	0	83
P2.4	ascii	drop	ref	1	1.97038E+06	3.27573E+06	0.181818	0.136364	0	0	337091	22
P2.4	ascii	drop	skip	1	543775	798632	0.0410959	0.0273973	0	0	14876.7	73
P2.4	ascii	drop	noop	1	200306	0	0	0	0	0	0	197
P2.4	ascii	drop	parse	1	196981	0	0	0	0	0	0	202
P2.4	ascii	drop	parsev	1	491501	0	0	0	0	0	0	80
P2.4	ascii	drop	pull	1	1.87698E+06	3.27573E+06	0.222222	0.166667	0	0	326500	18
P2.4	ascii	drop	pparse	1	190986	0	0	0	0	0	0	216
P2.4	ascii	drop	touch	1	74798.5	0	0	0	0	0	0	468
P2.4	ascii	drop	strs	1	895395	2.45726E+06	0.15	0	0	0	32575	40
P2.4	ascii	drop	host	1	1.75439E+06	3.27573E+06	0.157895	0.0526316	0	0	276579	19
P2.4	ascii	drop	hskip	1	548652	798632	0.0517241	0.0172414	0	0	23172.4	58
P2.4	ascii	drop	inc	1	2.37531E+06	3.28783E+06	0.214286	0.142857	0	0	614714	14
P2.4	ascii	drop	skip	2	544436	798632	0.0410959	0.0136986	0	0	21547.9	73
P2.4	ascii	drop	noop	2	198343	0	0	0	0	0	0	197
P2.4	ascii	drop	parse	2	200548	0	0	0	0	0	0	202
P2.4	ascii	drop	parsev	2	478193	0	0	0	0	0	0	80
P2.4	ascii	drop	pull	2	1.89282E+06	3.27573E+06	0.166667	0.111111	0	0.0555556	339889	18
P2.4	ascii	drop	pparse	2	187312	0	0	0	0	0	0	216
P2.4	ascii	drop	touch	2	88460.2	0	0	0	0	0	0	468
P2.4	ascii	drop	strs	2	886882	2.45726E+06	0.15	0.025	0	0	36400	40
P2.4	ascii	drop	host	2	1.86977E+06	3.27573E+06	0.210526	0.105263	0	0	348737	19
P2.4	ascii	drop	hskip	2	495454	798632	0.0344828	0.0172414	0	0	12965.5	58
P2.4	ascii	drop	inc	2	2.00635E+06	3.28783E+06	0.214286	0.0714286	0	0	354571	14
P2.4	ascii	drop	ref	2	1.99556E+06	3.27573E+06	0.181818	0.136364	0	0	373682	22
P2.4	ascii	drop	noop	3	197395	0	0	0	0	0	0	197
P2.4	ascii	drop	parse	3	195031	0	0	0	0	0	0	202
P2.4	ascii	drop	parsev	3	478706	0	0	0	0	0	0	80
P2.4	ascii	drop	pull	3	1.92474E+06	3.27573E+06	0.222222	0.166667	0	0	359389	18
P2.4	ascii	drop	pparse	3	187206	0	0	0	0	0	0	216
P2.4	ascii	drop	touch	3	84230.2	0	0	0	0	0	0	468
P2.4	ascii	drop	strs	3	885895	2.45726E+06	0.125	0.025	0	0	30825	40
P2.4	ascii	drop	host	3	1.91523E+06	3.27573E+06	0.210526	0.157895	0	0	421842	19
P2.4	ascii	drop	hskip	3	511539	798632	0.0517241	0.0344828	0	0	16741.4	58
P2.4	ascii	drop	inc	3	1.87345E+06	3.28783E+06	0.142857	0.0714286	0	0	212571	14
P2.4	ascii	drop	ref	3	1.95245E+06	3.27573E+06	0.181818	0.136364	0	0.0454545	305636	22
P2.4	ascii	drop	skip	3	639163	798632	0.0547945	0.0273973	0	0	23835.6	73
P2.4	ascii	drop	parse	4	212867	0	0	0	0	0	0	202
P2.4	ascii	drop	parsev	4	538050	0	0	0	0	0	0	80
P2.4	ascii	drop	pull	4	1.97376E+06	3.27573E+06	0.166667	0.111111	0	0	459111	18
P2.4	ascii	drop	pparse	4	191960	0	0	0	0	0	0	216
P2.4	ascii	drop	touch	4	76981.8	0	0	0	0	0	0	468
P2.4	ascii	drop	strs	4	896403	2.45726E+06	0.15	0	0	0	35750	40
P2.4	ascii	drop	host	4	2.37073E+06	3.27573E+06	0.210526	0.105263	0	0	684000	19
P2.4	ascii	drop	hskip	4	632460	798632	0.0344828	0.0172414	0	0	22103.4	58
P2.4	ascii	drop	inc	4	2.51983E+06	3.28783E+06	0.214286	0.142857	0	0	720643	14
P2.4	ascii	drop	ref	4	1.87765E+06	3.27573E+06	0.181818	0.136364	0	0	260864	22
P2.4	ascii	drop	skip	4	621616	798632	0.0410959	0.0136986	0	0	22808.2	73
P2.4	ascii	drop	noop	4	219009	0	0	0	0	0	0	197
P2.4	ascii	drop	parsev	5	501107	0	0	0	0	0	0	80
P2.4	ascii	drop	pull	5	2.11633E+06	3.27573E+06	0.222222	0.166667	0	0.0555556	488722	18
P2.4	ascii	drop	pparse	5	218519	0	0	0	0	0	0	216
P2.4	ascii	drop	touch	5	80929.5	0	0	0	0	0	0	468
P2.4	ascii	drop	strs	5	939698	2.45726E+06	0.15	0	0	0	32900	40
P2.4	ascii	drop	host	5	2.12435E+06	3.27573E+06	0.157895	0.0526316	0	0	350579	19
P2.4	ascii	drop	hskip	5	539877	798632	0.0517241	0.0344828	0	0	23120.7	58
P2.4	ascii	drop	inc	5	2.39057E+06	3.28783E+06	0.214286	0.142857	0	0	463643	14
P2.4	ascii	drop	ref	5	2.1016E+06	3.27573E+06	0.181818	0.136364	0	0	345045	22
P2.4	ascii	drop	skip	5	562389	798632	0.0410959	0.0273973	0	0	22575.3	73
P2.4	ascii	drop	noop	5	221491	0	0	0	0	0	0	197
P2.4	ascii	drop	parse	5	199342	0	0	0	0	0	0	202
P2.4	ascii	drop	pull	6	1.91746E+06	3.27573E+06	0.166667	0.111111	0	0	334944	18
P2.4	ascii	drop	pparse	6	187689	0	0	0	0	0	0	216
P2.4	ascii	drop	touch	6	75523.1	0	0	0	0	0	0	468
P2.4	ascii	drop	strs	6	901580	2.45726E+06	0.15	0.025	0	0	33775	40
P2.4	ascii	drop	host	6	1.89805E+06	3.27573E+06	0.210526	0.105263	0	0.0526316	409211	19
P2.4	ascii	drop	hskip	6	501913	798632	0.0344828	0.0172414	0	0	11758.6	58
P2.4	ascii	drop	inc	6	2.29227E+06	3.28783E+06	0.214286	0.142857	0	0	785714	14
P2.4	ascii	drop	ref	6	2.21301E+06	3.27573E+06	0.181818	0.136364	0	0	495273	22
P2.4	ascii	drop	skip	6	588756	798632	0.0547945	0.0273973	0	0	32164.4	73
P2.4	ascii	drop	noop	6	214889	0	0	0	0	0	0	197
P2.4	ascii	drop	parse	6	203964	0	0	0	0	0	0	202
P2.4	ascii	drop	parsev	6	535521	0	0	0	0	0	0	80
P2.5	ascii	retain	ref	1	60759.2	81472	0.00457317	0.00152439	0	0	1695.12	656
P2.5	ascii	retain	skip	1	29050.7	28968	0.000978474	0	0	0	287.671	1022
P2.5	ascii	retain	noop	1	10817	0	0	0	0	0	0	3508
P2.5	ascii	retain	parse	1	9959.96	0	0	0	0	0	0	4074
P2.5	ascii	retain	parsev	1	18885.1	0	0	0	0	0	0	2160
P2.5	ascii	retain	pparse	1	10480.3	0	0	0	0	0	0	3851
P2.5	ascii	retain	touch	1	1173.58	0	0	0	0	0	0	29606
P2.5	ascii	retain	strs	1	20086.1	47544	0.00305188	0	0	0	788.403	1966
P2.5	ascii	retain	host	1	48436	81472	0.00473373	0	0	0	1527.81	845
P2.5	ascii	retain	hskip	1	23880.8	28968	0.00187852	0.000626174	0	0	631.81	1597
P2.5	ascii	retain	inc	1	60270.6	87976	0.00461538	0	0	0	1621.54	650
P2.5	ascii	retain	skip	2	30044.4	28968	0.00195695	0.000978474	0	0	723.092	1022
P2.5	ascii	retain	noop	2	10966.1	0	0	0	0	0	0	3508
P2.5	ascii	retain	parse	2	9910.07	0	0	0	0	0	0	4074
P2.5	ascii	retain	parsev	2	18878.1	0	0	0	0	0	0	2160
P2.5	ascii	retain	pparse	2	10831.7	0	0	0	0	0	0	3851
P2.5	ascii	retain	touch	2	1172.54	0	0	0	0	0	0	29606
P2.5	ascii	retain	strs	2	19892.8	47544	0.00254323	0	0	0	582.401	1966
P2.5	ascii	retain	host	2	48013.9	81472	0.00473373	0	0	0	1436.69	845
P2.5	ascii	retain	hskip	2	24111.2	28968	0.00187852	0.000626174	0	0	603.006	1597
P2.5	ascii	retain	inc	2	60113.6	87976	0.00461538	0	0	0	1772.31	650
P2.5	ascii	retain	ref	2	58235.8	81472	0.00457317	0.00152439	0	0	1544.21	656
P2.5	ascii	retain	noop	3	11004.4	0	0	0	0	0	0	3508
P2.5	ascii	retain	parse	3	10425.1	0	0	0	0	0	0	4074
P2.5	ascii	retain	parsev	3	18849.3	0	0	0	0	0	0	2160
P2.5	ascii	retain	pparse	3	10473.9	0	0	0	0	0	0	3851
P2.5	ascii	retain	touch	3	1179.96	0	0	0	0	0	0	29606
P2.5	ascii	retain	strs	3	20077.7	47544	0.00305188	0	0	0	699.898	1966
P2.5	ascii	retain	host	3	48573.3	81472	0.0035503	0	0	0	1017.75	845
P2.5	ascii	retain	hskip	3	24927.6	28968	0.00187852	0.000626174	0	0	777.082	1597
P2.5	ascii	retain	inc	3	58225.8	87976	0.00461538	0	0	0	1453.85	650
P2.5	ascii	retain	ref	3	57037.6	81472	0.00609756	0.00152439	0	0	2117.38	656
P2.5	ascii	retain	skip	3	29022.3	28968	0.000978474	0	0	0	373.777	1022
P2.5	ascii	retain	parse	4	9964.43	0	0	0	0	0	0	4074
P2.5	ascii	retain	parsev	4	18817.3	0	0	0	0	0	0	2160
P2.5	ascii	retain	pparse	4	10377.3	0	0	0	0	0	0	3851
P2.5	ascii	retain	touch	4	1168.73	0	0	0	0	0	0	29606
P2.5	ascii	retain	strs	4	19293.3	47544	0.00305188	0	0	0	650.051	1966
P2.5	ascii	retain	host	4	46907.8	81472	0.00473373	0.00118343	0	0	1466.27	845
P2.5	ascii	retain	hskip	4	23136.1	28968	0.00125235	0	0	0	320.601	1597
P2.5	ascii	retain	inc	4	58536.5	87976	0.00615385	0	0	0	2067.69	650
P2.5	ascii	retain	ref	4	56436.6	81472	0.00457317	0.00152439	0	0	1615.85	656
P2.5	ascii	retain	skip	4	29025.3	28968	0.00195695	0	0	0	575.342	1022
P2.5	ascii	retain	noop	4	10773	0	0	0	0	0	0	3508
P2.5	ascii	retain	parsev	5	18578.5	0	0	0	0	0	0	2160
P2.5	ascii	retain	pparse	5	10367.8	0	0	0	0	0	0	3851
P2.5	ascii	retain	touch	5	1168.86	0	0	0	0	0	0	29606
P2.5	ascii	retain	strs	5	19562.8	47544	0.00254323	0	0	0	592.574	1966
P2.5	ascii	retain	host	5	49216.8	81472	0.00473373	0.00118343	0	0	1544.38	845
P2.5	ascii	retain	hskip	5	23522.2	28968	0.00187852	0	0	0	547.902	1597
P2.5	ascii	retain	inc	5	58656.4	87976	0.00461538	0	0	0	1601.54	650
P2.5	ascii	retain	ref	5	56055.6	81472	0.00457317	0.00152439	0	0	1432.93	656
P2.5	ascii	retain	skip	5	29039.2	28968	0.00195695	0	0	0	614.481	1022
P2.5	ascii	retain	noop	5	10740.3	0	0	0	0	0	0	3508
P2.5	ascii	retain	parse	5	9839.1	0	0	0	0	0	0	4074
P2.5	ascii	retain	pparse	6	10447	0	0	0	0	0	0	3851
P2.5	ascii	retain	touch	6	1169.35	0	0	0	0	0	0	29606
P2.5	ascii	retain	strs	6	19558.6	47544	0.00254323	0	0	0	618.006	1966
P2.5	ascii	retain	host	6	47114.6	81472	0.00473373	0	0	0	1386.98	845
P2.5	ascii	retain	hskip	6	23410.5	28968	0.00187852	0.000626174	0	0	569.192	1597
P2.5	ascii	retain	inc	6	57693.8	87976	0.00461538	0	0	0	1555.38	650
P2.5	ascii	retain	ref	6	55824.2	81472	0.00457317	0.00152439	0	0	1516.77	656
P2.5	ascii	retain	skip	6	29429	28968	0.00195695	0	0	0	654.599	1022
P2.5	ascii	retain	noop	6	10852.7	0	0	0	0	0	0	3508
P2.5	ascii	retain	parse	6	9927.44	0	0	0	0	0	0	4074
P2.5	ascii	retain	parsev	6	18590.6	0	0	0	0	0	0	2160
P2.5	ascii	drop	ref	1	56812.5	81472	0.00554785	0.00138696	0	0	1938.97	721
P2.5	ascii	drop	skip	1	29046.4	28968	0.00142959	0	0	0	353.824	1399
P2.5	ascii	drop	noop	1	11135	0	0	0	0	0	0	3681
P2.5	ascii	drop	parse	1	10423.7	0	0	0	0	0	0	4026
P2.5	ascii	drop	parsev	1	19654.1	0	0	0	0	0	0	2148
P2.5	ascii	drop	pull	1	55199.4	81472	0.00533333	0	0	0	1889.33	750
P2.5	ascii	drop	pparse	1	10911.8	0	0	0	0	0	0	3148
P2.5	ascii	drop	touch	1	1196	0	0	0	0	0	0	33363
P2.5	ascii	drop	strs	1	19862.4	47544	0.00273523	0.000547046	0	0	710.613	1828
P2.5	ascii	drop	host	1	47521	81472	0.00465116	0	0	0	1531.4	860
P2.5	ascii	drop	hskip	1	24170.9	28968	0.00180072	0	0	0	1021.61	1666
P2.5	ascii	drop	inc	1	60759.7	87976	0.00431655	0.00143885	0	0	1494.96	695
P2.5	ascii	drop	skip	2	30147.3	28968	0.00214439	0	0	0	638.313	1399
P2.5	ascii	drop	noop	2	11294.3	0	0	0	0	0	0	3681
P2.5	ascii	drop	parse	2	13427.6	0	0	0	0	0	0	4026
P2.5	ascii	drop	parsev	2	19412.6	0	0	0	0	0	0	2148
P2.5	ascii	drop	pull	2	57923.1	81472	0.004	0.00133333	0	0	1402.67	750
P2.5	ascii	drop	pparse	2	10982.6	0	0	0	0	0	0	3148
P2.5	ascii	drop	touch	2	1187.88	0	0	0	0	0	0	33363
P2.5	ascii	drop	strs	2	19943	47544	0.00273523	0	0	0	612.691	1828
P2.5	ascii	drop	host	2	50778.7	81472	0.00465116	0	0	0	1527.91	860
P2.5	ascii	drop	hskip	2	24073.3	28968	0.00180072	0.00060024	0	0	668.667	1666
P2.5	ascii	drop	inc	2	60663.3	87976	0.00431655	0	0	0	1585.61	695
P2.5	ascii	drop	ref	2	61502.6	81472	0.00554785	0.00138696	0	0	1973.65	721
P2.5	ascii	drop	noop	3	11974.9	0	0	0	0	0	0	3681
P2.5	ascii	drop	parse	3	10037.3	0	0	0	0	0	0	4026
P2.5	ascii	drop	parsev	3	19104.1	0	0	0	0	0	0	2148
P2.5	ascii	drop	pull	3	59246.5	81472	0.004	0	0	0	1592	750
P2.5	ascii	drop	pparse	3	10614.4	0	0	0	0	0	0	3148
P2.5	ascii	drop	touch	3	1156.64	0	0	0	0	0	0	33363
P2.5	ascii	drop	strs	3	19859.2	47544	0.00273523	0	0	0	600.656	1828
P2.5	ascii	drop	host	3	49460.3	81472	0.00581395	0.00116279	0	0	1761.63	860
P2.5	ascii	drop	hskip	3	23558.1	28968	0.00120048	0	0	0	366.146	1666
P2.5	ascii	drop	inc	3	59692.8	87976	0.0057554	0.00143885	0	0	2115.11	695
P2.5	ascii	drop	ref	3	58087.4	81472	0.00416089	0	0	0	1281.55	721
P2.5	ascii	drop	skip	3	30461.9	28968	0.00214439	0	0	0	723.374	1399
P2.5	ascii	drop	parse	4	10038.8	0	0	0	0	0	0	4026
P2.5	ascii	drop	parsev	4	18758.7	0	0	0	0	0	0	2148
P2.5	ascii	drop	pull	4	52829.4	81472	0.004	0.00133333	0	0	1396	750
P2.5	ascii	drop	pparse	4	10420.2	0	0	0	0	0	0	3148
P2.5	ascii	drop	touch	4	1159.04	0	0	0	0	0	0	33363
P2.5	ascii	drop	strs	4	20102.7	47544	0.00273523	0	0	0	658.096	1828
P2.5	ascii	drop	host	4	48453.6	81472	0.00465116	0	0	0	1598.84	860
P2.5	ascii	drop	hskip	4	23968.5	28968	0.00180072	0.00060024	0	0	653.061	1666
P2.5	ascii	drop	inc	4	60340.2	87976	0.0057554	0	0	0	1925.18	695
P2.5	ascii	drop	ref	4	60144.2	81472	0.00416089	0.00138696	0	0	1664.36	721
P2.5	ascii	drop	skip	4	30863.4	28968	0.00142959	0	0	0	462.473	1399
P2.5	ascii	drop	noop	4	11068.6	0	0	0	0	0	0	3681
P2.5	ascii	drop	parsev	5	18837.5	0	0	0	0	0	0	2148
P2.5	ascii	drop	pull	5	52917.7	81472	0.00533333	0	0	0	1718.67	750
P2.5	ascii	drop	pparse	5	10433.2	0	0	0	0	0	0	3148
P2.5	ascii	drop	touch	5	1166.55	0	0	0	0	0	0	33363
P2.5	ascii	drop	strs	5	19892.8	47544	0.00273523	0.000547046	0	0	715.536	1828
P2.5	ascii	drop	host	5	47330.6	81472	0.00465116	0	0	0	1417.44	860
P2.5	ascii	drop	hskip	5	23109	28968	0.00180072	0	0	0	517.407	1666
P2.5	ascii	drop	inc	5	58203.5	87976	0.00431655	0.00143885	0	0	1545.32	695
P2.5	ascii	drop	ref	5	60500.8	81472	0.00554785	0	0	0	2051.32	721
P2.5	ascii	drop	skip	5	30643.4	28968	0.00142959	0.000714796	0	0	534.668	1399
P2.5	ascii	drop	noop	5	11171.7	0	0	0	0	0	0	3681
P2.5	ascii	drop	parse	5	10828.5	0	0	0	0	0	0	4026
P2.5	ascii	drop	pull	6	54242.5	81472	0.00533333	0	0	0	2018.67	750
P2.5	ascii	drop	pparse	6	10817.3	0	0	0	0	0	0	3148
P2.5	ascii	drop	touch	6	1199.1	0	0	0	0	0	0	33363
P2.5	ascii	drop	strs	6	20701.5	47544	0.00273523	0	0	0	902.626	1828
P2.5	ascii	drop	host	6	48787.3	81472	0.00465116	0.00116279	0	0	1577.91	860
P2.5	ascii	drop	hskip	6	23725.2	28968	0.00180072	0	0	0	531.212	1666
P2.5	ascii	drop	inc	6	64826.9	87976	0.00431655	0	0	0	2248.92	695
P2.5	ascii	drop	ref	6	59208	81472	0.00554785	0.00138696	0	0	1794.73	721
P2.5	ascii	drop	skip	6	30011	28968	0.00142959	0	0	0	437.455	1399
P2.5	ascii	drop	noop	6	11063.8	0	0	0	0	0	0	3681
P2.5	ascii	drop	parse	6	9920.66	0	0	0	0	0	0	4026
P2.5	ascii	drop	parsev	6	18784.9	0	0	0	0	0	0	2148
P4.1	ascii	retain	ref	1	312750	363760	0.023622	0	0	0	15700.8	127
P4.1	ascii	retain	skip	1	129400	130696	0.00662252	0	0	0	2701.99	302
P4.1	ascii	retain	noop	1	40408.9	0	0	0	0	0	0	990
P4.1	ascii	retain	parse	1	36126	0	0	0	0	0	0	1076
P4.1	ascii	retain	parsev	1	95628.5	0	0	0	0	0	0	420
P4.1	ascii	retain	pparse	1	38354	0	0	0	0	0	0	1049
P4.1	ascii	retain	touch	1	5604.49	0	0	0	0	0	0	7169
P4.1	ascii	retain	strs	1	117771	183464	0.0127389	0	0	0	5146.5	157
P4.1	ascii	retain	host	1	278752	363760	0.016	0	0	0	10408	125
P4.1	ascii	retain	hskip	1	111726	130696	0.00854701	0	0	0	4431.62	234
P4.1	ascii	retain	inc	1	341477	403704	0.0254237	0	0	0	19576.3	118
P4.1	ascii	retain	skip	2	129434	130696	0.00662252	0	0	0	2910.6	302
P4.1	ascii	retain	noop	2	40051.1	0	0	0	0	0	0	990
P4.1	ascii	retain	parse	2	37837.2	0	0	0	0	0	0	1076
P4.1	ascii	retain	parsev	2	96526.9	0	0	0	0	0	0	420
P4.1	ascii	retain	pparse	2	41507.1	0	0	0	0	0	0	1049
P4.1	ascii	retain	touch	2	5935.69	0	0	0	0	0	0	7169
P4.1	ascii	retain	strs	2	128124	183464	0.0127389	0	0	0	5872.61	157
P4.1	ascii	retain	host	2	300224	363760	0.016	0	0	0	10984	125
P4.1	ascii	retain	hskip	2	124854	130696	0.00854701	0	0	0	6183.76	234
P4.1	ascii	retain	inc	2	364835	403704	0.0254237	0	0	0	20652.5	118
P4.1	ascii	retain	ref	2	325311	363760	0.023622	0	0	0	13629.9	127
P4.1	ascii	retain	noop	3	42963.4	0	0	0	0	0	0	990
P4.1	ascii	retain	parse	3	36852	0	0	0	0	0	0	1076
P4.1	ascii	retain	parsev	3	96811.8	0	0	0	0	0	0	420
P4.1	ascii	retain	pparse	3	38907	0	0	0	0	0	0	1049
P4.1	ascii	retain	touch	3	5660.41	0	0	0	0	0	0	7169
P4.1	ascii	retain	strs	3	119319	183464	0.00636943	0	0	0	2866.24	157
P4.1	ascii	retain	host	3	302276	363760	0.024	0	0	0	19072	125
P4.1	ascii	retain	hskip	3	142107	130696	0.00854701	0	0	0	5487.18	234
P4.1	ascii	retain	inc	3	359122	403704	0.0169492	0	0	0	12000	118
P4.1	ascii	retain	ref	3	324016	363760	0.023622	0	0	0	15417.3	127
P4.1	ascii	retain	skip	3	133526	130696	0.00662252	0	0	0	3605.96	302
P4.1	ascii	retain	parse	4	36002.8	0	0	0	0	0	0	1076
P4.1	ascii	retain	parsev	4	96283.3	0	0	0	0	0	0	420
P4.1	ascii	retain	pparse	4	38711.4	0	0	0	0	0	0	1049
P4.1	ascii	retain	touch	4	5809.75	0	0	0	0	0	0	7169
P4.1	ascii	retain	strs	4	128166	183464	0.0127389	0	0	0	9783.44	157
P4.1	ascii	retain	host	4	303183	363760	0.024	0	0	0	14208	125
P4.1	ascii	retain	hskip	4	111774	130696	0.0042735	0	0	0	1901.71	234
P4.1	ascii	retain	inc	4	356463	403704	0.0254237	0	0	0	17203.4	118
P4.1	ascii	retain	ref	4	324469	363760	0.023622	0	0	0	15456.7	127
P4.1	ascii	retain	skip	4	134001	130696	0.00662252	0	0	0	3125.83	302
P4.1	ascii	retain	noop	4	39967.5	0	0	0	0	0	0	990
P4.1	ascii	retain	parsev	5	95335.2	0	0	0	0	0	0	420
P4.1	ascii	retain	pparse	5	38346.7	0	0	0	0	0	0	1049
P4.1	ascii	retain	touch	5	5575.64	0	0	0	0	0	0	7169
P4.1	ascii	retain	strs	5	122226	183464	0.0127389	0	0	0	5923.57	157
P4.1	ascii	retain	host	5	293296	363760	0.016	0	0	0	12328	125
P4.1	ascii	retain	hskip	5	116166	130696	0.00854701	0	0	0	4628.21	234
P4.1	ascii	retain	inc	5	352909	403704	0.0254237	0	0	0	20872.9	118
P4.1	ascii	retain	ref	5	324782	363760	0.023622	0	0	0	16094.5	127
P4.1	ascii	retain	skip	5	141144	130696	0.00662252	0	0	0	3841.06	302
P4.1	ascii	retain	noop	5	40744.2	0	0	0	0	0	0	990
P4.1	ascii	retain	parse	5	36468.5	0	0	0	0	0	0	1076
P4.1	ascii	retain	pparse	6	39224.5	0	0	0	0	0	0	1049
P4.1	ascii	retain	touch	6	5752.99	0	0	0	0	0	0	7169
P4.1	ascii	retain	strs	6	125319	183464	0.0127389	0	0	0	5929.94	157
P4.1	ascii	retain	host	6	297073	363760	0.016	0	0	0	10568	125
P4.1	ascii	retain	hskip	6	116816	130696	0.00854701	0	0	0	4072.65	234
P4.1	ascii	retain	inc	6	360094	403704	0.0254237	0	0	0	19779.7	118
P4.1	ascii	retain	ref	6	314785	363760	0.015748	0	0	0	9007.87	127
P4.1	ascii	retain	skip	6	135646	130696	0.00993377	0	0	0	5135.76	302
P4.1	ascii	retain	noop	6	40881.1	0	0	0	0	0	0	990
P4.1	ascii	retain	parse	6	36365.9	0	0	0	0	0	0	1076
P4.1	ascii	retain	parsev	6	96062.5	0	0	0	0	0	0	420
P4.1	ascii	drop	ref	1	341157	363760	0.025641	0	0	0	31572.6	117
P4.1	ascii	drop	skip	1	136951	130696	0.00696864	0	0	0	6508.71	287
P4.1	ascii	drop	noop	1	40532.4	0	0	0	0	0	0	1001
P4.1	ascii	drop	parse	1	36114.4	0	0	0	0	0	0	1111
P4.1	ascii	drop	parsev	1	97129.5	0	0	0	0	0	0	421
P4.1	ascii	drop	pull	1	314567	363760	0.0222222	0	0	0	28066.7	135
P4.1	ascii	drop	pparse	1	39443.3	0	0	0	0	0	0	1043
P4.1	ascii	drop	touch	1	5883.34	0	0	0	0	0	0	7145
P4.1	ascii	drop	strs	1	127299	183464	0.00946372	0	0	0	8476.34	317
P4.1	ascii	drop	host	1	312753	363760	0.0232558	0	0	0	37496.1	129
P4.1	ascii	drop	hskip	1	113761	130696	0.00571429	0	0	0	5360	350
P4.1	ascii	drop	inc	1	371296	403704	0.0280374	0	0	0	33140.2	107
P4.1	ascii	drop	skip	2	146272	130696	0.00696864	0	0	0	7275.26	287
P4.1	ascii	drop	noop	2	41010.8	0	0	0	0	0	0	1001
P4.1	ascii	drop	parse	2	36376.3	0	0	0	0	0	0	1111
P4.1	ascii	drop	parsev	2	97421.3	0	0	0	0	0	0	421
P4.1	ascii	drop	pull	2	312518	363760	0.0222222	0	0	0	23977.8	135
P4.1	ascii	drop	pparse	2	39715.9	0	0	0	0	0	0	1043
P4.1	ascii	drop	touch	2	5679.59	0	0	0	0	0	0	7145
P4.1	ascii	drop	strs	2	127526	183464	0.00946372	0	0	0	9116.72	317
P4.1	ascii	drop	host	2	312513	363760	0.0232558	0	0	0	27868.2	129
P4.1	ascii	drop	hskip	2	116845	130696	0.00857143	0	0	0	8014.29	350
P4.1	ascii	drop	inc	2	353464	403704	0.0186916	0	0	0	20018.7	107
P4.1	ascii	drop	ref	2	364296	363760	0.025641	0	0	0	33051.3	117
P4.1	ascii	drop	noop	3	42300.3	0	0	0	0	0	0	1001
P4.1	ascii	drop	parse	3	36519.6	0	0	0	0	0	0	1111
P4.1	ascii	drop	parsev	3	96136.3	0	0	0	0	0	0	421
P4.1	ascii	drop	pull	3	312105	363760	0.0222222	0	0	0	24829.6	135
P4.1	ascii	drop	pparse	3	38959	0	0	0	0	0	0	1043
P4.1	ascii	drop	touch	3	5636.68	0	0	0	0	0	0	7145
P4.1	ascii	drop	strs	3	127247	183464	0.00946372	0	0	0	8113.56	317
P4.1	ascii	drop	host	3	307547	363760	0.0232558	0	0	0	26333.3	129
P4.1	ascii	drop	hskip	3	113881	130696	0.00571429	0	0	0	6440	350
P4.1	ascii	drop	inc	3	373930	403704	0.0280374	0	0	0	32962.6	107
P4.1	ascii	drop	ref	3	339516	363760	0.017094	0	0	0	23974.4	117
P4.1	ascii	drop	skip	3	140388	130696	0.00696864	0	0	0	7317.07	287
P4.1	ascii	drop	parse	4	36531.3	0	0	0	0	0	0	1111
P4.1	ascii	drop	parsev	4	95441.8	0	0	0	0	0	0	421
P4.1	ascii	drop	pull	4	309271	363760	0.0222222	0	0	0	26511.1	135
P4.1	ascii	drop	pparse	4	38829.2	0	0	0	0	0	0	1043
P4.1	ascii	drop	touch	4	6144.74	0	0	0	0	0	0	7145
P4.1	ascii	drop	strs	4	129127	183464	0.0126183	0	0	0	10728.7	317
P4.1	ascii	drop	host	4	292672	363760	0.0155039	0	0	0	15976.7	129
P4.1	ascii	drop	hskip	4	114210	130696	0.00857143	0	0	0	8042.86	350
P4.1	ascii	drop	inc	4	366445	403704	0.0280374	0	0	0	31663.6	107
P4.1	ascii	drop	ref	4	327791	363760	0.017094	0	0	0	17153.8	117
P4.1	ascii	drop	skip	4	135732	130696	0.00696864	0	0	0	7000	287
P4.1	ascii	drop	noop	4	40146.5	0	0	0	0	0	0	1001
P4.1	ascii	drop	parsev	5	95263.7	0	0	0	0	0	0	421
P4.1	ascii	drop	pull	5	301173	363760	0.0222222	0	0	0	23407.4	135
P4.1	ascii	drop	pparse	5	38868.8	0	0	0	0	0	0	1043
P4.1	ascii	drop	touch	5	5603.89	0	0	0	0	0	0	7145
P4.1	ascii	drop	strs	5	122604	183464	0.00946372	0	0	0	8157.73	317
P4.1	ascii	drop	host	5	298110	363760	0.0232558	0	0	0	23705.4	129
P4.1	ascii	drop	hskip	5	112844	130696	0.00857143	0	0	0	8291.43	350
P4.1	ascii	drop	inc	5	359510	403704	0.0186916	0	0	0	22158.9	107
P4.1	ascii	drop	ref	5	330446	363760	0.025641	0	0	0	26008.5	117
P4.1	ascii	drop	skip	5	135318	130696	0.00696864	0	0	0	6613.24	287
P4.1	ascii	drop	noop	5	39995.1	0	0	0	0	0	0	1001
P4.1	ascii	drop	parse	5	35866.7	0	0	0	0	0	0	1111
P4.1	ascii	drop	pull	6	296208	363760	0.0222222	0	0	0	22051.9	135
P4.1	ascii	drop	pparse	6	38164.5	0	0	0	0	0	0	1043
P4.1	ascii	drop	touch	6	5604.4	0	0	0	0	0	0	7145
P4.1	ascii	drop	strs	6	126354	183464	0.00946372	0	0	0	8488.96	317
P4.1	ascii	drop	host	6	300730	363760	0.0232558	0	0	0	26705.4	129
P4.1	ascii	drop	hskip	6	110624	130696	0.00571429	0	0	0	5260	350
P4.1	ascii	drop	inc	6	363852	403704	0.0280374	0	0	0	35028	107
P4.1	ascii	drop	ref	6	324590	363760	0.017094	0	0	0	17427.4	117
P4.1	ascii	drop	skip	6	141197	130696	0.010453	0	0	0	9867.6	287
P4.1	ascii	drop	noop	6	39949.1	0	0	0	0	0	0	1001
P4.1	ascii	drop	parse	6	36044.9	0	0	0	0	0	0	1111
P4.1	ascii	drop	parsev	6	95211.1	0	0	0	0	0	0	421
U-nested-before	corpus	retain	ref	1	975.673	904	6.34498E-05	0	0	0	30.9635	31521
U-nested-before	corpus	retain	skip	1	666.998	472	3.38616E-05	0	0	0	16.1012	59064
U-nested-before	corpus	retain	noop	1	248.077	0	0	0	0	0	0	147122
U-nested-before	corpus	retain	parse	1	232.575	0	0	0	0	0	0	136872
U-nested-before	corpus	retain	parsev	1	296.686	0	0	0	0	0	0	114011
U-nested-before	corpus	retain	pparse	1	233.215	0	0	0	0	0	0	169977
U-nested-before	corpus	retain	touch	1	11.8771	0	0	0	0	0	0	3451562
U-nested-before	corpus	retain	strs	1	180.357	432	2.17663E-05	0	0	0	9.8166	229713
U-nested-before	corpus	retain	host	1	783.058	1384	9.18324E-05	0	0	0	55.5035	54447
U-nested-before	corpus	retain	hskip	1	578.048	952	4.999E-05	0	0	0	23.462	60012
U-nested-before	corpus	retain	inc	1	1494.04	2688	0.00015841	0	0	0	76.5118	25251
U-nested-before	corpus	retain	skip	2	665.699	472	3.38616E-05	0	0	0	15.407	59064
U-nested-before	corpus	retain	noop	2	250.514	0	0	0	0	0	0	147122
U-nested-before	corpus	retain	parse	2	232.601	0	0	0	0	0	0	136872
U-nested-before	corpus	retain	parsev	2	299.008	0	0	0	0	0	0	114011
U-nested-before	corpus	retain	pparse	2	235.685	0	0	0	0	0	0	169977
U-nested-before	corpus	retain	touch	2	11.9621	0	0	0	0	0	0	3451562
U-nested-before	corpus	retain	strs	2	175.375	432	2.17663E-05	4.35326E-06	0	0	6.96086	229713
U-nested-before	corpus	retain	host	2	740.866	1384	9.18324E-05	0	0	0	25.2172	54447
U-nested-before	corpus	retain	hskip	2	568.519	952	4.999E-05	0	0	0	13.6306	60012
U-nested-before	corpus	retain	inc	2	1435.49	2688	0.00015841	0	0	0	43.9983	25251
U-nested-before	corpus	retain	ref	2	888.213	904	6.34498E-05	0	0	0	17.3535	31521
U-nested-before	corpus	retain	noop	3	248.741	0	0	0	0	0	0	147122
U-nested-before	corpus	retain	parse	3	230.484	0	0	0	0	0	0	136872
U-nested-before	corpus	retain	parsev	3	295.701	0	0	0	0	0	0	114011
U-nested-before	corpus	retain	pparse	3	234.625	0	0	0	0	0	0	169977
U-nested-before	corpus	retain	touch	3	11.9748	0	0	0	0	0	0	3451562
U-nested-before	corpus	retain	strs	3	177.697	432	2.17663E-05	0	0	0	6.73449	229713
U-nested-before	corpus	retain	host	3	752.316	1384	9.18324E-05	0	0	0	26.6681	54447
U-nested-before	corpus	retain	hskip	3	579.885	952	4.999E-05	0	0	0	15.7135	60012
U-nested-before	corpus	retain	inc	3	1439.69	2688	0.00015841	0	0	0	46.8892	25251
U-nested-before	corpus	retain	ref	3	888.476	904	6.34498E-05	0	0	0	19.257	31521
U-nested-before	corpus	retain	skip	3	656.306	472	1.69308E-05	0	0	0	4.74062	59064
U-nested-before	corpus	retain	parse	4	231.815	0	0	0	0	0	0	136872
U-nested-before	corpus	retain	parsev	4	295.266	0	0	0	0	0	0	114011
U-nested-before	corpus	retain	pparse	4	234.737	0	0	0	0	0	0	169977
U-nested-before	corpus	retain	touch	4	11.9047	0	0	0	0	0	0	3451562
U-nested-before	corpus	retain	strs	4	176.913	432	2.61195E-05	0	0	0	7.32653	229713
U-nested-before	corpus	retain	host	4	733.314	1384	7.34659E-05	0	0	0	20.0746	54447
U-nested-before	corpus	retain	hskip	4	576.055	952	6.66533E-05	0	0	0	19.5461	60012
U-nested-before	corpus	retain	inc	4	1508.22	2688	0.00015841	0	0	0	45.8596	25251
U-nested-before	corpus	retain	ref	4	1118.49	904	3.17249E-05	0	0	0	13.61	31521
U-nested-before	corpus	retain	skip	4	717.791	472	3.38616E-05	0	0	0	10.7341	59064
U-nested-before	corpus	retain	noop	4	272.105	0	0	0	0	0	0	147122
U-nested-before	corpus	retain	parsev	5	321.432	0	0	0	0	0	0	114011
U-nested-before	corpus	retain	pparse	5	254.754	0	0	0	0	0	0	169977
U-nested-before	corpus	retain	touch	5	11.8941	0	0	0	0	0	0	3451562
U-nested-before	corpus	retain	strs	5	163.542	432	2.61195E-05	0	0	0	6.29916	229713
U-nested-before	corpus	retain	host	5	705.174	1384	7.34659E-05	0	0	0	17.1543	54447
U-nested-before	corpus	retain	hskip	5	575.089	952	4.999E-05	0	0	0	12.6975	60012
U-nested-before	corpus	retain	inc	5	1442.24	2688	0.00015841	0	0	0	44.1171	25251
U-nested-before	corpus	retain	ref	5	874.881	904	6.34498E-05	0	0	0	16.6873	31521
U-nested-before	corpus	retain	skip	5	668.425	472	1.69308E-05	0	0	0	24.1602	59064
U-nested-before	corpus	retain	noop	5	251.414	0	0	0	0	0	0	147122
U-nested-before	corpus	retain	parse	5	233.455	0	0	0	0	0	0	136872
U-nested-before	corpus	retain	pparse	6	236.335	0	0	0	0	0	0	169977
U-nested-before	corpus	retain	touch	6	12.1454	0	0	0	0	0	0	3451562
U-nested-before	corpus	retain	strs	6	163.656	432	2.61195E-05	0	0	0	6.39929	229713
U-nested-before	corpus	retain	host	6	710.943	1384	9.18324E-05	0	0	0	22.6642	54447
U-nested-before	corpus	retain	hskip	6	629.024	952	4.999E-05	0	0	0	15.3136	60012
U-nested-before	corpus	retain	inc	6	1475.03	2688	0.00015841	0	0	0	55.6018	25251
U-nested-before	corpus	retain	ref	6	920.573	904	3.17249E-05	0	0	0	8.78779	31521
U-nested-before	corpus	retain	skip	6	723.638	472	3.38616E-05	0	0	0	16.7953	59064
U-nested-before	corpus	retain	noop	6	261.592	0	0	0	0	0	0	147122
U-nested-before	corpus	retain	parse	6	241.073	0	0	0	0	0	0	136872
U-nested-before	corpus	retain	parsev	6	303.522	0	0	0	0	0	0	114011
U-nested-before	corpus	drop	ref	1	767.333	784	3.84239E-05	0	0	0	15.9267	52051
U-nested-before	corpus	drop	skip	1	521.393	352	2.48256E-05	0	0	0	7.0753	80562
U-nested-before	corpus	drop	noop	1	237.097	0	0	0	0	0	0	174546
U-nested-before	corpus	drop	parse	1	221.111	0	0	0	0	0	0	189020
U-nested-before	corpus	drop	parsev	1	286.232	0	0	0	0	0	0	137563
U-nested-before	corpus	drop	pull	1	588.735	784	4.66527E-05	0	0	0	12.9694	42870
U-nested-before	corpus	drop	pparse	1	215.985	0	0	0	0	0	0	176938
U-nested-before	corpus	drop	touch	1	11.9845	0	0	0	0	0	0	3272587
U-nested-before	corpus	drop	strs	1	167.592	432	2.32517E-05	0	0	0	5.85013	215038
U-nested-before	corpus	drop	host	1	466.934	784	4.61375E-05	0	0	0	12.0111	65023
U-nested-before	corpus	drop	hskip	1	313.302	352	2.12406E-05	0	0	0	8.03602	141239
U-nested-before	corpus	drop	inc	1	1419.21	2688	0.000131228	0	0	0	39.5433	22861
U-nested-before	corpus	drop	skip	2	516.259	352	2.48256E-05	0	0	0	6.04503	80562
U-nested-before	corpus	drop	noop	2	237.056	0	0	0	0	0	0	174546
U-nested-before	corpus	drop	parse	2	212.829	0	0	0	0	0	0	189020
U-nested-before	corpus	drop	parsev	2	279.828	0	0	0	0	0	0	137563
U-nested-before	corpus	drop	pull	2	566.457	784	4.66527E-05	0	0	0	13.4826	42870
U-nested-before	corpus	drop	pparse	2	215.177	0	0	0	0	0	0	176938
U-nested-before	corpus	drop	touch	2	11.8327	0	0	0	0	0	0	3272587
U-nested-before	corpus	drop	strs	2	167.92	432	2.32517E-05	0	0	0	5.59901	215038
U-nested-before	corpus	drop	host	2	474.719	784	4.61375E-05	0	0	0	11.0269	65023
U-nested-before	corpus	drop	hskip	2	280.23	352	2.12406E-05	0	0	0	4.9703	141239
U-nested-before	corpus	drop	inc	2	1480.5	2688	0.00017497	0	0	0	46.7609	22861
U-nested-before	corpus	drop	ref	2	738.564	784	3.84239E-05	0	0	0	9.91335	52051
U-nested-before	corpus	drop	noop	3	230.065	0	0	0	0	0	0	174546
U-nested-before	corpus	drop	parse	3	212.035	0	0	0	0	0	0	189020
U-nested-before	corpus	drop	parsev	3	279.27	0	0	0	0	0	0	137563
U-nested-before	corpus	drop	pull	3	578.431	784	4.66527E-05	0	0	0	14.6256	42870
U-nested-before	corpus	drop	pparse	3	213.843	0	0	0	0	0	0	176938
U-nested-before	corpus	drop	touch	3	11.8058	0	0	0	0	0	0	3272587
U-nested-before	corpus	drop	strs	3	162.818	432	2.32517E-05	0	0	0	5.31069	215038
U-nested-before	corpus	drop	host	3	440.225	784	4.61375E-05	0	0	0	10.5347	65023
U-nested-before	corpus	drop	hskip	3	281.345	352	2.12406E-05	0	0	0	4.54549	141239
U-nested-before	corpus	drop	inc	3	1345.34	2688	0.00017497	0	0	0	44.3988	22861
U-nested-before	corpus	drop	ref	3	735.391	784	3.84239E-05	0	0	0	9.14488	52051
U-nested-before	corpus	drop	skip	3	502.948	352	2.48256E-05	0	0	0	6.06986	80562
U-nested-before	corpus	drop	parse	4	211.527	0	0	0	0	0	0	189020
U-nested-before	corpus	drop	parsev	4	278.291	0	0	0	0	0	0	137563
U-nested-before	corpus	drop	pull	4	576.745	784	4.66527E-05	0	0	0	13.9025	42870
U-nested-before	corpus	drop	pparse	4	220.967	0	0	0	0	0	0	176938
U-nested-before	corpus	drop	touch	4	12.0601	0	0	0	0	0	0	3272587
U-nested-before	corpus	drop	strs	4	175.875	432	2.32517E-05	0	0	0	6.54768	215038
U-nested-before	corpus	drop	host	4	472.975	784	4.61375E-05	0	0	0	14.7332	65023
U-nested-before	corpus	drop	hskip	4	303.993	352	2.12406E-05	0	0	0	7.52625	141239
U-nested-before	corpus	drop	inc	4	1376.9	2688	0.00017497	0	0	0	45.5798	22861
U-nested-before	corpus	drop	ref	4	742.327	784	3.84239E-05	0	0	0	9.26015	52051
U-nested-before	corpus	drop	skip	4	509.617	352	2.48256E-05	0	0	0	7.21184	80562
U-nested-before	corpus	drop	noop	4	238.395	0	0	0	0	0	0	174546
U-nested-before	corpus	drop	parsev	5	293.451	0	0	0	0	0	0	137563
U-nested-before	corpus	drop	pull	5	587.925	784	4.66527E-05	0	0	0	13.1094	42870
U-nested-before	corpus	drop	pparse	5	217.951	0	0	0	0	0	0	176938
U-nested-before	corpus	drop	touch	5	12.5298	0	0	0	0	0	0	3272587
U-nested-before	corpus	drop	strs	5	168.972	432	2.32517E-05	0	0	0	6.27796	215038
U-nested-before	corpus	drop	host	5	463.03	784	4.61375E-05	0	0	0	12.5955	65023
U-nested-before	corpus	drop	hskip	5	284.925	352	2.12406E-05	0	0	0	4.92074	141239
U-nested-before	corpus	drop	inc	5	1350.65	2688	0.000131228	0	0	0	34.6442	22861
U-nested-before	corpus	drop	ref	5	728.986	784	5.76358E-05	0	0	0	12.7951	52051
U-nested-before	corpus	drop	skip	5	497.219	352	1.24128E-05	0	0	0	2.89218	80562
U-nested-before	corpus	drop	noop	5	230.694	0	0	0	0	0	0	174546
U-nested-before	corpus	drop	parse	5	212.805	0	0	0	0	0	0	189020
U-nested-before	corpus	drop	pull	6	570.814	784	4.66527E-05	0	0	0	12.6895	42870
U-nested-before	corpus	drop	pparse	6	213.946	0	0	0	0	0	0	176938
U-nested-before	corpus	drop	touch	6	11.8187	0	0	0	0	0	0	3272587
U-nested-before	corpus	drop	strs	6	166.958	432	2.7902E-05	0	0	0	6.56628	215038
U-nested-before	corpus	drop	host	6	444.91	784	4.61375E-05	0	0	0	10.4886	65023
U-nested-before	corpus	drop	hskip	6	280.782	352	2.12406E-05	0	0	0	5.1119	141239
U-nested-before	corpus	drop	inc	6	1344.96	2688	0.000131228	0	0	0	31.1447	22861
U-nested-before	corpus	drop	ref	6	736.636	784	3.84239E-05	0	0	0	9.01039	52051
U-nested-before	corpus	drop	skip	6	506.887	352	2.48256E-05	0	0	0	6.3057	80562
U-nested-before	corpus	drop	noop	6	231.305	0	0	0	0	0	0	174546
U-nested-before	corpus	drop	parse	6	211.53	0	0	0	0	0	0	189020
U-nested-before	corpus	drop	parsev	6	278.919	0	0	0	0	0	0	137563
U-deep-u-repeated	corpus	retain	ref	1	3378.19	4152	0.000298478	0	0	0	83.2753	10051
U-deep-u-repeated	corpus	retain	skip	1	2072.56	1800	0.000106039	0	0	0	25.4493	18861
U-deep-u-repeated	corpus	retain	noop	1	758.514	0	0	0	0	0	0	52733
U-deep-u-repeated	corpus	retain	parse	1	808.189	0	0	0	0	0	0	62583
U-deep-u-repeated	corpus	retain	parsev	1	1111.21	0	0	0	0	0	0	37938
U-deep-u-repeated	corpus	retain	pparse	1	669.467	0	0	0	0	0	0	61953
U-deep-u-repeated	corpus	retain	touch	1	45.4204	0	0	0	0	0	0	885570
U-deep-u-repeated	corpus	retain	strs	1	931.322	2104	0.000117173	0	0	0	29.2698	42672
U-deep-u-repeated	corpus	retain	host	1	2451.23	4192	0.000239206	0	0	0	89.164	16722
U-deep-u-repeated	corpus	retain	hskip	1	1340.73	1840	0.000102698	0	0	0	27.1806	29212
U-deep-u-repeated	corpus	retain	inc	1	3406.99	5000	0.000326131	0	0	0	88.137	12265
U-deep-u-repeated	corpus	retain	skip	2	2108.48	1800	0.000106039	0	0	0	29.1077	18861
U-deep-u-repeated	corpus	retain	noop	2	761.522	0	0	0	0	0	0	52733
U-deep-u-repeated	corpus	retain	parse	2	678.691	0	0	0	0	0	0	62583
U-deep-u-repeated	corpus	retain	parsev	2	1106.86	0	0	0	0	0	0	37938
U-deep-u-repeated	corpus	retain	pparse	2	653.869	0	0	0	0	0	0	61953
U-deep-u-repeated	corpus	retain	touch	2	44.3698	0	0	0	0	0	0	885570
U-deep-u-repeated	corpus	retain	strs	2	918.892	2104	0.000117173	0	0	0	31.7304	42672
U-deep-u-repeated	corpus	retain	host	2	2395.59	4192	0.000239206	0	0	0	64.0474	16722
U-deep-u-repeated	corpus	retain	hskip	2	1334.87	1840	0.000102698	0	0	0	25.0582	29212
U-deep-u-repeated	corpus	retain	inc	2	3187.08	5000	0.000244598	0	0	0	70.7705	12265
U-deep-u-repeated	corpus	retain	ref	2	3369.48	4152	0.000298478	0	0	0	80.191	10051
U-deep-u-repeated	corpus	retain	noop	3	758.057	0	0	0	0	0	0	52733
U-deep-u-repeated	corpus	retain	parse	3	637.396	0	0	0	0	0	0	62583
U-deep-u-repeated	corpus	retain	parsev	3	1059.73	0	0	0	0	0	0	37938
U-deep-u-repeated	corpus	retain	pparse	3	644.914	0	0	0	0	0	0	61953
U-deep-u-repeated	corpus	retain	touch	3	44.7505	0	0	0	0	0	0	885570
U-deep-u-repeated	corpus	retain	strs	3	937.958	2104	0.000117173	0	0	0	39.1357	42672
U-deep-u-repeated	corpus	retain	host	3	2557.23	4192	0.000239206	0	0	0	67.456	16722
U-deep-u-repeated	corpus	retain	hskip	3	1339.82	1840	0.000102698	0	0	0	28.7211	29212
U-deep-u-repeated	corpus	retain	inc	3	3195.66	5000	0.000326131	0	0	0	92.2136	12265
U-deep-u-repeated	corpus	retain	ref	3	3347.83	4152	0.000198985	0	0	0	54.323	10051
U-deep-u-repeated	corpus	retain	skip	3	2075.25	1800	0.000106039	0	0	0	29.5318	18861
U-deep-u-repeated	corpus	retain	parse	4	641.883	0	0	0	0	0	0	62583
U-deep-u-repeated	corpus	retain	parsev	4	1065.12	0	0	0	0	0	0	37938
U-deep-u-repeated	corpus	retain	pparse	4	645.717	0	0	0	0	0	0	61953
U-deep-u-repeated	corpus	retain	touch	4	44.3664	0	0	0	0	0	0	885570
U-deep-u-repeated	corpus	retain	strs	4	957.889	2104	0.000117173	0	0	0	32.1054	42672
U-deep-u-repeated	corpus	retain	host	4	2383.19	4192	0.000239206	0	0	0	58.426	16722
U-deep-u-repeated	corpus	retain	hskip	4	1337.51	1840	0.00013693	0	0	0	34.4037	29212
U-deep-u-repeated	corpus	retain	inc	4	3167.74	5000	0.000244598	0	0	0	72.1565	12265
U-deep-u-repeated	corpus	retain	ref	4	3343.1	4152	0.000298478	0	0	0	80.6885	10051
U-deep-u-repeated	corpus	retain	skip	4	2087.53	1800	0.000106039	0	0	0	32.0768	18861
U-deep-u-repeated	corpus	retain	noop	4	740.009	0	0	0	0	0	0	52733
U-deep-u-repeated	corpus	retain	parsev	5	1104.14	0	0	0	0	0	0	37938
U-deep-u-repeated	corpus	retain	pparse	5	652.945	0	0	0	0	0	0	61953
U-deep-u-repeated	corpus	retain	touch	5	44.4199	0	0	0	0	0	0	885570
U-deep-u-repeated	corpus	retain	strs	5	948.05	2104	0.000117173	0	0	0	29.6213	42672
U-deep-u-repeated	corpus	retain	host	5	2447.36	4192	0.000239206	0	0	0	73.0176	16722
U-deep-u-repeated	corpus	retain	hskip	5	1342	1840	0.000102698	0	0	0	25.6059	29212
U-deep-u-repeated	corpus	retain	inc	5	3332.73	5000	0.000244598	0	0	0	63.1064	12265
U-deep-u-repeated	corpus	retain	ref	5	3542.79	4152	0.000298478	0	0	0	97.5027	10051
U-deep-u-repeated	corpus	retain	skip	5	2098.42	1800	0.000106039	0	0	0	32.1298	18861
U-deep-u-repeated	corpus	retain	noop	5	738.772	0	0	0	0	0	0	52733
U-deep-u-repeated	corpus	retain	parse	5	664.273	0	0	0	0	0	0	62583
U-deep-u-repeated	corpus	retain	pparse	6	659.22	0	0	0	0	0	0	61953
U-deep-u-repeated	corpus	retain	touch	6	46.6948	0	0	0	0	0	0	885570
U-deep-u-repeated	corpus	retain	strs	6	934.581	2104	0.000117173	0	0	0	79.4198	42672
U-deep-u-repeated	corpus	retain	host	6	2640.7	4192	0.000239206	0	0	0	76.5459	16722
U-deep-u-repeated	corpus	retain	hskip	6	1463.47	1840	0.000102698	0	0	0	36.4919	29212
U-deep-u-repeated	corpus	retain	inc	6	3420.02	5000	0.000326131	0	0	0	93.9258	12265
U-deep-u-repeated	corpus	retain	ref	6	3491.26	4152	0.000198985	0	0	0	56.8103	10051
U-deep-u-repeated	corpus	retain	skip	6	2093.81	1800	0.000106039	0	0	0	31.1224	18861
U-deep-u-repeated	corpus	retain	noop	6	749.583	0	0	0	0	0	0	52733
U-deep-u-repeated	corpus	retain	parse	6	643.565	0	0	0	0	0	0	62583
U-deep-u-repeated	corpus	retain	parsev	6	1083.7	0	0	0	0	0	0	37938
U-deep-u-repeated	corpus	drop	ref	1	3228.86	4096	0.00020006	0	0	0	57.2172	9997
U-deep-u-repeated	corpus	drop	skip	1	1955.24	1744	0.000104745	0	0	0	30.0094	19094
U-deep-u-repeated	corpus	drop	noop	1	722.961	0	0	0	0	0	0	57775
U-deep-u-repeated	corpus	drop	parse	1	632.051	0	0	0	0	0	0	59772
U-deep-u-repeated	corpus	drop	parsev	1	1044.96	0	0	0	0	0	0	36838
U-deep-u-repeated	corpus	drop	pull	1	3628.01	4096	0.000228033	0	0	0	67.5737	13156
U-deep-u-repeated	corpus	drop	pparse	1	659.736	0	0	0	0	0	0	63678
U-deep-u-repeated	corpus	drop	touch	1	47.6389	0	0	0	0	0	0	896536
U-deep-u-repeated	corpus	drop	strs	1	993.047	2104	0.000118159	0	0	0	69.2409	42316
U-deep-u-repeated	corpus	drop	host	1	2382.07	4096	0.000261592	0	0	0	70.5644	15291
U-deep-u-repeated	corpus	drop	hskip	1	1271.9	1744	9.38644E-05	0	0	0	24.8115	31961
U-deep-u-repeated	corpus	drop	inc	1	3253.79	5000	0.000254388	0	0	0	68.3456	11793
U-deep-u-repeated	corpus	drop	skip	2	1958.58	1744	0.000104745	0	0	0	27.0242	19094
U-deep-u-repeated	corpus	drop	noop	2	729.24	0	0	0	0	0	0	57775
U-deep-u-repeated	corpus	drop	parse	2	640.024	0	0	0	0	0	0	59772
U-deep-u-repeated	corpus	drop	parsev	2	1045.19	0	0	0	0	0	0	36838
U-deep-u-repeated	corpus	drop	pull	2	3079.61	4096	0.000304044	0	0	0	79.0514	13156
U-deep-u-repeated	corpus	drop	pparse	2	643.11	0	0	0	0	0	0	63678
U-deep-u-repeated	corpus	drop	touch	2	46.8479	0	0	0	0	0	0	896536
U-deep-u-repeated	corpus	drop	strs	2	969.047	2104	0.000118159	0	0	0	31.572	42316
U-deep-u-repeated	corpus	drop	host	2	2461.91	4096	0.000196194	0	0	0	54.3457	15291
U-deep-u-repeated	corpus	drop	hskip	2	1279.94	1744	0.000125153	0	0	0	35.0114	31961
U-deep-u-repeated	corpus	drop	inc	2	3301.79	5000	0.000254388	0	0	0	79.9627	11793
U-deep-u-repeated	corpus	drop	ref	2	3275.53	4096	0.00020006	0	0	0	69.7209	9997
U-deep-u-repeated	corpus	drop	noop	3	753.408	0	0	0	0	0	0	57775
U-deep-u-repeated	corpus	drop	parse	3	634.956	0	0	0	0	0	0	59772
U-deep-u-repeated	corpus	drop	parsev	3	1057.72	0	0	0	0	0	0	36838
U-deep-u-repeated	corpus	drop	pull	3	3039	4096	0.000228033	0	0	0	63.6212	13156
U-deep-u-repeated	corpus	drop	pparse	3	646.68	0	0	0	0	0	0	63678
U-deep-u-repeated	corpus	drop	touch	3	47.5759	0	0	0	0	0	0	896536
U-deep-u-repeated	corpus	drop	strs	3	934.651	2104	0.00014179	0	0	0	38.1416	42316
U-deep-u-repeated	corpus	drop	host	3	2509.9	4096	0.000196194	0	0	0	48.5253	15291
U-deep-u-repeated	corpus	drop	hskip	3	1304.04	1744	9.38644E-05	0	0	0	24.8115	31961
U-deep-u-repeated	corpus	drop	inc	3	3303.52	5000	0.000339184	0	0	0	138.133	11793
U-deep-u-repeated	corpus	drop	ref	3	3264.09	4096	0.00020006	0	0	0	52.8158	9997
U-deep-u-repeated	corpus	drop	skip	3	1971.91	1744	0.000104745	0	0	0	26.2386	19094
U-deep-u-repeated	corpus	drop	parse	4	640.092	0	0	0	0	0	0	59772
U-deep-u-repeated	corpus	drop	parsev	4	1134.05	0	0	0	0	0	0	36838
U-deep-u-repeated	corpus	drop	pull	4	3063.98	4096	0.000228033	0	0	0	62.253	13156
U-deep-u-repeated	corpus	drop	pparse	4	650.32	0	0	0	0	0	0	63678
U-deep-u-repeated	corpus	drop	touch	4	47.8142	0	0	0	0	0	0	896536
U-deep-u-repeated	corpus	drop	strs	4	977.923	2104	0.000118159	0	0	0	31.4538	42316
U-deep-u-repeated	corpus	drop	host	4	2478.3	4096	0.000261592	0	0	0	68.4063	15291
U-deep-u-repeated	corpus	drop	hskip	4	1288.45	1744	9.38644E-05	0	0	0	26.1256	31961
U-deep-u-repeated	corpus	drop	inc	4	3245.21	5000	0.000339184	0	0	0	84.2025	11793
U-deep-u-repeated	corpus	drop	ref	4	3273.24	4096	0.00020006	0	0	0	60.7182	9997
U-deep-u-repeated	corpus	drop	skip	4	2058.52	1744	0.000104745	0	0	0	31.4759	19094
U-deep-u-repeated	corpus	drop	noop	4	772.382	0	0	0	0	0	0	57775
U-deep-u-repeated	corpus	drop	parsev	5	1086.62	0	0	0	0	0	0	36838
U-deep-u-repeated	corpus	drop	pull	5	2996.31	4096	0.000228033	0	0	0	69.778	13156
U-deep-u-repeated	corpus	drop	pparse	5	631.099	0	0	0	0	0	0	63678
U-deep-u-repeated	corpus	drop	touch	5	47.2307	0	0	0	0	0	0	896536
U-deep-u-repeated	corpus	drop	strs	5	923.621	2104	0.000118159	0	0	0	27.4837	42316
U-deep-u-repeated	corpus	drop	host	5	2324.6	4096	0.000261592	0	0	0	63.0436	15291
U-deep-u-repeated	corpus	drop	hskip	5	1289.13	1744	9.38644E-05	0	0	0	24.7489	31961
U-deep-u-repeated	corpus	drop	inc	5	3168.95	5000	0.000339184	0	0	0	86.4072	11793
U-deep-u-repeated	corpus	drop	ref	5	3215.24	4096	0.00020006	0	0	0	54.5164	9997
U-deep-u-repeated	corpus	drop	skip	5	1937.14	1744	0.000104745	0	0	0	27.1813	19094
U-deep-u-repeated	corpus	drop	noop	5	706.542	0	0	0	0	0	0	57775
U-deep-u-repeated	corpus	drop	parse	5	635.594	0	0	0	0	0	0	59772
U-deep-u-repeated	corpus	drop	pull	6	2960.46	4096	0.000228033	0	0	0	61.0368	13156
U-deep-u-repeated	corpus	drop	pparse	6	641.684	0	0	0	0	0	0	63678
U-deep-u-repeated	corpus	drop	touch	6	47.1655	0	0	0	0	0	0	896536
U-deep-u-repeated	corpus	drop	strs	6	927.117	2104	0.000118159	0	0	0	33.368	42316
U-deep-u-repeated	corpus	drop	host	6	2385.83	4096	0.000261592	0	0	0	64.9402	15291
U-deep-u-repeated	corpus	drop	hskip	6	1293.75	1744	9.38644E-05	0	0	0	23.0906	31961
U-deep-u-repeated	corpus	drop	inc	6	3253.16	5000	0.000339184	0	0	0	93.1909	11793
U-deep-u-repeated	corpus	drop	ref	6	3193.57	4096	0.00020006	0	0	0	47.5143	9997
U-deep-u-repeated	corpus	drop	skip	6	1962.18	1744	0.000104745	0	0	0	26.9718	19094
U-deep-u-repeated	corpus	drop	noop	6	708.906	0	0	0	0	0	0	57775
U-deep-u-repeated	corpus	drop	parse	6	644.588	0	0	0	0	0	0	59772
U-deep-u-repeated	corpus	drop	parsev	6	1051.82	0	0	0	0	0	0	36838
U-oneof-u-repeated	corpus	retain	ref	1	430.99	400	2.13475E-05	0	0	0	6.26548	93688
U-oneof-u-repeated	corpus	retain	skip	1	354.609	264	1.77933E-05	0	0	0	4.05687	112402
U-oneof-u-repeated	corpus	retain	noop	1	131.002	0	0	0	0	0	0	296525
U-oneof-u-repeated	corpus	retain	parse	1	114.385	0	0	0	0	0	0	336890
U-oneof-u-repeated	corpus	retain	parsev	1	133.113	0	0	0	0	0	0	290450
U-oneof-u-repeated	corpus	retain	pparse	1	109.489	0	0	0	0	0	0	351318
U-oneof-u-repeated	corpus	retain	touch	1	10.5877	0	0	0	0	0	0	3735530
U-oneof-u-repeated	corpus	retain	strs	1	61.832	136	7.74305E-06	0	0	0	1.90479	645740
U-oneof-u-repeated	corpus	retain	host	1	226.71	440	2.26633E-05	0	0	0	5.52417	176497
U-oneof-u-repeated	corpus	retain	hskip	1	169.833	304	2.07567E-05	0	0	0	5.16012	240886
U-oneof-u-repeated	corpus	retain	inc	1	479.962	904	4.8489E-05	0	0	0	12.098	82493
U-oneof-u-repeated	corpus	retain	skip	2	356.081	264	1.77933E-05	0	0	0	4.7597	112402
U-oneof-u-repeated	corpus	retain	noop	2	130.912	0	0	0	0	0	0	296525
U-oneof-u-repeated	corpus	retain	parse	2	114.46	0	0	0	0	0	0	336890
U-oneof-u-repeated	corpus	retain	parsev	2	133.091	0	0	0	0	0	0	290450
U-oneof-u-repeated	corpus	retain	pparse	2	109.543	0	0	0	0	0	0	351318
U-oneof-u-repeated	corpus	retain	touch	2	10.5237	0	0	0	0	0	0	3735530
U-oneof-u-repeated	corpus	retain	strs	2	61.738	136	7.74305E-06	0	0	0	1.83975	645740
U-oneof-u-repeated	corpus	retain	host	2	226.429	440	2.26633E-05	0	0	0	4.95759	176497
U-oneof-u-repeated	corpus	retain	hskip	2	168.361	304	2.07567E-05	0	0	0	5.17257	240886
U-oneof-u-repeated	corpus	retain	inc	2	478.028	904	4.8489E-05	0	0	0	11.3101	82493
U-oneof-u-repeated	corpus	retain	ref	2	427.2	400	2.13475E-05	0	0	0	5.04867	93688
U-oneof-u-repeated	corpus	retain	noop	3	130.794	0	0	0	0	0	0	296525
U-oneof-u-repeated	corpus	retain	parse	3	114.65	0	0	0	0	0	0	336890
U-oneof-u-repeated	corpus	retain	parsev	3	133.148	0	0	0	0	0	0	290450
U-oneof-u-repeated	corpus	retain	pparse	3	109.616	0	0	0	0	0	0	351318
U-oneof-u-repeated	corpus	retain	touch	3	10.5539	0	0	0	0	0	0	3735530
U-oneof-u-repeated	corpus	retain	strs	3	61.541	136	7.74305E-06	0	0	0	1.90634	645740
U-oneof-u-repeated	corpus	retain	host	3	228.743	440	2.83291E-05	0	0	0	6.34572	176497
U-oneof-u-repeated	corpus	retain	hskip	3	167.089	304	1.66054E-05	0	0	0	3.80678	240886
U-oneof-u-repeated	corpus	retain	inc	3	475.614	904	4.8489E-05	0	0	0	11.0555	82493
U-oneof-u-repeated	corpus	retain	ref	3	427.766	400	2.13475E-05	0	0	0	4.73913	93688
U-oneof-u-repeated	corpus	retain	skip	3	354.951	264	1.77933E-05	0	0	0	4.52839	112402
U-oneof-u-repeated	corpus	retain	parse	4	114.924	0	0	0	0	0	0	336890
U-oneof-u-repeated	corpus	retain	parsev	4	132.574	0	0	0	0	0	0	290450
U-oneof-u-repeated	corpus	retain	pparse	4	109.935	0	0	0	0	0	0	351318
U-oneof-u-repeated	corpus	retain	touch	4	10.5431	0	0	0	0	0	0	3735530
U-oneof-u-repeated	corpus	retain	strs	4	61.3492	136	7.74305E-06	0	0	0	1.81187	645740
U-oneof-u-repeated	corpus	retain	host	4	227.354	440	2.83291E-05	0	0	0	6.40804	176497
U-oneof-u-repeated	corpus	retain	hskip	4	170.787	304	1.66054E-05	0	0	0	3.95208	240886
U-oneof-u-repeated	corpus	retain	inc	4	484.026	904	4.8489E-05	0	0	0	11.5525	82493
U-oneof-u-repeated	corpus	retain	ref	4	430.365	400	2.13475E-05	0	0	0	5.56101	93688
U-oneof-u-repeated	corpus	retain	skip	4	356.222	264	1.77933E-05	0	0	0	4.57287	112402
U-oneof-u-repeated	corpus	retain	noop	4	131.102	0	0	0	0	0	0	296525
U-oneof-u-repeated	corpus	retain	parsev	5	133.468	0	0	0	0	0	0	290450
U-oneof-u-repeated	corpus	retain	pparse	5	109.557	0	0	0	0	0	0	351318
U-oneof-u-repeated	corpus	retain	touch	5	10.6763	0	0	0	0	0	0	3735530
U-oneof-u-repeated	corpus	retain	strs	5	62.1231	136	7.74305E-06	0	0	0	1.93112	645740
U-oneof-u-repeated	corpus	retain	host	5	226.011	440	2.83291E-05	0	0	0	6.60634	176497
U-oneof-u-repeated	corpus	retain	hskip	5	166.887	304	1.66054E-05	0	0	0	4.25512	240886
U-oneof-u-repeated	corpus	retain	inc	5	475.338	904	4.8489E-05	0	0	0	11.6495	82493
U-oneof-u-repeated	corpus	retain	ref	5	428.447	400	2.13475E-05	0	0	0	5.33686	93688
U-oneof-u-repeated	corpus	retain	skip	5	355.381	264	1.77933E-05	0	0	0	4.59067	112402
U-oneof-u-repeated	corpus	retain	noop	5	131.057	0	0	0	0	0	0	296525
U-oneof-u-repeated	corpus	retain	parse	5	114.25	0	0	0	0	0	0	336890
U-oneof-u-repeated	corpus	retain	pparse	6	109.45	0	0	0	0	0	0	351318
U-oneof-u-repeated	corpus	retain	touch	6	10.5293	0	0	0	0	0	0	3735530
U-oneof-u-repeated	corpus	retain	strs	6	61.9261	136	7.74305E-06	0	0	0	1.81652	645740
U-oneof-u-repeated	corpus	retain	host	6	224.783	440	2.83291E-05	0	0	0	6.4307	176497
U-oneof-u-repeated	corpus	retain	hskip	6	166.27	304	1.66054E-05	0	0	0	3.61997	240886
U-oneof-u-repeated	corpus	retain	inc	6	471.94	904	4.8489E-05	0	0	0	10.0251	82493
U-oneof-u-repeated	corpus	retain	ref	6	425.836	400	2.13475E-05	0	0	0	4.94193	93688
U-oneof-u-repeated	corpus	retain	skip	6	354.356	264	1.77933E-05	0	0	0	4.65294	112402
U-oneof-u-repeated	corpus	retain	noop	6	130.805	0	0	0	0	0	0	296525
U-oneof-u-repeated	corpus	retain	parse	6	114.645	0	0	0	0	0	0	336890
U-oneof-u-repeated	corpus	retain	parsev	6	134.104	0	0	0	0	0	0	290450
U-oneof-u-repeated	corpus	drop	ref	1	358.009	352	1.74946E-05	0	0	0	5.08218	114321
U-oneof-u-repeated	corpus	drop	skip	1	315.206	216	1.46636E-05	0	0	0	3.75389	136392
U-oneof-u-repeated	corpus	drop	noop	1	159.449	0	0	0	0	0	0	249021
U-oneof-u-repeated	corpus	drop	parse	1	140.397	0	0	0	0	0	0	278429
U-oneof-u-repeated	corpus	drop	parsev	1	162.371	0	0	0	0	0	0	248159
U-oneof-u-repeated	corpus	drop	pull	1	312.442	352	1.641E-05	0	0	0	4.71787	121877
U-oneof-u-repeated	corpus	drop	pparse	1	136.201	0	0	0	0	0	0	301003
U-oneof-u-repeated	corpus	drop	touch	1	10.8983	0	0	0	0	0	0	3636976
U-oneof-u-repeated	corpus	drop	strs	1	63.2844	136	7.81983E-06	0	0	0	1.97216	639400
U-oneof-u-repeated	corpus	drop	host	1	180.926	352	2.03499E-05	0	0	0	5.83025	196561
U-oneof-u-repeated	corpus	drop	hskip	1	120.867	216	1.48253E-05	0	0	0	3.48395	337261
U-oneof-u-repeated	corpus	drop	inc	1	477.616	904	4.8971E-05	0	0	0	10.7981	81681
U-oneof-u-repeated	corpus	drop	skip	2	292.451	216	1.46636E-05	0	0	0	3.5266	136392
U-oneof-u-repeated	corpus	drop	noop	2	159.021	0	0	0	0	0	0	249021
U-oneof-u-repeated	corpus	drop	parse	2	140.628	0	0	0	0	0	0	278429
U-oneof-u-repeated	corpus	drop	parsev	2	162.554	0	0	0	0	0	0	248159
U-oneof-u-repeated	corpus	drop	pull	2	311.626	352	1.641E-05	0	0	0	4.61941	121877
U-oneof-u-repeated	corpus	drop	pparse	2	133.826	0	0	0	0	0	0	301003
U-oneof-u-repeated	corpus	drop	touch	2	10.9184	0	0	0	0	0	0	3636976
U-oneof-u-repeated	corpus	drop	strs	2	64.3468	136	7.81983E-06	0	0	0	1.84392	639400
U-oneof-u-repeated	corpus	drop	host	2	184.313	352	2.03499E-05	0	0	0	4.87889	196561
U-oneof-u-repeated	corpus	drop	hskip	2	124.284	216	1.18603E-05	0	0	0	2.98582	337261
U-oneof-u-repeated	corpus	drop	inc	2	485.216	904	6.12137E-05	0	0	0	14.3363	81681
U-oneof-u-repeated	corpus	drop	ref	2	358.618	352	1.74946E-05	0	0	0	4.11123	114321
U-oneof-u-repeated	corpus	drop	noop	3	160.123	0	0	0	0	0	0	249021
U-oneof-u-repeated	corpus	drop	parse	3	141.318	0	0	0	0	0	0	278429
U-oneof-u-repeated	corpus	drop	parsev	3	163.398	0	0	0	0	0	0	248159
U-oneof-u-repeated	corpus	drop	pull	3	309.651	352	1.641E-05	0	0	0	4.70146	121877
U-oneof-u-repeated	corpus	drop	pparse	3	134.796	0	0	0	0	0	0	301003
U-oneof-u-repeated	corpus	drop	touch	3	10.8819	0	0	0	0	0	0	3636976
U-oneof-u-repeated	corpus	drop	strs	3	64.069	136	7.81983E-06	7.81983E-06	0	0	2.44135	639400
U-oneof-u-repeated	corpus	drop	host	3	178.988	352	2.03499E-05	5.08748E-06	0	0	5.30624	196561
U-oneof-u-repeated	corpus	drop	hskip	3	122.217	216	1.48253E-05	0	0	0	3.62627	337261
U-oneof-u-repeated	corpus	drop	inc	3	480.057	904	4.8971E-05	0	0	0	11.7286	81681
U-oneof-u-repeated	corpus	drop	ref	3	355.304	352	1.74946E-05	0	0	0	4.05	114321
U-oneof-u-repeated	corpus	drop	skip	3	287.308	216	1.46636E-05	0	0	0	3.77588	136392
U-oneof-u-repeated	corpus	drop	parse	4	140.656	0	0	0	0	0	0	278429
U-oneof-u-repeated	corpus	drop	parsev	4	166.27	0	0	0	0	0	0	248159
U-oneof-u-repeated	corpus	drop	pull	4	340.106	352	1.641E-05	0	0	0	22.5801	121877
U-oneof-u-repeated	corpus	drop	pparse	4	138.063	0	0	0	0	0	0	301003
U-oneof-u-repeated	corpus	drop	touch	4	11.5449	0	0	0	0	0	0	3636976
U-oneof-u-repeated	corpus	drop	strs	4	66.2284	136	9.3838E-06	0	0	0	2.34282	639400
U-oneof-u-repeated	corpus	drop	host	4	180.477	352	2.03499E-05	0	0	0	4.71101	196561
U-oneof-u-repeated	corpus	drop	hskip	4	122.357	216	1.18603E-05	0	0	0	3.10442	337261
U-oneof-u-repeated	corpus	drop	inc	4	494.258	904	4.8971E-05	0	0	0	11.9612	81681
U-oneof-u-repeated	corpus	drop	ref	4	364.315	352	1.74946E-05	0	0	0	4.24244	114321
U-oneof-u-repeated	corpus	drop	skip	4	288.9	216	1.46636E-05	0	0	0	4.39175	136392
U-oneof-u-repeated	corpus	drop	noop	4	158.575	0	0	0	0	0	0	249021
U-oneof-u-repeated	corpus	drop	parsev	5	166.458	0	0	0	0	0	0	248159
U-oneof-u-repeated	corpus	drop	pull	5	328.017	352	2.4615E-05	0	0	0	7.05629	121877
U-oneof-u-repeated	corpus	drop	pparse	5	139.672	0	0	0	0	0	0	301003
U-oneof-u-repeated	corpus	drop	touch	5	11.296	0	0	0	0	0	0	3636976
U-oneof-u-repeated	corpus	drop	strs	5	62.8684	136	7.81983E-06	0	0	0	2.10353	639400
U-oneof-u-repeated	corpus	drop	host	5	190.969	352	2.03499E-05	0	0	0	5.30115	196561
U-oneof-u-repeated	corpus	drop	hskip	5	126.932	216	1.18603E-05	0	0	0	3.34163	337261
U-oneof-u-repeated	corpus	drop	inc	5	502.882	904	4.8971E-05	0	0	0	15.181	81681
U-oneof-u-repeated	corpus	drop	ref	5	369.31	352	1.74946E-05	0	0	0	4.6973	114321
U-oneof-u-repeated	corpus	drop	skip	5	292.193	216	1.46636E-05	0	0	0	4.94164	136392
U-oneof-u-repeated	corpus	drop	noop	5	166.287	0	0	0	0	0	0	249021
U-oneof-u-repeated	corpus	drop	parse	5	147.942	0	0	0	0	0	0	278429
U-oneof-u-repeated	corpus	drop	pull	6	337.954	352	2.4615E-05	0	0	0	7.60603	121877
U-oneof-u-repeated	corpus	drop	pparse	6	138.238	0	0	0	0	0	0	301003
U-oneof-u-repeated	corpus	drop	touch	6	11.3093	0	0	0	0	0	0	3636976
U-oneof-u-repeated	corpus	drop	strs	6	65.0263	136	7.81983E-06	0	0	0	2.23647	639400
U-oneof-u-repeated	corpus	drop	host	6	186.086	352	2.03499E-05	0	0	0	5.0773	196561
U-oneof-u-repeated	corpus	drop	hskip	6	126.07	216	1.18603E-05	0	0	0	5.19775	337261
U-oneof-u-repeated	corpus	drop	inc	6	508.657	904	4.8971E-05	0	0	0	12.7814	81681
U-oneof-u-repeated	corpus	drop	ref	6	369.125	352	2.62419E-05	0	0	0	6.74417	114321
U-oneof-u-repeated	corpus	drop	skip	6	293.633	216	7.33181E-06	0	0	0	2.08223	136392
U-oneof-u-repeated	corpus	drop	noop	6	161.91	0	0	0	0	0	0	249021
U-oneof-u-repeated	corpus	drop	parse	6	144.541	0	0	0	0	0	0	278429
U-oneof-u-repeated	corpus	drop	parsev	6	164.207	0	0	0	0	0	0	248159
U-wire-ListTaskSummaryResponse-tasks-as-wt5	corpus	retain	ref	1	3115.14	3720	0.000241235	0	0	0	62.1583	12436
U-wire-ListTaskSummaryResponse-tasks-as-wt5	corpus	retain	skip	1	1674.87	1416	8.31566E-05	0	0	0	21.9118	24051
U-wire-ListTaskSummaryResponse-tasks-as-wt5	corpus	retain	noop	1	479.989	0	0	0	0	0	0	83691
U-wire-ListTaskSummaryResponse-tasks-as-wt5	corpus	retain	parse	1	441.183	0	0	0	0	0	0	89995
U-wire-ListTaskSummaryResponse-tasks-as-wt5	corpus	retain	parsev	1	830.604	0	0	0	0	0	0	48493
U-wire-ListTaskSummaryResponse-tasks-as-wt5	corpus	retain	pparse	1	435.85	0	0	0	0	0	0	91053
U-wire-ListTaskSummaryResponse-tasks-as-wt5	corpus	retain	touch	1	43.2265	0	0	0	0	0	0	925731
U-wire-ListTaskSummaryResponse-tasks-as-wt5	corpus	retain	strs	1	976.118	1808	0.000100263	0	0	0	27.2215	39895
U-wire-ListTaskSummaryResponse-tasks-as-wt5	corpus	retain	host	1	2441.2	3720	0.000238294	0	0	0	66.1861	16786
U-wire-ListTaskSummaryResponse-tasks-as-wt5	corpus	retain	hskip	1	1172.01	1416	8.69515E-05	0	0	0	23.6798	34502
U-wire-ListTaskSummaryResponse-tasks-as-wt5	corpus	retain	inc	1	3179.46	4504	0.000195925	0	0	0	55.7406	10208
U-wire-ListTaskSummaryResponse-tasks-as-wt5	corpus	retain	skip	2	1674.38	1416	8.31566E-05	0	0	0	21.787	24051
U-wire-ListTaskSummaryResponse-tasks-as-wt5	corpus	retain	noop	2	484.984	0	0	0	0	0	0	83691
U-wire-ListTaskSummaryResponse-tasks-as-wt5	corpus	retain	parse	2	445.378	0	0	0	0	0	0	89995
U-wire-ListTaskSummaryResponse-tasks-as-wt5	corpus	retain	parsev	2	859.036	0	0	0	0	0	0	48493
U-wire-ListTaskSummaryResponse-tasks-as-wt5	corpus	retain	pparse	2	450.158	0	0	0	0	0	0	91053
U-wire-ListTaskSummaryResponse-tasks-as-wt5	corpus	retain	touch	2	44.1471	0	0	0	0	0	0	925731
U-wire-ListTaskSummaryResponse-tasks-as-wt5	corpus	retain	strs	2	1012.91	1808	0.000100263	0	0	0	32.7861	39895
U-wire-ListTaskSummaryResponse-tasks-as-wt5	corpus	retain	host	2	2432.92	3720	0.000238294	0	0	0	68.4499	16786
U-wire-ListTaskSummaryResponse-tasks-as-wt5	corpus	retain	hskip	2	1160.63	1416	8.69515E-05	0	0	0	23.216	34502
U-wire-ListTaskSummaryResponse-tasks-as-wt5	corpus	retain	inc	2	3453.42	4504	0.000195925	0	0	0	53.3895	10208
U-wire-ListTaskSummaryResponse-tasks-as-wt5	corpus	retain	ref	2	3360.93	3720	0.000241235	0	0	0	61.9974	12436
U-wire-ListTaskSummaryResponse-tasks-as-wt5	corpus	retain	noop	3	490.259	0	0	0	0	0	0	83691
U-wire-ListTaskSummaryResponse-tasks-as-wt5	corpus	retain	parse	3	475.738	0	0	0	0	0	0	89995
U-wire-ListTaskSummaryResponse-tasks-as-wt5	corpus	retain	parsev	3	896.709	0	0	0	0	0	0	48493
U-wire-ListTaskSummaryResponse-tasks-as-wt5	corpus	retain	pparse	3	446.469	0	0	0	0	0	0	91053
U-wire-ListTaskSummaryResponse-tasks-as-wt5	corpus	retain	touch	3	44.1665	0	0	0	0	0	0	925731
U-wire-ListTaskSummaryResponse-tasks-as-wt5	corpus	retain	strs	3	978.919	1808	0.000100263	0	0	0	26.269	39895
U-wire-ListTaskSummaryResponse-tasks-as-wt5	corpus	retain	host	3	2395.69	3720	0.000238294	0	0	0	58.6799	16786
U-wire-ListTaskSummaryResponse-tasks-as-wt5	corpus	retain	hskip	3	1156.98	1416	8.69515E-05	0	0	0	20.8973	34502
U-wire-ListTaskSummaryResponse-tasks-as-wt5	corpus	retain	inc	3	3179.86	4504	0.000195925	0	0	0	62.0102	10208
U-wire-ListTaskSummaryResponse-tasks-as-wt5	corpus	retain	ref	3	3143.78	3720	0.000241235	0	0	0	59.0222	12436
U-wire-ListTaskSummaryResponse-tasks-as-wt5	corpus	retain	skip	3	1679.65	1416	8.31566E-05	0	0	0	23.9491	24051
U-wire-ListTaskSummaryResponse-tasks-as-wt5	corpus	retain	parse	4	443.743	0	0	0	0	0	0	89995
U-wire-ListTaskSummaryResponse-tasks-as-wt5	corpus	retain	parsev	4	827.849	0	0	0	0	0	0	48493
U-wire-ListTaskSummaryResponse-tasks-as-wt5	corpus	retain	pparse	4	440.058	0	0	0	0	0	0	91053
U-wire-ListTaskSummaryResponse-tasks-as-wt5	corpus	retain	touch	4	43.3147	0	0	0	0	0	0	925731
U-wire-ListTaskSummaryResponse-tasks-as-wt5	corpus	retain	strs	4	974.083	1808	0.000100263	0	0	0	26.8204	39895
U-wire-ListTaskSummaryResponse-tasks-as-wt5	corpus	retain	host	4	2397.5	3720	0.000238294	0	0	0	129.036	16786
U-wire-ListTaskSummaryResponse-tasks-as-wt5	corpus	retain	hskip	4	1163.98	1416	8.69515E-05	0	0	0	23.9406	34502
U-wire-ListTaskSummaryResponse-tasks-as-wt5	corpus	retain	inc	4	3177.79	4504	0.000195925	0	0	0	56.1324	10208
U-wire-ListTaskSummaryResponse-tasks-as-wt5	corpus	retain	ref	4	3156	3720	0.000241235	0	0	0	63.9273	12436
U-wire-ListTaskSummaryResponse-tasks-as-wt5	corpus	retain	skip	4	1698.35	1416	8.31566E-05	0	0	0	21.9533	24051
U-wire-ListTaskSummaryResponse-tasks-as-wt5	corpus	retain	noop	4	493.028	0	0	0	0	0	0	83691
U-wire-ListTaskSummaryResponse-tasks-as-wt5	corpus	retain	parsev	5	825.909	0	0	0	0	0	0	48493
U-wire-ListTaskSummaryResponse-tasks-as-wt5	corpus	retain	pparse	5	440.581	0	0	0	0	0	0	91053
U-wire-ListTaskSummaryResponse-tasks-as-wt5	corpus	retain	touch	5	43.8758	0	0	0	0	0	0	925731
U-wire-ListTaskSummaryResponse-tasks-as-wt5	corpus	retain	strs	5	981.531	1808	0.000100263	0	0	0	28.5499	39895
U-wire-ListTaskSummaryResponse-tasks-as-wt5	corpus	retain	host	5	2415.43	3720	0.000238294	0	0	0	60.4671	16786
U-wire-ListTaskSummaryResponse-tasks-as-wt5	corpus	retain	hskip	5	1160.57	1416	8.69515E-05	0	0	0	22.2596	34502
U-wire-ListTaskSummaryResponse-tasks-as-wt5	corpus	retain	inc	5	3175.97	4504	0.000195925	0	0	0	58.8754	10208
U-wire-ListTaskSummaryResponse-tasks-as-wt5	corpus	retain	ref	5	3183.08	3720	0.000241235	0	0	0	64.4098	12436
U-wire-ListTaskSummaryResponse-tasks-as-wt5	corpus	retain	skip	5	1700.02	1416	8.31566E-05	0	0	0	21.7455	24051
U-wire-ListTaskSummaryResponse-tasks-as-wt5	corpus	retain	noop	5	485.824	0	0	0	0	0	0	83691
U-wire-ListTaskSummaryResponse-tasks-as-wt5	corpus	retain	parse	5	456.599	0	0	0	0	0	0	89995
U-wire-ListTaskSummaryResponse-tasks-as-wt5	corpus	retain	pparse	6	439.637	0	0	0	0	0	0	91053
U-wire-ListTaskSummaryResponse-tasks-as-wt5	corpus	retain	touch	6	43.5207	0	0	0	0	0	0	925731
U-wire-ListTaskSummaryResponse-tasks-as-wt5	corpus	retain	strs	6	969.467	1808	0.000100263	0	0	0	27.1713	39895
U-wire-ListTaskSummaryResponse-tasks-as-wt5	corpus	retain	host	6	2410.05	3720	0.000238294	0	0	0	62.016	16786
U-wire-ListTaskSummaryResponse-tasks-as-wt5	corpus	retain	hskip	6	1148.56	1416	8.69515E-05	0	0	0	21.6799	34502
U-wire-ListTaskSummaryResponse-tasks-as-wt5	corpus	retain	inc	6	3168.21	4504	0.000195925	0	0	0	59.953	10208
U-wire-ListTaskSummaryResponse-tasks-as-wt5	corpus	retain	ref	6	3141.45	3720	0.000241235	0	0	0	61.1933	12436
U-wire-ListTaskSummaryResponse-tasks-as-wt5	corpus	retain	skip	6	1683.07	1416	8.31566E-05	0	0	0	21.7455	24051
U-wire-ListTaskSummaryResponse-tasks-as-wt5	corpus	retain	noop	6	481.134	0	0	0	0	0	0	83691
U-wire-ListTaskSummaryResponse-tasks-as-wt5	corpus	retain	parse	6	446.625	0	0	0	0	0	0	89995
U-wire-ListTaskSummaryResponse-tasks-as-wt5	corpus	retain	parsev	6	835.312	0	0	0	0	0	0	48493
U-wire-ListTaskSummaryResponse-tasks-as-wt5	corpus	drop	ref	1	3185.83	3688	0.000153917	0	0	0	49.9461	12994
U-wire-ListTaskSummaryResponse-tasks-as-wt5	corpus	drop	skip	1	1602.52	1384	8.18096E-05	0	0	0	22.4158	24447
U-wire-ListTaskSummaryResponse-tasks-as-wt5	corpus	drop	noop	1	525.472	0	0	0	0	0	0	76058
U-wire-ListTaskSummaryResponse-tasks-as-wt5	corpus	drop	parse	1	507.213	0	0	0	0	0	0	85257
U-wire-ListTaskSummaryResponse-tasks-as-wt5	corpus	drop	parsev	1	854.554	0	0	0	0	0	0	46725
U-wire-ListTaskSummaryResponse-tasks-as-wt5	corpus	drop	pull	1	2770.36	3688	0.000207225	0	0	0	60.717	14477
U-wire-ListTaskSummaryResponse-tasks-as-wt5	corpus	drop	pparse	1	458.459	0	0	0	0	0	0	87510
U-wire-ListTaskSummaryResponse-tasks-as-wt5	corpus	drop	touch	1	43.2491	0	0	0	0	0	0	920166
U-wire-ListTaskSummaryResponse-tasks-as-wt5	corpus	drop	strs	1	969.521	1808	0.000101885	0	0	0	25.2674	39260
U-wire-ListTaskSummaryResponse-tasks-as-wt5	corpus	drop	host	1	2388.89	3688	0.000242925	0	0	0	65.1646	16466
U-wire-ListTaskSummaryResponse-tasks-as-wt5	corpus	drop	hskip	1	1088.79	1384	8.1022E-05	0	0	0	21.8759	37027
U-wire-ListTaskSummaryResponse-tasks-as-wt5	corpus	drop	inc	1	3197.13	4504	0.000264854	0	0	0	72.8348	11327
U-wire-ListTaskSummaryResponse-tasks-as-wt5	corpus	drop	skip	2	1572.82	1384	8.18096E-05	0	0	0	22.9885	24447
U-wire-ListTaskSummaryResponse-tasks-as-wt5	corpus	drop	noop	2	518.878	0	0	0	0	0	0	76058
U-wire-ListTaskSummaryResponse-tasks-as-wt5	corpus	drop	parse	2	470.702	0	0	0	0	0	0	85257
U-wire-ListTaskSummaryResponse-tasks-as-wt5	corpus	drop	parsev	2	860.293	0	0	0	0	0	0	46725
U-wire-ListTaskSummaryResponse-tasks-as-wt5	corpus	drop	pull	2	2757.22	3688	0.000207225	0	0	0	57.5395	14477
U-wire-ListTaskSummaryResponse-tasks-as-wt5	corpus	drop	pparse	2	458.086	0	0	0	0	0	0	87510
U-wire-ListTaskSummaryResponse-tasks-as-wt5	corpus	drop	touch	2	43.2806	0	0	0	0	0	0	920166
U-wire-ListTaskSummaryResponse-tasks-as-wt5	corpus	drop	strs	2	969.456	1808	0.000101885	0	0	0	27.5089	39260
U-wire-ListTaskSummaryResponse-tasks-as-wt5	corpus	drop	host	2	2374.79	3688	0.000242925	0	0	0	69.1121	16466
U-wire-ListTaskSummaryResponse-tasks-as-wt5	corpus	drop	hskip	2	1082.47	1384	8.1022E-05	0	0	0	22.7942	37027
U-wire-ListTaskSummaryResponse-tasks-as-wt5	corpus	drop	inc	2	3153.45	4504	0.000264854	0	0	0	83.429	11327
U-wire-ListTaskSummaryResponse-tasks-as-wt5	corpus	drop	ref	2	3064.86	3688	0.000153917	0	0	0	40.1724	12994
U-wire-ListTaskSummaryResponse-tasks-as-wt5	corpus	drop	noop	3	533.648	0	0	0	0	0	0	76058
U-wire-ListTaskSummaryResponse-tasks-as-wt5	corpus	drop	parse	3	468.77	0	0	0	0	0	0	85257
U-wire-ListTaskSummaryResponse-tasks-as-wt5	corpus	drop	parsev	3	855.185	0	0	0	0	0	0	46725
U-wire-ListTaskSummaryResponse-tasks-as-wt5	corpus	drop	pull	3	2821.31	3688	0.000207225	0	0	0	58.0231	14477
U-wire-ListTaskSummaryResponse-tasks-as-wt5	corpus	drop	pparse	3	495.425	0	0	0	0	0	0	87510
U-wire-ListTaskSummaryResponse-tasks-as-wt5	corpus	drop	touch	3	44.0755	0	0	0	0	0	0	920166
U-wire-ListTaskSummaryResponse-tasks-as-wt5	corpus	drop	strs	3	1017.8	1808	0.000127356	0	0	0	33.8512	39260
U-wire-ListTaskSummaryResponse-tasks-as-wt5	corpus	drop	host	3	2410.7	3688	0.000182194	0	0	0	49.0101	16466
U-wire-ListTaskSummaryResponse-tasks-as-wt5	corpus	drop	hskip	3	1114.01	1384	8.1022E-05	0	0	0	22.011	37027
U-wire-ListTaskSummaryResponse-tasks-as-wt5	corpus	drop	inc	3	3233.36	4504	0.000264854	0	0	0	72.9231	11327
U-wire-ListTaskSummaryResponse-tasks-as-wt5	corpus	drop	ref	3	3119.31	3688	0.000230876	0	0	0	63.7217	12994
U-wire-ListTaskSummaryResponse-tasks-as-wt5	corpus	drop	skip	3	1627.8	1384	8.18096E-05	0	0	0	24.0111	24447
U-wire-ListTaskSummaryResponse-tasks-as-wt5	corpus	drop	parse	4	471.484	0	0	0	0	0	0	85257
U-wire-ListTaskSummaryResponse-tasks-as-wt5	corpus	drop	parsev	4	884.069	0	0	0	0	0	0	46725
U-wire-ListTaskSummaryResponse-tasks-as-wt5	corpus	drop	pull	4	2800.81	3688	0.000207225	0	0	0	61.1314	14477
U-wire-ListTaskSummaryResponse-tasks-as-wt5	corpus	drop	pparse	4	467.096	0	0	0	0	0	0	87510
U-wire-ListTaskSummaryResponse-tasks-as-wt5	corpus	drop	touch	4	43.9432	0	0	0	0	0	0	920166
U-wire-ListTaskSummaryResponse-tasks-as-wt5	corpus	drop	strs	4	981.654	1808	0.000101885	0	0	0	26.4646	39260
U-wire-ListTaskSummaryResponse-tasks-as-wt5	corpus	drop	host	4	2391.28	3688	0.000182194	0	0	0	48.4635	16466
U-wire-ListTaskSummaryResponse-tasks-as-wt5	corpus	drop	hskip	4	1128.36	1384	8.1022E-05	0	0	0	31.9227	37027
U-wire-ListTaskSummaryResponse-tasks-as-wt5	corpus	drop	inc	4	3333.77	4504	0.000264854	0	0	0	83.6055	11327
U-wire-ListTaskSummaryResponse-tasks-as-wt5	corpus	drop	ref	4	3120.28	3688	0.000230876	0	0	0	228.798	12994
U-wire-ListTaskSummaryResponse-tasks-as-wt5	corpus	drop	skip	4	1591.14	1384	8.18096E-05	0	0	0	22.2931	24447
U-wire-ListTaskSummaryResponse-tasks-as-wt5	corpus	drop	noop	4	592.945	0	0	0	0	0	0	76058
U-wire-ListTaskSummaryResponse-tasks-as-wt5	corpus	drop	parsev	5	903.69	0	0	0	0	0	0	46725
U-wire-ListTaskSummaryResponse-tasks-as-wt5	corpus	drop	pull	5	2955.28	3688	0.000207225	0	0	0	60.7861	14477
U-wire-ListTaskSummaryResponse-tasks-as-wt5	corpus	drop	pparse	5	475.476	0	0	0	0	0	0	87510
U-wire-ListTaskSummaryResponse-tasks-as-wt5	corpus	drop	touch	5	44.0332	0	0	0	0	0	0	920166
U-wire-ListTaskSummaryResponse-tasks-as-wt5	corpus	drop	strs	5	1016.79	1808	0.000101885	0	0	0	28.6296	39260
U-wire-ListTaskSummaryResponse-tasks-as-wt5	corpus	drop	host	5	2417.33	3688	0.000242925	0	0	0	79.1935	16466
U-wire-ListTaskSummaryResponse-tasks-as-wt5	corpus	drop	hskip	5	1114.95	1384	8.1022E-05	0	0	0	24.7117	37027
U-wire-ListTaskSummaryResponse-tasks-as-wt5	corpus	drop	inc	5	3199.21	4504	0.000264854	0	0	0	71.2457	11327
U-wire-ListTaskSummaryResponse-tasks-as-wt5	corpus	drop	ref	5	3038.83	3688	0.000230876	0	0	0	59.2581	12994
U-wire-ListTaskSummaryResponse-tasks-as-wt5	corpus	drop	skip	5	1607.7	1384	8.18096E-05	0	0	0	23.2748	24447
U-wire-ListTaskSummaryResponse-tasks-as-wt5	corpus	drop	noop	5	512.13	0	0	0	0	0	0	76058
U-wire-ListTaskSummaryResponse-tasks-as-wt5	corpus	drop	parse	5	485.073	0	0	0	0	0	0	85257
U-wire-ListTaskSummaryResponse-tasks-as-wt5	corpus	drop	pull	6	2761.42	3688	0.000207225	0	0	0	59.5427	14477
U-wire-ListTaskSummaryResponse-tasks-as-wt5	corpus	drop	pparse	6	467.747	0	0	0	0	0	0	87510
U-wire-ListTaskSummaryResponse-tasks-as-wt5	corpus	drop	touch	6	46.0241	0	0	0	0	0	0	920166
U-wire-ListTaskSummaryResponse-tasks-as-wt5	corpus	drop	strs	6	1017.88	1808	0.000101885	0	0	0	31.3041	39260
U-wire-ListTaskSummaryResponse-tasks-as-wt5	corpus	drop	host	6	2315.65	3688	0.000182194	0	0	0	43.1799	16466
U-wire-ListTaskSummaryResponse-tasks-as-wt5	corpus	drop	hskip	6	1075.85	1384	8.1022E-05	0	0	0	19.3372	37027
U-wire-ListTaskSummaryResponse-tasks-as-wt5	corpus	drop	inc	6	3159.74	4504	0.000264854	0	0	0	67.2729	11327
U-wire-ListTaskSummaryResponse-tasks-as-wt5	corpus	drop	ref	6	3027.89	3688	0.000230876	0	0	0	58.1807	12994
U-wire-ListTaskSummaryResponse-tasks-as-wt5	corpus	drop	skip	6	1571.19	1384	8.18096E-05	0	0	0	21.7205	24447
U-wire-ListTaskSummaryResponse-tasks-as-wt5	corpus	drop	noop	6	533.035	0	0	0	0	0	0	76058
U-wire-ListTaskSummaryResponse-tasks-as-wt5	corpus	drop	parse	6	493.441	0	0	0	0	0	0	85257
U-wire-ListTaskSummaryResponse-tasks-as-wt5	corpus	drop	parsev	6	851.342	0	0	0	0	0	0	46725
U-wire-UploadResultDataMessage-upload-as-wt5	corpus	retain	ref	1	347.376	344	1.77071E-05	0	0	0	5.05538	112949
U-wire-UploadResultDataMessage-upload-as-wt5	corpus	retain	skip	1	266.755	152	6.53684E-06	0	0	0	1.70612	152979
U-wire-UploadResultDataMessage-upload-as-wt5	corpus	retain	noop	1	113.819	0	0	0	0	0	0	337668
U-wire-UploadResultDataMessage-upload-as-wt5	corpus	retain	parse	1	81.8297	0	0	0	0	0	0	483360
U-wire-UploadResultDataMessage-upload-as-wt5	corpus	retain	parsev	1	107.852	0	0	0	0	0	0	367824
U-wire-UploadResultDataMessage-upload-as-wt5	corpus	retain	pparse	1	83.5569	0	0	0	0	0	0	476483
U-wire-UploadResultDataMessage-upload-as-wt5	corpus	retain	touch	1	4.92552	0	0	0	0	0	0	6572783
U-wire-UploadResultDataMessage-upload-as-wt5	corpus	retain	strs	1	72.1741	192	1.17424E-05	0	0	0	3.02116	596128
U-wire-UploadResultDataMessage-upload-as-wt5	corpus	retain	host	1	166.928	344	1.97163E-05	0	0	0	4.8305	253597
U-wire-UploadResultDataMessage-upload-as-wt5	corpus	retain	hskip	1	95.3647	152	9.36384E-06	0	0	0	2.51419	427175
U-wire-UploadResultDataMessage-upload-as-wt5	corpus	retain	inc	1	348.135	728	4.34669E-05	0	0	0	10.2147	115030
U-wire-UploadResultDataMessage-upload-as-wt5	corpus	retain	skip	2	265.513	152	6.53684E-06	0	0	0	1.59499	152979
U-wire-UploadResultDataMessage-upload-as-wt5	corpus	retain	noop	2	114.709	0	0	0	0	0	0	337668
U-wire-UploadResultDataMessage-upload-as-wt5	corpus	retain	parse	2	81.902	0	0	0	0	0	0	483360
U-wire-UploadResultDataMessage-upload-as-wt5	corpus	retain	parsev	2	107.621	0	0	0	0	0	0	367824
U-wire-UploadResultDataMessage-upload-as-wt5	corpus	retain	pparse	2	83.3099	0	0	0	0	0	0	476483
U-wire-UploadResultDataMessage-upload-as-wt5	corpus	retain	touch	2	4.97084	0	0	0	0	0	0	6572783
U-wire-UploadResultDataMessage-upload-as-wt5	corpus	retain	strs	2	70.5527	192	1.17424E-05	0	0	0	2.67895	596128
U-wire-UploadResultDataMessage-upload-as-wt5	corpus	retain	host	2	156.891	344	1.97163E-05	0	0	0	4.41251	253597
U-wire-UploadResultDataMessage-upload-as-wt5	corpus	retain	hskip	2	94.9045	152	7.02288E-06	0	0	0	1.69954	427175
U-wire-UploadResultDataMessage-upload-as-wt5	corpus	retain	inc	2	353.851	728	4.34669E-05	0	0	0	10.7624	115030
U-wire-UploadResultDataMessage-upload-as-wt5	corpus	retain	ref	2	350.754	344	1.77071E-05	0	0	0	4.26741	112949
U-wire-UploadResultDataMessage-upload-as-wt5	corpus	retain	noop	3	113.582	0	0	0	0	0	0	337668
U-wire-UploadResultDataMessage-upload-as-wt5	corpus	retain	parse	3	81.7059	0	0	0	0	0	0	483360
U-wire-UploadResultDataMessage-upload-as-wt5	corpus	retain	parsev	3	108.144	0	0	0	0	0	0	367824
U-wire-UploadResultDataMessage-upload-as-wt5	corpus	retain	pparse	3	84.0974	0	0	0	0	0	0	476483
U-wire-UploadResultDataMessage-upload-as-wt5	corpus	retain	touch	3	4.99642	0	0	0	0	0	0	6572783
U-wire-UploadResultDataMessage-upload-as-wt5	corpus	retain	strs	3	70.7934	192	1.17424E-05	0	0	0	2.9289	596128
U-wire-UploadResultDataMessage-upload-as-wt5	corpus	retain	host	3	159.91	344	1.97163E-05	0	0	0	4.91331	253597
U-wire-UploadResultDataMessage-upload-as-wt5	corpus	retain	hskip	3	102.571	152	9.36384E-06	0	0	0	2.74361	427175
U-wire-UploadResultDataMessage-upload-as-wt5	corpus	retain	inc	3	362.484	728	4.34669E-05	0	0	0	29.4967	115030
U-wire-UploadResultDataMessage-upload-as-wt5	corpus	retain	ref	3	362.926	344	1.77071E-05	0	0	0	4.96684	112949
U-wire-UploadResultDataMessage-upload-as-wt5	corpus	retain	skip	3	276.341	152	6.53684E-06	0	0	0	2.33365	152979
U-wire-UploadResultDataMessage-upload-as-wt5	corpus	retain	parse	4	83.872	0	0	0	0	0	0	483360
U-wire-UploadResultDataMessage-upload-as-wt5	corpus	retain	parsev	4	109.023	0	0	0	0	0	0	367824
U-wire-UploadResultDataMessage-upload-as-wt5	corpus	retain	pparse	4	84.4994	0	0	0	0	0	0	476483
U-wire-UploadResultDataMessage-upload-as-wt5	corpus	retain	touch	4	5.03814	0	0	0	0	0	0	6572783
U-wire-UploadResultDataMessage-upload-as-wt5	corpus	retain	strs	4	69.0873	192	1.17424E-05	0	0	0	2.65715	596128
U-wire-UploadResultDataMessage-upload-as-wt5	corpus	retain	host	4	156.504	344	1.97163E-05	0	0	0	4.50715	253597
U-wire-UploadResultDataMessage-upload-as-wt5	corpus	retain	hskip	4	95.1196	152	9.36384E-06	0	0	0	2.3316	427175
U-wire-UploadResultDataMessage-upload-as-wt5	corpus	retain	inc	4	356.435	728	4.34669E-05	0	0	0	11.0667	115030
U-wire-UploadResultDataMessage-upload-as-wt5	corpus	retain	ref	4	357.793	344	1.77071E-05	0	0	0	5.56003	112949
U-wire-UploadResultDataMessage-upload-as-wt5	corpus	retain	skip	4	277.493	152	6.53684E-06	0	0	0	1.99374	152979
U-wire-UploadResultDataMessage-upload-as-wt5	corpus	retain	noop	4	125.475	0	0	0	0	0	0	337668
U-wire-UploadResultDataMessage-upload-as-wt5	corpus	retain	parsev	5	111.852	0	0	0	0	0	0	367824
U-wire-UploadResultDataMessage-upload-as-wt5	corpus	retain	pparse	5	84.6479	0	0	0	0	0	0	476483
U-wire-UploadResultDataMessage-upload-as-wt5	corpus	retain	touch	5	5.11306	0	0	0	0	0	0	6572783
U-wire-UploadResultDataMessage-upload-as-wt5	corpus	retain	strs	5	72.9442	192	1.17424E-05	0	0	0	3.0631	596128
U-wire-UploadResultDataMessage-upload-as-wt5	corpus	retain	host	5	161.964	344	1.97163E-05	0	0	0	5.36678	253597
U-wire-UploadResultDataMessage-upload-as-wt5	corpus	retain	hskip	5	99.3645	152	9.36384E-06	0	0	0	2.47908	427175
U-wire-UploadResultDataMessage-upload-as-wt5	corpus	retain	inc	5	355.119	728	4.34669E-05	0	0	0	11.4231	115030
U-wire-UploadResultDataMessage-upload-as-wt5	corpus	retain	ref	5	367.925	344	1.77071E-05	0	0	0	5.15277	112949
U-wire-UploadResultDataMessage-upload-as-wt5	corpus	retain	skip	5	285.338	152	6.53684E-06	0	0	0	1.92183	152979
U-wire-UploadResultDataMessage-upload-as-wt5	corpus	retain	noop	5	118.352	0	0	0	0	0	0	337668
U-wire-UploadResultDataMessage-upload-as-wt5	corpus	retain	parse	5	82.5399	0	0	0	0	0	0	483360
U-wire-UploadResultDataMessage-upload-as-wt5	corpus	retain	pparse	6	84.1751	0	0	0	0	0	0	476483
U-wire-UploadResultDataMessage-upload-as-wt5	corpus	retain	touch	6	5.1136	0	0	0	0	0	0	6572783
U-wire-UploadResultDataMessage-upload-as-wt5	corpus	retain	strs	6	71.8586	192	1.17424E-05	0	0	0	3.03626	596128
U-wire-UploadResultDataMessage-upload-as-wt5	corpus	retain	host	6	170.114	344	1.97163E-05	0	0	0	5.16173	253597
U-wire-UploadResultDataMessage-upload-as-wt5	corpus	retain	hskip	6	97.7196	152	9.36384E-06	0	0	0	2.87002	427175
U-wire-UploadResultDataMessage-upload-as-wt5	corpus	retain	inc	6	363.33	728	4.34669E-05	0	0	0	10.7189	115030
U-wire-UploadResultDataMessage-upload-as-wt5	corpus	retain	ref	6	350.592	344	1.77071E-05	0	0	0	4.42678	112949
U-wire-UploadResultDataMessage-upload-as-wt5	corpus	retain	skip	6	266.705	152	6.53684E-06	0	0	0	2.24867	152979
U-wire-UploadResultDataMessage-upload-as-wt5	corpus	retain	noop	6	119.206	0	0	0	0	0	0	337668
U-wire-UploadResultDataMessage-upload-as-wt5	corpus	retain	parse	6	81.8292	0	0	0	0	0	0	483360
U-wire-UploadResultDataMessage-upload-as-wt5	corpus	retain	parsev	6	109.13	0	0	0	0	0	0	367824
U-wire-UploadResultDataMessage-upload-as-wt5	corpus	drop	ref	1	289.73	312	1.42375E-05	0	0	0	3.91532	140474
U-wire-UploadResultDataMessage-upload-as-wt5	corpus	drop	skip	1	209.822	120	1.0303E-05	0	0	0	2.71998	194119
U-wire-UploadResultDataMessage-upload-as-wt5	corpus	drop	noop	1	149.669	0	0	0	0	0	0	259473
U-wire-UploadResultDataMessage-upload-as-wt5	corpus	drop	parse	1	114.642	0	0	0	0	0	0	355274
U-wire-UploadResultDataMessage-upload-as-wt5	corpus	drop	parsev	1	141.942	0	0	0	0	0	0	284008
U-wire-UploadResultDataMessage-upload-as-wt5	corpus	drop	pull	1	257.377	312	1.29453E-05	0	0	0	3.64411	154496
U-wire-UploadResultDataMessage-upload-as-wt5	corpus	drop	pparse	1	114.312	0	0	0	0	0	0	356733
U-wire-UploadResultDataMessage-upload-as-wt5	corpus	drop	touch	1	5.0657	0	0	0	0	0	0	6569469
U-wire-UploadResultDataMessage-upload-as-wt5	corpus	drop	strs	1	72.0647	192	1.14692E-05	0	0	0	2.8998	523140
U-wire-UploadResultDataMessage-upload-as-wt5	corpus	drop	host	1	140.719	312	2.03368E-05	0	0	0	5.18929	295031
U-wire-UploadResultDataMessage-upload-as-wt5	corpus	drop	hskip	1	73.0199	120	5.45274E-06	0	0	0	1.44134	550182
U-wire-UploadResultDataMessage-upload-as-wt5	corpus	drop	inc	1	351.138	728	4.33885E-05	0	0	0	10.4913	115238
U-wire-UploadResultDataMessage-upload-as-wt5	corpus	drop	skip	2	210.653	120	1.0303E-05	0	0	0	2.53453	194119
U-wire-UploadResultDataMessage-upload-as-wt5	corpus	drop	noop	2	147.742	0	0	0	0	0	0	259473
U-wire-UploadResultDataMessage-upload-as-wt5	corpus	drop	parse	2	113.572	0	0	0	0	0	0	355274
U-wire-UploadResultDataMessage-upload-as-wt5	corpus	drop	parsev	2	141.722	0	0	0	0	0	0	284008
U-wire-UploadResultDataMessage-upload-as-wt5	corpus	drop	pull	2	258.354	312	1.29453E-05	0	0	0	3.78651	154496
U-wire-UploadResultDataMessage-upload-as-wt5	corpus	drop	pparse	2	112.637	0	0	0	0	0	0	356733
U-wire-UploadResultDataMessage-upload-as-wt5	corpus	drop	touch	2	5.01521	0	0	0	0	0	0	6569469
U-wire-UploadResultDataMessage-upload-as-wt5	corpus	drop	strs	2	72.0807	192	1.14692E-05	0	0	0	2.80804	523140
U-wire-UploadResultDataMessage-upload-as-wt5	corpus	drop	host	2	139.153	312	2.03368E-05	0	0	0	5.09438	295031
U-wire-UploadResultDataMessage-upload-as-wt5	corpus	drop	hskip	2	73.6703	120	5.45274E-06	0	0	0	1.45588	550182
U-wire-UploadResultDataMessage-upload-as-wt5	corpus	drop	inc	2	374.808	728	4.33885E-05	0	0	0	11.2376	115238
U-wire-UploadResultDataMessage-upload-as-wt5	corpus	drop	ref	2	317.103	312	2.13563E-05	0	0	0	6.84112	140474
U-wire-UploadResultDataMessage-upload-as-wt5	corpus	drop	noop	3	157.509	0	0	0	0	0	0	259473
U-wire-UploadResultDataMessage-upload-as-wt5	corpus	drop	parse	3	115.595	0	0	0	0	0	0	355274
U-wire-UploadResultDataMessage-upload-as-wt5	corpus	drop	parsev	3	141.769	0	0	0	0	0	0	284008
U-wire-UploadResultDataMessage-upload-as-wt5	corpus	drop	pull	3	260.708	312	1.9418E-05	0	0	0	5.6118	154496
U-wire-UploadResultDataMessage-upload-as-wt5	corpus	drop	pparse	3	113.727	0	0	0	0	0	0	356733
U-wire-UploadResultDataMessage-upload-as-wt5	corpus	drop	touch	3	4.99491	0	0	0	0	0	0	6569469
U-wire-UploadResultDataMessage-upload-as-wt5	corpus	drop	strs	3	69.9432	192	9.55767E-06	0	0	0	2.32634	523140
U-wire-UploadResultDataMessage-upload-as-wt5	corpus	drop	host	3	136.009	312	2.03368E-05	0	0	0	4.45377	295031
U-wire-UploadResultDataMessage-upload-as-wt5	corpus	drop	hskip	3	72.7173	120	7.27032E-06	0	0	0	1.77032	550182
U-wire-UploadResultDataMessage-upload-as-wt5	corpus	drop	inc	3	352.149	728	3.47108E-05	0	0	0	8.20042	115238
U-wire-UploadResultDataMessage-upload-as-wt5	corpus	drop	ref	3	289.493	312	2.13563E-05	0	0	0	4.7838	140474
U-wire-UploadResultDataMessage-upload-as-wt5	corpus	drop	skip	3	208.742	120	5.15148E-06	0	0	0	1.31878	194119
U-wire-UploadResultDataMessage-upload-as-wt5	corpus	drop	parse	4	113.337	0	0	0	0	0	0	355274
U-wire-UploadResultDataMessage-upload-as-wt5	corpus	drop	parsev	4	141.48	0	0	0	0	0	0	284008
U-wire-UploadResultDataMessage-upload-as-wt5	corpus	drop	pull	4	258.207	312	1.9418E-05	0	0	0	7.73483	154496
U-wire-UploadResultDataMessage-upload-as-wt5	corpus	drop	pparse	4	112.47	0	0	0	0	0	0	356733
U-wire-UploadResultDataMessage-upload-as-wt5	corpus	drop	touch	4	5.05873	0	0	0	0	0	0	6569469
U-wire-UploadResultDataMessage-upload-as-wt5	corpus	drop	strs	4	70.7382	192	1.14692E-05	0	0	0	2.81187	523140
U-wire-UploadResultDataMessage-upload-as-wt5	corpus	drop	host	4	136.491	312	1.69474E-05	0	0	0	4.27413	295031
U-wire-UploadResultDataMessage-upload-as-wt5	corpus	drop	hskip	4	72.3576	120	7.27032E-06	0	0	0	1.88665	550182
U-wire-UploadResultDataMessage-upload-as-wt5	corpus	drop	inc	4	351.177	728	4.33885E-05	0	0	0	11.255	115238
U-wire-UploadResultDataMessage-upload-as-wt5	corpus	drop	ref	4	289.257	312	2.13563E-05	0	0	0	5.97975	140474
U-wire-UploadResultDataMessage-upload-as-wt5	corpus	drop	skip	4	208.119	120	5.15148E-06	0	0	0	1.4012	194119
U-wire-UploadResultDataMessage-upload-as-wt5	corpus	drop	noop	4	151.039	0	0	0	0	0	0	259473
U-wire-UploadResultDataMessage-upload-as-wt5	corpus	drop	parsev	5	140.641	0	0	0	0	0	0	284008
U-wire-UploadResultDataMessage-upload-as-wt5	corpus	drop	pull	5	258.703	312	1.9418E-05	0	0	0	5.70889	154496
U-wire-UploadResultDataMessage-upload-as-wt5	corpus	drop	pparse	5	111.985	0	0	0	0	0	0	356733
U-wire-UploadResultDataMessage-upload-as-wt5	corpus	drop	touch	5	4.95115	0	0	0	0	0	0	6569469
U-wire-UploadResultDataMessage-upload-as-wt5	corpus	drop	strs	5	71.0745	192	9.55767E-06	0	0	0	2.38751	523140
U-wire-UploadResultDataMessage-upload-as-wt5	corpus	drop	host	5	136.6	312	2.03368E-05	0	0	0	4.51817	295031
U-wire-UploadResultDataMessage-upload-as-wt5	corpus	drop	hskip	5	73.1146	120	7.27032E-06	0	0	0	1.76851	550182
U-wire-UploadResultDataMessage-upload-as-wt5	corpus	drop	inc	5	353.24	728	4.33885E-05	0	0	0	11.6975	115238
U-wire-UploadResultDataMessage-upload-as-wt5	corpus	drop	ref	5	286.496	312	1.42375E-05	0	0	0	3.69463	140474
U-wire-UploadResultDataMessage-upload-as-wt5	corpus	drop	skip	5	209.572	120	5.15148E-06	0	0	0	1.25696	194119
U-wire-UploadResultDataMessage-upload-as-wt5	corpus	drop	noop	5	161.299	0	0	0	0	0	0	259473
U-wire-UploadResultDataMessage-upload-as-wt5	corpus	drop	parse	5	142.939	0	0	0	0	0	0	355274
U-wire-UploadResultDataMessage-upload-as-wt5	corpus	drop	pull	6	261.123	312	1.9418E-05	0	0	0	5.65063	154496
U-wire-UploadResultDataMessage-upload-as-wt5	corpus	drop	pparse	6	112.305	0	0	0	0	0	0	356733
U-wire-UploadResultDataMessage-upload-as-wt5	corpus	drop	touch	6	5.04736	0	0	0	0	0	0	6569469
U-wire-UploadResultDataMessage-upload-as-wt5	corpus	drop	strs	6	71.067	192	1.14692E-05	0	0	0	2.68571	523140
U-wire-UploadResultDataMessage-upload-as-wt5	corpus	drop	host	6	134.461	312	1.69474E-05	0	0	0	3.78604	295031
U-wire-UploadResultDataMessage-upload-as-wt5	corpus	drop	hskip	6	72.8118	120	7.27032E-06	0	0	0	1.82303	550182
U-wire-UploadResultDataMessage-upload-as-wt5	corpus	drop	inc	6	354.312	728	4.33885E-05	0	0	0	10.9426	115238
U-wire-UploadResultDataMessage-upload-as-wt5	corpus	drop	ref	6	288.589	312	2.13563E-05	0	0	0	5.11127	140474
U-wire-UploadResultDataMessage-upload-as-wt5	corpus	drop	skip	6	210.701	120	5.15148E-06	0	0	0	1.52999	194119
U-wire-UploadResultDataMessage-upload-as-wt5	corpus	drop	noop	6	157.641	0	0	0	0	0	0	259473
U-wire-UploadResultDataMessage-upload-as-wt5	corpus	drop	parse	6	115.316	0	0	0	0	0	0	355274
U-wire-UploadResultDataMessage-upload-as-wt5	corpus	drop	parsev	6	141.94	0	0	0	0	0	0	284008
U-wire-ListMetricsResponse-batches-as-wt0	corpus	retain	ref	1	3548.18	4776	0.000266123	0	0	0	72.9176	11273
U-wire-ListMetricsResponse-batches-as-wt0	corpus	retain	skip	1	3510.8	4584	0.000263528	0	0	0	70.0105	11384
U-wire-ListMetricsResponse-batches-as-wt0	corpus	retain	noop	1	937.523	0	0	0	0	0	0	32194
U-wire-ListMetricsResponse-batches-as-wt0	corpus	retain	parse	1	802.039	0	0	0	0	0	0	49586
U-wire-ListMetricsResponse-batches-as-wt0	corpus	retain	parsev	1	827.014	0	0	0	0	0	0	48207
U-wire-ListMetricsResponse-batches-as-wt0	corpus	retain	pparse	1	892.219	0	0	0	0	0	0	44938
U-wire-ListMetricsResponse-batches-as-wt0	corpus	retain	touch	1	247.265	0	0	0	0	0	0	140411
U-wire-ListMetricsResponse-batches-as-wt0	corpus	retain	strs	1	72.0708	192	1.05965E-05	0	0	0	4.66424	566223
U-wire-ListMetricsResponse-batches-as-wt0	corpus	retain	host	1	3419.8	4776	0.000249087	0	0	0	65.4268	12044
U-wire-ListMetricsResponse-batches-as-wt0	corpus	retain	hskip	1	3186.38	4584	0.000318294	0	0	0	82.6769	12567
U-wire-ListMetricsResponse-batches-as-wt0	corpus	retain	inc	1	3742.14	4072	0.000187021	0	0	0	48.9059	10694
U-wire-ListMetricsResponse-batches-as-wt0	corpus	retain	skip	2	3452.52	4584	0.000263528	0	0	0	75.6325	11384
U-wire-ListMetricsResponse-batches-as-wt0	corpus	retain	noop	2	932.217	0	0	0	0	0	0	32194
U-wire-ListMetricsResponse-batches-as-wt0	corpus	retain	parse	2	790.489	0	0	0	0	0	0	49586
U-wire-ListMetricsResponse-batches-as-wt0	corpus	retain	parsev	2	809.916	0	0	0	0	0	0	48207
U-wire-ListMetricsResponse-batches-as-wt0	corpus	retain	pparse	2	901.934	0	0	0	0	0	0	44938
U-wire-ListMetricsResponse-batches-as-wt0	corpus	retain	touch	2	251.353	0	0	0	0	0	0	140411
U-wire-ListMetricsResponse-batches-as-wt0	corpus	retain	strs	2	77.1676	192	1.23626E-05	0	0	0	3.43151	566223
U-wire-ListMetricsResponse-batches-as-wt0	corpus	retain	host	2	3355.85	4776	0.000249087	0	0	0	68.0837	12044
U-wire-ListMetricsResponse-batches-as-wt0	corpus	retain	hskip	2	3285.68	4584	0.00023872	0	0	0	70.1042	12567
U-wire-ListMetricsResponse-batches-as-wt0	corpus	retain	inc	2	3793.35	4072	0.000280531	0	0	0	85.0944	10694
U-wire-ListMetricsResponse-batches-as-wt0	corpus	retain	ref	2	3619.42	4776	0.000266123	0	0	0	80.2803	11273
U-wire-ListMetricsResponse-batches-as-wt0	corpus	retain	noop	3	938.262	0	0	0	0	0	0	32194
U-wire-ListMetricsResponse-batches-as-wt0	corpus	retain	parse	3	796.912	0	0	0	0	0	0	49586
U-wire-ListMetricsResponse-batches-as-wt0	corpus	retain	parsev	3	814.778	0	0	0	0	0	0	48207
U-wire-ListMetricsResponse-batches-as-wt0	corpus	retain	pparse	3	890.012	0	0	0	0	0	0	44938
U-wire-ListMetricsResponse-batches-as-wt0	corpus	retain	touch	3	249.819	0	0	0	0	0	0	140411
U-wire-ListMetricsResponse-batches-as-wt0	corpus	retain	strs	3	76.5285	192	1.05965E-05	0	0	0	3.09772	566223
U-wire-ListMetricsResponse-batches-as-wt0	corpus	retain	host	3	3458.73	4776	0.000332116	0	0	0	97.559	12044
U-wire-ListMetricsResponse-batches-as-wt0	corpus	retain	hskip	3	3259.43	4584	0.00023872	0	0	0	77.6637	12567
U-wire-ListMetricsResponse-batches-as-wt0	corpus	retain	inc	3	3742.98	4072	0.000280531	0	0	0	93.5104	10694
U-wire-ListMetricsResponse-batches-as-wt0	corpus	retain	ref	3	3609.98	4776	0.000266123	0	0	0	76.0224	11273
U-wire-ListMetricsResponse-batches-as-wt0	corpus	retain	skip	3	3495.54	4584	0.000263528	0	0	0	77.4772	11384
U-wire-ListMetricsResponse-batches-as-wt0	corpus	retain	parse	4	804.243	0	0	0	0	0	0	49586
U-wire-ListMetricsResponse-batches-as-wt0	corpus	retain	parsev	4	823.746	0	0	0	0	0	0	48207
U-wire-ListMetricsResponse-batches-as-wt0	corpus	retain	pparse	4	915.96	0	0	0	0	0	0	44938
U-wire-ListMetricsResponse-batches-as-wt0	corpus	retain	touch	4	274.971	0	0	0	0	0	0	140411
U-wire-ListMetricsResponse-batches-as-wt0	corpus	retain	strs	4	78.6577	192	1.05965E-05	1.76609E-06	0	0	3.27786	566223
U-wire-ListMetricsResponse-batches-as-wt0	corpus	retain	host	4	3371.51	4776	0.000249087	0	0	0	98.5553	12044
U-wire-ListMetricsResponse-batches-as-wt0	corpus	retain	hskip	4	3265.09	4584	0.000318294	0	0	0	94.6129	12567
U-wire-ListMetricsResponse-batches-as-wt0	corpus	retain	inc	4	3955.73	4072	0.000187021	0	0	0	77.7071	10694
U-wire-ListMetricsResponse-batches-as-wt0	corpus	retain	ref	4	3925.41	4776	0.000266123	0	0	0	101.127	11273
U-wire-ListMetricsResponse-batches-as-wt0	corpus	retain	skip	4	3681.55	4584	0.000263528	0	0	0	89.863	11384
U-wire-ListMetricsResponse-batches-as-wt0	corpus	retain	noop	4	978.689	0	0	0	0	0	0	32194
U-wire-ListMetricsResponse-batches-as-wt0	corpus	retain	parsev	5	847.535	0	0	0	0	0	0	48207
U-wire-ListMetricsResponse-batches-as-wt0	corpus	retain	pparse	5	894.166	0	0	0	0	0	0	44938
U-wire-ListMetricsResponse-batches-as-wt0	corpus	retain	touch	5	249.261	0	0	0	0	0	0	140411
U-wire-ListMetricsResponse-batches-as-wt0	corpus	retain	strs	5	79.0695	192	1.23626E-05	0	0	0	3.53041	566223
U-wire-ListMetricsResponse-batches-as-wt0	corpus	retain	host	5	3471.82	4776	0.000249087	0	0	0	79.2096	12044
U-wire-ListMetricsResponse-batches-as-wt0	corpus	retain	hskip	5	3385	4584	0.00023872	0	0	0	74.7195	12567
U-wire-ListMetricsResponse-batches-as-wt0	corpus	retain	inc	5	4009.7	4072	0.000280531	0	0	0	87.3387	10694
U-wire-ListMetricsResponse-batches-as-wt0	corpus	retain	ref	5	3769.04	4776	0.000266123	0	0	0	98.6428	11273
U-wire-ListMetricsResponse-batches-as-wt0	corpus	retain	skip	5	3769.96	4584	0.000263528	0	0	0	102.952	11384
U-wire-ListMetricsResponse-batches-as-wt0	corpus	retain	noop	5	936.068	0	0	0	0	0	0	32194
U-wire-ListMetricsResponse-batches-as-wt0	corpus	retain	parse	5	835.9	0	0	0	0	0	0	49586
U-wire-ListMetricsResponse-batches-as-wt0	corpus	retain	pparse	6	918.983	0	0	0	0	0	0	44938
U-wire-ListMetricsResponse-batches-as-wt0	corpus	retain	touch	6	255.14	0	0	0	0	0	0	140411
U-wire-ListMetricsResponse-batches-as-wt0	corpus	retain	strs	6	81.4131	192	1.05965E-05	0	0	0	3.21605	566223
U-wire-ListMetricsResponse-batches-as-wt0	corpus	retain	host	6	3549.48	4776	0.000332116	0	0	0	100.382	12044
U-wire-ListMetricsResponse-batches-as-wt0	corpus	retain	hskip	6	3475.61	4584	0.00023872	0	0	0	79.7326	12567
U-wire-ListMetricsResponse-batches-as-wt0	corpus	retain	inc	6	3751.85	4072	0.000187021	0	0	0	56.2932	10694
U-wire-ListMetricsResponse-batches-as-wt0	corpus	retain	ref	6	3725.69	4776	0.00035483	0	0	0	109.82	11273
U-wire-ListMetricsResponse-batches-as-wt0	corpus	retain	skip	6	3573.46	4584	0.000263528	0	0	0	81.3422	11384
U-wire-ListMetricsResponse-batches-as-wt0	corpus	retain	noop	6	949.92	0	0	0	0	0	0	32194
U-wire-ListMetricsResponse-batches-as-wt0	corpus	retain	parse	6	854.37	0	0	0	0	0	0	49586
U-wire-ListMetricsResponse-batches-as-wt0	corpus	retain	parsev	6	867.059	0	0	0	0	0	0	48207
U-wire-ListMetricsResponse-batches-as-wt0	corpus	drop	ref	1	4507.7	4744	0.000268528	0	0	0	93.4479	11172
U-wire-ListMetricsResponse-batches-as-wt0	corpus	drop	skip	1	3482.5	4552	0.000267845	0	0	0	85.8444	7467
U-wire-ListMetricsResponse-batches-as-wt0	corpus	drop	noop	1	984.821	0	0	0	0	0	0	34451
U-wire-ListMetricsResponse-batches-as-wt0	corpus	drop	parse	1	850.808	0	0	0	0	0	0	32296
U-wire-ListMetricsResponse-batches-as-wt0	corpus	drop	parsev	1	857.029	0	0	0	0	0	0	42053
U-wire-ListMetricsResponse-batches-as-wt0	corpus	drop	pull	1	3639.56	4744	0.000310945	0	0	0	99.8134	9648
U-wire-ListMetricsResponse-batches-as-wt0	corpus	drop	pparse	1	928.282	0	0	0	0	0	0	38714
U-wire-ListMetricsResponse-batches-as-wt0	corpus	drop	touch	1	251.827	0	0	0	0	0	0	146642
U-wire-ListMetricsResponse-batches-as-wt0	corpus	drop	strs	1	75.5156	192	1.0879E-05	0	0	0	3.22561	367682
U-wire-ListMetricsResponse-batches-as-wt0	corpus	drop	host	1	3311.5	4744	0.000247097	0	0	0	170.579	12141
U-wire-ListMetricsResponse-batches-as-wt0	corpus	drop	hskip	1	3202.35	4552	0.000318167	0	0	0	95.6888	12572
U-wire-ListMetricsResponse-batches-as-wt0	corpus	drop	inc	1	3758.8	4072	0.000191516	0	0	0	60.6148	10443
U-wire-ListMetricsResponse-batches-as-wt0	corpus	drop	skip	2	3490.84	4552	0.000267845	0	0	0	110.62	7467
U-wire-ListMetricsResponse-batches-as-wt0	corpus	drop	noop	2	978.072	0	0	0	0	0	0	34451
U-wire-ListMetricsResponse-batches-as-wt0	corpus	drop	parse	2	840.852	0	0	0	0	0	0	32296
U-wire-ListMetricsResponse-batches-as-wt0	corpus	drop	parsev	2	876.261	0	0	0	0	0	0	42053
U-wire-ListMetricsResponse-batches-as-wt0	corpus	drop	pull	2	3711.85	4744	0.000310945	0	0	0	115.361	9648
U-wire-ListMetricsResponse-batches-as-wt0	corpus	drop	pparse	2	947.799	0	0	0	0	0	0	38714
U-wire-ListMetricsResponse-batches-as-wt0	corpus	drop	touch	2	251.946	0	0	0	0	0	0	146642
U-wire-ListMetricsResponse-batches-as-wt0	corpus	drop	strs	2	77.0341	192	1.0879E-05	0	0	0	3.32352	367682
U-wire-ListMetricsResponse-batches-as-wt0	corpus	drop	host	2	3303.37	4744	0.000247097	0	0	0	73.1406	12141
U-wire-ListMetricsResponse-batches-as-wt0	corpus	drop	hskip	2	3226.43	4552	0.000238626	0	0	0	77.2351	12572
U-wire-ListMetricsResponse-batches-as-wt0	corpus	drop	inc	2	3789.11	4072	0.000287274	0	0	0	90.6828	10443
U-wire-ListMetricsResponse-batches-as-wt0	corpus	drop	ref	2	3504.22	4744	0.000268528	0	0	0	79.932	11172
U-wire-ListMetricsResponse-batches-as-wt0	corpus	drop	noop	3	975.321	0	0	0	0	0	0	34451
U-wire-ListMetricsResponse-batches-as-wt0	corpus	drop	parse	3	833.607	0	0	0	0	0	0	32296
U-wire-ListMetricsResponse-batches-as-wt0	corpus	drop	parsev	3	861.784	0	0	0	0	0	0	42053
U-wire-ListMetricsResponse-batches-as-wt0	corpus	drop	pull	3	3717.29	4744	0.000310945	0	0	0	104.478	9648
U-wire-ListMetricsResponse-batches-as-wt0	corpus	drop	pparse	3	917.839	0	0	0	0	0	0	38714
U-wire-ListMetricsResponse-batches-as-wt0	corpus	drop	touch	3	248.894	0	0	0	0	0	0	146642
U-wire-ListMetricsResponse-batches-as-wt0	corpus	drop	strs	3	77.0501	192	1.0879E-05	0	0	0	3.11138	367682
U-wire-ListMetricsResponse-batches-as-wt0	corpus	drop	host	3	3370.57	4744	0.000247097	0	0	0	75.6939	12141
U-wire-ListMetricsResponse-batches-as-wt0	corpus	drop	hskip	3	3311.94	4552	0.000238626	0	0	0	77.951	12572
U-wire-ListMetricsResponse-batches-as-wt0	corpus	drop	inc	3	3904	4072	0.000287274	0	0	0	104.28	10443
U-wire-ListMetricsResponse-batches-as-wt0	corpus	drop	ref	3	3614.64	4744	0.000268528	0	0	0	87.2718	11172
U-wire-ListMetricsResponse-batches-as-wt0	corpus	drop	skip	3	3634.54	4552	0.000267845	0	0	0	89.5942	7467
U-wire-ListMetricsResponse-batches-as-wt0	corpus	drop	parse	4	847.226	0	0	0	0	0	0	32296
U-wire-ListMetricsResponse-batches-as-wt0	corpus	drop	parsev	4	863.204	0	0	0	0	0	0	42053
U-wire-ListMetricsResponse-batches-as-wt0	corpus	drop	pull	4	3608.04	4744	0.000207297	0	0	0	65.7131	9648
U-wire-ListMetricsResponse-batches-as-wt0	corpus	drop	pparse	4	921.425	0	0	0	0	0	0	38714
U-wire-ListMetricsResponse-batches-as-wt0	corpus	drop	touch	4	246.405	0	0	0	0	0	0	146642
U-wire-ListMetricsResponse-batches-as-wt0	corpus	drop	strs	4	75.2525	192	1.35987E-05	0	0	0	3.64989	367682
U-wire-ListMetricsResponse-batches-as-wt0	corpus	drop	host	4	3199.74	4744	0.000247097	0	0	0	64.2451	12141
U-wire-ListMetricsResponse-batches-as-wt0	corpus	drop	hskip	4	3077.81	4552	0.000238626	0	0	0	60.3723	12572
U-wire-ListMetricsResponse-batches-as-wt0	corpus	drop	inc	4	3792.94	4072	0.000287274	0	0	0	86.3736	10443
U-wire-ListMetricsResponse-batches-as-wt0	corpus	drop	ref	4	3511.57	4744	0.000268528	0	0	0	88.7934	11172
U-wire-ListMetricsResponse-batches-as-wt0	corpus	drop	skip	4	3430.13	4552	0.000267845	0	0	0	87.4515	7467
U-wire-ListMetricsResponse-batches-as-wt0	corpus	drop	noop	4	977.372	0	0	0	0	0	0	34451
U-wire-ListMetricsResponse-batches-as-wt0	corpus	drop	parsev	5	850.071	0	0	0	0	0	0	42053
U-wire-ListMetricsResponse-batches-as-wt0	corpus	drop	pull	5	3544.7	4744	0.000207297	0	0	0	69.6517	9648
U-wire-ListMetricsResponse-batches-as-wt0	corpus	drop	pparse	5	924.221	0	0	0	0	0	0	38714
U-wire-ListMetricsResponse-batches-as-wt0	corpus	drop	touch	5	246.681	0	0	0	0	0	0	146642
U-wire-ListMetricsResponse-batches-as-wt0	corpus	drop	strs	5	74.5817	192	1.0879E-05	0	0	0	3.00531	367682
U-wire-ListMetricsResponse-batches-as-wt0	corpus	drop	host	5	3285.57	4744	0.000329462	0	0	0	89.8608	12141
U-wire-ListMetricsResponse-batches-as-wt0	corpus	drop	hskip	5	3161.01	4552	0.000238626	0	0	0	71.0309	12572
U-wire-ListMetricsResponse-batches-as-wt0	corpus	drop	inc	5	3871.47	4072	0.000287274	0	0	0	98.6307	10443
U-wire-ListMetricsResponse-batches-as-wt0	corpus	drop	ref	5	3480.54	4744	0.000268528	0	0	0	77.1572	11172
U-wire-ListMetricsResponse-batches-as-wt0	corpus	drop	skip	5	3415.7	4552	0.000267845	0	0	0	87.7193	7467
U-wire-ListMetricsResponse-batches-as-wt0	corpus	drop	noop	5	981.125	0	0	0	0	0	0	34451
U-wire-ListMetricsResponse-batches-as-wt0	corpus	drop	parse	5	827.067	0	0	0	0	0	0	32296
U-wire-ListMetricsResponse-batches-as-wt0	corpus	drop	pull	6	3535.06	4744	0.000207297	0	0	0	76.8035	9648
U-wire-ListMetricsResponse-batches-as-wt0	corpus	drop	pparse	6	926.96	0	0	0	0	0	0	38714
U-wire-ListMetricsResponse-batches-as-wt0	corpus	drop	touch	6	250.359	0	0	0	0	0	0	146642
U-wire-ListMetricsResponse-batches-as-wt0	corpus	drop	strs	6	74.9696	192	1.0879E-05	0	0	0	3.23105	367682
U-wire-ListMetricsResponse-batches-as-wt0	corpus	drop	host	6	3317.89	4744	0.000329462	0	0	0	98.1797	12141
U-wire-ListMetricsResponse-batches-as-wt0	corpus	drop	hskip	6	3187.11	4552	0.000238626	0	0	0	67.6901	12572
U-wire-ListMetricsResponse-batches-as-wt0	corpus	drop	inc	6	3773	4072	0.000191516	0	0	0	57.8378	10443
U-wire-ListMetricsResponse-batches-as-wt0	corpus	drop	ref	6	3526.85	4744	0.000358038	0	0	0	102.488	11172
U-wire-ListMetricsResponse-batches-as-wt0	corpus	drop	skip	6	3408.09	4552	0.000267845	0	0	0	75.2645	7467
U-wire-ListMetricsResponse-batches-as-wt0	corpus	drop	noop	6	977.758	0	0	0	0	0	0	34451
U-wire-ListMetricsResponse-batches-as-wt0	corpus	drop	parse	6	842.395	0	0	0	0	0	0	32296
U-wire-ListMetricsResponse-batches-as-wt0	corpus	drop	parsev	6	860.538	0	0	0	0	0	0	42053
U-wire-DualResponse-left-as-wt5	corpus	retain	ref	1	606.087	568	3.47766E-05	0	0	0	11.4415	57510
U-wire-DualResponse-left-as-wt5	corpus	retain	skip	1	479.435	408	1.32596E-05	0	0	0	3.56684	75417
U-wire-DualResponse-left-as-wt5	corpus	retain	noop	1	159.911	0	0	0	0	0	0	247262
U-wire-DualResponse-left-as-wt5	corpus	retain	parse	1	137.929	0	0	0	0	0	0	288516
U-wire-DualResponse-left-as-wt5	corpus	retain	parsev	1	167.253	0	0	0	0	0	0	228137
U-wire-DualResponse-left-as-wt5	corpus	retain	pparse	1	129.932	0	0	0	0	0	0	304797
U-wire-DualResponse-left-as-wt5	corpus	retain	touch	1	11.408	0	0	0	0	0	0	2328657
U-wire-DualResponse-left-as-wt5	corpus	retain	strs	1	108.085	160	1.1117E-05	0	0	0	3.27675	359808
U-wire-DualResponse-left-as-wt5	corpus	retain	host	1	345.149	568	3.36185E-05	0	0	0	9.93428	118982
U-wire-DualResponse-left-as-wt5	corpus	retain	hskip	1	246.471	408	2.37992E-05	0	0	0	7.53244	168073
U-wire-DualResponse-left-as-wt5	corpus	retain	inc	1	669.271	984	4.91215E-05	0	0	0	15.0476	61073
U-wire-DualResponse-left-as-wt5	corpus	retain	skip	2	492.372	408	2.65192E-05	0	0	0	8.16792	75417
U-wire-DualResponse-left-as-wt5	corpus	retain	noop	2	158.883	0	0	0	0	0	0	247262
U-wire-DualResponse-left-as-wt5	corpus	retain	parse	2	140.918	0	0	0	0	0	0	288516
U-wire-DualResponse-left-as-wt5	corpus	retain	parsev	2	173.258	0	0	0	0	0	0	228137
U-wire-DualResponse-left-as-wt5	corpus	retain	pparse	2	129.75	0	0	0	0	0	0	304797
U-wire-DualResponse-left-as-wt5	corpus	retain	touch	2	11.4098	0	0	0	0	0	0	2328657
U-wire-DualResponse-left-as-wt5	corpus	retain	strs	2	108.199	160	8.33778E-06	0	0	0	2.57637	359808
U-wire-DualResponse-left-as-wt5	corpus	retain	host	2	353.266	568	3.36185E-05	0	0	0	11.6488	118982
U-wire-DualResponse-left-as-wt5	corpus	retain	hskip	2	245.231	408	2.37992E-05	0	0	0	7.57409	168073
U-wire-DualResponse-left-as-wt5	corpus	retain	inc	2	681.518	984	6.54954E-05	0	0	0	20.762	61073
U-wire-DualResponse-left-as-wt5	corpus	retain	ref	2	607.032	568	1.73883E-05	0	0	0	5.70336	57510
U-wire-DualResponse-left-as-wt5	corpus	retain	noop	3	157.883	0	0	0	0	0	0	247262
U-wire-DualResponse-left-as-wt5	corpus	retain	parse	3	139.762	0	0	0	0	0	0	288516
U-wire-DualResponse-left-as-wt5	corpus	retain	parsev	3	169.403	0	0	0	0	0	0	228137
U-wire-DualResponse-left-as-wt5	corpus	retain	pparse	3	129.65	0	0	0	0	0	0	304797
U-wire-DualResponse-left-as-wt5	corpus	retain	touch	3	11.4131	0	0	0	0	0	0	2328657
U-wire-DualResponse-left-as-wt5	corpus	retain	strs	3	110.961	160	1.1117E-05	0	0	0	3.52966	359808
U-wire-DualResponse-left-as-wt5	corpus	retain	host	3	345.045	568	3.36185E-05	0	0	0	9.75778	118982
U-wire-DualResponse-left-as-wt5	corpus	retain	hskip	3	245.446	408	2.37992E-05	0	0	0	7.56814	168073
U-wire-DualResponse-left-as-wt5	corpus	retain	inc	3	661.633	984	4.91215E-05	0	0	0	14.278	61073
U-wire-DualResponse-left-as-wt5	corpus	retain	ref	3	624.26	568	3.47766E-05	0	0	0	10.5721	57510
U-wire-DualResponse-left-as-wt5	corpus	retain	skip	3	503.963	408	2.65192E-05	0	0	0	21.7988	75417
U-wire-DualResponse-left-as-wt5	corpus	retain	parse	4	137.66	0	0	0	0	0	0	288516
U-wire-DualResponse-left-as-wt5	corpus	retain	parsev	4	168.597	0	0	0	0	0	0	228137
U-wire-DualResponse-left-as-wt5	corpus	retain	pparse	4	137.499	0	0	0	0	0	0	304797
U-wire-DualResponse-left-as-wt5	corpus	retain	touch	4	11.5801	0	0	0	0	0	0	2328657
U-wire-DualResponse-left-as-wt5	corpus	retain	strs	4	111.531	160	8.33778E-06	0	0	0	3.34901	359808
U-wire-DualResponse-left-as-wt5	corpus	retain	host	4	352.119	568	3.36185E-05	0	0	0	11.0437	118982
U-wire-DualResponse-left-as-wt5	corpus	retain	hskip	4	240.371	408	2.37992E-05	0	0	0	7.37775	168073
U-wire-DualResponse-left-as-wt5	corpus	retain	inc	4	664.981	984	6.54954E-05	0	0	0	18.7317	61073
U-wire-DualResponse-left-as-wt5	corpus	retain	ref	4	604.089	568	1.73883E-05	0	0	0	5.28604	57510
U-wire-DualResponse-left-as-wt5	corpus	retain	skip	4	495.14	408	2.65192E-05	0	0	0	9.28173	75417
U-wire-DualResponse-left-as-wt5	corpus	retain	noop	4	159.051	0	0	0	0	0	0	247262
U-wire-DualResponse-left-as-wt5	corpus	retain	parsev	5	168.944	0	0	0	0	0	0	228137
U-wire-DualResponse-left-as-wt5	corpus	retain	pparse	5	130.106	0	0	0	0	0	0	304797
U-wire-DualResponse-left-as-wt5	corpus	retain	touch	5	11.4791	0	0	0	0	0	0	2328657
U-wire-DualResponse-left-as-wt5	corpus	retain	strs	5	108.997	160	1.1117E-05	0	0	0	3.60748	359808
U-wire-DualResponse-left-as-wt5	corpus	retain	host	5	337.101	568	2.52139E-05	0	0	0	7.02627	118982
U-wire-DualResponse-left-as-wt5	corpus	retain	hskip	5	241.549	408	2.37992E-05	0	0	0	7.56814	168073
U-wire-DualResponse-left-as-wt5	corpus	retain	inc	5	673.44	984	6.54954E-05	0	0	0	19.3539	61073
U-wire-DualResponse-left-as-wt5	corpus	retain	ref	5	623.869	568	3.47766E-05	0	0	0	49.6609	57510
U-wire-DualResponse-left-as-wt5	corpus	retain	skip	5	509.295	408	2.65192E-05	0	0	0	8.57897	75417
U-wire-DualResponse-left-as-wt5	corpus	retain	noop	5	177.077	0	0	0	0	0	0	247262
U-wire-DualResponse-left-as-wt5	corpus	retain	parse	5	161.521	0	0	0	0	0	0	288516
U-wire-DualResponse-left-as-wt5	corpus	retain	pparse	6	136.653	0	0	0	0	0	0	304797
U-wire-DualResponse-left-as-wt5	corpus	retain	touch	6	11.7045	0	0	0	0	0	0	2328657
U-wire-DualResponse-left-as-wt5	corpus	retain	strs	6	114.083	160	8.33778E-06	0	0	0	8.53511	359808
U-wire-DualResponse-left-as-wt5	corpus	retain	host	6	351.543	568	3.36185E-05	0	0	0	11.0773	118982
U-wire-DualResponse-left-as-wt5	corpus	retain	hskip	6	241.781	408	2.37992E-05	0	0	0	7.2052	168073
U-wire-DualResponse-left-as-wt5	corpus	retain	inc	6	661.314	984	4.91215E-05	0	0	0	13.4593	61073
U-wire-DualResponse-left-as-wt5	corpus	retain	ref	6	623.33	568	3.47766E-05	0	0	0	10.8851	57510
U-wire-DualResponse-left-as-wt5	corpus	retain	skip	6	499.262	408	2.65192E-05	0	0	0	8.92372	75417
U-wire-DualResponse-left-as-wt5	corpus	retain	noop	6	159.683	0	0	0	0	0	0	247262
U-wire-DualResponse-left-as-wt5	corpus	retain	parse	6	137.958	0	0	0	0	0	0	288516
U-wire-DualResponse-left-as-wt5	corpus	retain	parsev	6	176.736	0	0	0	0	0	0	228137
U-wire-DualResponse-left-as-wt5	corpus	drop	ref	1	598.626	536	3.02508E-05	0	0	0	9.60462	66114
U-wire-DualResponse-left-as-wt5	corpus	drop	skip	1	424.974	376	2.25723E-05	0	0	0	7.43759	88604
U-wire-DualResponse-left-as-wt5	corpus	drop	noop	1	195.596	0	0	0	0	0	0	211347
U-wire-DualResponse-left-as-wt5	corpus	drop	parse	1	188.419	0	0	0	0	0	0	242480
U-wire-DualResponse-left-as-wt5	corpus	drop	parsev	1	211.619	0	0	0	0	0	0	194046
U-wire-DualResponse-left-as-wt5	corpus	drop	pull	1	521.178	536	3.58813E-05	0	0	0	13.3239	83609
U-wire-DualResponse-left-as-wt5	corpus	drop	pparse	1	161.061	0	0	0	0	0	0	256412
U-wire-DualResponse-left-as-wt5	corpus	drop	touch	1	11.4918	0	0	0	0	0	0	2947249
U-wire-DualResponse-left-as-wt5	corpus	drop	strs	1	110.101	160	8.07511E-06	0	0	0	2.83167	371512
U-wire-DualResponse-left-as-wt5	corpus	drop	host	1	328.009	536	2.75247E-05	0	0	0	8.67946	108993
U-wire-DualResponse-left-as-wt5	corpus	drop	hskip	1	218.837	376	2.67491E-05	0	0	0	7.7412	186922
U-wire-DualResponse-left-as-wt5	corpus	drop	inc	1	657.696	984	5.01949E-05	0	0	0	15.0919	59767
U-wire-DualResponse-left-as-wt5	corpus	drop	skip	2	421.649	376	2.25723E-05	0	0	0	6.68141	88604
U-wire-DualResponse-left-as-wt5	corpus	drop	noop	2	191	0	0	0	0	0	0	211347
U-wire-DualResponse-left-as-wt5	corpus	drop	parse	2	166.883	0	0	0	0	0	0	242480
U-wire-DualResponse-left-as-wt5	corpus	drop	parsev	2	207.153	0	0	0	0	0	0	194046
U-wire-DualResponse-left-as-wt5	corpus	drop	pull	2	476.443	536	2.39209E-05	0	0	0	8.12114	83609
U-wire-DualResponse-left-as-wt5	corpus	drop	pparse	2	155.183	0	0	0	0	0	0	256412
U-wire-DualResponse-left-as-wt5	corpus	drop	touch	2	11.3456	0	0	0	0	0	0	2947249
U-wire-DualResponse-left-as-wt5	corpus	drop	strs	2	108.262	160	1.07668E-05	0	0	0	3.25965	371512
U-wire-DualResponse-left-as-wt5	corpus	drop	host	2	317.216	536	2.75247E-05	0	0	0	7.73444	108993
U-wire-DualResponse-left-as-wt5	corpus	drop	hskip	2	221.534	376	2.13993E-05	0	0	0	6.81568	186922
U-wire-DualResponse-left-as-wt5	corpus	drop	inc	2	661.461	984	6.69266E-05	0	0	0	21.0484	59767
U-wire-DualResponse-left-as-wt5	corpus	drop	ref	2	533.266	536	3.02508E-05	0	0	0	8.59122	66114
U-wire-DualResponse-left-as-wt5	corpus	drop	noop	3	194.021	0	0	0	0	0	0	211347
U-wire-DualResponse-left-as-wt5	corpus	drop	parse	3	171.605	0	0	0	0	0	0	242480
U-wire-DualResponse-left-as-wt5	corpus	drop	parsev	3	206.649	0	0	0	0	0	0	194046
U-wire-DualResponse-left-as-wt5	corpus	drop	pull	3	547.332	536	2.39209E-05	0	0	0	8.767	83609
U-wire-DualResponse-left-as-wt5	corpus	drop	pparse	3	160.808	0	0	0	0	0	0	256412
U-wire-DualResponse-left-as-wt5	corpus	drop	touch	3	12.3204	0	0	0	0	0	0	2947249
U-wire-DualResponse-left-as-wt5	corpus	drop	strs	3	114.566	160	1.07668E-05	0	0	0	4.82353	371512
U-wire-DualResponse-left-as-wt5	corpus	drop	host	3	328.39	536	2.75247E-05	0	0	0	8.75286	108993
U-wire-DualResponse-left-as-wt5	corpus	drop	hskip	3	221.373	376	2.13993E-05	0	0	0	6.85313	186922
U-wire-DualResponse-left-as-wt5	corpus	drop	inc	3	694.335	984	6.69266E-05	0	0	0	26.687	59767
U-wire-DualResponse-left-as-wt5	corpus	drop	ref	3	550.577	536	3.02508E-05	0	0	0	9.61975	66114
U-wire-DualResponse-left-as-wt5	corpus	drop	skip	3	425.938	376	2.25723E-05	0	0	0	6.99743	88604
U-wire-DualResponse-left-as-wt5	corpus	drop	parse	4	167.433	0	0	0	0	0	0	242480
U-wire-DualResponse-left-as-wt5	corpus	drop	parsev	4	205.093	0	0	0	0	0	0	194046
U-wire-DualResponse-left-as-wt5	corpus	drop	pull	4	478.289	536	2.39209E-05	0	0	0	7.82212	83609
U-wire-DualResponse-left-as-wt5	corpus	drop	pparse	4	154.975	0	0	0	0	0	0	256412
U-wire-DualResponse-left-as-wt5	corpus	drop	touch	4	11.8315	0	0	0	0	0	0	2947249
U-wire-DualResponse-left-as-wt5	corpus	drop	strs	4	122.774	160	1.07668E-05	0	0	0	3.77377	371512
U-wire-DualResponse-left-as-wt5	corpus	drop	host	4	323.819	536	2.75247E-05	0	0	0	7.75279	108993
U-wire-DualResponse-left-as-wt5	corpus	drop	hskip	4	217.039	376	2.13993E-05	0	0	0	6.21115	186922
U-wire-DualResponse-left-as-wt5	corpus	drop	inc	4	661.333	984	6.69266E-05	0	0	0	18.9737	59767
U-wire-DualResponse-left-as-wt5	corpus	drop	ref	4	531.782	536	3.02508E-05	0	0	0	8.56097	66114
U-wire-DualResponse-left-as-wt5	corpus	drop	skip	4	421.426	376	2.25723E-05	0	0	0	9.5481	88604
U-wire-DualResponse-left-as-wt5	corpus	drop	noop	4	189.776	0	0	0	0	0	0	211347
U-wire-DualResponse-left-as-wt5	corpus	drop	parsev	5	205.181	0	0	0	0	0	0	194046
U-wire-DualResponse-left-as-wt5	corpus	drop	pull	5	480.572	536	2.39209E-05	0	0	0	8.3723	83609
U-wire-DualResponse-left-as-wt5	corpus	drop	pparse	5	155.839	0	0	0	0	0	0	256412
U-wire-DualResponse-left-as-wt5	corpus	drop	touch	5	11.35	0	0	0	0	0	0	2947249
U-wire-DualResponse-left-as-wt5	corpus	drop	strs	5	109.629	160	1.07668E-05	0	0	0	3.28657	371512
U-wire-DualResponse-left-as-wt5	corpus	drop	host	5	324.104	536	2.75247E-05	0	0	0	9.0648	108993
U-wire-DualResponse-left-as-wt5	corpus	drop	hskip	5	216.598	376	2.13993E-05	0	0	0	6.14695	186922
U-wire-DualResponse-left-as-wt5	corpus	drop	inc	5	666.657	984	6.69266E-05	0	0	0	20.8476	59767
U-wire-DualResponse-left-as-wt5	corpus	drop	ref	5	558.347	536	3.02508E-05	0	0	0	42.941	66114
U-wire-DualResponse-left-as-wt5	corpus	drop	skip	5	441.935	376	2.25723E-05	0	0	0	8.41948	88604
U-wire-DualResponse-left-as-wt5	corpus	drop	noop	5	190.688	0	0	0	0	0	0	211347
U-wire-DualResponse-left-as-wt5	corpus	drop	parse	5	167.156	0	0	0	0	0	0	242480
U-wire-DualResponse-left-as-wt5	corpus	drop	pull	6	482.299	536	2.39209E-05	0	0	0	8.03741	83609
U-wire-DualResponse-left-as-wt5	corpus	drop	pparse	6	158.801	0	0	0	0	0	0	256412
U-wire-DualResponse-left-as-wt5	corpus	drop	touch	6	11.407	0	0	0	0	0	0	2947249
U-wire-DualResponse-left-as-wt5	corpus	drop	strs	6	110.489	160	1.07668E-05	0	0	0	3.35117	371512
U-wire-DualResponse-left-as-wt5	corpus	drop	host	6	323.338	536	2.75247E-05	0	0	0	8.20236	108993
U-wire-DualResponse-left-as-wt5	corpus	drop	hskip	6	226.204	376	2.13993E-05	0	0	0	7.5807	186922
U-wire-DualResponse-left-as-wt5	corpus	drop	inc	6	679.68	984	5.01949E-05	0	0	0	16.1795	59767
U-wire-DualResponse-left-as-wt5	corpus	drop	ref	6	552.072	536	3.02508E-05	0	0	0	9.28699	66114
U-wire-DualResponse-left-as-wt5	corpus	drop	skip	6	425.222	376	2.25723E-05	0	0	0	7.08772	88604
U-wire-DualResponse-left-as-wt5	corpus	drop	noop	6	194.97	0	0	0	0	0	0	211347
U-wire-DualResponse-left-as-wt5	corpus	drop	parse	6	165.081	0	0	0	0	0	0	242480
U-wire-DualResponse-left-as-wt5	corpus	drop	parsev	6	203.952	0	0	0	0	0	0	194046
