row	content	mode	arm	round	cpu_ns_per_op	alloc_bytes_per_op	gen0_per_op	gen1_per_op	gen2_per_op	minflt_per_op	gc_pause_ns_per_op	ops
P1.2	ascii	retain	ref	1	378210	665985	0.0470588	0	0	0	25835.3	85
P1.2	ascii	retain	skip	1	179141	240640	0.0131004	0	0	0	5283.84	229
P1.2	ascii	retain	noop	1	87623	0	0	0	0	0	0	508
P1.2	ascii	retain	parse	1	81473.9	0	0	0	0	0	0	507
P1.2	ascii	retain	parsev	1	137088	0	0	0	0	0.0236486	0	296
P1.2	ascii	retain	pparse	1	79284.3	0	0	0	0	0.00199203	0	502
P1.2	ascii	retain	touch	1	7150.67	0	0	0	0	0	0	5738
P1.2	ascii	retain	strs	1	172990	425344	0.0215054	0	0	0	5317.2	186
P1.2	ascii	retain	host	1	439563	665984	0.0384615	0	0	0.0288462	20019.2	104
P1.2	ascii	retain	hskip	1	328750	240640	0.0146341	0	0	0.258537	6097.56	205
P1.2	ascii	retain	inc	1	498993	697928	0.05	0	0	0	31216.7	60
P1.2	ascii	retain	skip	2	184188	240640	0.0131004	0	0	0	4554.59	229
P1.2	ascii	retain	noop	2	86945.7	0	0	0	0	0.00393701	0	508
P1.2	ascii	retain	parse	2	80411	0	0	0	0	0	0	507
P1.2	ascii	retain	parsev	2	224731	0	0	0	0	0.0608108	0	296
P1.2	ascii	retain	pparse	2	78706.6	0	0	0	0	0	0	502
P1.2	ascii	retain	touch	2	7147.69	0	0	0	0	0	0	5738
P1.2	ascii	retain	strs	2	169781	425344	0.0215054	0	0	0	4930.11	186
P1.2	ascii	retain	host	2	407312	665984	0.0384615	0	0	0	19990.4	104
P1.2	ascii	retain	hskip	2	196175	240640	0.0146341	0	0	0	4736.59	205
P1.2	ascii	retain	inc	2	476995	697928	0.05	0	0	0	24783.3	60
P1.2	ascii	retain	ref	2	377782	665984	0.0352941	0	0	0	16705.9	85
P1.2	ascii	retain	noop	3	78064.6	0	0	0	0	0	0	508
P1.2	ascii	retain	parse	3	79866.5	0	0	0	0	0	0	507
P1.2	ascii	retain	parsev	3	136851	0	0	0	0	0	0	296
P1.2	ascii	retain	pparse	3	77545	0	0	0	0	0	0	502
P1.2	ascii	retain	touch	3	7164.35	0	0	0	0	0	0	5738
P1.2	ascii	retain	strs	3	164484	425344	0.0268817	0	0	0	6258.06	186
P1.2	ascii	retain	host	3	430290	665984	0.0384615	0	0	0.00961538	15490.4	104
P1.2	ascii	retain	hskip	3	201007	240640	0.0146341	0	0	0	5321.95	205
P1.2	ascii	retain	inc	3	494066	697928	0.0333333	0	0	0.0833333	16283.3	60
P1.2	ascii	retain	ref	3	365697	665984	0.0352941	0	0	0	17247.1	85
P1.2	ascii	retain	skip	3	176549	240640	0.0131004	0	0	0	4580.79	229
P1.2	ascii	retain	parse	4	76308.1	0	0	0	0	0	0	507
P1.2	ascii	retain	parsev	4	151869	0	0	0	0	0.0337838	0	296
P1.2	ascii	retain	pparse	4	76084.2	0	0	0	0	0	0	502
P1.2	ascii	retain	touch	4	7062.23	0	0	0	0	0	0	5738
P1.2	ascii	retain	strs	4	169670	425344	0.0268817	0	0	0	7553.76	186
P1.2	ascii	retain	host	4	409742	665984	0.0384615	0	0	0	21682.7	104
P1.2	ascii	retain	hskip	4	196515	240640	0.0146341	0	0	0	5248.78	205
P1.2	ascii	retain	inc	4	506681	697928	0.0333333	0	0	0	21266.7	60
P1.2	ascii	retain	ref	4	376423	665984	0.0470588	0	0	0	18317.6	85
P1.2	ascii	retain	skip	4	182262	240640	0.0131004	0	0	0	4820.96	229
P1.2	ascii	retain	noop	4	78582.7	0	0	0	0	0	0	508
P1.2	ascii	retain	parsev	5	132883	0	0	0	0	0	0	296
P1.2	ascii	retain	pparse	5	77578.9	0	0	0	0	0	0	502
P1.2	ascii	retain	touch	5	7115.33	0	0	0	0	0	0	5738
P1.2	ascii	retain	strs	5	165261	425344	0.0215054	0	0	0	4897.85	186
P1.2	ascii	retain	host	5	396058	665984	0.0384615	0	0	0	16048.1	104
P1.2	ascii	retain	hskip	5	193413	240640	0.0146341	0	0	0	4360.98	205
P1.2	ascii	retain	inc	5	479767	697928	0.05	0	0	0	26250	60
P1.2	ascii	retain	ref	5	370957	665984	0.0352941	0	0	0	16823.5	85
P1.2	ascii	retain	skip	5	175630	240640	0.0131004	0	0	0	4908.3	229
P1.2	ascii	retain	noop	5	76689.4	0	0	0	0	0	0	508
P1.2	ascii	retain	parse	5	76303.5	0	0	0	0	0	0	507
P1.2	ascii	retain	pparse	6	78978.5	0	0	0	0	0	0	502
P1.2	ascii	retain	touch	6	7027.08	0	0	0	0	0	0	5738
P1.2	ascii	retain	strs	6	165102	425344	0.0268817	0	0	0	5908.6	186
P1.2	ascii	retain	host	6	427710	665984	0.0384615	0	0	0	25057.7	104
P1.2	ascii	retain	hskip	6	203047	240640	0.0146341	0	0	0	5263.41	205
P1.2	ascii	retain	inc	6	537015	697928	0.0333333	0	0	0.0333333	18566.7	60
P1.2	ascii	retain	ref	6	373066	665984	0.0352941	0	0	0	15211.8	85
P1.2	ascii	retain	skip	6	178135	240640	0.0174672	0	0	0	6676.86	229
P1.2	ascii	retain	noop	6	97082.9	0	0	0	0	0	0	508
P1.2	ascii	retain	parse	6	115761	0	0	0	0	0.0138067	0	507
P1.2	ascii	retain	parsev	6	138098	0	0	0	0	0	0	296
P1.2	ascii	drop	ref	1	399652	665984	0.0471698	0	0	0	41198.1	106
P1.2	ascii	drop	skip	1	180407	240640	0.0140845	0	0	0	7924.88	213
P1.2	ascii	drop	noop	1	76343.3	0	0	0	0	0	0	524
P1.2	ascii	drop	parse	1	76320.9	0	0	0	0	0	0	524
P1.2	ascii	drop	parsev	1	130945	0	0	0	0	0	0	289
P1.2	ascii	drop	pull	1	369213	665984	0.0326087	0	0	0	16989.1	92
P1.2	ascii	drop	pparse	1	76559	0	0	0	0	0	0	505
P1.2	ascii	drop	touch	1	7014.82	0	0	0	0	0	0	5666
P1.2	ascii	drop	strs	1	167494	425344	0.0253165	0	0	0	11248.9	237
P1.2	ascii	drop	host	1	419839	665984	0.0412371	0	0	0	36371.1	97
P1.2	ascii	drop	hskip	1	194466	240640	0.0146341	0	0	0	8248.78	205
P1.2	ascii	drop	inc	1	515441	697928	0.0357143	0	0	0	30190.5	84
P1.2	ascii	drop	skip	2	191759	240640	0.0140845	0	0	0	17488.3	213
P1.2	ascii	drop	noop	2	79874.1	0	0	0	0	0	0	524
P1.2	ascii	drop	parse	2	80974.3	0	0	0	0	0	0	524
P1.2	ascii	drop	parsev	2	141970	0	0	0	0	0	0	289
P1.2	ascii	drop	pull	2	393405	665984	0.0326087	0	0	0	29510.9	92
P1.2	ascii	drop	pparse	2	76964.6	0	0	0	0	0	0	505
P1.2	ascii	drop	touch	2	7222.52	0	0	0	0	0	0	5666
P1.2	ascii	drop	strs	2	181131	425344	0.0253165	0	0	0	21624.5	237
P1.2	ascii	drop	host	2	428026	665984	0.0412371	0	0	0	25525.8	97
P1.2	ascii	drop	hskip	2	202683	240640	0.0146341	0	0	0	9175.61	205
P1.2	ascii	drop	inc	2	498045	697928	0.0357143	0	0	0	32071.4	84
P1.2	ascii	drop	ref	2	386122	665984	0.0377358	0	0	0	26188.7	106
P1.2	ascii	drop	noop	3	77891.9	0	0	0	0	0	0	524
P1.2	ascii	drop	parse	3	76924.1	0	0	0	0	0	0	524
P1.2	ascii	drop	parsev	3	130838	0	0	0	0	0	0	289
P1.2	ascii	drop	pull	3	389675	665984	0.0434783	0	0	0	36489.1	92
P1.2	ascii	drop	pparse	3	76029.4	0	0	0	0	0	0	505
P1.2	ascii	drop	touch	3	6975.79	0	0	0	0	0	0	5666
P1.2	ascii	drop	strs	3	168907	425344	0.0253165	0	0	0	11468.4	237
P1.2	ascii	drop	host	3	414786	665984	0.0412371	0	0	0	28907.2	97
P1.2	ascii	drop	hskip	3	194930	240640	0.0097561	0	0	0	5443.9	205
P1.2	ascii	drop	inc	3	512709	697928	0.047619	0	0	0	40571.4	84
P1.2	ascii	drop	ref	3	383010	665984	0.0377358	0	0	0	24047.2	106
P1.2	ascii	drop	skip	3	182556	240640	0.0140845	0	0	0	8582.16	213
P1.2	ascii	drop	parse	4	76373.6	0	0	0	0	0	0	524
P1.2	ascii	drop	parsev	4	131873	0	0	0	0	0	0	289
P1.2	ascii	drop	pull	4	382013	665984	0.0326087	0	0	0	27760.9	92
P1.2	ascii	drop	pparse	4	75902.3	0	0	0	0	0	0	505
P1.2	ascii	drop	touch	4	7060.38	0	0	0	0	0	0	5666
P1.2	ascii	drop	strs	4	169394	425344	0.0253165	0	0	0	11611.8	237
P1.2	ascii	drop	host	4	429936	665984	0.0412371	0	0	0	29020.6	97
P1.2	ascii	drop	hskip	4	199248	240640	0.0146341	0	0	0	8521.95	205
P1.2	ascii	drop	inc	4	506931	697928	0.0357143	0	0	0	26845.2	84
P1.2	ascii	drop	ref	4	407556	665984	0.0377358	0	0	0	25103.8	106
P1.2	ascii	drop	skip	4	181620	240640	0.0140845	0	0	0	9046.95	213
P1.2	ascii	drop	noop	4	77321.2	0	0	0	0	0	0	524
P1.2	ascii	drop	parsev	5	132999	0	0	0	0	0	0	289
P1.2	ascii	drop	pull	5	384685	665984	0.0434783	0	0	0	37434.8	92
P1.2	ascii	drop	pparse	5	76050.5	0	0	0	0	0	0	505
P1.2	ascii	drop	touch	5	6990.83	0	0	0	0	0	0	5666
P1.2	ascii	drop	strs	5	171628	425344	0.0253165	0	0	0	12000	237
P1.2	ascii	drop	host	5	412165	665984	0.0309278	0	0	0	20835.1	97
P1.2	ascii	drop	hskip	5	200380	240640	0.0146341	0	0	0	9043.9	205
P1.2	ascii	drop	inc	5	499901	697928	0.047619	0	0	0	35357.1	84
P1.2	ascii	drop	ref	5	380370	665984	0.0377358	0	0	0	23509.4	106
P1.2	ascii	drop	skip	5	181054	240640	0.0140845	0	0	0	9178.4	213
P1.2	ascii	drop	noop	5	76950.8	0	0	0	0	0	0	524
P1.2	ascii	drop	parse	5	77876.7	0	0	0	0	0	0	524
P1.2	ascii	drop	pull	6	375128	665984	0.0326087	0	0	0	27532.6	92
P1.2	ascii	drop	pparse	6	75958.2	0	0	0	0	0	0	505
P1.2	ascii	drop	touch	6	7023.01	0	0	0	0	0	0	5666
P1.2	ascii	drop	strs	6	170503	425344	0.0253165	0	0	0	11843.9	237
P1.2	ascii	drop	host	6	418660	665984	0.0412371	0	0	0	27577.3	97
P1.2	ascii	drop	hskip	6	201530	240640	0.0146341	0	0	0	9780.49	205
P1.2	ascii	drop	inc	6	496908	697928	0.0357143	0	0	0	31285.7	84
P1.2	ascii	drop	ref	6	377825	665984	0.0377358	0	0	0	24405.7	106
P1.2	ascii	drop	skip	6	185559	240640	0.0140845	0	0	0	8694.84	213
P1.2	ascii	drop	noop	6	77678.1	0	0	0	0	0	0	524
P1.2	ascii	drop	parse	6	76322.2	0	0	0	0	0	0	524
P1.2	ascii	drop	parsev	6	131509	0	0	0	0	0	0	289
P2.2	ascii	retain	ref	1	1.82487E+06	2.18058E+06	0.142857	0.0714286	0	0	69642.9	14
P2.2	ascii	retain	skip	1	1.07631E+06	809784	0.0416667	0	0	0	194333	24
P2.2	ascii	retain	noop	1	369034	0	0	0	0	0	0	92
P2.2	ascii	retain	parse	1	350240	0	0	0	0	0	0	81
P2.2	ascii	retain	parsev	1	648068	0	0	0	0	0	0	43
P2.2	ascii	retain	pparse	1	332710	0	0	0	0	0	0	103
P2.2	ascii	retain	touch	1	64196.3	0	0	0	0	0	0	453
P2.2	ascii	retain	strs	1	594793	1.2468E+06	0.0784314	0.0196078	0	0	19294.1	51
P2.2	ascii	retain	host	1	1.63179E+06	2.18058E+06	0.136364	0.0454545	0	0	134455	22
P2.2	ascii	retain	hskip	1	721156	809784	0.0425532	0.0212766	0	0	27234	47
P2.2	ascii	retain	inc	1	2.06231E+06	2.34453E+06	0.105263	0.0526316	0	0	233316	19
P2.2	ascii	retain	skip	2	936348	809784	0.0833333	0.0416667	0	0	69083.3	24
P2.2	ascii	retain	noop	2	354167	0	0	0	0	0	0	92
P2.2	ascii	retain	parse	2	328886	0	0	0	0	0	0	81
P2.2	ascii	retain	parsev	2	668496	0	0	0	0	0	0	43
P2.2	ascii	retain	pparse	2	335426	0	0	0	0	0	0	103
P2.2	ascii	retain	touch	2	69820.8	0	0	0	0	0	0	453
P2.2	ascii	retain	strs	2	600143	1.2468E+06	0.0588235	0.0196078	0	0	12372.5	51
P2.2	ascii	retain	host	2	1.68663E+06	2.18058E+06	0.136364	0.0454545	0	0	140409	22
P2.2	ascii	retain	hskip	2	739707	809784	0.0425532	0.0212766	0	0	22063.8	47
P2.2	ascii	retain	inc	2	2.35852E+06	2.34453E+06	0.157895	0.105263	0	0	317368	19
P2.2	ascii	retain	ref	2	2.55228E+06	2.18058E+06	0.142857	0.0714286	0	0	632286	14
P2.2	ascii	retain	noop	3	385388	0	0	0	0	0	0	92
P2.2	ascii	retain	parse	3	340311	0	0	0	0	0	0	81
P2.2	ascii	retain	parsev	3	671730	0	0	0	0	0	0	43
P2.2	ascii	retain	pparse	3	346218	0	0	0	0	0	0	103
P2.2	ascii	retain	touch	3	72928	0	0	0	0	0	0	453
P2.2	ascii	retain	strs	3	638455	1.2468E+06	0.0588235	0.0196078	0	0	12921.6	51
P2.2	ascii	retain	host	3	1.60344E+06	2.18058E+06	0.136364	0.0454545	0	0	66818.2	22
P2.2	ascii	retain	hskip	3	804699	809784	0.0425532	0.0212766	0	0	105149	47
P2.2	ascii	retain	inc	3	2.12554E+06	2.34453E+06	0.157895	0.105263	0	0	273579	19
P2.2	ascii	retain	ref	3	2.05056E+06	2.18058E+06	0.142857	0.142857	0	0	273000	14
P2.2	ascii	retain	skip	3	901153	809784	0.0416667	0.0416667	0	0	12208.3	24
P2.2	ascii	retain	parse	4	333075	0	0	0	0	0	0	81
P2.2	ascii	retain	parsev	4	669209	0	0	0	0	0	0	43
P2.2	ascii	retain	pparse	4	351367	0	0	0	0	0	0	103
P2.2	ascii	retain	touch	4	65537.1	0	0	0	0	0	0	453
P2.2	ascii	retain	strs	4	598398	1.2468E+06	0.0588235	0	0	0	12509.8	51
P2.2	ascii	retain	host	4	2.09699E+06	2.18058E+06	0.136364	0.0454545	0	0.181818	381909	22
P2.2	ascii	retain	hskip	4	745949	809784	0.0425532	0.0212766	0	0	35744.7	47
P2.2	ascii	retain	inc	4	2.15694E+06	2.34453E+06	0.157895	0.105263	0	0	261421	19
P2.2	ascii	retain	ref	4	2.05134E+06	2.18058E+06	0.142857	0.0714286	0	0	412714	14
P2.2	ascii	retain	skip	4	934818	809784	0.0416667	0.0416667	0	0	42458.3	24
P2.2	ascii	retain	noop	4	366083	0	0	0	0	0	0	92
P2.2	ascii	retain	parsev	5	716156	0	0	0	0	0	0	43
P2.2	ascii	retain	pparse	5	357156	0	0	0	0	0	0	103
P2.2	ascii	retain	touch	5	66289.8	0	0	0	0	0	0	453
P2.2	ascii	retain	strs	5	589162	1.2468E+06	0.0784314	0	0	0	16823.5	51
P2.2	ascii	retain	host	5	1.85617E+06	2.18058E+06	0.0909091	0.0454545	0	0	327318	22
P2.2	ascii	retain	hskip	5	747611	809784	0.0638298	0.0425532	0	0	43702.1	47
P2.2	ascii	retain	inc	5	2.83967E+06	2.34453E+06	0.105263	0.0526316	0	0	867842	19
P2.2	ascii	retain	ref	5	2.26921E+06	2.18058E+06	0.142857	0.0714286	0	0	151214	14
P2.2	ascii	retain	skip	5	941232	809784	0.0416667	0.0416667	0	0	36000	24
P2.2	ascii	retain	noop	5	376680	0	0	0	0	0	0	92
P2.2	ascii	retain	parse	5	349337	0	0	0	0	0	0	81
P2.2	ascii	retain	pparse	6	353984	0	0	0	0	0	0	103
P2.2	ascii	retain	touch	6	64749.4	0	0	0	0	0	0	453
P2.2	ascii	retain	strs	6	648549	1.2468E+06	0.0784314	0	0	0	27078.4	51
P2.2	ascii	retain	host	6	1.76548E+06	2.18058E+06	0.0909091	0.0454545	0	0	224818	22
P2.2	ascii	retain	hskip	6	803232	809784	0.0638298	0.0212766	0	0	58766	47
P2.2	ascii	retain	inc	6	2.14735E+06	2.34453E+06	0.105263	0.0526316	0	0	223368	19
P2.2	ascii	retain	ref	6	2.20004E+06	2.18058E+06	0.142857	0.0714286	0	0	356714	14
P2.2	ascii	retain	skip	6	892696	809784	0.0416667	0.0416667	0	0	22291.7	24
P2.2	ascii	retain	noop	6	407742	0	0	0	0	0	0	92
P2.2	ascii	retain	parse	6	342725	0	0	0	0	0	0	81
P2.2	ascii	retain	parsev	6	661084	0	0	0	0	0	0	43
P2.2	ascii	drop	ref	1	2.08001E+06	2.18058E+06	0.176471	0.0588235	0	0	334941	17
P2.2	ascii	drop	skip	1	924410	809784	0.0487805	0.0243902	0	3.14634	42780.5	41
P2.2	ascii	drop	noop	1	359418	0	0	0	0	0	0	104
P2.2	ascii	drop	parse	1	329648	0	0	0	0	0	0	111
P2.2	ascii	drop	parsev	1	651526	0	0	0	0	0	0	61
P2.2	ascii	drop	pull	1	2.35029E+06	2.18058E+06	0.0769231	0.0769231	0	0.384615	102923	13
P2.2	ascii	drop	pparse	1	362219	0	0	0	0	0	0	119
P2.2	ascii	drop	touch	1	70475.7	0	0	0	0	0	0	539
P2.2	ascii	drop	strs	1	594195	1.2468E+06	0.0784314	0	0	0	15862.7	51
P2.2	ascii	drop	host	1	1.73407E+06	2.18058E+06	0.12	0.08	0	0	221240	25
P2.2	ascii	drop	hskip	1	750381	809784	0.0545455	0.0181818	0	0	65636.4	55
P2.2	ascii	drop	inc	1	2.13541E+06	2.34453E+06	0.125	0.0625	0	0	352562	16
P2.2	ascii	drop	skip	2	887764	809784	0.0487805	0.0243902	0	0	36463.4	41
P2.2	ascii	drop	noop	2	357298	0	0	0	0	0	0	104
P2.2	ascii	drop	parse	2	339984	0	0	0	0	0	0	111
P2.2	ascii	drop	parsev	2	648981	0	0	0	0	0	0	61
P2.2	ascii	drop	pull	2	1.97843E+06	2.18058E+06	0.0769231	0	0	0.153846	97307.7	13
P2.2	ascii	drop	pparse	2	397951	0	0	0	0	0.0336134	0	119
P2.2	ascii	drop	touch	2	63196.9	0	0	0	0	0	0	539
P2.2	ascii	drop	strs	2	597647	1.2468E+06	0.0784314	0.0196078	0	0	17705.9	51
P2.2	ascii	drop	host	2	1.67839E+06	2.18058E+06	0.12	0.04	0	0	199920	25
P2.2	ascii	drop	hskip	2	717609	809784	0.0545455	0.0363636	0	0	31400	55
P2.2	ascii	drop	inc	2	2.07668E+06	2.34453E+06	0.125	0.0625	0	0	239312	16
P2.2	ascii	drop	ref	2	1.84822E+06	2.18058E+06	0.117647	0.0588235	0	0	61529.4	17
P2.2	ascii	drop	noop	3	355332	0	0	0	0	0	0	104
P2.2	ascii	drop	parse	3	327819	0	0	0	0	0	0	111
P2.2	ascii	drop	parsev	3	657996	0	0	0	0	0	0	61
P2.2	ascii	drop	pull	3	1.99623E+06	2.18058E+06	0.153846	0.0769231	0	0	365846	13
P2.2	ascii	drop	pparse	3	333778	0	0	0	0	0	0	119
P2.2	ascii	drop	touch	3	61535.8	0	0	0	0	0	0	539
P2.2	ascii	drop	strs	3	597183	1.2468E+06	0.0588235	0.0196078	0	0	13725.5	51
P2.2	ascii	drop	host	3	1.69201E+06	2.18058E+06	0.16	0.08	0	0	130800	25
P2.2	ascii	drop	hskip	3	722603	809784	0.0363636	0.0181818	0	0	28690.9	55
P2.2	ascii	drop	inc	3	2.07701E+06	2.34453E+06	0.125	0.0625	0	0	269812	16
P2.2	ascii	drop	ref	3	2.30289E+06	2.18058E+06	0.176471	0.117647	0	0	503235	17
P2.2	ascii	drop	skip	3	879411	809784	0.0243902	0.0243902	0	0	28097.6	41
P2.2	ascii	drop	parse	4	330570	0	0	0	0	0	0	111
P2.2	ascii	drop	parsev	4	649385	0	0	0	0	0	0	61
P2.2	ascii	drop	pull	4	1.81655E+06	2.18058E+06	0.153846	0.0769231	0	0	177000	13
P2.2	ascii	drop	pparse	4	332764	0	0	0	0	0	0	119
P2.2	ascii	drop	touch	4	64587.4	0	0	0	0	0	0	539
P2.2	ascii	drop	strs	4	698935	1.2468E+06	0.0784314	0	0	0	21705.9	51
P2.2	ascii	drop	host	4	1.73096E+06	2.18058E+06	0.12	0.08	0	0	230080	25
P2.2	ascii	drop	hskip	4	722583	809784	0.0545455	0.0363636	0	0	33890.9	55
P2.2	ascii	drop	inc	4	2.06526E+06	2.34453E+06	0.125	0.0625	0	0	226688	16
P2.2	ascii	drop	ref	4	1.88326E+06	2.18058E+06	0.117647	0.0588235	0	0	131294	17
P2.2	ascii	drop	skip	4	892553	809784	0.0487805	0.0243902	0	0	26341.5	41
P2.2	ascii	drop	noop	4	359267	0	0	0	0	0	0	104
P2.2	ascii	drop	parsev	5	658222	0	0	0	0	0	0	61
P2.2	ascii	drop	pull	5	1.93487E+06	2.18058E+06	0.0769231	0.0769231	0	0	400077	13
P2.2	ascii	drop	pparse	5	333411	0	0	0	0	0	0	119
P2.2	ascii	drop	touch	5	64357.3	0	0	0	0	0	0	539
P2.2	ascii	drop	strs	5	601548	1.2468E+06	0.0784314	0.0196078	0	0	16980.4	51
P2.2	ascii	drop	host	5	1.56888E+06	2.18058E+06	0.12	0.04	0	0	91520	25
P2.2	ascii	drop	hskip	5	784784	809784	0.0545455	0.0181818	0	0	88000	55
P2.2	ascii	drop	inc	5	2.04157E+06	2.34453E+06	0.125	0.125	0	0	193625	16
P2.2	ascii	drop	ref	5	2.09351E+06	2.18058E+06	0.117647	0.0588235	0	0	353647	17
P2.2	ascii	drop	skip	5	900872	809784	0.0487805	0.0243902	0	0	34292.7	41
P2.2	ascii	drop	noop	5	359674	0	0	0	0	0	0	104
P2.2	ascii	drop	parse	5	332257	0	0	0	0	0	0	111
P2.2	ascii	drop	pull	6	1.74566E+06	2.18058E+06	0.153846	0.0769231	0	0	130000	13
P2.2	ascii	drop	pparse	6	341832	0	0	0	0	0	0	119
P2.2	ascii	drop	touch	6	65008.9	0	0	0	0	0	0	539
P2.2	ascii	drop	strs	6	604222	1.2468E+06	0.0588235	0.0196078	0	0	12764.7	51
P2.2	ascii	drop	host	6	2.24506E+06	2.18058E+06	0.16	0.12	0	0.24	479560	25
P2.2	ascii	drop	hskip	6	721590	809784	0.0363636	0.0181818	0	0	24890.9	55
P2.2	ascii	drop	inc	6	2.32255E+06	2.34453E+06	0.125	0.0625	0	0	483375	16
P2.2	ascii	drop	ref	6	1.84374E+06	2.18058E+06	0.117647	0.0588235	0	0	111765	17
P2.2	ascii	drop	skip	6	896012	809784	0.0487805	0.0243902	0	0	42292.7	41
P2.2	ascii	drop	noop	6	353959	0	0	0	0	0	0	104
P2.2	ascii	drop	parse	6	328483	0	0	0	0	0	0	111
P2.2	ascii	drop	parsev	6	646380	0	0	0	0	0	0	61
P2.2	latin1	retain	ref	1	2.42031E+06	2.18058E+06	0.125	0.0625	0	0	131938	16
P2.2	latin1	retain	skip	1	911732	809784	0.0487805	0.0243902	0	0	35219.5	41
P2.2	latin1	retain	noop	1	360269	0	0	0	0	0	0	112
P2.2	latin1	retain	parse	1	333028	0	0	0	0	0	0	120
P2.2	latin1	retain	parsev	1	737422	0	0	0	0	0	0	50
P2.2	latin1	retain	pparse	1	339128	0	0	0	0	0	0	118
P2.2	latin1	retain	touch	1	69867	0	0	0	0	0	0	572
P2.2	latin1	retain	strs	1	1.14683E+06	1.2468E+06	0.0857143	0.0285714	0	0	19000	35
P2.2	latin1	retain	host	1	2.25846E+06	2.18058E+06	0.117647	0.0588235	0	0	218765	17
P2.2	latin1	retain	hskip	1	737083	809784	0.0526316	0.0175439	0	0	35578.9	57
P2.2	latin1	retain	inc	1	2.73251E+06	2.34453E+06	0.133333	0.0666667	0	0	349333	15
P2.2	latin1	retain	skip	2	903268	809784	0.0487805	0.0243902	0	0	36341.5	41
P2.2	latin1	retain	noop	2	361321	0	0	0	0	0	0	112
P2.2	latin1	retain	parse	2	334272	0	0	0	0	0	0	120
P2.2	latin1	retain	parsev	2	735592	0	0	0	0	0	0	50
P2.2	latin1	retain	pparse	2	338792	0	0	0	0	0	0	118
P2.2	latin1	retain	touch	2	69601.7	0	0	0	0	0	0	572
P2.2	latin1	retain	strs	2	1.18012E+06	1.2468E+06	0.0571429	0.0285714	0	0	35942.9	35
P2.2	latin1	retain	host	2	2.39808E+06	2.18058E+06	0.117647	0	0	0	331588	17
P2.2	latin1	retain	hskip	2	736217	809784	0.0526316	0.0350877	0	0	30087.7	57
P2.2	latin1	retain	inc	2	2.73581E+06	2.34453E+06	0.133333	0.0666667	0	0	341067	15
P2.2	latin1	retain	ref	2	2.39401E+06	2.18058E+06	0.125	0.0625	0	0	57062.5	16
P2.2	latin1	retain	noop	3	363259	0	0	0	0	0	0	112
P2.2	latin1	retain	parse	3	332912	0	0	0	0	0	0	120
P2.2	latin1	retain	parsev	3	738469	0	0	0	0	0	0	50
P2.2	latin1	retain	pparse	3	339410	0	0	0	0	0	0	118
P2.2	latin1	retain	touch	3	73270.7	0	0	0	0	0	0	572
P2.2	latin1	retain	strs	3	1.26783E+06	1.2468E+06	0.0857143	0.0285714	0	0	109086	35
P2.2	latin1	retain	host	3	2.47482E+06	2.18058E+06	0.117647	0.0588235	0	0	396824	17
P2.2	latin1	retain	hskip	3	738537	809784	0.0350877	0.0175439	0	0	29193	57
P2.2	latin1	retain	inc	3	2.51159E+06	2.34453E+06	0.133333	0.0666667	0	0	116333	15
P2.2	latin1	retain	ref	3	2.64616E+06	2.18058E+06	0.125	0.125	0	0	373625	16
P2.2	latin1	retain	skip	3	915929	809784	0.0487805	0.0243902	0	0	31731.7	41
P2.2	latin1	retain	parse	4	337525	0	0	0	0	0	0	120
P2.2	latin1	retain	parsev	4	737412	0	0	0	0	0	0	50
P2.2	latin1	retain	pparse	4	341642	0	0	0	0	0	0	118
P2.2	latin1	retain	touch	4	70363	0	0	0	0	0	0	572
P2.2	latin1	retain	strs	4	1.20297E+06	1.2468E+06	0.0857143	0.0285714	0	0	50228.6	35
P2.2	latin1	retain	host	4	2.47025E+06	2.18058E+06	0.117647	0.0588235	0	0	363941	17
P2.2	latin1	retain	hskip	4	748810	809784	0.0526316	0.0350877	0	0	42578.9	57
P2.2	latin1	retain	inc	4	2.60774E+06	2.34453E+06	0.133333	0.0666667	0	0	262467	15
P2.2	latin1	retain	ref	4	2.54646E+06	2.18058E+06	0.125	0	0	0	270312	16
P2.2	latin1	retain	skip	4	905425	809784	0.0487805	0.0243902	0	0	34146.3	41
P2.2	latin1	retain	noop	4	367084	0	0	0	0	0	0	112
P2.2	latin1	retain	parsev	5	742548	0	0	0	0	0	0	50
P2.2	latin1	retain	pparse	5	349775	0	0	0	0	0	0	118
P2.2	latin1	retain	touch	5	69997.5	0	0	0	0	0	0	572
P2.2	latin1	retain	strs	5	1.1797E+06	1.2468E+06	0.0571429	0.0285714	0	0	38428.6	35
P2.2	latin1	retain	host	5	2.21055E+06	2.18058E+06	0.117647	0.0588235	0	0	88529.4	17
P2.2	latin1	retain	hskip	5	761783	809784	0.0526316	0.0175439	0	0	43631.6	57
P2.2	latin1	retain	inc	5	2.67311E+06	2.34453E+06	0.133333	0.0666667	0	0	287400	15
P2.2	latin1	retain	ref	5	2.44789E+06	2.18058E+06	0.125	0.0625	0	0	117688	16
P2.2	latin1	retain	skip	5	925154	809784	0.0487805	0.0243902	0	0	52219.5	41
P2.2	latin1	retain	noop	5	361574	0	0	0	0	0	0	112
P2.2	latin1	retain	parse	5	373478	0	0	0	0	0	0	120
P2.2	latin1	retain	pparse	6	350489	0	0	0	0	0	0	118
P2.2	latin1	retain	touch	6	60878.7	0	0	0	0	0	0	572
P2.2	latin1	retain	strs	6	1.21245E+06	1.2468E+06	0.0857143	0.0285714	0	0	18857.1	35
P2.2	latin1	retain	host	6	2.19735E+06	2.18058E+06	0.117647	0.0588235	0	0	141294	17
P2.2	latin1	retain	hskip	6	740485	809784	0.0350877	0	0	0	37614	57
P2.2	latin1	retain	inc	6	2.71528E+06	2.34453E+06	0.133333	0.133333	0	0	308733	15
P2.2	latin1	retain	ref	6	2.5407E+06	2.18058E+06	0.125	0.0625	0	0	301250	16
P2.2	latin1	retain	skip	6	886273	809784	0.0487805	0.0243902	0	0	34804.9	41
P2.2	latin1	retain	noop	6	362744	0	0	0	0	0	0	112
P2.2	latin1	retain	parse	6	335755	0	0	0	0	0.0166667	0	120
P2.2	latin1	retain	parsev	6	753970	0	0	0	0	0	0	50
P2.2	latin1	drop	ref	1	2.3772E+06	2.18058E+06	0.133333	0.0666667	0	0	81200	15
P2.2	latin1	drop	skip	1	992584	809784	0.0487805	0.0243902	0	0	128366	41
P2.2	latin1	drop	noop	1	361321	0	0	0	0	0	0	99
P2.2	latin1	drop	parse	1	334458	0	0	0	0	0	0	79
P2.2	latin1	drop	parsev	1	739640	0	0	0	0	0	0	53
P2.2	latin1	drop	pull	1	2.401E+06	2.18058E+06	0.111111	0.0555556	0	0	287333	18
P2.2	latin1	drop	pparse	1	337699	0	0	0	0	0	0	119
P2.2	latin1	drop	touch	1	61153.6	0	0	0	0	0	0	660
P2.2	latin1	drop	strs	1	1.14416E+06	1.2468E+06	0.0666667	0.0333333	0	0	17333.3	30
P2.2	latin1	drop	host	1	2.45627E+06	2.18058E+06	0.157895	0.0526316	0	0	374474	19
P2.2	latin1	drop	hskip	1	760323	809784	0.0363636	0.0181818	0	0	17509.1	55
P2.2	latin1	drop	inc	1	2.99614E+06	2.34453E+06	0.2	0.133333	0	0	459667	15
P2.2	latin1	drop	skip	2	885726	809784	0.0243902	0.0243902	0	0	8268.29	41
P2.2	latin1	drop	noop	2	362378	0	0	0	0	0	0	99
P2.2	latin1	drop	parse	2	335239	0	0	0	0	0	0	79
P2.2	latin1	drop	parsev	2	742500	0	0	0	0	0	0	53
P2.2	latin1	drop	pull	2	2.37561E+06	2.18058E+06	0.166667	0.0555556	0	0	260611	18
P2.2	latin1	drop	pparse	2	336225	0	0	0	0	0	0	119
P2.2	latin1	drop	touch	2	63072.2	0	0	0	0	0	0	660
P2.2	latin1	drop	strs	2	1.1737E+06	1.2468E+06	0.0666667	0.0333333	0	0	18100	30
P2.2	latin1	drop	host	2	2.42105E+06	2.18058E+06	0.105263	0.0526316	0	0	395947	19
P2.2	latin1	drop	hskip	2	802770	809784	0.0545455	0.0181818	0	0	96781.8	55
P2.2	latin1	drop	inc	2	3.00948E+06	2.34453E+06	0.133333	0.133333	0	0	303000	15
P2.2	latin1	drop	ref	2	3.12282E+06	2.18058E+06	0.133333	0.0666667	0	0	509067	15
P2.2	latin1	drop	noop	3	421410	0	0	0	0	0	0	99
P2.2	latin1	drop	parse	3	383614	0	0	0	0	0	0	79
P2.2	latin1	drop	parsev	3	774108	0	0	0	0	0	0	53
P2.2	latin1	drop	pull	3	2.50368E+06	2.18058E+06	0.111111	0.111111	0	0	200444	18
P2.2	latin1	drop	pparse	3	390918	0	0	0	0	0	0	119
P2.2	latin1	drop	touch	3	68592.1	0	0	0	0	0	0	660
P2.2	latin1	drop	strs	3	1.20935E+06	1.2468E+06	0.0666667	0	0	0	17166.7	30
P2.2	latin1	drop	host	3	2.95408E+06	2.18058E+06	0.157895	0.0526316	0	0	530000	19
P2.2	latin1	drop	hskip	3	813891	809784	0.0363636	0.0181818	0	0	30618.2	55
P2.2	latin1	drop	inc	3	2.67267E+06	2.34453E+06	0.133333	0.0666667	0	0	104800	15
P2.2	latin1	drop	ref	3	2.65263E+06	2.18058E+06	0.133333	0.133333	0	0	391200	15
P2.2	latin1	drop	skip	3	911920	809784	0.0487805	0.0243902	0	0	31561	41
P2.2	latin1	drop	parse	4	331009	0	0	0	0	0	0	79
P2.2	latin1	drop	parsev	4	735689	0	0	0	0	0	0	53
P2.2	latin1	drop	pull	4	2.19701E+06	2.18058E+06	0.111111	0.0555556	0	0	90833.3	18
P2.2	latin1	drop	pparse	4	337253	0	0	0	0	0	0	119
P2.2	latin1	drop	touch	4	61435.8	0	0	0	0	0	0	660
P2.2	latin1	drop	strs	4	1.15669E+06	1.2468E+06	0.1	0.0333333	0	0	25766.7	30
P2.2	latin1	drop	host	4	2.72256E+06	2.18058E+06	0.105263	0.0526316	0	0.157895	287158	19
P2.2	latin1	drop	hskip	4	731202	809784	0.0545455	0.0363636	0	0	37709.1	55
P2.2	latin1	drop	inc	4	2.63443E+06	2.34453E+06	0.133333	0.0666667	0	0	288733	15
P2.2	latin1	drop	ref	4	2.39056E+06	2.18058E+06	0.0666667	0.0666667	0	0	116200	15
P2.2	latin1	drop	skip	4	897749	809784	0.0487805	0.0243902	0	0	26317.1	41
P2.2	latin1	drop	noop	4	360018	0	0	0	0	0	0	99
P2.2	latin1	drop	parsev	5	749603	0	0	0	0	0	0	53
P2.2	latin1	drop	pull	5	2.44606E+06	2.18058E+06	0.166667	0.111111	0	0	347333	18
P2.2	latin1	drop	pparse	5	374208	0	0	0	0	0	0	119
P2.2	latin1	drop	touch	5	68460.2	0	0	0	0	0	0	660
P2.2	latin1	drop	strs	5	1.1927E+06	1.2468E+06	0.0666667	0.0333333	0	0	19166.7	30
P2.2	latin1	drop	host	5	2.30331E+06	2.18058E+06	0.105263	0.0526316	0	0	114579	19
P2.2	latin1	drop	hskip	5	781545	809784	0.0545455	0.0181818	0	0	45418.2	55
P2.2	latin1	drop	inc	5	2.6987E+06	2.34453E+06	0.133333	0.0666667	0	0	166667	15
P2.2	latin1	drop	ref	5	2.47611E+06	2.18058E+06	0.133333	0.0666667	0	0	95066.7	15
P2.2	latin1	drop	skip	5	942984	809784	0.0487805	0.0243902	0	0	49585.4	41
P2.2	latin1	drop	noop	5	376118	0	0	0	0	0	0	99
P2.2	latin1	drop	parse	5	331609	0	0	0	0	0	0	79
P2.2	latin1	drop	pull	6	2.41874E+06	2.18058E+06	0.111111	0.111111	0	0	303111	18
P2.2	latin1	drop	pparse	6	336670	0	0	0	0	0	0	119
P2.2	latin1	drop	touch	6	60214.2	0	0	0	0	0	0	660
P2.2	latin1	drop	strs	6	1.16767E+06	1.2468E+06	0.0666667	0.0333333	0	0	16500	30
P2.2	latin1	drop	host	6	2.33437E+06	2.18058E+06	0.157895	0.0526316	0	0	215526	19
P2.2	latin1	drop	hskip	6	736531	809784	0.0363636	0.0181818	0	0	22618.2	55
P2.2	latin1	drop	inc	6	2.48231E+06	2.34453E+06	0.133333	0.0666667	0	0	113867	15
P2.2	latin1	drop	ref	6	2.78064E+06	2.18058E+06	0.133333	0.133333	0	0	476867	15
P2.2	latin1	drop	skip	6	894770	809784	0.0487805	0.0243902	0	0	29853.7	41
P2.2	latin1	drop	noop	6	359931	0	0	0	0	0	0	99
P2.2	latin1	drop	parse	6	338099	0	0	0	0	0	0	79
P2.2	latin1	drop	parsev	6	737331	0	0	0	0	0	0	53
P2.2	wide	retain	ref	1	3.16095E+06	2.18058E+06	0.0833333	0	0	0	42416.7	12
P2.2	wide	retain	skip	1	991474	809784	0.0444444	0.0222222	0	0	85511.1	45
P2.2	wide	retain	noop	1	387362	0	0	0	0	0	0	105
P2.2	wide	retain	parse	1	351468	0	0	0	0	0	0	119
P2.2	wide	retain	parsev	1	857019	0	0	0	0	0	0	48
P2.2	wide	retain	pparse	1	358167	0	0	0	0	0	0	117
P2.2	wide	retain	touch	1	64715.3	0	0	0	0	0	0	615
P2.2	wide	retain	strs	1	1.79622E+06	1.2468E+06	0.0869565	0	0	0	23652.2	23
P2.2	wide	retain	host	1	3.14841E+06	2.18058E+06	0.133333	0.0666667	0	0	403200	15
P2.2	wide	retain	hskip	1	751701	809784	0.0512821	0.025641	0	0	34230.8	39
P2.2	wide	retain	inc	1	3.56731E+06	2.34453E+06	0.166667	0.0833333	0	0	587583	12
P2.2	wide	retain	skip	2	900298	809784	0.0444444	0.0222222	0	0	27311.1	45
P2.2	wide	retain	noop	2	367312	0	0	0	0	0	0	105
P2.2	wide	retain	parse	2	337926	0	0	0	0	0	0	119
P2.2	wide	retain	parsev	2	786498	0	0	0	0	0	0	48
P2.2	wide	retain	pparse	2	346706	0	0	0	0	0	0	117
P2.2	wide	retain	touch	2	70145.8	0	0	0	0	0	0	615
P2.2	wide	retain	strs	2	1.73046E+06	1.2468E+06	0.0434783	0.0434783	0	0	14608.7	23
P2.2	wide	retain	host	2	3.0625E+06	2.18058E+06	0.133333	0.0666667	0	0	330133	15
P2.2	wide	retain	hskip	2	745366	809784	0.0512821	0.025641	0	0	40282.1	39
P2.2	wide	retain	inc	2	3.54609E+06	2.34453E+06	0.166667	0.0833333	0	0	567833	12
P2.2	wide	retain	ref	2	3.17099E+06	2.18058E+06	0.0833333	0.0833333	0	0	266083	12
P2.2	wide	retain	noop	3	371678	0	0	0	0	0	0	105
P2.2	wide	retain	parse	3	344075	0	0	0	0	0	0	119
P2.2	wide	retain	parsev	3	785458	0	0	0	0	0	0	48
P2.2	wide	retain	pparse	3	340974	0	0	0	0	0	0	117
P2.2	wide	retain	touch	3	60493.2	0	0	0	0	0	0	615
P2.2	wide	retain	strs	3	1.72462E+06	1.2468E+06	0.0869565	0.0434783	0	0	20913	23
P2.2	wide	retain	host	3	2.82253E+06	2.18058E+06	0.133333	0.0666667	0	0	141200	15
P2.2	wide	retain	hskip	3	741010	809784	0.0512821	0.025641	0	0	31410.3	39
P2.2	wide	retain	inc	3	2.98545E+06	2.34453E+06	0.0833333	0	0	0	33083.3	12
P2.2	wide	retain	ref	3	3.37967E+06	2.18058E+06	0.166667	0.0833333	0	0	442250	12
P2.2	wide	retain	skip	3	928894	809784	0.0444444	0	0	0	67511.1	45
P2.2	wide	retain	parse	4	338158	0	0	0	0	0	0	119
P2.2	wide	retain	parsev	4	786298	0	0	0	0	0	0	48
P2.2	wide	retain	pparse	4	350208	0	0	0	0	0	0	117
P2.2	wide	retain	touch	4	64982.9	0	0	0	0	0	0	615
P2.2	wide	retain	strs	4	1.73906E+06	1.2468E+06	0.0434783	0.0434783	0	0	12565.2	23
P2.2	wide	retain	host	4	2.77188E+06	2.18058E+06	0.133333	0.0666667	0	0	97266.7	15
P2.2	wide	retain	hskip	4	747625	809784	0.0512821	0.025641	0	0	42282.1	39
P2.2	wide	retain	inc	4	3.31414E+06	2.34453E+06	0.166667	0.0833333	0	0	352417	12
P2.2	wide	retain	ref	4	3.0173E+06	2.18058E+06	0.0833333	0.0833333	0	0	81666.7	12
P2.2	wide	retain	skip	4	956248	809784	0.0444444	0.0222222	0	0	33488.9	45
P2.2	wide	retain	noop	4	391548	0	0	0	0	0	0	105
P2.2	wide	retain	parsev	5	826389	0	0	0	0	0	0	48
P2.2	wide	retain	pparse	5	343579	0	0	0	0	0	0	117
P2.2	wide	retain	touch	5	69745	0	0	0	0	0	0	615
P2.2	wide	retain	strs	5	1.73021E+06	1.2468E+06	0.0869565	0	0	0	24130.4	23
P2.2	wide	retain	host	5	3.10761E+06	2.18058E+06	0.133333	0	0	0	381667	15
P2.2	wide	retain	hskip	5	758985	809784	0.0512821	0.025641	0	0	40410.3	39
P2.2	wide	retain	inc	5	3.34981E+06	2.34453E+06	0.0833333	0.0833333	0	0	369500	12
P2.2	wide	retain	ref	5	3.03743E+06	2.18058E+06	0.166667	0.0833333	0	0	100167	12
P2.2	wide	retain	skip	5	898934	809784	0.0444444	0.0222222	0	0	32977.8	45
P2.2	wide	retain	noop	5	366710	0	0	0	0	0	0	105
P2.2	wide	retain	parse	5	338813	0	0	0	0	0	0	119
P2.2	wide	retain	pparse	6	340887	0	0	0	0	0	0	117
P2.2	wide	retain	touch	6	69277.1	0	0	0	0	0	0	615
P2.2	wide	retain	strs	6	1.77482E+06	1.2468E+06	0.0869565	0.0434783	0	0	58695.7	23
P2.2	wide	retain	host	6	3.12206E+06	2.18058E+06	0.133333	0.0666667	0	0	464133	15
P2.2	wide	retain	hskip	6	721212	809784	0.025641	0.025641	0	0	28512.8	39
P2.2	wide	retain	inc	6	3.45671E+06	2.34453E+06	0.166667	0	0	0	464917	12
P2.2	wide	retain	ref	6	3.56006E+06	2.18058E+06	0.166667	0.166667	0	0	649333	12
P2.2	wide	retain	skip	6	899368	809784	0.0444444	0.0222222	0	0	32000	45
P2.2	wide	retain	noop	6	365229	0	0	0	0	0	0	105
P2.2	wide	retain	parse	6	336583	0	0	0	0	0	0	119
P2.2	wide	retain	parsev	6	781264	0	0	0	0	0	0	48
P2.2	wide	drop	ref	1	3.042E+06	2.18058E+06	0.125	0.125	0	0	102625	8
P2.2	wide	drop	skip	1	994186	809784	0.0526316	0	0	0	116658	38
P2.2	wide	drop	noop	1	376188	0	0	0	0	0	0	91
P2.2	wide	drop	parse	1	339529	0	0	0	0	0	0	100
P2.2	wide	drop	parsev	1	781318	0	0	0	0	0	0	50
P2.2	wide	drop	pull	1	3.53791E+06	2.18058E+06	0.166667	0.166667	0	0	755500	6
P2.2	wide	drop	pparse	1	345798	0	0	0	0	0	0	106
P2.2	wide	drop	touch	1	70572.1	0	0	0	0	0	0	656
P2.2	wide	drop	strs	1	1.73832E+06	1.2468E+06	0.0625	0.0625	0	0	18187.5	16
P2.2	wide	drop	host	1	3.18882E+06	2.18058E+06	0.0909091	0	0	0	306000	11
P2.2	wide	drop	hskip	1	787299	809784	0.0545455	0.0363636	0	0	49363.6	55
P2.2	wide	drop	inc	1	3.41716E+06	2.34453E+06	0.153846	0.0769231	0	0	407692	13
P2.2	wide	drop	skip	2	919966	809784	0.0526316	0.0263158	0	0	29394.7	38
P2.2	wide	drop	noop	2	372186	0	0	0	0	0	0	91
P2.2	wide	drop	parse	2	348865	0	0	0	0	0	0	100
P2.2	wide	drop	parsev	2	794879	0	0	0	0	0	0	50
P2.2	wide	drop	pull	2	2.8026E+06	2.18058E+06	0	0	0	0	0	6
P2.2	wide	drop	pparse	2	372137	0	0	0	0	0	0	106
P2.2	wide	drop	touch	2	62534.5	0	0	0	0	0	0	656
P2.2	wide	drop	strs	2	1.76735E+06	1.2468E+06	0.0625	0.0625	0	0	18125	16
P2.2	wide	drop	host	2	2.9025E+06	2.18058E+06	0.181818	0	0	0	202455	11
P2.2	wide	drop	hskip	2	721996	809784	0.0363636	0.0181818	0	0	23763.6	55
P2.2	wide	drop	inc	2	3.28788E+06	2.34453E+06	0.153846	0.0769231	0	0	309000	13
P2.2	wide	drop	ref	2	3.01118E+06	2.18058E+06	0.125	0.125	0	0	85125	8
P2.2	wide	drop	noop	3	365693	0	0	0	0	0	0	91
P2.2	wide	drop	parse	3	341692	0	0	0	0	0	0	100
P2.2	wide	drop	parsev	3	785512	0	0	0	0	0	0	50
P2.2	wide	drop	pull	3	2.85393E+06	2.18058E+06	0.166667	0	0	0	84000	6
P2.2	wide	drop	pparse	3	341783	0	0	0	0	0	0	106
P2.2	wide	drop	touch	3	63363.9	0	0	0	0	0	0	656
P2.2	wide	drop	strs	3	1.85983E+06	1.2468E+06	0.0625	0	0	0	136812	16
P2.2	wide	drop	host	3	3.37457E+06	2.18058E+06	0.181818	0.181818	0	0.0909091	592364	11
P2.2	wide	drop	hskip	3	716495	809784	0.0363636	0.0181818	0	0	27054.5	55
P2.2	wide	drop	inc	3	3.22366E+06	2.34453E+06	0.153846	0.153846	0	0	266000	13
P2.2	wide	drop	ref	3	3.15824E+06	2.18058E+06	0.125	0	0	0	251500	8
P2.2	wide	drop	skip	3	896489	809784	0.0526316	0.0263158	0	0	31842.1	38
P2.2	wide	drop	parse	4	336922	0	0	0	0	0	0	100
P2.2	wide	drop	parsev	4	787412	0	0	0	0	0	0	50
P2.2	wide	drop	pull	4	2.72315E+06	2.18058E+06	0	0	0	0	0	6
P2.2	wide	drop	pparse	4	342422	0	0	0	0	0	0	106
P2.2	wide	drop	touch	4	62278.9	0	0	0	0	0	0	656
P2.2	wide	drop	strs	4	1.80325E+06	1.2468E+06	0.125	0.0625	0	0	88562.5	16
P2.2	wide	drop	host	4	2.77568E+06	2.18058E+06	0.0909091	0	0	0	43000	11
P2.2	wide	drop	hskip	4	811452	809784	0.0545455	0.0181818	0	0	94909.1	55
P2.2	wide	drop	inc	4	3.30489E+06	2.34453E+06	0.0769231	0.0769231	0	0	311538	13
P2.2	wide	drop	ref	4	3.02138E+06	2.18058E+06	0.125	0.125	0	0	95375	8
P2.2	wide	drop	skip	4	905972	809784	0.0526316	0	0	0	39842.1	38
P2.2	wide	drop	noop	4	364717	0	0	0	0	0	0	91
P2.2	wide	drop	parsev	5	783652	0	0	0	0	0	0	50
P2.2	wide	drop	pull	5	3.35705E+06	2.18058E+06	0.166667	0.166667	0	0	616333	6
P2.2	wide	drop	pparse	5	340582	0	0	0	0	0	0	106
P2.2	wide	drop	touch	5	61716.1	0	0	0	0	0	0	656
P2.2	wide	drop	strs	5	1.72586E+06	1.2468E+06	0.0625	0.0625	0	0	17000	16
P2.2	wide	drop	host	5	2.99241E+06	2.18058E+06	0.0909091	0	0	0	333273	11
P2.2	wide	drop	hskip	5	768792	809784	0.0545455	0.0363636	0	0	42963.6	55
P2.2	wide	drop	inc	5	3.53832E+06	2.34453E+06	0.153846	0.0769231	0	0	510462	13
P2.2	wide	drop	ref	5	3.45649E+06	2.18058E+06	0.125	0.125	0	0	499125	8
P2.2	wide	drop	skip	5	915194	809784	0.0526316	0.0263158	0	0	38394.7	38
P2.2	wide	drop	noop	5	367583	0	0	0	0	0	0	91
P2.2	wide	drop	parse	5	344878	0	0	0	0	0	0	100
P2.2	wide	drop	pull	6	2.81362E+06	2.18058E+06	0	0	0	0	0	6
P2.2	wide	drop	pparse	6	443855	0	0	0	0	0	0	106
P2.2	wide	drop	touch	6	62427.2	0	0	0	0	0	0	656
P2.2	wide	drop	strs	6	1.78487E+06	1.2468E+06	0.0625	0	0	0	63875	16
P2.2	wide	drop	host	6	3.30377E+06	2.18058E+06	0.181818	0.0909091	0	0	491091	11
P2.2	wide	drop	hskip	6	749611	809784	0.0363636	0.0181818	0	0	15163.6	55
P2.2	wide	drop	inc	6	3.4086E+06	2.34453E+06	0.153846	0.0769231	0	0	457077	13
P2.2	wide	drop	ref	6	2.96094E+06	2.18058E+06	0.125	0.125	0	0	51125	8
P2.2	wide	drop	skip	6	902726	809784	0.0526316	0.0263158	0	0	35052.6	38
P2.2	wide	drop	noop	6	365900	0	0	0	0	0	0	91
P2.2	wide	drop	parse	6	342380	0	0	0	0	0	0	100
P2.2	wide	drop	parsev	6	813355	0	0	0	0	0	0	50
P2.3	ascii	retain	ref	1	1.43833E+06	2.10116E+06	0.125	0.0833333	0	0	182917	24
P2.3	ascii	retain	skip	1	455129	462592	0.0243902	0.0121951	0	0	9207.32	82
P2.3	ascii	retain	noop	1	181969	0	0	0	0	0	0	211
P2.3	ascii	retain	parse	1	170486	0	0	0	0	0	0	186
P2.3	ascii	retain	parsev	1	383795	0	0	0	0	0	0	108
P2.3	ascii	retain	pparse	1	169762	0	0	0	0	0	0	221
P2.3	ascii	retain	touch	1	42731.6	0	0	0	0	0	0	813
P2.3	ascii	retain	strs	1	578301	1.60757E+06	0.0923077	0.0153846	0	0	22430.8	65
P2.3	ascii	retain	host	1	1.50915E+06	2.10116E+06	0.142857	0.107143	0	0	278036	28
P2.3	ascii	retain	hskip	1	395323	462592	0.0217391	0.0108696	0	0	10934.8	92
P2.3	ascii	retain	inc	1	1.41702E+06	2.0981E+06	0.111111	0.0740741	0	0	184926	27
P2.3	ascii	retain	skip	2	464480	462592	0.0365854	0.0243902	0	0	15634.1	82
P2.3	ascii	retain	noop	2	179612	0	0	0	0	0	0	211
P2.3	ascii	retain	parse	2	172793	0	0	0	0	0	0	186
P2.3	ascii	retain	parsev	2	368215	0	0	0	0	0	0	108
P2.3	ascii	retain	pparse	2	168716	0	0	0	0	0	0	221
P2.3	ascii	retain	touch	2	46544.1	0	0	0	0	0	0	813
P2.3	ascii	retain	strs	2	589799	1.60757E+06	0.0923077	0	0	0	19215.4	65
P2.3	ascii	retain	host	2	1.3839E+06	2.10116E+06	0.107143	0.0357143	0	0	213500	28
P2.3	ascii	retain	hskip	2	390828	462592	0.0326087	0.0108696	0	0	15565.2	92
P2.3	ascii	retain	inc	2	1.29879E+06	2.0981E+06	0.111111	0.037037	0	0	92259.3	27
P2.3	ascii	retain	ref	2	1.38847E+06	2.10116E+06	0.125	0.0833333	0	0	174167	24
P2.3	ascii	retain	noop	3	179837	0	0	0	0	0	0	211
P2.3	ascii	retain	parse	3	170638	0	0	0	0	0	0	186
P2.3	ascii	retain	parsev	3	372650	0	0	0	0	0	0	108
P2.3	ascii	retain	pparse	3	166778	0	0	0	0	0	0	221
P2.3	ascii	retain	touch	3	43832.9	0	0	0	0	0	0	813
P2.3	ascii	retain	strs	3	586256	1.60757E+06	0.0923077	0.0153846	0	0	20523.1	65
P2.3	ascii	retain	host	3	1.25166E+06	2.10116E+06	0.107143	0.0357143	0	0	113464	28
P2.3	ascii	retain	hskip	3	390928	462592	0.0326087	0.0108696	0	0	16250	92
P2.3	ascii	retain	inc	3	1.33373E+06	2.0981E+06	0.111111	0.0740741	0	0	149778	27
P2.3	ascii	retain	ref	3	1.42555E+06	2.10116E+06	0.125	0.125	0	0	159750	24
P2.3	ascii	retain	skip	3	452877	462592	0.0243902	0.0121951	0	0	10987.8	82
P2.3	ascii	retain	parse	4	171034	0	0	0	0	0	0	186
P2.3	ascii	retain	parsev	4	372672	0	0	0	0	0	0	108
P2.3	ascii	retain	pparse	4	168127	0	0	0	0	0	0	221
P2.3	ascii	retain	touch	4	43609.9	0	0	0	0	0	0	813
P2.3	ascii	retain	strs	4	584252	1.60757E+06	0.0923077	0	0	0	19692.3	65
P2.3	ascii	retain	host	4	1.29016E+06	2.10116E+06	0.142857	0.0714286	0	0	139893	28
P2.3	ascii	retain	hskip	4	380462	462592	0.0217391	0.0108696	0	0	8423.91	92
P2.3	ascii	retain	inc	4	1.34843E+06	2.0981E+06	0.111111	0.037037	0	0	105370	27
P2.3	ascii	retain	ref	4	1.42567E+06	2.10116E+06	0.125	0.0833333	0	0	191167	24
P2.3	ascii	retain	skip	4	457197	462592	0.0243902	0.0121951	0	0	9243.9	82
P2.3	ascii	retain	noop	4	180556	0	0	0	0	0	0	211
P2.3	ascii	retain	parsev	5	377248	0	0	0	0	0	0	108
P2.3	ascii	retain	pparse	5	168997	0	0	0	0	0	0	221
P2.3	ascii	retain	touch	5	44127.2	0	0	0	0	0	0	813
P2.3	ascii	retain	strs	5	586630	1.60757E+06	0.0923077	0.0153846	0	0	25276.9	65
P2.3	ascii	retain	host	5	1.38239E+06	2.10116E+06	0.142857	0.107143	0	0	229607	28
P2.3	ascii	retain	hskip	5	380508	462592	0.0217391	0.0108696	0	0	10695.7	92
P2.3	ascii	retain	inc	5	1.40131E+06	2.0981E+06	0.148148	0.111111	0	0	185259	27
P2.3	ascii	retain	ref	5	1.37191E+06	2.10116E+06	0.125	0.0416667	0	0	122500	24
P2.3	ascii	retain	skip	5	457148	462592	0.0243902	0.0121951	0	0	9243.9	82
P2.3	ascii	retain	noop	5	180600	0	0	0	0	0	0	211
P2.3	ascii	retain	parse	5	170896	0	0	0	0	0	0	186
P2.3	ascii	retain	pparse	6	167045	0	0	0	0	0	0	221
P2.3	ascii	retain	touch	6	45034.4	0	0	0	0	0	0	813
P2.3	ascii	retain	strs	6	591495	1.60757E+06	0.0923077	0.0153846	0	0	26676.9	65
P2.3	ascii	retain	host	6	1.47122E+06	2.10116E+06	0.107143	0.0714286	0	0	242929	28
P2.3	ascii	retain	hskip	6	414683	462592	0.0326087	0.0108696	0	0	19152.2	92
P2.3	ascii	retain	inc	6	1.46043E+06	2.0981E+06	0.111111	0.037037	0	0	185593	27
P2.3	ascii	retain	ref	6	1.60915E+06	2.10116E+06	0.125	0.0833333	0	0	327208	24
P2.3	ascii	retain	skip	6	470163	462592	0.0243902	0.0121951	0	0	9243.9	82
P2.3	ascii	retain	noop	6	191327	0	0	0	0	0	0	211
P2.3	ascii	retain	parse	6	175451	0	0	0	0	0	0	186
P2.3	ascii	retain	parsev	6	379903	0	0	0	0	0	0	108
P2.3	ascii	drop	ref	1	1.35765E+06	2.10116E+06	0.142857	0.107143	0	0	145536	28
P2.3	ascii	drop	skip	1	456129	462592	0.0229885	0	0	0	11839.1	87
P2.3	ascii	drop	noop	1	180283	0	0	0	0	0	0	222
P2.3	ascii	drop	parse	1	170512	0	0	0	0	0	0	233
P2.3	ascii	drop	parsev	1	374847	0	0	0	0	0	0	106
P2.3	ascii	drop	pull	1	1.29068E+06	2.10116E+06	0.137931	0.103448	0	0	133138	29
P2.3	ascii	drop	pparse	1	167483	0	0	0	0	0	0	237
P2.3	ascii	drop	touch	1	49413.8	0	0	0	0	0	0	845
P2.3	ascii	drop	strs	1	621500	1.60757E+06	0.0833333	0.0138889	0	0	19902.8	72
P2.3	ascii	drop	host	1	1.32061E+06	2.10116E+06	0.125	0.0625	0	0	128625	32
P2.3	ascii	drop	hskip	1	399722	462592	0.029703	0.019802	0	0	15663.4	101
P2.3	ascii	drop	inc	1	1.51941E+06	2.0981E+06	0.129032	0.0645161	0	0	284452	31
P2.3	ascii	drop	skip	2	502645	462592	0.0229885	0	0	0	14183.9	87
P2.3	ascii	drop	noop	2	181527	0	0	0	0	0	0	222
P2.3	ascii	drop	parse	2	178506	0	0	0	0	0	0	233
P2.3	ascii	drop	parsev	2	374804	0	0	0	0	0	0	106
P2.3	ascii	drop	pull	2	1.33099E+06	2.10116E+06	0.137931	0.103448	0	0	172793	29
P2.3	ascii	drop	pparse	2	167064	0	0	0	0	0	0	237
P2.3	ascii	drop	touch	2	44935.5	0	0	0	0	0	0	845
P2.3	ascii	drop	strs	2	599639	1.60757E+06	0.0833333	0.0138889	0	0	18305.6	72
P2.3	ascii	drop	host	2	1.41903E+06	2.10116E+06	0.125	0.03125	0	0	129562	32
P2.3	ascii	drop	hskip	2	451347	462592	0.029703	0.00990099	0	0	15673.3	101
P2.3	ascii	drop	inc	2	1.66039E+06	2.0981E+06	0.129032	0.0967742	0	0	170710	31
P2.3	ascii	drop	ref	2	1.36321E+06	2.10116E+06	0.107143	0.0714286	0	0	84392.9	28
P2.3	ascii	drop	noop	3	192591	0	0	0	0	0	0	222
P2.3	ascii	drop	parse	3	173387	0	0	0	0	0	0	233
P2.3	ascii	drop	parsev	3	375682	0	0	0	0	0	0	106
P2.3	ascii	drop	pull	3	1.31605E+06	2.10116E+06	0.137931	0.0689655	0	0	169586	29
P2.3	ascii	drop	pparse	3	166590	0	0	0	0	0	0	237
P2.3	ascii	drop	touch	3	41754.8	0	0	0	0	0	0	845
P2.3	ascii	drop	strs	3	574244	1.60757E+06	0.0833333	0.0138889	0	0	17708.3	72
P2.3	ascii	drop	host	3	1.29795E+06	2.10116E+06	0.125	0.0625	0	0	174500	32
P2.3	ascii	drop	hskip	3	387187	462592	0.029703	0.00990099	0	0	14198	101
P2.3	ascii	drop	inc	3	1.28067E+06	2.0981E+06	0.129032	0.0645161	0	0	101032	31
P2.3	ascii	drop	ref	3	1.37148E+06	2.10116E+06	0.107143	0.0714286	0	0	159107	28
P2.3	ascii	drop	skip	3	455431	462592	0.0344828	0.0114943	0	0	15103.4	87
P2.3	ascii	drop	parse	4	170894	0	0	0	0	0	0	233
P2.3	ascii	drop	parsev	4	373162	0	0	0	0	0	0	106
P2.3	ascii	drop	pull	4	1.26017E+06	2.10116E+06	0.103448	0.0689655	0	0	120517	29
P2.3	ascii	drop	pparse	4	168993	0	0	0	0	0	0	237
P2.3	ascii	drop	touch	4	42169.5	0	0	0	0	0	0	845
P2.3	ascii	drop	strs	4	614268	1.60757E+06	0.0972222	0.0138889	0	0	22736.1	72
P2.3	ascii	drop	host	4	1.36458E+06	2.10116E+06	0.125	0.03125	0	0	175031	32
P2.3	ascii	drop	hskip	4	373326	462592	0.019802	0.00990099	0	0	6950.5	101
P2.3	ascii	drop	inc	4	1.34753E+06	2.0981E+06	0.129032	0.0645161	0	0	117806	31
P2.3	ascii	drop	ref	4	1.41082E+06	2.10116E+06	0.142857	0.107143	0	0	191821	28
P2.3	ascii	drop	skip	4	463054	462592	0.0229885	0	0	0	12413.8	87
P2.3	ascii	drop	noop	4	182681	0	0	0	0	0	0	222
P2.3	ascii	drop	parsev	5	404667	0	0	0	0	0	0	106
P2.3	ascii	drop	pull	5	1.25167E+06	2.10116E+06	0.103448	0.0689655	0	0	65862.1	29
P2.3	ascii	drop	pparse	5	168186	0	0	0	0	0	0	237
P2.3	ascii	drop	touch	5	43732.3	0	0	0	0	0	0	845
P2.3	ascii	drop	strs	5	583752	1.60757E+06	0.0972222	0	0	0	21736.1	72
P2.3	ascii	drop	host	5	1.3029E+06	2.10116E+06	0.125	0.03125	0	0	131594	32
P2.3	ascii	drop	hskip	5	397112	462592	0.029703	0.019802	0	0	14168.3	101
P2.3	ascii	drop	inc	5	1.42609E+06	2.0981E+06	0.129032	0.0645161	0	0	222742	31
P2.3	ascii	drop	ref	5	1.30127E+06	2.10116E+06	0.107143	0.0714286	0	0	83285.7	28
P2.3	ascii	drop	skip	5	456804	462592	0.0229885	0.0114943	0	0	8885.06	87
P2.3	ascii	drop	noop	5	188626	0	0	0	0	0	0	222
P2.3	ascii	drop	parse	5	171275	0	0	0	0	0	0	233
P2.3	ascii	drop	pull	6	1.32543E+06	2.10116E+06	0.137931	0.0689655	0	0	130724	29
P2.3	ascii	drop	pparse	6	169627	0	0	0	0	0	0	237
P2.3	ascii	drop	touch	6	40597.9	0	0	0	0	0	0	845
P2.3	ascii	drop	strs	6	569504	1.60757E+06	0.0833333	0.0138889	0	0	17888.9	72
P2.3	ascii	drop	host	6	1.53803E+06	2.10116E+06	0.125	0.03125	0	0	291438	32
P2.3	ascii	drop	hskip	6	399780	462592	0.029703	0.00990099	0	0	13415.8	101
P2.3	ascii	drop	inc	6	1.46757E+06	2.0981E+06	0.129032	0.0967742	0	0	252129	31
P2.3	ascii	drop	ref	6	1.32462E+06	2.10116E+06	0.107143	0.0714286	0	0	97321.4	28
P2.3	ascii	drop	skip	6	470946	462592	0.0344828	0.0114943	0	0	17046	87
P2.3	ascii	drop	noop	6	178895	0	0	0	0	0	0	222
P2.3	ascii	drop	parse	6	169760	0	0	0	0	0	0	233
P2.3	ascii	drop	parsev	6	385358	0	0	0	0	0	0	106
P2.4	ascii	retain	ref	1	2.10871E+06	3.27573E+06	0.214286	0.142857	0	0	516786	14
P2.4	ascii	retain	skip	1	532598	798632	0.04	0.0266667	0	0	15533.3	75
P2.4	ascii	retain	noop	1	215307	0	0	0	0	0	0	200
P2.4	ascii	retain	parse	1	208664	0	0	0	0	0	0	200
P2.4	ascii	retain	parsev	1	508086	0	0	0	0	0	0	84
P2.4	ascii	retain	pparse	1	194320	0	0	0	0	0	0	208
P2.4	ascii	retain	touch	1	69542.3	0	0	0	0	0	0	571
P2.4	ascii	retain	strs	1	860630	2.45726E+06	0.148936	0	0	0	27787.2	47
P2.4	ascii	retain	host	1	1.69952E+06	3.27573E+06	0.157895	0.105263	0	0	224474	19
P2.4	ascii	retain	hskip	1	487052	798632	0.0481928	0.0240964	0	0	20590.4	83
P2.4	ascii	retain	inc	1	1.9749E+06	3.28783E+06	0.190476	0.0952381	0	0	385333	21
P2.4	ascii	retain	skip	2	532590	798632	0.0533333	0.0266667	0	0	23240	75
P2.4	ascii	retain	noop	2	199991	0	0	0	0	0	0	200
P2.4	ascii	retain	parse	2	196880	0	0	0	0	0	0	200
P2.4	ascii	retain	parsev	2	486171	0	0	0	0	0	0	84
P2.4	ascii	retain	pparse	2	191003	0	0	0	0	0	0	208
P2.4	ascii	retain	touch	2	74344.1	0	0	0	0	0	0	571
P2.4	ascii	retain	strs	2	859804	2.45726E+06	0.12766	0	0	0	26361.7	47
P2.4	ascii	retain	host	2	1.99662E+06	3.27573E+06	0.210526	0.105263	0	0	436684	19
P2.4	ascii	retain	hskip	2	504009	798632	0.0481928	0.0240964	0	0	23578.3	83
P2.4	ascii	retain	inc	2	1.98963E+06	3.28783E+06	0.190476	0.0952381	0	0	407429	21
P2.4	ascii	retain	ref	2	1.90154E+06	3.27573E+06	0.142857	0.142857	0	0	329214	14
P2.4	ascii	retain	noop	3	202272	0	0	0	0	0	0	200
P2.4	ascii	retain	parse	3	200898	0	0	0	0	0	0	200
P2.4	ascii	retain	parsev	3	478260	0	0	0	0	0	0	84
P2.4	ascii	retain	pparse	3	189359	0	0	0	0	0	0	208
P2.4	ascii	retain	touch	3	73752.1	0	0	0	0	0	0	571
P2.4	ascii	retain	strs	3	880625	2.45726E+06	0.148936	0	0	0	33042.6	47
P2.4	ascii	retain	host	3	2.24688E+06	3.27573E+06	0.210526	0.105263	0	0	640895	19
P2.4	ascii	retain	hskip	3	547425	798632	0.0481928	0.0240964	0	0	21554.2	83
P2.4	ascii	retain	inc	3	2.14802E+06	3.28783E+06	0.190476	0.0952381	0	0	523429	21
P2.4	ascii	retain	ref	3	1.88051E+06	3.27573E+06	0.142857	0.142857	0	0	247571	14
P2.4	ascii	retain	skip	3	545776	798632	0.0533333	0.0133333	0	0	24306.7	75
P2.4	ascii	retain	parse	4	194080	0	0	0	0	0	0	200
P2.4	ascii	retain	parsev	4	495332	0	0	0	0	0	0	84
P2.4	ascii	retain	pparse	4	196251	0	0	0	0	0	0	208
P2.4	ascii	retain	touch	4	81991.8	0	0	0	0	0	0	571
P2.4	ascii	retain	strs	4	865853	2.45726E+06	0.12766	0.0212766	0	0	30425.5	47
P2.4	ascii	retain	host	4	2.05312E+06	3.27573E+06	0.210526	0.105263	0	0	443632	19
P2.4	ascii	retain	hskip	4	498340	798632	0.0481928	0.0240964	0	0	21265.1	83
P2.4	ascii	retain	inc	4	1.94839E+06	3.28783E+06	0.190476	0.142857	0	0	333667	21
P2.4	ascii	retain	ref	4	2.26202E+06	3.27573E+06	0.214286	0.142857	0	0	501429	14
P2.4	ascii	retain	skip	4	557678	798632	0.04	0.0133333	0	0	28053.3	75
P2.4	ascii	retain	noop	4	208837	0	0	0	0	0	0	200
P2.4	ascii	retain	parsev	5	493294	0	0	0	0	0	0	84
P2.4	ascii	retain	pparse	5	192481	0	0	0	0	0	0	208
P2.4	ascii	retain	touch	5	71937.7	0	0	0	0	0	0	571
P2.4	ascii	retain	strs	5	917102	2.45726E+06	0.148936	0.0212766	0	0	34957.4	47
P2.4	ascii	retain	host	5	1.79965E+06	3.27573E+06	0.157895	0.105263	0	0	276842	19
P2.4	ascii	retain	hskip	5	489804	798632	0.0481928	0.0240964	0	0	21602.4	83
P2.4	ascii	retain	inc	5	1.95495E+06	3.28783E+06	0.190476	0.0952381	0	0	375333	21
P2.4	ascii	retain	ref	5	1.92133E+06	3.27573E+06	0.214286	0.142857	0	0	344571	14
P2.4	ascii	retain	skip	5	523808	798632	0.04	0.0133333	0	0	20560	75
P2.4	ascii	retain	noop	5	203546	0	0	0	0	0	0	200
P2.4	ascii	retain	parse	5	192664	0	0	0	0	0	0	200
P2.4	ascii	retain	pparse	6	185185	0	0	0	0	0	0	208
P2.4	ascii	retain	touch	6	68505.4	0	0	0	0	0	0	571
P2.4	ascii	retain	strs	6	849356	2.45726E+06	0.148936	0.0212766	0	0	32829.8	47
P2.4	ascii	retain	host	6	1.84866E+06	3.27573E+06	0.210526	0.105263	0	0	323158	19
P2.4	ascii	retain	hskip	6	479728	798632	0.0361446	0.0240964	0	0	14650.6	83
P2.4	ascii	retain	inc	6	1.77206E+06	3.28783E+06	0.190476	0.0952381	0	0	175619	21
P2.4	ascii	retain	ref	6	1.82031E+06	3.27573E+06	0.214286	0.214286	0	0	264286	14
P2.4	ascii	retain	skip	6	520355	798632	0.0533333	0.0133333	0	0	19746.7	75
P2.4	ascii	retain	noop	6	199753	0	0	0	0	0	0	200
P2.4	ascii	retain	parse	6	196221	0	0	0	0	0	0	200
P2.4	ascii	retain	parsev	6	473009	0	0	0	0	0	0	84
P2.4	ascii	drop	ref	1	2.02711E+06	3.27573E+06	0.181818	0.136364	0	0	478091	22
P2.4	ascii	drop	skip	1	533594	798632	0.04	0.0266667	0	0	17920	75
P2.4	ascii	drop	noop	1	211939	0	0	0	0	0	0	197
P2.4	ascii	drop	parse	1	198858	0	0	0	0	0	0	206
P2.4	ascii	drop	parsev	1	488546	0	0	0	0	0	0	70
P2.4	ascii	drop	pull	1	1.86602E+06	3.27573E+06	0.2	0.133333	0	0	360267	15
P2.4	ascii	drop	pparse	1	189599	0	0	0	0	0	0	104
P2.4	ascii	drop	touch	1	88547.9	0	0	0	0	0	0	419
P2.4	ascii	drop	strs	1	953784	2.45726E+06	0.15	0	0	0	43300	40
P2.4	ascii	drop	host	1	1.86735E+06	3.27573E+06	0.166667	0.0555556	0	0	493778	18
P2.4	ascii	drop	hskip	1	489446	798632	0.0506329	0.0253165	0	0	22531.6	79
P2.4	ascii	drop	inc	1	1.89382E+06	3.28783E+06	0.2	0.1	0	0	253200	20
P2.4	ascii	drop	skip	2	541768	798632	0.04	0.0133333	0	0	18706.7	75
P2.4	ascii	drop	noop	2	202757	0	0	0	0	0	0	197
P2.4	ascii	drop	parse	2	195997	0	0	0	0	0	0	206
P2.4	ascii	drop	parsev	2	487166	0	0	0	0	0	0	70
P2.4	ascii	drop	pull	2	1.68261E+06	3.27573E+06	0.2	0.133333	0	0	162667	15
P2.4	ascii	drop	pparse	2	188727	0	0	0	0	0	0	104
P2.4	ascii	drop	touch	2	83241.3	0	0	0	0	0	0	419
P2.4	ascii	drop	strs	2	871220	2.45726E+06	0.15	0.025	0	0	32925	40
P2.4	ascii	drop	host	2	1.93855E+06	3.27573E+06	0.166667	0.111111	0	0	401833	18
P2.4	ascii	drop	hskip	2	493785	798632	0.0506329	0.0253165	0	0	23594.9	79
P2.4	ascii	drop	inc	2	1.94853E+06	3.28783E+06	0.2	0.1	0	0	326350	20
P2.4	ascii	drop	ref	2	1.74438E+06	3.27573E+06	0.181818	0.136364	0	0	178727	22
P2.4	ascii	drop	noop	3	199648	0	0	0	0	0	0	197
P2.4	ascii	drop	parse	3	195151	0	0	0	0	0	0	206
P2.4	ascii	drop	parsev	3	474558	0	0	0	0	0	0	70
P2.4	ascii	drop	pull	3	1.87863E+06	3.27573E+06	0.2	0.133333	0	0	320400	15
P2.4	ascii	drop	pparse	3	188473	0	0	0	0	0	0	104
P2.4	ascii	drop	touch	3	73119.3	0	0	0	0	0	0	419
P2.4	ascii	drop	strs	3	869442	2.45726E+06	0.125	0.025	0	0	28300	40
P2.4	ascii	drop	host	3	1.83039E+06	3.27573E+06	0.222222	0.166667	0	0	298056	18
P2.4	ascii	drop	hskip	3	486116	798632	0.0506329	0.0253165	0	0	18962	79
P2.4	ascii	drop	inc	3	1.71394E+06	3.28783E+06	0.15	0.05	0	0	132550	20
P2.4	ascii	drop	ref	3	2.0698E+06	3.27573E+06	0.227273	0.181818	0	0	469591	22
P2.4	ascii	drop	skip	3	522359	798632	0.04	0.0133333	0	0	18693.3	75
P2.4	ascii	drop	parse	4	193144	0	0	0	0	0	0	206
P2.4	ascii	drop	parsev	4	481054	0	0	0	0	0	0	70
P2.4	ascii	drop	pull	4	1.99598E+06	3.27573E+06	0.2	0.2	0	0	446467	15
P2.4	ascii	drop	pparse	4	187422	0	0	0	0	0	0	104
P2.4	ascii	drop	touch	4	73280.1	0	0	0	0	0	0	419
P2.4	ascii	drop	strs	4	888215	2.45726E+06	0.15	0	0	0	30025	40
P2.4	ascii	drop	host	4	1.83052E+06	3.27573E+06	0.166667	0.0555556	0	0	316056	18
P2.4	ascii	drop	hskip	4	479680	798632	0.0506329	0.0253165	0	0	20708.9	79
P2.4	ascii	drop	inc	4	1.87935E+06	3.28783E+06	0.15	0.1	0	0	342850	20
P2.4	ascii	drop	ref	4	1.90292E+06	3.27573E+06	0.227273	0.136364	0	0	404545	22
P2.4	ascii	drop	skip	4	538631	798632	0.04	0.0266667	0	0	20440	75
P2.4	ascii	drop	noop	4	206127	0	0	0	0	0	0	197
P2.4	ascii	drop	parsev	5	476380	0	0	0	0	0	0	70
P2.4	ascii	drop	pull	5	1.702E+06	3.27573E+06	0.2	0.133333	0	0	251533	15
P2.4	ascii	drop	pparse	5	185771	0	0	0	0	0	0	104
P2.4	ascii	drop	touch	5	71227.4	0	0	0	0	0	0	419
P2.4	ascii	drop	strs	5	852462	2.45726E+06	0.15	0.025	0	0	30250	40
P2.4	ascii	drop	host	5	1.75411E+06	3.27573E+06	0.166667	0.111111	0	0	253000	18
P2.4	ascii	drop	hskip	5	484268	798632	0.0506329	0.0253165	0	0	20493.7	79
P2.4	ascii	drop	inc	5	1.95938E+06	3.28783E+06	0.2	0.15	0	0	367450	20
P2.4	ascii	drop	ref	5	1.82372E+06	3.27573E+06	0.181818	0.136364	0	0	321364	22
P2.4	ascii	drop	skip	5	517511	798632	0.04	0.0266667	0	0	16520	75
P2.4	ascii	drop	noop	5	200517	0	0	0	0	0	0	197
P2.4	ascii	drop	parse	5	193066	0	0	0	0	0	0	206
P2.4	ascii	drop	pull	6	2.08561E+06	3.27573E+06	0.2	0.133333	0	0	542333	15
P2.4	ascii	drop	pparse	6	186197	0	0	0	0	0	0	104
P2.4	ascii	drop	touch	6	75596.4	0	0	0	0	0	0	419
P2.4	ascii	drop	strs	6	907179	2.45726E+06	0.15	0	0	0	38125	40
P2.4	ascii	drop	host	6	1.71687E+06	3.27573E+06	0.166667	0.111111	0	0	181278	18
P2.4	ascii	drop	hskip	6	489019	798632	0.0506329	0.0253165	0	0	21987.3	79
P2.4	ascii	drop	inc	6	1.97086E+06	3.28783E+06	0.2	0.1	0	0	403800	20
P2.4	ascii	drop	ref	6	1.94968E+06	3.27573E+06	0.181818	0.136364	0	0	396864	22
P2.4	ascii	drop	skip	6	530131	798632	0.04	0.0133333	0	0	18240	75
P2.4	ascii	drop	noop	6	206482	0	0	0	0	0	0	197
P2.4	ascii	drop	parse	6	202837	0	0	0	0	0	0	206
P2.4	ascii	drop	parsev	6	500282	0	0	0	0	0	0	70
P2.5	ascii	retain	ref	1	55818	81472	0.00423729	0	0	0	1374.29	708
P2.5	ascii	retain	skip	1	28865.1	28968	0.0014556	0.000727802	0	0	459.971	1374
P2.5	ascii	retain	noop	1	11227.8	0	0	0	0	0	0	3538
P2.5	ascii	retain	parse	1	9743.66	0	0	0	0	0	0	4073
P2.5	ascii	retain	parsev	1	18613.2	0	0	0	0	0	0	2146
P2.5	ascii	retain	pparse	1	10309.6	0	0	0	0	0	0	3877
P2.5	ascii	retain	touch	1	1148.62	0	0	0	0	0	0	28554
P2.5	ascii	retain	strs	1	19243.8	47544	0.00285578	0	0	0	659.21	2101
P2.5	ascii	retain	host	1	47241.8	81472	0.00475059	0	0	0	1471.5	842
P2.5	ascii	retain	hskip	1	22313.2	28968	0.00169205	0.000564016	0	0	519.459	1773
P2.5	ascii	retain	inc	1	59187.8	87976	0.00453858	0	0	0	1596.07	661
P2.5	ascii	retain	skip	2	29207.7	28968	0.00218341	0	0	0	687.045	1374
P2.5	ascii	retain	noop	2	11416.3	0	0	0	0	0	0	3538
P2.5	ascii	retain	parse	2	9752.67	0	0	0	0	0	0	4073
P2.5	ascii	retain	parsev	2	18666.7	0	0	0	0	0	0	2146
P2.5	ascii	retain	pparse	2	10584.5	0	0	0	0	0	0	3877
P2.5	ascii	retain	touch	2	1154.28	0	0	0	0	0	0	28554
P2.5	ascii	retain	strs	2	19019.2	47544	0.00237982	0.000475964	0	0	635.888	2101
P2.5	ascii	retain	host	2	47605.4	81472	0.00475059	0	0	0	1508.31	842
P2.5	ascii	retain	hskip	2	22375	28968	0.00169205	0.000564016	0	0	541.455	1773
P2.5	ascii	retain	inc	2	58463.7	87976	0.00605144	0	0	0	1990.92	661
P2.5	ascii	retain	ref	2	56558.8	81472	0.00423729	0.00141243	0	0	1501.41	708
P2.5	ascii	retain	noop	3	11439.4	0	0	0	0	0	0	3538
P2.5	ascii	retain	parse	3	9836.28	0	0	0	0	0	0	4073
P2.5	ascii	retain	parsev	3	18596.9	0	0	0	0	0	0	2146
P2.5	ascii	retain	pparse	3	10614.6	0	0	0	0	0	0	3877
P2.5	ascii	retain	touch	3	1144.75	0	0	0	0	0	0	28554
P2.5	ascii	retain	strs	3	19008.1	47544	0.00285578	0	0	0	613.041	2101
P2.5	ascii	retain	host	3	47158.5	81472	0.00475059	0	0	0	1337.29	842
P2.5	ascii	retain	hskip	3	22307.4	28968	0.00169205	0.000564016	0	0	499.154	1773
P2.5	ascii	retain	inc	3	58026.4	87976	0.00453858	0	0	0	1605.14	661
P2.5	ascii	retain	ref	3	55858.7	81472	0.00564972	0.00141243	0	0	1632.77	708
P2.5	ascii	retain	skip	3	28939.3	28968	0.0014556	0	0	0	457.06	1374
P2.5	ascii	retain	parse	4	9803.53	0	0	0	0	0	0	4073
P2.5	ascii	retain	parsev	4	18568.8	0	0	0	0	0	0	2146
P2.5	ascii	retain	pparse	4	10506.4	0	0	0	0	0	0	3877
P2.5	ascii	retain	touch	4	1141.37	0	0	0	0	0	0	28554
P2.5	ascii	retain	strs	4	19106.9	47544	0.00285578	0	0	0	705.854	2101
P2.5	ascii	retain	host	4	47572.4	81472	0.00475059	0	0	0	1482.19	842
P2.5	ascii	retain	hskip	4	22679.1	28968	0.00169205	0.000564016	0	0	523.971	1773
P2.5	ascii	retain	inc	4	59100.4	87976	0.00453858	0	0	0	1568.84	661
P2.5	ascii	retain	ref	4	57182.9	81472	0.00423729	0.00141243	0	0	1501.41	708
P2.5	ascii	retain	skip	4	29894.5	28968	0.00218341	0	0	0	637.555	1374
P2.5	ascii	retain	noop	4	11690.2	0	0	0	0	0	0	3538
P2.5	ascii	retain	parsev	5	18570.7	0	0	0	0	0	0	2146
P2.5	ascii	retain	pparse	5	10330.7	0	0	0	0	0	0	3877
P2.5	ascii	retain	touch	5	1138.96	0	0	0	0	0	0	28554
P2.5	ascii	retain	strs	5	19986.7	47544	0.00237982	0	0	0	571.633	2101
P2.5	ascii	retain	host	5	47990.7	81472	0.00475059	0	0	0	1376.48	842
P2.5	ascii	retain	hskip	5	22617.6	28968	0.00169205	0.000564016	0	0	556.12	1773
P2.5	ascii	retain	inc	5	59276	87976	0.00605144	0	0	0	1924.36	661
P2.5	ascii	retain	ref	5	56614.4	81472	0.00423729	0.00141243	0	0	1625.71	708
P2.5	ascii	retain	skip	5	29216.2	28968	0.0014556	0	0	0	491.994	1374
P2.5	ascii	retain	noop	5	11742.6	0	0	0	0	0	0	3538
P2.5	ascii	retain	parse	5	9777.32	0	0	0	0	0	0	4073
P2.5	ascii	retain	pparse	6	10355.2	0	0	0	0	0	0	3877
P2.5	ascii	retain	touch	6	1151.32	0	0	0	0	0	0	28554
P2.5	ascii	retain	strs	6	19613.6	47544	0.00285578	0	0	0	662.066	2101
P2.5	ascii	retain	host	6	48775.4	81472	0.00475059	0	0	0	1467.93	842
P2.5	ascii	retain	hskip	6	22535.8	28968	0.00169205	0.000564016	0	0	518.331	1773
P2.5	ascii	retain	inc	6	58632.8	87976	0.00453858	0	0	0	1521.94	661
P2.5	ascii	retain	ref	6	56645	81472	0.00564972	0.00141243	0	0	1748.59	708
P2.5	ascii	retain	skip	6	29446.4	28968	0.0014556	0	0	0	472.344	1374
P2.5	ascii	retain	noop	6	11430.5	0	0	0	0	0	0	3538
P2.5	ascii	retain	parse	6	9792.89	0	0	0	0	0	0	4073
P2.5	ascii	retain	parsev	6	21233.1	0	0	0	0	0	0	2146
P2.5	ascii	drop	ref	1	59751.3	81472	0.00463679	0	0	0	2187.02	647
P2.5	ascii	drop	skip	1	30057.5	28968	0.00194363	0.000971817	0	0	633.625	1029
P2.5	ascii	drop	noop	1	11794.2	0	0	0	0	0	0	3294
P2.5	ascii	drop	parse	1	10430.5	0	0	0	0	0	0	3832
P2.5	ascii	drop	parsev	1	19008.5	0	0	0	0	0	0	1631
P2.5	ascii	drop	pull	1	52466.6	81472	0.00483092	0	0	0	1647.34	414
P2.5	ascii	drop	pparse	1	10718.9	0	0	0	0	0	0	2885
P2.5	ascii	drop	touch	1	1155.05	0	0	0	0	0	0	34286
P2.5	ascii	drop	strs	1	19796.6	47544	0.00237982	0	0	0	613.517	2101
P2.5	ascii	drop	host	1	49890.9	81472	0.00510204	0.00127551	0	0	1721.94	784
P2.5	ascii	drop	hskip	1	23071.3	28968	0.00201478	0	0	0	572.196	1489
P2.5	ascii	drop	inc	1	60603.9	87976	0.00481541	0	0	0	1507.22	623
P2.5	ascii	drop	skip	2	29697.8	28968	0.00194363	0	0	0	595.724	1029
P2.5	ascii	drop	noop	2	12107.1	0	0	0	0	0	0	3294
P2.5	ascii	drop	parse	2	11072.9	0	0	0	0	0	0	3832
P2.5	ascii	drop	parsev	2	19081	0	0	0	0	0	0	1631
P2.5	ascii	drop	pull	2	51497.6	81472	0.00483092	0.00241546	0	0	1741.55	414
P2.5	ascii	drop	pparse	2	10604.2	0	0	0	0	0	0	2885
P2.5	ascii	drop	touch	2	1142.42	0	0	0	0	0	0	34286
P2.5	ascii	drop	strs	2	19145.1	47544	0.00237982	0	0	0	546.882	2101
P2.5	ascii	drop	host	2	48769.6	81472	0.00510204	0	0	0	1588.01	784
P2.5	ascii	drop	hskip	2	23437	28968	0.00201478	0	0	0	586.3	1489
P2.5	ascii	drop	inc	2	58610.9	87976	0.00481541	0.00160514	0	0	1841.09	623
P2.5	ascii	drop	ref	2	55864	81472	0.00463679	0	0	0	1432.77	647
P2.5	ascii	drop	noop	3	11607.5	0	0	0	0	0	0	3294
P2.5	ascii	drop	parse	3	9879.17	0	0	0	0	0	0	3832
P2.5	ascii	drop	parsev	3	18717.3	0	0	0	0	0	0	1631
P2.5	ascii	drop	pull	3	52118.8	81472	0.00483092	0.00241546	0	0	2101.45	414
P2.5	ascii	drop	pparse	3	10402.9	0	0	0	0	0	0	2885
P2.5	ascii	drop	touch	3	1145.22	0	0	0	0	0	0	34286
P2.5	ascii	drop	strs	3	18913.2	47544	0.00237982	0	0	0	528.796	2101
P2.5	ascii	drop	host	3	47774.4	81472	0.00510204	0	0	0	1275.51	784
P2.5	ascii	drop	hskip	3	22762	28968	0.00201478	0.000671592	0	0	694.426	1489
P2.5	ascii	drop	inc	3	58514.7	87976	0.00481541	0	0	0	1622.79	623
P2.5	ascii	drop	ref	3	55820.4	81472	0.00463679	0	0	0	1613.6	647
P2.5	ascii	drop	skip	3	29221	28968	0.00194363	0.000971817	0	0	600.583	1029
P2.5	ascii	drop	parse	4	10004.4	0	0	0	0	0	0	3832
P2.5	ascii	drop	parsev	4	18639.6	0	0	0	0	0	0	1631
P2.5	ascii	drop	pull	4	50837.8	81472	0.00483092	0	0	0	1710.14	414
P2.5	ascii	drop	pparse	4	10428.2	0	0	0	0	0	0	2885
P2.5	ascii	drop	touch	4	1133.7	0	0	0	0	0	0	34286
P2.5	ascii	drop	strs	4	18842.6	47544	0.00237982	0	0	0	509.757	2101
P2.5	ascii	drop	host	4	48041	81472	0.00510204	0.00127551	0	0	1487.24	784
P2.5	ascii	drop	hskip	4	22883	28968	0.00201478	0	0	0	504.365	1489
P2.5	ascii	drop	inc	4	58451.7	87976	0.00481541	0	0	0	1728.73	623
P2.5	ascii	drop	ref	4	56450.5	81472	0.00463679	0.0015456	0	0	1537.87	647
P2.5	ascii	drop	skip	4	29125.6	28968	0.00194363	0	0	0	501.458	1029
P2.5	ascii	drop	noop	4	11392.1	0	0	0	0	0	0	3294
P2.5	ascii	drop	parsev	5	18743.6	0	0	0	0	0	0	1631
P2.5	ascii	drop	pull	5	51672.5	81472	0.00483092	0	0	0	1891.3	414
P2.5	ascii	drop	pparse	5	10417.6	0	0	0	0	0	0	2885
P2.5	ascii	drop	touch	5	1154.2	0	0	0	0	0	0	34286
P2.5	ascii	drop	strs	5	18922	47544	0.00237982	0	0	0	534.983	2101
P2.5	ascii	drop	host	5	47916.8	81472	0.00510204	0.00127551	0	0	1566.33	784
P2.5	ascii	drop	hskip	5	22576.3	28968	0.00201478	0	0	0	504.365	1489
P2.5	ascii	drop	inc	5	58272.4	87976	0.00481541	0	0	0	1645.26	623
P2.5	ascii	drop	ref	5	56615.7	81472	0.00463679	0.0015456	0	0	1635.24	647
P2.5	ascii	drop	skip	5	29015.6	28968	0.000971817	0	0	0	245.87	1029
P2.5	ascii	drop	noop	5	11357.2	0	0	0	0	0	0	3294
P2.5	ascii	drop	parse	5	9838.64	0	0	0	0	0	0	3832
P2.5	ascii	drop	pull	6	50564.5	81472	0.00483092	0	0	0	1528.99	414
P2.5	ascii	drop	pparse	6	10440.6	0	0	0	0	0	0	2885
P2.5	ascii	drop	touch	6	1132.6	0	0	0	0	0	0	34286
P2.5	ascii	drop	strs	6	19002	47544	0.00285578	0	0	0	683.484	2101
P2.5	ascii	drop	host	6	48211.3	81472	0.00510204	0.00127551	0	0	1792.09	784
P2.5	ascii	drop	hskip	6	22463.6	28968	0.00134318	0	0	0	388.18	1489
P2.5	ascii	drop	inc	6	58911.4	87976	0.00642055	0	0	0	2109.15	623
P2.5	ascii	drop	ref	6	56607.5	81472	0.00463679	0.0015456	0	0	1449.77	647
P2.5	ascii	drop	skip	6	28846.6	28968	0.000971817	0	0	0	308.066	1029
P2.5	ascii	drop	noop	6	11437.4	0	0	0	0	0	0	3294
P2.5	ascii	drop	parse	6	9818.99	0	0	0	0	0	0	3832
P2.5	ascii	drop	parsev	6	18705.8	0	0	0	0	0	0	1631
P4.1	ascii	retain	ref	1	294075	363760	0.0227273	0	0	0	15363.6	132
P4.1	ascii	retain	skip	1	125842	130696	0.00934579	0	0	0	5850.47	321
P4.1	ascii	retain	noop	1	40184.9	0	0	0	0	0	0	1002
P4.1	ascii	retain	parse	1	35907.4	0	0	0	0	0	0	1108
P4.1	ascii	retain	parsev	1	95530	0	0	0	0	0	0	411
P4.1	ascii	retain	pparse	1	38526.7	0	0	0	0	0	0	1044
P4.1	ascii	retain	touch	1	5563.45	0	0	0	0	0	0	7155
P4.1	ascii	retain	strs	1	116263	183464	0.00842697	0	0	0	5044.94	356
P4.1	ascii	retain	host	1	290572	363760	0.0275862	0	0	0	22510.3	145
P4.1	ascii	retain	hskip	1	106985	130696	0.00518135	0	0	0	3518.13	386
P4.1	ascii	retain	inc	1	356884	403704	0.0245902	0	0	0	22049.2	122
P4.1	ascii	retain	skip	2	130371	130696	0.00934579	0	0	0	6934.58	321
P4.1	ascii	retain	noop	2	41226.4	0	0	0	0	0	0	1002
P4.1	ascii	retain	parse	2	37812.7	0	0	0	0	0	0	1108
P4.1	ascii	retain	parsev	2	104238	0	0	0	0	0	0	411
P4.1	ascii	retain	pparse	2	39315.2	0	0	0	0	0	0	1044
P4.1	ascii	retain	touch	2	5564.51	0	0	0	0	0	0	7155
P4.1	ascii	retain	strs	2	117770	183464	0.011236	0	0	0	9095.51	356
P4.1	ascii	retain	host	2	289851	363760	0.0206897	0	0	0	15386.2	145
P4.1	ascii	retain	hskip	2	105205	130696	0.00777202	0	0	0	4930.05	386
P4.1	ascii	retain	inc	2	342577	403704	0.0163934	0	0	0	13360.7	122
P4.1	ascii	retain	ref	2	296274	363760	0.0227273	0	0	0	16697	132
P4.1	ascii	retain	noop	3	40142.8	0	0	0	0	0	0	1002
P4.1	ascii	retain	parse	3	35876.4	0	0	0	0	0	0	1108
P4.1	ascii	retain	parsev	3	95243	0	0	0	0	0	0	411
P4.1	ascii	retain	pparse	3	38373.2	0	0	0	0	0	0	1044
P4.1	ascii	retain	touch	3	5589.17	0	0	0	0	0	0	7155
P4.1	ascii	retain	strs	3	116305	183464	0.011236	0	0	0	6303.37	356
P4.1	ascii	retain	host	3	283293	363760	0.0206897	0	0	0	17531	145
P4.1	ascii	retain	hskip	3	106196	130696	0.00777202	0	0	0	4937.82	386
P4.1	ascii	retain	inc	3	349709	403704	0.0245902	0	0	0	21549.2	122
P4.1	ascii	retain	ref	3	303586	363760	0.0227273	0	0	0	18037.9	132
P4.1	ascii	retain	skip	3	123019	130696	0.00623053	0	0	0	4052.96	321
P4.1	ascii	retain	parse	4	35976.8	0	0	0	0	0	0	1108
P4.1	ascii	retain	parsev	4	95129.5	0	0	0	0	0	0	411
P4.1	ascii	retain	pparse	4	38695.1	0	0	0	0	0	0	1044
P4.1	ascii	retain	touch	4	5570.38	0	0	0	0	0	0	7155
P4.1	ascii	retain	strs	4	115790	183464	0.011236	0	0	0	6205.06	356
P4.1	ascii	retain	host	4	280263	363760	0.0206897	0	0	0	15275.9	145
P4.1	ascii	retain	hskip	4	104624	130696	0.00777202	0	0	0	4432.64	386
P4.1	ascii	retain	inc	4	348328	403704	0.0245902	0	0	0	20762.3	122
P4.1	ascii	retain	ref	4	293988	363760	0.0151515	0	0	0	12265.2	132
P4.1	ascii	retain	skip	4	126468	130696	0.00934579	0	0	0	6445.48	321
P4.1	ascii	retain	noop	4	40324.7	0	0	0	0	0	0	1002
P4.1	ascii	retain	parsev	5	95157.3	0	0	0	0	0	0	411
P4.1	ascii	retain	pparse	5	38430.9	0	0	0	0	0	0	1044
P4.1	ascii	retain	touch	5	5567.88	0	0	0	0	0	0	7155
P4.1	ascii	retain	strs	5	115684	183464	0.011236	0	0	0	6328.65	356
P4.1	ascii	retain	host	5	281956	363760	0.0206897	0	0	0	14386.2	145
P4.1	ascii	retain	hskip	5	105112	130696	0.00777202	0	0	0	4751.3	386
P4.1	ascii	retain	inc	5	341458	403704	0.0163934	0	0	0	16163.9	122
P4.1	ascii	retain	ref	5	301728	363760	0.0227273	0	0	0	15909.1	132
P4.1	ascii	retain	skip	5	130102	130696	0.00934579	0	0	0	7473.52	321
P4.1	ascii	retain	noop	5	42195	0	0	0	0	0	0	1002
P4.1	ascii	retain	parse	5	37452.5	0	0	0	0	0	0	1108
P4.1	ascii	retain	pparse	6	39495.2	0	0	0	0	0	0	1044
P4.1	ascii	retain	touch	6	5594.74	0	0	0	0	0	0	7155
P4.1	ascii	retain	strs	6	114485	183464	0.00842697	0	0	0	4764.04	356
P4.1	ascii	retain	host	6	285863	363760	0.0275862	0	0	0	22227.6	145
P4.1	ascii	retain	hskip	6	103482	130696	0.00518135	0	0	0	3316.06	386
P4.1	ascii	retain	inc	6	347796	403704	0.0245902	0	0	0	20623	122
P4.1	ascii	retain	ref	6	295211	363760	0.0227273	0	0	0	15340.9	132
P4.1	ascii	retain	skip	6	123737	130696	0.00934579	0	0	0	5482.87	321
P4.1	ascii	retain	noop	6	39995.4	0	0	0	0	0	0	1002
P4.1	ascii	retain	parse	6	35990.3	0	0	0	0	0	0	1108
P4.1	ascii	retain	parsev	6	95589.2	0	0	0	0	0	0	411
P4.1	ascii	drop	ref	1	318592	363760	0.0241935	0	0	0	31338.7	124
P4.1	ascii	drop	skip	1	124340	130696	0.00638978	0	0	0	2361.02	313
P4.1	ascii	drop	noop	1	40590.1	0	0	0	0	0	0	991
P4.1	ascii	drop	parse	1	37359.6	0	0	0	0	0	0	567
P4.1	ascii	drop	parsev	1	96515	0	0	0	0	0	0	418
P4.1	ascii	drop	pull	1	278266	363760	0.0225564	0	0	0	13240.6	133
P4.1	ascii	drop	pparse	1	39762.6	0	0	0	0	0	0	1022
P4.1	ascii	drop	touch	1	5604.59	0	0	0	0	0	0	7157
P4.1	ascii	drop	strs	1	111646	183464	0.0116959	0	0	0	3134.5	342
P4.1	ascii	drop	host	1	282689	363760	0.0188679	0	0	0	9216.98	106
P4.1	ascii	drop	hskip	1	106260	130696	0.00833333	0	0	0	3441.67	240
P4.1	ascii	drop	inc	1	347616	403704	0.0186916	0	0	0	15317.8	107
P4.1	ascii	drop	skip	2	123349	130696	0.00958466	0	0	0	3271.57	313
P4.1	ascii	drop	noop	2	41752.8	0	0	0	0	0	0	991
P4.1	ascii	drop	parse	2	36839.1	0	0	0	0	0	0	567
P4.1	ascii	drop	parsev	2	98915.9	0	0	0	0	0	0	418
P4.1	ascii	drop	pull	2	268332	363760	0.0150376	0	0	0	8157.89	133
P4.1	ascii	drop	pparse	2	38741.5	0	0	0	0	0	0	1022
P4.1	ascii	drop	touch	2	5663.13	0	0	0	0	0	0	7157
P4.1	ascii	drop	strs	2	113411	183464	0.0116959	0	0	0	3315.79	342
P4.1	ascii	drop	host	2	269975	363760	0.0188679	0	0	0	7481.13	106
P4.1	ascii	drop	hskip	2	103291	130696	0.00833333	0	0	0	3329.17	240
P4.1	ascii	drop	inc	2	352743	403704	0.0280374	0	0	0	17280.4	107
P4.1	ascii	drop	ref	2	287086	363760	0.016129	0	0	0	7161.29	124
P4.1	ascii	drop	noop	3	40185.7	0	0	0	0	0	0	991
P4.1	ascii	drop	parse	3	36006.3	0	0	0	0	0	0	567
P4.1	ascii	drop	parsev	3	96607	0	0	0	0	0	0	418
P4.1	ascii	drop	pull	3	269501	363760	0.0225564	0	0	0	11872.2	133
P4.1	ascii	drop	pparse	3	38579.2	0	0	0	0	0	0	1022
P4.1	ascii	drop	touch	3	5687.9	0	0	0	0	0	0	7157
P4.1	ascii	drop	strs	3	111642	183464	0.0116959	0	0	0	3535.09	342
P4.1	ascii	drop	host	3	274561	363760	0.0188679	0	0	0	10358.5	106
P4.1	ascii	drop	hskip	3	104343	130696	0.00833333	0	0	0	3475	240
P4.1	ascii	drop	inc	3	344810	403704	0.0186916	0	0	0	12345.8	107
P4.1	ascii	drop	ref	3	297306	363760	0.0241935	0	0	0	13282.3	124
P4.1	ascii	drop	skip	3	121724	130696	0.00638978	0	0	0	2031.95	313
P4.1	ascii	drop	parse	4	36287.8	0	0	0	0	0	0	567
P4.1	ascii	drop	parsev	4	95940.1	0	0	0	0	0	0	418
P4.1	ascii	drop	pull	4	271379	363760	0.0225564	0	0	0	12443.6	133
P4.1	ascii	drop	pparse	4	38338.6	0	0	0	0	0	0	1022
P4.1	ascii	drop	touch	4	5751.71	0	0	0	0	0	0	7157
P4.1	ascii	drop	strs	4	112544	183464	0.0116959	0	0	0	3339.18	342
P4.1	ascii	drop	host	4	284311	363760	0.0188679	0	0	0	8235.85	106
P4.1	ascii	drop	hskip	4	104077	130696	0.00833333	0	0	0	3391.67	240
P4.1	ascii	drop	inc	4	341144	403704	0.0186916	0	0	0	11803.7	107
P4.1	ascii	drop	ref	4	294369	363760	0.0241935	0	0	0	9314.52	124
P4.1	ascii	drop	skip	4	120359	130696	0.00638978	0	0	0	1750.8	313
P4.1	ascii	drop	noop	4	40390.6	0	0	0	0	0	0	991
P4.1	ascii	drop	parsev	5	95925.6	0	0	0	0	0	0	418
P4.1	ascii	drop	pull	5	274872	363760	0.0225564	0	0	0	13330.8	133
P4.1	ascii	drop	pparse	5	38557.2	0	0	0	0	0	0	1022
P4.1	ascii	drop	touch	5	5631.28	0	0	0	0	0	0	7157
P4.1	ascii	drop	strs	5	112438	183464	0.0116959	0	0	0	3576.02	342
P4.1	ascii	drop	host	5	276195	363760	0.0188679	0	0	0	9122.64	106
P4.1	ascii	drop	hskip	5	104066	130696	0.00833333	0	0	0	3366.67	240
P4.1	ascii	drop	inc	5	342631	403704	0.0186916	0	0	0	12654.2	107
P4.1	ascii	drop	ref	5	293975	363760	0.0241935	0	0	0	13008.1	124
P4.1	ascii	drop	skip	5	121990	130696	0.00638978	0	0	0	2725.24	313
P4.1	ascii	drop	noop	5	40433.2	0	0	0	0	0	0	991
P4.1	ascii	drop	parse	5	36178.7	0	0	0	0	0	0	567
P4.1	ascii	drop	pull	6	267122	363760	0.0225564	0	0	0	12759.4	133
P4.1	ascii	drop	pparse	6	38985.1	0	0	0	0	0	0	1022
P4.1	ascii	drop	touch	6	5585.91	0	0	0	0	0	0	7157
P4.1	ascii	drop	strs	6	111129	183464	0.0116959	0	0	0	3374.27	342
P4.1	ascii	drop	host	6	273195	363760	0.0188679	0	0	0	10726.4	106
P4.1	ascii	drop	hskip	6	102423	130696	0.00833333	0	0	0	3029.17	240
P4.1	ascii	drop	inc	6	334915	403704	0.0186916	0	0	0	8672.9	107
P4.1	ascii	drop	ref	6	294707	363760	0.0241935	0	0	0	14177.4	124
P4.1	ascii	drop	skip	6	122216	130696	0.00638978	0	0	0	2536.74	313
P4.1	ascii	drop	noop	6	41684.5	0	0	0	0	0	0	991
P4.1	ascii	drop	parse	6	36432.2	0	0	0	0	0	0	567
P4.1	ascii	drop	parsev	6	96113.1	0	0	0	0	0	0	418
U-nested-before	corpus	retain	ref	1	783.819	904	3.98525E-05	0	0	0	11.617	50185
U-nested-before	corpus	retain	skip	1	575.92	472	2.82068E-05	0	0	0	9.39285	70905
U-nested-before	corpus	retain	noop	1	253.036	0	0	0	0	0	0	158024
U-nested-before	corpus	retain	parse	1	238.105	0	0	0	0	0	0	167869
U-nested-before	corpus	retain	parsev	1	297.816	0	0	0	0	0	0	133281
U-nested-before	corpus	retain	pparse	1	239.435	0	0	0	0	0	0	166585
U-nested-before	corpus	retain	touch	1	10.8949	0	0	0	0	0	0	3136887
U-nested-before	corpus	retain	strs	1	152.952	432	2.45499E-05	0	0	0	6.15385	244400
U-nested-before	corpus	retain	host	1	684.516	1384	8.80406E-05	0	0	0	22.5912	56792
U-nested-before	corpus	retain	hskip	1	500.141	952	5.01681E-05	0	0	0	11.6641	79732
U-nested-before	corpus	retain	inc	1	1302.6	2688	0.000165284	0	0	0	43.8333	30251
U-nested-before	corpus	retain	skip	2	561.629	472	2.82068E-05	0	0	0	7.54531	70905
U-nested-before	corpus	retain	noop	2	253.334	0	0	0	0	0	0	158024
U-nested-before	corpus	retain	parse	2	238.216	0	0	0	0	0	0	167869
U-nested-before	corpus	retain	parsev	2	298.69	0	0	0	0	0	0	133281
U-nested-before	corpus	retain	pparse	2	246.449	0	0	0	0	0	0	166585
U-nested-before	corpus	retain	touch	2	11.0927	0	0	0	0	0	0	3136887
U-nested-before	corpus	retain	strs	2	162.158	432	2.45499E-05	0	0	0	7.23404	244400
U-nested-before	corpus	retain	host	2	693.783	1384	8.80406E-05	0	0	0	23.6653	56792
U-nested-before	corpus	retain	hskip	2	511.048	952	5.01681E-05	0	0	0	14.3481	79732
U-nested-before	corpus	retain	inc	2	1358.18	2688	0.000165284	0	0	0	50.2463	30251
U-nested-before	corpus	retain	ref	2	798.142	904	3.98525E-05	0	0	0	12.7528	50185
U-nested-before	corpus	retain	noop	3	253.201	0	0	0	0	0	0	158024
U-nested-before	corpus	retain	parse	3	238.365	0	0	0	0	0	0	167869
U-nested-before	corpus	retain	parsev	3	297.066	0	0	0	0	0	0	133281
U-nested-before	corpus	retain	pparse	3	238.433	0	0	0	0	0	0	166585
U-nested-before	corpus	retain	touch	3	10.9278	0	0	0	0	0	0	3136887
U-nested-before	corpus	retain	strs	3	159.847	432	2.45499E-05	4.09165E-06	0	0	6.19476	244400
U-nested-before	corpus	retain	host	3	697.049	1384	8.80406E-05	0	0	0	19.14	56792
U-nested-before	corpus	retain	hskip	3	510.408	952	5.01681E-05	0	0	0	12.9434	79732
U-nested-before	corpus	retain	inc	3	1329.21	2688	0.000165284	0	0	0	43.4696	30251
U-nested-before	corpus	retain	ref	3	813.048	904	5.97788E-05	0	0	0	13.5499	50185
U-nested-before	corpus	retain	skip	3	555.716	472	2.82068E-05	0	0	0	7.40427	70905
U-nested-before	corpus	retain	parse	4	237.97	0	0	0	0	0	0	167869
U-nested-before	corpus	retain	parsev	4	297.736	0	0	0	0	0	0	133281
U-nested-before	corpus	retain	pparse	4	238.81	0	0	0	0	0	0	166585
U-nested-before	corpus	retain	touch	4	10.9804	0	0	0	0	0	0	3136887
U-nested-before	corpus	retain	strs	4	159.784	432	2.45499E-05	0	0	0	5.45008	244400
U-nested-before	corpus	retain	host	4	692.656	1384	7.04325E-05	0	0	0	16.4284	56792
U-nested-before	corpus	retain	hskip	4	513.513	952	6.27101E-05	0	0	0	14.9501	79732
U-nested-before	corpus	retain	inc	4	1321.1	2688	0.000132227	0	0	0	33.8171	30251
U-nested-before	corpus	retain	ref	4	756.923	904	5.97788E-05	0	0	0	13.2111	50185
U-nested-before	corpus	retain	skip	4	607.388	472	2.82068E-05	0	0	0	7.06579	70905
U-nested-before	corpus	retain	noop	4	254.023	0	0	0	0	0	0	158024
U-nested-before	corpus	retain	parsev	5	336.614	0	0	0	0	0	0	133281
U-nested-before	corpus	retain	pparse	5	358.943	0	0	0	0	0	0	166585
U-nested-before	corpus	retain	touch	5	11.4815	0	0	0	0	0	0	3136887
U-nested-before	corpus	retain	strs	5	161.578	432	2.45499E-05	0	0	0	6.13339	244400
U-nested-before	corpus	retain	host	5	690.01	1384	8.80406E-05	0	0	0	19.6683	56792
U-nested-before	corpus	retain	hskip	5	527.89	952	5.01681E-05	0	0	0	12.981	79732
U-nested-before	corpus	retain	inc	5	1412.74	2688	0.000165284	0	0	0	148.293	30251
U-nested-before	corpus	retain	ref	5	1321.94	904	3.98525E-05	0	0	0	17.4554	50185
U-nested-before	corpus	retain	skip	5	569.295	472	2.82068E-05	0	0	0	7.75686	70905
U-nested-before	corpus	retain	noop	5	263.388	0	0	0	0	0	0	158024
U-nested-before	corpus	retain	parse	5	246.43	0	0	0	0	0	0	167869
U-nested-before	corpus	retain	pparse	6	241.559	0	0	0	0	0	0	166585
U-nested-before	corpus	retain	touch	6	11.0502	0	0	0	0	0	0	3136887
U-nested-before	corpus	retain	strs	6	165.027	432	2.86416E-05	0	0	0	7.34043	244400
U-nested-before	corpus	retain	host	6	693.358	1384	7.04325E-05	0	0	0	16.2347	56792
U-nested-before	corpus	retain	hskip	6	516.181	952	5.01681E-05	0	0	0	11.9776	79732
U-nested-before	corpus	retain	inc	6	1334.51	2688	0.000165284	0	0	0	37.5855	30251
U-nested-before	corpus	retain	ref	6	790.789	904	5.97788E-05	0	0	0	15.7617	50185
U-nested-before	corpus	retain	skip	6	593.76	472	2.82068E-05	0	0	0	9.85826	70905
U-nested-before	corpus	retain	noop	6	262.401	0	0	0	0	0	0	158024
U-nested-before	corpus	retain	parse	6	245.697	0	0	0	0	0	0	167869
U-nested-before	corpus	retain	parsev	6	308.05	0	0	0	0	0	0	133281
U-nested-before	corpus	drop	ref	1	603.935	784	3.5685E-05	0	0	0	8.67145	56046
U-nested-before	corpus	drop	skip	1	416.817	352	2.06999E-05	0	0	0	5.10252	96619
U-nested-before	corpus	drop	noop	1	231.369	0	0	0	0	0	0	171221
U-nested-before	corpus	drop	parse	1	214.985	0	0	0	0	0	0	149854
U-nested-before	corpus	drop	parsev	1	274.594	0	0	0	0	0	0	96393
U-nested-before	corpus	drop	pull	1	582.681	784	4.37995E-05	0	0	0	11.7675	68494
U-nested-before	corpus	drop	pparse	1	216.173	0	0	0	0	0	0	185672
U-nested-before	corpus	drop	touch	1	10.9187	0	0	0	0	0	0	3148270
U-nested-before	corpus	drop	strs	1	160.075	432	2.78149E-05	0	0	0	6.53649	251664
U-nested-before	corpus	drop	host	1	451.469	784	4.51518E-05	0	0	0	9.62863	88590
U-nested-before	corpus	drop	hskip	1	271.052	352	2.01331E-05	0	0	0	4.84538	149008
U-nested-before	corpus	drop	inc	1	1318.12	2688	0.000131087	0	0	0	33.0012	30514
U-nested-before	corpus	drop	skip	2	418.299	352	2.06999E-05	0	0	0	5.20602	96619
U-nested-before	corpus	drop	noop	2	234.779	0	0	0	0	0	0	171221
U-nested-before	corpus	drop	parse	2	219.969	0	0	0	0	0	0	149854
U-nested-before	corpus	drop	parsev	2	273.535	0	0	0	0	0	0	96393
U-nested-before	corpus	drop	pull	2	584.592	784	4.37995E-05	0	0	0	11.5339	68494
U-nested-before	corpus	drop	pparse	2	215.977	0	0	0	0	0	0	185672
U-nested-before	corpus	drop	touch	2	10.9327	0	0	0	0	0	0	3148270
U-nested-before	corpus	drop	strs	2	159.001	432	2.78149E-05	0	0	0	5.87688	251664
U-nested-before	corpus	drop	host	2	450.49	784	4.51518E-05	0	0	0	9.89954	88590
U-nested-before	corpus	drop	hskip	2	275.254	352	2.01331E-05	0	0	0	5.32186	149008
U-nested-before	corpus	drop	inc	2	1327.61	2688	0.000163859	0	0	0	40.3421	30514
U-nested-before	corpus	drop	ref	2	609.073	784	3.5685E-05	0	0	0	8.84987	56046
U-nested-before	corpus	drop	noop	3	236.852	0	0	0	0	0	0	171221
U-nested-before	corpus	drop	parse	3	218.091	0	0	0	0	0	0	149854
U-nested-before	corpus	drop	parsev	3	275.478	0	0	0	0	0	0	96393
U-nested-before	corpus	drop	pull	3	602.287	784	4.37995E-05	0	0	0	12.512	68494
U-nested-before	corpus	drop	pparse	3	221.485	0	0	0	0	0	0	185672
U-nested-before	corpus	drop	touch	3	11.0395	0	0	0	0	0	0	3148270
U-nested-before	corpus	drop	strs	3	161.476	432	2.78149E-05	0	0	0	6.12324	251664
U-nested-before	corpus	drop	host	3	450.389	784	4.51518E-05	0	0	0	9.76408	88590
U-nested-before	corpus	drop	hskip	3	275.858	352	2.01331E-05	0	0	0	5.342	149008
U-nested-before	corpus	drop	inc	3	1339.35	2688	0.000131087	0	0	0	28.7737	30514
U-nested-before	corpus	drop	ref	3	615.166	784	5.35275E-05	0	0	0	13.5246	56046
U-nested-before	corpus	drop	skip	3	420.7	352	2.06999E-05	0	0	0	5.64071	96619
U-nested-before	corpus	drop	parse	4	217.796	0	0	0	0	0	0	149854
U-nested-before	corpus	drop	parsev	4	276.215	0	0	0	0	0	0	96393
U-nested-before	corpus	drop	pull	4	594.605	784	4.37995E-05	0	0	0	12.366	68494
U-nested-before	corpus	drop	pparse	4	217.889	0	0	0	0	0	0	185672
U-nested-before	corpus	drop	touch	4	11.2353	0	0	0	0	0	0	3148270
U-nested-before	corpus	drop	strs	4	157.702	432	2.38413E-05	0	0	0	5.14972	251664
U-nested-before	corpus	drop	host	4	451.189	784	4.51518E-05	0	0	0	9.45931	88590
U-nested-before	corpus	drop	hskip	4	326.791	352	2.01331E-05	0	0	0	5.85875	149008
U-nested-before	corpus	drop	inc	4	1328.02	2688	0.000163859	0	0	0	39.6212	30514
U-nested-before	corpus	drop	ref	4	629.359	784	5.35275E-05	0	0	0	12.686	56046
U-nested-before	corpus	drop	skip	4	425.026	352	2.06999E-05	0	0	0	5.94086	96619
U-nested-before	corpus	drop	noop	4	236.534	0	0	0	0	0	0	171221
U-nested-before	corpus	drop	parsev	5	277.899	0	0	0	0	0	0	96393
U-nested-before	corpus	drop	pull	5	589.641	784	4.37995E-05	0	0	0	10.7893	68494
U-nested-before	corpus	drop	pparse	5	215.951	0	0	0	0	0	0	185672
U-nested-before	corpus	drop	touch	5	10.9584	0	0	0	0	0	0	3148270
U-nested-before	corpus	drop	strs	5	158.115	432	2.38413E-05	0	0	0	5.26893	251664
U-nested-before	corpus	drop	host	5	453.88	784	4.51518E-05	0	0	0	11.6717	88590
U-nested-before	corpus	drop	hskip	5	274.01	352	2.01331E-05	0	0	0	5.7715	149008
U-nested-before	corpus	drop	inc	5	1364.26	2688	0.000163859	0	0	0	40.1455	30514
U-nested-before	corpus	drop	ref	5	622.135	784	3.5685E-05	0	0	0	9.38515	56046
U-nested-before	corpus	drop	skip	5	420.349	352	2.06999E-05	0	0	0	5.14392	96619
U-nested-before	corpus	drop	noop	5	236.07	0	0	0	0	0	0	171221
U-nested-before	corpus	drop	parse	5	216.497	0	0	0	0	0	0	149854
U-nested-before	corpus	drop	pull	6	590.36	784	5.83993E-05	0	0	0	13.899	68494
U-nested-before	corpus	drop	pparse	6	216.685	0	0	0	0	0	0	185672
U-nested-before	corpus	drop	touch	6	11.9972	0	0	0	0	0	0	3148270
U-nested-before	corpus	drop	strs	6	156.454	432	2.38413E-05	0	0	0	5.00668	251664
U-nested-before	corpus	drop	host	6	445.202	784	4.51518E-05	0	0	0	9.68507	88590
U-nested-before	corpus	drop	hskip	6	271.2	352	2.01331E-05	0	0	0	4.48298	149008
U-nested-before	corpus	drop	inc	6	1317.67	2688	0.000163859	0	0	0	54.8273	30514
U-nested-before	corpus	drop	ref	6	604.098	784	3.5685E-05	0	0	0	7.7258	56046
U-nested-before	corpus	drop	skip	6	412.242	352	2.06999E-05	0	0	0	5.16462	96619
U-nested-before	corpus	drop	noop	6	232.84	0	0	0	0	0	0	171221
U-nested-before	corpus	drop	parse	6	214.929	0	0	0	0	0	0	149854
U-nested-before	corpus	drop	parsev	6	273.898	0	0	0	0	0	0	96393
U-deep-u-repeated	corpus	retain	ref	1	3446.4	4152	0.00023411	0	0	0	93.4098	8543
U-deep-u-repeated	corpus	retain	skip	1	2075.88	1800	9.97307E-05	0	0	0	31.7642	20054
U-deep-u-repeated	corpus	retain	noop	1	792.4	0	0	0	0	0	0	49641
U-deep-u-repeated	corpus	retain	parse	1	688.122	0	0	0	0	0	0	54012
U-deep-u-repeated	corpus	retain	parsev	1	1171.23	0	0	0	0	0	0	27249
U-deep-u-repeated	corpus	retain	pparse	1	721.493	0	0	0	0	0	0	23851
U-deep-u-repeated	corpus	retain	touch	1	45.4233	0	0	0	0	0	0	885008
U-deep-u-repeated	corpus	retain	strs	1	915.619	2104	0.000138819	0	0	0	42.5621	36018
U-deep-u-repeated	corpus	retain	host	1	2649.42	4192	0.000204597	0	0	0	57.287	14663
U-deep-u-repeated	corpus	retain	hskip	1	1444.16	1840	0.000157953	0	0	0	43.753	6331
U-deep-u-repeated	corpus	retain	inc	1	3386.3	5000	0.000275659	0	0	0	82.7897	10883
U-deep-u-repeated	corpus	retain	skip	2	1936.82	1800	9.97307E-05	0	0	0	23.9852	20054
U-deep-u-repeated	corpus	retain	noop	2	825.611	0	0	0	0	0	0	49641
U-deep-u-repeated	corpus	retain	parse	2	676.871	0	0	0	0	0	0	54012
U-deep-u-repeated	corpus	retain	parsev	2	1084.23	0	0	0	0	0	0	27249
U-deep-u-repeated	corpus	retain	pparse	2	678.132	0	0	0	0	0	0	23851
U-deep-u-repeated	corpus	retain	touch	2	42.8277	0	0	0	0	0	0	885008
U-deep-u-repeated	corpus	retain	strs	2	935.547	2104	0.000111056	0	0	0	28.2914	36018
U-deep-u-repeated	corpus	retain	host	2	2637.69	4192	0.000272795	0	0	0	76.5191	14663
U-deep-u-repeated	corpus	retain	hskip	2	1536.77	1840	0.000157953	0	0	0	109.619	6331
U-deep-u-repeated	corpus	retain	inc	2	3824.32	5000	0.000275659	0	0	0	267.298	10883
U-deep-u-repeated	corpus	retain	ref	2	3191.96	4152	0.00023411	0	0	0	65.5507	8543
U-deep-u-repeated	corpus	retain	noop	3	798.537	0	0	0	0	0	0	49641
U-deep-u-repeated	corpus	retain	parse	3	666.442	0	0	0	0	0	0	54012
U-deep-u-repeated	corpus	retain	parsev	3	1119.62	0	0	0	0	0	0	27249
U-deep-u-repeated	corpus	retain	pparse	3	708.897	0	0	0	0	0	0	23851
U-deep-u-repeated	corpus	retain	touch	3	42.7079	0	0	0	0	0	0	885008
U-deep-u-repeated	corpus	retain	strs	3	1014.93	2104	0.000111056	0	0	0	28.9022	36018
U-deep-u-repeated	corpus	retain	host	3	3001.12	4192	0.000272795	0	0	0	66.7667	14663
U-deep-u-repeated	corpus	retain	hskip	3	1461.48	1840	0.000157953	0	0	0	44.5427	6331
U-deep-u-repeated	corpus	retain	inc	3	3749.89	5000	0.000275659	0	0	0	82.4221	10883
U-deep-u-repeated	corpus	retain	ref	3	3339.64	4152	0.00023411	0	0	0	93.2928	8543
U-deep-u-repeated	corpus	retain	skip	3	1916.29	1800	9.97307E-05	0	0	0	28.0243	20054
U-deep-u-repeated	corpus	retain	parse	4	659.839	0	0	0	0	0	0	54012
U-deep-u-repeated	corpus	retain	parsev	4	1079.39	0	0	0	0	0	0	27249
U-deep-u-repeated	corpus	retain	pparse	4	633.164	0	0	0	0	0	0	23851
U-deep-u-repeated	corpus	retain	touch	4	42.6105	0	0	0	0	0	0	885008
U-deep-u-repeated	corpus	retain	strs	4	936.983	2104	0.000111056	0	0	0	30.1516	36018
U-deep-u-repeated	corpus	retain	host	4	2479.04	4192	0.000272795	0	0	0	72.359	14663
U-deep-u-repeated	corpus	retain	hskip	4	1289.15	1840	0	0	0	0	0	6331
U-deep-u-repeated	corpus	retain	inc	4	3363.64	5000	0.000367546	0	0	0	94.3674	10883
U-deep-u-repeated	corpus	retain	ref	4	3164.86	4152	0.00023411	0	0	0	63.6779	8543
U-deep-u-repeated	corpus	retain	skip	4	1866.18	1800	9.97307E-05	0	0	0	25.4812	20054
U-deep-u-repeated	corpus	retain	noop	4	805.63	0	0	0	0	0	0	49641
U-deep-u-repeated	corpus	retain	parsev	5	1059.64	0	0	0	0	0	0	27249
U-deep-u-repeated	corpus	retain	pparse	5	633.798	0	0	0	0	0	0	23851
U-deep-u-repeated	corpus	retain	touch	5	42.4886	0	0	0	0	0	0	885008
U-deep-u-repeated	corpus	retain	strs	5	894.792	2104	0.000111056	0	0	0	26.8199	36018
U-deep-u-repeated	corpus	retain	host	5	2487.29	4192	0.000272795	0	0	0	66.3575	14663
U-deep-u-repeated	corpus	retain	hskip	5	1284.95	1840	0	0	0	0	0	6331
U-deep-u-repeated	corpus	retain	inc	5	3408.15	5000	0.000367546	0	0	0	104.842	10883
U-deep-u-repeated	corpus	retain	ref	5	3175.93	4152	0.00023411	0	0	0	62.9755	8543
U-deep-u-repeated	corpus	retain	skip	5	1855.33	1800	9.97307E-05	0	0	0	23.7359	20054
U-deep-u-repeated	corpus	retain	noop	5	782.967	0	0	0	0	0	0	49641
U-deep-u-repeated	corpus	retain	parse	5	654.91	0	0	0	0	0	0	54012
U-deep-u-repeated	corpus	retain	pparse	6	632.757	0	0	0	0	0	0	23851
U-deep-u-repeated	corpus	retain	touch	6	43.0571	0	0	0	0	0	0	885008
U-deep-u-repeated	corpus	retain	strs	6	906.982	2104	0.000111056	0	0	0	28.6523	36018
U-deep-u-repeated	corpus	retain	host	6	2658.77	4192	0.000272795	0	0	0	81.2931	14663
U-deep-u-repeated	corpus	retain	hskip	6	2305.58	1840	0	0	0	0	0	6331
U-deep-u-repeated	corpus	retain	inc	6	3651.02	5000	0.000275659	0	0	0	89.8649	10883
U-deep-u-repeated	corpus	retain	ref	6	3183	4152	0.000351165	0	0	0	84.9819	8543
U-deep-u-repeated	corpus	retain	skip	6	1866.95	1800	9.97307E-05	0	0	0	24.6834	20054
U-deep-u-repeated	corpus	retain	noop	6	800.576	0	0	0	0	0	0	49641
U-deep-u-repeated	corpus	retain	parse	6	649.634	0	0	0	0	0	0	54012
U-deep-u-repeated	corpus	retain	parsev	6	1067.43	0	0	0	0	0	0	27249
U-deep-u-repeated	corpus	drop	ref	1	3714.15	4096	0.000262835	0	0	0	70.8779	11414
U-deep-u-repeated	corpus	drop	skip	1	1730.31	1744	9.7078E-05	0	0	0	29.0748	20602
U-deep-u-repeated	corpus	drop	noop	1	733.211	0	0	0	0	0	0	55580
U-deep-u-repeated	corpus	drop	parse	1	608.913	0	0	0	0	0	0	60517
U-deep-u-repeated	corpus	drop	parsev	1	1032.58	0	0	0	0	0	0	38311
U-deep-u-repeated	corpus	drop	pull	1	2883.06	4096	0.000216606	0	0	0	58.556	13850
U-deep-u-repeated	corpus	drop	pparse	1	631.314	0	0	0	0	0	0	63489
U-deep-u-repeated	corpus	drop	touch	1	42.6517	0	0	0	0	0	0	897042
U-deep-u-repeated	corpus	drop	strs	1	909.191	2104	0.000134629	0	0	0	34.5547	44567
U-deep-u-repeated	corpus	drop	host	1	2381.63	4096	0.000244499	0	0	0	62.5306	16360
U-deep-u-repeated	corpus	drop	hskip	1	1208.59	1744	9.33126E-05	0	0	0	23.2348	32150
U-deep-u-repeated	corpus	drop	inc	1	3324.1	5000	0.000335768	0	0	0	88.3069	11913
U-deep-u-repeated	corpus	drop	skip	2	1728.22	1744	9.7078E-05	0	0	0	24.0753	20602
U-deep-u-repeated	corpus	drop	noop	2	767.601	0	0	0	0	0	0	55580
U-deep-u-repeated	corpus	drop	parse	2	617.004	0	0	0	0	0	0	60517
U-deep-u-repeated	corpus	drop	parsev	2	1023	0	0	0	0	0	0	38311
U-deep-u-repeated	corpus	drop	pull	2	3009.33	4096	0.000216606	0	0	0	59.639	13850
U-deep-u-repeated	corpus	drop	pparse	2	781.626	0	0	0	0	0	0	63489
U-deep-u-repeated	corpus	drop	touch	2	42.67	0	0	0	0	0	0	897042
U-deep-u-repeated	corpus	drop	strs	2	951.38	2104	0.000112191	0	0	0	30.4261	44567
U-deep-u-repeated	corpus	drop	host	2	2420.15	4096	0.000244499	0	0	0	57.2127	16360
U-deep-u-repeated	corpus	drop	hskip	2	1262.11	1744	9.33126E-05	0	0	0	26.5319	32150
U-deep-u-repeated	corpus	drop	inc	2	3503.48	5000	0.000335768	0	0	0	88.3908	11913
U-deep-u-repeated	corpus	drop	ref	2	3100.99	4096	0.000262835	0	0	0	72.2797	11414
U-deep-u-repeated	corpus	drop	noop	3	750.791	0	0	0	0	0	0	55580
U-deep-u-repeated	corpus	drop	parse	3	634.428	0	0	0	0	0	0	60517
U-deep-u-repeated	corpus	drop	parsev	3	1028.17	0	0	0	0	0	0	38311
U-deep-u-repeated	corpus	drop	pull	3	2894.67	4096	0.000216606	0	0	0	63.0325	13850
U-deep-u-repeated	corpus	drop	pparse	3	644.189	0	0	0	0	0	0	63489
U-deep-u-repeated	corpus	drop	touch	3	42.6477	0	0	0	0	0	0	897042
U-deep-u-repeated	corpus	drop	strs	3	899.847	2104	0.000112191	0	0	0	26.9482	44567
U-deep-u-repeated	corpus	drop	host	3	2360.64	4096	0.000244499	0	0	0	55.2567	16360
U-deep-u-repeated	corpus	drop	hskip	3	1210.85	1744	9.33126E-05	0	0	0	23.1726	32150
U-deep-u-repeated	corpus	drop	inc	3	3315.3	5000	0.000335768	0	0	0	81.2558	11913
U-deep-u-repeated	corpus	drop	ref	3	3024.4	4096	0.000262835	0	0	0	63.8689	11414
U-deep-u-repeated	corpus	drop	skip	3	1737	1744	9.7078E-05	0	0	0	25.1432	20602
U-deep-u-repeated	corpus	drop	parse	4	610.129	0	0	0	0	0	0	60517
U-deep-u-repeated	corpus	drop	parsev	4	1038.84	0	0	0	0	0	0	38311
U-deep-u-repeated	corpus	drop	pull	4	2883.72	4096	0.000216606	0	0	0	60	13850
U-deep-u-repeated	corpus	drop	pparse	4	630.087	0	0	0	0	0	0	63489
U-deep-u-repeated	corpus	drop	touch	4	42.4654	0	0	0	0	0	0	897042
U-deep-u-repeated	corpus	drop	strs	4	903.853	2104	0.000112191	0	0	0	29.1247	44567
U-deep-u-repeated	corpus	drop	host	4	2372.38	4096	0.000244499	0	0	0	66.2592	16360
U-deep-u-repeated	corpus	drop	hskip	4	1274.08	1744	0.000124417	0	0	0	32.5039	32150
U-deep-u-repeated	corpus	drop	inc	4	3414.58	5000	0.000251826	0	0	0	61.7812	11913
U-deep-u-repeated	corpus	drop	ref	4	3144.04	4096	0.000262835	0	0	0	67.2858	11414
U-deep-u-repeated	corpus	drop	skip	4	1787.94	1744	9.7078E-05	0	0	0	29.2205	20602
U-deep-u-repeated	corpus	drop	noop	4	715.369	0	0	0	0	0	0	55580
U-deep-u-repeated	corpus	drop	parsev	5	1046.56	0	0	0	0	0	0	38311
U-deep-u-repeated	corpus	drop	pull	5	2932.01	4096	0.000216606	0	0	0	61.8051	13850
U-deep-u-repeated	corpus	drop	pparse	5	664.026	0	0	0	0	0	0	63489
U-deep-u-repeated	corpus	drop	touch	5	43.3933	0	0	0	0	0	0	897042
U-deep-u-repeated	corpus	drop	strs	5	923.398	2104	0.000134629	0	0	0	31.9295	44567
U-deep-u-repeated	corpus	drop	host	5	2354.99	4096	0.000183374	0	0	0	47.3716	16360
U-deep-u-repeated	corpus	drop	hskip	5	1236.94	1744	0.000124417	0	0	0	33.7481	32150
U-deep-u-repeated	corpus	drop	inc	5	3358.19	5000	0.000251826	0	0	0	78.066	11913
U-deep-u-repeated	corpus	drop	ref	5	3052.41	4096	0.000262835	0	0	0	72.3673	11414
U-deep-u-repeated	corpus	drop	skip	5	1800.74	1744	9.7078E-05	0	0	0	32.327	20602
U-deep-u-repeated	corpus	drop	noop	5	742.693	0	0	0	0	0	0	55580
U-deep-u-repeated	corpus	drop	parse	5	636.442	0	0	0	0	0	0	60517
U-deep-u-repeated	corpus	drop	pull	6	3027.26	4096	0.000216606	0	0	0	60.9386	13850
U-deep-u-repeated	corpus	drop	pparse	6	636.17	0	0	0	0	0	0	63489
U-deep-u-repeated	corpus	drop	touch	6	42.5284	0	0	0	0	0	0	897042
U-deep-u-repeated	corpus	drop	strs	6	893.168	2104	0.000134629	0	0	0	31.1217	44567
U-deep-u-repeated	corpus	drop	host	6	2366.87	4096	0.000244499	0	0	0	60.9413	16360
U-deep-u-repeated	corpus	drop	hskip	6	1223.73	1744	9.33126E-05	0	0	0	24.5723	32150
U-deep-u-repeated	corpus	drop	inc	6	3296.89	5000	0.000251826	0	0	0	60.5221	11913
U-deep-u-repeated	corpus	drop	ref	6	3073.6	4096	0.000262835	0	0	0	61.8539	11414
U-deep-u-repeated	corpus	drop	skip	6	1741.69	1744	9.7078E-05	0	0	0	27.8128	20602
U-deep-u-repeated	corpus	drop	noop	6	740.857	0	0	0	0	0	0	55580
U-deep-u-repeated	corpus	drop	parse	6	639.82	0	0	0	0	0	0	60517
U-deep-u-repeated	corpus	drop	parsev	6	1142.18	0	0	0	0	0	0	38311
U-oneof-u-repeated	corpus	retain	ref	1	437.182	400	2.3603E-05	0	0	0	6.69145	84735
U-oneof-u-repeated	corpus	retain	skip	1	352.985	264	9.05272E-06	0	0	0	2.28129	110464
U-oneof-u-repeated	corpus	retain	noop	1	133.971	0	0	0	0	0	0	285988
U-oneof-u-repeated	corpus	retain	parse	1	121.095	0	0	0	0	0	0	325873
U-oneof-u-repeated	corpus	retain	parsev	1	140.61	0	0	0	0	0	0	250764
U-oneof-u-repeated	corpus	retain	pparse	1	115.013	0	0	0	0	0	0	330322
U-oneof-u-repeated	corpus	retain	touch	1	10.4617	0	0	0	0	0	0	3604609
U-oneof-u-repeated	corpus	retain	strs	1	63.1009	136	9.21333E-06	0	0	0	2.43693	651230
U-oneof-u-repeated	corpus	retain	host	1	235.954	440	2.29781E-05	0	0	0	6.57173	174079
U-oneof-u-repeated	corpus	retain	hskip	1	168.357	304	1.65921E-05	0	0	0	4.37201	241079
U-oneof-u-repeated	corpus	retain	inc	1	470.724	904	5.88242E-05	0	0	0	13.7884	84999
U-oneof-u-repeated	corpus	retain	skip	2	354.708	264	9.05272E-06	0	0	0	2.62529	110464
U-oneof-u-repeated	corpus	retain	noop	2	134.191	0	0	0	0	0	0	285988
U-oneof-u-repeated	corpus	retain	parse	2	120.083	0	0	0	0	0	0	325873
U-oneof-u-repeated	corpus	retain	parsev	2	141.339	0	0	0	0	0	0	250764
U-oneof-u-repeated	corpus	retain	pparse	2	115.247	0	0	0	0	0	0	330322
U-oneof-u-repeated	corpus	retain	touch	2	10.446	0	0	0	0	0	0	3604609
U-oneof-u-repeated	corpus	retain	strs	2	62.6235	136	9.21333E-06	0	0	0	2.19584	651230
U-oneof-u-repeated	corpus	retain	host	2	234.185	440	2.29781E-05	0	0	0	5.68133	174079
U-oneof-u-repeated	corpus	retain	hskip	2	167.368	304	1.65921E-05	0	0	0	4.35542	241079
U-oneof-u-repeated	corpus	retain	inc	2	468.831	904	5.88242E-05	0	0	0	15.4943	84999
U-oneof-u-repeated	corpus	retain	ref	2	433.216	400	2.3603E-05	0	0	0	6.10137	84735
U-oneof-u-repeated	corpus	retain	noop	3	134.578	0	0	0	0	0	0	285988
U-oneof-u-repeated	corpus	retain	parse	3	119.334	0	0	0	0	0	0	325873
U-oneof-u-repeated	corpus	retain	parsev	3	140.972	0	0	0	0	0	0	250764
U-oneof-u-repeated	corpus	retain	pparse	3	114.994	0	0	0	0	0	0	330322
U-oneof-u-repeated	corpus	retain	touch	3	10.4389	0	0	0	0	0	0	3604609
U-oneof-u-repeated	corpus	retain	strs	3	62.2556	136	7.67778E-06	0	0	0	2.1636	651230
U-oneof-u-repeated	corpus	retain	host	3	231.215	440	2.29781E-05	0	0	0	5.62963	174079
U-oneof-u-repeated	corpus	retain	hskip	3	168.616	304	2.07401E-05	0	0	0	5.35094	241079
U-oneof-u-repeated	corpus	retain	inc	3	468.561	904	4.70594E-05	0	0	0	11.1413	84999
U-oneof-u-repeated	corpus	retain	ref	3	435.245	400	2.3603E-05	0	0	0	6.25479	84735
U-oneof-u-repeated	corpus	retain	skip	3	353.844	264	1.81054E-05	0	0	0	4.77984	110464
U-oneof-u-repeated	corpus	retain	parse	4	120.02	0	0	0	0	0	0	325873
U-oneof-u-repeated	corpus	retain	parsev	4	140.311	0	0	0	0	0	0	250764
U-oneof-u-repeated	corpus	retain	pparse	4	115.101	0	0	0	0	0	0	330322
U-oneof-u-repeated	corpus	retain	touch	4	10.4651	0	0	0	0	0	0	3604609
U-oneof-u-repeated	corpus	retain	strs	4	62.0553	136	7.67778E-06	0	0	0	1.92405	651230
U-oneof-u-repeated	corpus	retain	host	4	231.061	440	2.29781E-05	0	0	0	5.41708	174079
U-oneof-u-repeated	corpus	retain	hskip	4	167.387	304	1.65921E-05	0	0	0	4.20194	241079
U-oneof-u-repeated	corpus	retain	inc	4	469.396	904	5.88242E-05	0	0	0	15.1061	84999
U-oneof-u-repeated	corpus	retain	ref	4	442.626	400	2.3603E-05	0	0	0	6.59704	84735
U-oneof-u-repeated	corpus	retain	skip	4	355.189	264	1.81054E-05	0	0	0	4.89752	110464
U-oneof-u-repeated	corpus	retain	noop	4	134.189	0	0	0	0	0	0	285988
U-oneof-u-repeated	corpus	retain	parsev	5	140.609	0	0	0	0	0	0	250764
U-oneof-u-repeated	corpus	retain	pparse	5	115.12	0	0	0	0	0	0	330322
U-oneof-u-repeated	corpus	retain	touch	5	10.4911	0	0	0	0	0	0	3604609
U-oneof-u-repeated	corpus	retain	strs	5	62.3512	136	7.67778E-06	0	0	0	2.00697	651230
U-oneof-u-repeated	corpus	retain	host	5	231.223	440	2.29781E-05	0	0	0	5.84218	174079
U-oneof-u-repeated	corpus	retain	hskip	5	172.198	304	1.65921E-05	0	0	0	4.12313	241079
U-oneof-u-repeated	corpus	retain	inc	5	471.152	904	5.88242E-05	0	0	0	16.0708	84999
U-oneof-u-repeated	corpus	retain	ref	5	446.429	400	2.3603E-05	0	0	0	6.13678	84735
U-oneof-u-repeated	corpus	retain	skip	5	351.838	264	9.05272E-06	0	0	0	2.57097	110464
U-oneof-u-repeated	corpus	retain	noop	5	134.195	0	0	0	0	0	0	285988
U-oneof-u-repeated	corpus	retain	parse	5	119.601	0	0	0	0	0	0	325873
U-oneof-u-repeated	corpus	retain	pparse	6	115.039	0	0	0	0	0	0	330322
U-oneof-u-repeated	corpus	retain	touch	6	10.465	0	0	0	0	0	0	3604609
U-oneof-u-repeated	corpus	retain	strs	6	62.3093	136	9.21333E-06	0	0	0	2.35861	651230
U-oneof-u-repeated	corpus	retain	host	6	235.735	440	2.29781E-05	0	0	0	5.53197	174079
U-oneof-u-repeated	corpus	retain	hskip	6	168.071	304	1.65921E-05	0	0	0	4.22683	241079
U-oneof-u-repeated	corpus	retain	inc	6	475.183	904	5.88242E-05	0	0	0	14.2472	84999
U-oneof-u-repeated	corpus	retain	ref	6	441.468	400	2.3603E-05	0	0	0	6.73866	84735
U-oneof-u-repeated	corpus	retain	skip	6	367.29	264	9.05272E-06	0	0	0	2.99645	110464
U-oneof-u-repeated	corpus	retain	noop	6	134.299	0	0	0	0	0	0	285988
U-oneof-u-repeated	corpus	retain	parse	6	119.742	0	0	0	0	0	0	325873
U-oneof-u-repeated	corpus	retain	parsev	6	140.885	0	0	0	0	0	0	250764
U-oneof-u-repeated	corpus	drop	ref	1	368.235	352	1.80182E-05	0	0	0	4.30635	110999
U-oneof-u-repeated	corpus	drop	skip	1	284.534	216	1.50668E-05	0	0	0	3.91737	132742
U-oneof-u-repeated	corpus	drop	noop	1	173.373	0	0	0	0	0	0	247403
U-oneof-u-repeated	corpus	drop	parse	1	145.574	0	0	0	0	0	0	272985
U-oneof-u-repeated	corpus	drop	parsev	1	160.89	0	0	0	0	0	0	238348
U-oneof-u-repeated	corpus	drop	pull	1	318.643	352	2.2976E-05	0	0	0	6.43328	130571
U-oneof-u-repeated	corpus	drop	pparse	1	136.442	0	0	0	0	0	0	252662
U-oneof-u-repeated	corpus	drop	touch	1	10.7922	0	0	0	0	0	0	3456424
U-oneof-u-repeated	corpus	drop	strs	1	61.6454	136	7.07034E-06	0	0	0	1.88778	424308
U-oneof-u-repeated	corpus	drop	host	1	180.376	352	2.30285E-05	0	0	0	5.53259	173698
U-oneof-u-repeated	corpus	drop	hskip	1	120.084	216	1.24644E-05	0	0	0	2.92497	240686
U-oneof-u-repeated	corpus	drop	inc	1	466.229	904	4.73894E-05	0	0	0	12.4516	84407
U-oneof-u-repeated	corpus	drop	skip	2	279.022	216	1.50668E-05	0	0	0	3.59344	132742
U-oneof-u-repeated	corpus	drop	noop	2	163.882	0	0	0	0	0	0	247403
U-oneof-u-repeated	corpus	drop	parse	2	144.384	0	0	0	0	0	0	272985
U-oneof-u-repeated	corpus	drop	parsev	2	160.999	0	0	0	0	0	0	238348
U-oneof-u-repeated	corpus	drop	pull	2	333.31	352	1.53173E-05	0	0	0	4.53393	130571
U-oneof-u-repeated	corpus	drop	pparse	2	139.498	0	0	0	0	0	0	252662
U-oneof-u-repeated	corpus	drop	touch	2	10.4792	0	0	0	0	0	0	3456424
U-oneof-u-repeated	corpus	drop	strs	2	61.188	136	9.42711E-06	0	0	0	2.30493	424308
U-oneof-u-repeated	corpus	drop	host	2	177.674	352	1.72714E-05	0	0	0	4.33511	173698
U-oneof-u-repeated	corpus	drop	hskip	2	118.955	216	1.24644E-05	0	0	0	2.92082	240686
U-oneof-u-repeated	corpus	drop	inc	2	468.008	904	5.92368E-05	0	0	0	15.3305	84407
U-oneof-u-repeated	corpus	drop	ref	2	355.587	352	1.80182E-05	0	0	0	3.79283	110999
U-oneof-u-repeated	corpus	drop	noop	3	162.93	0	0	0	0	0	0	247403
U-oneof-u-repeated	corpus	drop	parse	3	144.219	0	0	0	0	0	0	272985
U-oneof-u-repeated	corpus	drop	parsev	3	160.719	0	0	0	0	0	0	238348
U-oneof-u-repeated	corpus	drop	pull	3	314.257	352	2.2976E-05	0	0	0	6.24947	130571
U-oneof-u-repeated	corpus	drop	pparse	3	138.881	0	0	0	0	0	0	252662
U-oneof-u-repeated	corpus	drop	touch	3	10.631	0	0	0	0	0	0	3456424
U-oneof-u-repeated	corpus	drop	strs	3	60.5124	136	7.07034E-06	0	0	0	1.9302	424308
U-oneof-u-repeated	corpus	drop	host	3	178.292	352	2.30285E-05	0	0	0	5.72258	173698
U-oneof-u-repeated	corpus	drop	hskip	3	117.748	216	1.24644E-05	0	0	0	2.65076	240686
U-oneof-u-repeated	corpus	drop	inc	3	460.795	904	4.73894E-05	0	0	0	12.0369	84407
U-oneof-u-repeated	corpus	drop	ref	3	362.604	352	1.80182E-05	0	0	0	4.11715	110999
U-oneof-u-repeated	corpus	drop	skip	3	279.677	216	1.50668E-05	0	0	0	3.55577	132742
U-oneof-u-repeated	corpus	drop	parse	4	144.075	0	0	0	0	0	0	272985
U-oneof-u-repeated	corpus	drop	parsev	4	161.247	0	0	0	0	0	0	238348
U-oneof-u-repeated	corpus	drop	pull	4	312.342	352	2.2976E-05	0	0	0	5.6138	130571
U-oneof-u-repeated	corpus	drop	pparse	4	134.714	0	0	0	0	0	0	252662
U-oneof-u-repeated	corpus	drop	touch	4	10.4378	0	0	0	0	0	0	3456424
U-oneof-u-repeated	corpus	drop	strs	4	60.3601	136	7.07034E-06	0	0	0	1.77937	424308
U-oneof-u-repeated	corpus	drop	host	4	177.007	352	2.30285E-05	0	0	0	4.93385	173698
U-oneof-u-repeated	corpus	drop	hskip	4	117.247	216	1.24644E-05	0	0	0	2.74632	240686
U-oneof-u-repeated	corpus	drop	inc	4	465.763	904	4.73894E-05	0	0	0	11.8	84407
U-oneof-u-repeated	corpus	drop	ref	4	357.857	352	1.80182E-05	0	0	0	4.24328	110999
U-oneof-u-repeated	corpus	drop	skip	4	281.302	216	1.50668E-05	0	0	0	4.07558	132742
U-oneof-u-repeated	corpus	drop	noop	4	165.104	0	0	0	0	0	0	247403
U-oneof-u-repeated	corpus	drop	parsev	5	160.209	0	0	0	0	0	0	238348
U-oneof-u-repeated	corpus	drop	pull	5	313.228	352	2.2976E-05	0	0	0	6.25713	130571
U-oneof-u-repeated	corpus	drop	pparse	5	134.721	0	0	0	0	0	0	252662
U-oneof-u-repeated	corpus	drop	touch	5	10.4304	0	0	0	0	0	0	3456424
U-oneof-u-repeated	corpus	drop	strs	5	60.7078	136	7.07034E-06	0	0	0	1.876	424308
U-oneof-u-repeated	corpus	drop	host	5	179.274	352	1.72714E-05	0	0	0	4.11058	173698
U-oneof-u-repeated	corpus	drop	hskip	5	117.449	216	1.24644E-05	0	0	0	2.85019	240686
U-oneof-u-repeated	corpus	drop	inc	5	468.976	904	5.92368E-05	0	0	0	14.6078	84407
U-oneof-u-repeated	corpus	drop	ref	5	359.187	352	1.80182E-05	0	0	0	4.49554	110999
U-oneof-u-repeated	corpus	drop	skip	5	279.595	216	1.50668E-05	7.53341E-06	0	0	5.25079	132742
U-oneof-u-repeated	corpus	drop	noop	5	162.032	0	0	0	0	0	0	247403
U-oneof-u-repeated	corpus	drop	parse	5	146.18	0	0	0	0	0	0	272985
U-oneof-u-repeated	corpus	drop	pull	6	317.787	352	1.53173E-05	0	0	0	4.40373	130571
U-oneof-u-repeated	corpus	drop	pparse	6	137.114	0	0	0	0	0	0	252662
U-oneof-u-repeated	corpus	drop	touch	6	10.5535	0	0	0	0	0	0	3456424
U-oneof-u-repeated	corpus	drop	strs	6	61.9437	136	9.42711E-06	0	0	0	2.25072	424308
U-oneof-u-repeated	corpus	drop	host	6	179.487	352	1.72714E-05	0	0	0	4.32935	173698
U-oneof-u-repeated	corpus	drop	hskip	6	119.573	216	1.24644E-05	0	0	0	3.27813	240686
U-oneof-u-repeated	corpus	drop	inc	6	473.597	904	5.92368E-05	0	0	0	15.7451	84407
U-oneof-u-repeated	corpus	drop	ref	6	359.583	352	1.80182E-05	0	0	0	4.94599	110999
U-oneof-u-repeated	corpus	drop	skip	6	278.814	216	1.50668E-05	0	0	0	3.80437	132742
U-oneof-u-repeated	corpus	drop	noop	6	162.147	0	0	0	0	0	0	247403
U-oneof-u-repeated	corpus	drop	parse	6	144.273	0	0	0	0	0	0	272985
U-oneof-u-repeated	corpus	drop	parsev	6	161.145	0	0	0	0	0	0	238348
U-wire-ListTaskSummaryResponse-tasks-as-wt5	corpus	retain	ref	1	2920.74	3720	0.000223964	0	0	0	56.8869	13395
U-wire-ListTaskSummaryResponse-tasks-as-wt5	corpus	retain	skip	1	1553.08	1416	7.85947E-05	0	0	0	23.7356	25447
U-wire-ListTaskSummaryResponse-tasks-as-wt5	corpus	retain	noop	1	504.259	0	0	0	0	0	0	83123
U-wire-ListTaskSummaryResponse-tasks-as-wt5	corpus	retain	parse	1	450.204	0	0	0	0	0	0	89221
U-wire-ListTaskSummaryResponse-tasks-as-wt5	corpus	retain	parsev	1	827.931	0	0	0	0	0	0	48625
U-wire-ListTaskSummaryResponse-tasks-as-wt5	corpus	retain	pparse	1	442.577	0	0	0	0	0	0	75463
U-wire-ListTaskSummaryResponse-tasks-as-wt5	corpus	retain	touch	1	42.2053	0	0	0	0	0	0	889899
U-wire-ListTaskSummaryResponse-tasks-as-wt5	corpus	retain	strs	1	959.823	1808	0.000118571	0	0	0	29.2158	42169
U-wire-ListTaskSummaryResponse-tasks-as-wt5	corpus	retain	host	1	2377.57	3720	0.000182949	0	0	0	46.4691	16398
U-wire-ListTaskSummaryResponse-tasks-as-wt5	corpus	retain	hskip	1	1101.01	1416	8.14686E-05	0	0	0	20.8288	36824
U-wire-ListTaskSummaryResponse-tasks-as-wt5	corpus	retain	inc	1	3424.64	4504	0.000247791	0	0	0	63.3518	12107
U-wire-ListTaskSummaryResponse-tasks-as-wt5	corpus	retain	skip	2	1540.49	1416	0.000117892	0	0	0	29.5909	25447
U-wire-ListTaskSummaryResponse-tasks-as-wt5	corpus	retain	noop	2	486.693	0	0	0	0	0	0	83123
U-wire-ListTaskSummaryResponse-tasks-as-wt5	corpus	retain	parse	2	446.373	0	0	0	0	0	0	89221
U-wire-ListTaskSummaryResponse-tasks-as-wt5	corpus	retain	parsev	2	822.409	0	0	0	0	0	0	48625
U-wire-ListTaskSummaryResponse-tasks-as-wt5	corpus	retain	pparse	2	441.743	0	0	0	0	0	0	75463
U-wire-ListTaskSummaryResponse-tasks-as-wt5	corpus	retain	touch	2	42.784	0	0	0	0	0	0	889899
U-wire-ListTaskSummaryResponse-tasks-as-wt5	corpus	retain	strs	2	978.866	1808	9.48564E-05	0	0	0	25.2081	42169
U-wire-ListTaskSummaryResponse-tasks-as-wt5	corpus	retain	host	2	2521.04	3720	0.000243932	0	0	0	87.1448	16398
U-wire-ListTaskSummaryResponse-tasks-as-wt5	corpus	retain	hskip	2	1098.62	1416	8.14686E-05	0	0	0	25.7712	36824
U-wire-ListTaskSummaryResponse-tasks-as-wt5	corpus	retain	inc	2	3334.56	4504	0.000247791	0	0	0	65.2515	12107
U-wire-ListTaskSummaryResponse-tasks-as-wt5	corpus	retain	ref	2	2953.92	3720	0.000223964	0	0	0	64.651	13395
U-wire-ListTaskSummaryResponse-tasks-as-wt5	corpus	retain	noop	3	498.288	0	0	0	0	0	0	83123
U-wire-ListTaskSummaryResponse-tasks-as-wt5	corpus	retain	parse	3	442.492	0	0	0	0	0	0	89221
U-wire-ListTaskSummaryResponse-tasks-as-wt5	corpus	retain	parsev	3	827.568	0	0	0	0	0	0	48625
U-wire-ListTaskSummaryResponse-tasks-as-wt5	corpus	retain	pparse	3	439.496	0	0	0	0	0	0	75463
U-wire-ListTaskSummaryResponse-tasks-as-wt5	corpus	retain	touch	3	42.3744	0	0	0	0	0	0	889899
U-wire-ListTaskSummaryResponse-tasks-as-wt5	corpus	retain	strs	3	955.452	1808	9.48564E-05	0	0	0	26.0381	42169
U-wire-ListTaskSummaryResponse-tasks-as-wt5	corpus	retain	host	3	2406.15	3720	0.000243932	0	0	0	64.4591	16398
U-wire-ListTaskSummaryResponse-tasks-as-wt5	corpus	retain	hskip	3	1114.5	1416	8.14686E-05	0	0	0	24.1962	36824
U-wire-ListTaskSummaryResponse-tasks-as-wt5	corpus	retain	inc	3	3417.06	4504	0.000247791	0	0	0	68.9684	12107
U-wire-ListTaskSummaryResponse-tasks-as-wt5	corpus	retain	ref	3	2969	3720	0.000223964	0	0	0	64.0538	13395
U-wire-ListTaskSummaryResponse-tasks-as-wt5	corpus	retain	skip	3	1537.63	1416	7.85947E-05	0	0	0	23.3819	25447
U-wire-ListTaskSummaryResponse-tasks-as-wt5	corpus	retain	parse	4	452.364	0	0	0	0	0	0	89221
U-wire-ListTaskSummaryResponse-tasks-as-wt5	corpus	retain	parsev	4	879.128	0	0	0	0	0	0	48625
U-wire-ListTaskSummaryResponse-tasks-as-wt5	corpus	retain	pparse	4	452.029	0	0	0	0	0	0	75463
U-wire-ListTaskSummaryResponse-tasks-as-wt5	corpus	retain	touch	4	42.421	0	0	0	0	0	0	889899
U-wire-ListTaskSummaryResponse-tasks-as-wt5	corpus	retain	strs	4	958.921	1808	9.48564E-05	0	0	0	26.0855	42169
U-wire-ListTaskSummaryResponse-tasks-as-wt5	corpus	retain	host	4	2477.31	3720	0.000243932	0	0	0	68.9108	16398
U-wire-ListTaskSummaryResponse-tasks-as-wt5	corpus	retain	hskip	4	1182.68	1416	8.14686E-05	0	0	0	28.1881	36824
U-wire-ListTaskSummaryResponse-tasks-as-wt5	corpus	retain	inc	4	3573.98	4504	0.000247791	0	0	0	68.9684	12107
U-wire-ListTaskSummaryResponse-tasks-as-wt5	corpus	retain	ref	4	3137.82	3720	0.000223964	0	0	0	65.5468	13395
U-wire-ListTaskSummaryResponse-tasks-as-wt5	corpus	retain	skip	4	1561.32	1416	7.85947E-05	0	0	0	22.6353	25447
U-wire-ListTaskSummaryResponse-tasks-as-wt5	corpus	retain	noop	4	492.498	0	0	0	0	0	0	83123
U-wire-ListTaskSummaryResponse-tasks-as-wt5	corpus	retain	parsev	5	845.375	0	0	0	0	0	0	48625
U-wire-ListTaskSummaryResponse-tasks-as-wt5	corpus	retain	pparse	5	449.821	0	0	0	0	0	0	75463
U-wire-ListTaskSummaryResponse-tasks-as-wt5	corpus	retain	touch	5	44.4765	0	0	0	0	0	0	889899
U-wire-ListTaskSummaryResponse-tasks-as-wt5	corpus	retain	strs	5	1000.14	1808	9.48564E-05	0	0	0	24.8761	42169
U-wire-ListTaskSummaryResponse-tasks-as-wt5	corpus	retain	host	5	2793.8	3720	0.000243932	0	0	0	92.9991	16398
U-wire-ListTaskSummaryResponse-tasks-as-wt5	corpus	retain	hskip	5	1109.91	1416	8.14686E-05	0	0	0	23.7617	36824
U-wire-ListTaskSummaryResponse-tasks-as-wt5	corpus	retain	inc	5	3363.14	4504	0.000247791	0	0	0	62.9388	12107
U-wire-ListTaskSummaryResponse-tasks-as-wt5	corpus	retain	ref	5	2914.66	3720	0.000223964	0	0	0	61.5155	13395
U-wire-ListTaskSummaryResponse-tasks-as-wt5	corpus	retain	skip	5	1573.41	1416	7.85947E-05	0	0	0	21.2599	25447
U-wire-ListTaskSummaryResponse-tasks-as-wt5	corpus	retain	noop	5	495.623	0	0	0	0	0	0	83123
U-wire-ListTaskSummaryResponse-tasks-as-wt5	corpus	retain	parse	5	446.294	0	0	0	0	0	0	89221
U-wire-ListTaskSummaryResponse-tasks-as-wt5	corpus	retain	pparse	6	449.948	0	0	0	0	0	0	75463
U-wire-ListTaskSummaryResponse-tasks-as-wt5	corpus	retain	touch	6	42.9133	0	0	0	0	0	0	889899
U-wire-ListTaskSummaryResponse-tasks-as-wt5	corpus	retain	strs	6	970.171	1808	9.48564E-05	0	0	0	28.5281	42169
U-wire-ListTaskSummaryResponse-tasks-as-wt5	corpus	retain	host	6	2423.34	3720	0.000243932	0	0	0	59.7024	16398
U-wire-ListTaskSummaryResponse-tasks-as-wt5	corpus	retain	hskip	6	1107.51	1416	8.14686E-05	0	0	0	23.2186	36824
U-wire-ListTaskSummaryResponse-tasks-as-wt5	corpus	retain	inc	6	3401.5	4504	0.000247791	0	0	0	61.5346	12107
U-wire-ListTaskSummaryResponse-tasks-as-wt5	corpus	retain	ref	6	2942.11	3720	0.000223964	0	0	0	60.8436	13395
U-wire-ListTaskSummaryResponse-tasks-as-wt5	corpus	retain	skip	6	1556.63	1416	7.85947E-05	0	0	0	23.8535	25447
U-wire-ListTaskSummaryResponse-tasks-as-wt5	corpus	retain	noop	6	482.114	0	0	0	0	0	0	83123
U-wire-ListTaskSummaryResponse-tasks-as-wt5	corpus	retain	parse	6	441.926	0	0	0	0	0	0	89221
U-wire-ListTaskSummaryResponse-tasks-as-wt5	corpus	retain	parsev	6	830.823	0	0	0	0	0	0	48625
U-wire-ListTaskSummaryResponse-tasks-as-wt5	corpus	drop	ref	1	2824.84	3688	0.0002167	0	0	0	65.1546	13844
U-wire-ListTaskSummaryResponse-tasks-as-wt5	corpus	drop	skip	1	1455	1384	6.98348E-05	0	0	0	17.2492	28639
U-wire-ListTaskSummaryResponse-tasks-as-wt5	corpus	drop	noop	1	528.236	0	0	0	0	0	0	77429
U-wire-ListTaskSummaryResponse-tasks-as-wt5	corpus	drop	parse	1	473.236	0	0	0	0	0	0	78836
U-wire-ListTaskSummaryResponse-tasks-as-wt5	corpus	drop	parsev	1	861.353	0	0	0	0	0	0	46902
U-wire-ListTaskSummaryResponse-tasks-as-wt5	corpus	drop	pull	1	2655.29	3688	0.000195874	6.52912E-05	0	0.00110995	67.6417	15316
U-wire-ListTaskSummaryResponse-tasks-as-wt5	corpus	drop	pparse	1	454.675	0	0	0	0	0	0	87502
U-wire-ListTaskSummaryResponse-tasks-as-wt5	corpus	drop	touch	1	41.5307	0	0	0	0	0	0	918240
U-wire-ListTaskSummaryResponse-tasks-as-wt5	corpus	drop	strs	1	963.163	1808	0.000117247	0	0	0	29.0538	42645
U-wire-ListTaskSummaryResponse-tasks-as-wt5	corpus	drop	host	1	2387.59	3688	0.000174927	0	0	0	44.5481	17150
U-wire-ListTaskSummaryResponse-tasks-as-wt5	corpus	drop	hskip	1	1065.11	1384	8.06127E-05	0	0	0	21.0936	37215
U-wire-ListTaskSummaryResponse-tasks-as-wt5	corpus	drop	inc	1	3301.66	4504	0.000248344	0	0	0	64.404	12080
U-wire-ListTaskSummaryResponse-tasks-as-wt5	corpus	drop	skip	2	1505.06	1384	0.000104752	0	0	0	26.4325	28639
U-wire-ListTaskSummaryResponse-tasks-as-wt5	corpus	drop	noop	2	541.775	0	0	0	0	0	0	77429
U-wire-ListTaskSummaryResponse-tasks-as-wt5	corpus	drop	parse	2	474.937	0	0	0	0	0	0	78836
U-wire-ListTaskSummaryResponse-tasks-as-wt5	corpus	drop	parsev	2	884.58	0	0	0	0	0	0	46902
U-wire-ListTaskSummaryResponse-tasks-as-wt5	corpus	drop	pull	2	2616.64	3688	0.000195874	0	0	0	49.6213	15316
U-wire-ListTaskSummaryResponse-tasks-as-wt5	corpus	drop	pparse	2	454.421	0	0	0	0	0	0	87502
U-wire-ListTaskSummaryResponse-tasks-as-wt5	corpus	drop	touch	2	41.2719	0	0	0	0	0	0	918240
U-wire-ListTaskSummaryResponse-tasks-as-wt5	corpus	drop	strs	2	923.605	1808	9.37976E-05	0	0	0	19.9085	42645
U-wire-ListTaskSummaryResponse-tasks-as-wt5	corpus	drop	host	2	2367.32	3688	0.000233236	0	0	0	57.4927	17150
U-wire-ListTaskSummaryResponse-tasks-as-wt5	corpus	drop	hskip	2	1075.91	1384	8.06127E-05	0	0	0	20.9593	37215
U-wire-ListTaskSummaryResponse-tasks-as-wt5	corpus	drop	inc	2	3388.68	4504	0.000248344	0	0	0	65.8113	12080
U-wire-ListTaskSummaryResponse-tasks-as-wt5	corpus	drop	ref	2	2809.97	3688	0.0002167	0	0	0	57.4256	13844
U-wire-ListTaskSummaryResponse-tasks-as-wt5	corpus	drop	noop	3	580.877	0	0	0	0	0	0	77429
U-wire-ListTaskSummaryResponse-tasks-as-wt5	corpus	drop	parse	3	471.588	0	0	0	0	0	0	78836
U-wire-ListTaskSummaryResponse-tasks-as-wt5	corpus	drop	parsev	3	849.565	0	0	0	0	0	0	46902
U-wire-ListTaskSummaryResponse-tasks-as-wt5	corpus	drop	pull	3	2633.8	3688	0.000261165	0	0	0	68.7516	15316
U-wire-ListTaskSummaryResponse-tasks-as-wt5	corpus	drop	pparse	3	456.651	0	0	0	0	0	0	87502
U-wire-ListTaskSummaryResponse-tasks-as-wt5	corpus	drop	touch	3	43.3959	0	0	0	0	0	0	918240
U-wire-ListTaskSummaryResponse-tasks-as-wt5	corpus	drop	strs	3	933.062	1808	9.37976E-05	0	0	0	21.081	42645
U-wire-ListTaskSummaryResponse-tasks-as-wt5	corpus	drop	host	3	2345.89	3688	0.000233236	0	0	0	52.7114	17150
U-wire-ListTaskSummaryResponse-tasks-as-wt5	corpus	drop	hskip	3	1057.84	1384	8.06127E-05	0	0	0	19.8307	37215
U-wire-ListTaskSummaryResponse-tasks-as-wt5	corpus	drop	inc	3	3303.15	4504	0.000248344	0	0	0	63.5762	12080
U-wire-ListTaskSummaryResponse-tasks-as-wt5	corpus	drop	ref	3	2845.82	3688	0.0002167	0	0	0	55.692	13844
U-wire-ListTaskSummaryResponse-tasks-as-wt5	corpus	drop	skip	3	1485.57	1384	6.98348E-05	0	0	0	18.7157	28639
U-wire-ListTaskSummaryResponse-tasks-as-wt5	corpus	drop	parse	4	508.694	0	0	0	0	0	0	78836
U-wire-ListTaskSummaryResponse-tasks-as-wt5	corpus	drop	parsev	4	929.129	0	0	0	0	0	0	46902
U-wire-ListTaskSummaryResponse-tasks-as-wt5	corpus	drop	pull	4	2616.53	3688	0.000195874	0	0	0	53.147	15316
U-wire-ListTaskSummaryResponse-tasks-as-wt5	corpus	drop	pparse	4	455.215	0	0	0	0	0	0	87502
U-wire-ListTaskSummaryResponse-tasks-as-wt5	corpus	drop	touch	4	41.3596	0	0	0	0	0	0	918240
U-wire-ListTaskSummaryResponse-tasks-as-wt5	corpus	drop	strs	4	947.316	1808	0.000117247	0	0	0	28.3269	42645
U-wire-ListTaskSummaryResponse-tasks-as-wt5	corpus	drop	host	4	2323.28	3688	0.000174927	0	0	0	38.6006	17150
U-wire-ListTaskSummaryResponse-tasks-as-wt5	corpus	drop	hskip	4	1054.05	1384	8.06127E-05	0	0	0	19.5351	37215
U-wire-ListTaskSummaryResponse-tasks-as-wt5	corpus	drop	inc	4	3307.62	4504	0.000331126	0	0	0	82.4503	12080
U-wire-ListTaskSummaryResponse-tasks-as-wt5	corpus	drop	ref	4	2858.33	3688	0.0002167	0	0	0	53.7417	13844
U-wire-ListTaskSummaryResponse-tasks-as-wt5	corpus	drop	skip	4	1488.19	1384	6.98348E-05	0	0	0	18.192	28639
U-wire-ListTaskSummaryResponse-tasks-as-wt5	corpus	drop	noop	4	516.864	0	0	0	0	0	0	77429
U-wire-ListTaskSummaryResponse-tasks-as-wt5	corpus	drop	parsev	5	851.529	0	0	0	0	0	0	46902
U-wire-ListTaskSummaryResponse-tasks-as-wt5	corpus	drop	pull	5	2630.51	3688	0.000195874	0	0	0	51.3842	15316
U-wire-ListTaskSummaryResponse-tasks-as-wt5	corpus	drop	pparse	5	453.008	0	0	0	0	0	0	87502
U-wire-ListTaskSummaryResponse-tasks-as-wt5	corpus	drop	touch	5	41.3566	0	0	0	0	0	0	918240
U-wire-ListTaskSummaryResponse-tasks-as-wt5	corpus	drop	strs	5	986.97	1808	0.000117247	0	0	0	29.3587	42645
U-wire-ListTaskSummaryResponse-tasks-as-wt5	corpus	drop	host	5	2362.44	3688	0.000174927	0	0	0	43.2653	17150
U-wire-ListTaskSummaryResponse-tasks-as-wt5	corpus	drop	hskip	5	1062.05	1384	8.06127E-05	0	0	0	20.2069	37215
U-wire-ListTaskSummaryResponse-tasks-as-wt5	corpus	drop	inc	5	3773.19	4504	0.000248344	0	0	0	64.4868	12080
U-wire-ListTaskSummaryResponse-tasks-as-wt5	corpus	drop	ref	5	2950.37	3688	0.0002167	0	0	0	59.2314	13844
U-wire-ListTaskSummaryResponse-tasks-as-wt5	corpus	drop	skip	5	1659.54	1384	0.000104752	0	0	0	32.4383	28639
U-wire-ListTaskSummaryResponse-tasks-as-wt5	corpus	drop	noop	5	539.879	0	0	0	0	0	0	77429
U-wire-ListTaskSummaryResponse-tasks-as-wt5	corpus	drop	parse	5	484.246	0	0	0	0	0	0	78836
U-wire-ListTaskSummaryResponse-tasks-as-wt5	corpus	drop	pull	6	2660.15	3688	0.000195874	0	0	0	54.1917	15316
U-wire-ListTaskSummaryResponse-tasks-as-wt5	corpus	drop	pparse	6	452.345	0	0	0	0	0	0	87502
U-wire-ListTaskSummaryResponse-tasks-as-wt5	corpus	drop	touch	6	42.0716	0	0	0	0	0	0	918240
U-wire-ListTaskSummaryResponse-tasks-as-wt5	corpus	drop	strs	6	947.188	1808	9.37976E-05	0	0	0	23.0977	42645
U-wire-ListTaskSummaryResponse-tasks-as-wt5	corpus	drop	host	6	2355.42	3688	0.000233236	0	0	0	62.3907	17150
U-wire-ListTaskSummaryResponse-tasks-as-wt5	corpus	drop	hskip	6	1064.89	1384	8.06127E-05	0	0	0	19.8038	37215
U-wire-ListTaskSummaryResponse-tasks-as-wt5	corpus	drop	inc	6	3319.13	4504	0.000248344	0	0	0	67.3013	12080
U-wire-ListTaskSummaryResponse-tasks-as-wt5	corpus	drop	ref	6	2902.98	3688	0.0002167	0	0	0	55.4753	13844
U-wire-ListTaskSummaryResponse-tasks-as-wt5	corpus	drop	skip	6	1480.67	1384	6.98348E-05	0	0	0	19.3093	28639
U-wire-ListTaskSummaryResponse-tasks-as-wt5	corpus	drop	noop	6	529.149	0	0	0	0	0	0	77429
U-wire-ListTaskSummaryResponse-tasks-as-wt5	corpus	drop	parse	6	480.824	0	0	0	0	0	0	78836
U-wire-ListTaskSummaryResponse-tasks-as-wt5	corpus	drop	parsev	6	868.065	0	0	0	0	0	0	46902
U-wire-UploadResultDataMessage-upload-as-wt5	corpus	retain	ref	1	359.089	344	1.84463E-05	0	0	0	4.9436	108423
U-wire-UploadResultDataMessage-upload-as-wt5	corpus	retain	skip	1	266.397	152	1.35696E-05	0	0	0	3.52132	147388
U-wire-UploadResultDataMessage-upload-as-wt5	corpus	retain	noop	1	88.5429	0	0	0	0	0	0	441981
U-wire-UploadResultDataMessage-upload-as-wt5	corpus	retain	parse	1	82.6657	0	0	0	0	0	0	412424
U-wire-UploadResultDataMessage-upload-as-wt5	corpus	retain	parsev	1	106.434	0	0	0	0	0	0	333467
U-wire-UploadResultDataMessage-upload-as-wt5	corpus	retain	pparse	1	82.4564	0	0	0	0	0	0	476611
U-wire-UploadResultDataMessage-upload-as-wt5	corpus	retain	touch	1	5.57634	0	0	0	0	0	0	5297276
U-wire-UploadResultDataMessage-upload-as-wt5	corpus	retain	strs	1	68.9946	192	1.03399E-05	0	0	0	2.6677	483563
U-wire-UploadResultDataMessage-upload-as-wt5	corpus	retain	host	1	161.605	344	1.92687E-05	0	0	0	5.06766	207591
U-wire-UploadResultDataMessage-upload-as-wt5	corpus	retain	hskip	1	92.3007	152	9.45953E-06	0	0	0	2.31522	422854
U-wire-UploadResultDataMessage-upload-as-wt5	corpus	retain	inc	1	330.982	728	4.11594E-05	0	0	0	11.1954	121479
U-wire-UploadResultDataMessage-upload-as-wt5	corpus	retain	skip	2	263.409	152	6.78481E-06	0	0	0	1.91332	147388
U-wire-UploadResultDataMessage-upload-as-wt5	corpus	retain	noop	2	88.5366	0	0	0	0	0	0	441981
U-wire-UploadResultDataMessage-upload-as-wt5	corpus	retain	parse	2	81.9289	0	0	0	0	0	0	412424
U-wire-UploadResultDataMessage-upload-as-wt5	corpus	retain	parsev	2	107.531	0	0	0	0	0	0	333467
U-wire-UploadResultDataMessage-upload-as-wt5	corpus	retain	pparse	2	81.9427	0	0	0	0	0	0	476611
U-wire-UploadResultDataMessage-upload-as-wt5	corpus	retain	touch	2	5.56276	0	0	0	0	0	0	5297276
U-wire-UploadResultDataMessage-upload-as-wt5	corpus	retain	strs	2	70.947	192	1.24079E-05	0	0	0	2.829	483563
U-wire-UploadResultDataMessage-upload-as-wt5	corpus	retain	host	2	167.407	344	1.92687E-05	0	0	0	4.16685	207591
U-wire-UploadResultDataMessage-upload-as-wt5	corpus	retain	hskip	2	91.9457	152	9.45953E-06	0	0	0	2.45475	422854
U-wire-UploadResultDataMessage-upload-as-wt5	corpus	retain	inc	2	327.854	728	4.11594E-05	0	0	0	9.98526	121479
U-wire-UploadResultDataMessage-upload-as-wt5	corpus	retain	ref	2	348.882	344	1.84463E-05	0	0	0	4.73147	108423
U-wire-UploadResultDataMessage-upload-as-wt5	corpus	retain	noop	3	88.0923	0	0	0	0	0	0	441981
U-wire-UploadResultDataMessage-upload-as-wt5	corpus	retain	parse	3	81.7056	0	0	0	0	0	0	412424
U-wire-UploadResultDataMessage-upload-as-wt5	corpus	retain	parsev	3	105.671	0	0	0	0	0	0	333467
U-wire-UploadResultDataMessage-upload-as-wt5	corpus	retain	pparse	3	83.49	0	0	0	0	0	0	476611
U-wire-UploadResultDataMessage-upload-as-wt5	corpus	retain	touch	3	5.61998	0	0	0	0	0	0	5297276
U-wire-UploadResultDataMessage-upload-as-wt5	corpus	retain	strs	3	68.2688	192	1.03399E-05	0	0	0	2.312	483563
U-wire-UploadResultDataMessage-upload-as-wt5	corpus	retain	host	3	158.682	344	1.92687E-05	0	0	0	4.30655	207591
U-wire-UploadResultDataMessage-upload-as-wt5	corpus	retain	hskip	3	91.3386	152	9.45953E-06	0	0	0	2.17569	422854
U-wire-UploadResultDataMessage-upload-as-wt5	corpus	retain	inc	3	326.751	728	4.11594E-05	0	0	0	10.1911	121479
U-wire-UploadResultDataMessage-upload-as-wt5	corpus	retain	ref	3	350.667	344	1.84463E-05	0	0	0	4.57468	108423
U-wire-UploadResultDataMessage-upload-as-wt5	corpus	retain	skip	3	263.842	152	1.35696E-05	0	0	0	3.75879	147388
U-wire-UploadResultDataMessage-upload-as-wt5	corpus	retain	parse	4	81.8703	0	0	0	0	0	0	412424
U-wire-UploadResultDataMessage-upload-as-wt5	corpus	retain	parsev	4	105.655	0	0	0	0	0	0	333467
U-wire-UploadResultDataMessage-upload-as-wt5	corpus	retain	pparse	4	82.3055	0	0	0	0	0	0	476611
U-wire-UploadResultDataMessage-upload-as-wt5	corpus	retain	touch	4	5.58102	0	0	0	0	0	0	5297276
U-wire-UploadResultDataMessage-upload-as-wt5	corpus	retain	strs	4	68.6329	192	1.03399E-05	0	0	0	2.34923	483563
U-wire-UploadResultDataMessage-upload-as-wt5	corpus	retain	host	4	161	344	1.92687E-05	0	0	0	4.50887	207591
U-wire-UploadResultDataMessage-upload-as-wt5	corpus	retain	hskip	4	91.9011	152	9.45953E-06	0	0	0	2.08819	422854
U-wire-UploadResultDataMessage-upload-as-wt5	corpus	retain	inc	4	327.677	728	4.11594E-05	0	0	0	10.1911	121479
U-wire-UploadResultDataMessage-upload-as-wt5	corpus	retain	ref	4	349.685	344	1.84463E-05	0	0	0	5.21107	108423
U-wire-UploadResultDataMessage-upload-as-wt5	corpus	retain	skip	4	264.153	152	1.35696E-05	0	0	0	3.4399	147388
U-wire-UploadResultDataMessage-upload-as-wt5	corpus	retain	noop	4	88.6716	0	0	0	0	0	0	441981
U-wire-UploadResultDataMessage-upload-as-wt5	corpus	retain	parsev	5	107.917	0	0	0	0	0	0	333467
U-wire-UploadResultDataMessage-upload-as-wt5	corpus	retain	pparse	5	87.8374	0	0	0	0	0	0	476611
U-wire-UploadResultDataMessage-upload-as-wt5	corpus	retain	touch	5	5.59749	0	0	0	0	0	0	5297276
U-wire-UploadResultDataMessage-upload-as-wt5	corpus	retain	strs	5	69.3534	192	1.03399E-05	0	0	0	2.55809	483563
U-wire-UploadResultDataMessage-upload-as-wt5	corpus	retain	host	5	161.352	344	1.92687E-05	0	0	0	4.45106	207591
U-wire-UploadResultDataMessage-upload-as-wt5	corpus	retain	hskip	5	91.7197	152	9.45953E-06	0	0	0	2.10238	422854
U-wire-UploadResultDataMessage-upload-as-wt5	corpus	retain	inc	5	354.652	728	4.11594E-05	0	0	0	11.714	121479
U-wire-UploadResultDataMessage-upload-as-wt5	corpus	retain	ref	5	359.635	344	1.84463E-05	0	0	0	5.25719	108423
U-wire-UploadResultDataMessage-upload-as-wt5	corpus	retain	skip	5	278.775	152	6.78481E-06	0	0	0	2.28648	147388
U-wire-UploadResultDataMessage-upload-as-wt5	corpus	retain	noop	5	89.0752	0	0	0	0	0	0	441981
U-wire-UploadResultDataMessage-upload-as-wt5	corpus	retain	parse	5	85.3717	0	0	0	0	0	0	412424
U-wire-UploadResultDataMessage-upload-as-wt5	corpus	retain	pparse	6	87.8959	0	0	0	0	0	0	476611
U-wire-UploadResultDataMessage-upload-as-wt5	corpus	retain	touch	6	5.64707	0	0	0	0	0	0	5297276
U-wire-UploadResultDataMessage-upload-as-wt5	corpus	retain	strs	6	72.1717	192	1.24079E-05	0	0	0	3.08336	483563
U-wire-UploadResultDataMessage-upload-as-wt5	corpus	retain	host	6	164.415	344	1.92687E-05	0	0	0	4.91832	207591
U-wire-UploadResultDataMessage-upload-as-wt5	corpus	retain	hskip	6	92.9247	152	9.45953E-06	0	0	0	2.38853	422854
U-wire-UploadResultDataMessage-upload-as-wt5	corpus	retain	inc	6	330.391	728	4.11594E-05	0	0	0	10.0017	121479
U-wire-UploadResultDataMessage-upload-as-wt5	corpus	retain	ref	6	353.87	344	1.84463E-05	0	0	0	4.92515	108423
U-wire-UploadResultDataMessage-upload-as-wt5	corpus	retain	skip	6	262.231	152	6.78481E-06	0	0	0	1.56051	147388
U-wire-UploadResultDataMessage-upload-as-wt5	corpus	retain	noop	6	88.9257	0	0	0	0	0	0	441981
U-wire-UploadResultDataMessage-upload-as-wt5	corpus	retain	parse	6	81.9755	0	0	0	0	0	0	412424
U-wire-UploadResultDataMessage-upload-as-wt5	corpus	retain	parsev	6	107.169	0	0	0	0	0	0	333467
U-wire-UploadResultDataMessage-upload-as-wt5	corpus	drop	ref	1	293.779	312	1.25072E-05	0	0	0	4.07734	79954
U-wire-UploadResultDataMessage-upload-as-wt5	corpus	drop	skip	1	207.741	120	5.1452E-06	0	0	0	1.23999	194356
U-wire-UploadResultDataMessage-upload-as-wt5	corpus	drop	noop	1	122.716	0	0	0	0	0	0	273693
U-wire-UploadResultDataMessage-upload-as-wt5	corpus	drop	parse	1	114.433	0	0	0	0	0	0	348835
U-wire-UploadResultDataMessage-upload-as-wt5	corpus	drop	parsev	1	135.555	0	0	0	0	0	0	284185
U-wire-UploadResultDataMessage-upload-as-wt5	corpus	drop	pull	1	265.64	312	1.99197E-05	0	0	0	5.11271	150605
U-wire-UploadResultDataMessage-upload-as-wt5	corpus	drop	pparse	1	113.792	0	0	0	0	0	0	349125
U-wire-UploadResultDataMessage-upload-as-wt5	corpus	drop	touch	1	5.58212	0	0	0	0	0	0	5725349
U-wire-UploadResultDataMessage-upload-as-wt5	corpus	drop	strs	1	76.912	192	1.0824E-05	0	0	0	3.07583	554322
U-wire-UploadResultDataMessage-upload-as-wt5	corpus	drop	host	1	149.646	312	2.10594E-05	0	0	0	6.18794	284909
U-wire-UploadResultDataMessage-upload-as-wt5	corpus	drop	hskip	1	73.9131	120	5.42508E-06	0	0	0	6.49202	552987
U-wire-UploadResultDataMessage-upload-as-wt5	corpus	drop	inc	1	337.313	728	5.07485E-05	0	0	0	12.9003	98525
U-wire-UploadResultDataMessage-upload-as-wt5	corpus	drop	skip	2	207.765	120	5.1452E-06	0	0	0	1.48182	194356
U-wire-UploadResultDataMessage-upload-as-wt5	corpus	drop	noop	2	122.059	0	0	0	0	0	0	273693
U-wire-UploadResultDataMessage-upload-as-wt5	corpus	drop	parse	2	114.86	0	0	0	0	0	0	348835
U-wire-UploadResultDataMessage-upload-as-wt5	corpus	drop	parsev	2	137.679	0	0	0	0	0	0	284185
U-wire-UploadResultDataMessage-upload-as-wt5	corpus	drop	pull	2	268.561	312	1.99197E-05	0	0	0	5.5775	150605
U-wire-UploadResultDataMessage-upload-as-wt5	corpus	drop	pparse	2	115.87	0	0	0	0	0	0	349125
U-wire-UploadResultDataMessage-upload-as-wt5	corpus	drop	touch	2	6.15123	0	0	0	0	0	0	5725349
U-wire-UploadResultDataMessage-upload-as-wt5	corpus	drop	strs	2	74.8525	192	1.0824E-05	0	0	0	2.67354	554322
U-wire-UploadResultDataMessage-upload-as-wt5	corpus	drop	host	2	147.127	312	1.75495E-05	0	0	0	15.4365	284909
U-wire-UploadResultDataMessage-upload-as-wt5	corpus	drop	hskip	2	72.2371	120	7.23344E-06	0	0	0	1.84814	552987
U-wire-UploadResultDataMessage-upload-as-wt5	corpus	drop	inc	2	338.422	728	4.05988E-05	0	0	0	10.7688	98525
U-wire-UploadResultDataMessage-upload-as-wt5	corpus	drop	ref	2	326.706	312	1.25072E-05	0	0	0	3.07677	79954
U-wire-UploadResultDataMessage-upload-as-wt5	corpus	drop	noop	3	130.737	0	0	0	0	0	0	273693
U-wire-UploadResultDataMessage-upload-as-wt5	corpus	drop	parse	3	117.895	0	0	0	0	0	0	348835
U-wire-UploadResultDataMessage-upload-as-wt5	corpus	drop	parsev	3	138.691	0	0	0	0	0	0	284185
U-wire-UploadResultDataMessage-upload-as-wt5	corpus	drop	pull	3	264.874	312	1.99197E-05	0	0	0	5.6771	150605
U-wire-UploadResultDataMessage-upload-as-wt5	corpus	drop	pparse	3	113.494	0	0	0	0	0	0	349125
U-wire-UploadResultDataMessage-upload-as-wt5	corpus	drop	touch	3	5.67291	0	0	0	0	0	0	5725349
U-wire-UploadResultDataMessage-upload-as-wt5	corpus	drop	strs	3	75.8623	192	1.0824E-05	0	0	0	2.55086	554322
U-wire-UploadResultDataMessage-upload-as-wt5	corpus	drop	host	3	146.487	312	1.75495E-05	0	0	0	4.4365	284909
U-wire-UploadResultDataMessage-upload-as-wt5	corpus	drop	hskip	3	74.5147	120	7.23344E-06	0	0	0	1.9024	552987
U-wire-UploadResultDataMessage-upload-as-wt5	corpus	drop	inc	3	333.392	728	4.05988E-05	0	0	0	10.9312	98525
U-wire-UploadResultDataMessage-upload-as-wt5	corpus	drop	ref	3	298.528	312	2.50144E-05	0	0	0	6.39117	79954
U-wire-UploadResultDataMessage-upload-as-wt5	corpus	drop	skip	3	217.881	120	5.1452E-06	0	0	0	1.81111	194356
U-wire-UploadResultDataMessage-upload-as-wt5	corpus	drop	parse	4	127.42	0	0	0	0	0	0	348835
U-wire-UploadResultDataMessage-upload-as-wt5	corpus	drop	parsev	4	143.685	0	0	0	0	0	0	284185
U-wire-UploadResultDataMessage-upload-as-wt5	corpus	drop	pull	4	272.789	312	1.99197E-05	0	0	0	5.66382	150605
U-wire-UploadResultDataMessage-upload-as-wt5	corpus	drop	pparse	4	116.744	0	0	0	0	0	0	349125
U-wire-UploadResultDataMessage-upload-as-wt5	corpus	drop	touch	4	5.64859	0	0	0	0	0	0	5725349
U-wire-UploadResultDataMessage-upload-as-wt5	corpus	drop	strs	4	75.5034	192	1.0824E-05	0	0	0	2.63565	554322
U-wire-UploadResultDataMessage-upload-as-wt5	corpus	drop	host	4	146.471	312	1.75495E-05	0	0	0	4.22942	284909
U-wire-UploadResultDataMessage-upload-as-wt5	corpus	drop	hskip	4	74.6635	120	7.23344E-06	0	0	0	1.9675	552987
U-wire-UploadResultDataMessage-upload-as-wt5	corpus	drop	inc	4	345.574	728	4.05988E-05	0	0	0	10.3527	98525
U-wire-UploadResultDataMessage-upload-as-wt5	corpus	drop	ref	4	319	312	2.50144E-05	0	0	0	7.29169	79954
U-wire-UploadResultDataMessage-upload-as-wt5	corpus	drop	skip	4	211.091	120	5.1452E-06	0	0	0	1.4458	194356
U-wire-UploadResultDataMessage-upload-as-wt5	corpus	drop	noop	4	129.358	0	0	0	0	0	0	273693
U-wire-UploadResultDataMessage-upload-as-wt5	corpus	drop	parsev	5	138.178	0	0	0	0	0	0	284185
U-wire-UploadResultDataMessage-upload-as-wt5	corpus	drop	pull	5	272.248	312	1.99197E-05	0	0	0	5.99582	150605
U-wire-UploadResultDataMessage-upload-as-wt5	corpus	drop	pparse	5	112.338	0	0	0	0	0	0	349125
U-wire-UploadResultDataMessage-upload-as-wt5	corpus	drop	touch	5	5.60313	0	0	0	0	0	0	5725349
U-wire-UploadResultDataMessage-upload-as-wt5	corpus	drop	strs	5	73.1743	192	1.0824E-05	0	0	0	2.5202	554322
U-wire-UploadResultDataMessage-upload-as-wt5	corpus	drop	host	5	144.138	312	1.75495E-05	0	0	0	4.20134	284909
U-wire-UploadResultDataMessage-upload-as-wt5	corpus	drop	hskip	5	72.024	120	7.23344E-06	0	0	0	1.84634	552987
U-wire-UploadResultDataMessage-upload-as-wt5	corpus	drop	inc	5	328.74	728	4.05988E-05	0	0	0	9.44938	98525
U-wire-UploadResultDataMessage-upload-as-wt5	corpus	drop	ref	5	292.321	312	2.50144E-05	0	0	0	5.67827	79954
U-wire-UploadResultDataMessage-upload-as-wt5	corpus	drop	skip	5	207.267	120	5.1452E-06	0	0	0	1.41493	194356
U-wire-UploadResultDataMessage-upload-as-wt5	corpus	drop	noop	5	123.198	0	0	0	0	0	0	273693
U-wire-UploadResultDataMessage-upload-as-wt5	corpus	drop	parse	5	114.015	0	0	0	0	0	0	348835
U-wire-UploadResultDataMessage-upload-as-wt5	corpus	drop	pull	6	262.393	312	1.99197E-05	6.63989E-06	0	0	6.65981	150605
U-wire-UploadResultDataMessage-upload-as-wt5	corpus	drop	pparse	6	114.215	0	0	0	0	0	0	349125
U-wire-UploadResultDataMessage-upload-as-wt5	corpus	drop	touch	6	5.61969	0	0	0	0	0	0	5725349
U-wire-UploadResultDataMessage-upload-as-wt5	corpus	drop	strs	6	69.9153	192	1.0824E-05	0	0	0	2.53102	554322
U-wire-UploadResultDataMessage-upload-as-wt5	corpus	drop	host	6	144.864	312	1.75495E-05	0	0	0	4.44703	284909
U-wire-UploadResultDataMessage-upload-as-wt5	corpus	drop	hskip	6	72.4669	120	7.23344E-06	0	0	0	1.87889	552987
U-wire-UploadResultDataMessage-upload-as-wt5	corpus	drop	inc	6	332.323	728	4.05988E-05	0	0	0	9.75387	98525
U-wire-UploadResultDataMessage-upload-as-wt5	corpus	drop	ref	6	290.393	312	1.25072E-05	0	0	0	2.86415	79954
U-wire-UploadResultDataMessage-upload-as-wt5	corpus	drop	skip	6	211.228	120	1.02904E-05	0	0	0	2.28961	194356
U-wire-UploadResultDataMessage-upload-as-wt5	corpus	drop	noop	6	124.268	0	0	0	0	0	0	273693
U-wire-UploadResultDataMessage-upload-as-wt5	corpus	drop	parse	6	115.048	0	0	0	0	0	0	348835
U-wire-UploadResultDataMessage-upload-as-wt5	corpus	drop	parsev	6	143.352	0	0	0	0	0	0	284185
U-wire-ListMetricsResponse-batches-as-wt0	corpus	retain	ref	1	3795.46	4776	0.000284279	0	0	0	112.669	10553
U-wire-ListMetricsResponse-batches-as-wt0	corpus	retain	skip	1	3638.5	4584	0.000335149	0	0	0	105.572	11935
U-wire-ListMetricsResponse-batches-as-wt0	corpus	retain	noop	1	959.546	0	0	0	0	0	0	42714
U-wire-ListMetricsResponse-batches-as-wt0	corpus	retain	parse	1	804.479	0	0	0	0	0	0	48839
U-wire-ListMetricsResponse-batches-as-wt0	corpus	retain	parsev	1	820.749	0	0	0	0	0	0	50050
U-wire-ListMetricsResponse-batches-as-wt0	corpus	retain	pparse	1	922.112	0	0	0	0	0	0	39897
U-wire-ListMetricsResponse-batches-as-wt0	corpus	retain	touch	1	284.89	0	0	0	0	0	0	147277
U-wire-ListMetricsResponse-batches-as-wt0	corpus	retain	strs	1	73.5941	192	1.0622E-05	0	0	0	2.74224	564866
U-wire-ListMetricsResponse-batches-as-wt0	corpus	retain	host	1	3360.67	4776	0.000246346	0	0	0	61.1759	12178
U-wire-ListMetricsResponse-batches-as-wt0	corpus	retain	hskip	1	3255.86	4584	0.000322867	0	0	0	85.4791	12389
U-wire-ListMetricsResponse-batches-as-wt0	corpus	retain	inc	1	3572.11	4072	0.000175994	0	0	0	43.8226	11364
U-wire-ListMetricsResponse-batches-as-wt0	corpus	retain	skip	2	4312.47	4584	0.000251362	0	0	0	101.047	11935
U-wire-ListMetricsResponse-batches-as-wt0	corpus	retain	noop	2	925.673	0	0	0	0	0	0	42714
U-wire-ListMetricsResponse-batches-as-wt0	corpus	retain	parse	2	832.776	0	0	0	0	0	0	48839
U-wire-ListMetricsResponse-batches-as-wt0	corpus	retain	parsev	2	798.476	0	0	0	0	0	0	50050
U-wire-ListMetricsResponse-batches-as-wt0	corpus	retain	pparse	2	897.412	0	0	0	0	0	0	39897
U-wire-ListMetricsResponse-batches-as-wt0	corpus	retain	touch	2	267.145	0	0	0	0	0	0	147277
U-wire-ListMetricsResponse-batches-as-wt0	corpus	retain	strs	2	76.1475	192	1.23923E-05	0	0	0	3.39727	564866
U-wire-ListMetricsResponse-batches-as-wt0	corpus	retain	host	2	3421.1	4776	0.000246346	0	0	0	60.8474	12178
U-wire-ListMetricsResponse-batches-as-wt0	corpus	retain	hskip	2	3269.09	4584	0.00024215	0	0	0	61.3447	12389
U-wire-ListMetricsResponse-batches-as-wt0	corpus	retain	inc	2	3612.71	4072	0.000263992	0	0	0	69.6058	11364
U-wire-ListMetricsResponse-batches-as-wt0	corpus	retain	ref	2	3542.71	4776	0.000284279	0	0	0	82.8201	10553
U-wire-ListMetricsResponse-batches-as-wt0	corpus	retain	noop	3	966.784	0	0	0	0	0	0	42714
U-wire-ListMetricsResponse-batches-as-wt0	corpus	retain	parse	3	811.451	0	0	0	0	0	0	48839
U-wire-ListMetricsResponse-batches-as-wt0	corpus	retain	parsev	3	807.545	0	0	0	0	0	0	50050
U-wire-ListMetricsResponse-batches-as-wt0	corpus	retain	pparse	3	900.112	0	0	0	0	0	0	39897
U-wire-ListMetricsResponse-batches-as-wt0	corpus	retain	touch	3	268.448	0	0	0	0	0	0	147277
U-wire-ListMetricsResponse-batches-as-wt0	corpus	retain	strs	3	69.8918	192	1.0622E-05	0	0	0	2.52626	564866
U-wire-ListMetricsResponse-batches-as-wt0	corpus	retain	host	3	3299.33	4776	0.000328461	0	0	0	78.0916	12178
U-wire-ListMetricsResponse-batches-as-wt0	corpus	retain	hskip	3	3194.4	4584	0.00024215	0	0	0	64.3313	12389
U-wire-ListMetricsResponse-batches-as-wt0	corpus	retain	inc	3	3536.07	4072	0.000263992	0	0	0	72.5097	11364
U-wire-ListMetricsResponse-batches-as-wt0	corpus	retain	ref	3	3505.59	4776	0.00018952	0	0	0	53.255	10553
U-wire-ListMetricsResponse-batches-as-wt0	corpus	retain	skip	3	3387.97	4584	0.000335149	0	0	0	91.328	11935
U-wire-ListMetricsResponse-batches-as-wt0	corpus	retain	parse	4	787.689	0	0	0	0	0	0	48839
U-wire-ListMetricsResponse-batches-as-wt0	corpus	retain	parsev	4	799.173	0	0	0	0	0	0	50050
U-wire-ListMetricsResponse-batches-as-wt0	corpus	retain	pparse	4	882.562	0	0	0	0	0	0	39897
U-wire-ListMetricsResponse-batches-as-wt0	corpus	retain	touch	4	270.325	0	0	0	0	0	0	147277
U-wire-ListMetricsResponse-batches-as-wt0	corpus	retain	strs	4	70.1535	192	1.0622E-05	0	0	0	2.45722	564866
U-wire-ListMetricsResponse-batches-as-wt0	corpus	retain	host	4	3358.63	4776	0.000246346	0	0	0	63.4751	12178
U-wire-ListMetricsResponse-batches-as-wt0	corpus	retain	hskip	4	3215.05	4584	0.000322867	0	0	0	91.6942	12389
U-wire-ListMetricsResponse-batches-as-wt0	corpus	retain	inc	4	3686.22	4072	0.000175994	0	0	0	43.9986	11364
U-wire-ListMetricsResponse-batches-as-wt0	corpus	retain	ref	4	3580.05	4776	0.000284279	0	0	0	74.6707	10553
U-wire-ListMetricsResponse-batches-as-wt0	corpus	retain	skip	4	3616.57	4584	0.000251362	0	0	0	62.0863	11935
U-wire-ListMetricsResponse-batches-as-wt0	corpus	retain	noop	4	1025.21	0	0	0	0	0	0	42714
U-wire-ListMetricsResponse-batches-as-wt0	corpus	retain	parsev	5	913.309	0	0	0	0	0	0	50050
U-wire-ListMetricsResponse-batches-as-wt0	corpus	retain	pparse	5	933.844	0	0	0	0	0	0	39897
U-wire-ListMetricsResponse-batches-as-wt0	corpus	retain	touch	5	277.477	0	0	0	0	0	0	147277
U-wire-ListMetricsResponse-batches-as-wt0	corpus	retain	strs	5	75.3336	192	1.23923E-05	0	0	0	2.93344	564866
U-wire-ListMetricsResponse-batches-as-wt0	corpus	retain	host	5	3489.03	4776	0.000246346	0	0	0	68.1557	12178
U-wire-ListMetricsResponse-batches-as-wt0	corpus	retain	hskip	5	3323.19	4584	0.00024215	0	0	0	66.8335	12389
U-wire-ListMetricsResponse-batches-as-wt0	corpus	retain	inc	5	3828.26	4072	0.000263992	0	0	0	68.1978	11364
U-wire-ListMetricsResponse-batches-as-wt0	corpus	retain	ref	5	3654.73	4776	0.000284279	0	0	0	76.9449	10553
U-wire-ListMetricsResponse-batches-as-wt0	corpus	retain	skip	5	3562.09	4584	0.000251362	0	0	0	70.7164	11935
U-wire-ListMetricsResponse-batches-as-wt0	corpus	retain	noop	5	995.559	0	0	0	0	0	0	42714
U-wire-ListMetricsResponse-batches-as-wt0	corpus	retain	parse	5	812.934	0	0	0	0	0	0	48839
U-wire-ListMetricsResponse-batches-as-wt0	corpus	retain	pparse	6	897.517	0	0	0	0	0	0	39897
U-wire-ListMetricsResponse-batches-as-wt0	corpus	retain	touch	6	268.827	0	0	0	0	0	0	147277
U-wire-ListMetricsResponse-batches-as-wt0	corpus	retain	strs	6	70.7433	192	1.0622E-05	0	0	0	2.51387	564866
U-wire-ListMetricsResponse-batches-as-wt0	corpus	retain	host	6	3338.23	4776	0.000328461	0	0	0	73.9859	12178
U-wire-ListMetricsResponse-batches-as-wt0	corpus	retain	hskip	6	3226.95	4584	0.00024215	0	0	0	68.4478	12389
U-wire-ListMetricsResponse-batches-as-wt0	corpus	retain	inc	6	3577.18	4072	0.000263992	0	0	0	66.1739	11364
U-wire-ListMetricsResponse-batches-as-wt0	corpus	retain	ref	6	3527.47	4776	0.000284279	0	0	0	70.4065	10553
U-wire-ListMetricsResponse-batches-as-wt0	corpus	retain	skip	6	3354.13	4584	0.000251362	0	0	0	65.4378	11935
U-wire-ListMetricsResponse-batches-as-wt0	corpus	retain	noop	6	969.568	0	0	0	0	0	0	42714
U-wire-ListMetricsResponse-batches-as-wt0	corpus	retain	parse	6	806.95	0	0	0	0	0	0	48839
U-wire-ListMetricsResponse-batches-as-wt0	corpus	retain	parsev	6	796.142	0	0	0	0	0	0	50050
U-wire-ListMetricsResponse-batches-as-wt0	corpus	drop	ref	1	3813.07	4744	0.000270831	0	0	0	115.464	11077
U-wire-ListMetricsResponse-batches-as-wt0	corpus	drop	skip	1	3648.62	4552	0.000255384	0	0	0	68.7835	11747
U-wire-ListMetricsResponse-batches-as-wt0	corpus	drop	noop	1	963.371	0	0	0	0	0	0	41642
U-wire-ListMetricsResponse-batches-as-wt0	corpus	drop	parse	1	988.694	0	0	0	0	0	0	40306
U-wire-ListMetricsResponse-batches-as-wt0	corpus	drop	parsev	1	919.195	0	0	0	0	0	0	47016
U-wire-ListMetricsResponse-batches-as-wt0	corpus	drop	pull	1	3908.84	4744	0.000260507	0	0	0	75.1129	11516
U-wire-ListMetricsResponse-batches-as-wt0	corpus	drop	pparse	1	1006.26	0	0	0	0	0	0	34637
U-wire-ListMetricsResponse-batches-as-wt0	corpus	drop	touch	1	271.238	0	0	0	0	0	0	140770
U-wire-ListMetricsResponse-batches-as-wt0	corpus	drop	strs	1	74.5608	192	1.23153E-05	0	0	0	3.02341	487199
U-wire-ListMetricsResponse-batches-as-wt0	corpus	drop	host	1	3342.97	4744	0.000259943	0	0	0	63.686	11541
U-wire-ListMetricsResponse-batches-as-wt0	corpus	drop	hskip	1	3207.94	4552	0.000247127	0	0	0	57.9513	8093
U-wire-ListMetricsResponse-batches-as-wt0	corpus	drop	inc	1	3581.06	4072	0.000287991	0	0	0	79.5815	10417
U-wire-ListMetricsResponse-batches-as-wt0	corpus	drop	skip	2	3329.17	4552	0.000255384	0	0	0	68.0174	11747
U-wire-ListMetricsResponse-batches-as-wt0	corpus	drop	noop	2	958.931	0	0	0	0	0	0	41642
U-wire-ListMetricsResponse-batches-as-wt0	corpus	drop	parse	2	830.842	0	0	0	0	0	0	40306
U-wire-ListMetricsResponse-batches-as-wt0	corpus	drop	parsev	2	854.655	0	0	0	0	0	0	47016
U-wire-ListMetricsResponse-batches-as-wt0	corpus	drop	pull	2	3400.53	4744	0.000260507	0	0	0	75.1997	11516
U-wire-ListMetricsResponse-batches-as-wt0	corpus	drop	pparse	2	919.615	0	0	0	0	0	0	34637
U-wire-ListMetricsResponse-batches-as-wt0	corpus	drop	touch	2	272.209	0	0	0	0	0	0	140770
U-wire-ListMetricsResponse-batches-as-wt0	corpus	drop	strs	2	73.8708	192	1.02627E-05	0	0	0	2.40354	487199
U-wire-ListMetricsResponse-batches-as-wt0	corpus	drop	host	2	3342.64	4744	0.000259943	0	0	0	68.7982	11541
U-wire-ListMetricsResponse-batches-as-wt0	corpus	drop	hskip	2	3278.95	4552	0.000370691	0	0	0	88.5951	8093
U-wire-ListMetricsResponse-batches-as-wt0	corpus	drop	inc	2	3540.92	4072	0.000191994	0	0	0	48.9584	10417
U-wire-ListMetricsResponse-batches-as-wt0	corpus	drop	ref	2	3453.42	4744	0.000270831	0	0	0	61.8398	11077
U-wire-ListMetricsResponse-batches-as-wt0	corpus	drop	noop	3	976.795	0	0	0	0	0	0	41642
U-wire-ListMetricsResponse-batches-as-wt0	corpus	drop	parse	3	842.341	0	0	0	0	0	0	40306
U-wire-ListMetricsResponse-batches-as-wt0	corpus	drop	parsev	3	858.126	0	0	0	0	0	0	47016
U-wire-ListMetricsResponse-batches-as-wt0	corpus	drop	pull	3	3456.59	4744	0.000260507	0	0	0	71.5526	11516
U-wire-ListMetricsResponse-batches-as-wt0	corpus	drop	pparse	3	928.753	0	0	0	0	0	0	34637
U-wire-ListMetricsResponse-batches-as-wt0	corpus	drop	touch	3	273.688	0	0	0	0	0	0	140770
U-wire-ListMetricsResponse-batches-as-wt0	corpus	drop	strs	3	78.3478	192	1.23153E-05	0	0	0	3.23892	487199
U-wire-ListMetricsResponse-batches-as-wt0	corpus	drop	host	3	3341.65	4744	0.000259943	0	0	0	70.7044	11541
U-wire-ListMetricsResponse-batches-as-wt0	corpus	drop	hskip	3	3243.97	4552	0.000247127	0	0	0	62.7703	8093
U-wire-ListMetricsResponse-batches-as-wt0	corpus	drop	inc	3	3552.44	4072	0.000191994	0	0	0	52.7983	10417
U-wire-ListMetricsResponse-batches-as-wt0	corpus	drop	ref	3	3526.46	4744	0.000270831	0	0	0	75.6523	11077
U-wire-ListMetricsResponse-batches-as-wt0	corpus	drop	skip	3	3395.7	4552	0.000340512	0	0	0	89.8102	11747
U-wire-ListMetricsResponse-batches-as-wt0	corpus	drop	parse	4	851.972	0	0	0	0	0	0	40306
U-wire-ListMetricsResponse-batches-as-wt0	corpus	drop	parsev	4	843.226	0	0	0	0	0	0	47016
U-wire-ListMetricsResponse-batches-as-wt0	corpus	drop	pull	4	3395.36	4744	0.000260507	0	0	0	75.3734	11516
U-wire-ListMetricsResponse-batches-as-wt0	corpus	drop	pparse	4	909.35	0	0	0	0	0	0	34637
U-wire-ListMetricsResponse-batches-as-wt0	corpus	drop	touch	4	261.547	0	0	0	0	0	0	140770
U-wire-ListMetricsResponse-batches-as-wt0	corpus	drop	strs	4	72.7946	192	1.02627E-05	0	0	0	2.69089	487199
U-wire-ListMetricsResponse-batches-as-wt0	corpus	drop	host	4	3347.97	4744	0.000259943	0	0	0	72.524	11541
U-wire-ListMetricsResponse-batches-as-wt0	corpus	drop	hskip	4	3255.78	4552	0.000247127	0	0	0	61.164	8093
U-wire-ListMetricsResponse-batches-as-wt0	corpus	drop	inc	4	3553.6	4072	0.000287991	0	0	0	76.4136	10417
U-wire-ListMetricsResponse-batches-as-wt0	corpus	drop	ref	4	3508.9	4744	0.000270831	0	0	0	76.555	11077
U-wire-ListMetricsResponse-batches-as-wt0	corpus	drop	skip	4	3345.58	4552	0.000255384	0	0	0	60.0153	11747
U-wire-ListMetricsResponse-batches-as-wt0	corpus	drop	noop	4	998.107	0	0	0	0	0	0	41642
U-wire-ListMetricsResponse-batches-as-wt0	corpus	drop	parsev	5	866.698	0	0	0	0	0	0	47016
U-wire-ListMetricsResponse-batches-as-wt0	corpus	drop	pull	5	3414.4	4744	0.000260507	0	0	0	71.1184	11516
U-wire-ListMetricsResponse-batches-as-wt0	corpus	drop	pparse	5	950.809	0	0	0	0	0	0	34637
U-wire-ListMetricsResponse-batches-as-wt0	corpus	drop	touch	5	266.089	0	0	0	0	0	0	140770
U-wire-ListMetricsResponse-batches-as-wt0	corpus	drop	strs	5	73.2288	192	1.23153E-05	0	0	0	3.00288	487199
U-wire-ListMetricsResponse-batches-as-wt0	corpus	drop	host	5	3722.92	4744	0.000259943	0	0	0	66.632	11541
U-wire-ListMetricsResponse-batches-as-wt0	corpus	drop	hskip	5	3445.23	4552	0.000247127	0	0	0	67.96	8093
U-wire-ListMetricsResponse-batches-as-wt0	corpus	drop	inc	5	3533.25	4072	0.000191994	0	0	0	50.7824	10417
U-wire-ListMetricsResponse-batches-as-wt0	corpus	drop	ref	5	3471.07	4744	0.000270831	0	0	0	70.5065	11077
U-wire-ListMetricsResponse-batches-as-wt0	corpus	drop	skip	5	3360.88	4552	0.000340512	0	0	0	94.1517	11747
U-wire-ListMetricsResponse-batches-as-wt0	corpus	drop	noop	5	956.546	0	0	0	0	0	0	41642
U-wire-ListMetricsResponse-batches-as-wt0	corpus	drop	parse	5	843.307	0	0	0	0	0	0	40306
U-wire-ListMetricsResponse-batches-as-wt0	corpus	drop	pull	6	3372.12	4744	0.000260507	0	0	0	64.6058	11516
U-wire-ListMetricsResponse-batches-as-wt0	corpus	drop	pparse	6	906.016	0	0	0	0	0	0	34637
U-wire-ListMetricsResponse-batches-as-wt0	corpus	drop	touch	6	260.036	0	0	0	0	0	0	140770
U-wire-ListMetricsResponse-batches-as-wt0	corpus	drop	strs	6	72.855	192	1.02627E-05	0	0	0	2.48564	487199
U-wire-ListMetricsResponse-batches-as-wt0	corpus	drop	host	6	3292.21	4744	0.000259943	0	0	0	62.4729	11541
U-wire-ListMetricsResponse-batches-as-wt0	corpus	drop	hskip	6	3207.25	4552	0.000247127	0	0	0	64.6237	8093
U-wire-ListMetricsResponse-batches-as-wt0	corpus	drop	inc	6	3589.98	4072	0.000287991	0	0	0	77.8535	10417
U-wire-ListMetricsResponse-batches-as-wt0	corpus	drop	ref	6	3493.99	4744	0.000270831	0	0	0	75.2911	11077
U-wire-ListMetricsResponse-batches-as-wt0	corpus	drop	skip	6	3352.17	4552	0.000255384	0	0	0	61.3774	11747
U-wire-ListMetricsResponse-batches-as-wt0	corpus	drop	noop	6	955.116	0	0	0	0	0	0	41642
U-wire-ListMetricsResponse-batches-as-wt0	corpus	drop	parse	6	835.788	0	0	0	0	0	0	40306
U-wire-ListMetricsResponse-batches-as-wt0	corpus	drop	parsev	6	840.925	0	0	0	0	0	0	47016
U-wire-DualResponse-left-as-wt5	corpus	retain	ref	1	597.45	568	2.96182E-05	0	0	0	7.55265	67526
U-wire-DualResponse-left-as-wt5	corpus	retain	skip	1	464.538	408	2.28967E-05	0	0	0	6.25079	87349
U-wire-DualResponse-left-as-wt5	corpus	retain	noop	1	158.457	0	0	0	0	0	0	250954
U-wire-DualResponse-left-as-wt5	corpus	retain	parse	1	136.053	0	0	0	0	0	0	292151
U-wire-DualResponse-left-as-wt5	corpus	retain	parsev	1	164.902	0	0	0	0	0	0	194204
U-wire-DualResponse-left-as-wt5	corpus	retain	pparse	1	129.717	0	0	0	0	0	0	304096
U-wire-DualResponse-left-as-wt5	corpus	retain	touch	1	13.0007	0	0	0	0	0	0	2747066
U-wire-DualResponse-left-as-wt5	corpus	retain	strs	1	110.614	160	9.93977E-06	0	0	0	2.59179	402424
U-wire-DualResponse-left-as-wt5	corpus	retain	host	1	356.444	568	3.33439E-05	0	0	0	7.72745	119962
U-wire-DualResponse-left-as-wt5	corpus	retain	hskip	1	240.902	408	2.22846E-05	0	0	0	6.02799	179496
U-wire-DualResponse-left-as-wt5	corpus	retain	inc	1	637.087	984	6.13412E-05	0	0	0	14.4305	65209
U-wire-DualResponse-left-as-wt5	corpus	retain	skip	2	461.959	408	2.28967E-05	0	0	0	6.25079	87349
U-wire-DualResponse-left-as-wt5	corpus	retain	noop	2	157.928	0	0	0	0	0	0	250954
U-wire-DualResponse-left-as-wt5	corpus	retain	parse	2	142.02	0	0	0	0	0	0	292151
U-wire-DualResponse-left-as-wt5	corpus	retain	parsev	2	171.457	0	0	0	0	0	0	194204
U-wire-DualResponse-left-as-wt5	corpus	retain	pparse	2	133.085	0	0	0	0	0	0	304096
U-wire-DualResponse-left-as-wt5	corpus	retain	touch	2	13.123	0	0	0	0	0	0	2747066
U-wire-DualResponse-left-as-wt5	corpus	retain	strs	2	102.691	160	9.93977E-06	2.48494E-06	0	0	2.95957	402424
U-wire-DualResponse-left-as-wt5	corpus	retain	host	2	345.148	568	3.33439E-05	0	0	0	7.67743	119962
U-wire-DualResponse-left-as-wt5	corpus	retain	hskip	2	234.413	408	2.22846E-05	0	0	0	5.58787	179496
U-wire-DualResponse-left-as-wt5	corpus	retain	inc	2	622.547	984	6.13412E-05	0	0	0	15.0286	65209
U-wire-DualResponse-left-as-wt5	corpus	retain	ref	2	589.897	568	2.96182E-05	0	0	0	6.69372	67526
U-wire-DualResponse-left-as-wt5	corpus	retain	noop	3	158.427	0	0	0	0	0	0	250954
U-wire-DualResponse-left-as-wt5	corpus	retain	parse	3	136.121	0	0	0	0	0	0	292151
U-wire-DualResponse-left-as-wt5	corpus	retain	parsev	3	164.986	0	0	0	0	0	0	194204
U-wire-DualResponse-left-as-wt5	corpus	retain	pparse	3	129.983	0	0	0	0	0	0	304096
U-wire-DualResponse-left-as-wt5	corpus	retain	touch	3	13.1466	0	0	0	0	0	0	2747066
U-wire-DualResponse-left-as-wt5	corpus	retain	strs	3	102.653	160	9.93977E-06	0	0	0	2.50482	402424
U-wire-DualResponse-left-as-wt5	corpus	retain	host	3	341.756	568	3.33439E-05	0	0	0	8.22761	119962
U-wire-DualResponse-left-as-wt5	corpus	retain	hskip	3	227.528	408	2.22846E-05	0	0	0	6.11156	179496
U-wire-DualResponse-left-as-wt5	corpus	retain	inc	3	620.187	984	6.13412E-05	0	0	0	15.55	65209
U-wire-DualResponse-left-as-wt5	corpus	retain	ref	3	591.402	568	2.96182E-05	0	0	0	7.09356	67526
U-wire-DualResponse-left-as-wt5	corpus	retain	skip	3	460.019	408	2.28967E-05	0	0	0	18.9126	87349
U-wire-DualResponse-left-as-wt5	corpus	retain	parse	4	137.173	0	0	0	0	0	0	292151
U-wire-DualResponse-left-as-wt5	corpus	retain	parsev	4	164.569	0	0	0	0	0	0	194204
U-wire-DualResponse-left-as-wt5	corpus	retain	pparse	4	130.996	0	0	0	0	0	0	304096
U-wire-DualResponse-left-as-wt5	corpus	retain	touch	4	13.059	0	0	0	0	0	0	2747066
U-wire-DualResponse-left-as-wt5	corpus	retain	strs	4	101.619	160	9.93977E-06	0	0	0	2.36318	402424
U-wire-DualResponse-left-as-wt5	corpus	retain	host	4	336.076	568	3.33439E-05	0	0	0	7.75245	119962
U-wire-DualResponse-left-as-wt5	corpus	retain	hskip	4	224.225	408	2.22846E-05	0	0	0	5.45416	179496
U-wire-DualResponse-left-as-wt5	corpus	retain	inc	4	624.936	984	6.13412E-05	0	0	0	14.2158	65209
U-wire-DualResponse-left-as-wt5	corpus	retain	ref	4	586.757	568	2.96182E-05	0	0	0	7.71555	67526
U-wire-DualResponse-left-as-wt5	corpus	retain	skip	4	457.56	408	2.28967E-05	0	0	0	6.35382	87349
U-wire-DualResponse-left-as-wt5	corpus	retain	noop	4	157.692	0	0	0	0	0	0	250954
U-wire-DualResponse-left-as-wt5	corpus	retain	parsev	5	166.242	0	0	0	0	0	0	194204
U-wire-DualResponse-left-as-wt5	corpus	retain	pparse	5	129.121	0	0	0	0	0	0	304096
U-wire-DualResponse-left-as-wt5	corpus	retain	touch	5	12.9326	0	0	0	0	0	0	2747066
U-wire-DualResponse-left-as-wt5	corpus	retain	strs	5	99.653	160	9.93977E-06	0	0	0	2.27621	402424
U-wire-DualResponse-left-as-wt5	corpus	retain	host	5	335.93	568	3.33439E-05	0	0	0	8.03588	119962
U-wire-DualResponse-left-as-wt5	corpus	retain	hskip	5	223.655	408	2.22846E-05	0	0	0	5.01404	179496
U-wire-DualResponse-left-as-wt5	corpus	retain	inc	5	617.036	984	6.13412E-05	0	0	0	14.6299	65209
U-wire-DualResponse-left-as-wt5	corpus	retain	ref	5	584.137	568	2.96182E-05	0	0	0	7.81921	67526
U-wire-DualResponse-left-as-wt5	corpus	retain	skip	5	456.686	408	2.28967E-05	0	0	0	6.30803	87349
U-wire-DualResponse-left-as-wt5	corpus	retain	noop	5	174.739	0	0	0	0	0	0	250954
U-wire-DualResponse-left-as-wt5	corpus	retain	parse	5	143.333	0	0	0	0	0	0	292151
U-wire-DualResponse-left-as-wt5	corpus	retain	pparse	6	135.526	0	0	0	0	0	0	304096
U-wire-DualResponse-left-as-wt5	corpus	retain	touch	6	12.9823	0	0	0	0	0	0	2747066
U-wire-DualResponse-left-as-wt5	corpus	retain	strs	6	100.598	160	9.93977E-06	0	0	0	2.63652	402424
U-wire-DualResponse-left-as-wt5	corpus	retain	host	6	339.122	568	3.33439E-05	0	0	0	8.39432	119962
U-wire-DualResponse-left-as-wt5	corpus	retain	hskip	6	231.31	408	2.22846E-05	0	0	0	5.81629	179496
U-wire-DualResponse-left-as-wt5	corpus	retain	inc	6	628.053	984	6.13412E-05	0	0	0	15.2586	65209
U-wire-DualResponse-left-as-wt5	corpus	retain	ref	6	580.884	568	2.96182E-05	0	0	0	8.21906	67526
U-wire-DualResponse-left-as-wt5	corpus	retain	skip	6	457.316	408	2.28967E-05	0	0	0	6.66293	87349
U-wire-DualResponse-left-as-wt5	corpus	retain	noop	6	156.539	0	0	0	0	0	0	250954
U-wire-DualResponse-left-as-wt5	corpus	retain	parse	6	134.533	0	0	0	0	0	0	292151
U-wire-DualResponse-left-as-wt5	corpus	retain	parsev	6	163.653	0	0	0	0	0	0	194204
U-wire-DualResponse-left-as-wt5	corpus	drop	ref	1	518.433	536	2.62671E-05	0	0	0	7.26284	76141
U-wire-DualResponse-left-as-wt5	corpus	drop	skip	1	425.573	376	2.82438E-05	0	0	0	6.55256	70812
U-wire-DualResponse-left-as-wt5	corpus	drop	noop	1	192.674	0	0	0	0	0	0	207732
U-wire-DualResponse-left-as-wt5	corpus	drop	parse	1	166.818	0	0	0	0	0	0	240057
U-wire-DualResponse-left-as-wt5	corpus	drop	parsev	1	200.884	0	0	0	0	0	0	197127
U-wire-DualResponse-left-as-wt5	corpus	drop	pull	1	463.685	536	2.3161E-05	0	0	0	6.17241	86352
U-wire-DualResponse-left-as-wt5	corpus	drop	pparse	1	164.833	0	0	0	0	0	0	248619
U-wire-DualResponse-left-as-wt5	corpus	drop	touch	1	13.0218	0	0	0	0	0	0	2788915
U-wire-DualResponse-left-as-wt5	corpus	drop	strs	1	99.5474	160	9.9278E-06	0	0	0	2.29829	402909
U-wire-DualResponse-left-as-wt5	corpus	drop	host	1	299.696	536	3.17965E-05	0	0	0	6.50238	125800
U-wire-DualResponse-left-as-wt5	corpus	drop	hskip	1	204.885	376	2.01798E-05	0	0	0	4.30334	198218
U-wire-DualResponse-left-as-wt5	corpus	drop	inc	1	612.847	984	6.1717E-05	0	0	0	13.8092	64812
U-wire-DualResponse-left-as-wt5	corpus	drop	skip	2	394.144	376	2.82438E-05	0	0	0	6.42546	70812
U-wire-DualResponse-left-as-wt5	corpus	drop	noop	2	193.41	0	0	0	0	0	0	207732
U-wire-DualResponse-left-as-wt5	corpus	drop	parse	2	169.08	0	0	0	0	0	0	240057
U-wire-DualResponse-left-as-wt5	corpus	drop	parsev	2	202.651	0	0	0	0	0	0	197127
U-wire-DualResponse-left-as-wt5	corpus	drop	pull	2	472.91	536	2.3161E-05	0	0	0	6.42718	86352
U-wire-DualResponse-left-as-wt5	corpus	drop	pparse	2	158.896	0	0	0	0	0	0	248619
U-wire-DualResponse-left-as-wt5	corpus	drop	touch	2	13.0582	0	0	0	0	0	0	2788915
U-wire-DualResponse-left-as-wt5	corpus	drop	strs	2	102.75	160	9.9278E-06	0	0	0	2.37274	402909
U-wire-DualResponse-left-as-wt5	corpus	drop	host	2	311.272	536	3.17965E-05	0	0	0	8.05246	125800
U-wire-DualResponse-left-as-wt5	corpus	drop	hskip	2	208.09	376	2.01798E-05	0	0	0	5.28206	198218
U-wire-DualResponse-left-as-wt5	corpus	drop	inc	2	644.972	984	6.1717E-05	0	0	0	16.679	64812
U-wire-DualResponse-left-as-wt5	corpus	drop	ref	2	525.879	536	2.62671E-05	0	0	0	6.64557	76141
U-wire-DualResponse-left-as-wt5	corpus	drop	noop	3	197.646	0	0	0	0	0	0	207732
U-wire-DualResponse-left-as-wt5	corpus	drop	parse	3	172.101	0	0	0	0	0	0	240057
U-wire-DualResponse-left-as-wt5	corpus	drop	parsev	3	201.685	0	0	0	0	0	0	197127
U-wire-DualResponse-left-as-wt5	corpus	drop	pull	3	462.087	536	3.47415E-05	0	0	0	9.11386	86352
U-wire-DualResponse-left-as-wt5	corpus	drop	pparse	3	160.929	0	0	0	0	0	0	248619
U-wire-DualResponse-left-as-wt5	corpus	drop	touch	3	13.1136	0	0	0	0	0	0	2788915
U-wire-DualResponse-left-as-wt5	corpus	drop	strs	3	100.386	160	9.9278E-06	0	0	0	2.30077	402909
U-wire-DualResponse-left-as-wt5	corpus	drop	host	3	301.073	536	3.17965E-05	0	0	0	7.13831	125800
U-wire-DualResponse-left-as-wt5	corpus	drop	hskip	3	197.809	376	2.01798E-05	0	0	0	4.80279	198218
U-wire-DualResponse-left-as-wt5	corpus	drop	inc	3	626.156	984	6.1717E-05	0	0	0	14.8275	64812
U-wire-DualResponse-left-as-wt5	corpus	drop	ref	3	517.526	536	2.62671E-05	0	0	0	5.97576	76141
U-wire-DualResponse-left-as-wt5	corpus	drop	skip	3	396.516	376	1.41219E-05	0	0	0	3.91177	70812
U-wire-DualResponse-left-as-wt5	corpus	drop	parse	4	170.46	0	0	0	0	0	0	240057
U-wire-DualResponse-left-as-wt5	corpus	drop	parsev	4	202.394	0	0	0	0	0	0	197127
U-wire-DualResponse-left-as-wt5	corpus	drop	pull	4	463.94	536	3.47415E-05	0	0	0	9.79711	86352
U-wire-DualResponse-left-as-wt5	corpus	drop	pparse	4	159.593	0	0	0	0	0	0	248619
U-wire-DualResponse-left-as-wt5	corpus	drop	touch	4	12.9838	0	0	0	0	0	0	2788915
U-wire-DualResponse-left-as-wt5	corpus	drop	strs	4	107.131	160	9.9278E-06	0	0	0	2.78475	402909
U-wire-DualResponse-left-as-wt5	corpus	drop	host	4	303.185	536	3.17965E-05	0	0	0	8.07631	125800
U-wire-DualResponse-left-as-wt5	corpus	drop	hskip	4	201.477	376	2.01798E-05	0	0	0	4.51523	198218
U-wire-DualResponse-left-as-wt5	corpus	drop	inc	4	619.522	984	6.1717E-05	0	0	0	14.0098	64812
U-wire-DualResponse-left-as-wt5	corpus	drop	ref	4	521.199	536	2.62671E-05	0	0	0	7.0133	76141
U-wire-DualResponse-left-as-wt5	corpus	drop	skip	4	395.768	376	2.82438E-05	0	0	0	7.72468	70812
U-wire-DualResponse-left-as-wt5	corpus	drop	noop	4	193.227	0	0	0	0	0	0	207732
U-wire-DualResponse-left-as-wt5	corpus	drop	parsev	5	199.861	0	0	0	0	0	0	197127
U-wire-DualResponse-left-as-wt5	corpus	drop	pull	5	457.801	536	2.3161E-05	0	0	0	5.90606	86352
U-wire-DualResponse-left-as-wt5	corpus	drop	pparse	5	158.505	0	0	0	0	0	0	248619
U-wire-DualResponse-left-as-wt5	corpus	drop	touch	5	12.9454	0	0	0	0	0	0	2788915
U-wire-DualResponse-left-as-wt5	corpus	drop	strs	5	100.263	160	9.9278E-06	0	0	0	2.37274	402909
U-wire-DualResponse-left-as-wt5	corpus	drop	host	5	302.767	536	3.17965E-05	0	0	0	6.89189	125800
U-wire-DualResponse-left-as-wt5	corpus	drop	hskip	5	198.093	376	2.01798E-05	0	0	0	4.98441	198218
U-wire-DualResponse-left-as-wt5	corpus	drop	inc	5	613.88	984	6.1717E-05	0	0	0	12.9297	64812
U-wire-DualResponse-left-as-wt5	corpus	drop	ref	5	515.661	536	2.62671E-05	0	0	0	6.01516	76141
U-wire-DualResponse-left-as-wt5	corpus	drop	skip	5	396.108	376	2.82438E-05	0	0	0	7.06095	70812
U-wire-DualResponse-left-as-wt5	corpus	drop	noop	5	193.453	0	0	0	0	0	0	207732
U-wire-DualResponse-left-as-wt5	corpus	drop	parse	5	169.882	0	0	0	0	0	0	240057
U-wire-DualResponse-left-as-wt5	corpus	drop	pull	6	462.133	536	3.47415E-05	0	0	0	9.78553	86352
U-wire-DualResponse-left-as-wt5	corpus	drop	pparse	6	159.665	0	0	0	0	0	0	248619
U-wire-DualResponse-left-as-wt5	corpus	drop	touch	6	13.0461	0	0	0	0	0	0	2788915
U-wire-DualResponse-left-as-wt5	corpus	drop	strs	6	99.8104	160	7.44585E-06	0	0	0	1.87635	402909
U-wire-DualResponse-left-as-wt5	corpus	drop	host	6	304.801	536	3.17965E-05	0	0	0	7.40859	125800
U-wire-DualResponse-left-as-wt5	corpus	drop	hskip	6	200.151	376	2.52248E-05	0	0	0	5.77647	198218
U-wire-DualResponse-left-as-wt5	corpus	drop	inc	6	619.177	984	4.62877E-05	0	0	0	11.3096	64812
U-wire-DualResponse-left-as-wt5	corpus	drop	ref	6	575.979	536	3.94006E-05	0	0	0	10.1916	76141
U-wire-DualResponse-left-as-wt5	corpus	drop	skip	6	393.502	376	1.41219E-05	0	0	0	3.95413	70812
U-wire-DualResponse-left-as-wt5	corpus	drop	noop	6	192.036	0	0	0	0	0	0	207732
U-wire-DualResponse-left-as-wt5	corpus	drop	parse	6	167.507	0	0	0	0	0	0	240057
U-wire-DualResponse-left-as-wt5	corpus	drop	parsev	6	199.638	0	0	0	0	0	0	197127
