# engine:         BenchmarkDotNet 0.15.8.0 (CAMPAIGN.md 22a), toolchain BDN's default, ONE CHILD PROCESS PER CASE (the campaign's native isolation, req 22a as amended e6c909630); process CPU per iteration from the child's clock reads, each pair checked against BDN's wall measurement; the JIT tier is NOT read back (the children's JIT events are not visible here), so the jit check below is vacuous in this mode, pinned by the runner
# grid:           core (CAMPAIGN section 4.0, D18; AK_CAMPAIGN_GRID=core): arms incumbent-prod (full build only), core-ffi and host-gen (retain in the full build, no-unknown in its build); encode-transport-hot (end state ii, one hot graph) and decode-read; the 16 shapes, P7.1 decode only; Latin-1 and wide on P2.2 only; U-* rows U-nested-before, U-deep-u-repeated, U-oneof-u-repeated, U-wire-ListTaskSummaryResponse-tasks-as-wt5, U-wire-UploadResultDataMessage-upload-as-wt5, U-wire-ListMetricsResponse-batches-as-wt0, U-wire-DualResponse-left-as-wt5 (encode-transport-hot and decode-read). Extras left out (AK_CAMPAIGN_GRID=full runs them): incumbent-best, core-ffi-pull, bare decode, encode at end state (i) and with a pool input, decode-reencode, the drop mode, the incumbent in the no-unknown build, content sets on P1.2 and P2.4, the other U-* rows timed (all stay in the correctness checks)
# allocator:      default (readback at process start: a 16 MiB malloc came from the mmapped (mallinfo2; the block kept, never freed); no heap pre-grow (owner, 2026-10-03): BDN's warm-up runs the real call path, and minflt per row shows whether it sufficed; under the default toolchain each child probes once, on its case's first row as alloc_probe; GLIBC_TUNABLES=unset; CAMPAIGN req 25 as amended 2026-10-03, D9: the main figures run glibc's default allocator as production does; the pinned pass (glibc.malloc.trim_threshold=268435456:glibc.malloc.mmap_threshold=33554432) is a labelled diagnostic; every row carries `alloc` and `minflt`, the process's minor page faults over the iteration (getrusage, read by the job's clock beside the CPU clock), so faults per call = minflt / iters)
# runtime:        .NET 8.0.31; TieredCompilation=default TieredPGO=default (net8.0 defaults unless set); GC server=False, concurrent (default)
# incumbent:      Google.Protobuf 3.32.0
# build:          full (WP5 step 10; the loaded core checked to be the same variant by its u-family exports)
# managed codec:  plan utf8=reject unknown=drop
# job:            launch 2; 6 actual iterations (rounds) per case, 25 warm-up iterations (the same for every case) after BDN's jitting stage (1 overhead + 1 workload jitting invocation per case, logged by BDN in the .bdn.log, not exported) and pilot, iteration time 40 ms (the pilot picks the invocation count per case), strategy Throughput, EvaluateOverhead=false (no overhead subtraction anywhere)
# clocks:         per iteration (every row with round >= 1): wall (Stopwatch) AND process CPU (CLOCK_PROCESS_CPUTIME_ID of this process: every thread, GC and JIT included; CAMPAIGN req 21 as amended, R-H25), both read by the job's clock (CpuClock, Job.WithClock) at the start and end of the same iteration window, exported RAW (no outlier removal, no overhead subtraction); BDN's forced GCs between iterations are outside the window; the round-0 row of each case is a summary of the whole actual stage (span_cpu_ns, span_wall_ns), not a sample
# threads:        thread pool min 2 worker / 1 IO, max 32767 worker / 1000 IO, 0 pool thread(s) now; 2 logical CPUs visible; the codec suite creates no core runtime (no RPC call is made); the timed loop runs on BDN's one thread
# encode:         CAMPAIGN req 11 (R-H29): dir encode = pool input + reused buffer; encode-hot = one graph + reused buffer; encode-transport = pool + the Grpc.Net form; encode-transport-hot = one graph + the Grpc.Net form. Reused buffer: incumbent-prod CalculateSize + WriteTo(IBufferWriter) and incumbent-best WriteTo(IBufferWriter) into one BufWriter, host-gen into its one Enc, core-ffi into the core's encode buffer (ak_encode_*/ak_uencode_*; that buffer is also what cell C hands the core's transport, and host-gen's Enc what cell E hands it, so their transport forms on the core's transport ARE the buffer rows). Grpc.Net form (cells A, F, D): the serializer the RPC grid's marshaller runs (RootOps.SerInc/SerHost/SerFfi), into a frame like Grpc.Net.Client 2.71's GrpcCallSerializationContext: one ArrayPool array, the 5-byte gRPC header, the body, the array returned after (GrpcFrame.cs); incumbent-best has no gRPC path and no transport row. Pool: distinct graphs built in the case's setup whose RETAINED heap is >= 28835840 bytes (2 x AK_LLC_BYTES, default 13.75 MB; AK_POOL_BYTES overrides; per row pool_graphs and pool_bytes), round robin one graph per call; a hot input is a pool of one (the same Next() per call); graph construction is never in the timed window
# U-* rows:       CAMPAIGN req 7 (R-H27): the 92 accepted, non-disputed U-* rows at the shapes core's 7 ABI roots, through this timed shapes core: encode-hot (a graph the arm decoded from the row, untimed; retain arms re-emit the unknown fields, drop arms the dropped form), decode, decode-read, and decode-reencode (a labelled extra; no incumbent-best row)
# content sets:   CAMPAIGN req 7 (R-H26): ascii, latin1 and wide on P1.2, P2.2, P2.4; ascii only elsewhere
# order:          seeded shuffles (below); ratios, where the aggregation forms them, come from per-launch medians (CAMPAIGN req 30): every unit is its own process
# process unit:   all cases; this launch's unit order: core-ffi:drop, core-ffi:retain (a seeded shuffle, seed 15838; within this process the cases run in a seeded shuffle too, seed 209458, the 2 prime cases first; requirement 22 as amended, R-H23)
# warm-up:        BenchmarkDotNet's own, per case: its jitting stage, pilot and the warm-up iterations of the job line (req 24; WP9 addendum: no hand-written pre-warm and no settle wait; the 2 prime cases below are BDN cases); the JIT tier is read back per case and a case that measured hot code at tier 0 fails the unit outside --smoke (the jit check below)
# correctness:    4516 pre-timing checks passed (byte identity of every encode arm per payload and content set; every arm accepts every unknown row; on every unknown row core-ffi retain and host-gen retain re-encode to the incumbent's bytes, i.e. the unknown fields are kept: requirement 10)
# cases:          30 exported, after 2 prime case(s) run first and not exported (copies of the first cases, content "prime"): BDN cases like any other, kept because without them the first case of a process measures BDN's own first-touched runtime helpers (SpanHelpers.Fill) at tier 0 (JOURNAL 51, 62)
# strings:        D21 string encode path AK_STR_ENC=E1C (K 64) (E0 .NET UTF-8 into native staging + ak_tc_bytes; E1 the string pinned + ak_tc_utf16; E2 the C# transcoder callback into the core's buffer; ETH:<n> E1 from n UTF-16 units, E0 below); Cases.Verify checks every path's bytes
# memory:         AK_BDN_MEMORY=1: BenchmarkDotNet's MemoryDiagnoser (an exploration switch, not a campaign setting): one extra workload iteration per case AFTER the actual stage, at the actual stage's invocation count, outside the job's clock (no exported sample is affected); on each case's first sample row mem_alloc_bytes_per_op (GC.GetTotalAllocatedBytes(precise), every thread, divided by its operations), mem_gen = [gen0, gen1, gen2] collections during it, mem_ops its operations, mem_alloc_bytes its total
# cpus:           this process: 2 CPU(s) in its affinity mask (sched_getaffinity), Environment.ProcessorCount 2; single-CPU guard (JOURNAL 73): a timed process (host or BDN child) with ONE CPU is refused unless AK_ALLOW_SINGLE_CPU=1 (here: unset); each case's first row carries cpus_affinity, cpus_runtime and single_cpu_override as its own process saw them
// Validating benchmarks:
// ***** BenchmarkRunner: Start   *****
// ***** Found 32 benchmark(s) in total *****
// ***** Building 1 exe(s) in Parallel: Start   *****
Unable to find .sln or .csproj file. Will use current directory /home/user/ArmoniK.Api/ffi/poc/csharp to search for project file. If you don't use .sln file on purpose it should not be a problem.
// start dotnet  restore --nodeReuse:false /p:UseSharedCompilation=false /p:Deterministic=true /p:Optimize=true /p:ArtifactsPath="/home/user/ArmoniK.Api/ffi/poc/csharp/src/BenchDotNet/bin/Release/net8.0/BenchDotNet-campaign-1/" /p:OutDir="/home/user/ArmoniK.Api/ffi/poc/csharp/src/BenchDotNet/bin/Release/net8.0/BenchDotNet-campaign-1/bin/Release/net8.0/" /p:OutputPath="/home/user/ArmoniK.Api/ffi/poc/csharp/src/BenchDotNet/bin/Release/net8.0/BenchDotNet-campaign-1/bin/Release/net8.0/" /p:PublishDir="/home/user/ArmoniK.Api/ffi/poc/csharp/src/BenchDotNet/bin/Release/net8.0/BenchDotNet-campaign-1/publish/" in /home/user/ArmoniK.Api/ffi/poc/csharp/src/BenchDotNet/bin/Release/net8.0/BenchDotNet-campaign-1
// command took 2.16 sec and exited with 0
// start dotnet  build -c Release --no-restore --nodeReuse:false /p:UseSharedCompilation=false /p:Deterministic=true /p:Optimize=true /p:ArtifactsPath="/home/user/ArmoniK.Api/ffi/poc/csharp/src/BenchDotNet/bin/Release/net8.0/BenchDotNet-campaign-1/" /p:OutDir="/home/user/ArmoniK.Api/ffi/poc/csharp/src/BenchDotNet/bin/Release/net8.0/BenchDotNet-campaign-1/bin/Release/net8.0/" /p:OutputPath="/home/user/ArmoniK.Api/ffi/poc/csharp/src/BenchDotNet/bin/Release/net8.0/BenchDotNet-campaign-1/bin/Release/net8.0/" /p:PublishDir="/home/user/ArmoniK.Api/ffi/poc/csharp/src/BenchDotNet/bin/Release/net8.0/BenchDotNet-campaign-1/publish/" --output "/home/user/ArmoniK.Api/ffi/poc/csharp/src/BenchDotNet/bin/Release/net8.0/BenchDotNet-campaign-1/bin/Release/net8.0/" in /home/user/ArmoniK.Api/ffi/poc/csharp/src/BenchDotNet/bin/Release/net8.0/BenchDotNet-campaign-1
// command took 17.25 sec and exited with 0
// ***** Done, took 00:00:19 (19.51 sec)   *****
// Found 32 benchmarks:
//   CodecSuite.Run: campaign(EvaluateOverhead=False, Clock=Armonik.Ffi.Bdn.CpuClock, IterationCount=6, IterationTime=40ms, LaunchCount=1, RunStrategy=Throughput, WarmupCount=25) [Case=core-(...)etain [42]]
//   CodecSuite.Run: campaign(EvaluateOverhead=False, Clock=Armonik.Ffi.Bdn.CpuClock, IterationCount=6, IterationTime=40ms, LaunchCount=1, RunStrategy=Throughput, WarmupCount=25) [Case=core-(...)|drop [40]]
//   CodecSuite.Run: campaign(EvaluateOverhead=False, Clock=Armonik.Ffi.Bdn.CpuClock, IterationCount=6, IterationTime=40ms, LaunchCount=1, RunStrategy=Throughput, WarmupCount=25) [Case=core-(...)etain [80]]
//   CodecSuite.Run: campaign(EvaluateOverhead=False, Clock=Armonik.Ffi.Bdn.CpuClock, IterationCount=6, IterationTime=40ms, LaunchCount=1, RunStrategy=Throughput, WarmupCount=25) [Case=core-(...)etain [42]]
//   CodecSuite.Run: campaign(EvaluateOverhead=False, Clock=Armonik.Ffi.Bdn.CpuClock, IterationCount=6, IterationTime=40ms, LaunchCount=1, RunStrategy=Throughput, WarmupCount=25) [Case=core-(...)etain [70]]
//   CodecSuite.Run: campaign(EvaluateOverhead=False, Clock=Armonik.Ffi.Bdn.CpuClock, IterationCount=6, IterationTime=40ms, LaunchCount=1, RunStrategy=Throughput, WarmupCount=25) [Case=core-(...)etain [41]]
//   CodecSuite.Run: campaign(EvaluateOverhead=False, Clock=Armonik.Ffi.Bdn.CpuClock, IterationCount=6, IterationTime=40ms, LaunchCount=1, RunStrategy=Throughput, WarmupCount=25) [Case=core-(...)etain [43]]
//   CodecSuite.Run: campaign(EvaluateOverhead=False, Clock=Armonik.Ffi.Bdn.CpuClock, IterationCount=6, IterationTime=40ms, LaunchCount=1, RunStrategy=Throughput, WarmupCount=25) [Case=core-(...)etain [57]]
//   CodecSuite.Run: campaign(EvaluateOverhead=False, Clock=Armonik.Ffi.Bdn.CpuClock, IterationCount=6, IterationTime=40ms, LaunchCount=1, RunStrategy=Throughput, WarmupCount=25) [Case=core-(...)etain [82]]
//   CodecSuite.Run: campaign(EvaluateOverhead=False, Clock=Armonik.Ffi.Bdn.CpuClock, IterationCount=6, IterationTime=40ms, LaunchCount=1, RunStrategy=Throughput, WarmupCount=25) [Case=core-(...)etain [42]]
//   CodecSuite.Run: campaign(EvaluateOverhead=False, Clock=Armonik.Ffi.Bdn.CpuClock, IterationCount=6, IterationTime=40ms, LaunchCount=1, RunStrategy=Throughput, WarmupCount=25) [Case=core-(...)|drop [40]]
//   CodecSuite.Run: campaign(EvaluateOverhead=False, Clock=Armonik.Ffi.Bdn.CpuClock, IterationCount=6, IterationTime=40ms, LaunchCount=1, RunStrategy=Throughput, WarmupCount=25) [Case=core-(...)|drop [40]]
//   CodecSuite.Run: campaign(EvaluateOverhead=False, Clock=Armonik.Ffi.Bdn.CpuClock, IterationCount=6, IterationTime=40ms, LaunchCount=1, RunStrategy=Throughput, WarmupCount=25) [Case=core-(...)|drop [68]]
//   CodecSuite.Run: campaign(EvaluateOverhead=False, Clock=Armonik.Ffi.Bdn.CpuClock, IterationCount=6, IterationTime=40ms, LaunchCount=1, RunStrategy=Throughput, WarmupCount=25) [Case=core-(...)|drop [39]]
//   CodecSuite.Run: campaign(EvaluateOverhead=False, Clock=Armonik.Ffi.Bdn.CpuClock, IterationCount=6, IterationTime=40ms, LaunchCount=1, RunStrategy=Throughput, WarmupCount=25) [Case=core-(...)|drop [40]]
//   CodecSuite.Run: campaign(EvaluateOverhead=False, Clock=Armonik.Ffi.Bdn.CpuClock, IterationCount=6, IterationTime=40ms, LaunchCount=1, RunStrategy=Throughput, WarmupCount=25) [Case=core-(...)|drop [55]]
//   CodecSuite.Run: campaign(EvaluateOverhead=False, Clock=Armonik.Ffi.Bdn.CpuClock, IterationCount=6, IterationTime=40ms, LaunchCount=1, RunStrategy=Throughput, WarmupCount=25) [Case=core-(...)etain [42]]
//   CodecSuite.Run: campaign(EvaluateOverhead=False, Clock=Armonik.Ffi.Bdn.CpuClock, IterationCount=6, IterationTime=40ms, LaunchCount=1, RunStrategy=Throughput, WarmupCount=25) [Case=core-(...)etain [54]]
//   CodecSuite.Run: campaign(EvaluateOverhead=False, Clock=Armonik.Ffi.Bdn.CpuClock, IterationCount=6, IterationTime=40ms, LaunchCount=1, RunStrategy=Throughput, WarmupCount=25) [Case=core-(...)|drop [40]]
//   CodecSuite.Run: campaign(EvaluateOverhead=False, Clock=Armonik.Ffi.Bdn.CpuClock, IterationCount=6, IterationTime=40ms, LaunchCount=1, RunStrategy=Throughput, WarmupCount=25) [Case=core-(...)etain [83]]
//   CodecSuite.Run: campaign(EvaluateOverhead=False, Clock=Armonik.Ffi.Bdn.CpuClock, IterationCount=6, IterationTime=40ms, LaunchCount=1, RunStrategy=Throughput, WarmupCount=25) [Case=core-(...)|drop [78]]
//   CodecSuite.Run: campaign(EvaluateOverhead=False, Clock=Armonik.Ffi.Bdn.CpuClock, IterationCount=6, IterationTime=40ms, LaunchCount=1, RunStrategy=Throughput, WarmupCount=25) [Case=core-(...)etain [56]]
//   CodecSuite.Run: campaign(EvaluateOverhead=False, Clock=Armonik.Ffi.Bdn.CpuClock, IterationCount=6, IterationTime=40ms, LaunchCount=1, RunStrategy=Throughput, WarmupCount=25) [Case=core-(...)|drop [81]]
//   CodecSuite.Run: campaign(EvaluateOverhead=False, Clock=Armonik.Ffi.Bdn.CpuClock, IterationCount=6, IterationTime=40ms, LaunchCount=1, RunStrategy=Throughput, WarmupCount=25) [Case=core-(...)|drop [54]]
//   CodecSuite.Run: campaign(EvaluateOverhead=False, Clock=Armonik.Ffi.Bdn.CpuClock, IterationCount=6, IterationTime=40ms, LaunchCount=1, RunStrategy=Throughput, WarmupCount=25) [Case=core-(...)|drop [40]]
//   CodecSuite.Run: campaign(EvaluateOverhead=False, Clock=Armonik.Ffi.Bdn.CpuClock, IterationCount=6, IterationTime=40ms, LaunchCount=1, RunStrategy=Throughput, WarmupCount=25) [Case=core-(...)|drop [40]]
//   CodecSuite.Run: campaign(EvaluateOverhead=False, Clock=Armonik.Ffi.Bdn.CpuClock, IterationCount=6, IterationTime=40ms, LaunchCount=1, RunStrategy=Throughput, WarmupCount=25) [Case=core-(...)|drop [80]]
//   CodecSuite.Run: campaign(EvaluateOverhead=False, Clock=Armonik.Ffi.Bdn.CpuClock, IterationCount=6, IterationTime=40ms, LaunchCount=1, RunStrategy=Throughput, WarmupCount=25) [Case=core-(...)|drop [52]]
//   CodecSuite.Run: campaign(EvaluateOverhead=False, Clock=Armonik.Ffi.Bdn.CpuClock, IterationCount=6, IterationTime=40ms, LaunchCount=1, RunStrategy=Throughput, WarmupCount=25) [Case=core-(...)etain [42]]
//   CodecSuite.Run: campaign(EvaluateOverhead=False, Clock=Armonik.Ffi.Bdn.CpuClock, IterationCount=6, IterationTime=40ms, LaunchCount=1, RunStrategy=Throughput, WarmupCount=25) [Case=core-(...)etain [42]]
//   CodecSuite.Run: campaign(EvaluateOverhead=False, Clock=Armonik.Ffi.Bdn.CpuClock, IterationCount=6, IterationTime=40ms, LaunchCount=1, RunStrategy=Throughput, WarmupCount=25) [Case=core-(...)etain [42]]
//   CodecSuite.Run: campaign(EvaluateOverhead=False, Clock=Armonik.Ffi.Bdn.CpuClock, IterationCount=6, IterationTime=40ms, LaunchCount=1, RunStrategy=Throughput, WarmupCount=25) [Case=core-(...)|drop [41]]

// **************************
// Benchmark: CodecSuite.Run: campaign(EvaluateOverhead=False, Clock=Armonik.Ffi.Bdn.CpuClock, IterationCount=6, IterationTime=40ms, LaunchCount=1, RunStrategy=Throughput, WarmupCount=25) [Case=core-(...)etain [42]]
// *** Execute ***
// Launch: 1 / 1
// Execute: dotnet BenchDotNet-campaign-1.dll --anonymousPipes 111 112 --benchmarkName "Armonik.Ffi.Bdn.CodecSuite.Run(Case: \"core-ffi|encode-core-hot|P1.2|prime|retain\")" --job campaign --benchmarkId 0 in /home/user/ArmoniK.Api/ffi/poc/csharp/src/BenchDotNet/bin/Release/net8.0/BenchDotNet-campaign-1/bin/Release/net8.0
// BeforeAnythingElse

// Benchmark Process Environment Information:
// BenchmarkDotNet v0.15.8
// Runtime=.NET 8.0.31 (8.0.31, 8.0.3126.42015), X64 RyuJIT x86-64-v4
// GC=Concurrent Workstation
// HardwareIntrinsics=AVX512 F+BW+CD+DQ+VL,AVX2+BMI1+BMI2+F16C+FMA+LZCNT+MOVBE,AVX,SSE3+SSSE3+SSE4.1+SSE4.2+POPCNT,X86Base+SSE+SSE2,AES+PCLMUL VectorSize=256
// Job: campaign(EvaluateOverhead=False, Clock=Armonik.Ffi.Bdn.CpuClock, IterationCount=6, IterationTime=40ms, LaunchCount=1, RunStrategy=Throughput, WarmupCount=25)

OverheadJitting  1: 1 op, 286085.00 ns, 286.0850 us/op
WorkloadJitting  1: 1 op, 13341517.00 ns, 13.3415 ms/op

WorkloadPilot    1: 4 op, 18429128.00 ns, 4.6073 ms/op
WorkloadPilot    2: 9 op, 36391920.00 ns, 4.0435 ms/op

WorkloadWarmup   1: 9 op, 23577562.00 ns, 2.6197 ms/op
WorkloadWarmup   2: 9 op, 23955314.00 ns, 2.6617 ms/op
WorkloadWarmup   3: 9 op, 23371755.00 ns, 2.5969 ms/op
WorkloadWarmup   4: 9 op, 23970994.00 ns, 2.6634 ms/op
WorkloadWarmup   5: 9 op, 23615092.00 ns, 2.6239 ms/op
WorkloadWarmup   6: 9 op, 23403342.00 ns, 2.6004 ms/op
WorkloadWarmup   7: 9 op, 20388809.00 ns, 2.2654 ms/op
WorkloadWarmup   8: 9 op, 8191164.00 ns, 910.1293 us/op
WorkloadWarmup   9: 9 op, 6988462.00 ns, 776.4958 us/op
WorkloadWarmup  10: 9 op, 6829454.00 ns, 758.8282 us/op
WorkloadWarmup  11: 9 op, 6824094.00 ns, 758.2327 us/op
WorkloadWarmup  12: 9 op, 9415396.00 ns, 1.0462 ms/op
WorkloadWarmup  13: 9 op, 7118235.00 ns, 790.9150 us/op
WorkloadWarmup  14: 9 op, 7220719.00 ns, 802.3021 us/op
WorkloadWarmup  15: 9 op, 6837140.00 ns, 759.6822 us/op
WorkloadWarmup  16: 9 op, 6706509.00 ns, 745.1677 us/op
WorkloadWarmup  17: 9 op, 6606968.00 ns, 734.1076 us/op
WorkloadWarmup  18: 9 op, 6628912.00 ns, 736.5458 us/op
WorkloadWarmup  19: 9 op, 6583326.00 ns, 731.4807 us/op
WorkloadWarmup  20: 9 op, 6578887.00 ns, 730.9874 us/op
WorkloadWarmup  21: 9 op, 6612708.00 ns, 734.7453 us/op
WorkloadWarmup  22: 9 op, 6675210.00 ns, 741.6900 us/op
WorkloadWarmup  23: 9 op, 6667536.00 ns, 740.8373 us/op
WorkloadWarmup  24: 9 op, 6764834.00 ns, 751.6482 us/op
WorkloadWarmup  25: 9 op, 6681427.00 ns, 742.3808 us/op

// BeforeActualRun
WorkloadActual   1: 9 op, 6859030.00 ns, 762.1144 us/op
WorkloadActual   2: 9 op, 6906157.00 ns, 767.3508 us/op
WorkloadActual   3: 9 op, 6959943.00 ns, 773.3270 us/op
WorkloadActual   4: 9 op, 8336106.00 ns, 926.2340 us/op
WorkloadActual   5: 9 op, 6581292.00 ns, 731.2547 us/op
WorkloadActual   6: 9 op, 6644971.00 ns, 738.3301 us/op

// AfterActualRun
WorkloadResult   1: 9 op, 6859030.00 ns, 762.1144 us/op
WorkloadResult   2: 9 op, 6906157.00 ns, 767.3508 us/op
WorkloadResult   3: 9 op, 6959943.00 ns, 773.3270 us/op
WorkloadResult   4: 9 op, 6581292.00 ns, 731.2547 us/op
WorkloadResult   5: 9 op, 6644971.00 ns, 738.3301 us/op
// GC:  0 0 0 0 9
// Threading:  0 0 9

// AfterAll
// Benchmark Process 18609 has exited with code 0.

Mean = 754.475 us, StdErr = 8.305 us (1.10%), N = 5, StdDev = 18.570 us
Min = 731.255 us, Q1 = 738.330 us, Median = 762.114 us, Q3 = 767.351 us, Max = 773.327 us
IQR = 29.021 us, LowerFence = 694.799 us, UpperFence = 810.882 us
ConfidenceInterval = [682.969 us; 825.982 us] (CI 99.9%), Margin = 71.507 us (9.48% of Mean)
Skewness = -0.23, Kurtosis = 0.87, MValue = 2

// ** Remained 31 (96.9 %) benchmark(s) to run. Estimated finish 2026-10-05 3:42 (0h 0m from now) **
// **************************
// Benchmark: CodecSuite.Run: campaign(EvaluateOverhead=False, Clock=Armonik.Ffi.Bdn.CpuClock, IterationCount=6, IterationTime=40ms, LaunchCount=1, RunStrategy=Throughput, WarmupCount=25) [Case=core-(...)|drop [40]]
// *** Execute ***
// Launch: 1 / 1
// Execute: dotnet BenchDotNet-campaign-1.dll --anonymousPipes 111 112 --benchmarkName "Armonik.Ffi.Bdn.CodecSuite.Run(Case: \"core-ffi|encode-core-hot|P1.2|prime|drop\")" --job campaign --benchmarkId 1 in /home/user/ArmoniK.Api/ffi/poc/csharp/src/BenchDotNet/bin/Release/net8.0/BenchDotNet-campaign-1/bin/Release/net8.0
// BeforeAnythingElse

// Benchmark Process Environment Information:
// BenchmarkDotNet v0.15.8
// Runtime=.NET 8.0.31 (8.0.31, 8.0.3126.42015), X64 RyuJIT x86-64-v4
// GC=Concurrent Workstation
// HardwareIntrinsics=AVX512 F+BW+CD+DQ+VL,AVX2+BMI1+BMI2+F16C+FMA+LZCNT+MOVBE,AVX,SSE3+SSSE3+SSE4.1+SSE4.2+POPCNT,X86Base+SSE+SSE2,AES+PCLMUL VectorSize=256
// Job: campaign(EvaluateOverhead=False, Clock=Armonik.Ffi.Bdn.CpuClock, IterationCount=6, IterationTime=40ms, LaunchCount=1, RunStrategy=Throughput, WarmupCount=25)

OverheadJitting  1: 1 op, 267387.00 ns, 267.3870 us/op
WorkloadJitting  1: 1 op, 10531112.00 ns, 10.5311 ms/op

WorkloadPilot    1: 4 op, 10997096.00 ns, 2.7493 ms/op
WorkloadPilot    2: 15 op, 42138442.00 ns, 2.8092 ms/op

WorkloadWarmup   1: 15 op, 38865650.00 ns, 2.5910 ms/op
WorkloadWarmup   2: 15 op, 39192564.00 ns, 2.6128 ms/op
WorkloadWarmup   3: 15 op, 38779086.00 ns, 2.5853 ms/op
WorkloadWarmup   4: 15 op, 39751115.00 ns, 2.6501 ms/op
WorkloadWarmup   5: 15 op, 41192175.00 ns, 2.7461 ms/op
WorkloadWarmup   6: 15 op, 11745604.00 ns, 783.0403 us/op
WorkloadWarmup   7: 15 op, 12810349.00 ns, 854.0233 us/op
WorkloadWarmup   8: 15 op, 14809142.00 ns, 987.2761 us/op
WorkloadWarmup   9: 15 op, 17168888.00 ns, 1.1446 ms/op
WorkloadWarmup  10: 15 op, 11272152.00 ns, 751.4768 us/op
WorkloadWarmup  11: 15 op, 11033525.00 ns, 735.5683 us/op
WorkloadWarmup  12: 15 op, 10984153.00 ns, 732.2769 us/op
WorkloadWarmup  13: 15 op, 15084313.00 ns, 1.0056 ms/op
WorkloadWarmup  14: 15 op, 11050988.00 ns, 736.7325 us/op
WorkloadWarmup  15: 15 op, 10719749.00 ns, 714.6499 us/op
WorkloadWarmup  16: 15 op, 10824607.00 ns, 721.6405 us/op
WorkloadWarmup  17: 15 op, 11074122.00 ns, 738.2748 us/op
WorkloadWarmup  18: 15 op, 10843317.00 ns, 722.8878 us/op
WorkloadWarmup  19: 15 op, 10827758.00 ns, 721.8505 us/op
WorkloadWarmup  20: 15 op, 10849323.00 ns, 723.2882 us/op
WorkloadWarmup  21: 15 op, 11154566.00 ns, 743.6377 us/op
WorkloadWarmup  22: 15 op, 11068968.00 ns, 737.9312 us/op
WorkloadWarmup  23: 15 op, 11273864.00 ns, 751.5909 us/op
WorkloadWarmup  24: 15 op, 11057255.00 ns, 737.1503 us/op
WorkloadWarmup  25: 15 op, 11419642.00 ns, 761.3095 us/op

// BeforeActualRun
WorkloadActual   1: 15 op, 11341199.00 ns, 756.0799 us/op
WorkloadActual   2: 15 op, 11559283.00 ns, 770.6189 us/op
WorkloadActual   3: 15 op, 11004866.00 ns, 733.6577 us/op
WorkloadActual   4: 15 op, 11257995.00 ns, 750.5330 us/op
WorkloadActual   5: 15 op, 10917504.00 ns, 727.8336 us/op
WorkloadActual   6: 15 op, 10911555.00 ns, 727.4370 us/op

// AfterActualRun
WorkloadResult   1: 15 op, 11341199.00 ns, 756.0799 us/op
WorkloadResult   2: 15 op, 11559283.00 ns, 770.6189 us/op
WorkloadResult   3: 15 op, 11004866.00 ns, 733.6577 us/op
WorkloadResult   4: 15 op, 11257995.00 ns, 750.5330 us/op
WorkloadResult   5: 15 op, 10917504.00 ns, 727.8336 us/op
WorkloadResult   6: 15 op, 10911555.00 ns, 727.4370 us/op
// GC:  0 0 0 0 15
// Threading:  0 0 15

// AfterAll
// Benchmark Process 18619 has exited with code 0.

Mean = 744.360 us, StdErr = 7.162 us (0.96%), N = 6, StdDev = 17.544 us
Min = 727.437 us, Q1 = 729.290 us, Median = 742.095 us, Q3 = 754.693 us, Max = 770.619 us
IQR = 25.404 us, LowerFence = 691.184 us, UpperFence = 792.799 us
ConfidenceInterval = [695.162 us; 793.558 us] (CI 99.9%), Margin = 49.198 us (6.61% of Mean)
Skewness = 0.29, Kurtosis = 1.17, MValue = 2

// ** Remained 30 (93.8 %) benchmark(s) to run. Estimated finish 2026-10-05 3:42 (0h 0m from now) **
// **************************
// Benchmark: CodecSuite.Run: campaign(EvaluateOverhead=False, Clock=Armonik.Ffi.Bdn.CpuClock, IterationCount=6, IterationTime=40ms, LaunchCount=1, RunStrategy=Throughput, WarmupCount=25) [Case=core-(...)etain [80]]
// *** Execute ***
// Launch: 1 / 1
// Execute: dotnet BenchDotNet-campaign-1.dll --anonymousPipes 111 112 --benchmarkName "Armonik.Ffi.Bdn.CodecSuite.Run(Case: \"core-ffi|encode-core-hot|U-wire-ListMetricsResponse-batches-as-wt0|corpus|retain\")" --job campaign --benchmarkId 2 in /home/user/ArmoniK.Api/ffi/poc/csharp/src/BenchDotNet/bin/Release/net8.0/BenchDotNet-campaign-1/bin/Release/net8.0
// BeforeAnythingElse

// Benchmark Process Environment Information:
// BenchmarkDotNet v0.15.8
// Runtime=.NET 8.0.31 (8.0.31, 8.0.3126.42015), X64 RyuJIT x86-64-v4
// GC=Concurrent Workstation
// HardwareIntrinsics=AVX512 F+BW+CD+DQ+VL,AVX2+BMI1+BMI2+F16C+FMA+LZCNT+MOVBE,AVX,SSE3+SSSE3+SSE4.1+SSE4.2+POPCNT,X86Base+SSE+SSE2,AES+PCLMUL VectorSize=256
// Job: campaign(EvaluateOverhead=False, Clock=Armonik.Ffi.Bdn.CpuClock, IterationCount=6, IterationTime=40ms, LaunchCount=1, RunStrategy=Throughput, WarmupCount=25)

OverheadJitting  1: 1 op, 226508.00 ns, 226.5080 us/op
WorkloadJitting  1: 1 op, 7756142.00 ns, 7.7561 ms/op

WorkloadPilot    1: 4 op, 48177.00 ns, 12.0443 us/op
WorkloadPilot    2: 3321 op, 22706289.00 ns, 6.8372 us/op
WorkloadPilot    3: 5850 op, 38512908.00 ns, 6.5834 us/op
WorkloadPilot    4: 6076 op, 39656894.00 ns, 6.5268 us/op
WorkloadPilot    5: 6129 op, 39185270.00 ns, 6.3934 us/op
WorkloadPilot    6: 6256 op, 35590956.00 ns, 5.6891 us/op
WorkloadPilot    7: 7031 op, 12055322.00 ns, 1.7146 us/op
WorkloadPilot    8: 23329 op, 38797307.00 ns, 1.6631 us/op
WorkloadPilot    9: 24052 op, 46141121.00 ns, 1.9184 us/op
WorkloadPilot   10: 20851 op, 35705631.00 ns, 1.7124 us/op
WorkloadPilot   11: 23359 op, 39331371.00 ns, 1.6838 us/op
WorkloadPilot   12: 23756 op, 42112633.00 ns, 1.7727 us/op
WorkloadPilot   13: 22564 op, 36636251.00 ns, 1.6237 us/op
WorkloadPilot   14: 24636 op, 39371845.00 ns, 1.5981 us/op
WorkloadPilot   15: 25029 op, 40839191.00 ns, 1.6317 us/op

WorkloadWarmup   1: 25029 op, 41297979.00 ns, 1.6500 us/op
WorkloadWarmup   2: 25029 op, 40086276.00 ns, 1.6016 us/op
WorkloadWarmup   3: 25029 op, 42217983.00 ns, 1.6868 us/op
WorkloadWarmup   4: 25029 op, 41037981.00 ns, 1.6396 us/op
WorkloadWarmup   5: 25029 op, 42890662.00 ns, 1.7136 us/op
WorkloadWarmup   6: 25029 op, 41656421.00 ns, 1.6643 us/op
WorkloadWarmup   7: 25029 op, 46828074.00 ns, 1.8710 us/op
WorkloadWarmup   8: 25029 op, 41621367.00 ns, 1.6629 us/op
WorkloadWarmup   9: 25029 op, 42133918.00 ns, 1.6834 us/op
WorkloadWarmup  10: 25029 op, 45326357.00 ns, 1.8110 us/op
WorkloadWarmup  11: 25029 op, 45094364.00 ns, 1.8017 us/op
WorkloadWarmup  12: 25029 op, 40749806.00 ns, 1.6281 us/op
WorkloadWarmup  13: 25029 op, 49726527.00 ns, 1.9868 us/op
WorkloadWarmup  14: 25029 op, 47348533.00 ns, 1.8917 us/op
WorkloadWarmup  15: 25029 op, 40905932.00 ns, 1.6343 us/op
WorkloadWarmup  16: 25029 op, 44684193.00 ns, 1.7853 us/op
WorkloadWarmup  17: 25029 op, 44659055.00 ns, 1.7843 us/op
WorkloadWarmup  18: 25029 op, 40979552.00 ns, 1.6373 us/op
WorkloadWarmup  19: 25029 op, 41418587.00 ns, 1.6548 us/op
WorkloadWarmup  20: 25029 op, 55575805.00 ns, 2.2205 us/op
WorkloadWarmup  21: 25029 op, 41931060.00 ns, 1.6753 us/op
WorkloadWarmup  22: 25029 op, 40447565.00 ns, 1.6160 us/op
WorkloadWarmup  23: 25029 op, 45060767.00 ns, 1.8003 us/op
WorkloadWarmup  24: 25029 op, 41438762.00 ns, 1.6556 us/op
WorkloadWarmup  25: 25029 op, 42885734.00 ns, 1.7134 us/op

// BeforeActualRun
WorkloadActual   1: 25029 op, 41294048.00 ns, 1.6498 us/op
WorkloadActual   2: 25029 op, 40416766.00 ns, 1.6148 us/op
WorkloadActual   3: 25029 op, 40735570.00 ns, 1.6275 us/op
WorkloadActual   4: 25029 op, 40361588.00 ns, 1.6126 us/op
WorkloadActual   5: 25029 op, 39707437.00 ns, 1.5865 us/op
WorkloadActual   6: 25029 op, 39866437.00 ns, 1.5928 us/op

// AfterActualRun
WorkloadResult   1: 25029 op, 41294048.00 ns, 1.6498 us/op
WorkloadResult   2: 25029 op, 40416766.00 ns, 1.6148 us/op
WorkloadResult   3: 25029 op, 40735570.00 ns, 1.6275 us/op
WorkloadResult   4: 25029 op, 40361588.00 ns, 1.6126 us/op
WorkloadResult   5: 25029 op, 39707437.00 ns, 1.5865 us/op
WorkloadResult   6: 25029 op, 39866437.00 ns, 1.5928 us/op
// GC:  0 0 0 0 25029
// Threading:  0 0 25029

// AfterAll
// Benchmark Process 18628 has exited with code 0.

Mean = 1.614 us, StdErr = 0.009 us (0.59%), N = 6, StdDev = 0.023 us
Min = 1.586 us, Q1 = 1.598 us, Median = 1.614 us, Q3 = 1.624 us, Max = 1.650 us
IQR = 0.027 us, LowerFence = 1.558 us, UpperFence = 1.664 us
ConfidenceInterval = [1.549 us; 1.679 us] (CI 99.9%), Margin = 0.065 us (4.02% of Mean)
Skewness = 0.24, Kurtosis = 1.43, MValue = 2

// ** Remained 29 (90.6 %) benchmark(s) to run. Estimated finish 2026-10-05 3:42 (0h 0m from now) **
// **************************
// Benchmark: CodecSuite.Run: campaign(EvaluateOverhead=False, Clock=Armonik.Ffi.Bdn.CpuClock, IterationCount=6, IterationTime=40ms, LaunchCount=1, RunStrategy=Throughput, WarmupCount=25) [Case=core-(...)etain [42]]
// *** Execute ***
// Launch: 1 / 1
// Execute: dotnet BenchDotNet-campaign-1.dll --anonymousPipes 111 112 --benchmarkName "Armonik.Ffi.Bdn.CodecSuite.Run(Case: \"core-ffi|encode-core-hot|P2.4|ascii|retain\")" --job campaign --benchmarkId 3 in /home/user/ArmoniK.Api/ffi/poc/csharp/src/BenchDotNet/bin/Release/net8.0/BenchDotNet-campaign-1/bin/Release/net8.0
// BeforeAnythingElse

// Benchmark Process Environment Information:
// BenchmarkDotNet v0.15.8
// Runtime=.NET 8.0.31 (8.0.31, 8.0.3126.42015), X64 RyuJIT x86-64-v4
// GC=Concurrent Workstation
// HardwareIntrinsics=AVX512 F+BW+CD+DQ+VL,AVX2+BMI1+BMI2+F16C+FMA+LZCNT+MOVBE,AVX,SSE3+SSSE3+SSE4.1+SSE4.2+POPCNT,X86Base+SSE+SSE2,AES+PCLMUL VectorSize=256
// Job: campaign(EvaluateOverhead=False, Clock=Armonik.Ffi.Bdn.CpuClock, IterationCount=6, IterationTime=40ms, LaunchCount=1, RunStrategy=Throughput, WarmupCount=25)

OverheadJitting  1: 1 op, 246678.00 ns, 246.6780 us/op
WorkloadJitting  1: 1 op, 33780710.00 ns, 33.7807 ms/op

OverheadJitting  2: 1 op, 527.00 ns, 527.0000 ns/op
WorkloadJitting  2: 1 op, 22811700.00 ns, 22.8117 ms/op

WorkloadPilot    1: 4 op, 98074691.00 ns, 24.5187 ms/op
WorkloadPilot    2: 2 op, 31627664.00 ns, 15.8138 ms/op

WorkloadWarmup   1: 2 op, 31503517.00 ns, 15.7518 ms/op
WorkloadWarmup   2: 2 op, 31781024.00 ns, 15.8905 ms/op
WorkloadWarmup   3: 2 op, 32549511.00 ns, 16.2748 ms/op
WorkloadWarmup   4: 2 op, 18077960.00 ns, 9.0390 ms/op
WorkloadWarmup   5: 2 op, 6272579.00 ns, 3.1363 ms/op
WorkloadWarmup   6: 2 op, 6338571.00 ns, 3.1693 ms/op
WorkloadWarmup   7: 2 op, 5531932.00 ns, 2.7660 ms/op
WorkloadWarmup   8: 2 op, 7230198.00 ns, 3.6151 ms/op
WorkloadWarmup   9: 2 op, 6194882.00 ns, 3.0974 ms/op
WorkloadWarmup  10: 2 op, 6363393.00 ns, 3.1817 ms/op
WorkloadWarmup  11: 2 op, 7267128.00 ns, 3.6336 ms/op
WorkloadWarmup  12: 2 op, 6093191.00 ns, 3.0466 ms/op
WorkloadWarmup  13: 2 op, 10088543.00 ns, 5.0443 ms/op
WorkloadWarmup  14: 2 op, 6039728.00 ns, 3.0199 ms/op
WorkloadWarmup  15: 2 op, 5867395.00 ns, 2.9337 ms/op
WorkloadWarmup  16: 2 op, 5679200.00 ns, 2.8396 ms/op
WorkloadWarmup  17: 2 op, 5806954.00 ns, 2.9035 ms/op
WorkloadWarmup  18: 2 op, 5814002.00 ns, 2.9070 ms/op
WorkloadWarmup  19: 2 op, 5990670.00 ns, 2.9953 ms/op
WorkloadWarmup  20: 2 op, 6199114.00 ns, 3.0996 ms/op
WorkloadWarmup  21: 2 op, 5627718.00 ns, 2.8139 ms/op
WorkloadWarmup  22: 2 op, 5698955.00 ns, 2.8495 ms/op
WorkloadWarmup  23: 2 op, 5963103.00 ns, 2.9816 ms/op
WorkloadWarmup  24: 2 op, 5731036.00 ns, 2.8655 ms/op
WorkloadWarmup  25: 2 op, 5691844.00 ns, 2.8459 ms/op

// BeforeActualRun
WorkloadActual   1: 2 op, 6461619.00 ns, 3.2308 ms/op
WorkloadActual   2: 2 op, 6491702.00 ns, 3.2459 ms/op
WorkloadActual   3: 2 op, 6219781.00 ns, 3.1099 ms/op
WorkloadActual   4: 2 op, 5910051.00 ns, 2.9550 ms/op
WorkloadActual   5: 2 op, 6355915.00 ns, 3.1780 ms/op
WorkloadActual   6: 2 op, 5840139.00 ns, 2.9201 ms/op

// AfterActualRun
WorkloadResult   1: 2 op, 6461619.00 ns, 3.2308 ms/op
WorkloadResult   2: 2 op, 6491702.00 ns, 3.2459 ms/op
WorkloadResult   3: 2 op, 6219781.00 ns, 3.1099 ms/op
WorkloadResult   4: 2 op, 5910051.00 ns, 2.9550 ms/op
WorkloadResult   5: 2 op, 6355915.00 ns, 3.1780 ms/op
WorkloadResult   6: 2 op, 5840139.00 ns, 2.9201 ms/op
// GC:  0 0 0 0 2
// Threading:  0 0 2

// AfterAll
// Benchmark Process 18638 has exited with code 0.

Mean = 3.107 ms, StdErr = 0.057 ms (1.84%), N = 6, StdDev = 0.140 ms
Min = 2.920 ms, Q1 = 2.994 ms, Median = 3.144 ms, Q3 = 3.218 ms, Max = 3.246 ms
IQR = 0.224 ms, LowerFence = 2.658 ms, UpperFence = 3.553 ms
ConfidenceInterval = [2.715 ms; 3.499 ms] (CI 99.9%), Margin = 0.392 ms (12.62% of Mean)
Skewness = -0.3, Kurtosis = 1.04, MValue = 2

// ** Remained 28 (87.5 %) benchmark(s) to run. Estimated finish 2026-10-05 3:42 (0h 0m from now) **
// **************************
// Benchmark: CodecSuite.Run: campaign(EvaluateOverhead=False, Clock=Armonik.Ffi.Bdn.CpuClock, IterationCount=6, IterationTime=40ms, LaunchCount=1, RunStrategy=Throughput, WarmupCount=25) [Case=core-(...)etain [70]]
// *** Execute ***
// Launch: 1 / 1
// Execute: dotnet BenchDotNet-campaign-1.dll --anonymousPipes 111 112 --benchmarkName "Armonik.Ffi.Bdn.CodecSuite.Run(Case: \"core-ffi|encode-core-hot|U-wire-DualResponse-left-as-wt5|corpus|retain\")" --job campaign --benchmarkId 4 in /home/user/ArmoniK.Api/ffi/poc/csharp/src/BenchDotNet/bin/Release/net8.0/BenchDotNet-campaign-1/bin/Release/net8.0
// BeforeAnythingElse

// Benchmark Process Environment Information:
// BenchmarkDotNet v0.15.8
// Runtime=.NET 8.0.31 (8.0.31, 8.0.3126.42015), X64 RyuJIT x86-64-v4
// GC=Concurrent Workstation
// HardwareIntrinsics=AVX512 F+BW+CD+DQ+VL,AVX2+BMI1+BMI2+F16C+FMA+LZCNT+MOVBE,AVX,SSE3+SSSE3+SSE4.1+SSE4.2+POPCNT,X86Base+SSE+SSE2,AES+PCLMUL VectorSize=256
// Job: campaign(EvaluateOverhead=False, Clock=Armonik.Ffi.Bdn.CpuClock, IterationCount=6, IterationTime=40ms, LaunchCount=1, RunStrategy=Throughput, WarmupCount=25)

OverheadJitting  1: 1 op, 282028.00 ns, 282.0280 us/op
WorkloadJitting  1: 1 op, 6061525.00 ns, 6.0615 ms/op

WorkloadPilot    1: 4 op, 25859.00 ns, 6.4648 us/op
WorkloadPilot    2: 6187 op, 23748284.00 ns, 3.8384 us/op
WorkloadPilot    3: 10421 op, 36505412.00 ns, 3.5031 us/op
WorkloadPilot    4: 11419 op, 38813292.00 ns, 3.3990 us/op
WorkloadPilot    5: 11768 op, 41081099.00 ns, 3.4909 us/op
WorkloadPilot    6: 11458 op, 46120196.00 ns, 4.0252 us/op
WorkloadPilot    7: 9938 op, 11401403.00 ns, 1.1473 us/op
WorkloadPilot    8: 34866 op, 19388449.00 ns, 556.0847 ns/op
WorkloadPilot    9: 71931 op, 39628223.00 ns, 550.9200 ns/op
WorkloadPilot   10: 72606 op, 42107103.00 ns, 579.9397 ns/op

WorkloadWarmup   1: 72606 op, 40513340.00 ns, 557.9889 ns/op
WorkloadWarmup   2: 72606 op, 40808201.00 ns, 562.0500 ns/op
WorkloadWarmup   3: 72606 op, 40408669.00 ns, 556.5472 ns/op
WorkloadWarmup   4: 72606 op, 40295789.00 ns, 554.9925 ns/op
WorkloadWarmup   5: 72606 op, 39654558.00 ns, 546.1609 ns/op
WorkloadWarmup   6: 72606 op, 39657524.00 ns, 546.2017 ns/op
WorkloadWarmup   7: 72606 op, 39531422.00 ns, 544.4649 ns/op
WorkloadWarmup   8: 72606 op, 40027380.00 ns, 551.2958 ns/op
WorkloadWarmup   9: 72606 op, 42408227.00 ns, 584.0871 ns/op
WorkloadWarmup  10: 72606 op, 44456904.00 ns, 612.3034 ns/op
WorkloadWarmup  11: 72606 op, 42945900.00 ns, 591.4924 ns/op
WorkloadWarmup  12: 72606 op, 39909769.00 ns, 549.6759 ns/op
WorkloadWarmup  13: 72606 op, 39561517.00 ns, 544.8794 ns/op
WorkloadWarmup  14: 72606 op, 40164094.00 ns, 553.1787 ns/op
WorkloadWarmup  15: 72606 op, 39722767.00 ns, 547.1003 ns/op
WorkloadWarmup  16: 72606 op, 50854376.00 ns, 700.4156 ns/op
WorkloadWarmup  17: 72606 op, 40076581.00 ns, 551.9734 ns/op
WorkloadWarmup  18: 72606 op, 40692368.00 ns, 560.4546 ns/op
WorkloadWarmup  19: 72606 op, 40032301.00 ns, 551.3635 ns/op
WorkloadWarmup  20: 72606 op, 40670306.00 ns, 560.1508 ns/op
WorkloadWarmup  21: 72606 op, 40701039.00 ns, 560.5740 ns/op
WorkloadWarmup  22: 72606 op, 40875065.00 ns, 562.9709 ns/op
WorkloadWarmup  23: 72606 op, 40236605.00 ns, 554.1774 ns/op
WorkloadWarmup  24: 72606 op, 41229714.00 ns, 567.8555 ns/op
WorkloadWarmup  25: 72606 op, 42205392.00 ns, 581.2934 ns/op

// BeforeActualRun
WorkloadActual   1: 72606 op, 40511401.00 ns, 557.9622 ns/op
WorkloadActual   2: 72606 op, 42016670.00 ns, 578.6942 ns/op
WorkloadActual   3: 72606 op, 39591645.00 ns, 545.2944 ns/op
WorkloadActual   4: 72606 op, 39428510.00 ns, 543.0475 ns/op
WorkloadActual   5: 72606 op, 40748934.00 ns, 561.2337 ns/op
WorkloadActual   6: 72606 op, 41180708.00 ns, 567.1805 ns/op

// AfterActualRun
WorkloadResult   1: 72606 op, 40511401.00 ns, 557.9622 ns/op
WorkloadResult   2: 72606 op, 42016670.00 ns, 578.6942 ns/op
WorkloadResult   3: 72606 op, 39591645.00 ns, 545.2944 ns/op
WorkloadResult   4: 72606 op, 39428510.00 ns, 543.0475 ns/op
WorkloadResult   5: 72606 op, 40748934.00 ns, 561.2337 ns/op
WorkloadResult   6: 72606 op, 41180708.00 ns, 567.1805 ns/op
// GC:  0 0 0 0 72606
// Threading:  0 0 72606

// AfterAll
// Benchmark Process 18647 has exited with code 0.

Mean = 558.902 ns, StdErr = 5.487 ns (0.98%), N = 6, StdDev = 13.440 ns
Min = 543.048 ns, Q1 = 548.461 ns, Median = 559.598 ns, Q3 = 565.694 ns, Max = 578.694 ns
IQR = 17.232 ns, LowerFence = 522.613 ns, UpperFence = 591.543 ns
ConfidenceInterval = [521.215 ns; 596.589 ns] (CI 99.9%), Margin = 37.687 ns (6.74% of Mean)
Skewness = 0.13, Kurtosis = 1.31, MValue = 2

// ** Remained 27 (84.4 %) benchmark(s) to run. Estimated finish 2026-10-05 3:42 (0h 0m from now) **
// **************************
// Benchmark: CodecSuite.Run: campaign(EvaluateOverhead=False, Clock=Armonik.Ffi.Bdn.CpuClock, IterationCount=6, IterationTime=40ms, LaunchCount=1, RunStrategy=Throughput, WarmupCount=25) [Case=core-(...)etain [41]]
// *** Execute ***
// Launch: 1 / 1
// Execute: dotnet BenchDotNet-campaign-1.dll --anonymousPipes 111 112 --benchmarkName "Armonik.Ffi.Bdn.CodecSuite.Run(Case: \"core-ffi|encode-core-hot|P2.2|wide|retain\")" --job campaign --benchmarkId 5 in /home/user/ArmoniK.Api/ffi/poc/csharp/src/BenchDotNet/bin/Release/net8.0/BenchDotNet-campaign-1/bin/Release/net8.0
// BeforeAnythingElse

// Benchmark Process Environment Information:
// BenchmarkDotNet v0.15.8
// Runtime=.NET 8.0.31 (8.0.31, 8.0.3126.42015), X64 RyuJIT x86-64-v4
// GC=Concurrent Workstation
// HardwareIntrinsics=AVX512 F+BW+CD+DQ+VL,AVX2+BMI1+BMI2+F16C+FMA+LZCNT+MOVBE,AVX,SSE3+SSSE3+SSE4.1+SSE4.2+POPCNT,X86Base+SSE+SSE2,AES+PCLMUL VectorSize=256
// Job: campaign(EvaluateOverhead=False, Clock=Armonik.Ffi.Bdn.CpuClock, IterationCount=6, IterationTime=40ms, LaunchCount=1, RunStrategy=Throughput, WarmupCount=25)

OverheadJitting  1: 1 op, 254241.00 ns, 254.2410 us/op
WorkloadJitting  1: 1 op, 25919931.00 ns, 25.9199 ms/op

WorkloadPilot    1: 4 op, 71071969.00 ns, 17.7680 ms/op
WorkloadPilot    2: 2 op, 24096934.00 ns, 12.0485 ms/op

WorkloadWarmup   1: 2 op, 23791190.00 ns, 11.8956 ms/op
WorkloadWarmup   2: 2 op, 31151116.00 ns, 15.5756 ms/op
WorkloadWarmup   3: 2 op, 24007854.00 ns, 12.0039 ms/op
WorkloadWarmup   4: 2 op, 23594585.00 ns, 11.7973 ms/op
WorkloadWarmup   5: 2 op, 16246694.00 ns, 8.1233 ms/op
WorkloadWarmup   6: 2 op, 8543399.00 ns, 4.2717 ms/op
WorkloadWarmup   7: 2 op, 8012681.00 ns, 4.0063 ms/op
WorkloadWarmup   8: 2 op, 6642400.00 ns, 3.3212 ms/op
WorkloadWarmup   9: 2 op, 8549037.00 ns, 4.2745 ms/op
WorkloadWarmup  10: 2 op, 6586871.00 ns, 3.2934 ms/op
WorkloadWarmup  11: 2 op, 6053356.00 ns, 3.0267 ms/op
WorkloadWarmup  12: 2 op, 6799019.00 ns, 3.3995 ms/op
WorkloadWarmup  13: 2 op, 6482900.00 ns, 3.2415 ms/op
WorkloadWarmup  14: 2 op, 6302860.00 ns, 3.1514 ms/op
WorkloadWarmup  15: 2 op, 16616007.00 ns, 8.3080 ms/op
WorkloadWarmup  16: 2 op, 6282924.00 ns, 3.1415 ms/op
WorkloadWarmup  17: 2 op, 6191445.00 ns, 3.0957 ms/op
WorkloadWarmup  18: 2 op, 6172270.00 ns, 3.0861 ms/op
WorkloadWarmup  19: 2 op, 6441677.00 ns, 3.2208 ms/op
WorkloadWarmup  20: 2 op, 6387793.00 ns, 3.1939 ms/op
WorkloadWarmup  21: 2 op, 5996308.00 ns, 2.9982 ms/op
WorkloadWarmup  22: 2 op, 6390421.00 ns, 3.1952 ms/op
WorkloadWarmup  23: 2 op, 6111020.00 ns, 3.0555 ms/op
WorkloadWarmup  24: 2 op, 6573451.00 ns, 3.2867 ms/op
WorkloadWarmup  25: 2 op, 6474785.00 ns, 3.2374 ms/op

// BeforeActualRun
WorkloadActual   1: 2 op, 6283913.00 ns, 3.1420 ms/op
WorkloadActual   2: 2 op, 6173460.00 ns, 3.0867 ms/op
WorkloadActual   3: 2 op, 6298151.00 ns, 3.1491 ms/op
WorkloadActual   4: 2 op, 6637273.00 ns, 3.3186 ms/op
WorkloadActual   5: 2 op, 6430957.00 ns, 3.2155 ms/op
WorkloadActual   6: 2 op, 6798695.00 ns, 3.3993 ms/op

// AfterActualRun
WorkloadResult   1: 2 op, 6283913.00 ns, 3.1420 ms/op
WorkloadResult   2: 2 op, 6173460.00 ns, 3.0867 ms/op
WorkloadResult   3: 2 op, 6298151.00 ns, 3.1491 ms/op
WorkloadResult   4: 2 op, 6637273.00 ns, 3.3186 ms/op
WorkloadResult   5: 2 op, 6430957.00 ns, 3.2155 ms/op
WorkloadResult   6: 2 op, 6798695.00 ns, 3.3993 ms/op
// GC:  0 0 0 0 2
// Threading:  0 0 2

// AfterAll
// Benchmark Process 18660 has exited with code 0.

Mean = 3.219 ms, StdErr = 0.049 ms (1.51%), N = 6, StdDev = 0.119 ms
Min = 3.087 ms, Q1 = 3.144 ms, Median = 3.182 ms, Q3 = 3.293 ms, Max = 3.399 ms
IQR = 0.149 ms, LowerFence = 2.920 ms, UpperFence = 3.517 ms
ConfidenceInterval = [2.885 ms; 3.552 ms] (CI 99.9%), Margin = 0.334 ms (10.37% of Mean)
Skewness = 0.38, Kurtosis = 1.27, MValue = 2

// ** Remained 26 (81.2 %) benchmark(s) to run. Estimated finish 2026-10-05 3:42 (0h 0m from now) **
// **************************
// Benchmark: CodecSuite.Run: campaign(EvaluateOverhead=False, Clock=Armonik.Ffi.Bdn.CpuClock, IterationCount=6, IterationTime=40ms, LaunchCount=1, RunStrategy=Throughput, WarmupCount=25) [Case=core-(...)etain [43]]
// *** Execute ***
// Launch: 1 / 1
// Execute: dotnet BenchDotNet-campaign-1.dll --anonymousPipes 111 112 --benchmarkName "Armonik.Ffi.Bdn.CodecSuite.Run(Case: \"core-ffi|encode-core-hot|P2.2|latin1|retain\")" --job campaign --benchmarkId 6 in /home/user/ArmoniK.Api/ffi/poc/csharp/src/BenchDotNet/bin/Release/net8.0/BenchDotNet-campaign-1/bin/Release/net8.0
// BeforeAnythingElse

// Benchmark Process Environment Information:
// BenchmarkDotNet v0.15.8
// Runtime=.NET 8.0.31 (8.0.31, 8.0.3126.42015), X64 RyuJIT x86-64-v4
// GC=Concurrent Workstation
// HardwareIntrinsics=AVX512 F+BW+CD+DQ+VL,AVX2+BMI1+BMI2+F16C+FMA+LZCNT+MOVBE,AVX,SSE3+SSSE3+SSE4.1+SSE4.2+POPCNT,X86Base+SSE+SSE2,AES+PCLMUL VectorSize=256
// Job: campaign(EvaluateOverhead=False, Clock=Armonik.Ffi.Bdn.CpuClock, IterationCount=6, IterationTime=40ms, LaunchCount=1, RunStrategy=Throughput, WarmupCount=25)

OverheadJitting  1: 1 op, 260513.00 ns, 260.5130 us/op
WorkloadJitting  1: 1 op, 25167107.00 ns, 25.1671 ms/op

WorkloadPilot    1: 4 op, 56792988.00 ns, 14.1982 ms/op

WorkloadWarmup   1: 4 op, 46173471.00 ns, 11.5434 ms/op
WorkloadWarmup   2: 4 op, 53898689.00 ns, 13.4747 ms/op
WorkloadWarmup   3: 4 op, 45691515.00 ns, 11.4229 ms/op
WorkloadWarmup   4: 4 op, 36053995.00 ns, 9.0135 ms/op
WorkloadWarmup   5: 4 op, 12682300.00 ns, 3.1706 ms/op
WorkloadWarmup   6: 4 op, 11902546.00 ns, 2.9756 ms/op
WorkloadWarmup   7: 4 op, 11471091.00 ns, 2.8678 ms/op
WorkloadWarmup   8: 4 op, 11666490.00 ns, 2.9166 ms/op
WorkloadWarmup   9: 4 op, 11868808.00 ns, 2.9672 ms/op
WorkloadWarmup  10: 4 op, 11496620.00 ns, 2.8742 ms/op
WorkloadWarmup  11: 4 op, 11806739.00 ns, 2.9517 ms/op
WorkloadWarmup  12: 4 op, 21246513.00 ns, 5.3116 ms/op
WorkloadWarmup  13: 4 op, 11781970.00 ns, 2.9455 ms/op
WorkloadWarmup  14: 4 op, 18013750.00 ns, 4.5034 ms/op
WorkloadWarmup  15: 4 op, 11301498.00 ns, 2.8254 ms/op
WorkloadWarmup  16: 4 op, 11285854.00 ns, 2.8215 ms/op
WorkloadWarmup  17: 4 op, 11280688.00 ns, 2.8202 ms/op
WorkloadWarmup  18: 4 op, 11526633.00 ns, 2.8817 ms/op
WorkloadWarmup  19: 4 op, 11511524.00 ns, 2.8779 ms/op
WorkloadWarmup  20: 4 op, 11732976.00 ns, 2.9332 ms/op
WorkloadWarmup  21: 4 op, 11284836.00 ns, 2.8212 ms/op
WorkloadWarmup  22: 4 op, 11238951.00 ns, 2.8097 ms/op
WorkloadWarmup  23: 4 op, 11273906.00 ns, 2.8185 ms/op
WorkloadWarmup  24: 4 op, 11381324.00 ns, 2.8453 ms/op
WorkloadWarmup  25: 4 op, 11194687.00 ns, 2.7987 ms/op

// BeforeActualRun
WorkloadActual   1: 4 op, 12542297.00 ns, 3.1356 ms/op
WorkloadActual   2: 4 op, 11222942.00 ns, 2.8057 ms/op
WorkloadActual   3: 4 op, 11418651.00 ns, 2.8547 ms/op
WorkloadActual   4: 4 op, 11200047.00 ns, 2.8000 ms/op
WorkloadActual   5: 4 op, 11285554.00 ns, 2.8214 ms/op
WorkloadActual   6: 4 op, 13349453.00 ns, 3.3374 ms/op

// AfterActualRun
WorkloadResult   1: 4 op, 12542297.00 ns, 3.1356 ms/op
WorkloadResult   2: 4 op, 11222942.00 ns, 2.8057 ms/op
WorkloadResult   3: 4 op, 11418651.00 ns, 2.8547 ms/op
WorkloadResult   4: 4 op, 11200047.00 ns, 2.8000 ms/op
WorkloadResult   5: 4 op, 11285554.00 ns, 2.8214 ms/op
WorkloadResult   6: 4 op, 13349453.00 ns, 3.3374 ms/op
// GC:  0 0 0 0 4
// Threading:  0 0 4

// AfterAll
// Benchmark Process 18669 has exited with code 0.

Mean = 2.959 ms, StdErr = 0.092 ms (3.10%), N = 6, StdDev = 0.225 ms
Min = 2.800 ms, Q1 = 2.810 ms, Median = 2.838 ms, Q3 = 3.065 ms, Max = 3.337 ms
IQR = 0.256 ms, LowerFence = 2.426 ms, UpperFence = 3.449 ms
ConfidenceInterval = [2.328 ms; 3.590 ms] (CI 99.9%), Margin = 0.631 ms (21.31% of Mean)
Skewness = 0.71, Kurtosis = 1.51, MValue = 2

// ** Remained 25 (78.1 %) benchmark(s) to run. Estimated finish 2026-10-05 3:42 (0h 0m from now) **
// **************************
// Benchmark: CodecSuite.Run: campaign(EvaluateOverhead=False, Clock=Armonik.Ffi.Bdn.CpuClock, IterationCount=6, IterationTime=40ms, LaunchCount=1, RunStrategy=Throughput, WarmupCount=25) [Case=core-(...)etain [57]]
// *** Execute ***
// Launch: 1 / 1
// Execute: dotnet BenchDotNet-campaign-1.dll --anonymousPipes 111 112 --benchmarkName "Armonik.Ffi.Bdn.CodecSuite.Run(Case: \"core-ffi|encode-core-hot|U-oneof-u-repeated|corpus|retain\")" --job campaign --benchmarkId 7 in /home/user/ArmoniK.Api/ffi/poc/csharp/src/BenchDotNet/bin/Release/net8.0/BenchDotNet-campaign-1/bin/Release/net8.0
// BeforeAnythingElse

// Benchmark Process Environment Information:
// BenchmarkDotNet v0.15.8
// Runtime=.NET 8.0.31 (8.0.31, 8.0.3126.42015), X64 RyuJIT x86-64-v4
// GC=Concurrent Workstation
// HardwareIntrinsics=AVX512 F+BW+CD+DQ+VL,AVX2+BMI1+BMI2+F16C+FMA+LZCNT+MOVBE,AVX,SSE3+SSSE3+SSE4.1+SSE4.2+POPCNT,X86Base+SSE+SSE2,AES+PCLMUL VectorSize=256
// Job: campaign(EvaluateOverhead=False, Clock=Armonik.Ffi.Bdn.CpuClock, IterationCount=6, IterationTime=40ms, LaunchCount=1, RunStrategy=Throughput, WarmupCount=25)

OverheadJitting  1: 1 op, 263860.00 ns, 263.8600 us/op
WorkloadJitting  1: 1 op, 5144127.00 ns, 5.1441 ms/op

WorkloadPilot    1: 4 op, 26372.00 ns, 6.5930 us/op
WorkloadPilot    2: 6067 op, 12520847.00 ns, 2.0638 us/op
WorkloadPilot    3: 19382 op, 41703170.00 ns, 2.1516 us/op
WorkloadPilot    4: 18590 op, 39025305.00 ns, 2.0993 us/op
WorkloadPilot    5: 19054 op, 39326908.00 ns, 2.0640 us/op
WorkloadPilot    6: 19380 op, 42000815.00 ns, 2.1672 us/op
WorkloadPilot    7: 18457 op, 17498299.00 ns, 948.0576 ns/op
WorkloadPilot    8: 42192 op, 12813388.00 ns, 303.6924 ns/op
WorkloadPilot    9: 131712 op, 42654914.00 ns, 323.8499 ns/op

WorkloadWarmup   1: 131712 op, 40064585.00 ns, 304.1833 ns/op
WorkloadWarmup   2: 131712 op, 40475492.00 ns, 307.3030 ns/op
WorkloadWarmup   3: 131712 op, 40126285.00 ns, 304.6517 ns/op
WorkloadWarmup   4: 131712 op, 40671705.00 ns, 308.7927 ns/op
WorkloadWarmup   5: 131712 op, 40840631.00 ns, 310.0752 ns/op
WorkloadWarmup   6: 131712 op, 40309385.00 ns, 306.0419 ns/op
WorkloadWarmup   7: 131712 op, 40617875.00 ns, 308.3840 ns/op
WorkloadWarmup   8: 131712 op, 40391874.00 ns, 306.6681 ns/op
WorkloadWarmup   9: 131712 op, 40005066.00 ns, 303.7314 ns/op
WorkloadWarmup  10: 131712 op, 40168289.00 ns, 304.9706 ns/op
WorkloadWarmup  11: 131712 op, 41463993.00 ns, 314.8080 ns/op
WorkloadWarmup  12: 131712 op, 40489157.00 ns, 307.4067 ns/op
WorkloadWarmup  13: 131712 op, 40342906.00 ns, 306.2964 ns/op
WorkloadWarmup  14: 131712 op, 40508523.00 ns, 307.5538 ns/op
WorkloadWarmup  15: 131712 op, 40311261.00 ns, 306.0561 ns/op
WorkloadWarmup  16: 131712 op, 41302107.00 ns, 313.5789 ns/op
WorkloadWarmup  17: 131712 op, 40488486.00 ns, 307.4016 ns/op
WorkloadWarmup  18: 131712 op, 40578833.00 ns, 308.0876 ns/op
WorkloadWarmup  19: 131712 op, 45088762.00 ns, 342.3284 ns/op
WorkloadWarmup  20: 131712 op, 43723074.00 ns, 331.9597 ns/op
WorkloadWarmup  21: 131712 op, 40842540.00 ns, 310.0897 ns/op
WorkloadWarmup  22: 131712 op, 40047328.00 ns, 304.0522 ns/op
WorkloadWarmup  23: 131712 op, 42389225.00 ns, 321.8327 ns/op
WorkloadWarmup  24: 131712 op, 42659976.00 ns, 323.8883 ns/op
WorkloadWarmup  25: 131712 op, 40854813.00 ns, 310.1829 ns/op

// BeforeActualRun
WorkloadActual   1: 131712 op, 40420576.00 ns, 306.8861 ns/op
WorkloadActual   2: 131712 op, 42361817.00 ns, 321.6246 ns/op
WorkloadActual   3: 131712 op, 44890997.00 ns, 340.8269 ns/op
WorkloadActual   4: 131712 op, 69936268.00 ns, 530.9787 ns/op
WorkloadActual   5: 131712 op, 40248169.00 ns, 305.5771 ns/op
WorkloadActual   6: 131712 op, 45332703.00 ns, 344.1805 ns/op

// AfterActualRun
WorkloadResult   1: 131712 op, 40420576.00 ns, 306.8861 ns/op
WorkloadResult   2: 131712 op, 42361817.00 ns, 321.6246 ns/op
WorkloadResult   3: 131712 op, 44890997.00 ns, 340.8269 ns/op
WorkloadResult   4: 131712 op, 40248169.00 ns, 305.5771 ns/op
WorkloadResult   5: 131712 op, 45332703.00 ns, 344.1805 ns/op
// GC:  0 0 0 0 131712
// Threading:  0 0 131712

// AfterAll
// Benchmark Process 18678 has exited with code 0.

Mean = 323.819 ns, StdErr = 8.149 ns (2.52%), N = 5, StdDev = 18.222 ns
Min = 305.577 ns, Q1 = 306.886 ns, Median = 321.625 ns, Q3 = 340.827 ns, Max = 344.181 ns
IQR = 33.941 ns, LowerFence = 255.975 ns, UpperFence = 391.738 ns
ConfidenceInterval = [253.653 ns; 393.986 ns] (CI 99.9%), Margin = 70.167 ns (21.67% of Mean)
Skewness = 0.08, Kurtosis = 0.81, MValue = 2

// ** Remained 24 (75.0 %) benchmark(s) to run. Estimated finish 2026-10-05 3:42 (0h 0m from now) **
// **************************
// Benchmark: CodecSuite.Run: campaign(EvaluateOverhead=False, Clock=Armonik.Ffi.Bdn.CpuClock, IterationCount=6, IterationTime=40ms, LaunchCount=1, RunStrategy=Throughput, WarmupCount=25) [Case=core-(...)etain [82]]
// *** Execute ***
// Launch: 1 / 1
// Execute: dotnet BenchDotNet-campaign-1.dll --anonymousPipes 111 112 --benchmarkName "Armonik.Ffi.Bdn.CodecSuite.Run(Case: \"core-ffi|encode-core-hot|U-wire-ListTaskSummaryResponse-tasks-as-wt5|corpus|retain\")" --job campaign --benchmarkId 8 in /home/user/ArmoniK.Api/ffi/poc/csharp/src/BenchDotNet/bin/Release/net8.0/BenchDotNet-campaign-1/bin/Release/net8.0
// BeforeAnythingElse

// Benchmark Process Environment Information:
// BenchmarkDotNet v0.15.8
// Runtime=.NET 8.0.31 (8.0.31, 8.0.3126.42015), X64 RyuJIT x86-64-v4
// GC=Concurrent Workstation
// HardwareIntrinsics=AVX512 F+BW+CD+DQ+VL,AVX2+BMI1+BMI2+F16C+FMA+LZCNT+MOVBE,AVX,SSE3+SSSE3+SSE4.1+SSE4.2+POPCNT,X86Base+SSE+SSE2,AES+PCLMUL VectorSize=256
// Job: campaign(EvaluateOverhead=False, Clock=Armonik.Ffi.Bdn.CpuClock, IterationCount=6, IterationTime=40ms, LaunchCount=1, RunStrategy=Throughput, WarmupCount=25)

OverheadJitting  1: 1 op, 242580.00 ns, 242.5800 us/op
WorkloadJitting  1: 1 op, 7379044.00 ns, 7.3790 ms/op

WorkloadPilot    1: 4 op, 183718.00 ns, 45.9295 us/op
WorkloadPilot    2: 871 op, 18419192.00 ns, 21.1472 us/op
WorkloadPilot    3: 1892 op, 47901409.00 ns, 25.3179 us/op
WorkloadPilot    4: 1580 op, 33751455.00 ns, 21.3617 us/op
WorkloadPilot    5: 1873 op, 41511033.00 ns, 22.1629 us/op
WorkloadPilot    6: 1805 op, 17969519.00 ns, 9.9554 us/op
WorkloadPilot    7: 4018 op, 17767185.00 ns, 4.4219 us/op
WorkloadPilot    8: 9046 op, 32652023.00 ns, 3.6096 us/op
WorkloadPilot    9: 11082 op, 40767454.00 ns, 3.6787 us/op

WorkloadWarmup   1: 11082 op, 39607003.00 ns, 3.5740 us/op
WorkloadWarmup   2: 11082 op, 39493147.00 ns, 3.5637 us/op
WorkloadWarmup   3: 11082 op, 39750014.00 ns, 3.5869 us/op
WorkloadWarmup   4: 11082 op, 39665093.00 ns, 3.5792 us/op
WorkloadWarmup   5: 11082 op, 43653783.00 ns, 3.9392 us/op
WorkloadWarmup   6: 11082 op, 40416061.00 ns, 3.6470 us/op
WorkloadWarmup   7: 11082 op, 39495980.00 ns, 3.5640 us/op
WorkloadWarmup   8: 11082 op, 40184957.00 ns, 3.6261 us/op
WorkloadWarmup   9: 11082 op, 39426032.00 ns, 3.5577 us/op
WorkloadWarmup  10: 11082 op, 40028469.00 ns, 3.6120 us/op
WorkloadWarmup  11: 11082 op, 56771764.00 ns, 5.1229 us/op
WorkloadWarmup  12: 11082 op, 39535809.00 ns, 3.5676 us/op
WorkloadWarmup  13: 11082 op, 39461320.00 ns, 3.5608 us/op
WorkloadWarmup  14: 11082 op, 39179395.00 ns, 3.5354 us/op
WorkloadWarmup  15: 11082 op, 39031138.00 ns, 3.5220 us/op
WorkloadWarmup  16: 11082 op, 39307592.00 ns, 3.5470 us/op
WorkloadWarmup  17: 11082 op, 39890957.00 ns, 3.5996 us/op
WorkloadWarmup  18: 11082 op, 39314464.00 ns, 3.5476 us/op
WorkloadWarmup  19: 11082 op, 39503330.00 ns, 3.5646 us/op
WorkloadWarmup  20: 11082 op, 43546685.00 ns, 3.9295 us/op
WorkloadWarmup  21: 11082 op, 39356848.00 ns, 3.5514 us/op
WorkloadWarmup  22: 11082 op, 43393762.00 ns, 3.9157 us/op
WorkloadWarmup  23: 11082 op, 42852906.00 ns, 3.8669 us/op
WorkloadWarmup  24: 11082 op, 45478923.00 ns, 4.1039 us/op
WorkloadWarmup  25: 11082 op, 42682440.00 ns, 3.8515 us/op

// BeforeActualRun
WorkloadActual   1: 11082 op, 39869395.00 ns, 3.5977 us/op
WorkloadActual   2: 11082 op, 41476790.00 ns, 3.7427 us/op
WorkloadActual   3: 11082 op, 40422542.00 ns, 3.6476 us/op
WorkloadActual   4: 11082 op, 41857560.00 ns, 3.7771 us/op
WorkloadActual   5: 11082 op, 41447927.00 ns, 3.7401 us/op
WorkloadActual   6: 11082 op, 41658526.00 ns, 3.7591 us/op

// AfterActualRun
WorkloadResult   1: 11082 op, 39869395.00 ns, 3.5977 us/op
WorkloadResult   2: 11082 op, 41476790.00 ns, 3.7427 us/op
WorkloadResult   3: 11082 op, 40422542.00 ns, 3.6476 us/op
WorkloadResult   4: 11082 op, 41857560.00 ns, 3.7771 us/op
WorkloadResult   5: 11082 op, 41447927.00 ns, 3.7401 us/op
WorkloadResult   6: 11082 op, 41658526.00 ns, 3.7591 us/op
// GC:  0 0 0 0 11082
// Threading:  0 0 11082

// AfterAll
// Benchmark Process 18687 has exited with code 0.

Mean = 3.711 us, StdErr = 0.029 us (0.78%), N = 6, StdDev = 0.071 us
Min = 3.598 us, Q1 = 3.671 us, Median = 3.741 us, Q3 = 3.755 us, Max = 3.777 us
IQR = 0.084 us, LowerFence = 3.544 us, UpperFence = 3.881 us
ConfidenceInterval = [3.511 us; 3.911 us] (CI 99.9%), Margin = 0.200 us (5.39% of Mean)
Skewness = -0.57, Kurtosis = 1.33, MValue = 2

// ** Remained 23 (71.9 %) benchmark(s) to run. Estimated finish 2026-10-05 3:42 (0h 0m from now) **
// **************************
// Benchmark: CodecSuite.Run: campaign(EvaluateOverhead=False, Clock=Armonik.Ffi.Bdn.CpuClock, IterationCount=6, IterationTime=40ms, LaunchCount=1, RunStrategy=Throughput, WarmupCount=25) [Case=core-(...)etain [42]]
// *** Execute ***
// Launch: 1 / 1
// Execute: dotnet BenchDotNet-campaign-1.dll --anonymousPipes 111 112 --benchmarkName "Armonik.Ffi.Bdn.CodecSuite.Run(Case: \"core-ffi|encode-core-hot|P2.3|ascii|retain\")" --job campaign --benchmarkId 9 in /home/user/ArmoniK.Api/ffi/poc/csharp/src/BenchDotNet/bin/Release/net8.0/BenchDotNet-campaign-1/bin/Release/net8.0
// BeforeAnythingElse

// Benchmark Process Environment Information:
// BenchmarkDotNet v0.15.8
// Runtime=.NET 8.0.31 (8.0.31, 8.0.3126.42015), X64 RyuJIT x86-64-v4
// GC=Concurrent Workstation
// HardwareIntrinsics=AVX512 F+BW+CD+DQ+VL,AVX2+BMI1+BMI2+F16C+FMA+LZCNT+MOVBE,AVX,SSE3+SSSE3+SSE4.1+SSE4.2+POPCNT,X86Base+SSE+SSE2,AES+PCLMUL VectorSize=256
// Job: campaign(EvaluateOverhead=False, Clock=Armonik.Ffi.Bdn.CpuClock, IterationCount=6, IterationTime=40ms, LaunchCount=1, RunStrategy=Throughput, WarmupCount=25)

OverheadJitting  1: 1 op, 230335.00 ns, 230.3350 us/op
WorkloadJitting  1: 1 op, 23012940.00 ns, 23.0129 ms/op

WorkloadPilot    1: 4 op, 49340997.00 ns, 12.3352 ms/op

WorkloadWarmup   1: 4 op, 42696772.00 ns, 10.6742 ms/op
WorkloadWarmup   2: 4 op, 42525607.00 ns, 10.6314 ms/op
WorkloadWarmup   3: 4 op, 34940596.00 ns, 8.7351 ms/op
WorkloadWarmup   4: 4 op, 14303097.00 ns, 3.5758 ms/op
WorkloadWarmup   5: 4 op, 9615918.00 ns, 2.4040 ms/op
WorkloadWarmup   6: 4 op, 8327707.00 ns, 2.0819 ms/op
WorkloadWarmup   7: 4 op, 8345209.00 ns, 2.0863 ms/op
WorkloadWarmup   8: 4 op, 9508305.00 ns, 2.3771 ms/op
WorkloadWarmup   9: 4 op, 8832925.00 ns, 2.2082 ms/op
WorkloadWarmup  10: 4 op, 8314465.00 ns, 2.0786 ms/op
WorkloadWarmup  11: 4 op, 17123549.00 ns, 4.2809 ms/op
WorkloadWarmup  12: 4 op, 8011364.00 ns, 2.0028 ms/op
WorkloadWarmup  13: 4 op, 10804078.00 ns, 2.7010 ms/op
WorkloadWarmup  14: 4 op, 8162419.00 ns, 2.0406 ms/op
WorkloadWarmup  15: 4 op, 8558294.00 ns, 2.1396 ms/op
WorkloadWarmup  16: 4 op, 8344759.00 ns, 2.0862 ms/op
WorkloadWarmup  17: 4 op, 8260494.00 ns, 2.0651 ms/op
WorkloadWarmup  18: 4 op, 8408080.00 ns, 2.1020 ms/op
WorkloadWarmup  19: 4 op, 8400089.00 ns, 2.1000 ms/op
WorkloadWarmup  20: 4 op, 8033583.00 ns, 2.0084 ms/op
WorkloadWarmup  21: 4 op, 7995045.00 ns, 1.9988 ms/op
WorkloadWarmup  22: 4 op, 8461410.00 ns, 2.1154 ms/op
WorkloadWarmup  23: 4 op, 7884394.00 ns, 1.9711 ms/op
WorkloadWarmup  24: 4 op, 8569675.00 ns, 2.1424 ms/op
WorkloadWarmup  25: 4 op, 8264470.00 ns, 2.0661 ms/op

// BeforeActualRun
WorkloadActual   1: 4 op, 8465027.00 ns, 2.1163 ms/op
WorkloadActual   2: 4 op, 10316451.00 ns, 2.5791 ms/op
WorkloadActual   3: 4 op, 14974386.00 ns, 3.7436 ms/op
WorkloadActual   4: 4 op, 8603194.00 ns, 2.1508 ms/op
WorkloadActual   5: 4 op, 8396220.00 ns, 2.0991 ms/op
WorkloadActual   6: 4 op, 13243938.00 ns, 3.3110 ms/op

// AfterActualRun
WorkloadResult   1: 4 op, 8465027.00 ns, 2.1163 ms/op
WorkloadResult   2: 4 op, 10316451.00 ns, 2.5791 ms/op
WorkloadResult   3: 4 op, 14974386.00 ns, 3.7436 ms/op
WorkloadResult   4: 4 op, 8603194.00 ns, 2.1508 ms/op
WorkloadResult   5: 4 op, 8396220.00 ns, 2.0991 ms/op
WorkloadResult   6: 4 op, 13243938.00 ns, 3.3110 ms/op
// GC:  0 0 0 0 4
// Threading:  0 0 4

// AfterAll
// Benchmark Process 18696 has exited with code 0.

Mean = 2.667 ms, StdErr = 0.287 ms (10.77%), N = 6, StdDev = 0.703 ms
Min = 2.099 ms, Q1 = 2.125 ms, Median = 2.365 ms, Q3 = 3.128 ms, Max = 3.744 ms
IQR = 1.003 ms, LowerFence = 0.620 ms, UpperFence = 4.633 ms
ConfidenceInterval = [0.694 ms; 4.639 ms] (CI 99.9%), Margin = 1.972 ms (73.97% of Mean)
Skewness = 0.49, Kurtosis = 1.21, MValue = 2

// ** Remained 22 (68.8 %) benchmark(s) to run. Estimated finish 2026-10-05 3:42 (0h 0m from now) **
// **************************
// Benchmark: CodecSuite.Run: campaign(EvaluateOverhead=False, Clock=Armonik.Ffi.Bdn.CpuClock, IterationCount=6, IterationTime=40ms, LaunchCount=1, RunStrategy=Throughput, WarmupCount=25) [Case=core-(...)|drop [40]]
// *** Execute ***
// Launch: 1 / 1
// Execute: dotnet BenchDotNet-campaign-1.dll --anonymousPipes 111 112 --benchmarkName "Armonik.Ffi.Bdn.CodecSuite.Run(Case: \"core-ffi|encode-core-hot|P1.2|ascii|drop\")" --job campaign --benchmarkId 10 in /home/user/ArmoniK.Api/ffi/poc/csharp/src/BenchDotNet/bin/Release/net8.0/BenchDotNet-campaign-1/bin/Release/net8.0
// BeforeAnythingElse

// Benchmark Process Environment Information:
// BenchmarkDotNet v0.15.8
// Runtime=.NET 8.0.31 (8.0.31, 8.0.3126.42015), X64 RyuJIT x86-64-v4
// GC=Concurrent Workstation
// HardwareIntrinsics=AVX512 F+BW+CD+DQ+VL,AVX2+BMI1+BMI2+F16C+FMA+LZCNT+MOVBE,AVX,SSE3+SSSE3+SSE4.1+SSE4.2+POPCNT,X86Base+SSE+SSE2,AES+PCLMUL VectorSize=256
// Job: campaign(EvaluateOverhead=False, Clock=Armonik.Ffi.Bdn.CpuClock, IterationCount=6, IterationTime=40ms, LaunchCount=1, RunStrategy=Throughput, WarmupCount=25)

OverheadJitting  1: 1 op, 248943.00 ns, 248.9430 us/op
WorkloadJitting  1: 1 op, 8781225.00 ns, 8.7812 ms/op

WorkloadPilot    1: 4 op, 10327094.00 ns, 2.5818 ms/op
WorkloadPilot    2: 15 op, 40590852.00 ns, 2.7061 ms/op

WorkloadWarmup   1: 15 op, 39726264.00 ns, 2.6484 ms/op
WorkloadWarmup   2: 15 op, 39672483.00 ns, 2.6448 ms/op
WorkloadWarmup   3: 15 op, 33791850.00 ns, 2.2528 ms/op
WorkloadWarmup   4: 15 op, 13589306.00 ns, 905.9537 us/op
WorkloadWarmup   5: 15 op, 11313011.00 ns, 754.2007 us/op
WorkloadWarmup   6: 15 op, 13210810.00 ns, 880.7207 us/op
WorkloadWarmup   7: 15 op, 11229746.00 ns, 748.6497 us/op
WorkloadWarmup   8: 15 op, 11831063.00 ns, 788.7375 us/op
WorkloadWarmup   9: 15 op, 10868541.00 ns, 724.5694 us/op
WorkloadWarmup  10: 15 op, 10831303.00 ns, 722.0869 us/op
WorkloadWarmup  11: 15 op, 10752986.00 ns, 716.8657 us/op
WorkloadWarmup  12: 15 op, 10729578.00 ns, 715.3052 us/op
WorkloadWarmup  13: 15 op, 10743486.00 ns, 716.2324 us/op
WorkloadWarmup  14: 15 op, 10811705.00 ns, 720.7803 us/op
WorkloadWarmup  15: 15 op, 10877824.00 ns, 725.1883 us/op
WorkloadWarmup  16: 15 op, 10768193.00 ns, 717.8795 us/op
WorkloadWarmup  17: 15 op, 10753112.00 ns, 716.8741 us/op
WorkloadWarmup  18: 15 op, 10833269.00 ns, 722.2179 us/op
WorkloadWarmup  19: 15 op, 10683877.00 ns, 712.2585 us/op
WorkloadWarmup  20: 15 op, 10778375.00 ns, 718.5583 us/op
WorkloadWarmup  21: 15 op, 11296963.00 ns, 753.1309 us/op
WorkloadWarmup  22: 15 op, 10736452.00 ns, 715.7635 us/op
WorkloadWarmup  23: 15 op, 10760755.00 ns, 717.3837 us/op
WorkloadWarmup  24: 15 op, 10691367.00 ns, 712.7578 us/op
WorkloadWarmup  25: 15 op, 10714567.00 ns, 714.3045 us/op

// BeforeActualRun
WorkloadActual   1: 15 op, 10742711.00 ns, 716.1807 us/op
WorkloadActual   2: 15 op, 10793653.00 ns, 719.5769 us/op
WorkloadActual   3: 15 op, 10786407.00 ns, 719.0938 us/op
WorkloadActual   4: 15 op, 10836634.00 ns, 722.4423 us/op
WorkloadActual   5: 15 op, 10746096.00 ns, 716.4064 us/op
WorkloadActual   6: 15 op, 10869346.00 ns, 724.6231 us/op

// AfterActualRun
WorkloadResult   1: 15 op, 10742711.00 ns, 716.1807 us/op
WorkloadResult   2: 15 op, 10793653.00 ns, 719.5769 us/op
WorkloadResult   3: 15 op, 10786407.00 ns, 719.0938 us/op
WorkloadResult   4: 15 op, 10836634.00 ns, 722.4423 us/op
WorkloadResult   5: 15 op, 10746096.00 ns, 716.4064 us/op
WorkloadResult   6: 15 op, 10869346.00 ns, 724.6231 us/op
// GC:  0 0 0 0 15
// Threading:  0 0 15

// AfterAll
// Benchmark Process 18705 has exited with code 0.

Mean = 719.721 us, StdErr = 1.359 us (0.19%), N = 6, StdDev = 3.328 us
Min = 716.181 us, Q1 = 717.078 us, Median = 719.335 us, Q3 = 721.726 us, Max = 724.623 us
IQR = 4.648 us, LowerFence = 710.107 us, UpperFence = 728.697 us
ConfidenceInterval = [710.389 us; 729.052 us] (CI 99.9%), Margin = 9.332 us (1.30% of Mean)
Skewness = 0.26, Kurtosis = 1.24, MValue = 2

// ** Remained 21 (65.6 %) benchmark(s) to run. Estimated finish 2026-10-05 3:42 (0h 0m from now) **
// **************************
// Benchmark: CodecSuite.Run: campaign(EvaluateOverhead=False, Clock=Armonik.Ffi.Bdn.CpuClock, IterationCount=6, IterationTime=40ms, LaunchCount=1, RunStrategy=Throughput, WarmupCount=25) [Case=core-(...)|drop [40]]
// *** Execute ***
// Launch: 1 / 1
// Execute: dotnet BenchDotNet-campaign-1.dll --anonymousPipes 111 112 --benchmarkName "Armonik.Ffi.Bdn.CodecSuite.Run(Case: \"core-ffi|encode-core-hot|P2.3|ascii|drop\")" --job campaign --benchmarkId 11 in /home/user/ArmoniK.Api/ffi/poc/csharp/src/BenchDotNet/bin/Release/net8.0/BenchDotNet-campaign-1/bin/Release/net8.0
// BeforeAnythingElse

// Benchmark Process Environment Information:
// BenchmarkDotNet v0.15.8
// Runtime=.NET 8.0.31 (8.0.31, 8.0.3126.42015), X64 RyuJIT x86-64-v4
// GC=Concurrent Workstation
// HardwareIntrinsics=AVX512 F+BW+CD+DQ+VL,AVX2+BMI1+BMI2+F16C+FMA+LZCNT+MOVBE,AVX,SSE3+SSSE3+SSE4.1+SSE4.2+POPCNT,X86Base+SSE+SSE2,AES+PCLMUL VectorSize=256
// Job: campaign(EvaluateOverhead=False, Clock=Armonik.Ffi.Bdn.CpuClock, IterationCount=6, IterationTime=40ms, LaunchCount=1, RunStrategy=Throughput, WarmupCount=25)

OverheadJitting  1: 1 op, 278120.00 ns, 278.1200 us/op
WorkloadJitting  1: 1 op, 27250814.00 ns, 27.2508 ms/op

OverheadJitting  2: 1 op, 568.00 ns, 568.0000 ns/op
WorkloadJitting  2: 1 op, 11632330.00 ns, 11.6323 ms/op

WorkloadPilot    1: 4 op, 48740465.00 ns, 12.1851 ms/op

WorkloadWarmup   1: 4 op, 50330418.00 ns, 12.5826 ms/op
WorkloadWarmup   2: 4 op, 42874298.00 ns, 10.7186 ms/op
WorkloadWarmup   3: 4 op, 42386198.00 ns, 10.5965 ms/op
WorkloadWarmup   4: 4 op, 20000732.00 ns, 5.0002 ms/op
WorkloadWarmup   5: 4 op, 9110748.00 ns, 2.2777 ms/op
WorkloadWarmup   6: 4 op, 8894833.00 ns, 2.2237 ms/op
WorkloadWarmup   7: 4 op, 8743725.00 ns, 2.1859 ms/op
WorkloadWarmup   8: 4 op, 8771628.00 ns, 2.1929 ms/op
WorkloadWarmup   9: 4 op, 8458349.00 ns, 2.1146 ms/op
WorkloadWarmup  10: 4 op, 8423753.00 ns, 2.1059 ms/op
WorkloadWarmup  11: 4 op, 8411159.00 ns, 2.1028 ms/op
WorkloadWarmup  12: 4 op, 13186582.00 ns, 3.2966 ms/op
WorkloadWarmup  13: 4 op, 8317733.00 ns, 2.0794 ms/op
WorkloadWarmup  14: 4 op, 9718724.00 ns, 2.4297 ms/op
WorkloadWarmup  15: 4 op, 9106709.00 ns, 2.2767 ms/op
WorkloadWarmup  16: 4 op, 8079858.00 ns, 2.0200 ms/op
WorkloadWarmup  17: 4 op, 8030002.00 ns, 2.0075 ms/op
WorkloadWarmup  18: 4 op, 9329102.00 ns, 2.3323 ms/op
WorkloadWarmup  19: 4 op, 8905280.00 ns, 2.2263 ms/op
WorkloadWarmup  20: 4 op, 8116437.00 ns, 2.0291 ms/op
WorkloadWarmup  21: 4 op, 7969450.00 ns, 1.9924 ms/op
WorkloadWarmup  22: 4 op, 8058633.00 ns, 2.0147 ms/op
WorkloadWarmup  23: 4 op, 8416951.00 ns, 2.1042 ms/op
WorkloadWarmup  24: 4 op, 9234345.00 ns, 2.3086 ms/op
WorkloadWarmup  25: 4 op, 8499692.00 ns, 2.1249 ms/op

// BeforeActualRun
WorkloadActual   1: 4 op, 8136688.00 ns, 2.0342 ms/op
WorkloadActual   2: 4 op, 8476049.00 ns, 2.1190 ms/op
WorkloadActual   3: 4 op, 9040063.00 ns, 2.2600 ms/op
WorkloadActual   4: 4 op, 9033851.00 ns, 2.2585 ms/op
WorkloadActual   5: 4 op, 8391678.00 ns, 2.0979 ms/op
WorkloadActual   6: 4 op, 11172609.00 ns, 2.7932 ms/op

// AfterActualRun
WorkloadResult   1: 4 op, 8136688.00 ns, 2.0342 ms/op
WorkloadResult   2: 4 op, 8476049.00 ns, 2.1190 ms/op
WorkloadResult   3: 4 op, 9040063.00 ns, 2.2600 ms/op
WorkloadResult   4: 4 op, 9033851.00 ns, 2.2585 ms/op
WorkloadResult   5: 4 op, 8391678.00 ns, 2.0979 ms/op
// GC:  0 0 0 0 4
// Threading:  0 0 4

// AfterAll
// Benchmark Process 18718 has exited with code 0.

Mean = 2.154 ms, StdErr = 0.045 ms (2.10%), N = 5, StdDev = 0.101 ms
Min = 2.034 ms, Q1 = 2.098 ms, Median = 2.119 ms, Q3 = 2.258 ms, Max = 2.260 ms
IQR = 0.161 ms, LowerFence = 1.857 ms, UpperFence = 2.499 ms
ConfidenceInterval = [1.765 ms; 2.543 ms] (CI 99.9%), Margin = 0.389 ms (18.07% of Mean)
Skewness = 0.08, Kurtosis = 0.89, MValue = 2

// ** Remained 20 (62.5 %) benchmark(s) to run. Estimated finish 2026-10-05 3:42 (0h 0m from now) **
// **************************
// Benchmark: CodecSuite.Run: campaign(EvaluateOverhead=False, Clock=Armonik.Ffi.Bdn.CpuClock, IterationCount=6, IterationTime=40ms, LaunchCount=1, RunStrategy=Throughput, WarmupCount=25) [Case=core-(...)|drop [68]]
// *** Execute ***
// Launch: 1 / 1
// Execute: dotnet BenchDotNet-campaign-1.dll --anonymousPipes 111 112 --benchmarkName "Armonik.Ffi.Bdn.CodecSuite.Run(Case: \"core-ffi|encode-core-hot|U-wire-DualResponse-left-as-wt5|corpus|drop\")" --job campaign --benchmarkId 12 in /home/user/ArmoniK.Api/ffi/poc/csharp/src/BenchDotNet/bin/Release/net8.0/BenchDotNet-campaign-1/bin/Release/net8.0
// BeforeAnythingElse

// Benchmark Process Environment Information:
// BenchmarkDotNet v0.15.8
// Runtime=.NET 8.0.31 (8.0.31, 8.0.3126.42015), X64 RyuJIT x86-64-v4
// GC=Concurrent Workstation
// HardwareIntrinsics=AVX512 F+BW+CD+DQ+VL,AVX2+BMI1+BMI2+F16C+FMA+LZCNT+MOVBE,AVX,SSE3+SSSE3+SSE4.1+SSE4.2+POPCNT,X86Base+SSE+SSE2,AES+PCLMUL VectorSize=256
// Job: campaign(EvaluateOverhead=False, Clock=Armonik.Ffi.Bdn.CpuClock, IterationCount=6, IterationTime=40ms, LaunchCount=1, RunStrategy=Throughput, WarmupCount=25)

OverheadJitting  1: 1 op, 243459.00 ns, 243.4590 us/op
WorkloadJitting  1: 1 op, 5542032.00 ns, 5.5420 ms/op

WorkloadPilot    1: 4 op, 25237.00 ns, 6.3093 us/op
WorkloadPilot    2: 6340 op, 21451258.00 ns, 3.3835 us/op
WorkloadPilot    3: 11822 op, 53228091.00 ns, 4.5025 us/op
WorkloadPilot    4: 8884 op, 32081944.00 ns, 3.6112 us/op
WorkloadPilot    5: 11077 op, 37810174.00 ns, 3.4134 us/op
WorkloadPilot    6: 11719 op, 36237685.00 ns, 3.0922 us/op
WorkloadPilot    7: 12936 op, 8288328.00 ns, 640.7180 ns/op
WorkloadPilot    8: 62430 op, 33102450.00 ns, 530.2331 ns/op
WorkloadPilot    9: 75439 op, 39170845.00 ns, 519.2387 ns/op
WorkloadPilot   10: 77036 op, 39806396.00 ns, 516.7246 ns/op
WorkloadPilot   11: 77411 op, 40680291.00 ns, 525.5105 ns/op
WorkloadPilot   12: 76116 op, 39524256.00 ns, 519.2634 ns/op
WorkloadPilot   13: 77032 op, 44161980.00 ns, 573.2940 ns/op

WorkloadWarmup   1: 77032 op, 40959129.00 ns, 531.7158 ns/op
WorkloadWarmup   2: 77032 op, 43808388.00 ns, 568.7038 ns/op
WorkloadWarmup   3: 77032 op, 46327579.00 ns, 601.4069 ns/op
WorkloadWarmup   4: 77032 op, 43653279.00 ns, 566.6902 ns/op
WorkloadWarmup   5: 77032 op, 45291510.00 ns, 587.9571 ns/op
WorkloadWarmup   6: 77032 op, 40333545.00 ns, 523.5947 ns/op
WorkloadWarmup   7: 77032 op, 44727683.00 ns, 580.6377 ns/op
WorkloadWarmup   8: 77032 op, 47411518.00 ns, 615.4782 ns/op
WorkloadWarmup   9: 77032 op, 40090591.00 ns, 520.4407 ns/op
WorkloadWarmup  10: 77032 op, 40381192.00 ns, 524.2132 ns/op
WorkloadWarmup  11: 77032 op, 41267143.00 ns, 535.7143 ns/op
WorkloadWarmup  12: 77032 op, 40293319.00 ns, 523.0725 ns/op
WorkloadWarmup  13: 77032 op, 41006037.00 ns, 532.3247 ns/op
WorkloadWarmup  14: 77032 op, 40199223.00 ns, 521.8510 ns/op
WorkloadWarmup  15: 77032 op, 47056299.00 ns, 610.8669 ns/op
WorkloadWarmup  16: 77032 op, 40629682.00 ns, 527.4390 ns/op
WorkloadWarmup  17: 77032 op, 40395846.00 ns, 524.4034 ns/op
WorkloadWarmup  18: 77032 op, 41090489.00 ns, 533.4210 ns/op
WorkloadWarmup  19: 77032 op, 44865313.00 ns, 582.4244 ns/op
WorkloadWarmup  20: 77032 op, 41995459.00 ns, 545.1690 ns/op
WorkloadWarmup  21: 77032 op, 40086170.00 ns, 520.3833 ns/op
WorkloadWarmup  22: 77032 op, 40799556.00 ns, 529.6443 ns/op
WorkloadWarmup  23: 77032 op, 40391334.00 ns, 524.3449 ns/op
WorkloadWarmup  24: 77032 op, 52231411.00 ns, 678.0482 ns/op
WorkloadWarmup  25: 77032 op, 40867547.00 ns, 530.5269 ns/op

// BeforeActualRun
WorkloadActual   1: 77032 op, 39929445.00 ns, 518.3488 ns/op
WorkloadActual   2: 77032 op, 41636988.00 ns, 540.5155 ns/op
WorkloadActual   3: 77032 op, 39730028.00 ns, 515.7600 ns/op
WorkloadActual   4: 77032 op, 44297518.00 ns, 575.0535 ns/op
WorkloadActual   5: 77032 op, 40074609.00 ns, 520.2333 ns/op
WorkloadActual   6: 77032 op, 39663730.00 ns, 514.8994 ns/op

// AfterActualRun
WorkloadResult   1: 77032 op, 39929445.00 ns, 518.3488 ns/op
WorkloadResult   2: 77032 op, 41636988.00 ns, 540.5155 ns/op
WorkloadResult   3: 77032 op, 39730028.00 ns, 515.7600 ns/op
WorkloadResult   4: 77032 op, 40074609.00 ns, 520.2333 ns/op
WorkloadResult   5: 77032 op, 39663730.00 ns, 514.8994 ns/op
// GC:  0 0 0 0 77032
// Threading:  0 0 77032

// AfterAll
// Benchmark Process 18727 has exited with code 0.

Mean = 521.951 ns, StdErr = 4.736 ns (0.91%), N = 5, StdDev = 10.590 ns
Min = 514.899 ns, Q1 = 515.760 ns, Median = 518.349 ns, Q3 = 520.233 ns, Max = 540.515 ns
IQR = 4.473 ns, LowerFence = 509.050 ns, UpperFence = 526.943 ns
ConfidenceInterval = [481.172 ns; 562.731 ns] (CI 99.9%), Margin = 40.780 ns (7.81% of Mean)
Skewness = 0.97, Kurtosis = 1.95, MValue = 2

// ** Remained 19 (59.4 %) benchmark(s) to run. Estimated finish 2026-10-05 3:42 (0h 0m from now) **
// **************************
// Benchmark: CodecSuite.Run: campaign(EvaluateOverhead=False, Clock=Armonik.Ffi.Bdn.CpuClock, IterationCount=6, IterationTime=40ms, LaunchCount=1, RunStrategy=Throughput, WarmupCount=25) [Case=core-(...)|drop [39]]
// *** Execute ***
// Launch: 1 / 1
// Execute: dotnet BenchDotNet-campaign-1.dll --anonymousPipes 111 112 --benchmarkName "Armonik.Ffi.Bdn.CodecSuite.Run(Case: \"core-ffi|encode-core-hot|P2.2|wide|drop\")" --job campaign --benchmarkId 13 in /home/user/ArmoniK.Api/ffi/poc/csharp/src/BenchDotNet/bin/Release/net8.0/BenchDotNet-campaign-1/bin/Release/net8.0
// BeforeAnythingElse

// Benchmark Process Environment Information:
// BenchmarkDotNet v0.15.8
// Runtime=.NET 8.0.31 (8.0.31, 8.0.3126.42015), X64 RyuJIT x86-64-v4
// GC=Concurrent Workstation
// HardwareIntrinsics=AVX512 F+BW+CD+DQ+VL,AVX2+BMI1+BMI2+F16C+FMA+LZCNT+MOVBE,AVX,SSE3+SSSE3+SSE4.1+SSE4.2+POPCNT,X86Base+SSE+SSE2,AES+PCLMUL VectorSize=256
// Job: campaign(EvaluateOverhead=False, Clock=Armonik.Ffi.Bdn.CpuClock, IterationCount=6, IterationTime=40ms, LaunchCount=1, RunStrategy=Throughput, WarmupCount=25)

OverheadJitting  1: 1 op, 248769.00 ns, 248.7690 us/op
WorkloadJitting  1: 1 op, 25648172.00 ns, 25.6482 ms/op

WorkloadPilot    1: 4 op, 57881891.00 ns, 14.4705 ms/op

WorkloadWarmup   1: 4 op, 48741565.00 ns, 12.1854 ms/op
WorkloadWarmup   2: 4 op, 55328693.00 ns, 13.8322 ms/op
WorkloadWarmup   3: 4 op, 47139889.00 ns, 11.7850 ms/op
WorkloadWarmup   4: 4 op, 33956453.00 ns, 8.4891 ms/op
WorkloadWarmup   5: 4 op, 15805001.00 ns, 3.9513 ms/op
WorkloadWarmup   6: 4 op, 16576130.00 ns, 4.1440 ms/op
WorkloadWarmup   7: 4 op, 12029361.00 ns, 3.0073 ms/op
WorkloadWarmup   8: 4 op, 12854343.00 ns, 3.2136 ms/op
WorkloadWarmup   9: 4 op, 13720037.00 ns, 3.4300 ms/op
WorkloadWarmup  10: 4 op, 12042093.00 ns, 3.0105 ms/op
WorkloadWarmup  11: 4 op, 12289126.00 ns, 3.0723 ms/op
WorkloadWarmup  12: 4 op, 22999673.00 ns, 5.7499 ms/op
WorkloadWarmup  13: 4 op, 12716222.00 ns, 3.1791 ms/op
WorkloadWarmup  14: 4 op, 17699494.00 ns, 4.4249 ms/op
WorkloadWarmup  15: 4 op, 11670866.00 ns, 2.9177 ms/op
WorkloadWarmup  16: 4 op, 11998637.00 ns, 2.9997 ms/op
WorkloadWarmup  17: 4 op, 11717773.00 ns, 2.9294 ms/op
WorkloadWarmup  18: 4 op, 12562653.00 ns, 3.1407 ms/op
WorkloadWarmup  19: 4 op, 14240464.00 ns, 3.5601 ms/op
WorkloadWarmup  20: 4 op, 13549330.00 ns, 3.3873 ms/op
WorkloadWarmup  21: 4 op, 12316695.00 ns, 3.0792 ms/op
WorkloadWarmup  22: 4 op, 12296952.00 ns, 3.0742 ms/op
WorkloadWarmup  23: 4 op, 12830305.00 ns, 3.2076 ms/op
WorkloadWarmup  24: 4 op, 11983489.00 ns, 2.9959 ms/op
WorkloadWarmup  25: 4 op, 12225578.00 ns, 3.0564 ms/op

// BeforeActualRun
WorkloadActual   1: 4 op, 13077464.00 ns, 3.2694 ms/op
WorkloadActual   2: 4 op, 11818924.00 ns, 2.9547 ms/op
WorkloadActual   3: 4 op, 11747908.00 ns, 2.9370 ms/op
WorkloadActual   4: 4 op, 11841054.00 ns, 2.9603 ms/op
WorkloadActual   5: 4 op, 11989881.00 ns, 2.9975 ms/op
WorkloadActual   6: 4 op, 11917923.00 ns, 2.9795 ms/op

// AfterActualRun
WorkloadResult   1: 4 op, 11818924.00 ns, 2.9547 ms/op
WorkloadResult   2: 4 op, 11747908.00 ns, 2.9370 ms/op
WorkloadResult   3: 4 op, 11841054.00 ns, 2.9603 ms/op
WorkloadResult   4: 4 op, 11989881.00 ns, 2.9975 ms/op
WorkloadResult   5: 4 op, 11917923.00 ns, 2.9795 ms/op
// GC:  0 0 0 0 4
// Threading:  0 0 4

// AfterAll
// Benchmark Process 18736 has exited with code 0.

Mean = 2.966 ms, StdErr = 0.010 ms (0.35%), N = 5, StdDev = 0.023 ms
Min = 2.937 ms, Q1 = 2.955 ms, Median = 2.960 ms, Q3 = 2.979 ms, Max = 2.997 ms
IQR = 0.025 ms, LowerFence = 2.918 ms, UpperFence = 3.017 ms
ConfidenceInterval = [2.876 ms; 3.056 ms] (CI 99.9%), Margin = 0.090 ms (3.03% of Mean)
Skewness = 0.14, Kurtosis = 1.18, MValue = 2

// ** Remained 18 (56.2 %) benchmark(s) to run. Estimated finish 2026-10-05 3:42 (0h 0m from now) **
// **************************
// Benchmark: CodecSuite.Run: campaign(EvaluateOverhead=False, Clock=Armonik.Ffi.Bdn.CpuClock, IterationCount=6, IterationTime=40ms, LaunchCount=1, RunStrategy=Throughput, WarmupCount=25) [Case=core-(...)|drop [40]]
// *** Execute ***
// Launch: 1 / 1
// Execute: dotnet BenchDotNet-campaign-1.dll --anonymousPipes 111 112 --benchmarkName "Armonik.Ffi.Bdn.CodecSuite.Run(Case: \"core-ffi|encode-core-hot|P4.1|ascii|drop\")" --job campaign --benchmarkId 14 in /home/user/ArmoniK.Api/ffi/poc/csharp/src/BenchDotNet/bin/Release/net8.0/BenchDotNet-campaign-1/bin/Release/net8.0
// BeforeAnythingElse

// Benchmark Process Environment Information:
// BenchmarkDotNet v0.15.8
// Runtime=.NET 8.0.31 (8.0.31, 8.0.3126.42015), X64 RyuJIT x86-64-v4
// GC=Concurrent Workstation
// HardwareIntrinsics=AVX512 F+BW+CD+DQ+VL,AVX2+BMI1+BMI2+F16C+FMA+LZCNT+MOVBE,AVX,SSE3+SSSE3+SSE4.1+SSE4.2+POPCNT,X86Base+SSE+SSE2,AES+PCLMUL VectorSize=256
// Job: campaign(EvaluateOverhead=False, Clock=Armonik.Ffi.Bdn.CpuClock, IterationCount=6, IterationTime=40ms, LaunchCount=1, RunStrategy=Throughput, WarmupCount=25)

OverheadJitting  1: 1 op, 221546.00 ns, 221.5460 us/op
WorkloadJitting  1: 1 op, 9269897.00 ns, 9.2699 ms/op

WorkloadPilot    1: 4 op, 8210508.00 ns, 2.0526 ms/op
WorkloadPilot    2: 19 op, 40552850.00 ns, 2.1344 ms/op

WorkloadWarmup   1: 19 op, 39033869.00 ns, 2.0544 ms/op
WorkloadWarmup   2: 19 op, 40047085.00 ns, 2.1077 ms/op
WorkloadWarmup   3: 19 op, 50704609.00 ns, 2.6687 ms/op
WorkloadWarmup   4: 19 op, 15033784.00 ns, 791.2518 us/op
WorkloadWarmup   5: 19 op, 9818806.00 ns, 516.7793 us/op
WorkloadWarmup   6: 19 op, 11195237.00 ns, 589.2230 us/op
WorkloadWarmup   7: 19 op, 9518044.00 ns, 500.9497 us/op
WorkloadWarmup   8: 19 op, 8932364.00 ns, 470.1244 us/op
WorkloadWarmup   9: 19 op, 8670134.00 ns, 456.3228 us/op
WorkloadWarmup  10: 19 op, 10961369.00 ns, 576.9142 us/op
WorkloadWarmup  11: 19 op, 14329660.00 ns, 754.1926 us/op
WorkloadWarmup  12: 19 op, 8886254.00 ns, 467.6976 us/op
WorkloadWarmup  13: 19 op, 11089159.00 ns, 583.6399 us/op
WorkloadWarmup  14: 19 op, 9685297.00 ns, 509.7525 us/op
WorkloadWarmup  15: 19 op, 9279061.00 ns, 488.3716 us/op
WorkloadWarmup  16: 19 op, 11097714.00 ns, 584.0902 us/op
WorkloadWarmup  17: 19 op, 8888149.00 ns, 467.7973 us/op
WorkloadWarmup  18: 19 op, 8815012.00 ns, 463.9480 us/op
WorkloadWarmup  19: 19 op, 8831856.00 ns, 464.8345 us/op
WorkloadWarmup  20: 19 op, 8696420.00 ns, 457.7063 us/op
WorkloadWarmup  21: 19 op, 9003531.00 ns, 473.8701 us/op
WorkloadWarmup  22: 19 op, 9497868.00 ns, 499.8878 us/op
WorkloadWarmup  23: 19 op, 9756691.00 ns, 513.5101 us/op
WorkloadWarmup  24: 19 op, 11747324.00 ns, 618.2802 us/op
WorkloadWarmup  25: 19 op, 10042486.00 ns, 528.5519 us/op

// BeforeActualRun
WorkloadActual   1: 19 op, 9487392.00 ns, 499.3364 us/op
WorkloadActual   2: 19 op, 10624147.00 ns, 559.1656 us/op
WorkloadActual   3: 19 op, 9181723.00 ns, 483.2486 us/op
WorkloadActual   4: 19 op, 10627369.00 ns, 559.3352 us/op
WorkloadActual   5: 19 op, 9480372.00 ns, 498.9669 us/op
WorkloadActual   6: 19 op, 10501248.00 ns, 552.6973 us/op

// AfterActualRun
WorkloadResult   1: 19 op, 9487392.00 ns, 499.3364 us/op
WorkloadResult   2: 19 op, 10624147.00 ns, 559.1656 us/op
WorkloadResult   3: 19 op, 9181723.00 ns, 483.2486 us/op
WorkloadResult   4: 19 op, 10627369.00 ns, 559.3352 us/op
WorkloadResult   5: 19 op, 9480372.00 ns, 498.9669 us/op
WorkloadResult   6: 19 op, 10501248.00 ns, 552.6973 us/op
// GC:  0 0 0 0 19
// Threading:  0 0 19

// AfterAll
// Benchmark Process 18749 has exited with code 0.

Mean = 525.458 us, StdErr = 14.366 us (2.73%), N = 6, StdDev = 35.190 us
Min = 483.249 us, Q1 = 499.059 us, Median = 526.017 us, Q3 = 557.549 us, Max = 559.335 us
IQR = 58.489 us, LowerFence = 411.325 us, UpperFence = 645.282 us
ConfidenceInterval = [426.780 us; 624.137 us] (CI 99.9%), Margin = 98.679 us (18.78% of Mean)
Skewness = -0.05, Kurtosis = 0.79, MValue = 2

// ** Remained 17 (53.1 %) benchmark(s) to run. Estimated finish 2026-10-05 3:42 (0h 0m from now) **
// **************************
// Benchmark: CodecSuite.Run: campaign(EvaluateOverhead=False, Clock=Armonik.Ffi.Bdn.CpuClock, IterationCount=6, IterationTime=40ms, LaunchCount=1, RunStrategy=Throughput, WarmupCount=25) [Case=core-(...)|drop [55]]
// *** Execute ***
// Launch: 1 / 1
// Execute: dotnet BenchDotNet-campaign-1.dll --anonymousPipes 111 112 --benchmarkName "Armonik.Ffi.Bdn.CodecSuite.Run(Case: \"core-ffi|encode-core-hot|U-oneof-u-repeated|corpus|drop\")" --job campaign --benchmarkId 15 in /home/user/ArmoniK.Api/ffi/poc/csharp/src/BenchDotNet/bin/Release/net8.0/BenchDotNet-campaign-1/bin/Release/net8.0
// BeforeAnythingElse

// Benchmark Process Environment Information:
// BenchmarkDotNet v0.15.8
// Runtime=.NET 8.0.31 (8.0.31, 8.0.3126.42015), X64 RyuJIT x86-64-v4
// GC=Concurrent Workstation
// HardwareIntrinsics=AVX512 F+BW+CD+DQ+VL,AVX2+BMI1+BMI2+F16C+FMA+LZCNT+MOVBE,AVX,SSE3+SSSE3+SSE4.1+SSE4.2+POPCNT,X86Base+SSE+SSE2,AES+PCLMUL VectorSize=256
// Job: campaign(EvaluateOverhead=False, Clock=Armonik.Ffi.Bdn.CpuClock, IterationCount=6, IterationTime=40ms, LaunchCount=1, RunStrategy=Throughput, WarmupCount=25)

OverheadJitting  1: 1 op, 234071.00 ns, 234.0710 us/op
WorkloadJitting  1: 1 op, 5069481.00 ns, 5.0695 ms/op

WorkloadPilot    1: 4 op, 25850.00 ns, 6.4625 us/op
WorkloadPilot    2: 6190 op, 14004005.00 ns, 2.2624 us/op
WorkloadPilot    3: 17681 op, 39500129.00 ns, 2.2340 us/op
WorkloadPilot    4: 17905 op, 51783677.00 ns, 2.8921 us/op
WorkloadPilot    5: 13831 op, 33194201.00 ns, 2.4000 us/op
WorkloadPilot    6: 16667 op, 36465450.00 ns, 2.1879 us/op
WorkloadPilot    7: 18283 op, 9559884.00 ns, 522.8838 ns/op
WorkloadPilot    8: 76499 op, 22384554.00 ns, 292.6124 ns/op
WorkloadPilot    9: 136700 op, 39922881.00 ns, 292.0474 ns/op
WorkloadPilot   10: 136964 op, 40076889.00 ns, 292.6089 ns/op
WorkloadPilot   11: 136701 op, 44340961.00 ns, 324.3646 ns/op

WorkloadWarmup   1: 136701 op, 40683791.00 ns, 297.6115 ns/op
WorkloadWarmup   2: 136701 op, 40474185.00 ns, 296.0782 ns/op
WorkloadWarmup   3: 136701 op, 40856334.00 ns, 298.8737 ns/op
WorkloadWarmup   4: 136701 op, 40177160.00 ns, 293.9054 ns/op
WorkloadWarmup   5: 136701 op, 40619957.00 ns, 297.1445 ns/op
WorkloadWarmup   6: 136701 op, 40746022.00 ns, 298.0667 ns/op
WorkloadWarmup   7: 136701 op, 40827923.00 ns, 298.6659 ns/op
WorkloadWarmup   8: 136701 op, 40522106.00 ns, 296.4287 ns/op
WorkloadWarmup   9: 136701 op, 40217004.00 ns, 294.1969 ns/op
WorkloadWarmup  10: 136701 op, 41019297.00 ns, 300.0658 ns/op
WorkloadWarmup  11: 136701 op, 40104694.00 ns, 293.3753 ns/op
WorkloadWarmup  12: 136701 op, 40542851.00 ns, 296.5805 ns/op
WorkloadWarmup  13: 136701 op, 45515599.00 ns, 332.9573 ns/op
WorkloadWarmup  14: 136701 op, 41313608.00 ns, 302.2188 ns/op
WorkloadWarmup  15: 136701 op, 40419810.00 ns, 295.6804 ns/op
WorkloadWarmup  16: 136701 op, 40721694.00 ns, 297.8888 ns/op
WorkloadWarmup  17: 136701 op, 40231937.00 ns, 294.3061 ns/op
WorkloadWarmup  18: 136701 op, 40014242.00 ns, 292.7136 ns/op
WorkloadWarmup  19: 136701 op, 40220205.00 ns, 294.2203 ns/op
WorkloadWarmup  20: 136701 op, 40328937.00 ns, 295.0157 ns/op
WorkloadWarmup  21: 136701 op, 40603299.00 ns, 297.0227 ns/op
WorkloadWarmup  22: 136701 op, 40171539.00 ns, 293.8643 ns/op
WorkloadWarmup  23: 136701 op, 39939545.00 ns, 292.1672 ns/op
WorkloadWarmup  24: 136701 op, 40043587.00 ns, 292.9283 ns/op
WorkloadWarmup  25: 136701 op, 40422179.00 ns, 295.6978 ns/op

// BeforeActualRun
WorkloadActual   1: 136701 op, 40417482.00 ns, 295.6634 ns/op
WorkloadActual   2: 136701 op, 40017201.00 ns, 292.7352 ns/op
WorkloadActual   3: 136701 op, 40589847.00 ns, 296.9243 ns/op
WorkloadActual   4: 136701 op, 40370732.00 ns, 295.3214 ns/op
WorkloadActual   5: 136701 op, 40122494.00 ns, 293.5055 ns/op
WorkloadActual   6: 136701 op, 40903871.00 ns, 299.2214 ns/op

// AfterActualRun
WorkloadResult   1: 136701 op, 40417482.00 ns, 295.6634 ns/op
WorkloadResult   2: 136701 op, 40017201.00 ns, 292.7352 ns/op
WorkloadResult   3: 136701 op, 40589847.00 ns, 296.9243 ns/op
WorkloadResult   4: 136701 op, 40370732.00 ns, 295.3214 ns/op
WorkloadResult   5: 136701 op, 40122494.00 ns, 293.5055 ns/op
WorkloadResult   6: 136701 op, 40903871.00 ns, 299.2214 ns/op
// GC:  0 0 0 0 136701
// Threading:  0 0 136701

// AfterAll
// Benchmark Process 18759 has exited with code 0.

Mean = 295.562 ns, StdErr = 0.958 ns (0.32%), N = 6, StdDev = 2.347 ns
Min = 292.735 ns, Q1 = 293.959 ns, Median = 295.492 ns, Q3 = 296.609 ns, Max = 299.221 ns
IQR = 2.650 ns, LowerFence = 289.985 ns, UpperFence = 300.583 ns
ConfidenceInterval = [288.981 ns; 302.143 ns] (CI 99.9%), Margin = 6.581 ns (2.23% of Mean)
Skewness = 0.26, Kurtosis = 1.45, MValue = 2

// ** Remained 16 (50.0 %) benchmark(s) to run. Estimated finish 2026-10-05 3:42 (0h 0m from now) **
// **************************
// Benchmark: CodecSuite.Run: campaign(EvaluateOverhead=False, Clock=Armonik.Ffi.Bdn.CpuClock, IterationCount=6, IterationTime=40ms, LaunchCount=1, RunStrategy=Throughput, WarmupCount=25) [Case=core-(...)etain [42]]
// *** Execute ***
// Launch: 1 / 1
// Execute: dotnet BenchDotNet-campaign-1.dll --anonymousPipes 111 112 --benchmarkName "Armonik.Ffi.Bdn.CodecSuite.Run(Case: \"core-ffi|encode-core-hot|P2.2|ascii|retain\")" --job campaign --benchmarkId 16 in /home/user/ArmoniK.Api/ffi/poc/csharp/src/BenchDotNet/bin/Release/net8.0/BenchDotNet-campaign-1/bin/Release/net8.0
// BeforeAnythingElse

// Benchmark Process Environment Information:
// BenchmarkDotNet v0.15.8
// Runtime=.NET 8.0.31 (8.0.31, 8.0.3126.42015), X64 RyuJIT x86-64-v4
// GC=Concurrent Workstation
// HardwareIntrinsics=AVX512 F+BW+CD+DQ+VL,AVX2+BMI1+BMI2+F16C+FMA+LZCNT+MOVBE,AVX,SSE3+SSSE3+SSE4.1+SSE4.2+POPCNT,X86Base+SSE+SSE2,AES+PCLMUL VectorSize=256
// Job: campaign(EvaluateOverhead=False, Clock=Armonik.Ffi.Bdn.CpuClock, IterationCount=6, IterationTime=40ms, LaunchCount=1, RunStrategy=Throughput, WarmupCount=25)

OverheadJitting  1: 1 op, 228081.00 ns, 228.0810 us/op
WorkloadJitting  1: 1 op, 24494810.00 ns, 24.4948 ms/op

WorkloadPilot    1: 4 op, 54701922.00 ns, 13.6755 ms/op

WorkloadWarmup   1: 4 op, 46153010.00 ns, 11.5383 ms/op
WorkloadWarmup   2: 4 op, 58821317.00 ns, 14.7053 ms/op
WorkloadWarmup   3: 4 op, 35118109.00 ns, 8.7795 ms/op
WorkloadWarmup   4: 4 op, 12605838.00 ns, 3.1515 ms/op
WorkloadWarmup   5: 4 op, 13202474.00 ns, 3.3006 ms/op
WorkloadWarmup   6: 4 op, 10688948.00 ns, 2.6722 ms/op
WorkloadWarmup   7: 4 op, 10786468.00 ns, 2.6966 ms/op
WorkloadWarmup   8: 4 op, 10387238.00 ns, 2.5968 ms/op
WorkloadWarmup   9: 4 op, 10062550.00 ns, 2.5156 ms/op
WorkloadWarmup  10: 4 op, 15777098.00 ns, 3.9443 ms/op
WorkloadWarmup  11: 4 op, 19960950.00 ns, 4.9902 ms/op
WorkloadWarmup  12: 4 op, 10464111.00 ns, 2.6160 ms/op
WorkloadWarmup  13: 4 op, 16301834.00 ns, 4.0755 ms/op
WorkloadWarmup  14: 4 op, 10399006.00 ns, 2.5998 ms/op
WorkloadWarmup  15: 4 op, 12484308.00 ns, 3.1211 ms/op
WorkloadWarmup  16: 4 op, 10033321.00 ns, 2.5083 ms/op
WorkloadWarmup  17: 4 op, 17752687.00 ns, 4.4382 ms/op
WorkloadWarmup  18: 4 op, 9973229.00 ns, 2.4933 ms/op
WorkloadWarmup  19: 4 op, 10512548.00 ns, 2.6281 ms/op
WorkloadWarmup  20: 4 op, 10078819.00 ns, 2.5197 ms/op
WorkloadWarmup  21: 4 op, 10044997.00 ns, 2.5112 ms/op
WorkloadWarmup  22: 4 op, 10031282.00 ns, 2.5078 ms/op
WorkloadWarmup  23: 4 op, 9882256.00 ns, 2.4706 ms/op
WorkloadWarmup  24: 4 op, 16420422.00 ns, 4.1051 ms/op
WorkloadWarmup  25: 4 op, 18204124.00 ns, 4.5510 ms/op

// BeforeActualRun
WorkloadActual   1: 4 op, 9896765.00 ns, 2.4742 ms/op
WorkloadActual   2: 4 op, 9774206.00 ns, 2.4436 ms/op
WorkloadActual   3: 4 op, 9801891.00 ns, 2.4505 ms/op
WorkloadActual   4: 4 op, 9782786.00 ns, 2.4457 ms/op
WorkloadActual   5: 4 op, 9648323.00 ns, 2.4121 ms/op
WorkloadActual   6: 4 op, 9843060.00 ns, 2.4608 ms/op

// AfterActualRun
WorkloadResult   1: 4 op, 9896765.00 ns, 2.4742 ms/op
WorkloadResult   2: 4 op, 9774206.00 ns, 2.4436 ms/op
WorkloadResult   3: 4 op, 9801891.00 ns, 2.4505 ms/op
WorkloadResult   4: 4 op, 9782786.00 ns, 2.4457 ms/op
WorkloadResult   5: 4 op, 9648323.00 ns, 2.4121 ms/op
WorkloadResult   6: 4 op, 9843060.00 ns, 2.4608 ms/op
// GC:  0 0 0 0 4
// Threading:  0 0 4

// AfterAll
// Benchmark Process 18771 has exited with code 0.

Mean = 2.448 ms, StdErr = 0.009 ms (0.35%), N = 6, StdDev = 0.021 ms
Min = 2.412 ms, Q1 = 2.444 ms, Median = 2.448 ms, Q3 = 2.458 ms, Max = 2.474 ms
IQR = 0.014 ms, LowerFence = 2.423 ms, UpperFence = 2.479 ms
ConfidenceInterval = [2.389 ms; 2.506 ms] (CI 99.9%), Margin = 0.058 ms (2.39% of Mean)
Skewness = -0.46, Kurtosis = 1.89, MValue = 2

// ** Remained 15 (46.9 %) benchmark(s) to run. Estimated finish 2026-10-05 3:42 (0h 0m from now) **
// **************************
// Benchmark: CodecSuite.Run: campaign(EvaluateOverhead=False, Clock=Armonik.Ffi.Bdn.CpuClock, IterationCount=6, IterationTime=40ms, LaunchCount=1, RunStrategy=Throughput, WarmupCount=25) [Case=core-(...)etain [54]]
// *** Execute ***
// Launch: 1 / 1
// Execute: dotnet BenchDotNet-campaign-1.dll --anonymousPipes 111 112 --benchmarkName "Armonik.Ffi.Bdn.CodecSuite.Run(Case: \"core-ffi|encode-core-hot|U-nested-before|corpus|retain\")" --job campaign --benchmarkId 17 in /home/user/ArmoniK.Api/ffi/poc/csharp/src/BenchDotNet/bin/Release/net8.0/BenchDotNet-campaign-1/bin/Release/net8.0
// BeforeAnythingElse

// Benchmark Process Environment Information:
// BenchmarkDotNet v0.15.8
// Runtime=.NET 8.0.31 (8.0.31, 8.0.3126.42015), X64 RyuJIT x86-64-v4
// GC=Concurrent Workstation
// HardwareIntrinsics=AVX512 F+BW+CD+DQ+VL,AVX2+BMI1+BMI2+F16C+FMA+LZCNT+MOVBE,AVX,SSE3+SSSE3+SSE4.1+SSE4.2+POPCNT,X86Base+SSE+SSE2,AES+PCLMUL VectorSize=256
// Job: campaign(EvaluateOverhead=False, Clock=Armonik.Ffi.Bdn.CpuClock, IterationCount=6, IterationTime=40ms, LaunchCount=1, RunStrategy=Throughput, WarmupCount=25)

OverheadJitting  1: 1 op, 257827.00 ns, 257.8270 us/op
WorkloadJitting  1: 1 op, 5330268.00 ns, 5.3303 ms/op

WorkloadPilot    1: 4 op, 34235.00 ns, 8.5588 us/op
WorkloadPilot    2: 4674 op, 16795736.00 ns, 3.5934 us/op
WorkloadPilot    3: 11131 op, 40459335.00 ns, 3.6348 us/op
WorkloadPilot    4: 11005 op, 39369650.00 ns, 3.5774 us/op
WorkloadPilot    5: 11181 op, 39878225.00 ns, 3.5666 us/op
WorkloadPilot    6: 11215 op, 45291496.00 ns, 4.0385 us/op
WorkloadPilot    7: 9905 op, 11316860.00 ns, 1.1425 us/op
WorkloadPilot    8: 35010 op, 22674555.00 ns, 647.6594 ns/op
WorkloadPilot    9: 61761 op, 39790362.00 ns, 644.2636 ns/op
WorkloadPilot   10: 62086 op, 39283712.00 ns, 632.7306 ns/op
WorkloadPilot   11: 63218 op, 40175103.00 ns, 635.5010 ns/op

WorkloadWarmup   1: 63218 op, 39999201.00 ns, 632.7185 ns/op
WorkloadWarmup   2: 63218 op, 39650887.00 ns, 627.2088 ns/op
WorkloadWarmup   3: 63218 op, 39884743.00 ns, 630.9080 ns/op
WorkloadWarmup   4: 63218 op, 39907999.00 ns, 631.2759 ns/op
WorkloadWarmup   5: 63218 op, 39996029.00 ns, 632.6684 ns/op
WorkloadWarmup   6: 63218 op, 40040456.00 ns, 633.3711 ns/op
WorkloadWarmup   7: 63218 op, 39893101.00 ns, 631.0402 ns/op
WorkloadWarmup   8: 63218 op, 39988289.00 ns, 632.5459 ns/op
WorkloadWarmup   9: 63218 op, 39787460.00 ns, 629.3692 ns/op
WorkloadWarmup  10: 63218 op, 39974079.00 ns, 632.3212 ns/op
WorkloadWarmup  11: 63218 op, 39947906.00 ns, 631.9071 ns/op
WorkloadWarmup  12: 63218 op, 40364610.00 ns, 638.4987 ns/op
WorkloadWarmup  13: 63218 op, 40063182.00 ns, 633.7306 ns/op
WorkloadWarmup  14: 63218 op, 40627210.00 ns, 642.6526 ns/op
WorkloadWarmup  15: 63218 op, 40087329.00 ns, 634.1126 ns/op
WorkloadWarmup  16: 63218 op, 39946299.00 ns, 631.8817 ns/op
WorkloadWarmup  17: 63218 op, 39761331.00 ns, 628.9559 ns/op
WorkloadWarmup  18: 63218 op, 39843263.00 ns, 630.2519 ns/op
WorkloadWarmup  19: 63218 op, 39866694.00 ns, 630.6225 ns/op
WorkloadWarmup  20: 63218 op, 40001069.00 ns, 632.7481 ns/op
WorkloadWarmup  21: 63218 op, 39919381.00 ns, 631.4559 ns/op
WorkloadWarmup  22: 63218 op, 40151441.00 ns, 635.1267 ns/op
WorkloadWarmup  23: 63218 op, 39888360.00 ns, 630.9652 ns/op
WorkloadWarmup  24: 63218 op, 39946349.00 ns, 631.8825 ns/op
WorkloadWarmup  25: 63218 op, 40346111.00 ns, 638.2061 ns/op

// BeforeActualRun
WorkloadActual   1: 63218 op, 40181487.00 ns, 635.6020 ns/op
WorkloadActual   2: 63218 op, 40057295.00 ns, 633.6375 ns/op
WorkloadActual   3: 63218 op, 39961288.00 ns, 632.1188 ns/op
WorkloadActual   4: 63218 op, 39926127.00 ns, 631.5626 ns/op
WorkloadActual   5: 63218 op, 40048660.00 ns, 633.5009 ns/op
WorkloadActual   6: 63218 op, 40010993.00 ns, 632.9051 ns/op

// AfterActualRun
WorkloadResult   1: 63218 op, 40057295.00 ns, 633.6375 ns/op
WorkloadResult   2: 63218 op, 39961288.00 ns, 632.1188 ns/op
WorkloadResult   3: 63218 op, 39926127.00 ns, 631.5626 ns/op
WorkloadResult   4: 63218 op, 40048660.00 ns, 633.5009 ns/op
WorkloadResult   5: 63218 op, 40010993.00 ns, 632.9051 ns/op
// GC:  0 0 0 0 63218
// Threading:  0 0 63218

// AfterAll
// Benchmark Process 18781 has exited with code 0.

Mean = 632.745 ns, StdErr = 0.399 ns (0.06%), N = 5, StdDev = 0.892 ns
Min = 631.563 ns, Q1 = 632.119 ns, Median = 632.905 ns, Q3 = 633.501 ns, Max = 633.637 ns
IQR = 1.382 ns, LowerFence = 630.046 ns, UpperFence = 635.574 ns
ConfidenceInterval = [629.310 ns; 636.180 ns] (CI 99.9%), Margin = 3.435 ns (0.54% of Mean)
Skewness = -0.21, Kurtosis = 0.97, MValue = 2

// ** Remained 14 (43.8 %) benchmark(s) to run. Estimated finish 2026-10-05 3:42 (0h 0m from now) **
// **************************
// Benchmark: CodecSuite.Run: campaign(EvaluateOverhead=False, Clock=Armonik.Ffi.Bdn.CpuClock, IterationCount=6, IterationTime=40ms, LaunchCount=1, RunStrategy=Throughput, WarmupCount=25) [Case=core-(...)|drop [40]]
// *** Execute ***
// Launch: 1 / 1
// Execute: dotnet BenchDotNet-campaign-1.dll --anonymousPipes 111 112 --benchmarkName "Armonik.Ffi.Bdn.CodecSuite.Run(Case: \"core-ffi|encode-core-hot|P2.2|ascii|drop\")" --job campaign --benchmarkId 18 in /home/user/ArmoniK.Api/ffi/poc/csharp/src/BenchDotNet/bin/Release/net8.0/BenchDotNet-campaign-1/bin/Release/net8.0
// BeforeAnythingElse

// Benchmark Process Environment Information:
// BenchmarkDotNet v0.15.8
// Runtime=.NET 8.0.31 (8.0.31, 8.0.3126.42015), X64 RyuJIT x86-64-v4
// GC=Concurrent Workstation
// HardwareIntrinsics=AVX512 F+BW+CD+DQ+VL,AVX2+BMI1+BMI2+F16C+FMA+LZCNT+MOVBE,AVX,SSE3+SSSE3+SSE4.1+SSE4.2+POPCNT,X86Base+SSE+SSE2,AES+PCLMUL VectorSize=256
// Job: campaign(EvaluateOverhead=False, Clock=Armonik.Ffi.Bdn.CpuClock, IterationCount=6, IterationTime=40ms, LaunchCount=1, RunStrategy=Throughput, WarmupCount=25)

OverheadJitting  1: 1 op, 279706.00 ns, 279.7060 us/op
WorkloadJitting  1: 1 op, 27098122.00 ns, 27.0981 ms/op

OverheadJitting  2: 1 op, 752.00 ns, 752.0000 ns/op
WorkloadJitting  2: 1 op, 14577138.00 ns, 14.5771 ms/op

WorkloadPilot    1: 4 op, 61499710.00 ns, 15.3749 ms/op

WorkloadWarmup   1: 4 op, 56797277.00 ns, 14.1993 ms/op
WorkloadWarmup   2: 4 op, 45921135.00 ns, 11.4803 ms/op
WorkloadWarmup   3: 4 op, 36494441.00 ns, 9.1236 ms/op
WorkloadWarmup   4: 4 op, 13433019.00 ns, 3.3583 ms/op
WorkloadWarmup   5: 4 op, 11433466.00 ns, 2.8584 ms/op
WorkloadWarmup   6: 4 op, 10284181.00 ns, 2.5710 ms/op
WorkloadWarmup   7: 4 op, 10290599.00 ns, 2.5726 ms/op
WorkloadWarmup   8: 4 op, 10216654.00 ns, 2.5542 ms/op
WorkloadWarmup   9: 4 op, 10337798.00 ns, 2.5844 ms/op
WorkloadWarmup  10: 4 op, 10367073.00 ns, 2.5918 ms/op
WorkloadWarmup  11: 4 op, 16267566.00 ns, 4.0669 ms/op
WorkloadWarmup  12: 4 op, 15872283.00 ns, 3.9681 ms/op
WorkloadWarmup  13: 4 op, 15476907.00 ns, 3.8692 ms/op
WorkloadWarmup  14: 4 op, 10356285.00 ns, 2.5891 ms/op
WorkloadWarmup  15: 4 op, 9914018.00 ns, 2.4785 ms/op
WorkloadWarmup  16: 4 op, 10134401.00 ns, 2.5336 ms/op
WorkloadWarmup  17: 4 op, 10169535.00 ns, 2.5424 ms/op
WorkloadWarmup  18: 4 op, 11081409.00 ns, 2.7704 ms/op
WorkloadWarmup  19: 4 op, 10176695.00 ns, 2.5442 ms/op
WorkloadWarmup  20: 4 op, 10973316.00 ns, 2.7433 ms/op
WorkloadWarmup  21: 4 op, 10220788.00 ns, 2.5552 ms/op
WorkloadWarmup  22: 4 op, 10723823.00 ns, 2.6810 ms/op
WorkloadWarmup  23: 4 op, 10283610.00 ns, 2.5709 ms/op
WorkloadWarmup  24: 4 op, 10471256.00 ns, 2.6178 ms/op
WorkloadWarmup  25: 4 op, 10056053.00 ns, 2.5140 ms/op

// BeforeActualRun
WorkloadActual   1: 4 op, 11332654.00 ns, 2.8332 ms/op
WorkloadActual   2: 4 op, 9914567.00 ns, 2.4786 ms/op
WorkloadActual   3: 4 op, 11333641.00 ns, 2.8334 ms/op
WorkloadActual   4: 4 op, 10858343.00 ns, 2.7146 ms/op
WorkloadActual   5: 4 op, 11227378.00 ns, 2.8068 ms/op
WorkloadActual   6: 4 op, 10930113.00 ns, 2.7325 ms/op

// AfterActualRun
WorkloadResult   1: 4 op, 11332654.00 ns, 2.8332 ms/op
WorkloadResult   2: 4 op, 9914567.00 ns, 2.4786 ms/op
WorkloadResult   3: 4 op, 11333641.00 ns, 2.8334 ms/op
WorkloadResult   4: 4 op, 10858343.00 ns, 2.7146 ms/op
WorkloadResult   5: 4 op, 11227378.00 ns, 2.8068 ms/op
WorkloadResult   6: 4 op, 10930113.00 ns, 2.7325 ms/op
// GC:  0 0 0 0 4
// Threading:  0 0 4

// AfterAll
// Benchmark Process 18790 has exited with code 0.

Mean = 2.733 ms, StdErr = 0.055 ms (2.01%), N = 6, StdDev = 0.135 ms
Min = 2.479 ms, Q1 = 2.719 ms, Median = 2.770 ms, Q3 = 2.827 ms, Max = 2.833 ms
IQR = 0.108 ms, LowerFence = 2.558 ms, UpperFence = 2.988 ms
ConfidenceInterval = [2.356 ms; 3.111 ms] (CI 99.9%), Margin = 0.377 ms (13.81% of Mean)
Skewness = -0.96, Kurtosis = 2.25, MValue = 2

// ** Remained 13 (40.6 %) benchmark(s) to run. Estimated finish 2026-10-05 3:42 (0h 0m from now) **
// **************************
// Benchmark: CodecSuite.Run: campaign(EvaluateOverhead=False, Clock=Armonik.Ffi.Bdn.CpuClock, IterationCount=6, IterationTime=40ms, LaunchCount=1, RunStrategy=Throughput, WarmupCount=25) [Case=core-(...)etain [83]]
// *** Execute ***
// Launch: 1 / 1
// Execute: dotnet BenchDotNet-campaign-1.dll --anonymousPipes 111 112 --benchmarkName "Armonik.Ffi.Bdn.CodecSuite.Run(Case: \"core-ffi|encode-core-hot|U-wire-UploadResultDataMessage-upload-as-wt5|corpus|retain\")" --job campaign --benchmarkId 19 in /home/user/ArmoniK.Api/ffi/poc/csharp/src/BenchDotNet/bin/Release/net8.0/BenchDotNet-campaign-1/bin/Release/net8.0
// BeforeAnythingElse

// Benchmark Process Environment Information:
// BenchmarkDotNet v0.15.8
// Runtime=.NET 8.0.31 (8.0.31, 8.0.3126.42015), X64 RyuJIT x86-64-v4
// GC=Concurrent Workstation
// HardwareIntrinsics=AVX512 F+BW+CD+DQ+VL,AVX2+BMI1+BMI2+F16C+FMA+LZCNT+MOVBE,AVX,SSE3+SSSE3+SSE4.1+SSE4.2+POPCNT,X86Base+SSE+SSE2,AES+PCLMUL VectorSize=256
// Job: campaign(EvaluateOverhead=False, Clock=Armonik.Ffi.Bdn.CpuClock, IterationCount=6, IterationTime=40ms, LaunchCount=1, RunStrategy=Throughput, WarmupCount=25)

OverheadJitting  1: 1 op, 237486.00 ns, 237.4860 us/op
WorkloadJitting  1: 1 op, 3914886.00 ns, 3.9149 ms/op

WorkloadPilot    1: 4 op, 25189.00 ns, 6.2973 us/op
WorkloadPilot    2: 6352 op, 13146243.00 ns, 2.0696 us/op
WorkloadPilot    3: 19327 op, 40221158.00 ns, 2.0811 us/op
WorkloadPilot    4: 19221 op, 39120100.00 ns, 2.0353 us/op
WorkloadPilot    5: 19653 op, 39874423.00 ns, 2.0289 us/op
WorkloadPilot    6: 19715 op, 42320732.00 ns, 2.1466 us/op
WorkloadPilot    7: 18634 op, 8103780.00 ns, 434.8921 ns/op
WorkloadPilot    8: 91977 op, 26964844.00 ns, 293.1694 ns/op
WorkloadPilot    9: 136440 op, 41135592.00 ns, 301.4922 ns/op

WorkloadWarmup   1: 136440 op, 39890873.00 ns, 292.3693 ns/op
WorkloadWarmup   2: 136440 op, 40247896.00 ns, 294.9860 ns/op
WorkloadWarmup   3: 136440 op, 40148217.00 ns, 294.2555 ns/op
WorkloadWarmup   4: 136440 op, 40076829.00 ns, 293.7323 ns/op
WorkloadWarmup   5: 136440 op, 39582005.00 ns, 290.1056 ns/op
WorkloadWarmup   6: 136440 op, 39789097.00 ns, 291.6234 ns/op
WorkloadWarmup   7: 136440 op, 41860331.00 ns, 306.8040 ns/op
WorkloadWarmup   8: 136440 op, 41370725.00 ns, 303.2155 ns/op
WorkloadWarmup   9: 136440 op, 40985061.00 ns, 300.3889 ns/op
WorkloadWarmup  10: 136440 op, 39988767.00 ns, 293.0868 ns/op
WorkloadWarmup  11: 136440 op, 40100376.00 ns, 293.9048 ns/op
WorkloadWarmup  12: 136440 op, 40577365.00 ns, 297.4008 ns/op
WorkloadWarmup  13: 136440 op, 40123290.00 ns, 294.0728 ns/op
WorkloadWarmup  14: 136440 op, 39764915.00 ns, 291.4462 ns/op
WorkloadWarmup  15: 136440 op, 40907089.00 ns, 299.8174 ns/op
WorkloadWarmup  16: 136440 op, 39784750.00 ns, 291.5915 ns/op
WorkloadWarmup  17: 136440 op, 40895492.00 ns, 299.7324 ns/op
WorkloadWarmup  18: 136440 op, 43431953.00 ns, 318.3227 ns/op
WorkloadWarmup  19: 136440 op, 44213775.00 ns, 324.0529 ns/op
WorkloadWarmup  20: 136440 op, 40053650.00 ns, 293.5624 ns/op
WorkloadWarmup  21: 136440 op, 41011218.00 ns, 300.5806 ns/op
WorkloadWarmup  22: 136440 op, 46148401.00 ns, 338.2322 ns/op
WorkloadWarmup  23: 136440 op, 45079773.00 ns, 330.4000 ns/op
WorkloadWarmup  24: 136440 op, 39681384.00 ns, 290.8339 ns/op
WorkloadWarmup  25: 136440 op, 40815497.00 ns, 299.1461 ns/op

// BeforeActualRun
WorkloadActual   1: 136440 op, 40312247.00 ns, 295.4577 ns/op
WorkloadActual   2: 136440 op, 40110594.00 ns, 293.9797 ns/op
WorkloadActual   3: 136440 op, 39916876.00 ns, 292.5599 ns/op
WorkloadActual   4: 136440 op, 40210496.00 ns, 294.7119 ns/op
WorkloadActual   5: 136440 op, 40138390.00 ns, 294.1835 ns/op
WorkloadActual   6: 136440 op, 40015715.00 ns, 293.2843 ns/op

// AfterActualRun
WorkloadResult   1: 136440 op, 40312247.00 ns, 295.4577 ns/op
WorkloadResult   2: 136440 op, 40110594.00 ns, 293.9797 ns/op
WorkloadResult   3: 136440 op, 39916876.00 ns, 292.5599 ns/op
WorkloadResult   4: 136440 op, 40210496.00 ns, 294.7119 ns/op
WorkloadResult   5: 136440 op, 40138390.00 ns, 294.1835 ns/op
WorkloadResult   6: 136440 op, 40015715.00 ns, 293.2843 ns/op
// GC:  0 0 0 0 136440
// Threading:  0 0 136440

// AfterAll
// Benchmark Process 18799 has exited with code 0.

Mean = 294.030 ns, StdErr = 0.418 ns (0.14%), N = 6, StdDev = 1.024 ns
Min = 292.560 ns, Q1 = 293.458 ns, Median = 294.082 ns, Q3 = 294.580 ns, Max = 295.458 ns
IQR = 1.122 ns, LowerFence = 291.776 ns, UpperFence = 296.262 ns
ConfidenceInterval = [291.157 ns; 296.902 ns] (CI 99.9%), Margin = 2.872 ns (0.98% of Mean)
Skewness = -0.05, Kurtosis = 1.42, MValue = 2

// ** Remained 12 (37.5 %) benchmark(s) to run. Estimated finish 2026-10-05 3:42 (0h 0m from now) **
// **************************
// Benchmark: CodecSuite.Run: campaign(EvaluateOverhead=False, Clock=Armonik.Ffi.Bdn.CpuClock, IterationCount=6, IterationTime=40ms, LaunchCount=1, RunStrategy=Throughput, WarmupCount=25) [Case=core-(...)|drop [78]]
// *** Execute ***
// Launch: 1 / 1
// Execute: dotnet BenchDotNet-campaign-1.dll --anonymousPipes 111 112 --benchmarkName "Armonik.Ffi.Bdn.CodecSuite.Run(Case: \"core-ffi|encode-core-hot|U-wire-ListMetricsResponse-batches-as-wt0|corpus|drop\")" --job campaign --benchmarkId 20 in /home/user/ArmoniK.Api/ffi/poc/csharp/src/BenchDotNet/bin/Release/net8.0/BenchDotNet-campaign-1/bin/Release/net8.0
// BeforeAnythingElse

// Benchmark Process Environment Information:
// BenchmarkDotNet v0.15.8
// Runtime=.NET 8.0.31 (8.0.31, 8.0.3126.42015), X64 RyuJIT x86-64-v4
// GC=Concurrent Workstation
// HardwareIntrinsics=AVX512 F+BW+CD+DQ+VL,AVX2+BMI1+BMI2+F16C+FMA+LZCNT+MOVBE,AVX,SSE3+SSSE3+SSE4.1+SSE4.2+POPCNT,X86Base+SSE+SSE2,AES+PCLMUL VectorSize=256
// Job: campaign(EvaluateOverhead=False, Clock=Armonik.Ffi.Bdn.CpuClock, IterationCount=6, IterationTime=40ms, LaunchCount=1, RunStrategy=Throughput, WarmupCount=25)

OverheadJitting  1: 1 op, 230486.00 ns, 230.4860 us/op
WorkloadJitting  1: 1 op, 7284518.00 ns, 7.2845 ms/op

WorkloadPilot    1: 4 op, 49364.00 ns, 12.3410 us/op
WorkloadPilot    2: 3241 op, 21885904.00 ns, 6.7528 us/op
WorkloadPilot    3: 5923 op, 37329378.00 ns, 6.3024 us/op
WorkloadPilot    4: 6347 op, 38834595.00 ns, 6.1186 us/op
WorkloadPilot    5: 6537 op, 39999916.00 ns, 6.1190 us/op

WorkloadWarmup   1: 6537 op, 41000586.00 ns, 6.2721 us/op
WorkloadWarmup   2: 6537 op, 40609187.00 ns, 6.2122 us/op
WorkloadWarmup   3: 6537 op, 43579661.00 ns, 6.6666 us/op
WorkloadWarmup   4: 6537 op, 18151945.00 ns, 2.7768 us/op
WorkloadWarmup   5: 6537 op, 14079312.00 ns, 2.1538 us/op
WorkloadWarmup   6: 6537 op, 10755163.00 ns, 1.6453 us/op
WorkloadWarmup   7: 6537 op, 21318729.00 ns, 3.2612 us/op
WorkloadWarmup   8: 6537 op, 10350686.00 ns, 1.5834 us/op
WorkloadWarmup   9: 6537 op, 10343552.00 ns, 1.5823 us/op
WorkloadWarmup  10: 6537 op, 10755855.00 ns, 1.6454 us/op
WorkloadWarmup  11: 6537 op, 10427039.00 ns, 1.5951 us/op
WorkloadWarmup  12: 6537 op, 10314630.00 ns, 1.5779 us/op
WorkloadWarmup  13: 6537 op, 11242148.00 ns, 1.7198 us/op
WorkloadWarmup  14: 6537 op, 10213411.00 ns, 1.5624 us/op
WorkloadWarmup  15: 6537 op, 10890926.00 ns, 1.6660 us/op
WorkloadWarmup  16: 6537 op, 10937548.00 ns, 1.6732 us/op
WorkloadWarmup  17: 6537 op, 12340664.00 ns, 1.8878 us/op
WorkloadWarmup  18: 6537 op, 10434407.00 ns, 1.5962 us/op
WorkloadWarmup  19: 6537 op, 10349533.00 ns, 1.5832 us/op
WorkloadWarmup  20: 6537 op, 10430650.00 ns, 1.5956 us/op
WorkloadWarmup  21: 6537 op, 10168425.00 ns, 1.5555 us/op
WorkloadWarmup  22: 6537 op, 10367064.00 ns, 1.5859 us/op
WorkloadWarmup  23: 6537 op, 12855295.00 ns, 1.9665 us/op
WorkloadWarmup  24: 6537 op, 10171092.00 ns, 1.5559 us/op
WorkloadWarmup  25: 6537 op, 10492666.00 ns, 1.6051 us/op

// BeforeActualRun
WorkloadActual   1: 6537 op, 10373251.00 ns, 1.5869 us/op
WorkloadActual   2: 6537 op, 10197149.00 ns, 1.5599 us/op
WorkloadActual   3: 6537 op, 10332011.00 ns, 1.5805 us/op
WorkloadActual   4: 6537 op, 10373183.00 ns, 1.5868 us/op
WorkloadActual   5: 6537 op, 12174480.00 ns, 1.8624 us/op
WorkloadActual   6: 6537 op, 10096619.00 ns, 1.5445 us/op

// AfterActualRun
WorkloadResult   1: 6537 op, 10373251.00 ns, 1.5869 us/op
WorkloadResult   2: 6537 op, 10197149.00 ns, 1.5599 us/op
WorkloadResult   3: 6537 op, 10332011.00 ns, 1.5805 us/op
WorkloadResult   4: 6537 op, 10373183.00 ns, 1.5868 us/op
WorkloadResult   5: 6537 op, 10096619.00 ns, 1.5445 us/op
// GC:  0 0 0 0 6537
// Threading:  0 0 6537

// AfterAll
// Benchmark Process 18812 has exited with code 0.

Mean = 1.572 us, StdErr = 0.008 us (0.53%), N = 5, StdDev = 0.019 us
Min = 1.545 us, Q1 = 1.560 us, Median = 1.581 us, Q3 = 1.587 us, Max = 1.587 us
IQR = 0.027 us, LowerFence = 1.520 us, UpperFence = 1.627 us
ConfidenceInterval = [1.499 us; 1.644 us] (CI 99.9%), Margin = 0.072 us (4.61% of Mean)
Skewness = -0.43, Kurtosis = 1.08, MValue = 2

// ** Remained 11 (34.4 %) benchmark(s) to run. Estimated finish 2026-10-05 3:42 (0h 0m from now) **
// **************************
// Benchmark: CodecSuite.Run: campaign(EvaluateOverhead=False, Clock=Armonik.Ffi.Bdn.CpuClock, IterationCount=6, IterationTime=40ms, LaunchCount=1, RunStrategy=Throughput, WarmupCount=25) [Case=core-(...)etain [56]]
// *** Execute ***
// Launch: 1 / 1
// Execute: dotnet BenchDotNet-campaign-1.dll --anonymousPipes 111 112 --benchmarkName "Armonik.Ffi.Bdn.CodecSuite.Run(Case: \"core-ffi|encode-core-hot|U-deep-u-repeated|corpus|retain\")" --job campaign --benchmarkId 21 in /home/user/ArmoniK.Api/ffi/poc/csharp/src/BenchDotNet/bin/Release/net8.0/BenchDotNet-campaign-1/bin/Release/net8.0
// BeforeAnythingElse

// Benchmark Process Environment Information:
// BenchmarkDotNet v0.15.8
// Runtime=.NET 8.0.31 (8.0.31, 8.0.3126.42015), X64 RyuJIT x86-64-v4
// GC=Concurrent Workstation
// HardwareIntrinsics=AVX512 F+BW+CD+DQ+VL,AVX2+BMI1+BMI2+F16C+FMA+LZCNT+MOVBE,AVX,SSE3+SSSE3+SSE4.1+SSE4.2+POPCNT,X86Base+SSE+SSE2,AES+PCLMUL VectorSize=256
// Job: campaign(EvaluateOverhead=False, Clock=Armonik.Ffi.Bdn.CpuClock, IterationCount=6, IterationTime=40ms, LaunchCount=1, RunStrategy=Throughput, WarmupCount=25)

OverheadJitting  1: 1 op, 245385.00 ns, 245.3850 us/op
WorkloadJitting  1: 1 op, 12075445.00 ns, 12.0754 ms/op

WorkloadPilot    1: 4 op, 103582.00 ns, 25.8955 us/op
WorkloadPilot    2: 1545 op, 30913823.00 ns, 20.0089 us/op
WorkloadPilot    3: 1999 op, 41203370.00 ns, 20.6120 us/op
WorkloadPilot    4: 1941 op, 40690207.00 ns, 20.9635 us/op
WorkloadPilot    5: 1908 op, 41075982.00 ns, 21.5283 us/op

WorkloadWarmup   1: 1908 op, 42280609.00 ns, 22.1596 us/op
WorkloadWarmup   2: 1908 op, 34208531.00 ns, 17.9290 us/op
WorkloadWarmup   3: 1908 op, 35704748.00 ns, 18.7132 us/op
WorkloadWarmup   4: 1908 op, 33076805.00 ns, 17.3359 us/op
WorkloadWarmup   5: 1908 op, 36207397.00 ns, 18.9766 us/op
WorkloadWarmup   6: 1908 op, 25260056.00 ns, 13.2390 us/op
WorkloadWarmup   7: 1908 op, 14529757.00 ns, 7.6152 us/op
WorkloadWarmup   8: 1908 op, 12224844.00 ns, 6.4072 us/op
WorkloadWarmup   9: 1908 op, 9369910.00 ns, 4.9109 us/op
WorkloadWarmup  10: 1908 op, 6734877.00 ns, 3.5298 us/op
WorkloadWarmup  11: 1908 op, 7005307.00 ns, 3.6715 us/op
WorkloadWarmup  12: 1908 op, 6727381.00 ns, 3.5259 us/op
WorkloadWarmup  13: 1908 op, 6598064.00 ns, 3.4581 us/op
WorkloadWarmup  14: 1908 op, 6567850.00 ns, 3.4423 us/op
WorkloadWarmup  15: 1908 op, 6680516.00 ns, 3.5013 us/op
WorkloadWarmup  16: 1908 op, 6929730.00 ns, 3.6319 us/op
WorkloadWarmup  17: 1908 op, 7075647.00 ns, 3.7084 us/op
WorkloadWarmup  18: 1908 op, 6733786.00 ns, 3.5292 us/op
WorkloadWarmup  19: 1908 op, 7108518.00 ns, 3.7256 us/op
WorkloadWarmup  20: 1908 op, 6646432.00 ns, 3.4835 us/op
WorkloadWarmup  21: 1908 op, 6637381.00 ns, 3.4787 us/op
WorkloadWarmup  22: 1908 op, 6678457.00 ns, 3.5002 us/op
WorkloadWarmup  23: 1908 op, 6714208.00 ns, 3.5190 us/op
WorkloadWarmup  24: 1908 op, 7209507.00 ns, 3.7786 us/op
WorkloadWarmup  25: 1908 op, 6685104.00 ns, 3.5037 us/op

// BeforeActualRun
WorkloadActual   1: 1908 op, 6959829.00 ns, 3.6477 us/op
WorkloadActual   2: 1908 op, 7640412.00 ns, 4.0044 us/op
WorkloadActual   3: 1908 op, 6748353.00 ns, 3.5369 us/op
WorkloadActual   4: 1908 op, 6524750.00 ns, 3.4197 us/op
WorkloadActual   5: 1908 op, 7188558.00 ns, 3.7676 us/op
WorkloadActual   6: 1908 op, 6587209.00 ns, 3.4524 us/op

// AfterActualRun
WorkloadResult   1: 1908 op, 6959829.00 ns, 3.6477 us/op
WorkloadResult   2: 1908 op, 7640412.00 ns, 4.0044 us/op
WorkloadResult   3: 1908 op, 6748353.00 ns, 3.5369 us/op
WorkloadResult   4: 1908 op, 6524750.00 ns, 3.4197 us/op
WorkloadResult   5: 1908 op, 7188558.00 ns, 3.7676 us/op
WorkloadResult   6: 1908 op, 6587209.00 ns, 3.4524 us/op
// GC:  0 0 0 0 1908
// Threading:  0 0 1908

// AfterAll
// Benchmark Process 18821 has exited with code 0.

Mean = 3.638 us, StdErr = 0.090 us (2.48%), N = 6, StdDev = 0.221 us
Min = 3.420 us, Q1 = 3.474 us, Median = 3.592 us, Q3 = 3.738 us, Max = 4.004 us
IQR = 0.264 us, LowerFence = 3.077 us, UpperFence = 4.134 us
ConfidenceInterval = [3.019 us; 4.257 us] (CI 99.9%), Margin = 0.619 us (17.01% of Mean)
Skewness = 0.52, Kurtosis = 1.54, MValue = 2

// ** Remained 10 (31.2 %) benchmark(s) to run. Estimated finish 2026-10-05 3:42 (0h 0m from now) **
// **************************
// Benchmark: CodecSuite.Run: campaign(EvaluateOverhead=False, Clock=Armonik.Ffi.Bdn.CpuClock, IterationCount=6, IterationTime=40ms, LaunchCount=1, RunStrategy=Throughput, WarmupCount=25) [Case=core-(...)|drop [81]]
// *** Execute ***
// Launch: 1 / 1
// Execute: dotnet BenchDotNet-campaign-1.dll --anonymousPipes 111 112 --benchmarkName "Armonik.Ffi.Bdn.CodecSuite.Run(Case: \"core-ffi|encode-core-hot|U-wire-UploadResultDataMessage-upload-as-wt5|corpus|drop\")" --job campaign --benchmarkId 22 in /home/user/ArmoniK.Api/ffi/poc/csharp/src/BenchDotNet/bin/Release/net8.0/BenchDotNet-campaign-1/bin/Release/net8.0
// BeforeAnythingElse

// Benchmark Process Environment Information:
// BenchmarkDotNet v0.15.8
// Runtime=.NET 8.0.31 (8.0.31, 8.0.3126.42015), X64 RyuJIT x86-64-v4
// GC=Concurrent Workstation
// HardwareIntrinsics=AVX512 F+BW+CD+DQ+VL,AVX2+BMI1+BMI2+F16C+FMA+LZCNT+MOVBE,AVX,SSE3+SSSE3+SSE4.1+SSE4.2+POPCNT,X86Base+SSE+SSE2,AES+PCLMUL VectorSize=256
// Job: campaign(EvaluateOverhead=False, Clock=Armonik.Ffi.Bdn.CpuClock, IterationCount=6, IterationTime=40ms, LaunchCount=1, RunStrategy=Throughput, WarmupCount=25)

OverheadJitting  1: 1 op, 248918.00 ns, 248.9180 us/op
WorkloadJitting  1: 1 op, 4252813.00 ns, 4.2528 ms/op

WorkloadPilot    1: 4 op, 23179.00 ns, 5.7948 us/op
WorkloadPilot    2: 6903 op, 13598443.00 ns, 1.9699 us/op
WorkloadPilot    3: 20305 op, 47464462.00 ns, 2.3376 us/op
WorkloadPilot    4: 17112 op, 33723287.00 ns, 1.9707 us/op
WorkloadPilot    5: 20297 op, 42719898.00 ns, 2.1047 us/op
WorkloadPilot    6: 19005 op, 32340895.00 ns, 1.7017 us/op
WorkloadPilot    7: 23506 op, 7762845.00 ns, 330.2495 ns/op
WorkloadPilot    8: 121121 op, 33476502.00 ns, 276.3889 ns/op
WorkloadPilot    9: 144724 op, 40503493.00 ns, 279.8671 ns/op

WorkloadWarmup   1: 144724 op, 40248080.00 ns, 278.1023 ns/op
WorkloadWarmup   2: 144724 op, 40085885.00 ns, 276.9816 ns/op
WorkloadWarmup   3: 144724 op, 40056879.00 ns, 276.7812 ns/op
WorkloadWarmup   4: 144724 op, 40394558.00 ns, 279.1144 ns/op
WorkloadWarmup   5: 144724 op, 40409286.00 ns, 279.2162 ns/op
WorkloadWarmup   6: 144724 op, 40139832.00 ns, 277.3544 ns/op
WorkloadWarmup   7: 144724 op, 40298867.00 ns, 278.4532 ns/op
WorkloadWarmup   8: 144724 op, 41671326.00 ns, 287.9365 ns/op
WorkloadWarmup   9: 144724 op, 42337986.00 ns, 292.5430 ns/op
WorkloadWarmup  10: 144724 op, 40267511.00 ns, 278.2366 ns/op
WorkloadWarmup  11: 144724 op, 41490983.00 ns, 286.6904 ns/op
WorkloadWarmup  12: 144724 op, 42676991.00 ns, 294.8854 ns/op
WorkloadWarmup  13: 144724 op, 41443220.00 ns, 286.3604 ns/op
WorkloadWarmup  14: 144724 op, 41113113.00 ns, 284.0794 ns/op
WorkloadWarmup  15: 144724 op, 42692563.00 ns, 294.9930 ns/op
WorkloadWarmup  16: 144724 op, 41954209.00 ns, 289.8912 ns/op
WorkloadWarmup  17: 144724 op, 42906618.00 ns, 296.4720 ns/op
WorkloadWarmup  18: 144724 op, 44322606.00 ns, 306.2561 ns/op
WorkloadWarmup  19: 144724 op, 40525698.00 ns, 280.0206 ns/op
WorkloadWarmup  20: 144724 op, 41414828.00 ns, 286.1642 ns/op
WorkloadWarmup  21: 144724 op, 44921478.00 ns, 310.3941 ns/op
WorkloadWarmup  22: 144724 op, 42167089.00 ns, 291.3621 ns/op
WorkloadWarmup  23: 144724 op, 41269817.00 ns, 285.1622 ns/op
WorkloadWarmup  24: 144724 op, 41042411.00 ns, 283.5909 ns/op
WorkloadWarmup  25: 144724 op, 41147435.00 ns, 284.3166 ns/op

// BeforeActualRun
WorkloadActual   1: 144724 op, 41906262.00 ns, 289.5599 ns/op
WorkloadActual   2: 144724 op, 41781470.00 ns, 288.6976 ns/op
WorkloadActual   3: 144724 op, 43164524.00 ns, 298.2541 ns/op
WorkloadActual   4: 144724 op, 40892594.00 ns, 282.5557 ns/op
WorkloadActual   5: 144724 op, 44062977.00 ns, 304.4621 ns/op
WorkloadActual   6: 144724 op, 42048577.00 ns, 290.5432 ns/op

// AfterActualRun
WorkloadResult   1: 144724 op, 41906262.00 ns, 289.5599 ns/op
WorkloadResult   2: 144724 op, 41781470.00 ns, 288.6976 ns/op
WorkloadResult   3: 144724 op, 43164524.00 ns, 298.2541 ns/op
WorkloadResult   4: 144724 op, 40892594.00 ns, 282.5557 ns/op
WorkloadResult   5: 144724 op, 44062977.00 ns, 304.4621 ns/op
WorkloadResult   6: 144724 op, 42048577.00 ns, 290.5432 ns/op
// GC:  0 0 0 0 144724
// Threading:  0 0 144724

// AfterAll
// Benchmark Process 18830 has exited with code 0.

Mean = 292.345 ns, StdErr = 3.172 ns (1.09%), N = 6, StdDev = 7.770 ns
Min = 282.556 ns, Q1 = 288.913 ns, Median = 290.052 ns, Q3 = 296.326 ns, Max = 304.462 ns
IQR = 7.413 ns, LowerFence = 277.793 ns, UpperFence = 307.446 ns
ConfidenceInterval = [270.556 ns; 314.134 ns] (CI 99.9%), Margin = 21.789 ns (7.45% of Mean)
Skewness = 0.34, Kurtosis = 1.47, MValue = 2

// ** Remained 9 (28.1 %) benchmark(s) to run. Estimated finish 2026-10-05 3:42 (0h 0m from now) **
// **************************
// Benchmark: CodecSuite.Run: campaign(EvaluateOverhead=False, Clock=Armonik.Ffi.Bdn.CpuClock, IterationCount=6, IterationTime=40ms, LaunchCount=1, RunStrategy=Throughput, WarmupCount=25) [Case=core-(...)|drop [54]]
// *** Execute ***
// Launch: 1 / 1
// Execute: dotnet BenchDotNet-campaign-1.dll --anonymousPipes 111 112 --benchmarkName "Armonik.Ffi.Bdn.CodecSuite.Run(Case: \"core-ffi|encode-core-hot|U-deep-u-repeated|corpus|drop\")" --job campaign --benchmarkId 23 in /home/user/ArmoniK.Api/ffi/poc/csharp/src/BenchDotNet/bin/Release/net8.0/BenchDotNet-campaign-1/bin/Release/net8.0
// BeforeAnythingElse

// Benchmark Process Environment Information:
// BenchmarkDotNet v0.15.8
// Runtime=.NET 8.0.31 (8.0.31, 8.0.3126.42015), X64 RyuJIT x86-64-v4
// GC=Concurrent Workstation
// HardwareIntrinsics=AVX512 F+BW+CD+DQ+VL,AVX2+BMI1+BMI2+F16C+FMA+LZCNT+MOVBE,AVX,SSE3+SSSE3+SSE4.1+SSE4.2+POPCNT,X86Base+SSE+SSE2,AES+PCLMUL VectorSize=256
// Job: campaign(EvaluateOverhead=False, Clock=Armonik.Ffi.Bdn.CpuClock, IterationCount=6, IterationTime=40ms, LaunchCount=1, RunStrategy=Throughput, WarmupCount=25)

OverheadJitting  1: 1 op, 235976.00 ns, 235.9760 us/op
WorkloadJitting  1: 1 op, 11096868.00 ns, 11.0969 ms/op

WorkloadPilot    1: 4 op, 98370.00 ns, 24.5925 us/op
WorkloadPilot    2: 1627 op, 33861964.00 ns, 20.8125 us/op
WorkloadPilot    3: 1922 op, 40018202.00 ns, 20.8211 us/op

WorkloadWarmup   1: 1922 op, 61344909.00 ns, 31.9172 us/op
WorkloadWarmup   2: 1922 op, 42473132.00 ns, 22.0984 us/op
WorkloadWarmup   3: 1922 op, 38991964.00 ns, 20.2872 us/op
WorkloadWarmup   4: 1922 op, 26673536.00 ns, 13.8780 us/op
WorkloadWarmup   5: 1922 op, 12369969.00 ns, 6.4360 us/op
WorkloadWarmup   6: 1922 op, 9559253.00 ns, 4.9736 us/op
WorkloadWarmup   7: 1922 op, 7668708.00 ns, 3.9900 us/op
WorkloadWarmup   8: 1922 op, 6944668.00 ns, 3.6133 us/op
WorkloadWarmup   9: 1922 op, 6670547.00 ns, 3.4706 us/op
WorkloadWarmup  10: 1922 op, 6706676.00 ns, 3.4894 us/op
WorkloadWarmup  11: 1922 op, 7017095.00 ns, 3.6509 us/op
WorkloadWarmup  12: 1922 op, 6724604.00 ns, 3.4988 us/op
WorkloadWarmup  13: 1922 op, 6528971.00 ns, 3.3970 us/op
WorkloadWarmup  14: 1922 op, 6507350.00 ns, 3.3857 us/op
WorkloadWarmup  15: 1922 op, 6459783.00 ns, 3.3610 us/op
WorkloadWarmup  16: 1922 op, 6550147.00 ns, 3.4080 us/op
WorkloadWarmup  17: 1922 op, 6445110.00 ns, 3.3533 us/op
WorkloadWarmup  18: 1922 op, 6460266.00 ns, 3.3612 us/op
WorkloadWarmup  19: 1922 op, 6780152.00 ns, 3.5277 us/op
WorkloadWarmup  20: 1922 op, 6611981.00 ns, 3.4402 us/op
WorkloadWarmup  21: 1922 op, 6500989.00 ns, 3.3824 us/op
WorkloadWarmup  22: 1922 op, 6520401.00 ns, 3.3925 us/op
WorkloadWarmup  23: 1922 op, 6594275.00 ns, 3.4309 us/op
WorkloadWarmup  24: 1922 op, 6481042.00 ns, 3.3720 us/op
WorkloadWarmup  25: 1922 op, 6518067.00 ns, 3.3913 us/op

// BeforeActualRun
WorkloadActual   1: 1922 op, 6477552.00 ns, 3.3702 us/op
WorkloadActual   2: 1922 op, 6529481.00 ns, 3.3972 us/op
WorkloadActual   3: 1922 op, 6436040.00 ns, 3.3486 us/op
WorkloadActual   4: 1922 op, 6428434.00 ns, 3.3447 us/op
WorkloadActual   5: 1922 op, 6567543.00 ns, 3.4170 us/op
WorkloadActual   6: 1922 op, 6483040.00 ns, 3.3731 us/op

// AfterActualRun
WorkloadResult   1: 1922 op, 6477552.00 ns, 3.3702 us/op
WorkloadResult   2: 1922 op, 6529481.00 ns, 3.3972 us/op
WorkloadResult   3: 1922 op, 6436040.00 ns, 3.3486 us/op
WorkloadResult   4: 1922 op, 6428434.00 ns, 3.3447 us/op
WorkloadResult   5: 1922 op, 6567543.00 ns, 3.4170 us/op
WorkloadResult   6: 1922 op, 6483040.00 ns, 3.3731 us/op
// GC:  0 0 0 0 1922
// Threading:  0 0 1922

// AfterAll
// Benchmark Process 18839 has exited with code 0.

Mean = 3.375 us, StdErr = 0.011 us (0.34%), N = 6, StdDev = 0.028 us
Min = 3.345 us, Q1 = 3.354 us, Median = 3.372 us, Q3 = 3.391 us, Max = 3.417 us
IQR = 0.037 us, LowerFence = 3.298 us, UpperFence = 3.447 us
ConfidenceInterval = [3.297 us; 3.453 us] (CI 99.9%), Margin = 0.078 us (2.32% of Mean)
Skewness = 0.28, Kurtosis = 1.28, MValue = 2

// ** Remained 8 (25.0 %) benchmark(s) to run. Estimated finish 2026-10-05 3:42 (0h 0m from now) **
// **************************
// Benchmark: CodecSuite.Run: campaign(EvaluateOverhead=False, Clock=Armonik.Ffi.Bdn.CpuClock, IterationCount=6, IterationTime=40ms, LaunchCount=1, RunStrategy=Throughput, WarmupCount=25) [Case=core-(...)|drop [40]]
// *** Execute ***
// Launch: 1 / 1
// Execute: dotnet BenchDotNet-campaign-1.dll --anonymousPipes 111 112 --benchmarkName "Armonik.Ffi.Bdn.CodecSuite.Run(Case: \"core-ffi|encode-core-hot|P2.5|ascii|drop\")" --job campaign --benchmarkId 24 in /home/user/ArmoniK.Api/ffi/poc/csharp/src/BenchDotNet/bin/Release/net8.0/BenchDotNet-campaign-1/bin/Release/net8.0
// BeforeAnythingElse

// Benchmark Process Environment Information:
// BenchmarkDotNet v0.15.8
// Runtime=.NET 8.0.31 (8.0.31, 8.0.3126.42015), X64 RyuJIT x86-64-v4
// GC=Concurrent Workstation
// HardwareIntrinsics=AVX512 F+BW+CD+DQ+VL,AVX2+BMI1+BMI2+F16C+FMA+LZCNT+MOVBE,AVX,SSE3+SSSE3+SSE4.1+SSE4.2+POPCNT,X86Base+SSE+SSE2,AES+PCLMUL VectorSize=256
// Job: campaign(EvaluateOverhead=False, Clock=Armonik.Ffi.Bdn.CpuClock, IterationCount=6, IterationTime=40ms, LaunchCount=1, RunStrategy=Throughput, WarmupCount=25)

OverheadJitting  1: 1 op, 244147.00 ns, 244.1470 us/op
WorkloadJitting  1: 1 op, 12552496.00 ns, 12.5525 ms/op

WorkloadPilot    1: 4 op, 1695860.00 ns, 423.9650 us/op
WorkloadPilot    2: 94 op, 38128828.00 ns, 405.6258 us/op
WorkloadPilot    3: 99 op, 40534105.00 ns, 409.4354 us/op

WorkloadWarmup   1: 99 op, 40104275.00 ns, 405.0937 us/op
WorkloadWarmup   2: 99 op, 40110883.00 ns, 405.1604 us/op
WorkloadWarmup   3: 99 op, 40763157.00 ns, 411.7491 us/op
WorkloadWarmup   4: 99 op, 40239594.00 ns, 406.4605 us/op
WorkloadWarmup   5: 99 op, 38011191.00 ns, 383.9514 us/op
WorkloadWarmup   6: 99 op, 12873096.00 ns, 130.0313 us/op
WorkloadWarmup   7: 99 op, 9794928.00 ns, 98.9387 us/op
WorkloadWarmup   8: 99 op, 9539326.00 ns, 96.3568 us/op
WorkloadWarmup   9: 99 op, 8528762.00 ns, 86.1491 us/op
WorkloadWarmup  10: 99 op, 8297258.00 ns, 83.8107 us/op
WorkloadWarmup  11: 99 op, 8522684.00 ns, 86.0877 us/op
WorkloadWarmup  12: 99 op, 8320535.00 ns, 84.0458 us/op
WorkloadWarmup  13: 99 op, 8447218.00 ns, 85.3254 us/op
WorkloadWarmup  14: 99 op, 8435331.00 ns, 85.2054 us/op
WorkloadWarmup  15: 99 op, 8496257.00 ns, 85.8208 us/op
WorkloadWarmup  16: 99 op, 8392229.00 ns, 84.7700 us/op
WorkloadWarmup  17: 99 op, 8292175.00 ns, 83.7593 us/op
WorkloadWarmup  18: 99 op, 8294013.00 ns, 83.7779 us/op
WorkloadWarmup  19: 99 op, 8342803.00 ns, 84.2707 us/op
WorkloadWarmup  20: 99 op, 8343551.00 ns, 84.2783 us/op
WorkloadWarmup  21: 99 op, 8600003.00 ns, 86.8687 us/op
WorkloadWarmup  22: 99 op, 8661448.00 ns, 87.4894 us/op
WorkloadWarmup  23: 99 op, 8416474.00 ns, 85.0149 us/op
WorkloadWarmup  24: 99 op, 8298138.00 ns, 83.8196 us/op
WorkloadWarmup  25: 99 op, 8295839.00 ns, 83.7964 us/op

// BeforeActualRun
WorkloadActual   1: 99 op, 8306886.00 ns, 83.9079 us/op
WorkloadActual   2: 99 op, 8280727.00 ns, 83.6437 us/op
WorkloadActual   3: 99 op, 8510334.00 ns, 85.9630 us/op
WorkloadActual   4: 99 op, 8373005.00 ns, 84.5758 us/op
WorkloadActual   5: 99 op, 8372108.00 ns, 84.5667 us/op
WorkloadActual   6: 99 op, 8454299.00 ns, 85.3970 us/op

// AfterActualRun
WorkloadResult   1: 99 op, 8306886.00 ns, 83.9079 us/op
WorkloadResult   2: 99 op, 8280727.00 ns, 83.6437 us/op
WorkloadResult   3: 99 op, 8510334.00 ns, 85.9630 us/op
WorkloadResult   4: 99 op, 8373005.00 ns, 84.5758 us/op
WorkloadResult   5: 99 op, 8372108.00 ns, 84.5667 us/op
WorkloadResult   6: 99 op, 8454299.00 ns, 85.3970 us/op
// GC:  0 0 0 0 99
// Threading:  0 0 99

// AfterAll
// Benchmark Process 18848 has exited with code 0.

Mean = 84.676 us, StdErr = 0.358 us (0.42%), N = 6, StdDev = 0.878 us
Min = 83.644 us, Q1 = 84.073 us, Median = 84.571 us, Q3 = 85.192 us, Max = 85.963 us
IQR = 1.119 us, LowerFence = 82.394 us, UpperFence = 86.870 us
ConfidenceInterval = [82.214 us; 87.138 us] (CI 99.9%), Margin = 2.462 us (2.91% of Mean)
Skewness = 0.24, Kurtosis = 1.26, MValue = 2

// ** Remained 7 (21.9 %) benchmark(s) to run. Estimated finish 2026-10-05 3:42 (0h 0m from now) **
// **************************
// Benchmark: CodecSuite.Run: campaign(EvaluateOverhead=False, Clock=Armonik.Ffi.Bdn.CpuClock, IterationCount=6, IterationTime=40ms, LaunchCount=1, RunStrategy=Throughput, WarmupCount=25) [Case=core-(...)|drop [40]]
// *** Execute ***
// Launch: 1 / 1
// Execute: dotnet BenchDotNet-campaign-1.dll --anonymousPipes 111 112 --benchmarkName "Armonik.Ffi.Bdn.CodecSuite.Run(Case: \"core-ffi|encode-core-hot|P2.4|ascii|drop\")" --job campaign --benchmarkId 25 in /home/user/ArmoniK.Api/ffi/poc/csharp/src/BenchDotNet/bin/Release/net8.0/BenchDotNet-campaign-1/bin/Release/net8.0
// BeforeAnythingElse

// Benchmark Process Environment Information:
// BenchmarkDotNet v0.15.8
// Runtime=.NET 8.0.31 (8.0.31, 8.0.3126.42015), X64 RyuJIT x86-64-v4
// GC=Concurrent Workstation
// HardwareIntrinsics=AVX512 F+BW+CD+DQ+VL,AVX2+BMI1+BMI2+F16C+FMA+LZCNT+MOVBE,AVX,SSE3+SSSE3+SSE4.1+SSE4.2+POPCNT,X86Base+SSE+SSE2,AES+PCLMUL VectorSize=256
// Job: campaign(EvaluateOverhead=False, Clock=Armonik.Ffi.Bdn.CpuClock, IterationCount=6, IterationTime=40ms, LaunchCount=1, RunStrategy=Throughput, WarmupCount=25)

OverheadJitting  1: 1 op, 320672.00 ns, 320.6720 us/op
WorkloadJitting  1: 1 op, 30149724.00 ns, 30.1497 ms/op

OverheadJitting  2: 1 op, 624.00 ns, 624.0000 ns/op
WorkloadJitting  2: 1 op, 22567312.00 ns, 22.5673 ms/op

WorkloadPilot    1: 4 op, 66718907.00 ns, 16.6797 ms/op
WorkloadPilot    2: 2 op, 33409491.00 ns, 16.7047 ms/op

WorkloadWarmup   1: 2 op, 32708265.00 ns, 16.3541 ms/op
WorkloadWarmup   2: 2 op, 38165314.00 ns, 19.0827 ms/op
WorkloadWarmup   3: 2 op, 33990804.00 ns, 16.9954 ms/op
WorkloadWarmup   4: 2 op, 19356627.00 ns, 9.6783 ms/op
WorkloadWarmup   5: 2 op, 6590717.00 ns, 3.2954 ms/op
WorkloadWarmup   6: 2 op, 6093899.00 ns, 3.0469 ms/op
WorkloadWarmup   7: 2 op, 6185803.00 ns, 3.0929 ms/op
WorkloadWarmup   8: 2 op, 6092444.00 ns, 3.0462 ms/op
WorkloadWarmup   9: 2 op, 6065554.00 ns, 3.0328 ms/op
WorkloadWarmup  10: 2 op, 5764418.00 ns, 2.8822 ms/op
WorkloadWarmup  11: 2 op, 5897367.00 ns, 2.9487 ms/op
WorkloadWarmup  12: 2 op, 5794410.00 ns, 2.8972 ms/op
WorkloadWarmup  13: 2 op, 6293633.00 ns, 3.1468 ms/op
WorkloadWarmup  14: 2 op, 6132711.00 ns, 3.0664 ms/op
WorkloadWarmup  15: 2 op, 6029784.00 ns, 3.0149 ms/op
WorkloadWarmup  16: 2 op, 7382490.00 ns, 3.6912 ms/op
WorkloadWarmup  17: 2 op, 5755017.00 ns, 2.8775 ms/op
WorkloadWarmup  18: 2 op, 5926611.00 ns, 2.9633 ms/op
WorkloadWarmup  19: 2 op, 5855350.00 ns, 2.9277 ms/op
WorkloadWarmup  20: 2 op, 7055734.00 ns, 3.5279 ms/op
WorkloadWarmup  21: 2 op, 10006984.00 ns, 5.0035 ms/op
WorkloadWarmup  22: 2 op, 7738755.00 ns, 3.8694 ms/op
WorkloadWarmup  23: 2 op, 7888590.00 ns, 3.9443 ms/op
WorkloadWarmup  24: 2 op, 6299794.00 ns, 3.1499 ms/op
WorkloadWarmup  25: 2 op, 6534455.00 ns, 3.2672 ms/op

// BeforeActualRun
WorkloadActual   1: 2 op, 5989527.00 ns, 2.9948 ms/op
WorkloadActual   2: 2 op, 7133791.00 ns, 3.5669 ms/op
WorkloadActual   3: 2 op, 6004493.00 ns, 3.0022 ms/op
WorkloadActual   4: 2 op, 6204030.00 ns, 3.1020 ms/op
WorkloadActual   5: 2 op, 6297542.00 ns, 3.1488 ms/op
WorkloadActual   6: 2 op, 7131495.00 ns, 3.5657 ms/op

// AfterActualRun
WorkloadResult   1: 2 op, 5989527.00 ns, 2.9948 ms/op
WorkloadResult   2: 2 op, 7133791.00 ns, 3.5669 ms/op
WorkloadResult   3: 2 op, 6004493.00 ns, 3.0022 ms/op
WorkloadResult   4: 2 op, 6204030.00 ns, 3.1020 ms/op
WorkloadResult   5: 2 op, 6297542.00 ns, 3.1488 ms/op
WorkloadResult   6: 2 op, 7131495.00 ns, 3.5657 ms/op
// GC:  0 0 0 0 2
// Threading:  0 0 2

// AfterAll
// Benchmark Process 18857 has exited with code 0.

Mean = 3.230 ms, StdErr = 0.109 ms (3.37%), N = 6, StdDev = 0.267 ms
Min = 2.995 ms, Q1 = 3.027 ms, Median = 3.125 ms, Q3 = 3.462 ms, Max = 3.567 ms
IQR = 0.434 ms, LowerFence = 2.376 ms, UpperFence = 4.113 ms
ConfidenceInterval = [2.481 ms; 3.979 ms] (CI 99.9%), Margin = 0.749 ms (23.18% of Mean)
Skewness = 0.43, Kurtosis = 1.04, MValue = 2

// ** Remained 6 (18.8 %) benchmark(s) to run. Estimated finish 2026-10-05 3:42 (0h 0m from now) **
// **************************
// Benchmark: CodecSuite.Run: campaign(EvaluateOverhead=False, Clock=Armonik.Ffi.Bdn.CpuClock, IterationCount=6, IterationTime=40ms, LaunchCount=1, RunStrategy=Throughput, WarmupCount=25) [Case=core-(...)|drop [80]]
// *** Execute ***
// Launch: 1 / 1
// Execute: dotnet BenchDotNet-campaign-1.dll --anonymousPipes 111 112 --benchmarkName "Armonik.Ffi.Bdn.CodecSuite.Run(Case: \"core-ffi|encode-core-hot|U-wire-ListTaskSummaryResponse-tasks-as-wt5|corpus|drop\")" --job campaign --benchmarkId 26 in /home/user/ArmoniK.Api/ffi/poc/csharp/src/BenchDotNet/bin/Release/net8.0/BenchDotNet-campaign-1/bin/Release/net8.0
// BeforeAnythingElse

// Benchmark Process Environment Information:
// BenchmarkDotNet v0.15.8
// Runtime=.NET 8.0.31 (8.0.31, 8.0.3126.42015), X64 RyuJIT x86-64-v4
// GC=Concurrent Workstation
// HardwareIntrinsics=AVX512 F+BW+CD+DQ+VL,AVX2+BMI1+BMI2+F16C+FMA+LZCNT+MOVBE,AVX,SSE3+SSSE3+SSE4.1+SSE4.2+POPCNT,X86Base+SSE+SSE2,AES+PCLMUL VectorSize=256
// Job: campaign(EvaluateOverhead=False, Clock=Armonik.Ffi.Bdn.CpuClock, IterationCount=6, IterationTime=40ms, LaunchCount=1, RunStrategy=Throughput, WarmupCount=25)

OverheadJitting  1: 1 op, 278636.00 ns, 278.6360 us/op
WorkloadJitting  1: 1 op, 6822765.00 ns, 6.8228 ms/op

WorkloadPilot    1: 4 op, 100421.00 ns, 25.1053 us/op
WorkloadPilot    2: 1593 op, 33125884.00 ns, 20.7947 us/op
WorkloadPilot    3: 1924 op, 40103297.00 ns, 20.8437 us/op
WorkloadPilot    4: 1919 op, 41099397.00 ns, 21.4171 us/op
WorkloadPilot    5: 1868 op, 39972087.00 ns, 21.3983 us/op

WorkloadWarmup   1: 1868 op, 38911038.00 ns, 20.8303 us/op
WorkloadWarmup   2: 1868 op, 38710111.00 ns, 20.7228 us/op
WorkloadWarmup   3: 1868 op, 36471127.00 ns, 19.5242 us/op
WorkloadWarmup   4: 1868 op, 10136908.00 ns, 5.4266 us/op
WorkloadWarmup   5: 1868 op, 7134010.00 ns, 3.8191 us/op
WorkloadWarmup   6: 1868 op, 6420170.00 ns, 3.4369 us/op
WorkloadWarmup   7: 1868 op, 6545299.00 ns, 3.5039 us/op
WorkloadWarmup   8: 1868 op, 7209774.00 ns, 3.8596 us/op
WorkloadWarmup   9: 1868 op, 6859052.00 ns, 3.6719 us/op
WorkloadWarmup  10: 1868 op, 7491151.00 ns, 4.0103 us/op
WorkloadWarmup  11: 1868 op, 6498761.00 ns, 3.4790 us/op
WorkloadWarmup  12: 1868 op, 6481374.00 ns, 3.4697 us/op
WorkloadWarmup  13: 1868 op, 6429362.00 ns, 3.4418 us/op
WorkloadWarmup  14: 1868 op, 6457049.00 ns, 3.4567 us/op
WorkloadWarmup  15: 1868 op, 6411730.00 ns, 3.4324 us/op
WorkloadWarmup  16: 1868 op, 6363245.00 ns, 3.4064 us/op
WorkloadWarmup  17: 1868 op, 6409603.00 ns, 3.4313 us/op
WorkloadWarmup  18: 1868 op, 6461200.00 ns, 3.4589 us/op
WorkloadWarmup  19: 1868 op, 6563286.00 ns, 3.5135 us/op
WorkloadWarmup  20: 1868 op, 6478829.00 ns, 3.4683 us/op
WorkloadWarmup  21: 1868 op, 6406303.00 ns, 3.4295 us/op
WorkloadWarmup  22: 1868 op, 6550747.00 ns, 3.5068 us/op
WorkloadWarmup  23: 1868 op, 6561332.00 ns, 3.5125 us/op
WorkloadWarmup  24: 1868 op, 6412643.00 ns, 3.4329 us/op
WorkloadWarmup  25: 1868 op, 6454089.00 ns, 3.4551 us/op

// BeforeActualRun
WorkloadActual   1: 1868 op, 6545387.00 ns, 3.5040 us/op
WorkloadActual   2: 1868 op, 6418702.00 ns, 3.4361 us/op
WorkloadActual   3: 1868 op, 6374557.00 ns, 3.4125 us/op
WorkloadActual   4: 1868 op, 6349748.00 ns, 3.3992 us/op
WorkloadActual   5: 1868 op, 6353022.00 ns, 3.4010 us/op
WorkloadActual   6: 1868 op, 6428849.00 ns, 3.4416 us/op

// AfterActualRun
WorkloadResult   1: 1868 op, 6418702.00 ns, 3.4361 us/op
WorkloadResult   2: 1868 op, 6374557.00 ns, 3.4125 us/op
WorkloadResult   3: 1868 op, 6349748.00 ns, 3.3992 us/op
WorkloadResult   4: 1868 op, 6353022.00 ns, 3.4010 us/op
WorkloadResult   5: 1868 op, 6428849.00 ns, 3.4416 us/op
// GC:  0 0 0 0 1868
// Threading:  0 0 1868

// AfterAll
// Benchmark Process 18866 has exited with code 0.

Mean = 3.418 us, StdErr = 0.009 us (0.26%), N = 5, StdDev = 0.020 us
Min = 3.399 us, Q1 = 3.401 us, Median = 3.413 us, Q3 = 3.436 us, Max = 3.442 us
IQR = 0.035 us, LowerFence = 3.348 us, UpperFence = 3.489 us
ConfidenceInterval = [3.342 us; 3.494 us] (CI 99.9%), Margin = 0.076 us (2.22% of Mean)
Skewness = 0.18, Kurtosis = 0.82, MValue = 2

// ** Remained 5 (15.6 %) benchmark(s) to run. Estimated finish 2026-10-05 3:42 (0h 0m from now) **
// **************************
// Benchmark: CodecSuite.Run: campaign(EvaluateOverhead=False, Clock=Armonik.Ffi.Bdn.CpuClock, IterationCount=6, IterationTime=40ms, LaunchCount=1, RunStrategy=Throughput, WarmupCount=25) [Case=core-(...)|drop [52]]
// *** Execute ***
// Launch: 1 / 1
// Execute: dotnet BenchDotNet-campaign-1.dll --anonymousPipes 111 112 --benchmarkName "Armonik.Ffi.Bdn.CodecSuite.Run(Case: \"core-ffi|encode-core-hot|U-nested-before|corpus|drop\")" --job campaign --benchmarkId 27 in /home/user/ArmoniK.Api/ffi/poc/csharp/src/BenchDotNet/bin/Release/net8.0/BenchDotNet-campaign-1/bin/Release/net8.0
// BeforeAnythingElse

// Benchmark Process Environment Information:
// BenchmarkDotNet v0.15.8
// Runtime=.NET 8.0.31 (8.0.31, 8.0.3126.42015), X64 RyuJIT x86-64-v4
// GC=Concurrent Workstation
// HardwareIntrinsics=AVX512 F+BW+CD+DQ+VL,AVX2+BMI1+BMI2+F16C+FMA+LZCNT+MOVBE,AVX,SSE3+SSSE3+SSE4.1+SSE4.2+POPCNT,X86Base+SSE+SSE2,AES+PCLMUL VectorSize=256
// Job: campaign(EvaluateOverhead=False, Clock=Armonik.Ffi.Bdn.CpuClock, IterationCount=6, IterationTime=40ms, LaunchCount=1, RunStrategy=Throughput, WarmupCount=25)

OverheadJitting  1: 1 op, 231053.00 ns, 231.0530 us/op
WorkloadJitting  1: 1 op, 5393473.00 ns, 5.3935 ms/op

WorkloadPilot    1: 4 op, 30235.00 ns, 7.5588 us/op
WorkloadPilot    2: 5292 op, 18556206.00 ns, 3.5065 us/op
WorkloadPilot    3: 11408 op, 41634253.00 ns, 3.6496 us/op
WorkloadPilot    4: 10960 op, 39831327.00 ns, 3.6342 us/op
WorkloadPilot    5: 11006 op, 39673926.00 ns, 3.6048 us/op
WorkloadPilot    6: 11096 op, 41317470.00 ns, 3.7236 us/op
WorkloadPilot    7: 10742 op, 11259821.00 ns, 1.0482 us/op
WorkloadPilot    8: 38160 op, 24604749.00 ns, 644.7785 ns/op
WorkloadPilot    9: 62037 op, 38911563.00 ns, 627.2315 ns/op
WorkloadPilot   10: 63772 op, 39460501.00 ns, 618.7747 ns/op
WorkloadPilot   11: 64644 op, 40095601.00 ns, 620.2525 ns/op

WorkloadWarmup   1: 64644 op, 40231833.00 ns, 622.3599 ns/op
WorkloadWarmup   2: 64644 op, 39984013.00 ns, 618.5263 ns/op
WorkloadWarmup   3: 64644 op, 40078062.00 ns, 619.9812 ns/op
WorkloadWarmup   4: 64644 op, 40612592.00 ns, 628.2500 ns/op
WorkloadWarmup   5: 64644 op, 40031024.00 ns, 619.2535 ns/op
WorkloadWarmup   6: 64644 op, 40167351.00 ns, 621.3624 ns/op
WorkloadWarmup   7: 64644 op, 40561666.00 ns, 627.4622 ns/op
WorkloadWarmup   8: 64644 op, 40850262.00 ns, 631.9266 ns/op
WorkloadWarmup   9: 64644 op, 41977072.00 ns, 649.3576 ns/op
WorkloadWarmup  10: 64644 op, 42225513.00 ns, 653.2008 ns/op
WorkloadWarmup  11: 64644 op, 40407283.00 ns, 625.0740 ns/op
WorkloadWarmup  12: 64644 op, 39859559.00 ns, 616.6011 ns/op
WorkloadWarmup  13: 64644 op, 39943186.00 ns, 617.8947 ns/op
WorkloadWarmup  14: 64644 op, 39645658.00 ns, 613.2922 ns/op
WorkloadWarmup  15: 64644 op, 39979371.00 ns, 618.4545 ns/op
WorkloadWarmup  16: 64644 op, 40702638.00 ns, 629.6429 ns/op
WorkloadWarmup  17: 64644 op, 39812825.00 ns, 615.8781 ns/op
WorkloadWarmup  18: 64644 op, 39990244.00 ns, 618.6227 ns/op
WorkloadWarmup  19: 64644 op, 44810215.00 ns, 693.1844 ns/op
WorkloadWarmup  20: 64644 op, 40463589.00 ns, 625.9450 ns/op
WorkloadWarmup  21: 64644 op, 41074170.00 ns, 635.3903 ns/op
WorkloadWarmup  22: 64644 op, 41785089.00 ns, 646.3877 ns/op
WorkloadWarmup  23: 64644 op, 41111826.00 ns, 635.9728 ns/op
WorkloadWarmup  24: 64644 op, 46772498.00 ns, 723.5397 ns/op
WorkloadWarmup  25: 64644 op, 44207459.00 ns, 683.8602 ns/op

// BeforeActualRun
WorkloadActual   1: 64644 op, 40149794.00 ns, 621.0908 ns/op
WorkloadActual   2: 64644 op, 42486638.00 ns, 657.2402 ns/op
WorkloadActual   3: 64644 op, 40519732.00 ns, 626.8135 ns/op
WorkloadActual   4: 64644 op, 42276095.00 ns, 653.9833 ns/op
WorkloadActual   5: 64644 op, 43005765.00 ns, 665.2708 ns/op
WorkloadActual   6: 64644 op, 51449312.00 ns, 795.8869 ns/op

// AfterActualRun
WorkloadResult   1: 64644 op, 40149794.00 ns, 621.0908 ns/op
WorkloadResult   2: 64644 op, 42486638.00 ns, 657.2402 ns/op
WorkloadResult   3: 64644 op, 40519732.00 ns, 626.8135 ns/op
WorkloadResult   4: 64644 op, 42276095.00 ns, 653.9833 ns/op
WorkloadResult   5: 64644 op, 43005765.00 ns, 665.2708 ns/op
// GC:  0 0 0 0 64644
// Threading:  0 0 64644

// AfterAll
// Benchmark Process 18875 has exited with code 0.

Mean = 644.880 ns, StdErr = 8.786 ns (1.36%), N = 5, StdDev = 19.645 ns
Min = 621.091 ns, Q1 = 626.814 ns, Median = 653.983 ns, Q3 = 657.240 ns, Max = 665.271 ns
IQR = 30.427 ns, LowerFence = 581.173 ns, UpperFence = 702.880 ns
ConfidenceInterval = [569.233 ns; 720.527 ns] (CI 99.9%), Margin = 75.647 ns (11.73% of Mean)
Skewness = -0.22, Kurtosis = 0.85, MValue = 2

// ** Remained 4 (12.5 %) benchmark(s) to run. Estimated finish 2026-10-05 3:42 (0h 0m from now) **
// **************************
// Benchmark: CodecSuite.Run: campaign(EvaluateOverhead=False, Clock=Armonik.Ffi.Bdn.CpuClock, IterationCount=6, IterationTime=40ms, LaunchCount=1, RunStrategy=Throughput, WarmupCount=25) [Case=core-(...)etain [42]]
// *** Execute ***
// Launch: 1 / 1
// Execute: dotnet BenchDotNet-campaign-1.dll --anonymousPipes 111 112 --benchmarkName "Armonik.Ffi.Bdn.CodecSuite.Run(Case: \"core-ffi|encode-core-hot|P4.1|ascii|retain\")" --job campaign --benchmarkId 28 in /home/user/ArmoniK.Api/ffi/poc/csharp/src/BenchDotNet/bin/Release/net8.0/BenchDotNet-campaign-1/bin/Release/net8.0
// BeforeAnythingElse

// Benchmark Process Environment Information:
// BenchmarkDotNet v0.15.8
// Runtime=.NET 8.0.31 (8.0.31, 8.0.3126.42015), X64 RyuJIT x86-64-v4
// GC=Concurrent Workstation
// HardwareIntrinsics=AVX512 F+BW+CD+DQ+VL,AVX2+BMI1+BMI2+F16C+FMA+LZCNT+MOVBE,AVX,SSE3+SSSE3+SSE4.1+SSE4.2+POPCNT,X86Base+SSE+SSE2,AES+PCLMUL VectorSize=256
// Job: campaign(EvaluateOverhead=False, Clock=Armonik.Ffi.Bdn.CpuClock, IterationCount=6, IterationTime=40ms, LaunchCount=1, RunStrategy=Throughput, WarmupCount=25)

OverheadJitting  1: 1 op, 247855.00 ns, 247.8550 us/op
WorkloadJitting  1: 1 op, 10550109.00 ns, 10.5501 ms/op

WorkloadPilot    1: 4 op, 8361501.00 ns, 2.0904 ms/op
WorkloadPilot    2: 19 op, 41431712.00 ns, 2.1806 ms/op

WorkloadWarmup   1: 19 op, 56220346.00 ns, 2.9590 ms/op
WorkloadWarmup   2: 19 op, 41284042.00 ns, 2.1728 ms/op
WorkloadWarmup   3: 19 op, 12731322.00 ns, 670.0696 us/op
WorkloadWarmup   4: 19 op, 10105280.00 ns, 531.8568 us/op
WorkloadWarmup   5: 19 op, 11743742.00 ns, 618.0917 us/op
WorkloadWarmup   6: 19 op, 9428263.00 ns, 496.2244 us/op
WorkloadWarmup   7: 19 op, 9194014.00 ns, 483.8955 us/op
WorkloadWarmup   8: 19 op, 10065188.00 ns, 529.7467 us/op
WorkloadWarmup   9: 19 op, 8996970.00 ns, 473.5247 us/op
WorkloadWarmup  10: 19 op, 9109277.00 ns, 479.4356 us/op
WorkloadWarmup  11: 19 op, 8842204.00 ns, 465.3792 us/op
WorkloadWarmup  12: 19 op, 8886191.00 ns, 467.6943 us/op
WorkloadWarmup  13: 19 op, 8845484.00 ns, 465.5518 us/op
WorkloadWarmup  14: 19 op, 8918256.00 ns, 469.3819 us/op
WorkloadWarmup  15: 19 op, 8830548.00 ns, 464.7657 us/op
WorkloadWarmup  16: 19 op, 8785497.00 ns, 462.3946 us/op
WorkloadWarmup  17: 19 op, 8957031.00 ns, 471.4227 us/op
WorkloadWarmup  18: 19 op, 8880383.00 ns, 467.3886 us/op
WorkloadWarmup  19: 19 op, 8965311.00 ns, 471.8585 us/op
WorkloadWarmup  20: 19 op, 9057754.00 ns, 476.7239 us/op
WorkloadWarmup  21: 19 op, 15600408.00 ns, 821.0741 us/op
WorkloadWarmup  22: 19 op, 13037826.00 ns, 686.2014 us/op
WorkloadWarmup  23: 19 op, 9105632.00 ns, 479.2438 us/op
WorkloadWarmup  24: 19 op, 8871847.00 ns, 466.9393 us/op
WorkloadWarmup  25: 19 op, 9202929.00 ns, 484.3647 us/op

// BeforeActualRun
WorkloadActual   1: 19 op, 9490684.00 ns, 499.5097 us/op
WorkloadActual   2: 19 op, 8880935.00 ns, 467.4176 us/op
WorkloadActual   3: 19 op, 8996925.00 ns, 473.5224 us/op
WorkloadActual   4: 19 op, 9143486.00 ns, 481.2361 us/op
WorkloadActual   5: 19 op, 9516960.00 ns, 500.8926 us/op
WorkloadActual   6: 19 op, 9765782.00 ns, 513.9885 us/op

// AfterActualRun
WorkloadResult   1: 19 op, 9490684.00 ns, 499.5097 us/op
WorkloadResult   2: 19 op, 8880935.00 ns, 467.4176 us/op
WorkloadResult   3: 19 op, 8996925.00 ns, 473.5224 us/op
WorkloadResult   4: 19 op, 9143486.00 ns, 481.2361 us/op
WorkloadResult   5: 19 op, 9516960.00 ns, 500.8926 us/op
WorkloadResult   6: 19 op, 9765782.00 ns, 513.9885 us/op
// GC:  0 0 0 0 19
// Threading:  0 0 19

// AfterAll
// Benchmark Process 18888 has exited with code 0.

Mean = 489.428 us, StdErr = 7.396 us (1.51%), N = 6, StdDev = 18.115 us
Min = 467.418 us, Q1 = 475.451 us, Median = 490.373 us, Q3 = 500.547 us, Max = 513.989 us
IQR = 25.096 us, LowerFence = 437.807 us, UpperFence = 538.191 us
ConfidenceInterval = [438.629 us; 540.227 us] (CI 99.9%), Margin = 50.799 us (10.38% of Mean)
Skewness = 0.06, Kurtosis = 1.08, MValue = 2

// ** Remained 3 (9.4 %) benchmark(s) to run. Estimated finish 2026-10-05 3:42 (0h 0m from now) **
// **************************
// Benchmark: CodecSuite.Run: campaign(EvaluateOverhead=False, Clock=Armonik.Ffi.Bdn.CpuClock, IterationCount=6, IterationTime=40ms, LaunchCount=1, RunStrategy=Throughput, WarmupCount=25) [Case=core-(...)etain [42]]
// *** Execute ***
// Launch: 1 / 1
// Execute: dotnet BenchDotNet-campaign-1.dll --anonymousPipes 111 112 --benchmarkName "Armonik.Ffi.Bdn.CodecSuite.Run(Case: \"core-ffi|encode-core-hot|P1.2|ascii|retain\")" --job campaign --benchmarkId 29 in /home/user/ArmoniK.Api/ffi/poc/csharp/src/BenchDotNet/bin/Release/net8.0/BenchDotNet-campaign-1/bin/Release/net8.0
// BeforeAnythingElse

// Benchmark Process Environment Information:
// BenchmarkDotNet v0.15.8
// Runtime=.NET 8.0.31 (8.0.31, 8.0.3126.42015), X64 RyuJIT x86-64-v4
// GC=Concurrent Workstation
// HardwareIntrinsics=AVX512 F+BW+CD+DQ+VL,AVX2+BMI1+BMI2+F16C+FMA+LZCNT+MOVBE,AVX,SSE3+SSSE3+SSE4.1+SSE4.2+POPCNT,X86Base+SSE+SSE2,AES+PCLMUL VectorSize=256
// Job: campaign(EvaluateOverhead=False, Clock=Armonik.Ffi.Bdn.CpuClock, IterationCount=6, IterationTime=40ms, LaunchCount=1, RunStrategy=Throughput, WarmupCount=25)

OverheadJitting  1: 1 op, 291772.00 ns, 291.7720 us/op
WorkloadJitting  1: 1 op, 9536524.00 ns, 9.5365 ms/op

WorkloadPilot    1: 4 op, 10728784.00 ns, 2.6822 ms/op
WorkloadPilot    2: 15 op, 43624767.00 ns, 2.9083 ms/op

WorkloadWarmup   1: 15 op, 39996260.00 ns, 2.6664 ms/op
WorkloadWarmup   2: 15 op, 53616573.00 ns, 3.5744 ms/op
WorkloadWarmup   3: 15 op, 50425873.00 ns, 3.3617 ms/op
WorkloadWarmup   4: 15 op, 41074693.00 ns, 2.7383 ms/op
WorkloadWarmup   5: 15 op, 14928917.00 ns, 995.2611 us/op
WorkloadWarmup   6: 15 op, 11958293.00 ns, 797.2195 us/op
WorkloadWarmup   7: 15 op, 15427753.00 ns, 1.0285 ms/op
WorkloadWarmup   8: 15 op, 13486466.00 ns, 899.0977 us/op
WorkloadWarmup   9: 15 op, 11276544.00 ns, 751.7696 us/op
WorkloadWarmup  10: 15 op, 11069747.00 ns, 737.9831 us/op
WorkloadWarmup  11: 15 op, 10933448.00 ns, 728.8965 us/op
WorkloadWarmup  12: 15 op, 11076558.00 ns, 738.4372 us/op
WorkloadWarmup  13: 15 op, 10876462.00 ns, 725.0975 us/op
WorkloadWarmup  14: 15 op, 10904008.00 ns, 726.9339 us/op
WorkloadWarmup  15: 15 op, 10994039.00 ns, 732.9359 us/op
WorkloadWarmup  16: 15 op, 11166511.00 ns, 744.4341 us/op
WorkloadWarmup  17: 15 op, 11005856.00 ns, 733.7237 us/op
WorkloadWarmup  18: 15 op, 11162519.00 ns, 744.1679 us/op
WorkloadWarmup  19: 15 op, 11474921.00 ns, 764.9947 us/op
WorkloadWarmup  20: 15 op, 11384150.00 ns, 758.9433 us/op
WorkloadWarmup  21: 15 op, 11055695.00 ns, 737.0463 us/op
WorkloadWarmup  22: 15 op, 11523900.00 ns, 768.2600 us/op
WorkloadWarmup  23: 15 op, 11135568.00 ns, 742.3712 us/op
WorkloadWarmup  24: 15 op, 11386715.00 ns, 759.1143 us/op
WorkloadWarmup  25: 15 op, 11443093.00 ns, 762.8729 us/op

// BeforeActualRun
WorkloadActual   1: 15 op, 12209794.00 ns, 813.9863 us/op
WorkloadActual   2: 15 op, 11336766.00 ns, 755.7844 us/op
WorkloadActual   3: 15 op, 11460552.00 ns, 764.0368 us/op
WorkloadActual   4: 15 op, 11741427.00 ns, 782.7618 us/op
WorkloadActual   5: 15 op, 11138327.00 ns, 742.5551 us/op
WorkloadActual   6: 15 op, 11671286.00 ns, 778.0857 us/op

// AfterActualRun
WorkloadResult   1: 15 op, 12209794.00 ns, 813.9863 us/op
WorkloadResult   2: 15 op, 11336766.00 ns, 755.7844 us/op
WorkloadResult   3: 15 op, 11460552.00 ns, 764.0368 us/op
WorkloadResult   4: 15 op, 11741427.00 ns, 782.7618 us/op
WorkloadResult   5: 15 op, 11138327.00 ns, 742.5551 us/op
WorkloadResult   6: 15 op, 11671286.00 ns, 778.0857 us/op
// GC:  0 0 0 0 15
// Threading:  0 0 15

// AfterAll
// Benchmark Process 18897 has exited with code 0.

Mean = 772.868 us, StdErr = 10.173 us (1.32%), N = 6, StdDev = 24.918 us
Min = 742.555 us, Q1 = 757.847 us, Median = 771.061 us, Q3 = 781.593 us, Max = 813.986 us
IQR = 23.745 us, LowerFence = 722.230 us, UpperFence = 817.211 us
ConfidenceInterval = [702.994 us; 842.743 us] (CI 99.9%), Margin = 69.875 us (9.04% of Mean)
Skewness = 0.4, Kurtosis = 1.64, MValue = 2

// ** Remained 2 (6.2 %) benchmark(s) to run. Estimated finish 2026-10-05 3:42 (0h 0m from now) **
// **************************
// Benchmark: CodecSuite.Run: campaign(EvaluateOverhead=False, Clock=Armonik.Ffi.Bdn.CpuClock, IterationCount=6, IterationTime=40ms, LaunchCount=1, RunStrategy=Throughput, WarmupCount=25) [Case=core-(...)etain [42]]
// *** Execute ***
// Launch: 1 / 1
// Execute: dotnet BenchDotNet-campaign-1.dll --anonymousPipes 111 112 --benchmarkName "Armonik.Ffi.Bdn.CodecSuite.Run(Case: \"core-ffi|encode-core-hot|P2.5|ascii|retain\")" --job campaign --benchmarkId 30 in /home/user/ArmoniK.Api/ffi/poc/csharp/src/BenchDotNet/bin/Release/net8.0/BenchDotNet-campaign-1/bin/Release/net8.0
// BeforeAnythingElse

// Benchmark Process Environment Information:
// BenchmarkDotNet v0.15.8
// Runtime=.NET 8.0.31 (8.0.31, 8.0.3126.42015), X64 RyuJIT x86-64-v4
// GC=Concurrent Workstation
// HardwareIntrinsics=AVX512 F+BW+CD+DQ+VL,AVX2+BMI1+BMI2+F16C+FMA+LZCNT+MOVBE,AVX,SSE3+SSSE3+SSE4.1+SSE4.2+POPCNT,X86Base+SSE+SSE2,AES+PCLMUL VectorSize=256
// Job: campaign(EvaluateOverhead=False, Clock=Armonik.Ffi.Bdn.CpuClock, IterationCount=6, IterationTime=40ms, LaunchCount=1, RunStrategy=Throughput, WarmupCount=25)

OverheadJitting  1: 1 op, 225525.00 ns, 225.5250 us/op
WorkloadJitting  1: 1 op, 12948595.00 ns, 12.9486 ms/op

WorkloadPilot    1: 4 op, 1708226.00 ns, 427.0565 us/op
WorkloadPilot    2: 94 op, 42329994.00 ns, 450.3191 us/op
WorkloadPilot    3: 89 op, 37672391.00 ns, 423.2853 us/op
WorkloadPilot    4: 94 op, 51374307.00 ns, 546.5352 us/op
WorkloadPilot    5: 73 op, 30806848.00 ns, 422.0116 us/op
WorkloadPilot    6: 95 op, 24512559.00 ns, 258.0269 us/op
WorkloadPilot    7: 155 op, 17048805.00 ns, 109.9923 us/op
WorkloadPilot    8: 364 op, 37809087.00 ns, 103.8711 us/op
WorkloadPilot    9: 385 op, 42348102.00 ns, 109.9951 us/op

WorkloadWarmup   1: 385 op, 36783610.00 ns, 95.5418 us/op
WorkloadWarmup   2: 385 op, 37058463.00 ns, 96.2557 us/op
WorkloadWarmup   3: 385 op, 36974742.00 ns, 96.0383 us/op
WorkloadWarmup   4: 385 op, 38965863.00 ns, 101.2100 us/op
WorkloadWarmup   5: 385 op, 32449602.00 ns, 84.2847 us/op
WorkloadWarmup   6: 385 op, 35561916.00 ns, 92.3686 us/op
WorkloadWarmup   7: 385 op, 33782947.00 ns, 87.7479 us/op
WorkloadWarmup   8: 385 op, 32493496.00 ns, 84.3987 us/op
WorkloadWarmup   9: 385 op, 33198435.00 ns, 86.2297 us/op
WorkloadWarmup  10: 385 op, 34422476.00 ns, 89.4090 us/op
WorkloadWarmup  11: 385 op, 32301336.00 ns, 83.8996 us/op
WorkloadWarmup  12: 385 op, 38950471.00 ns, 101.1701 us/op
WorkloadWarmup  13: 385 op, 39377440.00 ns, 102.2791 us/op
WorkloadWarmup  14: 385 op, 33597132.00 ns, 87.2653 us/op
WorkloadWarmup  15: 385 op, 82563230.00 ns, 214.4499 us/op
WorkloadWarmup  16: 385 op, 33847753.00 ns, 87.9162 us/op
WorkloadWarmup  17: 385 op, 37462417.00 ns, 97.3050 us/op
WorkloadWarmup  18: 385 op, 36714044.00 ns, 95.3612 us/op
WorkloadWarmup  19: 385 op, 37589545.00 ns, 97.6352 us/op
WorkloadWarmup  20: 385 op, 35171562.00 ns, 91.3547 us/op
WorkloadWarmup  21: 385 op, 35105232.00 ns, 91.1824 us/op
WorkloadWarmup  22: 385 op, 32884085.00 ns, 85.4132 us/op
WorkloadWarmup  23: 385 op, 32299274.00 ns, 83.8942 us/op
WorkloadWarmup  24: 385 op, 32203423.00 ns, 83.6453 us/op
WorkloadWarmup  25: 385 op, 32410696.00 ns, 84.1836 us/op

// BeforeActualRun
WorkloadActual   1: 385 op, 32558942.00 ns, 84.5687 us/op
WorkloadActual   2: 385 op, 32273537.00 ns, 83.8274 us/op
WorkloadActual   3: 385 op, 32245120.00 ns, 83.7536 us/op
WorkloadActual   4: 385 op, 33242812.00 ns, 86.3450 us/op
WorkloadActual   5: 385 op, 32291339.00 ns, 83.8736 us/op
WorkloadActual   6: 385 op, 33057106.00 ns, 85.8626 us/op

// AfterActualRun
WorkloadResult   1: 385 op, 32558942.00 ns, 84.5687 us/op
WorkloadResult   2: 385 op, 32273537.00 ns, 83.8274 us/op
WorkloadResult   3: 385 op, 32245120.00 ns, 83.7536 us/op
WorkloadResult   4: 385 op, 33242812.00 ns, 86.3450 us/op
WorkloadResult   5: 385 op, 32291339.00 ns, 83.8736 us/op
WorkloadResult   6: 385 op, 33057106.00 ns, 85.8626 us/op
// GC:  0 0 0 0 385
// Threading:  0 0 385

// AfterAll
// Benchmark Process 18906 has exited with code 0.

Mean = 84.705 us, StdErr = 0.462 us (0.55%), N = 6, StdDev = 1.133 us
Min = 83.754 us, Q1 = 83.839 us, Median = 84.221 us, Q3 = 85.539 us, Max = 86.345 us
IQR = 1.700 us, LowerFence = 81.289 us, UpperFence = 88.089 us
ConfidenceInterval = [81.529 us; 87.881 us] (CI 99.9%), Margin = 3.176 us (3.75% of Mean)
Skewness = 0.44, Kurtosis = 1.11, MValue = 2

// ** Remained 1 (3.1 %) benchmark(s) to run. Estimated finish 2026-10-05 3:42 (0h 0m from now) **
// **************************
// Benchmark: CodecSuite.Run: campaign(EvaluateOverhead=False, Clock=Armonik.Ffi.Bdn.CpuClock, IterationCount=6, IterationTime=40ms, LaunchCount=1, RunStrategy=Throughput, WarmupCount=25) [Case=core-(...)|drop [41]]
// *** Execute ***
// Launch: 1 / 1
// Execute: dotnet BenchDotNet-campaign-1.dll --anonymousPipes 111 112 --benchmarkName "Armonik.Ffi.Bdn.CodecSuite.Run(Case: \"core-ffi|encode-core-hot|P2.2|latin1|drop\")" --job campaign --benchmarkId 31 in /home/user/ArmoniK.Api/ffi/poc/csharp/src/BenchDotNet/bin/Release/net8.0/BenchDotNet-campaign-1/bin/Release/net8.0
// BeforeAnythingElse

// Benchmark Process Environment Information:
// BenchmarkDotNet v0.15.8
// Runtime=.NET 8.0.31 (8.0.31, 8.0.3126.42015), X64 RyuJIT x86-64-v4
// GC=Concurrent Workstation
// HardwareIntrinsics=AVX512 F+BW+CD+DQ+VL,AVX2+BMI1+BMI2+F16C+FMA+LZCNT+MOVBE,AVX,SSE3+SSSE3+SSE4.1+SSE4.2+POPCNT,X86Base+SSE+SSE2,AES+PCLMUL VectorSize=256
// Job: campaign(EvaluateOverhead=False, Clock=Armonik.Ffi.Bdn.CpuClock, IterationCount=6, IterationTime=40ms, LaunchCount=1, RunStrategy=Throughput, WarmupCount=25)

OverheadJitting  1: 1 op, 412308.00 ns, 412.3080 us/op
WorkloadJitting  1: 1 op, 42162463.00 ns, 42.1625 ms/op

OverheadJitting  2: 1 op, 888.00 ns, 888.0000 ns/op
WorkloadJitting  2: 1 op, 11898647.00 ns, 11.8986 ms/op

WorkloadPilot    1: 4 op, 66456097.00 ns, 16.6140 ms/op
WorkloadPilot    2: 2 op, 23404356.00 ns, 11.7022 ms/op

WorkloadWarmup   1: 2 op, 31345088.00 ns, 15.6725 ms/op
WorkloadWarmup   2: 2 op, 23369694.00 ns, 11.6848 ms/op
WorkloadWarmup   3: 2 op, 23404022.00 ns, 11.7020 ms/op
WorkloadWarmup   4: 2 op, 23687291.00 ns, 11.8436 ms/op
WorkloadWarmup   5: 2 op, 23092258.00 ns, 11.5461 ms/op
WorkloadWarmup   6: 2 op, 10468229.00 ns, 5.2341 ms/op
WorkloadWarmup   7: 2 op, 6197544.00 ns, 3.0988 ms/op
WorkloadWarmup   8: 2 op, 6257172.00 ns, 3.1286 ms/op
WorkloadWarmup   9: 2 op, 6564691.00 ns, 3.2823 ms/op
WorkloadWarmup  10: 2 op, 6535305.00 ns, 3.2677 ms/op
WorkloadWarmup  11: 2 op, 7503059.00 ns, 3.7515 ms/op
WorkloadWarmup  12: 2 op, 10165615.00 ns, 5.0828 ms/op
WorkloadWarmup  13: 2 op, 5838980.00 ns, 2.9195 ms/op
WorkloadWarmup  14: 2 op, 5845089.00 ns, 2.9225 ms/op
WorkloadWarmup  15: 2 op, 6039621.00 ns, 3.0198 ms/op
WorkloadWarmup  16: 2 op, 5596728.00 ns, 2.7984 ms/op
WorkloadWarmup  17: 2 op, 5668135.00 ns, 2.8341 ms/op
WorkloadWarmup  18: 2 op, 5739178.00 ns, 2.8696 ms/op
WorkloadWarmup  19: 2 op, 5673693.00 ns, 2.8368 ms/op
WorkloadWarmup  20: 2 op, 6220171.00 ns, 3.1101 ms/op
WorkloadWarmup  21: 2 op, 6009500.00 ns, 3.0048 ms/op
WorkloadWarmup  22: 2 op, 6222793.00 ns, 3.1114 ms/op
WorkloadWarmup  23: 2 op, 6983874.00 ns, 3.4919 ms/op
WorkloadWarmup  24: 2 op, 5844290.00 ns, 2.9221 ms/op
WorkloadWarmup  25: 2 op, 5673307.00 ns, 2.8367 ms/op

// BeforeActualRun
WorkloadActual   1: 2 op, 7892159.00 ns, 3.9461 ms/op
WorkloadActual   2: 2 op, 5776758.00 ns, 2.8884 ms/op
WorkloadActual   3: 2 op, 6007096.00 ns, 3.0035 ms/op
WorkloadActual   4: 2 op, 5854674.00 ns, 2.9273 ms/op
WorkloadActual   5: 2 op, 5724605.00 ns, 2.8623 ms/op
WorkloadActual   6: 2 op, 6795755.00 ns, 3.3979 ms/op

// AfterActualRun
WorkloadResult   1: 2 op, 5776758.00 ns, 2.8884 ms/op
WorkloadResult   2: 2 op, 6007096.00 ns, 3.0035 ms/op
WorkloadResult   3: 2 op, 5854674.00 ns, 2.9273 ms/op
WorkloadResult   4: 2 op, 5724605.00 ns, 2.8623 ms/op
WorkloadResult   5: 2 op, 6795755.00 ns, 3.3979 ms/op
// GC:  0 0 0 0 2
// Threading:  0 0 2

// AfterAll
// Benchmark Process 18915 has exited with code 0.

Mean = 3.016 ms, StdErr = 0.098 ms (3.26%), N = 5, StdDev = 0.220 ms
Min = 2.862 ms, Q1 = 2.888 ms, Median = 2.927 ms, Q3 = 3.004 ms, Max = 3.398 ms
IQR = 0.115 ms, LowerFence = 2.716 ms, UpperFence = 3.176 ms
ConfidenceInterval = [2.168 ms; 3.863 ms] (CI 99.9%), Margin = 0.847 ms (28.10% of Mean)
Skewness = 0.93, Kurtosis = 1.89, MValue = 2

// ** Remained 0 (0.0 %) benchmark(s) to run. Estimated finish 2026-10-05 3:42 (0h 0m from now) **
Run time: 00:00:43 (43.63 sec), executed benchmarks: 32

// ***** BenchmarkRunner: Finish  *****

// * Export *
  home/user/ArmoniK.Api/ffi/logs/csharp/opt/s7/ab-fixed/e1c-full-r2.jsonl

// * Detailed results *
CodecSuite.Run: campaign(EvaluateOverhead=False, Clock=Armonik.Ffi.Bdn.CpuClock, IterationCount=6, IterationTime=40ms, LaunchCount=1, RunStrategy=Throughput, WarmupCount=25) [Case=core-(...)etain [42]]
Runtime = .NET 8.0.31 (8.0.31, 8.0.3126.42015), X64 RyuJIT x86-64-v4; GC = Concurrent Workstation
Mean = 754.475 us, StdErr = 8.305 us (1.10%), N = 5, StdDev = 18.570 us
Min = 731.255 us, Q1 = 738.330 us, Median = 762.114 us, Q3 = 767.351 us, Max = 773.327 us
IQR = 29.021 us, LowerFence = 694.799 us, UpperFence = 810.882 us
ConfidenceInterval = [682.969 us; 825.982 us] (CI 99.9%), Margin = 71.507 us (9.48% of Mean)
Skewness = -0.23, Kurtosis = 0.87, MValue = 2
-------------------- Histogram --------------------
[720.539 us ; 753.467 us) | @@
[753.467 us ; 787.581 us) | @@@
---------------------------------------------------

CodecSuite.Run: campaign(EvaluateOverhead=False, Clock=Armonik.Ffi.Bdn.CpuClock, IterationCount=6, IterationTime=40ms, LaunchCount=1, RunStrategy=Throughput, WarmupCount=25) [Case=core-(...)|drop [40]]
Runtime = .NET 8.0.31 (8.0.31, 8.0.3126.42015), X64 RyuJIT x86-64-v4; GC = Concurrent Workstation
Mean = 744.360 us, StdErr = 7.162 us (0.96%), N = 6, StdDev = 17.544 us
Min = 727.437 us, Q1 = 729.290 us, Median = 742.095 us, Q3 = 754.693 us, Max = 770.619 us
IQR = 25.404 us, LowerFence = 691.184 us, UpperFence = 792.799 us
ConfidenceInterval = [695.162 us; 793.558 us] (CI 99.9%), Margin = 49.198 us (6.61% of Mean)
Skewness = 0.29, Kurtosis = 1.17, MValue = 2
-------------------- Histogram --------------------
[726.313 us ; 751.657 us) | @@@@
[751.657 us ; 776.022 us) | @@
---------------------------------------------------

CodecSuite.Run: campaign(EvaluateOverhead=False, Clock=Armonik.Ffi.Bdn.CpuClock, IterationCount=6, IterationTime=40ms, LaunchCount=1, RunStrategy=Throughput, WarmupCount=25) [Case=core-(...)etain [42]]
Runtime = .NET 8.0.31 (8.0.31, 8.0.3126.42015), X64 RyuJIT x86-64-v4; GC = Concurrent Workstation
Mean = 3.107 ms, StdErr = 0.057 ms (1.84%), N = 6, StdDev = 0.140 ms
Min = 2.920 ms, Q1 = 2.994 ms, Median = 3.144 ms, Q3 = 3.218 ms, Max = 3.246 ms
IQR = 0.224 ms, LowerFence = 2.658 ms, UpperFence = 3.553 ms
ConfidenceInterval = [2.715 ms; 3.499 ms] (CI 99.9%), Margin = 0.392 ms (12.62% of Mean)
Skewness = -0.3, Kurtosis = 1.04, MValue = 2
-------------------- Histogram --------------------
[2.819 ms ; 3.039 ms) | @@
[3.039 ms ; 3.279 ms) | @@@@
---------------------------------------------------

CodecSuite.Run: campaign(EvaluateOverhead=False, Clock=Armonik.Ffi.Bdn.CpuClock, IterationCount=6, IterationTime=40ms, LaunchCount=1, RunStrategy=Throughput, WarmupCount=25) [Case=core-(...)etain [82]]
Runtime = .NET 8.0.31 (8.0.31, 8.0.3126.42015), X64 RyuJIT x86-64-v4; GC = Concurrent Workstation
Mean = 3.711 us, StdErr = 0.029 us (0.78%), N = 6, StdDev = 0.071 us
Min = 3.598 us, Q1 = 3.671 us, Median = 3.741 us, Q3 = 3.755 us, Max = 3.777 us
IQR = 0.084 us, LowerFence = 3.544 us, UpperFence = 3.881 us
ConfidenceInterval = [3.511 us; 3.911 us] (CI 99.9%), Margin = 0.200 us (5.39% of Mean)
Skewness = -0.57, Kurtosis = 1.33, MValue = 2
-------------------- Histogram --------------------
[3.571 us ; 3.707 us) | @@
[3.707 us ; 3.829 us) | @@@@
---------------------------------------------------

CodecSuite.Run: campaign(EvaluateOverhead=False, Clock=Armonik.Ffi.Bdn.CpuClock, IterationCount=6, IterationTime=40ms, LaunchCount=1, RunStrategy=Throughput, WarmupCount=25) [Case=core-(...)etain [43]]
Runtime = .NET 8.0.31 (8.0.31, 8.0.3126.42015), X64 RyuJIT x86-64-v4; GC = Concurrent Workstation
Mean = 2.959 ms, StdErr = 0.092 ms (3.10%), N = 6, StdDev = 0.225 ms
Min = 2.800 ms, Q1 = 2.810 ms, Median = 2.838 ms, Q3 = 3.065 ms, Max = 3.337 ms
IQR = 0.256 ms, LowerFence = 2.426 ms, UpperFence = 3.449 ms
ConfidenceInterval = [2.328 ms; 3.590 ms] (CI 99.9%), Margin = 0.631 ms (21.31% of Mean)
Skewness = 0.71, Kurtosis = 1.51, MValue = 2
-------------------- Histogram --------------------
[2.638 ms ; 2.990 ms) | @@@@
[2.990 ms ; 3.399 ms) | @@
---------------------------------------------------

CodecSuite.Run: campaign(EvaluateOverhead=False, Clock=Armonik.Ffi.Bdn.CpuClock, IterationCount=6, IterationTime=40ms, LaunchCount=1, RunStrategy=Throughput, WarmupCount=25) [Case=core-(...)|drop [40]]
Runtime = .NET 8.0.31 (8.0.31, 8.0.3126.42015), X64 RyuJIT x86-64-v4; GC = Concurrent Workstation
Mean = 2.154 ms, StdErr = 0.045 ms (2.10%), N = 5, StdDev = 0.101 ms
Min = 2.034 ms, Q1 = 2.098 ms, Median = 2.119 ms, Q3 = 2.258 ms, Max = 2.260 ms
IQR = 0.161 ms, LowerFence = 1.857 ms, UpperFence = 2.499 ms
ConfidenceInterval = [1.765 ms; 2.543 ms] (CI 99.9%), Margin = 0.389 ms (18.07% of Mean)
Skewness = 0.08, Kurtosis = 0.89, MValue = 2
-------------------- Histogram --------------------
[1.999 ms ; 2.154 ms) | @@@
[2.154 ms ; 2.338 ms) | @@
---------------------------------------------------

CodecSuite.Run: campaign(EvaluateOverhead=False, Clock=Armonik.Ffi.Bdn.CpuClock, IterationCount=6, IterationTime=40ms, LaunchCount=1, RunStrategy=Throughput, WarmupCount=25) [Case=core-(...)|drop [54]]
Runtime = .NET 8.0.31 (8.0.31, 8.0.3126.42015), X64 RyuJIT x86-64-v4; GC = Concurrent Workstation
Mean = 3.375 us, StdErr = 0.011 us (0.34%), N = 6, StdDev = 0.028 us
Min = 3.345 us, Q1 = 3.354 us, Median = 3.372 us, Q3 = 3.391 us, Max = 3.417 us
IQR = 0.037 us, LowerFence = 3.298 us, UpperFence = 3.447 us
ConfidenceInterval = [3.297 us; 3.453 us] (CI 99.9%), Margin = 0.078 us (2.32% of Mean)
Skewness = 0.28, Kurtosis = 1.28, MValue = 2
-------------------- Histogram --------------------
[3.324 us ; 3.437 us) | @@@@@@
---------------------------------------------------

CodecSuite.Run: campaign(EvaluateOverhead=False, Clock=Armonik.Ffi.Bdn.CpuClock, IterationCount=6, IterationTime=40ms, LaunchCount=1, RunStrategy=Throughput, WarmupCount=25) [Case=core-(...)|drop [78]]
Runtime = .NET 8.0.31 (8.0.31, 8.0.3126.42015), X64 RyuJIT x86-64-v4; GC = Concurrent Workstation
Mean = 1.572 us, StdErr = 0.008 us (0.53%), N = 5, StdDev = 0.019 us
Min = 1.545 us, Q1 = 1.560 us, Median = 1.581 us, Q3 = 1.587 us, Max = 1.587 us
IQR = 0.027 us, LowerFence = 1.520 us, UpperFence = 1.627 us
ConfidenceInterval = [1.499 us; 1.644 us] (CI 99.9%), Margin = 0.072 us (4.61% of Mean)
Skewness = -0.43, Kurtosis = 1.08, MValue = 2
-------------------- Histogram --------------------
[1.530 us ; 1.589 us) | @@@@@
---------------------------------------------------

CodecSuite.Run: campaign(EvaluateOverhead=False, Clock=Armonik.Ffi.Bdn.CpuClock, IterationCount=6, IterationTime=40ms, LaunchCount=1, RunStrategy=Throughput, WarmupCount=25) [Case=core-(...)|drop [68]]
Runtime = .NET 8.0.31 (8.0.31, 8.0.3126.42015), X64 RyuJIT x86-64-v4; GC = Concurrent Workstation
Mean = 521.951 ns, StdErr = 4.736 ns (0.91%), N = 5, StdDev = 10.590 ns
Min = 514.899 ns, Q1 = 515.760 ns, Median = 518.349 ns, Q3 = 520.233 ns, Max = 540.515 ns
IQR = 4.473 ns, LowerFence = 509.050 ns, UpperFence = 526.943 ns
ConfidenceInterval = [481.172 ns; 562.731 ns] (CI 99.9%), Margin = 40.780 ns (7.81% of Mean)
Skewness = 0.97, Kurtosis = 1.95, MValue = 2
-------------------- Histogram --------------------
[509.438 ns ; 532.387 ns) | @@@@
[532.387 ns ; 548.644 ns) | @
---------------------------------------------------

CodecSuite.Run: campaign(EvaluateOverhead=False, Clock=Armonik.Ffi.Bdn.CpuClock, IterationCount=6, IterationTime=40ms, LaunchCount=1, RunStrategy=Throughput, WarmupCount=25) [Case=core-(...)|drop [40]]
Runtime = .NET 8.0.31 (8.0.31, 8.0.3126.42015), X64 RyuJIT x86-64-v4; GC = Concurrent Workstation
Mean = 719.721 us, StdErr = 1.359 us (0.19%), N = 6, StdDev = 3.328 us
Min = 716.181 us, Q1 = 717.078 us, Median = 719.335 us, Q3 = 721.726 us, Max = 724.623 us
IQR = 4.648 us, LowerFence = 710.107 us, UpperFence = 728.697 us
ConfidenceInterval = [710.389 us; 729.052 us] (CI 99.9%), Margin = 9.332 us (1.30% of Mean)
Skewness = 0.26, Kurtosis = 1.24, MValue = 2
-------------------- Histogram --------------------
[713.777 us ; 727.027 us) | @@@@@@
---------------------------------------------------

CodecSuite.Run: campaign(EvaluateOverhead=False, Clock=Armonik.Ffi.Bdn.CpuClock, IterationCount=6, IterationTime=40ms, LaunchCount=1, RunStrategy=Throughput, WarmupCount=25) [Case=core-(...)etain [42]]
Runtime = .NET 8.0.31 (8.0.31, 8.0.3126.42015), X64 RyuJIT x86-64-v4; GC = Concurrent Workstation
Mean = 772.868 us, StdErr = 10.173 us (1.32%), N = 6, StdDev = 24.918 us
Min = 742.555 us, Q1 = 757.847 us, Median = 771.061 us, Q3 = 781.593 us, Max = 813.986 us
IQR = 23.745 us, LowerFence = 722.230 us, UpperFence = 817.211 us
ConfidenceInterval = [702.994 us; 842.743 us] (CI 99.9%), Margin = 69.875 us (9.04% of Mean)
Skewness = 0.4, Kurtosis = 1.64, MValue = 2
-------------------- Histogram --------------------
[724.557 us ; 751.275 us) | @
[751.275 us ; 795.988 us) | @@@@
[795.988 us ; 831.984 us) | @
---------------------------------------------------

CodecSuite.Run: campaign(EvaluateOverhead=False, Clock=Armonik.Ffi.Bdn.CpuClock, IterationCount=6, IterationTime=40ms, LaunchCount=1, RunStrategy=Throughput, WarmupCount=25) [Case=core-(...)etain [80]]
Runtime = .NET 8.0.31 (8.0.31, 8.0.3126.42015), X64 RyuJIT x86-64-v4; GC = Concurrent Workstation
Mean = 1.614 us, StdErr = 0.009 us (0.59%), N = 6, StdDev = 0.023 us
Min = 1.586 us, Q1 = 1.598 us, Median = 1.614 us, Q3 = 1.624 us, Max = 1.650 us
IQR = 0.027 us, LowerFence = 1.558 us, UpperFence = 1.664 us
ConfidenceInterval = [1.549 us; 1.679 us] (CI 99.9%), Margin = 0.065 us (4.02% of Mean)
Skewness = 0.24, Kurtosis = 1.43, MValue = 2
-------------------- Histogram --------------------
[1.584 us ; 1.617 us) | @@@@
[1.617 us ; 1.655 us) | @@
---------------------------------------------------

CodecSuite.Run: campaign(EvaluateOverhead=False, Clock=Armonik.Ffi.Bdn.CpuClock, IterationCount=6, IterationTime=40ms, LaunchCount=1, RunStrategy=Throughput, WarmupCount=25) [Case=core-(...)|drop [55]]
Runtime = .NET 8.0.31 (8.0.31, 8.0.3126.42015), X64 RyuJIT x86-64-v4; GC = Concurrent Workstation
Mean = 295.562 ns, StdErr = 0.958 ns (0.32%), N = 6, StdDev = 2.347 ns
Min = 292.735 ns, Q1 = 293.959 ns, Median = 295.492 ns, Q3 = 296.609 ns, Max = 299.221 ns
IQR = 2.650 ns, LowerFence = 289.985 ns, UpperFence = 300.583 ns
ConfidenceInterval = [288.981 ns; 302.143 ns] (CI 99.9%), Margin = 6.581 ns (2.23% of Mean)
Skewness = 0.26, Kurtosis = 1.45, MValue = 2
-------------------- Histogram --------------------
[291.040 ns ; 300.917 ns) | @@@@@@
---------------------------------------------------

CodecSuite.Run: campaign(EvaluateOverhead=False, Clock=Armonik.Ffi.Bdn.CpuClock, IterationCount=6, IterationTime=40ms, LaunchCount=1, RunStrategy=Throughput, WarmupCount=25) [Case=core-(...)|drop [40]]
Runtime = .NET 8.0.31 (8.0.31, 8.0.3126.42015), X64 RyuJIT x86-64-v4; GC = Concurrent Workstation
Mean = 3.230 ms, StdErr = 0.109 ms (3.37%), N = 6, StdDev = 0.267 ms
Min = 2.995 ms, Q1 = 3.027 ms, Median = 3.125 ms, Q3 = 3.462 ms, Max = 3.567 ms
IQR = 0.434 ms, LowerFence = 2.376 ms, UpperFence = 4.113 ms
ConfidenceInterval = [2.481 ms; 3.979 ms] (CI 99.9%), Margin = 0.749 ms (23.18% of Mean)
Skewness = 0.43, Kurtosis = 1.04, MValue = 2
-------------------- Histogram --------------------
[2.879 ms ; 3.373 ms) | @@@@
[3.373 ms ; 3.760 ms) | @@
---------------------------------------------------

CodecSuite.Run: campaign(EvaluateOverhead=False, Clock=Armonik.Ffi.Bdn.CpuClock, IterationCount=6, IterationTime=40ms, LaunchCount=1, RunStrategy=Throughput, WarmupCount=25) [Case=core-(...)etain [41]]
Runtime = .NET 8.0.31 (8.0.31, 8.0.3126.42015), X64 RyuJIT x86-64-v4; GC = Concurrent Workstation
Mean = 3.219 ms, StdErr = 0.049 ms (1.51%), N = 6, StdDev = 0.119 ms
Min = 3.087 ms, Q1 = 3.144 ms, Median = 3.182 ms, Q3 = 3.293 ms, Max = 3.399 ms
IQR = 0.149 ms, LowerFence = 2.920 ms, UpperFence = 3.517 ms
ConfidenceInterval = [2.885 ms; 3.552 ms] (CI 99.9%), Margin = 0.334 ms (10.37% of Mean)
Skewness = 0.38, Kurtosis = 1.27, MValue = 2
-------------------- Histogram --------------------
[3.065 ms ; 3.237 ms) | @@@@
[3.237 ms ; 3.445 ms) | @@
---------------------------------------------------

CodecSuite.Run: campaign(EvaluateOverhead=False, Clock=Armonik.Ffi.Bdn.CpuClock, IterationCount=6, IterationTime=40ms, LaunchCount=1, RunStrategy=Throughput, WarmupCount=25) [Case=core-(...)|drop [80]]
Runtime = .NET 8.0.31 (8.0.31, 8.0.3126.42015), X64 RyuJIT x86-64-v4; GC = Concurrent Workstation
Mean = 3.418 us, StdErr = 0.009 us (0.26%), N = 5, StdDev = 0.020 us
Min = 3.399 us, Q1 = 3.401 us, Median = 3.413 us, Q3 = 3.436 us, Max = 3.442 us
IQR = 0.035 us, LowerFence = 3.348 us, UpperFence = 3.489 us
ConfidenceInterval = [3.342 us; 3.494 us] (CI 99.9%), Margin = 0.076 us (2.22% of Mean)
Skewness = 0.18, Kurtosis = 0.82, MValue = 2
-------------------- Histogram --------------------
[3.384 us ; 3.457 us) | @@@@@
---------------------------------------------------

CodecSuite.Run: campaign(EvaluateOverhead=False, Clock=Armonik.Ffi.Bdn.CpuClock, IterationCount=6, IterationTime=40ms, LaunchCount=1, RunStrategy=Throughput, WarmupCount=25) [Case=core-(...)etain [42]]
Runtime = .NET 8.0.31 (8.0.31, 8.0.3126.42015), X64 RyuJIT x86-64-v4; GC = Concurrent Workstation
Mean = 2.667 ms, StdErr = 0.287 ms (10.77%), N = 6, StdDev = 0.703 ms
Min = 2.099 ms, Q1 = 2.125 ms, Median = 2.365 ms, Q3 = 3.128 ms, Max = 3.744 ms
IQR = 1.003 ms, LowerFence = 0.620 ms, UpperFence = 4.633 ms
ConfidenceInterval = [0.694 ms; 4.639 ms] (CI 99.9%), Margin = 1.972 ms (73.97% of Mean)
Skewness = 0.49, Kurtosis = 1.21, MValue = 2
-------------------- Histogram --------------------
[1.831 ms ; 3.019 ms) | @@@@
[3.019 ms ; 4.035 ms) | @@
---------------------------------------------------

CodecSuite.Run: campaign(EvaluateOverhead=False, Clock=Armonik.Ffi.Bdn.CpuClock, IterationCount=6, IterationTime=40ms, LaunchCount=1, RunStrategy=Throughput, WarmupCount=25) [Case=core-(...)|drop [52]]
Runtime = .NET 8.0.31 (8.0.31, 8.0.3126.42015), X64 RyuJIT x86-64-v4; GC = Concurrent Workstation
Mean = 644.880 ns, StdErr = 8.786 ns (1.36%), N = 5, StdDev = 19.645 ns
Min = 621.091 ns, Q1 = 626.814 ns, Median = 653.983 ns, Q3 = 657.240 ns, Max = 665.271 ns
IQR = 30.427 ns, LowerFence = 581.173 ns, UpperFence = 702.880 ns
ConfidenceInterval = [569.233 ns; 720.527 ns] (CI 99.9%), Margin = 75.647 ns (11.73% of Mean)
Skewness = -0.22, Kurtosis = 0.85, MValue = 2
-------------------- Histogram --------------------
[606.012 ns ; 644.548 ns) | @@
[644.548 ns ; 680.350 ns) | @@@
---------------------------------------------------

CodecSuite.Run: campaign(EvaluateOverhead=False, Clock=Armonik.Ffi.Bdn.CpuClock, IterationCount=6, IterationTime=40ms, LaunchCount=1, RunStrategy=Throughput, WarmupCount=25) [Case=core-(...)|drop [41]]
Runtime = .NET 8.0.31 (8.0.31, 8.0.3126.42015), X64 RyuJIT x86-64-v4; GC = Concurrent Workstation
Mean = 3.016 ms, StdErr = 0.098 ms (3.26%), N = 5, StdDev = 0.220 ms
Min = 2.862 ms, Q1 = 2.888 ms, Median = 2.927 ms, Q3 = 3.004 ms, Max = 3.398 ms
IQR = 0.115 ms, LowerFence = 2.716 ms, UpperFence = 3.176 ms
ConfidenceInterval = [2.168 ms; 3.863 ms] (CI 99.9%), Margin = 0.847 ms (28.10% of Mean)
Skewness = 0.93, Kurtosis = 1.89, MValue = 2
-------------------- Histogram --------------------
[2.764 ms ; 3.102 ms) | @@@@
[3.102 ms ; 3.229 ms) | 
[3.229 ms ; 3.567 ms) | @
---------------------------------------------------

CodecSuite.Run: campaign(EvaluateOverhead=False, Clock=Armonik.Ffi.Bdn.CpuClock, IterationCount=6, IterationTime=40ms, LaunchCount=1, RunStrategy=Throughput, WarmupCount=25) [Case=core-(...)|drop [40]]
Runtime = .NET 8.0.31 (8.0.31, 8.0.3126.42015), X64 RyuJIT x86-64-v4; GC = Concurrent Workstation
Mean = 2.733 ms, StdErr = 0.055 ms (2.01%), N = 6, StdDev = 0.135 ms
Min = 2.479 ms, Q1 = 2.719 ms, Median = 2.770 ms, Q3 = 2.827 ms, Max = 2.833 ms
IQR = 0.108 ms, LowerFence = 2.558 ms, UpperFence = 2.988 ms
ConfidenceInterval = [2.356 ms; 3.111 ms] (CI 99.9%), Margin = 0.377 ms (13.81% of Mean)
Skewness = -0.96, Kurtosis = 2.25, MValue = 2
-------------------- Histogram --------------------
[2.381 ms ; 2.576 ms) | @
[2.576 ms ; 2.677 ms) | 
[2.677 ms ; 2.871 ms) | @@@@@
---------------------------------------------------

CodecSuite.Run: campaign(EvaluateOverhead=False, Clock=Armonik.Ffi.Bdn.CpuClock, IterationCount=6, IterationTime=40ms, LaunchCount=1, RunStrategy=Throughput, WarmupCount=25) [Case=core-(...)etain [54]]
Runtime = .NET 8.0.31 (8.0.31, 8.0.3126.42015), X64 RyuJIT x86-64-v4; GC = Concurrent Workstation
Mean = 632.745 ns, StdErr = 0.399 ns (0.06%), N = 5, StdDev = 0.892 ns
Min = 631.563 ns, Q1 = 632.119 ns, Median = 632.905 ns, Q3 = 633.501 ns, Max = 633.637 ns
IQR = 1.382 ns, LowerFence = 630.046 ns, UpperFence = 635.574 ns
ConfidenceInterval = [629.310 ns; 636.180 ns] (CI 99.9%), Margin = 3.435 ns (0.54% of Mean)
Skewness = -0.21, Kurtosis = 0.97, MValue = 2
-------------------- Histogram --------------------
[630.878 ns ; 634.322 ns) | @@@@@
---------------------------------------------------

CodecSuite.Run: campaign(EvaluateOverhead=False, Clock=Armonik.Ffi.Bdn.CpuClock, IterationCount=6, IterationTime=40ms, LaunchCount=1, RunStrategy=Throughput, WarmupCount=25) [Case=core-(...)etain [56]]
Runtime = .NET 8.0.31 (8.0.31, 8.0.3126.42015), X64 RyuJIT x86-64-v4; GC = Concurrent Workstation
Mean = 3.638 us, StdErr = 0.090 us (2.48%), N = 6, StdDev = 0.221 us
Min = 3.420 us, Q1 = 3.474 us, Median = 3.592 us, Q3 = 3.738 us, Max = 4.004 us
IQR = 0.264 us, LowerFence = 3.077 us, UpperFence = 4.134 us
ConfidenceInterval = [3.019 us; 4.257 us] (CI 99.9%), Margin = 0.619 us (17.01% of Mean)
Skewness = 0.52, Kurtosis = 1.54, MValue = 2
-------------------- Histogram --------------------
[3.374 us ; 3.693 us) | @@@@
[3.693 us ; 4.045 us) | @@
---------------------------------------------------

CodecSuite.Run: campaign(EvaluateOverhead=False, Clock=Armonik.Ffi.Bdn.CpuClock, IterationCount=6, IterationTime=40ms, LaunchCount=1, RunStrategy=Throughput, WarmupCount=25) [Case=core-(...)|drop [40]]
Runtime = .NET 8.0.31 (8.0.31, 8.0.3126.42015), X64 RyuJIT x86-64-v4; GC = Concurrent Workstation
Mean = 84.676 us, StdErr = 0.358 us (0.42%), N = 6, StdDev = 0.878 us
Min = 83.644 us, Q1 = 84.073 us, Median = 84.571 us, Q3 = 85.192 us, Max = 85.963 us
IQR = 1.119 us, LowerFence = 82.394 us, UpperFence = 86.870 us
ConfidenceInterval = [82.214 us; 87.138 us] (CI 99.9%), Margin = 2.462 us (2.91% of Mean)
Skewness = 0.24, Kurtosis = 1.26, MValue = 2
-------------------- Histogram --------------------
[83.269 us ; 86.597 us) | @@@@@@
---------------------------------------------------

CodecSuite.Run: campaign(EvaluateOverhead=False, Clock=Armonik.Ffi.Bdn.CpuClock, IterationCount=6, IterationTime=40ms, LaunchCount=1, RunStrategy=Throughput, WarmupCount=25) [Case=core-(...)etain [42]]
Runtime = .NET 8.0.31 (8.0.31, 8.0.3126.42015), X64 RyuJIT x86-64-v4; GC = Concurrent Workstation
Mean = 489.428 us, StdErr = 7.396 us (1.51%), N = 6, StdDev = 18.115 us
Min = 467.418 us, Q1 = 475.451 us, Median = 490.373 us, Q3 = 500.547 us, Max = 513.989 us
IQR = 25.096 us, LowerFence = 437.807 us, UpperFence = 538.191 us
ConfidenceInterval = [438.629 us; 540.227 us] (CI 99.9%), Margin = 50.799 us (10.38% of Mean)
Skewness = 0.06, Kurtosis = 1.08, MValue = 2
-------------------- Histogram --------------------
[461.242 us ; 487.412 us) | @@@
[487.412 us ; 519.834 us) | @@@
---------------------------------------------------

CodecSuite.Run: campaign(EvaluateOverhead=False, Clock=Armonik.Ffi.Bdn.CpuClock, IterationCount=6, IterationTime=40ms, LaunchCount=1, RunStrategy=Throughput, WarmupCount=25) [Case=core-(...)etain [42]]
Runtime = .NET 8.0.31 (8.0.31, 8.0.3126.42015), X64 RyuJIT x86-64-v4; GC = Concurrent Workstation
Mean = 2.448 ms, StdErr = 0.009 ms (0.35%), N = 6, StdDev = 0.021 ms
Min = 2.412 ms, Q1 = 2.444 ms, Median = 2.448 ms, Q3 = 2.458 ms, Max = 2.474 ms
IQR = 0.014 ms, LowerFence = 2.423 ms, UpperFence = 2.479 ms
ConfidenceInterval = [2.389 ms; 2.506 ms] (CI 99.9%), Margin = 0.058 ms (2.39% of Mean)
Skewness = -0.46, Kurtosis = 1.89, MValue = 2
-------------------- Histogram --------------------
[2.397 ms ; 2.477 ms) | @@@@@@
---------------------------------------------------

CodecSuite.Run: campaign(EvaluateOverhead=False, Clock=Armonik.Ffi.Bdn.CpuClock, IterationCount=6, IterationTime=40ms, LaunchCount=1, RunStrategy=Throughput, WarmupCount=25) [Case=core-(...)etain [42]]
Runtime = .NET 8.0.31 (8.0.31, 8.0.3126.42015), X64 RyuJIT x86-64-v4; GC = Concurrent Workstation
Mean = 84.705 us, StdErr = 0.462 us (0.55%), N = 6, StdDev = 1.133 us
Min = 83.754 us, Q1 = 83.839 us, Median = 84.221 us, Q3 = 85.539 us, Max = 86.345 us
IQR = 1.700 us, LowerFence = 81.289 us, UpperFence = 88.089 us
ConfidenceInterval = [81.529 us; 87.881 us] (CI 99.9%), Margin = 3.176 us (3.75% of Mean)
Skewness = 0.44, Kurtosis = 1.11, MValue = 2
-------------------- Histogram --------------------
[83.320 us ; 85.243 us) | @@@@
[85.243 us ; 87.163 us) | @@
---------------------------------------------------

CodecSuite.Run: campaign(EvaluateOverhead=False, Clock=Armonik.Ffi.Bdn.CpuClock, IterationCount=6, IterationTime=40ms, LaunchCount=1, RunStrategy=Throughput, WarmupCount=25) [Case=core-(...)|drop [40]]
Runtime = .NET 8.0.31 (8.0.31, 8.0.3126.42015), X64 RyuJIT x86-64-v4; GC = Concurrent Workstation
Mean = 525.458 us, StdErr = 14.366 us (2.73%), N = 6, StdDev = 35.190 us
Min = 483.249 us, Q1 = 499.059 us, Median = 526.017 us, Q3 = 557.549 us, Max = 559.335 us
IQR = 58.489 us, LowerFence = 411.325 us, UpperFence = 645.282 us
ConfidenceInterval = [426.780 us; 624.137 us] (CI 99.9%), Margin = 98.679 us (18.78% of Mean)
Skewness = -0.05, Kurtosis = 0.79, MValue = 2
-------------------- Histogram --------------------
[465.875 us ; 530.599 us) | @@@
[530.599 us ; 584.753 us) | @@@
---------------------------------------------------

CodecSuite.Run: campaign(EvaluateOverhead=False, Clock=Armonik.Ffi.Bdn.CpuClock, IterationCount=6, IterationTime=40ms, LaunchCount=1, RunStrategy=Throughput, WarmupCount=25) [Case=core-(...)etain [70]]
Runtime = .NET 8.0.31 (8.0.31, 8.0.3126.42015), X64 RyuJIT x86-64-v4; GC = Concurrent Workstation
Mean = 558.902 ns, StdErr = 5.487 ns (0.98%), N = 6, StdDev = 13.440 ns
Min = 543.048 ns, Q1 = 548.461 ns, Median = 559.598 ns, Q3 = 565.694 ns, Max = 578.694 ns
IQR = 17.232 ns, LowerFence = 522.613 ns, UpperFence = 591.543 ns
ConfidenceInterval = [521.215 ns; 596.589 ns] (CI 99.9%), Margin = 37.687 ns (6.74% of Mean)
Skewness = 0.13, Kurtosis = 1.31, MValue = 2
-------------------- Histogram --------------------
[542.433 ns ; 561.848 ns) | @@@@
[561.848 ns ; 582.645 ns) | @@
---------------------------------------------------

CodecSuite.Run: campaign(EvaluateOverhead=False, Clock=Armonik.Ffi.Bdn.CpuClock, IterationCount=6, IterationTime=40ms, LaunchCount=1, RunStrategy=Throughput, WarmupCount=25) [Case=core-(...)etain [83]]
Runtime = .NET 8.0.31 (8.0.31, 8.0.3126.42015), X64 RyuJIT x86-64-v4; GC = Concurrent Workstation
Mean = 294.030 ns, StdErr = 0.418 ns (0.14%), N = 6, StdDev = 1.024 ns
Min = 292.560 ns, Q1 = 293.458 ns, Median = 294.082 ns, Q3 = 294.580 ns, Max = 295.458 ns
IQR = 1.122 ns, LowerFence = 291.776 ns, UpperFence = 296.262 ns
ConfidenceInterval = [291.157 ns; 296.902 ns] (CI 99.9%), Margin = 2.872 ns (0.98% of Mean)
Skewness = -0.05, Kurtosis = 1.42, MValue = 2
-------------------- Histogram --------------------
[291.820 ns ; 296.198 ns) | @@@@@@
---------------------------------------------------

CodecSuite.Run: campaign(EvaluateOverhead=False, Clock=Armonik.Ffi.Bdn.CpuClock, IterationCount=6, IterationTime=40ms, LaunchCount=1, RunStrategy=Throughput, WarmupCount=25) [Case=core-(...)|drop [39]]
Runtime = .NET 8.0.31 (8.0.31, 8.0.3126.42015), X64 RyuJIT x86-64-v4; GC = Concurrent Workstation
Mean = 2.966 ms, StdErr = 0.010 ms (0.35%), N = 5, StdDev = 0.023 ms
Min = 2.937 ms, Q1 = 2.955 ms, Median = 2.960 ms, Q3 = 2.979 ms, Max = 2.997 ms
IQR = 0.025 ms, LowerFence = 2.918 ms, UpperFence = 3.017 ms
ConfidenceInterval = [2.876 ms; 3.056 ms] (CI 99.9%), Margin = 0.090 ms (3.03% of Mean)
Skewness = 0.14, Kurtosis = 1.18, MValue = 2
-------------------- Histogram --------------------
[2.919 ms ; 3.015 ms) | @@@@@
---------------------------------------------------

CodecSuite.Run: campaign(EvaluateOverhead=False, Clock=Armonik.Ffi.Bdn.CpuClock, IterationCount=6, IterationTime=40ms, LaunchCount=1, RunStrategy=Throughput, WarmupCount=25) [Case=core-(...)|drop [81]]
Runtime = .NET 8.0.31 (8.0.31, 8.0.3126.42015), X64 RyuJIT x86-64-v4; GC = Concurrent Workstation
Mean = 292.345 ns, StdErr = 3.172 ns (1.09%), N = 6, StdDev = 7.770 ns
Min = 282.556 ns, Q1 = 288.913 ns, Median = 290.052 ns, Q3 = 296.326 ns, Max = 304.462 ns
IQR = 7.413 ns, LowerFence = 277.793 ns, UpperFence = 307.446 ns
ConfidenceInterval = [270.556 ns; 314.134 ns] (CI 99.9%), Margin = 21.789 ns (7.45% of Mean)
Skewness = 0.34, Kurtosis = 1.47, MValue = 2
-------------------- Histogram --------------------
[280.937 ns ; 292.162 ns) | @@@@
[292.162 ns ; 306.971 ns) | @@
---------------------------------------------------

CodecSuite.Run: campaign(EvaluateOverhead=False, Clock=Armonik.Ffi.Bdn.CpuClock, IterationCount=6, IterationTime=40ms, LaunchCount=1, RunStrategy=Throughput, WarmupCount=25) [Case=core-(...)etain [57]]
Runtime = .NET 8.0.31 (8.0.31, 8.0.3126.42015), X64 RyuJIT x86-64-v4; GC = Concurrent Workstation
Mean = 323.819 ns, StdErr = 8.149 ns (2.52%), N = 5, StdDev = 18.222 ns
Min = 305.577 ns, Q1 = 306.886 ns, Median = 321.625 ns, Q3 = 340.827 ns, Max = 344.181 ns
IQR = 33.941 ns, LowerFence = 255.975 ns, UpperFence = 391.738 ns
ConfidenceInterval = [253.653 ns; 393.986 ns] (CI 99.9%), Margin = 70.167 ns (21.67% of Mean)
Skewness = 0.08, Kurtosis = 0.81, MValue = 2
-------------------- Histogram --------------------
[299.614 ns ; 327.587 ns) | @@@
[327.587 ns ; 358.167 ns) | @@
---------------------------------------------------

// * Summary *

BenchmarkDotNet v0.15.8, Linux Ubuntu 24.04.4 LTS (Noble Numbat)
Intel Xeon Processor 2.80GHz, 1 CPU, 4 logical and 4 physical cores
.NET SDK 8.0.131
  [Host]   : .NET 8.0.31 (8.0.31, 8.0.3126.42015), X64 RyuJIT x86-64-v4
  campaign : .NET 8.0.31 (8.0.31, 8.0.3126.42015), X64 RyuJIT x86-64-v4

Job=campaign  EvaluateOverhead=False  Clock=Armonik.Ffi.Bdn.CpuClock  
IterationCount=6  IterationTime=40ms  LaunchCount=1  
RunStrategy=Throughput  WarmupCount=25  

| Method | Case                 | Mean           | Error           | StdDev        | Allocated |
|------- |--------------------- |---------------:|----------------:|--------------:|----------:|
| Run    | core-(...)etain [42] |   754,475.4 ns |    71,506.62 ns |  18,570.04 ns |         - |
| Run    | core-(...)|drop [40] |   744,360.0 ns |    49,197.92 ns |  17,544.45 ns |         - |
| Run    | core-(...)etain [42] | 3,106,600.6 ns |   391,964.76 ns | 139,778.41 ns |         - |
| Run    | core-(...)etain [82] |     3,710.7 ns |       199.86 ns |      71.27 ns |         - |
| Run    | core-(...)etain [43] | 2,959,122.7 ns |   630,695.92 ns | 224,912.24 ns |         - |
| Run    | core-(...)|drop [40] | 2,153,916.5 ns |   389,275.56 ns | 101,093.63 ns |         - |
| Run    | core-(...)|drop [54] |     3,375.1 ns |        78.36 ns |      27.94 ns |         - |
| Run    | core-(...)|drop [78] |     1,571.7 ns |        72.40 ns |      18.80 ns |         - |
| Run    | core-(...)|drop [68] |       522.0 ns |        40.78 ns |      10.59 ns |         - |
| Run    | core-(...)|drop [40] |   719,720.5 ns |     9,331.65 ns |   3,327.75 ns |         - |
| Run    | core-(...)etain [42] |   772,868.4 ns |    69,874.72 ns |  24,918.00 ns |         - |
| Run    | core-(...)etain [80] |     1,614.0 ns |        64.90 ns |      23.15 ns |         - |
| Run    | core-(...)|drop [55] |       295.6 ns |         6.58 ns |       2.35 ns |         - |
| Run    | core-(...)|drop [40] | 3,230,073.2 ns |   748,682.26 ns | 266,987.31 ns |         - |
| Run    | core-(...)etain [41] | 3,218,537.4 ns |   333,649.34 ns | 118,982.57 ns |         - |
| Run    | core-(...)|drop [80] |     3,418.1 ns |        75.97 ns |      19.73 ns |         - |
| Run    | core-(...)etain [42] | 2,666,634.0 ns | 1,972,459.07 ns | 703,397.91 ns |         - |
| Run    | core-(...)|drop [52] |       644.9 ns |        75.65 ns |      19.65 ns |         - |
| Run    | core-(...)|drop [41] | 3,015,888.8 ns |   847,484.18 ns | 220,088.95 ns |         - |
| Run    | core-(...)|drop [40] | 2,733,195.7 ns |   377,483.85 ns | 134,614.38 ns |         - |
| Run    | core-(...)etain [54] |       632.7 ns |         3.44 ns |       0.89 ns |         - |
| Run    | core-(...)etain [56] |     3,638.1 ns |       618.80 ns |     220.67 ns |         - |
| Run    | core-(...)|drop [40] |    84,675.7 ns |     2,461.81 ns |     877.91 ns |         - |
| Run    | core-(...)etain [42] |   489,427.8 ns |    50,799.14 ns |  18,115.46 ns |         - |
| Run    | core-(...)etain [42] | 2,447,793.0 ns |    58,419.65 ns |  20,833.01 ns |         - |
| Run    | core-(...)etain [42] |    84,705.1 ns |     3,176.25 ns |   1,132.68 ns |         - |
| Run    | core-(...)|drop [40] |   525,458.3 ns |    98,678.65 ns |  35,189.76 ns |         - |
| Run    | core-(...)etain [70] |       558.9 ns |        37.69 ns |      13.44 ns |         - |
| Run    | core-(...)etain [83] |       294.0 ns |         2.87 ns |       1.02 ns |         - |
| Run    | core-(...)|drop [39] | 2,965,784.5 ns |    89,772.61 ns |  23,313.66 ns |         - |
| Run    | core-(...)|drop [81] |       292.3 ns |        21.79 ns |       7.77 ns |         - |
| Run    | core-(...)etain [57] |       323.8 ns |        70.17 ns |      18.22 ns |         - |

// * Legends *
  Case      : Value of the 'Case' parameter
  Mean      : Arithmetic mean of all measurements
  Error     : Half of 99.9% confidence interval
  StdDev    : Standard deviation of all measurements
  Allocated : Allocated memory per single operation (managed only, inclusive, 1KB = 1024B)
  1 ns      : 1 Nanosecond (0.000000001 sec)

// * Diagnostic Output - AkProcessCpu *

// * Diagnostic Output - MemoryDiagnoser *


// ***** BenchmarkRunner: End *****
Global total time: 00:01:03 (63.84 sec), executed benchmarks: 32
// * Artifacts cleanup *
Artifacts cleanup is finished
