# CONTAINER INSTRUMENTATION (gen/opt_bench.sh); ns per operation = thread CPU per criterion sample / iterations
file	input	payload	content	arm	dir	mode	samples	median_ns	min_ns	max_ns	spread	q25_ns	q75_ns
codec-P	P7.1	P7.1	ascii	incumbent-prod	decode	default	20	286.9	250.2	323.3	0.255	256.5	321.8
codec-P	P7.1	P7.1	ascii	armonik	decode	default	20	306.8	249.3	338.2	0.290	256.3	322.0
codec-P	P7.1	P7.1	ascii	core-native	decode	drop	20	211.6	188.6	247.6	0.279	198.3	244.6
codec-P	P7.1	P7.1	ascii	core-ffi	decode	drop	20	314.4	272.3	356.3	0.267	277.7	350.3
codec-P	P7.1	P7.1	ascii	core-ffi-pull	decode	drop	20	345.5	295.2	393.6	0.285	300.2	381.0
codec-P	P7.1	P7.1	ascii	core-native	decode	retain	20	212.2	182.1	246.8	0.305	186.0	232.8
codec-P	P7.1	P7.1	ascii	core-ffi	decode	retain	20	333.3	287.1	384.3	0.292	295.1	370.6
codec-P	P7.1	P7.1	ascii	core-ffi-pull	decode	retain	20	368.7	318.1	429.9	0.303	327.7	410.2
codec-P	P1.3	P1.3	ascii	incumbent-prod	decode-read	default	20	7170.9	7046.3	9277.4	0.311	7098.6	7474.7
codec-P	P1.3	P1.3	ascii	armonik	decode-read	default	20	9905.4	9806.1	12647.6	0.287	9858.5	10440.5
codec-P	P1.3	P1.3	ascii	core-native	decode-read	drop	20	9853.6	9741.8	12544.5	0.284	9785.3	10399.1
codec-P	P1.3	P1.3	ascii	core-ffi	decode-read	drop	20	14246.8	14105.7	18807.6	0.330	14174.4	15201.8
codec-P	P1.3	P1.3	ascii	core-ffi-pull	decode-read	drop	20	15388.6	15240.1	19969.7	0.307	15303.0	16547.3
codec-P	P1.3	P1.3	ascii	core-native	decode-read	retain	20	9644.6	9553.3	12375.0	0.293	9593.0	10192.6
codec-P	P1.3	P1.3	ascii	core-ffi	decode-read	retain	20	14890.6	14716.3	19028.2	0.290	14780.4	16184.0
codec-P	P1.3	P1.3	ascii	core-ffi-pull	decode-read	retain	20	15341.0	15138.7	19824.1	0.305	15223.6	16054.1
codec-P	P2.2	P2.2	ascii	incumbent-prod	encode	default	20	978123.2	957251.2	1009179.4	0.053	973160.3	982801.8
codec-P	P2.2	P2.2	ascii	armonik	encode	default	20	1003006.8	992830.0	1084816.6	0.092	996914.4	1014023.3
codec-P	P2.2	P2.2	ascii	core-native	encode	drop	20	230357.9	225977.7	250773.0	0.108	228305.2	234114.7
codec-P	P2.2	P2.2	ascii	core-ffi	encode	drop	20	398952.0	394310.4	436734.8	0.106	396445.3	402860.9
codec-P	P2.2	P2.2	ascii	core-native	encode	retain	20	239160.9	235924.3	253965.2	0.075	237994.5	241133.7
codec-P	P2.2	P2.2	ascii	core-ffi	encode	retain	20	418219.4	410091.6	474470.5	0.154	416069.0	421209.1
codec-P	P4.1	P4.1	ascii	incumbent-prod	decode	default	20	260493.4	259020.0	266982.7	0.031	259725.2	261483.4
codec-P	P4.1	P4.1	ascii	armonik	decode	default	20	260921.0	258806.1	268647.7	0.038	259851.7	262113.5
codec-P	P4.1	P4.1	ascii	core-native	decode	drop	20	218850.0	216723.3	222738.1	0.027	217763.3	219614.3
codec-P	P4.1	P4.1	ascii	core-ffi	decode	drop	20	308130.5	305501.3	320508.6	0.049	307011.9	308797.5
codec-P	P4.1	P4.1	ascii	core-ffi-pull	decode	drop	20	294548.4	292451.1	299772.7	0.025	293868.4	295819.9
codec-P	P4.1	P4.1	ascii	core-native	decode	retain	20	221324.0	218725.9	227803.3	0.041	220508.7	223481.7
codec-P	P4.1	P4.1	ascii	core-ffi	decode	retain	20	307300.9	303579.3	322077.4	0.060	306279.0	308139.2
codec-P	P4.1	P4.1	ascii	core-ffi-pull	decode	retain	20	294460.5	292597.0	300038.4	0.025	293404.0	295332.5
codec-P	P5.2	P5.2	ascii	incumbent-prod	decode	default	20	1629.8	1622.4	1690.3	0.042	1627.9	1636.3
codec-P	P5.2	P5.2	ascii	armonik	decode	default	20	85.1	78.9	92.5	0.159	82.8	87.3
codec-P	P5.2	P5.2	ascii	core-native	decode	drop	20	1569.7	1370.2	1685.4	0.201	1492.8	1624.3
codec-P	P5.2	P5.2	ascii	core-ffi	decode	drop	20	1693.7	1572.7	1749.2	0.104	1689.9	1701.1
codec-P	P5.2	P5.2	ascii	core-ffi-pull	decode	drop	20	1711.4	1705.9	1772.5	0.039	1708.2	1726.4
codec-P	P5.2	P5.2	ascii	core-native	decode	retain	20	1614.2	1605.8	1672.5	0.041	1612.0	1632.8
codec-P	P5.2	P5.2	ascii	core-ffi	decode	retain	20	1718.3	1711.6	1779.8	0.040	1716.6	1733.5
codec-P	P5.2	P5.2	ascii	core-ffi-pull	decode	retain	20	1718.8	1714.5	1820.4	0.062	1717.2	1736.8
codec-P	P5.3	P5.3	ascii	incumbent-prod	encode	default	20	42526.0	40942.5	61945.3	0.494	41874.6	44509.4
codec-P	P5.3	P5.3	ascii	armonik	encode	default	20	40113.1	39283.8	60186.1	0.521	39885.9	40677.0
codec-P	P5.3	P5.3	ascii	core-native	encode	drop	20	40363.2	39262.1	47274.9	0.199	39887.7	41740.2
codec-P	P5.3	P5.3	ascii	core-ffi	encode	drop	20	41392.7	40228.8	56943.3	0.404	40912.9	42787.3
codec-P	P5.3	P5.3	ascii	core-native	encode	retain	20	41010.2	39841.3	59624.2	0.482	40684.6	41650.1
codec-P	P5.3	P5.3	ascii	core-ffi	encode	retain	20	38638.9	37437.9	62584.2	0.651	38284.0	42240.9
codec-P	P2.4	P2.4	ascii	incumbent-prod	encode	default	20	639046.7	604837.0	660175.9	0.087	619912.0	652942.9
codec-P	P2.4	P2.4	ascii	armonik	encode	default	20	631322.9	611048.1	669857.1	0.093	624445.5	662295.6
codec-P	P2.4	P2.4	ascii	core-native	encode	drop	20	183043.7	180411.6	192971.1	0.069	182216.5	184477.8
codec-P	P2.4	P2.4	ascii	core-ffi	encode	drop	20	335528.7	330081.0	342822.6	0.038	334821.0	338205.1
codec-P	P2.4	P2.4	ascii	core-native	encode	retain	20	173996.2	168695.6	177169.0	0.049	173546.5	174457.4
codec-P	P2.4	P2.4	ascii	core-ffi	encode	retain	20	336918.8	332056.4	339436.6	0.022	335484.8	338450.3
codec-P	P2.2/wide	P2.2	wide	incumbent-prod	decode-read	default	20	2521064.6	2496957.8	2639965.0	0.057	2503132.0	2535135.2
codec-P	P2.2/wide	P2.2	wide	armonik	decode-read	default	20	2552799.8	2510371.8	2773315.2	0.103	2533494.6	2568659.1
codec-P	P2.2/wide	P2.2	wide	core-native	decode-read	drop	20	2236861.4	2179822.6	2386442.0	0.092	2222196.7	2254815.1
codec-P	P2.2/wide	P2.2	wide	core-ffi	decode-read	drop	20	3638674.0	3571227.3	3893763.0	0.089	3619095.2	3754177.8
codec-P	P2.2/wide	P2.2	wide	core-ffi-pull	decode-read	drop	20	3529058.3	3498765.0	3803323.0	0.086	3511386.9	3563658.8
codec-P	P2.2/wide	P2.2	wide	core-native	decode-read	retain	20	2257462.3	2231231.2	2533521.8	0.134	2249152.2	2290770.0
codec-P	P2.2/wide	P2.2	wide	core-ffi	decode-read	retain	20	3644281.0	3586832.7	4049038.0	0.127	3610485.9	3724701.7
codec-P	P2.2/wide	P2.2	wide	core-ffi-pull	decode-read	retain	20	3529928.8	3482615.3	4292422.0	0.229	3510214.9	3578834.6
codec-P	P3.1	P3.1	ascii	incumbent-prod	decode-read	default	20	26778.8	26232.3	32174.3	0.222	26317.4	31313.6
codec-P	P3.1	P3.1	ascii	armonik	decode-read	default	20	31128.4	30765.1	32028.7	0.041	30976.6	31218.6
codec-P	P3.1	P3.1	ascii	core-native	decode-read	drop	20	24138.7	23800.0	25802.0	0.083	23959.7	24217.7
codec-P	P3.1	P3.1	ascii	core-ffi	decode-read	drop	20	35173.0	34458.1	61283.3	0.763	34951.0	35468.1
codec-P	P3.1	P3.1	ascii	core-ffi-pull	decode-read	drop	20	35444.4	34893.5	37710.4	0.079	35312.0	35507.5
codec-P	P3.1	P3.1	ascii	core-native	decode-read	retain	20	24271.7	23945.0	24491.8	0.023	24136.8	24392.9
codec-P	P3.1	P3.1	ascii	core-ffi	decode-read	retain	20	35058.5	34488.0	43293.0	0.251	34940.6	35386.7
codec-P	P3.1	P3.1	ascii	core-ffi-pull	decode-read	retain	20	35663.4	34945.8	40916.0	0.167	35436.4	35877.5
codec-P	P1.2/latin1	P1.2	latin1	incumbent-prod	decode	default	20	598834.1	594875.3	610246.2	0.026	598295.9	600207.3
codec-P	P1.2/latin1	P1.2	latin1	armonik	decode	default	20	563002.2	558142.3	589728.8	0.056	562470.4	564359.2
codec-P	P1.2/latin1	P1.2	latin1	core-native	decode	drop	20	490981.6	486503.0	545567.8	0.120	489323.4	491793.5
codec-P	P1.2/latin1	P1.2	latin1	core-ffi	decode	drop	20	747735.3	742478.3	1005190.5	0.351	745060.0	749193.4
codec-P	P1.2/latin1	P1.2	latin1	core-ffi-pull	decode	drop	20	756902.0	752483.0	1055237.4	0.400	754594.2	758326.8
codec-P	P1.2/latin1	P1.2	latin1	core-native	decode	retain	20	486049.5	483068.0	621751.6	0.285	484265.0	487937.2
codec-P	P1.2/latin1	P1.2	latin1	core-ffi	decode	retain	20	748252.8	741939.4	791946.2	0.067	745790.2	751773.8
codec-P	P1.2/latin1	P1.2	latin1	core-ffi-pull	decode	retain	20	755756.9	750656.5	771365.8	0.027	753840.3	758124.0
codec-P	P1.2	P1.2	ascii	incumbent-prod	encode	default	20	332281.8	257484.6	354541.9	0.292	326582.0	345406.0
codec-P	P1.2	P1.2	ascii	armonik	encode	default	20	343140.1	270201.8	364617.1	0.275	338839.9	348409.2
codec-P	P1.2	P1.2	ascii	core-native	encode	drop	20	59377.6	46505.1	62420.6	0.268	49031.0	60216.1
codec-P	P1.2	P1.2	ascii	core-ffi	encode	drop	20	106732.1	83521.4	112744.6	0.274	89420.1	107192.4
codec-P	P1.2	P1.2	ascii	core-native	encode	retain	20	73390.9	56630.8	79184.4	0.307	61706.5	74261.4
codec-P	P1.2	P1.2	ascii	core-ffi	encode	retain	20	111866.1	89277.0	133574.2	0.396	106226.9	113411.9
codec-P	P5.4	P5.4	ascii	incumbent-prod	decode-read	default	20	332666.3	306890.0	399809.1	0.279	329840.0	338629.1
codec-P	P5.4	P5.4	ascii	armonik	decode-read	default	20	95.0	88.9	97.3	0.089	94.5	95.9
codec-P	P5.4	P5.4	ascii	core-native	decode-read	drop	20	333398.4	299122.2	350217.0	0.153	327292.7	338821.8
codec-P	P5.4	P5.4	ascii	core-ffi	decode-read	drop	20	333917.2	298181.1	371253.4	0.219	330553.5	339869.1
codec-P	P5.4	P5.4	ascii	core-ffi-pull	decode-read	drop	20	334154.7	289865.7	353512.8	0.190	328605.9	337499.5
codec-P	P5.4	P5.4	ascii	core-native	decode-read	retain	20	330509.3	293220.9	355925.9	0.190	324963.6	340061.9
codec-P	P5.4	P5.4	ascii	core-ffi	decode-read	retain	20	333707.4	297640.7	349214.4	0.155	328039.7	341102.0
codec-P	P5.4	P5.4	ascii	core-ffi-pull	decode-read	retain	20	333379.0	293388.6	375149.7	0.245	328623.9	341391.0
codec-P	P1.1	P1.1	ascii	incumbent-prod	decode-read	default	20	1230.0	1016.5	1466.8	0.366	1027.2	1320.0
codec-P	P1.1	P1.1	ascii	armonik	decode-read	default	20	1336.3	1036.7	1645.1	0.455	1059.7	1348.3
codec-P	P1.1	P1.1	ascii	core-native	decode-read	drop	20	1147.4	895.2	1196.1	0.262	919.0	1170.1
codec-P	P1.1	P1.1	ascii	core-ffi	decode-read	drop	20	1695.0	1363.8	1962.7	0.353	1395.9	1769.4
codec-P	P1.1	P1.1	ascii	core-ffi-pull	decode-read	drop	20	1723.8	1369.4	1983.3	0.356	1392.7	1778.8
codec-P	P1.1	P1.1	ascii	core-native	decode-read	retain	20	1119.4	891.8	1245.6	0.316	905.0	1143.0
codec-P	P1.1	P1.1	ascii	core-ffi	decode-read	retain	20	1762.4	1384.1	2080.9	0.395	1405.1	1795.8
codec-P	P1.1	P1.1	ascii	core-ffi-pull	decode-read	retain	20	1771.8	1377.5	2216.2	0.473	1403.7	1814.0
codec-P	P2.1	P2.1	ascii	incumbent-prod	decode	default	20	2227.8	1777.6	2416.6	0.287	2215.4	2235.6
codec-P	P2.1	P2.1	ascii	armonik	decode	default	20	1876.6	1548.5	2268.8	0.384	1863.8	1904.5
codec-P	P2.1	P2.1	ascii	core-native	decode	drop	20	1533.7	1272.8	1973.3	0.457	1522.8	1559.6
codec-P	P2.1	P2.1	ascii	core-ffi	decode	drop	20	3009.4	2428.6	3367.5	0.312	2986.6	3023.9
codec-P	P2.1	P2.1	ascii	core-ffi-pull	decode	drop	20	2966.2	2397.8	3153.6	0.255	2952.7	2987.3
codec-P	P2.1	P2.1	ascii	core-native	decode	retain	20	1530.0	1193.5	1844.9	0.426	1526.2	1560.7
codec-P	P2.1	P2.1	ascii	core-ffi	decode	retain	20	3053.2	2422.8	3138.6	0.234	3032.9	3076.8
codec-P	P2.1	P2.1	ascii	core-ffi-pull	decode	retain	20	3030.9	2436.5	3297.9	0.284	3011.7	3058.1
codec-P	P1.3	P1.3	ascii	incumbent-prod	decode	default	20	8339.8	7400.3	8730.1	0.159	8306.3	8432.2
codec-P	P1.3	P1.3	ascii	armonik	decode	default	20	11936.4	10364.3	12437.6	0.174	11883.7	12071.6
codec-P	P1.3	P1.3	ascii	core-native	decode	drop	20	11688.0	9291.3	12328.0	0.260	11638.8	11765.8
codec-P	P1.3	P1.3	ascii	core-ffi	decode	drop	20	17513.3	16696.8	18245.8	0.088	17476.6	17633.9
codec-P	P1.3	P1.3	ascii	core-ffi-pull	decode	drop	20	18742.3	18058.3	19568.6	0.081	18652.0	18913.4
codec-P	P1.3	P1.3	ascii	core-native	decode	retain	20	11493.3	10702.7	12422.6	0.150	11459.3	11566.9
codec-P	P1.3	P1.3	ascii	core-ffi	decode	retain	20	18335.0	17194.2	19599.4	0.131	18250.5	18518.5
codec-P	P1.3	P1.3	ascii	core-ffi-pull	decode	retain	20	18651.0	15548.5	20642.6	0.273	18567.7	18736.4
codec-P	P4.1	P4.1	ascii	incumbent-prod	encode	default	20	119971.8	111843.3	141266.1	0.245	113944.0	131316.5
codec-P	P4.1	P4.1	ascii	armonik	encode	default	20	121893.9	112505.6	137404.1	0.204	114116.1	130617.5
codec-P	P4.1	P4.1	ascii	core-native	encode	drop	20	23299.4	21952.7	26587.1	0.199	22432.2	25163.5
codec-P	P4.1	P4.1	ascii	core-ffi	encode	drop	20	50250.6	46085.1	69972.5	0.475	46559.0	52651.3
codec-P	P4.1	P4.1	ascii	core-native	encode	retain	20	25084.0	23218.8	28936.7	0.228	23723.5	26670.7
codec-P	P4.1	P4.1	ascii	core-ffi	encode	retain	20	49144.1	45383.8	64888.9	0.397	46300.3	52401.2
codec-P	P3.1	P3.1	ascii	incumbent-prod	decode	default	20	21980.5	19545.0	31160.3	0.528	19746.8	25561.5
codec-P	P3.1	P3.1	ascii	armonik	decode	default	20	24224.9	22738.9	32349.3	0.397	22910.8	29810.0
codec-P	P3.1	P3.1	ascii	core-native	decode	drop	20	18276.1	17341.7	23828.7	0.355	17663.8	22518.1
codec-P	P3.1	P3.1	ascii	core-ffi	decode	drop	20	27100.2	26005.3	35870.2	0.364	26329.9	33402.8
codec-P	P3.1	P3.1	ascii	core-ffi-pull	decode	drop	20	27218.5	26127.5	35116.8	0.330	26499.5	34274.6
codec-P	P3.1	P3.1	ascii	core-native	decode	retain	20	17901.8	17398.0	26542.4	0.511	17736.8	22937.2
codec-P	P3.1	P3.1	ascii	core-ffi	decode	retain	20	29332.2	25859.4	34876.4	0.307	26464.6	33379.4
codec-P	P3.1	P3.1	ascii	core-ffi-pull	decode	retain	20	29742.0	26260.4	35628.6	0.315	26625.8	34428.9
codec-P	P1.2/wide	P1.2	wide	incumbent-prod	encode	default	20	303689.4	257275.8	341008.8	0.276	265123.8	335277.0
codec-P	P1.2/wide	P1.2	wide	armonik	encode	default	20	324071.6	270440.8	379488.1	0.336	278904.8	359541.6
codec-P	P1.2/wide	P1.2	wide	core-native	encode	drop	20	56222.3	49534.6	68415.4	0.336	51229.3	63909.6
codec-P	P1.2/wide	P1.2	wide	core-ffi	encode	drop	20	105030.1	90635.5	124286.3	0.320	92442.2	115545.9
codec-P	P1.2/wide	P1.2	wide	core-native	encode	retain	20	62970.3	53631.9	70870.8	0.274	55021.0	69961.7
codec-P	P1.2/wide	P1.2	wide	core-ffi	encode	retain	20	103766.3	89725.2	130088.8	0.389	92162.3	114992.9
codec-P	P2.1	P2.1	ascii	incumbent-prod	encode	default	20	1406.7	1388.9	1601.7	0.151	1395.2	1418.5
codec-P	P2.1	P2.1	ascii	armonik	encode	default	20	1414.0	1398.4	1711.3	0.221	1409.4	1429.1
codec-P	P2.1	P2.1	ascii	core-native	encode	drop	20	270.8	266.5	283.1	0.061	269.2	272.0
codec-P	P2.1	P2.1	ascii	core-ffi	encode	drop	20	582.3	570.9	705.2	0.231	577.2	601.7
codec-P	P2.1	P2.1	ascii	core-native	encode	retain	20	320.2	312.6	346.7	0.107	317.4	329.5
codec-P	P2.1	P2.1	ascii	core-ffi	encode	retain	20	605.2	595.3	667.9	0.120	602.4	609.8
codec-P	P6.1	P6.1	ascii	incumbent-prod	encode	default	20	428085.6	421473.8	434215.8	0.030	424301.6	432444.2
codec-P	P6.1	P6.1	ascii	armonik	encode	default	20	434912.6	427877.1	456886.2	0.067	429976.0	441237.9
codec-P	P6.1	P6.1	ascii	core-native	encode	drop	20	74643.0	73128.3	79262.3	0.082	73715.5	75788.1
codec-P	P6.1	P6.1	ascii	core-ffi	encode	drop	20	86487.8	83816.2	91953.4	0.094	86161.5	87357.1
codec-P	P6.1	P6.1	ascii	core-native	encode	retain	20	74552.2	59838.5	79835.4	0.268	74118.6	75662.0
codec-P	P6.1	P6.1	ascii	core-ffi	encode	retain	20	86993.6	69709.4	90850.3	0.243	86474.9	88115.5
codec-P	P2.5	P2.5	ascii	incumbent-prod	decode-read	default	20	50464.2	49697.5	51957.8	0.045	50085.0	51183.4
codec-P	P2.5	P2.5	ascii	armonik	decode-read	default	20	50387.3	49466.5	51926.1	0.049	50000.7	50735.4
codec-P	P2.5	P2.5	ascii	core-native	decode-read	drop	20	41953.1	41369.6	42926.0	0.037	41716.3	42263.0
codec-P	P2.5	P2.5	ascii	core-ffi	decode-read	drop	20	65655.3	64482.5	68816.8	0.066	64798.5	66623.4
codec-P	P2.5	P2.5	ascii	core-ffi-pull	decode-read	drop	20	63105.5	62192.2	66267.7	0.065	62589.3	63775.1
codec-P	P2.5	P2.5	ascii	core-native	decode-read	retain	20	42073.4	41156.1	44046.4	0.069	41817.0	42749.7
codec-P	P2.5	P2.5	ascii	core-ffi	decode-read	retain	20	65012.1	63978.5	68088.1	0.063	64464.9	65606.4
codec-P	P2.5	P2.5	ascii	core-ffi-pull	decode-read	retain	20	62933.5	62263.8	65747.0	0.055	62481.5	63538.9
codec-P	P1.2	P1.2	ascii	incumbent-prod	decode-read	default	20	416522.9	391792.8	449607.0	0.139	413308.6	429742.3
codec-P	P1.2	P1.2	ascii	armonik	decode-read	default	20	376585.6	355292.9	419702.5	0.171	373985.0	384390.0
codec-P	P1.2	P1.2	ascii	core-native	decode-read	drop	20	337199.6	311294.7	379228.8	0.201	335898.2	341789.4
codec-P	P1.2	P1.2	ascii	core-ffi	decode-read	drop	20	474532.0	444787.7	555524.6	0.233	471537.5	480819.7
codec-P	P1.2	P1.2	ascii	core-ffi-pull	decode-read	drop	20	477538.3	448286.2	497696.6	0.103	472495.7	480555.1
codec-P	P1.2	P1.2	ascii	core-native	decode-read	retain	20	333212.6	307671.2	361649.0	0.162	331012.7	337322.7
codec-P	P1.2	P1.2	ascii	core-ffi	decode-read	retain	20	474088.2	447894.7	511151.3	0.133	471866.9	481935.6
codec-P	P1.2	P1.2	ascii	core-ffi-pull	decode-read	retain	20	478911.2	453555.5	512205.6	0.122	476853.0	483850.7
codec-P	P4.1	P4.1	ascii	incumbent-prod	decode-read	default	20	279188.8	269752.6	300386.5	0.110	272524.8	283264.3
codec-P	P4.1	P4.1	ascii	armonik	decode-read	default	20	280420.6	275063.7	308153.2	0.118	276562.0	291209.3
codec-P	P4.1	P4.1	ascii	core-native	decode-read	drop	20	248039.7	240067.0	267501.1	0.111	241749.8	252131.8
codec-P	P4.1	P4.1	ascii	core-ffi	decode-read	drop	20	326607.6	320777.5	376047.3	0.169	323831.0	333850.8
codec-P	P4.1	P4.1	ascii	core-ffi-pull	decode-read	drop	20	310467.1	287121.5	328591.2	0.134	308872.1	319908.3
codec-P	P4.1	P4.1	ascii	core-native	decode-read	retain	20	247804.1	210321.9	261689.6	0.207	245504.0	249892.4
codec-P	P4.1	P4.1	ascii	core-ffi	decode-read	retain	20	325025.5	282638.8	352703.8	0.216	321774.8	333353.2
codec-P	P4.1	P4.1	ascii	core-ffi-pull	decode-read	retain	20	311480.1	306280.2	377705.3	0.229	307802.6	317113.2
codec-P	P5.3	P5.3	ascii	incumbent-prod	decode	default	20	39620.2	39251.0	43458.3	0.106	39452.3	40858.2
codec-P	P5.3	P5.3	ascii	armonik	decode	default	20	91.5	87.1	98.2	0.122	90.9	93.6
codec-P	P5.3	P5.3	ascii	core-native	decode	drop	20	39870.1	39318.9	46163.4	0.172	39606.8	40666.2
codec-P	P5.3	P5.3	ascii	core-ffi	decode	drop	20	40127.1	39466.7	45390.9	0.148	39931.0	41143.7
codec-P	P5.3	P5.3	ascii	core-ffi-pull	decode	drop	20	40266.2	39552.4	49439.1	0.246	39776.0	41007.5
codec-P	P5.3	P5.3	ascii	core-native	decode	retain	20	39613.6	38974.2	50731.4	0.297	39336.5	40215.9
codec-P	P5.3	P5.3	ascii	core-ffi	decode	retain	20	40303.3	39363.9	46581.2	0.179	39852.2	41530.6
codec-P	P5.3	P5.3	ascii	core-ffi-pull	decode	retain	20	39859.3	39548.5	48117.8	0.215	39726.7	40513.5
codec-P	P1.3	P1.3	ascii	incumbent-prod	encode	default	20	5724.7	4803.1	7040.5	0.391	5636.3	5769.6
codec-P	P1.3	P1.3	ascii	armonik	encode	default	20	7535.7	6101.6	7838.5	0.230	7332.8	7584.8
codec-P	P1.3	P1.3	ascii	core-native	encode	drop	20	1859.9	1534.5	1967.4	0.233	1827.7	1890.0
codec-P	P1.3	P1.3	ascii	core-ffi	encode	drop	20	4988.4	4013.1	5275.6	0.253	4919.4	5068.4
codec-P	P1.3	P1.3	ascii	core-native	encode	retain	20	2205.4	1825.1	2511.4	0.311	2188.1	2249.7
codec-P	P1.3	P1.3	ascii	core-ffi	encode	retain	20	5541.4	4532.0	5743.6	0.219	5503.8	5568.9
codec-P	P1.2/latin1	P1.2	latin1	incumbent-prod	encode	default	20	330468.5	311889.0	359524.1	0.144	324422.6	344383.1
codec-P	P1.2/latin1	P1.2	latin1	armonik	encode	default	20	343830.5	324170.3	382784.2	0.170	341361.3	358594.8
codec-P	P1.2/latin1	P1.2	latin1	core-native	encode	drop	20	61023.0	57032.1	65591.0	0.140	60790.9	61726.1
codec-P	P1.2/latin1	P1.2	latin1	core-ffi	encode	drop	20	106277.8	103402.5	111249.1	0.074	105450.9	108222.9
codec-P	P1.2/latin1	P1.2	latin1	core-native	encode	retain	20	69020.0	66648.6	73165.6	0.094	68505.3	70425.4
codec-P	P1.2/latin1	P1.2	latin1	core-ffi	encode	retain	20	110926.3	107794.8	119883.0	0.109	110437.8	112379.9
codec-P	P5.2	P5.2	ascii	incumbent-prod	encode	default	20	1661.7	1653.6	1669.8	0.010	1658.0	1663.7
codec-P	P5.2	P5.2	ascii	armonik	encode	default	20	1619.4	1588.9	1649.4	0.037	1614.6	1625.6
codec-P	P5.2	P5.2	ascii	core-native	encode	drop	20	1557.7	1536.1	1595.7	0.038	1553.6	1562.9
codec-P	P5.2	P5.2	ascii	core-ffi	encode	drop	20	1584.7	1577.1	1597.9	0.013	1581.7	1587.5
codec-P	P5.2	P5.2	ascii	core-native	encode	retain	20	1554.2	1548.9	1593.3	0.029	1551.8	1557.2
codec-P	P5.2	P5.2	ascii	core-ffi	encode	retain	20	1582.9	1578.5	1628.2	0.031	1580.8	1587.4
codec-P	P1.2	P1.2	ascii	incumbent-prod	decode	default	20	396147.6	384141.9	419452.6	0.089	393157.7	398403.5
codec-P	P1.2	P1.2	ascii	armonik	decode	default	20	354493.4	342486.2	357453.4	0.042	351736.3	355676.3
codec-P	P1.2	P1.2	ascii	core-native	decode	drop	20	314661.9	307386.0	323525.6	0.051	312725.8	316079.5
codec-P	P1.2	P1.2	ascii	core-ffi	decode	drop	20	452120.5	439299.3	462679.5	0.052	443385.9	454434.0
codec-P	P1.2	P1.2	ascii	core-ffi-pull	decode	drop	20	456131.2	438803.8	463115.0	0.053	452672.2	456953.1
codec-P	P1.2	P1.2	ascii	core-native	decode	retain	20	309285.1	300888.2	315037.9	0.046	304719.7	311616.9
codec-P	P1.2	P1.2	ascii	core-ffi	decode	retain	20	450532.4	429610.4	478462.6	0.108	441736.8	452658.3
codec-P	P1.2	P1.2	ascii	core-ffi-pull	decode	retain	20	453860.6	440816.9	462211.5	0.047	445741.8	457056.1
codec-P	P4.1	P4.1	ascii	incumbent-prod	decode-nodrop	default	20	208867.5	161877.2	248080.0	0.413	206917.6	213026.1
codec-P	P4.1	P4.1	ascii	armonik	decode-nodrop	default	20	212427.3	168066.9	255706.3	0.413	210676.7	215116.4
codec-P	P4.1	P4.1	ascii	core-native	decode-nodrop	drop	20	181242.0	146585.1	220546.4	0.408	179410.5	184608.5
codec-P	P4.1	P4.1	ascii	core-ffi	decode-nodrop	drop	20	262209.4	210621.1	311026.5	0.383	258497.1	275925.8
codec-P	P4.1	P4.1	ascii	core-native	decode-nodrop	retain	20	185541.9	147633.9	197917.1	0.271	180683.3	190171.1
codec-P	P4.1	P4.1	ascii	core-ffi	decode-nodrop	retain	20	261061.1	208805.5	297037.5	0.338	259377.5	265203.4
codec-P	P6.1	P6.1	ascii	incumbent-prod	decode	default	20	260172.6	208640.0	270080.8	0.236	258482.2	265112.8
codec-P	P6.1	P6.1	ascii	armonik	decode	default	20	281504.3	220728.6	300441.5	0.283	275818.7	284332.8
codec-P	P6.1	P6.1	ascii	core-native	decode	drop	20	164956.8	128879.7	178513.5	0.301	163491.3	168713.8
codec-P	P6.1	P6.1	ascii	core-ffi	decode	drop	20	182011.8	140551.3	197781.7	0.314	180148.5	183637.6
codec-P	P6.1	P6.1	ascii	core-ffi-pull	decode	drop	20	161187.9	126479.5	179809.6	0.331	158649.2	164375.4
codec-P	P6.1	P6.1	ascii	core-native	decode	retain	20	166493.8	129210.9	182831.7	0.322	164906.0	170814.2
codec-P	P6.1	P6.1	ascii	core-ffi	decode	retain	20	182336.0	142970.4	209301.8	0.364	180069.7	187601.6
codec-P	P6.1	P6.1	ascii	core-ffi-pull	decode	retain	20	161164.5	128651.8	169134.2	0.251	159268.5	163923.6
codec-P	P6.1	P6.1	ascii	incumbent-prod	decode-nodrop	default	20	246707.9	243365.0	262816.0	0.079	244814.1	248778.7
codec-P	P6.1	P6.1	ascii	armonik	decode-nodrop	default	20	263590.1	258416.8	274246.9	0.060	263101.2	266489.8
codec-P	P6.1	P6.1	ascii	core-native	decode-nodrop	drop	20	152007.1	144439.5	162709.6	0.120	150718.0	154621.4
codec-P	P6.1	P6.1	ascii	core-ffi	decode-nodrop	drop	20	166770.4	164513.7	178513.6	0.084	165790.4	167503.8
codec-P	P6.1	P6.1	ascii	core-native	decode-nodrop	retain	20	153996.2	145965.5	159139.3	0.086	152770.0	154973.0
codec-P	P6.1	P6.1	ascii	core-ffi	decode-nodrop	retain	20	166841.9	163969.7	174650.2	0.064	165320.3	167261.1
codec-P	P2.4	P2.4	ascii	incumbent-prod	decode-read	default	20	1504340.1	1390042.2	1776522.8	0.257	1410127.3	1629884.9
codec-P	P2.4	P2.4	ascii	armonik	decode-read	default	20	1503170.8	1410574.5	1743288.5	0.221	1456148.1	1647666.6
codec-P	P2.4	P2.4	ascii	core-native	decode-read	drop	20	1388767.6	1304824.1	1725737.6	0.303	1356144.9	1550011.8
codec-P	P2.4	P2.4	ascii	core-ffi	decode-read	drop	20	1947867.6	1779661.8	2298060.5	0.266	1841888.4	2139539.6
codec-P	P2.4	P2.4	ascii	core-ffi-pull	decode-read	drop	20	1900579.2	1771236.2	2187430.8	0.219	1802162.1	2152856.6
codec-P	P2.4	P2.4	ascii	core-native	decode-read	retain	20	1405646.1	1300543.3	1636628.3	0.239	1318334.2	1518021.0
codec-P	P2.4	P2.4	ascii	core-ffi	decode-read	retain	20	1897385.2	1788912.2	2515295.0	0.383	1812608.6	2176517.6
codec-P	P2.4	P2.4	ascii	core-ffi-pull	decode-read	retain	20	1865832.2	1760060.4	2416353.2	0.352	1788095.1	2070362.4
codec-P	P1.1	P1.1	ascii	incumbent-prod	decode	default	20	1274.3	1006.5	1388.0	0.299	1062.5	1281.7
codec-P	P1.1	P1.1	ascii	armonik	decode	default	20	1344.2	1069.2	1401.2	0.247	1164.2	1358.0
codec-P	P1.1	P1.1	ascii	core-native	decode	drop	20	1146.8	919.1	1247.2	0.286	1046.8	1157.4
codec-P	P1.1	P1.1	ascii	core-ffi	decode	drop	20	1771.6	1418.8	1834.4	0.235	1570.5	1784.1
codec-P	P1.1	P1.1	ascii	core-ffi-pull	decode	drop	20	1758.2	1392.7	1973.6	0.330	1500.1	1780.8
codec-P	P1.1	P1.1	ascii	core-native	decode	retain	20	1120.6	901.7	1238.0	0.300	947.3	1127.4
codec-P	P1.1	P1.1	ascii	core-ffi	decode	retain	20	1779.1	1424.4	2008.9	0.329	1495.1	1814.7
codec-P	P1.1	P1.1	ascii	core-ffi-pull	decode	retain	20	1787.4	1404.4	1873.1	0.262	1496.0	1808.6
codec-P	P2.2	P2.2	ascii	incumbent-prod	decode	default	20	1430039.4	1342333.6	1487988.4	0.102	1416600.8	1447707.9
codec-P	P2.2	P2.2	ascii	armonik	decode	default	20	1399534.7	1314372.7	1517179.6	0.145	1363014.0	1414210.0
codec-P	P2.2	P2.2	ascii	core-native	decode	drop	20	1227768.6	1152150.6	1308741.1	0.128	1206060.5	1232091.8
codec-P	P2.2	P2.2	ascii	core-ffi	decode	drop	20	1939349.8	1822493.8	1979535.3	0.081	1906373.3	1959262.2
codec-P	P2.2	P2.2	ascii	core-ffi-pull	decode	drop	20	1831837.2	1732862.7	1860323.3	0.070	1789841.3	1843197.4
codec-P	P2.2	P2.2	ascii	core-native	decode	retain	20	1237141.3	1160539.1	1288973.2	0.104	1220606.2	1255832.2
codec-P	P2.2	P2.2	ascii	core-ffi	decode	retain	20	1929344.7	1813166.3	1972833.5	0.083	1913247.0	1948260.8
codec-P	P2.2	P2.2	ascii	core-ffi-pull	decode	retain	20	1835853.1	1719531.4	1890902.4	0.093	1815711.7	1854624.9
codec-P	P2.2/wide	P2.2	wide	incumbent-prod	encode	default	20	1007769.3	968484.5	1090453.3	0.121	990250.3	1044784.5
codec-P	P2.2/wide	P2.2	wide	armonik	encode	default	20	1018860.1	970115.1	1088657.3	0.116	998868.0	1048869.4
codec-P	P2.2/wide	P2.2	wide	core-native	encode	drop	20	251647.6	245954.2	287138.1	0.164	249668.5	255605.7
codec-P	P2.2/wide	P2.2	wide	core-ffi	encode	drop	20	392803.4	381070.4	448364.6	0.171	382611.0	400101.8
codec-P	P2.2/wide	P2.2	wide	core-native	encode	retain	20	268821.2	256972.1	305806.4	0.182	262673.8	272648.3
codec-P	P2.2/wide	P2.2	wide	core-ffi	encode	retain	20	415636.4	397237.5	456433.1	0.142	404750.4	429034.1
codec-P	P5.1	P5.1	ascii	incumbent-prod	decode-read	default	20	102.8	84.6	108.7	0.234	97.9	104.9
codec-P	P5.1	P5.1	ascii	armonik	decode-read	default	20	89.7	73.9	94.9	0.235	86.4	91.0
codec-P	P5.1	P5.1	ascii	core-native	decode-read	drop	20	89.0	73.2	96.1	0.257	86.1	90.2
codec-P	P5.1	P5.1	ascii	core-ffi	decode-read	drop	20	160.1	132.1	167.9	0.223	156.8	163.4
codec-P	P5.1	P5.1	ascii	core-ffi-pull	decode-read	drop	20	166.5	140.8	172.7	0.192	162.2	168.6
codec-P	P5.1	P5.1	ascii	core-native	decode-read	retain	20	88.6	73.3	92.4	0.215	86.7	89.8
codec-P	P5.1	P5.1	ascii	core-ffi	decode-read	retain	20	170.2	144.6	185.2	0.239	164.7	172.5
codec-P	P5.1	P5.1	ascii	core-ffi-pull	decode-read	retain	20	172.6	143.6	185.0	0.240	165.6	176.9
codec-P	P5.4	P5.4	ascii	incumbent-prod	encode	default	20	337602.3	324700.9	357639.4	0.098	333135.1	339597.7
codec-P	P5.4	P5.4	ascii	armonik	encode	default	20	334415.9	326773.6	360499.3	0.101	330270.6	337793.5
codec-P	P5.4	P5.4	ascii	core-native	encode	drop	20	337738.3	331822.4	371360.7	0.117	335990.6	339267.7
codec-P	P5.4	P5.4	ascii	core-ffi	encode	drop	20	327292.6	322032.1	349548.4	0.084	325459.0	333534.0
codec-P	P5.4	P5.4	ascii	core-native	encode	retain	20	336671.3	330427.8	362697.5	0.096	334247.2	340571.0
codec-P	P5.4	P5.4	ascii	core-ffi	encode	retain	20	322451.9	314421.3	346010.3	0.098	320190.6	325951.8
codec-P	P2.2/latin1	P2.2	latin1	incumbent-prod	decode-read	default	20	2051659.6	2033446.6	2183868.0	0.073	2040371.2	2071646.3
codec-P	P2.2/latin1	P2.2	latin1	armonik	decode-read	default	20	2049878.8	2023658.6	2100439.0	0.037	2040465.2	2080063.3
codec-P	P2.2/latin1	P2.2	latin1	core-native	decode-read	drop	20	1773624.1	1758720.4	1841365.2	0.047	1764364.6	1804575.9
codec-P	P2.2/latin1	P2.2	latin1	core-ffi	decode-read	drop	20	2819875.3	2788656.7	2935045.0	0.052	2804699.0	2847203.8
codec-P	P2.2/latin1	P2.2	latin1	core-ffi-pull	decode-read	drop	20	2698484.2	2605446.5	2784317.2	0.066	2661795.1	2740703.9
codec-P	P2.2/latin1	P2.2	latin1	core-native	decode-read	retain	20	1788732.9	1688950.2	1845219.8	0.087	1775863.0	1817948.9
codec-P	P2.2/latin1	P2.2	latin1	core-ffi	decode-read	retain	20	2827209.6	2730689.2	2942233.0	0.075	2801215.8	2867835.9
codec-P	P2.2/latin1	P2.2	latin1	core-ffi-pull	decode-read	retain	20	2682975.5	2635219.0	2781082.2	0.054	2665961.2	2725642.2
codec-P	P2.4	P2.4	ascii	incumbent-prod	decode	default	20	1625109.6	1582339.7	1664653.4	0.051	1620546.9	1632871.8
codec-P	P2.4	P2.4	ascii	armonik	decode	default	20	1629222.2	1610152.5	1695238.2	0.052	1619768.9	1644592.8
codec-P	P2.4	P2.4	ascii	core-native	decode	drop	20	1509643.9	1492177.3	1580374.1	0.058	1503781.6	1524412.5
codec-P	P2.4	P2.4	ascii	core-ffi	decode	drop	20	2169845.9	2148944.0	2280761.8	0.061	2156825.0	2192666.0
codec-P	P2.4	P2.4	ascii	core-ffi-pull	decode	drop	20	2153126.0	2085349.2	2218356.6	0.062	2142311.2	2164867.0
codec-P	P2.4	P2.4	ascii	core-native	decode	retain	20	1496629.8	1460287.3	1654103.0	0.130	1489225.8	1503998.8
codec-P	P2.4	P2.4	ascii	core-ffi	decode	retain	20	2162790.3	2041466.6	2303588.4	0.121	2148442.1	2181344.6
codec-P	P2.4	P2.4	ascii	core-ffi-pull	decode	retain	20	2148041.9	2127727.4	2201322.2	0.034	2141773.3	2164966.1
codec-P	P2.5	P2.5	ascii	incumbent-prod	decode	default	20	48493.7	41000.9	55553.8	0.300	48364.3	48684.0
codec-P	P2.5	P2.5	ascii	armonik	decode	default	20	48236.6	43829.2	52935.4	0.189	48021.6	48382.2
codec-P	P2.5	P2.5	ascii	core-native	decode	drop	20	39853.8	35258.3	41348.3	0.153	39502.9	40071.3
codec-P	P2.5	P2.5	ascii	core-ffi	decode	drop	20	62657.6	57124.3	68805.0	0.186	62424.0	63547.2
codec-P	P2.5	P2.5	ascii	core-ffi-pull	decode	drop	20	60783.5	55571.1	63785.0	0.135	60118.3	61588.5
codec-P	P2.5	P2.5	ascii	core-native	decode	retain	20	39754.1	33591.7	41525.7	0.200	38698.8	40032.1
codec-P	P2.5	P2.5	ascii	core-ffi	decode	retain	20	62501.0	51826.6	65588.3	0.220	62181.4	63585.7
codec-P	P2.5	P2.5	ascii	core-ffi-pull	decode	retain	20	60764.9	52172.6	77170.4	0.411	60634.4	60967.9
codec-P	P5.4	P5.4	ascii	incumbent-prod	decode	default	20	307803.3	286119.4	318228.4	0.104	295320.6	313096.7
codec-P	P5.4	P5.4	ascii	armonik	decode	default	20	82.8	76.1	93.3	0.208	79.1	87.4
codec-P	P5.4	P5.4	ascii	core-native	decode	drop	20	300454.9	282177.9	330090.4	0.159	291208.0	317107.9
codec-P	P5.4	P5.4	ascii	core-ffi	decode	drop	20	304050.1	287373.5	336754.2	0.162	296775.4	318444.0
codec-P	P5.4	P5.4	ascii	core-ffi-pull	decode	drop	20	307381.7	289861.9	323779.1	0.110	296228.8	313807.7
codec-P	P5.4	P5.4	ascii	core-native	decode	retain	20	300271.7	289173.2	320960.2	0.106	295869.3	310196.5
codec-P	P5.4	P5.4	ascii	core-ffi	decode	retain	20	305071.9	292478.4	323174.7	0.101	296109.3	312993.5
codec-P	P5.4	P5.4	ascii	core-ffi-pull	decode	retain	20	304495.7	292394.8	327043.2	0.114	297481.0	311686.8
codec-P	P1.2	P1.2	ascii	incumbent-prod	decode-nodrop	default	20	324648.6	320510.0	353995.8	0.103	322641.6	329364.8
codec-P	P1.2	P1.2	ascii	armonik	decode-nodrop	default	20	300182.8	294598.2	312393.1	0.059	297861.0	303688.6
codec-P	P1.2	P1.2	ascii	core-native	decode-nodrop	drop	20	243821.4	239531.0	263716.5	0.099	241473.7	245802.7
codec-P	P1.2	P1.2	ascii	core-ffi	decode-nodrop	drop	20	382555.2	365897.7	395830.1	0.078	380808.3	385253.9
codec-P	P1.2	P1.2	ascii	core-native	decode-nodrop	retain	20	240681.0	236980.9	283360.1	0.193	238383.9	244364.7
codec-P	P1.2	P1.2	ascii	core-ffi	decode-nodrop	retain	20	382868.0	377316.0	415487.3	0.100	380733.5	387473.4
codec-P	P6.1	P6.1	ascii	incumbent-prod	decode-read	default	20	265496.4	249667.3	355056.7	0.397	255671.6	328016.9
codec-P	P6.1	P6.1	ascii	armonik	decode-read	default	20	299846.9	258807.0	367966.6	0.364	268462.1	340478.9
codec-P	P6.1	P6.1	ascii	core-native	decode-read	drop	20	192340.9	176789.5	245714.2	0.358	181474.6	228065.0
codec-P	P6.1	P6.1	ascii	core-ffi	decode-read	drop	20	184684.1	161558.2	230736.3	0.375	167159.8	211773.0
codec-P	P6.1	P6.1	ascii	core-ffi-pull	decode-read	drop	20	185675.4	145690.0	204407.0	0.316	151084.8	192927.5
codec-P	P6.1	P6.1	ascii	core-native	decode-read	retain	20	226683.0	177306.0	242471.0	0.287	181620.5	231739.7
codec-P	P6.1	P6.1	ascii	core-ffi	decode-read	retain	20	205659.3	161363.7	228799.1	0.328	166970.1	212726.1
codec-P	P6.1	P6.1	ascii	core-ffi-pull	decode-read	retain	20	173354.1	146207.3	211091.5	0.374	152423.3	191349.2
codec-P	P5.3	P5.3	ascii	incumbent-prod	decode-read	default	20	46349.9	41732.3	49686.8	0.172	45620.2	47964.1
codec-P	P5.3	P5.3	ascii	armonik	decode-read	default	20	94.4	81.2	98.4	0.182	86.5	96.0
codec-P	P5.3	P5.3	ascii	core-native	decode-read	drop	20	46053.8	42237.6	51711.6	0.206	44536.2	48374.5
codec-P	P5.3	P5.3	ascii	core-ffi	decode-read	drop	20	46521.5	43105.9	54576.7	0.247	45814.1	48140.0
codec-P	P5.3	P5.3	ascii	core-ffi-pull	decode-read	drop	20	46595.1	41969.6	48486.7	0.140	45982.1	47459.0
codec-P	P5.3	P5.3	ascii	core-native	decode-read	retain	20	47524.6	41382.1	53651.2	0.258	45563.8	49027.5
codec-P	P5.3	P5.3	ascii	core-ffi	decode-read	retain	20	46962.6	41554.2	55679.6	0.301	45383.5	49233.0
codec-P	P5.3	P5.3	ascii	core-ffi-pull	decode-read	retain	20	46718.9	42861.7	50999.9	0.174	45794.6	47718.9
codec-P	P2.3	P2.3	ascii	incumbent-prod	encode	default	20	518276.0	503493.0	554145.2	0.098	514183.8	531884.6
codec-P	P2.3	P2.3	ascii	armonik	encode	default	20	522515.1	510616.0	560808.9	0.096	519742.0	529889.4
codec-P	P2.3	P2.3	ascii	core-native	encode	drop	20	131641.2	121560.0	145550.2	0.182	130301.7	133561.7
codec-P	P2.3	P2.3	ascii	core-ffi	encode	drop	20	263272.8	258526.8	280479.5	0.083	260669.5	271075.5
codec-P	P2.3	P2.3	ascii	core-native	encode	retain	20	138743.2	135420.0	150046.3	0.105	137812.2	141927.2
codec-P	P2.3	P2.3	ascii	core-ffi	encode	retain	20	265209.3	259850.1	287819.6	0.105	262243.0	268104.8
codec-P	P1.2/latin1	P1.2	latin1	incumbent-prod	decode-read	default	20	625445.9	531628.8	657091.2	0.201	615516.2	630877.2
codec-P	P1.2/latin1	P1.2	latin1	armonik	decode-read	default	20	603792.7	506854.5	638937.8	0.219	596376.6	611973.0
codec-P	P1.2/latin1	P1.2	latin1	core-native	decode-read	drop	20	521880.5	428664.8	592402.8	0.314	518146.3	536412.5
codec-P	P1.2/latin1	P1.2	latin1	core-ffi	decode-read	drop	20	786021.8	743508.7	830424.6	0.111	776967.0	804153.4
codec-P	P1.2/latin1	P1.2	latin1	core-ffi-pull	decode-read	drop	20	807528.5	646015.9	854338.2	0.258	785314.5	822720.1
codec-P	P1.2/latin1	P1.2	latin1	core-native	decode-read	retain	20	518099.8	406356.3	535634.7	0.250	514245.2	531169.2
codec-P	P1.2/latin1	P1.2	latin1	core-ffi	decode-read	retain	20	780378.9	629686.5	821403.7	0.246	774276.6	787278.3
codec-P	P1.2/latin1	P1.2	latin1	core-ffi-pull	decode-read	retain	20	791312.1	632540.9	822642.9	0.240	780839.7	797932.0
codec-P	P2.2/latin1	P2.2	latin1	incumbent-prod	decode	default	20	2014953.5	1775490.6	2672571.8	0.445	1997859.1	2077744.6
codec-P	P2.2/latin1	P2.2	latin1	armonik	decode	default	20	2021152.9	1777256.2	2555151.6	0.385	2000833.8	2058128.9
codec-P	P2.2/latin1	P2.2	latin1	core-native	decode	drop	20	1746643.0	1602737.0	2210004.3	0.348	1734124.5	1791527.9
codec-P	P2.2/latin1	P2.2	latin1	core-ffi	decode	drop	20	2797797.1	2660564.0	3468689.2	0.289	2766486.4	2836035.3
codec-P	P2.2/latin1	P2.2	latin1	core-ffi-pull	decode	drop	20	2677404.5	2562761.8	2939795.0	0.141	2637992.1	2720570.8
codec-P	P2.2/latin1	P2.2	latin1	core-native	decode	retain	20	1758162.5	1681162.8	2173197.3	0.280	1733497.3	1790954.0
codec-P	P2.2/latin1	P2.2	latin1	core-ffi	decode	retain	20	2778295.0	2416627.0	3067726.0	0.234	2753794.2	2819492.4
codec-P	P2.2/latin1	P2.2	latin1	core-ffi-pull	decode	retain	20	2659004.6	2213204.8	3064282.2	0.320	2620656.1	2725408.4
codec-P	P1.2/wide	P1.2	wide	incumbent-prod	decode	default	20	714232.9	573302.9	749272.9	0.246	603395.1	731214.8
codec-P	P1.2/wide	P1.2	wide	armonik	decode	default	20	687847.1	535878.8	720291.3	0.268	652416.6	711023.5
codec-P	P1.2/wide	P1.2	wide	core-native	decode	drop	20	612675.8	485998.2	656484.2	0.278	574864.7	621407.4
codec-P	P1.2/wide	P1.2	wide	core-ffi	decode	drop	20	1003420.4	780520.8	1068123.1	0.287	837238.6	1017487.6
codec-P	P1.2/wide	P1.2	wide	core-ffi-pull	decode	drop	20	1011461.9	780851.8	1065585.8	0.282	847753.8	1019056.7
codec-P	P1.2/wide	P1.2	wide	core-native	decode	retain	20	600725.9	471202.1	639512.0	0.280	526849.1	616767.1
codec-P	P1.2/wide	P1.2	wide	core-ffi	decode	retain	20	1008234.7	777344.0	1087960.2	0.308	884277.9	1017263.6
codec-P	P1.2/wide	P1.2	wide	core-ffi-pull	decode	retain	20	999331.9	783259.6	1038491.2	0.255	836541.4	1011023.1
codec-P	P5.2	P5.2	ascii	incumbent-prod	decode-read	default	20	1663.8	1604.3	1831.0	0.136	1652.8	1702.1
codec-P	P5.2	P5.2	ascii	armonik	decode-read	default	20	94.4	87.4	111.7	0.258	93.4	96.2
codec-P	P5.2	P5.2	ascii	core-native	decode-read	drop	20	1661.1	1486.3	1816.1	0.199	1656.3	1679.6
codec-P	P5.2	P5.2	ascii	core-ffi	decode-read	drop	20	1737.4	1666.3	1929.9	0.152	1720.5	1770.2
codec-P	P5.2	P5.2	ascii	core-ffi-pull	decode-read	drop	20	1763.1	1688.5	1849.3	0.091	1738.0	1776.3
codec-P	P5.2	P5.2	ascii	core-native	decode-read	retain	20	1663.3	1593.7	1766.7	0.104	1634.6	1678.3
codec-P	P5.2	P5.2	ascii	core-ffi	decode-read	retain	20	1756.7	1708.1	1861.9	0.088	1740.4	1791.2
codec-P	P5.2	P5.2	ascii	core-ffi-pull	decode-read	retain	20	1761.9	1697.5	1979.3	0.160	1759.4	1808.7
codec-P	P2.2	P2.2	ascii	incumbent-prod	decode-nodrop	default	20	1160853.3	932600.8	1225302.8	0.252	1016836.4	1197045.6
codec-P	P2.2	P2.2	ascii	armonik	decode-nodrop	default	20	1149448.5	887233.2	1237676.9	0.305	996595.8	1187047.4
codec-P	P2.2	P2.2	ascii	core-native	decode-nodrop	drop	20	995922.8	785803.7	1070634.1	0.286	836464.7	1038356.9
codec-P	P2.2	P2.2	ascii	core-ffi	decode-nodrop	drop	20	1666864.6	1302341.0	1837633.7	0.321	1409577.9	1753952.3
codec-P	P2.2	P2.2	ascii	core-native	decode-nodrop	retain	20	1008412.2	791769.3	1101077.4	0.307	888872.7	1045342.1
codec-P	P2.2	P2.2	ascii	core-ffi	decode-nodrop	retain	20	1662403.6	1314523.7	1799220.8	0.292	1439504.5	1695393.7
codec-P	P3.1	P3.1	ascii	incumbent-prod	encode	default	20	20118.4	17402.0	22929.7	0.275	18170.0	22373.9
codec-P	P3.1	P3.1	ascii	armonik	encode	default	20	20578.8	17433.0	23054.8	0.273	18116.3	22381.6
codec-P	P3.1	P3.1	ascii	core-native	encode	drop	20	3322.9	2835.6	3782.1	0.285	2975.8	3636.8
codec-P	P3.1	P3.1	ascii	core-ffi	encode	drop	20	6950.3	6265.7	8253.8	0.286	6437.2	8061.8
codec-P	P3.1	P3.1	ascii	core-native	encode	retain	20	4034.7	3603.1	4755.4	0.286	3719.1	4614.0
codec-P	P3.1	P3.1	ascii	core-ffi	encode	retain	20	7367.9	6386.2	8682.7	0.312	6590.3	8224.6
codec-P	P2.3	P2.3	ascii	incumbent-prod	decode	default	20	1234314.9	1207990.9	1330718.8	0.099	1220735.4	1248532.1
codec-P	P2.3	P2.3	ascii	armonik	decode	default	20	1252978.8	1221081.6	1307765.0	0.069	1237866.4	1273231.5
codec-P	P2.3	P2.3	ascii	core-native	decode	drop	20	1159459.6	1126293.8	1240878.1	0.099	1148684.9	1204866.4
codec-P	P2.3	P2.3	ascii	core-ffi	decode	drop	20	1575835.5	1541738.8	1683425.7	0.090	1569432.9	1605886.8
codec-P	P2.3	P2.3	ascii	core-ffi-pull	decode	drop	20	1546026.9	1503864.9	1644084.1	0.091	1536346.6	1584384.2
codec-P	P2.3	P2.3	ascii	core-native	decode	retain	20	1146409.4	1117059.1	1216270.0	0.087	1141188.3	1160181.2
codec-P	P2.3	P2.3	ascii	core-ffi	decode	retain	20	1575589.5	1542379.8	1663880.5	0.077	1567908.8	1609195.4
codec-P	P2.3	P2.3	ascii	core-ffi-pull	decode	retain	20	1541279.0	1525616.4	1633014.6	0.070	1538014.5	1555815.0
codec-P	P2.2/wide	P2.2	wide	incumbent-prod	decode	default	20	2462990.1	1985194.0	2688680.2	0.286	2244293.2	2511979.5
codec-P	P2.2/wide	P2.2	wide	armonik	decode	default	20	2454745.9	1985801.0	2685173.5	0.285	2246831.2	2598106.1
codec-P	P2.2/wide	P2.2	wide	core-native	decode	drop	20	2157467.9	1814323.2	2396546.0	0.270	1970696.9	2255373.2
codec-P	P2.2/wide	P2.2	wide	core-ffi	decode	drop	20	3507968.3	2922919.0	4145898.3	0.349	3286010.2	3669341.3
codec-P	P2.2/wide	P2.2	wide	core-ffi-pull	decode	drop	20	3419960.7	2836606.0	3914012.7	0.315	3188730.0	3530229.0
codec-P	P2.2/wide	P2.2	wide	core-native	decode	retain	20	2161694.2	1825026.5	2454717.2	0.291	2020791.9	2225842.2
codec-P	P2.2/wide	P2.2	wide	core-ffi	decode	retain	20	3502642.3	2911058.7	3803610.3	0.255	3230755.1	3569048.6
codec-P	P2.2/wide	P2.2	wide	core-ffi-pull	decode	retain	20	3424867.0	2771972.0	3677909.3	0.265	3207642.8	3570644.4
codec-P	P5.1	P5.1	ascii	incumbent-prod	decode	default	20	80.9	76.9	99.0	0.273	77.8	82.2
codec-P	P5.1	P5.1	ascii	armonik	decode	default	20	70.7	67.4	76.9	0.134	68.0	71.9
codec-P	P5.1	P5.1	ascii	core-native	decode	drop	20	71.1	67.7	77.4	0.137	68.2	71.9
codec-P	P5.1	P5.1	ascii	core-ffi	decode	drop	20	130.2	122.8	140.9	0.139	124.2	131.2
codec-P	P5.1	P5.1	ascii	core-ffi-pull	decode	drop	20	133.9	126.9	145.9	0.142	129.2	135.7
codec-P	P5.1	P5.1	ascii	core-native	decode	retain	20	70.8	66.9	77.1	0.144	69.9	72.1
codec-P	P5.1	P5.1	ascii	core-ffi	decode	retain	20	136.7	130.2	158.9	0.210	134.2	137.8
codec-P	P5.1	P5.1	ascii	core-ffi-pull	decode	retain	20	139.8	132.8	170.0	0.266	134.4	141.4
codec-P	P1.1	P1.1	ascii	incumbent-prod	encode	default	20	993.3	946.6	1080.3	0.135	950.0	1002.8
codec-P	P1.1	P1.1	ascii	armonik	encode	default	20	1032.2	991.0	1131.5	0.136	1000.7	1053.8
codec-P	P1.1	P1.1	ascii	core-native	encode	drop	20	154.1	146.7	168.6	0.142	147.7	156.2
codec-P	P1.1	P1.1	ascii	core-ffi	encode	drop	20	296.3	284.4	332.6	0.163	290.6	308.1
codec-P	P1.1	P1.1	ascii	core-native	encode	retain	20	191.2	186.4	215.7	0.153	188.8	198.0
codec-P	P1.1	P1.1	ascii	core-ffi	encode	retain	20	310.8	301.0	344.8	0.141	305.3	319.8
codec-P	P5.1	P5.1	ascii	incumbent-prod	encode	default	20	58.0	51.9	66.8	0.257	54.2	61.8
codec-P	P5.1	P5.1	ascii	armonik	encode	default	20	55.4	51.9	63.5	0.209	54.5	59.8
codec-P	P5.1	P5.1	ascii	core-native	encode	drop	20	14.2	13.4	16.6	0.223	13.8	15.6
codec-P	P5.1	P5.1	ascii	core-ffi	encode	drop	20	27.9	25.2	33.1	0.283	26.3	30.0
codec-P	P5.1	P5.1	ascii	core-native	encode	retain	20	26.3	23.7	30.5	0.261	24.7	27.3
codec-P	P5.1	P5.1	ascii	core-ffi	encode	retain	20	30.7	26.9	35.3	0.274	28.3	31.5
codec-P	P2.2	P2.2	ascii	incumbent-prod	decode-read	default	20	1555675.5	1525897.8	1636058.5	0.071	1532076.4	1578052.5
codec-P	P2.2	P2.2	ascii	armonik	decode-read	default	20	1550610.6	1531429.3	1967488.2	0.281	1545483.1	1564871.6
codec-P	P2.2	P2.2	ascii	core-native	decode-read	drop	20	1403346.9	1378066.4	1832368.4	0.324	1391438.5	1422919.9
codec-P	P2.2	P2.2	ascii	core-ffi	decode-read	drop	20	2100099.1	2053868.2	2781959.4	0.347	2073442.4	2140827.5
codec-P	P2.2	P2.2	ascii	core-ffi-pull	decode-read	drop	20	2012919.8	1978743.2	2937900.8	0.477	1994063.9	2060770.9
codec-P	P2.2	P2.2	ascii	core-native	decode-read	retain	20	1412851.2	1392825.2	1571373.0	0.126	1398850.2	1420269.5
codec-P	P2.2	P2.2	ascii	core-ffi	decode-read	retain	20	2085175.3	2053906.7	2232563.2	0.086	2067802.8	2112349.5
codec-P	P2.2	P2.2	ascii	core-ffi-pull	decode-read	retain	20	2000068.5	1963722.0	2388058.8	0.212	1992144.1	2037069.8
codec-P	P2.1	P2.1	ascii	incumbent-prod	decode-read	default	20	2156.1	1671.3	2242.2	0.265	1705.4	2167.9
codec-P	P2.1	P2.1	ascii	armonik	decode-read	default	20	2119.2	1631.6	2429.0	0.376	1694.3	2142.8
codec-P	P2.1	P2.1	ascii	core-native	decode-read	drop	20	1756.1	1361.4	1875.6	0.293	1576.5	1780.4
codec-P	P2.1	P2.1	ascii	core-ffi	decode-read	drop	20	3136.5	2450.0	3684.3	0.394	2705.2	3201.6
codec-P	P2.1	P2.1	ascii	core-ffi-pull	decode-read	drop	20	3110.8	2405.0	3311.3	0.291	2442.6	3143.0
codec-P	P2.1	P2.1	ascii	core-native	decode-read	retain	20	1775.5	1360.7	1864.0	0.283	1416.1	1802.7
codec-P	P2.1	P2.1	ascii	core-ffi	decode-read	retain	20	3211.3	2479.7	3721.8	0.387	2542.6	3253.8
codec-P	P2.1	P2.1	ascii	core-ffi-pull	decode-read	retain	20	3188.7	2456.2	4728.8	0.713	2529.1	3228.6
codec-P	P2.3	P2.3	ascii	incumbent-prod	decode-read	default	20	1056976.4	1014512.8	1418670.6	0.382	1037317.0	1131556.7
codec-P	P2.3	P2.3	ascii	armonik	decode-read	default	20	1071617.9	1029668.6	1348082.2	0.297	1050933.6	1189170.9
codec-P	P2.3	P2.3	ascii	core-native	decode-read	drop	20	981878.9	965411.6	1414163.1	0.457	969222.8	1100481.0
codec-P	P2.3	P2.3	ascii	core-ffi	decode-read	drop	20	1366029.9	1288137.3	1700343.2	0.302	1306197.3	1397163.0
codec-P	P2.3	P2.3	ascii	core-ffi-pull	decode-read	drop	20	1329455.7	1261545.0	1629823.5	0.277	1305149.7	1364399.8
codec-P	P2.3	P2.3	ascii	core-native	decode-read	retain	20	997099.2	952125.0	1288939.9	0.338	970043.0	1020792.8
codec-P	P2.3	P2.3	ascii	core-ffi	decode-read	retain	20	1352946.1	1286596.8	1792606.8	0.374	1303612.7	1420043.8
codec-P	P2.3	P2.3	ascii	core-ffi-pull	decode-read	retain	20	1319676.2	1258808.1	1912401.6	0.495	1283089.4	1424012.8
codec-P	P2.5	P2.5	ascii	incumbent-prod	encode	default	20	27416.0	21382.7	29447.8	0.294	27220.0	27804.3
codec-P	P2.5	P2.5	ascii	armonik	encode	default	20	27828.0	21830.6	29233.0	0.266	27681.6	28118.7
codec-P	P2.5	P2.5	ascii	core-native	encode	drop	20	5532.8	4335.5	6234.2	0.343	5502.1	5605.5
codec-P	P2.5	P2.5	ascii	core-ffi	encode	drop	20	11137.7	8847.0	11792.2	0.264	11089.7	11251.0
codec-P	P2.5	P2.5	ascii	core-native	encode	retain	20	6061.9	4757.3	6719.3	0.324	6008.1	6127.2
codec-P	P2.5	P2.5	ascii	core-ffi	encode	retain	20	11692.2	9230.1	11846.3	0.224	11646.9	11754.5
codec-P	P1.2/wide	P1.2	wide	incumbent-prod	decode-read	default	20	758524.8	714242.9	835854.4	0.160	746333.1	782957.0
codec-P	P1.2/wide	P1.2	wide	armonik	decode-read	default	20	735215.4	687543.1	790527.6	0.140	723728.6	748108.0
codec-P	P1.2/wide	P1.2	wide	core-native	decode-read	drop	20	640878.4	602129.3	705220.4	0.161	630337.8	650226.7
codec-P	P1.2/wide	P1.2	wide	core-ffi	decode-read	drop	20	1039630.1	956574.9	1161764.4	0.197	1026697.0	1059254.9
codec-P	P1.2/wide	P1.2	wide	core-ffi-pull	decode-read	drop	20	1045867.1	983701.2	1207831.6	0.214	1035199.1	1098314.4
codec-P	P1.2/wide	P1.2	wide	core-native	decode-read	retain	20	645158.0	612140.9	705727.0	0.145	634509.0	662083.6
codec-P	P1.2/wide	P1.2	wide	core-ffi	decode-read	retain	20	1057327.4	963457.5	1210740.6	0.234	1028533.5	1114291.1
codec-P	P1.2/wide	P1.2	wide	core-ffi-pull	decode-read	retain	20	1057457.1	993489.4	1158547.0	0.156	1027652.8	1083983.2
codec-P	P7.1	P7.1	ascii	incumbent-prod	decode-read	default	20	289.2	267.8	308.8	0.142	277.2	298.4
codec-P	P7.1	P7.1	ascii	armonik	decode-read	default	20	281.2	260.6	309.9	0.175	275.5	295.1
codec-P	P7.1	P7.1	ascii	core-native	decode-read	drop	20	212.9	194.5	231.6	0.174	207.9	223.6
codec-P	P7.1	P7.1	ascii	core-ffi	decode-read	drop	20	308.6	283.5	346.6	0.204	299.8	324.9
codec-P	P7.1	P7.1	ascii	core-ffi-pull	decode-read	drop	20	337.6	311.6	382.1	0.209	327.3	354.6
codec-P	P7.1	P7.1	ascii	core-native	decode-read	retain	20	211.6	189.8	223.8	0.160	201.1	219.7
codec-P	P7.1	P7.1	ascii	core-ffi	decode-read	retain	20	337.4	302.3	361.5	0.175	317.4	346.2
codec-P	P7.1	P7.1	ascii	core-ffi-pull	decode-read	retain	20	366.2	330.5	395.4	0.177	352.2	379.7
codec-P	P2.2/latin1	P2.2	latin1	incumbent-prod	encode	default	20	1002071.5	983323.0	1091386.5	0.108	994947.3	1026474.6
codec-P	P2.2/latin1	P2.2	latin1	armonik	encode	default	20	1021901.8	1005232.2	1086521.5	0.080	1011945.4	1060956.9
codec-P	P2.2/latin1	P2.2	latin1	core-native	encode	drop	20	245761.3	240327.0	274506.9	0.139	241801.5	258290.1
codec-P	P2.2/latin1	P2.2	latin1	core-ffi	encode	drop	20	402768.7	392992.7	439149.0	0.115	398377.8	417252.9
codec-P	P2.2/latin1	P2.2	latin1	core-native	encode	retain	20	255709.6	249362.1	278409.0	0.114	252809.9	267065.3
codec-P	P2.2/latin1	P2.2	latin1	core-ffi	encode	retain	20	423133.0	408736.6	469617.8	0.144	414704.7	434042.6
codec-U	U-wire-ListTaskSummaryResponse-tasks-as-wt1	U-wire-ListTaskSummaryResponse-tasks-as-wt1	ascii	core-native	decode-read	drop	20	1759.9	1460.9	2131.1	0.381	1622.5	1826.8
codec-U	U-wire-ListTaskSummaryResponse-tasks-as-wt1	U-wire-ListTaskSummaryResponse-tasks-as-wt1	ascii	core-ffi	decode-read	drop	20	2495.2	2082.4	2670.6	0.236	2306.7	2590.3
codec-U	U-wire-ListTaskSummaryResponse-tasks-as-wt1	U-wire-ListTaskSummaryResponse-tasks-as-wt1	ascii	core-ffi-pull	decode-read	drop	20	2514.5	2169.3	2677.2	0.202	2326.2	2568.4
codec-U	U-wire-ListTaskSummaryResponse-tasks-as-wt1	U-wire-ListTaskSummaryResponse-tasks-as-wt1	ascii	core-native	decode-read	retain	20	1811.7	1466.5	1949.2	0.266	1680.4	1853.6
codec-U	U-wire-ListTaskSummaryResponse-tasks-as-wt1	U-wire-ListTaskSummaryResponse-tasks-as-wt1	ascii	core-ffi	decode-read	retain	20	2639.2	2268.6	2774.5	0.192	2398.6	2705.6
codec-U	U-wire-ListTaskSummaryResponse-tasks-as-wt1	U-wire-ListTaskSummaryResponse-tasks-as-wt1	ascii	core-ffi-pull	decode-read	retain	20	2631.8	2139.0	2855.7	0.272	2480.1	2713.3
codec-U	U-wire-ListMetricsResponse-batches-as-wt5	U-wire-ListMetricsResponse-batches-as-wt5	ascii	core-native	encode	drop	20	599.3	582.0	648.6	0.111	594.4	609.0
codec-U	U-wire-ListMetricsResponse-batches-as-wt5	U-wire-ListMetricsResponse-batches-as-wt5	ascii	core-ffi	encode	drop	20	796.4	752.5	810.7	0.073	784.4	801.2
codec-U	U-wire-ListMetricsResponse-batches-as-wt5	U-wire-ListMetricsResponse-batches-as-wt5	ascii	core-native	encode	retain	20	618.9	606.6	649.6	0.069	614.9	628.2
codec-U	U-wire-ListMetricsResponse-batches-as-wt5	U-wire-ListMetricsResponse-batches-as-wt5	ascii	core-ffi	encode	retain	20	793.0	753.4	833.1	0.100	783.8	806.8
codec-U	U-nested-u-varint	U-nested-u-varint	ascii	incumbent-prod	encode	default	20	269.6	259.1	286.7	0.102	265.6	274.9
codec-U	U-nested-u-varint	U-nested-u-varint	ascii	armonik	encode	default	20	278.7	270.6	296.4	0.093	276.8	281.7
codec-U	U-nested-u-varint	U-nested-u-varint	ascii	core-native	encode	drop	20	46.0	44.5	49.2	0.103	45.6	47.7
codec-U	U-nested-u-varint	U-nested-u-varint	ascii	core-ffi	encode	drop	20	96.6	94.7	101.8	0.074	95.8	98.0
codec-U	U-nested-u-varint	U-nested-u-varint	ascii	core-native	encode	retain	20	60.2	58.3	70.2	0.197	59.4	61.9
codec-U	U-nested-u-varint	U-nested-u-varint	ascii	core-ffi	encode	retain	20	106.6	104.0	111.8	0.073	105.2	108.6
codec-U	U-oneof-member-after-known	U-oneof-member-after-known	ascii	incumbent-prod	decode	default	20	129.9	123.5	149.7	0.202	125.8	131.6
codec-U	U-oneof-member-after-known	U-oneof-member-after-known	ascii	armonik	decode	default	20	125.6	121.0	137.9	0.134	124.0	127.7
codec-U	U-oneof-member-after-known	U-oneof-member-after-known	ascii	core-native	decode	drop	20	95.3	91.5	99.2	0.080	93.1	96.4
codec-U	U-oneof-member-after-known	U-oneof-member-after-known	ascii	core-ffi	decode	drop	20	157.4	153.8	172.5	0.118	155.5	161.2
codec-U	U-oneof-member-after-known	U-oneof-member-after-known	ascii	core-ffi-pull	decode	drop	20	165.1	161.2	203.4	0.256	164.4	171.0
codec-U	U-oneof-member-after-known	U-oneof-member-after-known	ascii	core-native	decode	retain	20	109.3	104.5	122.0	0.160	107.2	113.3
codec-U	U-oneof-member-after-known	U-oneof-member-after-known	ascii	core-ffi	decode	retain	20	209.1	205.4	224.0	0.089	207.5	216.1
codec-U	U-oneof-member-after-known	U-oneof-member-after-known	ascii	core-ffi-pull	decode	retain	20	217.9	210.7	233.3	0.104	213.0	221.9
codec-U	U-wire-ListResultsResponse-results-as-wt1	U-wire-ListResultsResponse-results-as-wt1	ascii	core-native	decode-read	drop	20	571.4	550.2	591.8	0.073	559.6	580.5
codec-U	U-wire-ListResultsResponse-results-as-wt1	U-wire-ListResultsResponse-results-as-wt1	ascii	core-ffi	decode-read	drop	20	881.6	846.5	960.3	0.129	869.3	925.2
codec-U	U-wire-ListResultsResponse-results-as-wt1	U-wire-ListResultsResponse-results-as-wt1	ascii	core-ffi-pull	decode-read	drop	20	888.7	865.5	1045.7	0.203	874.2	895.1
codec-U	U-wire-ListResultsResponse-results-as-wt1	U-wire-ListResultsResponse-results-as-wt1	ascii	core-native	decode-read	retain	20	562.8	548.7	588.0	0.070	558.0	567.9
codec-U	U-wire-ListResultsResponse-results-as-wt1	U-wire-ListResultsResponse-results-as-wt1	ascii	core-ffi	decode-read	retain	20	952.6	914.5	1032.3	0.124	943.1	985.7
codec-U	U-wire-ListResultsResponse-results-as-wt1	U-wire-ListResultsResponse-results-as-wt1	ascii	core-ffi-pull	decode-read	retain	20	951.6	929.3	1005.6	0.080	941.3	965.7
codec-U	U-wire-ListTasksDetailedResponse-tasks-as-wt1	U-wire-ListTasksDetailedResponse-tasks-as-wt1	ascii	core-native	decode-read	drop	20	3912.4	3820.3	4216.7	0.101	3867.6	4008.1
codec-U	U-wire-ListTasksDetailedResponse-tasks-as-wt1	U-wire-ListTasksDetailedResponse-tasks-as-wt1	ascii	core-ffi	decode-read	drop	20	6106.3	5950.2	6439.5	0.080	6054.8	6238.3
codec-U	U-wire-ListTasksDetailedResponse-tasks-as-wt1	U-wire-ListTasksDetailedResponse-tasks-as-wt1	ascii	core-ffi-pull	decode-read	drop	20	5955.3	5741.9	6350.6	0.102	5882.2	6073.7
codec-U	U-wire-ListTasksDetailedResponse-tasks-as-wt1	U-wire-ListTasksDetailedResponse-tasks-as-wt1	ascii	core-native	decode-read	retain	20	4086.3	3953.4	4437.7	0.119	4027.5	4130.5
codec-U	U-wire-ListTasksDetailedResponse-tasks-as-wt1	U-wire-ListTasksDetailedResponse-tasks-as-wt1	ascii	core-ffi	decode-read	retain	20	6331.4	6068.5	6819.6	0.119	6209.0	6418.5
codec-U	U-wire-ListTasksDetailedResponse-tasks-as-wt1	U-wire-ListTasksDetailedResponse-tasks-as-wt1	ascii	core-ffi-pull	decode-read	retain	20	6083.6	5965.1	6469.8	0.083	6014.5	6234.0
codec-U	U-wire-ListMetricsResponse-batches-as-wt0	U-wire-ListMetricsResponse-batches-as-wt0	ascii	core-native	decode-read	drop	20	1968.9	1729.7	2254.7	0.267	1894.1	2002.7
codec-U	U-wire-ListMetricsResponse-batches-as-wt0	U-wire-ListMetricsResponse-batches-as-wt0	ascii	core-ffi	decode-read	drop	20	1749.4	1685.7	1920.3	0.134	1728.0	1787.7
codec-U	U-wire-ListMetricsResponse-batches-as-wt0	U-wire-ListMetricsResponse-batches-as-wt0	ascii	core-ffi-pull	decode-read	drop	20	1643.7	1570.7	1714.4	0.087	1615.9	1661.2
codec-U	U-wire-ListMetricsResponse-batches-as-wt0	U-wire-ListMetricsResponse-batches-as-wt0	ascii	core-native	decode-read	retain	20	2034.5	1827.6	2200.9	0.184	1943.1	2100.2
codec-U	U-wire-ListMetricsResponse-batches-as-wt0	U-wire-ListMetricsResponse-batches-as-wt0	ascii	core-ffi	decode-read	retain	20	1797.0	1747.1	1894.5	0.082	1773.5	1833.0
codec-U	U-wire-ListMetricsResponse-batches-as-wt0	U-wire-ListMetricsResponse-batches-as-wt0	ascii	core-ffi-pull	decode-read	retain	20	1678.7	1603.8	1761.0	0.094	1662.1	1702.0
codec-U	U-wire-ListResultsResponse-page-as-wt5	U-wire-ListResultsResponse-page-as-wt5	ascii	core-native	decode-read	drop	20	572.6	558.0	651.5	0.163	568.1	578.2
codec-U	U-wire-ListResultsResponse-page-as-wt5	U-wire-ListResultsResponse-page-as-wt5	ascii	core-ffi	decode-read	drop	20	892.3	860.7	923.4	0.070	877.0	899.1
codec-U	U-wire-ListResultsResponse-page-as-wt5	U-wire-ListResultsResponse-page-as-wt5	ascii	core-ffi-pull	decode-read	drop	20	893.6	875.5	968.7	0.104	885.3	912.7
codec-U	U-wire-ListResultsResponse-page-as-wt5	U-wire-ListResultsResponse-page-as-wt5	ascii	core-native	decode-read	retain	20	572.7	558.0	604.7	0.081	565.6	587.0
codec-U	U-wire-ListResultsResponse-page-as-wt5	U-wire-ListResultsResponse-page-as-wt5	ascii	core-ffi	decode-read	retain	20	942.5	924.7	1176.9	0.268	933.5	971.5
codec-U	U-wire-ListResultsResponse-page-as-wt5	U-wire-ListResultsResponse-page-as-wt5	ascii	core-ffi-pull	decode-read	retain	20	964.0	935.3	1446.7	0.530	948.4	976.2
codec-U	U-nested-u-repeated	U-nested-u-repeated	ascii	incumbent-prod	encode	default	20	261.8	253.9	273.3	0.074	257.2	264.5
codec-U	U-nested-u-repeated	U-nested-u-repeated	ascii	armonik	encode	default	20	270.4	265.6	287.4	0.080	268.5	276.4
codec-U	U-nested-u-repeated	U-nested-u-repeated	ascii	core-native	encode	drop	20	45.3	43.2	48.5	0.117	44.4	45.8
codec-U	U-nested-u-repeated	U-nested-u-repeated	ascii	core-ffi	encode	drop	20	94.1	91.8	97.8	0.064	92.6	95.8
codec-U	U-nested-u-repeated	U-nested-u-repeated	ascii	core-native	encode	retain	20	58.4	56.2	62.6	0.109	56.7	59.6
codec-U	U-nested-u-repeated	U-nested-u-repeated	ascii	core-ffi	encode	retain	20	104.8	100.6	111.6	0.105	102.7	106.8
codec-U	U-wire-ListProbeResponse-probes-as-wt0	U-wire-ListProbeResponse-probes-as-wt0	ascii	core-native	decode-read	drop	20	207.1	205.0	215.1	0.049	206.1	210.1
codec-U	U-wire-ListProbeResponse-probes-as-wt0	U-wire-ListProbeResponse-probes-as-wt0	ascii	core-ffi	decode-read	drop	20	331.3	320.0	358.6	0.117	325.8	334.2
codec-U	U-wire-ListProbeResponse-probes-as-wt0	U-wire-ListProbeResponse-probes-as-wt0	ascii	core-ffi-pull	decode-read	drop	20	344.5	336.1	392.2	0.163	339.7	350.9
codec-U	U-wire-ListProbeResponse-probes-as-wt0	U-wire-ListProbeResponse-probes-as-wt0	ascii	core-native	decode-read	retain	20	221.1	217.6	250.5	0.149	220.2	224.7
codec-U	U-wire-ListProbeResponse-probes-as-wt0	U-wire-ListProbeResponse-probes-as-wt0	ascii	core-ffi	decode-read	retain	20	384.5	377.4	427.1	0.129	380.8	388.1
codec-U	U-wire-ListProbeResponse-probes-as-wt0	U-wire-ListProbeResponse-probes-as-wt0	ascii	core-ffi-pull	decode-read	retain	20	395.3	383.9	439.6	0.141	389.8	409.2
codec-U	U-nested-u-packed	U-nested-u-packed	ascii	incumbent-prod	decode-read	default	20	313.3	247.3	340.2	0.296	307.0	320.7
codec-U	U-nested-u-packed	U-nested-u-packed	ascii	armonik	decode-read	default	20	320.8	258.8	351.6	0.289	318.0	324.3
codec-U	U-nested-u-packed	U-nested-u-packed	ascii	core-native	decode-read	drop	20	269.6	214.3	317.2	0.382	266.8	272.9
codec-U	U-nested-u-packed	U-nested-u-packed	ascii	core-ffi	decode-read	drop	20	435.4	360.4	566.3	0.473	433.4	445.8
codec-U	U-nested-u-packed	U-nested-u-packed	ascii	core-ffi-pull	decode-read	drop	20	451.6	440.1	521.6	0.180	450.6	464.3
codec-U	U-nested-u-packed	U-nested-u-packed	ascii	core-native	decode-read	retain	20	285.9	228.1	326.9	0.346	283.7	289.6
codec-U	U-nested-u-packed	U-nested-u-packed	ascii	core-ffi	decode-read	retain	20	504.5	391.1	582.6	0.380	497.3	524.8
codec-U	U-nested-u-packed	U-nested-u-packed	ascii	core-ffi-pull	decode-read	retain	20	514.0	408.6	622.6	0.416	504.6	558.4
codec-U	U-enum-value-127	U-enum-value-127	ascii	incumbent-prod	decode	default	20	74.0	72.6	79.3	0.091	73.4	74.7
codec-U	U-enum-value-127	U-enum-value-127	ascii	armonik	decode	default	20	101.5	97.1	112.5	0.153	99.2	109.8
codec-U	U-enum-value-127	U-enum-value-127	ascii	core-native	decode	drop	20	85.1	83.0	96.2	0.155	83.8	92.0
codec-U	U-enum-value-127	U-enum-value-127	ascii	core-ffi	decode	drop	20	117.7	116.2	131.6	0.131	117.2	125.6
codec-U	U-enum-value-127	U-enum-value-127	ascii	core-ffi-pull	decode	drop	20	132.1	128.0	148.0	0.151	129.7	139.6
codec-U	U-enum-value-127	U-enum-value-127	ascii	core-native	decode	retain	20	85.6	82.6	104.4	0.254	84.1	93.0
codec-U	U-enum-value-127	U-enum-value-127	ascii	core-ffi	decode	retain	20	132.7	128.5	161.4	0.248	130.1	138.4
codec-U	U-enum-value-127	U-enum-value-127	ascii	core-ffi-pull	decode	retain	20	145.4	141.7	167.1	0.175	143.8	153.5
codec-U	U-element-u-varint	U-element-u-varint	ascii	incumbent-prod	encode	default	20	1324.9	1306.0	1546.8	0.182	1320.1	1341.6
codec-U	U-element-u-varint	U-element-u-varint	ascii	armonik	encode	default	20	1357.1	1333.5	1637.8	0.224	1350.2	1369.3
codec-U	U-element-u-varint	U-element-u-varint	ascii	core-native	encode	drop	20	248.6	244.1	264.9	0.084	247.7	252.8
codec-U	U-element-u-varint	U-element-u-varint	ascii	core-ffi	encode	drop	20	535.4	526.3	580.6	0.101	533.8	542.4
codec-U	U-element-u-varint	U-element-u-varint	ascii	core-native	encode	retain	20	297.9	294.4	304.8	0.035	296.3	301.7
codec-U	U-element-u-varint	U-element-u-varint	ascii	core-ffi	encode	retain	20	559.6	547.8	637.1	0.160	555.0	562.7
codec-U	U-enum-value-127	U-enum-value-127	ascii	incumbent-prod	encode	default	20	54.5	52.3	58.3	0.111	53.9	57.1
codec-U	U-enum-value-127	U-enum-value-127	ascii	armonik	encode	default	20	57.7	55.3	59.4	0.071	56.3	58.6
codec-U	U-enum-value-127	U-enum-value-127	ascii	core-native	encode	drop	20	15.1	14.1	16.3	0.144	14.8	15.5
codec-U	U-enum-value-127	U-enum-value-127	ascii	core-ffi	encode	drop	20	33.8	32.5	35.2	0.081	33.1	34.6
codec-U	U-enum-value-127	U-enum-value-127	ascii	core-native	encode	retain	20	18.6	17.5	20.4	0.154	17.9	19.0
codec-U	U-enum-value-127	U-enum-value-127	ascii	core-ffi	encode	retain	20	38.3	36.4	43.4	0.184	37.4	39.0
codec-U	U-root-u-fixed32	U-root-u-fixed32	ascii	incumbent-prod	decode-read	default	20	662.3	627.2	697.8	0.107	651.9	679.9
codec-U	U-root-u-fixed32	U-root-u-fixed32	ascii	armonik	decode-read	default	20	676.3	630.1	809.5	0.265	669.2	704.4
codec-U	U-root-u-fixed32	U-root-u-fixed32	ascii	core-native	decode-read	drop	20	572.9	536.5	629.3	0.162	568.3	581.0
codec-U	U-root-u-fixed32	U-root-u-fixed32	ascii	core-ffi	decode-read	drop	20	877.4	825.5	1066.3	0.275	867.1	904.1
codec-U	U-root-u-fixed32	U-root-u-fixed32	ascii	core-ffi-pull	decode-read	drop	20	895.2	829.6	1055.1	0.252	881.8	927.4
codec-U	U-root-u-fixed32	U-root-u-fixed32	ascii	core-native	decode-read	retain	20	575.2	546.8	602.6	0.097	569.6	582.7
codec-U	U-root-u-fixed32	U-root-u-fixed32	ascii	core-ffi	decode-read	retain	20	956.8	901.3	1053.1	0.159	942.0	975.2
codec-U	U-root-u-fixed32	U-root-u-fixed32	ascii	core-ffi-pull	decode-read	retain	20	975.4	933.0	1061.2	0.131	959.0	991.5
codec-U	U-nested-all	U-nested-all	ascii	incumbent-prod	decode-read	default	20	413.2	400.4	446.6	0.112	407.0	415.2
codec-U	U-nested-all	U-nested-all	ascii	armonik	decode-read	default	20	396.4	385.3	414.2	0.073	389.0	403.9
codec-U	U-nested-all	U-nested-all	ascii	core-native	decode-read	drop	20	297.3	291.0	305.1	0.047	293.8	303.2
codec-U	U-nested-all	U-nested-all	ascii	core-ffi	decode-read	drop	20	471.0	460.1	509.2	0.104	462.4	479.4
codec-U	U-nested-all	U-nested-all	ascii	core-ffi-pull	decode-read	drop	20	489.4	476.3	509.5	0.068	481.1	495.7
codec-U	U-nested-all	U-nested-all	ascii	core-native	decode-read	retain	20	490.7	481.7	544.0	0.127	485.6	503.1
codec-U	U-nested-all	U-nested-all	ascii	core-ffi	decode-read	retain	20	771.1	749.9	836.6	0.112	764.6	798.7
codec-U	U-nested-all	U-nested-all	ascii	core-ffi-pull	decode-read	retain	20	778.7	755.2	864.8	0.141	770.7	808.6
codec-U	U-leaf-u-fixed32	U-leaf-u-fixed32	ascii	incumbent-prod	decode	default	20	314.2	302.0	329.8	0.088	309.9	317.9
codec-U	U-leaf-u-fixed32	U-leaf-u-fixed32	ascii	armonik	decode	default	20	312.6	299.8	335.2	0.113	306.8	318.0
codec-U	U-leaf-u-fixed32	U-leaf-u-fixed32	ascii	core-native	decode	drop	20	252.9	242.3	270.4	0.111	251.6	256.8
codec-U	U-leaf-u-fixed32	U-leaf-u-fixed32	ascii	core-ffi	decode	drop	20	417.5	401.7	442.6	0.098	415.4	430.0
codec-U	U-leaf-u-fixed32	U-leaf-u-fixed32	ascii	core-ffi-pull	decode	drop	20	432.0	418.0	447.7	0.069	428.0	439.0
codec-U	U-leaf-u-fixed32	U-leaf-u-fixed32	ascii	core-native	decode	retain	20	287.5	275.5	301.1	0.089	285.4	291.6
codec-U	U-leaf-u-fixed32	U-leaf-u-fixed32	ascii	core-ffi	decode	retain	20	501.5	470.9	529.1	0.116	491.9	506.6
codec-U	U-leaf-u-fixed32	U-leaf-u-fixed32	ascii	core-ffi-pull	decode	retain	20	519.1	494.2	555.0	0.117	502.4	526.8
codec-U	U-wire-ListMetricsResponse-batches-as-wt5	U-wire-ListMetricsResponse-batches-as-wt5	ascii	core-native	decode-read	drop	20	1838.9	1769.8	2002.2	0.126	1815.5	1890.9
codec-U	U-wire-ListMetricsResponse-batches-as-wt5	U-wire-ListMetricsResponse-batches-as-wt5	ascii	core-ffi	decode-read	drop	20	1713.4	1626.1	1938.5	0.182	1699.2	1741.3
codec-U	U-wire-ListMetricsResponse-batches-as-wt5	U-wire-ListMetricsResponse-batches-as-wt5	ascii	core-ffi-pull	decode-read	drop	20	1580.2	1536.6	1696.3	0.101	1565.7	1599.5
codec-U	U-wire-ListMetricsResponse-batches-as-wt5	U-wire-ListMetricsResponse-batches-as-wt5	ascii	core-native	decode-read	retain	20	1883.7	1760.7	2220.9	0.244	1853.9	1937.4
codec-U	U-wire-ListMetricsResponse-batches-as-wt5	U-wire-ListMetricsResponse-batches-as-wt5	ascii	core-ffi	decode-read	retain	20	1755.3	1729.1	1843.4	0.065	1743.1	1779.8
codec-U	U-wire-ListMetricsResponse-batches-as-wt5	U-wire-ListMetricsResponse-batches-as-wt5	ascii	core-ffi-pull	decode-read	retain	20	1647.5	1607.8	1781.5	0.105	1632.9	1670.5
codec-U	U-element-u-len	U-element-u-len	ascii	incumbent-prod	decode	default	20	1772.0	1745.7	1966.8	0.125	1763.4	1802.7
codec-U	U-element-u-len	U-element-u-len	ascii	armonik	decode	default	20	1744.9	1713.3	1791.0	0.045	1735.6	1753.8
codec-U	U-element-u-len	U-element-u-len	ascii	core-native	decode	drop	20	1382.0	1356.5	1476.3	0.087	1371.7	1398.9
codec-U	U-element-u-len	U-element-u-len	ascii	core-ffi	decode	drop	20	2667.9	2579.3	2845.8	0.100	2644.9	2706.0
codec-U	U-element-u-len	U-element-u-len	ascii	core-ffi-pull	decode	drop	20	2604.5	2566.5	2729.8	0.063	2584.3	2628.8
codec-U	U-element-u-len	U-element-u-len	ascii	core-native	decode	retain	20	1400.6	1379.6	1431.9	0.037	1390.9	1411.3
codec-U	U-element-u-len	U-element-u-len	ascii	core-ffi	decode	retain	20	2881.0	2806.2	2941.1	0.047	2844.3	2910.0
codec-U	U-element-u-len	U-element-u-len	ascii	core-ffi-pull	decode	retain	20	2798.7	2759.3	2874.0	0.041	2786.1	2817.0
codec-U	U-oneof-u-repeated	U-oneof-u-repeated	ascii	incumbent-prod	decode	default	20	124.5	115.7	137.6	0.176	117.4	129.8
codec-U	U-oneof-u-repeated	U-oneof-u-repeated	ascii	armonik	decode	default	20	124.0	112.0	136.3	0.197	116.5	127.4
codec-U	U-oneof-u-repeated	U-oneof-u-repeated	ascii	core-native	decode	drop	20	85.2	77.7	92.4	0.172	78.5	86.3
codec-U	U-oneof-u-repeated	U-oneof-u-repeated	ascii	core-ffi	decode	drop	20	144.8	131.6	152.2	0.142	134.6	146.6
codec-U	U-oneof-u-repeated	U-oneof-u-repeated	ascii	core-ffi-pull	decode	drop	20	150.8	136.8	157.3	0.136	141.2	153.7
codec-U	U-oneof-u-repeated	U-oneof-u-repeated	ascii	core-native	decode	retain	20	108.1	98.4	129.2	0.285	100.6	109.9
codec-U	U-oneof-u-repeated	U-oneof-u-repeated	ascii	core-ffi	decode	retain	20	205.7	187.2	223.4	0.176	198.6	211.3
codec-U	U-oneof-u-repeated	U-oneof-u-repeated	ascii	core-ffi-pull	decode	retain	20	211.6	193.6	268.6	0.354	200.9	218.7
codec-U	U-element-u-repeated	U-element-u-repeated	ascii	incumbent-prod	decode-read	default	20	2111.0	2042.8	2242.4	0.095	2082.9	2141.2
codec-U	U-element-u-repeated	U-element-u-repeated	ascii	armonik	decode-read	default	20	1905.9	1833.1	2106.1	0.143	1881.2	1993.0
codec-U	U-element-u-repeated	U-element-u-repeated	ascii	core-native	decode-read	drop	20	1521.7	1485.1	1735.1	0.164	1502.9	1537.3
codec-U	U-element-u-repeated	U-element-u-repeated	ascii	core-ffi	decode-read	drop	20	2753.3	2695.9	2949.8	0.092	2727.6	2800.1
codec-U	U-element-u-repeated	U-element-u-repeated	ascii	core-ffi-pull	decode-read	drop	20	2686.8	2631.4	3030.2	0.148	2663.5	2722.0
codec-U	U-element-u-repeated	U-element-u-repeated	ascii	core-native	decode-read	retain	20	1589.3	1540.4	1792.1	0.158	1567.2	1692.0
codec-U	U-element-u-repeated	U-element-u-repeated	ascii	core-ffi	decode-read	retain	20	2970.8	2871.7	3150.8	0.094	2943.6	3033.8
codec-U	U-element-u-repeated	U-element-u-repeated	ascii	core-ffi-pull	decode-read	retain	20	2921.6	2830.6	3053.5	0.076	2869.2	2951.7
codec-U	U-element-u-msg	U-element-u-msg	ascii	incumbent-prod	decode-read	default	20	2108.3	1630.3	2538.9	0.431	1711.0	2157.1
codec-U	U-element-u-msg	U-element-u-msg	ascii	armonik	decode-read	default	20	1837.3	1450.3	2062.9	0.333	1592.9	1883.8
codec-U	U-element-u-msg	U-element-u-msg	ascii	core-native	decode-read	drop	20	1489.0	1166.3	1579.3	0.277	1341.4	1525.1
codec-U	U-element-u-msg	U-element-u-msg	ascii	core-ffi	decode-read	drop	20	2759.8	2118.9	2940.1	0.298	2273.3	2788.9
codec-U	U-element-u-msg	U-element-u-msg	ascii	core-ffi-pull	decode-read	drop	20	2673.0	2084.1	3145.0	0.397	2225.1	2806.3
codec-U	U-element-u-msg	U-element-u-msg	ascii	core-native	decode-read	retain	20	1523.4	1166.1	1703.1	0.352	1481.7	1542.2
codec-U	U-element-u-msg	U-element-u-msg	ascii	core-ffi	decode-read	retain	20	2932.4	2269.4	3079.3	0.276	2397.3	2987.8
codec-U	U-element-u-msg	U-element-u-msg	ascii	core-ffi-pull	decode-read	retain	20	2865.2	2218.0	3047.4	0.289	2320.3	2900.5
codec-U	U-nested-before	U-nested-before	ascii	incumbent-prod	decode-read	default	20	415.6	393.2	649.1	0.616	401.8	454.4
codec-U	U-nested-before	U-nested-before	ascii	armonik	decode-read	default	20	407.3	378.8	566.2	0.460	392.2	416.5
codec-U	U-nested-before	U-nested-before	ascii	core-native	decode-read	drop	20	311.9	281.8	490.4	0.669	292.6	320.6
codec-U	U-nested-before	U-nested-before	ascii	core-ffi	decode-read	drop	20	487.2	456.3	615.2	0.326	477.5	503.2
codec-U	U-nested-before	U-nested-before	ascii	core-ffi-pull	decode-read	drop	20	494.3	465.8	546.5	0.163	478.4	505.5
codec-U	U-nested-before	U-nested-before	ascii	core-native	decode-read	retain	20	507.1	496.6	544.8	0.095	501.7	515.9
codec-U	U-nested-before	U-nested-before	ascii	core-ffi	decode-read	retain	20	819.5	751.1	1188.4	0.534	787.9	829.7
codec-U	U-nested-before	U-nested-before	ascii	core-ffi-pull	decode-read	retain	20	832.0	772.4	1198.7	0.512	798.7	855.0
codec-U	U-wire-ListTasksDetailedResponse-page-as-wt2	U-wire-ListTasksDetailedResponse-page-as-wt2	ascii	core-native	decode	drop	20	3631.4	3538.5	3881.3	0.094	3600.0	3680.8
codec-U	U-wire-ListTasksDetailedResponse-page-as-wt2	U-wire-ListTasksDetailedResponse-page-as-wt2	ascii	core-ffi	decode	drop	20	5742.0	5627.2	6111.6	0.084	5681.1	5859.5
codec-U	U-wire-ListTasksDetailedResponse-page-as-wt2	U-wire-ListTasksDetailedResponse-page-as-wt2	ascii	core-ffi-pull	decode	drop	20	5630.0	5490.3	6037.2	0.097	5572.5	5746.3
codec-U	U-wire-ListTasksDetailedResponse-page-as-wt2	U-wire-ListTasksDetailedResponse-page-as-wt2	ascii	core-native	decode	retain	20	3736.6	3649.4	4169.6	0.139	3710.3	3797.9
codec-U	U-wire-ListTasksDetailedResponse-page-as-wt2	U-wire-ListTasksDetailedResponse-page-as-wt2	ascii	core-ffi	decode	retain	20	5910.9	5849.7	7015.7	0.197	5885.4	5962.9
codec-U	U-wire-ListTasksDetailedResponse-page-as-wt2	U-wire-ListTasksDetailedResponse-page-as-wt2	ascii	core-ffi-pull	decode	retain	20	5833.0	5644.8	6271.1	0.107	5780.1	5900.2
codec-U	U-root-group	U-root-group	ascii	incumbent-prod	decode-read	default	20	697.9	643.2	735.3	0.132	679.2	708.0
codec-U	U-root-group	U-root-group	ascii	armonik	decode-read	default	20	724.3	678.8	764.5	0.118	700.4	739.1
codec-U	U-root-group	U-root-group	ascii	core-native	decode-read	drop	20	583.3	551.8	631.2	0.136	570.7	599.7
codec-U	U-root-group	U-root-group	ascii	core-ffi	decode-read	drop	20	908.4	849.2	966.0	0.129	892.9	916.4
codec-U	U-root-group	U-root-group	ascii	core-ffi-pull	decode-read	drop	20	916.1	861.0	971.1	0.120	905.2	921.6
codec-U	U-root-group	U-root-group	ascii	core-native	decode-read	retain	20	645.1	601.8	667.2	0.101	638.9	649.5
codec-U	U-root-group	U-root-group	ascii	core-ffi	decode-read	retain	20	1021.4	943.5	1271.7	0.321	1007.0	1037.5
codec-U	U-root-group	U-root-group	ascii	core-ffi-pull	decode-read	retain	20	984.7	930.2	1047.1	0.119	970.5	1011.2
codec-U	U-wire-ListTaskSummaryResponse-tasks-as-wt1	U-wire-ListTaskSummaryResponse-tasks-as-wt1	ascii	core-native	decode	drop	20	1709.3	1584.6	1922.7	0.198	1636.4	1780.6
codec-U	U-wire-ListTaskSummaryResponse-tasks-as-wt1	U-wire-ListTaskSummaryResponse-tasks-as-wt1	ascii	core-ffi	decode	drop	20	2414.6	2201.9	2804.0	0.249	2277.8	2521.1
codec-U	U-wire-ListTaskSummaryResponse-tasks-as-wt1	U-wire-ListTaskSummaryResponse-tasks-as-wt1	ascii	core-ffi-pull	decode	drop	20	2437.3	2211.6	2620.0	0.168	2280.0	2526.9
codec-U	U-wire-ListTaskSummaryResponse-tasks-as-wt1	U-wire-ListTaskSummaryResponse-tasks-as-wt1	ascii	core-native	decode	retain	20	1778.0	1658.5	1983.8	0.183	1746.5	1801.4
codec-U	U-wire-ListTaskSummaryResponse-tasks-as-wt1	U-wire-ListTaskSummaryResponse-tasks-as-wt1	ascii	core-ffi	decode	retain	20	2544.1	2330.0	2695.8	0.144	2459.1	2583.0
codec-U	U-wire-ListTaskSummaryResponse-tasks-as-wt1	U-wire-ListTaskSummaryResponse-tasks-as-wt1	ascii	core-ffi-pull	decode	retain	20	2514.7	2330.0	2725.0	0.157	2439.6	2611.6
codec-U	U-wire-ListTasksDetailedResponse-page-as-wt1	U-wire-ListTasksDetailedResponse-page-as-wt1	ascii	core-native	decode	drop	20	2976.0	2921.0	3219.2	0.100	2955.4	3010.9
codec-U	U-wire-ListTasksDetailedResponse-page-as-wt1	U-wire-ListTasksDetailedResponse-page-as-wt1	ascii	core-ffi	decode	drop	20	4802.1	4666.5	5085.0	0.087	4728.0	4895.8
codec-U	U-wire-ListTasksDetailedResponse-page-as-wt1	U-wire-ListTasksDetailedResponse-page-as-wt1	ascii	core-ffi-pull	decode	drop	20	4677.7	4586.6	5079.8	0.105	4636.4	4795.4
codec-U	U-wire-ListTasksDetailedResponse-page-as-wt1	U-wire-ListTasksDetailedResponse-page-as-wt1	ascii	core-native	decode	retain	20	3091.4	3011.3	3428.2	0.135	3055.0	3143.3
codec-U	U-wire-ListTasksDetailedResponse-page-as-wt1	U-wire-ListTasksDetailedResponse-page-as-wt1	ascii	core-ffi	decode	retain	20	4883.9	4745.8	5433.0	0.141	4851.7	5002.8
codec-U	U-wire-ListTasksDetailedResponse-page-as-wt1	U-wire-ListTasksDetailedResponse-page-as-wt1	ascii	core-ffi-pull	decode	retain	20	4817.8	4680.1	5234.2	0.115	4784.9	4852.4
codec-U	U-wire-ListTasksDetailedResponse-page-as-wt5	U-wire-ListTasksDetailedResponse-page-as-wt5	ascii	core-native	decode-read	drop	20	3033.2	2943.9	3290.7	0.114	2991.4	3171.7
codec-U	U-wire-ListTasksDetailedResponse-page-as-wt5	U-wire-ListTasksDetailedResponse-page-as-wt5	ascii	core-ffi	decode-read	drop	20	4697.9	4597.4	5020.9	0.090	4667.4	4878.3
codec-U	U-wire-ListTasksDetailedResponse-page-as-wt5	U-wire-ListTasksDetailedResponse-page-as-wt5	ascii	core-ffi-pull	decode-read	drop	20	4587.6	4476.0	4919.9	0.097	4542.7	4773.2
codec-U	U-wire-ListTasksDetailedResponse-page-as-wt5	U-wire-ListTasksDetailedResponse-page-as-wt5	ascii	core-native	decode-read	retain	20	3121.5	3029.2	3341.3	0.100	3086.4	3229.5
codec-U	U-wire-ListTasksDetailedResponse-page-as-wt5	U-wire-ListTasksDetailedResponse-page-as-wt5	ascii	core-ffi	decode-read	retain	20	4807.3	4723.2	5223.8	0.104	4777.2	5049.8
codec-U	U-wire-ListTasksDetailedResponse-page-as-wt5	U-wire-ListTasksDetailedResponse-page-as-wt5	ascii	core-ffi-pull	decode-read	retain	20	4706.2	4618.6	5114.9	0.105	4668.7	4984.4
codec-U	U-wire-ListTasksDetailedResponse-page-as-wt1	U-wire-ListTasksDetailedResponse-page-as-wt1	ascii	core-native	encode	drop	20	450.3	441.8	478.1	0.081	446.0	453.3
codec-U	U-wire-ListTasksDetailedResponse-page-as-wt1	U-wire-ListTasksDetailedResponse-page-as-wt1	ascii	core-ffi	encode	drop	20	905.5	889.6	970.0	0.089	900.4	926.9
codec-U	U-wire-ListTasksDetailedResponse-page-as-wt1	U-wire-ListTasksDetailedResponse-page-as-wt1	ascii	core-native	encode	retain	20	519.5	505.6	548.0	0.082	514.0	528.2
codec-U	U-wire-ListTasksDetailedResponse-page-as-wt1	U-wire-ListTasksDetailedResponse-page-as-wt1	ascii	core-ffi	encode	retain	20	945.6	922.5	976.7	0.057	935.9	949.8
codec-U	U-wire-UploadResultDataMessage-upload-as-wt1	U-wire-UploadResultDataMessage-upload-as-wt1	ascii	core-native	encode	drop	20	13.2	12.6	14.6	0.149	12.9	13.6
codec-U	U-wire-UploadResultDataMessage-upload-as-wt1	U-wire-UploadResultDataMessage-upload-as-wt1	ascii	core-ffi	encode	drop	20	26.0	25.0	27.3	0.089	25.7	26.2
codec-U	U-wire-UploadResultDataMessage-upload-as-wt1	U-wire-UploadResultDataMessage-upload-as-wt1	ascii	core-native	encode	retain	20	16.4	15.7	17.7	0.126	16.1	17.0
codec-U	U-wire-UploadResultDataMessage-upload-as-wt1	U-wire-UploadResultDataMessage-upload-as-wt1	ascii	core-ffi	encode	retain	20	28.5	27.7	30.4	0.097	28.2	28.8
codec-U	U-root-interleaved	U-root-interleaved	ascii	incumbent-prod	encode	default	20	491.2	469.7	537.0	0.137	483.5	502.0
codec-U	U-root-interleaved	U-root-interleaved	ascii	armonik	encode	default	20	511.7	487.4	571.8	0.165	501.8	525.7
codec-U	U-root-interleaved	U-root-interleaved	ascii	core-native	encode	drop	20	79.2	74.6	81.2	0.083	77.2	80.2
codec-U	U-root-interleaved	U-root-interleaved	ascii	core-ffi	encode	drop	20	153.8	144.0	159.6	0.101	149.1	156.1
codec-U	U-root-interleaved	U-root-interleaved	ascii	core-native	encode	retain	20	100.0	94.4	102.7	0.083	97.8	100.8
codec-U	U-root-interleaved	U-root-interleaved	ascii	core-ffi	encode	retain	20	168.3	153.6	175.4	0.129	158.6	172.1
codec-U	U-root-u-fixed32	U-root-u-fixed32	ascii	incumbent-prod	decode	default	20	557.8	482.7	699.7	0.389	518.5	575.9
codec-U	U-root-u-fixed32	U-root-u-fixed32	ascii	armonik	decode	default	20	550.7	484.2	639.9	0.283	516.4	596.3
codec-U	U-root-u-fixed32	U-root-u-fixed32	ascii	core-native	decode	drop	20	457.0	396.1	545.2	0.326	430.5	486.3
codec-U	U-root-u-fixed32	U-root-u-fixed32	ascii	core-ffi	decode	drop	20	737.2	634.9	883.6	0.337	686.0	839.5
codec-U	U-root-u-fixed32	U-root-u-fixed32	ascii	core-ffi-pull	decode	drop	20	736.1	639.1	869.6	0.313	692.1	816.8
codec-U	U-root-u-fixed32	U-root-u-fixed32	ascii	core-native	decode	retain	20	448.3	396.4	570.2	0.388	426.2	528.4
codec-U	U-root-u-fixed32	U-root-u-fixed32	ascii	core-ffi	decode	retain	20	785.0	691.1	1206.9	0.657	721.9	911.3
codec-U	U-root-u-fixed32	U-root-u-fixed32	ascii	core-ffi-pull	decode	retain	20	791.5	706.6	936.5	0.291	757.2	862.8
codec-U	U-element-u-fixed64	U-element-u-fixed64	ascii	incumbent-prod	encode	default	20	1326.1	1303.0	1410.0	0.081	1319.6	1339.5
codec-U	U-element-u-fixed64	U-element-u-fixed64	ascii	armonik	encode	default	20	1354.4	1332.6	1432.0	0.073	1343.6	1368.2
codec-U	U-element-u-fixed64	U-element-u-fixed64	ascii	core-native	encode	drop	20	251.3	245.7	259.1	0.053	248.9	252.7
codec-U	U-element-u-fixed64	U-element-u-fixed64	ascii	core-ffi	encode	drop	20	535.3	525.1	595.7	0.132	532.0	541.3
codec-U	U-element-u-fixed64	U-element-u-fixed64	ascii	core-native	encode	retain	20	297.8	287.9	324.2	0.122	294.6	301.7
codec-U	U-element-u-fixed64	U-element-u-fixed64	ascii	core-ffi	encode	retain	20	562.3	546.1	597.1	0.091	555.5	567.8
codec-U	U-element-u-varint	U-element-u-varint	ascii	incumbent-prod	decode-read	default	20	1907.2	1880.2	2089.2	0.110	1899.7	1937.8
codec-U	U-element-u-varint	U-element-u-varint	ascii	armonik	decode-read	default	20	1900.6	1835.3	2282.0	0.235	1890.0	1915.6
codec-U	U-element-u-varint	U-element-u-varint	ascii	core-native	decode-read	drop	20	1522.5	1468.8	1559.7	0.060	1514.5	1536.1
codec-U	U-element-u-varint	U-element-u-varint	ascii	core-ffi	decode-read	drop	20	2796.7	2750.0	2827.3	0.028	2782.0	2810.3
codec-U	U-element-u-varint	U-element-u-varint	ascii	core-ffi-pull	decode-read	drop	20	2714.8	2669.2	2831.8	0.060	2687.8	2743.8
codec-U	U-element-u-varint	U-element-u-varint	ascii	core-native	decode-read	retain	20	1561.1	1516.3	1618.0	0.065	1545.7	1567.1
codec-U	U-element-u-varint	U-element-u-varint	ascii	core-ffi	decode-read	retain	20	2951.6	2896.9	3043.6	0.050	2935.2	2969.8
codec-U	U-element-u-varint	U-element-u-varint	ascii	core-ffi-pull	decode-read	retain	20	2875.1	2810.5	2998.3	0.065	2846.0	2900.0
codec-U	U-element-u-msg	U-element-u-msg	ascii	incumbent-prod	decode	default	20	2046.6	1993.8	2566.1	0.280	2034.6	2070.3
codec-U	U-element-u-msg	U-element-u-msg	ascii	armonik	decode	default	20	1962.6	1734.5	2149.9	0.212	1764.1	1984.1
codec-U	U-element-u-msg	U-element-u-msg	ascii	core-native	decode	drop	20	1591.3	1371.8	1876.7	0.317	1399.6	1639.5
codec-U	U-element-u-msg	U-element-u-msg	ascii	core-ffi	decode	drop	20	2659.9	2624.1	3001.2	0.142	2651.3	2737.8
codec-U	U-element-u-msg	U-element-u-msg	ascii	core-ffi-pull	decode	drop	20	2639.7	2545.8	2852.9	0.116	2598.6	2723.6
codec-U	U-element-u-msg	U-element-u-msg	ascii	core-native	decode	retain	20	1674.5	1415.5	1798.5	0.229	1437.3	1712.5
codec-U	U-element-u-msg	U-element-u-msg	ascii	core-ffi	decode	retain	20	2864.7	2814.4	3363.3	0.192	2849.6	2907.2
codec-U	U-element-u-msg	U-element-u-msg	ascii	core-ffi-pull	decode	retain	20	2848.7	2759.5	2960.8	0.071	2795.9	2877.4
codec-U	U-oneof-u-packed	U-oneof-u-packed	ascii	incumbent-prod	decode	default	20	130.7	127.2	138.7	0.088	129.9	131.8
codec-U	U-oneof-u-packed	U-oneof-u-packed	ascii	armonik	decode	default	20	126.6	124.5	160.2	0.283	126.2	127.5
codec-U	U-oneof-u-packed	U-oneof-u-packed	ascii	core-native	decode	drop	20	91.8	90.6	109.6	0.207	91.2	92.2
codec-U	U-oneof-u-packed	U-oneof-u-packed	ascii	core-ffi	decode	drop	20	156.7	153.1	191.2	0.243	154.9	157.5
codec-U	U-oneof-u-packed	U-oneof-u-packed	ascii	core-ffi-pull	decode	drop	20	164.7	162.1	197.0	0.212	163.5	165.8
codec-U	U-oneof-u-packed	U-oneof-u-packed	ascii	core-native	decode	retain	20	106.7	105.2	108.3	0.029	105.8	107.5
codec-U	U-oneof-u-packed	U-oneof-u-packed	ascii	core-ffi	decode	retain	20	208.3	203.9	210.8	0.033	206.5	208.5
codec-U	U-oneof-u-packed	U-oneof-u-packed	ascii	core-ffi-pull	decode	retain	20	213.6	211.2	222.0	0.051	212.3	215.4
codec-U	U-root-u-packed	U-root-u-packed	ascii	incumbent-prod	decode-read	default	20	656.0	637.7	696.0	0.089	652.5	664.6
codec-U	U-root-u-packed	U-root-u-packed	ascii	armonik	decode-read	default	20	680.3	659.0	715.6	0.083	673.6	690.2
codec-U	U-root-u-packed	U-root-u-packed	ascii	core-native	decode-read	drop	20	578.0	559.8	598.8	0.068	571.4	585.0
codec-U	U-root-u-packed	U-root-u-packed	ascii	core-ffi	decode-read	drop	20	883.4	866.1	936.8	0.080	874.2	887.6
codec-U	U-root-u-packed	U-root-u-packed	ascii	core-ffi-pull	decode-read	drop	20	898.9	870.7	978.1	0.120	890.1	905.9
codec-U	U-root-u-packed	U-root-u-packed	ascii	core-native	decode-read	retain	20	625.1	615.8	662.4	0.075	622.9	642.2
codec-U	U-root-u-packed	U-root-u-packed	ascii	core-ffi	decode-read	retain	20	1009.9	979.3	1060.1	0.080	998.6	1021.1
codec-U	U-root-u-packed	U-root-u-packed	ascii	core-ffi-pull	decode-read	retain	20	984.6	963.4	1078.0	0.116	976.0	1007.5
codec-U	U-leaf-u-len	U-leaf-u-len	ascii	incumbent-prod	encode	default	20	270.9	264.1	279.5	0.057	268.2	274.0
codec-U	U-leaf-u-len	U-leaf-u-len	ascii	armonik	encode	default	20	278.6	274.0	290.9	0.061	275.9	281.1
codec-U	U-leaf-u-len	U-leaf-u-len	ascii	core-native	encode	drop	20	46.3	44.4	48.8	0.096	45.4	46.6
codec-U	U-leaf-u-len	U-leaf-u-len	ascii	core-ffi	encode	drop	20	97.3	94.4	103.6	0.094	95.6	99.3
codec-U	U-leaf-u-len	U-leaf-u-len	ascii	core-native	encode	retain	20	61.6	60.0	72.6	0.204	61.0	63.3
codec-U	U-leaf-u-len	U-leaf-u-len	ascii	core-ffi	encode	retain	20	109.8	106.4	113.6	0.066	108.7	110.8
codec-U	U-wire-ListResultsResponse-page-as-wt1	U-wire-ListResultsResponse-page-as-wt1	ascii	core-native	encode	drop	20	98.0	94.5	104.1	0.098	96.5	99.3
codec-U	U-wire-ListResultsResponse-page-as-wt1	U-wire-ListResultsResponse-page-as-wt1	ascii	core-ffi	encode	drop	20	187.7	183.8	195.6	0.063	186.8	189.6
codec-U	U-wire-ListResultsResponse-page-as-wt1	U-wire-ListResultsResponse-page-as-wt1	ascii	core-native	encode	retain	20	125.1	122.1	129.1	0.056	123.7	127.6
codec-U	U-wire-ListResultsResponse-page-as-wt1	U-wire-ListResultsResponse-page-as-wt1	ascii	core-ffi	encode	retain	20	204.5	199.7	219.7	0.098	203.4	207.2
codec-U	U-root-all	U-root-all	ascii	incumbent-prod	decode	default	20	715.2	701.0	732.4	0.044	709.2	723.2
codec-U	U-root-all	U-root-all	ascii	armonik	decode	default	20	739.0	717.9	772.5	0.074	733.3	745.2
codec-U	U-root-all	U-root-all	ascii	core-native	decode	drop	20	573.7	562.8	583.8	0.036	569.1	578.9
codec-U	U-root-all	U-root-all	ascii	core-ffi	decode	drop	20	897.8	879.7	945.2	0.073	892.5	908.1
codec-U	U-root-all	U-root-all	ascii	core-ffi-pull	decode	drop	20	912.4	898.3	932.6	0.038	906.1	921.6
codec-U	U-root-all	U-root-all	ascii	core-native	decode	retain	20	736.1	720.2	768.8	0.066	727.0	745.5
codec-U	U-root-all	U-root-all	ascii	core-ffi	decode	retain	20	1209.1	1196.0	1268.3	0.060	1206.2	1227.5
codec-U	U-root-all	U-root-all	ascii	core-ffi-pull	decode	retain	20	1219.6	1205.1	1257.2	0.043	1215.3	1227.6
codec-U	U-enum-value-packed	U-enum-value-packed	ascii	incumbent-prod	encode	default	20	105.0	102.3	112.7	0.099	104.0	107.2
codec-U	U-enum-value-packed	U-enum-value-packed	ascii	armonik	encode	default	20	150.6	144.7	156.0	0.075	147.5	153.7
codec-U	U-enum-value-packed	U-enum-value-packed	ascii	core-native	encode	drop	20	24.9	24.2	25.5	0.051	24.5	25.3
codec-U	U-enum-value-packed	U-enum-value-packed	ascii	core-ffi	encode	drop	20	77.7	76.6	79.8	0.042	76.9	78.0
codec-U	U-enum-value-packed	U-enum-value-packed	ascii	core-native	encode	retain	20	28.6	28.1	32.7	0.161	28.4	29.0
codec-U	U-enum-value-packed	U-enum-value-packed	ascii	core-ffi	encode	retain	20	75.0	74.1	77.8	0.050	74.3	75.4
codec-U	U-nested-u-fixed64	U-nested-u-fixed64	ascii	incumbent-prod	decode-read	default	20	314.2	308.7	332.7	0.077	310.9	319.7
codec-U	U-nested-u-fixed64	U-nested-u-fixed64	ascii	armonik	decode-read	default	20	318.9	311.5	331.5	0.063	317.3	322.4
codec-U	U-nested-u-fixed64	U-nested-u-fixed64	ascii	core-native	decode-read	drop	20	271.8	253.3	292.6	0.145	268.2	275.4
codec-U	U-nested-u-fixed64	U-nested-u-fixed64	ascii	core-ffi	decode-read	drop	20	433.0	418.8	540.1	0.280	431.0	440.8
codec-U	U-nested-u-fixed64	U-nested-u-fixed64	ascii	core-ffi-pull	decode-read	drop	20	445.7	435.5	460.9	0.057	443.2	449.6
codec-U	U-nested-u-fixed64	U-nested-u-fixed64	ascii	core-native	decode-read	retain	20	284.6	272.7	302.1	0.103	281.6	289.9
codec-U	U-nested-u-fixed64	U-nested-u-fixed64	ascii	core-ffi	decode-read	retain	20	495.3	483.4	540.3	0.115	491.2	503.6
codec-U	U-nested-u-fixed64	U-nested-u-fixed64	ascii	core-ffi-pull	decode-read	retain	20	501.9	491.2	528.5	0.074	500.2	506.6
codec-U	U-wire-ListTaskSummaryResponse-tasks-as-wt5	U-wire-ListTaskSummaryResponse-tasks-as-wt5	ascii	core-native	encode	drop	20	231.5	226.3	241.8	0.067	230.6	237.8
codec-U	U-wire-ListTaskSummaryResponse-tasks-as-wt5	U-wire-ListTaskSummaryResponse-tasks-as-wt5	ascii	core-ffi	encode	drop	20	512.8	501.0	542.5	0.081	508.8	518.4
codec-U	U-wire-ListTaskSummaryResponse-tasks-as-wt5	U-wire-ListTaskSummaryResponse-tasks-as-wt5	ascii	core-native	encode	retain	20	253.6	247.5	265.1	0.069	250.7	257.4
codec-U	U-wire-ListTaskSummaryResponse-tasks-as-wt5	U-wire-ListTaskSummaryResponse-tasks-as-wt5	ascii	core-ffi	encode	retain	20	512.0	495.3	528.4	0.065	507.8	520.0
codec-U	U-enum-value-127	U-enum-value-127	ascii	incumbent-prod	decode-read	default	20	81.3	80.3	88.9	0.106	80.8	82.1
codec-U	U-enum-value-127	U-enum-value-127	ascii	armonik	decode-read	default	20	118.6	117.0	124.9	0.067	117.6	119.7
codec-U	U-enum-value-127	U-enum-value-127	ascii	core-native	decode-read	drop	20	101.8	99.8	104.6	0.047	100.9	102.6
codec-U	U-enum-value-127	U-enum-value-127	ascii	core-ffi	decode-read	drop	20	138.4	128.0	142.4	0.104	137.6	138.9
codec-U	U-enum-value-127	U-enum-value-127	ascii	core-ffi-pull	decode-read	drop	20	152.8	140.4	162.4	0.144	152.1	153.7
codec-U	U-enum-value-127	U-enum-value-127	ascii	core-native	decode-read	retain	20	101.1	92.8	107.1	0.142	100.7	101.7
codec-U	U-enum-value-127	U-enum-value-127	ascii	core-ffi	decode-read	retain	20	150.3	148.7	153.4	0.031	149.8	151.4
codec-U	U-enum-value-127	U-enum-value-127	ascii	core-ffi-pull	decode-read	retain	20	166.1	162.8	167.9	0.031	165.8	166.9
codec-U	U-wire-UploadResultDataMessage-upload-as-wt5	U-wire-UploadResultDataMessage-upload-as-wt5	ascii	core-native	decode-read	drop	20	75.7	74.1	82.7	0.114	75.1	77.6
codec-U	U-wire-UploadResultDataMessage-upload-as-wt5	U-wire-UploadResultDataMessage-upload-as-wt5	ascii	core-ffi	decode-read	drop	20	132.1	129.1	139.9	0.081	131.4	133.8
codec-U	U-wire-UploadResultDataMessage-upload-as-wt5	U-wire-UploadResultDataMessage-upload-as-wt5	ascii	core-ffi-pull	decode-read	drop	20	135.2	132.8	144.9	0.089	134.2	136.8
codec-U	U-wire-UploadResultDataMessage-upload-as-wt5	U-wire-UploadResultDataMessage-upload-as-wt5	ascii	core-native	decode-read	retain	20	87.9	84.9	92.4	0.085	86.8	89.5
codec-U	U-wire-UploadResultDataMessage-upload-as-wt5	U-wire-UploadResultDataMessage-upload-as-wt5	ascii	core-ffi	decode-read	retain	20	170.9	169.2	182.7	0.079	169.7	173.3
codec-U	U-wire-UploadResultDataMessage-upload-as-wt5	U-wire-UploadResultDataMessage-upload-as-wt5	ascii	core-ffi-pull	decode-read	retain	20	174.1	171.3	183.8	0.072	172.5	176.4
codec-U	U-leaf-u-packed	U-leaf-u-packed	ascii	incumbent-prod	decode	default	20	261.8	245.0	285.7	0.156	252.8	266.2
codec-U	U-leaf-u-packed	U-leaf-u-packed	ascii	armonik	decode	default	20	267.4	248.8	286.8	0.142	261.1	276.2
codec-U	U-leaf-u-packed	U-leaf-u-packed	ascii	core-native	decode	drop	20	216.5	207.6	235.3	0.128	209.8	223.1
codec-U	U-leaf-u-packed	U-leaf-u-packed	ascii	core-ffi	decode	drop	20	350.0	340.8	451.4	0.316	344.1	359.1
codec-U	U-leaf-u-packed	U-leaf-u-packed	ascii	core-ffi-pull	decode	drop	20	365.6	348.4	495.4	0.402	357.7	373.1
codec-U	U-leaf-u-packed	U-leaf-u-packed	ascii	core-native	decode	retain	20	237.2	224.4	269.0	0.188	230.5	245.5
codec-U	U-leaf-u-packed	U-leaf-u-packed	ascii	core-ffi	decode	retain	20	418.5	397.9	448.9	0.122	412.9	424.8
codec-U	U-leaf-u-packed	U-leaf-u-packed	ascii	core-ffi-pull	decode	retain	20	441.0	416.4	503.5	0.198	427.2	449.2
codec-U	U-deep-u-fixed64	U-deep-u-fixed64	ascii	incumbent-prod	decode	default	20	2045.9	2007.6	2380.9	0.182	2031.7	2072.7
codec-U	U-deep-u-fixed64	U-deep-u-fixed64	ascii	armonik	decode	default	20	2018.4	1892.9	2198.9	0.152	1967.8	2058.1
codec-U	U-deep-u-fixed64	U-deep-u-fixed64	ascii	core-native	decode	drop	20	1629.8	1577.2	1705.6	0.079	1614.6	1657.2
codec-U	U-deep-u-fixed64	U-deep-u-fixed64	ascii	core-ffi	decode	drop	20	2703.5	2558.0	3680.1	0.415	2649.2	2753.3
codec-U	U-deep-u-fixed64	U-deep-u-fixed64	ascii	core-ffi-pull	decode	drop	20	2651.7	2604.1	5192.0	0.976	2632.1	2692.1
codec-U	U-deep-u-fixed64	U-deep-u-fixed64	ascii	core-native	decode	retain	20	1696.9	1643.1	1853.6	0.124	1676.2	1730.0
codec-U	U-deep-u-fixed64	U-deep-u-fixed64	ascii	core-ffi	decode	retain	20	2851.2	2733.6	2957.5	0.079	2790.6	2883.6
codec-U	U-deep-u-fixed64	U-deep-u-fixed64	ascii	core-ffi-pull	decode	retain	20	2847.4	2778.6	3027.5	0.087	2804.9	2907.4
codec-U	U-nested-interleaved	U-nested-interleaved	ascii	incumbent-prod	encode	default	20	259.7	246.5	275.8	0.113	251.0	265.2
codec-U	U-nested-interleaved	U-nested-interleaved	ascii	armonik	encode	default	20	270.9	259.2	282.9	0.088	264.4	277.9
codec-U	U-nested-interleaved	U-nested-interleaved	ascii	core-native	encode	drop	20	44.6	42.4	46.6	0.094	43.6	45.5
codec-U	U-nested-interleaved	U-nested-interleaved	ascii	core-ffi	encode	drop	20	92.8	89.9	98.1	0.088	91.8	95.1
codec-U	U-nested-interleaved	U-nested-interleaved	ascii	core-native	encode	retain	20	57.8	54.2	62.0	0.134	57.0	58.7
codec-U	U-nested-interleaved	U-nested-interleaved	ascii	core-ffi	encode	retain	20	102.9	99.8	111.6	0.115	102.1	106.0
codec-U	U-deep-u-len	U-deep-u-len	ascii	incumbent-prod	decode	default	20	2082.8	1921.1	2170.7	0.120	1982.5	2120.7
codec-U	U-deep-u-len	U-deep-u-len	ascii	armonik	decode	default	20	1990.4	1859.8	2106.4	0.124	1948.7	2037.4
codec-U	U-deep-u-len	U-deep-u-len	ascii	core-native	decode	drop	20	1637.7	1527.6	1714.9	0.114	1583.6	1656.0
codec-U	U-deep-u-len	U-deep-u-len	ascii	core-ffi	decode	drop	20	2695.7	2503.7	2928.3	0.158	2642.1	2729.2
codec-U	U-deep-u-len	U-deep-u-len	ascii	core-ffi-pull	decode	drop	20	2649.8	2508.8	2887.4	0.143	2592.7	2685.9
codec-U	U-deep-u-len	U-deep-u-len	ascii	core-native	decode	retain	20	1679.1	1555.5	1802.2	0.147	1645.2	1702.4
codec-U	U-deep-u-len	U-deep-u-len	ascii	core-ffi	decode	retain	20	2805.1	2592.3	3041.0	0.160	2716.5	2850.7
codec-U	U-deep-u-len	U-deep-u-len	ascii	core-ffi-pull	decode	retain	20	2798.0	2685.0	3101.2	0.149	2746.1	2841.5
codec-U	U-deep-u-len	U-deep-u-len	ascii	incumbent-prod	decode-read	default	20	2155.2	2070.1	2246.7	0.082	2127.2	2215.3
codec-U	U-deep-u-len	U-deep-u-len	ascii	armonik	decode-read	default	20	2079.6	1879.3	2165.3	0.138	1949.4	2106.7
codec-U	U-deep-u-len	U-deep-u-len	ascii	core-native	decode-read	drop	20	1694.2	1539.1	1793.1	0.150	1566.3	1732.9
codec-U	U-deep-u-len	U-deep-u-len	ascii	core-ffi	decode-read	drop	20	2784.0	2715.6	3050.8	0.120	2757.1	2855.8
codec-U	U-deep-u-len	U-deep-u-len	ascii	core-ffi-pull	decode-read	drop	20	2765.3	2648.5	2927.0	0.101	2715.7	2808.9
codec-U	U-deep-u-len	U-deep-u-len	ascii	core-native	decode-read	retain	20	1783.1	1573.7	1890.1	0.177	1617.9	1804.2
codec-U	U-deep-u-len	U-deep-u-len	ascii	core-ffi	decode-read	retain	20	2975.6	2855.9	3174.3	0.107	2935.8	3009.1
codec-U	U-deep-u-len	U-deep-u-len	ascii	core-ffi-pull	decode-read	retain	20	2915.0	2848.8	3079.1	0.079	2874.5	2968.4
codec-U	U-wire-ListResultsResponse-page-as-wt2	U-wire-ListResultsResponse-page-as-wt2	ascii	core-native	decode	drop	20	549.0	535.7	569.1	0.061	542.8	559.4
codec-U	U-wire-ListResultsResponse-page-as-wt2	U-wire-ListResultsResponse-page-as-wt2	ascii	core-ffi	decode	drop	20	883.9	847.7	942.7	0.107	867.0	900.5
codec-U	U-wire-ListResultsResponse-page-as-wt2	U-wire-ListResultsResponse-page-as-wt2	ascii	core-ffi-pull	decode	drop	20	895.1	847.7	987.8	0.156	873.0	905.2
codec-U	U-wire-ListResultsResponse-page-as-wt2	U-wire-ListResultsResponse-page-as-wt2	ascii	core-native	decode	retain	20	557.5	536.3	624.4	0.158	550.0	568.4
codec-U	U-wire-ListResultsResponse-page-as-wt2	U-wire-ListResultsResponse-page-as-wt2	ascii	core-ffi	decode	retain	20	952.4	901.4	1066.3	0.173	932.2	975.2
codec-U	U-wire-ListResultsResponse-page-as-wt2	U-wire-ListResultsResponse-page-as-wt2	ascii	core-ffi-pull	decode	retain	20	952.9	932.0	1015.8	0.088	946.6	968.2
codec-U	U-nested-interleaved	U-nested-interleaved	ascii	incumbent-prod	decode	default	20	394.2	377.9	408.8	0.079	390.2	398.4
codec-U	U-nested-interleaved	U-nested-interleaved	ascii	armonik	decode	default	20	397.0	383.0	440.8	0.146	390.6	398.1
codec-U	U-nested-interleaved	U-nested-interleaved	ascii	core-native	decode	drop	20	294.1	284.1	318.2	0.116	291.9	296.3
codec-U	U-nested-interleaved	U-nested-interleaved	ascii	core-ffi	decode	drop	20	464.5	455.7	518.8	0.136	461.3	470.6
codec-U	U-nested-interleaved	U-nested-interleaved	ascii	core-ffi-pull	decode	drop	20	475.9	464.9	563.5	0.207	471.8	480.5
codec-U	U-nested-interleaved	U-nested-interleaved	ascii	core-native	decode	retain	20	483.5	473.7	520.0	0.096	481.0	491.1
codec-U	U-nested-interleaved	U-nested-interleaved	ascii	core-ffi	decode	retain	20	790.8	777.1	847.2	0.089	783.0	796.3
codec-U	U-nested-interleaved	U-nested-interleaved	ascii	core-ffi-pull	decode	retain	20	799.7	779.5	853.5	0.093	788.2	815.9
codec-U	U-root-u-repeated	U-root-u-repeated	ascii	incumbent-prod	decode	default	20	646.3	632.7	657.4	0.038	640.5	649.9
codec-U	U-root-u-repeated	U-root-u-repeated	ascii	armonik	decode	default	20	666.1	634.0	702.3	0.103	654.4	675.2
codec-U	U-root-u-repeated	U-root-u-repeated	ascii	core-native	decode	drop	20	545.7	513.1	573.4	0.110	521.2	550.2
codec-U	U-root-u-repeated	U-root-u-repeated	ascii	core-ffi	decode	drop	20	849.2	817.3	882.6	0.077	831.9	864.9
codec-U	U-root-u-repeated	U-root-u-repeated	ascii	core-ffi-pull	decode	drop	20	862.1	831.6	918.5	0.101	843.5	870.9
codec-U	U-root-u-repeated	U-root-u-repeated	ascii	core-native	decode	retain	20	622.6	558.5	652.1	0.150	563.5	629.8
codec-U	U-root-u-repeated	U-root-u-repeated	ascii	core-ffi	decode	retain	20	949.7	900.8	993.8	0.098	927.5	959.3
codec-U	U-root-u-repeated	U-root-u-repeated	ascii	core-ffi-pull	decode	retain	20	961.7	916.7	979.2	0.065	952.2	967.1
codec-U	U-leaf-u-fixed64	U-leaf-u-fixed64	ascii	incumbent-prod	encode	default	20	267.3	262.1	273.8	0.044	264.8	269.0
codec-U	U-leaf-u-fixed64	U-leaf-u-fixed64	ascii	armonik	encode	default	20	277.2	275.0	283.7	0.031	276.1	278.5
codec-U	U-leaf-u-fixed64	U-leaf-u-fixed64	ascii	core-native	encode	drop	20	46.8	45.7	48.8	0.066	46.4	47.4
codec-U	U-leaf-u-fixed64	U-leaf-u-fixed64	ascii	core-ffi	encode	drop	20	95.4	94.0	97.4	0.035	94.7	96.3
codec-U	U-leaf-u-fixed64	U-leaf-u-fixed64	ascii	core-native	encode	retain	20	60.1	58.8	61.6	0.047	59.2	60.3
codec-U	U-leaf-u-fixed64	U-leaf-u-fixed64	ascii	core-ffi	encode	retain	20	107.8	105.9	113.7	0.073	107.4	109.0
codec-U	U-oneof-u-fixed32	U-oneof-u-fixed32	ascii	incumbent-prod	decode	default	20	128.8	125.9	132.2	0.048	128.0	129.4
codec-U	U-oneof-u-fixed32	U-oneof-u-fixed32	ascii	armonik	decode	default	20	126.0	123.1	131.4	0.066	125.4	126.9
codec-U	U-oneof-u-fixed32	U-oneof-u-fixed32	ascii	core-native	decode	drop	20	91.9	90.8	111.1	0.221	91.4	92.6
codec-U	U-oneof-u-fixed32	U-oneof-u-fixed32	ascii	core-ffi	decode	drop	20	155.1	151.9	160.8	0.057	154.2	157.0
codec-U	U-oneof-u-fixed32	U-oneof-u-fixed32	ascii	core-ffi-pull	decode	drop	20	164.2	162.4	181.5	0.116	163.4	165.4
codec-U	U-oneof-u-fixed32	U-oneof-u-fixed32	ascii	core-native	decode	retain	20	106.6	104.6	110.4	0.055	106.1	107.5
codec-U	U-oneof-u-fixed32	U-oneof-u-fixed32	ascii	core-ffi	decode	retain	20	206.1	203.0	216.4	0.065	204.5	208.2
codec-U	U-oneof-u-fixed32	U-oneof-u-fixed32	ascii	core-ffi-pull	decode	retain	20	213.2	210.3	217.5	0.034	212.9	214.5
codec-U	U-deep-u-fixed64	U-deep-u-fixed64	ascii	incumbent-prod	encode	default	20	1358.0	1236.6	1747.4	0.376	1282.4	1383.2
codec-U	U-deep-u-fixed64	U-deep-u-fixed64	ascii	armonik	encode	default	20	1353.2	1237.5	1465.5	0.168	1288.4	1401.9
codec-U	U-deep-u-fixed64	U-deep-u-fixed64	ascii	core-native	encode	drop	20	248.6	226.8	262.7	0.144	232.9	254.3
codec-U	U-deep-u-fixed64	U-deep-u-fixed64	ascii	core-ffi	encode	drop	20	536.7	494.9	665.9	0.319	507.8	553.6
codec-U	U-deep-u-fixed64	U-deep-u-fixed64	ascii	core-native	encode	retain	20	298.3	272.1	438.7	0.558	279.2	308.9
codec-U	U-deep-u-fixed64	U-deep-u-fixed64	ascii	core-ffi	encode	retain	20	564.4	506.6	590.9	0.149	530.4	572.5
codec-U	U-leaf-all	U-leaf-all	ascii	incumbent-prod	decode	default	20	491.8	477.5	521.0	0.088	487.6	498.9
codec-U	U-leaf-all	U-leaf-all	ascii	armonik	decode	default	20	502.7	483.1	524.2	0.082	496.3	508.4
codec-U	U-leaf-all	U-leaf-all	ascii	core-native	decode	drop	20	323.0	311.6	355.1	0.134	319.3	327.8
codec-U	U-leaf-all	U-leaf-all	ascii	core-ffi	decode	drop	20	505.6	492.0	537.4	0.090	501.5	516.2
codec-U	U-leaf-all	U-leaf-all	ascii	core-ffi-pull	decode	drop	20	525.4	508.1	562.8	0.104	517.1	529.3
codec-U	U-leaf-all	U-leaf-all	ascii	core-native	decode	retain	20	761.8	720.0	791.0	0.093	740.5	771.8
codec-U	U-leaf-all	U-leaf-all	ascii	core-ffi	decode	retain	20	1165.6	1100.9	1237.4	0.117	1152.7	1195.4
codec-U	U-leaf-all	U-leaf-all	ascii	core-ffi-pull	decode	retain	20	1172.0	1135.2	1428.0	0.250	1156.0	1190.1
codec-U	U-leaf-u-varint	U-leaf-u-varint	ascii	incumbent-prod	decode	default	20	336.1	325.4	364.4	0.116	327.8	344.3
codec-U	U-leaf-u-varint	U-leaf-u-varint	ascii	armonik	decode	default	20	327.8	307.7	356.3	0.148	313.1	332.9
codec-U	U-leaf-u-varint	U-leaf-u-varint	ascii	core-native	decode	drop	20	258.1	233.1	292.3	0.229	234.2	261.9
codec-U	U-leaf-u-varint	U-leaf-u-varint	ascii	core-ffi	decode	drop	20	423.8	396.0	461.2	0.154	401.2	435.3
codec-U	U-leaf-u-varint	U-leaf-u-varint	ascii	core-ffi-pull	decode	drop	20	435.6	410.8	456.9	0.106	423.3	442.8
codec-U	U-leaf-u-varint	U-leaf-u-varint	ascii	core-native	decode	retain	20	292.9	267.7	307.6	0.136	276.2	299.3
codec-U	U-leaf-u-varint	U-leaf-u-varint	ascii	core-ffi	decode	retain	20	514.0	477.8	526.5	0.095	496.2	520.5
codec-U	U-leaf-u-varint	U-leaf-u-varint	ascii	core-ffi-pull	decode	retain	20	520.7	496.2	543.5	0.091	513.3	527.3
codec-U	U-deep-u-packed	U-deep-u-packed	ascii	incumbent-prod	decode-read	default	20	2169.2	2136.4	2330.0	0.089	2153.5	2194.7
codec-U	U-deep-u-packed	U-deep-u-packed	ascii	armonik	decode-read	default	20	2134.5	2075.5	2385.4	0.145	2107.1	2145.0
codec-U	U-deep-u-packed	U-deep-u-packed	ascii	core-native	decode-read	drop	20	1748.9	1734.0	1970.3	0.135	1739.7	1763.2
codec-U	U-deep-u-packed	U-deep-u-packed	ascii	core-ffi	decode-read	drop	20	2819.2	2769.7	3132.0	0.129	2795.6	2838.6
codec-U	U-deep-u-packed	U-deep-u-packed	ascii	core-ffi-pull	decode-read	drop	20	2804.7	2711.9	3346.8	0.226	2768.8	2860.6
codec-U	U-deep-u-packed	U-deep-u-packed	ascii	core-native	decode-read	retain	20	1791.9	1754.2	2017.5	0.147	1785.4	1830.1
codec-U	U-deep-u-packed	U-deep-u-packed	ascii	core-ffi	decode-read	retain	20	2973.7	2879.2	3155.8	0.093	2943.4	3016.1
codec-U	U-deep-u-packed	U-deep-u-packed	ascii	core-ffi-pull	decode-read	retain	20	2949.6	2881.3	3118.2	0.080	2912.4	3005.6
codec-U	U-deep-u-varint	U-deep-u-varint	ascii	incumbent-prod	decode-read	default	20	1784.9	1675.1	2264.4	0.330	1760.6	2158.7
codec-U	U-deep-u-varint	U-deep-u-varint	ascii	armonik	decode-read	default	20	1764.6	1633.3	2241.4	0.345	1679.9	2090.1
codec-U	U-deep-u-varint	U-deep-u-varint	ascii	core-native	decode-read	drop	20	1457.1	1364.9	2007.9	0.441	1409.3	1744.3
codec-U	U-deep-u-varint	U-deep-u-varint	ascii	core-ffi	decode-read	drop	20	2339.7	2175.7	2992.8	0.349	2238.9	2812.7
codec-U	U-deep-u-varint	U-deep-u-varint	ascii	core-ffi-pull	decode-read	drop	20	2285.0	2179.6	3179.7	0.438	2261.5	2786.8
codec-U	U-deep-u-varint	U-deep-u-varint	ascii	core-native	decode-read	retain	20	1483.8	1404.8	1951.1	0.368	1450.8	1810.6
codec-U	U-deep-u-varint	U-deep-u-varint	ascii	core-ffi	decode-read	retain	20	2444.9	2305.5	3275.8	0.397	2391.1	2991.8
codec-U	U-deep-u-varint	U-deep-u-varint	ascii	core-ffi-pull	decode-read	retain	20	2431.7	2300.4	3110.7	0.333	2360.9	2930.2
codec-U	U-wire-ListMetricsResponse-batches-as-wt0	U-wire-ListMetricsResponse-batches-as-wt0	ascii	core-native	decode	drop	20	1326.3	1204.5	1425.7	0.167	1302.4	1340.0
codec-U	U-wire-ListMetricsResponse-batches-as-wt0	U-wire-ListMetricsResponse-batches-as-wt0	ascii	core-ffi	decode	drop	20	1222.4	1155.6	1338.8	0.150	1190.3	1247.4
codec-U	U-wire-ListMetricsResponse-batches-as-wt0	U-wire-ListMetricsResponse-batches-as-wt0	ascii	core-ffi-pull	decode	drop	20	1106.8	1053.6	1261.6	0.188	1095.8	1156.1
codec-U	U-wire-ListMetricsResponse-batches-as-wt0	U-wire-ListMetricsResponse-batches-as-wt0	ascii	core-native	decode	retain	20	1327.6	1150.8	1505.4	0.267	1295.2	1374.1
codec-U	U-wire-ListMetricsResponse-batches-as-wt0	U-wire-ListMetricsResponse-batches-as-wt0	ascii	core-ffi	decode	retain	20	1240.8	1192.1	1382.6	0.154	1211.5	1290.1
codec-U	U-wire-ListMetricsResponse-batches-as-wt0	U-wire-ListMetricsResponse-batches-as-wt0	ascii	core-ffi-pull	decode	retain	20	1133.2	1079.7	1256.6	0.156	1111.0	1154.6
codec-U	U-leaf-u-msg	U-leaf-u-msg	ascii	incumbent-prod	decode	default	20	307.3	294.0	332.2	0.124	298.1	315.4
codec-U	U-leaf-u-msg	U-leaf-u-msg	ascii	armonik	decode	default	20	302.8	291.3	326.4	0.116	300.1	309.4
codec-U	U-leaf-u-msg	U-leaf-u-msg	ascii	core-native	decode	drop	20	239.5	225.9	253.1	0.114	237.0	243.8
codec-U	U-leaf-u-msg	U-leaf-u-msg	ascii	core-ffi	decode	drop	20	400.6	387.4	424.1	0.092	394.4	409.7
codec-U	U-leaf-u-msg	U-leaf-u-msg	ascii	core-ffi-pull	decode	drop	20	410.6	395.5	445.4	0.122	406.7	418.1
codec-U	U-leaf-u-msg	U-leaf-u-msg	ascii	core-native	decode	retain	20	264.2	257.1	283.1	0.099	260.9	268.3
codec-U	U-leaf-u-msg	U-leaf-u-msg	ascii	core-ffi	decode	retain	20	486.0	463.3	530.9	0.139	480.2	498.4
codec-U	U-leaf-u-msg	U-leaf-u-msg	ascii	core-ffi-pull	decode	retain	20	487.3	477.5	528.5	0.104	483.6	517.3
codec-U	U-wire-DualResponse-left-as-wt5	U-wire-DualResponse-left-as-wt5	ascii	core-native	decode	drop	20	171.8	161.2	177.0	0.092	167.5	172.9
codec-U	U-wire-DualResponse-left-as-wt5	U-wire-DualResponse-left-as-wt5	ascii	core-ffi	decode	drop	20	247.4	229.5	276.8	0.191	238.0	249.3
codec-U	U-wire-DualResponse-left-as-wt5	U-wire-DualResponse-left-as-wt5	ascii	core-ffi-pull	decode	drop	20	258.0	243.0	282.5	0.153	252.1	266.0
codec-U	U-wire-DualResponse-left-as-wt5	U-wire-DualResponse-left-as-wt5	ascii	core-native	decode	retain	20	182.8	173.8	212.1	0.210	178.3	186.9
codec-U	U-wire-DualResponse-left-as-wt5	U-wire-DualResponse-left-as-wt5	ascii	core-ffi	decode	retain	20	302.1	283.8	315.0	0.103	290.6	305.7
codec-U	U-wire-DualResponse-left-as-wt5	U-wire-DualResponse-left-as-wt5	ascii	core-ffi-pull	decode	retain	20	323.1	302.1	331.5	0.091	311.0	326.2
codec-U	U-deep-u-msg	U-deep-u-msg	ascii	incumbent-prod	decode	default	20	1946.1	1884.2	2010.9	0.065	1936.0	1959.5
codec-U	U-deep-u-msg	U-deep-u-msg	ascii	armonik	decode	default	20	1893.4	1863.4	1990.2	0.067	1882.8	1903.9
codec-U	U-deep-u-msg	U-deep-u-msg	ascii	core-native	decode	drop	20	1517.9	1490.2	1782.4	0.192	1502.0	1550.3
codec-U	U-deep-u-msg	U-deep-u-msg	ascii	core-ffi	decode	drop	20	2681.4	2634.0	2836.8	0.076	2660.2	2733.9
codec-U	U-deep-u-msg	U-deep-u-msg	ascii	core-ffi-pull	decode	drop	20	2651.2	2597.6	2868.0	0.102	2639.5	2660.8
codec-U	U-deep-u-msg	U-deep-u-msg	ascii	core-native	decode	retain	20	1551.8	1529.7	1596.4	0.043	1543.4	1563.8
codec-U	U-deep-u-msg	U-deep-u-msg	ascii	core-ffi	decode	retain	20	2878.6	2821.9	3038.7	0.075	2863.9	2906.5
codec-U	U-deep-u-msg	U-deep-u-msg	ascii	core-ffi-pull	decode	retain	20	2795.9	2741.4	2900.2	0.057	2764.1	2832.8
codec-U	U-wire-ListProbeResponse-probes-as-wt1	U-wire-ListProbeResponse-probes-as-wt1	ascii	core-native	decode	drop	20	194.0	150.8	203.3	0.271	152.4	195.7
codec-U	U-wire-ListProbeResponse-probes-as-wt1	U-wire-ListProbeResponse-probes-as-wt1	ascii	core-ffi	decode	drop	20	312.1	243.6	328.1	0.271	247.4	314.4
codec-U	U-wire-ListProbeResponse-probes-as-wt1	U-wire-ListProbeResponse-probes-as-wt1	ascii	core-ffi-pull	decode	drop	20	328.8	257.5	350.9	0.284	260.9	331.4
codec-U	U-wire-ListProbeResponse-probes-as-wt1	U-wire-ListProbeResponse-probes-as-wt1	ascii	core-native	decode	retain	20	205.4	160.0	230.9	0.345	165.3	209.0
codec-U	U-wire-ListProbeResponse-probes-as-wt1	U-wire-ListProbeResponse-probes-as-wt1	ascii	core-ffi	decode	retain	20	363.4	283.4	449.1	0.456	298.8	369.1
codec-U	U-wire-ListProbeResponse-probes-as-wt1	U-wire-ListProbeResponse-probes-as-wt1	ascii	core-ffi-pull	decode	retain	20	378.2	293.5	402.5	0.288	309.0	382.3
codec-U	U-wire-ListTasksDetailedResponse-page-as-wt1	U-wire-ListTasksDetailedResponse-page-as-wt1	ascii	core-native	decode-read	drop	20	3748.4	3648.3	4296.9	0.173	3723.6	3811.1
codec-U	U-wire-ListTasksDetailedResponse-page-as-wt1	U-wire-ListTasksDetailedResponse-page-as-wt1	ascii	core-ffi	decode-read	drop	20	5948.2	5645.1	6358.3	0.120	5872.5	6043.8
codec-U	U-wire-ListTasksDetailedResponse-page-as-wt1	U-wire-ListTasksDetailedResponse-page-as-wt1	ascii	core-ffi-pull	decode-read	drop	20	5782.7	5609.1	5970.9	0.063	5707.9	5878.1
codec-U	U-wire-ListTasksDetailedResponse-page-as-wt1	U-wire-ListTasksDetailedResponse-page-as-wt1	ascii	core-native	decode-read	retain	20	3823.5	3634.5	4022.9	0.102	3765.7	3864.8
codec-U	U-wire-ListTasksDetailedResponse-page-as-wt1	U-wire-ListTasksDetailedResponse-page-as-wt1	ascii	core-ffi	decode-read	retain	20	6075.2	5801.4	6404.7	0.099	6018.5	6159.1
codec-U	U-wire-ListTasksDetailedResponse-page-as-wt1	U-wire-ListTasksDetailedResponse-page-as-wt1	ascii	core-ffi-pull	decode-read	retain	20	5987.9	5713.3	6188.2	0.079	5945.8	6061.7
codec-U	U-root-u-packed	U-root-u-packed	ascii	incumbent-prod	encode	default	20	621.3	597.8	644.9	0.076	607.8	626.6
codec-U	U-root-u-packed	U-root-u-packed	ascii	armonik	encode	default	20	644.7	621.6	721.0	0.154	633.5	651.0
codec-U	U-root-u-packed	U-root-u-packed	ascii	core-native	encode	drop	20	97.7	96.0	102.4	0.065	96.7	98.5
codec-U	U-root-u-packed	U-root-u-packed	ascii	core-ffi	encode	drop	20	190.4	185.4	201.4	0.084	187.6	191.1
codec-U	U-root-u-packed	U-root-u-packed	ascii	core-native	encode	retain	20	128.4	125.4	133.9	0.066	127.4	129.6
codec-U	U-root-u-packed	U-root-u-packed	ascii	core-ffi	encode	retain	20	206.0	201.1	233.4	0.157	204.9	209.6
codec-U	U-wire-DualResponse-left-as-wt5	U-wire-DualResponse-left-as-wt5	ascii	core-native	decode-read	drop	20	185.3	179.4	191.2	0.064	183.4	187.4
codec-U	U-wire-DualResponse-left-as-wt5	U-wire-DualResponse-left-as-wt5	ascii	core-ffi	decode-read	drop	20	258.1	254.4	318.6	0.249	256.0	259.6
codec-U	U-wire-DualResponse-left-as-wt5	U-wire-DualResponse-left-as-wt5	ascii	core-ffi-pull	decode-read	drop	20	278.3	274.9	292.7	0.064	277.4	282.6
codec-U	U-wire-DualResponse-left-as-wt5	U-wire-DualResponse-left-as-wt5	ascii	core-native	decode-read	retain	20	198.5	195.5	204.6	0.046	196.3	200.2
codec-U	U-wire-DualResponse-left-as-wt5	U-wire-DualResponse-left-as-wt5	ascii	core-ffi	decode-read	retain	20	319.4	312.3	335.0	0.071	318.0	322.0
codec-U	U-wire-DualResponse-left-as-wt5	U-wire-DualResponse-left-as-wt5	ascii	core-ffi-pull	decode-read	retain	20	336.5	332.4	342.7	0.031	335.7	339.1
codec-U	U-deep-all	U-deep-all	ascii	incumbent-prod	encode	default	20	1327.8	1302.0	1447.8	0.110	1315.4	1348.0
codec-U	U-deep-all	U-deep-all	ascii	armonik	encode	default	20	1351.7	1327.2	1430.8	0.077	1344.0	1367.7
codec-U	U-deep-all	U-deep-all	ascii	core-native	encode	drop	20	251.1	244.7	260.3	0.062	250.1	256.0
codec-U	U-deep-all	U-deep-all	ascii	core-ffi	encode	drop	20	541.9	527.0	557.9	0.057	536.3	547.3
codec-U	U-deep-all	U-deep-all	ascii	core-native	encode	retain	20	299.1	295.0	309.2	0.047	297.4	302.8
codec-U	U-deep-all	U-deep-all	ascii	core-ffi	encode	retain	20	563.9	552.9	596.1	0.077	560.0	576.0
codec-U	U-wire-ListTasksDetailedResponse-page-as-wt2	U-wire-ListTasksDetailedResponse-page-as-wt2	ascii	core-native	encode	drop	20	573.1	556.0	618.0	0.108	564.3	592.3
codec-U	U-wire-ListTasksDetailedResponse-page-as-wt2	U-wire-ListTasksDetailedResponse-page-as-wt2	ascii	core-ffi	encode	drop	20	1148.7	1124.7	1251.2	0.110	1143.0	1164.6
codec-U	U-wire-ListTasksDetailedResponse-page-as-wt2	U-wire-ListTasksDetailedResponse-page-as-wt2	ascii	core-native	encode	retain	20	666.0	645.1	745.5	0.151	657.1	677.1
codec-U	U-wire-ListTasksDetailedResponse-page-as-wt2	U-wire-ListTasksDetailedResponse-page-as-wt2	ascii	core-ffi	encode	retain	20	1223.5	1185.2	1353.7	0.138	1207.9	1250.5
codec-U	U-wire-ListMetricsResponse-batches-as-wt1	U-wire-ListMetricsResponse-batches-as-wt1	ascii	core-native	decode	drop	20	1691.8	1572.9	1922.8	0.207	1662.0	1730.3
codec-U	U-wire-ListMetricsResponse-batches-as-wt1	U-wire-ListMetricsResponse-batches-as-wt1	ascii	core-ffi	decode	drop	20	1528.8	1472.6	1696.8	0.147	1502.9	1551.5
codec-U	U-wire-ListMetricsResponse-batches-as-wt1	U-wire-ListMetricsResponse-batches-as-wt1	ascii	core-ffi-pull	decode	drop	20	1393.3	1331.8	1516.4	0.132	1362.6	1448.2
codec-U	U-wire-ListMetricsResponse-batches-as-wt1	U-wire-ListMetricsResponse-batches-as-wt1	ascii	core-native	decode	retain	20	1733.7	1618.3	1880.6	0.151	1700.4	1797.5
codec-U	U-wire-ListMetricsResponse-batches-as-wt1	U-wire-ListMetricsResponse-batches-as-wt1	ascii	core-ffi	decode	retain	20	1578.9	1523.0	1768.0	0.155	1563.2	1610.1
codec-U	U-wire-ListMetricsResponse-batches-as-wt1	U-wire-ListMetricsResponse-batches-as-wt1	ascii	core-ffi-pull	decode	retain	20	1454.7	1402.4	1662.6	0.179	1426.8	1481.8
codec-U	U-nested-interleaved	U-nested-interleaved	ascii	incumbent-prod	decode-read	default	20	405.3	394.2	438.4	0.109	398.6	411.0
codec-U	U-nested-interleaved	U-nested-interleaved	ascii	armonik	decode-read	default	20	407.9	383.3	417.1	0.083	401.7	410.3
codec-U	U-nested-interleaved	U-nested-interleaved	ascii	core-native	decode-read	drop	20	304.9	291.8	322.1	0.100	297.2	308.1
codec-U	U-nested-interleaved	U-nested-interleaved	ascii	core-ffi	decode-read	drop	20	471.9	457.3	518.3	0.129	465.0	480.2
codec-U	U-nested-interleaved	U-nested-interleaved	ascii	core-ffi-pull	decode-read	drop	20	486.9	470.1	506.7	0.075	478.9	491.5
codec-U	U-nested-interleaved	U-nested-interleaved	ascii	core-native	decode-read	retain	20	498.9	489.1	517.6	0.057	493.0	508.1
codec-U	U-nested-interleaved	U-nested-interleaved	ascii	core-ffi	decode-read	retain	20	826.2	742.7	874.2	0.159	766.7	834.0
codec-U	U-nested-interleaved	U-nested-interleaved	ascii	core-ffi-pull	decode-read	retain	20	828.4	761.4	863.5	0.123	782.4	833.8
codec-U	U-nested-u-fixed32	U-nested-u-fixed32	ascii	incumbent-prod	decode-read	default	20	319.5	308.8	327.3	0.058	316.0	323.0
codec-U	U-nested-u-fixed32	U-nested-u-fixed32	ascii	armonik	decode-read	default	20	320.6	304.3	435.3	0.409	313.9	324.4
codec-U	U-nested-u-fixed32	U-nested-u-fixed32	ascii	core-native	decode-read	drop	20	269.4	256.9	331.7	0.278	262.7	275.3
codec-U	U-nested-u-fixed32	U-nested-u-fixed32	ascii	core-ffi	decode-read	drop	20	435.5	419.4	675.6	0.588	427.6	441.5
codec-U	U-nested-u-fixed32	U-nested-u-fixed32	ascii	core-ffi-pull	decode-read	drop	20	445.6	435.8	477.9	0.094	442.7	453.7
codec-U	U-nested-u-fixed32	U-nested-u-fixed32	ascii	core-native	decode-read	retain	20	282.8	272.4	296.1	0.084	277.3	289.5
codec-U	U-nested-u-fixed32	U-nested-u-fixed32	ascii	core-ffi	decode-read	retain	20	495.9	480.3	508.5	0.057	491.7	498.9
codec-U	U-nested-u-fixed32	U-nested-u-fixed32	ascii	core-ffi-pull	decode-read	retain	20	508.8	496.4	569.9	0.144	506.1	519.4
codec-U	U-wire-ListResultsResponse-results-as-wt5	U-wire-ListResultsResponse-results-as-wt5	ascii	core-native	decode-read	drop	20	565.6	562.0	584.1	0.039	563.3	574.9
codec-U	U-wire-ListResultsResponse-results-as-wt5	U-wire-ListResultsResponse-results-as-wt5	ascii	core-ffi	decode-read	drop	20	876.4	858.9	917.5	0.067	868.3	883.8
codec-U	U-wire-ListResultsResponse-results-as-wt5	U-wire-ListResultsResponse-results-as-wt5	ascii	core-ffi-pull	decode-read	drop	20	885.0	872.9	927.4	0.062	881.3	889.1
codec-U	U-wire-ListResultsResponse-results-as-wt5	U-wire-ListResultsResponse-results-as-wt5	ascii	core-native	decode-read	retain	20	570.8	559.7	592.1	0.057	563.8	578.6
codec-U	U-wire-ListResultsResponse-results-as-wt5	U-wire-ListResultsResponse-results-as-wt5	ascii	core-ffi	decode-read	retain	20	935.9	920.1	991.0	0.076	928.4	946.9
codec-U	U-wire-ListResultsResponse-results-as-wt5	U-wire-ListResultsResponse-results-as-wt5	ascii	core-ffi-pull	decode-read	retain	20	948.8	929.3	1006.3	0.081	941.2	960.5
codec-U	U-wire-ListTaskSummaryResponse-tasks-as-wt5	U-wire-ListTaskSummaryResponse-tasks-as-wt5	ascii	core-native	decode	drop	20	1702.1	1673.3	2092.0	0.246	1688.8	1711.1
codec-U	U-wire-ListTaskSummaryResponse-tasks-as-wt5	U-wire-ListTaskSummaryResponse-tasks-as-wt5	ascii	core-ffi	decode	drop	20	2361.8	2329.1	2408.4	0.034	2352.3	2376.0
codec-U	U-wire-ListTaskSummaryResponse-tasks-as-wt5	U-wire-ListTaskSummaryResponse-tasks-as-wt5	ascii	core-ffi-pull	decode	drop	20	2371.0	2346.1	2415.0	0.029	2361.0	2384.1
codec-U	U-wire-ListTaskSummaryResponse-tasks-as-wt5	U-wire-ListTaskSummaryResponse-tasks-as-wt5	ascii	core-native	decode	retain	20	1768.2	1740.7	1811.3	0.040	1753.9	1774.5
codec-U	U-wire-ListTaskSummaryResponse-tasks-as-wt5	U-wire-ListTaskSummaryResponse-tasks-as-wt5	ascii	core-ffi	decode	retain	20	2479.6	2445.8	3283.8	0.338	2461.3	2500.7
codec-U	U-wire-ListTaskSummaryResponse-tasks-as-wt5	U-wire-ListTaskSummaryResponse-tasks-as-wt5	ascii	core-ffi-pull	decode	retain	20	2501.1	2454.9	2652.5	0.079	2472.8	2519.9
codec-U	U-wire-UploadResultDataMessage-upload-as-wt0	U-wire-UploadResultDataMessage-upload-as-wt0	ascii	core-native	decode	drop	20	93.5	92.0	116.5	0.263	92.8	94.9
codec-U	U-wire-UploadResultDataMessage-upload-as-wt0	U-wire-UploadResultDataMessage-upload-as-wt0	ascii	core-ffi	decode	drop	20	164.6	162.2	215.1	0.322	164.0	166.1
codec-U	U-wire-UploadResultDataMessage-upload-as-wt0	U-wire-UploadResultDataMessage-upload-as-wt0	ascii	core-ffi-pull	decode	drop	20	169.0	165.7	180.4	0.087	167.4	170.4
codec-U	U-wire-UploadResultDataMessage-upload-as-wt0	U-wire-UploadResultDataMessage-upload-as-wt0	ascii	core-native	decode	retain	20	107.6	106.5	115.9	0.087	107.1	109.9
codec-U	U-wire-UploadResultDataMessage-upload-as-wt0	U-wire-UploadResultDataMessage-upload-as-wt0	ascii	core-ffi	decode	retain	20	218.6	211.7	298.2	0.396	215.1	221.1
codec-U	U-wire-UploadResultDataMessage-upload-as-wt0	U-wire-UploadResultDataMessage-upload-as-wt0	ascii	core-ffi-pull	decode	retain	20	217.8	214.4	304.1	0.412	215.9	219.4
codec-U	U-oneof-u-fixed32	U-oneof-u-fixed32	ascii	incumbent-prod	decode-read	default	20	132.0	129.3	136.5	0.055	130.9	133.3
codec-U	U-oneof-u-fixed32	U-oneof-u-fixed32	ascii	armonik	decode-read	default	20	130.3	127.4	133.8	0.049	129.4	131.6
codec-U	U-oneof-u-fixed32	U-oneof-u-fixed32	ascii	core-native	decode-read	drop	20	96.3	95.3	99.8	0.046	95.6	96.8
codec-U	U-oneof-u-fixed32	U-oneof-u-fixed32	ascii	core-ffi	decode-read	drop	20	161.4	156.9	169.5	0.078	159.7	163.3
codec-U	U-oneof-u-fixed32	U-oneof-u-fixed32	ascii	core-ffi-pull	decode-read	drop	20	169.8	167.0	172.5	0.032	168.8	171.0
codec-U	U-oneof-u-fixed32	U-oneof-u-fixed32	ascii	core-native	decode-read	retain	20	111.7	109.9	113.5	0.033	111.4	112.1
codec-U	U-oneof-u-fixed32	U-oneof-u-fixed32	ascii	core-ffi	decode-read	retain	20	211.0	206.3	219.4	0.062	209.1	212.7
codec-U	U-oneof-u-fixed32	U-oneof-u-fixed32	ascii	core-ffi-pull	decode-read	retain	20	220.3	216.9	223.3	0.029	219.3	221.2
codec-U	U-oneof-u-msg	U-oneof-u-msg	ascii	incumbent-prod	decode	default	20	128.2	126.0	131.2	0.040	127.4	129.2
codec-U	U-oneof-u-msg	U-oneof-u-msg	ascii	armonik	decode	default	20	124.9	123.5	127.1	0.029	124.0	125.4
codec-U	U-oneof-u-msg	U-oneof-u-msg	ascii	core-native	decode	drop	20	91.5	90.6	93.4	0.031	91.2	92.0
codec-U	U-oneof-u-msg	U-oneof-u-msg	ascii	core-ffi	decode	drop	20	155.9	153.5	158.4	0.031	154.5	156.6
codec-U	U-oneof-u-msg	U-oneof-u-msg	ascii	core-ffi-pull	decode	drop	20	165.9	163.9	170.9	0.042	165.0	167.1
codec-U	U-oneof-u-msg	U-oneof-u-msg	ascii	core-native	decode	retain	20	105.9	104.8	108.2	0.032	105.6	106.4
codec-U	U-oneof-u-msg	U-oneof-u-msg	ascii	core-ffi	decode	retain	20	207.9	205.0	210.4	0.026	207.1	208.5
codec-U	U-oneof-u-msg	U-oneof-u-msg	ascii	core-ffi-pull	decode	retain	20	212.6	210.1	216.0	0.028	211.6	213.7
codec-U	U-oneof-u-repeated	U-oneof-u-repeated	ascii	incumbent-prod	encode	default	20	127.7	117.4	134.8	0.137	124.2	130.4
codec-U	U-oneof-u-repeated	U-oneof-u-repeated	ascii	armonik	encode	default	20	120.8	115.5	129.2	0.113	117.3	124.7
codec-U	U-oneof-u-repeated	U-oneof-u-repeated	ascii	core-native	encode	drop	20	22.2	21.5	24.2	0.119	22.0	22.4
codec-U	U-oneof-u-repeated	U-oneof-u-repeated	ascii	core-ffi	encode	drop	20	46.4	45.5	48.7	0.069	46.1	47.2
codec-U	U-oneof-u-repeated	U-oneof-u-repeated	ascii	core-native	encode	retain	20	28.2	27.5	29.1	0.056	28.0	28.4
codec-U	U-oneof-u-repeated	U-oneof-u-repeated	ascii	core-ffi	encode	retain	20	55.4	54.5	57.0	0.046	55.2	55.9
codec-U	U-deep-u-varint	U-deep-u-varint	ascii	incumbent-prod	encode	default	20	1320.1	1298.6	1415.8	0.089	1312.6	1331.0
codec-U	U-deep-u-varint	U-deep-u-varint	ascii	armonik	encode	default	20	1349.4	1339.1	1484.2	0.108	1345.8	1365.0
codec-U	U-deep-u-varint	U-deep-u-varint	ascii	core-native	encode	drop	20	244.7	240.5	247.8	0.030	244.0	246.7
codec-U	U-deep-u-varint	U-deep-u-varint	ascii	core-ffi	encode	drop	20	533.2	523.2	556.2	0.062	530.1	539.5
codec-U	U-deep-u-varint	U-deep-u-varint	ascii	core-native	encode	retain	20	299.3	291.3	313.5	0.074	296.5	300.9
codec-U	U-deep-u-varint	U-deep-u-varint	ascii	core-ffi	encode	retain	20	552.9	544.0	567.7	0.043	548.0	557.0
codec-U	U-nested-before	U-nested-before	ascii	incumbent-prod	decode	default	20	386.7	375.8	397.1	0.055	379.9	389.4
codec-U	U-nested-before	U-nested-before	ascii	armonik	decode	default	20	367.4	355.4	388.4	0.090	363.5	370.5
codec-U	U-nested-before	U-nested-before	ascii	core-native	decode	drop	20	273.6	269.5	281.2	0.043	272.6	276.1
codec-U	U-nested-before	U-nested-before	ascii	core-ffi	decode	drop	20	451.9	441.4	462.3	0.046	447.9	456.1
codec-U	U-nested-before	U-nested-before	ascii	core-ffi-pull	decode	drop	20	459.5	453.4	469.8	0.036	455.1	461.6
codec-U	U-nested-before	U-nested-before	ascii	core-native	decode	retain	20	458.2	451.1	469.0	0.039	454.7	461.1
codec-U	U-nested-before	U-nested-before	ascii	core-ffi	decode	retain	20	815.6	792.1	828.6	0.045	809.6	820.7
codec-U	U-nested-before	U-nested-before	ascii	core-ffi-pull	decode	retain	20	833.4	808.2	851.4	0.052	823.9	840.3
codec-U	U-nested-u-fixed32	U-nested-u-fixed32	ascii	incumbent-prod	decode	default	20	304.0	296.8	368.1	0.234	301.6	309.1
codec-U	U-nested-u-fixed32	U-nested-u-fixed32	ascii	armonik	decode	default	20	289.4	282.0	310.7	0.099	284.8	294.8
codec-U	U-nested-u-fixed32	U-nested-u-fixed32	ascii	core-native	decode	drop	20	234.6	228.1	256.8	0.122	231.2	243.2
codec-U	U-nested-u-fixed32	U-nested-u-fixed32	ascii	core-ffi	decode	drop	20	399.8	389.1	461.9	0.182	395.6	405.6
codec-U	U-nested-u-fixed32	U-nested-u-fixed32	ascii	core-ffi-pull	decode	drop	20	413.1	405.2	447.6	0.103	407.9	421.2
codec-U	U-nested-u-fixed32	U-nested-u-fixed32	ascii	core-native	decode	retain	20	250.8	246.5	275.3	0.115	249.4	257.3
codec-U	U-nested-u-fixed32	U-nested-u-fixed32	ascii	core-ffi	decode	retain	20	461.7	452.1	504.7	0.114	455.7	466.2
codec-U	U-nested-u-fixed32	U-nested-u-fixed32	ascii	core-ffi-pull	decode	retain	20	469.4	462.4	534.1	0.153	467.5	487.3
codec-U	U-oneof-u-len	U-oneof-u-len	ascii	incumbent-prod	decode-read	default	20	134.4	131.5	138.4	0.052	133.4	135.0
codec-U	U-oneof-u-len	U-oneof-u-len	ascii	armonik	decode-read	default	20	130.9	110.6	134.3	0.181	129.8	132.0
codec-U	U-oneof-u-len	U-oneof-u-len	ascii	core-native	decode-read	drop	20	97.6	83.5	114.2	0.314	96.9	98.5
codec-U	U-oneof-u-len	U-oneof-u-len	ascii	core-ffi	decode-read	drop	20	162.0	136.3	172.8	0.226	161.5	162.7
codec-U	U-oneof-u-len	U-oneof-u-len	ascii	core-ffi-pull	decode-read	drop	20	170.8	144.9	175.4	0.179	169.9	172.1
codec-U	U-oneof-u-len	U-oneof-u-len	ascii	core-native	decode-read	retain	20	112.2	92.6	116.8	0.215	110.9	113.4
codec-U	U-oneof-u-len	U-oneof-u-len	ascii	core-ffi	decode-read	retain	20	215.7	178.0	250.4	0.336	214.6	216.5
codec-U	U-oneof-u-len	U-oneof-u-len	ascii	core-ffi-pull	decode-read	retain	20	220.9	190.7	247.2	0.256	219.2	222.0
codec-U	U-wire-ListTasksDetailedResponse-tasks-as-wt1	U-wire-ListTasksDetailedResponse-tasks-as-wt1	ascii	core-native	encode	drop	20	506.3	469.9	555.8	0.170	501.2	515.6
codec-U	U-wire-ListTasksDetailedResponse-tasks-as-wt1	U-wire-ListTasksDetailedResponse-tasks-as-wt1	ascii	core-ffi	encode	drop	20	1022.2	1006.2	1164.0	0.154	1014.8	1036.0
codec-U	U-wire-ListTasksDetailedResponse-tasks-as-wt1	U-wire-ListTasksDetailedResponse-tasks-as-wt1	ascii	core-native	encode	retain	20	588.7	573.5	760.6	0.318	584.5	601.7
codec-U	U-wire-ListTasksDetailedResponse-tasks-as-wt1	U-wire-ListTasksDetailedResponse-tasks-as-wt1	ascii	core-ffi	encode	retain	20	1075.9	1007.8	1301.9	0.273	1067.1	1091.4
codec-U	U-wire-ListTasksDetailedResponse-tasks-as-wt1	U-wire-ListTasksDetailedResponse-tasks-as-wt1	ascii	core-native	decode	drop	20	3194.3	2855.2	3793.0	0.294	3159.3	3289.5
codec-U	U-wire-ListTasksDetailedResponse-tasks-as-wt1	U-wire-ListTasksDetailedResponse-tasks-as-wt1	ascii	core-ffi	decode	drop	20	5593.2	4955.4	7509.0	0.457	5563.4	5699.4
codec-U	U-wire-ListTasksDetailedResponse-tasks-as-wt1	U-wire-ListTasksDetailedResponse-tasks-as-wt1	ascii	core-ffi-pull	decode	drop	20	5464.1	4784.4	7026.2	0.410	5396.7	5568.3
codec-U	U-wire-ListTasksDetailedResponse-tasks-as-wt1	U-wire-ListTasksDetailedResponse-tasks-as-wt1	ascii	core-native	decode	retain	20	3191.9	2829.0	3742.6	0.286	3153.7	3243.0
codec-U	U-wire-ListTasksDetailedResponse-tasks-as-wt1	U-wire-ListTasksDetailedResponse-tasks-as-wt1	ascii	core-ffi	decode	retain	20	5813.1	5153.8	7280.9	0.366	5770.5	5997.7
codec-U	U-wire-ListTasksDetailedResponse-tasks-as-wt1	U-wire-ListTasksDetailedResponse-tasks-as-wt1	ascii	core-ffi-pull	decode	retain	20	5672.4	5029.6	6442.9	0.249	5608.3	5699.0
codec-U	U-deep-u-repeated	U-deep-u-repeated	ascii	incumbent-prod	decode-read	default	20	1981.4	1945.9	2045.8	0.050	1958.9	1990.6
codec-U	U-deep-u-repeated	U-deep-u-repeated	ascii	armonik	decode-read	default	20	1951.7	1911.8	1979.3	0.035	1940.8	1966.0
codec-U	U-deep-u-repeated	U-deep-u-repeated	ascii	core-native	decode-read	drop	20	1575.2	1534.8	1616.1	0.052	1563.5	1593.3
codec-U	U-deep-u-repeated	U-deep-u-repeated	ascii	core-ffi	decode-read	drop	20	2748.7	2681.1	2806.1	0.045	2716.2	2762.1
codec-U	U-deep-u-repeated	U-deep-u-repeated	ascii	core-ffi-pull	decode-read	drop	20	2671.8	2645.2	2913.1	0.100	2665.4	2678.8
codec-U	U-deep-u-repeated	U-deep-u-repeated	ascii	core-native	decode-read	retain	20	1668.0	1648.0	1700.1	0.031	1655.9	1674.2
codec-U	U-deep-u-repeated	U-deep-u-repeated	ascii	core-ffi	decode-read	retain	20	2953.6	2896.9	3056.2	0.054	2926.5	2978.5
codec-U	U-deep-u-repeated	U-deep-u-repeated	ascii	core-ffi-pull	decode-read	retain	20	2892.7	2843.7	2996.4	0.053	2861.5	2910.6
codec-U	U-oneof-u-fixed64	U-oneof-u-fixed64	ascii	incumbent-prod	decode	default	20	126.5	124.0	129.0	0.040	125.8	127.0
codec-U	U-oneof-u-fixed64	U-oneof-u-fixed64	ascii	armonik	decode	default	20	123.6	121.5	135.6	0.114	122.9	123.9
codec-U	U-oneof-u-fixed64	U-oneof-u-fixed64	ascii	core-native	decode	drop	20	92.3	90.5	98.3	0.085	92.0	93.0
codec-U	U-oneof-u-fixed64	U-oneof-u-fixed64	ascii	core-ffi	decode	drop	20	154.8	153.0	165.2	0.079	154.3	157.1
codec-U	U-oneof-u-fixed64	U-oneof-u-fixed64	ascii	core-ffi-pull	decode	drop	20	164.3	161.9	174.7	0.078	163.0	165.6
codec-U	U-oneof-u-fixed64	U-oneof-u-fixed64	ascii	core-native	decode	retain	20	105.8	104.8	115.0	0.097	105.3	106.6
codec-U	U-oneof-u-fixed64	U-oneof-u-fixed64	ascii	core-ffi	decode	retain	20	204.1	200.4	209.8	0.046	203.6	205.0
codec-U	U-oneof-u-fixed64	U-oneof-u-fixed64	ascii	core-ffi-pull	decode	retain	20	213.8	210.3	219.3	0.042	212.5	215.6
codec-U	U-wire-DualResponse-left-as-wt0	U-wire-DualResponse-left-as-wt0	ascii	core-native	encode	drop	20	43.3	42.1	47.3	0.121	42.7	43.5
codec-U	U-wire-DualResponse-left-as-wt0	U-wire-DualResponse-left-as-wt0	ascii	core-ffi	encode	drop	20	87.6	85.5	97.9	0.143	87.3	90.3
codec-U	U-wire-DualResponse-left-as-wt0	U-wire-DualResponse-left-as-wt0	ascii	core-native	encode	retain	20	55.8	53.4	59.3	0.105	55.2	56.2
codec-U	U-wire-DualResponse-left-as-wt0	U-wire-DualResponse-left-as-wt0	ascii	core-ffi	encode	retain	20	87.2	84.7	92.7	0.092	85.5	90.4
codec-U	U-oneof-group	U-oneof-group	ascii	incumbent-prod	decode	default	20	166.5	154.9	178.3	0.140	160.0	167.6
codec-U	U-oneof-group	U-oneof-group	ascii	armonik	decode	default	20	162.3	149.5	170.8	0.131	156.5	164.0
codec-U	U-oneof-group	U-oneof-group	ascii	core-native	decode	drop	20	108.5	104.6	114.1	0.088	106.5	110.2
codec-U	U-oneof-group	U-oneof-group	ascii	core-ffi	decode	drop	20	171.7	162.1	183.2	0.122	167.3	174.1
codec-U	U-oneof-group	U-oneof-group	ascii	core-ffi-pull	decode	drop	20	179.0	169.7	186.7	0.095	173.9	183.6
codec-U	U-oneof-group	U-oneof-group	ascii	core-native	decode	retain	20	124.3	117.8	129.3	0.092	122.3	125.5
codec-U	U-oneof-group	U-oneof-group	ascii	core-ffi	decode	retain	20	221.6	209.8	228.1	0.083	214.6	224.1
codec-U	U-oneof-group	U-oneof-group	ascii	core-ffi-pull	decode	retain	20	231.0	217.2	241.1	0.104	224.9	234.0
codec-U	U-root-max-tag	U-root-max-tag	ascii	incumbent-prod	decode-read	default	20	656.3	644.6	680.8	0.055	651.7	663.1
codec-U	U-root-max-tag	U-root-max-tag	ascii	armonik	decode-read	default	20	653.0	631.9	664.9	0.050	646.8	658.4
codec-U	U-root-max-tag	U-root-max-tag	ascii	core-native	decode-read	drop	20	551.5	530.6	573.7	0.078	541.0	555.5
codec-U	U-root-max-tag	U-root-max-tag	ascii	core-ffi	decode-read	drop	20	851.0	837.5	922.8	0.100	846.9	857.9
codec-U	U-root-max-tag	U-root-max-tag	ascii	core-ffi-pull	decode-read	drop	20	872.6	849.2	929.7	0.092	864.0	877.7
codec-U	U-root-max-tag	U-root-max-tag	ascii	core-native	decode-read	retain	20	546.0	533.6	561.6	0.051	537.6	553.2
codec-U	U-root-max-tag	U-root-max-tag	ascii	core-ffi	decode-read	retain	20	917.5	907.4	940.8	0.036	912.1	928.7
codec-U	U-root-max-tag	U-root-max-tag	ascii	core-ffi-pull	decode-read	retain	20	926.4	913.8	943.7	0.032	916.3	934.4
codec-U	U-deep-u-varint	U-deep-u-varint	ascii	incumbent-prod	decode	default	20	2036.6	1987.2	3625.4	0.804	2017.5	2068.0
codec-U	U-deep-u-varint	U-deep-u-varint	ascii	armonik	decode	default	20	1926.0	1864.2	1978.7	0.059	1895.8	1949.0
codec-U	U-deep-u-varint	U-deep-u-varint	ascii	core-native	decode	drop	20	1578.1	1503.5	1637.4	0.085	1534.2	1589.1
codec-U	U-deep-u-varint	U-deep-u-varint	ascii	core-ffi	decode	drop	20	2644.2	2613.6	2949.2	0.127	2624.6	2684.8
codec-U	U-deep-u-varint	U-deep-u-varint	ascii	core-ffi-pull	decode	drop	20	2615.4	2549.6	5579.2	1.158	2601.5	2656.7
codec-U	U-deep-u-varint	U-deep-u-varint	ascii	core-native	decode	retain	20	1675.0	1546.2	3844.2	1.372	1588.4	1703.4
codec-U	U-deep-u-varint	U-deep-u-varint	ascii	core-ffi	decode	retain	20	2915.6	2788.0	5716.1	1.004	2860.7	2991.5
codec-U	U-deep-u-varint	U-deep-u-varint	ascii	core-ffi-pull	decode	retain	20	2846.5	2799.1	6320.3	1.237	2815.8	2888.4
codec-U	U-deep-u-fixed32	U-deep-u-fixed32	ascii	incumbent-prod	decode-read	default	20	1970.8	1943.9	2047.2	0.052	1960.9	1987.1
codec-U	U-deep-u-fixed32	U-deep-u-fixed32	ascii	armonik	decode-read	default	20	1952.4	1914.8	1996.1	0.042	1941.1	1971.8
codec-U	U-deep-u-fixed32	U-deep-u-fixed32	ascii	core-native	decode-read	drop	20	1598.7	1570.1	1708.7	0.087	1586.4	1613.0
codec-U	U-deep-u-fixed32	U-deep-u-fixed32	ascii	core-ffi	decode-read	drop	20	2723.5	2690.2	2839.7	0.055	2711.5	2739.1
codec-U	U-deep-u-fixed32	U-deep-u-fixed32	ascii	core-ffi-pull	decode-read	drop	20	2686.7	2639.3	2748.2	0.041	2656.7	2703.8
codec-U	U-deep-u-fixed32	U-deep-u-fixed32	ascii	core-native	decode-read	retain	20	1641.7	1618.2	1660.9	0.026	1632.2	1650.5
codec-U	U-deep-u-fixed32	U-deep-u-fixed32	ascii	core-ffi	decode-read	retain	20	2972.0	2913.9	3108.7	0.066	2941.3	2988.6
codec-U	U-deep-u-fixed32	U-deep-u-fixed32	ascii	core-ffi-pull	decode-read	retain	20	2905.3	2848.4	2978.1	0.045	2886.6	2928.9
codec-U	U-wire-UploadResultDataMessage-upload-as-wt1	U-wire-UploadResultDataMessage-upload-as-wt1	ascii	core-native	decode	drop	20	92.1	91.0	94.2	0.035	91.7	92.6
codec-U	U-wire-UploadResultDataMessage-upload-as-wt1	U-wire-UploadResultDataMessage-upload-as-wt1	ascii	core-ffi	decode	drop	20	163.3	161.5	170.0	0.052	162.4	163.7
codec-U	U-wire-UploadResultDataMessage-upload-as-wt1	U-wire-UploadResultDataMessage-upload-as-wt1	ascii	core-ffi-pull	decode	drop	20	166.7	163.7	171.5	0.047	165.2	168.4
codec-U	U-wire-UploadResultDataMessage-upload-as-wt1	U-wire-UploadResultDataMessage-upload-as-wt1	ascii	core-native	decode	retain	20	106.7	103.7	109.5	0.055	106.0	107.3
codec-U	U-wire-UploadResultDataMessage-upload-as-wt1	U-wire-UploadResultDataMessage-upload-as-wt1	ascii	core-ffi	decode	retain	20	212.4	209.0	213.9	0.023	211.3	213.1
codec-U	U-wire-UploadResultDataMessage-upload-as-wt1	U-wire-UploadResultDataMessage-upload-as-wt1	ascii	core-ffi-pull	decode	retain	20	215.9	213.6	218.9	0.024	215.0	216.3
codec-U	U-root-all	U-root-all	ascii	incumbent-prod	encode	default	20	609.9	586.2	630.0	0.072	606.0	613.8
codec-U	U-root-all	U-root-all	ascii	armonik	encode	default	20	635.8	617.1	644.8	0.044	631.9	638.9
codec-U	U-root-all	U-root-all	ascii	core-native	encode	drop	20	96.6	95.4	98.5	0.032	96.2	97.4
codec-U	U-root-all	U-root-all	ascii	core-ffi	encode	drop	20	186.0	184.0	188.7	0.025	185.2	187.6
codec-U	U-root-all	U-root-all	ascii	core-native	encode	retain	20	122.6	119.8	126.7	0.056	122.0	123.2
codec-U	U-root-all	U-root-all	ascii	core-ffi	encode	retain	20	200.7	197.4	205.7	0.041	200.0	201.8
codec-U	U-oneof-before	U-oneof-before	ascii	incumbent-prod	encode	default	20	132.3	125.6	140.7	0.114	130.0	135.8
codec-U	U-oneof-before	U-oneof-before	ascii	armonik	encode	default	20	122.9	116.0	142.3	0.214	119.7	125.8
codec-U	U-oneof-before	U-oneof-before	ascii	core-native	encode	drop	20	22.4	21.5	24.7	0.145	22.1	22.9
codec-U	U-oneof-before	U-oneof-before	ascii	core-ffi	encode	drop	20	47.4	45.3	53.5	0.173	46.7	48.3
codec-U	U-oneof-before	U-oneof-before	ascii	core-native	encode	retain	20	28.7	26.7	30.7	0.140	28.2	29.6
codec-U	U-oneof-before	U-oneof-before	ascii	core-ffi	encode	retain	20	56.2	54.7	63.9	0.164	55.0	58.4
codec-U	U-nested-u-fixed32	U-nested-u-fixed32	ascii	incumbent-prod	encode	default	20	268.5	256.3	296.0	0.148	263.3	273.0
codec-U	U-nested-u-fixed32	U-nested-u-fixed32	ascii	armonik	encode	default	20	277.9	270.7	292.1	0.077	276.1	281.4
codec-U	U-nested-u-fixed32	U-nested-u-fixed32	ascii	core-native	encode	drop	20	45.7	43.9	50.2	0.138	45.2	46.1
codec-U	U-nested-u-fixed32	U-nested-u-fixed32	ascii	core-ffi	encode	drop	20	95.5	93.2	105.8	0.133	94.7	96.4
codec-U	U-nested-u-fixed32	U-nested-u-fixed32	ascii	core-native	encode	retain	20	60.9	58.7	68.8	0.166	60.3	62.5
codec-U	U-nested-u-fixed32	U-nested-u-fixed32	ascii	core-ffi	encode	retain	20	106.7	102.4	113.5	0.103	104.9	109.3
codec-U	U-wire-ListTaskSummaryResponse-tasks-as-wt0	U-wire-ListTaskSummaryResponse-tasks-as-wt0	ascii	core-native	encode	drop	20	235.5	231.0	250.4	0.082	233.8	238.6
codec-U	U-wire-ListTaskSummaryResponse-tasks-as-wt0	U-wire-ListTaskSummaryResponse-tasks-as-wt0	ascii	core-ffi	encode	drop	20	514.8	499.3	532.2	0.064	509.4	518.1
codec-U	U-wire-ListTaskSummaryResponse-tasks-as-wt0	U-wire-ListTaskSummaryResponse-tasks-as-wt0	ascii	core-native	encode	retain	20	250.8	245.2	259.2	0.056	248.7	253.2
codec-U	U-wire-ListTaskSummaryResponse-tasks-as-wt0	U-wire-ListTaskSummaryResponse-tasks-as-wt0	ascii	core-ffi	encode	retain	20	510.1	495.5	533.7	0.075	505.3	512.5
codec-U	U-element-u-packed	U-element-u-packed	ascii	incumbent-prod	decode	default	20	1586.1	1560.8	2164.5	0.381	1570.1	1645.3
codec-U	U-element-u-packed	U-element-u-packed	ascii	armonik	decode	default	20	1542.5	1511.7	2016.4	0.327	1526.3	1649.6
codec-U	U-element-u-packed	U-element-u-packed	ascii	core-native	decode	drop	20	1257.3	1242.5	1650.3	0.324	1250.3	1304.7
codec-U	U-element-u-packed	U-element-u-packed	ascii	core-ffi	decode	drop	20	2097.0	2052.0	2792.7	0.353	2074.4	2165.0
codec-U	U-element-u-packed	U-element-u-packed	ascii	core-ffi-pull	decode	drop	20	2053.4	2011.3	2850.7	0.409	2039.7	2241.0
codec-U	U-element-u-packed	U-element-u-packed	ascii	core-native	decode	retain	20	1280.7	1265.1	1805.0	0.422	1272.8	1388.8
codec-U	U-element-u-packed	U-element-u-packed	ascii	core-ffi	decode	retain	20	2209.0	2161.2	2868.6	0.320	2190.7	2374.6
codec-U	U-element-u-packed	U-element-u-packed	ascii	core-ffi-pull	decode	retain	20	2204.4	2137.1	2901.3	0.347	2157.9	2301.7
codec-U	U-root-u-len	U-root-u-len	ascii	incumbent-prod	decode-read	default	20	506.6	501.6	522.1	0.040	505.1	513.8
codec-U	U-root-u-len	U-root-u-len	ascii	armonik	decode-read	default	20	521.2	507.2	525.8	0.036	517.9	524.0
codec-U	U-root-u-len	U-root-u-len	ascii	core-native	decode-read	drop	20	443.4	429.4	458.8	0.066	438.1	446.7
codec-U	U-root-u-len	U-root-u-len	ascii	core-ffi	decode-read	drop	20	684.1	662.0	700.4	0.056	676.3	688.4
codec-U	U-root-u-len	U-root-u-len	ascii	core-ffi-pull	decode-read	drop	20	688.3	668.9	704.6	0.052	684.1	695.9
codec-U	U-root-u-len	U-root-u-len	ascii	core-native	decode-read	retain	20	443.4	427.1	462.7	0.080	440.9	445.8
codec-U	U-root-u-len	U-root-u-len	ascii	core-ffi	decode-read	retain	20	731.3	704.1	746.0	0.057	726.1	736.8
codec-U	U-root-u-len	U-root-u-len	ascii	core-ffi-pull	decode-read	retain	20	733.7	717.2	763.7	0.063	727.7	738.7
codec-U	U-root-interleaved	U-root-interleaved	ascii	incumbent-prod	decode-read	default	20	612.8	567.9	722.5	0.252	598.1	646.1
codec-U	U-root-interleaved	U-root-interleaved	ascii	armonik	decode-read	default	20	623.0	576.8	863.1	0.460	604.8	653.1
codec-U	U-root-interleaved	U-root-interleaved	ascii	core-native	decode-read	drop	20	489.7	446.7	538.4	0.187	464.0	523.3
codec-U	U-root-interleaved	U-root-interleaved	ascii	core-ffi	decode-read	drop	20	740.4	691.5	860.0	0.228	731.1	807.9
codec-U	U-root-interleaved	U-root-interleaved	ascii	core-ffi-pull	decode-read	drop	20	746.9	702.3	840.4	0.185	718.3	815.8
codec-U	U-root-interleaved	U-root-interleaved	ascii	core-native	decode-read	retain	20	602.5	557.6	663.1	0.175	580.8	636.1
codec-U	U-root-interleaved	U-root-interleaved	ascii	core-ffi	decode-read	retain	20	985.0	922.3	1214.1	0.296	950.3	1029.5
codec-U	U-root-interleaved	U-root-interleaved	ascii	core-ffi-pull	decode-read	retain	20	996.5	941.8	1132.9	0.192	973.2	1035.6
codec-U	U-enum-value-999	U-enum-value-999	ascii	incumbent-prod	decode	default	20	60.0	58.9	61.8	0.047	59.4	60.3
codec-U	U-enum-value-999	U-enum-value-999	ascii	armonik	decode	default	20	74.9	72.3	82.0	0.130	73.7	79.6
codec-U	U-enum-value-999	U-enum-value-999	ascii	core-native	decode	drop	20	63.5	58.2	68.0	0.154	59.0	64.9
codec-U	U-enum-value-999	U-enum-value-999	ascii	core-ffi	decode	drop	20	87.0	83.3	96.5	0.152	84.6	91.9
codec-U	U-enum-value-999	U-enum-value-999	ascii	core-ffi-pull	decode	drop	20	97.1	94.4	108.5	0.145	95.5	101.6
codec-U	U-enum-value-999	U-enum-value-999	ascii	core-native	decode	retain	20	59.3	56.9	67.6	0.180	58.1	65.3
codec-U	U-enum-value-999	U-enum-value-999	ascii	core-ffi	decode	retain	20	97.6	92.4	109.5	0.175	94.4	102.1
codec-U	U-enum-value-999	U-enum-value-999	ascii	core-ffi-pull	decode	retain	20	107.6	103.9	119.9	0.148	105.2	112.5
codec-U	U-element-all	U-element-all	ascii	incumbent-prod	encode	default	20	1232.2	1121.4	1262.1	0.114	1193.3	1243.8
codec-U	U-element-all	U-element-all	ascii	armonik	encode	default	20	1255.8	1119.1	1296.2	0.141	1220.0	1272.6
codec-U	U-element-all	U-element-all	ascii	core-native	encode	drop	20	233.1	206.2	240.7	0.148	222.4	234.8
codec-U	U-element-all	U-element-all	ascii	core-ffi	encode	drop	20	499.9	475.6	530.9	0.111	495.5	503.4
codec-U	U-element-all	U-element-all	ascii	core-native	encode	retain	20	278.4	257.2	288.2	0.111	270.2	283.6
codec-U	U-element-all	U-element-all	ascii	core-ffi	encode	retain	20	515.4	453.4	529.7	0.148	506.5	521.8
codec-U	U-oneof-u-repeated	U-oneof-u-repeated	ascii	incumbent-prod	decode-read	default	20	118.6	113.2	138.1	0.210	116.5	122.3
codec-U	U-oneof-u-repeated	U-oneof-u-repeated	ascii	armonik	decode-read	default	20	116.1	109.0	128.7	0.169	112.2	118.5
codec-U	U-oneof-u-repeated	U-oneof-u-repeated	ascii	core-native	decode-read	drop	20	82.6	78.7	91.4	0.153	79.5	83.7
codec-U	U-oneof-u-repeated	U-oneof-u-repeated	ascii	core-ffi	decode-read	drop	20	134.2	129.8	147.8	0.134	131.2	138.7
codec-U	U-oneof-u-repeated	U-oneof-u-repeated	ascii	core-ffi-pull	decode-read	drop	20	140.6	136.0	157.0	0.149	137.2	146.4
codec-U	U-oneof-u-repeated	U-oneof-u-repeated	ascii	core-native	decode-read	retain	20	103.5	97.8	114.4	0.161	100.4	105.3
codec-U	U-oneof-u-repeated	U-oneof-u-repeated	ascii	core-ffi	decode-read	retain	20	191.3	184.9	216.7	0.166	188.7	198.0
codec-U	U-oneof-u-repeated	U-oneof-u-repeated	ascii	core-ffi-pull	decode-read	retain	20	203.2	191.0	220.5	0.146	195.9	208.4
codec-U	U-deep-u-msg	U-deep-u-msg	ascii	incumbent-prod	decode-read	default	20	1643.5	1620.1	1924.7	0.185	1635.7	1661.4
codec-U	U-deep-u-msg	U-deep-u-msg	ascii	armonik	decode-read	default	20	1585.7	1521.1	1621.0	0.063	1562.4	1602.6
codec-U	U-deep-u-msg	U-deep-u-msg	ascii	core-native	decode-read	drop	20	1302.8	1252.3	1355.7	0.079	1272.3	1321.1
codec-U	U-deep-u-msg	U-deep-u-msg	ascii	core-ffi	decode-read	drop	20	2154.1	2126.2	2218.3	0.043	2141.3	2169.2
codec-U	U-deep-u-msg	U-deep-u-msg	ascii	core-ffi-pull	decode-read	drop	20	2103.7	2068.7	2185.8	0.056	2085.6	2131.4
codec-U	U-deep-u-msg	U-deep-u-msg	ascii	core-native	decode-read	retain	20	1390.2	1287.9	1474.9	0.135	1308.5	1418.6
codec-U	U-deep-u-msg	U-deep-u-msg	ascii	core-ffi	decode-read	retain	20	2316.8	2257.0	2428.0	0.074	2282.2	2349.2
codec-U	U-deep-u-msg	U-deep-u-msg	ascii	core-ffi-pull	decode-read	retain	20	2281.4	2234.6	2391.6	0.069	2259.7	2310.6
codec-U	U-leaf-u-repeated	U-leaf-u-repeated	ascii	incumbent-prod	decode	default	20	265.4	258.5	275.4	0.064	261.5	268.7
codec-U	U-leaf-u-repeated	U-leaf-u-repeated	ascii	armonik	decode	default	20	253.0	246.5	264.7	0.072	249.8	256.5
codec-U	U-leaf-u-repeated	U-leaf-u-repeated	ascii	core-native	decode	drop	20	192.0	189.2	200.3	0.058	190.2	194.3
codec-U	U-leaf-u-repeated	U-leaf-u-repeated	ascii	core-ffi	decode	drop	20	325.1	318.8	339.0	0.062	323.8	327.8
codec-U	U-leaf-u-repeated	U-leaf-u-repeated	ascii	core-ffi-pull	decode	drop	20	333.9	327.5	350.8	0.070	332.1	336.7
codec-U	U-leaf-u-repeated	U-leaf-u-repeated	ascii	core-native	decode	retain	20	232.6	226.9	250.0	0.099	231.3	235.2
codec-U	U-leaf-u-repeated	U-leaf-u-repeated	ascii	core-ffi	decode	retain	20	423.2	415.0	471.5	0.133	419.4	436.6
codec-U	U-leaf-u-repeated	U-leaf-u-repeated	ascii	core-ffi-pull	decode	retain	20	433.0	425.2	471.6	0.107	429.8	447.7
codec-U	U-element-u-fixed32	U-element-u-fixed32	ascii	incumbent-prod	encode	default	20	1046.6	1020.4	1703.2	0.652	1036.5	1068.8
codec-U	U-element-u-fixed32	U-element-u-fixed32	ascii	armonik	encode	default	20	1080.6	1046.2	1420.0	0.346	1061.5	1100.7
codec-U	U-element-u-fixed32	U-element-u-fixed32	ascii	core-native	encode	drop	20	200.4	194.1	261.3	0.335	197.0	213.9
codec-U	U-element-u-fixed32	U-element-u-fixed32	ascii	core-ffi	encode	drop	20	424.1	414.2	581.2	0.394	418.6	428.1
codec-U	U-element-u-fixed32	U-element-u-fixed32	ascii	core-native	encode	retain	20	237.8	230.4	335.6	0.442	235.7	247.3
codec-U	U-element-u-fixed32	U-element-u-fixed32	ascii	core-ffi	encode	retain	20	444.0	432.1	685.2	0.570	437.9	453.7
codec-U	U-element-u-fixed64	U-element-u-fixed64	ascii	incumbent-prod	decode	default	20	2069.9	2024.1	2367.5	0.166	2040.0	2108.6
codec-U	U-element-u-fixed64	U-element-u-fixed64	ascii	armonik	decode	default	20	1981.4	1947.9	2057.8	0.055	1964.0	2000.0
codec-U	U-element-u-fixed64	U-element-u-fixed64	ascii	core-native	decode	drop	20	1633.6	1597.0	1734.7	0.084	1615.1	1646.6
codec-U	U-element-u-fixed64	U-element-u-fixed64	ascii	core-ffi	decode	drop	20	2687.6	2636.4	2823.9	0.070	2668.3	2739.2
codec-U	U-element-u-fixed64	U-element-u-fixed64	ascii	core-ffi-pull	decode	drop	20	2643.6	2591.2	2819.4	0.086	2625.9	2679.4
codec-U	U-element-u-fixed64	U-element-u-fixed64	ascii	core-native	decode	retain	20	1736.6	1690.9	1797.9	0.062	1715.6	1762.1
codec-U	U-element-u-fixed64	U-element-u-fixed64	ascii	core-ffi	decode	retain	20	2893.6	2819.1	2966.5	0.051	2867.9	2918.5
codec-U	U-element-u-fixed64	U-element-u-fixed64	ascii	core-ffi-pull	decode	retain	20	2865.1	2773.5	3379.5	0.212	2828.0	2895.7
codec-U	U-wire-ListProbeResponse-probes-as-wt0	U-wire-ListProbeResponse-probes-as-wt0	ascii	core-native	encode	drop	20	43.3	42.2	44.7	0.059	42.9	43.5
codec-U	U-wire-ListProbeResponse-probes-as-wt0	U-wire-ListProbeResponse-probes-as-wt0	ascii	core-ffi	encode	drop	20	89.5	88.3	93.1	0.054	89.0	89.8
codec-U	U-wire-ListProbeResponse-probes-as-wt0	U-wire-ListProbeResponse-probes-as-wt0	ascii	core-native	encode	retain	20	51.2	50.5	54.7	0.081	50.9	51.8
codec-U	U-wire-ListProbeResponse-probes-as-wt0	U-wire-ListProbeResponse-probes-as-wt0	ascii	core-ffi	encode	retain	20	98.1	96.0	101.7	0.059	96.7	99.3
codec-U	U-leaf-u-repeated	U-leaf-u-repeated	ascii	incumbent-prod	encode	default	20	269.0	263.0	279.6	0.062	266.3	272.0
codec-U	U-leaf-u-repeated	U-leaf-u-repeated	ascii	armonik	encode	default	20	278.8	271.3	294.6	0.084	276.8	281.8
codec-U	U-leaf-u-repeated	U-leaf-u-repeated	ascii	core-native	encode	drop	20	45.6	44.5	47.1	0.057	45.4	46.4
codec-U	U-leaf-u-repeated	U-leaf-u-repeated	ascii	core-ffi	encode	drop	20	96.8	94.4	99.8	0.056	95.2	98.0
codec-U	U-leaf-u-repeated	U-leaf-u-repeated	ascii	core-native	encode	retain	20	60.1	58.7	66.8	0.135	59.6	61.0
codec-U	U-leaf-u-repeated	U-leaf-u-repeated	ascii	core-ffi	encode	retain	20	108.8	105.0	110.7	0.053	107.6	109.4
codec-U	U-wire-DualResponse-left-as-wt1	U-wire-DualResponse-left-as-wt1	ascii	core-native	decode	drop	20	175.0	170.7	217.1	0.266	173.7	176.8
codec-U	U-wire-DualResponse-left-as-wt1	U-wire-DualResponse-left-as-wt1	ascii	core-ffi	decode	drop	20	248.6	240.5	312.9	0.291	247.0	251.4
codec-U	U-wire-DualResponse-left-as-wt1	U-wire-DualResponse-left-as-wt1	ascii	core-ffi-pull	decode	drop	20	264.6	260.0	296.8	0.139	262.7	266.9
codec-U	U-wire-DualResponse-left-as-wt1	U-wire-DualResponse-left-as-wt1	ascii	core-native	decode	retain	20	186.7	181.6	201.3	0.106	184.9	188.1
codec-U	U-wire-DualResponse-left-as-wt1	U-wire-DualResponse-left-as-wt1	ascii	core-ffi	decode	retain	20	308.6	299.5	380.9	0.264	306.1	310.0
codec-U	U-wire-DualResponse-left-as-wt1	U-wire-DualResponse-left-as-wt1	ascii	core-ffi-pull	decode	retain	20	322.0	312.8	375.7	0.195	320.3	324.1
codec-U	U-deep-u-len	U-deep-u-len	ascii	incumbent-prod	encode	default	20	1324.2	1296.8	1374.8	0.059	1307.4	1331.2
codec-U	U-deep-u-len	U-deep-u-len	ascii	armonik	encode	default	20	1347.7	1333.1	1378.3	0.033	1342.9	1353.3
codec-U	U-deep-u-len	U-deep-u-len	ascii	core-native	encode	drop	20	250.0	245.6	255.0	0.037	248.6	251.5
codec-U	U-deep-u-len	U-deep-u-len	ascii	core-ffi	encode	drop	20	530.8	523.8	536.0	0.023	529.4	533.2
codec-U	U-deep-u-len	U-deep-u-len	ascii	core-native	encode	retain	20	296.4	290.0	302.8	0.043	294.1	298.8
codec-U	U-deep-u-len	U-deep-u-len	ascii	core-ffi	encode	retain	20	552.8	547.2	561.4	0.026	550.6	557.2
codec-U	U-wire-ListMetricsResponse-batches-as-wt5	U-wire-ListMetricsResponse-batches-as-wt5	ascii	core-native	decode	drop	20	1420.0	1335.1	1499.9	0.116	1381.4	1455.6
codec-U	U-wire-ListMetricsResponse-batches-as-wt5	U-wire-ListMetricsResponse-batches-as-wt5	ascii	core-ffi	decode	drop	20	1519.7	1482.9	1583.2	0.066	1499.0	1529.9
codec-U	U-wire-ListMetricsResponse-batches-as-wt5	U-wire-ListMetricsResponse-batches-as-wt5	ascii	core-ffi-pull	decode	drop	20	1368.0	1336.2	1457.8	0.089	1349.9	1396.2
codec-U	U-wire-ListMetricsResponse-batches-as-wt5	U-wire-ListMetricsResponse-batches-as-wt5	ascii	core-native	decode	retain	20	1436.1	1371.7	1503.1	0.092	1417.7	1468.9
codec-U	U-wire-ListMetricsResponse-batches-as-wt5	U-wire-ListMetricsResponse-batches-as-wt5	ascii	core-ffi	decode	retain	20	1556.5	1521.9	1667.9	0.094	1545.0	1565.4
codec-U	U-wire-ListMetricsResponse-batches-as-wt5	U-wire-ListMetricsResponse-batches-as-wt5	ascii	core-ffi-pull	decode	retain	20	1428.4	1383.3	1508.3	0.088	1411.2	1454.3
codec-U	U-leaf-u-fixed64	U-leaf-u-fixed64	ascii	incumbent-prod	decode	default	20	313.8	296.2	325.5	0.093	310.7	318.0
codec-U	U-leaf-u-fixed64	U-leaf-u-fixed64	ascii	armonik	decode	default	20	307.9	281.4	328.5	0.153	298.7	313.5
codec-U	U-leaf-u-fixed64	U-leaf-u-fixed64	ascii	core-native	decode	drop	20	251.4	228.0	270.5	0.169	240.3	253.4
codec-U	U-leaf-u-fixed64	U-leaf-u-fixed64	ascii	core-ffi	decode	drop	20	418.2	394.7	459.1	0.154	411.7	422.6
codec-U	U-leaf-u-fixed64	U-leaf-u-fixed64	ascii	core-ffi-pull	decode	drop	20	429.6	407.5	446.0	0.090	417.6	435.0
codec-U	U-leaf-u-fixed64	U-leaf-u-fixed64	ascii	core-native	decode	retain	20	279.1	253.0	299.3	0.166	273.4	285.2
codec-U	U-leaf-u-fixed64	U-leaf-u-fixed64	ascii	core-ffi	decode	retain	20	500.6	466.6	510.1	0.087	481.8	503.4
codec-U	U-leaf-u-fixed64	U-leaf-u-fixed64	ascii	core-ffi-pull	decode	retain	20	510.5	477.8	541.1	0.124	498.6	514.7
codec-U	U-deep-u-fixed32	U-deep-u-fixed32	ascii	incumbent-prod	encode	default	20	1320.9	1305.2	1337.6	0.024	1313.8	1327.1
codec-U	U-deep-u-fixed32	U-deep-u-fixed32	ascii	armonik	encode	default	20	1349.4	1325.7	1367.4	0.031	1343.1	1361.4
codec-U	U-deep-u-fixed32	U-deep-u-fixed32	ascii	core-native	encode	drop	20	246.0	240.3	252.8	0.051	245.3	248.1
codec-U	U-deep-u-fixed32	U-deep-u-fixed32	ascii	core-ffi	encode	drop	20	535.0	525.5	542.2	0.031	530.1	537.7
codec-U	U-deep-u-fixed32	U-deep-u-fixed32	ascii	core-native	encode	retain	20	295.0	290.9	301.8	0.037	293.2	297.9
codec-U	U-deep-u-fixed32	U-deep-u-fixed32	ascii	core-ffi	encode	retain	20	552.2	544.3	562.9	0.034	549.5	553.9
codec-U	U-deep-u-msg	U-deep-u-msg	ascii	incumbent-prod	encode	default	20	1323.5	1302.6	1364.3	0.047	1319.1	1329.9
codec-U	U-deep-u-msg	U-deep-u-msg	ascii	armonik	encode	default	20	1349.6	1330.8	1412.4	0.060	1344.3	1359.2
codec-U	U-deep-u-msg	U-deep-u-msg	ascii	core-native	encode	drop	20	245.4	242.4	252.5	0.041	243.4	247.8
codec-U	U-deep-u-msg	U-deep-u-msg	ascii	core-ffi	encode	drop	20	538.4	526.2	634.4	0.201	536.6	543.5
codec-U	U-deep-u-msg	U-deep-u-msg	ascii	core-native	encode	retain	20	295.5	291.2	307.5	0.055	293.8	298.0
codec-U	U-deep-u-msg	U-deep-u-msg	ascii	core-ffi	encode	retain	20	555.3	546.2	582.6	0.066	549.9	557.3
codec-U	U-wire-DualResponse-left-as-wt5	U-wire-DualResponse-left-as-wt5	ascii	core-native	encode	drop	20	43.0	41.9	46.1	0.097	42.6	43.3
codec-U	U-wire-DualResponse-left-as-wt5	U-wire-DualResponse-left-as-wt5	ascii	core-ffi	encode	drop	20	87.3	83.7	90.4	0.077	86.3	88.7
codec-U	U-wire-DualResponse-left-as-wt5	U-wire-DualResponse-left-as-wt5	ascii	core-native	encode	retain	20	56.1	54.3	57.3	0.052	55.6	56.4
codec-U	U-wire-DualResponse-left-as-wt5	U-wire-DualResponse-left-as-wt5	ascii	core-ffi	encode	retain	20	86.6	83.9	91.1	0.083	85.3	87.6
codec-U	U-nested-u-len	U-nested-u-len	ascii	incumbent-prod	encode	default	20	264.4	258.8	275.8	0.064	262.8	268.8
codec-U	U-nested-u-len	U-nested-u-len	ascii	armonik	encode	default	20	275.8	271.9	285.9	0.051	274.3	277.4
codec-U	U-nested-u-len	U-nested-u-len	ascii	core-native	encode	drop	20	44.9	44.0	46.7	0.061	44.6	45.3
codec-U	U-nested-u-len	U-nested-u-len	ascii	core-ffi	encode	drop	20	95.2	93.9	97.7	0.041	94.8	95.8
codec-U	U-nested-u-len	U-nested-u-len	ascii	core-native	encode	retain	20	59.0	57.3	60.9	0.061	58.5	59.6
codec-U	U-nested-u-len	U-nested-u-len	ascii	core-ffi	encode	retain	20	105.2	101.4	106.9	0.052	104.5	105.6
codec-U	U-nested-u-len	U-nested-u-len	ascii	incumbent-prod	decode-read	default	20	315.9	305.7	363.8	0.184	312.2	322.2
codec-U	U-nested-u-len	U-nested-u-len	ascii	armonik	decode-read	default	20	302.0	295.9	311.7	0.052	298.7	306.3
codec-U	U-nested-u-len	U-nested-u-len	ascii	core-native	decode-read	drop	20	249.5	241.8	269.7	0.112	245.3	260.8
codec-U	U-nested-u-len	U-nested-u-len	ascii	core-ffi	decode-read	drop	20	415.2	403.2	436.2	0.080	411.5	419.9
codec-U	U-nested-u-len	U-nested-u-len	ascii	core-ffi-pull	decode-read	drop	20	429.0	417.5	444.8	0.064	423.7	431.3
codec-U	U-nested-u-len	U-nested-u-len	ascii	core-native	decode-read	retain	20	266.4	253.9	280.9	0.101	257.7	276.2
codec-U	U-nested-u-len	U-nested-u-len	ascii	core-ffi	decode-read	retain	20	477.8	471.5	538.5	0.140	473.9	481.3
codec-U	U-nested-u-len	U-nested-u-len	ascii	core-ffi-pull	decode-read	retain	20	492.4	473.6	555.4	0.166	486.4	503.2
codec-U	U-wire-ListTaskSummaryResponse-tasks-as-wt5	U-wire-ListTaskSummaryResponse-tasks-as-wt5	ascii	core-native	decode-read	drop	20	1724.9	1703.5	1750.5	0.027	1719.4	1732.5
codec-U	U-wire-ListTaskSummaryResponse-tasks-as-wt5	U-wire-ListTaskSummaryResponse-tasks-as-wt5	ascii	core-ffi	decode-read	drop	20	2381.6	2349.5	2418.7	0.029	2371.0	2401.2
codec-U	U-wire-ListTaskSummaryResponse-tasks-as-wt5	U-wire-ListTaskSummaryResponse-tasks-as-wt5	ascii	core-ffi-pull	decode-read	drop	20	2412.7	2351.0	2477.0	0.052	2386.4	2428.5
codec-U	U-wire-ListTaskSummaryResponse-tasks-as-wt5	U-wire-ListTaskSummaryResponse-tasks-as-wt5	ascii	core-native	decode-read	retain	20	1776.3	1751.9	1796.4	0.025	1766.6	1779.4
codec-U	U-wire-ListTaskSummaryResponse-tasks-as-wt5	U-wire-ListTaskSummaryResponse-tasks-as-wt5	ascii	core-ffi	decode-read	retain	20	2510.2	2469.9	2583.1	0.045	2500.5	2540.0
codec-U	U-wire-ListTaskSummaryResponse-tasks-as-wt5	U-wire-ListTaskSummaryResponse-tasks-as-wt5	ascii	core-ffi-pull	decode-read	retain	20	2514.6	2482.1	2564.8	0.033	2503.1	2532.7
codec-U	U-root-interleaved	U-root-interleaved	ascii	incumbent-prod	decode	default	20	584.1	553.7	729.3	0.301	579.0	623.7
codec-U	U-root-interleaved	U-root-interleaved	ascii	armonik	decode	default	20	582.2	553.0	727.1	0.299	573.7	618.3
codec-U	U-root-interleaved	U-root-interleaved	ascii	core-native	decode	drop	20	446.6	420.4	549.0	0.288	437.7	474.3
codec-U	U-root-interleaved	U-root-interleaved	ascii	core-ffi	decode	drop	20	720.3	672.7	883.5	0.293	706.3	735.0
codec-U	U-root-interleaved	U-root-interleaved	ascii	core-ffi-pull	decode	drop	20	723.9	693.2	892.1	0.275	711.6	786.9
codec-U	U-root-interleaved	U-root-interleaved	ascii	core-native	decode	retain	20	569.4	530.8	700.9	0.299	557.2	604.8
codec-U	U-root-interleaved	U-root-interleaved	ascii	core-ffi	decode	retain	20	932.7	891.7	1156.0	0.283	924.0	1012.0
codec-U	U-root-interleaved	U-root-interleaved	ascii	core-ffi-pull	decode	retain	20	943.2	896.6	1159.6	0.279	903.4	1003.1
codec-U	U-wire-ListTaskSummaryResponse-tasks-as-wt0	U-wire-ListTaskSummaryResponse-tasks-as-wt0	ascii	core-native	decode	drop	20	1342.7	1250.4	1409.2	0.118	1303.5	1352.7
codec-U	U-wire-ListTaskSummaryResponse-tasks-as-wt0	U-wire-ListTaskSummaryResponse-tasks-as-wt0	ascii	core-ffi	decode	drop	20	1864.9	1750.0	1970.1	0.118	1828.6	1878.3
codec-U	U-wire-ListTaskSummaryResponse-tasks-as-wt0	U-wire-ListTaskSummaryResponse-tasks-as-wt0	ascii	core-ffi-pull	decode	drop	20	1886.1	1783.8	2208.9	0.225	1856.3	1906.7
codec-U	U-wire-ListTaskSummaryResponse-tasks-as-wt0	U-wire-ListTaskSummaryResponse-tasks-as-wt0	ascii	core-native	decode	retain	20	1369.8	1300.9	1489.0	0.137	1361.2	1378.8
codec-U	U-wire-ListTaskSummaryResponse-tasks-as-wt0	U-wire-ListTaskSummaryResponse-tasks-as-wt0	ascii	core-ffi	decode	retain	20	1973.1	1850.7	2098.8	0.126	1953.3	1994.9
codec-U	U-wire-ListTaskSummaryResponse-tasks-as-wt0	U-wire-ListTaskSummaryResponse-tasks-as-wt0	ascii	core-ffi-pull	decode	retain	20	1991.7	1870.0	2151.3	0.141	1976.3	2000.0
codec-U	U-oneof-member-before-known	U-oneof-member-before-known	ascii	incumbent-prod	encode	default	20	100.1	94.1	107.7	0.136	97.0	103.0
codec-U	U-oneof-member-before-known	U-oneof-member-before-known	ascii	armonik	encode	default	20	96.0	91.0	108.9	0.186	94.7	98.9
codec-U	U-oneof-member-before-known	U-oneof-member-before-known	ascii	core-native	encode	drop	20	17.5	17.1	18.3	0.069	17.3	17.7
codec-U	U-oneof-member-before-known	U-oneof-member-before-known	ascii	core-ffi	encode	drop	20	36.9	36.3	38.8	0.068	36.6	37.2
codec-U	U-oneof-member-before-known	U-oneof-member-before-known	ascii	core-native	encode	retain	20	22.0	20.7	23.0	0.103	21.9	22.2
codec-U	U-oneof-member-before-known	U-oneof-member-before-known	ascii	core-ffi	encode	retain	20	43.2	42.4	43.8	0.033	42.9	43.5
codec-U	U-root-u-msg	U-root-u-msg	ascii	incumbent-prod	decode	default	20	490.0	480.4	514.7	0.070	486.1	495.0
codec-U	U-root-u-msg	U-root-u-msg	ascii	armonik	decode	default	20	509.0	499.6	523.5	0.047	507.3	515.0
codec-U	U-root-u-msg	U-root-u-msg	ascii	core-native	decode	drop	20	420.5	414.2	430.1	0.038	417.9	424.4
codec-U	U-root-u-msg	U-root-u-msg	ascii	core-ffi	decode	drop	20	669.5	655.4	683.9	0.043	662.7	674.4
codec-U	U-root-u-msg	U-root-u-msg	ascii	core-ffi-pull	decode	drop	20	673.8	669.4	683.7	0.021	672.2	676.8
codec-U	U-root-u-msg	U-root-u-msg	ascii	core-native	decode	retain	20	426.6	419.8	441.5	0.051	425.2	428.6
codec-U	U-root-u-msg	U-root-u-msg	ascii	core-ffi	decode	retain	20	722.2	713.5	832.5	0.165	719.7	726.3
codec-U	U-root-u-msg	U-root-u-msg	ascii	core-ffi-pull	decode	retain	20	731.0	724.0	742.7	0.026	729.0	733.5
codec-U	U-wire-ListResultsResponse-page-as-wt5	U-wire-ListResultsResponse-page-as-wt5	ascii	core-native	decode	drop	20	402.1	396.1	410.3	0.035	398.9	404.1
codec-U	U-wire-ListResultsResponse-page-as-wt5	U-wire-ListResultsResponse-page-as-wt5	ascii	core-ffi	decode	drop	20	641.9	635.3	654.8	0.030	638.0	647.3
codec-U	U-wire-ListResultsResponse-page-as-wt5	U-wire-ListResultsResponse-page-as-wt5	ascii	core-ffi-pull	decode	drop	20	653.3	642.2	663.5	0.033	649.7	656.0
codec-U	U-wire-ListResultsResponse-page-as-wt5	U-wire-ListResultsResponse-page-as-wt5	ascii	core-native	decode	retain	20	400.0	394.2	413.0	0.047	398.5	403.0
codec-U	U-wire-ListResultsResponse-page-as-wt5	U-wire-ListResultsResponse-page-as-wt5	ascii	core-ffi	decode	retain	20	690.9	678.4	705.9	0.040	687.2	696.4
codec-U	U-wire-ListResultsResponse-page-as-wt5	U-wire-ListResultsResponse-page-as-wt5	ascii	core-ffi-pull	decode	retain	20	701.3	692.8	712.7	0.028	699.4	704.5
codec-U	U-leaf-u-fixed32	U-leaf-u-fixed32	ascii	incumbent-prod	decode-read	default	20	256.8	246.2	347.4	0.394	251.0	323.6
codec-U	U-leaf-u-fixed32	U-leaf-u-fixed32	ascii	armonik	decode-read	default	20	264.6	255.8	340.6	0.320	256.9	331.9
codec-U	U-leaf-u-fixed32	U-leaf-u-fixed32	ascii	core-native	decode-read	drop	20	221.1	205.1	336.2	0.593	210.7	282.7
codec-U	U-leaf-u-fixed32	U-leaf-u-fixed32	ascii	core-ffi	decode-read	drop	20	345.9	340.3	673.7	0.964	344.4	444.4
codec-U	U-leaf-u-fixed32	U-leaf-u-fixed32	ascii	core-ffi-pull	decode-read	drop	20	359.0	351.5	481.4	0.362	357.2	453.3
codec-U	U-leaf-u-fixed32	U-leaf-u-fixed32	ascii	core-native	decode-read	retain	20	250.0	237.0	329.4	0.370	239.5	302.3
codec-U	U-leaf-u-fixed32	U-leaf-u-fixed32	ascii	core-ffi	decode-read	retain	20	411.9	405.2	550.8	0.354	407.9	523.2
codec-U	U-leaf-u-fixed32	U-leaf-u-fixed32	ascii	core-ffi-pull	decode-read	retain	20	423.1	416.0	549.5	0.316	419.0	528.4
codec-U	U-wire-DualResponse-left-as-wt0	U-wire-DualResponse-left-as-wt0	ascii	core-native	decode	drop	20	177.0	172.9	218.6	0.258	176.3	182.5
codec-U	U-wire-DualResponse-left-as-wt0	U-wire-DualResponse-left-as-wt0	ascii	core-ffi	decode	drop	20	250.6	245.3	339.9	0.378	248.7	256.5
codec-U	U-wire-DualResponse-left-as-wt0	U-wire-DualResponse-left-as-wt0	ascii	core-ffi-pull	decode	drop	20	269.8	264.7	297.7	0.122	266.9	273.9
codec-U	U-wire-DualResponse-left-as-wt0	U-wire-DualResponse-left-as-wt0	ascii	core-native	decode	retain	20	192.7	185.7	246.9	0.318	190.0	196.3
codec-U	U-wire-DualResponse-left-as-wt0	U-wire-DualResponse-left-as-wt0	ascii	core-ffi	decode	retain	20	311.5	303.7	376.6	0.234	310.5	314.5
codec-U	U-wire-DualResponse-left-as-wt0	U-wire-DualResponse-left-as-wt0	ascii	core-ffi-pull	decode	retain	20	333.1	323.8	378.9	0.165	327.3	339.7
codec-U	U-root-max-tag	U-root-max-tag	ascii	incumbent-prod	decode	default	20	517.2	492.1	658.9	0.322	505.8	531.4
codec-U	U-root-max-tag	U-root-max-tag	ascii	armonik	decode	default	20	539.2	508.3	582.4	0.137	526.6	548.4
codec-U	U-root-max-tag	U-root-max-tag	ascii	core-native	decode	drop	20	441.7	418.1	464.7	0.106	434.2	451.4
codec-U	U-root-max-tag	U-root-max-tag	ascii	core-ffi	decode	drop	20	707.5	673.8	768.9	0.134	687.3	725.3
codec-U	U-root-max-tag	U-root-max-tag	ascii	core-ffi-pull	decode	drop	20	704.5	667.5	752.8	0.121	679.4	715.7
codec-U	U-root-max-tag	U-root-max-tag	ascii	core-native	decode	retain	20	448.7	425.5	458.7	0.074	435.3	454.9
codec-U	U-root-max-tag	U-root-max-tag	ascii	core-ffi	decode	retain	20	744.8	717.5	797.8	0.108	727.3	770.6
codec-U	U-root-max-tag	U-root-max-tag	ascii	core-ffi-pull	decode	retain	20	748.9	717.9	847.1	0.172	733.2	778.4
codec-U	U-deep-u-fixed32	U-deep-u-fixed32	ascii	incumbent-prod	decode	default	20	1635.1	1590.8	1826.7	0.144	1612.3	1684.6
codec-U	U-deep-u-fixed32	U-deep-u-fixed32	ascii	armonik	decode	default	20	1572.4	1490.1	1728.4	0.152	1527.9	1587.3
codec-U	U-deep-u-fixed32	U-deep-u-fixed32	ascii	core-native	decode	drop	20	1291.2	1221.5	1804.9	0.452	1242.3	1321.4
codec-U	U-deep-u-fixed32	U-deep-u-fixed32	ascii	core-ffi	decode	drop	20	2132.2	2068.2	2512.1	0.208	2091.1	2158.3
codec-U	U-deep-u-fixed32	U-deep-u-fixed32	ascii	core-ffi-pull	decode	drop	20	2105.3	2043.8	2350.3	0.146	2081.3	2131.1
codec-U	U-deep-u-fixed32	U-deep-u-fixed32	ascii	core-native	decode	retain	20	1373.8	1254.0	1592.7	0.247	1283.5	1396.4
codec-U	U-deep-u-fixed32	U-deep-u-fixed32	ascii	core-ffi	decode	retain	20	2344.9	2257.9	2698.3	0.188	2295.1	2389.3
codec-U	U-deep-u-fixed32	U-deep-u-fixed32	ascii	core-ffi-pull	decode	retain	20	2300.9	2224.7	2642.3	0.181	2254.6	2352.3
codec-U	U-wire-ListTasksDetailedResponse-tasks-as-wt0	U-wire-ListTasksDetailedResponse-tasks-as-wt0	ascii	core-native	decode-read	drop	20	2840.4	2814.5	3161.9	0.122	2832.4	2880.7
codec-U	U-wire-ListTasksDetailedResponse-tasks-as-wt0	U-wire-ListTasksDetailedResponse-tasks-as-wt0	ascii	core-ffi	decode-read	drop	20	4539.7	4465.9	4784.6	0.070	4509.1	4594.3
codec-U	U-wire-ListTasksDetailedResponse-tasks-as-wt0	U-wire-ListTasksDetailedResponse-tasks-as-wt0	ascii	core-ffi-pull	decode-read	drop	20	4433.9	4347.6	4712.5	0.082	4402.8	4520.5
codec-U	U-wire-ListTasksDetailedResponse-tasks-as-wt0	U-wire-ListTasksDetailedResponse-tasks-as-wt0	ascii	core-native	decode-read	retain	20	2919.5	2869.6	3049.9	0.062	2904.6	2953.2
codec-U	U-wire-ListTasksDetailedResponse-tasks-as-wt0	U-wire-ListTasksDetailedResponse-tasks-as-wt0	ascii	core-ffi	decode-read	retain	20	4704.6	4616.1	4957.0	0.072	4662.8	4778.2
codec-U	U-wire-ListTasksDetailedResponse-tasks-as-wt0	U-wire-ListTasksDetailedResponse-tasks-as-wt0	ascii	core-ffi-pull	decode-read	retain	20	4597.4	4493.2	4836.6	0.075	4540.4	4631.5
codec-U	U-root-group	U-root-group	ascii	incumbent-prod	encode	default	20	613.9	471.1	636.6	0.270	484.6	620.3
codec-U	U-root-group	U-root-group	ascii	armonik	encode	default	20	637.0	494.5	663.0	0.265	504.0	645.2
codec-U	U-root-group	U-root-group	ascii	core-native	encode	drop	20	96.6	75.3	102.4	0.281	76.8	98.3
codec-U	U-root-group	U-root-group	ascii	core-ffi	encode	drop	20	187.7	145.4	198.7	0.284	146.7	191.8
codec-U	U-root-group	U-root-group	ascii	core-native	encode	retain	20	125.9	96.9	129.6	0.260	98.0	127.6
codec-U	U-root-group	U-root-group	ascii	core-ffi	encode	retain	20	206.5	158.4	214.0	0.269	160.7	210.7
codec-U	U-oneof-u-varint	U-oneof-u-varint	ascii	incumbent-prod	encode	default	20	129.4	105.8	138.7	0.254	125.5	131.2
codec-U	U-oneof-u-varint	U-oneof-u-varint	ascii	armonik	encode	default	20	122.5	118.0	135.9	0.147	118.8	125.6
codec-U	U-oneof-u-varint	U-oneof-u-varint	ascii	core-native	encode	drop	20	22.5	19.5	26.5	0.312	22.1	22.7
codec-U	U-oneof-u-varint	U-oneof-u-varint	ascii	core-ffi	encode	drop	20	46.8	39.0	57.0	0.383	46.7	47.1
codec-U	U-oneof-u-varint	U-oneof-u-varint	ascii	core-native	encode	retain	20	28.6	23.7	33.5	0.343	27.9	29.4
codec-U	U-oneof-u-varint	U-oneof-u-varint	ascii	core-ffi	encode	retain	20	56.5	44.7	65.6	0.368	55.7	57.3
codec-U	U-wire-ListProbeResponse-probes-as-wt5	U-wire-ListProbeResponse-probes-as-wt5	ascii	core-native	decode-read	drop	20	205.1	194.6	211.3	0.081	202.1	207.5
codec-U	U-wire-ListProbeResponse-probes-as-wt5	U-wire-ListProbeResponse-probes-as-wt5	ascii	core-ffi	decode-read	drop	20	321.6	309.8	335.1	0.079	315.9	323.5
codec-U	U-wire-ListProbeResponse-probes-as-wt5	U-wire-ListProbeResponse-probes-as-wt5	ascii	core-ffi-pull	decode-read	drop	20	338.6	328.7	350.3	0.064	333.9	341.7
codec-U	U-wire-ListProbeResponse-probes-as-wt5	U-wire-ListProbeResponse-probes-as-wt5	ascii	core-native	decode-read	retain	20	218.6	211.2	227.5	0.075	215.1	220.5
codec-U	U-wire-ListProbeResponse-probes-as-wt5	U-wire-ListProbeResponse-probes-as-wt5	ascii	core-ffi	decode-read	retain	20	378.6	361.4	430.6	0.183	374.9	380.8
codec-U	U-wire-ListProbeResponse-probes-as-wt5	U-wire-ListProbeResponse-probes-as-wt5	ascii	core-ffi-pull	decode-read	retain	20	390.2	376.1	407.9	0.081	386.2	394.4
codec-U	U-leaf-all	U-leaf-all	ascii	incumbent-prod	encode	default	20	270.2	261.1	305.3	0.164	265.4	276.5
codec-U	U-leaf-all	U-leaf-all	ascii	armonik	encode	default	20	277.8	274.4	296.0	0.078	277.0	281.9
codec-U	U-leaf-all	U-leaf-all	ascii	core-native	encode	drop	20	45.8	44.4	48.1	0.082	45.3	46.0
codec-U	U-leaf-all	U-leaf-all	ascii	core-ffi	encode	drop	20	95.3	94.4	101.0	0.070	94.7	95.9
codec-U	U-leaf-all	U-leaf-all	ascii	core-native	encode	retain	20	71.2	70.4	76.7	0.089	70.8	71.9
codec-U	U-leaf-all	U-leaf-all	ascii	core-ffi	encode	retain	20	123.6	119.6	130.7	0.089	121.4	125.4
codec-U	U-root-u-repeated	U-root-u-repeated	ascii	incumbent-prod	encode	default	20	613.9	471.9	752.4	0.457	492.6	629.2
codec-U	U-root-u-repeated	U-root-u-repeated	ascii	armonik	encode	default	20	634.4	492.9	711.6	0.345	518.4	644.8
codec-U	U-root-u-repeated	U-root-u-repeated	ascii	core-native	encode	drop	20	96.0	75.7	106.6	0.321	78.9	98.9
codec-U	U-root-u-repeated	U-root-u-repeated	ascii	core-ffi	encode	drop	20	188.0	146.0	201.5	0.295	153.3	191.2
codec-U	U-root-u-repeated	U-root-u-repeated	ascii	core-native	encode	retain	20	124.9	95.3	146.9	0.413	103.0	126.4
codec-U	U-root-u-repeated	U-root-u-repeated	ascii	core-ffi	encode	retain	20	203.5	159.0	219.1	0.295	160.2	206.3
codec-U	U-oneof-before	U-oneof-before	ascii	incumbent-prod	decode	default	20	212.2	169.0	219.7	0.239	209.3	217.2
codec-U	U-oneof-before	U-oneof-before	ascii	armonik	decode	default	20	202.7	161.8	230.1	0.337	199.3	206.6
codec-U	U-oneof-before	U-oneof-before	ascii	core-native	decode	drop	20	121.6	94.2	147.9	0.442	120.0	123.5
codec-U	U-oneof-before	U-oneof-before	ascii	core-ffi	decode	drop	20	204.5	158.2	224.2	0.323	201.1	207.6
codec-U	U-oneof-before	U-oneof-before	ascii	core-ffi-pull	decode	drop	20	212.3	162.5	471.4	1.455	208.7	220.4
codec-U	U-oneof-before	U-oneof-before	ascii	core-native	decode	retain	20	235.2	186.6	301.6	0.489	228.7	238.1
codec-U	U-oneof-before	U-oneof-before	ascii	core-ffi	decode	retain	20	425.8	329.8	443.6	0.267	422.8	431.1
codec-U	U-oneof-before	U-oneof-before	ascii	core-ffi-pull	decode	retain	20	433.8	347.9	454.6	0.246	427.2	439.9
codec-U	U-deep-u-repeated	U-deep-u-repeated	ascii	incumbent-prod	encode	default	20	1055.8	1017.1	1811.3	0.752	1034.1	1072.9
codec-U	U-deep-u-repeated	U-deep-u-repeated	ascii	armonik	encode	default	20	1081.9	1052.0	1799.5	0.691	1060.2	1098.8
codec-U	U-deep-u-repeated	U-deep-u-repeated	ascii	core-native	encode	drop	20	199.1	189.9	352.7	0.818	195.7	203.6
codec-U	U-deep-u-repeated	U-deep-u-repeated	ascii	core-ffi	encode	drop	20	426.9	411.6	924.1	1.200	417.2	434.9
codec-U	U-deep-u-repeated	U-deep-u-repeated	ascii	core-native	encode	retain	20	236.6	228.3	462.3	0.989	234.5	249.2
codec-U	U-deep-u-repeated	U-deep-u-repeated	ascii	core-ffi	encode	retain	20	442.0	427.1	976.5	1.243	433.8	475.9
codec-U	U-wire-ListResultsResponse-results-as-wt5	U-wire-ListResultsResponse-results-as-wt5	ascii	core-native	decode	drop	20	403.1	393.7	530.7	0.340	397.4	406.5
codec-U	U-wire-ListResultsResponse-results-as-wt5	U-wire-ListResultsResponse-results-as-wt5	ascii	core-ffi	decode	drop	20	645.9	638.8	871.4	0.360	642.2	673.2
codec-U	U-wire-ListResultsResponse-results-as-wt5	U-wire-ListResultsResponse-results-as-wt5	ascii	core-ffi-pull	decode	drop	20	658.8	641.6	912.2	0.411	649.5	686.4
codec-U	U-wire-ListResultsResponse-results-as-wt5	U-wire-ListResultsResponse-results-as-wt5	ascii	core-native	decode	retain	20	407.9	396.8	764.7	0.902	400.3	423.4
codec-U	U-wire-ListResultsResponse-results-as-wt5	U-wire-ListResultsResponse-results-as-wt5	ascii	core-ffi	decode	retain	20	701.0	692.8	1160.3	0.667	695.9	723.5
codec-U	U-wire-ListResultsResponse-results-as-wt5	U-wire-ListResultsResponse-results-as-wt5	ascii	core-ffi-pull	decode	retain	20	708.0	699.4	952.0	0.357	702.5	724.6
codec-U	U-wire-UploadResultDataMessage-upload-as-wt0	U-wire-UploadResultDataMessage-upload-as-wt0	ascii	core-native	encode	drop	20	16.9	16.1	18.5	0.145	16.5	17.2
codec-U	U-wire-UploadResultDataMessage-upload-as-wt0	U-wire-UploadResultDataMessage-upload-as-wt0	ascii	core-ffi	encode	drop	20	33.0	32.3	35.5	0.096	32.8	33.5
codec-U	U-wire-UploadResultDataMessage-upload-as-wt0	U-wire-UploadResultDataMessage-upload-as-wt0	ascii	core-native	encode	retain	20	20.5	19.9	21.2	0.062	20.4	20.8
codec-U	U-wire-UploadResultDataMessage-upload-as-wt0	U-wire-UploadResultDataMessage-upload-as-wt0	ascii	core-ffi	encode	retain	20	36.3	35.1	39.7	0.127	35.9	36.9
codec-U	U-leaf-u-packed	U-leaf-u-packed	ascii	incumbent-prod	decode-read	default	20	328.9	318.2	341.7	0.071	324.8	333.0
codec-U	U-leaf-u-packed	U-leaf-u-packed	ascii	armonik	decode-read	default	20	319.4	309.3	336.8	0.086	315.6	327.3
codec-U	U-leaf-u-packed	U-leaf-u-packed	ascii	core-native	decode-read	drop	20	259.3	252.0	285.7	0.130	254.0	263.2
codec-U	U-leaf-u-packed	U-leaf-u-packed	ascii	core-ffi	decode-read	drop	20	423.3	415.1	448.0	0.078	420.6	430.6
codec-U	U-leaf-u-packed	U-leaf-u-packed	ascii	core-ffi-pull	decode-read	drop	20	437.1	426.8	462.1	0.081	431.2	441.0
codec-U	U-leaf-u-packed	U-leaf-u-packed	ascii	core-native	decode-read	retain	20	285.9	277.6	312.3	0.122	283.2	292.8
codec-U	U-leaf-u-packed	U-leaf-u-packed	ascii	core-ffi	decode-read	retain	20	507.6	496.0	554.6	0.116	501.9	521.6
codec-U	U-leaf-u-packed	U-leaf-u-packed	ascii	core-ffi-pull	decode-read	retain	20	518.2	503.6	600.4	0.187	511.1	528.8
codec-U	U-wire-ListResultsResponse-results-as-wt1	U-wire-ListResultsResponse-results-as-wt1	ascii	core-native	encode	drop	20	99.6	95.3	105.4	0.102	97.3	103.2
codec-U	U-wire-ListResultsResponse-results-as-wt1	U-wire-ListResultsResponse-results-as-wt1	ascii	core-ffi	encode	drop	20	189.2	183.4	208.2	0.131	186.0	193.4
codec-U	U-wire-ListResultsResponse-results-as-wt1	U-wire-ListResultsResponse-results-as-wt1	ascii	core-native	encode	retain	20	128.4	124.6	144.1	0.152	126.7	131.5
codec-U	U-wire-ListResultsResponse-results-as-wt1	U-wire-ListResultsResponse-results-as-wt1	ascii	core-ffi	encode	retain	20	208.5	201.8	219.0	0.082	206.4	212.8
codec-U	U-wire-ListResultsResponse-results-as-wt1	U-wire-ListResultsResponse-results-as-wt1	ascii	core-native	decode	drop	20	508.8	501.9	529.8	0.055	504.3	512.8
codec-U	U-wire-ListResultsResponse-results-as-wt1	U-wire-ListResultsResponse-results-as-wt1	ascii	core-ffi	decode	drop	20	829.2	811.2	863.0	0.063	823.8	836.8
codec-U	U-wire-ListResultsResponse-results-as-wt1	U-wire-ListResultsResponse-results-as-wt1	ascii	core-ffi-pull	decode	drop	20	834.6	819.1	852.7	0.040	828.1	838.6
codec-U	U-wire-ListResultsResponse-results-as-wt1	U-wire-ListResultsResponse-results-as-wt1	ascii	core-native	decode	retain	20	515.5	506.3	548.1	0.081	512.1	519.9
codec-U	U-wire-ListResultsResponse-results-as-wt1	U-wire-ListResultsResponse-results-as-wt1	ascii	core-ffi	decode	retain	20	896.2	874.2	961.1	0.097	887.5	906.4
codec-U	U-wire-ListResultsResponse-results-as-wt1	U-wire-ListResultsResponse-results-as-wt1	ascii	core-ffi-pull	decode	retain	20	905.3	886.3	941.5	0.061	894.9	918.8
codec-U	U-root-u-repeated	U-root-u-repeated	ascii	incumbent-prod	decode-read	default	20	670.4	653.2	685.6	0.048	666.1	674.6
codec-U	U-root-u-repeated	U-root-u-repeated	ascii	armonik	decode-read	default	20	684.2	658.5	717.4	0.086	670.1	703.3
codec-U	U-root-u-repeated	U-root-u-repeated	ascii	core-native	decode-read	drop	20	560.4	545.1	618.2	0.130	557.7	567.1
codec-U	U-root-u-repeated	U-root-u-repeated	ascii	core-ffi	decode-read	drop	20	883.9	850.3	909.3	0.067	864.9	888.8
codec-U	U-root-u-repeated	U-root-u-repeated	ascii	core-ffi-pull	decode-read	drop	20	886.3	869.0	928.3	0.067	879.6	900.3
codec-U	U-root-u-repeated	U-root-u-repeated	ascii	core-native	decode-read	retain	20	612.5	586.5	641.3	0.089	599.7	617.7
codec-U	U-root-u-repeated	U-root-u-repeated	ascii	core-ffi	decode-read	retain	20	959.0	929.6	1018.3	0.093	948.3	963.2
codec-U	U-root-u-repeated	U-root-u-repeated	ascii	core-ffi-pull	decode-read	retain	20	976.7	940.4	1014.5	0.076	962.0	982.8
codec-U	U-root-u-fixed64	U-root-u-fixed64	ascii	incumbent-prod	decode	default	20	632.1	613.4	670.2	0.090	624.9	643.3
codec-U	U-root-u-fixed64	U-root-u-fixed64	ascii	armonik	decode	default	20	638.6	610.2	688.7	0.123	628.5	652.4
codec-U	U-root-u-fixed64	U-root-u-fixed64	ascii	core-native	decode	drop	20	522.6	500.7	618.8	0.226	509.6	531.9
codec-U	U-root-u-fixed64	U-root-u-fixed64	ascii	core-ffi	decode	drop	20	836.1	789.7	937.6	0.177	832.2	865.6
codec-U	U-root-u-fixed64	U-root-u-fixed64	ascii	core-ffi-pull	decode	drop	20	850.9	810.5	961.0	0.177	831.1	865.4
codec-U	U-root-u-fixed64	U-root-u-fixed64	ascii	core-native	decode	retain	20	525.1	500.7	566.8	0.126	511.8	532.5
codec-U	U-root-u-fixed64	U-root-u-fixed64	ascii	core-ffi	decode	retain	20	911.9	883.1	952.5	0.076	892.6	921.3
codec-U	U-root-u-fixed64	U-root-u-fixed64	ascii	core-ffi-pull	decode	retain	20	918.2	888.9	1002.3	0.124	908.7	941.5
codec-U	U-deep-u-packed	U-deep-u-packed	ascii	incumbent-prod	decode	default	20	2060.4	2008.5	2333.1	0.158	2048.0	2122.3
codec-U	U-deep-u-packed	U-deep-u-packed	ascii	armonik	decode	default	20	2000.5	1961.1	2335.0	0.187	1978.8	2035.9
codec-U	U-deep-u-packed	U-deep-u-packed	ascii	core-native	decode	drop	20	1636.9	1591.3	1690.0	0.060	1604.0	1652.9
codec-U	U-deep-u-packed	U-deep-u-packed	ascii	core-ffi	decode	drop	20	2702.7	2658.5	3134.5	0.176	2672.3	2757.1
codec-U	U-deep-u-packed	U-deep-u-packed	ascii	core-ffi-pull	decode	drop	20	2712.7	2609.6	2959.4	0.129	2633.6	2753.1
codec-U	U-deep-u-packed	U-deep-u-packed	ascii	core-native	decode	retain	20	1686.4	1639.7	1775.4	0.080	1667.2	1691.9
codec-U	U-deep-u-packed	U-deep-u-packed	ascii	core-ffi	decode	retain	20	2867.2	2814.4	4051.7	0.432	2838.6	2898.2
codec-U	U-deep-u-packed	U-deep-u-packed	ascii	core-ffi-pull	decode	retain	20	2808.5	2731.2	4221.6	0.531	2761.9	2919.1
codec-U	U-wire-ListProbeResponse-probes-as-wt0	U-wire-ListProbeResponse-probes-as-wt0	ascii	core-native	decode	drop	20	195.4	192.6	201.0	0.043	193.9	196.2
codec-U	U-wire-ListProbeResponse-probes-as-wt0	U-wire-ListProbeResponse-probes-as-wt0	ascii	core-ffi	decode	drop	20	314.9	311.2	322.1	0.035	313.6	317.0
codec-U	U-wire-ListProbeResponse-probes-as-wt0	U-wire-ListProbeResponse-probes-as-wt0	ascii	core-ffi-pull	decode	drop	20	331.7	326.2	343.6	0.052	329.5	334.3
codec-U	U-wire-ListProbeResponse-probes-as-wt0	U-wire-ListProbeResponse-probes-as-wt0	ascii	core-native	decode	retain	20	207.4	205.2	212.8	0.037	206.7	209.7
codec-U	U-wire-ListProbeResponse-probes-as-wt0	U-wire-ListProbeResponse-probes-as-wt0	ascii	core-ffi	decode	retain	20	367.2	362.7	387.3	0.067	365.7	370.9
codec-U	U-wire-ListProbeResponse-probes-as-wt0	U-wire-ListProbeResponse-probes-as-wt0	ascii	core-ffi-pull	decode	retain	20	377.6	371.9	385.7	0.037	375.7	380.6
codec-U	U-oneof-interleaved	U-oneof-interleaved	ascii	incumbent-prod	decode	default	20	209.3	206.0	216.7	0.051	207.9	212.2
codec-U	U-oneof-interleaved	U-oneof-interleaved	ascii	armonik	decode	default	20	202.6	196.6	218.0	0.106	200.1	207.1
codec-U	U-oneof-interleaved	U-oneof-interleaved	ascii	core-native	decode	drop	20	121.0	118.1	129.9	0.098	120.3	122.1
codec-U	U-oneof-interleaved	U-oneof-interleaved	ascii	core-ffi	decode	drop	20	194.9	188.4	205.2	0.086	191.0	199.4
codec-U	U-oneof-interleaved	U-oneof-interleaved	ascii	core-ffi-pull	decode	drop	20	201.3	195.2	212.2	0.085	198.1	204.1
codec-U	U-oneof-interleaved	U-oneof-interleaved	ascii	core-native	decode	retain	20	236.7	222.8	254.3	0.133	234.1	240.0
codec-U	U-oneof-interleaved	U-oneof-interleaved	ascii	core-ffi	decode	retain	20	428.1	417.0	473.1	0.131	425.1	430.8
codec-U	U-oneof-interleaved	U-oneof-interleaved	ascii	core-ffi-pull	decode	retain	20	433.5	428.8	440.0	0.026	431.8	435.2
codec-U	U-wire-ListTasksDetailedResponse-tasks-as-wt5	U-wire-ListTasksDetailedResponse-tasks-as-wt5	ascii	core-native	decode-read	drop	20	3614.3	3583.5	4947.9	0.377	3587.6	3629.8
codec-U	U-wire-ListTasksDetailedResponse-tasks-as-wt5	U-wire-ListTasksDetailedResponse-tasks-as-wt5	ascii	core-ffi	decode-read	drop	20	5777.4	5674.6	7068.9	0.241	5728.9	5846.9
codec-U	U-wire-ListTasksDetailedResponse-tasks-as-wt5	U-wire-ListTasksDetailedResponse-tasks-as-wt5	ascii	core-ffi-pull	decode-read	drop	20	5631.7	5501.0	5937.3	0.077	5618.7	5678.4
codec-U	U-wire-ListTasksDetailedResponse-tasks-as-wt5	U-wire-ListTasksDetailedResponse-tasks-as-wt5	ascii	core-native	decode-read	retain	20	3694.6	3633.9	4667.6	0.280	3666.2	3742.2
codec-U	U-wire-ListTasksDetailedResponse-tasks-as-wt5	U-wire-ListTasksDetailedResponse-tasks-as-wt5	ascii	core-ffi	decode-read	retain	20	5961.1	5839.2	8676.3	0.476	5928.3	6027.7
codec-U	U-wire-ListTasksDetailedResponse-tasks-as-wt5	U-wire-ListTasksDetailedResponse-tasks-as-wt5	ascii	core-ffi-pull	decode-read	retain	20	5853.9	5779.8	7494.9	0.293	5826.8	6050.0
codec-U	U-nested-all	U-nested-all	ascii	incumbent-prod	decode	default	20	390.9	372.2	424.9	0.135	387.8	399.9
codec-U	U-nested-all	U-nested-all	ascii	armonik	decode	default	20	363.2	358.4	383.7	0.070	361.4	370.1
codec-U	U-nested-all	U-nested-all	ascii	core-native	decode	drop	20	261.8	259.1	271.4	0.047	260.3	263.7
codec-U	U-nested-all	U-nested-all	ascii	core-ffi	decode	drop	20	445.1	428.9	450.9	0.049	436.6	447.8
codec-U	U-nested-all	U-nested-all	ascii	core-ffi-pull	decode	drop	20	457.0	446.2	469.8	0.052	452.9	463.4
codec-U	U-nested-all	U-nested-all	ascii	core-native	decode	retain	20	449.4	442.5	463.3	0.046	446.0	454.6
codec-U	U-nested-all	U-nested-all	ascii	core-ffi	decode	retain	20	724.4	704.7	857.0	0.210	717.1	732.3
codec-U	U-nested-all	U-nested-all	ascii	core-ffi-pull	decode	retain	20	741.1	720.3	781.7	0.083	734.3	744.1
codec-U	U-enum-value-999	U-enum-value-999	ascii	incumbent-prod	encode	default	20	60.5	59.6	67.6	0.132	60.0	61.4
codec-U	U-enum-value-999	U-enum-value-999	ascii	armonik	encode	default	20	62.4	61.5	71.9	0.167	62.0	63.6
codec-U	U-enum-value-999	U-enum-value-999	ascii	core-native	encode	drop	20	16.5	15.6	18.7	0.188	15.7	17.0
codec-U	U-enum-value-999	U-enum-value-999	ascii	core-ffi	encode	drop	20	35.1	34.5	44.5	0.286	34.9	35.5
codec-U	U-enum-value-999	U-enum-value-999	ascii	core-native	encode	retain	20	20.2	19.4	21.8	0.122	20.0	20.5
codec-U	U-enum-value-999	U-enum-value-999	ascii	core-ffi	encode	retain	20	39.8	38.5	41.3	0.072	39.3	40.0
codec-U	U-oneof-u-fixed64	U-oneof-u-fixed64	ascii	incumbent-prod	encode	default	20	120.1	99.6	138.6	0.324	108.2	127.8
codec-U	U-oneof-u-fixed64	U-oneof-u-fixed64	ascii	armonik	encode	default	20	117.8	97.5	132.5	0.297	104.4	123.8
codec-U	U-oneof-u-fixed64	U-oneof-u-fixed64	ascii	core-native	encode	drop	20	20.8	17.8	22.9	0.248	18.7	22.4
codec-U	U-oneof-u-fixed64	U-oneof-u-fixed64	ascii	core-ffi	encode	drop	20	44.6	37.5	49.3	0.264	41.1	47.4
codec-U	U-oneof-u-fixed64	U-oneof-u-fixed64	ascii	core-native	encode	retain	20	27.8	22.4	29.5	0.257	24.7	28.6
codec-U	U-oneof-u-fixed64	U-oneof-u-fixed64	ascii	core-ffi	encode	retain	20	54.4	44.6	56.9	0.227	47.7	55.7
codec-U	U-wire-ListTaskSummaryResponse-tasks-as-wt1	U-wire-ListTaskSummaryResponse-tasks-as-wt1	ascii	core-native	encode	drop	20	190.5	182.2	198.6	0.086	185.3	195.0
codec-U	U-wire-ListTaskSummaryResponse-tasks-as-wt1	U-wire-ListTaskSummaryResponse-tasks-as-wt1	ascii	core-ffi	encode	drop	20	407.0	391.9	429.0	0.091	396.4	420.1
codec-U	U-wire-ListTaskSummaryResponse-tasks-as-wt1	U-wire-ListTaskSummaryResponse-tasks-as-wt1	ascii	core-native	encode	retain	20	204.2	195.5	240.6	0.221	199.3	208.7
codec-U	U-wire-ListTaskSummaryResponse-tasks-as-wt1	U-wire-ListTaskSummaryResponse-tasks-as-wt1	ascii	core-ffi	encode	retain	20	408.5	389.6	431.9	0.103	401.2	420.5
codec-U	U-deep-u-fixed64	U-deep-u-fixed64	ascii	incumbent-prod	decode-read	default	20	1916.9	1652.4	2365.7	0.372	1702.3	1978.0
codec-U	U-deep-u-fixed64	U-deep-u-fixed64	ascii	armonik	decode-read	default	20	1893.2	1569.1	2261.9	0.366	1685.3	1935.2
codec-U	U-deep-u-fixed64	U-deep-u-fixed64	ascii	core-native	decode-read	drop	20	1527.8	1283.0	1713.7	0.282	1381.9	1568.4
codec-U	U-deep-u-fixed64	U-deep-u-fixed64	ascii	core-ffi	decode-read	drop	20	2585.4	2240.4	2820.7	0.224	2320.1	2646.4
codec-U	U-deep-u-fixed64	U-deep-u-fixed64	ascii	core-ffi-pull	decode-read	drop	20	2546.4	2090.9	2989.6	0.353	2291.4	2622.5
codec-U	U-deep-u-fixed64	U-deep-u-fixed64	ascii	core-native	decode-read	retain	20	1596.6	1324.9	1750.2	0.266	1485.9	1642.5
codec-U	U-deep-u-fixed64	U-deep-u-fixed64	ascii	core-ffi	decode-read	retain	20	2824.8	2448.6	3026.3	0.205	2531.4	2884.0
codec-U	U-deep-u-fixed64	U-deep-u-fixed64	ascii	core-ffi-pull	decode-read	retain	20	2745.7	2346.2	2933.8	0.214	2475.1	2856.4
codec-U	U-leaf-u-varint	U-leaf-u-varint	ascii	incumbent-prod	decode-read	default	20	344.7	332.9	474.2	0.410	338.6	353.5
codec-U	U-leaf-u-varint	U-leaf-u-varint	ascii	armonik	decode-read	default	20	334.5	321.1	362.0	0.122	331.6	338.8
codec-U	U-leaf-u-varint	U-leaf-u-varint	ascii	core-native	decode-read	drop	20	263.0	250.5	274.5	0.091	261.9	267.1
codec-U	U-leaf-u-varint	U-leaf-u-varint	ascii	core-ffi	decode-read	drop	20	431.0	412.7	440.8	0.065	426.7	434.4
codec-U	U-leaf-u-varint	U-leaf-u-varint	ascii	core-ffi-pull	decode-read	drop	20	446.2	429.2	492.0	0.141	439.2	451.9
codec-U	U-leaf-u-varint	U-leaf-u-varint	ascii	core-native	decode-read	retain	20	302.4	285.6	322.8	0.123	300.0	303.6
codec-U	U-leaf-u-varint	U-leaf-u-varint	ascii	core-ffi	decode-read	retain	20	516.4	506.2	536.7	0.059	511.5	522.5
codec-U	U-leaf-u-varint	U-leaf-u-varint	ascii	core-ffi-pull	decode-read	retain	20	527.0	506.0	694.5	0.358	521.5	541.8
codec-U	U-root-u-varint	U-root-u-varint	ascii	incumbent-prod	decode	default	20	637.6	624.2	674.0	0.078	633.7	643.9
codec-U	U-root-u-varint	U-root-u-varint	ascii	armonik	decode	default	20	642.0	619.6	668.9	0.077	631.4	652.4
codec-U	U-root-u-varint	U-root-u-varint	ascii	core-native	decode	drop	20	523.9	503.8	574.7	0.135	510.9	536.0
codec-U	U-root-u-varint	U-root-u-varint	ascii	core-ffi	decode	drop	20	842.8	814.7	874.3	0.071	831.9	850.0
codec-U	U-root-u-varint	U-root-u-varint	ascii	core-ffi-pull	decode	drop	20	852.7	822.9	1023.1	0.235	839.5	856.3
codec-U	U-root-u-varint	U-root-u-varint	ascii	core-native	decode	retain	20	537.4	514.5	567.4	0.098	521.8	541.3
codec-U	U-root-u-varint	U-root-u-varint	ascii	core-ffi	decode	retain	20	902.2	872.2	931.6	0.066	889.6	911.0
codec-U	U-root-u-varint	U-root-u-varint	ascii	core-ffi-pull	decode	retain	20	925.2	904.3	974.9	0.076	909.3	929.3
codec-U	U-nested-u-varint	U-nested-u-varint	ascii	incumbent-prod	decode	default	20	317.5	251.2	431.7	0.569	310.1	334.5
codec-U	U-nested-u-varint	U-nested-u-varint	ascii	armonik	decode	default	20	309.6	252.5	417.5	0.533	305.5	314.5
codec-U	U-nested-u-varint	U-nested-u-varint	ascii	core-native	decode	drop	20	248.8	214.8	311.3	0.388	243.2	257.0
codec-U	U-nested-u-varint	U-nested-u-varint	ascii	core-ffi	decode	drop	20	421.4	335.3	538.1	0.481	407.6	467.0
codec-U	U-nested-u-varint	U-nested-u-varint	ascii	core-ffi-pull	decode	drop	20	429.4	382.8	603.4	0.514	420.3	484.2
codec-U	U-nested-u-varint	U-nested-u-varint	ascii	core-native	decode	retain	20	259.1	235.9	336.5	0.388	256.0	285.4
codec-U	U-nested-u-varint	U-nested-u-varint	ascii	core-ffi	decode	retain	20	482.4	426.0	663.3	0.492	474.7	579.3
codec-U	U-nested-u-varint	U-nested-u-varint	ascii	core-ffi-pull	decode	retain	20	490.6	390.1	671.8	0.574	481.6	537.5
codec-U	U-root-before	U-root-before	ascii	incumbent-prod	decode-read	default	20	689.2	606.0	815.2	0.304	658.9	741.1
codec-U	U-root-before	U-root-before	ascii	armonik	decode-read	default	20	686.2	606.6	769.2	0.237	660.9	742.2
codec-U	U-root-before	U-root-before	ascii	core-native	decode-read	drop	20	549.9	509.9	586.5	0.139	529.6	579.7
codec-U	U-root-before	U-root-before	ascii	core-ffi	decode-read	drop	20	850.5	746.0	1086.8	0.401	829.3	905.0
codec-U	U-root-before	U-root-before	ascii	core-ffi-pull	decode-read	drop	20	828.5	747.4	983.3	0.285	803.8	905.7
codec-U	U-root-before	U-root-before	ascii	core-native	decode-read	retain	20	697.5	626.0	801.2	0.251	676.1	761.1
codec-U	U-root-before	U-root-before	ascii	core-ffi	decode-read	retain	20	1112.9	972.1	1270.8	0.268	1069.4	1203.4
codec-U	U-root-before	U-root-before	ascii	core-ffi-pull	decode-read	retain	20	1109.7	1000.1	1397.1	0.358	1071.3	1225.3
codec-U	U-oneof-all	U-oneof-all	ascii	incumbent-prod	encode	default	20	127.2	122.1	142.1	0.157	125.5	131.4
codec-U	U-oneof-all	U-oneof-all	ascii	armonik	encode	default	20	124.5	117.0	135.1	0.146	120.1	126.1
codec-U	U-oneof-all	U-oneof-all	ascii	core-native	encode	drop	20	22.4	21.3	23.1	0.080	21.9	22.6
codec-U	U-oneof-all	U-oneof-all	ascii	core-ffi	encode	drop	20	47.3	45.9	50.4	0.096	47.0	48.0
codec-U	U-oneof-all	U-oneof-all	ascii	core-native	encode	retain	20	28.8	26.8	29.9	0.108	28.0	29.3
codec-U	U-oneof-all	U-oneof-all	ascii	core-ffi	encode	retain	20	55.6	54.5	58.6	0.074	55.0	56.9
codec-U	U-nested-group	U-nested-group	ascii	incumbent-prod	decode-read	default	20	356.3	281.0	408.9	0.359	347.8	374.7
codec-U	U-nested-group	U-nested-group	ascii	armonik	decode-read	default	20	346.1	269.2	387.9	0.343	335.3	352.2
codec-U	U-nested-group	U-nested-group	ascii	core-native	decode-read	drop	20	269.9	211.2	317.5	0.394	264.3	280.1
codec-U	U-nested-group	U-nested-group	ascii	core-ffi	decode-read	drop	20	435.6	359.8	506.2	0.336	429.0	454.3
codec-U	U-nested-group	U-nested-group	ascii	core-ffi-pull	decode-read	drop	20	445.5	370.3	478.6	0.243	441.8	457.7
codec-U	U-nested-group	U-nested-group	ascii	core-native	decode-read	retain	20	283.2	228.8	327.4	0.348	280.5	291.9
codec-U	U-nested-group	U-nested-group	ascii	core-ffi	decode-read	retain	20	501.7	401.3	553.9	0.304	493.7	526.5
codec-U	U-nested-group	U-nested-group	ascii	core-ffi-pull	decode-read	retain	20	505.5	409.3	548.3	0.275	498.1	513.9
codec-U	U-root-u-msg	U-root-u-msg	ascii	incumbent-prod	decode-read	default	20	657.3	639.7	1160.0	0.792	649.7	762.6
codec-U	U-root-u-msg	U-root-u-msg	ascii	armonik	decode-read	default	20	657.6	639.7	1158.3	0.789	649.7	686.1
codec-U	U-root-u-msg	U-root-u-msg	ascii	core-native	decode-read	drop	20	557.8	545.0	940.7	0.709	551.1	563.8
codec-U	U-root-u-msg	U-root-u-msg	ascii	core-ffi	decode-read	drop	20	857.0	840.3	1540.5	0.817	852.6	876.6
codec-U	U-root-u-msg	U-root-u-msg	ascii	core-ffi-pull	decode-read	drop	20	869.8	844.3	1532.1	0.791	856.7	993.3
codec-U	U-root-u-msg	U-root-u-msg	ascii	core-native	decode-read	retain	20	559.8	545.6	924.7	0.677	552.2	674.3
codec-U	U-root-u-msg	U-root-u-msg	ascii	core-ffi	decode-read	retain	20	928.4	902.5	1622.0	0.775	920.7	1296.3
codec-U	U-root-u-msg	U-root-u-msg	ascii	core-ffi-pull	decode-read	retain	20	938.6	912.8	1682.3	0.820	922.2	1157.3
codec-U	U-wire-ListTasksDetailedResponse-tasks-as-wt0	U-wire-ListTasksDetailedResponse-tasks-as-wt0	ascii	core-native	decode	drop	20	3417.3	3320.2	3603.5	0.083	3377.0	3456.5
codec-U	U-wire-ListTasksDetailedResponse-tasks-as-wt0	U-wire-ListTasksDetailedResponse-tasks-as-wt0	ascii	core-ffi	decode	drop	20	5526.0	5409.7	6100.7	0.125	5481.7	5630.0
codec-U	U-wire-ListTasksDetailedResponse-tasks-as-wt0	U-wire-ListTasksDetailedResponse-tasks-as-wt0	ascii	core-ffi-pull	decode	drop	20	5424.2	5309.6	6412.9	0.203	5368.2	5593.6
codec-U	U-wire-ListTasksDetailedResponse-tasks-as-wt0	U-wire-ListTasksDetailedResponse-tasks-as-wt0	ascii	core-native	decode	retain	20	3455.8	3395.9	3616.7	0.064	3432.6	3520.7
codec-U	U-wire-ListTasksDetailedResponse-tasks-as-wt0	U-wire-ListTasksDetailedResponse-tasks-as-wt0	ascii	core-ffi	decode	retain	20	5758.1	5605.3	6098.1	0.086	5730.9	5906.9
codec-U	U-wire-ListTasksDetailedResponse-tasks-as-wt0	U-wire-ListTasksDetailedResponse-tasks-as-wt0	ascii	core-ffi-pull	decode	retain	20	5620.9	5457.1	7100.9	0.292	5571.6	5734.7
codec-U	U-oneof-u-packed	U-oneof-u-packed	ascii	incumbent-prod	encode	default	20	103.3	93.5	111.1	0.170	98.9	106.3
codec-U	U-oneof-u-packed	U-oneof-u-packed	ascii	armonik	encode	default	20	98.2	91.0	105.7	0.150	96.9	102.3
codec-U	U-oneof-u-packed	U-oneof-u-packed	ascii	core-native	encode	drop	20	17.7	17.1	22.0	0.282	17.4	18.5
codec-U	U-oneof-u-packed	U-oneof-u-packed	ascii	core-ffi	encode	drop	20	37.2	35.9	41.1	0.141	36.6	38.5
codec-U	U-oneof-u-packed	U-oneof-u-packed	ascii	core-native	encode	retain	20	22.5	20.6	25.5	0.222	22.1	23.8
codec-U	U-oneof-u-packed	U-oneof-u-packed	ascii	core-ffi	encode	retain	20	44.4	43.1	49.0	0.133	43.7	46.5
codec-U	U-nested-group	U-nested-group	ascii	incumbent-prod	decode	default	20	347.8	268.3	370.5	0.294	341.8	354.0
codec-U	U-nested-group	U-nested-group	ascii	armonik	decode	default	20	324.5	249.9	348.3	0.303	320.4	330.6
codec-U	U-nested-group	U-nested-group	ascii	core-native	decode	drop	20	253.7	198.7	273.2	0.294	251.7	256.3
codec-U	U-nested-group	U-nested-group	ascii	core-ffi	decode	drop	20	419.0	325.7	436.6	0.265	416.9	422.3
codec-U	U-nested-group	U-nested-group	ascii	core-ffi-pull	decode	drop	20	429.7	328.4	453.5	0.291	425.3	433.4
codec-U	U-nested-group	U-nested-group	ascii	core-native	decode	retain	20	268.7	209.2	288.8	0.297	266.7	270.2
codec-U	U-nested-group	U-nested-group	ascii	core-ffi	decode	retain	20	485.5	369.5	527.2	0.325	483.3	493.0
codec-U	U-nested-group	U-nested-group	ascii	core-ffi-pull	decode	retain	20	490.2	380.4	537.2	0.320	487.0	497.4
codec-U	U-oneof-u-msg	U-oneof-u-msg	ascii	incumbent-prod	encode	default	20	128.2	121.1	137.4	0.127	126.1	133.3
codec-U	U-oneof-u-msg	U-oneof-u-msg	ascii	armonik	encode	default	20	122.7	116.1	137.5	0.174	120.1	124.4
codec-U	U-oneof-u-msg	U-oneof-u-msg	ascii	core-native	encode	drop	20	33.9	33.3	35.4	0.061	33.6	34.2
codec-U	U-oneof-u-msg	U-oneof-u-msg	ascii	core-ffi	encode	drop	20	47.4	46.0	50.3	0.091	46.9	48.2
codec-U	U-oneof-u-msg	U-oneof-u-msg	ascii	core-native	encode	retain	20	28.9	25.6	30.3	0.162	28.6	29.5
codec-U	U-oneof-u-msg	U-oneof-u-msg	ascii	core-ffi	encode	retain	20	55.6	54.5	57.9	0.061	55.0	56.9
codec-U	U-element-u-repeated	U-element-u-repeated	ascii	incumbent-prod	encode	default	20	1330.1	1306.2	1391.2	0.064	1322.2	1336.5
codec-U	U-element-u-repeated	U-element-u-repeated	ascii	armonik	encode	default	20	1354.2	1334.0	1384.9	0.038	1344.6	1367.9
codec-U	U-element-u-repeated	U-element-u-repeated	ascii	core-native	encode	drop	20	249.9	243.6	277.8	0.137	248.1	253.6
codec-U	U-element-u-repeated	U-element-u-repeated	ascii	core-ffi	encode	drop	20	538.1	529.6	586.1	0.105	535.0	541.1
codec-U	U-element-u-repeated	U-element-u-repeated	ascii	core-native	encode	retain	20	302.9	299.0	316.5	0.058	301.0	307.0
codec-U	U-element-u-repeated	U-element-u-repeated	ascii	core-ffi	encode	retain	20	556.0	545.3	570.6	0.046	551.9	562.6
codec-U	U-wire-ListResultsResponse-page-as-wt1	U-wire-ListResultsResponse-page-as-wt1	ascii	core-native	decode	drop	20	516.7	506.7	534.8	0.055	514.4	520.4
codec-U	U-wire-ListResultsResponse-page-as-wt1	U-wire-ListResultsResponse-page-as-wt1	ascii	core-ffi	decode	drop	20	825.1	811.9	860.1	0.058	820.2	838.8
codec-U	U-wire-ListResultsResponse-page-as-wt1	U-wire-ListResultsResponse-page-as-wt1	ascii	core-ffi-pull	decode	drop	20	839.3	817.1	879.3	0.074	830.9	846.1
codec-U	U-wire-ListResultsResponse-page-as-wt1	U-wire-ListResultsResponse-page-as-wt1	ascii	core-native	decode	retain	20	521.3	508.7	619.9	0.213	515.8	531.0
codec-U	U-wire-ListResultsResponse-page-as-wt1	U-wire-ListResultsResponse-page-as-wt1	ascii	core-ffi	decode	retain	20	888.2	875.1	977.8	0.116	880.6	902.9
codec-U	U-wire-ListResultsResponse-page-as-wt1	U-wire-ListResultsResponse-page-as-wt1	ascii	core-ffi-pull	decode	retain	20	898.8	887.3	960.6	0.082	895.9	910.9
codec-U	U-root-u-fixed32	U-root-u-fixed32	ascii	incumbent-prod	encode	default	20	621.7	602.6	659.9	0.092	610.8	626.8
codec-U	U-root-u-fixed32	U-root-u-fixed32	ascii	armonik	encode	default	20	636.1	625.6	739.3	0.179	629.4	642.0
codec-U	U-root-u-fixed32	U-root-u-fixed32	ascii	core-native	encode	drop	20	97.7	95.8	101.9	0.062	97.1	99.3
codec-U	U-root-u-fixed32	U-root-u-fixed32	ascii	core-ffi	encode	drop	20	188.0	184.8	230.8	0.244	187.3	191.3
codec-U	U-root-u-fixed32	U-root-u-fixed32	ascii	core-native	encode	retain	20	128.6	125.2	153.8	0.222	127.1	130.2
codec-U	U-root-u-fixed32	U-root-u-fixed32	ascii	core-ffi	encode	retain	20	205.7	199.9	220.3	0.099	204.2	207.3
codec-U	U-wire-ListTasksDetailedResponse-page-as-wt5	U-wire-ListTasksDetailedResponse-page-as-wt5	ascii	core-native	encode	drop	20	571.2	558.0	607.8	0.087	567.4	577.9
codec-U	U-wire-ListTasksDetailedResponse-page-as-wt5	U-wire-ListTasksDetailedResponse-page-as-wt5	ascii	core-ffi	encode	drop	20	1138.7	1116.6	1259.2	0.125	1127.4	1148.6
codec-U	U-wire-ListTasksDetailedResponse-page-as-wt5	U-wire-ListTasksDetailedResponse-page-as-wt5	ascii	core-native	encode	retain	20	653.0	634.0	692.2	0.089	644.0	658.8
codec-U	U-wire-ListTasksDetailedResponse-page-as-wt5	U-wire-ListTasksDetailedResponse-page-as-wt5	ascii	core-ffi	encode	retain	20	1205.8	1186.4	1258.4	0.060	1198.3	1215.7
codec-U	U-oneof-member-alone	U-oneof-member-alone	ascii	incumbent-prod	encode	default	20	84.5	82.3	91.6	0.111	83.3	85.4
codec-U	U-oneof-member-alone	U-oneof-member-alone	ascii	armonik	encode	default	20	81.0	79.5	86.6	0.088	80.2	82.2
codec-U	U-oneof-member-alone	U-oneof-member-alone	ascii	core-native	encode	drop	20	16.6	15.4	17.1	0.106	16.1	16.8
codec-U	U-oneof-member-alone	U-oneof-member-alone	ascii	core-ffi	encode	drop	20	43.0	41.5	45.8	0.098	42.7	43.3
codec-U	U-oneof-member-alone	U-oneof-member-alone	ascii	core-native	encode	retain	20	21.5	20.4	22.5	0.099	20.9	21.7
codec-U	U-oneof-member-alone	U-oneof-member-alone	ascii	core-ffi	encode	retain	20	48.7	47.8	49.9	0.042	48.1	49.1
codec-U	U-nested-u-fixed64	U-nested-u-fixed64	ascii	incumbent-prod	encode	default	20	266.5	238.1	272.2	0.128	263.0	269.1
codec-U	U-nested-u-fixed64	U-nested-u-fixed64	ascii	armonik	encode	default	20	276.9	273.8	282.4	0.031	275.6	278.6
codec-U	U-nested-u-fixed64	U-nested-u-fixed64	ascii	core-native	encode	drop	20	45.9	44.9	48.8	0.086	45.5	46.4
codec-U	U-nested-u-fixed64	U-nested-u-fixed64	ascii	core-ffi	encode	drop	20	95.7	94.5	105.0	0.110	95.3	96.9
codec-U	U-nested-u-fixed64	U-nested-u-fixed64	ascii	core-native	encode	retain	20	60.7	58.8	68.7	0.163	59.8	61.1
codec-U	U-nested-u-fixed64	U-nested-u-fixed64	ascii	core-ffi	encode	retain	20	105.3	102.1	108.6	0.062	104.8	106.1
codec-U	U-root-u-len	U-root-u-len	ascii	incumbent-prod	encode	default	20	615.5	584.8	662.4	0.126	610.6	632.7
codec-U	U-root-u-len	U-root-u-len	ascii	armonik	encode	default	20	657.1	631.7	681.2	0.075	646.2	667.6
codec-U	U-root-u-len	U-root-u-len	ascii	core-native	encode	drop	20	99.4	97.3	104.3	0.071	98.6	100.8
codec-U	U-root-u-len	U-root-u-len	ascii	core-ffi	encode	drop	20	191.3	185.1	198.2	0.069	188.5	194.4
codec-U	U-root-u-len	U-root-u-len	ascii	core-native	encode	retain	20	128.9	124.9	138.0	0.101	127.2	130.5
codec-U	U-root-u-len	U-root-u-len	ascii	core-ffi	encode	retain	20	209.0	201.8	223.1	0.102	207.9	212.9
codec-U	U-enum-value-2147483647	U-enum-value-2147483647	ascii	incumbent-prod	encode	default	20	73.3	57.2	76.3	0.261	71.5	74.1
codec-U	U-enum-value-2147483647	U-enum-value-2147483647	ascii	armonik	encode	default	20	76.5	59.9	79.6	0.256	73.4	77.1
codec-U	U-enum-value-2147483647	U-enum-value-2147483647	ascii	core-native	encode	drop	20	18.4	14.3	19.5	0.281	17.3	18.8
codec-U	U-enum-value-2147483647	U-enum-value-2147483647	ascii	core-ffi	encode	drop	20	37.2	28.8	42.8	0.376	36.4	37.7
codec-U	U-enum-value-2147483647	U-enum-value-2147483647	ascii	core-native	encode	retain	20	22.5	16.8	23.6	0.302	21.4	23.0
codec-U	U-enum-value-2147483647	U-enum-value-2147483647	ascii	core-ffi	encode	retain	20	42.3	32.5	43.1	0.250	41.6	42.8
codec-U	U-root-u-fixed64	U-root-u-fixed64	ascii	incumbent-prod	decode-read	default	20	577.4	517.2	646.4	0.224	572.4	588.2
codec-U	U-root-u-fixed64	U-root-u-fixed64	ascii	armonik	decode-read	default	20	572.6	496.3	641.1	0.253	559.0	580.7
codec-U	U-root-u-fixed64	U-root-u-fixed64	ascii	core-native	decode-read	drop	20	493.6	424.5	523.4	0.200	464.5	501.8
codec-U	U-root-u-fixed64	U-root-u-fixed64	ascii	core-ffi	decode-read	drop	20	758.5	660.8	815.4	0.204	721.6	768.3
codec-U	U-root-u-fixed64	U-root-u-fixed64	ascii	core-ffi-pull	decode-read	drop	20	771.9	676.0	801.5	0.163	725.9	779.6
codec-U	U-root-u-fixed64	U-root-u-fixed64	ascii	core-native	decode-read	retain	20	487.6	427.8	516.7	0.182	465.8	498.0
codec-U	U-root-u-fixed64	U-root-u-fixed64	ascii	core-ffi	decode-read	retain	20	812.7	716.8	844.2	0.157	777.7	819.6
codec-U	U-root-u-fixed64	U-root-u-fixed64	ascii	core-ffi-pull	decode-read	retain	20	825.1	721.2	957.7	0.287	805.7	841.2
codec-U	U-oneof-group	U-oneof-group	ascii	incumbent-prod	encode	default	20	99.9	94.6	110.0	0.154	98.4	102.4
codec-U	U-oneof-group	U-oneof-group	ascii	armonik	encode	default	20	97.5	91.3	103.3	0.123	95.2	100.7
codec-U	U-oneof-group	U-oneof-group	ascii	core-native	encode	drop	20	17.7	17.1	18.6	0.088	17.4	18.4
codec-U	U-oneof-group	U-oneof-group	ascii	core-ffi	encode	drop	20	37.2	36.1	39.8	0.099	36.4	37.8
codec-U	U-oneof-group	U-oneof-group	ascii	core-native	encode	retain	20	21.5	20.5	23.1	0.121	21.1	22.0
codec-U	U-oneof-group	U-oneof-group	ascii	core-ffi	encode	retain	20	43.2	42.6	47.1	0.104	42.9	44.9
codec-U	U-oneof-group	U-oneof-group	ascii	incumbent-prod	decode-read	default	20	137.1	131.5	142.8	0.082	133.5	138.8
codec-U	U-oneof-group	U-oneof-group	ascii	armonik	decode-read	default	20	132.3	128.4	144.1	0.119	130.6	134.4
codec-U	U-oneof-group	U-oneof-group	ascii	core-native	decode-read	drop	20	90.8	89.5	92.7	0.036	90.1	91.3
codec-U	U-oneof-group	U-oneof-group	ascii	core-ffi	decode-read	drop	20	141.8	140.0	146.0	0.043	140.9	142.7
codec-U	U-oneof-group	U-oneof-group	ascii	core-ffi-pull	decode-read	drop	20	147.5	144.8	174.8	0.204	146.5	150.0
codec-U	U-oneof-group	U-oneof-group	ascii	core-native	decode-read	retain	20	102.5	101.4	107.6	0.060	102.1	103.7
codec-U	U-oneof-group	U-oneof-group	ascii	core-ffi	decode-read	retain	20	181.8	178.4	188.8	0.057	180.7	183.1
codec-U	U-oneof-group	U-oneof-group	ascii	core-ffi-pull	decode-read	retain	20	188.5	185.3	192.9	0.040	187.2	189.9
codec-U	U-oneof-u-len	U-oneof-u-len	ascii	incumbent-prod	encode	default	20	100.6	95.8	109.0	0.131	98.6	101.5
codec-U	U-oneof-u-len	U-oneof-u-len	ascii	armonik	encode	default	20	96.5	91.6	106.4	0.153	94.4	98.7
codec-U	U-oneof-u-len	U-oneof-u-len	ascii	core-native	encode	drop	20	17.5	16.8	18.3	0.086	17.4	17.8
codec-U	U-oneof-u-len	U-oneof-u-len	ascii	core-ffi	encode	drop	20	36.9	36.3	38.7	0.064	36.7	37.5
codec-U	U-oneof-u-len	U-oneof-u-len	ascii	core-native	encode	retain	20	22.3	21.3	24.6	0.146	22.1	22.7
codec-U	U-oneof-u-len	U-oneof-u-len	ascii	core-ffi	encode	retain	20	43.9	42.5	45.8	0.074	43.3	44.5
codec-U	U-nested-u-repeated	U-nested-u-repeated	ascii	incumbent-prod	decode-read	default	20	258.5	254.3	266.2	0.046	256.5	262.1
codec-U	U-nested-u-repeated	U-nested-u-repeated	ascii	armonik	decode-read	default	20	246.8	240.2	252.9	0.051	244.5	248.8
codec-U	U-nested-u-repeated	U-nested-u-repeated	ascii	core-native	decode-read	drop	20	199.9	194.4	204.6	0.051	198.9	201.8
codec-U	U-nested-u-repeated	U-nested-u-repeated	ascii	core-ffi	decode-read	drop	20	333.6	324.3	359.2	0.104	331.4	336.8
codec-U	U-nested-u-repeated	U-nested-u-repeated	ascii	core-ffi-pull	decode-read	drop	20	341.1	336.6	386.7	0.147	338.5	344.0
codec-U	U-nested-u-repeated	U-nested-u-repeated	ascii	core-native	decode-read	retain	20	288.4	280.0	315.8	0.124	286.1	291.3
codec-U	U-nested-u-repeated	U-nested-u-repeated	ascii	core-ffi	decode-read	retain	20	390.2	385.0	406.8	0.056	386.8	393.7
codec-U	U-nested-u-repeated	U-nested-u-repeated	ascii	core-ffi-pull	decode-read	retain	20	397.3	391.8	459.1	0.169	395.0	401.4
codec-U	U-wire-ListTaskSummaryResponse-tasks-as-wt0	U-wire-ListTaskSummaryResponse-tasks-as-wt0	ascii	core-native	decode-read	drop	20	1492.8	1293.6	1604.5	0.208	1374.6	1565.3
codec-U	U-wire-ListTaskSummaryResponse-tasks-as-wt0	U-wire-ListTaskSummaryResponse-tasks-as-wt0	ascii	core-ffi	decode-read	drop	20	2145.7	1851.2	2289.8	0.204	1914.0	2241.3
codec-U	U-wire-ListTaskSummaryResponse-tasks-as-wt0	U-wire-ListTaskSummaryResponse-tasks-as-wt0	ascii	core-ffi-pull	decode-read	drop	20	2138.7	1866.2	2360.1	0.231	1901.6	2249.0
codec-U	U-wire-ListTaskSummaryResponse-tasks-as-wt0	U-wire-ListTaskSummaryResponse-tasks-as-wt0	ascii	core-native	decode-read	retain	20	1494.5	1297.8	1607.4	0.207	1340.8	1561.4
codec-U	U-wire-ListTaskSummaryResponse-tasks-as-wt0	U-wire-ListTaskSummaryResponse-tasks-as-wt0	ascii	core-ffi	decode-read	retain	20	2232.5	1936.2	2758.7	0.368	1983.6	2341.2
codec-U	U-wire-ListTaskSummaryResponse-tasks-as-wt0	U-wire-ListTaskSummaryResponse-tasks-as-wt0	ascii	core-ffi-pull	decode-read	retain	20	2263.1	1926.9	2379.8	0.200	1976.7	2304.7
codec-U	U-nested-u-varint	U-nested-u-varint	ascii	incumbent-prod	decode-read	default	20	288.6	258.7	299.6	0.142	282.9	290.7
codec-U	U-nested-u-varint	U-nested-u-varint	ascii	armonik	decode-read	default	20	272.8	251.2	285.1	0.124	270.9	277.3
codec-U	U-nested-u-varint	U-nested-u-varint	ascii	core-native	decode-read	drop	20	220.3	201.3	235.6	0.156	216.8	224.9
codec-U	U-nested-u-varint	U-nested-u-varint	ascii	core-ffi	decode-read	drop	20	370.8	341.4	385.6	0.119	364.7	375.7
codec-U	U-nested-u-varint	U-nested-u-varint	ascii	core-ffi-pull	decode-read	drop	20	380.8	349.3	398.0	0.128	377.6	384.0
codec-U	U-nested-u-varint	U-nested-u-varint	ascii	core-native	decode-read	retain	20	236.4	215.0	246.3	0.132	235.0	239.7
codec-U	U-nested-u-varint	U-nested-u-varint	ascii	core-ffi	decode-read	retain	20	424.8	395.0	446.4	0.121	421.2	431.3
codec-U	U-nested-u-varint	U-nested-u-varint	ascii	core-ffi-pull	decode-read	retain	20	434.8	397.2	490.6	0.215	431.5	442.4
codec-U	U-leaf-u-msg	U-leaf-u-msg	ascii	incumbent-prod	encode	default	20	224.7	214.1	255.3	0.183	218.5	247.9
codec-U	U-leaf-u-msg	U-leaf-u-msg	ascii	armonik	encode	default	20	235.4	227.5	268.4	0.174	231.8	262.7
codec-U	U-leaf-u-msg	U-leaf-u-msg	ascii	core-native	encode	drop	20	39.1	36.8	43.3	0.167	37.6	42.2
codec-U	U-leaf-u-msg	U-leaf-u-msg	ascii	core-ffi	encode	drop	20	83.4	77.4	94.6	0.206	78.4	89.9
codec-U	U-leaf-u-msg	U-leaf-u-msg	ascii	core-native	encode	retain	20	54.4	53.1	61.9	0.163	53.5	61.0
codec-U	U-leaf-u-msg	U-leaf-u-msg	ascii	core-ffi	encode	retain	20	91.6	87.9	104.4	0.181	88.7	100.9
codec-U	U-oneof-u-len	U-oneof-u-len	ascii	incumbent-prod	decode	default	20	113.1	103.9	123.0	0.169	107.1	115.2
codec-U	U-oneof-u-len	U-oneof-u-len	ascii	armonik	decode	default	20	110.4	102.3	118.7	0.149	103.4	113.9
codec-U	U-oneof-u-len	U-oneof-u-len	ascii	core-native	decode	drop	20	81.7	75.1	87.5	0.152	77.2	83.3
codec-U	U-oneof-u-len	U-oneof-u-len	ascii	core-ffi	decode	drop	20	136.6	126.2	157.2	0.227	128.2	139.0
codec-U	U-oneof-u-len	U-oneof-u-len	ascii	core-ffi-pull	decode	drop	20	146.0	134.7	158.7	0.164	136.7	150.1
codec-U	U-oneof-u-len	U-oneof-u-len	ascii	core-native	decode	retain	20	93.7	87.6	101.7	0.150	88.7	96.5
codec-U	U-oneof-u-len	U-oneof-u-len	ascii	core-ffi	decode	retain	20	183.1	168.6	191.3	0.124	172.3	185.0
codec-U	U-oneof-u-len	U-oneof-u-len	ascii	core-ffi-pull	decode	retain	20	188.9	174.6	199.9	0.134	176.8	192.1
codec-U	U-element-u-fixed32	U-element-u-fixed32	ascii	incumbent-prod	decode-read	default	20	1667.7	1622.4	1753.1	0.078	1657.9	1677.4
codec-U	U-element-u-fixed32	U-element-u-fixed32	ascii	armonik	decode-read	default	20	1602.9	1566.8	2590.0	0.638	1586.7	1622.2
codec-U	U-element-u-fixed32	U-element-u-fixed32	ascii	core-native	decode-read	drop	20	1340.3	1284.3	1640.9	0.266	1304.5	1355.3
codec-U	U-element-u-fixed32	U-element-u-fixed32	ascii	core-ffi	decode-read	drop	20	2190.2	2152.6	2276.2	0.056	2177.3	2215.3
codec-U	U-element-u-fixed32	U-element-u-fixed32	ascii	core-ffi-pull	decode-read	drop	20	2147.6	2123.1	2260.9	0.064	2138.2	2168.9
codec-U	U-element-u-fixed32	U-element-u-fixed32	ascii	core-native	decode-read	retain	20	1406.5	1322.4	1508.3	0.132	1331.1	1438.1
codec-U	U-element-u-fixed32	U-element-u-fixed32	ascii	core-ffi	decode-read	retain	20	2366.4	2314.5	2396.9	0.035	2343.1	2384.0
codec-U	U-element-u-fixed32	U-element-u-fixed32	ascii	core-ffi-pull	decode-read	retain	20	2309.9	2278.7	3793.4	0.656	2288.4	2325.0
codec-U	U-root-u-varint	U-root-u-varint	ascii	incumbent-prod	decode-read	default	20	663.1	644.6	719.6	0.113	657.7	671.3
codec-U	U-root-u-varint	U-root-u-varint	ascii	armonik	decode-read	default	20	654.1	644.5	702.0	0.088	651.4	670.6
codec-U	U-root-u-varint	U-root-u-varint	ascii	core-native	decode-read	drop	20	552.7	539.0	611.5	0.131	546.5	563.9
codec-U	U-root-u-varint	U-root-u-varint	ascii	core-ffi	decode-read	drop	20	871.4	843.0	928.3	0.098	858.7	891.3
codec-U	U-root-u-varint	U-root-u-varint	ascii	core-ffi-pull	decode-read	drop	20	866.9	846.8	959.7	0.130	861.4	896.3
codec-U	U-root-u-varint	U-root-u-varint	ascii	core-native	decode-read	retain	20	555.7	540.6	626.2	0.154	549.9	572.9
codec-U	U-root-u-varint	U-root-u-varint	ascii	core-ffi	decode-read	retain	20	933.9	901.4	997.4	0.103	925.5	939.8
codec-U	U-root-u-varint	U-root-u-varint	ascii	core-ffi-pull	decode-read	retain	20	939.2	923.9	1063.3	0.148	929.6	967.7
codec-U	U-nested-group	U-nested-group	ascii	incumbent-prod	encode	default	20	267.5	259.1	287.0	0.104	264.5	275.3
codec-U	U-nested-group	U-nested-group	ascii	armonik	encode	default	20	278.6	273.2	294.4	0.076	277.1	284.7
codec-U	U-nested-group	U-nested-group	ascii	core-native	encode	drop	20	45.4	44.5	47.2	0.062	45.0	45.8
codec-U	U-nested-group	U-nested-group	ascii	core-ffi	encode	drop	20	95.7	94.2	101.5	0.077	94.9	96.5
codec-U	U-nested-group	U-nested-group	ascii	core-native	encode	retain	20	59.5	57.1	63.3	0.104	58.8	61.0
codec-U	U-nested-group	U-nested-group	ascii	core-ffi	encode	retain	20	105.1	103.1	110.4	0.070	104.3	106.0
codec-U	U-nested-u-msg	U-nested-u-msg	ascii	incumbent-prod	decode	default	20	312.6	300.1	342.4	0.135	306.2	323.2
codec-U	U-nested-u-msg	U-nested-u-msg	ascii	armonik	decode	default	20	293.9	284.7	312.2	0.093	289.5	300.4
codec-U	U-nested-u-msg	U-nested-u-msg	ascii	core-native	decode	drop	20	242.7	235.0	270.4	0.146	239.4	246.3
codec-U	U-nested-u-msg	U-nested-u-msg	ascii	core-ffi	decode	drop	20	406.5	400.3	466.5	0.163	402.4	418.2
codec-U	U-nested-u-msg	U-nested-u-msg	ascii	core-ffi-pull	decode	drop	20	421.0	405.7	552.2	0.348	413.3	435.4
codec-U	U-nested-u-msg	U-nested-u-msg	ascii	core-native	decode	retain	20	256.8	246.6	301.8	0.215	251.0	261.1
codec-U	U-nested-u-msg	U-nested-u-msg	ascii	core-ffi	decode	retain	20	470.2	457.2	536.4	0.168	468.5	481.5
codec-U	U-nested-u-msg	U-nested-u-msg	ascii	core-ffi-pull	decode	retain	20	480.9	463.7	578.6	0.239	475.0	486.1
codec-U	U-leaf-u-packed	U-leaf-u-packed	ascii	incumbent-prod	encode	default	20	268.7	259.5	278.2	0.070	267.0	270.9
codec-U	U-leaf-u-packed	U-leaf-u-packed	ascii	armonik	encode	default	20	277.9	274.4	290.1	0.057	277.2	282.6
codec-U	U-leaf-u-packed	U-leaf-u-packed	ascii	core-native	encode	drop	20	46.3	44.7	50.6	0.127	46.0	46.9
codec-U	U-leaf-u-packed	U-leaf-u-packed	ascii	core-ffi	encode	drop	20	97.2	94.8	116.7	0.225	95.8	100.1
codec-U	U-leaf-u-packed	U-leaf-u-packed	ascii	core-native	encode	retain	20	62.2	58.4	80.5	0.355	60.8	64.7
codec-U	U-leaf-u-packed	U-leaf-u-packed	ascii	core-ffi	encode	retain	20	109.4	106.4	185.9	0.727	108.2	114.2
codec-U	U-oneof-interleaved	U-oneof-interleaved	ascii	incumbent-prod	decode-read	default	20	222.0	208.1	272.6	0.290	214.0	225.7
codec-U	U-oneof-interleaved	U-oneof-interleaved	ascii	armonik	decode-read	default	20	211.1	199.1	239.1	0.189	204.5	215.6
codec-U	U-oneof-interleaved	U-oneof-interleaved	ascii	core-native	decode-read	drop	20	129.5	123.9	168.1	0.342	127.3	131.0
codec-U	U-oneof-interleaved	U-oneof-interleaved	ascii	core-ffi	decode-read	drop	20	200.8	195.7	243.2	0.237	198.0	205.5
codec-U	U-oneof-interleaved	U-oneof-interleaved	ascii	core-ffi-pull	decode-read	drop	20	206.4	199.6	224.7	0.122	203.0	210.8
codec-U	U-oneof-interleaved	U-oneof-interleaved	ascii	core-native	decode-read	retain	20	247.2	238.6	289.9	0.207	243.2	255.7
codec-U	U-oneof-interleaved	U-oneof-interleaved	ascii	core-ffi	decode-read	retain	20	437.8	427.3	461.3	0.078	435.3	445.0
codec-U	U-oneof-interleaved	U-oneof-interleaved	ascii	core-ffi-pull	decode-read	retain	20	445.0	435.5	496.1	0.136	442.3	462.9
codec-U	U-root-u-msg	U-root-u-msg	ascii	incumbent-prod	encode	default	20	624.4	596.6	666.5	0.112	613.1	628.6
codec-U	U-root-u-msg	U-root-u-msg	ascii	armonik	encode	default	20	648.1	626.7	666.8	0.062	637.7	658.1
codec-U	U-root-u-msg	U-root-u-msg	ascii	core-native	encode	drop	20	98.6	95.1	105.4	0.104	97.5	99.5
codec-U	U-root-u-msg	U-root-u-msg	ascii	core-ffi	encode	drop	20	188.3	182.7	205.9	0.123	186.8	191.4
codec-U	U-root-u-msg	U-root-u-msg	ascii	core-native	encode	retain	20	128.8	125.1	136.2	0.086	128.0	130.7
codec-U	U-root-u-msg	U-root-u-msg	ascii	core-ffi	encode	retain	20	206.7	202.2	217.8	0.076	204.7	209.2
codec-U	U-oneof-member-before-known	U-oneof-member-before-known	ascii	incumbent-prod	decode	default	20	125.4	98.4	139.1	0.325	124.1	128.6
codec-U	U-oneof-member-before-known	U-oneof-member-before-known	ascii	armonik	decode	default	20	126.4	101.5	130.6	0.230	124.9	128.3
codec-U	U-oneof-member-before-known	U-oneof-member-before-known	ascii	core-native	decode	drop	20	92.6	71.1	102.9	0.344	91.4	94.8
codec-U	U-oneof-member-before-known	U-oneof-member-before-known	ascii	core-ffi	decode	drop	20	155.3	122.0	166.6	0.287	153.4	160.7
codec-U	U-oneof-member-before-known	U-oneof-member-before-known	ascii	core-ffi-pull	decode	drop	20	166.5	126.6	183.8	0.344	162.4	171.7
codec-U	U-oneof-member-before-known	U-oneof-member-before-known	ascii	core-native	decode	retain	20	107.1	84.3	114.8	0.285	106.2	109.3
codec-U	U-oneof-member-before-known	U-oneof-member-before-known	ascii	core-ffi	decode	retain	20	210.6	162.2	255.5	0.443	206.9	215.3
codec-U	U-oneof-member-before-known	U-oneof-member-before-known	ascii	core-ffi-pull	decode	retain	20	217.8	165.5	229.2	0.293	214.4	221.6
codec-U	U-wire-ListResultsResponse-results-as-wt5	U-wire-ListResultsResponse-results-as-wt5	ascii	core-native	encode	drop	20	98.5	97.0	105.2	0.084	97.4	99.7
codec-U	U-wire-ListResultsResponse-results-as-wt5	U-wire-ListResultsResponse-results-as-wt5	ascii	core-ffi	encode	drop	20	188.7	184.5	193.4	0.047	186.7	190.9
codec-U	U-wire-ListResultsResponse-results-as-wt5	U-wire-ListResultsResponse-results-as-wt5	ascii	core-native	encode	retain	20	126.0	123.9	136.2	0.098	124.7	128.5
codec-U	U-wire-ListResultsResponse-results-as-wt5	U-wire-ListResultsResponse-results-as-wt5	ascii	core-ffi	encode	retain	20	207.5	202.4	221.9	0.094	203.7	209.3
codec-U	U-wire-UploadResultDataMessage-upload-as-wt0	U-wire-UploadResultDataMessage-upload-as-wt0	ascii	core-native	decode-read	drop	20	96.7	92.8	103.3	0.108	95.7	97.0
codec-U	U-wire-UploadResultDataMessage-upload-as-wt0	U-wire-UploadResultDataMessage-upload-as-wt0	ascii	core-ffi	decode-read	drop	20	168.4	164.3	179.4	0.090	166.8	169.7
codec-U	U-wire-UploadResultDataMessage-upload-as-wt0	U-wire-UploadResultDataMessage-upload-as-wt0	ascii	core-ffi-pull	decode-read	drop	20	172.7	165.3	223.7	0.338	171.4	175.2
codec-U	U-wire-UploadResultDataMessage-upload-as-wt0	U-wire-UploadResultDataMessage-upload-as-wt0	ascii	core-native	decode-read	retain	20	112.2	109.6	127.9	0.163	110.9	113.3
codec-U	U-wire-UploadResultDataMessage-upload-as-wt0	U-wire-UploadResultDataMessage-upload-as-wt0	ascii	core-ffi	decode-read	retain	20	218.3	211.1	228.8	0.081	216.8	220.3
codec-U	U-wire-UploadResultDataMessage-upload-as-wt0	U-wire-UploadResultDataMessage-upload-as-wt0	ascii	core-ffi-pull	decode-read	retain	20	222.6	217.2	249.4	0.144	219.3	223.9
codec-U	U-wire-ListTasksDetailedResponse-tasks-as-wt5	U-wire-ListTasksDetailedResponse-tasks-as-wt5	ascii	core-native	encode	drop	20	577.1	558.1	604.3	0.080	564.8	593.5
codec-U	U-wire-ListTasksDetailedResponse-tasks-as-wt5	U-wire-ListTasksDetailedResponse-tasks-as-wt5	ascii	core-ffi	encode	drop	20	1149.0	1119.6	1212.0	0.080	1135.1	1163.2
codec-U	U-wire-ListTasksDetailedResponse-tasks-as-wt5	U-wire-ListTasksDetailedResponse-tasks-as-wt5	ascii	core-native	encode	retain	20	667.3	650.9	682.6	0.047	660.3	673.2
codec-U	U-wire-ListTasksDetailedResponse-tasks-as-wt5	U-wire-ListTasksDetailedResponse-tasks-as-wt5	ascii	core-ffi	encode	retain	20	1206.3	1183.6	1232.5	0.041	1197.8	1219.5
codec-U	U-wire-ListResultsResponse-results-as-wt0	U-wire-ListResultsResponse-results-as-wt0	ascii	core-native	encode	drop	20	104.5	103.0	118.8	0.151	103.5	108.1
codec-U	U-wire-ListResultsResponse-results-as-wt0	U-wire-ListResultsResponse-results-as-wt0	ascii	core-ffi	encode	drop	20	188.8	184.8	205.0	0.107	187.8	191.2
codec-U	U-wire-ListResultsResponse-results-as-wt0	U-wire-ListResultsResponse-results-as-wt0	ascii	core-native	encode	retain	20	127.5	125.7	135.3	0.075	126.4	130.4
codec-U	U-wire-ListResultsResponse-results-as-wt0	U-wire-ListResultsResponse-results-as-wt0	ascii	core-ffi	encode	retain	20	205.8	201.1	289.9	0.431	203.2	208.9
codec-U	U-element-u-len	U-element-u-len	ascii	incumbent-prod	decode-read	default	20	2128.8	2071.1	2457.7	0.182	2113.9	2176.7
codec-U	U-element-u-len	U-element-u-len	ascii	armonik	decode-read	default	20	2105.3	2056.2	2261.2	0.097	2083.6	2128.2
codec-U	U-element-u-len	U-element-u-len	ascii	core-native	decode-read	drop	20	1708.7	1684.7	1871.0	0.109	1700.4	1729.2
codec-U	U-element-u-len	U-element-u-len	ascii	core-ffi	decode-read	drop	20	2800.8	2762.5	2937.2	0.062	2778.3	2815.3
codec-U	U-element-u-len	U-element-u-len	ascii	core-ffi-pull	decode-read	drop	20	2739.0	2690.7	2833.1	0.052	2708.8	2766.9
codec-U	U-element-u-len	U-element-u-len	ascii	core-native	decode-read	retain	20	1813.2	1772.8	2014.4	0.133	1798.8	1831.3
codec-U	U-element-u-len	U-element-u-len	ascii	core-ffi	decode-read	retain	20	2975.8	2900.8	3162.2	0.088	2945.3	3026.7
codec-U	U-element-u-len	U-element-u-len	ascii	core-ffi-pull	decode-read	retain	20	2955.4	2878.2	3166.1	0.097	2923.0	3007.8
codec-U	U-root-all	U-root-all	ascii	incumbent-prod	decode-read	default	20	737.6	721.3	781.6	0.082	729.6	741.5
codec-U	U-root-all	U-root-all	ascii	armonik	decode-read	default	20	761.4	741.3	1200.0	0.602	748.7	769.8
codec-U	U-root-all	U-root-all	ascii	core-native	decode-read	drop	20	601.1	581.9	641.1	0.098	595.1	607.2
codec-U	U-root-all	U-root-all	ascii	core-ffi	decode-read	drop	20	916.8	879.1	2038.5	1.265	910.7	929.0
codec-U	U-root-all	U-root-all	ascii	core-ffi-pull	decode-read	drop	20	937.9	909.2	2178.3	1.353	922.9	954.1
codec-U	U-root-all	U-root-all	ascii	core-native	decode-read	retain	20	739.7	716.8	1875.2	1.566	727.6	752.2
codec-U	U-root-all	U-root-all	ascii	core-ffi	decode-read	retain	20	1193.7	1165.2	2637.0	1.233	1185.0	1201.9
codec-U	U-root-all	U-root-all	ascii	core-ffi-pull	decode-read	retain	20	1196.2	1170.7	1446.8	0.231	1187.2	1212.8
codec-U	U-root-before	U-root-before	ascii	incumbent-prod	encode	default	20	623.0	600.2	654.7	0.087	617.7	630.3
codec-U	U-root-before	U-root-before	ascii	armonik	encode	default	20	640.1	628.0	769.5	0.221	635.5	653.4
codec-U	U-root-before	U-root-before	ascii	core-native	encode	drop	20	98.2	95.8	114.5	0.190	96.9	100.5
codec-U	U-root-before	U-root-before	ascii	core-ffi	encode	drop	20	189.2	183.7	198.2	0.077	188.0	191.6
codec-U	U-root-before	U-root-before	ascii	core-native	encode	retain	20	127.3	122.6	135.0	0.097	124.9	128.2
codec-U	U-root-before	U-root-before	ascii	core-ffi	encode	retain	20	205.0	197.8	227.7	0.146	202.7	212.1
codec-U	U-element-u-len	U-element-u-len	ascii	incumbent-prod	encode	default	20	1328.2	1314.8	1457.3	0.107	1323.0	1341.7
codec-U	U-element-u-len	U-element-u-len	ascii	armonik	encode	default	20	1359.8	1329.9	1593.1	0.194	1344.2	1377.8
codec-U	U-element-u-len	U-element-u-len	ascii	core-native	encode	drop	20	253.2	246.6	294.2	0.188	251.6	254.9
codec-U	U-element-u-len	U-element-u-len	ascii	core-ffi	encode	drop	20	536.9	526.7	557.3	0.057	534.2	543.6
codec-U	U-element-u-len	U-element-u-len	ascii	core-native	encode	retain	20	297.5	290.5	318.0	0.092	296.3	298.8
codec-U	U-element-u-len	U-element-u-len	ascii	core-ffi	encode	retain	20	558.6	547.4	567.2	0.035	554.0	561.5
codec-U	U-nested-u-packed	U-nested-u-packed	ascii	incumbent-prod	decode	default	20	305.9	297.3	351.0	0.176	302.1	310.3
codec-U	U-nested-u-packed	U-nested-u-packed	ascii	armonik	decode	default	20	286.7	282.6	300.1	0.061	283.9	289.8
codec-U	U-nested-u-packed	U-nested-u-packed	ascii	core-native	decode	drop	20	233.2	228.1	271.0	0.184	231.9	235.1
codec-U	U-nested-u-packed	U-nested-u-packed	ascii	core-ffi	decode	drop	20	400.2	394.7	428.4	0.084	396.9	403.5
codec-U	U-nested-u-packed	U-nested-u-packed	ascii	core-ffi-pull	decode	drop	20	411.9	404.0	512.9	0.264	406.9	420.5
codec-U	U-nested-u-packed	U-nested-u-packed	ascii	core-native	decode	retain	20	247.0	244.2	254.5	0.042	245.3	248.2
codec-U	U-nested-u-packed	U-nested-u-packed	ascii	core-ffi	decode	retain	20	459.5	454.0	520.7	0.145	456.5	466.9
codec-U	U-nested-u-packed	U-nested-u-packed	ascii	core-ffi-pull	decode	retain	20	470.6	462.4	524.5	0.132	467.9	476.2
codec-U	U-wire-ListProbeResponse-probes-as-wt5	U-wire-ListProbeResponse-probes-as-wt5	ascii	core-native	encode	drop	20	43.1	41.9	62.0	0.466	42.6	43.9
codec-U	U-wire-ListProbeResponse-probes-as-wt5	U-wire-ListProbeResponse-probes-as-wt5	ascii	core-ffi	encode	drop	20	89.3	88.3	110.4	0.248	88.7	90.0
codec-U	U-wire-ListProbeResponse-probes-as-wt5	U-wire-ListProbeResponse-probes-as-wt5	ascii	core-native	encode	retain	20	51.8	50.5	53.9	0.066	51.2	52.8
codec-U	U-wire-ListProbeResponse-probes-as-wt5	U-wire-ListProbeResponse-probes-as-wt5	ascii	core-ffi	encode	retain	20	97.4	95.0	140.7	0.469	96.6	99.0
codec-U	U-root-group	U-root-group	ascii	incumbent-prod	decode	default	20	674.1	638.1	708.2	0.104	660.2	684.7
codec-U	U-root-group	U-root-group	ascii	armonik	decode	default	20	662.9	647.5	727.3	0.120	660.5	672.6
codec-U	U-root-group	U-root-group	ascii	core-native	decode	drop	20	526.1	513.3	574.6	0.116	523.2	532.3
codec-U	U-root-group	U-root-group	ascii	core-ffi	decode	drop	20	855.0	837.6	915.0	0.090	848.4	865.5
codec-U	U-root-group	U-root-group	ascii	core-ffi-pull	decode	drop	20	857.9	843.9	1041.5	0.230	852.8	868.7
codec-U	U-root-group	U-root-group	ascii	core-native	decode	retain	20	583.6	571.1	611.9	0.070	581.0	588.2
codec-U	U-root-group	U-root-group	ascii	core-ffi	decode	retain	20	967.6	950.9	1018.1	0.069	963.5	973.4
codec-U	U-root-group	U-root-group	ascii	core-ffi-pull	decode	retain	20	937.8	904.3	987.6	0.089	924.9	940.5
codec-U	U-nested-u-msg	U-nested-u-msg	ascii	incumbent-prod	decode-read	default	20	316.2	305.8	330.3	0.077	311.6	318.3
codec-U	U-nested-u-msg	U-nested-u-msg	ascii	armonik	decode-read	default	20	309.3	296.5	330.8	0.111	303.7	317.0
codec-U	U-nested-u-msg	U-nested-u-msg	ascii	core-native	decode-read	drop	20	260.1	253.8	275.2	0.082	257.4	261.6
codec-U	U-nested-u-msg	U-nested-u-msg	ascii	core-ffi	decode-read	drop	20	423.4	413.7	457.1	0.103	418.4	431.9
codec-U	U-nested-u-msg	U-nested-u-msg	ascii	core-ffi-pull	decode-read	drop	20	439.2	424.3	459.8	0.081	434.7	447.6
codec-U	U-nested-u-msg	U-nested-u-msg	ascii	core-native	decode-read	retain	20	273.8	256.2	279.2	0.084	269.3	276.5
codec-U	U-nested-u-msg	U-nested-u-msg	ascii	core-ffi	decode-read	retain	20	488.6	471.7	529.7	0.119	485.7	490.6
codec-U	U-nested-u-msg	U-nested-u-msg	ascii	core-ffi-pull	decode-read	retain	20	496.4	484.9	522.8	0.076	489.2	509.2
codec-U	U-oneof-member-alone	U-oneof-member-alone	ascii	incumbent-prod	decode	default	20	112.3	106.1	117.1	0.097	111.6	113.0
codec-U	U-oneof-member-alone	U-oneof-member-alone	ascii	armonik	decode	default	20	111.1	104.4	118.8	0.130	110.3	112.3
codec-U	U-oneof-member-alone	U-oneof-member-alone	ascii	core-native	decode	drop	20	87.5	81.9	89.6	0.088	87.0	88.1
codec-U	U-oneof-member-alone	U-oneof-member-alone	ascii	core-ffi	decode	drop	20	149.7	140.9	155.9	0.100	148.7	151.7
codec-U	U-oneof-member-alone	U-oneof-member-alone	ascii	core-ffi-pull	decode	drop	20	159.8	149.6	164.7	0.095	158.6	161.0
codec-U	U-oneof-member-alone	U-oneof-member-alone	ascii	core-native	decode	retain	20	101.9	96.2	106.6	0.101	101.6	102.6
codec-U	U-oneof-member-alone	U-oneof-member-alone	ascii	core-ffi	decode	retain	20	200.8	189.6	207.6	0.090	199.9	202.1
codec-U	U-oneof-member-alone	U-oneof-member-alone	ascii	core-ffi-pull	decode	retain	20	207.8	200.5	216.8	0.078	206.4	209.5
codec-U	U-oneof-u-varint	U-oneof-u-varint	ascii	incumbent-prod	decode-read	default	20	140.3	138.4	146.4	0.057	139.3	142.8
codec-U	U-oneof-u-varint	U-oneof-u-varint	ascii	armonik	decode-read	default	20	137.7	133.9	148.7	0.108	136.8	141.3
codec-U	U-oneof-u-varint	U-oneof-u-varint	ascii	core-native	decode-read	drop	20	100.3	97.6	131.9	0.343	98.8	102.9
codec-U	U-oneof-u-varint	U-oneof-u-varint	ascii	core-ffi	decode-read	drop	20	162.6	158.6	214.2	0.342	161.1	165.9
codec-U	U-oneof-u-varint	U-oneof-u-varint	ascii	core-ffi-pull	decode-read	drop	20	171.7	168.2	183.6	0.090	170.2	173.9
codec-U	U-oneof-u-varint	U-oneof-u-varint	ascii	core-native	decode-read	retain	20	113.7	110.5	121.0	0.093	112.7	114.6
codec-U	U-oneof-u-varint	U-oneof-u-varint	ascii	core-ffi	decode-read	retain	20	215.6	210.3	259.9	0.230	213.8	217.8
codec-U	U-oneof-u-varint	U-oneof-u-varint	ascii	core-ffi-pull	decode-read	retain	20	223.2	218.2	283.0	0.291	220.7	226.3
codec-U	U-element-u-repeated	U-element-u-repeated	ascii	incumbent-prod	decode	default	20	1978.5	1939.3	2178.7	0.121	1963.9	2043.3
codec-U	U-element-u-repeated	U-element-u-repeated	ascii	armonik	decode	default	20	1952.4	1900.9	2101.9	0.103	1907.0	2011.3
codec-U	U-element-u-repeated	U-element-u-repeated	ascii	core-native	decode	drop	20	1577.4	1544.0	1674.1	0.082	1556.1	1601.0
codec-U	U-element-u-repeated	U-element-u-repeated	ascii	core-ffi	decode	drop	20	2742.4	2640.9	2953.8	0.114	2702.5	2830.9
codec-U	U-element-u-repeated	U-element-u-repeated	ascii	core-ffi-pull	decode	drop	20	2648.3	2584.9	2951.9	0.139	2612.7	2714.2
codec-U	U-element-u-repeated	U-element-u-repeated	ascii	core-native	decode	retain	20	1656.7	1608.5	1827.0	0.132	1634.5	1769.1
codec-U	U-element-u-repeated	U-element-u-repeated	ascii	core-ffi	decode	retain	20	2933.4	2856.0	3387.2	0.181	2906.9	3052.3
codec-U	U-element-u-repeated	U-element-u-repeated	ascii	core-ffi-pull	decode	retain	20	2884.9	2781.8	3084.0	0.105	2824.5	2962.9
codec-U	U-wire-ListResultsResponse-page-as-wt5	U-wire-ListResultsResponse-page-as-wt5	ascii	core-native	encode	drop	20	100.1	93.9	103.6	0.097	98.8	101.9
codec-U	U-wire-ListResultsResponse-page-as-wt5	U-wire-ListResultsResponse-page-as-wt5	ascii	core-ffi	encode	drop	20	191.2	180.6	204.7	0.126	187.4	197.1
codec-U	U-wire-ListResultsResponse-page-as-wt5	U-wire-ListResultsResponse-page-as-wt5	ascii	core-native	encode	retain	20	127.8	123.5	137.7	0.111	127.1	130.3
codec-U	U-wire-ListResultsResponse-page-as-wt5	U-wire-ListResultsResponse-page-as-wt5	ascii	core-ffi	encode	retain	20	210.2	200.8	226.7	0.123	206.3	214.2
codec-U	U-oneof-interleaved	U-oneof-interleaved	ascii	incumbent-prod	encode	default	20	129.2	123.9	135.6	0.091	127.5	132.6
codec-U	U-oneof-interleaved	U-oneof-interleaved	ascii	armonik	encode	default	20	122.9	116.8	136.0	0.157	120.2	126.9
codec-U	U-oneof-interleaved	U-oneof-interleaved	ascii	core-native	encode	drop	20	22.2	21.4	23.4	0.091	22.0	22.6
codec-U	U-oneof-interleaved	U-oneof-interleaved	ascii	core-ffi	encode	drop	20	47.8	46.1	50.2	0.084	47.1	48.4
codec-U	U-oneof-interleaved	U-oneof-interleaved	ascii	core-native	encode	retain	20	28.6	25.5	33.6	0.284	27.5	28.9
codec-U	U-oneof-interleaved	U-oneof-interleaved	ascii	core-ffi	encode	retain	20	55.5	54.5	64.7	0.183	55.3	56.5
codec-U	U-wire-UploadResultDataMessage-upload-as-wt5	U-wire-UploadResultDataMessage-upload-as-wt5	ascii	core-native	decode	drop	20	93.9	76.5	99.7	0.248	92.7	95.3
codec-U	U-wire-UploadResultDataMessage-upload-as-wt5	U-wire-UploadResultDataMessage-upload-as-wt5	ascii	core-ffi	decode	drop	20	166.9	139.3	174.9	0.213	165.5	169.1
codec-U	U-wire-UploadResultDataMessage-upload-as-wt5	U-wire-UploadResultDataMessage-upload-as-wt5	ascii	core-ffi-pull	decode	drop	20	169.3	131.7	188.2	0.334	167.6	171.9
codec-U	U-wire-UploadResultDataMessage-upload-as-wt5	U-wire-UploadResultDataMessage-upload-as-wt5	ascii	core-native	decode	retain	20	109.1	87.0	118.0	0.285	108.1	110.8
codec-U	U-wire-UploadResultDataMessage-upload-as-wt5	U-wire-UploadResultDataMessage-upload-as-wt5	ascii	core-ffi	decode	retain	20	216.0	177.5	221.4	0.203	214.6	219.0
codec-U	U-wire-UploadResultDataMessage-upload-as-wt5	U-wire-UploadResultDataMessage-upload-as-wt5	ascii	core-ffi-pull	decode	retain	20	222.3	215.5	242.7	0.122	218.2	228.7
codec-U	U-wire-ListResultsResponse-results-as-wt0	U-wire-ListResultsResponse-results-as-wt0	ascii	core-native	decode	drop	20	435.9	405.8	534.6	0.296	425.5	461.5
codec-U	U-wire-ListResultsResponse-results-as-wt0	U-wire-ListResultsResponse-results-as-wt0	ascii	core-ffi	decode	drop	20	696.8	658.2	908.8	0.360	682.0	742.9
codec-U	U-wire-ListResultsResponse-results-as-wt0	U-wire-ListResultsResponse-results-as-wt0	ascii	core-ffi-pull	decode	drop	20	718.4	669.4	883.9	0.299	685.1	751.9
codec-U	U-wire-ListResultsResponse-results-as-wt0	U-wire-ListResultsResponse-results-as-wt0	ascii	core-native	decode	retain	20	438.9	420.8	530.9	0.251	429.9	462.8
codec-U	U-wire-ListResultsResponse-results-as-wt0	U-wire-ListResultsResponse-results-as-wt0	ascii	core-ffi	decode	retain	20	751.2	715.5	923.1	0.276	736.6	788.0
codec-U	U-wire-ListResultsResponse-results-as-wt0	U-wire-ListResultsResponse-results-as-wt0	ascii	core-ffi-pull	decode	retain	20	765.5	726.6	904.9	0.233	743.0	806.9
codec-U	U-element-all	U-element-all	ascii	incumbent-prod	decode	default	20	2043.5	1891.3	2242.6	0.172	2006.0	2083.4
codec-U	U-element-all	U-element-all	ascii	armonik	decode	default	20	1992.3	1888.0	2162.9	0.138	1965.1	2063.0
codec-U	U-element-all	U-element-all	ascii	core-native	decode	drop	20	1590.5	1492.1	1994.0	0.316	1566.9	1636.6
codec-U	U-element-all	U-element-all	ascii	core-ffi	decode	drop	20	2719.0	2558.8	2888.3	0.121	2686.7	2780.6
codec-U	U-element-all	U-element-all	ascii	core-ffi-pull	decode	drop	20	2661.0	2510.3	2804.7	0.111	2603.4	2725.2
codec-U	U-element-all	U-element-all	ascii	core-native	decode	retain	20	1782.6	1665.4	2022.0	0.200	1716.5	1805.9
codec-U	U-element-all	U-element-all	ascii	core-ffi	decode	retain	20	3173.9	2943.8	3314.5	0.117	3139.6	3227.3
codec-U	U-element-all	U-element-all	ascii	core-ffi-pull	decode	retain	20	3080.6	2872.6	3418.5	0.177	3008.2	3115.8
codec-U	U-wire-ListTasksDetailedResponse-page-as-wt5	U-wire-ListTasksDetailedResponse-page-as-wt5	ascii	core-native	decode	drop	20	3543.6	3452.5	4175.4	0.204	3522.8	3590.1
codec-U	U-wire-ListTasksDetailedResponse-page-as-wt5	U-wire-ListTasksDetailedResponse-page-as-wt5	ascii	core-ffi	decode	drop	20	5670.8	5490.3	7987.5	0.440	5596.9	5810.1
codec-U	U-wire-ListTasksDetailedResponse-page-as-wt5	U-wire-ListTasksDetailedResponse-page-as-wt5	ascii	core-ffi-pull	decode	drop	20	5503.0	5412.1	7224.6	0.329	5471.0	5571.7
codec-U	U-wire-ListTasksDetailedResponse-page-as-wt5	U-wire-ListTasksDetailedResponse-page-as-wt5	ascii	core-native	decode	retain	20	3578.9	3500.9	3675.0	0.049	3554.1	3617.6
codec-U	U-wire-ListTasksDetailedResponse-page-as-wt5	U-wire-ListTasksDetailedResponse-page-as-wt5	ascii	core-ffi	decode	retain	20	5891.4	5742.2	6304.4	0.095	5800.1	6047.8
codec-U	U-wire-ListTasksDetailedResponse-page-as-wt5	U-wire-ListTasksDetailedResponse-page-as-wt5	ascii	core-ffi-pull	decode	retain	20	5724.7	5596.5	6002.8	0.071	5663.4	5841.9
codec-U	U-root-max-tag	U-root-max-tag	ascii	incumbent-prod	encode	default	20	615.6	598.1	639.4	0.067	608.5	622.1
codec-U	U-root-max-tag	U-root-max-tag	ascii	armonik	encode	default	20	641.0	627.8	689.5	0.096	638.2	645.3
codec-U	U-root-max-tag	U-root-max-tag	ascii	core-native	encode	drop	20	98.7	94.9	104.7	0.099	98.1	100.0
codec-U	U-root-max-tag	U-root-max-tag	ascii	core-ffi	encode	drop	20	187.3	183.7	197.5	0.073	186.6	188.9
codec-U	U-root-max-tag	U-root-max-tag	ascii	core-native	encode	retain	20	125.9	123.7	128.3	0.037	125.1	127.2
codec-U	U-root-max-tag	U-root-max-tag	ascii	core-ffi	encode	retain	20	205.2	203.2	228.9	0.125	204.3	206.2
codec-U	U-wire-ListMetricsResponse-batches-as-wt0	U-wire-ListMetricsResponse-batches-as-wt0	ascii	core-native	encode	drop	20	599.7	589.5	615.3	0.043	595.3	604.5
codec-U	U-wire-ListMetricsResponse-batches-as-wt0	U-wire-ListMetricsResponse-batches-as-wt0	ascii	core-ffi	encode	drop	20	795.1	775.3	893.2	0.148	788.9	800.4
codec-U	U-wire-ListMetricsResponse-batches-as-wt0	U-wire-ListMetricsResponse-batches-as-wt0	ascii	core-native	encode	retain	20	616.9	605.3	639.6	0.056	609.5	623.4
codec-U	U-wire-ListMetricsResponse-batches-as-wt0	U-wire-ListMetricsResponse-batches-as-wt0	ascii	core-ffi	encode	retain	20	789.2	767.0	811.5	0.056	782.1	794.7
codec-U	U-element-all	U-element-all	ascii	incumbent-prod	decode-read	default	20	2114.8	1963.0	3180.2	0.576	2070.4	2149.4
codec-U	U-element-all	U-element-all	ascii	armonik	decode-read	default	20	2076.6	1969.8	3314.9	0.648	2024.8	2137.6
codec-U	U-element-all	U-element-all	ascii	core-native	decode-read	drop	20	1693.9	1587.0	2659.9	0.633	1650.1	1764.1
codec-U	U-element-all	U-element-all	ascii	core-ffi	decode-read	drop	20	2848.9	2625.5	3349.2	0.254	2723.7	2953.6
codec-U	U-element-all	U-element-all	ascii	core-ffi-pull	decode-read	drop	20	2747.8	2598.2	3006.9	0.149	2651.6	2851.5
codec-U	U-element-all	U-element-all	ascii	core-native	decode-read	retain	20	1926.0	1731.6	2151.1	0.218	1870.4	1957.3
codec-U	U-element-all	U-element-all	ascii	core-ffi	decode-read	retain	20	3270.4	3015.5	3804.0	0.241	3191.8	3374.6
codec-U	U-element-all	U-element-all	ascii	core-ffi-pull	decode-read	retain	20	3135.0	2855.9	3689.6	0.266	3082.8	3202.0
codec-U	U-oneof-u-msg	U-oneof-u-msg	ascii	incumbent-prod	decode-read	default	20	111.7	105.7	123.0	0.154	110.5	119.3
codec-U	U-oneof-u-msg	U-oneof-u-msg	ascii	armonik	decode-read	default	20	112.6	101.6	126.8	0.224	109.4	117.2
codec-U	U-oneof-u-msg	U-oneof-u-msg	ascii	core-native	decode-read	drop	20	83.6	75.8	88.3	0.150	80.5	87.4
codec-U	U-oneof-u-msg	U-oneof-u-msg	ascii	core-ffi	decode-read	drop	20	138.1	125.8	147.0	0.153	132.4	145.0
codec-U	U-oneof-u-msg	U-oneof-u-msg	ascii	core-ffi-pull	decode-read	drop	20	145.0	132.5	157.8	0.174	139.1	151.5
codec-U	U-oneof-u-msg	U-oneof-u-msg	ascii	core-native	decode-read	retain	20	97.6	87.7	101.5	0.142	93.0	99.4
codec-U	U-oneof-u-msg	U-oneof-u-msg	ascii	core-ffi	decode-read	retain	20	187.8	168.7	194.7	0.139	178.8	191.7
codec-U	U-oneof-u-msg	U-oneof-u-msg	ascii	core-ffi-pull	decode-read	retain	20	185.5	173.5	202.3	0.155	182.7	196.2
codec-U	U-oneof-u-fixed32	U-oneof-u-fixed32	ascii	incumbent-prod	encode	default	20	124.1	99.8	136.2	0.294	113.8	128.5
codec-U	U-oneof-u-fixed32	U-oneof-u-fixed32	ascii	armonik	encode	default	20	117.2	92.9	130.2	0.319	107.1	122.6
codec-U	U-oneof-u-fixed32	U-oneof-u-fixed32	ascii	core-native	encode	drop	20	22.0	17.7	22.9	0.239	20.0	22.4
codec-U	U-oneof-u-fixed32	U-oneof-u-fixed32	ascii	core-ffi	encode	drop	20	46.1	35.9	50.6	0.318	40.6	47.1
codec-U	U-oneof-u-fixed32	U-oneof-u-fixed32	ascii	core-native	encode	retain	20	27.5	21.7	28.7	0.257	24.2	28.0
codec-U	U-oneof-u-fixed32	U-oneof-u-fixed32	ascii	core-ffi	encode	retain	20	55.7	43.1	58.3	0.273	50.0	56.1
codec-U	U-enum-value-packed	U-enum-value-packed	ascii	incumbent-prod	decode-read	default	20	107.8	105.0	114.4	0.087	106.8	108.5
codec-U	U-enum-value-packed	U-enum-value-packed	ascii	armonik	decode-read	default	20	134.2	131.9	146.9	0.112	133.0	135.5
codec-U	U-enum-value-packed	U-enum-value-packed	ascii	core-native	decode-read	drop	20	91.6	89.8	95.5	0.062	91.4	92.9
codec-U	U-enum-value-packed	U-enum-value-packed	ascii	core-ffi	decode-read	drop	20	227.4	223.6	237.9	0.063	225.2	230.5
codec-U	U-enum-value-packed	U-enum-value-packed	ascii	core-ffi-pull	decode-read	drop	20	249.8	245.8	274.8	0.116	248.3	255.4
codec-U	U-enum-value-packed	U-enum-value-packed	ascii	core-native	decode-read	retain	20	85.4	84.3	90.8	0.077	85.0	86.1
codec-U	U-enum-value-packed	U-enum-value-packed	ascii	core-ffi	decode-read	retain	20	241.9	236.3	257.7	0.089	238.8	244.9
codec-U	U-enum-value-packed	U-enum-value-packed	ascii	core-ffi-pull	decode-read	retain	20	260.0	257.2	269.3	0.047	258.9	262.7
codec-U	U-element-u-msg	U-element-u-msg	ascii	incumbent-prod	encode	default	20	1334.3	1305.7	1369.7	0.048	1320.9	1340.6
codec-U	U-element-u-msg	U-element-u-msg	ascii	armonik	encode	default	20	1356.0	1332.1	1407.1	0.055	1351.3	1373.1
codec-U	U-element-u-msg	U-element-u-msg	ascii	core-native	encode	drop	20	252.6	244.1	262.8	0.074	250.7	256.1
codec-U	U-element-u-msg	U-element-u-msg	ascii	core-ffi	encode	drop	20	537.5	528.1	660.2	0.246	531.4	543.8
codec-U	U-element-u-msg	U-element-u-msg	ascii	core-native	encode	retain	20	307.4	297.9	329.2	0.102	305.3	309.4
codec-U	U-element-u-msg	U-element-u-msg	ascii	core-ffi	encode	retain	20	558.3	547.8	636.8	0.160	555.2	566.6
codec-U	U-oneof-before	U-oneof-before	ascii	incumbent-prod	decode-read	default	20	217.1	211.2	244.7	0.154	215.5	220.5
codec-U	U-oneof-before	U-oneof-before	ascii	armonik	decode-read	default	20	209.6	200.3	223.4	0.110	204.9	211.4
codec-U	U-oneof-before	U-oneof-before	ascii	core-native	decode-read	drop	20	126.6	123.8	133.4	0.076	125.6	128.9
codec-U	U-oneof-before	U-oneof-before	ascii	core-ffi	decode-read	drop	20	210.9	204.3	223.7	0.092	207.8	216.4
codec-U	U-oneof-before	U-oneof-before	ascii	core-ffi-pull	decode-read	drop	20	218.5	212.7	228.0	0.070	216.6	220.3
codec-U	U-oneof-before	U-oneof-before	ascii	core-native	decode-read	retain	20	242.6	234.1	263.9	0.123	239.2	245.0
codec-U	U-oneof-before	U-oneof-before	ascii	core-ffi	decode-read	retain	20	433.7	422.8	446.2	0.054	427.0	439.0
codec-U	U-oneof-before	U-oneof-before	ascii	core-ffi-pull	decode-read	retain	20	448.4	438.0	476.6	0.086	441.8	451.2
codec-U	U-oneof-member-alone	U-oneof-member-alone	ascii	incumbent-prod	decode-read	default	20	94.4	91.4	123.8	0.343	93.4	118.4
codec-U	U-oneof-member-alone	U-oneof-member-alone	ascii	armonik	decode-read	default	20	94.2	88.9	193.7	1.112	90.5	117.0
codec-U	U-oneof-member-alone	U-oneof-member-alone	ascii	core-native	decode-read	drop	20	75.7	71.9	183.7	1.476	72.6	92.8
codec-U	U-oneof-member-alone	U-oneof-member-alone	ascii	core-ffi	decode-read	drop	20	132.8	121.4	272.4	1.138	123.3	158.0
codec-U	U-oneof-member-alone	U-oneof-member-alone	ascii	core-ffi-pull	decode-read	drop	20	134.1	126.5	284.5	1.178	129.1	163.8
codec-U	U-oneof-member-alone	U-oneof-member-alone	ascii	core-native	decode-read	retain	20	90.5	83.3	146.3	0.696	85.2	108.8
codec-U	U-oneof-member-alone	U-oneof-member-alone	ascii	core-ffi	decode-read	retain	20	165.9	158.8	211.5	0.318	161.5	205.3
codec-U	U-oneof-member-alone	U-oneof-member-alone	ascii	core-ffi-pull	decode-read	retain	20	169.9	165.2	235.9	0.417	167.6	210.4
codec-U	U-leaf-u-msg	U-leaf-u-msg	ascii	incumbent-prod	decode-read	default	20	327.8	319.7	354.0	0.105	325.1	338.3
codec-U	U-leaf-u-msg	U-leaf-u-msg	ascii	armonik	decode-read	default	20	322.0	312.2	339.3	0.084	318.4	329.4
codec-U	U-leaf-u-msg	U-leaf-u-msg	ascii	core-native	decode-read	drop	20	248.2	239.2	269.6	0.123	244.3	252.3
codec-U	U-leaf-u-msg	U-leaf-u-msg	ascii	core-ffi	decode-read	drop	20	420.2	409.3	444.0	0.082	417.1	428.3
codec-U	U-leaf-u-msg	U-leaf-u-msg	ascii	core-ffi-pull	decode-read	drop	20	436.3	418.0	487.1	0.159	432.6	441.6
codec-U	U-leaf-u-msg	U-leaf-u-msg	ascii	core-native	decode-read	retain	20	277.9	271.8	340.2	0.246	274.6	280.9
codec-U	U-leaf-u-msg	U-leaf-u-msg	ascii	core-ffi	decode-read	retain	20	500.4	492.0	541.0	0.098	494.9	508.5
codec-U	U-leaf-u-msg	U-leaf-u-msg	ascii	core-ffi-pull	decode-read	retain	20	520.3	501.1	895.6	0.758	509.6	550.5
codec-U	U-nested-u-len	U-nested-u-len	ascii	incumbent-prod	decode	default	20	310.9	300.1	349.8	0.160	303.8	319.1
codec-U	U-nested-u-len	U-nested-u-len	ascii	armonik	decode	default	20	292.3	282.7	329.9	0.161	288.2	295.5
codec-U	U-nested-u-len	U-nested-u-len	ascii	core-native	decode	drop	20	235.2	229.6	293.1	0.270	233.1	239.7
codec-U	U-nested-u-len	U-nested-u-len	ascii	core-ffi	decode	drop	20	401.7	390.5	502.7	0.279	396.9	408.9
codec-U	U-nested-u-len	U-nested-u-len	ascii	core-ffi-pull	decode	drop	20	417.9	409.6	469.4	0.143	413.4	423.9
codec-U	U-nested-u-len	U-nested-u-len	ascii	core-native	decode	retain	20	252.8	245.1	310.3	0.258	250.3	257.1
codec-U	U-nested-u-len	U-nested-u-len	ascii	core-ffi	decode	retain	20	468.3	449.9	549.3	0.212	462.6	475.3
codec-U	U-nested-u-len	U-nested-u-len	ascii	core-ffi-pull	decode	retain	20	479.0	465.7	524.2	0.122	471.3	486.3
codec-U	U-root-u-len	U-root-u-len	ascii	incumbent-prod	decode	default	20	637.8	623.9	679.6	0.087	630.8	642.0
codec-U	U-root-u-len	U-root-u-len	ascii	armonik	decode	default	20	636.8	622.0	668.6	0.073	631.5	645.1
codec-U	U-root-u-len	U-root-u-len	ascii	core-native	decode	drop	20	516.3	508.3	555.4	0.091	513.3	522.5
codec-U	U-root-u-len	U-root-u-len	ascii	core-ffi	decode	drop	20	827.7	816.5	891.2	0.090	826.4	846.4
codec-U	U-root-u-len	U-root-u-len	ascii	core-ffi-pull	decode	drop	20	852.2	829.0	920.6	0.108	845.3	874.8
codec-U	U-root-u-len	U-root-u-len	ascii	core-native	decode	retain	20	521.5	510.3	980.5	0.902	518.2	534.4
codec-U	U-root-u-len	U-root-u-len	ascii	core-ffi	decode	retain	20	905.9	882.6	962.1	0.088	897.0	925.7
codec-U	U-root-u-len	U-root-u-len	ascii	core-ffi-pull	decode	retain	20	909.4	884.0	960.5	0.084	896.5	943.0
codec-U	U-element-u-packed	U-element-u-packed	ascii	incumbent-prod	decode-read	default	20	2128.5	2085.0	2252.0	0.078	2115.7	2174.6
codec-U	U-element-u-packed	U-element-u-packed	ascii	armonik	decode-read	default	20	2100.9	2054.4	2340.1	0.136	2082.7	2140.8
codec-U	U-element-u-packed	U-element-u-packed	ascii	core-native	decode-read	drop	20	1737.7	1711.2	1909.6	0.114	1723.9	1770.4
codec-U	U-element-u-packed	U-element-u-packed	ascii	core-ffi	decode-read	drop	20	2842.6	2729.6	2945.7	0.076	2784.3	2880.0
codec-U	U-element-u-packed	U-element-u-packed	ascii	core-ffi-pull	decode-read	drop	20	2756.9	2709.5	3023.0	0.114	2727.8	2799.1
codec-U	U-element-u-packed	U-element-u-packed	ascii	core-native	decode-read	retain	20	1774.0	1737.5	1890.2	0.086	1758.8	1802.3
codec-U	U-element-u-packed	U-element-u-packed	ascii	core-ffi	decode-read	retain	20	2939.8	2877.6	3095.4	0.074	2913.9	2981.0
codec-U	U-element-u-packed	U-element-u-packed	ascii	core-ffi-pull	decode-read	retain	20	2908.5	2845.4	3298.2	0.156	2886.8	2938.3
codec-U	U-nested-all	U-nested-all	ascii	incumbent-prod	encode	default	20	269.5	260.3	291.5	0.116	265.6	276.6
codec-U	U-nested-all	U-nested-all	ascii	armonik	encode	default	20	279.2	274.5	293.5	0.068	275.6	282.0
codec-U	U-nested-all	U-nested-all	ascii	core-native	encode	drop	20	46.0	44.9	49.0	0.088	45.5	46.4
codec-U	U-nested-all	U-nested-all	ascii	core-ffi	encode	drop	20	98.6	95.0	107.2	0.123	96.8	100.6
codec-U	U-nested-all	U-nested-all	ascii	core-native	encode	retain	20	60.8	57.7	64.7	0.115	59.4	61.8
codec-U	U-nested-all	U-nested-all	ascii	core-ffi	encode	retain	20	107.1	105.7	119.3	0.127	106.6	108.0
codec-U	U-wire-ListProbeResponse-probes-as-wt1	U-wire-ListProbeResponse-probes-as-wt1	ascii	core-native	encode	drop	20	39.1	36.2	41.1	0.125	38.7	39.7
codec-U	U-wire-ListProbeResponse-probes-as-wt1	U-wire-ListProbeResponse-probes-as-wt1	ascii	core-ffi	encode	drop	20	81.0	78.5	83.7	0.065	80.4	82.6
codec-U	U-wire-ListProbeResponse-probes-as-wt1	U-wire-ListProbeResponse-probes-as-wt1	ascii	core-native	encode	retain	20	46.0	43.9	47.5	0.079	44.9	46.4
codec-U	U-wire-ListProbeResponse-probes-as-wt1	U-wire-ListProbeResponse-probes-as-wt1	ascii	core-ffi	encode	retain	20	88.9	86.3	92.8	0.073	87.6	89.4
codec-U	U-leaf-all	U-leaf-all	ascii	incumbent-prod	decode-read	default	20	503.3	487.4	522.4	0.070	500.9	509.7
codec-U	U-leaf-all	U-leaf-all	ascii	armonik	decode-read	default	20	502.6	484.6	523.2	0.077	497.9	508.1
codec-U	U-leaf-all	U-leaf-all	ascii	core-native	decode-read	drop	20	313.8	304.3	322.9	0.059	311.1	314.8
codec-U	U-leaf-all	U-leaf-all	ascii	core-ffi	decode-read	drop	20	497.2	491.7	524.1	0.065	494.1	503.4
codec-U	U-leaf-all	U-leaf-all	ascii	core-ffi-pull	decode-read	drop	20	510.8	497.9	562.7	0.127	507.8	521.2
codec-U	U-leaf-all	U-leaf-all	ascii	core-native	decode-read	retain	20	702.7	651.1	773.8	0.175	686.8	707.8
codec-U	U-leaf-all	U-leaf-all	ascii	core-ffi	decode-read	retain	20	1052.7	993.2	1083.9	0.086	1020.1	1066.3
codec-U	U-leaf-all	U-leaf-all	ascii	core-ffi-pull	decode-read	retain	20	1063.0	1027.0	1122.7	0.090	1037.5	1082.9
codec-U	U-wire-DualResponse-left-as-wt1	U-wire-DualResponse-left-as-wt1	ascii	core-native	decode-read	drop	20	184.1	180.2	195.6	0.084	182.4	186.7
codec-U	U-wire-DualResponse-left-as-wt1	U-wire-DualResponse-left-as-wt1	ascii	core-ffi	decode-read	drop	20	259.6	252.4	303.5	0.197	256.1	261.8
codec-U	U-wire-DualResponse-left-as-wt1	U-wire-DualResponse-left-as-wt1	ascii	core-ffi-pull	decode-read	drop	20	278.0	273.4	548.8	0.991	276.0	279.3
codec-U	U-wire-DualResponse-left-as-wt1	U-wire-DualResponse-left-as-wt1	ascii	core-native	decode-read	retain	20	197.7	193.9	204.3	0.053	195.9	199.8
codec-U	U-wire-DualResponse-left-as-wt1	U-wire-DualResponse-left-as-wt1	ascii	core-ffi	decode-read	retain	20	317.6	314.0	325.8	0.037	314.9	321.7
codec-U	U-wire-DualResponse-left-as-wt1	U-wire-DualResponse-left-as-wt1	ascii	core-ffi-pull	decode-read	retain	20	336.1	329.8	352.2	0.067	333.0	339.0
codec-U	U-leaf-u-varint	U-leaf-u-varint	ascii	incumbent-prod	encode	default	20	246.1	214.7	269.9	0.224	239.4	249.8
codec-U	U-leaf-u-varint	U-leaf-u-varint	ascii	armonik	encode	default	20	255.6	245.8	528.8	1.108	251.8	264.4
codec-U	U-leaf-u-varint	U-leaf-u-varint	ascii	core-native	encode	drop	20	42.0	40.4	71.2	0.735	41.4	43.1
codec-U	U-leaf-u-varint	U-leaf-u-varint	ascii	core-ffi	encode	drop	20	89.3	84.8	132.4	0.533	87.3	91.5
codec-U	U-leaf-u-varint	U-leaf-u-varint	ascii	core-native	encode	retain	20	57.3	54.0	89.9	0.626	55.7	58.6
codec-U	U-leaf-u-varint	U-leaf-u-varint	ascii	core-ffi	encode	retain	20	101.2	91.1	152.3	0.605	98.9	103.5
codec-U	U-oneof-all	U-oneof-all	ascii	incumbent-prod	decode-read	default	20	221.1	178.9	239.0	0.272	206.2	223.5
codec-U	U-oneof-all	U-oneof-all	ascii	armonik	decode-read	default	20	210.4	169.1	227.9	0.279	206.5	214.0
codec-U	U-oneof-all	U-oneof-all	ascii	core-native	decode-read	drop	20	129.1	101.9	165.5	0.493	126.5	130.9
codec-U	U-oneof-all	U-oneof-all	ascii	core-ffi	decode-read	drop	20	200.7	161.8	250.9	0.444	196.4	204.6
codec-U	U-oneof-all	U-oneof-all	ascii	core-ffi-pull	decode-read	drop	20	205.7	170.0	215.6	0.222	196.5	208.8
codec-U	U-oneof-all	U-oneof-all	ascii	core-native	decode-read	retain	20	245.7	197.8	263.0	0.265	235.3	249.8
codec-U	U-oneof-all	U-oneof-all	ascii	core-ffi	decode-read	retain	20	438.3	359.0	464.3	0.240	411.2	443.6
codec-U	U-oneof-all	U-oneof-all	ascii	core-ffi-pull	decode-read	retain	20	447.8	361.5	584.2	0.497	416.6	455.9
codec-U	U-wire-ListProbeResponse-probes-as-wt5	U-wire-ListProbeResponse-probes-as-wt5	ascii	core-native	decode	drop	20	199.1	192.3	218.6	0.132	196.9	204.1
codec-U	U-wire-ListProbeResponse-probes-as-wt5	U-wire-ListProbeResponse-probes-as-wt5	ascii	core-ffi	decode	drop	20	325.0	310.8	426.3	0.355	318.7	334.8
codec-U	U-wire-ListProbeResponse-probes-as-wt5	U-wire-ListProbeResponse-probes-as-wt5	ascii	core-ffi-pull	decode	drop	20	342.8	326.6	359.1	0.095	335.3	350.3
codec-U	U-wire-ListProbeResponse-probes-as-wt5	U-wire-ListProbeResponse-probes-as-wt5	ascii	core-native	decode	retain	20	212.9	207.4	236.6	0.137	210.0	218.7
codec-U	U-wire-ListProbeResponse-probes-as-wt5	U-wire-ListProbeResponse-probes-as-wt5	ascii	core-ffi	decode	retain	20	379.1	365.8	569.0	0.536	372.7	394.1
codec-U	U-wire-ListProbeResponse-probes-as-wt5	U-wire-ListProbeResponse-probes-as-wt5	ascii	core-ffi-pull	decode	retain	20	398.4	378.8	571.4	0.483	385.8	418.4
codec-U	U-wire-ListProbeResponse-probes-as-wt1	U-wire-ListProbeResponse-probes-as-wt1	ascii	core-native	decode-read	drop	20	205.0	201.6	210.7	0.045	204.3	206.8
codec-U	U-wire-ListProbeResponse-probes-as-wt1	U-wire-ListProbeResponse-probes-as-wt1	ascii	core-ffi	decode-read	drop	20	325.4	312.4	335.5	0.071	322.7	326.6
codec-U	U-wire-ListProbeResponse-probes-as-wt1	U-wire-ListProbeResponse-probes-as-wt1	ascii	core-ffi-pull	decode-read	drop	20	339.0	333.9	347.3	0.040	337.3	340.9
codec-U	U-wire-ListProbeResponse-probes-as-wt1	U-wire-ListProbeResponse-probes-as-wt1	ascii	core-native	decode-read	retain	20	218.7	212.5	228.4	0.073	217.0	220.4
codec-U	U-wire-ListProbeResponse-probes-as-wt1	U-wire-ListProbeResponse-probes-as-wt1	ascii	core-ffi	decode-read	retain	20	377.3	365.9	389.8	0.064	375.3	379.2
codec-U	U-wire-ListProbeResponse-probes-as-wt1	U-wire-ListProbeResponse-probes-as-wt1	ascii	core-ffi-pull	decode-read	retain	20	389.8	384.6	397.9	0.034	386.5	392.1
codec-U	U-deep-all	U-deep-all	ascii	incumbent-prod	decode	default	20	2058.1	1980.6	2147.6	0.081	2036.5	2082.3
codec-U	U-deep-all	U-deep-all	ascii	armonik	decode	default	20	2019.3	1983.2	2238.2	0.126	1994.9	2042.2
codec-U	U-deep-all	U-deep-all	ascii	core-native	decode	drop	20	1581.8	1548.8	1672.7	0.078	1571.6	1590.7
codec-U	U-deep-all	U-deep-all	ascii	core-ffi	decode	drop	20	2721.9	2638.1	2926.7	0.106	2701.4	2741.4
codec-U	U-deep-all	U-deep-all	ascii	core-ffi-pull	decode	drop	20	2684.2	2594.9	2845.5	0.093	2644.2	2716.4
codec-U	U-deep-all	U-deep-all	ascii	core-native	decode	retain	20	1766.3	1750.3	1893.9	0.081	1762.0	1799.4
codec-U	U-deep-all	U-deep-all	ascii	core-ffi	decode	retain	20	3159.0	2990.3	3249.6	0.082	3086.0	3214.8
codec-U	U-deep-all	U-deep-all	ascii	core-ffi-pull	decode	retain	20	3061.3	2991.8	3228.3	0.077	3030.6	3088.8
codec-U	U-oneof-member-before-known	U-oneof-member-before-known	ascii	incumbent-prod	decode-read	default	20	130.5	125.4	139.2	0.106	127.4	132.9
codec-U	U-oneof-member-before-known	U-oneof-member-before-known	ascii	armonik	decode-read	default	20	127.8	120.0	134.2	0.111	125.9	130.5
codec-U	U-oneof-member-before-known	U-oneof-member-before-known	ascii	core-native	decode-read	drop	20	95.9	91.5	99.9	0.088	93.9	97.7
codec-U	U-oneof-member-before-known	U-oneof-member-before-known	ascii	core-ffi	decode-read	drop	20	160.0	152.8	174.5	0.136	155.7	162.3
codec-U	U-oneof-member-before-known	U-oneof-member-before-known	ascii	core-ffi-pull	decode-read	drop	20	168.3	158.2	185.2	0.160	166.7	170.5
codec-U	U-oneof-member-before-known	U-oneof-member-before-known	ascii	core-native	decode-read	retain	20	111.3	107.7	121.8	0.127	109.1	115.6
codec-U	U-oneof-member-before-known	U-oneof-member-before-known	ascii	core-ffi	decode-read	retain	20	213.9	204.1	230.4	0.123	208.8	218.1
codec-U	U-oneof-member-before-known	U-oneof-member-before-known	ascii	core-ffi-pull	decode-read	retain	20	219.9	211.7	225.8	0.064	216.0	220.7
codec-U	U-wire-ListResultsResponse-page-as-wt2	U-wire-ListResultsResponse-page-as-wt2	ascii	core-native	decode-read	drop	20	555.9	488.9	683.7	0.350	548.2	579.4
codec-U	U-wire-ListResultsResponse-page-as-wt2	U-wire-ListResultsResponse-page-as-wt2	ascii	core-ffi	decode-read	drop	20	867.5	755.6	1018.0	0.302	846.0	879.2
codec-U	U-wire-ListResultsResponse-page-as-wt2	U-wire-ListResultsResponse-page-as-wt2	ascii	core-ffi-pull	decode-read	drop	20	870.5	770.4	920.3	0.172	853.2	883.3
codec-U	U-wire-ListResultsResponse-page-as-wt2	U-wire-ListResultsResponse-page-as-wt2	ascii	core-native	decode-read	retain	20	548.6	479.8	785.7	0.558	541.4	561.3
codec-U	U-wire-ListResultsResponse-page-as-wt2	U-wire-ListResultsResponse-page-as-wt2	ascii	core-ffi	decode-read	retain	20	920.5	805.4	1242.7	0.475	907.2	961.5
codec-U	U-wire-ListResultsResponse-page-as-wt2	U-wire-ListResultsResponse-page-as-wt2	ascii	core-ffi-pull	decode-read	retain	20	925.2	815.7	1079.0	0.285	917.4	942.2
codec-U	U-root-u-packed	U-root-u-packed	ascii	incumbent-prod	decode	default	20	544.7	493.1	583.2	0.165	514.4	563.2
codec-U	U-root-u-packed	U-root-u-packed	ascii	armonik	decode	default	20	554.6	490.7	572.7	0.148	513.1	564.3
codec-U	U-root-u-packed	U-root-u-packed	ascii	core-native	decode	drop	20	445.9	404.3	517.9	0.255	425.8	458.6
codec-U	U-root-u-packed	U-root-u-packed	ascii	core-ffi	decode	drop	20	730.9	640.8	771.1	0.178	669.4	738.4
codec-U	U-root-u-packed	U-root-u-packed	ascii	core-ffi-pull	decode	drop	20	734.1	647.6	789.5	0.193	690.2	746.1
codec-U	U-root-u-packed	U-root-u-packed	ascii	core-native	decode	retain	20	462.4	420.2	498.6	0.170	439.1	478.5
codec-U	U-root-u-packed	U-root-u-packed	ascii	core-ffi	decode	retain	20	772.7	715.0	838.9	0.160	747.2	803.7
codec-U	U-root-u-packed	U-root-u-packed	ascii	core-ffi-pull	decode	retain	20	784.0	703.6	874.4	0.218	746.1	810.1
codec-U	U-wire-UploadResultDataMessage-upload-as-wt1	U-wire-UploadResultDataMessage-upload-as-wt1	ascii	core-native	decode-read	drop	20	78.8	73.7	84.8	0.142	76.8	79.0
codec-U	U-wire-UploadResultDataMessage-upload-as-wt1	U-wire-UploadResultDataMessage-upload-as-wt1	ascii	core-ffi	decode-read	drop	20	136.4	130.2	166.5	0.266	133.6	139.7
codec-U	U-wire-UploadResultDataMessage-upload-as-wt1	U-wire-UploadResultDataMessage-upload-as-wt1	ascii	core-ffi-pull	decode-read	drop	20	140.1	131.6	163.1	0.225	134.5	140.8
codec-U	U-wire-UploadResultDataMessage-upload-as-wt1	U-wire-UploadResultDataMessage-upload-as-wt1	ascii	core-native	decode-read	retain	20	91.2	86.6	107.8	0.232	88.1	92.3
codec-U	U-wire-UploadResultDataMessage-upload-as-wt1	U-wire-UploadResultDataMessage-upload-as-wt1	ascii	core-ffi	decode-read	retain	20	178.3	168.3	185.3	0.096	174.8	180.7
codec-U	U-wire-UploadResultDataMessage-upload-as-wt1	U-wire-UploadResultDataMessage-upload-as-wt1	ascii	core-ffi-pull	decode-read	retain	20	180.7	170.9	197.6	0.148	175.5	182.0
codec-U	U-element-u-varint	U-element-u-varint	ascii	incumbent-prod	decode	default	20	2043.1	1657.2	2247.0	0.289	2026.3	2055.3
codec-U	U-element-u-varint	U-element-u-varint	ascii	armonik	decode	default	20	1995.0	1603.9	2157.6	0.278	1974.9	2035.4
codec-U	U-element-u-varint	U-element-u-varint	ascii	core-native	decode	drop	20	1623.1	1317.0	1719.4	0.248	1611.6	1632.8
codec-U	U-element-u-varint	U-element-u-varint	ascii	core-ffi	decode	drop	20	2693.1	2203.9	2901.2	0.259	2645.5	2713.4
codec-U	U-element-u-varint	U-element-u-varint	ascii	core-ffi-pull	decode	drop	20	2645.2	2154.7	3316.9	0.439	2575.4	2687.1
codec-U	U-element-u-varint	U-element-u-varint	ascii	core-native	decode	retain	20	1732.6	1410.9	1978.9	0.328	1700.9	1760.2
codec-U	U-element-u-varint	U-element-u-varint	ascii	core-ffi	decode	retain	20	2880.0	2347.0	3602.0	0.436	2817.3	2915.8
codec-U	U-element-u-varint	U-element-u-varint	ascii	core-ffi-pull	decode	retain	20	2875.0	2316.7	3420.8	0.384	2845.7	2943.0
codec-U	U-enum-value-2147483647	U-enum-value-2147483647	ascii	incumbent-prod	decode	default	20	79.0	74.0	81.9	0.099	78.0	79.6
codec-U	U-enum-value-2147483647	U-enum-value-2147483647	ascii	armonik	decode	default	20	93.4	88.8	95.6	0.072	92.8	94.6
codec-U	U-enum-value-2147483647	U-enum-value-2147483647	ascii	core-native	decode	drop	20	76.6	71.2	102.3	0.406	75.5	81.6
codec-U	U-enum-value-2147483647	U-enum-value-2147483647	ascii	core-ffi	decode	drop	20	110.7	106.8	138.3	0.284	108.8	121.0
codec-U	U-enum-value-2147483647	U-enum-value-2147483647	ascii	core-ffi-pull	decode	drop	20	127.4	120.6	151.1	0.239	122.5	132.1
codec-U	U-enum-value-2147483647	U-enum-value-2147483647	ascii	core-native	decode	retain	20	78.8	73.5	89.6	0.203	75.1	82.4
codec-U	U-enum-value-2147483647	U-enum-value-2147483647	ascii	core-ffi	decode	retain	20	124.2	119.0	133.5	0.117	121.6	131.4
codec-U	U-enum-value-2147483647	U-enum-value-2147483647	ascii	core-ffi-pull	decode	retain	20	140.5	129.1	162.5	0.238	135.0	146.4
codec-U	U-oneof-all	U-oneof-all	ascii	incumbent-prod	decode	default	20	218.0	209.6	255.7	0.212	214.1	220.9
codec-U	U-oneof-all	U-oneof-all	ascii	armonik	decode	default	20	207.9	202.1	247.9	0.221	205.1	212.7
codec-U	U-oneof-all	U-oneof-all	ascii	core-native	decode	drop	20	121.9	117.8	126.0	0.067	120.7	122.4
codec-U	U-oneof-all	U-oneof-all	ascii	core-ffi	decode	drop	20	194.0	189.3	232.3	0.222	191.4	198.4
codec-U	U-oneof-all	U-oneof-all	ascii	core-ffi-pull	decode	drop	20	199.6	195.8	203.8	0.040	198.6	202.2
codec-U	U-oneof-all	U-oneof-all	ascii	core-native	decode	retain	20	231.3	222.7	260.0	0.161	226.3	233.7
codec-U	U-oneof-all	U-oneof-all	ascii	core-ffi	decode	retain	20	429.8	423.2	513.9	0.211	428.6	432.9
codec-U	U-oneof-all	U-oneof-all	ascii	core-ffi-pull	decode	retain	20	438.6	429.9	523.0	0.212	433.4	446.6
codec-U	U-root-u-fixed64	U-root-u-fixed64	ascii	incumbent-prod	encode	default	20	613.4	605.8	681.4	0.123	608.1	626.2
codec-U	U-root-u-fixed64	U-root-u-fixed64	ascii	armonik	encode	default	20	641.1	624.7	702.4	0.121	632.5	646.4
codec-U	U-root-u-fixed64	U-root-u-fixed64	ascii	core-native	encode	drop	20	97.4	95.4	100.2	0.050	96.5	98.1
codec-U	U-root-u-fixed64	U-root-u-fixed64	ascii	core-ffi	encode	drop	20	186.9	182.5	206.8	0.130	185.9	188.5
codec-U	U-root-u-fixed64	U-root-u-fixed64	ascii	core-native	encode	retain	20	127.9	124.8	131.6	0.053	127.4	129.0
codec-U	U-root-u-fixed64	U-root-u-fixed64	ascii	core-ffi	encode	retain	20	204.2	200.3	209.3	0.044	203.0	205.5
codec-U	U-enum-value-2147483647	U-enum-value-2147483647	ascii	incumbent-prod	decode-read	default	20	74.4	70.1	91.5	0.287	71.2	80.6
codec-U	U-enum-value-2147483647	U-enum-value-2147483647	ascii	armonik	decode-read	default	20	96.7	82.3	108.4	0.270	87.8	102.6
codec-U	U-enum-value-2147483647	U-enum-value-2147483647	ascii	core-native	decode-read	drop	20	78.3	66.5	93.8	0.349	67.8	83.0
codec-U	U-enum-value-2147483647	U-enum-value-2147483647	ascii	core-ffi	decode-read	drop	20	107.5	96.4	133.1	0.342	104.4	118.0
codec-U	U-enum-value-2147483647	U-enum-value-2147483647	ascii	core-ffi-pull	decode-read	drop	20	125.9	107.1	141.1	0.269	114.7	131.4
codec-U	U-enum-value-2147483647	U-enum-value-2147483647	ascii	core-native	decode-read	retain	20	79.4	65.6	86.6	0.264	73.3	82.5
codec-U	U-enum-value-2147483647	U-enum-value-2147483647	ascii	core-ffi	decode-read	retain	20	123.7	107.7	140.6	0.266	109.0	130.4
codec-U	U-enum-value-2147483647	U-enum-value-2147483647	ascii	core-ffi-pull	decode-read	retain	20	133.3	119.0	156.1	0.279	120.6	144.7
codec-U	U-oneof-member-after-known	U-oneof-member-after-known	ascii	incumbent-prod	encode	default	20	127.3	118.8	150.9	0.252	124.9	132.3
codec-U	U-oneof-member-after-known	U-oneof-member-after-known	ascii	armonik	encode	default	20	124.8	117.2	148.2	0.248	120.7	126.6
codec-U	U-oneof-member-after-known	U-oneof-member-after-known	ascii	core-native	encode	drop	20	22.5	21.6	27.8	0.276	22.3	23.0
codec-U	U-oneof-member-after-known	U-oneof-member-after-known	ascii	core-ffi	encode	drop	20	47.8	46.0	57.0	0.230	47.2	48.8
codec-U	U-oneof-member-after-known	U-oneof-member-after-known	ascii	core-native	encode	retain	20	28.8	26.2	33.1	0.241	28.1	29.9
codec-U	U-oneof-member-after-known	U-oneof-member-after-known	ascii	core-ffi	encode	retain	20	55.8	54.4	71.5	0.308	55.5	58.7
codec-U	U-leaf-u-len	U-leaf-u-len	ascii	incumbent-prod	decode-read	default	20	327.1	321.3	340.4	0.058	325.0	329.8
codec-U	U-leaf-u-len	U-leaf-u-len	ascii	armonik	decode-read	default	20	317.8	312.0	370.8	0.185	314.2	324.7
codec-U	U-leaf-u-len	U-leaf-u-len	ascii	core-native	decode-read	drop	20	254.5	248.9	275.6	0.105	252.6	258.1
codec-U	U-leaf-u-len	U-leaf-u-len	ascii	core-ffi	decode-read	drop	20	422.3	416.1	469.6	0.127	419.7	426.7
codec-U	U-leaf-u-len	U-leaf-u-len	ascii	core-ffi-pull	decode-read	drop	20	434.5	427.6	450.4	0.053	431.2	439.1
codec-U	U-leaf-u-len	U-leaf-u-len	ascii	core-native	decode-read	retain	20	286.4	281.1	299.4	0.064	284.1	289.4
codec-U	U-leaf-u-len	U-leaf-u-len	ascii	core-ffi	decode-read	retain	20	507.2	494.7	563.3	0.135	500.4	510.5
codec-U	U-leaf-u-len	U-leaf-u-len	ascii	core-ffi-pull	decode-read	retain	20	518.3	508.8	558.0	0.095	514.8	522.4
codec-U	U-leaf-u-fixed64	U-leaf-u-fixed64	ascii	incumbent-prod	decode-read	default	20	332.4	318.8	405.9	0.262	323.4	340.6
codec-U	U-leaf-u-fixed64	U-leaf-u-fixed64	ascii	armonik	decode-read	default	20	324.6	311.8	372.2	0.186	317.3	333.8
codec-U	U-leaf-u-fixed64	U-leaf-u-fixed64	ascii	core-native	decode-read	drop	20	263.7	246.1	285.1	0.148	261.2	272.1
codec-U	U-leaf-u-fixed64	U-leaf-u-fixed64	ascii	core-ffi	decode-read	drop	20	430.7	412.1	473.6	0.143	425.7	439.4
codec-U	U-leaf-u-fixed64	U-leaf-u-fixed64	ascii	core-ffi-pull	decode-read	drop	20	442.0	423.2	474.4	0.116	438.2	454.2
codec-U	U-leaf-u-fixed64	U-leaf-u-fixed64	ascii	core-native	decode-read	retain	20	295.0	274.7	315.0	0.137	291.7	302.8
codec-U	U-leaf-u-fixed64	U-leaf-u-fixed64	ascii	core-ffi	decode-read	retain	20	520.1	495.3	560.3	0.125	512.0	526.8
codec-U	U-leaf-u-fixed64	U-leaf-u-fixed64	ascii	core-ffi-pull	decode-read	retain	20	527.8	507.5	695.8	0.357	520.6	542.5
codec-U	U-wire-DualResponse-left-as-wt0	U-wire-DualResponse-left-as-wt0	ascii	core-native	decode-read	drop	20	187.4	181.5	205.0	0.125	184.5	189.3
codec-U	U-wire-DualResponse-left-as-wt0	U-wire-DualResponse-left-as-wt0	ascii	core-ffi	decode-read	drop	20	258.7	253.5	278.3	0.096	256.8	262.0
codec-U	U-wire-DualResponse-left-as-wt0	U-wire-DualResponse-left-as-wt0	ascii	core-ffi-pull	decode-read	drop	20	278.4	274.3	309.2	0.125	277.5	280.9
codec-U	U-wire-DualResponse-left-as-wt0	U-wire-DualResponse-left-as-wt0	ascii	core-native	decode-read	retain	20	196.8	192.3	211.5	0.097	195.4	199.5
codec-U	U-wire-DualResponse-left-as-wt0	U-wire-DualResponse-left-as-wt0	ascii	core-ffi	decode-read	retain	20	320.5	314.6	338.7	0.075	319.0	324.0
codec-U	U-wire-DualResponse-left-as-wt0	U-wire-DualResponse-left-as-wt0	ascii	core-ffi-pull	decode-read	retain	20	335.3	329.3	354.3	0.075	333.1	336.8
codec-U	U-nested-before	U-nested-before	ascii	incumbent-prod	encode	default	20	210.9	205.8	272.8	0.318	207.0	215.2
codec-U	U-nested-before	U-nested-before	ascii	armonik	encode	default	20	217.5	214.3	275.1	0.279	215.5	219.5
codec-U	U-nested-before	U-nested-before	ascii	core-native	encode	drop	20	35.8	34.8	47.5	0.356	35.3	36.4
codec-U	U-nested-before	U-nested-before	ascii	core-ffi	encode	drop	20	75.2	74.1	97.8	0.316	74.6	76.0
codec-U	U-nested-before	U-nested-before	ascii	core-native	encode	retain	20	45.6	43.9	61.8	0.393	45.0	46.8
codec-U	U-nested-before	U-nested-before	ascii	core-ffi	encode	retain	20	84.3	82.0	109.6	0.327	82.9	86.4
codec-U	U-nested-u-repeated	U-nested-u-repeated	ascii	incumbent-prod	decode	default	20	318.3	280.7	341.7	0.192	304.6	326.3
codec-U	U-nested-u-repeated	U-nested-u-repeated	ascii	armonik	decode	default	20	320.4	282.1	345.8	0.199	307.8	333.2
codec-U	U-nested-u-repeated	U-nested-u-repeated	ascii	core-native	decode	drop	20	259.3	231.0	302.8	0.277	250.3	262.9
codec-U	U-nested-u-repeated	U-nested-u-repeated	ascii	core-ffi	decode	drop	20	438.0	381.4	475.1	0.214	427.2	446.1
codec-U	U-nested-u-repeated	U-nested-u-repeated	ascii	core-ffi-pull	decode	drop	20	452.0	400.5	513.1	0.249	444.0	467.3
codec-U	U-nested-u-repeated	U-nested-u-repeated	ascii	core-native	decode	retain	20	343.6	306.1	471.9	0.482	339.1	351.1
codec-U	U-nested-u-repeated	U-nested-u-repeated	ascii	core-ffi	decode	retain	20	516.3	447.7	623.3	0.340	505.4	528.6
codec-U	U-nested-u-repeated	U-nested-u-repeated	ascii	core-ffi-pull	decode	retain	20	526.4	460.3	632.7	0.328	517.1	536.5
codec-U	U-wire-DualResponse-left-as-wt1	U-wire-DualResponse-left-as-wt1	ascii	core-native	encode	drop	20	42.1	40.1	48.3	0.194	40.7	43.9
codec-U	U-wire-DualResponse-left-as-wt1	U-wire-DualResponse-left-as-wt1	ascii	core-ffi	encode	drop	20	86.8	80.5	104.8	0.280	84.0	91.0
codec-U	U-wire-DualResponse-left-as-wt1	U-wire-DualResponse-left-as-wt1	ascii	core-native	encode	retain	20	55.4	51.3	60.0	0.156	53.0	56.5
codec-U	U-wire-DualResponse-left-as-wt1	U-wire-DualResponse-left-as-wt1	ascii	core-ffi	encode	retain	20	83.7	80.6	95.3	0.176	82.2	88.3
codec-U	U-oneof-u-fixed64	U-oneof-u-fixed64	ascii	incumbent-prod	decode-read	default	20	131.9	129.4	232.0	0.778	130.6	132.9
codec-U	U-oneof-u-fixed64	U-oneof-u-fixed64	ascii	armonik	decode-read	default	20	129.1	127.1	132.1	0.039	128.2	130.9
codec-U	U-oneof-u-fixed64	U-oneof-u-fixed64	ascii	core-native	decode-read	drop	20	97.5	95.4	115.7	0.208	96.8	98.6
codec-U	U-oneof-u-fixed64	U-oneof-u-fixed64	ascii	core-ffi	decode-read	drop	20	161.0	159.2	169.8	0.066	160.5	162.7
codec-U	U-oneof-u-fixed64	U-oneof-u-fixed64	ascii	core-ffi-pull	decode-read	drop	20	170.6	166.8	273.0	0.623	169.0	173.3
codec-U	U-oneof-u-fixed64	U-oneof-u-fixed64	ascii	core-native	decode-read	retain	20	112.1	110.3	122.0	0.105	110.9	114.0
codec-U	U-oneof-u-fixed64	U-oneof-u-fixed64	ascii	core-ffi	decode-read	retain	20	213.0	207.8	241.2	0.157	210.8	214.2
codec-U	U-oneof-u-fixed64	U-oneof-u-fixed64	ascii	core-ffi-pull	decode-read	retain	20	221.4	218.4	421.3	0.917	220.1	224.0
codec-U	U-wire-ListTasksDetailedResponse-tasks-as-wt0	U-wire-ListTasksDetailedResponse-tasks-as-wt0	ascii	core-native	encode	drop	20	571.8	560.4	593.2	0.057	567.8	577.8
codec-U	U-wire-ListTasksDetailedResponse-tasks-as-wt0	U-wire-ListTasksDetailedResponse-tasks-as-wt0	ascii	core-ffi	encode	drop	20	1145.7	1127.2	1211.6	0.074	1138.7	1155.2
codec-U	U-wire-ListTasksDetailedResponse-tasks-as-wt0	U-wire-ListTasksDetailedResponse-tasks-as-wt0	ascii	core-native	encode	retain	20	665.6	653.1	681.4	0.043	659.6	674.2
codec-U	U-wire-ListTasksDetailedResponse-tasks-as-wt0	U-wire-ListTasksDetailedResponse-tasks-as-wt0	ascii	core-ffi	encode	retain	20	1213.4	1189.5	1258.0	0.056	1207.7	1219.4
codec-U	U-wire-ListMetricsResponse-batches-as-wt1	U-wire-ListMetricsResponse-batches-as-wt1	ascii	core-native	decode-read	drop	20	1890.9	1683.5	1941.3	0.136	1852.0	1921.3
codec-U	U-wire-ListMetricsResponse-batches-as-wt1	U-wire-ListMetricsResponse-batches-as-wt1	ascii	core-ffi	decode-read	drop	20	1704.1	1646.1	1792.9	0.086	1690.8	1718.2
codec-U	U-wire-ListMetricsResponse-batches-as-wt1	U-wire-ListMetricsResponse-batches-as-wt1	ascii	core-ffi-pull	decode-read	drop	20	1604.2	1428.4	1697.7	0.168	1593.8	1617.5
codec-U	U-wire-ListMetricsResponse-batches-as-wt1	U-wire-ListMetricsResponse-batches-as-wt1	ascii	core-native	decode-read	retain	20	1899.2	1768.2	2087.6	0.168	1884.6	1944.1
codec-U	U-wire-ListMetricsResponse-batches-as-wt1	U-wire-ListMetricsResponse-batches-as-wt1	ascii	core-ffi	decode-read	retain	20	1768.5	1616.5	1841.1	0.127	1753.3	1795.3
codec-U	U-wire-ListMetricsResponse-batches-as-wt1	U-wire-ListMetricsResponse-batches-as-wt1	ascii	core-ffi-pull	decode-read	retain	20	1653.5	1457.9	1721.0	0.159	1634.6	1667.9
codec-U	U-oneof-member-after-known	U-oneof-member-after-known	ascii	incumbent-prod	decode-read	default	20	118.9	112.8	132.0	0.162	116.2	128.0
codec-U	U-oneof-member-after-known	U-oneof-member-after-known	ascii	armonik	decode-read	default	20	117.2	111.2	129.4	0.155	113.8	124.9
codec-U	U-oneof-member-after-known	U-oneof-member-after-known	ascii	core-native	decode-read	drop	20	88.3	85.9	118.0	0.363	86.9	96.5
codec-U	U-oneof-member-after-known	U-oneof-member-after-known	ascii	core-ffi	decode-read	drop	20	144.5	140.2	161.7	0.149	142.9	157.2
codec-U	U-oneof-member-after-known	U-oneof-member-after-known	ascii	core-ffi-pull	decode-read	drop	20	156.7	148.5	203.3	0.350	150.9	168.3
codec-U	U-oneof-member-after-known	U-oneof-member-after-known	ascii	core-native	decode-read	retain	20	101.4	98.5	138.2	0.392	99.8	111.3
codec-U	U-oneof-member-after-known	U-oneof-member-after-known	ascii	core-ffi	decode-read	retain	20	193.3	188.3	231.0	0.221	190.5	214.6
codec-U	U-oneof-member-after-known	U-oneof-member-after-known	ascii	core-ffi-pull	decode-read	retain	20	202.8	193.7	264.4	0.349	197.0	218.3
codec-U	U-leaf-u-fixed32	U-leaf-u-fixed32	ascii	incumbent-prod	encode	default	20	263.9	255.7	269.9	0.054	261.6	266.5
codec-U	U-leaf-u-fixed32	U-leaf-u-fixed32	ascii	armonik	encode	default	20	275.8	264.7	284.9	0.073	272.4	278.7
codec-U	U-leaf-u-fixed32	U-leaf-u-fixed32	ascii	core-native	encode	drop	20	45.1	43.2	46.5	0.075	44.6	45.5
codec-U	U-leaf-u-fixed32	U-leaf-u-fixed32	ascii	core-ffi	encode	drop	20	94.9	92.7	97.1	0.046	94.3	95.4
codec-U	U-leaf-u-fixed32	U-leaf-u-fixed32	ascii	core-native	encode	retain	20	61.0	58.2	62.5	0.070	59.9	61.6
codec-U	U-leaf-u-fixed32	U-leaf-u-fixed32	ascii	core-ffi	encode	retain	20	107.6	104.0	111.4	0.069	106.3	108.6
codec-U	U-nested-u-fixed64	U-nested-u-fixed64	ascii	incumbent-prod	decode	default	20	304.0	279.1	314.1	0.115	299.8	306.5
codec-U	U-nested-u-fixed64	U-nested-u-fixed64	ascii	armonik	decode	default	20	309.6	292.6	324.0	0.101	305.5	311.2
codec-U	U-nested-u-fixed64	U-nested-u-fixed64	ascii	core-native	decode	drop	20	253.6	236.6	259.7	0.091	248.1	255.9
codec-U	U-nested-u-fixed64	U-nested-u-fixed64	ascii	core-ffi	decode	drop	20	420.6	390.7	453.2	0.149	409.8	424.7
codec-U	U-nested-u-fixed64	U-nested-u-fixed64	ascii	core-ffi-pull	decode	drop	20	435.8	408.7	450.8	0.097	428.8	437.9
codec-U	U-nested-u-fixed64	U-nested-u-fixed64	ascii	core-native	decode	retain	20	270.3	255.8	281.9	0.097	260.1	271.6
codec-U	U-nested-u-fixed64	U-nested-u-fixed64	ascii	core-ffi	decode	retain	20	480.9	452.8	502.1	0.103	470.0	487.0
codec-U	U-nested-u-fixed64	U-nested-u-fixed64	ascii	core-ffi-pull	decode	retain	20	491.7	462.7	501.6	0.079	489.1	497.1
codec-U	U-wire-ListMetricsResponse-batches-as-wt1	U-wire-ListMetricsResponse-batches-as-wt1	ascii	core-native	encode	drop	20	602.8	592.1	657.4	0.108	598.4	617.9
codec-U	U-wire-ListMetricsResponse-batches-as-wt1	U-wire-ListMetricsResponse-batches-as-wt1	ascii	core-ffi	encode	drop	20	794.7	770.5	1147.5	0.475	784.8	815.9
codec-U	U-wire-ListMetricsResponse-batches-as-wt1	U-wire-ListMetricsResponse-batches-as-wt1	ascii	core-native	encode	retain	20	617.4	602.7	865.8	0.426	611.7	632.1
codec-U	U-wire-ListMetricsResponse-batches-as-wt1	U-wire-ListMetricsResponse-batches-as-wt1	ascii	core-ffi	encode	retain	20	796.1	779.6	954.8	0.220	788.8	814.5
codec-U	U-element-u-packed	U-element-u-packed	ascii	incumbent-prod	encode	default	20	1320.9	1304.8	1540.8	0.179	1316.5	1333.8
codec-U	U-element-u-packed	U-element-u-packed	ascii	armonik	encode	default	20	1364.0	1326.7	1395.6	0.050	1352.4	1369.7
codec-U	U-element-u-packed	U-element-u-packed	ascii	core-native	encode	drop	20	250.7	244.3	270.5	0.105	248.6	252.7
codec-U	U-element-u-packed	U-element-u-packed	ascii	core-ffi	encode	drop	20	540.2	528.3	651.5	0.228	534.3	545.1
codec-U	U-element-u-packed	U-element-u-packed	ascii	core-native	encode	retain	20	301.7	296.1	315.8	0.065	300.6	305.5
codec-U	U-element-u-packed	U-element-u-packed	ascii	core-ffi	encode	retain	20	560.1	546.8	583.5	0.066	554.5	570.5
codec-U	U-leaf-u-len	U-leaf-u-len	ascii	incumbent-prod	decode	default	20	313.7	307.9	333.6	0.082	309.8	319.8
codec-U	U-leaf-u-len	U-leaf-u-len	ascii	armonik	decode	default	20	317.6	303.4	332.6	0.092	309.8	321.0
codec-U	U-leaf-u-len	U-leaf-u-len	ascii	core-native	decode	drop	20	253.1	245.0	267.6	0.089	249.8	257.4
codec-U	U-leaf-u-len	U-leaf-u-len	ascii	core-ffi	decode	drop	20	421.3	409.9	446.2	0.086	415.9	429.2
codec-U	U-leaf-u-len	U-leaf-u-len	ascii	core-ffi-pull	decode	drop	20	431.0	422.1	446.8	0.057	427.0	441.0
codec-U	U-leaf-u-len	U-leaf-u-len	ascii	core-native	decode	retain	20	289.2	276.6	315.7	0.135	282.7	293.2
codec-U	U-leaf-u-len	U-leaf-u-len	ascii	core-ffi	decode	retain	20	506.8	494.3	522.1	0.055	498.6	514.7
codec-U	U-leaf-u-len	U-leaf-u-len	ascii	core-ffi-pull	decode	retain	20	516.1	503.3	524.5	0.041	511.0	519.5
codec-U	U-root-u-varint	U-root-u-varint	ascii	incumbent-prod	encode	default	20	615.7	601.5	648.7	0.077	610.2	623.9
codec-U	U-root-u-varint	U-root-u-varint	ascii	armonik	encode	default	20	639.0	625.4	783.7	0.248	633.4	652.2
codec-U	U-root-u-varint	U-root-u-varint	ascii	core-native	encode	drop	20	97.6	94.8	121.6	0.274	96.3	99.3
codec-U	U-root-u-varint	U-root-u-varint	ascii	core-ffi	encode	drop	20	188.3	184.1	198.0	0.074	186.8	190.9
codec-U	U-root-u-varint	U-root-u-varint	ascii	core-native	encode	retain	20	124.4	121.2	136.4	0.122	123.6	126.3
codec-U	U-root-u-varint	U-root-u-varint	ascii	core-ffi	encode	retain	20	206.5	199.1	219.6	0.099	205.0	208.0
codec-U	U-wire-ListTasksDetailedResponse-page-as-wt2	U-wire-ListTasksDetailedResponse-page-as-wt2	ascii	core-native	decode-read	drop	20	3785.6	3677.7	4854.3	0.311	3748.2	3926.6
codec-U	U-wire-ListTasksDetailedResponse-page-as-wt2	U-wire-ListTasksDetailedResponse-page-as-wt2	ascii	core-ffi	decode-read	drop	20	5954.5	5823.7	6416.1	0.099	5918.1	6118.2
codec-U	U-wire-ListTasksDetailedResponse-page-as-wt2	U-wire-ListTasksDetailedResponse-page-as-wt2	ascii	core-ffi-pull	decode-read	drop	20	5909.1	5686.1	6484.8	0.135	5785.2	5957.4
codec-U	U-wire-ListTasksDetailedResponse-page-as-wt2	U-wire-ListTasksDetailedResponse-page-as-wt2	ascii	core-native	decode-read	retain	20	3833.2	3749.3	4002.8	0.066	3787.4	3898.8
codec-U	U-wire-ListTasksDetailedResponse-page-as-wt2	U-wire-ListTasksDetailedResponse-page-as-wt2	ascii	core-ffi	decode-read	retain	20	6143.2	6027.8	6387.6	0.059	6099.1	6211.5
codec-U	U-wire-ListTasksDetailedResponse-page-as-wt2	U-wire-ListTasksDetailedResponse-page-as-wt2	ascii	core-ffi-pull	decode-read	retain	20	6023.0	5890.4	6470.1	0.096	5963.5	6175.0
codec-U	U-oneof-u-packed	U-oneof-u-packed	ascii	incumbent-prod	decode-read	default	20	111.5	104.1	163.2	0.531	107.5	117.2
codec-U	U-oneof-u-packed	U-oneof-u-packed	ascii	armonik	decode-read	default	20	105.5	100.8	134.4	0.319	103.7	116.9
codec-U	U-oneof-u-packed	U-oneof-u-packed	ascii	core-native	decode-read	drop	20	78.1	76.0	100.4	0.312	77.2	81.7
codec-U	U-oneof-u-packed	U-oneof-u-packed	ascii	core-ffi	decode-read	drop	20	129.4	125.9	190.4	0.499	127.3	142.2
codec-U	U-oneof-u-packed	U-oneof-u-packed	ascii	core-ffi-pull	decode-read	drop	20	140.8	132.4	181.5	0.348	134.3	157.2
codec-U	U-oneof-u-packed	U-oneof-u-packed	ascii	core-native	decode-read	retain	20	90.6	87.5	120.3	0.362	88.6	99.1
codec-U	U-oneof-u-packed	U-oneof-u-packed	ascii	core-ffi	decode-read	retain	20	175.3	166.8	219.0	0.298	170.7	188.0
codec-U	U-oneof-u-packed	U-oneof-u-packed	ascii	core-ffi-pull	decode-read	retain	20	180.6	171.8	259.4	0.485	175.3	190.0
codec-U	U-wire-ListTasksDetailedResponse-tasks-as-wt5	U-wire-ListTasksDetailedResponse-tasks-as-wt5	ascii	core-native	decode	drop	20	2755.7	2696.5	2867.4	0.062	2731.2	2788.5
codec-U	U-wire-ListTasksDetailedResponse-tasks-as-wt5	U-wire-ListTasksDetailedResponse-tasks-as-wt5	ascii	core-ffi	decode	drop	20	4498.7	4410.3	4776.1	0.081	4457.9	4565.7
codec-U	U-wire-ListTasksDetailedResponse-tasks-as-wt5	U-wire-ListTasksDetailedResponse-tasks-as-wt5	ascii	core-ffi-pull	decode	drop	20	4402.0	4259.8	4743.1	0.110	4368.7	4498.7
codec-U	U-wire-ListTasksDetailedResponse-tasks-as-wt5	U-wire-ListTasksDetailedResponse-tasks-as-wt5	ascii	core-native	decode	retain	20	2811.2	2750.2	2943.7	0.069	2768.7	2876.7
codec-U	U-wire-ListTasksDetailedResponse-tasks-as-wt5	U-wire-ListTasksDetailedResponse-tasks-as-wt5	ascii	core-ffi	decode	retain	20	4654.7	4539.9	5205.2	0.143	4618.7	4798.0
codec-U	U-wire-ListTasksDetailedResponse-tasks-as-wt5	U-wire-ListTasksDetailedResponse-tasks-as-wt5	ascii	core-ffi-pull	decode	retain	20	4505.5	4384.8	4929.5	0.121	4440.4	4570.0
codec-U	U-element-u-fixed64	U-element-u-fixed64	ascii	incumbent-prod	decode-read	default	20	1737.0	1657.5	1969.8	0.180	1684.6	1900.0
codec-U	U-element-u-fixed64	U-element-u-fixed64	ascii	armonik	decode-read	default	20	1723.0	1668.5	1985.9	0.184	1675.3	1902.8
codec-U	U-element-u-fixed64	U-element-u-fixed64	ascii	core-native	decode-read	drop	20	1400.7	1348.9	1570.9	0.159	1363.0	1532.3
codec-U	U-element-u-fixed64	U-element-u-fixed64	ascii	core-ffi	decode-read	drop	20	2234.8	2177.4	2566.1	0.174	2215.0	2488.1
codec-U	U-element-u-fixed64	U-element-u-fixed64	ascii	core-ffi-pull	decode-read	drop	20	2227.3	2165.8	2557.0	0.176	2184.6	2477.0
codec-U	U-element-u-fixed64	U-element-u-fixed64	ascii	core-native	decode-read	retain	20	1487.0	1427.4	1727.3	0.202	1443.4	1626.7
codec-U	U-element-u-fixed64	U-element-u-fixed64	ascii	core-ffi	decode-read	retain	20	2422.6	2311.6	2939.4	0.259	2357.4	2689.4
codec-U	U-element-u-fixed64	U-element-u-fixed64	ascii	core-ffi-pull	decode-read	retain	20	2429.8	2292.6	3362.8	0.440	2324.8	2636.2
codec-U	U-enum-value-packed	U-enum-value-packed	ascii	incumbent-prod	decode	default	20	80.3	77.4	103.0	0.320	78.6	88.5
codec-U	U-enum-value-packed	U-enum-value-packed	ascii	armonik	decode	default	20	99.2	95.8	130.1	0.345	96.9	107.6
codec-U	U-enum-value-packed	U-enum-value-packed	ascii	core-native	decode	drop	20	66.2	62.8	83.8	0.317	63.9	70.4
codec-U	U-enum-value-packed	U-enum-value-packed	ascii	core-ffi	decode	drop	20	174.1	167.8	222.3	0.313	169.4	191.9
codec-U	U-enum-value-packed	U-enum-value-packed	ascii	core-ffi-pull	decode	drop	20	191.5	185.2	239.3	0.282	185.9	238.0
codec-U	U-enum-value-packed	U-enum-value-packed	ascii	core-native	decode	retain	20	60.2	58.2	78.0	0.328	59.1	74.9
codec-U	U-enum-value-packed	U-enum-value-packed	ascii	core-ffi	decode	retain	20	179.8	174.8	234.6	0.333	176.5	198.7
codec-U	U-enum-value-packed	U-enum-value-packed	ascii	core-ffi-pull	decode	retain	20	197.0	192.9	256.5	0.323	194.8	216.3
codec-U	U-deep-all	U-deep-all	ascii	incumbent-prod	decode-read	default	20	2157.8	2036.8	2224.2	0.087	2129.1	2171.6
codec-U	U-deep-all	U-deep-all	ascii	armonik	decode-read	default	20	2195.2	2120.6	2290.8	0.078	2159.2	2208.2
codec-U	U-deep-all	U-deep-all	ascii	core-native	decode-read	drop	20	1704.1	1656.6	1758.5	0.060	1688.7	1717.3
codec-U	U-deep-all	U-deep-all	ascii	core-ffi	decode-read	drop	20	2870.2	2750.4	3028.8	0.097	2842.9	2911.9
codec-U	U-deep-all	U-deep-all	ascii	core-ffi-pull	decode-read	drop	20	2805.0	2717.7	2897.8	0.064	2793.9	2832.5
codec-U	U-deep-all	U-deep-all	ascii	core-native	decode-read	retain	20	1885.8	1794.7	1972.5	0.094	1871.1	1909.8
codec-U	U-deep-all	U-deep-all	ascii	core-ffi	decode-read	retain	20	3272.9	3172.8	3528.8	0.109	3249.5	3313.6
codec-U	U-deep-all	U-deep-all	ascii	core-ffi-pull	decode-read	retain	20	3212.4	3066.7	3274.2	0.065	3186.1	3224.4
codec-U	U-enum-value-999	U-enum-value-999	ascii	incumbent-prod	decode-read	default	20	85.1	82.8	91.9	0.107	84.4	86.3
codec-U	U-enum-value-999	U-enum-value-999	ascii	armonik	decode-read	default	20	102.0	100.8	105.4	0.045	101.7	102.7
codec-U	U-enum-value-999	U-enum-value-999	ascii	core-native	decode-read	drop	20	83.8	81.5	94.3	0.152	83.0	85.9
codec-U	U-enum-value-999	U-enum-value-999	ascii	core-ffi	decode-read	drop	20	119.4	116.3	128.9	0.106	117.6	121.9
codec-U	U-enum-value-999	U-enum-value-999	ascii	core-ffi-pull	decode-read	drop	20	134.9	131.8	142.6	0.080	133.1	137.5
codec-U	U-enum-value-999	U-enum-value-999	ascii	core-native	decode-read	retain	20	83.5	79.4	90.9	0.137	81.9	84.3
codec-U	U-enum-value-999	U-enum-value-999	ascii	core-ffi	decode-read	retain	20	133.8	129.4	140.4	0.082	132.2	139.3
codec-U	U-enum-value-999	U-enum-value-999	ascii	core-ffi-pull	decode-read	retain	20	148.3	145.1	153.4	0.056	147.3	151.8
codec-U	U-leaf-u-repeated	U-leaf-u-repeated	ascii	incumbent-prod	decode-read	default	20	344.0	324.6	409.3	0.246	335.8	349.8
codec-U	U-leaf-u-repeated	U-leaf-u-repeated	ascii	armonik	decode-read	default	20	337.9	314.5	437.4	0.364	331.8	343.3
codec-U	U-leaf-u-repeated	U-leaf-u-repeated	ascii	core-native	decode-read	drop	20	255.2	237.4	327.7	0.354	248.8	260.3
codec-U	U-leaf-u-repeated	U-leaf-u-repeated	ascii	core-ffi	decode-read	drop	20	430.8	400.1	436.9	0.085	418.3	432.6
codec-U	U-leaf-u-repeated	U-leaf-u-repeated	ascii	core-ffi-pull	decode-read	drop	20	441.0	410.6	458.7	0.109	436.7	444.2
codec-U	U-leaf-u-repeated	U-leaf-u-repeated	ascii	core-native	decode-read	retain	20	309.5	287.2	320.0	0.106	304.8	313.2
codec-U	U-leaf-u-repeated	U-leaf-u-repeated	ascii	core-ffi	decode-read	retain	20	548.7	517.4	573.3	0.102	528.6	552.2
codec-U	U-leaf-u-repeated	U-leaf-u-repeated	ascii	core-ffi-pull	decode-read	retain	20	562.1	527.0	596.1	0.123	548.3	566.9
codec-U	U-deep-u-packed	U-deep-u-packed	ascii	incumbent-prod	encode	default	20	1318.4	1303.3	1610.2	0.233	1314.6	1344.1
codec-U	U-deep-u-packed	U-deep-u-packed	ascii	armonik	encode	default	20	1354.4	1325.2	1410.9	0.063	1346.8	1362.0
codec-U	U-deep-u-packed	U-deep-u-packed	ascii	core-native	encode	drop	20	248.6	240.9	260.7	0.080	247.5	250.3
codec-U	U-deep-u-packed	U-deep-u-packed	ascii	core-ffi	encode	drop	20	536.7	526.6	547.9	0.040	532.5	544.1
codec-U	U-deep-u-packed	U-deep-u-packed	ascii	core-native	encode	retain	20	299.3	291.4	316.2	0.083	296.4	300.7
codec-U	U-deep-u-packed	U-deep-u-packed	ascii	core-ffi	encode	retain	20	557.2	549.6	579.4	0.053	554.8	563.6
codec-U	U-oneof-u-varint	U-oneof-u-varint	ascii	incumbent-prod	decode	default	20	136.2	132.5	141.8	0.069	134.8	137.1
codec-U	U-oneof-u-varint	U-oneof-u-varint	ascii	armonik	decode	default	20	130.8	129.0	133.0	0.031	130.3	132.0
codec-U	U-oneof-u-varint	U-oneof-u-varint	ascii	core-native	decode	drop	20	94.7	92.2	101.3	0.096	93.7	96.0
codec-U	U-oneof-u-varint	U-oneof-u-varint	ascii	core-ffi	decode	drop	20	157.0	154.6	163.1	0.054	156.1	157.9
codec-U	U-oneof-u-varint	U-oneof-u-varint	ascii	core-ffi-pull	decode	drop	20	167.0	163.0	169.7	0.040	165.1	168.6
codec-U	U-oneof-u-varint	U-oneof-u-varint	ascii	core-native	decode	retain	20	107.6	106.4	109.4	0.027	107.2	108.3
codec-U	U-oneof-u-varint	U-oneof-u-varint	ascii	core-ffi	decode	retain	20	207.3	202.9	211.7	0.043	206.0	209.0
codec-U	U-oneof-u-varint	U-oneof-u-varint	ascii	core-ffi-pull	decode	retain	20	215.0	210.8	220.2	0.044	213.3	216.5
codec-U	U-nested-u-packed	U-nested-u-packed	ascii	incumbent-prod	encode	default	20	265.5	260.6	275.6	0.057	262.1	270.1
codec-U	U-nested-u-packed	U-nested-u-packed	ascii	armonik	encode	default	20	277.9	272.8	303.0	0.108	275.8	280.5
codec-U	U-nested-u-packed	U-nested-u-packed	ascii	core-native	encode	drop	20	45.9	44.6	51.8	0.155	45.4	46.8
codec-U	U-nested-u-packed	U-nested-u-packed	ascii	core-ffi	encode	drop	20	95.7	94.2	98.8	0.049	95.3	96.6
codec-U	U-nested-u-packed	U-nested-u-packed	ascii	core-native	encode	retain	20	61.2	57.9	64.7	0.111	60.3	61.7
codec-U	U-nested-u-packed	U-nested-u-packed	ascii	core-ffi	encode	retain	20	106.5	102.7	112.1	0.088	104.4	107.8
codec-U	U-root-before	U-root-before	ascii	incumbent-prod	decode	default	20	713.9	692.4	742.1	0.070	707.7	720.1
codec-U	U-root-before	U-root-before	ascii	armonik	decode	default	20	727.6	711.2	749.3	0.052	719.7	735.2
codec-U	U-root-before	U-root-before	ascii	core-native	decode	drop	20	547.4	536.2	578.6	0.077	543.4	550.8
codec-U	U-root-before	U-root-before	ascii	core-ffi	decode	drop	20	888.3	866.5	907.2	0.046	882.4	893.6
codec-U	U-root-before	U-root-before	ascii	core-ffi-pull	decode	drop	20	877.7	868.0	898.4	0.035	872.5	881.7
codec-U	U-root-before	U-root-before	ascii	core-native	decode	retain	20	693.6	682.3	717.6	0.051	690.1	700.4
codec-U	U-root-before	U-root-before	ascii	core-ffi	decode	retain	20	1136.1	1109.0	1171.9	0.055	1124.7	1145.8
codec-U	U-root-before	U-root-before	ascii	core-ffi-pull	decode	retain	20	1162.8	1149.1	1182.5	0.029	1155.4	1167.7
codec-U	U-wire-ListResultsResponse-page-as-wt2	U-wire-ListResultsResponse-page-as-wt2	ascii	core-native	encode	drop	20	97.2	94.9	102.4	0.078	96.5	98.4
codec-U	U-wire-ListResultsResponse-page-as-wt2	U-wire-ListResultsResponse-page-as-wt2	ascii	core-ffi	encode	drop	20	188.4	184.0	199.0	0.080	187.3	192.1
codec-U	U-wire-ListResultsResponse-page-as-wt2	U-wire-ListResultsResponse-page-as-wt2	ascii	core-native	encode	retain	20	125.2	122.6	131.8	0.073	124.2	128.5
codec-U	U-wire-ListResultsResponse-page-as-wt2	U-wire-ListResultsResponse-page-as-wt2	ascii	core-ffi	encode	retain	20	205.4	199.9	214.5	0.071	204.0	206.7
codec-U	U-element-u-fixed32	U-element-u-fixed32	ascii	incumbent-prod	decode	default	20	2017.8	1984.2	2096.4	0.056	2004.2	2030.3
codec-U	U-element-u-fixed32	U-element-u-fixed32	ascii	armonik	decode	default	20	1988.2	1961.7	2012.0	0.025	1971.3	2001.5
codec-U	U-element-u-fixed32	U-element-u-fixed32	ascii	core-native	decode	drop	20	1601.9	1574.6	1641.0	0.041	1597.9	1607.1
codec-U	U-element-u-fixed32	U-element-u-fixed32	ascii	core-ffi	decode	drop	20	2675.8	2632.8	2744.9	0.042	2661.6	2685.4
codec-U	U-element-u-fixed32	U-element-u-fixed32	ascii	core-ffi-pull	decode	drop	20	2628.7	2593.5	2666.8	0.028	2617.4	2639.8
codec-U	U-element-u-fixed32	U-element-u-fixed32	ascii	core-native	decode	retain	20	1722.9	1689.4	1744.6	0.032	1702.0	1730.8
codec-U	U-element-u-fixed32	U-element-u-fixed32	ascii	core-ffi	decode	retain	20	2861.5	2817.2	2915.3	0.034	2840.2	2890.6
codec-U	U-element-u-fixed32	U-element-u-fixed32	ascii	core-ffi-pull	decode	retain	20	2844.8	2805.3	2910.9	0.037	2830.2	2872.3
codec-U	U-nested-u-msg	U-nested-u-msg	ascii	incumbent-prod	encode	default	20	269.4	253.1	288.4	0.131	265.3	272.1
codec-U	U-nested-u-msg	U-nested-u-msg	ascii	armonik	encode	default	20	279.1	270.7	294.9	0.087	275.2	284.9
codec-U	U-nested-u-msg	U-nested-u-msg	ascii	core-native	encode	drop	20	46.1	43.9	48.1	0.093	45.2	46.8
codec-U	U-nested-u-msg	U-nested-u-msg	ascii	core-ffi	encode	drop	20	96.0	92.0	104.1	0.126	95.0	100.0
codec-U	U-nested-u-msg	U-nested-u-msg	ascii	core-native	encode	retain	20	61.4	58.0	63.1	0.083	60.4	62.3
codec-U	U-nested-u-msg	U-nested-u-msg	ascii	core-ffi	encode	retain	20	107.1	103.9	117.9	0.131	106.4	111.3
codec-U	U-wire-UploadResultDataMessage-upload-as-wt5	U-wire-UploadResultDataMessage-upload-as-wt5	ascii	core-native	encode	drop	20	17.0	15.6	17.7	0.121	16.4	17.2
codec-U	U-wire-UploadResultDataMessage-upload-as-wt5	U-wire-UploadResultDataMessage-upload-as-wt5	ascii	core-ffi	encode	drop	20	32.5	31.6	35.7	0.126	32.1	33.2
codec-U	U-wire-UploadResultDataMessage-upload-as-wt5	U-wire-UploadResultDataMessage-upload-as-wt5	ascii	core-native	encode	retain	20	20.8	20.1	22.8	0.131	20.5	21.0
codec-U	U-wire-UploadResultDataMessage-upload-as-wt5	U-wire-UploadResultDataMessage-upload-as-wt5	ascii	core-ffi	encode	retain	20	37.1	35.9	39.7	0.102	36.6	37.3
codec-U	U-wire-ListResultsResponse-page-as-wt1	U-wire-ListResultsResponse-page-as-wt1	ascii	core-native	decode-read	drop	20	545.8	537.3	608.3	0.130	541.9	555.5
codec-U	U-wire-ListResultsResponse-page-as-wt1	U-wire-ListResultsResponse-page-as-wt1	ascii	core-ffi	decode-read	drop	20	861.2	844.9	906.6	0.072	856.5	870.9
codec-U	U-wire-ListResultsResponse-page-as-wt1	U-wire-ListResultsResponse-page-as-wt1	ascii	core-ffi-pull	decode-read	drop	20	869.7	852.1	1048.1	0.225	862.5	878.3
codec-U	U-wire-ListResultsResponse-page-as-wt1	U-wire-ListResultsResponse-page-as-wt1	ascii	core-native	decode-read	retain	20	555.0	534.4	581.2	0.084	542.6	561.6
codec-U	U-wire-ListResultsResponse-page-as-wt1	U-wire-ListResultsResponse-page-as-wt1	ascii	core-ffi	decode-read	retain	20	917.7	903.3	952.0	0.053	913.3	922.2
codec-U	U-wire-ListResultsResponse-page-as-wt1	U-wire-ListResultsResponse-page-as-wt1	ascii	core-ffi-pull	decode-read	retain	20	938.5	917.9	1013.9	0.102	925.4	942.4
codec-U	U-deep-u-repeated	U-deep-u-repeated	ascii	incumbent-prod	decode	default	20	2067.0	2009.9	2219.1	0.101	2051.0	2131.9
codec-U	U-deep-u-repeated	U-deep-u-repeated	ascii	armonik	decode	default	20	2037.9	1998.9	2343.0	0.169	2020.9	2065.2
codec-U	U-deep-u-repeated	U-deep-u-repeated	ascii	core-native	decode	drop	20	1636.9	1610.6	1793.4	0.112	1622.8	1666.0
codec-U	U-deep-u-repeated	U-deep-u-repeated	ascii	core-ffi	decode	drop	20	2713.8	2648.9	2824.9	0.065	2687.1	2762.1
codec-U	U-deep-u-repeated	U-deep-u-repeated	ascii	core-ffi-pull	decode	drop	20	2655.8	2599.0	2884.8	0.108	2621.9	2679.8
codec-U	U-deep-u-repeated	U-deep-u-repeated	ascii	core-native	decode	retain	20	1723.6	1680.3	1842.1	0.094	1697.8	1745.8
codec-U	U-deep-u-repeated	U-deep-u-repeated	ascii	core-ffi	decode	retain	20	2894.8	2822.4	3140.7	0.110	2874.7	2936.9
codec-U	U-deep-u-repeated	U-deep-u-repeated	ascii	core-ffi-pull	decode	retain	20	2900.6	2843.5	3426.8	0.201	2864.1	2934.9
codec-U	U-wire-ListResultsResponse-results-as-wt0	U-wire-ListResultsResponse-results-as-wt0	ascii	core-native	decode-read	drop	20	561.7	536.7	585.7	0.087	555.5	565.7
codec-U	U-wire-ListResultsResponse-results-as-wt0	U-wire-ListResultsResponse-results-as-wt0	ascii	core-ffi	decode-read	drop	20	879.7	846.6	1069.2	0.253	870.2	889.4
codec-U	U-wire-ListResultsResponse-results-as-wt0	U-wire-ListResultsResponse-results-as-wt0	ascii	core-ffi-pull	decode-read	drop	20	880.0	858.8	2156.7	1.475	874.5	887.1
codec-U	U-wire-ListResultsResponse-results-as-wt0	U-wire-ListResultsResponse-results-as-wt0	ascii	core-native	decode-read	retain	20	565.2	551.3	590.9	0.070	562.3	568.8
codec-U	U-wire-ListResultsResponse-results-as-wt0	U-wire-ListResultsResponse-results-as-wt0	ascii	core-ffi	decode-read	retain	20	932.9	906.2	1012.6	0.114	925.7	938.7
codec-U	U-wire-ListResultsResponse-results-as-wt0	U-wire-ListResultsResponse-results-as-wt0	ascii	core-ffi-pull	decode-read	retain	20	944.1	914.0	1148.7	0.249	932.5	950.3
codec-nounk-P	P7.1	P7.1	ascii	incumbent-prod	decode	default	20	336.5	320.8	351.1	0.090	334.0	338.0
codec-nounk-P	P7.1	P7.1	ascii	armonik	decode	default	20	311.9	295.5	322.7	0.087	309.6	314.2
codec-nounk-P	P7.1	P7.1	ascii	core-native	decode	no-unknown	20	231.1	219.5	248.2	0.124	229.0	233.7
codec-nounk-P	P7.1	P7.1	ascii	core-ffi	decode	no-unknown	20	357.9	338.5	363.2	0.069	355.9	360.3
codec-nounk-P	P7.1	P7.1	ascii	core-ffi-pull	decode	no-unknown	20	391.1	372.1	404.2	0.082	389.5	393.5
codec-nounk-P	P1.3	P1.3	ascii	incumbent-prod	decode-read	default	20	9027.8	7031.0	9331.4	0.255	8392.8	9099.4
codec-nounk-P	P1.3	P1.3	ascii	armonik	decode-read	default	20	13115.5	10279.7	13601.1	0.253	12645.9	13239.6
codec-nounk-P	P1.3	P1.3	ascii	core-native	decode-read	no-unknown	20	12832.2	10080.0	13289.7	0.250	12422.0	12904.6
codec-nounk-P	P1.3	P1.3	ascii	core-ffi	decode-read	no-unknown	20	13616.3	10612.7	14118.1	0.257	13022.5	13743.7
codec-nounk-P	P1.3	P1.3	ascii	core-ffi-pull	decode-read	no-unknown	20	14989.0	11902.4	15527.1	0.242	14218.0	15101.2
codec-nounk-P	P2.2	P2.2	ascii	incumbent-prod	encode	default	20	914025.1	726752.7	972632.8	0.269	896656.7	943109.6
codec-nounk-P	P2.2	P2.2	ascii	armonik	encode	default	20	983121.1	778751.3	1023643.4	0.249	967784.8	1000460.4
codec-nounk-P	P2.2	P2.2	ascii	core-native	encode	no-unknown	20	232339.7	193915.9	284480.4	0.390	223003.0	239437.3
codec-nounk-P	P2.2	P2.2	ascii	core-ffi	encode	no-unknown	20	397130.1	320208.9	521981.5	0.508	381709.7	411887.8
codec-nounk-P	P4.1	P4.1	ascii	incumbent-prod	decode	default	20	261555.4	214511.3	289635.2	0.287	248524.3	264270.6
codec-nounk-P	P4.1	P4.1	ascii	armonik	decode	default	20	262728.1	217253.5	286333.4	0.263	248325.9	267534.1
codec-nounk-P	P4.1	P4.1	ascii	core-native	decode	no-unknown	20	217578.5	177482.5	234113.3	0.260	204856.9	221392.4
codec-nounk-P	P4.1	P4.1	ascii	core-ffi	decode	no-unknown	20	303678.1	252304.5	333190.0	0.266	287168.5	308136.8
codec-nounk-P	P4.1	P4.1	ascii	core-ffi-pull	decode	no-unknown	20	287538.3	239020.5	311693.2	0.253	270759.4	294508.6
codec-nounk-P	P5.2	P5.2	ascii	incumbent-prod	decode	default	20	1651.6	1587.3	1686.6	0.060	1643.1	1667.3
codec-nounk-P	P5.2	P5.2	ascii	armonik	decode	default	20	90.6	88.1	93.3	0.056	90.3	90.8
codec-nounk-P	P5.2	P5.2	ascii	core-native	decode	no-unknown	20	1635.1	1578.5	1659.1	0.049	1631.1	1651.3
codec-nounk-P	P5.2	P5.2	ascii	core-ffi	decode	no-unknown	20	1701.9	1633.3	1728.6	0.056	1688.7	1717.0
codec-nounk-P	P5.2	P5.2	ascii	core-ffi-pull	decode	no-unknown	20	1697.5	1636.1	1758.8	0.072	1688.4	1706.5
codec-nounk-P	P5.3	P5.3	ascii	incumbent-prod	encode	default	20	50964.5	46771.7	54649.2	0.155	50270.1	51834.7
codec-nounk-P	P5.3	P5.3	ascii	armonik	encode	default	20	45957.4	41995.1	54384.5	0.270	44627.6	47739.1
codec-nounk-P	P5.3	P5.3	ascii	core-native	encode	no-unknown	20	50001.9	45855.0	65363.8	0.390	49123.2	51278.7
codec-nounk-P	P5.3	P5.3	ascii	core-ffi	encode	no-unknown	20	45080.2	40596.7	51945.8	0.252	44007.5	45605.9
codec-nounk-P	P2.4	P2.4	ascii	incumbent-prod	encode	default	20	653509.1	609267.5	763074.6	0.235	629251.6	707646.6
codec-nounk-P	P2.4	P2.4	ascii	armonik	encode	default	20	673041.8	602305.9	799388.4	0.293	645262.6	747096.7
codec-nounk-P	P2.4	P2.4	ascii	core-native	encode	no-unknown	20	235482.8	207830.1	271950.7	0.272	223048.1	259949.1
codec-nounk-P	P2.4	P2.4	ascii	core-ffi	encode	no-unknown	20	397870.8	347915.3	578359.3	0.579	378003.7	440751.8
codec-nounk-P	P2.2/wide	P2.2	wide	incumbent-prod	decode-read	default	20	2166691.2	2080774.0	2416084.2	0.155	2137432.6	2214067.1
codec-nounk-P	P2.2/wide	P2.2	wide	armonik	decode-read	default	20	2205748.1	2160689.5	2613039.2	0.205	2187891.2	2265799.6
codec-nounk-P	P2.2/wide	P2.2	wide	core-native	decode-read	no-unknown	20	1968097.3	1904224.2	2075627.6	0.087	1929778.8	2022462.9
codec-nounk-P	P2.2/wide	P2.2	wide	core-ffi	decode-read	no-unknown	20	3008800.5	2896156.3	3264446.3	0.122	2965716.0	3085985.0
codec-nounk-P	P2.2/wide	P2.2	wide	core-ffi-pull	decode-read	no-unknown	20	2946212.3	2768927.7	3546404.0	0.264	2883831.6	3073472.5
codec-nounk-P	P3.1	P3.1	ascii	incumbent-prod	decode-read	default	20	31386.0	23354.0	38947.8	0.497	30056.1	31669.1
codec-nounk-P	P3.1	P3.1	ascii	armonik	decode-read	default	20	30691.2	27312.7	32021.3	0.153	30385.9	30939.8
codec-nounk-P	P3.1	P3.1	ascii	core-native	decode-read	no-unknown	20	22881.8	20180.6	29014.8	0.386	22722.0	23121.1
codec-nounk-P	P3.1	P3.1	ascii	core-ffi	decode-read	no-unknown	20	32543.9	29168.0	34155.2	0.153	32260.1	32793.7
codec-nounk-P	P3.1	P3.1	ascii	core-ffi-pull	decode-read	no-unknown	20	33231.1	29460.0	40000.7	0.317	33056.4	33561.7
codec-nounk-P	P1.2/latin1	P1.2	latin1	incumbent-prod	decode	default	20	594266.6	465466.7	617261.1	0.255	489246.3	599204.1
codec-nounk-P	P1.2/latin1	P1.2	latin1	armonik	decode	default	20	562192.2	440428.8	584278.0	0.256	464226.7	565705.5
codec-nounk-P	P1.2/latin1	P1.2	latin1	core-native	decode	no-unknown	20	485091.6	380301.7	501529.0	0.250	394113.1	487116.6
codec-nounk-P	P1.2/latin1	P1.2	latin1	core-ffi	decode	no-unknown	20	743958.6	581130.9	756774.7	0.236	588825.6	746178.2
codec-nounk-P	P1.2/latin1	P1.2	latin1	core-ffi-pull	decode	no-unknown	20	732761.0	587959.9	765473.7	0.242	599542.2	751914.2
codec-nounk-P	P1.2	P1.2	ascii	incumbent-prod	encode	default	20	305508.5	298867.4	317881.6	0.062	302310.4	311363.0
codec-nounk-P	P1.2	P1.2	ascii	armonik	encode	default	20	318500.2	315002.1	327645.1	0.040	317229.4	320099.6
codec-nounk-P	P1.2	P1.2	ascii	core-native	encode	no-unknown	20	64361.1	63512.4	70512.6	0.109	64037.3	64736.8
codec-nounk-P	P1.2	P1.2	ascii	core-ffi	encode	no-unknown	20	104957.7	103978.4	108062.9	0.039	104510.6	105599.7
codec-nounk-P	P5.4	P5.4	ascii	incumbent-prod	decode-read	default	20	356726.3	352444.5	425120.6	0.204	354546.8	365149.4
codec-nounk-P	P5.4	P5.4	ascii	armonik	decode-read	default	20	95.7	94.5	98.5	0.042	95.1	95.9
codec-nounk-P	P5.4	P5.4	ascii	core-native	decode-read	no-unknown	20	357085.8	352221.6	367831.8	0.044	355208.5	360001.2
codec-nounk-P	P5.4	P5.4	ascii	core-ffi	decode-read	no-unknown	20	356832.3	352803.9	399108.2	0.130	354209.0	360718.6
codec-nounk-P	P5.4	P5.4	ascii	core-ffi-pull	decode-read	no-unknown	20	358595.8	351458.6	420193.3	0.192	354605.7	370723.7
codec-nounk-P	P1.1	P1.1	ascii	incumbent-prod	decode-read	default	20	1288.6	1045.1	1345.4	0.233	1276.7	1309.1
codec-nounk-P	P1.1	P1.1	ascii	armonik	decode-read	default	20	1385.0	1121.8	1452.5	0.239	1369.3	1403.0
codec-nounk-P	P1.1	P1.1	ascii	core-native	decode-read	no-unknown	20	1151.2	909.3	1224.6	0.274	1123.6	1196.1
codec-nounk-P	P1.1	P1.1	ascii	core-ffi	decode-read	no-unknown	20	1592.6	1256.8	1658.3	0.252	1548.8	1637.0
codec-nounk-P	P1.1	P1.1	ascii	core-ffi-pull	decode-read	no-unknown	20	1618.8	1292.8	1918.5	0.386	1557.5	1652.1
codec-nounk-P	P2.1	P2.1	ascii	incumbent-prod	decode	default	20	2341.1	1891.8	2619.4	0.311	2095.6	2358.6
codec-nounk-P	P2.1	P2.1	ascii	armonik	decode	default	20	2314.9	1855.4	2583.2	0.314	2040.7	2350.8
codec-nounk-P	P2.1	P2.1	ascii	core-native	decode	no-unknown	20	1809.5	1449.4	2079.1	0.348	1617.2	1827.8
codec-nounk-P	P2.1	P2.1	ascii	core-ffi	decode	no-unknown	20	2702.2	2165.6	3516.5	0.500	2414.2	2739.4
codec-nounk-P	P2.1	P2.1	ascii	core-ffi-pull	decode	no-unknown	20	2704.1	2334.9	3832.8	0.554	2468.6	2728.9
codec-nounk-P	P1.3	P1.3	ascii	incumbent-prod	decode	default	20	7727.6	7062.3	8022.2	0.124	7677.2	7820.6
codec-nounk-P	P1.3	P1.3	ascii	armonik	decode	default	20	11295.2	9463.1	11887.5	0.215	11225.6	11355.2
codec-nounk-P	P1.3	P1.3	ascii	core-native	decode	no-unknown	20	11056.6	9746.6	11797.4	0.185	10988.2	11151.8
codec-nounk-P	P1.3	P1.3	ascii	core-ffi	decode	no-unknown	20	11720.8	11598.4	13680.4	0.178	11634.7	11809.0
codec-nounk-P	P1.3	P1.3	ascii	core-ffi-pull	decode	no-unknown	20	13064.3	12992.7	14146.6	0.088	13040.8	13184.9
codec-nounk-P	P4.1	P4.1	ascii	incumbent-prod	encode	default	20	135538.9	132710.2	144348.5	0.086	134706.7	139047.5
codec-nounk-P	P4.1	P4.1	ascii	armonik	encode	default	20	156728.0	152054.1	160689.9	0.055	155215.5	159306.5
codec-nounk-P	P4.1	P4.1	ascii	core-native	encode	no-unknown	20	26160.1	25328.9	29234.0	0.149	25821.9	27373.2
codec-nounk-P	P4.1	P4.1	ascii	core-ffi	encode	no-unknown	20	59258.6	57855.6	67427.8	0.162	58459.7	60219.1
codec-nounk-P	P3.1	P3.1	ascii	incumbent-prod	decode	default	20	25014.2	20949.7	30078.2	0.365	24661.7	26734.9
codec-nounk-P	P3.1	P3.1	ascii	armonik	decode	default	20	25607.0	22621.2	31044.9	0.329	24107.9	29259.6
codec-nounk-P	P3.1	P3.1	ascii	core-native	decode	no-unknown	20	18075.9	16817.7	25425.3	0.476	17409.1	21054.8
codec-nounk-P	P3.1	P3.1	ascii	core-ffi	decode	no-unknown	20	26088.7	23828.2	31292.2	0.286	24964.6	30724.5
codec-nounk-P	P3.1	P3.1	ascii	core-ffi-pull	decode	no-unknown	20	26643.3	24458.6	31925.8	0.280	25718.9	31275.4
codec-nounk-P	P1.2/wide	P1.2	wide	incumbent-prod	encode	default	20	306522.6	297261.1	311223.0	0.046	303493.6	309080.2
codec-nounk-P	P1.2/wide	P1.2	wide	armonik	encode	default	20	330969.8	320295.8	343899.0	0.071	328777.6	332432.9
codec-nounk-P	P1.2/wide	P1.2	wide	core-native	encode	no-unknown	20	65375.2	64325.1	72900.3	0.131	65056.7	66758.1
codec-nounk-P	P1.2/wide	P1.2	wide	core-ffi	encode	no-unknown	20	107416.8	105771.2	122047.2	0.152	106377.7	109028.9
codec-nounk-P	P2.1	P2.1	ascii	incumbent-prod	encode	default	20	1315.7	1023.9	1320.9	0.226	1310.2	1317.6
codec-nounk-P	P2.1	P2.1	ascii	armonik	encode	default	20	1412.9	1106.1	1422.6	0.224	1407.3	1416.2
codec-nounk-P	P2.1	P2.1	ascii	core-native	encode	no-unknown	20	275.8	210.6	281.8	0.258	272.7	278.3
codec-nounk-P	P2.1	P2.1	ascii	core-ffi	encode	no-unknown	20	585.3	480.8	595.8	0.197	582.7	586.7
codec-nounk-P	P6.1	P6.1	ascii	incumbent-prod	encode	default	20	293280.5	290941.3	308405.6	0.060	291791.1	295168.8
codec-nounk-P	P6.1	P6.1	ascii	armonik	encode	default	20	301830.9	299766.7	316337.9	0.055	301170.1	302773.3
codec-nounk-P	P6.1	P6.1	ascii	core-native	encode	no-unknown	20	54774.0	54295.9	57746.5	0.063	54443.4	56212.0
codec-nounk-P	P6.1	P6.1	ascii	core-ffi	encode	no-unknown	20	64400.1	63818.2	67962.0	0.064	64102.2	64729.2
codec-nounk-P	P2.5	P2.5	ascii	incumbent-prod	decode-read	default	20	41753.5	38234.2	46608.7	0.201	40464.3	45162.0
codec-nounk-P	P2.5	P2.5	ascii	armonik	decode-read	default	20	42717.3	39185.5	47392.2	0.192	41213.7	46176.7
codec-nounk-P	P2.5	P2.5	ascii	core-native	decode-read	no-unknown	20	34028.1	31472.2	37794.5	0.186	32867.5	36199.8
codec-nounk-P	P2.5	P2.5	ascii	core-ffi	decode-read	no-unknown	20	48588.1	45191.6	55026.8	0.202	47884.8	53396.5
codec-nounk-P	P2.5	P2.5	ascii	core-ffi-pull	decode-read	no-unknown	20	48777.7	44774.2	54122.5	0.192	46432.1	52326.4
codec-nounk-P	P1.2	P1.2	ascii	incumbent-prod	decode-read	default	20	337190.4	319017.1	385558.9	0.197	327004.2	358581.4
codec-nounk-P	P1.2	P1.2	ascii	armonik	decode-read	default	20	307740.8	289835.2	339843.4	0.163	302294.8	321757.5
codec-nounk-P	P1.2	P1.2	ascii	core-native	decode-read	no-unknown	20	266232.8	248884.2	287724.5	0.146	259987.1	273148.1
codec-nounk-P	P1.2	P1.2	ascii	core-ffi	decode-read	no-unknown	20	360713.3	341082.5	398777.2	0.160	347570.1	377145.9
codec-nounk-P	P1.2	P1.2	ascii	core-ffi-pull	decode-read	no-unknown	20	361039.9	341151.0	411025.3	0.194	351603.3	388500.9
codec-nounk-P	P4.1	P4.1	ascii	incumbent-prod	decode-read	default	20	269324.8	258482.0	280212.2	0.081	268138.7	272988.3
codec-nounk-P	P4.1	P4.1	ascii	armonik	decode-read	default	20	275834.2	264807.0	286131.9	0.077	272306.7	277819.5
codec-nounk-P	P4.1	P4.1	ascii	core-native	decode-read	no-unknown	20	230174.3	221405.4	242351.6	0.091	228221.4	233989.1
codec-nounk-P	P4.1	P4.1	ascii	core-ffi	decode-read	no-unknown	20	318390.5	305351.2	349563.3	0.139	315509.9	321464.7
codec-nounk-P	P4.1	P4.1	ascii	core-ffi-pull	decode-read	no-unknown	20	301827.6	288058.4	315078.5	0.090	297787.8	307104.2
codec-nounk-P	P5.3	P5.3	ascii	incumbent-prod	decode	default	20	44281.5	39168.2	47432.9	0.187	41751.9	46050.0
codec-nounk-P	P5.3	P5.3	ascii	armonik	decode	default	20	91.5	90.2	103.1	0.142	91.0	92.2
codec-nounk-P	P5.3	P5.3	ascii	core-native	decode	no-unknown	20	44525.2	39090.7	50742.0	0.262	41379.9	45526.0
codec-nounk-P	P5.3	P5.3	ascii	core-ffi	decode	no-unknown	20	44804.3	40865.9	47134.5	0.140	43832.7	45382.4
codec-nounk-P	P5.3	P5.3	ascii	core-ffi-pull	decode	no-unknown	20	44542.9	39661.8	51960.0	0.276	41407.6	45898.0
codec-nounk-P	P1.3	P1.3	ascii	incumbent-prod	encode	default	20	5295.0	4187.3	5634.0	0.273	5136.8	5415.6
codec-nounk-P	P1.3	P1.3	ascii	armonik	encode	default	20	6697.0	5295.8	6948.6	0.247	6544.7	6835.2
codec-nounk-P	P1.3	P1.3	ascii	core-native	encode	no-unknown	20	2119.7	1668.6	2184.3	0.243	2094.3	2147.5
codec-nounk-P	P1.3	P1.3	ascii	core-ffi	encode	no-unknown	20	4904.9	3863.0	5058.6	0.244	4790.7	4968.3
codec-nounk-P	P1.2/latin1	P1.2	latin1	incumbent-prod	encode	default	20	304265.8	296078.3	390878.3	0.312	302143.4	309572.7
codec-nounk-P	P1.2/latin1	P1.2	latin1	armonik	encode	default	20	325341.5	317394.8	353128.3	0.110	322048.1	335429.0
codec-nounk-P	P1.2/latin1	P1.2	latin1	core-native	encode	no-unknown	20	64043.5	61872.4	66495.4	0.072	63441.4	64739.8
codec-nounk-P	P1.2/latin1	P1.2	latin1	core-ffi	encode	no-unknown	20	108717.1	106227.8	126761.4	0.189	107325.0	110361.4
codec-nounk-P	P5.2	P5.2	ascii	incumbent-prod	encode	default	20	1819.6	1680.2	1974.9	0.162	1770.5	1875.5
codec-nounk-P	P5.2	P5.2	ascii	armonik	encode	default	20	1520.4	1355.4	1626.1	0.178	1408.1	1556.3
codec-nounk-P	P5.2	P5.2	ascii	core-native	encode	no-unknown	20	1523.1	1343.0	1612.6	0.177	1485.4	1538.7
codec-nounk-P	P5.2	P5.2	ascii	core-ffi	encode	no-unknown	20	1538.6	1523.0	1591.4	0.044	1532.0	1545.3
codec-nounk-P	P1.2	P1.2	ascii	incumbent-prod	decode	default	20	326375.6	306583.3	365755.8	0.181	311569.6	347962.7
codec-nounk-P	P1.2	P1.2	ascii	armonik	decode	default	20	298106.3	275098.0	335916.4	0.204	288168.7	321664.8
codec-nounk-P	P1.2	P1.2	ascii	core-native	decode	no-unknown	20	253171.8	235805.5	292745.4	0.225	242615.6	273135.2
codec-nounk-P	P1.2	P1.2	ascii	core-ffi	decode	no-unknown	20	347375.8	327243.9	395437.0	0.196	342991.8	377525.2
codec-nounk-P	P1.2	P1.2	ascii	core-ffi-pull	decode	no-unknown	20	349239.3	326420.6	400940.5	0.213	339679.2	375688.2
codec-nounk-P	P4.1	P4.1	ascii	incumbent-prod	decode-nodrop	default	20	164423.5	159322.3	189387.8	0.183	161792.2	174765.9
codec-nounk-P	P4.1	P4.1	ascii	armonik	decode-nodrop	default	20	167330.5	164256.5	205677.5	0.248	165997.9	177947.7
codec-nounk-P	P4.1	P4.1	ascii	core-native	decode-nodrop	no-unknown	20	134942.5	132678.1	156736.8	0.178	134335.8	140699.6
codec-nounk-P	P4.1	P4.1	ascii	core-ffi	decode-nodrop	no-unknown	20	203293.7	197662.3	253157.5	0.273	199662.2	211601.1
codec-nounk-P	P6.1	P6.1	ascii	incumbent-prod	decode	default	20	222642.5	208981.1	241646.2	0.147	217308.4	228971.3
codec-nounk-P	P6.1	P6.1	ascii	armonik	decode	default	20	235919.4	221550.9	261527.2	0.169	232760.9	238036.4
codec-nounk-P	P6.1	P6.1	ascii	core-native	decode	no-unknown	20	139273.4	132325.8	145613.0	0.095	136880.4	141315.4
codec-nounk-P	P6.1	P6.1	ascii	core-ffi	decode	no-unknown	20	148605.1	141412.9	162404.6	0.141	147261.3	151160.4
codec-nounk-P	P6.1	P6.1	ascii	core-ffi-pull	decode	no-unknown	20	133152.0	125673.9	141209.3	0.117	130258.4	134785.9
codec-nounk-P	P6.1	P6.1	ascii	incumbent-prod	decode-nodrop	default	20	237306.1	234817.5	276760.1	0.177	236321.7	254230.6
codec-nounk-P	P6.1	P6.1	ascii	armonik	decode-nodrop	default	20	255198.5	249422.1	270900.9	0.084	252196.5	267594.0
codec-nounk-P	P6.1	P6.1	ascii	core-native	decode-nodrop	no-unknown	20	147560.4	140240.1	160938.4	0.140	142708.1	152242.0
codec-nounk-P	P6.1	P6.1	ascii	core-ffi	decode-nodrop	no-unknown	20	155831.1	150277.8	177994.6	0.178	153987.9	163763.5
codec-nounk-P	P2.4	P2.4	ascii	incumbent-prod	decode-read	default	20	1765622.2	1685541.2	1846528.5	0.091	1722287.5	1802311.8
codec-nounk-P	P2.4	P2.4	ascii	armonik	decode-read	default	20	1755231.9	1664006.8	1967785.7	0.173	1698048.2	1805742.6
codec-nounk-P	P2.4	P2.4	ascii	core-native	decode-read	no-unknown	20	1590128.4	1489395.4	1707686.6	0.137	1536514.2	1664768.5
codec-nounk-P	P2.4	P2.4	ascii	core-ffi	decode-read	no-unknown	20	2095681.5	1994555.0	2278684.8	0.136	2054187.7	2136518.5
codec-nounk-P	P2.4	P2.4	ascii	core-ffi-pull	decode-read	no-unknown	20	2092367.7	1960660.2	2244659.2	0.136	2040363.4	2140820.6
codec-nounk-P	P1.1	P1.1	ascii	incumbent-prod	decode	default	20	1253.5	1225.4	1290.7	0.052	1240.6	1274.1
codec-nounk-P	P1.1	P1.1	ascii	armonik	decode	default	20	1321.3	1292.6	1462.2	0.128	1317.8	1332.6
codec-nounk-P	P1.1	P1.1	ascii	core-native	decode	no-unknown	20	1007.2	996.1	1053.2	0.057	1002.0	1021.3
codec-nounk-P	P1.1	P1.1	ascii	core-ffi	decode	no-unknown	20	1490.4	1475.8	1538.4	0.042	1483.4	1497.0
codec-nounk-P	P1.1	P1.1	ascii	core-ffi-pull	decode	no-unknown	20	1510.8	1495.2	1606.7	0.074	1502.9	1523.1
codec-nounk-P	P2.2	P2.2	ascii	incumbent-prod	decode	default	20	1458811.9	1424846.6	1574394.7	0.103	1442610.9	1483953.6
codec-nounk-P	P2.2	P2.2	ascii	armonik	decode	default	20	1470557.9	1449114.9	1508780.4	0.041	1463485.8	1483279.3
codec-nounk-P	P2.2	P2.2	ascii	core-native	decode	no-unknown	20	1250241.7	1222520.5	1290423.2	0.054	1238723.1	1264926.8
codec-nounk-P	P2.2	P2.2	ascii	core-ffi	decode	no-unknown	20	1812538.7	1756435.7	1865971.8	0.060	1782195.0	1841020.3
codec-nounk-P	P2.2	P2.2	ascii	core-ffi-pull	decode	no-unknown	20	1794223.9	1758922.8	1881020.8	0.068	1773376.9	1805617.6
codec-nounk-P	P2.2/wide	P2.2	wide	incumbent-prod	encode	default	20	948974.1	889649.2	1066868.5	0.187	934370.4	958573.7
codec-nounk-P	P2.2/wide	P2.2	wide	armonik	encode	default	20	1021487.6	972473.8	1081059.7	0.106	1010080.4	1053513.6
codec-nounk-P	P2.2/wide	P2.2	wide	core-native	encode	no-unknown	20	254586.0	248584.5	271384.4	0.090	250534.1	257064.6
codec-nounk-P	P2.2/wide	P2.2	wide	core-ffi	encode	no-unknown	20	403973.7	382175.7	421995.6	0.099	398363.1	411104.5
codec-nounk-P	P5.1	P5.1	ascii	incumbent-prod	decode-read	default	20	92.4	77.9	117.5	0.428	80.2	100.6
codec-nounk-P	P5.1	P5.1	ascii	armonik	decode-read	default	20	83.8	70.3	104.0	0.402	73.3	90.8
codec-nounk-P	P5.1	P5.1	ascii	core-native	decode-read	no-unknown	20	79.2	68.8	94.0	0.318	69.3	88.7
codec-nounk-P	P5.1	P5.1	ascii	core-ffi	decode-read	no-unknown	20	141.1	115.6	160.2	0.317	119.1	149.4
codec-nounk-P	P5.1	P5.1	ascii	core-ffi-pull	decode-read	no-unknown	20	144.6	113.7	153.6	0.276	118.7	146.2
codec-nounk-P	P5.4	P5.4	ascii	incumbent-prod	encode	default	20	335859.4	325430.3	363023.4	0.112	330401.3	345657.1
codec-nounk-P	P5.4	P5.4	ascii	armonik	encode	default	20	332442.6	324501.5	358903.3	0.103	328124.3	340964.0
codec-nounk-P	P5.4	P5.4	ascii	core-native	encode	no-unknown	20	332639.3	317345.8	357141.4	0.120	327164.8	338768.5
codec-nounk-P	P5.4	P5.4	ascii	core-ffi	encode	no-unknown	20	331334.2	319208.4	348078.0	0.087	325859.9	337435.0
codec-nounk-P	P2.2/latin1	P2.2	latin1	incumbent-prod	decode-read	default	20	2111514.1	1997792.4	2256672.2	0.123	2092088.0	2118533.2
codec-nounk-P	P2.2/latin1	P2.2	latin1	armonik	decode-read	default	20	2137683.1	2076345.8	2622542.0	0.256	2126340.9	2149706.0
codec-nounk-P	P2.2/latin1	P2.2	latin1	core-native	decode-read	no-unknown	20	1821060.9	1800497.7	1909787.3	0.060	1815939.8	1836468.2
codec-nounk-P	P2.2/latin1	P2.2	latin1	core-ffi	decode-read	no-unknown	20	2873451.6	2820627.8	3550786.0	0.254	2863810.3	2898309.7
codec-nounk-P	P2.2/latin1	P2.2	latin1	core-ffi-pull	decode-read	no-unknown	20	2747218.0	2718313.0	3092876.8	0.136	2738214.1	2761272.5
codec-nounk-P	P2.4	P2.4	ascii	incumbent-prod	decode	default	20	1680028.9	1320830.5	1754889.0	0.258	1626136.2	1706418.0
codec-nounk-P	P2.4	P2.4	ascii	armonik	decode	default	20	1675570.2	1316969.7	1990389.7	0.402	1624387.2	1690022.6
codec-nounk-P	P2.4	P2.4	ascii	core-native	decode	no-unknown	20	1524491.9	1216176.5	1690983.7	0.311	1490576.6	1546645.2
codec-nounk-P	P2.4	P2.4	ascii	core-ffi	decode	no-unknown	20	2060071.3	1580489.0	2245215.2	0.323	2016714.6	2079536.2
codec-nounk-P	P2.4	P2.4	ascii	core-ffi-pull	decode	no-unknown	20	1998694.8	1585286.4	2118777.0	0.267	1955142.0	2041629.7
codec-nounk-P	P2.5	P2.5	ascii	incumbent-prod	decode	default	20	49655.9	45299.1	56923.4	0.234	48847.4	50769.4
codec-nounk-P	P2.5	P2.5	ascii	armonik	decode	default	20	50949.6	46268.3	55530.5	0.182	49886.8	51366.5
codec-nounk-P	P2.5	P2.5	ascii	core-native	decode	no-unknown	20	39534.5	36368.5	42444.3	0.154	39263.9	40049.8
codec-nounk-P	P2.5	P2.5	ascii	core-ffi	decode	no-unknown	20	58591.5	54209.1	60443.6	0.106	58332.5	58906.6
codec-nounk-P	P2.5	P2.5	ascii	core-ffi-pull	decode	no-unknown	20	57197.6	53487.4	76164.0	0.396	56948.2	57996.8
codec-nounk-P	P5.4	P5.4	ascii	incumbent-prod	decode	default	20	343676.4	331058.2	410249.2	0.230	338759.8	348243.5
codec-nounk-P	P5.4	P5.4	ascii	armonik	decode	default	20	92.9	91.5	120.8	0.316	92.2	93.8
codec-nounk-P	P5.4	P5.4	ascii	core-native	decode	no-unknown	20	345235.2	334699.3	430504.5	0.278	341109.4	353188.1
codec-nounk-P	P5.4	P5.4	ascii	core-ffi	decode	no-unknown	20	342926.7	333455.7	385075.0	0.151	339631.2	346447.7
codec-nounk-P	P5.4	P5.4	ascii	core-ffi-pull	decode	no-unknown	20	341366.8	335508.9	374296.0	0.114	338973.1	347205.2
codec-nounk-P	P1.2	P1.2	ascii	incumbent-prod	decode-nodrop	default	20	250143.1	248010.0	276764.8	0.115	249330.4	255546.8
codec-nounk-P	P1.2	P1.2	ascii	armonik	decode-nodrop	default	20	229851.1	226105.1	253771.2	0.120	229127.3	235503.5
codec-nounk-P	P1.2	P1.2	ascii	core-native	decode-nodrop	no-unknown	20	180109.9	177380.1	187857.2	0.058	178145.7	182126.0
codec-nounk-P	P1.2	P1.2	ascii	core-ffi	decode-nodrop	no-unknown	20	272414.9	268282.8	297844.3	0.109	270062.8	274430.6
codec-nounk-P	P6.1	P6.1	ascii	incumbent-prod	decode-read	default	20	318981.2	281404.2	353145.0	0.225	289342.0	322319.2
codec-nounk-P	P6.1	P6.1	ascii	armonik	decode-read	default	20	337129.3	293906.2	365739.1	0.213	308952.9	346575.7
codec-nounk-P	P6.1	P6.1	ascii	core-native	decode-read	no-unknown	20	220726.2	195571.6	237265.7	0.189	200597.3	225317.5
codec-nounk-P	P6.1	P6.1	ascii	core-ffi	decode-read	no-unknown	20	204431.3	182055.3	210674.2	0.140	188609.2	206245.0
codec-nounk-P	P6.1	P6.1	ascii	core-ffi-pull	decode-read	no-unknown	20	186426.8	161832.8	201076.1	0.211	170431.3	188797.4
codec-nounk-P	P5.3	P5.3	ascii	incumbent-prod	decode-read	default	20	46949.1	45843.5	54486.1	0.184	46585.3	48005.9
codec-nounk-P	P5.3	P5.3	ascii	armonik	decode-read	default	20	95.0	93.8	97.3	0.037	94.8	95.4
codec-nounk-P	P5.3	P5.3	ascii	core-native	decode-read	no-unknown	20	47097.0	46356.9	53482.4	0.151	46552.0	47649.4
codec-nounk-P	P5.3	P5.3	ascii	core-ffi	decode-read	no-unknown	20	47328.5	46682.6	55119.9	0.178	47010.7	48075.5
codec-nounk-P	P5.3	P5.3	ascii	core-ffi-pull	decode-read	no-unknown	20	47351.4	46494.7	54588.9	0.171	46899.0	48107.6
codec-nounk-P	P2.3	P2.3	ascii	incumbent-prod	encode	default	20	482773.9	398630.8	522020.4	0.256	414181.1	506196.3
codec-nounk-P	P2.3	P2.3	ascii	armonik	encode	default	20	510031.3	401371.4	536629.2	0.265	431632.0	523407.7
codec-nounk-P	P2.3	P2.3	ascii	core-native	encode	no-unknown	20	134423.2	117118.5	147527.6	0.226	125557.5	136905.2
codec-nounk-P	P2.3	P2.3	ascii	core-ffi	encode	no-unknown	20	265888.9	217939.5	295104.1	0.290	244548.0	275524.6
codec-nounk-P	P1.2/latin1	P1.2	latin1	incumbent-prod	decode-read	default	20	621395.7	613024.5	738958.6	0.203	617090.5	627164.2
codec-nounk-P	P1.2/latin1	P1.2	latin1	armonik	decode-read	default	20	598083.8	590476.9	633984.7	0.073	592715.4	611912.8
codec-nounk-P	P1.2/latin1	P1.2	latin1	core-native	decode-read	no-unknown	20	517122.5	511013.3	544137.3	0.064	514069.1	526847.0
codec-nounk-P	P1.2/latin1	P1.2	latin1	core-ffi	decode-read	no-unknown	20	777771.5	771152.6	839727.5	0.088	772373.1	796360.0
codec-nounk-P	P1.2/latin1	P1.2	latin1	core-ffi-pull	decode-read	no-unknown	20	785833.0	775871.2	911602.6	0.173	782846.2	795721.5
codec-nounk-P	P2.2/latin1	P2.2	latin1	incumbent-prod	decode	default	20	2036139.0	1639604.4	2436680.8	0.391	1702341.4	2071132.0
codec-nounk-P	P2.2/latin1	P2.2	latin1	armonik	decode	default	20	2063126.7	1663053.6	2173162.2	0.247	1745897.6	2107259.2
codec-nounk-P	P2.2/latin1	P2.2	latin1	core-native	decode	no-unknown	20	1765651.1	1418452.2	1845884.3	0.242	1483241.4	1792631.7
codec-nounk-P	P2.2/latin1	P2.2	latin1	core-ffi	decode	no-unknown	20	2779577.5	2194246.7	2983738.7	0.284	2357911.2	2833680.2
codec-nounk-P	P2.2/latin1	P2.2	latin1	core-ffi-pull	decode	no-unknown	20	2692442.6	2188319.2	2957458.8	0.286	2263282.1	2757810.7
codec-nounk-P	P1.2/wide	P1.2	wide	incumbent-prod	decode	default	20	725159.0	697373.7	875136.6	0.245	719129.7	744852.7
codec-nounk-P	P1.2/wide	P1.2	wide	armonik	decode	default	20	701504.5	670134.5	757684.9	0.125	690003.6	715971.4
codec-nounk-P	P1.2/wide	P1.2	wide	core-native	decode	no-unknown	20	630025.5	618881.2	663596.1	0.071	626163.0	640994.4
codec-nounk-P	P1.2/wide	P1.2	wide	core-ffi	decode	no-unknown	20	952509.8	939024.3	1019292.6	0.084	946269.6	972385.2
codec-nounk-P	P1.2/wide	P1.2	wide	core-ffi-pull	decode	no-unknown	20	958248.6	916433.3	1020714.0	0.109	947741.2	966502.9
codec-nounk-P	P5.2	P5.2	ascii	incumbent-prod	decode-read	default	20	1700.8	1693.8	1815.0	0.071	1698.6	1707.8
codec-nounk-P	P5.2	P5.2	ascii	armonik	decode-read	default	20	94.5	93.0	95.9	0.031	94.0	94.8
codec-nounk-P	P5.2	P5.2	ascii	core-native	decode-read	no-unknown	20	1698.4	1688.7	1752.5	0.038	1694.7	1706.4
codec-nounk-P	P5.2	P5.2	ascii	core-ffi	decode-read	no-unknown	20	1771.7	1758.6	1802.5	0.025	1761.3	1774.7
codec-nounk-P	P5.2	P5.2	ascii	core-ffi-pull	decode-read	no-unknown	20	1749.3	1746.6	1779.9	0.019	1748.1	1753.4
codec-nounk-P	P2.2	P2.2	ascii	incumbent-prod	decode-nodrop	default	20	1136117.6	958739.7	1160474.4	0.178	1127522.3	1148276.9
codec-nounk-P	P2.2	P2.2	ascii	armonik	decode-nodrop	default	20	1148383.0	968181.4	1483074.8	0.448	1143392.2	1161606.6
codec-nounk-P	P2.2	P2.2	ascii	core-native	decode-nodrop	no-unknown	20	953550.2	810682.9	1012306.8	0.211	947656.3	965981.9
codec-nounk-P	P2.2	P2.2	ascii	core-ffi	decode-nodrop	no-unknown	20	1502186.1	1392517.7	1567521.6	0.116	1491714.5	1517036.4
codec-nounk-P	P3.1	P3.1	ascii	incumbent-prod	encode	default	20	16480.5	16252.9	21748.6	0.333	16337.1	16768.4
codec-nounk-P	P3.1	P3.1	ascii	armonik	encode	default	20	16877.1	16623.0	22285.8	0.336	16734.8	17859.4
codec-nounk-P	P3.1	P3.1	ascii	core-native	encode	no-unknown	20	2951.9	2872.9	3902.6	0.349	2939.2	3034.4
codec-nounk-P	P3.1	P3.1	ascii	core-ffi	encode	no-unknown	20	6224.5	5969.3	9162.8	0.513	6115.4	6283.5
codec-nounk-P	P2.3	P2.3	ascii	incumbent-prod	decode	default	20	1234335.4	1081077.4	1309373.5	0.185	1222217.4	1247520.6
codec-nounk-P	P2.3	P2.3	ascii	armonik	decode	default	20	1247009.2	1015956.4	1605305.0	0.473	1226756.0	1262233.3
codec-nounk-P	P2.3	P2.3	ascii	core-native	decode	no-unknown	20	1110629.1	894336.3	1216255.2	0.290	1076254.6	1127697.4
codec-nounk-P	P2.3	P2.3	ascii	core-ffi	decode	no-unknown	20	1428927.9	1125179.6	1466459.1	0.239	1381847.2	1447681.7
codec-nounk-P	P2.3	P2.3	ascii	core-ffi-pull	decode	no-unknown	20	1408476.4	1151542.9	1521085.0	0.262	1398664.2	1439299.0
codec-nounk-P	P2.2/wide	P2.2	wide	incumbent-prod	decode	default	20	2553879.1	2004801.2	2633103.0	0.246	2136705.1	2582758.4
codec-nounk-P	P2.2/wide	P2.2	wide	armonik	decode	default	20	2552328.9	2068990.2	3114631.5	0.410	2308960.9	2631845.2
codec-nounk-P	P2.2/wide	P2.2	wide	core-native	decode	no-unknown	20	2174276.5	1784670.6	2467220.2	0.314	1946770.6	2228502.5
codec-nounk-P	P2.2/wide	P2.2	wide	core-ffi	decode	no-unknown	20	3450961.8	2765584.0	4199505.0	0.416	2981180.9	3582628.2
codec-nounk-P	P2.2/wide	P2.2	wide	core-ffi-pull	decode	no-unknown	20	3359498.5	2799282.7	3576657.0	0.231	2926409.7	3441782.7
codec-nounk-P	P5.1	P5.1	ascii	incumbent-prod	decode	default	20	96.2	85.7	99.3	0.141	95.9	96.7
codec-nounk-P	P5.1	P5.1	ascii	armonik	decode	default	20	85.9	83.2	90.7	0.087	85.6	86.8
codec-nounk-P	P5.1	P5.1	ascii	core-native	decode	no-unknown	20	85.6	82.3	89.0	0.078	85.2	85.8
codec-nounk-P	P5.1	P5.1	ascii	core-ffi	decode	no-unknown	20	142.8	138.9	152.4	0.095	142.6	143.9
codec-nounk-P	P5.1	P5.1	ascii	core-ffi-pull	decode	no-unknown	20	143.5	137.7	160.7	0.160	142.5	143.8
codec-nounk-P	P1.1	P1.1	ascii	incumbent-prod	encode	default	20	1144.1	933.0	1222.5	0.253	1125.2	1155.4
codec-nounk-P	P1.1	P1.1	ascii	armonik	encode	default	20	1200.7	1162.4	1252.2	0.075	1193.8	1218.2
codec-nounk-P	P1.1	P1.1	ascii	core-native	encode	no-unknown	20	209.8	186.7	220.4	0.161	207.9	210.9
codec-nounk-P	P1.1	P1.1	ascii	core-ffi	encode	no-unknown	20	383.1	321.0	408.8	0.229	375.4	387.9
codec-nounk-P	P5.1	P5.1	ascii	incumbent-prod	encode	default	20	63.4	61.8	65.4	0.056	62.8	64.3
codec-nounk-P	P5.1	P5.1	ascii	armonik	encode	default	20	61.5	60.6	70.7	0.164	61.1	62.0
codec-nounk-P	P5.1	P5.1	ascii	core-native	encode	no-unknown	20	16.2	15.9	16.8	0.055	16.1	16.3
codec-nounk-P	P5.1	P5.1	ascii	core-ffi	encode	no-unknown	20	34.7	33.4	37.4	0.115	34.5	35.6
codec-nounk-P	P2.2	P2.2	ascii	incumbent-prod	decode-read	default	20	1492502.4	1449816.9	1875367.0	0.285	1469477.0	1525554.8
codec-nounk-P	P2.2	P2.2	ascii	armonik	decode-read	default	20	1519578.1	1473991.0	1636135.9	0.107	1497725.0	1576224.6
codec-nounk-P	P2.2	P2.2	ascii	core-native	decode-read	no-unknown	20	1332052.2	1300179.9	2075047.2	0.582	1314053.8	1381199.3
codec-nounk-P	P2.2	P2.2	ascii	core-ffi	decode-read	no-unknown	20	1884053.0	1823684.2	2150331.4	0.173	1852698.5	1935633.0
codec-nounk-P	P2.2	P2.2	ascii	core-ffi-pull	decode-read	no-unknown	20	1862864.2	1793014.2	2056864.2	0.142	1840529.8	1872307.8
codec-nounk-P	P2.1	P2.1	ascii	incumbent-prod	decode-read	default	20	2266.4	2191.5	2339.6	0.065	2241.1	2280.4
codec-nounk-P	P2.1	P2.1	ascii	armonik	decode-read	default	20	2252.4	2173.4	2444.8	0.120	2241.6	2273.5
codec-nounk-P	P2.1	P2.1	ascii	core-native	decode-read	no-unknown	20	1785.5	1770.5	1860.8	0.051	1775.4	1797.8
codec-nounk-P	P2.1	P2.1	ascii	core-ffi	decode-read	no-unknown	20	2701.3	2677.5	2739.4	0.023	2683.9	2719.4
codec-nounk-P	P2.1	P2.1	ascii	core-ffi-pull	decode-read	no-unknown	20	2723.9	2592.8	2785.7	0.071	2712.5	2754.4
codec-nounk-P	P2.3	P2.3	ascii	incumbent-prod	decode-read	default	20	1260927.5	1009237.2	1341031.5	0.263	1096786.8	1288638.8
codec-nounk-P	P2.3	P2.3	ascii	armonik	decode-read	default	20	1331169.8	1081638.1	1408510.1	0.246	1207684.2	1341881.3
codec-nounk-P	P2.3	P2.3	ascii	core-native	decode-read	no-unknown	20	1163827.8	965712.7	1259119.1	0.252	1086113.8	1224475.5
codec-nounk-P	P2.3	P2.3	ascii	core-ffi	decode-read	no-unknown	20	1475969.5	1214808.9	1580866.6	0.248	1376655.8	1531448.3
codec-nounk-P	P2.3	P2.3	ascii	core-ffi-pull	decode-read	no-unknown	20	1455381.0	1222185.8	1555921.0	0.229	1355162.3	1504116.3
codec-nounk-P	P2.5	P2.5	ascii	incumbent-prod	encode	default	20	25515.5	25001.3	29291.0	0.168	25373.5	25697.1
codec-nounk-P	P2.5	P2.5	ascii	armonik	encode	default	20	27425.1	26515.8	27918.6	0.051	27237.8	27567.5
codec-nounk-P	P2.5	P2.5	ascii	core-native	encode	no-unknown	20	5550.8	4847.2	5752.4	0.163	5527.1	5564.3
codec-nounk-P	P2.5	P2.5	ascii	core-ffi	encode	no-unknown	20	11382.9	10371.1	11646.7	0.112	11358.6	11411.6
codec-nounk-P	P1.2/wide	P1.2	wide	incumbent-prod	decode-read	default	20	619819.7	580771.1	778164.5	0.318	609815.7	745478.3
codec-nounk-P	P1.2/wide	P1.2	wide	armonik	decode-read	default	20	595136.1	555554.4	741461.8	0.312	576895.6	712003.2
codec-nounk-P	P1.2/wide	P1.2	wide	core-native	decode-read	no-unknown	20	533997.8	500148.8	660001.4	0.299	526754.7	639600.1
codec-nounk-P	P1.2/wide	P1.2	wide	core-ffi	decode-read	no-unknown	20	829882.0	750397.3	969819.7	0.264	790299.2	955585.5
codec-nounk-P	P1.2/wide	P1.2	wide	core-ffi-pull	decode-read	no-unknown	20	822855.8	752898.7	988096.4	0.286	795526.4	923773.2
codec-nounk-P	P7.1	P7.1	ascii	incumbent-prod	decode-read	default	20	274.9	270.6	369.1	0.359	271.7	346.3
codec-nounk-P	P7.1	P7.1	ascii	armonik	decode-read	default	20	253.6	248.9	332.2	0.328	250.4	321.5
codec-nounk-P	P7.1	P7.1	ascii	core-native	decode-read	no-unknown	20	191.1	187.4	243.9	0.295	189.4	239.2
codec-nounk-P	P7.1	P7.1	ascii	core-ffi	decode-read	no-unknown	20	291.7	286.4	385.3	0.339	289.6	368.6
codec-nounk-P	P7.1	P7.1	ascii	core-ffi-pull	decode-read	no-unknown	20	319.9	317.3	416.8	0.311	317.9	406.6
codec-nounk-P	P2.2/latin1	P2.2	latin1	incumbent-prod	encode	default	20	944949.5	920124.7	972106.3	0.055	937617.5	957677.4
codec-nounk-P	P2.2/latin1	P2.2	latin1	armonik	encode	default	20	1040517.8	1017934.2	1062257.7	0.043	1026718.1	1047288.5
codec-nounk-P	P2.2/latin1	P2.2	latin1	core-native	encode	no-unknown	20	253279.3	247240.7	260166.0	0.051	251383.5	255304.3
codec-nounk-P	P2.2/latin1	P2.2	latin1	core-ffi	encode	no-unknown	20	412778.0	401411.0	423698.0	0.054	408305.8	416491.2
codec-nounk-U	U-wire-ListTaskSummaryResponse-tasks-as-wt1	U-wire-ListTaskSummaryResponse-tasks-as-wt1	ascii	core-native	decode-read	no-unknown	20	1792.1	1745.3	2007.2	0.146	1771.6	1825.2
codec-nounk-U	U-wire-ListTaskSummaryResponse-tasks-as-wt1	U-wire-ListTaskSummaryResponse-tasks-as-wt1	ascii	core-ffi	decode-read	no-unknown	20	2426.1	2366.1	2715.3	0.144	2386.5	2554.0
codec-nounk-U	U-wire-ListTaskSummaryResponse-tasks-as-wt1	U-wire-ListTaskSummaryResponse-tasks-as-wt1	ascii	core-ffi-pull	decode-read	no-unknown	20	2401.3	2341.9	2735.7	0.164	2386.1	2461.6
codec-nounk-U	U-wire-ListMetricsResponse-batches-as-wt5	U-wire-ListMetricsResponse-batches-as-wt5	ascii	core-native	encode	no-unknown	20	601.2	531.4	623.1	0.152	541.6	614.9
codec-nounk-U	U-wire-ListMetricsResponse-batches-as-wt5	U-wire-ListMetricsResponse-batches-as-wt5	ascii	core-ffi	encode	no-unknown	20	745.2	656.6	835.4	0.240	682.5	759.0
codec-nounk-U	U-nested-u-varint	U-nested-u-varint	ascii	incumbent-prod	encode	default	20	216.2	196.9	224.0	0.126	201.7	219.4
codec-nounk-U	U-nested-u-varint	U-nested-u-varint	ascii	armonik	encode	default	20	228.2	208.9	243.6	0.152	219.2	230.9
codec-nounk-U	U-nested-u-varint	U-nested-u-varint	ascii	core-native	encode	no-unknown	20	44.1	41.0	45.9	0.111	43.0	44.9
codec-nounk-U	U-nested-u-varint	U-nested-u-varint	ascii	core-ffi	encode	no-unknown	20	86.2	77.6	92.1	0.169	80.8	88.0
codec-nounk-U	U-oneof-member-after-known	U-oneof-member-after-known	ascii	incumbent-prod	decode	default	20	101.7	98.2	106.9	0.085	101.0	103.2
codec-nounk-U	U-oneof-member-after-known	U-oneof-member-after-known	ascii	armonik	decode	default	20	104.7	100.1	108.2	0.078	103.9	105.3
codec-nounk-U	U-oneof-member-after-known	U-oneof-member-after-known	ascii	core-native	decode	no-unknown	20	71.6	69.2	76.9	0.108	71.1	72.5
codec-nounk-U	U-oneof-member-after-known	U-oneof-member-after-known	ascii	core-ffi	decode	no-unknown	20	119.4	115.5	123.4	0.066	117.9	121.4
codec-nounk-U	U-oneof-member-after-known	U-oneof-member-after-known	ascii	core-ffi-pull	decode	no-unknown	20	127.0	121.6	145.6	0.189	126.0	129.2
codec-nounk-U	U-wire-ListResultsResponse-results-as-wt1	U-wire-ListResultsResponse-results-as-wt1	ascii	core-native	decode-read	no-unknown	20	425.8	397.6	476.3	0.185	419.4	467.3
codec-nounk-U	U-wire-ListResultsResponse-results-as-wt1	U-wire-ListResultsResponse-results-as-wt1	ascii	core-ffi	decode-read	no-unknown	20	615.4	578.3	704.3	0.205	610.5	669.4
codec-nounk-U	U-wire-ListResultsResponse-results-as-wt1	U-wire-ListResultsResponse-results-as-wt1	ascii	core-ffi-pull	decode-read	no-unknown	20	622.8	577.2	686.1	0.175	615.7	678.3
codec-nounk-U	U-wire-ListTasksDetailedResponse-tasks-as-wt1	U-wire-ListTasksDetailedResponse-tasks-as-wt1	ascii	core-native	decode-read	no-unknown	20	2754.5	2559.9	3251.1	0.251	2607.5	2889.6
codec-nounk-U	U-wire-ListTasksDetailedResponse-tasks-as-wt1	U-wire-ListTasksDetailedResponse-tasks-as-wt1	ascii	core-ffi	decode-read	no-unknown	20	4382.3	4124.9	4894.0	0.175	4230.6	4699.0
codec-nounk-U	U-wire-ListTasksDetailedResponse-tasks-as-wt1	U-wire-ListTasksDetailedResponse-tasks-as-wt1	ascii	core-ffi-pull	decode-read	no-unknown	20	4366.4	4084.2	4857.7	0.177	4185.0	4615.4
codec-nounk-U	U-wire-ListMetricsResponse-batches-as-wt0	U-wire-ListMetricsResponse-batches-as-wt0	ascii	core-native	decode-read	no-unknown	20	1502.1	1441.2	1551.0	0.073	1475.5	1508.6
codec-nounk-U	U-wire-ListMetricsResponse-batches-as-wt0	U-wire-ListMetricsResponse-batches-as-wt0	ascii	core-ffi	decode-read	no-unknown	20	1410.7	1367.6	1451.7	0.060	1387.9	1417.7
codec-nounk-U	U-wire-ListMetricsResponse-batches-as-wt0	U-wire-ListMetricsResponse-batches-as-wt0	ascii	core-ffi-pull	decode-read	no-unknown	20	1259.5	1227.6	1428.6	0.160	1241.9	1281.4
codec-nounk-U	U-wire-ListResultsResponse-page-as-wt5	U-wire-ListResultsResponse-page-as-wt5	ascii	core-native	decode-read	no-unknown	20	522.1	402.9	554.4	0.290	517.5	529.6
codec-nounk-U	U-wire-ListResultsResponse-page-as-wt5	U-wire-ListResultsResponse-page-as-wt5	ascii	core-ffi	decode-read	no-unknown	20	754.4	585.9	787.9	0.268	752.3	758.0
codec-nounk-U	U-wire-ListResultsResponse-page-as-wt5	U-wire-ListResultsResponse-page-as-wt5	ascii	core-ffi-pull	decode-read	no-unknown	20	767.4	597.5	865.7	0.349	761.2	775.6
codec-nounk-U	U-nested-u-repeated	U-nested-u-repeated	ascii	incumbent-prod	encode	default	20	249.2	237.9	348.8	0.445	245.4	264.6
codec-nounk-U	U-nested-u-repeated	U-nested-u-repeated	ascii	armonik	encode	default	20	259.8	251.6	311.7	0.231	258.7	274.8
codec-nounk-U	U-nested-u-repeated	U-nested-u-repeated	ascii	core-native	encode	no-unknown	20	50.9	49.4	60.0	0.208	49.6	51.7
codec-nounk-U	U-nested-u-repeated	U-nested-u-repeated	ascii	core-ffi	encode	no-unknown	20	102.6	97.7	138.0	0.394	99.1	107.6
codec-nounk-U	U-wire-ListProbeResponse-probes-as-wt0	U-wire-ListProbeResponse-probes-as-wt0	ascii	core-native	decode-read	no-unknown	20	190.3	174.8	219.6	0.235	189.5	191.7
codec-nounk-U	U-wire-ListProbeResponse-probes-as-wt0	U-wire-ListProbeResponse-probes-as-wt0	ascii	core-ffi	decode-read	no-unknown	20	308.0	283.9	331.3	0.154	304.5	309.4
codec-nounk-U	U-wire-ListProbeResponse-probes-as-wt0	U-wire-ListProbeResponse-probes-as-wt0	ascii	core-ffi-pull	decode-read	no-unknown	20	316.2	288.6	333.0	0.141	313.2	319.8
codec-nounk-U	U-nested-u-packed	U-nested-u-packed	ascii	incumbent-prod	decode-read	default	20	303.9	284.4	330.7	0.152	288.8	309.3
codec-nounk-U	U-nested-u-packed	U-nested-u-packed	ascii	armonik	decode-read	default	20	315.2	292.7	354.4	0.196	308.2	320.5
codec-nounk-U	U-nested-u-packed	U-nested-u-packed	ascii	core-native	decode-read	no-unknown	20	256.4	240.6	277.2	0.143	246.1	259.9
codec-nounk-U	U-nested-u-packed	U-nested-u-packed	ascii	core-ffi	decode-read	no-unknown	20	370.1	341.5	411.4	0.189	355.2	377.1
codec-nounk-U	U-nested-u-packed	U-nested-u-packed	ascii	core-ffi-pull	decode-read	no-unknown	20	380.9	352.0	413.5	0.162	363.8	386.6
codec-nounk-U	U-enum-value-127	U-enum-value-127	ascii	incumbent-prod	decode	default	20	72.4	66.7	74.3	0.105	70.5	73.0
codec-nounk-U	U-enum-value-127	U-enum-value-127	ascii	armonik	decode	default	20	106.3	99.0	110.4	0.108	104.0	107.7
codec-nounk-U	U-enum-value-127	U-enum-value-127	ascii	core-native	decode	no-unknown	20	90.7	84.8	93.1	0.091	88.8	91.9
codec-nounk-U	U-enum-value-127	U-enum-value-127	ascii	core-ffi	decode	no-unknown	20	112.5	104.9	126.9	0.195	112.0	113.7
codec-nounk-U	U-enum-value-127	U-enum-value-127	ascii	core-ffi-pull	decode	no-unknown	20	122.6	114.2	128.7	0.119	120.5	123.8
codec-nounk-U	U-element-u-varint	U-element-u-varint	ascii	incumbent-prod	encode	default	20	1242.2	1217.9	1259.5	0.033	1228.7	1249.4
codec-nounk-U	U-element-u-varint	U-element-u-varint	ascii	armonik	encode	default	20	1245.3	1219.1	1285.5	0.053	1234.8	1254.1
codec-nounk-U	U-element-u-varint	U-element-u-varint	ascii	core-native	encode	no-unknown	20	253.6	250.4	260.6	0.040	252.1	256.0
codec-nounk-U	U-element-u-varint	U-element-u-varint	ascii	core-ffi	encode	no-unknown	20	543.4	533.8	565.6	0.058	538.3	549.3
codec-nounk-U	U-enum-value-127	U-enum-value-127	ascii	incumbent-prod	encode	default	20	51.7	50.5	57.3	0.131	51.2	52.0
codec-nounk-U	U-enum-value-127	U-enum-value-127	ascii	armonik	encode	default	20	56.7	55.9	59.6	0.065	56.4	57.5
codec-nounk-U	U-enum-value-127	U-enum-value-127	ascii	core-native	encode	no-unknown	20	15.8	15.1	17.7	0.164	15.6	16.0
codec-nounk-U	U-enum-value-127	U-enum-value-127	ascii	core-ffi	encode	no-unknown	20	35.1	34.4	37.3	0.082	34.8	35.9
codec-nounk-U	U-root-u-fixed32	U-root-u-fixed32	ascii	incumbent-prod	decode-read	default	20	629.1	609.2	665.3	0.089	622.7	635.9
codec-nounk-U	U-root-u-fixed32	U-root-u-fixed32	ascii	armonik	decode-read	default	20	671.5	639.9	703.6	0.095	663.5	677.9
codec-nounk-U	U-root-u-fixed32	U-root-u-fixed32	ascii	core-native	decode-read	no-unknown	20	539.2	519.0	552.3	0.062	530.0	543.6
codec-nounk-U	U-root-u-fixed32	U-root-u-fixed32	ascii	core-ffi	decode-read	no-unknown	20	759.1	729.4	785.1	0.073	752.9	765.9
codec-nounk-U	U-root-u-fixed32	U-root-u-fixed32	ascii	core-ffi-pull	decode-read	no-unknown	20	777.2	741.7	795.3	0.069	761.6	783.6
codec-nounk-U	U-nested-all	U-nested-all	ascii	incumbent-prod	decode-read	default	20	387.4	368.8	413.0	0.114	379.9	390.9
codec-nounk-U	U-nested-all	U-nested-all	ascii	armonik	decode-read	default	20	397.8	386.8	423.3	0.092	395.2	400.4
codec-nounk-U	U-nested-all	U-nested-all	ascii	core-native	decode-read	no-unknown	20	290.1	281.2	298.3	0.059	287.9	293.5
codec-nounk-U	U-nested-all	U-nested-all	ascii	core-ffi	decode-read	no-unknown	20	407.0	395.0	440.0	0.111	403.5	408.2
codec-nounk-U	U-nested-all	U-nested-all	ascii	core-ffi-pull	decode-read	no-unknown	20	413.5	405.6	441.2	0.086	410.9	417.3
codec-nounk-U	U-leaf-u-fixed32	U-leaf-u-fixed32	ascii	incumbent-prod	decode	default	20	303.5	297.7	309.5	0.039	301.9	307.5
codec-nounk-U	U-leaf-u-fixed32	U-leaf-u-fixed32	ascii	armonik	decode	default	20	308.6	301.5	326.9	0.082	306.5	312.6
codec-nounk-U	U-leaf-u-fixed32	U-leaf-u-fixed32	ascii	core-native	decode	no-unknown	20	244.2	240.1	268.4	0.116	242.7	245.6
codec-nounk-U	U-leaf-u-fixed32	U-leaf-u-fixed32	ascii	core-ffi	decode	no-unknown	20	373.6	357.6	385.0	0.073	367.1	376.9
codec-nounk-U	U-leaf-u-fixed32	U-leaf-u-fixed32	ascii	core-ffi-pull	decode	no-unknown	20	376.8	364.1	394.2	0.080	371.6	378.6
codec-nounk-U	U-wire-ListMetricsResponse-batches-as-wt5	U-wire-ListMetricsResponse-batches-as-wt5	ascii	core-native	decode-read	no-unknown	20	1787.0	1718.1	1892.0	0.097	1773.2	1837.3
codec-nounk-U	U-wire-ListMetricsResponse-batches-as-wt5	U-wire-ListMetricsResponse-batches-as-wt5	ascii	core-ffi	decode-read	no-unknown	20	1748.9	1681.2	1825.5	0.083	1719.3	1782.9
codec-nounk-U	U-wire-ListMetricsResponse-batches-as-wt5	U-wire-ListMetricsResponse-batches-as-wt5	ascii	core-ffi-pull	decode-read	no-unknown	20	1590.4	1500.7	1664.1	0.103	1535.7	1607.8
codec-nounk-U	U-element-u-len	U-element-u-len	ascii	incumbent-prod	decode	default	20	1788.5	1747.1	1843.5	0.054	1779.1	1796.4
codec-nounk-U	U-element-u-len	U-element-u-len	ascii	armonik	decode	default	20	1731.2	1687.1	1821.1	0.077	1725.8	1740.2
codec-nounk-U	U-element-u-len	U-element-u-len	ascii	core-native	decode	no-unknown	20	1341.4	1312.4	1516.2	0.152	1331.6	1350.5
codec-nounk-U	U-element-u-len	U-element-u-len	ascii	core-ffi	decode	no-unknown	20	2353.7	2326.7	2460.2	0.057	2346.3	2370.0
codec-nounk-U	U-element-u-len	U-element-u-len	ascii	core-ffi-pull	decode	no-unknown	20	2368.4	2323.0	2590.3	0.113	2341.5	2390.8
codec-nounk-U	U-oneof-u-repeated	U-oneof-u-repeated	ascii	incumbent-prod	decode	default	20	138.8	135.2	150.0	0.107	137.3	140.6
codec-nounk-U	U-oneof-u-repeated	U-oneof-u-repeated	ascii	armonik	decode	default	20	145.2	141.2	152.6	0.079	143.7	146.1
codec-nounk-U	U-oneof-u-repeated	U-oneof-u-repeated	ascii	core-native	decode	no-unknown	20	93.1	91.2	97.6	0.068	92.4	93.9
codec-nounk-U	U-oneof-u-repeated	U-oneof-u-repeated	ascii	core-ffi	decode	no-unknown	20	149.8	147.3	153.9	0.043	148.4	150.6
codec-nounk-U	U-oneof-u-repeated	U-oneof-u-repeated	ascii	core-ffi-pull	decode	no-unknown	20	157.9	154.4	161.6	0.045	157.3	158.8
codec-nounk-U	U-element-u-repeated	U-element-u-repeated	ascii	incumbent-prod	decode-read	default	20	1897.1	1852.9	2041.8	0.100	1884.9	1912.4
codec-nounk-U	U-element-u-repeated	U-element-u-repeated	ascii	armonik	decode-read	default	20	1841.3	1816.2	1871.3	0.030	1827.9	1855.3
codec-nounk-U	U-element-u-repeated	U-element-u-repeated	ascii	core-native	decode-read	no-unknown	20	1450.4	1423.5	1495.3	0.050	1438.2	1463.3
codec-nounk-U	U-element-u-repeated	U-element-u-repeated	ascii	core-ffi	decode-read	no-unknown	20	2470.5	2429.1	2549.1	0.049	2456.8	2490.1
codec-nounk-U	U-element-u-repeated	U-element-u-repeated	ascii	core-ffi-pull	decode-read	no-unknown	20	2495.4	2449.4	2576.3	0.051	2475.5	2508.1
codec-nounk-U	U-element-u-msg	U-element-u-msg	ascii	incumbent-prod	decode-read	default	20	2158.1	2107.5	2212.8	0.049	2147.1	2174.5
codec-nounk-U	U-element-u-msg	U-element-u-msg	ascii	armonik	decode-read	default	20	2131.7	2106.6	2217.6	0.052	2119.2	2146.1
codec-nounk-U	U-element-u-msg	U-element-u-msg	ascii	core-native	decode-read	no-unknown	20	1701.6	1664.6	1761.4	0.057	1686.5	1710.5
codec-nounk-U	U-element-u-msg	U-element-u-msg	ascii	core-ffi	decode-read	no-unknown	20	2492.9	2390.9	2581.0	0.076	2477.0	2506.6
codec-nounk-U	U-element-u-msg	U-element-u-msg	ascii	core-ffi-pull	decode-read	no-unknown	20	2524.2	2435.2	2592.9	0.062	2504.0	2547.3
codec-nounk-U	U-nested-before	U-nested-before	ascii	incumbent-prod	decode-read	default	20	376.6	354.4	389.3	0.092	372.3	385.0
codec-nounk-U	U-nested-before	U-nested-before	ascii	armonik	decode-read	default	20	391.4	368.8	406.2	0.095	381.6	395.7
codec-nounk-U	U-nested-before	U-nested-before	ascii	core-native	decode-read	no-unknown	20	293.1	275.2	298.6	0.080	284.5	296.4
codec-nounk-U	U-nested-before	U-nested-before	ascii	core-ffi	decode-read	no-unknown	20	412.3	397.5	423.1	0.062	407.8	417.0
codec-nounk-U	U-nested-before	U-nested-before	ascii	core-ffi-pull	decode-read	no-unknown	20	419.8	397.9	431.9	0.081	412.7	423.4
codec-nounk-U	U-wire-ListTasksDetailedResponse-page-as-wt2	U-wire-ListTasksDetailedResponse-page-as-wt2	ascii	core-native	decode	no-unknown	20	3512.6	3452.3	3573.0	0.034	3487.8	3531.6
codec-nounk-U	U-wire-ListTasksDetailedResponse-page-as-wt2	U-wire-ListTasksDetailedResponse-page-as-wt2	ascii	core-ffi	decode	no-unknown	20	5096.3	5010.5	5176.8	0.033	5061.4	5114.5
codec-nounk-U	U-wire-ListTasksDetailedResponse-page-as-wt2	U-wire-ListTasksDetailedResponse-page-as-wt2	ascii	core-ffi-pull	decode	no-unknown	20	5056.2	4864.3	5272.9	0.081	5041.3	5106.1
codec-nounk-U	U-root-group	U-root-group	ascii	incumbent-prod	decode-read	default	20	669.0	649.6	687.2	0.056	662.2	674.5
codec-nounk-U	U-root-group	U-root-group	ascii	armonik	decode-read	default	20	715.6	702.4	746.8	0.062	712.4	725.1
codec-nounk-U	U-root-group	U-root-group	ascii	core-native	decode-read	no-unknown	20	558.2	537.1	663.9	0.227	549.3	565.2
codec-nounk-U	U-root-group	U-root-group	ascii	core-ffi	decode-read	no-unknown	20	794.4	776.6	842.2	0.083	790.3	801.1
codec-nounk-U	U-root-group	U-root-group	ascii	core-ffi-pull	decode-read	no-unknown	20	809.5	789.0	839.7	0.063	802.7	813.4
codec-nounk-U	U-wire-ListTaskSummaryResponse-tasks-as-wt1	U-wire-ListTaskSummaryResponse-tasks-as-wt1	ascii	core-native	decode	no-unknown	20	1717.8	1680.7	1759.1	0.046	1708.5	1727.7
codec-nounk-U	U-wire-ListTaskSummaryResponse-tasks-as-wt1	U-wire-ListTaskSummaryResponse-tasks-as-wt1	ascii	core-ffi	decode	no-unknown	20	2360.4	2319.0	2399.2	0.034	2346.8	2373.0
codec-nounk-U	U-wire-ListTaskSummaryResponse-tasks-as-wt1	U-wire-ListTaskSummaryResponse-tasks-as-wt1	ascii	core-ffi-pull	decode	no-unknown	20	2327.7	2271.4	2381.5	0.047	2295.9	2340.7
codec-nounk-U	U-wire-ListTasksDetailedResponse-page-as-wt1	U-wire-ListTasksDetailedResponse-page-as-wt1	ascii	core-native	decode	no-unknown	20	3148.8	3064.4	3226.1	0.051	3135.0	3170.8
codec-nounk-U	U-wire-ListTasksDetailedResponse-page-as-wt1	U-wire-ListTasksDetailedResponse-page-as-wt1	ascii	core-ffi	decode	no-unknown	20	5139.0	5022.5	5342.5	0.062	5082.0	5197.1
codec-nounk-U	U-wire-ListTasksDetailedResponse-page-as-wt1	U-wire-ListTasksDetailedResponse-page-as-wt1	ascii	core-ffi-pull	decode	no-unknown	20	5148.5	5058.2	5450.8	0.076	5103.4	5234.9
codec-nounk-U	U-wire-ListTasksDetailedResponse-page-as-wt5	U-wire-ListTasksDetailedResponse-page-as-wt5	ascii	core-native	decode-read	no-unknown	20	3177.7	3088.7	3385.5	0.093	3137.3	3206.3
codec-nounk-U	U-wire-ListTasksDetailedResponse-page-as-wt5	U-wire-ListTasksDetailedResponse-page-as-wt5	ascii	core-ffi	decode-read	no-unknown	20	5106.1	4930.7	5376.8	0.087	5027.5	5196.8
codec-nounk-U	U-wire-ListTasksDetailedResponse-page-as-wt5	U-wire-ListTasksDetailedResponse-page-as-wt5	ascii	core-ffi-pull	decode-read	no-unknown	20	5082.4	4895.8	5323.7	0.084	5018.4	5212.5
codec-nounk-U	U-wire-ListTasksDetailedResponse-page-as-wt1	U-wire-ListTasksDetailedResponse-page-as-wt1	ascii	core-native	encode	no-unknown	20	577.6	562.9	652.0	0.154	572.7	586.6
codec-nounk-U	U-wire-ListTasksDetailedResponse-page-as-wt1	U-wire-ListTasksDetailedResponse-page-as-wt1	ascii	core-ffi	encode	no-unknown	20	1176.4	1154.9	1674.8	0.442	1164.8	1221.6
codec-nounk-U	U-wire-UploadResultDataMessage-upload-as-wt1	U-wire-UploadResultDataMessage-upload-as-wt1	ascii	core-native	encode	no-unknown	20	16.1	15.2	17.2	0.127	15.8	16.8
codec-nounk-U	U-wire-UploadResultDataMessage-upload-as-wt1	U-wire-UploadResultDataMessage-upload-as-wt1	ascii	core-ffi	encode	no-unknown	20	34.4	32.0	37.3	0.155	32.9	35.3
codec-nounk-U	U-root-interleaved	U-root-interleaved	ascii	incumbent-prod	encode	default	20	555.1	523.2	573.2	0.090	542.7	562.4
codec-nounk-U	U-root-interleaved	U-root-interleaved	ascii	armonik	encode	default	20	581.2	546.2	599.5	0.092	575.0	588.6
codec-nounk-U	U-root-interleaved	U-root-interleaved	ascii	core-native	encode	no-unknown	20	105.1	97.9	109.0	0.105	101.5	107.1
codec-nounk-U	U-root-interleaved	U-root-interleaved	ascii	core-ffi	encode	no-unknown	20	190.6	177.5	197.2	0.103	186.8	191.9
codec-nounk-U	U-root-u-fixed32	U-root-u-fixed32	ascii	incumbent-prod	decode	default	20	612.5	599.2	639.0	0.065	608.1	621.1
codec-nounk-U	U-root-u-fixed32	U-root-u-fixed32	ascii	armonik	decode	default	20	633.3	611.2	651.3	0.063	624.5	640.6
codec-nounk-U	U-root-u-fixed32	U-root-u-fixed32	ascii	core-native	decode	no-unknown	20	485.6	467.6	491.7	0.050	481.3	487.4
codec-nounk-U	U-root-u-fixed32	U-root-u-fixed32	ascii	core-ffi	decode	no-unknown	20	724.8	714.0	750.6	0.051	718.8	735.0
codec-nounk-U	U-root-u-fixed32	U-root-u-fixed32	ascii	core-ffi-pull	decode	no-unknown	20	739.9	719.6	763.5	0.059	729.5	748.6
codec-nounk-U	U-element-u-fixed64	U-element-u-fixed64	ascii	incumbent-prod	encode	default	20	1234.3	1203.9	1282.2	0.063	1224.6	1244.3
codec-nounk-U	U-element-u-fixed64	U-element-u-fixed64	ascii	armonik	encode	default	20	1240.3	1214.3	1283.7	0.056	1231.2	1250.1
codec-nounk-U	U-element-u-fixed64	U-element-u-fixed64	ascii	core-native	encode	no-unknown	20	253.3	246.9	260.7	0.054	251.8	255.4
codec-nounk-U	U-element-u-fixed64	U-element-u-fixed64	ascii	core-ffi	encode	no-unknown	20	542.4	527.7	555.4	0.051	539.1	549.4
codec-nounk-U	U-element-u-varint	U-element-u-varint	ascii	incumbent-prod	decode-read	default	20	2168.4	2101.2	2336.2	0.108	2143.4	2188.9
codec-nounk-U	U-element-u-varint	U-element-u-varint	ascii	armonik	decode-read	default	20	2147.8	2102.9	2385.8	0.132	2127.5	2173.2
codec-nounk-U	U-element-u-varint	U-element-u-varint	ascii	core-native	decode-read	no-unknown	20	1684.7	1664.4	1939.9	0.164	1681.0	1711.9
codec-nounk-U	U-element-u-varint	U-element-u-varint	ascii	core-ffi	decode-read	no-unknown	20	2480.9	2441.6	2895.8	0.183	2461.9	2535.4
codec-nounk-U	U-element-u-varint	U-element-u-varint	ascii	core-ffi-pull	decode-read	no-unknown	20	2512.4	2457.4	2670.3	0.085	2489.4	2564.2
codec-nounk-U	U-element-u-msg	U-element-u-msg	ascii	incumbent-prod	decode	default	20	1674.2	1584.0	2112.6	0.316	1650.4	1708.6
codec-nounk-U	U-element-u-msg	U-element-u-msg	ascii	armonik	decode	default	20	1663.8	1570.4	2550.9	0.589	1615.3	1697.6
codec-nounk-U	U-element-u-msg	U-element-u-msg	ascii	core-native	decode	no-unknown	20	1298.1	1214.0	1604.4	0.301	1262.4	1327.2
codec-nounk-U	U-element-u-msg	U-element-u-msg	ascii	core-ffi	decode	no-unknown	20	1974.9	1832.4	2561.2	0.369	1900.6	2077.6
codec-nounk-U	U-element-u-msg	U-element-u-msg	ascii	core-ffi-pull	decode	no-unknown	20	1970.1	1840.8	2506.1	0.338	1924.2	2027.7
codec-nounk-U	U-oneof-u-packed	U-oneof-u-packed	ascii	incumbent-prod	decode	default	20	100.6	98.3	109.0	0.107	100.0	101.9
codec-nounk-U	U-oneof-u-packed	U-oneof-u-packed	ascii	armonik	decode	default	20	104.2	101.9	117.8	0.153	103.3	105.0
codec-nounk-U	U-oneof-u-packed	U-oneof-u-packed	ascii	core-native	decode	no-unknown	20	69.6	68.5	71.7	0.046	69.2	70.4
codec-nounk-U	U-oneof-u-packed	U-oneof-u-packed	ascii	core-ffi	decode	no-unknown	20	114.3	112.1	131.8	0.172	113.5	115.4
codec-nounk-U	U-oneof-u-packed	U-oneof-u-packed	ascii	core-ffi-pull	decode	no-unknown	20	120.6	119.4	125.1	0.048	120.1	122.1
codec-nounk-U	U-root-u-packed	U-root-u-packed	ascii	incumbent-prod	decode-read	default	20	496.8	484.3	608.1	0.249	489.9	507.4
codec-nounk-U	U-root-u-packed	U-root-u-packed	ascii	armonik	decode-read	default	20	521.1	506.3	646.2	0.269	514.9	536.0
codec-nounk-U	U-root-u-packed	U-root-u-packed	ascii	core-native	decode-read	no-unknown	20	403.0	396.4	494.7	0.244	401.2	408.9
codec-nounk-U	U-root-u-packed	U-root-u-packed	ascii	core-ffi	decode-read	no-unknown	20	591.3	578.4	711.7	0.226	584.3	599.0
codec-nounk-U	U-root-u-packed	U-root-u-packed	ascii	core-ffi-pull	decode-read	no-unknown	20	598.7	591.4	717.6	0.211	595.4	607.4
codec-nounk-U	U-leaf-u-len	U-leaf-u-len	ascii	incumbent-prod	encode	default	20	250.0	231.5	304.1	0.290	248.1	253.5
codec-nounk-U	U-leaf-u-len	U-leaf-u-len	ascii	armonik	encode	default	20	260.2	247.0	266.7	0.076	257.4	263.5
codec-nounk-U	U-leaf-u-len	U-leaf-u-len	ascii	core-native	encode	no-unknown	20	50.7	48.6	62.6	0.276	50.1	51.5
codec-nounk-U	U-leaf-u-len	U-leaf-u-len	ascii	core-ffi	encode	no-unknown	20	99.5	95.1	117.5	0.225	97.4	102.9
codec-nounk-U	U-wire-ListResultsResponse-page-as-wt1	U-wire-ListResultsResponse-page-as-wt1	ascii	core-native	encode	no-unknown	20	106.7	102.2	112.0	0.092	105.7	108.8
codec-nounk-U	U-wire-ListResultsResponse-page-as-wt1	U-wire-ListResultsResponse-page-as-wt1	ascii	core-ffi	encode	no-unknown	20	196.6	189.5	226.2	0.187	194.9	200.0
codec-nounk-U	U-root-all	U-root-all	ascii	incumbent-prod	decode	default	20	717.8	681.1	845.2	0.229	701.4	730.6
codec-nounk-U	U-root-all	U-root-all	ascii	armonik	decode	default	20	733.5	708.5	864.4	0.213	722.8	745.4
codec-nounk-U	U-root-all	U-root-all	ascii	core-native	decode	no-unknown	20	529.4	520.3	712.5	0.363	525.1	534.1
codec-nounk-U	U-root-all	U-root-all	ascii	core-ffi	decode	no-unknown	20	780.1	763.2	1043.5	0.359	769.8	785.4
codec-nounk-U	U-root-all	U-root-all	ascii	core-ffi-pull	decode	no-unknown	20	793.6	770.9	1050.6	0.353	787.2	803.2
codec-nounk-U	U-enum-value-packed	U-enum-value-packed	ascii	incumbent-prod	encode	default	20	98.1	93.7	120.2	0.270	96.3	100.1
codec-nounk-U	U-enum-value-packed	U-enum-value-packed	ascii	armonik	encode	default	20	146.4	136.6	188.1	0.352	144.9	148.4
codec-nounk-U	U-enum-value-packed	U-enum-value-packed	ascii	core-native	encode	no-unknown	20	25.2	23.8	32.8	0.356	24.8	26.0
codec-nounk-U	U-enum-value-packed	U-enum-value-packed	ascii	core-ffi	encode	no-unknown	20	73.5	72.0	89.4	0.238	72.9	75.8
codec-nounk-U	U-nested-u-fixed64	U-nested-u-fixed64	ascii	incumbent-prod	decode-read	default	20	302.5	294.8	316.7	0.072	300.0	305.6
codec-nounk-U	U-nested-u-fixed64	U-nested-u-fixed64	ascii	armonik	decode-read	default	20	311.2	303.9	330.1	0.084	308.1	317.1
codec-nounk-U	U-nested-u-fixed64	U-nested-u-fixed64	ascii	core-native	decode-read	no-unknown	20	269.3	250.4	278.5	0.105	252.9	272.4
codec-nounk-U	U-nested-u-fixed64	U-nested-u-fixed64	ascii	core-ffi	decode-read	no-unknown	20	376.6	358.8	392.8	0.090	373.7	380.7
codec-nounk-U	U-nested-u-fixed64	U-nested-u-fixed64	ascii	core-ffi-pull	decode-read	no-unknown	20	380.5	371.2	394.6	0.061	378.4	385.0
codec-nounk-U	U-wire-ListTaskSummaryResponse-tasks-as-wt5	U-wire-ListTaskSummaryResponse-tasks-as-wt5	ascii	core-native	encode	no-unknown	20	231.0	226.0	244.1	0.079	229.4	234.9
codec-nounk-U	U-wire-ListTaskSummaryResponse-tasks-as-wt5	U-wire-ListTaskSummaryResponse-tasks-as-wt5	ascii	core-ffi	encode	no-unknown	20	506.2	483.4	521.5	0.075	494.2	513.0
codec-nounk-U	U-enum-value-127	U-enum-value-127	ascii	incumbent-prod	decode-read	default	20	77.7	76.2	87.5	0.146	77.3	78.5
codec-nounk-U	U-enum-value-127	U-enum-value-127	ascii	armonik	decode-read	default	20	104.7	102.3	124.8	0.215	103.7	106.5
codec-nounk-U	U-enum-value-127	U-enum-value-127	ascii	core-native	decode-read	no-unknown	20	95.3	93.9	144.7	0.534	94.6	97.1
codec-nounk-U	U-enum-value-127	U-enum-value-127	ascii	core-ffi	decode-read	no-unknown	20	116.5	113.9	174.7	0.522	115.8	118.8
codec-nounk-U	U-enum-value-127	U-enum-value-127	ascii	core-ffi-pull	decode-read	no-unknown	20	121.9	119.4	128.5	0.075	121.4	122.8
codec-nounk-U	U-wire-UploadResultDataMessage-upload-as-wt5	U-wire-UploadResultDataMessage-upload-as-wt5	ascii	core-native	decode-read	no-unknown	20	93.2	91.4	102.1	0.115	92.5	94.6
codec-nounk-U	U-wire-UploadResultDataMessage-upload-as-wt5	U-wire-UploadResultDataMessage-upload-as-wt5	ascii	core-ffi	decode-read	no-unknown	20	153.8	149.5	161.5	0.078	152.6	155.4
codec-nounk-U	U-wire-UploadResultDataMessage-upload-as-wt5	U-wire-UploadResultDataMessage-upload-as-wt5	ascii	core-ffi-pull	decode-read	no-unknown	20	153.9	150.4	185.1	0.226	151.5	155.7
codec-nounk-U	U-leaf-u-packed	U-leaf-u-packed	ascii	incumbent-prod	decode	default	20	308.3	301.2	558.4	0.834	305.3	314.8
codec-nounk-U	U-leaf-u-packed	U-leaf-u-packed	ascii	armonik	decode	default	20	320.0	309.0	593.2	0.888	314.6	325.8
codec-nounk-U	U-leaf-u-packed	U-leaf-u-packed	ascii	core-native	decode	no-unknown	20	245.4	241.5	284.4	0.175	244.5	252.1
codec-nounk-U	U-leaf-u-packed	U-leaf-u-packed	ascii	core-ffi	decode	no-unknown	20	370.0	361.9	568.1	0.557	366.1	377.5
codec-nounk-U	U-leaf-u-packed	U-leaf-u-packed	ascii	core-ffi-pull	decode	no-unknown	20	380.4	366.6	493.1	0.332	371.5	389.5
codec-nounk-U	U-deep-u-fixed64	U-deep-u-fixed64	ascii	incumbent-prod	decode	default	20	2116.4	2057.1	2279.4	0.105	2085.5	2134.8
codec-nounk-U	U-deep-u-fixed64	U-deep-u-fixed64	ascii	armonik	decode	default	20	2043.8	1722.8	2220.0	0.243	1765.9	2101.6
codec-nounk-U	U-deep-u-fixed64	U-deep-u-fixed64	ascii	core-native	decode	no-unknown	20	1583.2	1319.1	1732.2	0.261	1353.6	1638.7
codec-nounk-U	U-deep-u-fixed64	U-deep-u-fixed64	ascii	core-ffi	decode	no-unknown	20	2402.2	2341.8	2584.7	0.101	2374.3	2461.6
codec-nounk-U	U-deep-u-fixed64	U-deep-u-fixed64	ascii	core-ffi-pull	decode	no-unknown	20	2385.5	2311.4	2703.1	0.164	2353.3	2441.5
codec-nounk-U	U-nested-interleaved	U-nested-interleaved	ascii	incumbent-prod	encode	default	20	245.1	239.4	350.0	0.451	242.7	250.7
codec-nounk-U	U-nested-interleaved	U-nested-interleaved	ascii	armonik	encode	default	20	260.7	252.0	371.8	0.460	256.4	264.9
codec-nounk-U	U-nested-interleaved	U-nested-interleaved	ascii	core-native	encode	no-unknown	20	50.6	49.1	101.5	1.037	49.7	51.7
codec-nounk-U	U-nested-interleaved	U-nested-interleaved	ascii	core-ffi	encode	no-unknown	20	99.6	96.8	144.0	0.474	98.5	102.7
codec-nounk-U	U-deep-u-len	U-deep-u-len	ascii	incumbent-prod	decode	default	20	2005.5	1978.2	2956.5	0.488	1993.9	2055.2
codec-nounk-U	U-deep-u-len	U-deep-u-len	ascii	armonik	decode	default	20	1981.6	1946.7	2972.7	0.518	1965.1	1997.4
codec-nounk-U	U-deep-u-len	U-deep-u-len	ascii	core-native	decode	no-unknown	20	1560.2	1519.6	2585.5	0.683	1538.6	1577.9
codec-nounk-U	U-deep-u-len	U-deep-u-len	ascii	core-ffi	decode	no-unknown	20	2328.6	2283.3	2403.2	0.052	2319.4	2340.6
codec-nounk-U	U-deep-u-len	U-deep-u-len	ascii	core-ffi-pull	decode	no-unknown	20	2349.7	2302.9	2438.8	0.058	2339.5	2377.2
codec-nounk-U	U-deep-u-len	U-deep-u-len	ascii	incumbent-prod	decode-read	default	20	2129.4	2082.7	2258.3	0.082	2102.5	2152.8
codec-nounk-U	U-deep-u-len	U-deep-u-len	ascii	armonik	decode-read	default	20	2099.8	2048.7	2875.2	0.394	2079.3	2124.4
codec-nounk-U	U-deep-u-len	U-deep-u-len	ascii	core-native	decode-read	no-unknown	20	1670.1	1634.1	2491.5	0.513	1658.9	1701.3
codec-nounk-U	U-deep-u-len	U-deep-u-len	ascii	core-ffi	decode-read	no-unknown	20	2486.0	2413.9	4107.7	0.681	2459.0	2521.6
codec-nounk-U	U-deep-u-len	U-deep-u-len	ascii	core-ffi-pull	decode-read	no-unknown	20	2489.2	2432.6	4573.0	0.860	2472.9	2599.0
codec-nounk-U	U-wire-ListResultsResponse-page-as-wt2	U-wire-ListResultsResponse-page-as-wt2	ascii	core-native	decode	no-unknown	20	505.6	494.4	843.2	0.690	500.0	514.6
codec-nounk-U	U-wire-ListResultsResponse-page-as-wt2	U-wire-ListResultsResponse-page-as-wt2	ascii	core-ffi	decode	no-unknown	20	740.2	722.2	773.0	0.069	736.9	744.4
codec-nounk-U	U-wire-ListResultsResponse-page-as-wt2	U-wire-ListResultsResponse-page-as-wt2	ascii	core-ffi-pull	decode	no-unknown	20	761.8	733.6	1242.1	0.667	754.1	767.3
codec-nounk-U	U-nested-interleaved	U-nested-interleaved	ascii	incumbent-prod	decode	default	20	376.4	363.5	575.1	0.562	372.9	393.1
codec-nounk-U	U-nested-interleaved	U-nested-interleaved	ascii	armonik	decode	default	20	393.8	375.2	568.6	0.491	381.8	400.6
codec-nounk-U	U-nested-interleaved	U-nested-interleaved	ascii	core-native	decode	no-unknown	20	274.9	266.0	386.1	0.437	271.4	280.5
codec-nounk-U	U-nested-interleaved	U-nested-interleaved	ascii	core-ffi	decode	no-unknown	20	401.7	389.5	913.5	1.305	399.7	406.6
codec-nounk-U	U-nested-interleaved	U-nested-interleaved	ascii	core-ffi-pull	decode	no-unknown	20	405.5	397.2	810.8	1.020	398.5	414.8
codec-nounk-U	U-root-u-repeated	U-root-u-repeated	ascii	incumbent-prod	decode	default	20	643.7	612.9	705.5	0.144	633.0	654.6
codec-nounk-U	U-root-u-repeated	U-root-u-repeated	ascii	armonik	decode	default	20	700.2	661.8	806.4	0.207	677.7	715.9
codec-nounk-U	U-root-u-repeated	U-root-u-repeated	ascii	core-native	decode	no-unknown	20	531.0	515.5	561.9	0.087	522.9	541.9
codec-nounk-U	U-root-u-repeated	U-root-u-repeated	ascii	core-ffi	decode	no-unknown	20	775.6	743.4	824.7	0.105	764.3	798.1
codec-nounk-U	U-root-u-repeated	U-root-u-repeated	ascii	core-ffi-pull	decode	no-unknown	20	791.1	767.1	850.3	0.105	780.8	803.4
codec-nounk-U	U-leaf-u-fixed64	U-leaf-u-fixed64	ascii	incumbent-prod	encode	default	20	245.7	241.9	266.1	0.098	244.5	253.9
codec-nounk-U	U-leaf-u-fixed64	U-leaf-u-fixed64	ascii	armonik	encode	default	20	259.0	252.7	277.8	0.097	257.4	262.2
codec-nounk-U	U-leaf-u-fixed64	U-leaf-u-fixed64	ascii	core-native	encode	no-unknown	20	51.2	48.8	57.3	0.166	50.1	52.1
codec-nounk-U	U-leaf-u-fixed64	U-leaf-u-fixed64	ascii	core-ffi	encode	no-unknown	20	102.4	93.9	110.7	0.164	100.9	106.6
codec-nounk-U	U-oneof-u-fixed32	U-oneof-u-fixed32	ascii	incumbent-prod	decode	default	20	128.1	123.6	215.3	0.716	126.0	130.2
codec-nounk-U	U-oneof-u-fixed32	U-oneof-u-fixed32	ascii	armonik	decode	default	20	131.3	127.8	142.0	0.108	129.9	132.3
codec-nounk-U	U-oneof-u-fixed32	U-oneof-u-fixed32	ascii	core-native	decode	no-unknown	20	88.2	86.3	92.7	0.073	87.7	88.5
codec-nounk-U	U-oneof-u-fixed32	U-oneof-u-fixed32	ascii	core-ffi	decode	no-unknown	20	145.8	142.9	151.7	0.060	145.0	146.7
codec-nounk-U	U-oneof-u-fixed32	U-oneof-u-fixed32	ascii	core-ffi-pull	decode	no-unknown	20	154.2	151.2	168.0	0.109	153.1	155.4
codec-nounk-U	U-deep-u-fixed64	U-deep-u-fixed64	ascii	incumbent-prod	encode	default	20	1240.2	1222.3	1296.6	0.060	1234.2	1266.4
codec-nounk-U	U-deep-u-fixed64	U-deep-u-fixed64	ascii	armonik	encode	default	20	1245.1	1228.5	1744.7	0.415	1235.9	1262.8
codec-nounk-U	U-deep-u-fixed64	U-deep-u-fixed64	ascii	core-native	encode	no-unknown	20	257.6	252.5	274.7	0.086	255.2	261.2
codec-nounk-U	U-deep-u-fixed64	U-deep-u-fixed64	ascii	core-ffi	encode	no-unknown	20	544.2	534.7	1072.4	0.988	539.4	551.3
codec-nounk-U	U-leaf-all	U-leaf-all	ascii	incumbent-prod	decode	default	20	479.8	470.7	492.2	0.045	476.3	486.8
codec-nounk-U	U-leaf-all	U-leaf-all	ascii	armonik	decode	default	20	493.2	481.1	809.5	0.666	486.6	507.9
codec-nounk-U	U-leaf-all	U-leaf-all	ascii	core-native	decode	no-unknown	20	309.6	299.4	565.0	0.858	304.0	313.0
codec-nounk-U	U-leaf-all	U-leaf-all	ascii	core-ffi	decode	no-unknown	20	425.1	407.2	500.6	0.220	421.8	429.4
codec-nounk-U	U-leaf-all	U-leaf-all	ascii	core-ffi-pull	decode	no-unknown	20	432.3	424.0	451.9	0.065	429.8	435.9
codec-nounk-U	U-leaf-u-varint	U-leaf-u-varint	ascii	incumbent-prod	decode	default	20	315.3	306.8	335.7	0.092	311.6	318.4
codec-nounk-U	U-leaf-u-varint	U-leaf-u-varint	ascii	armonik	decode	default	20	326.6	308.0	463.4	0.476	321.3	330.0
codec-nounk-U	U-leaf-u-varint	U-leaf-u-varint	ascii	core-native	decode	no-unknown	20	248.7	244.3	454.8	0.846	248.0	251.9
codec-nounk-U	U-leaf-u-varint	U-leaf-u-varint	ascii	core-ffi	decode	no-unknown	20	370.6	358.2	381.2	0.062	364.4	373.4
codec-nounk-U	U-leaf-u-varint	U-leaf-u-varint	ascii	core-ffi-pull	decode	no-unknown	20	376.7	367.2	396.6	0.078	371.1	379.1
codec-nounk-U	U-deep-u-packed	U-deep-u-packed	ascii	incumbent-prod	decode-read	default	20	2141.3	2080.5	3877.0	0.839	2112.9	2155.5
codec-nounk-U	U-deep-u-packed	U-deep-u-packed	ascii	armonik	decode-read	default	20	2110.8	2043.3	2998.5	0.453	2070.9	2129.1
codec-nounk-U	U-deep-u-packed	U-deep-u-packed	ascii	core-native	decode-read	no-unknown	20	1662.1	1630.5	3091.6	0.879	1646.1	1689.1
codec-nounk-U	U-deep-u-packed	U-deep-u-packed	ascii	core-ffi	decode-read	no-unknown	20	2494.4	2396.5	5104.4	1.086	2455.6	2529.6
codec-nounk-U	U-deep-u-packed	U-deep-u-packed	ascii	core-ffi-pull	decode-read	no-unknown	20	2517.4	2427.1	2707.6	0.111	2477.6	2545.1
codec-nounk-U	U-deep-u-varint	U-deep-u-varint	ascii	incumbent-prod	decode-read	default	20	2148.2	2088.6	2253.9	0.077	2133.8	2165.2
codec-nounk-U	U-deep-u-varint	U-deep-u-varint	ascii	armonik	decode-read	default	20	2137.8	2076.7	2215.2	0.065	2104.9	2166.3
codec-nounk-U	U-deep-u-varint	U-deep-u-varint	ascii	core-native	decode-read	no-unknown	20	1669.5	1639.6	1755.0	0.069	1663.2	1685.8
codec-nounk-U	U-deep-u-varint	U-deep-u-varint	ascii	core-ffi	decode-read	no-unknown	20	2485.6	2413.6	2574.6	0.065	2453.0	2517.1
codec-nounk-U	U-deep-u-varint	U-deep-u-varint	ascii	core-ffi-pull	decode-read	no-unknown	20	2528.1	2458.5	2805.0	0.137	2492.1	2549.1
codec-nounk-U	U-wire-ListMetricsResponse-batches-as-wt0	U-wire-ListMetricsResponse-batches-as-wt0	ascii	core-native	decode	no-unknown	20	1754.7	1675.1	2718.9	0.595	1723.2	1871.8
codec-nounk-U	U-wire-ListMetricsResponse-batches-as-wt0	U-wire-ListMetricsResponse-batches-as-wt0	ascii	core-ffi	decode	no-unknown	20	1601.4	1521.9	2410.6	0.555	1568.5	1638.4
codec-nounk-U	U-wire-ListMetricsResponse-batches-as-wt0	U-wire-ListMetricsResponse-batches-as-wt0	ascii	core-ffi-pull	decode	no-unknown	20	1414.6	1321.8	1862.3	0.382	1374.5	1464.7
codec-nounk-U	U-leaf-u-msg	U-leaf-u-msg	ascii	incumbent-prod	decode	default	20	309.2	301.8	318.2	0.053	306.7	311.9
codec-nounk-U	U-leaf-u-msg	U-leaf-u-msg	ascii	armonik	decode	default	20	319.0	309.2	337.7	0.089	315.8	320.6
codec-nounk-U	U-leaf-u-msg	U-leaf-u-msg	ascii	core-native	decode	no-unknown	20	242.9	238.9	246.9	0.033	240.3	244.2
codec-nounk-U	U-leaf-u-msg	U-leaf-u-msg	ascii	core-ffi	decode	no-unknown	20	359.8	351.5	368.6	0.048	358.1	364.3
codec-nounk-U	U-leaf-u-msg	U-leaf-u-msg	ascii	core-ffi-pull	decode	no-unknown	20	365.7	357.5	371.0	0.037	363.6	368.7
codec-nounk-U	U-wire-DualResponse-left-as-wt5	U-wire-DualResponse-left-as-wt5	ascii	core-native	decode	no-unknown	20	168.1	166.3	215.1	0.291	167.4	170.1
codec-nounk-U	U-wire-DualResponse-left-as-wt5	U-wire-DualResponse-left-as-wt5	ascii	core-ffi	decode	no-unknown	20	247.5	243.0	299.4	0.228	245.9	250.9
codec-nounk-U	U-wire-DualResponse-left-as-wt5	U-wire-DualResponse-left-as-wt5	ascii	core-ffi-pull	decode	no-unknown	20	263.8	260.1	271.2	0.042	262.3	265.8
codec-nounk-U	U-deep-u-msg	U-deep-u-msg	ascii	incumbent-prod	decode	default	20	2094.0	2038.4	2961.6	0.441	2060.6	2147.5
codec-nounk-U	U-deep-u-msg	U-deep-u-msg	ascii	armonik	decode	default	20	2049.8	1996.0	2254.4	0.126	2032.3	2067.5
codec-nounk-U	U-deep-u-msg	U-deep-u-msg	ascii	core-native	decode	no-unknown	20	1612.9	1567.8	2163.7	0.369	1585.4	1676.5
codec-nounk-U	U-deep-u-msg	U-deep-u-msg	ascii	core-ffi	decode	no-unknown	20	2435.6	2338.0	2693.9	0.146	2402.4	2477.8
codec-nounk-U	U-deep-u-msg	U-deep-u-msg	ascii	core-ffi-pull	decode	no-unknown	20	2402.8	2351.8	3921.4	0.653	2384.0	2453.9
codec-nounk-U	U-wire-ListProbeResponse-probes-as-wt1	U-wire-ListProbeResponse-probes-as-wt1	ascii	core-native	decode	no-unknown	20	179.6	177.0	215.5	0.215	178.1	180.7
codec-nounk-U	U-wire-ListProbeResponse-probes-as-wt1	U-wire-ListProbeResponse-probes-as-wt1	ascii	core-ffi	decode	no-unknown	20	297.8	291.5	334.3	0.144	294.9	298.5
codec-nounk-U	U-wire-ListProbeResponse-probes-as-wt1	U-wire-ListProbeResponse-probes-as-wt1	ascii	core-ffi-pull	decode	no-unknown	20	303.7	299.7	329.5	0.098	301.7	306.7
codec-nounk-U	U-wire-ListTasksDetailedResponse-page-as-wt1	U-wire-ListTasksDetailedResponse-page-as-wt1	ascii	core-native	decode-read	no-unknown	20	3265.1	3215.1	3391.1	0.054	3252.1	3280.9
codec-nounk-U	U-wire-ListTasksDetailedResponse-page-as-wt1	U-wire-ListTasksDetailedResponse-page-as-wt1	ascii	core-ffi	decode-read	no-unknown	20	5278.4	5203.3	5439.7	0.045	5254.8	5313.3
codec-nounk-U	U-wire-ListTasksDetailedResponse-page-as-wt1	U-wire-ListTasksDetailedResponse-page-as-wt1	ascii	core-ffi-pull	decode-read	no-unknown	20	5312.7	5268.6	5520.5	0.047	5294.0	5351.6
codec-nounk-U	U-root-u-packed	U-root-u-packed	ascii	incumbent-prod	encode	default	20	567.1	551.3	589.3	0.067	559.1	571.0
codec-nounk-U	U-root-u-packed	U-root-u-packed	ascii	armonik	encode	default	20	585.3	571.0	609.1	0.065	583.1	593.5
codec-nounk-U	U-root-u-packed	U-root-u-packed	ascii	core-native	encode	no-unknown	20	109.4	107.0	111.4	0.040	108.9	110.2
codec-nounk-U	U-root-u-packed	U-root-u-packed	ascii	core-ffi	encode	no-unknown	20	193.1	186.3	198.7	0.064	190.2	193.8
codec-nounk-U	U-wire-DualResponse-left-as-wt5	U-wire-DualResponse-left-as-wt5	ascii	core-native	decode-read	no-unknown	20	182.0	177.1	192.6	0.085	180.4	184.7
codec-nounk-U	U-wire-DualResponse-left-as-wt5	U-wire-DualResponse-left-as-wt5	ascii	core-ffi	decode-read	no-unknown	20	264.5	256.5	291.1	0.131	260.9	268.0
codec-nounk-U	U-wire-DualResponse-left-as-wt5	U-wire-DualResponse-left-as-wt5	ascii	core-ffi-pull	decode-read	no-unknown	20	281.4	270.9	528.2	0.914	276.2	283.7
codec-nounk-U	U-deep-all	U-deep-all	ascii	incumbent-prod	encode	default	20	986.1	948.9	1366.1	0.423	964.0	1228.0
codec-nounk-U	U-deep-all	U-deep-all	ascii	armonik	encode	default	20	982.5	952.3	1316.0	0.370	976.3	1238.6
codec-nounk-U	U-deep-all	U-deep-all	ascii	core-native	encode	no-unknown	20	201.3	196.6	263.6	0.333	199.0	252.6
codec-nounk-U	U-deep-all	U-deep-all	ascii	core-ffi	encode	no-unknown	20	432.1	417.9	556.5	0.321	423.2	545.2
codec-nounk-U	U-wire-ListTasksDetailedResponse-page-as-wt2	U-wire-ListTasksDetailedResponse-page-as-wt2	ascii	core-native	encode	no-unknown	20	455.1	447.7	471.0	0.051	452.4	457.0
codec-nounk-U	U-wire-ListTasksDetailedResponse-page-as-wt2	U-wire-ListTasksDetailedResponse-page-as-wt2	ascii	core-ffi	encode	no-unknown	20	908.0	897.0	934.0	0.041	901.4	915.3
codec-nounk-U	U-wire-ListMetricsResponse-batches-as-wt1	U-wire-ListMetricsResponse-batches-as-wt1	ascii	core-native	decode	no-unknown	20	1275.1	1224.4	1683.6	0.360	1261.4	1297.6
codec-nounk-U	U-wire-ListMetricsResponse-batches-as-wt1	U-wire-ListMetricsResponse-batches-as-wt1	ascii	core-ffi	decode	no-unknown	20	1225.2	1180.1	1626.9	0.365	1207.4	1252.5
codec-nounk-U	U-wire-ListMetricsResponse-batches-as-wt1	U-wire-ListMetricsResponse-batches-as-wt1	ascii	core-ffi-pull	decode	no-unknown	20	1087.7	1043.9	1613.7	0.524	1059.5	1125.5
codec-nounk-U	U-nested-interleaved	U-nested-interleaved	ascii	incumbent-prod	decode-read	default	20	387.7	375.5	437.5	0.160	382.5	393.3
codec-nounk-U	U-nested-interleaved	U-nested-interleaved	ascii	armonik	decode-read	default	20	399.0	386.9	422.4	0.089	396.2	405.1
codec-nounk-U	U-nested-interleaved	U-nested-interleaved	ascii	core-native	decode-read	no-unknown	20	290.8	282.9	311.0	0.097	287.0	293.8
codec-nounk-U	U-nested-interleaved	U-nested-interleaved	ascii	core-ffi	decode-read	no-unknown	20	405.8	399.4	423.6	0.059	404.8	407.1
codec-nounk-U	U-nested-interleaved	U-nested-interleaved	ascii	core-ffi-pull	decode-read	no-unknown	20	415.0	407.2	444.7	0.090	412.0	420.1
codec-nounk-U	U-nested-u-fixed32	U-nested-u-fixed32	ascii	incumbent-prod	decode-read	default	20	309.4	297.0	355.9	0.191	303.3	314.3
codec-nounk-U	U-nested-u-fixed32	U-nested-u-fixed32	ascii	armonik	decode-read	default	20	317.7	310.4	362.1	0.163	314.1	324.2
codec-nounk-U	U-nested-u-fixed32	U-nested-u-fixed32	ascii	core-native	decode-read	no-unknown	20	261.1	255.5	275.7	0.077	259.4	265.4
codec-nounk-U	U-nested-u-fixed32	U-nested-u-fixed32	ascii	core-ffi	decode-read	no-unknown	20	381.5	369.0	400.6	0.083	374.7	386.3
codec-nounk-U	U-nested-u-fixed32	U-nested-u-fixed32	ascii	core-ffi-pull	decode-read	no-unknown	20	390.3	378.3	407.6	0.075	381.1	398.2
codec-nounk-U	U-wire-ListResultsResponse-results-as-wt5	U-wire-ListResultsResponse-results-as-wt5	ascii	core-native	decode-read	no-unknown	20	549.9	528.3	610.8	0.150	532.8	557.2
codec-nounk-U	U-wire-ListResultsResponse-results-as-wt5	U-wire-ListResultsResponse-results-as-wt5	ascii	core-ffi	decode-read	no-unknown	20	773.4	759.1	921.4	0.210	768.0	789.7
codec-nounk-U	U-wire-ListResultsResponse-results-as-wt5	U-wire-ListResultsResponse-results-as-wt5	ascii	core-ffi-pull	decode-read	no-unknown	20	798.2	766.9	987.2	0.276	772.4	825.1
codec-nounk-U	U-wire-ListTaskSummaryResponse-tasks-as-wt5	U-wire-ListTaskSummaryResponse-tasks-as-wt5	ascii	core-native	decode	no-unknown	20	1712.5	1666.5	2145.0	0.279	1698.8	1766.4
codec-nounk-U	U-wire-ListTaskSummaryResponse-tasks-as-wt5	U-wire-ListTaskSummaryResponse-tasks-as-wt5	ascii	core-ffi	decode	no-unknown	20	2316.1	2249.4	3176.3	0.400	2297.9	2373.1
codec-nounk-U	U-wire-ListTaskSummaryResponse-tasks-as-wt5	U-wire-ListTaskSummaryResponse-tasks-as-wt5	ascii	core-ffi-pull	decode	no-unknown	20	2322.2	2282.9	8848.4	2.827	2309.4	2412.2
codec-nounk-U	U-wire-UploadResultDataMessage-upload-as-wt0	U-wire-UploadResultDataMessage-upload-as-wt0	ascii	core-native	decode	no-unknown	20	77.4	70.3	105.9	0.460	73.0	93.0
codec-nounk-U	U-wire-UploadResultDataMessage-upload-as-wt0	U-wire-UploadResultDataMessage-upload-as-wt0	ascii	core-ffi	decode	no-unknown	20	129.0	115.8	167.5	0.401	122.6	152.0
codec-nounk-U	U-wire-UploadResultDataMessage-upload-as-wt0	U-wire-UploadResultDataMessage-upload-as-wt0	ascii	core-ffi-pull	decode	no-unknown	20	131.5	117.3	164.8	0.361	121.0	156.8
codec-nounk-U	U-oneof-u-fixed32	U-oneof-u-fixed32	ascii	incumbent-prod	decode-read	default	20	129.9	127.2	139.8	0.097	129.2	132.8
codec-nounk-U	U-oneof-u-fixed32	U-oneof-u-fixed32	ascii	armonik	decode-read	default	20	134.2	131.6	152.2	0.154	132.9	137.4
codec-nounk-U	U-oneof-u-fixed32	U-oneof-u-fixed32	ascii	core-native	decode-read	no-unknown	20	94.1	90.9	110.4	0.207	93.0	97.2
codec-nounk-U	U-oneof-u-fixed32	U-oneof-u-fixed32	ascii	core-ffi	decode-read	no-unknown	20	150.2	147.4	172.0	0.164	149.6	150.9
codec-nounk-U	U-oneof-u-fixed32	U-oneof-u-fixed32	ascii	core-ffi-pull	decode-read	no-unknown	20	159.2	156.1	169.0	0.081	158.1	163.3
codec-nounk-U	U-oneof-u-msg	U-oneof-u-msg	ascii	incumbent-prod	decode	default	20	129.1	124.6	139.7	0.117	127.8	130.6
codec-nounk-U	U-oneof-u-msg	U-oneof-u-msg	ascii	armonik	decode	default	20	131.7	127.6	139.4	0.090	130.6	133.1
codec-nounk-U	U-oneof-u-msg	U-oneof-u-msg	ascii	core-native	decode	no-unknown	20	89.0	86.9	91.7	0.054	87.9	89.4
codec-nounk-U	U-oneof-u-msg	U-oneof-u-msg	ascii	core-ffi	decode	no-unknown	20	146.8	144.1	154.7	0.073	145.1	149.6
codec-nounk-U	U-oneof-u-msg	U-oneof-u-msg	ascii	core-ffi-pull	decode	no-unknown	20	155.6	153.1	163.6	0.067	154.1	156.8
codec-nounk-U	U-oneof-u-repeated	U-oneof-u-repeated	ascii	incumbent-prod	encode	default	20	122.3	109.2	161.3	0.426	116.1	129.3
codec-nounk-U	U-oneof-u-repeated	U-oneof-u-repeated	ascii	armonik	encode	default	20	117.6	108.4	223.0	0.975	115.0	123.9
codec-nounk-U	U-oneof-u-repeated	U-oneof-u-repeated	ascii	core-native	encode	no-unknown	20	25.0	22.2	36.8	0.583	23.4	26.5
codec-nounk-U	U-oneof-u-repeated	U-oneof-u-repeated	ascii	core-ffi	encode	no-unknown	20	51.9	49.4	72.0	0.435	50.7	54.7
codec-nounk-U	U-deep-u-varint	U-deep-u-varint	ascii	incumbent-prod	encode	default	20	1269.4	1227.5	1343.5	0.091	1254.2	1288.2
codec-nounk-U	U-deep-u-varint	U-deep-u-varint	ascii	armonik	encode	default	20	1251.5	1212.1	1471.7	0.207	1235.9	1278.3
codec-nounk-U	U-deep-u-varint	U-deep-u-varint	ascii	core-native	encode	no-unknown	20	255.7	247.8	353.9	0.415	252.8	259.9
codec-nounk-U	U-deep-u-varint	U-deep-u-varint	ascii	core-ffi	encode	no-unknown	20	547.5	535.8	626.0	0.165	545.1	561.2
codec-nounk-U	U-nested-before	U-nested-before	ascii	incumbent-prod	decode	default	20	368.9	301.6	378.1	0.207	356.6	370.7
codec-nounk-U	U-nested-before	U-nested-before	ascii	armonik	decode	default	20	381.1	326.6	392.9	0.174	366.2	385.0
codec-nounk-U	U-nested-before	U-nested-before	ascii	core-native	decode	no-unknown	20	279.4	232.9	293.6	0.217	266.9	284.6
codec-nounk-U	U-nested-before	U-nested-before	ascii	core-ffi	decode	no-unknown	20	408.0	342.2	423.0	0.198	394.1	415.3
codec-nounk-U	U-nested-before	U-nested-before	ascii	core-ffi-pull	decode	no-unknown	20	418.1	342.6	426.6	0.201	400.3	422.6
codec-nounk-U	U-nested-u-fixed32	U-nested-u-fixed32	ascii	incumbent-prod	decode	default	20	235.8	224.1	298.1	0.314	231.0	288.5
codec-nounk-U	U-nested-u-fixed32	U-nested-u-fixed32	ascii	armonik	decode	default	20	244.1	231.7	310.3	0.322	237.1	300.0
codec-nounk-U	U-nested-u-fixed32	U-nested-u-fixed32	ascii	core-native	decode	no-unknown	20	196.8	187.4	245.3	0.294	190.4	239.5
codec-nounk-U	U-nested-u-fixed32	U-nested-u-fixed32	ascii	core-ffi	decode	no-unknown	20	287.4	276.5	379.5	0.358	283.4	360.0
codec-nounk-U	U-nested-u-fixed32	U-nested-u-fixed32	ascii	core-ffi-pull	decode	no-unknown	20	296.9	283.1	380.7	0.329	291.8	371.9
codec-nounk-U	U-oneof-u-len	U-oneof-u-len	ascii	incumbent-prod	decode-read	default	20	129.1	100.5	133.5	0.256	128.7	130.5
codec-nounk-U	U-oneof-u-len	U-oneof-u-len	ascii	armonik	decode-read	default	20	134.6	106.8	136.7	0.223	133.9	135.7
codec-nounk-U	U-oneof-u-len	U-oneof-u-len	ascii	core-native	decode-read	no-unknown	20	93.1	73.8	94.6	0.223	92.2	93.7
codec-nounk-U	U-oneof-u-len	U-oneof-u-len	ascii	core-ffi	decode-read	no-unknown	20	149.6	115.0	152.8	0.252	148.7	150.2
codec-nounk-U	U-oneof-u-len	U-oneof-u-len	ascii	core-ffi-pull	decode-read	no-unknown	20	158.9	153.7	163.1	0.059	158.3	160.5
codec-nounk-U	U-wire-ListTasksDetailedResponse-tasks-as-wt1	U-wire-ListTasksDetailedResponse-tasks-as-wt1	ascii	core-native	encode	no-unknown	20	564.0	557.8	583.6	0.046	561.3	568.6
codec-nounk-U	U-wire-ListTasksDetailedResponse-tasks-as-wt1	U-wire-ListTasksDetailedResponse-tasks-as-wt1	ascii	core-ffi	encode	no-unknown	20	1160.1	1137.1	1221.9	0.073	1151.4	1169.9
codec-nounk-U	U-wire-ListTasksDetailedResponse-tasks-as-wt1	U-wire-ListTasksDetailedResponse-tasks-as-wt1	ascii	core-native	decode	no-unknown	20	3457.9	3433.6	3541.8	0.031	3450.0	3475.8
codec-nounk-U	U-wire-ListTasksDetailedResponse-tasks-as-wt1	U-wire-ListTasksDetailedResponse-tasks-as-wt1	ascii	core-ffi	decode	no-unknown	20	5112.1	4999.8	5244.6	0.048	5080.5	5133.3
codec-nounk-U	U-wire-ListTasksDetailedResponse-tasks-as-wt1	U-wire-ListTasksDetailedResponse-tasks-as-wt1	ascii	core-ffi-pull	decode	no-unknown	20	5041.4	4913.2	5387.2	0.094	5010.7	5070.3
codec-nounk-U	U-deep-u-repeated	U-deep-u-repeated	ascii	incumbent-prod	decode-read	default	20	2168.4	2115.9	2601.8	0.224	2144.1	2191.3
codec-nounk-U	U-deep-u-repeated	U-deep-u-repeated	ascii	armonik	decode-read	default	20	2126.0	2085.5	2224.2	0.065	2111.5	2150.5
codec-nounk-U	U-deep-u-repeated	U-deep-u-repeated	ascii	core-native	decode-read	no-unknown	20	1682.0	1657.7	1731.6	0.044	1675.5	1696.8
codec-nounk-U	U-deep-u-repeated	U-deep-u-repeated	ascii	core-ffi	decode-read	no-unknown	20	2469.9	2437.2	2542.9	0.043	2451.1	2478.2
codec-nounk-U	U-deep-u-repeated	U-deep-u-repeated	ascii	core-ffi-pull	decode-read	no-unknown	20	2498.8	2463.8	2562.1	0.039	2479.9	2517.4
codec-nounk-U	U-oneof-u-fixed64	U-oneof-u-fixed64	ascii	incumbent-prod	decode	default	20	125.1	122.9	129.8	0.055	124.4	125.9
codec-nounk-U	U-oneof-u-fixed64	U-oneof-u-fixed64	ascii	armonik	decode	default	20	128.7	126.8	131.4	0.036	128.3	129.7
codec-nounk-U	U-oneof-u-fixed64	U-oneof-u-fixed64	ascii	core-native	decode	no-unknown	20	87.5	86.4	95.3	0.101	87.1	88.0
codec-nounk-U	U-oneof-u-fixed64	U-oneof-u-fixed64	ascii	core-ffi	decode	no-unknown	20	145.1	142.4	148.0	0.038	143.9	145.8
codec-nounk-U	U-oneof-u-fixed64	U-oneof-u-fixed64	ascii	core-ffi-pull	decode	no-unknown	20	152.7	151.1	155.0	0.025	152.0	153.9
codec-nounk-U	U-wire-DualResponse-left-as-wt0	U-wire-DualResponse-left-as-wt0	ascii	core-native	encode	no-unknown	20	40.1	38.7	41.9	0.078	39.4	40.5
codec-nounk-U	U-wire-DualResponse-left-as-wt0	U-wire-DualResponse-left-as-wt0	ascii	core-ffi	encode	no-unknown	20	87.4	85.7	89.8	0.047	86.7	88.2
codec-nounk-U	U-oneof-group	U-oneof-group	ascii	incumbent-prod	decode	default	20	162.6	159.0	168.2	0.056	161.4	163.9
codec-nounk-U	U-oneof-group	U-oneof-group	ascii	armonik	decode	default	20	166.2	162.5	197.3	0.209	165.1	167.7
codec-nounk-U	U-oneof-group	U-oneof-group	ascii	core-native	decode	no-unknown	20	106.8	105.0	110.5	0.052	105.9	107.5
codec-nounk-U	U-oneof-group	U-oneof-group	ascii	core-ffi	decode	no-unknown	20	161.5	160.2	167.2	0.043	161.0	162.5
codec-nounk-U	U-oneof-group	U-oneof-group	ascii	core-ffi-pull	decode	no-unknown	20	170.3	167.8	174.1	0.037	169.4	171.7
codec-nounk-U	U-root-max-tag	U-root-max-tag	ascii	incumbent-prod	decode-read	default	20	635.2	618.1	742.8	0.196	629.3	641.5
codec-nounk-U	U-root-max-tag	U-root-max-tag	ascii	armonik	decode-read	default	20	679.2	658.3	720.7	0.092	674.4	691.0
codec-nounk-U	U-root-max-tag	U-root-max-tag	ascii	core-native	decode-read	no-unknown	20	538.7	514.8	556.3	0.077	522.8	546.6
codec-nounk-U	U-root-max-tag	U-root-max-tag	ascii	core-ffi	decode-read	no-unknown	20	758.6	732.4	785.8	0.070	744.6	771.3
codec-nounk-U	U-root-max-tag	U-root-max-tag	ascii	core-ffi-pull	decode-read	no-unknown	20	773.1	746.3	805.7	0.077	753.3	782.1
codec-nounk-U	U-deep-u-varint	U-deep-u-varint	ascii	incumbent-prod	decode	default	20	2096.7	2040.1	2151.2	0.053	2087.0	2107.3
codec-nounk-U	U-deep-u-varint	U-deep-u-varint	ascii	armonik	decode	default	20	2038.7	2008.2	2087.4	0.039	2017.5	2051.4
codec-nounk-U	U-deep-u-varint	U-deep-u-varint	ascii	core-native	decode	no-unknown	20	1602.4	1569.7	1943.1	0.233	1589.3	1621.7
codec-nounk-U	U-deep-u-varint	U-deep-u-varint	ascii	core-ffi	decode	no-unknown	20	2389.4	2347.7	2556.4	0.087	2377.2	2402.6
codec-nounk-U	U-deep-u-varint	U-deep-u-varint	ascii	core-ffi-pull	decode	no-unknown	20	2435.3	2372.5	2520.5	0.061	2401.0	2444.2
codec-nounk-U	U-deep-u-fixed32	U-deep-u-fixed32	ascii	incumbent-prod	decode-read	default	20	2134.5	2089.4	2679.0	0.276	2115.3	2163.5
codec-nounk-U	U-deep-u-fixed32	U-deep-u-fixed32	ascii	armonik	decode-read	default	20	2094.0	2057.1	2558.6	0.239	2070.2	2109.6
codec-nounk-U	U-deep-u-fixed32	U-deep-u-fixed32	ascii	core-native	decode-read	no-unknown	20	1675.4	1646.9	2380.1	0.438	1659.3	1686.5
codec-nounk-U	U-deep-u-fixed32	U-deep-u-fixed32	ascii	core-ffi	decode-read	no-unknown	20	2476.2	2428.9	3786.1	0.548	2453.7	2515.4
codec-nounk-U	U-deep-u-fixed32	U-deep-u-fixed32	ascii	core-ffi-pull	decode-read	no-unknown	20	2507.8	2464.0	3724.6	0.503	2487.2	2525.2
codec-nounk-U	U-wire-UploadResultDataMessage-upload-as-wt1	U-wire-UploadResultDataMessage-upload-as-wt1	ascii	core-native	decode	no-unknown	20	90.5	89.1	93.4	0.048	90.2	90.9
codec-nounk-U	U-wire-UploadResultDataMessage-upload-as-wt1	U-wire-UploadResultDataMessage-upload-as-wt1	ascii	core-ffi	decode	no-unknown	20	147.3	145.0	149.9	0.034	145.6	148.3
codec-nounk-U	U-wire-UploadResultDataMessage-upload-as-wt1	U-wire-UploadResultDataMessage-upload-as-wt1	ascii	core-ffi-pull	decode	no-unknown	20	150.0	145.4	179.7	0.228	148.2	151.4
codec-nounk-U	U-root-all	U-root-all	ascii	incumbent-prod	encode	default	20	559.9	546.6	751.2	0.365	557.0	565.6
codec-nounk-U	U-root-all	U-root-all	ascii	armonik	encode	default	20	593.0	576.0	634.4	0.098	583.8	596.1
codec-nounk-U	U-root-all	U-root-all	ascii	core-native	encode	no-unknown	20	106.3	104.6	110.8	0.059	105.7	106.9
codec-nounk-U	U-root-all	U-root-all	ascii	core-ffi	encode	no-unknown	20	191.5	186.1	248.0	0.323	189.5	195.8
codec-nounk-U	U-oneof-before	U-oneof-before	ascii	incumbent-prod	encode	default	20	117.5	109.0	124.1	0.129	114.6	120.3
codec-nounk-U	U-oneof-before	U-oneof-before	ascii	armonik	encode	default	20	114.4	107.4	123.1	0.137	111.4	115.4
codec-nounk-U	U-oneof-before	U-oneof-before	ascii	core-native	encode	no-unknown	20	22.9	21.8	23.5	0.077	22.6	23.1
codec-nounk-U	U-oneof-before	U-oneof-before	ascii	core-ffi	encode	no-unknown	20	50.3	49.7	52.8	0.061	50.1	50.8
codec-nounk-U	U-nested-u-fixed32	U-nested-u-fixed32	ascii	incumbent-prod	encode	default	20	245.9	240.6	310.3	0.284	241.9	247.7
codec-nounk-U	U-nested-u-fixed32	U-nested-u-fixed32	ascii	armonik	encode	default	20	259.5	253.9	339.8	0.331	258.6	260.6
codec-nounk-U	U-nested-u-fixed32	U-nested-u-fixed32	ascii	core-native	encode	no-unknown	20	51.1	49.9	53.7	0.076	50.5	51.6
codec-nounk-U	U-nested-u-fixed32	U-nested-u-fixed32	ascii	core-ffi	encode	no-unknown	20	99.2	94.6	107.9	0.134	96.4	101.8
codec-nounk-U	U-wire-ListTaskSummaryResponse-tasks-as-wt0	U-wire-ListTaskSummaryResponse-tasks-as-wt0	ascii	core-native	encode	no-unknown	20	228.0	221.8	233.7	0.052	224.7	229.2
codec-nounk-U	U-wire-ListTaskSummaryResponse-tasks-as-wt0	U-wire-ListTaskSummaryResponse-tasks-as-wt0	ascii	core-ffi	encode	no-unknown	20	496.0	480.5	507.6	0.055	492.2	501.2
codec-nounk-U	U-element-u-packed	U-element-u-packed	ascii	incumbent-prod	decode	default	20	2040.8	2001.7	2086.1	0.041	2029.2	2060.1
codec-nounk-U	U-element-u-packed	U-element-u-packed	ascii	armonik	decode	default	20	1997.5	1949.6	2033.4	0.042	1982.6	2014.6
codec-nounk-U	U-element-u-packed	U-element-u-packed	ascii	core-native	decode	no-unknown	20	1561.6	1542.5	1708.8	0.106	1552.8	1565.7
codec-nounk-U	U-element-u-packed	U-element-u-packed	ascii	core-ffi	decode	no-unknown	20	2338.5	2305.4	2447.6	0.061	2327.1	2355.7
codec-nounk-U	U-element-u-packed	U-element-u-packed	ascii	core-ffi-pull	decode	no-unknown	20	2376.3	2324.4	2463.5	0.059	2368.9	2392.2
codec-nounk-U	U-root-u-len	U-root-u-len	ascii	incumbent-prod	decode-read	default	20	626.7	611.8	661.2	0.079	622.5	639.6
codec-nounk-U	U-root-u-len	U-root-u-len	ascii	armonik	decode-read	default	20	670.8	658.1	694.6	0.054	667.1	674.8
codec-nounk-U	U-root-u-len	U-root-u-len	ascii	core-native	decode-read	no-unknown	20	541.6	533.1	557.8	0.046	538.6	545.8
codec-nounk-U	U-root-u-len	U-root-u-len	ascii	core-ffi	decode-read	no-unknown	20	770.6	757.4	806.0	0.063	767.8	778.2
codec-nounk-U	U-root-u-len	U-root-u-len	ascii	core-ffi-pull	decode-read	no-unknown	20	781.8	770.0	814.0	0.056	776.6	783.7
codec-nounk-U	U-root-interleaved	U-root-interleaved	ascii	incumbent-prod	decode-read	default	20	726.3	717.2	742.2	0.034	721.2	731.2
codec-nounk-U	U-root-interleaved	U-root-interleaved	ascii	armonik	decode-read	default	20	761.9	738.7	1106.0	0.482	754.5	767.4
codec-nounk-U	U-root-interleaved	U-root-interleaved	ascii	core-native	decode-read	no-unknown	20	572.1	557.0	599.7	0.075	564.4	582.1
codec-nounk-U	U-root-interleaved	U-root-interleaved	ascii	core-ffi	decode-read	no-unknown	20	797.4	781.4	958.5	0.222	794.7	814.3
codec-nounk-U	U-root-interleaved	U-root-interleaved	ascii	core-ffi-pull	decode-read	no-unknown	20	811.6	799.1	835.0	0.044	804.6	815.8
codec-nounk-U	U-enum-value-999	U-enum-value-999	ascii	incumbent-prod	decode	default	20	73.5	71.9	77.7	0.079	72.8	74.1
codec-nounk-U	U-enum-value-999	U-enum-value-999	ascii	armonik	decode	default	20	108.4	106.4	110.1	0.034	107.9	108.8
codec-nounk-U	U-enum-value-999	U-enum-value-999	ascii	core-native	decode	no-unknown	20	94.0	92.8	107.3	0.154	93.5	94.7
codec-nounk-U	U-enum-value-999	U-enum-value-999	ascii	core-ffi	decode	no-unknown	20	116.9	115.3	140.1	0.213	115.6	117.9
codec-nounk-U	U-enum-value-999	U-enum-value-999	ascii	core-ffi-pull	decode	no-unknown	20	124.4	123.3	131.3	0.065	123.6	125.0
codec-nounk-U	U-element-all	U-element-all	ascii	incumbent-prod	encode	default	20	1234.7	1216.7	1281.5	0.052	1229.7	1242.5
codec-nounk-U	U-element-all	U-element-all	ascii	armonik	encode	default	20	1240.5	1210.4	1288.8	0.063	1232.9	1260.9
codec-nounk-U	U-element-all	U-element-all	ascii	core-native	encode	no-unknown	20	252.8	247.6	260.9	0.053	250.8	254.6
codec-nounk-U	U-element-all	U-element-all	ascii	core-ffi	encode	no-unknown	20	542.6	535.0	579.3	0.082	538.3	549.0
codec-nounk-U	U-oneof-u-repeated	U-oneof-u-repeated	ascii	incumbent-prod	decode-read	default	20	139.9	137.9	146.0	0.058	139.2	141.0
codec-nounk-U	U-oneof-u-repeated	U-oneof-u-repeated	ascii	armonik	decode-read	default	20	148.7	146.0	155.2	0.062	147.6	150.2
codec-nounk-U	U-oneof-u-repeated	U-oneof-u-repeated	ascii	core-native	decode-read	no-unknown	20	99.4	97.9	100.9	0.030	99.0	100.1
codec-nounk-U	U-oneof-u-repeated	U-oneof-u-repeated	ascii	core-ffi	decode-read	no-unknown	20	154.2	150.9	157.3	0.042	153.6	155.7
codec-nounk-U	U-oneof-u-repeated	U-oneof-u-repeated	ascii	core-ffi-pull	decode-read	no-unknown	20	164.4	161.5	166.5	0.031	163.5	165.1
codec-nounk-U	U-deep-u-msg	U-deep-u-msg	ascii	incumbent-prod	decode-read	default	20	2125.6	2078.7	2358.0	0.131	2108.6	2140.6
codec-nounk-U	U-deep-u-msg	U-deep-u-msg	ascii	armonik	decode-read	default	20	2101.6	2066.3	2163.2	0.046	2088.9	2111.4
codec-nounk-U	U-deep-u-msg	U-deep-u-msg	ascii	core-native	decode-read	no-unknown	20	1666.5	1649.6	1699.8	0.030	1658.2	1677.3
codec-nounk-U	U-deep-u-msg	U-deep-u-msg	ascii	core-ffi	decode-read	no-unknown	20	2451.9	2396.4	2538.8	0.058	2436.9	2480.2
codec-nounk-U	U-deep-u-msg	U-deep-u-msg	ascii	core-ffi-pull	decode-read	no-unknown	20	2476.3	2427.3	2572.1	0.058	2448.0	2495.1
codec-nounk-U	U-leaf-u-repeated	U-leaf-u-repeated	ascii	incumbent-prod	decode	default	20	326.6	324.1	349.8	0.079	325.3	327.3
codec-nounk-U	U-leaf-u-repeated	U-leaf-u-repeated	ascii	armonik	decode	default	20	334.6	324.2	416.0	0.274	330.6	337.9
codec-nounk-U	U-leaf-u-repeated	U-leaf-u-repeated	ascii	core-native	decode	no-unknown	20	256.8	253.0	262.9	0.039	255.8	258.5
codec-nounk-U	U-leaf-u-repeated	U-leaf-u-repeated	ascii	core-ffi	decode	no-unknown	20	370.9	366.1	387.0	0.056	369.4	375.2
codec-nounk-U	U-leaf-u-repeated	U-leaf-u-repeated	ascii	core-ffi-pull	decode	no-unknown	20	380.7	372.8	387.2	0.038	378.9	383.8
codec-nounk-U	U-element-u-fixed32	U-element-u-fixed32	ascii	incumbent-prod	encode	default	20	1234.7	1208.1	1268.4	0.049	1224.9	1240.2
codec-nounk-U	U-element-u-fixed32	U-element-u-fixed32	ascii	armonik	encode	default	20	1234.6	1208.9	1260.3	0.042	1222.8	1243.5
codec-nounk-U	U-element-u-fixed32	U-element-u-fixed32	ascii	core-native	encode	no-unknown	20	250.6	246.8	256.1	0.037	249.7	252.7
codec-nounk-U	U-element-u-fixed32	U-element-u-fixed32	ascii	core-ffi	encode	no-unknown	20	541.8	534.3	547.5	0.024	539.1	544.0
codec-nounk-U	U-element-u-fixed64	U-element-u-fixed64	ascii	incumbent-prod	decode	default	20	1834.2	1787.4	1866.1	0.043	1821.9	1840.7
codec-nounk-U	U-element-u-fixed64	U-element-u-fixed64	ascii	armonik	decode	default	20	1788.9	1745.2	1814.0	0.038	1785.6	1797.2
codec-nounk-U	U-element-u-fixed64	U-element-u-fixed64	ascii	core-native	decode	no-unknown	20	1384.5	1339.1	1403.6	0.047	1379.9	1388.6
codec-nounk-U	U-element-u-fixed64	U-element-u-fixed64	ascii	core-ffi	decode	no-unknown	20	2368.2	2314.3	2381.6	0.028	2347.5	2374.0
codec-nounk-U	U-element-u-fixed64	U-element-u-fixed64	ascii	core-ffi-pull	decode	no-unknown	20	2366.3	2335.6	2828.0	0.208	2352.2	2384.1
codec-nounk-U	U-wire-ListProbeResponse-probes-as-wt0	U-wire-ListProbeResponse-probes-as-wt0	ascii	core-native	encode	no-unknown	20	43.1	41.1	44.8	0.086	42.8	43.5
codec-nounk-U	U-wire-ListProbeResponse-probes-as-wt0	U-wire-ListProbeResponse-probes-as-wt0	ascii	core-ffi	encode	no-unknown	20	93.0	90.4	96.5	0.066	91.7	93.3
codec-nounk-U	U-leaf-u-repeated	U-leaf-u-repeated	ascii	incumbent-prod	encode	default	20	199.7	195.8	215.5	0.098	198.5	201.5
codec-nounk-U	U-leaf-u-repeated	U-leaf-u-repeated	ascii	armonik	encode	default	20	211.8	209.2	254.1	0.212	210.5	213.2
codec-nounk-U	U-leaf-u-repeated	U-leaf-u-repeated	ascii	core-native	encode	no-unknown	20	46.3	45.8	54.5	0.189	46.1	46.8
codec-nounk-U	U-leaf-u-repeated	U-leaf-u-repeated	ascii	core-ffi	encode	no-unknown	20	81.1	78.3	86.5	0.101	80.2	83.3
codec-nounk-U	U-wire-DualResponse-left-as-wt1	U-wire-DualResponse-left-as-wt1	ascii	core-native	decode	no-unknown	20	132.6	129.0	139.8	0.082	130.7	136.2
codec-nounk-U	U-wire-DualResponse-left-as-wt1	U-wire-DualResponse-left-as-wt1	ascii	core-ffi	decode	no-unknown	20	193.8	190.5	206.0	0.080	192.4	202.4
codec-nounk-U	U-wire-DualResponse-left-as-wt1	U-wire-DualResponse-left-as-wt1	ascii	core-ffi-pull	decode	no-unknown	20	208.1	204.2	218.4	0.068	206.6	216.2
codec-nounk-U	U-deep-u-len	U-deep-u-len	ascii	incumbent-prod	encode	default	20	970.9	946.2	1015.4	0.071	962.3	977.3
codec-nounk-U	U-deep-u-len	U-deep-u-len	ascii	armonik	encode	default	20	970.1	957.3	1002.3	0.046	966.3	978.5
codec-nounk-U	U-deep-u-len	U-deep-u-len	ascii	core-native	encode	no-unknown	20	198.1	193.1	203.4	0.052	196.3	199.3
codec-nounk-U	U-deep-u-len	U-deep-u-len	ascii	core-ffi	encode	no-unknown	20	422.4	415.5	428.5	0.031	420.4	424.5
codec-nounk-U	U-wire-ListMetricsResponse-batches-as-wt5	U-wire-ListMetricsResponse-batches-as-wt5	ascii	core-native	decode	no-unknown	20	1241.1	1212.3	1297.6	0.069	1233.3	1259.4
codec-nounk-U	U-wire-ListMetricsResponse-batches-as-wt5	U-wire-ListMetricsResponse-batches-as-wt5	ascii	core-ffi	decode	no-unknown	20	1215.8	1197.6	1248.3	0.042	1206.9	1223.5
codec-nounk-U	U-wire-ListMetricsResponse-batches-as-wt5	U-wire-ListMetricsResponse-batches-as-wt5	ascii	core-ffi-pull	decode	no-unknown	20	1065.0	1035.9	1117.7	0.077	1046.4	1079.2
codec-nounk-U	U-leaf-u-fixed64	U-leaf-u-fixed64	ascii	incumbent-prod	decode	default	20	249.9	234.6	285.5	0.204	245.6	276.0
codec-nounk-U	U-leaf-u-fixed64	U-leaf-u-fixed64	ascii	armonik	decode	default	20	258.5	240.6	291.9	0.198	250.4	281.5
codec-nounk-U	U-leaf-u-fixed64	U-leaf-u-fixed64	ascii	core-native	decode	no-unknown	20	207.7	189.5	241.8	0.252	198.0	225.2
codec-nounk-U	U-leaf-u-fixed64	U-leaf-u-fixed64	ascii	core-ffi	decode	no-unknown	20	311.6	282.2	352.6	0.226	296.2	335.5
codec-nounk-U	U-leaf-u-fixed64	U-leaf-u-fixed64	ascii	core-ffi-pull	decode	no-unknown	20	309.5	288.6	346.5	0.187	302.6	338.9
codec-nounk-U	U-deep-u-fixed32	U-deep-u-fixed32	ascii	incumbent-prod	encode	default	20	1094.0	1080.4	1153.9	0.067	1089.7	1101.0
codec-nounk-U	U-deep-u-fixed32	U-deep-u-fixed32	ascii	armonik	encode	default	20	1100.3	1083.4	1130.7	0.043	1095.6	1116.7
codec-nounk-U	U-deep-u-fixed32	U-deep-u-fixed32	ascii	core-native	encode	no-unknown	20	223.1	219.7	228.4	0.039	221.8	224.2
codec-nounk-U	U-deep-u-fixed32	U-deep-u-fixed32	ascii	core-ffi	encode	no-unknown	20	482.4	473.1	486.1	0.027	480.4	483.0
codec-nounk-U	U-deep-u-msg	U-deep-u-msg	ascii	incumbent-prod	encode	default	20	1022.5	955.7	1106.3	0.147	1010.7	1057.1
codec-nounk-U	U-deep-u-msg	U-deep-u-msg	ascii	armonik	encode	default	20	1035.8	971.2	1147.2	0.170	1027.0	1084.8
codec-nounk-U	U-deep-u-msg	U-deep-u-msg	ascii	core-native	encode	no-unknown	20	210.6	199.5	227.4	0.132	208.7	219.1
codec-nounk-U	U-deep-u-msg	U-deep-u-msg	ascii	core-ffi	encode	no-unknown	20	445.2	425.5	493.5	0.153	442.2	469.4
codec-nounk-U	U-wire-DualResponse-left-as-wt5	U-wire-DualResponse-left-as-wt5	ascii	core-native	encode	no-unknown	20	33.1	31.4	35.0	0.109	32.6	33.7
codec-nounk-U	U-wire-DualResponse-left-as-wt5	U-wire-DualResponse-left-as-wt5	ascii	core-ffi	encode	no-unknown	20	70.7	66.8	74.2	0.104	69.8	72.0
codec-nounk-U	U-nested-u-len	U-nested-u-len	ascii	incumbent-prod	encode	default	20	196.4	187.4	246.7	0.302	190.8	242.5
codec-nounk-U	U-nested-u-len	U-nested-u-len	ascii	armonik	encode	default	20	208.7	199.8	260.0	0.288	203.1	256.9
codec-nounk-U	U-nested-u-len	U-nested-u-len	ascii	core-native	encode	no-unknown	20	41.3	39.0	53.5	0.352	40.5	50.0
codec-nounk-U	U-nested-u-len	U-nested-u-len	ascii	core-ffi	encode	no-unknown	20	81.0	75.4	105.6	0.373	77.2	99.5
codec-nounk-U	U-nested-u-len	U-nested-u-len	ascii	incumbent-prod	decode-read	default	20	286.1	279.2	320.7	0.145	284.2	293.1
codec-nounk-U	U-nested-u-len	U-nested-u-len	ascii	armonik	decode-read	default	20	294.3	281.8	319.4	0.128	287.5	308.7
codec-nounk-U	U-nested-u-len	U-nested-u-len	ascii	core-native	decode-read	no-unknown	20	242.8	229.7	277.6	0.197	234.1	249.5
codec-nounk-U	U-nested-u-len	U-nested-u-len	ascii	core-ffi	decode-read	no-unknown	20	344.1	335.0	376.2	0.120	338.4	360.5
codec-nounk-U	U-nested-u-len	U-nested-u-len	ascii	core-ffi-pull	decode-read	no-unknown	20	356.8	342.3	391.1	0.137	349.0	365.6
codec-nounk-U	U-wire-ListTaskSummaryResponse-tasks-as-wt5	U-wire-ListTaskSummaryResponse-tasks-as-wt5	ascii	core-native	decode-read	no-unknown	20	1808.1	1782.6	2005.0	0.123	1795.0	1819.7
codec-nounk-U	U-wire-ListTaskSummaryResponse-tasks-as-wt5	U-wire-ListTaskSummaryResponse-tasks-as-wt5	ascii	core-ffi	decode-read	no-unknown	20	2414.0	2346.8	2460.3	0.047	2385.3	2428.9
codec-nounk-U	U-wire-ListTaskSummaryResponse-tasks-as-wt5	U-wire-ListTaskSummaryResponse-tasks-as-wt5	ascii	core-ffi-pull	decode-read	no-unknown	20	2394.7	2351.4	2514.3	0.068	2384.1	2413.9
codec-nounk-U	U-root-interleaved	U-root-interleaved	ascii	incumbent-prod	decode	default	20	705.8	688.3	727.4	0.055	700.4	709.6
codec-nounk-U	U-root-interleaved	U-root-interleaved	ascii	armonik	decode	default	20	735.7	719.5	754.5	0.048	722.5	739.8
codec-nounk-U	U-root-interleaved	U-root-interleaved	ascii	core-native	decode	no-unknown	20	539.5	531.6	554.0	0.041	535.6	548.7
codec-nounk-U	U-root-interleaved	U-root-interleaved	ascii	core-ffi	decode	no-unknown	20	764.8	756.0	780.4	0.032	762.3	768.4
codec-nounk-U	U-root-interleaved	U-root-interleaved	ascii	core-ffi-pull	decode	no-unknown	20	779.6	765.2	821.4	0.072	770.4	786.7
codec-nounk-U	U-wire-ListTaskSummaryResponse-tasks-as-wt0	U-wire-ListTaskSummaryResponse-tasks-as-wt0	ascii	core-native	decode	no-unknown	20	1332.6	1326.7	1428.2	0.076	1329.7	1367.5
codec-nounk-U	U-wire-ListTaskSummaryResponse-tasks-as-wt0	U-wire-ListTaskSummaryResponse-tasks-as-wt0	ascii	core-ffi	decode	no-unknown	20	1809.0	1776.2	1928.8	0.084	1798.7	1830.4
codec-nounk-U	U-wire-ListTaskSummaryResponse-tasks-as-wt0	U-wire-ListTaskSummaryResponse-tasks-as-wt0	ascii	core-ffi-pull	decode	no-unknown	20	1822.6	1766.3	1921.5	0.085	1801.4	1852.5
codec-nounk-U	U-oneof-member-before-known	U-oneof-member-before-known	ascii	incumbent-prod	encode	default	20	95.5	84.7	106.2	0.225	93.4	96.7
codec-nounk-U	U-oneof-member-before-known	U-oneof-member-before-known	ascii	armonik	encode	default	20	93.0	85.6	99.9	0.153	90.2	95.7
codec-nounk-U	U-oneof-member-before-known	U-oneof-member-before-known	ascii	core-native	encode	no-unknown	20	18.9	17.9	19.6	0.086	18.3	19.2
codec-nounk-U	U-oneof-member-before-known	U-oneof-member-before-known	ascii	core-ffi	encode	no-unknown	20	41.2	38.9	45.0	0.148	40.6	41.8
codec-nounk-U	U-root-u-msg	U-root-u-msg	ascii	incumbent-prod	decode	default	20	502.1	492.9	523.5	0.061	498.1	504.9
codec-nounk-U	U-root-u-msg	U-root-u-msg	ascii	armonik	decode	default	20	536.8	517.9	551.5	0.063	526.1	540.5
codec-nounk-U	U-root-u-msg	U-root-u-msg	ascii	core-native	decode	no-unknown	20	414.9	396.8	430.8	0.082	410.9	418.1
codec-nounk-U	U-root-u-msg	U-root-u-msg	ascii	core-ffi	decode	no-unknown	20	611.3	581.3	629.3	0.078	608.0	615.3
codec-nounk-U	U-root-u-msg	U-root-u-msg	ascii	core-ffi-pull	decode	no-unknown	20	617.5	606.1	694.3	0.143	613.7	621.9
codec-nounk-U	U-wire-ListResultsResponse-page-as-wt5	U-wire-ListResultsResponse-page-as-wt5	ascii	core-native	decode	no-unknown	20	381.9	378.2	389.2	0.029	380.5	384.2
codec-nounk-U	U-wire-ListResultsResponse-page-as-wt5	U-wire-ListResultsResponse-page-as-wt5	ascii	core-ffi	decode	no-unknown	20	581.0	569.9	595.4	0.044	577.7	585.5
codec-nounk-U	U-wire-ListResultsResponse-page-as-wt5	U-wire-ListResultsResponse-page-as-wt5	ascii	core-ffi-pull	decode	no-unknown	20	586.3	581.1	600.5	0.033	583.8	591.5
codec-nounk-U	U-leaf-u-fixed32	U-leaf-u-fixed32	ascii	incumbent-prod	decode-read	default	20	249.4	242.3	261.7	0.078	245.0	252.8
codec-nounk-U	U-leaf-u-fixed32	U-leaf-u-fixed32	ascii	armonik	decode-read	default	20	253.5	246.9	262.3	0.061	249.9	256.7
codec-nounk-U	U-leaf-u-fixed32	U-leaf-u-fixed32	ascii	core-native	decode-read	no-unknown	20	207.3	203.8	216.8	0.063	205.5	210.4
codec-nounk-U	U-leaf-u-fixed32	U-leaf-u-fixed32	ascii	core-ffi	decode-read	no-unknown	20	297.6	289.7	324.3	0.116	295.1	302.0
codec-nounk-U	U-leaf-u-fixed32	U-leaf-u-fixed32	ascii	core-ffi-pull	decode-read	no-unknown	20	302.0	294.4	325.9	0.104	300.4	303.4
codec-nounk-U	U-wire-DualResponse-left-as-wt0	U-wire-DualResponse-left-as-wt0	ascii	core-native	decode	no-unknown	20	132.2	129.9	140.2	0.079	130.7	133.7
codec-nounk-U	U-wire-DualResponse-left-as-wt0	U-wire-DualResponse-left-as-wt0	ascii	core-ffi	decode	no-unknown	20	195.9	191.5	202.5	0.056	194.9	197.1
codec-nounk-U	U-wire-DualResponse-left-as-wt0	U-wire-DualResponse-left-as-wt0	ascii	core-ffi-pull	decode	no-unknown	20	208.2	205.9	223.2	0.083	206.6	210.7
codec-nounk-U	U-root-max-tag	U-root-max-tag	ascii	incumbent-prod	decode	default	20	631.2	605.6	790.0	0.292	611.0	651.1
codec-nounk-U	U-root-max-tag	U-root-max-tag	ascii	armonik	decode	default	20	651.2	622.3	1005.8	0.589	637.1	686.6
codec-nounk-U	U-root-max-tag	U-root-max-tag	ascii	core-native	decode	no-unknown	20	496.5	482.2	581.8	0.201	490.0	506.7
codec-nounk-U	U-root-max-tag	U-root-max-tag	ascii	core-ffi	decode	no-unknown	20	735.4	718.3	939.0	0.300	725.3	756.3
codec-nounk-U	U-root-max-tag	U-root-max-tag	ascii	core-ffi-pull	decode	no-unknown	20	762.6	733.2	927.0	0.254	741.4	795.9
codec-nounk-U	U-deep-u-fixed32	U-deep-u-fixed32	ascii	incumbent-prod	decode	default	20	2094.3	2015.8	2262.7	0.118	2067.7	2137.5
codec-nounk-U	U-deep-u-fixed32	U-deep-u-fixed32	ascii	armonik	decode	default	20	2005.8	1774.4	2070.5	0.148	1871.7	2031.1
codec-nounk-U	U-deep-u-fixed32	U-deep-u-fixed32	ascii	core-native	decode	no-unknown	20	1598.3	1396.8	1682.5	0.179	1446.7	1615.5
codec-nounk-U	U-deep-u-fixed32	U-deep-u-fixed32	ascii	core-ffi	decode	no-unknown	20	2422.6	2344.1	2686.3	0.141	2375.7	2474.9
codec-nounk-U	U-deep-u-fixed32	U-deep-u-fixed32	ascii	core-ffi-pull	decode	no-unknown	20	2453.9	2349.6	2578.9	0.093	2415.8	2538.2
codec-nounk-U	U-wire-ListTasksDetailedResponse-tasks-as-wt0	U-wire-ListTasksDetailedResponse-tasks-as-wt0	ascii	core-native	decode-read	no-unknown	20	3874.7	3659.5	4320.7	0.171	3776.1	4028.4
codec-nounk-U	U-wire-ListTasksDetailedResponse-tasks-as-wt0	U-wire-ListTasksDetailedResponse-tasks-as-wt0	ascii	core-ffi	decode-read	no-unknown	20	5530.0	5352.2	6413.7	0.192	5378.1	5723.2
codec-nounk-U	U-wire-ListTasksDetailedResponse-tasks-as-wt0	U-wire-ListTasksDetailedResponse-tasks-as-wt0	ascii	core-ffi-pull	decode-read	no-unknown	20	5488.4	5194.4	6010.8	0.149	5320.1	5668.1
codec-nounk-U	U-root-group	U-root-group	ascii	incumbent-prod	encode	default	20	562.6	547.1	609.9	0.112	557.7	570.0
codec-nounk-U	U-root-group	U-root-group	ascii	armonik	encode	default	20	590.7	572.9	629.4	0.096	584.4	595.1
codec-nounk-U	U-root-group	U-root-group	ascii	core-native	encode	no-unknown	20	107.2	103.0	116.4	0.124	106.1	108.9
codec-nounk-U	U-root-group	U-root-group	ascii	core-ffi	encode	no-unknown	20	193.3	185.8	210.7	0.129	190.5	197.4
codec-nounk-U	U-oneof-u-varint	U-oneof-u-varint	ascii	incumbent-prod	encode	default	20	119.3	112.1	138.0	0.217	114.9	123.9
codec-nounk-U	U-oneof-u-varint	U-oneof-u-varint	ascii	armonik	encode	default	20	118.0	109.4	131.1	0.184	113.6	122.9
codec-nounk-U	U-oneof-u-varint	U-oneof-u-varint	ascii	core-native	encode	no-unknown	20	23.1	22.1	25.5	0.149	23.0	23.5
codec-nounk-U	U-oneof-u-varint	U-oneof-u-varint	ascii	core-ffi	encode	no-unknown	20	51.2	49.5	54.4	0.094	50.3	51.7
codec-nounk-U	U-wire-ListProbeResponse-probes-as-wt5	U-wire-ListProbeResponse-probes-as-wt5	ascii	core-native	decode-read	no-unknown	20	196.1	189.5	258.1	0.350	192.7	213.1
codec-nounk-U	U-wire-ListProbeResponse-probes-as-wt5	U-wire-ListProbeResponse-probes-as-wt5	ascii	core-ffi	decode-read	no-unknown	20	306.7	297.7	448.5	0.492	303.8	310.3
codec-nounk-U	U-wire-ListProbeResponse-probes-as-wt5	U-wire-ListProbeResponse-probes-as-wt5	ascii	core-ffi-pull	decode-read	no-unknown	20	314.1	307.5	373.1	0.209	311.0	320.9
codec-nounk-U	U-leaf-all	U-leaf-all	ascii	incumbent-prod	encode	default	20	249.1	241.3	261.7	0.082	245.5	252.1
codec-nounk-U	U-leaf-all	U-leaf-all	ascii	armonik	encode	default	20	262.0	253.0	278.6	0.098	256.1	268.5
codec-nounk-U	U-leaf-all	U-leaf-all	ascii	core-native	encode	no-unknown	20	51.0	49.3	54.4	0.102	49.9	52.7
codec-nounk-U	U-leaf-all	U-leaf-all	ascii	core-ffi	encode	no-unknown	20	102.5	96.9	116.3	0.190	100.0	107.1
codec-nounk-U	U-root-u-repeated	U-root-u-repeated	ascii	incumbent-prod	encode	default	20	561.4	549.3	594.2	0.080	558.2	567.4
codec-nounk-U	U-root-u-repeated	U-root-u-repeated	ascii	armonik	encode	default	20	587.5	571.9	1092.1	0.886	583.1	603.3
codec-nounk-U	U-root-u-repeated	U-root-u-repeated	ascii	core-native	encode	no-unknown	20	108.1	105.2	111.8	0.061	106.8	109.7
codec-nounk-U	U-root-u-repeated	U-root-u-repeated	ascii	core-ffi	encode	no-unknown	20	193.4	187.1	249.0	0.320	191.1	196.2
codec-nounk-U	U-oneof-before	U-oneof-before	ascii	incumbent-prod	decode	default	20	210.7	201.9	229.6	0.131	206.9	215.7
codec-nounk-U	U-oneof-before	U-oneof-before	ascii	armonik	decode	default	20	227.1	219.4	239.8	0.090	222.8	230.8
codec-nounk-U	U-oneof-before	U-oneof-before	ascii	core-native	decode	no-unknown	20	118.2	113.8	124.1	0.087	116.1	120.0
codec-nounk-U	U-oneof-before	U-oneof-before	ascii	core-ffi	decode	no-unknown	20	172.0	167.3	188.3	0.122	169.8	174.6
codec-nounk-U	U-oneof-before	U-oneof-before	ascii	core-ffi-pull	decode	no-unknown	20	182.9	178.0	190.7	0.069	180.8	185.3
codec-nounk-U	U-deep-u-repeated	U-deep-u-repeated	ascii	incumbent-prod	encode	default	20	1234.6	1213.1	1287.4	0.060	1223.1	1249.4
codec-nounk-U	U-deep-u-repeated	U-deep-u-repeated	ascii	armonik	encode	default	20	1237.9	1211.5	1301.8	0.073	1225.8	1258.2
codec-nounk-U	U-deep-u-repeated	U-deep-u-repeated	ascii	core-native	encode	no-unknown	20	251.3	247.5	269.9	0.089	249.5	253.0
codec-nounk-U	U-deep-u-repeated	U-deep-u-repeated	ascii	core-ffi	encode	no-unknown	20	545.0	531.6	573.9	0.078	537.5	550.2
codec-nounk-U	U-wire-ListResultsResponse-results-as-wt5	U-wire-ListResultsResponse-results-as-wt5	ascii	core-native	decode	no-unknown	20	480.9	475.9	496.2	0.042	480.3	489.8
codec-nounk-U	U-wire-ListResultsResponse-results-as-wt5	U-wire-ListResultsResponse-results-as-wt5	ascii	core-ffi	decode	no-unknown	20	727.1	714.7	753.3	0.053	723.5	731.7
codec-nounk-U	U-wire-ListResultsResponse-results-as-wt5	U-wire-ListResultsResponse-results-as-wt5	ascii	core-ffi-pull	decode	no-unknown	20	738.9	727.6	752.9	0.034	736.3	741.0
codec-nounk-U	U-wire-UploadResultDataMessage-upload-as-wt0	U-wire-UploadResultDataMessage-upload-as-wt0	ascii	core-native	encode	no-unknown	20	15.6	15.0	17.5	0.157	15.4	15.9
codec-nounk-U	U-wire-UploadResultDataMessage-upload-as-wt0	U-wire-UploadResultDataMessage-upload-as-wt0	ascii	core-ffi	encode	no-unknown	20	34.4	31.9	35.9	0.115	33.3	35.1
codec-nounk-U	U-leaf-u-packed	U-leaf-u-packed	ascii	incumbent-prod	decode-read	default	20	323.5	313.1	407.3	0.291	318.7	336.7
codec-nounk-U	U-leaf-u-packed	U-leaf-u-packed	ascii	armonik	decode-read	default	20	333.4	321.0	394.9	0.222	329.7	342.6
codec-nounk-U	U-leaf-u-packed	U-leaf-u-packed	ascii	core-native	decode-read	no-unknown	20	266.7	258.8	298.9	0.150	264.3	273.2
codec-nounk-U	U-leaf-u-packed	U-leaf-u-packed	ascii	core-ffi	decode-read	no-unknown	20	380.1	370.8	595.6	0.591	373.7	421.7
codec-nounk-U	U-leaf-u-packed	U-leaf-u-packed	ascii	core-ffi-pull	decode-read	no-unknown	20	391.7	377.0	492.0	0.294	385.9	400.9
codec-nounk-U	U-wire-ListResultsResponse-results-as-wt1	U-wire-ListResultsResponse-results-as-wt1	ascii	core-native	encode	no-unknown	20	105.3	101.9	110.3	0.080	104.5	105.8
codec-nounk-U	U-wire-ListResultsResponse-results-as-wt1	U-wire-ListResultsResponse-results-as-wt1	ascii	core-ffi	encode	no-unknown	20	192.3	188.6	200.4	0.062	191.2	194.2
codec-nounk-U	U-wire-ListResultsResponse-results-as-wt1	U-wire-ListResultsResponse-results-as-wt1	ascii	core-native	decode	no-unknown	20	496.0	488.8	674.9	0.375	492.7	511.4
codec-nounk-U	U-wire-ListResultsResponse-results-as-wt1	U-wire-ListResultsResponse-results-as-wt1	ascii	core-ffi	decode	no-unknown	20	748.4	733.4	797.2	0.085	744.8	756.8
codec-nounk-U	U-wire-ListResultsResponse-results-as-wt1	U-wire-ListResultsResponse-results-as-wt1	ascii	core-ffi-pull	decode	no-unknown	20	748.7	739.6	790.2	0.068	744.5	758.4
codec-nounk-U	U-root-u-repeated	U-root-u-repeated	ascii	incumbent-prod	decode-read	default	20	648.0	630.3	670.4	0.062	637.7	653.1
codec-nounk-U	U-root-u-repeated	U-root-u-repeated	ascii	armonik	decode-read	default	20	676.0	655.1	704.9	0.074	669.2	683.6
codec-nounk-U	U-root-u-repeated	U-root-u-repeated	ascii	core-native	decode-read	no-unknown	20	520.3	513.7	550.4	0.070	518.4	527.5
codec-nounk-U	U-root-u-repeated	U-root-u-repeated	ascii	core-ffi	decode-read	no-unknown	20	764.7	747.2	803.8	0.074	756.2	773.3
codec-nounk-U	U-root-u-repeated	U-root-u-repeated	ascii	core-ffi-pull	decode-read	no-unknown	20	773.9	754.9	792.7	0.049	765.9	781.3
codec-nounk-U	U-root-u-fixed64	U-root-u-fixed64	ascii	incumbent-prod	decode	default	20	615.0	596.5	653.4	0.092	606.9	633.9
codec-nounk-U	U-root-u-fixed64	U-root-u-fixed64	ascii	armonik	decode	default	20	642.1	627.1	714.3	0.136	634.1	656.6
codec-nounk-U	U-root-u-fixed64	U-root-u-fixed64	ascii	core-native	decode	no-unknown	20	488.6	473.5	527.8	0.111	483.4	500.1
codec-nounk-U	U-root-u-fixed64	U-root-u-fixed64	ascii	core-ffi	decode	no-unknown	20	737.8	703.3	805.5	0.138	722.5	757.5
codec-nounk-U	U-root-u-fixed64	U-root-u-fixed64	ascii	core-ffi-pull	decode	no-unknown	20	742.3	718.0	989.3	0.366	726.2	774.0
codec-nounk-U	U-deep-u-packed	U-deep-u-packed	ascii	incumbent-prod	decode	default	20	2092.3	2040.2	2978.0	0.448	2060.2	2139.9
codec-nounk-U	U-deep-u-packed	U-deep-u-packed	ascii	armonik	decode	default	20	2013.0	1971.0	2336.6	0.182	2001.0	2047.0
codec-nounk-U	U-deep-u-packed	U-deep-u-packed	ascii	core-native	decode	no-unknown	20	1577.0	1546.7	1667.6	0.077	1567.0	1598.8
codec-nounk-U	U-deep-u-packed	U-deep-u-packed	ascii	core-ffi	decode	no-unknown	20	2377.3	2324.8	2471.4	0.062	2352.2	2404.2
codec-nounk-U	U-deep-u-packed	U-deep-u-packed	ascii	core-ffi-pull	decode	no-unknown	20	2424.8	2374.5	2720.0	0.142	2403.6	2461.4
codec-nounk-U	U-wire-ListProbeResponse-probes-as-wt0	U-wire-ListProbeResponse-probes-as-wt0	ascii	core-native	decode	no-unknown	20	179.3	175.5	186.2	0.059	177.2	180.5
codec-nounk-U	U-wire-ListProbeResponse-probes-as-wt0	U-wire-ListProbeResponse-probes-as-wt0	ascii	core-ffi	decode	no-unknown	20	298.6	294.5	306.3	0.039	296.7	301.3
codec-nounk-U	U-wire-ListProbeResponse-probes-as-wt0	U-wire-ListProbeResponse-probes-as-wt0	ascii	core-ffi-pull	decode	no-unknown	20	305.5	299.1	316.7	0.058	303.3	308.4
codec-nounk-U	U-oneof-interleaved	U-oneof-interleaved	ascii	incumbent-prod	decode	default	20	206.3	195.5	241.1	0.221	204.0	210.3
codec-nounk-U	U-oneof-interleaved	U-oneof-interleaved	ascii	armonik	decode	default	20	211.9	205.3	260.6	0.261	209.4	218.5
codec-nounk-U	U-oneof-interleaved	U-oneof-interleaved	ascii	core-native	decode	no-unknown	20	120.2	115.7	133.7	0.150	118.8	121.9
codec-nounk-U	U-oneof-interleaved	U-oneof-interleaved	ascii	core-ffi	decode	no-unknown	20	172.3	167.8	198.8	0.179	170.5	176.2
codec-nounk-U	U-oneof-interleaved	U-oneof-interleaved	ascii	core-ffi-pull	decode	no-unknown	20	186.9	179.7	194.6	0.080	182.7	189.1
codec-nounk-U	U-wire-ListTasksDetailedResponse-tasks-as-wt5	U-wire-ListTasksDetailedResponse-tasks-as-wt5	ascii	core-native	decode-read	no-unknown	20	3826.5	3705.6	4621.7	0.239	3762.7	3967.0
codec-nounk-U	U-wire-ListTasksDetailedResponse-tasks-as-wt5	U-wire-ListTasksDetailedResponse-tasks-as-wt5	ascii	core-ffi	decode-read	no-unknown	20	5476.2	5257.6	6642.4	0.253	5441.2	5695.1
codec-nounk-U	U-wire-ListTasksDetailedResponse-tasks-as-wt5	U-wire-ListTasksDetailedResponse-tasks-as-wt5	ascii	core-ffi-pull	decode-read	no-unknown	20	5488.9	5309.6	5904.9	0.108	5413.6	5620.8
codec-nounk-U	U-nested-all	U-nested-all	ascii	incumbent-prod	decode	default	20	378.9	368.6	454.2	0.226	376.6	387.2
codec-nounk-U	U-nested-all	U-nested-all	ascii	armonik	decode	default	20	389.5	379.1	402.2	0.059	385.5	393.7
codec-nounk-U	U-nested-all	U-nested-all	ascii	core-native	decode	no-unknown	20	277.9	273.0	287.1	0.051	276.3	279.5
codec-nounk-U	U-nested-all	U-nested-all	ascii	core-ffi	decode	no-unknown	20	396.6	386.8	425.8	0.098	392.5	398.8
codec-nounk-U	U-nested-all	U-nested-all	ascii	core-ffi-pull	decode	no-unknown	20	404.4	392.3	465.4	0.181	400.0	409.6
codec-nounk-U	U-enum-value-999	U-enum-value-999	ascii	incumbent-prod	encode	default	20	54.5	53.2	55.7	0.047	54.1	54.8
codec-nounk-U	U-enum-value-999	U-enum-value-999	ascii	armonik	encode	default	20	59.9	58.9	63.2	0.072	59.7	60.7
codec-nounk-U	U-enum-value-999	U-enum-value-999	ascii	core-native	encode	no-unknown	20	17.2	16.1	18.7	0.153	16.8	17.8
codec-nounk-U	U-enum-value-999	U-enum-value-999	ascii	core-ffi	encode	no-unknown	20	35.4	35.2	36.4	0.035	35.3	35.9
codec-nounk-U	U-oneof-u-fixed64	U-oneof-u-fixed64	ascii	incumbent-prod	encode	default	20	115.4	106.2	121.2	0.129	111.8	117.5
codec-nounk-U	U-oneof-u-fixed64	U-oneof-u-fixed64	ascii	armonik	encode	default	20	114.0	109.0	122.3	0.117	112.3	117.3
codec-nounk-U	U-oneof-u-fixed64	U-oneof-u-fixed64	ascii	core-native	encode	no-unknown	20	23.1	22.4	24.2	0.079	22.9	23.5
codec-nounk-U	U-oneof-u-fixed64	U-oneof-u-fixed64	ascii	core-ffi	encode	no-unknown	20	50.7	49.9	52.0	0.042	50.3	51.0
codec-nounk-U	U-wire-ListTaskSummaryResponse-tasks-as-wt1	U-wire-ListTaskSummaryResponse-tasks-as-wt1	ascii	core-native	encode	no-unknown	20	236.9	230.4	393.9	0.691	233.3	244.5
codec-nounk-U	U-wire-ListTaskSummaryResponse-tasks-as-wt1	U-wire-ListTaskSummaryResponse-tasks-as-wt1	ascii	core-ffi	encode	no-unknown	20	508.0	473.6	591.1	0.231	498.4	529.6
codec-nounk-U	U-deep-u-fixed64	U-deep-u-fixed64	ascii	incumbent-prod	decode-read	default	20	2111.9	2062.1	2287.8	0.107	2091.8	2135.3
codec-nounk-U	U-deep-u-fixed64	U-deep-u-fixed64	ascii	armonik	decode-read	default	20	2109.6	2055.4	2220.4	0.078	2091.3	2138.8
codec-nounk-U	U-deep-u-fixed64	U-deep-u-fixed64	ascii	core-native	decode-read	no-unknown	20	1666.1	1636.3	1750.7	0.069	1658.4	1675.2
codec-nounk-U	U-deep-u-fixed64	U-deep-u-fixed64	ascii	core-ffi	decode-read	no-unknown	20	2459.8	2217.4	2654.9	0.178	2443.7	2477.3
codec-nounk-U	U-deep-u-fixed64	U-deep-u-fixed64	ascii	core-ffi-pull	decode-read	no-unknown	20	2476.1	2430.5	2515.3	0.034	2454.2	2488.6
codec-nounk-U	U-leaf-u-varint	U-leaf-u-varint	ascii	incumbent-prod	decode-read	default	20	335.3	324.6	380.7	0.168	329.2	342.9
codec-nounk-U	U-leaf-u-varint	U-leaf-u-varint	ascii	armonik	decode-read	default	20	343.5	320.4	358.6	0.111	326.9	346.5
codec-nounk-U	U-leaf-u-varint	U-leaf-u-varint	ascii	core-native	decode-read	no-unknown	20	267.3	250.2	285.4	0.132	254.4	274.5
codec-nounk-U	U-leaf-u-varint	U-leaf-u-varint	ascii	core-ffi	decode-read	no-unknown	20	373.4	355.3	418.9	0.170	363.4	383.2
codec-nounk-U	U-leaf-u-varint	U-leaf-u-varint	ascii	core-ffi-pull	decode-read	no-unknown	20	390.5	362.7	420.1	0.147	375.9	403.4
codec-nounk-U	U-root-u-varint	U-root-u-varint	ascii	incumbent-prod	decode	default	20	632.0	608.6	667.6	0.093	618.2	638.1
codec-nounk-U	U-root-u-varint	U-root-u-varint	ascii	armonik	decode	default	20	655.0	626.9	707.3	0.123	639.0	662.4
codec-nounk-U	U-root-u-varint	U-root-u-varint	ascii	core-native	decode	no-unknown	20	494.0	481.4	1873.9	2.819	487.3	501.9
codec-nounk-U	U-root-u-varint	U-root-u-varint	ascii	core-ffi	decode	no-unknown	20	738.0	717.8	2327.0	2.180	724.7	750.7
codec-nounk-U	U-root-u-varint	U-root-u-varint	ascii	core-ffi-pull	decode	no-unknown	20	750.2	731.7	772.2	0.054	742.2	760.9
codec-nounk-U	U-nested-u-varint	U-nested-u-varint	ascii	incumbent-prod	decode	default	20	302.2	298.4	1168.1	2.878	299.7	305.6
codec-nounk-U	U-nested-u-varint	U-nested-u-varint	ascii	armonik	decode	default	20	309.6	304.7	365.4	0.196	307.8	314.3
codec-nounk-U	U-nested-u-varint	U-nested-u-varint	ascii	core-native	decode	no-unknown	20	248.2	242.3	261.8	0.079	244.3	251.2
codec-nounk-U	U-nested-u-varint	U-nested-u-varint	ascii	core-ffi	decode	no-unknown	20	368.8	354.1	401.3	0.128	363.5	378.2
codec-nounk-U	U-nested-u-varint	U-nested-u-varint	ascii	core-ffi-pull	decode	no-unknown	20	375.7	362.6	1224.0	2.293	367.4	383.7
codec-nounk-U	U-root-before	U-root-before	ascii	incumbent-prod	decode-read	default	20	722.6	706.2	758.9	0.073	716.8	728.4
codec-nounk-U	U-root-before	U-root-before	ascii	armonik	decode-read	default	20	749.5	724.4	862.4	0.184	742.5	763.6
codec-nounk-U	U-root-before	U-root-before	ascii	core-native	decode-read	no-unknown	20	565.0	557.6	610.3	0.093	561.4	573.8
codec-nounk-U	U-root-before	U-root-before	ascii	core-ffi	decode-read	no-unknown	20	798.1	785.2	854.4	0.087	794.4	805.2
codec-nounk-U	U-root-before	U-root-before	ascii	core-ffi-pull	decode-read	no-unknown	20	803.9	794.0	819.4	0.032	798.5	813.6
codec-nounk-U	U-oneof-all	U-oneof-all	ascii	incumbent-prod	encode	default	20	117.5	109.6	130.8	0.180	113.5	122.4
codec-nounk-U	U-oneof-all	U-oneof-all	ascii	armonik	encode	default	20	117.3	108.8	138.9	0.257	115.2	121.6
codec-nounk-U	U-oneof-all	U-oneof-all	ascii	core-native	encode	no-unknown	20	23.2	22.6	27.2	0.200	22.8	23.7
codec-nounk-U	U-oneof-all	U-oneof-all	ascii	core-ffi	encode	no-unknown	20	50.7	48.9	55.6	0.133	50.2	51.7
codec-nounk-U	U-nested-group	U-nested-group	ascii	incumbent-prod	decode-read	default	20	341.6	326.7	398.1	0.209	337.3	347.6
codec-nounk-U	U-nested-group	U-nested-group	ascii	armonik	decode-read	default	20	353.1	343.2	428.4	0.241	348.7	356.3
codec-nounk-U	U-nested-group	U-nested-group	ascii	core-native	decode-read	no-unknown	20	282.9	277.5	314.2	0.129	281.3	285.4
codec-nounk-U	U-nested-group	U-nested-group	ascii	core-ffi	decode-read	no-unknown	20	392.4	379.4	423.2	0.112	384.6	404.7
codec-nounk-U	U-nested-group	U-nested-group	ascii	core-ffi-pull	decode-read	no-unknown	20	401.4	394.4	445.3	0.127	399.4	410.0
codec-nounk-U	U-root-u-msg	U-root-u-msg	ascii	incumbent-prod	decode-read	default	20	653.3	624.1	761.6	0.210	640.9	677.2
codec-nounk-U	U-root-u-msg	U-root-u-msg	ascii	armonik	decode-read	default	20	683.4	661.3	761.1	0.146	670.2	712.0
codec-nounk-U	U-root-u-msg	U-root-u-msg	ascii	core-native	decode-read	no-unknown	20	547.3	519.7	648.0	0.234	536.6	563.2
codec-nounk-U	U-root-u-msg	U-root-u-msg	ascii	core-ffi	decode-read	no-unknown	20	766.2	729.5	1036.9	0.401	754.2	819.6
codec-nounk-U	U-root-u-msg	U-root-u-msg	ascii	core-ffi-pull	decode-read	no-unknown	20	772.5	750.7	1071.1	0.415	762.9	803.2
codec-nounk-U	U-wire-ListTasksDetailedResponse-tasks-as-wt0	U-wire-ListTasksDetailedResponse-tasks-as-wt0	ascii	core-native	decode	no-unknown	20	3607.1	3512.3	3994.7	0.134	3562.6	3695.0
codec-nounk-U	U-wire-ListTasksDetailedResponse-tasks-as-wt0	U-wire-ListTasksDetailedResponse-tasks-as-wt0	ascii	core-ffi	decode	no-unknown	20	5292.5	5075.1	5604.7	0.100	5143.2	5398.9
codec-nounk-U	U-wire-ListTasksDetailedResponse-tasks-as-wt0	U-wire-ListTasksDetailedResponse-tasks-as-wt0	ascii	core-ffi-pull	decode	no-unknown	20	5174.8	5035.6	5658.3	0.120	5120.0	5283.4
codec-nounk-U	U-oneof-u-packed	U-oneof-u-packed	ascii	incumbent-prod	encode	default	20	106.4	97.4	125.2	0.261	103.4	112.4
codec-nounk-U	U-oneof-u-packed	U-oneof-u-packed	ascii	armonik	encode	default	20	104.2	97.1	126.4	0.280	100.9	111.5
codec-nounk-U	U-oneof-u-packed	U-oneof-u-packed	ascii	core-native	encode	no-unknown	20	20.7	19.9	29.6	0.472	20.4	22.4
codec-nounk-U	U-oneof-u-packed	U-oneof-u-packed	ascii	core-ffi	encode	no-unknown	20	46.2	44.3	53.9	0.209	45.5	49.7
codec-nounk-U	U-nested-group	U-nested-group	ascii	incumbent-prod	decode	default	20	312.5	293.5	393.1	0.319	304.6	327.3
codec-nounk-U	U-nested-group	U-nested-group	ascii	armonik	decode	default	20	322.4	296.5	470.0	0.538	317.4	361.0
codec-nounk-U	U-nested-group	U-nested-group	ascii	core-native	decode	no-unknown	20	250.1	234.3	301.3	0.268	247.2	269.5
codec-nounk-U	U-nested-group	U-nested-group	ascii	core-ffi	decode	no-unknown	20	368.4	335.0	450.4	0.313	358.1	382.7
codec-nounk-U	U-nested-group	U-nested-group	ascii	core-ffi-pull	decode	no-unknown	20	370.2	343.8	470.5	0.342	365.3	396.8
codec-nounk-U	U-oneof-u-msg	U-oneof-u-msg	ascii	incumbent-prod	encode	default	20	115.3	107.0	141.0	0.295	112.7	122.1
codec-nounk-U	U-oneof-u-msg	U-oneof-u-msg	ascii	armonik	encode	default	20	114.4	106.9	139.6	0.286	110.8	121.2
codec-nounk-U	U-oneof-u-msg	U-oneof-u-msg	ascii	core-native	encode	no-unknown	20	23.0	21.9	27.4	0.239	22.6	23.4
codec-nounk-U	U-oneof-u-msg	U-oneof-u-msg	ascii	core-ffi	encode	no-unknown	20	50.2	48.9	62.5	0.272	49.8	50.8
codec-nounk-U	U-element-u-repeated	U-element-u-repeated	ascii	incumbent-prod	encode	default	20	1245.2	1208.8	1521.9	0.251	1233.4	1275.5
codec-nounk-U	U-element-u-repeated	U-element-u-repeated	ascii	armonik	encode	default	20	1251.0	1217.9	1501.6	0.227	1244.5	1293.4
codec-nounk-U	U-element-u-repeated	U-element-u-repeated	ascii	core-native	encode	no-unknown	20	255.6	248.7	299.7	0.199	254.2	259.7
codec-nounk-U	U-element-u-repeated	U-element-u-repeated	ascii	core-ffi	encode	no-unknown	20	547.7	533.8	771.3	0.434	541.2	552.1
codec-nounk-U	U-wire-ListResultsResponse-page-as-wt1	U-wire-ListResultsResponse-page-as-wt1	ascii	core-native	decode	no-unknown	20	487.7	479.2	501.1	0.045	484.1	491.1
codec-nounk-U	U-wire-ListResultsResponse-page-as-wt1	U-wire-ListResultsResponse-page-as-wt1	ascii	core-ffi	decode	no-unknown	20	726.5	713.4	739.2	0.035	723.0	732.7
codec-nounk-U	U-wire-ListResultsResponse-page-as-wt1	U-wire-ListResultsResponse-page-as-wt1	ascii	core-ffi-pull	decode	no-unknown	20	755.0	734.9	776.5	0.055	747.7	758.7
codec-nounk-U	U-root-u-fixed32	U-root-u-fixed32	ascii	incumbent-prod	encode	default	20	561.8	547.1	664.2	0.208	555.3	570.2
codec-nounk-U	U-root-u-fixed32	U-root-u-fixed32	ascii	armonik	encode	default	20	592.0	578.6	622.6	0.074	583.2	598.7
codec-nounk-U	U-root-u-fixed32	U-root-u-fixed32	ascii	core-native	encode	no-unknown	20	106.9	105.1	127.6	0.211	105.9	108.4
codec-nounk-U	U-root-u-fixed32	U-root-u-fixed32	ascii	core-ffi	encode	no-unknown	20	193.0	186.1	200.7	0.076	190.9	194.4
codec-nounk-U	U-wire-ListTasksDetailedResponse-page-as-wt5	U-wire-ListTasksDetailedResponse-page-as-wt5	ascii	core-native	encode	no-unknown	20	588.0	561.2	672.3	0.189	579.7	599.8
codec-nounk-U	U-wire-ListTasksDetailedResponse-page-as-wt5	U-wire-ListTasksDetailedResponse-page-as-wt5	ascii	core-ffi	encode	no-unknown	20	1172.7	1140.4	1508.6	0.314	1160.3	1223.3
codec-nounk-U	U-oneof-member-alone	U-oneof-member-alone	ascii	incumbent-prod	encode	default	20	77.8	74.9	93.1	0.234	76.5	79.3
codec-nounk-U	U-oneof-member-alone	U-oneof-member-alone	ascii	armonik	encode	default	20	76.4	74.8	95.5	0.271	75.9	77.5
codec-nounk-U	U-oneof-member-alone	U-oneof-member-alone	ascii	core-native	encode	no-unknown	20	16.7	16.2	17.5	0.081	16.6	17.0
codec-nounk-U	U-oneof-member-alone	U-oneof-member-alone	ascii	core-ffi	encode	no-unknown	20	44.7	43.3	50.8	0.167	44.2	45.6
codec-nounk-U	U-nested-u-fixed64	U-nested-u-fixed64	ascii	incumbent-prod	encode	default	20	249.0	240.6	290.3	0.200	247.7	251.4
codec-nounk-U	U-nested-u-fixed64	U-nested-u-fixed64	ascii	armonik	encode	default	20	260.0	253.7	359.4	0.406	256.4	263.8
codec-nounk-U	U-nested-u-fixed64	U-nested-u-fixed64	ascii	core-native	encode	no-unknown	20	50.3	49.4	71.5	0.439	49.9	51.7
codec-nounk-U	U-nested-u-fixed64	U-nested-u-fixed64	ascii	core-ffi	encode	no-unknown	20	100.1	96.1	124.0	0.279	98.4	104.4
codec-nounk-U	U-root-u-len	U-root-u-len	ascii	incumbent-prod	encode	default	20	570.2	554.1	666.6	0.197	561.8	588.6
codec-nounk-U	U-root-u-len	U-root-u-len	ascii	armonik	encode	default	20	598.9	587.9	733.7	0.243	594.7	608.0
codec-nounk-U	U-root-u-len	U-root-u-len	ascii	core-native	encode	no-unknown	20	110.6	107.9	133.0	0.227	108.9	111.8
codec-nounk-U	U-root-u-len	U-root-u-len	ascii	core-ffi	encode	no-unknown	20	196.0	187.4	249.9	0.319	192.6	200.0
codec-nounk-U	U-enum-value-2147483647	U-enum-value-2147483647	ascii	incumbent-prod	encode	default	20	66.5	64.0	73.0	0.136	65.5	68.0
codec-nounk-U	U-enum-value-2147483647	U-enum-value-2147483647	ascii	armonik	encode	default	20	71.1	70.1	77.3	0.102	70.6	71.8
codec-nounk-U	U-enum-value-2147483647	U-enum-value-2147483647	ascii	core-native	encode	no-unknown	20	20.6	19.0	21.4	0.117	19.9	21.1
codec-nounk-U	U-enum-value-2147483647	U-enum-value-2147483647	ascii	core-ffi	encode	no-unknown	20	38.0	37.1	39.9	0.072	37.5	38.5
codec-nounk-U	U-root-u-fixed64	U-root-u-fixed64	ascii	incumbent-prod	decode-read	default	20	510.4	492.5	556.0	0.124	500.1	519.6
codec-nounk-U	U-root-u-fixed64	U-root-u-fixed64	ascii	armonik	decode-read	default	20	553.4	536.0	694.6	0.287	546.2	569.5
codec-nounk-U	U-root-u-fixed64	U-root-u-fixed64	ascii	core-native	decode-read	no-unknown	20	439.6	425.7	525.9	0.228	435.2	452.0
codec-nounk-U	U-root-u-fixed64	U-root-u-fixed64	ascii	core-ffi	decode-read	no-unknown	20	625.1	600.5	658.6	0.093	614.6	634.7
codec-nounk-U	U-root-u-fixed64	U-root-u-fixed64	ascii	core-ffi-pull	decode-read	no-unknown	20	629.7	618.9	769.4	0.239	622.8	651.3
codec-nounk-U	U-oneof-group	U-oneof-group	ascii	incumbent-prod	encode	default	20	116.7	88.6	123.2	0.297	94.9	119.3
codec-nounk-U	U-oneof-group	U-oneof-group	ascii	armonik	encode	default	20	113.1	87.4	122.5	0.310	99.6	117.4
codec-nounk-U	U-oneof-group	U-oneof-group	ascii	core-native	encode	no-unknown	20	22.8	18.1	24.4	0.278	18.8	23.3
codec-nounk-U	U-oneof-group	U-oneof-group	ascii	core-ffi	encode	no-unknown	20	50.5	39.7	52.3	0.250	40.6	50.8
codec-nounk-U	U-oneof-group	U-oneof-group	ascii	incumbent-prod	decode-read	default	20	136.8	129.1	149.1	0.147	133.2	139.5
codec-nounk-U	U-oneof-group	U-oneof-group	ascii	armonik	decode-read	default	20	140.5	131.8	150.0	0.130	136.7	142.4
codec-nounk-U	U-oneof-group	U-oneof-group	ascii	core-native	decode-read	no-unknown	20	92.7	88.7	98.5	0.106	90.3	95.0
codec-nounk-U	U-oneof-group	U-oneof-group	ascii	core-ffi	decode-read	no-unknown	20	138.5	129.7	151.0	0.153	135.3	140.2
codec-nounk-U	U-oneof-group	U-oneof-group	ascii	core-ffi-pull	decode-read	no-unknown	20	146.3	139.8	153.2	0.091	143.8	147.5
codec-nounk-U	U-oneof-u-len	U-oneof-u-len	ascii	incumbent-prod	encode	default	20	95.4	82.3	120.3	0.398	89.5	116.8
codec-nounk-U	U-oneof-u-len	U-oneof-u-len	ascii	armonik	encode	default	20	95.5	84.6	120.2	0.374	91.9	114.9
codec-nounk-U	U-oneof-u-len	U-oneof-u-len	ascii	core-native	encode	no-unknown	20	18.4	17.6	23.3	0.311	18.1	22.9
codec-nounk-U	U-oneof-u-len	U-oneof-u-len	ascii	core-ffi	encode	no-unknown	20	39.5	38.9	50.7	0.299	39.2	49.7
codec-nounk-U	U-nested-u-repeated	U-nested-u-repeated	ascii	incumbent-prod	decode-read	default	20	318.9	310.2	330.5	0.064	315.8	323.7
codec-nounk-U	U-nested-u-repeated	U-nested-u-repeated	ascii	armonik	decode-read	default	20	329.9	317.9	343.0	0.076	324.1	333.1
codec-nounk-U	U-nested-u-repeated	U-nested-u-repeated	ascii	core-native	decode-read	no-unknown	20	262.9	256.6	299.4	0.163	260.6	275.3
codec-nounk-U	U-nested-u-repeated	U-nested-u-repeated	ascii	core-ffi	decode-read	no-unknown	20	383.5	374.7	412.0	0.097	379.3	386.6
codec-nounk-U	U-nested-u-repeated	U-nested-u-repeated	ascii	core-ffi-pull	decode-read	no-unknown	20	387.8	379.9	400.6	0.053	384.6	394.1
codec-nounk-U	U-wire-ListTaskSummaryResponse-tasks-as-wt0	U-wire-ListTaskSummaryResponse-tasks-as-wt0	ascii	core-native	decode-read	no-unknown	20	1719.6	1695.3	1831.4	0.079	1709.1	1728.3
codec-nounk-U	U-wire-ListTaskSummaryResponse-tasks-as-wt0	U-wire-ListTaskSummaryResponse-tasks-as-wt0	ascii	core-ffi	decode-read	no-unknown	20	2383.2	2351.3	2415.2	0.027	2372.7	2391.1
codec-nounk-U	U-wire-ListTaskSummaryResponse-tasks-as-wt0	U-wire-ListTaskSummaryResponse-tasks-as-wt0	ascii	core-ffi-pull	decode-read	no-unknown	20	2364.8	2325.0	2391.5	0.028	2356.3	2370.4
codec-nounk-U	U-nested-u-varint	U-nested-u-varint	ascii	incumbent-prod	decode-read	default	20	307.1	299.4	313.6	0.046	305.1	311.3
codec-nounk-U	U-nested-u-varint	U-nested-u-varint	ascii	armonik	decode-read	default	20	312.4	309.5	321.6	0.039	310.7	314.8
codec-nounk-U	U-nested-u-varint	U-nested-u-varint	ascii	core-native	decode-read	no-unknown	20	253.8	247.1	260.6	0.053	252.9	255.5
codec-nounk-U	U-nested-u-varint	U-nested-u-varint	ascii	core-ffi	decode-read	no-unknown	20	369.9	365.6	383.0	0.047	367.8	375.9
codec-nounk-U	U-nested-u-varint	U-nested-u-varint	ascii	core-ffi-pull	decode-read	no-unknown	20	381.6	372.4	403.3	0.081	377.0	389.8
codec-nounk-U	U-leaf-u-msg	U-leaf-u-msg	ascii	incumbent-prod	encode	default	20	243.3	237.9	250.2	0.051	241.7	244.6
codec-nounk-U	U-leaf-u-msg	U-leaf-u-msg	ascii	armonik	encode	default	20	255.6	251.8	257.5	0.022	254.4	256.6
codec-nounk-U	U-leaf-u-msg	U-leaf-u-msg	ascii	core-native	encode	no-unknown	20	49.6	48.4	53.3	0.098	49.2	49.8
codec-nounk-U	U-leaf-u-msg	U-leaf-u-msg	ascii	core-ffi	encode	no-unknown	20	97.6	94.5	105.0	0.107	96.4	99.0
codec-nounk-U	U-oneof-u-len	U-oneof-u-len	ascii	incumbent-prod	decode	default	20	126.6	124.3	147.6	0.184	125.0	127.7
codec-nounk-U	U-oneof-u-len	U-oneof-u-len	ascii	armonik	decode	default	20	130.6	127.6	161.8	0.262	129.9	132.1
codec-nounk-U	U-oneof-u-len	U-oneof-u-len	ascii	core-native	decode	no-unknown	20	87.6	86.2	92.8	0.075	87.0	88.8
codec-nounk-U	U-oneof-u-len	U-oneof-u-len	ascii	core-ffi	decode	no-unknown	20	145.4	142.3	161.7	0.134	144.5	146.4
codec-nounk-U	U-oneof-u-len	U-oneof-u-len	ascii	core-ffi-pull	decode	no-unknown	20	154.1	152.1	162.2	0.066	153.4	155.0
codec-nounk-U	U-element-u-fixed32	U-element-u-fixed32	ascii	incumbent-prod	decode-read	default	20	1993.7	1925.6	3374.8	0.727	1975.7	2061.1
codec-nounk-U	U-element-u-fixed32	U-element-u-fixed32	ascii	armonik	decode-read	default	20	1958.9	1888.0	3393.3	0.768	1919.8	2008.4
codec-nounk-U	U-element-u-fixed32	U-element-u-fixed32	ascii	core-native	decode-read	no-unknown	20	1547.6	1511.3	2570.8	0.685	1525.6	1612.4
codec-nounk-U	U-element-u-fixed32	U-element-u-fixed32	ascii	core-ffi	decode-read	no-unknown	20	2467.1	2378.5	3779.6	0.568	2422.6	2540.4
codec-nounk-U	U-element-u-fixed32	U-element-u-fixed32	ascii	core-ffi-pull	decode-read	no-unknown	20	2408.7	2367.0	4516.0	0.892	2396.0	2510.3
codec-nounk-U	U-root-u-varint	U-root-u-varint	ascii	incumbent-prod	decode-read	default	20	519.5	496.9	688.4	0.369	506.4	558.4
codec-nounk-U	U-root-u-varint	U-root-u-varint	ascii	armonik	decode-read	default	20	531.0	513.7	670.6	0.296	516.8	583.5
codec-nounk-U	U-root-u-varint	U-root-u-varint	ascii	core-native	decode-read	no-unknown	20	410.3	387.7	545.7	0.385	399.4	444.2
codec-nounk-U	U-root-u-varint	U-root-u-varint	ascii	core-ffi	decode-read	no-unknown	20	594.2	573.5	792.5	0.368	577.5	610.5
codec-nounk-U	U-root-u-varint	U-root-u-varint	ascii	core-ffi-pull	decode-read	no-unknown	20	604.8	577.7	770.2	0.318	591.9	664.9
codec-nounk-U	U-nested-group	U-nested-group	ascii	incumbent-prod	encode	default	20	200.3	189.5	265.7	0.381	194.7	217.8
codec-nounk-U	U-nested-group	U-nested-group	ascii	armonik	encode	default	20	210.4	199.5	259.6	0.285	205.1	219.9
codec-nounk-U	U-nested-group	U-nested-group	ascii	core-native	encode	no-unknown	20	40.6	38.7	50.6	0.294	39.5	42.0
codec-nounk-U	U-nested-group	U-nested-group	ascii	core-ffi	encode	no-unknown	20	80.1	74.7	95.6	0.261	77.3	83.0
codec-nounk-U	U-nested-u-msg	U-nested-u-msg	ascii	incumbent-prod	decode	default	20	234.5	226.9	261.8	0.149	229.5	241.7
codec-nounk-U	U-nested-u-msg	U-nested-u-msg	ascii	armonik	decode	default	20	228.2	219.3	254.4	0.154	222.7	234.0
codec-nounk-U	U-nested-u-msg	U-nested-u-msg	ascii	core-native	decode	no-unknown	20	177.9	169.8	200.4	0.172	173.9	180.6
codec-nounk-U	U-nested-u-msg	U-nested-u-msg	ascii	core-ffi	decode	no-unknown	20	274.5	260.0	293.6	0.122	266.1	281.5
codec-nounk-U	U-nested-u-msg	U-nested-u-msg	ascii	core-ffi-pull	decode	no-unknown	20	276.8	267.0	294.1	0.098	270.0	282.4
codec-nounk-U	U-leaf-u-packed	U-leaf-u-packed	ascii	incumbent-prod	encode	default	20	202.0	187.3	215.2	0.138	197.9	205.7
codec-nounk-U	U-leaf-u-packed	U-leaf-u-packed	ascii	armonik	encode	default	20	214.2	199.8	230.3	0.143	211.0	219.7
codec-nounk-U	U-leaf-u-packed	U-leaf-u-packed	ascii	core-native	encode	no-unknown	20	40.7	39.0	43.5	0.110	40.4	41.4
codec-nounk-U	U-leaf-u-packed	U-leaf-u-packed	ascii	core-ffi	encode	no-unknown	20	80.6	76.5	87.5	0.137	78.5	84.3
codec-nounk-U	U-oneof-interleaved	U-oneof-interleaved	ascii	incumbent-prod	decode-read	default	20	166.9	160.9	172.7	0.071	165.1	168.9
codec-nounk-U	U-oneof-interleaved	U-oneof-interleaved	ascii	armonik	decode-read	default	20	169.2	165.7	177.6	0.071	168.0	171.7
codec-nounk-U	U-oneof-interleaved	U-oneof-interleaved	ascii	core-native	decode-read	no-unknown	20	95.6	93.6	98.3	0.049	94.7	96.3
codec-nounk-U	U-oneof-interleaved	U-oneof-interleaved	ascii	core-ffi	decode-read	no-unknown	20	139.2	136.1	142.9	0.048	138.5	139.4
codec-nounk-U	U-oneof-interleaved	U-oneof-interleaved	ascii	core-ffi-pull	decode-read	no-unknown	20	150.4	147.4	153.6	0.042	149.8	150.5
codec-nounk-U	U-root-u-msg	U-root-u-msg	ascii	incumbent-prod	encode	default	20	440.2	425.4	459.8	0.078	435.3	449.9
codec-nounk-U	U-root-u-msg	U-root-u-msg	ascii	armonik	encode	default	20	461.9	451.6	523.9	0.157	456.7	475.8
codec-nounk-U	U-root-u-msg	U-root-u-msg	ascii	core-native	encode	no-unknown	20	83.5	82.2	90.4	0.099	83.1	85.4
codec-nounk-U	U-root-u-msg	U-root-u-msg	ascii	core-ffi	encode	no-unknown	20	151.3	146.3	159.8	0.089	149.2	154.3
codec-nounk-U	U-oneof-member-before-known	U-oneof-member-before-known	ascii	incumbent-prod	decode	default	20	114.2	102.4	123.5	0.185	104.4	118.0
codec-nounk-U	U-oneof-member-before-known	U-oneof-member-before-known	ascii	armonik	decode	default	20	113.5	104.1	122.6	0.163	106.4	117.2
codec-nounk-U	U-oneof-member-before-known	U-oneof-member-before-known	ascii	core-native	decode	no-unknown	20	77.6	71.7	82.5	0.138	74.5	79.5
codec-nounk-U	U-oneof-member-before-known	U-oneof-member-before-known	ascii	core-ffi	decode	no-unknown	20	133.3	118.0	138.2	0.152	127.4	135.6
codec-nounk-U	U-oneof-member-before-known	U-oneof-member-before-known	ascii	core-ffi-pull	decode	no-unknown	20	141.7	125.5	154.6	0.205	131.9	148.9
codec-nounk-U	U-wire-ListResultsResponse-results-as-wt5	U-wire-ListResultsResponse-results-as-wt5	ascii	core-native	encode	no-unknown	20	100.8	97.9	103.3	0.054	100.0	101.6
codec-nounk-U	U-wire-ListResultsResponse-results-as-wt5	U-wire-ListResultsResponse-results-as-wt5	ascii	core-ffi	encode	no-unknown	20	180.3	174.7	188.1	0.074	179.0	181.6
codec-nounk-U	U-wire-UploadResultDataMessage-upload-as-wt0	U-wire-UploadResultDataMessage-upload-as-wt0	ascii	core-native	decode-read	no-unknown	20	85.4	82.7	88.6	0.069	84.5	86.1
codec-nounk-U	U-wire-UploadResultDataMessage-upload-as-wt0	U-wire-UploadResultDataMessage-upload-as-wt0	ascii	core-ffi	decode-read	no-unknown	20	140.4	135.2	145.9	0.076	138.4	143.0
codec-nounk-U	U-wire-UploadResultDataMessage-upload-as-wt0	U-wire-UploadResultDataMessage-upload-as-wt0	ascii	core-ffi-pull	decode-read	no-unknown	20	141.0	136.2	144.9	0.062	138.6	142.0
codec-nounk-U	U-wire-ListTasksDetailedResponse-tasks-as-wt5	U-wire-ListTasksDetailedResponse-tasks-as-wt5	ascii	core-native	encode	no-unknown	20	501.9	458.6	510.2	0.103	497.5	506.4
codec-nounk-U	U-wire-ListTasksDetailedResponse-tasks-as-wt5	U-wire-ListTasksDetailedResponse-tasks-as-wt5	ascii	core-ffi	encode	no-unknown	20	1024.9	947.6	1069.0	0.118	1007.6	1031.0
codec-nounk-U	U-wire-ListResultsResponse-results-as-wt0	U-wire-ListResultsResponse-results-as-wt0	ascii	core-native	encode	no-unknown	20	86.2	80.6	89.7	0.105	83.0	87.0
codec-nounk-U	U-wire-ListResultsResponse-results-as-wt0	U-wire-ListResultsResponse-results-as-wt0	ascii	core-ffi	encode	no-unknown	20	157.3	149.6	161.0	0.073	153.8	158.6
codec-nounk-U	U-element-u-len	U-element-u-len	ascii	incumbent-prod	decode-read	default	20	1902.5	1494.3	1971.9	0.251	1561.6	1912.6
codec-nounk-U	U-element-u-len	U-element-u-len	ascii	armonik	decode-read	default	20	1852.4	1446.4	1918.7	0.255	1528.5	1865.6
codec-nounk-U	U-element-u-len	U-element-u-len	ascii	core-native	decode-read	no-unknown	20	1458.9	1140.0	1474.6	0.229	1200.4	1469.0
codec-nounk-U	U-element-u-len	U-element-u-len	ascii	core-ffi	decode-read	no-unknown	20	2361.2	1842.7	2412.0	0.241	1957.7	2382.5
codec-nounk-U	U-element-u-len	U-element-u-len	ascii	core-ffi-pull	decode-read	no-unknown	20	2373.0	1846.0	2437.0	0.249	2093.0	2388.8
codec-nounk-U	U-root-all	U-root-all	ascii	incumbent-prod	decode-read	default	20	721.2	704.5	752.8	0.067	716.9	727.1
codec-nounk-U	U-root-all	U-root-all	ascii	armonik	decode-read	default	20	760.9	738.1	790.2	0.068	751.9	781.6
codec-nounk-U	U-root-all	U-root-all	ascii	core-native	decode-read	no-unknown	20	563.2	541.2	592.9	0.092	549.7	576.1
codec-nounk-U	U-root-all	U-root-all	ascii	core-ffi	decode-read	no-unknown	20	801.1	782.9	811.9	0.036	790.1	804.3
codec-nounk-U	U-root-all	U-root-all	ascii	core-ffi-pull	decode-read	no-unknown	20	805.8	788.1	826.1	0.047	798.3	811.1
codec-nounk-U	U-root-before	U-root-before	ascii	incumbent-prod	encode	default	20	557.0	546.3	708.1	0.290	551.4	563.8
codec-nounk-U	U-root-before	U-root-before	ascii	armonik	encode	default	20	589.2	578.1	622.8	0.076	584.0	595.6
codec-nounk-U	U-root-before	U-root-before	ascii	core-native	encode	no-unknown	20	107.0	104.4	133.4	0.271	105.9	107.8
codec-nounk-U	U-root-before	U-root-before	ascii	core-ffi	encode	no-unknown	20	192.8	186.7	246.5	0.310	189.8	195.2
codec-nounk-U	U-element-u-len	U-element-u-len	ascii	incumbent-prod	encode	default	20	1238.3	1223.1	1279.5	0.045	1230.2	1250.6
codec-nounk-U	U-element-u-len	U-element-u-len	ascii	armonik	encode	default	20	1255.1	1207.7	1271.5	0.051	1247.6	1263.9
codec-nounk-U	U-element-u-len	U-element-u-len	ascii	core-native	encode	no-unknown	20	250.3	247.4	255.5	0.033	249.2	251.8
codec-nounk-U	U-element-u-len	U-element-u-len	ascii	core-ffi	encode	no-unknown	20	538.3	529.8	549.5	0.037	536.4	542.2
codec-nounk-U	U-nested-u-packed	U-nested-u-packed	ascii	incumbent-prod	decode	default	20	290.8	230.8	301.2	0.242	234.8	293.1
codec-nounk-U	U-nested-u-packed	U-nested-u-packed	ascii	armonik	decode	default	20	285.0	221.4	297.4	0.267	230.0	289.5
codec-nounk-U	U-nested-u-packed	U-nested-u-packed	ascii	core-native	decode	no-unknown	20	218.0	166.4	225.3	0.270	171.3	219.8
codec-nounk-U	U-nested-u-packed	U-nested-u-packed	ascii	core-ffi	decode	no-unknown	20	340.3	257.6	348.5	0.267	267.0	345.2
codec-nounk-U	U-nested-u-packed	U-nested-u-packed	ascii	core-ffi-pull	decode	no-unknown	20	346.6	268.2	355.3	0.251	272.4	352.2
codec-nounk-U	U-wire-ListProbeResponse-probes-as-wt5	U-wire-ListProbeResponse-probes-as-wt5	ascii	core-native	encode	no-unknown	20	33.8	33.2	34.4	0.036	33.6	34.0
codec-nounk-U	U-wire-ListProbeResponse-probes-as-wt5	U-wire-ListProbeResponse-probes-as-wt5	ascii	core-ffi	encode	no-unknown	20	72.7	70.5	75.0	0.063	72.1	73.5
codec-nounk-U	U-root-group	U-root-group	ascii	incumbent-prod	decode	default	20	518.7	500.9	534.2	0.064	510.1	520.8
codec-nounk-U	U-root-group	U-root-group	ascii	armonik	decode	default	20	540.9	534.9	550.9	0.030	536.7	547.8
codec-nounk-U	U-root-group	U-root-group	ascii	core-native	decode	no-unknown	20	406.8	398.9	412.5	0.033	401.8	409.7
codec-nounk-U	U-root-group	U-root-group	ascii	core-ffi	decode	no-unknown	20	587.6	578.0	625.0	0.080	585.1	589.0
codec-nounk-U	U-root-group	U-root-group	ascii	core-ffi-pull	decode	no-unknown	20	607.9	598.5	627.4	0.047	604.3	609.4
codec-nounk-U	U-nested-u-msg	U-nested-u-msg	ascii	incumbent-prod	decode-read	default	20	238.8	234.8	246.2	0.048	236.9	241.9
codec-nounk-U	U-nested-u-msg	U-nested-u-msg	ascii	armonik	decode-read	default	20	233.6	228.0	247.3	0.082	229.5	235.2
codec-nounk-U	U-nested-u-msg	U-nested-u-msg	ascii	core-native	decode-read	no-unknown	20	186.1	179.0	207.5	0.153	182.7	189.4
codec-nounk-U	U-nested-u-msg	U-nested-u-msg	ascii	core-ffi	decode-read	no-unknown	20	277.6	268.3	304.6	0.131	275.0	282.9
codec-nounk-U	U-nested-u-msg	U-nested-u-msg	ascii	core-ffi-pull	decode-read	no-unknown	20	282.9	278.2	330.6	0.185	280.4	289.4
codec-nounk-U	U-oneof-member-alone	U-oneof-member-alone	ascii	incumbent-prod	decode	default	20	88.7	87.0	157.3	0.793	88.3	89.2
codec-nounk-U	U-oneof-member-alone	U-oneof-member-alone	ascii	armonik	decode	default	20	88.7	87.2	136.6	0.557	88.1	89.7
codec-nounk-U	U-oneof-member-alone	U-oneof-member-alone	ascii	core-native	decode	no-unknown	20	65.4	64.0	77.2	0.201	64.5	65.7
codec-nounk-U	U-oneof-member-alone	U-oneof-member-alone	ascii	core-ffi	decode	no-unknown	20	110.0	108.5	112.5	0.037	109.5	110.5
codec-nounk-U	U-oneof-member-alone	U-oneof-member-alone	ascii	core-ffi-pull	decode	no-unknown	20	116.6	115.0	177.5	0.536	116.1	117.4
codec-nounk-U	U-oneof-u-varint	U-oneof-u-varint	ascii	incumbent-prod	decode-read	default	20	137.1	110.5	174.2	0.464	135.2	141.2
codec-nounk-U	U-oneof-u-varint	U-oneof-u-varint	ascii	armonik	decode-read	default	20	141.5	122.0	160.9	0.275	140.3	144.9
codec-nounk-U	U-oneof-u-varint	U-oneof-u-varint	ascii	core-native	decode-read	no-unknown	20	95.7	77.8	112.6	0.363	94.9	96.3
codec-nounk-U	U-oneof-u-varint	U-oneof-u-varint	ascii	core-ffi	decode-read	no-unknown	20	151.7	136.7	206.1	0.457	149.5	153.5
codec-nounk-U	U-oneof-u-varint	U-oneof-u-varint	ascii	core-ffi-pull	decode-read	no-unknown	20	163.4	159.3	182.0	0.139	161.8	168.0
codec-nounk-U	U-element-u-repeated	U-element-u-repeated	ascii	incumbent-prod	decode	default	20	2067.7	2022.8	2747.0	0.350	2052.1	2110.2
codec-nounk-U	U-element-u-repeated	U-element-u-repeated	ascii	armonik	decode	default	20	2008.7	1942.9	2402.2	0.229	1993.7	2131.9
codec-nounk-U	U-element-u-repeated	U-element-u-repeated	ascii	core-native	decode	no-unknown	20	1595.7	1519.5	2104.2	0.366	1559.7	1622.5
codec-nounk-U	U-element-u-repeated	U-element-u-repeated	ascii	core-ffi	decode	no-unknown	20	2391.1	2300.5	3426.7	0.471	2362.3	2435.0
codec-nounk-U	U-element-u-repeated	U-element-u-repeated	ascii	core-ffi-pull	decode	no-unknown	20	2377.6	2312.5	2938.5	0.263	2362.4	2430.9
codec-nounk-U	U-wire-ListResultsResponse-page-as-wt5	U-wire-ListResultsResponse-page-as-wt5	ascii	core-native	encode	no-unknown	20	105.3	102.5	110.4	0.074	104.2	106.9
codec-nounk-U	U-wire-ListResultsResponse-page-as-wt5	U-wire-ListResultsResponse-page-as-wt5	ascii	core-ffi	encode	no-unknown	20	194.4	188.2	218.1	0.154	192.4	195.5
codec-nounk-U	U-oneof-interleaved	U-oneof-interleaved	ascii	incumbent-prod	encode	default	20	116.4	110.0	127.5	0.150	113.2	123.2
codec-nounk-U	U-oneof-interleaved	U-oneof-interleaved	ascii	armonik	encode	default	20	117.6	109.3	141.1	0.270	114.3	119.8
codec-nounk-U	U-oneof-interleaved	U-oneof-interleaved	ascii	core-native	encode	no-unknown	20	23.1	22.4	24.9	0.106	22.9	23.4
codec-nounk-U	U-oneof-interleaved	U-oneof-interleaved	ascii	core-ffi	encode	no-unknown	20	50.6	49.5	62.7	0.260	50.3	51.3
codec-nounk-U	U-wire-UploadResultDataMessage-upload-as-wt5	U-wire-UploadResultDataMessage-upload-as-wt5	ascii	core-native	decode	no-unknown	20	91.3	89.5	96.7	0.079	90.8	92.4
codec-nounk-U	U-wire-UploadResultDataMessage-upload-as-wt5	U-wire-UploadResultDataMessage-upload-as-wt5	ascii	core-ffi	decode	no-unknown	20	150.2	147.0	163.4	0.110	148.7	153.1
codec-nounk-U	U-wire-UploadResultDataMessage-upload-as-wt5	U-wire-UploadResultDataMessage-upload-as-wt5	ascii	core-ffi-pull	decode	no-unknown	20	152.5	147.4	158.7	0.074	150.9	154.8
codec-nounk-U	U-wire-ListResultsResponse-results-as-wt0	U-wire-ListResultsResponse-results-as-wt0	ascii	core-native	decode	no-unknown	20	517.4	511.5	556.3	0.086	515.8	522.5
codec-nounk-U	U-wire-ListResultsResponse-results-as-wt0	U-wire-ListResultsResponse-results-as-wt0	ascii	core-ffi	decode	no-unknown	20	780.9	758.7	1105.7	0.444	771.3	787.9
codec-nounk-U	U-wire-ListResultsResponse-results-as-wt0	U-wire-ListResultsResponse-results-as-wt0	ascii	core-ffi-pull	decode	no-unknown	20	790.5	771.8	934.0	0.205	783.4	802.0
codec-nounk-U	U-element-all	U-element-all	ascii	incumbent-prod	decode	default	20	2116.2	2071.4	2301.2	0.109	2098.2	2179.8
codec-nounk-U	U-element-all	U-element-all	ascii	armonik	decode	default	20	2088.9	2024.0	2236.2	0.102	2050.3	2123.6
codec-nounk-U	U-element-all	U-element-all	ascii	core-native	decode	no-unknown	20	1582.3	1557.8	1711.4	0.097	1577.0	1610.0
codec-nounk-U	U-element-all	U-element-all	ascii	core-ffi	decode	no-unknown	20	2384.9	2333.1	2633.1	0.126	2362.0	2431.4
codec-nounk-U	U-element-all	U-element-all	ascii	core-ffi-pull	decode	no-unknown	20	2447.1	2360.1	2611.6	0.103	2416.0	2501.6
codec-nounk-U	U-wire-ListTasksDetailedResponse-page-as-wt5	U-wire-ListTasksDetailedResponse-page-as-wt5	ascii	core-native	decode	no-unknown	20	3618.6	3581.3	3735.4	0.043	3598.4	3638.3
codec-nounk-U	U-wire-ListTasksDetailedResponse-page-as-wt5	U-wire-ListTasksDetailedResponse-page-as-wt5	ascii	core-ffi	decode	no-unknown	20	5169.1	5098.2	5382.3	0.055	5134.5	5224.0
codec-nounk-U	U-wire-ListTasksDetailedResponse-page-as-wt5	U-wire-ListTasksDetailedResponse-page-as-wt5	ascii	core-ffi-pull	decode	no-unknown	20	5144.3	4986.8	5359.0	0.072	5099.1	5169.4
codec-nounk-U	U-root-max-tag	U-root-max-tag	ascii	incumbent-prod	encode	default	20	558.8	541.5	577.5	0.065	550.3	563.9
codec-nounk-U	U-root-max-tag	U-root-max-tag	ascii	armonik	encode	default	20	588.9	572.0	612.5	0.069	579.1	592.5
codec-nounk-U	U-root-max-tag	U-root-max-tag	ascii	core-native	encode	no-unknown	20	202.4	197.0	209.6	0.062	200.8	205.3
codec-nounk-U	U-root-max-tag	U-root-max-tag	ascii	core-ffi	encode	no-unknown	20	192.5	186.9	207.9	0.109	189.2	197.4
codec-nounk-U	U-wire-ListMetricsResponse-batches-as-wt0	U-wire-ListMetricsResponse-batches-as-wt0	ascii	core-native	encode	no-unknown	20	607.8	598.7	632.5	0.055	602.7	619.4
codec-nounk-U	U-wire-ListMetricsResponse-batches-as-wt0	U-wire-ListMetricsResponse-batches-as-wt0	ascii	core-ffi	encode	no-unknown	20	749.1	734.3	795.6	0.082	743.2	756.3
codec-nounk-U	U-element-all	U-element-all	ascii	incumbent-prod	decode-read	default	20	2255.0	2216.8	2405.0	0.083	2249.3	2266.1
codec-nounk-U	U-element-all	U-element-all	ascii	armonik	decode-read	default	20	2210.8	2154.2	2352.2	0.090	2201.5	2224.3
codec-nounk-U	U-element-all	U-element-all	ascii	core-native	decode-read	no-unknown	20	1740.9	1703.6	1802.2	0.057	1723.0	1749.2
codec-nounk-U	U-element-all	U-element-all	ascii	core-ffi	decode-read	no-unknown	20	2517.2	2481.8	2714.4	0.092	2507.3	2544.2
codec-nounk-U	U-element-all	U-element-all	ascii	core-ffi-pull	decode-read	no-unknown	20	2540.9	2472.1	2718.3	0.097	2525.8	2569.1
codec-nounk-U	U-oneof-u-msg	U-oneof-u-msg	ascii	incumbent-prod	decode-read	default	20	129.4	128.4	141.7	0.102	129.0	130.2
codec-nounk-U	U-oneof-u-msg	U-oneof-u-msg	ascii	armonik	decode-read	default	20	134.7	132.8	138.7	0.044	134.2	136.4
codec-nounk-U	U-oneof-u-msg	U-oneof-u-msg	ascii	core-native	decode-read	no-unknown	20	93.2	91.4	96.7	0.057	92.3	93.7
codec-nounk-U	U-oneof-u-msg	U-oneof-u-msg	ascii	core-ffi	decode-read	no-unknown	20	149.9	146.7	153.0	0.042	147.9	151.7
codec-nounk-U	U-oneof-u-msg	U-oneof-u-msg	ascii	core-ffi-pull	decode-read	no-unknown	20	159.3	157.7	165.5	0.049	158.8	160.2
codec-nounk-U	U-oneof-u-fixed32	U-oneof-u-fixed32	ascii	incumbent-prod	encode	default	20	115.1	105.8	126.2	0.178	110.9	121.9
codec-nounk-U	U-oneof-u-fixed32	U-oneof-u-fixed32	ascii	armonik	encode	default	20	116.4	109.0	124.9	0.137	114.8	118.7
codec-nounk-U	U-oneof-u-fixed32	U-oneof-u-fixed32	ascii	core-native	encode	no-unknown	20	23.1	22.2	24.2	0.089	22.7	23.4
codec-nounk-U	U-oneof-u-fixed32	U-oneof-u-fixed32	ascii	core-ffi	encode	no-unknown	20	50.5	48.6	54.6	0.118	50.3	50.9
codec-nounk-U	U-enum-value-packed	U-enum-value-packed	ascii	incumbent-prod	decode-read	default	20	105.5	103.4	107.9	0.043	104.9	106.4
codec-nounk-U	U-enum-value-packed	U-enum-value-packed	ascii	armonik	decode-read	default	20	135.0	132.6	138.2	0.042	134.0	136.1
codec-nounk-U	U-enum-value-packed	U-enum-value-packed	ascii	core-native	decode-read	no-unknown	20	85.8	83.9	90.2	0.073	85.1	86.9
codec-nounk-U	U-enum-value-packed	U-enum-value-packed	ascii	core-ffi	decode-read	no-unknown	20	218.1	214.5	264.0	0.227	216.8	219.8
codec-nounk-U	U-enum-value-packed	U-enum-value-packed	ascii	core-ffi-pull	decode-read	no-unknown	20	235.5	231.7	244.9	0.056	234.4	238.5
codec-nounk-U	U-element-u-msg	U-element-u-msg	ascii	incumbent-prod	encode	default	20	1238.9	1211.6	1260.0	0.039	1227.1	1248.4
codec-nounk-U	U-element-u-msg	U-element-u-msg	ascii	armonik	encode	default	20	1244.3	1216.8	1288.7	0.058	1230.6	1254.9
codec-nounk-U	U-element-u-msg	U-element-u-msg	ascii	core-native	encode	no-unknown	20	253.4	249.4	263.7	0.057	251.1	255.3
codec-nounk-U	U-element-u-msg	U-element-u-msg	ascii	core-ffi	encode	no-unknown	20	543.0	536.9	560.0	0.043	542.1	550.0
codec-nounk-U	U-oneof-before	U-oneof-before	ascii	incumbent-prod	decode-read	default	20	211.9	200.8	220.8	0.095	208.6	214.2
codec-nounk-U	U-oneof-before	U-oneof-before	ascii	armonik	decode-read	default	20	218.5	204.8	230.2	0.116	215.9	220.7
codec-nounk-U	U-oneof-before	U-oneof-before	ascii	core-native	decode-read	no-unknown	20	121.6	119.6	150.1	0.251	120.1	124.9
codec-nounk-U	U-oneof-before	U-oneof-before	ascii	core-ffi	decode-read	no-unknown	20	177.0	169.5	213.4	0.248	175.5	180.4
codec-nounk-U	U-oneof-before	U-oneof-before	ascii	core-ffi-pull	decode-read	no-unknown	20	186.8	175.5	195.5	0.107	184.6	188.2
codec-nounk-U	U-oneof-member-alone	U-oneof-member-alone	ascii	incumbent-prod	decode-read	default	20	90.8	89.4	120.8	0.345	90.2	93.9
codec-nounk-U	U-oneof-member-alone	U-oneof-member-alone	ascii	armonik	decode-read	default	20	92.4	89.8	115.5	0.279	91.6	93.4
codec-nounk-U	U-oneof-member-alone	U-oneof-member-alone	ascii	core-native	decode-read	no-unknown	20	69.2	67.3	86.3	0.274	68.8	70.1
codec-nounk-U	U-oneof-member-alone	U-oneof-member-alone	ascii	core-ffi	decode-read	no-unknown	20	112.0	108.9	138.5	0.264	110.8	112.8
codec-nounk-U	U-oneof-member-alone	U-oneof-member-alone	ascii	core-ffi-pull	decode-read	no-unknown	20	119.8	118.7	152.5	0.282	119.1	121.0
codec-nounk-U	U-leaf-u-msg	U-leaf-u-msg	ascii	incumbent-prod	decode-read	default	20	250.5	242.8	261.3	0.074	247.6	254.9
codec-nounk-U	U-leaf-u-msg	U-leaf-u-msg	ascii	armonik	decode-read	default	20	244.8	238.3	280.6	0.173	241.5	247.7
codec-nounk-U	U-leaf-u-msg	U-leaf-u-msg	ascii	core-native	decode-read	no-unknown	20	181.4	177.7	190.6	0.071	179.9	183.5
codec-nounk-U	U-leaf-u-msg	U-leaf-u-msg	ascii	core-ffi	decode-read	no-unknown	20	273.8	267.0	304.4	0.137	270.8	277.3
codec-nounk-U	U-leaf-u-msg	U-leaf-u-msg	ascii	core-ffi-pull	decode-read	no-unknown	20	276.8	274.1	336.9	0.227	275.5	280.2
codec-nounk-U	U-nested-u-len	U-nested-u-len	ascii	incumbent-prod	decode	default	20	229.7	225.1	236.4	0.049	227.3	232.4
codec-nounk-U	U-nested-u-len	U-nested-u-len	ascii	armonik	decode	default	20	221.7	219.2	236.5	0.078	220.7	226.2
codec-nounk-U	U-nested-u-len	U-nested-u-len	ascii	core-native	decode	no-unknown	20	171.5	167.9	178.4	0.061	170.4	173.2
codec-nounk-U	U-nested-u-len	U-nested-u-len	ascii	core-ffi	decode	no-unknown	20	269.0	260.2	288.4	0.105	266.1	271.5
codec-nounk-U	U-nested-u-len	U-nested-u-len	ascii	core-ffi-pull	decode	no-unknown	20	271.9	265.4	288.5	0.085	270.4	273.9
codec-nounk-U	U-root-u-len	U-root-u-len	ascii	incumbent-prod	decode	default	20	479.2	470.5	518.1	0.099	476.5	482.3
codec-nounk-U	U-root-u-len	U-root-u-len	ascii	armonik	decode	default	20	483.8	473.2	513.7	0.084	478.9	488.7
codec-nounk-U	U-root-u-len	U-root-u-len	ascii	core-native	decode	no-unknown	20	367.0	359.2	389.8	0.083	362.5	371.0
codec-nounk-U	U-root-u-len	U-root-u-len	ascii	core-ffi	decode	no-unknown	20	558.0	551.5	601.0	0.089	555.8	562.0
codec-nounk-U	U-root-u-len	U-root-u-len	ascii	core-ffi-pull	decode	no-unknown	20	564.3	551.0	589.0	0.067	562.3	568.4
codec-nounk-U	U-element-u-packed	U-element-u-packed	ascii	incumbent-prod	decode-read	default	20	1596.3	1546.3	1842.0	0.185	1590.3	1607.2
codec-nounk-U	U-element-u-packed	U-element-u-packed	ascii	armonik	decode-read	default	20	1563.8	1520.9	1687.6	0.107	1555.2	1573.9
codec-nounk-U	U-element-u-packed	U-element-u-packed	ascii	core-native	decode-read	no-unknown	20	1232.0	1207.4	1295.5	0.071	1223.3	1236.9
codec-nounk-U	U-element-u-packed	U-element-u-packed	ascii	core-ffi	decode-read	no-unknown	20	1974.1	1941.6	2176.2	0.119	1959.0	1997.2
codec-nounk-U	U-element-u-packed	U-element-u-packed	ascii	core-ffi-pull	decode-read	no-unknown	20	1995.5	1947.3	2124.0	0.089	1980.1	2046.2
codec-nounk-U	U-nested-all	U-nested-all	ascii	incumbent-prod	encode	default	20	193.2	187.7	237.3	0.257	191.1	197.3
codec-nounk-U	U-nested-all	U-nested-all	ascii	armonik	encode	default	20	201.3	198.7	212.4	0.068	200.4	208.9
codec-nounk-U	U-nested-all	U-nested-all	ascii	core-native	encode	no-unknown	20	39.4	37.8	47.0	0.232	38.9	40.7
codec-nounk-U	U-nested-all	U-nested-all	ascii	core-ffi	encode	no-unknown	20	77.6	74.0	84.2	0.131	76.4	81.1
codec-nounk-U	U-wire-ListProbeResponse-probes-as-wt1	U-wire-ListProbeResponse-probes-as-wt1	ascii	core-native	encode	no-unknown	20	43.5	41.6	44.6	0.068	43.2	44.3
codec-nounk-U	U-wire-ListProbeResponse-probes-as-wt1	U-wire-ListProbeResponse-probes-as-wt1	ascii	core-ffi	encode	no-unknown	20	93.6	90.8	95.8	0.053	92.1	95.2
codec-nounk-U	U-leaf-all	U-leaf-all	ascii	incumbent-prod	decode-read	default	20	494.3	481.1	506.9	0.052	491.3	498.9
codec-nounk-U	U-leaf-all	U-leaf-all	ascii	armonik	decode-read	default	20	487.2	477.0	507.6	0.063	483.4	493.8
codec-nounk-U	U-leaf-all	U-leaf-all	ascii	core-native	decode-read	no-unknown	20	297.9	289.3	325.2	0.120	294.8	304.7
codec-nounk-U	U-leaf-all	U-leaf-all	ascii	core-ffi	decode-read	no-unknown	20	417.6	407.7	429.3	0.052	414.6	424.7
codec-nounk-U	U-leaf-all	U-leaf-all	ascii	core-ffi-pull	decode-read	no-unknown	20	424.7	417.1	501.5	0.199	420.8	428.4
codec-nounk-U	U-wire-DualResponse-left-as-wt1	U-wire-DualResponse-left-as-wt1	ascii	core-native	decode-read	no-unknown	20	179.6	176.3	191.2	0.083	178.6	181.6
codec-nounk-U	U-wire-DualResponse-left-as-wt1	U-wire-DualResponse-left-as-wt1	ascii	core-ffi	decode-read	no-unknown	20	258.6	254.5	298.4	0.170	256.7	260.2
codec-nounk-U	U-wire-DualResponse-left-as-wt1	U-wire-DualResponse-left-as-wt1	ascii	core-ffi-pull	decode-read	no-unknown	20	275.8	272.1	298.8	0.097	274.8	278.3
codec-nounk-U	U-leaf-u-varint	U-leaf-u-varint	ascii	incumbent-prod	encode	default	20	243.5	238.7	323.9	0.350	242.3	248.2
codec-nounk-U	U-leaf-u-varint	U-leaf-u-varint	ascii	armonik	encode	default	20	258.1	252.6	290.1	0.145	255.9	259.3
codec-nounk-U	U-leaf-u-varint	U-leaf-u-varint	ascii	core-native	encode	no-unknown	20	49.5	48.4	52.6	0.085	49.2	49.8
codec-nounk-U	U-leaf-u-varint	U-leaf-u-varint	ascii	core-ffi	encode	no-unknown	20	97.7	95.0	105.1	0.103	95.8	100.4
codec-nounk-U	U-oneof-all	U-oneof-all	ascii	incumbent-prod	decode-read	default	20	220.6	205.3	275.2	0.317	211.7	222.7
codec-nounk-U	U-oneof-all	U-oneof-all	ascii	armonik	decode-read	default	20	220.1	212.9	288.4	0.343	217.1	225.5
codec-nounk-U	U-oneof-all	U-oneof-all	ascii	core-native	decode-read	no-unknown	20	124.2	121.2	176.5	0.445	123.8	127.3
codec-nounk-U	U-oneof-all	U-oneof-all	ascii	core-ffi	decode-read	no-unknown	20	179.6	174.9	229.6	0.304	176.9	183.9
codec-nounk-U	U-oneof-all	U-oneof-all	ascii	core-ffi-pull	decode-read	no-unknown	20	195.8	188.1	249.5	0.314	193.2	201.8
codec-nounk-U	U-wire-ListProbeResponse-probes-as-wt5	U-wire-ListProbeResponse-probes-as-wt5	ascii	core-native	decode	no-unknown	20	178.8	175.5	183.2	0.043	177.9	179.6
codec-nounk-U	U-wire-ListProbeResponse-probes-as-wt5	U-wire-ListProbeResponse-probes-as-wt5	ascii	core-ffi	decode	no-unknown	20	295.6	291.9	314.8	0.077	293.4	298.1
codec-nounk-U	U-wire-ListProbeResponse-probes-as-wt5	U-wire-ListProbeResponse-probes-as-wt5	ascii	core-ffi-pull	decode	no-unknown	20	301.8	295.0	309.7	0.049	298.7	303.5
codec-nounk-U	U-wire-ListProbeResponse-probes-as-wt1	U-wire-ListProbeResponse-probes-as-wt1	ascii	core-native	decode-read	no-unknown	20	190.3	188.5	194.7	0.033	189.5	191.1
codec-nounk-U	U-wire-ListProbeResponse-probes-as-wt1	U-wire-ListProbeResponse-probes-as-wt1	ascii	core-ffi	decode-read	no-unknown	20	304.9	299.9	309.2	0.030	303.2	306.0
codec-nounk-U	U-wire-ListProbeResponse-probes-as-wt1	U-wire-ListProbeResponse-probes-as-wt1	ascii	core-ffi-pull	decode-read	no-unknown	20	314.4	307.4	320.7	0.042	311.4	317.5
codec-nounk-U	U-deep-all	U-deep-all	ascii	incumbent-prod	decode	default	20	2079.0	2033.1	2204.3	0.082	2059.2	2099.3
codec-nounk-U	U-deep-all	U-deep-all	ascii	armonik	decode	default	20	2022.3	1987.1	2095.5	0.054	2010.7	2052.2
codec-nounk-U	U-deep-all	U-deep-all	ascii	core-native	decode	no-unknown	20	1557.5	1500.0	1597.7	0.063	1531.5	1564.6
codec-nounk-U	U-deep-all	U-deep-all	ascii	core-ffi	decode	no-unknown	20	2325.0	2290.8	3306.4	0.437	2311.3	2350.2
codec-nounk-U	U-deep-all	U-deep-all	ascii	core-ffi-pull	decode	no-unknown	20	2328.2	2302.5	4401.0	0.901	2311.4	2368.8
codec-nounk-U	U-oneof-member-before-known	U-oneof-member-before-known	ascii	incumbent-prod	decode-read	default	20	129.3	125.1	140.3	0.118	127.8	130.6
codec-nounk-U	U-oneof-member-before-known	U-oneof-member-before-known	ascii	armonik	decode-read	default	20	130.8	127.7	143.8	0.123	129.6	134.3
codec-nounk-U	U-oneof-member-before-known	U-oneof-member-before-known	ascii	core-native	decode-read	no-unknown	20	92.1	90.4	125.8	0.385	91.5	92.7
codec-nounk-U	U-oneof-member-before-known	U-oneof-member-before-known	ascii	core-ffi	decode-read	no-unknown	20	148.7	146.3	158.9	0.085	147.2	150.1
codec-nounk-U	U-oneof-member-before-known	U-oneof-member-before-known	ascii	core-ffi-pull	decode-read	no-unknown	20	165.3	163.1	177.9	0.090	164.6	166.2
codec-nounk-U	U-wire-ListResultsResponse-page-as-wt2	U-wire-ListResultsResponse-page-as-wt2	ascii	core-native	decode-read	no-unknown	20	558.0	554.3	646.7	0.166	556.8	563.8
codec-nounk-U	U-wire-ListResultsResponse-page-as-wt2	U-wire-ListResultsResponse-page-as-wt2	ascii	core-ffi	decode-read	no-unknown	20	781.5	770.7	923.2	0.195	776.5	786.2
codec-nounk-U	U-wire-ListResultsResponse-page-as-wt2	U-wire-ListResultsResponse-page-as-wt2	ascii	core-ffi-pull	decode-read	no-unknown	20	801.8	784.6	817.9	0.041	794.9	806.1
codec-nounk-U	U-root-u-packed	U-root-u-packed	ascii	incumbent-prod	decode	default	20	615.2	601.4	653.4	0.084	611.2	618.1
codec-nounk-U	U-root-u-packed	U-root-u-packed	ascii	armonik	decode	default	20	652.4	637.3	679.3	0.064	646.9	658.7
codec-nounk-U	U-root-u-packed	U-root-u-packed	ascii	core-native	decode	no-unknown	20	506.2	498.1	524.4	0.052	502.9	509.2
codec-nounk-U	U-root-u-packed	U-root-u-packed	ascii	core-ffi	decode	no-unknown	20	750.2	738.2	765.5	0.036	741.9	754.0
codec-nounk-U	U-root-u-packed	U-root-u-packed	ascii	core-ffi-pull	decode	no-unknown	20	762.3	740.8	775.4	0.045	756.3	767.8
codec-nounk-U	U-wire-UploadResultDataMessage-upload-as-wt1	U-wire-UploadResultDataMessage-upload-as-wt1	ascii	core-native	decode-read	no-unknown	20	92.9	91.9	121.2	0.315	92.3	93.5
codec-nounk-U	U-wire-UploadResultDataMessage-upload-as-wt1	U-wire-UploadResultDataMessage-upload-as-wt1	ascii	core-ffi	decode-read	no-unknown	20	152.7	150.5	191.4	0.268	151.9	154.8
codec-nounk-U	U-wire-UploadResultDataMessage-upload-as-wt1	U-wire-UploadResultDataMessage-upload-as-wt1	ascii	core-ffi-pull	decode-read	no-unknown	20	153.8	149.3	200.3	0.332	152.7	154.2
codec-nounk-U	U-element-u-varint	U-element-u-varint	ascii	incumbent-prod	decode	default	20	2012.8	1986.1	2997.7	0.503	1996.1	2036.3
codec-nounk-U	U-element-u-varint	U-element-u-varint	ascii	armonik	decode	default	20	1949.2	1918.0	2035.2	0.060	1941.3	1978.4
codec-nounk-U	U-element-u-varint	U-element-u-varint	ascii	core-native	decode	no-unknown	20	1525.6	1492.8	1973.9	0.315	1505.7	1542.0
codec-nounk-U	U-element-u-varint	U-element-u-varint	ascii	core-ffi	decode	no-unknown	20	2308.9	2258.6	3932.0	0.725	2284.8	2337.5
codec-nounk-U	U-element-u-varint	U-element-u-varint	ascii	core-ffi-pull	decode	no-unknown	20	2347.7	2292.9	3813.1	0.648	2315.6	2414.7
codec-nounk-U	U-enum-value-2147483647	U-enum-value-2147483647	ascii	incumbent-prod	decode	default	20	73.8	72.7	81.4	0.119	73.1	74.7
codec-nounk-U	U-enum-value-2147483647	U-enum-value-2147483647	ascii	armonik	decode	default	20	91.8	89.3	98.0	0.094	90.5	97.2
codec-nounk-U	U-enum-value-2147483647	U-enum-value-2147483647	ascii	core-native	decode	no-unknown	20	85.3	72.2	87.2	0.176	72.7	86.2
codec-nounk-U	U-enum-value-2147483647	U-enum-value-2147483647	ascii	core-ffi	decode	no-unknown	20	105.8	95.4	107.8	0.118	97.0	106.5
codec-nounk-U	U-enum-value-2147483647	U-enum-value-2147483647	ascii	core-ffi-pull	decode	no-unknown	20	112.0	104.1	115.8	0.105	105.0	113.9
codec-nounk-U	U-oneof-all	U-oneof-all	ascii	incumbent-prod	decode	default	20	207.5	201.4	271.7	0.339	206.3	210.9
codec-nounk-U	U-oneof-all	U-oneof-all	ascii	armonik	decode	default	20	212.0	205.6	253.7	0.227	207.7	217.2
codec-nounk-U	U-oneof-all	U-oneof-all	ascii	core-native	decode	no-unknown	20	121.8	115.5	141.0	0.209	119.3	123.7
codec-nounk-U	U-oneof-all	U-oneof-all	ascii	core-ffi	decode	no-unknown	20	172.5	170.3	229.0	0.341	171.5	173.2
codec-nounk-U	U-oneof-all	U-oneof-all	ascii	core-ffi-pull	decode	no-unknown	20	188.3	183.9	190.8	0.036	187.7	189.6
codec-nounk-U	U-root-u-fixed64	U-root-u-fixed64	ascii	incumbent-prod	encode	default	20	559.0	544.2	585.1	0.073	553.3	563.2
codec-nounk-U	U-root-u-fixed64	U-root-u-fixed64	ascii	armonik	encode	default	20	590.3	572.7	607.3	0.059	584.3	595.3
codec-nounk-U	U-root-u-fixed64	U-root-u-fixed64	ascii	core-native	encode	no-unknown	20	106.7	104.0	117.0	0.121	105.9	108.9
codec-nounk-U	U-root-u-fixed64	U-root-u-fixed64	ascii	core-ffi	encode	no-unknown	20	192.9	187.2	203.0	0.082	192.4	196.0
codec-nounk-U	U-enum-value-2147483647	U-enum-value-2147483647	ascii	incumbent-prod	decode-read	default	20	79.9	73.5	96.2	0.284	79.1	80.9
codec-nounk-U	U-enum-value-2147483647	U-enum-value-2147483647	ascii	armonik	decode-read	default	20	95.6	92.8	101.0	0.086	94.9	96.7
codec-nounk-U	U-enum-value-2147483647	U-enum-value-2147483647	ascii	core-native	decode-read	no-unknown	20	82.3	78.4	124.5	0.561	81.7	83.6
codec-nounk-U	U-enum-value-2147483647	U-enum-value-2147483647	ascii	core-ffi	decode-read	no-unknown	20	104.8	97.7	144.9	0.450	103.6	105.7
codec-nounk-U	U-enum-value-2147483647	U-enum-value-2147483647	ascii	core-ffi-pull	decode-read	no-unknown	20	112.0	106.7	127.4	0.185	111.0	113.7
codec-nounk-U	U-oneof-member-after-known	U-oneof-member-after-known	ascii	incumbent-prod	encode	default	20	116.3	107.9	126.2	0.157	114.6	121.0
codec-nounk-U	U-oneof-member-after-known	U-oneof-member-after-known	ascii	armonik	encode	default	20	115.5	107.8	123.7	0.138	111.9	118.0
codec-nounk-U	U-oneof-member-after-known	U-oneof-member-after-known	ascii	core-native	encode	no-unknown	20	23.2	21.9	24.3	0.103	22.9	23.3
codec-nounk-U	U-oneof-member-after-known	U-oneof-member-after-known	ascii	core-ffi	encode	no-unknown	20	50.3	49.2	52.8	0.073	49.5	50.7
codec-nounk-U	U-leaf-u-len	U-leaf-u-len	ascii	incumbent-prod	decode-read	default	20	317.0	309.2	341.9	0.103	313.2	322.9
codec-nounk-U	U-leaf-u-len	U-leaf-u-len	ascii	armonik	decode-read	default	20	308.9	302.0	324.3	0.072	305.1	314.9
codec-nounk-U	U-leaf-u-len	U-leaf-u-len	ascii	core-native	decode-read	no-unknown	20	238.8	236.0	246.9	0.046	236.8	240.8
codec-nounk-U	U-leaf-u-len	U-leaf-u-len	ascii	core-ffi	decode-read	no-unknown	20	355.4	349.4	367.0	0.050	353.6	357.4
codec-nounk-U	U-leaf-u-len	U-leaf-u-len	ascii	core-ffi-pull	decode-read	no-unknown	20	362.3	355.9	372.7	0.046	361.2	366.4
codec-nounk-U	U-leaf-u-fixed64	U-leaf-u-fixed64	ascii	incumbent-prod	decode-read	default	20	313.9	306.2	318.3	0.039	311.1	315.8
codec-nounk-U	U-leaf-u-fixed64	U-leaf-u-fixed64	ascii	armonik	decode-read	default	20	304.1	297.8	436.4	0.456	303.1	308.2
codec-nounk-U	U-leaf-u-fixed64	U-leaf-u-fixed64	ascii	core-native	decode-read	no-unknown	20	235.3	231.3	261.9	0.130	234.6	236.7
codec-nounk-U	U-leaf-u-fixed64	U-leaf-u-fixed64	ascii	core-ffi	decode-read	no-unknown	20	355.8	350.9	368.6	0.049	353.7	357.9
codec-nounk-U	U-leaf-u-fixed64	U-leaf-u-fixed64	ascii	core-ffi-pull	decode-read	no-unknown	20	360.7	354.5	366.4	0.033	358.5	362.6
codec-nounk-U	U-wire-DualResponse-left-as-wt0	U-wire-DualResponse-left-as-wt0	ascii	core-native	decode-read	no-unknown	20	177.6	173.7	181.4	0.043	176.5	178.4
codec-nounk-U	U-wire-DualResponse-left-as-wt0	U-wire-DualResponse-left-as-wt0	ascii	core-ffi	decode-read	no-unknown	20	259.4	254.4	267.2	0.049	257.8	260.4
codec-nounk-U	U-wire-DualResponse-left-as-wt0	U-wire-DualResponse-left-as-wt0	ascii	core-ffi-pull	decode-read	no-unknown	20	273.5	270.8	285.5	0.054	272.3	274.6
codec-nounk-U	U-nested-before	U-nested-before	ascii	incumbent-prod	encode	default	20	243.2	240.6	252.3	0.048	242.2	244.7
codec-nounk-U	U-nested-before	U-nested-before	ascii	armonik	encode	default	20	256.1	253.4	278.4	0.098	255.5	257.6
codec-nounk-U	U-nested-before	U-nested-before	ascii	core-native	encode	no-unknown	20	51.1	49.5	55.3	0.114	50.7	52.0
codec-nounk-U	U-nested-before	U-nested-before	ascii	core-ffi	encode	no-unknown	20	97.2	95.0	104.0	0.092	96.8	98.9
codec-nounk-U	U-nested-u-repeated	U-nested-u-repeated	ascii	incumbent-prod	decode	default	20	306.4	301.9	337.6	0.116	303.7	310.3
codec-nounk-U	U-nested-u-repeated	U-nested-u-repeated	ascii	armonik	decode	default	20	301.2	292.8	330.7	0.126	296.3	307.4
codec-nounk-U	U-nested-u-repeated	U-nested-u-repeated	ascii	core-native	decode	no-unknown	20	224.3	220.4	238.4	0.080	221.6	224.8
codec-nounk-U	U-nested-u-repeated	U-nested-u-repeated	ascii	core-ffi	decode	no-unknown	20	349.5	338.5	407.7	0.198	346.4	357.9
codec-nounk-U	U-nested-u-repeated	U-nested-u-repeated	ascii	core-ffi-pull	decode	no-unknown	20	357.5	345.3	410.1	0.181	353.0	368.9
codec-nounk-U	U-wire-DualResponse-left-as-wt1	U-wire-DualResponse-left-as-wt1	ascii	core-native	encode	no-unknown	20	41.9	38.7	43.7	0.119	41.5	42.5
codec-nounk-U	U-wire-DualResponse-left-as-wt1	U-wire-DualResponse-left-as-wt1	ascii	core-ffi	encode	no-unknown	20	87.2	84.9	90.6	0.065	86.3	87.7
codec-nounk-U	U-oneof-u-fixed64	U-oneof-u-fixed64	ascii	incumbent-prod	decode-read	default	20	129.6	126.1	138.7	0.098	127.8	130.7
codec-nounk-U	U-oneof-u-fixed64	U-oneof-u-fixed64	ascii	armonik	decode-read	default	20	134.2	130.8	154.5	0.176	132.3	136.5
codec-nounk-U	U-oneof-u-fixed64	U-oneof-u-fixed64	ascii	core-native	decode-read	no-unknown	20	94.2	92.0	100.1	0.087	93.0	95.6
codec-nounk-U	U-oneof-u-fixed64	U-oneof-u-fixed64	ascii	core-ffi	decode-read	no-unknown	20	151.8	146.8	165.0	0.120	149.1	155.6
codec-nounk-U	U-oneof-u-fixed64	U-oneof-u-fixed64	ascii	core-ffi-pull	decode-read	no-unknown	20	160.7	156.4	178.1	0.135	158.8	162.1
codec-nounk-U	U-wire-ListTasksDetailedResponse-tasks-as-wt0	U-wire-ListTasksDetailedResponse-tasks-as-wt0	ascii	core-native	encode	no-unknown	20	585.3	573.6	634.9	0.105	580.9	594.8
codec-nounk-U	U-wire-ListTasksDetailedResponse-tasks-as-wt0	U-wire-ListTasksDetailedResponse-tasks-as-wt0	ascii	core-ffi	encode	no-unknown	20	1168.6	1145.1	1296.9	0.130	1153.3	1186.3
codec-nounk-U	U-wire-ListMetricsResponse-batches-as-wt1	U-wire-ListMetricsResponse-batches-as-wt1	ascii	core-native	decode-read	no-unknown	20	1690.4	1625.4	1823.3	0.117	1666.1	1742.1
codec-nounk-U	U-wire-ListMetricsResponse-batches-as-wt1	U-wire-ListMetricsResponse-batches-as-wt1	ascii	core-ffi	decode-read	no-unknown	20	1838.5	1712.9	2000.4	0.156	1782.8	1876.9
codec-nounk-U	U-wire-ListMetricsResponse-batches-as-wt1	U-wire-ListMetricsResponse-batches-as-wt1	ascii	core-ffi-pull	decode-read	no-unknown	20	1618.4	1554.0	1770.6	0.134	1591.9	1644.6
codec-nounk-U	U-oneof-member-after-known	U-oneof-member-after-known	ascii	incumbent-prod	decode-read	default	20	125.5	99.7	133.2	0.267	104.2	128.3
codec-nounk-U	U-oneof-member-after-known	U-oneof-member-after-known	ascii	armonik	decode-read	default	20	129.8	104.3	141.9	0.290	107.9	133.1
codec-nounk-U	U-oneof-member-after-known	U-oneof-member-after-known	ascii	core-native	decode-read	no-unknown	20	92.6	71.7	98.0	0.284	75.1	93.9
codec-nounk-U	U-oneof-member-after-known	U-oneof-member-after-known	ascii	core-ffi	decode-read	no-unknown	20	146.7	116.2	155.2	0.266	124.8	150.9
codec-nounk-U	U-oneof-member-after-known	U-oneof-member-after-known	ascii	core-ffi-pull	decode-read	no-unknown	20	158.6	124.7	170.2	0.287	128.0	161.5
codec-nounk-U	U-leaf-u-fixed32	U-leaf-u-fixed32	ascii	incumbent-prod	encode	default	20	197.2	187.7	251.4	0.323	192.5	208.2
codec-nounk-U	U-leaf-u-fixed32	U-leaf-u-fixed32	ascii	armonik	encode	default	20	211.1	197.9	266.9	0.327	200.7	217.4
codec-nounk-U	U-leaf-u-fixed32	U-leaf-u-fixed32	ascii	core-native	encode	no-unknown	20	40.7	38.5	51.8	0.326	39.9	43.0
codec-nounk-U	U-leaf-u-fixed32	U-leaf-u-fixed32	ascii	core-ffi	encode	no-unknown	20	79.2	74.6	104.1	0.373	77.1	86.2
codec-nounk-U	U-nested-u-fixed64	U-nested-u-fixed64	ascii	incumbent-prod	decode	default	20	266.8	238.8	299.0	0.226	263.1	275.8
codec-nounk-U	U-nested-u-fixed64	U-nested-u-fixed64	ascii	armonik	decode	default	20	259.9	233.5	288.6	0.212	253.6	266.0
codec-nounk-U	U-nested-u-fixed64	U-nested-u-fixed64	ascii	core-native	decode	no-unknown	20	198.3	181.9	249.9	0.343	195.8	202.5
codec-nounk-U	U-nested-u-fixed64	U-nested-u-fixed64	ascii	core-ffi	decode	no-unknown	20	306.5	288.1	349.6	0.201	300.4	315.3
codec-nounk-U	U-nested-u-fixed64	U-nested-u-fixed64	ascii	core-ffi-pull	decode	no-unknown	20	316.5	285.4	354.5	0.218	307.5	324.2
codec-nounk-U	U-wire-ListMetricsResponse-batches-as-wt1	U-wire-ListMetricsResponse-batches-as-wt1	ascii	core-native	encode	no-unknown	20	507.3	493.3	527.2	0.067	501.0	510.5
codec-nounk-U	U-wire-ListMetricsResponse-batches-as-wt1	U-wire-ListMetricsResponse-batches-as-wt1	ascii	core-ffi	encode	no-unknown	20	614.9	601.6	630.9	0.048	607.6	622.6
codec-nounk-U	U-element-u-packed	U-element-u-packed	ascii	incumbent-prod	encode	default	20	1039.6	972.6	1298.6	0.314	1017.6	1232.6
codec-nounk-U	U-element-u-packed	U-element-u-packed	ascii	armonik	encode	default	20	1035.4	980.2	1326.0	0.334	1012.5	1235.9
codec-nounk-U	U-element-u-packed	U-element-u-packed	ascii	core-native	encode	no-unknown	20	213.8	202.2	261.0	0.275	209.1	254.4
codec-nounk-U	U-element-u-packed	U-element-u-packed	ascii	core-ffi	encode	no-unknown	20	463.5	432.3	569.2	0.295	448.9	547.3
codec-nounk-U	U-leaf-u-len	U-leaf-u-len	ascii	incumbent-prod	decode	default	20	304.4	250.1	320.4	0.231	266.2	312.3
codec-nounk-U	U-leaf-u-len	U-leaf-u-len	ascii	armonik	decode	default	20	295.4	236.9	325.6	0.300	248.5	305.0
codec-nounk-U	U-leaf-u-len	U-leaf-u-len	ascii	core-native	decode	no-unknown	20	220.9	181.3	243.7	0.282	192.9	236.0
codec-nounk-U	U-leaf-u-len	U-leaf-u-len	ascii	core-ffi	decode	no-unknown	20	352.5	279.9	392.9	0.321	337.0	359.7
codec-nounk-U	U-leaf-u-len	U-leaf-u-len	ascii	core-ffi-pull	decode	no-unknown	20	360.3	288.9	390.1	0.281	343.3	372.3
codec-nounk-U	U-root-u-varint	U-root-u-varint	ascii	incumbent-prod	encode	default	20	560.8	448.7	839.9	0.698	556.9	566.1
codec-nounk-U	U-root-u-varint	U-root-u-varint	ascii	armonik	encode	default	20	600.7	585.8	760.6	0.291	593.9	612.8
codec-nounk-U	U-root-u-varint	U-root-u-varint	ascii	core-native	encode	no-unknown	20	108.5	106.1	119.1	0.121	107.7	109.8
codec-nounk-U	U-root-u-varint	U-root-u-varint	ascii	core-ffi	encode	no-unknown	20	195.0	189.6	273.5	0.430	192.6	198.1
codec-nounk-U	U-wire-ListTasksDetailedResponse-page-as-wt2	U-wire-ListTasksDetailedResponse-page-as-wt2	ascii	core-native	decode-read	no-unknown	20	3281.3	3156.8	3401.5	0.075	3233.0	3294.9
codec-nounk-U	U-wire-ListTasksDetailedResponse-page-as-wt2	U-wire-ListTasksDetailedResponse-page-as-wt2	ascii	core-ffi	decode-read	no-unknown	20	5210.9	5093.0	5363.2	0.052	5166.7	5246.2
codec-nounk-U	U-wire-ListTasksDetailedResponse-page-as-wt2	U-wire-ListTasksDetailedResponse-page-as-wt2	ascii	core-ffi-pull	decode-read	no-unknown	20	5233.7	4967.2	5501.4	0.102	5158.8	5311.7
codec-nounk-U	U-oneof-u-packed	U-oneof-u-packed	ascii	incumbent-prod	decode-read	default	20	130.2	125.4	141.8	0.126	128.2	132.8
codec-nounk-U	U-oneof-u-packed	U-oneof-u-packed	ascii	armonik	decode-read	default	20	135.8	129.8	148.7	0.139	132.3	137.3
codec-nounk-U	U-oneof-u-packed	U-oneof-u-packed	ascii	core-native	decode-read	no-unknown	20	92.8	89.7	100.9	0.121	91.1	94.4
codec-nounk-U	U-oneof-u-packed	U-oneof-u-packed	ascii	core-ffi	decode-read	no-unknown	20	148.3	144.1	153.8	0.066	147.1	150.5
codec-nounk-U	U-oneof-u-packed	U-oneof-u-packed	ascii	core-ffi-pull	decode-read	no-unknown	20	158.7	151.3	170.4	0.120	155.4	160.2
codec-nounk-U	U-wire-ListTasksDetailedResponse-tasks-as-wt5	U-wire-ListTasksDetailedResponse-tasks-as-wt5	ascii	core-native	decode	no-unknown	20	3543.2	3459.7	3710.1	0.071	3520.6	3597.7
codec-nounk-U	U-wire-ListTasksDetailedResponse-tasks-as-wt5	U-wire-ListTasksDetailedResponse-tasks-as-wt5	ascii	core-ffi	decode	no-unknown	20	5074.1	4976.2	5417.7	0.087	5045.1	5137.2
codec-nounk-U	U-wire-ListTasksDetailedResponse-tasks-as-wt5	U-wire-ListTasksDetailedResponse-tasks-as-wt5	ascii	core-ffi-pull	decode	no-unknown	20	5069.1	4939.9	5571.0	0.125	5017.3	5157.7
codec-nounk-U	U-element-u-fixed64	U-element-u-fixed64	ascii	incumbent-prod	decode-read	default	20	2100.4	2021.1	2267.2	0.117	2080.7	2121.9
codec-nounk-U	U-element-u-fixed64	U-element-u-fixed64	ascii	armonik	decode-read	default	20	2088.4	1963.5	2206.0	0.116	2072.8	2139.2
codec-nounk-U	U-element-u-fixed64	U-element-u-fixed64	ascii	core-native	decode-read	no-unknown	20	1649.9	1596.4	1754.4	0.096	1628.6	1661.1
codec-nounk-U	U-element-u-fixed64	U-element-u-fixed64	ascii	core-ffi	decode-read	no-unknown	20	2445.8	2339.4	2538.5	0.081	2427.2	2486.6
codec-nounk-U	U-element-u-fixed64	U-element-u-fixed64	ascii	core-ffi-pull	decode-read	no-unknown	20	2460.2	2326.8	2924.4	0.243	2436.5	2549.1
codec-nounk-U	U-enum-value-packed	U-enum-value-packed	ascii	incumbent-prod	decode	default	20	96.1	92.1	106.0	0.145	94.5	97.1
codec-nounk-U	U-enum-value-packed	U-enum-value-packed	ascii	armonik	decode	default	20	118.8	114.4	129.4	0.126	118.1	121.5
codec-nounk-U	U-enum-value-packed	U-enum-value-packed	ascii	core-native	decode	no-unknown	20	71.4	69.1	76.2	0.098	70.6	73.4
codec-nounk-U	U-enum-value-packed	U-enum-value-packed	ascii	core-ffi	decode	no-unknown	20	201.0	193.3	210.6	0.086	198.1	205.9
codec-nounk-U	U-enum-value-packed	U-enum-value-packed	ascii	core-ffi-pull	decode	no-unknown	20	221.7	213.3	242.9	0.133	218.4	227.0
codec-nounk-U	U-deep-all	U-deep-all	ascii	incumbent-prod	decode-read	default	20	2048.1	1941.7	2549.6	0.297	1976.8	2081.8
codec-nounk-U	U-deep-all	U-deep-all	ascii	armonik	decode-read	default	20	1990.3	1881.8	2171.5	0.146	1922.0	2064.6
codec-nounk-U	U-deep-all	U-deep-all	ascii	core-native	decode-read	no-unknown	20	1542.0	1447.8	2083.1	0.412	1488.2	1572.9
codec-nounk-U	U-deep-all	U-deep-all	ascii	core-ffi	decode-read	no-unknown	20	2429.5	2327.1	2590.9	0.109	2356.0	2470.1
codec-nounk-U	U-deep-all	U-deep-all	ascii	core-ffi-pull	decode-read	no-unknown	20	2409.0	2275.8	3919.0	0.682	2368.1	2455.3
codec-nounk-U	U-enum-value-999	U-enum-value-999	ascii	incumbent-prod	decode-read	default	20	80.3	76.9	85.2	0.103	79.6	81.6
codec-nounk-U	U-enum-value-999	U-enum-value-999	ascii	armonik	decode-read	default	20	97.3	92.0	108.3	0.167	96.0	99.9
codec-nounk-U	U-enum-value-999	U-enum-value-999	ascii	core-native	decode-read	no-unknown	20	83.7	80.8	89.4	0.102	82.5	85.5
codec-nounk-U	U-enum-value-999	U-enum-value-999	ascii	core-ffi	decode-read	no-unknown	20	105.9	101.1	109.9	0.083	104.5	107.3
codec-nounk-U	U-enum-value-999	U-enum-value-999	ascii	core-ffi-pull	decode-read	no-unknown	20	112.7	107.3	125.0	0.158	111.8	114.6
codec-nounk-U	U-leaf-u-repeated	U-leaf-u-repeated	ascii	incumbent-prod	decode-read	default	20	344.1	332.3	349.7	0.051	341.1	345.5
codec-nounk-U	U-leaf-u-repeated	U-leaf-u-repeated	ascii	armonik	decode-read	default	20	332.4	322.9	467.0	0.433	329.6	339.9
codec-nounk-U	U-leaf-u-repeated	U-leaf-u-repeated	ascii	core-native	decode-read	no-unknown	20	263.9	250.4	291.5	0.156	262.2	267.5
codec-nounk-U	U-leaf-u-repeated	U-leaf-u-repeated	ascii	core-ffi	decode-read	no-unknown	20	370.9	367.5	508.8	0.381	369.6	375.4
codec-nounk-U	U-leaf-u-repeated	U-leaf-u-repeated	ascii	core-ffi-pull	decode-read	no-unknown	20	375.3	367.4	592.1	0.599	370.3	380.8
codec-nounk-U	U-deep-u-packed	U-deep-u-packed	ascii	incumbent-prod	encode	default	20	1214.8	1162.4	1252.8	0.074	1203.1	1234.5
codec-nounk-U	U-deep-u-packed	U-deep-u-packed	ascii	armonik	encode	default	20	1216.7	1156.1	1317.0	0.132	1194.0	1244.3
codec-nounk-U	U-deep-u-packed	U-deep-u-packed	ascii	core-native	encode	no-unknown	20	250.9	240.9	273.0	0.128	246.3	258.5
codec-nounk-U	U-deep-u-packed	U-deep-u-packed	ascii	core-ffi	encode	no-unknown	20	532.1	504.0	569.0	0.122	529.1	546.0
codec-nounk-U	U-oneof-u-varint	U-oneof-u-varint	ascii	incumbent-prod	decode	default	20	131.2	126.2	136.5	0.079	130.3	134.0
codec-nounk-U	U-oneof-u-varint	U-oneof-u-varint	ascii	armonik	decode	default	20	135.7	128.7	144.5	0.116	134.6	136.7
codec-nounk-U	U-oneof-u-varint	U-oneof-u-varint	ascii	core-native	decode	no-unknown	20	88.3	84.4	90.5	0.070	87.8	88.7
codec-nounk-U	U-oneof-u-varint	U-oneof-u-varint	ascii	core-ffi	decode	no-unknown	20	146.8	142.6	152.0	0.064	145.1	149.5
codec-nounk-U	U-oneof-u-varint	U-oneof-u-varint	ascii	core-ffi-pull	decode	no-unknown	20	155.1	150.9	165.9	0.096	154.1	156.5
codec-nounk-U	U-nested-u-packed	U-nested-u-packed	ascii	incumbent-prod	encode	default	20	243.1	236.8	250.8	0.057	240.9	246.3
codec-nounk-U	U-nested-u-packed	U-nested-u-packed	ascii	armonik	encode	default	20	256.2	250.3	259.8	0.037	255.0	257.4
codec-nounk-U	U-nested-u-packed	U-nested-u-packed	ascii	core-native	encode	no-unknown	20	49.6	48.3	51.8	0.070	49.0	50.2
codec-nounk-U	U-nested-u-packed	U-nested-u-packed	ascii	core-ffi	encode	no-unknown	20	96.8	94.4	105.3	0.113	95.6	99.5
codec-nounk-U	U-root-before	U-root-before	ascii	incumbent-prod	decode	default	20	706.7	690.3	739.6	0.070	700.3	714.1
codec-nounk-U	U-root-before	U-root-before	ascii	armonik	decode	default	20	714.5	698.6	743.4	0.063	703.0	721.6
codec-nounk-U	U-root-before	U-root-before	ascii	core-native	decode	no-unknown	20	524.0	513.8	538.4	0.047	520.2	528.7
codec-nounk-U	U-root-before	U-root-before	ascii	core-ffi	decode	no-unknown	20	751.2	737.8	781.6	0.058	745.6	759.0
codec-nounk-U	U-root-before	U-root-before	ascii	core-ffi-pull	decode	no-unknown	20	761.6	747.8	813.5	0.086	755.8	766.5
codec-nounk-U	U-wire-ListResultsResponse-page-as-wt2	U-wire-ListResultsResponse-page-as-wt2	ascii	core-native	encode	no-unknown	20	106.1	104.4	110.5	0.058	105.2	106.6
codec-nounk-U	U-wire-ListResultsResponse-page-as-wt2	U-wire-ListResultsResponse-page-as-wt2	ascii	core-ffi	encode	no-unknown	20	192.0	187.7	197.7	0.052	190.4	194.0
codec-nounk-U	U-element-u-fixed32	U-element-u-fixed32	ascii	incumbent-prod	decode	default	20	1982.2	1947.6	2022.8	0.038	1967.2	1996.2
codec-nounk-U	U-element-u-fixed32	U-element-u-fixed32	ascii	armonik	decode	default	20	1921.7	1878.6	1976.0	0.051	1905.6	1930.0
codec-nounk-U	U-element-u-fixed32	U-element-u-fixed32	ascii	core-native	decode	no-unknown	20	1499.3	1477.8	1676.5	0.133	1488.5	1519.2
codec-nounk-U	U-element-u-fixed32	U-element-u-fixed32	ascii	core-ffi	decode	no-unknown	20	2277.4	2248.4	2337.2	0.039	2269.4	2300.2
codec-nounk-U	U-element-u-fixed32	U-element-u-fixed32	ascii	core-ffi-pull	decode	no-unknown	20	2311.0	2279.2	2411.3	0.057	2294.8	2335.4
codec-nounk-U	U-nested-u-msg	U-nested-u-msg	ascii	incumbent-prod	encode	default	20	250.0	240.1	337.9	0.391	243.2	253.9
codec-nounk-U	U-nested-u-msg	U-nested-u-msg	ascii	armonik	encode	default	20	258.6	247.3	325.9	0.304	256.3	270.0
codec-nounk-U	U-nested-u-msg	U-nested-u-msg	ascii	core-native	encode	no-unknown	20	50.9	48.5	63.1	0.287	49.8	52.1
codec-nounk-U	U-nested-u-msg	U-nested-u-msg	ascii	core-ffi	encode	no-unknown	20	104.9	97.0	150.0	0.505	100.0	110.1
codec-nounk-U	U-wire-UploadResultDataMessage-upload-as-wt5	U-wire-UploadResultDataMessage-upload-as-wt5	ascii	core-native	encode	no-unknown	20	15.8	15.3	16.5	0.073	15.6	15.9
codec-nounk-U	U-wire-UploadResultDataMessage-upload-as-wt5	U-wire-UploadResultDataMessage-upload-as-wt5	ascii	core-ffi	encode	no-unknown	20	33.3	31.6	36.0	0.134	32.4	34.7
codec-nounk-U	U-wire-ListResultsResponse-page-as-wt1	U-wire-ListResultsResponse-page-as-wt1	ascii	core-native	decode-read	no-unknown	20	531.4	512.3	569.3	0.107	524.4	547.2
codec-nounk-U	U-wire-ListResultsResponse-page-as-wt1	U-wire-ListResultsResponse-page-as-wt1	ascii	core-ffi	decode-read	no-unknown	20	776.0	743.3	1000.0	0.331	758.1	791.2
codec-nounk-U	U-wire-ListResultsResponse-page-as-wt1	U-wire-ListResultsResponse-page-as-wt1	ascii	core-ffi-pull	decode-read	no-unknown	20	783.9	733.9	958.6	0.287	760.5	799.8
codec-nounk-U	U-deep-u-repeated	U-deep-u-repeated	ascii	incumbent-prod	decode	default	20	1891.9	1837.4	2055.7	0.115	1872.7	1910.2
codec-nounk-U	U-deep-u-repeated	U-deep-u-repeated	ascii	armonik	decode	default	20	1841.0	1806.8	1966.5	0.087	1829.4	1848.7
codec-nounk-U	U-deep-u-repeated	U-deep-u-repeated	ascii	core-native	decode	no-unknown	20	1421.4	1398.7	1486.5	0.062	1418.2	1434.5
codec-nounk-U	U-deep-u-repeated	U-deep-u-repeated	ascii	core-ffi	decode	no-unknown	20	2335.1	2298.5	2528.6	0.099	2324.6	2358.9
codec-nounk-U	U-deep-u-repeated	U-deep-u-repeated	ascii	core-ffi-pull	decode	no-unknown	20	2330.1	2300.0	2391.7	0.039	2319.1	2344.0
codec-nounk-U	U-wire-ListResultsResponse-results-as-wt0	U-wire-ListResultsResponse-results-as-wt0	ascii	core-native	decode-read	no-unknown	20	517.0	507.9	539.8	0.062	514.3	523.4
codec-nounk-U	U-wire-ListResultsResponse-results-as-wt0	U-wire-ListResultsResponse-results-as-wt0	ascii	core-ffi	decode-read	no-unknown	20	747.2	733.0	774.1	0.055	741.2	758.5
codec-nounk-U	U-wire-ListResultsResponse-results-as-wt0	U-wire-ListResultsResponse-results-as-wt0	ascii	core-ffi-pull	decode-read	no-unknown	20	756.7	739.7	787.9	0.064	748.7	761.1
