payload	content	dir	mode	path	round	cpu_ns_per_op	ops	resets_per_call
P1.1	ascii	encode-core-hot	drop	E	1	1121.61	28915	0
P1.1	ascii	encode-core-hot	drop	R	1	707.76	11289	0
P1.1	ascii	encode-core-hot	drop	E2	1	679.82	28886	0
P1.1	ascii	encode-core-hot	drop	R	2	917.00	11289	0
P1.1	ascii	encode-core-hot	drop	E2	2	687.22	28886	0
P1.1	ascii	encode-core-hot	drop	E	2	689.53	28915	0
P1.1	ascii	encode-core-hot	drop	E2	3	687.47	28886	0
P1.1	ascii	encode-core-hot	drop	E	3	693.47	28915	0
P1.1	ascii	encode-core-hot	drop	R	3	698.33	11289	0
P1.1	ascii	encode-core-hot	drop	E	4	693.75	28915	0
P1.1	ascii	encode-core-hot	drop	R	4	699.83	11289	0
P1.1	ascii	encode-core-hot	drop	E2	4	776.02	28886	0
P1.1	ascii	encode-core-hot	drop	R	5	708.92	11289	0
P1.1	ascii	encode-core-hot	drop	E2	5	772.16	28886	0
P1.1	ascii	encode-core-hot	drop	E	5	697.66	28915	0
P1.1	ascii	encode-core-hot	drop	E2	6	951.21	28886	0
P1.1	ascii	encode-core-hot	drop	E	6	750.63	28915	0
P1.1	ascii	encode-core-hot	drop	R	6	779.32	11289	0
P1.1	ascii	encode-core-hot	drop	E	7	775.48	28915	0
P1.1	ascii	encode-core-hot	drop	R	7	770.79	11289	0
P1.1	ascii	encode-core-hot	drop	E2	7	735.47	28886	0
P1.1	ascii	encode-core-hot	drop	R	8	867.50	11289	0
P1.1	ascii	encode-core-hot	drop	E2	8	707.60	28886	0
P1.1	ascii	encode-core-hot	drop	E	8	799.01	28915	0
P1.1	ascii	encode-core-hot	drop	E2	9	712.93	28886	0
P1.1	ascii	encode-core-hot	drop	E	9	709.79	28915	0
P1.1	ascii	encode-core-hot	drop	R	9	908.44	11289	0
P1.1	ascii	encode-core-hot	drop	E	10	692.48	28915	0
P1.1	ascii	encode-core-hot	drop	R	10	736.57	11289	0
P1.1	ascii	encode-core-hot	drop	E2	10	780.18	28886	0
P1.1	ascii	encode-core-hot	drop	R	11	1055.11	11289	0
P1.1	ascii	encode-core-hot	drop	E2	11	733.06	28886	0
P1.1	ascii	encode-core-hot	drop	E	11	785.28	28915	0
P1.1	ascii	encode-core-hot	drop	E2	12	703.07	28886	0
P1.1	ascii	encode-core-hot	drop	E	12	741.32	28915	0
P1.1	ascii	encode-core-hot	drop	R	12	947.25	11289	0
P1.1	ascii	encode-core-hot	drop	E	13	764.49	28915	0
P1.1	ascii	encode-core-hot	drop	R	13	760.56	11289	0
P1.1	ascii	encode-core-hot	drop	E2	13	790.06	28886	0
P1.1	ascii	encode-core-hot	drop	R	14	715.46	11289	0
P1.1	ascii	encode-core-hot	drop	E2	14	728.09	28886	0
P1.1	ascii	encode-core-hot	drop	E	14	1933.52	28915	0
P1.1	ascii	encode-core-hot	drop	E2	15	788.83	28886	0
P1.1	ascii	encode-core-hot	drop	E	15	706.31	28915	0
P1.1	ascii	encode-core-hot	drop	R	15	739.71	11289	0
P1.1	ascii	encode-core-hot	drop	E	16	716.08	28915	0
P1.1	ascii	encode-core-hot	drop	R	16	719.04	11289	0
P1.1	ascii	encode-core-hot	drop	E2	16	768.86	28886	0
P1.1	ascii	encode-core-hot	drop	R	17	709.44	11289	0
P1.1	ascii	encode-core-hot	drop	E2	17	700.77	28886	0
P1.1	ascii	encode-core-hot	drop	E	17	704.87	28915	0
P1.1	ascii	encode-core-hot	drop	E2	18	707.45	28886	0
P1.1	ascii	encode-core-hot	drop	E	18	702.12	28915	0
P1.1	ascii	encode-core-hot	drop	R	18	727.60	11289	0
P1.1	ascii	encode-core-hot	drop	E	19	719.28	28915	0
P1.1	ascii	encode-core-hot	drop	R	19	3579.82	11289	0
P1.1	ascii	encode-core-hot	drop	E2	19	825.76	28886	0
P1.1	ascii	encode-core-hot	drop	R	20	751.01	11289	0
P1.1	ascii	encode-core-hot	drop	E2	20	751.02	28886	0
P1.1	ascii	encode-core-hot	drop	E	20	723.37	28915	0
P1.1	ascii	encode-core-hot	drop	E2	21	747.90	28886	0
P1.1	ascii	encode-core-hot	drop	E	21	707.49	28915	0
P1.1	ascii	encode-core-hot	drop	R	21	707.17	11289	0
P1.1	ascii	encode-core-hot	retain	E	1	1034.02	19241	0
P1.1	ascii	encode-core-hot	retain	R	1	1038.00	17771	0
P1.1	ascii	encode-core-hot	retain	E2	1	1066.78	19345	0
P1.1	ascii	encode-core-hot	retain	R	2	1098.58	17771	0
P1.1	ascii	encode-core-hot	retain	E2	2	1034.93	19345	0
P1.1	ascii	encode-core-hot	retain	E	2	1028.06	19241	0
P1.1	ascii	encode-core-hot	retain	E2	3	1049.29	19345	0
P1.1	ascii	encode-core-hot	retain	E	3	1023.04	19241	0
P1.1	ascii	encode-core-hot	retain	R	3	1889.50	17771	0
P1.1	ascii	encode-core-hot	retain	E	4	1031.72	19241	0
P1.1	ascii	encode-core-hot	retain	R	4	1029.12	17771	0
P1.1	ascii	encode-core-hot	retain	E2	4	1053.48	19345	0
P1.1	ascii	encode-core-hot	retain	R	5	1073.42	17771	0
P1.1	ascii	encode-core-hot	retain	E2	5	1047.79	19345	0
P1.1	ascii	encode-core-hot	retain	E	5	1104.85	19241	0
P1.1	ascii	encode-core-hot	retain	E2	6	1066.89	19345	0
P1.1	ascii	encode-core-hot	retain	E	6	1057.99	19241	0
P1.1	ascii	encode-core-hot	retain	R	6	1048.20	17771	0
P1.1	ascii	encode-core-hot	retain	E	7	1037.32	19241	0
P1.1	ascii	encode-core-hot	retain	R	7	1037.55	17771	0
P1.1	ascii	encode-core-hot	retain	E2	7	1028.47	19345	0
P1.1	ascii	encode-core-hot	retain	R	8	1041.09	17771	0
P1.1	ascii	encode-core-hot	retain	E2	8	1035.31	19345	0
P1.1	ascii	encode-core-hot	retain	E	8	1045.46	19241	0
P1.1	ascii	encode-core-hot	retain	E2	9	1029.55	19345	0
P1.1	ascii	encode-core-hot	retain	E	9	1047.73	19241	0
P1.1	ascii	encode-core-hot	retain	R	9	1089.75	17771	0
P1.1	ascii	encode-core-hot	retain	E	10	1066.92	19241	0
P1.1	ascii	encode-core-hot	retain	R	10	1082.75	17771	0
P1.1	ascii	encode-core-hot	retain	E2	10	1087.20	19345	0
P1.1	ascii	encode-core-hot	retain	R	11	1074.42	17771	0
P1.1	ascii	encode-core-hot	retain	E2	11	1067.77	19345	0
P1.1	ascii	encode-core-hot	retain	E	11	1060.58	19241	0
P1.1	ascii	encode-core-hot	retain	E2	12	1059.23	19345	0
P1.1	ascii	encode-core-hot	retain	E	12	1031.04	19241	0
P1.1	ascii	encode-core-hot	retain	R	12	1036.49	17771	0
P1.1	ascii	encode-core-hot	retain	E	13	1025.76	19241	0
P1.1	ascii	encode-core-hot	retain	R	13	1048.99	17771	0
P1.1	ascii	encode-core-hot	retain	E2	13	1035.45	19345	0
P1.1	ascii	encode-core-hot	retain	R	14	1042.81	17771	0
P1.1	ascii	encode-core-hot	retain	E2	14	1053.52	19345	0
P1.1	ascii	encode-core-hot	retain	E	14	1128.62	19241	0
P1.1	ascii	encode-core-hot	retain	E2	15	1106.54	19345	0
P1.1	ascii	encode-core-hot	retain	E	15	1145.51	19241	0
P1.1	ascii	encode-core-hot	retain	R	15	1067.85	17771	0
P1.1	ascii	encode-core-hot	retain	E	16	1102.54	19241	0
P1.1	ascii	encode-core-hot	retain	R	16	1058.32	17771	0
P1.1	ascii	encode-core-hot	retain	E2	16	1063.52	19345	0
P1.1	ascii	encode-core-hot	retain	R	17	1077.40	17771	0
P1.1	ascii	encode-core-hot	retain	E2	17	1044.57	19345	0
P1.1	ascii	encode-core-hot	retain	E	17	1049.73	19241	0
P1.1	ascii	encode-core-hot	retain	E2	18	1048.56	19345	0
P1.1	ascii	encode-core-hot	retain	E	18	1048.69	19241	0
P1.1	ascii	encode-core-hot	retain	R	18	1065.87	17771	0
P1.1	ascii	encode-core-hot	retain	E	19	1047.39	19241	0
P1.1	ascii	encode-core-hot	retain	R	19	1108.91	17771	0
P1.1	ascii	encode-core-hot	retain	E2	19	1037.78	19345	0
P1.1	ascii	encode-core-hot	retain	R	20	1044.97	17771	0
P1.1	ascii	encode-core-hot	retain	E2	20	1014.10	19345	0
P1.1	ascii	encode-core-hot	retain	E	20	1021.40	19241	0
P1.1	ascii	encode-core-hot	retain	E2	21	1031.68	19345	0
P1.1	ascii	encode-core-hot	retain	E	21	1100.66	19241	0
P1.1	ascii	encode-core-hot	retain	R	21	1076.72	17771	0
P1.1	ascii	decode-read	drop	E	1	1339.79	15194	1
P1.1	ascii	decode-read	drop	R	1	1297.10	15304	0
P1.1	ascii	decode-read	drop	E2	1	1319.84	15364	1
P1.1	ascii	decode-read	drop	R	2	1314.04	15304	0
P1.1	ascii	decode-read	drop	E2	2	1306.44	15364	1
P1.1	ascii	decode-read	drop	E	2	1341.17	15194	1
P1.1	ascii	decode-read	drop	E2	3	1318.02	15364	1
P1.1	ascii	decode-read	drop	E	3	1334.86	15194	1
P1.1	ascii	decode-read	drop	R	3	1293.24	15304	0
P1.1	ascii	decode-read	drop	E	4	1310.56	15194	1
P1.1	ascii	decode-read	drop	R	4	1323.67	15304	0
P1.1	ascii	decode-read	drop	E2	4	1335.07	15364	1
P1.1	ascii	decode-read	drop	R	5	1297.96	15304	0
P1.1	ascii	decode-read	drop	E2	5	1344.42	15364	1
P1.1	ascii	decode-read	drop	E	5	1299.29	15194	1
P1.1	ascii	decode-read	drop	E2	6	1302.62	15364	1
P1.1	ascii	decode-read	drop	E	6	1343.54	15194	1
P1.1	ascii	decode-read	drop	R	6	1261.12	15304	0
P1.1	ascii	decode-read	drop	E	7	1312.61	15194	1
P1.1	ascii	decode-read	drop	R	7	1298.77	15304	0
P1.1	ascii	decode-read	drop	E2	7	1294.80	15364	1
P1.1	ascii	decode-read	drop	R	8	1300.84	15304	0
P1.1	ascii	decode-read	drop	E2	8	1316.27	15364	1
P1.1	ascii	decode-read	drop	E	8	1335.62	15194	1
P1.1	ascii	decode-read	drop	E2	9	1305.97	15364	1
P1.1	ascii	decode-read	drop	E	9	1327.71	15194	1
P1.1	ascii	decode-read	drop	R	9	1321.26	15304	0
P1.1	ascii	decode-read	drop	E	10	1298.19	15194	1
P1.1	ascii	decode-read	drop	R	10	1307.21	15304	0
P1.1	ascii	decode-read	drop	E2	10	1383.49	15364	1
P1.1	ascii	decode-read	drop	R	11	1332.26	15304	0
P1.1	ascii	decode-read	drop	E2	11	1350.95	15364	1
P1.1	ascii	decode-read	drop	E	11	1339.81	15194	1
P1.1	ascii	decode-read	drop	E2	12	1362.09	15364	1
P1.1	ascii	decode-read	drop	E	12	1352.67	15194	1
P1.1	ascii	decode-read	drop	R	12	1355.52	15304	0
P1.1	ascii	decode-read	drop	E	13	1348.94	15194	1
P1.1	ascii	decode-read	drop	R	13	1297.05	15304	0
P1.1	ascii	decode-read	drop	E2	13	1299.65	15364	1
P1.1	ascii	decode-read	drop	R	14	1325.57	15304	0
P1.1	ascii	decode-read	drop	E2	14	1321.68	15364	1
P1.1	ascii	decode-read	drop	E	14	1307.24	15194	1
P1.1	ascii	decode-read	drop	E2	15	1320.29	15364	1
P1.1	ascii	decode-read	drop	E	15	1305.65	15194	1
P1.1	ascii	decode-read	drop	R	15	1300.44	15304	0
P1.1	ascii	decode-read	drop	E	16	1308.49	15194	1
P1.1	ascii	decode-read	drop	R	16	1333.16	15304	0
P1.1	ascii	decode-read	drop	E2	16	1292.06	15364	1
P1.1	ascii	decode-read	drop	R	17	1316.32	15304	0
P1.1	ascii	decode-read	drop	E2	17	1307.23	15364	1
P1.1	ascii	decode-read	drop	E	17	1343.04	15194	1
P1.1	ascii	decode-read	drop	E2	18	1326.87	15364	1
P1.1	ascii	decode-read	drop	E	18	1366.71	15194	1
P1.1	ascii	decode-read	drop	R	18	1295.82	15304	0
P1.1	ascii	decode-read	drop	E	19	1324.89	15194	1
P1.1	ascii	decode-read	drop	R	19	1347.48	15304	0
P1.1	ascii	decode-read	drop	E2	19	1320.01	15364	1
P1.1	ascii	decode-read	drop	R	20	1332.16	15304	0
P1.1	ascii	decode-read	drop	E2	20	1357.98	15364	1
P1.1	ascii	decode-read	drop	E	20	1338.93	15194	1
P1.1	ascii	decode-read	drop	E2	21	1304.85	15364	1
P1.1	ascii	decode-read	drop	E	21	1333.03	15194	1
P1.1	ascii	decode-read	drop	R	21	1336.90	15304	0
P1.1	ascii	decode-read	retain	E	1	1339.19	14069	1
P1.1	ascii	decode-read	retain	R	1	1336.11	15055	0
P1.1	ascii	decode-read	retain	E2	1	1319.82	15116	1
P1.1	ascii	decode-read	retain	R	2	1359.30	15055	0
P1.1	ascii	decode-read	retain	E2	2	1378.83	15116	1
P1.1	ascii	decode-read	retain	E	2	1336.57	14069	1
P1.1	ascii	decode-read	retain	E2	3	1356.97	15116	1
P1.1	ascii	decode-read	retain	E	3	1311.22	14069	1
P1.1	ascii	decode-read	retain	R	3	1335.90	15055	0
P1.1	ascii	decode-read	retain	E	4	1322.29	14069	1
P1.1	ascii	decode-read	retain	R	4	1349.18	15055	0
P1.1	ascii	decode-read	retain	E2	4	1332.57	15116	1
P1.1	ascii	decode-read	retain	R	5	1325.82	15055	0
P1.1	ascii	decode-read	retain	E2	5	1334.87	15116	1
P1.1	ascii	decode-read	retain	E	5	1321.09	14069	1
P1.1	ascii	decode-read	retain	E2	6	1305.88	15116	1
P1.1	ascii	decode-read	retain	E	6	1308.94	14069	1
P1.1	ascii	decode-read	retain	R	6	1378.04	15055	0
P1.1	ascii	decode-read	retain	E	7	1372.77	14069	1
P1.1	ascii	decode-read	retain	R	7	1312.09	15055	0
P1.1	ascii	decode-read	retain	E2	7	1317.42	15116	1
P1.1	ascii	decode-read	retain	R	8	1328.05	15055	0
P1.1	ascii	decode-read	retain	E2	8	1365.33	15116	1
P1.1	ascii	decode-read	retain	E	8	1390.92	14069	1
P1.1	ascii	decode-read	retain	E2	9	1350.80	15116	1
P1.1	ascii	decode-read	retain	E	9	1333.33	14069	1
P1.1	ascii	decode-read	retain	R	9	1339.50	15055	0
P1.1	ascii	decode-read	retain	E	10	1330.83	14069	1
P1.1	ascii	decode-read	retain	R	10	1313.61	15055	0
P1.1	ascii	decode-read	retain	E2	10	1309.40	15116	1
P1.1	ascii	decode-read	retain	R	11	1379.26	15055	0
P1.1	ascii	decode-read	retain	E2	11	1375.66	15116	1
P1.1	ascii	decode-read	retain	E	11	1323.52	14069	1
P1.1	ascii	decode-read	retain	E2	12	1334.68	15116	1
P1.1	ascii	decode-read	retain	E	12	1306.38	14069	1
P1.1	ascii	decode-read	retain	R	12	1319.64	15055	0
P1.1	ascii	decode-read	retain	E	13	1313.15	14069	1
P1.1	ascii	decode-read	retain	R	13	1362.63	15055	0
P1.1	ascii	decode-read	retain	E2	13	1315.75	15116	1
P1.1	ascii	decode-read	retain	R	14	1314.60	15055	0
P1.1	ascii	decode-read	retain	E2	14	1312.13	15116	1
P1.1	ascii	decode-read	retain	E	14	1256.24	14069	1
P1.1	ascii	decode-read	retain	E2	15	1291.00	15116	1
P1.1	ascii	decode-read	retain	E	15	1341.58	14069	1
P1.1	ascii	decode-read	retain	R	15	1334.70	15055	0
P1.1	ascii	decode-read	retain	E	16	1336.53	14069	1
P1.1	ascii	decode-read	retain	R	16	1302.99	15055	0
P1.1	ascii	decode-read	retain	E2	16	1301.81	15116	1
P1.1	ascii	decode-read	retain	R	17	1279.24	15055	0
P1.1	ascii	decode-read	retain	E2	17	1428.10	15116	1
P1.1	ascii	decode-read	retain	E	17	1389.67	14069	1
P1.1	ascii	decode-read	retain	E2	18	1286.45	15116	1
P1.1	ascii	decode-read	retain	E	18	1285.65	14069	1
P1.1	ascii	decode-read	retain	R	18	1310.94	15055	0
P1.1	ascii	decode-read	retain	E	19	1304.58	14069	1
P1.1	ascii	decode-read	retain	R	19	1298.68	15055	0
P1.1	ascii	decode-read	retain	E2	19	1366.03	15116	1
P1.1	ascii	decode-read	retain	R	20	1360.62	15055	0
P1.1	ascii	decode-read	retain	E2	20	1351.57	15116	1
P1.1	ascii	decode-read	retain	E	20	1378.24	14069	1
P1.1	ascii	decode-read	retain	E2	21	1362.94	15116	1
P1.1	ascii	decode-read	retain	E	21	1372.15	14069	1
P1.1	ascii	decode-read	retain	R	21	1349.75	15055	0
P1.2	ascii	encode-core-hot	drop	E	1	214028.58	72	0
P1.2	ascii	encode-core-hot	drop	R	1	213464.90	82	0
P1.2	ascii	encode-core-hot	drop	E2	1	227141.74	92	0
P1.2	ascii	encode-core-hot	drop	R	2	254000.72	82	0
P1.2	ascii	encode-core-hot	drop	E2	2	214000.15	92	0
P1.2	ascii	encode-core-hot	drop	E	2	217463.75	72	0
P1.2	ascii	encode-core-hot	drop	E2	3	217038.84	92	0
P1.2	ascii	encode-core-hot	drop	E	3	217657.94	72	0
P1.2	ascii	encode-core-hot	drop	R	3	216734.99	82	0
P1.2	ascii	encode-core-hot	drop	E	4	219245.68	72	0
P1.2	ascii	encode-core-hot	drop	R	4	218561.74	82	0
P1.2	ascii	encode-core-hot	drop	E2	4	228661.95	92	0
P1.2	ascii	encode-core-hot	drop	R	5	235878.15	82	0
P1.2	ascii	encode-core-hot	drop	E2	5	239458.64	92	0
P1.2	ascii	encode-core-hot	drop	E	5	231978.72	72	0
P1.2	ascii	encode-core-hot	drop	E2	6	228708.95	92	0
P1.2	ascii	encode-core-hot	drop	E	6	225562.35	72	0
P1.2	ascii	encode-core-hot	drop	R	6	235007.57	82	0
P1.2	ascii	encode-core-hot	drop	E	7	222546.00	72	0
P1.2	ascii	encode-core-hot	drop	R	7	237015.32	82	0
P1.2	ascii	encode-core-hot	drop	E2	7	234493.95	92	0
P1.2	ascii	encode-core-hot	drop	R	8	238503.57	82	0
P1.2	ascii	encode-core-hot	drop	E2	8	248840.10	92	0
P1.2	ascii	encode-core-hot	drop	E	8	233029.14	72	0
P1.2	ascii	encode-core-hot	drop	E2	9	230044.96	92	0
P1.2	ascii	encode-core-hot	drop	E	9	234081.26	72	0
P1.2	ascii	encode-core-hot	drop	R	9	230793.96	82	0
P1.2	ascii	encode-core-hot	drop	E	10	215171.25	72	0
P1.2	ascii	encode-core-hot	drop	R	10	219271.57	82	0
P1.2	ascii	encode-core-hot	drop	E2	10	218398.76	92	0
P1.2	ascii	encode-core-hot	drop	R	11	235562.82	82	0
P1.2	ascii	encode-core-hot	drop	E2	11	226234.40	92	0
P1.2	ascii	encode-core-hot	drop	E	11	213154.12	72	0
P1.2	ascii	encode-core-hot	drop	E2	12	219192.73	92	0
P1.2	ascii	encode-core-hot	drop	E	12	220331.17	72	0
P1.2	ascii	encode-core-hot	drop	R	12	218817.78	82	0
P1.2	ascii	encode-core-hot	drop	E	13	217890.97	72	0
P1.2	ascii	encode-core-hot	drop	R	13	210630.15	82	0
P1.2	ascii	encode-core-hot	drop	E2	13	213062.51	92	0
P1.2	ascii	encode-core-hot	drop	R	14	214082.49	82	0
P1.2	ascii	encode-core-hot	drop	E2	14	214983.76	92	0
P1.2	ascii	encode-core-hot	drop	E	14	207614.51	72	0
P1.2	ascii	encode-core-hot	drop	E2	15	207167.14	92	0
P1.2	ascii	encode-core-hot	drop	E	15	205173.17	72	0
P1.2	ascii	encode-core-hot	drop	R	15	209927.52	82	0
P1.2	ascii	encode-core-hot	drop	E	16	206997.67	72	0
P1.2	ascii	encode-core-hot	drop	R	16	212062.84	82	0
P1.2	ascii	encode-core-hot	drop	E2	16	244215.93	92	0
P1.2	ascii	encode-core-hot	drop	R	17	437831.85	82	0
P1.2	ascii	encode-core-hot	drop	E2	17	246578.05	92	0
P1.2	ascii	encode-core-hot	drop	E	17	210831.28	72	0
P1.2	ascii	encode-core-hot	drop	E2	18	205749.64	92	0
P1.2	ascii	encode-core-hot	drop	E	18	212755.90	72	0
P1.2	ascii	encode-core-hot	drop	R	18	221680.62	82	0
P1.2	ascii	encode-core-hot	drop	E	19	215763.32	72	0
P1.2	ascii	encode-core-hot	drop	R	19	213722.61	82	0
P1.2	ascii	encode-core-hot	drop	E2	19	224574.89	92	0
P1.2	ascii	encode-core-hot	drop	R	20	219904.63	82	0
P1.2	ascii	encode-core-hot	drop	E2	20	219709.48	92	0
P1.2	ascii	encode-core-hot	drop	E	20	212113.85	72	0
P1.2	ascii	encode-core-hot	drop	E2	21	215722.22	92	0
P1.2	ascii	encode-core-hot	drop	E	21	211099.12	72	0
P1.2	ascii	encode-core-hot	drop	R	21	214334.56	82	0
P1.2	ascii	encode-core-hot	retain	E	1	227162.47	87	0
P1.2	ascii	encode-core-hot	retain	R	1	230739.38	88	0
P1.2	ascii	encode-core-hot	retain	E2	1	230981.15	87	0
P1.2	ascii	encode-core-hot	retain	R	2	238227.23	88	0
P1.2	ascii	encode-core-hot	retain	E2	2	235218.10	87	0
P1.2	ascii	encode-core-hot	retain	E	2	238812.44	87	0
P1.2	ascii	encode-core-hot	retain	E2	3	235109.40	87	0
P1.2	ascii	encode-core-hot	retain	E	3	233500.32	87	0
P1.2	ascii	encode-core-hot	retain	R	3	230978.67	88	0
P1.2	ascii	encode-core-hot	retain	E	4	231213.18	87	0
P1.2	ascii	encode-core-hot	retain	R	4	227474.24	88	0
P1.2	ascii	encode-core-hot	retain	E2	4	228689.95	87	0
P1.2	ascii	encode-core-hot	retain	R	5	234332.75	88	0
P1.2	ascii	encode-core-hot	retain	E2	5	228074.85	87	0
P1.2	ascii	encode-core-hot	retain	E	5	229095.95	87	0
P1.2	ascii	encode-core-hot	retain	E2	6	225791.15	87	0
P1.2	ascii	encode-core-hot	retain	E	6	227639.82	87	0
P1.2	ascii	encode-core-hot	retain	R	6	234516.24	88	0
P1.2	ascii	encode-core-hot	retain	E	7	231963.36	87	0
P1.2	ascii	encode-core-hot	retain	R	7	243941.95	88	0
P1.2	ascii	encode-core-hot	retain	E2	7	236355.48	87	0
P1.2	ascii	encode-core-hot	retain	R	8	233172.22	88	0
P1.2	ascii	encode-core-hot	retain	E2	8	232138.80	87	0
P1.2	ascii	encode-core-hot	retain	E	8	232841.68	87	0
P1.2	ascii	encode-core-hot	retain	E2	9	228833.56	87	0
P1.2	ascii	encode-core-hot	retain	E	9	233852.24	87	0
P1.2	ascii	encode-core-hot	retain	R	9	233212.98	88	0
P1.2	ascii	encode-core-hot	retain	E	10	232212.76	87	0
P1.2	ascii	encode-core-hot	retain	R	10	227345.25	88	0
P1.2	ascii	encode-core-hot	retain	E2	10	227194.87	87	0
P1.2	ascii	encode-core-hot	retain	R	11	227191.74	88	0
P1.2	ascii	encode-core-hot	retain	E2	11	225009.49	87	0
P1.2	ascii	encode-core-hot	retain	E	11	244268.90	87	0
P1.2	ascii	encode-core-hot	retain	E2	12	232049.99	87	0
P1.2	ascii	encode-core-hot	retain	E	12	231747.07	87	0
P1.2	ascii	encode-core-hot	retain	R	12	233461.50	88	0
P1.2	ascii	encode-core-hot	retain	E	13	231838.62	87	0
P1.2	ascii	encode-core-hot	retain	R	13	233631.51	88	0
P1.2	ascii	encode-core-hot	retain	E2	13	233748.11	87	0
P1.2	ascii	encode-core-hot	retain	R	14	237987.12	88	0
P1.2	ascii	encode-core-hot	retain	E2	14	238044.06	87	0
P1.2	ascii	encode-core-hot	retain	E	14	250130.84	87	0
P1.2	ascii	encode-core-hot	retain	E2	15	269557.25	87	0
P1.2	ascii	encode-core-hot	retain	E	15	274555.82	87	0
P1.2	ascii	encode-core-hot	retain	R	15	258145.77	88	0
P1.2	ascii	encode-core-hot	retain	E	16	272340.69	87	0
P1.2	ascii	encode-core-hot	retain	R	16	270999.55	88	0
P1.2	ascii	encode-core-hot	retain	E2	16	249372.03	87	0
P1.2	ascii	encode-core-hot	retain	R	17	241923.32	88	0
P1.2	ascii	encode-core-hot	retain	E2	17	246231.95	87	0
P1.2	ascii	encode-core-hot	retain	E	17	273066.56	87	0
P1.2	ascii	encode-core-hot	retain	E2	18	234286.08	87	0
P1.2	ascii	encode-core-hot	retain	E	18	250702.33	87	0
P1.2	ascii	encode-core-hot	retain	R	18	261335.86	88	0
P1.2	ascii	encode-core-hot	retain	E	19	237819.69	87	0
P1.2	ascii	encode-core-hot	retain	R	19	245173.73	88	0
P1.2	ascii	encode-core-hot	retain	E2	19	247524.99	87	0
P1.2	ascii	encode-core-hot	retain	R	20	245091.31	88	0
P1.2	ascii	encode-core-hot	retain	E2	20	242208.89	87	0
P1.2	ascii	encode-core-hot	retain	E	20	244486.62	87	0
P1.2	ascii	encode-core-hot	retain	E2	21	240300.11	87	0
P1.2	ascii	encode-core-hot	retain	E	21	232106.37	87	0
P1.2	ascii	encode-core-hot	retain	R	21	252773.92	88	0
P1.2	ascii	decode-read	drop	E	1	350310.14	56	1
P1.2	ascii	decode-read	drop	R	1	364146.21	58	0
P1.2	ascii	decode-read	drop	E2	1	338133.56	57	1
P1.2	ascii	decode-read	drop	R	2	338573.33	58	0
P1.2	ascii	decode-read	drop	E2	2	333274.44	57	1
P1.2	ascii	decode-read	drop	E	2	337482.70	56	1
P1.2	ascii	decode-read	drop	E2	3	339518.40	57	1
P1.2	ascii	decode-read	drop	E	3	340479.48	56	1
P1.2	ascii	decode-read	drop	R	3	367009.98	58	0
P1.2	ascii	decode-read	drop	E	4	336385.00	56	1
P1.2	ascii	decode-read	drop	R	4	331699.79	58	0
P1.2	ascii	decode-read	drop	E2	4	342821.81	57	1
P1.2	ascii	decode-read	drop	R	5	343102.33	58	0
P1.2	ascii	decode-read	drop	E2	5	329876.75	57	1
P1.2	ascii	decode-read	drop	E	5	331248.36	56	1
P1.2	ascii	decode-read	drop	E2	6	360840.96	57	1
P1.2	ascii	decode-read	drop	E	6	331105.57	56	1
P1.2	ascii	decode-read	drop	R	6	340317.45	58	0
P1.2	ascii	decode-read	drop	E	7	334927.21	56	1
P1.2	ascii	decode-read	drop	R	7	353836.12	58	0
P1.2	ascii	decode-read	drop	E2	7	339446.81	57	1
P1.2	ascii	decode-read	drop	R	8	333998.14	58	0
P1.2	ascii	decode-read	drop	E2	8	350539.70	57	1
P1.2	ascii	decode-read	drop	E	8	350202.43	56	1
P1.2	ascii	decode-read	drop	E2	9	338068.77	57	1
P1.2	ascii	decode-read	drop	E	9	333353.96	56	1
P1.2	ascii	decode-read	drop	R	9	350676.53	58	0
P1.2	ascii	decode-read	drop	E	10	334566.11	56	1
P1.2	ascii	decode-read	drop	R	10	333030.52	58	0
P1.2	ascii	decode-read	drop	E2	10	337227.47	57	1
P1.2	ascii	decode-read	drop	R	11	336387.69	58	0
P1.2	ascii	decode-read	drop	E2	11	332927.77	57	1
P1.2	ascii	decode-read	drop	E	11	326757.68	56	1
P1.2	ascii	decode-read	drop	E2	12	347821.75	57	1
P1.2	ascii	decode-read	drop	E	12	326066.79	56	1
P1.2	ascii	decode-read	drop	R	12	330565.50	58	0
P1.2	ascii	decode-read	drop	E	13	330144.36	56	1
P1.2	ascii	decode-read	drop	R	13	341856.59	58	0
P1.2	ascii	decode-read	drop	E2	13	337270.16	57	1
P1.2	ascii	decode-read	drop	R	14	334659.57	58	0
P1.2	ascii	decode-read	drop	E2	14	346555.40	57	1
P1.2	ascii	decode-read	drop	E	14	323791.16	56	1
P1.2	ascii	decode-read	drop	E2	15	326160.25	57	1
P1.2	ascii	decode-read	drop	E	15	336926.18	56	1
P1.2	ascii	decode-read	drop	R	15	342929.66	58	0
P1.2	ascii	decode-read	drop	E	16	329078.11	56	1
P1.2	ascii	decode-read	drop	R	16	326234.55	58	0
P1.2	ascii	decode-read	drop	E2	16	340060.98	57	1
P1.2	ascii	decode-read	drop	R	17	325987.31	58	0
P1.2	ascii	decode-read	drop	E2	17	324669.39	57	1
P1.2	ascii	decode-read	drop	E	17	326091.50	56	1
P1.2	ascii	decode-read	drop	E2	18	345323.19	57	1
P1.2	ascii	decode-read	drop	E	18	336151.70	56	1
P1.2	ascii	decode-read	drop	R	18	329812.60	58	0
P1.2	ascii	decode-read	drop	E	19	327682.89	56	1
P1.2	ascii	decode-read	drop	R	19	334147.22	58	0
P1.2	ascii	decode-read	drop	E2	19	326008.53	57	1
P1.2	ascii	decode-read	drop	R	20	334611.47	58	0
P1.2	ascii	decode-read	drop	E2	20	349752.16	57	1
P1.2	ascii	decode-read	drop	E	20	330502.00	56	1
P1.2	ascii	decode-read	drop	E2	21	329606.82	57	1
P1.2	ascii	decode-read	drop	E	21	334575.66	56	1
P1.2	ascii	decode-read	drop	R	21	340423.41	58	0
P1.2	ascii	decode-read	retain	E	1	328629.47	49	1
P1.2	ascii	decode-read	retain	R	1	333842.51	59	0
P1.2	ascii	decode-read	retain	E2	1	330029.19	59	1
P1.2	ascii	decode-read	retain	R	2	322441.88	59	0
P1.2	ascii	decode-read	retain	E2	2	323940.44	59	1
P1.2	ascii	decode-read	retain	E	2	352893.84	49	1
P1.2	ascii	decode-read	retain	E2	3	328085.85	59	1
P1.2	ascii	decode-read	retain	E	3	328432.51	49	1
P1.2	ascii	decode-read	retain	R	3	330618.07	59	0
P1.2	ascii	decode-read	retain	E	4	343029.86	49	1
P1.2	ascii	decode-read	retain	R	4	329304.97	59	0
P1.2	ascii	decode-read	retain	E2	4	327274.22	59	1
P1.2	ascii	decode-read	retain	R	5	339264.24	59	0
P1.2	ascii	decode-read	retain	E2	5	351493.92	59	1
P1.2	ascii	decode-read	retain	E	5	333567.69	49	1
P1.2	ascii	decode-read	retain	E2	6	330146.88	59	1
P1.2	ascii	decode-read	retain	E	6	342960.29	49	1
P1.2	ascii	decode-read	retain	R	6	325704.53	59	0
P1.2	ascii	decode-read	retain	E	7	332551.39	49	1
P1.2	ascii	decode-read	retain	R	7	333457.92	59	0
P1.2	ascii	decode-read	retain	E2	7	343666.39	59	1
P1.2	ascii	decode-read	retain	R	8	333872.15	59	0
P1.2	ascii	decode-read	retain	E2	8	326425.88	59	1
P1.2	ascii	decode-read	retain	E	8	330528.08	49	1
P1.2	ascii	decode-read	retain	E2	9	342469.85	59	1
P1.2	ascii	decode-read	retain	E	9	326248.94	49	1
P1.2	ascii	decode-read	retain	R	9	331875.22	59	0
P1.2	ascii	decode-read	retain	E	10	343391.98	49	1
P1.2	ascii	decode-read	retain	R	10	335043.07	59	0
P1.2	ascii	decode-read	retain	E2	10	328163.00	59	1
P1.2	ascii	decode-read	retain	R	11	336731.51	59	0
P1.2	ascii	decode-read	retain	E2	11	350830.78	59	1
P1.2	ascii	decode-read	retain	E	11	332578.16	49	1
P1.2	ascii	decode-read	retain	E2	12	334825.51	59	1
P1.2	ascii	decode-read	retain	E	12	336220.39	49	1
P1.2	ascii	decode-read	retain	R	12	343327.31	59	0
P1.2	ascii	decode-read	retain	E	13	331927.94	49	1
P1.2	ascii	decode-read	retain	R	13	331763.95	59	0
P1.2	ascii	decode-read	retain	E2	13	346692.49	59	1
P1.2	ascii	decode-read	retain	R	14	338998.22	59	0
P1.2	ascii	decode-read	retain	E2	14	329590.98	59	1
P1.2	ascii	decode-read	retain	E	14	331024.63	49	1
P1.2	ascii	decode-read	retain	E2	15	351380.39	59	1
P1.2	ascii	decode-read	retain	E	15	333779.92	49	1
P1.2	ascii	decode-read	retain	R	15	330189.36	59	0
P1.2	ascii	decode-read	retain	E	16	332844.88	49	1
P1.2	ascii	decode-read	retain	R	16	343534.12	59	0
P1.2	ascii	decode-read	retain	E2	16	328392.27	59	1
P1.2	ascii	decode-read	retain	R	17	332492.00	59	0
P1.2	ascii	decode-read	retain	E2	17	342126.00	59	1
P1.2	ascii	decode-read	retain	E	17	333992.22	49	1
P1.2	ascii	decode-read	retain	E2	18	325884.61	59	1
P1.2	ascii	decode-read	retain	E	18	332715.04	49	1
P1.2	ascii	decode-read	retain	R	18	338095.58	59	0
P1.2	ascii	decode-read	retain	E	19	330192.47	49	1
P1.2	ascii	decode-read	retain	R	19	328933.90	59	0
P1.2	ascii	decode-read	retain	E2	19	326735.61	59	1
P1.2	ascii	decode-read	retain	R	20	342762.92	59	0
P1.2	ascii	decode-read	retain	E2	20	330220.12	59	1
P1.2	ascii	decode-read	retain	E	20	324586.76	49	1
P1.2	ascii	decode-read	retain	E2	21	331885.12	59	1
P1.2	ascii	decode-read	retain	E	21	322944.20	49	1
P1.2	ascii	decode-read	retain	R	21	323521.47	59	0
P1.3	ascii	encode-core-hot	drop	E	1	15819.77	1217	0
P1.3	ascii	encode-core-hot	drop	R	1	16163.64	1253	0
P1.3	ascii	encode-core-hot	drop	E2	1	15889.31	1222	0
P1.3	ascii	encode-core-hot	drop	R	2	16463.10	1253	0
P1.3	ascii	encode-core-hot	drop	E2	2	15912.02	1222	0
P1.3	ascii	encode-core-hot	drop	E	2	16192.34	1217	0
P1.3	ascii	encode-core-hot	drop	E2	3	15985.06	1222	0
P1.3	ascii	encode-core-hot	drop	E	3	16005.97	1217	0
P1.3	ascii	encode-core-hot	drop	R	3	16405.08	1253	0
P1.3	ascii	encode-core-hot	drop	E	4	15931.89	1217	0
P1.3	ascii	encode-core-hot	drop	R	4	16354.59	1253	0
P1.3	ascii	encode-core-hot	drop	E2	4	15876.48	1222	0
P1.3	ascii	encode-core-hot	drop	R	5	16402.04	1253	0
P1.3	ascii	encode-core-hot	drop	E2	5	15632.25	1222	0
P1.3	ascii	encode-core-hot	drop	E	5	15979.66	1217	0
P1.3	ascii	encode-core-hot	drop	E2	6	15670.15	1222	0
P1.3	ascii	encode-core-hot	drop	E	6	15962.01	1217	0
P1.3	ascii	encode-core-hot	drop	R	6	16152.35	1253	0
P1.3	ascii	encode-core-hot	drop	E	7	15914.51	1217	0
P1.3	ascii	encode-core-hot	drop	R	7	16571.09	1253	0
P1.3	ascii	encode-core-hot	drop	E2	7	16051.21	1222	0
P1.3	ascii	encode-core-hot	drop	R	8	16068.57	1253	0
P1.3	ascii	encode-core-hot	drop	E2	8	15559.25	1222	0
P1.3	ascii	encode-core-hot	drop	E	8	15682.81	1217	0
P1.3	ascii	encode-core-hot	drop	E2	9	15694.80	1222	0
P1.3	ascii	encode-core-hot	drop	E	9	16066.19	1217	0
P1.3	ascii	encode-core-hot	drop	R	9	16479.94	1253	0
P1.3	ascii	encode-core-hot	drop	E	10	15892.63	1217	0
P1.3	ascii	encode-core-hot	drop	R	10	16310.77	1253	0
P1.3	ascii	encode-core-hot	drop	E2	10	15839.03	1222	0
P1.3	ascii	encode-core-hot	drop	R	11	16330.20	1253	0
P1.3	ascii	encode-core-hot	drop	E2	11	16135.33	1222	0
P1.3	ascii	encode-core-hot	drop	E	11	15990.24	1217	0
P1.3	ascii	encode-core-hot	drop	E2	12	15935.35	1222	0
P1.3	ascii	encode-core-hot	drop	E	12	15761.42	1217	0
P1.3	ascii	encode-core-hot	drop	R	12	16424.48	1253	0
P1.3	ascii	encode-core-hot	drop	E	13	15871.50	1217	0
P1.3	ascii	encode-core-hot	drop	R	13	16417.66	1253	0
P1.3	ascii	encode-core-hot	drop	E2	13	15936.76	1222	0
P1.3	ascii	encode-core-hot	drop	R	14	16133.99	1253	0
P1.3	ascii	encode-core-hot	drop	E2	14	15924.19	1222	0
P1.3	ascii	encode-core-hot	drop	E	14	15965.86	1217	0
P1.3	ascii	encode-core-hot	drop	E2	15	15852.14	1222	0
P1.3	ascii	encode-core-hot	drop	E	15	15909.01	1217	0
P1.3	ascii	encode-core-hot	drop	R	15	16273.73	1253	0
P1.3	ascii	encode-core-hot	drop	E	16	15840.21	1217	0
P1.3	ascii	encode-core-hot	drop	R	16	16433.44	1253	0
P1.3	ascii	encode-core-hot	drop	E2	16	15881.66	1222	0
P1.3	ascii	encode-core-hot	drop	R	17	16399.67	1253	0
P1.3	ascii	encode-core-hot	drop	E2	17	15874.89	1222	0
P1.3	ascii	encode-core-hot	drop	E	17	15825.95	1217	0
P1.3	ascii	encode-core-hot	drop	E2	18	15867.00	1222	0
P1.3	ascii	encode-core-hot	drop	E	18	15942.07	1217	0
P1.3	ascii	encode-core-hot	drop	R	18	16648.21	1253	0
P1.3	ascii	encode-core-hot	drop	E	19	15639.28	1217	0
P1.3	ascii	encode-core-hot	drop	R	19	16718.80	1253	0
P1.3	ascii	encode-core-hot	drop	E2	19	15635.64	1222	0
P1.3	ascii	encode-core-hot	drop	R	20	16868.27	1253	0
P1.3	ascii	encode-core-hot	drop	E2	20	16291.62	1222	0
P1.3	ascii	encode-core-hot	drop	E	20	15800.55	1217	0
P1.3	ascii	encode-core-hot	drop	E2	21	16189.07	1222	0
P1.3	ascii	encode-core-hot	drop	E	21	16275.14	1217	0
P1.3	ascii	encode-core-hot	drop	R	21	16713.58	1253	0
P1.3	ascii	encode-core-hot	retain	E	1	17803.09	982	0
P1.3	ascii	encode-core-hot	retain	R	1	19343.18	1191	0
P1.3	ascii	encode-core-hot	retain	E2	1	16803.15	981	0
P1.3	ascii	encode-core-hot	retain	R	2	19085.56	1191	0
P1.3	ascii	encode-core-hot	retain	E2	2	16627.86	981	0
P1.3	ascii	encode-core-hot	retain	E	2	16665.98	982	0
P1.3	ascii	encode-core-hot	retain	E2	3	16657.25	981	0
P1.3	ascii	encode-core-hot	retain	E	3	16963.40	982	0
P1.3	ascii	encode-core-hot	retain	R	3	18924.27	1191	0
P1.3	ascii	encode-core-hot	retain	E	4	16606.73	982	0
P1.3	ascii	encode-core-hot	retain	R	4	18878.48	1191	0
P1.3	ascii	encode-core-hot	retain	E2	4	16542.51	981	0
P1.3	ascii	encode-core-hot	retain	R	5	18673.05	1191	0
P1.3	ascii	encode-core-hot	retain	E2	5	16949.93	981	0
P1.3	ascii	encode-core-hot	retain	E	5	16500.99	982	0
P1.3	ascii	encode-core-hot	retain	E2	6	16319.07	981	0
P1.3	ascii	encode-core-hot	retain	E	6	16273.85	982	0
P1.3	ascii	encode-core-hot	retain	R	6	18906.00	1191	0
P1.3	ascii	encode-core-hot	retain	E	7	17332.49	982	0
P1.3	ascii	encode-core-hot	retain	R	7	19445.71	1191	0
P1.3	ascii	encode-core-hot	retain	E2	7	16590.15	981	0
P1.3	ascii	encode-core-hot	retain	R	8	18991.88	1191	0
P1.3	ascii	encode-core-hot	retain	E2	8	16595.55	981	0
P1.3	ascii	encode-core-hot	retain	E	8	16625.83	982	0
P1.3	ascii	encode-core-hot	retain	E2	9	16653.65	981	0
P1.3	ascii	encode-core-hot	retain	E	9	16526.87	982	0
P1.3	ascii	encode-core-hot	retain	R	9	18732.98	1191	0
P1.3	ascii	encode-core-hot	retain	E	10	16884.61	982	0
P1.3	ascii	encode-core-hot	retain	R	10	18862.17	1191	0
P1.3	ascii	encode-core-hot	retain	E2	10	16716.50	981	0
P1.3	ascii	encode-core-hot	retain	R	11	19008.05	1191	0
P1.3	ascii	encode-core-hot	retain	E2	11	16689.65	981	0
P1.3	ascii	encode-core-hot	retain	E	11	16783.72	982	0
P1.3	ascii	encode-core-hot	retain	E2	12	16335.50	981	0
P1.3	ascii	encode-core-hot	retain	E	12	16616.02	982	0
P1.3	ascii	encode-core-hot	retain	R	12	18828.98	1191	0
P1.3	ascii	encode-core-hot	retain	E	13	16209.74	982	0
P1.3	ascii	encode-core-hot	retain	R	13	18790.67	1191	0
P1.3	ascii	encode-core-hot	retain	E2	13	16556.81	981	0
P1.3	ascii	encode-core-hot	retain	R	14	18886.18	1191	0
P1.3	ascii	encode-core-hot	retain	E2	14	16722.24	981	0
P1.3	ascii	encode-core-hot	retain	E	14	16635.41	982	0
P1.3	ascii	encode-core-hot	retain	E2	15	16662.50	981	0
P1.3	ascii	encode-core-hot	retain	E	15	16684.70	982	0
P1.3	ascii	encode-core-hot	retain	R	15	18956.38	1191	0
P1.3	ascii	encode-core-hot	retain	E	16	16759.92	982	0
P1.3	ascii	encode-core-hot	retain	R	16	18951.59	1191	0
P1.3	ascii	encode-core-hot	retain	E2	16	16732.92	981	0
P1.3	ascii	encode-core-hot	retain	R	17	18775.23	1191	0
P1.3	ascii	encode-core-hot	retain	E2	17	16697.48	981	0
P1.3	ascii	encode-core-hot	retain	E	17	16481.89	982	0
P1.3	ascii	encode-core-hot	retain	E2	18	16660.51	981	0
P1.3	ascii	encode-core-hot	retain	E	18	16597.01	982	0
P1.3	ascii	encode-core-hot	retain	R	18	18669.64	1191	0
P1.3	ascii	encode-core-hot	retain	E	19	16658.13	982	0
P1.3	ascii	encode-core-hot	retain	R	19	18897.70	1191	0
P1.3	ascii	encode-core-hot	retain	E2	19	16548.20	981	0
P1.3	ascii	encode-core-hot	retain	R	20	18808.30	1191	0
P1.3	ascii	encode-core-hot	retain	E2	20	16594.11	981	0
P1.3	ascii	encode-core-hot	retain	E	20	16650.19	982	0
P1.3	ascii	encode-core-hot	retain	E2	21	16525.60	981	0
P1.3	ascii	encode-core-hot	retain	E	21	16633.28	982	0
P1.3	ascii	encode-core-hot	retain	R	21	18802.39	1191	0
P1.3	ascii	decode-read	drop	E	1	18954.22	1064	1
P1.3	ascii	decode-read	drop	R	1	19060.54	1064	0
P1.3	ascii	decode-read	drop	E2	1	18748.31	1051	1
P1.3	ascii	decode-read	drop	R	2	18760.58	1064	0
P1.3	ascii	decode-read	drop	E2	2	19252.07	1051	1
P1.3	ascii	decode-read	drop	E	2	18808.60	1064	1
P1.3	ascii	decode-read	drop	E2	3	18855.90	1051	1
P1.3	ascii	decode-read	drop	E	3	19232.44	1064	1
P1.3	ascii	decode-read	drop	R	3	18741.82	1064	0
P1.3	ascii	decode-read	drop	E	4	18899.89	1064	1
P1.3	ascii	decode-read	drop	R	4	18937.24	1064	0
P1.3	ascii	decode-read	drop	E2	4	19159.73	1051	1
P1.3	ascii	decode-read	drop	R	5	18763.20	1064	0
P1.3	ascii	decode-read	drop	E2	5	18902.05	1051	1
P1.3	ascii	decode-read	drop	E	5	19094.67	1064	1
P1.3	ascii	decode-read	drop	E2	6	18917.07	1051	1
P1.3	ascii	decode-read	drop	E	6	18750.70	1064	1
P1.3	ascii	decode-read	drop	R	6	18755.09	1064	0
P1.3	ascii	decode-read	drop	E	7	19543.59	1064	1
P1.3	ascii	decode-read	drop	R	7	18587.74	1064	0
P1.3	ascii	decode-read	drop	E2	7	18484.18	1051	1
P1.3	ascii	decode-read	drop	R	8	18681.94	1064	0
P1.3	ascii	decode-read	drop	E2	8	18801.91	1051	1
P1.3	ascii	decode-read	drop	E	8	18464.58	1064	1
P1.3	ascii	decode-read	drop	E2	9	18725.33	1051	1
P1.3	ascii	decode-read	drop	E	9	18817.10	1064	1
P1.3	ascii	decode-read	drop	R	9	19147.98	1064	0
P1.3	ascii	decode-read	drop	E	10	18680.02	1064	1
P1.3	ascii	decode-read	drop	R	10	18496.53	1064	0
P1.3	ascii	decode-read	drop	E2	10	19137.20	1051	1
P1.3	ascii	decode-read	drop	R	11	18598.81	1064	0
P1.3	ascii	decode-read	drop	E2	11	18767.80	1051	1
P1.3	ascii	decode-read	drop	E	11	18735.66	1064	1
P1.3	ascii	decode-read	drop	E2	12	19055.53	1051	1
P1.3	ascii	decode-read	drop	E	12	18667.77	1064	1
P1.3	ascii	decode-read	drop	R	12	19288.25	1064	0
P1.3	ascii	decode-read	drop	E	13	19134.84	1064	1
P1.3	ascii	decode-read	drop	R	13	19129.84	1064	0
P1.3	ascii	decode-read	drop	E2	13	19072.95	1051	1
P1.3	ascii	decode-read	drop	R	14	18586.98	1064	0
P1.3	ascii	decode-read	drop	E2	14	18940.80	1051	1
P1.3	ascii	decode-read	drop	E	14	19130.65	1064	1
P1.3	ascii	decode-read	drop	E2	15	22234.64	1051	1
P1.3	ascii	decode-read	drop	E	15	19762.83	1064	1
P1.3	ascii	decode-read	drop	R	15	19230.63	1064	0
P1.3	ascii	decode-read	drop	E	16	19215.73	1064	1
P1.3	ascii	decode-read	drop	R	16	18830.47	1064	0
P1.3	ascii	decode-read	drop	E2	16	19398.14	1051	1
P1.3	ascii	decode-read	drop	R	17	18991.14	1064	0
P1.3	ascii	decode-read	drop	E2	17	18582.11	1051	1
P1.3	ascii	decode-read	drop	E	17	18780.45	1064	1
P1.3	ascii	decode-read	drop	E2	18	20000.07	1051	1
P1.3	ascii	decode-read	drop	E	18	19347.73	1064	1
P1.3	ascii	decode-read	drop	R	18	18712.66	1064	0
P1.3	ascii	decode-read	drop	E	19	18995.58	1064	1
P1.3	ascii	decode-read	drop	R	19	19554.98	1064	0
P1.3	ascii	decode-read	drop	E2	19	19231.67	1051	1
P1.3	ascii	decode-read	drop	R	20	19540.88	1064	0
P1.3	ascii	decode-read	drop	E2	20	19502.23	1051	1
P1.3	ascii	decode-read	drop	E	20	18786.02	1064	1
P1.3	ascii	decode-read	drop	E2	21	19744.22	1051	1
P1.3	ascii	decode-read	drop	E	21	19049.03	1064	1
P1.3	ascii	decode-read	drop	R	21	19316.37	1064	0
P1.3	ascii	decode-read	retain	E	1	19429.19	1012	1
P1.3	ascii	decode-read	retain	R	1	18661.90	942	0
P1.3	ascii	decode-read	retain	E2	1	19005.38	862	1
P1.3	ascii	decode-read	retain	R	2	19275.63	942	0
P1.3	ascii	decode-read	retain	E2	2	18818.73	862	1
P1.3	ascii	decode-read	retain	E	2	18799.39	1012	1
P1.3	ascii	decode-read	retain	E2	3	18615.07	862	1
P1.3	ascii	decode-read	retain	E	3	18962.30	1012	1
P1.3	ascii	decode-read	retain	R	3	18730.12	942	0
P1.3	ascii	decode-read	retain	E	4	18723.09	1012	1
P1.3	ascii	decode-read	retain	R	4	20141.94	942	0
P1.3	ascii	decode-read	retain	E2	4	21328.57	862	1
P1.3	ascii	decode-read	retain	R	5	19833.99	942	0
P1.3	ascii	decode-read	retain	E2	5	19636.06	862	1
P1.3	ascii	decode-read	retain	E	5	19474.63	1012	1
P1.3	ascii	decode-read	retain	E2	6	19531.59	862	1
P1.3	ascii	decode-read	retain	E	6	19774.80	1012	1
P1.3	ascii	decode-read	retain	R	6	18900.32	942	0
P1.3	ascii	decode-read	retain	E	7	19049.26	1012	1
P1.3	ascii	decode-read	retain	R	7	19100.11	942	0
P1.3	ascii	decode-read	retain	E2	7	19396.29	862	1
P1.3	ascii	decode-read	retain	R	8	18941.88	942	0
P1.3	ascii	decode-read	retain	E2	8	19101.80	862	1
P1.3	ascii	decode-read	retain	E	8	18910.58	1012	1
P1.3	ascii	decode-read	retain	E2	9	19640.71	862	1
P1.3	ascii	decode-read	retain	E	9	19425.76	1012	1
P1.3	ascii	decode-read	retain	R	9	19074.64	942	0
P1.3	ascii	decode-read	retain	E	10	19168.02	1012	1
P1.3	ascii	decode-read	retain	R	10	42333.36	942	0
P1.3	ascii	decode-read	retain	E2	10	19249.68	862	1
P1.3	ascii	decode-read	retain	R	11	18966.89	942	0
P1.3	ascii	decode-read	retain	E2	11	19165.40	862	1
P1.3	ascii	decode-read	retain	E	11	19780.44	1012	1
P1.3	ascii	decode-read	retain	E2	12	19267.75	862	1
P1.3	ascii	decode-read	retain	E	12	19232.58	1012	1
P1.3	ascii	decode-read	retain	R	12	19175.56	942	0
P1.3	ascii	decode-read	retain	E	13	19804.26	1012	1
P1.3	ascii	decode-read	retain	R	13	20347.12	942	0
P1.3	ascii	decode-read	retain	E2	13	20106.45	862	1
P1.3	ascii	decode-read	retain	R	14	18967.09	942	0
P1.3	ascii	decode-read	retain	E2	14	19495.96	862	1
P1.3	ascii	decode-read	retain	E	14	20611.10	1012	1
P1.3	ascii	decode-read	retain	E2	15	20233.83	862	1
P1.3	ascii	decode-read	retain	E	15	21252.03	1012	1
P1.3	ascii	decode-read	retain	R	15	19844.25	942	0
P1.3	ascii	decode-read	retain	E	16	21371.53	1012	1
P1.3	ascii	decode-read	retain	R	16	20468.92	942	0
P1.3	ascii	decode-read	retain	E2	16	19113.43	862	1
P1.3	ascii	decode-read	retain	R	17	19338.10	942	0
P1.3	ascii	decode-read	retain	E2	17	19442.70	862	1
P1.3	ascii	decode-read	retain	E	17	19324.62	1012	1
P1.3	ascii	decode-read	retain	E2	18	19405.06	862	1
P1.3	ascii	decode-read	retain	E	18	19587.33	1012	1
P1.3	ascii	decode-read	retain	R	18	19595.29	942	0
P1.3	ascii	decode-read	retain	E	19	19169.54	1012	1
P1.3	ascii	decode-read	retain	R	19	19133.81	942	0
P1.3	ascii	decode-read	retain	E2	19	18874.26	862	1
P1.3	ascii	decode-read	retain	R	20	19502.31	942	0
P1.3	ascii	decode-read	retain	E2	20	19419.67	862	1
P1.3	ascii	decode-read	retain	E	20	19118.67	1012	1
P1.3	ascii	decode-read	retain	E2	21	19067.79	862	1
P1.3	ascii	decode-read	retain	E	21	19478.98	1012	1
P1.3	ascii	decode-read	retain	R	21	19633.19	942	0
P2.1	ascii	encode-core-hot	drop	E	1	1281.23	15604	0
P2.1	ascii	encode-core-hot	drop	R	1	1252.61	14679	0
P2.1	ascii	encode-core-hot	drop	E2	1	1301.96	15752	0
P2.1	ascii	encode-core-hot	drop	R	2	1240.50	14679	0
P2.1	ascii	encode-core-hot	drop	E2	2	1263.39	15752	0
P2.1	ascii	encode-core-hot	drop	E	2	1264.23	15604	0
P2.1	ascii	encode-core-hot	drop	E2	3	1267.10	15752	0
P2.1	ascii	encode-core-hot	drop	E	3	1261.82	15604	0
P2.1	ascii	encode-core-hot	drop	R	3	1244.63	14679	0
P2.1	ascii	encode-core-hot	drop	E	4	1443.41	15604	0
P2.1	ascii	encode-core-hot	drop	R	4	1278.17	14679	0
P2.1	ascii	encode-core-hot	drop	E2	4	1267.53	15752	0
P2.1	ascii	encode-core-hot	drop	R	5	1285.76	14679	0
P2.1	ascii	encode-core-hot	drop	E2	5	1265.24	15752	0
P2.1	ascii	encode-core-hot	drop	E	5	1266.96	15604	0
P2.1	ascii	encode-core-hot	drop	E2	6	1268.95	15752	0
P2.1	ascii	encode-core-hot	drop	E	6	1235.79	15604	0
P2.1	ascii	encode-core-hot	drop	R	6	1248.19	14679	0
P2.1	ascii	encode-core-hot	drop	E	7	1261.72	15604	0
P2.1	ascii	encode-core-hot	drop	R	7	1248.30	14679	0
P2.1	ascii	encode-core-hot	drop	E2	7	1240.97	15752	0
P2.1	ascii	encode-core-hot	drop	R	8	1259.04	14679	0
P2.1	ascii	encode-core-hot	drop	E2	8	1268.97	15752	0
P2.1	ascii	encode-core-hot	drop	E	8	1260.35	15604	0
P2.1	ascii	encode-core-hot	drop	E2	9	1308.66	15752	0
P2.1	ascii	encode-core-hot	drop	E	9	1292.66	15604	0
P2.1	ascii	encode-core-hot	drop	R	9	1270.12	14679	0
P2.1	ascii	encode-core-hot	drop	E	10	1272.39	15604	0
P2.1	ascii	encode-core-hot	drop	R	10	1247.12	14679	0
P2.1	ascii	encode-core-hot	drop	E2	10	1263.67	15752	0
P2.1	ascii	encode-core-hot	drop	R	11	1241.79	14679	0
P2.1	ascii	encode-core-hot	drop	E2	11	1256.87	15752	0
P2.1	ascii	encode-core-hot	drop	E	11	1265.12	15604	0
P2.1	ascii	encode-core-hot	drop	E2	12	1303.54	15752	0
P2.1	ascii	encode-core-hot	drop	E	12	1303.53	15604	0
P2.1	ascii	encode-core-hot	drop	R	12	1253.44	14679	0
P2.1	ascii	encode-core-hot	drop	E	13	1245.26	15604	0
P2.1	ascii	encode-core-hot	drop	R	13	1236.21	14679	0
P2.1	ascii	encode-core-hot	drop	E2	13	1230.46	15752	0
P2.1	ascii	encode-core-hot	drop	R	14	1252.64	14679	0
P2.1	ascii	encode-core-hot	drop	E2	14	1293.45	15752	0
P2.1	ascii	encode-core-hot	drop	E	14	1270.33	15604	0
P2.1	ascii	encode-core-hot	drop	E2	15	1271.09	15752	0
P2.1	ascii	encode-core-hot	drop	E	15	1253.74	15604	0
P2.1	ascii	encode-core-hot	drop	R	15	1228.80	14679	0
P2.1	ascii	encode-core-hot	drop	E	16	1250.32	15604	0
P2.1	ascii	encode-core-hot	drop	R	16	1233.94	14679	0
P2.1	ascii	encode-core-hot	drop	E2	16	1265.55	15752	0
P2.1	ascii	encode-core-hot	drop	R	17	1238.83	14679	0
P2.1	ascii	encode-core-hot	drop	E2	17	1251.58	15752	0
P2.1	ascii	encode-core-hot	drop	E	17	1279.29	15604	0
P2.1	ascii	encode-core-hot	drop	E2	18	1249.50	15752	0
P2.1	ascii	encode-core-hot	drop	E	18	1263.73	15604	0
P2.1	ascii	encode-core-hot	drop	R	18	1243.41	14679	0
P2.1	ascii	encode-core-hot	drop	E	19	1260.37	15604	0
P2.1	ascii	encode-core-hot	drop	R	19	1271.65	14679	0
P2.1	ascii	encode-core-hot	drop	E2	19	1274.98	15752	0
P2.1	ascii	encode-core-hot	drop	R	20	1245.48	14679	0
P2.1	ascii	encode-core-hot	drop	E2	20	1240.32	15752	0
P2.1	ascii	encode-core-hot	drop	E	20	1245.51	15604	0
P2.1	ascii	encode-core-hot	drop	E2	21	1268.64	15752	0
P2.1	ascii	encode-core-hot	drop	E	21	1251.28	15604	0
P2.1	ascii	encode-core-hot	drop	R	21	1230.29	14679	0
P2.1	ascii	encode-core-hot	retain	E	1	1701.60	12279	0
P2.1	ascii	encode-core-hot	retain	R	1	1672.09	12210	0
P2.1	ascii	encode-core-hot	retain	E2	1	1676.94	11557	0
P2.1	ascii	encode-core-hot	retain	R	2	1674.18	12210	0
P2.1	ascii	encode-core-hot	retain	E2	2	1665.48	11557	0
P2.1	ascii	encode-core-hot	retain	E	2	1710.43	12279	0
P2.1	ascii	encode-core-hot	retain	E2	3	1659.87	11557	0
P2.1	ascii	encode-core-hot	retain	E	3	1665.10	12279	0
P2.1	ascii	encode-core-hot	retain	R	3	1650.88	12210	0
P2.1	ascii	encode-core-hot	retain	E	4	1685.78	12279	0
P2.1	ascii	encode-core-hot	retain	R	4	1637.08	12210	0
P2.1	ascii	encode-core-hot	retain	E2	4	1638.12	11557	0
P2.1	ascii	encode-core-hot	retain	R	5	1685.14	12210	0
P2.1	ascii	encode-core-hot	retain	E2	5	1712.34	11557	0
P2.1	ascii	encode-core-hot	retain	E	5	1689.91	12279	0
P2.1	ascii	encode-core-hot	retain	E2	6	1673.29	11557	0
P2.1	ascii	encode-core-hot	retain	E	6	1685.84	12279	0
P2.1	ascii	encode-core-hot	retain	R	6	1683.94	12210	0
P2.1	ascii	encode-core-hot	retain	E	7	1689.16	12279	0
P2.1	ascii	encode-core-hot	retain	R	7	1594.76	12210	0
P2.1	ascii	encode-core-hot	retain	E2	7	1656.68	11557	0
P2.1	ascii	encode-core-hot	retain	R	8	1746.44	12210	0
P2.1	ascii	encode-core-hot	retain	E2	8	1696.61	11557	0
P2.1	ascii	encode-core-hot	retain	E	8	1643.23	12279	0
P2.1	ascii	encode-core-hot	retain	E2	9	1675.97	11557	0
P2.1	ascii	encode-core-hot	retain	E	9	1685.43	12279	0
P2.1	ascii	encode-core-hot	retain	R	9	1678.43	12210	0
P2.1	ascii	encode-core-hot	retain	E	10	1701.26	12279	0
P2.1	ascii	encode-core-hot	retain	R	10	1699.52	12210	0
P2.1	ascii	encode-core-hot	retain	E2	10	1676.59	11557	0
P2.1	ascii	encode-core-hot	retain	R	11	1664.44	12210	0
P2.1	ascii	encode-core-hot	retain	E2	11	1637.96	11557	0
P2.1	ascii	encode-core-hot	retain	E	11	1642.23	12279	0
P2.1	ascii	encode-core-hot	retain	E2	12	1678.59	11557	0
P2.1	ascii	encode-core-hot	retain	E	12	1668.41	12279	0
P2.1	ascii	encode-core-hot	retain	R	12	1680.01	12210	0
P2.1	ascii	encode-core-hot	retain	E	13	1688.39	12279	0
P2.1	ascii	encode-core-hot	retain	R	13	1641.58	12210	0
P2.1	ascii	encode-core-hot	retain	E2	13	1694.62	11557	0
P2.1	ascii	encode-core-hot	retain	R	14	1690.28	12210	0
P2.1	ascii	encode-core-hot	retain	E2	14	1676.03	11557	0
P2.1	ascii	encode-core-hot	retain	E	14	1686.00	12279	0
P2.1	ascii	encode-core-hot	retain	E2	15	1648.45	11557	0
P2.1	ascii	encode-core-hot	retain	E	15	1698.13	12279	0
P2.1	ascii	encode-core-hot	retain	R	15	1627.64	12210	0
P2.1	ascii	encode-core-hot	retain	E	16	1683.63	12279	0
P2.1	ascii	encode-core-hot	retain	R	16	1652.65	12210	0
P2.1	ascii	encode-core-hot	retain	E2	16	1677.82	11557	0
P2.1	ascii	encode-core-hot	retain	R	17	1688.29	12210	0
P2.1	ascii	encode-core-hot	retain	E2	17	1677.88	11557	0
P2.1	ascii	encode-core-hot	retain	E	17	1693.84	12279	0
P2.1	ascii	encode-core-hot	retain	E2	18	1669.13	11557	0
P2.1	ascii	encode-core-hot	retain	E	18	1657.64	12279	0
P2.1	ascii	encode-core-hot	retain	R	18	1657.54	12210	0
P2.1	ascii	encode-core-hot	retain	E	19	1683.88	12279	0
P2.1	ascii	encode-core-hot	retain	R	19	1612.15	12210	0
P2.1	ascii	encode-core-hot	retain	E2	19	1624.46	11557	0
P2.1	ascii	encode-core-hot	retain	R	20	1638.17	12210	0
P2.1	ascii	encode-core-hot	retain	E2	20	1684.46	11557	0
P2.1	ascii	encode-core-hot	retain	E	20	1624.01	12279	0
P2.1	ascii	encode-core-hot	retain	E2	21	1811.91	11557	0
P2.1	ascii	encode-core-hot	retain	E	21	2875.29	12279	0
P2.1	ascii	encode-core-hot	retain	R	21	1658.00	12210	0
P2.1	ascii	decode-read	drop	E	1	2844.82	6898	1
P2.1	ascii	decode-read	drop	R	1	2753.23	7241	0
P2.1	ascii	decode-read	drop	E2	1	2906.53	7210	1
P2.1	ascii	decode-read	drop	R	2	2743.88	7241	0
P2.1	ascii	decode-read	drop	E2	2	2842.24	7210	1
P2.1	ascii	decode-read	drop	E	2	2907.29	6898	1
P2.1	ascii	decode-read	drop	E2	3	2810.45	7210	1
P2.1	ascii	decode-read	drop	E	3	2898.72	6898	1
P2.1	ascii	decode-read	drop	R	3	2769.62	7241	0
P2.1	ascii	decode-read	drop	E	4	2818.62	6898	1
P2.1	ascii	decode-read	drop	R	4	2778.45	7241	0
P2.1	ascii	decode-read	drop	E2	4	2849.79	7210	1
P2.1	ascii	decode-read	drop	R	5	2800.42	7241	0
P2.1	ascii	decode-read	drop	E2	5	2803.08	7210	1
P2.1	ascii	decode-read	drop	E	5	2790.68	6898	1
P2.1	ascii	decode-read	drop	E2	6	2985.35	7210	1
P2.1	ascii	decode-read	drop	E	6	2779.20	6898	1
P2.1	ascii	decode-read	drop	R	6	2749.71	7241	0
P2.1	ascii	decode-read	drop	E	7	2870.63	6898	1
P2.1	ascii	decode-read	drop	R	7	2883.20	7241	0
P2.1	ascii	decode-read	drop	E2	7	3090.10	7210	1
P2.1	ascii	decode-read	drop	R	8	3038.71	7241	0
P2.1	ascii	decode-read	drop	E2	8	3237.00	7210	1
P2.1	ascii	decode-read	drop	E	8	3072.28	6898	1
P2.1	ascii	decode-read	drop	E2	9	2977.92	7210	1
P2.1	ascii	decode-read	drop	E	9	2955.01	6898	1
P2.1	ascii	decode-read	drop	R	9	2815.02	7241	0
P2.1	ascii	decode-read	drop	E	10	3202.79	6898	1
P2.1	ascii	decode-read	drop	R	10	2898.06	7241	0
P2.1	ascii	decode-read	drop	E2	10	2845.77	7210	1
P2.1	ascii	decode-read	drop	R	11	2804.01	7241	0
P2.1	ascii	decode-read	drop	E2	11	2944.95	7210	1
P2.1	ascii	decode-read	drop	E	11	2843.86	6898	1
P2.1	ascii	decode-read	drop	E2	12	2863.12	7210	1
P2.1	ascii	decode-read	drop	E	12	2784.62	6898	1
P2.1	ascii	decode-read	drop	R	12	2883.24	7241	0
P2.1	ascii	decode-read	drop	E	13	2840.07	6898	1
P2.1	ascii	decode-read	drop	R	13	2737.20	7241	0
P2.1	ascii	decode-read	drop	E2	13	2872.67	7210	1
P2.1	ascii	decode-read	drop	R	14	2854.82	7241	0
P2.1	ascii	decode-read	drop	E2	14	2848.80	7210	1
P2.1	ascii	decode-read	drop	E	14	2937.38	6898	1
P2.1	ascii	decode-read	drop	E2	15	3083.25	7210	1
P2.1	ascii	decode-read	drop	E	15	3044.73	6898	1
P2.1	ascii	decode-read	drop	R	15	2887.65	7241	0
P2.1	ascii	decode-read	drop	E	16	2817.04	6898	1
P2.1	ascii	decode-read	drop	R	16	2795.73	7241	0
P2.1	ascii	decode-read	drop	E2	16	2786.54	7210	1
P2.1	ascii	decode-read	drop	R	17	2841.47	7241	0
P2.1	ascii	decode-read	drop	E2	17	2884.59	7210	1
P2.1	ascii	decode-read	drop	E	17	3054.32	6898	1
P2.1	ascii	decode-read	drop	E2	18	2995.28	7210	1
P2.1	ascii	decode-read	drop	E	18	3034.63	6898	1
P2.1	ascii	decode-read	drop	R	18	3115.87	7241	0
P2.1	ascii	decode-read	drop	E	19	3094.30	6898	1
P2.1	ascii	decode-read	drop	R	19	3016.56	7241	0
P2.1	ascii	decode-read	drop	E2	19	2962.57	7210	1
P2.1	ascii	decode-read	drop	R	20	3061.30	7241	0
P2.1	ascii	decode-read	drop	E2	20	2954.17	7210	1
P2.1	ascii	decode-read	drop	E	20	3108.64	6898	1
P2.1	ascii	decode-read	drop	E2	21	2771.64	7210	1
P2.1	ascii	decode-read	drop	E	21	2840.99	6898	1
P2.1	ascii	decode-read	drop	R	21	2786.99	7241	0
P2.1	ascii	decode-read	retain	E	1	2875.11	7167	1
P2.1	ascii	decode-read	retain	R	1	2920.04	7201	0
P2.1	ascii	decode-read	retain	E2	1	2843.82	6557	1
P2.1	ascii	decode-read	retain	R	2	2826.49	7201	0
P2.1	ascii	decode-read	retain	E2	2	2804.87	6557	1
P2.1	ascii	decode-read	retain	E	2	2788.33	7167	1
P2.1	ascii	decode-read	retain	E2	3	2794.01	6557	1
P2.1	ascii	decode-read	retain	E	3	2861.55	7167	1
P2.1	ascii	decode-read	retain	R	3	2984.25	7201	0
P2.1	ascii	decode-read	retain	E	4	2815.59	7167	1
P2.1	ascii	decode-read	retain	R	4	2938.61	7201	0
P2.1	ascii	decode-read	retain	E2	4	2837.01	6557	1
P2.1	ascii	decode-read	retain	R	5	2791.63	7201	0
P2.1	ascii	decode-read	retain	E2	5	2815.29	6557	1
P2.1	ascii	decode-read	retain	E	5	2774.41	7167	1
P2.1	ascii	decode-read	retain	E2	6	2703.44	6557	1
P2.1	ascii	decode-read	retain	E	6	2734.54	7167	1
P2.1	ascii	decode-read	retain	R	6	2742.59	7201	0
P2.1	ascii	decode-read	retain	E	7	2816.48	7167	1
P2.1	ascii	decode-read	retain	R	7	2828.82	7201	0
P2.1	ascii	decode-read	retain	E2	7	2782.72	6557	1
P2.1	ascii	decode-read	retain	R	8	2792.76	7201	0
P2.1	ascii	decode-read	retain	E2	8	2725.55	6557	1
P2.1	ascii	decode-read	retain	E	8	2779.22	7167	1
P2.1	ascii	decode-read	retain	E2	9	2833.85	6557	1
P2.1	ascii	decode-read	retain	E	9	2773.56	7167	1
P2.1	ascii	decode-read	retain	R	9	2809.27	7201	0
P2.1	ascii	decode-read	retain	E	10	2841.95	7167	1
P2.1	ascii	decode-read	retain	R	10	2833.73	7201	0
P2.1	ascii	decode-read	retain	E2	10	3112.78	6557	1
P2.1	ascii	decode-read	retain	R	11	2793.28	7201	0
P2.1	ascii	decode-read	retain	E2	11	2828.72	6557	1
P2.1	ascii	decode-read	retain	E	11	2842.13	7167	1
P2.1	ascii	decode-read	retain	E2	12	2770.72	6557	1
P2.1	ascii	decode-read	retain	E	12	2832.15	7167	1
P2.1	ascii	decode-read	retain	R	12	2782.44	7201	0
P2.1	ascii	decode-read	retain	E	13	2794.27	7167	1
P2.1	ascii	decode-read	retain	R	13	2747.40	7201	0
P2.1	ascii	decode-read	retain	E2	13	2779.00	6557	1
P2.1	ascii	decode-read	retain	R	14	2811.47	7201	0
P2.1	ascii	decode-read	retain	E2	14	2794.87	6557	1
P2.1	ascii	decode-read	retain	E	14	2884.52	7167	1
P2.1	ascii	decode-read	retain	E2	15	2829.51	6557	1
P2.1	ascii	decode-read	retain	E	15	2867.32	7167	1
P2.1	ascii	decode-read	retain	R	15	2841.02	7201	0
P2.1	ascii	decode-read	retain	E	16	2863.87	7167	1
P2.1	ascii	decode-read	retain	R	16	2799.84	7201	0
P2.1	ascii	decode-read	retain	E2	16	2809.05	6557	1
P2.1	ascii	decode-read	retain	R	17	2849.54	7201	0
P2.1	ascii	decode-read	retain	E2	17	2781.18	6557	1
P2.1	ascii	decode-read	retain	E	17	2843.22	7167	1
P2.1	ascii	decode-read	retain	E2	18	2794.53	6557	1
P2.1	ascii	decode-read	retain	E	18	2942.54	7167	1
P2.1	ascii	decode-read	retain	R	18	2827.67	7201	0
P2.1	ascii	decode-read	retain	E	19	2918.53	7167	1
P2.1	ascii	decode-read	retain	R	19	2827.52	7201	0
P2.1	ascii	decode-read	retain	E2	19	2806.08	6557	1
P2.1	ascii	decode-read	retain	R	20	2770.07	7201	0
P2.1	ascii	decode-read	retain	E2	20	2888.33	6557	1
P2.1	ascii	decode-read	retain	E	20	2955.68	7167	1
P2.1	ascii	decode-read	retain	E2	21	2903.12	6557	1
P2.1	ascii	decode-read	retain	E	21	2798.07	7167	1
P2.1	ascii	decode-read	retain	R	21	2816.11	7201	0
P2.2	ascii	encode-core-hot	drop	E	1	866549.45	22	0
P2.2	ascii	encode-core-hot	drop	R	1	902719.86	22	0
P2.2	ascii	encode-core-hot	drop	E2	1	1076461.59	17	0
P2.2	ascii	encode-core-hot	drop	R	2	896814.32	22	0
P2.2	ascii	encode-core-hot	drop	E2	2	912108.53	17	0
P2.2	ascii	encode-core-hot	drop	E	2	934861.23	22	0
P2.2	ascii	encode-core-hot	drop	E2	3	914886.41	17	0
P2.2	ascii	encode-core-hot	drop	E	3	931287.36	22	0
P2.2	ascii	encode-core-hot	drop	R	3	949216.41	22	0
P2.2	ascii	encode-core-hot	drop	E	4	910903.09	22	0
P2.2	ascii	encode-core-hot	drop	R	4	955533.23	22	0
P2.2	ascii	encode-core-hot	drop	E2	4	885570.24	17	0
P2.2	ascii	encode-core-hot	drop	R	5	877104.59	22	0
P2.2	ascii	encode-core-hot	drop	E2	5	995698.71	17	0
P2.2	ascii	encode-core-hot	drop	E	5	868928.32	22	0
P2.2	ascii	encode-core-hot	drop	E2	6	876755.18	17	0
P2.2	ascii	encode-core-hot	drop	E	6	882516.73	22	0
P2.2	ascii	encode-core-hot	drop	R	6	905285.23	22	0
P2.2	ascii	encode-core-hot	drop	E	7	926116.82	22	0
P2.2	ascii	encode-core-hot	drop	R	7	885838.50	22	0
P2.2	ascii	encode-core-hot	drop	E2	7	862928.76	17	0
P2.2	ascii	encode-core-hot	drop	R	8	872619.05	22	0
P2.2	ascii	encode-core-hot	drop	E2	8	894806.47	17	0
P2.2	ascii	encode-core-hot	drop	E	8	881603.18	22	0
P2.2	ascii	encode-core-hot	drop	E2	9	871645.00	17	0
P2.2	ascii	encode-core-hot	drop	E	9	887201.68	22	0
P2.2	ascii	encode-core-hot	drop	R	9	880257.91	22	0
P2.2	ascii	encode-core-hot	drop	E	10	850850.18	22	0
P2.2	ascii	encode-core-hot	drop	R	10	878088.18	22	0
P2.2	ascii	encode-core-hot	drop	E2	10	854822.65	17	0
P2.2	ascii	encode-core-hot	drop	R	11	857737.23	22	0
P2.2	ascii	encode-core-hot	drop	E2	11	857296.18	17	0
P2.2	ascii	encode-core-hot	drop	E	11	858454.45	22	0
P2.2	ascii	encode-core-hot	drop	E2	12	879691.06	17	0
P2.2	ascii	encode-core-hot	drop	E	12	868183.41	22	0
P2.2	ascii	encode-core-hot	drop	R	12	874366.64	22	0
P2.2	ascii	encode-core-hot	drop	E	13	860068.91	22	0
P2.2	ascii	encode-core-hot	drop	R	13	901725.18	22	0
P2.2	ascii	encode-core-hot	drop	E2	13	897866.88	17	0
P2.2	ascii	encode-core-hot	drop	R	14	878135.68	22	0
P2.2	ascii	encode-core-hot	drop	E2	14	894316.35	17	0
P2.2	ascii	encode-core-hot	drop	E	14	863035.59	22	0
P2.2	ascii	encode-core-hot	drop	E2	15	866531.29	17	0
P2.2	ascii	encode-core-hot	drop	E	15	859845.18	22	0
P2.2	ascii	encode-core-hot	drop	R	15	891690.09	22	0
P2.2	ascii	encode-core-hot	drop	E	16	899143.14	22	0
P2.2	ascii	encode-core-hot	drop	R	16	881671.18	22	0
P2.2	ascii	encode-core-hot	drop	E2	16	875158.65	17	0
P2.2	ascii	encode-core-hot	drop	R	17	915333.36	22	0
P2.2	ascii	encode-core-hot	drop	E2	17	894510.59	17	0
P2.2	ascii	encode-core-hot	drop	E	17	883811.23	22	0
P2.2	ascii	encode-core-hot	drop	E2	18	890080.82	17	0
P2.2	ascii	encode-core-hot	drop	E	18	874526.45	22	0
P2.2	ascii	encode-core-hot	drop	R	18	961240.77	22	0
P2.2	ascii	encode-core-hot	drop	E	19	897274.14	22	0
P2.2	ascii	encode-core-hot	drop	R	19	865023.18	22	0
P2.2	ascii	encode-core-hot	drop	E2	19	908639.94	17	0
P2.2	ascii	encode-core-hot	drop	R	20	904063.36	22	0
P2.2	ascii	encode-core-hot	drop	E2	20	869514.00	17	0
P2.2	ascii	encode-core-hot	drop	E	20	875365.23	22	0
P2.2	ascii	encode-core-hot	drop	E2	21	887815.29	17	0
P2.2	ascii	encode-core-hot	drop	E	21	905944.73	22	0
P2.2	ascii	encode-core-hot	drop	R	21	909096.05	22	0
P2.2	ascii	encode-core-hot	retain	E	1	941881.40	15	0
P2.2	ascii	encode-core-hot	retain	R	1	947073.62	21	0
P2.2	ascii	encode-core-hot	retain	E2	1	931638.70	20	0
P2.2	ascii	encode-core-hot	retain	R	2	928708.48	21	0
P2.2	ascii	encode-core-hot	retain	E2	2	970881.50	20	0
P2.2	ascii	encode-core-hot	retain	E	2	921008.53	15	0
P2.2	ascii	encode-core-hot	retain	E2	3	909531.95	20	0
P2.2	ascii	encode-core-hot	retain	E	3	925589.07	15	0
P2.2	ascii	encode-core-hot	retain	R	3	999177.00	21	0
P2.2	ascii	encode-core-hot	retain	E	4	986537.67	15	0
P2.2	ascii	encode-core-hot	retain	R	4	941277.24	21	0
P2.2	ascii	encode-core-hot	retain	E2	4	964011.50	20	0
P2.2	ascii	encode-core-hot	retain	R	5	938378.38	21	0
P2.2	ascii	encode-core-hot	retain	E2	5	925079.50	20	0
P2.2	ascii	encode-core-hot	retain	E	5	930860.40	15	0
P2.2	ascii	encode-core-hot	retain	E2	6	901209.95	20	0
P2.2	ascii	encode-core-hot	retain	E	6	1004560.13	15	0
P2.2	ascii	encode-core-hot	retain	R	6	1010494.76	21	0
P2.2	ascii	encode-core-hot	retain	E	7	1001741.73	15	0
P2.2	ascii	encode-core-hot	retain	R	7	953720.29	21	0
P2.2	ascii	encode-core-hot	retain	E2	7	950137.25	20	0
P2.2	ascii	encode-core-hot	retain	R	8	940408.90	21	0
P2.2	ascii	encode-core-hot	retain	E2	8	943244.00	20	0
P2.2	ascii	encode-core-hot	retain	E	8	948974.13	15	0
P2.2	ascii	encode-core-hot	retain	E2	9	920779.75	20	0
P2.2	ascii	encode-core-hot	retain	E	9	965944.00	15	0
P2.2	ascii	encode-core-hot	retain	R	9	955080.67	21	0
P2.2	ascii	encode-core-hot	retain	E	10	954446.47	15	0
P2.2	ascii	encode-core-hot	retain	R	10	960626.33	21	0
P2.2	ascii	encode-core-hot	retain	E2	10	929400.50	20	0
P2.2	ascii	encode-core-hot	retain	R	11	944323.76	21	0
P2.2	ascii	encode-core-hot	retain	E2	11	926141.25	20	0
P2.2	ascii	encode-core-hot	retain	E	11	941133.93	15	0
P2.2	ascii	encode-core-hot	retain	E2	12	971867.35	20	0
P2.2	ascii	encode-core-hot	retain	E	12	987392.20	15	0
P2.2	ascii	encode-core-hot	retain	R	12	968302.00	21	0
P2.2	ascii	encode-core-hot	retain	E	13	923686.27	15	0
P2.2	ascii	encode-core-hot	retain	R	13	915924.19	21	0
P2.2	ascii	encode-core-hot	retain	E2	13	914295.10	20	0
P2.2	ascii	encode-core-hot	retain	R	14	906136.76	21	0
P2.2	ascii	encode-core-hot	retain	E2	14	952541.40	20	0
P2.2	ascii	encode-core-hot	retain	E	14	933163.47	15	0
P2.2	ascii	encode-core-hot	retain	E2	15	913840.35	20	0
P2.2	ascii	encode-core-hot	retain	E	15	897408.00	15	0
P2.2	ascii	encode-core-hot	retain	R	15	947611.24	21	0
P2.2	ascii	encode-core-hot	retain	E	16	930308.27	15	0
P2.2	ascii	encode-core-hot	retain	R	16	930644.24	21	0
P2.2	ascii	encode-core-hot	retain	E2	16	940969.40	20	0
P2.2	ascii	encode-core-hot	retain	R	17	925044.76	21	0
P2.2	ascii	encode-core-hot	retain	E2	17	927939.40	20	0
P2.2	ascii	encode-core-hot	retain	E	17	931551.60	15	0
P2.2	ascii	encode-core-hot	retain	E2	18	932505.15	20	0
P2.2	ascii	encode-core-hot	retain	E	18	932237.73	15	0
P2.2	ascii	encode-core-hot	retain	R	18	945560.86	21	0
P2.2	ascii	encode-core-hot	retain	E	19	946188.00	15	0
P2.2	ascii	encode-core-hot	retain	R	19	959688.38	21	0
P2.2	ascii	encode-core-hot	retain	E2	19	946701.60	20	0
P2.2	ascii	encode-core-hot	retain	R	20	938669.76	21	0
P2.2	ascii	encode-core-hot	retain	E2	20	935791.55	20	0
P2.2	ascii	encode-core-hot	retain	E	20	945050.20	15	0
P2.2	ascii	encode-core-hot	retain	E2	21	955859.75	20	0
P2.2	ascii	encode-core-hot	retain	E	21	974629.87	15	0
P2.2	ascii	encode-core-hot	retain	R	21	1007794.14	21	0
P2.2	ascii	decode-read	drop	E	1	1683740.73	11	1
P2.2	ascii	decode-read	drop	R	1	1689341.82	11	0
P2.2	ascii	decode-read	drop	E2	1	4053352.91	11	1
P2.2	ascii	decode-read	drop	R	2	1757709.55	11	0
P2.2	ascii	decode-read	drop	E2	2	1679991.55	11	1
P2.2	ascii	decode-read	drop	E	2	1660629.00	11	1
P2.2	ascii	decode-read	drop	E2	3	1674804.82	11	1
P2.2	ascii	decode-read	drop	E	3	1680981.27	11	1
P2.2	ascii	decode-read	drop	R	3	1766997.45	11	0
P2.2	ascii	decode-read	drop	E	4	1691536.00	11	1
P2.2	ascii	decode-read	drop	R	4	1676727.45	11	0
P2.2	ascii	decode-read	drop	E2	4	1689551.09	11	1
P2.2	ascii	decode-read	drop	R	5	1747974.00	11	0
P2.2	ascii	decode-read	drop	E2	5	1757772.36	11	1
P2.2	ascii	decode-read	drop	E	5	4102061.09	11	1
P2.2	ascii	decode-read	drop	E2	6	1692546.09	11	1
P2.2	ascii	decode-read	drop	E	6	1750394.91	11	1
P2.2	ascii	decode-read	drop	R	6	1709861.55	11	0
P2.2	ascii	decode-read	drop	E	7	1798753.27	11	1
P2.2	ascii	decode-read	drop	R	7	4496907.18	11	0
P2.2	ascii	decode-read	drop	E2	7	1632926.27	11	1
P2.2	ascii	decode-read	drop	R	8	1842102.91	11	0
P2.2	ascii	decode-read	drop	E2	8	1889476.91	11	1
P2.2	ascii	decode-read	drop	E	8	2040509.27	11	1
P2.2	ascii	decode-read	drop	E2	9	1808225.27	11	1
P2.2	ascii	decode-read	drop	E	9	1875780.09	11	1
P2.2	ascii	decode-read	drop	R	9	1755259.36	11	0
P2.2	ascii	decode-read	drop	E	10	1675089.18	11	1
P2.2	ascii	decode-read	drop	R	10	1811324.00	11	0
P2.2	ascii	decode-read	drop	E2	10	1878906.09	11	1
P2.2	ascii	decode-read	drop	R	11	1791718.55	11	0
P2.2	ascii	decode-read	drop	E2	11	4582422.00	11	1
P2.2	ascii	decode-read	drop	E	11	1759676.55	11	1
P2.2	ascii	decode-read	drop	E2	12	1731934.18	11	1
P2.2	ascii	decode-read	drop	E	12	1691900.18	11	1
P2.2	ascii	decode-read	drop	R	12	1715978.64	11	0
P2.2	ascii	decode-read	drop	E	13	1840582.09	11	1
P2.2	ascii	decode-read	drop	R	13	4935791.82	11	0
P2.2	ascii	decode-read	drop	E2	13	1725933.73	11	1
P2.2	ascii	decode-read	drop	R	14	1681136.18	11	0
P2.2	ascii	decode-read	drop	E2	14	1707757.64	11	1
P2.2	ascii	decode-read	drop	E	14	1728782.09	11	1
P2.2	ascii	decode-read	drop	E2	15	1714271.18	11	1
P2.2	ascii	decode-read	drop	E	15	1762503.55	11	1
P2.2	ascii	decode-read	drop	R	15	1674335.09	11	0
P2.2	ascii	decode-read	drop	E	16	1737022.18	11	1
P2.2	ascii	decode-read	drop	R	16	1746231.82	11	0
P2.2	ascii	decode-read	drop	E2	16	1747966.64	11	1
P2.2	ascii	decode-read	drop	R	17	1660890.36	11	0
P2.2	ascii	decode-read	drop	E2	17	4187280.55	11	1
P2.2	ascii	decode-read	drop	E	17	1677698.91	11	1
P2.2	ascii	decode-read	drop	E2	18	1693868.27	11	1
P2.2	ascii	decode-read	drop	E	18	1635403.00	11	1
P2.2	ascii	decode-read	drop	R	18	1674523.73	11	0
P2.2	ascii	decode-read	drop	E	19	1676913.36	11	1
P2.2	ascii	decode-read	drop	R	19	4619705.45	11	0
P2.2	ascii	decode-read	drop	E2	19	1637915.82	11	1
P2.2	ascii	decode-read	drop	R	20	1671521.73	11	0
P2.2	ascii	decode-read	drop	E2	20	1659982.18	11	1
P2.2	ascii	decode-read	drop	E	20	1651580.64	11	1
P2.2	ascii	decode-read	drop	E2	21	1774438.55	11	1
P2.2	ascii	decode-read	drop	E	21	1597140.64	11	1
P2.2	ascii	decode-read	drop	R	21	1648529.91	11	0
P2.2	ascii	decode-read	retain	E	1	1876380.11	9	1
P2.2	ascii	decode-read	retain	R	1	1917625.25	4	0
P2.2	ascii	decode-read	retain	E2	1	1812941.33	9	1
P2.2	ascii	decode-read	retain	R	2	1807967.75	4	0
P2.2	ascii	decode-read	retain	E2	2	1871024.11	9	1
P2.2	ascii	decode-read	retain	E	2	1767141.33	9	1
P2.2	ascii	decode-read	retain	E2	3	1767588.22	9	1
P2.2	ascii	decode-read	retain	E	3	1815060.67	9	1
P2.2	ascii	decode-read	retain	R	3	1579388.75	4	0
P2.2	ascii	decode-read	retain	E	4	1748704.11	9	1
P2.2	ascii	decode-read	retain	R	4	1899733.50	4	0
P2.2	ascii	decode-read	retain	E2	4	1792073.11	9	1
P2.2	ascii	decode-read	retain	R	5	1763122.00	4	0
P2.2	ascii	decode-read	retain	E2	5	1762338.44	9	1
P2.2	ascii	decode-read	retain	E	5	1798249.89	9	1
P2.2	ascii	decode-read	retain	E2	6	1815252.56	9	1
P2.2	ascii	decode-read	retain	E	6	4853479.11	9	1
P2.2	ascii	decode-read	retain	R	6	1677360.25	4	0
P2.2	ascii	decode-read	retain	E	7	1692051.89	9	1
P2.2	ascii	decode-read	retain	R	7	1772838.00	4	0
P2.2	ascii	decode-read	retain	E2	7	1829319.56	9	1
P2.2	ascii	decode-read	retain	R	8	1728160.00	4	0
P2.2	ascii	decode-read	retain	E2	8	1725403.44	9	1
P2.2	ascii	decode-read	retain	E	8	1799681.11	9	1
P2.2	ascii	decode-read	retain	E2	9	1702983.11	9	1
P2.2	ascii	decode-read	retain	E	9	4984973.33	9	1
P2.2	ascii	decode-read	retain	R	9	1667900.25	4	0
P2.2	ascii	decode-read	retain	E	10	1676270.00	9	1
P2.2	ascii	decode-read	retain	R	10	1656972.25	4	0
P2.2	ascii	decode-read	retain	E2	10	1725201.00	9	1
P2.2	ascii	decode-read	retain	R	11	1610400.75	4	0
P2.2	ascii	decode-read	retain	E2	11	1693176.56	9	1
P2.2	ascii	decode-read	retain	E	11	1682314.67	9	1
P2.2	ascii	decode-read	retain	E2	12	1837132.89	9	1
P2.2	ascii	decode-read	retain	E	12	1680946.11	9	1
P2.2	ascii	decode-read	retain	R	12	1723510.75	4	0
P2.2	ascii	decode-read	retain	E	13	1743749.89	9	1
P2.2	ascii	decode-read	retain	R	13	1694845.50	4	0
P2.2	ascii	decode-read	retain	E2	13	1714897.33	9	1
P2.2	ascii	decode-read	retain	R	14	1760286.00	4	0
P2.2	ascii	decode-read	retain	E2	14	1684240.56	9	1
P2.2	ascii	decode-read	retain	E	14	1676072.67	9	1
P2.2	ascii	decode-read	retain	E2	15	5389211.67	9	1
P2.2	ascii	decode-read	retain	E	15	1804449.56	9	1
P2.2	ascii	decode-read	retain	R	15	1847945.75	4	0
P2.2	ascii	decode-read	retain	E	16	1746654.00	9	1
P2.2	ascii	decode-read	retain	R	16	1842514.75	4	0
P2.2	ascii	decode-read	retain	E2	16	1734340.44	9	1
P2.2	ascii	decode-read	retain	R	17	1651318.00	4	0
P2.2	ascii	decode-read	retain	E2	17	1731434.11	9	1
P2.2	ascii	decode-read	retain	E	17	1768082.44	9	1
P2.2	ascii	decode-read	retain	E2	18	5268307.11	9	1
P2.2	ascii	decode-read	retain	E	18	1700022.33	9	1
P2.2	ascii	decode-read	retain	R	18	1677701.25	4	0
P2.2	ascii	decode-read	retain	E	19	1723128.33	9	1
P2.2	ascii	decode-read	retain	R	19	1824180.25	4	0
P2.2	ascii	decode-read	retain	E2	19	1772377.78	9	1
P2.2	ascii	decode-read	retain	R	20	1707129.50	4	0
P2.2	ascii	decode-read	retain	E2	20	1665618.11	9	1
P2.2	ascii	decode-read	retain	E	20	1635370.00	9	1
P2.2	ascii	decode-read	retain	E2	21	1721858.67	9	1
P2.2	ascii	decode-read	retain	E	21	1604979.44	9	1
P2.2	ascii	decode-read	retain	R	21	1733197.00	4	0
P2.2	latin1	encode-core-hot	drop	E	1	1670378.42	12	0
P2.2	latin1	encode-core-hot	drop	R	1	1798967.09	11	0
P2.2	latin1	encode-core-hot	drop	E2	1	1672242.00	11	0
P2.2	latin1	encode-core-hot	drop	R	2	1703511.73	11	0
P2.2	latin1	encode-core-hot	drop	E2	2	1740377.73	11	0
P2.2	latin1	encode-core-hot	drop	E	2	1706972.33	12	0
P2.2	latin1	encode-core-hot	drop	E2	3	1737005.91	11	0
P2.2	latin1	encode-core-hot	drop	E	3	1732762.67	12	0
P2.2	latin1	encode-core-hot	drop	R	3	1698604.09	11	0
P2.2	latin1	encode-core-hot	drop	E	4	1704117.67	12	0
P2.2	latin1	encode-core-hot	drop	R	4	1657403.82	11	0
P2.2	latin1	encode-core-hot	drop	E2	4	1955877.55	11	0
P2.2	latin1	encode-core-hot	drop	R	5	1892909.18	11	0
P2.2	latin1	encode-core-hot	drop	E2	5	3039330.64	11	0
P2.2	latin1	encode-core-hot	drop	E	5	1654747.00	12	0
P2.2	latin1	encode-core-hot	drop	E2	6	1645974.82	11	0
P2.2	latin1	encode-core-hot	drop	E	6	1680630.08	12	0
P2.2	latin1	encode-core-hot	drop	R	6	1753180.36	11	0
P2.2	latin1	encode-core-hot	drop	E	7	1720367.83	12	0
P2.2	latin1	encode-core-hot	drop	R	7	1685633.55	11	0
P2.2	latin1	encode-core-hot	drop	E2	7	1732604.27	11	0
P2.2	latin1	encode-core-hot	drop	R	8	1755876.09	11	0
P2.2	latin1	encode-core-hot	drop	E2	8	1672232.82	11	0
P2.2	latin1	encode-core-hot	drop	E	8	1750194.25	12	0
P2.2	latin1	encode-core-hot	drop	E2	9	1762330.36	11	0
P2.2	latin1	encode-core-hot	drop	E	9	1718384.50	12	0
P2.2	latin1	encode-core-hot	drop	R	9	1784873.36	11	0
P2.2	latin1	encode-core-hot	drop	E	10	1777403.58	12	0
P2.2	latin1	encode-core-hot	drop	R	10	1740678.55	11	0
P2.2	latin1	encode-core-hot	drop	E2	10	1786674.55	11	0
P2.2	latin1	encode-core-hot	drop	R	11	1730324.55	11	0
P2.2	latin1	encode-core-hot	drop	E2	11	1718394.91	11	0
P2.2	latin1	encode-core-hot	drop	E	11	1742766.42	12	0
P2.2	latin1	encode-core-hot	drop	E2	12	1901135.09	11	0
P2.2	latin1	encode-core-hot	drop	E	12	1699678.67	12	0
P2.2	latin1	encode-core-hot	drop	R	12	1930708.09	11	0
P2.2	latin1	encode-core-hot	drop	E	13	1952178.42	12	0
P2.2	latin1	encode-core-hot	drop	R	13	1878379.73	11	0
P2.2	latin1	encode-core-hot	drop	E2	13	1658524.91	11	0
P2.2	latin1	encode-core-hot	drop	R	14	1646664.82	11	0
P2.2	latin1	encode-core-hot	drop	E2	14	1682190.36	11	0
P2.2	latin1	encode-core-hot	drop	E	14	1645323.58	12	0
P2.2	latin1	encode-core-hot	drop	E2	15	1669370.18	11	0
P2.2	latin1	encode-core-hot	drop	E	15	1625427.67	12	0
P2.2	latin1	encode-core-hot	drop	R	15	1694669.55	11	0
P2.2	latin1	encode-core-hot	drop	E	16	1651460.67	12	0
P2.2	latin1	encode-core-hot	drop	R	16	1700446.09	11	0
P2.2	latin1	encode-core-hot	drop	E2	16	1795404.09	11	0
P2.2	latin1	encode-core-hot	drop	R	17	1639417.45	11	0
P2.2	latin1	encode-core-hot	drop	E2	17	1645647.27	11	0
P2.2	latin1	encode-core-hot	drop	E	17	1689494.75	12	0
P2.2	latin1	encode-core-hot	drop	E2	18	1685849.27	11	0
P2.2	latin1	encode-core-hot	drop	E	18	1673085.08	12	0
P2.2	latin1	encode-core-hot	drop	R	18	1759239.36	11	0
P2.2	latin1	encode-core-hot	drop	E	19	1696808.67	12	0
P2.2	latin1	encode-core-hot	drop	R	19	1791548.36	11	0
P2.2	latin1	encode-core-hot	drop	E2	19	1679096.18	11	0
P2.2	latin1	encode-core-hot	drop	R	20	1689868.55	11	0
P2.2	latin1	encode-core-hot	drop	E2	20	1649100.91	11	0
P2.2	latin1	encode-core-hot	drop	E	20	1649619.17	12	0
P2.2	latin1	encode-core-hot	drop	E2	21	1644722.64	11	0
P2.2	latin1	encode-core-hot	drop	E	21	1638168.75	12	0
P2.2	latin1	encode-core-hot	drop	R	21	1706067.18	11	0
P2.2	latin1	encode-core-hot	retain	E	1	1341498.93	15	0
P2.2	latin1	encode-core-hot	retain	R	1	1343431.40	15	0
P2.2	latin1	encode-core-hot	retain	E2	1	1354681.60	15	0
P2.2	latin1	encode-core-hot	retain	R	2	1347858.40	15	0
P2.2	latin1	encode-core-hot	retain	E2	2	1339497.73	15	0
P2.2	latin1	encode-core-hot	retain	E	2	1327417.00	15	0
P2.2	latin1	encode-core-hot	retain	E2	3	1322682.73	15	0
P2.2	latin1	encode-core-hot	retain	E	3	1267677.07	15	0
P2.2	latin1	encode-core-hot	retain	R	3	1299395.87	15	0
P2.2	latin1	encode-core-hot	retain	E	4	1327758.47	15	0
P2.2	latin1	encode-core-hot	retain	R	4	1282276.73	15	0
P2.2	latin1	encode-core-hot	retain	E2	4	1279289.80	15	0
P2.2	latin1	encode-core-hot	retain	R	5	1306460.93	15	0
P2.2	latin1	encode-core-hot	retain	E2	5	1276045.40	15	0
P2.2	latin1	encode-core-hot	retain	E	5	1269801.40	15	0
P2.2	latin1	encode-core-hot	retain	E2	6	1260907.73	15	0
P2.2	latin1	encode-core-hot	retain	E	6	1250966.93	15	0
P2.2	latin1	encode-core-hot	retain	R	6	1303085.67	15	0
P2.2	latin1	encode-core-hot	retain	E	7	1295758.80	15	0
P2.2	latin1	encode-core-hot	retain	R	7	1267545.40	15	0
P2.2	latin1	encode-core-hot	retain	E2	7	1248124.27	15	0
P2.2	latin1	encode-core-hot	retain	R	8	1238940.07	15	0
P2.2	latin1	encode-core-hot	retain	E2	8	1264007.73	15	0
P2.2	latin1	encode-core-hot	retain	E	8	1268987.80	15	0
P2.2	latin1	encode-core-hot	retain	E2	9	1261552.67	15	0
P2.2	latin1	encode-core-hot	retain	E	9	1247206.00	15	0
P2.2	latin1	encode-core-hot	retain	R	9	1306487.13	15	0
P2.2	latin1	encode-core-hot	retain	E	10	1276483.13	15	0
P2.2	latin1	encode-core-hot	retain	R	10	1282665.07	15	0
P2.2	latin1	encode-core-hot	retain	E2	10	1290749.27	15	0
P2.2	latin1	encode-core-hot	retain	R	11	1344163.07	15	0
P2.2	latin1	encode-core-hot	retain	E2	11	1310278.53	15	0
P2.2	latin1	encode-core-hot	retain	E	11	1288474.47	15	0
P2.2	latin1	encode-core-hot	retain	E2	12	1252753.60	15	0
P2.2	latin1	encode-core-hot	retain	E	12	1226022.27	15	0
P2.2	latin1	encode-core-hot	retain	R	12	1275409.07	15	0
P2.2	latin1	encode-core-hot	retain	E	13	1263298.47	15	0
P2.2	latin1	encode-core-hot	retain	R	13	1245106.73	15	0
P2.2	latin1	encode-core-hot	retain	E2	13	1245178.07	15	0
P2.2	latin1	encode-core-hot	retain	R	14	1288469.87	15	0
P2.2	latin1	encode-core-hot	retain	E2	14	1257605.67	15	0
P2.2	latin1	encode-core-hot	retain	E	14	1253829.20	15	0
P2.2	latin1	encode-core-hot	retain	E2	15	1270367.80	15	0
P2.2	latin1	encode-core-hot	retain	E	15	1228102.13	15	0
P2.2	latin1	encode-core-hot	retain	R	15	1251199.33	15	0
P2.2	latin1	encode-core-hot	retain	E	16	1230923.87	15	0
P2.2	latin1	encode-core-hot	retain	R	16	1212375.00	15	0
P2.2	latin1	encode-core-hot	retain	E2	16	1226013.07	15	0
P2.2	latin1	encode-core-hot	retain	R	17	1232779.67	15	0
P2.2	latin1	encode-core-hot	retain	E2	17	1231713.47	15	0
P2.2	latin1	encode-core-hot	retain	E	17	1223611.67	15	0
P2.2	latin1	encode-core-hot	retain	E2	18	1213388.13	15	0
P2.2	latin1	encode-core-hot	retain	E	18	1229472.80	15	0
P2.2	latin1	encode-core-hot	retain	R	18	1241934.67	15	0
P2.2	latin1	encode-core-hot	retain	E	19	1227401.33	15	0
P2.2	latin1	encode-core-hot	retain	R	19	1215677.27	15	0
P2.2	latin1	encode-core-hot	retain	E2	19	1247744.40	15	0
P2.2	latin1	encode-core-hot	retain	R	20	1219503.47	15	0
P2.2	latin1	encode-core-hot	retain	E2	20	1222289.47	15	0
P2.2	latin1	encode-core-hot	retain	E	20	1221557.33	15	0
P2.2	latin1	encode-core-hot	retain	E2	21	1231274.33	15	0
P2.2	latin1	encode-core-hot	retain	E	21	1221820.53	15	0
P2.2	latin1	encode-core-hot	retain	R	21	1253681.73	15	0
P2.2	latin1	decode-read	drop	E	1	2240257.88	8	1
P2.2	latin1	decode-read	drop	R	1	2625617.12	8	0
P2.2	latin1	decode-read	drop	E2	1	2148129.89	9	1
P2.2	latin1	decode-read	drop	R	2	2198393.88	8	0
P2.2	latin1	decode-read	drop	E2	2	2223211.44	9	1
P2.2	latin1	decode-read	drop	E	2	2201890.88	8	1
P2.2	latin1	decode-read	drop	E2	3	2211724.44	9	1
P2.2	latin1	decode-read	drop	E	3	2179167.00	8	1
P2.2	latin1	decode-read	drop	R	3	2208613.25	8	0
P2.2	latin1	decode-read	drop	E	4	6122337.00	8	1
P2.2	latin1	decode-read	drop	R	4	2227364.00	8	0
P2.2	latin1	decode-read	drop	E2	4	2306957.22	9	1
P2.2	latin1	decode-read	drop	R	5	2343676.88	8	0
P2.2	latin1	decode-read	drop	E2	5	2385860.00	9	1
P2.2	latin1	decode-read	drop	E	5	2290817.38	8	1
P2.2	latin1	decode-read	drop	E2	6	2422696.89	9	1
P2.2	latin1	decode-read	drop	E	6	2393211.50	8	1
P2.2	latin1	decode-read	drop	R	6	6569836.00	8	0
P2.2	latin1	decode-read	drop	E	7	2331849.50	8	1
P2.2	latin1	decode-read	drop	R	7	2312585.62	8	0
P2.2	latin1	decode-read	drop	E2	7	2187447.89	9	1
P2.2	latin1	decode-read	drop	R	8	2409632.62	8	0
P2.2	latin1	decode-read	drop	E2	8	2390284.78	9	1
P2.2	latin1	decode-read	drop	E	8	2351911.38	8	1
P2.2	latin1	decode-read	drop	E2	9	2300102.44	9	1
P2.2	latin1	decode-read	drop	E	9	2161779.12	8	1
P2.2	latin1	decode-read	drop	R	9	2180229.38	8	0
P2.2	latin1	decode-read	drop	E	10	2192238.25	8	1
P2.2	latin1	decode-read	drop	R	10	2171119.38	8	0
P2.2	latin1	decode-read	drop	E2	10	2180534.44	9	1
P2.2	latin1	decode-read	drop	R	11	2173286.50	8	0
P2.2	latin1	decode-read	drop	E2	11	2207066.11	9	1
P2.2	latin1	decode-read	drop	E	11	5603921.50	8	1
P2.2	latin1	decode-read	drop	E2	12	2140868.67	9	1
P2.2	latin1	decode-read	drop	E	12	2182024.12	8	1
P2.2	latin1	decode-read	drop	R	12	2239771.38	8	0
P2.2	latin1	decode-read	drop	E	13	2217862.75	8	1
P2.2	latin1	decode-read	drop	R	13	2247179.62	8	0
P2.2	latin1	decode-read	drop	E2	13	2251428.00	9	1
P2.2	latin1	decode-read	drop	R	14	2433617.00	8	0
P2.2	latin1	decode-read	drop	E2	14	6075372.11	9	1
P2.2	latin1	decode-read	drop	E	14	2224223.38	8	1
P2.2	latin1	decode-read	drop	E2	15	2173045.44	9	1
P2.2	latin1	decode-read	drop	E	15	2192591.12	8	1
P2.2	latin1	decode-read	drop	R	15	2226880.62	8	0
P2.2	latin1	decode-read	drop	E	16	2201717.38	8	1
P2.2	latin1	decode-read	drop	R	16	2274680.25	8	0
P2.2	latin1	decode-read	drop	E2	16	2230607.33	9	1
P2.2	latin1	decode-read	drop	R	17	2253960.50	8	0
P2.2	latin1	decode-read	drop	E2	17	2188127.22	9	1
P2.2	latin1	decode-read	drop	E	17	2242459.88	8	1
P2.2	latin1	decode-read	drop	E2	18	2275770.11	9	1
P2.2	latin1	decode-read	drop	E	18	2255692.00	8	1
P2.2	latin1	decode-read	drop	R	18	2299920.75	8	0
P2.2	latin1	decode-read	drop	E	19	2225092.38	8	1
P2.2	latin1	decode-read	drop	R	19	5975053.12	8	0
P2.2	latin1	decode-read	drop	E2	19	2198135.33	9	1
P2.2	latin1	decode-read	drop	R	20	2183732.00	8	0
P2.2	latin1	decode-read	drop	E2	20	2236774.22	9	1
P2.2	latin1	decode-read	drop	E	20	2187175.62	8	1
P2.2	latin1	decode-read	drop	E2	21	2186721.78	9	1
P2.2	latin1	decode-read	drop	E	21	2226527.12	8	1
P2.2	latin1	decode-read	drop	R	21	2269742.88	8	0
P2.2	latin1	decode-read	retain	E	1	2555985.29	7	1
P2.2	latin1	decode-read	retain	R	1	2287468.00	1	0
P2.2	latin1	decode-read	retain	E2	1	2476745.57	7	1
P2.2	latin1	decode-read	retain	R	2	2237331.00	1	0
P2.2	latin1	decode-read	retain	E2	2	2559865.57	7	1
P2.2	latin1	decode-read	retain	E	2	3221806.57	7	1
P2.2	latin1	decode-read	retain	E2	3	3259043.14	7	1
P2.2	latin1	decode-read	retain	E	3	2723673.29	7	1
P2.2	latin1	decode-read	retain	R	3	2604420.00	1	0
P2.2	latin1	decode-read	retain	E	4	2655912.29	7	1
P2.2	latin1	decode-read	retain	R	4	2887121.00	1	0
P2.2	latin1	decode-read	retain	E2	4	8135832.29	7	1
P2.2	latin1	decode-read	retain	R	5	2242934.00	1	0
P2.2	latin1	decode-read	retain	E2	5	2235874.86	7	1
P2.2	latin1	decode-read	retain	E	5	2289557.43	7	1
P2.2	latin1	decode-read	retain	E2	6	2460119.43	7	1
P2.2	latin1	decode-read	retain	E	6	2377856.43	7	1
P2.2	latin1	decode-read	retain	R	6	2401646.00	1	0
P2.2	latin1	decode-read	retain	E	7	2252873.57	7	1
P2.2	latin1	decode-read	retain	R	7	2375738.00	1	0
P2.2	latin1	decode-read	retain	E2	7	2346882.43	7	1
P2.2	latin1	decode-read	retain	R	8	2312763.00	1	0
P2.2	latin1	decode-read	retain	E2	8	2430166.71	7	1
P2.2	latin1	decode-read	retain	E	8	2457066.00	7	1
P2.2	latin1	decode-read	retain	E2	9	7596681.00	7	1
P2.2	latin1	decode-read	retain	E	9	2852869.00	7	1
P2.2	latin1	decode-read	retain	R	9	2347447.00	1	0
P2.2	latin1	decode-read	retain	E	10	2487504.14	7	1
P2.2	latin1	decode-read	retain	R	10	2515421.00	1	0
P2.2	latin1	decode-read	retain	E2	10	3063973.43	7	1
P2.2	latin1	decode-read	retain	R	11	2362443.00	1	0
P2.2	latin1	decode-read	retain	E2	11	2381003.57	7	1
P2.2	latin1	decode-read	retain	E	11	2304616.29	7	1
P2.2	latin1	decode-read	retain	E2	12	2251221.86	7	1
P2.2	latin1	decode-read	retain	E	12	2349788.29	7	1
P2.2	latin1	decode-read	retain	R	12	2258150.00	1	0
P2.2	latin1	decode-read	retain	E	13	2371265.00	7	1
P2.2	latin1	decode-read	retain	R	13	37422324.00	1	0
P2.2	latin1	decode-read	retain	E2	13	2229734.57	7	1
P2.2	latin1	decode-read	retain	R	14	2239461.00	1	0
P2.2	latin1	decode-read	retain	E2	14	2344860.29	7	1
P2.2	latin1	decode-read	retain	E	14	2340818.71	7	1
P2.2	latin1	decode-read	retain	E2	15	2285692.57	7	1
P2.2	latin1	decode-read	retain	E	15	2271412.43	7	1
P2.2	latin1	decode-read	retain	R	15	2208383.00	1	0
P2.2	latin1	decode-read	retain	E	16	2296025.86	7	1
P2.2	latin1	decode-read	retain	R	16	2465439.00	1	0
P2.2	latin1	decode-read	retain	E2	16	2233553.29	7	1
P2.2	latin1	decode-read	retain	R	17	2303140.00	1	0
P2.2	latin1	decode-read	retain	E2	17	2296814.43	7	1
P2.2	latin1	decode-read	retain	E	17	7176298.29	7	1
P2.2	latin1	decode-read	retain	E2	18	2255636.43	7	1
P2.2	latin1	decode-read	retain	E	18	2414163.29	7	1
P2.2	latin1	decode-read	retain	R	18	2443024.00	1	0
P2.2	latin1	decode-read	retain	E	19	2329053.00	7	1
P2.2	latin1	decode-read	retain	R	19	2373227.00	1	0
P2.2	latin1	decode-read	retain	E2	19	2481109.86	7	1
P2.2	latin1	decode-read	retain	R	20	2631211.00	1	0
P2.2	latin1	decode-read	retain	E2	20	2329895.29	7	1
P2.2	latin1	decode-read	retain	E	20	2334632.29	7	1
P2.2	latin1	decode-read	retain	E2	21	2375701.29	7	1
P2.2	latin1	decode-read	retain	E	21	2292571.71	7	1
P2.2	latin1	decode-read	retain	R	21	2689514.00	1	0
P2.2	wide	encode-core-hot	drop	E	1	1801684.56	9	0
P2.2	wide	encode-core-hot	drop	R	1	1735397.27	11	0
P2.2	wide	encode-core-hot	drop	E2	1	1798899.73	11	0
P2.2	wide	encode-core-hot	drop	R	2	1770277.55	11	0
P2.2	wide	encode-core-hot	drop	E2	2	1789964.55	11	0
P2.2	wide	encode-core-hot	drop	E	2	1737184.22	9	0
P2.2	wide	encode-core-hot	drop	E2	3	1733635.45	11	0
P2.2	wide	encode-core-hot	drop	E	3	1768763.00	9	0
P2.2	wide	encode-core-hot	drop	R	3	1806368.64	11	0
P2.2	wide	encode-core-hot	drop	E	4	1761363.33	9	0
P2.2	wide	encode-core-hot	drop	R	4	1747486.45	11	0
P2.2	wide	encode-core-hot	drop	E2	4	1757207.27	11	0
P2.2	wide	encode-core-hot	drop	R	5	1786221.73	11	0
P2.2	wide	encode-core-hot	drop	E2	5	1778597.55	11	0
P2.2	wide	encode-core-hot	drop	E	5	1953502.11	9	0
P2.2	wide	encode-core-hot	drop	E2	6	1753208.09	11	0
P2.2	wide	encode-core-hot	drop	E	6	1785844.00	9	0
P2.2	wide	encode-core-hot	drop	R	6	1841871.45	11	0
P2.2	wide	encode-core-hot	drop	E	7	1741696.33	9	0
P2.2	wide	encode-core-hot	drop	R	7	1802158.09	11	0
P2.2	wide	encode-core-hot	drop	E2	7	1807024.18	11	0
P2.2	wide	encode-core-hot	drop	R	8	1701389.64	11	0
P2.2	wide	encode-core-hot	drop	E2	8	1713856.00	11	0
P2.2	wide	encode-core-hot	drop	E	8	1723408.11	9	0
P2.2	wide	encode-core-hot	drop	E2	9	1703624.45	11	0
P2.2	wide	encode-core-hot	drop	E	9	1702757.67	9	0
P2.2	wide	encode-core-hot	drop	R	9	1757271.45	11	0
P2.2	wide	encode-core-hot	drop	E	10	1765048.33	9	0
P2.2	wide	encode-core-hot	drop	R	10	1713319.64	11	0
P2.2	wide	encode-core-hot	drop	E2	10	1742914.55	11	0
P2.2	wide	encode-core-hot	drop	R	11	1884799.91	11	0
P2.2	wide	encode-core-hot	drop	E2	11	1782053.27	11	0
P2.2	wide	encode-core-hot	drop	E	11	1757862.11	9	0
P2.2	wide	encode-core-hot	drop	E2	12	1752185.18	11	0
P2.2	wide	encode-core-hot	drop	E	12	1778433.67	9	0
P2.2	wide	encode-core-hot	drop	R	12	1851017.27	11	0
P2.2	wide	encode-core-hot	drop	E	13	1844532.56	9	0
P2.2	wide	encode-core-hot	drop	R	13	2724777.36	11	0
P2.2	wide	encode-core-hot	drop	E2	13	1752945.36	11	0
P2.2	wide	encode-core-hot	drop	R	14	1729649.18	11	0
P2.2	wide	encode-core-hot	drop	E2	14	1727190.55	11	0
P2.2	wide	encode-core-hot	drop	E	14	1724012.33	9	0
P2.2	wide	encode-core-hot	drop	E2	15	1761333.27	11	0
P2.2	wide	encode-core-hot	drop	E	15	1843255.56	9	0
P2.2	wide	encode-core-hot	drop	R	15	1862852.64	11	0
P2.2	wide	encode-core-hot	drop	E	16	1905751.00	9	0
P2.2	wide	encode-core-hot	drop	R	16	1906542.09	11	0
P2.2	wide	encode-core-hot	drop	E2	16	1888436.91	11	0
P2.2	wide	encode-core-hot	drop	R	17	1882892.55	11	0
P2.2	wide	encode-core-hot	drop	E2	17	1848247.91	11	0
P2.2	wide	encode-core-hot	drop	E	17	1745044.56	9	0
P2.2	wide	encode-core-hot	drop	E2	18	1788636.45	11	0
P2.2	wide	encode-core-hot	drop	E	18	1755781.22	9	0
P2.2	wide	encode-core-hot	drop	R	18	1806658.91	11	0
P2.2	wide	encode-core-hot	drop	E	19	1751111.89	9	0
P2.2	wide	encode-core-hot	drop	R	19	1791189.82	11	0
P2.2	wide	encode-core-hot	drop	E2	19	1787218.91	11	0
P2.2	wide	encode-core-hot	drop	R	20	1827222.00	11	0
P2.2	wide	encode-core-hot	drop	E2	20	1899106.09	11	0
P2.2	wide	encode-core-hot	drop	E	20	1903004.78	9	0
P2.2	wide	encode-core-hot	drop	E2	21	1893515.91	11	0
P2.2	wide	encode-core-hot	drop	E	21	1945611.44	9	0
P2.2	wide	encode-core-hot	drop	R	21	1975904.64	11	0
P2.2	wide	encode-core-hot	retain	E	1	2091990.22	9	0
P2.2	wide	encode-core-hot	retain	R	1	2121861.00	9	0
P2.2	wide	encode-core-hot	retain	E2	1	2094673.78	9	0
P2.2	wide	encode-core-hot	retain	R	2	2110256.67	9	0
P2.2	wide	encode-core-hot	retain	E2	2	2176235.67	9	0
P2.2	wide	encode-core-hot	retain	E	2	2080985.56	9	0
P2.2	wide	encode-core-hot	retain	E2	3	2024639.89	9	0
P2.2	wide	encode-core-hot	retain	E	3	2064967.89	9	0
P2.2	wide	encode-core-hot	retain	R	3	2121458.67	9	0
P2.2	wide	encode-core-hot	retain	E	4	2031452.22	9	0
P2.2	wide	encode-core-hot	retain	R	4	2057999.89	9	0
P2.2	wide	encode-core-hot	retain	E2	4	2094135.67	9	0
P2.2	wide	encode-core-hot	retain	R	5	2076006.33	9	0
P2.2	wide	encode-core-hot	retain	E2	5	2099656.44	9	0
P2.2	wide	encode-core-hot	retain	E	5	2087562.44	9	0
P2.2	wide	encode-core-hot	retain	E2	6	2154598.00	9	0
P2.2	wide	encode-core-hot	retain	E	6	2066066.44	9	0
P2.2	wide	encode-core-hot	retain	R	6	2237684.56	9	0
P2.2	wide	encode-core-hot	retain	E	7	2131051.22	9	0
P2.2	wide	encode-core-hot	retain	R	7	2098050.89	9	0
P2.2	wide	encode-core-hot	retain	E2	7	2081398.11	9	0
P2.2	wide	encode-core-hot	retain	R	8	2126835.22	9	0
P2.2	wide	encode-core-hot	retain	E2	8	2099393.56	9	0
P2.2	wide	encode-core-hot	retain	E	8	2036963.67	9	0
P2.2	wide	encode-core-hot	retain	E2	9	2074057.11	9	0
P2.2	wide	encode-core-hot	retain	E	9	2067949.89	9	0
P2.2	wide	encode-core-hot	retain	R	9	2161329.78	9	0
P2.2	wide	encode-core-hot	retain	E	10	2093679.11	9	0
P2.2	wide	encode-core-hot	retain	R	10	2103431.67	9	0
P2.2	wide	encode-core-hot	retain	E2	10	2098886.56	9	0
P2.2	wide	encode-core-hot	retain	R	11	2123915.00	9	0
P2.2	wide	encode-core-hot	retain	E2	11	2084015.67	9	0
P2.2	wide	encode-core-hot	retain	E	11	2096318.11	9	0
P2.2	wide	encode-core-hot	retain	E2	12	2082223.78	9	0
P2.2	wide	encode-core-hot	retain	E	12	2149689.67	9	0
P2.2	wide	encode-core-hot	retain	R	12	2088378.22	9	0
P2.2	wide	encode-core-hot	retain	E	13	2038892.00	9	0
P2.2	wide	encode-core-hot	retain	R	13	2016843.78	9	0
P2.2	wide	encode-core-hot	retain	E2	13	2024204.44	9	0
P2.2	wide	encode-core-hot	retain	R	14	2066979.44	9	0
P2.2	wide	encode-core-hot	retain	E2	14	2121646.78	9	0
P2.2	wide	encode-core-hot	retain	E	14	2106394.44	9	0
P2.2	wide	encode-core-hot	retain	E2	15	2089053.67	9	0
P2.2	wide	encode-core-hot	retain	E	15	2066016.78	9	0
P2.2	wide	encode-core-hot	retain	R	15	2142963.11	9	0
P2.2	wide	encode-core-hot	retain	E	16	2082594.44	9	0
P2.2	wide	encode-core-hot	retain	R	16	2096989.56	9	0
P2.2	wide	encode-core-hot	retain	E2	16	2092320.44	9	0
P2.2	wide	encode-core-hot	retain	R	17	2084464.44	9	0
P2.2	wide	encode-core-hot	retain	E2	17	2115574.33	9	0
P2.2	wide	encode-core-hot	retain	E	17	2220276.56	9	0
P2.2	wide	encode-core-hot	retain	E2	18	2150958.44	9	0
P2.2	wide	encode-core-hot	retain	E	18	2353919.11	9	0
P2.2	wide	encode-core-hot	retain	R	18	2191296.67	9	0
P2.2	wide	encode-core-hot	retain	E	19	2063651.00	9	0
P2.2	wide	encode-core-hot	retain	R	19	2083775.78	9	0
P2.2	wide	encode-core-hot	retain	E2	19	2093546.78	9	0
P2.2	wide	encode-core-hot	retain	R	20	2095913.33	9	0
P2.2	wide	encode-core-hot	retain	E2	20	2059424.67	9	0
P2.2	wide	encode-core-hot	retain	E	20	2054452.00	9	0
P2.2	wide	encode-core-hot	retain	E2	21	2042152.67	9	0
P2.2	wide	encode-core-hot	retain	E	21	2061347.11	9	0
P2.2	wide	encode-core-hot	retain	R	21	2108987.00	9	0
P2.2	wide	decode-read	drop	E	1	4439501.00	6	1
P2.2	wide	decode-read	drop	R	1	2882362.00	6	0
P2.2	wide	decode-read	drop	E2	1	2954572.50	6	1
P2.2	wide	decode-read	drop	R	2	2931177.83	6	0
P2.2	wide	decode-read	drop	E2	2	2925780.67	6	1
P2.2	wide	decode-read	drop	E	2	2960416.83	6	1
P2.2	wide	decode-read	drop	E2	3	2989748.00	6	1
P2.2	wide	decode-read	drop	E	3	3180303.67	6	1
P2.2	wide	decode-read	drop	R	3	3020995.00	6	0
P2.2	wide	decode-read	drop	E	4	3151305.33	6	1
P2.2	wide	decode-read	drop	R	4	3185545.50	6	0
P2.2	wide	decode-read	drop	E2	4	8170824.83	6	1
P2.2	wide	decode-read	drop	R	5	3102190.67	6	0
P2.2	wide	decode-read	drop	E2	5	3035079.00	6	1
P2.2	wide	decode-read	drop	E	5	3036701.33	6	1
P2.2	wide	decode-read	drop	E2	6	3169835.67	6	1
P2.2	wide	decode-read	drop	E	6	3091655.50	6	1
P2.2	wide	decode-read	drop	R	6	3072655.00	6	0
P2.2	wide	decode-read	drop	E	7	2979889.83	6	1
P2.2	wide	decode-read	drop	R	7	3014279.00	6	0
P2.2	wide	decode-read	drop	E2	7	2944988.17	6	1
P2.2	wide	decode-read	drop	R	8	3117076.00	6	0
P2.2	wide	decode-read	drop	E2	8	2901237.50	6	1
P2.2	wide	decode-read	drop	E	8	2856607.33	6	1
P2.2	wide	decode-read	drop	E2	9	2952477.33	6	1
P2.2	wide	decode-read	drop	E	9	2941167.67	6	1
P2.2	wide	decode-read	drop	R	9	2957804.67	6	0
P2.2	wide	decode-read	drop	E	10	2971292.50	6	1
P2.2	wide	decode-read	drop	R	10	3019948.50	6	0
P2.2	wide	decode-read	drop	E2	10	2881066.50	6	1
P2.2	wide	decode-read	drop	R	11	2869824.50	6	0
P2.2	wide	decode-read	drop	E2	11	2965755.67	6	1
P2.2	wide	decode-read	drop	E	11	8573072.50	6	1
P2.2	wide	decode-read	drop	E2	12	2997012.33	6	1
P2.2	wide	decode-read	drop	E	12	3005475.17	6	1
P2.2	wide	decode-read	drop	R	12	2985771.83	6	0
P2.2	wide	decode-read	drop	E	13	2998835.50	6	1
P2.2	wide	decode-read	drop	R	13	2947829.83	6	0
P2.2	wide	decode-read	drop	E2	13	2916973.00	6	1
P2.2	wide	decode-read	drop	R	14	2996178.17	6	0
P2.2	wide	decode-read	drop	E2	14	2913480.00	6	1
P2.2	wide	decode-read	drop	E	14	2996899.00	6	1
P2.2	wide	decode-read	drop	E2	15	2910097.33	6	1
P2.2	wide	decode-read	drop	E	15	8532465.67	6	1
P2.2	wide	decode-read	drop	R	15	2886061.83	6	0
P2.2	wide	decode-read	drop	E	16	2913649.00	6	1
P2.2	wide	decode-read	drop	R	16	2936922.67	6	0
P2.2	wide	decode-read	drop	E2	16	2941142.67	6	1
P2.2	wide	decode-read	drop	R	17	3076870.00	6	0
P2.2	wide	decode-read	drop	E2	17	3219812.83	6	1
P2.2	wide	decode-read	drop	E	17	2888836.67	6	1
P2.2	wide	decode-read	drop	E2	18	2962419.50	6	1
P2.2	wide	decode-read	drop	E	18	2962777.00	6	1
P2.2	wide	decode-read	drop	R	18	2978477.33	6	0
P2.2	wide	decode-read	drop	E	19	3075950.67	6	1
P2.2	wide	decode-read	drop	R	19	2931072.17	6	0
P2.2	wide	decode-read	drop	E2	19	2977209.67	6	1
P2.2	wide	decode-read	drop	R	20	2942351.17	6	0
P2.2	wide	decode-read	drop	E2	20	2980040.50	6	1
P2.2	wide	decode-read	drop	E	20	2941872.00	6	1
P2.2	wide	decode-read	drop	E2	21	2915446.67	6	1
P2.2	wide	decode-read	drop	E	21	2946077.83	6	1
P2.2	wide	decode-read	drop	R	21	2939578.33	6	0
P2.2	wide	decode-read	retain	E	1	2947979.40	5	1
P2.2	wide	decode-read	retain	R	1	2952427.00	6	0
P2.2	wide	decode-read	retain	E2	1	3022918.50	6	1
P2.2	wide	decode-read	retain	R	2	3409338.50	6	0
P2.2	wide	decode-read	retain	E2	2	3179245.00	6	1
P2.2	wide	decode-read	retain	E	2	3090010.80	5	1
P2.2	wide	decode-read	retain	E2	3	2945092.17	6	1
P2.2	wide	decode-read	retain	E	3	2985294.00	5	1
P2.2	wide	decode-read	retain	R	3	3043313.00	6	0
P2.2	wide	decode-read	retain	E	4	2898709.80	5	1
P2.2	wide	decode-read	retain	R	4	2905092.50	6	0
P2.2	wide	decode-read	retain	E2	4	3006039.00	6	1
P2.2	wide	decode-read	retain	R	5	2943841.67	6	0
P2.2	wide	decode-read	retain	E2	5	3355007.33	6	1
P2.2	wide	decode-read	retain	E	5	3099974.80	5	1
P2.2	wide	decode-read	retain	E2	6	8456836.33	6	1
P2.2	wide	decode-read	retain	E	6	3241641.60	5	1
P2.2	wide	decode-read	retain	R	6	3073956.17	6	0
P2.2	wide	decode-read	retain	E	7	3084964.40	5	1
P2.2	wide	decode-read	retain	R	7	3002575.67	6	0
P2.2	wide	decode-read	retain	E2	7	3039813.00	6	1
P2.2	wide	decode-read	retain	R	8	3085478.00	6	0
P2.2	wide	decode-read	retain	E2	8	3099302.83	6	1
P2.2	wide	decode-read	retain	E	8	3157969.00	5	1
P2.2	wide	decode-read	retain	E2	9	3191520.33	6	1
P2.2	wide	decode-read	retain	E	9	3174595.60	5	1
P2.2	wide	decode-read	retain	R	9	9599669.17	6	0
P2.2	wide	decode-read	retain	E	10	3049355.80	5	1
P2.2	wide	decode-read	retain	R	10	3032372.33	6	0
P2.2	wide	decode-read	retain	E2	10	3117474.17	6	1
P2.2	wide	decode-read	retain	R	11	3148882.00	6	0
P2.2	wide	decode-read	retain	E2	11	3025624.00	6	1
P2.2	wide	decode-read	retain	E	11	3020485.00	5	1
P2.2	wide	decode-read	retain	E2	12	3013346.83	6	1
P2.2	wide	decode-read	retain	E	12	2978393.60	5	1
P2.2	wide	decode-read	retain	R	12	2999767.50	6	0
P2.2	wide	decode-read	retain	E	13	3085389.80	5	1
P2.2	wide	decode-read	retain	R	13	3277764.17	6	0
P2.2	wide	decode-read	retain	E2	13	2979736.50	6	1
P2.2	wide	decode-read	retain	R	14	2922832.50	6	0
P2.2	wide	decode-read	retain	E2	14	2971509.83	6	1
P2.2	wide	decode-read	retain	E	14	2953803.60	5	1
P2.2	wide	decode-read	retain	E2	15	2950674.00	6	1
P2.2	wide	decode-read	retain	E	15	2993368.60	5	1
P2.2	wide	decode-read	retain	R	15	3035663.83	6	0
P2.2	wide	decode-read	retain	E	16	2929354.00	5	1
P2.2	wide	decode-read	retain	R	16	2940921.67	6	0
P2.2	wide	decode-read	retain	E2	16	2971117.50	6	1
P2.2	wide	decode-read	retain	R	17	3008609.17	6	0
P2.2	wide	decode-read	retain	E2	17	3215415.33	6	1
P2.2	wide	decode-read	retain	E	17	3381375.40	5	1
P2.2	wide	decode-read	retain	E2	18	2949963.50	6	1
P2.2	wide	decode-read	retain	E	18	2901246.80	5	1
P2.2	wide	decode-read	retain	R	18	3150857.17	6	0
P2.2	wide	decode-read	retain	E	19	3195442.20	5	1
P2.2	wide	decode-read	retain	R	19	3018565.33	6	0
P2.2	wide	decode-read	retain	E2	19	2902268.00	6	1
P2.2	wide	decode-read	retain	R	20	2909429.83	6	0
P2.2	wide	decode-read	retain	E2	20	3007152.00	6	1
P2.2	wide	decode-read	retain	E	20	3011264.00	5	1
P2.2	wide	decode-read	retain	E2	21	7968459.00	6	1
P2.2	wide	decode-read	retain	E	21	2799646.20	5	1
P2.2	wide	decode-read	retain	R	21	2856752.17	6	0
P2.3	ascii	encode-core-hot	drop	E	1	744521.33	27	0
P2.3	ascii	encode-core-hot	drop	R	1	726813.56	27	0
P2.3	ascii	encode-core-hot	drop	E2	1	720957.41	27	0
P2.3	ascii	encode-core-hot	drop	R	2	730620.48	27	0
P2.3	ascii	encode-core-hot	drop	E2	2	735396.70	27	0
P2.3	ascii	encode-core-hot	drop	E	2	705669.22	27	0
P2.3	ascii	encode-core-hot	drop	E2	3	719839.96	27	0
P2.3	ascii	encode-core-hot	drop	E	3	724083.96	27	0
P2.3	ascii	encode-core-hot	drop	R	3	735943.85	27	0
P2.3	ascii	encode-core-hot	drop	E	4	721954.26	27	0
P2.3	ascii	encode-core-hot	drop	R	4	729159.74	27	0
P2.3	ascii	encode-core-hot	drop	E2	4	748785.15	27	0
P2.3	ascii	encode-core-hot	drop	R	5	725309.41	27	0
P2.3	ascii	encode-core-hot	drop	E2	5	710650.63	27	0
P2.3	ascii	encode-core-hot	drop	E	5	712602.33	27	0
P2.3	ascii	encode-core-hot	drop	E2	6	707345.07	27	0
P2.3	ascii	encode-core-hot	drop	E	6	715691.89	27	0
P2.3	ascii	encode-core-hot	drop	R	6	721764.37	27	0
P2.3	ascii	encode-core-hot	drop	E	7	725006.30	27	0
P2.3	ascii	encode-core-hot	drop	R	7	722372.22	27	0
P2.3	ascii	encode-core-hot	drop	E2	7	712373.63	27	0
P2.3	ascii	encode-core-hot	drop	R	8	710643.30	27	0
P2.3	ascii	encode-core-hot	drop	E2	8	707763.67	27	0
P2.3	ascii	encode-core-hot	drop	E	8	725587.89	27	0
P2.3	ascii	encode-core-hot	drop	E2	9	726345.96	27	0
P2.3	ascii	encode-core-hot	drop	E	9	711927.56	27	0
P2.3	ascii	encode-core-hot	drop	R	9	713030.52	27	0
P2.3	ascii	encode-core-hot	drop	E	10	722972.15	27	0
P2.3	ascii	encode-core-hot	drop	R	10	718468.52	27	0
P2.3	ascii	encode-core-hot	drop	E2	10	717359.56	27	0
P2.3	ascii	encode-core-hot	drop	R	11	720209.37	27	0
P2.3	ascii	encode-core-hot	drop	E2	11	719011.85	27	0
P2.3	ascii	encode-core-hot	drop	E	11	717774.93	27	0
P2.3	ascii	encode-core-hot	drop	E2	12	710890.19	27	0
P2.3	ascii	encode-core-hot	drop	E	12	707253.96	27	0
P2.3	ascii	encode-core-hot	drop	R	12	733161.67	27	0
P2.3	ascii	encode-core-hot	drop	E	13	719937.19	27	0
P2.3	ascii	encode-core-hot	drop	R	13	718776.59	27	0
P2.3	ascii	encode-core-hot	drop	E2	13	723025.07	27	0
P2.3	ascii	encode-core-hot	drop	R	14	737833.37	27	0
P2.3	ascii	encode-core-hot	drop	E2	14	751556.04	27	0
P2.3	ascii	encode-core-hot	drop	E	14	739966.89	27	0
P2.3	ascii	encode-core-hot	drop	E2	15	721336.22	27	0
P2.3	ascii	encode-core-hot	drop	E	15	715672.22	27	0
P2.3	ascii	encode-core-hot	drop	R	15	735617.22	27	0
P2.3	ascii	encode-core-hot	drop	E	16	722383.81	27	0
P2.3	ascii	encode-core-hot	drop	R	16	720887.81	27	0
P2.3	ascii	encode-core-hot	drop	E2	16	718082.07	27	0
P2.3	ascii	encode-core-hot	drop	R	17	718499.19	27	0
P2.3	ascii	encode-core-hot	drop	E2	17	726404.81	27	0
P2.3	ascii	encode-core-hot	drop	E	17	713466.56	27	0
P2.3	ascii	encode-core-hot	drop	E2	18	730059.19	27	0
P2.3	ascii	encode-core-hot	drop	E	18	711829.63	27	0
P2.3	ascii	encode-core-hot	drop	R	18	716837.96	27	0
P2.3	ascii	encode-core-hot	drop	E	19	730150.19	27	0
P2.3	ascii	encode-core-hot	drop	R	19	736167.44	27	0
P2.3	ascii	encode-core-hot	drop	E2	19	722949.07	27	0
P2.3	ascii	encode-core-hot	drop	R	20	718623.63	27	0
P2.3	ascii	encode-core-hot	drop	E2	20	719066.70	27	0
P2.3	ascii	encode-core-hot	drop	E	20	716761.56	27	0
P2.3	ascii	encode-core-hot	drop	E2	21	712775.85	27	0
P2.3	ascii	encode-core-hot	drop	E	21	714054.19	27	0
P2.3	ascii	encode-core-hot	drop	R	21	738557.41	27	0
P2.3	ascii	encode-core-hot	retain	E	1	773289.24	25	0
P2.3	ascii	encode-core-hot	retain	R	1	794347.12	25	0
P2.3	ascii	encode-core-hot	retain	E2	1	771267.33	24	0
P2.3	ascii	encode-core-hot	retain	R	2	766441.28	25	0
P2.3	ascii	encode-core-hot	retain	E2	2	787102.08	24	0
P2.3	ascii	encode-core-hot	retain	E	2	801467.96	25	0
P2.3	ascii	encode-core-hot	retain	E2	3	800103.38	24	0
P2.3	ascii	encode-core-hot	retain	E	3	769395.20	25	0
P2.3	ascii	encode-core-hot	retain	R	3	787479.04	25	0
P2.3	ascii	encode-core-hot	retain	E	4	800958.00	25	0
P2.3	ascii	encode-core-hot	retain	R	4	792035.16	25	0
P2.3	ascii	encode-core-hot	retain	E2	4	783068.04	24	0
P2.3	ascii	encode-core-hot	retain	R	5	774327.24	25	0
P2.3	ascii	encode-core-hot	retain	E2	5	816125.50	24	0
P2.3	ascii	encode-core-hot	retain	E	5	790742.60	25	0
P2.3	ascii	encode-core-hot	retain	E2	6	786736.62	24	0
P2.3	ascii	encode-core-hot	retain	E	6	776118.12	25	0
P2.3	ascii	encode-core-hot	retain	R	6	807852.80	25	0
P2.3	ascii	encode-core-hot	retain	E	7	809591.48	25	0
P2.3	ascii	encode-core-hot	retain	R	7	796093.68	25	0
P2.3	ascii	encode-core-hot	retain	E2	7	807205.29	24	0
P2.3	ascii	encode-core-hot	retain	R	8	771743.72	25	0
P2.3	ascii	encode-core-hot	retain	E2	8	786075.67	24	0
P2.3	ascii	encode-core-hot	retain	E	8	777235.84	25	0
P2.3	ascii	encode-core-hot	retain	E2	9	778191.42	24	0
P2.3	ascii	encode-core-hot	retain	E	9	777675.08	25	0
P2.3	ascii	encode-core-hot	retain	R	9	812241.36	25	0
P2.3	ascii	encode-core-hot	retain	E	10	798322.20	25	0
P2.3	ascii	encode-core-hot	retain	R	10	788004.40	25	0
P2.3	ascii	encode-core-hot	retain	E2	10	775367.46	24	0
P2.3	ascii	encode-core-hot	retain	R	11	777681.00	25	0
P2.3	ascii	encode-core-hot	retain	E2	11	794188.92	24	0
P2.3	ascii	encode-core-hot	retain	E	11	794405.24	25	0
P2.3	ascii	encode-core-hot	retain	E2	12	792562.12	24	0
P2.3	ascii	encode-core-hot	retain	E	12	784599.88	25	0
P2.3	ascii	encode-core-hot	retain	R	12	815506.80	25	0
P2.3	ascii	encode-core-hot	retain	E	13	808106.76	25	0
P2.3	ascii	encode-core-hot	retain	R	13	812539.40	25	0
P2.3	ascii	encode-core-hot	retain	E2	13	795960.25	24	0
P2.3	ascii	encode-core-hot	retain	R	14	805570.96	25	0
P2.3	ascii	encode-core-hot	retain	E2	14	802439.38	24	0
P2.3	ascii	encode-core-hot	retain	E	14	797956.44	25	0
P2.3	ascii	encode-core-hot	retain	E2	15	794202.96	24	0
P2.3	ascii	encode-core-hot	retain	E	15	778264.32	25	0
P2.3	ascii	encode-core-hot	retain	R	15	804069.64	25	0
P2.3	ascii	encode-core-hot	retain	E	16	796812.24	25	0
P2.3	ascii	encode-core-hot	retain	R	16	814756.56	25	0
P2.3	ascii	encode-core-hot	retain	E2	16	790588.00	24	0
P2.3	ascii	encode-core-hot	retain	R	17	800505.48	25	0
P2.3	ascii	encode-core-hot	retain	E2	17	804996.79	24	0
P2.3	ascii	encode-core-hot	retain	E	17	804866.24	25	0
P2.3	ascii	encode-core-hot	retain	E2	18	828143.29	24	0
P2.3	ascii	encode-core-hot	retain	E	18	801212.88	25	0
P2.3	ascii	encode-core-hot	retain	R	18	820435.68	25	0
P2.3	ascii	encode-core-hot	retain	E	19	805685.68	25	0
P2.3	ascii	encode-core-hot	retain	R	19	791212.32	25	0
P2.3	ascii	encode-core-hot	retain	E2	19	807242.88	24	0
P2.3	ascii	encode-core-hot	retain	R	20	790969.60	25	0
P2.3	ascii	encode-core-hot	retain	E2	20	797306.38	24	0
P2.3	ascii	encode-core-hot	retain	E	20	786012.56	25	0
P2.3	ascii	encode-core-hot	retain	E2	21	784030.54	24	0
P2.3	ascii	encode-core-hot	retain	E	21	818815.08	25	0
P2.3	ascii	encode-core-hot	retain	R	21	813421.92	25	0
P2.3	ascii	decode-read	drop	E	1	1014597.85	20	1
P2.3	ascii	decode-read	drop	R	1	1046326.60	20	0
P2.3	ascii	decode-read	drop	E2	1	981841.06	18	1
P2.3	ascii	decode-read	drop	R	2	1010685.75	20	0
P2.3	ascii	decode-read	drop	E2	2	1013326.56	18	1
P2.3	ascii	decode-read	drop	E	2	2351732.15	20	1
P2.3	ascii	decode-read	drop	E2	3	978584.67	18	1
P2.3	ascii	decode-read	drop	E	3	997697.90	20	1
P2.3	ascii	decode-read	drop	R	3	1046270.15	20	0
P2.3	ascii	decode-read	drop	E	4	978990.30	20	1
P2.3	ascii	decode-read	drop	R	4	1064312.50	20	0
P2.3	ascii	decode-read	drop	E2	4	1089535.39	18	1
P2.3	ascii	decode-read	drop	R	5	2017458.70	20	0
P2.3	ascii	decode-read	drop	E2	5	978734.89	18	1
P2.3	ascii	decode-read	drop	E	5	992355.90	20	1
P2.3	ascii	decode-read	drop	E2	6	1061430.00	18	1
P2.3	ascii	decode-read	drop	E	6	1010728.50	20	1
P2.3	ascii	decode-read	drop	R	6	1013903.80	20	0
P2.3	ascii	decode-read	drop	E	7	1061709.35	20	1
P2.3	ascii	decode-read	drop	R	7	2093000.35	20	0
P2.3	ascii	decode-read	drop	E2	7	992798.67	18	1
P2.3	ascii	decode-read	drop	R	8	1007855.70	20	0
P2.3	ascii	decode-read	drop	E2	8	1056974.50	18	1
P2.3	ascii	decode-read	drop	E	8	1035793.10	20	1
P2.3	ascii	decode-read	drop	E2	9	1007688.33	18	1
P2.3	ascii	decode-read	drop	E	9	1026533.25	20	1
P2.3	ascii	decode-read	drop	R	9	2353276.35	20	0
P2.3	ascii	decode-read	drop	E	10	999057.50	20	1
P2.3	ascii	decode-read	drop	R	10	1039111.75	20	0
P2.3	ascii	decode-read	drop	E2	10	1024404.61	18	1
P2.3	ascii	decode-read	drop	R	11	1043838.15	20	0
P2.3	ascii	decode-read	drop	E2	11	962922.39	18	1
P2.3	ascii	decode-read	drop	E	11	1012340.65	20	1
P2.3	ascii	decode-read	drop	E2	12	991645.83	18	1
P2.3	ascii	decode-read	drop	E	12	2021192.30	20	1
P2.3	ascii	decode-read	drop	R	12	991918.85	20	0
P2.3	ascii	decode-read	drop	E	13	1008643.60	20	1
P2.3	ascii	decode-read	drop	R	13	1020081.90	20	0
P2.3	ascii	decode-read	drop	E2	13	942789.11	18	1
P2.3	ascii	decode-read	drop	R	14	987155.60	20	0
P2.3	ascii	decode-read	drop	E2	14	1013693.33	18	1
P2.3	ascii	decode-read	drop	E	14	2100549.80	20	1
P2.3	ascii	decode-read	drop	E2	15	985280.06	18	1
P2.3	ascii	decode-read	drop	E	15	1018399.25	20	1
P2.3	ascii	decode-read	drop	R	15	1032802.80	20	0
P2.3	ascii	decode-read	drop	E	16	1070863.75	20	1
P2.3	ascii	decode-read	drop	R	16	1016847.35	20	0
P2.3	ascii	decode-read	drop	E2	16	1031298.50	18	1
P2.3	ascii	decode-read	drop	R	17	1130743.70	20	0
P2.3	ascii	decode-read	drop	E2	17	996826.61	18	1
P2.3	ascii	decode-read	drop	E	17	1021623.00	20	1
P2.3	ascii	decode-read	drop	E2	18	1008007.72	18	1
P2.3	ascii	decode-read	drop	E	18	1054325.65	20	1
P2.3	ascii	decode-read	drop	R	18	997004.95	20	0
P2.3	ascii	decode-read	drop	E	19	1031072.05	20	1
P2.3	ascii	decode-read	drop	R	19	1153108.85	20	0
P2.3	ascii	decode-read	drop	E2	19	1003762.72	18	1
P2.3	ascii	decode-read	drop	R	20	1088697.40	20	0
P2.3	ascii	decode-read	drop	E2	20	1106881.61	18	1
P2.3	ascii	decode-read	drop	E	20	1141863.15	20	1
P2.3	ascii	decode-read	drop	E2	21	1060690.06	18	1
P2.3	ascii	decode-read	drop	E	21	1066867.00	20	1
P2.3	ascii	decode-read	drop	R	21	1117964.55	20	0
P2.3	ascii	decode-read	retain	E	1	1171604.50	20	1
P2.3	ascii	decode-read	retain	R	1	3088154.92	13	0
P2.3	ascii	decode-read	retain	E2	1	1035801.62	16	1
P2.3	ascii	decode-read	retain	R	2	1012433.62	13	0
P2.3	ascii	decode-read	retain	E2	2	1024040.56	16	1
P2.3	ascii	decode-read	retain	E	2	1021337.05	20	1
P2.3	ascii	decode-read	retain	E2	3	2919091.75	16	1
P2.3	ascii	decode-read	retain	E	3	1042675.85	20	1
P2.3	ascii	decode-read	retain	R	3	1096705.92	13	0
P2.3	ascii	decode-read	retain	E	4	1066644.65	20	1
P2.3	ascii	decode-read	retain	R	4	3382524.85	13	0
P2.3	ascii	decode-read	retain	E2	4	1001283.94	16	1
P2.3	ascii	decode-read	retain	R	5	1020432.00	13	0
P2.3	ascii	decode-read	retain	E2	5	1038205.62	16	1
P2.3	ascii	decode-read	retain	E	5	2518604.70	20	1
P2.3	ascii	decode-read	retain	E2	6	1056818.00	16	1
P2.3	ascii	decode-read	retain	E	6	1153183.60	20	1
P2.3	ascii	decode-read	retain	R	6	1180721.54	13	0
P2.3	ascii	decode-read	retain	E	7	1165081.60	20	1
P2.3	ascii	decode-read	retain	R	7	3381455.23	13	0
P2.3	ascii	decode-read	retain	E2	7	1120288.31	16	1
P2.3	ascii	decode-read	retain	R	8	1930404.62	13	0
P2.3	ascii	decode-read	retain	E2	8	1129887.44	16	1
P2.3	ascii	decode-read	retain	E	8	2383186.35	20	1
P2.3	ascii	decode-read	retain	E2	9	984183.38	16	1
P2.3	ascii	decode-read	retain	E	9	1036986.55	20	1
P2.3	ascii	decode-read	retain	R	9	1123724.62	13	0
P2.3	ascii	decode-read	retain	E	10	2325422.45	20	1
P2.3	ascii	decode-read	retain	R	10	1020159.62	13	0
P2.3	ascii	decode-read	retain	E2	10	1051306.94	16	1
P2.3	ascii	decode-read	retain	R	11	1047609.92	13	0
P2.3	ascii	decode-read	retain	E2	11	1086587.25	16	1
P2.3	ascii	decode-read	retain	E	11	2531664.95	20	1
P2.3	ascii	decode-read	retain	E2	12	1099399.25	16	1
P2.3	ascii	decode-read	retain	E	12	1170639.25	20	1
P2.3	ascii	decode-read	retain	R	12	1151263.62	13	0
P2.3	ascii	decode-read	retain	E	13	2653476.00	20	1
P2.3	ascii	decode-read	retain	R	13	1137135.69	13	0
P2.3	ascii	decode-read	retain	E2	13	1134842.25	16	1
P2.3	ascii	decode-read	retain	R	14	1047453.46	13	0
P2.3	ascii	decode-read	retain	E2	14	1143983.69	16	1
P2.3	ascii	decode-read	retain	E	14	2329998.05	20	1
P2.3	ascii	decode-read	retain	E2	15	1041140.50	16	1
P2.3	ascii	decode-read	retain	E	15	1062920.00	20	1
P2.3	ascii	decode-read	retain	R	15	1135427.62	13	0
P2.3	ascii	decode-read	retain	E	16	2395263.50	20	1
P2.3	ascii	decode-read	retain	R	16	1029763.54	13	0
P2.3	ascii	decode-read	retain	E2	16	1061289.06	16	1
P2.3	ascii	decode-read	retain	R	17	1042423.31	13	0
P2.3	ascii	decode-read	retain	E2	17	2829024.31	16	1
P2.3	ascii	decode-read	retain	E	17	982888.35	20	1
P2.3	ascii	decode-read	retain	E2	18	1023438.94	16	1
P2.3	ascii	decode-read	retain	E	18	1044790.90	20	1
P2.3	ascii	decode-read	retain	R	18	2890258.23	13	0
P2.3	ascii	decode-read	retain	E	19	1031912.15	20	1
P2.3	ascii	decode-read	retain	R	19	1098444.08	13	0
P2.3	ascii	decode-read	retain	E2	19	1079254.69	16	1
P2.3	ascii	decode-read	retain	R	20	1055215.31	13	0
P2.3	ascii	decode-read	retain	E2	20	2561652.06	16	1
P2.3	ascii	decode-read	retain	E	20	1010913.50	20	1
P2.3	ascii	decode-read	retain	E2	21	1009437.19	16	1
P2.3	ascii	decode-read	retain	E	21	1057811.85	20	1
P2.3	ascii	decode-read	retain	R	21	1112313.38	13	0
P2.4	ascii	encode-core-hot	drop	E	1	1025130.08	12	0
P2.4	ascii	encode-core-hot	drop	R	1	1035345.79	19	0
P2.4	ascii	encode-core-hot	drop	E2	1	1036173.83	18	0
P2.4	ascii	encode-core-hot	drop	R	2	1035106.84	19	0
P2.4	ascii	encode-core-hot	drop	E2	2	1019846.11	18	0
P2.4	ascii	encode-core-hot	drop	E	2	1020427.50	12	0
P2.4	ascii	encode-core-hot	drop	E2	3	1032862.83	18	0
P2.4	ascii	encode-core-hot	drop	E	3	1028155.58	12	0
P2.4	ascii	encode-core-hot	drop	R	3	1050792.89	19	0
P2.4	ascii	encode-core-hot	drop	E	4	1040155.25	12	0
P2.4	ascii	encode-core-hot	drop	R	4	1029501.21	19	0
P2.4	ascii	encode-core-hot	drop	E2	4	1048552.83	18	0
P2.4	ascii	encode-core-hot	drop	R	5	1047694.21	19	0
P2.4	ascii	encode-core-hot	drop	E2	5	1038797.06	18	0
P2.4	ascii	encode-core-hot	drop	E	5	1040294.33	12	0
P2.4	ascii	encode-core-hot	drop	E2	6	1024586.44	18	0
P2.4	ascii	encode-core-hot	drop	E	6	1046842.50	12	0
P2.4	ascii	encode-core-hot	drop	R	6	1066304.74	19	0
P2.4	ascii	encode-core-hot	drop	E	7	1053275.08	12	0
P2.4	ascii	encode-core-hot	drop	R	7	1024441.89	19	0
P2.4	ascii	encode-core-hot	drop	E2	7	1067885.44	18	0
P2.4	ascii	encode-core-hot	drop	R	8	1030249.58	19	0
P2.4	ascii	encode-core-hot	drop	E2	8	1038702.33	18	0
P2.4	ascii	encode-core-hot	drop	E	8	1027592.92	12	0
P2.4	ascii	encode-core-hot	drop	E2	9	1027950.50	18	0
P2.4	ascii	encode-core-hot	drop	E	9	1040519.08	12	0
P2.4	ascii	encode-core-hot	drop	R	9	1053808.95	19	0
P2.4	ascii	encode-core-hot	drop	E	10	1037624.67	12	0
P2.4	ascii	encode-core-hot	drop	R	10	1059968.05	19	0
P2.4	ascii	encode-core-hot	drop	E2	10	1066500.11	18	0
P2.4	ascii	encode-core-hot	drop	R	11	1048065.00	19	0
P2.4	ascii	encode-core-hot	drop	E2	11	1041741.22	18	0
P2.4	ascii	encode-core-hot	drop	E	11	1044455.42	12	0
P2.4	ascii	encode-core-hot	drop	E2	12	1037797.22	18	0
P2.4	ascii	encode-core-hot	drop	E	12	1093005.75	12	0
P2.4	ascii	encode-core-hot	drop	R	12	1101769.47	19	0
P2.4	ascii	encode-core-hot	drop	E	13	1115427.25	12	0
P2.4	ascii	encode-core-hot	drop	R	13	1102951.58	19	0
P2.4	ascii	encode-core-hot	drop	E2	13	1103731.44	18	0
P2.4	ascii	encode-core-hot	drop	R	14	1080039.21	19	0
P2.4	ascii	encode-core-hot	drop	E2	14	1085847.94	18	0
P2.4	ascii	encode-core-hot	drop	E	14	1109024.67	12	0
P2.4	ascii	encode-core-hot	drop	E2	15	1041004.33	18	0
P2.4	ascii	encode-core-hot	drop	E	15	1024201.92	12	0
P2.4	ascii	encode-core-hot	drop	R	15	1109132.37	19	0
P2.4	ascii	encode-core-hot	drop	E	16	1099487.92	12	0
P2.4	ascii	encode-core-hot	drop	R	16	1066992.47	19	0
P2.4	ascii	encode-core-hot	drop	E2	16	1067363.39	18	0
P2.4	ascii	encode-core-hot	drop	R	17	1027783.16	19	0
P2.4	ascii	encode-core-hot	drop	E2	17	1043372.78	18	0
P2.4	ascii	encode-core-hot	drop	E	17	1025593.83	12	0
P2.4	ascii	encode-core-hot	drop	E2	18	1024797.89	18	0
P2.4	ascii	encode-core-hot	drop	E	18	1016279.67	12	0
P2.4	ascii	encode-core-hot	drop	R	18	1080614.53	19	0
P2.4	ascii	encode-core-hot	drop	E	19	1068528.00	12	0
P2.4	ascii	encode-core-hot	drop	R	19	1119194.37	19	0
P2.4	ascii	encode-core-hot	drop	E2	19	1059892.67	18	0
P2.4	ascii	encode-core-hot	drop	R	20	1068427.21	19	0
P2.4	ascii	encode-core-hot	drop	E2	20	1040219.22	18	0
P2.4	ascii	encode-core-hot	drop	E	20	1047245.58	12	0
P2.4	ascii	encode-core-hot	drop	E2	21	1023076.72	18	0
P2.4	ascii	encode-core-hot	drop	E	21	1044932.75	12	0
P2.4	ascii	encode-core-hot	drop	R	21	1074069.53	19	0
P2.4	ascii	encode-core-hot	retain	E	1	845906.05	21	0
P2.4	ascii	encode-core-hot	retain	R	1	832454.27	22	0
P2.4	ascii	encode-core-hot	retain	E2	1	834518.96	23	0
P2.4	ascii	encode-core-hot	retain	R	2	843800.41	22	0
P2.4	ascii	encode-core-hot	retain	E2	2	877715.87	23	0
P2.4	ascii	encode-core-hot	retain	E	2	892023.33	21	0
P2.4	ascii	encode-core-hot	retain	E2	3	896058.09	23	0
P2.4	ascii	encode-core-hot	retain	E	3	846399.95	21	0
P2.4	ascii	encode-core-hot	retain	R	3	835585.68	22	0
P2.4	ascii	encode-core-hot	retain	E	4	855199.76	21	0
P2.4	ascii	encode-core-hot	retain	R	4	841563.82	22	0
P2.4	ascii	encode-core-hot	retain	E2	4	851685.57	23	0
P2.4	ascii	encode-core-hot	retain	R	5	814457.95	22	0
P2.4	ascii	encode-core-hot	retain	E2	5	838678.83	23	0
P2.4	ascii	encode-core-hot	retain	E	5	868281.14	21	0
P2.4	ascii	encode-core-hot	retain	E2	6	891695.87	23	0
P2.4	ascii	encode-core-hot	retain	E	6	868584.62	21	0
P2.4	ascii	encode-core-hot	retain	R	6	830648.64	22	0
P2.4	ascii	encode-core-hot	retain	E	7	827393.71	21	0
P2.4	ascii	encode-core-hot	retain	R	7	817904.23	22	0
P2.4	ascii	encode-core-hot	retain	E2	7	852931.39	23	0
P2.4	ascii	encode-core-hot	retain	R	8	851798.64	22	0
P2.4	ascii	encode-core-hot	retain	E2	8	815943.30	23	0
P2.4	ascii	encode-core-hot	retain	E	8	818817.81	21	0
P2.4	ascii	encode-core-hot	retain	E2	9	819252.35	23	0
P2.4	ascii	encode-core-hot	retain	E	9	890187.19	21	0
P2.4	ascii	encode-core-hot	retain	R	9	836421.09	22	0
P2.4	ascii	encode-core-hot	retain	E	10	867305.00	21	0
P2.4	ascii	encode-core-hot	retain	R	10	854002.05	22	0
P2.4	ascii	encode-core-hot	retain	E2	10	825489.09	23	0
P2.4	ascii	encode-core-hot	retain	R	11	806094.91	22	0
P2.4	ascii	encode-core-hot	retain	E2	11	805140.39	23	0
P2.4	ascii	encode-core-hot	retain	E	11	829910.19	21	0
P2.4	ascii	encode-core-hot	retain	E2	12	803859.26	23	0
P2.4	ascii	encode-core-hot	retain	E	12	836739.95	21	0
P2.4	ascii	encode-core-hot	retain	R	12	817021.05	22	0
P2.4	ascii	encode-core-hot	retain	E	13	815210.57	21	0
P2.4	ascii	encode-core-hot	retain	R	13	791300.45	22	0
P2.4	ascii	encode-core-hot	retain	E2	13	813391.61	23	0
P2.4	ascii	encode-core-hot	retain	R	14	804851.36	22	0
P2.4	ascii	encode-core-hot	retain	E2	14	813213.48	23	0
P2.4	ascii	encode-core-hot	retain	E	14	851519.71	21	0
P2.4	ascii	encode-core-hot	retain	E2	15	800943.83	23	0
P2.4	ascii	encode-core-hot	retain	E	15	800155.57	21	0
P2.4	ascii	encode-core-hot	retain	R	15	812197.59	22	0
P2.4	ascii	encode-core-hot	retain	E	16	834187.71	21	0
P2.4	ascii	encode-core-hot	retain	R	16	827671.55	22	0
P2.4	ascii	encode-core-hot	retain	E2	16	861222.30	23	0
P2.4	ascii	encode-core-hot	retain	R	17	890414.68	22	0
P2.4	ascii	encode-core-hot	retain	E2	17	878256.30	23	0
P2.4	ascii	encode-core-hot	retain	E	17	858044.90	21	0
P2.4	ascii	encode-core-hot	retain	E2	18	816768.91	23	0
P2.4	ascii	encode-core-hot	retain	E	18	821644.48	21	0
P2.4	ascii	encode-core-hot	retain	R	18	857944.45	22	0
P2.4	ascii	encode-core-hot	retain	E	19	849004.81	21	0
P2.4	ascii	encode-core-hot	retain	R	19	856269.18	22	0
P2.4	ascii	encode-core-hot	retain	E2	19	884929.48	23	0
P2.4	ascii	encode-core-hot	retain	R	20	856990.68	22	0
P2.4	ascii	encode-core-hot	retain	E2	20	880716.43	23	0
P2.4	ascii	encode-core-hot	retain	E	20	885295.52	21	0
P2.4	ascii	encode-core-hot	retain	E2	21	846684.17	23	0
P2.4	ascii	encode-core-hot	retain	E	21	807450.29	21	0
P2.4	ascii	encode-core-hot	retain	R	21	812407.73	22	0
P2.4	ascii	decode-read	drop	E	1	1235119.85	13	1
P2.4	ascii	decode-read	drop	R	1	1450513.71	14	0
P2.4	ascii	decode-read	drop	E2	1	1419937.10	10	1
P2.4	ascii	decode-read	drop	R	2	3086023.50	14	0
P2.4	ascii	decode-read	drop	E2	2	1361794.70	10	1
P2.4	ascii	decode-read	drop	E	2	1432152.69	13	1
P2.4	ascii	decode-read	drop	E2	3	1424196.90	10	1
P2.4	ascii	decode-read	drop	E	3	3890164.69	13	1
P2.4	ascii	decode-read	drop	R	3	1333035.93	14	0
P2.4	ascii	decode-read	drop	E	4	1374934.85	13	1
P2.4	ascii	decode-read	drop	R	4	1397399.64	14	0
P2.4	ascii	decode-read	drop	E2	4	1494869.60	10	1
P2.4	ascii	decode-read	drop	R	5	1309872.29	14	0
P2.4	ascii	decode-read	drop	E2	5	1391661.80	10	1
P2.4	ascii	decode-read	drop	E	5	1405751.77	13	1
P2.4	ascii	decode-read	drop	E2	6	1483040.80	10	1
P2.4	ascii	decode-read	drop	E	6	1232473.92	13	1
P2.4	ascii	decode-read	drop	R	6	1365997.79	14	0
P2.4	ascii	decode-read	drop	E	7	1353482.15	13	1
P2.4	ascii	decode-read	drop	R	7	1351763.71	14	0
P2.4	ascii	decode-read	drop	E2	7	1356203.60	10	1
P2.4	ascii	decode-read	drop	R	8	1378226.36	14	0
P2.4	ascii	decode-read	drop	E2	8	1394861.20	10	1
P2.4	ascii	decode-read	drop	E	8	1338625.00	13	1
P2.4	ascii	decode-read	drop	E2	9	1275608.60	10	1
P2.4	ascii	decode-read	drop	E	9	1332833.00	13	1
P2.4	ascii	decode-read	drop	R	9	1373450.79	14	0
P2.4	ascii	decode-read	drop	E	10	3555125.15	13	1
P2.4	ascii	decode-read	drop	R	10	1327322.57	14	0
P2.4	ascii	decode-read	drop	E2	10	1453253.60	10	1
P2.4	ascii	decode-read	drop	R	11	1362531.86	14	0
P2.4	ascii	decode-read	drop	E2	11	4682735.30	10	1
P2.4	ascii	decode-read	drop	E	11	1348534.62	13	1
P2.4	ascii	decode-read	drop	E2	12	1366179.90	10	1
P2.4	ascii	decode-read	drop	E	12	1345425.85	13	1
P2.4	ascii	decode-read	drop	R	12	1431782.21	14	0
P2.4	ascii	decode-read	drop	E	13	1316813.69	13	1
P2.4	ascii	decode-read	drop	R	13	1427945.79	14	0
P2.4	ascii	decode-read	drop	E2	13	1379300.90	10	1
P2.4	ascii	decode-read	drop	R	14	1403565.64	14	0
P2.4	ascii	decode-read	drop	E2	14	1408534.20	10	1
P2.4	ascii	decode-read	drop	E	14	1340784.38	13	1
P2.4	ascii	decode-read	drop	E2	15	1383916.90	10	1
P2.4	ascii	decode-read	drop	E	15	1355500.38	13	1
P2.4	ascii	decode-read	drop	R	15	1338813.29	14	0
P2.4	ascii	decode-read	drop	E	16	1402713.85	13	1
P2.4	ascii	decode-read	drop	R	16	1345624.64	14	0
P2.4	ascii	decode-read	drop	E2	16	4144312.00	10	1
P2.4	ascii	decode-read	drop	R	17	1363279.07	14	0
P2.4	ascii	decode-read	drop	E2	17	1339303.30	10	1
P2.4	ascii	decode-read	drop	E	17	1350345.92	13	1
P2.4	ascii	decode-read	drop	E2	18	4301782.10	10	1
P2.4	ascii	decode-read	drop	E	18	1377596.23	13	1
P2.4	ascii	decode-read	drop	R	18	1373509.07	14	0
P2.4	ascii	decode-read	drop	E	19	1374434.15	13	1
P2.4	ascii	decode-read	drop	R	19	3540272.71	14	0
P2.4	ascii	decode-read	drop	E2	19	1413563.50	10	1
P2.4	ascii	decode-read	drop	R	20	1371435.93	14	0
P2.4	ascii	decode-read	drop	E2	20	1349985.30	10	1
P2.4	ascii	decode-read	drop	E	20	1419519.38	13	1
P2.4	ascii	decode-read	drop	E2	21	1325583.40	10	1
P2.4	ascii	decode-read	drop	E	21	1366592.54	13	1
P2.4	ascii	decode-read	drop	R	21	1399093.64	14	0
P2.4	ascii	decode-read	retain	E	1	1411282.25	12	1
P2.4	ascii	decode-read	retain	R	1	1426238.67	15	0
P2.4	ascii	decode-read	retain	E2	1	1306309.73	15	1
P2.4	ascii	decode-read	retain	R	2	1368989.47	15	0
P2.4	ascii	decode-read	retain	E2	2	1360154.40	15	1
P2.4	ascii	decode-read	retain	E	2	1334294.92	12	1
P2.4	ascii	decode-read	retain	E2	3	1332234.33	15	1
P2.4	ascii	decode-read	retain	E	3	1326928.08	12	1
P2.4	ascii	decode-read	retain	R	3	1331658.47	15	0
P2.4	ascii	decode-read	retain	E	4	1251266.08	12	1
P2.4	ascii	decode-read	retain	R	4	1317226.07	15	0
P2.4	ascii	decode-read	retain	E2	4	1315765.13	15	1
P2.4	ascii	decode-read	retain	R	5	3042901.93	15	0
P2.4	ascii	decode-read	retain	E2	5	1355951.73	15	1
P2.4	ascii	decode-read	retain	E	5	1335342.17	12	1
P2.4	ascii	decode-read	retain	E2	6	2309622.07	15	1
P2.4	ascii	decode-read	retain	E	6	1284963.58	12	1
P2.4	ascii	decode-read	retain	R	6	1340963.33	15	0
P2.4	ascii	decode-read	retain	E	7	1326178.33	12	1
P2.4	ascii	decode-read	retain	R	7	1370332.53	15	0
P2.4	ascii	decode-read	retain	E2	7	1283367.40	15	1
P2.4	ascii	decode-read	retain	R	8	1395113.73	15	0
P2.4	ascii	decode-read	retain	E2	8	1363081.67	15	1
P2.4	ascii	decode-read	retain	E	8	1368148.08	12	1
P2.4	ascii	decode-read	retain	E2	9	1397545.53	15	1
P2.4	ascii	decode-read	retain	E	9	1418414.25	12	1
P2.4	ascii	decode-read	retain	R	9	1314335.07	15	0
P2.4	ascii	decode-read	retain	E	10	1346549.50	12	1
P2.4	ascii	decode-read	retain	R	10	1368744.27	15	0
P2.4	ascii	decode-read	retain	E2	10	1380962.93	15	1
P2.4	ascii	decode-read	retain	R	11	1272771.93	15	0
P2.4	ascii	decode-read	retain	E2	11	1337990.53	15	1
P2.4	ascii	decode-read	retain	E	11	1430525.75	12	1
P2.4	ascii	decode-read	retain	E2	12	3195828.47	15	1
P2.4	ascii	decode-read	retain	E	12	1374253.92	12	1
P2.4	ascii	decode-read	retain	R	12	1355724.00	15	0
P2.4	ascii	decode-read	retain	E	13	3886876.08	12	1
P2.4	ascii	decode-read	retain	R	13	1308229.00	15	0
P2.4	ascii	decode-read	retain	E2	13	1324753.20	15	1
P2.4	ascii	decode-read	retain	R	14	1321114.47	15	0
P2.4	ascii	decode-read	retain	E2	14	1280139.40	15	1
P2.4	ascii	decode-read	retain	E	14	1307247.25	12	1
P2.4	ascii	decode-read	retain	E2	15	1308503.13	15	1
P2.4	ascii	decode-read	retain	E	15	1326543.08	12	1
P2.4	ascii	decode-read	retain	R	15	1287575.87	15	0
P2.4	ascii	decode-read	retain	E	16	1349650.42	12	1
P2.4	ascii	decode-read	retain	R	16	1321620.00	15	0
P2.4	ascii	decode-read	retain	E2	16	1234082.33	15	1
P2.4	ascii	decode-read	retain	R	17	1281883.53	15	0
P2.4	ascii	decode-read	retain	E2	17	1401432.47	15	1
P2.4	ascii	decode-read	retain	E	17	2533356.00	12	1
P2.4	ascii	decode-read	retain	E2	18	1294178.80	15	1
P2.4	ascii	decode-read	retain	E	18	1314325.75	12	1
P2.4	ascii	decode-read	retain	R	18	1345522.47	15	0
P2.4	ascii	decode-read	retain	E	19	3612285.58	12	1
P2.4	ascii	decode-read	retain	R	19	1301335.40	15	0
P2.4	ascii	decode-read	retain	E2	19	1351479.33	15	1
P2.4	ascii	decode-read	retain	R	20	3396740.27	15	0
P2.4	ascii	decode-read	retain	E2	20	1302115.47	15	1
P2.4	ascii	decode-read	retain	E	20	1329849.83	12	1
P2.4	ascii	decode-read	retain	E2	21	1554245.73	15	1
P2.4	ascii	decode-read	retain	E	21	1273474.75	12	1
P2.4	ascii	decode-read	retain	R	21	1354005.20	15	0
P2.5	ascii	encode-core-hot	drop	E	1	23551.50	592	0
P2.5	ascii	encode-core-hot	drop	R	1	23099.95	871	0
P2.5	ascii	encode-core-hot	drop	E2	1	23794.98	837	0
P2.5	ascii	encode-core-hot	drop	R	2	23531.32	871	0
P2.5	ascii	encode-core-hot	drop	E2	2	23670.67	837	0
P2.5	ascii	encode-core-hot	drop	E	2	24251.98	592	0
P2.5	ascii	encode-core-hot	drop	E2	3	23937.25	837	0
P2.5	ascii	encode-core-hot	drop	E	3	23036.39	592	0
P2.5	ascii	encode-core-hot	drop	R	3	23253.36	871	0
P2.5	ascii	encode-core-hot	drop	E	4	23608.50	592	0
P2.5	ascii	encode-core-hot	drop	R	4	23544.18	871	0
P2.5	ascii	encode-core-hot	drop	E2	4	23653.95	837	0
P2.5	ascii	encode-core-hot	drop	R	5	23708.71	871	0
P2.5	ascii	encode-core-hot	drop	E2	5	23941.32	837	0
P2.5	ascii	encode-core-hot	drop	E	5	24100.73	592	0
P2.5	ascii	encode-core-hot	drop	E2	6	24168.40	837	0
P2.5	ascii	encode-core-hot	drop	E	6	23645.16	592	0
P2.5	ascii	encode-core-hot	drop	R	6	24133.03	871	0
P2.5	ascii	encode-core-hot	drop	E	7	24006.82	592	0
P2.5	ascii	encode-core-hot	drop	R	7	24560.69	871	0
P2.5	ascii	encode-core-hot	drop	E2	7	24311.56	837	0
P2.5	ascii	encode-core-hot	drop	R	8	24635.20	871	0
P2.5	ascii	encode-core-hot	drop	E2	8	24039.26	837	0
P2.5	ascii	encode-core-hot	drop	E	8	23993.50	592	0
P2.5	ascii	encode-core-hot	drop	E2	9	24365.39	837	0
P2.5	ascii	encode-core-hot	drop	E	9	24077.61	592	0
P2.5	ascii	encode-core-hot	drop	R	9	24106.51	871	0
P2.5	ascii	encode-core-hot	drop	E	10	24477.55	592	0
P2.5	ascii	encode-core-hot	drop	R	10	25214.03	871	0
P2.5	ascii	encode-core-hot	drop	E2	10	24109.46	837	0
P2.5	ascii	encode-core-hot	drop	R	11	23335.67	871	0
P2.5	ascii	encode-core-hot	drop	E2	11	23779.11	837	0
P2.5	ascii	encode-core-hot	drop	E	11	23635.86	592	0
P2.5	ascii	encode-core-hot	drop	E2	12	23531.18	837	0
P2.5	ascii	encode-core-hot	drop	E	12	23699.07	592	0
P2.5	ascii	encode-core-hot	drop	R	12	23221.24	871	0
P2.5	ascii	encode-core-hot	drop	E	13	23410.88	592	0
P2.5	ascii	encode-core-hot	drop	R	13	23323.16	871	0
P2.5	ascii	encode-core-hot	drop	E2	13	23308.54	837	0
P2.5	ascii	encode-core-hot	drop	R	14	23153.14	871	0
P2.5	ascii	encode-core-hot	drop	E2	14	23234.77	837	0
P2.5	ascii	encode-core-hot	drop	E	14	23381.00	592	0
P2.5	ascii	encode-core-hot	drop	E2	15	22852.29	837	0
P2.5	ascii	encode-core-hot	drop	E	15	23180.32	592	0
P2.5	ascii	encode-core-hot	drop	R	15	23088.89	871	0
P2.5	ascii	encode-core-hot	drop	E	16	23399.44	592	0
P2.5	ascii	encode-core-hot	drop	R	16	23275.36	871	0
P2.5	ascii	encode-core-hot	drop	E2	16	23135.07	837	0
P2.5	ascii	encode-core-hot	drop	R	17	23369.44	871	0
P2.5	ascii	encode-core-hot	drop	E2	17	23403.84	837	0
P2.5	ascii	encode-core-hot	drop	E	17	23001.31	592	0
P2.5	ascii	encode-core-hot	drop	E2	18	23191.94	837	0
P2.5	ascii	encode-core-hot	drop	E	18	23457.68	592	0
P2.5	ascii	encode-core-hot	drop	R	18	23390.28	871	0
P2.5	ascii	encode-core-hot	drop	E	19	23000.94	592	0
P2.5	ascii	encode-core-hot	drop	R	19	22955.78	871	0
P2.5	ascii	encode-core-hot	drop	E2	19	22909.30	837	0
P2.5	ascii	encode-core-hot	drop	R	20	23184.30	871	0
P2.5	ascii	encode-core-hot	drop	E2	20	22937.64	837	0
P2.5	ascii	encode-core-hot	drop	E	20	23003.31	592	0
P2.5	ascii	encode-core-hot	drop	E2	21	23087.65	837	0
P2.5	ascii	encode-core-hot	drop	E	21	22860.14	592	0
P2.5	ascii	encode-core-hot	drop	R	21	22962.25	871	0
P2.5	ascii	encode-core-hot	retain	E	1	26656.64	706	0
P2.5	ascii	encode-core-hot	retain	R	1	26845.22	685	0
P2.5	ascii	encode-core-hot	retain	E2	1	41970.70	750	0
P2.5	ascii	encode-core-hot	retain	R	2	45906.47	685	0
P2.5	ascii	encode-core-hot	retain	E2	2	30338.54	750	0
P2.5	ascii	encode-core-hot	retain	E	2	41383.16	706	0
P2.5	ascii	encode-core-hot	retain	E2	3	38998.60	750	0
P2.5	ascii	encode-core-hot	retain	E	3	35500.40	706	0
P2.5	ascii	encode-core-hot	retain	R	3	34368.95	685	0
P2.5	ascii	encode-core-hot	retain	E	4	27428.84	706	0
P2.5	ascii	encode-core-hot	retain	R	4	26889.86	685	0
P2.5	ascii	encode-core-hot	retain	E2	4	28261.80	750	0
P2.5	ascii	encode-core-hot	retain	R	5	28084.10	685	0
P2.5	ascii	encode-core-hot	retain	E2	5	28338.05	750	0
P2.5	ascii	encode-core-hot	retain	E	5	29530.71	706	0
P2.5	ascii	encode-core-hot	retain	E2	6	27586.54	750	0
P2.5	ascii	encode-core-hot	retain	E	6	27535.04	706	0
P2.5	ascii	encode-core-hot	retain	R	6	27708.26	685	0
P2.5	ascii	encode-core-hot	retain	E	7	27029.66	706	0
P2.5	ascii	encode-core-hot	retain	R	7	27673.36	685	0
P2.5	ascii	encode-core-hot	retain	E2	7	28463.12	750	0
P2.5	ascii	encode-core-hot	retain	R	8	27579.56	685	0
P2.5	ascii	encode-core-hot	retain	E2	8	26984.80	750	0
P2.5	ascii	encode-core-hot	retain	E	8	26722.36	706	0
P2.5	ascii	encode-core-hot	retain	E2	9	26642.20	750	0
P2.5	ascii	encode-core-hot	retain	E	9	27993.25	706	0
P2.5	ascii	encode-core-hot	retain	R	9	27432.88	685	0
P2.5	ascii	encode-core-hot	retain	E	10	26667.44	706	0
P2.5	ascii	encode-core-hot	retain	R	10	26669.95	685	0
P2.5	ascii	encode-core-hot	retain	E2	10	27655.11	750	0
P2.5	ascii	encode-core-hot	retain	R	11	26261.19	685	0
P2.5	ascii	encode-core-hot	retain	E2	11	27055.59	750	0
P2.5	ascii	encode-core-hot	retain	E	11	26194.92	706	0
P2.5	ascii	encode-core-hot	retain	E2	12	26478.91	750	0
P2.5	ascii	encode-core-hot	retain	E	12	26783.32	706	0
P2.5	ascii	encode-core-hot	retain	R	12	26799.99	685	0
P2.5	ascii	encode-core-hot	retain	E	13	26524.18	706	0
P2.5	ascii	encode-core-hot	retain	R	13	27046.42	685	0
P2.5	ascii	encode-core-hot	retain	E2	13	26843.23	750	0
P2.5	ascii	encode-core-hot	retain	R	14	28342.30	685	0
P2.5	ascii	encode-core-hot	retain	E2	14	27812.83	750	0
P2.5	ascii	encode-core-hot	retain	E	14	26312.12	706	0
P2.5	ascii	encode-core-hot	retain	E2	15	26606.13	750	0
P2.5	ascii	encode-core-hot	retain	E	15	31782.58	706	0
P2.5	ascii	encode-core-hot	retain	R	15	31165.85	685	0
P2.5	ascii	encode-core-hot	retain	E	16	30536.60	706	0
P2.5	ascii	encode-core-hot	retain	R	16	27737.70	685	0
P2.5	ascii	encode-core-hot	retain	E2	16	29894.43	750	0
P2.5	ascii	encode-core-hot	retain	R	17	27545.90	685	0
P2.5	ascii	encode-core-hot	retain	E2	17	26849.84	750	0
P2.5	ascii	encode-core-hot	retain	E	17	27510.55	706	0
P2.5	ascii	encode-core-hot	retain	E2	18	27375.72	750	0
P2.5	ascii	encode-core-hot	retain	E	18	27330.81	706	0
P2.5	ascii	encode-core-hot	retain	R	18	28410.21	685	0
P2.5	ascii	encode-core-hot	retain	E	19	28085.43	706	0
P2.5	ascii	encode-core-hot	retain	R	19	30341.25	685	0
P2.5	ascii	encode-core-hot	retain	E2	19	28488.22	750	0
P2.5	ascii	encode-core-hot	retain	R	20	27563.95	685	0
P2.5	ascii	encode-core-hot	retain	E2	20	27725.70	750	0
P2.5	ascii	encode-core-hot	retain	E	20	27584.78	706	0
P2.5	ascii	encode-core-hot	retain	E2	21	27056.36	750	0
P2.5	ascii	encode-core-hot	retain	E	21	27589.87	706	0
P2.5	ascii	encode-core-hot	retain	R	21	27971.93	685	0
P2.5	ascii	decode-read	drop	E	1	54869.82	381	1
P2.5	ascii	decode-read	drop	R	1	53925.24	381	0
P2.5	ascii	decode-read	drop	E2	1	54183.05	349	1
P2.5	ascii	decode-read	drop	R	2	53558.60	381	0
P2.5	ascii	decode-read	drop	E2	2	54178.77	349	1
P2.5	ascii	decode-read	drop	E	2	53084.95	381	1
P2.5	ascii	decode-read	drop	E2	3	55984.12	349	1
P2.5	ascii	decode-read	drop	E	3	53141.24	381	1
P2.5	ascii	decode-read	drop	R	3	53004.52	381	0
P2.5	ascii	decode-read	drop	E	4	67965.18	381	1
P2.5	ascii	decode-read	drop	R	4	54409.66	381	0
P2.5	ascii	decode-read	drop	E2	4	60816.81	349	1
P2.5	ascii	decode-read	drop	R	5	55445.17	381	0
P2.5	ascii	decode-read	drop	E2	5	53244.53	349	1
P2.5	ascii	decode-read	drop	E	5	52832.55	381	1
P2.5	ascii	decode-read	drop	E2	6	53117.57	349	1
P2.5	ascii	decode-read	drop	E	6	53560.66	381	1
P2.5	ascii	decode-read	drop	R	6	52575.81	381	0
P2.5	ascii	decode-read	drop	E	7	52519.77	381	1
P2.5	ascii	decode-read	drop	R	7	52302.20	381	0
P2.5	ascii	decode-read	drop	E2	7	56066.36	349	1
P2.5	ascii	decode-read	drop	R	8	54741.60	381	0
P2.5	ascii	decode-read	drop	E2	8	52926.58	349	1
P2.5	ascii	decode-read	drop	E	8	51064.86	381	1
P2.5	ascii	decode-read	drop	E2	9	54394.05	349	1
P2.5	ascii	decode-read	drop	E	9	52837.92	381	1
P2.5	ascii	decode-read	drop	R	9	54389.96	381	0
P2.5	ascii	decode-read	drop	E	10	53889.45	381	1
P2.5	ascii	decode-read	drop	R	10	53820.97	381	0
P2.5	ascii	decode-read	drop	E2	10	55281.04	349	1
P2.5	ascii	decode-read	drop	R	11	56795.11	381	0
P2.5	ascii	decode-read	drop	E2	11	53114.59	349	1
P2.5	ascii	decode-read	drop	E	11	52557.75	381	1
P2.5	ascii	decode-read	drop	E2	12	51747.11	349	1
P2.5	ascii	decode-read	drop	E	12	54424.10	381	1
P2.5	ascii	decode-read	drop	R	12	53905.93	381	0
P2.5	ascii	decode-read	drop	E	13	52261.80	381	1
P2.5	ascii	decode-read	drop	R	13	51083.63	381	0
P2.5	ascii	decode-read	drop	E2	13	54841.03	349	1
P2.5	ascii	decode-read	drop	R	14	52530.22	381	0
P2.5	ascii	decode-read	drop	E2	14	55296.85	349	1
P2.5	ascii	decode-read	drop	E	14	54184.48	381	1
P2.5	ascii	decode-read	drop	E2	15	52272.45	349	1
P2.5	ascii	decode-read	drop	E	15	54028.46	381	1
P2.5	ascii	decode-read	drop	R	15	51735.01	381	0
P2.5	ascii	decode-read	drop	E	16	54311.08	381	1
P2.5	ascii	decode-read	drop	R	16	53243.23	381	0
P2.5	ascii	decode-read	drop	E2	16	55298.31	349	1
P2.5	ascii	decode-read	drop	R	17	56255.80	381	0
P2.5	ascii	decode-read	drop	E2	17	54051.69	349	1
P2.5	ascii	decode-read	drop	E	17	54830.67	381	1
P2.5	ascii	decode-read	drop	E2	18	53533.42	349	1
P2.5	ascii	decode-read	drop	E	18	56034.36	381	1
P2.5	ascii	decode-read	drop	R	18	58881.09	381	0
P2.5	ascii	decode-read	drop	E	19	56032.60	381	1
P2.5	ascii	decode-read	drop	R	19	56546.87	381	0
P2.5	ascii	decode-read	drop	E2	19	51382.67	349	1
P2.5	ascii	decode-read	drop	R	20	53510.72	381	0
P2.5	ascii	decode-read	drop	E2	20	51072.13	349	1
P2.5	ascii	decode-read	drop	E	20	53901.32	381	1
P2.5	ascii	decode-read	drop	E2	21	53245.79	349	1
P2.5	ascii	decode-read	drop	E	21	54503.40	381	1
P2.5	ascii	decode-read	drop	R	21	53333.89	381	0
P2.5	ascii	decode-read	retain	E	1	53290.58	383	1
P2.5	ascii	decode-read	retain	R	1	53189.09	380	0
P2.5	ascii	decode-read	retain	E2	1	54040.69	382	1
P2.5	ascii	decode-read	retain	R	2	52796.57	380	0
P2.5	ascii	decode-read	retain	E2	2	53708.30	382	1
P2.5	ascii	decode-read	retain	E	2	57613.76	383	1
P2.5	ascii	decode-read	retain	E2	3	55530.19	382	1
P2.5	ascii	decode-read	retain	E	3	54189.94	383	1
P2.5	ascii	decode-read	retain	R	3	55593.97	380	0
P2.5	ascii	decode-read	retain	E	4	55697.31	383	1
P2.5	ascii	decode-read	retain	R	4	55505.74	380	0
P2.5	ascii	decode-read	retain	E2	4	53005.20	382	1
P2.5	ascii	decode-read	retain	R	5	54621.52	380	0
P2.5	ascii	decode-read	retain	E2	5	56049.69	382	1
P2.5	ascii	decode-read	retain	E	5	54301.55	383	1
P2.5	ascii	decode-read	retain	E2	6	54259.66	382	1
P2.5	ascii	decode-read	retain	E	6	53844.56	383	1
P2.5	ascii	decode-read	retain	R	6	52525.16	380	0
P2.5	ascii	decode-read	retain	E	7	53329.37	383	1
P2.5	ascii	decode-read	retain	R	7	53157.96	380	0
P2.5	ascii	decode-read	retain	E2	7	53018.57	382	1
P2.5	ascii	decode-read	retain	R	8	52708.63	380	0
P2.5	ascii	decode-read	retain	E2	8	52781.38	382	1
P2.5	ascii	decode-read	retain	E	8	54845.61	383	1
P2.5	ascii	decode-read	retain	E2	9	53858.42	382	1
P2.5	ascii	decode-read	retain	E	9	53961.28	383	1
P2.5	ascii	decode-read	retain	R	9	54663.67	380	0
P2.5	ascii	decode-read	retain	E	10	56791.46	383	1
P2.5	ascii	decode-read	retain	R	10	52648.22	380	0
P2.5	ascii	decode-read	retain	E2	10	53147.08	382	1
P2.5	ascii	decode-read	retain	R	11	53604.50	380	0
P2.5	ascii	decode-read	retain	E2	11	55148.75	382	1
P2.5	ascii	decode-read	retain	E	11	56350.45	383	1
P2.5	ascii	decode-read	retain	E2	12	54990.46	382	1
P2.5	ascii	decode-read	retain	E	12	53686.23	383	1
P2.5	ascii	decode-read	retain	R	12	54463.31	380	0
P2.5	ascii	decode-read	retain	E	13	57817.21	383	1
P2.5	ascii	decode-read	retain	R	13	54834.26	380	0
P2.5	ascii	decode-read	retain	E2	13	53820.72	382	1
P2.5	ascii	decode-read	retain	R	14	53214.93	380	0
P2.5	ascii	decode-read	retain	E2	14	53858.61	382	1
P2.5	ascii	decode-read	retain	E	14	55459.48	383	1
P2.5	ascii	decode-read	retain	E2	15	53863.67	382	1
P2.5	ascii	decode-read	retain	E	15	52441.20	383	1
P2.5	ascii	decode-read	retain	R	15	53043.05	380	0
P2.5	ascii	decode-read	retain	E	16	55509.24	383	1
P2.5	ascii	decode-read	retain	R	16	53635.56	380	0
P2.5	ascii	decode-read	retain	E2	16	54384.10	382	1
P2.5	ascii	decode-read	retain	R	17	53360.81	380	0
P2.5	ascii	decode-read	retain	E2	17	54064.68	382	1
P2.5	ascii	decode-read	retain	E	17	53981.53	383	1
P2.5	ascii	decode-read	retain	E2	18	53143.45	382	1
P2.5	ascii	decode-read	retain	E	18	52646.72	383	1
P2.5	ascii	decode-read	retain	R	18	55239.73	380	0
P2.5	ascii	decode-read	retain	E	19	54196.48	383	1
P2.5	ascii	decode-read	retain	R	19	52590.48	380	0
P2.5	ascii	decode-read	retain	E2	19	52936.95	382	1
P2.5	ascii	decode-read	retain	R	20	53017.12	380	0
P2.5	ascii	decode-read	retain	E2	20	52785.41	382	1
P2.5	ascii	decode-read	retain	E	20	54583.44	383	1
P2.5	ascii	decode-read	retain	E2	21	55731.85	382	1
P2.5	ascii	decode-read	retain	E	21	53875.88	383	1
P2.5	ascii	decode-read	retain	R	21	53111.34	380	0
P3.1	ascii	encode-core-hot	drop	E	1	13147.20	1522	0
P3.1	ascii	encode-core-hot	drop	R	1	16463.72	1367	0
P3.1	ascii	encode-core-hot	drop	E2	1	13575.65	1526	0
P3.1	ascii	encode-core-hot	drop	R	2	14363.07	1367	0
P3.1	ascii	encode-core-hot	drop	E2	2	13656.50	1526	0
P3.1	ascii	encode-core-hot	drop	E	2	13807.27	1522	0
P3.1	ascii	encode-core-hot	drop	E2	3	14132.21	1526	0
P3.1	ascii	encode-core-hot	drop	E	3	13908.28	1522	0
P3.1	ascii	encode-core-hot	drop	R	3	13809.85	1367	0
P3.1	ascii	encode-core-hot	drop	E	4	13598.59	1522	0
P3.1	ascii	encode-core-hot	drop	R	4	13238.15	1367	0
P3.1	ascii	encode-core-hot	drop	E2	4	13450.96	1526	0
P3.1	ascii	encode-core-hot	drop	R	5	14482.63	1367	0
P3.1	ascii	encode-core-hot	drop	E2	5	14159.67	1526	0
P3.1	ascii	encode-core-hot	drop	E	5	14898.78	1522	0
P3.1	ascii	encode-core-hot	drop	E2	6	14333.71	1526	0
P3.1	ascii	encode-core-hot	drop	E	6	14386.41	1522	0
P3.1	ascii	encode-core-hot	drop	R	6	14158.97	1367	0
P3.1	ascii	encode-core-hot	drop	E	7	14271.92	1522	0
P3.1	ascii	encode-core-hot	drop	R	7	13836.10	1367	0
P3.1	ascii	encode-core-hot	drop	E2	7	13513.66	1526	0
P3.1	ascii	encode-core-hot	drop	R	8	13287.76	1367	0
P3.1	ascii	encode-core-hot	drop	E2	8	13742.29	1526	0
P3.1	ascii	encode-core-hot	drop	E	8	13178.15	1522	0
P3.1	ascii	encode-core-hot	drop	E2	9	13346.73	1526	0
P3.1	ascii	encode-core-hot	drop	E	9	13197.73	1522	0
P3.1	ascii	encode-core-hot	drop	R	9	13583.70	1367	0
P3.1	ascii	encode-core-hot	drop	E	10	13332.55	1522	0
P3.1	ascii	encode-core-hot	drop	R	10	13252.59	1367	0
P3.1	ascii	encode-core-hot	drop	E2	10	13343.12	1526	0
P3.1	ascii	encode-core-hot	drop	R	11	13928.92	1367	0
P3.1	ascii	encode-core-hot	drop	E2	11	13762.33	1526	0
P3.1	ascii	encode-core-hot	drop	E	11	14174.38	1522	0
P3.1	ascii	encode-core-hot	drop	E2	12	15346.20	1526	0
P3.1	ascii	encode-core-hot	drop	E	12	13717.34	1522	0
P3.1	ascii	encode-core-hot	drop	R	12	13622.10	1367	0
P3.1	ascii	encode-core-hot	drop	E	13	13516.67	1522	0
P3.1	ascii	encode-core-hot	drop	R	13	13937.02	1367	0
P3.1	ascii	encode-core-hot	drop	E2	13	14338.74	1526	0
P3.1	ascii	encode-core-hot	drop	R	14	13917.85	1367	0
P3.1	ascii	encode-core-hot	drop	E2	14	14495.67	1526	0
P3.1	ascii	encode-core-hot	drop	E	14	14514.97	1522	0
P3.1	ascii	encode-core-hot	drop	E2	15	13962.68	1526	0
P3.1	ascii	encode-core-hot	drop	E	15	14202.42	1522	0
P3.1	ascii	encode-core-hot	drop	R	15	14471.42	1367	0
P3.1	ascii	encode-core-hot	drop	E	16	14589.35	1522	0
P3.1	ascii	encode-core-hot	drop	R	16	14039.33	1367	0
P3.1	ascii	encode-core-hot	drop	E2	16	15137.95	1526	0
P3.1	ascii	encode-core-hot	drop	R	17	14650.74	1367	0
P3.1	ascii	encode-core-hot	drop	E2	17	14051.37	1526	0
P3.1	ascii	encode-core-hot	drop	E	17	13358.68	1522	0
P3.1	ascii	encode-core-hot	drop	E2	18	13731.71	1526	0
P3.1	ascii	encode-core-hot	drop	E	18	15114.98	1522	0
P3.1	ascii	encode-core-hot	drop	R	18	13809.00	1367	0
P3.1	ascii	encode-core-hot	drop	E	19	13642.96	1522	0
P3.1	ascii	encode-core-hot	drop	R	19	14642.98	1367	0
P3.1	ascii	encode-core-hot	drop	E2	19	13862.41	1526	0
P3.1	ascii	encode-core-hot	drop	R	20	13471.03	1367	0
P3.1	ascii	encode-core-hot	drop	E2	20	13621.32	1526	0
P3.1	ascii	encode-core-hot	drop	E	20	13655.21	1522	0
P3.1	ascii	encode-core-hot	drop	E2	21	13328.15	1526	0
P3.1	ascii	encode-core-hot	drop	E	21	14295.00	1522	0
P3.1	ascii	encode-core-hot	drop	R	21	14008.19	1367	0
P3.1	ascii	encode-core-hot	retain	E	1	13982.08	1432	0
P3.1	ascii	encode-core-hot	retain	R	1	14304.48	760	0
P3.1	ascii	encode-core-hot	retain	E2	1	13773.98	824	0
P3.1	ascii	encode-core-hot	retain	R	2	14029.16	760	0
P3.1	ascii	encode-core-hot	retain	E2	2	13804.58	824	0
P3.1	ascii	encode-core-hot	retain	E	2	13880.78	1432	0
P3.1	ascii	encode-core-hot	retain	E2	3	13863.55	824	0
P3.1	ascii	encode-core-hot	retain	E	3	14042.96	1432	0
P3.1	ascii	encode-core-hot	retain	R	3	14071.67	760	0
P3.1	ascii	encode-core-hot	retain	E	4	13919.19	1432	0
P3.1	ascii	encode-core-hot	retain	R	4	14228.85	760	0
P3.1	ascii	encode-core-hot	retain	E2	4	13845.15	824	0
P3.1	ascii	encode-core-hot	retain	R	5	14388.92	760	0
P3.1	ascii	encode-core-hot	retain	E2	5	14948.07	824	0
P3.1	ascii	encode-core-hot	retain	E	5	14463.21	1432	0
P3.1	ascii	encode-core-hot	retain	E2	6	13998.40	824	0
P3.1	ascii	encode-core-hot	retain	E	6	14035.66	1432	0
P3.1	ascii	encode-core-hot	retain	R	6	14235.24	760	0
P3.1	ascii	encode-core-hot	retain	E	7	14466.90	1432	0
P3.1	ascii	encode-core-hot	retain	R	7	14311.17	760	0
P3.1	ascii	encode-core-hot	retain	E2	7	14325.65	824	0
P3.1	ascii	encode-core-hot	retain	R	8	14565.79	760	0
P3.1	ascii	encode-core-hot	retain	E2	8	14606.24	824	0
P3.1	ascii	encode-core-hot	retain	E	8	14104.79	1432	0
P3.1	ascii	encode-core-hot	retain	E2	9	14601.62	824	0
P3.1	ascii	encode-core-hot	retain	E	9	14478.25	1432	0
P3.1	ascii	encode-core-hot	retain	R	9	14286.17	760	0
P3.1	ascii	encode-core-hot	retain	E	10	14904.50	1432	0
P3.1	ascii	encode-core-hot	retain	R	10	15199.94	760	0
P3.1	ascii	encode-core-hot	retain	E2	10	14169.82	824	0
P3.1	ascii	encode-core-hot	retain	R	11	15926.31	760	0
P3.1	ascii	encode-core-hot	retain	E2	11	14699.86	824	0
P3.1	ascii	encode-core-hot	retain	E	11	14037.75	1432	0
P3.1	ascii	encode-core-hot	retain	E2	12	15585.93	824	0
P3.1	ascii	encode-core-hot	retain	E	12	14684.51	1432	0
P3.1	ascii	encode-core-hot	retain	R	12	14306.77	760	0
P3.1	ascii	encode-core-hot	retain	E	13	13932.80	1432	0
P3.1	ascii	encode-core-hot	retain	R	13	14082.34	760	0
P3.1	ascii	encode-core-hot	retain	E2	13	14030.69	824	0
P3.1	ascii	encode-core-hot	retain	R	14	14682.99	760	0
P3.1	ascii	encode-core-hot	retain	E2	14	14136.99	824	0
P3.1	ascii	encode-core-hot	retain	E	14	14118.01	1432	0
P3.1	ascii	encode-core-hot	retain	E2	15	13700.61	824	0
P3.1	ascii	encode-core-hot	retain	E	15	13908.88	1432	0
P3.1	ascii	encode-core-hot	retain	R	15	14221.80	760	0
P3.1	ascii	encode-core-hot	retain	E	16	13992.95	1432	0
P3.1	ascii	encode-core-hot	retain	R	16	14228.38	760	0
P3.1	ascii	encode-core-hot	retain	E2	16	14068.97	824	0
P3.1	ascii	encode-core-hot	retain	R	17	14334.14	760	0
P3.1	ascii	encode-core-hot	retain	E2	17	14094.36	824	0
P3.1	ascii	encode-core-hot	retain	E	17	15604.88	1432	0
P3.1	ascii	encode-core-hot	retain	E2	18	13922.33	824	0
P3.1	ascii	encode-core-hot	retain	E	18	14145.20	1432	0
P3.1	ascii	encode-core-hot	retain	R	18	14403.72	760	0
P3.1	ascii	encode-core-hot	retain	E	19	14012.98	1432	0
P3.1	ascii	encode-core-hot	retain	R	19	14001.72	760	0
P3.1	ascii	encode-core-hot	retain	E2	19	13690.92	824	0
P3.1	ascii	encode-core-hot	retain	R	20	14333.98	760	0
P3.1	ascii	encode-core-hot	retain	E2	20	13888.25	824	0
P3.1	ascii	encode-core-hot	retain	E	20	14037.53	1432	0
P3.1	ascii	encode-core-hot	retain	E2	21	14350.63	824	0
P3.1	ascii	encode-core-hot	retain	E	21	14069.60	1432	0
P3.1	ascii	encode-core-hot	retain	R	21	14496.70	760	0
P3.1	ascii	decode-read	drop	E	1	26203.75	741	1
P3.1	ascii	decode-read	drop	R	1	26796.64	686	0
P3.1	ascii	decode-read	drop	E2	1	26413.03	756	1
P3.1	ascii	decode-read	drop	R	2	26606.22	686	0
P3.1	ascii	decode-read	drop	E2	2	26129.10	756	1
P3.1	ascii	decode-read	drop	E	2	26967.22	741	1
P3.1	ascii	decode-read	drop	E2	3	28556.07	756	1
P3.1	ascii	decode-read	drop	E	3	28036.85	741	1
P3.1	ascii	decode-read	drop	R	3	28499.27	686	0
P3.1	ascii	decode-read	drop	E	4	27099.25	741	1
P3.1	ascii	decode-read	drop	R	4	26524.37	686	0
P3.1	ascii	decode-read	drop	E2	4	27489.02	756	1
P3.1	ascii	decode-read	drop	R	5	27279.60	686	0
P3.1	ascii	decode-read	drop	E2	5	26958.95	756	1
P3.1	ascii	decode-read	drop	E	5	27387.88	741	1
P3.1	ascii	decode-read	drop	E2	6	27382.05	756	1
P3.1	ascii	decode-read	drop	E	6	28055.38	741	1
P3.1	ascii	decode-read	drop	R	6	26737.81	686	0
P3.1	ascii	decode-read	drop	E	7	26293.55	741	1
P3.1	ascii	decode-read	drop	R	7	26890.96	686	0
P3.1	ascii	decode-read	drop	E2	7	26842.51	756	1
P3.1	ascii	decode-read	drop	R	8	26744.32	686	0
P3.1	ascii	decode-read	drop	E2	8	27150.94	756	1
P3.1	ascii	decode-read	drop	E	8	27477.75	741	1
P3.1	ascii	decode-read	drop	E2	9	27455.06	756	1
P3.1	ascii	decode-read	drop	E	9	26555.56	741	1
P3.1	ascii	decode-read	drop	R	9	26355.83	686	0
P3.1	ascii	decode-read	drop	E	10	26814.21	741	1
P3.1	ascii	decode-read	drop	R	10	26929.82	686	0
P3.1	ascii	decode-read	drop	E2	10	26668.66	756	1
P3.1	ascii	decode-read	drop	R	11	27447.28	686	0
P3.1	ascii	decode-read	drop	E2	11	26712.35	756	1
P3.1	ascii	decode-read	drop	E	11	26611.95	741	1
P3.1	ascii	decode-read	drop	E2	12	27199.58	756	1
P3.1	ascii	decode-read	drop	E	12	27202.40	741	1
P3.1	ascii	decode-read	drop	R	12	27019.74	686	0
P3.1	ascii	decode-read	drop	E	13	27069.23	741	1
P3.1	ascii	decode-read	drop	R	13	28573.06	686	0
P3.1	ascii	decode-read	drop	E2	13	28315.46	756	1
P3.1	ascii	decode-read	drop	R	14	27783.84	686	0
P3.1	ascii	decode-read	drop	E2	14	26952.32	756	1
P3.1	ascii	decode-read	drop	E	14	26647.85	741	1
P3.1	ascii	decode-read	drop	E2	15	26876.65	756	1
P3.1	ascii	decode-read	drop	E	15	26690.85	741	1
P3.1	ascii	decode-read	drop	R	15	26456.26	686	0
P3.1	ascii	decode-read	drop	E	16	27761.33	741	1
P3.1	ascii	decode-read	drop	R	16	27311.62	686	0
P3.1	ascii	decode-read	drop	E2	16	28726.75	756	1
P3.1	ascii	decode-read	drop	R	17	27105.55	686	0
P3.1	ascii	decode-read	drop	E2	17	27642.89	756	1
P3.1	ascii	decode-read	drop	E	17	27621.62	741	1
P3.1	ascii	decode-read	drop	E2	18	26497.10	756	1
P3.1	ascii	decode-read	drop	E	18	27289.98	741	1
P3.1	ascii	decode-read	drop	R	18	26509.89	686	0
P3.1	ascii	decode-read	drop	E	19	26473.42	741	1
P3.1	ascii	decode-read	drop	R	19	26808.99	686	0
P3.1	ascii	decode-read	drop	E2	19	27203.95	756	1
P3.1	ascii	decode-read	drop	R	20	27073.08	686	0
P3.1	ascii	decode-read	drop	E2	20	26777.16	756	1
P3.1	ascii	decode-read	drop	E	20	27045.36	741	1
P3.1	ascii	decode-read	drop	E2	21	25715.03	756	1
P3.1	ascii	decode-read	drop	E	21	26253.10	741	1
P3.1	ascii	decode-read	drop	R	21	27012.41	686	0
P3.1	ascii	decode-read	retain	E	1	40302.87	761	1
P3.1	ascii	decode-read	retain	R	1	26179.07	434	0
P3.1	ascii	decode-read	retain	E2	1	26506.78	726	1
P3.1	ascii	decode-read	retain	R	2	27619.87	434	0
P3.1	ascii	decode-read	retain	E2	2	38012.45	726	1
P3.1	ascii	decode-read	retain	E	2	28562.15	761	1
P3.1	ascii	decode-read	retain	E2	3	26202.95	726	1
P3.1	ascii	decode-read	retain	E	3	26331.00	761	1
P3.1	ascii	decode-read	retain	R	3	27119.32	434	0
P3.1	ascii	decode-read	retain	E	4	26365.36	761	1
P3.1	ascii	decode-read	retain	R	4	26493.74	434	0
P3.1	ascii	decode-read	retain	E2	4	26403.93	726	1
P3.1	ascii	decode-read	retain	R	5	27930.85	434	0
P3.1	ascii	decode-read	retain	E2	5	26130.08	726	1
P3.1	ascii	decode-read	retain	E	5	26431.73	761	1
P3.1	ascii	decode-read	retain	E2	6	27037.24	726	1
P3.1	ascii	decode-read	retain	E	6	27656.64	761	1
P3.1	ascii	decode-read	retain	R	6	26841.95	434	0
P3.1	ascii	decode-read	retain	E	7	27145.68	761	1
P3.1	ascii	decode-read	retain	R	7	26815.63	434	0
P3.1	ascii	decode-read	retain	E2	7	27904.30	726	1
P3.1	ascii	decode-read	retain	R	8	28252.47	434	0
P3.1	ascii	decode-read	retain	E2	8	27406.27	726	1
P3.1	ascii	decode-read	retain	E	8	27018.18	761	1
P3.1	ascii	decode-read	retain	E2	9	28613.17	726	1
P3.1	ascii	decode-read	retain	E	9	28921.65	761	1
P3.1	ascii	decode-read	retain	R	9	28513.13	434	0
P3.1	ascii	decode-read	retain	E	10	28590.29	761	1
P3.1	ascii	decode-read	retain	R	10	27584.81	434	0
P3.1	ascii	decode-read	retain	E2	10	28339.00	726	1
P3.1	ascii	decode-read	retain	R	11	28435.30	434	0
P3.1	ascii	decode-read	retain	E2	11	27702.14	726	1
P3.1	ascii	decode-read	retain	E	11	31363.89	761	1
P3.1	ascii	decode-read	retain	E2	12	30496.87	726	1
P3.1	ascii	decode-read	retain	E	12	26791.33	761	1
P3.1	ascii	decode-read	retain	R	12	27165.20	434	0
P3.1	ascii	decode-read	retain	E	13	27802.25	761	1
P3.1	ascii	decode-read	retain	R	13	26879.83	434	0
P3.1	ascii	decode-read	retain	E2	13	26507.65	726	1
P3.1	ascii	decode-read	retain	R	14	26873.50	434	0
P3.1	ascii	decode-read	retain	E2	14	26154.19	726	1
P3.1	ascii	decode-read	retain	E	14	26668.00	761	1
P3.1	ascii	decode-read	retain	E2	15	26040.01	726	1
P3.1	ascii	decode-read	retain	E	15	26978.66	761	1
P3.1	ascii	decode-read	retain	R	15	26563.81	434	0
P3.1	ascii	decode-read	retain	E	16	26098.05	761	1
P3.1	ascii	decode-read	retain	R	16	25829.87	434	0
P3.1	ascii	decode-read	retain	E2	16	26665.55	726	1
P3.1	ascii	decode-read	retain	R	17	26504.61	434	0
P3.1	ascii	decode-read	retain	E2	17	26815.61	726	1
P3.1	ascii	decode-read	retain	E	17	26422.12	761	1
P3.1	ascii	decode-read	retain	E2	18	27100.65	726	1
P3.1	ascii	decode-read	retain	E	18	28106.41	761	1
P3.1	ascii	decode-read	retain	R	18	27539.55	434	0
P3.1	ascii	decode-read	retain	E	19	26601.57	761	1
P3.1	ascii	decode-read	retain	R	19	26878.21	434	0
P3.1	ascii	decode-read	retain	E2	19	26203.32	726	1
P3.1	ascii	decode-read	retain	R	20	26203.08	434	0
P3.1	ascii	decode-read	retain	E2	20	26259.25	726	1
P3.1	ascii	decode-read	retain	E	20	28846.61	761	1
P3.1	ascii	decode-read	retain	E2	21	27156.01	726	1
P3.1	ascii	decode-read	retain	E	21	28718.43	761	1
P3.1	ascii	decode-read	retain	R	21	28061.01	434	0
P4.1	ascii	encode-core-hot	drop	E	1	142223.03	140	0
P4.1	ascii	encode-core-hot	drop	R	1	142969.83	140	0
P4.1	ascii	encode-core-hot	drop	E2	1	142066.55	136	0
P4.1	ascii	encode-core-hot	drop	R	2	149337.02	140	0
P4.1	ascii	encode-core-hot	drop	E2	2	139866.50	136	0
P4.1	ascii	encode-core-hot	drop	E	2	137553.71	140	0
P4.1	ascii	encode-core-hot	drop	E2	3	137239.74	136	0
P4.1	ascii	encode-core-hot	drop	E	3	134576.11	140	0
P4.1	ascii	encode-core-hot	drop	R	3	132639.96	140	0
P4.1	ascii	encode-core-hot	drop	E	4	142081.74	140	0
P4.1	ascii	encode-core-hot	drop	R	4	136642.14	140	0
P4.1	ascii	encode-core-hot	drop	E2	4	137431.43	136	0
P4.1	ascii	encode-core-hot	drop	R	5	137540.71	140	0
P4.1	ascii	encode-core-hot	drop	E2	5	142188.53	136	0
P4.1	ascii	encode-core-hot	drop	E	5	139992.05	140	0
P4.1	ascii	encode-core-hot	drop	E2	6	132681.01	136	0
P4.1	ascii	encode-core-hot	drop	E	6	137975.02	140	0
P4.1	ascii	encode-core-hot	drop	R	6	137044.58	140	0
P4.1	ascii	encode-core-hot	drop	E	7	142228.13	140	0
P4.1	ascii	encode-core-hot	drop	R	7	155243.25	140	0
P4.1	ascii	encode-core-hot	drop	E2	7	148924.34	136	0
P4.1	ascii	encode-core-hot	drop	R	8	147529.71	140	0
P4.1	ascii	encode-core-hot	drop	E2	8	140741.36	136	0
P4.1	ascii	encode-core-hot	drop	E	8	142441.46	140	0
P4.1	ascii	encode-core-hot	drop	E2	9	146998.00	136	0
P4.1	ascii	encode-core-hot	drop	E	9	149968.71	140	0
P4.1	ascii	encode-core-hot	drop	R	9	146995.44	140	0
P4.1	ascii	encode-core-hot	drop	E	10	153430.18	140	0
P4.1	ascii	encode-core-hot	drop	R	10	152935.18	140	0
P4.1	ascii	encode-core-hot	drop	E2	10	140889.84	136	0
P4.1	ascii	encode-core-hot	drop	R	11	138637.73	140	0
P4.1	ascii	encode-core-hot	drop	E2	11	140981.43	136	0
P4.1	ascii	encode-core-hot	drop	E	11	136216.89	140	0
P4.1	ascii	encode-core-hot	drop	E2	12	145306.17	136	0
P4.1	ascii	encode-core-hot	drop	E	12	136649.26	140	0
P4.1	ascii	encode-core-hot	drop	R	12	135867.94	140	0
P4.1	ascii	encode-core-hot	drop	E	13	135171.25	140	0
P4.1	ascii	encode-core-hot	drop	R	13	146141.02	140	0
P4.1	ascii	encode-core-hot	drop	E2	13	139625.69	136	0
P4.1	ascii	encode-core-hot	drop	R	14	136099.33	140	0
P4.1	ascii	encode-core-hot	drop	E2	14	139534.64	136	0
P4.1	ascii	encode-core-hot	drop	E	14	150380.86	140	0
P4.1	ascii	encode-core-hot	drop	E2	15	136994.66	136	0
P4.1	ascii	encode-core-hot	drop	E	15	222529.44	140	0
P4.1	ascii	encode-core-hot	drop	R	15	168428.26	140	0
P4.1	ascii	encode-core-hot	drop	E	16	149829.56	140	0
P4.1	ascii	encode-core-hot	drop	R	16	143444.74	140	0
P4.1	ascii	encode-core-hot	drop	E2	16	137939.28	136	0
P4.1	ascii	encode-core-hot	drop	R	17	154684.05	140	0
P4.1	ascii	encode-core-hot	drop	E2	17	148568.22	136	0
P4.1	ascii	encode-core-hot	drop	E	17	145423.54	140	0
P4.1	ascii	encode-core-hot	drop	E2	18	144713.71	136	0
P4.1	ascii	encode-core-hot	drop	E	18	142743.84	140	0
P4.1	ascii	encode-core-hot	drop	R	18	142042.59	140	0
P4.1	ascii	encode-core-hot	drop	E	19	142056.58	140	0
P4.1	ascii	encode-core-hot	drop	R	19	145957.52	140	0
P4.1	ascii	encode-core-hot	drop	E2	19	140040.26	136	0
P4.1	ascii	encode-core-hot	drop	R	20	148776.81	140	0
P4.1	ascii	encode-core-hot	drop	E2	20	142984.90	136	0
P4.1	ascii	encode-core-hot	drop	E	20	141128.96	140	0
P4.1	ascii	encode-core-hot	drop	E2	21	147583.01	136	0
P4.1	ascii	encode-core-hot	drop	E	21	147843.80	140	0
P4.1	ascii	encode-core-hot	drop	R	21	141114.46	140	0
P4.1	ascii	encode-core-hot	retain	E	1	138050.00	83	0
P4.1	ascii	encode-core-hot	retain	R	1	148727.55	143	0
P4.1	ascii	encode-core-hot	retain	E2	1	139394.97	149	0
P4.1	ascii	encode-core-hot	retain	R	2	140970.35	143	0
P4.1	ascii	encode-core-hot	retain	E2	2	157158.84	149	0
P4.1	ascii	encode-core-hot	retain	E	2	137369.29	83	0
P4.1	ascii	encode-core-hot	retain	E2	3	137407.74	149	0
P4.1	ascii	encode-core-hot	retain	E	3	142985.88	83	0
P4.1	ascii	encode-core-hot	retain	R	3	141372.66	143	0
P4.1	ascii	encode-core-hot	retain	E	4	139874.75	83	0
P4.1	ascii	encode-core-hot	retain	R	4	135980.84	143	0
P4.1	ascii	encode-core-hot	retain	E2	4	136888.76	149	0
P4.1	ascii	encode-core-hot	retain	R	5	143883.93	143	0
P4.1	ascii	encode-core-hot	retain	E2	5	138505.91	149	0
P4.1	ascii	encode-core-hot	retain	E	5	140194.27	83	0
P4.1	ascii	encode-core-hot	retain	E2	6	143341.07	149	0
P4.1	ascii	encode-core-hot	retain	E	6	142285.27	83	0
P4.1	ascii	encode-core-hot	retain	R	6	154677.55	143	0
P4.1	ascii	encode-core-hot	retain	E	7	150607.90	83	0
P4.1	ascii	encode-core-hot	retain	R	7	149290.29	143	0
P4.1	ascii	encode-core-hot	retain	E2	7	151496.86	149	0
P4.1	ascii	encode-core-hot	retain	R	8	151193.57	143	0
P4.1	ascii	encode-core-hot	retain	E2	8	162259.62	149	0
P4.1	ascii	encode-core-hot	retain	E	8	141918.65	83	0
P4.1	ascii	encode-core-hot	retain	E2	9	141006.47	149	0
P4.1	ascii	encode-core-hot	retain	E	9	142271.57	83	0
P4.1	ascii	encode-core-hot	retain	R	9	142037.50	143	0
P4.1	ascii	encode-core-hot	retain	E	10	140773.39	83	0
P4.1	ascii	encode-core-hot	retain	R	10	145234.68	143	0
P4.1	ascii	encode-core-hot	retain	E2	10	141263.52	149	0
P4.1	ascii	encode-core-hot	retain	R	11	140585.45	143	0
P4.1	ascii	encode-core-hot	retain	E2	11	158929.33	149	0
P4.1	ascii	encode-core-hot	retain	E	11	151523.96	83	0
P4.1	ascii	encode-core-hot	retain	E2	12	145129.61	149	0
P4.1	ascii	encode-core-hot	retain	E	12	138259.31	83	0
P4.1	ascii	encode-core-hot	retain	R	12	140451.99	143	0
P4.1	ascii	encode-core-hot	retain	E	13	162389.84	83	0
P4.1	ascii	encode-core-hot	retain	R	13	156685.62	143	0
P4.1	ascii	encode-core-hot	retain	E2	13	150400.71	149	0
P4.1	ascii	encode-core-hot	retain	R	14	144087.41	143	0
P4.1	ascii	encode-core-hot	retain	E2	14	140875.88	149	0
P4.1	ascii	encode-core-hot	retain	E	14	142495.42	83	0
P4.1	ascii	encode-core-hot	retain	E2	15	149211.34	149	0
P4.1	ascii	encode-core-hot	retain	E	15	137758.58	83	0
P4.1	ascii	encode-core-hot	retain	R	15	143799.39	143	0
P4.1	ascii	encode-core-hot	retain	E	16	136742.84	83	0
P4.1	ascii	encode-core-hot	retain	R	16	144943.06	143	0
P4.1	ascii	encode-core-hot	retain	E2	16	139185.61	149	0
P4.1	ascii	encode-core-hot	retain	R	17	141823.13	143	0
P4.1	ascii	encode-core-hot	retain	E2	17	144502.35	149	0
P4.1	ascii	encode-core-hot	retain	E	17	205108.61	83	0
P4.1	ascii	encode-core-hot	retain	E2	18	153534.05	149	0
P4.1	ascii	encode-core-hot	retain	E	18	139592.65	83	0
P4.1	ascii	encode-core-hot	retain	R	18	139767.08	143	0
P4.1	ascii	encode-core-hot	retain	E	19	139654.02	83	0
P4.1	ascii	encode-core-hot	retain	R	19	143274.87	143	0
P4.1	ascii	encode-core-hot	retain	E2	19	140220.32	149	0
P4.1	ascii	encode-core-hot	retain	R	20	144235.12	143	0
P4.1	ascii	encode-core-hot	retain	E2	20	138333.81	149	0
P4.1	ascii	encode-core-hot	retain	E	20	133047.28	83	0
P4.1	ascii	encode-core-hot	retain	E2	21	134390.96	149	0
P4.1	ascii	encode-core-hot	retain	E	21	142720.41	83	0
P4.1	ascii	encode-core-hot	retain	R	21	140189.17	143	0
P4.1	ascii	decode-read	drop	E	1	271050.16	55	1
P4.1	ascii	decode-read	drop	R	1	273812.05	73	0
P4.1	ascii	decode-read	drop	E2	1	275751.77	73	1
P4.1	ascii	decode-read	drop	R	2	282642.92	73	0
P4.1	ascii	decode-read	drop	E2	2	268789.52	73	1
P4.1	ascii	decode-read	drop	E	2	270098.00	55	1
P4.1	ascii	decode-read	drop	E2	3	275123.00	73	1
P4.1	ascii	decode-read	drop	E	3	281085.51	55	1
P4.1	ascii	decode-read	drop	R	3	274588.74	73	0
P4.1	ascii	decode-read	drop	E	4	272740.65	55	1
P4.1	ascii	decode-read	drop	R	4	283657.88	73	0
P4.1	ascii	decode-read	drop	E2	4	274112.36	73	1
P4.1	ascii	decode-read	drop	R	5	277565.47	73	0
P4.1	ascii	decode-read	drop	E2	5	273439.33	73	1
P4.1	ascii	decode-read	drop	E	5	279396.96	55	1
P4.1	ascii	decode-read	drop	E2	6	288105.10	73	1
P4.1	ascii	decode-read	drop	E	6	266990.89	55	1
P4.1	ascii	decode-read	drop	R	6	282688.86	73	0
P4.1	ascii	decode-read	drop	E	7	278955.87	55	1
P4.1	ascii	decode-read	drop	R	7	275120.79	73	0
P4.1	ascii	decode-read	drop	E2	7	272174.22	73	1
P4.1	ascii	decode-read	drop	R	8	297694.67	73	0
P4.1	ascii	decode-read	drop	E2	8	273055.84	73	1
P4.1	ascii	decode-read	drop	E	8	273861.51	55	1
P4.1	ascii	decode-read	drop	E2	9	273150.84	73	1
P4.1	ascii	decode-read	drop	E	9	274562.71	55	1
P4.1	ascii	decode-read	drop	R	9	281285.23	73	0
P4.1	ascii	decode-read	drop	E	10	280865.04	55	1
P4.1	ascii	decode-read	drop	R	10	285159.14	73	0
P4.1	ascii	decode-read	drop	E2	10	284495.51	73	1
P4.1	ascii	decode-read	drop	R	11	273900.08	73	0
P4.1	ascii	decode-read	drop	E2	11	272892.33	73	1
P4.1	ascii	decode-read	drop	E	11	270783.47	55	1
P4.1	ascii	decode-read	drop	E2	12	288289.63	73	1
P4.1	ascii	decode-read	drop	E	12	277405.56	55	1
P4.1	ascii	decode-read	drop	R	12	279261.32	73	0
P4.1	ascii	decode-read	drop	E	13	270399.95	55	1
P4.1	ascii	decode-read	drop	R	13	277402.21	73	0
P4.1	ascii	decode-read	drop	E2	13	280234.68	73	1
P4.1	ascii	decode-read	drop	R	14	318725.93	73	0
P4.1	ascii	decode-read	drop	E2	14	271907.99	73	1
P4.1	ascii	decode-read	drop	E	14	270722.64	55	1
P4.1	ascii	decode-read	drop	E2	15	268489.10	73	1
P4.1	ascii	decode-read	drop	E	15	271682.95	55	1
P4.1	ascii	decode-read	drop	R	15	274999.12	73	0
P4.1	ascii	decode-read	drop	E	16	270960.96	55	1
P4.1	ascii	decode-read	drop	R	16	282187.03	73	0
P4.1	ascii	decode-read	drop	E2	16	269959.64	73	1
P4.1	ascii	decode-read	drop	R	17	272601.11	73	0
P4.1	ascii	decode-read	drop	E2	17	265627.49	73	1
P4.1	ascii	decode-read	drop	E	17	262903.04	55	1
P4.1	ascii	decode-read	drop	E2	18	267221.71	73	1
P4.1	ascii	decode-read	drop	E	18	284556.05	55	1
P4.1	ascii	decode-read	drop	R	18	269649.30	73	0
P4.1	ascii	decode-read	drop	E	19	272039.02	55	1
P4.1	ascii	decode-read	drop	R	19	287682.81	73	0
P4.1	ascii	decode-read	drop	E2	19	278577.33	73	1
P4.1	ascii	decode-read	drop	R	20	281779.63	73	0
P4.1	ascii	decode-read	drop	E2	20	287332.25	73	1
P4.1	ascii	decode-read	drop	E	20	274371.42	55	1
P4.1	ascii	decode-read	drop	E2	21	273807.59	73	1
P4.1	ascii	decode-read	drop	E	21	269803.55	55	1
P4.1	ascii	decode-read	drop	R	21	276531.88	73	0
P4.1	ascii	decode-read	retain	E	1	261621.19	73	1
P4.1	ascii	decode-read	retain	R	1	267429.73	74	0
P4.1	ascii	decode-read	retain	E2	1	276981.54	76	1
P4.1	ascii	decode-read	retain	R	2	275346.34	74	0
P4.1	ascii	decode-read	retain	E2	2	262709.45	76	1
P4.1	ascii	decode-read	retain	E	2	266118.63	73	1
P4.1	ascii	decode-read	retain	E2	3	265316.66	76	1
P4.1	ascii	decode-read	retain	E	3	268578.49	73	1
P4.1	ascii	decode-read	retain	R	3	289589.58	74	0
P4.1	ascii	decode-read	retain	E	4	270803.33	73	1
P4.1	ascii	decode-read	retain	R	4	271527.30	74	0
P4.1	ascii	decode-read	retain	E2	4	273114.28	76	1
P4.1	ascii	decode-read	retain	R	5	269121.34	74	0
P4.1	ascii	decode-read	retain	E2	5	302440.05	76	1
P4.1	ascii	decode-read	retain	E	5	286169.67	73	1
P4.1	ascii	decode-read	retain	E2	6	275071.21	76	1
P4.1	ascii	decode-read	retain	E	6	275568.75	73	1
P4.1	ascii	decode-read	retain	R	6	285942.55	74	0
P4.1	ascii	decode-read	retain	E	7	276863.97	73	1
P4.1	ascii	decode-read	retain	R	7	292054.64	74	0
P4.1	ascii	decode-read	retain	E2	7	277876.16	76	1
P4.1	ascii	decode-read	retain	R	8	268800.12	74	0
P4.1	ascii	decode-read	retain	E2	8	270305.30	76	1
P4.1	ascii	decode-read	retain	E	8	262732.22	73	1
P4.1	ascii	decode-read	retain	E2	9	305622.03	76	1
P4.1	ascii	decode-read	retain	E	9	299988.81	73	1
P4.1	ascii	decode-read	retain	R	9	272699.34	74	0
P4.1	ascii	decode-read	retain	E	10	273323.03	73	1
P4.1	ascii	decode-read	retain	R	10	276196.34	74	0
P4.1	ascii	decode-read	retain	E2	10	279401.79	76	1
P4.1	ascii	decode-read	retain	R	11	270758.76	74	0
P4.1	ascii	decode-read	retain	E2	11	273917.32	76	1
P4.1	ascii	decode-read	retain	E	11	268269.79	73	1
P4.1	ascii	decode-read	retain	E2	12	273076.13	76	1
P4.1	ascii	decode-read	retain	E	12	273356.25	73	1
P4.1	ascii	decode-read	retain	R	12	279199.92	74	0
P4.1	ascii	decode-read	retain	E	13	272476.92	73	1
P4.1	ascii	decode-read	retain	R	13	276614.85	74	0
P4.1	ascii	decode-read	retain	E2	13	269818.93	76	1
P4.1	ascii	decode-read	retain	R	14	276692.61	74	0
P4.1	ascii	decode-read	retain	E2	14	293160.13	76	1
P4.1	ascii	decode-read	retain	E	14	276912.42	73	1
P4.1	ascii	decode-read	retain	E2	15	283005.28	76	1
P4.1	ascii	decode-read	retain	E	15	278951.23	73	1
P4.1	ascii	decode-read	retain	R	15	282380.39	74	0
P4.1	ascii	decode-read	retain	E	16	285671.08	73	1
P4.1	ascii	decode-read	retain	R	16	330290.08	74	0
P4.1	ascii	decode-read	retain	E2	16	299268.28	76	1
P4.1	ascii	decode-read	retain	R	17	283520.85	74	0
P4.1	ascii	decode-read	retain	E2	17	274924.45	76	1
P4.1	ascii	decode-read	retain	E	17	274215.79	73	1
P4.1	ascii	decode-read	retain	E2	18	290418.75	76	1
P4.1	ascii	decode-read	retain	E	18	277088.74	73	1
P4.1	ascii	decode-read	retain	R	18	275107.91	74	0
P4.1	ascii	decode-read	retain	E	19	271359.11	73	1
P4.1	ascii	decode-read	retain	R	19	278087.42	74	0
P4.1	ascii	decode-read	retain	E2	19	270842.28	76	1
P4.1	ascii	decode-read	retain	R	20	290625.99	74	0
P4.1	ascii	decode-read	retain	E2	20	272953.11	76	1
P4.1	ascii	decode-read	retain	E	20	271108.59	73	1
P4.1	ascii	decode-read	retain	E2	21	271462.30	76	1
P4.1	ascii	decode-read	retain	E	21	286936.44	73	1
P4.1	ascii	decode-read	retain	R	21	293488.09	74	0
P5.1	ascii	encode-core-hot	drop	E	1	103.61	185622	0
P5.1	ascii	encode-core-hot	drop	R	1	96.49	212556	0
P5.1	ascii	encode-core-hot	drop	E2	1	99.83	199294	0
P5.1	ascii	encode-core-hot	drop	R	2	97.04	212556	0
P5.1	ascii	encode-core-hot	drop	E2	2	97.75	199294	0
P5.1	ascii	encode-core-hot	drop	E	2	99.89	185622	0
P5.1	ascii	encode-core-hot	drop	E2	3	101.94	199294	0
P5.1	ascii	encode-core-hot	drop	E	3	99.05	185622	0
P5.1	ascii	encode-core-hot	drop	R	3	95.38	212556	0
P5.1	ascii	encode-core-hot	drop	E	4	97.61	185622	0
P5.1	ascii	encode-core-hot	drop	R	4	94.04	212556	0
P5.1	ascii	encode-core-hot	drop	E2	4	97.67	199294	0
P5.1	ascii	encode-core-hot	drop	R	5	94.00	212556	0
P5.1	ascii	encode-core-hot	drop	E2	5	96.04	199294	0
P5.1	ascii	encode-core-hot	drop	E	5	99.06	185622	0
P5.1	ascii	encode-core-hot	drop	E2	6	97.23	199294	0
P5.1	ascii	encode-core-hot	drop	E	6	97.04	185622	0
P5.1	ascii	encode-core-hot	drop	R	6	93.23	212556	0
P5.1	ascii	encode-core-hot	drop	E	7	95.81	185622	0
P5.1	ascii	encode-core-hot	drop	R	7	92.77	212556	0
P5.1	ascii	encode-core-hot	drop	E2	7	93.18	199294	0
P5.1	ascii	encode-core-hot	drop	R	8	94.49	212556	0
P5.1	ascii	encode-core-hot	drop	E2	8	98.16	199294	0
P5.1	ascii	encode-core-hot	drop	E	8	98.77	185622	0
P5.1	ascii	encode-core-hot	drop	E2	9	98.13	199294	0
P5.1	ascii	encode-core-hot	drop	E	9	97.61	185622	0
P5.1	ascii	encode-core-hot	drop	R	9	93.39	212556	0
P5.1	ascii	encode-core-hot	drop	E	10	98.17	185622	0
P5.1	ascii	encode-core-hot	drop	R	10	96.67	212556	0
P5.1	ascii	encode-core-hot	drop	E2	10	103.03	199294	0
P5.1	ascii	encode-core-hot	drop	R	11	96.57	212556	0
P5.1	ascii	encode-core-hot	drop	E2	11	97.15	199294	0
P5.1	ascii	encode-core-hot	drop	E	11	94.88	185622	0
P5.1	ascii	encode-core-hot	drop	E2	12	95.37	199294	0
P5.1	ascii	encode-core-hot	drop	E	12	98.43	185622	0
P5.1	ascii	encode-core-hot	drop	R	12	95.00	212556	0
P5.1	ascii	encode-core-hot	drop	E	13	98.11	185622	0
P5.1	ascii	encode-core-hot	drop	R	13	93.96	212556	0
P5.1	ascii	encode-core-hot	drop	E2	13	106.37	199294	0
P5.1	ascii	encode-core-hot	drop	R	14	94.88	212556	0
P5.1	ascii	encode-core-hot	drop	E2	14	97.39	199294	0
P5.1	ascii	encode-core-hot	drop	E	14	99.03	185622	0
P5.1	ascii	encode-core-hot	drop	E2	15	102.70	199294	0
P5.1	ascii	encode-core-hot	drop	E	15	99.62	185622	0
P5.1	ascii	encode-core-hot	drop	R	15	95.32	212556	0
P5.1	ascii	encode-core-hot	drop	E	16	98.33	185622	0
P5.1	ascii	encode-core-hot	drop	R	16	91.60	212556	0
P5.1	ascii	encode-core-hot	drop	E2	16	93.92	199294	0
P5.1	ascii	encode-core-hot	drop	R	17	89.50	212556	0
P5.1	ascii	encode-core-hot	drop	E2	17	93.58	199294	0
P5.1	ascii	encode-core-hot	drop	E	17	96.97	185622	0
P5.1	ascii	encode-core-hot	drop	E2	18	94.75	199294	0
P5.1	ascii	encode-core-hot	drop	E	18	94.88	185622	0
P5.1	ascii	encode-core-hot	drop	R	18	94.50	212556	0
P5.1	ascii	encode-core-hot	drop	E	19	96.84	185622	0
P5.1	ascii	encode-core-hot	drop	R	19	92.54	212556	0
P5.1	ascii	encode-core-hot	drop	E2	19	95.99	199294	0
P5.1	ascii	encode-core-hot	drop	R	20	93.50	212556	0
P5.1	ascii	encode-core-hot	drop	E2	20	96.47	199294	0
P5.1	ascii	encode-core-hot	drop	E	20	96.88	185622	0
P5.1	ascii	encode-core-hot	drop	E2	21	95.24	199294	0
P5.1	ascii	encode-core-hot	drop	E	21	98.38	185622	0
P5.1	ascii	encode-core-hot	drop	R	21	92.76	212556	0
P5.1	ascii	encode-core-hot	retain	E	1	102.95	199403	0
P5.1	ascii	encode-core-hot	retain	R	1	100.46	197906	0
P5.1	ascii	encode-core-hot	retain	E2	1	101.55	197518	0
P5.1	ascii	encode-core-hot	retain	R	2	98.64	197906	0
P5.1	ascii	encode-core-hot	retain	E2	2	100.57	197518	0
P5.1	ascii	encode-core-hot	retain	E	2	101.76	199403	0
P5.1	ascii	encode-core-hot	retain	E2	3	102.46	197518	0
P5.1	ascii	encode-core-hot	retain	E	3	104.47	199403	0
P5.1	ascii	encode-core-hot	retain	R	3	100.22	197906	0
P5.1	ascii	encode-core-hot	retain	E	4	101.81	199403	0
P5.1	ascii	encode-core-hot	retain	R	4	99.66	197906	0
P5.1	ascii	encode-core-hot	retain	E2	4	106.03	197518	0
P5.1	ascii	encode-core-hot	retain	R	5	100.72	197906	0
P5.1	ascii	encode-core-hot	retain	E2	5	101.64	197518	0
P5.1	ascii	encode-core-hot	retain	E	5	102.21	199403	0
P5.1	ascii	encode-core-hot	retain	E2	6	103.53	197518	0
P5.1	ascii	encode-core-hot	retain	E	6	101.61	199403	0
P5.1	ascii	encode-core-hot	retain	R	6	100.00	197906	0
P5.1	ascii	encode-core-hot	retain	E	7	103.27	199403	0
P5.1	ascii	encode-core-hot	retain	R	7	101.49	197906	0
P5.1	ascii	encode-core-hot	retain	E2	7	103.45	197518	0
P5.1	ascii	encode-core-hot	retain	R	8	101.80	197906	0
P5.1	ascii	encode-core-hot	retain	E2	8	102.34	197518	0
P5.1	ascii	encode-core-hot	retain	E	8	102.75	199403	0
P5.1	ascii	encode-core-hot	retain	E2	9	102.59	197518	0
P5.1	ascii	encode-core-hot	retain	E	9	102.27	199403	0
P5.1	ascii	encode-core-hot	retain	R	9	100.54	197906	0
P5.1	ascii	encode-core-hot	retain	E	10	102.45	199403	0
P5.1	ascii	encode-core-hot	retain	R	10	100.86	197906	0
P5.1	ascii	encode-core-hot	retain	E2	10	102.22	197518	0
P5.1	ascii	encode-core-hot	retain	R	11	100.19	197906	0
P5.1	ascii	encode-core-hot	retain	E2	11	103.72	197518	0
P5.1	ascii	encode-core-hot	retain	E	11	103.36	199403	0
P5.1	ascii	encode-core-hot	retain	E2	12	103.36	197518	0
P5.1	ascii	encode-core-hot	retain	E	12	103.39	199403	0
P5.1	ascii	encode-core-hot	retain	R	12	100.90	197906	0
P5.1	ascii	encode-core-hot	retain	E	13	102.66	199403	0
P5.1	ascii	encode-core-hot	retain	R	13	99.57	197906	0
P5.1	ascii	encode-core-hot	retain	E2	13	99.87	197518	0
P5.1	ascii	encode-core-hot	retain	R	14	99.84	197906	0
P5.1	ascii	encode-core-hot	retain	E2	14	100.98	197518	0
P5.1	ascii	encode-core-hot	retain	E	14	101.29	199403	0
P5.1	ascii	encode-core-hot	retain	E2	15	101.23	197518	0
P5.1	ascii	encode-core-hot	retain	E	15	101.47	199403	0
P5.1	ascii	encode-core-hot	retain	R	15	100.82	197906	0
P5.1	ascii	encode-core-hot	retain	E	16	103.19	199403	0
P5.1	ascii	encode-core-hot	retain	R	16	100.90	197906	0
P5.1	ascii	encode-core-hot	retain	E2	16	102.17	197518	0
P5.1	ascii	encode-core-hot	retain	R	17	100.78	197906	0
P5.1	ascii	encode-core-hot	retain	E2	17	102.18	197518	0
P5.1	ascii	encode-core-hot	retain	E	17	102.51	199403	0
P5.1	ascii	encode-core-hot	retain	E2	18	102.83	197518	0
P5.1	ascii	encode-core-hot	retain	E	18	103.32	199403	0
P5.1	ascii	encode-core-hot	retain	R	18	102.18	197906	0
P5.1	ascii	encode-core-hot	retain	E	19	104.08	199403	0
P5.1	ascii	encode-core-hot	retain	R	19	101.35	197906	0
P5.1	ascii	encode-core-hot	retain	E2	19	104.12	197518	0
P5.1	ascii	encode-core-hot	retain	R	20	104.39	197906	0
P5.1	ascii	encode-core-hot	retain	E2	20	101.35	197518	0
P5.1	ascii	encode-core-hot	retain	E	20	101.73	199403	0
P5.1	ascii	encode-core-hot	retain	E2	21	101.96	197518	0
P5.1	ascii	encode-core-hot	retain	E	21	101.83	199403	0
P5.1	ascii	encode-core-hot	retain	R	21	98.57	197906	0
P5.1	ascii	decode-read	drop	E	1	156.13	126779	1
P5.1	ascii	decode-read	drop	R	1	155.63	127540	0
P5.1	ascii	decode-read	drop	E2	1	157.32	125651	1
P5.1	ascii	decode-read	drop	R	2	157.40	127540	0
P5.1	ascii	decode-read	drop	E2	2	158.77	125651	1
P5.1	ascii	decode-read	drop	E	2	161.14	126779	1
P5.1	ascii	decode-read	drop	E2	3	159.68	125651	1
P5.1	ascii	decode-read	drop	E	3	160.71	126779	1
P5.1	ascii	decode-read	drop	R	3	156.16	127540	0
P5.1	ascii	decode-read	drop	E	4	160.52	126779	1
P5.1	ascii	decode-read	drop	R	4	156.93	127540	0
P5.1	ascii	decode-read	drop	E2	4	157.24	125651	1
P5.1	ascii	decode-read	drop	R	5	155.30	127540	0
P5.1	ascii	decode-read	drop	E2	5	159.58	125651	1
P5.1	ascii	decode-read	drop	E	5	159.74	126779	1
P5.1	ascii	decode-read	drop	E2	6	160.67	125651	1
P5.1	ascii	decode-read	drop	E	6	156.99	126779	1
P5.1	ascii	decode-read	drop	R	6	157.94	127540	0
P5.1	ascii	decode-read	drop	E	7	161.78	126779	1
P5.1	ascii	decode-read	drop	R	7	158.12	127540	0
P5.1	ascii	decode-read	drop	E2	7	161.12	125651	1
P5.1	ascii	decode-read	drop	R	8	154.09	127540	0
P5.1	ascii	decode-read	drop	E2	8	158.96	125651	1
P5.1	ascii	decode-read	drop	E	8	163.97	126779	1
P5.1	ascii	decode-read	drop	E2	9	161.26	125651	1
P5.1	ascii	decode-read	drop	E	9	160.02	126779	1
P5.1	ascii	decode-read	drop	R	9	159.36	127540	0
P5.1	ascii	decode-read	drop	E	10	157.66	126779	1
P5.1	ascii	decode-read	drop	R	10	157.36	127540	0
P5.1	ascii	decode-read	drop	E2	10	159.36	125651	1
P5.1	ascii	decode-read	drop	R	11	154.17	127540	0
P5.1	ascii	decode-read	drop	E2	11	157.04	125651	1
P5.1	ascii	decode-read	drop	E	11	159.81	126779	1
P5.1	ascii	decode-read	drop	E2	12	157.89	125651	1
P5.1	ascii	decode-read	drop	E	12	156.93	126779	1
P5.1	ascii	decode-read	drop	R	12	154.52	127540	0
P5.1	ascii	decode-read	drop	E	13	159.78	126779	1
P5.1	ascii	decode-read	drop	R	13	156.68	127540	0
P5.1	ascii	decode-read	drop	E2	13	157.82	125651	1
P5.1	ascii	decode-read	drop	R	14	155.89	127540	0
P5.1	ascii	decode-read	drop	E2	14	155.72	125651	1
P5.1	ascii	decode-read	drop	E	14	155.22	126779	1
P5.1	ascii	decode-read	drop	E2	15	155.53	125651	1
P5.1	ascii	decode-read	drop	E	15	156.10	126779	1
P5.1	ascii	decode-read	drop	R	15	156.73	127540	0
P5.1	ascii	decode-read	drop	E	16	156.66	126779	1
P5.1	ascii	decode-read	drop	R	16	151.51	127540	0
P5.1	ascii	decode-read	drop	E2	16	153.16	125651	1
P5.1	ascii	decode-read	drop	R	17	152.55	127540	0
P5.1	ascii	decode-read	drop	E2	17	154.71	125651	1
P5.1	ascii	decode-read	drop	E	17	154.25	126779	1
P5.1	ascii	decode-read	drop	E2	18	152.15	125651	1
P5.1	ascii	decode-read	drop	E	18	153.18	126779	1
P5.1	ascii	decode-read	drop	R	18	155.28	127540	0
P5.1	ascii	decode-read	drop	E	19	156.54	126779	1
P5.1	ascii	decode-read	drop	R	19	158.92	127540	0
P5.1	ascii	decode-read	drop	E2	19	159.99	125651	1
P5.1	ascii	decode-read	drop	R	20	155.99	127540	0
P5.1	ascii	decode-read	drop	E2	20	159.69	125651	1
P5.1	ascii	decode-read	drop	E	20	157.66	126779	1
P5.1	ascii	decode-read	drop	E2	21	157.68	125651	1
P5.1	ascii	decode-read	drop	E	21	161.32	126779	1
P5.1	ascii	decode-read	drop	R	21	155.80	127540	0
P5.1	ascii	decode-read	retain	E	1	165.90	106928	1
P5.1	ascii	decode-read	retain	R	1	165.16	122462	0
P5.1	ascii	decode-read	retain	E2	1	166.04	112780	1
P5.1	ascii	decode-read	retain	R	2	165.80	122462	0
P5.1	ascii	decode-read	retain	E2	2	163.61	112780	1
P5.1	ascii	decode-read	retain	E	2	163.27	106928	1
P5.1	ascii	decode-read	retain	E2	3	169.20	112780	1
P5.1	ascii	decode-read	retain	E	3	162.40	106928	1
P5.1	ascii	decode-read	retain	R	3	162.50	122462	0
P5.1	ascii	decode-read	retain	E	4	160.88	106928	1
P5.1	ascii	decode-read	retain	R	4	165.36	122462	0
P5.1	ascii	decode-read	retain	E2	4	167.12	112780	1
P5.1	ascii	decode-read	retain	R	5	164.14	122462	0
P5.1	ascii	decode-read	retain	E2	5	165.92	112780	1
P5.1	ascii	decode-read	retain	E	5	159.90	106928	1
P5.1	ascii	decode-read	retain	E2	6	168.27	112780	1
P5.1	ascii	decode-read	retain	E	6	171.96	106928	1
P5.1	ascii	decode-read	retain	R	6	178.96	122462	0
P5.1	ascii	decode-read	retain	E	7	166.82	106928	1
P5.1	ascii	decode-read	retain	R	7	164.50	122462	0
P5.1	ascii	decode-read	retain	E2	7	164.94	112780	1
P5.1	ascii	decode-read	retain	R	8	167.91	122462	0
P5.1	ascii	decode-read	retain	E2	8	161.47	112780	1
P5.1	ascii	decode-read	retain	E	8	164.95	106928	1
P5.1	ascii	decode-read	retain	E2	9	160.28	112780	1
P5.1	ascii	decode-read	retain	E	9	162.37	106928	1
P5.1	ascii	decode-read	retain	R	9	166.36	122462	0
P5.1	ascii	decode-read	retain	E	10	161.89	106928	1
P5.1	ascii	decode-read	retain	R	10	162.55	122462	0
P5.1	ascii	decode-read	retain	E2	10	163.90	112780	1
P5.1	ascii	decode-read	retain	R	11	159.08	122462	0
P5.1	ascii	decode-read	retain	E2	11	166.64	112780	1
P5.1	ascii	decode-read	retain	E	11	175.70	106928	1
P5.1	ascii	decode-read	retain	E2	12	162.20	112780	1
P5.1	ascii	decode-read	retain	E	12	161.96	106928	1
P5.1	ascii	decode-read	retain	R	12	160.86	122462	0
P5.1	ascii	decode-read	retain	E	13	160.72	106928	1
P5.1	ascii	decode-read	retain	R	13	157.56	122462	0
P5.1	ascii	decode-read	retain	E2	13	159.89	112780	1
P5.1	ascii	decode-read	retain	R	14	159.39	122462	0
P5.1	ascii	decode-read	retain	E2	14	161.05	112780	1
P5.1	ascii	decode-read	retain	E	14	165.59	106928	1
P5.1	ascii	decode-read	retain	E2	15	166.10	112780	1
P5.1	ascii	decode-read	retain	E	15	163.90	106928	1
P5.1	ascii	decode-read	retain	R	15	161.72	122462	0
P5.1	ascii	decode-read	retain	E	16	165.27	106928	1
P5.1	ascii	decode-read	retain	R	16	162.34	122462	0
P5.1	ascii	decode-read	retain	E2	16	162.41	112780	1
P5.1	ascii	decode-read	retain	R	17	161.04	122462	0
P5.1	ascii	decode-read	retain	E2	17	165.39	112780	1
P5.1	ascii	decode-read	retain	E	17	162.13	106928	1
P5.1	ascii	decode-read	retain	E2	18	160.47	112780	1
P5.1	ascii	decode-read	retain	E	18	166.56	106928	1
P5.1	ascii	decode-read	retain	R	18	169.14	122462	0
P5.1	ascii	decode-read	retain	E	19	160.12	106928	1
P5.1	ascii	decode-read	retain	R	19	162.88	122462	0
P5.1	ascii	decode-read	retain	E2	19	170.38	112780	1
P5.1	ascii	decode-read	retain	R	20	165.74	122462	0
P5.1	ascii	decode-read	retain	E2	20	166.10	112780	1
P5.1	ascii	decode-read	retain	E	20	168.35	106928	1
P5.1	ascii	decode-read	retain	E2	21	169.42	112780	1
P5.1	ascii	decode-read	retain	E	21	181.78	106928	1
P5.1	ascii	decode-read	retain	R	21	168.59	122462	0
P5.2	ascii	encode-core-hot	drop	E	1	1917.08	10610	0
P5.2	ascii	encode-core-hot	drop	R	1	1889.93	10328	0
P5.2	ascii	encode-core-hot	drop	E2	1	1927.75	10260	0
P5.2	ascii	encode-core-hot	drop	R	2	1870.36	10328	0
P5.2	ascii	encode-core-hot	drop	E2	2	1943.77	10260	0
P5.2	ascii	encode-core-hot	drop	E	2	1943.24	10610	0
P5.2	ascii	encode-core-hot	drop	E2	3	1903.20	10260	0
P5.2	ascii	encode-core-hot	drop	E	3	1981.66	10610	0
P5.2	ascii	encode-core-hot	drop	R	3	1942.93	10328	0
P5.2	ascii	encode-core-hot	drop	E	4	1979.93	10610	0
P5.2	ascii	encode-core-hot	drop	R	4	1961.98	10328	0
P5.2	ascii	encode-core-hot	drop	E2	4	1951.53	10260	0
P5.2	ascii	encode-core-hot	drop	R	5	1859.66	10328	0
P5.2	ascii	encode-core-hot	drop	E2	5	1936.04	10260	0
P5.2	ascii	encode-core-hot	drop	E	5	1932.32	10610	0
P5.2	ascii	encode-core-hot	drop	E2	6	1883.31	10260	0
P5.2	ascii	encode-core-hot	drop	E	6	1912.26	10610	0
P5.2	ascii	encode-core-hot	drop	R	6	1871.66	10328	0
P5.2	ascii	encode-core-hot	drop	E	7	1895.06	10610	0
P5.2	ascii	encode-core-hot	drop	R	7	1838.55	10328	0
P5.2	ascii	encode-core-hot	drop	E2	7	1906.16	10260	0
P5.2	ascii	encode-core-hot	drop	R	8	1852.86	10328	0
P5.2	ascii	encode-core-hot	drop	E2	8	1898.74	10260	0
P5.2	ascii	encode-core-hot	drop	E	8	1882.11	10610	0
P5.2	ascii	encode-core-hot	drop	E2	9	1877.41	10260	0
P5.2	ascii	encode-core-hot	drop	E	9	1889.30	10610	0
P5.2	ascii	encode-core-hot	drop	R	9	1802.66	10328	0
P5.2	ascii	encode-core-hot	drop	E	10	1838.17	10610	0
P5.2	ascii	encode-core-hot	drop	R	10	1839.95	10328	0
P5.2	ascii	encode-core-hot	drop	E2	10	1879.47	10260	0
P5.2	ascii	encode-core-hot	drop	R	11	1838.42	10328	0
P5.2	ascii	encode-core-hot	drop	E2	11	1872.83	10260	0
P5.2	ascii	encode-core-hot	drop	E	11	1869.01	10610	0
P5.2	ascii	encode-core-hot	drop	E2	12	1883.51	10260	0
P5.2	ascii	encode-core-hot	drop	E	12	1864.92	10610	0
P5.2	ascii	encode-core-hot	drop	R	12	1844.37	10328	0
P5.2	ascii	encode-core-hot	drop	E	13	1898.29	10610	0
P5.2	ascii	encode-core-hot	drop	R	13	1837.68	10328	0
P5.2	ascii	encode-core-hot	drop	E2	13	1862.73	10260	0
P5.2	ascii	encode-core-hot	drop	R	14	1874.89	10328	0
P5.2	ascii	encode-core-hot	drop	E2	14	1919.14	10260	0
P5.2	ascii	encode-core-hot	drop	E	14	1882.84	10610	0
P5.2	ascii	encode-core-hot	drop	E2	15	1884.55	10260	0
P5.2	ascii	encode-core-hot	drop	E	15	1847.96	10610	0
P5.2	ascii	encode-core-hot	drop	R	15	1863.46	10328	0
P5.2	ascii	encode-core-hot	drop	E	16	1897.50	10610	0
P5.2	ascii	encode-core-hot	drop	R	16	1863.02	10328	0
P5.2	ascii	encode-core-hot	drop	E2	16	1841.02	10260	0
P5.2	ascii	encode-core-hot	drop	R	17	1815.29	10328	0
P5.2	ascii	encode-core-hot	drop	E2	17	1882.83	10260	0
P5.2	ascii	encode-core-hot	drop	E	17	1833.63	10610	0
P5.2	ascii	encode-core-hot	drop	E2	18	1834.54	10260	0
P5.2	ascii	encode-core-hot	drop	E	18	1930.53	10610	0
P5.2	ascii	encode-core-hot	drop	R	18	1883.54	10328	0
P5.2	ascii	encode-core-hot	drop	E	19	1921.18	10610	0
P5.2	ascii	encode-core-hot	drop	R	19	1901.53	10328	0
P5.2	ascii	encode-core-hot	drop	E2	19	1926.28	10260	0
P5.2	ascii	encode-core-hot	drop	R	20	1870.76	10328	0
P5.2	ascii	encode-core-hot	drop	E2	20	1899.07	10260	0
P5.2	ascii	encode-core-hot	drop	E	20	1905.74	10610	0
P5.2	ascii	encode-core-hot	drop	E2	21	1876.52	10260	0
P5.2	ascii	encode-core-hot	drop	E	21	1889.11	10610	0
P5.2	ascii	encode-core-hot	drop	R	21	1845.58	10328	0
P5.2	ascii	encode-core-hot	retain	E	1	1987.39	10220	0
P5.2	ascii	encode-core-hot	retain	R	1	1841.71	10697	0
P5.2	ascii	encode-core-hot	retain	E2	1	1915.47	10200	0
P5.2	ascii	encode-core-hot	retain	R	2	1845.90	10697	0
P5.2	ascii	encode-core-hot	retain	E2	2	1934.53	10200	0
P5.2	ascii	encode-core-hot	retain	E	2	1934.25	10220	0
P5.2	ascii	encode-core-hot	retain	E2	3	1907.86	10200	0
P5.2	ascii	encode-core-hot	retain	E	3	1876.74	10220	0
P5.2	ascii	encode-core-hot	retain	R	3	1862.82	10697	0
P5.2	ascii	encode-core-hot	retain	E	4	1885.09	10220	0
P5.2	ascii	encode-core-hot	retain	R	4	1848.54	10697	0
P5.2	ascii	encode-core-hot	retain	E2	4	1909.80	10200	0
P5.2	ascii	encode-core-hot	retain	R	5	1830.72	10697	0
P5.2	ascii	encode-core-hot	retain	E2	5	1904.46	10200	0
P5.2	ascii	encode-core-hot	retain	E	5	1927.30	10220	0
P5.2	ascii	encode-core-hot	retain	E2	6	1880.47	10200	0
P5.2	ascii	encode-core-hot	retain	E	6	1889.03	10220	0
P5.2	ascii	encode-core-hot	retain	R	6	1796.89	10697	0
P5.2	ascii	encode-core-hot	retain	E	7	1859.35	10220	0
P5.2	ascii	encode-core-hot	retain	R	7	1814.94	10697	0
P5.2	ascii	encode-core-hot	retain	E2	7	1899.96	10200	0
P5.2	ascii	encode-core-hot	retain	R	8	1866.93	10697	0
P5.2	ascii	encode-core-hot	retain	E2	8	1935.24	10200	0
P5.2	ascii	encode-core-hot	retain	E	8	1900.25	10220	0
P5.2	ascii	encode-core-hot	retain	E2	9	1923.13	10200	0
P5.2	ascii	encode-core-hot	retain	E	9	1946.99	10220	0
P5.2	ascii	encode-core-hot	retain	R	9	1843.31	10697	0
P5.2	ascii	encode-core-hot	retain	E	10	1874.70	10220	0
P5.2	ascii	encode-core-hot	retain	R	10	1889.93	10697	0
P5.2	ascii	encode-core-hot	retain	E2	10	1962.35	10200	0
P5.2	ascii	encode-core-hot	retain	R	11	1893.82	10697	0
P5.2	ascii	encode-core-hot	retain	E2	11	1989.37	10200	0
P5.2	ascii	encode-core-hot	retain	E	11	1955.77	10220	0
P5.2	ascii	encode-core-hot	retain	E2	12	1946.91	10200	0
P5.2	ascii	encode-core-hot	retain	E	12	1957.94	10220	0
P5.2	ascii	encode-core-hot	retain	R	12	1896.48	10697	0
P5.2	ascii	encode-core-hot	retain	E	13	1961.72	10220	0
P5.2	ascii	encode-core-hot	retain	R	13	1929.63	10697	0
P5.2	ascii	encode-core-hot	retain	E2	13	1949.47	10200	0
P5.2	ascii	encode-core-hot	retain	R	14	1875.99	10697	0
P5.2	ascii	encode-core-hot	retain	E2	14	2002.09	10200	0
P5.2	ascii	encode-core-hot	retain	E	14	1980.43	10220	0
P5.2	ascii	encode-core-hot	retain	E2	15	1966.74	10200	0
P5.2	ascii	encode-core-hot	retain	E	15	1941.90	10220	0
P5.2	ascii	encode-core-hot	retain	R	15	1906.95	10697	0
P5.2	ascii	encode-core-hot	retain	E	16	1941.39	10220	0
P5.2	ascii	encode-core-hot	retain	R	16	1895.11	10697	0
P5.2	ascii	encode-core-hot	retain	E2	16	1976.45	10200	0
P5.2	ascii	encode-core-hot	retain	R	17	1813.21	10697	0
P5.2	ascii	encode-core-hot	retain	E2	17	1983.14	10200	0
P5.2	ascii	encode-core-hot	retain	E	17	1946.93	10220	0
P5.2	ascii	encode-core-hot	retain	E2	18	1952.96	10200	0
P5.2	ascii	encode-core-hot	retain	E	18	1932.38	10220	0
P5.2	ascii	encode-core-hot	retain	R	18	1863.07	10697	0
P5.2	ascii	encode-core-hot	retain	E	19	1922.43	10220	0
P5.2	ascii	encode-core-hot	retain	R	19	1845.14	10697	0
P5.2	ascii	encode-core-hot	retain	E2	19	1971.75	10200	0
P5.2	ascii	encode-core-hot	retain	R	20	1894.31	10697	0
P5.2	ascii	encode-core-hot	retain	E2	20	1953.04	10200	0
P5.2	ascii	encode-core-hot	retain	E	20	1985.50	10220	0
P5.2	ascii	encode-core-hot	retain	E2	21	1974.72	10200	0
P5.2	ascii	encode-core-hot	retain	E	21	1943.69	10220	0
P5.2	ascii	encode-core-hot	retain	R	21	1864.82	10697	0
P5.2	ascii	decode-read	drop	E	1	6384.67	3303	1
P5.2	ascii	decode-read	drop	R	1	6004.74	3321	0
P5.2	ascii	decode-read	drop	E2	1	6051.27	3358	1
P5.2	ascii	decode-read	drop	R	2	5854.83	3321	0
P5.2	ascii	decode-read	drop	E2	2	5598.32	3358	1
P5.2	ascii	decode-read	drop	E	2	5840.95	3303	1
P5.2	ascii	decode-read	drop	E2	3	5688.53	3358	1
P5.2	ascii	decode-read	drop	E	3	6236.28	3303	1
P5.2	ascii	decode-read	drop	R	3	6065.88	3321	0
P5.2	ascii	decode-read	drop	E	4	6565.30	3303	1
P5.2	ascii	decode-read	drop	R	4	6616.35	3321	0
P5.2	ascii	decode-read	drop	E2	4	6696.42	3358	1
P5.2	ascii	decode-read	drop	R	5	6760.52	3321	0
P5.2	ascii	decode-read	drop	E2	5	6884.52	3358	1
P5.2	ascii	decode-read	drop	E	5	7347.86	3303	1
P5.2	ascii	decode-read	drop	E2	6	6931.20	3358	1
P5.2	ascii	decode-read	drop	E	6	6660.92	3303	1
P5.2	ascii	decode-read	drop	R	6	7326.48	3321	0
P5.2	ascii	decode-read	drop	E	7	7174.92	3303	1
P5.2	ascii	decode-read	drop	R	7	7051.80	3321	0
P5.2	ascii	decode-read	drop	E2	7	7533.67	3358	1
P5.2	ascii	decode-read	drop	R	8	7476.16	3321	0
P5.2	ascii	decode-read	drop	E2	8	8108.89	3358	1
P5.2	ascii	decode-read	drop	E	8	7802.28	3303	1
P5.2	ascii	decode-read	drop	E2	9	8324.36	3358	1
P5.2	ascii	decode-read	drop	E	9	8289.97	3303	1
P5.2	ascii	decode-read	drop	R	9	8193.56	3321	0
P5.2	ascii	decode-read	drop	E	10	7983.90	3303	1
P5.2	ascii	decode-read	drop	R	10	8498.50	3321	0
P5.2	ascii	decode-read	drop	E2	10	8230.20	3358	1
P5.2	ascii	decode-read	drop	R	11	8116.45	3321	0
P5.2	ascii	decode-read	drop	E2	11	7892.74	3358	1
P5.2	ascii	decode-read	drop	E	11	7517.55	3303	1
P5.2	ascii	decode-read	drop	E2	12	7293.55	3358	1
P5.2	ascii	decode-read	drop	E	12	7162.55	3303	1
P5.2	ascii	decode-read	drop	R	12	7017.72	3321	0
P5.2	ascii	decode-read	drop	E	13	7099.81	3303	1
P5.2	ascii	decode-read	drop	R	13	7732.76	3321	0
P5.2	ascii	decode-read	drop	E2	13	7170.63	3358	1
P5.2	ascii	decode-read	drop	R	14	7962.14	3321	0
P5.2	ascii	decode-read	drop	E2	14	7628.45	3358	1
P5.2	ascii	decode-read	drop	E	14	8027.54	3303	1
P5.2	ascii	decode-read	drop	E2	15	7500.02	3358	1
P5.2	ascii	decode-read	drop	E	15	7378.70	3303	1
P5.2	ascii	decode-read	drop	R	15	8162.56	3321	0
P5.2	ascii	decode-read	drop	E	16	8629.87	3303	1
P5.2	ascii	decode-read	drop	R	16	7734.75	3321	0
P5.2	ascii	decode-read	drop	E2	16	7586.75	3358	1
P5.2	ascii	decode-read	drop	R	17	7764.98	3321	0
P5.2	ascii	decode-read	drop	E2	17	8646.83	3358	1
P5.2	ascii	decode-read	drop	E	17	8191.21	3303	1
P5.2	ascii	decode-read	drop	E2	18	7883.14	3358	1
P5.2	ascii	decode-read	drop	E	18	7794.02	3303	1
P5.2	ascii	decode-read	drop	R	18	7268.33	3321	0
P5.2	ascii	decode-read	drop	E	19	7128.12	3303	1
P5.2	ascii	decode-read	drop	R	19	6831.71	3321	0
P5.2	ascii	decode-read	drop	E2	19	7064.99	3358	1
P5.2	ascii	decode-read	drop	R	20	6594.77	3321	0
P5.2	ascii	decode-read	drop	E2	20	6762.33	3358	1
P5.2	ascii	decode-read	drop	E	20	6925.13	3303	1
P5.2	ascii	decode-read	drop	E2	21	7012.49	3358	1
P5.2	ascii	decode-read	drop	E	21	6959.78	3303	1
P5.2	ascii	decode-read	drop	R	21	6814.21	3321	0
P5.2	ascii	decode-read	retain	E	1	9197.49	1763	1
P5.2	ascii	decode-read	retain	R	1	7395.72	2683	0
P5.2	ascii	decode-read	retain	E2	1	7161.57	2296	1
P5.2	ascii	decode-read	retain	R	2	7149.16	2683	0
P5.2	ascii	decode-read	retain	E2	2	6902.73	2296	1
P5.2	ascii	decode-read	retain	E	2	6919.92	1763	1
P5.2	ascii	decode-read	retain	E2	3	6718.45	2296	1
P5.2	ascii	decode-read	retain	E	3	6661.26	1763	1
P5.2	ascii	decode-read	retain	R	3	6365.11	2683	0
P5.2	ascii	decode-read	retain	E	4	6282.56	1763	1
P5.2	ascii	decode-read	retain	R	4	5944.65	2683	0
P5.2	ascii	decode-read	retain	E2	4	5960.12	2296	1
P5.2	ascii	decode-read	retain	R	5	5892.65	2683	0
P5.2	ascii	decode-read	retain	E2	5	5970.98	2296	1
P5.2	ascii	decode-read	retain	E	5	6112.30	1763	1
P5.2	ascii	decode-read	retain	E2	6	6319.20	2296	1
P5.2	ascii	decode-read	retain	E	6	6340.21	1763	1
P5.2	ascii	decode-read	retain	R	6	6896.50	2683	0
P5.2	ascii	decode-read	retain	E	7	6093.41	1763	1
P5.2	ascii	decode-read	retain	R	7	6174.09	2683	0
P5.2	ascii	decode-read	retain	E2	7	6118.41	2296	1
P5.2	ascii	decode-read	retain	R	8	6260.32	2683	0
P5.2	ascii	decode-read	retain	E2	8	6131.45	2296	1
P5.2	ascii	decode-read	retain	E	8	6040.91	1763	1
P5.2	ascii	decode-read	retain	E2	9	5839.72	2296	1
P5.2	ascii	decode-read	retain	E	9	5972.02	1763	1
P5.2	ascii	decode-read	retain	R	9	5966.55	2683	0
P5.2	ascii	decode-read	retain	E	10	6497.62	1763	1
P5.2	ascii	decode-read	retain	R	10	6069.15	2683	0
P5.2	ascii	decode-read	retain	E2	10	6505.31	2296	1
P5.2	ascii	decode-read	retain	R	11	6694.79	2683	0
P5.2	ascii	decode-read	retain	E2	11	7425.12	2296	1
P5.2	ascii	decode-read	retain	E	11	6389.67	1763	1
P5.2	ascii	decode-read	retain	E2	12	7441.69	2296	1
P5.2	ascii	decode-read	retain	E	12	6461.33	1763	1
P5.2	ascii	decode-read	retain	R	12	7248.34	2683	0
P5.2	ascii	decode-read	retain	E	13	6641.20	1763	1
P5.2	ascii	decode-read	retain	R	13	6834.60	2683	0
P5.2	ascii	decode-read	retain	E2	13	8342.66	2296	1
P5.2	ascii	decode-read	retain	R	14	7192.47	2683	0
P5.2	ascii	decode-read	retain	E2	14	7632.23	2296	1
P5.2	ascii	decode-read	retain	E	14	7356.12	1763	1
P5.2	ascii	decode-read	retain	E2	15	8703.04	2296	1
P5.2	ascii	decode-read	retain	E	15	9104.34	1763	1
P5.2	ascii	decode-read	retain	R	15	8695.19	2683	0
P5.2	ascii	decode-read	retain	E	16	7264.22	1763	1
P5.2	ascii	decode-read	retain	R	16	7992.82	2683	0
P5.2	ascii	decode-read	retain	E2	16	8504.81	2296	1
P5.2	ascii	decode-read	retain	R	17	8286.05	2683	0
P5.2	ascii	decode-read	retain	E2	17	7183.38	2296	1
P5.2	ascii	decode-read	retain	E	17	7815.08	1763	1
P5.2	ascii	decode-read	retain	E2	18	8881.27	2296	1
P5.2	ascii	decode-read	retain	E	18	7857.36	1763	1
P5.2	ascii	decode-read	retain	R	18	7202.14	2683	0
P5.2	ascii	decode-read	retain	E	19	7142.42	1763	1
P5.2	ascii	decode-read	retain	R	19	7143.79	2683	0
P5.2	ascii	decode-read	retain	E2	19	7512.63	2296	1
P5.2	ascii	decode-read	retain	R	20	7355.44	2683	0
P5.2	ascii	decode-read	retain	E2	20	6773.06	2296	1
P5.2	ascii	decode-read	retain	E	20	6729.23	1763	1
P5.2	ascii	decode-read	retain	E2	21	7333.40	2296	1
P5.2	ascii	decode-read	retain	E	21	6663.25	1763	1
P5.2	ascii	decode-read	retain	R	21	6480.99	2683	0
P5.3	ascii	encode-core-hot	drop	E	1	42861.77	435	0
P5.3	ascii	encode-core-hot	drop	R	1	40563.07	452	0
P5.3	ascii	encode-core-hot	drop	E2	1	41980.52	480	0
P5.3	ascii	encode-core-hot	drop	R	2	39659.84	452	0
P5.3	ascii	encode-core-hot	drop	E2	2	46171.96	480	0
P5.3	ascii	encode-core-hot	drop	E	2	43448.91	435	0
P5.3	ascii	encode-core-hot	drop	E2	3	39892.77	480	0
P5.3	ascii	encode-core-hot	drop	E	3	40169.11	435	0
P5.3	ascii	encode-core-hot	drop	R	3	39407.25	452	0
P5.3	ascii	encode-core-hot	drop	E	4	41524.40	435	0
P5.3	ascii	encode-core-hot	drop	R	4	39667.43	452	0
P5.3	ascii	encode-core-hot	drop	E2	4	40856.54	480	0
P5.3	ascii	encode-core-hot	drop	R	5	39279.67	452	0
P5.3	ascii	encode-core-hot	drop	E2	5	40276.07	480	0
P5.3	ascii	encode-core-hot	drop	E	5	38424.84	435	0
P5.3	ascii	encode-core-hot	drop	E2	6	39181.61	480	0
P5.3	ascii	encode-core-hot	drop	E	6	40634.48	435	0
P5.3	ascii	encode-core-hot	drop	R	6	39973.70	452	0
P5.3	ascii	encode-core-hot	drop	E	7	39519.64	435	0
P5.3	ascii	encode-core-hot	drop	R	7	38163.68	452	0
P5.3	ascii	encode-core-hot	drop	E2	7	41446.61	480	0
P5.3	ascii	encode-core-hot	drop	R	8	38776.60	452	0
P5.3	ascii	encode-core-hot	drop	E2	8	39633.82	480	0
P5.3	ascii	encode-core-hot	drop	E	8	40225.52	435	0
P5.3	ascii	encode-core-hot	drop	E2	9	39543.87	480	0
P5.3	ascii	encode-core-hot	drop	E	9	39817.95	435	0
P5.3	ascii	encode-core-hot	drop	R	9	39853.32	452	0
P5.3	ascii	encode-core-hot	drop	E	10	39766.05	435	0
P5.3	ascii	encode-core-hot	drop	R	10	40037.87	452	0
P5.3	ascii	encode-core-hot	drop	E2	10	42199.73	480	0
P5.3	ascii	encode-core-hot	drop	R	11	38522.84	452	0
P5.3	ascii	encode-core-hot	drop	E2	11	39654.20	480	0
P5.3	ascii	encode-core-hot	drop	E	11	42067.17	435	0
P5.3	ascii	encode-core-hot	drop	E2	12	40874.11	480	0
P5.3	ascii	encode-core-hot	drop	E	12	40811.34	435	0
P5.3	ascii	encode-core-hot	drop	R	12	38842.30	452	0
P5.3	ascii	encode-core-hot	drop	E	13	41595.86	435	0
P5.3	ascii	encode-core-hot	drop	R	13	40917.97	452	0
P5.3	ascii	encode-core-hot	drop	E2	13	42700.64	480	0
P5.3	ascii	encode-core-hot	drop	R	14	38572.56	452	0
P5.3	ascii	encode-core-hot	drop	E2	14	40918.26	480	0
P5.3	ascii	encode-core-hot	drop	E	14	42343.46	435	0
P5.3	ascii	encode-core-hot	drop	E2	15	39685.55	480	0
P5.3	ascii	encode-core-hot	drop	E	15	42657.11	435	0
P5.3	ascii	encode-core-hot	drop	R	15	39984.28	452	0
P5.3	ascii	encode-core-hot	drop	E	16	41316.28	435	0
P5.3	ascii	encode-core-hot	drop	R	16	39140.06	452	0
P5.3	ascii	encode-core-hot	drop	E2	16	40135.08	480	0
P5.3	ascii	encode-core-hot	drop	R	17	37974.76	452	0
P5.3	ascii	encode-core-hot	drop	E2	17	40749.71	480	0
P5.3	ascii	encode-core-hot	drop	E	17	39979.56	435	0
P5.3	ascii	encode-core-hot	drop	E2	18	39271.06	480	0
P5.3	ascii	encode-core-hot	drop	E	18	39197.80	435	0
P5.3	ascii	encode-core-hot	drop	R	18	39257.85	452	0
P5.3	ascii	encode-core-hot	drop	E	19	39866.23	435	0
P5.3	ascii	encode-core-hot	drop	R	19	38610.55	452	0
P5.3	ascii	encode-core-hot	drop	E2	19	40126.78	480	0
P5.3	ascii	encode-core-hot	drop	R	20	38974.30	452	0
P5.3	ascii	encode-core-hot	drop	E2	20	42081.25	480	0
P5.3	ascii	encode-core-hot	drop	E	20	41846.64	435	0
P5.3	ascii	encode-core-hot	drop	E2	21	45611.11	480	0
P5.3	ascii	encode-core-hot	drop	E	21	41548.59	435	0
P5.3	ascii	encode-core-hot	drop	R	21	39821.24	452	0
P5.3	ascii	encode-core-hot	retain	E	1	43792.88	432	0
P5.3	ascii	encode-core-hot	retain	R	1	40691.41	436	0
P5.3	ascii	encode-core-hot	retain	E2	1	46236.80	460	0
P5.3	ascii	encode-core-hot	retain	R	2	46280.64	436	0
P5.3	ascii	encode-core-hot	retain	E2	2	44438.55	460	0
P5.3	ascii	encode-core-hot	retain	E	2	49070.88	432	0
P5.3	ascii	encode-core-hot	retain	E2	3	49808.63	460	0
P5.3	ascii	encode-core-hot	retain	E	3	50126.39	432	0
P5.3	ascii	encode-core-hot	retain	R	3	44916.85	436	0
P5.3	ascii	encode-core-hot	retain	E	4	48246.39	432	0
P5.3	ascii	encode-core-hot	retain	R	4	44332.06	436	0
P5.3	ascii	encode-core-hot	retain	E2	4	45175.77	460	0
P5.3	ascii	encode-core-hot	retain	R	5	46781.44	436	0
P5.3	ascii	encode-core-hot	retain	E2	5	48699.54	460	0
P5.3	ascii	encode-core-hot	retain	E	5	44859.19	432	0
P5.3	ascii	encode-core-hot	retain	E2	6	42931.57	460	0
P5.3	ascii	encode-core-hot	retain	E	6	44942.04	432	0
P5.3	ascii	encode-core-hot	retain	R	6	42520.87	436	0
P5.3	ascii	encode-core-hot	retain	E	7	43608.14	432	0
P5.3	ascii	encode-core-hot	retain	R	7	44070.31	436	0
P5.3	ascii	encode-core-hot	retain	E2	7	46108.23	460	0
P5.3	ascii	encode-core-hot	retain	R	8	41563.75	436	0
P5.3	ascii	encode-core-hot	retain	E2	8	42375.86	460	0
P5.3	ascii	encode-core-hot	retain	E	8	42568.69	432	0
P5.3	ascii	encode-core-hot	retain	E2	9	42691.02	460	0
P5.3	ascii	encode-core-hot	retain	E	9	43124.08	432	0
P5.3	ascii	encode-core-hot	retain	R	9	42737.45	436	0
P5.3	ascii	encode-core-hot	retain	E	10	43867.78	432	0
P5.3	ascii	encode-core-hot	retain	R	10	47682.64	436	0
P5.3	ascii	encode-core-hot	retain	E2	10	44792.78	460	0
P5.3	ascii	encode-core-hot	retain	R	11	42001.68	436	0
P5.3	ascii	encode-core-hot	retain	E2	11	43719.10	460	0
P5.3	ascii	encode-core-hot	retain	E	11	45114.79	432	0
P5.3	ascii	encode-core-hot	retain	E2	12	47526.31	460	0
P5.3	ascii	encode-core-hot	retain	E	12	44936.90	432	0
P5.3	ascii	encode-core-hot	retain	R	12	43820.61	436	0
P5.3	ascii	encode-core-hot	retain	E	13	43745.41	432	0
P5.3	ascii	encode-core-hot	retain	R	13	43134.37	436	0
P5.3	ascii	encode-core-hot	retain	E2	13	45460.57	460	0
P5.3	ascii	encode-core-hot	retain	R	14	41539.08	436	0
P5.3	ascii	encode-core-hot	retain	E2	14	43282.36	460	0
P5.3	ascii	encode-core-hot	retain	E	14	45633.72	432	0
P5.3	ascii	encode-core-hot	retain	E2	15	43493.56	460	0
P5.3	ascii	encode-core-hot	retain	E	15	43799.23	432	0
P5.3	ascii	encode-core-hot	retain	R	15	44283.89	436	0
P5.3	ascii	encode-core-hot	retain	E	16	42920.09	432	0
P5.3	ascii	encode-core-hot	retain	R	16	43881.39	436	0
P5.3	ascii	encode-core-hot	retain	E2	16	43227.53	460	0
P5.3	ascii	encode-core-hot	retain	R	17	40638.32	436	0
P5.3	ascii	encode-core-hot	retain	E2	17	42737.88	460	0
P5.3	ascii	encode-core-hot	retain	E	17	42060.67	432	0
P5.3	ascii	encode-core-hot	retain	E2	18	42324.80	460	0
P5.3	ascii	encode-core-hot	retain	E	18	42443.39	432	0
P5.3	ascii	encode-core-hot	retain	R	18	39435.84	436	0
P5.3	ascii	encode-core-hot	retain	E	19	41680.74	432	0
P5.3	ascii	encode-core-hot	retain	R	19	40367.38	436	0
P5.3	ascii	encode-core-hot	retain	E2	19	42020.38	460	0
P5.3	ascii	encode-core-hot	retain	R	20	40554.29	436	0
P5.3	ascii	encode-core-hot	retain	E2	20	41443.93	460	0
P5.3	ascii	encode-core-hot	retain	E	20	41633.86	432	0
P5.3	ascii	encode-core-hot	retain	E2	21	41715.74	460	0
P5.3	ascii	encode-core-hot	retain	E	21	42170.80	432	0
P5.3	ascii	encode-core-hot	retain	R	21	40606.04	436	0
P5.3	ascii	decode-read	drop	E	1	510795.41	32	1
P5.3	ascii	decode-read	drop	R	1	552527.15	40	0
P5.3	ascii	decode-read	drop	E2	1	562354.46	24	1
P5.3	ascii	decode-read	drop	R	2	527396.75	40	0
P5.3	ascii	decode-read	drop	E2	2	553292.92	24	1
P5.3	ascii	decode-read	drop	E	2	577606.22	32	1
P5.3	ascii	decode-read	drop	E2	3	550734.12	24	1
P5.3	ascii	decode-read	drop	E	3	570993.09	32	1
P5.3	ascii	decode-read	drop	R	3	561501.32	40	0
P5.3	ascii	decode-read	drop	E	4	541334.06	32	1
P5.3	ascii	decode-read	drop	R	4	544736.07	40	0
P5.3	ascii	decode-read	drop	E2	4	527301.17	24	1
P5.3	ascii	decode-read	drop	R	5	592861.55	40	0
P5.3	ascii	decode-read	drop	E2	5	561742.33	24	1
P5.3	ascii	decode-read	drop	E	5	554317.06	32	1
P5.3	ascii	decode-read	drop	E2	6	556427.12	24	1
P5.3	ascii	decode-read	drop	E	6	540843.00	32	1
P5.3	ascii	decode-read	drop	R	6	538544.35	40	0
P5.3	ascii	decode-read	drop	E	7	527429.41	32	1
P5.3	ascii	decode-read	drop	R	7	539879.03	40	0
P5.3	ascii	decode-read	drop	E2	7	487611.67	24	1
P5.3	ascii	decode-read	drop	R	8	551137.00	40	0
P5.3	ascii	decode-read	drop	E2	8	555111.25	24	1
P5.3	ascii	decode-read	drop	E	8	559301.81	32	1
P5.3	ascii	decode-read	drop	E2	9	570339.62	24	1
P5.3	ascii	decode-read	drop	E	9	562293.62	32	1
P5.3	ascii	decode-read	drop	R	9	565219.38	40	0
P5.3	ascii	decode-read	drop	E	10	473320.53	32	1
P5.3	ascii	decode-read	drop	R	10	494597.45	40	0
P5.3	ascii	decode-read	drop	E2	10	554057.62	24	1
P5.3	ascii	decode-read	drop	R	11	519427.25	40	0
P5.3	ascii	decode-read	drop	E2	11	533610.92	24	1
P5.3	ascii	decode-read	drop	E	11	518651.56	32	1
P5.3	ascii	decode-read	drop	E2	12	531295.71	24	1
P5.3	ascii	decode-read	drop	E	12	496066.75	32	1
P5.3	ascii	decode-read	drop	R	12	445837.08	40	0
P5.3	ascii	decode-read	drop	E	13	558677.38	32	1
P5.3	ascii	decode-read	drop	R	13	536920.00	40	0
P5.3	ascii	decode-read	drop	E2	13	538922.50	24	1
P5.3	ascii	decode-read	drop	R	14	1748655.88	40	0
P5.3	ascii	decode-read	drop	E2	14	4774426.83	24	1
P5.3	ascii	decode-read	drop	E	14	5232993.88	32	1
P5.3	ascii	decode-read	drop	E2	15	4394794.58	24	1
P5.3	ascii	decode-read	drop	E	15	2796302.19	32	1
P5.3	ascii	decode-read	drop	R	15	747537.03	40	0
P5.3	ascii	decode-read	drop	E	16	1560873.16	32	1
P5.3	ascii	decode-read	drop	R	16	504891.47	40	0
P5.3	ascii	decode-read	drop	E2	16	570932.50	24	1
P5.3	ascii	decode-read	drop	R	17	583872.35	40	0
P5.3	ascii	decode-read	drop	E2	17	571128.54	24	1
P5.3	ascii	decode-read	drop	E	17	794224.94	32	1
P5.3	ascii	decode-read	drop	E2	18	1490098.21	24	1
P5.3	ascii	decode-read	drop	E	18	539452.84	32	1
P5.3	ascii	decode-read	drop	R	18	648394.10	40	0
P5.3	ascii	decode-read	drop	E	19	567752.38	32	1
P5.3	ascii	decode-read	drop	R	19	532237.80	40	0
P5.3	ascii	decode-read	drop	E2	19	940595.71	24	1
P5.3	ascii	decode-read	drop	R	20	2086684.07	40	0
P5.3	ascii	decode-read	drop	E2	20	5718528.58	24	1
P5.3	ascii	decode-read	drop	E	20	2716583.03	32	1
P5.3	ascii	decode-read	drop	E2	21	4513986.21	24	1
P5.3	ascii	decode-read	drop	E	21	1625850.03	32	1
P5.3	ascii	decode-read	drop	R	21	2132361.08	40	0
P5.3	ascii	decode-read	retain	E	1	398006.58	43	1
P5.3	ascii	decode-read	retain	R	1	374870.43	37	0
P5.3	ascii	decode-read	retain	E2	1	402958.25	57	1
P5.3	ascii	decode-read	retain	R	2	422424.68	37	0
P5.3	ascii	decode-read	retain	E2	2	403406.16	57	1
P5.3	ascii	decode-read	retain	E	2	407902.58	43	1
P5.3	ascii	decode-read	retain	E2	3	483204.77	57	1
P5.3	ascii	decode-read	retain	E	3	375110.40	43	1
P5.3	ascii	decode-read	retain	R	3	412068.51	37	0
P5.3	ascii	decode-read	retain	E	4	372750.28	43	1
P5.3	ascii	decode-read	retain	R	4	399541.49	37	0
P5.3	ascii	decode-read	retain	E2	4	772427.82	57	1
P5.3	ascii	decode-read	retain	R	5	918533.89	37	0
P5.3	ascii	decode-read	retain	E2	5	429030.42	57	1
P5.3	ascii	decode-read	retain	E	5	383335.14	43	1
P5.3	ascii	decode-read	retain	E2	6	439688.19	57	1
P5.3	ascii	decode-read	retain	E	6	390719.21	43	1
P5.3	ascii	decode-read	retain	R	6	431302.27	37	0
P5.3	ascii	decode-read	retain	E	7	365951.28	43	1
P5.3	ascii	decode-read	retain	R	7	428742.22	37	0
P5.3	ascii	decode-read	retain	E2	7	443018.65	57	1
P5.3	ascii	decode-read	retain	R	8	381561.32	37	0
P5.3	ascii	decode-read	retain	E2	8	336033.53	57	1
P5.3	ascii	decode-read	retain	E	8	368986.07	43	1
P5.3	ascii	decode-read	retain	E2	9	425177.32	57	1
P5.3	ascii	decode-read	retain	E	9	362938.49	43	1
P5.3	ascii	decode-read	retain	R	9	437065.35	37	0
P5.3	ascii	decode-read	retain	E	10	439578.14	43	1
P5.3	ascii	decode-read	retain	R	10	412353.35	37	0
P5.3	ascii	decode-read	retain	E2	10	409357.46	57	1
P5.3	ascii	decode-read	retain	R	11	463860.08	37	0
P5.3	ascii	decode-read	retain	E2	11	397985.77	57	1
P5.3	ascii	decode-read	retain	E	11	346247.49	43	1
P5.3	ascii	decode-read	retain	E2	12	446854.98	57	1
P5.3	ascii	decode-read	retain	E	12	366345.93	43	1
P5.3	ascii	decode-read	retain	R	12	401385.35	37	0
P5.3	ascii	decode-read	retain	E	13	331456.21	43	1
P5.3	ascii	decode-read	retain	R	13	377615.08	37	0
P5.3	ascii	decode-read	retain	E2	13	373397.77	57	1
P5.3	ascii	decode-read	retain	R	14	376724.30	37	0
P5.3	ascii	decode-read	retain	E2	14	384442.72	57	1
P5.3	ascii	decode-read	retain	E	14	519995.77	43	1
P5.3	ascii	decode-read	retain	E2	15	419751.68	57	1
P5.3	ascii	decode-read	retain	E	15	313074.95	43	1
P5.3	ascii	decode-read	retain	R	15	391586.32	37	0
P5.3	ascii	decode-read	retain	E	16	435632.84	43	1
P5.3	ascii	decode-read	retain	R	16	403465.27	37	0
P5.3	ascii	decode-read	retain	E2	16	410323.02	57	1
P5.3	ascii	decode-read	retain	R	17	404918.76	37	0
P5.3	ascii	decode-read	retain	E2	17	380271.28	57	1
P5.3	ascii	decode-read	retain	E	17	416325.88	43	1
P5.3	ascii	decode-read	retain	E2	18	528373.04	57	1
P5.3	ascii	decode-read	retain	E	18	428779.07	43	1
P5.3	ascii	decode-read	retain	R	18	395160.92	37	0
P5.3	ascii	decode-read	retain	E	19	397198.47	43	1
P5.3	ascii	decode-read	retain	R	19	399950.27	37	0
P5.3	ascii	decode-read	retain	E2	19	384077.75	57	1
P5.3	ascii	decode-read	retain	R	20	362640.03	37	0
P5.3	ascii	decode-read	retain	E2	20	396447.75	57	1
P5.3	ascii	decode-read	retain	E	20	372608.00	43	1
P5.3	ascii	decode-read	retain	E2	21	382318.18	57	1
P5.3	ascii	decode-read	retain	E	21	389584.60	43	1
P5.3	ascii	decode-read	retain	R	21	379951.70	37	0
P5.4	ascii	encode-core-hot	drop	E	1	314502.34	62	0
P5.4	ascii	encode-core-hot	drop	R	1	316849.34	29	0
P5.4	ascii	encode-core-hot	drop	E2	1	318250.92	63	0
P5.4	ascii	encode-core-hot	drop	R	2	309059.34	29	0
P5.4	ascii	encode-core-hot	drop	E2	2	317908.71	63	0
P5.4	ascii	encode-core-hot	drop	E	2	315344.15	62	0
P5.4	ascii	encode-core-hot	drop	E2	3	324363.22	63	0
P5.4	ascii	encode-core-hot	drop	E	3	310291.71	62	0
P5.4	ascii	encode-core-hot	drop	R	3	313210.14	29	0
P5.4	ascii	encode-core-hot	drop	E	4	310181.18	62	0
P5.4	ascii	encode-core-hot	drop	R	4	309801.07	29	0
P5.4	ascii	encode-core-hot	drop	E2	4	309430.41	63	0
P5.4	ascii	encode-core-hot	drop	R	5	312515.17	29	0
P5.4	ascii	encode-core-hot	drop	E2	5	315528.16	63	0
P5.4	ascii	encode-core-hot	drop	E	5	315413.42	62	0
P5.4	ascii	encode-core-hot	drop	E2	6	313647.97	63	0
P5.4	ascii	encode-core-hot	drop	E	6	311546.29	62	0
P5.4	ascii	encode-core-hot	drop	R	6	310643.97	29	0
P5.4	ascii	encode-core-hot	drop	E	7	311125.74	62	0
P5.4	ascii	encode-core-hot	drop	R	7	306936.90	29	0
P5.4	ascii	encode-core-hot	drop	E2	7	312062.21	63	0
P5.4	ascii	encode-core-hot	drop	R	8	315236.24	29	0
P5.4	ascii	encode-core-hot	drop	E2	8	313032.11	63	0
P5.4	ascii	encode-core-hot	drop	E	8	309533.31	62	0
P5.4	ascii	encode-core-hot	drop	E2	9	316174.81	63	0
P5.4	ascii	encode-core-hot	drop	E	9	312675.40	62	0
P5.4	ascii	encode-core-hot	drop	R	9	317659.24	29	0
P5.4	ascii	encode-core-hot	drop	E	10	312201.60	62	0
P5.4	ascii	encode-core-hot	drop	R	10	316405.83	29	0
P5.4	ascii	encode-core-hot	drop	E2	10	310983.49	63	0
P5.4	ascii	encode-core-hot	drop	R	11	307259.55	29	0
P5.4	ascii	encode-core-hot	drop	E2	11	313992.97	63	0
P5.4	ascii	encode-core-hot	drop	E	11	312599.82	62	0
P5.4	ascii	encode-core-hot	drop	E2	12	312145.19	63	0
P5.4	ascii	encode-core-hot	drop	E	12	310148.32	62	0
P5.4	ascii	encode-core-hot	drop	R	12	319299.24	29	0
P5.4	ascii	encode-core-hot	drop	E	13	312130.00	62	0
P5.4	ascii	encode-core-hot	drop	R	13	316060.07	29	0
P5.4	ascii	encode-core-hot	drop	E2	13	310878.29	63	0
P5.4	ascii	encode-core-hot	drop	R	14	314211.38	29	0
P5.4	ascii	encode-core-hot	drop	E2	14	313079.65	63	0
P5.4	ascii	encode-core-hot	drop	E	14	309662.61	62	0
P5.4	ascii	encode-core-hot	drop	E2	15	303099.59	63	0
P5.4	ascii	encode-core-hot	drop	E	15	303095.16	62	0
P5.4	ascii	encode-core-hot	drop	R	15	306223.07	29	0
P5.4	ascii	encode-core-hot	drop	E	16	302265.85	62	0
P5.4	ascii	encode-core-hot	drop	R	16	300545.59	29	0
P5.4	ascii	encode-core-hot	drop	E2	16	302228.83	63	0
P5.4	ascii	encode-core-hot	drop	R	17	294421.97	29	0
P5.4	ascii	encode-core-hot	drop	E2	17	297589.95	63	0
P5.4	ascii	encode-core-hot	drop	E	17	307432.55	62	0
P5.4	ascii	encode-core-hot	drop	E2	18	296544.54	63	0
P5.4	ascii	encode-core-hot	drop	E	18	296996.03	62	0
P5.4	ascii	encode-core-hot	drop	R	18	302713.59	29	0
P5.4	ascii	encode-core-hot	drop	E	19	301604.55	62	0
P5.4	ascii	encode-core-hot	drop	R	19	297434.38	29	0
P5.4	ascii	encode-core-hot	drop	E2	19	303734.87	63	0
P5.4	ascii	encode-core-hot	drop	R	20	318005.97	29	0
P5.4	ascii	encode-core-hot	drop	E2	20	307471.21	63	0
P5.4	ascii	encode-core-hot	drop	E	20	303845.23	62	0
P5.4	ascii	encode-core-hot	drop	E2	21	300024.86	63	0
P5.4	ascii	encode-core-hot	drop	E	21	299335.42	62	0
P5.4	ascii	encode-core-hot	drop	R	21	306120.59	29	0
P5.4	ascii	encode-core-hot	retain	E	1	293019.65	68	0
P5.4	ascii	encode-core-hot	retain	R	1	297650.94	64	0
P5.4	ascii	encode-core-hot	retain	E2	1	292974.97	68	0
P5.4	ascii	encode-core-hot	retain	R	2	291970.19	64	0
P5.4	ascii	encode-core-hot	retain	E2	2	297427.82	68	0
P5.4	ascii	encode-core-hot	retain	E	2	305674.34	68	0
P5.4	ascii	encode-core-hot	retain	E2	3	309256.24	68	0
P5.4	ascii	encode-core-hot	retain	E	3	297210.84	68	0
P5.4	ascii	encode-core-hot	retain	R	3	301029.91	64	0
P5.4	ascii	encode-core-hot	retain	E	4	295165.03	68	0
P5.4	ascii	encode-core-hot	retain	R	4	293211.78	64	0
P5.4	ascii	encode-core-hot	retain	E2	4	304288.10	68	0
P5.4	ascii	encode-core-hot	retain	R	5	293037.02	64	0
P5.4	ascii	encode-core-hot	retain	E2	5	291800.04	68	0
P5.4	ascii	encode-core-hot	retain	E	5	286911.69	68	0
P5.4	ascii	encode-core-hot	retain	E2	6	285542.78	68	0
P5.4	ascii	encode-core-hot	retain	E	6	289648.34	68	0
P5.4	ascii	encode-core-hot	retain	R	6	294886.31	64	0
P5.4	ascii	encode-core-hot	retain	E	7	287652.57	68	0
P5.4	ascii	encode-core-hot	retain	R	7	282669.80	64	0
P5.4	ascii	encode-core-hot	retain	E2	7	279583.16	68	0
P5.4	ascii	encode-core-hot	retain	R	8	286037.58	64	0
P5.4	ascii	encode-core-hot	retain	E2	8	283263.56	68	0
P5.4	ascii	encode-core-hot	retain	E	8	290281.04	68	0
P5.4	ascii	encode-core-hot	retain	E2	9	283810.66	68	0
P5.4	ascii	encode-core-hot	retain	E	9	281654.26	68	0
P5.4	ascii	encode-core-hot	retain	R	9	282408.06	64	0
P5.4	ascii	encode-core-hot	retain	E	10	286053.88	68	0
P5.4	ascii	encode-core-hot	retain	R	10	284398.45	64	0
P5.4	ascii	encode-core-hot	retain	E2	10	284988.12	68	0
P5.4	ascii	encode-core-hot	retain	R	11	280327.20	64	0
P5.4	ascii	encode-core-hot	retain	E2	11	279286.99	68	0
P5.4	ascii	encode-core-hot	retain	E	11	281566.76	68	0
P5.4	ascii	encode-core-hot	retain	E2	12	284214.96	68	0
P5.4	ascii	encode-core-hot	retain	E	12	280391.07	68	0
P5.4	ascii	encode-core-hot	retain	R	12	286668.73	64	0
P5.4	ascii	encode-core-hot	retain	E	13	282025.56	68	0
P5.4	ascii	encode-core-hot	retain	R	13	282752.91	64	0
P5.4	ascii	encode-core-hot	retain	E2	13	280958.85	68	0
P5.4	ascii	encode-core-hot	retain	R	14	280975.58	64	0
P5.4	ascii	encode-core-hot	retain	E2	14	292393.75	68	0
P5.4	ascii	encode-core-hot	retain	E	14	286191.16	68	0
P5.4	ascii	encode-core-hot	retain	E2	15	291571.10	68	0
P5.4	ascii	encode-core-hot	retain	E	15	282026.32	68	0
P5.4	ascii	encode-core-hot	retain	R	15	289111.70	64	0
P5.4	ascii	encode-core-hot	retain	E	16	297242.71	68	0
P5.4	ascii	encode-core-hot	retain	R	16	285171.31	64	0
P5.4	ascii	encode-core-hot	retain	E2	16	275978.49	68	0
P5.4	ascii	encode-core-hot	retain	R	17	294668.55	64	0
P5.4	ascii	encode-core-hot	retain	E2	17	286954.56	68	0
P5.4	ascii	encode-core-hot	retain	E	17	283655.37	68	0
P5.4	ascii	encode-core-hot	retain	E2	18	275424.21	68	0
P5.4	ascii	encode-core-hot	retain	E	18	276847.49	68	0
P5.4	ascii	encode-core-hot	retain	R	18	279898.03	64	0
P5.4	ascii	encode-core-hot	retain	E	19	280791.90	68	0
P5.4	ascii	encode-core-hot	retain	R	19	294579.64	64	0
P5.4	ascii	encode-core-hot	retain	E2	19	293435.66	68	0
P5.4	ascii	encode-core-hot	retain	R	20	288368.72	64	0
P5.4	ascii	encode-core-hot	retain	E2	20	292028.94	68	0
P5.4	ascii	encode-core-hot	retain	E	20	291047.34	68	0
P5.4	ascii	encode-core-hot	retain	E2	21	299275.56	68	0
P5.4	ascii	encode-core-hot	retain	E	21	286176.93	68	0
P5.4	ascii	encode-core-hot	retain	R	21	293172.02	64	0
P5.4	ascii	decode-read	drop	E	1	2099481.00	7	1
P5.4	ascii	decode-read	drop	R	1	1696552.00	7	0
P5.4	ascii	decode-read	drop	E2	1	1314209.00	5	1
P5.4	ascii	decode-read	drop	R	2	1904946.86	7	0
P5.4	ascii	decode-read	drop	E2	2	1630421.20	5	1
P5.4	ascii	decode-read	drop	E	2	1668474.14	7	1
P5.4	ascii	decode-read	drop	E2	3	2108403.00	5	1
P5.4	ascii	decode-read	drop	E	3	1468113.71	7	1
P5.4	ascii	decode-read	drop	R	3	2517571.57	7	0
P5.4	ascii	decode-read	drop	E	4	1779127.71	7	1
P5.4	ascii	decode-read	drop	R	4	1979060.14	7	0
P5.4	ascii	decode-read	drop	E2	4	687196.80	5	1
P5.4	ascii	decode-read	drop	R	5	2142651.14	7	0
P5.4	ascii	decode-read	drop	E2	5	2665220.60	5	1
P5.4	ascii	decode-read	drop	E	5	985160.71	7	1
P5.4	ascii	decode-read	drop	E2	6	1931530.00	5	1
P5.4	ascii	decode-read	drop	E	6	1124698.29	7	1
P5.4	ascii	decode-read	drop	R	6	2181790.43	7	0
P5.4	ascii	decode-read	drop	E	7	1004092.57	7	1
P5.4	ascii	decode-read	drop	R	7	1970440.57	7	0
P5.4	ascii	decode-read	drop	E2	7	723127.60	5	1
P5.4	ascii	decode-read	drop	R	8	2114288.71	7	0
P5.4	ascii	decode-read	drop	E2	8	620398.80	5	1
P5.4	ascii	decode-read	drop	E	8	1842227.29	7	1
P5.4	ascii	decode-read	drop	E2	9	1420011.20	5	1
P5.4	ascii	decode-read	drop	E	9	1533444.00	7	1
P5.4	ascii	decode-read	drop	R	9	1147637.29	7	0
P5.4	ascii	decode-read	drop	E	10	1803642.29	7	1
P5.4	ascii	decode-read	drop	R	10	1071083.29	7	0
P5.4	ascii	decode-read	drop	E2	10	1896534.60	5	1
P5.4	ascii	decode-read	drop	R	11	1469916.43	7	0
P5.4	ascii	decode-read	drop	E2	11	1781461.60	5	1
P5.4	ascii	decode-read	drop	E	11	2484090.71	7	1
P5.4	ascii	decode-read	drop	E2	12	1118659.40	5	1
P5.4	ascii	decode-read	drop	E	12	1457447.57	7	1
P5.4	ascii	decode-read	drop	R	12	1450991.00	7	0
P5.4	ascii	decode-read	drop	E	13	2124738.43	7	1
P5.4	ascii	decode-read	drop	R	13	1859582.86	7	0
P5.4	ascii	decode-read	drop	E2	13	1127866.00	5	1
P5.4	ascii	decode-read	drop	R	14	1935952.43	7	0
P5.4	ascii	decode-read	drop	E2	14	1315044.40	5	1
P5.4	ascii	decode-read	drop	E	14	1909344.71	7	1
P5.4	ascii	decode-read	drop	E2	15	740336.40	5	1
P5.4	ascii	decode-read	drop	E	15	2315897.86	7	1
P5.4	ascii	decode-read	drop	R	15	1209011.71	7	0
P5.4	ascii	decode-read	drop	E	16	2059096.29	7	1
P5.4	ascii	decode-read	drop	R	16	1137193.43	7	0
P5.4	ascii	decode-read	drop	E2	16	2562538.80	5	1
P5.4	ascii	decode-read	drop	R	17	1169810.29	7	0
P5.4	ascii	decode-read	drop	E2	17	2312607.80	5	1
P5.4	ascii	decode-read	drop	E	17	1437013.43	7	1
P5.4	ascii	decode-read	drop	E2	18	2827607.60	5	1
P5.4	ascii	decode-read	drop	E	18	2661062.86	7	1
P5.4	ascii	decode-read	drop	R	18	1060934.43	7	0
P5.4	ascii	decode-read	drop	E	19	1946479.71	7	1
P5.4	ascii	decode-read	drop	R	19	1349042.86	7	0
P5.4	ascii	decode-read	drop	E2	19	2200228.40	5	1
P5.4	ascii	decode-read	drop	R	20	1051242.71	7	0
P5.4	ascii	decode-read	drop	E2	20	2424977.20	5	1
P5.4	ascii	decode-read	drop	E	20	1002236.71	7	1
P5.4	ascii	decode-read	drop	E2	21	2051866.80	5	1
P5.4	ascii	decode-read	drop	E	21	1182329.29	7	1
P5.4	ascii	decode-read	drop	R	21	2215868.14	7	0
P5.4	ascii	decode-read	retain	E	1	734502.61	28	1
P5.4	ascii	decode-read	retain	R	1	746367.76	25	0
P5.4	ascii	decode-read	retain	E2	1	735985.52	31	1
P5.4	ascii	decode-read	retain	R	2	685151.64	25	0
P5.4	ascii	decode-read	retain	E2	2	741365.42	31	1
P5.4	ascii	decode-read	retain	E	2	741911.75	28	1
P5.4	ascii	decode-read	retain	E2	3	683493.00	31	1
P5.4	ascii	decode-read	retain	E	3	699526.43	28	1
P5.4	ascii	decode-read	retain	R	3	805613.60	25	0
P5.4	ascii	decode-read	retain	E	4	769143.21	28	1
P5.4	ascii	decode-read	retain	R	4	697884.52	25	0
P5.4	ascii	decode-read	retain	E2	4	743211.65	31	1
P5.4	ascii	decode-read	retain	R	5	708572.68	25	0
P5.4	ascii	decode-read	retain	E2	5	736157.16	31	1
P5.4	ascii	decode-read	retain	E	5	743126.04	28	1
P5.4	ascii	decode-read	retain	E2	6	679332.19	31	1
P5.4	ascii	decode-read	retain	E	6	704797.14	28	1
P5.4	ascii	decode-read	retain	R	6	785379.68	25	0
P5.4	ascii	decode-read	retain	E	7	703206.89	28	1
P5.4	ascii	decode-read	retain	R	7	717981.72	25	0
P5.4	ascii	decode-read	retain	E2	7	722693.58	31	1
P5.4	ascii	decode-read	retain	R	8	727406.80	25	0
P5.4	ascii	decode-read	retain	E2	8	737491.35	31	1
P5.4	ascii	decode-read	retain	E	8	671967.96	28	1
P5.4	ascii	decode-read	retain	E2	9	705106.87	31	1
P5.4	ascii	decode-read	retain	E	9	700942.21	28	1
P5.4	ascii	decode-read	retain	R	9	742475.52	25	0
P5.4	ascii	decode-read	retain	E	10	707660.32	28	1
P5.4	ascii	decode-read	retain	R	10	683688.76	25	0
P5.4	ascii	decode-read	retain	E2	10	666691.39	31	1
P5.4	ascii	decode-read	retain	R	11	661085.04	25	0
P5.4	ascii	decode-read	retain	E2	11	674185.48	31	1
P5.4	ascii	decode-read	retain	E	11	738344.71	28	1
P5.4	ascii	decode-read	retain	E2	12	674832.58	31	1
P5.4	ascii	decode-read	retain	E	12	703774.14	28	1
P5.4	ascii	decode-read	retain	R	12	675272.28	25	0
P5.4	ascii	decode-read	retain	E	13	752381.14	28	1
P5.4	ascii	decode-read	retain	R	13	678574.20	25	0
P5.4	ascii	decode-read	retain	E2	13	713097.52	31	1
P5.4	ascii	decode-read	retain	R	14	729609.24	25	0
P5.4	ascii	decode-read	retain	E2	14	691243.90	31	1
P5.4	ascii	decode-read	retain	E	14	674355.46	28	1
P5.4	ascii	decode-read	retain	E2	15	678034.10	31	1
P5.4	ascii	decode-read	retain	E	15	588046.54	28	1
P5.4	ascii	decode-read	retain	R	15	691375.20	25	0
P5.4	ascii	decode-read	retain	E	16	701338.57	28	1
P5.4	ascii	decode-read	retain	R	16	670380.72	25	0
P5.4	ascii	decode-read	retain	E2	16	742410.61	31	1
P5.4	ascii	decode-read	retain	R	17	736957.92	25	0
P5.4	ascii	decode-read	retain	E2	17	657700.10	31	1
P5.4	ascii	decode-read	retain	E	17	689057.43	28	1
P5.4	ascii	decode-read	retain	E2	18	588533.61	31	1
P5.4	ascii	decode-read	retain	E	18	631297.96	28	1
P5.4	ascii	decode-read	retain	R	18	650515.84	25	0
P5.4	ascii	decode-read	retain	E	19	665504.07	28	1
P5.4	ascii	decode-read	retain	R	19	731342.76	25	0
P5.4	ascii	decode-read	retain	E2	19	708292.19	31	1
P5.4	ascii	decode-read	retain	R	20	745661.64	25	0
P5.4	ascii	decode-read	retain	E2	20	659303.84	31	1
P5.4	ascii	decode-read	retain	E	20	614650.89	28	1
P5.4	ascii	decode-read	retain	E2	21	744335.16	31	1
P5.4	ascii	decode-read	retain	E	21	626764.46	28	1
P5.4	ascii	decode-read	retain	R	21	625212.40	25	0
P6.1	ascii	encode-core-hot	drop	E	1	116307.26	163	0
P6.1	ascii	encode-core-hot	drop	R	1	116865.93	172	0
P6.1	ascii	encode-core-hot	drop	E2	1	116676.91	172	0
P6.1	ascii	encode-core-hot	drop	R	2	117578.90	172	0
P6.1	ascii	encode-core-hot	drop	E2	2	118583.44	172	0
P6.1	ascii	encode-core-hot	drop	E	2	117927.30	163	0
P6.1	ascii	encode-core-hot	drop	E2	3	117323.67	172	0
P6.1	ascii	encode-core-hot	drop	E	3	121327.29	163	0
P6.1	ascii	encode-core-hot	drop	R	3	117632.11	172	0
P6.1	ascii	encode-core-hot	drop	E	4	122929.75	163	0
P6.1	ascii	encode-core-hot	drop	R	4	120636.44	172	0
P6.1	ascii	encode-core-hot	drop	E2	4	133297.93	172	0
P6.1	ascii	encode-core-hot	drop	R	5	121412.88	172	0
P6.1	ascii	encode-core-hot	drop	E2	5	120154.52	172	0
P6.1	ascii	encode-core-hot	drop	E	5	118276.66	163	0
P6.1	ascii	encode-core-hot	drop	E2	6	126036.83	172	0
P6.1	ascii	encode-core-hot	drop	E	6	119520.79	163	0
P6.1	ascii	encode-core-hot	drop	R	6	117291.77	172	0
P6.1	ascii	encode-core-hot	drop	E	7	120400.77	163	0
P6.1	ascii	encode-core-hot	drop	R	7	128517.17	172	0
P6.1	ascii	encode-core-hot	drop	E2	7	127866.13	172	0
P6.1	ascii	encode-core-hot	drop	R	8	123541.73	172	0
P6.1	ascii	encode-core-hot	drop	E2	8	125192.29	172	0
P6.1	ascii	encode-core-hot	drop	E	8	122182.02	163	0
P6.1	ascii	encode-core-hot	drop	E2	9	123056.53	172	0
P6.1	ascii	encode-core-hot	drop	E	9	119612.40	163	0
P6.1	ascii	encode-core-hot	drop	R	9	121982.98	172	0
P6.1	ascii	encode-core-hot	drop	E	10	126928.29	163	0
P6.1	ascii	encode-core-hot	drop	R	10	126796.23	172	0
P6.1	ascii	encode-core-hot	drop	E2	10	125600.36	172	0
P6.1	ascii	encode-core-hot	drop	R	11	134921.96	172	0
P6.1	ascii	encode-core-hot	drop	E2	11	133897.30	172	0
P6.1	ascii	encode-core-hot	drop	E	11	141310.45	163	0
P6.1	ascii	encode-core-hot	drop	E2	12	142207.44	172	0
P6.1	ascii	encode-core-hot	drop	E	12	128467.45	163	0
P6.1	ascii	encode-core-hot	drop	R	12	137141.60	172	0
P6.1	ascii	encode-core-hot	drop	E	13	146293.61	163	0
P6.1	ascii	encode-core-hot	drop	R	13	127771.83	172	0
P6.1	ascii	encode-core-hot	drop	E2	13	116407.96	172	0
P6.1	ascii	encode-core-hot	drop	R	14	117028.07	172	0
P6.1	ascii	encode-core-hot	drop	E2	14	131742.90	172	0
P6.1	ascii	encode-core-hot	drop	E	14	135248.92	163	0
P6.1	ascii	encode-core-hot	drop	E2	15	115055.90	172	0
P6.1	ascii	encode-core-hot	drop	E	15	114418.96	163	0
P6.1	ascii	encode-core-hot	drop	R	15	115895.18	172	0
P6.1	ascii	encode-core-hot	drop	E	16	118544.97	163	0
P6.1	ascii	encode-core-hot	drop	R	16	117515.77	172	0
P6.1	ascii	encode-core-hot	drop	E2	16	115227.81	172	0
P6.1	ascii	encode-core-hot	drop	R	17	124581.59	172	0
P6.1	ascii	encode-core-hot	drop	E2	17	134697.03	172	0
P6.1	ascii	encode-core-hot	drop	E	17	114039.85	163	0
P6.1	ascii	encode-core-hot	drop	E2	18	142339.00	172	0
P6.1	ascii	encode-core-hot	drop	E	18	135858.79	163	0
P6.1	ascii	encode-core-hot	drop	R	18	118909.27	172	0
P6.1	ascii	encode-core-hot	drop	E	19	117448.83	163	0
P6.1	ascii	encode-core-hot	drop	R	19	120604.72	172	0
P6.1	ascii	encode-core-hot	drop	E2	19	118511.02	172	0
P6.1	ascii	encode-core-hot	drop	R	20	116916.85	172	0
P6.1	ascii	encode-core-hot	drop	E2	20	118869.19	172	0
P6.1	ascii	encode-core-hot	drop	E	20	117229.72	163	0
P6.1	ascii	encode-core-hot	drop	E2	21	115778.47	172	0
P6.1	ascii	encode-core-hot	drop	E	21	115640.74	163	0
P6.1	ascii	encode-core-hot	drop	R	21	114700.87	172	0
P6.1	ascii	encode-core-hot	retain	E	1	121173.44	172	0
P6.1	ascii	encode-core-hot	retain	R	1	120158.19	170	0
P6.1	ascii	encode-core-hot	retain	E2	1	116410.02	166	0
P6.1	ascii	encode-core-hot	retain	R	2	117405.16	170	0
P6.1	ascii	encode-core-hot	retain	E2	2	121109.87	166	0
P6.1	ascii	encode-core-hot	retain	E	2	118149.38	172	0
P6.1	ascii	encode-core-hot	retain	E2	3	117791.51	166	0
P6.1	ascii	encode-core-hot	retain	E	3	116383.17	172	0
P6.1	ascii	encode-core-hot	retain	R	3	124495.26	170	0
P6.1	ascii	encode-core-hot	retain	E	4	118301.25	172	0
P6.1	ascii	encode-core-hot	retain	R	4	121736.36	170	0
P6.1	ascii	encode-core-hot	retain	E2	4	119635.33	166	0
P6.1	ascii	encode-core-hot	retain	R	5	125082.38	170	0
P6.1	ascii	encode-core-hot	retain	E2	5	117265.65	166	0
P6.1	ascii	encode-core-hot	retain	E	5	117675.23	172	0
P6.1	ascii	encode-core-hot	retain	E2	6	117477.85	166	0
P6.1	ascii	encode-core-hot	retain	E	6	119383.08	172	0
P6.1	ascii	encode-core-hot	retain	R	6	128848.09	170	0
P6.1	ascii	encode-core-hot	retain	E	7	122976.77	172	0
P6.1	ascii	encode-core-hot	retain	R	7	117270.41	170	0
P6.1	ascii	encode-core-hot	retain	E2	7	116348.75	166	0
P6.1	ascii	encode-core-hot	retain	R	8	116472.58	170	0
P6.1	ascii	encode-core-hot	retain	E2	8	116090.93	166	0
P6.1	ascii	encode-core-hot	retain	E	8	115487.30	172	0
P6.1	ascii	encode-core-hot	retain	E2	9	115787.12	166	0
P6.1	ascii	encode-core-hot	retain	E	9	117431.33	172	0
P6.1	ascii	encode-core-hot	retain	R	9	118042.98	170	0
P6.1	ascii	encode-core-hot	retain	E	10	115650.48	172	0
P6.1	ascii	encode-core-hot	retain	R	10	117020.09	170	0
P6.1	ascii	encode-core-hot	retain	E2	10	116393.29	166	0
P6.1	ascii	encode-core-hot	retain	R	11	117128.96	170	0
P6.1	ascii	encode-core-hot	retain	E2	11	117134.98	166	0
P6.1	ascii	encode-core-hot	retain	E	11	115826.56	172	0
P6.1	ascii	encode-core-hot	retain	E2	12	117252.67	166	0
P6.1	ascii	encode-core-hot	retain	E	12	120495.26	172	0
P6.1	ascii	encode-core-hot	retain	R	12	131409.03	170	0
P6.1	ascii	encode-core-hot	retain	E	13	119305.45	172	0
P6.1	ascii	encode-core-hot	retain	R	13	116469.89	170	0
P6.1	ascii	encode-core-hot	retain	E2	13	117237.21	166	0
P6.1	ascii	encode-core-hot	retain	R	14	116073.33	170	0
P6.1	ascii	encode-core-hot	retain	E2	14	116972.49	166	0
P6.1	ascii	encode-core-hot	retain	E	14	117133.31	172	0
P6.1	ascii	encode-core-hot	retain	E2	15	117290.93	166	0
P6.1	ascii	encode-core-hot	retain	E	15	116641.60	172	0
P6.1	ascii	encode-core-hot	retain	R	15	117992.14	170	0
P6.1	ascii	encode-core-hot	retain	E	16	118466.73	172	0
P6.1	ascii	encode-core-hot	retain	R	16	122266.97	170	0
P6.1	ascii	encode-core-hot	retain	E2	16	116231.92	166	0
P6.1	ascii	encode-core-hot	retain	R	17	117259.11	170	0
P6.1	ascii	encode-core-hot	retain	E2	17	113454.36	166	0
P6.1	ascii	encode-core-hot	retain	E	17	116797.80	172	0
P6.1	ascii	encode-core-hot	retain	E2	18	116152.09	166	0
P6.1	ascii	encode-core-hot	retain	E	18	116602.94	172	0
P6.1	ascii	encode-core-hot	retain	R	18	115649.89	170	0
P6.1	ascii	encode-core-hot	retain	E	19	115588.27	172	0
P6.1	ascii	encode-core-hot	retain	R	19	117300.60	170	0
P6.1	ascii	encode-core-hot	retain	E2	19	117624.31	166	0
P6.1	ascii	encode-core-hot	retain	R	20	121438.02	170	0
P6.1	ascii	encode-core-hot	retain	E2	20	121716.72	166	0
P6.1	ascii	encode-core-hot	retain	E	20	119838.40	172	0
P6.1	ascii	encode-core-hot	retain	E2	21	118050.26	166	0
P6.1	ascii	encode-core-hot	retain	E	21	116917.23	172	0
P6.1	ascii	encode-core-hot	retain	R	21	117711.97	170	0
P6.1	ascii	decode-read	drop	E	1	222627.52	86	1
P6.1	ascii	decode-read	drop	R	1	230606.80	89	0
P6.1	ascii	decode-read	drop	E2	1	222914.06	93	1
P6.1	ascii	decode-read	drop	R	2	227659.26	89	0
P6.1	ascii	decode-read	drop	E2	2	228340.49	93	1
P6.1	ascii	decode-read	drop	E	2	216430.86	86	1
P6.1	ascii	decode-read	drop	E2	3	222589.99	93	1
P6.1	ascii	decode-read	drop	E	3	221461.94	86	1
P6.1	ascii	decode-read	drop	R	3	225139.81	89	0
P6.1	ascii	decode-read	drop	E	4	218674.43	86	1
P6.1	ascii	decode-read	drop	R	4	233659.64	89	0
P6.1	ascii	decode-read	drop	E2	4	213606.56	93	1
P6.1	ascii	decode-read	drop	R	5	214622.97	89	0
P6.1	ascii	decode-read	drop	E2	5	210666.29	93	1
P6.1	ascii	decode-read	drop	E	5	211898.94	86	1
P6.1	ascii	decode-read	drop	E2	6	212567.81	93	1
P6.1	ascii	decode-read	drop	E	6	216927.65	86	1
P6.1	ascii	decode-read	drop	R	6	217307.69	89	0
P6.1	ascii	decode-read	drop	E	7	225879.26	86	1
P6.1	ascii	decode-read	drop	R	7	220283.29	89	0
P6.1	ascii	decode-read	drop	E2	7	218564.42	93	1
P6.1	ascii	decode-read	drop	R	8	222100.82	89	0
P6.1	ascii	decode-read	drop	E2	8	213244.35	93	1
P6.1	ascii	decode-read	drop	E	8	219935.26	86	1
P6.1	ascii	decode-read	drop	E2	9	213439.83	93	1
P6.1	ascii	decode-read	drop	E	9	213681.40	86	1
P6.1	ascii	decode-read	drop	R	9	218732.56	89	0
P6.1	ascii	decode-read	drop	E	10	211743.09	86	1
P6.1	ascii	decode-read	drop	R	10	225306.27	89	0
P6.1	ascii	decode-read	drop	E2	10	221438.84	93	1
P6.1	ascii	decode-read	drop	R	11	221253.52	89	0
P6.1	ascii	decode-read	drop	E2	11	213492.53	93	1
P6.1	ascii	decode-read	drop	E	11	205051.91	86	1
P6.1	ascii	decode-read	drop	E2	12	224377.99	93	1
P6.1	ascii	decode-read	drop	E	12	220427.67	86	1
P6.1	ascii	decode-read	drop	R	12	227284.99	89	0
P6.1	ascii	decode-read	drop	E	13	211239.09	86	1
P6.1	ascii	decode-read	drop	R	13	218812.60	89	0
P6.1	ascii	decode-read	drop	E2	13	210740.75	93	1
P6.1	ascii	decode-read	drop	R	14	216245.85	89	0
P6.1	ascii	decode-read	drop	E2	14	207652.05	93	1
P6.1	ascii	decode-read	drop	E	14	219027.70	86	1
P6.1	ascii	decode-read	drop	E2	15	209014.15	93	1
P6.1	ascii	decode-read	drop	E	15	207713.87	86	1
P6.1	ascii	decode-read	drop	R	15	215720.54	89	0
P6.1	ascii	decode-read	drop	E	16	211012.24	86	1
P6.1	ascii	decode-read	drop	R	16	223042.73	89	0
P6.1	ascii	decode-read	drop	E2	16	215666.06	93	1
P6.1	ascii	decode-read	drop	R	17	225973.04	89	0
P6.1	ascii	decode-read	drop	E2	17	210610.30	93	1
P6.1	ascii	decode-read	drop	E	17	211659.38	86	1
P6.1	ascii	decode-read	drop	E2	18	208930.19	93	1
P6.1	ascii	decode-read	drop	E	18	210188.59	86	1
P6.1	ascii	decode-read	drop	R	18	213960.33	89	0
P6.1	ascii	decode-read	drop	E	19	217817.15	86	1
P6.1	ascii	decode-read	drop	R	19	220235.28	89	0
P6.1	ascii	decode-read	drop	E2	19	210948.58	93	1
P6.1	ascii	decode-read	drop	R	20	217390.39	89	0
P6.1	ascii	decode-read	drop	E2	20	208040.31	93	1
P6.1	ascii	decode-read	drop	E	20	209942.97	86	1
P6.1	ascii	decode-read	drop	E2	21	214453.97	93	1
P6.1	ascii	decode-read	drop	E	21	208211.41	86	1
P6.1	ascii	decode-read	drop	R	21	219407.70	89	0
P6.1	ascii	decode-read	retain	E	1	202678.27	94	1
P6.1	ascii	decode-read	retain	R	1	216330.44	94	0
P6.1	ascii	decode-read	retain	E2	1	214521.85	95	1
P6.1	ascii	decode-read	retain	R	2	223510.98	94	0
P6.1	ascii	decode-read	retain	E2	2	212979.59	95	1
P6.1	ascii	decode-read	retain	E	2	210806.29	94	1
P6.1	ascii	decode-read	retain	E2	3	214234.61	95	1
P6.1	ascii	decode-read	retain	E	3	212648.43	94	1
P6.1	ascii	decode-read	retain	R	3	218462.83	94	0
P6.1	ascii	decode-read	retain	E	4	218619.63	94	1
P6.1	ascii	decode-read	retain	R	4	222461.30	94	0
P6.1	ascii	decode-read	retain	E2	4	225861.66	95	1
P6.1	ascii	decode-read	retain	R	5	217000.98	94	0
P6.1	ascii	decode-read	retain	E2	5	211239.28	95	1
P6.1	ascii	decode-read	retain	E	5	210257.27	94	1
P6.1	ascii	decode-read	retain	E2	6	219143.08	95	1
P6.1	ascii	decode-read	retain	E	6	211648.72	94	1
P6.1	ascii	decode-read	retain	R	6	217774.32	94	0
P6.1	ascii	decode-read	retain	E	7	211636.22	94	1
P6.1	ascii	decode-read	retain	R	7	214785.84	94	0
P6.1	ascii	decode-read	retain	E2	7	211873.56	95	1
P6.1	ascii	decode-read	retain	R	8	225619.55	94	0
P6.1	ascii	decode-read	retain	E2	8	217104.69	95	1
P6.1	ascii	decode-read	retain	E	8	212335.69	94	1
P6.1	ascii	decode-read	retain	E2	9	211048.79	95	1
P6.1	ascii	decode-read	retain	E	9	210463.24	94	1
P6.1	ascii	decode-read	retain	R	9	218290.37	94	0
P6.1	ascii	decode-read	retain	E	10	219538.09	94	1
P6.1	ascii	decode-read	retain	R	10	218605.91	94	0
P6.1	ascii	decode-read	retain	E2	10	211222.65	95	1
P6.1	ascii	decode-read	retain	R	11	215770.64	94	0
P6.1	ascii	decode-read	retain	E2	11	221084.56	95	1
P6.1	ascii	decode-read	retain	E	11	219871.97	94	1
P6.1	ascii	decode-read	retain	E2	12	203532.47	95	1
P6.1	ascii	decode-read	retain	E	12	208321.40	94	1
P6.1	ascii	decode-read	retain	R	12	219473.87	94	0
P6.1	ascii	decode-read	retain	E	13	213416.27	94	1
P6.1	ascii	decode-read	retain	R	13	220630.17	94	0
P6.1	ascii	decode-read	retain	E2	13	216025.13	95	1
P6.1	ascii	decode-read	retain	R	14	213739.21	94	0
P6.1	ascii	decode-read	retain	E2	14	211487.68	95	1
P6.1	ascii	decode-read	retain	E	14	208326.46	94	1
P6.1	ascii	decode-read	retain	E2	15	204448.01	95	1
P6.1	ascii	decode-read	retain	E	15	201165.32	94	1
P6.1	ascii	decode-read	retain	R	15	213391.03	94	0
P6.1	ascii	decode-read	retain	E	16	208534.34	94	1
P6.1	ascii	decode-read	retain	R	16	213223.79	94	0
P6.1	ascii	decode-read	retain	E2	16	205782.57	95	1
P6.1	ascii	decode-read	retain	R	17	212296.45	94	0
P6.1	ascii	decode-read	retain	E2	17	212868.65	95	1
P6.1	ascii	decode-read	retain	E	17	215109.16	94	1
P6.1	ascii	decode-read	retain	E2	18	209445.45	95	1
P6.1	ascii	decode-read	retain	E	18	208749.84	94	1
P6.1	ascii	decode-read	retain	R	18	222766.56	94	0
P6.1	ascii	decode-read	retain	E	19	213057.53	94	1
P6.1	ascii	decode-read	retain	R	19	217931.23	94	0
P6.1	ascii	decode-read	retain	E2	19	221161.63	95	1
P6.1	ascii	decode-read	retain	R	20	219895.31	94	0
P6.1	ascii	decode-read	retain	E2	20	215534.41	95	1
P6.1	ascii	decode-read	retain	E	20	210902.71	94	1
P6.1	ascii	decode-read	retain	E2	21	215211.69	95	1
P6.1	ascii	decode-read	retain	E	21	212770.93	94	1
P6.1	ascii	decode-read	retain	R	21	225735.94	94	0
P7.1	ascii	decode-read	drop	E	1	569.66	33629	1
P7.1	ascii	decode-read	drop	R	1	558.69	35040	0
P7.1	ascii	decode-read	drop	E2	1	575.19	28294	1
P7.1	ascii	decode-read	drop	R	2	565.98	35040	0
P7.1	ascii	decode-read	drop	E2	2	581.81	28294	1
P7.1	ascii	decode-read	drop	E	2	577.58	33629	1
P7.1	ascii	decode-read	drop	E2	3	569.50	28294	1
P7.1	ascii	decode-read	drop	E	3	572.87	33629	1
P7.1	ascii	decode-read	drop	R	3	568.31	35040	0
P7.1	ascii	decode-read	drop	E	4	576.64	33629	1
P7.1	ascii	decode-read	drop	R	4	575.73	35040	0
P7.1	ascii	decode-read	drop	E2	4	579.77	28294	1
P7.1	ascii	decode-read	drop	R	5	582.32	35040	0
P7.1	ascii	decode-read	drop	E2	5	584.63	28294	1
P7.1	ascii	decode-read	drop	E	5	582.80	33629	1
P7.1	ascii	decode-read	drop	E2	6	578.37	28294	1
P7.1	ascii	decode-read	drop	E	6	596.45	33629	1
P7.1	ascii	decode-read	drop	R	6	584.33	35040	0
P7.1	ascii	decode-read	drop	E	7	575.59	33629	1
P7.1	ascii	decode-read	drop	R	7	559.80	35040	0
P7.1	ascii	decode-read	drop	E2	7	575.44	28294	1
P7.1	ascii	decode-read	drop	R	8	580.97	35040	0
P7.1	ascii	decode-read	drop	E2	8	601.40	28294	1
P7.1	ascii	decode-read	drop	E	8	568.78	33629	1
P7.1	ascii	decode-read	drop	E2	9	557.38	28294	1
P7.1	ascii	decode-read	drop	E	9	579.07	33629	1
P7.1	ascii	decode-read	drop	R	9	569.34	35040	0
P7.1	ascii	decode-read	drop	E	10	571.52	33629	1
P7.1	ascii	decode-read	drop	R	10	573.00	35040	0
P7.1	ascii	decode-read	drop	E2	10	574.31	28294	1
P7.1	ascii	decode-read	drop	R	11	559.66	35040	0
P7.1	ascii	decode-read	drop	E2	11	574.94	28294	1
P7.1	ascii	decode-read	drop	E	11	570.40	33629	1
P7.1	ascii	decode-read	drop	E2	12	581.18	28294	1
P7.1	ascii	decode-read	drop	E	12	585.61	33629	1
P7.1	ascii	decode-read	drop	R	12	558.96	35040	0
P7.1	ascii	decode-read	drop	E	13	574.46	33629	1
P7.1	ascii	decode-read	drop	R	13	560.42	35040	0
P7.1	ascii	decode-read	drop	E2	13	660.17	28294	1
P7.1	ascii	decode-read	drop	R	14	557.61	35040	0
P7.1	ascii	decode-read	drop	E2	14	571.03	28294	1
P7.1	ascii	decode-read	drop	E	14	570.80	33629	1
P7.1	ascii	decode-read	drop	E2	15	571.76	28294	1
P7.1	ascii	decode-read	drop	E	15	567.08	33629	1
P7.1	ascii	decode-read	drop	R	15	555.73	35040	0
P7.1	ascii	decode-read	drop	E	16	579.72	33629	1
P7.1	ascii	decode-read	drop	R	16	553.08	35040	0
P7.1	ascii	decode-read	drop	E2	16	574.70	28294	1
P7.1	ascii	decode-read	drop	R	17	561.54	35040	0
P7.1	ascii	decode-read	drop	E2	17	572.69	28294	1
P7.1	ascii	decode-read	drop	E	17	573.87	33629	1
P7.1	ascii	decode-read	drop	E2	18	597.27	28294	1
P7.1	ascii	decode-read	drop	E	18	572.34	33629	1
P7.1	ascii	decode-read	drop	R	18	579.13	35040	0
P7.1	ascii	decode-read	drop	E	19	605.09	33629	1
P7.1	ascii	decode-read	drop	R	19	569.51	35040	0
P7.1	ascii	decode-read	drop	E2	19	571.69	28294	1
P7.1	ascii	decode-read	drop	R	20	581.17	35040	0
P7.1	ascii	decode-read	drop	E2	20	578.47	28294	1
P7.1	ascii	decode-read	drop	E	20	574.93	33629	1
P7.1	ascii	decode-read	drop	E2	21	571.51	28294	1
P7.1	ascii	decode-read	drop	E	21	570.99	33629	1
P7.1	ascii	decode-read	drop	R	21	562.73	35040	0
P7.1	ascii	decode-read	retain	E	1	608.14	30998	1
P7.1	ascii	decode-read	retain	R	1	577.81	33341	0
P7.1	ascii	decode-read	retain	E2	1	599.02	16360	1
P7.1	ascii	decode-read	retain	R	2	595.20	33341	0
P7.1	ascii	decode-read	retain	E2	2	580.34	16360	1
P7.1	ascii	decode-read	retain	E	2	577.75	30998	1
P7.1	ascii	decode-read	retain	E2	3	581.47	16360	1
P7.1	ascii	decode-read	retain	E	3	590.27	30998	1
P7.1	ascii	decode-read	retain	R	3	574.24	33341	0
P7.1	ascii	decode-read	retain	E	4	585.45	30998	1
P7.1	ascii	decode-read	retain	R	4	584.95	33341	0
P7.1	ascii	decode-read	retain	E2	4	582.98	16360	1
P7.1	ascii	decode-read	retain	R	5	593.72	33341	0
P7.1	ascii	decode-read	retain	E2	5	581.45	16360	1
P7.1	ascii	decode-read	retain	E	5	577.32	30998	1
P7.1	ascii	decode-read	retain	E2	6	581.59	16360	1
P7.1	ascii	decode-read	retain	E	6	579.47	30998	1
P7.1	ascii	decode-read	retain	R	6	574.64	33341	0
P7.1	ascii	decode-read	retain	E	7	588.69	30998	1
P7.1	ascii	decode-read	retain	R	7	579.89	33341	0
P7.1	ascii	decode-read	retain	E2	7	585.12	16360	1
P7.1	ascii	decode-read	retain	R	8	572.60	33341	0
P7.1	ascii	decode-read	retain	E2	8	583.25	16360	1
P7.1	ascii	decode-read	retain	E	8	577.19	30998	1
P7.1	ascii	decode-read	retain	E2	9	567.26	16360	1
P7.1	ascii	decode-read	retain	E	9	601.60	30998	1
P7.1	ascii	decode-read	retain	R	9	580.38	33341	0
P7.1	ascii	decode-read	retain	E	10	594.20	30998	1
P7.1	ascii	decode-read	retain	R	10	571.45	33341	0
P7.1	ascii	decode-read	retain	E2	10	590.57	16360	1
P7.1	ascii	decode-read	retain	R	11	578.37	33341	0
P7.1	ascii	decode-read	retain	E2	11	587.02	16360	1
P7.1	ascii	decode-read	retain	E	11	593.26	30998	1
P7.1	ascii	decode-read	retain	E2	12	601.64	16360	1
P7.1	ascii	decode-read	retain	E	12	593.49	30998	1
P7.1	ascii	decode-read	retain	R	12	588.91	33341	0
P7.1	ascii	decode-read	retain	E	13	597.13	30998	1
P7.1	ascii	decode-read	retain	R	13	591.36	33341	0
P7.1	ascii	decode-read	retain	E2	13	646.01	16360	1
P7.1	ascii	decode-read	retain	R	14	607.89	33341	0
P7.1	ascii	decode-read	retain	E2	14	582.09	16360	1
P7.1	ascii	decode-read	retain	E	14	595.76	30998	1
P7.1	ascii	decode-read	retain	E2	15	592.59	16360	1
P7.1	ascii	decode-read	retain	E	15	588.90	30998	1
P7.1	ascii	decode-read	retain	R	15	578.83	33341	0
P7.1	ascii	decode-read	retain	E	16	580.86	30998	1
P7.1	ascii	decode-read	retain	R	16	580.94	33341	0
P7.1	ascii	decode-read	retain	E2	16	581.78	16360	1
P7.1	ascii	decode-read	retain	R	17	572.00	33341	0
P7.1	ascii	decode-read	retain	E2	17	566.73	16360	1
P7.1	ascii	decode-read	retain	E	17	573.76	30998	1
P7.1	ascii	decode-read	retain	E2	18	573.51	16360	1
P7.1	ascii	decode-read	retain	E	18	583.70	30998	1
P7.1	ascii	decode-read	retain	R	18	591.84	33341	0
P7.1	ascii	decode-read	retain	E	19	580.83	30998	1
P7.1	ascii	decode-read	retain	R	19	858.48	33341	0
P7.1	ascii	decode-read	retain	E2	19	615.35	16360	1
P7.1	ascii	decode-read	retain	R	20	596.49	33341	0
P7.1	ascii	decode-read	retain	E2	20	612.24	16360	1
P7.1	ascii	decode-read	retain	E	20	630.92	30998	1
P7.1	ascii	decode-read	retain	E2	21	1317.75	16360	1
P7.1	ascii	decode-read	retain	E	21	658.28	30998	1
P7.1	ascii	decode-read	retain	R	21	585.39	33341	0
U-nested-before	corpus	decode-read	drop	E	1	446.63	46299	1
U-nested-before	corpus	decode-read	drop	R	1	426.16	46127	0
U-nested-before	corpus	decode-read	drop	E2	1	430.09	46874	1
U-nested-before	corpus	decode-read	drop	R	2	439.37	46127	0
U-nested-before	corpus	decode-read	drop	E2	2	440.79	46874	1
U-nested-before	corpus	decode-read	drop	E	2	431.51	46299	1
U-nested-before	corpus	decode-read	drop	E2	3	425.17	46874	1
U-nested-before	corpus	decode-read	drop	E	3	463.67	46299	1
U-nested-before	corpus	decode-read	drop	R	3	452.40	46127	0
U-nested-before	corpus	decode-read	drop	E	4	468.77	46299	1
U-nested-before	corpus	decode-read	drop	R	4	473.72	46127	0
U-nested-before	corpus	decode-read	drop	E2	4	449.08	46874	1
U-nested-before	corpus	decode-read	drop	R	5	454.84	46127	0
U-nested-before	corpus	decode-read	drop	E2	5	474.00	46874	1
U-nested-before	corpus	decode-read	drop	E	5	461.08	46299	1
U-nested-before	corpus	decode-read	drop	E2	6	475.62	46874	1
U-nested-before	corpus	decode-read	drop	E	6	456.27	46299	1
U-nested-before	corpus	decode-read	drop	R	6	444.84	46127	0
U-nested-before	corpus	decode-read	drop	E	7	435.91	46299	1
U-nested-before	corpus	decode-read	drop	R	7	445.86	46127	0
U-nested-before	corpus	decode-read	drop	E2	7	430.08	46874	1
U-nested-before	corpus	decode-read	drop	R	8	420.98	46127	0
U-nested-before	corpus	decode-read	drop	E2	8	433.08	46874	1
U-nested-before	corpus	decode-read	drop	E	8	417.33	46299	1
U-nested-before	corpus	decode-read	drop	E2	9	442.01	46874	1
U-nested-before	corpus	decode-read	drop	E	9	427.68	46299	1
U-nested-before	corpus	decode-read	drop	R	9	430.54	46127	0
U-nested-before	corpus	decode-read	drop	E	10	422.25	46299	1
U-nested-before	corpus	decode-read	drop	R	10	431.88	46127	0
U-nested-before	corpus	decode-read	drop	E2	10	448.12	46874	1
U-nested-before	corpus	decode-read	drop	R	11	439.06	46127	0
U-nested-before	corpus	decode-read	drop	E2	11	426.46	46874	1
U-nested-before	corpus	decode-read	drop	E	11	427.51	46299	1
U-nested-before	corpus	decode-read	drop	E2	12	433.99	46874	1
U-nested-before	corpus	decode-read	drop	E	12	470.10	46299	1
U-nested-before	corpus	decode-read	drop	R	12	436.03	46127	0
U-nested-before	corpus	decode-read	drop	E	13	452.01	46299	1
U-nested-before	corpus	decode-read	drop	R	13	440.76	46127	0
U-nested-before	corpus	decode-read	drop	E2	13	436.29	46874	1
U-nested-before	corpus	decode-read	drop	R	14	442.52	46127	0
U-nested-before	corpus	decode-read	drop	E2	14	434.92	46874	1
U-nested-before	corpus	decode-read	drop	E	14	447.58	46299	1
U-nested-before	corpus	decode-read	drop	E2	15	437.03	46874	1
U-nested-before	corpus	decode-read	drop	E	15	451.00	46299	1
U-nested-before	corpus	decode-read	drop	R	15	444.55	46127	0
U-nested-before	corpus	decode-read	drop	E	16	436.23	46299	1
U-nested-before	corpus	decode-read	drop	R	16	434.34	46127	0
U-nested-before	corpus	decode-read	drop	E2	16	435.55	46874	1
U-nested-before	corpus	decode-read	drop	R	17	425.87	46127	0
U-nested-before	corpus	decode-read	drop	E2	17	450.40	46874	1
U-nested-before	corpus	decode-read	drop	E	17	427.13	46299	1
U-nested-before	corpus	decode-read	drop	E2	18	427.11	46874	1
U-nested-before	corpus	decode-read	drop	E	18	452.90	46299	1
U-nested-before	corpus	decode-read	drop	R	18	438.54	46127	0
U-nested-before	corpus	decode-read	drop	E	19	434.12	46299	1
U-nested-before	corpus	decode-read	drop	R	19	431.88	46127	0
U-nested-before	corpus	decode-read	drop	E2	19	437.12	46874	1
U-nested-before	corpus	decode-read	drop	R	20	431.41	46127	0
U-nested-before	corpus	decode-read	drop	E2	20	436.86	46874	1
U-nested-before	corpus	decode-read	drop	E	20	423.34	46299	1
U-nested-before	corpus	decode-read	drop	E2	21	415.22	46874	1
U-nested-before	corpus	decode-read	drop	E	21	416.58	46299	1
U-nested-before	corpus	decode-read	drop	R	21	422.49	46127	0
U-nested-before	corpus	decode-read	retain	E	1	537.19	37099	1
U-nested-before	corpus	decode-read	retain	R	1	552.87	36015	0
U-nested-before	corpus	decode-read	retain	E2	1	556.59	36920	1
U-nested-before	corpus	decode-read	retain	R	2	559.72	36015	0
U-nested-before	corpus	decode-read	retain	E2	2	542.80	36920	1
U-nested-before	corpus	decode-read	retain	E	2	567.17	37099	1
U-nested-before	corpus	decode-read	retain	E2	3	549.60	36920	1
U-nested-before	corpus	decode-read	retain	E	3	570.30	37099	1
U-nested-before	corpus	decode-read	retain	R	3	569.33	36015	0
U-nested-before	corpus	decode-read	retain	E	4	569.53	37099	1
U-nested-before	corpus	decode-read	retain	R	4	554.53	36015	0
U-nested-before	corpus	decode-read	retain	E2	4	547.61	36920	1
U-nested-before	corpus	decode-read	retain	R	5	553.11	36015	0
U-nested-before	corpus	decode-read	retain	E2	5	566.86	36920	1
U-nested-before	corpus	decode-read	retain	E	5	555.53	37099	1
U-nested-before	corpus	decode-read	retain	E2	6	547.75	36920	1
U-nested-before	corpus	decode-read	retain	E	6	559.40	37099	1
U-nested-before	corpus	decode-read	retain	R	6	565.77	36015	0
U-nested-before	corpus	decode-read	retain	E	7	558.53	37099	1
U-nested-before	corpus	decode-read	retain	R	7	553.78	36015	0
U-nested-before	corpus	decode-read	retain	E2	7	550.19	36920	1
U-nested-before	corpus	decode-read	retain	R	8	557.06	36015	0
U-nested-before	corpus	decode-read	retain	E2	8	557.84	36920	1
U-nested-before	corpus	decode-read	retain	E	8	556.85	37099	1
U-nested-before	corpus	decode-read	retain	E2	9	556.52	36920	1
U-nested-before	corpus	decode-read	retain	E	9	580.32	37099	1
U-nested-before	corpus	decode-read	retain	R	9	597.55	36015	0
U-nested-before	corpus	decode-read	retain	E	10	606.12	37099	1
U-nested-before	corpus	decode-read	retain	R	10	594.07	36015	0
U-nested-before	corpus	decode-read	retain	E2	10	578.76	36920	1
U-nested-before	corpus	decode-read	retain	R	11	600.95	36015	0
U-nested-before	corpus	decode-read	retain	E2	11	579.89	36920	1
U-nested-before	corpus	decode-read	retain	E	11	566.19	37099	1
U-nested-before	corpus	decode-read	retain	E2	12	602.78	36920	1
U-nested-before	corpus	decode-read	retain	E	12	616.91	37099	1
U-nested-before	corpus	decode-read	retain	R	12	607.46	36015	0
U-nested-before	corpus	decode-read	retain	E	13	569.62	37099	1
U-nested-before	corpus	decode-read	retain	R	13	579.78	36015	0
U-nested-before	corpus	decode-read	retain	E2	13	572.20	36920	1
U-nested-before	corpus	decode-read	retain	R	14	569.76	36015	0
U-nested-before	corpus	decode-read	retain	E2	14	543.49	36920	1
U-nested-before	corpus	decode-read	retain	E	14	557.20	37099	1
U-nested-before	corpus	decode-read	retain	E2	15	577.49	36920	1
U-nested-before	corpus	decode-read	retain	E	15	546.29	37099	1
U-nested-before	corpus	decode-read	retain	R	15	557.29	36015	0
U-nested-before	corpus	decode-read	retain	E	16	551.33	37099	1
U-nested-before	corpus	decode-read	retain	R	16	580.39	36015	0
U-nested-before	corpus	decode-read	retain	E2	16	561.66	36920	1
U-nested-before	corpus	decode-read	retain	R	17	575.85	36015	0
U-nested-before	corpus	decode-read	retain	E2	17	571.42	36920	1
U-nested-before	corpus	decode-read	retain	E	17	578.80	37099	1
U-nested-before	corpus	decode-read	retain	E2	18	553.22	36920	1
U-nested-before	corpus	decode-read	retain	E	18	569.13	37099	1
U-nested-before	corpus	decode-read	retain	R	18	567.86	36015	0
U-nested-before	corpus	decode-read	retain	E	19	563.28	37099	1
U-nested-before	corpus	decode-read	retain	R	19	559.29	36015	0
U-nested-before	corpus	decode-read	retain	E2	19	550.30	36920	1
U-nested-before	corpus	decode-read	retain	R	20	555.59	36015	0
U-nested-before	corpus	decode-read	retain	E2	20	582.08	36920	1
U-nested-before	corpus	decode-read	retain	E	20	545.75	37099	1
U-nested-before	corpus	decode-read	retain	E2	21	554.87	36920	1
U-nested-before	corpus	decode-read	retain	E	21	550.47	37099	1
U-nested-before	corpus	decode-read	retain	R	21	571.37	36015	0
U-nested-before	corpus	encode-core-hot	drop	E	1	207.97	94670	0
U-nested-before	corpus	encode-core-hot	drop	R	1	225.91	92749	0
U-nested-before	corpus	encode-core-hot	drop	E2	1	208.32	94402	0
U-nested-before	corpus	encode-core-hot	drop	R	2	226.14	92749	0
U-nested-before	corpus	encode-core-hot	drop	E2	2	207.81	94402	0
U-nested-before	corpus	encode-core-hot	drop	E	2	204.42	94670	0
U-nested-before	corpus	encode-core-hot	drop	E2	3	202.36	94402	0
U-nested-before	corpus	encode-core-hot	drop	E	3	207.82	94670	0
U-nested-before	corpus	encode-core-hot	drop	R	3	226.39	92749	0
U-nested-before	corpus	encode-core-hot	drop	E	4	208.86	94670	0
U-nested-before	corpus	encode-core-hot	drop	R	4	227.28	92749	0
U-nested-before	corpus	encode-core-hot	drop	E2	4	209.20	94402	0
U-nested-before	corpus	encode-core-hot	drop	R	5	230.21	92749	0
U-nested-before	corpus	encode-core-hot	drop	E2	5	209.25	94402	0
U-nested-before	corpus	encode-core-hot	drop	E	5	209.02	94670	0
U-nested-before	corpus	encode-core-hot	drop	E2	6	205.90	94402	0
U-nested-before	corpus	encode-core-hot	drop	E	6	208.80	94670	0
U-nested-before	corpus	encode-core-hot	drop	R	6	227.96	92749	0
U-nested-before	corpus	encode-core-hot	drop	E	7	209.57	94670	0
U-nested-before	corpus	encode-core-hot	drop	R	7	230.60	92749	0
U-nested-before	corpus	encode-core-hot	drop	E2	7	207.97	94402	0
U-nested-before	corpus	encode-core-hot	drop	R	8	229.11	92749	0
U-nested-before	corpus	encode-core-hot	drop	E2	8	207.23	94402	0
U-nested-before	corpus	encode-core-hot	drop	E	8	213.08	94670	0
U-nested-before	corpus	encode-core-hot	drop	E2	9	207.10	94402	0
U-nested-before	corpus	encode-core-hot	drop	E	9	205.91	94670	0
U-nested-before	corpus	encode-core-hot	drop	R	9	223.25	92749	0
U-nested-before	corpus	encode-core-hot	drop	E	10	206.47	94670	0
U-nested-before	corpus	encode-core-hot	drop	R	10	225.11	92749	0
U-nested-before	corpus	encode-core-hot	drop	E2	10	206.71	94402	0
U-nested-before	corpus	encode-core-hot	drop	R	11	224.27	92749	0
U-nested-before	corpus	encode-core-hot	drop	E2	11	203.01	94402	0
U-nested-before	corpus	encode-core-hot	drop	E	11	204.24	94670	0
U-nested-before	corpus	encode-core-hot	drop	E2	12	206.78	94402	0
U-nested-before	corpus	encode-core-hot	drop	E	12	203.46	94670	0
U-nested-before	corpus	encode-core-hot	drop	R	12	229.09	92749	0
U-nested-before	corpus	encode-core-hot	drop	E	13	208.43	94670	0
U-nested-before	corpus	encode-core-hot	drop	R	13	226.80	92749	0
U-nested-before	corpus	encode-core-hot	drop	E2	13	205.16	94402	0
U-nested-before	corpus	encode-core-hot	drop	R	14	227.48	92749	0
U-nested-before	corpus	encode-core-hot	drop	E2	14	204.70	94402	0
U-nested-before	corpus	encode-core-hot	drop	E	14	206.06	94670	0
U-nested-before	corpus	encode-core-hot	drop	E2	15	203.55	94402	0
U-nested-before	corpus	encode-core-hot	drop	E	15	201.61	94670	0
U-nested-before	corpus	encode-core-hot	drop	R	15	226.16	92749	0
U-nested-before	corpus	encode-core-hot	drop	E	16	209.30	94670	0
U-nested-before	corpus	encode-core-hot	drop	R	16	226.15	92749	0
U-nested-before	corpus	encode-core-hot	drop	E2	16	207.82	94402	0
U-nested-before	corpus	encode-core-hot	drop	R	17	228.09	92749	0
U-nested-before	corpus	encode-core-hot	drop	E2	17	206.17	94402	0
U-nested-before	corpus	encode-core-hot	drop	E	17	207.35	94670	0
U-nested-before	corpus	encode-core-hot	drop	E2	18	203.70	94402	0
U-nested-before	corpus	encode-core-hot	drop	E	18	205.06	94670	0
U-nested-before	corpus	encode-core-hot	drop	R	18	228.37	92749	0
U-nested-before	corpus	encode-core-hot	drop	E	19	207.37	94670	0
U-nested-before	corpus	encode-core-hot	drop	R	19	227.14	92749	0
U-nested-before	corpus	encode-core-hot	drop	E2	19	208.84	94402	0
U-nested-before	corpus	encode-core-hot	drop	R	20	223.96	92749	0
U-nested-before	corpus	encode-core-hot	drop	E2	20	210.61	94402	0
U-nested-before	corpus	encode-core-hot	drop	E	20	208.99	94670	0
U-nested-before	corpus	encode-core-hot	drop	E2	21	207.63	94402	0
U-nested-before	corpus	encode-core-hot	drop	E	21	207.04	94670	0
U-nested-before	corpus	encode-core-hot	drop	R	21	226.59	92749	0
U-nested-before	corpus	encode-core-hot	retain	E	1	552.95	37122	0
U-nested-before	corpus	encode-core-hot	retain	R	1	561.62	36080	0
U-nested-before	corpus	encode-core-hot	retain	E2	1	543.17	35209	0
U-nested-before	corpus	encode-core-hot	retain	R	2	542.64	36080	0
U-nested-before	corpus	encode-core-hot	retain	E2	2	543.41	35209	0
U-nested-before	corpus	encode-core-hot	retain	E	2	547.61	37122	0
U-nested-before	corpus	encode-core-hot	retain	E2	3	551.56	35209	0
U-nested-before	corpus	encode-core-hot	retain	E	3	561.16	37122	0
U-nested-before	corpus	encode-core-hot	retain	R	3	547.99	36080	0
U-nested-before	corpus	encode-core-hot	retain	E	4	550.67	37122	0
U-nested-before	corpus	encode-core-hot	retain	R	4	555.12	36080	0
U-nested-before	corpus	encode-core-hot	retain	E2	4	570.22	35209	0
U-nested-before	corpus	encode-core-hot	retain	R	5	561.97	36080	0
U-nested-before	corpus	encode-core-hot	retain	E2	5	564.08	35209	0
U-nested-before	corpus	encode-core-hot	retain	E	5	556.95	37122	0
U-nested-before	corpus	encode-core-hot	retain	E2	6	560.81	35209	0
U-nested-before	corpus	encode-core-hot	retain	E	6	543.92	37122	0
U-nested-before	corpus	encode-core-hot	retain	R	6	545.47	36080	0
U-nested-before	corpus	encode-core-hot	retain	E	7	545.66	37122	0
U-nested-before	corpus	encode-core-hot	retain	R	7	538.91	36080	0
U-nested-before	corpus	encode-core-hot	retain	E2	7	541.14	35209	0
U-nested-before	corpus	encode-core-hot	retain	R	8	543.85	36080	0
U-nested-before	corpus	encode-core-hot	retain	E2	8	553.26	35209	0
U-nested-before	corpus	encode-core-hot	retain	E	8	547.65	37122	0
U-nested-before	corpus	encode-core-hot	retain	E2	9	546.32	35209	0
U-nested-before	corpus	encode-core-hot	retain	E	9	541.90	37122	0
U-nested-before	corpus	encode-core-hot	retain	R	9	546.37	36080	0
U-nested-before	corpus	encode-core-hot	retain	E	10	547.81	37122	0
U-nested-before	corpus	encode-core-hot	retain	R	10	548.57	36080	0
U-nested-before	corpus	encode-core-hot	retain	E2	10	557.26	35209	0
U-nested-before	corpus	encode-core-hot	retain	R	11	551.87	36080	0
U-nested-before	corpus	encode-core-hot	retain	E2	11	550.44	35209	0
U-nested-before	corpus	encode-core-hot	retain	E	11	550.14	37122	0
U-nested-before	corpus	encode-core-hot	retain	E2	12	561.85	35209	0
U-nested-before	corpus	encode-core-hot	retain	E	12	547.48	37122	0
U-nested-before	corpus	encode-core-hot	retain	R	12	568.38	36080	0
U-nested-before	corpus	encode-core-hot	retain	E	13	549.02	37122	0
U-nested-before	corpus	encode-core-hot	retain	R	13	543.02	36080	0
U-nested-before	corpus	encode-core-hot	retain	E2	13	546.09	35209	0
U-nested-before	corpus	encode-core-hot	retain	R	14	548.16	36080	0
U-nested-before	corpus	encode-core-hot	retain	E2	14	545.27	35209	0
U-nested-before	corpus	encode-core-hot	retain	E	14	557.35	37122	0
U-nested-before	corpus	encode-core-hot	retain	E2	15	580.09	35209	0
U-nested-before	corpus	encode-core-hot	retain	E	15	549.31	37122	0
U-nested-before	corpus	encode-core-hot	retain	R	15	544.50	36080	0
U-nested-before	corpus	encode-core-hot	retain	E	16	543.99	37122	0
U-nested-before	corpus	encode-core-hot	retain	R	16	545.41	36080	0
U-nested-before	corpus	encode-core-hot	retain	E2	16	561.42	35209	0
U-nested-before	corpus	encode-core-hot	retain	R	17	562.41	36080	0
U-nested-before	corpus	encode-core-hot	retain	E2	17	547.97	35209	0
U-nested-before	corpus	encode-core-hot	retain	E	17	546.71	37122	0
U-nested-before	corpus	encode-core-hot	retain	E2	18	541.95	35209	0
U-nested-before	corpus	encode-core-hot	retain	E	18	544.32	37122	0
U-nested-before	corpus	encode-core-hot	retain	R	18	549.06	36080	0
U-nested-before	corpus	encode-core-hot	retain	E	19	537.51	37122	0
U-nested-before	corpus	encode-core-hot	retain	R	19	545.19	36080	0
U-nested-before	corpus	encode-core-hot	retain	E2	19	541.75	35209	0
U-nested-before	corpus	encode-core-hot	retain	R	20	540.09	36080	0
U-nested-before	corpus	encode-core-hot	retain	E2	20	567.65	35209	0
U-nested-before	corpus	encode-core-hot	retain	E	20	622.26	37122	0
U-nested-before	corpus	encode-core-hot	retain	E2	21	714.49	35209	0
U-nested-before	corpus	encode-core-hot	retain	E	21	568.69	37122	0
U-nested-before	corpus	encode-core-hot	retain	R	21	554.95	36080	0
U-deep-u-repeated	corpus	decode-read	drop	E	1	2665.29	7501	1
U-deep-u-repeated	corpus	decode-read	drop	R	1	2571.82	7715	0
U-deep-u-repeated	corpus	decode-read	drop	E2	1	2747.33	4288	1
U-deep-u-repeated	corpus	decode-read	drop	R	2	2545.58	7715	0
U-deep-u-repeated	corpus	decode-read	drop	E2	2	2643.37	4288	1
U-deep-u-repeated	corpus	decode-read	drop	E	2	2644.01	7501	1
U-deep-u-repeated	corpus	decode-read	drop	E2	3	2632.25	4288	1
U-deep-u-repeated	corpus	decode-read	drop	E	3	2681.75	7501	1
U-deep-u-repeated	corpus	decode-read	drop	R	3	2590.97	7715	0
U-deep-u-repeated	corpus	decode-read	drop	E	4	2617.68	7501	1
U-deep-u-repeated	corpus	decode-read	drop	R	4	2562.83	7715	0
U-deep-u-repeated	corpus	decode-read	drop	E2	4	2757.30	4288	1
U-deep-u-repeated	corpus	decode-read	drop	R	5	2664.47	7715	0
U-deep-u-repeated	corpus	decode-read	drop	E2	5	2720.44	4288	1
U-deep-u-repeated	corpus	decode-read	drop	E	5	2629.62	7501	1
U-deep-u-repeated	corpus	decode-read	drop	E2	6	3306.98	4288	1
U-deep-u-repeated	corpus	decode-read	drop	E	6	2615.23	7501	1
U-deep-u-repeated	corpus	decode-read	drop	R	6	2567.17	7715	0
U-deep-u-repeated	corpus	decode-read	drop	E	7	2652.28	7501	1
U-deep-u-repeated	corpus	decode-read	drop	R	7	2596.75	7715	0
U-deep-u-repeated	corpus	decode-read	drop	E2	7	2618.56	4288	1
U-deep-u-repeated	corpus	decode-read	drop	R	8	2564.93	7715	0
U-deep-u-repeated	corpus	decode-read	drop	E2	8	2636.28	4288	1
U-deep-u-repeated	corpus	decode-read	drop	E	8	2706.94	7501	1
U-deep-u-repeated	corpus	decode-read	drop	E2	9	2693.88	4288	1
U-deep-u-repeated	corpus	decode-read	drop	E	9	2787.81	7501	1
U-deep-u-repeated	corpus	decode-read	drop	R	9	2598.27	7715	0
U-deep-u-repeated	corpus	decode-read	drop	E	10	2897.23	7501	1
U-deep-u-repeated	corpus	decode-read	drop	R	10	2764.68	7715	0
U-deep-u-repeated	corpus	decode-read	drop	E2	10	2652.13	4288	1
U-deep-u-repeated	corpus	decode-read	drop	R	11	2643.79	7715	0
U-deep-u-repeated	corpus	decode-read	drop	E2	11	2657.60	4288	1
U-deep-u-repeated	corpus	decode-read	drop	E	11	2671.37	7501	1
U-deep-u-repeated	corpus	decode-read	drop	E2	12	2689.77	4288	1
U-deep-u-repeated	corpus	decode-read	drop	E	12	2864.65	7501	1
U-deep-u-repeated	corpus	decode-read	drop	R	12	2615.97	7715	0
U-deep-u-repeated	corpus	decode-read	drop	E	13	2776.74	7501	1
U-deep-u-repeated	corpus	decode-read	drop	R	13	2803.41	7715	0
U-deep-u-repeated	corpus	decode-read	drop	E2	13	2664.43	4288	1
U-deep-u-repeated	corpus	decode-read	drop	R	14	2750.48	7715	0
U-deep-u-repeated	corpus	decode-read	drop	E2	14	2742.49	4288	1
U-deep-u-repeated	corpus	decode-read	drop	E	14	2739.80	7501	1
U-deep-u-repeated	corpus	decode-read	drop	E2	15	2626.49	4288	1
U-deep-u-repeated	corpus	decode-read	drop	E	15	2617.60	7501	1
U-deep-u-repeated	corpus	decode-read	drop	R	15	2871.15	7715	0
U-deep-u-repeated	corpus	decode-read	drop	E	16	2745.76	7501	1
U-deep-u-repeated	corpus	decode-read	drop	R	16	2645.84	7715	0
U-deep-u-repeated	corpus	decode-read	drop	E2	16	2859.02	4288	1
U-deep-u-repeated	corpus	decode-read	drop	R	17	2579.84	7715	0
U-deep-u-repeated	corpus	decode-read	drop	E2	17	2616.51	4288	1
U-deep-u-repeated	corpus	decode-read	drop	E	17	2700.53	7501	1
U-deep-u-repeated	corpus	decode-read	drop	E2	18	2617.03	4288	1
U-deep-u-repeated	corpus	decode-read	drop	E	18	2599.08	7501	1
U-deep-u-repeated	corpus	decode-read	drop	R	18	2554.23	7715	0
U-deep-u-repeated	corpus	decode-read	drop	E	19	2579.39	7501	1
U-deep-u-repeated	corpus	decode-read	drop	R	19	2559.79	7715	0
U-deep-u-repeated	corpus	decode-read	drop	E2	19	2615.59	4288	1
U-deep-u-repeated	corpus	decode-read	drop	R	20	2549.54	7715	0
U-deep-u-repeated	corpus	decode-read	drop	E2	20	2581.98	4288	1
U-deep-u-repeated	corpus	decode-read	drop	E	20	2716.93	7501	1
U-deep-u-repeated	corpus	decode-read	drop	E2	21	2803.74	4288	1
U-deep-u-repeated	corpus	decode-read	drop	E	21	2787.47	7501	1
U-deep-u-repeated	corpus	decode-read	drop	R	21	2637.02	7715	0
U-deep-u-repeated	corpus	decode-read	retain	E	1	2692.74	7411	1
U-deep-u-repeated	corpus	decode-read	retain	R	1	3247.75	7560	0
U-deep-u-repeated	corpus	decode-read	retain	E2	1	2756.87	7258	1
U-deep-u-repeated	corpus	decode-read	retain	R	2	2730.18	7560	0
U-deep-u-repeated	corpus	decode-read	retain	E2	2	2941.40	7258	1
U-deep-u-repeated	corpus	decode-read	retain	E	2	2767.12	7411	1
U-deep-u-repeated	corpus	decode-read	retain	E2	3	2765.21	7258	1
U-deep-u-repeated	corpus	decode-read	retain	E	3	2816.52	7411	1
U-deep-u-repeated	corpus	decode-read	retain	R	3	2719.96	7560	0
U-deep-u-repeated	corpus	decode-read	retain	E	4	2838.32	7411	1
U-deep-u-repeated	corpus	decode-read	retain	R	4	2829.69	7560	0
U-deep-u-repeated	corpus	decode-read	retain	E2	4	2750.13	7258	1
U-deep-u-repeated	corpus	decode-read	retain	R	5	2698.57	7560	0
U-deep-u-repeated	corpus	decode-read	retain	E2	5	2683.41	7258	1
U-deep-u-repeated	corpus	decode-read	retain	E	5	2691.13	7411	1
U-deep-u-repeated	corpus	decode-read	retain	E2	6	2660.62	7258	1
U-deep-u-repeated	corpus	decode-read	retain	E	6	2744.56	7411	1
U-deep-u-repeated	corpus	decode-read	retain	R	6	2681.81	7560	0
U-deep-u-repeated	corpus	decode-read	retain	E	7	2664.15	7411	1
U-deep-u-repeated	corpus	decode-read	retain	R	7	2666.19	7560	0
U-deep-u-repeated	corpus	decode-read	retain	E2	7	2674.21	7258	1
U-deep-u-repeated	corpus	decode-read	retain	R	8	2705.02	7560	0
U-deep-u-repeated	corpus	decode-read	retain	E2	8	2713.92	7258	1
U-deep-u-repeated	corpus	decode-read	retain	E	8	2672.39	7411	1
U-deep-u-repeated	corpus	decode-read	retain	E2	9	2724.03	7258	1
U-deep-u-repeated	corpus	decode-read	retain	E	9	2712.58	7411	1
U-deep-u-repeated	corpus	decode-read	retain	R	9	2634.79	7560	0
U-deep-u-repeated	corpus	decode-read	retain	E	10	2642.99	7411	1
U-deep-u-repeated	corpus	decode-read	retain	R	10	2614.22	7560	0
U-deep-u-repeated	corpus	decode-read	retain	E2	10	2738.08	7258	1
U-deep-u-repeated	corpus	decode-read	retain	R	11	2644.45	7560	0
U-deep-u-repeated	corpus	decode-read	retain	E2	11	2682.61	7258	1
U-deep-u-repeated	corpus	decode-read	retain	E	11	2684.67	7411	1
U-deep-u-repeated	corpus	decode-read	retain	E2	12	2574.01	7258	1
U-deep-u-repeated	corpus	decode-read	retain	E	12	2701.96	7411	1
U-deep-u-repeated	corpus	decode-read	retain	R	12	2635.35	7560	0
U-deep-u-repeated	corpus	decode-read	retain	E	13	2817.70	7411	1
U-deep-u-repeated	corpus	decode-read	retain	R	13	2836.41	7560	0
U-deep-u-repeated	corpus	decode-read	retain	E2	13	2704.86	7258	1
U-deep-u-repeated	corpus	decode-read	retain	R	14	2664.85	7560	0
U-deep-u-repeated	corpus	decode-read	retain	E2	14	2597.98	7258	1
U-deep-u-repeated	corpus	decode-read	retain	E	14	2625.98	7411	1
U-deep-u-repeated	corpus	decode-read	retain	E2	15	2630.69	7258	1
U-deep-u-repeated	corpus	decode-read	retain	E	15	2694.38	7411	1
U-deep-u-repeated	corpus	decode-read	retain	R	15	2624.75	7560	0
U-deep-u-repeated	corpus	decode-read	retain	E	16	2675.94	7411	1
U-deep-u-repeated	corpus	decode-read	retain	R	16	2781.15	7560	0
U-deep-u-repeated	corpus	decode-read	retain	E2	16	2686.02	7258	1
U-deep-u-repeated	corpus	decode-read	retain	R	17	2650.12	7560	0
U-deep-u-repeated	corpus	decode-read	retain	E2	17	2695.88	7258	1
U-deep-u-repeated	corpus	decode-read	retain	E	17	2811.29	7411	1
U-deep-u-repeated	corpus	decode-read	retain	E2	18	2721.43	7258	1
U-deep-u-repeated	corpus	decode-read	retain	E	18	2915.93	7411	1
U-deep-u-repeated	corpus	decode-read	retain	R	18	2707.97	7560	0
U-deep-u-repeated	corpus	decode-read	retain	E	19	2863.82	7411	1
U-deep-u-repeated	corpus	decode-read	retain	R	19	2698.43	7560	0
U-deep-u-repeated	corpus	decode-read	retain	E2	19	2654.25	7258	1
U-deep-u-repeated	corpus	decode-read	retain	R	20	2828.11	7560	0
U-deep-u-repeated	corpus	decode-read	retain	E2	20	2916.58	7258	1
U-deep-u-repeated	corpus	decode-read	retain	E	20	2787.05	7411	1
U-deep-u-repeated	corpus	decode-read	retain	E2	21	2684.17	7258	1
U-deep-u-repeated	corpus	decode-read	retain	E	21	2784.50	7411	1
U-deep-u-repeated	corpus	decode-read	retain	R	21	2736.27	7560	0
U-deep-u-repeated	corpus	encode-core-hot	drop	E	1	1159.26	17139	0
U-deep-u-repeated	corpus	encode-core-hot	drop	R	1	1154.63	17459	0
U-deep-u-repeated	corpus	encode-core-hot	drop	E2	1	1166.64	17083	0
U-deep-u-repeated	corpus	encode-core-hot	drop	R	2	1146.94	17459	0
U-deep-u-repeated	corpus	encode-core-hot	drop	E2	2	1156.51	17083	0
U-deep-u-repeated	corpus	encode-core-hot	drop	E	2	1170.69	17139	0
U-deep-u-repeated	corpus	encode-core-hot	drop	E2	3	1144.11	17083	0
U-deep-u-repeated	corpus	encode-core-hot	drop	E	3	1127.93	17139	0
U-deep-u-repeated	corpus	encode-core-hot	drop	R	3	1135.62	17459	0
U-deep-u-repeated	corpus	encode-core-hot	drop	E	4	1151.20	17139	0
U-deep-u-repeated	corpus	encode-core-hot	drop	R	4	1133.36	17459	0
U-deep-u-repeated	corpus	encode-core-hot	drop	E2	4	1173.07	17083	0
U-deep-u-repeated	corpus	encode-core-hot	drop	R	5	1164.90	17459	0
U-deep-u-repeated	corpus	encode-core-hot	drop	E2	5	1173.10	17083	0
U-deep-u-repeated	corpus	encode-core-hot	drop	E	5	1168.39	17139	0
U-deep-u-repeated	corpus	encode-core-hot	drop	E2	6	1164.88	17083	0
U-deep-u-repeated	corpus	encode-core-hot	drop	E	6	1139.89	17139	0
U-deep-u-repeated	corpus	encode-core-hot	drop	R	6	1121.55	17459	0
U-deep-u-repeated	corpus	encode-core-hot	drop	E	7	1140.43	17139	0
U-deep-u-repeated	corpus	encode-core-hot	drop	R	7	1113.50	17459	0
U-deep-u-repeated	corpus	encode-core-hot	drop	E2	7	1144.52	17083	0
U-deep-u-repeated	corpus	encode-core-hot	drop	R	8	1127.54	17459	0
U-deep-u-repeated	corpus	encode-core-hot	drop	E2	8	1128.76	17083	0
U-deep-u-repeated	corpus	encode-core-hot	drop	E	8	1146.36	17139	0
U-deep-u-repeated	corpus	encode-core-hot	drop	E2	9	1133.90	17083	0
U-deep-u-repeated	corpus	encode-core-hot	drop	E	9	1131.22	17139	0
U-deep-u-repeated	corpus	encode-core-hot	drop	R	9	1091.87	17459	0
U-deep-u-repeated	corpus	encode-core-hot	drop	E	10	1146.62	17139	0
U-deep-u-repeated	corpus	encode-core-hot	drop	R	10	1151.62	17459	0
U-deep-u-repeated	corpus	encode-core-hot	drop	E2	10	1129.52	17083	0
U-deep-u-repeated	corpus	encode-core-hot	drop	R	11	1153.36	17459	0
U-deep-u-repeated	corpus	encode-core-hot	drop	E2	11	1142.74	17083	0
U-deep-u-repeated	corpus	encode-core-hot	drop	E	11	1133.13	17139	0
U-deep-u-repeated	corpus	encode-core-hot	drop	E2	12	1145.51	17083	0
U-deep-u-repeated	corpus	encode-core-hot	drop	E	12	1159.78	17139	0
U-deep-u-repeated	corpus	encode-core-hot	drop	R	12	1183.82	17459	0
U-deep-u-repeated	corpus	encode-core-hot	drop	E	13	1173.35	17139	0
U-deep-u-repeated	corpus	encode-core-hot	drop	R	13	1148.75	17459	0
U-deep-u-repeated	corpus	encode-core-hot	drop	E2	13	1154.81	17083	0
U-deep-u-repeated	corpus	encode-core-hot	drop	R	14	1145.17	17459	0
U-deep-u-repeated	corpus	encode-core-hot	drop	E2	14	1147.97	17083	0
U-deep-u-repeated	corpus	encode-core-hot	drop	E	14	1134.26	17139	0
U-deep-u-repeated	corpus	encode-core-hot	drop	E2	15	1155.89	17083	0
U-deep-u-repeated	corpus	encode-core-hot	drop	E	15	1172.42	17139	0
U-deep-u-repeated	corpus	encode-core-hot	drop	R	15	1137.87	17459	0
U-deep-u-repeated	corpus	encode-core-hot	drop	E	16	1132.11	17139	0
U-deep-u-repeated	corpus	encode-core-hot	drop	R	16	1143.28	17459	0
U-deep-u-repeated	corpus	encode-core-hot	drop	E2	16	1140.65	17083	0
U-deep-u-repeated	corpus	encode-core-hot	drop	R	17	1152.73	17459	0
U-deep-u-repeated	corpus	encode-core-hot	drop	E2	17	1130.67	17083	0
U-deep-u-repeated	corpus	encode-core-hot	drop	E	17	1154.66	17139	0
U-deep-u-repeated	corpus	encode-core-hot	drop	E2	18	1155.95	17083	0
U-deep-u-repeated	corpus	encode-core-hot	drop	E	18	1161.92	17139	0
U-deep-u-repeated	corpus	encode-core-hot	drop	R	18	1150.54	17459	0
U-deep-u-repeated	corpus	encode-core-hot	drop	E	19	1164.02	17139	0
U-deep-u-repeated	corpus	encode-core-hot	drop	R	19	1176.30	17459	0
U-deep-u-repeated	corpus	encode-core-hot	drop	E2	19	1161.99	17083	0
U-deep-u-repeated	corpus	encode-core-hot	drop	R	20	1153.30	17459	0
U-deep-u-repeated	corpus	encode-core-hot	drop	E2	20	1155.90	17083	0
U-deep-u-repeated	corpus	encode-core-hot	drop	E	20	1157.10	17139	0
U-deep-u-repeated	corpus	encode-core-hot	drop	E2	21	1155.47	17083	0
U-deep-u-repeated	corpus	encode-core-hot	drop	E	21	1154.90	17139	0
U-deep-u-repeated	corpus	encode-core-hot	drop	R	21	1156.77	17459	0
U-deep-u-repeated	corpus	encode-core-hot	retain	E	1	1642.08	11982	0
U-deep-u-repeated	corpus	encode-core-hot	retain	R	1	1679.20	11992	0
U-deep-u-repeated	corpus	encode-core-hot	retain	E2	1	1669.48	12257	0
U-deep-u-repeated	corpus	encode-core-hot	retain	R	2	1696.21	11992	0
U-deep-u-repeated	corpus	encode-core-hot	retain	E2	2	1628.65	12257	0
U-deep-u-repeated	corpus	encode-core-hot	retain	E	2	1654.33	11982	0
U-deep-u-repeated	corpus	encode-core-hot	retain	E2	3	1621.23	12257	0
U-deep-u-repeated	corpus	encode-core-hot	retain	E	3	1670.88	11982	0
U-deep-u-repeated	corpus	encode-core-hot	retain	R	3	1660.24	11992	0
U-deep-u-repeated	corpus	encode-core-hot	retain	E	4	1648.35	11982	0
U-deep-u-repeated	corpus	encode-core-hot	retain	R	4	1689.30	11992	0
U-deep-u-repeated	corpus	encode-core-hot	retain	E2	4	1657.36	12257	0
U-deep-u-repeated	corpus	encode-core-hot	retain	R	5	1733.78	11992	0
U-deep-u-repeated	corpus	encode-core-hot	retain	E2	5	1722.14	12257	0
U-deep-u-repeated	corpus	encode-core-hot	retain	E	5	1737.11	11982	0
U-deep-u-repeated	corpus	encode-core-hot	retain	E2	6	1719.54	12257	0
U-deep-u-repeated	corpus	encode-core-hot	retain	E	6	1670.77	11982	0
U-deep-u-repeated	corpus	encode-core-hot	retain	R	6	1666.86	11992	0
U-deep-u-repeated	corpus	encode-core-hot	retain	E	7	1630.21	11982	0
U-deep-u-repeated	corpus	encode-core-hot	retain	R	7	1663.34	11992	0
U-deep-u-repeated	corpus	encode-core-hot	retain	E2	7	1651.97	12257	0
U-deep-u-repeated	corpus	encode-core-hot	retain	R	8	1673.51	11992	0
U-deep-u-repeated	corpus	encode-core-hot	retain	E2	8	1645.28	12257	0
U-deep-u-repeated	corpus	encode-core-hot	retain	E	8	1645.58	11982	0
U-deep-u-repeated	corpus	encode-core-hot	retain	E2	9	1667.06	12257	0
U-deep-u-repeated	corpus	encode-core-hot	retain	E	9	1625.13	11982	0
U-deep-u-repeated	corpus	encode-core-hot	retain	R	9	1712.23	11992	0
U-deep-u-repeated	corpus	encode-core-hot	retain	E	10	1690.60	11982	0
U-deep-u-repeated	corpus	encode-core-hot	retain	R	10	1673.94	11992	0
U-deep-u-repeated	corpus	encode-core-hot	retain	E2	10	1674.05	12257	0
U-deep-u-repeated	corpus	encode-core-hot	retain	R	11	1692.17	11992	0
U-deep-u-repeated	corpus	encode-core-hot	retain	E2	11	1891.98	12257	0
U-deep-u-repeated	corpus	encode-core-hot	retain	E	11	1741.25	11982	0
U-deep-u-repeated	corpus	encode-core-hot	retain	E2	12	1659.90	12257	0
U-deep-u-repeated	corpus	encode-core-hot	retain	E	12	1655.51	11982	0
U-deep-u-repeated	corpus	encode-core-hot	retain	R	12	1713.89	11992	0
U-deep-u-repeated	corpus	encode-core-hot	retain	E	13	1684.47	11982	0
U-deep-u-repeated	corpus	encode-core-hot	retain	R	13	1676.63	11992	0
U-deep-u-repeated	corpus	encode-core-hot	retain	E2	13	1642.49	12257	0
U-deep-u-repeated	corpus	encode-core-hot	retain	R	14	1703.44	11992	0
U-deep-u-repeated	corpus	encode-core-hot	retain	E2	14	1712.20	12257	0
U-deep-u-repeated	corpus	encode-core-hot	retain	E	14	1707.45	11982	0
U-deep-u-repeated	corpus	encode-core-hot	retain	E2	15	1688.17	12257	0
U-deep-u-repeated	corpus	encode-core-hot	retain	E	15	1655.35	11982	0
U-deep-u-repeated	corpus	encode-core-hot	retain	R	15	1680.67	11992	0
U-deep-u-repeated	corpus	encode-core-hot	retain	E	16	1674.14	11982	0
U-deep-u-repeated	corpus	encode-core-hot	retain	R	16	1671.73	11992	0
U-deep-u-repeated	corpus	encode-core-hot	retain	E2	16	1668.01	12257	0
U-deep-u-repeated	corpus	encode-core-hot	retain	R	17	1665.79	11992	0
U-deep-u-repeated	corpus	encode-core-hot	retain	E2	17	1657.34	12257	0
U-deep-u-repeated	corpus	encode-core-hot	retain	E	17	1640.97	11982	0
U-deep-u-repeated	corpus	encode-core-hot	retain	E2	18	1637.35	12257	0
U-deep-u-repeated	corpus	encode-core-hot	retain	E	18	1659.46	11982	0
U-deep-u-repeated	corpus	encode-core-hot	retain	R	18	1673.27	11992	0
U-deep-u-repeated	corpus	encode-core-hot	retain	E	19	1676.20	11982	0
U-deep-u-repeated	corpus	encode-core-hot	retain	R	19	1694.53	11992	0
U-deep-u-repeated	corpus	encode-core-hot	retain	E2	19	1632.35	12257	0
U-deep-u-repeated	corpus	encode-core-hot	retain	R	20	1684.41	11992	0
U-deep-u-repeated	corpus	encode-core-hot	retain	E2	20	1634.79	12257	0
U-deep-u-repeated	corpus	encode-core-hot	retain	E	20	1669.15	11982	0
U-deep-u-repeated	corpus	encode-core-hot	retain	E2	21	1676.57	12257	0
U-deep-u-repeated	corpus	encode-core-hot	retain	E	21	1673.72	11982	0
U-deep-u-repeated	corpus	encode-core-hot	retain	R	21	1691.64	11992	0
U-oneof-u-repeated	corpus	decode-read	drop	E	1	223.89	93082	1
U-oneof-u-repeated	corpus	decode-read	drop	R	1	218.13	94612	0
U-oneof-u-repeated	corpus	decode-read	drop	E2	1	224.27	93342	1
U-oneof-u-repeated	corpus	decode-read	drop	R	2	215.08	94612	0
U-oneof-u-repeated	corpus	decode-read	drop	E2	2	220.44	93342	1
U-oneof-u-repeated	corpus	decode-read	drop	E	2	217.79	93082	1
U-oneof-u-repeated	corpus	decode-read	drop	E2	3	222.10	93342	1
U-oneof-u-repeated	corpus	decode-read	drop	E	3	215.36	93082	1
U-oneof-u-repeated	corpus	decode-read	drop	R	3	216.76	94612	0
U-oneof-u-repeated	corpus	decode-read	drop	E	4	219.32	93082	1
U-oneof-u-repeated	corpus	decode-read	drop	R	4	245.21	94612	0
U-oneof-u-repeated	corpus	decode-read	drop	E2	4	246.75	93342	1
U-oneof-u-repeated	corpus	decode-read	drop	R	5	254.78	94612	0
U-oneof-u-repeated	corpus	decode-read	drop	E2	5	248.19	93342	1
U-oneof-u-repeated	corpus	decode-read	drop	E	5	245.97	93082	1
U-oneof-u-repeated	corpus	decode-read	drop	E2	6	262.63	93342	1
U-oneof-u-repeated	corpus	decode-read	drop	E	6	255.22	93082	1
U-oneof-u-repeated	corpus	decode-read	drop	R	6	245.60	94612	0
U-oneof-u-repeated	corpus	decode-read	drop	E	7	261.15	93082	1
U-oneof-u-repeated	corpus	decode-read	drop	R	7	250.43	94612	0
U-oneof-u-repeated	corpus	decode-read	drop	E2	7	253.43	93342	1
U-oneof-u-repeated	corpus	decode-read	drop	R	8	233.12	94612	0
U-oneof-u-repeated	corpus	decode-read	drop	E2	8	243.82	93342	1
U-oneof-u-repeated	corpus	decode-read	drop	E	8	231.52	93082	1
U-oneof-u-repeated	corpus	decode-read	drop	E2	9	229.90	93342	1
U-oneof-u-repeated	corpus	decode-read	drop	E	9	220.62	93082	1
U-oneof-u-repeated	corpus	decode-read	drop	R	9	223.32	94612	0
U-oneof-u-repeated	corpus	decode-read	drop	E	10	220.28	93082	1
U-oneof-u-repeated	corpus	decode-read	drop	R	10	215.09	94612	0
U-oneof-u-repeated	corpus	decode-read	drop	E2	10	221.32	93342	1
U-oneof-u-repeated	corpus	decode-read	drop	R	11	217.41	94612	0
U-oneof-u-repeated	corpus	decode-read	drop	E2	11	233.50	93342	1
U-oneof-u-repeated	corpus	decode-read	drop	E	11	227.38	93082	1
U-oneof-u-repeated	corpus	decode-read	drop	E2	12	224.78	93342	1
U-oneof-u-repeated	corpus	decode-read	drop	E	12	244.67	93082	1
U-oneof-u-repeated	corpus	decode-read	drop	R	12	230.33	94612	0
U-oneof-u-repeated	corpus	decode-read	drop	E	13	227.32	93082	1
U-oneof-u-repeated	corpus	decode-read	drop	R	13	221.99	94612	0
U-oneof-u-repeated	corpus	decode-read	drop	E2	13	238.39	93342	1
U-oneof-u-repeated	corpus	decode-read	drop	R	14	229.24	94612	0
U-oneof-u-repeated	corpus	decode-read	drop	E2	14	229.71	93342	1
U-oneof-u-repeated	corpus	decode-read	drop	E	14	224.71	93082	1
U-oneof-u-repeated	corpus	decode-read	drop	E2	15	231.56	93342	1
U-oneof-u-repeated	corpus	decode-read	drop	E	15	233.50	93082	1
U-oneof-u-repeated	corpus	decode-read	drop	R	15	223.44	94612	0
U-oneof-u-repeated	corpus	decode-read	drop	E	16	228.27	93082	1
U-oneof-u-repeated	corpus	decode-read	drop	R	16	228.03	94612	0
U-oneof-u-repeated	corpus	decode-read	drop	E2	16	232.08	93342	1
U-oneof-u-repeated	corpus	decode-read	drop	R	17	223.71	94612	0
U-oneof-u-repeated	corpus	decode-read	drop	E2	17	221.42	93342	1
U-oneof-u-repeated	corpus	decode-read	drop	E	17	220.82	93082	1
U-oneof-u-repeated	corpus	decode-read	drop	E2	18	223.88	93342	1
U-oneof-u-repeated	corpus	decode-read	drop	E	18	229.36	93082	1
U-oneof-u-repeated	corpus	decode-read	drop	R	18	218.67	94612	0
U-oneof-u-repeated	corpus	decode-read	drop	E	19	221.56	93082	1
U-oneof-u-repeated	corpus	decode-read	drop	R	19	222.94	94612	0
U-oneof-u-repeated	corpus	decode-read	drop	E2	19	218.07	93342	1
U-oneof-u-repeated	corpus	decode-read	drop	R	20	218.28	94612	0
U-oneof-u-repeated	corpus	decode-read	drop	E2	20	220.40	93342	1
U-oneof-u-repeated	corpus	decode-read	drop	E	20	225.79	93082	1
U-oneof-u-repeated	corpus	decode-read	drop	E2	21	220.64	93342	1
U-oneof-u-repeated	corpus	decode-read	drop	E	21	219.15	93082	1
U-oneof-u-repeated	corpus	decode-read	drop	R	21	217.68	94612	0
U-oneof-u-repeated	corpus	decode-read	retain	E	1	280.10	70668	1
U-oneof-u-repeated	corpus	decode-read	retain	R	1	273.81	68051	0
U-oneof-u-repeated	corpus	decode-read	retain	E2	1	279.20	71774	1
U-oneof-u-repeated	corpus	decode-read	retain	R	2	279.98	68051	0
U-oneof-u-repeated	corpus	decode-read	retain	E2	2	278.49	71774	1
U-oneof-u-repeated	corpus	decode-read	retain	E	2	279.07	70668	1
U-oneof-u-repeated	corpus	decode-read	retain	E2	3	277.20	71774	1
U-oneof-u-repeated	corpus	decode-read	retain	E	3	284.69	70668	1
U-oneof-u-repeated	corpus	decode-read	retain	R	3	278.12	68051	0
U-oneof-u-repeated	corpus	decode-read	retain	E	4	276.94	70668	1
U-oneof-u-repeated	corpus	decode-read	retain	R	4	272.60	68051	0
U-oneof-u-repeated	corpus	decode-read	retain	E2	4	277.56	71774	1
U-oneof-u-repeated	corpus	decode-read	retain	R	5	274.38	68051	0
U-oneof-u-repeated	corpus	decode-read	retain	E2	5	282.60	71774	1
U-oneof-u-repeated	corpus	decode-read	retain	E	5	277.29	70668	1
U-oneof-u-repeated	corpus	decode-read	retain	E2	6	282.57	71774	1
U-oneof-u-repeated	corpus	decode-read	retain	E	6	274.31	70668	1
U-oneof-u-repeated	corpus	decode-read	retain	R	6	271.22	68051	0
U-oneof-u-repeated	corpus	decode-read	retain	E	7	282.60	70668	1
U-oneof-u-repeated	corpus	decode-read	retain	R	7	278.46	68051	0
U-oneof-u-repeated	corpus	decode-read	retain	E2	7	281.69	71774	1
U-oneof-u-repeated	corpus	decode-read	retain	R	8	287.64	68051	0
U-oneof-u-repeated	corpus	decode-read	retain	E2	8	276.99	71774	1
U-oneof-u-repeated	corpus	decode-read	retain	E	8	281.67	70668	1
U-oneof-u-repeated	corpus	decode-read	retain	E2	9	279.25	71774	1
U-oneof-u-repeated	corpus	decode-read	retain	E	9	276.84	70668	1
U-oneof-u-repeated	corpus	decode-read	retain	R	9	275.42	68051	0
U-oneof-u-repeated	corpus	decode-read	retain	E	10	284.90	70668	1
U-oneof-u-repeated	corpus	decode-read	retain	R	10	274.46	68051	0
U-oneof-u-repeated	corpus	decode-read	retain	E2	10	283.24	71774	1
U-oneof-u-repeated	corpus	decode-read	retain	R	11	275.57	68051	0
U-oneof-u-repeated	corpus	decode-read	retain	E2	11	281.72	71774	1
U-oneof-u-repeated	corpus	decode-read	retain	E	11	278.13	70668	1
U-oneof-u-repeated	corpus	decode-read	retain	E2	12	279.34	71774	1
U-oneof-u-repeated	corpus	decode-read	retain	E	12	277.50	70668	1
U-oneof-u-repeated	corpus	decode-read	retain	R	12	274.29	68051	0
U-oneof-u-repeated	corpus	decode-read	retain	E	13	279.84	70668	1
U-oneof-u-repeated	corpus	decode-read	retain	R	13	285.34	68051	0
U-oneof-u-repeated	corpus	decode-read	retain	E2	13	283.76	71774	1
U-oneof-u-repeated	corpus	decode-read	retain	R	14	295.86	68051	0
U-oneof-u-repeated	corpus	decode-read	retain	E2	14	277.43	71774	1
U-oneof-u-repeated	corpus	decode-read	retain	E	14	281.01	70668	1
U-oneof-u-repeated	corpus	decode-read	retain	E2	15	282.20	71774	1
U-oneof-u-repeated	corpus	decode-read	retain	E	15	278.90	70668	1
U-oneof-u-repeated	corpus	decode-read	retain	R	15	275.64	68051	0
U-oneof-u-repeated	corpus	decode-read	retain	E	16	278.59	70668	1
U-oneof-u-repeated	corpus	decode-read	retain	R	16	273.29	68051	0
U-oneof-u-repeated	corpus	decode-read	retain	E2	16	285.25	71774	1
U-oneof-u-repeated	corpus	decode-read	retain	R	17	273.24	68051	0
U-oneof-u-repeated	corpus	decode-read	retain	E2	17	279.80	71774	1
U-oneof-u-repeated	corpus	decode-read	retain	E	17	281.91	70668	1
U-oneof-u-repeated	corpus	decode-read	retain	E2	18	294.03	71774	1
U-oneof-u-repeated	corpus	decode-read	retain	E	18	283.74	70668	1
U-oneof-u-repeated	corpus	decode-read	retain	R	18	277.34	68051	0
U-oneof-u-repeated	corpus	decode-read	retain	E	19	280.89	70668	1
U-oneof-u-repeated	corpus	decode-read	retain	R	19	271.44	68051	0
U-oneof-u-repeated	corpus	decode-read	retain	E2	19	281.71	71774	1
U-oneof-u-repeated	corpus	decode-read	retain	R	20	280.06	68051	0
U-oneof-u-repeated	corpus	decode-read	retain	E2	20	276.93	71774	1
U-oneof-u-repeated	corpus	decode-read	retain	E	20	295.33	70668	1
U-oneof-u-repeated	corpus	decode-read	retain	E2	21	285.85	71774	1
U-oneof-u-repeated	corpus	decode-read	retain	E	21	299.84	70668	1
U-oneof-u-repeated	corpus	decode-read	retain	R	21	296.97	68051	0
U-oneof-u-repeated	corpus	encode-core-hot	drop	E	1	118.15	165703	0
U-oneof-u-repeated	corpus	encode-core-hot	drop	R	1	109.52	181853	0
U-oneof-u-repeated	corpus	encode-core-hot	drop	E2	1	113.94	176604	0
U-oneof-u-repeated	corpus	encode-core-hot	drop	R	2	109.19	181853	0
U-oneof-u-repeated	corpus	encode-core-hot	drop	E2	2	121.64	176604	0
U-oneof-u-repeated	corpus	encode-core-hot	drop	E	2	113.09	165703	0
U-oneof-u-repeated	corpus	encode-core-hot	drop	E2	3	113.78	176604	0
U-oneof-u-repeated	corpus	encode-core-hot	drop	E	3	114.19	165703	0
U-oneof-u-repeated	corpus	encode-core-hot	drop	R	3	113.45	181853	0
U-oneof-u-repeated	corpus	encode-core-hot	drop	E	4	117.59	165703	0
U-oneof-u-repeated	corpus	encode-core-hot	drop	R	4	114.39	181853	0
U-oneof-u-repeated	corpus	encode-core-hot	drop	E2	4	114.62	176604	0
U-oneof-u-repeated	corpus	encode-core-hot	drop	R	5	109.59	181853	0
U-oneof-u-repeated	corpus	encode-core-hot	drop	E2	5	112.51	176604	0
U-oneof-u-repeated	corpus	encode-core-hot	drop	E	5	111.69	165703	0
U-oneof-u-repeated	corpus	encode-core-hot	drop	E2	6	110.09	176604	0
U-oneof-u-repeated	corpus	encode-core-hot	drop	E	6	109.58	165703	0
U-oneof-u-repeated	corpus	encode-core-hot	drop	R	6	108.31	181853	0
U-oneof-u-repeated	corpus	encode-core-hot	drop	E	7	109.78	165703	0
U-oneof-u-repeated	corpus	encode-core-hot	drop	R	7	113.54	181853	0
U-oneof-u-repeated	corpus	encode-core-hot	drop	E2	7	111.99	176604	0
U-oneof-u-repeated	corpus	encode-core-hot	drop	R	8	107.98	181853	0
U-oneof-u-repeated	corpus	encode-core-hot	drop	E2	8	111.25	176604	0
U-oneof-u-repeated	corpus	encode-core-hot	drop	E	8	113.61	165703	0
U-oneof-u-repeated	corpus	encode-core-hot	drop	E2	9	112.20	176604	0
U-oneof-u-repeated	corpus	encode-core-hot	drop	E	9	110.88	165703	0
U-oneof-u-repeated	corpus	encode-core-hot	drop	R	9	108.67	181853	0
U-oneof-u-repeated	corpus	encode-core-hot	drop	E	10	112.76	165703	0
U-oneof-u-repeated	corpus	encode-core-hot	drop	R	10	109.60	181853	0
U-oneof-u-repeated	corpus	encode-core-hot	drop	E2	10	110.35	176604	0
U-oneof-u-repeated	corpus	encode-core-hot	drop	R	11	108.99	181853	0
U-oneof-u-repeated	corpus	encode-core-hot	drop	E2	11	110.08	176604	0
U-oneof-u-repeated	corpus	encode-core-hot	drop	E	11	111.14	165703	0
U-oneof-u-repeated	corpus	encode-core-hot	drop	E2	12	109.91	176604	0
U-oneof-u-repeated	corpus	encode-core-hot	drop	E	12	110.03	165703	0
U-oneof-u-repeated	corpus	encode-core-hot	drop	R	12	106.40	181853	0
U-oneof-u-repeated	corpus	encode-core-hot	drop	E	13	111.36	165703	0
U-oneof-u-repeated	corpus	encode-core-hot	drop	R	13	107.13	181853	0
U-oneof-u-repeated	corpus	encode-core-hot	drop	E2	13	111.21	176604	0
U-oneof-u-repeated	corpus	encode-core-hot	drop	R	14	105.93	181853	0
U-oneof-u-repeated	corpus	encode-core-hot	drop	E2	14	110.12	176604	0
U-oneof-u-repeated	corpus	encode-core-hot	drop	E	14	111.31	165703	0
U-oneof-u-repeated	corpus	encode-core-hot	drop	E2	15	110.90	176604	0
U-oneof-u-repeated	corpus	encode-core-hot	drop	E	15	109.75	165703	0
U-oneof-u-repeated	corpus	encode-core-hot	drop	R	15	107.19	181853	0
U-oneof-u-repeated	corpus	encode-core-hot	drop	E	16	110.15	165703	0
U-oneof-u-repeated	corpus	encode-core-hot	drop	R	16	106.65	181853	0
U-oneof-u-repeated	corpus	encode-core-hot	drop	E2	16	112.37	176604	0
U-oneof-u-repeated	corpus	encode-core-hot	drop	R	17	108.12	181853	0
U-oneof-u-repeated	corpus	encode-core-hot	drop	E2	17	114.17	176604	0
U-oneof-u-repeated	corpus	encode-core-hot	drop	E	17	115.86	165703	0
U-oneof-u-repeated	corpus	encode-core-hot	drop	E2	18	114.62	176604	0
U-oneof-u-repeated	corpus	encode-core-hot	drop	E	18	111.96	165703	0
U-oneof-u-repeated	corpus	encode-core-hot	drop	R	18	109.85	181853	0
U-oneof-u-repeated	corpus	encode-core-hot	drop	E	19	112.13	165703	0
U-oneof-u-repeated	corpus	encode-core-hot	drop	R	19	110.02	181853	0
U-oneof-u-repeated	corpus	encode-core-hot	drop	E2	19	111.60	176604	0
U-oneof-u-repeated	corpus	encode-core-hot	drop	R	20	111.05	181853	0
U-oneof-u-repeated	corpus	encode-core-hot	drop	E2	20	120.43	176604	0
U-oneof-u-repeated	corpus	encode-core-hot	drop	E	20	111.74	165703	0
U-oneof-u-repeated	corpus	encode-core-hot	drop	E2	21	111.31	176604	0
U-oneof-u-repeated	corpus	encode-core-hot	drop	E	21	111.03	165703	0
U-oneof-u-repeated	corpus	encode-core-hot	drop	R	21	109.59	181853	0
U-oneof-u-repeated	corpus	encode-core-hot	retain	E	1	125.98	155297	0
U-oneof-u-repeated	corpus	encode-core-hot	retain	R	1	120.38	171066	0
U-oneof-u-repeated	corpus	encode-core-hot	retain	E2	1	125.44	155682	0
U-oneof-u-repeated	corpus	encode-core-hot	retain	R	2	120.68	171066	0
U-oneof-u-repeated	corpus	encode-core-hot	retain	E2	2	127.21	155682	0
U-oneof-u-repeated	corpus	encode-core-hot	retain	E	2	127.64	155297	0
U-oneof-u-repeated	corpus	encode-core-hot	retain	E2	3	126.57	155682	0
U-oneof-u-repeated	corpus	encode-core-hot	retain	E	3	127.45	155297	0
U-oneof-u-repeated	corpus	encode-core-hot	retain	R	3	124.31	171066	0
U-oneof-u-repeated	corpus	encode-core-hot	retain	E	4	129.49	155297	0
U-oneof-u-repeated	corpus	encode-core-hot	retain	R	4	121.26	171066	0
U-oneof-u-repeated	corpus	encode-core-hot	retain	E2	4	127.19	155682	0
U-oneof-u-repeated	corpus	encode-core-hot	retain	R	5	119.96	171066	0
U-oneof-u-repeated	corpus	encode-core-hot	retain	E2	5	125.57	155682	0
U-oneof-u-repeated	corpus	encode-core-hot	retain	E	5	126.54	155297	0
U-oneof-u-repeated	corpus	encode-core-hot	retain	E2	6	125.92	155682	0
U-oneof-u-repeated	corpus	encode-core-hot	retain	E	6	124.69	155297	0
U-oneof-u-repeated	corpus	encode-core-hot	retain	R	6	118.75	171066	0
U-oneof-u-repeated	corpus	encode-core-hot	retain	E	7	126.91	155297	0
U-oneof-u-repeated	corpus	encode-core-hot	retain	R	7	120.13	171066	0
U-oneof-u-repeated	corpus	encode-core-hot	retain	E2	7	126.48	155682	0
U-oneof-u-repeated	corpus	encode-core-hot	retain	R	8	119.18	171066	0
U-oneof-u-repeated	corpus	encode-core-hot	retain	E2	8	125.76	155682	0
U-oneof-u-repeated	corpus	encode-core-hot	retain	E	8	126.09	155297	0
U-oneof-u-repeated	corpus	encode-core-hot	retain	E2	9	126.32	155682	0
U-oneof-u-repeated	corpus	encode-core-hot	retain	E	9	125.21	155297	0
U-oneof-u-repeated	corpus	encode-core-hot	retain	R	9	118.23	171066	0
U-oneof-u-repeated	corpus	encode-core-hot	retain	E	10	125.22	155297	0
U-oneof-u-repeated	corpus	encode-core-hot	retain	R	10	119.06	171066	0
U-oneof-u-repeated	corpus	encode-core-hot	retain	E2	10	124.06	155682	0
U-oneof-u-repeated	corpus	encode-core-hot	retain	R	11	115.67	171066	0
U-oneof-u-repeated	corpus	encode-core-hot	retain	E2	11	125.48	155682	0
U-oneof-u-repeated	corpus	encode-core-hot	retain	E	11	125.38	155297	0
U-oneof-u-repeated	corpus	encode-core-hot	retain	E2	12	125.61	155682	0
U-oneof-u-repeated	corpus	encode-core-hot	retain	E	12	128.18	155297	0
U-oneof-u-repeated	corpus	encode-core-hot	retain	R	12	117.94	171066	0
U-oneof-u-repeated	corpus	encode-core-hot	retain	E	13	122.93	155297	0
U-oneof-u-repeated	corpus	encode-core-hot	retain	R	13	117.79	171066	0
U-oneof-u-repeated	corpus	encode-core-hot	retain	E2	13	123.88	155682	0
U-oneof-u-repeated	corpus	encode-core-hot	retain	R	14	119.38	171066	0
U-oneof-u-repeated	corpus	encode-core-hot	retain	E2	14	125.47	155682	0
U-oneof-u-repeated	corpus	encode-core-hot	retain	E	14	126.03	155297	0
U-oneof-u-repeated	corpus	encode-core-hot	retain	E2	15	126.37	155682	0
U-oneof-u-repeated	corpus	encode-core-hot	retain	E	15	126.35	155297	0
U-oneof-u-repeated	corpus	encode-core-hot	retain	R	15	119.03	171066	0
U-oneof-u-repeated	corpus	encode-core-hot	retain	E	16	126.54	155297	0
U-oneof-u-repeated	corpus	encode-core-hot	retain	R	16	118.96	171066	0
U-oneof-u-repeated	corpus	encode-core-hot	retain	E2	16	126.03	155682	0
U-oneof-u-repeated	corpus	encode-core-hot	retain	R	17	118.08	171066	0
U-oneof-u-repeated	corpus	encode-core-hot	retain	E2	17	124.96	155682	0
U-oneof-u-repeated	corpus	encode-core-hot	retain	E	17	125.89	155297	0
U-oneof-u-repeated	corpus	encode-core-hot	retain	E2	18	126.52	155682	0
U-oneof-u-repeated	corpus	encode-core-hot	retain	E	18	131.49	155297	0
U-oneof-u-repeated	corpus	encode-core-hot	retain	R	18	123.79	171066	0
U-oneof-u-repeated	corpus	encode-core-hot	retain	E	19	133.73	155297	0
U-oneof-u-repeated	corpus	encode-core-hot	retain	R	19	134.01	171066	0
U-oneof-u-repeated	corpus	encode-core-hot	retain	E2	19	130.01	155682	0
U-oneof-u-repeated	corpus	encode-core-hot	retain	R	20	124.19	171066	0
U-oneof-u-repeated	corpus	encode-core-hot	retain	E2	20	130.39	155682	0
U-oneof-u-repeated	corpus	encode-core-hot	retain	E	20	128.33	155297	0
U-oneof-u-repeated	corpus	encode-core-hot	retain	E2	21	131.18	155682	0
U-oneof-u-repeated	corpus	encode-core-hot	retain	E	21	131.29	155297	0
U-oneof-u-repeated	corpus	encode-core-hot	retain	R	21	121.52	171066	0
U-wire-ListTaskSummaryResponse-tasks-as-wt5	corpus	decode-read	drop	E	1	2455.34	8063	1
U-wire-ListTaskSummaryResponse-tasks-as-wt5	corpus	decode-read	drop	R	1	2485.82	8125	0
U-wire-ListTaskSummaryResponse-tasks-as-wt5	corpus	decode-read	drop	E2	1	2452.60	8206	1
U-wire-ListTaskSummaryResponse-tasks-as-wt5	corpus	decode-read	drop	R	2	2478.77	8125	0
U-wire-ListTaskSummaryResponse-tasks-as-wt5	corpus	decode-read	drop	E2	2	2439.92	8206	1
U-wire-ListTaskSummaryResponse-tasks-as-wt5	corpus	decode-read	drop	E	2	2432.78	8063	1
U-wire-ListTaskSummaryResponse-tasks-as-wt5	corpus	decode-read	drop	E2	3	2479.96	8206	1
U-wire-ListTaskSummaryResponse-tasks-as-wt5	corpus	decode-read	drop	E	3	2449.57	8063	1
U-wire-ListTaskSummaryResponse-tasks-as-wt5	corpus	decode-read	drop	R	3	2444.91	8125	0
U-wire-ListTaskSummaryResponse-tasks-as-wt5	corpus	decode-read	drop	E	4	2451.93	8063	1
U-wire-ListTaskSummaryResponse-tasks-as-wt5	corpus	decode-read	drop	R	4	2428.63	8125	0
U-wire-ListTaskSummaryResponse-tasks-as-wt5	corpus	decode-read	drop	E2	4	2467.33	8206	1
U-wire-ListTaskSummaryResponse-tasks-as-wt5	corpus	decode-read	drop	R	5	2440.25	8125	0
U-wire-ListTaskSummaryResponse-tasks-as-wt5	corpus	decode-read	drop	E2	5	2427.05	8206	1
U-wire-ListTaskSummaryResponse-tasks-as-wt5	corpus	decode-read	drop	E	5	2426.55	8063	1
U-wire-ListTaskSummaryResponse-tasks-as-wt5	corpus	decode-read	drop	E2	6	2419.55	8206	1
U-wire-ListTaskSummaryResponse-tasks-as-wt5	corpus	decode-read	drop	E	6	2460.93	8063	1
U-wire-ListTaskSummaryResponse-tasks-as-wt5	corpus	decode-read	drop	R	6	2435.39	8125	0
U-wire-ListTaskSummaryResponse-tasks-as-wt5	corpus	decode-read	drop	E	7	2433.91	8063	1
U-wire-ListTaskSummaryResponse-tasks-as-wt5	corpus	decode-read	drop	R	7	2439.98	8125	0
U-wire-ListTaskSummaryResponse-tasks-as-wt5	corpus	decode-read	drop	E2	7	2482.69	8206	1
U-wire-ListTaskSummaryResponse-tasks-as-wt5	corpus	decode-read	drop	R	8	2445.68	8125	0
U-wire-ListTaskSummaryResponse-tasks-as-wt5	corpus	decode-read	drop	E2	8	2433.08	8206	1
U-wire-ListTaskSummaryResponse-tasks-as-wt5	corpus	decode-read	drop	E	8	2432.15	8063	1
U-wire-ListTaskSummaryResponse-tasks-as-wt5	corpus	decode-read	drop	E2	9	2444.66	8206	1
U-wire-ListTaskSummaryResponse-tasks-as-wt5	corpus	decode-read	drop	E	9	2531.73	8063	1
U-wire-ListTaskSummaryResponse-tasks-as-wt5	corpus	decode-read	drop	R	9	2451.22	8125	0
U-wire-ListTaskSummaryResponse-tasks-as-wt5	corpus	decode-read	drop	E	10	2431.29	8063	1
U-wire-ListTaskSummaryResponse-tasks-as-wt5	corpus	decode-read	drop	R	10	2428.22	8125	0
U-wire-ListTaskSummaryResponse-tasks-as-wt5	corpus	decode-read	drop	E2	10	2435.07	8206	1
U-wire-ListTaskSummaryResponse-tasks-as-wt5	corpus	decode-read	drop	R	11	2491.62	8125	0
U-wire-ListTaskSummaryResponse-tasks-as-wt5	corpus	decode-read	drop	E2	11	2448.11	8206	1
U-wire-ListTaskSummaryResponse-tasks-as-wt5	corpus	decode-read	drop	E	11	2432.20	8063	1
U-wire-ListTaskSummaryResponse-tasks-as-wt5	corpus	decode-read	drop	E2	12	2413.84	8206	1
U-wire-ListTaskSummaryResponse-tasks-as-wt5	corpus	decode-read	drop	E	12	2441.24	8063	1
U-wire-ListTaskSummaryResponse-tasks-as-wt5	corpus	decode-read	drop	R	12	2510.01	8125	0
U-wire-ListTaskSummaryResponse-tasks-as-wt5	corpus	decode-read	drop	E	13	2435.65	8063	1
U-wire-ListTaskSummaryResponse-tasks-as-wt5	corpus	decode-read	drop	R	13	2439.90	8125	0
U-wire-ListTaskSummaryResponse-tasks-as-wt5	corpus	decode-read	drop	E2	13	2446.55	8206	1
U-wire-ListTaskSummaryResponse-tasks-as-wt5	corpus	decode-read	drop	R	14	2449.96	8125	0
U-wire-ListTaskSummaryResponse-tasks-as-wt5	corpus	decode-read	drop	E2	14	2491.21	8206	1
U-wire-ListTaskSummaryResponse-tasks-as-wt5	corpus	decode-read	drop	E	14	2448.46	8063	1
U-wire-ListTaskSummaryResponse-tasks-as-wt5	corpus	decode-read	drop	E2	15	2423.57	8206	1
U-wire-ListTaskSummaryResponse-tasks-as-wt5	corpus	decode-read	drop	E	15	2415.55	8063	1
U-wire-ListTaskSummaryResponse-tasks-as-wt5	corpus	decode-read	drop	R	15	2445.10	8125	0
U-wire-ListTaskSummaryResponse-tasks-as-wt5	corpus	decode-read	drop	E	16	2485.54	8063	1
U-wire-ListTaskSummaryResponse-tasks-as-wt5	corpus	decode-read	drop	R	16	2520.67	8125	0
U-wire-ListTaskSummaryResponse-tasks-as-wt5	corpus	decode-read	drop	E2	16	2532.20	8206	1
U-wire-ListTaskSummaryResponse-tasks-as-wt5	corpus	decode-read	drop	R	17	2478.35	8125	0
U-wire-ListTaskSummaryResponse-tasks-as-wt5	corpus	decode-read	drop	E2	17	2453.63	8206	1
U-wire-ListTaskSummaryResponse-tasks-as-wt5	corpus	decode-read	drop	E	17	2443.52	8063	1
U-wire-ListTaskSummaryResponse-tasks-as-wt5	corpus	decode-read	drop	E2	18	2430.95	8206	1
U-wire-ListTaskSummaryResponse-tasks-as-wt5	corpus	decode-read	drop	E	18	2418.83	8063	1
U-wire-ListTaskSummaryResponse-tasks-as-wt5	corpus	decode-read	drop	R	18	2433.55	8125	0
U-wire-ListTaskSummaryResponse-tasks-as-wt5	corpus	decode-read	drop	E	19	2462.49	8063	1
U-wire-ListTaskSummaryResponse-tasks-as-wt5	corpus	decode-read	drop	R	19	2476.84	8125	0
U-wire-ListTaskSummaryResponse-tasks-as-wt5	corpus	decode-read	drop	E2	19	2829.52	8206	1
U-wire-ListTaskSummaryResponse-tasks-as-wt5	corpus	decode-read	drop	R	20	3363.80	8125	0
U-wire-ListTaskSummaryResponse-tasks-as-wt5	corpus	decode-read	drop	E2	20	2436.31	8206	1
U-wire-ListTaskSummaryResponse-tasks-as-wt5	corpus	decode-read	drop	E	20	2459.98	8063	1
U-wire-ListTaskSummaryResponse-tasks-as-wt5	corpus	decode-read	drop	E2	21	2497.39	8206	1
U-wire-ListTaskSummaryResponse-tasks-as-wt5	corpus	decode-read	drop	E	21	2457.83	8063	1
U-wire-ListTaskSummaryResponse-tasks-as-wt5	corpus	decode-read	drop	R	21	2462.61	8125	0
U-wire-ListTaskSummaryResponse-tasks-as-wt5	corpus	decode-read	retain	E	1	2658.07	7220	1
U-wire-ListTaskSummaryResponse-tasks-as-wt5	corpus	decode-read	retain	R	1	2484.13	7832	0
U-wire-ListTaskSummaryResponse-tasks-as-wt5	corpus	decode-read	retain	E2	1	2507.32	6593	1
U-wire-ListTaskSummaryResponse-tasks-as-wt5	corpus	decode-read	retain	R	2	2497.01	7832	0
U-wire-ListTaskSummaryResponse-tasks-as-wt5	corpus	decode-read	retain	E2	2	2524.63	6593	1
U-wire-ListTaskSummaryResponse-tasks-as-wt5	corpus	decode-read	retain	E	2	2476.91	7220	1
U-wire-ListTaskSummaryResponse-tasks-as-wt5	corpus	decode-read	retain	E2	3	2596.68	6593	1
U-wire-ListTaskSummaryResponse-tasks-as-wt5	corpus	decode-read	retain	E	3	2491.41	7220	1
U-wire-ListTaskSummaryResponse-tasks-as-wt5	corpus	decode-read	retain	R	3	2583.28	7832	0
U-wire-ListTaskSummaryResponse-tasks-as-wt5	corpus	decode-read	retain	E	4	2602.50	7220	1
U-wire-ListTaskSummaryResponse-tasks-as-wt5	corpus	decode-read	retain	R	4	2554.96	7832	0
U-wire-ListTaskSummaryResponse-tasks-as-wt5	corpus	decode-read	retain	E2	4	2646.08	6593	1
U-wire-ListTaskSummaryResponse-tasks-as-wt5	corpus	decode-read	retain	R	5	2597.35	7832	0
U-wire-ListTaskSummaryResponse-tasks-as-wt5	corpus	decode-read	retain	E2	5	2504.37	6593	1
U-wire-ListTaskSummaryResponse-tasks-as-wt5	corpus	decode-read	retain	E	5	2572.39	7220	1
U-wire-ListTaskSummaryResponse-tasks-as-wt5	corpus	decode-read	retain	E2	6	2528.08	6593	1
U-wire-ListTaskSummaryResponse-tasks-as-wt5	corpus	decode-read	retain	E	6	2527.53	7220	1
U-wire-ListTaskSummaryResponse-tasks-as-wt5	corpus	decode-read	retain	R	6	2809.28	7832	0
U-wire-ListTaskSummaryResponse-tasks-as-wt5	corpus	decode-read	retain	E	7	2683.91	7220	1
U-wire-ListTaskSummaryResponse-tasks-as-wt5	corpus	decode-read	retain	R	7	2611.35	7832	0
U-wire-ListTaskSummaryResponse-tasks-as-wt5	corpus	decode-read	retain	E2	7	2526.32	6593	1
U-wire-ListTaskSummaryResponse-tasks-as-wt5	corpus	decode-read	retain	R	8	2578.55	7832	0
U-wire-ListTaskSummaryResponse-tasks-as-wt5	corpus	decode-read	retain	E2	8	2535.90	6593	1
U-wire-ListTaskSummaryResponse-tasks-as-wt5	corpus	decode-read	retain	E	8	2535.52	7220	1
U-wire-ListTaskSummaryResponse-tasks-as-wt5	corpus	decode-read	retain	E2	9	2542.61	6593	1
U-wire-ListTaskSummaryResponse-tasks-as-wt5	corpus	decode-read	retain	E	9	2547.91	7220	1
U-wire-ListTaskSummaryResponse-tasks-as-wt5	corpus	decode-read	retain	R	9	2524.77	7832	0
U-wire-ListTaskSummaryResponse-tasks-as-wt5	corpus	decode-read	retain	E	10	2519.39	7220	1
U-wire-ListTaskSummaryResponse-tasks-as-wt5	corpus	decode-read	retain	R	10	2557.72	7832	0
U-wire-ListTaskSummaryResponse-tasks-as-wt5	corpus	decode-read	retain	E2	10	2528.56	6593	1
U-wire-ListTaskSummaryResponse-tasks-as-wt5	corpus	decode-read	retain	R	11	2534.85	7832	0
U-wire-ListTaskSummaryResponse-tasks-as-wt5	corpus	decode-read	retain	E2	11	2470.03	6593	1
U-wire-ListTaskSummaryResponse-tasks-as-wt5	corpus	decode-read	retain	E	11	2527.74	7220	1
U-wire-ListTaskSummaryResponse-tasks-as-wt5	corpus	decode-read	retain	E2	12	2640.08	6593	1
U-wire-ListTaskSummaryResponse-tasks-as-wt5	corpus	decode-read	retain	E	12	2567.18	7220	1
U-wire-ListTaskSummaryResponse-tasks-as-wt5	corpus	decode-read	retain	R	12	2696.95	7832	0
U-wire-ListTaskSummaryResponse-tasks-as-wt5	corpus	decode-read	retain	E	13	2722.91	7220	1
U-wire-ListTaskSummaryResponse-tasks-as-wt5	corpus	decode-read	retain	R	13	2567.11	7832	0
U-wire-ListTaskSummaryResponse-tasks-as-wt5	corpus	decode-read	retain	E2	13	2578.34	6593	1
U-wire-ListTaskSummaryResponse-tasks-as-wt5	corpus	decode-read	retain	R	14	2513.62	7832	0
U-wire-ListTaskSummaryResponse-tasks-as-wt5	corpus	decode-read	retain	E2	14	2524.26	6593	1
U-wire-ListTaskSummaryResponse-tasks-as-wt5	corpus	decode-read	retain	E	14	2500.52	7220	1
U-wire-ListTaskSummaryResponse-tasks-as-wt5	corpus	decode-read	retain	E2	15	2489.31	6593	1
U-wire-ListTaskSummaryResponse-tasks-as-wt5	corpus	decode-read	retain	E	15	2599.25	7220	1
U-wire-ListTaskSummaryResponse-tasks-as-wt5	corpus	decode-read	retain	R	15	2621.85	7832	0
U-wire-ListTaskSummaryResponse-tasks-as-wt5	corpus	decode-read	retain	E	16	2613.95	7220	1
U-wire-ListTaskSummaryResponse-tasks-as-wt5	corpus	decode-read	retain	R	16	2581.15	7832	0
U-wire-ListTaskSummaryResponse-tasks-as-wt5	corpus	decode-read	retain	E2	16	2543.24	6593	1
U-wire-ListTaskSummaryResponse-tasks-as-wt5	corpus	decode-read	retain	R	17	2573.62	7832	0
U-wire-ListTaskSummaryResponse-tasks-as-wt5	corpus	decode-read	retain	E2	17	2641.41	6593	1
U-wire-ListTaskSummaryResponse-tasks-as-wt5	corpus	decode-read	retain	E	17	2536.18	7220	1
U-wire-ListTaskSummaryResponse-tasks-as-wt5	corpus	decode-read	retain	E2	18	2567.11	6593	1
U-wire-ListTaskSummaryResponse-tasks-as-wt5	corpus	decode-read	retain	E	18	2553.70	7220	1
U-wire-ListTaskSummaryResponse-tasks-as-wt5	corpus	decode-read	retain	R	18	2629.14	7832	0
U-wire-ListTaskSummaryResponse-tasks-as-wt5	corpus	decode-read	retain	E	19	2539.81	7220	1
U-wire-ListTaskSummaryResponse-tasks-as-wt5	corpus	decode-read	retain	R	19	2593.74	7832	0
U-wire-ListTaskSummaryResponse-tasks-as-wt5	corpus	decode-read	retain	E2	19	2548.00	6593	1
U-wire-ListTaskSummaryResponse-tasks-as-wt5	corpus	decode-read	retain	R	20	2613.86	7832	0
U-wire-ListTaskSummaryResponse-tasks-as-wt5	corpus	decode-read	retain	E2	20	2613.62	6593	1
U-wire-ListTaskSummaryResponse-tasks-as-wt5	corpus	decode-read	retain	E	20	2557.29	7220	1
U-wire-ListTaskSummaryResponse-tasks-as-wt5	corpus	decode-read	retain	E2	21	2632.78	6593	1
U-wire-ListTaskSummaryResponse-tasks-as-wt5	corpus	decode-read	retain	E	21	2593.64	7220	1
U-wire-ListTaskSummaryResponse-tasks-as-wt5	corpus	decode-read	retain	R	21	2794.47	7832	0
U-wire-ListTaskSummaryResponse-tasks-as-wt5	corpus	encode-core-hot	drop	E	1	1110.63	15191	0
U-wire-ListTaskSummaryResponse-tasks-as-wt5	corpus	encode-core-hot	drop	R	1	1145.03	17505	0
U-wire-ListTaskSummaryResponse-tasks-as-wt5	corpus	encode-core-hot	drop	E2	1	1136.80	18227	0
U-wire-ListTaskSummaryResponse-tasks-as-wt5	corpus	encode-core-hot	drop	R	2	1133.80	17505	0
U-wire-ListTaskSummaryResponse-tasks-as-wt5	corpus	encode-core-hot	drop	E2	2	1111.89	18227	0
U-wire-ListTaskSummaryResponse-tasks-as-wt5	corpus	encode-core-hot	drop	E	2	1112.72	15191	0
U-wire-ListTaskSummaryResponse-tasks-as-wt5	corpus	encode-core-hot	drop	E2	3	1115.09	18227	0
U-wire-ListTaskSummaryResponse-tasks-as-wt5	corpus	encode-core-hot	drop	E	3	1112.76	15191	0
U-wire-ListTaskSummaryResponse-tasks-as-wt5	corpus	encode-core-hot	drop	R	3	1141.50	17505	0
U-wire-ListTaskSummaryResponse-tasks-as-wt5	corpus	encode-core-hot	drop	E	4	1106.92	15191	0
U-wire-ListTaskSummaryResponse-tasks-as-wt5	corpus	encode-core-hot	drop	R	4	1148.90	17505	0
U-wire-ListTaskSummaryResponse-tasks-as-wt5	corpus	encode-core-hot	drop	E2	4	1132.96	18227	0
U-wire-ListTaskSummaryResponse-tasks-as-wt5	corpus	encode-core-hot	drop	R	5	1211.10	17505	0
U-wire-ListTaskSummaryResponse-tasks-as-wt5	corpus	encode-core-hot	drop	E2	5	1146.16	18227	0
U-wire-ListTaskSummaryResponse-tasks-as-wt5	corpus	encode-core-hot	drop	E	5	1100.30	15191	0
U-wire-ListTaskSummaryResponse-tasks-as-wt5	corpus	encode-core-hot	drop	E2	6	1119.87	18227	0
U-wire-ListTaskSummaryResponse-tasks-as-wt5	corpus	encode-core-hot	drop	E	6	1112.38	15191	0
U-wire-ListTaskSummaryResponse-tasks-as-wt5	corpus	encode-core-hot	drop	R	6	1115.63	17505	0
U-wire-ListTaskSummaryResponse-tasks-as-wt5	corpus	encode-core-hot	drop	E	7	1103.63	15191	0
U-wire-ListTaskSummaryResponse-tasks-as-wt5	corpus	encode-core-hot	drop	R	7	1117.04	17505	0
U-wire-ListTaskSummaryResponse-tasks-as-wt5	corpus	encode-core-hot	drop	E2	7	1093.27	18227	0
U-wire-ListTaskSummaryResponse-tasks-as-wt5	corpus	encode-core-hot	drop	R	8	1128.19	17505	0
U-wire-ListTaskSummaryResponse-tasks-as-wt5	corpus	encode-core-hot	drop	E2	8	1105.36	18227	0
U-wire-ListTaskSummaryResponse-tasks-as-wt5	corpus	encode-core-hot	drop	E	8	1109.07	15191	0
U-wire-ListTaskSummaryResponse-tasks-as-wt5	corpus	encode-core-hot	drop	E2	9	1120.17	18227	0
U-wire-ListTaskSummaryResponse-tasks-as-wt5	corpus	encode-core-hot	drop	E	9	1098.77	15191	0
U-wire-ListTaskSummaryResponse-tasks-as-wt5	corpus	encode-core-hot	drop	R	9	1130.66	17505	0
U-wire-ListTaskSummaryResponse-tasks-as-wt5	corpus	encode-core-hot	drop	E	10	1094.50	15191	0
U-wire-ListTaskSummaryResponse-tasks-as-wt5	corpus	encode-core-hot	drop	R	10	1133.53	17505	0
U-wire-ListTaskSummaryResponse-tasks-as-wt5	corpus	encode-core-hot	drop	E2	10	1109.51	18227	0
U-wire-ListTaskSummaryResponse-tasks-as-wt5	corpus	encode-core-hot	drop	R	11	1133.91	17505	0
U-wire-ListTaskSummaryResponse-tasks-as-wt5	corpus	encode-core-hot	drop	E2	11	1107.80	18227	0
U-wire-ListTaskSummaryResponse-tasks-as-wt5	corpus	encode-core-hot	drop	E	11	1104.45	15191	0
U-wire-ListTaskSummaryResponse-tasks-as-wt5	corpus	encode-core-hot	drop	E2	12	1094.59	18227	0
U-wire-ListTaskSummaryResponse-tasks-as-wt5	corpus	encode-core-hot	drop	E	12	1090.96	15191	0
U-wire-ListTaskSummaryResponse-tasks-as-wt5	corpus	encode-core-hot	drop	R	12	1122.39	17505	0
U-wire-ListTaskSummaryResponse-tasks-as-wt5	corpus	encode-core-hot	drop	E	13	1098.55	15191	0
U-wire-ListTaskSummaryResponse-tasks-as-wt5	corpus	encode-core-hot	drop	R	13	1125.69	17505	0
U-wire-ListTaskSummaryResponse-tasks-as-wt5	corpus	encode-core-hot	drop	E2	13	1111.35	18227	0
U-wire-ListTaskSummaryResponse-tasks-as-wt5	corpus	encode-core-hot	drop	R	14	1127.49	17505	0
U-wire-ListTaskSummaryResponse-tasks-as-wt5	corpus	encode-core-hot	drop	E2	14	1128.86	18227	0
U-wire-ListTaskSummaryResponse-tasks-as-wt5	corpus	encode-core-hot	drop	E	14	1090.72	15191	0
U-wire-ListTaskSummaryResponse-tasks-as-wt5	corpus	encode-core-hot	drop	E2	15	1126.40	18227	0
U-wire-ListTaskSummaryResponse-tasks-as-wt5	corpus	encode-core-hot	drop	E	15	1121.85	15191	0
U-wire-ListTaskSummaryResponse-tasks-as-wt5	corpus	encode-core-hot	drop	R	15	1134.36	17505	0
U-wire-ListTaskSummaryResponse-tasks-as-wt5	corpus	encode-core-hot	drop	E	16	1111.11	15191	0
U-wire-ListTaskSummaryResponse-tasks-as-wt5	corpus	encode-core-hot	drop	R	16	1126.07	17505	0
U-wire-ListTaskSummaryResponse-tasks-as-wt5	corpus	encode-core-hot	drop	E2	16	1089.44	18227	0
U-wire-ListTaskSummaryResponse-tasks-as-wt5	corpus	encode-core-hot	drop	R	17	1111.24	17505	0
U-wire-ListTaskSummaryResponse-tasks-as-wt5	corpus	encode-core-hot	drop	E2	17	1101.53	18227	0
U-wire-ListTaskSummaryResponse-tasks-as-wt5	corpus	encode-core-hot	drop	E	17	1100.30	15191	0
U-wire-ListTaskSummaryResponse-tasks-as-wt5	corpus	encode-core-hot	drop	E2	18	1110.19	18227	0
U-wire-ListTaskSummaryResponse-tasks-as-wt5	corpus	encode-core-hot	drop	E	18	1107.83	15191	0
U-wire-ListTaskSummaryResponse-tasks-as-wt5	corpus	encode-core-hot	drop	R	18	1119.46	17505	0
U-wire-ListTaskSummaryResponse-tasks-as-wt5	corpus	encode-core-hot	drop	E	19	1124.36	15191	0
U-wire-ListTaskSummaryResponse-tasks-as-wt5	corpus	encode-core-hot	drop	R	19	1137.87	17505	0
U-wire-ListTaskSummaryResponse-tasks-as-wt5	corpus	encode-core-hot	drop	E2	19	1113.35	18227	0
U-wire-ListTaskSummaryResponse-tasks-as-wt5	corpus	encode-core-hot	drop	R	20	1134.95	17505	0
U-wire-ListTaskSummaryResponse-tasks-as-wt5	corpus	encode-core-hot	drop	E2	20	1118.46	18227	0
U-wire-ListTaskSummaryResponse-tasks-as-wt5	corpus	encode-core-hot	drop	E	20	1108.38	15191	0
U-wire-ListTaskSummaryResponse-tasks-as-wt5	corpus	encode-core-hot	drop	E2	21	1111.88	18227	0
U-wire-ListTaskSummaryResponse-tasks-as-wt5	corpus	encode-core-hot	drop	E	21	1062.87	15191	0
U-wire-ListTaskSummaryResponse-tasks-as-wt5	corpus	encode-core-hot	drop	R	21	1088.41	17505	0
U-wire-ListTaskSummaryResponse-tasks-as-wt5	corpus	encode-core-hot	retain	E	1	1132.44	17449	0
U-wire-ListTaskSummaryResponse-tasks-as-wt5	corpus	encode-core-hot	retain	R	1	1164.98	17754	0
U-wire-ListTaskSummaryResponse-tasks-as-wt5	corpus	encode-core-hot	retain	E2	1	1162.38	18054	0
U-wire-ListTaskSummaryResponse-tasks-as-wt5	corpus	encode-core-hot	retain	R	2	1129.48	17754	0
U-wire-ListTaskSummaryResponse-tasks-as-wt5	corpus	encode-core-hot	retain	E2	2	1152.65	18054	0
U-wire-ListTaskSummaryResponse-tasks-as-wt5	corpus	encode-core-hot	retain	E	2	1140.40	17449	0
U-wire-ListTaskSummaryResponse-tasks-as-wt5	corpus	encode-core-hot	retain	E2	3	1143.01	18054	0
U-wire-ListTaskSummaryResponse-tasks-as-wt5	corpus	encode-core-hot	retain	E	3	1144.28	17449	0
U-wire-ListTaskSummaryResponse-tasks-as-wt5	corpus	encode-core-hot	retain	R	3	1137.71	17754	0
U-wire-ListTaskSummaryResponse-tasks-as-wt5	corpus	encode-core-hot	retain	E	4	1156.85	17449	0
U-wire-ListTaskSummaryResponse-tasks-as-wt5	corpus	encode-core-hot	retain	R	4	1135.81	17754	0
U-wire-ListTaskSummaryResponse-tasks-as-wt5	corpus	encode-core-hot	retain	E2	4	1130.27	18054	0
U-wire-ListTaskSummaryResponse-tasks-as-wt5	corpus	encode-core-hot	retain	R	5	1119.43	17754	0
U-wire-ListTaskSummaryResponse-tasks-as-wt5	corpus	encode-core-hot	retain	E2	5	1132.48	18054	0
U-wire-ListTaskSummaryResponse-tasks-as-wt5	corpus	encode-core-hot	retain	E	5	1156.53	17449	0
U-wire-ListTaskSummaryResponse-tasks-as-wt5	corpus	encode-core-hot	retain	E2	6	1149.83	18054	0
U-wire-ListTaskSummaryResponse-tasks-as-wt5	corpus	encode-core-hot	retain	E	6	1131.78	17449	0
U-wire-ListTaskSummaryResponse-tasks-as-wt5	corpus	encode-core-hot	retain	R	6	1119.82	17754	0
U-wire-ListTaskSummaryResponse-tasks-as-wt5	corpus	encode-core-hot	retain	E	7	1142.88	17449	0
U-wire-ListTaskSummaryResponse-tasks-as-wt5	corpus	encode-core-hot	retain	R	7	1136.25	17754	0
U-wire-ListTaskSummaryResponse-tasks-as-wt5	corpus	encode-core-hot	retain	E2	7	1148.87	18054	0
U-wire-ListTaskSummaryResponse-tasks-as-wt5	corpus	encode-core-hot	retain	R	8	1138.16	17754	0
U-wire-ListTaskSummaryResponse-tasks-as-wt5	corpus	encode-core-hot	retain	E2	8	1169.50	18054	0
U-wire-ListTaskSummaryResponse-tasks-as-wt5	corpus	encode-core-hot	retain	E	8	1148.46	17449	0
U-wire-ListTaskSummaryResponse-tasks-as-wt5	corpus	encode-core-hot	retain	E2	9	1151.81	18054	0
U-wire-ListTaskSummaryResponse-tasks-as-wt5	corpus	encode-core-hot	retain	E	9	1150.72	17449	0
U-wire-ListTaskSummaryResponse-tasks-as-wt5	corpus	encode-core-hot	retain	R	9	1136.41	17754	0
U-wire-ListTaskSummaryResponse-tasks-as-wt5	corpus	encode-core-hot	retain	E	10	1144.10	17449	0
U-wire-ListTaskSummaryResponse-tasks-as-wt5	corpus	encode-core-hot	retain	R	10	1132.60	17754	0
U-wire-ListTaskSummaryResponse-tasks-as-wt5	corpus	encode-core-hot	retain	E2	10	1145.88	18054	0
U-wire-ListTaskSummaryResponse-tasks-as-wt5	corpus	encode-core-hot	retain	R	11	1152.74	17754	0
U-wire-ListTaskSummaryResponse-tasks-as-wt5	corpus	encode-core-hot	retain	E2	11	1179.94	18054	0
U-wire-ListTaskSummaryResponse-tasks-as-wt5	corpus	encode-core-hot	retain	E	11	1160.12	17449	0
U-wire-ListTaskSummaryResponse-tasks-as-wt5	corpus	encode-core-hot	retain	E2	12	1151.46	18054	0
U-wire-ListTaskSummaryResponse-tasks-as-wt5	corpus	encode-core-hot	retain	E	12	1138.81	17449	0
U-wire-ListTaskSummaryResponse-tasks-as-wt5	corpus	encode-core-hot	retain	R	12	1131.00	17754	0
U-wire-ListTaskSummaryResponse-tasks-as-wt5	corpus	encode-core-hot	retain	E	13	1159.20	17449	0
U-wire-ListTaskSummaryResponse-tasks-as-wt5	corpus	encode-core-hot	retain	R	13	1160.12	17754	0
U-wire-ListTaskSummaryResponse-tasks-as-wt5	corpus	encode-core-hot	retain	E2	13	1133.07	18054	0
U-wire-ListTaskSummaryResponse-tasks-as-wt5	corpus	encode-core-hot	retain	R	14	1131.84	17754	0
U-wire-ListTaskSummaryResponse-tasks-as-wt5	corpus	encode-core-hot	retain	E2	14	1159.85	18054	0
U-wire-ListTaskSummaryResponse-tasks-as-wt5	corpus	encode-core-hot	retain	E	14	1162.97	17449	0
U-wire-ListTaskSummaryResponse-tasks-as-wt5	corpus	encode-core-hot	retain	E2	15	1146.45	18054	0
U-wire-ListTaskSummaryResponse-tasks-as-wt5	corpus	encode-core-hot	retain	E	15	1123.20	17449	0
U-wire-ListTaskSummaryResponse-tasks-as-wt5	corpus	encode-core-hot	retain	R	15	1149.98	17754	0
U-wire-ListTaskSummaryResponse-tasks-as-wt5	corpus	encode-core-hot	retain	E	16	1138.18	17449	0
U-wire-ListTaskSummaryResponse-tasks-as-wt5	corpus	encode-core-hot	retain	R	16	1166.35	17754	0
U-wire-ListTaskSummaryResponse-tasks-as-wt5	corpus	encode-core-hot	retain	E2	16	1169.11	18054	0
U-wire-ListTaskSummaryResponse-tasks-as-wt5	corpus	encode-core-hot	retain	R	17	1142.79	17754	0
U-wire-ListTaskSummaryResponse-tasks-as-wt5	corpus	encode-core-hot	retain	E2	17	1160.98	18054	0
U-wire-ListTaskSummaryResponse-tasks-as-wt5	corpus	encode-core-hot	retain	E	17	1180.70	17449	0
U-wire-ListTaskSummaryResponse-tasks-as-wt5	corpus	encode-core-hot	retain	E2	18	1145.55	18054	0
U-wire-ListTaskSummaryResponse-tasks-as-wt5	corpus	encode-core-hot	retain	E	18	1153.40	17449	0
U-wire-ListTaskSummaryResponse-tasks-as-wt5	corpus	encode-core-hot	retain	R	18	1147.64	17754	0
U-wire-ListTaskSummaryResponse-tasks-as-wt5	corpus	encode-core-hot	retain	E	19	1153.54	17449	0
U-wire-ListTaskSummaryResponse-tasks-as-wt5	corpus	encode-core-hot	retain	R	19	1168.80	17754	0
U-wire-ListTaskSummaryResponse-tasks-as-wt5	corpus	encode-core-hot	retain	E2	19	1171.98	18054	0
U-wire-ListTaskSummaryResponse-tasks-as-wt5	corpus	encode-core-hot	retain	R	20	1154.56	17754	0
U-wire-ListTaskSummaryResponse-tasks-as-wt5	corpus	encode-core-hot	retain	E2	20	1174.77	18054	0
U-wire-ListTaskSummaryResponse-tasks-as-wt5	corpus	encode-core-hot	retain	E	20	1180.11	17449	0
U-wire-ListTaskSummaryResponse-tasks-as-wt5	corpus	encode-core-hot	retain	E2	21	1167.79	18054	0
U-wire-ListTaskSummaryResponse-tasks-as-wt5	corpus	encode-core-hot	retain	E	21	1155.24	17449	0
U-wire-ListTaskSummaryResponse-tasks-as-wt5	corpus	encode-core-hot	retain	R	21	1166.24	17754	0
U-wire-UploadResultDataMessage-upload-as-wt5	corpus	decode-read	drop	E	1	176.77	127018	1
U-wire-UploadResultDataMessage-upload-as-wt5	corpus	decode-read	drop	R	1	164.13	126810	0
U-wire-UploadResultDataMessage-upload-as-wt5	corpus	decode-read	drop	E2	1	164.78	124633	1
U-wire-UploadResultDataMessage-upload-as-wt5	corpus	decode-read	drop	R	2	160.39	126810	0
U-wire-UploadResultDataMessage-upload-as-wt5	corpus	decode-read	drop	E2	2	161.56	124633	1
U-wire-UploadResultDataMessage-upload-as-wt5	corpus	decode-read	drop	E	2	165.40	127018	1
U-wire-UploadResultDataMessage-upload-as-wt5	corpus	decode-read	drop	E2	3	161.65	124633	1
U-wire-UploadResultDataMessage-upload-as-wt5	corpus	decode-read	drop	E	3	160.40	127018	1
U-wire-UploadResultDataMessage-upload-as-wt5	corpus	decode-read	drop	R	3	165.98	126810	0
U-wire-UploadResultDataMessage-upload-as-wt5	corpus	decode-read	drop	E	4	160.17	127018	1
U-wire-UploadResultDataMessage-upload-as-wt5	corpus	decode-read	drop	R	4	160.63	126810	0
U-wire-UploadResultDataMessage-upload-as-wt5	corpus	decode-read	drop	E2	4	161.73	124633	1
U-wire-UploadResultDataMessage-upload-as-wt5	corpus	decode-read	drop	R	5	160.48	126810	0
U-wire-UploadResultDataMessage-upload-as-wt5	corpus	decode-read	drop	E2	5	163.34	124633	1
U-wire-UploadResultDataMessage-upload-as-wt5	corpus	decode-read	drop	E	5	159.99	127018	1
U-wire-UploadResultDataMessage-upload-as-wt5	corpus	decode-read	drop	E2	6	170.07	124633	1
U-wire-UploadResultDataMessage-upload-as-wt5	corpus	decode-read	drop	E	6	160.49	127018	1
U-wire-UploadResultDataMessage-upload-as-wt5	corpus	decode-read	drop	R	6	163.94	126810	0
U-wire-UploadResultDataMessage-upload-as-wt5	corpus	decode-read	drop	E	7	162.05	127018	1
U-wire-UploadResultDataMessage-upload-as-wt5	corpus	decode-read	drop	R	7	162.47	126810	0
U-wire-UploadResultDataMessage-upload-as-wt5	corpus	decode-read	drop	E2	7	162.33	124633	1
U-wire-UploadResultDataMessage-upload-as-wt5	corpus	decode-read	drop	R	8	159.54	126810	0
U-wire-UploadResultDataMessage-upload-as-wt5	corpus	decode-read	drop	E2	8	167.92	124633	1
U-wire-UploadResultDataMessage-upload-as-wt5	corpus	decode-read	drop	E	8	161.25	127018	1
U-wire-UploadResultDataMessage-upload-as-wt5	corpus	decode-read	drop	E2	9	164.49	124633	1
U-wire-UploadResultDataMessage-upload-as-wt5	corpus	decode-read	drop	E	9	162.61	127018	1
U-wire-UploadResultDataMessage-upload-as-wt5	corpus	decode-read	drop	R	9	161.88	126810	0
U-wire-UploadResultDataMessage-upload-as-wt5	corpus	decode-read	drop	E	10	163.75	127018	1
U-wire-UploadResultDataMessage-upload-as-wt5	corpus	decode-read	drop	R	10	159.41	126810	0
U-wire-UploadResultDataMessage-upload-as-wt5	corpus	decode-read	drop	E2	10	164.35	124633	1
U-wire-UploadResultDataMessage-upload-as-wt5	corpus	decode-read	drop	R	11	160.85	126810	0
U-wire-UploadResultDataMessage-upload-as-wt5	corpus	decode-read	drop	E2	11	162.17	124633	1
U-wire-UploadResultDataMessage-upload-as-wt5	corpus	decode-read	drop	E	11	163.35	127018	1
U-wire-UploadResultDataMessage-upload-as-wt5	corpus	decode-read	drop	E2	12	168.94	124633	1
U-wire-UploadResultDataMessage-upload-as-wt5	corpus	decode-read	drop	E	12	167.94	127018	1
U-wire-UploadResultDataMessage-upload-as-wt5	corpus	decode-read	drop	R	12	159.38	126810	0
U-wire-UploadResultDataMessage-upload-as-wt5	corpus	decode-read	drop	E	13	163.94	127018	1
U-wire-UploadResultDataMessage-upload-as-wt5	corpus	decode-read	drop	R	13	158.83	126810	0
U-wire-UploadResultDataMessage-upload-as-wt5	corpus	decode-read	drop	E2	13	160.94	124633	1
U-wire-UploadResultDataMessage-upload-as-wt5	corpus	decode-read	drop	R	14	160.00	126810	0
U-wire-UploadResultDataMessage-upload-as-wt5	corpus	decode-read	drop	E2	14	157.65	124633	1
U-wire-UploadResultDataMessage-upload-as-wt5	corpus	decode-read	drop	E	14	164.78	127018	1
U-wire-UploadResultDataMessage-upload-as-wt5	corpus	decode-read	drop	E2	15	196.12	124633	1
U-wire-UploadResultDataMessage-upload-as-wt5	corpus	decode-read	drop	E	15	162.14	127018	1
U-wire-UploadResultDataMessage-upload-as-wt5	corpus	decode-read	drop	R	15	160.18	126810	0
U-wire-UploadResultDataMessage-upload-as-wt5	corpus	decode-read	drop	E	16	164.84	127018	1
U-wire-UploadResultDataMessage-upload-as-wt5	corpus	decode-read	drop	R	16	179.44	126810	0
U-wire-UploadResultDataMessage-upload-as-wt5	corpus	decode-read	drop	E2	16	162.50	124633	1
U-wire-UploadResultDataMessage-upload-as-wt5	corpus	decode-read	drop	R	17	159.17	126810	0
U-wire-UploadResultDataMessage-upload-as-wt5	corpus	decode-read	drop	E2	17	161.02	124633	1
U-wire-UploadResultDataMessage-upload-as-wt5	corpus	decode-read	drop	E	17	163.18	127018	1
U-wire-UploadResultDataMessage-upload-as-wt5	corpus	decode-read	drop	E2	18	174.89	124633	1
U-wire-UploadResultDataMessage-upload-as-wt5	corpus	decode-read	drop	E	18	180.38	127018	1
U-wire-UploadResultDataMessage-upload-as-wt5	corpus	decode-read	drop	R	18	174.91	126810	0
U-wire-UploadResultDataMessage-upload-as-wt5	corpus	decode-read	drop	E	19	171.87	127018	1
U-wire-UploadResultDataMessage-upload-as-wt5	corpus	decode-read	drop	R	19	171.11	126810	0
U-wire-UploadResultDataMessage-upload-as-wt5	corpus	decode-read	drop	E2	19	173.58	124633	1
U-wire-UploadResultDataMessage-upload-as-wt5	corpus	decode-read	drop	R	20	170.31	126810	0
U-wire-UploadResultDataMessage-upload-as-wt5	corpus	decode-read	drop	E2	20	172.16	124633	1
U-wire-UploadResultDataMessage-upload-as-wt5	corpus	decode-read	drop	E	20	169.78	127018	1
U-wire-UploadResultDataMessage-upload-as-wt5	corpus	decode-read	drop	E2	21	169.43	124633	1
U-wire-UploadResultDataMessage-upload-as-wt5	corpus	decode-read	drop	E	21	172.05	127018	1
U-wire-UploadResultDataMessage-upload-as-wt5	corpus	decode-read	drop	R	21	172.57	126810	0
U-wire-UploadResultDataMessage-upload-as-wt5	corpus	decode-read	retain	E	1	209.94	93433	1
U-wire-UploadResultDataMessage-upload-as-wt5	corpus	decode-read	retain	R	1	209.71	93908	0
U-wire-UploadResultDataMessage-upload-as-wt5	corpus	decode-read	retain	E2	1	219.62	96314	1
U-wire-UploadResultDataMessage-upload-as-wt5	corpus	decode-read	retain	R	2	220.52	93908	0
U-wire-UploadResultDataMessage-upload-as-wt5	corpus	decode-read	retain	E2	2	212.33	96314	1
U-wire-UploadResultDataMessage-upload-as-wt5	corpus	decode-read	retain	E	2	221.92	93433	1
U-wire-UploadResultDataMessage-upload-as-wt5	corpus	decode-read	retain	E2	3	217.71	96314	1
U-wire-UploadResultDataMessage-upload-as-wt5	corpus	decode-read	retain	E	3	219.75	93433	1
U-wire-UploadResultDataMessage-upload-as-wt5	corpus	decode-read	retain	R	3	214.49	93908	0
U-wire-UploadResultDataMessage-upload-as-wt5	corpus	decode-read	retain	E	4	208.58	93433	1
U-wire-UploadResultDataMessage-upload-as-wt5	corpus	decode-read	retain	R	4	207.77	93908	0
U-wire-UploadResultDataMessage-upload-as-wt5	corpus	decode-read	retain	E2	4	212.69	96314	1
U-wire-UploadResultDataMessage-upload-as-wt5	corpus	decode-read	retain	R	5	210.10	93908	0
U-wire-UploadResultDataMessage-upload-as-wt5	corpus	decode-read	retain	E2	5	209.81	96314	1
U-wire-UploadResultDataMessage-upload-as-wt5	corpus	decode-read	retain	E	5	215.05	93433	1
U-wire-UploadResultDataMessage-upload-as-wt5	corpus	decode-read	retain	E2	6	213.96	96314	1
U-wire-UploadResultDataMessage-upload-as-wt5	corpus	decode-read	retain	E	6	227.55	93433	1
U-wire-UploadResultDataMessage-upload-as-wt5	corpus	decode-read	retain	R	6	227.84	93908	0
U-wire-UploadResultDataMessage-upload-as-wt5	corpus	decode-read	retain	E	7	209.32	93433	1
U-wire-UploadResultDataMessage-upload-as-wt5	corpus	decode-read	retain	R	7	210.75	93908	0
U-wire-UploadResultDataMessage-upload-as-wt5	corpus	decode-read	retain	E2	7	218.52	96314	1
U-wire-UploadResultDataMessage-upload-as-wt5	corpus	decode-read	retain	R	8	218.66	93908	0
U-wire-UploadResultDataMessage-upload-as-wt5	corpus	decode-read	retain	E2	8	217.68	96314	1
U-wire-UploadResultDataMessage-upload-as-wt5	corpus	decode-read	retain	E	8	217.57	93433	1
U-wire-UploadResultDataMessage-upload-as-wt5	corpus	decode-read	retain	E2	9	214.77	96314	1
U-wire-UploadResultDataMessage-upload-as-wt5	corpus	decode-read	retain	E	9	207.01	93433	1
U-wire-UploadResultDataMessage-upload-as-wt5	corpus	decode-read	retain	R	9	210.54	93908	0
U-wire-UploadResultDataMessage-upload-as-wt5	corpus	decode-read	retain	E	10	215.96	93433	1
U-wire-UploadResultDataMessage-upload-as-wt5	corpus	decode-read	retain	R	10	216.43	93908	0
U-wire-UploadResultDataMessage-upload-as-wt5	corpus	decode-read	retain	E2	10	206.38	96314	1
U-wire-UploadResultDataMessage-upload-as-wt5	corpus	decode-read	retain	R	11	206.16	93908	0
U-wire-UploadResultDataMessage-upload-as-wt5	corpus	decode-read	retain	E2	11	211.51	96314	1
U-wire-UploadResultDataMessage-upload-as-wt5	corpus	decode-read	retain	E	11	226.73	93433	1
U-wire-UploadResultDataMessage-upload-as-wt5	corpus	decode-read	retain	E2	12	257.34	96314	1
U-wire-UploadResultDataMessage-upload-as-wt5	corpus	decode-read	retain	E	12	257.37	93433	1
U-wire-UploadResultDataMessage-upload-as-wt5	corpus	decode-read	retain	R	12	242.15	93908	0
U-wire-UploadResultDataMessage-upload-as-wt5	corpus	decode-read	retain	E	13	239.50	93433	1
U-wire-UploadResultDataMessage-upload-as-wt5	corpus	decode-read	retain	R	13	228.88	93908	0
U-wire-UploadResultDataMessage-upload-as-wt5	corpus	decode-read	retain	E2	13	214.93	96314	1
U-wire-UploadResultDataMessage-upload-as-wt5	corpus	decode-read	retain	R	14	214.34	93908	0
U-wire-UploadResultDataMessage-upload-as-wt5	corpus	decode-read	retain	E2	14	217.68	96314	1
U-wire-UploadResultDataMessage-upload-as-wt5	corpus	decode-read	retain	E	14	219.61	93433	1
U-wire-UploadResultDataMessage-upload-as-wt5	corpus	decode-read	retain	E2	15	216.54	96314	1
U-wire-UploadResultDataMessage-upload-as-wt5	corpus	decode-read	retain	E	15	214.75	93433	1
U-wire-UploadResultDataMessage-upload-as-wt5	corpus	decode-read	retain	R	15	221.56	93908	0
U-wire-UploadResultDataMessage-upload-as-wt5	corpus	decode-read	retain	E	16	217.34	93433	1
U-wire-UploadResultDataMessage-upload-as-wt5	corpus	decode-read	retain	R	16	213.86	93908	0
U-wire-UploadResultDataMessage-upload-as-wt5	corpus	decode-read	retain	E2	16	208.43	96314	1
U-wire-UploadResultDataMessage-upload-as-wt5	corpus	decode-read	retain	R	17	205.26	93908	0
U-wire-UploadResultDataMessage-upload-as-wt5	corpus	decode-read	retain	E2	17	209.88	96314	1
U-wire-UploadResultDataMessage-upload-as-wt5	corpus	decode-read	retain	E	17	206.20	93433	1
U-wire-UploadResultDataMessage-upload-as-wt5	corpus	decode-read	retain	E2	18	209.53	96314	1
U-wire-UploadResultDataMessage-upload-as-wt5	corpus	decode-read	retain	E	18	212.71	93433	1
U-wire-UploadResultDataMessage-upload-as-wt5	corpus	decode-read	retain	R	18	215.80	93908	0
U-wire-UploadResultDataMessage-upload-as-wt5	corpus	decode-read	retain	E	19	210.16	93433	1
U-wire-UploadResultDataMessage-upload-as-wt5	corpus	decode-read	retain	R	19	215.96	93908	0
U-wire-UploadResultDataMessage-upload-as-wt5	corpus	decode-read	retain	E2	19	214.24	96314	1
U-wire-UploadResultDataMessage-upload-as-wt5	corpus	decode-read	retain	R	20	213.81	93908	0
U-wire-UploadResultDataMessage-upload-as-wt5	corpus	decode-read	retain	E2	20	216.40	96314	1
U-wire-UploadResultDataMessage-upload-as-wt5	corpus	decode-read	retain	E	20	207.86	93433	1
U-wire-UploadResultDataMessage-upload-as-wt5	corpus	decode-read	retain	E2	21	207.57	96314	1
U-wire-UploadResultDataMessage-upload-as-wt5	corpus	decode-read	retain	E	21	208.99	93433	1
U-wire-UploadResultDataMessage-upload-as-wt5	corpus	decode-read	retain	R	21	211.92	93908	0
U-wire-UploadResultDataMessage-upload-as-wt5	corpus	encode-core-hot	drop	E	1	98.83	198984	0
U-wire-UploadResultDataMessage-upload-as-wt5	corpus	encode-core-hot	drop	R	1	92.88	216719	0
U-wire-UploadResultDataMessage-upload-as-wt5	corpus	encode-core-hot	drop	E2	1	100.63	197864	0
U-wire-UploadResultDataMessage-upload-as-wt5	corpus	encode-core-hot	drop	R	2	94.83	216719	0
U-wire-UploadResultDataMessage-upload-as-wt5	corpus	encode-core-hot	drop	E2	2	99.18	197864	0
U-wire-UploadResultDataMessage-upload-as-wt5	corpus	encode-core-hot	drop	E	2	100.87	198984	0
U-wire-UploadResultDataMessage-upload-as-wt5	corpus	encode-core-hot	drop	E2	3	100.08	197864	0
U-wire-UploadResultDataMessage-upload-as-wt5	corpus	encode-core-hot	drop	E	3	100.22	198984	0
U-wire-UploadResultDataMessage-upload-as-wt5	corpus	encode-core-hot	drop	R	3	95.82	216719	0
U-wire-UploadResultDataMessage-upload-as-wt5	corpus	encode-core-hot	drop	E	4	101.79	198984	0
U-wire-UploadResultDataMessage-upload-as-wt5	corpus	encode-core-hot	drop	R	4	95.81	216719	0
U-wire-UploadResultDataMessage-upload-as-wt5	corpus	encode-core-hot	drop	E2	4	101.82	197864	0
U-wire-UploadResultDataMessage-upload-as-wt5	corpus	encode-core-hot	drop	R	5	97.97	216719	0
U-wire-UploadResultDataMessage-upload-as-wt5	corpus	encode-core-hot	drop	E2	5	103.02	197864	0
U-wire-UploadResultDataMessage-upload-as-wt5	corpus	encode-core-hot	drop	E	5	104.69	198984	0
U-wire-UploadResultDataMessage-upload-as-wt5	corpus	encode-core-hot	drop	E2	6	100.48	197864	0
U-wire-UploadResultDataMessage-upload-as-wt5	corpus	encode-core-hot	drop	E	6	99.83	198984	0
U-wire-UploadResultDataMessage-upload-as-wt5	corpus	encode-core-hot	drop	R	6	93.16	216719	0
U-wire-UploadResultDataMessage-upload-as-wt5	corpus	encode-core-hot	drop	E	7	98.81	198984	0
U-wire-UploadResultDataMessage-upload-as-wt5	corpus	encode-core-hot	drop	R	7	93.54	216719	0
U-wire-UploadResultDataMessage-upload-as-wt5	corpus	encode-core-hot	drop	E2	7	101.14	197864	0
U-wire-UploadResultDataMessage-upload-as-wt5	corpus	encode-core-hot	drop	R	8	96.86	216719	0
U-wire-UploadResultDataMessage-upload-as-wt5	corpus	encode-core-hot	drop	E2	8	100.12	197864	0
U-wire-UploadResultDataMessage-upload-as-wt5	corpus	encode-core-hot	drop	E	8	100.86	198984	0
U-wire-UploadResultDataMessage-upload-as-wt5	corpus	encode-core-hot	drop	E2	9	101.86	197864	0
U-wire-UploadResultDataMessage-upload-as-wt5	corpus	encode-core-hot	drop	E	9	100.99	198984	0
U-wire-UploadResultDataMessage-upload-as-wt5	corpus	encode-core-hot	drop	R	9	93.75	216719	0
U-wire-UploadResultDataMessage-upload-as-wt5	corpus	encode-core-hot	drop	E	10	101.53	198984	0
U-wire-UploadResultDataMessage-upload-as-wt5	corpus	encode-core-hot	drop	R	10	93.76	216719	0
U-wire-UploadResultDataMessage-upload-as-wt5	corpus	encode-core-hot	drop	E2	10	101.63	197864	0
U-wire-UploadResultDataMessage-upload-as-wt5	corpus	encode-core-hot	drop	R	11	101.41	216719	0
U-wire-UploadResultDataMessage-upload-as-wt5	corpus	encode-core-hot	drop	E2	11	107.35	197864	0
U-wire-UploadResultDataMessage-upload-as-wt5	corpus	encode-core-hot	drop	E	11	98.90	198984	0
U-wire-UploadResultDataMessage-upload-as-wt5	corpus	encode-core-hot	drop	E2	12	107.33	197864	0
U-wire-UploadResultDataMessage-upload-as-wt5	corpus	encode-core-hot	drop	E	12	107.70	198984	0
U-wire-UploadResultDataMessage-upload-as-wt5	corpus	encode-core-hot	drop	R	12	98.19	216719	0
U-wire-UploadResultDataMessage-upload-as-wt5	corpus	encode-core-hot	drop	E	13	105.52	198984	0
U-wire-UploadResultDataMessage-upload-as-wt5	corpus	encode-core-hot	drop	R	13	94.06	216719	0
U-wire-UploadResultDataMessage-upload-as-wt5	corpus	encode-core-hot	drop	E2	13	97.82	197864	0
U-wire-UploadResultDataMessage-upload-as-wt5	corpus	encode-core-hot	drop	R	14	101.00	216719	0
U-wire-UploadResultDataMessage-upload-as-wt5	corpus	encode-core-hot	drop	E2	14	104.56	197864	0
U-wire-UploadResultDataMessage-upload-as-wt5	corpus	encode-core-hot	drop	E	14	102.74	198984	0
U-wire-UploadResultDataMessage-upload-as-wt5	corpus	encode-core-hot	drop	E2	15	103.66	197864	0
U-wire-UploadResultDataMessage-upload-as-wt5	corpus	encode-core-hot	drop	E	15	99.92	198984	0
U-wire-UploadResultDataMessage-upload-as-wt5	corpus	encode-core-hot	drop	R	15	93.79	216719	0
U-wire-UploadResultDataMessage-upload-as-wt5	corpus	encode-core-hot	drop	E	16	98.53	198984	0
U-wire-UploadResultDataMessage-upload-as-wt5	corpus	encode-core-hot	drop	R	16	93.18	216719	0
U-wire-UploadResultDataMessage-upload-as-wt5	corpus	encode-core-hot	drop	E2	16	99.21	197864	0
U-wire-UploadResultDataMessage-upload-as-wt5	corpus	encode-core-hot	drop	R	17	94.59	216719	0
U-wire-UploadResultDataMessage-upload-as-wt5	corpus	encode-core-hot	drop	E2	17	100.50	197864	0
U-wire-UploadResultDataMessage-upload-as-wt5	corpus	encode-core-hot	drop	E	17	98.65	198984	0
U-wire-UploadResultDataMessage-upload-as-wt5	corpus	encode-core-hot	drop	E2	18	99.50	197864	0
U-wire-UploadResultDataMessage-upload-as-wt5	corpus	encode-core-hot	drop	E	18	100.56	198984	0
U-wire-UploadResultDataMessage-upload-as-wt5	corpus	encode-core-hot	drop	R	18	93.05	216719	0
U-wire-UploadResultDataMessage-upload-as-wt5	corpus	encode-core-hot	drop	E	19	98.77	198984	0
U-wire-UploadResultDataMessage-upload-as-wt5	corpus	encode-core-hot	drop	R	19	94.46	216719	0
U-wire-UploadResultDataMessage-upload-as-wt5	corpus	encode-core-hot	drop	E2	19	108.22	197864	0
U-wire-UploadResultDataMessage-upload-as-wt5	corpus	encode-core-hot	drop	R	20	107.82	216719	0
U-wire-UploadResultDataMessage-upload-as-wt5	corpus	encode-core-hot	drop	E2	20	99.38	197864	0
U-wire-UploadResultDataMessage-upload-as-wt5	corpus	encode-core-hot	drop	E	20	101.93	198984	0
U-wire-UploadResultDataMessage-upload-as-wt5	corpus	encode-core-hot	drop	E2	21	99.72	197864	0
U-wire-UploadResultDataMessage-upload-as-wt5	corpus	encode-core-hot	drop	E	21	97.34	198984	0
U-wire-UploadResultDataMessage-upload-as-wt5	corpus	encode-core-hot	drop	R	21	92.36	216719	0
U-wire-UploadResultDataMessage-upload-as-wt5	corpus	encode-core-hot	retain	E	1	108.10	190577	0
U-wire-UploadResultDataMessage-upload-as-wt5	corpus	encode-core-hot	retain	R	1	109.04	191792	0
U-wire-UploadResultDataMessage-upload-as-wt5	corpus	encode-core-hot	retain	E2	1	109.10	172094	0
U-wire-UploadResultDataMessage-upload-as-wt5	corpus	encode-core-hot	retain	R	2	107.41	191792	0
U-wire-UploadResultDataMessage-upload-as-wt5	corpus	encode-core-hot	retain	E2	2	108.54	172094	0
U-wire-UploadResultDataMessage-upload-as-wt5	corpus	encode-core-hot	retain	E	2	110.63	190577	0
U-wire-UploadResultDataMessage-upload-as-wt5	corpus	encode-core-hot	retain	E2	3	109.13	172094	0
U-wire-UploadResultDataMessage-upload-as-wt5	corpus	encode-core-hot	retain	E	3	133.57	190577	0
U-wire-UploadResultDataMessage-upload-as-wt5	corpus	encode-core-hot	retain	R	3	114.89	191792	0
U-wire-UploadResultDataMessage-upload-as-wt5	corpus	encode-core-hot	retain	E	4	112.20	190577	0
U-wire-UploadResultDataMessage-upload-as-wt5	corpus	encode-core-hot	retain	R	4	106.81	191792	0
U-wire-UploadResultDataMessage-upload-as-wt5	corpus	encode-core-hot	retain	E2	4	108.92	172094	0
U-wire-UploadResultDataMessage-upload-as-wt5	corpus	encode-core-hot	retain	R	5	106.23	191792	0
U-wire-UploadResultDataMessage-upload-as-wt5	corpus	encode-core-hot	retain	E2	5	107.18	172094	0
U-wire-UploadResultDataMessage-upload-as-wt5	corpus	encode-core-hot	retain	E	5	113.92	190577	0
U-wire-UploadResultDataMessage-upload-as-wt5	corpus	encode-core-hot	retain	E2	6	109.52	172094	0
U-wire-UploadResultDataMessage-upload-as-wt5	corpus	encode-core-hot	retain	E	6	107.86	190577	0
U-wire-UploadResultDataMessage-upload-as-wt5	corpus	encode-core-hot	retain	R	6	102.47	191792	0
U-wire-UploadResultDataMessage-upload-as-wt5	corpus	encode-core-hot	retain	E	7	106.61	190577	0
U-wire-UploadResultDataMessage-upload-as-wt5	corpus	encode-core-hot	retain	R	7	105.81	191792	0
U-wire-UploadResultDataMessage-upload-as-wt5	corpus	encode-core-hot	retain	E2	7	108.25	172094	0
U-wire-UploadResultDataMessage-upload-as-wt5	corpus	encode-core-hot	retain	R	8	106.50	191792	0
U-wire-UploadResultDataMessage-upload-as-wt5	corpus	encode-core-hot	retain	E2	8	108.05	172094	0
U-wire-UploadResultDataMessage-upload-as-wt5	corpus	encode-core-hot	retain	E	8	106.64	190577	0
U-wire-UploadResultDataMessage-upload-as-wt5	corpus	encode-core-hot	retain	E2	9	107.62	172094	0
U-wire-UploadResultDataMessage-upload-as-wt5	corpus	encode-core-hot	retain	E	9	108.31	190577	0
U-wire-UploadResultDataMessage-upload-as-wt5	corpus	encode-core-hot	retain	R	9	106.85	191792	0
U-wire-UploadResultDataMessage-upload-as-wt5	corpus	encode-core-hot	retain	E	10	108.48	190577	0
U-wire-UploadResultDataMessage-upload-as-wt5	corpus	encode-core-hot	retain	R	10	104.68	191792	0
U-wire-UploadResultDataMessage-upload-as-wt5	corpus	encode-core-hot	retain	E2	10	106.03	172094	0
U-wire-UploadResultDataMessage-upload-as-wt5	corpus	encode-core-hot	retain	R	11	111.79	191792	0
U-wire-UploadResultDataMessage-upload-as-wt5	corpus	encode-core-hot	retain	E2	11	110.93	172094	0
U-wire-UploadResultDataMessage-upload-as-wt5	corpus	encode-core-hot	retain	E	11	106.55	190577	0
U-wire-UploadResultDataMessage-upload-as-wt5	corpus	encode-core-hot	retain	E2	12	114.44	172094	0
U-wire-UploadResultDataMessage-upload-as-wt5	corpus	encode-core-hot	retain	E	12	111.49	190577	0
U-wire-UploadResultDataMessage-upload-as-wt5	corpus	encode-core-hot	retain	R	12	106.18	191792	0
U-wire-UploadResultDataMessage-upload-as-wt5	corpus	encode-core-hot	retain	E	13	109.07	190577	0
U-wire-UploadResultDataMessage-upload-as-wt5	corpus	encode-core-hot	retain	R	13	106.47	191792	0
U-wire-UploadResultDataMessage-upload-as-wt5	corpus	encode-core-hot	retain	E2	13	108.64	172094	0
U-wire-UploadResultDataMessage-upload-as-wt5	corpus	encode-core-hot	retain	R	14	109.94	191792	0
U-wire-UploadResultDataMessage-upload-as-wt5	corpus	encode-core-hot	retain	E2	14	108.94	172094	0
U-wire-UploadResultDataMessage-upload-as-wt5	corpus	encode-core-hot	retain	E	14	108.67	190577	0
U-wire-UploadResultDataMessage-upload-as-wt5	corpus	encode-core-hot	retain	E2	15	108.80	172094	0
U-wire-UploadResultDataMessage-upload-as-wt5	corpus	encode-core-hot	retain	E	15	106.47	190577	0
U-wire-UploadResultDataMessage-upload-as-wt5	corpus	encode-core-hot	retain	R	15	104.93	191792	0
U-wire-UploadResultDataMessage-upload-as-wt5	corpus	encode-core-hot	retain	E	16	106.82	190577	0
U-wire-UploadResultDataMessage-upload-as-wt5	corpus	encode-core-hot	retain	R	16	105.42	191792	0
U-wire-UploadResultDataMessage-upload-as-wt5	corpus	encode-core-hot	retain	E2	16	106.99	172094	0
U-wire-UploadResultDataMessage-upload-as-wt5	corpus	encode-core-hot	retain	R	17	106.51	191792	0
U-wire-UploadResultDataMessage-upload-as-wt5	corpus	encode-core-hot	retain	E2	17	120.03	172094	0
U-wire-UploadResultDataMessage-upload-as-wt5	corpus	encode-core-hot	retain	E	17	107.30	190577	0
U-wire-UploadResultDataMessage-upload-as-wt5	corpus	encode-core-hot	retain	E2	18	107.34	172094	0
U-wire-UploadResultDataMessage-upload-as-wt5	corpus	encode-core-hot	retain	E	18	114.80	190577	0
U-wire-UploadResultDataMessage-upload-as-wt5	corpus	encode-core-hot	retain	R	18	157.28	191792	0
U-wire-UploadResultDataMessage-upload-as-wt5	corpus	encode-core-hot	retain	E	19	112.10	190577	0
U-wire-UploadResultDataMessage-upload-as-wt5	corpus	encode-core-hot	retain	R	19	120.47	191792	0
U-wire-UploadResultDataMessage-upload-as-wt5	corpus	encode-core-hot	retain	E2	19	109.41	172094	0
U-wire-UploadResultDataMessage-upload-as-wt5	corpus	encode-core-hot	retain	R	20	110.63	191792	0
U-wire-UploadResultDataMessage-upload-as-wt5	corpus	encode-core-hot	retain	E2	20	108.24	172094	0
U-wire-UploadResultDataMessage-upload-as-wt5	corpus	encode-core-hot	retain	E	20	106.05	190577	0
U-wire-UploadResultDataMessage-upload-as-wt5	corpus	encode-core-hot	retain	E2	21	106.82	172094	0
U-wire-UploadResultDataMessage-upload-as-wt5	corpus	encode-core-hot	retain	E	21	113.29	190577	0
U-wire-UploadResultDataMessage-upload-as-wt5	corpus	encode-core-hot	retain	R	21	109.36	191792	0
U-wire-ListMetricsResponse-batches-as-wt0	corpus	decode-read	drop	E	1	2446.62	8981	1
U-wire-ListMetricsResponse-batches-as-wt0	corpus	decode-read	drop	R	1	2278.72	8573	0
U-wire-ListMetricsResponse-batches-as-wt0	corpus	decode-read	drop	E2	1	2254.47	9139	1
U-wire-ListMetricsResponse-batches-as-wt0	corpus	decode-read	drop	R	2	2276.51	8573	0
U-wire-ListMetricsResponse-batches-as-wt0	corpus	decode-read	drop	E2	2	2243.12	9139	1
U-wire-ListMetricsResponse-batches-as-wt0	corpus	decode-read	drop	E	2	2218.20	8981	1
U-wire-ListMetricsResponse-batches-as-wt0	corpus	decode-read	drop	E2	3	2229.23	9139	1
U-wire-ListMetricsResponse-batches-as-wt0	corpus	decode-read	drop	E	3	2210.07	8981	1
U-wire-ListMetricsResponse-batches-as-wt0	corpus	decode-read	drop	R	3	2308.77	8573	0
U-wire-ListMetricsResponse-batches-as-wt0	corpus	decode-read	drop	E	4	2178.00	8981	1
U-wire-ListMetricsResponse-batches-as-wt0	corpus	decode-read	drop	R	4	2235.03	8573	0
U-wire-ListMetricsResponse-batches-as-wt0	corpus	decode-read	drop	E2	4	2160.70	9139	1
U-wire-ListMetricsResponse-batches-as-wt0	corpus	decode-read	drop	R	5	2164.87	8573	0
U-wire-ListMetricsResponse-batches-as-wt0	corpus	decode-read	drop	E2	5	2176.28	9139	1
U-wire-ListMetricsResponse-batches-as-wt0	corpus	decode-read	drop	E	5	2215.54	8981	1
U-wire-ListMetricsResponse-batches-as-wt0	corpus	decode-read	drop	E2	6	2208.62	9139	1
U-wire-ListMetricsResponse-batches-as-wt0	corpus	decode-read	drop	E	6	2208.63	8981	1
U-wire-ListMetricsResponse-batches-as-wt0	corpus	decode-read	drop	R	6	2243.11	8573	0
U-wire-ListMetricsResponse-batches-as-wt0	corpus	decode-read	drop	E	7	2192.70	8981	1
U-wire-ListMetricsResponse-batches-as-wt0	corpus	decode-read	drop	R	7	2246.47	8573	0
U-wire-ListMetricsResponse-batches-as-wt0	corpus	decode-read	drop	E2	7	2232.33	9139	1
U-wire-ListMetricsResponse-batches-as-wt0	corpus	decode-read	drop	R	8	2257.27	8573	0
U-wire-ListMetricsResponse-batches-as-wt0	corpus	decode-read	drop	E2	8	2211.36	9139	1
U-wire-ListMetricsResponse-batches-as-wt0	corpus	decode-read	drop	E	8	2204.83	8981	1
U-wire-ListMetricsResponse-batches-as-wt0	corpus	decode-read	drop	E2	9	2222.55	9139	1
U-wire-ListMetricsResponse-batches-as-wt0	corpus	decode-read	drop	E	9	2199.61	8981	1
U-wire-ListMetricsResponse-batches-as-wt0	corpus	decode-read	drop	R	9	2308.77	8573	0
U-wire-ListMetricsResponse-batches-as-wt0	corpus	decode-read	drop	E	10	2216.78	8981	1
U-wire-ListMetricsResponse-batches-as-wt0	corpus	decode-read	drop	R	10	2252.63	8573	0
U-wire-ListMetricsResponse-batches-as-wt0	corpus	decode-read	drop	E2	10	2225.99	9139	1
U-wire-ListMetricsResponse-batches-as-wt0	corpus	decode-read	drop	R	11	2247.45	8573	0
U-wire-ListMetricsResponse-batches-as-wt0	corpus	decode-read	drop	E2	11	2171.64	9139	1
U-wire-ListMetricsResponse-batches-as-wt0	corpus	decode-read	drop	E	11	2242.59	8981	1
U-wire-ListMetricsResponse-batches-as-wt0	corpus	decode-read	drop	E2	12	2193.32	9139	1
U-wire-ListMetricsResponse-batches-as-wt0	corpus	decode-read	drop	E	12	2160.65	8981	1
U-wire-ListMetricsResponse-batches-as-wt0	corpus	decode-read	drop	R	12	2255.76	8573	0
U-wire-ListMetricsResponse-batches-as-wt0	corpus	decode-read	drop	E	13	2182.03	8981	1
U-wire-ListMetricsResponse-batches-as-wt0	corpus	decode-read	drop	R	13	2216.00	8573	0
U-wire-ListMetricsResponse-batches-as-wt0	corpus	decode-read	drop	E2	13	2279.11	9139	1
U-wire-ListMetricsResponse-batches-as-wt0	corpus	decode-read	drop	R	14	2244.73	8573	0
U-wire-ListMetricsResponse-batches-as-wt0	corpus	decode-read	drop	E2	14	2208.77	9139	1
U-wire-ListMetricsResponse-batches-as-wt0	corpus	decode-read	drop	E	14	2175.94	8981	1
U-wire-ListMetricsResponse-batches-as-wt0	corpus	decode-read	drop	E2	15	2168.88	9139	1
U-wire-ListMetricsResponse-batches-as-wt0	corpus	decode-read	drop	E	15	2285.85	8981	1
U-wire-ListMetricsResponse-batches-as-wt0	corpus	decode-read	drop	R	15	2360.52	8573	0
U-wire-ListMetricsResponse-batches-as-wt0	corpus	decode-read	drop	E	16	2213.39	8981	1
U-wire-ListMetricsResponse-batches-as-wt0	corpus	decode-read	drop	R	16	2240.30	8573	0
U-wire-ListMetricsResponse-batches-as-wt0	corpus	decode-read	drop	E2	16	2172.00	9139	1
U-wire-ListMetricsResponse-batches-as-wt0	corpus	decode-read	drop	R	17	2249.84	8573	0
U-wire-ListMetricsResponse-batches-as-wt0	corpus	decode-read	drop	E2	17	2331.33	9139	1
U-wire-ListMetricsResponse-batches-as-wt0	corpus	decode-read	drop	E	17	2308.68	8981	1
U-wire-ListMetricsResponse-batches-as-wt0	corpus	decode-read	drop	E2	18	2244.31	9139	1
U-wire-ListMetricsResponse-batches-as-wt0	corpus	decode-read	drop	E	18	2351.26	8981	1
U-wire-ListMetricsResponse-batches-as-wt0	corpus	decode-read	drop	R	18	2370.67	8573	0
U-wire-ListMetricsResponse-batches-as-wt0	corpus	decode-read	drop	E	19	2190.63	8981	1
U-wire-ListMetricsResponse-batches-as-wt0	corpus	decode-read	drop	R	19	2273.33	8573	0
U-wire-ListMetricsResponse-batches-as-wt0	corpus	decode-read	drop	E2	19	2266.81	9139	1
U-wire-ListMetricsResponse-batches-as-wt0	corpus	decode-read	drop	R	20	2314.72	8573	0
U-wire-ListMetricsResponse-batches-as-wt0	corpus	decode-read	drop	E2	20	2182.93	9139	1
U-wire-ListMetricsResponse-batches-as-wt0	corpus	decode-read	drop	E	20	2200.60	8981	1
U-wire-ListMetricsResponse-batches-as-wt0	corpus	decode-read	drop	E2	21	2180.48	9139	1
U-wire-ListMetricsResponse-batches-as-wt0	corpus	decode-read	drop	E	21	2203.05	8981	1
U-wire-ListMetricsResponse-batches-as-wt0	corpus	decode-read	drop	R	21	2381.67	8573	0
U-wire-ListMetricsResponse-batches-as-wt0	corpus	decode-read	retain	E	1	2270.41	8697	1
U-wire-ListMetricsResponse-batches-as-wt0	corpus	decode-read	retain	R	1	2442.55	7778	0
U-wire-ListMetricsResponse-batches-as-wt0	corpus	decode-read	retain	E2	1	2483.33	7924	1
U-wire-ListMetricsResponse-batches-as-wt0	corpus	decode-read	retain	R	2	2446.49	7778	0
U-wire-ListMetricsResponse-batches-as-wt0	corpus	decode-read	retain	E2	2	2356.52	7924	1
U-wire-ListMetricsResponse-batches-as-wt0	corpus	decode-read	retain	E	2	2342.67	8697	1
U-wire-ListMetricsResponse-batches-as-wt0	corpus	decode-read	retain	E2	3	2278.25	7924	1
U-wire-ListMetricsResponse-batches-as-wt0	corpus	decode-read	retain	E	3	2284.45	8697	1
U-wire-ListMetricsResponse-batches-as-wt0	corpus	decode-read	retain	R	3	2290.56	7778	0
U-wire-ListMetricsResponse-batches-as-wt0	corpus	decode-read	retain	E	4	2218.45	8697	1
U-wire-ListMetricsResponse-batches-as-wt0	corpus	decode-read	retain	R	4	2329.46	7778	0
U-wire-ListMetricsResponse-batches-as-wt0	corpus	decode-read	retain	E2	4	2295.13	7924	1
U-wire-ListMetricsResponse-batches-as-wt0	corpus	decode-read	retain	R	5	2302.72	7778	0
U-wire-ListMetricsResponse-batches-as-wt0	corpus	decode-read	retain	E2	5	2270.99	7924	1
U-wire-ListMetricsResponse-batches-as-wt0	corpus	decode-read	retain	E	5	2254.80	8697	1
U-wire-ListMetricsResponse-batches-as-wt0	corpus	decode-read	retain	E2	6	2287.15	7924	1
U-wire-ListMetricsResponse-batches-as-wt0	corpus	decode-read	retain	E	6	2212.66	8697	1
U-wire-ListMetricsResponse-batches-as-wt0	corpus	decode-read	retain	R	6	2328.74	7778	0
U-wire-ListMetricsResponse-batches-as-wt0	corpus	decode-read	retain	E	7	2265.62	8697	1
U-wire-ListMetricsResponse-batches-as-wt0	corpus	decode-read	retain	R	7	2288.58	7778	0
U-wire-ListMetricsResponse-batches-as-wt0	corpus	decode-read	retain	E2	7	2245.20	7924	1
U-wire-ListMetricsResponse-batches-as-wt0	corpus	decode-read	retain	R	8	2383.25	7778	0
U-wire-ListMetricsResponse-batches-as-wt0	corpus	decode-read	retain	E2	8	2257.21	7924	1
U-wire-ListMetricsResponse-batches-as-wt0	corpus	decode-read	retain	E	8	2234.15	8697	1
U-wire-ListMetricsResponse-batches-as-wt0	corpus	decode-read	retain	E2	9	2212.70	7924	1
U-wire-ListMetricsResponse-batches-as-wt0	corpus	decode-read	retain	E	9	2236.91	8697	1
U-wire-ListMetricsResponse-batches-as-wt0	corpus	decode-read	retain	R	9	2307.09	7778	0
U-wire-ListMetricsResponse-batches-as-wt0	corpus	decode-read	retain	E	10	2241.19	8697	1
U-wire-ListMetricsResponse-batches-as-wt0	corpus	decode-read	retain	R	10	2333.56	7778	0
U-wire-ListMetricsResponse-batches-as-wt0	corpus	decode-read	retain	E2	10	2251.32	7924	1
U-wire-ListMetricsResponse-batches-as-wt0	corpus	decode-read	retain	R	11	2285.45	7778	0
U-wire-ListMetricsResponse-batches-as-wt0	corpus	decode-read	retain	E2	11	2200.28	7924	1
U-wire-ListMetricsResponse-batches-as-wt0	corpus	decode-read	retain	E	11	2200.75	8697	1
U-wire-ListMetricsResponse-batches-as-wt0	corpus	decode-read	retain	E2	12	2284.67	7924	1
U-wire-ListMetricsResponse-batches-as-wt0	corpus	decode-read	retain	E	12	2384.84	8697	1
U-wire-ListMetricsResponse-batches-as-wt0	corpus	decode-read	retain	R	12	2320.16	7778	0
U-wire-ListMetricsResponse-batches-as-wt0	corpus	decode-read	retain	E	13	2287.26	8697	1
U-wire-ListMetricsResponse-batches-as-wt0	corpus	decode-read	retain	R	13	2375.63	7778	0
U-wire-ListMetricsResponse-batches-as-wt0	corpus	decode-read	retain	E2	13	2434.95	7924	1
U-wire-ListMetricsResponse-batches-as-wt0	corpus	decode-read	retain	R	14	2313.53	7778	0
U-wire-ListMetricsResponse-batches-as-wt0	corpus	decode-read	retain	E2	14	2257.24	7924	1
U-wire-ListMetricsResponse-batches-as-wt0	corpus	decode-read	retain	E	14	2346.18	8697	1
U-wire-ListMetricsResponse-batches-as-wt0	corpus	decode-read	retain	E2	15	2234.95	7924	1
U-wire-ListMetricsResponse-batches-as-wt0	corpus	decode-read	retain	E	15	2209.38	8697	1
U-wire-ListMetricsResponse-batches-as-wt0	corpus	decode-read	retain	R	15	2335.67	7778	0
U-wire-ListMetricsResponse-batches-as-wt0	corpus	decode-read	retain	E	16	2283.11	8697	1
U-wire-ListMetricsResponse-batches-as-wt0	corpus	decode-read	retain	R	16	2339.73	7778	0
U-wire-ListMetricsResponse-batches-as-wt0	corpus	decode-read	retain	E2	16	2276.56	7924	1
U-wire-ListMetricsResponse-batches-as-wt0	corpus	decode-read	retain	R	17	2353.44	7778	0
U-wire-ListMetricsResponse-batches-as-wt0	corpus	decode-read	retain	E2	17	2255.25	7924	1
U-wire-ListMetricsResponse-batches-as-wt0	corpus	decode-read	retain	E	17	2263.79	8697	1
U-wire-ListMetricsResponse-batches-as-wt0	corpus	decode-read	retain	E2	18	2254.56	7924	1
U-wire-ListMetricsResponse-batches-as-wt0	corpus	decode-read	retain	E	18	2448.12	8697	1
U-wire-ListMetricsResponse-batches-as-wt0	corpus	decode-read	retain	R	18	2484.74	7778	0
U-wire-ListMetricsResponse-batches-as-wt0	corpus	decode-read	retain	E	19	2512.20	8697	1
U-wire-ListMetricsResponse-batches-as-wt0	corpus	decode-read	retain	R	19	2450.52	7778	0
U-wire-ListMetricsResponse-batches-as-wt0	corpus	decode-read	retain	E2	19	2335.12	7924	1
U-wire-ListMetricsResponse-batches-as-wt0	corpus	decode-read	retain	R	20	2351.40	7778	0
U-wire-ListMetricsResponse-batches-as-wt0	corpus	decode-read	retain	E2	20	2310.97	7924	1
U-wire-ListMetricsResponse-batches-as-wt0	corpus	decode-read	retain	E	20	2350.14	8697	1
U-wire-ListMetricsResponse-batches-as-wt0	corpus	decode-read	retain	E2	21	2348.65	7924	1
U-wire-ListMetricsResponse-batches-as-wt0	corpus	decode-read	retain	E	21	2403.76	8697	1
U-wire-ListMetricsResponse-batches-as-wt0	corpus	decode-read	retain	R	21	2406.52	7778	0
U-wire-ListMetricsResponse-batches-as-wt0	corpus	encode-core-hot	drop	E	1	1100.99	16535	0
U-wire-ListMetricsResponse-batches-as-wt0	corpus	encode-core-hot	drop	R	1	1118.77	18413	0
U-wire-ListMetricsResponse-batches-as-wt0	corpus	encode-core-hot	drop	E2	1	1169.40	17984	0
U-wire-ListMetricsResponse-batches-as-wt0	corpus	encode-core-hot	drop	R	2	1249.50	18413	0
U-wire-ListMetricsResponse-batches-as-wt0	corpus	encode-core-hot	drop	E2	2	1290.06	17984	0
U-wire-ListMetricsResponse-batches-as-wt0	corpus	encode-core-hot	drop	E	2	1210.02	16535	0
U-wire-ListMetricsResponse-batches-as-wt0	corpus	encode-core-hot	drop	E2	3	1263.88	17984	0
U-wire-ListMetricsResponse-batches-as-wt0	corpus	encode-core-hot	drop	E	3	1445.40	16535	0
U-wire-ListMetricsResponse-batches-as-wt0	corpus	encode-core-hot	drop	R	3	1170.16	18413	0
U-wire-ListMetricsResponse-batches-as-wt0	corpus	encode-core-hot	drop	E	4	1258.41	16535	0
U-wire-ListMetricsResponse-batches-as-wt0	corpus	encode-core-hot	drop	R	4	1226.51	18413	0
U-wire-ListMetricsResponse-batches-as-wt0	corpus	encode-core-hot	drop	E2	4	1300.76	17984	0
U-wire-ListMetricsResponse-batches-as-wt0	corpus	encode-core-hot	drop	R	5	1243.27	18413	0
U-wire-ListMetricsResponse-batches-as-wt0	corpus	encode-core-hot	drop	E2	5	1111.35	17984	0
U-wire-ListMetricsResponse-batches-as-wt0	corpus	encode-core-hot	drop	E	5	1111.85	16535	0
U-wire-ListMetricsResponse-batches-as-wt0	corpus	encode-core-hot	drop	E2	6	1115.20	17984	0
U-wire-ListMetricsResponse-batches-as-wt0	corpus	encode-core-hot	drop	E	6	1103.77	16535	0
U-wire-ListMetricsResponse-batches-as-wt0	corpus	encode-core-hot	drop	R	6	1083.26	18413	0
U-wire-ListMetricsResponse-batches-as-wt0	corpus	encode-core-hot	drop	E	7	1099.54	16535	0
U-wire-ListMetricsResponse-batches-as-wt0	corpus	encode-core-hot	drop	R	7	1158.36	18413	0
U-wire-ListMetricsResponse-batches-as-wt0	corpus	encode-core-hot	drop	E2	7	1115.07	17984	0
U-wire-ListMetricsResponse-batches-as-wt0	corpus	encode-core-hot	drop	R	8	1059.79	18413	0
U-wire-ListMetricsResponse-batches-as-wt0	corpus	encode-core-hot	drop	E2	8	1103.41	17984	0
U-wire-ListMetricsResponse-batches-as-wt0	corpus	encode-core-hot	drop	E	8	1093.74	16535	0
U-wire-ListMetricsResponse-batches-as-wt0	corpus	encode-core-hot	drop	E2	9	1134.48	17984	0
U-wire-ListMetricsResponse-batches-as-wt0	corpus	encode-core-hot	drop	E	9	1121.82	16535	0
U-wire-ListMetricsResponse-batches-as-wt0	corpus	encode-core-hot	drop	R	9	1072.27	18413	0
U-wire-ListMetricsResponse-batches-as-wt0	corpus	encode-core-hot	drop	E	10	1087.69	16535	0
U-wire-ListMetricsResponse-batches-as-wt0	corpus	encode-core-hot	drop	R	10	1100.20	18413	0
U-wire-ListMetricsResponse-batches-as-wt0	corpus	encode-core-hot	drop	E2	10	1101.18	17984	0
U-wire-ListMetricsResponse-batches-as-wt0	corpus	encode-core-hot	drop	R	11	1086.28	18413	0
U-wire-ListMetricsResponse-batches-as-wt0	corpus	encode-core-hot	drop	E2	11	1090.51	17984	0
U-wire-ListMetricsResponse-batches-as-wt0	corpus	encode-core-hot	drop	E	11	1108.35	16535	0
U-wire-ListMetricsResponse-batches-as-wt0	corpus	encode-core-hot	drop	E2	12	1099.91	17984	0
U-wire-ListMetricsResponse-batches-as-wt0	corpus	encode-core-hot	drop	E	12	1092.50	16535	0
U-wire-ListMetricsResponse-batches-as-wt0	corpus	encode-core-hot	drop	R	12	1090.84	18413	0
U-wire-ListMetricsResponse-batches-as-wt0	corpus	encode-core-hot	drop	E	13	1098.75	16535	0
U-wire-ListMetricsResponse-batches-as-wt0	corpus	encode-core-hot	drop	R	13	1088.25	18413	0
U-wire-ListMetricsResponse-batches-as-wt0	corpus	encode-core-hot	drop	E2	13	1099.48	17984	0
U-wire-ListMetricsResponse-batches-as-wt0	corpus	encode-core-hot	drop	R	14	1084.83	18413	0
U-wire-ListMetricsResponse-batches-as-wt0	corpus	encode-core-hot	drop	E2	14	1114.97	17984	0
U-wire-ListMetricsResponse-batches-as-wt0	corpus	encode-core-hot	drop	E	14	1105.67	16535	0
U-wire-ListMetricsResponse-batches-as-wt0	corpus	encode-core-hot	drop	E2	15	1108.58	17984	0
U-wire-ListMetricsResponse-batches-as-wt0	corpus	encode-core-hot	drop	E	15	1101.38	16535	0
U-wire-ListMetricsResponse-batches-as-wt0	corpus	encode-core-hot	drop	R	15	1093.74	18413	0
U-wire-ListMetricsResponse-batches-as-wt0	corpus	encode-core-hot	drop	E	16	1105.53	16535	0
U-wire-ListMetricsResponse-batches-as-wt0	corpus	encode-core-hot	drop	R	16	1077.53	18413	0
U-wire-ListMetricsResponse-batches-as-wt0	corpus	encode-core-hot	drop	E2	16	1105.02	17984	0
U-wire-ListMetricsResponse-batches-as-wt0	corpus	encode-core-hot	drop	R	17	1091.76	18413	0
U-wire-ListMetricsResponse-batches-as-wt0	corpus	encode-core-hot	drop	E2	17	1112.21	17984	0
U-wire-ListMetricsResponse-batches-as-wt0	corpus	encode-core-hot	drop	E	17	1103.72	16535	0
U-wire-ListMetricsResponse-batches-as-wt0	corpus	encode-core-hot	drop	E2	18	1087.61	17984	0
U-wire-ListMetricsResponse-batches-as-wt0	corpus	encode-core-hot	drop	E	18	1096.13	16535	0
U-wire-ListMetricsResponse-batches-as-wt0	corpus	encode-core-hot	drop	R	18	1084.35	18413	0
U-wire-ListMetricsResponse-batches-as-wt0	corpus	encode-core-hot	drop	E	19	1115.58	16535	0
U-wire-ListMetricsResponse-batches-as-wt0	corpus	encode-core-hot	drop	R	19	1089.14	18413	0
U-wire-ListMetricsResponse-batches-as-wt0	corpus	encode-core-hot	drop	E2	19	1102.21	17984	0
U-wire-ListMetricsResponse-batches-as-wt0	corpus	encode-core-hot	drop	R	20	1078.53	18413	0
U-wire-ListMetricsResponse-batches-as-wt0	corpus	encode-core-hot	drop	E2	20	1201.22	17984	0
U-wire-ListMetricsResponse-batches-as-wt0	corpus	encode-core-hot	drop	E	20	1170.92	16535	0
U-wire-ListMetricsResponse-batches-as-wt0	corpus	encode-core-hot	drop	E2	21	1151.18	17984	0
U-wire-ListMetricsResponse-batches-as-wt0	corpus	encode-core-hot	drop	E	21	1197.79	16535	0
U-wire-ListMetricsResponse-batches-as-wt0	corpus	encode-core-hot	drop	R	21	1073.85	18413	0
U-wire-ListMetricsResponse-batches-as-wt0	corpus	encode-core-hot	retain	E	1	1136.59	17354	0
U-wire-ListMetricsResponse-batches-as-wt0	corpus	encode-core-hot	retain	R	1	1114.46	17514	0
U-wire-ListMetricsResponse-batches-as-wt0	corpus	encode-core-hot	retain	E2	1	1171.04	16945	0
U-wire-ListMetricsResponse-batches-as-wt0	corpus	encode-core-hot	retain	R	2	1158.20	17514	0
U-wire-ListMetricsResponse-batches-as-wt0	corpus	encode-core-hot	retain	E2	2	1170.59	16945	0
U-wire-ListMetricsResponse-batches-as-wt0	corpus	encode-core-hot	retain	E	2	1159.05	17354	0
U-wire-ListMetricsResponse-batches-as-wt0	corpus	encode-core-hot	retain	E2	3	1142.14	16945	0
U-wire-ListMetricsResponse-batches-as-wt0	corpus	encode-core-hot	retain	E	3	1180.97	17354	0
U-wire-ListMetricsResponse-batches-as-wt0	corpus	encode-core-hot	retain	R	3	1142.30	17514	0
U-wire-ListMetricsResponse-batches-as-wt0	corpus	encode-core-hot	retain	E	4	1220.04	17354	0
U-wire-ListMetricsResponse-batches-as-wt0	corpus	encode-core-hot	retain	R	4	1138.96	17514	0
U-wire-ListMetricsResponse-batches-as-wt0	corpus	encode-core-hot	retain	E2	4	1146.13	16945	0
U-wire-ListMetricsResponse-batches-as-wt0	corpus	encode-core-hot	retain	R	5	1350.69	17514	0
U-wire-ListMetricsResponse-batches-as-wt0	corpus	encode-core-hot	retain	E2	5	1247.39	16945	0
U-wire-ListMetricsResponse-batches-as-wt0	corpus	encode-core-hot	retain	E	5	1133.87	17354	0
U-wire-ListMetricsResponse-batches-as-wt0	corpus	encode-core-hot	retain	E2	6	1152.55	16945	0
U-wire-ListMetricsResponse-batches-as-wt0	corpus	encode-core-hot	retain	E	6	1153.89	17354	0
U-wire-ListMetricsResponse-batches-as-wt0	corpus	encode-core-hot	retain	R	6	1151.90	17514	0
U-wire-ListMetricsResponse-batches-as-wt0	corpus	encode-core-hot	retain	E	7	1135.25	17354	0
U-wire-ListMetricsResponse-batches-as-wt0	corpus	encode-core-hot	retain	R	7	1111.57	17514	0
U-wire-ListMetricsResponse-batches-as-wt0	corpus	encode-core-hot	retain	E2	7	1129.72	16945	0
U-wire-ListMetricsResponse-batches-as-wt0	corpus	encode-core-hot	retain	R	8	1127.41	17514	0
U-wire-ListMetricsResponse-batches-as-wt0	corpus	encode-core-hot	retain	E2	8	1140.54	16945	0
U-wire-ListMetricsResponse-batches-as-wt0	corpus	encode-core-hot	retain	E	8	1156.37	17354	0
U-wire-ListMetricsResponse-batches-as-wt0	corpus	encode-core-hot	retain	E2	9	1150.44	16945	0
U-wire-ListMetricsResponse-batches-as-wt0	corpus	encode-core-hot	retain	E	9	1166.29	17354	0
U-wire-ListMetricsResponse-batches-as-wt0	corpus	encode-core-hot	retain	R	9	1119.57	17514	0
U-wire-ListMetricsResponse-batches-as-wt0	corpus	encode-core-hot	retain	E	10	1145.59	17354	0
U-wire-ListMetricsResponse-batches-as-wt0	corpus	encode-core-hot	retain	R	10	1124.08	17514	0
U-wire-ListMetricsResponse-batches-as-wt0	corpus	encode-core-hot	retain	E2	10	1146.69	16945	0
U-wire-ListMetricsResponse-batches-as-wt0	corpus	encode-core-hot	retain	R	11	1105.69	17514	0
U-wire-ListMetricsResponse-batches-as-wt0	corpus	encode-core-hot	retain	E2	11	1133.70	16945	0
U-wire-ListMetricsResponse-batches-as-wt0	corpus	encode-core-hot	retain	E	11	1145.79	17354	0
U-wire-ListMetricsResponse-batches-as-wt0	corpus	encode-core-hot	retain	E2	12	1154.51	16945	0
U-wire-ListMetricsResponse-batches-as-wt0	corpus	encode-core-hot	retain	E	12	1138.59	17354	0
U-wire-ListMetricsResponse-batches-as-wt0	corpus	encode-core-hot	retain	R	12	1141.93	17514	0
U-wire-ListMetricsResponse-batches-as-wt0	corpus	encode-core-hot	retain	E	13	1157.06	17354	0
U-wire-ListMetricsResponse-batches-as-wt0	corpus	encode-core-hot	retain	R	13	1144.10	17514	0
U-wire-ListMetricsResponse-batches-as-wt0	corpus	encode-core-hot	retain	E2	13	1173.11	16945	0
U-wire-ListMetricsResponse-batches-as-wt0	corpus	encode-core-hot	retain	R	14	1117.79	17514	0
U-wire-ListMetricsResponse-batches-as-wt0	corpus	encode-core-hot	retain	E2	14	1136.79	16945	0
U-wire-ListMetricsResponse-batches-as-wt0	corpus	encode-core-hot	retain	E	14	1143.17	17354	0
U-wire-ListMetricsResponse-batches-as-wt0	corpus	encode-core-hot	retain	E2	15	1135.17	16945	0
U-wire-ListMetricsResponse-batches-as-wt0	corpus	encode-core-hot	retain	E	15	1140.72	17354	0
U-wire-ListMetricsResponse-batches-as-wt0	corpus	encode-core-hot	retain	R	15	1170.16	17514	0
U-wire-ListMetricsResponse-batches-as-wt0	corpus	encode-core-hot	retain	E	16	1141.19	17354	0
U-wire-ListMetricsResponse-batches-as-wt0	corpus	encode-core-hot	retain	R	16	1117.83	17514	0
U-wire-ListMetricsResponse-batches-as-wt0	corpus	encode-core-hot	retain	E2	16	1154.36	16945	0
U-wire-ListMetricsResponse-batches-as-wt0	corpus	encode-core-hot	retain	R	17	1129.08	17514	0
U-wire-ListMetricsResponse-batches-as-wt0	corpus	encode-core-hot	retain	E2	17	1141.12	16945	0
U-wire-ListMetricsResponse-batches-as-wt0	corpus	encode-core-hot	retain	E	17	1140.10	17354	0
U-wire-ListMetricsResponse-batches-as-wt0	corpus	encode-core-hot	retain	E2	18	1125.72	16945	0
U-wire-ListMetricsResponse-batches-as-wt0	corpus	encode-core-hot	retain	E	18	1128.88	17354	0
U-wire-ListMetricsResponse-batches-as-wt0	corpus	encode-core-hot	retain	R	18	1106.78	17514	0
U-wire-ListMetricsResponse-batches-as-wt0	corpus	encode-core-hot	retain	E	19	1136.75	17354	0
U-wire-ListMetricsResponse-batches-as-wt0	corpus	encode-core-hot	retain	R	19	1106.00	17514	0
U-wire-ListMetricsResponse-batches-as-wt0	corpus	encode-core-hot	retain	E2	19	1135.33	16945	0
U-wire-ListMetricsResponse-batches-as-wt0	corpus	encode-core-hot	retain	R	20	1146.45	17514	0
U-wire-ListMetricsResponse-batches-as-wt0	corpus	encode-core-hot	retain	E2	20	1139.13	16945	0
U-wire-ListMetricsResponse-batches-as-wt0	corpus	encode-core-hot	retain	E	20	1159.37	17354	0
U-wire-ListMetricsResponse-batches-as-wt0	corpus	encode-core-hot	retain	E2	21	1141.41	16945	0
U-wire-ListMetricsResponse-batches-as-wt0	corpus	encode-core-hot	retain	E	21	1149.55	17354	0
U-wire-ListMetricsResponse-batches-as-wt0	corpus	encode-core-hot	retain	R	21	1127.58	17514	0
U-wire-DualResponse-left-as-wt5	corpus	decode-read	drop	E	1	391.21	50320	1
U-wire-DualResponse-left-as-wt5	corpus	decode-read	drop	R	1	401.15	51554	0
U-wire-DualResponse-left-as-wt5	corpus	decode-read	drop	E2	1	379.38	50553	1
U-wire-DualResponse-left-as-wt5	corpus	decode-read	drop	R	2	376.45	51554	0
U-wire-DualResponse-left-as-wt5	corpus	decode-read	drop	E2	2	378.73	50553	1
U-wire-DualResponse-left-as-wt5	corpus	decode-read	drop	E	2	381.36	50320	1
U-wire-DualResponse-left-as-wt5	corpus	decode-read	drop	E2	3	387.74	50553	1
U-wire-DualResponse-left-as-wt5	corpus	decode-read	drop	E	3	388.15	50320	1
U-wire-DualResponse-left-as-wt5	corpus	decode-read	drop	R	3	378.22	51554	0
U-wire-DualResponse-left-as-wt5	corpus	decode-read	drop	E	4	377.79	50320	1
U-wire-DualResponse-left-as-wt5	corpus	decode-read	drop	R	4	380.47	51554	0
U-wire-DualResponse-left-as-wt5	corpus	decode-read	drop	E2	4	389.93	50553	1
U-wire-DualResponse-left-as-wt5	corpus	decode-read	drop	R	5	376.68	51554	0
U-wire-DualResponse-left-as-wt5	corpus	decode-read	drop	E2	5	381.17	50553	1
U-wire-DualResponse-left-as-wt5	corpus	decode-read	drop	E	5	381.12	50320	1
U-wire-DualResponse-left-as-wt5	corpus	decode-read	drop	E2	6	381.32	50553	1
U-wire-DualResponse-left-as-wt5	corpus	decode-read	drop	E	6	391.92	50320	1
U-wire-DualResponse-left-as-wt5	corpus	decode-read	drop	R	6	384.11	51554	0
U-wire-DualResponse-left-as-wt5	corpus	decode-read	drop	E	7	379.02	50320	1
U-wire-DualResponse-left-as-wt5	corpus	decode-read	drop	R	7	376.55	51554	0
U-wire-DualResponse-left-as-wt5	corpus	decode-read	drop	E2	7	386.12	50553	1
U-wire-DualResponse-left-as-wt5	corpus	decode-read	drop	R	8	384.45	51554	0
U-wire-DualResponse-left-as-wt5	corpus	decode-read	drop	E2	8	385.19	50553	1
U-wire-DualResponse-left-as-wt5	corpus	decode-read	drop	E	8	380.75	50320	1
U-wire-DualResponse-left-as-wt5	corpus	decode-read	drop	E2	9	378.71	50553	1
U-wire-DualResponse-left-as-wt5	corpus	decode-read	drop	E	9	391.12	50320	1
U-wire-DualResponse-left-as-wt5	corpus	decode-read	drop	R	9	391.83	51554	0
U-wire-DualResponse-left-as-wt5	corpus	decode-read	drop	E	10	390.57	50320	1
U-wire-DualResponse-left-as-wt5	corpus	decode-read	drop	R	10	384.45	51554	0
U-wire-DualResponse-left-as-wt5	corpus	decode-read	drop	E2	10	383.46	50553	1
U-wire-DualResponse-left-as-wt5	corpus	decode-read	drop	R	11	381.44	51554	0
U-wire-DualResponse-left-as-wt5	corpus	decode-read	drop	E2	11	389.38	50553	1
U-wire-DualResponse-left-as-wt5	corpus	decode-read	drop	E	11	380.69	50320	1
U-wire-DualResponse-left-as-wt5	corpus	decode-read	drop	E2	12	382.75	50553	1
U-wire-DualResponse-left-as-wt5	corpus	decode-read	drop	E	12	410.32	50320	1
U-wire-DualResponse-left-as-wt5	corpus	decode-read	drop	R	12	381.70	51554	0
U-wire-DualResponse-left-as-wt5	corpus	decode-read	drop	E	13	391.26	50320	1
U-wire-DualResponse-left-as-wt5	corpus	decode-read	drop	R	13	378.91	51554	0
U-wire-DualResponse-left-as-wt5	corpus	decode-read	drop	E2	13	393.58	50553	1
U-wire-DualResponse-left-as-wt5	corpus	decode-read	drop	R	14	422.32	51554	0
U-wire-DualResponse-left-as-wt5	corpus	decode-read	drop	E2	14	397.07	50553	1
U-wire-DualResponse-left-as-wt5	corpus	decode-read	drop	E	14	388.69	50320	1
U-wire-DualResponse-left-as-wt5	corpus	decode-read	drop	E2	15	404.66	50553	1
U-wire-DualResponse-left-as-wt5	corpus	decode-read	drop	E	15	392.66	50320	1
U-wire-DualResponse-left-as-wt5	corpus	decode-read	drop	R	15	389.88	51554	0
U-wire-DualResponse-left-as-wt5	corpus	decode-read	drop	E	16	400.60	50320	1
U-wire-DualResponse-left-as-wt5	corpus	decode-read	drop	R	16	392.16	51554	0
U-wire-DualResponse-left-as-wt5	corpus	decode-read	drop	E2	16	394.33	50553	1
U-wire-DualResponse-left-as-wt5	corpus	decode-read	drop	R	17	383.05	51554	0
U-wire-DualResponse-left-as-wt5	corpus	decode-read	drop	E2	17	391.92	50553	1
U-wire-DualResponse-left-as-wt5	corpus	decode-read	drop	E	17	394.15	50320	1
U-wire-DualResponse-left-as-wt5	corpus	decode-read	drop	E2	18	399.08	50553	1
U-wire-DualResponse-left-as-wt5	corpus	decode-read	drop	E	18	394.18	50320	1
U-wire-DualResponse-left-as-wt5	corpus	decode-read	drop	R	18	381.22	51554	0
U-wire-DualResponse-left-as-wt5	corpus	decode-read	drop	E	19	380.26	50320	1
U-wire-DualResponse-left-as-wt5	corpus	decode-read	drop	R	19	384.37	51554	0
U-wire-DualResponse-left-as-wt5	corpus	decode-read	drop	E2	19	394.01	50553	1
U-wire-DualResponse-left-as-wt5	corpus	decode-read	drop	R	20	384.59	51554	0
U-wire-DualResponse-left-as-wt5	corpus	decode-read	drop	E2	20	378.12	50553	1
U-wire-DualResponse-left-as-wt5	corpus	decode-read	drop	E	20	380.66	50320	1
U-wire-DualResponse-left-as-wt5	corpus	decode-read	drop	E2	21	383.55	50553	1
U-wire-DualResponse-left-as-wt5	corpus	decode-read	drop	E	21	387.73	50320	1
U-wire-DualResponse-left-as-wt5	corpus	decode-read	drop	R	21	375.30	51554	0
U-wire-DualResponse-left-as-wt5	corpus	decode-read	retain	E	1	439.46	46448	1
U-wire-DualResponse-left-as-wt5	corpus	decode-read	retain	R	1	434.76	46644	0
U-wire-DualResponse-left-as-wt5	corpus	decode-read	retain	E2	1	434.77	45789	1
U-wire-DualResponse-left-as-wt5	corpus	decode-read	retain	R	2	438.55	46644	0
U-wire-DualResponse-left-as-wt5	corpus	decode-read	retain	E2	2	431.47	45789	1
U-wire-DualResponse-left-as-wt5	corpus	decode-read	retain	E	2	433.71	46448	1
U-wire-DualResponse-left-as-wt5	corpus	decode-read	retain	E2	3	436.30	45789	1
U-wire-DualResponse-left-as-wt5	corpus	decode-read	retain	E	3	433.58	46448	1
U-wire-DualResponse-left-as-wt5	corpus	decode-read	retain	R	3	439.65	46644	0
U-wire-DualResponse-left-as-wt5	corpus	decode-read	retain	E	4	433.51	46448	1
U-wire-DualResponse-left-as-wt5	corpus	decode-read	retain	R	4	433.49	46644	0
U-wire-DualResponse-left-as-wt5	corpus	decode-read	retain	E2	4	443.34	45789	1
U-wire-DualResponse-left-as-wt5	corpus	decode-read	retain	R	5	432.39	46644	0
U-wire-DualResponse-left-as-wt5	corpus	decode-read	retain	E2	5	428.30	45789	1
U-wire-DualResponse-left-as-wt5	corpus	decode-read	retain	E	5	434.13	46448	1
U-wire-DualResponse-left-as-wt5	corpus	decode-read	retain	E2	6	431.73	45789	1
U-wire-DualResponse-left-as-wt5	corpus	decode-read	retain	E	6	441.20	46448	1
U-wire-DualResponse-left-as-wt5	corpus	decode-read	retain	R	6	431.31	46644	0
U-wire-DualResponse-left-as-wt5	corpus	decode-read	retain	E	7	434.59	46448	1
U-wire-DualResponse-left-as-wt5	corpus	decode-read	retain	R	7	435.07	46644	0
U-wire-DualResponse-left-as-wt5	corpus	decode-read	retain	E2	7	431.11	45789	1
U-wire-DualResponse-left-as-wt5	corpus	decode-read	retain	R	8	443.43	46644	0
U-wire-DualResponse-left-as-wt5	corpus	decode-read	retain	E2	8	433.29	45789	1
U-wire-DualResponse-left-as-wt5	corpus	decode-read	retain	E	8	430.60	46448	1
U-wire-DualResponse-left-as-wt5	corpus	decode-read	retain	E2	9	431.72	45789	1
U-wire-DualResponse-left-as-wt5	corpus	decode-read	retain	E	9	431.99	46448	1
U-wire-DualResponse-left-as-wt5	corpus	decode-read	retain	R	9	451.76	46644	0
U-wire-DualResponse-left-as-wt5	corpus	decode-read	retain	E	10	434.39	46448	1
U-wire-DualResponse-left-as-wt5	corpus	decode-read	retain	R	10	429.65	46644	0
U-wire-DualResponse-left-as-wt5	corpus	decode-read	retain	E2	10	425.74	45789	1
U-wire-DualResponse-left-as-wt5	corpus	decode-read	retain	R	11	441.64	46644	0
U-wire-DualResponse-left-as-wt5	corpus	decode-read	retain	E2	11	441.48	45789	1
U-wire-DualResponse-left-as-wt5	corpus	decode-read	retain	E	11	436.79	46448	1
U-wire-DualResponse-left-as-wt5	corpus	decode-read	retain	E2	12	431.89	45789	1
U-wire-DualResponse-left-as-wt5	corpus	decode-read	retain	E	12	432.72	46448	1
U-wire-DualResponse-left-as-wt5	corpus	decode-read	retain	R	12	435.83	46644	0
U-wire-DualResponse-left-as-wt5	corpus	decode-read	retain	E	13	431.24	46448	1
U-wire-DualResponse-left-as-wt5	corpus	decode-read	retain	R	13	440.58	46644	0
U-wire-DualResponse-left-as-wt5	corpus	decode-read	retain	E2	13	427.12	45789	1
U-wire-DualResponse-left-as-wt5	corpus	decode-read	retain	R	14	435.57	46644	0
U-wire-DualResponse-left-as-wt5	corpus	decode-read	retain	E2	14	433.03	45789	1
U-wire-DualResponse-left-as-wt5	corpus	decode-read	retain	E	14	430.59	46448	1
U-wire-DualResponse-left-as-wt5	corpus	decode-read	retain	E2	15	443.17	45789	1
U-wire-DualResponse-left-as-wt5	corpus	decode-read	retain	E	15	434.32	46448	1
U-wire-DualResponse-left-as-wt5	corpus	decode-read	retain	R	15	436.78	46644	0
U-wire-DualResponse-left-as-wt5	corpus	decode-read	retain	E	16	429.24	46448	1
U-wire-DualResponse-left-as-wt5	corpus	decode-read	retain	R	16	436.88	46644	0
U-wire-DualResponse-left-as-wt5	corpus	decode-read	retain	E2	16	445.84	45789	1
U-wire-DualResponse-left-as-wt5	corpus	decode-read	retain	R	17	432.39	46644	0
U-wire-DualResponse-left-as-wt5	corpus	decode-read	retain	E2	17	431.03	45789	1
U-wire-DualResponse-left-as-wt5	corpus	decode-read	retain	E	17	433.86	46448	1
U-wire-DualResponse-left-as-wt5	corpus	decode-read	retain	E2	18	433.35	45789	1
U-wire-DualResponse-left-as-wt5	corpus	decode-read	retain	E	18	438.84	46448	1
U-wire-DualResponse-left-as-wt5	corpus	decode-read	retain	R	18	430.36	46644	0
U-wire-DualResponse-left-as-wt5	corpus	decode-read	retain	E	19	420.30	46448	1
U-wire-DualResponse-left-as-wt5	corpus	decode-read	retain	R	19	440.15	46644	0
U-wire-DualResponse-left-as-wt5	corpus	decode-read	retain	E2	19	428.23	45789	1
U-wire-DualResponse-left-as-wt5	corpus	decode-read	retain	R	20	438.03	46644	0
U-wire-DualResponse-left-as-wt5	corpus	decode-read	retain	E2	20	435.41	45789	1
U-wire-DualResponse-left-as-wt5	corpus	decode-read	retain	E	20	436.63	46448	1
U-wire-DualResponse-left-as-wt5	corpus	decode-read	retain	E2	21	435.09	45789	1
U-wire-DualResponse-left-as-wt5	corpus	decode-read	retain	E	21	439.60	46448	1
U-wire-DualResponse-left-as-wt5	corpus	decode-read	retain	R	21	446.05	46644	0
U-wire-DualResponse-left-as-wt5	corpus	encode-core-hot	drop	E	1	195.02	103518	0
U-wire-DualResponse-left-as-wt5	corpus	encode-core-hot	drop	R	1	186.27	109710	0
U-wire-DualResponse-left-as-wt5	corpus	encode-core-hot	drop	E2	1	193.24	102820	0
U-wire-DualResponse-left-as-wt5	corpus	encode-core-hot	drop	R	2	189.27	109710	0
U-wire-DualResponse-left-as-wt5	corpus	encode-core-hot	drop	E2	2	194.16	102820	0
U-wire-DualResponse-left-as-wt5	corpus	encode-core-hot	drop	E	2	194.51	103518	0
U-wire-DualResponse-left-as-wt5	corpus	encode-core-hot	drop	E2	3	194.74	102820	0
U-wire-DualResponse-left-as-wt5	corpus	encode-core-hot	drop	E	3	197.41	103518	0
U-wire-DualResponse-left-as-wt5	corpus	encode-core-hot	drop	R	3	188.64	109710	0
U-wire-DualResponse-left-as-wt5	corpus	encode-core-hot	drop	E	4	197.23	103518	0
U-wire-DualResponse-left-as-wt5	corpus	encode-core-hot	drop	R	4	189.51	109710	0
U-wire-DualResponse-left-as-wt5	corpus	encode-core-hot	drop	E2	4	193.81	102820	0
U-wire-DualResponse-left-as-wt5	corpus	encode-core-hot	drop	R	5	188.78	109710	0
U-wire-DualResponse-left-as-wt5	corpus	encode-core-hot	drop	E2	5	192.39	102820	0
U-wire-DualResponse-left-as-wt5	corpus	encode-core-hot	drop	E	5	195.69	103518	0
U-wire-DualResponse-left-as-wt5	corpus	encode-core-hot	drop	E2	6	193.92	102820	0
U-wire-DualResponse-left-as-wt5	corpus	encode-core-hot	drop	E	6	196.90	103518	0
U-wire-DualResponse-left-as-wt5	corpus	encode-core-hot	drop	R	6	190.47	109710	0
U-wire-DualResponse-left-as-wt5	corpus	encode-core-hot	drop	E	7	193.01	103518	0
U-wire-DualResponse-left-as-wt5	corpus	encode-core-hot	drop	R	7	190.94	109710	0
U-wire-DualResponse-left-as-wt5	corpus	encode-core-hot	drop	E2	7	193.49	102820	0
U-wire-DualResponse-left-as-wt5	corpus	encode-core-hot	drop	R	8	188.60	109710	0
U-wire-DualResponse-left-as-wt5	corpus	encode-core-hot	drop	E2	8	195.69	102820	0
U-wire-DualResponse-left-as-wt5	corpus	encode-core-hot	drop	E	8	192.73	103518	0
U-wire-DualResponse-left-as-wt5	corpus	encode-core-hot	drop	E2	9	193.05	102820	0
U-wire-DualResponse-left-as-wt5	corpus	encode-core-hot	drop	E	9	193.10	103518	0
U-wire-DualResponse-left-as-wt5	corpus	encode-core-hot	drop	R	9	188.85	109710	0
U-wire-DualResponse-left-as-wt5	corpus	encode-core-hot	drop	E	10	190.43	103518	0
U-wire-DualResponse-left-as-wt5	corpus	encode-core-hot	drop	R	10	185.37	109710	0
U-wire-DualResponse-left-as-wt5	corpus	encode-core-hot	drop	E2	10	192.90	102820	0
U-wire-DualResponse-left-as-wt5	corpus	encode-core-hot	drop	R	11	188.69	109710	0
U-wire-DualResponse-left-as-wt5	corpus	encode-core-hot	drop	E2	11	194.20	102820	0
U-wire-DualResponse-left-as-wt5	corpus	encode-core-hot	drop	E	11	192.96	103518	0
U-wire-DualResponse-left-as-wt5	corpus	encode-core-hot	drop	E2	12	193.26	102820	0
U-wire-DualResponse-left-as-wt5	corpus	encode-core-hot	drop	E	12	192.98	103518	0
U-wire-DualResponse-left-as-wt5	corpus	encode-core-hot	drop	R	12	190.53	109710	0
U-wire-DualResponse-left-as-wt5	corpus	encode-core-hot	drop	E	13	193.47	103518	0
U-wire-DualResponse-left-as-wt5	corpus	encode-core-hot	drop	R	13	189.27	109710	0
U-wire-DualResponse-left-as-wt5	corpus	encode-core-hot	drop	E2	13	193.64	102820	0
U-wire-DualResponse-left-as-wt5	corpus	encode-core-hot	drop	R	14	187.98	109710	0
U-wire-DualResponse-left-as-wt5	corpus	encode-core-hot	drop	E2	14	191.37	102820	0
U-wire-DualResponse-left-as-wt5	corpus	encode-core-hot	drop	E	14	194.33	103518	0
U-wire-DualResponse-left-as-wt5	corpus	encode-core-hot	drop	E2	15	192.88	102820	0
U-wire-DualResponse-left-as-wt5	corpus	encode-core-hot	drop	E	15	189.55	103518	0
U-wire-DualResponse-left-as-wt5	corpus	encode-core-hot	drop	R	15	188.85	109710	0
U-wire-DualResponse-left-as-wt5	corpus	encode-core-hot	drop	E	16	193.22	103518	0
U-wire-DualResponse-left-as-wt5	corpus	encode-core-hot	drop	R	16	187.65	109710	0
U-wire-DualResponse-left-as-wt5	corpus	encode-core-hot	drop	E2	16	192.85	102820	0
U-wire-DualResponse-left-as-wt5	corpus	encode-core-hot	drop	R	17	187.80	109710	0
U-wire-DualResponse-left-as-wt5	corpus	encode-core-hot	drop	E2	17	188.45	102820	0
U-wire-DualResponse-left-as-wt5	corpus	encode-core-hot	drop	E	17	193.13	103518	0
U-wire-DualResponse-left-as-wt5	corpus	encode-core-hot	drop	E2	18	191.78	102820	0
U-wire-DualResponse-left-as-wt5	corpus	encode-core-hot	drop	E	18	192.31	103518	0
U-wire-DualResponse-left-as-wt5	corpus	encode-core-hot	drop	R	18	187.76	109710	0
U-wire-DualResponse-left-as-wt5	corpus	encode-core-hot	drop	E	19	187.50	103518	0
U-wire-DualResponse-left-as-wt5	corpus	encode-core-hot	drop	R	19	186.01	109710	0
U-wire-DualResponse-left-as-wt5	corpus	encode-core-hot	drop	E2	19	194.12	102820	0
U-wire-DualResponse-left-as-wt5	corpus	encode-core-hot	drop	R	20	187.35	109710	0
U-wire-DualResponse-left-as-wt5	corpus	encode-core-hot	drop	E2	20	194.62	102820	0
U-wire-DualResponse-left-as-wt5	corpus	encode-core-hot	drop	E	20	192.68	103518	0
U-wire-DualResponse-left-as-wt5	corpus	encode-core-hot	drop	E2	21	196.61	102820	0
U-wire-DualResponse-left-as-wt5	corpus	encode-core-hot	drop	E	21	193.49	103518	0
U-wire-DualResponse-left-as-wt5	corpus	encode-core-hot	drop	R	21	188.67	109710	0
U-wire-DualResponse-left-as-wt5	corpus	encode-core-hot	retain	E	1	213.08	93049	0
U-wire-DualResponse-left-as-wt5	corpus	encode-core-hot	retain	R	1	211.01	96566	0
U-wire-DualResponse-left-as-wt5	corpus	encode-core-hot	retain	E2	1	212.49	96299	0
U-wire-DualResponse-left-as-wt5	corpus	encode-core-hot	retain	R	2	211.10	96566	0
U-wire-DualResponse-left-as-wt5	corpus	encode-core-hot	retain	E2	2	214.44	96299	0
U-wire-DualResponse-left-as-wt5	corpus	encode-core-hot	retain	E	2	212.18	93049	0
U-wire-DualResponse-left-as-wt5	corpus	encode-core-hot	retain	E2	3	208.98	96299	0
U-wire-DualResponse-left-as-wt5	corpus	encode-core-hot	retain	E	3	211.03	93049	0
U-wire-DualResponse-left-as-wt5	corpus	encode-core-hot	retain	R	3	212.22	96566	0
U-wire-DualResponse-left-as-wt5	corpus	encode-core-hot	retain	E	4	211.20	93049	0
U-wire-DualResponse-left-as-wt5	corpus	encode-core-hot	retain	R	4	218.40	96566	0
U-wire-DualResponse-left-as-wt5	corpus	encode-core-hot	retain	E2	4	215.17	96299	0
U-wire-DualResponse-left-as-wt5	corpus	encode-core-hot	retain	R	5	210.67	96566	0
U-wire-DualResponse-left-as-wt5	corpus	encode-core-hot	retain	E2	5	214.14	96299	0
U-wire-DualResponse-left-as-wt5	corpus	encode-core-hot	retain	E	5	210.25	93049	0
U-wire-DualResponse-left-as-wt5	corpus	encode-core-hot	retain	E2	6	211.00	96299	0
U-wire-DualResponse-left-as-wt5	corpus	encode-core-hot	retain	E	6	212.28	93049	0
U-wire-DualResponse-left-as-wt5	corpus	encode-core-hot	retain	R	6	205.60	96566	0
U-wire-DualResponse-left-as-wt5	corpus	encode-core-hot	retain	E	7	212.12	93049	0
U-wire-DualResponse-left-as-wt5	corpus	encode-core-hot	retain	R	7	209.86	96566	0
U-wire-DualResponse-left-as-wt5	corpus	encode-core-hot	retain	E2	7	212.76	96299	0
U-wire-DualResponse-left-as-wt5	corpus	encode-core-hot	retain	R	8	210.71	96566	0
U-wire-DualResponse-left-as-wt5	corpus	encode-core-hot	retain	E2	8	212.86	96299	0
U-wire-DualResponse-left-as-wt5	corpus	encode-core-hot	retain	E	8	216.20	93049	0
U-wire-DualResponse-left-as-wt5	corpus	encode-core-hot	retain	E2	9	215.13	96299	0
U-wire-DualResponse-left-as-wt5	corpus	encode-core-hot	retain	E	9	212.59	93049	0
U-wire-DualResponse-left-as-wt5	corpus	encode-core-hot	retain	R	9	209.99	96566	0
U-wire-DualResponse-left-as-wt5	corpus	encode-core-hot	retain	E	10	212.98	93049	0
U-wire-DualResponse-left-as-wt5	corpus	encode-core-hot	retain	R	10	210.62	96566	0
U-wire-DualResponse-left-as-wt5	corpus	encode-core-hot	retain	E2	10	210.36	96299	0
U-wire-DualResponse-left-as-wt5	corpus	encode-core-hot	retain	R	11	208.33	96566	0
U-wire-DualResponse-left-as-wt5	corpus	encode-core-hot	retain	E2	11	211.77	96299	0
U-wire-DualResponse-left-as-wt5	corpus	encode-core-hot	retain	E	11	214.68	93049	0
U-wire-DualResponse-left-as-wt5	corpus	encode-core-hot	retain	E2	12	213.75	96299	0
U-wire-DualResponse-left-as-wt5	corpus	encode-core-hot	retain	E	12	208.42	93049	0
U-wire-DualResponse-left-as-wt5	corpus	encode-core-hot	retain	R	12	204.19	96566	0
U-wire-DualResponse-left-as-wt5	corpus	encode-core-hot	retain	E	13	209.52	93049	0
U-wire-DualResponse-left-as-wt5	corpus	encode-core-hot	retain	R	13	204.08	96566	0
U-wire-DualResponse-left-as-wt5	corpus	encode-core-hot	retain	E2	13	212.32	96299	0
U-wire-DualResponse-left-as-wt5	corpus	encode-core-hot	retain	R	14	210.09	96566	0
U-wire-DualResponse-left-as-wt5	corpus	encode-core-hot	retain	E2	14	212.45	96299	0
U-wire-DualResponse-left-as-wt5	corpus	encode-core-hot	retain	E	14	210.67	93049	0
U-wire-DualResponse-left-as-wt5	corpus	encode-core-hot	retain	E2	15	212.24	96299	0
U-wire-DualResponse-left-as-wt5	corpus	encode-core-hot	retain	E	15	212.46	93049	0
U-wire-DualResponse-left-as-wt5	corpus	encode-core-hot	retain	R	15	210.26	96566	0
U-wire-DualResponse-left-as-wt5	corpus	encode-core-hot	retain	E	16	213.64	93049	0
U-wire-DualResponse-left-as-wt5	corpus	encode-core-hot	retain	R	16	209.38	96566	0
U-wire-DualResponse-left-as-wt5	corpus	encode-core-hot	retain	E2	16	212.72	96299	0
U-wire-DualResponse-left-as-wt5	corpus	encode-core-hot	retain	R	17	210.43	96566	0
U-wire-DualResponse-left-as-wt5	corpus	encode-core-hot	retain	E2	17	212.55	96299	0
U-wire-DualResponse-left-as-wt5	corpus	encode-core-hot	retain	E	17	210.73	93049	0
U-wire-DualResponse-left-as-wt5	corpus	encode-core-hot	retain	E2	18	212.30	96299	0
U-wire-DualResponse-left-as-wt5	corpus	encode-core-hot	retain	E	18	211.14	93049	0
U-wire-DualResponse-left-as-wt5	corpus	encode-core-hot	retain	R	18	210.45	96566	0
U-wire-DualResponse-left-as-wt5	corpus	encode-core-hot	retain	E	19	214.63	93049	0
U-wire-DualResponse-left-as-wt5	corpus	encode-core-hot	retain	R	19	211.45	96566	0
U-wire-DualResponse-left-as-wt5	corpus	encode-core-hot	retain	E2	19	218.59	96299	0
U-wire-DualResponse-left-as-wt5	corpus	encode-core-hot	retain	R	20	213.19	96566	0
U-wire-DualResponse-left-as-wt5	corpus	encode-core-hot	retain	E2	20	212.98	96299	0
U-wire-DualResponse-left-as-wt5	corpus	encode-core-hot	retain	E	20	213.41	93049	0
U-wire-DualResponse-left-as-wt5	corpus	encode-core-hot	retain	E2	21	212.28	96299	0
U-wire-DualResponse-left-as-wt5	corpus	encode-core-hot	retain	E	21	206.90	93049	0
U-wire-DualResponse-left-as-wt5	corpus	encode-core-hot	retain	R	21	210.04	96566	0
