payload	content	dir	mode	path	round	cpu_ns_per_op	ops	resets_per_call
P1.1	ascii	encode-core-hot	drop	E	1	1059.45	27412	0
P1.1	ascii	encode-core-hot	drop	R	1	723.57	27440	0
P1.1	ascii	encode-core-hot	drop	E2	1	726.10	19165	0
P1.1	ascii	encode-core-hot	drop	R	2	733.37	27440	0
P1.1	ascii	encode-core-hot	drop	E2	2	738.34	19165	0
P1.1	ascii	encode-core-hot	drop	E	2	732.84	27412	0
P1.1	ascii	encode-core-hot	drop	E2	3	725.40	19165	0
P1.1	ascii	encode-core-hot	drop	E	3	754.01	27412	0
P1.1	ascii	encode-core-hot	drop	R	3	742.61	27440	0
P1.1	ascii	encode-core-hot	drop	E	4	738.92	27412	0
P1.1	ascii	encode-core-hot	drop	R	4	727.72	27440	0
P1.1	ascii	encode-core-hot	drop	E2	4	724.30	19165	0
P1.1	ascii	encode-core-hot	drop	R	5	703.10	27440	0
P1.1	ascii	encode-core-hot	drop	E2	5	762.03	19165	0
P1.1	ascii	encode-core-hot	drop	E	5	775.70	27412	0
P1.1	ascii	encode-core-hot	drop	E2	6	918.73	19165	0
P1.1	ascii	encode-core-hot	drop	E	6	723.03	27412	0
P1.1	ascii	encode-core-hot	drop	R	6	756.65	27440	0
P1.1	ascii	encode-core-hot	drop	E	7	718.43	27412	0
P1.1	ascii	encode-core-hot	drop	R	7	756.52	27440	0
P1.1	ascii	encode-core-hot	drop	E2	7	710.46	19165	0
P1.1	ascii	encode-core-hot	drop	R	8	740.12	27440	0
P1.1	ascii	encode-core-hot	drop	E2	8	713.26	19165	0
P1.1	ascii	encode-core-hot	drop	E	8	718.95	27412	0
P1.1	ascii	encode-core-hot	drop	E2	9	782.31	19165	0
P1.1	ascii	encode-core-hot	drop	E	9	714.38	27412	0
P1.1	ascii	encode-core-hot	drop	R	9	738.64	27440	0
P1.1	ascii	encode-core-hot	drop	E	10	730.41	27412	0
P1.1	ascii	encode-core-hot	drop	R	10	710.57	27440	0
P1.1	ascii	encode-core-hot	drop	E2	10	721.51	19165	0
P1.1	ascii	encode-core-hot	drop	R	11	866.51	27440	0
P1.1	ascii	encode-core-hot	drop	E2	11	712.08	19165	0
P1.1	ascii	encode-core-hot	drop	E	11	713.46	27412	0
P1.1	ascii	encode-core-hot	drop	E2	12	732.46	19165	0
P1.1	ascii	encode-core-hot	drop	E	12	719.56	27412	0
P1.1	ascii	encode-core-hot	drop	R	12	699.91	27440	0
P1.1	ascii	encode-core-hot	drop	E	13	713.65	27412	0
P1.1	ascii	encode-core-hot	drop	R	13	701.76	27440	0
P1.1	ascii	encode-core-hot	drop	E2	13	715.71	19165	0
P1.1	ascii	encode-core-hot	drop	R	14	1206.53	27440	0
P1.1	ascii	encode-core-hot	drop	E2	14	1365.82	19165	0
P1.1	ascii	encode-core-hot	drop	E	14	717.10	27412	0
P1.1	ascii	encode-core-hot	drop	E2	15	715.53	19165	0
P1.1	ascii	encode-core-hot	drop	E	15	725.04	27412	0
P1.1	ascii	encode-core-hot	drop	R	15	707.66	27440	0
P1.1	ascii	encode-core-hot	drop	E	16	716.97	27412	0
P1.1	ascii	encode-core-hot	drop	R	16	704.21	27440	0
P1.1	ascii	encode-core-hot	drop	E2	16	710.54	19165	0
P1.1	ascii	encode-core-hot	drop	R	17	703.57	27440	0
P1.1	ascii	encode-core-hot	drop	E2	17	712.23	19165	0
P1.1	ascii	encode-core-hot	drop	E	17	710.56	27412	0
P1.1	ascii	encode-core-hot	drop	E2	18	708.27	19165	0
P1.1	ascii	encode-core-hot	drop	E	18	710.37	27412	0
P1.1	ascii	encode-core-hot	drop	R	18	713.54	27440	0
P1.1	ascii	encode-core-hot	drop	E	19	722.72	27412	0
P1.1	ascii	encode-core-hot	drop	R	19	707.76	27440	0
P1.1	ascii	encode-core-hot	drop	E2	19	716.33	19165	0
P1.1	ascii	encode-core-hot	drop	R	20	711.61	27440	0
P1.1	ascii	encode-core-hot	drop	E2	20	711.68	19165	0
P1.1	ascii	encode-core-hot	drop	E	20	718.55	27412	0
P1.1	ascii	encode-core-hot	drop	E2	21	824.86	19165	0
P1.1	ascii	encode-core-hot	drop	E	21	719.91	27412	0
P1.1	ascii	encode-core-hot	drop	R	21	724.67	27440	0
P1.1	ascii	encode-core-hot	retain	E	1	1054.16	18796	0
P1.1	ascii	encode-core-hot	retain	R	1	1039.35	19208	0
P1.1	ascii	encode-core-hot	retain	E2	1	1054.36	19006	0
P1.1	ascii	encode-core-hot	retain	R	2	1057.39	19208	0
P1.1	ascii	encode-core-hot	retain	E2	2	1051.58	19006	0
P1.1	ascii	encode-core-hot	retain	E	2	1040.63	18796	0
P1.1	ascii	encode-core-hot	retain	E2	3	1427.33	19006	0
P1.1	ascii	encode-core-hot	retain	E	3	1438.37	18796	0
P1.1	ascii	encode-core-hot	retain	R	3	1052.30	19208	0
P1.1	ascii	encode-core-hot	retain	E	4	1057.33	18796	0
P1.1	ascii	encode-core-hot	retain	R	4	1037.96	19208	0
P1.1	ascii	encode-core-hot	retain	E2	4	1075.45	19006	0
P1.1	ascii	encode-core-hot	retain	R	5	1041.56	19208	0
P1.1	ascii	encode-core-hot	retain	E2	5	1049.92	19006	0
P1.1	ascii	encode-core-hot	retain	E	5	1054.85	18796	0
P1.1	ascii	encode-core-hot	retain	E2	6	1045.72	19006	0
P1.1	ascii	encode-core-hot	retain	E	6	1075.34	18796	0
P1.1	ascii	encode-core-hot	retain	R	6	1046.46	19208	0
P1.1	ascii	encode-core-hot	retain	E	7	1051.25	18796	0
P1.1	ascii	encode-core-hot	retain	R	7	1074.70	19208	0
P1.1	ascii	encode-core-hot	retain	E2	7	1052.14	19006	0
P1.1	ascii	encode-core-hot	retain	R	8	1063.38	19208	0
P1.1	ascii	encode-core-hot	retain	E2	8	1082.51	19006	0
P1.1	ascii	encode-core-hot	retain	E	8	1069.40	18796	0
P1.1	ascii	encode-core-hot	retain	E2	9	1061.88	19006	0
P1.1	ascii	encode-core-hot	retain	E	9	1057.54	18796	0
P1.1	ascii	encode-core-hot	retain	R	9	1058.29	19208	0
P1.1	ascii	encode-core-hot	retain	E	10	1062.49	18796	0
P1.1	ascii	encode-core-hot	retain	R	10	1067.03	19208	0
P1.1	ascii	encode-core-hot	retain	E2	10	1057.11	19006	0
P1.1	ascii	encode-core-hot	retain	R	11	1051.96	19208	0
P1.1	ascii	encode-core-hot	retain	E2	11	1060.49	19006	0
P1.1	ascii	encode-core-hot	retain	E	11	1136.00	18796	0
P1.1	ascii	encode-core-hot	retain	E2	12	1059.33	19006	0
P1.1	ascii	encode-core-hot	retain	E	12	1048.60	18796	0
P1.1	ascii	encode-core-hot	retain	R	12	1046.76	19208	0
P1.1	ascii	encode-core-hot	retain	E	13	1054.11	18796	0
P1.1	ascii	encode-core-hot	retain	R	13	1056.73	19208	0
P1.1	ascii	encode-core-hot	retain	E2	13	1050.33	19006	0
P1.1	ascii	encode-core-hot	retain	R	14	1035.65	19208	0
P1.1	ascii	encode-core-hot	retain	E2	14	1061.68	19006	0
P1.1	ascii	encode-core-hot	retain	E	14	1070.35	18796	0
P1.1	ascii	encode-core-hot	retain	E2	15	1074.48	19006	0
P1.1	ascii	encode-core-hot	retain	E	15	1049.12	18796	0
P1.1	ascii	encode-core-hot	retain	R	15	1042.11	19208	0
P1.1	ascii	encode-core-hot	retain	E	16	1114.88	18796	0
P1.1	ascii	encode-core-hot	retain	R	16	1085.68	19208	0
P1.1	ascii	encode-core-hot	retain	E2	16	1062.91	19006	0
P1.1	ascii	encode-core-hot	retain	R	17	1063.89	19208	0
P1.1	ascii	encode-core-hot	retain	E2	17	1071.31	19006	0
P1.1	ascii	encode-core-hot	retain	E	17	1061.02	18796	0
P1.1	ascii	encode-core-hot	retain	E2	18	1051.68	19006	0
P1.1	ascii	encode-core-hot	retain	E	18	1056.12	18796	0
P1.1	ascii	encode-core-hot	retain	R	18	1055.76	19208	0
P1.1	ascii	encode-core-hot	retain	E	19	1065.02	18796	0
P1.1	ascii	encode-core-hot	retain	R	19	1046.19	19208	0
P1.1	ascii	encode-core-hot	retain	E2	19	1063.25	19006	0
P1.1	ascii	encode-core-hot	retain	R	20	1039.94	19208	0
P1.1	ascii	encode-core-hot	retain	E2	20	1053.65	19006	0
P1.1	ascii	encode-core-hot	retain	E	20	1064.73	18796	0
P1.1	ascii	encode-core-hot	retain	E2	21	1057.78	19006	0
P1.1	ascii	encode-core-hot	retain	E	21	1058.29	18796	0
P1.1	ascii	encode-core-hot	retain	R	21	1060.45	19208	0
P1.1	ascii	decode-read	drop	E	1	1363.80	15274	1
P1.1	ascii	decode-read	drop	R	1	1343.44	14609	0
P1.1	ascii	decode-read	drop	E2	1	1354.00	15224	1
P1.1	ascii	decode-read	drop	R	2	1320.86	14609	0
P1.1	ascii	decode-read	drop	E2	2	1322.15	15224	1
P1.1	ascii	decode-read	drop	E	2	1331.42	15274	1
P1.1	ascii	decode-read	drop	E2	3	1318.95	15224	1
P1.1	ascii	decode-read	drop	E	3	1314.20	15274	1
P1.1	ascii	decode-read	drop	R	3	1316.01	14609	0
P1.1	ascii	decode-read	drop	E	4	1324.43	15274	1
P1.1	ascii	decode-read	drop	R	4	1304.08	14609	0
P1.1	ascii	decode-read	drop	E2	4	1317.67	15224	1
P1.1	ascii	decode-read	drop	R	5	1321.84	14609	0
P1.1	ascii	decode-read	drop	E2	5	1332.25	15224	1
P1.1	ascii	decode-read	drop	E	5	1322.33	15274	1
P1.1	ascii	decode-read	drop	E2	6	1414.10	15224	1
P1.1	ascii	decode-read	drop	E	6	1335.17	15274	1
P1.1	ascii	decode-read	drop	R	6	1301.64	14609	0
P1.1	ascii	decode-read	drop	E	7	1321.79	15274	1
P1.1	ascii	decode-read	drop	R	7	1321.48	14609	0
P1.1	ascii	decode-read	drop	E2	7	1336.94	15224	1
P1.1	ascii	decode-read	drop	R	8	1322.22	14609	0
P1.1	ascii	decode-read	drop	E2	8	1349.34	15224	1
P1.1	ascii	decode-read	drop	E	8	1326.74	15274	1
P1.1	ascii	decode-read	drop	E2	9	1315.82	15224	1
P1.1	ascii	decode-read	drop	E	9	1331.67	15274	1
P1.1	ascii	decode-read	drop	R	9	1301.65	14609	0
P1.1	ascii	decode-read	drop	E	10	1308.09	15274	1
P1.1	ascii	decode-read	drop	R	10	1308.81	14609	0
P1.1	ascii	decode-read	drop	E2	10	1348.55	15224	1
P1.1	ascii	decode-read	drop	R	11	1313.84	14609	0
P1.1	ascii	decode-read	drop	E2	11	1370.59	15224	1
P1.1	ascii	decode-read	drop	E	11	1328.85	15274	1
P1.1	ascii	decode-read	drop	E2	12	1317.18	15224	1
P1.1	ascii	decode-read	drop	E	12	1322.69	15274	1
P1.1	ascii	decode-read	drop	R	12	1320.73	14609	0
P1.1	ascii	decode-read	drop	E	13	1322.51	15274	1
P1.1	ascii	decode-read	drop	R	13	1301.30	14609	0
P1.1	ascii	decode-read	drop	E2	13	1329.47	15224	1
P1.1	ascii	decode-read	drop	R	14	1307.68	14609	0
P1.1	ascii	decode-read	drop	E2	14	1318.52	15224	1
P1.1	ascii	decode-read	drop	E	14	1318.20	15274	1
P1.1	ascii	decode-read	drop	E2	15	1330.31	15224	1
P1.1	ascii	decode-read	drop	E	15	1331.61	15274	1
P1.1	ascii	decode-read	drop	R	15	1311.88	14609	0
P1.1	ascii	decode-read	drop	E	16	1342.75	15274	1
P1.1	ascii	decode-read	drop	R	16	1299.22	14609	0
P1.1	ascii	decode-read	drop	E2	16	1321.44	15224	1
P1.1	ascii	decode-read	drop	R	17	1330.26	14609	0
P1.1	ascii	decode-read	drop	E2	17	1312.15	15224	1
P1.1	ascii	decode-read	drop	E	17	1343.20	15274	1
P1.1	ascii	decode-read	drop	E2	18	1305.16	15224	1
P1.1	ascii	decode-read	drop	E	18	1309.46	15274	1
P1.1	ascii	decode-read	drop	R	18	1293.51	14609	0
P1.1	ascii	decode-read	drop	E	19	1317.43	15274	1
P1.1	ascii	decode-read	drop	R	19	1332.90	14609	0
P1.1	ascii	decode-read	drop	E2	19	1310.38	15224	1
P1.1	ascii	decode-read	drop	R	20	1276.71	14609	0
P1.1	ascii	decode-read	drop	E2	20	1307.84	15224	1
P1.1	ascii	decode-read	drop	E	20	1288.76	15274	1
P1.1	ascii	decode-read	drop	E2	21	1308.21	15224	1
P1.1	ascii	decode-read	drop	E	21	1316.34	15274	1
P1.1	ascii	decode-read	drop	R	21	1325.36	14609	0
P1.1	ascii	decode-read	retain	E	1	1330.87	15121	1
P1.1	ascii	decode-read	retain	R	1	1334.92	15178	0
P1.1	ascii	decode-read	retain	E2	1	1325.94	14683	1
P1.1	ascii	decode-read	retain	R	2	1309.40	15178	0
P1.1	ascii	decode-read	retain	E2	2	1341.12	14683	1
P1.1	ascii	decode-read	retain	E	2	1309.15	15121	1
P1.1	ascii	decode-read	retain	E2	3	1325.36	14683	1
P1.1	ascii	decode-read	retain	E	3	1323.90	15121	1
P1.1	ascii	decode-read	retain	R	3	1339.20	15178	0
P1.1	ascii	decode-read	retain	E	4	1339.64	15121	1
P1.1	ascii	decode-read	retain	R	4	1313.50	15178	0
P1.1	ascii	decode-read	retain	E2	4	1356.81	14683	1
P1.1	ascii	decode-read	retain	R	5	1317.78	15178	0
P1.1	ascii	decode-read	retain	E2	5	1342.94	14683	1
P1.1	ascii	decode-read	retain	E	5	1349.31	15121	1
P1.1	ascii	decode-read	retain	E2	6	1338.16	14683	1
P1.1	ascii	decode-read	retain	E	6	1331.11	15121	1
P1.1	ascii	decode-read	retain	R	6	1316.10	15178	0
P1.1	ascii	decode-read	retain	E	7	1407.21	15121	1
P1.1	ascii	decode-read	retain	R	7	1368.73	15178	0
P1.1	ascii	decode-read	retain	E2	7	1330.84	14683	1
P1.1	ascii	decode-read	retain	R	8	1356.96	15178	0
P1.1	ascii	decode-read	retain	E2	8	1343.92	14683	1
P1.1	ascii	decode-read	retain	E	8	1340.06	15121	1
P1.1	ascii	decode-read	retain	E2	9	1354.71	14683	1
P1.1	ascii	decode-read	retain	E	9	1329.02	15121	1
P1.1	ascii	decode-read	retain	R	9	1320.92	15178	0
P1.1	ascii	decode-read	retain	E	10	1327.78	15121	1
P1.1	ascii	decode-read	retain	R	10	1341.78	15178	0
P1.1	ascii	decode-read	retain	E2	10	1320.38	14683	1
P1.1	ascii	decode-read	retain	R	11	1314.21	15178	0
P1.1	ascii	decode-read	retain	E2	11	1339.56	14683	1
P1.1	ascii	decode-read	retain	E	11	1313.09	15121	1
P1.1	ascii	decode-read	retain	E2	12	1317.76	14683	1
P1.1	ascii	decode-read	retain	E	12	1353.69	15121	1
P1.1	ascii	decode-read	retain	R	12	1304.96	15178	0
P1.1	ascii	decode-read	retain	E	13	1320.27	15121	1
P1.1	ascii	decode-read	retain	R	13	1299.00	15178	0
P1.1	ascii	decode-read	retain	E2	13	1333.60	14683	1
P1.1	ascii	decode-read	retain	R	14	1300.46	15178	0
P1.1	ascii	decode-read	retain	E2	14	1322.82	14683	1
P1.1	ascii	decode-read	retain	E	14	1340.68	15121	1
P1.1	ascii	decode-read	retain	E2	15	1330.10	14683	1
P1.1	ascii	decode-read	retain	E	15	1336.45	15121	1
P1.1	ascii	decode-read	retain	R	15	1332.31	15178	0
P1.1	ascii	decode-read	retain	E	16	1314.72	15121	1
P1.1	ascii	decode-read	retain	R	16	1304.00	15178	0
P1.1	ascii	decode-read	retain	E2	16	1325.34	14683	1
P1.1	ascii	decode-read	retain	R	17	1335.32	15178	0
P1.1	ascii	decode-read	retain	E2	17	1331.69	14683	1
P1.1	ascii	decode-read	retain	E	17	1341.72	15121	1
P1.1	ascii	decode-read	retain	E2	18	1338.64	14683	1
P1.1	ascii	decode-read	retain	E	18	1320.83	15121	1
P1.1	ascii	decode-read	retain	R	18	1417.28	15178	0
P1.1	ascii	decode-read	retain	E	19	1353.44	15121	1
P1.1	ascii	decode-read	retain	R	19	1317.61	15178	0
P1.1	ascii	decode-read	retain	E2	19	1323.55	14683	1
P1.1	ascii	decode-read	retain	R	20	1311.18	15178	0
P1.1	ascii	decode-read	retain	E2	20	1343.52	14683	1
P1.1	ascii	decode-read	retain	E	20	1325.12	15121	1
P1.1	ascii	decode-read	retain	E2	21	1322.63	14683	1
P1.1	ascii	decode-read	retain	E	21	1345.99	15121	1
P1.1	ascii	decode-read	retain	R	21	1341.37	15178	0
P5.1	ascii	encode-core-hot	drop	E	1	98.38	205917	0
P5.1	ascii	encode-core-hot	drop	R	1	95.83	201441	0
P5.1	ascii	encode-core-hot	drop	E2	1	97.00	206841	0
P5.1	ascii	encode-core-hot	drop	R	2	101.22	201441	0
P5.1	ascii	encode-core-hot	drop	E2	2	98.84	206841	0
P5.1	ascii	encode-core-hot	drop	E	2	100.94	205917	0
P5.1	ascii	encode-core-hot	drop	E2	3	101.00	206841	0
P5.1	ascii	encode-core-hot	drop	E	3	99.33	205917	0
P5.1	ascii	encode-core-hot	drop	R	3	96.98	201441	0
P5.1	ascii	encode-core-hot	drop	E	4	98.11	205917	0
P5.1	ascii	encode-core-hot	drop	R	4	95.34	201441	0
P5.1	ascii	encode-core-hot	drop	E2	4	98.02	206841	0
P5.1	ascii	encode-core-hot	drop	R	5	98.20	201441	0
P5.1	ascii	encode-core-hot	drop	E2	5	99.44	206841	0
P5.1	ascii	encode-core-hot	drop	E	5	99.83	205917	0
P5.1	ascii	encode-core-hot	drop	E2	6	97.28	206841	0
P5.1	ascii	encode-core-hot	drop	E	6	99.17	205917	0
P5.1	ascii	encode-core-hot	drop	R	6	96.16	201441	0
P5.1	ascii	encode-core-hot	drop	E	7	99.38	205917	0
P5.1	ascii	encode-core-hot	drop	R	7	95.00	201441	0
P5.1	ascii	encode-core-hot	drop	E2	7	98.43	206841	0
P5.1	ascii	encode-core-hot	drop	R	8	94.39	201441	0
P5.1	ascii	encode-core-hot	drop	E2	8	98.29	206841	0
P5.1	ascii	encode-core-hot	drop	E	8	115.36	205917	0
P5.1	ascii	encode-core-hot	drop	E2	9	109.23	206841	0
P5.1	ascii	encode-core-hot	drop	E	9	98.21	205917	0
P5.1	ascii	encode-core-hot	drop	R	9	97.40	201441	0
P5.1	ascii	encode-core-hot	drop	E	10	97.64	205917	0
P5.1	ascii	encode-core-hot	drop	R	10	94.79	201441	0
P5.1	ascii	encode-core-hot	drop	E2	10	97.24	206841	0
P5.1	ascii	encode-core-hot	drop	R	11	96.22	201441	0
P5.1	ascii	encode-core-hot	drop	E2	11	96.84	206841	0
P5.1	ascii	encode-core-hot	drop	E	11	96.75	205917	0
P5.1	ascii	encode-core-hot	drop	E2	12	96.75	206841	0
P5.1	ascii	encode-core-hot	drop	E	12	97.68	205917	0
P5.1	ascii	encode-core-hot	drop	R	12	95.13	201441	0
P5.1	ascii	encode-core-hot	drop	E	13	96.91	205917	0
P5.1	ascii	encode-core-hot	drop	R	13	97.83	201441	0
P5.1	ascii	encode-core-hot	drop	E2	13	97.70	206841	0
P5.1	ascii	encode-core-hot	drop	R	14	95.24	201441	0
P5.1	ascii	encode-core-hot	drop	E2	14	97.25	206841	0
P5.1	ascii	encode-core-hot	drop	E	14	99.69	205917	0
P5.1	ascii	encode-core-hot	drop	E2	15	98.60	206841	0
P5.1	ascii	encode-core-hot	drop	E	15	98.62	205917	0
P5.1	ascii	encode-core-hot	drop	R	15	96.82	201441	0
P5.1	ascii	encode-core-hot	drop	E	16	98.23	205917	0
P5.1	ascii	encode-core-hot	drop	R	16	94.35	201441	0
P5.1	ascii	encode-core-hot	drop	E2	16	97.45	206841	0
P5.1	ascii	encode-core-hot	drop	R	17	94.73	201441	0
P5.1	ascii	encode-core-hot	drop	E2	17	104.04	206841	0
P5.1	ascii	encode-core-hot	drop	E	17	102.07	205917	0
P5.1	ascii	encode-core-hot	drop	E2	18	99.15	206841	0
P5.1	ascii	encode-core-hot	drop	E	18	98.12	205917	0
P5.1	ascii	encode-core-hot	drop	R	18	95.53	201441	0
P5.1	ascii	encode-core-hot	drop	E	19	98.01	205917	0
P5.1	ascii	encode-core-hot	drop	R	19	94.89	201441	0
P5.1	ascii	encode-core-hot	drop	E2	19	98.07	206841	0
P5.1	ascii	encode-core-hot	drop	R	20	94.67	201441	0
P5.1	ascii	encode-core-hot	drop	E2	20	96.67	206841	0
P5.1	ascii	encode-core-hot	drop	E	20	97.96	205917	0
P5.1	ascii	encode-core-hot	drop	E2	21	98.39	206841	0
P5.1	ascii	encode-core-hot	drop	E	21	97.73	205917	0
P5.1	ascii	encode-core-hot	drop	R	21	95.95	201441	0
P5.1	ascii	encode-core-hot	retain	E	1	100.55	197564	0
P5.1	ascii	encode-core-hot	retain	R	1	95.61	205581	0
P5.1	ascii	encode-core-hot	retain	E2	1	100.75	200636	0
P5.1	ascii	encode-core-hot	retain	R	2	97.86	205581	0
P5.1	ascii	encode-core-hot	retain	E2	2	100.72	200636	0
P5.1	ascii	encode-core-hot	retain	E	2	100.07	197564	0
P5.1	ascii	encode-core-hot	retain	E2	3	102.53	200636	0
P5.1	ascii	encode-core-hot	retain	E	3	101.06	197564	0
P5.1	ascii	encode-core-hot	retain	R	3	96.71	205581	0
P5.1	ascii	encode-core-hot	retain	E	4	100.31	197564	0
P5.1	ascii	encode-core-hot	retain	R	4	97.01	205581	0
P5.1	ascii	encode-core-hot	retain	E2	4	99.97	200636	0
P5.1	ascii	encode-core-hot	retain	R	5	98.57	205581	0
P5.1	ascii	encode-core-hot	retain	E2	5	103.66	200636	0
P5.1	ascii	encode-core-hot	retain	E	5	105.18	197564	0
P5.1	ascii	encode-core-hot	retain	E2	6	102.74	200636	0
P5.1	ascii	encode-core-hot	retain	E	6	103.42	197564	0
P5.1	ascii	encode-core-hot	retain	R	6	100.42	205581	0
P5.1	ascii	encode-core-hot	retain	E	7	102.33	197564	0
P5.1	ascii	encode-core-hot	retain	R	7	101.07	205581	0
P5.1	ascii	encode-core-hot	retain	E2	7	101.86	200636	0
P5.1	ascii	encode-core-hot	retain	R	8	99.23	205581	0
P5.1	ascii	encode-core-hot	retain	E2	8	105.36	200636	0
P5.1	ascii	encode-core-hot	retain	E	8	104.09	197564	0
P5.1	ascii	encode-core-hot	retain	E2	9	101.26	200636	0
P5.1	ascii	encode-core-hot	retain	E	9	101.60	197564	0
P5.1	ascii	encode-core-hot	retain	R	9	104.23	205581	0
P5.1	ascii	encode-core-hot	retain	E	10	108.55	197564	0
P5.1	ascii	encode-core-hot	retain	R	10	106.95	205581	0
P5.1	ascii	encode-core-hot	retain	E2	10	108.29	200636	0
P5.1	ascii	encode-core-hot	retain	R	11	101.73	205581	0
P5.1	ascii	encode-core-hot	retain	E2	11	106.89	200636	0
P5.1	ascii	encode-core-hot	retain	E	11	110.22	197564	0
P5.1	ascii	encode-core-hot	retain	E2	12	113.30	200636	0
P5.1	ascii	encode-core-hot	retain	E	12	107.64	197564	0
P5.1	ascii	encode-core-hot	retain	R	12	101.21	205581	0
P5.1	ascii	encode-core-hot	retain	E	13	103.87	197564	0
P5.1	ascii	encode-core-hot	retain	R	13	101.26	205581	0
P5.1	ascii	encode-core-hot	retain	E2	13	103.56	200636	0
P5.1	ascii	encode-core-hot	retain	R	14	100.82	205581	0
P5.1	ascii	encode-core-hot	retain	E2	14	104.21	200636	0
P5.1	ascii	encode-core-hot	retain	E	14	117.24	197564	0
P5.1	ascii	encode-core-hot	retain	E2	15	104.59	200636	0
P5.1	ascii	encode-core-hot	retain	E	15	108.21	197564	0
P5.1	ascii	encode-core-hot	retain	R	15	111.13	205581	0
P5.1	ascii	encode-core-hot	retain	E	16	115.96	197564	0
P5.1	ascii	encode-core-hot	retain	R	16	109.79	205581	0
P5.1	ascii	encode-core-hot	retain	E2	16	105.33	200636	0
P5.1	ascii	encode-core-hot	retain	R	17	113.35	205581	0
P5.1	ascii	encode-core-hot	retain	E2	17	104.01	200636	0
P5.1	ascii	encode-core-hot	retain	E	17	106.57	197564	0
P5.1	ascii	encode-core-hot	retain	E2	18	103.41	200636	0
P5.1	ascii	encode-core-hot	retain	E	18	101.56	197564	0
P5.1	ascii	encode-core-hot	retain	R	18	97.30	205581	0
P5.1	ascii	encode-core-hot	retain	E	19	99.95	197564	0
P5.1	ascii	encode-core-hot	retain	R	19	98.82	205581	0
P5.1	ascii	encode-core-hot	retain	E2	19	99.87	200636	0
P5.1	ascii	encode-core-hot	retain	R	20	97.51	205581	0
P5.1	ascii	encode-core-hot	retain	E2	20	101.46	200636	0
P5.1	ascii	encode-core-hot	retain	E	20	100.92	197564	0
P5.1	ascii	encode-core-hot	retain	E2	21	105.29	200636	0
P5.1	ascii	encode-core-hot	retain	E	21	104.03	197564	0
P5.1	ascii	encode-core-hot	retain	R	21	99.22	205581	0
P5.1	ascii	decode-read	drop	E	1	163.40	120163	1
P5.1	ascii	decode-read	drop	R	1	161.59	119458	0
P5.1	ascii	decode-read	drop	E2	1	164.86	124586	1
P5.1	ascii	decode-read	drop	R	2	162.39	119458	0
P5.1	ascii	decode-read	drop	E2	2	167.62	124586	1
P5.1	ascii	decode-read	drop	E	2	171.14	120163	1
P5.1	ascii	decode-read	drop	E2	3	165.94	124586	1
P5.1	ascii	decode-read	drop	E	3	162.34	120163	1
P5.1	ascii	decode-read	drop	R	3	159.00	119458	0
P5.1	ascii	decode-read	drop	E	4	167.29	120163	1
P5.1	ascii	decode-read	drop	R	4	162.40	119458	0
P5.1	ascii	decode-read	drop	E2	4	164.50	124586	1
P5.1	ascii	decode-read	drop	R	5	162.95	119458	0
P5.1	ascii	decode-read	drop	E2	5	166.38	124586	1
P5.1	ascii	decode-read	drop	E	5	166.91	120163	1
P5.1	ascii	decode-read	drop	E2	6	166.53	124586	1
P5.1	ascii	decode-read	drop	E	6	161.23	120163	1
P5.1	ascii	decode-read	drop	R	6	160.01	119458	0
P5.1	ascii	decode-read	drop	E	7	162.62	120163	1
P5.1	ascii	decode-read	drop	R	7	161.89	119458	0
P5.1	ascii	decode-read	drop	E2	7	165.48	124586	1
P5.1	ascii	decode-read	drop	R	8	161.49	119458	0
P5.1	ascii	decode-read	drop	E2	8	167.41	124586	1
P5.1	ascii	decode-read	drop	E	8	168.63	120163	1
P5.1	ascii	decode-read	drop	E2	9	170.34	124586	1
P5.1	ascii	decode-read	drop	E	9	172.45	120163	1
P5.1	ascii	decode-read	drop	R	9	165.55	119458	0
P5.1	ascii	decode-read	drop	E	10	178.48	120163	1
P5.1	ascii	decode-read	drop	R	10	162.53	119458	0
P5.1	ascii	decode-read	drop	E2	10	169.94	124586	1
P5.1	ascii	decode-read	drop	R	11	172.18	119458	0
P5.1	ascii	decode-read	drop	E2	11	170.25	124586	1
P5.1	ascii	decode-read	drop	E	11	173.08	120163	1
P5.1	ascii	decode-read	drop	E2	12	166.71	124586	1
P5.1	ascii	decode-read	drop	E	12	170.06	120163	1
P5.1	ascii	decode-read	drop	R	12	165.35	119458	0
P5.1	ascii	decode-read	drop	E	13	174.87	120163	1
P5.1	ascii	decode-read	drop	R	13	165.48	119458	0
P5.1	ascii	decode-read	drop	E2	13	164.27	124586	1
P5.1	ascii	decode-read	drop	R	14	165.36	119458	0
P5.1	ascii	decode-read	drop	E2	14	194.51	124586	1
P5.1	ascii	decode-read	drop	E	14	178.00	120163	1
P5.1	ascii	decode-read	drop	E2	15	172.25	124586	1
P5.1	ascii	decode-read	drop	E	15	168.63	120163	1
P5.1	ascii	decode-read	drop	R	15	161.04	119458	0
P5.1	ascii	decode-read	drop	E	16	167.47	120163	1
P5.1	ascii	decode-read	drop	R	16	161.99	119458	0
P5.1	ascii	decode-read	drop	E2	16	176.53	124586	1
P5.1	ascii	decode-read	drop	R	17	174.08	119458	0
P5.1	ascii	decode-read	drop	E2	17	168.60	124586	1
P5.1	ascii	decode-read	drop	E	17	166.71	120163	1
P5.1	ascii	decode-read	drop	E2	18	164.33	124586	1
P5.1	ascii	decode-read	drop	E	18	166.42	120163	1
P5.1	ascii	decode-read	drop	R	18	160.84	119458	0
P5.1	ascii	decode-read	drop	E	19	166.95	120163	1
P5.1	ascii	decode-read	drop	R	19	168.13	119458	0
P5.1	ascii	decode-read	drop	E2	19	174.06	124586	1
P5.1	ascii	decode-read	drop	R	20	174.19	119458	0
P5.1	ascii	decode-read	drop	E2	20	166.85	124586	1
P5.1	ascii	decode-read	drop	E	20	171.27	120163	1
P5.1	ascii	decode-read	drop	E2	21	168.01	124586	1
P5.1	ascii	decode-read	drop	E	21	164.72	120163	1
P5.1	ascii	decode-read	drop	R	21	165.68	119458	0
P5.1	ascii	decode-read	retain	E	1	172.77	117446	1
P5.1	ascii	decode-read	retain	R	1	170.58	120729	0
P5.1	ascii	decode-read	retain	E2	1	171.62	107677	1
P5.1	ascii	decode-read	retain	R	2	169.97	120729	0
P5.1	ascii	decode-read	retain	E2	2	170.75	107677	1
P5.1	ascii	decode-read	retain	E	2	173.55	117446	1
P5.1	ascii	decode-read	retain	E2	3	173.64	107677	1
P5.1	ascii	decode-read	retain	E	3	170.90	117446	1
P5.1	ascii	decode-read	retain	R	3	169.48	120729	0
P5.1	ascii	decode-read	retain	E	4	168.77	117446	1
P5.1	ascii	decode-read	retain	R	4	170.46	120729	0
P5.1	ascii	decode-read	retain	E2	4	169.92	107677	1
P5.1	ascii	decode-read	retain	R	5	169.36	120729	0
P5.1	ascii	decode-read	retain	E2	5	172.36	107677	1
P5.1	ascii	decode-read	retain	E	5	168.51	117446	1
P5.1	ascii	decode-read	retain	E2	6	171.29	107677	1
P5.1	ascii	decode-read	retain	E	6	169.65	117446	1
P5.1	ascii	decode-read	retain	R	6	170.61	120729	0
P5.1	ascii	decode-read	retain	E	7	171.23	117446	1
P5.1	ascii	decode-read	retain	R	7	169.28	120729	0
P5.1	ascii	decode-read	retain	E2	7	176.86	107677	1
P5.1	ascii	decode-read	retain	R	8	170.81	120729	0
P5.1	ascii	decode-read	retain	E2	8	175.53	107677	1
P5.1	ascii	decode-read	retain	E	8	171.78	117446	1
P5.1	ascii	decode-read	retain	E2	9	178.74	107677	1
P5.1	ascii	decode-read	retain	E	9	172.46	117446	1
P5.1	ascii	decode-read	retain	R	9	169.19	120729	0
P5.1	ascii	decode-read	retain	E	10	177.29	117446	1
P5.1	ascii	decode-read	retain	R	10	168.50	120729	0
P5.1	ascii	decode-read	retain	E2	10	178.04	107677	1
P5.1	ascii	decode-read	retain	R	11	167.43	120729	0
P5.1	ascii	decode-read	retain	E2	11	174.15	107677	1
P5.1	ascii	decode-read	retain	E	11	173.49	117446	1
P5.1	ascii	decode-read	retain	E2	12	172.98	107677	1
P5.1	ascii	decode-read	retain	E	12	187.47	117446	1
P5.1	ascii	decode-read	retain	R	12	169.52	120729	0
P5.1	ascii	decode-read	retain	E	13	172.17	117446	1
P5.1	ascii	decode-read	retain	R	13	168.90	120729	0
P5.1	ascii	decode-read	retain	E2	13	175.99	107677	1
P5.1	ascii	decode-read	retain	R	14	170.10	120729	0
P5.1	ascii	decode-read	retain	E2	14	177.96	107677	1
P5.1	ascii	decode-read	retain	E	14	178.14	117446	1
P5.1	ascii	decode-read	retain	E2	15	178.37	107677	1
P5.1	ascii	decode-read	retain	E	15	179.13	117446	1
P5.1	ascii	decode-read	retain	R	15	168.96	120729	0
P5.1	ascii	decode-read	retain	E	16	174.12	117446	1
P5.1	ascii	decode-read	retain	R	16	168.49	120729	0
P5.1	ascii	decode-read	retain	E2	16	177.78	107677	1
P5.1	ascii	decode-read	retain	R	17	172.03	120729	0
P5.1	ascii	decode-read	retain	E2	17	172.62	107677	1
P5.1	ascii	decode-read	retain	E	17	176.89	117446	1
P5.1	ascii	decode-read	retain	E2	18	171.97	107677	1
P5.1	ascii	decode-read	retain	E	18	173.87	117446	1
P5.1	ascii	decode-read	retain	R	18	167.55	120729	0
P5.1	ascii	decode-read	retain	E	19	172.55	117446	1
P5.1	ascii	decode-read	retain	R	19	172.71	120729	0
P5.1	ascii	decode-read	retain	E2	19	183.90	107677	1
P5.1	ascii	decode-read	retain	R	20	168.80	120729	0
P5.1	ascii	decode-read	retain	E2	20	171.82	107677	1
P5.1	ascii	decode-read	retain	E	20	173.60	117446	1
P5.1	ascii	decode-read	retain	E2	21	171.49	107677	1
P5.1	ascii	decode-read	retain	E	21	175.00	117446	1
P5.1	ascii	decode-read	retain	R	21	176.39	120729	0
P7.1	ascii	decode-read	drop	E	1	579.75	32657	1
P7.1	ascii	decode-read	drop	R	1	602.97	35275	0
P7.1	ascii	decode-read	drop	E2	1	589.36	33321	1
P7.1	ascii	decode-read	drop	R	2	727.86	35275	0
P7.1	ascii	decode-read	drop	E2	2	608.32	33321	1
P7.1	ascii	decode-read	drop	E	2	633.29	32657	1
P7.1	ascii	decode-read	drop	E2	3	586.24	33321	1
P7.1	ascii	decode-read	drop	E	3	601.96	32657	1
P7.1	ascii	decode-read	drop	R	3	586.50	35275	0
P7.1	ascii	decode-read	drop	E	4	592.21	32657	1
P7.1	ascii	decode-read	drop	R	4	582.08	35275	0
P7.1	ascii	decode-read	drop	E2	4	587.63	33321	1
P7.1	ascii	decode-read	drop	R	5	579.81	35275	0
P7.1	ascii	decode-read	drop	E2	5	599.32	33321	1
P7.1	ascii	decode-read	drop	E	5	589.81	32657	1
P7.1	ascii	decode-read	drop	E2	6	591.13	33321	1
P7.1	ascii	decode-read	drop	E	6	600.07	32657	1
P7.1	ascii	decode-read	drop	R	6	587.25	35275	0
P7.1	ascii	decode-read	drop	E	7	592.12	32657	1
P7.1	ascii	decode-read	drop	R	7	576.12	35275	0
P7.1	ascii	decode-read	drop	E2	7	595.28	33321	1
P7.1	ascii	decode-read	drop	R	8	588.53	35275	0
P7.1	ascii	decode-read	drop	E2	8	613.32	33321	1
P7.1	ascii	decode-read	drop	E	8	584.25	32657	1
P7.1	ascii	decode-read	drop	E2	9	590.93	33321	1
P7.1	ascii	decode-read	drop	E	9	578.44	32657	1
P7.1	ascii	decode-read	drop	R	9	567.65	35275	0
P7.1	ascii	decode-read	drop	E	10	579.55	32657	1
P7.1	ascii	decode-read	drop	R	10	571.17	35275	0
P7.1	ascii	decode-read	drop	E2	10	586.32	33321	1
P7.1	ascii	decode-read	drop	R	11	582.50	35275	0
P7.1	ascii	decode-read	drop	E2	11	576.49	33321	1
P7.1	ascii	decode-read	drop	E	11	580.71	32657	1
P7.1	ascii	decode-read	drop	E2	12	590.05	33321	1
P7.1	ascii	decode-read	drop	E	12	579.07	32657	1
P7.1	ascii	decode-read	drop	R	12	584.32	35275	0
P7.1	ascii	decode-read	drop	E	13	578.26	32657	1
P7.1	ascii	decode-read	drop	R	13	562.66	35275	0
P7.1	ascii	decode-read	drop	E2	13	588.28	33321	1
P7.1	ascii	decode-read	drop	R	14	575.25	35275	0
P7.1	ascii	decode-read	drop	E2	14	577.30	33321	1
P7.1	ascii	decode-read	drop	E	14	583.34	32657	1
P7.1	ascii	decode-read	drop	E2	15	585.99	33321	1
P7.1	ascii	decode-read	drop	E	15	593.73	32657	1
P7.1	ascii	decode-read	drop	R	15	575.65	35275	0
P7.1	ascii	decode-read	drop	E	16	641.93	32657	1
P7.1	ascii	decode-read	drop	R	16	584.51	35275	0
P7.1	ascii	decode-read	drop	E2	16	595.39	33321	1
P7.1	ascii	decode-read	drop	R	17	584.27	35275	0
P7.1	ascii	decode-read	drop	E2	17	579.36	33321	1
P7.1	ascii	decode-read	drop	E	17	587.61	32657	1
P7.1	ascii	decode-read	drop	E2	18	574.26	33321	1
P7.1	ascii	decode-read	drop	E	18	593.84	32657	1
P7.1	ascii	decode-read	drop	R	18	575.60	35275	0
P7.1	ascii	decode-read	drop	E	19	590.81	32657	1
P7.1	ascii	decode-read	drop	R	19	577.82	35275	0
P7.1	ascii	decode-read	drop	E2	19	583.02	33321	1
P7.1	ascii	decode-read	drop	R	20	579.14	35275	0
P7.1	ascii	decode-read	drop	E2	20	608.05	33321	1
P7.1	ascii	decode-read	drop	E	20	578.50	32657	1
P7.1	ascii	decode-read	drop	E2	21	583.52	33321	1
P7.1	ascii	decode-read	drop	E	21	597.22	32657	1
P7.1	ascii	decode-read	drop	R	21	575.24	35275	0
P7.1	ascii	decode-read	retain	E	1	642.95	23181	1
P7.1	ascii	decode-read	retain	R	1	613.32	7772	0
P7.1	ascii	decode-read	retain	E2	1	619.15	14578	1
P7.1	ascii	decode-read	retain	R	2	596.49	7772	0
P7.1	ascii	decode-read	retain	E2	2	605.11	14578	1
P7.1	ascii	decode-read	retain	E	2	599.43	23181	1
P7.1	ascii	decode-read	retain	E2	3	606.24	14578	1
P7.1	ascii	decode-read	retain	E	3	637.10	23181	1
P7.1	ascii	decode-read	retain	R	3	731.59	7772	0
P7.1	ascii	decode-read	retain	E	4	632.66	23181	1
P7.1	ascii	decode-read	retain	R	4	603.68	7772	0
P7.1	ascii	decode-read	retain	E2	4	644.16	14578	1
P7.1	ascii	decode-read	retain	R	5	640.91	7772	0
P7.1	ascii	decode-read	retain	E2	5	674.95	14578	1
P7.1	ascii	decode-read	retain	E	5	608.97	23181	1
P7.1	ascii	decode-read	retain	E2	6	969.23	14578	1
P7.1	ascii	decode-read	retain	E	6	765.53	23181	1
P7.1	ascii	decode-read	retain	R	6	630.38	7772	0
P7.1	ascii	decode-read	retain	E	7	630.96	23181	1
P7.1	ascii	decode-read	retain	R	7	588.19	7772	0
P7.1	ascii	decode-read	retain	E2	7	589.24	14578	1
P7.1	ascii	decode-read	retain	R	8	574.73	7772	0
P7.1	ascii	decode-read	retain	E2	8	584.32	14578	1
P7.1	ascii	decode-read	retain	E	8	588.28	23181	1
P7.1	ascii	decode-read	retain	E2	9	585.46	14578	1
P7.1	ascii	decode-read	retain	E	9	605.79	23181	1
P7.1	ascii	decode-read	retain	R	9	595.03	7772	0
P7.1	ascii	decode-read	retain	E	10	587.79	23181	1
P7.1	ascii	decode-read	retain	R	10	587.26	7772	0
P7.1	ascii	decode-read	retain	E2	10	604.66	14578	1
P7.1	ascii	decode-read	retain	R	11	610.44	7772	0
P7.1	ascii	decode-read	retain	E2	11	603.09	14578	1
P7.1	ascii	decode-read	retain	E	11	594.67	23181	1
P7.1	ascii	decode-read	retain	E2	12	603.51	14578	1
P7.1	ascii	decode-read	retain	E	12	630.23	23181	1
P7.1	ascii	decode-read	retain	R	12	587.72	7772	0
P7.1	ascii	decode-read	retain	E	13	605.55	23181	1
P7.1	ascii	decode-read	retain	R	13	588.15	7772	0
P7.1	ascii	decode-read	retain	E2	13	644.69	14578	1
P7.1	ascii	decode-read	retain	R	14	605.93	7772	0
P7.1	ascii	decode-read	retain	E2	14	612.85	14578	1
P7.1	ascii	decode-read	retain	E	14	629.25	23181	1
P7.1	ascii	decode-read	retain	E2	15	627.07	14578	1
P7.1	ascii	decode-read	retain	E	15	658.50	23181	1
P7.1	ascii	decode-read	retain	R	15	617.94	7772	0
P7.1	ascii	decode-read	retain	E	16	593.60	23181	1
P7.1	ascii	decode-read	retain	R	16	598.85	7772	0
P7.1	ascii	decode-read	retain	E2	16	625.12	14578	1
P7.1	ascii	decode-read	retain	R	17	579.65	7772	0
P7.1	ascii	decode-read	retain	E2	17	616.71	14578	1
P7.1	ascii	decode-read	retain	E	17	632.84	23181	1
P7.1	ascii	decode-read	retain	E2	18	623.03	14578	1
P7.1	ascii	decode-read	retain	E	18	614.37	23181	1
P7.1	ascii	decode-read	retain	R	18	591.79	7772	0
P7.1	ascii	decode-read	retain	E	19	608.75	23181	1
P7.1	ascii	decode-read	retain	R	19	586.21	7772	0
P7.1	ascii	decode-read	retain	E2	19	614.87	14578	1
P7.1	ascii	decode-read	retain	R	20	595.00	7772	0
P7.1	ascii	decode-read	retain	E2	20	606.87	14578	1
P7.1	ascii	decode-read	retain	E	20	629.16	23181	1
P7.1	ascii	decode-read	retain	E2	21	589.74	14578	1
P7.1	ascii	decode-read	retain	E	21	613.91	23181	1
P7.1	ascii	decode-read	retain	R	21	587.30	7772	0
U-nested-before	corpus	decode-read	drop	E	1	457.20	43196	1
U-nested-before	corpus	decode-read	drop	R	1	493.29	27586	0
U-nested-before	corpus	decode-read	drop	E2	1	465.65	33808	1
U-nested-before	corpus	decode-read	drop	R	2	445.42	27586	0
U-nested-before	corpus	decode-read	drop	E2	2	443.84	33808	1
U-nested-before	corpus	decode-read	drop	E	2	457.22	43196	1
U-nested-before	corpus	decode-read	drop	E2	3	447.52	33808	1
U-nested-before	corpus	decode-read	drop	E	3	438.19	43196	1
U-nested-before	corpus	decode-read	drop	R	3	431.95	27586	0
U-nested-before	corpus	decode-read	drop	E	4	472.19	43196	1
U-nested-before	corpus	decode-read	drop	R	4	461.39	27586	0
U-nested-before	corpus	decode-read	drop	E2	4	473.11	33808	1
U-nested-before	corpus	decode-read	drop	R	5	455.32	27586	0
U-nested-before	corpus	decode-read	drop	E2	5	442.29	33808	1
U-nested-before	corpus	decode-read	drop	E	5	455.93	43196	1
U-nested-before	corpus	decode-read	drop	E2	6	453.22	33808	1
U-nested-before	corpus	decode-read	drop	E	6	445.06	43196	1
U-nested-before	corpus	decode-read	drop	R	6	446.71	27586	0
U-nested-before	corpus	decode-read	drop	E	7	490.75	43196	1
U-nested-before	corpus	decode-read	drop	R	7	539.88	27586	0
U-nested-before	corpus	decode-read	drop	E2	7	453.13	33808	1
U-nested-before	corpus	decode-read	drop	R	8	446.38	27586	0
U-nested-before	corpus	decode-read	drop	E2	8	446.52	33808	1
U-nested-before	corpus	decode-read	drop	E	8	464.83	43196	1
U-nested-before	corpus	decode-read	drop	E2	9	453.48	33808	1
U-nested-before	corpus	decode-read	drop	E	9	460.83	43196	1
U-nested-before	corpus	decode-read	drop	R	9	457.27	27586	0
U-nested-before	corpus	decode-read	drop	E	10	450.71	43196	1
U-nested-before	corpus	decode-read	drop	R	10	512.96	27586	0
U-nested-before	corpus	decode-read	drop	E2	10	484.53	33808	1
U-nested-before	corpus	decode-read	drop	R	11	468.69	27586	0
U-nested-before	corpus	decode-read	drop	E2	11	473.19	33808	1
U-nested-before	corpus	decode-read	drop	E	11	468.08	43196	1
U-nested-before	corpus	decode-read	drop	E2	12	445.36	33808	1
U-nested-before	corpus	decode-read	drop	E	12	459.83	43196	1
U-nested-before	corpus	decode-read	drop	R	12	442.18	27586	0
U-nested-before	corpus	decode-read	drop	E	13	439.44	43196	1
U-nested-before	corpus	decode-read	drop	R	13	463.56	27586	0
U-nested-before	corpus	decode-read	drop	E2	13	483.48	33808	1
U-nested-before	corpus	decode-read	drop	R	14	455.84	27586	0
U-nested-before	corpus	decode-read	drop	E2	14	437.76	33808	1
U-nested-before	corpus	decode-read	drop	E	14	445.60	43196	1
U-nested-before	corpus	decode-read	drop	E2	15	443.99	33808	1
U-nested-before	corpus	decode-read	drop	E	15	459.12	43196	1
U-nested-before	corpus	decode-read	drop	R	15	471.22	27586	0
U-nested-before	corpus	decode-read	drop	E	16	446.98	43196	1
U-nested-before	corpus	decode-read	drop	R	16	459.48	27586	0
U-nested-before	corpus	decode-read	drop	E2	16	444.70	33808	1
U-nested-before	corpus	decode-read	drop	R	17	444.27	27586	0
U-nested-before	corpus	decode-read	drop	E2	17	462.31	33808	1
U-nested-before	corpus	decode-read	drop	E	17	457.40	43196	1
U-nested-before	corpus	decode-read	drop	E2	18	450.56	33808	1
U-nested-before	corpus	decode-read	drop	E	18	435.61	43196	1
U-nested-before	corpus	decode-read	drop	R	18	435.83	27586	0
U-nested-before	corpus	decode-read	drop	E	19	466.71	43196	1
U-nested-before	corpus	decode-read	drop	R	19	435.21	27586	0
U-nested-before	corpus	decode-read	drop	E2	19	430.81	33808	1
U-nested-before	corpus	decode-read	drop	R	20	427.80	27586	0
U-nested-before	corpus	decode-read	drop	E2	20	432.75	33808	1
U-nested-before	corpus	decode-read	drop	E	20	447.91	43196	1
U-nested-before	corpus	decode-read	drop	E2	21	453.95	33808	1
U-nested-before	corpus	decode-read	drop	E	21	496.35	43196	1
U-nested-before	corpus	decode-read	drop	R	21	438.49	27586	0
U-nested-before	corpus	decode-read	retain	E	1	561.72	35718	1
U-nested-before	corpus	decode-read	retain	R	1	561.85	36140	0
U-nested-before	corpus	decode-read	retain	E2	1	566.66	35649	1
U-nested-before	corpus	decode-read	retain	R	2	581.07	36140	0
U-nested-before	corpus	decode-read	retain	E2	2	590.40	35649	1
U-nested-before	corpus	decode-read	retain	E	2	574.60	35718	1
U-nested-before	corpus	decode-read	retain	E2	3	563.02	35649	1
U-nested-before	corpus	decode-read	retain	E	3	570.08	35718	1
U-nested-before	corpus	decode-read	retain	R	3	560.09	36140	0
U-nested-before	corpus	decode-read	retain	E	4	559.72	35718	1
U-nested-before	corpus	decode-read	retain	R	4	557.69	36140	0
U-nested-before	corpus	decode-read	retain	E2	4	558.59	35649	1
U-nested-before	corpus	decode-read	retain	R	5	564.08	36140	0
U-nested-before	corpus	decode-read	retain	E2	5	557.66	35649	1
U-nested-before	corpus	decode-read	retain	E	5	561.11	35718	1
U-nested-before	corpus	decode-read	retain	E2	6	559.46	35649	1
U-nested-before	corpus	decode-read	retain	E	6	565.19	35718	1
U-nested-before	corpus	decode-read	retain	R	6	559.50	36140	0
U-nested-before	corpus	decode-read	retain	E	7	562.33	35718	1
U-nested-before	corpus	decode-read	retain	R	7	566.61	36140	0
U-nested-before	corpus	decode-read	retain	E2	7	574.32	35649	1
U-nested-before	corpus	decode-read	retain	R	8	555.34	36140	0
U-nested-before	corpus	decode-read	retain	E2	8	557.06	35649	1
U-nested-before	corpus	decode-read	retain	E	8	562.47	35718	1
U-nested-before	corpus	decode-read	retain	E2	9	579.01	35649	1
U-nested-before	corpus	decode-read	retain	E	9	559.29	35718	1
U-nested-before	corpus	decode-read	retain	R	9	556.12	36140	0
U-nested-before	corpus	decode-read	retain	E	10	560.78	35718	1
U-nested-before	corpus	decode-read	retain	R	10	571.78	36140	0
U-nested-before	corpus	decode-read	retain	E2	10	561.02	35649	1
U-nested-before	corpus	decode-read	retain	R	11	557.35	36140	0
U-nested-before	corpus	decode-read	retain	E2	11	580.46	35649	1
U-nested-before	corpus	decode-read	retain	E	11	578.22	35718	1
U-nested-before	corpus	decode-read	retain	E2	12	583.49	35649	1
U-nested-before	corpus	decode-read	retain	E	12	571.72	35718	1
U-nested-before	corpus	decode-read	retain	R	12	580.64	36140	0
U-nested-before	corpus	decode-read	retain	E	13	567.23	35718	1
U-nested-before	corpus	decode-read	retain	R	13	571.94	36140	0
U-nested-before	corpus	decode-read	retain	E2	13	562.93	35649	1
U-nested-before	corpus	decode-read	retain	R	14	564.83	36140	0
U-nested-before	corpus	decode-read	retain	E2	14	564.90	35649	1
U-nested-before	corpus	decode-read	retain	E	14	569.29	35718	1
U-nested-before	corpus	decode-read	retain	E2	15	558.80	35649	1
U-nested-before	corpus	decode-read	retain	E	15	559.65	35718	1
U-nested-before	corpus	decode-read	retain	R	15	551.56	36140	0
U-nested-before	corpus	decode-read	retain	E	16	557.80	35718	1
U-nested-before	corpus	decode-read	retain	R	16	547.99	36140	0
U-nested-before	corpus	decode-read	retain	E2	16	566.72	35649	1
U-nested-before	corpus	decode-read	retain	R	17	571.74	36140	0
U-nested-before	corpus	decode-read	retain	E2	17	582.34	35649	1
U-nested-before	corpus	decode-read	retain	E	17	570.58	35718	1
U-nested-before	corpus	decode-read	retain	E2	18	575.78	35649	1
U-nested-before	corpus	decode-read	retain	E	18	572.08	35718	1
U-nested-before	corpus	decode-read	retain	R	18	565.67	36140	0
U-nested-before	corpus	decode-read	retain	E	19	577.03	35718	1
U-nested-before	corpus	decode-read	retain	R	19	561.74	36140	0
U-nested-before	corpus	decode-read	retain	E2	19	569.32	35649	1
U-nested-before	corpus	decode-read	retain	R	20	572.64	36140	0
U-nested-before	corpus	decode-read	retain	E2	20	572.92	35649	1
U-nested-before	corpus	decode-read	retain	E	20	573.56	35718	1
U-nested-before	corpus	decode-read	retain	E2	21	568.62	35649	1
U-nested-before	corpus	decode-read	retain	E	21	566.22	35718	1
U-nested-before	corpus	decode-read	retain	R	21	573.98	36140	0
U-nested-before	corpus	encode-core-hot	drop	E	1	212.32	96255	0
U-nested-before	corpus	encode-core-hot	drop	R	1	209.39	96597	0
U-nested-before	corpus	encode-core-hot	drop	E2	1	212.68	100024	0
U-nested-before	corpus	encode-core-hot	drop	R	2	211.14	96597	0
U-nested-before	corpus	encode-core-hot	drop	E2	2	213.72	100024	0
U-nested-before	corpus	encode-core-hot	drop	E	2	212.74	96255	0
U-nested-before	corpus	encode-core-hot	drop	E2	3	212.28	100024	0
U-nested-before	corpus	encode-core-hot	drop	E	3	213.46	96255	0
U-nested-before	corpus	encode-core-hot	drop	R	3	211.90	96597	0
U-nested-before	corpus	encode-core-hot	drop	E	4	220.10	96255	0
U-nested-before	corpus	encode-core-hot	drop	R	4	218.25	96597	0
U-nested-before	corpus	encode-core-hot	drop	E2	4	224.23	100024	0
U-nested-before	corpus	encode-core-hot	drop	R	5	220.40	96597	0
U-nested-before	corpus	encode-core-hot	drop	E2	5	218.63	100024	0
U-nested-before	corpus	encode-core-hot	drop	E	5	221.35	96255	0
U-nested-before	corpus	encode-core-hot	drop	E2	6	219.30	100024	0
U-nested-before	corpus	encode-core-hot	drop	E	6	216.01	96255	0
U-nested-before	corpus	encode-core-hot	drop	R	6	221.74	96597	0
U-nested-before	corpus	encode-core-hot	drop	E	7	220.32	96255	0
U-nested-before	corpus	encode-core-hot	drop	R	7	214.20	96597	0
U-nested-before	corpus	encode-core-hot	drop	E2	7	213.07	100024	0
U-nested-before	corpus	encode-core-hot	drop	R	8	211.21	96597	0
U-nested-before	corpus	encode-core-hot	drop	E2	8	214.01	100024	0
U-nested-before	corpus	encode-core-hot	drop	E	8	213.70	96255	0
U-nested-before	corpus	encode-core-hot	drop	E2	9	212.15	100024	0
U-nested-before	corpus	encode-core-hot	drop	E	9	213.17	96255	0
U-nested-before	corpus	encode-core-hot	drop	R	9	214.48	96597	0
U-nested-before	corpus	encode-core-hot	drop	E	10	217.25	96255	0
U-nested-before	corpus	encode-core-hot	drop	R	10	219.73	96597	0
U-nested-before	corpus	encode-core-hot	drop	E2	10	215.20	100024	0
U-nested-before	corpus	encode-core-hot	drop	R	11	213.14	96597	0
U-nested-before	corpus	encode-core-hot	drop	E2	11	215.83	100024	0
U-nested-before	corpus	encode-core-hot	drop	E	11	215.13	96255	0
U-nested-before	corpus	encode-core-hot	drop	E2	12	214.64	100024	0
U-nested-before	corpus	encode-core-hot	drop	E	12	214.80	96255	0
U-nested-before	corpus	encode-core-hot	drop	R	12	214.03	96597	0
U-nested-before	corpus	encode-core-hot	drop	E	13	214.60	96255	0
U-nested-before	corpus	encode-core-hot	drop	R	13	210.62	96597	0
U-nested-before	corpus	encode-core-hot	drop	E2	13	213.91	100024	0
U-nested-before	corpus	encode-core-hot	drop	R	14	211.51	96597	0
U-nested-before	corpus	encode-core-hot	drop	E2	14	214.15	100024	0
U-nested-before	corpus	encode-core-hot	drop	E	14	215.10	96255	0
U-nested-before	corpus	encode-core-hot	drop	E2	15	214.73	100024	0
U-nested-before	corpus	encode-core-hot	drop	E	15	219.38	96255	0
U-nested-before	corpus	encode-core-hot	drop	R	15	219.66	96597	0
U-nested-before	corpus	encode-core-hot	drop	E	16	214.06	96255	0
U-nested-before	corpus	encode-core-hot	drop	R	16	210.97	96597	0
U-nested-before	corpus	encode-core-hot	drop	E2	16	214.13	100024	0
U-nested-before	corpus	encode-core-hot	drop	R	17	210.09	96597	0
U-nested-before	corpus	encode-core-hot	drop	E2	17	213.88	100024	0
U-nested-before	corpus	encode-core-hot	drop	E	17	212.10	96255	0
U-nested-before	corpus	encode-core-hot	drop	E2	18	214.61	100024	0
U-nested-before	corpus	encode-core-hot	drop	E	18	214.78	96255	0
U-nested-before	corpus	encode-core-hot	drop	R	18	210.36	96597	0
U-nested-before	corpus	encode-core-hot	drop	E	19	213.78	96255	0
U-nested-before	corpus	encode-core-hot	drop	R	19	214.23	96597	0
U-nested-before	corpus	encode-core-hot	drop	E2	19	216.66	100024	0
U-nested-before	corpus	encode-core-hot	drop	R	20	213.51	96597	0
U-nested-before	corpus	encode-core-hot	drop	E2	20	213.84	100024	0
U-nested-before	corpus	encode-core-hot	drop	E	20	213.48	96255	0
U-nested-before	corpus	encode-core-hot	drop	E2	21	213.07	100024	0
U-nested-before	corpus	encode-core-hot	drop	E	21	212.94	96255	0
U-nested-before	corpus	encode-core-hot	drop	R	21	210.63	96597	0
U-nested-before	corpus	encode-core-hot	retain	E	1	540.98	37338	0
U-nested-before	corpus	encode-core-hot	retain	R	1	541.47	37208	0
U-nested-before	corpus	encode-core-hot	retain	E2	1	550.92	37126	0
U-nested-before	corpus	encode-core-hot	retain	R	2	562.16	37208	0
U-nested-before	corpus	encode-core-hot	retain	E2	2	553.64	37126	0
U-nested-before	corpus	encode-core-hot	retain	E	2	566.36	37338	0
U-nested-before	corpus	encode-core-hot	retain	E2	3	570.00	37126	0
U-nested-before	corpus	encode-core-hot	retain	E	3	565.34	37338	0
U-nested-before	corpus	encode-core-hot	retain	R	3	555.59	37208	0
U-nested-before	corpus	encode-core-hot	retain	E	4	559.95	37338	0
U-nested-before	corpus	encode-core-hot	retain	R	4	561.66	37208	0
U-nested-before	corpus	encode-core-hot	retain	E2	4	552.07	37126	0
U-nested-before	corpus	encode-core-hot	retain	R	5	561.82	37208	0
U-nested-before	corpus	encode-core-hot	retain	E2	5	559.46	37126	0
U-nested-before	corpus	encode-core-hot	retain	E	5	545.83	37338	0
U-nested-before	corpus	encode-core-hot	retain	E2	6	545.76	37126	0
U-nested-before	corpus	encode-core-hot	retain	E	6	538.79	37338	0
U-nested-before	corpus	encode-core-hot	retain	R	6	539.13	37208	0
U-nested-before	corpus	encode-core-hot	retain	E	7	540.05	37338	0
U-nested-before	corpus	encode-core-hot	retain	R	7	552.47	37208	0
U-nested-before	corpus	encode-core-hot	retain	E2	7	542.45	37126	0
U-nested-before	corpus	encode-core-hot	retain	R	8	543.22	37208	0
U-nested-before	corpus	encode-core-hot	retain	E2	8	544.43	37126	0
U-nested-before	corpus	encode-core-hot	retain	E	8	552.73	37338	0
U-nested-before	corpus	encode-core-hot	retain	E2	9	544.80	37126	0
U-nested-before	corpus	encode-core-hot	retain	E	9	549.49	37338	0
U-nested-before	corpus	encode-core-hot	retain	R	9	561.07	37208	0
U-nested-before	corpus	encode-core-hot	retain	E	10	560.39	37338	0
U-nested-before	corpus	encode-core-hot	retain	R	10	554.14	37208	0
U-nested-before	corpus	encode-core-hot	retain	E2	10	547.68	37126	0
U-nested-before	corpus	encode-core-hot	retain	R	11	546.39	37208	0
U-nested-before	corpus	encode-core-hot	retain	E2	11	550.74	37126	0
U-nested-before	corpus	encode-core-hot	retain	E	11	546.73	37338	0
U-nested-before	corpus	encode-core-hot	retain	E2	12	545.00	37126	0
U-nested-before	corpus	encode-core-hot	retain	E	12	540.62	37338	0
U-nested-before	corpus	encode-core-hot	retain	R	12	542.72	37208	0
U-nested-before	corpus	encode-core-hot	retain	E	13	541.85	37338	0
U-nested-before	corpus	encode-core-hot	retain	R	13	540.46	37208	0
U-nested-before	corpus	encode-core-hot	retain	E2	13	540.39	37126	0
U-nested-before	corpus	encode-core-hot	retain	R	14	554.16	37208	0
U-nested-before	corpus	encode-core-hot	retain	E2	14	545.56	37126	0
U-nested-before	corpus	encode-core-hot	retain	E	14	537.82	37338	0
U-nested-before	corpus	encode-core-hot	retain	E2	15	539.35	37126	0
U-nested-before	corpus	encode-core-hot	retain	E	15	538.91	37338	0
U-nested-before	corpus	encode-core-hot	retain	R	15	537.84	37208	0
U-nested-before	corpus	encode-core-hot	retain	E	16	539.60	37338	0
U-nested-before	corpus	encode-core-hot	retain	R	16	539.37	37208	0
U-nested-before	corpus	encode-core-hot	retain	E2	16	536.72	37126	0
U-nested-before	corpus	encode-core-hot	retain	R	17	534.94	37208	0
U-nested-before	corpus	encode-core-hot	retain	E2	17	545.58	37126	0
U-nested-before	corpus	encode-core-hot	retain	E	17	541.11	37338	0
U-nested-before	corpus	encode-core-hot	retain	E2	18	538.64	37126	0
U-nested-before	corpus	encode-core-hot	retain	E	18	541.01	37338	0
U-nested-before	corpus	encode-core-hot	retain	R	18	540.55	37208	0
U-nested-before	corpus	encode-core-hot	retain	E	19	543.13	37338	0
U-nested-before	corpus	encode-core-hot	retain	R	19	542.14	37208	0
U-nested-before	corpus	encode-core-hot	retain	E2	19	543.06	37126	0
U-nested-before	corpus	encode-core-hot	retain	R	20	551.76	37208	0
U-nested-before	corpus	encode-core-hot	retain	E2	20	556.97	37126	0
U-nested-before	corpus	encode-core-hot	retain	E	20	550.35	37338	0
U-nested-before	corpus	encode-core-hot	retain	E2	21	544.66	37126	0
U-nested-before	corpus	encode-core-hot	retain	E	21	546.44	37338	0
U-nested-before	corpus	encode-core-hot	retain	R	21	546.75	37208	0
U-deep-u-repeated	corpus	decode-read	drop	E	1	2553.69	8030	1
U-deep-u-repeated	corpus	decode-read	drop	R	1	2519.57	7892	0
U-deep-u-repeated	corpus	decode-read	drop	E2	1	2563.90	7851	1
U-deep-u-repeated	corpus	decode-read	drop	R	2	2531.76	7892	0
U-deep-u-repeated	corpus	decode-read	drop	E2	2	2594.71	7851	1
U-deep-u-repeated	corpus	decode-read	drop	E	2	2587.66	8030	1
U-deep-u-repeated	corpus	decode-read	drop	E2	3	2603.90	7851	1
U-deep-u-repeated	corpus	decode-read	drop	E	3	2587.44	8030	1
U-deep-u-repeated	corpus	decode-read	drop	R	3	2524.19	7892	0
U-deep-u-repeated	corpus	decode-read	drop	E	4	2536.24	8030	1
U-deep-u-repeated	corpus	decode-read	drop	R	4	2549.98	7892	0
U-deep-u-repeated	corpus	decode-read	drop	E2	4	2578.41	7851	1
U-deep-u-repeated	corpus	decode-read	drop	R	5	2529.19	7892	0
U-deep-u-repeated	corpus	decode-read	drop	E2	5	2533.70	7851	1
U-deep-u-repeated	corpus	decode-read	drop	E	5	2527.08	8030	1
U-deep-u-repeated	corpus	decode-read	drop	E2	6	2573.73	7851	1
U-deep-u-repeated	corpus	decode-read	drop	E	6	2530.98	8030	1
U-deep-u-repeated	corpus	decode-read	drop	R	6	2516.65	7892	0
U-deep-u-repeated	corpus	decode-read	drop	E	7	2529.45	8030	1
U-deep-u-repeated	corpus	decode-read	drop	R	7	2558.87	7892	0
U-deep-u-repeated	corpus	decode-read	drop	E2	7	2528.97	7851	1
U-deep-u-repeated	corpus	decode-read	drop	R	8	2971.66	7892	0
U-deep-u-repeated	corpus	decode-read	drop	E2	8	2677.73	7851	1
U-deep-u-repeated	corpus	decode-read	drop	E	8	2657.80	8030	1
U-deep-u-repeated	corpus	decode-read	drop	E2	9	2686.66	7851	1
U-deep-u-repeated	corpus	decode-read	drop	E	9	2640.97	8030	1
U-deep-u-repeated	corpus	decode-read	drop	R	9	2667.27	7892	0
U-deep-u-repeated	corpus	decode-read	drop	E	10	2603.10	8030	1
U-deep-u-repeated	corpus	decode-read	drop	R	10	2630.16	7892	0
U-deep-u-repeated	corpus	decode-read	drop	E2	10	2610.39	7851	1
U-deep-u-repeated	corpus	decode-read	drop	R	11	2560.07	7892	0
U-deep-u-repeated	corpus	decode-read	drop	E2	11	2578.49	7851	1
U-deep-u-repeated	corpus	decode-read	drop	E	11	2585.25	8030	1
U-deep-u-repeated	corpus	decode-read	drop	E2	12	2550.74	7851	1
U-deep-u-repeated	corpus	decode-read	drop	E	12	2546.04	8030	1
U-deep-u-repeated	corpus	decode-read	drop	R	12	2540.97	7892	0
U-deep-u-repeated	corpus	decode-read	drop	E	13	2592.67	8030	1
U-deep-u-repeated	corpus	decode-read	drop	R	13	2567.59	7892	0
U-deep-u-repeated	corpus	decode-read	drop	E2	13	2564.74	7851	1
U-deep-u-repeated	corpus	decode-read	drop	R	14	2563.48	7892	0
U-deep-u-repeated	corpus	decode-read	drop	E2	14	2537.92	7851	1
U-deep-u-repeated	corpus	decode-read	drop	E	14	2608.20	8030	1
U-deep-u-repeated	corpus	decode-read	drop	E2	15	2547.60	7851	1
U-deep-u-repeated	corpus	decode-read	drop	E	15	2613.01	8030	1
U-deep-u-repeated	corpus	decode-read	drop	R	15	2556.54	7892	0
U-deep-u-repeated	corpus	decode-read	drop	E	16	2579.68	8030	1
U-deep-u-repeated	corpus	decode-read	drop	R	16	2516.94	7892	0
U-deep-u-repeated	corpus	decode-read	drop	E2	16	2592.19	7851	1
U-deep-u-repeated	corpus	decode-read	drop	R	17	2541.89	7892	0
U-deep-u-repeated	corpus	decode-read	drop	E2	17	2538.86	7851	1
U-deep-u-repeated	corpus	decode-read	drop	E	17	2651.78	8030	1
U-deep-u-repeated	corpus	decode-read	drop	E2	18	2567.76	7851	1
U-deep-u-repeated	corpus	decode-read	drop	E	18	2569.26	8030	1
U-deep-u-repeated	corpus	decode-read	drop	R	18	2624.26	7892	0
U-deep-u-repeated	corpus	decode-read	drop	E	19	2773.94	8030	1
U-deep-u-repeated	corpus	decode-read	drop	R	19	2809.08	7892	0
U-deep-u-repeated	corpus	decode-read	drop	E2	19	2780.23	7851	1
U-deep-u-repeated	corpus	decode-read	drop	R	20	2673.01	7892	0
U-deep-u-repeated	corpus	decode-read	drop	E2	20	2583.42	7851	1
U-deep-u-repeated	corpus	decode-read	drop	E	20	2584.40	8030	1
U-deep-u-repeated	corpus	decode-read	drop	E2	21	2541.67	7851	1
U-deep-u-repeated	corpus	decode-read	drop	E	21	2658.35	8030	1
U-deep-u-repeated	corpus	decode-read	drop	R	21	2574.35	7892	0
U-deep-u-repeated	corpus	decode-read	retain	E	1	2658.95	3450	1
U-deep-u-repeated	corpus	decode-read	retain	R	1	2677.58	5424	0
U-deep-u-repeated	corpus	decode-read	retain	E2	1	2745.01	3658	1
U-deep-u-repeated	corpus	decode-read	retain	R	2	2654.15	5424	0
U-deep-u-repeated	corpus	decode-read	retain	E2	2	2704.01	3658	1
U-deep-u-repeated	corpus	decode-read	retain	E	2	2809.30	3450	1
U-deep-u-repeated	corpus	decode-read	retain	E2	3	2866.29	3658	1
U-deep-u-repeated	corpus	decode-read	retain	E	3	2742.51	3450	1
U-deep-u-repeated	corpus	decode-read	retain	R	3	2756.00	5424	0
U-deep-u-repeated	corpus	decode-read	retain	E	4	2867.66	3450	1
U-deep-u-repeated	corpus	decode-read	retain	R	4	2891.04	5424	0
U-deep-u-repeated	corpus	decode-read	retain	E2	4	2770.42	3658	1
U-deep-u-repeated	corpus	decode-read	retain	R	5	2850.19	5424	0
U-deep-u-repeated	corpus	decode-read	retain	E2	5	3020.88	3658	1
U-deep-u-repeated	corpus	decode-read	retain	E	5	2817.10	3450	1
U-deep-u-repeated	corpus	decode-read	retain	E2	6	2731.38	3658	1
U-deep-u-repeated	corpus	decode-read	retain	E	6	2768.81	3450	1
U-deep-u-repeated	corpus	decode-read	retain	R	6	3050.46	5424	0
U-deep-u-repeated	corpus	decode-read	retain	E	7	2745.85	3450	1
U-deep-u-repeated	corpus	decode-read	retain	R	7	3061.83	5424	0
U-deep-u-repeated	corpus	decode-read	retain	E2	7	3060.01	3658	1
U-deep-u-repeated	corpus	decode-read	retain	R	8	2974.46	5424	0
U-deep-u-repeated	corpus	decode-read	retain	E2	8	3535.07	3658	1
U-deep-u-repeated	corpus	decode-read	retain	E	8	3162.18	3450	1
U-deep-u-repeated	corpus	decode-read	retain	E2	9	3003.13	3658	1
U-deep-u-repeated	corpus	decode-read	retain	E	9	2898.66	3450	1
U-deep-u-repeated	corpus	decode-read	retain	R	9	2858.06	5424	0
U-deep-u-repeated	corpus	decode-read	retain	E	10	2936.06	3450	1
U-deep-u-repeated	corpus	decode-read	retain	R	10	2832.59	5424	0
U-deep-u-repeated	corpus	decode-read	retain	E2	10	2820.86	3658	1
U-deep-u-repeated	corpus	decode-read	retain	R	11	2768.34	5424	0
U-deep-u-repeated	corpus	decode-read	retain	E2	11	2664.47	3658	1
U-deep-u-repeated	corpus	decode-read	retain	E	11	2785.24	3450	1
U-deep-u-repeated	corpus	decode-read	retain	E2	12	2732.96	3658	1
U-deep-u-repeated	corpus	decode-read	retain	E	12	2842.73	3450	1
U-deep-u-repeated	corpus	decode-read	retain	R	12	2765.35	5424	0
U-deep-u-repeated	corpus	decode-read	retain	E	13	2759.96	3450	1
U-deep-u-repeated	corpus	decode-read	retain	R	13	2932.19	5424	0
U-deep-u-repeated	corpus	decode-read	retain	E2	13	3274.17	3658	1
U-deep-u-repeated	corpus	decode-read	retain	R	14	2792.60	5424	0
U-deep-u-repeated	corpus	decode-read	retain	E2	14	2859.50	3658	1
U-deep-u-repeated	corpus	decode-read	retain	E	14	2928.65	3450	1
U-deep-u-repeated	corpus	decode-read	retain	E2	15	2705.22	3658	1
U-deep-u-repeated	corpus	decode-read	retain	E	15	2773.61	3450	1
U-deep-u-repeated	corpus	decode-read	retain	R	15	2652.46	5424	0
U-deep-u-repeated	corpus	decode-read	retain	E	16	3872.37	3450	1
U-deep-u-repeated	corpus	decode-read	retain	R	16	4232.09	5424	0
U-deep-u-repeated	corpus	decode-read	retain	E2	16	3727.41	3658	1
U-deep-u-repeated	corpus	decode-read	retain	R	17	2690.97	5424	0
U-deep-u-repeated	corpus	decode-read	retain	E2	17	2739.99	3658	1
U-deep-u-repeated	corpus	decode-read	retain	E	17	2734.01	3450	1
U-deep-u-repeated	corpus	decode-read	retain	E2	18	2744.33	3658	1
U-deep-u-repeated	corpus	decode-read	retain	E	18	2673.76	3450	1
U-deep-u-repeated	corpus	decode-read	retain	R	18	2661.40	5424	0
U-deep-u-repeated	corpus	decode-read	retain	E	19	2863.36	3450	1
U-deep-u-repeated	corpus	decode-read	retain	R	19	2661.41	5424	0
U-deep-u-repeated	corpus	decode-read	retain	E2	19	2789.33	3658	1
U-deep-u-repeated	corpus	decode-read	retain	R	20	2744.90	5424	0
U-deep-u-repeated	corpus	decode-read	retain	E2	20	2721.87	3658	1
U-deep-u-repeated	corpus	decode-read	retain	E	20	3179.39	3450	1
U-deep-u-repeated	corpus	decode-read	retain	E2	21	3019.63	3658	1
U-deep-u-repeated	corpus	decode-read	retain	E	21	2777.36	3450	1
U-deep-u-repeated	corpus	decode-read	retain	R	21	2898.16	5424	0
U-deep-u-repeated	corpus	encode-core-hot	drop	E	1	1154.16	16895	0
U-deep-u-repeated	corpus	encode-core-hot	drop	R	1	1142.75	17289	0
U-deep-u-repeated	corpus	encode-core-hot	drop	E2	1	1152.72	17163	0
U-deep-u-repeated	corpus	encode-core-hot	drop	R	2	1153.69	17289	0
U-deep-u-repeated	corpus	encode-core-hot	drop	E2	2	1160.71	17163	0
U-deep-u-repeated	corpus	encode-core-hot	drop	E	2	1138.95	16895	0
U-deep-u-repeated	corpus	encode-core-hot	drop	E2	3	1157.82	17163	0
U-deep-u-repeated	corpus	encode-core-hot	drop	E	3	1169.17	16895	0
U-deep-u-repeated	corpus	encode-core-hot	drop	R	3	1157.95	17289	0
U-deep-u-repeated	corpus	encode-core-hot	drop	E	4	1164.38	16895	0
U-deep-u-repeated	corpus	encode-core-hot	drop	R	4	1155.60	17289	0
U-deep-u-repeated	corpus	encode-core-hot	drop	E2	4	1157.70	17163	0
U-deep-u-repeated	corpus	encode-core-hot	drop	R	5	1154.06	17289	0
U-deep-u-repeated	corpus	encode-core-hot	drop	E2	5	1162.15	17163	0
U-deep-u-repeated	corpus	encode-core-hot	drop	E	5	1162.37	16895	0
U-deep-u-repeated	corpus	encode-core-hot	drop	E2	6	1163.79	17163	0
U-deep-u-repeated	corpus	encode-core-hot	drop	E	6	1159.82	16895	0
U-deep-u-repeated	corpus	encode-core-hot	drop	R	6	1165.01	17289	0
U-deep-u-repeated	corpus	encode-core-hot	drop	E	7	1158.69	16895	0
U-deep-u-repeated	corpus	encode-core-hot	drop	R	7	1159.14	17289	0
U-deep-u-repeated	corpus	encode-core-hot	drop	E2	7	1194.80	17163	0
U-deep-u-repeated	corpus	encode-core-hot	drop	R	8	1176.72	17289	0
U-deep-u-repeated	corpus	encode-core-hot	drop	E2	8	1183.17	17163	0
U-deep-u-repeated	corpus	encode-core-hot	drop	E	8	1178.41	16895	0
U-deep-u-repeated	corpus	encode-core-hot	drop	E2	9	1178.08	17163	0
U-deep-u-repeated	corpus	encode-core-hot	drop	E	9	1174.71	16895	0
U-deep-u-repeated	corpus	encode-core-hot	drop	R	9	1198.34	17289	0
U-deep-u-repeated	corpus	encode-core-hot	drop	E	10	1209.53	16895	0
U-deep-u-repeated	corpus	encode-core-hot	drop	R	10	1187.41	17289	0
U-deep-u-repeated	corpus	encode-core-hot	drop	E2	10	1175.02	17163	0
U-deep-u-repeated	corpus	encode-core-hot	drop	R	11	1169.97	17289	0
U-deep-u-repeated	corpus	encode-core-hot	drop	E2	11	1171.12	17163	0
U-deep-u-repeated	corpus	encode-core-hot	drop	E	11	1181.00	16895	0
U-deep-u-repeated	corpus	encode-core-hot	drop	E2	12	1152.64	17163	0
U-deep-u-repeated	corpus	encode-core-hot	drop	E	12	1184.28	16895	0
U-deep-u-repeated	corpus	encode-core-hot	drop	R	12	1190.85	17289	0
U-deep-u-repeated	corpus	encode-core-hot	drop	E	13	1179.70	16895	0
U-deep-u-repeated	corpus	encode-core-hot	drop	R	13	1168.54	17289	0
U-deep-u-repeated	corpus	encode-core-hot	drop	E2	13	1168.12	17163	0
U-deep-u-repeated	corpus	encode-core-hot	drop	R	14	1163.61	17289	0
U-deep-u-repeated	corpus	encode-core-hot	drop	E2	14	1217.49	17163	0
U-deep-u-repeated	corpus	encode-core-hot	drop	E	14	1229.08	16895	0
U-deep-u-repeated	corpus	encode-core-hot	drop	E2	15	1192.14	17163	0
U-deep-u-repeated	corpus	encode-core-hot	drop	E	15	1222.72	16895	0
U-deep-u-repeated	corpus	encode-core-hot	drop	R	15	1188.88	17289	0
U-deep-u-repeated	corpus	encode-core-hot	drop	E	16	1191.67	16895	0
U-deep-u-repeated	corpus	encode-core-hot	drop	R	16	1151.28	17289	0
U-deep-u-repeated	corpus	encode-core-hot	drop	E2	16	1172.26	17163	0
U-deep-u-repeated	corpus	encode-core-hot	drop	R	17	1154.85	17289	0
U-deep-u-repeated	corpus	encode-core-hot	drop	E2	17	1196.88	17163	0
U-deep-u-repeated	corpus	encode-core-hot	drop	E	17	1180.12	16895	0
U-deep-u-repeated	corpus	encode-core-hot	drop	E2	18	1183.54	17163	0
U-deep-u-repeated	corpus	encode-core-hot	drop	E	18	1162.29	16895	0
U-deep-u-repeated	corpus	encode-core-hot	drop	R	18	1151.66	17289	0
U-deep-u-repeated	corpus	encode-core-hot	drop	E	19	1175.11	16895	0
U-deep-u-repeated	corpus	encode-core-hot	drop	R	19	1156.32	17289	0
U-deep-u-repeated	corpus	encode-core-hot	drop	E2	19	1163.03	17163	0
U-deep-u-repeated	corpus	encode-core-hot	drop	R	20	1157.14	17289	0
U-deep-u-repeated	corpus	encode-core-hot	drop	E2	20	1201.25	17163	0
U-deep-u-repeated	corpus	encode-core-hot	drop	E	20	1178.37	16895	0
U-deep-u-repeated	corpus	encode-core-hot	drop	E2	21	1169.78	17163	0
U-deep-u-repeated	corpus	encode-core-hot	drop	E	21	1169.53	16895	0
U-deep-u-repeated	corpus	encode-core-hot	drop	R	21	1156.79	17289	0
U-deep-u-repeated	corpus	encode-core-hot	retain	E	1	1669.81	12000	0
U-deep-u-repeated	corpus	encode-core-hot	retain	R	1	1658.92	11678	0
U-deep-u-repeated	corpus	encode-core-hot	retain	E2	1	1689.67	11878	0
U-deep-u-repeated	corpus	encode-core-hot	retain	R	2	1677.17	11678	0
U-deep-u-repeated	corpus	encode-core-hot	retain	E2	2	1736.40	11878	0
U-deep-u-repeated	corpus	encode-core-hot	retain	E	2	1722.79	12000	0
U-deep-u-repeated	corpus	encode-core-hot	retain	E2	3	1715.73	11878	0
U-deep-u-repeated	corpus	encode-core-hot	retain	E	3	1716.53	12000	0
U-deep-u-repeated	corpus	encode-core-hot	retain	R	3	1669.53	11678	0
U-deep-u-repeated	corpus	encode-core-hot	retain	E	4	1701.87	12000	0
U-deep-u-repeated	corpus	encode-core-hot	retain	R	4	1675.23	11678	0
U-deep-u-repeated	corpus	encode-core-hot	retain	E2	4	1704.21	11878	0
U-deep-u-repeated	corpus	encode-core-hot	retain	R	5	1714.46	11678	0
U-deep-u-repeated	corpus	encode-core-hot	retain	E2	5	1719.79	11878	0
U-deep-u-repeated	corpus	encode-core-hot	retain	E	5	1688.47	12000	0
U-deep-u-repeated	corpus	encode-core-hot	retain	E2	6	1713.25	11878	0
U-deep-u-repeated	corpus	encode-core-hot	retain	E	6	1701.93	12000	0
U-deep-u-repeated	corpus	encode-core-hot	retain	R	6	1658.68	11678	0
U-deep-u-repeated	corpus	encode-core-hot	retain	E	7	1704.78	12000	0
U-deep-u-repeated	corpus	encode-core-hot	retain	R	7	1690.44	11678	0
U-deep-u-repeated	corpus	encode-core-hot	retain	E2	7	1703.10	11878	0
U-deep-u-repeated	corpus	encode-core-hot	retain	R	8	1706.03	11678	0
U-deep-u-repeated	corpus	encode-core-hot	retain	E2	8	1684.54	11878	0
U-deep-u-repeated	corpus	encode-core-hot	retain	E	8	1701.02	12000	0
U-deep-u-repeated	corpus	encode-core-hot	retain	E2	9	1688.53	11878	0
U-deep-u-repeated	corpus	encode-core-hot	retain	E	9	1681.92	12000	0
U-deep-u-repeated	corpus	encode-core-hot	retain	R	9	1681.86	11678	0
U-deep-u-repeated	corpus	encode-core-hot	retain	E	10	1702.77	12000	0
U-deep-u-repeated	corpus	encode-core-hot	retain	R	10	1666.20	11678	0
U-deep-u-repeated	corpus	encode-core-hot	retain	E2	10	1741.87	11878	0
U-deep-u-repeated	corpus	encode-core-hot	retain	R	11	1688.42	11678	0
U-deep-u-repeated	corpus	encode-core-hot	retain	E2	11	1681.52	11878	0
U-deep-u-repeated	corpus	encode-core-hot	retain	E	11	1684.57	12000	0
U-deep-u-repeated	corpus	encode-core-hot	retain	E2	12	1684.11	11878	0
U-deep-u-repeated	corpus	encode-core-hot	retain	E	12	1708.19	12000	0
U-deep-u-repeated	corpus	encode-core-hot	retain	R	12	1660.20	11678	0
U-deep-u-repeated	corpus	encode-core-hot	retain	E	13	1721.07	12000	0
U-deep-u-repeated	corpus	encode-core-hot	retain	R	13	1667.71	11678	0
U-deep-u-repeated	corpus	encode-core-hot	retain	E2	13	1700.19	11878	0
U-deep-u-repeated	corpus	encode-core-hot	retain	R	14	1643.14	11678	0
U-deep-u-repeated	corpus	encode-core-hot	retain	E2	14	1690.92	11878	0
U-deep-u-repeated	corpus	encode-core-hot	retain	E	14	1688.51	12000	0
U-deep-u-repeated	corpus	encode-core-hot	retain	E2	15	1684.86	11878	0
U-deep-u-repeated	corpus	encode-core-hot	retain	E	15	1680.65	12000	0
U-deep-u-repeated	corpus	encode-core-hot	retain	R	15	1676.62	11678	0
U-deep-u-repeated	corpus	encode-core-hot	retain	E	16	1674.50	12000	0
U-deep-u-repeated	corpus	encode-core-hot	retain	R	16	1660.17	11678	0
U-deep-u-repeated	corpus	encode-core-hot	retain	E2	16	1693.10	11878	0
U-deep-u-repeated	corpus	encode-core-hot	retain	R	17	1681.28	11678	0
U-deep-u-repeated	corpus	encode-core-hot	retain	E2	17	1716.28	11878	0
U-deep-u-repeated	corpus	encode-core-hot	retain	E	17	1710.42	12000	0
U-deep-u-repeated	corpus	encode-core-hot	retain	E2	18	1730.47	11878	0
U-deep-u-repeated	corpus	encode-core-hot	retain	E	18	1689.34	12000	0
U-deep-u-repeated	corpus	encode-core-hot	retain	R	18	1695.79	11678	0
U-deep-u-repeated	corpus	encode-core-hot	retain	E	19	1709.23	12000	0
U-deep-u-repeated	corpus	encode-core-hot	retain	R	19	1673.84	11678	0
U-deep-u-repeated	corpus	encode-core-hot	retain	E2	19	1688.54	11878	0
U-deep-u-repeated	corpus	encode-core-hot	retain	R	20	1676.04	11678	0
U-deep-u-repeated	corpus	encode-core-hot	retain	E2	20	1682.60	11878	0
U-deep-u-repeated	corpus	encode-core-hot	retain	E	20	1681.79	12000	0
U-deep-u-repeated	corpus	encode-core-hot	retain	E2	21	1690.46	11878	0
U-deep-u-repeated	corpus	encode-core-hot	retain	E	21	1697.77	12000	0
U-deep-u-repeated	corpus	encode-core-hot	retain	R	21	1645.78	11678	0
U-oneof-u-repeated	corpus	decode-read	drop	E	1	243.54	83605	1
U-oneof-u-repeated	corpus	decode-read	drop	R	1	229.15	82091	0
U-oneof-u-repeated	corpus	decode-read	drop	E2	1	228.65	88119	1
U-oneof-u-repeated	corpus	decode-read	drop	R	2	226.46	82091	0
U-oneof-u-repeated	corpus	decode-read	drop	E2	2	223.50	88119	1
U-oneof-u-repeated	corpus	decode-read	drop	E	2	226.80	83605	1
U-oneof-u-repeated	corpus	decode-read	drop	E2	3	222.46	88119	1
U-oneof-u-repeated	corpus	decode-read	drop	E	3	229.59	83605	1
U-oneof-u-repeated	corpus	decode-read	drop	R	3	233.28	82091	0
U-oneof-u-repeated	corpus	decode-read	drop	E	4	657.29	83605	1
U-oneof-u-repeated	corpus	decode-read	drop	R	4	218.53	82091	0
U-oneof-u-repeated	corpus	decode-read	drop	E2	4	223.17	88119	1
U-oneof-u-repeated	corpus	decode-read	drop	R	5	218.50	82091	0
U-oneof-u-repeated	corpus	decode-read	drop	E2	5	228.99	88119	1
U-oneof-u-repeated	corpus	decode-read	drop	E	5	232.02	83605	1
U-oneof-u-repeated	corpus	decode-read	drop	E2	6	230.05	88119	1
U-oneof-u-repeated	corpus	decode-read	drop	E	6	223.07	83605	1
U-oneof-u-repeated	corpus	decode-read	drop	R	6	217.55	82091	0
U-oneof-u-repeated	corpus	decode-read	drop	E	7	224.71	83605	1
U-oneof-u-repeated	corpus	decode-read	drop	R	7	214.52	82091	0
U-oneof-u-repeated	corpus	decode-read	drop	E2	7	217.75	88119	1
U-oneof-u-repeated	corpus	decode-read	drop	R	8	218.13	82091	0
U-oneof-u-repeated	corpus	decode-read	drop	E2	8	218.91	88119	1
U-oneof-u-repeated	corpus	decode-read	drop	E	8	224.89	83605	1
U-oneof-u-repeated	corpus	decode-read	drop	E2	9	225.70	88119	1
U-oneof-u-repeated	corpus	decode-read	drop	E	9	226.54	83605	1
U-oneof-u-repeated	corpus	decode-read	drop	R	9	221.19	82091	0
U-oneof-u-repeated	corpus	decode-read	drop	E	10	241.55	83605	1
U-oneof-u-repeated	corpus	decode-read	drop	R	10	231.23	82091	0
U-oneof-u-repeated	corpus	decode-read	drop	E2	10	225.88	88119	1
U-oneof-u-repeated	corpus	decode-read	drop	R	11	230.02	82091	0
U-oneof-u-repeated	corpus	decode-read	drop	E2	11	223.75	88119	1
U-oneof-u-repeated	corpus	decode-read	drop	E	11	227.18	83605	1
U-oneof-u-repeated	corpus	decode-read	drop	E2	12	221.16	88119	1
U-oneof-u-repeated	corpus	decode-read	drop	E	12	226.60	83605	1
U-oneof-u-repeated	corpus	decode-read	drop	R	12	284.88	82091	0
U-oneof-u-repeated	corpus	decode-read	drop	E	13	265.76	83605	1
U-oneof-u-repeated	corpus	decode-read	drop	R	13	227.33	82091	0
U-oneof-u-repeated	corpus	decode-read	drop	E2	13	220.88	88119	1
U-oneof-u-repeated	corpus	decode-read	drop	R	14	220.27	82091	0
U-oneof-u-repeated	corpus	decode-read	drop	E2	14	222.48	88119	1
U-oneof-u-repeated	corpus	decode-read	drop	E	14	221.93	83605	1
U-oneof-u-repeated	corpus	decode-read	drop	E2	15	221.34	88119	1
U-oneof-u-repeated	corpus	decode-read	drop	E	15	222.49	83605	1
U-oneof-u-repeated	corpus	decode-read	drop	R	15	219.83	82091	0
U-oneof-u-repeated	corpus	decode-read	drop	E	16	220.00	83605	1
U-oneof-u-repeated	corpus	decode-read	drop	R	16	223.80	82091	0
U-oneof-u-repeated	corpus	decode-read	drop	E2	16	218.50	88119	1
U-oneof-u-repeated	corpus	decode-read	drop	R	17	215.43	82091	0
U-oneof-u-repeated	corpus	decode-read	drop	E2	17	217.52	88119	1
U-oneof-u-repeated	corpus	decode-read	drop	E	17	224.37	83605	1
U-oneof-u-repeated	corpus	decode-read	drop	E2	18	217.23	88119	1
U-oneof-u-repeated	corpus	decode-read	drop	E	18	216.95	83605	1
U-oneof-u-repeated	corpus	decode-read	drop	R	18	218.53	82091	0
U-oneof-u-repeated	corpus	decode-read	drop	E	19	220.51	83605	1
U-oneof-u-repeated	corpus	decode-read	drop	R	19	221.77	82091	0
U-oneof-u-repeated	corpus	decode-read	drop	E2	19	222.28	88119	1
U-oneof-u-repeated	corpus	decode-read	drop	R	20	231.92	82091	0
U-oneof-u-repeated	corpus	decode-read	drop	E2	20	226.27	88119	1
U-oneof-u-repeated	corpus	decode-read	drop	E	20	223.71	83605	1
U-oneof-u-repeated	corpus	decode-read	drop	E2	21	227.20	88119	1
U-oneof-u-repeated	corpus	decode-read	drop	E	21	224.03	83605	1
U-oneof-u-repeated	corpus	decode-read	drop	R	21	222.94	82091	0
U-oneof-u-repeated	corpus	decode-read	retain	E	1	288.45	70719	1
U-oneof-u-repeated	corpus	decode-read	retain	R	1	300.16	62999	0
U-oneof-u-repeated	corpus	decode-read	retain	E2	1	282.38	62155	1
U-oneof-u-repeated	corpus	decode-read	retain	R	2	278.59	62999	0
U-oneof-u-repeated	corpus	decode-read	retain	E2	2	284.88	62155	1
U-oneof-u-repeated	corpus	decode-read	retain	E	2	285.26	70719	1
U-oneof-u-repeated	corpus	decode-read	retain	E2	3	284.99	62155	1
U-oneof-u-repeated	corpus	decode-read	retain	E	3	289.95	70719	1
U-oneof-u-repeated	corpus	decode-read	retain	R	3	281.14	62999	0
U-oneof-u-repeated	corpus	decode-read	retain	E	4	285.31	70719	1
U-oneof-u-repeated	corpus	decode-read	retain	R	4	284.21	62999	0
U-oneof-u-repeated	corpus	decode-read	retain	E2	4	288.20	62155	1
U-oneof-u-repeated	corpus	decode-read	retain	R	5	279.16	62999	0
U-oneof-u-repeated	corpus	decode-read	retain	E2	5	286.78	62155	1
U-oneof-u-repeated	corpus	decode-read	retain	E	5	284.76	70719	1
U-oneof-u-repeated	corpus	decode-read	retain	E2	6	287.81	62155	1
U-oneof-u-repeated	corpus	decode-read	retain	E	6	281.96	70719	1
U-oneof-u-repeated	corpus	decode-read	retain	R	6	279.28	62999	0
U-oneof-u-repeated	corpus	decode-read	retain	E	7	284.36	70719	1
U-oneof-u-repeated	corpus	decode-read	retain	R	7	282.41	62999	0
U-oneof-u-repeated	corpus	decode-read	retain	E2	7	329.66	62155	1
U-oneof-u-repeated	corpus	decode-read	retain	R	8	280.68	62999	0
U-oneof-u-repeated	corpus	decode-read	retain	E2	8	285.77	62155	1
U-oneof-u-repeated	corpus	decode-read	retain	E	8	286.56	70719	1
U-oneof-u-repeated	corpus	decode-read	retain	E2	9	290.95	62155	1
U-oneof-u-repeated	corpus	decode-read	retain	E	9	290.38	70719	1
U-oneof-u-repeated	corpus	decode-read	retain	R	9	297.73	62999	0
U-oneof-u-repeated	corpus	decode-read	retain	E	10	309.16	70719	1
U-oneof-u-repeated	corpus	decode-read	retain	R	10	315.54	62999	0
U-oneof-u-repeated	corpus	decode-read	retain	E2	10	292.73	62155	1
U-oneof-u-repeated	corpus	decode-read	retain	R	11	281.15	62999	0
U-oneof-u-repeated	corpus	decode-read	retain	E2	11	284.59	62155	1
U-oneof-u-repeated	corpus	decode-read	retain	E	11	317.48	70719	1
U-oneof-u-repeated	corpus	decode-read	retain	E2	12	290.44	62155	1
U-oneof-u-repeated	corpus	decode-read	retain	E	12	311.69	70719	1
U-oneof-u-repeated	corpus	decode-read	retain	R	12	283.12	62999	0
U-oneof-u-repeated	corpus	decode-read	retain	E	13	291.10	70719	1
U-oneof-u-repeated	corpus	decode-read	retain	R	13	286.33	62999	0
U-oneof-u-repeated	corpus	decode-read	retain	E2	13	292.39	62155	1
U-oneof-u-repeated	corpus	decode-read	retain	R	14	283.48	62999	0
U-oneof-u-repeated	corpus	decode-read	retain	E2	14	290.84	62155	1
U-oneof-u-repeated	corpus	decode-read	retain	E	14	296.38	70719	1
U-oneof-u-repeated	corpus	decode-read	retain	E2	15	287.61	62155	1
U-oneof-u-repeated	corpus	decode-read	retain	E	15	291.87	70719	1
U-oneof-u-repeated	corpus	decode-read	retain	R	15	282.39	62999	0
U-oneof-u-repeated	corpus	decode-read	retain	E	16	283.08	70719	1
U-oneof-u-repeated	corpus	decode-read	retain	R	16	284.91	62999	0
U-oneof-u-repeated	corpus	decode-read	retain	E2	16	293.03	62155	1
U-oneof-u-repeated	corpus	decode-read	retain	R	17	286.09	62999	0
U-oneof-u-repeated	corpus	decode-read	retain	E2	17	358.01	62155	1
U-oneof-u-repeated	corpus	decode-read	retain	E	17	302.38	70719	1
U-oneof-u-repeated	corpus	decode-read	retain	E2	18	297.87	62155	1
U-oneof-u-repeated	corpus	decode-read	retain	E	18	299.95	70719	1
U-oneof-u-repeated	corpus	decode-read	retain	R	18	284.21	62999	0
U-oneof-u-repeated	corpus	decode-read	retain	E	19	287.65	70719	1
U-oneof-u-repeated	corpus	decode-read	retain	R	19	280.07	62999	0
U-oneof-u-repeated	corpus	decode-read	retain	E2	19	289.08	62155	1
U-oneof-u-repeated	corpus	decode-read	retain	R	20	295.78	62999	0
U-oneof-u-repeated	corpus	decode-read	retain	E2	20	282.61	62155	1
U-oneof-u-repeated	corpus	decode-read	retain	E	20	283.77	70719	1
U-oneof-u-repeated	corpus	decode-read	retain	E2	21	292.99	62155	1
U-oneof-u-repeated	corpus	decode-read	retain	E	21	285.91	70719	1
U-oneof-u-repeated	corpus	decode-read	retain	R	21	285.71	62999	0
U-oneof-u-repeated	corpus	encode-core-hot	drop	E	1	107.58	187575	0
U-oneof-u-repeated	corpus	encode-core-hot	drop	R	1	108.32	183985	0
U-oneof-u-repeated	corpus	encode-core-hot	drop	E2	1	107.83	187982	0
U-oneof-u-repeated	corpus	encode-core-hot	drop	R	2	109.11	183985	0
U-oneof-u-repeated	corpus	encode-core-hot	drop	E2	2	107.76	187982	0
U-oneof-u-repeated	corpus	encode-core-hot	drop	E	2	106.01	187575	0
U-oneof-u-repeated	corpus	encode-core-hot	drop	E2	3	107.64	187982	0
U-oneof-u-repeated	corpus	encode-core-hot	drop	E	3	107.75	187575	0
U-oneof-u-repeated	corpus	encode-core-hot	drop	R	3	107.06	183985	0
U-oneof-u-repeated	corpus	encode-core-hot	drop	E	4	107.88	187575	0
U-oneof-u-repeated	corpus	encode-core-hot	drop	R	4	106.17	183985	0
U-oneof-u-repeated	corpus	encode-core-hot	drop	E2	4	107.87	187982	0
U-oneof-u-repeated	corpus	encode-core-hot	drop	R	5	108.19	183985	0
U-oneof-u-repeated	corpus	encode-core-hot	drop	E2	5	107.07	187982	0
U-oneof-u-repeated	corpus	encode-core-hot	drop	E	5	111.15	187575	0
U-oneof-u-repeated	corpus	encode-core-hot	drop	E2	6	109.51	187982	0
U-oneof-u-repeated	corpus	encode-core-hot	drop	E	6	108.64	187575	0
U-oneof-u-repeated	corpus	encode-core-hot	drop	R	6	109.31	183985	0
U-oneof-u-repeated	corpus	encode-core-hot	drop	E	7	108.11	187575	0
U-oneof-u-repeated	corpus	encode-core-hot	drop	R	7	109.27	183985	0
U-oneof-u-repeated	corpus	encode-core-hot	drop	E2	7	113.69	187982	0
U-oneof-u-repeated	corpus	encode-core-hot	drop	R	8	110.51	183985	0
U-oneof-u-repeated	corpus	encode-core-hot	drop	E2	8	108.02	187982	0
U-oneof-u-repeated	corpus	encode-core-hot	drop	E	8	107.92	187575	0
U-oneof-u-repeated	corpus	encode-core-hot	drop	E2	9	108.61	187982	0
U-oneof-u-repeated	corpus	encode-core-hot	drop	E	9	108.73	187575	0
U-oneof-u-repeated	corpus	encode-core-hot	drop	R	9	109.95	183985	0
U-oneof-u-repeated	corpus	encode-core-hot	drop	E	10	108.82	187575	0
U-oneof-u-repeated	corpus	encode-core-hot	drop	R	10	108.18	183985	0
U-oneof-u-repeated	corpus	encode-core-hot	drop	E2	10	107.63	187982	0
U-oneof-u-repeated	corpus	encode-core-hot	drop	R	11	107.74	183985	0
U-oneof-u-repeated	corpus	encode-core-hot	drop	E2	11	108.66	187982	0
U-oneof-u-repeated	corpus	encode-core-hot	drop	E	11	113.07	187575	0
U-oneof-u-repeated	corpus	encode-core-hot	drop	E2	12	108.34	187982	0
U-oneof-u-repeated	corpus	encode-core-hot	drop	E	12	112.16	187575	0
U-oneof-u-repeated	corpus	encode-core-hot	drop	R	12	111.80	183985	0
U-oneof-u-repeated	corpus	encode-core-hot	drop	E	13	110.60	187575	0
U-oneof-u-repeated	corpus	encode-core-hot	drop	R	13	109.40	183985	0
U-oneof-u-repeated	corpus	encode-core-hot	drop	E2	13	107.69	187982	0
U-oneof-u-repeated	corpus	encode-core-hot	drop	R	14	108.36	183985	0
U-oneof-u-repeated	corpus	encode-core-hot	drop	E2	14	108.72	187982	0
U-oneof-u-repeated	corpus	encode-core-hot	drop	E	14	108.77	187575	0
U-oneof-u-repeated	corpus	encode-core-hot	drop	E2	15	105.80	187982	0
U-oneof-u-repeated	corpus	encode-core-hot	drop	E	15	106.65	187575	0
U-oneof-u-repeated	corpus	encode-core-hot	drop	R	15	106.99	183985	0
U-oneof-u-repeated	corpus	encode-core-hot	drop	E	16	109.87	187575	0
U-oneof-u-repeated	corpus	encode-core-hot	drop	R	16	109.23	183985	0
U-oneof-u-repeated	corpus	encode-core-hot	drop	E2	16	106.61	187982	0
U-oneof-u-repeated	corpus	encode-core-hot	drop	R	17	107.55	183985	0
U-oneof-u-repeated	corpus	encode-core-hot	drop	E2	17	106.49	187982	0
U-oneof-u-repeated	corpus	encode-core-hot	drop	E	17	108.44	187575	0
U-oneof-u-repeated	corpus	encode-core-hot	drop	E2	18	110.89	187982	0
U-oneof-u-repeated	corpus	encode-core-hot	drop	E	18	107.51	187575	0
U-oneof-u-repeated	corpus	encode-core-hot	drop	R	18	107.99	183985	0
U-oneof-u-repeated	corpus	encode-core-hot	drop	E	19	108.90	187575	0
U-oneof-u-repeated	corpus	encode-core-hot	drop	R	19	108.53	183985	0
U-oneof-u-repeated	corpus	encode-core-hot	drop	E2	19	109.74	187982	0
U-oneof-u-repeated	corpus	encode-core-hot	drop	R	20	108.51	183985	0
U-oneof-u-repeated	corpus	encode-core-hot	drop	E2	20	107.39	187982	0
U-oneof-u-repeated	corpus	encode-core-hot	drop	E	20	108.56	187575	0
U-oneof-u-repeated	corpus	encode-core-hot	drop	E2	21	109.57	187982	0
U-oneof-u-repeated	corpus	encode-core-hot	drop	E	21	109.57	187575	0
U-oneof-u-repeated	corpus	encode-core-hot	drop	R	21	108.07	183985	0
U-oneof-u-repeated	corpus	encode-core-hot	retain	E	1	128.82	88876	0
U-oneof-u-repeated	corpus	encode-core-hot	retain	R	1	124.65	102536	0
U-oneof-u-repeated	corpus	encode-core-hot	retain	E2	1	130.62	144141	0
U-oneof-u-repeated	corpus	encode-core-hot	retain	R	2	125.37	102536	0
U-oneof-u-repeated	corpus	encode-core-hot	retain	E2	2	130.13	144141	0
U-oneof-u-repeated	corpus	encode-core-hot	retain	E	2	124.67	88876	0
U-oneof-u-repeated	corpus	encode-core-hot	retain	E2	3	123.76	144141	0
U-oneof-u-repeated	corpus	encode-core-hot	retain	E	3	121.41	88876	0
U-oneof-u-repeated	corpus	encode-core-hot	retain	R	3	124.69	102536	0
U-oneof-u-repeated	corpus	encode-core-hot	retain	E	4	124.88	88876	0
U-oneof-u-repeated	corpus	encode-core-hot	retain	R	4	125.35	102536	0
U-oneof-u-repeated	corpus	encode-core-hot	retain	E2	4	120.84	144141	0
U-oneof-u-repeated	corpus	encode-core-hot	retain	R	5	124.83	102536	0
U-oneof-u-repeated	corpus	encode-core-hot	retain	E2	5	121.58	144141	0
U-oneof-u-repeated	corpus	encode-core-hot	retain	E	5	121.44	88876	0
U-oneof-u-repeated	corpus	encode-core-hot	retain	E2	6	120.34	144141	0
U-oneof-u-repeated	corpus	encode-core-hot	retain	E	6	120.34	88876	0
U-oneof-u-repeated	corpus	encode-core-hot	retain	R	6	126.06	102536	0
U-oneof-u-repeated	corpus	encode-core-hot	retain	E	7	123.93	88876	0
U-oneof-u-repeated	corpus	encode-core-hot	retain	R	7	125.52	102536	0
U-oneof-u-repeated	corpus	encode-core-hot	retain	E2	7	128.79	144141	0
U-oneof-u-repeated	corpus	encode-core-hot	retain	R	8	126.31	102536	0
U-oneof-u-repeated	corpus	encode-core-hot	retain	E2	8	125.84	144141	0
U-oneof-u-repeated	corpus	encode-core-hot	retain	E	8	126.22	88876	0
U-oneof-u-repeated	corpus	encode-core-hot	retain	E2	9	121.33	144141	0
U-oneof-u-repeated	corpus	encode-core-hot	retain	E	9	122.49	88876	0
U-oneof-u-repeated	corpus	encode-core-hot	retain	R	9	127.65	102536	0
U-oneof-u-repeated	corpus	encode-core-hot	retain	E	10	124.36	88876	0
U-oneof-u-repeated	corpus	encode-core-hot	retain	R	10	129.85	102536	0
U-oneof-u-repeated	corpus	encode-core-hot	retain	E2	10	121.05	144141	0
U-oneof-u-repeated	corpus	encode-core-hot	retain	R	11	123.79	102536	0
U-oneof-u-repeated	corpus	encode-core-hot	retain	E2	11	124.93	144141	0
U-oneof-u-repeated	corpus	encode-core-hot	retain	E	11	122.54	88876	0
U-oneof-u-repeated	corpus	encode-core-hot	retain	E2	12	119.45	144141	0
U-oneof-u-repeated	corpus	encode-core-hot	retain	E	12	121.24	88876	0
U-oneof-u-repeated	corpus	encode-core-hot	retain	R	12	125.50	102536	0
U-oneof-u-repeated	corpus	encode-core-hot	retain	E	13	119.49	88876	0
U-oneof-u-repeated	corpus	encode-core-hot	retain	R	13	125.21	102536	0
U-oneof-u-repeated	corpus	encode-core-hot	retain	E2	13	121.20	144141	0
U-oneof-u-repeated	corpus	encode-core-hot	retain	R	14	123.59	102536	0
U-oneof-u-repeated	corpus	encode-core-hot	retain	E2	14	121.22	144141	0
U-oneof-u-repeated	corpus	encode-core-hot	retain	E	14	121.25	88876	0
U-oneof-u-repeated	corpus	encode-core-hot	retain	E2	15	121.49	144141	0
U-oneof-u-repeated	corpus	encode-core-hot	retain	E	15	120.77	88876	0
U-oneof-u-repeated	corpus	encode-core-hot	retain	R	15	122.92	102536	0
U-oneof-u-repeated	corpus	encode-core-hot	retain	E	16	121.40	88876	0
U-oneof-u-repeated	corpus	encode-core-hot	retain	R	16	122.69	102536	0
U-oneof-u-repeated	corpus	encode-core-hot	retain	E2	16	121.52	144141	0
U-oneof-u-repeated	corpus	encode-core-hot	retain	R	17	123.15	102536	0
U-oneof-u-repeated	corpus	encode-core-hot	retain	E2	17	120.77	144141	0
U-oneof-u-repeated	corpus	encode-core-hot	retain	E	17	120.43	88876	0
U-oneof-u-repeated	corpus	encode-core-hot	retain	E2	18	120.59	144141	0
U-oneof-u-repeated	corpus	encode-core-hot	retain	E	18	120.14	88876	0
U-oneof-u-repeated	corpus	encode-core-hot	retain	R	18	122.69	102536	0
U-oneof-u-repeated	corpus	encode-core-hot	retain	E	19	121.01	88876	0
U-oneof-u-repeated	corpus	encode-core-hot	retain	R	19	122.90	102536	0
U-oneof-u-repeated	corpus	encode-core-hot	retain	E2	19	120.81	144141	0
U-oneof-u-repeated	corpus	encode-core-hot	retain	R	20	123.19	102536	0
U-oneof-u-repeated	corpus	encode-core-hot	retain	E2	20	123.79	144141	0
U-oneof-u-repeated	corpus	encode-core-hot	retain	E	20	121.03	88876	0
U-oneof-u-repeated	corpus	encode-core-hot	retain	E2	21	122.14	144141	0
U-oneof-u-repeated	corpus	encode-core-hot	retain	E	21	119.85	88876	0
U-oneof-u-repeated	corpus	encode-core-hot	retain	R	21	123.56	102536	0
U-wire-ListTaskSummaryResponse-tasks-as-wt5	corpus	decode-read	drop	E	1	2476.60	7186	1
U-wire-ListTaskSummaryResponse-tasks-as-wt5	corpus	decode-read	drop	R	1	2422.18	8191	0
U-wire-ListTaskSummaryResponse-tasks-as-wt5	corpus	decode-read	drop	E2	1	2448.18	8103	1
U-wire-ListTaskSummaryResponse-tasks-as-wt5	corpus	decode-read	drop	R	2	2430.02	8191	0
U-wire-ListTaskSummaryResponse-tasks-as-wt5	corpus	decode-read	drop	E2	2	2475.82	8103	1
U-wire-ListTaskSummaryResponse-tasks-as-wt5	corpus	decode-read	drop	E	2	2568.16	7186	1
U-wire-ListTaskSummaryResponse-tasks-as-wt5	corpus	decode-read	drop	E2	3	2555.39	8103	1
U-wire-ListTaskSummaryResponse-tasks-as-wt5	corpus	decode-read	drop	E	3	2606.66	7186	1
U-wire-ListTaskSummaryResponse-tasks-as-wt5	corpus	decode-read	drop	R	3	2571.52	8191	0
U-wire-ListTaskSummaryResponse-tasks-as-wt5	corpus	decode-read	drop	E	4	2459.23	7186	1
U-wire-ListTaskSummaryResponse-tasks-as-wt5	corpus	decode-read	drop	R	4	2858.00	8191	0
U-wire-ListTaskSummaryResponse-tasks-as-wt5	corpus	decode-read	drop	E2	4	2570.79	8103	1
U-wire-ListTaskSummaryResponse-tasks-as-wt5	corpus	decode-read	drop	R	5	2471.19	8191	0
U-wire-ListTaskSummaryResponse-tasks-as-wt5	corpus	decode-read	drop	E2	5	2525.55	8103	1
U-wire-ListTaskSummaryResponse-tasks-as-wt5	corpus	decode-read	drop	E	5	2545.02	7186	1
U-wire-ListTaskSummaryResponse-tasks-as-wt5	corpus	decode-read	drop	E2	6	2489.18	8103	1
U-wire-ListTaskSummaryResponse-tasks-as-wt5	corpus	decode-read	drop	E	6	2493.35	7186	1
U-wire-ListTaskSummaryResponse-tasks-as-wt5	corpus	decode-read	drop	R	6	2449.80	8191	0
U-wire-ListTaskSummaryResponse-tasks-as-wt5	corpus	decode-read	drop	E	7	2502.30	7186	1
U-wire-ListTaskSummaryResponse-tasks-as-wt5	corpus	decode-read	drop	R	7	2424.69	8191	0
U-wire-ListTaskSummaryResponse-tasks-as-wt5	corpus	decode-read	drop	E2	7	2470.22	8103	1
U-wire-ListTaskSummaryResponse-tasks-as-wt5	corpus	decode-read	drop	R	8	2644.72	8191	0
U-wire-ListTaskSummaryResponse-tasks-as-wt5	corpus	decode-read	drop	E2	8	2517.20	8103	1
U-wire-ListTaskSummaryResponse-tasks-as-wt5	corpus	decode-read	drop	E	8	2520.70	7186	1
U-wire-ListTaskSummaryResponse-tasks-as-wt5	corpus	decode-read	drop	E2	9	2505.29	8103	1
U-wire-ListTaskSummaryResponse-tasks-as-wt5	corpus	decode-read	drop	E	9	2459.72	7186	1
U-wire-ListTaskSummaryResponse-tasks-as-wt5	corpus	decode-read	drop	R	9	2484.13	8191	0
U-wire-ListTaskSummaryResponse-tasks-as-wt5	corpus	decode-read	drop	E	10	2471.84	7186	1
U-wire-ListTaskSummaryResponse-tasks-as-wt5	corpus	decode-read	drop	R	10	2468.76	8191	0
U-wire-ListTaskSummaryResponse-tasks-as-wt5	corpus	decode-read	drop	E2	10	2510.70	8103	1
U-wire-ListTaskSummaryResponse-tasks-as-wt5	corpus	decode-read	drop	R	11	2446.25	8191	0
U-wire-ListTaskSummaryResponse-tasks-as-wt5	corpus	decode-read	drop	E2	11	2490.68	8103	1
U-wire-ListTaskSummaryResponse-tasks-as-wt5	corpus	decode-read	drop	E	11	2453.41	7186	1
U-wire-ListTaskSummaryResponse-tasks-as-wt5	corpus	decode-read	drop	E2	12	2455.46	8103	1
U-wire-ListTaskSummaryResponse-tasks-as-wt5	corpus	decode-read	drop	E	12	2455.82	7186	1
U-wire-ListTaskSummaryResponse-tasks-as-wt5	corpus	decode-read	drop	R	12	2426.13	8191	0
U-wire-ListTaskSummaryResponse-tasks-as-wt5	corpus	decode-read	drop	E	13	2469.56	7186	1
U-wire-ListTaskSummaryResponse-tasks-as-wt5	corpus	decode-read	drop	R	13	2453.87	8191	0
U-wire-ListTaskSummaryResponse-tasks-as-wt5	corpus	decode-read	drop	E2	13	2474.44	8103	1
U-wire-ListTaskSummaryResponse-tasks-as-wt5	corpus	decode-read	drop	R	14	2454.25	8191	0
U-wire-ListTaskSummaryResponse-tasks-as-wt5	corpus	decode-read	drop	E2	14	2485.41	8103	1
U-wire-ListTaskSummaryResponse-tasks-as-wt5	corpus	decode-read	drop	E	14	2491.83	7186	1
U-wire-ListTaskSummaryResponse-tasks-as-wt5	corpus	decode-read	drop	E2	15	2465.96	8103	1
U-wire-ListTaskSummaryResponse-tasks-as-wt5	corpus	decode-read	drop	E	15	2484.38	7186	1
U-wire-ListTaskSummaryResponse-tasks-as-wt5	corpus	decode-read	drop	R	15	2648.30	8191	0
U-wire-ListTaskSummaryResponse-tasks-as-wt5	corpus	decode-read	drop	E	16	2499.79	7186	1
U-wire-ListTaskSummaryResponse-tasks-as-wt5	corpus	decode-read	drop	R	16	2500.47	8191	0
U-wire-ListTaskSummaryResponse-tasks-as-wt5	corpus	decode-read	drop	E2	16	2530.50	8103	1
U-wire-ListTaskSummaryResponse-tasks-as-wt5	corpus	decode-read	drop	R	17	2580.72	8191	0
U-wire-ListTaskSummaryResponse-tasks-as-wt5	corpus	decode-read	drop	E2	17	2644.51	8103	1
U-wire-ListTaskSummaryResponse-tasks-as-wt5	corpus	decode-read	drop	E	17	2620.79	7186	1
U-wire-ListTaskSummaryResponse-tasks-as-wt5	corpus	decode-read	drop	E2	18	2638.50	8103	1
U-wire-ListTaskSummaryResponse-tasks-as-wt5	corpus	decode-read	drop	E	18	2997.23	7186	1
U-wire-ListTaskSummaryResponse-tasks-as-wt5	corpus	decode-read	drop	R	18	2510.94	8191	0
U-wire-ListTaskSummaryResponse-tasks-as-wt5	corpus	decode-read	drop	E	19	2559.15	7186	1
U-wire-ListTaskSummaryResponse-tasks-as-wt5	corpus	decode-read	drop	R	19	2588.93	8191	0
U-wire-ListTaskSummaryResponse-tasks-as-wt5	corpus	decode-read	drop	E2	19	2706.39	8103	1
U-wire-ListTaskSummaryResponse-tasks-as-wt5	corpus	decode-read	drop	R	20	2834.16	8191	0
U-wire-ListTaskSummaryResponse-tasks-as-wt5	corpus	decode-read	drop	E2	20	2487.42	8103	1
U-wire-ListTaskSummaryResponse-tasks-as-wt5	corpus	decode-read	drop	E	20	2503.92	7186	1
U-wire-ListTaskSummaryResponse-tasks-as-wt5	corpus	decode-read	drop	E2	21	2510.64	8103	1
U-wire-ListTaskSummaryResponse-tasks-as-wt5	corpus	decode-read	drop	E	21	2525.20	7186	1
U-wire-ListTaskSummaryResponse-tasks-as-wt5	corpus	decode-read	drop	R	21	2522.35	8191	0
U-wire-ListTaskSummaryResponse-tasks-as-wt5	corpus	decode-read	retain	E	1	2613.97	6291	1
U-wire-ListTaskSummaryResponse-tasks-as-wt5	corpus	decode-read	retain	R	1	2686.85	7146	0
U-wire-ListTaskSummaryResponse-tasks-as-wt5	corpus	decode-read	retain	E2	1	2614.78	6456	1
U-wire-ListTaskSummaryResponse-tasks-as-wt5	corpus	decode-read	retain	R	2	2597.51	7146	0
U-wire-ListTaskSummaryResponse-tasks-as-wt5	corpus	decode-read	retain	E2	2	2680.20	6456	1
U-wire-ListTaskSummaryResponse-tasks-as-wt5	corpus	decode-read	retain	E	2	2650.34	6291	1
U-wire-ListTaskSummaryResponse-tasks-as-wt5	corpus	decode-read	retain	E2	3	2648.04	6456	1
U-wire-ListTaskSummaryResponse-tasks-as-wt5	corpus	decode-read	retain	E	3	2820.17	6291	1
U-wire-ListTaskSummaryResponse-tasks-as-wt5	corpus	decode-read	retain	R	3	2635.22	7146	0
U-wire-ListTaskSummaryResponse-tasks-as-wt5	corpus	decode-read	retain	E	4	2642.35	6291	1
U-wire-ListTaskSummaryResponse-tasks-as-wt5	corpus	decode-read	retain	R	4	2566.66	7146	0
U-wire-ListTaskSummaryResponse-tasks-as-wt5	corpus	decode-read	retain	E2	4	2549.16	6456	1
U-wire-ListTaskSummaryResponse-tasks-as-wt5	corpus	decode-read	retain	R	5	2551.64	7146	0
U-wire-ListTaskSummaryResponse-tasks-as-wt5	corpus	decode-read	retain	E2	5	2674.76	6456	1
U-wire-ListTaskSummaryResponse-tasks-as-wt5	corpus	decode-read	retain	E	5	2652.30	6291	1
U-wire-ListTaskSummaryResponse-tasks-as-wt5	corpus	decode-read	retain	E2	6	2617.34	6456	1
U-wire-ListTaskSummaryResponse-tasks-as-wt5	corpus	decode-read	retain	E	6	2525.78	6291	1
U-wire-ListTaskSummaryResponse-tasks-as-wt5	corpus	decode-read	retain	R	6	2511.88	7146	0
U-wire-ListTaskSummaryResponse-tasks-as-wt5	corpus	decode-read	retain	E	7	2557.72	6291	1
U-wire-ListTaskSummaryResponse-tasks-as-wt5	corpus	decode-read	retain	R	7	2576.93	7146	0
U-wire-ListTaskSummaryResponse-tasks-as-wt5	corpus	decode-read	retain	E2	7	3156.13	6456	1
U-wire-ListTaskSummaryResponse-tasks-as-wt5	corpus	decode-read	retain	R	8	3345.41	7146	0
U-wire-ListTaskSummaryResponse-tasks-as-wt5	corpus	decode-read	retain	E2	8	3064.13	6456	1
U-wire-ListTaskSummaryResponse-tasks-as-wt5	corpus	decode-read	retain	E	8	2643.21	6291	1
U-wire-ListTaskSummaryResponse-tasks-as-wt5	corpus	decode-read	retain	E2	9	2546.44	6456	1
U-wire-ListTaskSummaryResponse-tasks-as-wt5	corpus	decode-read	retain	E	9	2636.96	6291	1
U-wire-ListTaskSummaryResponse-tasks-as-wt5	corpus	decode-read	retain	R	9	2518.74	7146	0
U-wire-ListTaskSummaryResponse-tasks-as-wt5	corpus	decode-read	retain	E	10	2558.74	6291	1
U-wire-ListTaskSummaryResponse-tasks-as-wt5	corpus	decode-read	retain	R	10	2586.49	7146	0
U-wire-ListTaskSummaryResponse-tasks-as-wt5	corpus	decode-read	retain	E2	10	2540.06	6456	1
U-wire-ListTaskSummaryResponse-tasks-as-wt5	corpus	decode-read	retain	R	11	2814.34	7146	0
U-wire-ListTaskSummaryResponse-tasks-as-wt5	corpus	decode-read	retain	E2	11	2942.20	6456	1
U-wire-ListTaskSummaryResponse-tasks-as-wt5	corpus	decode-read	retain	E	11	2559.31	6291	1
U-wire-ListTaskSummaryResponse-tasks-as-wt5	corpus	decode-read	retain	E2	12	2921.68	6456	1
U-wire-ListTaskSummaryResponse-tasks-as-wt5	corpus	decode-read	retain	E	12	2960.85	6291	1
U-wire-ListTaskSummaryResponse-tasks-as-wt5	corpus	decode-read	retain	R	12	2566.01	7146	0
U-wire-ListTaskSummaryResponse-tasks-as-wt5	corpus	decode-read	retain	E	13	2589.77	6291	1
U-wire-ListTaskSummaryResponse-tasks-as-wt5	corpus	decode-read	retain	R	13	2628.35	7146	0
U-wire-ListTaskSummaryResponse-tasks-as-wt5	corpus	decode-read	retain	E2	13	2566.55	6456	1
U-wire-ListTaskSummaryResponse-tasks-as-wt5	corpus	decode-read	retain	R	14	2607.17	7146	0
U-wire-ListTaskSummaryResponse-tasks-as-wt5	corpus	decode-read	retain	E2	14	2552.42	6456	1
U-wire-ListTaskSummaryResponse-tasks-as-wt5	corpus	decode-read	retain	E	14	2543.76	6291	1
U-wire-ListTaskSummaryResponse-tasks-as-wt5	corpus	decode-read	retain	E2	15	2679.37	6456	1
U-wire-ListTaskSummaryResponse-tasks-as-wt5	corpus	decode-read	retain	E	15	2557.47	6291	1
U-wire-ListTaskSummaryResponse-tasks-as-wt5	corpus	decode-read	retain	R	15	2561.68	7146	0
U-wire-ListTaskSummaryResponse-tasks-as-wt5	corpus	decode-read	retain	E	16	2611.26	6291	1
U-wire-ListTaskSummaryResponse-tasks-as-wt5	corpus	decode-read	retain	R	16	2597.01	7146	0
U-wire-ListTaskSummaryResponse-tasks-as-wt5	corpus	decode-read	retain	E2	16	2618.82	6456	1
U-wire-ListTaskSummaryResponse-tasks-as-wt5	corpus	decode-read	retain	R	17	2599.09	7146	0
U-wire-ListTaskSummaryResponse-tasks-as-wt5	corpus	decode-read	retain	E2	17	2532.69	6456	1
U-wire-ListTaskSummaryResponse-tasks-as-wt5	corpus	decode-read	retain	E	17	2629.36	6291	1
U-wire-ListTaskSummaryResponse-tasks-as-wt5	corpus	decode-read	retain	E2	18	2660.58	6456	1
U-wire-ListTaskSummaryResponse-tasks-as-wt5	corpus	decode-read	retain	E	18	2604.84	6291	1
U-wire-ListTaskSummaryResponse-tasks-as-wt5	corpus	decode-read	retain	R	18	2597.04	7146	0
U-wire-ListTaskSummaryResponse-tasks-as-wt5	corpus	decode-read	retain	E	19	3216.21	6291	1
U-wire-ListTaskSummaryResponse-tasks-as-wt5	corpus	decode-read	retain	R	19	2759.45	7146	0
U-wire-ListTaskSummaryResponse-tasks-as-wt5	corpus	decode-read	retain	E2	19	2806.70	6456	1
U-wire-ListTaskSummaryResponse-tasks-as-wt5	corpus	decode-read	retain	R	20	2632.63	7146	0
U-wire-ListTaskSummaryResponse-tasks-as-wt5	corpus	decode-read	retain	E2	20	2655.96	6456	1
U-wire-ListTaskSummaryResponse-tasks-as-wt5	corpus	decode-read	retain	E	20	2714.59	6291	1
U-wire-ListTaskSummaryResponse-tasks-as-wt5	corpus	decode-read	retain	E2	21	2763.08	6456	1
U-wire-ListTaskSummaryResponse-tasks-as-wt5	corpus	decode-read	retain	E	21	2808.13	6291	1
U-wire-ListTaskSummaryResponse-tasks-as-wt5	corpus	decode-read	retain	R	21	2664.94	7146	0
U-wire-ListTaskSummaryResponse-tasks-as-wt5	corpus	encode-core-hot	drop	E	1	1111.03	18304	0
U-wire-ListTaskSummaryResponse-tasks-as-wt5	corpus	encode-core-hot	drop	R	1	1101.23	13933	0
U-wire-ListTaskSummaryResponse-tasks-as-wt5	corpus	encode-core-hot	drop	E2	1	1120.21	17951	0
U-wire-ListTaskSummaryResponse-tasks-as-wt5	corpus	encode-core-hot	drop	R	2	1101.72	13933	0
U-wire-ListTaskSummaryResponse-tasks-as-wt5	corpus	encode-core-hot	drop	E2	2	1114.70	17951	0
U-wire-ListTaskSummaryResponse-tasks-as-wt5	corpus	encode-core-hot	drop	E	2	1172.31	18304	0
U-wire-ListTaskSummaryResponse-tasks-as-wt5	corpus	encode-core-hot	drop	E2	3	1147.39	17951	0
U-wire-ListTaskSummaryResponse-tasks-as-wt5	corpus	encode-core-hot	drop	E	3	1183.65	18304	0
U-wire-ListTaskSummaryResponse-tasks-as-wt5	corpus	encode-core-hot	drop	R	3	1263.39	13933	0
U-wire-ListTaskSummaryResponse-tasks-as-wt5	corpus	encode-core-hot	drop	E	4	1153.42	18304	0
U-wire-ListTaskSummaryResponse-tasks-as-wt5	corpus	encode-core-hot	drop	R	4	1159.63	13933	0
U-wire-ListTaskSummaryResponse-tasks-as-wt5	corpus	encode-core-hot	drop	E2	4	1177.95	17951	0
U-wire-ListTaskSummaryResponse-tasks-as-wt5	corpus	encode-core-hot	drop	R	5	1155.84	13933	0
U-wire-ListTaskSummaryResponse-tasks-as-wt5	corpus	encode-core-hot	drop	E2	5	1200.69	17951	0
U-wire-ListTaskSummaryResponse-tasks-as-wt5	corpus	encode-core-hot	drop	E	5	1166.71	18304	0
U-wire-ListTaskSummaryResponse-tasks-as-wt5	corpus	encode-core-hot	drop	E2	6	1165.85	17951	0
U-wire-ListTaskSummaryResponse-tasks-as-wt5	corpus	encode-core-hot	drop	E	6	1169.30	18304	0
U-wire-ListTaskSummaryResponse-tasks-as-wt5	corpus	encode-core-hot	drop	R	6	1152.65	13933	0
U-wire-ListTaskSummaryResponse-tasks-as-wt5	corpus	encode-core-hot	drop	E	7	1196.30	18304	0
U-wire-ListTaskSummaryResponse-tasks-as-wt5	corpus	encode-core-hot	drop	R	7	1217.58	13933	0
U-wire-ListTaskSummaryResponse-tasks-as-wt5	corpus	encode-core-hot	drop	E2	7	1207.14	17951	0
U-wire-ListTaskSummaryResponse-tasks-as-wt5	corpus	encode-core-hot	drop	R	8	1138.63	13933	0
U-wire-ListTaskSummaryResponse-tasks-as-wt5	corpus	encode-core-hot	drop	E2	8	1156.69	17951	0
U-wire-ListTaskSummaryResponse-tasks-as-wt5	corpus	encode-core-hot	drop	E	8	1179.35	18304	0
U-wire-ListTaskSummaryResponse-tasks-as-wt5	corpus	encode-core-hot	drop	E2	9	1177.04	17951	0
U-wire-ListTaskSummaryResponse-tasks-as-wt5	corpus	encode-core-hot	drop	E	9	1191.14	18304	0
U-wire-ListTaskSummaryResponse-tasks-as-wt5	corpus	encode-core-hot	drop	R	9	1198.44	13933	0
U-wire-ListTaskSummaryResponse-tasks-as-wt5	corpus	encode-core-hot	drop	E	10	1150.75	18304	0
U-wire-ListTaskSummaryResponse-tasks-as-wt5	corpus	encode-core-hot	drop	R	10	1140.23	13933	0
U-wire-ListTaskSummaryResponse-tasks-as-wt5	corpus	encode-core-hot	drop	E2	10	1120.62	17951	0
U-wire-ListTaskSummaryResponse-tasks-as-wt5	corpus	encode-core-hot	drop	R	11	1145.23	13933	0
U-wire-ListTaskSummaryResponse-tasks-as-wt5	corpus	encode-core-hot	drop	E2	11	1167.99	17951	0
U-wire-ListTaskSummaryResponse-tasks-as-wt5	corpus	encode-core-hot	drop	E	11	1115.23	18304	0
U-wire-ListTaskSummaryResponse-tasks-as-wt5	corpus	encode-core-hot	drop	E2	12	1123.04	17951	0
U-wire-ListTaskSummaryResponse-tasks-as-wt5	corpus	encode-core-hot	drop	E	12	1147.20	18304	0
U-wire-ListTaskSummaryResponse-tasks-as-wt5	corpus	encode-core-hot	drop	R	12	1156.17	13933	0
U-wire-ListTaskSummaryResponse-tasks-as-wt5	corpus	encode-core-hot	drop	E	13	1170.83	18304	0
U-wire-ListTaskSummaryResponse-tasks-as-wt5	corpus	encode-core-hot	drop	R	13	1111.84	13933	0
U-wire-ListTaskSummaryResponse-tasks-as-wt5	corpus	encode-core-hot	drop	E2	13	1171.92	17951	0
U-wire-ListTaskSummaryResponse-tasks-as-wt5	corpus	encode-core-hot	drop	R	14	1154.80	13933	0
U-wire-ListTaskSummaryResponse-tasks-as-wt5	corpus	encode-core-hot	drop	E2	14	1119.63	17951	0
U-wire-ListTaskSummaryResponse-tasks-as-wt5	corpus	encode-core-hot	drop	E	14	1239.02	18304	0
U-wire-ListTaskSummaryResponse-tasks-as-wt5	corpus	encode-core-hot	drop	E2	15	1214.29	17951	0
U-wire-ListTaskSummaryResponse-tasks-as-wt5	corpus	encode-core-hot	drop	E	15	1131.06	18304	0
U-wire-ListTaskSummaryResponse-tasks-as-wt5	corpus	encode-core-hot	drop	R	15	1134.62	13933	0
U-wire-ListTaskSummaryResponse-tasks-as-wt5	corpus	encode-core-hot	drop	E	16	1138.89	18304	0
U-wire-ListTaskSummaryResponse-tasks-as-wt5	corpus	encode-core-hot	drop	R	16	1152.27	13933	0
U-wire-ListTaskSummaryResponse-tasks-as-wt5	corpus	encode-core-hot	drop	E2	16	1140.60	17951	0
U-wire-ListTaskSummaryResponse-tasks-as-wt5	corpus	encode-core-hot	drop	R	17	1127.94	13933	0
U-wire-ListTaskSummaryResponse-tasks-as-wt5	corpus	encode-core-hot	drop	E2	17	1142.41	17951	0
U-wire-ListTaskSummaryResponse-tasks-as-wt5	corpus	encode-core-hot	drop	E	17	1145.60	18304	0
U-wire-ListTaskSummaryResponse-tasks-as-wt5	corpus	encode-core-hot	drop	E2	18	1150.53	17951	0
U-wire-ListTaskSummaryResponse-tasks-as-wt5	corpus	encode-core-hot	drop	E	18	1208.16	18304	0
U-wire-ListTaskSummaryResponse-tasks-as-wt5	corpus	encode-core-hot	drop	R	18	1142.25	13933	0
U-wire-ListTaskSummaryResponse-tasks-as-wt5	corpus	encode-core-hot	drop	E	19	1137.87	18304	0
U-wire-ListTaskSummaryResponse-tasks-as-wt5	corpus	encode-core-hot	drop	R	19	1108.55	13933	0
U-wire-ListTaskSummaryResponse-tasks-as-wt5	corpus	encode-core-hot	drop	E2	19	1128.33	17951	0
U-wire-ListTaskSummaryResponse-tasks-as-wt5	corpus	encode-core-hot	drop	R	20	1129.77	13933	0
U-wire-ListTaskSummaryResponse-tasks-as-wt5	corpus	encode-core-hot	drop	E2	20	1122.18	17951	0
U-wire-ListTaskSummaryResponse-tasks-as-wt5	corpus	encode-core-hot	drop	E	20	1150.92	18304	0
U-wire-ListTaskSummaryResponse-tasks-as-wt5	corpus	encode-core-hot	drop	E2	21	1141.14	17951	0
U-wire-ListTaskSummaryResponse-tasks-as-wt5	corpus	encode-core-hot	drop	E	21	1156.51	18304	0
U-wire-ListTaskSummaryResponse-tasks-as-wt5	corpus	encode-core-hot	drop	R	21	1126.15	13933	0
U-wire-ListTaskSummaryResponse-tasks-as-wt5	corpus	encode-core-hot	retain	E	1	1135.76	12617	0
U-wire-ListTaskSummaryResponse-tasks-as-wt5	corpus	encode-core-hot	retain	R	1	1146.50	15923	0
U-wire-ListTaskSummaryResponse-tasks-as-wt5	corpus	encode-core-hot	retain	E2	1	1145.16	16815	0
U-wire-ListTaskSummaryResponse-tasks-as-wt5	corpus	encode-core-hot	retain	R	2	1203.40	15923	0
U-wire-ListTaskSummaryResponse-tasks-as-wt5	corpus	encode-core-hot	retain	E2	2	1141.67	16815	0
U-wire-ListTaskSummaryResponse-tasks-as-wt5	corpus	encode-core-hot	retain	E	2	1131.45	12617	0
U-wire-ListTaskSummaryResponse-tasks-as-wt5	corpus	encode-core-hot	retain	E2	3	1136.17	16815	0
U-wire-ListTaskSummaryResponse-tasks-as-wt5	corpus	encode-core-hot	retain	E	3	1163.48	12617	0
U-wire-ListTaskSummaryResponse-tasks-as-wt5	corpus	encode-core-hot	retain	R	3	1149.81	15923	0
U-wire-ListTaskSummaryResponse-tasks-as-wt5	corpus	encode-core-hot	retain	E	4	1121.54	12617	0
U-wire-ListTaskSummaryResponse-tasks-as-wt5	corpus	encode-core-hot	retain	R	4	1151.32	15923	0
U-wire-ListTaskSummaryResponse-tasks-as-wt5	corpus	encode-core-hot	retain	E2	4	1141.06	16815	0
U-wire-ListTaskSummaryResponse-tasks-as-wt5	corpus	encode-core-hot	retain	R	5	1137.05	15923	0
U-wire-ListTaskSummaryResponse-tasks-as-wt5	corpus	encode-core-hot	retain	E2	5	1133.40	16815	0
U-wire-ListTaskSummaryResponse-tasks-as-wt5	corpus	encode-core-hot	retain	E	5	1213.34	12617	0
U-wire-ListTaskSummaryResponse-tasks-as-wt5	corpus	encode-core-hot	retain	E2	6	1158.48	16815	0
U-wire-ListTaskSummaryResponse-tasks-as-wt5	corpus	encode-core-hot	retain	E	6	1148.06	12617	0
U-wire-ListTaskSummaryResponse-tasks-as-wt5	corpus	encode-core-hot	retain	R	6	1162.83	15923	0
U-wire-ListTaskSummaryResponse-tasks-as-wt5	corpus	encode-core-hot	retain	E	7	1175.67	12617	0
U-wire-ListTaskSummaryResponse-tasks-as-wt5	corpus	encode-core-hot	retain	R	7	1190.81	15923	0
U-wire-ListTaskSummaryResponse-tasks-as-wt5	corpus	encode-core-hot	retain	E2	7	1155.33	16815	0
U-wire-ListTaskSummaryResponse-tasks-as-wt5	corpus	encode-core-hot	retain	R	8	1177.17	15923	0
U-wire-ListTaskSummaryResponse-tasks-as-wt5	corpus	encode-core-hot	retain	E2	8	1248.45	16815	0
U-wire-ListTaskSummaryResponse-tasks-as-wt5	corpus	encode-core-hot	retain	E	8	1165.24	12617	0
U-wire-ListTaskSummaryResponse-tasks-as-wt5	corpus	encode-core-hot	retain	E2	9	1153.47	16815	0
U-wire-ListTaskSummaryResponse-tasks-as-wt5	corpus	encode-core-hot	retain	E	9	1163.96	12617	0
U-wire-ListTaskSummaryResponse-tasks-as-wt5	corpus	encode-core-hot	retain	R	9	1176.15	15923	0
U-wire-ListTaskSummaryResponse-tasks-as-wt5	corpus	encode-core-hot	retain	E	10	1139.16	12617	0
U-wire-ListTaskSummaryResponse-tasks-as-wt5	corpus	encode-core-hot	retain	R	10	1159.94	15923	0
U-wire-ListTaskSummaryResponse-tasks-as-wt5	corpus	encode-core-hot	retain	E2	10	1184.48	16815	0
U-wire-ListTaskSummaryResponse-tasks-as-wt5	corpus	encode-core-hot	retain	R	11	1183.05	15923	0
U-wire-ListTaskSummaryResponse-tasks-as-wt5	corpus	encode-core-hot	retain	E2	11	1166.36	16815	0
U-wire-ListTaskSummaryResponse-tasks-as-wt5	corpus	encode-core-hot	retain	E	11	1146.38	12617	0
U-wire-ListTaskSummaryResponse-tasks-as-wt5	corpus	encode-core-hot	retain	E2	12	1154.58	16815	0
U-wire-ListTaskSummaryResponse-tasks-as-wt5	corpus	encode-core-hot	retain	E	12	1150.91	12617	0
U-wire-ListTaskSummaryResponse-tasks-as-wt5	corpus	encode-core-hot	retain	R	12	1155.72	15923	0
U-wire-ListTaskSummaryResponse-tasks-as-wt5	corpus	encode-core-hot	retain	E	13	1144.59	12617	0
U-wire-ListTaskSummaryResponse-tasks-as-wt5	corpus	encode-core-hot	retain	R	13	1154.74	15923	0
U-wire-ListTaskSummaryResponse-tasks-as-wt5	corpus	encode-core-hot	retain	E2	13	1168.75	16815	0
U-wire-ListTaskSummaryResponse-tasks-as-wt5	corpus	encode-core-hot	retain	R	14	1154.26	15923	0
U-wire-ListTaskSummaryResponse-tasks-as-wt5	corpus	encode-core-hot	retain	E2	14	1143.00	16815	0
U-wire-ListTaskSummaryResponse-tasks-as-wt5	corpus	encode-core-hot	retain	E	14	1139.75	12617	0
U-wire-ListTaskSummaryResponse-tasks-as-wt5	corpus	encode-core-hot	retain	E2	15	1143.78	16815	0
U-wire-ListTaskSummaryResponse-tasks-as-wt5	corpus	encode-core-hot	retain	E	15	1158.14	12617	0
U-wire-ListTaskSummaryResponse-tasks-as-wt5	corpus	encode-core-hot	retain	R	15	1175.97	15923	0
U-wire-ListTaskSummaryResponse-tasks-as-wt5	corpus	encode-core-hot	retain	E	16	1232.38	12617	0
U-wire-ListTaskSummaryResponse-tasks-as-wt5	corpus	encode-core-hot	retain	R	16	1201.09	15923	0
U-wire-ListTaskSummaryResponse-tasks-as-wt5	corpus	encode-core-hot	retain	E2	16	1169.82	16815	0
U-wire-ListTaskSummaryResponse-tasks-as-wt5	corpus	encode-core-hot	retain	R	17	1147.99	15923	0
U-wire-ListTaskSummaryResponse-tasks-as-wt5	corpus	encode-core-hot	retain	E2	17	1116.90	16815	0
U-wire-ListTaskSummaryResponse-tasks-as-wt5	corpus	encode-core-hot	retain	E	17	1126.75	12617	0
U-wire-ListTaskSummaryResponse-tasks-as-wt5	corpus	encode-core-hot	retain	E2	18	1133.90	16815	0
U-wire-ListTaskSummaryResponse-tasks-as-wt5	corpus	encode-core-hot	retain	E	18	1163.27	12617	0
U-wire-ListTaskSummaryResponse-tasks-as-wt5	corpus	encode-core-hot	retain	R	18	1163.08	15923	0
U-wire-ListTaskSummaryResponse-tasks-as-wt5	corpus	encode-core-hot	retain	E	19	1143.79	12617	0
U-wire-ListTaskSummaryResponse-tasks-as-wt5	corpus	encode-core-hot	retain	R	19	1160.61	15923	0
U-wire-ListTaskSummaryResponse-tasks-as-wt5	corpus	encode-core-hot	retain	E2	19	1135.64	16815	0
U-wire-ListTaskSummaryResponse-tasks-as-wt5	corpus	encode-core-hot	retain	R	20	1144.17	15923	0
U-wire-ListTaskSummaryResponse-tasks-as-wt5	corpus	encode-core-hot	retain	E2	20	1133.03	16815	0
U-wire-ListTaskSummaryResponse-tasks-as-wt5	corpus	encode-core-hot	retain	E	20	1128.06	12617	0
U-wire-ListTaskSummaryResponse-tasks-as-wt5	corpus	encode-core-hot	retain	E2	21	1134.87	16815	0
U-wire-ListTaskSummaryResponse-tasks-as-wt5	corpus	encode-core-hot	retain	E	21	1137.13	12617	0
U-wire-ListTaskSummaryResponse-tasks-as-wt5	corpus	encode-core-hot	retain	R	21	1153.76	15923	0
U-wire-UploadResultDataMessage-upload-as-wt5	corpus	decode-read	drop	E	1	172.87	111561	1
U-wire-UploadResultDataMessage-upload-as-wt5	corpus	decode-read	drop	R	1	173.04	123347	0
U-wire-UploadResultDataMessage-upload-as-wt5	corpus	decode-read	drop	E2	1	173.32	120943	1
U-wire-UploadResultDataMessage-upload-as-wt5	corpus	decode-read	drop	R	2	171.05	123347	0
U-wire-UploadResultDataMessage-upload-as-wt5	corpus	decode-read	drop	E2	2	171.49	120943	1
U-wire-UploadResultDataMessage-upload-as-wt5	corpus	decode-read	drop	E	2	171.87	111561	1
U-wire-UploadResultDataMessage-upload-as-wt5	corpus	decode-read	drop	E2	3	166.72	120943	1
U-wire-UploadResultDataMessage-upload-as-wt5	corpus	decode-read	drop	E	3	177.04	111561	1
U-wire-UploadResultDataMessage-upload-as-wt5	corpus	decode-read	drop	R	3	164.28	123347	0
U-wire-UploadResultDataMessage-upload-as-wt5	corpus	decode-read	drop	E	4	181.23	111561	1
U-wire-UploadResultDataMessage-upload-as-wt5	corpus	decode-read	drop	R	4	170.55	123347	0
U-wire-UploadResultDataMessage-upload-as-wt5	corpus	decode-read	drop	E2	4	173.56	120943	1
U-wire-UploadResultDataMessage-upload-as-wt5	corpus	decode-read	drop	R	5	174.83	123347	0
U-wire-UploadResultDataMessage-upload-as-wt5	corpus	decode-read	drop	E2	5	174.22	120943	1
U-wire-UploadResultDataMessage-upload-as-wt5	corpus	decode-read	drop	E	5	173.41	111561	1
U-wire-UploadResultDataMessage-upload-as-wt5	corpus	decode-read	drop	E2	6	170.83	120943	1
U-wire-UploadResultDataMessage-upload-as-wt5	corpus	decode-read	drop	E	6	172.60	111561	1
U-wire-UploadResultDataMessage-upload-as-wt5	corpus	decode-read	drop	R	6	170.25	123347	0
U-wire-UploadResultDataMessage-upload-as-wt5	corpus	decode-read	drop	E	7	172.47	111561	1
U-wire-UploadResultDataMessage-upload-as-wt5	corpus	decode-read	drop	R	7	174.62	123347	0
U-wire-UploadResultDataMessage-upload-as-wt5	corpus	decode-read	drop	E2	7	172.36	120943	1
U-wire-UploadResultDataMessage-upload-as-wt5	corpus	decode-read	drop	R	8	169.36	123347	0
U-wire-UploadResultDataMessage-upload-as-wt5	corpus	decode-read	drop	E2	8	166.44	120943	1
U-wire-UploadResultDataMessage-upload-as-wt5	corpus	decode-read	drop	E	8	166.33	111561	1
U-wire-UploadResultDataMessage-upload-as-wt5	corpus	decode-read	drop	E2	9	166.87	120943	1
U-wire-UploadResultDataMessage-upload-as-wt5	corpus	decode-read	drop	E	9	164.10	111561	1
U-wire-UploadResultDataMessage-upload-as-wt5	corpus	decode-read	drop	R	9	164.25	123347	0
U-wire-UploadResultDataMessage-upload-as-wt5	corpus	decode-read	drop	E	10	167.23	111561	1
U-wire-UploadResultDataMessage-upload-as-wt5	corpus	decode-read	drop	R	10	164.89	123347	0
U-wire-UploadResultDataMessage-upload-as-wt5	corpus	decode-read	drop	E2	10	165.94	120943	1
U-wire-UploadResultDataMessage-upload-as-wt5	corpus	decode-read	drop	R	11	162.65	123347	0
U-wire-UploadResultDataMessage-upload-as-wt5	corpus	decode-read	drop	E2	11	167.80	120943	1
U-wire-UploadResultDataMessage-upload-as-wt5	corpus	decode-read	drop	E	11	165.51	111561	1
U-wire-UploadResultDataMessage-upload-as-wt5	corpus	decode-read	drop	E2	12	165.74	120943	1
U-wire-UploadResultDataMessage-upload-as-wt5	corpus	decode-read	drop	E	12	169.63	111561	1
U-wire-UploadResultDataMessage-upload-as-wt5	corpus	decode-read	drop	R	12	166.22	123347	0
U-wire-UploadResultDataMessage-upload-as-wt5	corpus	decode-read	drop	E	13	165.76	111561	1
U-wire-UploadResultDataMessage-upload-as-wt5	corpus	decode-read	drop	R	13	163.13	123347	0
U-wire-UploadResultDataMessage-upload-as-wt5	corpus	decode-read	drop	E2	13	166.85	120943	1
U-wire-UploadResultDataMessage-upload-as-wt5	corpus	decode-read	drop	R	14	170.96	123347	0
U-wire-UploadResultDataMessage-upload-as-wt5	corpus	decode-read	drop	E2	14	168.58	120943	1
U-wire-UploadResultDataMessage-upload-as-wt5	corpus	decode-read	drop	E	14	166.19	111561	1
U-wire-UploadResultDataMessage-upload-as-wt5	corpus	decode-read	drop	E2	15	166.87	120943	1
U-wire-UploadResultDataMessage-upload-as-wt5	corpus	decode-read	drop	E	15	163.24	111561	1
U-wire-UploadResultDataMessage-upload-as-wt5	corpus	decode-read	drop	R	15	162.74	123347	0
U-wire-UploadResultDataMessage-upload-as-wt5	corpus	decode-read	drop	E	16	160.62	111561	1
U-wire-UploadResultDataMessage-upload-as-wt5	corpus	decode-read	drop	R	16	164.84	123347	0
U-wire-UploadResultDataMessage-upload-as-wt5	corpus	decode-read	drop	E2	16	166.26	120943	1
U-wire-UploadResultDataMessage-upload-as-wt5	corpus	decode-read	drop	R	17	164.64	123347	0
U-wire-UploadResultDataMessage-upload-as-wt5	corpus	decode-read	drop	E2	17	165.44	120943	1
U-wire-UploadResultDataMessage-upload-as-wt5	corpus	decode-read	drop	E	17	168.89	111561	1
U-wire-UploadResultDataMessage-upload-as-wt5	corpus	decode-read	drop	E2	18	165.88	120943	1
U-wire-UploadResultDataMessage-upload-as-wt5	corpus	decode-read	drop	E	18	165.53	111561	1
U-wire-UploadResultDataMessage-upload-as-wt5	corpus	decode-read	drop	R	18	173.92	123347	0
U-wire-UploadResultDataMessage-upload-as-wt5	corpus	decode-read	drop	E	19	166.64	111561	1
U-wire-UploadResultDataMessage-upload-as-wt5	corpus	decode-read	drop	R	19	163.17	123347	0
U-wire-UploadResultDataMessage-upload-as-wt5	corpus	decode-read	drop	E2	19	172.08	120943	1
U-wire-UploadResultDataMessage-upload-as-wt5	corpus	decode-read	drop	R	20	168.55	123347	0
U-wire-UploadResultDataMessage-upload-as-wt5	corpus	decode-read	drop	E2	20	170.01	120943	1
U-wire-UploadResultDataMessage-upload-as-wt5	corpus	decode-read	drop	E	20	171.91	111561	1
U-wire-UploadResultDataMessage-upload-as-wt5	corpus	decode-read	drop	E2	21	170.40	120943	1
U-wire-UploadResultDataMessage-upload-as-wt5	corpus	decode-read	drop	E	21	173.81	111561	1
U-wire-UploadResultDataMessage-upload-as-wt5	corpus	decode-read	drop	R	21	163.44	123347	0
U-wire-UploadResultDataMessage-upload-as-wt5	corpus	decode-read	retain	E	1	223.62	61164	1
U-wire-UploadResultDataMessage-upload-as-wt5	corpus	decode-read	retain	R	1	214.35	86726	0
U-wire-UploadResultDataMessage-upload-as-wt5	corpus	decode-read	retain	E2	1	217.45	94191	1
U-wire-UploadResultDataMessage-upload-as-wt5	corpus	decode-read	retain	R	2	209.41	86726	0
U-wire-UploadResultDataMessage-upload-as-wt5	corpus	decode-read	retain	E2	2	220.16	94191	1
U-wire-UploadResultDataMessage-upload-as-wt5	corpus	decode-read	retain	E	2	219.67	61164	1
U-wire-UploadResultDataMessage-upload-as-wt5	corpus	decode-read	retain	E2	3	223.32	94191	1
U-wire-UploadResultDataMessage-upload-as-wt5	corpus	decode-read	retain	E	3	218.42	61164	1
U-wire-UploadResultDataMessage-upload-as-wt5	corpus	decode-read	retain	R	3	220.18	86726	0
U-wire-UploadResultDataMessage-upload-as-wt5	corpus	decode-read	retain	E	4	215.14	61164	1
U-wire-UploadResultDataMessage-upload-as-wt5	corpus	decode-read	retain	R	4	211.58	86726	0
U-wire-UploadResultDataMessage-upload-as-wt5	corpus	decode-read	retain	E2	4	225.82	94191	1
U-wire-UploadResultDataMessage-upload-as-wt5	corpus	decode-read	retain	R	5	210.66	86726	0
U-wire-UploadResultDataMessage-upload-as-wt5	corpus	decode-read	retain	E2	5	216.95	94191	1
U-wire-UploadResultDataMessage-upload-as-wt5	corpus	decode-read	retain	E	5	213.66	61164	1
U-wire-UploadResultDataMessage-upload-as-wt5	corpus	decode-read	retain	E2	6	213.90	94191	1
U-wire-UploadResultDataMessage-upload-as-wt5	corpus	decode-read	retain	E	6	230.93	61164	1
U-wire-UploadResultDataMessage-upload-as-wt5	corpus	decode-read	retain	R	6	211.82	86726	0
U-wire-UploadResultDataMessage-upload-as-wt5	corpus	decode-read	retain	E	7	214.90	61164	1
U-wire-UploadResultDataMessage-upload-as-wt5	corpus	decode-read	retain	R	7	212.76	86726	0
U-wire-UploadResultDataMessage-upload-as-wt5	corpus	decode-read	retain	E2	7	214.01	94191	1
U-wire-UploadResultDataMessage-upload-as-wt5	corpus	decode-read	retain	R	8	220.09	86726	0
U-wire-UploadResultDataMessage-upload-as-wt5	corpus	decode-read	retain	E2	8	214.82	94191	1
U-wire-UploadResultDataMessage-upload-as-wt5	corpus	decode-read	retain	E	8	216.71	61164	1
U-wire-UploadResultDataMessage-upload-as-wt5	corpus	decode-read	retain	E2	9	215.13	94191	1
U-wire-UploadResultDataMessage-upload-as-wt5	corpus	decode-read	retain	E	9	217.29	61164	1
U-wire-UploadResultDataMessage-upload-as-wt5	corpus	decode-read	retain	R	9	215.51	86726	0
U-wire-UploadResultDataMessage-upload-as-wt5	corpus	decode-read	retain	E	10	212.08	61164	1
U-wire-UploadResultDataMessage-upload-as-wt5	corpus	decode-read	retain	R	10	210.46	86726	0
U-wire-UploadResultDataMessage-upload-as-wt5	corpus	decode-read	retain	E2	10	212.69	94191	1
U-wire-UploadResultDataMessage-upload-as-wt5	corpus	decode-read	retain	R	11	210.93	86726	0
U-wire-UploadResultDataMessage-upload-as-wt5	corpus	decode-read	retain	E2	11	216.46	94191	1
U-wire-UploadResultDataMessage-upload-as-wt5	corpus	decode-read	retain	E	11	215.24	61164	1
U-wire-UploadResultDataMessage-upload-as-wt5	corpus	decode-read	retain	E2	12	212.52	94191	1
U-wire-UploadResultDataMessage-upload-as-wt5	corpus	decode-read	retain	E	12	213.30	61164	1
U-wire-UploadResultDataMessage-upload-as-wt5	corpus	decode-read	retain	R	12	210.62	86726	0
U-wire-UploadResultDataMessage-upload-as-wt5	corpus	decode-read	retain	E	13	217.33	61164	1
U-wire-UploadResultDataMessage-upload-as-wt5	corpus	decode-read	retain	R	13	211.39	86726	0
U-wire-UploadResultDataMessage-upload-as-wt5	corpus	decode-read	retain	E2	13	212.36	94191	1
U-wire-UploadResultDataMessage-upload-as-wt5	corpus	decode-read	retain	R	14	209.23	86726	0
U-wire-UploadResultDataMessage-upload-as-wt5	corpus	decode-read	retain	E2	14	214.83	94191	1
U-wire-UploadResultDataMessage-upload-as-wt5	corpus	decode-read	retain	E	14	212.63	61164	1
U-wire-UploadResultDataMessage-upload-as-wt5	corpus	decode-read	retain	E2	15	213.89	94191	1
U-wire-UploadResultDataMessage-upload-as-wt5	corpus	decode-read	retain	E	15	214.02	61164	1
U-wire-UploadResultDataMessage-upload-as-wt5	corpus	decode-read	retain	R	15	210.38	86726	0
U-wire-UploadResultDataMessage-upload-as-wt5	corpus	decode-read	retain	E	16	212.55	61164	1
U-wire-UploadResultDataMessage-upload-as-wt5	corpus	decode-read	retain	R	16	219.07	86726	0
U-wire-UploadResultDataMessage-upload-as-wt5	corpus	decode-read	retain	E2	16	240.46	94191	1
U-wire-UploadResultDataMessage-upload-as-wt5	corpus	decode-read	retain	R	17	220.78	86726	0
U-wire-UploadResultDataMessage-upload-as-wt5	corpus	decode-read	retain	E2	17	215.18	94191	1
U-wire-UploadResultDataMessage-upload-as-wt5	corpus	decode-read	retain	E	17	221.98	61164	1
U-wire-UploadResultDataMessage-upload-as-wt5	corpus	decode-read	retain	E2	18	225.86	94191	1
U-wire-UploadResultDataMessage-upload-as-wt5	corpus	decode-read	retain	E	18	241.45	61164	1
U-wire-UploadResultDataMessage-upload-as-wt5	corpus	decode-read	retain	R	18	231.27	86726	0
U-wire-UploadResultDataMessage-upload-as-wt5	corpus	decode-read	retain	E	19	250.16	61164	1
U-wire-UploadResultDataMessage-upload-as-wt5	corpus	decode-read	retain	R	19	227.56	86726	0
U-wire-UploadResultDataMessage-upload-as-wt5	corpus	decode-read	retain	E2	19	224.72	94191	1
U-wire-UploadResultDataMessage-upload-as-wt5	corpus	decode-read	retain	R	20	220.18	86726	0
U-wire-UploadResultDataMessage-upload-as-wt5	corpus	decode-read	retain	E2	20	256.10	94191	1
U-wire-UploadResultDataMessage-upload-as-wt5	corpus	decode-read	retain	E	20	237.06	61164	1
U-wire-UploadResultDataMessage-upload-as-wt5	corpus	decode-read	retain	E2	21	250.21	94191	1
U-wire-UploadResultDataMessage-upload-as-wt5	corpus	decode-read	retain	E	21	239.38	61164	1
U-wire-UploadResultDataMessage-upload-as-wt5	corpus	decode-read	retain	R	21	230.50	86726	0
U-wire-UploadResultDataMessage-upload-as-wt5	corpus	encode-core-hot	drop	E	1	98.90	204603	0
U-wire-UploadResultDataMessage-upload-as-wt5	corpus	encode-core-hot	drop	R	1	93.96	211820	0
U-wire-UploadResultDataMessage-upload-as-wt5	corpus	encode-core-hot	drop	E2	1	98.77	206283	0
U-wire-UploadResultDataMessage-upload-as-wt5	corpus	encode-core-hot	drop	R	2	94.89	211820	0
U-wire-UploadResultDataMessage-upload-as-wt5	corpus	encode-core-hot	drop	E2	2	98.17	206283	0
U-wire-UploadResultDataMessage-upload-as-wt5	corpus	encode-core-hot	drop	E	2	99.07	204603	0
U-wire-UploadResultDataMessage-upload-as-wt5	corpus	encode-core-hot	drop	E2	3	98.37	206283	0
U-wire-UploadResultDataMessage-upload-as-wt5	corpus	encode-core-hot	drop	E	3	98.04	204603	0
U-wire-UploadResultDataMessage-upload-as-wt5	corpus	encode-core-hot	drop	R	3	94.85	211820	0
U-wire-UploadResultDataMessage-upload-as-wt5	corpus	encode-core-hot	drop	E	4	99.30	204603	0
U-wire-UploadResultDataMessage-upload-as-wt5	corpus	encode-core-hot	drop	R	4	95.01	211820	0
U-wire-UploadResultDataMessage-upload-as-wt5	corpus	encode-core-hot	drop	E2	4	98.02	206283	0
U-wire-UploadResultDataMessage-upload-as-wt5	corpus	encode-core-hot	drop	R	5	93.77	211820	0
U-wire-UploadResultDataMessage-upload-as-wt5	corpus	encode-core-hot	drop	E2	5	97.47	206283	0
U-wire-UploadResultDataMessage-upload-as-wt5	corpus	encode-core-hot	drop	E	5	98.02	204603	0
U-wire-UploadResultDataMessage-upload-as-wt5	corpus	encode-core-hot	drop	E2	6	99.49	206283	0
U-wire-UploadResultDataMessage-upload-as-wt5	corpus	encode-core-hot	drop	E	6	97.84	204603	0
U-wire-UploadResultDataMessage-upload-as-wt5	corpus	encode-core-hot	drop	R	6	94.88	211820	0
U-wire-UploadResultDataMessage-upload-as-wt5	corpus	encode-core-hot	drop	E	7	99.98	204603	0
U-wire-UploadResultDataMessage-upload-as-wt5	corpus	encode-core-hot	drop	R	7	107.13	211820	0
U-wire-UploadResultDataMessage-upload-as-wt5	corpus	encode-core-hot	drop	E2	7	107.02	206283	0
U-wire-UploadResultDataMessage-upload-as-wt5	corpus	encode-core-hot	drop	R	8	97.51	211820	0
U-wire-UploadResultDataMessage-upload-as-wt5	corpus	encode-core-hot	drop	E2	8	105.73	206283	0
U-wire-UploadResultDataMessage-upload-as-wt5	corpus	encode-core-hot	drop	E	8	105.72	204603	0
U-wire-UploadResultDataMessage-upload-as-wt5	corpus	encode-core-hot	drop	E2	9	102.23	206283	0
U-wire-UploadResultDataMessage-upload-as-wt5	corpus	encode-core-hot	drop	E	9	100.13	204603	0
U-wire-UploadResultDataMessage-upload-as-wt5	corpus	encode-core-hot	drop	R	9	94.36	211820	0
U-wire-UploadResultDataMessage-upload-as-wt5	corpus	encode-core-hot	drop	E	10	99.85	204603	0
U-wire-UploadResultDataMessage-upload-as-wt5	corpus	encode-core-hot	drop	R	10	96.53	211820	0
U-wire-UploadResultDataMessage-upload-as-wt5	corpus	encode-core-hot	drop	E2	10	100.14	206283	0
U-wire-UploadResultDataMessage-upload-as-wt5	corpus	encode-core-hot	drop	R	11	94.54	211820	0
U-wire-UploadResultDataMessage-upload-as-wt5	corpus	encode-core-hot	drop	E2	11	97.88	206283	0
U-wire-UploadResultDataMessage-upload-as-wt5	corpus	encode-core-hot	drop	E	11	100.61	204603	0
U-wire-UploadResultDataMessage-upload-as-wt5	corpus	encode-core-hot	drop	E2	12	100.16	206283	0
U-wire-UploadResultDataMessage-upload-as-wt5	corpus	encode-core-hot	drop	E	12	100.67	204603	0
U-wire-UploadResultDataMessage-upload-as-wt5	corpus	encode-core-hot	drop	R	12	112.75	211820	0
U-wire-UploadResultDataMessage-upload-as-wt5	corpus	encode-core-hot	drop	E	13	109.62	204603	0
U-wire-UploadResultDataMessage-upload-as-wt5	corpus	encode-core-hot	drop	R	13	99.19	211820	0
U-wire-UploadResultDataMessage-upload-as-wt5	corpus	encode-core-hot	drop	E2	13	104.07	206283	0
U-wire-UploadResultDataMessage-upload-as-wt5	corpus	encode-core-hot	drop	R	14	95.98	211820	0
U-wire-UploadResultDataMessage-upload-as-wt5	corpus	encode-core-hot	drop	E2	14	97.77	206283	0
U-wire-UploadResultDataMessage-upload-as-wt5	corpus	encode-core-hot	drop	E	14	99.48	204603	0
U-wire-UploadResultDataMessage-upload-as-wt5	corpus	encode-core-hot	drop	E2	15	99.51	206283	0
U-wire-UploadResultDataMessage-upload-as-wt5	corpus	encode-core-hot	drop	E	15	99.76	204603	0
U-wire-UploadResultDataMessage-upload-as-wt5	corpus	encode-core-hot	drop	R	15	94.43	211820	0
U-wire-UploadResultDataMessage-upload-as-wt5	corpus	encode-core-hot	drop	E	16	98.14	204603	0
U-wire-UploadResultDataMessage-upload-as-wt5	corpus	encode-core-hot	drop	R	16	94.73	211820	0
U-wire-UploadResultDataMessage-upload-as-wt5	corpus	encode-core-hot	drop	E2	16	104.03	206283	0
U-wire-UploadResultDataMessage-upload-as-wt5	corpus	encode-core-hot	drop	R	17	93.89	211820	0
U-wire-UploadResultDataMessage-upload-as-wt5	corpus	encode-core-hot	drop	E2	17	98.43	206283	0
U-wire-UploadResultDataMessage-upload-as-wt5	corpus	encode-core-hot	drop	E	17	101.61	204603	0
U-wire-UploadResultDataMessage-upload-as-wt5	corpus	encode-core-hot	drop	E2	18	99.60	206283	0
U-wire-UploadResultDataMessage-upload-as-wt5	corpus	encode-core-hot	drop	E	18	99.36	204603	0
U-wire-UploadResultDataMessage-upload-as-wt5	corpus	encode-core-hot	drop	R	18	93.73	211820	0
U-wire-UploadResultDataMessage-upload-as-wt5	corpus	encode-core-hot	drop	E	19	98.83	204603	0
U-wire-UploadResultDataMessage-upload-as-wt5	corpus	encode-core-hot	drop	R	19	94.49	211820	0
U-wire-UploadResultDataMessage-upload-as-wt5	corpus	encode-core-hot	drop	E2	19	97.69	206283	0
U-wire-UploadResultDataMessage-upload-as-wt5	corpus	encode-core-hot	drop	R	20	94.22	211820	0
U-wire-UploadResultDataMessage-upload-as-wt5	corpus	encode-core-hot	drop	E2	20	96.92	206283	0
U-wire-UploadResultDataMessage-upload-as-wt5	corpus	encode-core-hot	drop	E	20	98.49	204603	0
U-wire-UploadResultDataMessage-upload-as-wt5	corpus	encode-core-hot	drop	E2	21	99.81	206283	0
U-wire-UploadResultDataMessage-upload-as-wt5	corpus	encode-core-hot	drop	E	21	98.78	204603	0
U-wire-UploadResultDataMessage-upload-as-wt5	corpus	encode-core-hot	drop	R	21	93.68	211820	0
U-wire-UploadResultDataMessage-upload-as-wt5	corpus	encode-core-hot	retain	E	1	107.16	178893	0
U-wire-UploadResultDataMessage-upload-as-wt5	corpus	encode-core-hot	retain	R	1	104.18	185139	0
U-wire-UploadResultDataMessage-upload-as-wt5	corpus	encode-core-hot	retain	E2	1	106.33	192750	0
U-wire-UploadResultDataMessage-upload-as-wt5	corpus	encode-core-hot	retain	R	2	105.55	185139	0
U-wire-UploadResultDataMessage-upload-as-wt5	corpus	encode-core-hot	retain	E2	2	109.87	192750	0
U-wire-UploadResultDataMessage-upload-as-wt5	corpus	encode-core-hot	retain	E	2	106.33	178893	0
U-wire-UploadResultDataMessage-upload-as-wt5	corpus	encode-core-hot	retain	E2	3	107.98	192750	0
U-wire-UploadResultDataMessage-upload-as-wt5	corpus	encode-core-hot	retain	E	3	106.76	178893	0
U-wire-UploadResultDataMessage-upload-as-wt5	corpus	encode-core-hot	retain	R	3	108.28	185139	0
U-wire-UploadResultDataMessage-upload-as-wt5	corpus	encode-core-hot	retain	E	4	106.86	178893	0
U-wire-UploadResultDataMessage-upload-as-wt5	corpus	encode-core-hot	retain	R	4	104.86	185139	0
U-wire-UploadResultDataMessage-upload-as-wt5	corpus	encode-core-hot	retain	E2	4	107.87	192750	0
U-wire-UploadResultDataMessage-upload-as-wt5	corpus	encode-core-hot	retain	R	5	104.50	185139	0
U-wire-UploadResultDataMessage-upload-as-wt5	corpus	encode-core-hot	retain	E2	5	111.40	192750	0
U-wire-UploadResultDataMessage-upload-as-wt5	corpus	encode-core-hot	retain	E	5	112.09	178893	0
U-wire-UploadResultDataMessage-upload-as-wt5	corpus	encode-core-hot	retain	E2	6	107.08	192750	0
U-wire-UploadResultDataMessage-upload-as-wt5	corpus	encode-core-hot	retain	E	6	106.91	178893	0
U-wire-UploadResultDataMessage-upload-as-wt5	corpus	encode-core-hot	retain	R	6	102.71	185139	0
U-wire-UploadResultDataMessage-upload-as-wt5	corpus	encode-core-hot	retain	E	7	107.84	178893	0
U-wire-UploadResultDataMessage-upload-as-wt5	corpus	encode-core-hot	retain	R	7	100.34	185139	0
U-wire-UploadResultDataMessage-upload-as-wt5	corpus	encode-core-hot	retain	E2	7	104.40	192750	0
U-wire-UploadResultDataMessage-upload-as-wt5	corpus	encode-core-hot	retain	R	8	104.81	185139	0
U-wire-UploadResultDataMessage-upload-as-wt5	corpus	encode-core-hot	retain	E2	8	105.47	192750	0
U-wire-UploadResultDataMessage-upload-as-wt5	corpus	encode-core-hot	retain	E	8	104.89	178893	0
U-wire-UploadResultDataMessage-upload-as-wt5	corpus	encode-core-hot	retain	E2	9	104.74	192750	0
U-wire-UploadResultDataMessage-upload-as-wt5	corpus	encode-core-hot	retain	E	9	107.16	178893	0
U-wire-UploadResultDataMessage-upload-as-wt5	corpus	encode-core-hot	retain	R	9	105.51	185139	0
U-wire-UploadResultDataMessage-upload-as-wt5	corpus	encode-core-hot	retain	E	10	105.20	178893	0
U-wire-UploadResultDataMessage-upload-as-wt5	corpus	encode-core-hot	retain	R	10	102.55	185139	0
U-wire-UploadResultDataMessage-upload-as-wt5	corpus	encode-core-hot	retain	E2	10	106.05	192750	0
U-wire-UploadResultDataMessage-upload-as-wt5	corpus	encode-core-hot	retain	R	11	102.57	185139	0
U-wire-UploadResultDataMessage-upload-as-wt5	corpus	encode-core-hot	retain	E2	11	109.36	192750	0
U-wire-UploadResultDataMessage-upload-as-wt5	corpus	encode-core-hot	retain	E	11	105.70	178893	0
U-wire-UploadResultDataMessage-upload-as-wt5	corpus	encode-core-hot	retain	E2	12	106.03	192750	0
U-wire-UploadResultDataMessage-upload-as-wt5	corpus	encode-core-hot	retain	E	12	106.76	178893	0
U-wire-UploadResultDataMessage-upload-as-wt5	corpus	encode-core-hot	retain	R	12	109.44	185139	0
U-wire-UploadResultDataMessage-upload-as-wt5	corpus	encode-core-hot	retain	E	13	113.37	178893	0
U-wire-UploadResultDataMessage-upload-as-wt5	corpus	encode-core-hot	retain	R	13	111.38	185139	0
U-wire-UploadResultDataMessage-upload-as-wt5	corpus	encode-core-hot	retain	E2	13	106.78	192750	0
U-wire-UploadResultDataMessage-upload-as-wt5	corpus	encode-core-hot	retain	R	14	103.80	185139	0
U-wire-UploadResultDataMessage-upload-as-wt5	corpus	encode-core-hot	retain	E2	14	105.60	192750	0
U-wire-UploadResultDataMessage-upload-as-wt5	corpus	encode-core-hot	retain	E	14	104.93	178893	0
U-wire-UploadResultDataMessage-upload-as-wt5	corpus	encode-core-hot	retain	E2	15	107.62	192750	0
U-wire-UploadResultDataMessage-upload-as-wt5	corpus	encode-core-hot	retain	E	15	107.83	178893	0
U-wire-UploadResultDataMessage-upload-as-wt5	corpus	encode-core-hot	retain	R	15	108.11	185139	0
U-wire-UploadResultDataMessage-upload-as-wt5	corpus	encode-core-hot	retain	E	16	108.01	178893	0
U-wire-UploadResultDataMessage-upload-as-wt5	corpus	encode-core-hot	retain	R	16	104.84	185139	0
U-wire-UploadResultDataMessage-upload-as-wt5	corpus	encode-core-hot	retain	E2	16	115.44	192750	0
U-wire-UploadResultDataMessage-upload-as-wt5	corpus	encode-core-hot	retain	R	17	105.20	185139	0
U-wire-UploadResultDataMessage-upload-as-wt5	corpus	encode-core-hot	retain	E2	17	109.24	192750	0
U-wire-UploadResultDataMessage-upload-as-wt5	corpus	encode-core-hot	retain	E	17	105.03	178893	0
U-wire-UploadResultDataMessage-upload-as-wt5	corpus	encode-core-hot	retain	E2	18	111.80	192750	0
U-wire-UploadResultDataMessage-upload-as-wt5	corpus	encode-core-hot	retain	E	18	108.97	178893	0
U-wire-UploadResultDataMessage-upload-as-wt5	corpus	encode-core-hot	retain	R	18	102.75	185139	0
U-wire-UploadResultDataMessage-upload-as-wt5	corpus	encode-core-hot	retain	E	19	106.96	178893	0
U-wire-UploadResultDataMessage-upload-as-wt5	corpus	encode-core-hot	retain	R	19	104.13	185139	0
U-wire-UploadResultDataMessage-upload-as-wt5	corpus	encode-core-hot	retain	E2	19	106.51	192750	0
U-wire-UploadResultDataMessage-upload-as-wt5	corpus	encode-core-hot	retain	R	20	103.22	185139	0
U-wire-UploadResultDataMessage-upload-as-wt5	corpus	encode-core-hot	retain	E2	20	105.22	192750	0
U-wire-UploadResultDataMessage-upload-as-wt5	corpus	encode-core-hot	retain	E	20	105.25	178893	0
U-wire-UploadResultDataMessage-upload-as-wt5	corpus	encode-core-hot	retain	E2	21	104.92	192750	0
U-wire-UploadResultDataMessage-upload-as-wt5	corpus	encode-core-hot	retain	E	21	108.61	178893	0
U-wire-UploadResultDataMessage-upload-as-wt5	corpus	encode-core-hot	retain	R	21	104.11	185139	0
U-wire-ListMetricsResponse-batches-as-wt0	corpus	decode-read	drop	E	1	2246.67	8790	1
U-wire-ListMetricsResponse-batches-as-wt0	corpus	decode-read	drop	R	1	2067.19	9330	0
U-wire-ListMetricsResponse-batches-as-wt0	corpus	decode-read	drop	E2	1	2182.00	7755	1
U-wire-ListMetricsResponse-batches-as-wt0	corpus	decode-read	drop	R	2	2128.77	9330	0
U-wire-ListMetricsResponse-batches-as-wt0	corpus	decode-read	drop	E2	2	2282.20	7755	1
U-wire-ListMetricsResponse-batches-as-wt0	corpus	decode-read	drop	E	2	2281.53	8790	1
U-wire-ListMetricsResponse-batches-as-wt0	corpus	decode-read	drop	E2	3	2192.76	7755	1
U-wire-ListMetricsResponse-batches-as-wt0	corpus	decode-read	drop	E	3	2206.91	8790	1
U-wire-ListMetricsResponse-batches-as-wt0	corpus	decode-read	drop	R	3	2074.61	9330	0
U-wire-ListMetricsResponse-batches-as-wt0	corpus	decode-read	drop	E	4	2137.38	8790	1
U-wire-ListMetricsResponse-batches-as-wt0	corpus	decode-read	drop	R	4	2114.97	9330	0
U-wire-ListMetricsResponse-batches-as-wt0	corpus	decode-read	drop	E2	4	2192.27	7755	1
U-wire-ListMetricsResponse-batches-as-wt0	corpus	decode-read	drop	R	5	2064.61	9330	0
U-wire-ListMetricsResponse-batches-as-wt0	corpus	decode-read	drop	E2	5	2174.32	7755	1
U-wire-ListMetricsResponse-batches-as-wt0	corpus	decode-read	drop	E	5	2116.23	8790	1
U-wire-ListMetricsResponse-batches-as-wt0	corpus	decode-read	drop	E2	6	2169.44	7755	1
U-wire-ListMetricsResponse-batches-as-wt0	corpus	decode-read	drop	E	6	2117.99	8790	1
U-wire-ListMetricsResponse-batches-as-wt0	corpus	decode-read	drop	R	6	2047.96	9330	0
U-wire-ListMetricsResponse-batches-as-wt0	corpus	decode-read	drop	E	7	2109.96	8790	1
U-wire-ListMetricsResponse-batches-as-wt0	corpus	decode-read	drop	R	7	2046.45	9330	0
U-wire-ListMetricsResponse-batches-as-wt0	corpus	decode-read	drop	E2	7	2157.16	7755	1
U-wire-ListMetricsResponse-batches-as-wt0	corpus	decode-read	drop	R	8	2088.10	9330	0
U-wire-ListMetricsResponse-batches-as-wt0	corpus	decode-read	drop	E2	8	2165.95	7755	1
U-wire-ListMetricsResponse-batches-as-wt0	corpus	decode-read	drop	E	8	2253.22	8790	1
U-wire-ListMetricsResponse-batches-as-wt0	corpus	decode-read	drop	E2	9	2191.52	7755	1
U-wire-ListMetricsResponse-batches-as-wt0	corpus	decode-read	drop	E	9	2163.32	8790	1
U-wire-ListMetricsResponse-batches-as-wt0	corpus	decode-read	drop	R	9	2095.25	9330	0
U-wire-ListMetricsResponse-batches-as-wt0	corpus	decode-read	drop	E	10	2231.16	8790	1
U-wire-ListMetricsResponse-batches-as-wt0	corpus	decode-read	drop	R	10	2063.45	9330	0
U-wire-ListMetricsResponse-batches-as-wt0	corpus	decode-read	drop	E2	10	2183.33	7755	1
U-wire-ListMetricsResponse-batches-as-wt0	corpus	decode-read	drop	R	11	2063.67	9330	0
U-wire-ListMetricsResponse-batches-as-wt0	corpus	decode-read	drop	E2	11	2181.41	7755	1
U-wire-ListMetricsResponse-batches-as-wt0	corpus	decode-read	drop	E	11	2240.58	8790	1
U-wire-ListMetricsResponse-batches-as-wt0	corpus	decode-read	drop	E2	12	2194.71	7755	1
U-wire-ListMetricsResponse-batches-as-wt0	corpus	decode-read	drop	E	12	2156.70	8790	1
U-wire-ListMetricsResponse-batches-as-wt0	corpus	decode-read	drop	R	12	2051.67	9330	0
U-wire-ListMetricsResponse-batches-as-wt0	corpus	decode-read	drop	E	13	2191.38	8790	1
U-wire-ListMetricsResponse-batches-as-wt0	corpus	decode-read	drop	R	13	2089.04	9330	0
U-wire-ListMetricsResponse-batches-as-wt0	corpus	decode-read	drop	E2	13	2248.13	7755	1
U-wire-ListMetricsResponse-batches-as-wt0	corpus	decode-read	drop	R	14	2061.30	9330	0
U-wire-ListMetricsResponse-batches-as-wt0	corpus	decode-read	drop	E2	14	2144.53	7755	1
U-wire-ListMetricsResponse-batches-as-wt0	corpus	decode-read	drop	E	14	2148.78	8790	1
U-wire-ListMetricsResponse-batches-as-wt0	corpus	decode-read	drop	E2	15	2214.08	7755	1
U-wire-ListMetricsResponse-batches-as-wt0	corpus	decode-read	drop	E	15	2159.08	8790	1
U-wire-ListMetricsResponse-batches-as-wt0	corpus	decode-read	drop	R	15	2060.72	9330	0
U-wire-ListMetricsResponse-batches-as-wt0	corpus	decode-read	drop	E	16	2160.90	8790	1
U-wire-ListMetricsResponse-batches-as-wt0	corpus	decode-read	drop	R	16	2069.37	9330	0
U-wire-ListMetricsResponse-batches-as-wt0	corpus	decode-read	drop	E2	16	2375.17	7755	1
U-wire-ListMetricsResponse-batches-as-wt0	corpus	decode-read	drop	R	17	2116.26	9330	0
U-wire-ListMetricsResponse-batches-as-wt0	corpus	decode-read	drop	E2	17	2143.69	7755	1
U-wire-ListMetricsResponse-batches-as-wt0	corpus	decode-read	drop	E	17	2157.91	8790	1
U-wire-ListMetricsResponse-batches-as-wt0	corpus	decode-read	drop	E2	18	2121.56	7755	1
U-wire-ListMetricsResponse-batches-as-wt0	corpus	decode-read	drop	E	18	2151.26	8790	1
U-wire-ListMetricsResponse-batches-as-wt0	corpus	decode-read	drop	R	18	2084.33	9330	0
U-wire-ListMetricsResponse-batches-as-wt0	corpus	decode-read	drop	E	19	2205.43	8790	1
U-wire-ListMetricsResponse-batches-as-wt0	corpus	decode-read	drop	R	19	2067.26	9330	0
U-wire-ListMetricsResponse-batches-as-wt0	corpus	decode-read	drop	E2	19	2146.22	7755	1
U-wire-ListMetricsResponse-batches-as-wt0	corpus	decode-read	drop	R	20	2079.31	9330	0
U-wire-ListMetricsResponse-batches-as-wt0	corpus	decode-read	drop	E2	20	2226.21	7755	1
U-wire-ListMetricsResponse-batches-as-wt0	corpus	decode-read	drop	E	20	2172.82	8790	1
U-wire-ListMetricsResponse-batches-as-wt0	corpus	decode-read	drop	E2	21	2147.57	7755	1
U-wire-ListMetricsResponse-batches-as-wt0	corpus	decode-read	drop	E	21	2302.49	8790	1
U-wire-ListMetricsResponse-batches-as-wt0	corpus	decode-read	drop	R	21	2097.63	9330	0
U-wire-ListMetricsResponse-batches-as-wt0	corpus	decode-read	retain	E	1	2230.48	8938	1
U-wire-ListMetricsResponse-batches-as-wt0	corpus	decode-read	retain	R	1	2175.93	8934	0
U-wire-ListMetricsResponse-batches-as-wt0	corpus	decode-read	retain	E2	1	2281.34	8881	1
U-wire-ListMetricsResponse-batches-as-wt0	corpus	decode-read	retain	R	2	2185.62	8934	0
U-wire-ListMetricsResponse-batches-as-wt0	corpus	decode-read	retain	E2	2	2229.62	8881	1
U-wire-ListMetricsResponse-batches-as-wt0	corpus	decode-read	retain	E	2	2245.14	8938	1
U-wire-ListMetricsResponse-batches-as-wt0	corpus	decode-read	retain	E2	3	2250.77	8881	1
U-wire-ListMetricsResponse-batches-as-wt0	corpus	decode-read	retain	E	3	2239.54	8938	1
U-wire-ListMetricsResponse-batches-as-wt0	corpus	decode-read	retain	R	3	2231.86	8934	0
U-wire-ListMetricsResponse-batches-as-wt0	corpus	decode-read	retain	E	4	2257.15	8938	1
U-wire-ListMetricsResponse-batches-as-wt0	corpus	decode-read	retain	R	4	2158.63	8934	0
U-wire-ListMetricsResponse-batches-as-wt0	corpus	decode-read	retain	E2	4	2270.62	8881	1
U-wire-ListMetricsResponse-batches-as-wt0	corpus	decode-read	retain	R	5	2189.82	8934	0
U-wire-ListMetricsResponse-batches-as-wt0	corpus	decode-read	retain	E2	5	2294.18	8881	1
U-wire-ListMetricsResponse-batches-as-wt0	corpus	decode-read	retain	E	5	2437.66	8938	1
U-wire-ListMetricsResponse-batches-as-wt0	corpus	decode-read	retain	E2	6	2299.25	8881	1
U-wire-ListMetricsResponse-batches-as-wt0	corpus	decode-read	retain	E	6	2393.23	8938	1
U-wire-ListMetricsResponse-batches-as-wt0	corpus	decode-read	retain	R	6	2198.70	8934	0
U-wire-ListMetricsResponse-batches-as-wt0	corpus	decode-read	retain	E	7	2415.58	8938	1
U-wire-ListMetricsResponse-batches-as-wt0	corpus	decode-read	retain	R	7	2274.13	8934	0
U-wire-ListMetricsResponse-batches-as-wt0	corpus	decode-read	retain	E2	7	2323.93	8881	1
U-wire-ListMetricsResponse-batches-as-wt0	corpus	decode-read	retain	R	8	2255.51	8934	0
U-wire-ListMetricsResponse-batches-as-wt0	corpus	decode-read	retain	E2	8	2320.71	8881	1
U-wire-ListMetricsResponse-batches-as-wt0	corpus	decode-read	retain	E	8	2252.03	8938	1
U-wire-ListMetricsResponse-batches-as-wt0	corpus	decode-read	retain	E2	9	2258.23	8881	1
U-wire-ListMetricsResponse-batches-as-wt0	corpus	decode-read	retain	E	9	2298.00	8938	1
U-wire-ListMetricsResponse-batches-as-wt0	corpus	decode-read	retain	R	9	2276.91	8934	0
U-wire-ListMetricsResponse-batches-as-wt0	corpus	decode-read	retain	E	10	2260.59	8938	1
U-wire-ListMetricsResponse-batches-as-wt0	corpus	decode-read	retain	R	10	2185.62	8934	0
U-wire-ListMetricsResponse-batches-as-wt0	corpus	decode-read	retain	E2	10	2285.65	8881	1
U-wire-ListMetricsResponse-batches-as-wt0	corpus	decode-read	retain	R	11	2223.01	8934	0
U-wire-ListMetricsResponse-batches-as-wt0	corpus	decode-read	retain	E2	11	2278.09	8881	1
U-wire-ListMetricsResponse-batches-as-wt0	corpus	decode-read	retain	E	11	2374.84	8938	1
U-wire-ListMetricsResponse-batches-as-wt0	corpus	decode-read	retain	E2	12	2264.72	8881	1
U-wire-ListMetricsResponse-batches-as-wt0	corpus	decode-read	retain	E	12	2278.62	8938	1
U-wire-ListMetricsResponse-batches-as-wt0	corpus	decode-read	retain	R	12	2259.63	8934	0
U-wire-ListMetricsResponse-batches-as-wt0	corpus	decode-read	retain	E	13	2238.12	8938	1
U-wire-ListMetricsResponse-batches-as-wt0	corpus	decode-read	retain	R	13	2163.26	8934	0
U-wire-ListMetricsResponse-batches-as-wt0	corpus	decode-read	retain	E2	13	2305.08	8881	1
U-wire-ListMetricsResponse-batches-as-wt0	corpus	decode-read	retain	R	14	2151.18	8934	0
U-wire-ListMetricsResponse-batches-as-wt0	corpus	decode-read	retain	E2	14	2264.95	8881	1
U-wire-ListMetricsResponse-batches-as-wt0	corpus	decode-read	retain	E	14	2290.12	8938	1
U-wire-ListMetricsResponse-batches-as-wt0	corpus	decode-read	retain	E2	15	2243.89	8881	1
U-wire-ListMetricsResponse-batches-as-wt0	corpus	decode-read	retain	E	15	2335.06	8938	1
U-wire-ListMetricsResponse-batches-as-wt0	corpus	decode-read	retain	R	15	2315.31	8934	0
U-wire-ListMetricsResponse-batches-as-wt0	corpus	decode-read	retain	E	16	2264.79	8938	1
U-wire-ListMetricsResponse-batches-as-wt0	corpus	decode-read	retain	R	16	2254.08	8934	0
U-wire-ListMetricsResponse-batches-as-wt0	corpus	decode-read	retain	E2	16	2298.65	8881	1
U-wire-ListMetricsResponse-batches-as-wt0	corpus	decode-read	retain	R	17	2215.28	8934	0
U-wire-ListMetricsResponse-batches-as-wt0	corpus	decode-read	retain	E2	17	2281.22	8881	1
U-wire-ListMetricsResponse-batches-as-wt0	corpus	decode-read	retain	E	17	2302.85	8938	1
U-wire-ListMetricsResponse-batches-as-wt0	corpus	decode-read	retain	E2	18	2243.77	8881	1
U-wire-ListMetricsResponse-batches-as-wt0	corpus	decode-read	retain	E	18	2216.78	8938	1
U-wire-ListMetricsResponse-batches-as-wt0	corpus	decode-read	retain	R	18	2097.90	8934	0
U-wire-ListMetricsResponse-batches-as-wt0	corpus	decode-read	retain	E	19	2299.27	8938	1
U-wire-ListMetricsResponse-batches-as-wt0	corpus	decode-read	retain	R	19	2200.45	8934	0
U-wire-ListMetricsResponse-batches-as-wt0	corpus	decode-read	retain	E2	19	2408.39	8881	1
U-wire-ListMetricsResponse-batches-as-wt0	corpus	decode-read	retain	R	20	2224.98	8934	0
U-wire-ListMetricsResponse-batches-as-wt0	corpus	decode-read	retain	E2	20	2526.01	8881	1
U-wire-ListMetricsResponse-batches-as-wt0	corpus	decode-read	retain	E	20	2593.54	8938	1
U-wire-ListMetricsResponse-batches-as-wt0	corpus	decode-read	retain	E2	21	2329.23	8881	1
U-wire-ListMetricsResponse-batches-as-wt0	corpus	decode-read	retain	E	21	2289.19	8938	1
U-wire-ListMetricsResponse-batches-as-wt0	corpus	decode-read	retain	R	21	2259.61	8934	0
U-wire-ListMetricsResponse-batches-as-wt0	corpus	encode-core-hot	drop	E	1	1119.73	18035	0
U-wire-ListMetricsResponse-batches-as-wt0	corpus	encode-core-hot	drop	R	1	1143.00	17806	0
U-wire-ListMetricsResponse-batches-as-wt0	corpus	encode-core-hot	drop	E2	1	1119.80	17556	0
U-wire-ListMetricsResponse-batches-as-wt0	corpus	encode-core-hot	drop	R	2	1121.49	17806	0
U-wire-ListMetricsResponse-batches-as-wt0	corpus	encode-core-hot	drop	E2	2	1096.30	17556	0
U-wire-ListMetricsResponse-batches-as-wt0	corpus	encode-core-hot	drop	E	2	1110.72	18035	0
U-wire-ListMetricsResponse-batches-as-wt0	corpus	encode-core-hot	drop	E2	3	1112.70	17556	0
U-wire-ListMetricsResponse-batches-as-wt0	corpus	encode-core-hot	drop	E	3	1103.12	18035	0
U-wire-ListMetricsResponse-batches-as-wt0	corpus	encode-core-hot	drop	R	3	1135.04	17806	0
U-wire-ListMetricsResponse-batches-as-wt0	corpus	encode-core-hot	drop	E	4	1133.13	18035	0
U-wire-ListMetricsResponse-batches-as-wt0	corpus	encode-core-hot	drop	R	4	1127.07	17806	0
U-wire-ListMetricsResponse-batches-as-wt0	corpus	encode-core-hot	drop	E2	4	1112.63	17556	0
U-wire-ListMetricsResponse-batches-as-wt0	corpus	encode-core-hot	drop	R	5	1143.90	17806	0
U-wire-ListMetricsResponse-batches-as-wt0	corpus	encode-core-hot	drop	E2	5	1156.62	17556	0
U-wire-ListMetricsResponse-batches-as-wt0	corpus	encode-core-hot	drop	E	5	1134.22	18035	0
U-wire-ListMetricsResponse-batches-as-wt0	corpus	encode-core-hot	drop	E2	6	1116.67	17556	0
U-wire-ListMetricsResponse-batches-as-wt0	corpus	encode-core-hot	drop	E	6	1113.04	18035	0
U-wire-ListMetricsResponse-batches-as-wt0	corpus	encode-core-hot	drop	R	6	1146.61	17806	0
U-wire-ListMetricsResponse-batches-as-wt0	corpus	encode-core-hot	drop	E	7	1123.17	18035	0
U-wire-ListMetricsResponse-batches-as-wt0	corpus	encode-core-hot	drop	R	7	1120.18	17806	0
U-wire-ListMetricsResponse-batches-as-wt0	corpus	encode-core-hot	drop	E2	7	1102.13	17556	0
U-wire-ListMetricsResponse-batches-as-wt0	corpus	encode-core-hot	drop	R	8	1138.86	17806	0
U-wire-ListMetricsResponse-batches-as-wt0	corpus	encode-core-hot	drop	E2	8	1110.59	17556	0
U-wire-ListMetricsResponse-batches-as-wt0	corpus	encode-core-hot	drop	E	8	1103.89	18035	0
U-wire-ListMetricsResponse-batches-as-wt0	corpus	encode-core-hot	drop	E2	9	1122.70	17556	0
U-wire-ListMetricsResponse-batches-as-wt0	corpus	encode-core-hot	drop	E	9	1098.56	18035	0
U-wire-ListMetricsResponse-batches-as-wt0	corpus	encode-core-hot	drop	R	9	1128.96	17806	0
U-wire-ListMetricsResponse-batches-as-wt0	corpus	encode-core-hot	drop	E	10	1130.12	18035	0
U-wire-ListMetricsResponse-batches-as-wt0	corpus	encode-core-hot	drop	R	10	1130.44	17806	0
U-wire-ListMetricsResponse-batches-as-wt0	corpus	encode-core-hot	drop	E2	10	1089.15	17556	0
U-wire-ListMetricsResponse-batches-as-wt0	corpus	encode-core-hot	drop	R	11	1122.06	17806	0
U-wire-ListMetricsResponse-batches-as-wt0	corpus	encode-core-hot	drop	E2	11	1109.28	17556	0
U-wire-ListMetricsResponse-batches-as-wt0	corpus	encode-core-hot	drop	E	11	1086.28	18035	0
U-wire-ListMetricsResponse-batches-as-wt0	corpus	encode-core-hot	drop	E2	12	1090.46	17556	0
U-wire-ListMetricsResponse-batches-as-wt0	corpus	encode-core-hot	drop	E	12	1085.99	18035	0
U-wire-ListMetricsResponse-batches-as-wt0	corpus	encode-core-hot	drop	R	12	1121.69	17806	0
U-wire-ListMetricsResponse-batches-as-wt0	corpus	encode-core-hot	drop	E	13	1094.53	18035	0
U-wire-ListMetricsResponse-batches-as-wt0	corpus	encode-core-hot	drop	R	13	1143.24	17806	0
U-wire-ListMetricsResponse-batches-as-wt0	corpus	encode-core-hot	drop	E2	13	1095.34	17556	0
U-wire-ListMetricsResponse-batches-as-wt0	corpus	encode-core-hot	drop	R	14	1143.74	17806	0
U-wire-ListMetricsResponse-batches-as-wt0	corpus	encode-core-hot	drop	E2	14	1110.15	17556	0
U-wire-ListMetricsResponse-batches-as-wt0	corpus	encode-core-hot	drop	E	14	1085.54	18035	0
U-wire-ListMetricsResponse-batches-as-wt0	corpus	encode-core-hot	drop	E2	15	1101.64	17556	0
U-wire-ListMetricsResponse-batches-as-wt0	corpus	encode-core-hot	drop	E	15	1140.62	18035	0
U-wire-ListMetricsResponse-batches-as-wt0	corpus	encode-core-hot	drop	R	15	1123.86	17806	0
U-wire-ListMetricsResponse-batches-as-wt0	corpus	encode-core-hot	drop	E	16	1144.51	18035	0
U-wire-ListMetricsResponse-batches-as-wt0	corpus	encode-core-hot	drop	R	16	1144.24	17806	0
U-wire-ListMetricsResponse-batches-as-wt0	corpus	encode-core-hot	drop	E2	16	1104.57	17556	0
U-wire-ListMetricsResponse-batches-as-wt0	corpus	encode-core-hot	drop	R	17	1104.79	17806	0
U-wire-ListMetricsResponse-batches-as-wt0	corpus	encode-core-hot	drop	E2	17	1097.66	17556	0
U-wire-ListMetricsResponse-batches-as-wt0	corpus	encode-core-hot	drop	E	17	1084.08	18035	0
U-wire-ListMetricsResponse-batches-as-wt0	corpus	encode-core-hot	drop	E2	18	1082.18	17556	0
U-wire-ListMetricsResponse-batches-as-wt0	corpus	encode-core-hot	drop	E	18	1088.22	18035	0
U-wire-ListMetricsResponse-batches-as-wt0	corpus	encode-core-hot	drop	R	18	1114.05	17806	0
U-wire-ListMetricsResponse-batches-as-wt0	corpus	encode-core-hot	drop	E	19	1089.91	18035	0
U-wire-ListMetricsResponse-batches-as-wt0	corpus	encode-core-hot	drop	R	19	1133.07	17806	0
U-wire-ListMetricsResponse-batches-as-wt0	corpus	encode-core-hot	drop	E2	19	1100.10	17556	0
U-wire-ListMetricsResponse-batches-as-wt0	corpus	encode-core-hot	drop	R	20	1131.86	17806	0
U-wire-ListMetricsResponse-batches-as-wt0	corpus	encode-core-hot	drop	E2	20	1131.37	17556	0
U-wire-ListMetricsResponse-batches-as-wt0	corpus	encode-core-hot	drop	E	20	1091.79	18035	0
U-wire-ListMetricsResponse-batches-as-wt0	corpus	encode-core-hot	drop	E2	21	1103.65	17556	0
U-wire-ListMetricsResponse-batches-as-wt0	corpus	encode-core-hot	drop	E	21	1087.57	18035	0
U-wire-ListMetricsResponse-batches-as-wt0	corpus	encode-core-hot	drop	R	21	1222.93	17806	0
U-wire-ListMetricsResponse-batches-as-wt0	corpus	encode-core-hot	retain	E	1	1133.38	17759	0
U-wire-ListMetricsResponse-batches-as-wt0	corpus	encode-core-hot	retain	R	1	1144.41	17699	0
U-wire-ListMetricsResponse-batches-as-wt0	corpus	encode-core-hot	retain	E2	1	1125.41	17910	0
U-wire-ListMetricsResponse-batches-as-wt0	corpus	encode-core-hot	retain	R	2	1130.95	17699	0
U-wire-ListMetricsResponse-batches-as-wt0	corpus	encode-core-hot	retain	E2	2	1130.86	17910	0
U-wire-ListMetricsResponse-batches-as-wt0	corpus	encode-core-hot	retain	E	2	1127.16	17759	0
U-wire-ListMetricsResponse-batches-as-wt0	corpus	encode-core-hot	retain	E2	3	1134.97	17910	0
U-wire-ListMetricsResponse-batches-as-wt0	corpus	encode-core-hot	retain	E	3	1125.51	17759	0
U-wire-ListMetricsResponse-batches-as-wt0	corpus	encode-core-hot	retain	R	3	1128.02	17699	0
U-wire-ListMetricsResponse-batches-as-wt0	corpus	encode-core-hot	retain	E	4	1121.91	17759	0
U-wire-ListMetricsResponse-batches-as-wt0	corpus	encode-core-hot	retain	R	4	1125.08	17699	0
U-wire-ListMetricsResponse-batches-as-wt0	corpus	encode-core-hot	retain	E2	4	1117.26	17910	0
U-wire-ListMetricsResponse-batches-as-wt0	corpus	encode-core-hot	retain	R	5	1132.02	17699	0
U-wire-ListMetricsResponse-batches-as-wt0	corpus	encode-core-hot	retain	E2	5	1138.50	17910	0
U-wire-ListMetricsResponse-batches-as-wt0	corpus	encode-core-hot	retain	E	5	1133.51	17759	0
U-wire-ListMetricsResponse-batches-as-wt0	corpus	encode-core-hot	retain	E2	6	1144.09	17910	0
U-wire-ListMetricsResponse-batches-as-wt0	corpus	encode-core-hot	retain	E	6	1124.53	17759	0
U-wire-ListMetricsResponse-batches-as-wt0	corpus	encode-core-hot	retain	R	6	1141.43	17699	0
U-wire-ListMetricsResponse-batches-as-wt0	corpus	encode-core-hot	retain	E	7	1135.24	17759	0
U-wire-ListMetricsResponse-batches-as-wt0	corpus	encode-core-hot	retain	R	7	1136.71	17699	0
U-wire-ListMetricsResponse-batches-as-wt0	corpus	encode-core-hot	retain	E2	7	1126.64	17910	0
U-wire-ListMetricsResponse-batches-as-wt0	corpus	encode-core-hot	retain	R	8	1123.31	17699	0
U-wire-ListMetricsResponse-batches-as-wt0	corpus	encode-core-hot	retain	E2	8	1129.40	17910	0
U-wire-ListMetricsResponse-batches-as-wt0	corpus	encode-core-hot	retain	E	8	1120.91	17759	0
U-wire-ListMetricsResponse-batches-as-wt0	corpus	encode-core-hot	retain	E2	9	1127.00	17910	0
U-wire-ListMetricsResponse-batches-as-wt0	corpus	encode-core-hot	retain	E	9	1124.93	17759	0
U-wire-ListMetricsResponse-batches-as-wt0	corpus	encode-core-hot	retain	R	9	1146.19	17699	0
U-wire-ListMetricsResponse-batches-as-wt0	corpus	encode-core-hot	retain	E	10	1159.80	17759	0
U-wire-ListMetricsResponse-batches-as-wt0	corpus	encode-core-hot	retain	R	10	1140.38	17699	0
U-wire-ListMetricsResponse-batches-as-wt0	corpus	encode-core-hot	retain	E2	10	1155.33	17910	0
U-wire-ListMetricsResponse-batches-as-wt0	corpus	encode-core-hot	retain	R	11	1124.96	17699	0
U-wire-ListMetricsResponse-batches-as-wt0	corpus	encode-core-hot	retain	E2	11	1143.99	17910	0
U-wire-ListMetricsResponse-batches-as-wt0	corpus	encode-core-hot	retain	E	11	1136.13	17759	0
U-wire-ListMetricsResponse-batches-as-wt0	corpus	encode-core-hot	retain	E2	12	1125.16	17910	0
U-wire-ListMetricsResponse-batches-as-wt0	corpus	encode-core-hot	retain	E	12	1129.20	17759	0
U-wire-ListMetricsResponse-batches-as-wt0	corpus	encode-core-hot	retain	R	12	1126.39	17699	0
U-wire-ListMetricsResponse-batches-as-wt0	corpus	encode-core-hot	retain	E	13	1146.18	17759	0
U-wire-ListMetricsResponse-batches-as-wt0	corpus	encode-core-hot	retain	R	13	1144.75	17699	0
U-wire-ListMetricsResponse-batches-as-wt0	corpus	encode-core-hot	retain	E2	13	1137.29	17910	0
U-wire-ListMetricsResponse-batches-as-wt0	corpus	encode-core-hot	retain	R	14	1147.22	17699	0
U-wire-ListMetricsResponse-batches-as-wt0	corpus	encode-core-hot	retain	E2	14	1127.91	17910	0
U-wire-ListMetricsResponse-batches-as-wt0	corpus	encode-core-hot	retain	E	14	1126.74	17759	0
U-wire-ListMetricsResponse-batches-as-wt0	corpus	encode-core-hot	retain	E2	15	1136.31	17910	0
U-wire-ListMetricsResponse-batches-as-wt0	corpus	encode-core-hot	retain	E	15	1136.16	17759	0
U-wire-ListMetricsResponse-batches-as-wt0	corpus	encode-core-hot	retain	R	15	1131.57	17699	0
U-wire-ListMetricsResponse-batches-as-wt0	corpus	encode-core-hot	retain	E	16	1130.37	17759	0
U-wire-ListMetricsResponse-batches-as-wt0	corpus	encode-core-hot	retain	R	16	1139.04	17699	0
U-wire-ListMetricsResponse-batches-as-wt0	corpus	encode-core-hot	retain	E2	16	1134.22	17910	0
U-wire-ListMetricsResponse-batches-as-wt0	corpus	encode-core-hot	retain	R	17	1133.09	17699	0
U-wire-ListMetricsResponse-batches-as-wt0	corpus	encode-core-hot	retain	E2	17	1128.99	17910	0
U-wire-ListMetricsResponse-batches-as-wt0	corpus	encode-core-hot	retain	E	17	1122.68	17759	0
U-wire-ListMetricsResponse-batches-as-wt0	corpus	encode-core-hot	retain	E2	18	1121.77	17910	0
U-wire-ListMetricsResponse-batches-as-wt0	corpus	encode-core-hot	retain	E	18	1129.41	17759	0
U-wire-ListMetricsResponse-batches-as-wt0	corpus	encode-core-hot	retain	R	18	1127.22	17699	0
U-wire-ListMetricsResponse-batches-as-wt0	corpus	encode-core-hot	retain	E	19	1124.53	17759	0
U-wire-ListMetricsResponse-batches-as-wt0	corpus	encode-core-hot	retain	R	19	1130.97	17699	0
U-wire-ListMetricsResponse-batches-as-wt0	corpus	encode-core-hot	retain	E2	19	1141.57	17910	0
U-wire-ListMetricsResponse-batches-as-wt0	corpus	encode-core-hot	retain	R	20	1142.47	17699	0
U-wire-ListMetricsResponse-batches-as-wt0	corpus	encode-core-hot	retain	E2	20	1117.70	17910	0
U-wire-ListMetricsResponse-batches-as-wt0	corpus	encode-core-hot	retain	E	20	1120.58	17759	0
U-wire-ListMetricsResponse-batches-as-wt0	corpus	encode-core-hot	retain	E2	21	1111.12	17910	0
U-wire-ListMetricsResponse-batches-as-wt0	corpus	encode-core-hot	retain	E	21	1140.96	17759	0
U-wire-ListMetricsResponse-batches-as-wt0	corpus	encode-core-hot	retain	R	21	1137.11	17699	0
U-wire-DualResponse-left-as-wt5	corpus	decode-read	drop	E	1	384.25	52123	1
U-wire-DualResponse-left-as-wt5	corpus	decode-read	drop	R	1	376.24	53228	0
U-wire-DualResponse-left-as-wt5	corpus	decode-read	drop	E2	1	385.84	52188	1
U-wire-DualResponse-left-as-wt5	corpus	decode-read	drop	R	2	385.50	53228	0
U-wire-DualResponse-left-as-wt5	corpus	decode-read	drop	E2	2	398.02	52188	1
U-wire-DualResponse-left-as-wt5	corpus	decode-read	drop	E	2	387.38	52123	1
U-wire-DualResponse-left-as-wt5	corpus	decode-read	drop	E2	3	393.80	52188	1
U-wire-DualResponse-left-as-wt5	corpus	decode-read	drop	E	3	386.93	52123	1
U-wire-DualResponse-left-as-wt5	corpus	decode-read	drop	R	3	379.69	53228	0
U-wire-DualResponse-left-as-wt5	corpus	decode-read	drop	E	4	390.44	52123	1
U-wire-DualResponse-left-as-wt5	corpus	decode-read	drop	R	4	376.35	53228	0
U-wire-DualResponse-left-as-wt5	corpus	decode-read	drop	E2	4	381.07	52188	1
U-wire-DualResponse-left-as-wt5	corpus	decode-read	drop	R	5	377.60	53228	0
U-wire-DualResponse-left-as-wt5	corpus	decode-read	drop	E2	5	385.43	52188	1
U-wire-DualResponse-left-as-wt5	corpus	decode-read	drop	E	5	395.99	52123	1
U-wire-DualResponse-left-as-wt5	corpus	decode-read	drop	E2	6	396.96	52188	1
U-wire-DualResponse-left-as-wt5	corpus	decode-read	drop	E	6	386.55	52123	1
U-wire-DualResponse-left-as-wt5	corpus	decode-read	drop	R	6	378.91	53228	0
U-wire-DualResponse-left-as-wt5	corpus	decode-read	drop	E	7	393.95	52123	1
U-wire-DualResponse-left-as-wt5	corpus	decode-read	drop	R	7	380.86	53228	0
U-wire-DualResponse-left-as-wt5	corpus	decode-read	drop	E2	7	384.71	52188	1
U-wire-DualResponse-left-as-wt5	corpus	decode-read	drop	R	8	380.69	53228	0
U-wire-DualResponse-left-as-wt5	corpus	decode-read	drop	E2	8	387.20	52188	1
U-wire-DualResponse-left-as-wt5	corpus	decode-read	drop	E	8	394.57	52123	1
U-wire-DualResponse-left-as-wt5	corpus	decode-read	drop	E2	9	386.62	52188	1
U-wire-DualResponse-left-as-wt5	corpus	decode-read	drop	E	9	384.90	52123	1
U-wire-DualResponse-left-as-wt5	corpus	decode-read	drop	R	9	379.26	53228	0
U-wire-DualResponse-left-as-wt5	corpus	decode-read	drop	E	10	385.34	52123	1
U-wire-DualResponse-left-as-wt5	corpus	decode-read	drop	R	10	384.32	53228	0
U-wire-DualResponse-left-as-wt5	corpus	decode-read	drop	E2	10	386.69	52188	1
U-wire-DualResponse-left-as-wt5	corpus	decode-read	drop	R	11	376.72	53228	0
U-wire-DualResponse-left-as-wt5	corpus	decode-read	drop	E2	11	385.70	52188	1
U-wire-DualResponse-left-as-wt5	corpus	decode-read	drop	E	11	387.01	52123	1
U-wire-DualResponse-left-as-wt5	corpus	decode-read	drop	E2	12	392.82	52188	1
U-wire-DualResponse-left-as-wt5	corpus	decode-read	drop	E	12	385.25	52123	1
U-wire-DualResponse-left-as-wt5	corpus	decode-read	drop	R	12	381.28	53228	0
U-wire-DualResponse-left-as-wt5	corpus	decode-read	drop	E	13	383.52	52123	1
U-wire-DualResponse-left-as-wt5	corpus	decode-read	drop	R	13	375.70	53228	0
U-wire-DualResponse-left-as-wt5	corpus	decode-read	drop	E2	13	388.04	52188	1
U-wire-DualResponse-left-as-wt5	corpus	decode-read	drop	R	14	373.33	53228	0
U-wire-DualResponse-left-as-wt5	corpus	decode-read	drop	E2	14	375.67	52188	1
U-wire-DualResponse-left-as-wt5	corpus	decode-read	drop	E	14	379.63	52123	1
U-wire-DualResponse-left-as-wt5	corpus	decode-read	drop	E2	15	380.08	52188	1
U-wire-DualResponse-left-as-wt5	corpus	decode-read	drop	E	15	382.54	52123	1
U-wire-DualResponse-left-as-wt5	corpus	decode-read	drop	R	15	375.21	53228	0
U-wire-DualResponse-left-as-wt5	corpus	decode-read	drop	E	16	383.84	52123	1
U-wire-DualResponse-left-as-wt5	corpus	decode-read	drop	R	16	372.94	53228	0
U-wire-DualResponse-left-as-wt5	corpus	decode-read	drop	E2	16	389.68	52188	1
U-wire-DualResponse-left-as-wt5	corpus	decode-read	drop	R	17	375.53	53228	0
U-wire-DualResponse-left-as-wt5	corpus	decode-read	drop	E2	17	381.66	52188	1
U-wire-DualResponse-left-as-wt5	corpus	decode-read	drop	E	17	384.92	52123	1
U-wire-DualResponse-left-as-wt5	corpus	decode-read	drop	E2	18	383.54	52188	1
U-wire-DualResponse-left-as-wt5	corpus	decode-read	drop	E	18	394.75	52123	1
U-wire-DualResponse-left-as-wt5	corpus	decode-read	drop	R	18	385.86	53228	0
U-wire-DualResponse-left-as-wt5	corpus	decode-read	drop	E	19	385.83	52123	1
U-wire-DualResponse-left-as-wt5	corpus	decode-read	drop	R	19	379.46	53228	0
U-wire-DualResponse-left-as-wt5	corpus	decode-read	drop	E2	19	383.21	52188	1
U-wire-DualResponse-left-as-wt5	corpus	decode-read	drop	R	20	381.79	53228	0
U-wire-DualResponse-left-as-wt5	corpus	decode-read	drop	E2	20	382.60	52188	1
U-wire-DualResponse-left-as-wt5	corpus	decode-read	drop	E	20	381.76	52123	1
U-wire-DualResponse-left-as-wt5	corpus	decode-read	drop	E2	21	384.93	52188	1
U-wire-DualResponse-left-as-wt5	corpus	decode-read	drop	E	21	380.88	52123	1
U-wire-DualResponse-left-as-wt5	corpus	decode-read	drop	R	21	381.90	53228	0
U-wire-DualResponse-left-as-wt5	corpus	decode-read	retain	E	1	459.91	23448	1
U-wire-DualResponse-left-as-wt5	corpus	decode-read	retain	R	1	431.70	46309	0
U-wire-DualResponse-left-as-wt5	corpus	decode-read	retain	E2	1	453.34	45416	1
U-wire-DualResponse-left-as-wt5	corpus	decode-read	retain	R	2	447.05	46309	0
U-wire-DualResponse-left-as-wt5	corpus	decode-read	retain	E2	2	457.22	45416	1
U-wire-DualResponse-left-as-wt5	corpus	decode-read	retain	E	2	441.16	23448	1
U-wire-DualResponse-left-as-wt5	corpus	decode-read	retain	E2	3	450.20	45416	1
U-wire-DualResponse-left-as-wt5	corpus	decode-read	retain	E	3	440.67	23448	1
U-wire-DualResponse-left-as-wt5	corpus	decode-read	retain	R	3	428.28	46309	0
U-wire-DualResponse-left-as-wt5	corpus	decode-read	retain	E	4	437.79	23448	1
U-wire-DualResponse-left-as-wt5	corpus	decode-read	retain	R	4	432.10	46309	0
U-wire-DualResponse-left-as-wt5	corpus	decode-read	retain	E2	4	446.18	45416	1
U-wire-DualResponse-left-as-wt5	corpus	decode-read	retain	R	5	444.02	46309	0
U-wire-DualResponse-left-as-wt5	corpus	decode-read	retain	E2	5	444.92	45416	1
U-wire-DualResponse-left-as-wt5	corpus	decode-read	retain	E	5	445.19	23448	1
U-wire-DualResponse-left-as-wt5	corpus	decode-read	retain	E2	6	441.74	45416	1
U-wire-DualResponse-left-as-wt5	corpus	decode-read	retain	E	6	451.70	23448	1
U-wire-DualResponse-left-as-wt5	corpus	decode-read	retain	R	6	468.11	46309	0
U-wire-DualResponse-left-as-wt5	corpus	decode-read	retain	E	7	449.54	23448	1
U-wire-DualResponse-left-as-wt5	corpus	decode-read	retain	R	7	479.81	46309	0
U-wire-DualResponse-left-as-wt5	corpus	decode-read	retain	E2	7	450.49	45416	1
U-wire-DualResponse-left-as-wt5	corpus	decode-read	retain	R	8	436.95	46309	0
U-wire-DualResponse-left-as-wt5	corpus	decode-read	retain	E2	8	445.37	45416	1
U-wire-DualResponse-left-as-wt5	corpus	decode-read	retain	E	8	438.35	23448	1
U-wire-DualResponse-left-as-wt5	corpus	decode-read	retain	E2	9	442.13	45416	1
U-wire-DualResponse-left-as-wt5	corpus	decode-read	retain	E	9	459.32	23448	1
U-wire-DualResponse-left-as-wt5	corpus	decode-read	retain	R	9	435.68	46309	0
U-wire-DualResponse-left-as-wt5	corpus	decode-read	retain	E	10	438.65	23448	1
U-wire-DualResponse-left-as-wt5	corpus	decode-read	retain	R	10	439.28	46309	0
U-wire-DualResponse-left-as-wt5	corpus	decode-read	retain	E2	10	445.39	45416	1
U-wire-DualResponse-left-as-wt5	corpus	decode-read	retain	R	11	431.65	46309	0
U-wire-DualResponse-left-as-wt5	corpus	decode-read	retain	E2	11	461.33	45416	1
U-wire-DualResponse-left-as-wt5	corpus	decode-read	retain	E	11	436.12	23448	1
U-wire-DualResponse-left-as-wt5	corpus	decode-read	retain	E2	12	433.61	45416	1
U-wire-DualResponse-left-as-wt5	corpus	decode-read	retain	E	12	443.33	23448	1
U-wire-DualResponse-left-as-wt5	corpus	decode-read	retain	R	12	438.04	46309	0
U-wire-DualResponse-left-as-wt5	corpus	decode-read	retain	E	13	452.60	23448	1
U-wire-DualResponse-left-as-wt5	corpus	decode-read	retain	R	13	446.30	46309	0
U-wire-DualResponse-left-as-wt5	corpus	decode-read	retain	E2	13	473.59	45416	1
U-wire-DualResponse-left-as-wt5	corpus	decode-read	retain	R	14	461.92	46309	0
U-wire-DualResponse-left-as-wt5	corpus	decode-read	retain	E2	14	462.63	45416	1
U-wire-DualResponse-left-as-wt5	corpus	decode-read	retain	E	14	456.68	23448	1
U-wire-DualResponse-left-as-wt5	corpus	decode-read	retain	E2	15	476.30	45416	1
U-wire-DualResponse-left-as-wt5	corpus	decode-read	retain	E	15	473.28	23448	1
U-wire-DualResponse-left-as-wt5	corpus	decode-read	retain	R	15	454.58	46309	0
U-wire-DualResponse-left-as-wt5	corpus	decode-read	retain	E	16	438.97	23448	1
U-wire-DualResponse-left-as-wt5	corpus	decode-read	retain	R	16	432.13	46309	0
U-wire-DualResponse-left-as-wt5	corpus	decode-read	retain	E2	16	453.20	45416	1
U-wire-DualResponse-left-as-wt5	corpus	decode-read	retain	R	17	436.45	46309	0
U-wire-DualResponse-left-as-wt5	corpus	decode-read	retain	E2	17	442.26	45416	1
U-wire-DualResponse-left-as-wt5	corpus	decode-read	retain	E	17	455.63	23448	1
U-wire-DualResponse-left-as-wt5	corpus	decode-read	retain	E2	18	444.95	45416	1
U-wire-DualResponse-left-as-wt5	corpus	decode-read	retain	E	18	445.60	23448	1
U-wire-DualResponse-left-as-wt5	corpus	decode-read	retain	R	18	436.96	46309	0
U-wire-DualResponse-left-as-wt5	corpus	decode-read	retain	E	19	439.63	23448	1
U-wire-DualResponse-left-as-wt5	corpus	decode-read	retain	R	19	436.55	46309	0
U-wire-DualResponse-left-as-wt5	corpus	decode-read	retain	E2	19	451.93	45416	1
U-wire-DualResponse-left-as-wt5	corpus	decode-read	retain	R	20	446.78	46309	0
U-wire-DualResponse-left-as-wt5	corpus	decode-read	retain	E2	20	446.18	45416	1
U-wire-DualResponse-left-as-wt5	corpus	decode-read	retain	E	20	453.71	23448	1
U-wire-DualResponse-left-as-wt5	corpus	decode-read	retain	E2	21	452.96	45416	1
U-wire-DualResponse-left-as-wt5	corpus	decode-read	retain	E	21	449.96	23448	1
U-wire-DualResponse-left-as-wt5	corpus	decode-read	retain	R	21	452.15	46309	0
U-wire-DualResponse-left-as-wt5	corpus	encode-core-hot	drop	E	1	204.49	101008	0
U-wire-DualResponse-left-as-wt5	corpus	encode-core-hot	drop	R	1	191.63	105657	0
U-wire-DualResponse-left-as-wt5	corpus	encode-core-hot	drop	E2	1	195.04	102989	0
U-wire-DualResponse-left-as-wt5	corpus	encode-core-hot	drop	R	2	189.48	105657	0
U-wire-DualResponse-left-as-wt5	corpus	encode-core-hot	drop	E2	2	195.99	102989	0
U-wire-DualResponse-left-as-wt5	corpus	encode-core-hot	drop	E	2	196.83	101008	0
U-wire-DualResponse-left-as-wt5	corpus	encode-core-hot	drop	E2	3	195.29	102989	0
U-wire-DualResponse-left-as-wt5	corpus	encode-core-hot	drop	E	3	197.67	101008	0
U-wire-DualResponse-left-as-wt5	corpus	encode-core-hot	drop	R	3	192.45	105657	0
U-wire-DualResponse-left-as-wt5	corpus	encode-core-hot	drop	E	4	196.06	101008	0
U-wire-DualResponse-left-as-wt5	corpus	encode-core-hot	drop	R	4	190.41	105657	0
U-wire-DualResponse-left-as-wt5	corpus	encode-core-hot	drop	E2	4	195.36	102989	0
U-wire-DualResponse-left-as-wt5	corpus	encode-core-hot	drop	R	5	189.71	105657	0
U-wire-DualResponse-left-as-wt5	corpus	encode-core-hot	drop	E2	5	196.37	102989	0
U-wire-DualResponse-left-as-wt5	corpus	encode-core-hot	drop	E	5	194.80	101008	0
U-wire-DualResponse-left-as-wt5	corpus	encode-core-hot	drop	E2	6	218.69	102989	0
U-wire-DualResponse-left-as-wt5	corpus	encode-core-hot	drop	E	6	209.48	101008	0
U-wire-DualResponse-left-as-wt5	corpus	encode-core-hot	drop	R	6	199.06	105657	0
U-wire-DualResponse-left-as-wt5	corpus	encode-core-hot	drop	E	7	202.89	101008	0
U-wire-DualResponse-left-as-wt5	corpus	encode-core-hot	drop	R	7	199.71	105657	0
U-wire-DualResponse-left-as-wt5	corpus	encode-core-hot	drop	E2	7	203.74	102989	0
U-wire-DualResponse-left-as-wt5	corpus	encode-core-hot	drop	R	8	197.99	105657	0
U-wire-DualResponse-left-as-wt5	corpus	encode-core-hot	drop	E2	8	203.37	102989	0
U-wire-DualResponse-left-as-wt5	corpus	encode-core-hot	drop	E	8	200.93	101008	0
U-wire-DualResponse-left-as-wt5	corpus	encode-core-hot	drop	E2	9	200.89	102989	0
U-wire-DualResponse-left-as-wt5	corpus	encode-core-hot	drop	E	9	199.03	101008	0
U-wire-DualResponse-left-as-wt5	corpus	encode-core-hot	drop	R	9	195.54	105657	0
U-wire-DualResponse-left-as-wt5	corpus	encode-core-hot	drop	E	10	197.44	101008	0
U-wire-DualResponse-left-as-wt5	corpus	encode-core-hot	drop	R	10	192.66	105657	0
U-wire-DualResponse-left-as-wt5	corpus	encode-core-hot	drop	E2	10	202.96	102989	0
U-wire-DualResponse-left-as-wt5	corpus	encode-core-hot	drop	R	11	192.63	105657	0
U-wire-DualResponse-left-as-wt5	corpus	encode-core-hot	drop	E2	11	197.29	102989	0
U-wire-DualResponse-left-as-wt5	corpus	encode-core-hot	drop	E	11	198.30	101008	0
U-wire-DualResponse-left-as-wt5	corpus	encode-core-hot	drop	E2	12	200.97	102989	0
U-wire-DualResponse-left-as-wt5	corpus	encode-core-hot	drop	E	12	195.82	101008	0
U-wire-DualResponse-left-as-wt5	corpus	encode-core-hot	drop	R	12	217.30	105657	0
U-wire-DualResponse-left-as-wt5	corpus	encode-core-hot	drop	E	13	200.62	101008	0
U-wire-DualResponse-left-as-wt5	corpus	encode-core-hot	drop	R	13	214.55	105657	0
U-wire-DualResponse-left-as-wt5	corpus	encode-core-hot	drop	E2	13	208.50	102989	0
U-wire-DualResponse-left-as-wt5	corpus	encode-core-hot	drop	R	14	196.84	105657	0
U-wire-DualResponse-left-as-wt5	corpus	encode-core-hot	drop	E2	14	205.41	102989	0
U-wire-DualResponse-left-as-wt5	corpus	encode-core-hot	drop	E	14	203.53	101008	0
U-wire-DualResponse-left-as-wt5	corpus	encode-core-hot	drop	E2	15	201.35	102989	0
U-wire-DualResponse-left-as-wt5	corpus	encode-core-hot	drop	E	15	201.34	101008	0
U-wire-DualResponse-left-as-wt5	corpus	encode-core-hot	drop	R	15	199.07	105657	0
U-wire-DualResponse-left-as-wt5	corpus	encode-core-hot	drop	E	16	204.06	101008	0
U-wire-DualResponse-left-as-wt5	corpus	encode-core-hot	drop	R	16	202.95	105657	0
U-wire-DualResponse-left-as-wt5	corpus	encode-core-hot	drop	E2	16	211.73	102989	0
U-wire-DualResponse-left-as-wt5	corpus	encode-core-hot	drop	R	17	200.98	105657	0
U-wire-DualResponse-left-as-wt5	corpus	encode-core-hot	drop	E2	17	211.80	102989	0
U-wire-DualResponse-left-as-wt5	corpus	encode-core-hot	drop	E	17	219.32	101008	0
U-wire-DualResponse-left-as-wt5	corpus	encode-core-hot	drop	E2	18	221.72	102989	0
U-wire-DualResponse-left-as-wt5	corpus	encode-core-hot	drop	E	18	224.41	101008	0
U-wire-DualResponse-left-as-wt5	corpus	encode-core-hot	drop	R	18	203.10	105657	0
U-wire-DualResponse-left-as-wt5	corpus	encode-core-hot	drop	E	19	201.33	101008	0
U-wire-DualResponse-left-as-wt5	corpus	encode-core-hot	drop	R	19	194.34	105657	0
U-wire-DualResponse-left-as-wt5	corpus	encode-core-hot	drop	E2	19	205.72	102989	0
U-wire-DualResponse-left-as-wt5	corpus	encode-core-hot	drop	R	20	198.63	105657	0
U-wire-DualResponse-left-as-wt5	corpus	encode-core-hot	drop	E2	20	198.70	102989	0
U-wire-DualResponse-left-as-wt5	corpus	encode-core-hot	drop	E	20	197.83	101008	0
U-wire-DualResponse-left-as-wt5	corpus	encode-core-hot	drop	E2	21	196.85	102989	0
U-wire-DualResponse-left-as-wt5	corpus	encode-core-hot	drop	E	21	197.69	101008	0
U-wire-DualResponse-left-as-wt5	corpus	encode-core-hot	drop	R	21	196.85	105657	0
U-wire-DualResponse-left-as-wt5	corpus	encode-core-hot	retain	E	1	216.04	81220	0
U-wire-DualResponse-left-as-wt5	corpus	encode-core-hot	retain	R	1	211.42	84599	0
U-wire-DualResponse-left-as-wt5	corpus	encode-core-hot	retain	E2	1	216.63	93137	0
U-wire-DualResponse-left-as-wt5	corpus	encode-core-hot	retain	R	2	214.60	84599	0
U-wire-DualResponse-left-as-wt5	corpus	encode-core-hot	retain	E2	2	216.98	93137	0
U-wire-DualResponse-left-as-wt5	corpus	encode-core-hot	retain	E	2	216.65	81220	0
U-wire-DualResponse-left-as-wt5	corpus	encode-core-hot	retain	E2	3	211.96	93137	0
U-wire-DualResponse-left-as-wt5	corpus	encode-core-hot	retain	E	3	220.82	81220	0
U-wire-DualResponse-left-as-wt5	corpus	encode-core-hot	retain	R	3	212.31	84599	0
U-wire-DualResponse-left-as-wt5	corpus	encode-core-hot	retain	E	4	216.46	81220	0
U-wire-DualResponse-left-as-wt5	corpus	encode-core-hot	retain	R	4	213.43	84599	0
U-wire-DualResponse-left-as-wt5	corpus	encode-core-hot	retain	E2	4	223.54	93137	0
U-wire-DualResponse-left-as-wt5	corpus	encode-core-hot	retain	R	5	212.81	84599	0
U-wire-DualResponse-left-as-wt5	corpus	encode-core-hot	retain	E2	5	216.76	93137	0
U-wire-DualResponse-left-as-wt5	corpus	encode-core-hot	retain	E	5	213.90	81220	0
U-wire-DualResponse-left-as-wt5	corpus	encode-core-hot	retain	E2	6	284.11	93137	0
U-wire-DualResponse-left-as-wt5	corpus	encode-core-hot	retain	E	6	238.38	81220	0
U-wire-DualResponse-left-as-wt5	corpus	encode-core-hot	retain	R	6	212.03	84599	0
U-wire-DualResponse-left-as-wt5	corpus	encode-core-hot	retain	E	7	217.90	81220	0
U-wire-DualResponse-left-as-wt5	corpus	encode-core-hot	retain	R	7	212.01	84599	0
U-wire-DualResponse-left-as-wt5	corpus	encode-core-hot	retain	E2	7	217.49	93137	0
U-wire-DualResponse-left-as-wt5	corpus	encode-core-hot	retain	R	8	211.43	84599	0
U-wire-DualResponse-left-as-wt5	corpus	encode-core-hot	retain	E2	8	220.24	93137	0
U-wire-DualResponse-left-as-wt5	corpus	encode-core-hot	retain	E	8	224.65	81220	0
U-wire-DualResponse-left-as-wt5	corpus	encode-core-hot	retain	E2	9	220.72	93137	0
U-wire-DualResponse-left-as-wt5	corpus	encode-core-hot	retain	E	9	220.79	81220	0
U-wire-DualResponse-left-as-wt5	corpus	encode-core-hot	retain	R	9	221.48	84599	0
U-wire-DualResponse-left-as-wt5	corpus	encode-core-hot	retain	E	10	220.28	81220	0
U-wire-DualResponse-left-as-wt5	corpus	encode-core-hot	retain	R	10	210.48	84599	0
U-wire-DualResponse-left-as-wt5	corpus	encode-core-hot	retain	E2	10	230.79	93137	0
U-wire-DualResponse-left-as-wt5	corpus	encode-core-hot	retain	R	11	221.27	84599	0
U-wire-DualResponse-left-as-wt5	corpus	encode-core-hot	retain	E2	11	220.65	93137	0
U-wire-DualResponse-left-as-wt5	corpus	encode-core-hot	retain	E	11	218.65	81220	0
U-wire-DualResponse-left-as-wt5	corpus	encode-core-hot	retain	E2	12	221.10	93137	0
U-wire-DualResponse-left-as-wt5	corpus	encode-core-hot	retain	E	12	226.22	81220	0
U-wire-DualResponse-left-as-wt5	corpus	encode-core-hot	retain	R	12	220.11	84599	0
U-wire-DualResponse-left-as-wt5	corpus	encode-core-hot	retain	E	13	245.08	81220	0
U-wire-DualResponse-left-as-wt5	corpus	encode-core-hot	retain	R	13	220.27	84599	0
U-wire-DualResponse-left-as-wt5	corpus	encode-core-hot	retain	E2	13	221.82	93137	0
U-wire-DualResponse-left-as-wt5	corpus	encode-core-hot	retain	R	14	216.40	84599	0
U-wire-DualResponse-left-as-wt5	corpus	encode-core-hot	retain	E2	14	226.63	93137	0
U-wire-DualResponse-left-as-wt5	corpus	encode-core-hot	retain	E	14	226.77	81220	0
U-wire-DualResponse-left-as-wt5	corpus	encode-core-hot	retain	E2	15	224.57	93137	0
U-wire-DualResponse-left-as-wt5	corpus	encode-core-hot	retain	E	15	217.86	81220	0
U-wire-DualResponse-left-as-wt5	corpus	encode-core-hot	retain	R	15	215.45	84599	0
U-wire-DualResponse-left-as-wt5	corpus	encode-core-hot	retain	E	16	228.76	81220	0
U-wire-DualResponse-left-as-wt5	corpus	encode-core-hot	retain	R	16	224.87	84599	0
U-wire-DualResponse-left-as-wt5	corpus	encode-core-hot	retain	E2	16	222.67	93137	0
U-wire-DualResponse-left-as-wt5	corpus	encode-core-hot	retain	R	17	214.90	84599	0
U-wire-DualResponse-left-as-wt5	corpus	encode-core-hot	retain	E2	17	234.89	93137	0
U-wire-DualResponse-left-as-wt5	corpus	encode-core-hot	retain	E	17	225.06	81220	0
U-wire-DualResponse-left-as-wt5	corpus	encode-core-hot	retain	E2	18	217.59	93137	0
U-wire-DualResponse-left-as-wt5	corpus	encode-core-hot	retain	E	18	223.10	81220	0
U-wire-DualResponse-left-as-wt5	corpus	encode-core-hot	retain	R	18	217.63	84599	0
U-wire-DualResponse-left-as-wt5	corpus	encode-core-hot	retain	E	19	220.96	81220	0
U-wire-DualResponse-left-as-wt5	corpus	encode-core-hot	retain	R	19	220.47	84599	0
U-wire-DualResponse-left-as-wt5	corpus	encode-core-hot	retain	E2	19	217.80	93137	0
U-wire-DualResponse-left-as-wt5	corpus	encode-core-hot	retain	R	20	211.61	84599	0
U-wire-DualResponse-left-as-wt5	corpus	encode-core-hot	retain	E2	20	216.53	93137	0
U-wire-DualResponse-left-as-wt5	corpus	encode-core-hot	retain	E	20	219.46	81220	0
U-wire-DualResponse-left-as-wt5	corpus	encode-core-hot	retain	E2	21	217.42	93137	0
U-wire-DualResponse-left-as-wt5	corpus	encode-core-hot	retain	E	21	217.41	81220	0
U-wire-DualResponse-left-as-wt5	corpus	encode-core-hot	retain	R	21	210.38	84599	0
