payload	content	dir	mode	path	round	cpu_ns_per_op	ops	resets_per_call
P1.1	ascii	encode-core-hot	drop	E	1	1033.63	29587	0
P1.1	ascii	encode-core-hot	drop	R	1	691.74	29164	0
P1.1	ascii	encode-core-hot	drop	E2	1	693.64	26716	0
P1.1	ascii	encode-core-hot	drop	R	2	695.36	29164	0
P1.1	ascii	encode-core-hot	drop	E2	2	691.14	26716	0
P1.1	ascii	encode-core-hot	drop	E	2	692.60	29587	0
P1.1	ascii	encode-core-hot	drop	E2	3	686.22	26716	0
P1.1	ascii	encode-core-hot	drop	E	3	689.25	29587	0
P1.1	ascii	encode-core-hot	drop	R	3	688.08	29164	0
P1.1	ascii	encode-core-hot	drop	E	4	693.40	29587	0
P1.1	ascii	encode-core-hot	drop	R	4	689.88	29164	0
P1.1	ascii	encode-core-hot	drop	E2	4	686.70	26716	0
P1.1	ascii	encode-core-hot	drop	R	5	689.19	29164	0
P1.1	ascii	encode-core-hot	drop	E2	5	726.45	26716	0
P1.1	ascii	encode-core-hot	drop	E	5	741.87	29587	0
P1.1	ascii	encode-core-hot	drop	E2	6	814.47	26716	0
P1.1	ascii	encode-core-hot	drop	E	6	685.98	29587	0
P1.1	ascii	encode-core-hot	drop	R	6	713.93	29164	0
P1.1	ascii	encode-core-hot	drop	E	7	686.07	29587	0
P1.1	ascii	encode-core-hot	drop	R	7	736.76	29164	0
P1.1	ascii	encode-core-hot	drop	E2	7	688.33	26716	0
P1.1	ascii	encode-core-hot	drop	R	8	728.41	29164	0
P1.1	ascii	encode-core-hot	drop	E2	8	688.58	26716	0
P1.1	ascii	encode-core-hot	drop	E	8	685.90	29587	0
P1.1	ascii	encode-core-hot	drop	E2	9	749.27	26716	0
P1.1	ascii	encode-core-hot	drop	E	9	687.76	29587	0
P1.1	ascii	encode-core-hot	drop	R	9	690.87	29164	0
P1.1	ascii	encode-core-hot	drop	E	10	686.94	29587	0
P1.1	ascii	encode-core-hot	drop	R	10	690.39	29164	0
P1.1	ascii	encode-core-hot	drop	E2	10	690.51	26716	0
P1.1	ascii	encode-core-hot	drop	R	11	811.42	29164	0
P1.1	ascii	encode-core-hot	drop	E2	11	683.67	26716	0
P1.1	ascii	encode-core-hot	drop	E	11	689.16	29587	0
P1.1	ascii	encode-core-hot	drop	E2	12	674.74	26716	0
P1.1	ascii	encode-core-hot	drop	E	12	685.94	29587	0
P1.1	ascii	encode-core-hot	drop	R	12	700.90	29164	0
P1.1	ascii	encode-core-hot	drop	E	13	722.90	29587	0
P1.1	ascii	encode-core-hot	drop	R	13	696.86	29164	0
P1.1	ascii	encode-core-hot	drop	E2	13	722.66	26716	0
P1.1	ascii	encode-core-hot	drop	R	14	1151.87	29164	0
P1.1	ascii	encode-core-hot	drop	E2	14	1129.63	26716	0
P1.1	ascii	encode-core-hot	drop	E	14	688.27	29587	0
P1.1	ascii	encode-core-hot	drop	E2	15	701.60	26716	0
P1.1	ascii	encode-core-hot	drop	E	15	703.45	29587	0
P1.1	ascii	encode-core-hot	drop	R	15	703.59	29164	0
P1.1	ascii	encode-core-hot	drop	E	16	693.24	29587	0
P1.1	ascii	encode-core-hot	drop	R	16	700.76	29164	0
P1.1	ascii	encode-core-hot	drop	E2	16	695.27	26716	0
P1.1	ascii	encode-core-hot	drop	R	17	699.77	29164	0
P1.1	ascii	encode-core-hot	drop	E2	17	718.92	26716	0
P1.1	ascii	encode-core-hot	drop	E	17	707.67	29587	0
P1.1	ascii	encode-core-hot	drop	E2	18	709.38	26716	0
P1.1	ascii	encode-core-hot	drop	E	18	703.86	29587	0
P1.1	ascii	encode-core-hot	drop	R	18	696.61	29164	0
P1.1	ascii	encode-core-hot	drop	E	19	703.69	29587	0
P1.1	ascii	encode-core-hot	drop	R	19	691.94	29164	0
P1.1	ascii	encode-core-hot	drop	E2	19	700.65	26716	0
P1.1	ascii	encode-core-hot	drop	R	20	750.89	29164	0
P1.1	ascii	encode-core-hot	drop	E2	20	735.19	26716	0
P1.1	ascii	encode-core-hot	drop	E	20	703.65	29587	0
P1.1	ascii	encode-core-hot	drop	E2	21	804.86	26716	0
P1.1	ascii	encode-core-hot	drop	E	21	705.93	29587	0
P1.1	ascii	encode-core-hot	drop	R	21	701.04	29164	0
P1.1	ascii	encode-core-hot	retain	E	1	1035.66	18833	0
P1.1	ascii	encode-core-hot	retain	R	1	1071.06	18787	0
P1.1	ascii	encode-core-hot	retain	E2	1	1057.30	19125	0
P1.1	ascii	encode-core-hot	retain	R	2	1047.09	18787	0
P1.1	ascii	encode-core-hot	retain	E2	2	1065.62	19125	0
P1.1	ascii	encode-core-hot	retain	E	2	1058.57	18833	0
P1.1	ascii	encode-core-hot	retain	E2	3	1430.84	19125	0
P1.1	ascii	encode-core-hot	retain	E	3	1416.76	18833	0
P1.1	ascii	encode-core-hot	retain	R	3	1048.35	18787	0
P1.1	ascii	encode-core-hot	retain	E	4	1085.48	18833	0
P1.1	ascii	encode-core-hot	retain	R	4	1072.49	18787	0
P1.1	ascii	encode-core-hot	retain	E2	4	1036.93	19125	0
P1.1	ascii	encode-core-hot	retain	R	5	1049.98	18787	0
P1.1	ascii	encode-core-hot	retain	E2	5	1048.22	19125	0
P1.1	ascii	encode-core-hot	retain	E	5	1201.33	18833	0
P1.1	ascii	encode-core-hot	retain	E2	6	1051.54	19125	0
P1.1	ascii	encode-core-hot	retain	E	6	1077.12	18833	0
P1.1	ascii	encode-core-hot	retain	R	6	1080.94	18787	0
P1.1	ascii	encode-core-hot	retain	E	7	1119.69	18833	0
P1.1	ascii	encode-core-hot	retain	R	7	1110.68	18787	0
P1.1	ascii	encode-core-hot	retain	E2	7	1124.34	19125	0
P1.1	ascii	encode-core-hot	retain	R	8	1153.28	18787	0
P1.1	ascii	encode-core-hot	retain	E2	8	1102.48	19125	0
P1.1	ascii	encode-core-hot	retain	E	8	1097.10	18833	0
P1.1	ascii	encode-core-hot	retain	E2	9	1125.74	19125	0
P1.1	ascii	encode-core-hot	retain	E	9	1087.80	18833	0
P1.1	ascii	encode-core-hot	retain	R	9	1109.83	18787	0
P1.1	ascii	encode-core-hot	retain	E	10	1098.81	18833	0
P1.1	ascii	encode-core-hot	retain	R	10	1063.66	18787	0
P1.1	ascii	encode-core-hot	retain	E2	10	1075.61	19125	0
P1.1	ascii	encode-core-hot	retain	R	11	1074.59	18787	0
P1.1	ascii	encode-core-hot	retain	E2	11	1089.77	19125	0
P1.1	ascii	encode-core-hot	retain	E	11	1065.64	18833	0
P1.1	ascii	encode-core-hot	retain	E2	12	1069.86	19125	0
P1.1	ascii	encode-core-hot	retain	E	12	1061.23	18833	0
P1.1	ascii	encode-core-hot	retain	R	12	1069.43	18787	0
P1.1	ascii	encode-core-hot	retain	E	13	1066.77	18833	0
P1.1	ascii	encode-core-hot	retain	R	13	1072.65	18787	0
P1.1	ascii	encode-core-hot	retain	E2	13	1067.60	19125	0
P1.1	ascii	encode-core-hot	retain	R	14	1081.66	18787	0
P1.1	ascii	encode-core-hot	retain	E2	14	1097.04	19125	0
P1.1	ascii	encode-core-hot	retain	E	14	1113.39	18833	0
P1.1	ascii	encode-core-hot	retain	E2	15	1077.92	19125	0
P1.1	ascii	encode-core-hot	retain	E	15	1109.77	18833	0
P1.1	ascii	encode-core-hot	retain	R	15	1162.74	18787	0
P1.1	ascii	encode-core-hot	retain	E	16	1092.57	18833	0
P1.1	ascii	encode-core-hot	retain	R	16	1098.86	18787	0
P1.1	ascii	encode-core-hot	retain	E2	16	1052.56	19125	0
P1.1	ascii	encode-core-hot	retain	R	17	1112.48	18787	0
P1.1	ascii	encode-core-hot	retain	E2	17	1095.98	19125	0
P1.1	ascii	encode-core-hot	retain	E	17	1084.28	18833	0
P1.1	ascii	encode-core-hot	retain	E2	18	1121.62	19125	0
P1.1	ascii	encode-core-hot	retain	E	18	1068.45	18833	0
P1.1	ascii	encode-core-hot	retain	R	18	1096.45	18787	0
P1.1	ascii	encode-core-hot	retain	E	19	1067.64	18833	0
P1.1	ascii	encode-core-hot	retain	R	19	1054.51	18787	0
P1.1	ascii	encode-core-hot	retain	E2	19	1036.62	19125	0
P1.1	ascii	encode-core-hot	retain	R	20	1090.39	18787	0
P1.1	ascii	encode-core-hot	retain	E2	20	1074.34	19125	0
P1.1	ascii	encode-core-hot	retain	E	20	1087.45	18833	0
P1.1	ascii	encode-core-hot	retain	E2	21	1096.89	19125	0
P1.1	ascii	encode-core-hot	retain	E	21	1079.37	18833	0
P1.1	ascii	encode-core-hot	retain	R	21	1086.57	18787	0
P1.1	ascii	decode-read	drop	E	1	1349.01	14603	1
P1.1	ascii	decode-read	drop	R	1	1320.57	15336	0
P1.1	ascii	decode-read	drop	E2	1	1361.00	15071	1
P1.1	ascii	decode-read	drop	R	2	1301.33	15336	0
P1.1	ascii	decode-read	drop	E2	2	1398.17	15071	1
P1.1	ascii	decode-read	drop	E	2	1370.20	14603	1
P1.1	ascii	decode-read	drop	E2	3	1367.11	15071	1
P1.1	ascii	decode-read	drop	E	3	1418.86	14603	1
P1.1	ascii	decode-read	drop	R	3	1338.17	15336	0
P1.1	ascii	decode-read	drop	E	4	1357.64	14603	1
P1.1	ascii	decode-read	drop	R	4	1350.21	15336	0
P1.1	ascii	decode-read	drop	E2	4	1378.14	15071	1
P1.1	ascii	decode-read	drop	R	5	1357.05	15336	0
P1.1	ascii	decode-read	drop	E2	5	1368.39	15071	1
P1.1	ascii	decode-read	drop	E	5	1355.11	14603	1
P1.1	ascii	decode-read	drop	E2	6	1402.33	15071	1
P1.1	ascii	decode-read	drop	E	6	1370.42	14603	1
P1.1	ascii	decode-read	drop	R	6	1385.88	15336	0
P1.1	ascii	decode-read	drop	E	7	1379.78	14603	1
P1.1	ascii	decode-read	drop	R	7	1367.17	15336	0
P1.1	ascii	decode-read	drop	E2	7	1376.48	15071	1
P1.1	ascii	decode-read	drop	R	8	1316.11	15336	0
P1.1	ascii	decode-read	drop	E2	8	1359.18	15071	1
P1.1	ascii	decode-read	drop	E	8	1341.62	14603	1
P1.1	ascii	decode-read	drop	E2	9	1352.20	15071	1
P1.1	ascii	decode-read	drop	E	9	1406.31	14603	1
P1.1	ascii	decode-read	drop	R	9	1331.70	15336	0
P1.1	ascii	decode-read	drop	E	10	1344.75	14603	1
P1.1	ascii	decode-read	drop	R	10	1321.69	15336	0
P1.1	ascii	decode-read	drop	E2	10	1326.62	15071	1
P1.1	ascii	decode-read	drop	R	11	1323.09	15336	0
P1.1	ascii	decode-read	drop	E2	11	1368.40	15071	1
P1.1	ascii	decode-read	drop	E	11	1411.60	14603	1
P1.1	ascii	decode-read	drop	E2	12	1354.63	15071	1
P1.1	ascii	decode-read	drop	E	12	1379.89	14603	1
P1.1	ascii	decode-read	drop	R	12	1418.66	15336	0
P1.1	ascii	decode-read	drop	E	13	1436.47	14603	1
P1.1	ascii	decode-read	drop	R	13	1425.36	15336	0
P1.1	ascii	decode-read	drop	E2	13	1459.83	15071	1
P1.1	ascii	decode-read	drop	R	14	1425.22	15336	0
P1.1	ascii	decode-read	drop	E2	14	1476.83	15071	1
P1.1	ascii	decode-read	drop	E	14	1435.16	14603	1
P1.1	ascii	decode-read	drop	E2	15	1484.19	15071	1
P1.1	ascii	decode-read	drop	E	15	1427.19	14603	1
P1.1	ascii	decode-read	drop	R	15	1441.08	15336	0
P1.1	ascii	decode-read	drop	E	16	1608.49	14603	1
P1.1	ascii	decode-read	drop	R	16	1411.98	15336	0
P1.1	ascii	decode-read	drop	E2	16	1401.16	15071	1
P1.1	ascii	decode-read	drop	R	17	1511.46	15336	0
P1.1	ascii	decode-read	drop	E2	17	1390.82	15071	1
P1.1	ascii	decode-read	drop	E	17	1377.66	14603	1
P1.1	ascii	decode-read	drop	E2	18	1402.77	15071	1
P1.1	ascii	decode-read	drop	E	18	1343.97	14603	1
P1.1	ascii	decode-read	drop	R	18	1305.19	15336	0
P1.1	ascii	decode-read	drop	E	19	1338.29	14603	1
P1.1	ascii	decode-read	drop	R	19	1326.11	15336	0
P1.1	ascii	decode-read	drop	E2	19	1323.26	15071	1
P1.1	ascii	decode-read	drop	R	20	1319.24	15336	0
P1.1	ascii	decode-read	drop	E2	20	1351.34	15071	1
P1.1	ascii	decode-read	drop	E	20	1337.60	14603	1
P1.1	ascii	decode-read	drop	E2	21	1343.03	15071	1
P1.1	ascii	decode-read	drop	E	21	1333.90	14603	1
P1.1	ascii	decode-read	drop	R	21	1320.13	15336	0
P1.1	ascii	decode-read	retain	E	1	1379.37	12081	1
P1.1	ascii	decode-read	retain	R	1	1536.39	15260	0
P1.1	ascii	decode-read	retain	E2	1	1372.37	14725	1
P1.1	ascii	decode-read	retain	R	2	1366.23	15260	0
P1.1	ascii	decode-read	retain	E2	2	1347.29	14725	1
P1.1	ascii	decode-read	retain	E	2	1467.73	12081	1
P1.1	ascii	decode-read	retain	E2	3	1442.93	14725	1
P1.1	ascii	decode-read	retain	E	3	1512.34	12081	1
P1.1	ascii	decode-read	retain	R	3	1433.90	15260	0
P1.1	ascii	decode-read	retain	E	4	1403.59	12081	1
P1.1	ascii	decode-read	retain	R	4	1348.98	15260	0
P1.1	ascii	decode-read	retain	E2	4	1369.69	14725	1
P1.1	ascii	decode-read	retain	R	5	1335.52	15260	0
P1.1	ascii	decode-read	retain	E2	5	1332.31	14725	1
P1.1	ascii	decode-read	retain	E	5	1364.48	12081	1
P1.1	ascii	decode-read	retain	E2	6	1330.15	14725	1
P1.1	ascii	decode-read	retain	E	6	1346.10	12081	1
P1.1	ascii	decode-read	retain	R	6	1320.13	15260	0
P1.1	ascii	decode-read	retain	E	7	1363.13	12081	1
P1.1	ascii	decode-read	retain	R	7	1340.58	15260	0
P1.1	ascii	decode-read	retain	E2	7	1339.18	14725	1
P1.1	ascii	decode-read	retain	R	8	1340.95	15260	0
P1.1	ascii	decode-read	retain	E2	8	1336.96	14725	1
P1.1	ascii	decode-read	retain	E	8	1348.82	12081	1
P1.1	ascii	decode-read	retain	E2	9	1350.55	14725	1
P1.1	ascii	decode-read	retain	E	9	1361.34	12081	1
P1.1	ascii	decode-read	retain	R	9	1327.93	15260	0
P1.1	ascii	decode-read	retain	E	10	1358.52	12081	1
P1.1	ascii	decode-read	retain	R	10	1352.98	15260	0
P1.1	ascii	decode-read	retain	E2	10	1335.06	14725	1
P1.1	ascii	decode-read	retain	R	11	1336.96	15260	0
P1.1	ascii	decode-read	retain	E2	11	1349.85	14725	1
P1.1	ascii	decode-read	retain	E	11	1363.56	12081	1
P1.1	ascii	decode-read	retain	E2	12	1345.69	14725	1
P1.1	ascii	decode-read	retain	E	12	1352.79	12081	1
P1.1	ascii	decode-read	retain	R	12	1351.22	15260	0
P1.1	ascii	decode-read	retain	E	13	1338.09	12081	1
P1.1	ascii	decode-read	retain	R	13	1404.66	15260	0
P1.1	ascii	decode-read	retain	E2	13	1438.76	14725	1
P1.1	ascii	decode-read	retain	R	14	1418.61	15260	0
P1.1	ascii	decode-read	retain	E2	14	1395.16	14725	1
P1.1	ascii	decode-read	retain	E	14	1412.57	12081	1
P1.1	ascii	decode-read	retain	E2	15	1403.96	14725	1
P1.1	ascii	decode-read	retain	E	15	1397.88	12081	1
P1.1	ascii	decode-read	retain	R	15	2788.99	15260	0
P1.1	ascii	decode-read	retain	E	16	2184.45	12081	1
P1.1	ascii	decode-read	retain	R	16	1518.28	15260	0
P1.1	ascii	decode-read	retain	E2	16	1541.14	14725	1
P1.1	ascii	decode-read	retain	R	17	1486.54	15260	0
P1.1	ascii	decode-read	retain	E2	17	1554.67	14725	1
P1.1	ascii	decode-read	retain	E	17	1595.14	12081	1
P1.1	ascii	decode-read	retain	E2	18	1530.18	14725	1
P1.1	ascii	decode-read	retain	E	18	1549.57	12081	1
P1.1	ascii	decode-read	retain	R	18	1633.84	15260	0
P1.1	ascii	decode-read	retain	E	19	1776.42	12081	1
P1.1	ascii	decode-read	retain	R	19	1501.82	15260	0
P1.1	ascii	decode-read	retain	E2	19	1452.46	14725	1
P1.1	ascii	decode-read	retain	R	20	1415.19	15260	0
P1.1	ascii	decode-read	retain	E2	20	1375.56	14725	1
P1.1	ascii	decode-read	retain	E	20	1355.38	12081	1
P1.1	ascii	decode-read	retain	E2	21	1374.36	14725	1
P1.1	ascii	decode-read	retain	E	21	1359.55	12081	1
P1.1	ascii	decode-read	retain	R	21	1359.24	15260	0
P5.1	ascii	encode-core-hot	drop	E	1	96.72	204555	0
P5.1	ascii	encode-core-hot	drop	R	1	93.98	214750	0
P5.1	ascii	encode-core-hot	drop	E2	1	97.86	205001	0
P5.1	ascii	encode-core-hot	drop	R	2	93.27	214750	0
P5.1	ascii	encode-core-hot	drop	E2	2	97.25	205001	0
P5.1	ascii	encode-core-hot	drop	E	2	97.49	204555	0
P5.1	ascii	encode-core-hot	drop	E2	3	96.89	205001	0
P5.1	ascii	encode-core-hot	drop	E	3	98.60	204555	0
P5.1	ascii	encode-core-hot	drop	R	3	94.56	214750	0
P5.1	ascii	encode-core-hot	drop	E	4	97.85	204555	0
P5.1	ascii	encode-core-hot	drop	R	4	94.37	214750	0
P5.1	ascii	encode-core-hot	drop	E2	4	97.51	205001	0
P5.1	ascii	encode-core-hot	drop	R	5	93.00	214750	0
P5.1	ascii	encode-core-hot	drop	E2	5	99.81	205001	0
P5.1	ascii	encode-core-hot	drop	E	5	98.09	204555	0
P5.1	ascii	encode-core-hot	drop	E2	6	97.79	205001	0
P5.1	ascii	encode-core-hot	drop	E	6	99.18	204555	0
P5.1	ascii	encode-core-hot	drop	R	6	93.41	214750	0
P5.1	ascii	encode-core-hot	drop	E	7	97.42	204555	0
P5.1	ascii	encode-core-hot	drop	R	7	93.56	214750	0
P5.1	ascii	encode-core-hot	drop	E2	7	97.82	205001	0
P5.1	ascii	encode-core-hot	drop	R	8	93.49	214750	0
P5.1	ascii	encode-core-hot	drop	E2	8	97.97	205001	0
P5.1	ascii	encode-core-hot	drop	E	8	97.70	204555	0
P5.1	ascii	encode-core-hot	drop	E2	9	97.61	205001	0
P5.1	ascii	encode-core-hot	drop	E	9	98.35	204555	0
P5.1	ascii	encode-core-hot	drop	R	9	94.96	214750	0
P5.1	ascii	encode-core-hot	drop	E	10	98.21	204555	0
P5.1	ascii	encode-core-hot	drop	R	10	97.44	214750	0
P5.1	ascii	encode-core-hot	drop	E2	10	97.85	205001	0
P5.1	ascii	encode-core-hot	drop	R	11	95.00	214750	0
P5.1	ascii	encode-core-hot	drop	E2	11	99.76	205001	0
P5.1	ascii	encode-core-hot	drop	E	11	97.78	204555	0
P5.1	ascii	encode-core-hot	drop	E2	12	97.40	205001	0
P5.1	ascii	encode-core-hot	drop	E	12	97.00	204555	0
P5.1	ascii	encode-core-hot	drop	R	12	95.39	214750	0
P5.1	ascii	encode-core-hot	drop	E	13	98.66	204555	0
P5.1	ascii	encode-core-hot	drop	R	13	98.58	214750	0
P5.1	ascii	encode-core-hot	drop	E2	13	101.82	205001	0
P5.1	ascii	encode-core-hot	drop	R	14	96.53	214750	0
P5.1	ascii	encode-core-hot	drop	E2	14	102.99	205001	0
P5.1	ascii	encode-core-hot	drop	E	14	99.91	204555	0
P5.1	ascii	encode-core-hot	drop	E2	15	102.05	205001	0
P5.1	ascii	encode-core-hot	drop	E	15	101.45	204555	0
P5.1	ascii	encode-core-hot	drop	R	15	96.54	214750	0
P5.1	ascii	encode-core-hot	drop	E	16	104.07	204555	0
P5.1	ascii	encode-core-hot	drop	R	16	95.48	214750	0
P5.1	ascii	encode-core-hot	drop	E2	16	99.29	205001	0
P5.1	ascii	encode-core-hot	drop	R	17	94.76	214750	0
P5.1	ascii	encode-core-hot	drop	E2	17	99.22	205001	0
P5.1	ascii	encode-core-hot	drop	E	17	99.91	204555	0
P5.1	ascii	encode-core-hot	drop	E2	18	102.18	205001	0
P5.1	ascii	encode-core-hot	drop	E	18	98.86	204555	0
P5.1	ascii	encode-core-hot	drop	R	18	93.51	214750	0
P5.1	ascii	encode-core-hot	drop	E	19	97.70	204555	0
P5.1	ascii	encode-core-hot	drop	R	19	95.54	214750	0
P5.1	ascii	encode-core-hot	drop	E2	19	102.59	205001	0
P5.1	ascii	encode-core-hot	drop	R	20	97.22	214750	0
P5.1	ascii	encode-core-hot	drop	E2	20	100.30	205001	0
P5.1	ascii	encode-core-hot	drop	E	20	99.10	204555	0
P5.1	ascii	encode-core-hot	drop	E2	21	98.73	205001	0
P5.1	ascii	encode-core-hot	drop	E	21	97.87	204555	0
P5.1	ascii	encode-core-hot	drop	R	21	93.43	214750	0
P5.1	ascii	encode-core-hot	retain	E	1	103.12	200597	0
P5.1	ascii	encode-core-hot	retain	R	1	102.82	208730	0
P5.1	ascii	encode-core-hot	retain	E2	1	101.23	199276	0
P5.1	ascii	encode-core-hot	retain	R	2	96.69	208730	0
P5.1	ascii	encode-core-hot	retain	E2	2	100.91	199276	0
P5.1	ascii	encode-core-hot	retain	E	2	101.62	200597	0
P5.1	ascii	encode-core-hot	retain	E2	3	100.33	199276	0
P5.1	ascii	encode-core-hot	retain	E	3	100.18	200597	0
P5.1	ascii	encode-core-hot	retain	R	3	96.42	208730	0
P5.1	ascii	encode-core-hot	retain	E	4	100.66	200597	0
P5.1	ascii	encode-core-hot	retain	R	4	96.57	208730	0
P5.1	ascii	encode-core-hot	retain	E2	4	101.06	199276	0
P5.1	ascii	encode-core-hot	retain	R	5	96.54	208730	0
P5.1	ascii	encode-core-hot	retain	E2	5	101.89	199276	0
P5.1	ascii	encode-core-hot	retain	E	5	101.90	200597	0
P5.1	ascii	encode-core-hot	retain	E2	6	101.12	199276	0
P5.1	ascii	encode-core-hot	retain	E	6	101.08	200597	0
P5.1	ascii	encode-core-hot	retain	R	6	96.39	208730	0
P5.1	ascii	encode-core-hot	retain	E	7	100.67	200597	0
P5.1	ascii	encode-core-hot	retain	R	7	96.55	208730	0
P5.1	ascii	encode-core-hot	retain	E2	7	100.25	199276	0
P5.1	ascii	encode-core-hot	retain	R	8	98.14	208730	0
P5.1	ascii	encode-core-hot	retain	E2	8	109.60	199276	0
P5.1	ascii	encode-core-hot	retain	E	8	103.20	200597	0
P5.1	ascii	encode-core-hot	retain	E2	9	100.45	199276	0
P5.1	ascii	encode-core-hot	retain	E	9	100.32	200597	0
P5.1	ascii	encode-core-hot	retain	R	9	96.52	208730	0
P5.1	ascii	encode-core-hot	retain	E	10	100.33	200597	0
P5.1	ascii	encode-core-hot	retain	R	10	95.89	208730	0
P5.1	ascii	encode-core-hot	retain	E2	10	100.46	199276	0
P5.1	ascii	encode-core-hot	retain	R	11	96.43	208730	0
P5.1	ascii	encode-core-hot	retain	E2	11	101.54	199276	0
P5.1	ascii	encode-core-hot	retain	E	11	101.75	200597	0
P5.1	ascii	encode-core-hot	retain	E2	12	101.76	199276	0
P5.1	ascii	encode-core-hot	retain	E	12	100.39	200597	0
P5.1	ascii	encode-core-hot	retain	R	12	96.75	208730	0
P5.1	ascii	encode-core-hot	retain	E	13	99.85	200597	0
P5.1	ascii	encode-core-hot	retain	R	13	97.22	208730	0
P5.1	ascii	encode-core-hot	retain	E2	13	100.23	199276	0
P5.1	ascii	encode-core-hot	retain	R	14	96.58	208730	0
P5.1	ascii	encode-core-hot	retain	E2	14	100.86	199276	0
P5.1	ascii	encode-core-hot	retain	E	14	100.32	200597	0
P5.1	ascii	encode-core-hot	retain	E2	15	101.81	199276	0
P5.1	ascii	encode-core-hot	retain	E	15	103.50	200597	0
P5.1	ascii	encode-core-hot	retain	R	15	97.62	208730	0
P5.1	ascii	encode-core-hot	retain	E	16	102.09	200597	0
P5.1	ascii	encode-core-hot	retain	R	16	99.64	208730	0
P5.1	ascii	encode-core-hot	retain	E2	16	105.29	199276	0
P5.1	ascii	encode-core-hot	retain	R	17	97.35	208730	0
P5.1	ascii	encode-core-hot	retain	E2	17	101.46	199276	0
P5.1	ascii	encode-core-hot	retain	E	17	100.16	200597	0
P5.1	ascii	encode-core-hot	retain	E2	18	101.68	199276	0
P5.1	ascii	encode-core-hot	retain	E	18	106.23	200597	0
P5.1	ascii	encode-core-hot	retain	R	18	97.05	208730	0
P5.1	ascii	encode-core-hot	retain	E	19	101.28	200597	0
P5.1	ascii	encode-core-hot	retain	R	19	96.28	208730	0
P5.1	ascii	encode-core-hot	retain	E2	19	99.71	199276	0
P5.1	ascii	encode-core-hot	retain	R	20	95.99	208730	0
P5.1	ascii	encode-core-hot	retain	E2	20	99.86	199276	0
P5.1	ascii	encode-core-hot	retain	E	20	100.25	200597	0
P5.1	ascii	encode-core-hot	retain	E2	21	100.73	199276	0
P5.1	ascii	encode-core-hot	retain	E	21	99.95	200597	0
P5.1	ascii	encode-core-hot	retain	R	21	96.21	208730	0
P5.1	ascii	decode-read	drop	E	1	164.44	124112	1
P5.1	ascii	decode-read	drop	R	1	161.10	125500	0
P5.1	ascii	decode-read	drop	E2	1	165.09	122690	1
P5.1	ascii	decode-read	drop	R	2	157.79	125500	0
P5.1	ascii	decode-read	drop	E2	2	161.63	122690	1
P5.1	ascii	decode-read	drop	E	2	162.52	124112	1
P5.1	ascii	decode-read	drop	E2	3	166.61	122690	1
P5.1	ascii	decode-read	drop	E	3	167.54	124112	1
P5.1	ascii	decode-read	drop	R	3	156.96	125500	0
P5.1	ascii	decode-read	drop	E	4	163.46	124112	1
P5.1	ascii	decode-read	drop	R	4	165.90	125500	0
P5.1	ascii	decode-read	drop	E2	4	162.53	122690	1
P5.1	ascii	decode-read	drop	R	5	159.30	125500	0
P5.1	ascii	decode-read	drop	E2	5	159.02	122690	1
P5.1	ascii	decode-read	drop	E	5	162.04	124112	1
P5.1	ascii	decode-read	drop	E2	6	162.54	122690	1
P5.1	ascii	decode-read	drop	E	6	161.84	124112	1
P5.1	ascii	decode-read	drop	R	6	161.73	125500	0
P5.1	ascii	decode-read	drop	E	7	159.74	124112	1
P5.1	ascii	decode-read	drop	R	7	159.46	125500	0
P5.1	ascii	decode-read	drop	E2	7	163.19	122690	1
P5.1	ascii	decode-read	drop	R	8	158.39	125500	0
P5.1	ascii	decode-read	drop	E2	8	161.85	122690	1
P5.1	ascii	decode-read	drop	E	8	162.23	124112	1
P5.1	ascii	decode-read	drop	E2	9	161.94	122690	1
P5.1	ascii	decode-read	drop	E	9	163.14	124112	1
P5.1	ascii	decode-read	drop	R	9	159.30	125500	0
P5.1	ascii	decode-read	drop	E	10	162.21	124112	1
P5.1	ascii	decode-read	drop	R	10	158.24	125500	0
P5.1	ascii	decode-read	drop	E2	10	160.30	122690	1
P5.1	ascii	decode-read	drop	R	11	163.99	125500	0
P5.1	ascii	decode-read	drop	E2	11	162.22	122690	1
P5.1	ascii	decode-read	drop	E	11	162.50	124112	1
P5.1	ascii	decode-read	drop	E2	12	164.09	122690	1
P5.1	ascii	decode-read	drop	E	12	162.18	124112	1
P5.1	ascii	decode-read	drop	R	12	176.84	125500	0
P5.1	ascii	decode-read	drop	E	13	170.30	124112	1
P5.1	ascii	decode-read	drop	R	13	164.19	125500	0
P5.1	ascii	decode-read	drop	E2	13	165.88	122690	1
P5.1	ascii	decode-read	drop	R	14	160.96	125500	0
P5.1	ascii	decode-read	drop	E2	14	166.53	122690	1
P5.1	ascii	decode-read	drop	E	14	160.09	124112	1
P5.1	ascii	decode-read	drop	E2	15	163.40	122690	1
P5.1	ascii	decode-read	drop	E	15	164.55	124112	1
P5.1	ascii	decode-read	drop	R	15	158.05	125500	0
P5.1	ascii	decode-read	drop	E	16	163.23	124112	1
P5.1	ascii	decode-read	drop	R	16	160.40	125500	0
P5.1	ascii	decode-read	drop	E2	16	161.28	122690	1
P5.1	ascii	decode-read	drop	R	17	161.23	125500	0
P5.1	ascii	decode-read	drop	E2	17	164.84	122690	1
P5.1	ascii	decode-read	drop	E	17	166.23	124112	1
P5.1	ascii	decode-read	drop	E2	18	162.83	122690	1
P5.1	ascii	decode-read	drop	E	18	160.70	124112	1
P5.1	ascii	decode-read	drop	R	18	159.59	125500	0
P5.1	ascii	decode-read	drop	E	19	160.31	124112	1
P5.1	ascii	decode-read	drop	R	19	166.09	125500	0
P5.1	ascii	decode-read	drop	E2	19	164.91	122690	1
P5.1	ascii	decode-read	drop	R	20	164.76	125500	0
P5.1	ascii	decode-read	drop	E2	20	161.31	122690	1
P5.1	ascii	decode-read	drop	E	20	163.94	124112	1
P5.1	ascii	decode-read	drop	E2	21	164.08	122690	1
P5.1	ascii	decode-read	drop	E	21	165.38	124112	1
P5.1	ascii	decode-read	drop	R	21	159.07	125500	0
P5.1	ascii	decode-read	retain	E	1	167.96	117306	1
P5.1	ascii	decode-read	retain	R	1	165.06	121389	0
P5.1	ascii	decode-read	retain	E2	1	166.53	113077	1
P5.1	ascii	decode-read	retain	R	2	165.58	121389	0
P5.1	ascii	decode-read	retain	E2	2	167.50	113077	1
P5.1	ascii	decode-read	retain	E	2	171.39	117306	1
P5.1	ascii	decode-read	retain	E2	3	169.49	113077	1
P5.1	ascii	decode-read	retain	E	3	163.98	117306	1
P5.1	ascii	decode-read	retain	R	3	165.12	121389	0
P5.1	ascii	decode-read	retain	E	4	165.55	117306	1
P5.1	ascii	decode-read	retain	R	4	166.56	121389	0
P5.1	ascii	decode-read	retain	E2	4	171.61	113077	1
P5.1	ascii	decode-read	retain	R	5	164.86	121389	0
P5.1	ascii	decode-read	retain	E2	5	168.87	113077	1
P5.1	ascii	decode-read	retain	E	5	164.99	117306	1
P5.1	ascii	decode-read	retain	E2	6	166.58	113077	1
P5.1	ascii	decode-read	retain	E	6	169.56	117306	1
P5.1	ascii	decode-read	retain	R	6	165.64	121389	0
P5.1	ascii	decode-read	retain	E	7	166.07	117306	1
P5.1	ascii	decode-read	retain	R	7	163.32	121389	0
P5.1	ascii	decode-read	retain	E2	7	172.34	113077	1
P5.1	ascii	decode-read	retain	R	8	169.44	121389	0
P5.1	ascii	decode-read	retain	E2	8	169.28	113077	1
P5.1	ascii	decode-read	retain	E	8	169.36	117306	1
P5.1	ascii	decode-read	retain	E2	9	175.16	113077	1
P5.1	ascii	decode-read	retain	E	9	179.14	117306	1
P5.1	ascii	decode-read	retain	R	9	174.16	121389	0
P5.1	ascii	decode-read	retain	E	10	172.55	117306	1
P5.1	ascii	decode-read	retain	R	10	170.86	121389	0
P5.1	ascii	decode-read	retain	E2	10	169.12	113077	1
P5.1	ascii	decode-read	retain	R	11	170.90	121389	0
P5.1	ascii	decode-read	retain	E2	11	166.12	113077	1
P5.1	ascii	decode-read	retain	E	11	169.58	117306	1
P5.1	ascii	decode-read	retain	E2	12	166.08	113077	1
P5.1	ascii	decode-read	retain	E	12	167.62	117306	1
P5.1	ascii	decode-read	retain	R	12	166.76	121389	0
P5.1	ascii	decode-read	retain	E	13	166.00	117306	1
P5.1	ascii	decode-read	retain	R	13	166.04	121389	0
P5.1	ascii	decode-read	retain	E2	13	165.29	113077	1
P5.1	ascii	decode-read	retain	R	14	165.03	121389	0
P5.1	ascii	decode-read	retain	E2	14	164.92	113077	1
P5.1	ascii	decode-read	retain	E	14	172.49	117306	1
P5.1	ascii	decode-read	retain	E2	15	170.58	113077	1
P5.1	ascii	decode-read	retain	E	15	167.06	117306	1
P5.1	ascii	decode-read	retain	R	15	165.52	121389	0
P5.1	ascii	decode-read	retain	E	16	166.35	117306	1
P5.1	ascii	decode-read	retain	R	16	164.66	121389	0
P5.1	ascii	decode-read	retain	E2	16	165.17	113077	1
P5.1	ascii	decode-read	retain	R	17	164.84	121389	0
P5.1	ascii	decode-read	retain	E2	17	165.59	113077	1
P5.1	ascii	decode-read	retain	E	17	167.31	117306	1
P5.1	ascii	decode-read	retain	E2	18	178.17	113077	1
P5.1	ascii	decode-read	retain	E	18	164.58	117306	1
P5.1	ascii	decode-read	retain	R	18	163.57	121389	0
P5.1	ascii	decode-read	retain	E	19	166.52	117306	1
P5.1	ascii	decode-read	retain	R	19	165.63	121389	0
P5.1	ascii	decode-read	retain	E2	19	165.13	113077	1
P5.1	ascii	decode-read	retain	R	20	162.02	121389	0
P5.1	ascii	decode-read	retain	E2	20	165.30	113077	1
P5.1	ascii	decode-read	retain	E	20	164.46	117306	1
P5.1	ascii	decode-read	retain	E2	21	162.62	113077	1
P5.1	ascii	decode-read	retain	E	21	164.58	117306	1
P5.1	ascii	decode-read	retain	R	21	165.23	121389	0
P7.1	ascii	decode-read	drop	E	1	565.58	27686	1
P7.1	ascii	decode-read	drop	R	1	557.88	35771	0
P7.1	ascii	decode-read	drop	E2	1	582.89	33784	1
P7.1	ascii	decode-read	drop	R	2	559.32	35771	0
P7.1	ascii	decode-read	drop	E2	2	567.15	33784	1
P7.1	ascii	decode-read	drop	E	2	560.79	27686	1
P7.1	ascii	decode-read	drop	E2	3	569.60	33784	1
P7.1	ascii	decode-read	drop	E	3	565.26	27686	1
P7.1	ascii	decode-read	drop	R	3	571.32	35771	0
P7.1	ascii	decode-read	drop	E	4	560.43	27686	1
P7.1	ascii	decode-read	drop	R	4	566.53	35771	0
P7.1	ascii	decode-read	drop	E2	4	565.79	33784	1
P7.1	ascii	decode-read	drop	R	5	562.69	35771	0
P7.1	ascii	decode-read	drop	E2	5	575.71	33784	1
P7.1	ascii	decode-read	drop	E	5	579.47	27686	1
P7.1	ascii	decode-read	drop	E2	6	588.97	33784	1
P7.1	ascii	decode-read	drop	E	6	581.21	27686	1
P7.1	ascii	decode-read	drop	R	6	581.63	35771	0
P7.1	ascii	decode-read	drop	E	7	575.70	27686	1
P7.1	ascii	decode-read	drop	R	7	585.04	35771	0
P7.1	ascii	decode-read	drop	E2	7	563.87	33784	1
P7.1	ascii	decode-read	drop	R	8	570.02	35771	0
P7.1	ascii	decode-read	drop	E2	8	566.67	33784	1
P7.1	ascii	decode-read	drop	E	8	573.65	27686	1
P7.1	ascii	decode-read	drop	E2	9	570.57	33784	1
P7.1	ascii	decode-read	drop	E	9	584.55	27686	1
P7.1	ascii	decode-read	drop	R	9	567.63	35771	0
P7.1	ascii	decode-read	drop	E	10	576.26	27686	1
P7.1	ascii	decode-read	drop	R	10	566.85	35771	0
P7.1	ascii	decode-read	drop	E2	10	568.15	33784	1
P7.1	ascii	decode-read	drop	R	11	561.12	35771	0
P7.1	ascii	decode-read	drop	E2	11	583.53	33784	1
P7.1	ascii	decode-read	drop	E	11	560.10	27686	1
P7.1	ascii	decode-read	drop	E2	12	567.10	33784	1
P7.1	ascii	decode-read	drop	E	12	573.65	27686	1
P7.1	ascii	decode-read	drop	R	12	560.38	35771	0
P7.1	ascii	decode-read	drop	E	13	564.02	27686	1
P7.1	ascii	decode-read	drop	R	13	567.25	35771	0
P7.1	ascii	decode-read	drop	E2	13	562.18	33784	1
P7.1	ascii	decode-read	drop	R	14	559.29	35771	0
P7.1	ascii	decode-read	drop	E2	14	559.91	33784	1
P7.1	ascii	decode-read	drop	E	14	560.82	27686	1
P7.1	ascii	decode-read	drop	E2	15	557.87	33784	1
P7.1	ascii	decode-read	drop	E	15	572.59	27686	1
P7.1	ascii	decode-read	drop	R	15	552.71	35771	0
P7.1	ascii	decode-read	drop	E	16	561.78	27686	1
P7.1	ascii	decode-read	drop	R	16	558.76	35771	0
P7.1	ascii	decode-read	drop	E2	16	561.03	33784	1
P7.1	ascii	decode-read	drop	R	17	564.55	35771	0
P7.1	ascii	decode-read	drop	E2	17	589.55	33784	1
P7.1	ascii	decode-read	drop	E	17	598.48	27686	1
P7.1	ascii	decode-read	drop	E2	18	581.82	33784	1
P7.1	ascii	decode-read	drop	E	18	597.82	27686	1
P7.1	ascii	decode-read	drop	R	18	579.80	35771	0
P7.1	ascii	decode-read	drop	E	19	582.27	27686	1
P7.1	ascii	decode-read	drop	R	19	592.07	35771	0
P7.1	ascii	decode-read	drop	E2	19	567.31	33784	1
P7.1	ascii	decode-read	drop	R	20	569.42	35771	0
P7.1	ascii	decode-read	drop	E2	20	572.22	33784	1
P7.1	ascii	decode-read	drop	E	20	561.08	27686	1
P7.1	ascii	decode-read	drop	E2	21	576.90	33784	1
P7.1	ascii	decode-read	drop	E	21	597.57	27686	1
P7.1	ascii	decode-read	drop	R	21	578.05	35771	0
P7.1	ascii	decode-read	retain	E	1	607.43	29787	1
P7.1	ascii	decode-read	retain	R	1	580.88	23681	0
P7.1	ascii	decode-read	retain	E2	1	582.94	32508	1
P7.1	ascii	decode-read	retain	R	2	575.14	23681	0
P7.1	ascii	decode-read	retain	E2	2	596.97	32508	1
P7.1	ascii	decode-read	retain	E	2	618.69	29787	1
P7.1	ascii	decode-read	retain	E2	3	583.84	32508	1
P7.1	ascii	decode-read	retain	E	3	605.32	29787	1
P7.1	ascii	decode-read	retain	R	3	606.27	23681	0
P7.1	ascii	decode-read	retain	E	4	618.49	29787	1
P7.1	ascii	decode-read	retain	R	4	589.63	23681	0
P7.1	ascii	decode-read	retain	E2	4	572.16	32508	1
P7.1	ascii	decode-read	retain	R	5	591.82	23681	0
P7.1	ascii	decode-read	retain	E2	5	587.11	32508	1
P7.1	ascii	decode-read	retain	E	5	570.05	29787	1
P7.1	ascii	decode-read	retain	E2	6	574.57	32508	1
P7.1	ascii	decode-read	retain	E	6	575.81	29787	1
P7.1	ascii	decode-read	retain	R	6	566.77	23681	0
P7.1	ascii	decode-read	retain	E	7	576.07	29787	1
P7.1	ascii	decode-read	retain	R	7	582.79	23681	0
P7.1	ascii	decode-read	retain	E2	7	570.47	32508	1
P7.1	ascii	decode-read	retain	R	8	568.11	23681	0
P7.1	ascii	decode-read	retain	E2	8	574.09	32508	1
P7.1	ascii	decode-read	retain	E	8	574.50	29787	1
P7.1	ascii	decode-read	retain	E2	9	586.66	32508	1
P7.1	ascii	decode-read	retain	E	9	585.21	29787	1
P7.1	ascii	decode-read	retain	R	9	567.38	23681	0
P7.1	ascii	decode-read	retain	E	10	573.18	29787	1
P7.1	ascii	decode-read	retain	R	10	573.72	23681	0
P7.1	ascii	decode-read	retain	E2	10	627.81	32508	1
P7.1	ascii	decode-read	retain	R	11	593.01	23681	0
P7.1	ascii	decode-read	retain	E2	11	574.47	32508	1
P7.1	ascii	decode-read	retain	E	11	586.94	29787	1
P7.1	ascii	decode-read	retain	E2	12	571.68	32508	1
P7.1	ascii	decode-read	retain	E	12	573.91	29787	1
P7.1	ascii	decode-read	retain	R	12	571.40	23681	0
P7.1	ascii	decode-read	retain	E	13	571.68	29787	1
P7.1	ascii	decode-read	retain	R	13	572.99	23681	0
P7.1	ascii	decode-read	retain	E2	13	570.54	32508	1
P7.1	ascii	decode-read	retain	R	14	585.89	23681	0
P7.1	ascii	decode-read	retain	E2	14	574.49	32508	1
P7.1	ascii	decode-read	retain	E	14	575.90	29787	1
P7.1	ascii	decode-read	retain	E2	15	577.63	32508	1
P7.1	ascii	decode-read	retain	E	15	573.97	29787	1
P7.1	ascii	decode-read	retain	R	15	570.29	23681	0
P7.1	ascii	decode-read	retain	E	16	601.65	29787	1
P7.1	ascii	decode-read	retain	R	16	568.17	23681	0
P7.1	ascii	decode-read	retain	E2	16	572.16	32508	1
P7.1	ascii	decode-read	retain	R	17	605.74	23681	0
P7.1	ascii	decode-read	retain	E2	17	583.01	32508	1
P7.1	ascii	decode-read	retain	E	17	580.70	29787	1
P7.1	ascii	decode-read	retain	E2	18	594.95	32508	1
P7.1	ascii	decode-read	retain	E	18	631.28	29787	1
P7.1	ascii	decode-read	retain	R	18	570.61	23681	0
P7.1	ascii	decode-read	retain	E	19	586.54	29787	1
P7.1	ascii	decode-read	retain	R	19	573.11	23681	0
P7.1	ascii	decode-read	retain	E2	19	575.70	32508	1
P7.1	ascii	decode-read	retain	R	20	574.23	23681	0
P7.1	ascii	decode-read	retain	E2	20	698.02	32508	1
P7.1	ascii	decode-read	retain	E	20	601.81	29787	1
P7.1	ascii	decode-read	retain	E2	21	583.17	32508	1
P7.1	ascii	decode-read	retain	E	21	627.83	29787	1
P7.1	ascii	decode-read	retain	R	21	584.13	23681	0
U-nested-before	corpus	decode-read	drop	E	1	453.88	28120	1
U-nested-before	corpus	decode-read	drop	R	1	448.11	42476	0
U-nested-before	corpus	decode-read	drop	E2	1	491.27	42829	1
U-nested-before	corpus	decode-read	drop	R	2	448.65	42476	0
U-nested-before	corpus	decode-read	drop	E2	2	483.40	42829	1
U-nested-before	corpus	decode-read	drop	E	2	480.81	28120	1
U-nested-before	corpus	decode-read	drop	E2	3	445.43	42829	1
U-nested-before	corpus	decode-read	drop	E	3	452.28	28120	1
U-nested-before	corpus	decode-read	drop	R	3	445.13	42476	0
U-nested-before	corpus	decode-read	drop	E	4	449.88	28120	1
U-nested-before	corpus	decode-read	drop	R	4	450.69	42476	0
U-nested-before	corpus	decode-read	drop	E2	4	438.81	42829	1
U-nested-before	corpus	decode-read	drop	R	5	448.68	42476	0
U-nested-before	corpus	decode-read	drop	E2	5	445.29	42829	1
U-nested-before	corpus	decode-read	drop	E	5	451.61	28120	1
U-nested-before	corpus	decode-read	drop	E2	6	442.93	42829	1
U-nested-before	corpus	decode-read	drop	E	6	459.95	28120	1
U-nested-before	corpus	decode-read	drop	R	6	444.85	42476	0
U-nested-before	corpus	decode-read	drop	E	7	453.84	28120	1
U-nested-before	corpus	decode-read	drop	R	7	454.59	42476	0
U-nested-before	corpus	decode-read	drop	E2	7	444.62	42829	1
U-nested-before	corpus	decode-read	drop	R	8	441.49	42476	0
U-nested-before	corpus	decode-read	drop	E2	8	439.16	42829	1
U-nested-before	corpus	decode-read	drop	E	8	436.56	28120	1
U-nested-before	corpus	decode-read	drop	E2	9	452.49	42829	1
U-nested-before	corpus	decode-read	drop	E	9	439.33	28120	1
U-nested-before	corpus	decode-read	drop	R	9	435.50	42476	0
U-nested-before	corpus	decode-read	drop	E	10	441.35	28120	1
U-nested-before	corpus	decode-read	drop	R	10	446.91	42476	0
U-nested-before	corpus	decode-read	drop	E2	10	437.63	42829	1
U-nested-before	corpus	decode-read	drop	R	11	458.05	42476	0
U-nested-before	corpus	decode-read	drop	E2	11	444.94	42829	1
U-nested-before	corpus	decode-read	drop	E	11	450.51	28120	1
U-nested-before	corpus	decode-read	drop	E2	12	455.21	42829	1
U-nested-before	corpus	decode-read	drop	E	12	444.03	28120	1
U-nested-before	corpus	decode-read	drop	R	12	454.87	42476	0
U-nested-before	corpus	decode-read	drop	E	13	455.50	28120	1
U-nested-before	corpus	decode-read	drop	R	13	457.03	42476	0
U-nested-before	corpus	decode-read	drop	E2	13	453.12	42829	1
U-nested-before	corpus	decode-read	drop	R	14	450.05	42476	0
U-nested-before	corpus	decode-read	drop	E2	14	459.50	42829	1
U-nested-before	corpus	decode-read	drop	E	14	442.49	28120	1
U-nested-before	corpus	decode-read	drop	E2	15	454.75	42829	1
U-nested-before	corpus	decode-read	drop	E	15	480.43	28120	1
U-nested-before	corpus	decode-read	drop	R	15	521.17	42476	0
U-nested-before	corpus	decode-read	drop	E	16	611.98	28120	1
U-nested-before	corpus	decode-read	drop	R	16	443.78	42476	0
U-nested-before	corpus	decode-read	drop	E2	16	453.12	42829	1
U-nested-before	corpus	decode-read	drop	R	17	444.69	42476	0
U-nested-before	corpus	decode-read	drop	E2	17	445.12	42829	1
U-nested-before	corpus	decode-read	drop	E	17	453.56	28120	1
U-nested-before	corpus	decode-read	drop	E2	18	509.58	42829	1
U-nested-before	corpus	decode-read	drop	E	18	437.56	28120	1
U-nested-before	corpus	decode-read	drop	R	18	451.61	42476	0
U-nested-before	corpus	decode-read	drop	E	19	464.84	28120	1
U-nested-before	corpus	decode-read	drop	R	19	464.77	42476	0
U-nested-before	corpus	decode-read	drop	E2	19	463.79	42829	1
U-nested-before	corpus	decode-read	drop	R	20	447.52	42476	0
U-nested-before	corpus	decode-read	drop	E2	20	470.31	42829	1
U-nested-before	corpus	decode-read	drop	E	20	455.18	28120	1
U-nested-before	corpus	decode-read	drop	E2	21	468.90	42829	1
U-nested-before	corpus	decode-read	drop	E	21	452.69	28120	1
U-nested-before	corpus	decode-read	drop	R	21	451.82	42476	0
U-nested-before	corpus	decode-read	retain	E	1	563.68	35786	1
U-nested-before	corpus	decode-read	retain	R	1	556.30	21699	0
U-nested-before	corpus	decode-read	retain	E2	1	600.56	35070	1
U-nested-before	corpus	decode-read	retain	R	2	594.82	21699	0
U-nested-before	corpus	decode-read	retain	E2	2	564.48	35070	1
U-nested-before	corpus	decode-read	retain	E	2	578.97	35786	1
U-nested-before	corpus	decode-read	retain	E2	3	560.01	35070	1
U-nested-before	corpus	decode-read	retain	E	3	565.96	35786	1
U-nested-before	corpus	decode-read	retain	R	3	554.45	21699	0
U-nested-before	corpus	decode-read	retain	E	4	567.01	35786	1
U-nested-before	corpus	decode-read	retain	R	4	550.20	21699	0
U-nested-before	corpus	decode-read	retain	E2	4	545.70	35070	1
U-nested-before	corpus	decode-read	retain	R	5	577.90	21699	0
U-nested-before	corpus	decode-read	retain	E2	5	554.94	35070	1
U-nested-before	corpus	decode-read	retain	E	5	569.63	35786	1
U-nested-before	corpus	decode-read	retain	E2	6	550.65	35070	1
U-nested-before	corpus	decode-read	retain	E	6	556.53	35786	1
U-nested-before	corpus	decode-read	retain	R	6	558.83	21699	0
U-nested-before	corpus	decode-read	retain	E	7	555.19	35786	1
U-nested-before	corpus	decode-read	retain	R	7	570.76	21699	0
U-nested-before	corpus	decode-read	retain	E2	7	551.93	35070	1
U-nested-before	corpus	decode-read	retain	R	8	561.94	21699	0
U-nested-before	corpus	decode-read	retain	E2	8	582.86	35070	1
U-nested-before	corpus	decode-read	retain	E	8	613.40	35786	1
U-nested-before	corpus	decode-read	retain	E2	9	583.96	35070	1
U-nested-before	corpus	decode-read	retain	E	9	560.59	35786	1
U-nested-before	corpus	decode-read	retain	R	9	560.92	21699	0
U-nested-before	corpus	decode-read	retain	E	10	619.07	35786	1
U-nested-before	corpus	decode-read	retain	R	10	561.33	21699	0
U-nested-before	corpus	decode-read	retain	E2	10	581.43	35070	1
U-nested-before	corpus	decode-read	retain	R	11	556.39	21699	0
U-nested-before	corpus	decode-read	retain	E2	11	596.26	35070	1
U-nested-before	corpus	decode-read	retain	E	11	581.41	35786	1
U-nested-before	corpus	decode-read	retain	E2	12	574.55	35070	1
U-nested-before	corpus	decode-read	retain	E	12	589.00	35786	1
U-nested-before	corpus	decode-read	retain	R	12	580.12	21699	0
U-nested-before	corpus	decode-read	retain	E	13	633.37	35786	1
U-nested-before	corpus	decode-read	retain	R	13	560.64	21699	0
U-nested-before	corpus	decode-read	retain	E2	13	556.77	35070	1
U-nested-before	corpus	decode-read	retain	R	14	613.15	21699	0
U-nested-before	corpus	decode-read	retain	E2	14	689.96	35070	1
U-nested-before	corpus	decode-read	retain	E	14	559.83	35786	1
U-nested-before	corpus	decode-read	retain	E2	15	577.87	35070	1
U-nested-before	corpus	decode-read	retain	E	15	571.32	35786	1
U-nested-before	corpus	decode-read	retain	R	15	556.18	21699	0
U-nested-before	corpus	decode-read	retain	E	16	573.53	35786	1
U-nested-before	corpus	decode-read	retain	R	16	559.09	21699	0
U-nested-before	corpus	decode-read	retain	E2	16	559.61	35070	1
U-nested-before	corpus	decode-read	retain	R	17	552.26	21699	0
U-nested-before	corpus	decode-read	retain	E2	17	568.59	35070	1
U-nested-before	corpus	decode-read	retain	E	17	569.52	35786	1
U-nested-before	corpus	decode-read	retain	E2	18	570.76	35070	1
U-nested-before	corpus	decode-read	retain	E	18	571.79	35786	1
U-nested-before	corpus	decode-read	retain	R	18	576.39	21699	0
U-nested-before	corpus	decode-read	retain	E	19	574.96	35786	1
U-nested-before	corpus	decode-read	retain	R	19	573.52	21699	0
U-nested-before	corpus	decode-read	retain	E2	19	581.77	35070	1
U-nested-before	corpus	decode-read	retain	R	20	554.07	21699	0
U-nested-before	corpus	decode-read	retain	E2	20	579.33	35070	1
U-nested-before	corpus	decode-read	retain	E	20	569.34	35786	1
U-nested-before	corpus	decode-read	retain	E2	21	558.29	35070	1
U-nested-before	corpus	decode-read	retain	E	21	591.98	35786	1
U-nested-before	corpus	decode-read	retain	R	21	593.63	21699	0
U-nested-before	corpus	encode-core-hot	drop	E	1	205.85	95900	0
U-nested-before	corpus	encode-core-hot	drop	R	1	203.30	96934	0
U-nested-before	corpus	encode-core-hot	drop	E2	1	202.02	95570	0
U-nested-before	corpus	encode-core-hot	drop	R	2	202.01	96934	0
U-nested-before	corpus	encode-core-hot	drop	E2	2	202.82	95570	0
U-nested-before	corpus	encode-core-hot	drop	E	2	201.64	95900	0
U-nested-before	corpus	encode-core-hot	drop	E2	3	210.54	95570	0
U-nested-before	corpus	encode-core-hot	drop	E	3	211.39	95900	0
U-nested-before	corpus	encode-core-hot	drop	R	3	203.19	96934	0
U-nested-before	corpus	encode-core-hot	drop	E	4	205.75	95900	0
U-nested-before	corpus	encode-core-hot	drop	R	4	199.89	96934	0
U-nested-before	corpus	encode-core-hot	drop	E2	4	203.98	95570	0
U-nested-before	corpus	encode-core-hot	drop	R	5	208.56	96934	0
U-nested-before	corpus	encode-core-hot	drop	E2	5	206.66	95570	0
U-nested-before	corpus	encode-core-hot	drop	E	5	209.04	95900	0
U-nested-before	corpus	encode-core-hot	drop	E2	6	205.93	95570	0
U-nested-before	corpus	encode-core-hot	drop	E	6	206.33	95900	0
U-nested-before	corpus	encode-core-hot	drop	R	6	204.15	96934	0
U-nested-before	corpus	encode-core-hot	drop	E	7	204.53	95900	0
U-nested-before	corpus	encode-core-hot	drop	R	7	205.87	96934	0
U-nested-before	corpus	encode-core-hot	drop	E2	7	200.65	95570	0
U-nested-before	corpus	encode-core-hot	drop	R	8	203.10	96934	0
U-nested-before	corpus	encode-core-hot	drop	E2	8	205.20	95570	0
U-nested-before	corpus	encode-core-hot	drop	E	8	205.10	95900	0
U-nested-before	corpus	encode-core-hot	drop	E2	9	203.72	95570	0
U-nested-before	corpus	encode-core-hot	drop	E	9	205.04	95900	0
U-nested-before	corpus	encode-core-hot	drop	R	9	202.04	96934	0
U-nested-before	corpus	encode-core-hot	drop	E	10	205.55	95900	0
U-nested-before	corpus	encode-core-hot	drop	R	10	207.38	96934	0
U-nested-before	corpus	encode-core-hot	drop	E2	10	205.26	95570	0
U-nested-before	corpus	encode-core-hot	drop	R	11	209.47	96934	0
U-nested-before	corpus	encode-core-hot	drop	E2	11	206.89	95570	0
U-nested-before	corpus	encode-core-hot	drop	E	11	207.42	95900	0
U-nested-before	corpus	encode-core-hot	drop	E2	12	205.36	95570	0
U-nested-before	corpus	encode-core-hot	drop	E	12	206.21	95900	0
U-nested-before	corpus	encode-core-hot	drop	R	12	206.83	96934	0
U-nested-before	corpus	encode-core-hot	drop	E	13	206.02	95900	0
U-nested-before	corpus	encode-core-hot	drop	R	13	206.30	96934	0
U-nested-before	corpus	encode-core-hot	drop	E2	13	204.88	95570	0
U-nested-before	corpus	encode-core-hot	drop	R	14	208.81	96934	0
U-nested-before	corpus	encode-core-hot	drop	E2	14	205.31	95570	0
U-nested-before	corpus	encode-core-hot	drop	E	14	205.79	95900	0
U-nested-before	corpus	encode-core-hot	drop	E2	15	205.09	95570	0
U-nested-before	corpus	encode-core-hot	drop	E	15	203.07	95900	0
U-nested-before	corpus	encode-core-hot	drop	R	15	203.07	96934	0
U-nested-before	corpus	encode-core-hot	drop	E	16	204.80	95900	0
U-nested-before	corpus	encode-core-hot	drop	R	16	207.47	96934	0
U-nested-before	corpus	encode-core-hot	drop	E2	16	206.80	95570	0
U-nested-before	corpus	encode-core-hot	drop	R	17	206.14	96934	0
U-nested-before	corpus	encode-core-hot	drop	E2	17	206.83	95570	0
U-nested-before	corpus	encode-core-hot	drop	E	17	206.36	95900	0
U-nested-before	corpus	encode-core-hot	drop	E2	18	206.40	95570	0
U-nested-before	corpus	encode-core-hot	drop	E	18	207.40	95900	0
U-nested-before	corpus	encode-core-hot	drop	R	18	206.18	96934	0
U-nested-before	corpus	encode-core-hot	drop	E	19	206.79	95900	0
U-nested-before	corpus	encode-core-hot	drop	R	19	214.43	96934	0
U-nested-before	corpus	encode-core-hot	drop	E2	19	210.19	95570	0
U-nested-before	corpus	encode-core-hot	drop	R	20	206.76	96934	0
U-nested-before	corpus	encode-core-hot	drop	E2	20	207.29	95570	0
U-nested-before	corpus	encode-core-hot	drop	E	20	207.31	95900	0
U-nested-before	corpus	encode-core-hot	drop	E2	21	206.27	95570	0
U-nested-before	corpus	encode-core-hot	drop	E	21	206.13	95900	0
U-nested-before	corpus	encode-core-hot	drop	R	21	207.33	96934	0
U-nested-before	corpus	encode-core-hot	retain	E	1	559.61	37325	0
U-nested-before	corpus	encode-core-hot	retain	R	1	552.04	35831	0
U-nested-before	corpus	encode-core-hot	retain	E2	1	547.76	37026	0
U-nested-before	corpus	encode-core-hot	retain	R	2	561.83	35831	0
U-nested-before	corpus	encode-core-hot	retain	E2	2	555.64	37026	0
U-nested-before	corpus	encode-core-hot	retain	E	2	550.90	37325	0
U-nested-before	corpus	encode-core-hot	retain	E2	3	555.52	37026	0
U-nested-before	corpus	encode-core-hot	retain	E	3	542.75	37325	0
U-nested-before	corpus	encode-core-hot	retain	R	3	588.79	35831	0
U-nested-before	corpus	encode-core-hot	retain	E	4	561.89	37325	0
U-nested-before	corpus	encode-core-hot	retain	R	4	573.39	35831	0
U-nested-before	corpus	encode-core-hot	retain	E2	4	556.68	37026	0
U-nested-before	corpus	encode-core-hot	retain	R	5	567.26	35831	0
U-nested-before	corpus	encode-core-hot	retain	E2	5	541.56	37026	0
U-nested-before	corpus	encode-core-hot	retain	E	5	543.57	37325	0
U-nested-before	corpus	encode-core-hot	retain	E2	6	543.04	37026	0
U-nested-before	corpus	encode-core-hot	retain	E	6	543.17	37325	0
U-nested-before	corpus	encode-core-hot	retain	R	6	547.95	35831	0
U-nested-before	corpus	encode-core-hot	retain	E	7	611.63	37325	0
U-nested-before	corpus	encode-core-hot	retain	R	7	580.56	35831	0
U-nested-before	corpus	encode-core-hot	retain	E2	7	551.04	37026	0
U-nested-before	corpus	encode-core-hot	retain	R	8	562.71	35831	0
U-nested-before	corpus	encode-core-hot	retain	E2	8	548.20	37026	0
U-nested-before	corpus	encode-core-hot	retain	E	8	555.76	37325	0
U-nested-before	corpus	encode-core-hot	retain	E2	9	548.85	37026	0
U-nested-before	corpus	encode-core-hot	retain	E	9	556.07	37325	0
U-nested-before	corpus	encode-core-hot	retain	R	9	602.96	35831	0
U-nested-before	corpus	encode-core-hot	retain	E	10	548.30	37325	0
U-nested-before	corpus	encode-core-hot	retain	R	10	564.95	35831	0
U-nested-before	corpus	encode-core-hot	retain	E2	10	542.36	37026	0
U-nested-before	corpus	encode-core-hot	retain	R	11	567.78	35831	0
U-nested-before	corpus	encode-core-hot	retain	E2	11	541.74	37026	0
U-nested-before	corpus	encode-core-hot	retain	E	11	542.50	37325	0
U-nested-before	corpus	encode-core-hot	retain	E2	12	542.13	37026	0
U-nested-before	corpus	encode-core-hot	retain	E	12	547.19	37325	0
U-nested-before	corpus	encode-core-hot	retain	R	12	561.56	35831	0
U-nested-before	corpus	encode-core-hot	retain	E	13	566.68	37325	0
U-nested-before	corpus	encode-core-hot	retain	R	13	563.32	35831	0
U-nested-before	corpus	encode-core-hot	retain	E2	13	547.74	37026	0
U-nested-before	corpus	encode-core-hot	retain	R	14	580.15	35831	0
U-nested-before	corpus	encode-core-hot	retain	E2	14	551.36	37026	0
U-nested-before	corpus	encode-core-hot	retain	E	14	544.08	37325	0
U-nested-before	corpus	encode-core-hot	retain	E2	15	557.92	37026	0
U-nested-before	corpus	encode-core-hot	retain	E	15	570.32	37325	0
U-nested-before	corpus	encode-core-hot	retain	R	15	628.36	35831	0
U-nested-before	corpus	encode-core-hot	retain	E	16	580.93	37325	0
U-nested-before	corpus	encode-core-hot	retain	R	16	585.10	35831	0
U-nested-before	corpus	encode-core-hot	retain	E2	16	548.25	37026	0
U-nested-before	corpus	encode-core-hot	retain	R	17	573.89	35831	0
U-nested-before	corpus	encode-core-hot	retain	E2	17	573.16	37026	0
U-nested-before	corpus	encode-core-hot	retain	E	17	548.33	37325	0
U-nested-before	corpus	encode-core-hot	retain	E2	18	557.16	37026	0
U-nested-before	corpus	encode-core-hot	retain	E	18	560.13	37325	0
U-nested-before	corpus	encode-core-hot	retain	R	18	583.59	35831	0
U-nested-before	corpus	encode-core-hot	retain	E	19	569.35	37325	0
U-nested-before	corpus	encode-core-hot	retain	R	19	589.59	35831	0
U-nested-before	corpus	encode-core-hot	retain	E2	19	608.10	37026	0
U-nested-before	corpus	encode-core-hot	retain	R	20	580.33	35831	0
U-nested-before	corpus	encode-core-hot	retain	E2	20	555.52	37026	0
U-nested-before	corpus	encode-core-hot	retain	E	20	552.57	37325	0
U-nested-before	corpus	encode-core-hot	retain	E2	21	547.08	37026	0
U-nested-before	corpus	encode-core-hot	retain	E	21	560.52	37325	0
U-nested-before	corpus	encode-core-hot	retain	R	21	600.00	35831	0
U-deep-u-repeated	corpus	decode-read	drop	E	1	2679.94	5116	1
U-deep-u-repeated	corpus	decode-read	drop	R	1	2656.40	6920	0
U-deep-u-repeated	corpus	decode-read	drop	E2	1	2639.99	6732	1
U-deep-u-repeated	corpus	decode-read	drop	R	2	2644.13	6920	0
U-deep-u-repeated	corpus	decode-read	drop	E2	2	2631.23	6732	1
U-deep-u-repeated	corpus	decode-read	drop	E	2	2628.07	5116	1
U-deep-u-repeated	corpus	decode-read	drop	E2	3	2584.87	6732	1
U-deep-u-repeated	corpus	decode-read	drop	E	3	2586.42	5116	1
U-deep-u-repeated	corpus	decode-read	drop	R	3	2554.40	6920	0
U-deep-u-repeated	corpus	decode-read	drop	E	4	2643.19	5116	1
U-deep-u-repeated	corpus	decode-read	drop	R	4	2638.15	6920	0
U-deep-u-repeated	corpus	decode-read	drop	E2	4	2563.74	6732	1
U-deep-u-repeated	corpus	decode-read	drop	R	5	2556.79	6920	0
U-deep-u-repeated	corpus	decode-read	drop	E2	5	2567.52	6732	1
U-deep-u-repeated	corpus	decode-read	drop	E	5	2530.40	5116	1
U-deep-u-repeated	corpus	decode-read	drop	E2	6	2560.70	6732	1
U-deep-u-repeated	corpus	decode-read	drop	E	6	2611.49	5116	1
U-deep-u-repeated	corpus	decode-read	drop	R	6	2550.68	6920	0
U-deep-u-repeated	corpus	decode-read	drop	E	7	2523.98	5116	1
U-deep-u-repeated	corpus	decode-read	drop	R	7	2562.58	6920	0
U-deep-u-repeated	corpus	decode-read	drop	E2	7	2574.29	6732	1
U-deep-u-repeated	corpus	decode-read	drop	R	8	2669.83	6920	0
U-deep-u-repeated	corpus	decode-read	drop	E2	8	2574.38	6732	1
U-deep-u-repeated	corpus	decode-read	drop	E	8	2562.58	5116	1
U-deep-u-repeated	corpus	decode-read	drop	E2	9	2569.44	6732	1
U-deep-u-repeated	corpus	decode-read	drop	E	9	2565.51	5116	1
U-deep-u-repeated	corpus	decode-read	drop	R	9	2521.80	6920	0
U-deep-u-repeated	corpus	decode-read	drop	E	10	2625.76	5116	1
U-deep-u-repeated	corpus	decode-read	drop	R	10	2527.08	6920	0
U-deep-u-repeated	corpus	decode-read	drop	E2	10	2583.96	6732	1
U-deep-u-repeated	corpus	decode-read	drop	R	11	2547.55	6920	0
U-deep-u-repeated	corpus	decode-read	drop	E2	11	2564.10	6732	1
U-deep-u-repeated	corpus	decode-read	drop	E	11	2828.79	5116	1
U-deep-u-repeated	corpus	decode-read	drop	E2	12	2648.77	6732	1
U-deep-u-repeated	corpus	decode-read	drop	E	12	2564.04	5116	1
U-deep-u-repeated	corpus	decode-read	drop	R	12	2528.53	6920	0
U-deep-u-repeated	corpus	decode-read	drop	E	13	2588.28	5116	1
U-deep-u-repeated	corpus	decode-read	drop	R	13	2559.36	6920	0
U-deep-u-repeated	corpus	decode-read	drop	E2	13	2612.65	6732	1
U-deep-u-repeated	corpus	decode-read	drop	R	14	2575.70	6920	0
U-deep-u-repeated	corpus	decode-read	drop	E2	14	2573.31	6732	1
U-deep-u-repeated	corpus	decode-read	drop	E	14	2633.52	5116	1
U-deep-u-repeated	corpus	decode-read	drop	E2	15	2514.05	6732	1
U-deep-u-repeated	corpus	decode-read	drop	E	15	2627.01	5116	1
U-deep-u-repeated	corpus	decode-read	drop	R	15	2542.11	6920	0
U-deep-u-repeated	corpus	decode-read	drop	E	16	2612.90	5116	1
U-deep-u-repeated	corpus	decode-read	drop	R	16	2598.95	6920	0
U-deep-u-repeated	corpus	decode-read	drop	E2	16	2559.82	6732	1
U-deep-u-repeated	corpus	decode-read	drop	R	17	2604.99	6920	0
U-deep-u-repeated	corpus	decode-read	drop	E2	17	2571.56	6732	1
U-deep-u-repeated	corpus	decode-read	drop	E	17	2601.11	5116	1
U-deep-u-repeated	corpus	decode-read	drop	E2	18	2525.23	6732	1
U-deep-u-repeated	corpus	decode-read	drop	E	18	2546.31	5116	1
U-deep-u-repeated	corpus	decode-read	drop	R	18	2529.18	6920	0
U-deep-u-repeated	corpus	decode-read	drop	E	19	2641.81	5116	1
U-deep-u-repeated	corpus	decode-read	drop	R	19	2531.55	6920	0
U-deep-u-repeated	corpus	decode-read	drop	E2	19	2852.17	6732	1
U-deep-u-repeated	corpus	decode-read	drop	R	20	2534.93	6920	0
U-deep-u-repeated	corpus	decode-read	drop	E2	20	2848.68	6732	1
U-deep-u-repeated	corpus	decode-read	drop	E	20	2663.64	5116	1
U-deep-u-repeated	corpus	decode-read	drop	E2	21	2702.45	6732	1
U-deep-u-repeated	corpus	decode-read	drop	E	21	2550.52	5116	1
U-deep-u-repeated	corpus	decode-read	drop	R	21	2616.89	6920	0
U-deep-u-repeated	corpus	decode-read	retain	E	1	2767.38	6715	1
U-deep-u-repeated	corpus	decode-read	retain	R	1	2771.01	5452	0
U-deep-u-repeated	corpus	decode-read	retain	E2	1	2809.64	5852	1
U-deep-u-repeated	corpus	decode-read	retain	R	2	2727.10	5452	0
U-deep-u-repeated	corpus	decode-read	retain	E2	2	2726.72	5852	1
U-deep-u-repeated	corpus	decode-read	retain	E	2	2811.04	6715	1
U-deep-u-repeated	corpus	decode-read	retain	E2	3	2697.18	5852	1
U-deep-u-repeated	corpus	decode-read	retain	E	3	2749.08	6715	1
U-deep-u-repeated	corpus	decode-read	retain	R	3	2734.65	5452	0
U-deep-u-repeated	corpus	decode-read	retain	E	4	2746.04	6715	1
U-deep-u-repeated	corpus	decode-read	retain	R	4	2695.55	5452	0
U-deep-u-repeated	corpus	decode-read	retain	E2	4	2761.36	5852	1
U-deep-u-repeated	corpus	decode-read	retain	R	5	2625.83	5452	0
U-deep-u-repeated	corpus	decode-read	retain	E2	5	2683.96	5852	1
U-deep-u-repeated	corpus	decode-read	retain	E	5	2661.44	6715	1
U-deep-u-repeated	corpus	decode-read	retain	E2	6	2651.74	5852	1
U-deep-u-repeated	corpus	decode-read	retain	E	6	2695.17	6715	1
U-deep-u-repeated	corpus	decode-read	retain	R	6	2657.03	5452	0
U-deep-u-repeated	corpus	decode-read	retain	E	7	2645.53	6715	1
U-deep-u-repeated	corpus	decode-read	retain	R	7	2636.18	5452	0
U-deep-u-repeated	corpus	decode-read	retain	E2	7	2639.58	5852	1
U-deep-u-repeated	corpus	decode-read	retain	R	8	2695.40	5452	0
U-deep-u-repeated	corpus	decode-read	retain	E2	8	2720.49	5852	1
U-deep-u-repeated	corpus	decode-read	retain	E	8	2649.97	6715	1
U-deep-u-repeated	corpus	decode-read	retain	E2	9	2661.59	5852	1
U-deep-u-repeated	corpus	decode-read	retain	E	9	2656.21	6715	1
U-deep-u-repeated	corpus	decode-read	retain	R	9	2611.74	5452	0
U-deep-u-repeated	corpus	decode-read	retain	E	10	2647.18	6715	1
U-deep-u-repeated	corpus	decode-read	retain	R	10	2636.51	5452	0
U-deep-u-repeated	corpus	decode-read	retain	E2	10	2646.01	5852	1
U-deep-u-repeated	corpus	decode-read	retain	R	11	2655.60	5452	0
U-deep-u-repeated	corpus	decode-read	retain	E2	11	2650.47	5852	1
U-deep-u-repeated	corpus	decode-read	retain	E	11	2656.97	6715	1
U-deep-u-repeated	corpus	decode-read	retain	E2	12	2744.88	5852	1
U-deep-u-repeated	corpus	decode-read	retain	E	12	2654.66	6715	1
U-deep-u-repeated	corpus	decode-read	retain	R	12	2672.84	5452	0
U-deep-u-repeated	corpus	decode-read	retain	E	13	2655.13	6715	1
U-deep-u-repeated	corpus	decode-read	retain	R	13	2651.38	5452	0
U-deep-u-repeated	corpus	decode-read	retain	E2	13	2617.65	5852	1
U-deep-u-repeated	corpus	decode-read	retain	R	14	2696.49	5452	0
U-deep-u-repeated	corpus	decode-read	retain	E2	14	2688.44	5852	1
U-deep-u-repeated	corpus	decode-read	retain	E	14	2647.99	6715	1
U-deep-u-repeated	corpus	decode-read	retain	E2	15	2655.26	5852	1
U-deep-u-repeated	corpus	decode-read	retain	E	15	2669.39	6715	1
U-deep-u-repeated	corpus	decode-read	retain	R	15	2675.86	5452	0
U-deep-u-repeated	corpus	decode-read	retain	E	16	2649.43	6715	1
U-deep-u-repeated	corpus	decode-read	retain	R	16	2663.66	5452	0
U-deep-u-repeated	corpus	decode-read	retain	E2	16	2670.43	5852	1
U-deep-u-repeated	corpus	decode-read	retain	R	17	2627.61	5452	0
U-deep-u-repeated	corpus	decode-read	retain	E2	17	2635.64	5852	1
U-deep-u-repeated	corpus	decode-read	retain	E	17	2739.01	6715	1
U-deep-u-repeated	corpus	decode-read	retain	E2	18	2640.79	5852	1
U-deep-u-repeated	corpus	decode-read	retain	E	18	2661.02	6715	1
U-deep-u-repeated	corpus	decode-read	retain	R	18	2655.23	5452	0
U-deep-u-repeated	corpus	decode-read	retain	E	19	2678.78	6715	1
U-deep-u-repeated	corpus	decode-read	retain	R	19	2674.93	5452	0
U-deep-u-repeated	corpus	decode-read	retain	E2	19	2703.68	5852	1
U-deep-u-repeated	corpus	decode-read	retain	R	20	2659.25	5452	0
U-deep-u-repeated	corpus	decode-read	retain	E2	20	2637.99	5852	1
U-deep-u-repeated	corpus	decode-read	retain	E	20	2668.03	6715	1
U-deep-u-repeated	corpus	decode-read	retain	E2	21	2685.85	5852	1
U-deep-u-repeated	corpus	decode-read	retain	E	21	2779.46	6715	1
U-deep-u-repeated	corpus	decode-read	retain	R	21	2637.80	5452	0
U-deep-u-repeated	corpus	encode-core-hot	drop	E	1	1138.43	17267	0
U-deep-u-repeated	corpus	encode-core-hot	drop	R	1	1136.91	17595	0
U-deep-u-repeated	corpus	encode-core-hot	drop	E2	1	1179.67	17571	0
U-deep-u-repeated	corpus	encode-core-hot	drop	R	2	1152.34	17595	0
U-deep-u-repeated	corpus	encode-core-hot	drop	E2	2	1192.77	17571	0
U-deep-u-repeated	corpus	encode-core-hot	drop	E	2	1171.08	17267	0
U-deep-u-repeated	corpus	encode-core-hot	drop	E2	3	1178.65	17571	0
U-deep-u-repeated	corpus	encode-core-hot	drop	E	3	1171.39	17267	0
U-deep-u-repeated	corpus	encode-core-hot	drop	R	3	1141.94	17595	0
U-deep-u-repeated	corpus	encode-core-hot	drop	E	4	1158.40	17267	0
U-deep-u-repeated	corpus	encode-core-hot	drop	R	4	1144.66	17595	0
U-deep-u-repeated	corpus	encode-core-hot	drop	E2	4	1143.19	17571	0
U-deep-u-repeated	corpus	encode-core-hot	drop	R	5	1141.45	17595	0
U-deep-u-repeated	corpus	encode-core-hot	drop	E2	5	1172.21	17571	0
U-deep-u-repeated	corpus	encode-core-hot	drop	E	5	1144.35	17267	0
U-deep-u-repeated	corpus	encode-core-hot	drop	E2	6	1166.72	17571	0
U-deep-u-repeated	corpus	encode-core-hot	drop	E	6	1158.31	17267	0
U-deep-u-repeated	corpus	encode-core-hot	drop	R	6	1136.05	17595	0
U-deep-u-repeated	corpus	encode-core-hot	drop	E	7	1190.03	17267	0
U-deep-u-repeated	corpus	encode-core-hot	drop	R	7	1179.84	17595	0
U-deep-u-repeated	corpus	encode-core-hot	drop	E2	7	1176.23	17571	0
U-deep-u-repeated	corpus	encode-core-hot	drop	R	8	1146.38	17595	0
U-deep-u-repeated	corpus	encode-core-hot	drop	E2	8	1150.16	17571	0
U-deep-u-repeated	corpus	encode-core-hot	drop	E	8	1172.65	17267	0
U-deep-u-repeated	corpus	encode-core-hot	drop	E2	9	1144.84	17571	0
U-deep-u-repeated	corpus	encode-core-hot	drop	E	9	1153.50	17267	0
U-deep-u-repeated	corpus	encode-core-hot	drop	R	9	1168.07	17595	0
U-deep-u-repeated	corpus	encode-core-hot	drop	E	10	1157.68	17267	0
U-deep-u-repeated	corpus	encode-core-hot	drop	R	10	1137.27	17595	0
U-deep-u-repeated	corpus	encode-core-hot	drop	E2	10	1173.43	17571	0
U-deep-u-repeated	corpus	encode-core-hot	drop	R	11	1151.93	17595	0
U-deep-u-repeated	corpus	encode-core-hot	drop	E2	11	1157.89	17571	0
U-deep-u-repeated	corpus	encode-core-hot	drop	E	11	1211.91	17267	0
U-deep-u-repeated	corpus	encode-core-hot	drop	E2	12	1174.89	17571	0
U-deep-u-repeated	corpus	encode-core-hot	drop	E	12	1144.02	17267	0
U-deep-u-repeated	corpus	encode-core-hot	drop	R	12	1156.69	17595	0
U-deep-u-repeated	corpus	encode-core-hot	drop	E	13	1169.27	17267	0
U-deep-u-repeated	corpus	encode-core-hot	drop	R	13	1177.90	17595	0
U-deep-u-repeated	corpus	encode-core-hot	drop	E2	13	1175.32	17571	0
U-deep-u-repeated	corpus	encode-core-hot	drop	R	14	1147.76	17595	0
U-deep-u-repeated	corpus	encode-core-hot	drop	E2	14	1167.78	17571	0
U-deep-u-repeated	corpus	encode-core-hot	drop	E	14	1243.54	17267	0
U-deep-u-repeated	corpus	encode-core-hot	drop	E2	15	1210.40	17571	0
U-deep-u-repeated	corpus	encode-core-hot	drop	E	15	1225.04	17267	0
U-deep-u-repeated	corpus	encode-core-hot	drop	R	15	1188.00	17595	0
U-deep-u-repeated	corpus	encode-core-hot	drop	E	16	1170.19	17267	0
U-deep-u-repeated	corpus	encode-core-hot	drop	R	16	1148.81	17595	0
U-deep-u-repeated	corpus	encode-core-hot	drop	E2	16	1136.68	17571	0
U-deep-u-repeated	corpus	encode-core-hot	drop	R	17	1136.24	17595	0
U-deep-u-repeated	corpus	encode-core-hot	drop	E2	17	1175.78	17571	0
U-deep-u-repeated	corpus	encode-core-hot	drop	E	17	1154.11	17267	0
U-deep-u-repeated	corpus	encode-core-hot	drop	E2	18	1239.70	17571	0
U-deep-u-repeated	corpus	encode-core-hot	drop	E	18	1142.83	17267	0
U-deep-u-repeated	corpus	encode-core-hot	drop	R	18	1166.96	17595	0
U-deep-u-repeated	corpus	encode-core-hot	drop	E	19	1193.83	17267	0
U-deep-u-repeated	corpus	encode-core-hot	drop	R	19	1235.88	17595	0
U-deep-u-repeated	corpus	encode-core-hot	drop	E2	19	1227.52	17571	0
U-deep-u-repeated	corpus	encode-core-hot	drop	R	20	1145.19	17595	0
U-deep-u-repeated	corpus	encode-core-hot	drop	E2	20	1168.72	17571	0
U-deep-u-repeated	corpus	encode-core-hot	drop	E	20	1176.20	17267	0
U-deep-u-repeated	corpus	encode-core-hot	drop	E2	21	1204.16	17571	0
U-deep-u-repeated	corpus	encode-core-hot	drop	E	21	1172.95	17267	0
U-deep-u-repeated	corpus	encode-core-hot	drop	R	21	1173.65	17595	0
U-deep-u-repeated	corpus	encode-core-hot	retain	E	1	1885.43	11373	0
U-deep-u-repeated	corpus	encode-core-hot	retain	R	1	1754.83	10764	0
U-deep-u-repeated	corpus	encode-core-hot	retain	E2	1	1747.97	11179	0
U-deep-u-repeated	corpus	encode-core-hot	retain	R	2	1697.12	10764	0
U-deep-u-repeated	corpus	encode-core-hot	retain	E2	2	1733.26	11179	0
U-deep-u-repeated	corpus	encode-core-hot	retain	E	2	1720.37	11373	0
U-deep-u-repeated	corpus	encode-core-hot	retain	E2	3	1733.34	11179	0
U-deep-u-repeated	corpus	encode-core-hot	retain	E	3	1730.98	11373	0
U-deep-u-repeated	corpus	encode-core-hot	retain	R	3	1653.34	10764	0
U-deep-u-repeated	corpus	encode-core-hot	retain	E	4	1757.56	11373	0
U-deep-u-repeated	corpus	encode-core-hot	retain	R	4	1688.80	10764	0
U-deep-u-repeated	corpus	encode-core-hot	retain	E2	4	1723.74	11179	0
U-deep-u-repeated	corpus	encode-core-hot	retain	R	5	1695.54	10764	0
U-deep-u-repeated	corpus	encode-core-hot	retain	E2	5	1700.85	11179	0
U-deep-u-repeated	corpus	encode-core-hot	retain	E	5	1729.38	11373	0
U-deep-u-repeated	corpus	encode-core-hot	retain	E2	6	1698.01	11179	0
U-deep-u-repeated	corpus	encode-core-hot	retain	E	6	1750.71	11373	0
U-deep-u-repeated	corpus	encode-core-hot	retain	R	6	1703.99	10764	0
U-deep-u-repeated	corpus	encode-core-hot	retain	E	7	1839.96	11373	0
U-deep-u-repeated	corpus	encode-core-hot	retain	R	7	1737.53	10764	0
U-deep-u-repeated	corpus	encode-core-hot	retain	E2	7	1731.36	11179	0
U-deep-u-repeated	corpus	encode-core-hot	retain	R	8	1690.99	10764	0
U-deep-u-repeated	corpus	encode-core-hot	retain	E2	8	1712.92	11179	0
U-deep-u-repeated	corpus	encode-core-hot	retain	E	8	1691.34	11373	0
U-deep-u-repeated	corpus	encode-core-hot	retain	E2	9	1711.05	11179	0
U-deep-u-repeated	corpus	encode-core-hot	retain	E	9	1724.78	11373	0
U-deep-u-repeated	corpus	encode-core-hot	retain	R	9	1698.09	10764	0
U-deep-u-repeated	corpus	encode-core-hot	retain	E	10	1740.98	11373	0
U-deep-u-repeated	corpus	encode-core-hot	retain	R	10	1720.70	10764	0
U-deep-u-repeated	corpus	encode-core-hot	retain	E2	10	1732.02	11179	0
U-deep-u-repeated	corpus	encode-core-hot	retain	R	11	1688.36	10764	0
U-deep-u-repeated	corpus	encode-core-hot	retain	E2	11	1770.25	11179	0
U-deep-u-repeated	corpus	encode-core-hot	retain	E	11	1752.76	11373	0
U-deep-u-repeated	corpus	encode-core-hot	retain	E2	12	1774.42	11179	0
U-deep-u-repeated	corpus	encode-core-hot	retain	E	12	1737.04	11373	0
U-deep-u-repeated	corpus	encode-core-hot	retain	R	12	1683.58	10764	0
U-deep-u-repeated	corpus	encode-core-hot	retain	E	13	1754.63	11373	0
U-deep-u-repeated	corpus	encode-core-hot	retain	R	13	1716.64	10764	0
U-deep-u-repeated	corpus	encode-core-hot	retain	E2	13	1744.61	11179	0
U-deep-u-repeated	corpus	encode-core-hot	retain	R	14	1705.74	10764	0
U-deep-u-repeated	corpus	encode-core-hot	retain	E2	14	1744.84	11179	0
U-deep-u-repeated	corpus	encode-core-hot	retain	E	14	1753.56	11373	0
U-deep-u-repeated	corpus	encode-core-hot	retain	E2	15	1738.01	11179	0
U-deep-u-repeated	corpus	encode-core-hot	retain	E	15	1758.02	11373	0
U-deep-u-repeated	corpus	encode-core-hot	retain	R	15	1679.45	10764	0
U-deep-u-repeated	corpus	encode-core-hot	retain	E	16	1783.65	11373	0
U-deep-u-repeated	corpus	encode-core-hot	retain	R	16	1698.62	10764	0
U-deep-u-repeated	corpus	encode-core-hot	retain	E2	16	1695.92	11179	0
U-deep-u-repeated	corpus	encode-core-hot	retain	R	17	1660.57	10764	0
U-deep-u-repeated	corpus	encode-core-hot	retain	E2	17	1714.80	11179	0
U-deep-u-repeated	corpus	encode-core-hot	retain	E	17	1710.59	11373	0
U-deep-u-repeated	corpus	encode-core-hot	retain	E2	18	1716.36	11179	0
U-deep-u-repeated	corpus	encode-core-hot	retain	E	18	1714.46	11373	0
U-deep-u-repeated	corpus	encode-core-hot	retain	R	18	1684.01	10764	0
U-deep-u-repeated	corpus	encode-core-hot	retain	E	19	1689.90	11373	0
U-deep-u-repeated	corpus	encode-core-hot	retain	R	19	1646.22	10764	0
U-deep-u-repeated	corpus	encode-core-hot	retain	E2	19	1710.51	11179	0
U-deep-u-repeated	corpus	encode-core-hot	retain	R	20	1649.03	10764	0
U-deep-u-repeated	corpus	encode-core-hot	retain	E2	20	1685.13	11179	0
U-deep-u-repeated	corpus	encode-core-hot	retain	E	20	1700.31	11373	0
U-deep-u-repeated	corpus	encode-core-hot	retain	E2	21	1680.42	11179	0
U-deep-u-repeated	corpus	encode-core-hot	retain	E	21	1737.50	11373	0
U-deep-u-repeated	corpus	encode-core-hot	retain	R	21	1647.02	10764	0
U-oneof-u-repeated	corpus	decode-read	drop	E	1	214.53	85614	1
U-oneof-u-repeated	corpus	decode-read	drop	R	1	207.18	94271	0
U-oneof-u-repeated	corpus	decode-read	drop	E2	1	212.25	93144	1
U-oneof-u-repeated	corpus	decode-read	drop	R	2	215.87	94271	0
U-oneof-u-repeated	corpus	decode-read	drop	E2	2	225.21	93144	1
U-oneof-u-repeated	corpus	decode-read	drop	E	2	221.54	85614	1
U-oneof-u-repeated	corpus	decode-read	drop	E2	3	213.62	93144	1
U-oneof-u-repeated	corpus	decode-read	drop	E	3	211.91	85614	1
U-oneof-u-repeated	corpus	decode-read	drop	R	3	207.58	94271	0
U-oneof-u-repeated	corpus	decode-read	drop	E	4	210.83	85614	1
U-oneof-u-repeated	corpus	decode-read	drop	R	4	207.99	94271	0
U-oneof-u-repeated	corpus	decode-read	drop	E2	4	206.58	93144	1
U-oneof-u-repeated	corpus	decode-read	drop	R	5	205.78	94271	0
U-oneof-u-repeated	corpus	decode-read	drop	E2	5	208.52	93144	1
U-oneof-u-repeated	corpus	decode-read	drop	E	5	214.51	85614	1
U-oneof-u-repeated	corpus	decode-read	drop	E2	6	208.52	93144	1
U-oneof-u-repeated	corpus	decode-read	drop	E	6	212.30	85614	1
U-oneof-u-repeated	corpus	decode-read	drop	R	6	215.11	94271	0
U-oneof-u-repeated	corpus	decode-read	drop	E	7	221.47	85614	1
U-oneof-u-repeated	corpus	decode-read	drop	R	7	218.05	94271	0
U-oneof-u-repeated	corpus	decode-read	drop	E2	7	217.37	93144	1
U-oneof-u-repeated	corpus	decode-read	drop	R	8	209.36	94271	0
U-oneof-u-repeated	corpus	decode-read	drop	E2	8	214.92	93144	1
U-oneof-u-repeated	corpus	decode-read	drop	E	8	225.48	85614	1
U-oneof-u-repeated	corpus	decode-read	drop	E2	9	217.58	93144	1
U-oneof-u-repeated	corpus	decode-read	drop	E	9	228.00	85614	1
U-oneof-u-repeated	corpus	decode-read	drop	R	9	214.27	94271	0
U-oneof-u-repeated	corpus	decode-read	drop	E	10	227.11	85614	1
U-oneof-u-repeated	corpus	decode-read	drop	R	10	211.08	94271	0
U-oneof-u-repeated	corpus	decode-read	drop	E2	10	248.77	93144	1
U-oneof-u-repeated	corpus	decode-read	drop	R	11	216.18	94271	0
U-oneof-u-repeated	corpus	decode-read	drop	E2	11	222.33	93144	1
U-oneof-u-repeated	corpus	decode-read	drop	E	11	218.42	85614	1
U-oneof-u-repeated	corpus	decode-read	drop	E2	12	219.99	93144	1
U-oneof-u-repeated	corpus	decode-read	drop	E	12	219.25	85614	1
U-oneof-u-repeated	corpus	decode-read	drop	R	12	216.01	94271	0
U-oneof-u-repeated	corpus	decode-read	drop	E	13	219.79	85614	1
U-oneof-u-repeated	corpus	decode-read	drop	R	13	215.38	94271	0
U-oneof-u-repeated	corpus	decode-read	drop	E2	13	263.24	93144	1
U-oneof-u-repeated	corpus	decode-read	drop	R	14	215.60	94271	0
U-oneof-u-repeated	corpus	decode-read	drop	E2	14	238.33	93144	1
U-oneof-u-repeated	corpus	decode-read	drop	E	14	223.23	85614	1
U-oneof-u-repeated	corpus	decode-read	drop	E2	15	220.16	93144	1
U-oneof-u-repeated	corpus	decode-read	drop	E	15	238.15	85614	1
U-oneof-u-repeated	corpus	decode-read	drop	R	15	218.02	94271	0
U-oneof-u-repeated	corpus	decode-read	drop	E	16	225.44	85614	1
U-oneof-u-repeated	corpus	decode-read	drop	R	16	214.73	94271	0
U-oneof-u-repeated	corpus	decode-read	drop	E2	16	216.94	93144	1
U-oneof-u-repeated	corpus	decode-read	drop	R	17	216.09	94271	0
U-oneof-u-repeated	corpus	decode-read	drop	E2	17	215.80	93144	1
U-oneof-u-repeated	corpus	decode-read	drop	E	17	214.03	85614	1
U-oneof-u-repeated	corpus	decode-read	drop	E2	18	215.32	93144	1
U-oneof-u-repeated	corpus	decode-read	drop	E	18	228.38	85614	1
U-oneof-u-repeated	corpus	decode-read	drop	R	18	242.86	94271	0
U-oneof-u-repeated	corpus	decode-read	drop	E	19	291.91	85614	1
U-oneof-u-repeated	corpus	decode-read	drop	R	19	237.30	94271	0
U-oneof-u-repeated	corpus	decode-read	drop	E2	19	218.01	93144	1
U-oneof-u-repeated	corpus	decode-read	drop	R	20	216.89	94271	0
U-oneof-u-repeated	corpus	decode-read	drop	E2	20	215.66	93144	1
U-oneof-u-repeated	corpus	decode-read	drop	E	20	217.76	85614	1
U-oneof-u-repeated	corpus	decode-read	drop	E2	21	217.41	93144	1
U-oneof-u-repeated	corpus	decode-read	drop	E	21	218.82	85614	1
U-oneof-u-repeated	corpus	decode-read	drop	R	21	214.43	94271	0
U-oneof-u-repeated	corpus	decode-read	retain	E	1	269.06	73166	1
U-oneof-u-repeated	corpus	decode-read	retain	R	1	278.82	73181	0
U-oneof-u-repeated	corpus	decode-read	retain	E2	1	281.71	72313	1
U-oneof-u-repeated	corpus	decode-read	retain	R	2	273.31	73181	0
U-oneof-u-repeated	corpus	decode-read	retain	E2	2	277.77	72313	1
U-oneof-u-repeated	corpus	decode-read	retain	E	2	274.34	73166	1
U-oneof-u-repeated	corpus	decode-read	retain	E2	3	277.31	72313	1
U-oneof-u-repeated	corpus	decode-read	retain	E	3	274.85	73166	1
U-oneof-u-repeated	corpus	decode-read	retain	R	3	274.00	73181	0
U-oneof-u-repeated	corpus	decode-read	retain	E	4	276.98	73166	1
U-oneof-u-repeated	corpus	decode-read	retain	R	4	267.88	73181	0
U-oneof-u-repeated	corpus	decode-read	retain	E2	4	276.97	72313	1
U-oneof-u-repeated	corpus	decode-read	retain	R	5	271.67	73181	0
U-oneof-u-repeated	corpus	decode-read	retain	E2	5	277.38	72313	1
U-oneof-u-repeated	corpus	decode-read	retain	E	5	277.36	73166	1
U-oneof-u-repeated	corpus	decode-read	retain	E2	6	277.31	72313	1
U-oneof-u-repeated	corpus	decode-read	retain	E	6	273.30	73166	1
U-oneof-u-repeated	corpus	decode-read	retain	R	6	273.68	73181	0
U-oneof-u-repeated	corpus	decode-read	retain	E	7	284.11	73166	1
U-oneof-u-repeated	corpus	decode-read	retain	R	7	282.08	73181	0
U-oneof-u-repeated	corpus	decode-read	retain	E2	7	303.67	72313	1
U-oneof-u-repeated	corpus	decode-read	retain	R	8	277.78	73181	0
U-oneof-u-repeated	corpus	decode-read	retain	E2	8	278.52	72313	1
U-oneof-u-repeated	corpus	decode-read	retain	E	8	286.61	73166	1
U-oneof-u-repeated	corpus	decode-read	retain	E2	9	306.67	72313	1
U-oneof-u-repeated	corpus	decode-read	retain	E	9	287.78	73166	1
U-oneof-u-repeated	corpus	decode-read	retain	R	9	273.17	73181	0
U-oneof-u-repeated	corpus	decode-read	retain	E	10	274.95	73166	1
U-oneof-u-repeated	corpus	decode-read	retain	R	10	275.28	73181	0
U-oneof-u-repeated	corpus	decode-read	retain	E2	10	352.25	72313	1
U-oneof-u-repeated	corpus	decode-read	retain	R	11	278.52	73181	0
U-oneof-u-repeated	corpus	decode-read	retain	E2	11	279.63	72313	1
U-oneof-u-repeated	corpus	decode-read	retain	E	11	283.16	73166	1
U-oneof-u-repeated	corpus	decode-read	retain	E2	12	284.63	72313	1
U-oneof-u-repeated	corpus	decode-read	retain	E	12	278.66	73166	1
U-oneof-u-repeated	corpus	decode-read	retain	R	12	272.10	73181	0
U-oneof-u-repeated	corpus	decode-read	retain	E	13	274.24	73166	1
U-oneof-u-repeated	corpus	decode-read	retain	R	13	271.99	73181	0
U-oneof-u-repeated	corpus	decode-read	retain	E2	13	273.41	72313	1
U-oneof-u-repeated	corpus	decode-read	retain	R	14	273.17	73181	0
U-oneof-u-repeated	corpus	decode-read	retain	E2	14	271.80	72313	1
U-oneof-u-repeated	corpus	decode-read	retain	E	14	272.95	73166	1
U-oneof-u-repeated	corpus	decode-read	retain	E2	15	276.70	72313	1
U-oneof-u-repeated	corpus	decode-read	retain	E	15	281.52	73166	1
U-oneof-u-repeated	corpus	decode-read	retain	R	15	268.77	73181	0
U-oneof-u-repeated	corpus	decode-read	retain	E	16	279.36	73166	1
U-oneof-u-repeated	corpus	decode-read	retain	R	16	270.64	73181	0
U-oneof-u-repeated	corpus	decode-read	retain	E2	16	273.72	72313	1
U-oneof-u-repeated	corpus	decode-read	retain	R	17	280.32	73181	0
U-oneof-u-repeated	corpus	decode-read	retain	E2	17	279.01	72313	1
U-oneof-u-repeated	corpus	decode-read	retain	E	17	279.43	73166	1
U-oneof-u-repeated	corpus	decode-read	retain	E2	18	294.47	72313	1
U-oneof-u-repeated	corpus	decode-read	retain	E	18	294.69	73166	1
U-oneof-u-repeated	corpus	decode-read	retain	R	18	293.75	73181	0
U-oneof-u-repeated	corpus	decode-read	retain	E	19	305.38	73166	1
U-oneof-u-repeated	corpus	decode-read	retain	R	19	322.30	73181	0
U-oneof-u-repeated	corpus	decode-read	retain	E2	19	313.66	72313	1
U-oneof-u-repeated	corpus	decode-read	retain	R	20	286.31	73181	0
U-oneof-u-repeated	corpus	decode-read	retain	E2	20	279.68	72313	1
U-oneof-u-repeated	corpus	decode-read	retain	E	20	288.99	73166	1
U-oneof-u-repeated	corpus	decode-read	retain	E2	21	283.18	72313	1
U-oneof-u-repeated	corpus	decode-read	retain	E	21	273.83	73166	1
U-oneof-u-repeated	corpus	decode-read	retain	R	21	278.16	73181	0
U-oneof-u-repeated	corpus	encode-core-hot	drop	E	1	104.88	184468	0
U-oneof-u-repeated	corpus	encode-core-hot	drop	R	1	105.99	188181	0
U-oneof-u-repeated	corpus	encode-core-hot	drop	E2	1	105.67	185475	0
U-oneof-u-repeated	corpus	encode-core-hot	drop	R	2	105.98	188181	0
U-oneof-u-repeated	corpus	encode-core-hot	drop	E2	2	105.64	185475	0
U-oneof-u-repeated	corpus	encode-core-hot	drop	E	2	105.90	184468	0
U-oneof-u-repeated	corpus	encode-core-hot	drop	E2	3	105.56	185475	0
U-oneof-u-repeated	corpus	encode-core-hot	drop	E	3	105.12	184468	0
U-oneof-u-repeated	corpus	encode-core-hot	drop	R	3	105.74	188181	0
U-oneof-u-repeated	corpus	encode-core-hot	drop	E	4	106.41	184468	0
U-oneof-u-repeated	corpus	encode-core-hot	drop	R	4	106.92	188181	0
U-oneof-u-repeated	corpus	encode-core-hot	drop	E2	4	105.57	185475	0
U-oneof-u-repeated	corpus	encode-core-hot	drop	R	5	106.03	188181	0
U-oneof-u-repeated	corpus	encode-core-hot	drop	E2	5	106.33	185475	0
U-oneof-u-repeated	corpus	encode-core-hot	drop	E	5	105.94	184468	0
U-oneof-u-repeated	corpus	encode-core-hot	drop	E2	6	104.85	185475	0
U-oneof-u-repeated	corpus	encode-core-hot	drop	E	6	105.09	184468	0
U-oneof-u-repeated	corpus	encode-core-hot	drop	R	6	105.30	188181	0
U-oneof-u-repeated	corpus	encode-core-hot	drop	E	7	106.26	184468	0
U-oneof-u-repeated	corpus	encode-core-hot	drop	R	7	105.40	188181	0
U-oneof-u-repeated	corpus	encode-core-hot	drop	E2	7	105.67	185475	0
U-oneof-u-repeated	corpus	encode-core-hot	drop	R	8	106.27	188181	0
U-oneof-u-repeated	corpus	encode-core-hot	drop	E2	8	106.25	185475	0
U-oneof-u-repeated	corpus	encode-core-hot	drop	E	8	106.81	184468	0
U-oneof-u-repeated	corpus	encode-core-hot	drop	E2	9	106.03	185475	0
U-oneof-u-repeated	corpus	encode-core-hot	drop	E	9	105.87	184468	0
U-oneof-u-repeated	corpus	encode-core-hot	drop	R	9	105.99	188181	0
U-oneof-u-repeated	corpus	encode-core-hot	drop	E	10	106.37	184468	0
U-oneof-u-repeated	corpus	encode-core-hot	drop	R	10	106.85	188181	0
U-oneof-u-repeated	corpus	encode-core-hot	drop	E2	10	106.83	185475	0
U-oneof-u-repeated	corpus	encode-core-hot	drop	R	11	105.89	188181	0
U-oneof-u-repeated	corpus	encode-core-hot	drop	E2	11	106.27	185475	0
U-oneof-u-repeated	corpus	encode-core-hot	drop	E	11	105.57	184468	0
U-oneof-u-repeated	corpus	encode-core-hot	drop	E2	12	105.51	185475	0
U-oneof-u-repeated	corpus	encode-core-hot	drop	E	12	105.74	184468	0
U-oneof-u-repeated	corpus	encode-core-hot	drop	R	12	105.70	188181	0
U-oneof-u-repeated	corpus	encode-core-hot	drop	E	13	105.71	184468	0
U-oneof-u-repeated	corpus	encode-core-hot	drop	R	13	106.17	188181	0
U-oneof-u-repeated	corpus	encode-core-hot	drop	E2	13	105.98	185475	0
U-oneof-u-repeated	corpus	encode-core-hot	drop	R	14	105.80	188181	0
U-oneof-u-repeated	corpus	encode-core-hot	drop	E2	14	105.86	185475	0
U-oneof-u-repeated	corpus	encode-core-hot	drop	E	14	104.65	184468	0
U-oneof-u-repeated	corpus	encode-core-hot	drop	E2	15	105.41	185475	0
U-oneof-u-repeated	corpus	encode-core-hot	drop	E	15	105.88	184468	0
U-oneof-u-repeated	corpus	encode-core-hot	drop	R	15	106.14	188181	0
U-oneof-u-repeated	corpus	encode-core-hot	drop	E	16	106.70	184468	0
U-oneof-u-repeated	corpus	encode-core-hot	drop	R	16	105.54	188181	0
U-oneof-u-repeated	corpus	encode-core-hot	drop	E2	16	105.81	185475	0
U-oneof-u-repeated	corpus	encode-core-hot	drop	R	17	105.42	188181	0
U-oneof-u-repeated	corpus	encode-core-hot	drop	E2	17	105.88	185475	0
U-oneof-u-repeated	corpus	encode-core-hot	drop	E	17	108.02	184468	0
U-oneof-u-repeated	corpus	encode-core-hot	drop	E2	18	105.92	185475	0
U-oneof-u-repeated	corpus	encode-core-hot	drop	E	18	105.71	184468	0
U-oneof-u-repeated	corpus	encode-core-hot	drop	R	18	105.62	188181	0
U-oneof-u-repeated	corpus	encode-core-hot	drop	E	19	105.10	184468	0
U-oneof-u-repeated	corpus	encode-core-hot	drop	R	19	106.29	188181	0
U-oneof-u-repeated	corpus	encode-core-hot	drop	E2	19	105.77	185475	0
U-oneof-u-repeated	corpus	encode-core-hot	drop	R	20	105.41	188181	0
U-oneof-u-repeated	corpus	encode-core-hot	drop	E2	20	105.85	185475	0
U-oneof-u-repeated	corpus	encode-core-hot	drop	E	20	105.31	184468	0
U-oneof-u-repeated	corpus	encode-core-hot	drop	E2	21	105.69	185475	0
U-oneof-u-repeated	corpus	encode-core-hot	drop	E	21	105.51	184468	0
U-oneof-u-repeated	corpus	encode-core-hot	drop	R	21	105.58	188181	0
U-oneof-u-repeated	corpus	encode-core-hot	retain	E	1	121.47	160359	0
U-oneof-u-repeated	corpus	encode-core-hot	retain	R	1	121.32	165717	0
U-oneof-u-repeated	corpus	encode-core-hot	retain	E2	1	120.85	160453	0
U-oneof-u-repeated	corpus	encode-core-hot	retain	R	2	120.96	165717	0
U-oneof-u-repeated	corpus	encode-core-hot	retain	E2	2	122.61	160453	0
U-oneof-u-repeated	corpus	encode-core-hot	retain	E	2	122.06	160359	0
U-oneof-u-repeated	corpus	encode-core-hot	retain	E2	3	121.44	160453	0
U-oneof-u-repeated	corpus	encode-core-hot	retain	E	3	126.09	160359	0
U-oneof-u-repeated	corpus	encode-core-hot	retain	R	3	123.67	165717	0
U-oneof-u-repeated	corpus	encode-core-hot	retain	E	4	123.32	160359	0
U-oneof-u-repeated	corpus	encode-core-hot	retain	R	4	120.10	165717	0
U-oneof-u-repeated	corpus	encode-core-hot	retain	E2	4	121.20	160453	0
U-oneof-u-repeated	corpus	encode-core-hot	retain	R	5	120.29	165717	0
U-oneof-u-repeated	corpus	encode-core-hot	retain	E2	5	121.88	160453	0
U-oneof-u-repeated	corpus	encode-core-hot	retain	E	5	121.51	160359	0
U-oneof-u-repeated	corpus	encode-core-hot	retain	E2	6	121.45	160453	0
U-oneof-u-repeated	corpus	encode-core-hot	retain	E	6	120.99	160359	0
U-oneof-u-repeated	corpus	encode-core-hot	retain	R	6	120.44	165717	0
U-oneof-u-repeated	corpus	encode-core-hot	retain	E	7	121.43	160359	0
U-oneof-u-repeated	corpus	encode-core-hot	retain	R	7	121.21	165717	0
U-oneof-u-repeated	corpus	encode-core-hot	retain	E2	7	121.22	160453	0
U-oneof-u-repeated	corpus	encode-core-hot	retain	R	8	119.56	165717	0
U-oneof-u-repeated	corpus	encode-core-hot	retain	E2	8	121.90	160453	0
U-oneof-u-repeated	corpus	encode-core-hot	retain	E	8	120.83	160359	0
U-oneof-u-repeated	corpus	encode-core-hot	retain	E2	9	122.00	160453	0
U-oneof-u-repeated	corpus	encode-core-hot	retain	E	9	121.15	160359	0
U-oneof-u-repeated	corpus	encode-core-hot	retain	R	9	119.46	165717	0
U-oneof-u-repeated	corpus	encode-core-hot	retain	E	10	122.22	160359	0
U-oneof-u-repeated	corpus	encode-core-hot	retain	R	10	120.72	165717	0
U-oneof-u-repeated	corpus	encode-core-hot	retain	E2	10	122.02	160453	0
U-oneof-u-repeated	corpus	encode-core-hot	retain	R	11	118.72	165717	0
U-oneof-u-repeated	corpus	encode-core-hot	retain	E2	11	122.06	160453	0
U-oneof-u-repeated	corpus	encode-core-hot	retain	E	11	121.26	160359	0
U-oneof-u-repeated	corpus	encode-core-hot	retain	E2	12	121.00	160453	0
U-oneof-u-repeated	corpus	encode-core-hot	retain	E	12	122.45	160359	0
U-oneof-u-repeated	corpus	encode-core-hot	retain	R	12	120.41	165717	0
U-oneof-u-repeated	corpus	encode-core-hot	retain	E	13	125.18	160359	0
U-oneof-u-repeated	corpus	encode-core-hot	retain	R	13	124.71	165717	0
U-oneof-u-repeated	corpus	encode-core-hot	retain	E2	13	123.17	160453	0
U-oneof-u-repeated	corpus	encode-core-hot	retain	R	14	120.37	165717	0
U-oneof-u-repeated	corpus	encode-core-hot	retain	E2	14	121.13	160453	0
U-oneof-u-repeated	corpus	encode-core-hot	retain	E	14	120.94	160359	0
U-oneof-u-repeated	corpus	encode-core-hot	retain	E2	15	121.98	160453	0
U-oneof-u-repeated	corpus	encode-core-hot	retain	E	15	121.52	160359	0
U-oneof-u-repeated	corpus	encode-core-hot	retain	R	15	120.90	165717	0
U-oneof-u-repeated	corpus	encode-core-hot	retain	E	16	120.94	160359	0
U-oneof-u-repeated	corpus	encode-core-hot	retain	R	16	120.26	165717	0
U-oneof-u-repeated	corpus	encode-core-hot	retain	E2	16	120.62	160453	0
U-oneof-u-repeated	corpus	encode-core-hot	retain	R	17	119.81	165717	0
U-oneof-u-repeated	corpus	encode-core-hot	retain	E2	17	120.02	160453	0
U-oneof-u-repeated	corpus	encode-core-hot	retain	E	17	120.94	160359	0
U-oneof-u-repeated	corpus	encode-core-hot	retain	E2	18	121.92	160453	0
U-oneof-u-repeated	corpus	encode-core-hot	retain	E	18	120.92	160359	0
U-oneof-u-repeated	corpus	encode-core-hot	retain	R	18	119.89	165717	0
U-oneof-u-repeated	corpus	encode-core-hot	retain	E	19	121.56	160359	0
U-oneof-u-repeated	corpus	encode-core-hot	retain	R	19	119.33	165717	0
U-oneof-u-repeated	corpus	encode-core-hot	retain	E2	19	121.50	160453	0
U-oneof-u-repeated	corpus	encode-core-hot	retain	R	20	120.02	165717	0
U-oneof-u-repeated	corpus	encode-core-hot	retain	E2	20	120.80	160453	0
U-oneof-u-repeated	corpus	encode-core-hot	retain	E	20	120.84	160359	0
U-oneof-u-repeated	corpus	encode-core-hot	retain	E2	21	121.30	160453	0
U-oneof-u-repeated	corpus	encode-core-hot	retain	E	21	122.29	160359	0
U-oneof-u-repeated	corpus	encode-core-hot	retain	R	21	119.60	165717	0
U-wire-ListTaskSummaryResponse-tasks-as-wt5	corpus	decode-read	drop	E	1	2408.86	8254	1
U-wire-ListTaskSummaryResponse-tasks-as-wt5	corpus	decode-read	drop	R	1	2388.09	8326	0
U-wire-ListTaskSummaryResponse-tasks-as-wt5	corpus	decode-read	drop	E2	1	2400.56	7974	1
U-wire-ListTaskSummaryResponse-tasks-as-wt5	corpus	decode-read	drop	R	2	2384.33	8326	0
U-wire-ListTaskSummaryResponse-tasks-as-wt5	corpus	decode-read	drop	E2	2	2464.44	7974	1
U-wire-ListTaskSummaryResponse-tasks-as-wt5	corpus	decode-read	drop	E	2	2414.07	8254	1
U-wire-ListTaskSummaryResponse-tasks-as-wt5	corpus	decode-read	drop	E2	3	2401.29	7974	1
U-wire-ListTaskSummaryResponse-tasks-as-wt5	corpus	decode-read	drop	E	3	2411.84	8254	1
U-wire-ListTaskSummaryResponse-tasks-as-wt5	corpus	decode-read	drop	R	3	2403.35	8326	0
U-wire-ListTaskSummaryResponse-tasks-as-wt5	corpus	decode-read	drop	E	4	2434.02	8254	1
U-wire-ListTaskSummaryResponse-tasks-as-wt5	corpus	decode-read	drop	R	4	2397.17	8326	0
U-wire-ListTaskSummaryResponse-tasks-as-wt5	corpus	decode-read	drop	E2	4	2471.32	7974	1
U-wire-ListTaskSummaryResponse-tasks-as-wt5	corpus	decode-read	drop	R	5	2405.67	8326	0
U-wire-ListTaskSummaryResponse-tasks-as-wt5	corpus	decode-read	drop	E2	5	2444.63	7974	1
U-wire-ListTaskSummaryResponse-tasks-as-wt5	corpus	decode-read	drop	E	5	2471.31	8254	1
U-wire-ListTaskSummaryResponse-tasks-as-wt5	corpus	decode-read	drop	E2	6	2439.21	7974	1
U-wire-ListTaskSummaryResponse-tasks-as-wt5	corpus	decode-read	drop	E	6	2450.84	8254	1
U-wire-ListTaskSummaryResponse-tasks-as-wt5	corpus	decode-read	drop	R	6	2399.42	8326	0
U-wire-ListTaskSummaryResponse-tasks-as-wt5	corpus	decode-read	drop	E	7	2415.09	8254	1
U-wire-ListTaskSummaryResponse-tasks-as-wt5	corpus	decode-read	drop	R	7	2457.71	8326	0
U-wire-ListTaskSummaryResponse-tasks-as-wt5	corpus	decode-read	drop	E2	7	2429.28	7974	1
U-wire-ListTaskSummaryResponse-tasks-as-wt5	corpus	decode-read	drop	R	8	2399.23	8326	0
U-wire-ListTaskSummaryResponse-tasks-as-wt5	corpus	decode-read	drop	E2	8	2424.16	7974	1
U-wire-ListTaskSummaryResponse-tasks-as-wt5	corpus	decode-read	drop	E	8	2469.75	8254	1
U-wire-ListTaskSummaryResponse-tasks-as-wt5	corpus	decode-read	drop	E2	9	2472.60	7974	1
U-wire-ListTaskSummaryResponse-tasks-as-wt5	corpus	decode-read	drop	E	9	2454.02	8254	1
U-wire-ListTaskSummaryResponse-tasks-as-wt5	corpus	decode-read	drop	R	9	2786.77	8326	0
U-wire-ListTaskSummaryResponse-tasks-as-wt5	corpus	decode-read	drop	E	10	2496.96	8254	1
U-wire-ListTaskSummaryResponse-tasks-as-wt5	corpus	decode-read	drop	R	10	2569.25	8326	0
U-wire-ListTaskSummaryResponse-tasks-as-wt5	corpus	decode-read	drop	E2	10	2555.58	7974	1
U-wire-ListTaskSummaryResponse-tasks-as-wt5	corpus	decode-read	drop	R	11	2629.35	8326	0
U-wire-ListTaskSummaryResponse-tasks-as-wt5	corpus	decode-read	drop	E2	11	2576.35	7974	1
U-wire-ListTaskSummaryResponse-tasks-as-wt5	corpus	decode-read	drop	E	11	2727.46	8254	1
U-wire-ListTaskSummaryResponse-tasks-as-wt5	corpus	decode-read	drop	E2	12	2666.60	7974	1
U-wire-ListTaskSummaryResponse-tasks-as-wt5	corpus	decode-read	drop	E	12	2446.29	8254	1
U-wire-ListTaskSummaryResponse-tasks-as-wt5	corpus	decode-read	drop	R	12	2505.02	8326	0
U-wire-ListTaskSummaryResponse-tasks-as-wt5	corpus	decode-read	drop	E	13	2685.83	8254	1
U-wire-ListTaskSummaryResponse-tasks-as-wt5	corpus	decode-read	drop	R	13	2569.25	8326	0
U-wire-ListTaskSummaryResponse-tasks-as-wt5	corpus	decode-read	drop	E2	13	2804.62	7974	1
U-wire-ListTaskSummaryResponse-tasks-as-wt5	corpus	decode-read	drop	R	14	2642.58	8326	0
U-wire-ListTaskSummaryResponse-tasks-as-wt5	corpus	decode-read	drop	E2	14	2676.16	7974	1
U-wire-ListTaskSummaryResponse-tasks-as-wt5	corpus	decode-read	drop	E	14	2665.75	8254	1
U-wire-ListTaskSummaryResponse-tasks-as-wt5	corpus	decode-read	drop	E2	15	2493.75	7974	1
U-wire-ListTaskSummaryResponse-tasks-as-wt5	corpus	decode-read	drop	E	15	2547.37	8254	1
U-wire-ListTaskSummaryResponse-tasks-as-wt5	corpus	decode-read	drop	R	15	2440.75	8326	0
U-wire-ListTaskSummaryResponse-tasks-as-wt5	corpus	decode-read	drop	E	16	2444.72	8254	1
U-wire-ListTaskSummaryResponse-tasks-as-wt5	corpus	decode-read	drop	R	16	2392.64	8326	0
U-wire-ListTaskSummaryResponse-tasks-as-wt5	corpus	decode-read	drop	E2	16	2514.39	7974	1
U-wire-ListTaskSummaryResponse-tasks-as-wt5	corpus	decode-read	drop	R	17	2483.19	8326	0
U-wire-ListTaskSummaryResponse-tasks-as-wt5	corpus	decode-read	drop	E2	17	2478.27	7974	1
U-wire-ListTaskSummaryResponse-tasks-as-wt5	corpus	decode-read	drop	E	17	2508.69	8254	1
U-wire-ListTaskSummaryResponse-tasks-as-wt5	corpus	decode-read	drop	E2	18	2397.86	7974	1
U-wire-ListTaskSummaryResponse-tasks-as-wt5	corpus	decode-read	drop	E	18	2521.31	8254	1
U-wire-ListTaskSummaryResponse-tasks-as-wt5	corpus	decode-read	drop	R	18	2736.30	8326	0
U-wire-ListTaskSummaryResponse-tasks-as-wt5	corpus	decode-read	drop	E	19	2535.92	8254	1
U-wire-ListTaskSummaryResponse-tasks-as-wt5	corpus	decode-read	drop	R	19	2467.14	8326	0
U-wire-ListTaskSummaryResponse-tasks-as-wt5	corpus	decode-read	drop	E2	19	2550.51	7974	1
U-wire-ListTaskSummaryResponse-tasks-as-wt5	corpus	decode-read	drop	R	20	2536.38	8326	0
U-wire-ListTaskSummaryResponse-tasks-as-wt5	corpus	decode-read	drop	E2	20	2549.22	7974	1
U-wire-ListTaskSummaryResponse-tasks-as-wt5	corpus	decode-read	drop	E	20	2565.11	8254	1
U-wire-ListTaskSummaryResponse-tasks-as-wt5	corpus	decode-read	drop	E2	21	2488.95	7974	1
U-wire-ListTaskSummaryResponse-tasks-as-wt5	corpus	decode-read	drop	E	21	2507.29	8254	1
U-wire-ListTaskSummaryResponse-tasks-as-wt5	corpus	decode-read	drop	R	21	2491.81	8326	0
U-wire-ListTaskSummaryResponse-tasks-as-wt5	corpus	decode-read	retain	E	1	2615.13	8088	1
U-wire-ListTaskSummaryResponse-tasks-as-wt5	corpus	decode-read	retain	R	1	2510.61	6947	0
U-wire-ListTaskSummaryResponse-tasks-as-wt5	corpus	decode-read	retain	E2	1	2585.11	7946	1
U-wire-ListTaskSummaryResponse-tasks-as-wt5	corpus	decode-read	retain	R	2	2588.08	6947	0
U-wire-ListTaskSummaryResponse-tasks-as-wt5	corpus	decode-read	retain	E2	2	2540.24	7946	1
U-wire-ListTaskSummaryResponse-tasks-as-wt5	corpus	decode-read	retain	E	2	2699.86	8088	1
U-wire-ListTaskSummaryResponse-tasks-as-wt5	corpus	decode-read	retain	E2	3	2624.46	7946	1
U-wire-ListTaskSummaryResponse-tasks-as-wt5	corpus	decode-read	retain	E	3	2716.41	8088	1
U-wire-ListTaskSummaryResponse-tasks-as-wt5	corpus	decode-read	retain	R	3	2692.26	6947	0
U-wire-ListTaskSummaryResponse-tasks-as-wt5	corpus	decode-read	retain	E	4	2632.35	8088	1
U-wire-ListTaskSummaryResponse-tasks-as-wt5	corpus	decode-read	retain	R	4	2515.73	6947	0
U-wire-ListTaskSummaryResponse-tasks-as-wt5	corpus	decode-read	retain	E2	4	2613.99	7946	1
U-wire-ListTaskSummaryResponse-tasks-as-wt5	corpus	decode-read	retain	R	5	2576.10	6947	0
U-wire-ListTaskSummaryResponse-tasks-as-wt5	corpus	decode-read	retain	E2	5	2541.97	7946	1
U-wire-ListTaskSummaryResponse-tasks-as-wt5	corpus	decode-read	retain	E	5	2619.69	8088	1
U-wire-ListTaskSummaryResponse-tasks-as-wt5	corpus	decode-read	retain	E2	6	2576.00	7946	1
U-wire-ListTaskSummaryResponse-tasks-as-wt5	corpus	decode-read	retain	E	6	2647.42	8088	1
U-wire-ListTaskSummaryResponse-tasks-as-wt5	corpus	decode-read	retain	R	6	2582.37	6947	0
U-wire-ListTaskSummaryResponse-tasks-as-wt5	corpus	decode-read	retain	E	7	2525.61	8088	1
U-wire-ListTaskSummaryResponse-tasks-as-wt5	corpus	decode-read	retain	R	7	2508.45	6947	0
U-wire-ListTaskSummaryResponse-tasks-as-wt5	corpus	decode-read	retain	E2	7	2569.09	7946	1
U-wire-ListTaskSummaryResponse-tasks-as-wt5	corpus	decode-read	retain	R	8	2634.22	6947	0
U-wire-ListTaskSummaryResponse-tasks-as-wt5	corpus	decode-read	retain	E2	8	2549.81	7946	1
U-wire-ListTaskSummaryResponse-tasks-as-wt5	corpus	decode-read	retain	E	8	2683.93	8088	1
U-wire-ListTaskSummaryResponse-tasks-as-wt5	corpus	decode-read	retain	E2	9	2611.56	7946	1
U-wire-ListTaskSummaryResponse-tasks-as-wt5	corpus	decode-read	retain	E	9	2569.86	8088	1
U-wire-ListTaskSummaryResponse-tasks-as-wt5	corpus	decode-read	retain	R	9	2514.29	6947	0
U-wire-ListTaskSummaryResponse-tasks-as-wt5	corpus	decode-read	retain	E	10	2527.85	8088	1
U-wire-ListTaskSummaryResponse-tasks-as-wt5	corpus	decode-read	retain	R	10	2500.32	6947	0
U-wire-ListTaskSummaryResponse-tasks-as-wt5	corpus	decode-read	retain	E2	10	2560.02	7946	1
U-wire-ListTaskSummaryResponse-tasks-as-wt5	corpus	decode-read	retain	R	11	2453.07	6947	0
U-wire-ListTaskSummaryResponse-tasks-as-wt5	corpus	decode-read	retain	E2	11	2531.43	7946	1
U-wire-ListTaskSummaryResponse-tasks-as-wt5	corpus	decode-read	retain	E	11	2550.27	8088	1
U-wire-ListTaskSummaryResponse-tasks-as-wt5	corpus	decode-read	retain	E2	12	2643.95	7946	1
U-wire-ListTaskSummaryResponse-tasks-as-wt5	corpus	decode-read	retain	E	12	2597.78	8088	1
U-wire-ListTaskSummaryResponse-tasks-as-wt5	corpus	decode-read	retain	R	12	2556.97	6947	0
U-wire-ListTaskSummaryResponse-tasks-as-wt5	corpus	decode-read	retain	E	13	2505.37	8088	1
U-wire-ListTaskSummaryResponse-tasks-as-wt5	corpus	decode-read	retain	R	13	2523.12	6947	0
U-wire-ListTaskSummaryResponse-tasks-as-wt5	corpus	decode-read	retain	E2	13	2544.67	7946	1
U-wire-ListTaskSummaryResponse-tasks-as-wt5	corpus	decode-read	retain	R	14	2646.19	6947	0
U-wire-ListTaskSummaryResponse-tasks-as-wt5	corpus	decode-read	retain	E2	14	2505.79	7946	1
U-wire-ListTaskSummaryResponse-tasks-as-wt5	corpus	decode-read	retain	E	14	2546.38	8088	1
U-wire-ListTaskSummaryResponse-tasks-as-wt5	corpus	decode-read	retain	E2	15	2532.99	7946	1
U-wire-ListTaskSummaryResponse-tasks-as-wt5	corpus	decode-read	retain	E	15	2443.46	8088	1
U-wire-ListTaskSummaryResponse-tasks-as-wt5	corpus	decode-read	retain	R	15	2526.75	6947	0
U-wire-ListTaskSummaryResponse-tasks-as-wt5	corpus	decode-read	retain	E	16	2500.38	8088	1
U-wire-ListTaskSummaryResponse-tasks-as-wt5	corpus	decode-read	retain	R	16	2516.80	6947	0
U-wire-ListTaskSummaryResponse-tasks-as-wt5	corpus	decode-read	retain	E2	16	2596.49	7946	1
U-wire-ListTaskSummaryResponse-tasks-as-wt5	corpus	decode-read	retain	R	17	2491.78	6947	0
U-wire-ListTaskSummaryResponse-tasks-as-wt5	corpus	decode-read	retain	E2	17	2532.70	7946	1
U-wire-ListTaskSummaryResponse-tasks-as-wt5	corpus	decode-read	retain	E	17	2582.61	8088	1
U-wire-ListTaskSummaryResponse-tasks-as-wt5	corpus	decode-read	retain	E2	18	2608.63	7946	1
U-wire-ListTaskSummaryResponse-tasks-as-wt5	corpus	decode-read	retain	E	18	2655.34	8088	1
U-wire-ListTaskSummaryResponse-tasks-as-wt5	corpus	decode-read	retain	R	18	2586.23	6947	0
U-wire-ListTaskSummaryResponse-tasks-as-wt5	corpus	decode-read	retain	E	19	2527.74	8088	1
U-wire-ListTaskSummaryResponse-tasks-as-wt5	corpus	decode-read	retain	R	19	2547.05	6947	0
U-wire-ListTaskSummaryResponse-tasks-as-wt5	corpus	decode-read	retain	E2	19	2541.81	7946	1
U-wire-ListTaskSummaryResponse-tasks-as-wt5	corpus	decode-read	retain	R	20	2513.60	6947	0
U-wire-ListTaskSummaryResponse-tasks-as-wt5	corpus	decode-read	retain	E2	20	2586.01	7946	1
U-wire-ListTaskSummaryResponse-tasks-as-wt5	corpus	decode-read	retain	E	20	2552.45	8088	1
U-wire-ListTaskSummaryResponse-tasks-as-wt5	corpus	decode-read	retain	E2	21	2765.95	7946	1
U-wire-ListTaskSummaryResponse-tasks-as-wt5	corpus	decode-read	retain	E	21	2770.13	8088	1
U-wire-ListTaskSummaryResponse-tasks-as-wt5	corpus	decode-read	retain	R	21	2566.46	6947	0
U-wire-ListTaskSummaryResponse-tasks-as-wt5	corpus	encode-core-hot	drop	E	1	1141.16	18083	0
U-wire-ListTaskSummaryResponse-tasks-as-wt5	corpus	encode-core-hot	drop	R	1	1132.25	17186	0
U-wire-ListTaskSummaryResponse-tasks-as-wt5	corpus	encode-core-hot	drop	E2	1	1122.27	17221	0
U-wire-ListTaskSummaryResponse-tasks-as-wt5	corpus	encode-core-hot	drop	R	2	1095.34	17186	0
U-wire-ListTaskSummaryResponse-tasks-as-wt5	corpus	encode-core-hot	drop	E2	2	1100.86	17221	0
U-wire-ListTaskSummaryResponse-tasks-as-wt5	corpus	encode-core-hot	drop	E	2	1107.16	18083	0
U-wire-ListTaskSummaryResponse-tasks-as-wt5	corpus	encode-core-hot	drop	E2	3	1104.39	17221	0
U-wire-ListTaskSummaryResponse-tasks-as-wt5	corpus	encode-core-hot	drop	E	3	1101.68	18083	0
U-wire-ListTaskSummaryResponse-tasks-as-wt5	corpus	encode-core-hot	drop	R	3	1091.87	17186	0
U-wire-ListTaskSummaryResponse-tasks-as-wt5	corpus	encode-core-hot	drop	E	4	1112.07	18083	0
U-wire-ListTaskSummaryResponse-tasks-as-wt5	corpus	encode-core-hot	drop	R	4	1097.80	17186	0
U-wire-ListTaskSummaryResponse-tasks-as-wt5	corpus	encode-core-hot	drop	E2	4	1110.01	17221	0
U-wire-ListTaskSummaryResponse-tasks-as-wt5	corpus	encode-core-hot	drop	R	5	1084.92	17186	0
U-wire-ListTaskSummaryResponse-tasks-as-wt5	corpus	encode-core-hot	drop	E2	5	1095.81	17221	0
U-wire-ListTaskSummaryResponse-tasks-as-wt5	corpus	encode-core-hot	drop	E	5	1105.41	18083	0
U-wire-ListTaskSummaryResponse-tasks-as-wt5	corpus	encode-core-hot	drop	E2	6	1123.66	17221	0
U-wire-ListTaskSummaryResponse-tasks-as-wt5	corpus	encode-core-hot	drop	E	6	1114.06	18083	0
U-wire-ListTaskSummaryResponse-tasks-as-wt5	corpus	encode-core-hot	drop	R	6	1102.60	17186	0
U-wire-ListTaskSummaryResponse-tasks-as-wt5	corpus	encode-core-hot	drop	E	7	1132.65	18083	0
U-wire-ListTaskSummaryResponse-tasks-as-wt5	corpus	encode-core-hot	drop	R	7	1141.99	17186	0
U-wire-ListTaskSummaryResponse-tasks-as-wt5	corpus	encode-core-hot	drop	E2	7	1105.66	17221	0
U-wire-ListTaskSummaryResponse-tasks-as-wt5	corpus	encode-core-hot	drop	R	8	1079.95	17186	0
U-wire-ListTaskSummaryResponse-tasks-as-wt5	corpus	encode-core-hot	drop	E2	8	1104.92	17221	0
U-wire-ListTaskSummaryResponse-tasks-as-wt5	corpus	encode-core-hot	drop	E	8	1087.84	18083	0
U-wire-ListTaskSummaryResponse-tasks-as-wt5	corpus	encode-core-hot	drop	E2	9	1092.22	17221	0
U-wire-ListTaskSummaryResponse-tasks-as-wt5	corpus	encode-core-hot	drop	E	9	1096.18	18083	0
U-wire-ListTaskSummaryResponse-tasks-as-wt5	corpus	encode-core-hot	drop	R	9	1072.75	17186	0
U-wire-ListTaskSummaryResponse-tasks-as-wt5	corpus	encode-core-hot	drop	E	10	1112.68	18083	0
U-wire-ListTaskSummaryResponse-tasks-as-wt5	corpus	encode-core-hot	drop	R	10	1093.00	17186	0
U-wire-ListTaskSummaryResponse-tasks-as-wt5	corpus	encode-core-hot	drop	E2	10	1100.28	17221	0
U-wire-ListTaskSummaryResponse-tasks-as-wt5	corpus	encode-core-hot	drop	R	11	1078.15	17186	0
U-wire-ListTaskSummaryResponse-tasks-as-wt5	corpus	encode-core-hot	drop	E2	11	1097.09	17221	0
U-wire-ListTaskSummaryResponse-tasks-as-wt5	corpus	encode-core-hot	drop	E	11	1111.92	18083	0
U-wire-ListTaskSummaryResponse-tasks-as-wt5	corpus	encode-core-hot	drop	E2	12	1098.73	17221	0
U-wire-ListTaskSummaryResponse-tasks-as-wt5	corpus	encode-core-hot	drop	E	12	1099.72	18083	0
U-wire-ListTaskSummaryResponse-tasks-as-wt5	corpus	encode-core-hot	drop	R	12	1084.66	17186	0
U-wire-ListTaskSummaryResponse-tasks-as-wt5	corpus	encode-core-hot	drop	E	13	1094.30	18083	0
U-wire-ListTaskSummaryResponse-tasks-as-wt5	corpus	encode-core-hot	drop	R	13	1092.95	17186	0
U-wire-ListTaskSummaryResponse-tasks-as-wt5	corpus	encode-core-hot	drop	E2	13	1100.22	17221	0
U-wire-ListTaskSummaryResponse-tasks-as-wt5	corpus	encode-core-hot	drop	R	14	1091.16	17186	0
U-wire-ListTaskSummaryResponse-tasks-as-wt5	corpus	encode-core-hot	drop	E2	14	1104.76	17221	0
U-wire-ListTaskSummaryResponse-tasks-as-wt5	corpus	encode-core-hot	drop	E	14	1113.08	18083	0
U-wire-ListTaskSummaryResponse-tasks-as-wt5	corpus	encode-core-hot	drop	E2	15	1120.04	17221	0
U-wire-ListTaskSummaryResponse-tasks-as-wt5	corpus	encode-core-hot	drop	E	15	1113.58	18083	0
U-wire-ListTaskSummaryResponse-tasks-as-wt5	corpus	encode-core-hot	drop	R	15	1093.32	17186	0
U-wire-ListTaskSummaryResponse-tasks-as-wt5	corpus	encode-core-hot	drop	E	16	1104.08	18083	0
U-wire-ListTaskSummaryResponse-tasks-as-wt5	corpus	encode-core-hot	drop	R	16	1071.06	17186	0
U-wire-ListTaskSummaryResponse-tasks-as-wt5	corpus	encode-core-hot	drop	E2	16	1150.33	17221	0
U-wire-ListTaskSummaryResponse-tasks-as-wt5	corpus	encode-core-hot	drop	R	17	1088.31	17186	0
U-wire-ListTaskSummaryResponse-tasks-as-wt5	corpus	encode-core-hot	drop	E2	17	1100.40	17221	0
U-wire-ListTaskSummaryResponse-tasks-as-wt5	corpus	encode-core-hot	drop	E	17	1096.37	18083	0
U-wire-ListTaskSummaryResponse-tasks-as-wt5	corpus	encode-core-hot	drop	E2	18	1194.66	17221	0
U-wire-ListTaskSummaryResponse-tasks-as-wt5	corpus	encode-core-hot	drop	E	18	1248.58	18083	0
U-wire-ListTaskSummaryResponse-tasks-as-wt5	corpus	encode-core-hot	drop	R	18	1197.61	17186	0
U-wire-ListTaskSummaryResponse-tasks-as-wt5	corpus	encode-core-hot	drop	E	19	1178.77	18083	0
U-wire-ListTaskSummaryResponse-tasks-as-wt5	corpus	encode-core-hot	drop	R	19	1150.52	17186	0
U-wire-ListTaskSummaryResponse-tasks-as-wt5	corpus	encode-core-hot	drop	E2	19	1159.22	17221	0
U-wire-ListTaskSummaryResponse-tasks-as-wt5	corpus	encode-core-hot	drop	R	20	1152.16	17186	0
U-wire-ListTaskSummaryResponse-tasks-as-wt5	corpus	encode-core-hot	drop	E2	20	1173.49	17221	0
U-wire-ListTaskSummaryResponse-tasks-as-wt5	corpus	encode-core-hot	drop	E	20	1175.50	18083	0
U-wire-ListTaskSummaryResponse-tasks-as-wt5	corpus	encode-core-hot	drop	E2	21	1172.83	17221	0
U-wire-ListTaskSummaryResponse-tasks-as-wt5	corpus	encode-core-hot	drop	E	21	1173.30	18083	0
U-wire-ListTaskSummaryResponse-tasks-as-wt5	corpus	encode-core-hot	drop	R	21	1160.39	17186	0
U-wire-ListTaskSummaryResponse-tasks-as-wt5	corpus	encode-core-hot	retain	E	1	1144.07	17509	0
U-wire-ListTaskSummaryResponse-tasks-as-wt5	corpus	encode-core-hot	retain	R	1	1144.09	13041	0
U-wire-ListTaskSummaryResponse-tasks-as-wt5	corpus	encode-core-hot	retain	E2	1	1142.07	17192	0
U-wire-ListTaskSummaryResponse-tasks-as-wt5	corpus	encode-core-hot	retain	R	2	1126.27	13041	0
U-wire-ListTaskSummaryResponse-tasks-as-wt5	corpus	encode-core-hot	retain	E2	2	1132.42	17192	0
U-wire-ListTaskSummaryResponse-tasks-as-wt5	corpus	encode-core-hot	retain	E	2	1129.63	17509	0
U-wire-ListTaskSummaryResponse-tasks-as-wt5	corpus	encode-core-hot	retain	E2	3	1156.39	17192	0
U-wire-ListTaskSummaryResponse-tasks-as-wt5	corpus	encode-core-hot	retain	E	3	1137.26	17509	0
U-wire-ListTaskSummaryResponse-tasks-as-wt5	corpus	encode-core-hot	retain	R	3	1140.20	13041	0
U-wire-ListTaskSummaryResponse-tasks-as-wt5	corpus	encode-core-hot	retain	E	4	1132.50	17509	0
U-wire-ListTaskSummaryResponse-tasks-as-wt5	corpus	encode-core-hot	retain	R	4	1134.29	13041	0
U-wire-ListTaskSummaryResponse-tasks-as-wt5	corpus	encode-core-hot	retain	E2	4	1146.97	17192	0
U-wire-ListTaskSummaryResponse-tasks-as-wt5	corpus	encode-core-hot	retain	R	5	1160.35	13041	0
U-wire-ListTaskSummaryResponse-tasks-as-wt5	corpus	encode-core-hot	retain	E2	5	1166.76	17192	0
U-wire-ListTaskSummaryResponse-tasks-as-wt5	corpus	encode-core-hot	retain	E	5	1153.23	17509	0
U-wire-ListTaskSummaryResponse-tasks-as-wt5	corpus	encode-core-hot	retain	E2	6	1135.08	17192	0
U-wire-ListTaskSummaryResponse-tasks-as-wt5	corpus	encode-core-hot	retain	E	6	1156.70	17509	0
U-wire-ListTaskSummaryResponse-tasks-as-wt5	corpus	encode-core-hot	retain	R	6	1206.35	13041	0
U-wire-ListTaskSummaryResponse-tasks-as-wt5	corpus	encode-core-hot	retain	E	7	1175.29	17509	0
U-wire-ListTaskSummaryResponse-tasks-as-wt5	corpus	encode-core-hot	retain	R	7	1153.47	13041	0
U-wire-ListTaskSummaryResponse-tasks-as-wt5	corpus	encode-core-hot	retain	E2	7	1185.36	17192	0
U-wire-ListTaskSummaryResponse-tasks-as-wt5	corpus	encode-core-hot	retain	R	8	1154.80	13041	0
U-wire-ListTaskSummaryResponse-tasks-as-wt5	corpus	encode-core-hot	retain	E2	8	1137.66	17192	0
U-wire-ListTaskSummaryResponse-tasks-as-wt5	corpus	encode-core-hot	retain	E	8	1195.97	17509	0
U-wire-ListTaskSummaryResponse-tasks-as-wt5	corpus	encode-core-hot	retain	E2	9	1152.16	17192	0
U-wire-ListTaskSummaryResponse-tasks-as-wt5	corpus	encode-core-hot	retain	E	9	1134.36	17509	0
U-wire-ListTaskSummaryResponse-tasks-as-wt5	corpus	encode-core-hot	retain	R	9	1148.13	13041	0
U-wire-ListTaskSummaryResponse-tasks-as-wt5	corpus	encode-core-hot	retain	E	10	1128.55	17509	0
U-wire-ListTaskSummaryResponse-tasks-as-wt5	corpus	encode-core-hot	retain	R	10	1172.03	13041	0
U-wire-ListTaskSummaryResponse-tasks-as-wt5	corpus	encode-core-hot	retain	E2	10	1138.67	17192	0
U-wire-ListTaskSummaryResponse-tasks-as-wt5	corpus	encode-core-hot	retain	R	11	1186.44	13041	0
U-wire-ListTaskSummaryResponse-tasks-as-wt5	corpus	encode-core-hot	retain	E2	11	1141.53	17192	0
U-wire-ListTaskSummaryResponse-tasks-as-wt5	corpus	encode-core-hot	retain	E	11	1151.13	17509	0
U-wire-ListTaskSummaryResponse-tasks-as-wt5	corpus	encode-core-hot	retain	E2	12	1144.46	17192	0
U-wire-ListTaskSummaryResponse-tasks-as-wt5	corpus	encode-core-hot	retain	E	12	1133.12	17509	0
U-wire-ListTaskSummaryResponse-tasks-as-wt5	corpus	encode-core-hot	retain	R	12	1129.62	13041	0
U-wire-ListTaskSummaryResponse-tasks-as-wt5	corpus	encode-core-hot	retain	E	13	1121.88	17509	0
U-wire-ListTaskSummaryResponse-tasks-as-wt5	corpus	encode-core-hot	retain	R	13	1125.74	13041	0
U-wire-ListTaskSummaryResponse-tasks-as-wt5	corpus	encode-core-hot	retain	E2	13	1129.79	17192	0
U-wire-ListTaskSummaryResponse-tasks-as-wt5	corpus	encode-core-hot	retain	R	14	1236.98	13041	0
U-wire-ListTaskSummaryResponse-tasks-as-wt5	corpus	encode-core-hot	retain	E2	14	1127.75	17192	0
U-wire-ListTaskSummaryResponse-tasks-as-wt5	corpus	encode-core-hot	retain	E	14	1136.11	17509	0
U-wire-ListTaskSummaryResponse-tasks-as-wt5	corpus	encode-core-hot	retain	E2	15	1117.36	17192	0
U-wire-ListTaskSummaryResponse-tasks-as-wt5	corpus	encode-core-hot	retain	E	15	1118.91	17509	0
U-wire-ListTaskSummaryResponse-tasks-as-wt5	corpus	encode-core-hot	retain	R	15	1167.47	13041	0
U-wire-ListTaskSummaryResponse-tasks-as-wt5	corpus	encode-core-hot	retain	E	16	1109.43	17509	0
U-wire-ListTaskSummaryResponse-tasks-as-wt5	corpus	encode-core-hot	retain	R	16	1111.71	13041	0
U-wire-ListTaskSummaryResponse-tasks-as-wt5	corpus	encode-core-hot	retain	E2	16	1166.03	17192	0
U-wire-ListTaskSummaryResponse-tasks-as-wt5	corpus	encode-core-hot	retain	R	17	1153.45	13041	0
U-wire-ListTaskSummaryResponse-tasks-as-wt5	corpus	encode-core-hot	retain	E2	17	1154.73	17192	0
U-wire-ListTaskSummaryResponse-tasks-as-wt5	corpus	encode-core-hot	retain	E	17	1138.76	17509	0
U-wire-ListTaskSummaryResponse-tasks-as-wt5	corpus	encode-core-hot	retain	E2	18	1115.01	17192	0
U-wire-ListTaskSummaryResponse-tasks-as-wt5	corpus	encode-core-hot	retain	E	18	1116.75	17509	0
U-wire-ListTaskSummaryResponse-tasks-as-wt5	corpus	encode-core-hot	retain	R	18	1129.15	13041	0
U-wire-ListTaskSummaryResponse-tasks-as-wt5	corpus	encode-core-hot	retain	E	19	1124.56	17509	0
U-wire-ListTaskSummaryResponse-tasks-as-wt5	corpus	encode-core-hot	retain	R	19	1126.36	13041	0
U-wire-ListTaskSummaryResponse-tasks-as-wt5	corpus	encode-core-hot	retain	E2	19	1117.64	17192	0
U-wire-ListTaskSummaryResponse-tasks-as-wt5	corpus	encode-core-hot	retain	R	20	1127.33	13041	0
U-wire-ListTaskSummaryResponse-tasks-as-wt5	corpus	encode-core-hot	retain	E2	20	1126.95	17192	0
U-wire-ListTaskSummaryResponse-tasks-as-wt5	corpus	encode-core-hot	retain	E	20	1121.10	17509	0
U-wire-ListTaskSummaryResponse-tasks-as-wt5	corpus	encode-core-hot	retain	E2	21	1142.99	17192	0
U-wire-ListTaskSummaryResponse-tasks-as-wt5	corpus	encode-core-hot	retain	E	21	1171.84	17509	0
U-wire-ListTaskSummaryResponse-tasks-as-wt5	corpus	encode-core-hot	retain	R	21	1240.06	13041	0
U-wire-UploadResultDataMessage-upload-as-wt5	corpus	decode-read	drop	E	1	162.96	123214	1
U-wire-UploadResultDataMessage-upload-as-wt5	corpus	decode-read	drop	R	1	164.66	121155	0
U-wire-UploadResultDataMessage-upload-as-wt5	corpus	decode-read	drop	E2	1	161.20	121234	1
U-wire-UploadResultDataMessage-upload-as-wt5	corpus	decode-read	drop	R	2	162.92	121155	0
U-wire-UploadResultDataMessage-upload-as-wt5	corpus	decode-read	drop	E2	2	162.71	121234	1
U-wire-UploadResultDataMessage-upload-as-wt5	corpus	decode-read	drop	E	2	179.59	123214	1
U-wire-UploadResultDataMessage-upload-as-wt5	corpus	decode-read	drop	E2	3	189.39	121234	1
U-wire-UploadResultDataMessage-upload-as-wt5	corpus	decode-read	drop	E	3	188.69	123214	1
U-wire-UploadResultDataMessage-upload-as-wt5	corpus	decode-read	drop	R	3	167.01	121155	0
U-wire-UploadResultDataMessage-upload-as-wt5	corpus	decode-read	drop	E	4	164.15	123214	1
U-wire-UploadResultDataMessage-upload-as-wt5	corpus	decode-read	drop	R	4	162.82	121155	0
U-wire-UploadResultDataMessage-upload-as-wt5	corpus	decode-read	drop	E2	4	164.97	121234	1
U-wire-UploadResultDataMessage-upload-as-wt5	corpus	decode-read	drop	R	5	163.89	121155	0
U-wire-UploadResultDataMessage-upload-as-wt5	corpus	decode-read	drop	E2	5	166.33	121234	1
U-wire-UploadResultDataMessage-upload-as-wt5	corpus	decode-read	drop	E	5	165.68	123214	1
U-wire-UploadResultDataMessage-upload-as-wt5	corpus	decode-read	drop	E2	6	163.49	121234	1
U-wire-UploadResultDataMessage-upload-as-wt5	corpus	decode-read	drop	E	6	164.30	123214	1
U-wire-UploadResultDataMessage-upload-as-wt5	corpus	decode-read	drop	R	6	159.54	121155	0
U-wire-UploadResultDataMessage-upload-as-wt5	corpus	decode-read	drop	E	7	162.53	123214	1
U-wire-UploadResultDataMessage-upload-as-wt5	corpus	decode-read	drop	R	7	163.74	121155	0
U-wire-UploadResultDataMessage-upload-as-wt5	corpus	decode-read	drop	E2	7	163.92	121234	1
U-wire-UploadResultDataMessage-upload-as-wt5	corpus	decode-read	drop	R	8	163.64	121155	0
U-wire-UploadResultDataMessage-upload-as-wt5	corpus	decode-read	drop	E2	8	168.57	121234	1
U-wire-UploadResultDataMessage-upload-as-wt5	corpus	decode-read	drop	E	8	168.80	123214	1
U-wire-UploadResultDataMessage-upload-as-wt5	corpus	decode-read	drop	E2	9	165.04	121234	1
U-wire-UploadResultDataMessage-upload-as-wt5	corpus	decode-read	drop	E	9	164.87	123214	1
U-wire-UploadResultDataMessage-upload-as-wt5	corpus	decode-read	drop	R	9	165.04	121155	0
U-wire-UploadResultDataMessage-upload-as-wt5	corpus	decode-read	drop	E	10	165.65	123214	1
U-wire-UploadResultDataMessage-upload-as-wt5	corpus	decode-read	drop	R	10	162.25	121155	0
U-wire-UploadResultDataMessage-upload-as-wt5	corpus	decode-read	drop	E2	10	165.85	121234	1
U-wire-UploadResultDataMessage-upload-as-wt5	corpus	decode-read	drop	R	11	165.73	121155	0
U-wire-UploadResultDataMessage-upload-as-wt5	corpus	decode-read	drop	E2	11	164.86	121234	1
U-wire-UploadResultDataMessage-upload-as-wt5	corpus	decode-read	drop	E	11	166.91	123214	1
U-wire-UploadResultDataMessage-upload-as-wt5	corpus	decode-read	drop	E2	12	165.68	121234	1
U-wire-UploadResultDataMessage-upload-as-wt5	corpus	decode-read	drop	E	12	163.70	123214	1
U-wire-UploadResultDataMessage-upload-as-wt5	corpus	decode-read	drop	R	12	160.87	121155	0
U-wire-UploadResultDataMessage-upload-as-wt5	corpus	decode-read	drop	E	13	161.74	123214	1
U-wire-UploadResultDataMessage-upload-as-wt5	corpus	decode-read	drop	R	13	163.78	121155	0
U-wire-UploadResultDataMessage-upload-as-wt5	corpus	decode-read	drop	E2	13	159.63	121234	1
U-wire-UploadResultDataMessage-upload-as-wt5	corpus	decode-read	drop	R	14	159.99	121155	0
U-wire-UploadResultDataMessage-upload-as-wt5	corpus	decode-read	drop	E2	14	162.05	121234	1
U-wire-UploadResultDataMessage-upload-as-wt5	corpus	decode-read	drop	E	14	163.28	123214	1
U-wire-UploadResultDataMessage-upload-as-wt5	corpus	decode-read	drop	E2	15	162.39	121234	1
U-wire-UploadResultDataMessage-upload-as-wt5	corpus	decode-read	drop	E	15	162.46	123214	1
U-wire-UploadResultDataMessage-upload-as-wt5	corpus	decode-read	drop	R	15	162.01	121155	0
U-wire-UploadResultDataMessage-upload-as-wt5	corpus	decode-read	drop	E	16	162.11	123214	1
U-wire-UploadResultDataMessage-upload-as-wt5	corpus	decode-read	drop	R	16	161.83	121155	0
U-wire-UploadResultDataMessage-upload-as-wt5	corpus	decode-read	drop	E2	16	163.15	121234	1
U-wire-UploadResultDataMessage-upload-as-wt5	corpus	decode-read	drop	R	17	162.87	121155	0
U-wire-UploadResultDataMessage-upload-as-wt5	corpus	decode-read	drop	E2	17	162.97	121234	1
U-wire-UploadResultDataMessage-upload-as-wt5	corpus	decode-read	drop	E	17	161.78	123214	1
U-wire-UploadResultDataMessage-upload-as-wt5	corpus	decode-read	drop	E2	18	166.49	121234	1
U-wire-UploadResultDataMessage-upload-as-wt5	corpus	decode-read	drop	E	18	162.89	123214	1
U-wire-UploadResultDataMessage-upload-as-wt5	corpus	decode-read	drop	R	18	162.15	121155	0
U-wire-UploadResultDataMessage-upload-as-wt5	corpus	decode-read	drop	E	19	163.30	123214	1
U-wire-UploadResultDataMessage-upload-as-wt5	corpus	decode-read	drop	R	19	162.65	121155	0
U-wire-UploadResultDataMessage-upload-as-wt5	corpus	decode-read	drop	E2	19	162.14	121234	1
U-wire-UploadResultDataMessage-upload-as-wt5	corpus	decode-read	drop	R	20	160.78	121155	0
U-wire-UploadResultDataMessage-upload-as-wt5	corpus	decode-read	drop	E2	20	166.93	121234	1
U-wire-UploadResultDataMessage-upload-as-wt5	corpus	decode-read	drop	E	20	167.26	123214	1
U-wire-UploadResultDataMessage-upload-as-wt5	corpus	decode-read	drop	E2	21	166.11	121234	1
U-wire-UploadResultDataMessage-upload-as-wt5	corpus	decode-read	drop	E	21	167.55	123214	1
U-wire-UploadResultDataMessage-upload-as-wt5	corpus	decode-read	drop	R	21	165.61	121155	0
U-wire-UploadResultDataMessage-upload-as-wt5	corpus	decode-read	retain	E	1	205.78	94426	1
U-wire-UploadResultDataMessage-upload-as-wt5	corpus	decode-read	retain	R	1	218.29	94089	0
U-wire-UploadResultDataMessage-upload-as-wt5	corpus	decode-read	retain	E2	1	207.36	97253	1
U-wire-UploadResultDataMessage-upload-as-wt5	corpus	decode-read	retain	R	2	210.48	94089	0
U-wire-UploadResultDataMessage-upload-as-wt5	corpus	decode-read	retain	E2	2	215.33	97253	1
U-wire-UploadResultDataMessage-upload-as-wt5	corpus	decode-read	retain	E	2	209.13	94426	1
U-wire-UploadResultDataMessage-upload-as-wt5	corpus	decode-read	retain	E2	3	206.45	97253	1
U-wire-UploadResultDataMessage-upload-as-wt5	corpus	decode-read	retain	E	3	220.82	94426	1
U-wire-UploadResultDataMessage-upload-as-wt5	corpus	decode-read	retain	R	3	211.62	94089	0
U-wire-UploadResultDataMessage-upload-as-wt5	corpus	decode-read	retain	E	4	208.75	94426	1
U-wire-UploadResultDataMessage-upload-as-wt5	corpus	decode-read	retain	R	4	207.79	94089	0
U-wire-UploadResultDataMessage-upload-as-wt5	corpus	decode-read	retain	E2	4	212.48	97253	1
U-wire-UploadResultDataMessage-upload-as-wt5	corpus	decode-read	retain	R	5	210.44	94089	0
U-wire-UploadResultDataMessage-upload-as-wt5	corpus	decode-read	retain	E2	5	207.31	97253	1
U-wire-UploadResultDataMessage-upload-as-wt5	corpus	decode-read	retain	E	5	210.51	94426	1
U-wire-UploadResultDataMessage-upload-as-wt5	corpus	decode-read	retain	E2	6	208.70	97253	1
U-wire-UploadResultDataMessage-upload-as-wt5	corpus	decode-read	retain	E	6	208.48	94426	1
U-wire-UploadResultDataMessage-upload-as-wt5	corpus	decode-read	retain	R	6	209.22	94089	0
U-wire-UploadResultDataMessage-upload-as-wt5	corpus	decode-read	retain	E	7	208.75	94426	1
U-wire-UploadResultDataMessage-upload-as-wt5	corpus	decode-read	retain	R	7	206.91	94089	0
U-wire-UploadResultDataMessage-upload-as-wt5	corpus	decode-read	retain	E2	7	208.75	97253	1
U-wire-UploadResultDataMessage-upload-as-wt5	corpus	decode-read	retain	R	8	207.18	94089	0
U-wire-UploadResultDataMessage-upload-as-wt5	corpus	decode-read	retain	E2	8	208.27	97253	1
U-wire-UploadResultDataMessage-upload-as-wt5	corpus	decode-read	retain	E	8	210.04	94426	1
U-wire-UploadResultDataMessage-upload-as-wt5	corpus	decode-read	retain	E2	9	211.68	97253	1
U-wire-UploadResultDataMessage-upload-as-wt5	corpus	decode-read	retain	E	9	208.25	94426	1
U-wire-UploadResultDataMessage-upload-as-wt5	corpus	decode-read	retain	R	9	208.50	94089	0
U-wire-UploadResultDataMessage-upload-as-wt5	corpus	decode-read	retain	E	10	207.96	94426	1
U-wire-UploadResultDataMessage-upload-as-wt5	corpus	decode-read	retain	R	10	212.03	94089	0
U-wire-UploadResultDataMessage-upload-as-wt5	corpus	decode-read	retain	E2	10	206.31	97253	1
U-wire-UploadResultDataMessage-upload-as-wt5	corpus	decode-read	retain	R	11	209.79	94089	0
U-wire-UploadResultDataMessage-upload-as-wt5	corpus	decode-read	retain	E2	11	211.45	97253	1
U-wire-UploadResultDataMessage-upload-as-wt5	corpus	decode-read	retain	E	11	210.66	94426	1
U-wire-UploadResultDataMessage-upload-as-wt5	corpus	decode-read	retain	E2	12	206.92	97253	1
U-wire-UploadResultDataMessage-upload-as-wt5	corpus	decode-read	retain	E	12	205.05	94426	1
U-wire-UploadResultDataMessage-upload-as-wt5	corpus	decode-read	retain	R	12	203.26	94089	0
U-wire-UploadResultDataMessage-upload-as-wt5	corpus	decode-read	retain	E	13	210.80	94426	1
U-wire-UploadResultDataMessage-upload-as-wt5	corpus	decode-read	retain	R	13	205.91	94089	0
U-wire-UploadResultDataMessage-upload-as-wt5	corpus	decode-read	retain	E2	13	208.66	97253	1
U-wire-UploadResultDataMessage-upload-as-wt5	corpus	decode-read	retain	R	14	207.60	94089	0
U-wire-UploadResultDataMessage-upload-as-wt5	corpus	decode-read	retain	E2	14	212.05	97253	1
U-wire-UploadResultDataMessage-upload-as-wt5	corpus	decode-read	retain	E	14	209.28	94426	1
U-wire-UploadResultDataMessage-upload-as-wt5	corpus	decode-read	retain	E2	15	211.49	97253	1
U-wire-UploadResultDataMessage-upload-as-wt5	corpus	decode-read	retain	E	15	213.92	94426	1
U-wire-UploadResultDataMessage-upload-as-wt5	corpus	decode-read	retain	R	15	217.58	94089	0
U-wire-UploadResultDataMessage-upload-as-wt5	corpus	decode-read	retain	E	16	218.21	94426	1
U-wire-UploadResultDataMessage-upload-as-wt5	corpus	decode-read	retain	R	16	205.28	94089	0
U-wire-UploadResultDataMessage-upload-as-wt5	corpus	decode-read	retain	E2	16	210.09	97253	1
U-wire-UploadResultDataMessage-upload-as-wt5	corpus	decode-read	retain	R	17	207.34	94089	0
U-wire-UploadResultDataMessage-upload-as-wt5	corpus	decode-read	retain	E2	17	210.19	97253	1
U-wire-UploadResultDataMessage-upload-as-wt5	corpus	decode-read	retain	E	17	209.80	94426	1
U-wire-UploadResultDataMessage-upload-as-wt5	corpus	decode-read	retain	E2	18	206.82	97253	1
U-wire-UploadResultDataMessage-upload-as-wt5	corpus	decode-read	retain	E	18	205.16	94426	1
U-wire-UploadResultDataMessage-upload-as-wt5	corpus	decode-read	retain	R	18	208.82	94089	0
U-wire-UploadResultDataMessage-upload-as-wt5	corpus	decode-read	retain	E	19	212.19	94426	1
U-wire-UploadResultDataMessage-upload-as-wt5	corpus	decode-read	retain	R	19	211.55	94089	0
U-wire-UploadResultDataMessage-upload-as-wt5	corpus	decode-read	retain	E2	19	219.93	97253	1
U-wire-UploadResultDataMessage-upload-as-wt5	corpus	decode-read	retain	R	20	208.28	94089	0
U-wire-UploadResultDataMessage-upload-as-wt5	corpus	decode-read	retain	E2	20	216.76	97253	1
U-wire-UploadResultDataMessage-upload-as-wt5	corpus	decode-read	retain	E	20	214.75	94426	1
U-wire-UploadResultDataMessage-upload-as-wt5	corpus	decode-read	retain	E2	21	210.52	97253	1
U-wire-UploadResultDataMessage-upload-as-wt5	corpus	decode-read	retain	E	21	222.73	94426	1
U-wire-UploadResultDataMessage-upload-as-wt5	corpus	decode-read	retain	R	21	206.70	94089	0
U-wire-UploadResultDataMessage-upload-as-wt5	corpus	encode-core-hot	drop	E	1	98.91	204574	0
U-wire-UploadResultDataMessage-upload-as-wt5	corpus	encode-core-hot	drop	R	1	96.80	215385	0
U-wire-UploadResultDataMessage-upload-as-wt5	corpus	encode-core-hot	drop	E2	1	99.41	205990	0
U-wire-UploadResultDataMessage-upload-as-wt5	corpus	encode-core-hot	drop	R	2	97.27	215385	0
U-wire-UploadResultDataMessage-upload-as-wt5	corpus	encode-core-hot	drop	E2	2	98.98	205990	0
U-wire-UploadResultDataMessage-upload-as-wt5	corpus	encode-core-hot	drop	E	2	102.15	204574	0
U-wire-UploadResultDataMessage-upload-as-wt5	corpus	encode-core-hot	drop	E2	3	99.69	205990	0
U-wire-UploadResultDataMessage-upload-as-wt5	corpus	encode-core-hot	drop	E	3	97.32	204574	0
U-wire-UploadResultDataMessage-upload-as-wt5	corpus	encode-core-hot	drop	R	3	93.30	215385	0
U-wire-UploadResultDataMessage-upload-as-wt5	corpus	encode-core-hot	drop	E	4	96.88	204574	0
U-wire-UploadResultDataMessage-upload-as-wt5	corpus	encode-core-hot	drop	R	4	93.16	215385	0
U-wire-UploadResultDataMessage-upload-as-wt5	corpus	encode-core-hot	drop	E2	4	96.77	205990	0
U-wire-UploadResultDataMessage-upload-as-wt5	corpus	encode-core-hot	drop	R	5	93.70	215385	0
U-wire-UploadResultDataMessage-upload-as-wt5	corpus	encode-core-hot	drop	E2	5	97.46	205990	0
U-wire-UploadResultDataMessage-upload-as-wt5	corpus	encode-core-hot	drop	E	5	99.94	204574	0
U-wire-UploadResultDataMessage-upload-as-wt5	corpus	encode-core-hot	drop	E2	6	97.96	205990	0
U-wire-UploadResultDataMessage-upload-as-wt5	corpus	encode-core-hot	drop	E	6	99.28	204574	0
U-wire-UploadResultDataMessage-upload-as-wt5	corpus	encode-core-hot	drop	R	6	97.26	215385	0
U-wire-UploadResultDataMessage-upload-as-wt5	corpus	encode-core-hot	drop	E	7	104.27	204574	0
U-wire-UploadResultDataMessage-upload-as-wt5	corpus	encode-core-hot	drop	R	7	97.47	215385	0
U-wire-UploadResultDataMessage-upload-as-wt5	corpus	encode-core-hot	drop	E2	7	98.13	205990	0
U-wire-UploadResultDataMessage-upload-as-wt5	corpus	encode-core-hot	drop	R	8	94.30	215385	0
U-wire-UploadResultDataMessage-upload-as-wt5	corpus	encode-core-hot	drop	E2	8	97.43	205990	0
U-wire-UploadResultDataMessage-upload-as-wt5	corpus	encode-core-hot	drop	E	8	99.51	204574	0
U-wire-UploadResultDataMessage-upload-as-wt5	corpus	encode-core-hot	drop	E2	9	99.37	205990	0
U-wire-UploadResultDataMessage-upload-as-wt5	corpus	encode-core-hot	drop	E	9	96.97	204574	0
U-wire-UploadResultDataMessage-upload-as-wt5	corpus	encode-core-hot	drop	R	9	94.05	215385	0
U-wire-UploadResultDataMessage-upload-as-wt5	corpus	encode-core-hot	drop	E	10	100.39	204574	0
U-wire-UploadResultDataMessage-upload-as-wt5	corpus	encode-core-hot	drop	R	10	93.08	215385	0
U-wire-UploadResultDataMessage-upload-as-wt5	corpus	encode-core-hot	drop	E2	10	96.43	205990	0
U-wire-UploadResultDataMessage-upload-as-wt5	corpus	encode-core-hot	drop	R	11	96.65	215385	0
U-wire-UploadResultDataMessage-upload-as-wt5	corpus	encode-core-hot	drop	E2	11	96.48	205990	0
U-wire-UploadResultDataMessage-upload-as-wt5	corpus	encode-core-hot	drop	E	11	98.29	204574	0
U-wire-UploadResultDataMessage-upload-as-wt5	corpus	encode-core-hot	drop	E2	12	100.96	205990	0
U-wire-UploadResultDataMessage-upload-as-wt5	corpus	encode-core-hot	drop	E	12	97.08	204574	0
U-wire-UploadResultDataMessage-upload-as-wt5	corpus	encode-core-hot	drop	R	12	93.82	215385	0
U-wire-UploadResultDataMessage-upload-as-wt5	corpus	encode-core-hot	drop	E	13	97.60	204574	0
U-wire-UploadResultDataMessage-upload-as-wt5	corpus	encode-core-hot	drop	R	13	93.49	215385	0
U-wire-UploadResultDataMessage-upload-as-wt5	corpus	encode-core-hot	drop	E2	13	96.48	205990	0
U-wire-UploadResultDataMessage-upload-as-wt5	corpus	encode-core-hot	drop	R	14	92.99	215385	0
U-wire-UploadResultDataMessage-upload-as-wt5	corpus	encode-core-hot	drop	E2	14	96.74	205990	0
U-wire-UploadResultDataMessage-upload-as-wt5	corpus	encode-core-hot	drop	E	14	95.98	204574	0
U-wire-UploadResultDataMessage-upload-as-wt5	corpus	encode-core-hot	drop	E2	15	98.41	205990	0
U-wire-UploadResultDataMessage-upload-as-wt5	corpus	encode-core-hot	drop	E	15	97.36	204574	0
U-wire-UploadResultDataMessage-upload-as-wt5	corpus	encode-core-hot	drop	R	15	92.58	215385	0
U-wire-UploadResultDataMessage-upload-as-wt5	corpus	encode-core-hot	drop	E	16	103.36	204574	0
U-wire-UploadResultDataMessage-upload-as-wt5	corpus	encode-core-hot	drop	R	16	96.49	215385	0
U-wire-UploadResultDataMessage-upload-as-wt5	corpus	encode-core-hot	drop	E2	16	96.50	205990	0
U-wire-UploadResultDataMessage-upload-as-wt5	corpus	encode-core-hot	drop	R	17	93.22	215385	0
U-wire-UploadResultDataMessage-upload-as-wt5	corpus	encode-core-hot	drop	E2	17	96.79	205990	0
U-wire-UploadResultDataMessage-upload-as-wt5	corpus	encode-core-hot	drop	E	17	96.13	204574	0
U-wire-UploadResultDataMessage-upload-as-wt5	corpus	encode-core-hot	drop	E2	18	98.09	205990	0
U-wire-UploadResultDataMessage-upload-as-wt5	corpus	encode-core-hot	drop	E	18	99.81	204574	0
U-wire-UploadResultDataMessage-upload-as-wt5	corpus	encode-core-hot	drop	R	18	95.80	215385	0
U-wire-UploadResultDataMessage-upload-as-wt5	corpus	encode-core-hot	drop	E	19	103.91	204574	0
U-wire-UploadResultDataMessage-upload-as-wt5	corpus	encode-core-hot	drop	R	19	99.50	215385	0
U-wire-UploadResultDataMessage-upload-as-wt5	corpus	encode-core-hot	drop	E2	19	96.46	205990	0
U-wire-UploadResultDataMessage-upload-as-wt5	corpus	encode-core-hot	drop	R	20	93.26	215385	0
U-wire-UploadResultDataMessage-upload-as-wt5	corpus	encode-core-hot	drop	E2	20	96.63	205990	0
U-wire-UploadResultDataMessage-upload-as-wt5	corpus	encode-core-hot	drop	E	20	96.15	204574	0
U-wire-UploadResultDataMessage-upload-as-wt5	corpus	encode-core-hot	drop	E2	21	96.45	205990	0
U-wire-UploadResultDataMessage-upload-as-wt5	corpus	encode-core-hot	drop	E	21	96.48	204574	0
U-wire-UploadResultDataMessage-upload-as-wt5	corpus	encode-core-hot	drop	R	21	93.02	215385	0
U-wire-UploadResultDataMessage-upload-as-wt5	corpus	encode-core-hot	retain	E	1	109.18	191393	0
U-wire-UploadResultDataMessage-upload-as-wt5	corpus	encode-core-hot	retain	R	1	104.52	195362	0
U-wire-UploadResultDataMessage-upload-as-wt5	corpus	encode-core-hot	retain	E2	1	107.89	190292	0
U-wire-UploadResultDataMessage-upload-as-wt5	corpus	encode-core-hot	retain	R	2	106.23	195362	0
U-wire-UploadResultDataMessage-upload-as-wt5	corpus	encode-core-hot	retain	E2	2	108.36	190292	0
U-wire-UploadResultDataMessage-upload-as-wt5	corpus	encode-core-hot	retain	E	2	107.13	191393	0
U-wire-UploadResultDataMessage-upload-as-wt5	corpus	encode-core-hot	retain	E2	3	107.91	190292	0
U-wire-UploadResultDataMessage-upload-as-wt5	corpus	encode-core-hot	retain	E	3	109.27	191393	0
U-wire-UploadResultDataMessage-upload-as-wt5	corpus	encode-core-hot	retain	R	3	106.78	195362	0
U-wire-UploadResultDataMessage-upload-as-wt5	corpus	encode-core-hot	retain	E	4	112.51	191393	0
U-wire-UploadResultDataMessage-upload-as-wt5	corpus	encode-core-hot	retain	R	4	104.22	195362	0
U-wire-UploadResultDataMessage-upload-as-wt5	corpus	encode-core-hot	retain	E2	4	107.04	190292	0
U-wire-UploadResultDataMessage-upload-as-wt5	corpus	encode-core-hot	retain	R	5	104.83	195362	0
U-wire-UploadResultDataMessage-upload-as-wt5	corpus	encode-core-hot	retain	E2	5	107.18	190292	0
U-wire-UploadResultDataMessage-upload-as-wt5	corpus	encode-core-hot	retain	E	5	105.30	191393	0
U-wire-UploadResultDataMessage-upload-as-wt5	corpus	encode-core-hot	retain	E2	6	107.04	190292	0
U-wire-UploadResultDataMessage-upload-as-wt5	corpus	encode-core-hot	retain	E	6	108.39	191393	0
U-wire-UploadResultDataMessage-upload-as-wt5	corpus	encode-core-hot	retain	R	6	104.63	195362	0
U-wire-UploadResultDataMessage-upload-as-wt5	corpus	encode-core-hot	retain	E	7	107.01	191393	0
U-wire-UploadResultDataMessage-upload-as-wt5	corpus	encode-core-hot	retain	R	7	104.23	195362	0
U-wire-UploadResultDataMessage-upload-as-wt5	corpus	encode-core-hot	retain	E2	7	106.44	190292	0
U-wire-UploadResultDataMessage-upload-as-wt5	corpus	encode-core-hot	retain	R	8	102.94	195362	0
U-wire-UploadResultDataMessage-upload-as-wt5	corpus	encode-core-hot	retain	E2	8	106.13	190292	0
U-wire-UploadResultDataMessage-upload-as-wt5	corpus	encode-core-hot	retain	E	8	107.99	191393	0
U-wire-UploadResultDataMessage-upload-as-wt5	corpus	encode-core-hot	retain	E2	9	107.61	190292	0
U-wire-UploadResultDataMessage-upload-as-wt5	corpus	encode-core-hot	retain	E	9	106.25	191393	0
U-wire-UploadResultDataMessage-upload-as-wt5	corpus	encode-core-hot	retain	R	9	104.58	195362	0
U-wire-UploadResultDataMessage-upload-as-wt5	corpus	encode-core-hot	retain	E	10	106.33	191393	0
U-wire-UploadResultDataMessage-upload-as-wt5	corpus	encode-core-hot	retain	R	10	103.42	195362	0
U-wire-UploadResultDataMessage-upload-as-wt5	corpus	encode-core-hot	retain	E2	10	106.14	190292	0
U-wire-UploadResultDataMessage-upload-as-wt5	corpus	encode-core-hot	retain	R	11	107.52	195362	0
U-wire-UploadResultDataMessage-upload-as-wt5	corpus	encode-core-hot	retain	E2	11	112.36	190292	0
U-wire-UploadResultDataMessage-upload-as-wt5	corpus	encode-core-hot	retain	E	11	109.72	191393	0
U-wire-UploadResultDataMessage-upload-as-wt5	corpus	encode-core-hot	retain	E2	12	107.54	190292	0
U-wire-UploadResultDataMessage-upload-as-wt5	corpus	encode-core-hot	retain	E	12	108.46	191393	0
U-wire-UploadResultDataMessage-upload-as-wt5	corpus	encode-core-hot	retain	R	12	105.85	195362	0
U-wire-UploadResultDataMessage-upload-as-wt5	corpus	encode-core-hot	retain	E	13	107.30	191393	0
U-wire-UploadResultDataMessage-upload-as-wt5	corpus	encode-core-hot	retain	R	13	103.93	195362	0
U-wire-UploadResultDataMessage-upload-as-wt5	corpus	encode-core-hot	retain	E2	13	106.90	190292	0
U-wire-UploadResultDataMessage-upload-as-wt5	corpus	encode-core-hot	retain	R	14	106.17	195362	0
U-wire-UploadResultDataMessage-upload-as-wt5	corpus	encode-core-hot	retain	E2	14	105.85	190292	0
U-wire-UploadResultDataMessage-upload-as-wt5	corpus	encode-core-hot	retain	E	14	106.17	191393	0
U-wire-UploadResultDataMessage-upload-as-wt5	corpus	encode-core-hot	retain	E2	15	106.45	190292	0
U-wire-UploadResultDataMessage-upload-as-wt5	corpus	encode-core-hot	retain	E	15	107.21	191393	0
U-wire-UploadResultDataMessage-upload-as-wt5	corpus	encode-core-hot	retain	R	15	104.79	195362	0
U-wire-UploadResultDataMessage-upload-as-wt5	corpus	encode-core-hot	retain	E	16	107.55	191393	0
U-wire-UploadResultDataMessage-upload-as-wt5	corpus	encode-core-hot	retain	R	16	103.91	195362	0
U-wire-UploadResultDataMessage-upload-as-wt5	corpus	encode-core-hot	retain	E2	16	105.80	190292	0
U-wire-UploadResultDataMessage-upload-as-wt5	corpus	encode-core-hot	retain	R	17	104.07	195362	0
U-wire-UploadResultDataMessage-upload-as-wt5	corpus	encode-core-hot	retain	E2	17	105.33	190292	0
U-wire-UploadResultDataMessage-upload-as-wt5	corpus	encode-core-hot	retain	E	17	106.16	191393	0
U-wire-UploadResultDataMessage-upload-as-wt5	corpus	encode-core-hot	retain	E2	18	106.00	190292	0
U-wire-UploadResultDataMessage-upload-as-wt5	corpus	encode-core-hot	retain	E	18	107.26	191393	0
U-wire-UploadResultDataMessage-upload-as-wt5	corpus	encode-core-hot	retain	R	18	104.72	195362	0
U-wire-UploadResultDataMessage-upload-as-wt5	corpus	encode-core-hot	retain	E	19	105.78	191393	0
U-wire-UploadResultDataMessage-upload-as-wt5	corpus	encode-core-hot	retain	R	19	104.14	195362	0
U-wire-UploadResultDataMessage-upload-as-wt5	corpus	encode-core-hot	retain	E2	19	106.04	190292	0
U-wire-UploadResultDataMessage-upload-as-wt5	corpus	encode-core-hot	retain	R	20	103.44	195362	0
U-wire-UploadResultDataMessage-upload-as-wt5	corpus	encode-core-hot	retain	E2	20	105.58	190292	0
U-wire-UploadResultDataMessage-upload-as-wt5	corpus	encode-core-hot	retain	E	20	109.83	191393	0
U-wire-UploadResultDataMessage-upload-as-wt5	corpus	encode-core-hot	retain	E2	21	110.62	190292	0
U-wire-UploadResultDataMessage-upload-as-wt5	corpus	encode-core-hot	retain	E	21	188.48	191393	0
U-wire-UploadResultDataMessage-upload-as-wt5	corpus	encode-core-hot	retain	R	21	121.46	195362	0
U-wire-ListMetricsResponse-batches-as-wt0	corpus	decode-read	drop	E	1	2255.19	9119	1
U-wire-ListMetricsResponse-batches-as-wt0	corpus	decode-read	drop	R	1	2139.90	9388	0
U-wire-ListMetricsResponse-batches-as-wt0	corpus	decode-read	drop	E2	1	2218.40	8778	1
U-wire-ListMetricsResponse-batches-as-wt0	corpus	decode-read	drop	R	2	2145.65	9388	0
U-wire-ListMetricsResponse-batches-as-wt0	corpus	decode-read	drop	E2	2	2231.32	8778	1
U-wire-ListMetricsResponse-batches-as-wt0	corpus	decode-read	drop	E	2	2194.93	9119	1
U-wire-ListMetricsResponse-batches-as-wt0	corpus	decode-read	drop	E2	3	2361.23	8778	1
U-wire-ListMetricsResponse-batches-as-wt0	corpus	decode-read	drop	E	3	2266.46	9119	1
U-wire-ListMetricsResponse-batches-as-wt0	corpus	decode-read	drop	R	3	2179.76	9388	0
U-wire-ListMetricsResponse-batches-as-wt0	corpus	decode-read	drop	E	4	2249.13	9119	1
U-wire-ListMetricsResponse-batches-as-wt0	corpus	decode-read	drop	R	4	2150.74	9388	0
U-wire-ListMetricsResponse-batches-as-wt0	corpus	decode-read	drop	E2	4	2270.54	8778	1
U-wire-ListMetricsResponse-batches-as-wt0	corpus	decode-read	drop	R	5	2201.84	9388	0
U-wire-ListMetricsResponse-batches-as-wt0	corpus	decode-read	drop	E2	5	2196.59	8778	1
U-wire-ListMetricsResponse-batches-as-wt0	corpus	decode-read	drop	E	5	2211.50	9119	1
U-wire-ListMetricsResponse-batches-as-wt0	corpus	decode-read	drop	E2	6	2170.60	8778	1
U-wire-ListMetricsResponse-batches-as-wt0	corpus	decode-read	drop	E	6	2228.32	9119	1
U-wire-ListMetricsResponse-batches-as-wt0	corpus	decode-read	drop	R	6	2106.93	9388	0
U-wire-ListMetricsResponse-batches-as-wt0	corpus	decode-read	drop	E	7	2226.96	9119	1
U-wire-ListMetricsResponse-batches-as-wt0	corpus	decode-read	drop	R	7	2106.71	9388	0
U-wire-ListMetricsResponse-batches-as-wt0	corpus	decode-read	drop	E2	7	2194.47	8778	1
U-wire-ListMetricsResponse-batches-as-wt0	corpus	decode-read	drop	R	8	2125.47	9388	0
U-wire-ListMetricsResponse-batches-as-wt0	corpus	decode-read	drop	E2	8	2176.76	8778	1
U-wire-ListMetricsResponse-batches-as-wt0	corpus	decode-read	drop	E	8	2233.54	9119	1
U-wire-ListMetricsResponse-batches-as-wt0	corpus	decode-read	drop	E2	9	2221.68	8778	1
U-wire-ListMetricsResponse-batches-as-wt0	corpus	decode-read	drop	E	9	2231.98	9119	1
U-wire-ListMetricsResponse-batches-as-wt0	corpus	decode-read	drop	R	9	2181.89	9388	0
U-wire-ListMetricsResponse-batches-as-wt0	corpus	decode-read	drop	E	10	2185.45	9119	1
U-wire-ListMetricsResponse-batches-as-wt0	corpus	decode-read	drop	R	10	2065.10	9388	0
U-wire-ListMetricsResponse-batches-as-wt0	corpus	decode-read	drop	E2	10	2248.91	8778	1
U-wire-ListMetricsResponse-batches-as-wt0	corpus	decode-read	drop	R	11	2167.82	9388	0
U-wire-ListMetricsResponse-batches-as-wt0	corpus	decode-read	drop	E2	11	2200.23	8778	1
U-wire-ListMetricsResponse-batches-as-wt0	corpus	decode-read	drop	E	11	2293.23	9119	1
U-wire-ListMetricsResponse-batches-as-wt0	corpus	decode-read	drop	E2	12	2203.34	8778	1
U-wire-ListMetricsResponse-batches-as-wt0	corpus	decode-read	drop	E	12	2184.18	9119	1
U-wire-ListMetricsResponse-batches-as-wt0	corpus	decode-read	drop	R	12	2186.80	9388	0
U-wire-ListMetricsResponse-batches-as-wt0	corpus	decode-read	drop	E	13	2178.31	9119	1
U-wire-ListMetricsResponse-batches-as-wt0	corpus	decode-read	drop	R	13	2101.95	9388	0
U-wire-ListMetricsResponse-batches-as-wt0	corpus	decode-read	drop	E2	13	2211.67	8778	1
U-wire-ListMetricsResponse-batches-as-wt0	corpus	decode-read	drop	R	14	2099.62	9388	0
U-wire-ListMetricsResponse-batches-as-wt0	corpus	decode-read	drop	E2	14	2180.17	8778	1
U-wire-ListMetricsResponse-batches-as-wt0	corpus	decode-read	drop	E	14	2225.68	9119	1
U-wire-ListMetricsResponse-batches-as-wt0	corpus	decode-read	drop	E2	15	2186.91	8778	1
U-wire-ListMetricsResponse-batches-as-wt0	corpus	decode-read	drop	E	15	2183.75	9119	1
U-wire-ListMetricsResponse-batches-as-wt0	corpus	decode-read	drop	R	15	2134.04	9388	0
U-wire-ListMetricsResponse-batches-as-wt0	corpus	decode-read	drop	E	16	2198.29	9119	1
U-wire-ListMetricsResponse-batches-as-wt0	corpus	decode-read	drop	R	16	2112.79	9388	0
U-wire-ListMetricsResponse-batches-as-wt0	corpus	decode-read	drop	E2	16	2252.59	8778	1
U-wire-ListMetricsResponse-batches-as-wt0	corpus	decode-read	drop	R	17	2107.55	9388	0
U-wire-ListMetricsResponse-batches-as-wt0	corpus	decode-read	drop	E2	17	2191.60	8778	1
U-wire-ListMetricsResponse-batches-as-wt0	corpus	decode-read	drop	E	17	2196.51	9119	1
U-wire-ListMetricsResponse-batches-as-wt0	corpus	decode-read	drop	E2	18	2177.53	8778	1
U-wire-ListMetricsResponse-batches-as-wt0	corpus	decode-read	drop	E	18	2194.08	9119	1
U-wire-ListMetricsResponse-batches-as-wt0	corpus	decode-read	drop	R	18	2146.63	9388	0
U-wire-ListMetricsResponse-batches-as-wt0	corpus	decode-read	drop	E	19	2181.61	9119	1
U-wire-ListMetricsResponse-batches-as-wt0	corpus	decode-read	drop	R	19	2192.79	9388	0
U-wire-ListMetricsResponse-batches-as-wt0	corpus	decode-read	drop	E2	19	2259.39	8778	1
U-wire-ListMetricsResponse-batches-as-wt0	corpus	decode-read	drop	R	20	2141.48	9388	0
U-wire-ListMetricsResponse-batches-as-wt0	corpus	decode-read	drop	E2	20	2342.31	8778	1
U-wire-ListMetricsResponse-batches-as-wt0	corpus	decode-read	drop	E	20	2352.69	9119	1
U-wire-ListMetricsResponse-batches-as-wt0	corpus	decode-read	drop	E2	21	2512.88	8778	1
U-wire-ListMetricsResponse-batches-as-wt0	corpus	decode-read	drop	E	21	2259.35	9119	1
U-wire-ListMetricsResponse-batches-as-wt0	corpus	decode-read	drop	R	21	2405.79	9388	0
U-wire-ListMetricsResponse-batches-as-wt0	corpus	decode-read	retain	E	1	2268.12	8395	1
U-wire-ListMetricsResponse-batches-as-wt0	corpus	decode-read	retain	R	1	2269.39	8306	0
U-wire-ListMetricsResponse-batches-as-wt0	corpus	decode-read	retain	E2	1	2255.81	8056	1
U-wire-ListMetricsResponse-batches-as-wt0	corpus	decode-read	retain	R	2	2238.31	8306	0
U-wire-ListMetricsResponse-batches-as-wt0	corpus	decode-read	retain	E2	2	2345.31	8056	1
U-wire-ListMetricsResponse-batches-as-wt0	corpus	decode-read	retain	E	2	2280.09	8395	1
U-wire-ListMetricsResponse-batches-as-wt0	corpus	decode-read	retain	E2	3	2307.24	8056	1
U-wire-ListMetricsResponse-batches-as-wt0	corpus	decode-read	retain	E	3	2353.29	8395	1
U-wire-ListMetricsResponse-batches-as-wt0	corpus	decode-read	retain	R	3	2256.81	8306	0
U-wire-ListMetricsResponse-batches-as-wt0	corpus	decode-read	retain	E	4	2350.09	8395	1
U-wire-ListMetricsResponse-batches-as-wt0	corpus	decode-read	retain	R	4	2190.24	8306	0
U-wire-ListMetricsResponse-batches-as-wt0	corpus	decode-read	retain	E2	4	2331.94	8056	1
U-wire-ListMetricsResponse-batches-as-wt0	corpus	decode-read	retain	R	5	2175.88	8306	0
U-wire-ListMetricsResponse-batches-as-wt0	corpus	decode-read	retain	E2	5	2278.69	8056	1
U-wire-ListMetricsResponse-batches-as-wt0	corpus	decode-read	retain	E	5	2407.10	8395	1
U-wire-ListMetricsResponse-batches-as-wt0	corpus	decode-read	retain	E2	6	2463.14	8056	1
U-wire-ListMetricsResponse-batches-as-wt0	corpus	decode-read	retain	E	6	2660.16	8395	1
U-wire-ListMetricsResponse-batches-as-wt0	corpus	decode-read	retain	R	6	2431.86	8306	0
U-wire-ListMetricsResponse-batches-as-wt0	corpus	decode-read	retain	E	7	2410.89	8395	1
U-wire-ListMetricsResponse-batches-as-wt0	corpus	decode-read	retain	R	7	2212.12	8306	0
U-wire-ListMetricsResponse-batches-as-wt0	corpus	decode-read	retain	E2	7	2364.63	8056	1
U-wire-ListMetricsResponse-batches-as-wt0	corpus	decode-read	retain	R	8	2481.32	8306	0
U-wire-ListMetricsResponse-batches-as-wt0	corpus	decode-read	retain	E2	8	2419.55	8056	1
U-wire-ListMetricsResponse-batches-as-wt0	corpus	decode-read	retain	E	8	2673.27	8395	1
U-wire-ListMetricsResponse-batches-as-wt0	corpus	decode-read	retain	E2	9	6538.73	8056	1
U-wire-ListMetricsResponse-batches-as-wt0	corpus	decode-read	retain	E	9	2577.12	8395	1
U-wire-ListMetricsResponse-batches-as-wt0	corpus	decode-read	retain	R	9	2593.45	8306	0
U-wire-ListMetricsResponse-batches-as-wt0	corpus	decode-read	retain	E	10	2652.67	8395	1
U-wire-ListMetricsResponse-batches-as-wt0	corpus	decode-read	retain	R	10	2216.80	8306	0
U-wire-ListMetricsResponse-batches-as-wt0	corpus	decode-read	retain	E2	10	2364.88	8056	1
U-wire-ListMetricsResponse-batches-as-wt0	corpus	decode-read	retain	R	11	2313.75	8306	0
U-wire-ListMetricsResponse-batches-as-wt0	corpus	decode-read	retain	E2	11	2272.04	8056	1
U-wire-ListMetricsResponse-batches-as-wt0	corpus	decode-read	retain	E	11	2377.22	8395	1
U-wire-ListMetricsResponse-batches-as-wt0	corpus	decode-read	retain	E2	12	2303.13	8056	1
U-wire-ListMetricsResponse-batches-as-wt0	corpus	decode-read	retain	E	12	2328.50	8395	1
U-wire-ListMetricsResponse-batches-as-wt0	corpus	decode-read	retain	R	12	2241.34	8306	0
U-wire-ListMetricsResponse-batches-as-wt0	corpus	decode-read	retain	E	13	2310.18	8395	1
U-wire-ListMetricsResponse-batches-as-wt0	corpus	decode-read	retain	R	13	2413.74	8306	0
U-wire-ListMetricsResponse-batches-as-wt0	corpus	decode-read	retain	E2	13	2573.22	8056	1
U-wire-ListMetricsResponse-batches-as-wt0	corpus	decode-read	retain	R	14	2406.77	8306	0
U-wire-ListMetricsResponse-batches-as-wt0	corpus	decode-read	retain	E2	14	2401.29	8056	1
U-wire-ListMetricsResponse-batches-as-wt0	corpus	decode-read	retain	E	14	2348.50	8395	1
U-wire-ListMetricsResponse-batches-as-wt0	corpus	decode-read	retain	E2	15	2345.40	8056	1
U-wire-ListMetricsResponse-batches-as-wt0	corpus	decode-read	retain	E	15	2448.01	8395	1
U-wire-ListMetricsResponse-batches-as-wt0	corpus	decode-read	retain	R	15	2275.20	8306	0
U-wire-ListMetricsResponse-batches-as-wt0	corpus	decode-read	retain	E	16	2432.15	8395	1
U-wire-ListMetricsResponse-batches-as-wt0	corpus	decode-read	retain	R	16	2375.80	8306	0
U-wire-ListMetricsResponse-batches-as-wt0	corpus	decode-read	retain	E2	16	2328.55	8056	1
U-wire-ListMetricsResponse-batches-as-wt0	corpus	decode-read	retain	R	17	2226.39	8306	0
U-wire-ListMetricsResponse-batches-as-wt0	corpus	decode-read	retain	E2	17	2466.97	8056	1
U-wire-ListMetricsResponse-batches-as-wt0	corpus	decode-read	retain	E	17	2335.53	8395	1
U-wire-ListMetricsResponse-batches-as-wt0	corpus	decode-read	retain	E2	18	2464.33	8056	1
U-wire-ListMetricsResponse-batches-as-wt0	corpus	decode-read	retain	E	18	2473.46	8395	1
U-wire-ListMetricsResponse-batches-as-wt0	corpus	decode-read	retain	R	18	2323.58	8306	0
U-wire-ListMetricsResponse-batches-as-wt0	corpus	decode-read	retain	E	19	2406.00	8395	1
U-wire-ListMetricsResponse-batches-as-wt0	corpus	decode-read	retain	R	19	2338.23	8306	0
U-wire-ListMetricsResponse-batches-as-wt0	corpus	decode-read	retain	E2	19	2433.95	8056	1
U-wire-ListMetricsResponse-batches-as-wt0	corpus	decode-read	retain	R	20	2256.32	8306	0
U-wire-ListMetricsResponse-batches-as-wt0	corpus	decode-read	retain	E2	20	2502.39	8056	1
U-wire-ListMetricsResponse-batches-as-wt0	corpus	decode-read	retain	E	20	2311.24	8395	1
U-wire-ListMetricsResponse-batches-as-wt0	corpus	decode-read	retain	E2	21	2317.19	8056	1
U-wire-ListMetricsResponse-batches-as-wt0	corpus	decode-read	retain	E	21	2339.34	8395	1
U-wire-ListMetricsResponse-batches-as-wt0	corpus	decode-read	retain	R	21	2235.74	8306	0
U-wire-ListMetricsResponse-batches-as-wt0	corpus	encode-core-hot	drop	E	1	1249.81	16589	0
U-wire-ListMetricsResponse-batches-as-wt0	corpus	encode-core-hot	drop	R	1	1104.75	18106	0
U-wire-ListMetricsResponse-batches-as-wt0	corpus	encode-core-hot	drop	E2	1	1254.41	16327	0
U-wire-ListMetricsResponse-batches-as-wt0	corpus	encode-core-hot	drop	R	2	1105.04	18106	0
U-wire-ListMetricsResponse-batches-as-wt0	corpus	encode-core-hot	drop	E2	2	1270.36	16327	0
U-wire-ListMetricsResponse-batches-as-wt0	corpus	encode-core-hot	drop	E	2	1261.40	16589	0
U-wire-ListMetricsResponse-batches-as-wt0	corpus	encode-core-hot	drop	E2	3	1260.12	16327	0
U-wire-ListMetricsResponse-batches-as-wt0	corpus	encode-core-hot	drop	E	3	1253.64	16589	0
U-wire-ListMetricsResponse-batches-as-wt0	corpus	encode-core-hot	drop	R	3	1099.81	18106	0
U-wire-ListMetricsResponse-batches-as-wt0	corpus	encode-core-hot	drop	E	4	1254.52	16589	0
U-wire-ListMetricsResponse-batches-as-wt0	corpus	encode-core-hot	drop	R	4	1111.53	18106	0
U-wire-ListMetricsResponse-batches-as-wt0	corpus	encode-core-hot	drop	E2	4	1259.58	16327	0
U-wire-ListMetricsResponse-batches-as-wt0	corpus	encode-core-hot	drop	R	5	1102.20	18106	0
U-wire-ListMetricsResponse-batches-as-wt0	corpus	encode-core-hot	drop	E2	5	1263.08	16327	0
U-wire-ListMetricsResponse-batches-as-wt0	corpus	encode-core-hot	drop	E	5	1278.36	16589	0
U-wire-ListMetricsResponse-batches-as-wt0	corpus	encode-core-hot	drop	E2	6	1252.51	16327	0
U-wire-ListMetricsResponse-batches-as-wt0	corpus	encode-core-hot	drop	E	6	1259.62	16589	0
U-wire-ListMetricsResponse-batches-as-wt0	corpus	encode-core-hot	drop	R	6	1103.38	18106	0
U-wire-ListMetricsResponse-batches-as-wt0	corpus	encode-core-hot	drop	E	7	1256.74	16589	0
U-wire-ListMetricsResponse-batches-as-wt0	corpus	encode-core-hot	drop	R	7	1116.29	18106	0
U-wire-ListMetricsResponse-batches-as-wt0	corpus	encode-core-hot	drop	E2	7	1290.92	16327	0
U-wire-ListMetricsResponse-batches-as-wt0	corpus	encode-core-hot	drop	R	8	1121.20	18106	0
U-wire-ListMetricsResponse-batches-as-wt0	corpus	encode-core-hot	drop	E2	8	1269.59	16327	0
U-wire-ListMetricsResponse-batches-as-wt0	corpus	encode-core-hot	drop	E	8	1280.57	16589	0
U-wire-ListMetricsResponse-batches-as-wt0	corpus	encode-core-hot	drop	E2	9	1288.15	16327	0
U-wire-ListMetricsResponse-batches-as-wt0	corpus	encode-core-hot	drop	E	9	1269.29	16589	0
U-wire-ListMetricsResponse-batches-as-wt0	corpus	encode-core-hot	drop	R	9	1120.85	18106	0
U-wire-ListMetricsResponse-batches-as-wt0	corpus	encode-core-hot	drop	E	10	1273.03	16589	0
U-wire-ListMetricsResponse-batches-as-wt0	corpus	encode-core-hot	drop	R	10	1141.71	18106	0
U-wire-ListMetricsResponse-batches-as-wt0	corpus	encode-core-hot	drop	E2	10	1289.77	16327	0
U-wire-ListMetricsResponse-batches-as-wt0	corpus	encode-core-hot	drop	R	11	1102.27	18106	0
U-wire-ListMetricsResponse-batches-as-wt0	corpus	encode-core-hot	drop	E2	11	1265.26	16327	0
U-wire-ListMetricsResponse-batches-as-wt0	corpus	encode-core-hot	drop	E	11	1274.64	16589	0
U-wire-ListMetricsResponse-batches-as-wt0	corpus	encode-core-hot	drop	E2	12	1275.37	16327	0
U-wire-ListMetricsResponse-batches-as-wt0	corpus	encode-core-hot	drop	E	12	1261.55	16589	0
U-wire-ListMetricsResponse-batches-as-wt0	corpus	encode-core-hot	drop	R	12	1095.28	18106	0
U-wire-ListMetricsResponse-batches-as-wt0	corpus	encode-core-hot	drop	E	13	1249.12	16589	0
U-wire-ListMetricsResponse-batches-as-wt0	corpus	encode-core-hot	drop	R	13	1120.05	18106	0
U-wire-ListMetricsResponse-batches-as-wt0	corpus	encode-core-hot	drop	E2	13	1252.64	16327	0
U-wire-ListMetricsResponse-batches-as-wt0	corpus	encode-core-hot	drop	R	14	1092.29	18106	0
U-wire-ListMetricsResponse-batches-as-wt0	corpus	encode-core-hot	drop	E2	14	1251.73	16327	0
U-wire-ListMetricsResponse-batches-as-wt0	corpus	encode-core-hot	drop	E	14	1249.66	16589	0
U-wire-ListMetricsResponse-batches-as-wt0	corpus	encode-core-hot	drop	E2	15	1250.75	16327	0
U-wire-ListMetricsResponse-batches-as-wt0	corpus	encode-core-hot	drop	E	15	1253.32	16589	0
U-wire-ListMetricsResponse-batches-as-wt0	corpus	encode-core-hot	drop	R	15	1095.43	18106	0
U-wire-ListMetricsResponse-batches-as-wt0	corpus	encode-core-hot	drop	E	16	1257.35	16589	0
U-wire-ListMetricsResponse-batches-as-wt0	corpus	encode-core-hot	drop	R	16	1084.45	18106	0
U-wire-ListMetricsResponse-batches-as-wt0	corpus	encode-core-hot	drop	E2	16	1263.43	16327	0
U-wire-ListMetricsResponse-batches-as-wt0	corpus	encode-core-hot	drop	R	17	1104.65	18106	0
U-wire-ListMetricsResponse-batches-as-wt0	corpus	encode-core-hot	drop	E2	17	1252.21	16327	0
U-wire-ListMetricsResponse-batches-as-wt0	corpus	encode-core-hot	drop	E	17	1260.81	16589	0
U-wire-ListMetricsResponse-batches-as-wt0	corpus	encode-core-hot	drop	E2	18	1283.12	16327	0
U-wire-ListMetricsResponse-batches-as-wt0	corpus	encode-core-hot	drop	E	18	1243.07	16589	0
U-wire-ListMetricsResponse-batches-as-wt0	corpus	encode-core-hot	drop	R	18	1083.91	18106	0
U-wire-ListMetricsResponse-batches-as-wt0	corpus	encode-core-hot	drop	E	19	1255.39	16589	0
U-wire-ListMetricsResponse-batches-as-wt0	corpus	encode-core-hot	drop	R	19	1107.93	18106	0
U-wire-ListMetricsResponse-batches-as-wt0	corpus	encode-core-hot	drop	E2	19	1237.05	16327	0
U-wire-ListMetricsResponse-batches-as-wt0	corpus	encode-core-hot	drop	R	20	1106.51	18106	0
U-wire-ListMetricsResponse-batches-as-wt0	corpus	encode-core-hot	drop	E2	20	1245.60	16327	0
U-wire-ListMetricsResponse-batches-as-wt0	corpus	encode-core-hot	drop	E	20	1246.63	16589	0
U-wire-ListMetricsResponse-batches-as-wt0	corpus	encode-core-hot	drop	E2	21	1245.47	16327	0
U-wire-ListMetricsResponse-batches-as-wt0	corpus	encode-core-hot	drop	E	21	1235.34	16589	0
U-wire-ListMetricsResponse-batches-as-wt0	corpus	encode-core-hot	drop	R	21	1098.91	18106	0
U-wire-ListMetricsResponse-batches-as-wt0	corpus	encode-core-hot	retain	E	1	1229.27	16148	0
U-wire-ListMetricsResponse-batches-as-wt0	corpus	encode-core-hot	retain	R	1	1130.42	17176	0
U-wire-ListMetricsResponse-batches-as-wt0	corpus	encode-core-hot	retain	E2	1	1240.50	16116	0
U-wire-ListMetricsResponse-batches-as-wt0	corpus	encode-core-hot	retain	R	2	1149.31	17176	0
U-wire-ListMetricsResponse-batches-as-wt0	corpus	encode-core-hot	retain	E2	2	1246.83	16116	0
U-wire-ListMetricsResponse-batches-as-wt0	corpus	encode-core-hot	retain	E	2	1249.49	16148	0
U-wire-ListMetricsResponse-batches-as-wt0	corpus	encode-core-hot	retain	E2	3	1224.08	16116	0
U-wire-ListMetricsResponse-batches-as-wt0	corpus	encode-core-hot	retain	E	3	1239.70	16148	0
U-wire-ListMetricsResponse-batches-as-wt0	corpus	encode-core-hot	retain	R	3	1165.23	17176	0
U-wire-ListMetricsResponse-batches-as-wt0	corpus	encode-core-hot	retain	E	4	1257.03	16148	0
U-wire-ListMetricsResponse-batches-as-wt0	corpus	encode-core-hot	retain	R	4	1155.65	17176	0
U-wire-ListMetricsResponse-batches-as-wt0	corpus	encode-core-hot	retain	E2	4	1288.28	16116	0
U-wire-ListMetricsResponse-batches-as-wt0	corpus	encode-core-hot	retain	R	5	1160.97	17176	0
U-wire-ListMetricsResponse-batches-as-wt0	corpus	encode-core-hot	retain	E2	5	1239.09	16116	0
U-wire-ListMetricsResponse-batches-as-wt0	corpus	encode-core-hot	retain	E	5	1223.58	16148	0
U-wire-ListMetricsResponse-batches-as-wt0	corpus	encode-core-hot	retain	E2	6	1221.14	16116	0
U-wire-ListMetricsResponse-batches-as-wt0	corpus	encode-core-hot	retain	E	6	1228.21	16148	0
U-wire-ListMetricsResponse-batches-as-wt0	corpus	encode-core-hot	retain	R	6	1166.34	17176	0
U-wire-ListMetricsResponse-batches-as-wt0	corpus	encode-core-hot	retain	E	7	1281.85	16148	0
U-wire-ListMetricsResponse-batches-as-wt0	corpus	encode-core-hot	retain	R	7	1175.47	17176	0
U-wire-ListMetricsResponse-batches-as-wt0	corpus	encode-core-hot	retain	E2	7	1284.98	16116	0
U-wire-ListMetricsResponse-batches-as-wt0	corpus	encode-core-hot	retain	R	8	1208.07	17176	0
U-wire-ListMetricsResponse-batches-as-wt0	corpus	encode-core-hot	retain	E2	8	1273.44	16116	0
U-wire-ListMetricsResponse-batches-as-wt0	corpus	encode-core-hot	retain	E	8	1268.98	16148	0
U-wire-ListMetricsResponse-batches-as-wt0	corpus	encode-core-hot	retain	E2	9	1303.52	16116	0
U-wire-ListMetricsResponse-batches-as-wt0	corpus	encode-core-hot	retain	E	9	1266.77	16148	0
U-wire-ListMetricsResponse-batches-as-wt0	corpus	encode-core-hot	retain	R	9	1190.76	17176	0
U-wire-ListMetricsResponse-batches-as-wt0	corpus	encode-core-hot	retain	E	10	1272.64	16148	0
U-wire-ListMetricsResponse-batches-as-wt0	corpus	encode-core-hot	retain	R	10	1193.03	17176	0
U-wire-ListMetricsResponse-batches-as-wt0	corpus	encode-core-hot	retain	E2	10	1256.38	16116	0
U-wire-ListMetricsResponse-batches-as-wt0	corpus	encode-core-hot	retain	R	11	1162.35	17176	0
U-wire-ListMetricsResponse-batches-as-wt0	corpus	encode-core-hot	retain	E2	11	1223.19	16116	0
U-wire-ListMetricsResponse-batches-as-wt0	corpus	encode-core-hot	retain	E	11	1235.12	16148	0
U-wire-ListMetricsResponse-batches-as-wt0	corpus	encode-core-hot	retain	E2	12	1216.59	16116	0
U-wire-ListMetricsResponse-batches-as-wt0	corpus	encode-core-hot	retain	E	12	1211.57	16148	0
U-wire-ListMetricsResponse-batches-as-wt0	corpus	encode-core-hot	retain	R	12	1161.16	17176	0
U-wire-ListMetricsResponse-batches-as-wt0	corpus	encode-core-hot	retain	E	13	1218.13	16148	0
U-wire-ListMetricsResponse-batches-as-wt0	corpus	encode-core-hot	retain	R	13	1168.10	17176	0
U-wire-ListMetricsResponse-batches-as-wt0	corpus	encode-core-hot	retain	E2	13	1210.36	16116	0
U-wire-ListMetricsResponse-batches-as-wt0	corpus	encode-core-hot	retain	R	14	1151.35	17176	0
U-wire-ListMetricsResponse-batches-as-wt0	corpus	encode-core-hot	retain	E2	14	1217.90	16116	0
U-wire-ListMetricsResponse-batches-as-wt0	corpus	encode-core-hot	retain	E	14	1210.08	16148	0
U-wire-ListMetricsResponse-batches-as-wt0	corpus	encode-core-hot	retain	E2	15	1199.94	16116	0
U-wire-ListMetricsResponse-batches-as-wt0	corpus	encode-core-hot	retain	E	15	1209.07	16148	0
U-wire-ListMetricsResponse-batches-as-wt0	corpus	encode-core-hot	retain	R	15	1159.73	17176	0
U-wire-ListMetricsResponse-batches-as-wt0	corpus	encode-core-hot	retain	E	16	1210.92	16148	0
U-wire-ListMetricsResponse-batches-as-wt0	corpus	encode-core-hot	retain	R	16	1159.52	17176	0
U-wire-ListMetricsResponse-batches-as-wt0	corpus	encode-core-hot	retain	E2	16	1240.59	16116	0
U-wire-ListMetricsResponse-batches-as-wt0	corpus	encode-core-hot	retain	R	17	1158.97	17176	0
U-wire-ListMetricsResponse-batches-as-wt0	corpus	encode-core-hot	retain	E2	17	1215.74	16116	0
U-wire-ListMetricsResponse-batches-as-wt0	corpus	encode-core-hot	retain	E	17	1232.95	16148	0
U-wire-ListMetricsResponse-batches-as-wt0	corpus	encode-core-hot	retain	E2	18	1243.48	16116	0
U-wire-ListMetricsResponse-batches-as-wt0	corpus	encode-core-hot	retain	E	18	1235.65	16148	0
U-wire-ListMetricsResponse-batches-as-wt0	corpus	encode-core-hot	retain	R	18	1156.92	17176	0
U-wire-ListMetricsResponse-batches-as-wt0	corpus	encode-core-hot	retain	E	19	1294.19	16148	0
U-wire-ListMetricsResponse-batches-as-wt0	corpus	encode-core-hot	retain	R	19	1195.35	17176	0
U-wire-ListMetricsResponse-batches-as-wt0	corpus	encode-core-hot	retain	E2	19	1222.83	16116	0
U-wire-ListMetricsResponse-batches-as-wt0	corpus	encode-core-hot	retain	R	20	1192.44	17176	0
U-wire-ListMetricsResponse-batches-as-wt0	corpus	encode-core-hot	retain	E2	20	1290.67	16116	0
U-wire-ListMetricsResponse-batches-as-wt0	corpus	encode-core-hot	retain	E	20	1264.83	16148	0
U-wire-ListMetricsResponse-batches-as-wt0	corpus	encode-core-hot	retain	E2	21	1301.89	16116	0
U-wire-ListMetricsResponse-batches-as-wt0	corpus	encode-core-hot	retain	E	21	1325.84	16148	0
U-wire-ListMetricsResponse-batches-as-wt0	corpus	encode-core-hot	retain	R	21	1276.05	17176	0
U-wire-DualResponse-left-as-wt5	corpus	decode-read	drop	E	1	383.72	50989	1
U-wire-DualResponse-left-as-wt5	corpus	decode-read	drop	R	1	376.02	53186	0
U-wire-DualResponse-left-as-wt5	corpus	decode-read	drop	E2	1	381.87	50707	1
U-wire-DualResponse-left-as-wt5	corpus	decode-read	drop	R	2	375.86	53186	0
U-wire-DualResponse-left-as-wt5	corpus	decode-read	drop	E2	2	393.41	50707	1
U-wire-DualResponse-left-as-wt5	corpus	decode-read	drop	E	2	381.97	50989	1
U-wire-DualResponse-left-as-wt5	corpus	decode-read	drop	E2	3	382.94	50707	1
U-wire-DualResponse-left-as-wt5	corpus	decode-read	drop	E	3	381.50	50989	1
U-wire-DualResponse-left-as-wt5	corpus	decode-read	drop	R	3	381.50	53186	0
U-wire-DualResponse-left-as-wt5	corpus	decode-read	drop	E	4	384.94	50989	1
U-wire-DualResponse-left-as-wt5	corpus	decode-read	drop	R	4	373.03	53186	0
U-wire-DualResponse-left-as-wt5	corpus	decode-read	drop	E2	4	385.22	50707	1
U-wire-DualResponse-left-as-wt5	corpus	decode-read	drop	R	5	372.15	53186	0
U-wire-DualResponse-left-as-wt5	corpus	decode-read	drop	E2	5	376.80	50707	1
U-wire-DualResponse-left-as-wt5	corpus	decode-read	drop	E	5	384.19	50989	1
U-wire-DualResponse-left-as-wt5	corpus	decode-read	drop	E2	6	374.90	50707	1
U-wire-DualResponse-left-as-wt5	corpus	decode-read	drop	E	6	379.61	50989	1
U-wire-DualResponse-left-as-wt5	corpus	decode-read	drop	R	6	378.47	53186	0
U-wire-DualResponse-left-as-wt5	corpus	decode-read	drop	E	7	382.78	50989	1
U-wire-DualResponse-left-as-wt5	corpus	decode-read	drop	R	7	383.51	53186	0
U-wire-DualResponse-left-as-wt5	corpus	decode-read	drop	E2	7	380.69	50707	1
U-wire-DualResponse-left-as-wt5	corpus	decode-read	drop	R	8	378.46	53186	0
U-wire-DualResponse-left-as-wt5	corpus	decode-read	drop	E2	8	385.47	50707	1
U-wire-DualResponse-left-as-wt5	corpus	decode-read	drop	E	8	382.74	50989	1
U-wire-DualResponse-left-as-wt5	corpus	decode-read	drop	E2	9	390.68	50707	1
U-wire-DualResponse-left-as-wt5	corpus	decode-read	drop	E	9	388.62	50989	1
U-wire-DualResponse-left-as-wt5	corpus	decode-read	drop	R	9	381.94	53186	0
U-wire-DualResponse-left-as-wt5	corpus	decode-read	drop	E	10	383.50	50989	1
U-wire-DualResponse-left-as-wt5	corpus	decode-read	drop	R	10	376.56	53186	0
U-wire-DualResponse-left-as-wt5	corpus	decode-read	drop	E2	10	392.09	50707	1
U-wire-DualResponse-left-as-wt5	corpus	decode-read	drop	R	11	378.95	53186	0
U-wire-DualResponse-left-as-wt5	corpus	decode-read	drop	E2	11	381.68	50707	1
U-wire-DualResponse-left-as-wt5	corpus	decode-read	drop	E	11	383.92	50989	1
U-wire-DualResponse-left-as-wt5	corpus	decode-read	drop	E2	12	383.53	50707	1
U-wire-DualResponse-left-as-wt5	corpus	decode-read	drop	E	12	390.71	50989	1
U-wire-DualResponse-left-as-wt5	corpus	decode-read	drop	R	12	378.13	53186	0
U-wire-DualResponse-left-as-wt5	corpus	decode-read	drop	E	13	379.46	50989	1
U-wire-DualResponse-left-as-wt5	corpus	decode-read	drop	R	13	378.94	53186	0
U-wire-DualResponse-left-as-wt5	corpus	decode-read	drop	E2	13	387.48	50707	1
U-wire-DualResponse-left-as-wt5	corpus	decode-read	drop	R	14	415.72	53186	0
U-wire-DualResponse-left-as-wt5	corpus	decode-read	drop	E2	14	413.14	50707	1
U-wire-DualResponse-left-as-wt5	corpus	decode-read	drop	E	14	385.78	50989	1
U-wire-DualResponse-left-as-wt5	corpus	decode-read	drop	E2	15	392.37	50707	1
U-wire-DualResponse-left-as-wt5	corpus	decode-read	drop	E	15	382.55	50989	1
U-wire-DualResponse-left-as-wt5	corpus	decode-read	drop	R	15	433.92	53186	0
U-wire-DualResponse-left-as-wt5	corpus	decode-read	drop	E	16	390.89	50989	1
U-wire-DualResponse-left-as-wt5	corpus	decode-read	drop	R	16	393.01	53186	0
U-wire-DualResponse-left-as-wt5	corpus	decode-read	drop	E2	16	419.08	50707	1
U-wire-DualResponse-left-as-wt5	corpus	decode-read	drop	R	17	386.35	53186	0
U-wire-DualResponse-left-as-wt5	corpus	decode-read	drop	E2	17	415.42	50707	1
U-wire-DualResponse-left-as-wt5	corpus	decode-read	drop	E	17	404.29	50989	1
U-wire-DualResponse-left-as-wt5	corpus	decode-read	drop	E2	18	389.60	50707	1
U-wire-DualResponse-left-as-wt5	corpus	decode-read	drop	E	18	386.93	50989	1
U-wire-DualResponse-left-as-wt5	corpus	decode-read	drop	R	18	378.75	53186	0
U-wire-DualResponse-left-as-wt5	corpus	decode-read	drop	E	19	385.64	50989	1
U-wire-DualResponse-left-as-wt5	corpus	decode-read	drop	R	19	374.44	53186	0
U-wire-DualResponse-left-as-wt5	corpus	decode-read	drop	E2	19	394.66	50707	1
U-wire-DualResponse-left-as-wt5	corpus	decode-read	drop	R	20	377.79	53186	0
U-wire-DualResponse-left-as-wt5	corpus	decode-read	drop	E2	20	395.25	50707	1
U-wire-DualResponse-left-as-wt5	corpus	decode-read	drop	E	20	388.29	50989	1
U-wire-DualResponse-left-as-wt5	corpus	decode-read	drop	E2	21	379.47	50707	1
U-wire-DualResponse-left-as-wt5	corpus	decode-read	drop	E	21	378.27	50989	1
U-wire-DualResponse-left-as-wt5	corpus	decode-read	drop	R	21	377.36	53186	0
U-wire-DualResponse-left-as-wt5	corpus	decode-read	retain	E	1	451.75	45267	1
U-wire-DualResponse-left-as-wt5	corpus	decode-read	retain	R	1	445.60	44902	0
U-wire-DualResponse-left-as-wt5	corpus	decode-read	retain	E2	1	448.66	45784	1
U-wire-DualResponse-left-as-wt5	corpus	decode-read	retain	R	2	455.08	44902	0
U-wire-DualResponse-left-as-wt5	corpus	decode-read	retain	E2	2	441.06	45784	1
U-wire-DualResponse-left-as-wt5	corpus	decode-read	retain	E	2	445.31	45267	1
U-wire-DualResponse-left-as-wt5	corpus	decode-read	retain	E2	3	435.26	45784	1
U-wire-DualResponse-left-as-wt5	corpus	decode-read	retain	E	3	436.50	45267	1
U-wire-DualResponse-left-as-wt5	corpus	decode-read	retain	R	3	433.88	44902	0
U-wire-DualResponse-left-as-wt5	corpus	decode-read	retain	E	4	448.08	45267	1
U-wire-DualResponse-left-as-wt5	corpus	decode-read	retain	R	4	465.83	44902	0
U-wire-DualResponse-left-as-wt5	corpus	decode-read	retain	E2	4	463.04	45784	1
U-wire-DualResponse-left-as-wt5	corpus	decode-read	retain	R	5	459.51	44902	0
U-wire-DualResponse-left-as-wt5	corpus	decode-read	retain	E2	5	468.48	45784	1
U-wire-DualResponse-left-as-wt5	corpus	decode-read	retain	E	5	454.30	45267	1
U-wire-DualResponse-left-as-wt5	corpus	decode-read	retain	E2	6	470.02	45784	1
U-wire-DualResponse-left-as-wt5	corpus	decode-read	retain	E	6	481.95	45267	1
U-wire-DualResponse-left-as-wt5	corpus	decode-read	retain	R	6	433.42	44902	0
U-wire-DualResponse-left-as-wt5	corpus	decode-read	retain	E	7	454.52	45267	1
U-wire-DualResponse-left-as-wt5	corpus	decode-read	retain	R	7	456.64	44902	0
U-wire-DualResponse-left-as-wt5	corpus	decode-read	retain	E2	7	453.36	45784	1
U-wire-DualResponse-left-as-wt5	corpus	decode-read	retain	R	8	474.47	44902	0
U-wire-DualResponse-left-as-wt5	corpus	decode-read	retain	E2	8	455.45	45784	1
U-wire-DualResponse-left-as-wt5	corpus	decode-read	retain	E	8	454.44	45267	1
U-wire-DualResponse-left-as-wt5	corpus	decode-read	retain	E2	9	437.37	45784	1
U-wire-DualResponse-left-as-wt5	corpus	decode-read	retain	E	9	445.42	45267	1
U-wire-DualResponse-left-as-wt5	corpus	decode-read	retain	R	9	437.73	44902	0
U-wire-DualResponse-left-as-wt5	corpus	decode-read	retain	E	10	433.87	45267	1
U-wire-DualResponse-left-as-wt5	corpus	decode-read	retain	R	10	427.18	44902	0
U-wire-DualResponse-left-as-wt5	corpus	decode-read	retain	E2	10	434.82	45784	1
U-wire-DualResponse-left-as-wt5	corpus	decode-read	retain	R	11	428.91	44902	0
U-wire-DualResponse-left-as-wt5	corpus	decode-read	retain	E2	11	444.09	45784	1
U-wire-DualResponse-left-as-wt5	corpus	decode-read	retain	E	11	436.29	45267	1
U-wire-DualResponse-left-as-wt5	corpus	decode-read	retain	E2	12	436.27	45784	1
U-wire-DualResponse-left-as-wt5	corpus	decode-read	retain	E	12	442.44	45267	1
U-wire-DualResponse-left-as-wt5	corpus	decode-read	retain	R	12	434.96	44902	0
U-wire-DualResponse-left-as-wt5	corpus	decode-read	retain	E	13	457.53	45267	1
U-wire-DualResponse-left-as-wt5	corpus	decode-read	retain	R	13	443.28	44902	0
U-wire-DualResponse-left-as-wt5	corpus	decode-read	retain	E2	13	434.18	45784	1
U-wire-DualResponse-left-as-wt5	corpus	decode-read	retain	R	14	423.78	44902	0
U-wire-DualResponse-left-as-wt5	corpus	decode-read	retain	E2	14	434.59	45784	1
U-wire-DualResponse-left-as-wt5	corpus	decode-read	retain	E	14	434.28	45267	1
U-wire-DualResponse-left-as-wt5	corpus	decode-read	retain	E2	15	435.90	45784	1
U-wire-DualResponse-left-as-wt5	corpus	decode-read	retain	E	15	434.45	45267	1
U-wire-DualResponse-left-as-wt5	corpus	decode-read	retain	R	15	428.47	44902	0
U-wire-DualResponse-left-as-wt5	corpus	decode-read	retain	E	16	455.79	45267	1
U-wire-DualResponse-left-as-wt5	corpus	decode-read	retain	R	16	427.05	44902	0
U-wire-DualResponse-left-as-wt5	corpus	decode-read	retain	E2	16	439.26	45784	1
U-wire-DualResponse-left-as-wt5	corpus	decode-read	retain	R	17	426.50	44902	0
U-wire-DualResponse-left-as-wt5	corpus	decode-read	retain	E2	17	430.43	45784	1
U-wire-DualResponse-left-as-wt5	corpus	decode-read	retain	E	17	441.91	45267	1
U-wire-DualResponse-left-as-wt5	corpus	decode-read	retain	E2	18	439.31	45784	1
U-wire-DualResponse-left-as-wt5	corpus	decode-read	retain	E	18	446.12	45267	1
U-wire-DualResponse-left-as-wt5	corpus	decode-read	retain	R	18	432.99	44902	0
U-wire-DualResponse-left-as-wt5	corpus	decode-read	retain	E	19	439.22	45267	1
U-wire-DualResponse-left-as-wt5	corpus	decode-read	retain	R	19	432.95	44902	0
U-wire-DualResponse-left-as-wt5	corpus	decode-read	retain	E2	19	444.39	45784	1
U-wire-DualResponse-left-as-wt5	corpus	decode-read	retain	R	20	436.81	44902	0
U-wire-DualResponse-left-as-wt5	corpus	decode-read	retain	E2	20	449.30	45784	1
U-wire-DualResponse-left-as-wt5	corpus	decode-read	retain	E	20	438.94	45267	1
U-wire-DualResponse-left-as-wt5	corpus	decode-read	retain	E2	21	444.08	45784	1
U-wire-DualResponse-left-as-wt5	corpus	decode-read	retain	E	21	451.49	45267	1
U-wire-DualResponse-left-as-wt5	corpus	decode-read	retain	R	21	446.52	44902	0
U-wire-DualResponse-left-as-wt5	corpus	encode-core-hot	drop	E	1	197.90	100846	0
U-wire-DualResponse-left-as-wt5	corpus	encode-core-hot	drop	R	1	188.62	106607	0
U-wire-DualResponse-left-as-wt5	corpus	encode-core-hot	drop	E2	1	198.96	101027	0
U-wire-DualResponse-left-as-wt5	corpus	encode-core-hot	drop	R	2	190.65	106607	0
U-wire-DualResponse-left-as-wt5	corpus	encode-core-hot	drop	E2	2	196.01	101027	0
U-wire-DualResponse-left-as-wt5	corpus	encode-core-hot	drop	E	2	196.72	100846	0
U-wire-DualResponse-left-as-wt5	corpus	encode-core-hot	drop	E2	3	195.64	101027	0
U-wire-DualResponse-left-as-wt5	corpus	encode-core-hot	drop	E	3	202.04	100846	0
U-wire-DualResponse-left-as-wt5	corpus	encode-core-hot	drop	R	3	190.41	106607	0
U-wire-DualResponse-left-as-wt5	corpus	encode-core-hot	drop	E	4	196.54	100846	0
U-wire-DualResponse-left-as-wt5	corpus	encode-core-hot	drop	R	4	189.88	106607	0
U-wire-DualResponse-left-as-wt5	corpus	encode-core-hot	drop	E2	4	197.39	101027	0
U-wire-DualResponse-left-as-wt5	corpus	encode-core-hot	drop	R	5	188.16	106607	0
U-wire-DualResponse-left-as-wt5	corpus	encode-core-hot	drop	E2	5	196.43	101027	0
U-wire-DualResponse-left-as-wt5	corpus	encode-core-hot	drop	E	5	198.18	100846	0
U-wire-DualResponse-left-as-wt5	corpus	encode-core-hot	drop	E2	6	196.15	101027	0
U-wire-DualResponse-left-as-wt5	corpus	encode-core-hot	drop	E	6	195.94	100846	0
U-wire-DualResponse-left-as-wt5	corpus	encode-core-hot	drop	R	6	189.43	106607	0
U-wire-DualResponse-left-as-wt5	corpus	encode-core-hot	drop	E	7	191.51	100846	0
U-wire-DualResponse-left-as-wt5	corpus	encode-core-hot	drop	R	7	190.40	106607	0
U-wire-DualResponse-left-as-wt5	corpus	encode-core-hot	drop	E2	7	197.47	101027	0
U-wire-DualResponse-left-as-wt5	corpus	encode-core-hot	drop	R	8	189.24	106607	0
U-wire-DualResponse-left-as-wt5	corpus	encode-core-hot	drop	E2	8	204.38	101027	0
U-wire-DualResponse-left-as-wt5	corpus	encode-core-hot	drop	E	8	198.08	100846	0
U-wire-DualResponse-left-as-wt5	corpus	encode-core-hot	drop	E2	9	196.97	101027	0
U-wire-DualResponse-left-as-wt5	corpus	encode-core-hot	drop	E	9	199.95	100846	0
U-wire-DualResponse-left-as-wt5	corpus	encode-core-hot	drop	R	9	190.95	106607	0
U-wire-DualResponse-left-as-wt5	corpus	encode-core-hot	drop	E	10	196.57	100846	0
U-wire-DualResponse-left-as-wt5	corpus	encode-core-hot	drop	R	10	189.85	106607	0
U-wire-DualResponse-left-as-wt5	corpus	encode-core-hot	drop	E2	10	196.14	101027	0
U-wire-DualResponse-left-as-wt5	corpus	encode-core-hot	drop	R	11	189.84	106607	0
U-wire-DualResponse-left-as-wt5	corpus	encode-core-hot	drop	E2	11	195.55	101027	0
U-wire-DualResponse-left-as-wt5	corpus	encode-core-hot	drop	E	11	198.03	100846	0
U-wire-DualResponse-left-as-wt5	corpus	encode-core-hot	drop	E2	12	200.67	101027	0
U-wire-DualResponse-left-as-wt5	corpus	encode-core-hot	drop	E	12	196.30	100846	0
U-wire-DualResponse-left-as-wt5	corpus	encode-core-hot	drop	R	12	190.69	106607	0
U-wire-DualResponse-left-as-wt5	corpus	encode-core-hot	drop	E	13	196.51	100846	0
U-wire-DualResponse-left-as-wt5	corpus	encode-core-hot	drop	R	13	190.03	106607	0
U-wire-DualResponse-left-as-wt5	corpus	encode-core-hot	drop	E2	13	199.74	101027	0
U-wire-DualResponse-left-as-wt5	corpus	encode-core-hot	drop	R	14	189.34	106607	0
U-wire-DualResponse-left-as-wt5	corpus	encode-core-hot	drop	E2	14	196.32	101027	0
U-wire-DualResponse-left-as-wt5	corpus	encode-core-hot	drop	E	14	195.55	100846	0
U-wire-DualResponse-left-as-wt5	corpus	encode-core-hot	drop	E2	15	197.49	101027	0
U-wire-DualResponse-left-as-wt5	corpus	encode-core-hot	drop	E	15	195.91	100846	0
U-wire-DualResponse-left-as-wt5	corpus	encode-core-hot	drop	R	15	189.94	106607	0
U-wire-DualResponse-left-as-wt5	corpus	encode-core-hot	drop	E	16	196.91	100846	0
U-wire-DualResponse-left-as-wt5	corpus	encode-core-hot	drop	R	16	189.04	106607	0
U-wire-DualResponse-left-as-wt5	corpus	encode-core-hot	drop	E2	16	197.34	101027	0
U-wire-DualResponse-left-as-wt5	corpus	encode-core-hot	drop	R	17	188.18	106607	0
U-wire-DualResponse-left-as-wt5	corpus	encode-core-hot	drop	E2	17	198.38	101027	0
U-wire-DualResponse-left-as-wt5	corpus	encode-core-hot	drop	E	17	200.16	100846	0
U-wire-DualResponse-left-as-wt5	corpus	encode-core-hot	drop	E2	18	222.68	101027	0
U-wire-DualResponse-left-as-wt5	corpus	encode-core-hot	drop	E	18	199.29	100846	0
U-wire-DualResponse-left-as-wt5	corpus	encode-core-hot	drop	R	18	189.23	106607	0
U-wire-DualResponse-left-as-wt5	corpus	encode-core-hot	drop	E	19	206.95	100846	0
U-wire-DualResponse-left-as-wt5	corpus	encode-core-hot	drop	R	19	194.11	106607	0
U-wire-DualResponse-left-as-wt5	corpus	encode-core-hot	drop	E2	19	203.00	101027	0
U-wire-DualResponse-left-as-wt5	corpus	encode-core-hot	drop	R	20	192.46	106607	0
U-wire-DualResponse-left-as-wt5	corpus	encode-core-hot	drop	E2	20	195.58	101027	0
U-wire-DualResponse-left-as-wt5	corpus	encode-core-hot	drop	E	20	196.54	100846	0
U-wire-DualResponse-left-as-wt5	corpus	encode-core-hot	drop	E2	21	197.23	101027	0
U-wire-DualResponse-left-as-wt5	corpus	encode-core-hot	drop	E	21	196.39	100846	0
U-wire-DualResponse-left-as-wt5	corpus	encode-core-hot	drop	R	21	190.58	106607	0
U-wire-DualResponse-left-as-wt5	corpus	encode-core-hot	retain	E	1	218.16	91703	0
U-wire-DualResponse-left-as-wt5	corpus	encode-core-hot	retain	R	1	213.62	92485	0
U-wire-DualResponse-left-as-wt5	corpus	encode-core-hot	retain	E2	1	220.17	90655	0
U-wire-DualResponse-left-as-wt5	corpus	encode-core-hot	retain	R	2	213.14	92485	0
U-wire-DualResponse-left-as-wt5	corpus	encode-core-hot	retain	E2	2	221.22	90655	0
U-wire-DualResponse-left-as-wt5	corpus	encode-core-hot	retain	E	2	218.35	91703	0
U-wire-DualResponse-left-as-wt5	corpus	encode-core-hot	retain	E2	3	222.80	90655	0
U-wire-DualResponse-left-as-wt5	corpus	encode-core-hot	retain	E	3	218.83	91703	0
U-wire-DualResponse-left-as-wt5	corpus	encode-core-hot	retain	R	3	213.67	92485	0
U-wire-DualResponse-left-as-wt5	corpus	encode-core-hot	retain	E	4	219.59	91703	0
U-wire-DualResponse-left-as-wt5	corpus	encode-core-hot	retain	R	4	216.00	92485	0
U-wire-DualResponse-left-as-wt5	corpus	encode-core-hot	retain	E2	4	221.11	90655	0
U-wire-DualResponse-left-as-wt5	corpus	encode-core-hot	retain	R	5	211.70	92485	0
U-wire-DualResponse-left-as-wt5	corpus	encode-core-hot	retain	E2	5	219.03	90655	0
U-wire-DualResponse-left-as-wt5	corpus	encode-core-hot	retain	E	5	225.63	91703	0
U-wire-DualResponse-left-as-wt5	corpus	encode-core-hot	retain	E2	6	221.87	90655	0
U-wire-DualResponse-left-as-wt5	corpus	encode-core-hot	retain	E	6	218.86	91703	0
U-wire-DualResponse-left-as-wt5	corpus	encode-core-hot	retain	R	6	215.74	92485	0
U-wire-DualResponse-left-as-wt5	corpus	encode-core-hot	retain	E	7	218.88	91703	0
U-wire-DualResponse-left-as-wt5	corpus	encode-core-hot	retain	R	7	214.40	92485	0
U-wire-DualResponse-left-as-wt5	corpus	encode-core-hot	retain	E2	7	221.34	90655	0
U-wire-DualResponse-left-as-wt5	corpus	encode-core-hot	retain	R	8	213.91	92485	0
U-wire-DualResponse-left-as-wt5	corpus	encode-core-hot	retain	E2	8	218.00	90655	0
U-wire-DualResponse-left-as-wt5	corpus	encode-core-hot	retain	E	8	218.60	91703	0
U-wire-DualResponse-left-as-wt5	corpus	encode-core-hot	retain	E2	9	219.36	90655	0
U-wire-DualResponse-left-as-wt5	corpus	encode-core-hot	retain	E	9	217.39	91703	0
U-wire-DualResponse-left-as-wt5	corpus	encode-core-hot	retain	R	9	209.74	92485	0
U-wire-DualResponse-left-as-wt5	corpus	encode-core-hot	retain	E	10	219.79	91703	0
U-wire-DualResponse-left-as-wt5	corpus	encode-core-hot	retain	R	10	211.65	92485	0
U-wire-DualResponse-left-as-wt5	corpus	encode-core-hot	retain	E2	10	218.37	90655	0
U-wire-DualResponse-left-as-wt5	corpus	encode-core-hot	retain	R	11	214.31	92485	0
U-wire-DualResponse-left-as-wt5	corpus	encode-core-hot	retain	E2	11	217.89	90655	0
U-wire-DualResponse-left-as-wt5	corpus	encode-core-hot	retain	E	11	218.05	91703	0
U-wire-DualResponse-left-as-wt5	corpus	encode-core-hot	retain	E2	12	219.22	90655	0
U-wire-DualResponse-left-as-wt5	corpus	encode-core-hot	retain	E	12	217.31	91703	0
U-wire-DualResponse-left-as-wt5	corpus	encode-core-hot	retain	R	12	212.11	92485	0
U-wire-DualResponse-left-as-wt5	corpus	encode-core-hot	retain	E	13	215.77	91703	0
U-wire-DualResponse-left-as-wt5	corpus	encode-core-hot	retain	R	13	212.33	92485	0
U-wire-DualResponse-left-as-wt5	corpus	encode-core-hot	retain	E2	13	217.59	90655	0
U-wire-DualResponse-left-as-wt5	corpus	encode-core-hot	retain	R	14	214.30	92485	0
U-wire-DualResponse-left-as-wt5	corpus	encode-core-hot	retain	E2	14	219.11	90655	0
U-wire-DualResponse-left-as-wt5	corpus	encode-core-hot	retain	E	14	218.71	91703	0
U-wire-DualResponse-left-as-wt5	corpus	encode-core-hot	retain	E2	15	222.73	90655	0
U-wire-DualResponse-left-as-wt5	corpus	encode-core-hot	retain	E	15	219.60	91703	0
U-wire-DualResponse-left-as-wt5	corpus	encode-core-hot	retain	R	15	217.68	92485	0
U-wire-DualResponse-left-as-wt5	corpus	encode-core-hot	retain	E	16	217.41	91703	0
U-wire-DualResponse-left-as-wt5	corpus	encode-core-hot	retain	R	16	213.44	92485	0
U-wire-DualResponse-left-as-wt5	corpus	encode-core-hot	retain	E2	16	216.75	90655	0
U-wire-DualResponse-left-as-wt5	corpus	encode-core-hot	retain	R	17	212.15	92485	0
U-wire-DualResponse-left-as-wt5	corpus	encode-core-hot	retain	E2	17	218.32	90655	0
U-wire-DualResponse-left-as-wt5	corpus	encode-core-hot	retain	E	17	216.46	91703	0
U-wire-DualResponse-left-as-wt5	corpus	encode-core-hot	retain	E2	18	218.46	90655	0
U-wire-DualResponse-left-as-wt5	corpus	encode-core-hot	retain	E	18	218.34	91703	0
U-wire-DualResponse-left-as-wt5	corpus	encode-core-hot	retain	R	18	213.08	92485	0
U-wire-DualResponse-left-as-wt5	corpus	encode-core-hot	retain	E	19	217.86	91703	0
U-wire-DualResponse-left-as-wt5	corpus	encode-core-hot	retain	R	19	212.59	92485	0
U-wire-DualResponse-left-as-wt5	corpus	encode-core-hot	retain	E2	19	217.39	90655	0
U-wire-DualResponse-left-as-wt5	corpus	encode-core-hot	retain	R	20	215.00	92485	0
U-wire-DualResponse-left-as-wt5	corpus	encode-core-hot	retain	E2	20	210.41	90655	0
U-wire-DualResponse-left-as-wt5	corpus	encode-core-hot	retain	E	20	216.39	91703	0
U-wire-DualResponse-left-as-wt5	corpus	encode-core-hot	retain	E2	21	217.41	90655	0
U-wire-DualResponse-left-as-wt5	corpus	encode-core-hot	retain	E	21	217.85	91703	0
U-wire-DualResponse-left-as-wt5	corpus	encode-core-hot	retain	R	21	211.46	92485	0
