payload	content	dir	mode	path	round	cpu_ns_per_op	ops	resets_per_call
P1.1	ascii	encode-core-hot	drop	E	1	1121.04	24125	0
P1.1	ascii	encode-core-hot	drop	R	1	723.01	18721	0
P1.1	ascii	encode-core-hot	drop	E2	1	712.65	26692	0
P1.1	ascii	encode-core-hot	drop	R	2	728.20	18721	0
P1.1	ascii	encode-core-hot	drop	E2	2	723.33	26692	0
P1.1	ascii	encode-core-hot	drop	E	2	712.07	24125	0
P1.1	ascii	encode-core-hot	drop	E2	3	732.43	26692	0
P1.1	ascii	encode-core-hot	drop	E	3	709.34	24125	0
P1.1	ascii	encode-core-hot	drop	R	3	717.88	18721	0
P1.1	ascii	encode-core-hot	drop	E	4	719.19	24125	0
P1.1	ascii	encode-core-hot	drop	R	4	714.36	18721	0
P1.1	ascii	encode-core-hot	drop	E2	4	717.36	26692	0
P1.1	ascii	encode-core-hot	drop	R	5	724.64	18721	0
P1.1	ascii	encode-core-hot	drop	E2	5	772.64	26692	0
P1.1	ascii	encode-core-hot	drop	E	5	774.01	24125	0
P1.1	ascii	encode-core-hot	drop	E2	6	837.97	26692	0
P1.1	ascii	encode-core-hot	drop	E	6	699.35	24125	0
P1.1	ascii	encode-core-hot	drop	R	6	749.38	18721	0
P1.1	ascii	encode-core-hot	drop	E	7	775.97	24125	0
P1.1	ascii	encode-core-hot	drop	R	7	793.02	18721	0
P1.1	ascii	encode-core-hot	drop	E2	7	792.17	26692	0
P1.1	ascii	encode-core-hot	drop	R	8	899.01	18721	0
P1.1	ascii	encode-core-hot	drop	E2	8	708.61	26692	0
P1.1	ascii	encode-core-hot	drop	E	8	694.63	24125	0
P1.1	ascii	encode-core-hot	drop	E2	9	774.31	26692	0
P1.1	ascii	encode-core-hot	drop	E	9	698.07	24125	0
P1.1	ascii	encode-core-hot	drop	R	9	713.10	18721	0
P1.1	ascii	encode-core-hot	drop	E	10	706.08	24125	0
P1.1	ascii	encode-core-hot	drop	R	10	710.88	18721	0
P1.1	ascii	encode-core-hot	drop	E2	10	738.48	26692	0
P1.1	ascii	encode-core-hot	drop	R	11	929.64	18721	0
P1.1	ascii	encode-core-hot	drop	E2	11	710.83	26692	0
P1.1	ascii	encode-core-hot	drop	E	11	698.14	24125	0
P1.1	ascii	encode-core-hot	drop	E2	12	698.25	26692	0
P1.1	ascii	encode-core-hot	drop	E	12	691.78	24125	0
P1.1	ascii	encode-core-hot	drop	R	12	695.41	18721	0
P1.1	ascii	encode-core-hot	drop	E	13	706.60	24125	0
P1.1	ascii	encode-core-hot	drop	R	13	699.81	18721	0
P1.1	ascii	encode-core-hot	drop	E2	13	690.85	26692	0
P1.1	ascii	encode-core-hot	drop	R	14	1144.92	18721	0
P1.1	ascii	encode-core-hot	drop	E2	14	1270.58	26692	0
P1.1	ascii	encode-core-hot	drop	E	14	697.60	24125	0
P1.1	ascii	encode-core-hot	drop	E2	15	701.29	26692	0
P1.1	ascii	encode-core-hot	drop	E	15	705.84	24125	0
P1.1	ascii	encode-core-hot	drop	R	15	710.76	18721	0
P1.1	ascii	encode-core-hot	drop	E	16	697.52	24125	0
P1.1	ascii	encode-core-hot	drop	R	16	703.62	18721	0
P1.1	ascii	encode-core-hot	drop	E2	16	697.74	26692	0
P1.1	ascii	encode-core-hot	drop	R	17	702.99	18721	0
P1.1	ascii	encode-core-hot	drop	E2	17	692.51	26692	0
P1.1	ascii	encode-core-hot	drop	E	17	703.68	24125	0
P1.1	ascii	encode-core-hot	drop	E2	18	709.72	26692	0
P1.1	ascii	encode-core-hot	drop	E	18	704.40	24125	0
P1.1	ascii	encode-core-hot	drop	R	18	707.67	18721	0
P1.1	ascii	encode-core-hot	drop	E	19	694.45	24125	0
P1.1	ascii	encode-core-hot	drop	R	19	703.57	18721	0
P1.1	ascii	encode-core-hot	drop	E2	19	682.82	26692	0
P1.1	ascii	encode-core-hot	drop	R	20	700.75	18721	0
P1.1	ascii	encode-core-hot	drop	E2	20	700.15	26692	0
P1.1	ascii	encode-core-hot	drop	E	20	697.26	24125	0
P1.1	ascii	encode-core-hot	drop	E2	21	748.65	26692	0
P1.1	ascii	encode-core-hot	drop	E	21	696.45	24125	0
P1.1	ascii	encode-core-hot	drop	R	21	719.63	18721	0
P1.1	ascii	encode-core-hot	retain	E	1	1011.65	19281	0
P1.1	ascii	encode-core-hot	retain	R	1	1070.96	19303	0
P1.1	ascii	encode-core-hot	retain	E2	1	1094.96	19038	0
P1.1	ascii	encode-core-hot	retain	R	2	1065.82	19303	0
P1.1	ascii	encode-core-hot	retain	E2	2	1030.41	19038	0
P1.1	ascii	encode-core-hot	retain	E	2	1029.82	19281	0
P1.1	ascii	encode-core-hot	retain	E2	3	1421.04	19038	0
P1.1	ascii	encode-core-hot	retain	E	3	1435.91	19281	0
P1.1	ascii	encode-core-hot	retain	R	3	1070.08	19303	0
P1.1	ascii	encode-core-hot	retain	E	4	1039.16	19281	0
P1.1	ascii	encode-core-hot	retain	R	4	1038.59	19303	0
P1.1	ascii	encode-core-hot	retain	E2	4	1046.92	19038	0
P1.1	ascii	encode-core-hot	retain	R	5	1047.30	19303	0
P1.1	ascii	encode-core-hot	retain	E2	5	1032.74	19038	0
P1.1	ascii	encode-core-hot	retain	E	5	1031.68	19281	0
P1.1	ascii	encode-core-hot	retain	E2	6	1071.49	19038	0
P1.1	ascii	encode-core-hot	retain	E	6	1051.26	19281	0
P1.1	ascii	encode-core-hot	retain	R	6	1041.82	19303	0
P1.1	ascii	encode-core-hot	retain	E	7	1050.00	19281	0
P1.1	ascii	encode-core-hot	retain	R	7	1061.60	19303	0
P1.1	ascii	encode-core-hot	retain	E2	7	1029.15	19038	0
P1.1	ascii	encode-core-hot	retain	R	8	1067.54	19303	0
P1.1	ascii	encode-core-hot	retain	E2	8	1041.50	19038	0
P1.1	ascii	encode-core-hot	retain	E	8	1049.26	19281	0
P1.1	ascii	encode-core-hot	retain	E2	9	1038.31	19038	0
P1.1	ascii	encode-core-hot	retain	E	9	1049.04	19281	0
P1.1	ascii	encode-core-hot	retain	R	9	1033.15	19303	0
P1.1	ascii	encode-core-hot	retain	E	10	1041.62	19281	0
P1.1	ascii	encode-core-hot	retain	R	10	1031.50	19303	0
P1.1	ascii	encode-core-hot	retain	E2	10	1079.98	19038	0
P1.1	ascii	encode-core-hot	retain	R	11	1043.70	19303	0
P1.1	ascii	encode-core-hot	retain	E2	11	1047.82	19038	0
P1.1	ascii	encode-core-hot	retain	E	11	1033.24	19281	0
P1.1	ascii	encode-core-hot	retain	E2	12	1046.03	19038	0
P1.1	ascii	encode-core-hot	retain	E	12	1026.95	19281	0
P1.1	ascii	encode-core-hot	retain	R	12	1036.80	19303	0
P1.1	ascii	encode-core-hot	retain	E	13	1035.54	19281	0
P1.1	ascii	encode-core-hot	retain	R	13	1059.36	19303	0
P1.1	ascii	encode-core-hot	retain	E2	13	1044.21	19038	0
P1.1	ascii	encode-core-hot	retain	R	14	1052.57	19303	0
P1.1	ascii	encode-core-hot	retain	E2	14	1045.93	19038	0
P1.1	ascii	encode-core-hot	retain	E	14	1078.50	19281	0
P1.1	ascii	encode-core-hot	retain	E2	15	1047.26	19038	0
P1.1	ascii	encode-core-hot	retain	E	15	1022.44	19281	0
P1.1	ascii	encode-core-hot	retain	R	15	1036.61	19303	0
P1.1	ascii	encode-core-hot	retain	E	16	1024.85	19281	0
P1.1	ascii	encode-core-hot	retain	R	16	1037.60	19303	0
P1.1	ascii	encode-core-hot	retain	E2	16	1030.68	19038	0
P1.1	ascii	encode-core-hot	retain	R	17	1018.23	19303	0
P1.1	ascii	encode-core-hot	retain	E2	17	1062.13	19038	0
P1.1	ascii	encode-core-hot	retain	E	17	1046.30	19281	0
P1.1	ascii	encode-core-hot	retain	E2	18	1038.98	19038	0
P1.1	ascii	encode-core-hot	retain	E	18	1025.45	19281	0
P1.1	ascii	encode-core-hot	retain	R	18	1049.16	19303	0
P1.1	ascii	encode-core-hot	retain	E	19	1031.55	19281	0
P1.1	ascii	encode-core-hot	retain	R	19	1036.32	19303	0
P1.1	ascii	encode-core-hot	retain	E2	19	1015.35	19038	0
P1.1	ascii	encode-core-hot	retain	R	20	1047.39	19303	0
P1.1	ascii	encode-core-hot	retain	E2	20	1071.62	19038	0
P1.1	ascii	encode-core-hot	retain	E	20	1074.75	19281	0
P1.1	ascii	encode-core-hot	retain	E2	21	1074.54	19038	0
P1.1	ascii	encode-core-hot	retain	E	21	1044.37	19281	0
P1.1	ascii	encode-core-hot	retain	R	21	1053.69	19303	0
P1.1	ascii	decode-read	drop	E	1	1417.39	13595	1
P1.1	ascii	decode-read	drop	R	1	1391.67	14337	0
P1.1	ascii	decode-read	drop	E2	1	1374.63	14376	1
P1.1	ascii	decode-read	drop	R	2	1356.80	14337	0
P1.1	ascii	decode-read	drop	E2	2	1386.32	14376	1
P1.1	ascii	decode-read	drop	E	2	1366.84	13595	1
P1.1	ascii	decode-read	drop	E2	3	1348.70	14376	1
P1.1	ascii	decode-read	drop	E	3	1342.18	13595	1
P1.1	ascii	decode-read	drop	R	3	1351.81	14337	0
P1.1	ascii	decode-read	drop	E	4	1383.50	13595	1
P1.1	ascii	decode-read	drop	R	4	1352.32	14337	0
P1.1	ascii	decode-read	drop	E2	4	1366.04	14376	1
P1.1	ascii	decode-read	drop	R	5	1383.08	14337	0
P1.1	ascii	decode-read	drop	E2	5	1361.35	14376	1
P1.1	ascii	decode-read	drop	E	5	1372.15	13595	1
P1.1	ascii	decode-read	drop	E2	6	1372.11	14376	1
P1.1	ascii	decode-read	drop	E	6	1368.11	13595	1
P1.1	ascii	decode-read	drop	R	6	1374.47	14337	0
P1.1	ascii	decode-read	drop	E	7	1465.59	13595	1
P1.1	ascii	decode-read	drop	R	7	1394.57	14337	0
P1.1	ascii	decode-read	drop	E2	7	1425.83	14376	1
P1.1	ascii	decode-read	drop	R	8	1367.84	14337	0
P1.1	ascii	decode-read	drop	E2	8	1423.39	14376	1
P1.1	ascii	decode-read	drop	E	8	1348.07	13595	1
P1.1	ascii	decode-read	drop	E2	9	1382.51	14376	1
P1.1	ascii	decode-read	drop	E	9	1390.50	13595	1
P1.1	ascii	decode-read	drop	R	9	1339.97	14337	0
P1.1	ascii	decode-read	drop	E	10	1369.37	13595	1
P1.1	ascii	decode-read	drop	R	10	1356.26	14337	0
P1.1	ascii	decode-read	drop	E2	10	1410.24	14376	1
P1.1	ascii	decode-read	drop	R	11	1403.15	14337	0
P1.1	ascii	decode-read	drop	E2	11	1455.26	14376	1
P1.1	ascii	decode-read	drop	E	11	1390.51	13595	1
P1.1	ascii	decode-read	drop	E2	12	1375.85	14376	1
P1.1	ascii	decode-read	drop	E	12	1428.12	13595	1
P1.1	ascii	decode-read	drop	R	12	1446.94	14337	0
P1.1	ascii	decode-read	drop	E	13	1423.58	13595	1
P1.1	ascii	decode-read	drop	R	13	1412.20	14337	0
P1.1	ascii	decode-read	drop	E2	13	1381.48	14376	1
P1.1	ascii	decode-read	drop	R	14	1371.02	14337	0
P1.1	ascii	decode-read	drop	E2	14	1386.54	14376	1
P1.1	ascii	decode-read	drop	E	14	1358.78	13595	1
P1.1	ascii	decode-read	drop	E2	15	1342.79	14376	1
P1.1	ascii	decode-read	drop	E	15	1366.58	13595	1
P1.1	ascii	decode-read	drop	R	15	1338.87	14337	0
P1.1	ascii	decode-read	drop	E	16	1364.39	13595	1
P1.1	ascii	decode-read	drop	R	16	1356.79	14337	0
P1.1	ascii	decode-read	drop	E2	16	1358.81	14376	1
P1.1	ascii	decode-read	drop	R	17	1366.56	14337	0
P1.1	ascii	decode-read	drop	E2	17	1341.77	14376	1
P1.1	ascii	decode-read	drop	E	17	1381.75	13595	1
P1.1	ascii	decode-read	drop	E2	18	1341.47	14376	1
P1.1	ascii	decode-read	drop	E	18	1375.42	13595	1
P1.1	ascii	decode-read	drop	R	18	1408.37	14337	0
P1.1	ascii	decode-read	drop	E	19	1412.52	13595	1
P1.1	ascii	decode-read	drop	R	19	1356.78	14337	0
P1.1	ascii	decode-read	drop	E2	19	1346.87	14376	1
P1.1	ascii	decode-read	drop	R	20	1391.82	14337	0
P1.1	ascii	decode-read	drop	E2	20	1365.46	14376	1
P1.1	ascii	decode-read	drop	E	20	1357.63	13595	1
P1.1	ascii	decode-read	drop	E2	21	1353.25	14376	1
P1.1	ascii	decode-read	drop	E	21	1415.79	13595	1
P1.1	ascii	decode-read	drop	R	21	1367.97	14337	0
P1.1	ascii	decode-read	retain	E	1	1379.18	14674	1
P1.1	ascii	decode-read	retain	R	1	1344.12	14574	0
P1.1	ascii	decode-read	retain	E2	1	1365.07	14829	1
P1.1	ascii	decode-read	retain	R	2	1392.80	14574	0
P1.1	ascii	decode-read	retain	E2	2	1397.32	14829	1
P1.1	ascii	decode-read	retain	E	2	1357.44	14674	1
P1.1	ascii	decode-read	retain	E2	3	1354.39	14829	1
P1.1	ascii	decode-read	retain	E	3	1367.11	14674	1
P1.1	ascii	decode-read	retain	R	3	1365.34	14574	0
P1.1	ascii	decode-read	retain	E	4	1364.29	14674	1
P1.1	ascii	decode-read	retain	R	4	1372.73	14574	0
P1.1	ascii	decode-read	retain	E2	4	1378.96	14829	1
P1.1	ascii	decode-read	retain	R	5	1359.75	14574	0
P1.1	ascii	decode-read	retain	E2	5	1365.50	14829	1
P1.1	ascii	decode-read	retain	E	5	1378.78	14674	1
P1.1	ascii	decode-read	retain	E2	6	1374.25	14829	1
P1.1	ascii	decode-read	retain	E	6	1379.29	14674	1
P1.1	ascii	decode-read	retain	R	6	1435.67	14574	0
P1.1	ascii	decode-read	retain	E	7	1372.83	14674	1
P1.1	ascii	decode-read	retain	R	7	1405.99	14574	0
P1.1	ascii	decode-read	retain	E2	7	1388.50	14829	1
P1.1	ascii	decode-read	retain	R	8	1406.96	14574	0
P1.1	ascii	decode-read	retain	E2	8	1384.31	14829	1
P1.1	ascii	decode-read	retain	E	8	1398.55	14674	1
P1.1	ascii	decode-read	retain	E2	9	1449.27	14829	1
P1.1	ascii	decode-read	retain	E	9	1395.11	14674	1
P1.1	ascii	decode-read	retain	R	9	1392.09	14574	0
P1.1	ascii	decode-read	retain	E	10	1415.77	14674	1
P1.1	ascii	decode-read	retain	R	10	1382.10	14574	0
P1.1	ascii	decode-read	retain	E2	10	1401.74	14829	1
P1.1	ascii	decode-read	retain	R	11	1463.39	14574	0
P1.1	ascii	decode-read	retain	E2	11	1399.20	14829	1
P1.1	ascii	decode-read	retain	E	11	1407.09	14674	1
P1.1	ascii	decode-read	retain	E2	12	1355.70	14829	1
P1.1	ascii	decode-read	retain	E	12	1421.36	14674	1
P1.1	ascii	decode-read	retain	R	12	1409.80	14574	0
P1.1	ascii	decode-read	retain	E	13	1459.80	14674	1
P1.1	ascii	decode-read	retain	R	13	1504.08	14574	0
P1.1	ascii	decode-read	retain	E2	13	1462.60	14829	1
P1.1	ascii	decode-read	retain	R	14	1435.33	14574	0
P1.1	ascii	decode-read	retain	E2	14	1410.08	14829	1
P1.1	ascii	decode-read	retain	E	14	1378.34	14674	1
P1.1	ascii	decode-read	retain	E2	15	1345.31	14829	1
P1.1	ascii	decode-read	retain	E	15	1353.18	14674	1
P1.1	ascii	decode-read	retain	R	15	1355.76	14574	0
P1.1	ascii	decode-read	retain	E	16	1381.40	14674	1
P1.1	ascii	decode-read	retain	R	16	1369.23	14574	0
P1.1	ascii	decode-read	retain	E2	16	1349.63	14829	1
P1.1	ascii	decode-read	retain	R	17	1369.40	14574	0
P1.1	ascii	decode-read	retain	E2	17	1350.84	14829	1
P1.1	ascii	decode-read	retain	E	17	1388.35	14674	1
P1.1	ascii	decode-read	retain	E2	18	1380.14	14829	1
P1.1	ascii	decode-read	retain	E	18	1349.36	14674	1
P1.1	ascii	decode-read	retain	R	18	1374.54	14574	0
P1.1	ascii	decode-read	retain	E	19	1361.51	14674	1
P1.1	ascii	decode-read	retain	R	19	1400.79	14574	0
P1.1	ascii	decode-read	retain	E2	19	1369.90	14829	1
P1.1	ascii	decode-read	retain	R	20	1375.74	14574	0
P1.1	ascii	decode-read	retain	E2	20	1410.62	14829	1
P1.1	ascii	decode-read	retain	E	20	1395.24	14674	1
P1.1	ascii	decode-read	retain	E2	21	1437.37	14829	1
P1.1	ascii	decode-read	retain	E	21	1392.76	14674	1
P1.1	ascii	decode-read	retain	R	21	1365.96	14574	0
P5.1	ascii	encode-core-hot	drop	E	1	101.03	203946	0
P5.1	ascii	encode-core-hot	drop	R	1	97.15	204855	0
P5.1	ascii	encode-core-hot	drop	E2	1	99.16	201265	0
P5.1	ascii	encode-core-hot	drop	R	2	95.39	204855	0
P5.1	ascii	encode-core-hot	drop	E2	2	99.01	201265	0
P5.1	ascii	encode-core-hot	drop	E	2	98.78	203946	0
P5.1	ascii	encode-core-hot	drop	E2	3	100.05	201265	0
P5.1	ascii	encode-core-hot	drop	E	3	105.97	203946	0
P5.1	ascii	encode-core-hot	drop	R	3	108.77	204855	0
P5.1	ascii	encode-core-hot	drop	E	4	107.17	203946	0
P5.1	ascii	encode-core-hot	drop	R	4	96.77	204855	0
P5.1	ascii	encode-core-hot	drop	E2	4	99.33	201265	0
P5.1	ascii	encode-core-hot	drop	R	5	96.06	204855	0
P5.1	ascii	encode-core-hot	drop	E2	5	98.07	201265	0
P5.1	ascii	encode-core-hot	drop	E	5	102.39	203946	0
P5.1	ascii	encode-core-hot	drop	E2	6	103.46	201265	0
P5.1	ascii	encode-core-hot	drop	E	6	100.03	203946	0
P5.1	ascii	encode-core-hot	drop	R	6	97.28	204855	0
P5.1	ascii	encode-core-hot	drop	E	7	126.22	203946	0
P5.1	ascii	encode-core-hot	drop	R	7	97.64	204855	0
P5.1	ascii	encode-core-hot	drop	E2	7	99.14	201265	0
P5.1	ascii	encode-core-hot	drop	R	8	95.75	204855	0
P5.1	ascii	encode-core-hot	drop	E2	8	99.42	201265	0
P5.1	ascii	encode-core-hot	drop	E	8	101.52	203946	0
P5.1	ascii	encode-core-hot	drop	E2	9	99.07	201265	0
P5.1	ascii	encode-core-hot	drop	E	9	99.66	203946	0
P5.1	ascii	encode-core-hot	drop	R	9	95.58	204855	0
P5.1	ascii	encode-core-hot	drop	E	10	98.03	203946	0
P5.1	ascii	encode-core-hot	drop	R	10	95.68	204855	0
P5.1	ascii	encode-core-hot	drop	E2	10	98.34	201265	0
P5.1	ascii	encode-core-hot	drop	R	11	98.34	204855	0
P5.1	ascii	encode-core-hot	drop	E2	11	99.82	201265	0
P5.1	ascii	encode-core-hot	drop	E	11	98.38	203946	0
P5.1	ascii	encode-core-hot	drop	E2	12	98.94	201265	0
P5.1	ascii	encode-core-hot	drop	E	12	98.07	203946	0
P5.1	ascii	encode-core-hot	drop	R	12	95.09	204855	0
P5.1	ascii	encode-core-hot	drop	E	13	98.18	203946	0
P5.1	ascii	encode-core-hot	drop	R	13	95.29	204855	0
P5.1	ascii	encode-core-hot	drop	E2	13	98.64	201265	0
P5.1	ascii	encode-core-hot	drop	R	14	96.43	204855	0
P5.1	ascii	encode-core-hot	drop	E2	14	98.47	201265	0
P5.1	ascii	encode-core-hot	drop	E	14	98.65	203946	0
P5.1	ascii	encode-core-hot	drop	E2	15	97.75	201265	0
P5.1	ascii	encode-core-hot	drop	E	15	99.48	203946	0
P5.1	ascii	encode-core-hot	drop	R	15	96.16	204855	0
P5.1	ascii	encode-core-hot	drop	E	16	98.16	203946	0
P5.1	ascii	encode-core-hot	drop	R	16	96.27	204855	0
P5.1	ascii	encode-core-hot	drop	E2	16	98.72	201265	0
P5.1	ascii	encode-core-hot	drop	R	17	95.39	204855	0
P5.1	ascii	encode-core-hot	drop	E2	17	98.35	201265	0
P5.1	ascii	encode-core-hot	drop	E	17	99.31	203946	0
P5.1	ascii	encode-core-hot	drop	E2	18	98.23	201265	0
P5.1	ascii	encode-core-hot	drop	E	18	98.07	203946	0
P5.1	ascii	encode-core-hot	drop	R	18	95.21	204855	0
P5.1	ascii	encode-core-hot	drop	E	19	98.09	203946	0
P5.1	ascii	encode-core-hot	drop	R	19	95.71	204855	0
P5.1	ascii	encode-core-hot	drop	E2	19	98.26	201265	0
P5.1	ascii	encode-core-hot	drop	R	20	95.27	204855	0
P5.1	ascii	encode-core-hot	drop	E2	20	97.16	201265	0
P5.1	ascii	encode-core-hot	drop	E	20	98.99	203946	0
P5.1	ascii	encode-core-hot	drop	E2	21	98.23	201265	0
P5.1	ascii	encode-core-hot	drop	E	21	97.61	203946	0
P5.1	ascii	encode-core-hot	drop	R	21	95.07	204855	0
P5.1	ascii	encode-core-hot	retain	E	1	101.97	196748	0
P5.1	ascii	encode-core-hot	retain	R	1	97.63	205595	0
P5.1	ascii	encode-core-hot	retain	E2	1	102.09	196599	0
P5.1	ascii	encode-core-hot	retain	R	2	98.59	205595	0
P5.1	ascii	encode-core-hot	retain	E2	2	101.91	196599	0
P5.1	ascii	encode-core-hot	retain	E	2	102.01	196748	0
P5.1	ascii	encode-core-hot	retain	E2	3	102.09	196599	0
P5.1	ascii	encode-core-hot	retain	E	3	102.36	196748	0
P5.1	ascii	encode-core-hot	retain	R	3	97.87	205595	0
P5.1	ascii	encode-core-hot	retain	E	4	102.48	196748	0
P5.1	ascii	encode-core-hot	retain	R	4	99.62	205595	0
P5.1	ascii	encode-core-hot	retain	E2	4	102.49	196599	0
P5.1	ascii	encode-core-hot	retain	R	5	97.86	205595	0
P5.1	ascii	encode-core-hot	retain	E2	5	101.36	196599	0
P5.1	ascii	encode-core-hot	retain	E	5	101.71	196748	0
P5.1	ascii	encode-core-hot	retain	E2	6	101.57	196599	0
P5.1	ascii	encode-core-hot	retain	E	6	101.61	196748	0
P5.1	ascii	encode-core-hot	retain	R	6	98.08	205595	0
P5.1	ascii	encode-core-hot	retain	E	7	101.74	196748	0
P5.1	ascii	encode-core-hot	retain	R	7	98.64	205595	0
P5.1	ascii	encode-core-hot	retain	E2	7	102.00	196599	0
P5.1	ascii	encode-core-hot	retain	R	8	97.55	205595	0
P5.1	ascii	encode-core-hot	retain	E2	8	102.71	196599	0
P5.1	ascii	encode-core-hot	retain	E	8	102.22	196748	0
P5.1	ascii	encode-core-hot	retain	E2	9	101.93	196599	0
P5.1	ascii	encode-core-hot	retain	E	9	102.77	196748	0
P5.1	ascii	encode-core-hot	retain	R	9	97.52	205595	0
P5.1	ascii	encode-core-hot	retain	E	10	101.76	196748	0
P5.1	ascii	encode-core-hot	retain	R	10	97.92	205595	0
P5.1	ascii	encode-core-hot	retain	E2	10	102.06	196599	0
P5.1	ascii	encode-core-hot	retain	R	11	97.41	205595	0
P5.1	ascii	encode-core-hot	retain	E2	11	101.99	196599	0
P5.1	ascii	encode-core-hot	retain	E	11	101.91	196748	0
P5.1	ascii	encode-core-hot	retain	E2	12	101.94	196599	0
P5.1	ascii	encode-core-hot	retain	E	12	103.69	196748	0
P5.1	ascii	encode-core-hot	retain	R	12	100.01	205595	0
P5.1	ascii	encode-core-hot	retain	E	13	102.84	196748	0
P5.1	ascii	encode-core-hot	retain	R	13	97.86	205595	0
P5.1	ascii	encode-core-hot	retain	E2	13	101.56	196599	0
P5.1	ascii	encode-core-hot	retain	R	14	97.60	205595	0
P5.1	ascii	encode-core-hot	retain	E2	14	101.74	196599	0
P5.1	ascii	encode-core-hot	retain	E	14	102.50	196748	0
P5.1	ascii	encode-core-hot	retain	E2	15	101.93	196599	0
P5.1	ascii	encode-core-hot	retain	E	15	101.67	196748	0
P5.1	ascii	encode-core-hot	retain	R	15	97.90	205595	0
P5.1	ascii	encode-core-hot	retain	E	16	101.91	196748	0
P5.1	ascii	encode-core-hot	retain	R	16	98.31	205595	0
P5.1	ascii	encode-core-hot	retain	E2	16	102.14	196599	0
P5.1	ascii	encode-core-hot	retain	R	17	98.17	205595	0
P5.1	ascii	encode-core-hot	retain	E2	17	102.44	196599	0
P5.1	ascii	encode-core-hot	retain	E	17	101.82	196748	0
P5.1	ascii	encode-core-hot	retain	E2	18	101.96	196599	0
P5.1	ascii	encode-core-hot	retain	E	18	102.36	196748	0
P5.1	ascii	encode-core-hot	retain	R	18	97.95	205595	0
P5.1	ascii	encode-core-hot	retain	E	19	101.98	196748	0
P5.1	ascii	encode-core-hot	retain	R	19	97.90	205595	0
P5.1	ascii	encode-core-hot	retain	E2	19	102.08	196599	0
P5.1	ascii	encode-core-hot	retain	R	20	97.63	205595	0
P5.1	ascii	encode-core-hot	retain	E2	20	101.77	196599	0
P5.1	ascii	encode-core-hot	retain	E	20	102.12	196748	0
P5.1	ascii	encode-core-hot	retain	E2	21	102.90	196599	0
P5.1	ascii	encode-core-hot	retain	E	21	102.29	196748	0
P5.1	ascii	encode-core-hot	retain	R	21	98.87	205595	0
P5.1	ascii	decode-read	drop	E	1	165.19	115572	1
P5.1	ascii	decode-read	drop	R	1	166.02	123024	0
P5.1	ascii	decode-read	drop	E2	1	168.18	121658	1
P5.1	ascii	decode-read	drop	R	2	165.72	123024	0
P5.1	ascii	decode-read	drop	E2	2	164.00	121658	1
P5.1	ascii	decode-read	drop	E	2	167.71	115572	1
P5.1	ascii	decode-read	drop	E2	3	165.06	121658	1
P5.1	ascii	decode-read	drop	E	3	166.55	115572	1
P5.1	ascii	decode-read	drop	R	3	167.04	123024	0
P5.1	ascii	decode-read	drop	E	4	166.67	115572	1
P5.1	ascii	decode-read	drop	R	4	163.47	123024	0
P5.1	ascii	decode-read	drop	E2	4	165.37	121658	1
P5.1	ascii	decode-read	drop	R	5	166.61	123024	0
P5.1	ascii	decode-read	drop	E2	5	164.43	121658	1
P5.1	ascii	decode-read	drop	E	5	166.93	115572	1
P5.1	ascii	decode-read	drop	E2	6	168.44	121658	1
P5.1	ascii	decode-read	drop	E	6	166.01	115572	1
P5.1	ascii	decode-read	drop	R	6	163.81	123024	0
P5.1	ascii	decode-read	drop	E	7	167.44	115572	1
P5.1	ascii	decode-read	drop	R	7	162.13	123024	0
P5.1	ascii	decode-read	drop	E2	7	166.12	121658	1
P5.1	ascii	decode-read	drop	R	8	165.61	123024	0
P5.1	ascii	decode-read	drop	E2	8	167.53	121658	1
P5.1	ascii	decode-read	drop	E	8	170.64	115572	1
P5.1	ascii	decode-read	drop	E2	9	167.85	121658	1
P5.1	ascii	decode-read	drop	E	9	169.52	115572	1
P5.1	ascii	decode-read	drop	R	9	164.61	123024	0
P5.1	ascii	decode-read	drop	E	10	166.70	115572	1
P5.1	ascii	decode-read	drop	R	10	166.73	123024	0
P5.1	ascii	decode-read	drop	E2	10	167.63	121658	1
P5.1	ascii	decode-read	drop	R	11	165.28	123024	0
P5.1	ascii	decode-read	drop	E2	11	164.46	121658	1
P5.1	ascii	decode-read	drop	E	11	168.56	115572	1
P5.1	ascii	decode-read	drop	E2	12	166.13	121658	1
P5.1	ascii	decode-read	drop	E	12	167.39	115572	1
P5.1	ascii	decode-read	drop	R	12	167.02	123024	0
P5.1	ascii	decode-read	drop	E	13	165.58	115572	1
P5.1	ascii	decode-read	drop	R	13	164.69	123024	0
P5.1	ascii	decode-read	drop	E2	13	164.61	121658	1
P5.1	ascii	decode-read	drop	R	14	165.27	123024	0
P5.1	ascii	decode-read	drop	E2	14	164.31	121658	1
P5.1	ascii	decode-read	drop	E	14	166.42	115572	1
P5.1	ascii	decode-read	drop	E2	15	168.50	121658	1
P5.1	ascii	decode-read	drop	E	15	166.05	115572	1
P5.1	ascii	decode-read	drop	R	15	170.92	123024	0
P5.1	ascii	decode-read	drop	E	16	167.19	115572	1
P5.1	ascii	decode-read	drop	R	16	164.73	123024	0
P5.1	ascii	decode-read	drop	E2	16	169.15	121658	1
P5.1	ascii	decode-read	drop	R	17	169.53	123024	0
P5.1	ascii	decode-read	drop	E2	17	167.57	121658	1
P5.1	ascii	decode-read	drop	E	17	166.33	115572	1
P5.1	ascii	decode-read	drop	E2	18	165.68	121658	1
P5.1	ascii	decode-read	drop	E	18	169.78	115572	1
P5.1	ascii	decode-read	drop	R	18	163.91	123024	0
P5.1	ascii	decode-read	drop	E	19	168.39	115572	1
P5.1	ascii	decode-read	drop	R	19	172.57	123024	0
P5.1	ascii	decode-read	drop	E2	19	167.79	121658	1
P5.1	ascii	decode-read	drop	R	20	169.02	123024	0
P5.1	ascii	decode-read	drop	E2	20	167.02	121658	1
P5.1	ascii	decode-read	drop	E	20	167.88	115572	1
P5.1	ascii	decode-read	drop	E2	21	167.83	121658	1
P5.1	ascii	decode-read	drop	E	21	169.69	115572	1
P5.1	ascii	decode-read	drop	R	21	171.80	123024	0
P5.1	ascii	decode-read	retain	E	1	185.35	86457	1
P5.1	ascii	decode-read	retain	R	1	178.53	111287	0
P5.1	ascii	decode-read	retain	E2	1	180.32	106307	1
P5.1	ascii	decode-read	retain	R	2	179.23	111287	0
P5.1	ascii	decode-read	retain	E2	2	180.39	106307	1
P5.1	ascii	decode-read	retain	E	2	180.81	86457	1
P5.1	ascii	decode-read	retain	E2	3	178.33	106307	1
P5.1	ascii	decode-read	retain	E	3	177.05	86457	1
P5.1	ascii	decode-read	retain	R	3	177.76	111287	0
P5.1	ascii	decode-read	retain	E	4	171.44	86457	1
P5.1	ascii	decode-read	retain	R	4	185.60	111287	0
P5.1	ascii	decode-read	retain	E2	4	180.07	106307	1
P5.1	ascii	decode-read	retain	R	5	180.96	111287	0
P5.1	ascii	decode-read	retain	E2	5	175.28	106307	1
P5.1	ascii	decode-read	retain	E	5	174.60	86457	1
P5.1	ascii	decode-read	retain	E2	6	172.71	106307	1
P5.1	ascii	decode-read	retain	E	6	175.09	86457	1
P5.1	ascii	decode-read	retain	R	6	173.01	111287	0
P5.1	ascii	decode-read	retain	E	7	174.51	86457	1
P5.1	ascii	decode-read	retain	R	7	175.68	111287	0
P5.1	ascii	decode-read	retain	E2	7	182.35	106307	1
P5.1	ascii	decode-read	retain	R	8	178.27	111287	0
P5.1	ascii	decode-read	retain	E2	8	172.06	106307	1
P5.1	ascii	decode-read	retain	E	8	171.47	86457	1
P5.1	ascii	decode-read	retain	E2	9	173.71	106307	1
P5.1	ascii	decode-read	retain	E	9	170.72	86457	1
P5.1	ascii	decode-read	retain	R	9	170.83	111287	0
P5.1	ascii	decode-read	retain	E	10	172.93	86457	1
P5.1	ascii	decode-read	retain	R	10	172.04	111287	0
P5.1	ascii	decode-read	retain	E2	10	174.01	106307	1
P5.1	ascii	decode-read	retain	R	11	172.14	111287	0
P5.1	ascii	decode-read	retain	E2	11	176.48	106307	1
P5.1	ascii	decode-read	retain	E	11	173.52	86457	1
P5.1	ascii	decode-read	retain	E2	12	180.17	106307	1
P5.1	ascii	decode-read	retain	E	12	180.69	86457	1
P5.1	ascii	decode-read	retain	R	12	180.09	111287	0
P5.1	ascii	decode-read	retain	E	13	185.70	86457	1
P5.1	ascii	decode-read	retain	R	13	182.27	111287	0
P5.1	ascii	decode-read	retain	E2	13	174.76	106307	1
P5.1	ascii	decode-read	retain	R	14	180.10	111287	0
P5.1	ascii	decode-read	retain	E2	14	177.81	106307	1
P5.1	ascii	decode-read	retain	E	14	175.91	86457	1
P5.1	ascii	decode-read	retain	E2	15	179.59	106307	1
P5.1	ascii	decode-read	retain	E	15	180.31	86457	1
P5.1	ascii	decode-read	retain	R	15	175.40	111287	0
P5.1	ascii	decode-read	retain	E	16	181.19	86457	1
P5.1	ascii	decode-read	retain	R	16	172.12	111287	0
P5.1	ascii	decode-read	retain	E2	16	174.92	106307	1
P5.1	ascii	decode-read	retain	R	17	180.48	111287	0
P5.1	ascii	decode-read	retain	E2	17	180.69	106307	1
P5.1	ascii	decode-read	retain	E	17	194.22	86457	1
P5.1	ascii	decode-read	retain	E2	18	182.69	106307	1
P5.1	ascii	decode-read	retain	E	18	186.92	86457	1
P5.1	ascii	decode-read	retain	R	18	176.02	111287	0
P5.1	ascii	decode-read	retain	E	19	198.80	86457	1
P5.1	ascii	decode-read	retain	R	19	174.54	111287	0
P5.1	ascii	decode-read	retain	E2	19	191.11	106307	1
P5.1	ascii	decode-read	retain	R	20	178.98	111287	0
P5.1	ascii	decode-read	retain	E2	20	177.74	106307	1
P5.1	ascii	decode-read	retain	E	20	184.63	86457	1
P5.1	ascii	decode-read	retain	E2	21	179.99	106307	1
P5.1	ascii	decode-read	retain	E	21	182.40	86457	1
P5.1	ascii	decode-read	retain	R	21	183.80	111287	0
P7.1	ascii	decode-read	drop	E	1	613.81	31611	1
P7.1	ascii	decode-read	drop	R	1	578.56	34946	0
P7.1	ascii	decode-read	drop	E2	1	604.74	33770	1
P7.1	ascii	decode-read	drop	R	2	587.69	34946	0
P7.1	ascii	decode-read	drop	E2	2	586.80	33770	1
P7.1	ascii	decode-read	drop	E	2	591.39	31611	1
P7.1	ascii	decode-read	drop	E2	3	590.38	33770	1
P7.1	ascii	decode-read	drop	E	3	589.80	31611	1
P7.1	ascii	decode-read	drop	R	3	576.65	34946	0
P7.1	ascii	decode-read	drop	E	4	607.65	31611	1
P7.1	ascii	decode-read	drop	R	4	582.91	34946	0
P7.1	ascii	decode-read	drop	E2	4	591.60	33770	1
P7.1	ascii	decode-read	drop	R	5	570.02	34946	0
P7.1	ascii	decode-read	drop	E2	5	600.92	33770	1
P7.1	ascii	decode-read	drop	E	5	594.24	31611	1
P7.1	ascii	decode-read	drop	E2	6	653.46	33770	1
P7.1	ascii	decode-read	drop	E	6	592.24	31611	1
P7.1	ascii	decode-read	drop	R	6	586.29	34946	0
P7.1	ascii	decode-read	drop	E	7	599.09	31611	1
P7.1	ascii	decode-read	drop	R	7	584.36	34946	0
P7.1	ascii	decode-read	drop	E2	7	601.51	33770	1
P7.1	ascii	decode-read	drop	R	8	584.52	34946	0
P7.1	ascii	decode-read	drop	E2	8	587.87	33770	1
P7.1	ascii	decode-read	drop	E	8	618.14	31611	1
P7.1	ascii	decode-read	drop	E2	9	600.35	33770	1
P7.1	ascii	decode-read	drop	E	9	615.16	31611	1
P7.1	ascii	decode-read	drop	R	9	582.13	34946	0
P7.1	ascii	decode-read	drop	E	10	587.90	31611	1
P7.1	ascii	decode-read	drop	R	10	582.19	34946	0
P7.1	ascii	decode-read	drop	E2	10	591.15	33770	1
P7.1	ascii	decode-read	drop	R	11	577.75	34946	0
P7.1	ascii	decode-read	drop	E2	11	615.15	33770	1
P7.1	ascii	decode-read	drop	E	11	608.02	31611	1
P7.1	ascii	decode-read	drop	E2	12	598.89	33770	1
P7.1	ascii	decode-read	drop	E	12	590.92	31611	1
P7.1	ascii	decode-read	drop	R	12	581.87	34946	0
P7.1	ascii	decode-read	drop	E	13	588.89	31611	1
P7.1	ascii	decode-read	drop	R	13	594.05	34946	0
P7.1	ascii	decode-read	drop	E2	13	594.19	33770	1
P7.1	ascii	decode-read	drop	R	14	586.07	34946	0
P7.1	ascii	decode-read	drop	E2	14	609.94	33770	1
P7.1	ascii	decode-read	drop	E	14	601.94	31611	1
P7.1	ascii	decode-read	drop	E2	15	606.67	33770	1
P7.1	ascii	decode-read	drop	E	15	622.57	31611	1
P7.1	ascii	decode-read	drop	R	15	593.72	34946	0
P7.1	ascii	decode-read	drop	E	16	626.97	31611	1
P7.1	ascii	decode-read	drop	R	16	591.65	34946	0
P7.1	ascii	decode-read	drop	E2	16	592.78	33770	1
P7.1	ascii	decode-read	drop	R	17	584.45	34946	0
P7.1	ascii	decode-read	drop	E2	17	603.84	33770	1
P7.1	ascii	decode-read	drop	E	17	587.07	31611	1
P7.1	ascii	decode-read	drop	E2	18	590.69	33770	1
P7.1	ascii	decode-read	drop	E	18	596.56	31611	1
P7.1	ascii	decode-read	drop	R	18	588.38	34946	0
P7.1	ascii	decode-read	drop	E	19	606.93	31611	1
P7.1	ascii	decode-read	drop	R	19	582.25	34946	0
P7.1	ascii	decode-read	drop	E2	19	594.81	33770	1
P7.1	ascii	decode-read	drop	R	20	569.92	34946	0
P7.1	ascii	decode-read	drop	E2	20	591.63	33770	1
P7.1	ascii	decode-read	drop	E	20	616.72	31611	1
P7.1	ascii	decode-read	drop	E2	21	643.51	33770	1
P7.1	ascii	decode-read	drop	E	21	586.50	31611	1
P7.1	ascii	decode-read	drop	R	21	569.87	34946	0
P7.1	ascii	decode-read	retain	E	1	615.15	30395	1
P7.1	ascii	decode-read	retain	R	1	598.39	33325	0
P7.1	ascii	decode-read	retain	E2	1	601.14	32682	1
P7.1	ascii	decode-read	retain	R	2	581.08	33325	0
P7.1	ascii	decode-read	retain	E2	2	608.07	32682	1
P7.1	ascii	decode-read	retain	E	2	594.22	30395	1
P7.1	ascii	decode-read	retain	E2	3	625.87	32682	1
P7.1	ascii	decode-read	retain	E	3	590.78	30395	1
P7.1	ascii	decode-read	retain	R	3	603.05	33325	0
P7.1	ascii	decode-read	retain	E	4	607.05	30395	1
P7.1	ascii	decode-read	retain	R	4	587.10	33325	0
P7.1	ascii	decode-read	retain	E2	4	598.13	32682	1
P7.1	ascii	decode-read	retain	R	5	591.96	33325	0
P7.1	ascii	decode-read	retain	E2	5	613.95	32682	1
P7.1	ascii	decode-read	retain	E	5	604.65	30395	1
P7.1	ascii	decode-read	retain	E2	6	599.74	32682	1
P7.1	ascii	decode-read	retain	E	6	592.04	30395	1
P7.1	ascii	decode-read	retain	R	6	581.73	33325	0
P7.1	ascii	decode-read	retain	E	7	618.01	30395	1
P7.1	ascii	decode-read	retain	R	7	584.99	33325	0
P7.1	ascii	decode-read	retain	E2	7	599.34	32682	1
P7.1	ascii	decode-read	retain	R	8	581.68	33325	0
P7.1	ascii	decode-read	retain	E2	8	601.62	32682	1
P7.1	ascii	decode-read	retain	E	8	604.46	30395	1
P7.1	ascii	decode-read	retain	E2	9	617.06	32682	1
P7.1	ascii	decode-read	retain	E	9	602.17	30395	1
P7.1	ascii	decode-read	retain	R	9	590.59	33325	0
P7.1	ascii	decode-read	retain	E	10	603.51	30395	1
P7.1	ascii	decode-read	retain	R	10	589.43	33325	0
P7.1	ascii	decode-read	retain	E2	10	608.69	32682	1
P7.1	ascii	decode-read	retain	R	11	592.44	33325	0
P7.1	ascii	decode-read	retain	E2	11	603.60	32682	1
P7.1	ascii	decode-read	retain	E	11	599.59	30395	1
P7.1	ascii	decode-read	retain	E2	12	610.21	32682	1
P7.1	ascii	decode-read	retain	E	12	613.15	30395	1
P7.1	ascii	decode-read	retain	R	12	597.65	33325	0
P7.1	ascii	decode-read	retain	E	13	607.17	30395	1
P7.1	ascii	decode-read	retain	R	13	584.79	33325	0
P7.1	ascii	decode-read	retain	E2	13	594.34	32682	1
P7.1	ascii	decode-read	retain	R	14	592.65	33325	0
P7.1	ascii	decode-read	retain	E2	14	593.39	32682	1
P7.1	ascii	decode-read	retain	E	14	592.12	30395	1
P7.1	ascii	decode-read	retain	E2	15	603.49	32682	1
P7.1	ascii	decode-read	retain	E	15	593.61	30395	1
P7.1	ascii	decode-read	retain	R	15	590.04	33325	0
P7.1	ascii	decode-read	retain	E	16	612.52	30395	1
P7.1	ascii	decode-read	retain	R	16	580.79	33325	0
P7.1	ascii	decode-read	retain	E2	16	597.74	32682	1
P7.1	ascii	decode-read	retain	R	17	591.58	33325	0
P7.1	ascii	decode-read	retain	E2	17	596.76	32682	1
P7.1	ascii	decode-read	retain	E	17	601.59	30395	1
P7.1	ascii	decode-read	retain	E2	18	599.25	32682	1
P7.1	ascii	decode-read	retain	E	18	593.73	30395	1
P7.1	ascii	decode-read	retain	R	18	581.11	33325	0
P7.1	ascii	decode-read	retain	E	19	605.42	30395	1
P7.1	ascii	decode-read	retain	R	19	580.17	33325	0
P7.1	ascii	decode-read	retain	E2	19	598.25	32682	1
P7.1	ascii	decode-read	retain	R	20	583.20	33325	0
P7.1	ascii	decode-read	retain	E2	20	602.05	32682	1
P7.1	ascii	decode-read	retain	E	20	596.26	30395	1
P7.1	ascii	decode-read	retain	E2	21	606.85	32682	1
P7.1	ascii	decode-read	retain	E	21	599.37	30395	1
P7.1	ascii	decode-read	retain	R	21	587.76	33325	0
U-nested-before	corpus	decode-read	drop	E	1	452.09	28387	1
U-nested-before	corpus	decode-read	drop	R	1	444.23	27984	0
U-nested-before	corpus	decode-read	drop	E2	1	452.12	38948	1
U-nested-before	corpus	decode-read	drop	R	2	453.30	27984	0
U-nested-before	corpus	decode-read	drop	E2	2	462.03	38948	1
U-nested-before	corpus	decode-read	drop	E	2	446.23	28387	1
U-nested-before	corpus	decode-read	drop	E2	3	437.01	38948	1
U-nested-before	corpus	decode-read	drop	E	3	435.19	28387	1
U-nested-before	corpus	decode-read	drop	R	3	439.21	27984	0
U-nested-before	corpus	decode-read	drop	E	4	445.41	28387	1
U-nested-before	corpus	decode-read	drop	R	4	432.70	27984	0
U-nested-before	corpus	decode-read	drop	E2	4	434.17	38948	1
U-nested-before	corpus	decode-read	drop	R	5	438.91	27984	0
U-nested-before	corpus	decode-read	drop	E2	5	438.97	38948	1
U-nested-before	corpus	decode-read	drop	E	5	449.12	28387	1
U-nested-before	corpus	decode-read	drop	E2	6	436.91	38948	1
U-nested-before	corpus	decode-read	drop	E	6	436.62	28387	1
U-nested-before	corpus	decode-read	drop	R	6	435.84	27984	0
U-nested-before	corpus	decode-read	drop	E	7	434.25	28387	1
U-nested-before	corpus	decode-read	drop	R	7	435.61	27984	0
U-nested-before	corpus	decode-read	drop	E2	7	440.54	38948	1
U-nested-before	corpus	decode-read	drop	R	8	437.05	27984	0
U-nested-before	corpus	decode-read	drop	E2	8	435.94	38948	1
U-nested-before	corpus	decode-read	drop	E	8	439.19	28387	1
U-nested-before	corpus	decode-read	drop	E2	9	448.19	38948	1
U-nested-before	corpus	decode-read	drop	E	9	450.77	28387	1
U-nested-before	corpus	decode-read	drop	R	9	439.49	27984	0
U-nested-before	corpus	decode-read	drop	E	10	443.31	28387	1
U-nested-before	corpus	decode-read	drop	R	10	437.22	27984	0
U-nested-before	corpus	decode-read	drop	E2	10	439.69	38948	1
U-nested-before	corpus	decode-read	drop	R	11	450.23	27984	0
U-nested-before	corpus	decode-read	drop	E2	11	437.65	38948	1
U-nested-before	corpus	decode-read	drop	E	11	434.90	28387	1
U-nested-before	corpus	decode-read	drop	E2	12	439.21	38948	1
U-nested-before	corpus	decode-read	drop	E	12	436.80	28387	1
U-nested-before	corpus	decode-read	drop	R	12	435.39	27984	0
U-nested-before	corpus	decode-read	drop	E	13	443.62	28387	1
U-nested-before	corpus	decode-read	drop	R	13	436.76	27984	0
U-nested-before	corpus	decode-read	drop	E2	13	437.35	38948	1
U-nested-before	corpus	decode-read	drop	R	14	434.82	27984	0
U-nested-before	corpus	decode-read	drop	E2	14	434.31	38948	1
U-nested-before	corpus	decode-read	drop	E	14	448.71	28387	1
U-nested-before	corpus	decode-read	drop	E2	15	445.61	38948	1
U-nested-before	corpus	decode-read	drop	E	15	437.34	28387	1
U-nested-before	corpus	decode-read	drop	R	15	438.97	27984	0
U-nested-before	corpus	decode-read	drop	E	16	444.66	28387	1
U-nested-before	corpus	decode-read	drop	R	16	441.25	27984	0
U-nested-before	corpus	decode-read	drop	E2	16	445.76	38948	1
U-nested-before	corpus	decode-read	drop	R	17	437.35	27984	0
U-nested-before	corpus	decode-read	drop	E2	17	441.28	38948	1
U-nested-before	corpus	decode-read	drop	E	17	435.52	28387	1
U-nested-before	corpus	decode-read	drop	E2	18	437.46	38948	1
U-nested-before	corpus	decode-read	drop	E	18	446.49	28387	1
U-nested-before	corpus	decode-read	drop	R	18	437.26	27984	0
U-nested-before	corpus	decode-read	drop	E	19	437.89	28387	1
U-nested-before	corpus	decode-read	drop	R	19	441.86	27984	0
U-nested-before	corpus	decode-read	drop	E2	19	440.76	38948	1
U-nested-before	corpus	decode-read	drop	R	20	440.63	27984	0
U-nested-before	corpus	decode-read	drop	E2	20	444.99	38948	1
U-nested-before	corpus	decode-read	drop	E	20	435.55	28387	1
U-nested-before	corpus	decode-read	drop	E2	21	440.31	38948	1
U-nested-before	corpus	decode-read	drop	E	21	439.59	28387	1
U-nested-before	corpus	decode-read	drop	R	21	431.33	27984	0
U-nested-before	corpus	decode-read	retain	E	1	584.46	34859	1
U-nested-before	corpus	decode-read	retain	R	1	575.30	35168	0
U-nested-before	corpus	decode-read	retain	E2	1	588.04	34832	1
U-nested-before	corpus	decode-read	retain	R	2	568.89	35168	0
U-nested-before	corpus	decode-read	retain	E2	2	577.47	34832	1
U-nested-before	corpus	decode-read	retain	E	2	593.54	34859	1
U-nested-before	corpus	decode-read	retain	E2	3	625.24	34832	1
U-nested-before	corpus	decode-read	retain	E	3	632.81	34859	1
U-nested-before	corpus	decode-read	retain	R	3	610.16	35168	0
U-nested-before	corpus	decode-read	retain	E	4	620.05	34859	1
U-nested-before	corpus	decode-read	retain	R	4	622.78	35168	0
U-nested-before	corpus	decode-read	retain	E2	4	623.40	34832	1
U-nested-before	corpus	decode-read	retain	R	5	590.26	35168	0
U-nested-before	corpus	decode-read	retain	E2	5	588.59	34832	1
U-nested-before	corpus	decode-read	retain	E	5	600.80	34859	1
U-nested-before	corpus	decode-read	retain	E2	6	594.46	34832	1
U-nested-before	corpus	decode-read	retain	E	6	578.23	34859	1
U-nested-before	corpus	decode-read	retain	R	6	584.48	35168	0
U-nested-before	corpus	decode-read	retain	E	7	581.58	34859	1
U-nested-before	corpus	decode-read	retain	R	7	574.93	35168	0
U-nested-before	corpus	decode-read	retain	E2	7	580.35	34832	1
U-nested-before	corpus	decode-read	retain	R	8	576.07	35168	0
U-nested-before	corpus	decode-read	retain	E2	8	583.51	34832	1
U-nested-before	corpus	decode-read	retain	E	8	581.61	34859	1
U-nested-before	corpus	decode-read	retain	E2	9	587.47	34832	1
U-nested-before	corpus	decode-read	retain	E	9	581.11	34859	1
U-nested-before	corpus	decode-read	retain	R	9	572.50	35168	0
U-nested-before	corpus	decode-read	retain	E	10	564.35	34859	1
U-nested-before	corpus	decode-read	retain	R	10	580.42	35168	0
U-nested-before	corpus	decode-read	retain	E2	10	576.05	34832	1
U-nested-before	corpus	decode-read	retain	R	11	568.22	35168	0
U-nested-before	corpus	decode-read	retain	E2	11	575.72	34832	1
U-nested-before	corpus	decode-read	retain	E	11	585.35	34859	1
U-nested-before	corpus	decode-read	retain	E2	12	576.15	34832	1
U-nested-before	corpus	decode-read	retain	E	12	639.18	34859	1
U-nested-before	corpus	decode-read	retain	R	12	612.58	35168	0
U-nested-before	corpus	decode-read	retain	E	13	572.81	34859	1
U-nested-before	corpus	decode-read	retain	R	13	575.45	35168	0
U-nested-before	corpus	decode-read	retain	E2	13	574.32	34832	1
U-nested-before	corpus	decode-read	retain	R	14	573.61	35168	0
U-nested-before	corpus	decode-read	retain	E2	14	581.55	34832	1
U-nested-before	corpus	decode-read	retain	E	14	588.21	34859	1
U-nested-before	corpus	decode-read	retain	E2	15	577.68	34832	1
U-nested-before	corpus	decode-read	retain	E	15	579.65	34859	1
U-nested-before	corpus	decode-read	retain	R	15	568.36	35168	0
U-nested-before	corpus	decode-read	retain	E	16	584.07	34859	1
U-nested-before	corpus	decode-read	retain	R	16	567.17	35168	0
U-nested-before	corpus	decode-read	retain	E2	16	573.78	34832	1
U-nested-before	corpus	decode-read	retain	R	17	575.09	35168	0
U-nested-before	corpus	decode-read	retain	E2	17	576.35	34832	1
U-nested-before	corpus	decode-read	retain	E	17	583.70	34859	1
U-nested-before	corpus	decode-read	retain	E2	18	583.07	34832	1
U-nested-before	corpus	decode-read	retain	E	18	576.70	34859	1
U-nested-before	corpus	decode-read	retain	R	18	564.39	35168	0
U-nested-before	corpus	decode-read	retain	E	19	580.12	34859	1
U-nested-before	corpus	decode-read	retain	R	19	572.77	35168	0
U-nested-before	corpus	decode-read	retain	E2	19	571.68	34832	1
U-nested-before	corpus	decode-read	retain	R	20	848.48	35168	0
U-nested-before	corpus	decode-read	retain	E2	20	986.33	34832	1
U-nested-before	corpus	decode-read	retain	E	20	576.03	34859	1
U-nested-before	corpus	decode-read	retain	E2	21	590.63	34832	1
U-nested-before	corpus	decode-read	retain	E	21	584.56	34859	1
U-nested-before	corpus	decode-read	retain	R	21	582.83	35168	0
U-nested-before	corpus	encode-core-hot	drop	E	1	240.80	96866	0
U-nested-before	corpus	encode-core-hot	drop	R	1	211.51	71520	0
U-nested-before	corpus	encode-core-hot	drop	E2	1	209.80	86274	0
U-nested-before	corpus	encode-core-hot	drop	R	2	211.62	71520	0
U-nested-before	corpus	encode-core-hot	drop	E2	2	210.63	86274	0
U-nested-before	corpus	encode-core-hot	drop	E	2	206.80	96866	0
U-nested-before	corpus	encode-core-hot	drop	E2	3	205.37	86274	0
U-nested-before	corpus	encode-core-hot	drop	E	3	207.05	96866	0
U-nested-before	corpus	encode-core-hot	drop	R	3	210.95	71520	0
U-nested-before	corpus	encode-core-hot	drop	E	4	208.93	96866	0
U-nested-before	corpus	encode-core-hot	drop	R	4	211.25	71520	0
U-nested-before	corpus	encode-core-hot	drop	E2	4	207.13	86274	0
U-nested-before	corpus	encode-core-hot	drop	R	5	213.03	71520	0
U-nested-before	corpus	encode-core-hot	drop	E2	5	210.97	86274	0
U-nested-before	corpus	encode-core-hot	drop	E	5	210.55	96866	0
U-nested-before	corpus	encode-core-hot	drop	E2	6	209.72	86274	0
U-nested-before	corpus	encode-core-hot	drop	E	6	208.62	96866	0
U-nested-before	corpus	encode-core-hot	drop	R	6	212.96	71520	0
U-nested-before	corpus	encode-core-hot	drop	E	7	208.32	96866	0
U-nested-before	corpus	encode-core-hot	drop	R	7	215.60	71520	0
U-nested-before	corpus	encode-core-hot	drop	E2	7	235.24	86274	0
U-nested-before	corpus	encode-core-hot	drop	R	8	239.75	71520	0
U-nested-before	corpus	encode-core-hot	drop	E2	8	261.87	86274	0
U-nested-before	corpus	encode-core-hot	drop	E	8	212.58	96866	0
U-nested-before	corpus	encode-core-hot	drop	E2	9	209.01	86274	0
U-nested-before	corpus	encode-core-hot	drop	E	9	211.87	96866	0
U-nested-before	corpus	encode-core-hot	drop	R	9	214.11	71520	0
U-nested-before	corpus	encode-core-hot	drop	E	10	210.65	96866	0
U-nested-before	corpus	encode-core-hot	drop	R	10	215.18	71520	0
U-nested-before	corpus	encode-core-hot	drop	E2	10	210.42	86274	0
U-nested-before	corpus	encode-core-hot	drop	R	11	212.05	71520	0
U-nested-before	corpus	encode-core-hot	drop	E2	11	207.84	86274	0
U-nested-before	corpus	encode-core-hot	drop	E	11	207.46	96866	0
U-nested-before	corpus	encode-core-hot	drop	E2	12	210.27	86274	0
U-nested-before	corpus	encode-core-hot	drop	E	12	207.86	96866	0
U-nested-before	corpus	encode-core-hot	drop	R	12	212.31	71520	0
U-nested-before	corpus	encode-core-hot	drop	E	13	211.76	96866	0
U-nested-before	corpus	encode-core-hot	drop	R	13	213.51	71520	0
U-nested-before	corpus	encode-core-hot	drop	E2	13	208.30	86274	0
U-nested-before	corpus	encode-core-hot	drop	R	14	210.49	71520	0
U-nested-before	corpus	encode-core-hot	drop	E2	14	207.24	86274	0
U-nested-before	corpus	encode-core-hot	drop	E	14	206.99	96866	0
U-nested-before	corpus	encode-core-hot	drop	E2	15	207.91	86274	0
U-nested-before	corpus	encode-core-hot	drop	E	15	212.46	96866	0
U-nested-before	corpus	encode-core-hot	drop	R	15	214.39	71520	0
U-nested-before	corpus	encode-core-hot	drop	E	16	208.92	96866	0
U-nested-before	corpus	encode-core-hot	drop	R	16	213.52	71520	0
U-nested-before	corpus	encode-core-hot	drop	E2	16	207.74	86274	0
U-nested-before	corpus	encode-core-hot	drop	R	17	212.45	71520	0
U-nested-before	corpus	encode-core-hot	drop	E2	17	207.15	86274	0
U-nested-before	corpus	encode-core-hot	drop	E	17	222.69	96866	0
U-nested-before	corpus	encode-core-hot	drop	E2	18	209.62	86274	0
U-nested-before	corpus	encode-core-hot	drop	E	18	206.24	96866	0
U-nested-before	corpus	encode-core-hot	drop	R	18	210.91	71520	0
U-nested-before	corpus	encode-core-hot	drop	E	19	206.90	96866	0
U-nested-before	corpus	encode-core-hot	drop	R	19	211.18	71520	0
U-nested-before	corpus	encode-core-hot	drop	E2	19	207.36	86274	0
U-nested-before	corpus	encode-core-hot	drop	R	20	213.03	71520	0
U-nested-before	corpus	encode-core-hot	drop	E2	20	209.71	86274	0
U-nested-before	corpus	encode-core-hot	drop	E	20	209.42	96866	0
U-nested-before	corpus	encode-core-hot	drop	E2	21	209.29	86274	0
U-nested-before	corpus	encode-core-hot	drop	E	21	214.20	96866	0
U-nested-before	corpus	encode-core-hot	drop	R	21	215.07	71520	0
U-nested-before	corpus	encode-core-hot	retain	E	1	566.55	35223	0
U-nested-before	corpus	encode-core-hot	retain	R	1	562.28	36968	0
U-nested-before	corpus	encode-core-hot	retain	E2	1	564.76	34440	0
U-nested-before	corpus	encode-core-hot	retain	R	2	572.90	36968	0
U-nested-before	corpus	encode-core-hot	retain	E2	2	563.94	34440	0
U-nested-before	corpus	encode-core-hot	retain	E	2	562.90	35223	0
U-nested-before	corpus	encode-core-hot	retain	E2	3	559.81	34440	0
U-nested-before	corpus	encode-core-hot	retain	E	3	560.63	35223	0
U-nested-before	corpus	encode-core-hot	retain	R	3	561.83	36968	0
U-nested-before	corpus	encode-core-hot	retain	E	4	567.04	35223	0
U-nested-before	corpus	encode-core-hot	retain	R	4	564.06	36968	0
U-nested-before	corpus	encode-core-hot	retain	E2	4	564.15	34440	0
U-nested-before	corpus	encode-core-hot	retain	R	5	568.17	36968	0
U-nested-before	corpus	encode-core-hot	retain	E2	5	561.80	34440	0
U-nested-before	corpus	encode-core-hot	retain	E	5	562.02	35223	0
U-nested-before	corpus	encode-core-hot	retain	E2	6	560.94	34440	0
U-nested-before	corpus	encode-core-hot	retain	E	6	560.76	35223	0
U-nested-before	corpus	encode-core-hot	retain	R	6	559.15	36968	0
U-nested-before	corpus	encode-core-hot	retain	E	7	561.02	35223	0
U-nested-before	corpus	encode-core-hot	retain	R	7	566.30	36968	0
U-nested-before	corpus	encode-core-hot	retain	E2	7	554.69	34440	0
U-nested-before	corpus	encode-core-hot	retain	R	8	545.37	36968	0
U-nested-before	corpus	encode-core-hot	retain	E2	8	560.27	34440	0
U-nested-before	corpus	encode-core-hot	retain	E	8	553.92	35223	0
U-nested-before	corpus	encode-core-hot	retain	E2	9	564.77	34440	0
U-nested-before	corpus	encode-core-hot	retain	E	9	561.80	35223	0
U-nested-before	corpus	encode-core-hot	retain	R	9	567.32	36968	0
U-nested-before	corpus	encode-core-hot	retain	E	10	557.63	35223	0
U-nested-before	corpus	encode-core-hot	retain	R	10	553.40	36968	0
U-nested-before	corpus	encode-core-hot	retain	E2	10	549.32	34440	0
U-nested-before	corpus	encode-core-hot	retain	R	11	550.02	36968	0
U-nested-before	corpus	encode-core-hot	retain	E2	11	561.86	34440	0
U-nested-before	corpus	encode-core-hot	retain	E	11	563.39	35223	0
U-nested-before	corpus	encode-core-hot	retain	E2	12	579.15	34440	0
U-nested-before	corpus	encode-core-hot	retain	E	12	562.63	35223	0
U-nested-before	corpus	encode-core-hot	retain	R	12	550.64	36968	0
U-nested-before	corpus	encode-core-hot	retain	E	13	560.70	35223	0
U-nested-before	corpus	encode-core-hot	retain	R	13	572.20	36968	0
U-nested-before	corpus	encode-core-hot	retain	E2	13	562.68	34440	0
U-nested-before	corpus	encode-core-hot	retain	R	14	554.79	36968	0
U-nested-before	corpus	encode-core-hot	retain	E2	14	558.39	34440	0
U-nested-before	corpus	encode-core-hot	retain	E	14	551.86	35223	0
U-nested-before	corpus	encode-core-hot	retain	E2	15	560.69	34440	0
U-nested-before	corpus	encode-core-hot	retain	E	15	560.83	35223	0
U-nested-before	corpus	encode-core-hot	retain	R	15	567.81	36968	0
U-nested-before	corpus	encode-core-hot	retain	E	16	561.46	35223	0
U-nested-before	corpus	encode-core-hot	retain	R	16	562.22	36968	0
U-nested-before	corpus	encode-core-hot	retain	E2	16	565.00	34440	0
U-nested-before	corpus	encode-core-hot	retain	R	17	557.86	36968	0
U-nested-before	corpus	encode-core-hot	retain	E2	17	558.99	34440	0
U-nested-before	corpus	encode-core-hot	retain	E	17	569.93	35223	0
U-nested-before	corpus	encode-core-hot	retain	E2	18	560.00	34440	0
U-nested-before	corpus	encode-core-hot	retain	E	18	555.81	35223	0
U-nested-before	corpus	encode-core-hot	retain	R	18	564.91	36968	0
U-nested-before	corpus	encode-core-hot	retain	E	19	566.62	35223	0
U-nested-before	corpus	encode-core-hot	retain	R	19	573.20	36968	0
U-nested-before	corpus	encode-core-hot	retain	E2	19	567.33	34440	0
U-nested-before	corpus	encode-core-hot	retain	R	20	566.41	36968	0
U-nested-before	corpus	encode-core-hot	retain	E2	20	568.39	34440	0
U-nested-before	corpus	encode-core-hot	retain	E	20	573.40	35223	0
U-nested-before	corpus	encode-core-hot	retain	E2	21	573.10	34440	0
U-nested-before	corpus	encode-core-hot	retain	E	21	570.04	35223	0
U-nested-before	corpus	encode-core-hot	retain	R	21	573.91	36968	0
U-deep-u-repeated	corpus	decode-read	drop	E	1	2538.68	7911	1
U-deep-u-repeated	corpus	decode-read	drop	R	1	2544.61	7910	0
U-deep-u-repeated	corpus	decode-read	drop	E2	1	2622.51	7746	1
U-deep-u-repeated	corpus	decode-read	drop	R	2	2539.49	7910	0
U-deep-u-repeated	corpus	decode-read	drop	E2	2	2556.00	7746	1
U-deep-u-repeated	corpus	decode-read	drop	E	2	2626.61	7911	1
U-deep-u-repeated	corpus	decode-read	drop	E2	3	2567.74	7746	1
U-deep-u-repeated	corpus	decode-read	drop	E	3	2624.86	7911	1
U-deep-u-repeated	corpus	decode-read	drop	R	3	2548.61	7910	0
U-deep-u-repeated	corpus	decode-read	drop	E	4	2576.53	7911	1
U-deep-u-repeated	corpus	decode-read	drop	R	4	2742.59	7910	0
U-deep-u-repeated	corpus	decode-read	drop	E2	4	2685.95	7746	1
U-deep-u-repeated	corpus	decode-read	drop	R	5	2643.22	7910	0
U-deep-u-repeated	corpus	decode-read	drop	E2	5	3754.51	7746	1
U-deep-u-repeated	corpus	decode-read	drop	E	5	2576.47	7911	1
U-deep-u-repeated	corpus	decode-read	drop	E2	6	2613.14	7746	1
U-deep-u-repeated	corpus	decode-read	drop	E	6	2629.31	7911	1
U-deep-u-repeated	corpus	decode-read	drop	R	6	2618.76	7910	0
U-deep-u-repeated	corpus	decode-read	drop	E	7	2715.71	7911	1
U-deep-u-repeated	corpus	decode-read	drop	R	7	2699.24	7910	0
U-deep-u-repeated	corpus	decode-read	drop	E2	7	2659.56	7746	1
U-deep-u-repeated	corpus	decode-read	drop	R	8	2694.66	7910	0
U-deep-u-repeated	corpus	decode-read	drop	E2	8	2733.43	7746	1
U-deep-u-repeated	corpus	decode-read	drop	E	8	2768.35	7911	1
U-deep-u-repeated	corpus	decode-read	drop	E2	9	2821.84	7746	1
U-deep-u-repeated	corpus	decode-read	drop	E	9	2717.21	7911	1
U-deep-u-repeated	corpus	decode-read	drop	R	9	2782.51	7910	0
U-deep-u-repeated	corpus	decode-read	drop	E	10	2785.67	7911	1
U-deep-u-repeated	corpus	decode-read	drop	R	10	2818.98	7910	0
U-deep-u-repeated	corpus	decode-read	drop	E2	10	2833.82	7746	1
U-deep-u-repeated	corpus	decode-read	drop	R	11	2798.03	7910	0
U-deep-u-repeated	corpus	decode-read	drop	E2	11	2783.08	7746	1
U-deep-u-repeated	corpus	decode-read	drop	E	11	2712.14	7911	1
U-deep-u-repeated	corpus	decode-read	drop	E2	12	2816.03	7746	1
U-deep-u-repeated	corpus	decode-read	drop	E	12	2790.87	7911	1
U-deep-u-repeated	corpus	decode-read	drop	R	12	3031.56	7910	0
U-deep-u-repeated	corpus	decode-read	drop	E	13	2669.73	7911	1
U-deep-u-repeated	corpus	decode-read	drop	R	13	2710.81	7910	0
U-deep-u-repeated	corpus	decode-read	drop	E2	13	2733.80	7746	1
U-deep-u-repeated	corpus	decode-read	drop	R	14	2736.04	7910	0
U-deep-u-repeated	corpus	decode-read	drop	E2	14	2799.90	7746	1
U-deep-u-repeated	corpus	decode-read	drop	E	14	2738.88	7911	1
U-deep-u-repeated	corpus	decode-read	drop	E2	15	2817.54	7746	1
U-deep-u-repeated	corpus	decode-read	drop	E	15	2762.58	7911	1
U-deep-u-repeated	corpus	decode-read	drop	R	15	2728.67	7910	0
U-deep-u-repeated	corpus	decode-read	drop	E	16	2724.66	7911	1
U-deep-u-repeated	corpus	decode-read	drop	R	16	2741.44	7910	0
U-deep-u-repeated	corpus	decode-read	drop	E2	16	2690.33	7746	1
U-deep-u-repeated	corpus	decode-read	drop	R	17	2768.21	7910	0
U-deep-u-repeated	corpus	decode-read	drop	E2	17	2692.61	7746	1
U-deep-u-repeated	corpus	decode-read	drop	E	17	2700.52	7911	1
U-deep-u-repeated	corpus	decode-read	drop	E2	18	2612.55	7746	1
U-deep-u-repeated	corpus	decode-read	drop	E	18	2679.34	7911	1
U-deep-u-repeated	corpus	decode-read	drop	R	18	2638.80	7910	0
U-deep-u-repeated	corpus	decode-read	drop	E	19	2603.43	7911	1
U-deep-u-repeated	corpus	decode-read	drop	R	19	2627.39	7910	0
U-deep-u-repeated	corpus	decode-read	drop	E2	19	2578.22	7746	1
U-deep-u-repeated	corpus	decode-read	drop	R	20	2559.81	7910	0
U-deep-u-repeated	corpus	decode-read	drop	E2	20	2575.81	7746	1
U-deep-u-repeated	corpus	decode-read	drop	E	20	2640.03	7911	1
U-deep-u-repeated	corpus	decode-read	drop	E2	21	2547.44	7746	1
U-deep-u-repeated	corpus	decode-read	drop	E	21	2574.83	7911	1
U-deep-u-repeated	corpus	decode-read	drop	R	21	2577.16	7910	0
U-deep-u-repeated	corpus	decode-read	retain	E	1	2852.15	7275	1
U-deep-u-repeated	corpus	decode-read	retain	R	1	2956.68	7469	0
U-deep-u-repeated	corpus	decode-read	retain	E2	1	2992.01	7218	1
U-deep-u-repeated	corpus	decode-read	retain	R	2	2944.19	7469	0
U-deep-u-repeated	corpus	decode-read	retain	E2	2	2834.64	7218	1
U-deep-u-repeated	corpus	decode-read	retain	E	2	2890.47	7275	1
U-deep-u-repeated	corpus	decode-read	retain	E2	3	3044.47	7218	1
U-deep-u-repeated	corpus	decode-read	retain	E	3	2785.54	7275	1
U-deep-u-repeated	corpus	decode-read	retain	R	3	2820.83	7469	0
U-deep-u-repeated	corpus	decode-read	retain	E	4	2746.18	7275	1
U-deep-u-repeated	corpus	decode-read	retain	R	4	2751.24	7469	0
U-deep-u-repeated	corpus	decode-read	retain	E2	4	2708.94	7218	1
U-deep-u-repeated	corpus	decode-read	retain	R	5	2704.06	7469	0
U-deep-u-repeated	corpus	decode-read	retain	E2	5	2702.84	7218	1
U-deep-u-repeated	corpus	decode-read	retain	E	5	2708.81	7275	1
U-deep-u-repeated	corpus	decode-read	retain	E2	6	2772.21	7218	1
U-deep-u-repeated	corpus	decode-read	retain	E	6	2711.05	7275	1
U-deep-u-repeated	corpus	decode-read	retain	R	6	2684.29	7469	0
U-deep-u-repeated	corpus	decode-read	retain	E	7	2963.86	7275	1
U-deep-u-repeated	corpus	decode-read	retain	R	7	2799.07	7469	0
U-deep-u-repeated	corpus	decode-read	retain	E2	7	2988.82	7218	1
U-deep-u-repeated	corpus	decode-read	retain	R	8	2818.14	7469	0
U-deep-u-repeated	corpus	decode-read	retain	E2	8	3229.99	7218	1
U-deep-u-repeated	corpus	decode-read	retain	E	8	3077.15	7275	1
U-deep-u-repeated	corpus	decode-read	retain	E2	9	3047.37	7218	1
U-deep-u-repeated	corpus	decode-read	retain	E	9	2949.73	7275	1
U-deep-u-repeated	corpus	decode-read	retain	R	9	2804.94	7469	0
U-deep-u-repeated	corpus	decode-read	retain	E	10	2805.75	7275	1
U-deep-u-repeated	corpus	decode-read	retain	R	10	2862.24	7469	0
U-deep-u-repeated	corpus	decode-read	retain	E2	10	2890.83	7218	1
U-deep-u-repeated	corpus	decode-read	retain	R	11	2778.39	7469	0
U-deep-u-repeated	corpus	decode-read	retain	E2	11	2810.58	7218	1
U-deep-u-repeated	corpus	decode-read	retain	E	11	2745.98	7275	1
U-deep-u-repeated	corpus	decode-read	retain	E2	12	2888.49	7218	1
U-deep-u-repeated	corpus	decode-read	retain	E	12	2820.88	7275	1
U-deep-u-repeated	corpus	decode-read	retain	R	12	2825.48	7469	0
U-deep-u-repeated	corpus	decode-read	retain	E	13	3206.32	7275	1
U-deep-u-repeated	corpus	decode-read	retain	R	13	2989.67	7469	0
U-deep-u-repeated	corpus	decode-read	retain	E2	13	2970.03	7218	1
U-deep-u-repeated	corpus	decode-read	retain	R	14	2867.43	7469	0
U-deep-u-repeated	corpus	decode-read	retain	E2	14	2859.96	7218	1
U-deep-u-repeated	corpus	decode-read	retain	E	14	2823.05	7275	1
U-deep-u-repeated	corpus	decode-read	retain	E2	15	2844.71	7218	1
U-deep-u-repeated	corpus	decode-read	retain	E	15	2847.29	7275	1
U-deep-u-repeated	corpus	decode-read	retain	R	15	2755.81	7469	0
U-deep-u-repeated	corpus	decode-read	retain	E	16	2893.11	7275	1
U-deep-u-repeated	corpus	decode-read	retain	R	16	2772.38	7469	0
U-deep-u-repeated	corpus	decode-read	retain	E2	16	2834.70	7218	1
U-deep-u-repeated	corpus	decode-read	retain	R	17	2799.69	7469	0
U-deep-u-repeated	corpus	decode-read	retain	E2	17	2766.98	7218	1
U-deep-u-repeated	corpus	decode-read	retain	E	17	2716.66	7275	1
U-deep-u-repeated	corpus	decode-read	retain	E2	18	2754.70	7218	1
U-deep-u-repeated	corpus	decode-read	retain	E	18	2832.85	7275	1
U-deep-u-repeated	corpus	decode-read	retain	R	18	2858.54	7469	0
U-deep-u-repeated	corpus	decode-read	retain	E	19	2821.09	7275	1
U-deep-u-repeated	corpus	decode-read	retain	R	19	2851.32	7469	0
U-deep-u-repeated	corpus	decode-read	retain	E2	19	2896.82	7218	1
U-deep-u-repeated	corpus	decode-read	retain	R	20	2757.61	7469	0
U-deep-u-repeated	corpus	decode-read	retain	E2	20	2850.07	7218	1
U-deep-u-repeated	corpus	decode-read	retain	E	20	2810.41	7275	1
U-deep-u-repeated	corpus	decode-read	retain	E2	21	2725.91	7218	1
U-deep-u-repeated	corpus	decode-read	retain	E	21	2770.49	7275	1
U-deep-u-repeated	corpus	decode-read	retain	R	21	2787.11	7469	0
U-deep-u-repeated	corpus	encode-core-hot	drop	E	1	1177.82	17241	0
U-deep-u-repeated	corpus	encode-core-hot	drop	R	1	1187.28	17089	0
U-deep-u-repeated	corpus	encode-core-hot	drop	E2	1	1211.94	15756	0
U-deep-u-repeated	corpus	encode-core-hot	drop	R	2	1234.14	17089	0
U-deep-u-repeated	corpus	encode-core-hot	drop	E2	2	1171.11	15756	0
U-deep-u-repeated	corpus	encode-core-hot	drop	E	2	1174.09	17241	0
U-deep-u-repeated	corpus	encode-core-hot	drop	E2	3	1190.24	15756	0
U-deep-u-repeated	corpus	encode-core-hot	drop	E	3	1160.11	17241	0
U-deep-u-repeated	corpus	encode-core-hot	drop	R	3	1192.99	17089	0
U-deep-u-repeated	corpus	encode-core-hot	drop	E	4	1166.67	17241	0
U-deep-u-repeated	corpus	encode-core-hot	drop	R	4	1179.18	17089	0
U-deep-u-repeated	corpus	encode-core-hot	drop	E2	4	1163.86	15756	0
U-deep-u-repeated	corpus	encode-core-hot	drop	R	5	1174.72	17089	0
U-deep-u-repeated	corpus	encode-core-hot	drop	E2	5	1183.69	15756	0
U-deep-u-repeated	corpus	encode-core-hot	drop	E	5	1160.42	17241	0
U-deep-u-repeated	corpus	encode-core-hot	drop	E2	6	1165.53	15756	0
U-deep-u-repeated	corpus	encode-core-hot	drop	E	6	1170.56	17241	0
U-deep-u-repeated	corpus	encode-core-hot	drop	R	6	1176.67	17089	0
U-deep-u-repeated	corpus	encode-core-hot	drop	E	7	1185.00	17241	0
U-deep-u-repeated	corpus	encode-core-hot	drop	R	7	1180.44	17089	0
U-deep-u-repeated	corpus	encode-core-hot	drop	E2	7	1165.57	15756	0
U-deep-u-repeated	corpus	encode-core-hot	drop	R	8	1187.76	17089	0
U-deep-u-repeated	corpus	encode-core-hot	drop	E2	8	1171.31	15756	0
U-deep-u-repeated	corpus	encode-core-hot	drop	E	8	1162.79	17241	0
U-deep-u-repeated	corpus	encode-core-hot	drop	E2	9	1156.30	15756	0
U-deep-u-repeated	corpus	encode-core-hot	drop	E	9	1197.53	17241	0
U-deep-u-repeated	corpus	encode-core-hot	drop	R	9	1180.91	17089	0
U-deep-u-repeated	corpus	encode-core-hot	drop	E	10	1164.65	17241	0
U-deep-u-repeated	corpus	encode-core-hot	drop	R	10	1174.38	17089	0
U-deep-u-repeated	corpus	encode-core-hot	drop	E2	10	1181.85	15756	0
U-deep-u-repeated	corpus	encode-core-hot	drop	R	11	1181.94	17089	0
U-deep-u-repeated	corpus	encode-core-hot	drop	E2	11	1178.74	15756	0
U-deep-u-repeated	corpus	encode-core-hot	drop	E	11	1179.82	17241	0
U-deep-u-repeated	corpus	encode-core-hot	drop	E2	12	1162.79	15756	0
U-deep-u-repeated	corpus	encode-core-hot	drop	E	12	1179.48	17241	0
U-deep-u-repeated	corpus	encode-core-hot	drop	R	12	1174.97	17089	0
U-deep-u-repeated	corpus	encode-core-hot	drop	E	13	1198.03	17241	0
U-deep-u-repeated	corpus	encode-core-hot	drop	R	13	1208.58	17089	0
U-deep-u-repeated	corpus	encode-core-hot	drop	E2	13	1189.72	15756	0
U-deep-u-repeated	corpus	encode-core-hot	drop	R	14	1199.19	17089	0
U-deep-u-repeated	corpus	encode-core-hot	drop	E2	14	1168.73	15756	0
U-deep-u-repeated	corpus	encode-core-hot	drop	E	14	1174.23	17241	0
U-deep-u-repeated	corpus	encode-core-hot	drop	E2	15	1199.12	15756	0
U-deep-u-repeated	corpus	encode-core-hot	drop	E	15	1158.13	17241	0
U-deep-u-repeated	corpus	encode-core-hot	drop	R	15	1171.64	17089	0
U-deep-u-repeated	corpus	encode-core-hot	drop	E	16	1163.63	17241	0
U-deep-u-repeated	corpus	encode-core-hot	drop	R	16	1183.91	17089	0
U-deep-u-repeated	corpus	encode-core-hot	drop	E2	16	1184.90	15756	0
U-deep-u-repeated	corpus	encode-core-hot	drop	R	17	1205.46	17089	0
U-deep-u-repeated	corpus	encode-core-hot	drop	E2	17	1164.82	15756	0
U-deep-u-repeated	corpus	encode-core-hot	drop	E	17	1163.23	17241	0
U-deep-u-repeated	corpus	encode-core-hot	drop	E2	18	1178.33	15756	0
U-deep-u-repeated	corpus	encode-core-hot	drop	E	18	1177.56	17241	0
U-deep-u-repeated	corpus	encode-core-hot	drop	R	18	1203.61	17089	0
U-deep-u-repeated	corpus	encode-core-hot	drop	E	19	1185.81	17241	0
U-deep-u-repeated	corpus	encode-core-hot	drop	R	19	1172.34	17089	0
U-deep-u-repeated	corpus	encode-core-hot	drop	E2	19	1196.49	15756	0
U-deep-u-repeated	corpus	encode-core-hot	drop	R	20	1186.01	17089	0
U-deep-u-repeated	corpus	encode-core-hot	drop	E2	20	1159.37	15756	0
U-deep-u-repeated	corpus	encode-core-hot	drop	E	20	1164.62	17241	0
U-deep-u-repeated	corpus	encode-core-hot	drop	E2	21	1161.50	15756	0
U-deep-u-repeated	corpus	encode-core-hot	drop	E	21	1159.28	17241	0
U-deep-u-repeated	corpus	encode-core-hot	drop	R	21	1182.55	17089	0
U-deep-u-repeated	corpus	encode-core-hot	retain	E	1	1665.89	11668	0
U-deep-u-repeated	corpus	encode-core-hot	retain	R	1	1721.55	11900	0
U-deep-u-repeated	corpus	encode-core-hot	retain	E2	1	1708.74	11796	0
U-deep-u-repeated	corpus	encode-core-hot	retain	R	2	1649.78	11900	0
U-deep-u-repeated	corpus	encode-core-hot	retain	E2	2	1707.90	11796	0
U-deep-u-repeated	corpus	encode-core-hot	retain	E	2	1690.51	11668	0
U-deep-u-repeated	corpus	encode-core-hot	retain	E2	3	1674.91	11796	0
U-deep-u-repeated	corpus	encode-core-hot	retain	E	3	1687.84	11668	0
U-deep-u-repeated	corpus	encode-core-hot	retain	R	3	1702.73	11900	0
U-deep-u-repeated	corpus	encode-core-hot	retain	E	4	1700.28	11668	0
U-deep-u-repeated	corpus	encode-core-hot	retain	R	4	1706.76	11900	0
U-deep-u-repeated	corpus	encode-core-hot	retain	E2	4	1715.97	11796	0
U-deep-u-repeated	corpus	encode-core-hot	retain	R	5	1666.79	11900	0
U-deep-u-repeated	corpus	encode-core-hot	retain	E2	5	1683.46	11796	0
U-deep-u-repeated	corpus	encode-core-hot	retain	E	5	1681.25	11668	0
U-deep-u-repeated	corpus	encode-core-hot	retain	E2	6	1694.73	11796	0
U-deep-u-repeated	corpus	encode-core-hot	retain	E	6	1673.70	11668	0
U-deep-u-repeated	corpus	encode-core-hot	retain	R	6	1713.85	11900	0
U-deep-u-repeated	corpus	encode-core-hot	retain	E	7	1688.97	11668	0
U-deep-u-repeated	corpus	encode-core-hot	retain	R	7	1691.22	11900	0
U-deep-u-repeated	corpus	encode-core-hot	retain	E2	7	1737.36	11796	0
U-deep-u-repeated	corpus	encode-core-hot	retain	R	8	1691.11	11900	0
U-deep-u-repeated	corpus	encode-core-hot	retain	E2	8	1700.23	11796	0
U-deep-u-repeated	corpus	encode-core-hot	retain	E	8	1695.46	11668	0
U-deep-u-repeated	corpus	encode-core-hot	retain	E2	9	1707.27	11796	0
U-deep-u-repeated	corpus	encode-core-hot	retain	E	9	1684.05	11668	0
U-deep-u-repeated	corpus	encode-core-hot	retain	R	9	1680.98	11900	0
U-deep-u-repeated	corpus	encode-core-hot	retain	E	10	1659.77	11668	0
U-deep-u-repeated	corpus	encode-core-hot	retain	R	10	1701.25	11900	0
U-deep-u-repeated	corpus	encode-core-hot	retain	E2	10	1718.46	11796	0
U-deep-u-repeated	corpus	encode-core-hot	retain	R	11	1697.17	11900	0
U-deep-u-repeated	corpus	encode-core-hot	retain	E2	11	1700.59	11796	0
U-deep-u-repeated	corpus	encode-core-hot	retain	E	11	1681.43	11668	0
U-deep-u-repeated	corpus	encode-core-hot	retain	E2	12	1706.18	11796	0
U-deep-u-repeated	corpus	encode-core-hot	retain	E	12	1708.70	11668	0
U-deep-u-repeated	corpus	encode-core-hot	retain	R	12	1697.97	11900	0
U-deep-u-repeated	corpus	encode-core-hot	retain	E	13	1684.77	11668	0
U-deep-u-repeated	corpus	encode-core-hot	retain	R	13	1674.45	11900	0
U-deep-u-repeated	corpus	encode-core-hot	retain	E2	13	1706.40	11796	0
U-deep-u-repeated	corpus	encode-core-hot	retain	R	14	1676.90	11900	0
U-deep-u-repeated	corpus	encode-core-hot	retain	E2	14	1702.91	11796	0
U-deep-u-repeated	corpus	encode-core-hot	retain	E	14	1756.40	11668	0
U-deep-u-repeated	corpus	encode-core-hot	retain	E2	15	1685.96	11796	0
U-deep-u-repeated	corpus	encode-core-hot	retain	E	15	1699.65	11668	0
U-deep-u-repeated	corpus	encode-core-hot	retain	R	15	1692.78	11900	0
U-deep-u-repeated	corpus	encode-core-hot	retain	E	16	1688.55	11668	0
U-deep-u-repeated	corpus	encode-core-hot	retain	R	16	1678.78	11900	0
U-deep-u-repeated	corpus	encode-core-hot	retain	E2	16	1684.36	11796	0
U-deep-u-repeated	corpus	encode-core-hot	retain	R	17	1683.25	11900	0
U-deep-u-repeated	corpus	encode-core-hot	retain	E2	17	1684.63	11796	0
U-deep-u-repeated	corpus	encode-core-hot	retain	E	17	1688.31	11668	0
U-deep-u-repeated	corpus	encode-core-hot	retain	E2	18	1721.94	11796	0
U-deep-u-repeated	corpus	encode-core-hot	retain	E	18	1689.20	11668	0
U-deep-u-repeated	corpus	encode-core-hot	retain	R	18	1685.06	11900	0
U-deep-u-repeated	corpus	encode-core-hot	retain	E	19	1709.67	11668	0
U-deep-u-repeated	corpus	encode-core-hot	retain	R	19	1681.69	11900	0
U-deep-u-repeated	corpus	encode-core-hot	retain	E2	19	1695.79	11796	0
U-deep-u-repeated	corpus	encode-core-hot	retain	R	20	1678.93	11900	0
U-deep-u-repeated	corpus	encode-core-hot	retain	E2	20	1696.02	11796	0
U-deep-u-repeated	corpus	encode-core-hot	retain	E	20	1705.96	11668	0
U-deep-u-repeated	corpus	encode-core-hot	retain	E2	21	1667.57	11796	0
U-deep-u-repeated	corpus	encode-core-hot	retain	E	21	1668.23	11668	0
U-deep-u-repeated	corpus	encode-core-hot	retain	R	21	1664.08	11900	0
U-oneof-u-repeated	corpus	decode-read	drop	E	1	237.44	87535	1
U-oneof-u-repeated	corpus	decode-read	drop	R	1	232.17	88534	0
U-oneof-u-repeated	corpus	decode-read	drop	E2	1	223.35	55444	1
U-oneof-u-repeated	corpus	decode-read	drop	R	2	219.56	88534	0
U-oneof-u-repeated	corpus	decode-read	drop	E2	2	222.74	55444	1
U-oneof-u-repeated	corpus	decode-read	drop	E	2	227.95	87535	1
U-oneof-u-repeated	corpus	decode-read	drop	E2	3	223.72	55444	1
U-oneof-u-repeated	corpus	decode-read	drop	E	3	225.67	87535	1
U-oneof-u-repeated	corpus	decode-read	drop	R	3	229.36	88534	0
U-oneof-u-repeated	corpus	decode-read	drop	E	4	227.02	87535	1
U-oneof-u-repeated	corpus	decode-read	drop	R	4	228.68	88534	0
U-oneof-u-repeated	corpus	decode-read	drop	E2	4	226.81	55444	1
U-oneof-u-repeated	corpus	decode-read	drop	R	5	223.00	88534	0
U-oneof-u-repeated	corpus	decode-read	drop	E2	5	225.33	55444	1
U-oneof-u-repeated	corpus	decode-read	drop	E	5	222.00	87535	1
U-oneof-u-repeated	corpus	decode-read	drop	E2	6	228.48	55444	1
U-oneof-u-repeated	corpus	decode-read	drop	E	6	224.74	87535	1
U-oneof-u-repeated	corpus	decode-read	drop	R	6	225.29	88534	0
U-oneof-u-repeated	corpus	decode-read	drop	E	7	225.39	87535	1
U-oneof-u-repeated	corpus	decode-read	drop	R	7	221.98	88534	0
U-oneof-u-repeated	corpus	decode-read	drop	E2	7	235.69	55444	1
U-oneof-u-repeated	corpus	decode-read	drop	R	8	222.89	88534	0
U-oneof-u-repeated	corpus	decode-read	drop	E2	8	223.88	55444	1
U-oneof-u-repeated	corpus	decode-read	drop	E	8	226.81	87535	1
U-oneof-u-repeated	corpus	decode-read	drop	E2	9	221.09	55444	1
U-oneof-u-repeated	corpus	decode-read	drop	E	9	226.20	87535	1
U-oneof-u-repeated	corpus	decode-read	drop	R	9	218.47	88534	0
U-oneof-u-repeated	corpus	decode-read	drop	E	10	222.57	87535	1
U-oneof-u-repeated	corpus	decode-read	drop	R	10	219.01	88534	0
U-oneof-u-repeated	corpus	decode-read	drop	E2	10	221.55	55444	1
U-oneof-u-repeated	corpus	decode-read	drop	R	11	222.70	88534	0
U-oneof-u-repeated	corpus	decode-read	drop	E2	11	226.08	55444	1
U-oneof-u-repeated	corpus	decode-read	drop	E	11	223.72	87535	1
U-oneof-u-repeated	corpus	decode-read	drop	E2	12	223.36	55444	1
U-oneof-u-repeated	corpus	decode-read	drop	E	12	222.49	87535	1
U-oneof-u-repeated	corpus	decode-read	drop	R	12	226.07	88534	0
U-oneof-u-repeated	corpus	decode-read	drop	E	13	223.25	87535	1
U-oneof-u-repeated	corpus	decode-read	drop	R	13	217.74	88534	0
U-oneof-u-repeated	corpus	decode-read	drop	E2	13	223.08	55444	1
U-oneof-u-repeated	corpus	decode-read	drop	R	14	219.20	88534	0
U-oneof-u-repeated	corpus	decode-read	drop	E2	14	228.96	55444	1
U-oneof-u-repeated	corpus	decode-read	drop	E	14	222.68	87535	1
U-oneof-u-repeated	corpus	decode-read	drop	E2	15	227.74	55444	1
U-oneof-u-repeated	corpus	decode-read	drop	E	15	222.81	87535	1
U-oneof-u-repeated	corpus	decode-read	drop	R	15	218.89	88534	0
U-oneof-u-repeated	corpus	decode-read	drop	E	16	225.71	87535	1
U-oneof-u-repeated	corpus	decode-read	drop	R	16	218.58	88534	0
U-oneof-u-repeated	corpus	decode-read	drop	E2	16	221.76	55444	1
U-oneof-u-repeated	corpus	decode-read	drop	R	17	219.21	88534	0
U-oneof-u-repeated	corpus	decode-read	drop	E2	17	220.79	55444	1
U-oneof-u-repeated	corpus	decode-read	drop	E	17	225.37	87535	1
U-oneof-u-repeated	corpus	decode-read	drop	E2	18	222.50	55444	1
U-oneof-u-repeated	corpus	decode-read	drop	E	18	222.39	87535	1
U-oneof-u-repeated	corpus	decode-read	drop	R	18	223.30	88534	0
U-oneof-u-repeated	corpus	decode-read	drop	E	19	221.08	87535	1
U-oneof-u-repeated	corpus	decode-read	drop	R	19	220.66	88534	0
U-oneof-u-repeated	corpus	decode-read	drop	E2	19	225.73	55444	1
U-oneof-u-repeated	corpus	decode-read	drop	R	20	222.52	88534	0
U-oneof-u-repeated	corpus	decode-read	drop	E2	20	223.24	55444	1
U-oneof-u-repeated	corpus	decode-read	drop	E	20	224.32	87535	1
U-oneof-u-repeated	corpus	decode-read	drop	E2	21	229.93	55444	1
U-oneof-u-repeated	corpus	decode-read	drop	E	21	221.73	87535	1
U-oneof-u-repeated	corpus	decode-read	drop	R	21	219.38	88534	0
U-oneof-u-repeated	corpus	decode-read	retain	E	1	287.11	70628	1
U-oneof-u-repeated	corpus	decode-read	retain	R	1	282.17	71097	0
U-oneof-u-repeated	corpus	decode-read	retain	E2	1	284.74	68085	1
U-oneof-u-repeated	corpus	decode-read	retain	R	2	282.50	71097	0
U-oneof-u-repeated	corpus	decode-read	retain	E2	2	287.05	68085	1
U-oneof-u-repeated	corpus	decode-read	retain	E	2	284.44	70628	1
U-oneof-u-repeated	corpus	decode-read	retain	E2	3	286.55	68085	1
U-oneof-u-repeated	corpus	decode-read	retain	E	3	283.60	70628	1
U-oneof-u-repeated	corpus	decode-read	retain	R	3	281.37	71097	0
U-oneof-u-repeated	corpus	decode-read	retain	E	4	288.09	70628	1
U-oneof-u-repeated	corpus	decode-read	retain	R	4	283.44	71097	0
U-oneof-u-repeated	corpus	decode-read	retain	E2	4	285.85	68085	1
U-oneof-u-repeated	corpus	decode-read	retain	R	5	281.15	71097	0
U-oneof-u-repeated	corpus	decode-read	retain	E2	5	286.03	68085	1
U-oneof-u-repeated	corpus	decode-read	retain	E	5	289.48	70628	1
U-oneof-u-repeated	corpus	decode-read	retain	E2	6	283.98	68085	1
U-oneof-u-repeated	corpus	decode-read	retain	E	6	282.97	70628	1
U-oneof-u-repeated	corpus	decode-read	retain	R	6	280.54	71097	0
U-oneof-u-repeated	corpus	decode-read	retain	E	7	289.04	70628	1
U-oneof-u-repeated	corpus	decode-read	retain	R	7	282.86	71097	0
U-oneof-u-repeated	corpus	decode-read	retain	E2	7	296.04	68085	1
U-oneof-u-repeated	corpus	decode-read	retain	R	8	283.89	71097	0
U-oneof-u-repeated	corpus	decode-read	retain	E2	8	285.11	68085	1
U-oneof-u-repeated	corpus	decode-read	retain	E	8	290.41	70628	1
U-oneof-u-repeated	corpus	decode-read	retain	E2	9	282.64	68085	1
U-oneof-u-repeated	corpus	decode-read	retain	E	9	284.23	70628	1
U-oneof-u-repeated	corpus	decode-read	retain	R	9	279.85	71097	0
U-oneof-u-repeated	corpus	decode-read	retain	E	10	283.98	70628	1
U-oneof-u-repeated	corpus	decode-read	retain	R	10	284.65	71097	0
U-oneof-u-repeated	corpus	decode-read	retain	E2	10	283.72	68085	1
U-oneof-u-repeated	corpus	decode-read	retain	R	11	281.01	71097	0
U-oneof-u-repeated	corpus	decode-read	retain	E2	11	285.84	68085	1
U-oneof-u-repeated	corpus	decode-read	retain	E	11	282.71	70628	1
U-oneof-u-repeated	corpus	decode-read	retain	E2	12	287.99	68085	1
U-oneof-u-repeated	corpus	decode-read	retain	E	12	282.64	70628	1
U-oneof-u-repeated	corpus	decode-read	retain	R	12	280.81	71097	0
U-oneof-u-repeated	corpus	decode-read	retain	E	13	281.52	70628	1
U-oneof-u-repeated	corpus	decode-read	retain	R	13	282.88	71097	0
U-oneof-u-repeated	corpus	decode-read	retain	E2	13	287.78	68085	1
U-oneof-u-repeated	corpus	decode-read	retain	R	14	277.49	71097	0
U-oneof-u-repeated	corpus	decode-read	retain	E2	14	283.37	68085	1
U-oneof-u-repeated	corpus	decode-read	retain	E	14	284.89	70628	1
U-oneof-u-repeated	corpus	decode-read	retain	E2	15	280.67	68085	1
U-oneof-u-repeated	corpus	decode-read	retain	E	15	287.18	70628	1
U-oneof-u-repeated	corpus	decode-read	retain	R	15	279.59	71097	0
U-oneof-u-repeated	corpus	decode-read	retain	E	16	285.10	70628	1
U-oneof-u-repeated	corpus	decode-read	retain	R	16	278.67	71097	0
U-oneof-u-repeated	corpus	decode-read	retain	E2	16	281.16	68085	1
U-oneof-u-repeated	corpus	decode-read	retain	R	17	281.65	71097	0
U-oneof-u-repeated	corpus	decode-read	retain	E2	17	280.90	68085	1
U-oneof-u-repeated	corpus	decode-read	retain	E	17	284.66	70628	1
U-oneof-u-repeated	corpus	decode-read	retain	E2	18	284.48	68085	1
U-oneof-u-repeated	corpus	decode-read	retain	E	18	287.51	70628	1
U-oneof-u-repeated	corpus	decode-read	retain	R	18	284.89	71097	0
U-oneof-u-repeated	corpus	decode-read	retain	E	19	286.34	70628	1
U-oneof-u-repeated	corpus	decode-read	retain	R	19	282.45	71097	0
U-oneof-u-repeated	corpus	decode-read	retain	E2	19	282.35	68085	1
U-oneof-u-repeated	corpus	decode-read	retain	R	20	290.30	71097	0
U-oneof-u-repeated	corpus	decode-read	retain	E2	20	292.01	68085	1
U-oneof-u-repeated	corpus	decode-read	retain	E	20	288.34	70628	1
U-oneof-u-repeated	corpus	decode-read	retain	E2	21	288.49	68085	1
U-oneof-u-repeated	corpus	decode-read	retain	E	21	284.83	70628	1
U-oneof-u-repeated	corpus	decode-read	retain	R	21	288.67	71097	0
U-oneof-u-repeated	corpus	encode-core-hot	drop	E	1	108.73	181586	0
U-oneof-u-repeated	corpus	encode-core-hot	drop	R	1	107.55	190414	0
U-oneof-u-repeated	corpus	encode-core-hot	drop	E2	1	108.15	181566	0
U-oneof-u-repeated	corpus	encode-core-hot	drop	R	2	107.46	190414	0
U-oneof-u-repeated	corpus	encode-core-hot	drop	E2	2	108.75	181566	0
U-oneof-u-repeated	corpus	encode-core-hot	drop	E	2	111.21	181586	0
U-oneof-u-repeated	corpus	encode-core-hot	drop	E2	3	107.94	181566	0
U-oneof-u-repeated	corpus	encode-core-hot	drop	E	3	108.57	181586	0
U-oneof-u-repeated	corpus	encode-core-hot	drop	R	3	107.39	190414	0
U-oneof-u-repeated	corpus	encode-core-hot	drop	E	4	107.66	181586	0
U-oneof-u-repeated	corpus	encode-core-hot	drop	R	4	107.59	190414	0
U-oneof-u-repeated	corpus	encode-core-hot	drop	E2	4	106.23	181566	0
U-oneof-u-repeated	corpus	encode-core-hot	drop	R	5	107.00	190414	0
U-oneof-u-repeated	corpus	encode-core-hot	drop	E2	5	107.22	181566	0
U-oneof-u-repeated	corpus	encode-core-hot	drop	E	5	107.54	181586	0
U-oneof-u-repeated	corpus	encode-core-hot	drop	E2	6	107.52	181566	0
U-oneof-u-repeated	corpus	encode-core-hot	drop	E	6	107.98	181586	0
U-oneof-u-repeated	corpus	encode-core-hot	drop	R	6	107.43	190414	0
U-oneof-u-repeated	corpus	encode-core-hot	drop	E	7	107.67	181586	0
U-oneof-u-repeated	corpus	encode-core-hot	drop	R	7	107.53	190414	0
U-oneof-u-repeated	corpus	encode-core-hot	drop	E2	7	107.65	181566	0
U-oneof-u-repeated	corpus	encode-core-hot	drop	R	8	107.57	190414	0
U-oneof-u-repeated	corpus	encode-core-hot	drop	E2	8	108.10	181566	0
U-oneof-u-repeated	corpus	encode-core-hot	drop	E	8	107.74	181586	0
U-oneof-u-repeated	corpus	encode-core-hot	drop	E2	9	107.65	181566	0
U-oneof-u-repeated	corpus	encode-core-hot	drop	E	9	107.72	181586	0
U-oneof-u-repeated	corpus	encode-core-hot	drop	R	9	106.84	190414	0
U-oneof-u-repeated	corpus	encode-core-hot	drop	E	10	106.46	181586	0
U-oneof-u-repeated	corpus	encode-core-hot	drop	R	10	107.24	190414	0
U-oneof-u-repeated	corpus	encode-core-hot	drop	E2	10	108.01	181566	0
U-oneof-u-repeated	corpus	encode-core-hot	drop	R	11	107.48	190414	0
U-oneof-u-repeated	corpus	encode-core-hot	drop	E2	11	107.16	181566	0
U-oneof-u-repeated	corpus	encode-core-hot	drop	E	11	107.31	181586	0
U-oneof-u-repeated	corpus	encode-core-hot	drop	E2	12	107.28	181566	0
U-oneof-u-repeated	corpus	encode-core-hot	drop	E	12	107.59	181586	0
U-oneof-u-repeated	corpus	encode-core-hot	drop	R	12	107.14	190414	0
U-oneof-u-repeated	corpus	encode-core-hot	drop	E	13	108.19	181586	0
U-oneof-u-repeated	corpus	encode-core-hot	drop	R	13	106.95	190414	0
U-oneof-u-repeated	corpus	encode-core-hot	drop	E2	13	107.37	181566	0
U-oneof-u-repeated	corpus	encode-core-hot	drop	R	14	107.05	190414	0
U-oneof-u-repeated	corpus	encode-core-hot	drop	E2	14	106.17	181566	0
U-oneof-u-repeated	corpus	encode-core-hot	drop	E	14	106.39	181586	0
U-oneof-u-repeated	corpus	encode-core-hot	drop	E2	15	110.51	181566	0
U-oneof-u-repeated	corpus	encode-core-hot	drop	E	15	109.74	181586	0
U-oneof-u-repeated	corpus	encode-core-hot	drop	R	15	106.75	190414	0
U-oneof-u-repeated	corpus	encode-core-hot	drop	E	16	108.58	181586	0
U-oneof-u-repeated	corpus	encode-core-hot	drop	R	16	106.59	190414	0
U-oneof-u-repeated	corpus	encode-core-hot	drop	E2	16	106.69	181566	0
U-oneof-u-repeated	corpus	encode-core-hot	drop	R	17	107.91	190414	0
U-oneof-u-repeated	corpus	encode-core-hot	drop	E2	17	108.20	181566	0
U-oneof-u-repeated	corpus	encode-core-hot	drop	E	17	108.30	181586	0
U-oneof-u-repeated	corpus	encode-core-hot	drop	E2	18	107.81	181566	0
U-oneof-u-repeated	corpus	encode-core-hot	drop	E	18	108.06	181586	0
U-oneof-u-repeated	corpus	encode-core-hot	drop	R	18	108.47	190414	0
U-oneof-u-repeated	corpus	encode-core-hot	drop	E	19	108.31	181586	0
U-oneof-u-repeated	corpus	encode-core-hot	drop	R	19	108.51	190414	0
U-oneof-u-repeated	corpus	encode-core-hot	drop	E2	19	111.74	181566	0
U-oneof-u-repeated	corpus	encode-core-hot	drop	R	20	108.01	190414	0
U-oneof-u-repeated	corpus	encode-core-hot	drop	E2	20	108.78	181566	0
U-oneof-u-repeated	corpus	encode-core-hot	drop	E	20	109.25	181586	0
U-oneof-u-repeated	corpus	encode-core-hot	drop	E2	21	108.48	181566	0
U-oneof-u-repeated	corpus	encode-core-hot	drop	E	21	110.23	181586	0
U-oneof-u-repeated	corpus	encode-core-hot	drop	R	21	108.46	190414	0
U-oneof-u-repeated	corpus	encode-core-hot	retain	E	1	125.26	155006	0
U-oneof-u-repeated	corpus	encode-core-hot	retain	R	1	124.70	162843	0
U-oneof-u-repeated	corpus	encode-core-hot	retain	E2	1	125.31	154758	0
U-oneof-u-repeated	corpus	encode-core-hot	retain	R	2	125.57	162843	0
U-oneof-u-repeated	corpus	encode-core-hot	retain	E2	2	125.40	154758	0
U-oneof-u-repeated	corpus	encode-core-hot	retain	E	2	125.08	155006	0
U-oneof-u-repeated	corpus	encode-core-hot	retain	E2	3	125.40	154758	0
U-oneof-u-repeated	corpus	encode-core-hot	retain	E	3	124.88	155006	0
U-oneof-u-repeated	corpus	encode-core-hot	retain	R	3	130.20	162843	0
U-oneof-u-repeated	corpus	encode-core-hot	retain	E	4	124.93	155006	0
U-oneof-u-repeated	corpus	encode-core-hot	retain	R	4	124.94	162843	0
U-oneof-u-repeated	corpus	encode-core-hot	retain	E2	4	124.27	154758	0
U-oneof-u-repeated	corpus	encode-core-hot	retain	R	5	125.23	162843	0
U-oneof-u-repeated	corpus	encode-core-hot	retain	E2	5	126.54	154758	0
U-oneof-u-repeated	corpus	encode-core-hot	retain	E	5	124.45	155006	0
U-oneof-u-repeated	corpus	encode-core-hot	retain	E2	6	125.39	154758	0
U-oneof-u-repeated	corpus	encode-core-hot	retain	E	6	125.83	155006	0
U-oneof-u-repeated	corpus	encode-core-hot	retain	R	6	127.85	162843	0
U-oneof-u-repeated	corpus	encode-core-hot	retain	E	7	127.06	155006	0
U-oneof-u-repeated	corpus	encode-core-hot	retain	R	7	126.14	162843	0
U-oneof-u-repeated	corpus	encode-core-hot	retain	E2	7	126.37	154758	0
U-oneof-u-repeated	corpus	encode-core-hot	retain	R	8	128.13	162843	0
U-oneof-u-repeated	corpus	encode-core-hot	retain	E2	8	126.24	154758	0
U-oneof-u-repeated	corpus	encode-core-hot	retain	E	8	126.55	155006	0
U-oneof-u-repeated	corpus	encode-core-hot	retain	E2	9	127.03	154758	0
U-oneof-u-repeated	corpus	encode-core-hot	retain	E	9	124.94	155006	0
U-oneof-u-repeated	corpus	encode-core-hot	retain	R	9	124.98	162843	0
U-oneof-u-repeated	corpus	encode-core-hot	retain	E	10	125.32	155006	0
U-oneof-u-repeated	corpus	encode-core-hot	retain	R	10	126.28	162843	0
U-oneof-u-repeated	corpus	encode-core-hot	retain	E2	10	125.09	154758	0
U-oneof-u-repeated	corpus	encode-core-hot	retain	R	11	124.13	162843	0
U-oneof-u-repeated	corpus	encode-core-hot	retain	E2	11	126.40	154758	0
U-oneof-u-repeated	corpus	encode-core-hot	retain	E	11	125.91	155006	0
U-oneof-u-repeated	corpus	encode-core-hot	retain	E2	12	126.30	154758	0
U-oneof-u-repeated	corpus	encode-core-hot	retain	E	12	126.57	155006	0
U-oneof-u-repeated	corpus	encode-core-hot	retain	R	12	126.65	162843	0
U-oneof-u-repeated	corpus	encode-core-hot	retain	E	13	126.34	155006	0
U-oneof-u-repeated	corpus	encode-core-hot	retain	R	13	125.35	162843	0
U-oneof-u-repeated	corpus	encode-core-hot	retain	E2	13	126.06	154758	0
U-oneof-u-repeated	corpus	encode-core-hot	retain	R	14	125.03	162843	0
U-oneof-u-repeated	corpus	encode-core-hot	retain	E2	14	130.11	154758	0
U-oneof-u-repeated	corpus	encode-core-hot	retain	E	14	126.44	155006	0
U-oneof-u-repeated	corpus	encode-core-hot	retain	E2	15	126.43	154758	0
U-oneof-u-repeated	corpus	encode-core-hot	retain	E	15	129.37	155006	0
U-oneof-u-repeated	corpus	encode-core-hot	retain	R	15	125.53	162843	0
U-oneof-u-repeated	corpus	encode-core-hot	retain	E	16	126.29	155006	0
U-oneof-u-repeated	corpus	encode-core-hot	retain	R	16	127.46	162843	0
U-oneof-u-repeated	corpus	encode-core-hot	retain	E2	16	126.16	154758	0
U-oneof-u-repeated	corpus	encode-core-hot	retain	R	17	127.83	162843	0
U-oneof-u-repeated	corpus	encode-core-hot	retain	E2	17	126.15	154758	0
U-oneof-u-repeated	corpus	encode-core-hot	retain	E	17	130.69	155006	0
U-oneof-u-repeated	corpus	encode-core-hot	retain	E2	18	125.48	154758	0
U-oneof-u-repeated	corpus	encode-core-hot	retain	E	18	128.80	155006	0
U-oneof-u-repeated	corpus	encode-core-hot	retain	R	18	127.80	162843	0
U-oneof-u-repeated	corpus	encode-core-hot	retain	E	19	126.78	155006	0
U-oneof-u-repeated	corpus	encode-core-hot	retain	R	19	127.15	162843	0
U-oneof-u-repeated	corpus	encode-core-hot	retain	E2	19	125.53	154758	0
U-oneof-u-repeated	corpus	encode-core-hot	retain	R	20	125.73	162843	0
U-oneof-u-repeated	corpus	encode-core-hot	retain	E2	20	126.90	154758	0
U-oneof-u-repeated	corpus	encode-core-hot	retain	E	20	132.72	155006	0
U-oneof-u-repeated	corpus	encode-core-hot	retain	E2	21	126.74	154758	0
U-oneof-u-repeated	corpus	encode-core-hot	retain	E	21	126.11	155006	0
U-oneof-u-repeated	corpus	encode-core-hot	retain	R	21	128.20	162843	0
U-wire-ListTaskSummaryResponse-tasks-as-wt5	corpus	decode-read	drop	E	1	2484.31	8044	1
U-wire-ListTaskSummaryResponse-tasks-as-wt5	corpus	decode-read	drop	R	1	2457.89	8132	0
U-wire-ListTaskSummaryResponse-tasks-as-wt5	corpus	decode-read	drop	E2	1	2449.22	8150	1
U-wire-ListTaskSummaryResponse-tasks-as-wt5	corpus	decode-read	drop	R	2	2496.04	8132	0
U-wire-ListTaskSummaryResponse-tasks-as-wt5	corpus	decode-read	drop	E2	2	2584.06	8150	1
U-wire-ListTaskSummaryResponse-tasks-as-wt5	corpus	decode-read	drop	E	2	2565.07	8044	1
U-wire-ListTaskSummaryResponse-tasks-as-wt5	corpus	decode-read	drop	E2	3	2964.51	8150	1
U-wire-ListTaskSummaryResponse-tasks-as-wt5	corpus	decode-read	drop	E	3	2848.33	8044	1
U-wire-ListTaskSummaryResponse-tasks-as-wt5	corpus	decode-read	drop	R	3	2637.94	8132	0
U-wire-ListTaskSummaryResponse-tasks-as-wt5	corpus	decode-read	drop	E	4	2706.20	8044	1
U-wire-ListTaskSummaryResponse-tasks-as-wt5	corpus	decode-read	drop	R	4	2628.65	8132	0
U-wire-ListTaskSummaryResponse-tasks-as-wt5	corpus	decode-read	drop	E2	4	2532.81	8150	1
U-wire-ListTaskSummaryResponse-tasks-as-wt5	corpus	decode-read	drop	R	5	2603.99	8132	0
U-wire-ListTaskSummaryResponse-tasks-as-wt5	corpus	decode-read	drop	E2	5	2622.59	8150	1
U-wire-ListTaskSummaryResponse-tasks-as-wt5	corpus	decode-read	drop	E	5	2525.48	8044	1
U-wire-ListTaskSummaryResponse-tasks-as-wt5	corpus	decode-read	drop	E2	6	2820.38	8150	1
U-wire-ListTaskSummaryResponse-tasks-as-wt5	corpus	decode-read	drop	E	6	2565.18	8044	1
U-wire-ListTaskSummaryResponse-tasks-as-wt5	corpus	decode-read	drop	R	6	2565.15	8132	0
U-wire-ListTaskSummaryResponse-tasks-as-wt5	corpus	decode-read	drop	E	7	2504.88	8044	1
U-wire-ListTaskSummaryResponse-tasks-as-wt5	corpus	decode-read	drop	R	7	2458.75	8132	0
U-wire-ListTaskSummaryResponse-tasks-as-wt5	corpus	decode-read	drop	E2	7	2457.11	8150	1
U-wire-ListTaskSummaryResponse-tasks-as-wt5	corpus	decode-read	drop	R	8	2449.14	8132	0
U-wire-ListTaskSummaryResponse-tasks-as-wt5	corpus	decode-read	drop	E2	8	2487.76	8150	1
U-wire-ListTaskSummaryResponse-tasks-as-wt5	corpus	decode-read	drop	E	8	2517.51	8044	1
U-wire-ListTaskSummaryResponse-tasks-as-wt5	corpus	decode-read	drop	E2	9	2457.51	8150	1
U-wire-ListTaskSummaryResponse-tasks-as-wt5	corpus	decode-read	drop	E	9	2622.23	8044	1
U-wire-ListTaskSummaryResponse-tasks-as-wt5	corpus	decode-read	drop	R	9	2546.52	8132	0
U-wire-ListTaskSummaryResponse-tasks-as-wt5	corpus	decode-read	drop	E	10	2615.69	8044	1
U-wire-ListTaskSummaryResponse-tasks-as-wt5	corpus	decode-read	drop	R	10	2521.75	8132	0
U-wire-ListTaskSummaryResponse-tasks-as-wt5	corpus	decode-read	drop	E2	10	2545.96	8150	1
U-wire-ListTaskSummaryResponse-tasks-as-wt5	corpus	decode-read	drop	R	11	2550.56	8132	0
U-wire-ListTaskSummaryResponse-tasks-as-wt5	corpus	decode-read	drop	E2	11	2486.57	8150	1
U-wire-ListTaskSummaryResponse-tasks-as-wt5	corpus	decode-read	drop	E	11	2675.41	8044	1
U-wire-ListTaskSummaryResponse-tasks-as-wt5	corpus	decode-read	drop	E2	12	2566.86	8150	1
U-wire-ListTaskSummaryResponse-tasks-as-wt5	corpus	decode-read	drop	E	12	2572.87	8044	1
U-wire-ListTaskSummaryResponse-tasks-as-wt5	corpus	decode-read	drop	R	12	2573.97	8132	0
U-wire-ListTaskSummaryResponse-tasks-as-wt5	corpus	decode-read	drop	E	13	3898.09	8044	1
U-wire-ListTaskSummaryResponse-tasks-as-wt5	corpus	decode-read	drop	R	13	3120.80	8132	0
U-wire-ListTaskSummaryResponse-tasks-as-wt5	corpus	decode-read	drop	E2	13	2574.84	8150	1
U-wire-ListTaskSummaryResponse-tasks-as-wt5	corpus	decode-read	drop	R	14	2509.57	8132	0
U-wire-ListTaskSummaryResponse-tasks-as-wt5	corpus	decode-read	drop	E2	14	2499.90	8150	1
U-wire-ListTaskSummaryResponse-tasks-as-wt5	corpus	decode-read	drop	E	14	2475.67	8044	1
U-wire-ListTaskSummaryResponse-tasks-as-wt5	corpus	decode-read	drop	E2	15	2528.67	8150	1
U-wire-ListTaskSummaryResponse-tasks-as-wt5	corpus	decode-read	drop	E	15	2884.06	8044	1
U-wire-ListTaskSummaryResponse-tasks-as-wt5	corpus	decode-read	drop	R	15	2793.37	8132	0
U-wire-ListTaskSummaryResponse-tasks-as-wt5	corpus	decode-read	drop	E	16	2618.03	8044	1
U-wire-ListTaskSummaryResponse-tasks-as-wt5	corpus	decode-read	drop	R	16	2632.99	8132	0
U-wire-ListTaskSummaryResponse-tasks-as-wt5	corpus	decode-read	drop	E2	16	2528.67	8150	1
U-wire-ListTaskSummaryResponse-tasks-as-wt5	corpus	decode-read	drop	R	17	2465.90	8132	0
U-wire-ListTaskSummaryResponse-tasks-as-wt5	corpus	decode-read	drop	E2	17	2491.05	8150	1
U-wire-ListTaskSummaryResponse-tasks-as-wt5	corpus	decode-read	drop	E	17	2459.72	8044	1
U-wire-ListTaskSummaryResponse-tasks-as-wt5	corpus	decode-read	drop	E2	18	2473.54	8150	1
U-wire-ListTaskSummaryResponse-tasks-as-wt5	corpus	decode-read	drop	E	18	2595.84	8044	1
U-wire-ListTaskSummaryResponse-tasks-as-wt5	corpus	decode-read	drop	R	18	2604.60	8132	0
U-wire-ListTaskSummaryResponse-tasks-as-wt5	corpus	decode-read	drop	E	19	2529.40	8044	1
U-wire-ListTaskSummaryResponse-tasks-as-wt5	corpus	decode-read	drop	R	19	2576.96	8132	0
U-wire-ListTaskSummaryResponse-tasks-as-wt5	corpus	decode-read	drop	E2	19	2544.65	8150	1
U-wire-ListTaskSummaryResponse-tasks-as-wt5	corpus	decode-read	drop	R	20	2554.69	8132	0
U-wire-ListTaskSummaryResponse-tasks-as-wt5	corpus	decode-read	drop	E2	20	2556.55	8150	1
U-wire-ListTaskSummaryResponse-tasks-as-wt5	corpus	decode-read	drop	E	20	2496.60	8044	1
U-wire-ListTaskSummaryResponse-tasks-as-wt5	corpus	decode-read	drop	E2	21	2511.37	8150	1
U-wire-ListTaskSummaryResponse-tasks-as-wt5	corpus	decode-read	drop	E	21	2573.55	8044	1
U-wire-ListTaskSummaryResponse-tasks-as-wt5	corpus	decode-read	drop	R	21	2567.66	8132	0
U-wire-ListTaskSummaryResponse-tasks-as-wt5	corpus	decode-read	retain	E	1	2728.82	7593	1
U-wire-ListTaskSummaryResponse-tasks-as-wt5	corpus	decode-read	retain	R	1	2755.31	4298	0
U-wire-ListTaskSummaryResponse-tasks-as-wt5	corpus	decode-read	retain	E2	1	2661.95	7007	1
U-wire-ListTaskSummaryResponse-tasks-as-wt5	corpus	decode-read	retain	R	2	2640.29	4298	0
U-wire-ListTaskSummaryResponse-tasks-as-wt5	corpus	decode-read	retain	E2	2	2571.75	7007	1
U-wire-ListTaskSummaryResponse-tasks-as-wt5	corpus	decode-read	retain	E	2	2569.51	7593	1
U-wire-ListTaskSummaryResponse-tasks-as-wt5	corpus	decode-read	retain	E2	3	2661.37	7007	1
U-wire-ListTaskSummaryResponse-tasks-as-wt5	corpus	decode-read	retain	E	3	2572.39	7593	1
U-wire-ListTaskSummaryResponse-tasks-as-wt5	corpus	decode-read	retain	R	3	2604.43	4298	0
U-wire-ListTaskSummaryResponse-tasks-as-wt5	corpus	decode-read	retain	E	4	2613.45	7593	1
U-wire-ListTaskSummaryResponse-tasks-as-wt5	corpus	decode-read	retain	R	4	2675.53	4298	0
U-wire-ListTaskSummaryResponse-tasks-as-wt5	corpus	decode-read	retain	E2	4	2713.55	7007	1
U-wire-ListTaskSummaryResponse-tasks-as-wt5	corpus	decode-read	retain	R	5	2761.47	4298	0
U-wire-ListTaskSummaryResponse-tasks-as-wt5	corpus	decode-read	retain	E2	5	2558.71	7007	1
U-wire-ListTaskSummaryResponse-tasks-as-wt5	corpus	decode-read	retain	E	5	2601.65	7593	1
U-wire-ListTaskSummaryResponse-tasks-as-wt5	corpus	decode-read	retain	E2	6	2577.94	7007	1
U-wire-ListTaskSummaryResponse-tasks-as-wt5	corpus	decode-read	retain	E	6	2604.56	7593	1
U-wire-ListTaskSummaryResponse-tasks-as-wt5	corpus	decode-read	retain	R	6	2633.48	4298	0
U-wire-ListTaskSummaryResponse-tasks-as-wt5	corpus	decode-read	retain	E	7	2639.73	7593	1
U-wire-ListTaskSummaryResponse-tasks-as-wt5	corpus	decode-read	retain	R	7	2609.81	4298	0
U-wire-ListTaskSummaryResponse-tasks-as-wt5	corpus	decode-read	retain	E2	7	2562.44	7007	1
U-wire-ListTaskSummaryResponse-tasks-as-wt5	corpus	decode-read	retain	R	8	2565.93	4298	0
U-wire-ListTaskSummaryResponse-tasks-as-wt5	corpus	decode-read	retain	E2	8	2534.64	7007	1
U-wire-ListTaskSummaryResponse-tasks-as-wt5	corpus	decode-read	retain	E	8	2588.14	7593	1
U-wire-ListTaskSummaryResponse-tasks-as-wt5	corpus	decode-read	retain	E2	9	2604.22	7007	1
U-wire-ListTaskSummaryResponse-tasks-as-wt5	corpus	decode-read	retain	E	9	2605.70	7593	1
U-wire-ListTaskSummaryResponse-tasks-as-wt5	corpus	decode-read	retain	R	9	2628.96	4298	0
U-wire-ListTaskSummaryResponse-tasks-as-wt5	corpus	decode-read	retain	E	10	2534.98	7593	1
U-wire-ListTaskSummaryResponse-tasks-as-wt5	corpus	decode-read	retain	R	10	2629.72	4298	0
U-wire-ListTaskSummaryResponse-tasks-as-wt5	corpus	decode-read	retain	E2	10	2558.49	7007	1
U-wire-ListTaskSummaryResponse-tasks-as-wt5	corpus	decode-read	retain	R	11	2572.40	4298	0
U-wire-ListTaskSummaryResponse-tasks-as-wt5	corpus	decode-read	retain	E2	11	2617.48	7007	1
U-wire-ListTaskSummaryResponse-tasks-as-wt5	corpus	decode-read	retain	E	11	2569.30	7593	1
U-wire-ListTaskSummaryResponse-tasks-as-wt5	corpus	decode-read	retain	E2	12	2574.82	7007	1
U-wire-ListTaskSummaryResponse-tasks-as-wt5	corpus	decode-read	retain	E	12	2540.27	7593	1
U-wire-ListTaskSummaryResponse-tasks-as-wt5	corpus	decode-read	retain	R	12	2563.48	4298	0
U-wire-ListTaskSummaryResponse-tasks-as-wt5	corpus	decode-read	retain	E	13	2569.21	7593	1
U-wire-ListTaskSummaryResponse-tasks-as-wt5	corpus	decode-read	retain	R	13	2699.64	4298	0
U-wire-ListTaskSummaryResponse-tasks-as-wt5	corpus	decode-read	retain	E2	13	2578.44	7007	1
U-wire-ListTaskSummaryResponse-tasks-as-wt5	corpus	decode-read	retain	R	14	2610.67	4298	0
U-wire-ListTaskSummaryResponse-tasks-as-wt5	corpus	decode-read	retain	E2	14	2567.44	7007	1
U-wire-ListTaskSummaryResponse-tasks-as-wt5	corpus	decode-read	retain	E	14	2526.14	7593	1
U-wire-ListTaskSummaryResponse-tasks-as-wt5	corpus	decode-read	retain	E2	15	2530.62	7007	1
U-wire-ListTaskSummaryResponse-tasks-as-wt5	corpus	decode-read	retain	E	15	2601.48	7593	1
U-wire-ListTaskSummaryResponse-tasks-as-wt5	corpus	decode-read	retain	R	15	2547.09	4298	0
U-wire-ListTaskSummaryResponse-tasks-as-wt5	corpus	decode-read	retain	E	16	2540.69	7593	1
U-wire-ListTaskSummaryResponse-tasks-as-wt5	corpus	decode-read	retain	R	16	2645.92	4298	0
U-wire-ListTaskSummaryResponse-tasks-as-wt5	corpus	decode-read	retain	E2	16	2571.57	7007	1
U-wire-ListTaskSummaryResponse-tasks-as-wt5	corpus	decode-read	retain	R	17	2578.57	4298	0
U-wire-ListTaskSummaryResponse-tasks-as-wt5	corpus	decode-read	retain	E2	17	2532.95	7007	1
U-wire-ListTaskSummaryResponse-tasks-as-wt5	corpus	decode-read	retain	E	17	2594.66	7593	1
U-wire-ListTaskSummaryResponse-tasks-as-wt5	corpus	decode-read	retain	E2	18	2527.38	7007	1
U-wire-ListTaskSummaryResponse-tasks-as-wt5	corpus	decode-read	retain	E	18	2525.28	7593	1
U-wire-ListTaskSummaryResponse-tasks-as-wt5	corpus	decode-read	retain	R	18	2546.57	4298	0
U-wire-ListTaskSummaryResponse-tasks-as-wt5	corpus	decode-read	retain	E	19	2512.87	7593	1
U-wire-ListTaskSummaryResponse-tasks-as-wt5	corpus	decode-read	retain	R	19	2551.58	4298	0
U-wire-ListTaskSummaryResponse-tasks-as-wt5	corpus	decode-read	retain	E2	19	2569.35	7007	1
U-wire-ListTaskSummaryResponse-tasks-as-wt5	corpus	decode-read	retain	R	20	2538.58	4298	0
U-wire-ListTaskSummaryResponse-tasks-as-wt5	corpus	decode-read	retain	E2	20	2534.15	7007	1
U-wire-ListTaskSummaryResponse-tasks-as-wt5	corpus	decode-read	retain	E	20	2543.00	7593	1
U-wire-ListTaskSummaryResponse-tasks-as-wt5	corpus	decode-read	retain	E2	21	2690.13	7007	1
U-wire-ListTaskSummaryResponse-tasks-as-wt5	corpus	decode-read	retain	E	21	2538.34	7593	1
U-wire-ListTaskSummaryResponse-tasks-as-wt5	corpus	decode-read	retain	R	21	2613.21	4298	0
U-wire-ListTaskSummaryResponse-tasks-as-wt5	corpus	encode-core-hot	drop	E	1	1161.48	18109	0
U-wire-ListTaskSummaryResponse-tasks-as-wt5	corpus	encode-core-hot	drop	R	1	1136.26	16548	0
U-wire-ListTaskSummaryResponse-tasks-as-wt5	corpus	encode-core-hot	drop	E2	1	1176.20	16448	0
U-wire-ListTaskSummaryResponse-tasks-as-wt5	corpus	encode-core-hot	drop	R	2	1133.55	16548	0
U-wire-ListTaskSummaryResponse-tasks-as-wt5	corpus	encode-core-hot	drop	E2	2	1144.70	16448	0
U-wire-ListTaskSummaryResponse-tasks-as-wt5	corpus	encode-core-hot	drop	E	2	1141.75	18109	0
U-wire-ListTaskSummaryResponse-tasks-as-wt5	corpus	encode-core-hot	drop	E2	3	1153.74	16448	0
U-wire-ListTaskSummaryResponse-tasks-as-wt5	corpus	encode-core-hot	drop	E	3	1146.55	18109	0
U-wire-ListTaskSummaryResponse-tasks-as-wt5	corpus	encode-core-hot	drop	R	3	1147.97	16548	0
U-wire-ListTaskSummaryResponse-tasks-as-wt5	corpus	encode-core-hot	drop	E	4	1131.86	18109	0
U-wire-ListTaskSummaryResponse-tasks-as-wt5	corpus	encode-core-hot	drop	R	4	1138.09	16548	0
U-wire-ListTaskSummaryResponse-tasks-as-wt5	corpus	encode-core-hot	drop	E2	4	1167.89	16448	0
U-wire-ListTaskSummaryResponse-tasks-as-wt5	corpus	encode-core-hot	drop	R	5	1141.49	16548	0
U-wire-ListTaskSummaryResponse-tasks-as-wt5	corpus	encode-core-hot	drop	E2	5	1136.47	16448	0
U-wire-ListTaskSummaryResponse-tasks-as-wt5	corpus	encode-core-hot	drop	E	5	1128.55	18109	0
U-wire-ListTaskSummaryResponse-tasks-as-wt5	corpus	encode-core-hot	drop	E2	6	1130.55	16448	0
U-wire-ListTaskSummaryResponse-tasks-as-wt5	corpus	encode-core-hot	drop	E	6	1131.78	18109	0
U-wire-ListTaskSummaryResponse-tasks-as-wt5	corpus	encode-core-hot	drop	R	6	1137.22	16548	0
U-wire-ListTaskSummaryResponse-tasks-as-wt5	corpus	encode-core-hot	drop	E	7	1144.13	18109	0
U-wire-ListTaskSummaryResponse-tasks-as-wt5	corpus	encode-core-hot	drop	R	7	1144.78	16548	0
U-wire-ListTaskSummaryResponse-tasks-as-wt5	corpus	encode-core-hot	drop	E2	7	1135.64	16448	0
U-wire-ListTaskSummaryResponse-tasks-as-wt5	corpus	encode-core-hot	drop	R	8	1125.48	16548	0
U-wire-ListTaskSummaryResponse-tasks-as-wt5	corpus	encode-core-hot	drop	E2	8	1131.43	16448	0
U-wire-ListTaskSummaryResponse-tasks-as-wt5	corpus	encode-core-hot	drop	E	8	1132.14	18109	0
U-wire-ListTaskSummaryResponse-tasks-as-wt5	corpus	encode-core-hot	drop	E2	9	1163.64	16448	0
U-wire-ListTaskSummaryResponse-tasks-as-wt5	corpus	encode-core-hot	drop	E	9	1128.18	18109	0
U-wire-ListTaskSummaryResponse-tasks-as-wt5	corpus	encode-core-hot	drop	R	9	1127.90	16548	0
U-wire-ListTaskSummaryResponse-tasks-as-wt5	corpus	encode-core-hot	drop	E	10	1136.62	18109	0
U-wire-ListTaskSummaryResponse-tasks-as-wt5	corpus	encode-core-hot	drop	R	10	1123.07	16548	0
U-wire-ListTaskSummaryResponse-tasks-as-wt5	corpus	encode-core-hot	drop	E2	10	1135.10	16448	0
U-wire-ListTaskSummaryResponse-tasks-as-wt5	corpus	encode-core-hot	drop	R	11	1129.14	16548	0
U-wire-ListTaskSummaryResponse-tasks-as-wt5	corpus	encode-core-hot	drop	E2	11	1130.81	16448	0
U-wire-ListTaskSummaryResponse-tasks-as-wt5	corpus	encode-core-hot	drop	E	11	1132.52	18109	0
U-wire-ListTaskSummaryResponse-tasks-as-wt5	corpus	encode-core-hot	drop	E2	12	1137.43	16448	0
U-wire-ListTaskSummaryResponse-tasks-as-wt5	corpus	encode-core-hot	drop	E	12	1126.25	18109	0
U-wire-ListTaskSummaryResponse-tasks-as-wt5	corpus	encode-core-hot	drop	R	12	1140.09	16548	0
U-wire-ListTaskSummaryResponse-tasks-as-wt5	corpus	encode-core-hot	drop	E	13	1125.49	18109	0
U-wire-ListTaskSummaryResponse-tasks-as-wt5	corpus	encode-core-hot	drop	R	13	1115.10	16548	0
U-wire-ListTaskSummaryResponse-tasks-as-wt5	corpus	encode-core-hot	drop	E2	13	1132.83	16448	0
U-wire-ListTaskSummaryResponse-tasks-as-wt5	corpus	encode-core-hot	drop	R	14	1124.80	16548	0
U-wire-ListTaskSummaryResponse-tasks-as-wt5	corpus	encode-core-hot	drop	E2	14	1134.20	16448	0
U-wire-ListTaskSummaryResponse-tasks-as-wt5	corpus	encode-core-hot	drop	E	14	1132.11	18109	0
U-wire-ListTaskSummaryResponse-tasks-as-wt5	corpus	encode-core-hot	drop	E2	15	1133.81	16448	0
U-wire-ListTaskSummaryResponse-tasks-as-wt5	corpus	encode-core-hot	drop	E	15	1137.48	18109	0
U-wire-ListTaskSummaryResponse-tasks-as-wt5	corpus	encode-core-hot	drop	R	15	1130.15	16548	0
U-wire-ListTaskSummaryResponse-tasks-as-wt5	corpus	encode-core-hot	drop	E	16	1146.00	18109	0
U-wire-ListTaskSummaryResponse-tasks-as-wt5	corpus	encode-core-hot	drop	R	16	1128.79	16548	0
U-wire-ListTaskSummaryResponse-tasks-as-wt5	corpus	encode-core-hot	drop	E2	16	1212.01	16448	0
U-wire-ListTaskSummaryResponse-tasks-as-wt5	corpus	encode-core-hot	drop	R	17	1138.34	16548	0
U-wire-ListTaskSummaryResponse-tasks-as-wt5	corpus	encode-core-hot	drop	E2	17	1123.42	16448	0
U-wire-ListTaskSummaryResponse-tasks-as-wt5	corpus	encode-core-hot	drop	E	17	1122.88	18109	0
U-wire-ListTaskSummaryResponse-tasks-as-wt5	corpus	encode-core-hot	drop	E2	18	1126.09	16448	0
U-wire-ListTaskSummaryResponse-tasks-as-wt5	corpus	encode-core-hot	drop	E	18	1142.56	18109	0
U-wire-ListTaskSummaryResponse-tasks-as-wt5	corpus	encode-core-hot	drop	R	18	1106.18	16548	0
U-wire-ListTaskSummaryResponse-tasks-as-wt5	corpus	encode-core-hot	drop	E	19	1128.00	18109	0
U-wire-ListTaskSummaryResponse-tasks-as-wt5	corpus	encode-core-hot	drop	R	19	1141.41	16548	0
U-wire-ListTaskSummaryResponse-tasks-as-wt5	corpus	encode-core-hot	drop	E2	19	1138.47	16448	0
U-wire-ListTaskSummaryResponse-tasks-as-wt5	corpus	encode-core-hot	drop	R	20	1113.05	16548	0
U-wire-ListTaskSummaryResponse-tasks-as-wt5	corpus	encode-core-hot	drop	E2	20	1127.14	16448	0
U-wire-ListTaskSummaryResponse-tasks-as-wt5	corpus	encode-core-hot	drop	E	20	1125.54	18109	0
U-wire-ListTaskSummaryResponse-tasks-as-wt5	corpus	encode-core-hot	drop	E2	21	1137.68	16448	0
U-wire-ListTaskSummaryResponse-tasks-as-wt5	corpus	encode-core-hot	drop	E	21	1133.22	18109	0
U-wire-ListTaskSummaryResponse-tasks-as-wt5	corpus	encode-core-hot	drop	R	21	1125.07	16548	0
U-wire-ListTaskSummaryResponse-tasks-as-wt5	corpus	encode-core-hot	retain	E	1	1221.66	13758	0
U-wire-ListTaskSummaryResponse-tasks-as-wt5	corpus	encode-core-hot	retain	R	1	1146.80	16365	0
U-wire-ListTaskSummaryResponse-tasks-as-wt5	corpus	encode-core-hot	retain	E2	1	1140.67	16117	0
U-wire-ListTaskSummaryResponse-tasks-as-wt5	corpus	encode-core-hot	retain	R	2	1146.94	16365	0
U-wire-ListTaskSummaryResponse-tasks-as-wt5	corpus	encode-core-hot	retain	E2	2	1135.41	16117	0
U-wire-ListTaskSummaryResponse-tasks-as-wt5	corpus	encode-core-hot	retain	E	2	1156.91	13758	0
U-wire-ListTaskSummaryResponse-tasks-as-wt5	corpus	encode-core-hot	retain	E2	3	1135.56	16117	0
U-wire-ListTaskSummaryResponse-tasks-as-wt5	corpus	encode-core-hot	retain	E	3	1133.24	13758	0
U-wire-ListTaskSummaryResponse-tasks-as-wt5	corpus	encode-core-hot	retain	R	3	1161.57	16365	0
U-wire-ListTaskSummaryResponse-tasks-as-wt5	corpus	encode-core-hot	retain	E	4	1143.29	13758	0
U-wire-ListTaskSummaryResponse-tasks-as-wt5	corpus	encode-core-hot	retain	R	4	1154.41	16365	0
U-wire-ListTaskSummaryResponse-tasks-as-wt5	corpus	encode-core-hot	retain	E2	4	1144.47	16117	0
U-wire-ListTaskSummaryResponse-tasks-as-wt5	corpus	encode-core-hot	retain	R	5	1142.43	16365	0
U-wire-ListTaskSummaryResponse-tasks-as-wt5	corpus	encode-core-hot	retain	E2	5	1139.43	16117	0
U-wire-ListTaskSummaryResponse-tasks-as-wt5	corpus	encode-core-hot	retain	E	5	1136.95	13758	0
U-wire-ListTaskSummaryResponse-tasks-as-wt5	corpus	encode-core-hot	retain	E2	6	1135.60	16117	0
U-wire-ListTaskSummaryResponse-tasks-as-wt5	corpus	encode-core-hot	retain	E	6	1136.49	13758	0
U-wire-ListTaskSummaryResponse-tasks-as-wt5	corpus	encode-core-hot	retain	R	6	1148.63	16365	0
U-wire-ListTaskSummaryResponse-tasks-as-wt5	corpus	encode-core-hot	retain	E	7	1130.07	13758	0
U-wire-ListTaskSummaryResponse-tasks-as-wt5	corpus	encode-core-hot	retain	R	7	1145.95	16365	0
U-wire-ListTaskSummaryResponse-tasks-as-wt5	corpus	encode-core-hot	retain	E2	7	1129.05	16117	0
U-wire-ListTaskSummaryResponse-tasks-as-wt5	corpus	encode-core-hot	retain	R	8	1146.11	16365	0
U-wire-ListTaskSummaryResponse-tasks-as-wt5	corpus	encode-core-hot	retain	E2	8	1134.39	16117	0
U-wire-ListTaskSummaryResponse-tasks-as-wt5	corpus	encode-core-hot	retain	E	8	1125.66	13758	0
U-wire-ListTaskSummaryResponse-tasks-as-wt5	corpus	encode-core-hot	retain	E2	9	1135.26	16117	0
U-wire-ListTaskSummaryResponse-tasks-as-wt5	corpus	encode-core-hot	retain	E	9	1137.31	13758	0
U-wire-ListTaskSummaryResponse-tasks-as-wt5	corpus	encode-core-hot	retain	R	9	1148.19	16365	0
U-wire-ListTaskSummaryResponse-tasks-as-wt5	corpus	encode-core-hot	retain	E	10	1135.11	13758	0
U-wire-ListTaskSummaryResponse-tasks-as-wt5	corpus	encode-core-hot	retain	R	10	1152.47	16365	0
U-wire-ListTaskSummaryResponse-tasks-as-wt5	corpus	encode-core-hot	retain	E2	10	1149.48	16117	0
U-wire-ListTaskSummaryResponse-tasks-as-wt5	corpus	encode-core-hot	retain	R	11	1135.40	16365	0
U-wire-ListTaskSummaryResponse-tasks-as-wt5	corpus	encode-core-hot	retain	E2	11	1144.19	16117	0
U-wire-ListTaskSummaryResponse-tasks-as-wt5	corpus	encode-core-hot	retain	E	11	1125.58	13758	0
U-wire-ListTaskSummaryResponse-tasks-as-wt5	corpus	encode-core-hot	retain	E2	12	1141.42	16117	0
U-wire-ListTaskSummaryResponse-tasks-as-wt5	corpus	encode-core-hot	retain	E	12	1137.97	13758	0
U-wire-ListTaskSummaryResponse-tasks-as-wt5	corpus	encode-core-hot	retain	R	12	1165.64	16365	0
U-wire-ListTaskSummaryResponse-tasks-as-wt5	corpus	encode-core-hot	retain	E	13	1167.47	13758	0
U-wire-ListTaskSummaryResponse-tasks-as-wt5	corpus	encode-core-hot	retain	R	13	1149.17	16365	0
U-wire-ListTaskSummaryResponse-tasks-as-wt5	corpus	encode-core-hot	retain	E2	13	1136.74	16117	0
U-wire-ListTaskSummaryResponse-tasks-as-wt5	corpus	encode-core-hot	retain	R	14	1148.86	16365	0
U-wire-ListTaskSummaryResponse-tasks-as-wt5	corpus	encode-core-hot	retain	E2	14	1146.59	16117	0
U-wire-ListTaskSummaryResponse-tasks-as-wt5	corpus	encode-core-hot	retain	E	14	1139.40	13758	0
U-wire-ListTaskSummaryResponse-tasks-as-wt5	corpus	encode-core-hot	retain	E2	15	1139.64	16117	0
U-wire-ListTaskSummaryResponse-tasks-as-wt5	corpus	encode-core-hot	retain	E	15	1124.78	13758	0
U-wire-ListTaskSummaryResponse-tasks-as-wt5	corpus	encode-core-hot	retain	R	15	1143.69	16365	0
U-wire-ListTaskSummaryResponse-tasks-as-wt5	corpus	encode-core-hot	retain	E	16	1128.18	13758	0
U-wire-ListTaskSummaryResponse-tasks-as-wt5	corpus	encode-core-hot	retain	R	16	1144.79	16365	0
U-wire-ListTaskSummaryResponse-tasks-as-wt5	corpus	encode-core-hot	retain	E2	16	1131.46	16117	0
U-wire-ListTaskSummaryResponse-tasks-as-wt5	corpus	encode-core-hot	retain	R	17	1175.52	16365	0
U-wire-ListTaskSummaryResponse-tasks-as-wt5	corpus	encode-core-hot	retain	E2	17	1145.21	16117	0
U-wire-ListTaskSummaryResponse-tasks-as-wt5	corpus	encode-core-hot	retain	E	17	1143.87	13758	0
U-wire-ListTaskSummaryResponse-tasks-as-wt5	corpus	encode-core-hot	retain	E2	18	1148.19	16117	0
U-wire-ListTaskSummaryResponse-tasks-as-wt5	corpus	encode-core-hot	retain	E	18	1141.96	13758	0
U-wire-ListTaskSummaryResponse-tasks-as-wt5	corpus	encode-core-hot	retain	R	18	1152.25	16365	0
U-wire-ListTaskSummaryResponse-tasks-as-wt5	corpus	encode-core-hot	retain	E	19	1143.08	13758	0
U-wire-ListTaskSummaryResponse-tasks-as-wt5	corpus	encode-core-hot	retain	R	19	1145.81	16365	0
U-wire-ListTaskSummaryResponse-tasks-as-wt5	corpus	encode-core-hot	retain	E2	19	1140.89	16117	0
U-wire-ListTaskSummaryResponse-tasks-as-wt5	corpus	encode-core-hot	retain	R	20	1142.77	16365	0
U-wire-ListTaskSummaryResponse-tasks-as-wt5	corpus	encode-core-hot	retain	E2	20	1141.80	16117	0
U-wire-ListTaskSummaryResponse-tasks-as-wt5	corpus	encode-core-hot	retain	E	20	1144.44	13758	0
U-wire-ListTaskSummaryResponse-tasks-as-wt5	corpus	encode-core-hot	retain	E2	21	1141.63	16117	0
U-wire-ListTaskSummaryResponse-tasks-as-wt5	corpus	encode-core-hot	retain	E	21	1157.29	13758	0
U-wire-ListTaskSummaryResponse-tasks-as-wt5	corpus	encode-core-hot	retain	R	21	1151.67	16365	0
U-wire-UploadResultDataMessage-upload-as-wt5	corpus	decode-read	drop	E	1	167.24	118415	1
U-wire-UploadResultDataMessage-upload-as-wt5	corpus	decode-read	drop	R	1	168.89	118080	0
U-wire-UploadResultDataMessage-upload-as-wt5	corpus	decode-read	drop	E2	1	167.72	112537	1
U-wire-UploadResultDataMessage-upload-as-wt5	corpus	decode-read	drop	R	2	165.75	118080	0
U-wire-UploadResultDataMessage-upload-as-wt5	corpus	decode-read	drop	E2	2	172.40	112537	1
U-wire-UploadResultDataMessage-upload-as-wt5	corpus	decode-read	drop	E	2	177.46	118415	1
U-wire-UploadResultDataMessage-upload-as-wt5	corpus	decode-read	drop	E2	3	169.91	112537	1
U-wire-UploadResultDataMessage-upload-as-wt5	corpus	decode-read	drop	E	3	168.62	118415	1
U-wire-UploadResultDataMessage-upload-as-wt5	corpus	decode-read	drop	R	3	169.11	118080	0
U-wire-UploadResultDataMessage-upload-as-wt5	corpus	decode-read	drop	E	4	169.29	118415	1
U-wire-UploadResultDataMessage-upload-as-wt5	corpus	decode-read	drop	R	4	165.71	118080	0
U-wire-UploadResultDataMessage-upload-as-wt5	corpus	decode-read	drop	E2	4	170.72	112537	1
U-wire-UploadResultDataMessage-upload-as-wt5	corpus	decode-read	drop	R	5	171.26	118080	0
U-wire-UploadResultDataMessage-upload-as-wt5	corpus	decode-read	drop	E2	5	172.02	112537	1
U-wire-UploadResultDataMessage-upload-as-wt5	corpus	decode-read	drop	E	5	173.81	118415	1
U-wire-UploadResultDataMessage-upload-as-wt5	corpus	decode-read	drop	E2	6	172.11	112537	1
U-wire-UploadResultDataMessage-upload-as-wt5	corpus	decode-read	drop	E	6	176.26	118415	1
U-wire-UploadResultDataMessage-upload-as-wt5	corpus	decode-read	drop	R	6	165.55	118080	0
U-wire-UploadResultDataMessage-upload-as-wt5	corpus	decode-read	drop	E	7	170.53	118415	1
U-wire-UploadResultDataMessage-upload-as-wt5	corpus	decode-read	drop	R	7	167.40	118080	0
U-wire-UploadResultDataMessage-upload-as-wt5	corpus	decode-read	drop	E2	7	175.43	112537	1
U-wire-UploadResultDataMessage-upload-as-wt5	corpus	decode-read	drop	R	8	170.55	118080	0
U-wire-UploadResultDataMessage-upload-as-wt5	corpus	decode-read	drop	E2	8	168.47	112537	1
U-wire-UploadResultDataMessage-upload-as-wt5	corpus	decode-read	drop	E	8	172.87	118415	1
U-wire-UploadResultDataMessage-upload-as-wt5	corpus	decode-read	drop	E2	9	168.81	112537	1
U-wire-UploadResultDataMessage-upload-as-wt5	corpus	decode-read	drop	E	9	168.91	118415	1
U-wire-UploadResultDataMessage-upload-as-wt5	corpus	decode-read	drop	R	9	168.15	118080	0
U-wire-UploadResultDataMessage-upload-as-wt5	corpus	decode-read	drop	E	10	172.81	118415	1
U-wire-UploadResultDataMessage-upload-as-wt5	corpus	decode-read	drop	R	10	168.70	118080	0
U-wire-UploadResultDataMessage-upload-as-wt5	corpus	decode-read	drop	E2	10	169.38	112537	1
U-wire-UploadResultDataMessage-upload-as-wt5	corpus	decode-read	drop	R	11	165.47	118080	0
U-wire-UploadResultDataMessage-upload-as-wt5	corpus	decode-read	drop	E2	11	172.50	112537	1
U-wire-UploadResultDataMessage-upload-as-wt5	corpus	decode-read	drop	E	11	168.60	118415	1
U-wire-UploadResultDataMessage-upload-as-wt5	corpus	decode-read	drop	E2	12	168.39	112537	1
U-wire-UploadResultDataMessage-upload-as-wt5	corpus	decode-read	drop	E	12	175.36	118415	1
U-wire-UploadResultDataMessage-upload-as-wt5	corpus	decode-read	drop	R	12	170.68	118080	0
U-wire-UploadResultDataMessage-upload-as-wt5	corpus	decode-read	drop	E	13	167.78	118415	1
U-wire-UploadResultDataMessage-upload-as-wt5	corpus	decode-read	drop	R	13	166.69	118080	0
U-wire-UploadResultDataMessage-upload-as-wt5	corpus	decode-read	drop	E2	13	176.99	112537	1
U-wire-UploadResultDataMessage-upload-as-wt5	corpus	decode-read	drop	R	14	169.40	118080	0
U-wire-UploadResultDataMessage-upload-as-wt5	corpus	decode-read	drop	E2	14	170.43	112537	1
U-wire-UploadResultDataMessage-upload-as-wt5	corpus	decode-read	drop	E	14	170.63	118415	1
U-wire-UploadResultDataMessage-upload-as-wt5	corpus	decode-read	drop	E2	15	174.67	112537	1
U-wire-UploadResultDataMessage-upload-as-wt5	corpus	decode-read	drop	E	15	171.21	118415	1
U-wire-UploadResultDataMessage-upload-as-wt5	corpus	decode-read	drop	R	15	165.75	118080	0
U-wire-UploadResultDataMessage-upload-as-wt5	corpus	decode-read	drop	E	16	169.08	118415	1
U-wire-UploadResultDataMessage-upload-as-wt5	corpus	decode-read	drop	R	16	169.12	118080	0
U-wire-UploadResultDataMessage-upload-as-wt5	corpus	decode-read	drop	E2	16	169.73	112537	1
U-wire-UploadResultDataMessage-upload-as-wt5	corpus	decode-read	drop	R	17	169.46	118080	0
U-wire-UploadResultDataMessage-upload-as-wt5	corpus	decode-read	drop	E2	17	171.30	112537	1
U-wire-UploadResultDataMessage-upload-as-wt5	corpus	decode-read	drop	E	17	171.83	118415	1
U-wire-UploadResultDataMessage-upload-as-wt5	corpus	decode-read	drop	E2	18	170.34	112537	1
U-wire-UploadResultDataMessage-upload-as-wt5	corpus	decode-read	drop	E	18	168.41	118415	1
U-wire-UploadResultDataMessage-upload-as-wt5	corpus	decode-read	drop	R	18	173.82	118080	0
U-wire-UploadResultDataMessage-upload-as-wt5	corpus	decode-read	drop	E	19	173.63	118415	1
U-wire-UploadResultDataMessage-upload-as-wt5	corpus	decode-read	drop	R	19	169.53	118080	0
U-wire-UploadResultDataMessage-upload-as-wt5	corpus	decode-read	drop	E2	19	173.50	112537	1
U-wire-UploadResultDataMessage-upload-as-wt5	corpus	decode-read	drop	R	20	178.61	118080	0
U-wire-UploadResultDataMessage-upload-as-wt5	corpus	decode-read	drop	E2	20	177.37	112537	1
U-wire-UploadResultDataMessage-upload-as-wt5	corpus	decode-read	drop	E	20	180.90	118415	1
U-wire-UploadResultDataMessage-upload-as-wt5	corpus	decode-read	drop	E2	21	182.16	112537	1
U-wire-UploadResultDataMessage-upload-as-wt5	corpus	decode-read	drop	E	21	178.81	118415	1
U-wire-UploadResultDataMessage-upload-as-wt5	corpus	decode-read	drop	R	21	172.10	118080	0
U-wire-UploadResultDataMessage-upload-as-wt5	corpus	decode-read	retain	E	1	217.09	57500	1
U-wire-UploadResultDataMessage-upload-as-wt5	corpus	decode-read	retain	R	1	231.67	91946	0
U-wire-UploadResultDataMessage-upload-as-wt5	corpus	decode-read	retain	E2	1	229.45	91606	1
U-wire-UploadResultDataMessage-upload-as-wt5	corpus	decode-read	retain	R	2	227.38	91946	0
U-wire-UploadResultDataMessage-upload-as-wt5	corpus	decode-read	retain	E2	2	221.42	91606	1
U-wire-UploadResultDataMessage-upload-as-wt5	corpus	decode-read	retain	E	2	237.94	57500	1
U-wire-UploadResultDataMessage-upload-as-wt5	corpus	decode-read	retain	E2	3	234.15	91606	1
U-wire-UploadResultDataMessage-upload-as-wt5	corpus	decode-read	retain	E	3	224.99	57500	1
U-wire-UploadResultDataMessage-upload-as-wt5	corpus	decode-read	retain	R	3	227.84	91946	0
U-wire-UploadResultDataMessage-upload-as-wt5	corpus	decode-read	retain	E	4	244.69	57500	1
U-wire-UploadResultDataMessage-upload-as-wt5	corpus	decode-read	retain	R	4	237.56	91946	0
U-wire-UploadResultDataMessage-upload-as-wt5	corpus	decode-read	retain	E2	4	240.47	91606	1
U-wire-UploadResultDataMessage-upload-as-wt5	corpus	decode-read	retain	R	5	229.20	91946	0
U-wire-UploadResultDataMessage-upload-as-wt5	corpus	decode-read	retain	E2	5	223.03	91606	1
U-wire-UploadResultDataMessage-upload-as-wt5	corpus	decode-read	retain	E	5	220.30	57500	1
U-wire-UploadResultDataMessage-upload-as-wt5	corpus	decode-read	retain	E2	6	226.17	91606	1
U-wire-UploadResultDataMessage-upload-as-wt5	corpus	decode-read	retain	E	6	216.00	57500	1
U-wire-UploadResultDataMessage-upload-as-wt5	corpus	decode-read	retain	R	6	219.83	91946	0
U-wire-UploadResultDataMessage-upload-as-wt5	corpus	decode-read	retain	E	7	218.68	57500	1
U-wire-UploadResultDataMessage-upload-as-wt5	corpus	decode-read	retain	R	7	218.76	91946	0
U-wire-UploadResultDataMessage-upload-as-wt5	corpus	decode-read	retain	E2	7	220.91	91606	1
U-wire-UploadResultDataMessage-upload-as-wt5	corpus	decode-read	retain	R	8	216.16	91946	0
U-wire-UploadResultDataMessage-upload-as-wt5	corpus	decode-read	retain	E2	8	215.10	91606	1
U-wire-UploadResultDataMessage-upload-as-wt5	corpus	decode-read	retain	E	8	211.96	57500	1
U-wire-UploadResultDataMessage-upload-as-wt5	corpus	decode-read	retain	E2	9	217.26	91606	1
U-wire-UploadResultDataMessage-upload-as-wt5	corpus	decode-read	retain	E	9	223.12	57500	1
U-wire-UploadResultDataMessage-upload-as-wt5	corpus	decode-read	retain	R	9	217.68	91946	0
U-wire-UploadResultDataMessage-upload-as-wt5	corpus	decode-read	retain	E	10	214.11	57500	1
U-wire-UploadResultDataMessage-upload-as-wt5	corpus	decode-read	retain	R	10	218.01	91946	0
U-wire-UploadResultDataMessage-upload-as-wt5	corpus	decode-read	retain	E2	10	215.87	91606	1
U-wire-UploadResultDataMessage-upload-as-wt5	corpus	decode-read	retain	R	11	218.58	91946	0
U-wire-UploadResultDataMessage-upload-as-wt5	corpus	decode-read	retain	E2	11	210.17	91606	1
U-wire-UploadResultDataMessage-upload-as-wt5	corpus	decode-read	retain	E	11	214.91	57500	1
U-wire-UploadResultDataMessage-upload-as-wt5	corpus	decode-read	retain	E2	12	214.24	91606	1
U-wire-UploadResultDataMessage-upload-as-wt5	corpus	decode-read	retain	E	12	210.12	57500	1
U-wire-UploadResultDataMessage-upload-as-wt5	corpus	decode-read	retain	R	12	220.69	91946	0
U-wire-UploadResultDataMessage-upload-as-wt5	corpus	decode-read	retain	E	13	216.59	57500	1
U-wire-UploadResultDataMessage-upload-as-wt5	corpus	decode-read	retain	R	13	218.05	91946	0
U-wire-UploadResultDataMessage-upload-as-wt5	corpus	decode-read	retain	E2	13	216.23	91606	1
U-wire-UploadResultDataMessage-upload-as-wt5	corpus	decode-read	retain	R	14	215.60	91946	0
U-wire-UploadResultDataMessage-upload-as-wt5	corpus	decode-read	retain	E2	14	218.54	91606	1
U-wire-UploadResultDataMessage-upload-as-wt5	corpus	decode-read	retain	E	14	219.84	57500	1
U-wire-UploadResultDataMessage-upload-as-wt5	corpus	decode-read	retain	E2	15	221.12	91606	1
U-wire-UploadResultDataMessage-upload-as-wt5	corpus	decode-read	retain	E	15	215.21	57500	1
U-wire-UploadResultDataMessage-upload-as-wt5	corpus	decode-read	retain	R	15	215.19	91946	0
U-wire-UploadResultDataMessage-upload-as-wt5	corpus	decode-read	retain	E	16	222.65	57500	1
U-wire-UploadResultDataMessage-upload-as-wt5	corpus	decode-read	retain	R	16	215.20	91946	0
U-wire-UploadResultDataMessage-upload-as-wt5	corpus	decode-read	retain	E2	16	214.46	91606	1
U-wire-UploadResultDataMessage-upload-as-wt5	corpus	decode-read	retain	R	17	216.73	91946	0
U-wire-UploadResultDataMessage-upload-as-wt5	corpus	decode-read	retain	E2	17	215.81	91606	1
U-wire-UploadResultDataMessage-upload-as-wt5	corpus	decode-read	retain	E	17	220.30	57500	1
U-wire-UploadResultDataMessage-upload-as-wt5	corpus	decode-read	retain	E2	18	215.02	91606	1
U-wire-UploadResultDataMessage-upload-as-wt5	corpus	decode-read	retain	E	18	215.70	57500	1
U-wire-UploadResultDataMessage-upload-as-wt5	corpus	decode-read	retain	R	18	216.77	91946	0
U-wire-UploadResultDataMessage-upload-as-wt5	corpus	decode-read	retain	E	19	213.33	57500	1
U-wire-UploadResultDataMessage-upload-as-wt5	corpus	decode-read	retain	R	19	220.52	91946	0
U-wire-UploadResultDataMessage-upload-as-wt5	corpus	decode-read	retain	E2	19	215.77	91606	1
U-wire-UploadResultDataMessage-upload-as-wt5	corpus	decode-read	retain	R	20	216.33	91946	0
U-wire-UploadResultDataMessage-upload-as-wt5	corpus	decode-read	retain	E2	20	213.13	91606	1
U-wire-UploadResultDataMessage-upload-as-wt5	corpus	decode-read	retain	E	20	216.41	57500	1
U-wire-UploadResultDataMessage-upload-as-wt5	corpus	decode-read	retain	E2	21	218.13	91606	1
U-wire-UploadResultDataMessage-upload-as-wt5	corpus	decode-read	retain	E	21	214.52	57500	1
U-wire-UploadResultDataMessage-upload-as-wt5	corpus	decode-read	retain	R	21	212.39	91946	0
U-wire-UploadResultDataMessage-upload-as-wt5	corpus	encode-core-hot	drop	E	1	98.76	185004	0
U-wire-UploadResultDataMessage-upload-as-wt5	corpus	encode-core-hot	drop	R	1	98.00	191388	0
U-wire-UploadResultDataMessage-upload-as-wt5	corpus	encode-core-hot	drop	E2	1	100.89	177683	0
U-wire-UploadResultDataMessage-upload-as-wt5	corpus	encode-core-hot	drop	R	2	96.73	191388	0
U-wire-UploadResultDataMessage-upload-as-wt5	corpus	encode-core-hot	drop	E2	2	98.69	177683	0
U-wire-UploadResultDataMessage-upload-as-wt5	corpus	encode-core-hot	drop	E	2	99.96	185004	0
U-wire-UploadResultDataMessage-upload-as-wt5	corpus	encode-core-hot	drop	E2	3	99.50	177683	0
U-wire-UploadResultDataMessage-upload-as-wt5	corpus	encode-core-hot	drop	E	3	98.56	185004	0
U-wire-UploadResultDataMessage-upload-as-wt5	corpus	encode-core-hot	drop	R	3	97.91	191388	0
U-wire-UploadResultDataMessage-upload-as-wt5	corpus	encode-core-hot	drop	E	4	98.62	185004	0
U-wire-UploadResultDataMessage-upload-as-wt5	corpus	encode-core-hot	drop	R	4	98.38	191388	0
U-wire-UploadResultDataMessage-upload-as-wt5	corpus	encode-core-hot	drop	E2	4	97.63	177683	0
U-wire-UploadResultDataMessage-upload-as-wt5	corpus	encode-core-hot	drop	R	5	98.30	191388	0
U-wire-UploadResultDataMessage-upload-as-wt5	corpus	encode-core-hot	drop	E2	5	99.79	177683	0
U-wire-UploadResultDataMessage-upload-as-wt5	corpus	encode-core-hot	drop	E	5	97.49	185004	0
U-wire-UploadResultDataMessage-upload-as-wt5	corpus	encode-core-hot	drop	E2	6	99.80	177683	0
U-wire-UploadResultDataMessage-upload-as-wt5	corpus	encode-core-hot	drop	E	6	100.96	185004	0
U-wire-UploadResultDataMessage-upload-as-wt5	corpus	encode-core-hot	drop	R	6	94.54	191388	0
U-wire-UploadResultDataMessage-upload-as-wt5	corpus	encode-core-hot	drop	E	7	97.63	185004	0
U-wire-UploadResultDataMessage-upload-as-wt5	corpus	encode-core-hot	drop	R	7	95.67	191388	0
U-wire-UploadResultDataMessage-upload-as-wt5	corpus	encode-core-hot	drop	E2	7	97.67	177683	0
U-wire-UploadResultDataMessage-upload-as-wt5	corpus	encode-core-hot	drop	R	8	99.35	191388	0
U-wire-UploadResultDataMessage-upload-as-wt5	corpus	encode-core-hot	drop	E2	8	99.50	177683	0
U-wire-UploadResultDataMessage-upload-as-wt5	corpus	encode-core-hot	drop	E	8	98.94	185004	0
U-wire-UploadResultDataMessage-upload-as-wt5	corpus	encode-core-hot	drop	E2	9	99.43	177683	0
U-wire-UploadResultDataMessage-upload-as-wt5	corpus	encode-core-hot	drop	E	9	100.16	185004	0
U-wire-UploadResultDataMessage-upload-as-wt5	corpus	encode-core-hot	drop	R	9	97.84	191388	0
U-wire-UploadResultDataMessage-upload-as-wt5	corpus	encode-core-hot	drop	E	10	99.96	185004	0
U-wire-UploadResultDataMessage-upload-as-wt5	corpus	encode-core-hot	drop	R	10	96.19	191388	0
U-wire-UploadResultDataMessage-upload-as-wt5	corpus	encode-core-hot	drop	E2	10	97.27	177683	0
U-wire-UploadResultDataMessage-upload-as-wt5	corpus	encode-core-hot	drop	R	11	95.18	191388	0
U-wire-UploadResultDataMessage-upload-as-wt5	corpus	encode-core-hot	drop	E2	11	99.78	177683	0
U-wire-UploadResultDataMessage-upload-as-wt5	corpus	encode-core-hot	drop	E	11	98.79	185004	0
U-wire-UploadResultDataMessage-upload-as-wt5	corpus	encode-core-hot	drop	E2	12	98.39	177683	0
U-wire-UploadResultDataMessage-upload-as-wt5	corpus	encode-core-hot	drop	E	12	98.56	185004	0
U-wire-UploadResultDataMessage-upload-as-wt5	corpus	encode-core-hot	drop	R	12	97.53	191388	0
U-wire-UploadResultDataMessage-upload-as-wt5	corpus	encode-core-hot	drop	E	13	99.16	185004	0
U-wire-UploadResultDataMessage-upload-as-wt5	corpus	encode-core-hot	drop	R	13	97.32	191388	0
U-wire-UploadResultDataMessage-upload-as-wt5	corpus	encode-core-hot	drop	E2	13	97.86	177683	0
U-wire-UploadResultDataMessage-upload-as-wt5	corpus	encode-core-hot	drop	R	14	96.32	191388	0
U-wire-UploadResultDataMessage-upload-as-wt5	corpus	encode-core-hot	drop	E2	14	98.73	177683	0
U-wire-UploadResultDataMessage-upload-as-wt5	corpus	encode-core-hot	drop	E	14	99.25	185004	0
U-wire-UploadResultDataMessage-upload-as-wt5	corpus	encode-core-hot	drop	E2	15	98.48	177683	0
U-wire-UploadResultDataMessage-upload-as-wt5	corpus	encode-core-hot	drop	E	15	102.09	185004	0
U-wire-UploadResultDataMessage-upload-as-wt5	corpus	encode-core-hot	drop	R	15	98.14	191388	0
U-wire-UploadResultDataMessage-upload-as-wt5	corpus	encode-core-hot	drop	E	16	100.30	185004	0
U-wire-UploadResultDataMessage-upload-as-wt5	corpus	encode-core-hot	drop	R	16	96.65	191388	0
U-wire-UploadResultDataMessage-upload-as-wt5	corpus	encode-core-hot	drop	E2	16	98.58	177683	0
U-wire-UploadResultDataMessage-upload-as-wt5	corpus	encode-core-hot	drop	R	17	96.59	191388	0
U-wire-UploadResultDataMessage-upload-as-wt5	corpus	encode-core-hot	drop	E2	17	97.97	177683	0
U-wire-UploadResultDataMessage-upload-as-wt5	corpus	encode-core-hot	drop	E	17	98.97	185004	0
U-wire-UploadResultDataMessage-upload-as-wt5	corpus	encode-core-hot	drop	E2	18	99.60	177683	0
U-wire-UploadResultDataMessage-upload-as-wt5	corpus	encode-core-hot	drop	E	18	98.46	185004	0
U-wire-UploadResultDataMessage-upload-as-wt5	corpus	encode-core-hot	drop	R	18	96.33	191388	0
U-wire-UploadResultDataMessage-upload-as-wt5	corpus	encode-core-hot	drop	E	19	98.89	185004	0
U-wire-UploadResultDataMessage-upload-as-wt5	corpus	encode-core-hot	drop	R	19	97.13	191388	0
U-wire-UploadResultDataMessage-upload-as-wt5	corpus	encode-core-hot	drop	E2	19	97.93	177683	0
U-wire-UploadResultDataMessage-upload-as-wt5	corpus	encode-core-hot	drop	R	20	95.28	191388	0
U-wire-UploadResultDataMessage-upload-as-wt5	corpus	encode-core-hot	drop	E2	20	97.61	177683	0
U-wire-UploadResultDataMessage-upload-as-wt5	corpus	encode-core-hot	drop	E	20	98.66	185004	0
U-wire-UploadResultDataMessage-upload-as-wt5	corpus	encode-core-hot	drop	E2	21	97.16	177683	0
U-wire-UploadResultDataMessage-upload-as-wt5	corpus	encode-core-hot	drop	E	21	95.67	185004	0
U-wire-UploadResultDataMessage-upload-as-wt5	corpus	encode-core-hot	drop	R	21	95.58	191388	0
U-wire-UploadResultDataMessage-upload-as-wt5	corpus	encode-core-hot	retain	E	1	108.84	189606	0
U-wire-UploadResultDataMessage-upload-as-wt5	corpus	encode-core-hot	retain	R	1	102.43	194246	0
U-wire-UploadResultDataMessage-upload-as-wt5	corpus	encode-core-hot	retain	E2	1	108.52	189078	0
U-wire-UploadResultDataMessage-upload-as-wt5	corpus	encode-core-hot	retain	R	2	102.54	194246	0
U-wire-UploadResultDataMessage-upload-as-wt5	corpus	encode-core-hot	retain	E2	2	108.70	189078	0
U-wire-UploadResultDataMessage-upload-as-wt5	corpus	encode-core-hot	retain	E	2	108.64	189606	0
U-wire-UploadResultDataMessage-upload-as-wt5	corpus	encode-core-hot	retain	E2	3	108.63	189078	0
U-wire-UploadResultDataMessage-upload-as-wt5	corpus	encode-core-hot	retain	E	3	108.41	189606	0
U-wire-UploadResultDataMessage-upload-as-wt5	corpus	encode-core-hot	retain	R	3	103.00	194246	0
U-wire-UploadResultDataMessage-upload-as-wt5	corpus	encode-core-hot	retain	E	4	109.25	189606	0
U-wire-UploadResultDataMessage-upload-as-wt5	corpus	encode-core-hot	retain	R	4	106.07	194246	0
U-wire-UploadResultDataMessage-upload-as-wt5	corpus	encode-core-hot	retain	E2	4	109.23	189078	0
U-wire-UploadResultDataMessage-upload-as-wt5	corpus	encode-core-hot	retain	R	5	104.22	194246	0
U-wire-UploadResultDataMessage-upload-as-wt5	corpus	encode-core-hot	retain	E2	5	110.18	189078	0
U-wire-UploadResultDataMessage-upload-as-wt5	corpus	encode-core-hot	retain	E	5	110.79	189606	0
U-wire-UploadResultDataMessage-upload-as-wt5	corpus	encode-core-hot	retain	E2	6	109.08	189078	0
U-wire-UploadResultDataMessage-upload-as-wt5	corpus	encode-core-hot	retain	E	6	110.42	189606	0
U-wire-UploadResultDataMessage-upload-as-wt5	corpus	encode-core-hot	retain	R	6	103.80	194246	0
U-wire-UploadResultDataMessage-upload-as-wt5	corpus	encode-core-hot	retain	E	7	109.37	189606	0
U-wire-UploadResultDataMessage-upload-as-wt5	corpus	encode-core-hot	retain	R	7	104.80	194246	0
U-wire-UploadResultDataMessage-upload-as-wt5	corpus	encode-core-hot	retain	E2	7	111.35	189078	0
U-wire-UploadResultDataMessage-upload-as-wt5	corpus	encode-core-hot	retain	R	8	103.53	194246	0
U-wire-UploadResultDataMessage-upload-as-wt5	corpus	encode-core-hot	retain	E2	8	107.92	189078	0
U-wire-UploadResultDataMessage-upload-as-wt5	corpus	encode-core-hot	retain	E	8	110.75	189606	0
U-wire-UploadResultDataMessage-upload-as-wt5	corpus	encode-core-hot	retain	E2	9	110.13	189078	0
U-wire-UploadResultDataMessage-upload-as-wt5	corpus	encode-core-hot	retain	E	9	111.30	189606	0
U-wire-UploadResultDataMessage-upload-as-wt5	corpus	encode-core-hot	retain	R	9	105.06	194246	0
U-wire-UploadResultDataMessage-upload-as-wt5	corpus	encode-core-hot	retain	E	10	109.23	189606	0
U-wire-UploadResultDataMessage-upload-as-wt5	corpus	encode-core-hot	retain	R	10	102.08	194246	0
U-wire-UploadResultDataMessage-upload-as-wt5	corpus	encode-core-hot	retain	E2	10	109.46	189078	0
U-wire-UploadResultDataMessage-upload-as-wt5	corpus	encode-core-hot	retain	R	11	105.77	194246	0
U-wire-UploadResultDataMessage-upload-as-wt5	corpus	encode-core-hot	retain	E2	11	108.30	189078	0
U-wire-UploadResultDataMessage-upload-as-wt5	corpus	encode-core-hot	retain	E	11	107.54	189606	0
U-wire-UploadResultDataMessage-upload-as-wt5	corpus	encode-core-hot	retain	E2	12	107.74	189078	0
U-wire-UploadResultDataMessage-upload-as-wt5	corpus	encode-core-hot	retain	E	12	106.72	189606	0
U-wire-UploadResultDataMessage-upload-as-wt5	corpus	encode-core-hot	retain	R	12	101.88	194246	0
U-wire-UploadResultDataMessage-upload-as-wt5	corpus	encode-core-hot	retain	E	13	108.88	189606	0
U-wire-UploadResultDataMessage-upload-as-wt5	corpus	encode-core-hot	retain	R	13	102.07	194246	0
U-wire-UploadResultDataMessage-upload-as-wt5	corpus	encode-core-hot	retain	E2	13	108.47	189078	0
U-wire-UploadResultDataMessage-upload-as-wt5	corpus	encode-core-hot	retain	R	14	102.29	194246	0
U-wire-UploadResultDataMessage-upload-as-wt5	corpus	encode-core-hot	retain	E2	14	107.90	189078	0
U-wire-UploadResultDataMessage-upload-as-wt5	corpus	encode-core-hot	retain	E	14	108.08	189606	0
U-wire-UploadResultDataMessage-upload-as-wt5	corpus	encode-core-hot	retain	E2	15	108.39	189078	0
U-wire-UploadResultDataMessage-upload-as-wt5	corpus	encode-core-hot	retain	E	15	108.73	189606	0
U-wire-UploadResultDataMessage-upload-as-wt5	corpus	encode-core-hot	retain	R	15	101.05	194246	0
U-wire-UploadResultDataMessage-upload-as-wt5	corpus	encode-core-hot	retain	E	16	108.49	189606	0
U-wire-UploadResultDataMessage-upload-as-wt5	corpus	encode-core-hot	retain	R	16	101.89	194246	0
U-wire-UploadResultDataMessage-upload-as-wt5	corpus	encode-core-hot	retain	E2	16	108.90	189078	0
U-wire-UploadResultDataMessage-upload-as-wt5	corpus	encode-core-hot	retain	R	17	106.12	194246	0
U-wire-UploadResultDataMessage-upload-as-wt5	corpus	encode-core-hot	retain	E2	17	110.46	189078	0
U-wire-UploadResultDataMessage-upload-as-wt5	corpus	encode-core-hot	retain	E	17	109.71	189606	0
U-wire-UploadResultDataMessage-upload-as-wt5	corpus	encode-core-hot	retain	E2	18	108.99	189078	0
U-wire-UploadResultDataMessage-upload-as-wt5	corpus	encode-core-hot	retain	E	18	108.68	189606	0
U-wire-UploadResultDataMessage-upload-as-wt5	corpus	encode-core-hot	retain	R	18	105.64	194246	0
U-wire-UploadResultDataMessage-upload-as-wt5	corpus	encode-core-hot	retain	E	19	110.55	189606	0
U-wire-UploadResultDataMessage-upload-as-wt5	corpus	encode-core-hot	retain	R	19	108.96	194246	0
U-wire-UploadResultDataMessage-upload-as-wt5	corpus	encode-core-hot	retain	E2	19	109.84	189078	0
U-wire-UploadResultDataMessage-upload-as-wt5	corpus	encode-core-hot	retain	R	20	104.29	194246	0
U-wire-UploadResultDataMessage-upload-as-wt5	corpus	encode-core-hot	retain	E2	20	111.46	189078	0
U-wire-UploadResultDataMessage-upload-as-wt5	corpus	encode-core-hot	retain	E	20	110.93	189606	0
U-wire-UploadResultDataMessage-upload-as-wt5	corpus	encode-core-hot	retain	E2	21	110.96	189078	0
U-wire-UploadResultDataMessage-upload-as-wt5	corpus	encode-core-hot	retain	E	21	109.43	189606	0
U-wire-UploadResultDataMessage-upload-as-wt5	corpus	encode-core-hot	retain	R	21	104.77	194246	0
U-wire-ListMetricsResponse-batches-as-wt0	corpus	decode-read	drop	E	1	2194.81	8564	1
U-wire-ListMetricsResponse-batches-as-wt0	corpus	decode-read	drop	R	1	2240.68	8939	0
U-wire-ListMetricsResponse-batches-as-wt0	corpus	decode-read	drop	E2	1	2183.29	9264	1
U-wire-ListMetricsResponse-batches-as-wt0	corpus	decode-read	drop	R	2	2281.57	8939	0
U-wire-ListMetricsResponse-batches-as-wt0	corpus	decode-read	drop	E2	2	2226.15	9264	1
U-wire-ListMetricsResponse-batches-as-wt0	corpus	decode-read	drop	E	2	2244.42	8564	1
U-wire-ListMetricsResponse-batches-as-wt0	corpus	decode-read	drop	E2	3	2217.35	9264	1
U-wire-ListMetricsResponse-batches-as-wt0	corpus	decode-read	drop	E	3	2206.20	8564	1
U-wire-ListMetricsResponse-batches-as-wt0	corpus	decode-read	drop	R	3	2236.69	8939	0
U-wire-ListMetricsResponse-batches-as-wt0	corpus	decode-read	drop	E	4	2155.58	8564	1
U-wire-ListMetricsResponse-batches-as-wt0	corpus	decode-read	drop	R	4	2311.37	8939	0
U-wire-ListMetricsResponse-batches-as-wt0	corpus	decode-read	drop	E2	4	2138.97	9264	1
U-wire-ListMetricsResponse-batches-as-wt0	corpus	decode-read	drop	R	5	2284.80	8939	0
U-wire-ListMetricsResponse-batches-as-wt0	corpus	decode-read	drop	E2	5	2139.83	9264	1
U-wire-ListMetricsResponse-batches-as-wt0	corpus	decode-read	drop	E	5	2182.66	8564	1
U-wire-ListMetricsResponse-batches-as-wt0	corpus	decode-read	drop	E2	6	2191.88	9264	1
U-wire-ListMetricsResponse-batches-as-wt0	corpus	decode-read	drop	E	6	2213.95	8564	1
U-wire-ListMetricsResponse-batches-as-wt0	corpus	decode-read	drop	R	6	2265.72	8939	0
U-wire-ListMetricsResponse-batches-as-wt0	corpus	decode-read	drop	E	7	2171.44	8564	1
U-wire-ListMetricsResponse-batches-as-wt0	corpus	decode-read	drop	R	7	2231.56	8939	0
U-wire-ListMetricsResponse-batches-as-wt0	corpus	decode-read	drop	E2	7	2185.85	9264	1
U-wire-ListMetricsResponse-batches-as-wt0	corpus	decode-read	drop	R	8	2258.45	8939	0
U-wire-ListMetricsResponse-batches-as-wt0	corpus	decode-read	drop	E2	8	2183.71	9264	1
U-wire-ListMetricsResponse-batches-as-wt0	corpus	decode-read	drop	E	8	2155.98	8564	1
U-wire-ListMetricsResponse-batches-as-wt0	corpus	decode-read	drop	E2	9	2179.01	9264	1
U-wire-ListMetricsResponse-batches-as-wt0	corpus	decode-read	drop	E	9	2216.57	8564	1
U-wire-ListMetricsResponse-batches-as-wt0	corpus	decode-read	drop	R	9	2249.31	8939	0
U-wire-ListMetricsResponse-batches-as-wt0	corpus	decode-read	drop	E	10	2139.01	8564	1
U-wire-ListMetricsResponse-batches-as-wt0	corpus	decode-read	drop	R	10	2246.57	8939	0
U-wire-ListMetricsResponse-batches-as-wt0	corpus	decode-read	drop	E2	10	2208.79	9264	1
U-wire-ListMetricsResponse-batches-as-wt0	corpus	decode-read	drop	R	11	2238.44	8939	0
U-wire-ListMetricsResponse-batches-as-wt0	corpus	decode-read	drop	E2	11	2129.47	9264	1
U-wire-ListMetricsResponse-batches-as-wt0	corpus	decode-read	drop	E	11	2090.53	8564	1
U-wire-ListMetricsResponse-batches-as-wt0	corpus	decode-read	drop	E2	12	2129.85	9264	1
U-wire-ListMetricsResponse-batches-as-wt0	corpus	decode-read	drop	E	12	2175.22	8564	1
U-wire-ListMetricsResponse-batches-as-wt0	corpus	decode-read	drop	R	12	2243.59	8939	0
U-wire-ListMetricsResponse-batches-as-wt0	corpus	decode-read	drop	E	13	2197.83	8564	1
U-wire-ListMetricsResponse-batches-as-wt0	corpus	decode-read	drop	R	13	2346.17	8939	0
U-wire-ListMetricsResponse-batches-as-wt0	corpus	decode-read	drop	E2	13	2203.37	9264	1
U-wire-ListMetricsResponse-batches-as-wt0	corpus	decode-read	drop	R	14	2302.13	8939	0
U-wire-ListMetricsResponse-batches-as-wt0	corpus	decode-read	drop	E2	14	2238.32	9264	1
U-wire-ListMetricsResponse-batches-as-wt0	corpus	decode-read	drop	E	14	2138.16	8564	1
U-wire-ListMetricsResponse-batches-as-wt0	corpus	decode-read	drop	E2	15	2216.67	9264	1
U-wire-ListMetricsResponse-batches-as-wt0	corpus	decode-read	drop	E	15	2135.71	8564	1
U-wire-ListMetricsResponse-batches-as-wt0	corpus	decode-read	drop	R	15	2234.96	8939	0
U-wire-ListMetricsResponse-batches-as-wt0	corpus	decode-read	drop	E	16	2164.62	8564	1
U-wire-ListMetricsResponse-batches-as-wt0	corpus	decode-read	drop	R	16	2267.75	8939	0
U-wire-ListMetricsResponse-batches-as-wt0	corpus	decode-read	drop	E2	16	2207.33	9264	1
U-wire-ListMetricsResponse-batches-as-wt0	corpus	decode-read	drop	R	17	2238.46	8939	0
U-wire-ListMetricsResponse-batches-as-wt0	corpus	decode-read	drop	E2	17	2173.11	9264	1
U-wire-ListMetricsResponse-batches-as-wt0	corpus	decode-read	drop	E	17	2206.37	8564	1
U-wire-ListMetricsResponse-batches-as-wt0	corpus	decode-read	drop	E2	18	2445.17	9264	1
U-wire-ListMetricsResponse-batches-as-wt0	corpus	decode-read	drop	E	18	2182.26	8564	1
U-wire-ListMetricsResponse-batches-as-wt0	corpus	decode-read	drop	R	18	2254.67	8939	0
U-wire-ListMetricsResponse-batches-as-wt0	corpus	decode-read	drop	E	19	2144.40	8564	1
U-wire-ListMetricsResponse-batches-as-wt0	corpus	decode-read	drop	R	19	2250.44	8939	0
U-wire-ListMetricsResponse-batches-as-wt0	corpus	decode-read	drop	E2	19	2199.21	9264	1
U-wire-ListMetricsResponse-batches-as-wt0	corpus	decode-read	drop	R	20	2274.99	8939	0
U-wire-ListMetricsResponse-batches-as-wt0	corpus	decode-read	drop	E2	20	2172.97	9264	1
U-wire-ListMetricsResponse-batches-as-wt0	corpus	decode-read	drop	E	20	2143.93	8564	1
U-wire-ListMetricsResponse-batches-as-wt0	corpus	decode-read	drop	E2	21	2141.36	9264	1
U-wire-ListMetricsResponse-batches-as-wt0	corpus	decode-read	drop	E	21	2153.44	8564	1
U-wire-ListMetricsResponse-batches-as-wt0	corpus	decode-read	drop	R	21	2201.50	8939	0
U-wire-ListMetricsResponse-batches-as-wt0	corpus	decode-read	retain	E	1	2218.18	9110	1
U-wire-ListMetricsResponse-batches-as-wt0	corpus	decode-read	retain	R	1	2296.34	8745	0
U-wire-ListMetricsResponse-batches-as-wt0	corpus	decode-read	retain	E2	1	2247.06	9033	1
U-wire-ListMetricsResponse-batches-as-wt0	corpus	decode-read	retain	R	2	2295.35	8745	0
U-wire-ListMetricsResponse-batches-as-wt0	corpus	decode-read	retain	E2	2	2229.72	9033	1
U-wire-ListMetricsResponse-batches-as-wt0	corpus	decode-read	retain	E	2	2218.15	9110	1
U-wire-ListMetricsResponse-batches-as-wt0	corpus	decode-read	retain	E2	3	2226.32	9033	1
U-wire-ListMetricsResponse-batches-as-wt0	corpus	decode-read	retain	E	3	2224.77	9110	1
U-wire-ListMetricsResponse-batches-as-wt0	corpus	decode-read	retain	R	3	2328.38	8745	0
U-wire-ListMetricsResponse-batches-as-wt0	corpus	decode-read	retain	E	4	2202.67	9110	1
U-wire-ListMetricsResponse-batches-as-wt0	corpus	decode-read	retain	R	4	2323.83	8745	0
U-wire-ListMetricsResponse-batches-as-wt0	corpus	decode-read	retain	E2	4	2205.04	9033	1
U-wire-ListMetricsResponse-batches-as-wt0	corpus	decode-read	retain	R	5	2305.30	8745	0
U-wire-ListMetricsResponse-batches-as-wt0	corpus	decode-read	retain	E2	5	2224.64	9033	1
U-wire-ListMetricsResponse-batches-as-wt0	corpus	decode-read	retain	E	5	2240.37	9110	1
U-wire-ListMetricsResponse-batches-as-wt0	corpus	decode-read	retain	E2	6	2213.30	9033	1
U-wire-ListMetricsResponse-batches-as-wt0	corpus	decode-read	retain	E	6	2204.07	9110	1
U-wire-ListMetricsResponse-batches-as-wt0	corpus	decode-read	retain	R	6	2297.33	8745	0
U-wire-ListMetricsResponse-batches-as-wt0	corpus	decode-read	retain	E	7	2215.09	9110	1
U-wire-ListMetricsResponse-batches-as-wt0	corpus	decode-read	retain	R	7	2520.68	8745	0
U-wire-ListMetricsResponse-batches-as-wt0	corpus	decode-read	retain	E2	7	2466.29	9033	1
U-wire-ListMetricsResponse-batches-as-wt0	corpus	decode-read	retain	R	8	2301.32	8745	0
U-wire-ListMetricsResponse-batches-as-wt0	corpus	decode-read	retain	E2	8	2196.32	9033	1
U-wire-ListMetricsResponse-batches-as-wt0	corpus	decode-read	retain	E	8	2211.13	9110	1
U-wire-ListMetricsResponse-batches-as-wt0	corpus	decode-read	retain	E2	9	2200.93	9033	1
U-wire-ListMetricsResponse-batches-as-wt0	corpus	decode-read	retain	E	9	2242.71	9110	1
U-wire-ListMetricsResponse-batches-as-wt0	corpus	decode-read	retain	R	9	2295.23	8745	0
U-wire-ListMetricsResponse-batches-as-wt0	corpus	decode-read	retain	E	10	2260.03	9110	1
U-wire-ListMetricsResponse-batches-as-wt0	corpus	decode-read	retain	R	10	2305.69	8745	0
U-wire-ListMetricsResponse-batches-as-wt0	corpus	decode-read	retain	E2	10	2215.88	9033	1
U-wire-ListMetricsResponse-batches-as-wt0	corpus	decode-read	retain	R	11	2318.61	8745	0
U-wire-ListMetricsResponse-batches-as-wt0	corpus	decode-read	retain	E2	11	2293.73	9033	1
U-wire-ListMetricsResponse-batches-as-wt0	corpus	decode-read	retain	E	11	2232.01	9110	1
U-wire-ListMetricsResponse-batches-as-wt0	corpus	decode-read	retain	E2	12	2210.52	9033	1
U-wire-ListMetricsResponse-batches-as-wt0	corpus	decode-read	retain	E	12	2393.42	9110	1
U-wire-ListMetricsResponse-batches-as-wt0	corpus	decode-read	retain	R	12	2514.46	8745	0
U-wire-ListMetricsResponse-batches-as-wt0	corpus	decode-read	retain	E	13	2240.25	9110	1
U-wire-ListMetricsResponse-batches-as-wt0	corpus	decode-read	retain	R	13	2408.49	8745	0
U-wire-ListMetricsResponse-batches-as-wt0	corpus	decode-read	retain	E2	13	2641.69	9033	1
U-wire-ListMetricsResponse-batches-as-wt0	corpus	decode-read	retain	R	14	2514.32	8745	0
U-wire-ListMetricsResponse-batches-as-wt0	corpus	decode-read	retain	E2	14	2354.36	9033	1
U-wire-ListMetricsResponse-batches-as-wt0	corpus	decode-read	retain	E	14	2279.76	9110	1
U-wire-ListMetricsResponse-batches-as-wt0	corpus	decode-read	retain	E2	15	2373.88	9033	1
U-wire-ListMetricsResponse-batches-as-wt0	corpus	decode-read	retain	E	15	2248.56	9110	1
U-wire-ListMetricsResponse-batches-as-wt0	corpus	decode-read	retain	R	15	2321.64	8745	0
U-wire-ListMetricsResponse-batches-as-wt0	corpus	decode-read	retain	E	16	2252.91	9110	1
U-wire-ListMetricsResponse-batches-as-wt0	corpus	decode-read	retain	R	16	2585.28	8745	0
U-wire-ListMetricsResponse-batches-as-wt0	corpus	decode-read	retain	E2	16	2680.86	9033	1
U-wire-ListMetricsResponse-batches-as-wt0	corpus	decode-read	retain	R	17	2721.47	8745	0
U-wire-ListMetricsResponse-batches-as-wt0	corpus	decode-read	retain	E2	17	2488.67	9033	1
U-wire-ListMetricsResponse-batches-as-wt0	corpus	decode-read	retain	E	17	2452.98	9110	1
U-wire-ListMetricsResponse-batches-as-wt0	corpus	decode-read	retain	E2	18	2387.58	9033	1
U-wire-ListMetricsResponse-batches-as-wt0	corpus	decode-read	retain	E	18	2386.78	9110	1
U-wire-ListMetricsResponse-batches-as-wt0	corpus	decode-read	retain	R	18	2483.40	8745	0
U-wire-ListMetricsResponse-batches-as-wt0	corpus	decode-read	retain	E	19	2397.69	9110	1
U-wire-ListMetricsResponse-batches-as-wt0	corpus	decode-read	retain	R	19	2421.66	8745	0
U-wire-ListMetricsResponse-batches-as-wt0	corpus	decode-read	retain	E2	19	2427.96	9033	1
U-wire-ListMetricsResponse-batches-as-wt0	corpus	decode-read	retain	R	20	2394.44	8745	0
U-wire-ListMetricsResponse-batches-as-wt0	corpus	decode-read	retain	E2	20	2373.35	9033	1
U-wire-ListMetricsResponse-batches-as-wt0	corpus	decode-read	retain	E	20	2289.57	9110	1
U-wire-ListMetricsResponse-batches-as-wt0	corpus	decode-read	retain	E2	21	2300.79	9033	1
U-wire-ListMetricsResponse-batches-as-wt0	corpus	decode-read	retain	E	21	2324.10	9110	1
U-wire-ListMetricsResponse-batches-as-wt0	corpus	decode-read	retain	R	21	2412.57	8745	0
U-wire-ListMetricsResponse-batches-as-wt0	corpus	encode-core-hot	drop	E	1	1122.89	9442	0
U-wire-ListMetricsResponse-batches-as-wt0	corpus	encode-core-hot	drop	R	1	1159.69	6318	0
U-wire-ListMetricsResponse-batches-as-wt0	corpus	encode-core-hot	drop	E2	1	1116.53	11349	0
U-wire-ListMetricsResponse-batches-as-wt0	corpus	encode-core-hot	drop	R	2	1155.33	6318	0
U-wire-ListMetricsResponse-batches-as-wt0	corpus	encode-core-hot	drop	E2	2	1126.97	11349	0
U-wire-ListMetricsResponse-batches-as-wt0	corpus	encode-core-hot	drop	E	2	1169.94	9442	0
U-wire-ListMetricsResponse-batches-as-wt0	corpus	encode-core-hot	drop	E2	3	1134.97	11349	0
U-wire-ListMetricsResponse-batches-as-wt0	corpus	encode-core-hot	drop	E	3	1136.70	9442	0
U-wire-ListMetricsResponse-batches-as-wt0	corpus	encode-core-hot	drop	R	3	1165.88	6318	0
U-wire-ListMetricsResponse-batches-as-wt0	corpus	encode-core-hot	drop	E	4	1112.36	9442	0
U-wire-ListMetricsResponse-batches-as-wt0	corpus	encode-core-hot	drop	R	4	1174.95	6318	0
U-wire-ListMetricsResponse-batches-as-wt0	corpus	encode-core-hot	drop	E2	4	1111.76	11349	0
U-wire-ListMetricsResponse-batches-as-wt0	corpus	encode-core-hot	drop	R	5	1170.67	6318	0
U-wire-ListMetricsResponse-batches-as-wt0	corpus	encode-core-hot	drop	E2	5	1114.07	11349	0
U-wire-ListMetricsResponse-batches-as-wt0	corpus	encode-core-hot	drop	E	5	1107.74	9442	0
U-wire-ListMetricsResponse-batches-as-wt0	corpus	encode-core-hot	drop	E2	6	1140.18	11349	0
U-wire-ListMetricsResponse-batches-as-wt0	corpus	encode-core-hot	drop	E	6	1115.16	9442	0
U-wire-ListMetricsResponse-batches-as-wt0	corpus	encode-core-hot	drop	R	6	1186.46	6318	0
U-wire-ListMetricsResponse-batches-as-wt0	corpus	encode-core-hot	drop	E	7	1119.24	9442	0
U-wire-ListMetricsResponse-batches-as-wt0	corpus	encode-core-hot	drop	R	7	1157.70	6318	0
U-wire-ListMetricsResponse-batches-as-wt0	corpus	encode-core-hot	drop	E2	7	1117.25	11349	0
U-wire-ListMetricsResponse-batches-as-wt0	corpus	encode-core-hot	drop	R	8	1151.05	6318	0
U-wire-ListMetricsResponse-batches-as-wt0	corpus	encode-core-hot	drop	E2	8	1136.25	11349	0
U-wire-ListMetricsResponse-batches-as-wt0	corpus	encode-core-hot	drop	E	8	1123.85	9442	0
U-wire-ListMetricsResponse-batches-as-wt0	corpus	encode-core-hot	drop	E2	9	1124.55	11349	0
U-wire-ListMetricsResponse-batches-as-wt0	corpus	encode-core-hot	drop	E	9	1119.63	9442	0
U-wire-ListMetricsResponse-batches-as-wt0	corpus	encode-core-hot	drop	R	9	1184.41	6318	0
U-wire-ListMetricsResponse-batches-as-wt0	corpus	encode-core-hot	drop	E	10	1123.26	9442	0
U-wire-ListMetricsResponse-batches-as-wt0	corpus	encode-core-hot	drop	R	10	1162.78	6318	0
U-wire-ListMetricsResponse-batches-as-wt0	corpus	encode-core-hot	drop	E2	10	1083.46	11349	0
U-wire-ListMetricsResponse-batches-as-wt0	corpus	encode-core-hot	drop	R	11	1154.76	6318	0
U-wire-ListMetricsResponse-batches-as-wt0	corpus	encode-core-hot	drop	E2	11	1145.20	11349	0
U-wire-ListMetricsResponse-batches-as-wt0	corpus	encode-core-hot	drop	E	11	1159.97	9442	0
U-wire-ListMetricsResponse-batches-as-wt0	corpus	encode-core-hot	drop	E2	12	1111.84	11349	0
U-wire-ListMetricsResponse-batches-as-wt0	corpus	encode-core-hot	drop	E	12	1140.44	9442	0
U-wire-ListMetricsResponse-batches-as-wt0	corpus	encode-core-hot	drop	R	12	1152.47	6318	0
U-wire-ListMetricsResponse-batches-as-wt0	corpus	encode-core-hot	drop	E	13	1146.57	9442	0
U-wire-ListMetricsResponse-batches-as-wt0	corpus	encode-core-hot	drop	R	13	1158.66	6318	0
U-wire-ListMetricsResponse-batches-as-wt0	corpus	encode-core-hot	drop	E2	13	1129.61	11349	0
U-wire-ListMetricsResponse-batches-as-wt0	corpus	encode-core-hot	drop	R	14	1154.78	6318	0
U-wire-ListMetricsResponse-batches-as-wt0	corpus	encode-core-hot	drop	E2	14	1110.51	11349	0
U-wire-ListMetricsResponse-batches-as-wt0	corpus	encode-core-hot	drop	E	14	1095.71	9442	0
U-wire-ListMetricsResponse-batches-as-wt0	corpus	encode-core-hot	drop	E2	15	1121.23	11349	0
U-wire-ListMetricsResponse-batches-as-wt0	corpus	encode-core-hot	drop	E	15	1119.16	9442	0
U-wire-ListMetricsResponse-batches-as-wt0	corpus	encode-core-hot	drop	R	15	1239.82	6318	0
U-wire-ListMetricsResponse-batches-as-wt0	corpus	encode-core-hot	drop	E	16	1151.31	9442	0
U-wire-ListMetricsResponse-batches-as-wt0	corpus	encode-core-hot	drop	R	16	1170.16	6318	0
U-wire-ListMetricsResponse-batches-as-wt0	corpus	encode-core-hot	drop	E2	16	1136.31	11349	0
U-wire-ListMetricsResponse-batches-as-wt0	corpus	encode-core-hot	drop	R	17	1185.11	6318	0
U-wire-ListMetricsResponse-batches-as-wt0	corpus	encode-core-hot	drop	E2	17	1174.02	11349	0
U-wire-ListMetricsResponse-batches-as-wt0	corpus	encode-core-hot	drop	E	17	1129.81	9442	0
U-wire-ListMetricsResponse-batches-as-wt0	corpus	encode-core-hot	drop	E2	18	1128.09	11349	0
U-wire-ListMetricsResponse-batches-as-wt0	corpus	encode-core-hot	drop	E	18	1104.27	9442	0
U-wire-ListMetricsResponse-batches-as-wt0	corpus	encode-core-hot	drop	R	18	1170.39	6318	0
U-wire-ListMetricsResponse-batches-as-wt0	corpus	encode-core-hot	drop	E	19	1133.46	9442	0
U-wire-ListMetricsResponse-batches-as-wt0	corpus	encode-core-hot	drop	R	19	1152.14	6318	0
U-wire-ListMetricsResponse-batches-as-wt0	corpus	encode-core-hot	drop	E2	19	1128.38	11349	0
U-wire-ListMetricsResponse-batches-as-wt0	corpus	encode-core-hot	drop	R	20	1144.94	6318	0
U-wire-ListMetricsResponse-batches-as-wt0	corpus	encode-core-hot	drop	E2	20	1128.22	11349	0
U-wire-ListMetricsResponse-batches-as-wt0	corpus	encode-core-hot	drop	E	20	1114.43	9442	0
U-wire-ListMetricsResponse-batches-as-wt0	corpus	encode-core-hot	drop	E2	21	1112.88	11349	0
U-wire-ListMetricsResponse-batches-as-wt0	corpus	encode-core-hot	drop	E	21	1116.05	9442	0
U-wire-ListMetricsResponse-batches-as-wt0	corpus	encode-core-hot	drop	R	21	1178.87	6318	0
U-wire-ListMetricsResponse-batches-as-wt0	corpus	encode-core-hot	retain	E	1	1170.53	17378	0
U-wire-ListMetricsResponse-batches-as-wt0	corpus	encode-core-hot	retain	R	1	1210.84	15647	0
U-wire-ListMetricsResponse-batches-as-wt0	corpus	encode-core-hot	retain	E2	1	1168.11	11733	0
U-wire-ListMetricsResponse-batches-as-wt0	corpus	encode-core-hot	retain	R	2	1216.36	15647	0
U-wire-ListMetricsResponse-batches-as-wt0	corpus	encode-core-hot	retain	E2	2	1178.79	11733	0
U-wire-ListMetricsResponse-batches-as-wt0	corpus	encode-core-hot	retain	E	2	1180.47	17378	0
U-wire-ListMetricsResponse-batches-as-wt0	corpus	encode-core-hot	retain	E2	3	1194.98	11733	0
U-wire-ListMetricsResponse-batches-as-wt0	corpus	encode-core-hot	retain	E	3	1197.43	17378	0
U-wire-ListMetricsResponse-batches-as-wt0	corpus	encode-core-hot	retain	R	3	1257.10	15647	0
U-wire-ListMetricsResponse-batches-as-wt0	corpus	encode-core-hot	retain	E	4	1212.17	17378	0
U-wire-ListMetricsResponse-batches-as-wt0	corpus	encode-core-hot	retain	R	4	1240.81	15647	0
U-wire-ListMetricsResponse-batches-as-wt0	corpus	encode-core-hot	retain	E2	4	1205.06	11733	0
U-wire-ListMetricsResponse-batches-as-wt0	corpus	encode-core-hot	retain	R	5	1232.31	15647	0
U-wire-ListMetricsResponse-batches-as-wt0	corpus	encode-core-hot	retain	E2	5	1212.40	11733	0
U-wire-ListMetricsResponse-batches-as-wt0	corpus	encode-core-hot	retain	E	5	1198.92	17378	0
U-wire-ListMetricsResponse-batches-as-wt0	corpus	encode-core-hot	retain	E2	6	1203.84	11733	0
U-wire-ListMetricsResponse-batches-as-wt0	corpus	encode-core-hot	retain	E	6	1217.42	17378	0
U-wire-ListMetricsResponse-batches-as-wt0	corpus	encode-core-hot	retain	R	6	1259.49	15647	0
U-wire-ListMetricsResponse-batches-as-wt0	corpus	encode-core-hot	retain	E	7	1203.90	17378	0
U-wire-ListMetricsResponse-batches-as-wt0	corpus	encode-core-hot	retain	R	7	1235.72	15647	0
U-wire-ListMetricsResponse-batches-as-wt0	corpus	encode-core-hot	retain	E2	7	1193.73	11733	0
U-wire-ListMetricsResponse-batches-as-wt0	corpus	encode-core-hot	retain	R	8	1316.26	15647	0
U-wire-ListMetricsResponse-batches-as-wt0	corpus	encode-core-hot	retain	E2	8	1177.36	11733	0
U-wire-ListMetricsResponse-batches-as-wt0	corpus	encode-core-hot	retain	E	8	1182.25	17378	0
U-wire-ListMetricsResponse-batches-as-wt0	corpus	encode-core-hot	retain	E2	9	1195.14	11733	0
U-wire-ListMetricsResponse-batches-as-wt0	corpus	encode-core-hot	retain	E	9	1193.99	17378	0
U-wire-ListMetricsResponse-batches-as-wt0	corpus	encode-core-hot	retain	R	9	1230.32	15647	0
U-wire-ListMetricsResponse-batches-as-wt0	corpus	encode-core-hot	retain	E	10	1179.84	17378	0
U-wire-ListMetricsResponse-batches-as-wt0	corpus	encode-core-hot	retain	R	10	1212.41	15647	0
U-wire-ListMetricsResponse-batches-as-wt0	corpus	encode-core-hot	retain	E2	10	1326.44	11733	0
U-wire-ListMetricsResponse-batches-as-wt0	corpus	encode-core-hot	retain	R	11	1219.93	15647	0
U-wire-ListMetricsResponse-batches-as-wt0	corpus	encode-core-hot	retain	E2	11	1184.25	11733	0
U-wire-ListMetricsResponse-batches-as-wt0	corpus	encode-core-hot	retain	E	11	1182.98	17378	0
U-wire-ListMetricsResponse-batches-as-wt0	corpus	encode-core-hot	retain	E2	12	1168.08	11733	0
U-wire-ListMetricsResponse-batches-as-wt0	corpus	encode-core-hot	retain	E	12	1194.56	17378	0
U-wire-ListMetricsResponse-batches-as-wt0	corpus	encode-core-hot	retain	R	12	1220.01	15647	0
U-wire-ListMetricsResponse-batches-as-wt0	corpus	encode-core-hot	retain	E	13	1197.44	17378	0
U-wire-ListMetricsResponse-batches-as-wt0	corpus	encode-core-hot	retain	R	13	1281.39	15647	0
U-wire-ListMetricsResponse-batches-as-wt0	corpus	encode-core-hot	retain	E2	13	1312.07	11733	0
U-wire-ListMetricsResponse-batches-as-wt0	corpus	encode-core-hot	retain	R	14	1207.47	15647	0
U-wire-ListMetricsResponse-batches-as-wt0	corpus	encode-core-hot	retain	E2	14	1176.06	11733	0
U-wire-ListMetricsResponse-batches-as-wt0	corpus	encode-core-hot	retain	E	14	1164.40	17378	0
U-wire-ListMetricsResponse-batches-as-wt0	corpus	encode-core-hot	retain	E2	15	1173.77	11733	0
U-wire-ListMetricsResponse-batches-as-wt0	corpus	encode-core-hot	retain	E	15	1191.94	17378	0
U-wire-ListMetricsResponse-batches-as-wt0	corpus	encode-core-hot	retain	R	15	1208.82	15647	0
U-wire-ListMetricsResponse-batches-as-wt0	corpus	encode-core-hot	retain	E	16	1176.06	17378	0
U-wire-ListMetricsResponse-batches-as-wt0	corpus	encode-core-hot	retain	R	16	1203.50	15647	0
U-wire-ListMetricsResponse-batches-as-wt0	corpus	encode-core-hot	retain	E2	16	1173.88	11733	0
U-wire-ListMetricsResponse-batches-as-wt0	corpus	encode-core-hot	retain	R	17	1224.38	15647	0
U-wire-ListMetricsResponse-batches-as-wt0	corpus	encode-core-hot	retain	E2	17	1154.01	11733	0
U-wire-ListMetricsResponse-batches-as-wt0	corpus	encode-core-hot	retain	E	17	1223.96	17378	0
U-wire-ListMetricsResponse-batches-as-wt0	corpus	encode-core-hot	retain	E2	18	1186.21	11733	0
U-wire-ListMetricsResponse-batches-as-wt0	corpus	encode-core-hot	retain	E	18	1236.98	17378	0
U-wire-ListMetricsResponse-batches-as-wt0	corpus	encode-core-hot	retain	R	18	1233.61	15647	0
U-wire-ListMetricsResponse-batches-as-wt0	corpus	encode-core-hot	retain	E	19	1207.45	17378	0
U-wire-ListMetricsResponse-batches-as-wt0	corpus	encode-core-hot	retain	R	19	1195.67	15647	0
U-wire-ListMetricsResponse-batches-as-wt0	corpus	encode-core-hot	retain	E2	19	1167.81	11733	0
U-wire-ListMetricsResponse-batches-as-wt0	corpus	encode-core-hot	retain	R	20	1187.84	15647	0
U-wire-ListMetricsResponse-batches-as-wt0	corpus	encode-core-hot	retain	E2	20	1148.26	11733	0
U-wire-ListMetricsResponse-batches-as-wt0	corpus	encode-core-hot	retain	E	20	1181.38	17378	0
U-wire-ListMetricsResponse-batches-as-wt0	corpus	encode-core-hot	retain	E2	21	1211.61	11733	0
U-wire-ListMetricsResponse-batches-as-wt0	corpus	encode-core-hot	retain	E	21	1243.57	17378	0
U-wire-ListMetricsResponse-batches-as-wt0	corpus	encode-core-hot	retain	R	21	1266.15	15647	0
U-wire-DualResponse-left-as-wt5	corpus	decode-read	drop	E	1	387.37	51760	1
U-wire-DualResponse-left-as-wt5	corpus	decode-read	drop	R	1	379.44	51424	0
U-wire-DualResponse-left-as-wt5	corpus	decode-read	drop	E2	1	387.62	51659	1
U-wire-DualResponse-left-as-wt5	corpus	decode-read	drop	R	2	383.67	51424	0
U-wire-DualResponse-left-as-wt5	corpus	decode-read	drop	E2	2	388.71	51659	1
U-wire-DualResponse-left-as-wt5	corpus	decode-read	drop	E	2	386.71	51760	1
U-wire-DualResponse-left-as-wt5	corpus	decode-read	drop	E2	3	400.16	51659	1
U-wire-DualResponse-left-as-wt5	corpus	decode-read	drop	E	3	390.93	51760	1
U-wire-DualResponse-left-as-wt5	corpus	decode-read	drop	R	3	387.06	51424	0
U-wire-DualResponse-left-as-wt5	corpus	decode-read	drop	E	4	393.40	51760	1
U-wire-DualResponse-left-as-wt5	corpus	decode-read	drop	R	4	398.87	51424	0
U-wire-DualResponse-left-as-wt5	corpus	decode-read	drop	E2	4	438.13	51659	1
U-wire-DualResponse-left-as-wt5	corpus	decode-read	drop	R	5	409.21	51424	0
U-wire-DualResponse-left-as-wt5	corpus	decode-read	drop	E2	5	394.65	51659	1
U-wire-DualResponse-left-as-wt5	corpus	decode-read	drop	E	5	399.48	51760	1
U-wire-DualResponse-left-as-wt5	corpus	decode-read	drop	E2	6	391.84	51659	1
U-wire-DualResponse-left-as-wt5	corpus	decode-read	drop	E	6	433.83	51760	1
U-wire-DualResponse-left-as-wt5	corpus	decode-read	drop	R	6	397.85	51424	0
U-wire-DualResponse-left-as-wt5	corpus	decode-read	drop	E	7	397.37	51760	1
U-wire-DualResponse-left-as-wt5	corpus	decode-read	drop	R	7	393.55	51424	0
U-wire-DualResponse-left-as-wt5	corpus	decode-read	drop	E2	7	391.98	51659	1
U-wire-DualResponse-left-as-wt5	corpus	decode-read	drop	R	8	387.72	51424	0
U-wire-DualResponse-left-as-wt5	corpus	decode-read	drop	E2	8	407.19	51659	1
U-wire-DualResponse-left-as-wt5	corpus	decode-read	drop	E	8	404.70	51760	1
U-wire-DualResponse-left-as-wt5	corpus	decode-read	drop	E2	9	393.47	51659	1
U-wire-DualResponse-left-as-wt5	corpus	decode-read	drop	E	9	389.46	51760	1
U-wire-DualResponse-left-as-wt5	corpus	decode-read	drop	R	9	390.92	51424	0
U-wire-DualResponse-left-as-wt5	corpus	decode-read	drop	E	10	405.00	51760	1
U-wire-DualResponse-left-as-wt5	corpus	decode-read	drop	R	10	380.90	51424	0
U-wire-DualResponse-left-as-wt5	corpus	decode-read	drop	E2	10	389.30	51659	1
U-wire-DualResponse-left-as-wt5	corpus	decode-read	drop	R	11	378.52	51424	0
U-wire-DualResponse-left-as-wt5	corpus	decode-read	drop	E2	11	391.05	51659	1
U-wire-DualResponse-left-as-wt5	corpus	decode-read	drop	E	11	392.82	51760	1
U-wire-DualResponse-left-as-wt5	corpus	decode-read	drop	E2	12	389.71	51659	1
U-wire-DualResponse-left-as-wt5	corpus	decode-read	drop	E	12	410.30	51760	1
U-wire-DualResponse-left-as-wt5	corpus	decode-read	drop	R	12	391.98	51424	0
U-wire-DualResponse-left-as-wt5	corpus	decode-read	drop	E	13	399.74	51760	1
U-wire-DualResponse-left-as-wt5	corpus	decode-read	drop	R	13	404.55	51424	0
U-wire-DualResponse-left-as-wt5	corpus	decode-read	drop	E2	13	402.29	51659	1
U-wire-DualResponse-left-as-wt5	corpus	decode-read	drop	R	14	382.17	51424	0
U-wire-DualResponse-left-as-wt5	corpus	decode-read	drop	E2	14	399.93	51659	1
U-wire-DualResponse-left-as-wt5	corpus	decode-read	drop	E	14	409.49	51760	1
U-wire-DualResponse-left-as-wt5	corpus	decode-read	drop	E2	15	398.19	51659	1
U-wire-DualResponse-left-as-wt5	corpus	decode-read	drop	E	15	396.54	51760	1
U-wire-DualResponse-left-as-wt5	corpus	decode-read	drop	R	15	387.13	51424	0
U-wire-DualResponse-left-as-wt5	corpus	decode-read	drop	E	16	402.72	51760	1
U-wire-DualResponse-left-as-wt5	corpus	decode-read	drop	R	16	389.26	51424	0
U-wire-DualResponse-left-as-wt5	corpus	decode-read	drop	E2	16	413.80	51659	1
U-wire-DualResponse-left-as-wt5	corpus	decode-read	drop	R	17	393.07	51424	0
U-wire-DualResponse-left-as-wt5	corpus	decode-read	drop	E2	17	395.14	51659	1
U-wire-DualResponse-left-as-wt5	corpus	decode-read	drop	E	17	396.93	51760	1
U-wire-DualResponse-left-as-wt5	corpus	decode-read	drop	E2	18	401.10	51659	1
U-wire-DualResponse-left-as-wt5	corpus	decode-read	drop	E	18	405.43	51760	1
U-wire-DualResponse-left-as-wt5	corpus	decode-read	drop	R	18	387.57	51424	0
U-wire-DualResponse-left-as-wt5	corpus	decode-read	drop	E	19	397.85	51760	1
U-wire-DualResponse-left-as-wt5	corpus	decode-read	drop	R	19	396.91	51424	0
U-wire-DualResponse-left-as-wt5	corpus	decode-read	drop	E2	19	404.28	51659	1
U-wire-DualResponse-left-as-wt5	corpus	decode-read	drop	R	20	389.87	51424	0
U-wire-DualResponse-left-as-wt5	corpus	decode-read	drop	E2	20	393.43	51659	1
U-wire-DualResponse-left-as-wt5	corpus	decode-read	drop	E	20	401.79	51760	1
U-wire-DualResponse-left-as-wt5	corpus	decode-read	drop	E2	21	425.51	51659	1
U-wire-DualResponse-left-as-wt5	corpus	decode-read	drop	E	21	401.30	51760	1
U-wire-DualResponse-left-as-wt5	corpus	decode-read	drop	R	21	403.98	51424	0
U-wire-DualResponse-left-as-wt5	corpus	decode-read	retain	E	1	1197.45	43569	1
U-wire-DualResponse-left-as-wt5	corpus	decode-read	retain	R	1	505.84	46176	0
U-wire-DualResponse-left-as-wt5	corpus	decode-read	retain	E2	1	493.31	14443	1
U-wire-DualResponse-left-as-wt5	corpus	decode-read	retain	R	2	492.90	46176	0
U-wire-DualResponse-left-as-wt5	corpus	decode-read	retain	E2	2	456.13	14443	1
U-wire-DualResponse-left-as-wt5	corpus	decode-read	retain	E	2	481.73	43569	1
U-wire-DualResponse-left-as-wt5	corpus	decode-read	retain	E2	3	460.75	14443	1
U-wire-DualResponse-left-as-wt5	corpus	decode-read	retain	E	3	490.10	43569	1
U-wire-DualResponse-left-as-wt5	corpus	decode-read	retain	R	3	520.23	46176	0
U-wire-DualResponse-left-as-wt5	corpus	decode-read	retain	E	4	495.05	43569	1
U-wire-DualResponse-left-as-wt5	corpus	decode-read	retain	R	4	492.44	46176	0
U-wire-DualResponse-left-as-wt5	corpus	decode-read	retain	E2	4	517.46	14443	1
U-wire-DualResponse-left-as-wt5	corpus	decode-read	retain	R	5	463.76	46176	0
U-wire-DualResponse-left-as-wt5	corpus	decode-read	retain	E2	5	465.01	14443	1
U-wire-DualResponse-left-as-wt5	corpus	decode-read	retain	E	5	445.83	43569	1
U-wire-DualResponse-left-as-wt5	corpus	decode-read	retain	E2	6	444.25	14443	1
U-wire-DualResponse-left-as-wt5	corpus	decode-read	retain	E	6	451.12	43569	1
U-wire-DualResponse-left-as-wt5	corpus	decode-read	retain	R	6	446.68	46176	0
U-wire-DualResponse-left-as-wt5	corpus	decode-read	retain	E	7	458.17	43569	1
U-wire-DualResponse-left-as-wt5	corpus	decode-read	retain	R	7	438.25	46176	0
U-wire-DualResponse-left-as-wt5	corpus	decode-read	retain	E2	7	446.74	14443	1
U-wire-DualResponse-left-as-wt5	corpus	decode-read	retain	R	8	441.03	46176	0
U-wire-DualResponse-left-as-wt5	corpus	decode-read	retain	E2	8	439.86	14443	1
U-wire-DualResponse-left-as-wt5	corpus	decode-read	retain	E	8	456.36	43569	1
U-wire-DualResponse-left-as-wt5	corpus	decode-read	retain	E2	9	439.46	14443	1
U-wire-DualResponse-left-as-wt5	corpus	decode-read	retain	E	9	450.81	43569	1
U-wire-DualResponse-left-as-wt5	corpus	decode-read	retain	R	9	444.60	46176	0
U-wire-DualResponse-left-as-wt5	corpus	decode-read	retain	E	10	446.56	43569	1
U-wire-DualResponse-left-as-wt5	corpus	decode-read	retain	R	10	448.79	46176	0
U-wire-DualResponse-left-as-wt5	corpus	decode-read	retain	E2	10	477.86	14443	1
U-wire-DualResponse-left-as-wt5	corpus	decode-read	retain	R	11	449.78	46176	0
U-wire-DualResponse-left-as-wt5	corpus	decode-read	retain	E2	11	440.49	14443	1
U-wire-DualResponse-left-as-wt5	corpus	decode-read	retain	E	11	452.37	43569	1
U-wire-DualResponse-left-as-wt5	corpus	decode-read	retain	E2	12	446.43	14443	1
U-wire-DualResponse-left-as-wt5	corpus	decode-read	retain	E	12	449.31	43569	1
U-wire-DualResponse-left-as-wt5	corpus	decode-read	retain	R	12	440.94	46176	0
U-wire-DualResponse-left-as-wt5	corpus	decode-read	retain	E	13	443.78	43569	1
U-wire-DualResponse-left-as-wt5	corpus	decode-read	retain	R	13	443.09	46176	0
U-wire-DualResponse-left-as-wt5	corpus	decode-read	retain	E2	13	455.84	14443	1
U-wire-DualResponse-left-as-wt5	corpus	decode-read	retain	R	14	445.55	46176	0
U-wire-DualResponse-left-as-wt5	corpus	decode-read	retain	E2	14	464.08	14443	1
U-wire-DualResponse-left-as-wt5	corpus	decode-read	retain	E	14	455.77	43569	1
U-wire-DualResponse-left-as-wt5	corpus	decode-read	retain	E2	15	441.55	14443	1
U-wire-DualResponse-left-as-wt5	corpus	decode-read	retain	E	15	447.95	43569	1
U-wire-DualResponse-left-as-wt5	corpus	decode-read	retain	R	15	445.33	46176	0
U-wire-DualResponse-left-as-wt5	corpus	decode-read	retain	E	16	463.59	43569	1
U-wire-DualResponse-left-as-wt5	corpus	decode-read	retain	R	16	438.51	46176	0
U-wire-DualResponse-left-as-wt5	corpus	decode-read	retain	E2	16	463.04	14443	1
U-wire-DualResponse-left-as-wt5	corpus	decode-read	retain	R	17	443.95	46176	0
U-wire-DualResponse-left-as-wt5	corpus	decode-read	retain	E2	17	448.22	14443	1
U-wire-DualResponse-left-as-wt5	corpus	decode-read	retain	E	17	446.35	43569	1
U-wire-DualResponse-left-as-wt5	corpus	decode-read	retain	E2	18	439.08	14443	1
U-wire-DualResponse-left-as-wt5	corpus	decode-read	retain	E	18	457.48	43569	1
U-wire-DualResponse-left-as-wt5	corpus	decode-read	retain	R	18	465.27	46176	0
U-wire-DualResponse-left-as-wt5	corpus	decode-read	retain	E	19	477.83	43569	1
U-wire-DualResponse-left-as-wt5	corpus	decode-read	retain	R	19	474.78	46176	0
U-wire-DualResponse-left-as-wt5	corpus	decode-read	retain	E2	19	507.92	14443	1
U-wire-DualResponse-left-as-wt5	corpus	decode-read	retain	R	20	480.39	46176	0
U-wire-DualResponse-left-as-wt5	corpus	decode-read	retain	E2	20	473.11	14443	1
U-wire-DualResponse-left-as-wt5	corpus	decode-read	retain	E	20	454.00	43569	1
U-wire-DualResponse-left-as-wt5	corpus	decode-read	retain	E2	21	468.84	14443	1
U-wire-DualResponse-left-as-wt5	corpus	decode-read	retain	E	21	453.93	43569	1
U-wire-DualResponse-left-as-wt5	corpus	decode-read	retain	R	21	442.36	46176	0
U-wire-DualResponse-left-as-wt5	corpus	encode-core-hot	drop	E	1	195.90	101096	0
U-wire-DualResponse-left-as-wt5	corpus	encode-core-hot	drop	R	1	189.10	106722	0
U-wire-DualResponse-left-as-wt5	corpus	encode-core-hot	drop	E2	1	196.48	98396	0
U-wire-DualResponse-left-as-wt5	corpus	encode-core-hot	drop	R	2	198.03	106722	0
U-wire-DualResponse-left-as-wt5	corpus	encode-core-hot	drop	E2	2	199.70	98396	0
U-wire-DualResponse-left-as-wt5	corpus	encode-core-hot	drop	E	2	194.76	101096	0
U-wire-DualResponse-left-as-wt5	corpus	encode-core-hot	drop	E2	3	193.95	98396	0
U-wire-DualResponse-left-as-wt5	corpus	encode-core-hot	drop	E	3	195.98	101096	0
U-wire-DualResponse-left-as-wt5	corpus	encode-core-hot	drop	R	3	190.86	106722	0
U-wire-DualResponse-left-as-wt5	corpus	encode-core-hot	drop	E	4	197.52	101096	0
U-wire-DualResponse-left-as-wt5	corpus	encode-core-hot	drop	R	4	191.88	106722	0
U-wire-DualResponse-left-as-wt5	corpus	encode-core-hot	drop	E2	4	195.20	98396	0
U-wire-DualResponse-left-as-wt5	corpus	encode-core-hot	drop	R	5	190.93	106722	0
U-wire-DualResponse-left-as-wt5	corpus	encode-core-hot	drop	E2	5	194.59	98396	0
U-wire-DualResponse-left-as-wt5	corpus	encode-core-hot	drop	E	5	197.16	101096	0
U-wire-DualResponse-left-as-wt5	corpus	encode-core-hot	drop	E2	6	197.96	98396	0
U-wire-DualResponse-left-as-wt5	corpus	encode-core-hot	drop	E	6	200.64	101096	0
U-wire-DualResponse-left-as-wt5	corpus	encode-core-hot	drop	R	6	194.91	106722	0
U-wire-DualResponse-left-as-wt5	corpus	encode-core-hot	drop	E	7	199.88	101096	0
U-wire-DualResponse-left-as-wt5	corpus	encode-core-hot	drop	R	7	192.17	106722	0
U-wire-DualResponse-left-as-wt5	corpus	encode-core-hot	drop	E2	7	195.29	98396	0
U-wire-DualResponse-left-as-wt5	corpus	encode-core-hot	drop	R	8	185.21	106722	0
U-wire-DualResponse-left-as-wt5	corpus	encode-core-hot	drop	E2	8	192.98	98396	0
U-wire-DualResponse-left-as-wt5	corpus	encode-core-hot	drop	E	8	190.68	101096	0
U-wire-DualResponse-left-as-wt5	corpus	encode-core-hot	drop	E2	9	192.72	98396	0
U-wire-DualResponse-left-as-wt5	corpus	encode-core-hot	drop	E	9	198.39	101096	0
U-wire-DualResponse-left-as-wt5	corpus	encode-core-hot	drop	R	9	193.74	106722	0
U-wire-DualResponse-left-as-wt5	corpus	encode-core-hot	drop	E	10	197.17	101096	0
U-wire-DualResponse-left-as-wt5	corpus	encode-core-hot	drop	R	10	194.35	106722	0
U-wire-DualResponse-left-as-wt5	corpus	encode-core-hot	drop	E2	10	197.49	98396	0
U-wire-DualResponse-left-as-wt5	corpus	encode-core-hot	drop	R	11	197.01	106722	0
U-wire-DualResponse-left-as-wt5	corpus	encode-core-hot	drop	E2	11	204.29	98396	0
U-wire-DualResponse-left-as-wt5	corpus	encode-core-hot	drop	E	11	212.84	101096	0
U-wire-DualResponse-left-as-wt5	corpus	encode-core-hot	drop	E2	12	200.49	98396	0
U-wire-DualResponse-left-as-wt5	corpus	encode-core-hot	drop	E	12	199.25	101096	0
U-wire-DualResponse-left-as-wt5	corpus	encode-core-hot	drop	R	12	195.38	106722	0
U-wire-DualResponse-left-as-wt5	corpus	encode-core-hot	drop	E	13	196.36	101096	0
U-wire-DualResponse-left-as-wt5	corpus	encode-core-hot	drop	R	13	194.84	106722	0
U-wire-DualResponse-left-as-wt5	corpus	encode-core-hot	drop	E2	13	204.47	98396	0
U-wire-DualResponse-left-as-wt5	corpus	encode-core-hot	drop	R	14	193.92	106722	0
U-wire-DualResponse-left-as-wt5	corpus	encode-core-hot	drop	E2	14	198.71	98396	0
U-wire-DualResponse-left-as-wt5	corpus	encode-core-hot	drop	E	14	199.75	101096	0
U-wire-DualResponse-left-as-wt5	corpus	encode-core-hot	drop	E2	15	195.91	98396	0
U-wire-DualResponse-left-as-wt5	corpus	encode-core-hot	drop	E	15	208.37	101096	0
U-wire-DualResponse-left-as-wt5	corpus	encode-core-hot	drop	R	15	217.45	106722	0
U-wire-DualResponse-left-as-wt5	corpus	encode-core-hot	drop	E	16	204.86	101096	0
U-wire-DualResponse-left-as-wt5	corpus	encode-core-hot	drop	R	16	192.99	106722	0
U-wire-DualResponse-left-as-wt5	corpus	encode-core-hot	drop	E2	16	194.20	98396	0
U-wire-DualResponse-left-as-wt5	corpus	encode-core-hot	drop	R	17	198.29	106722	0
U-wire-DualResponse-left-as-wt5	corpus	encode-core-hot	drop	E2	17	217.15	98396	0
U-wire-DualResponse-left-as-wt5	corpus	encode-core-hot	drop	E	17	195.68	101096	0
U-wire-DualResponse-left-as-wt5	corpus	encode-core-hot	drop	E2	18	197.04	98396	0
U-wire-DualResponse-left-as-wt5	corpus	encode-core-hot	drop	E	18	196.24	101096	0
U-wire-DualResponse-left-as-wt5	corpus	encode-core-hot	drop	R	18	193.81	106722	0
U-wire-DualResponse-left-as-wt5	corpus	encode-core-hot	drop	E	19	199.48	101096	0
U-wire-DualResponse-left-as-wt5	corpus	encode-core-hot	drop	R	19	198.27	106722	0
U-wire-DualResponse-left-as-wt5	corpus	encode-core-hot	drop	E2	19	205.51	98396	0
U-wire-DualResponse-left-as-wt5	corpus	encode-core-hot	drop	R	20	195.60	106722	0
U-wire-DualResponse-left-as-wt5	corpus	encode-core-hot	drop	E2	20	229.70	98396	0
U-wire-DualResponse-left-as-wt5	corpus	encode-core-hot	drop	E	20	196.05	101096	0
U-wire-DualResponse-left-as-wt5	corpus	encode-core-hot	drop	E2	21	212.54	98396	0
U-wire-DualResponse-left-as-wt5	corpus	encode-core-hot	drop	E	21	198.45	101096	0
U-wire-DualResponse-left-as-wt5	corpus	encode-core-hot	drop	R	21	194.94	106722	0
U-wire-DualResponse-left-as-wt5	corpus	encode-core-hot	retain	E	1	222.76	88125	0
U-wire-DualResponse-left-as-wt5	corpus	encode-core-hot	retain	R	1	216.21	92917	0
U-wire-DualResponse-left-as-wt5	corpus	encode-core-hot	retain	E2	1	220.18	83253	0
U-wire-DualResponse-left-as-wt5	corpus	encode-core-hot	retain	R	2	213.29	92917	0
U-wire-DualResponse-left-as-wt5	corpus	encode-core-hot	retain	E2	2	222.54	83253	0
U-wire-DualResponse-left-as-wt5	corpus	encode-core-hot	retain	E	2	225.38	88125	0
U-wire-DualResponse-left-as-wt5	corpus	encode-core-hot	retain	E2	3	222.08	83253	0
U-wire-DualResponse-left-as-wt5	corpus	encode-core-hot	retain	E	3	218.60	88125	0
U-wire-DualResponse-left-as-wt5	corpus	encode-core-hot	retain	R	3	211.83	92917	0
U-wire-DualResponse-left-as-wt5	corpus	encode-core-hot	retain	E	4	221.64	88125	0
U-wire-DualResponse-left-as-wt5	corpus	encode-core-hot	retain	R	4	218.84	92917	0
U-wire-DualResponse-left-as-wt5	corpus	encode-core-hot	retain	E2	4	224.12	83253	0
U-wire-DualResponse-left-as-wt5	corpus	encode-core-hot	retain	R	5	223.65	92917	0
U-wire-DualResponse-left-as-wt5	corpus	encode-core-hot	retain	E2	5	223.59	83253	0
U-wire-DualResponse-left-as-wt5	corpus	encode-core-hot	retain	E	5	226.40	88125	0
U-wire-DualResponse-left-as-wt5	corpus	encode-core-hot	retain	E2	6	224.24	83253	0
U-wire-DualResponse-left-as-wt5	corpus	encode-core-hot	retain	E	6	224.82	88125	0
U-wire-DualResponse-left-as-wt5	corpus	encode-core-hot	retain	R	6	214.31	92917	0
U-wire-DualResponse-left-as-wt5	corpus	encode-core-hot	retain	E	7	225.39	88125	0
U-wire-DualResponse-left-as-wt5	corpus	encode-core-hot	retain	R	7	215.11	92917	0
U-wire-DualResponse-left-as-wt5	corpus	encode-core-hot	retain	E2	7	223.01	83253	0
U-wire-DualResponse-left-as-wt5	corpus	encode-core-hot	retain	R	8	213.56	92917	0
U-wire-DualResponse-left-as-wt5	corpus	encode-core-hot	retain	E2	8	221.12	83253	0
U-wire-DualResponse-left-as-wt5	corpus	encode-core-hot	retain	E	8	218.95	88125	0
U-wire-DualResponse-left-as-wt5	corpus	encode-core-hot	retain	E2	9	219.33	83253	0
U-wire-DualResponse-left-as-wt5	corpus	encode-core-hot	retain	E	9	224.63	88125	0
U-wire-DualResponse-left-as-wt5	corpus	encode-core-hot	retain	R	9	215.09	92917	0
U-wire-DualResponse-left-as-wt5	corpus	encode-core-hot	retain	E	10	225.18	88125	0
U-wire-DualResponse-left-as-wt5	corpus	encode-core-hot	retain	R	10	217.56	92917	0
U-wire-DualResponse-left-as-wt5	corpus	encode-core-hot	retain	E2	10	225.07	83253	0
U-wire-DualResponse-left-as-wt5	corpus	encode-core-hot	retain	R	11	217.31	92917	0
U-wire-DualResponse-left-as-wt5	corpus	encode-core-hot	retain	E2	11	221.69	83253	0
U-wire-DualResponse-left-as-wt5	corpus	encode-core-hot	retain	E	11	221.98	88125	0
U-wire-DualResponse-left-as-wt5	corpus	encode-core-hot	retain	E2	12	221.69	83253	0
U-wire-DualResponse-left-as-wt5	corpus	encode-core-hot	retain	E	12	223.99	88125	0
U-wire-DualResponse-left-as-wt5	corpus	encode-core-hot	retain	R	12	216.69	92917	0
U-wire-DualResponse-left-as-wt5	corpus	encode-core-hot	retain	E	13	319.56	88125	0
U-wire-DualResponse-left-as-wt5	corpus	encode-core-hot	retain	R	13	219.46	92917	0
U-wire-DualResponse-left-as-wt5	corpus	encode-core-hot	retain	E2	13	223.47	83253	0
U-wire-DualResponse-left-as-wt5	corpus	encode-core-hot	retain	R	14	216.54	92917	0
U-wire-DualResponse-left-as-wt5	corpus	encode-core-hot	retain	E2	14	221.89	83253	0
U-wire-DualResponse-left-as-wt5	corpus	encode-core-hot	retain	E	14	221.35	88125	0
U-wire-DualResponse-left-as-wt5	corpus	encode-core-hot	retain	E2	15	221.71	83253	0
U-wire-DualResponse-left-as-wt5	corpus	encode-core-hot	retain	E	15	221.63	88125	0
U-wire-DualResponse-left-as-wt5	corpus	encode-core-hot	retain	R	15	214.64	92917	0
U-wire-DualResponse-left-as-wt5	corpus	encode-core-hot	retain	E	16	224.06	88125	0
U-wire-DualResponse-left-as-wt5	corpus	encode-core-hot	retain	R	16	213.92	92917	0
U-wire-DualResponse-left-as-wt5	corpus	encode-core-hot	retain	E2	16	220.86	83253	0
U-wire-DualResponse-left-as-wt5	corpus	encode-core-hot	retain	R	17	210.18	92917	0
U-wire-DualResponse-left-as-wt5	corpus	encode-core-hot	retain	E2	17	220.48	83253	0
U-wire-DualResponse-left-as-wt5	corpus	encode-core-hot	retain	E	17	220.45	88125	0
U-wire-DualResponse-left-as-wt5	corpus	encode-core-hot	retain	E2	18	220.01	83253	0
U-wire-DualResponse-left-as-wt5	corpus	encode-core-hot	retain	E	18	220.24	88125	0
U-wire-DualResponse-left-as-wt5	corpus	encode-core-hot	retain	R	18	218.66	92917	0
U-wire-DualResponse-left-as-wt5	corpus	encode-core-hot	retain	E	19	221.82	88125	0
U-wire-DualResponse-left-as-wt5	corpus	encode-core-hot	retain	R	19	212.71	92917	0
U-wire-DualResponse-left-as-wt5	corpus	encode-core-hot	retain	E2	19	225.32	83253	0
U-wire-DualResponse-left-as-wt5	corpus	encode-core-hot	retain	R	20	213.75	92917	0
U-wire-DualResponse-left-as-wt5	corpus	encode-core-hot	retain	E2	20	221.27	83253	0
U-wire-DualResponse-left-as-wt5	corpus	encode-core-hot	retain	E	20	219.59	88125	0
U-wire-DualResponse-left-as-wt5	corpus	encode-core-hot	retain	E2	21	220.82	83253	0
U-wire-DualResponse-left-as-wt5	corpus	encode-core-hot	retain	E	21	220.49	88125	0
U-wire-DualResponse-left-as-wt5	corpus	encode-core-hot	retain	R	21	213.26	92917	0
