payload	content	dir	mode	path	round	cpu_ns_per_op	ops	resets_per_call
P1.1	ascii	encode-core-hot	drop	E	1	1041.14	29053	0
P1.1	ascii	encode-core-hot	drop	R	1	717.79	28594	0
P1.1	ascii	encode-core-hot	drop	E2	1	735.93	28962	0
P1.1	ascii	encode-core-hot	drop	R	2	712.08	28594	0
P1.1	ascii	encode-core-hot	drop	E2	2	707.61	28962	0
P1.1	ascii	encode-core-hot	drop	E	2	714.37	29053	0
P1.1	ascii	encode-core-hot	drop	E2	3	709.93	28962	0
P1.1	ascii	encode-core-hot	drop	E	3	696.82	29053	0
P1.1	ascii	encode-core-hot	drop	R	3	734.45	28594	0
P1.1	ascii	encode-core-hot	drop	E	4	699.21	29053	0
P1.1	ascii	encode-core-hot	drop	R	4	703.78	28594	0
P1.1	ascii	encode-core-hot	drop	E2	4	701.54	28962	0
P1.1	ascii	encode-core-hot	drop	R	5	690.37	28594	0
P1.1	ascii	encode-core-hot	drop	E2	5	725.42	28962	0
P1.1	ascii	encode-core-hot	drop	E	5	755.04	29053	0
P1.1	ascii	encode-core-hot	drop	E2	6	829.43	28962	0
P1.1	ascii	encode-core-hot	drop	E	6	692.29	29053	0
P1.1	ascii	encode-core-hot	drop	R	6	712.69	28594	0
P1.1	ascii	encode-core-hot	drop	E	7	696.22	29053	0
P1.1	ascii	encode-core-hot	drop	R	7	755.51	28594	0
P1.1	ascii	encode-core-hot	drop	E2	7	723.36	28962	0
P1.1	ascii	encode-core-hot	drop	R	8	771.99	28594	0
P1.1	ascii	encode-core-hot	drop	E2	8	696.88	28962	0
P1.1	ascii	encode-core-hot	drop	E	8	694.02	29053	0
P1.1	ascii	encode-core-hot	drop	E2	9	751.87	28962	0
P1.1	ascii	encode-core-hot	drop	E	9	692.00	29053	0
P1.1	ascii	encode-core-hot	drop	R	9	687.59	28594	0
P1.1	ascii	encode-core-hot	drop	E	10	682.00	29053	0
P1.1	ascii	encode-core-hot	drop	R	10	704.01	28594	0
P1.1	ascii	encode-core-hot	drop	E2	10	693.59	28962	0
P1.1	ascii	encode-core-hot	drop	R	11	828.41	28594	0
P1.1	ascii	encode-core-hot	drop	E2	11	695.59	28962	0
P1.1	ascii	encode-core-hot	drop	E	11	699.32	29053	0
P1.1	ascii	encode-core-hot	drop	E2	12	695.55	28962	0
P1.1	ascii	encode-core-hot	drop	E	12	698.29	29053	0
P1.1	ascii	encode-core-hot	drop	R	12	693.11	28594	0
P1.1	ascii	encode-core-hot	drop	E	13	681.93	29053	0
P1.1	ascii	encode-core-hot	drop	R	13	691.53	28594	0
P1.1	ascii	encode-core-hot	drop	E2	13	693.23	28962	0
P1.1	ascii	encode-core-hot	drop	R	14	1160.42	28594	0
P1.1	ascii	encode-core-hot	drop	E2	14	1058.79	28962	0
P1.1	ascii	encode-core-hot	drop	E	14	702.10	29053	0
P1.1	ascii	encode-core-hot	drop	E2	15	699.10	28962	0
P1.1	ascii	encode-core-hot	drop	E	15	694.48	29053	0
P1.1	ascii	encode-core-hot	drop	R	15	690.85	28594	0
P1.1	ascii	encode-core-hot	drop	E	16	696.38	29053	0
P1.1	ascii	encode-core-hot	drop	R	16	690.99	28594	0
P1.1	ascii	encode-core-hot	drop	E2	16	695.83	28962	0
P1.1	ascii	encode-core-hot	drop	R	17	694.41	28594	0
P1.1	ascii	encode-core-hot	drop	E2	17	697.38	28962	0
P1.1	ascii	encode-core-hot	drop	E	17	698.31	29053	0
P1.1	ascii	encode-core-hot	drop	E2	18	713.24	28962	0
P1.1	ascii	encode-core-hot	drop	E	18	690.82	29053	0
P1.1	ascii	encode-core-hot	drop	R	18	692.21	28594	0
P1.1	ascii	encode-core-hot	drop	E	19	693.77	29053	0
P1.1	ascii	encode-core-hot	drop	R	19	699.23	28594	0
P1.1	ascii	encode-core-hot	drop	E2	19	705.00	28962	0
P1.1	ascii	encode-core-hot	drop	R	20	693.72	28594	0
P1.1	ascii	encode-core-hot	drop	E2	20	695.83	28962	0
P1.1	ascii	encode-core-hot	drop	E	20	681.15	29053	0
P1.1	ascii	encode-core-hot	drop	E2	21	745.51	28962	0
P1.1	ascii	encode-core-hot	drop	E	21	692.59	29053	0
P1.1	ascii	encode-core-hot	drop	R	21	695.27	28594	0
P1.1	ascii	encode-core-hot	retain	E	1	1058.48	13688	0
P1.1	ascii	encode-core-hot	retain	R	1	1035.18	18282	0
P1.1	ascii	encode-core-hot	retain	E2	1	1041.35	18161	0
P1.1	ascii	encode-core-hot	retain	R	2	1045.81	18282	0
P1.1	ascii	encode-core-hot	retain	E2	2	1061.89	18161	0
P1.1	ascii	encode-core-hot	retain	E	2	1048.00	13688	0
P1.1	ascii	encode-core-hot	retain	E2	3	1482.02	18161	0
P1.1	ascii	encode-core-hot	retain	E	3	1535.08	13688	0
P1.1	ascii	encode-core-hot	retain	R	3	1031.71	18282	0
P1.1	ascii	encode-core-hot	retain	E	4	1059.25	13688	0
P1.1	ascii	encode-core-hot	retain	R	4	1045.12	18282	0
P1.1	ascii	encode-core-hot	retain	E2	4	1045.50	18161	0
P1.1	ascii	encode-core-hot	retain	R	5	1047.47	18282	0
P1.1	ascii	encode-core-hot	retain	E2	5	1091.61	18161	0
P1.1	ascii	encode-core-hot	retain	E	5	1067.72	13688	0
P1.1	ascii	encode-core-hot	retain	E2	6	1085.86	18161	0
P1.1	ascii	encode-core-hot	retain	E	6	1050.30	13688	0
P1.1	ascii	encode-core-hot	retain	R	6	1086.19	18282	0
P1.1	ascii	encode-core-hot	retain	E	7	1031.51	13688	0
P1.1	ascii	encode-core-hot	retain	R	7	1041.16	18282	0
P1.1	ascii	encode-core-hot	retain	E2	7	1054.66	18161	0
P1.1	ascii	encode-core-hot	retain	R	8	1083.90	18282	0
P1.1	ascii	encode-core-hot	retain	E2	8	1060.12	18161	0
P1.1	ascii	encode-core-hot	retain	E	8	1071.48	13688	0
P1.1	ascii	encode-core-hot	retain	E2	9	1046.96	18161	0
P1.1	ascii	encode-core-hot	retain	E	9	1065.09	13688	0
P1.1	ascii	encode-core-hot	retain	R	9	1076.76	18282	0
P1.1	ascii	encode-core-hot	retain	E	10	1078.13	13688	0
P1.1	ascii	encode-core-hot	retain	R	10	1130.20	18282	0
P1.1	ascii	encode-core-hot	retain	E2	10	1128.26	18161	0
P1.1	ascii	encode-core-hot	retain	R	11	1049.23	18282	0
P1.1	ascii	encode-core-hot	retain	E2	11	1091.40	18161	0
P1.1	ascii	encode-core-hot	retain	E	11	1102.91	13688	0
P1.1	ascii	encode-core-hot	retain	E2	12	1087.35	18161	0
P1.1	ascii	encode-core-hot	retain	E	12	1076.56	13688	0
P1.1	ascii	encode-core-hot	retain	R	12	1119.50	18282	0
P1.1	ascii	encode-core-hot	retain	E	13	1164.97	13688	0
P1.1	ascii	encode-core-hot	retain	R	13	1146.94	18282	0
P1.1	ascii	encode-core-hot	retain	E2	13	1109.47	18161	0
P1.1	ascii	encode-core-hot	retain	R	14	1081.05	18282	0
P1.1	ascii	encode-core-hot	retain	E2	14	1128.62	18161	0
P1.1	ascii	encode-core-hot	retain	E	14	1115.19	13688	0
P1.1	ascii	encode-core-hot	retain	E2	15	1085.66	18161	0
P1.1	ascii	encode-core-hot	retain	E	15	1067.64	13688	0
P1.1	ascii	encode-core-hot	retain	R	15	1103.37	18282	0
P1.1	ascii	encode-core-hot	retain	E	16	1101.86	13688	0
P1.1	ascii	encode-core-hot	retain	R	16	1066.47	18282	0
P1.1	ascii	encode-core-hot	retain	E2	16	1080.62	18161	0
P1.1	ascii	encode-core-hot	retain	R	17	1045.87	18282	0
P1.1	ascii	encode-core-hot	retain	E2	17	1047.35	18161	0
P1.1	ascii	encode-core-hot	retain	E	17	1087.32	13688	0
P1.1	ascii	encode-core-hot	retain	E2	18	1086.11	18161	0
P1.1	ascii	encode-core-hot	retain	E	18	1084.33	13688	0
P1.1	ascii	encode-core-hot	retain	R	18	1102.77	18282	0
P1.1	ascii	encode-core-hot	retain	E	19	1098.63	13688	0
P1.1	ascii	encode-core-hot	retain	R	19	1076.88	18282	0
P1.1	ascii	encode-core-hot	retain	E2	19	1092.63	18161	0
P1.1	ascii	encode-core-hot	retain	R	20	1107.61	18282	0
P1.1	ascii	encode-core-hot	retain	E2	20	1074.64	18161	0
P1.1	ascii	encode-core-hot	retain	E	20	1054.53	13688	0
P1.1	ascii	encode-core-hot	retain	E2	21	1070.15	18161	0
P1.1	ascii	encode-core-hot	retain	E	21	1074.92	13688	0
P1.1	ascii	encode-core-hot	retain	R	21	1051.67	18282	0
P1.1	ascii	decode-read	drop	E	1	1359.41	14398	1
P1.1	ascii	decode-read	drop	R	1	1282.55	14777	0
P1.1	ascii	decode-read	drop	E2	1	1379.05	14813	1
P1.1	ascii	decode-read	drop	R	2	1302.39	14777	0
P1.1	ascii	decode-read	drop	E2	2	1382.20	14813	1
P1.1	ascii	decode-read	drop	E	2	1386.21	14398	1
P1.1	ascii	decode-read	drop	E2	3	1361.36	14813	1
P1.1	ascii	decode-read	drop	E	3	1361.96	14398	1
P1.1	ascii	decode-read	drop	R	3	1287.33	14777	0
P1.1	ascii	decode-read	drop	E	4	1375.23	14398	1
P1.1	ascii	decode-read	drop	R	4	1343.64	14777	0
P1.1	ascii	decode-read	drop	E2	4	1372.43	14813	1
P1.1	ascii	decode-read	drop	R	5	1345.90	14777	0
P1.1	ascii	decode-read	drop	E2	5	1353.64	14813	1
P1.1	ascii	decode-read	drop	E	5	1363.77	14398	1
P1.1	ascii	decode-read	drop	E2	6	1394.88	14813	1
P1.1	ascii	decode-read	drop	E	6	1360.47	14398	1
P1.1	ascii	decode-read	drop	R	6	1353.82	14777	0
P1.1	ascii	decode-read	drop	E	7	1363.48	14398	1
P1.1	ascii	decode-read	drop	R	7	1318.76	14777	0
P1.1	ascii	decode-read	drop	E2	7	1366.40	14813	1
P1.1	ascii	decode-read	drop	R	8	1322.44	14777	0
P1.1	ascii	decode-read	drop	E2	8	1338.44	14813	1
P1.1	ascii	decode-read	drop	E	8	1332.80	14398	1
P1.1	ascii	decode-read	drop	E2	9	1447.87	14813	1
P1.1	ascii	decode-read	drop	E	9	1377.45	14398	1
P1.1	ascii	decode-read	drop	R	9	1332.61	14777	0
P1.1	ascii	decode-read	drop	E	10	1356.43	14398	1
P1.1	ascii	decode-read	drop	R	10	1306.86	14777	0
P1.1	ascii	decode-read	drop	E2	10	1353.30	14813	1
P1.1	ascii	decode-read	drop	R	11	1307.00	14777	0
P1.1	ascii	decode-read	drop	E2	11	1357.97	14813	1
P1.1	ascii	decode-read	drop	E	11	1355.53	14398	1
P1.1	ascii	decode-read	drop	E2	12	1344.26	14813	1
P1.1	ascii	decode-read	drop	E	12	1342.34	14398	1
P1.1	ascii	decode-read	drop	R	12	1309.62	14777	0
P1.1	ascii	decode-read	drop	E	13	1357.19	14398	1
P1.1	ascii	decode-read	drop	R	13	1267.11	14777	0
P1.1	ascii	decode-read	drop	E2	13	1337.08	14813	1
P1.1	ascii	decode-read	drop	R	14	1325.18	14777	0
P1.1	ascii	decode-read	drop	E2	14	1379.23	14813	1
P1.1	ascii	decode-read	drop	E	14	1370.16	14398	1
P1.1	ascii	decode-read	drop	E2	15	1396.51	14813	1
P1.1	ascii	decode-read	drop	E	15	1376.66	14398	1
P1.1	ascii	decode-read	drop	R	15	1303.41	14777	0
P1.1	ascii	decode-read	drop	E	16	1452.15	14398	1
P1.1	ascii	decode-read	drop	R	16	1336.32	14777	0
P1.1	ascii	decode-read	drop	E2	16	1401.84	14813	1
P1.1	ascii	decode-read	drop	R	17	1328.68	14777	0
P1.1	ascii	decode-read	drop	E2	17	1376.47	14813	1
P1.1	ascii	decode-read	drop	E	17	1351.49	14398	1
P1.1	ascii	decode-read	drop	E2	18	1367.03	14813	1
P1.1	ascii	decode-read	drop	E	18	1364.27	14398	1
P1.1	ascii	decode-read	drop	R	18	1334.72	14777	0
P1.1	ascii	decode-read	drop	E	19	1388.08	14398	1
P1.1	ascii	decode-read	drop	R	19	1317.73	14777	0
P1.1	ascii	decode-read	drop	E2	19	1389.60	14813	1
P1.1	ascii	decode-read	drop	R	20	1302.29	14777	0
P1.1	ascii	decode-read	drop	E2	20	1372.42	14813	1
P1.1	ascii	decode-read	drop	E	20	1344.10	14398	1
P1.1	ascii	decode-read	drop	E2	21	1345.80	14813	1
P1.1	ascii	decode-read	drop	E	21	1360.26	14398	1
P1.1	ascii	decode-read	drop	R	21	1321.17	14777	0
P1.1	ascii	decode-read	retain	E	1	1359.34	14956	1
P1.1	ascii	decode-read	retain	R	1	1401.82	15351	0
P1.1	ascii	decode-read	retain	E2	1	1351.86	14410	1
P1.1	ascii	decode-read	retain	R	2	1374.96	15351	0
P1.1	ascii	decode-read	retain	E2	2	1369.64	14410	1
P1.1	ascii	decode-read	retain	E	2	1354.65	14956	1
P1.1	ascii	decode-read	retain	E2	3	2019.43	14410	1
P1.1	ascii	decode-read	retain	E	3	1729.56	14956	1
P1.1	ascii	decode-read	retain	R	3	1350.42	15351	0
P1.1	ascii	decode-read	retain	E	4	1353.74	14956	1
P1.1	ascii	decode-read	retain	R	4	1348.49	15351	0
P1.1	ascii	decode-read	retain	E2	4	1367.03	14410	1
P1.1	ascii	decode-read	retain	R	5	1361.63	15351	0
P1.1	ascii	decode-read	retain	E2	5	1358.61	14410	1
P1.1	ascii	decode-read	retain	E	5	1360.88	14956	1
P1.1	ascii	decode-read	retain	E2	6	1372.14	14410	1
P1.1	ascii	decode-read	retain	E	6	1381.86	14956	1
P1.1	ascii	decode-read	retain	R	6	1379.13	15351	0
P1.1	ascii	decode-read	retain	E	7	1355.67	14956	1
P1.1	ascii	decode-read	retain	R	7	1371.96	15351	0
P1.1	ascii	decode-read	retain	E2	7	1374.70	14410	1
P1.1	ascii	decode-read	retain	R	8	1385.37	15351	0
P1.1	ascii	decode-read	retain	E2	8	1381.61	14410	1
P1.1	ascii	decode-read	retain	E	8	1354.08	14956	1
P1.1	ascii	decode-read	retain	E2	9	1369.32	14410	1
P1.1	ascii	decode-read	retain	E	9	1341.94	14956	1
P1.1	ascii	decode-read	retain	R	9	1355.94	15351	0
P1.1	ascii	decode-read	retain	E	10	1380.88	14956	1
P1.1	ascii	decode-read	retain	R	10	1343.67	15351	0
P1.1	ascii	decode-read	retain	E2	10	1344.49	14410	1
P1.1	ascii	decode-read	retain	R	11	1329.48	15351	0
P1.1	ascii	decode-read	retain	E2	11	1347.81	14410	1
P1.1	ascii	decode-read	retain	E	11	1373.65	14956	1
P1.1	ascii	decode-read	retain	E2	12	1383.27	14410	1
P1.1	ascii	decode-read	retain	E	12	1398.47	14956	1
P1.1	ascii	decode-read	retain	R	12	1357.33	15351	0
P1.1	ascii	decode-read	retain	E	13	1349.64	14956	1
P1.1	ascii	decode-read	retain	R	13	1429.10	15351	0
P1.1	ascii	decode-read	retain	E2	13	1359.13	14410	1
P1.1	ascii	decode-read	retain	R	14	1354.23	15351	0
P1.1	ascii	decode-read	retain	E2	14	1372.77	14410	1
P1.1	ascii	decode-read	retain	E	14	1386.88	14956	1
P1.1	ascii	decode-read	retain	E2	15	1350.20	14410	1
P1.1	ascii	decode-read	retain	E	15	1359.73	14956	1
P1.1	ascii	decode-read	retain	R	15	1387.09	15351	0
P1.1	ascii	decode-read	retain	E	16	1355.45	14956	1
P1.1	ascii	decode-read	retain	R	16	1368.38	15351	0
P1.1	ascii	decode-read	retain	E2	16	1393.26	14410	1
P1.1	ascii	decode-read	retain	R	17	1357.43	15351	0
P1.1	ascii	decode-read	retain	E2	17	1373.53	14410	1
P1.1	ascii	decode-read	retain	E	17	1358.96	14956	1
P1.1	ascii	decode-read	retain	E2	18	1417.55	14410	1
P1.1	ascii	decode-read	retain	E	18	1350.82	14956	1
P1.1	ascii	decode-read	retain	R	18	1354.46	15351	0
P1.1	ascii	decode-read	retain	E	19	1379.81	14956	1
P1.1	ascii	decode-read	retain	R	19	1346.82	15351	0
P1.1	ascii	decode-read	retain	E2	19	1422.32	14410	1
P1.1	ascii	decode-read	retain	R	20	1363.28	15351	0
P1.1	ascii	decode-read	retain	E2	20	1335.51	14410	1
P1.1	ascii	decode-read	retain	E	20	1347.92	14956	1
P1.1	ascii	decode-read	retain	E2	21	1366.93	14410	1
P1.1	ascii	decode-read	retain	E	21	1393.25	14956	1
P1.1	ascii	decode-read	retain	R	21	1350.19	15351	0
P5.1	ascii	encode-core-hot	drop	E	1	96.47	208975	0
P5.1	ascii	encode-core-hot	drop	R	1	95.13	212654	0
P5.1	ascii	encode-core-hot	drop	E2	1	98.24	205635	0
P5.1	ascii	encode-core-hot	drop	R	2	94.45	212654	0
P5.1	ascii	encode-core-hot	drop	E2	2	97.63	205635	0
P5.1	ascii	encode-core-hot	drop	E	2	100.32	208975	0
P5.1	ascii	encode-core-hot	drop	E2	3	98.72	205635	0
P5.1	ascii	encode-core-hot	drop	E	3	96.37	208975	0
P5.1	ascii	encode-core-hot	drop	R	3	94.52	212654	0
P5.1	ascii	encode-core-hot	drop	E	4	96.18	208975	0
P5.1	ascii	encode-core-hot	drop	R	4	94.51	212654	0
P5.1	ascii	encode-core-hot	drop	E2	4	96.08	205635	0
P5.1	ascii	encode-core-hot	drop	R	5	92.39	212654	0
P5.1	ascii	encode-core-hot	drop	E2	5	95.86	205635	0
P5.1	ascii	encode-core-hot	drop	E	5	96.18	208975	0
P5.1	ascii	encode-core-hot	drop	E2	6	95.81	205635	0
P5.1	ascii	encode-core-hot	drop	E	6	95.94	208975	0
P5.1	ascii	encode-core-hot	drop	R	6	95.38	212654	0
P5.1	ascii	encode-core-hot	drop	E	7	98.17	208975	0
P5.1	ascii	encode-core-hot	drop	R	7	98.39	212654	0
P5.1	ascii	encode-core-hot	drop	E2	7	106.98	205635	0
P5.1	ascii	encode-core-hot	drop	R	8	94.50	212654	0
P5.1	ascii	encode-core-hot	drop	E2	8	96.91	205635	0
P5.1	ascii	encode-core-hot	drop	E	8	95.91	208975	0
P5.1	ascii	encode-core-hot	drop	E2	9	96.29	205635	0
P5.1	ascii	encode-core-hot	drop	E	9	96.12	208975	0
P5.1	ascii	encode-core-hot	drop	R	9	93.10	212654	0
P5.1	ascii	encode-core-hot	drop	E	10	96.93	208975	0
P5.1	ascii	encode-core-hot	drop	R	10	93.97	212654	0
P5.1	ascii	encode-core-hot	drop	E2	10	97.02	205635	0
P5.1	ascii	encode-core-hot	drop	R	11	94.63	212654	0
P5.1	ascii	encode-core-hot	drop	E2	11	96.39	205635	0
P5.1	ascii	encode-core-hot	drop	E	11	96.03	208975	0
P5.1	ascii	encode-core-hot	drop	E2	12	96.12	205635	0
P5.1	ascii	encode-core-hot	drop	E	12	95.87	208975	0
P5.1	ascii	encode-core-hot	drop	R	12	94.30	212654	0
P5.1	ascii	encode-core-hot	drop	E	13	96.62	208975	0
P5.1	ascii	encode-core-hot	drop	R	13	94.44	212654	0
P5.1	ascii	encode-core-hot	drop	E2	13	96.05	205635	0
P5.1	ascii	encode-core-hot	drop	R	14	92.92	212654	0
P5.1	ascii	encode-core-hot	drop	E2	14	95.59	205635	0
P5.1	ascii	encode-core-hot	drop	E	14	97.00	208975	0
P5.1	ascii	encode-core-hot	drop	E2	15	101.81	205635	0
P5.1	ascii	encode-core-hot	drop	E	15	101.13	208975	0
P5.1	ascii	encode-core-hot	drop	R	15	94.58	212654	0
P5.1	ascii	encode-core-hot	drop	E	16	95.62	208975	0
P5.1	ascii	encode-core-hot	drop	R	16	93.34	212654	0
P5.1	ascii	encode-core-hot	drop	E2	16	97.80	205635	0
P5.1	ascii	encode-core-hot	drop	R	17	98.64	212654	0
P5.1	ascii	encode-core-hot	drop	E2	17	99.39	205635	0
P5.1	ascii	encode-core-hot	drop	E	17	101.46	208975	0
P5.1	ascii	encode-core-hot	drop	E2	18	97.67	205635	0
P5.1	ascii	encode-core-hot	drop	E	18	97.44	208975	0
P5.1	ascii	encode-core-hot	drop	R	18	95.87	212654	0
P5.1	ascii	encode-core-hot	drop	E	19	101.32	208975	0
P5.1	ascii	encode-core-hot	drop	R	19	102.63	212654	0
P5.1	ascii	encode-core-hot	drop	E2	19	103.55	205635	0
P5.1	ascii	encode-core-hot	drop	R	20	106.23	212654	0
P5.1	ascii	encode-core-hot	drop	E2	20	100.23	205635	0
P5.1	ascii	encode-core-hot	drop	E	20	98.86	208975	0
P5.1	ascii	encode-core-hot	drop	E2	21	97.51	205635	0
P5.1	ascii	encode-core-hot	drop	E	21	96.98	208975	0
P5.1	ascii	encode-core-hot	drop	R	21	95.12	212654	0
P5.1	ascii	encode-core-hot	retain	E	1	102.50	197916	0
P5.1	ascii	encode-core-hot	retain	R	1	97.99	191580	0
P5.1	ascii	encode-core-hot	retain	E2	1	103.42	194581	0
P5.1	ascii	encode-core-hot	retain	R	2	99.37	191580	0
P5.1	ascii	encode-core-hot	retain	E2	2	99.88	194581	0
P5.1	ascii	encode-core-hot	retain	E	2	100.76	197916	0
P5.1	ascii	encode-core-hot	retain	E2	3	101.05	194581	0
P5.1	ascii	encode-core-hot	retain	E	3	100.02	197916	0
P5.1	ascii	encode-core-hot	retain	R	3	99.78	191580	0
P5.1	ascii	encode-core-hot	retain	E	4	103.34	197916	0
P5.1	ascii	encode-core-hot	retain	R	4	99.32	191580	0
P5.1	ascii	encode-core-hot	retain	E2	4	100.51	194581	0
P5.1	ascii	encode-core-hot	retain	R	5	97.93	191580	0
P5.1	ascii	encode-core-hot	retain	E2	5	100.92	194581	0
P5.1	ascii	encode-core-hot	retain	E	5	100.83	197916	0
P5.1	ascii	encode-core-hot	retain	E2	6	102.17	194581	0
P5.1	ascii	encode-core-hot	retain	E	6	103.03	197916	0
P5.1	ascii	encode-core-hot	retain	R	6	125.28	191580	0
P5.1	ascii	encode-core-hot	retain	E	7	107.47	197916	0
P5.1	ascii	encode-core-hot	retain	R	7	99.16	191580	0
P5.1	ascii	encode-core-hot	retain	E2	7	99.97	194581	0
P5.1	ascii	encode-core-hot	retain	R	8	97.83	191580	0
P5.1	ascii	encode-core-hot	retain	E2	8	101.29	194581	0
P5.1	ascii	encode-core-hot	retain	E	8	108.68	197916	0
P5.1	ascii	encode-core-hot	retain	E2	9	108.36	194581	0
P5.1	ascii	encode-core-hot	retain	E	9	102.63	197916	0
P5.1	ascii	encode-core-hot	retain	R	9	98.60	191580	0
P5.1	ascii	encode-core-hot	retain	E	10	102.91	197916	0
P5.1	ascii	encode-core-hot	retain	R	10	100.77	191580	0
P5.1	ascii	encode-core-hot	retain	E2	10	102.16	194581	0
P5.1	ascii	encode-core-hot	retain	R	11	97.86	191580	0
P5.1	ascii	encode-core-hot	retain	E2	11	101.46	194581	0
P5.1	ascii	encode-core-hot	retain	E	11	100.14	197916	0
P5.1	ascii	encode-core-hot	retain	E2	12	102.99	194581	0
P5.1	ascii	encode-core-hot	retain	E	12	101.62	197916	0
P5.1	ascii	encode-core-hot	retain	R	12	96.75	191580	0
P5.1	ascii	encode-core-hot	retain	E	13	104.79	197916	0
P5.1	ascii	encode-core-hot	retain	R	13	104.40	191580	0
P5.1	ascii	encode-core-hot	retain	E2	13	105.34	194581	0
P5.1	ascii	encode-core-hot	retain	R	14	101.50	191580	0
P5.1	ascii	encode-core-hot	retain	E2	14	108.73	194581	0
P5.1	ascii	encode-core-hot	retain	E	14	110.37	197916	0
P5.1	ascii	encode-core-hot	retain	E2	15	105.39	194581	0
P5.1	ascii	encode-core-hot	retain	E	15	100.98	197916	0
P5.1	ascii	encode-core-hot	retain	R	15	99.61	191580	0
P5.1	ascii	encode-core-hot	retain	E	16	100.41	197916	0
P5.1	ascii	encode-core-hot	retain	R	16	97.48	191580	0
P5.1	ascii	encode-core-hot	retain	E2	16	99.77	194581	0
P5.1	ascii	encode-core-hot	retain	R	17	97.53	191580	0
P5.1	ascii	encode-core-hot	retain	E2	17	99.61	194581	0
P5.1	ascii	encode-core-hot	retain	E	17	101.82	197916	0
P5.1	ascii	encode-core-hot	retain	E2	18	100.75	194581	0
P5.1	ascii	encode-core-hot	retain	E	18	97.89	197916	0
P5.1	ascii	encode-core-hot	retain	R	18	95.85	191580	0
P5.1	ascii	encode-core-hot	retain	E	19	98.30	197916	0
P5.1	ascii	encode-core-hot	retain	R	19	96.97	191580	0
P5.1	ascii	encode-core-hot	retain	E2	19	98.49	194581	0
P5.1	ascii	encode-core-hot	retain	R	20	94.82	191580	0
P5.1	ascii	encode-core-hot	retain	E2	20	96.05	194581	0
P5.1	ascii	encode-core-hot	retain	E	20	97.57	197916	0
P5.1	ascii	encode-core-hot	retain	E2	21	98.54	194581	0
P5.1	ascii	encode-core-hot	retain	E	21	99.37	197916	0
P5.1	ascii	encode-core-hot	retain	R	21	98.07	191580	0
P5.1	ascii	decode-read	drop	E	1	166.22	119750	1
P5.1	ascii	decode-read	drop	R	1	164.57	126907	0
P5.1	ascii	decode-read	drop	E2	1	164.47	118093	1
P5.1	ascii	decode-read	drop	R	2	164.49	126907	0
P5.1	ascii	decode-read	drop	E2	2	166.21	118093	1
P5.1	ascii	decode-read	drop	E	2	168.63	119750	1
P5.1	ascii	decode-read	drop	E2	3	169.88	118093	1
P5.1	ascii	decode-read	drop	E	3	173.26	119750	1
P5.1	ascii	decode-read	drop	R	3	167.46	126907	0
P5.1	ascii	decode-read	drop	E	4	168.71	119750	1
P5.1	ascii	decode-read	drop	R	4	163.63	126907	0
P5.1	ascii	decode-read	drop	E2	4	166.75	118093	1
P5.1	ascii	decode-read	drop	R	5	163.74	126907	0
P5.1	ascii	decode-read	drop	E2	5	168.59	118093	1
P5.1	ascii	decode-read	drop	E	5	167.47	119750	1
P5.1	ascii	decode-read	drop	E2	6	165.15	118093	1
P5.1	ascii	decode-read	drop	E	6	168.83	119750	1
P5.1	ascii	decode-read	drop	R	6	161.09	126907	0
P5.1	ascii	decode-read	drop	E	7	168.00	119750	1
P5.1	ascii	decode-read	drop	R	7	162.73	126907	0
P5.1	ascii	decode-read	drop	E2	7	169.60	118093	1
P5.1	ascii	decode-read	drop	R	8	162.76	126907	0
P5.1	ascii	decode-read	drop	E2	8	165.20	118093	1
P5.1	ascii	decode-read	drop	E	8	169.08	119750	1
P5.1	ascii	decode-read	drop	E2	9	166.12	118093	1
P5.1	ascii	decode-read	drop	E	9	166.80	119750	1
P5.1	ascii	decode-read	drop	R	9	162.34	126907	0
P5.1	ascii	decode-read	drop	E	10	165.23	119750	1
P5.1	ascii	decode-read	drop	R	10	165.85	126907	0
P5.1	ascii	decode-read	drop	E2	10	169.83	118093	1
P5.1	ascii	decode-read	drop	R	11	162.27	126907	0
P5.1	ascii	decode-read	drop	E2	11	163.79	118093	1
P5.1	ascii	decode-read	drop	E	11	163.25	119750	1
P5.1	ascii	decode-read	drop	E2	12	167.78	118093	1
P5.1	ascii	decode-read	drop	E	12	165.43	119750	1
P5.1	ascii	decode-read	drop	R	12	160.57	126907	0
P5.1	ascii	decode-read	drop	E	13	167.52	119750	1
P5.1	ascii	decode-read	drop	R	13	159.30	126907	0
P5.1	ascii	decode-read	drop	E2	13	165.25	118093	1
P5.1	ascii	decode-read	drop	R	14	162.51	126907	0
P5.1	ascii	decode-read	drop	E2	14	164.83	118093	1
P5.1	ascii	decode-read	drop	E	14	161.82	119750	1
P5.1	ascii	decode-read	drop	E2	15	164.39	118093	1
P5.1	ascii	decode-read	drop	E	15	167.12	119750	1
P5.1	ascii	decode-read	drop	R	15	160.84	126907	0
P5.1	ascii	decode-read	drop	E	16	165.28	119750	1
P5.1	ascii	decode-read	drop	R	16	165.70	126907	0
P5.1	ascii	decode-read	drop	E2	16	166.57	118093	1
P5.1	ascii	decode-read	drop	R	17	161.03	126907	0
P5.1	ascii	decode-read	drop	E2	17	167.41	118093	1
P5.1	ascii	decode-read	drop	E	17	167.72	119750	1
P5.1	ascii	decode-read	drop	E2	18	165.98	118093	1
P5.1	ascii	decode-read	drop	E	18	167.25	119750	1
P5.1	ascii	decode-read	drop	R	18	165.45	126907	0
P5.1	ascii	decode-read	drop	E	19	167.58	119750	1
P5.1	ascii	decode-read	drop	R	19	161.32	126907	0
P5.1	ascii	decode-read	drop	E2	19	168.93	118093	1
P5.1	ascii	decode-read	drop	R	20	160.72	126907	0
P5.1	ascii	decode-read	drop	E2	20	166.68	118093	1
P5.1	ascii	decode-read	drop	E	20	166.48	119750	1
P5.1	ascii	decode-read	drop	E2	21	163.77	118093	1
P5.1	ascii	decode-read	drop	E	21	166.12	119750	1
P5.1	ascii	decode-read	drop	R	21	160.18	126907	0
P5.1	ascii	decode-read	retain	E	1	172.41	116801	1
P5.1	ascii	decode-read	retain	R	1	169.58	120462	0
P5.1	ascii	decode-read	retain	E2	1	172.59	116685	1
P5.1	ascii	decode-read	retain	R	2	166.36	120462	0
P5.1	ascii	decode-read	retain	E2	2	171.97	116685	1
P5.1	ascii	decode-read	retain	E	2	174.59	116801	1
P5.1	ascii	decode-read	retain	E2	3	171.00	116685	1
P5.1	ascii	decode-read	retain	E	3	172.65	116801	1
P5.1	ascii	decode-read	retain	R	3	169.03	120462	0
P5.1	ascii	decode-read	retain	E	4	173.50	116801	1
P5.1	ascii	decode-read	retain	R	4	168.31	120462	0
P5.1	ascii	decode-read	retain	E2	4	173.82	116685	1
P5.1	ascii	decode-read	retain	R	5	168.74	120462	0
P5.1	ascii	decode-read	retain	E2	5	170.36	116685	1
P5.1	ascii	decode-read	retain	E	5	172.22	116801	1
P5.1	ascii	decode-read	retain	E2	6	169.82	116685	1
P5.1	ascii	decode-read	retain	E	6	178.38	116801	1
P5.1	ascii	decode-read	retain	R	6	174.97	120462	0
P5.1	ascii	decode-read	retain	E	7	176.50	116801	1
P5.1	ascii	decode-read	retain	R	7	166.67	120462	0
P5.1	ascii	decode-read	retain	E2	7	173.12	116685	1
P5.1	ascii	decode-read	retain	R	8	169.97	120462	0
P5.1	ascii	decode-read	retain	E2	8	176.78	116685	1
P5.1	ascii	decode-read	retain	E	8	176.19	116801	1
P5.1	ascii	decode-read	retain	E2	9	174.32	116685	1
P5.1	ascii	decode-read	retain	E	9	177.30	116801	1
P5.1	ascii	decode-read	retain	R	9	167.87	120462	0
P5.1	ascii	decode-read	retain	E	10	174.67	116801	1
P5.1	ascii	decode-read	retain	R	10	170.29	120462	0
P5.1	ascii	decode-read	retain	E2	10	178.19	116685	1
P5.1	ascii	decode-read	retain	R	11	171.62	120462	0
P5.1	ascii	decode-read	retain	E2	11	173.68	116685	1
P5.1	ascii	decode-read	retain	E	11	173.61	116801	1
P5.1	ascii	decode-read	retain	E2	12	173.50	116685	1
P5.1	ascii	decode-read	retain	E	12	174.60	116801	1
P5.1	ascii	decode-read	retain	R	12	172.43	120462	0
P5.1	ascii	decode-read	retain	E	13	174.88	116801	1
P5.1	ascii	decode-read	retain	R	13	167.67	120462	0
P5.1	ascii	decode-read	retain	E2	13	173.55	116685	1
P5.1	ascii	decode-read	retain	R	14	171.08	120462	0
P5.1	ascii	decode-read	retain	E2	14	170.73	116685	1
P5.1	ascii	decode-read	retain	E	14	173.99	116801	1
P5.1	ascii	decode-read	retain	E2	15	176.51	116685	1
P5.1	ascii	decode-read	retain	E	15	175.84	116801	1
P5.1	ascii	decode-read	retain	R	15	166.95	120462	0
P5.1	ascii	decode-read	retain	E	16	172.20	116801	1
P5.1	ascii	decode-read	retain	R	16	165.88	120462	0
P5.1	ascii	decode-read	retain	E2	16	169.18	116685	1
P5.1	ascii	decode-read	retain	R	17	167.54	120462	0
P5.1	ascii	decode-read	retain	E2	17	176.47	116685	1
P5.1	ascii	decode-read	retain	E	17	172.37	116801	1
P5.1	ascii	decode-read	retain	E2	18	172.20	116685	1
P5.1	ascii	decode-read	retain	E	18	170.72	116801	1
P5.1	ascii	decode-read	retain	R	18	167.99	120462	0
P5.1	ascii	decode-read	retain	E	19	171.18	116801	1
P5.1	ascii	decode-read	retain	R	19	168.11	120462	0
P5.1	ascii	decode-read	retain	E2	19	175.65	116685	1
P5.1	ascii	decode-read	retain	R	20	168.10	120462	0
P5.1	ascii	decode-read	retain	E2	20	171.45	116685	1
P5.1	ascii	decode-read	retain	E	20	169.83	116801	1
P5.1	ascii	decode-read	retain	E2	21	174.81	116685	1
P5.1	ascii	decode-read	retain	E	21	168.32	116801	1
P5.1	ascii	decode-read	retain	R	21	167.24	120462	0
P7.1	ascii	decode-read	drop	E	1	581.98	34697	1
P7.1	ascii	decode-read	drop	R	1	574.15	35096	0
P7.1	ascii	decode-read	drop	E2	1	584.11	33574	1
P7.1	ascii	decode-read	drop	R	2	591.65	35096	0
P7.1	ascii	decode-read	drop	E2	2	583.12	33574	1
P7.1	ascii	decode-read	drop	E	2	571.70	34697	1
P7.1	ascii	decode-read	drop	E2	3	800.77	33574	1
P7.1	ascii	decode-read	drop	E	3	578.86	34697	1
P7.1	ascii	decode-read	drop	R	3	574.08	35096	0
P7.1	ascii	decode-read	drop	E	4	584.59	34697	1
P7.1	ascii	decode-read	drop	R	4	571.56	35096	0
P7.1	ascii	decode-read	drop	E2	4	576.68	33574	1
P7.1	ascii	decode-read	drop	R	5	572.56	35096	0
P7.1	ascii	decode-read	drop	E2	5	575.25	33574	1
P7.1	ascii	decode-read	drop	E	5	576.69	34697	1
P7.1	ascii	decode-read	drop	E2	6	592.34	33574	1
P7.1	ascii	decode-read	drop	E	6	573.83	34697	1
P7.1	ascii	decode-read	drop	R	6	570.13	35096	0
P7.1	ascii	decode-read	drop	E	7	576.53	34697	1
P7.1	ascii	decode-read	drop	R	7	565.87	35096	0
P7.1	ascii	decode-read	drop	E2	7	587.71	33574	1
P7.1	ascii	decode-read	drop	R	8	575.00	35096	0
P7.1	ascii	decode-read	drop	E2	8	577.86	33574	1
P7.1	ascii	decode-read	drop	E	8	576.46	34697	1
P7.1	ascii	decode-read	drop	E2	9	574.07	33574	1
P7.1	ascii	decode-read	drop	E	9	576.40	34697	1
P7.1	ascii	decode-read	drop	R	9	580.38	35096	0
P7.1	ascii	decode-read	drop	E	10	571.69	34697	1
P7.1	ascii	decode-read	drop	R	10	579.48	35096	0
P7.1	ascii	decode-read	drop	E2	10	580.46	33574	1
P7.1	ascii	decode-read	drop	R	11	573.91	35096	0
P7.1	ascii	decode-read	drop	E2	11	588.25	33574	1
P7.1	ascii	decode-read	drop	E	11	573.69	34697	1
P7.1	ascii	decode-read	drop	E2	12	575.25	33574	1
P7.1	ascii	decode-read	drop	E	12	573.60	34697	1
P7.1	ascii	decode-read	drop	R	12	563.62	35096	0
P7.1	ascii	decode-read	drop	E	13	565.72	34697	1
P7.1	ascii	decode-read	drop	R	13	578.47	35096	0
P7.1	ascii	decode-read	drop	E2	13	572.49	33574	1
P7.1	ascii	decode-read	drop	R	14	573.09	35096	0
P7.1	ascii	decode-read	drop	E2	14	578.85	33574	1
P7.1	ascii	decode-read	drop	E	14	579.07	34697	1
P7.1	ascii	decode-read	drop	E2	15	586.28	33574	1
P7.1	ascii	decode-read	drop	E	15	573.29	34697	1
P7.1	ascii	decode-read	drop	R	15	585.64	35096	0
P7.1	ascii	decode-read	drop	E	16	587.88	34697	1
P7.1	ascii	decode-read	drop	R	16	579.87	35096	0
P7.1	ascii	decode-read	drop	E2	16	584.30	33574	1
P7.1	ascii	decode-read	drop	R	17	578.09	35096	0
P7.1	ascii	decode-read	drop	E2	17	580.06	33574	1
P7.1	ascii	decode-read	drop	E	17	591.33	34697	1
P7.1	ascii	decode-read	drop	E2	18	579.09	33574	1
P7.1	ascii	decode-read	drop	E	18	564.09	34697	1
P7.1	ascii	decode-read	drop	R	18	585.14	35096	0
P7.1	ascii	decode-read	drop	E	19	600.89	34697	1
P7.1	ascii	decode-read	drop	R	19	606.19	35096	0
P7.1	ascii	decode-read	drop	E2	19	574.98	33574	1
P7.1	ascii	decode-read	drop	R	20	563.11	35096	0
P7.1	ascii	decode-read	drop	E2	20	566.82	33574	1
P7.1	ascii	decode-read	drop	E	20	574.93	34697	1
P7.1	ascii	decode-read	drop	E2	21	574.94	33574	1
P7.1	ascii	decode-read	drop	E	21	588.88	34697	1
P7.1	ascii	decode-read	drop	R	21	580.13	35096	0
P7.1	ascii	decode-read	retain	E	1	595.23	30040	1
P7.1	ascii	decode-read	retain	R	1	586.99	33332	0
P7.1	ascii	decode-read	retain	E2	1	597.78	33630	1
P7.1	ascii	decode-read	retain	R	2	610.94	33332	0
P7.1	ascii	decode-read	retain	E2	2	651.38	33630	1
P7.1	ascii	decode-read	retain	E	2	578.22	30040	1
P7.1	ascii	decode-read	retain	E2	3	563.68	33630	1
P7.1	ascii	decode-read	retain	E	3	598.19	30040	1
P7.1	ascii	decode-read	retain	R	3	599.97	33332	0
P7.1	ascii	decode-read	retain	E	4	589.35	30040	1
P7.1	ascii	decode-read	retain	R	4	629.55	33332	0
P7.1	ascii	decode-read	retain	E2	4	599.92	33630	1
P7.1	ascii	decode-read	retain	R	5	585.11	33332	0
P7.1	ascii	decode-read	retain	E2	5	595.86	33630	1
P7.1	ascii	decode-read	retain	E	5	588.70	30040	1
P7.1	ascii	decode-read	retain	E2	6	582.34	33630	1
P7.1	ascii	decode-read	retain	E	6	613.55	30040	1
P7.1	ascii	decode-read	retain	R	6	579.96	33332	0
P7.1	ascii	decode-read	retain	E	7	586.95	30040	1
P7.1	ascii	decode-read	retain	R	7	578.21	33332	0
P7.1	ascii	decode-read	retain	E2	7	585.44	33630	1
P7.1	ascii	decode-read	retain	R	8	600.82	33332	0
P7.1	ascii	decode-read	retain	E2	8	594.50	33630	1
P7.1	ascii	decode-read	retain	E	8	580.12	30040	1
P7.1	ascii	decode-read	retain	E2	9	582.03	33630	1
P7.1	ascii	decode-read	retain	E	9	582.88	30040	1
P7.1	ascii	decode-read	retain	R	9	584.20	33332	0
P7.1	ascii	decode-read	retain	E	10	594.74	30040	1
P7.1	ascii	decode-read	retain	R	10	596.83	33332	0
P7.1	ascii	decode-read	retain	E2	10	581.94	33630	1
P7.1	ascii	decode-read	retain	R	11	590.25	33332	0
P7.1	ascii	decode-read	retain	E2	11	597.01	33630	1
P7.1	ascii	decode-read	retain	E	11	631.34	30040	1
P7.1	ascii	decode-read	retain	E2	12	618.39	33630	1
P7.1	ascii	decode-read	retain	E	12	610.50	30040	1
P7.1	ascii	decode-read	retain	R	12	620.59	33332	0
P7.1	ascii	decode-read	retain	E	13	639.74	30040	1
P7.1	ascii	decode-read	retain	R	13	602.35	33332	0
P7.1	ascii	decode-read	retain	E2	13	607.04	33630	1
P7.1	ascii	decode-read	retain	R	14	593.66	33332	0
P7.1	ascii	decode-read	retain	E2	14	614.00	33630	1
P7.1	ascii	decode-read	retain	E	14	593.54	30040	1
P7.1	ascii	decode-read	retain	E2	15	595.97	33630	1
P7.1	ascii	decode-read	retain	E	15	603.47	30040	1
P7.1	ascii	decode-read	retain	R	15	590.96	33332	0
P7.1	ascii	decode-read	retain	E	16	614.72	30040	1
P7.1	ascii	decode-read	retain	R	16	599.54	33332	0
P7.1	ascii	decode-read	retain	E2	16	585.85	33630	1
P7.1	ascii	decode-read	retain	R	17	578.64	33332	0
P7.1	ascii	decode-read	retain	E2	17	592.72	33630	1
P7.1	ascii	decode-read	retain	E	17	587.45	30040	1
P7.1	ascii	decode-read	retain	E2	18	591.88	33630	1
P7.1	ascii	decode-read	retain	E	18	600.64	30040	1
P7.1	ascii	decode-read	retain	R	18	580.41	33332	0
P7.1	ascii	decode-read	retain	E	19	584.59	30040	1
P7.1	ascii	decode-read	retain	R	19	583.35	33332	0
P7.1	ascii	decode-read	retain	E2	19	578.90	33630	1
P7.1	ascii	decode-read	retain	R	20	576.94	33332	0
P7.1	ascii	decode-read	retain	E2	20	586.39	33630	1
P7.1	ascii	decode-read	retain	E	20	578.59	30040	1
P7.1	ascii	decode-read	retain	E2	21	588.75	33630	1
P7.1	ascii	decode-read	retain	E	21	585.11	30040	1
P7.1	ascii	decode-read	retain	R	21	590.26	33332	0
U-nested-before	corpus	decode-read	drop	E	1	517.15	20698	1
U-nested-before	corpus	decode-read	drop	R	1	445.31	29431	0
U-nested-before	corpus	decode-read	drop	E2	1	456.13	10552	1
U-nested-before	corpus	decode-read	drop	R	2	449.74	29431	0
U-nested-before	corpus	decode-read	drop	E2	2	483.62	10552	1
U-nested-before	corpus	decode-read	drop	E	2	475.75	20698	1
U-nested-before	corpus	decode-read	drop	E2	3	449.89	10552	1
U-nested-before	corpus	decode-read	drop	E	3	440.35	20698	1
U-nested-before	corpus	decode-read	drop	R	3	438.07	29431	0
U-nested-before	corpus	decode-read	drop	E	4	448.14	20698	1
U-nested-before	corpus	decode-read	drop	R	4	438.80	29431	0
U-nested-before	corpus	decode-read	drop	E2	4	458.35	10552	1
U-nested-before	corpus	decode-read	drop	R	5	428.34	29431	0
U-nested-before	corpus	decode-read	drop	E2	5	434.39	10552	1
U-nested-before	corpus	decode-read	drop	E	5	459.14	20698	1
U-nested-before	corpus	decode-read	drop	E2	6	436.23	10552	1
U-nested-before	corpus	decode-read	drop	E	6	442.15	20698	1
U-nested-before	corpus	decode-read	drop	R	6	442.76	29431	0
U-nested-before	corpus	decode-read	drop	E	7	451.40	20698	1
U-nested-before	corpus	decode-read	drop	R	7	441.85	29431	0
U-nested-before	corpus	decode-read	drop	E2	7	453.91	10552	1
U-nested-before	corpus	decode-read	drop	R	8	433.80	29431	0
U-nested-before	corpus	decode-read	drop	E2	8	468.22	10552	1
U-nested-before	corpus	decode-read	drop	E	8	448.98	20698	1
U-nested-before	corpus	decode-read	drop	E2	9	458.91	10552	1
U-nested-before	corpus	decode-read	drop	E	9	446.77	20698	1
U-nested-before	corpus	decode-read	drop	R	9	446.57	29431	0
U-nested-before	corpus	decode-read	drop	E	10	451.42	20698	1
U-nested-before	corpus	decode-read	drop	R	10	450.25	29431	0
U-nested-before	corpus	decode-read	drop	E2	10	466.57	10552	1
U-nested-before	corpus	decode-read	drop	R	11	469.86	29431	0
U-nested-before	corpus	decode-read	drop	E2	11	465.23	10552	1
U-nested-before	corpus	decode-read	drop	E	11	458.37	20698	1
U-nested-before	corpus	decode-read	drop	E2	12	432.55	10552	1
U-nested-before	corpus	decode-read	drop	E	12	434.95	20698	1
U-nested-before	corpus	decode-read	drop	R	12	438.12	29431	0
U-nested-before	corpus	decode-read	drop	E	13	445.55	20698	1
U-nested-before	corpus	decode-read	drop	R	13	437.12	29431	0
U-nested-before	corpus	decode-read	drop	E2	13	452.90	10552	1
U-nested-before	corpus	decode-read	drop	R	14	449.27	29431	0
U-nested-before	corpus	decode-read	drop	E2	14	441.51	10552	1
U-nested-before	corpus	decode-read	drop	E	14	444.09	20698	1
U-nested-before	corpus	decode-read	drop	E2	15	452.85	10552	1
U-nested-before	corpus	decode-read	drop	E	15	442.02	20698	1
U-nested-before	corpus	decode-read	drop	R	15	436.72	29431	0
U-nested-before	corpus	decode-read	drop	E	16	441.87	20698	1
U-nested-before	corpus	decode-read	drop	R	16	430.62	29431	0
U-nested-before	corpus	decode-read	drop	E2	16	437.57	10552	1
U-nested-before	corpus	decode-read	drop	R	17	457.51	29431	0
U-nested-before	corpus	decode-read	drop	E2	17	443.86	10552	1
U-nested-before	corpus	decode-read	drop	E	17	433.16	20698	1
U-nested-before	corpus	decode-read	drop	E2	18	435.93	10552	1
U-nested-before	corpus	decode-read	drop	E	18	448.02	20698	1
U-nested-before	corpus	decode-read	drop	R	18	438.11	29431	0
U-nested-before	corpus	decode-read	drop	E	19	443.48	20698	1
U-nested-before	corpus	decode-read	drop	R	19	442.73	29431	0
U-nested-before	corpus	decode-read	drop	E2	19	501.97	10552	1
U-nested-before	corpus	decode-read	drop	R	20	469.39	29431	0
U-nested-before	corpus	decode-read	drop	E2	20	464.82	10552	1
U-nested-before	corpus	decode-read	drop	E	20	467.44	20698	1
U-nested-before	corpus	decode-read	drop	E2	21	452.66	10552	1
U-nested-before	corpus	decode-read	drop	E	21	454.20	20698	1
U-nested-before	corpus	decode-read	drop	R	21	441.89	29431	0
U-nested-before	corpus	decode-read	retain	E	1	590.13	35794	1
U-nested-before	corpus	decode-read	retain	R	1	542.31	26574	0
U-nested-before	corpus	decode-read	retain	E2	1	568.52	20963	1
U-nested-before	corpus	decode-read	retain	R	2	543.62	26574	0
U-nested-before	corpus	decode-read	retain	E2	2	557.75	20963	1
U-nested-before	corpus	decode-read	retain	E	2	563.38	35794	1
U-nested-before	corpus	decode-read	retain	E2	3	592.37	20963	1
U-nested-before	corpus	decode-read	retain	E	3	559.93	35794	1
U-nested-before	corpus	decode-read	retain	R	3	557.45	26574	0
U-nested-before	corpus	decode-read	retain	E	4	562.77	35794	1
U-nested-before	corpus	decode-read	retain	R	4	565.34	26574	0
U-nested-before	corpus	decode-read	retain	E2	4	564.45	20963	1
U-nested-before	corpus	decode-read	retain	R	5	573.98	26574	0
U-nested-before	corpus	decode-read	retain	E2	5	577.36	20963	1
U-nested-before	corpus	decode-read	retain	E	5	561.25	35794	1
U-nested-before	corpus	decode-read	retain	E2	6	554.46	20963	1
U-nested-before	corpus	decode-read	retain	E	6	557.60	35794	1
U-nested-before	corpus	decode-read	retain	R	6	594.28	26574	0
U-nested-before	corpus	decode-read	retain	E	7	570.74	35794	1
U-nested-before	corpus	decode-read	retain	R	7	552.30	26574	0
U-nested-before	corpus	decode-read	retain	E2	7	558.00	20963	1
U-nested-before	corpus	decode-read	retain	R	8	555.52	26574	0
U-nested-before	corpus	decode-read	retain	E2	8	563.42	20963	1
U-nested-before	corpus	decode-read	retain	E	8	575.02	35794	1
U-nested-before	corpus	decode-read	retain	E2	9	566.84	20963	1
U-nested-before	corpus	decode-read	retain	E	9	563.93	35794	1
U-nested-before	corpus	decode-read	retain	R	9	547.31	26574	0
U-nested-before	corpus	decode-read	retain	E	10	557.09	35794	1
U-nested-before	corpus	decode-read	retain	R	10	556.02	26574	0
U-nested-before	corpus	decode-read	retain	E2	10	559.42	20963	1
U-nested-before	corpus	decode-read	retain	R	11	549.52	26574	0
U-nested-before	corpus	decode-read	retain	E2	11	559.42	20963	1
U-nested-before	corpus	decode-read	retain	E	11	557.60	35794	1
U-nested-before	corpus	decode-read	retain	E2	12	574.43	20963	1
U-nested-before	corpus	decode-read	retain	E	12	564.59	35794	1
U-nested-before	corpus	decode-read	retain	R	12	554.26	26574	0
U-nested-before	corpus	decode-read	retain	E	13	551.01	35794	1
U-nested-before	corpus	decode-read	retain	R	13	569.22	26574	0
U-nested-before	corpus	decode-read	retain	E2	13	555.50	20963	1
U-nested-before	corpus	decode-read	retain	R	14	562.05	26574	0
U-nested-before	corpus	decode-read	retain	E2	14	562.20	20963	1
U-nested-before	corpus	decode-read	retain	E	14	554.14	35794	1
U-nested-before	corpus	decode-read	retain	E2	15	567.37	20963	1
U-nested-before	corpus	decode-read	retain	E	15	570.98	35794	1
U-nested-before	corpus	decode-read	retain	R	15	568.02	26574	0
U-nested-before	corpus	decode-read	retain	E	16	566.94	35794	1
U-nested-before	corpus	decode-read	retain	R	16	569.59	26574	0
U-nested-before	corpus	decode-read	retain	E2	16	565.54	20963	1
U-nested-before	corpus	decode-read	retain	R	17	548.55	26574	0
U-nested-before	corpus	decode-read	retain	E2	17	560.12	20963	1
U-nested-before	corpus	decode-read	retain	E	17	552.09	35794	1
U-nested-before	corpus	decode-read	retain	E2	18	548.03	20963	1
U-nested-before	corpus	decode-read	retain	E	18	557.56	35794	1
U-nested-before	corpus	decode-read	retain	R	18	553.46	26574	0
U-nested-before	corpus	decode-read	retain	E	19	570.80	35794	1
U-nested-before	corpus	decode-read	retain	R	19	573.63	26574	0
U-nested-before	corpus	decode-read	retain	E2	19	574.53	20963	1
U-nested-before	corpus	decode-read	retain	R	20	554.37	26574	0
U-nested-before	corpus	decode-read	retain	E2	20	562.48	20963	1
U-nested-before	corpus	decode-read	retain	E	20	563.43	35794	1
U-nested-before	corpus	decode-read	retain	E2	21	569.32	20963	1
U-nested-before	corpus	decode-read	retain	E	21	576.16	35794	1
U-nested-before	corpus	decode-read	retain	R	21	572.21	26574	0
U-nested-before	corpus	encode-core-hot	drop	E	1	221.83	90762	0
U-nested-before	corpus	encode-core-hot	drop	R	1	208.36	96376	0
U-nested-before	corpus	encode-core-hot	drop	E2	1	220.03	88511	0
U-nested-before	corpus	encode-core-hot	drop	R	2	207.95	96376	0
U-nested-before	corpus	encode-core-hot	drop	E2	2	221.03	88511	0
U-nested-before	corpus	encode-core-hot	drop	E	2	217.79	90762	0
U-nested-before	corpus	encode-core-hot	drop	E2	3	223.99	88511	0
U-nested-before	corpus	encode-core-hot	drop	E	3	221.09	90762	0
U-nested-before	corpus	encode-core-hot	drop	R	3	208.96	96376	0
U-nested-before	corpus	encode-core-hot	drop	E	4	221.87	90762	0
U-nested-before	corpus	encode-core-hot	drop	R	4	208.14	96376	0
U-nested-before	corpus	encode-core-hot	drop	E2	4	221.55	88511	0
U-nested-before	corpus	encode-core-hot	drop	R	5	212.35	96376	0
U-nested-before	corpus	encode-core-hot	drop	E2	5	221.44	88511	0
U-nested-before	corpus	encode-core-hot	drop	E	5	220.12	90762	0
U-nested-before	corpus	encode-core-hot	drop	E2	6	220.50	88511	0
U-nested-before	corpus	encode-core-hot	drop	E	6	223.48	90762	0
U-nested-before	corpus	encode-core-hot	drop	R	6	208.03	96376	0
U-nested-before	corpus	encode-core-hot	drop	E	7	221.40	90762	0
U-nested-before	corpus	encode-core-hot	drop	R	7	208.84	96376	0
U-nested-before	corpus	encode-core-hot	drop	E2	7	220.21	88511	0
U-nested-before	corpus	encode-core-hot	drop	R	8	208.95	96376	0
U-nested-before	corpus	encode-core-hot	drop	E2	8	222.40	88511	0
U-nested-before	corpus	encode-core-hot	drop	E	8	224.52	90762	0
U-nested-before	corpus	encode-core-hot	drop	E2	9	221.81	88511	0
U-nested-before	corpus	encode-core-hot	drop	E	9	220.81	90762	0
U-nested-before	corpus	encode-core-hot	drop	R	9	210.05	96376	0
U-nested-before	corpus	encode-core-hot	drop	E	10	221.89	90762	0
U-nested-before	corpus	encode-core-hot	drop	R	10	208.87	96376	0
U-nested-before	corpus	encode-core-hot	drop	E2	10	222.36	88511	0
U-nested-before	corpus	encode-core-hot	drop	R	11	216.27	96376	0
U-nested-before	corpus	encode-core-hot	drop	E2	11	230.98	88511	0
U-nested-before	corpus	encode-core-hot	drop	E	11	249.24	90762	0
U-nested-before	corpus	encode-core-hot	drop	E2	12	281.36	88511	0
U-nested-before	corpus	encode-core-hot	drop	E	12	281.51	90762	0
U-nested-before	corpus	encode-core-hot	drop	R	12	304.09	96376	0
U-nested-before	corpus	encode-core-hot	drop	E	13	334.39	90762	0
U-nested-before	corpus	encode-core-hot	drop	R	13	299.51	96376	0
U-nested-before	corpus	encode-core-hot	drop	E2	13	283.51	88511	0
U-nested-before	corpus	encode-core-hot	drop	R	14	251.94	96376	0
U-nested-before	corpus	encode-core-hot	drop	E2	14	287.44	88511	0
U-nested-before	corpus	encode-core-hot	drop	E	14	238.19	90762	0
U-nested-before	corpus	encode-core-hot	drop	E2	15	222.02	88511	0
U-nested-before	corpus	encode-core-hot	drop	E	15	221.16	90762	0
U-nested-before	corpus	encode-core-hot	drop	R	15	212.58	96376	0
U-nested-before	corpus	encode-core-hot	drop	E	16	225.00	90762	0
U-nested-before	corpus	encode-core-hot	drop	R	16	217.30	96376	0
U-nested-before	corpus	encode-core-hot	drop	E2	16	226.00	88511	0
U-nested-before	corpus	encode-core-hot	drop	R	17	212.53	96376	0
U-nested-before	corpus	encode-core-hot	drop	E2	17	225.37	88511	0
U-nested-before	corpus	encode-core-hot	drop	E	17	227.32	90762	0
U-nested-before	corpus	encode-core-hot	drop	E2	18	226.45	88511	0
U-nested-before	corpus	encode-core-hot	drop	E	18	225.03	90762	0
U-nested-before	corpus	encode-core-hot	drop	R	18	213.88	96376	0
U-nested-before	corpus	encode-core-hot	drop	E	19	224.65	90762	0
U-nested-before	corpus	encode-core-hot	drop	R	19	210.26	96376	0
U-nested-before	corpus	encode-core-hot	drop	E2	19	221.05	88511	0
U-nested-before	corpus	encode-core-hot	drop	R	20	207.33	96376	0
U-nested-before	corpus	encode-core-hot	drop	E2	20	224.21	88511	0
U-nested-before	corpus	encode-core-hot	drop	E	20	221.78	90762	0
U-nested-before	corpus	encode-core-hot	drop	E2	21	222.07	88511	0
U-nested-before	corpus	encode-core-hot	drop	E	21	217.97	90762	0
U-nested-before	corpus	encode-core-hot	drop	R	21	208.51	96376	0
U-nested-before	corpus	encode-core-hot	retain	E	1	535.81	37098	0
U-nested-before	corpus	encode-core-hot	retain	R	1	548.25	36835	0
U-nested-before	corpus	encode-core-hot	retain	E2	1	540.70	36474	0
U-nested-before	corpus	encode-core-hot	retain	R	2	542.64	36835	0
U-nested-before	corpus	encode-core-hot	retain	E2	2	544.33	36474	0
U-nested-before	corpus	encode-core-hot	retain	E	2	557.40	37098	0
U-nested-before	corpus	encode-core-hot	retain	E2	3	560.90	36474	0
U-nested-before	corpus	encode-core-hot	retain	E	3	577.58	37098	0
U-nested-before	corpus	encode-core-hot	retain	R	3	581.57	36835	0
U-nested-before	corpus	encode-core-hot	retain	E	4	566.13	37098	0
U-nested-before	corpus	encode-core-hot	retain	R	4	559.83	36835	0
U-nested-before	corpus	encode-core-hot	retain	E2	4	559.19	36474	0
U-nested-before	corpus	encode-core-hot	retain	R	5	573.58	36835	0
U-nested-before	corpus	encode-core-hot	retain	E2	5	556.55	36474	0
U-nested-before	corpus	encode-core-hot	retain	E	5	549.71	37098	0
U-nested-before	corpus	encode-core-hot	retain	E2	6	543.58	36474	0
U-nested-before	corpus	encode-core-hot	retain	E	6	551.13	37098	0
U-nested-before	corpus	encode-core-hot	retain	R	6	548.28	36835	0
U-nested-before	corpus	encode-core-hot	retain	E	7	540.49	37098	0
U-nested-before	corpus	encode-core-hot	retain	R	7	542.07	36835	0
U-nested-before	corpus	encode-core-hot	retain	E2	7	542.39	36474	0
U-nested-before	corpus	encode-core-hot	retain	R	8	540.63	36835	0
U-nested-before	corpus	encode-core-hot	retain	E2	8	538.70	36474	0
U-nested-before	corpus	encode-core-hot	retain	E	8	542.35	37098	0
U-nested-before	corpus	encode-core-hot	retain	E2	9	538.24	36474	0
U-nested-before	corpus	encode-core-hot	retain	E	9	543.80	37098	0
U-nested-before	corpus	encode-core-hot	retain	R	9	544.27	36835	0
U-nested-before	corpus	encode-core-hot	retain	E	10	545.76	37098	0
U-nested-before	corpus	encode-core-hot	retain	R	10	555.57	36835	0
U-nested-before	corpus	encode-core-hot	retain	E2	10	541.88	36474	0
U-nested-before	corpus	encode-core-hot	retain	R	11	555.15	36835	0
U-nested-before	corpus	encode-core-hot	retain	E2	11	555.83	36474	0
U-nested-before	corpus	encode-core-hot	retain	E	11	546.76	37098	0
U-nested-before	corpus	encode-core-hot	retain	E2	12	550.12	36474	0
U-nested-before	corpus	encode-core-hot	retain	E	12	538.90	37098	0
U-nested-before	corpus	encode-core-hot	retain	R	12	533.08	36835	0
U-nested-before	corpus	encode-core-hot	retain	E	13	558.77	37098	0
U-nested-before	corpus	encode-core-hot	retain	R	13	558.97	36835	0
U-nested-before	corpus	encode-core-hot	retain	E2	13	544.99	36474	0
U-nested-before	corpus	encode-core-hot	retain	R	14	550.98	36835	0
U-nested-before	corpus	encode-core-hot	retain	E2	14	540.91	36474	0
U-nested-before	corpus	encode-core-hot	retain	E	14	557.16	37098	0
U-nested-before	corpus	encode-core-hot	retain	E2	15	540.63	36474	0
U-nested-before	corpus	encode-core-hot	retain	E	15	549.71	37098	0
U-nested-before	corpus	encode-core-hot	retain	R	15	557.95	36835	0
U-nested-before	corpus	encode-core-hot	retain	E	16	554.04	37098	0
U-nested-before	corpus	encode-core-hot	retain	R	16	550.16	36835	0
U-nested-before	corpus	encode-core-hot	retain	E2	16	546.00	36474	0
U-nested-before	corpus	encode-core-hot	retain	R	17	542.86	36835	0
U-nested-before	corpus	encode-core-hot	retain	E2	17	545.94	36474	0
U-nested-before	corpus	encode-core-hot	retain	E	17	553.77	37098	0
U-nested-before	corpus	encode-core-hot	retain	E2	18	551.05	36474	0
U-nested-before	corpus	encode-core-hot	retain	E	18	538.73	37098	0
U-nested-before	corpus	encode-core-hot	retain	R	18	543.94	36835	0
U-nested-before	corpus	encode-core-hot	retain	E	19	537.45	37098	0
U-nested-before	corpus	encode-core-hot	retain	R	19	538.50	36835	0
U-nested-before	corpus	encode-core-hot	retain	E2	19	536.13	36474	0
U-nested-before	corpus	encode-core-hot	retain	R	20	537.35	36835	0
U-nested-before	corpus	encode-core-hot	retain	E2	20	537.03	36474	0
U-nested-before	corpus	encode-core-hot	retain	E	20	544.08	37098	0
U-nested-before	corpus	encode-core-hot	retain	E2	21	540.23	36474	0
U-nested-before	corpus	encode-core-hot	retain	E	21	538.54	37098	0
U-nested-before	corpus	encode-core-hot	retain	R	21	546.90	36835	0
U-deep-u-repeated	corpus	decode-read	drop	E	1	2573.77	7780	1
U-deep-u-repeated	corpus	decode-read	drop	R	1	2555.77	7032	0
U-deep-u-repeated	corpus	decode-read	drop	E2	1	2567.34	7425	1
U-deep-u-repeated	corpus	decode-read	drop	R	2	2543.82	7032	0
U-deep-u-repeated	corpus	decode-read	drop	E2	2	2629.50	7425	1
U-deep-u-repeated	corpus	decode-read	drop	E	2	2553.06	7780	1
U-deep-u-repeated	corpus	decode-read	drop	E2	3	2539.05	7425	1
U-deep-u-repeated	corpus	decode-read	drop	E	3	2530.61	7780	1
U-deep-u-repeated	corpus	decode-read	drop	R	3	2575.16	7032	0
U-deep-u-repeated	corpus	decode-read	drop	E	4	2524.75	7780	1
U-deep-u-repeated	corpus	decode-read	drop	R	4	2570.39	7032	0
U-deep-u-repeated	corpus	decode-read	drop	E2	4	2514.94	7425	1
U-deep-u-repeated	corpus	decode-read	drop	R	5	2503.95	7032	0
U-deep-u-repeated	corpus	decode-read	drop	E2	5	2569.18	7425	1
U-deep-u-repeated	corpus	decode-read	drop	E	5	2535.89	7780	1
U-deep-u-repeated	corpus	decode-read	drop	E2	6	2589.62	7425	1
U-deep-u-repeated	corpus	decode-read	drop	E	6	2569.03	7780	1
U-deep-u-repeated	corpus	decode-read	drop	R	6	2581.25	7032	0
U-deep-u-repeated	corpus	decode-read	drop	E	7	2555.59	7780	1
U-deep-u-repeated	corpus	decode-read	drop	R	7	2524.07	7032	0
U-deep-u-repeated	corpus	decode-read	drop	E2	7	2523.62	7425	1
U-deep-u-repeated	corpus	decode-read	drop	R	8	2536.98	7032	0
U-deep-u-repeated	corpus	decode-read	drop	E2	8	2589.47	7425	1
U-deep-u-repeated	corpus	decode-read	drop	E	8	2546.66	7780	1
U-deep-u-repeated	corpus	decode-read	drop	E2	9	2469.49	7425	1
U-deep-u-repeated	corpus	decode-read	drop	E	9	2506.35	7780	1
U-deep-u-repeated	corpus	decode-read	drop	R	9	2524.30	7032	0
U-deep-u-repeated	corpus	decode-read	drop	E	10	2553.31	7780	1
U-deep-u-repeated	corpus	decode-read	drop	R	10	2596.28	7032	0
U-deep-u-repeated	corpus	decode-read	drop	E2	10	2570.71	7425	1
U-deep-u-repeated	corpus	decode-read	drop	R	11	2578.58	7032	0
U-deep-u-repeated	corpus	decode-read	drop	E2	11	2632.69	7425	1
U-deep-u-repeated	corpus	decode-read	drop	E	11	2445.19	7780	1
U-deep-u-repeated	corpus	decode-read	drop	E2	12	2554.95	7425	1
U-deep-u-repeated	corpus	decode-read	drop	E	12	2502.38	7780	1
U-deep-u-repeated	corpus	decode-read	drop	R	12	2568.82	7032	0
U-deep-u-repeated	corpus	decode-read	drop	E	13	2635.57	7780	1
U-deep-u-repeated	corpus	decode-read	drop	R	13	2513.52	7032	0
U-deep-u-repeated	corpus	decode-read	drop	E2	13	2531.41	7425	1
U-deep-u-repeated	corpus	decode-read	drop	R	14	2518.57	7032	0
U-deep-u-repeated	corpus	decode-read	drop	E2	14	2489.64	7425	1
U-deep-u-repeated	corpus	decode-read	drop	E	14	2553.24	7780	1
U-deep-u-repeated	corpus	decode-read	drop	E2	15	2516.42	7425	1
U-deep-u-repeated	corpus	decode-read	drop	E	15	2516.78	7780	1
U-deep-u-repeated	corpus	decode-read	drop	R	15	2521.33	7032	0
U-deep-u-repeated	corpus	decode-read	drop	E	16	2572.06	7780	1
U-deep-u-repeated	corpus	decode-read	drop	R	16	2492.71	7032	0
U-deep-u-repeated	corpus	decode-read	drop	E2	16	2456.78	7425	1
U-deep-u-repeated	corpus	decode-read	drop	R	17	2506.99	7032	0
U-deep-u-repeated	corpus	decode-read	drop	E2	17	2525.60	7425	1
U-deep-u-repeated	corpus	decode-read	drop	E	17	2551.06	7780	1
U-deep-u-repeated	corpus	decode-read	drop	E2	18	2496.15	7425	1
U-deep-u-repeated	corpus	decode-read	drop	E	18	2527.81	7780	1
U-deep-u-repeated	corpus	decode-read	drop	R	18	2511.78	7032	0
U-deep-u-repeated	corpus	decode-read	drop	E	19	2605.41	7780	1
U-deep-u-repeated	corpus	decode-read	drop	R	19	2510.82	7032	0
U-deep-u-repeated	corpus	decode-read	drop	E2	19	2516.43	7425	1
U-deep-u-repeated	corpus	decode-read	drop	R	20	2521.49	7032	0
U-deep-u-repeated	corpus	decode-read	drop	E2	20	2509.95	7425	1
U-deep-u-repeated	corpus	decode-read	drop	E	20	2547.03	7780	1
U-deep-u-repeated	corpus	decode-read	drop	E2	21	2535.01	7425	1
U-deep-u-repeated	corpus	decode-read	drop	E	21	2518.57	7780	1
U-deep-u-repeated	corpus	decode-read	drop	R	21	2534.70	7032	0
U-deep-u-repeated	corpus	decode-read	retain	E	1	2656.09	7242	1
U-deep-u-repeated	corpus	decode-read	retain	R	1	2649.81	7444	0
U-deep-u-repeated	corpus	decode-read	retain	E2	1	2651.57	7514	1
U-deep-u-repeated	corpus	decode-read	retain	R	2	2613.38	7444	0
U-deep-u-repeated	corpus	decode-read	retain	E2	2	2667.60	7514	1
U-deep-u-repeated	corpus	decode-read	retain	E	2	2666.99	7242	1
U-deep-u-repeated	corpus	decode-read	retain	E2	3	2761.68	7514	1
U-deep-u-repeated	corpus	decode-read	retain	E	3	2620.32	7242	1
U-deep-u-repeated	corpus	decode-read	retain	R	3	2745.54	7444	0
U-deep-u-repeated	corpus	decode-read	retain	E	4	2711.75	7242	1
U-deep-u-repeated	corpus	decode-read	retain	R	4	2643.06	7444	0
U-deep-u-repeated	corpus	decode-read	retain	E2	4	2689.23	7514	1
U-deep-u-repeated	corpus	decode-read	retain	R	5	2632.27	7444	0
U-deep-u-repeated	corpus	decode-read	retain	E2	5	2647.02	7514	1
U-deep-u-repeated	corpus	decode-read	retain	E	5	2673.59	7242	1
U-deep-u-repeated	corpus	decode-read	retain	E2	6	2657.10	7514	1
U-deep-u-repeated	corpus	decode-read	retain	E	6	2674.48	7242	1
U-deep-u-repeated	corpus	decode-read	retain	R	6	2632.33	7444	0
U-deep-u-repeated	corpus	decode-read	retain	E	7	2740.77	7242	1
U-deep-u-repeated	corpus	decode-read	retain	R	7	2715.65	7444	0
U-deep-u-repeated	corpus	decode-read	retain	E2	7	2724.22	7514	1
U-deep-u-repeated	corpus	decode-read	retain	R	8	2659.37	7444	0
U-deep-u-repeated	corpus	decode-read	retain	E2	8	2733.26	7514	1
U-deep-u-repeated	corpus	decode-read	retain	E	8	2748.42	7242	1
U-deep-u-repeated	corpus	decode-read	retain	E2	9	2708.84	7514	1
U-deep-u-repeated	corpus	decode-read	retain	E	9	2816.21	7242	1
U-deep-u-repeated	corpus	decode-read	retain	R	9	2816.01	7444	0
U-deep-u-repeated	corpus	decode-read	retain	E	10	2708.91	7242	1
U-deep-u-repeated	corpus	decode-read	retain	R	10	2724.47	7444	0
U-deep-u-repeated	corpus	decode-read	retain	E2	10	2741.01	7514	1
U-deep-u-repeated	corpus	decode-read	retain	R	11	2734.93	7444	0
U-deep-u-repeated	corpus	decode-read	retain	E2	11	2677.43	7514	1
U-deep-u-repeated	corpus	decode-read	retain	E	11	2707.62	7242	1
U-deep-u-repeated	corpus	decode-read	retain	E2	12	2688.49	7514	1
U-deep-u-repeated	corpus	decode-read	retain	E	12	2674.89	7242	1
U-deep-u-repeated	corpus	decode-read	retain	R	12	2664.80	7444	0
U-deep-u-repeated	corpus	decode-read	retain	E	13	2704.67	7242	1
U-deep-u-repeated	corpus	decode-read	retain	R	13	2665.29	7444	0
U-deep-u-repeated	corpus	decode-read	retain	E2	13	2726.46	7514	1
U-deep-u-repeated	corpus	decode-read	retain	R	14	2633.50	7444	0
U-deep-u-repeated	corpus	decode-read	retain	E2	14	2869.87	7514	1
U-deep-u-repeated	corpus	decode-read	retain	E	14	2626.48	7242	1
U-deep-u-repeated	corpus	decode-read	retain	E2	15	2721.80	7514	1
U-deep-u-repeated	corpus	decode-read	retain	E	15	2825.64	7242	1
U-deep-u-repeated	corpus	decode-read	retain	R	15	2764.58	7444	0
U-deep-u-repeated	corpus	decode-read	retain	E	16	2718.31	7242	1
U-deep-u-repeated	corpus	decode-read	retain	R	16	2703.18	7444	0
U-deep-u-repeated	corpus	decode-read	retain	E2	16	2708.32	7514	1
U-deep-u-repeated	corpus	decode-read	retain	R	17	2695.68	7444	0
U-deep-u-repeated	corpus	decode-read	retain	E2	17	2636.40	7514	1
U-deep-u-repeated	corpus	decode-read	retain	E	17	2722.09	7242	1
U-deep-u-repeated	corpus	decode-read	retain	E2	18	2754.24	7514	1
U-deep-u-repeated	corpus	decode-read	retain	E	18	2726.28	7242	1
U-deep-u-repeated	corpus	decode-read	retain	R	18	2677.42	7444	0
U-deep-u-repeated	corpus	decode-read	retain	E	19	2746.43	7242	1
U-deep-u-repeated	corpus	decode-read	retain	R	19	2653.83	7444	0
U-deep-u-repeated	corpus	decode-read	retain	E2	19	2662.30	7514	1
U-deep-u-repeated	corpus	decode-read	retain	R	20	2662.10	7444	0
U-deep-u-repeated	corpus	decode-read	retain	E2	20	2741.58	7514	1
U-deep-u-repeated	corpus	decode-read	retain	E	20	2648.57	7242	1
U-deep-u-repeated	corpus	decode-read	retain	E2	21	2618.91	7514	1
U-deep-u-repeated	corpus	decode-read	retain	E	21	2699.00	7242	1
U-deep-u-repeated	corpus	decode-read	retain	R	21	2646.81	7444	0
U-deep-u-repeated	corpus	encode-core-hot	drop	E	1	1167.89	17009	0
U-deep-u-repeated	corpus	encode-core-hot	drop	R	1	1165.78	16774	0
U-deep-u-repeated	corpus	encode-core-hot	drop	E2	1	1159.58	14459	0
U-deep-u-repeated	corpus	encode-core-hot	drop	R	2	1185.48	16774	0
U-deep-u-repeated	corpus	encode-core-hot	drop	E2	2	1194.61	14459	0
U-deep-u-repeated	corpus	encode-core-hot	drop	E	2	1194.11	17009	0
U-deep-u-repeated	corpus	encode-core-hot	drop	E2	3	1170.04	14459	0
U-deep-u-repeated	corpus	encode-core-hot	drop	E	3	1163.37	17009	0
U-deep-u-repeated	corpus	encode-core-hot	drop	R	3	1160.62	16774	0
U-deep-u-repeated	corpus	encode-core-hot	drop	E	4	1188.46	17009	0
U-deep-u-repeated	corpus	encode-core-hot	drop	R	4	1177.76	16774	0
U-deep-u-repeated	corpus	encode-core-hot	drop	E2	4	1196.83	14459	0
U-deep-u-repeated	corpus	encode-core-hot	drop	R	5	1209.56	16774	0
U-deep-u-repeated	corpus	encode-core-hot	drop	E2	5	1175.38	14459	0
U-deep-u-repeated	corpus	encode-core-hot	drop	E	5	1181.33	17009	0
U-deep-u-repeated	corpus	encode-core-hot	drop	E2	6	1217.67	14459	0
U-deep-u-repeated	corpus	encode-core-hot	drop	E	6	1251.66	17009	0
U-deep-u-repeated	corpus	encode-core-hot	drop	R	6	1286.61	16774	0
U-deep-u-repeated	corpus	encode-core-hot	drop	E	7	1213.79	17009	0
U-deep-u-repeated	corpus	encode-core-hot	drop	R	7	1234.56	16774	0
U-deep-u-repeated	corpus	encode-core-hot	drop	E2	7	1221.00	14459	0
U-deep-u-repeated	corpus	encode-core-hot	drop	R	8	1165.07	16774	0
U-deep-u-repeated	corpus	encode-core-hot	drop	E2	8	1201.03	14459	0
U-deep-u-repeated	corpus	encode-core-hot	drop	E	8	1175.39	17009	0
U-deep-u-repeated	corpus	encode-core-hot	drop	E2	9	1209.27	14459	0
U-deep-u-repeated	corpus	encode-core-hot	drop	E	9	1235.01	17009	0
U-deep-u-repeated	corpus	encode-core-hot	drop	R	9	1197.47	16774	0
U-deep-u-repeated	corpus	encode-core-hot	drop	E	10	1160.98	17009	0
U-deep-u-repeated	corpus	encode-core-hot	drop	R	10	1227.12	16774	0
U-deep-u-repeated	corpus	encode-core-hot	drop	E2	10	1187.80	14459	0
U-deep-u-repeated	corpus	encode-core-hot	drop	R	11	1235.15	16774	0
U-deep-u-repeated	corpus	encode-core-hot	drop	E2	11	1204.30	14459	0
U-deep-u-repeated	corpus	encode-core-hot	drop	E	11	1204.20	17009	0
U-deep-u-repeated	corpus	encode-core-hot	drop	E2	12	1191.60	14459	0
U-deep-u-repeated	corpus	encode-core-hot	drop	E	12	1188.80	17009	0
U-deep-u-repeated	corpus	encode-core-hot	drop	R	12	1196.67	16774	0
U-deep-u-repeated	corpus	encode-core-hot	drop	E	13	1162.33	17009	0
U-deep-u-repeated	corpus	encode-core-hot	drop	R	13	1195.66	16774	0
U-deep-u-repeated	corpus	encode-core-hot	drop	E2	13	1265.71	14459	0
U-deep-u-repeated	corpus	encode-core-hot	drop	R	14	1234.36	16774	0
U-deep-u-repeated	corpus	encode-core-hot	drop	E2	14	1210.83	14459	0
U-deep-u-repeated	corpus	encode-core-hot	drop	E	14	1185.72	17009	0
U-deep-u-repeated	corpus	encode-core-hot	drop	E2	15	1192.04	14459	0
U-deep-u-repeated	corpus	encode-core-hot	drop	E	15	1200.18	17009	0
U-deep-u-repeated	corpus	encode-core-hot	drop	R	15	1171.56	16774	0
U-deep-u-repeated	corpus	encode-core-hot	drop	E	16	1211.53	17009	0
U-deep-u-repeated	corpus	encode-core-hot	drop	R	16	1201.60	16774	0
U-deep-u-repeated	corpus	encode-core-hot	drop	E2	16	1330.13	14459	0
U-deep-u-repeated	corpus	encode-core-hot	drop	R	17	1317.18	16774	0
U-deep-u-repeated	corpus	encode-core-hot	drop	E2	17	1211.14	14459	0
U-deep-u-repeated	corpus	encode-core-hot	drop	E	17	1368.04	17009	0
U-deep-u-repeated	corpus	encode-core-hot	drop	E2	18	1785.90	14459	0
U-deep-u-repeated	corpus	encode-core-hot	drop	E	18	1240.67	17009	0
U-deep-u-repeated	corpus	encode-core-hot	drop	R	18	1245.96	16774	0
U-deep-u-repeated	corpus	encode-core-hot	drop	E	19	1267.26	17009	0
U-deep-u-repeated	corpus	encode-core-hot	drop	R	19	1226.61	16774	0
U-deep-u-repeated	corpus	encode-core-hot	drop	E2	19	1215.73	14459	0
U-deep-u-repeated	corpus	encode-core-hot	drop	R	20	1208.19	16774	0
U-deep-u-repeated	corpus	encode-core-hot	drop	E2	20	1173.36	14459	0
U-deep-u-repeated	corpus	encode-core-hot	drop	E	20	1178.36	17009	0
U-deep-u-repeated	corpus	encode-core-hot	drop	E2	21	1189.62	14459	0
U-deep-u-repeated	corpus	encode-core-hot	drop	E	21	1203.34	17009	0
U-deep-u-repeated	corpus	encode-core-hot	drop	R	21	1177.99	16774	0
U-deep-u-repeated	corpus	encode-core-hot	retain	E	1	1691.03	11697	0
U-deep-u-repeated	corpus	encode-core-hot	retain	R	1	1698.89	11810	0
U-deep-u-repeated	corpus	encode-core-hot	retain	E2	1	1686.78	10941	0
U-deep-u-repeated	corpus	encode-core-hot	retain	R	2	1704.87	11810	0
U-deep-u-repeated	corpus	encode-core-hot	retain	E2	2	1698.78	10941	0
U-deep-u-repeated	corpus	encode-core-hot	retain	E	2	1700.52	11697	0
U-deep-u-repeated	corpus	encode-core-hot	retain	E2	3	1666.91	10941	0
U-deep-u-repeated	corpus	encode-core-hot	retain	E	3	1683.24	11697	0
U-deep-u-repeated	corpus	encode-core-hot	retain	R	3	1727.46	11810	0
U-deep-u-repeated	corpus	encode-core-hot	retain	E	4	1692.40	11697	0
U-deep-u-repeated	corpus	encode-core-hot	retain	R	4	1703.50	11810	0
U-deep-u-repeated	corpus	encode-core-hot	retain	E2	4	1691.71	10941	0
U-deep-u-repeated	corpus	encode-core-hot	retain	R	5	1697.90	11810	0
U-deep-u-repeated	corpus	encode-core-hot	retain	E2	5	1693.94	10941	0
U-deep-u-repeated	corpus	encode-core-hot	retain	E	5	1701.63	11697	0
U-deep-u-repeated	corpus	encode-core-hot	retain	E2	6	1703.33	10941	0
U-deep-u-repeated	corpus	encode-core-hot	retain	E	6	1664.62	11697	0
U-deep-u-repeated	corpus	encode-core-hot	retain	R	6	1664.27	11810	0
U-deep-u-repeated	corpus	encode-core-hot	retain	E	7	1702.38	11697	0
U-deep-u-repeated	corpus	encode-core-hot	retain	R	7	1690.57	11810	0
U-deep-u-repeated	corpus	encode-core-hot	retain	E2	7	1679.68	10941	0
U-deep-u-repeated	corpus	encode-core-hot	retain	R	8	1681.93	11810	0
U-deep-u-repeated	corpus	encode-core-hot	retain	E2	8	1687.64	10941	0
U-deep-u-repeated	corpus	encode-core-hot	retain	E	8	1741.24	11697	0
U-deep-u-repeated	corpus	encode-core-hot	retain	E2	9	1850.67	10941	0
U-deep-u-repeated	corpus	encode-core-hot	retain	E	9	1742.79	11697	0
U-deep-u-repeated	corpus	encode-core-hot	retain	R	9	1860.52	11810	0
U-deep-u-repeated	corpus	encode-core-hot	retain	E	10	1983.91	11697	0
U-deep-u-repeated	corpus	encode-core-hot	retain	R	10	1875.52	11810	0
U-deep-u-repeated	corpus	encode-core-hot	retain	E2	10	1741.90	10941	0
U-deep-u-repeated	corpus	encode-core-hot	retain	R	11	1750.83	11810	0
U-deep-u-repeated	corpus	encode-core-hot	retain	E2	11	1712.61	10941	0
U-deep-u-repeated	corpus	encode-core-hot	retain	E	11	1765.68	11697	0
U-deep-u-repeated	corpus	encode-core-hot	retain	E2	12	1735.95	10941	0
U-deep-u-repeated	corpus	encode-core-hot	retain	E	12	1794.44	11697	0
U-deep-u-repeated	corpus	encode-core-hot	retain	R	12	1734.80	11810	0
U-deep-u-repeated	corpus	encode-core-hot	retain	E	13	1727.11	11697	0
U-deep-u-repeated	corpus	encode-core-hot	retain	R	13	1802.82	11810	0
U-deep-u-repeated	corpus	encode-core-hot	retain	E2	13	1910.58	10941	0
U-deep-u-repeated	corpus	encode-core-hot	retain	R	14	1864.08	11810	0
U-deep-u-repeated	corpus	encode-core-hot	retain	E2	14	1730.38	10941	0
U-deep-u-repeated	corpus	encode-core-hot	retain	E	14	1736.38	11697	0
U-deep-u-repeated	corpus	encode-core-hot	retain	E2	15	1705.38	10941	0
U-deep-u-repeated	corpus	encode-core-hot	retain	E	15	1711.37	11697	0
U-deep-u-repeated	corpus	encode-core-hot	retain	R	15	1706.31	11810	0
U-deep-u-repeated	corpus	encode-core-hot	retain	E	16	1821.21	11697	0
U-deep-u-repeated	corpus	encode-core-hot	retain	R	16	1717.86	11810	0
U-deep-u-repeated	corpus	encode-core-hot	retain	E2	16	1688.32	10941	0
U-deep-u-repeated	corpus	encode-core-hot	retain	R	17	1728.00	11810	0
U-deep-u-repeated	corpus	encode-core-hot	retain	E2	17	1735.26	10941	0
U-deep-u-repeated	corpus	encode-core-hot	retain	E	17	1737.69	11697	0
U-deep-u-repeated	corpus	encode-core-hot	retain	E2	18	1822.37	10941	0
U-deep-u-repeated	corpus	encode-core-hot	retain	E	18	1900.83	11697	0
U-deep-u-repeated	corpus	encode-core-hot	retain	R	18	1740.63	11810	0
U-deep-u-repeated	corpus	encode-core-hot	retain	E	19	1671.94	11697	0
U-deep-u-repeated	corpus	encode-core-hot	retain	R	19	1698.30	11810	0
U-deep-u-repeated	corpus	encode-core-hot	retain	E2	19	1666.91	10941	0
U-deep-u-repeated	corpus	encode-core-hot	retain	R	20	1675.36	11810	0
U-deep-u-repeated	corpus	encode-core-hot	retain	E2	20	1679.15	10941	0
U-deep-u-repeated	corpus	encode-core-hot	retain	E	20	1669.57	11697	0
U-deep-u-repeated	corpus	encode-core-hot	retain	E2	21	1838.65	10941	0
U-deep-u-repeated	corpus	encode-core-hot	retain	E	21	1690.63	11697	0
U-deep-u-repeated	corpus	encode-core-hot	retain	R	21	1668.88	11810	0
U-oneof-u-repeated	corpus	decode-read	drop	E	1	216.08	91290	1
U-oneof-u-repeated	corpus	decode-read	drop	R	1	214.02	94341	0
U-oneof-u-repeated	corpus	decode-read	drop	E2	1	218.04	90775	1
U-oneof-u-repeated	corpus	decode-read	drop	R	2	213.49	94341	0
U-oneof-u-repeated	corpus	decode-read	drop	E2	2	222.14	90775	1
U-oneof-u-repeated	corpus	decode-read	drop	E	2	219.64	91290	1
U-oneof-u-repeated	corpus	decode-read	drop	E2	3	223.61	90775	1
U-oneof-u-repeated	corpus	decode-read	drop	E	3	220.89	91290	1
U-oneof-u-repeated	corpus	decode-read	drop	R	3	214.77	94341	0
U-oneof-u-repeated	corpus	decode-read	drop	E	4	222.67	91290	1
U-oneof-u-repeated	corpus	decode-read	drop	R	4	221.54	94341	0
U-oneof-u-repeated	corpus	decode-read	drop	E2	4	218.46	90775	1
U-oneof-u-repeated	corpus	decode-read	drop	R	5	213.96	94341	0
U-oneof-u-repeated	corpus	decode-read	drop	E2	5	221.83	90775	1
U-oneof-u-repeated	corpus	decode-read	drop	E	5	224.71	91290	1
U-oneof-u-repeated	corpus	decode-read	drop	E2	6	218.77	90775	1
U-oneof-u-repeated	corpus	decode-read	drop	E	6	220.50	91290	1
U-oneof-u-repeated	corpus	decode-read	drop	R	6	213.67	94341	0
U-oneof-u-repeated	corpus	decode-read	drop	E	7	220.29	91290	1
U-oneof-u-repeated	corpus	decode-read	drop	R	7	217.35	94341	0
U-oneof-u-repeated	corpus	decode-read	drop	E2	7	217.80	90775	1
U-oneof-u-repeated	corpus	decode-read	drop	R	8	215.77	94341	0
U-oneof-u-repeated	corpus	decode-read	drop	E2	8	218.93	90775	1
U-oneof-u-repeated	corpus	decode-read	drop	E	8	223.25	91290	1
U-oneof-u-repeated	corpus	decode-read	drop	E2	9	219.91	90775	1
U-oneof-u-repeated	corpus	decode-read	drop	E	9	220.03	91290	1
U-oneof-u-repeated	corpus	decode-read	drop	R	9	213.27	94341	0
U-oneof-u-repeated	corpus	decode-read	drop	E	10	222.12	91290	1
U-oneof-u-repeated	corpus	decode-read	drop	R	10	214.07	94341	0
U-oneof-u-repeated	corpus	decode-read	drop	E2	10	219.65	90775	1
U-oneof-u-repeated	corpus	decode-read	drop	R	11	222.01	94341	0
U-oneof-u-repeated	corpus	decode-read	drop	E2	11	231.51	90775	1
U-oneof-u-repeated	corpus	decode-read	drop	E	11	228.64	91290	1
U-oneof-u-repeated	corpus	decode-read	drop	E2	12	223.58	90775	1
U-oneof-u-repeated	corpus	decode-read	drop	E	12	219.40	91290	1
U-oneof-u-repeated	corpus	decode-read	drop	R	12	217.86	94341	0
U-oneof-u-repeated	corpus	decode-read	drop	E	13	218.27	91290	1
U-oneof-u-repeated	corpus	decode-read	drop	R	13	212.52	94341	0
U-oneof-u-repeated	corpus	decode-read	drop	E2	13	218.82	90775	1
U-oneof-u-repeated	corpus	decode-read	drop	R	14	215.50	94341	0
U-oneof-u-repeated	corpus	decode-read	drop	E2	14	223.51	90775	1
U-oneof-u-repeated	corpus	decode-read	drop	E	14	220.37	91290	1
U-oneof-u-repeated	corpus	decode-read	drop	E2	15	219.21	90775	1
U-oneof-u-repeated	corpus	decode-read	drop	E	15	220.05	91290	1
U-oneof-u-repeated	corpus	decode-read	drop	R	15	214.99	94341	0
U-oneof-u-repeated	corpus	decode-read	drop	E	16	216.87	91290	1
U-oneof-u-repeated	corpus	decode-read	drop	R	16	219.35	94341	0
U-oneof-u-repeated	corpus	decode-read	drop	E2	16	222.08	90775	1
U-oneof-u-repeated	corpus	decode-read	drop	R	17	218.99	94341	0
U-oneof-u-repeated	corpus	decode-read	drop	E2	17	220.72	90775	1
U-oneof-u-repeated	corpus	decode-read	drop	E	17	221.32	91290	1
U-oneof-u-repeated	corpus	decode-read	drop	E2	18	218.80	90775	1
U-oneof-u-repeated	corpus	decode-read	drop	E	18	218.86	91290	1
U-oneof-u-repeated	corpus	decode-read	drop	R	18	212.99	94341	0
U-oneof-u-repeated	corpus	decode-read	drop	E	19	213.54	91290	1
U-oneof-u-repeated	corpus	decode-read	drop	R	19	214.97	94341	0
U-oneof-u-repeated	corpus	decode-read	drop	E2	19	221.59	90775	1
U-oneof-u-repeated	corpus	decode-read	drop	R	20	213.30	94341	0
U-oneof-u-repeated	corpus	decode-read	drop	E2	20	215.24	90775	1
U-oneof-u-repeated	corpus	decode-read	drop	E	20	215.31	91290	1
U-oneof-u-repeated	corpus	decode-read	drop	E2	21	217.27	90775	1
U-oneof-u-repeated	corpus	decode-read	drop	E	21	216.74	91290	1
U-oneof-u-repeated	corpus	decode-read	drop	R	21	213.23	94341	0
U-oneof-u-repeated	corpus	decode-read	retain	E	1	291.68	71977	1
U-oneof-u-repeated	corpus	decode-read	retain	R	1	289.08	71879	0
U-oneof-u-repeated	corpus	decode-read	retain	E2	1	280.86	70259	1
U-oneof-u-repeated	corpus	decode-read	retain	R	2	278.93	71879	0
U-oneof-u-repeated	corpus	decode-read	retain	E2	2	281.05	70259	1
U-oneof-u-repeated	corpus	decode-read	retain	E	2	285.84	71977	1
U-oneof-u-repeated	corpus	decode-read	retain	E2	3	293.28	70259	1
U-oneof-u-repeated	corpus	decode-read	retain	E	3	295.72	71977	1
U-oneof-u-repeated	corpus	decode-read	retain	R	3	285.91	71879	0
U-oneof-u-repeated	corpus	decode-read	retain	E	4	293.05	71977	1
U-oneof-u-repeated	corpus	decode-read	retain	R	4	280.69	71879	0
U-oneof-u-repeated	corpus	decode-read	retain	E2	4	280.26	70259	1
U-oneof-u-repeated	corpus	decode-read	retain	R	5	274.80	71879	0
U-oneof-u-repeated	corpus	decode-read	retain	E2	5	279.12	70259	1
U-oneof-u-repeated	corpus	decode-read	retain	E	5	275.72	71977	1
U-oneof-u-repeated	corpus	decode-read	retain	E2	6	276.92	70259	1
U-oneof-u-repeated	corpus	decode-read	retain	E	6	275.76	71977	1
U-oneof-u-repeated	corpus	decode-read	retain	R	6	273.12	71879	0
U-oneof-u-repeated	corpus	decode-read	retain	E	7	281.14	71977	1
U-oneof-u-repeated	corpus	decode-read	retain	R	7	288.79	71879	0
U-oneof-u-repeated	corpus	decode-read	retain	E2	7	287.06	70259	1
U-oneof-u-repeated	corpus	decode-read	retain	R	8	284.82	71879	0
U-oneof-u-repeated	corpus	decode-read	retain	E2	8	288.79	70259	1
U-oneof-u-repeated	corpus	decode-read	retain	E	8	285.28	71977	1
U-oneof-u-repeated	corpus	decode-read	retain	E2	9	279.11	70259	1
U-oneof-u-repeated	corpus	decode-read	retain	E	9	284.34	71977	1
U-oneof-u-repeated	corpus	decode-read	retain	R	9	281.39	71879	0
U-oneof-u-repeated	corpus	decode-read	retain	E	10	279.38	71977	1
U-oneof-u-repeated	corpus	decode-read	retain	R	10	282.77	71879	0
U-oneof-u-repeated	corpus	decode-read	retain	E2	10	282.70	70259	1
U-oneof-u-repeated	corpus	decode-read	retain	R	11	275.90	71879	0
U-oneof-u-repeated	corpus	decode-read	retain	E2	11	281.01	70259	1
U-oneof-u-repeated	corpus	decode-read	retain	E	11	284.36	71977	1
U-oneof-u-repeated	corpus	decode-read	retain	E2	12	275.63	70259	1
U-oneof-u-repeated	corpus	decode-read	retain	E	12	278.00	71977	1
U-oneof-u-repeated	corpus	decode-read	retain	R	12	281.91	71879	0
U-oneof-u-repeated	corpus	decode-read	retain	E	13	289.78	71977	1
U-oneof-u-repeated	corpus	decode-read	retain	R	13	280.02	71879	0
U-oneof-u-repeated	corpus	decode-read	retain	E2	13	281.15	70259	1
U-oneof-u-repeated	corpus	decode-read	retain	R	14	286.65	71879	0
U-oneof-u-repeated	corpus	decode-read	retain	E2	14	283.45	70259	1
U-oneof-u-repeated	corpus	decode-read	retain	E	14	305.64	71977	1
U-oneof-u-repeated	corpus	decode-read	retain	E2	15	300.06	70259	1
U-oneof-u-repeated	corpus	decode-read	retain	E	15	301.73	71977	1
U-oneof-u-repeated	corpus	decode-read	retain	R	15	300.82	71879	0
U-oneof-u-repeated	corpus	decode-read	retain	E	16	299.67	71977	1
U-oneof-u-repeated	corpus	decode-read	retain	R	16	292.87	71879	0
U-oneof-u-repeated	corpus	decode-read	retain	E2	16	307.23	70259	1
U-oneof-u-repeated	corpus	decode-read	retain	R	17	300.86	71879	0
U-oneof-u-repeated	corpus	decode-read	retain	E2	17	284.87	70259	1
U-oneof-u-repeated	corpus	decode-read	retain	E	17	288.14	71977	1
U-oneof-u-repeated	corpus	decode-read	retain	E2	18	307.66	70259	1
U-oneof-u-repeated	corpus	decode-read	retain	E	18	302.57	71977	1
U-oneof-u-repeated	corpus	decode-read	retain	R	18	313.39	71879	0
U-oneof-u-repeated	corpus	decode-read	retain	E	19	301.29	71977	1
U-oneof-u-repeated	corpus	decode-read	retain	R	19	291.31	71879	0
U-oneof-u-repeated	corpus	decode-read	retain	E2	19	301.20	70259	1
U-oneof-u-repeated	corpus	decode-read	retain	R	20	294.06	71879	0
U-oneof-u-repeated	corpus	decode-read	retain	E2	20	291.49	70259	1
U-oneof-u-repeated	corpus	decode-read	retain	E	20	299.83	71977	1
U-oneof-u-repeated	corpus	decode-read	retain	E2	21	285.08	70259	1
U-oneof-u-repeated	corpus	decode-read	retain	E	21	297.48	71977	1
U-oneof-u-repeated	corpus	decode-read	retain	R	21	275.03	71879	0
U-oneof-u-repeated	corpus	encode-core-hot	drop	E	1	106.86	180871	0
U-oneof-u-repeated	corpus	encode-core-hot	drop	R	1	105.54	191148	0
U-oneof-u-repeated	corpus	encode-core-hot	drop	E2	1	109.50	184066	0
U-oneof-u-repeated	corpus	encode-core-hot	drop	R	2	110.56	191148	0
U-oneof-u-repeated	corpus	encode-core-hot	drop	E2	2	105.24	184066	0
U-oneof-u-repeated	corpus	encode-core-hot	drop	E	2	112.31	180871	0
U-oneof-u-repeated	corpus	encode-core-hot	drop	E2	3	115.34	184066	0
U-oneof-u-repeated	corpus	encode-core-hot	drop	E	3	108.61	180871	0
U-oneof-u-repeated	corpus	encode-core-hot	drop	R	3	108.22	191148	0
U-oneof-u-repeated	corpus	encode-core-hot	drop	E	4	109.65	180871	0
U-oneof-u-repeated	corpus	encode-core-hot	drop	R	4	106.80	191148	0
U-oneof-u-repeated	corpus	encode-core-hot	drop	E2	4	105.51	184066	0
U-oneof-u-repeated	corpus	encode-core-hot	drop	R	5	107.17	191148	0
U-oneof-u-repeated	corpus	encode-core-hot	drop	E2	5	108.00	184066	0
U-oneof-u-repeated	corpus	encode-core-hot	drop	E	5	108.51	180871	0
U-oneof-u-repeated	corpus	encode-core-hot	drop	E2	6	109.65	184066	0
U-oneof-u-repeated	corpus	encode-core-hot	drop	E	6	106.86	180871	0
U-oneof-u-repeated	corpus	encode-core-hot	drop	R	6	107.22	191148	0
U-oneof-u-repeated	corpus	encode-core-hot	drop	E	7	109.32	180871	0
U-oneof-u-repeated	corpus	encode-core-hot	drop	R	7	105.16	191148	0
U-oneof-u-repeated	corpus	encode-core-hot	drop	E2	7	106.48	184066	0
U-oneof-u-repeated	corpus	encode-core-hot	drop	R	8	108.36	191148	0
U-oneof-u-repeated	corpus	encode-core-hot	drop	E2	8	107.63	184066	0
U-oneof-u-repeated	corpus	encode-core-hot	drop	E	8	108.47	180871	0
U-oneof-u-repeated	corpus	encode-core-hot	drop	E2	9	111.26	184066	0
U-oneof-u-repeated	corpus	encode-core-hot	drop	E	9	109.74	180871	0
U-oneof-u-repeated	corpus	encode-core-hot	drop	R	9	112.17	191148	0
U-oneof-u-repeated	corpus	encode-core-hot	drop	E	10	112.92	180871	0
U-oneof-u-repeated	corpus	encode-core-hot	drop	R	10	107.52	191148	0
U-oneof-u-repeated	corpus	encode-core-hot	drop	E2	10	109.77	184066	0
U-oneof-u-repeated	corpus	encode-core-hot	drop	R	11	107.74	191148	0
U-oneof-u-repeated	corpus	encode-core-hot	drop	E2	11	105.72	184066	0
U-oneof-u-repeated	corpus	encode-core-hot	drop	E	11	109.82	180871	0
U-oneof-u-repeated	corpus	encode-core-hot	drop	E2	12	107.33	184066	0
U-oneof-u-repeated	corpus	encode-core-hot	drop	E	12	109.72	180871	0
U-oneof-u-repeated	corpus	encode-core-hot	drop	R	12	110.32	191148	0
U-oneof-u-repeated	corpus	encode-core-hot	drop	E	13	110.43	180871	0
U-oneof-u-repeated	corpus	encode-core-hot	drop	R	13	107.52	191148	0
U-oneof-u-repeated	corpus	encode-core-hot	drop	E2	13	108.70	184066	0
U-oneof-u-repeated	corpus	encode-core-hot	drop	R	14	110.01	191148	0
U-oneof-u-repeated	corpus	encode-core-hot	drop	E2	14	106.76	184066	0
U-oneof-u-repeated	corpus	encode-core-hot	drop	E	14	109.02	180871	0
U-oneof-u-repeated	corpus	encode-core-hot	drop	E2	15	108.70	184066	0
U-oneof-u-repeated	corpus	encode-core-hot	drop	E	15	109.24	180871	0
U-oneof-u-repeated	corpus	encode-core-hot	drop	R	15	106.91	191148	0
U-oneof-u-repeated	corpus	encode-core-hot	drop	E	16	109.36	180871	0
U-oneof-u-repeated	corpus	encode-core-hot	drop	R	16	107.15	191148	0
U-oneof-u-repeated	corpus	encode-core-hot	drop	E2	16	111.31	184066	0
U-oneof-u-repeated	corpus	encode-core-hot	drop	R	17	107.96	191148	0
U-oneof-u-repeated	corpus	encode-core-hot	drop	E2	17	110.48	184066	0
U-oneof-u-repeated	corpus	encode-core-hot	drop	E	17	110.03	180871	0
U-oneof-u-repeated	corpus	encode-core-hot	drop	E2	18	109.88	184066	0
U-oneof-u-repeated	corpus	encode-core-hot	drop	E	18	109.44	180871	0
U-oneof-u-repeated	corpus	encode-core-hot	drop	R	18	110.78	191148	0
U-oneof-u-repeated	corpus	encode-core-hot	drop	E	19	108.00	180871	0
U-oneof-u-repeated	corpus	encode-core-hot	drop	R	19	106.90	191148	0
U-oneof-u-repeated	corpus	encode-core-hot	drop	E2	19	107.90	184066	0
U-oneof-u-repeated	corpus	encode-core-hot	drop	R	20	108.47	191148	0
U-oneof-u-repeated	corpus	encode-core-hot	drop	E2	20	106.03	184066	0
U-oneof-u-repeated	corpus	encode-core-hot	drop	E	20	109.84	180871	0
U-oneof-u-repeated	corpus	encode-core-hot	drop	E2	21	107.38	184066	0
U-oneof-u-repeated	corpus	encode-core-hot	drop	E	21	107.67	180871	0
U-oneof-u-repeated	corpus	encode-core-hot	drop	R	21	109.77	191148	0
U-oneof-u-repeated	corpus	encode-core-hot	retain	E	1	129.01	166912	0
U-oneof-u-repeated	corpus	encode-core-hot	retain	R	1	125.59	151786	0
U-oneof-u-repeated	corpus	encode-core-hot	retain	E2	1	127.99	161640	0
U-oneof-u-repeated	corpus	encode-core-hot	retain	R	2	122.31	151786	0
U-oneof-u-repeated	corpus	encode-core-hot	retain	E2	2	124.29	161640	0
U-oneof-u-repeated	corpus	encode-core-hot	retain	E	2	127.46	166912	0
U-oneof-u-repeated	corpus	encode-core-hot	retain	E2	3	126.53	161640	0
U-oneof-u-repeated	corpus	encode-core-hot	retain	E	3	122.62	166912	0
U-oneof-u-repeated	corpus	encode-core-hot	retain	R	3	122.94	151786	0
U-oneof-u-repeated	corpus	encode-core-hot	retain	E	4	122.63	166912	0
U-oneof-u-repeated	corpus	encode-core-hot	retain	R	4	142.28	151786	0
U-oneof-u-repeated	corpus	encode-core-hot	retain	E2	4	140.03	161640	0
U-oneof-u-repeated	corpus	encode-core-hot	retain	R	5	129.79	151786	0
U-oneof-u-repeated	corpus	encode-core-hot	retain	E2	5	125.91	161640	0
U-oneof-u-repeated	corpus	encode-core-hot	retain	E	5	126.59	166912	0
U-oneof-u-repeated	corpus	encode-core-hot	retain	E2	6	145.90	161640	0
U-oneof-u-repeated	corpus	encode-core-hot	retain	E	6	125.77	166912	0
U-oneof-u-repeated	corpus	encode-core-hot	retain	R	6	126.10	151786	0
U-oneof-u-repeated	corpus	encode-core-hot	retain	E	7	126.32	166912	0
U-oneof-u-repeated	corpus	encode-core-hot	retain	R	7	126.90	151786	0
U-oneof-u-repeated	corpus	encode-core-hot	retain	E2	7	144.09	161640	0
U-oneof-u-repeated	corpus	encode-core-hot	retain	R	8	128.40	151786	0
U-oneof-u-repeated	corpus	encode-core-hot	retain	E2	8	123.92	161640	0
U-oneof-u-repeated	corpus	encode-core-hot	retain	E	8	126.39	166912	0
U-oneof-u-repeated	corpus	encode-core-hot	retain	E2	9	124.78	161640	0
U-oneof-u-repeated	corpus	encode-core-hot	retain	E	9	128.35	166912	0
U-oneof-u-repeated	corpus	encode-core-hot	retain	R	9	123.56	151786	0
U-oneof-u-repeated	corpus	encode-core-hot	retain	E	10	127.29	166912	0
U-oneof-u-repeated	corpus	encode-core-hot	retain	R	10	125.60	151786	0
U-oneof-u-repeated	corpus	encode-core-hot	retain	E2	10	129.18	161640	0
U-oneof-u-repeated	corpus	encode-core-hot	retain	R	11	125.55	151786	0
U-oneof-u-repeated	corpus	encode-core-hot	retain	E2	11	125.88	161640	0
U-oneof-u-repeated	corpus	encode-core-hot	retain	E	11	127.01	166912	0
U-oneof-u-repeated	corpus	encode-core-hot	retain	E2	12	130.40	161640	0
U-oneof-u-repeated	corpus	encode-core-hot	retain	E	12	141.88	166912	0
U-oneof-u-repeated	corpus	encode-core-hot	retain	R	12	133.91	151786	0
U-oneof-u-repeated	corpus	encode-core-hot	retain	E	13	136.47	166912	0
U-oneof-u-repeated	corpus	encode-core-hot	retain	R	13	125.44	151786	0
U-oneof-u-repeated	corpus	encode-core-hot	retain	E2	13	135.17	161640	0
U-oneof-u-repeated	corpus	encode-core-hot	retain	R	14	124.29	151786	0
U-oneof-u-repeated	corpus	encode-core-hot	retain	E2	14	139.17	161640	0
U-oneof-u-repeated	corpus	encode-core-hot	retain	E	14	127.69	166912	0
U-oneof-u-repeated	corpus	encode-core-hot	retain	E2	15	121.96	161640	0
U-oneof-u-repeated	corpus	encode-core-hot	retain	E	15	123.39	166912	0
U-oneof-u-repeated	corpus	encode-core-hot	retain	R	15	123.35	151786	0
U-oneof-u-repeated	corpus	encode-core-hot	retain	E	16	123.48	166912	0
U-oneof-u-repeated	corpus	encode-core-hot	retain	R	16	122.54	151786	0
U-oneof-u-repeated	corpus	encode-core-hot	retain	E2	16	125.64	161640	0
U-oneof-u-repeated	corpus	encode-core-hot	retain	R	17	126.16	151786	0
U-oneof-u-repeated	corpus	encode-core-hot	retain	E2	17	126.82	161640	0
U-oneof-u-repeated	corpus	encode-core-hot	retain	E	17	125.65	166912	0
U-oneof-u-repeated	corpus	encode-core-hot	retain	E2	18	124.11	161640	0
U-oneof-u-repeated	corpus	encode-core-hot	retain	E	18	123.48	166912	0
U-oneof-u-repeated	corpus	encode-core-hot	retain	R	18	122.03	151786	0
U-oneof-u-repeated	corpus	encode-core-hot	retain	E	19	126.14	166912	0
U-oneof-u-repeated	corpus	encode-core-hot	retain	R	19	124.17	151786	0
U-oneof-u-repeated	corpus	encode-core-hot	retain	E2	19	124.83	161640	0
U-oneof-u-repeated	corpus	encode-core-hot	retain	R	20	122.46	151786	0
U-oneof-u-repeated	corpus	encode-core-hot	retain	E2	20	124.99	161640	0
U-oneof-u-repeated	corpus	encode-core-hot	retain	E	20	124.21	166912	0
U-oneof-u-repeated	corpus	encode-core-hot	retain	E2	21	123.70	161640	0
U-oneof-u-repeated	corpus	encode-core-hot	retain	E	21	124.19	166912	0
U-oneof-u-repeated	corpus	encode-core-hot	retain	R	21	121.85	151786	0
U-wire-ListTaskSummaryResponse-tasks-as-wt5	corpus	decode-read	drop	E	1	2476.79	7936	1
U-wire-ListTaskSummaryResponse-tasks-as-wt5	corpus	decode-read	drop	R	1	2427.96	7953	0
U-wire-ListTaskSummaryResponse-tasks-as-wt5	corpus	decode-read	drop	E2	1	2455.55	8132	1
U-wire-ListTaskSummaryResponse-tasks-as-wt5	corpus	decode-read	drop	R	2	2509.89	7953	0
U-wire-ListTaskSummaryResponse-tasks-as-wt5	corpus	decode-read	drop	E2	2	2492.82	8132	1
U-wire-ListTaskSummaryResponse-tasks-as-wt5	corpus	decode-read	drop	E	2	2443.61	7936	1
U-wire-ListTaskSummaryResponse-tasks-as-wt5	corpus	decode-read	drop	E2	3	2447.54	8132	1
U-wire-ListTaskSummaryResponse-tasks-as-wt5	corpus	decode-read	drop	E	3	2455.62	7936	1
U-wire-ListTaskSummaryResponse-tasks-as-wt5	corpus	decode-read	drop	R	3	2537.14	7953	0
U-wire-ListTaskSummaryResponse-tasks-as-wt5	corpus	decode-read	drop	E	4	2549.26	7936	1
U-wire-ListTaskSummaryResponse-tasks-as-wt5	corpus	decode-read	drop	R	4	2435.77	7953	0
U-wire-ListTaskSummaryResponse-tasks-as-wt5	corpus	decode-read	drop	E2	4	2478.10	8132	1
U-wire-ListTaskSummaryResponse-tasks-as-wt5	corpus	decode-read	drop	R	5	2461.32	7953	0
U-wire-ListTaskSummaryResponse-tasks-as-wt5	corpus	decode-read	drop	E2	5	2479.38	8132	1
U-wire-ListTaskSummaryResponse-tasks-as-wt5	corpus	decode-read	drop	E	5	2458.94	7936	1
U-wire-ListTaskSummaryResponse-tasks-as-wt5	corpus	decode-read	drop	E2	6	2485.23	8132	1
U-wire-ListTaskSummaryResponse-tasks-as-wt5	corpus	decode-read	drop	E	6	2471.92	7936	1
U-wire-ListTaskSummaryResponse-tasks-as-wt5	corpus	decode-read	drop	R	6	2444.85	7953	0
U-wire-ListTaskSummaryResponse-tasks-as-wt5	corpus	decode-read	drop	E	7	2521.90	7936	1
U-wire-ListTaskSummaryResponse-tasks-as-wt5	corpus	decode-read	drop	R	7	2423.30	7953	0
U-wire-ListTaskSummaryResponse-tasks-as-wt5	corpus	decode-read	drop	E2	7	2579.69	8132	1
U-wire-ListTaskSummaryResponse-tasks-as-wt5	corpus	decode-read	drop	R	8	2478.66	7953	0
U-wire-ListTaskSummaryResponse-tasks-as-wt5	corpus	decode-read	drop	E2	8	2572.69	8132	1
U-wire-ListTaskSummaryResponse-tasks-as-wt5	corpus	decode-read	drop	E	8	2542.93	7936	1
U-wire-ListTaskSummaryResponse-tasks-as-wt5	corpus	decode-read	drop	E2	9	2475.28	8132	1
U-wire-ListTaskSummaryResponse-tasks-as-wt5	corpus	decode-read	drop	E	9	2482.87	7936	1
U-wire-ListTaskSummaryResponse-tasks-as-wt5	corpus	decode-read	drop	R	9	2504.09	7953	0
U-wire-ListTaskSummaryResponse-tasks-as-wt5	corpus	decode-read	drop	E	10	2515.62	7936	1
U-wire-ListTaskSummaryResponse-tasks-as-wt5	corpus	decode-read	drop	R	10	2473.26	7953	0
U-wire-ListTaskSummaryResponse-tasks-as-wt5	corpus	decode-read	drop	E2	10	2464.62	8132	1
U-wire-ListTaskSummaryResponse-tasks-as-wt5	corpus	decode-read	drop	R	11	2455.20	7953	0
U-wire-ListTaskSummaryResponse-tasks-as-wt5	corpus	decode-read	drop	E2	11	2480.48	8132	1
U-wire-ListTaskSummaryResponse-tasks-as-wt5	corpus	decode-read	drop	E	11	2516.30	7936	1
U-wire-ListTaskSummaryResponse-tasks-as-wt5	corpus	decode-read	drop	E2	12	2552.11	8132	1
U-wire-ListTaskSummaryResponse-tasks-as-wt5	corpus	decode-read	drop	E	12	2500.37	7936	1
U-wire-ListTaskSummaryResponse-tasks-as-wt5	corpus	decode-read	drop	R	12	2719.40	7953	0
U-wire-ListTaskSummaryResponse-tasks-as-wt5	corpus	decode-read	drop	E	13	2783.23	7936	1
U-wire-ListTaskSummaryResponse-tasks-as-wt5	corpus	decode-read	drop	R	13	2432.40	7953	0
U-wire-ListTaskSummaryResponse-tasks-as-wt5	corpus	decode-read	drop	E2	13	2474.97	8132	1
U-wire-ListTaskSummaryResponse-tasks-as-wt5	corpus	decode-read	drop	R	14	2457.88	7953	0
U-wire-ListTaskSummaryResponse-tasks-as-wt5	corpus	decode-read	drop	E2	14	2527.64	8132	1
U-wire-ListTaskSummaryResponse-tasks-as-wt5	corpus	decode-read	drop	E	14	2495.42	7936	1
U-wire-ListTaskSummaryResponse-tasks-as-wt5	corpus	decode-read	drop	E2	15	2503.84	8132	1
U-wire-ListTaskSummaryResponse-tasks-as-wt5	corpus	decode-read	drop	E	15	2542.82	7936	1
U-wire-ListTaskSummaryResponse-tasks-as-wt5	corpus	decode-read	drop	R	15	2439.00	7953	0
U-wire-ListTaskSummaryResponse-tasks-as-wt5	corpus	decode-read	drop	E	16	2488.43	7936	1
U-wire-ListTaskSummaryResponse-tasks-as-wt5	corpus	decode-read	drop	R	16	2497.73	7953	0
U-wire-ListTaskSummaryResponse-tasks-as-wt5	corpus	decode-read	drop	E2	16	2475.41	8132	1
U-wire-ListTaskSummaryResponse-tasks-as-wt5	corpus	decode-read	drop	R	17	2505.24	7953	0
U-wire-ListTaskSummaryResponse-tasks-as-wt5	corpus	decode-read	drop	E2	17	2520.82	8132	1
U-wire-ListTaskSummaryResponse-tasks-as-wt5	corpus	decode-read	drop	E	17	2606.69	7936	1
U-wire-ListTaskSummaryResponse-tasks-as-wt5	corpus	decode-read	drop	E2	18	2473.02	8132	1
U-wire-ListTaskSummaryResponse-tasks-as-wt5	corpus	decode-read	drop	E	18	2509.57	7936	1
U-wire-ListTaskSummaryResponse-tasks-as-wt5	corpus	decode-read	drop	R	18	2481.05	7953	0
U-wire-ListTaskSummaryResponse-tasks-as-wt5	corpus	decode-read	drop	E	19	2526.11	7936	1
U-wire-ListTaskSummaryResponse-tasks-as-wt5	corpus	decode-read	drop	R	19	2574.11	7953	0
U-wire-ListTaskSummaryResponse-tasks-as-wt5	corpus	decode-read	drop	E2	19	2504.89	8132	1
U-wire-ListTaskSummaryResponse-tasks-as-wt5	corpus	decode-read	drop	R	20	2511.53	7953	0
U-wire-ListTaskSummaryResponse-tasks-as-wt5	corpus	decode-read	drop	E2	20	2558.54	8132	1
U-wire-ListTaskSummaryResponse-tasks-as-wt5	corpus	decode-read	drop	E	20	2620.87	7936	1
U-wire-ListTaskSummaryResponse-tasks-as-wt5	corpus	decode-read	drop	E2	21	2591.39	8132	1
U-wire-ListTaskSummaryResponse-tasks-as-wt5	corpus	decode-read	drop	E	21	2533.82	7936	1
U-wire-ListTaskSummaryResponse-tasks-as-wt5	corpus	decode-read	drop	R	21	2532.23	7953	0
U-wire-ListTaskSummaryResponse-tasks-as-wt5	corpus	decode-read	retain	E	1	2515.02	7935	1
U-wire-ListTaskSummaryResponse-tasks-as-wt5	corpus	decode-read	retain	R	1	2546.18	7906	0
U-wire-ListTaskSummaryResponse-tasks-as-wt5	corpus	decode-read	retain	E2	1	2528.16	7979	1
U-wire-ListTaskSummaryResponse-tasks-as-wt5	corpus	decode-read	retain	R	2	2483.72	7906	0
U-wire-ListTaskSummaryResponse-tasks-as-wt5	corpus	decode-read	retain	E2	2	2600.61	7979	1
U-wire-ListTaskSummaryResponse-tasks-as-wt5	corpus	decode-read	retain	E	2	2588.95	7935	1
U-wire-ListTaskSummaryResponse-tasks-as-wt5	corpus	decode-read	retain	E2	3	2620.73	7979	1
U-wire-ListTaskSummaryResponse-tasks-as-wt5	corpus	decode-read	retain	E	3	2550.96	7935	1
U-wire-ListTaskSummaryResponse-tasks-as-wt5	corpus	decode-read	retain	R	3	2505.87	7906	0
U-wire-ListTaskSummaryResponse-tasks-as-wt5	corpus	decode-read	retain	E	4	2509.36	7935	1
U-wire-ListTaskSummaryResponse-tasks-as-wt5	corpus	decode-read	retain	R	4	2484.12	7906	0
U-wire-ListTaskSummaryResponse-tasks-as-wt5	corpus	decode-read	retain	E2	4	2573.95	7979	1
U-wire-ListTaskSummaryResponse-tasks-as-wt5	corpus	decode-read	retain	R	5	2583.02	7906	0
U-wire-ListTaskSummaryResponse-tasks-as-wt5	corpus	decode-read	retain	E2	5	2565.09	7979	1
U-wire-ListTaskSummaryResponse-tasks-as-wt5	corpus	decode-read	retain	E	5	2509.56	7935	1
U-wire-ListTaskSummaryResponse-tasks-as-wt5	corpus	decode-read	retain	E2	6	2501.15	7979	1
U-wire-ListTaskSummaryResponse-tasks-as-wt5	corpus	decode-read	retain	E	6	2534.99	7935	1
U-wire-ListTaskSummaryResponse-tasks-as-wt5	corpus	decode-read	retain	R	6	2519.69	7906	0
U-wire-ListTaskSummaryResponse-tasks-as-wt5	corpus	decode-read	retain	E	7	2555.46	7935	1
U-wire-ListTaskSummaryResponse-tasks-as-wt5	corpus	decode-read	retain	R	7	2509.33	7906	0
U-wire-ListTaskSummaryResponse-tasks-as-wt5	corpus	decode-read	retain	E2	7	2543.60	7979	1
U-wire-ListTaskSummaryResponse-tasks-as-wt5	corpus	decode-read	retain	R	8	2508.68	7906	0
U-wire-ListTaskSummaryResponse-tasks-as-wt5	corpus	decode-read	retain	E2	8	2624.41	7979	1
U-wire-ListTaskSummaryResponse-tasks-as-wt5	corpus	decode-read	retain	E	8	2624.87	7935	1
U-wire-ListTaskSummaryResponse-tasks-as-wt5	corpus	decode-read	retain	E2	9	2550.32	7979	1
U-wire-ListTaskSummaryResponse-tasks-as-wt5	corpus	decode-read	retain	E	9	2549.95	7935	1
U-wire-ListTaskSummaryResponse-tasks-as-wt5	corpus	decode-read	retain	R	9	2554.00	7906	0
U-wire-ListTaskSummaryResponse-tasks-as-wt5	corpus	decode-read	retain	E	10	2511.48	7935	1
U-wire-ListTaskSummaryResponse-tasks-as-wt5	corpus	decode-read	retain	R	10	2515.57	7906	0
U-wire-ListTaskSummaryResponse-tasks-as-wt5	corpus	decode-read	retain	E2	10	2552.24	7979	1
U-wire-ListTaskSummaryResponse-tasks-as-wt5	corpus	decode-read	retain	R	11	2502.59	7906	0
U-wire-ListTaskSummaryResponse-tasks-as-wt5	corpus	decode-read	retain	E2	11	2550.74	7979	1
U-wire-ListTaskSummaryResponse-tasks-as-wt5	corpus	decode-read	retain	E	11	2524.45	7935	1
U-wire-ListTaskSummaryResponse-tasks-as-wt5	corpus	decode-read	retain	E2	12	2526.90	7979	1
U-wire-ListTaskSummaryResponse-tasks-as-wt5	corpus	decode-read	retain	E	12	2521.83	7935	1
U-wire-ListTaskSummaryResponse-tasks-as-wt5	corpus	decode-read	retain	R	12	2497.04	7906	0
U-wire-ListTaskSummaryResponse-tasks-as-wt5	corpus	decode-read	retain	E	13	2619.88	7935	1
U-wire-ListTaskSummaryResponse-tasks-as-wt5	corpus	decode-read	retain	R	13	2506.33	7906	0
U-wire-ListTaskSummaryResponse-tasks-as-wt5	corpus	decode-read	retain	E2	13	2558.73	7979	1
U-wire-ListTaskSummaryResponse-tasks-as-wt5	corpus	decode-read	retain	R	14	2497.93	7906	0
U-wire-ListTaskSummaryResponse-tasks-as-wt5	corpus	decode-read	retain	E2	14	2541.18	7979	1
U-wire-ListTaskSummaryResponse-tasks-as-wt5	corpus	decode-read	retain	E	14	2593.56	7935	1
U-wire-ListTaskSummaryResponse-tasks-as-wt5	corpus	decode-read	retain	E2	15	2571.39	7979	1
U-wire-ListTaskSummaryResponse-tasks-as-wt5	corpus	decode-read	retain	E	15	2586.70	7935	1
U-wire-ListTaskSummaryResponse-tasks-as-wt5	corpus	decode-read	retain	R	15	2537.57	7906	0
U-wire-ListTaskSummaryResponse-tasks-as-wt5	corpus	decode-read	retain	E	16	2557.68	7935	1
U-wire-ListTaskSummaryResponse-tasks-as-wt5	corpus	decode-read	retain	R	16	2566.94	7906	0
U-wire-ListTaskSummaryResponse-tasks-as-wt5	corpus	decode-read	retain	E2	16	2571.27	7979	1
U-wire-ListTaskSummaryResponse-tasks-as-wt5	corpus	decode-read	retain	R	17	2643.13	7906	0
U-wire-ListTaskSummaryResponse-tasks-as-wt5	corpus	decode-read	retain	E2	17	2742.98	7979	1
U-wire-ListTaskSummaryResponse-tasks-as-wt5	corpus	decode-read	retain	E	17	2682.76	7935	1
U-wire-ListTaskSummaryResponse-tasks-as-wt5	corpus	decode-read	retain	E2	18	2819.33	7979	1
U-wire-ListTaskSummaryResponse-tasks-as-wt5	corpus	decode-read	retain	E	18	2774.96	7935	1
U-wire-ListTaskSummaryResponse-tasks-as-wt5	corpus	decode-read	retain	R	18	2700.85	7906	0
U-wire-ListTaskSummaryResponse-tasks-as-wt5	corpus	decode-read	retain	E	19	2841.97	7935	1
U-wire-ListTaskSummaryResponse-tasks-as-wt5	corpus	decode-read	retain	R	19	2675.87	7906	0
U-wire-ListTaskSummaryResponse-tasks-as-wt5	corpus	decode-read	retain	E2	19	2676.92	7979	1
U-wire-ListTaskSummaryResponse-tasks-as-wt5	corpus	decode-read	retain	R	20	2512.13	7906	0
U-wire-ListTaskSummaryResponse-tasks-as-wt5	corpus	decode-read	retain	E2	20	2561.15	7979	1
U-wire-ListTaskSummaryResponse-tasks-as-wt5	corpus	decode-read	retain	E	20	2542.13	7935	1
U-wire-ListTaskSummaryResponse-tasks-as-wt5	corpus	decode-read	retain	E2	21	2540.31	7979	1
U-wire-ListTaskSummaryResponse-tasks-as-wt5	corpus	decode-read	retain	E	21	2558.78	7935	1
U-wire-ListTaskSummaryResponse-tasks-as-wt5	corpus	decode-read	retain	R	21	2494.88	7906	0
U-wire-ListTaskSummaryResponse-tasks-as-wt5	corpus	encode-core-hot	drop	E	1	1109.91	18250	0
U-wire-ListTaskSummaryResponse-tasks-as-wt5	corpus	encode-core-hot	drop	R	1	1099.40	17967	0
U-wire-ListTaskSummaryResponse-tasks-as-wt5	corpus	encode-core-hot	drop	E2	1	1103.86	18220	0
U-wire-ListTaskSummaryResponse-tasks-as-wt5	corpus	encode-core-hot	drop	R	2	1149.11	17967	0
U-wire-ListTaskSummaryResponse-tasks-as-wt5	corpus	encode-core-hot	drop	E2	2	1115.46	18220	0
U-wire-ListTaskSummaryResponse-tasks-as-wt5	corpus	encode-core-hot	drop	E	2	1138.58	18250	0
U-wire-ListTaskSummaryResponse-tasks-as-wt5	corpus	encode-core-hot	drop	E2	3	1158.40	18220	0
U-wire-ListTaskSummaryResponse-tasks-as-wt5	corpus	encode-core-hot	drop	E	3	1135.69	18250	0
U-wire-ListTaskSummaryResponse-tasks-as-wt5	corpus	encode-core-hot	drop	R	3	1133.24	17967	0
U-wire-ListTaskSummaryResponse-tasks-as-wt5	corpus	encode-core-hot	drop	E	4	1141.33	18250	0
U-wire-ListTaskSummaryResponse-tasks-as-wt5	corpus	encode-core-hot	drop	R	4	1142.15	17967	0
U-wire-ListTaskSummaryResponse-tasks-as-wt5	corpus	encode-core-hot	drop	E2	4	1136.94	18220	0
U-wire-ListTaskSummaryResponse-tasks-as-wt5	corpus	encode-core-hot	drop	R	5	1113.92	17967	0
U-wire-ListTaskSummaryResponse-tasks-as-wt5	corpus	encode-core-hot	drop	E2	5	1109.01	18220	0
U-wire-ListTaskSummaryResponse-tasks-as-wt5	corpus	encode-core-hot	drop	E	5	1105.88	18250	0
U-wire-ListTaskSummaryResponse-tasks-as-wt5	corpus	encode-core-hot	drop	E2	6	1102.45	18220	0
U-wire-ListTaskSummaryResponse-tasks-as-wt5	corpus	encode-core-hot	drop	E	6	1101.25	18250	0
U-wire-ListTaskSummaryResponse-tasks-as-wt5	corpus	encode-core-hot	drop	R	6	1104.29	17967	0
U-wire-ListTaskSummaryResponse-tasks-as-wt5	corpus	encode-core-hot	drop	E	7	1099.50	18250	0
U-wire-ListTaskSummaryResponse-tasks-as-wt5	corpus	encode-core-hot	drop	R	7	1089.64	17967	0
U-wire-ListTaskSummaryResponse-tasks-as-wt5	corpus	encode-core-hot	drop	E2	7	1106.18	18220	0
U-wire-ListTaskSummaryResponse-tasks-as-wt5	corpus	encode-core-hot	drop	R	8	1105.27	17967	0
U-wire-ListTaskSummaryResponse-tasks-as-wt5	corpus	encode-core-hot	drop	E2	8	1078.91	18220	0
U-wire-ListTaskSummaryResponse-tasks-as-wt5	corpus	encode-core-hot	drop	E	8	1092.26	18250	0
U-wire-ListTaskSummaryResponse-tasks-as-wt5	corpus	encode-core-hot	drop	E2	9	1091.30	18220	0
U-wire-ListTaskSummaryResponse-tasks-as-wt5	corpus	encode-core-hot	drop	E	9	1097.62	18250	0
U-wire-ListTaskSummaryResponse-tasks-as-wt5	corpus	encode-core-hot	drop	R	9	1114.86	17967	0
U-wire-ListTaskSummaryResponse-tasks-as-wt5	corpus	encode-core-hot	drop	E	10	1171.71	18250	0
U-wire-ListTaskSummaryResponse-tasks-as-wt5	corpus	encode-core-hot	drop	R	10	1115.38	17967	0
U-wire-ListTaskSummaryResponse-tasks-as-wt5	corpus	encode-core-hot	drop	E2	10	1116.56	18220	0
U-wire-ListTaskSummaryResponse-tasks-as-wt5	corpus	encode-core-hot	drop	R	11	1134.55	17967	0
U-wire-ListTaskSummaryResponse-tasks-as-wt5	corpus	encode-core-hot	drop	E2	11	1103.03	18220	0
U-wire-ListTaskSummaryResponse-tasks-as-wt5	corpus	encode-core-hot	drop	E	11	1097.68	18250	0
U-wire-ListTaskSummaryResponse-tasks-as-wt5	corpus	encode-core-hot	drop	E2	12	1121.38	18220	0
U-wire-ListTaskSummaryResponse-tasks-as-wt5	corpus	encode-core-hot	drop	E	12	1114.70	18250	0
U-wire-ListTaskSummaryResponse-tasks-as-wt5	corpus	encode-core-hot	drop	R	12	1101.79	17967	0
U-wire-ListTaskSummaryResponse-tasks-as-wt5	corpus	encode-core-hot	drop	E	13	1097.27	18250	0
U-wire-ListTaskSummaryResponse-tasks-as-wt5	corpus	encode-core-hot	drop	R	13	1082.53	17967	0
U-wire-ListTaskSummaryResponse-tasks-as-wt5	corpus	encode-core-hot	drop	E2	13	1098.98	18220	0
U-wire-ListTaskSummaryResponse-tasks-as-wt5	corpus	encode-core-hot	drop	R	14	1105.71	17967	0
U-wire-ListTaskSummaryResponse-tasks-as-wt5	corpus	encode-core-hot	drop	E2	14	1092.98	18220	0
U-wire-ListTaskSummaryResponse-tasks-as-wt5	corpus	encode-core-hot	drop	E	14	1081.06	18250	0
U-wire-ListTaskSummaryResponse-tasks-as-wt5	corpus	encode-core-hot	drop	E2	15	1087.14	18220	0
U-wire-ListTaskSummaryResponse-tasks-as-wt5	corpus	encode-core-hot	drop	E	15	1096.56	18250	0
U-wire-ListTaskSummaryResponse-tasks-as-wt5	corpus	encode-core-hot	drop	R	15	1099.23	17967	0
U-wire-ListTaskSummaryResponse-tasks-as-wt5	corpus	encode-core-hot	drop	E	16	1098.26	18250	0
U-wire-ListTaskSummaryResponse-tasks-as-wt5	corpus	encode-core-hot	drop	R	16	1090.72	17967	0
U-wire-ListTaskSummaryResponse-tasks-as-wt5	corpus	encode-core-hot	drop	E2	16	1089.32	18220	0
U-wire-ListTaskSummaryResponse-tasks-as-wt5	corpus	encode-core-hot	drop	R	17	1093.56	17967	0
U-wire-ListTaskSummaryResponse-tasks-as-wt5	corpus	encode-core-hot	drop	E2	17	1094.45	18220	0
U-wire-ListTaskSummaryResponse-tasks-as-wt5	corpus	encode-core-hot	drop	E	17	1071.48	18250	0
U-wire-ListTaskSummaryResponse-tasks-as-wt5	corpus	encode-core-hot	drop	E2	18	1096.08	18220	0
U-wire-ListTaskSummaryResponse-tasks-as-wt5	corpus	encode-core-hot	drop	E	18	1098.42	18250	0
U-wire-ListTaskSummaryResponse-tasks-as-wt5	corpus	encode-core-hot	drop	R	18	1106.61	17967	0
U-wire-ListTaskSummaryResponse-tasks-as-wt5	corpus	encode-core-hot	drop	E	19	1124.31	18250	0
U-wire-ListTaskSummaryResponse-tasks-as-wt5	corpus	encode-core-hot	drop	R	19	1109.84	17967	0
U-wire-ListTaskSummaryResponse-tasks-as-wt5	corpus	encode-core-hot	drop	E2	19	1099.75	18220	0
U-wire-ListTaskSummaryResponse-tasks-as-wt5	corpus	encode-core-hot	drop	R	20	1105.80	17967	0
U-wire-ListTaskSummaryResponse-tasks-as-wt5	corpus	encode-core-hot	drop	E2	20	1104.45	18220	0
U-wire-ListTaskSummaryResponse-tasks-as-wt5	corpus	encode-core-hot	drop	E	20	1103.25	18250	0
U-wire-ListTaskSummaryResponse-tasks-as-wt5	corpus	encode-core-hot	drop	E2	21	1094.30	18220	0
U-wire-ListTaskSummaryResponse-tasks-as-wt5	corpus	encode-core-hot	drop	E	21	1103.51	18250	0
U-wire-ListTaskSummaryResponse-tasks-as-wt5	corpus	encode-core-hot	drop	R	21	1102.54	17967	0
U-wire-ListTaskSummaryResponse-tasks-as-wt5	corpus	encode-core-hot	retain	E	1	1096.28	18495	0
U-wire-ListTaskSummaryResponse-tasks-as-wt5	corpus	encode-core-hot	retain	R	1	1126.93	18420	0
U-wire-ListTaskSummaryResponse-tasks-as-wt5	corpus	encode-core-hot	retain	E2	1	1115.51	17903	0
U-wire-ListTaskSummaryResponse-tasks-as-wt5	corpus	encode-core-hot	retain	R	2	1124.26	18420	0
U-wire-ListTaskSummaryResponse-tasks-as-wt5	corpus	encode-core-hot	retain	E2	2	1116.50	17903	0
U-wire-ListTaskSummaryResponse-tasks-as-wt5	corpus	encode-core-hot	retain	E	2	1111.95	18495	0
U-wire-ListTaskSummaryResponse-tasks-as-wt5	corpus	encode-core-hot	retain	E2	3	1119.20	17903	0
U-wire-ListTaskSummaryResponse-tasks-as-wt5	corpus	encode-core-hot	retain	E	3	1110.55	18495	0
U-wire-ListTaskSummaryResponse-tasks-as-wt5	corpus	encode-core-hot	retain	R	3	1119.45	18420	0
U-wire-ListTaskSummaryResponse-tasks-as-wt5	corpus	encode-core-hot	retain	E	4	1115.92	18495	0
U-wire-ListTaskSummaryResponse-tasks-as-wt5	corpus	encode-core-hot	retain	R	4	1131.53	18420	0
U-wire-ListTaskSummaryResponse-tasks-as-wt5	corpus	encode-core-hot	retain	E2	4	1122.81	17903	0
U-wire-ListTaskSummaryResponse-tasks-as-wt5	corpus	encode-core-hot	retain	R	5	1135.78	18420	0
U-wire-ListTaskSummaryResponse-tasks-as-wt5	corpus	encode-core-hot	retain	E2	5	1136.48	17903	0
U-wire-ListTaskSummaryResponse-tasks-as-wt5	corpus	encode-core-hot	retain	E	5	1120.37	18495	0
U-wire-ListTaskSummaryResponse-tasks-as-wt5	corpus	encode-core-hot	retain	E2	6	1107.61	17903	0
U-wire-ListTaskSummaryResponse-tasks-as-wt5	corpus	encode-core-hot	retain	E	6	1116.76	18495	0
U-wire-ListTaskSummaryResponse-tasks-as-wt5	corpus	encode-core-hot	retain	R	6	1121.20	18420	0
U-wire-ListTaskSummaryResponse-tasks-as-wt5	corpus	encode-core-hot	retain	E	7	1116.16	18495	0
U-wire-ListTaskSummaryResponse-tasks-as-wt5	corpus	encode-core-hot	retain	R	7	1128.65	18420	0
U-wire-ListTaskSummaryResponse-tasks-as-wt5	corpus	encode-core-hot	retain	E2	7	1118.41	17903	0
U-wire-ListTaskSummaryResponse-tasks-as-wt5	corpus	encode-core-hot	retain	R	8	1123.36	18420	0
U-wire-ListTaskSummaryResponse-tasks-as-wt5	corpus	encode-core-hot	retain	E2	8	1121.46	17903	0
U-wire-ListTaskSummaryResponse-tasks-as-wt5	corpus	encode-core-hot	retain	E	8	1123.11	18495	0
U-wire-ListTaskSummaryResponse-tasks-as-wt5	corpus	encode-core-hot	retain	E2	9	1114.84	17903	0
U-wire-ListTaskSummaryResponse-tasks-as-wt5	corpus	encode-core-hot	retain	E	9	1114.36	18495	0
U-wire-ListTaskSummaryResponse-tasks-as-wt5	corpus	encode-core-hot	retain	R	9	1140.88	18420	0
U-wire-ListTaskSummaryResponse-tasks-as-wt5	corpus	encode-core-hot	retain	E	10	1122.70	18495	0
U-wire-ListTaskSummaryResponse-tasks-as-wt5	corpus	encode-core-hot	retain	R	10	1150.83	18420	0
U-wire-ListTaskSummaryResponse-tasks-as-wt5	corpus	encode-core-hot	retain	E2	10	1126.21	17903	0
U-wire-ListTaskSummaryResponse-tasks-as-wt5	corpus	encode-core-hot	retain	R	11	1136.59	18420	0
U-wire-ListTaskSummaryResponse-tasks-as-wt5	corpus	encode-core-hot	retain	E2	11	1129.91	17903	0
U-wire-ListTaskSummaryResponse-tasks-as-wt5	corpus	encode-core-hot	retain	E	11	1104.81	18495	0
U-wire-ListTaskSummaryResponse-tasks-as-wt5	corpus	encode-core-hot	retain	E2	12	1124.07	17903	0
U-wire-ListTaskSummaryResponse-tasks-as-wt5	corpus	encode-core-hot	retain	E	12	1103.98	18495	0
U-wire-ListTaskSummaryResponse-tasks-as-wt5	corpus	encode-core-hot	retain	R	12	1137.52	18420	0
U-wire-ListTaskSummaryResponse-tasks-as-wt5	corpus	encode-core-hot	retain	E	13	1130.25	18495	0
U-wire-ListTaskSummaryResponse-tasks-as-wt5	corpus	encode-core-hot	retain	R	13	1118.72	18420	0
U-wire-ListTaskSummaryResponse-tasks-as-wt5	corpus	encode-core-hot	retain	E2	13	1116.06	17903	0
U-wire-ListTaskSummaryResponse-tasks-as-wt5	corpus	encode-core-hot	retain	R	14	1123.37	18420	0
U-wire-ListTaskSummaryResponse-tasks-as-wt5	corpus	encode-core-hot	retain	E2	14	1123.29	17903	0
U-wire-ListTaskSummaryResponse-tasks-as-wt5	corpus	encode-core-hot	retain	E	14	1127.50	18495	0
U-wire-ListTaskSummaryResponse-tasks-as-wt5	corpus	encode-core-hot	retain	E2	15	1095.59	17903	0
U-wire-ListTaskSummaryResponse-tasks-as-wt5	corpus	encode-core-hot	retain	E	15	1111.06	18495	0
U-wire-ListTaskSummaryResponse-tasks-as-wt5	corpus	encode-core-hot	retain	R	15	1127.13	18420	0
U-wire-ListTaskSummaryResponse-tasks-as-wt5	corpus	encode-core-hot	retain	E	16	1123.36	18495	0
U-wire-ListTaskSummaryResponse-tasks-as-wt5	corpus	encode-core-hot	retain	R	16	1135.96	18420	0
U-wire-ListTaskSummaryResponse-tasks-as-wt5	corpus	encode-core-hot	retain	E2	16	1122.95	17903	0
U-wire-ListTaskSummaryResponse-tasks-as-wt5	corpus	encode-core-hot	retain	R	17	1128.97	18420	0
U-wire-ListTaskSummaryResponse-tasks-as-wt5	corpus	encode-core-hot	retain	E2	17	1122.41	17903	0
U-wire-ListTaskSummaryResponse-tasks-as-wt5	corpus	encode-core-hot	retain	E	17	1111.35	18495	0
U-wire-ListTaskSummaryResponse-tasks-as-wt5	corpus	encode-core-hot	retain	E2	18	1119.86	17903	0
U-wire-ListTaskSummaryResponse-tasks-as-wt5	corpus	encode-core-hot	retain	E	18	1112.62	18495	0
U-wire-ListTaskSummaryResponse-tasks-as-wt5	corpus	encode-core-hot	retain	R	18	1117.04	18420	0
U-wire-ListTaskSummaryResponse-tasks-as-wt5	corpus	encode-core-hot	retain	E	19	1118.31	18495	0
U-wire-ListTaskSummaryResponse-tasks-as-wt5	corpus	encode-core-hot	retain	R	19	1144.29	18420	0
U-wire-ListTaskSummaryResponse-tasks-as-wt5	corpus	encode-core-hot	retain	E2	19	1154.02	17903	0
U-wire-ListTaskSummaryResponse-tasks-as-wt5	corpus	encode-core-hot	retain	R	20	1165.75	18420	0
U-wire-ListTaskSummaryResponse-tasks-as-wt5	corpus	encode-core-hot	retain	E2	20	1149.93	17903	0
U-wire-ListTaskSummaryResponse-tasks-as-wt5	corpus	encode-core-hot	retain	E	20	1132.51	18495	0
U-wire-ListTaskSummaryResponse-tasks-as-wt5	corpus	encode-core-hot	retain	E2	21	1123.27	17903	0
U-wire-ListTaskSummaryResponse-tasks-as-wt5	corpus	encode-core-hot	retain	E	21	1121.01	18495	0
U-wire-ListTaskSummaryResponse-tasks-as-wt5	corpus	encode-core-hot	retain	R	21	1128.56	18420	0
U-wire-UploadResultDataMessage-upload-as-wt5	corpus	decode-read	drop	E	1	187.50	117691	1
U-wire-UploadResultDataMessage-upload-as-wt5	corpus	decode-read	drop	R	1	171.14	118984	0
U-wire-UploadResultDataMessage-upload-as-wt5	corpus	decode-read	drop	E2	1	172.15	118946	1
U-wire-UploadResultDataMessage-upload-as-wt5	corpus	decode-read	drop	R	2	168.18	118984	0
U-wire-UploadResultDataMessage-upload-as-wt5	corpus	decode-read	drop	E2	2	168.65	118946	1
U-wire-UploadResultDataMessage-upload-as-wt5	corpus	decode-read	drop	E	2	172.58	117691	1
U-wire-UploadResultDataMessage-upload-as-wt5	corpus	decode-read	drop	E2	3	177.54	118946	1
U-wire-UploadResultDataMessage-upload-as-wt5	corpus	decode-read	drop	E	3	171.12	117691	1
U-wire-UploadResultDataMessage-upload-as-wt5	corpus	decode-read	drop	R	3	165.86	118984	0
U-wire-UploadResultDataMessage-upload-as-wt5	corpus	decode-read	drop	E	4	168.04	117691	1
U-wire-UploadResultDataMessage-upload-as-wt5	corpus	decode-read	drop	R	4	165.65	118984	0
U-wire-UploadResultDataMessage-upload-as-wt5	corpus	decode-read	drop	E2	4	168.27	118946	1
U-wire-UploadResultDataMessage-upload-as-wt5	corpus	decode-read	drop	R	5	163.65	118984	0
U-wire-UploadResultDataMessage-upload-as-wt5	corpus	decode-read	drop	E2	5	173.01	118946	1
U-wire-UploadResultDataMessage-upload-as-wt5	corpus	decode-read	drop	E	5	173.50	117691	1
U-wire-UploadResultDataMessage-upload-as-wt5	corpus	decode-read	drop	E2	6	170.09	118946	1
U-wire-UploadResultDataMessage-upload-as-wt5	corpus	decode-read	drop	E	6	168.32	117691	1
U-wire-UploadResultDataMessage-upload-as-wt5	corpus	decode-read	drop	R	6	172.14	118984	0
U-wire-UploadResultDataMessage-upload-as-wt5	corpus	decode-read	drop	E	7	174.88	117691	1
U-wire-UploadResultDataMessage-upload-as-wt5	corpus	decode-read	drop	R	7	176.13	118984	0
U-wire-UploadResultDataMessage-upload-as-wt5	corpus	decode-read	drop	E2	7	172.06	118946	1
U-wire-UploadResultDataMessage-upload-as-wt5	corpus	decode-read	drop	R	8	165.24	118984	0
U-wire-UploadResultDataMessage-upload-as-wt5	corpus	decode-read	drop	E2	8	171.90	118946	1
U-wire-UploadResultDataMessage-upload-as-wt5	corpus	decode-read	drop	E	8	171.73	117691	1
U-wire-UploadResultDataMessage-upload-as-wt5	corpus	decode-read	drop	E2	9	172.09	118946	1
U-wire-UploadResultDataMessage-upload-as-wt5	corpus	decode-read	drop	E	9	180.10	117691	1
U-wire-UploadResultDataMessage-upload-as-wt5	corpus	decode-read	drop	R	9	164.92	118984	0
U-wire-UploadResultDataMessage-upload-as-wt5	corpus	decode-read	drop	E	10	170.35	117691	1
U-wire-UploadResultDataMessage-upload-as-wt5	corpus	decode-read	drop	R	10	164.24	118984	0
U-wire-UploadResultDataMessage-upload-as-wt5	corpus	decode-read	drop	E2	10	172.80	118946	1
U-wire-UploadResultDataMessage-upload-as-wt5	corpus	decode-read	drop	R	11	164.98	118984	0
U-wire-UploadResultDataMessage-upload-as-wt5	corpus	decode-read	drop	E2	11	168.12	118946	1
U-wire-UploadResultDataMessage-upload-as-wt5	corpus	decode-read	drop	E	11	173.79	117691	1
U-wire-UploadResultDataMessage-upload-as-wt5	corpus	decode-read	drop	E2	12	167.98	118946	1
U-wire-UploadResultDataMessage-upload-as-wt5	corpus	decode-read	drop	E	12	170.18	117691	1
U-wire-UploadResultDataMessage-upload-as-wt5	corpus	decode-read	drop	R	12	166.52	118984	0
U-wire-UploadResultDataMessage-upload-as-wt5	corpus	decode-read	drop	E	13	172.71	117691	1
U-wire-UploadResultDataMessage-upload-as-wt5	corpus	decode-read	drop	R	13	164.88	118984	0
U-wire-UploadResultDataMessage-upload-as-wt5	corpus	decode-read	drop	E2	13	171.18	118946	1
U-wire-UploadResultDataMessage-upload-as-wt5	corpus	decode-read	drop	R	14	168.07	118984	0
U-wire-UploadResultDataMessage-upload-as-wt5	corpus	decode-read	drop	E2	14	176.74	118946	1
U-wire-UploadResultDataMessage-upload-as-wt5	corpus	decode-read	drop	E	14	171.05	117691	1
U-wire-UploadResultDataMessage-upload-as-wt5	corpus	decode-read	drop	E2	15	172.12	118946	1
U-wire-UploadResultDataMessage-upload-as-wt5	corpus	decode-read	drop	E	15	175.55	117691	1
U-wire-UploadResultDataMessage-upload-as-wt5	corpus	decode-read	drop	R	15	165.09	118984	0
U-wire-UploadResultDataMessage-upload-as-wt5	corpus	decode-read	drop	E	16	175.45	117691	1
U-wire-UploadResultDataMessage-upload-as-wt5	corpus	decode-read	drop	R	16	165.37	118984	0
U-wire-UploadResultDataMessage-upload-as-wt5	corpus	decode-read	drop	E2	16	171.24	118946	1
U-wire-UploadResultDataMessage-upload-as-wt5	corpus	decode-read	drop	R	17	163.08	118984	0
U-wire-UploadResultDataMessage-upload-as-wt5	corpus	decode-read	drop	E2	17	171.71	118946	1
U-wire-UploadResultDataMessage-upload-as-wt5	corpus	decode-read	drop	E	17	169.55	117691	1
U-wire-UploadResultDataMessage-upload-as-wt5	corpus	decode-read	drop	E2	18	171.57	118946	1
U-wire-UploadResultDataMessage-upload-as-wt5	corpus	decode-read	drop	E	18	170.11	117691	1
U-wire-UploadResultDataMessage-upload-as-wt5	corpus	decode-read	drop	R	18	174.40	118984	0
U-wire-UploadResultDataMessage-upload-as-wt5	corpus	decode-read	drop	E	19	182.33	117691	1
U-wire-UploadResultDataMessage-upload-as-wt5	corpus	decode-read	drop	R	19	163.90	118984	0
U-wire-UploadResultDataMessage-upload-as-wt5	corpus	decode-read	drop	E2	19	174.02	118946	1
U-wire-UploadResultDataMessage-upload-as-wt5	corpus	decode-read	drop	R	20	166.91	118984	0
U-wire-UploadResultDataMessage-upload-as-wt5	corpus	decode-read	drop	E2	20	173.77	118946	1
U-wire-UploadResultDataMessage-upload-as-wt5	corpus	decode-read	drop	E	20	177.75	117691	1
U-wire-UploadResultDataMessage-upload-as-wt5	corpus	decode-read	drop	E2	21	173.94	118946	1
U-wire-UploadResultDataMessage-upload-as-wt5	corpus	decode-read	drop	E	21	170.96	117691	1
U-wire-UploadResultDataMessage-upload-as-wt5	corpus	decode-read	drop	R	21	168.41	118984	0
U-wire-UploadResultDataMessage-upload-as-wt5	corpus	decode-read	retain	E	1	214.91	92102	1
U-wire-UploadResultDataMessage-upload-as-wt5	corpus	decode-read	retain	R	1	206.36	95947	0
U-wire-UploadResultDataMessage-upload-as-wt5	corpus	decode-read	retain	E2	1	215.05	93164	1
U-wire-UploadResultDataMessage-upload-as-wt5	corpus	decode-read	retain	R	2	206.35	95947	0
U-wire-UploadResultDataMessage-upload-as-wt5	corpus	decode-read	retain	E2	2	219.87	93164	1
U-wire-UploadResultDataMessage-upload-as-wt5	corpus	decode-read	retain	E	2	216.46	92102	1
U-wire-UploadResultDataMessage-upload-as-wt5	corpus	decode-read	retain	E2	3	215.70	93164	1
U-wire-UploadResultDataMessage-upload-as-wt5	corpus	decode-read	retain	E	3	215.20	92102	1
U-wire-UploadResultDataMessage-upload-as-wt5	corpus	decode-read	retain	R	3	207.31	95947	0
U-wire-UploadResultDataMessage-upload-as-wt5	corpus	decode-read	retain	E	4	214.29	92102	1
U-wire-UploadResultDataMessage-upload-as-wt5	corpus	decode-read	retain	R	4	205.63	95947	0
U-wire-UploadResultDataMessage-upload-as-wt5	corpus	decode-read	retain	E2	4	213.80	93164	1
U-wire-UploadResultDataMessage-upload-as-wt5	corpus	decode-read	retain	R	5	206.62	95947	0
U-wire-UploadResultDataMessage-upload-as-wt5	corpus	decode-read	retain	E2	5	215.39	93164	1
U-wire-UploadResultDataMessage-upload-as-wt5	corpus	decode-read	retain	E	5	211.02	92102	1
U-wire-UploadResultDataMessage-upload-as-wt5	corpus	decode-read	retain	E2	6	215.00	93164	1
U-wire-UploadResultDataMessage-upload-as-wt5	corpus	decode-read	retain	E	6	217.07	92102	1
U-wire-UploadResultDataMessage-upload-as-wt5	corpus	decode-read	retain	R	6	211.59	95947	0
U-wire-UploadResultDataMessage-upload-as-wt5	corpus	decode-read	retain	E	7	215.85	92102	1
U-wire-UploadResultDataMessage-upload-as-wt5	corpus	decode-read	retain	R	7	211.14	95947	0
U-wire-UploadResultDataMessage-upload-as-wt5	corpus	decode-read	retain	E2	7	215.71	93164	1
U-wire-UploadResultDataMessage-upload-as-wt5	corpus	decode-read	retain	R	8	211.29	95947	0
U-wire-UploadResultDataMessage-upload-as-wt5	corpus	decode-read	retain	E2	8	218.14	93164	1
U-wire-UploadResultDataMessage-upload-as-wt5	corpus	decode-read	retain	E	8	214.20	92102	1
U-wire-UploadResultDataMessage-upload-as-wt5	corpus	decode-read	retain	E2	9	214.32	93164	1
U-wire-UploadResultDataMessage-upload-as-wt5	corpus	decode-read	retain	E	9	218.31	92102	1
U-wire-UploadResultDataMessage-upload-as-wt5	corpus	decode-read	retain	R	9	205.44	95947	0
U-wire-UploadResultDataMessage-upload-as-wt5	corpus	decode-read	retain	E	10	216.91	92102	1
U-wire-UploadResultDataMessage-upload-as-wt5	corpus	decode-read	retain	R	10	209.17	95947	0
U-wire-UploadResultDataMessage-upload-as-wt5	corpus	decode-read	retain	E2	10	219.68	93164	1
U-wire-UploadResultDataMessage-upload-as-wt5	corpus	decode-read	retain	R	11	211.17	95947	0
U-wire-UploadResultDataMessage-upload-as-wt5	corpus	decode-read	retain	E2	11	213.29	93164	1
U-wire-UploadResultDataMessage-upload-as-wt5	corpus	decode-read	retain	E	11	218.93	92102	1
U-wire-UploadResultDataMessage-upload-as-wt5	corpus	decode-read	retain	E2	12	213.12	93164	1
U-wire-UploadResultDataMessage-upload-as-wt5	corpus	decode-read	retain	E	12	210.50	92102	1
U-wire-UploadResultDataMessage-upload-as-wt5	corpus	decode-read	retain	R	12	206.63	95947	0
U-wire-UploadResultDataMessage-upload-as-wt5	corpus	decode-read	retain	E	13	215.32	92102	1
U-wire-UploadResultDataMessage-upload-as-wt5	corpus	decode-read	retain	R	13	210.49	95947	0
U-wire-UploadResultDataMessage-upload-as-wt5	corpus	decode-read	retain	E2	13	218.04	93164	1
U-wire-UploadResultDataMessage-upload-as-wt5	corpus	decode-read	retain	R	14	207.98	95947	0
U-wire-UploadResultDataMessage-upload-as-wt5	corpus	decode-read	retain	E2	14	219.08	93164	1
U-wire-UploadResultDataMessage-upload-as-wt5	corpus	decode-read	retain	E	14	215.05	92102	1
U-wire-UploadResultDataMessage-upload-as-wt5	corpus	decode-read	retain	E2	15	217.31	93164	1
U-wire-UploadResultDataMessage-upload-as-wt5	corpus	decode-read	retain	E	15	210.49	92102	1
U-wire-UploadResultDataMessage-upload-as-wt5	corpus	decode-read	retain	R	15	222.81	95947	0
U-wire-UploadResultDataMessage-upload-as-wt5	corpus	decode-read	retain	E	16	218.54	92102	1
U-wire-UploadResultDataMessage-upload-as-wt5	corpus	decode-read	retain	R	16	216.88	95947	0
U-wire-UploadResultDataMessage-upload-as-wt5	corpus	decode-read	retain	E2	16	217.06	93164	1
U-wire-UploadResultDataMessage-upload-as-wt5	corpus	decode-read	retain	R	17	209.44	95947	0
U-wire-UploadResultDataMessage-upload-as-wt5	corpus	decode-read	retain	E2	17	217.09	93164	1
U-wire-UploadResultDataMessage-upload-as-wt5	corpus	decode-read	retain	E	17	215.48	92102	1
U-wire-UploadResultDataMessage-upload-as-wt5	corpus	decode-read	retain	E2	18	217.19	93164	1
U-wire-UploadResultDataMessage-upload-as-wt5	corpus	decode-read	retain	E	18	232.48	92102	1
U-wire-UploadResultDataMessage-upload-as-wt5	corpus	decode-read	retain	R	18	224.28	95947	0
U-wire-UploadResultDataMessage-upload-as-wt5	corpus	decode-read	retain	E	19	230.81	92102	1
U-wire-UploadResultDataMessage-upload-as-wt5	corpus	decode-read	retain	R	19	224.96	95947	0
U-wire-UploadResultDataMessage-upload-as-wt5	corpus	decode-read	retain	E2	19	224.71	93164	1
U-wire-UploadResultDataMessage-upload-as-wt5	corpus	decode-read	retain	R	20	220.18	95947	0
U-wire-UploadResultDataMessage-upload-as-wt5	corpus	decode-read	retain	E2	20	223.90	93164	1
U-wire-UploadResultDataMessage-upload-as-wt5	corpus	decode-read	retain	E	20	223.01	92102	1
U-wire-UploadResultDataMessage-upload-as-wt5	corpus	decode-read	retain	E2	21	215.62	93164	1
U-wire-UploadResultDataMessage-upload-as-wt5	corpus	decode-read	retain	E	21	228.41	92102	1
U-wire-UploadResultDataMessage-upload-as-wt5	corpus	decode-read	retain	R	21	245.56	95947	0
U-wire-UploadResultDataMessage-upload-as-wt5	corpus	encode-core-hot	drop	E	1	99.08	200700	0
U-wire-UploadResultDataMessage-upload-as-wt5	corpus	encode-core-hot	drop	R	1	99.61	207459	0
U-wire-UploadResultDataMessage-upload-as-wt5	corpus	encode-core-hot	drop	E2	1	100.03	210183	0
U-wire-UploadResultDataMessage-upload-as-wt5	corpus	encode-core-hot	drop	R	2	99.05	207459	0
U-wire-UploadResultDataMessage-upload-as-wt5	corpus	encode-core-hot	drop	E2	2	98.66	210183	0
U-wire-UploadResultDataMessage-upload-as-wt5	corpus	encode-core-hot	drop	E	2	99.19	200700	0
U-wire-UploadResultDataMessage-upload-as-wt5	corpus	encode-core-hot	drop	E2	3	98.92	210183	0
U-wire-UploadResultDataMessage-upload-as-wt5	corpus	encode-core-hot	drop	E	3	97.35	200700	0
U-wire-UploadResultDataMessage-upload-as-wt5	corpus	encode-core-hot	drop	R	3	97.94	207459	0
U-wire-UploadResultDataMessage-upload-as-wt5	corpus	encode-core-hot	drop	E	4	97.34	200700	0
U-wire-UploadResultDataMessage-upload-as-wt5	corpus	encode-core-hot	drop	R	4	95.76	207459	0
U-wire-UploadResultDataMessage-upload-as-wt5	corpus	encode-core-hot	drop	E2	4	98.58	210183	0
U-wire-UploadResultDataMessage-upload-as-wt5	corpus	encode-core-hot	drop	R	5	97.03	207459	0
U-wire-UploadResultDataMessage-upload-as-wt5	corpus	encode-core-hot	drop	E2	5	97.04	210183	0
U-wire-UploadResultDataMessage-upload-as-wt5	corpus	encode-core-hot	drop	E	5	96.25	200700	0
U-wire-UploadResultDataMessage-upload-as-wt5	corpus	encode-core-hot	drop	E2	6	98.57	210183	0
U-wire-UploadResultDataMessage-upload-as-wt5	corpus	encode-core-hot	drop	E	6	97.75	200700	0
U-wire-UploadResultDataMessage-upload-as-wt5	corpus	encode-core-hot	drop	R	6	99.74	207459	0
U-wire-UploadResultDataMessage-upload-as-wt5	corpus	encode-core-hot	drop	E	7	96.67	200700	0
U-wire-UploadResultDataMessage-upload-as-wt5	corpus	encode-core-hot	drop	R	7	95.91	207459	0
U-wire-UploadResultDataMessage-upload-as-wt5	corpus	encode-core-hot	drop	E2	7	97.19	210183	0
U-wire-UploadResultDataMessage-upload-as-wt5	corpus	encode-core-hot	drop	R	8	96.61	207459	0
U-wire-UploadResultDataMessage-upload-as-wt5	corpus	encode-core-hot	drop	E2	8	96.96	210183	0
U-wire-UploadResultDataMessage-upload-as-wt5	corpus	encode-core-hot	drop	E	8	96.58	200700	0
U-wire-UploadResultDataMessage-upload-as-wt5	corpus	encode-core-hot	drop	E2	9	98.81	210183	0
U-wire-UploadResultDataMessage-upload-as-wt5	corpus	encode-core-hot	drop	E	9	97.95	200700	0
U-wire-UploadResultDataMessage-upload-as-wt5	corpus	encode-core-hot	drop	R	9	95.78	207459	0
U-wire-UploadResultDataMessage-upload-as-wt5	corpus	encode-core-hot	drop	E	10	96.76	200700	0
U-wire-UploadResultDataMessage-upload-as-wt5	corpus	encode-core-hot	drop	R	10	96.88	207459	0
U-wire-UploadResultDataMessage-upload-as-wt5	corpus	encode-core-hot	drop	E2	10	96.71	210183	0
U-wire-UploadResultDataMessage-upload-as-wt5	corpus	encode-core-hot	drop	R	11	95.91	207459	0
U-wire-UploadResultDataMessage-upload-as-wt5	corpus	encode-core-hot	drop	E2	11	96.93	210183	0
U-wire-UploadResultDataMessage-upload-as-wt5	corpus	encode-core-hot	drop	E	11	97.43	200700	0
U-wire-UploadResultDataMessage-upload-as-wt5	corpus	encode-core-hot	drop	E2	12	96.46	210183	0
U-wire-UploadResultDataMessage-upload-as-wt5	corpus	encode-core-hot	drop	E	12	97.12	200700	0
U-wire-UploadResultDataMessage-upload-as-wt5	corpus	encode-core-hot	drop	R	12	95.91	207459	0
U-wire-UploadResultDataMessage-upload-as-wt5	corpus	encode-core-hot	drop	E	13	96.14	200700	0
U-wire-UploadResultDataMessage-upload-as-wt5	corpus	encode-core-hot	drop	R	13	94.99	207459	0
U-wire-UploadResultDataMessage-upload-as-wt5	corpus	encode-core-hot	drop	E2	13	97.10	210183	0
U-wire-UploadResultDataMessage-upload-as-wt5	corpus	encode-core-hot	drop	R	14	98.01	207459	0
U-wire-UploadResultDataMessage-upload-as-wt5	corpus	encode-core-hot	drop	E2	14	103.84	210183	0
U-wire-UploadResultDataMessage-upload-as-wt5	corpus	encode-core-hot	drop	E	14	99.37	200700	0
U-wire-UploadResultDataMessage-upload-as-wt5	corpus	encode-core-hot	drop	E2	15	96.53	210183	0
U-wire-UploadResultDataMessage-upload-as-wt5	corpus	encode-core-hot	drop	E	15	96.84	200700	0
U-wire-UploadResultDataMessage-upload-as-wt5	corpus	encode-core-hot	drop	R	15	95.66	207459	0
U-wire-UploadResultDataMessage-upload-as-wt5	corpus	encode-core-hot	drop	E	16	95.88	200700	0
U-wire-UploadResultDataMessage-upload-as-wt5	corpus	encode-core-hot	drop	R	16	95.66	207459	0
U-wire-UploadResultDataMessage-upload-as-wt5	corpus	encode-core-hot	drop	E2	16	98.82	210183	0
U-wire-UploadResultDataMessage-upload-as-wt5	corpus	encode-core-hot	drop	R	17	96.90	207459	0
U-wire-UploadResultDataMessage-upload-as-wt5	corpus	encode-core-hot	drop	E2	17	99.92	210183	0
U-wire-UploadResultDataMessage-upload-as-wt5	corpus	encode-core-hot	drop	E	17	98.02	200700	0
U-wire-UploadResultDataMessage-upload-as-wt5	corpus	encode-core-hot	drop	E2	18	94.80	210183	0
U-wire-UploadResultDataMessage-upload-as-wt5	corpus	encode-core-hot	drop	E	18	98.64	200700	0
U-wire-UploadResultDataMessage-upload-as-wt5	corpus	encode-core-hot	drop	R	18	97.97	207459	0
U-wire-UploadResultDataMessage-upload-as-wt5	corpus	encode-core-hot	drop	E	19	101.16	200700	0
U-wire-UploadResultDataMessage-upload-as-wt5	corpus	encode-core-hot	drop	R	19	100.33	207459	0
U-wire-UploadResultDataMessage-upload-as-wt5	corpus	encode-core-hot	drop	E2	19	99.69	210183	0
U-wire-UploadResultDataMessage-upload-as-wt5	corpus	encode-core-hot	drop	R	20	96.84	207459	0
U-wire-UploadResultDataMessage-upload-as-wt5	corpus	encode-core-hot	drop	E2	20	100.04	210183	0
U-wire-UploadResultDataMessage-upload-as-wt5	corpus	encode-core-hot	drop	E	20	100.53	200700	0
U-wire-UploadResultDataMessage-upload-as-wt5	corpus	encode-core-hot	drop	E2	21	99.56	210183	0
U-wire-UploadResultDataMessage-upload-as-wt5	corpus	encode-core-hot	drop	E	21	98.86	200700	0
U-wire-UploadResultDataMessage-upload-as-wt5	corpus	encode-core-hot	drop	R	21	98.22	207459	0
U-wire-UploadResultDataMessage-upload-as-wt5	corpus	encode-core-hot	retain	E	1	111.92	186984	0
U-wire-UploadResultDataMessage-upload-as-wt5	corpus	encode-core-hot	retain	R	1	108.68	192995	0
U-wire-UploadResultDataMessage-upload-as-wt5	corpus	encode-core-hot	retain	E2	1	112.90	173506	0
U-wire-UploadResultDataMessage-upload-as-wt5	corpus	encode-core-hot	retain	R	2	109.33	192995	0
U-wire-UploadResultDataMessage-upload-as-wt5	corpus	encode-core-hot	retain	E2	2	110.92	173506	0
U-wire-UploadResultDataMessage-upload-as-wt5	corpus	encode-core-hot	retain	E	2	108.48	186984	0
U-wire-UploadResultDataMessage-upload-as-wt5	corpus	encode-core-hot	retain	E2	3	109.89	173506	0
U-wire-UploadResultDataMessage-upload-as-wt5	corpus	encode-core-hot	retain	E	3	113.11	186984	0
U-wire-UploadResultDataMessage-upload-as-wt5	corpus	encode-core-hot	retain	R	3	107.97	192995	0
U-wire-UploadResultDataMessage-upload-as-wt5	corpus	encode-core-hot	retain	E	4	110.46	186984	0
U-wire-UploadResultDataMessage-upload-as-wt5	corpus	encode-core-hot	retain	R	4	109.07	192995	0
U-wire-UploadResultDataMessage-upload-as-wt5	corpus	encode-core-hot	retain	E2	4	108.28	173506	0
U-wire-UploadResultDataMessage-upload-as-wt5	corpus	encode-core-hot	retain	R	5	105.25	192995	0
U-wire-UploadResultDataMessage-upload-as-wt5	corpus	encode-core-hot	retain	E2	5	109.50	173506	0
U-wire-UploadResultDataMessage-upload-as-wt5	corpus	encode-core-hot	retain	E	5	105.44	186984	0
U-wire-UploadResultDataMessage-upload-as-wt5	corpus	encode-core-hot	retain	E2	6	107.38	173506	0
U-wire-UploadResultDataMessage-upload-as-wt5	corpus	encode-core-hot	retain	E	6	107.98	186984	0
U-wire-UploadResultDataMessage-upload-as-wt5	corpus	encode-core-hot	retain	R	6	104.79	192995	0
U-wire-UploadResultDataMessage-upload-as-wt5	corpus	encode-core-hot	retain	E	7	108.11	186984	0
U-wire-UploadResultDataMessage-upload-as-wt5	corpus	encode-core-hot	retain	R	7	103.41	192995	0
U-wire-UploadResultDataMessage-upload-as-wt5	corpus	encode-core-hot	retain	E2	7	106.47	173506	0
U-wire-UploadResultDataMessage-upload-as-wt5	corpus	encode-core-hot	retain	R	8	104.55	192995	0
U-wire-UploadResultDataMessage-upload-as-wt5	corpus	encode-core-hot	retain	E2	8	107.67	173506	0
U-wire-UploadResultDataMessage-upload-as-wt5	corpus	encode-core-hot	retain	E	8	108.81	186984	0
U-wire-UploadResultDataMessage-upload-as-wt5	corpus	encode-core-hot	retain	E2	9	105.87	173506	0
U-wire-UploadResultDataMessage-upload-as-wt5	corpus	encode-core-hot	retain	E	9	110.32	186984	0
U-wire-UploadResultDataMessage-upload-as-wt5	corpus	encode-core-hot	retain	R	9	107.74	192995	0
U-wire-UploadResultDataMessage-upload-as-wt5	corpus	encode-core-hot	retain	E	10	105.96	186984	0
U-wire-UploadResultDataMessage-upload-as-wt5	corpus	encode-core-hot	retain	R	10	105.72	192995	0
U-wire-UploadResultDataMessage-upload-as-wt5	corpus	encode-core-hot	retain	E2	10	110.27	173506	0
U-wire-UploadResultDataMessage-upload-as-wt5	corpus	encode-core-hot	retain	R	11	104.21	192995	0
U-wire-UploadResultDataMessage-upload-as-wt5	corpus	encode-core-hot	retain	E2	11	106.46	173506	0
U-wire-UploadResultDataMessage-upload-as-wt5	corpus	encode-core-hot	retain	E	11	108.36	186984	0
U-wire-UploadResultDataMessage-upload-as-wt5	corpus	encode-core-hot	retain	E2	12	106.33	173506	0
U-wire-UploadResultDataMessage-upload-as-wt5	corpus	encode-core-hot	retain	E	12	108.75	186984	0
U-wire-UploadResultDataMessage-upload-as-wt5	corpus	encode-core-hot	retain	R	12	109.66	192995	0
U-wire-UploadResultDataMessage-upload-as-wt5	corpus	encode-core-hot	retain	E	13	111.22	186984	0
U-wire-UploadResultDataMessage-upload-as-wt5	corpus	encode-core-hot	retain	R	13	106.06	192995	0
U-wire-UploadResultDataMessage-upload-as-wt5	corpus	encode-core-hot	retain	E2	13	108.27	173506	0
U-wire-UploadResultDataMessage-upload-as-wt5	corpus	encode-core-hot	retain	R	14	104.25	192995	0
U-wire-UploadResultDataMessage-upload-as-wt5	corpus	encode-core-hot	retain	E2	14	108.16	173506	0
U-wire-UploadResultDataMessage-upload-as-wt5	corpus	encode-core-hot	retain	E	14	107.57	186984	0
U-wire-UploadResultDataMessage-upload-as-wt5	corpus	encode-core-hot	retain	E2	15	107.24	173506	0
U-wire-UploadResultDataMessage-upload-as-wt5	corpus	encode-core-hot	retain	E	15	111.38	186984	0
U-wire-UploadResultDataMessage-upload-as-wt5	corpus	encode-core-hot	retain	R	15	107.15	192995	0
U-wire-UploadResultDataMessage-upload-as-wt5	corpus	encode-core-hot	retain	E	16	109.60	186984	0
U-wire-UploadResultDataMessage-upload-as-wt5	corpus	encode-core-hot	retain	R	16	103.57	192995	0
U-wire-UploadResultDataMessage-upload-as-wt5	corpus	encode-core-hot	retain	E2	16	107.77	173506	0
U-wire-UploadResultDataMessage-upload-as-wt5	corpus	encode-core-hot	retain	R	17	105.29	192995	0
U-wire-UploadResultDataMessage-upload-as-wt5	corpus	encode-core-hot	retain	E2	17	106.02	173506	0
U-wire-UploadResultDataMessage-upload-as-wt5	corpus	encode-core-hot	retain	E	17	107.06	186984	0
U-wire-UploadResultDataMessage-upload-as-wt5	corpus	encode-core-hot	retain	E2	18	105.56	173506	0
U-wire-UploadResultDataMessage-upload-as-wt5	corpus	encode-core-hot	retain	E	18	106.31	186984	0
U-wire-UploadResultDataMessage-upload-as-wt5	corpus	encode-core-hot	retain	R	18	103.52	192995	0
U-wire-UploadResultDataMessage-upload-as-wt5	corpus	encode-core-hot	retain	E	19	105.44	186984	0
U-wire-UploadResultDataMessage-upload-as-wt5	corpus	encode-core-hot	retain	R	19	104.44	192995	0
U-wire-UploadResultDataMessage-upload-as-wt5	corpus	encode-core-hot	retain	E2	19	106.75	173506	0
U-wire-UploadResultDataMessage-upload-as-wt5	corpus	encode-core-hot	retain	R	20	104.84	192995	0
U-wire-UploadResultDataMessage-upload-as-wt5	corpus	encode-core-hot	retain	E2	20	107.33	173506	0
U-wire-UploadResultDataMessage-upload-as-wt5	corpus	encode-core-hot	retain	E	20	111.31	186984	0
U-wire-UploadResultDataMessage-upload-as-wt5	corpus	encode-core-hot	retain	E2	21	106.93	173506	0
U-wire-UploadResultDataMessage-upload-as-wt5	corpus	encode-core-hot	retain	E	21	107.10	186984	0
U-wire-UploadResultDataMessage-upload-as-wt5	corpus	encode-core-hot	retain	R	21	104.15	192995	0
U-wire-ListMetricsResponse-batches-as-wt0	corpus	decode-read	drop	E	1	2147.91	6112	1
U-wire-ListMetricsResponse-batches-as-wt0	corpus	decode-read	drop	R	1	2166.55	9451	0
U-wire-ListMetricsResponse-batches-as-wt0	corpus	decode-read	drop	E2	1	2221.36	4623	1
U-wire-ListMetricsResponse-batches-as-wt0	corpus	decode-read	drop	R	2	2181.29	9451	0
U-wire-ListMetricsResponse-batches-as-wt0	corpus	decode-read	drop	E2	2	2177.08	4623	1
U-wire-ListMetricsResponse-batches-as-wt0	corpus	decode-read	drop	E	2	2163.63	6112	1
U-wire-ListMetricsResponse-batches-as-wt0	corpus	decode-read	drop	E2	3	2173.91	4623	1
U-wire-ListMetricsResponse-batches-as-wt0	corpus	decode-read	drop	E	3	2115.69	6112	1
U-wire-ListMetricsResponse-batches-as-wt0	corpus	decode-read	drop	R	3	2138.65	9451	0
U-wire-ListMetricsResponse-batches-as-wt0	corpus	decode-read	drop	E	4	2205.93	6112	1
U-wire-ListMetricsResponse-batches-as-wt0	corpus	decode-read	drop	R	4	2273.89	9451	0
U-wire-ListMetricsResponse-batches-as-wt0	corpus	decode-read	drop	E2	4	2180.20	4623	1
U-wire-ListMetricsResponse-batches-as-wt0	corpus	decode-read	drop	R	5	2116.08	9451	0
U-wire-ListMetricsResponse-batches-as-wt0	corpus	decode-read	drop	E2	5	2120.49	4623	1
U-wire-ListMetricsResponse-batches-as-wt0	corpus	decode-read	drop	E	5	2111.59	6112	1
U-wire-ListMetricsResponse-batches-as-wt0	corpus	decode-read	drop	E2	6	2120.71	4623	1
U-wire-ListMetricsResponse-batches-as-wt0	corpus	decode-read	drop	E	6	2120.85	6112	1
U-wire-ListMetricsResponse-batches-as-wt0	corpus	decode-read	drop	R	6	2071.26	9451	0
U-wire-ListMetricsResponse-batches-as-wt0	corpus	decode-read	drop	E	7	2117.95	6112	1
U-wire-ListMetricsResponse-batches-as-wt0	corpus	decode-read	drop	R	7	2239.56	9451	0
U-wire-ListMetricsResponse-batches-as-wt0	corpus	decode-read	drop	E2	7	2099.72	4623	1
U-wire-ListMetricsResponse-batches-as-wt0	corpus	decode-read	drop	R	8	2101.48	9451	0
U-wire-ListMetricsResponse-batches-as-wt0	corpus	decode-read	drop	E2	8	2118.06	4623	1
U-wire-ListMetricsResponse-batches-as-wt0	corpus	decode-read	drop	E	8	2153.78	6112	1
U-wire-ListMetricsResponse-batches-as-wt0	corpus	decode-read	drop	E2	9	2211.15	4623	1
U-wire-ListMetricsResponse-batches-as-wt0	corpus	decode-read	drop	E	9	2135.29	6112	1
U-wire-ListMetricsResponse-batches-as-wt0	corpus	decode-read	drop	R	9	2131.50	9451	0
U-wire-ListMetricsResponse-batches-as-wt0	corpus	decode-read	drop	E	10	2240.23	6112	1
U-wire-ListMetricsResponse-batches-as-wt0	corpus	decode-read	drop	R	10	2102.50	9451	0
U-wire-ListMetricsResponse-batches-as-wt0	corpus	decode-read	drop	E2	10	2182.59	4623	1
U-wire-ListMetricsResponse-batches-as-wt0	corpus	decode-read	drop	R	11	2176.69	9451	0
U-wire-ListMetricsResponse-batches-as-wt0	corpus	decode-read	drop	E2	11	2243.25	4623	1
U-wire-ListMetricsResponse-batches-as-wt0	corpus	decode-read	drop	E	11	2233.72	6112	1
U-wire-ListMetricsResponse-batches-as-wt0	corpus	decode-read	drop	E2	12	2244.95	4623	1
U-wire-ListMetricsResponse-batches-as-wt0	corpus	decode-read	drop	E	12	2151.01	6112	1
U-wire-ListMetricsResponse-batches-as-wt0	corpus	decode-read	drop	R	12	2259.64	9451	0
U-wire-ListMetricsResponse-batches-as-wt0	corpus	decode-read	drop	E	13	2171.10	6112	1
U-wire-ListMetricsResponse-batches-as-wt0	corpus	decode-read	drop	R	13	2158.21	9451	0
U-wire-ListMetricsResponse-batches-as-wt0	corpus	decode-read	drop	E2	13	2121.14	4623	1
U-wire-ListMetricsResponse-batches-as-wt0	corpus	decode-read	drop	R	14	2172.27	9451	0
U-wire-ListMetricsResponse-batches-as-wt0	corpus	decode-read	drop	E2	14	2842.32	4623	1
U-wire-ListMetricsResponse-batches-as-wt0	corpus	decode-read	drop	E	14	2187.05	6112	1
U-wire-ListMetricsResponse-batches-as-wt0	corpus	decode-read	drop	E2	15	2098.83	4623	1
U-wire-ListMetricsResponse-batches-as-wt0	corpus	decode-read	drop	E	15	2135.34	6112	1
U-wire-ListMetricsResponse-batches-as-wt0	corpus	decode-read	drop	R	15	2156.50	9451	0
U-wire-ListMetricsResponse-batches-as-wt0	corpus	decode-read	drop	E	16	2114.89	6112	1
U-wire-ListMetricsResponse-batches-as-wt0	corpus	decode-read	drop	R	16	2093.04	9451	0
U-wire-ListMetricsResponse-batches-as-wt0	corpus	decode-read	drop	E2	16	2124.52	4623	1
U-wire-ListMetricsResponse-batches-as-wt0	corpus	decode-read	drop	R	17	2102.10	9451	0
U-wire-ListMetricsResponse-batches-as-wt0	corpus	decode-read	drop	E2	17	2098.47	4623	1
U-wire-ListMetricsResponse-batches-as-wt0	corpus	decode-read	drop	E	17	2103.52	6112	1
U-wire-ListMetricsResponse-batches-as-wt0	corpus	decode-read	drop	E2	18	2206.50	4623	1
U-wire-ListMetricsResponse-batches-as-wt0	corpus	decode-read	drop	E	18	2116.07	6112	1
U-wire-ListMetricsResponse-batches-as-wt0	corpus	decode-read	drop	R	18	2259.29	9451	0
U-wire-ListMetricsResponse-batches-as-wt0	corpus	decode-read	drop	E	19	2252.80	6112	1
U-wire-ListMetricsResponse-batches-as-wt0	corpus	decode-read	drop	R	19	2177.77	9451	0
U-wire-ListMetricsResponse-batches-as-wt0	corpus	decode-read	drop	E2	19	2113.41	4623	1
U-wire-ListMetricsResponse-batches-as-wt0	corpus	decode-read	drop	R	20	2179.86	9451	0
U-wire-ListMetricsResponse-batches-as-wt0	corpus	decode-read	drop	E2	20	2188.06	4623	1
U-wire-ListMetricsResponse-batches-as-wt0	corpus	decode-read	drop	E	20	2287.10	6112	1
U-wire-ListMetricsResponse-batches-as-wt0	corpus	decode-read	drop	E2	21	2218.81	4623	1
U-wire-ListMetricsResponse-batches-as-wt0	corpus	decode-read	drop	E	21	2227.14	6112	1
U-wire-ListMetricsResponse-batches-as-wt0	corpus	decode-read	drop	R	21	2233.38	9451	0
U-wire-ListMetricsResponse-batches-as-wt0	corpus	decode-read	retain	E	1	2240.94	8709	1
U-wire-ListMetricsResponse-batches-as-wt0	corpus	decode-read	retain	R	1	2312.41	9125	0
U-wire-ListMetricsResponse-batches-as-wt0	corpus	decode-read	retain	E2	1	2347.26	8886	1
U-wire-ListMetricsResponse-batches-as-wt0	corpus	decode-read	retain	R	2	2277.85	9125	0
U-wire-ListMetricsResponse-batches-as-wt0	corpus	decode-read	retain	E2	2	2255.80	8886	1
U-wire-ListMetricsResponse-batches-as-wt0	corpus	decode-read	retain	E	2	2388.18	8709	1
U-wire-ListMetricsResponse-batches-as-wt0	corpus	decode-read	retain	E2	3	2274.58	8886	1
U-wire-ListMetricsResponse-batches-as-wt0	corpus	decode-read	retain	E	3	2250.08	8709	1
U-wire-ListMetricsResponse-batches-as-wt0	corpus	decode-read	retain	R	3	2244.27	9125	0
U-wire-ListMetricsResponse-batches-as-wt0	corpus	decode-read	retain	E	4	2391.15	8709	1
U-wire-ListMetricsResponse-batches-as-wt0	corpus	decode-read	retain	R	4	2512.18	9125	0
U-wire-ListMetricsResponse-batches-as-wt0	corpus	decode-read	retain	E2	4	2339.20	8886	1
U-wire-ListMetricsResponse-batches-as-wt0	corpus	decode-read	retain	R	5	2250.66	9125	0
U-wire-ListMetricsResponse-batches-as-wt0	corpus	decode-read	retain	E2	5	2287.58	8886	1
U-wire-ListMetricsResponse-batches-as-wt0	corpus	decode-read	retain	E	5	2297.78	8709	1
U-wire-ListMetricsResponse-batches-as-wt0	corpus	decode-read	retain	E2	6	2226.90	8886	1
U-wire-ListMetricsResponse-batches-as-wt0	corpus	decode-read	retain	E	6	2285.84	8709	1
U-wire-ListMetricsResponse-batches-as-wt0	corpus	decode-read	retain	R	6	2190.26	9125	0
U-wire-ListMetricsResponse-batches-as-wt0	corpus	decode-read	retain	E	7	2302.23	8709	1
U-wire-ListMetricsResponse-batches-as-wt0	corpus	decode-read	retain	R	7	2221.20	9125	0
U-wire-ListMetricsResponse-batches-as-wt0	corpus	decode-read	retain	E2	7	2318.58	8886	1
U-wire-ListMetricsResponse-batches-as-wt0	corpus	decode-read	retain	R	8	2257.06	9125	0
U-wire-ListMetricsResponse-batches-as-wt0	corpus	decode-read	retain	E2	8	2249.93	8886	1
U-wire-ListMetricsResponse-batches-as-wt0	corpus	decode-read	retain	E	8	2338.36	8709	1
U-wire-ListMetricsResponse-batches-as-wt0	corpus	decode-read	retain	E2	9	2288.15	8886	1
U-wire-ListMetricsResponse-batches-as-wt0	corpus	decode-read	retain	E	9	2332.33	8709	1
U-wire-ListMetricsResponse-batches-as-wt0	corpus	decode-read	retain	R	9	2282.08	9125	0
U-wire-ListMetricsResponse-batches-as-wt0	corpus	decode-read	retain	E	10	2215.01	8709	1
U-wire-ListMetricsResponse-batches-as-wt0	corpus	decode-read	retain	R	10	2266.47	9125	0
U-wire-ListMetricsResponse-batches-as-wt0	corpus	decode-read	retain	E2	10	2252.36	8886	1
U-wire-ListMetricsResponse-batches-as-wt0	corpus	decode-read	retain	R	11	2205.67	9125	0
U-wire-ListMetricsResponse-batches-as-wt0	corpus	decode-read	retain	E2	11	2257.39	8886	1
U-wire-ListMetricsResponse-batches-as-wt0	corpus	decode-read	retain	E	11	2318.83	8709	1
U-wire-ListMetricsResponse-batches-as-wt0	corpus	decode-read	retain	E2	12	2269.03	8886	1
U-wire-ListMetricsResponse-batches-as-wt0	corpus	decode-read	retain	E	12	2209.13	8709	1
U-wire-ListMetricsResponse-batches-as-wt0	corpus	decode-read	retain	R	12	2250.12	9125	0
U-wire-ListMetricsResponse-batches-as-wt0	corpus	decode-read	retain	E	13	2278.08	8709	1
U-wire-ListMetricsResponse-batches-as-wt0	corpus	decode-read	retain	R	13	2272.16	9125	0
U-wire-ListMetricsResponse-batches-as-wt0	corpus	decode-read	retain	E2	13	2368.85	8886	1
U-wire-ListMetricsResponse-batches-as-wt0	corpus	decode-read	retain	R	14	2208.94	9125	0
U-wire-ListMetricsResponse-batches-as-wt0	corpus	decode-read	retain	E2	14	2396.53	8886	1
U-wire-ListMetricsResponse-batches-as-wt0	corpus	decode-read	retain	E	14	2286.52	8709	1
U-wire-ListMetricsResponse-batches-as-wt0	corpus	decode-read	retain	E2	15	2433.17	8886	1
U-wire-ListMetricsResponse-batches-as-wt0	corpus	decode-read	retain	E	15	2391.76	8709	1
U-wire-ListMetricsResponse-batches-as-wt0	corpus	decode-read	retain	R	15	2432.81	9125	0
U-wire-ListMetricsResponse-batches-as-wt0	corpus	decode-read	retain	E	16	2438.37	8709	1
U-wire-ListMetricsResponse-batches-as-wt0	corpus	decode-read	retain	R	16	2284.97	9125	0
U-wire-ListMetricsResponse-batches-as-wt0	corpus	decode-read	retain	E2	16	2378.62	8886	1
U-wire-ListMetricsResponse-batches-as-wt0	corpus	decode-read	retain	R	17	2235.39	9125	0
U-wire-ListMetricsResponse-batches-as-wt0	corpus	decode-read	retain	E2	17	2255.33	8886	1
U-wire-ListMetricsResponse-batches-as-wt0	corpus	decode-read	retain	E	17	2279.93	8709	1
U-wire-ListMetricsResponse-batches-as-wt0	corpus	decode-read	retain	E2	18	2209.18	8886	1
U-wire-ListMetricsResponse-batches-as-wt0	corpus	decode-read	retain	E	18	2199.79	8709	1
U-wire-ListMetricsResponse-batches-as-wt0	corpus	decode-read	retain	R	18	2223.65	9125	0
U-wire-ListMetricsResponse-batches-as-wt0	corpus	decode-read	retain	E	19	2225.99	8709	1
U-wire-ListMetricsResponse-batches-as-wt0	corpus	decode-read	retain	R	19	2209.36	9125	0
U-wire-ListMetricsResponse-batches-as-wt0	corpus	decode-read	retain	E2	19	5981.58	8886	1
U-wire-ListMetricsResponse-batches-as-wt0	corpus	decode-read	retain	R	20	2208.03	9125	0
U-wire-ListMetricsResponse-batches-as-wt0	corpus	decode-read	retain	E2	20	2242.85	8886	1
U-wire-ListMetricsResponse-batches-as-wt0	corpus	decode-read	retain	E	20	2206.32	8709	1
U-wire-ListMetricsResponse-batches-as-wt0	corpus	decode-read	retain	E2	21	2214.06	8886	1
U-wire-ListMetricsResponse-batches-as-wt0	corpus	decode-read	retain	E	21	2212.18	8709	1
U-wire-ListMetricsResponse-batches-as-wt0	corpus	decode-read	retain	R	21	2274.38	9125	0
U-wire-ListMetricsResponse-batches-as-wt0	corpus	encode-core-hot	drop	E	1	1164.60	16604	0
U-wire-ListMetricsResponse-batches-as-wt0	corpus	encode-core-hot	drop	R	1	1124.47	17315	0
U-wire-ListMetricsResponse-batches-as-wt0	corpus	encode-core-hot	drop	E2	1	1161.55	17556	0
U-wire-ListMetricsResponse-batches-as-wt0	corpus	encode-core-hot	drop	R	2	1120.08	17315	0
U-wire-ListMetricsResponse-batches-as-wt0	corpus	encode-core-hot	drop	E2	2	1146.42	17556	0
U-wire-ListMetricsResponse-batches-as-wt0	corpus	encode-core-hot	drop	E	2	1168.41	16604	0
U-wire-ListMetricsResponse-batches-as-wt0	corpus	encode-core-hot	drop	E2	3	1150.44	17556	0
U-wire-ListMetricsResponse-batches-as-wt0	corpus	encode-core-hot	drop	E	3	1177.47	16604	0
U-wire-ListMetricsResponse-batches-as-wt0	corpus	encode-core-hot	drop	R	3	1127.84	17315	0
U-wire-ListMetricsResponse-batches-as-wt0	corpus	encode-core-hot	drop	E	4	1142.29	16604	0
U-wire-ListMetricsResponse-batches-as-wt0	corpus	encode-core-hot	drop	R	4	1175.22	17315	0
U-wire-ListMetricsResponse-batches-as-wt0	corpus	encode-core-hot	drop	E2	4	1182.19	17556	0
U-wire-ListMetricsResponse-batches-as-wt0	corpus	encode-core-hot	drop	R	5	1143.40	17315	0
U-wire-ListMetricsResponse-batches-as-wt0	corpus	encode-core-hot	drop	E2	5	1149.63	17556	0
U-wire-ListMetricsResponse-batches-as-wt0	corpus	encode-core-hot	drop	E	5	1149.13	16604	0
U-wire-ListMetricsResponse-batches-as-wt0	corpus	encode-core-hot	drop	E2	6	1164.12	17556	0
U-wire-ListMetricsResponse-batches-as-wt0	corpus	encode-core-hot	drop	E	6	1150.31	16604	0
U-wire-ListMetricsResponse-batches-as-wt0	corpus	encode-core-hot	drop	R	6	1126.82	17315	0
U-wire-ListMetricsResponse-batches-as-wt0	corpus	encode-core-hot	drop	E	7	1147.81	16604	0
U-wire-ListMetricsResponse-batches-as-wt0	corpus	encode-core-hot	drop	R	7	1115.23	17315	0
U-wire-ListMetricsResponse-batches-as-wt0	corpus	encode-core-hot	drop	E2	7	1148.77	17556	0
U-wire-ListMetricsResponse-batches-as-wt0	corpus	encode-core-hot	drop	R	8	1115.86	17315	0
U-wire-ListMetricsResponse-batches-as-wt0	corpus	encode-core-hot	drop	E2	8	1156.58	17556	0
U-wire-ListMetricsResponse-batches-as-wt0	corpus	encode-core-hot	drop	E	8	1141.41	16604	0
U-wire-ListMetricsResponse-batches-as-wt0	corpus	encode-core-hot	drop	E2	9	1138.67	17556	0
U-wire-ListMetricsResponse-batches-as-wt0	corpus	encode-core-hot	drop	E	9	1363.54	16604	0
U-wire-ListMetricsResponse-batches-as-wt0	corpus	encode-core-hot	drop	R	9	1130.89	17315	0
U-wire-ListMetricsResponse-batches-as-wt0	corpus	encode-core-hot	drop	E	10	1175.05	16604	0
U-wire-ListMetricsResponse-batches-as-wt0	corpus	encode-core-hot	drop	R	10	1127.67	17315	0
U-wire-ListMetricsResponse-batches-as-wt0	corpus	encode-core-hot	drop	E2	10	1145.83	17556	0
U-wire-ListMetricsResponse-batches-as-wt0	corpus	encode-core-hot	drop	R	11	1114.62	17315	0
U-wire-ListMetricsResponse-batches-as-wt0	corpus	encode-core-hot	drop	E2	11	1153.62	17556	0
U-wire-ListMetricsResponse-batches-as-wt0	corpus	encode-core-hot	drop	E	11	1156.84	16604	0
U-wire-ListMetricsResponse-batches-as-wt0	corpus	encode-core-hot	drop	E2	12	1156.05	17556	0
U-wire-ListMetricsResponse-batches-as-wt0	corpus	encode-core-hot	drop	E	12	1269.42	16604	0
U-wire-ListMetricsResponse-batches-as-wt0	corpus	encode-core-hot	drop	R	12	1154.56	17315	0
U-wire-ListMetricsResponse-batches-as-wt0	corpus	encode-core-hot	drop	E	13	1170.20	16604	0
U-wire-ListMetricsResponse-batches-as-wt0	corpus	encode-core-hot	drop	R	13	1133.23	17315	0
U-wire-ListMetricsResponse-batches-as-wt0	corpus	encode-core-hot	drop	E2	13	1151.49	17556	0
U-wire-ListMetricsResponse-batches-as-wt0	corpus	encode-core-hot	drop	R	14	1127.63	17315	0
U-wire-ListMetricsResponse-batches-as-wt0	corpus	encode-core-hot	drop	E2	14	1149.44	17556	0
U-wire-ListMetricsResponse-batches-as-wt0	corpus	encode-core-hot	drop	E	14	1137.65	16604	0
U-wire-ListMetricsResponse-batches-as-wt0	corpus	encode-core-hot	drop	E2	15	1126.24	17556	0
U-wire-ListMetricsResponse-batches-as-wt0	corpus	encode-core-hot	drop	E	15	1140.25	16604	0
U-wire-ListMetricsResponse-batches-as-wt0	corpus	encode-core-hot	drop	R	15	1125.59	17315	0
U-wire-ListMetricsResponse-batches-as-wt0	corpus	encode-core-hot	drop	E	16	1151.14	16604	0
U-wire-ListMetricsResponse-batches-as-wt0	corpus	encode-core-hot	drop	R	16	1114.57	17315	0
U-wire-ListMetricsResponse-batches-as-wt0	corpus	encode-core-hot	drop	E2	16	1150.77	17556	0
U-wire-ListMetricsResponse-batches-as-wt0	corpus	encode-core-hot	drop	R	17	1121.80	17315	0
U-wire-ListMetricsResponse-batches-as-wt0	corpus	encode-core-hot	drop	E2	17	1154.24	17556	0
U-wire-ListMetricsResponse-batches-as-wt0	corpus	encode-core-hot	drop	E	17	1156.55	16604	0
U-wire-ListMetricsResponse-batches-as-wt0	corpus	encode-core-hot	drop	E2	18	1151.93	17556	0
U-wire-ListMetricsResponse-batches-as-wt0	corpus	encode-core-hot	drop	E	18	1155.04	16604	0
U-wire-ListMetricsResponse-batches-as-wt0	corpus	encode-core-hot	drop	R	18	1152.61	17315	0
U-wire-ListMetricsResponse-batches-as-wt0	corpus	encode-core-hot	drop	E	19	1196.89	16604	0
U-wire-ListMetricsResponse-batches-as-wt0	corpus	encode-core-hot	drop	R	19	1199.36	17315	0
U-wire-ListMetricsResponse-batches-as-wt0	corpus	encode-core-hot	drop	E2	19	1179.14	17556	0
U-wire-ListMetricsResponse-batches-as-wt0	corpus	encode-core-hot	drop	R	20	1155.82	17315	0
U-wire-ListMetricsResponse-batches-as-wt0	corpus	encode-core-hot	drop	E2	20	1148.86	17556	0
U-wire-ListMetricsResponse-batches-as-wt0	corpus	encode-core-hot	drop	E	20	1154.92	16604	0
U-wire-ListMetricsResponse-batches-as-wt0	corpus	encode-core-hot	drop	E2	21	1149.11	17556	0
U-wire-ListMetricsResponse-batches-as-wt0	corpus	encode-core-hot	drop	E	21	1163.92	16604	0
U-wire-ListMetricsResponse-batches-as-wt0	corpus	encode-core-hot	drop	R	21	1122.89	17315	0
U-wire-ListMetricsResponse-batches-as-wt0	corpus	encode-core-hot	retain	E	1	1217.66	16460	0
U-wire-ListMetricsResponse-batches-as-wt0	corpus	encode-core-hot	retain	R	1	1185.90	15977	0
U-wire-ListMetricsResponse-batches-as-wt0	corpus	encode-core-hot	retain	E2	1	1182.70	9043	0
U-wire-ListMetricsResponse-batches-as-wt0	corpus	encode-core-hot	retain	R	2	1145.32	15977	0
U-wire-ListMetricsResponse-batches-as-wt0	corpus	encode-core-hot	retain	E2	2	1190.95	9043	0
U-wire-ListMetricsResponse-batches-as-wt0	corpus	encode-core-hot	retain	E	2	1278.85	16460	0
U-wire-ListMetricsResponse-batches-as-wt0	corpus	encode-core-hot	retain	E2	3	1245.52	9043	0
U-wire-ListMetricsResponse-batches-as-wt0	corpus	encode-core-hot	retain	E	3	1228.06	16460	0
U-wire-ListMetricsResponse-batches-as-wt0	corpus	encode-core-hot	retain	R	3	1253.71	15977	0
U-wire-ListMetricsResponse-batches-as-wt0	corpus	encode-core-hot	retain	E	4	1328.86	16460	0
U-wire-ListMetricsResponse-batches-as-wt0	corpus	encode-core-hot	retain	R	4	1191.41	15977	0
U-wire-ListMetricsResponse-batches-as-wt0	corpus	encode-core-hot	retain	E2	4	1230.15	9043	0
U-wire-ListMetricsResponse-batches-as-wt0	corpus	encode-core-hot	retain	R	5	1171.63	15977	0
U-wire-ListMetricsResponse-batches-as-wt0	corpus	encode-core-hot	retain	E2	5	1232.94	9043	0
U-wire-ListMetricsResponse-batches-as-wt0	corpus	encode-core-hot	retain	E	5	1301.83	16460	0
U-wire-ListMetricsResponse-batches-as-wt0	corpus	encode-core-hot	retain	E2	6	1254.00	9043	0
U-wire-ListMetricsResponse-batches-as-wt0	corpus	encode-core-hot	retain	E	6	1224.49	16460	0
U-wire-ListMetricsResponse-batches-as-wt0	corpus	encode-core-hot	retain	R	6	1176.39	15977	0
U-wire-ListMetricsResponse-batches-as-wt0	corpus	encode-core-hot	retain	E	7	1236.88	16460	0
U-wire-ListMetricsResponse-batches-as-wt0	corpus	encode-core-hot	retain	R	7	1194.59	15977	0
U-wire-ListMetricsResponse-batches-as-wt0	corpus	encode-core-hot	retain	E2	7	1284.96	9043	0
U-wire-ListMetricsResponse-batches-as-wt0	corpus	encode-core-hot	retain	R	8	1191.25	15977	0
U-wire-ListMetricsResponse-batches-as-wt0	corpus	encode-core-hot	retain	E2	8	1258.56	9043	0
U-wire-ListMetricsResponse-batches-as-wt0	corpus	encode-core-hot	retain	E	8	1288.78	16460	0
U-wire-ListMetricsResponse-batches-as-wt0	corpus	encode-core-hot	retain	E2	9	1227.22	9043	0
U-wire-ListMetricsResponse-batches-as-wt0	corpus	encode-core-hot	retain	E	9	1265.23	16460	0
U-wire-ListMetricsResponse-batches-as-wt0	corpus	encode-core-hot	retain	R	9	1190.83	15977	0
U-wire-ListMetricsResponse-batches-as-wt0	corpus	encode-core-hot	retain	E	10	1226.50	16460	0
U-wire-ListMetricsResponse-batches-as-wt0	corpus	encode-core-hot	retain	R	10	1230.10	15977	0
U-wire-ListMetricsResponse-batches-as-wt0	corpus	encode-core-hot	retain	E2	10	1408.59	9043	0
U-wire-ListMetricsResponse-batches-as-wt0	corpus	encode-core-hot	retain	R	11	1394.94	15977	0
U-wire-ListMetricsResponse-batches-as-wt0	corpus	encode-core-hot	retain	E2	11	1231.48	9043	0
U-wire-ListMetricsResponse-batches-as-wt0	corpus	encode-core-hot	retain	E	11	1196.97	16460	0
U-wire-ListMetricsResponse-batches-as-wt0	corpus	encode-core-hot	retain	E2	12	1242.46	9043	0
U-wire-ListMetricsResponse-batches-as-wt0	corpus	encode-core-hot	retain	E	12	1221.15	16460	0
U-wire-ListMetricsResponse-batches-as-wt0	corpus	encode-core-hot	retain	R	12	1172.61	15977	0
U-wire-ListMetricsResponse-batches-as-wt0	corpus	encode-core-hot	retain	E	13	1226.74	16460	0
U-wire-ListMetricsResponse-batches-as-wt0	corpus	encode-core-hot	retain	R	13	1173.63	15977	0
U-wire-ListMetricsResponse-batches-as-wt0	corpus	encode-core-hot	retain	E2	13	1176.55	9043	0
U-wire-ListMetricsResponse-batches-as-wt0	corpus	encode-core-hot	retain	R	14	1180.98	15977	0
U-wire-ListMetricsResponse-batches-as-wt0	corpus	encode-core-hot	retain	E2	14	1323.13	9043	0
U-wire-ListMetricsResponse-batches-as-wt0	corpus	encode-core-hot	retain	E	14	1264.50	16460	0
U-wire-ListMetricsResponse-batches-as-wt0	corpus	encode-core-hot	retain	E2	15	1286.38	9043	0
U-wire-ListMetricsResponse-batches-as-wt0	corpus	encode-core-hot	retain	E	15	1248.17	16460	0
U-wire-ListMetricsResponse-batches-as-wt0	corpus	encode-core-hot	retain	R	15	1211.84	15977	0
U-wire-ListMetricsResponse-batches-as-wt0	corpus	encode-core-hot	retain	E	16	1229.74	16460	0
U-wire-ListMetricsResponse-batches-as-wt0	corpus	encode-core-hot	retain	R	16	1187.63	15977	0
U-wire-ListMetricsResponse-batches-as-wt0	corpus	encode-core-hot	retain	E2	16	1255.26	9043	0
U-wire-ListMetricsResponse-batches-as-wt0	corpus	encode-core-hot	retain	R	17	1161.03	15977	0
U-wire-ListMetricsResponse-batches-as-wt0	corpus	encode-core-hot	retain	E2	17	1201.09	9043	0
U-wire-ListMetricsResponse-batches-as-wt0	corpus	encode-core-hot	retain	E	17	1199.73	16460	0
U-wire-ListMetricsResponse-batches-as-wt0	corpus	encode-core-hot	retain	E2	18	1214.42	9043	0
U-wire-ListMetricsResponse-batches-as-wt0	corpus	encode-core-hot	retain	E	18	1251.37	16460	0
U-wire-ListMetricsResponse-batches-as-wt0	corpus	encode-core-hot	retain	R	18	1202.86	15977	0
U-wire-ListMetricsResponse-batches-as-wt0	corpus	encode-core-hot	retain	E	19	1224.15	16460	0
U-wire-ListMetricsResponse-batches-as-wt0	corpus	encode-core-hot	retain	R	19	1203.22	15977	0
U-wire-ListMetricsResponse-batches-as-wt0	corpus	encode-core-hot	retain	E2	19	1228.06	9043	0
U-wire-ListMetricsResponse-batches-as-wt0	corpus	encode-core-hot	retain	R	20	1187.53	15977	0
U-wire-ListMetricsResponse-batches-as-wt0	corpus	encode-core-hot	retain	E2	20	1217.50	9043	0
U-wire-ListMetricsResponse-batches-as-wt0	corpus	encode-core-hot	retain	E	20	1218.82	16460	0
U-wire-ListMetricsResponse-batches-as-wt0	corpus	encode-core-hot	retain	E2	21	1215.21	9043	0
U-wire-ListMetricsResponse-batches-as-wt0	corpus	encode-core-hot	retain	E	21	1225.65	16460	0
U-wire-ListMetricsResponse-batches-as-wt0	corpus	encode-core-hot	retain	R	21	1171.02	15977	0
U-wire-DualResponse-left-as-wt5	corpus	decode-read	drop	E	1	387.82	49958	1
U-wire-DualResponse-left-as-wt5	corpus	decode-read	drop	R	1	388.86	51193	0
U-wire-DualResponse-left-as-wt5	corpus	decode-read	drop	E2	1	395.55	45323	1
U-wire-DualResponse-left-as-wt5	corpus	decode-read	drop	R	2	396.37	51193	0
U-wire-DualResponse-left-as-wt5	corpus	decode-read	drop	E2	2	398.16	45323	1
U-wire-DualResponse-left-as-wt5	corpus	decode-read	drop	E	2	398.42	49958	1
U-wire-DualResponse-left-as-wt5	corpus	decode-read	drop	E2	3	395.82	45323	1
U-wire-DualResponse-left-as-wt5	corpus	decode-read	drop	E	3	393.06	49958	1
U-wire-DualResponse-left-as-wt5	corpus	decode-read	drop	R	3	389.30	51193	0
U-wire-DualResponse-left-as-wt5	corpus	decode-read	drop	E	4	401.81	49958	1
U-wire-DualResponse-left-as-wt5	corpus	decode-read	drop	R	4	390.26	51193	0
U-wire-DualResponse-left-as-wt5	corpus	decode-read	drop	E2	4	382.34	45323	1
U-wire-DualResponse-left-as-wt5	corpus	decode-read	drop	R	5	389.48	51193	0
U-wire-DualResponse-left-as-wt5	corpus	decode-read	drop	E2	5	383.30	45323	1
U-wire-DualResponse-left-as-wt5	corpus	decode-read	drop	E	5	380.83	49958	1
U-wire-DualResponse-left-as-wt5	corpus	decode-read	drop	E2	6	384.78	45323	1
U-wire-DualResponse-left-as-wt5	corpus	decode-read	drop	E	6	385.50	49958	1
U-wire-DualResponse-left-as-wt5	corpus	decode-read	drop	R	6	386.22	51193	0
U-wire-DualResponse-left-as-wt5	corpus	decode-read	drop	E	7	382.73	49958	1
U-wire-DualResponse-left-as-wt5	corpus	decode-read	drop	R	7	383.40	51193	0
U-wire-DualResponse-left-as-wt5	corpus	decode-read	drop	E2	7	385.68	45323	1
U-wire-DualResponse-left-as-wt5	corpus	decode-read	drop	R	8	388.16	51193	0
U-wire-DualResponse-left-as-wt5	corpus	decode-read	drop	E2	8	390.43	45323	1
U-wire-DualResponse-left-as-wt5	corpus	decode-read	drop	E	8	382.89	49958	1
U-wire-DualResponse-left-as-wt5	corpus	decode-read	drop	E2	9	385.89	45323	1
U-wire-DualResponse-left-as-wt5	corpus	decode-read	drop	E	9	382.48	49958	1
U-wire-DualResponse-left-as-wt5	corpus	decode-read	drop	R	9	385.22	51193	0
U-wire-DualResponse-left-as-wt5	corpus	decode-read	drop	E	10	384.65	49958	1
U-wire-DualResponse-left-as-wt5	corpus	decode-read	drop	R	10	389.43	51193	0
U-wire-DualResponse-left-as-wt5	corpus	decode-read	drop	E2	10	383.27	45323	1
U-wire-DualResponse-left-as-wt5	corpus	decode-read	drop	R	11	380.87	51193	0
U-wire-DualResponse-left-as-wt5	corpus	decode-read	drop	E2	11	387.16	45323	1
U-wire-DualResponse-left-as-wt5	corpus	decode-read	drop	E	11	383.79	49958	1
U-wire-DualResponse-left-as-wt5	corpus	decode-read	drop	E2	12	393.15	45323	1
U-wire-DualResponse-left-as-wt5	corpus	decode-read	drop	E	12	383.97	49958	1
U-wire-DualResponse-left-as-wt5	corpus	decode-read	drop	R	12	411.77	51193	0
U-wire-DualResponse-left-as-wt5	corpus	decode-read	drop	E	13	403.09	49958	1
U-wire-DualResponse-left-as-wt5	corpus	decode-read	drop	R	13	384.99	51193	0
U-wire-DualResponse-left-as-wt5	corpus	decode-read	drop	E2	13	389.08	45323	1
U-wire-DualResponse-left-as-wt5	corpus	decode-read	drop	R	14	396.03	51193	0
U-wire-DualResponse-left-as-wt5	corpus	decode-read	drop	E2	14	390.97	45323	1
U-wire-DualResponse-left-as-wt5	corpus	decode-read	drop	E	14	384.73	49958	1
U-wire-DualResponse-left-as-wt5	corpus	decode-read	drop	E2	15	392.57	45323	1
U-wire-DualResponse-left-as-wt5	corpus	decode-read	drop	E	15	390.52	49958	1
U-wire-DualResponse-left-as-wt5	corpus	decode-read	drop	R	15	383.59	51193	0
U-wire-DualResponse-left-as-wt5	corpus	decode-read	drop	E	16	394.25	49958	1
U-wire-DualResponse-left-as-wt5	corpus	decode-read	drop	R	16	388.06	51193	0
U-wire-DualResponse-left-as-wt5	corpus	decode-read	drop	E2	16	414.33	45323	1
U-wire-DualResponse-left-as-wt5	corpus	decode-read	drop	R	17	404.29	51193	0
U-wire-DualResponse-left-as-wt5	corpus	decode-read	drop	E2	17	398.13	45323	1
U-wire-DualResponse-left-as-wt5	corpus	decode-read	drop	E	17	392.75	49958	1
U-wire-DualResponse-left-as-wt5	corpus	decode-read	drop	E2	18	399.20	45323	1
U-wire-DualResponse-left-as-wt5	corpus	decode-read	drop	E	18	386.68	49958	1
U-wire-DualResponse-left-as-wt5	corpus	decode-read	drop	R	18	389.94	51193	0
U-wire-DualResponse-left-as-wt5	corpus	decode-read	drop	E	19	391.00	49958	1
U-wire-DualResponse-left-as-wt5	corpus	decode-read	drop	R	19	386.04	51193	0
U-wire-DualResponse-left-as-wt5	corpus	decode-read	drop	E2	19	388.27	45323	1
U-wire-DualResponse-left-as-wt5	corpus	decode-read	drop	R	20	423.00	51193	0
U-wire-DualResponse-left-as-wt5	corpus	decode-read	drop	E2	20	434.54	45323	1
U-wire-DualResponse-left-as-wt5	corpus	decode-read	drop	E	20	425.84	49958	1
U-wire-DualResponse-left-as-wt5	corpus	decode-read	drop	E2	21	419.41	45323	1
U-wire-DualResponse-left-as-wt5	corpus	decode-read	drop	E	21	402.77	49958	1
U-wire-DualResponse-left-as-wt5	corpus	decode-read	drop	R	21	407.87	51193	0
U-wire-DualResponse-left-as-wt5	corpus	decode-read	retain	E	1	438.15	45636	1
U-wire-DualResponse-left-as-wt5	corpus	decode-read	retain	R	1	442.99	45645	0
U-wire-DualResponse-left-as-wt5	corpus	decode-read	retain	E2	1	439.49	31514	1
U-wire-DualResponse-left-as-wt5	corpus	decode-read	retain	R	2	435.27	45645	0
U-wire-DualResponse-left-as-wt5	corpus	decode-read	retain	E2	2	436.27	31514	1
U-wire-DualResponse-left-as-wt5	corpus	decode-read	retain	E	2	436.04	45636	1
U-wire-DualResponse-left-as-wt5	corpus	decode-read	retain	E2	3	436.54	31514	1
U-wire-DualResponse-left-as-wt5	corpus	decode-read	retain	E	3	435.53	45636	1
U-wire-DualResponse-left-as-wt5	corpus	decode-read	retain	R	3	441.16	45645	0
U-wire-DualResponse-left-as-wt5	corpus	decode-read	retain	E	4	438.84	45636	1
U-wire-DualResponse-left-as-wt5	corpus	decode-read	retain	R	4	434.34	45645	0
U-wire-DualResponse-left-as-wt5	corpus	decode-read	retain	E2	4	438.16	31514	1
U-wire-DualResponse-left-as-wt5	corpus	decode-read	retain	R	5	433.01	45645	0
U-wire-DualResponse-left-as-wt5	corpus	decode-read	retain	E2	5	448.47	31514	1
U-wire-DualResponse-left-as-wt5	corpus	decode-read	retain	E	5	443.30	45636	1
U-wire-DualResponse-left-as-wt5	corpus	decode-read	retain	E2	6	442.44	31514	1
U-wire-DualResponse-left-as-wt5	corpus	decode-read	retain	E	6	448.99	45636	1
U-wire-DualResponse-left-as-wt5	corpus	decode-read	retain	R	6	446.82	45645	0
U-wire-DualResponse-left-as-wt5	corpus	decode-read	retain	E	7	435.50	45636	1
U-wire-DualResponse-left-as-wt5	corpus	decode-read	retain	R	7	450.00	45645	0
U-wire-DualResponse-left-as-wt5	corpus	decode-read	retain	E2	7	436.92	31514	1
U-wire-DualResponse-left-as-wt5	corpus	decode-read	retain	R	8	439.06	45645	0
U-wire-DualResponse-left-as-wt5	corpus	decode-read	retain	E2	8	462.57	31514	1
U-wire-DualResponse-left-as-wt5	corpus	decode-read	retain	E	8	447.14	45636	1
U-wire-DualResponse-left-as-wt5	corpus	decode-read	retain	E2	9	449.70	31514	1
U-wire-DualResponse-left-as-wt5	corpus	decode-read	retain	E	9	461.43	45636	1
U-wire-DualResponse-left-as-wt5	corpus	decode-read	retain	R	9	451.03	45645	0
U-wire-DualResponse-left-as-wt5	corpus	decode-read	retain	E	10	438.47	45636	1
U-wire-DualResponse-left-as-wt5	corpus	decode-read	retain	R	10	454.88	45645	0
U-wire-DualResponse-left-as-wt5	corpus	decode-read	retain	E2	10	433.73	31514	1
U-wire-DualResponse-left-as-wt5	corpus	decode-read	retain	R	11	442.88	45645	0
U-wire-DualResponse-left-as-wt5	corpus	decode-read	retain	E2	11	455.12	31514	1
U-wire-DualResponse-left-as-wt5	corpus	decode-read	retain	E	11	436.05	45636	1
U-wire-DualResponse-left-as-wt5	corpus	decode-read	retain	E2	12	433.32	31514	1
U-wire-DualResponse-left-as-wt5	corpus	decode-read	retain	E	12	439.70	45636	1
U-wire-DualResponse-left-as-wt5	corpus	decode-read	retain	R	12	435.19	45645	0
U-wire-DualResponse-left-as-wt5	corpus	decode-read	retain	E	13	434.31	45636	1
U-wire-DualResponse-left-as-wt5	corpus	decode-read	retain	R	13	444.01	45645	0
U-wire-DualResponse-left-as-wt5	corpus	decode-read	retain	E2	13	448.36	31514	1
U-wire-DualResponse-left-as-wt5	corpus	decode-read	retain	R	14	463.27	45645	0
U-wire-DualResponse-left-as-wt5	corpus	decode-read	retain	E2	14	446.11	31514	1
U-wire-DualResponse-left-as-wt5	corpus	decode-read	retain	E	14	442.29	45636	1
U-wire-DualResponse-left-as-wt5	corpus	decode-read	retain	E2	15	451.37	31514	1
U-wire-DualResponse-left-as-wt5	corpus	decode-read	retain	E	15	476.50	45636	1
U-wire-DualResponse-left-as-wt5	corpus	decode-read	retain	R	15	447.92	45645	0
U-wire-DualResponse-left-as-wt5	corpus	decode-read	retain	E	16	459.79	45636	1
U-wire-DualResponse-left-as-wt5	corpus	decode-read	retain	R	16	475.01	45645	0
U-wire-DualResponse-left-as-wt5	corpus	decode-read	retain	E2	16	487.25	31514	1
U-wire-DualResponse-left-as-wt5	corpus	decode-read	retain	R	17	486.55	45645	0
U-wire-DualResponse-left-as-wt5	corpus	decode-read	retain	E2	17	463.54	31514	1
U-wire-DualResponse-left-as-wt5	corpus	decode-read	retain	E	17	529.82	45636	1
U-wire-DualResponse-left-as-wt5	corpus	decode-read	retain	E2	18	468.29	31514	1
U-wire-DualResponse-left-as-wt5	corpus	decode-read	retain	E	18	470.97	45636	1
U-wire-DualResponse-left-as-wt5	corpus	decode-read	retain	R	18	443.61	45645	0
U-wire-DualResponse-left-as-wt5	corpus	decode-read	retain	E	19	447.26	45636	1
U-wire-DualResponse-left-as-wt5	corpus	decode-read	retain	R	19	464.87	45645	0
U-wire-DualResponse-left-as-wt5	corpus	decode-read	retain	E2	19	463.10	31514	1
U-wire-DualResponse-left-as-wt5	corpus	decode-read	retain	R	20	454.83	45645	0
U-wire-DualResponse-left-as-wt5	corpus	decode-read	retain	E2	20	473.83	31514	1
U-wire-DualResponse-left-as-wt5	corpus	decode-read	retain	E	20	478.83	45636	1
U-wire-DualResponse-left-as-wt5	corpus	decode-read	retain	E2	21	489.46	31514	1
U-wire-DualResponse-left-as-wt5	corpus	decode-read	retain	E	21	447.96	45636	1
U-wire-DualResponse-left-as-wt5	corpus	decode-read	retain	R	21	477.27	45645	0
U-wire-DualResponse-left-as-wt5	corpus	encode-core-hot	drop	E	1	197.77	99379	0
U-wire-DualResponse-left-as-wt5	corpus	encode-core-hot	drop	R	1	194.66	83474	0
U-wire-DualResponse-left-as-wt5	corpus	encode-core-hot	drop	E2	1	197.69	99251	0
U-wire-DualResponse-left-as-wt5	corpus	encode-core-hot	drop	R	2	192.92	83474	0
U-wire-DualResponse-left-as-wt5	corpus	encode-core-hot	drop	E2	2	194.99	99251	0
U-wire-DualResponse-left-as-wt5	corpus	encode-core-hot	drop	E	2	197.83	99379	0
U-wire-DualResponse-left-as-wt5	corpus	encode-core-hot	drop	E2	3	200.64	99251	0
U-wire-DualResponse-left-as-wt5	corpus	encode-core-hot	drop	E	3	198.25	99379	0
U-wire-DualResponse-left-as-wt5	corpus	encode-core-hot	drop	R	3	190.95	83474	0
U-wire-DualResponse-left-as-wt5	corpus	encode-core-hot	drop	E	4	197.15	99379	0
U-wire-DualResponse-left-as-wt5	corpus	encode-core-hot	drop	R	4	193.48	83474	0
U-wire-DualResponse-left-as-wt5	corpus	encode-core-hot	drop	E2	4	199.12	99251	0
U-wire-DualResponse-left-as-wt5	corpus	encode-core-hot	drop	R	5	198.20	83474	0
U-wire-DualResponse-left-as-wt5	corpus	encode-core-hot	drop	E2	5	197.18	99251	0
U-wire-DualResponse-left-as-wt5	corpus	encode-core-hot	drop	E	5	196.89	99379	0
U-wire-DualResponse-left-as-wt5	corpus	encode-core-hot	drop	E2	6	196.95	99251	0
U-wire-DualResponse-left-as-wt5	corpus	encode-core-hot	drop	E	6	196.82	99379	0
U-wire-DualResponse-left-as-wt5	corpus	encode-core-hot	drop	R	6	193.40	83474	0
U-wire-DualResponse-left-as-wt5	corpus	encode-core-hot	drop	E	7	197.82	99379	0
U-wire-DualResponse-left-as-wt5	corpus	encode-core-hot	drop	R	7	194.47	83474	0
U-wire-DualResponse-left-as-wt5	corpus	encode-core-hot	drop	E2	7	197.94	99251	0
U-wire-DualResponse-left-as-wt5	corpus	encode-core-hot	drop	R	8	193.49	83474	0
U-wire-DualResponse-left-as-wt5	corpus	encode-core-hot	drop	E2	8	197.64	99251	0
U-wire-DualResponse-left-as-wt5	corpus	encode-core-hot	drop	E	8	197.62	99379	0
U-wire-DualResponse-left-as-wt5	corpus	encode-core-hot	drop	E2	9	197.18	99251	0
U-wire-DualResponse-left-as-wt5	corpus	encode-core-hot	drop	E	9	196.29	99379	0
U-wire-DualResponse-left-as-wt5	corpus	encode-core-hot	drop	R	9	192.84	83474	0
U-wire-DualResponse-left-as-wt5	corpus	encode-core-hot	drop	E	10	196.18	99379	0
U-wire-DualResponse-left-as-wt5	corpus	encode-core-hot	drop	R	10	193.39	83474	0
U-wire-DualResponse-left-as-wt5	corpus	encode-core-hot	drop	E2	10	196.73	99251	0
U-wire-DualResponse-left-as-wt5	corpus	encode-core-hot	drop	R	11	189.63	83474	0
U-wire-DualResponse-left-as-wt5	corpus	encode-core-hot	drop	E2	11	197.76	99251	0
U-wire-DualResponse-left-as-wt5	corpus	encode-core-hot	drop	E	11	199.13	99379	0
U-wire-DualResponse-left-as-wt5	corpus	encode-core-hot	drop	E2	12	197.22	99251	0
U-wire-DualResponse-left-as-wt5	corpus	encode-core-hot	drop	E	12	197.12	99379	0
U-wire-DualResponse-left-as-wt5	corpus	encode-core-hot	drop	R	12	192.35	83474	0
U-wire-DualResponse-left-as-wt5	corpus	encode-core-hot	drop	E	13	197.28	99379	0
U-wire-DualResponse-left-as-wt5	corpus	encode-core-hot	drop	R	13	192.14	83474	0
U-wire-DualResponse-left-as-wt5	corpus	encode-core-hot	drop	E2	13	196.66	99251	0
U-wire-DualResponse-left-as-wt5	corpus	encode-core-hot	drop	R	14	201.62	83474	0
U-wire-DualResponse-left-as-wt5	corpus	encode-core-hot	drop	E2	14	196.93	99251	0
U-wire-DualResponse-left-as-wt5	corpus	encode-core-hot	drop	E	14	201.21	99379	0
U-wire-DualResponse-left-as-wt5	corpus	encode-core-hot	drop	E2	15	199.84	99251	0
U-wire-DualResponse-left-as-wt5	corpus	encode-core-hot	drop	E	15	197.18	99379	0
U-wire-DualResponse-left-as-wt5	corpus	encode-core-hot	drop	R	15	193.47	83474	0
U-wire-DualResponse-left-as-wt5	corpus	encode-core-hot	drop	E	16	195.78	99379	0
U-wire-DualResponse-left-as-wt5	corpus	encode-core-hot	drop	R	16	192.99	83474	0
U-wire-DualResponse-left-as-wt5	corpus	encode-core-hot	drop	E2	16	200.45	99251	0
U-wire-DualResponse-left-as-wt5	corpus	encode-core-hot	drop	R	17	194.81	83474	0
U-wire-DualResponse-left-as-wt5	corpus	encode-core-hot	drop	E2	17	195.47	99251	0
U-wire-DualResponse-left-as-wt5	corpus	encode-core-hot	drop	E	17	200.94	99379	0
U-wire-DualResponse-left-as-wt5	corpus	encode-core-hot	drop	E2	18	200.96	99251	0
U-wire-DualResponse-left-as-wt5	corpus	encode-core-hot	drop	E	18	201.91	99379	0
U-wire-DualResponse-left-as-wt5	corpus	encode-core-hot	drop	R	18	196.20	83474	0
U-wire-DualResponse-left-as-wt5	corpus	encode-core-hot	drop	E	19	196.10	99379	0
U-wire-DualResponse-left-as-wt5	corpus	encode-core-hot	drop	R	19	192.46	83474	0
U-wire-DualResponse-left-as-wt5	corpus	encode-core-hot	drop	E2	19	199.22	99251	0
U-wire-DualResponse-left-as-wt5	corpus	encode-core-hot	drop	R	20	192.20	83474	0
U-wire-DualResponse-left-as-wt5	corpus	encode-core-hot	drop	E2	20	195.69	99251	0
U-wire-DualResponse-left-as-wt5	corpus	encode-core-hot	drop	E	20	195.83	99379	0
U-wire-DualResponse-left-as-wt5	corpus	encode-core-hot	drop	E2	21	193.91	99251	0
U-wire-DualResponse-left-as-wt5	corpus	encode-core-hot	drop	E	21	195.12	99379	0
U-wire-DualResponse-left-as-wt5	corpus	encode-core-hot	drop	R	21	191.45	83474	0
U-wire-DualResponse-left-as-wt5	corpus	encode-core-hot	retain	E	1	230.76	87041	0
U-wire-DualResponse-left-as-wt5	corpus	encode-core-hot	retain	R	1	231.65	90323	0
U-wire-DualResponse-left-as-wt5	corpus	encode-core-hot	retain	E2	1	226.19	87324	0
U-wire-DualResponse-left-as-wt5	corpus	encode-core-hot	retain	R	2	222.80	90323	0
U-wire-DualResponse-left-as-wt5	corpus	encode-core-hot	retain	E2	2	225.75	87324	0
U-wire-DualResponse-left-as-wt5	corpus	encode-core-hot	retain	E	2	224.52	87041	0
U-wire-DualResponse-left-as-wt5	corpus	encode-core-hot	retain	E2	3	225.26	87324	0
U-wire-DualResponse-left-as-wt5	corpus	encode-core-hot	retain	E	3	227.46	87041	0
U-wire-DualResponse-left-as-wt5	corpus	encode-core-hot	retain	R	3	235.65	90323	0
U-wire-DualResponse-left-as-wt5	corpus	encode-core-hot	retain	E	4	230.55	87041	0
U-wire-DualResponse-left-as-wt5	corpus	encode-core-hot	retain	R	4	231.56	90323	0
U-wire-DualResponse-left-as-wt5	corpus	encode-core-hot	retain	E2	4	224.78	87324	0
U-wire-DualResponse-left-as-wt5	corpus	encode-core-hot	retain	R	5	224.03	90323	0
U-wire-DualResponse-left-as-wt5	corpus	encode-core-hot	retain	E2	5	220.30	87324	0
U-wire-DualResponse-left-as-wt5	corpus	encode-core-hot	retain	E	5	226.17	87041	0
U-wire-DualResponse-left-as-wt5	corpus	encode-core-hot	retain	E2	6	233.00	87324	0
U-wire-DualResponse-left-as-wt5	corpus	encode-core-hot	retain	E	6	226.55	87041	0
U-wire-DualResponse-left-as-wt5	corpus	encode-core-hot	retain	R	6	229.72	90323	0
U-wire-DualResponse-left-as-wt5	corpus	encode-core-hot	retain	E	7	238.07	87041	0
U-wire-DualResponse-left-as-wt5	corpus	encode-core-hot	retain	R	7	231.51	90323	0
U-wire-DualResponse-left-as-wt5	corpus	encode-core-hot	retain	E2	7	235.90	87324	0
U-wire-DualResponse-left-as-wt5	corpus	encode-core-hot	retain	R	8	226.88	90323	0
U-wire-DualResponse-left-as-wt5	corpus	encode-core-hot	retain	E2	8	227.91	87324	0
U-wire-DualResponse-left-as-wt5	corpus	encode-core-hot	retain	E	8	225.20	87041	0
U-wire-DualResponse-left-as-wt5	corpus	encode-core-hot	retain	E2	9	222.30	87324	0
U-wire-DualResponse-left-as-wt5	corpus	encode-core-hot	retain	E	9	220.97	87041	0
U-wire-DualResponse-left-as-wt5	corpus	encode-core-hot	retain	R	9	223.34	90323	0
U-wire-DualResponse-left-as-wt5	corpus	encode-core-hot	retain	E	10	223.86	87041	0
U-wire-DualResponse-left-as-wt5	corpus	encode-core-hot	retain	R	10	224.98	90323	0
U-wire-DualResponse-left-as-wt5	corpus	encode-core-hot	retain	E2	10	223.52	87324	0
U-wire-DualResponse-left-as-wt5	corpus	encode-core-hot	retain	R	11	235.16	90323	0
U-wire-DualResponse-left-as-wt5	corpus	encode-core-hot	retain	E2	11	237.07	87324	0
U-wire-DualResponse-left-as-wt5	corpus	encode-core-hot	retain	E	11	244.03	87041	0
U-wire-DualResponse-left-as-wt5	corpus	encode-core-hot	retain	E2	12	234.53	87324	0
U-wire-DualResponse-left-as-wt5	corpus	encode-core-hot	retain	E	12	237.99	87041	0
U-wire-DualResponse-left-as-wt5	corpus	encode-core-hot	retain	R	12	237.62	90323	0
U-wire-DualResponse-left-as-wt5	corpus	encode-core-hot	retain	E	13	242.46	87041	0
U-wire-DualResponse-left-as-wt5	corpus	encode-core-hot	retain	R	13	228.45	90323	0
U-wire-DualResponse-left-as-wt5	corpus	encode-core-hot	retain	E2	13	227.41	87324	0
U-wire-DualResponse-left-as-wt5	corpus	encode-core-hot	retain	R	14	234.55	90323	0
U-wire-DualResponse-left-as-wt5	corpus	encode-core-hot	retain	E2	14	235.78	87324	0
U-wire-DualResponse-left-as-wt5	corpus	encode-core-hot	retain	E	14	270.44	87041	0
U-wire-DualResponse-left-as-wt5	corpus	encode-core-hot	retain	E2	15	259.76	87324	0
U-wire-DualResponse-left-as-wt5	corpus	encode-core-hot	retain	E	15	234.90	87041	0
U-wire-DualResponse-left-as-wt5	corpus	encode-core-hot	retain	R	15	223.64	90323	0
U-wire-DualResponse-left-as-wt5	corpus	encode-core-hot	retain	E	16	222.88	87041	0
U-wire-DualResponse-left-as-wt5	corpus	encode-core-hot	retain	R	16	217.28	90323	0
U-wire-DualResponse-left-as-wt5	corpus	encode-core-hot	retain	E2	16	221.70	87324	0
U-wire-DualResponse-left-as-wt5	corpus	encode-core-hot	retain	R	17	221.69	90323	0
U-wire-DualResponse-left-as-wt5	corpus	encode-core-hot	retain	E2	17	222.59	87324	0
U-wire-DualResponse-left-as-wt5	corpus	encode-core-hot	retain	E	17	221.75	87041	0
U-wire-DualResponse-left-as-wt5	corpus	encode-core-hot	retain	E2	18	221.36	87324	0
U-wire-DualResponse-left-as-wt5	corpus	encode-core-hot	retain	E	18	221.96	87041	0
U-wire-DualResponse-left-as-wt5	corpus	encode-core-hot	retain	R	18	224.14	90323	0
U-wire-DualResponse-left-as-wt5	corpus	encode-core-hot	retain	E	19	221.24	87041	0
U-wire-DualResponse-left-as-wt5	corpus	encode-core-hot	retain	R	19	222.94	90323	0
U-wire-DualResponse-left-as-wt5	corpus	encode-core-hot	retain	E2	19	221.49	87324	0
U-wire-DualResponse-left-as-wt5	corpus	encode-core-hot	retain	R	20	225.44	90323	0
U-wire-DualResponse-left-as-wt5	corpus	encode-core-hot	retain	E2	20	226.48	87324	0
U-wire-DualResponse-left-as-wt5	corpus	encode-core-hot	retain	E	20	226.69	87041	0
U-wire-DualResponse-left-as-wt5	corpus	encode-core-hot	retain	E2	21	228.81	87324	0
U-wire-DualResponse-left-as-wt5	corpus	encode-core-hot	retain	E	21	222.75	87041	0
U-wire-DualResponse-left-as-wt5	corpus	encode-core-hot	retain	R	21	226.21	90323	0
