payload	content	dir	mode	path	round	cpu_ns_per_op	ops	resets_per_call
P1.1	ascii	encode-core-hot	drop	E	1	1150.26	28137	0
P1.1	ascii	encode-core-hot	drop	R	1	737.84	28234	0
P1.1	ascii	encode-core-hot	drop	E2	1	731.09	27231	0
P1.1	ascii	encode-core-hot	drop	R	2	712.12	28234	0
P1.1	ascii	encode-core-hot	drop	E2	2	747.28	27231	0
P1.1	ascii	encode-core-hot	drop	E	2	741.72	28137	0
P1.1	ascii	encode-core-hot	drop	E2	3	724.40	27231	0
P1.1	ascii	encode-core-hot	drop	E	3	732.83	28137	0
P1.1	ascii	encode-core-hot	drop	R	3	719.25	28234	0
P1.1	ascii	encode-core-hot	drop	E	4	731.61	28137	0
P1.1	ascii	encode-core-hot	drop	R	4	718.45	28234	0
P1.1	ascii	encode-core-hot	drop	E2	4	760.48	27231	0
P1.1	ascii	encode-core-hot	drop	R	5	744.30	28234	0
P1.1	ascii	encode-core-hot	drop	E2	5	795.97	27231	0
P1.1	ascii	encode-core-hot	drop	E	5	789.10	28137	0
P1.1	ascii	encode-core-hot	drop	E2	6	956.09	27231	0
P1.1	ascii	encode-core-hot	drop	E	6	790.40	28137	0
P1.1	ascii	encode-core-hot	drop	R	6	775.38	28234	0
P1.1	ascii	encode-core-hot	drop	E	7	728.27	28137	0
P1.1	ascii	encode-core-hot	drop	R	7	822.71	28234	0
P1.1	ascii	encode-core-hot	drop	E2	7	744.13	27231	0
P1.1	ascii	encode-core-hot	drop	R	8	829.85	28234	0
P1.1	ascii	encode-core-hot	drop	E2	8	797.27	27231	0
P1.1	ascii	encode-core-hot	drop	E	8	740.04	28137	0
P1.1	ascii	encode-core-hot	drop	E2	9	814.65	27231	0
P1.1	ascii	encode-core-hot	drop	E	9	773.95	28137	0
P1.1	ascii	encode-core-hot	drop	R	9	729.63	28234	0
P1.1	ascii	encode-core-hot	drop	E	10	764.69	28137	0
P1.1	ascii	encode-core-hot	drop	R	10	778.75	28234	0
P1.1	ascii	encode-core-hot	drop	E2	10	773.19	27231	0
P1.1	ascii	encode-core-hot	drop	R	11	967.82	28234	0
P1.1	ascii	encode-core-hot	drop	E2	11	747.89	27231	0
P1.1	ascii	encode-core-hot	drop	E	11	754.46	28137	0
P1.1	ascii	encode-core-hot	drop	E2	12	758.81	27231	0
P1.1	ascii	encode-core-hot	drop	E	12	736.69	28137	0
P1.1	ascii	encode-core-hot	drop	R	12	779.23	28234	0
P1.1	ascii	encode-core-hot	drop	E	13	773.44	28137	0
P1.1	ascii	encode-core-hot	drop	R	13	749.73	28234	0
P1.1	ascii	encode-core-hot	drop	E2	13	768.16	27231	0
P1.1	ascii	encode-core-hot	drop	R	14	1434.29	28234	0
P1.1	ascii	encode-core-hot	drop	E2	14	748.28	27231	0
P1.1	ascii	encode-core-hot	drop	E	14	747.84	28137	0
P1.1	ascii	encode-core-hot	drop	E2	15	744.05	27231	0
P1.1	ascii	encode-core-hot	drop	E	15	753.94	28137	0
P1.1	ascii	encode-core-hot	drop	R	15	818.55	28234	0
P1.1	ascii	encode-core-hot	drop	E	16	742.55	28137	0
P1.1	ascii	encode-core-hot	drop	R	16	738.11	28234	0
P1.1	ascii	encode-core-hot	drop	E2	16	739.16	27231	0
P1.1	ascii	encode-core-hot	drop	R	17	758.54	28234	0
P1.1	ascii	encode-core-hot	drop	E2	17	756.76	27231	0
P1.1	ascii	encode-core-hot	drop	E	17	763.01	28137	0
P1.1	ascii	encode-core-hot	drop	E2	18	752.69	27231	0
P1.1	ascii	encode-core-hot	drop	E	18	747.40	28137	0
P1.1	ascii	encode-core-hot	drop	R	18	748.47	28234	0
P1.1	ascii	encode-core-hot	drop	E	19	745.53	28137	0
P1.1	ascii	encode-core-hot	drop	R	19	779.12	28234	0
P1.1	ascii	encode-core-hot	drop	E2	19	736.80	27231	0
P1.1	ascii	encode-core-hot	drop	R	20	729.04	28234	0
P1.1	ascii	encode-core-hot	drop	E2	20	733.46	27231	0
P1.1	ascii	encode-core-hot	drop	E	20	745.62	28137	0
P1.1	ascii	encode-core-hot	drop	E2	21	813.21	27231	0
P1.1	ascii	encode-core-hot	drop	E	21	755.28	28137	0
P1.1	ascii	encode-core-hot	drop	R	21	783.96	28234	0
P1.1	ascii	encode-core-hot	retain	E	1	1125.77	17849	0
P1.1	ascii	encode-core-hot	retain	R	1	1045.25	12131	0
P1.1	ascii	encode-core-hot	retain	E2	1	1078.22	7761	0
P1.1	ascii	encode-core-hot	retain	R	2	1114.34	12131	0
P1.1	ascii	encode-core-hot	retain	E2	2	1095.74	7761	0
P1.1	ascii	encode-core-hot	retain	E	2	1190.78	17849	0
P1.1	ascii	encode-core-hot	retain	E2	3	2386.82	7761	0
P1.1	ascii	encode-core-hot	retain	E	3	1296.28	17849	0
P1.1	ascii	encode-core-hot	retain	R	3	1067.51	12131	0
P1.1	ascii	encode-core-hot	retain	E	4	1099.82	17849	0
P1.1	ascii	encode-core-hot	retain	R	4	1069.88	12131	0
P1.1	ascii	encode-core-hot	retain	E2	4	1185.53	7761	0
P1.1	ascii	encode-core-hot	retain	R	5	1061.41	12131	0
P1.1	ascii	encode-core-hot	retain	E2	5	1076.91	7761	0
P1.1	ascii	encode-core-hot	retain	E	5	1086.84	17849	0
P1.1	ascii	encode-core-hot	retain	E2	6	1117.46	7761	0
P1.1	ascii	encode-core-hot	retain	E	6	1068.44	17849	0
P1.1	ascii	encode-core-hot	retain	R	6	1021.22	12131	0
P1.1	ascii	encode-core-hot	retain	E	7	1066.30	17849	0
P1.1	ascii	encode-core-hot	retain	R	7	1069.45	12131	0
P1.1	ascii	encode-core-hot	retain	E2	7	1056.92	7761	0
P1.1	ascii	encode-core-hot	retain	R	8	1047.21	12131	0
P1.1	ascii	encode-core-hot	retain	E2	8	1100.46	7761	0
P1.1	ascii	encode-core-hot	retain	E	8	1087.30	17849	0
P1.1	ascii	encode-core-hot	retain	E2	9	1059.86	7761	0
P1.1	ascii	encode-core-hot	retain	E	9	1114.90	17849	0
P1.1	ascii	encode-core-hot	retain	R	9	1073.82	12131	0
P1.1	ascii	encode-core-hot	retain	E	10	1058.56	17849	0
P1.1	ascii	encode-core-hot	retain	R	10	1047.55	12131	0
P1.1	ascii	encode-core-hot	retain	E2	10	1012.07	7761	0
P1.1	ascii	encode-core-hot	retain	R	11	999.64	12131	0
P1.1	ascii	encode-core-hot	retain	E2	11	1046.77	7761	0
P1.1	ascii	encode-core-hot	retain	E	11	1058.26	17849	0
P1.1	ascii	encode-core-hot	retain	E2	12	1055.90	7761	0
P1.1	ascii	encode-core-hot	retain	E	12	1064.60	17849	0
P1.1	ascii	encode-core-hot	retain	R	12	1048.92	12131	0
P1.1	ascii	encode-core-hot	retain	E	13	1028.56	17849	0
P1.1	ascii	encode-core-hot	retain	R	13	1031.37	12131	0
P1.1	ascii	encode-core-hot	retain	E2	13	1011.42	7761	0
P1.1	ascii	encode-core-hot	retain	R	14	1032.45	12131	0
P1.1	ascii	encode-core-hot	retain	E2	14	1029.81	7761	0
P1.1	ascii	encode-core-hot	retain	E	14	1065.85	17849	0
P1.1	ascii	encode-core-hot	retain	E2	15	1216.70	7761	0
P1.1	ascii	encode-core-hot	retain	E	15	1104.43	17849	0
P1.1	ascii	encode-core-hot	retain	R	15	1055.12	12131	0
P1.1	ascii	encode-core-hot	retain	E	16	1055.76	17849	0
P1.1	ascii	encode-core-hot	retain	R	16	1068.58	12131	0
P1.1	ascii	encode-core-hot	retain	E2	16	1045.68	7761	0
P1.1	ascii	encode-core-hot	retain	R	17	1035.21	12131	0
P1.1	ascii	encode-core-hot	retain	E2	17	1055.02	7761	0
P1.1	ascii	encode-core-hot	retain	E	17	1080.72	17849	0
P1.1	ascii	encode-core-hot	retain	E2	18	1043.46	7761	0
P1.1	ascii	encode-core-hot	retain	E	18	1057.43	17849	0
P1.1	ascii	encode-core-hot	retain	R	18	1050.12	12131	0
P1.1	ascii	encode-core-hot	retain	E	19	1059.36	17849	0
P1.1	ascii	encode-core-hot	retain	R	19	1061.47	12131	0
P1.1	ascii	encode-core-hot	retain	E2	19	1047.26	7761	0
P1.1	ascii	encode-core-hot	retain	R	20	1029.88	12131	0
P1.1	ascii	encode-core-hot	retain	E2	20	1041.82	7761	0
P1.1	ascii	encode-core-hot	retain	E	20	1045.89	17849	0
P1.1	ascii	encode-core-hot	retain	E2	21	1036.89	7761	0
P1.1	ascii	encode-core-hot	retain	E	21	1076.66	17849	0
P1.1	ascii	encode-core-hot	retain	R	21	1038.19	12131	0
P1.1	ascii	decode-read	drop	E	1	1356.92	14844	1
P1.1	ascii	decode-read	drop	R	1	1323.16	15200	0
P1.1	ascii	decode-read	drop	E2	1	1365.30	14700	1
P1.1	ascii	decode-read	drop	R	2	1342.79	15200	0
P1.1	ascii	decode-read	drop	E2	2	1359.94	14700	1
P1.1	ascii	decode-read	drop	E	2	1396.75	14844	1
P1.1	ascii	decode-read	drop	E2	3	1368.93	14700	1
P1.1	ascii	decode-read	drop	E	3	1333.53	14844	1
P1.1	ascii	decode-read	drop	R	3	1320.74	15200	0
P1.1	ascii	decode-read	drop	E	4	1331.86	14844	1
P1.1	ascii	decode-read	drop	R	4	1336.00	15200	0
P1.1	ascii	decode-read	drop	E2	4	1338.26	14700	1
P1.1	ascii	decode-read	drop	R	5	1351.74	15200	0
P1.1	ascii	decode-read	drop	E2	5	1406.97	14700	1
P1.1	ascii	decode-read	drop	E	5	1350.75	14844	1
P1.1	ascii	decode-read	drop	E2	6	1357.18	14700	1
P1.1	ascii	decode-read	drop	E	6	1393.23	14844	1
P1.1	ascii	decode-read	drop	R	6	1350.37	15200	0
P1.1	ascii	decode-read	drop	E	7	1369.54	14844	1
P1.1	ascii	decode-read	drop	R	7	1373.59	15200	0
P1.1	ascii	decode-read	drop	E2	7	1435.14	14700	1
P1.1	ascii	decode-read	drop	R	8	1382.11	15200	0
P1.1	ascii	decode-read	drop	E2	8	1392.06	14700	1
P1.1	ascii	decode-read	drop	E	8	1365.51	14844	1
P1.1	ascii	decode-read	drop	E2	9	1334.42	14700	1
P1.1	ascii	decode-read	drop	E	9	1346.49	14844	1
P1.1	ascii	decode-read	drop	R	9	1341.58	15200	0
P1.1	ascii	decode-read	drop	E	10	1333.69	14844	1
P1.1	ascii	decode-read	drop	R	10	1336.18	15200	0
P1.1	ascii	decode-read	drop	E2	10	1341.75	14700	1
P1.1	ascii	decode-read	drop	R	11	1342.35	15200	0
P1.1	ascii	decode-read	drop	E2	11	1590.20	14700	1
P1.1	ascii	decode-read	drop	E	11	1367.57	14844	1
P1.1	ascii	decode-read	drop	E2	12	1384.99	14700	1
P1.1	ascii	decode-read	drop	E	12	1350.69	14844	1
P1.1	ascii	decode-read	drop	R	12	1330.57	15200	0
P1.1	ascii	decode-read	drop	E	13	1382.50	14844	1
P1.1	ascii	decode-read	drop	R	13	1326.64	15200	0
P1.1	ascii	decode-read	drop	E2	13	1354.44	14700	1
P1.1	ascii	decode-read	drop	R	14	1339.57	15200	0
P1.1	ascii	decode-read	drop	E2	14	1373.48	14700	1
P1.1	ascii	decode-read	drop	E	14	1369.44	14844	1
P1.1	ascii	decode-read	drop	E2	15	1362.23	14700	1
P1.1	ascii	decode-read	drop	E	15	1366.08	14844	1
P1.1	ascii	decode-read	drop	R	15	1364.35	15200	0
P1.1	ascii	decode-read	drop	E	16	1437.14	14844	1
P1.1	ascii	decode-read	drop	R	16	1363.55	15200	0
P1.1	ascii	decode-read	drop	E2	16	1350.88	14700	1
P1.1	ascii	decode-read	drop	R	17	1324.65	15200	0
P1.1	ascii	decode-read	drop	E2	17	1344.79	14700	1
P1.1	ascii	decode-read	drop	E	17	1371.68	14844	1
P1.1	ascii	decode-read	drop	E2	18	1349.77	14700	1
P1.1	ascii	decode-read	drop	E	18	1345.53	14844	1
P1.1	ascii	decode-read	drop	R	18	1347.48	15200	0
P1.1	ascii	decode-read	drop	E	19	1356.11	14844	1
P1.1	ascii	decode-read	drop	R	19	1336.61	15200	0
P1.1	ascii	decode-read	drop	E2	19	1366.75	14700	1
P1.1	ascii	decode-read	drop	R	20	1325.72	15200	0
P1.1	ascii	decode-read	drop	E2	20	1353.72	14700	1
P1.1	ascii	decode-read	drop	E	20	1365.22	14844	1
P1.1	ascii	decode-read	drop	E2	21	1343.96	14700	1
P1.1	ascii	decode-read	drop	E	21	1346.54	14844	1
P1.1	ascii	decode-read	drop	R	21	1321.58	15200	0
P1.1	ascii	decode-read	retain	E	1	1427.26	14511	1
P1.1	ascii	decode-read	retain	R	1	1366.90	14402	0
P1.1	ascii	decode-read	retain	E2	1	1359.32	13563	1
P1.1	ascii	decode-read	retain	R	2	1359.46	14402	0
P1.1	ascii	decode-read	retain	E2	2	1350.36	13563	1
P1.1	ascii	decode-read	retain	E	2	1353.38	14511	1
P1.1	ascii	decode-read	retain	E2	3	1403.92	13563	1
P1.1	ascii	decode-read	retain	E	3	1365.20	14511	1
P1.1	ascii	decode-read	retain	R	3	1367.40	14402	0
P1.1	ascii	decode-read	retain	E	4	1403.91	14511	1
P1.1	ascii	decode-read	retain	R	4	1406.05	14402	0
P1.1	ascii	decode-read	retain	E2	4	1364.66	13563	1
P1.1	ascii	decode-read	retain	R	5	1362.96	14402	0
P1.1	ascii	decode-read	retain	E2	5	1397.47	13563	1
P1.1	ascii	decode-read	retain	E	5	1354.05	14511	1
P1.1	ascii	decode-read	retain	E2	6	1361.73	13563	1
P1.1	ascii	decode-read	retain	E	6	1341.44	14511	1
P1.1	ascii	decode-read	retain	R	6	1358.19	14402	0
P1.1	ascii	decode-read	retain	E	7	1352.40	14511	1
P1.1	ascii	decode-read	retain	R	7	1373.89	14402	0
P1.1	ascii	decode-read	retain	E2	7	1394.67	13563	1
P1.1	ascii	decode-read	retain	R	8	1349.54	14402	0
P1.1	ascii	decode-read	retain	E2	8	1351.00	13563	1
P1.1	ascii	decode-read	retain	E	8	1358.67	14511	1
P1.1	ascii	decode-read	retain	E2	9	1363.16	13563	1
P1.1	ascii	decode-read	retain	E	9	1325.01	14511	1
P1.1	ascii	decode-read	retain	R	9	1354.62	14402	0
P1.1	ascii	decode-read	retain	E	10	1373.28	14511	1
P1.1	ascii	decode-read	retain	R	10	1347.24	14402	0
P1.1	ascii	decode-read	retain	E2	10	1359.58	13563	1
P1.1	ascii	decode-read	retain	R	11	1340.98	14402	0
P1.1	ascii	decode-read	retain	E2	11	1389.86	13563	1
P1.1	ascii	decode-read	retain	E	11	1345.63	14511	1
P1.1	ascii	decode-read	retain	E2	12	1350.67	13563	1
P1.1	ascii	decode-read	retain	E	12	1435.99	14511	1
P1.1	ascii	decode-read	retain	R	12	1456.16	14402	0
P1.1	ascii	decode-read	retain	E	13	1385.64	14511	1
P1.1	ascii	decode-read	retain	R	13	1383.80	14402	0
P1.1	ascii	decode-read	retain	E2	13	1428.18	13563	1
P1.1	ascii	decode-read	retain	R	14	1333.09	14402	0
P1.1	ascii	decode-read	retain	E2	14	1433.48	13563	1
P1.1	ascii	decode-read	retain	E	14	1377.88	14511	1
P1.1	ascii	decode-read	retain	E2	15	1415.00	13563	1
P1.1	ascii	decode-read	retain	E	15	1357.47	14511	1
P1.1	ascii	decode-read	retain	R	15	1412.47	14402	0
P1.1	ascii	decode-read	retain	E	16	1401.56	14511	1
P1.1	ascii	decode-read	retain	R	16	1350.07	14402	0
P1.1	ascii	decode-read	retain	E2	16	1379.07	13563	1
P1.1	ascii	decode-read	retain	R	17	1378.19	14402	0
P1.1	ascii	decode-read	retain	E2	17	1428.22	13563	1
P1.1	ascii	decode-read	retain	E	17	1370.74	14511	1
P1.1	ascii	decode-read	retain	E2	18	1387.40	13563	1
P1.1	ascii	decode-read	retain	E	18	1380.11	14511	1
P1.1	ascii	decode-read	retain	R	18	1343.39	14402	0
P1.1	ascii	decode-read	retain	E	19	1369.12	14511	1
P1.1	ascii	decode-read	retain	R	19	1361.64	14402	0
P1.1	ascii	decode-read	retain	E2	19	1409.64	13563	1
P1.1	ascii	decode-read	retain	R	20	1356.91	14402	0
P1.1	ascii	decode-read	retain	E2	20	1348.34	13563	1
P1.1	ascii	decode-read	retain	E	20	1369.96	14511	1
P1.1	ascii	decode-read	retain	E2	21	1359.18	13563	1
P1.1	ascii	decode-read	retain	E	21	1344.54	14511	1
P1.1	ascii	decode-read	retain	R	21	1358.88	14402	0
P5.1	ascii	encode-core-hot	drop	E	1	98.09	204064	0
P5.1	ascii	encode-core-hot	drop	R	1	100.37	166752	0
P5.1	ascii	encode-core-hot	drop	E2	1	98.91	186365	0
P5.1	ascii	encode-core-hot	drop	R	2	97.56	166752	0
P5.1	ascii	encode-core-hot	drop	E2	2	98.66	186365	0
P5.1	ascii	encode-core-hot	drop	E	2	96.54	204064	0
P5.1	ascii	encode-core-hot	drop	E2	3	96.31	186365	0
P5.1	ascii	encode-core-hot	drop	E	3	101.24	204064	0
P5.1	ascii	encode-core-hot	drop	R	3	97.91	166752	0
P5.1	ascii	encode-core-hot	drop	E	4	96.17	204064	0
P5.1	ascii	encode-core-hot	drop	R	4	96.75	166752	0
P5.1	ascii	encode-core-hot	drop	E2	4	97.36	186365	0
P5.1	ascii	encode-core-hot	drop	R	5	95.88	166752	0
P5.1	ascii	encode-core-hot	drop	E2	5	102.44	186365	0
P5.1	ascii	encode-core-hot	drop	E	5	101.38	204064	0
P5.1	ascii	encode-core-hot	drop	E2	6	99.38	186365	0
P5.1	ascii	encode-core-hot	drop	E	6	95.46	204064	0
P5.1	ascii	encode-core-hot	drop	R	6	96.69	166752	0
P5.1	ascii	encode-core-hot	drop	E	7	99.73	204064	0
P5.1	ascii	encode-core-hot	drop	R	7	96.62	166752	0
P5.1	ascii	encode-core-hot	drop	E2	7	98.09	186365	0
P5.1	ascii	encode-core-hot	drop	R	8	98.08	166752	0
P5.1	ascii	encode-core-hot	drop	E2	8	99.26	186365	0
P5.1	ascii	encode-core-hot	drop	E	8	100.62	204064	0
P5.1	ascii	encode-core-hot	drop	E2	9	100.17	186365	0
P5.1	ascii	encode-core-hot	drop	E	9	98.89	204064	0
P5.1	ascii	encode-core-hot	drop	R	9	99.67	166752	0
P5.1	ascii	encode-core-hot	drop	E	10	98.84	204064	0
P5.1	ascii	encode-core-hot	drop	R	10	99.68	166752	0
P5.1	ascii	encode-core-hot	drop	E2	10	96.44	186365	0
P5.1	ascii	encode-core-hot	drop	R	11	96.51	166752	0
P5.1	ascii	encode-core-hot	drop	E2	11	96.17	186365	0
P5.1	ascii	encode-core-hot	drop	E	11	95.95	204064	0
P5.1	ascii	encode-core-hot	drop	E2	12	95.90	186365	0
P5.1	ascii	encode-core-hot	drop	E	12	95.54	204064	0
P5.1	ascii	encode-core-hot	drop	R	12	94.97	166752	0
P5.1	ascii	encode-core-hot	drop	E	13	97.84	204064	0
P5.1	ascii	encode-core-hot	drop	R	13	97.65	166752	0
P5.1	ascii	encode-core-hot	drop	E2	13	95.41	186365	0
P5.1	ascii	encode-core-hot	drop	R	14	103.63	166752	0
P5.1	ascii	encode-core-hot	drop	E2	14	103.75	186365	0
P5.1	ascii	encode-core-hot	drop	E	14	102.52	204064	0
P5.1	ascii	encode-core-hot	drop	E2	15	96.34	186365	0
P5.1	ascii	encode-core-hot	drop	E	15	96.59	204064	0
P5.1	ascii	encode-core-hot	drop	R	15	95.07	166752	0
P5.1	ascii	encode-core-hot	drop	E	16	95.54	204064	0
P5.1	ascii	encode-core-hot	drop	R	16	95.99	166752	0
P5.1	ascii	encode-core-hot	drop	E2	16	96.42	186365	0
P5.1	ascii	encode-core-hot	drop	R	17	94.99	166752	0
P5.1	ascii	encode-core-hot	drop	E2	17	98.27	186365	0
P5.1	ascii	encode-core-hot	drop	E	17	96.71	204064	0
P5.1	ascii	encode-core-hot	drop	E2	18	95.65	186365	0
P5.1	ascii	encode-core-hot	drop	E	18	95.74	204064	0
P5.1	ascii	encode-core-hot	drop	R	18	94.24	166752	0
P5.1	ascii	encode-core-hot	drop	E	19	95.11	204064	0
P5.1	ascii	encode-core-hot	drop	R	19	94.38	166752	0
P5.1	ascii	encode-core-hot	drop	E2	19	95.13	186365	0
P5.1	ascii	encode-core-hot	drop	R	20	94.54	166752	0
P5.1	ascii	encode-core-hot	drop	E2	20	95.51	186365	0
P5.1	ascii	encode-core-hot	drop	E	20	95.15	204064	0
P5.1	ascii	encode-core-hot	drop	E2	21	96.74	186365	0
P5.1	ascii	encode-core-hot	drop	E	21	97.26	204064	0
P5.1	ascii	encode-core-hot	drop	R	21	96.03	166752	0
P5.1	ascii	encode-core-hot	retain	E	1	98.64	202005	0
P5.1	ascii	encode-core-hot	retain	R	1	97.98	206258	0
P5.1	ascii	encode-core-hot	retain	E2	1	97.80	193553	0
P5.1	ascii	encode-core-hot	retain	R	2	100.88	206258	0
P5.1	ascii	encode-core-hot	retain	E2	2	98.65	193553	0
P5.1	ascii	encode-core-hot	retain	E	2	98.15	202005	0
P5.1	ascii	encode-core-hot	retain	E2	3	101.17	193553	0
P5.1	ascii	encode-core-hot	retain	E	3	98.18	202005	0
P5.1	ascii	encode-core-hot	retain	R	3	97.79	206258	0
P5.1	ascii	encode-core-hot	retain	E	4	98.21	202005	0
P5.1	ascii	encode-core-hot	retain	R	4	97.66	206258	0
P5.1	ascii	encode-core-hot	retain	E2	4	98.96	193553	0
P5.1	ascii	encode-core-hot	retain	R	5	97.85	206258	0
P5.1	ascii	encode-core-hot	retain	E2	5	98.13	193553	0
P5.1	ascii	encode-core-hot	retain	E	5	98.61	202005	0
P5.1	ascii	encode-core-hot	retain	E2	6	98.27	193553	0
P5.1	ascii	encode-core-hot	retain	E	6	98.49	202005	0
P5.1	ascii	encode-core-hot	retain	R	6	97.91	206258	0
P5.1	ascii	encode-core-hot	retain	E	7	98.04	202005	0
P5.1	ascii	encode-core-hot	retain	R	7	96.71	206258	0
P5.1	ascii	encode-core-hot	retain	E2	7	97.53	193553	0
P5.1	ascii	encode-core-hot	retain	R	8	97.91	206258	0
P5.1	ascii	encode-core-hot	retain	E2	8	97.74	193553	0
P5.1	ascii	encode-core-hot	retain	E	8	97.63	202005	0
P5.1	ascii	encode-core-hot	retain	E2	9	97.54	193553	0
P5.1	ascii	encode-core-hot	retain	E	9	99.03	202005	0
P5.1	ascii	encode-core-hot	retain	R	9	99.64	206258	0
P5.1	ascii	encode-core-hot	retain	E	10	99.73	202005	0
P5.1	ascii	encode-core-hot	retain	R	10	98.01	206258	0
P5.1	ascii	encode-core-hot	retain	E2	10	98.77	193553	0
P5.1	ascii	encode-core-hot	retain	R	11	99.01	206258	0
P5.1	ascii	encode-core-hot	retain	E2	11	101.47	193553	0
P5.1	ascii	encode-core-hot	retain	E	11	99.13	202005	0
P5.1	ascii	encode-core-hot	retain	E2	12	98.72	193553	0
P5.1	ascii	encode-core-hot	retain	E	12	99.41	202005	0
P5.1	ascii	encode-core-hot	retain	R	12	101.46	206258	0
P5.1	ascii	encode-core-hot	retain	E	13	107.89	202005	0
P5.1	ascii	encode-core-hot	retain	R	13	103.30	206258	0
P5.1	ascii	encode-core-hot	retain	E2	13	107.41	193553	0
P5.1	ascii	encode-core-hot	retain	R	14	100.34	206258	0
P5.1	ascii	encode-core-hot	retain	E2	14	98.81	193553	0
P5.1	ascii	encode-core-hot	retain	E	14	99.08	202005	0
P5.1	ascii	encode-core-hot	retain	E2	15	100.40	193553	0
P5.1	ascii	encode-core-hot	retain	E	15	98.98	202005	0
P5.1	ascii	encode-core-hot	retain	R	15	100.38	206258	0
P5.1	ascii	encode-core-hot	retain	E	16	99.68	202005	0
P5.1	ascii	encode-core-hot	retain	R	16	98.25	206258	0
P5.1	ascii	encode-core-hot	retain	E2	16	114.94	193553	0
P5.1	ascii	encode-core-hot	retain	R	17	100.66	206258	0
P5.1	ascii	encode-core-hot	retain	E2	17	97.93	193553	0
P5.1	ascii	encode-core-hot	retain	E	17	98.27	202005	0
P5.1	ascii	encode-core-hot	retain	E2	18	99.08	193553	0
P5.1	ascii	encode-core-hot	retain	E	18	101.28	202005	0
P5.1	ascii	encode-core-hot	retain	R	18	100.86	206258	0
P5.1	ascii	encode-core-hot	retain	E	19	100.65	202005	0
P5.1	ascii	encode-core-hot	retain	R	19	98.60	206258	0
P5.1	ascii	encode-core-hot	retain	E2	19	102.39	193553	0
P5.1	ascii	encode-core-hot	retain	R	20	99.10	206258	0
P5.1	ascii	encode-core-hot	retain	E2	20	104.19	193553	0
P5.1	ascii	encode-core-hot	retain	E	20	100.59	202005	0
P5.1	ascii	encode-core-hot	retain	E2	21	102.51	193553	0
P5.1	ascii	encode-core-hot	retain	E	21	99.75	202005	0
P5.1	ascii	encode-core-hot	retain	R	21	104.01	206258	0
P5.1	ascii	decode-read	drop	E	1	167.28	124802	1
P5.1	ascii	decode-read	drop	R	1	162.90	113701	0
P5.1	ascii	decode-read	drop	E2	1	165.92	120117	1
P5.1	ascii	decode-read	drop	R	2	162.91	113701	0
P5.1	ascii	decode-read	drop	E2	2	162.56	120117	1
P5.1	ascii	decode-read	drop	E	2	163.98	124802	1
P5.1	ascii	decode-read	drop	E2	3	162.25	120117	1
P5.1	ascii	decode-read	drop	E	3	165.46	124802	1
P5.1	ascii	decode-read	drop	R	3	160.96	113701	0
P5.1	ascii	decode-read	drop	E	4	164.43	124802	1
P5.1	ascii	decode-read	drop	R	4	163.13	113701	0
P5.1	ascii	decode-read	drop	E2	4	166.16	120117	1
P5.1	ascii	decode-read	drop	R	5	164.06	113701	0
P5.1	ascii	decode-read	drop	E2	5	170.59	120117	1
P5.1	ascii	decode-read	drop	E	5	167.49	124802	1
P5.1	ascii	decode-read	drop	E2	6	170.42	120117	1
P5.1	ascii	decode-read	drop	E	6	166.10	124802	1
P5.1	ascii	decode-read	drop	R	6	164.89	113701	0
P5.1	ascii	decode-read	drop	E	7	166.82	124802	1
P5.1	ascii	decode-read	drop	R	7	160.85	113701	0
P5.1	ascii	decode-read	drop	E2	7	169.24	120117	1
P5.1	ascii	decode-read	drop	R	8	169.41	113701	0
P5.1	ascii	decode-read	drop	E2	8	169.88	120117	1
P5.1	ascii	decode-read	drop	E	8	166.84	124802	1
P5.1	ascii	decode-read	drop	E2	9	165.20	120117	1
P5.1	ascii	decode-read	drop	E	9	164.62	124802	1
P5.1	ascii	decode-read	drop	R	9	161.48	113701	0
P5.1	ascii	decode-read	drop	E	10	170.70	124802	1
P5.1	ascii	decode-read	drop	R	10	163.93	113701	0
P5.1	ascii	decode-read	drop	E2	10	164.72	120117	1
P5.1	ascii	decode-read	drop	R	11	162.71	113701	0
P5.1	ascii	decode-read	drop	E2	11	164.59	120117	1
P5.1	ascii	decode-read	drop	E	11	168.87	124802	1
P5.1	ascii	decode-read	drop	E2	12	169.59	120117	1
P5.1	ascii	decode-read	drop	E	12	164.77	124802	1
P5.1	ascii	decode-read	drop	R	12	161.91	113701	0
P5.1	ascii	decode-read	drop	E	13	164.50	124802	1
P5.1	ascii	decode-read	drop	R	13	163.51	113701	0
P5.1	ascii	decode-read	drop	E2	13	184.13	120117	1
P5.1	ascii	decode-read	drop	R	14	170.02	113701	0
P5.1	ascii	decode-read	drop	E2	14	168.12	120117	1
P5.1	ascii	decode-read	drop	E	14	163.97	124802	1
P5.1	ascii	decode-read	drop	E2	15	170.36	120117	1
P5.1	ascii	decode-read	drop	E	15	160.53	124802	1
P5.1	ascii	decode-read	drop	R	15	159.64	113701	0
P5.1	ascii	decode-read	drop	E	16	164.08	124802	1
P5.1	ascii	decode-read	drop	R	16	159.37	113701	0
P5.1	ascii	decode-read	drop	E2	16	171.37	120117	1
P5.1	ascii	decode-read	drop	R	17	166.87	113701	0
P5.1	ascii	decode-read	drop	E2	17	170.37	120117	1
P5.1	ascii	decode-read	drop	E	17	168.99	124802	1
P5.1	ascii	decode-read	drop	E2	18	166.59	120117	1
P5.1	ascii	decode-read	drop	E	18	164.81	124802	1
P5.1	ascii	decode-read	drop	R	18	162.30	113701	0
P5.1	ascii	decode-read	drop	E	19	169.21	124802	1
P5.1	ascii	decode-read	drop	R	19	162.36	113701	0
P5.1	ascii	decode-read	drop	E2	19	161.99	120117	1
P5.1	ascii	decode-read	drop	R	20	158.22	113701	0
P5.1	ascii	decode-read	drop	E2	20	160.31	120117	1
P5.1	ascii	decode-read	drop	E	20	162.54	124802	1
P5.1	ascii	decode-read	drop	E2	21	161.07	120117	1
P5.1	ascii	decode-read	drop	E	21	164.53	124802	1
P5.1	ascii	decode-read	drop	R	21	160.75	113701	0
P5.1	ascii	decode-read	retain	E	1	170.68	111186	1
P5.1	ascii	decode-read	retain	R	1	171.18	72401	0
P5.1	ascii	decode-read	retain	E2	1	170.04	117964	1
P5.1	ascii	decode-read	retain	R	2	169.22	72401	0
P5.1	ascii	decode-read	retain	E2	2	166.47	117964	1
P5.1	ascii	decode-read	retain	E	2	166.46	111186	1
P5.1	ascii	decode-read	retain	E2	3	171.78	117964	1
P5.1	ascii	decode-read	retain	E	3	172.32	111186	1
P5.1	ascii	decode-read	retain	R	3	169.54	72401	0
P5.1	ascii	decode-read	retain	E	4	171.19	111186	1
P5.1	ascii	decode-read	retain	R	4	165.17	72401	0
P5.1	ascii	decode-read	retain	E2	4	168.16	117964	1
P5.1	ascii	decode-read	retain	R	5	164.80	72401	0
P5.1	ascii	decode-read	retain	E2	5	167.26	117964	1
P5.1	ascii	decode-read	retain	E	5	180.55	111186	1
P5.1	ascii	decode-read	retain	E2	6	171.24	117964	1
P5.1	ascii	decode-read	retain	E	6	168.73	111186	1
P5.1	ascii	decode-read	retain	R	6	166.48	72401	0
P5.1	ascii	decode-read	retain	E	7	172.76	111186	1
P5.1	ascii	decode-read	retain	R	7	175.99	72401	0
P5.1	ascii	decode-read	retain	E2	7	168.65	117964	1
P5.1	ascii	decode-read	retain	R	8	171.65	72401	0
P5.1	ascii	decode-read	retain	E2	8	172.24	117964	1
P5.1	ascii	decode-read	retain	E	8	179.55	111186	1
P5.1	ascii	decode-read	retain	E2	9	187.91	117964	1
P5.1	ascii	decode-read	retain	E	9	174.22	111186	1
P5.1	ascii	decode-read	retain	R	9	173.62	72401	0
P5.1	ascii	decode-read	retain	E	10	174.92	111186	1
P5.1	ascii	decode-read	retain	R	10	171.27	72401	0
P5.1	ascii	decode-read	retain	E2	10	216.30	117964	1
P5.1	ascii	decode-read	retain	R	11	198.56	72401	0
P5.1	ascii	decode-read	retain	E2	11	169.67	117964	1
P5.1	ascii	decode-read	retain	E	11	166.83	111186	1
P5.1	ascii	decode-read	retain	E2	12	168.13	117964	1
P5.1	ascii	decode-read	retain	E	12	165.49	111186	1
P5.1	ascii	decode-read	retain	R	12	175.38	72401	0
P5.1	ascii	decode-read	retain	E	13	171.38	111186	1
P5.1	ascii	decode-read	retain	R	13	169.16	72401	0
P5.1	ascii	decode-read	retain	E2	13	175.35	117964	1
P5.1	ascii	decode-read	retain	R	14	167.50	72401	0
P5.1	ascii	decode-read	retain	E2	14	170.52	117964	1
P5.1	ascii	decode-read	retain	E	14	170.61	111186	1
P5.1	ascii	decode-read	retain	E2	15	168.55	117964	1
P5.1	ascii	decode-read	retain	E	15	169.04	111186	1
P5.1	ascii	decode-read	retain	R	15	164.16	72401	0
P5.1	ascii	decode-read	retain	E	16	167.74	111186	1
P5.1	ascii	decode-read	retain	R	16	165.59	72401	0
P5.1	ascii	decode-read	retain	E2	16	168.26	117964	1
P5.1	ascii	decode-read	retain	R	17	167.24	72401	0
P5.1	ascii	decode-read	retain	E2	17	170.94	117964	1
P5.1	ascii	decode-read	retain	E	17	166.50	111186	1
P5.1	ascii	decode-read	retain	E2	18	169.50	117964	1
P5.1	ascii	decode-read	retain	E	18	166.89	111186	1
P5.1	ascii	decode-read	retain	R	18	176.50	72401	0
P5.1	ascii	decode-read	retain	E	19	170.15	111186	1
P5.1	ascii	decode-read	retain	R	19	168.33	72401	0
P5.1	ascii	decode-read	retain	E2	19	171.50	117964	1
P5.1	ascii	decode-read	retain	R	20	167.46	72401	0
P5.1	ascii	decode-read	retain	E2	20	167.36	117964	1
P5.1	ascii	decode-read	retain	E	20	171.38	111186	1
P5.1	ascii	decode-read	retain	E2	21	166.51	117964	1
P5.1	ascii	decode-read	retain	E	21	169.03	111186	1
P5.1	ascii	decode-read	retain	R	21	164.06	72401	0
P7.1	ascii	decode-read	drop	E	1	574.58	33864	1
P7.1	ascii	decode-read	drop	R	1	577.46	15831	0
P7.1	ascii	decode-read	drop	E2	1	576.15	31895	1
P7.1	ascii	decode-read	drop	R	2	571.36	15831	0
P7.1	ascii	decode-read	drop	E2	2	571.82	31895	1
P7.1	ascii	decode-read	drop	E	2	572.02	33864	1
P7.1	ascii	decode-read	drop	E2	3	569.09	31895	1
P7.1	ascii	decode-read	drop	E	3	580.46	33864	1
P7.1	ascii	decode-read	drop	R	3	579.32	15831	0
P7.1	ascii	decode-read	drop	E	4	575.43	33864	1
P7.1	ascii	decode-read	drop	R	4	564.92	15831	0
P7.1	ascii	decode-read	drop	E2	4	567.66	31895	1
P7.1	ascii	decode-read	drop	R	5	564.74	15831	0
P7.1	ascii	decode-read	drop	E2	5	564.71	31895	1
P7.1	ascii	decode-read	drop	E	5	564.68	33864	1
P7.1	ascii	decode-read	drop	E2	6	565.17	31895	1
P7.1	ascii	decode-read	drop	E	6	578.28	33864	1
P7.1	ascii	decode-read	drop	R	6	557.25	15831	0
P7.1	ascii	decode-read	drop	E	7	568.10	33864	1
P7.1	ascii	decode-read	drop	R	7	557.60	15831	0
P7.1	ascii	decode-read	drop	E2	7	567.08	31895	1
P7.1	ascii	decode-read	drop	R	8	559.83	15831	0
P7.1	ascii	decode-read	drop	E2	8	567.92	31895	1
P7.1	ascii	decode-read	drop	E	8	563.53	33864	1
P7.1	ascii	decode-read	drop	E2	9	573.03	31895	1
P7.1	ascii	decode-read	drop	E	9	559.66	33864	1
P7.1	ascii	decode-read	drop	R	9	558.50	15831	0
P7.1	ascii	decode-read	drop	E	10	564.54	33864	1
P7.1	ascii	decode-read	drop	R	10	560.08	15831	0
P7.1	ascii	decode-read	drop	E2	10	561.15	31895	1
P7.1	ascii	decode-read	drop	R	11	560.35	15831	0
P7.1	ascii	decode-read	drop	E2	11	574.37	31895	1
P7.1	ascii	decode-read	drop	E	11	561.22	33864	1
P7.1	ascii	decode-read	drop	E2	12	554.37	31895	1
P7.1	ascii	decode-read	drop	E	12	564.05	33864	1
P7.1	ascii	decode-read	drop	R	12	548.39	15831	0
P7.1	ascii	decode-read	drop	E	13	564.35	33864	1
P7.1	ascii	decode-read	drop	R	13	556.62	15831	0
P7.1	ascii	decode-read	drop	E2	13	573.92	31895	1
P7.1	ascii	decode-read	drop	R	14	550.37	15831	0
P7.1	ascii	decode-read	drop	E2	14	566.19	31895	1
P7.1	ascii	decode-read	drop	E	14	568.54	33864	1
P7.1	ascii	decode-read	drop	E2	15	568.32	31895	1
P7.1	ascii	decode-read	drop	E	15	566.61	33864	1
P7.1	ascii	decode-read	drop	R	15	557.98	15831	0
P7.1	ascii	decode-read	drop	E	16	578.06	33864	1
P7.1	ascii	decode-read	drop	R	16	559.78	15831	0
P7.1	ascii	decode-read	drop	E2	16	564.86	31895	1
P7.1	ascii	decode-read	drop	R	17	556.44	15831	0
P7.1	ascii	decode-read	drop	E2	17	568.27	31895	1
P7.1	ascii	decode-read	drop	E	17	565.08	33864	1
P7.1	ascii	decode-read	drop	E2	18	578.23	31895	1
P7.1	ascii	decode-read	drop	E	18	565.89	33864	1
P7.1	ascii	decode-read	drop	R	18	553.00	15831	0
P7.1	ascii	decode-read	drop	E	19	564.93	33864	1
P7.1	ascii	decode-read	drop	R	19	559.21	15831	0
P7.1	ascii	decode-read	drop	E2	19	563.88	31895	1
P7.1	ascii	decode-read	drop	R	20	555.59	15831	0
P7.1	ascii	decode-read	drop	E2	20	815.55	31895	1
P7.1	ascii	decode-read	drop	E	20	704.65	33864	1
P7.1	ascii	decode-read	drop	E2	21	576.71	31895	1
P7.1	ascii	decode-read	drop	E	21	581.13	33864	1
P7.1	ascii	decode-read	drop	R	21	561.56	15831	0
P7.1	ascii	decode-read	retain	E	1	586.62	34254	1
P7.1	ascii	decode-read	retain	R	1	577.45	36374	0
P7.1	ascii	decode-read	retain	E2	1	579.04	34466	1
P7.1	ascii	decode-read	retain	R	2	585.93	36374	0
P7.1	ascii	decode-read	retain	E2	2	577.62	34466	1
P7.1	ascii	decode-read	retain	E	2	576.39	34254	1
P7.1	ascii	decode-read	retain	E2	3	589.62	34466	1
P7.1	ascii	decode-read	retain	E	3	574.73	34254	1
P7.1	ascii	decode-read	retain	R	3	566.20	36374	0
P7.1	ascii	decode-read	retain	E	4	579.12	34254	1
P7.1	ascii	decode-read	retain	R	4	568.50	36374	0
P7.1	ascii	decode-read	retain	E2	4	579.49	34466	1
P7.1	ascii	decode-read	retain	R	5	576.34	36374	0
P7.1	ascii	decode-read	retain	E2	5	579.11	34466	1
P7.1	ascii	decode-read	retain	E	5	579.40	34254	1
P7.1	ascii	decode-read	retain	E2	6	580.49	34466	1
P7.1	ascii	decode-read	retain	E	6	577.36	34254	1
P7.1	ascii	decode-read	retain	R	6	578.15	36374	0
P7.1	ascii	decode-read	retain	E	7	576.39	34254	1
P7.1	ascii	decode-read	retain	R	7	567.05	36374	0
P7.1	ascii	decode-read	retain	E2	7	580.84	34466	1
P7.1	ascii	decode-read	retain	R	8	568.64	36374	0
P7.1	ascii	decode-read	retain	E2	8	571.50	34466	1
P7.1	ascii	decode-read	retain	E	8	587.76	34254	1
P7.1	ascii	decode-read	retain	E2	9	579.80	34466	1
P7.1	ascii	decode-read	retain	E	9	577.04	34254	1
P7.1	ascii	decode-read	retain	R	9	563.99	36374	0
P7.1	ascii	decode-read	retain	E	10	576.83	34254	1
P7.1	ascii	decode-read	retain	R	10	579.81	36374	0
P7.1	ascii	decode-read	retain	E2	10	577.39	34466	1
P7.1	ascii	decode-read	retain	R	11	563.94	36374	0
P7.1	ascii	decode-read	retain	E2	11	577.05	34466	1
P7.1	ascii	decode-read	retain	E	11	573.88	34254	1
P7.1	ascii	decode-read	retain	E2	12	583.05	34466	1
P7.1	ascii	decode-read	retain	E	12	586.38	34254	1
P7.1	ascii	decode-read	retain	R	12	567.94	36374	0
P7.1	ascii	decode-read	retain	E	13	577.23	34254	1
P7.1	ascii	decode-read	retain	R	13	565.39	36374	0
P7.1	ascii	decode-read	retain	E2	13	570.21	34466	1
P7.1	ascii	decode-read	retain	R	14	577.67	36374	0
P7.1	ascii	decode-read	retain	E2	14	577.21	34466	1
P7.1	ascii	decode-read	retain	E	14	574.16	34254	1
P7.1	ascii	decode-read	retain	E2	15	577.93	34466	1
P7.1	ascii	decode-read	retain	E	15	583.48	34254	1
P7.1	ascii	decode-read	retain	R	15	566.90	36374	0
P7.1	ascii	decode-read	retain	E	16	587.21	34254	1
P7.1	ascii	decode-read	retain	R	16	590.23	36374	0
P7.1	ascii	decode-read	retain	E2	16	581.32	34466	1
P7.1	ascii	decode-read	retain	R	17	570.62	36374	0
P7.1	ascii	decode-read	retain	E2	17	576.25	34466	1
P7.1	ascii	decode-read	retain	E	17	587.57	34254	1
P7.1	ascii	decode-read	retain	E2	18	577.75	34466	1
P7.1	ascii	decode-read	retain	E	18	575.52	34254	1
P7.1	ascii	decode-read	retain	R	18	581.96	36374	0
P7.1	ascii	decode-read	retain	E	19	584.55	34254	1
P7.1	ascii	decode-read	retain	R	19	581.47	36374	0
P7.1	ascii	decode-read	retain	E2	19	581.25	34466	1
P7.1	ascii	decode-read	retain	R	20	572.50	36374	0
P7.1	ascii	decode-read	retain	E2	20	584.32	34466	1
P7.1	ascii	decode-read	retain	E	20	577.80	34254	1
P7.1	ascii	decode-read	retain	E2	21	588.09	34466	1
P7.1	ascii	decode-read	retain	E	21	587.28	34254	1
P7.1	ascii	decode-read	retain	R	21	577.69	36374	0
U-nested-before	corpus	decode-read	drop	E	1	442.09	45705	1
U-nested-before	corpus	decode-read	drop	R	1	429.43	46268	0
U-nested-before	corpus	decode-read	drop	E2	1	444.45	45091	1
U-nested-before	corpus	decode-read	drop	R	2	426.10	46268	0
U-nested-before	corpus	decode-read	drop	E2	2	440.48	45091	1
U-nested-before	corpus	decode-read	drop	E	2	438.10	45705	1
U-nested-before	corpus	decode-read	drop	E2	3	445.12	45091	1
U-nested-before	corpus	decode-read	drop	E	3	441.56	45705	1
U-nested-before	corpus	decode-read	drop	R	3	433.56	46268	0
U-nested-before	corpus	decode-read	drop	E	4	432.55	45705	1
U-nested-before	corpus	decode-read	drop	R	4	437.36	46268	0
U-nested-before	corpus	decode-read	drop	E2	4	442.86	45091	1
U-nested-before	corpus	decode-read	drop	R	5	434.92	46268	0
U-nested-before	corpus	decode-read	drop	E2	5	447.69	45091	1
U-nested-before	corpus	decode-read	drop	E	5	438.38	45705	1
U-nested-before	corpus	decode-read	drop	E2	6	443.54	45091	1
U-nested-before	corpus	decode-read	drop	E	6	445.95	45705	1
U-nested-before	corpus	decode-read	drop	R	6	438.84	46268	0
U-nested-before	corpus	decode-read	drop	E	7	439.04	45705	1
U-nested-before	corpus	decode-read	drop	R	7	436.40	46268	0
U-nested-before	corpus	decode-read	drop	E2	7	443.50	45091	1
U-nested-before	corpus	decode-read	drop	R	8	440.04	46268	0
U-nested-before	corpus	decode-read	drop	E2	8	440.37	45091	1
U-nested-before	corpus	decode-read	drop	E	8	440.55	45705	1
U-nested-before	corpus	decode-read	drop	E2	9	436.86	45091	1
U-nested-before	corpus	decode-read	drop	E	9	445.35	45705	1
U-nested-before	corpus	decode-read	drop	R	9	428.21	46268	0
U-nested-before	corpus	decode-read	drop	E	10	441.43	45705	1
U-nested-before	corpus	decode-read	drop	R	10	434.49	46268	0
U-nested-before	corpus	decode-read	drop	E2	10	443.96	45091	1
U-nested-before	corpus	decode-read	drop	R	11	435.24	46268	0
U-nested-before	corpus	decode-read	drop	E2	11	440.25	45091	1
U-nested-before	corpus	decode-read	drop	E	11	444.75	45705	1
U-nested-before	corpus	decode-read	drop	E2	12	433.46	45091	1
U-nested-before	corpus	decode-read	drop	E	12	443.94	45705	1
U-nested-before	corpus	decode-read	drop	R	12	438.13	46268	0
U-nested-before	corpus	decode-read	drop	E	13	457.45	45705	1
U-nested-before	corpus	decode-read	drop	R	13	434.76	46268	0
U-nested-before	corpus	decode-read	drop	E2	13	443.51	45091	1
U-nested-before	corpus	decode-read	drop	R	14	438.24	46268	0
U-nested-before	corpus	decode-read	drop	E2	14	445.33	45091	1
U-nested-before	corpus	decode-read	drop	E	14	436.69	45705	1
U-nested-before	corpus	decode-read	drop	E2	15	449.34	45091	1
U-nested-before	corpus	decode-read	drop	E	15	439.82	45705	1
U-nested-before	corpus	decode-read	drop	R	15	447.47	46268	0
U-nested-before	corpus	decode-read	drop	E	16	442.33	45705	1
U-nested-before	corpus	decode-read	drop	R	16	436.30	46268	0
U-nested-before	corpus	decode-read	drop	E2	16	437.69	45091	1
U-nested-before	corpus	decode-read	drop	R	17	436.93	46268	0
U-nested-before	corpus	decode-read	drop	E2	17	440.10	45091	1
U-nested-before	corpus	decode-read	drop	E	17	449.68	45705	1
U-nested-before	corpus	decode-read	drop	E2	18	454.11	45091	1
U-nested-before	corpus	decode-read	drop	E	18	439.68	45705	1
U-nested-before	corpus	decode-read	drop	R	18	432.81	46268	0
U-nested-before	corpus	decode-read	drop	E	19	440.12	45705	1
U-nested-before	corpus	decode-read	drop	R	19	439.53	46268	0
U-nested-before	corpus	decode-read	drop	E2	19	438.42	45091	1
U-nested-before	corpus	decode-read	drop	R	20	434.21	46268	0
U-nested-before	corpus	decode-read	drop	E2	20	441.56	45091	1
U-nested-before	corpus	decode-read	drop	E	20	444.07	45705	1
U-nested-before	corpus	decode-read	drop	E2	21	444.30	45091	1
U-nested-before	corpus	decode-read	drop	E	21	442.64	45705	1
U-nested-before	corpus	decode-read	drop	R	21	433.34	46268	0
U-nested-before	corpus	decode-read	retain	E	1	568.17	35350	1
U-nested-before	corpus	decode-read	retain	R	1	553.37	36075	0
U-nested-before	corpus	decode-read	retain	E2	1	565.46	35773	1
U-nested-before	corpus	decode-read	retain	R	2	556.49	36075	0
U-nested-before	corpus	decode-read	retain	E2	2	570.74	35773	1
U-nested-before	corpus	decode-read	retain	E	2	569.24	35350	1
U-nested-before	corpus	decode-read	retain	E2	3	569.11	35773	1
U-nested-before	corpus	decode-read	retain	E	3	557.00	35350	1
U-nested-before	corpus	decode-read	retain	R	3	564.92	36075	0
U-nested-before	corpus	decode-read	retain	E	4	556.45	35350	1
U-nested-before	corpus	decode-read	retain	R	4	565.49	36075	0
U-nested-before	corpus	decode-read	retain	E2	4	565.34	35773	1
U-nested-before	corpus	decode-read	retain	R	5	571.83	36075	0
U-nested-before	corpus	decode-read	retain	E2	5	562.21	35773	1
U-nested-before	corpus	decode-read	retain	E	5	568.29	35350	1
U-nested-before	corpus	decode-read	retain	E2	6	564.32	35773	1
U-nested-before	corpus	decode-read	retain	E	6	558.81	35350	1
U-nested-before	corpus	decode-read	retain	R	6	571.20	36075	0
U-nested-before	corpus	decode-read	retain	E	7	569.77	35350	1
U-nested-before	corpus	decode-read	retain	R	7	567.10	36075	0
U-nested-before	corpus	decode-read	retain	E2	7	571.20	35773	1
U-nested-before	corpus	decode-read	retain	R	8	570.13	36075	0
U-nested-before	corpus	decode-read	retain	E2	8	572.07	35773	1
U-nested-before	corpus	decode-read	retain	E	8	574.13	35350	1
U-nested-before	corpus	decode-read	retain	E2	9	569.20	35773	1
U-nested-before	corpus	decode-read	retain	E	9	576.80	35350	1
U-nested-before	corpus	decode-read	retain	R	9	562.01	36075	0
U-nested-before	corpus	decode-read	retain	E	10	567.53	35350	1
U-nested-before	corpus	decode-read	retain	R	10	562.74	36075	0
U-nested-before	corpus	decode-read	retain	E2	10	575.19	35773	1
U-nested-before	corpus	decode-read	retain	R	11	567.45	36075	0
U-nested-before	corpus	decode-read	retain	E2	11	556.85	35773	1
U-nested-before	corpus	decode-read	retain	E	11	560.66	35350	1
U-nested-before	corpus	decode-read	retain	E2	12	574.81	35773	1
U-nested-before	corpus	decode-read	retain	E	12	566.13	35350	1
U-nested-before	corpus	decode-read	retain	R	12	564.30	36075	0
U-nested-before	corpus	decode-read	retain	E	13	572.86	35350	1
U-nested-before	corpus	decode-read	retain	R	13	567.57	36075	0
U-nested-before	corpus	decode-read	retain	E2	13	574.93	35773	1
U-nested-before	corpus	decode-read	retain	R	14	568.91	36075	0
U-nested-before	corpus	decode-read	retain	E2	14	570.96	35773	1
U-nested-before	corpus	decode-read	retain	E	14	564.26	35350	1
U-nested-before	corpus	decode-read	retain	E2	15	565.75	35773	1
U-nested-before	corpus	decode-read	retain	E	15	561.31	35350	1
U-nested-before	corpus	decode-read	retain	R	15	565.40	36075	0
U-nested-before	corpus	decode-read	retain	E	16	572.23	35350	1
U-nested-before	corpus	decode-read	retain	R	16	575.45	36075	0
U-nested-before	corpus	decode-read	retain	E2	16	567.04	35773	1
U-nested-before	corpus	decode-read	retain	R	17	565.99	36075	0
U-nested-before	corpus	decode-read	retain	E2	17	558.95	35773	1
U-nested-before	corpus	decode-read	retain	E	17	575.58	35350	1
U-nested-before	corpus	decode-read	retain	E2	18	563.32	35773	1
U-nested-before	corpus	decode-read	retain	E	18	558.22	35350	1
U-nested-before	corpus	decode-read	retain	R	18	562.02	36075	0
U-nested-before	corpus	decode-read	retain	E	19	564.61	35350	1
U-nested-before	corpus	decode-read	retain	R	19	574.83	36075	0
U-nested-before	corpus	decode-read	retain	E2	19	571.98	35773	1
U-nested-before	corpus	decode-read	retain	R	20	555.73	36075	0
U-nested-before	corpus	decode-read	retain	E2	20	571.44	35773	1
U-nested-before	corpus	decode-read	retain	E	20	565.32	35350	1
U-nested-before	corpus	decode-read	retain	E2	21	558.63	35773	1
U-nested-before	corpus	decode-read	retain	E	21	565.91	35350	1
U-nested-before	corpus	decode-read	retain	R	21	564.86	36075	0
U-nested-before	corpus	encode-core-hot	drop	E	1	205.38	95261	0
U-nested-before	corpus	encode-core-hot	drop	R	1	209.39	97945	0
U-nested-before	corpus	encode-core-hot	drop	E2	1	203.84	95205	0
U-nested-before	corpus	encode-core-hot	drop	R	2	209.36	97945	0
U-nested-before	corpus	encode-core-hot	drop	E2	2	206.89	95205	0
U-nested-before	corpus	encode-core-hot	drop	E	2	206.35	95261	0
U-nested-before	corpus	encode-core-hot	drop	E2	3	206.80	95205	0
U-nested-before	corpus	encode-core-hot	drop	E	3	206.87	95261	0
U-nested-before	corpus	encode-core-hot	drop	R	3	208.80	97945	0
U-nested-before	corpus	encode-core-hot	drop	E	4	206.49	95261	0
U-nested-before	corpus	encode-core-hot	drop	R	4	211.80	97945	0
U-nested-before	corpus	encode-core-hot	drop	E2	4	208.13	95205	0
U-nested-before	corpus	encode-core-hot	drop	R	5	211.38	97945	0
U-nested-before	corpus	encode-core-hot	drop	E2	5	205.81	95205	0
U-nested-before	corpus	encode-core-hot	drop	E	5	205.69	95261	0
U-nested-before	corpus	encode-core-hot	drop	E2	6	207.04	95205	0
U-nested-before	corpus	encode-core-hot	drop	E	6	206.50	95261	0
U-nested-before	corpus	encode-core-hot	drop	R	6	210.59	97945	0
U-nested-before	corpus	encode-core-hot	drop	E	7	206.16	95261	0
U-nested-before	corpus	encode-core-hot	drop	R	7	209.57	97945	0
U-nested-before	corpus	encode-core-hot	drop	E2	7	206.40	95205	0
U-nested-before	corpus	encode-core-hot	drop	R	8	210.63	97945	0
U-nested-before	corpus	encode-core-hot	drop	E2	8	205.97	95205	0
U-nested-before	corpus	encode-core-hot	drop	E	8	203.68	95261	0
U-nested-before	corpus	encode-core-hot	drop	E2	9	205.31	95205	0
U-nested-before	corpus	encode-core-hot	drop	E	9	204.93	95261	0
U-nested-before	corpus	encode-core-hot	drop	R	9	209.61	97945	0
U-nested-before	corpus	encode-core-hot	drop	E	10	204.57	95261	0
U-nested-before	corpus	encode-core-hot	drop	R	10	208.79	97945	0
U-nested-before	corpus	encode-core-hot	drop	E2	10	205.39	95205	0
U-nested-before	corpus	encode-core-hot	drop	R	11	210.65	97945	0
U-nested-before	corpus	encode-core-hot	drop	E2	11	206.00	95205	0
U-nested-before	corpus	encode-core-hot	drop	E	11	206.35	95261	0
U-nested-before	corpus	encode-core-hot	drop	E2	12	206.34	95205	0
U-nested-before	corpus	encode-core-hot	drop	E	12	206.46	95261	0
U-nested-before	corpus	encode-core-hot	drop	R	12	210.44	97945	0
U-nested-before	corpus	encode-core-hot	drop	E	13	207.59	95261	0
U-nested-before	corpus	encode-core-hot	drop	R	13	210.43	97945	0
U-nested-before	corpus	encode-core-hot	drop	E2	13	206.86	95205	0
U-nested-before	corpus	encode-core-hot	drop	R	14	210.75	97945	0
U-nested-before	corpus	encode-core-hot	drop	E2	14	206.36	95205	0
U-nested-before	corpus	encode-core-hot	drop	E	14	206.48	95261	0
U-nested-before	corpus	encode-core-hot	drop	E2	15	205.87	95205	0
U-nested-before	corpus	encode-core-hot	drop	E	15	207.40	95261	0
U-nested-before	corpus	encode-core-hot	drop	R	15	210.91	97945	0
U-nested-before	corpus	encode-core-hot	drop	E	16	206.61	95261	0
U-nested-before	corpus	encode-core-hot	drop	R	16	211.11	97945	0
U-nested-before	corpus	encode-core-hot	drop	E2	16	206.20	95205	0
U-nested-before	corpus	encode-core-hot	drop	R	17	210.13	97945	0
U-nested-before	corpus	encode-core-hot	drop	E2	17	206.01	95205	0
U-nested-before	corpus	encode-core-hot	drop	E	17	206.25	95261	0
U-nested-before	corpus	encode-core-hot	drop	E2	18	205.82	95205	0
U-nested-before	corpus	encode-core-hot	drop	E	18	206.64	95261	0
U-nested-before	corpus	encode-core-hot	drop	R	18	210.57	97945	0
U-nested-before	corpus	encode-core-hot	drop	E	19	206.70	95261	0
U-nested-before	corpus	encode-core-hot	drop	R	19	210.23	97945	0
U-nested-before	corpus	encode-core-hot	drop	E2	19	206.97	95205	0
U-nested-before	corpus	encode-core-hot	drop	R	20	210.75	97945	0
U-nested-before	corpus	encode-core-hot	drop	E2	20	207.86	95205	0
U-nested-before	corpus	encode-core-hot	drop	E	20	207.83	95261	0
U-nested-before	corpus	encode-core-hot	drop	E2	21	206.23	95205	0
U-nested-before	corpus	encode-core-hot	drop	E	21	207.32	95261	0
U-nested-before	corpus	encode-core-hot	drop	R	21	210.88	97945	0
U-nested-before	corpus	encode-core-hot	retain	E	1	538.10	37084	0
U-nested-before	corpus	encode-core-hot	retain	R	1	538.40	37221	0
U-nested-before	corpus	encode-core-hot	retain	E2	1	537.86	37197	0
U-nested-before	corpus	encode-core-hot	retain	R	2	537.17	37221	0
U-nested-before	corpus	encode-core-hot	retain	E2	2	536.86	37197	0
U-nested-before	corpus	encode-core-hot	retain	E	2	537.91	37084	0
U-nested-before	corpus	encode-core-hot	retain	E2	3	538.03	37197	0
U-nested-before	corpus	encode-core-hot	retain	E	3	537.68	37084	0
U-nested-before	corpus	encode-core-hot	retain	R	3	537.09	37221	0
U-nested-before	corpus	encode-core-hot	retain	E	4	536.08	37084	0
U-nested-before	corpus	encode-core-hot	retain	R	4	540.91	37221	0
U-nested-before	corpus	encode-core-hot	retain	E2	4	536.66	37197	0
U-nested-before	corpus	encode-core-hot	retain	R	5	540.94	37221	0
U-nested-before	corpus	encode-core-hot	retain	E2	5	537.63	37197	0
U-nested-before	corpus	encode-core-hot	retain	E	5	534.85	37084	0
U-nested-before	corpus	encode-core-hot	retain	E2	6	535.48	37197	0
U-nested-before	corpus	encode-core-hot	retain	E	6	536.21	37084	0
U-nested-before	corpus	encode-core-hot	retain	R	6	536.57	37221	0
U-nested-before	corpus	encode-core-hot	retain	E	7	535.82	37084	0
U-nested-before	corpus	encode-core-hot	retain	R	7	537.47	37221	0
U-nested-before	corpus	encode-core-hot	retain	E2	7	536.39	37197	0
U-nested-before	corpus	encode-core-hot	retain	R	8	539.77	37221	0
U-nested-before	corpus	encode-core-hot	retain	E2	8	536.31	37197	0
U-nested-before	corpus	encode-core-hot	retain	E	8	535.69	37084	0
U-nested-before	corpus	encode-core-hot	retain	E2	9	535.58	37197	0
U-nested-before	corpus	encode-core-hot	retain	E	9	536.14	37084	0
U-nested-before	corpus	encode-core-hot	retain	R	9	539.40	37221	0
U-nested-before	corpus	encode-core-hot	retain	E	10	534.33	37084	0
U-nested-before	corpus	encode-core-hot	retain	R	10	538.20	37221	0
U-nested-before	corpus	encode-core-hot	retain	E2	10	535.53	37197	0
U-nested-before	corpus	encode-core-hot	retain	R	11	536.46	37221	0
U-nested-before	corpus	encode-core-hot	retain	E2	11	537.91	37197	0
U-nested-before	corpus	encode-core-hot	retain	E	11	527.42	37084	0
U-nested-before	corpus	encode-core-hot	retain	E2	12	530.42	37197	0
U-nested-before	corpus	encode-core-hot	retain	E	12	536.07	37084	0
U-nested-before	corpus	encode-core-hot	retain	R	12	530.76	37221	0
U-nested-before	corpus	encode-core-hot	retain	E	13	537.10	37084	0
U-nested-before	corpus	encode-core-hot	retain	R	13	537.72	37221	0
U-nested-before	corpus	encode-core-hot	retain	E2	13	537.79	37197	0
U-nested-before	corpus	encode-core-hot	retain	R	14	538.02	37221	0
U-nested-before	corpus	encode-core-hot	retain	E2	14	540.92	37197	0
U-nested-before	corpus	encode-core-hot	retain	E	14	536.06	37084	0
U-nested-before	corpus	encode-core-hot	retain	E2	15	535.65	37197	0
U-nested-before	corpus	encode-core-hot	retain	E	15	536.60	37084	0
U-nested-before	corpus	encode-core-hot	retain	R	15	539.97	37221	0
U-nested-before	corpus	encode-core-hot	retain	E	16	545.50	37084	0
U-nested-before	corpus	encode-core-hot	retain	R	16	538.56	37221	0
U-nested-before	corpus	encode-core-hot	retain	E2	16	536.78	37197	0
U-nested-before	corpus	encode-core-hot	retain	R	17	552.13	37221	0
U-nested-before	corpus	encode-core-hot	retain	E2	17	550.88	37197	0
U-nested-before	corpus	encode-core-hot	retain	E	17	545.53	37084	0
U-nested-before	corpus	encode-core-hot	retain	E2	18	538.46	37197	0
U-nested-before	corpus	encode-core-hot	retain	E	18	536.07	37084	0
U-nested-before	corpus	encode-core-hot	retain	R	18	538.39	37221	0
U-nested-before	corpus	encode-core-hot	retain	E	19	537.13	37084	0
U-nested-before	corpus	encode-core-hot	retain	R	19	547.10	37221	0
U-nested-before	corpus	encode-core-hot	retain	E2	19	546.57	37197	0
U-nested-before	corpus	encode-core-hot	retain	R	20	546.06	37221	0
U-nested-before	corpus	encode-core-hot	retain	E2	20	541.52	37197	0
U-nested-before	corpus	encode-core-hot	retain	E	20	536.81	37084	0
U-nested-before	corpus	encode-core-hot	retain	E2	21	542.01	37197	0
U-nested-before	corpus	encode-core-hot	retain	E	21	542.46	37084	0
U-nested-before	corpus	encode-core-hot	retain	R	21	551.14	37221	0
U-deep-u-repeated	corpus	decode-read	drop	E	1	2568.48	7170	1
U-deep-u-repeated	corpus	decode-read	drop	R	1	2609.51	7512	0
U-deep-u-repeated	corpus	decode-read	drop	E2	1	2547.12	7798	1
U-deep-u-repeated	corpus	decode-read	drop	R	2	2611.70	7512	0
U-deep-u-repeated	corpus	decode-read	drop	E2	2	2585.45	7798	1
U-deep-u-repeated	corpus	decode-read	drop	E	2	2561.96	7170	1
U-deep-u-repeated	corpus	decode-read	drop	E2	3	2560.92	7798	1
U-deep-u-repeated	corpus	decode-read	drop	E	3	2624.24	7170	1
U-deep-u-repeated	corpus	decode-read	drop	R	3	2548.20	7512	0
U-deep-u-repeated	corpus	decode-read	drop	E	4	2583.77	7170	1
U-deep-u-repeated	corpus	decode-read	drop	R	4	2585.31	7512	0
U-deep-u-repeated	corpus	decode-read	drop	E2	4	2570.76	7798	1
U-deep-u-repeated	corpus	decode-read	drop	R	5	2604.16	7512	0
U-deep-u-repeated	corpus	decode-read	drop	E2	5	2562.82	7798	1
U-deep-u-repeated	corpus	decode-read	drop	E	5	2557.84	7170	1
U-deep-u-repeated	corpus	decode-read	drop	E2	6	2584.94	7798	1
U-deep-u-repeated	corpus	decode-read	drop	E	6	2571.60	7170	1
U-deep-u-repeated	corpus	decode-read	drop	R	6	2606.06	7512	0
U-deep-u-repeated	corpus	decode-read	drop	E	7	2576.56	7170	1
U-deep-u-repeated	corpus	decode-read	drop	R	7	2575.01	7512	0
U-deep-u-repeated	corpus	decode-read	drop	E2	7	2563.68	7798	1
U-deep-u-repeated	corpus	decode-read	drop	R	8	2623.32	7512	0
U-deep-u-repeated	corpus	decode-read	drop	E2	8	2687.37	7798	1
U-deep-u-repeated	corpus	decode-read	drop	E	8	2854.47	7170	1
U-deep-u-repeated	corpus	decode-read	drop	E2	9	2613.73	7798	1
U-deep-u-repeated	corpus	decode-read	drop	E	9	2585.84	7170	1
U-deep-u-repeated	corpus	decode-read	drop	R	9	2607.60	7512	0
U-deep-u-repeated	corpus	decode-read	drop	E	10	2575.54	7170	1
U-deep-u-repeated	corpus	decode-read	drop	R	10	2581.57	7512	0
U-deep-u-repeated	corpus	decode-read	drop	E2	10	2543.18	7798	1
U-deep-u-repeated	corpus	decode-read	drop	R	11	2609.12	7512	0
U-deep-u-repeated	corpus	decode-read	drop	E2	11	2561.41	7798	1
U-deep-u-repeated	corpus	decode-read	drop	E	11	2559.37	7170	1
U-deep-u-repeated	corpus	decode-read	drop	E2	12	2551.22	7798	1
U-deep-u-repeated	corpus	decode-read	drop	E	12	2562.12	7170	1
U-deep-u-repeated	corpus	decode-read	drop	R	12	2616.46	7512	0
U-deep-u-repeated	corpus	decode-read	drop	E	13	2550.12	7170	1
U-deep-u-repeated	corpus	decode-read	drop	R	13	2566.08	7512	0
U-deep-u-repeated	corpus	decode-read	drop	E2	13	2559.46	7798	1
U-deep-u-repeated	corpus	decode-read	drop	R	14	2603.92	7512	0
U-deep-u-repeated	corpus	decode-read	drop	E2	14	2565.68	7798	1
U-deep-u-repeated	corpus	decode-read	drop	E	14	2544.68	7170	1
U-deep-u-repeated	corpus	decode-read	drop	E2	15	2528.86	7798	1
U-deep-u-repeated	corpus	decode-read	drop	E	15	2551.23	7170	1
U-deep-u-repeated	corpus	decode-read	drop	R	15	2603.35	7512	0
U-deep-u-repeated	corpus	decode-read	drop	E	16	2556.77	7170	1
U-deep-u-repeated	corpus	decode-read	drop	R	16	2565.32	7512	0
U-deep-u-repeated	corpus	decode-read	drop	E2	16	2557.32	7798	1
U-deep-u-repeated	corpus	decode-read	drop	R	17	2571.83	7512	0
U-deep-u-repeated	corpus	decode-read	drop	E2	17	2600.01	7798	1
U-deep-u-repeated	corpus	decode-read	drop	E	17	2572.99	7170	1
U-deep-u-repeated	corpus	decode-read	drop	E2	18	2576.51	7798	1
U-deep-u-repeated	corpus	decode-read	drop	E	18	2571.23	7170	1
U-deep-u-repeated	corpus	decode-read	drop	R	18	2588.75	7512	0
U-deep-u-repeated	corpus	decode-read	drop	E	19	2549.92	7170	1
U-deep-u-repeated	corpus	decode-read	drop	R	19	2530.68	7512	0
U-deep-u-repeated	corpus	decode-read	drop	E2	19	2571.60	7798	1
U-deep-u-repeated	corpus	decode-read	drop	R	20	2569.43	7512	0
U-deep-u-repeated	corpus	decode-read	drop	E2	20	2585.70	7798	1
U-deep-u-repeated	corpus	decode-read	drop	E	20	2528.87	7170	1
U-deep-u-repeated	corpus	decode-read	drop	E2	21	2554.62	7798	1
U-deep-u-repeated	corpus	decode-read	drop	E	21	2549.89	7170	1
U-deep-u-repeated	corpus	decode-read	drop	R	21	2600.65	7512	0
U-deep-u-repeated	corpus	decode-read	retain	E	1	2725.25	7357	1
U-deep-u-repeated	corpus	decode-read	retain	R	1	2670.26	7412	0
U-deep-u-repeated	corpus	decode-read	retain	E2	1	2657.98	7594	1
U-deep-u-repeated	corpus	decode-read	retain	R	2	2772.15	7412	0
U-deep-u-repeated	corpus	decode-read	retain	E2	2	2764.00	7594	1
U-deep-u-repeated	corpus	decode-read	retain	E	2	2708.22	7357	1
U-deep-u-repeated	corpus	decode-read	retain	E2	3	2706.58	7594	1
U-deep-u-repeated	corpus	decode-read	retain	E	3	2758.62	7357	1
U-deep-u-repeated	corpus	decode-read	retain	R	3	2731.68	7412	0
U-deep-u-repeated	corpus	decode-read	retain	E	4	2768.40	7357	1
U-deep-u-repeated	corpus	decode-read	retain	R	4	2699.79	7412	0
U-deep-u-repeated	corpus	decode-read	retain	E2	4	2691.18	7594	1
U-deep-u-repeated	corpus	decode-read	retain	R	5	2683.10	7412	0
U-deep-u-repeated	corpus	decode-read	retain	E2	5	2661.97	7594	1
U-deep-u-repeated	corpus	decode-read	retain	E	5	2801.62	7357	1
U-deep-u-repeated	corpus	decode-read	retain	E2	6	2686.17	7594	1
U-deep-u-repeated	corpus	decode-read	retain	E	6	2664.70	7357	1
U-deep-u-repeated	corpus	decode-read	retain	R	6	2659.99	7412	0
U-deep-u-repeated	corpus	decode-read	retain	E	7	2744.69	7357	1
U-deep-u-repeated	corpus	decode-read	retain	R	7	2668.09	7412	0
U-deep-u-repeated	corpus	decode-read	retain	E2	7	2650.85	7594	1
U-deep-u-repeated	corpus	decode-read	retain	R	8	2652.73	7412	0
U-deep-u-repeated	corpus	decode-read	retain	E2	8	2716.15	7594	1
U-deep-u-repeated	corpus	decode-read	retain	E	8	2685.59	7357	1
U-deep-u-repeated	corpus	decode-read	retain	E2	9	2672.39	7594	1
U-deep-u-repeated	corpus	decode-read	retain	E	9	2639.78	7357	1
U-deep-u-repeated	corpus	decode-read	retain	R	9	2685.61	7412	0
U-deep-u-repeated	corpus	decode-read	retain	E	10	2717.58	7357	1
U-deep-u-repeated	corpus	decode-read	retain	R	10	2669.54	7412	0
U-deep-u-repeated	corpus	decode-read	retain	E2	10	2685.87	7594	1
U-deep-u-repeated	corpus	decode-read	retain	R	11	2694.59	7412	0
U-deep-u-repeated	corpus	decode-read	retain	E2	11	2671.70	7594	1
U-deep-u-repeated	corpus	decode-read	retain	E	11	2716.14	7357	1
U-deep-u-repeated	corpus	decode-read	retain	E2	12	2669.77	7594	1
U-deep-u-repeated	corpus	decode-read	retain	E	12	2681.43	7357	1
U-deep-u-repeated	corpus	decode-read	retain	R	12	2700.49	7412	0
U-deep-u-repeated	corpus	decode-read	retain	E	13	2775.83	7357	1
U-deep-u-repeated	corpus	decode-read	retain	R	13	2667.38	7412	0
U-deep-u-repeated	corpus	decode-read	retain	E2	13	2698.90	7594	1
U-deep-u-repeated	corpus	decode-read	retain	R	14	2695.30	7412	0
U-deep-u-repeated	corpus	decode-read	retain	E2	14	2684.62	7594	1
U-deep-u-repeated	corpus	decode-read	retain	E	14	2747.44	7357	1
U-deep-u-repeated	corpus	decode-read	retain	E2	15	2712.17	7594	1
U-deep-u-repeated	corpus	decode-read	retain	E	15	2687.31	7357	1
U-deep-u-repeated	corpus	decode-read	retain	R	15	2673.57	7412	0
U-deep-u-repeated	corpus	decode-read	retain	E	16	2676.79	7357	1
U-deep-u-repeated	corpus	decode-read	retain	R	16	2740.47	7412	0
U-deep-u-repeated	corpus	decode-read	retain	E2	16	2712.72	7594	1
U-deep-u-repeated	corpus	decode-read	retain	R	17	2674.11	7412	0
U-deep-u-repeated	corpus	decode-read	retain	E2	17	2653.75	7594	1
U-deep-u-repeated	corpus	decode-read	retain	E	17	2734.02	7357	1
U-deep-u-repeated	corpus	decode-read	retain	E2	18	2660.01	7594	1
U-deep-u-repeated	corpus	decode-read	retain	E	18	2679.07	7357	1
U-deep-u-repeated	corpus	decode-read	retain	R	18	2680.11	7412	0
U-deep-u-repeated	corpus	decode-read	retain	E	19	2693.32	7357	1
U-deep-u-repeated	corpus	decode-read	retain	R	19	2725.57	7412	0
U-deep-u-repeated	corpus	decode-read	retain	E2	19	2675.11	7594	1
U-deep-u-repeated	corpus	decode-read	retain	R	20	2659.51	7412	0
U-deep-u-repeated	corpus	decode-read	retain	E2	20	2656.49	7594	1
U-deep-u-repeated	corpus	decode-read	retain	E	20	2712.07	7357	1
U-deep-u-repeated	corpus	decode-read	retain	E2	21	2613.42	7594	1
U-deep-u-repeated	corpus	decode-read	retain	E	21	2667.36	7357	1
U-deep-u-repeated	corpus	decode-read	retain	R	21	2606.06	7412	0
U-deep-u-repeated	corpus	encode-core-hot	drop	E	1	1154.68	17144	0
U-deep-u-repeated	corpus	encode-core-hot	drop	R	1	1139.44	18228	0
U-deep-u-repeated	corpus	encode-core-hot	drop	E2	1	1158.03	17156	0
U-deep-u-repeated	corpus	encode-core-hot	drop	R	2	1147.25	18228	0
U-deep-u-repeated	corpus	encode-core-hot	drop	E2	2	1144.02	17156	0
U-deep-u-repeated	corpus	encode-core-hot	drop	E	2	1135.35	17144	0
U-deep-u-repeated	corpus	encode-core-hot	drop	E2	3	1213.99	17156	0
U-deep-u-repeated	corpus	encode-core-hot	drop	E	3	1184.24	17144	0
U-deep-u-repeated	corpus	encode-core-hot	drop	R	3	1158.30	18228	0
U-deep-u-repeated	corpus	encode-core-hot	drop	E	4	1205.93	17144	0
U-deep-u-repeated	corpus	encode-core-hot	drop	R	4	1212.26	18228	0
U-deep-u-repeated	corpus	encode-core-hot	drop	E2	4	1179.91	17156	0
U-deep-u-repeated	corpus	encode-core-hot	drop	R	5	1223.56	18228	0
U-deep-u-repeated	corpus	encode-core-hot	drop	E2	5	1188.64	17156	0
U-deep-u-repeated	corpus	encode-core-hot	drop	E	5	1414.40	17144	0
U-deep-u-repeated	corpus	encode-core-hot	drop	E2	6	1180.64	17156	0
U-deep-u-repeated	corpus	encode-core-hot	drop	E	6	1164.19	17144	0
U-deep-u-repeated	corpus	encode-core-hot	drop	R	6	1175.42	18228	0
U-deep-u-repeated	corpus	encode-core-hot	drop	E	7	1153.20	17144	0
U-deep-u-repeated	corpus	encode-core-hot	drop	R	7	1153.08	18228	0
U-deep-u-repeated	corpus	encode-core-hot	drop	E2	7	1179.40	17156	0
U-deep-u-repeated	corpus	encode-core-hot	drop	R	8	1168.34	18228	0
U-deep-u-repeated	corpus	encode-core-hot	drop	E2	8	1145.11	17156	0
U-deep-u-repeated	corpus	encode-core-hot	drop	E	8	1166.46	17144	0
U-deep-u-repeated	corpus	encode-core-hot	drop	E2	9	1177.89	17156	0
U-deep-u-repeated	corpus	encode-core-hot	drop	E	9	1191.21	17144	0
U-deep-u-repeated	corpus	encode-core-hot	drop	R	9	1135.67	18228	0
U-deep-u-repeated	corpus	encode-core-hot	drop	E	10	1156.73	17144	0
U-deep-u-repeated	corpus	encode-core-hot	drop	R	10	1186.25	18228	0
U-deep-u-repeated	corpus	encode-core-hot	drop	E2	10	1181.48	17156	0
U-deep-u-repeated	corpus	encode-core-hot	drop	R	11	1158.00	18228	0
U-deep-u-repeated	corpus	encode-core-hot	drop	E2	11	1180.36	17156	0
U-deep-u-repeated	corpus	encode-core-hot	drop	E	11	1177.77	17144	0
U-deep-u-repeated	corpus	encode-core-hot	drop	E2	12	1172.50	17156	0
U-deep-u-repeated	corpus	encode-core-hot	drop	E	12	1176.26	17144	0
U-deep-u-repeated	corpus	encode-core-hot	drop	R	12	1164.34	18228	0
U-deep-u-repeated	corpus	encode-core-hot	drop	E	13	1164.82	17144	0
U-deep-u-repeated	corpus	encode-core-hot	drop	R	13	1136.88	18228	0
U-deep-u-repeated	corpus	encode-core-hot	drop	E2	13	1175.35	17156	0
U-deep-u-repeated	corpus	encode-core-hot	drop	R	14	1136.83	18228	0
U-deep-u-repeated	corpus	encode-core-hot	drop	E2	14	1157.32	17156	0
U-deep-u-repeated	corpus	encode-core-hot	drop	E	14	1159.25	17144	0
U-deep-u-repeated	corpus	encode-core-hot	drop	E2	15	1187.25	17156	0
U-deep-u-repeated	corpus	encode-core-hot	drop	E	15	1167.74	17144	0
U-deep-u-repeated	corpus	encode-core-hot	drop	R	15	1161.18	18228	0
U-deep-u-repeated	corpus	encode-core-hot	drop	E	16	1205.75	17144	0
U-deep-u-repeated	corpus	encode-core-hot	drop	R	16	1158.00	18228	0
U-deep-u-repeated	corpus	encode-core-hot	drop	E2	16	1165.56	17156	0
U-deep-u-repeated	corpus	encode-core-hot	drop	R	17	1128.44	18228	0
U-deep-u-repeated	corpus	encode-core-hot	drop	E2	17	1152.34	17156	0
U-deep-u-repeated	corpus	encode-core-hot	drop	E	17	1146.18	17144	0
U-deep-u-repeated	corpus	encode-core-hot	drop	E2	18	1168.27	17156	0
U-deep-u-repeated	corpus	encode-core-hot	drop	E	18	1174.65	17144	0
U-deep-u-repeated	corpus	encode-core-hot	drop	R	18	1156.85	18228	0
U-deep-u-repeated	corpus	encode-core-hot	drop	E	19	1171.37	17144	0
U-deep-u-repeated	corpus	encode-core-hot	drop	R	19	1148.89	18228	0
U-deep-u-repeated	corpus	encode-core-hot	drop	E2	19	1230.07	17156	0
U-deep-u-repeated	corpus	encode-core-hot	drop	R	20	1207.48	18228	0
U-deep-u-repeated	corpus	encode-core-hot	drop	E2	20	1169.89	17156	0
U-deep-u-repeated	corpus	encode-core-hot	drop	E	20	1164.79	17144	0
U-deep-u-repeated	corpus	encode-core-hot	drop	E2	21	1163.59	17156	0
U-deep-u-repeated	corpus	encode-core-hot	drop	E	21	1168.40	17144	0
U-deep-u-repeated	corpus	encode-core-hot	drop	R	21	1152.79	18228	0
U-deep-u-repeated	corpus	encode-core-hot	retain	E	1	1656.56	7008	0
U-deep-u-repeated	corpus	encode-core-hot	retain	R	1	1748.71	8373	0
U-deep-u-repeated	corpus	encode-core-hot	retain	E2	1	1688.75	11525	0
U-deep-u-repeated	corpus	encode-core-hot	retain	R	2	1803.57	8373	0
U-deep-u-repeated	corpus	encode-core-hot	retain	E2	2	1713.30	11525	0
U-deep-u-repeated	corpus	encode-core-hot	retain	E	2	1733.46	7008	0
U-deep-u-repeated	corpus	encode-core-hot	retain	E2	3	1675.72	11525	0
U-deep-u-repeated	corpus	encode-core-hot	retain	E	3	1665.04	7008	0
U-deep-u-repeated	corpus	encode-core-hot	retain	R	3	1748.87	8373	0
U-deep-u-repeated	corpus	encode-core-hot	retain	E	4	1680.24	7008	0
U-deep-u-repeated	corpus	encode-core-hot	retain	R	4	1768.80	8373	0
U-deep-u-repeated	corpus	encode-core-hot	retain	E2	4	1693.31	11525	0
U-deep-u-repeated	corpus	encode-core-hot	retain	R	5	1751.89	8373	0
U-deep-u-repeated	corpus	encode-core-hot	retain	E2	5	1655.64	11525	0
U-deep-u-repeated	corpus	encode-core-hot	retain	E	5	1681.64	7008	0
U-deep-u-repeated	corpus	encode-core-hot	retain	E2	6	1660.27	11525	0
U-deep-u-repeated	corpus	encode-core-hot	retain	E	6	1655.13	7008	0
U-deep-u-repeated	corpus	encode-core-hot	retain	R	6	1799.53	8373	0
U-deep-u-repeated	corpus	encode-core-hot	retain	E	7	1698.74	7008	0
U-deep-u-repeated	corpus	encode-core-hot	retain	R	7	1841.56	8373	0
U-deep-u-repeated	corpus	encode-core-hot	retain	E2	7	1891.88	11525	0
U-deep-u-repeated	corpus	encode-core-hot	retain	R	8	1767.82	8373	0
U-deep-u-repeated	corpus	encode-core-hot	retain	E2	8	1712.23	11525	0
U-deep-u-repeated	corpus	encode-core-hot	retain	E	8	1721.14	7008	0
U-deep-u-repeated	corpus	encode-core-hot	retain	E2	9	1729.10	11525	0
U-deep-u-repeated	corpus	encode-core-hot	retain	E	9	1761.95	7008	0
U-deep-u-repeated	corpus	encode-core-hot	retain	R	9	1789.91	8373	0
U-deep-u-repeated	corpus	encode-core-hot	retain	E	10	1708.57	7008	0
U-deep-u-repeated	corpus	encode-core-hot	retain	R	10	1730.49	8373	0
U-deep-u-repeated	corpus	encode-core-hot	retain	E2	10	1702.22	11525	0
U-deep-u-repeated	corpus	encode-core-hot	retain	R	11	1760.42	8373	0
U-deep-u-repeated	corpus	encode-core-hot	retain	E2	11	1718.96	11525	0
U-deep-u-repeated	corpus	encode-core-hot	retain	E	11	1713.69	7008	0
U-deep-u-repeated	corpus	encode-core-hot	retain	E2	12	1726.54	11525	0
U-deep-u-repeated	corpus	encode-core-hot	retain	E	12	1664.30	7008	0
U-deep-u-repeated	corpus	encode-core-hot	retain	R	12	1778.07	8373	0
U-deep-u-repeated	corpus	encode-core-hot	retain	E	13	1685.93	7008	0
U-deep-u-repeated	corpus	encode-core-hot	retain	R	13	1775.01	8373	0
U-deep-u-repeated	corpus	encode-core-hot	retain	E2	13	1682.87	11525	0
U-deep-u-repeated	corpus	encode-core-hot	retain	R	14	1753.20	8373	0
U-deep-u-repeated	corpus	encode-core-hot	retain	E2	14	1666.30	11525	0
U-deep-u-repeated	corpus	encode-core-hot	retain	E	14	1711.86	7008	0
U-deep-u-repeated	corpus	encode-core-hot	retain	E2	15	1685.79	11525	0
U-deep-u-repeated	corpus	encode-core-hot	retain	E	15	1684.86	7008	0
U-deep-u-repeated	corpus	encode-core-hot	retain	R	15	1761.30	8373	0
U-deep-u-repeated	corpus	encode-core-hot	retain	E	16	1661.71	7008	0
U-deep-u-repeated	corpus	encode-core-hot	retain	R	16	1753.73	8373	0
U-deep-u-repeated	corpus	encode-core-hot	retain	E2	16	1677.81	11525	0
U-deep-u-repeated	corpus	encode-core-hot	retain	R	17	1724.85	8373	0
U-deep-u-repeated	corpus	encode-core-hot	retain	E2	17	1631.12	11525	0
U-deep-u-repeated	corpus	encode-core-hot	retain	E	17	1686.02	7008	0
U-deep-u-repeated	corpus	encode-core-hot	retain	E2	18	1682.16	11525	0
U-deep-u-repeated	corpus	encode-core-hot	retain	E	18	1657.82	7008	0
U-deep-u-repeated	corpus	encode-core-hot	retain	R	18	1749.85	8373	0
U-deep-u-repeated	corpus	encode-core-hot	retain	E	19	1710.28	7008	0
U-deep-u-repeated	corpus	encode-core-hot	retain	R	19	1854.34	8373	0
U-deep-u-repeated	corpus	encode-core-hot	retain	E2	19	1693.13	11525	0
U-deep-u-repeated	corpus	encode-core-hot	retain	R	20	1754.21	8373	0
U-deep-u-repeated	corpus	encode-core-hot	retain	E2	20	1680.18	11525	0
U-deep-u-repeated	corpus	encode-core-hot	retain	E	20	1719.77	7008	0
U-deep-u-repeated	corpus	encode-core-hot	retain	E2	21	1682.34	11525	0
U-deep-u-repeated	corpus	encode-core-hot	retain	E	21	1656.47	7008	0
U-deep-u-repeated	corpus	encode-core-hot	retain	R	21	1756.07	8373	0
U-oneof-u-repeated	corpus	decode-read	drop	E	1	221.79	90404	1
U-oneof-u-repeated	corpus	decode-read	drop	R	1	216.49	91418	0
U-oneof-u-repeated	corpus	decode-read	drop	E2	1	219.98	91138	1
U-oneof-u-repeated	corpus	decode-read	drop	R	2	218.95	91418	0
U-oneof-u-repeated	corpus	decode-read	drop	E2	2	610.76	91138	1
U-oneof-u-repeated	corpus	decode-read	drop	E	2	220.21	90404	1
U-oneof-u-repeated	corpus	decode-read	drop	E2	3	218.10	91138	1
U-oneof-u-repeated	corpus	decode-read	drop	E	3	218.67	90404	1
U-oneof-u-repeated	corpus	decode-read	drop	R	3	232.65	91418	0
U-oneof-u-repeated	corpus	decode-read	drop	E	4	221.80	90404	1
U-oneof-u-repeated	corpus	decode-read	drop	R	4	220.59	91418	0
U-oneof-u-repeated	corpus	decode-read	drop	E2	4	217.75	91138	1
U-oneof-u-repeated	corpus	decode-read	drop	R	5	213.60	91418	0
U-oneof-u-repeated	corpus	decode-read	drop	E2	5	222.10	91138	1
U-oneof-u-repeated	corpus	decode-read	drop	E	5	224.11	90404	1
U-oneof-u-repeated	corpus	decode-read	drop	E2	6	217.98	91138	1
U-oneof-u-repeated	corpus	decode-read	drop	E	6	235.01	90404	1
U-oneof-u-repeated	corpus	decode-read	drop	R	6	223.18	91418	0
U-oneof-u-repeated	corpus	decode-read	drop	E	7	225.14	90404	1
U-oneof-u-repeated	corpus	decode-read	drop	R	7	216.50	91418	0
U-oneof-u-repeated	corpus	decode-read	drop	E2	7	238.87	91138	1
U-oneof-u-repeated	corpus	decode-read	drop	R	8	267.30	91418	0
U-oneof-u-repeated	corpus	decode-read	drop	E2	8	217.88	91138	1
U-oneof-u-repeated	corpus	decode-read	drop	E	8	226.78	90404	1
U-oneof-u-repeated	corpus	decode-read	drop	E2	9	226.55	91138	1
U-oneof-u-repeated	corpus	decode-read	drop	E	9	230.17	90404	1
U-oneof-u-repeated	corpus	decode-read	drop	R	9	220.90	91418	0
U-oneof-u-repeated	corpus	decode-read	drop	E	10	230.02	90404	1
U-oneof-u-repeated	corpus	decode-read	drop	R	10	226.74	91418	0
U-oneof-u-repeated	corpus	decode-read	drop	E2	10	232.61	91138	1
U-oneof-u-repeated	corpus	decode-read	drop	R	11	220.35	91418	0
U-oneof-u-repeated	corpus	decode-read	drop	E2	11	221.39	91138	1
U-oneof-u-repeated	corpus	decode-read	drop	E	11	222.31	90404	1
U-oneof-u-repeated	corpus	decode-read	drop	E2	12	224.74	91138	1
U-oneof-u-repeated	corpus	decode-read	drop	E	12	222.91	90404	1
U-oneof-u-repeated	corpus	decode-read	drop	R	12	218.10	91418	0
U-oneof-u-repeated	corpus	decode-read	drop	E	13	220.91	90404	1
U-oneof-u-repeated	corpus	decode-read	drop	R	13	215.73	91418	0
U-oneof-u-repeated	corpus	decode-read	drop	E2	13	221.79	91138	1
U-oneof-u-repeated	corpus	decode-read	drop	R	14	215.15	91418	0
U-oneof-u-repeated	corpus	decode-read	drop	E2	14	221.38	91138	1
U-oneof-u-repeated	corpus	decode-read	drop	E	14	218.61	90404	1
U-oneof-u-repeated	corpus	decode-read	drop	E2	15	223.30	91138	1
U-oneof-u-repeated	corpus	decode-read	drop	E	15	217.18	90404	1
U-oneof-u-repeated	corpus	decode-read	drop	R	15	218.72	91418	0
U-oneof-u-repeated	corpus	decode-read	drop	E	16	219.29	90404	1
U-oneof-u-repeated	corpus	decode-read	drop	R	16	214.11	91418	0
U-oneof-u-repeated	corpus	decode-read	drop	E2	16	222.79	91138	1
U-oneof-u-repeated	corpus	decode-read	drop	R	17	215.41	91418	0
U-oneof-u-repeated	corpus	decode-read	drop	E2	17	219.26	91138	1
U-oneof-u-repeated	corpus	decode-read	drop	E	17	217.39	90404	1
U-oneof-u-repeated	corpus	decode-read	drop	E2	18	223.83	91138	1
U-oneof-u-repeated	corpus	decode-read	drop	E	18	217.43	90404	1
U-oneof-u-repeated	corpus	decode-read	drop	R	18	215.56	91418	0
U-oneof-u-repeated	corpus	decode-read	drop	E	19	214.61	90404	1
U-oneof-u-repeated	corpus	decode-read	drop	R	19	215.60	91418	0
U-oneof-u-repeated	corpus	decode-read	drop	E2	19	216.44	91138	1
U-oneof-u-repeated	corpus	decode-read	drop	R	20	215.54	91418	0
U-oneof-u-repeated	corpus	decode-read	drop	E2	20	216.97	91138	1
U-oneof-u-repeated	corpus	decode-read	drop	E	20	220.05	90404	1
U-oneof-u-repeated	corpus	decode-read	drop	E2	21	215.80	91138	1
U-oneof-u-repeated	corpus	decode-read	drop	E	21	216.91	90404	1
U-oneof-u-repeated	corpus	decode-read	drop	R	21	214.39	91418	0
U-oneof-u-repeated	corpus	decode-read	retain	E	1	287.67	61372	1
U-oneof-u-repeated	corpus	decode-read	retain	R	1	280.74	63963	0
U-oneof-u-repeated	corpus	decode-read	retain	E2	1	280.29	53424	1
U-oneof-u-repeated	corpus	decode-read	retain	R	2	279.83	63963	0
U-oneof-u-repeated	corpus	decode-read	retain	E2	2	283.11	53424	1
U-oneof-u-repeated	corpus	decode-read	retain	E	2	290.22	61372	1
U-oneof-u-repeated	corpus	decode-read	retain	E2	3	326.75	53424	1
U-oneof-u-repeated	corpus	decode-read	retain	E	3	282.94	61372	1
U-oneof-u-repeated	corpus	decode-read	retain	R	3	274.59	63963	0
U-oneof-u-repeated	corpus	decode-read	retain	E	4	292.62	61372	1
U-oneof-u-repeated	corpus	decode-read	retain	R	4	277.30	63963	0
U-oneof-u-repeated	corpus	decode-read	retain	E2	4	284.35	53424	1
U-oneof-u-repeated	corpus	decode-read	retain	R	5	285.74	63963	0
U-oneof-u-repeated	corpus	decode-read	retain	E2	5	285.45	53424	1
U-oneof-u-repeated	corpus	decode-read	retain	E	5	281.68	61372	1
U-oneof-u-repeated	corpus	decode-read	retain	E2	6	290.81	53424	1
U-oneof-u-repeated	corpus	decode-read	retain	E	6	283.46	61372	1
U-oneof-u-repeated	corpus	decode-read	retain	R	6	274.43	63963	0
U-oneof-u-repeated	corpus	decode-read	retain	E	7	285.82	61372	1
U-oneof-u-repeated	corpus	decode-read	retain	R	7	273.20	63963	0
U-oneof-u-repeated	corpus	decode-read	retain	E2	7	289.53	53424	1
U-oneof-u-repeated	corpus	decode-read	retain	R	8	285.15	63963	0
U-oneof-u-repeated	corpus	decode-read	retain	E2	8	284.28	53424	1
U-oneof-u-repeated	corpus	decode-read	retain	E	8	286.22	61372	1
U-oneof-u-repeated	corpus	decode-read	retain	E2	9	292.74	53424	1
U-oneof-u-repeated	corpus	decode-read	retain	E	9	284.91	61372	1
U-oneof-u-repeated	corpus	decode-read	retain	R	9	284.05	63963	0
U-oneof-u-repeated	corpus	decode-read	retain	E	10	284.87	61372	1
U-oneof-u-repeated	corpus	decode-read	retain	R	10	279.39	63963	0
U-oneof-u-repeated	corpus	decode-read	retain	E2	10	283.02	53424	1
U-oneof-u-repeated	corpus	decode-read	retain	R	11	273.46	63963	0
U-oneof-u-repeated	corpus	decode-read	retain	E2	11	283.10	53424	1
U-oneof-u-repeated	corpus	decode-read	retain	E	11	284.00	61372	1
U-oneof-u-repeated	corpus	decode-read	retain	E2	12	280.95	53424	1
U-oneof-u-repeated	corpus	decode-read	retain	E	12	286.85	61372	1
U-oneof-u-repeated	corpus	decode-read	retain	R	12	281.30	63963	0
U-oneof-u-repeated	corpus	decode-read	retain	E	13	279.58	61372	1
U-oneof-u-repeated	corpus	decode-read	retain	R	13	280.02	63963	0
U-oneof-u-repeated	corpus	decode-read	retain	E2	13	285.26	53424	1
U-oneof-u-repeated	corpus	decode-read	retain	R	14	278.74	63963	0
U-oneof-u-repeated	corpus	decode-read	retain	E2	14	287.52	53424	1
U-oneof-u-repeated	corpus	decode-read	retain	E	14	283.40	61372	1
U-oneof-u-repeated	corpus	decode-read	retain	E2	15	280.48	53424	1
U-oneof-u-repeated	corpus	decode-read	retain	E	15	285.21	61372	1
U-oneof-u-repeated	corpus	decode-read	retain	R	15	275.65	63963	0
U-oneof-u-repeated	corpus	decode-read	retain	E	16	283.88	61372	1
U-oneof-u-repeated	corpus	decode-read	retain	R	16	274.96	63963	0
U-oneof-u-repeated	corpus	decode-read	retain	E2	16	283.85	53424	1
U-oneof-u-repeated	corpus	decode-read	retain	R	17	273.76	63963	0
U-oneof-u-repeated	corpus	decode-read	retain	E2	17	287.39	53424	1
U-oneof-u-repeated	corpus	decode-read	retain	E	17	279.84	61372	1
U-oneof-u-repeated	corpus	decode-read	retain	E2	18	277.28	53424	1
U-oneof-u-repeated	corpus	decode-read	retain	E	18	284.15	61372	1
U-oneof-u-repeated	corpus	decode-read	retain	R	18	273.91	63963	0
U-oneof-u-repeated	corpus	decode-read	retain	E	19	280.58	61372	1
U-oneof-u-repeated	corpus	decode-read	retain	R	19	280.42	63963	0
U-oneof-u-repeated	corpus	decode-read	retain	E2	19	280.81	53424	1
U-oneof-u-repeated	corpus	decode-read	retain	R	20	280.49	63963	0
U-oneof-u-repeated	corpus	decode-read	retain	E2	20	280.48	53424	1
U-oneof-u-repeated	corpus	decode-read	retain	E	20	278.29	61372	1
U-oneof-u-repeated	corpus	decode-read	retain	E2	21	287.68	53424	1
U-oneof-u-repeated	corpus	decode-read	retain	E	21	282.66	61372	1
U-oneof-u-repeated	corpus	decode-read	retain	R	21	283.53	63963	0
U-oneof-u-repeated	corpus	encode-core-hot	drop	E	1	109.02	182201	0
U-oneof-u-repeated	corpus	encode-core-hot	drop	R	1	108.63	186968	0
U-oneof-u-repeated	corpus	encode-core-hot	drop	E2	1	110.27	180774	0
U-oneof-u-repeated	corpus	encode-core-hot	drop	R	2	108.11	186968	0
U-oneof-u-repeated	corpus	encode-core-hot	drop	E2	2	110.72	180774	0
U-oneof-u-repeated	corpus	encode-core-hot	drop	E	2	109.53	182201	0
U-oneof-u-repeated	corpus	encode-core-hot	drop	E2	3	109.11	180774	0
U-oneof-u-repeated	corpus	encode-core-hot	drop	E	3	108.93	182201	0
U-oneof-u-repeated	corpus	encode-core-hot	drop	R	3	107.52	186968	0
U-oneof-u-repeated	corpus	encode-core-hot	drop	E	4	108.62	182201	0
U-oneof-u-repeated	corpus	encode-core-hot	drop	R	4	107.67	186968	0
U-oneof-u-repeated	corpus	encode-core-hot	drop	E2	4	108.70	180774	0
U-oneof-u-repeated	corpus	encode-core-hot	drop	R	5	108.06	186968	0
U-oneof-u-repeated	corpus	encode-core-hot	drop	E2	5	109.25	180774	0
U-oneof-u-repeated	corpus	encode-core-hot	drop	E	5	108.94	182201	0
U-oneof-u-repeated	corpus	encode-core-hot	drop	E2	6	108.29	180774	0
U-oneof-u-repeated	corpus	encode-core-hot	drop	E	6	108.62	182201	0
U-oneof-u-repeated	corpus	encode-core-hot	drop	R	6	107.68	186968	0
U-oneof-u-repeated	corpus	encode-core-hot	drop	E	7	108.57	182201	0
U-oneof-u-repeated	corpus	encode-core-hot	drop	R	7	107.22	186968	0
U-oneof-u-repeated	corpus	encode-core-hot	drop	E2	7	108.12	180774	0
U-oneof-u-repeated	corpus	encode-core-hot	drop	R	8	110.19	186968	0
U-oneof-u-repeated	corpus	encode-core-hot	drop	E2	8	109.99	180774	0
U-oneof-u-repeated	corpus	encode-core-hot	drop	E	8	108.05	182201	0
U-oneof-u-repeated	corpus	encode-core-hot	drop	E2	9	109.43	180774	0
U-oneof-u-repeated	corpus	encode-core-hot	drop	E	9	108.44	182201	0
U-oneof-u-repeated	corpus	encode-core-hot	drop	R	9	107.32	186968	0
U-oneof-u-repeated	corpus	encode-core-hot	drop	E	10	108.19	182201	0
U-oneof-u-repeated	corpus	encode-core-hot	drop	R	10	107.70	186968	0
U-oneof-u-repeated	corpus	encode-core-hot	drop	E2	10	109.03	180774	0
U-oneof-u-repeated	corpus	encode-core-hot	drop	R	11	107.40	186968	0
U-oneof-u-repeated	corpus	encode-core-hot	drop	E2	11	108.89	180774	0
U-oneof-u-repeated	corpus	encode-core-hot	drop	E	11	106.76	182201	0
U-oneof-u-repeated	corpus	encode-core-hot	drop	E2	12	109.80	180774	0
U-oneof-u-repeated	corpus	encode-core-hot	drop	E	12	107.78	182201	0
U-oneof-u-repeated	corpus	encode-core-hot	drop	R	12	105.55	186968	0
U-oneof-u-repeated	corpus	encode-core-hot	drop	E	13	110.36	182201	0
U-oneof-u-repeated	corpus	encode-core-hot	drop	R	13	109.85	186968	0
U-oneof-u-repeated	corpus	encode-core-hot	drop	E2	13	110.25	180774	0
U-oneof-u-repeated	corpus	encode-core-hot	drop	R	14	107.08	186968	0
U-oneof-u-repeated	corpus	encode-core-hot	drop	E2	14	107.12	180774	0
U-oneof-u-repeated	corpus	encode-core-hot	drop	E	14	108.77	182201	0
U-oneof-u-repeated	corpus	encode-core-hot	drop	E2	15	107.72	180774	0
U-oneof-u-repeated	corpus	encode-core-hot	drop	E	15	107.18	182201	0
U-oneof-u-repeated	corpus	encode-core-hot	drop	R	15	108.55	186968	0
U-oneof-u-repeated	corpus	encode-core-hot	drop	E	16	105.85	182201	0
U-oneof-u-repeated	corpus	encode-core-hot	drop	R	16	107.49	186968	0
U-oneof-u-repeated	corpus	encode-core-hot	drop	E2	16	106.09	180774	0
U-oneof-u-repeated	corpus	encode-core-hot	drop	R	17	108.06	186968	0
U-oneof-u-repeated	corpus	encode-core-hot	drop	E2	17	109.48	180774	0
U-oneof-u-repeated	corpus	encode-core-hot	drop	E	17	109.00	182201	0
U-oneof-u-repeated	corpus	encode-core-hot	drop	E2	18	107.56	180774	0
U-oneof-u-repeated	corpus	encode-core-hot	drop	E	18	108.20	182201	0
U-oneof-u-repeated	corpus	encode-core-hot	drop	R	18	108.39	186968	0
U-oneof-u-repeated	corpus	encode-core-hot	drop	E	19	107.99	182201	0
U-oneof-u-repeated	corpus	encode-core-hot	drop	R	19	107.59	186968	0
U-oneof-u-repeated	corpus	encode-core-hot	drop	E2	19	108.77	180774	0
U-oneof-u-repeated	corpus	encode-core-hot	drop	R	20	106.69	186968	0
U-oneof-u-repeated	corpus	encode-core-hot	drop	E2	20	108.30	180774	0
U-oneof-u-repeated	corpus	encode-core-hot	drop	E	20	108.69	182201	0
U-oneof-u-repeated	corpus	encode-core-hot	drop	E2	21	108.48	180774	0
U-oneof-u-repeated	corpus	encode-core-hot	drop	E	21	108.74	182201	0
U-oneof-u-repeated	corpus	encode-core-hot	drop	R	21	110.24	186968	0
U-oneof-u-repeated	corpus	encode-core-hot	retain	E	1	126.56	151868	0
U-oneof-u-repeated	corpus	encode-core-hot	retain	R	1	129.13	155153	0
U-oneof-u-repeated	corpus	encode-core-hot	retain	E2	1	125.96	147587	0
U-oneof-u-repeated	corpus	encode-core-hot	retain	R	2	130.85	155153	0
U-oneof-u-repeated	corpus	encode-core-hot	retain	E2	2	126.38	147587	0
U-oneof-u-repeated	corpus	encode-core-hot	retain	E	2	125.20	151868	0
U-oneof-u-repeated	corpus	encode-core-hot	retain	E2	3	123.79	147587	0
U-oneof-u-repeated	corpus	encode-core-hot	retain	E	3	125.46	151868	0
U-oneof-u-repeated	corpus	encode-core-hot	retain	R	3	130.43	155153	0
U-oneof-u-repeated	corpus	encode-core-hot	retain	E	4	126.22	151868	0
U-oneof-u-repeated	corpus	encode-core-hot	retain	R	4	131.29	155153	0
U-oneof-u-repeated	corpus	encode-core-hot	retain	E2	4	125.73	147587	0
U-oneof-u-repeated	corpus	encode-core-hot	retain	R	5	129.67	155153	0
U-oneof-u-repeated	corpus	encode-core-hot	retain	E2	5	126.58	147587	0
U-oneof-u-repeated	corpus	encode-core-hot	retain	E	5	125.64	151868	0
U-oneof-u-repeated	corpus	encode-core-hot	retain	E2	6	125.06	147587	0
U-oneof-u-repeated	corpus	encode-core-hot	retain	E	6	125.70	151868	0
U-oneof-u-repeated	corpus	encode-core-hot	retain	R	6	130.05	155153	0
U-oneof-u-repeated	corpus	encode-core-hot	retain	E	7	125.11	151868	0
U-oneof-u-repeated	corpus	encode-core-hot	retain	R	7	129.72	155153	0
U-oneof-u-repeated	corpus	encode-core-hot	retain	E2	7	125.64	147587	0
U-oneof-u-repeated	corpus	encode-core-hot	retain	R	8	130.12	155153	0
U-oneof-u-repeated	corpus	encode-core-hot	retain	E2	8	128.98	147587	0
U-oneof-u-repeated	corpus	encode-core-hot	retain	E	8	129.18	151868	0
U-oneof-u-repeated	corpus	encode-core-hot	retain	E2	9	130.80	147587	0
U-oneof-u-repeated	corpus	encode-core-hot	retain	E	9	130.27	151868	0
U-oneof-u-repeated	corpus	encode-core-hot	retain	R	9	134.40	155153	0
U-oneof-u-repeated	corpus	encode-core-hot	retain	E	10	131.75	151868	0
U-oneof-u-repeated	corpus	encode-core-hot	retain	R	10	136.00	155153	0
U-oneof-u-repeated	corpus	encode-core-hot	retain	E2	10	127.84	147587	0
U-oneof-u-repeated	corpus	encode-core-hot	retain	R	11	129.55	155153	0
U-oneof-u-repeated	corpus	encode-core-hot	retain	E2	11	125.52	147587	0
U-oneof-u-repeated	corpus	encode-core-hot	retain	E	11	125.75	151868	0
U-oneof-u-repeated	corpus	encode-core-hot	retain	E2	12	125.26	147587	0
U-oneof-u-repeated	corpus	encode-core-hot	retain	E	12	124.65	151868	0
U-oneof-u-repeated	corpus	encode-core-hot	retain	R	12	128.26	155153	0
U-oneof-u-repeated	corpus	encode-core-hot	retain	E	13	124.57	151868	0
U-oneof-u-repeated	corpus	encode-core-hot	retain	R	13	128.65	155153	0
U-oneof-u-repeated	corpus	encode-core-hot	retain	E2	13	125.18	147587	0
U-oneof-u-repeated	corpus	encode-core-hot	retain	R	14	130.14	155153	0
U-oneof-u-repeated	corpus	encode-core-hot	retain	E2	14	127.41	147587	0
U-oneof-u-repeated	corpus	encode-core-hot	retain	E	14	127.38	151868	0
U-oneof-u-repeated	corpus	encode-core-hot	retain	E2	15	127.18	147587	0
U-oneof-u-repeated	corpus	encode-core-hot	retain	E	15	127.44	151868	0
U-oneof-u-repeated	corpus	encode-core-hot	retain	R	15	130.56	155153	0
U-oneof-u-repeated	corpus	encode-core-hot	retain	E	16	127.07	151868	0
U-oneof-u-repeated	corpus	encode-core-hot	retain	R	16	131.81	155153	0
U-oneof-u-repeated	corpus	encode-core-hot	retain	E2	16	126.35	147587	0
U-oneof-u-repeated	corpus	encode-core-hot	retain	R	17	131.21	155153	0
U-oneof-u-repeated	corpus	encode-core-hot	retain	E2	17	127.01	147587	0
U-oneof-u-repeated	corpus	encode-core-hot	retain	E	17	127.67	151868	0
U-oneof-u-repeated	corpus	encode-core-hot	retain	E2	18	127.92	147587	0
U-oneof-u-repeated	corpus	encode-core-hot	retain	E	18	124.25	151868	0
U-oneof-u-repeated	corpus	encode-core-hot	retain	R	18	132.38	155153	0
U-oneof-u-repeated	corpus	encode-core-hot	retain	E	19	128.51	151868	0
U-oneof-u-repeated	corpus	encode-core-hot	retain	R	19	130.87	155153	0
U-oneof-u-repeated	corpus	encode-core-hot	retain	E2	19	125.69	147587	0
U-oneof-u-repeated	corpus	encode-core-hot	retain	R	20	129.11	155153	0
U-oneof-u-repeated	corpus	encode-core-hot	retain	E2	20	126.21	147587	0
U-oneof-u-repeated	corpus	encode-core-hot	retain	E	20	124.28	151868	0
U-oneof-u-repeated	corpus	encode-core-hot	retain	E2	21	125.01	147587	0
U-oneof-u-repeated	corpus	encode-core-hot	retain	E	21	125.30	151868	0
U-oneof-u-repeated	corpus	encode-core-hot	retain	R	21	129.43	155153	0
U-wire-ListTaskSummaryResponse-tasks-as-wt5	corpus	decode-read	drop	E	1	2455.67	8144	1
U-wire-ListTaskSummaryResponse-tasks-as-wt5	corpus	decode-read	drop	R	1	2460.33	8144	0
U-wire-ListTaskSummaryResponse-tasks-as-wt5	corpus	decode-read	drop	E2	1	2473.67	8062	1
U-wire-ListTaskSummaryResponse-tasks-as-wt5	corpus	decode-read	drop	R	2	2452.61	8144	0
U-wire-ListTaskSummaryResponse-tasks-as-wt5	corpus	decode-read	drop	E2	2	2506.54	8062	1
U-wire-ListTaskSummaryResponse-tasks-as-wt5	corpus	decode-read	drop	E	2	2538.75	8144	1
U-wire-ListTaskSummaryResponse-tasks-as-wt5	corpus	decode-read	drop	E2	3	2478.27	8062	1
U-wire-ListTaskSummaryResponse-tasks-as-wt5	corpus	decode-read	drop	E	3	2470.41	8144	1
U-wire-ListTaskSummaryResponse-tasks-as-wt5	corpus	decode-read	drop	R	3	2493.75	8144	0
U-wire-ListTaskSummaryResponse-tasks-as-wt5	corpus	decode-read	drop	E	4	2452.33	8144	1
U-wire-ListTaskSummaryResponse-tasks-as-wt5	corpus	decode-read	drop	R	4	2449.38	8144	0
U-wire-ListTaskSummaryResponse-tasks-as-wt5	corpus	decode-read	drop	E2	4	2470.50	8062	1
U-wire-ListTaskSummaryResponse-tasks-as-wt5	corpus	decode-read	drop	R	5	2459.11	8144	0
U-wire-ListTaskSummaryResponse-tasks-as-wt5	corpus	decode-read	drop	E2	5	2496.66	8062	1
U-wire-ListTaskSummaryResponse-tasks-as-wt5	corpus	decode-read	drop	E	5	2461.73	8144	1
U-wire-ListTaskSummaryResponse-tasks-as-wt5	corpus	decode-read	drop	E2	6	2470.93	8062	1
U-wire-ListTaskSummaryResponse-tasks-as-wt5	corpus	decode-read	drop	E	6	2472.14	8144	1
U-wire-ListTaskSummaryResponse-tasks-as-wt5	corpus	decode-read	drop	R	6	2463.39	8144	0
U-wire-ListTaskSummaryResponse-tasks-as-wt5	corpus	decode-read	drop	E	7	2495.96	8144	1
U-wire-ListTaskSummaryResponse-tasks-as-wt5	corpus	decode-read	drop	R	7	2413.09	8144	0
U-wire-ListTaskSummaryResponse-tasks-as-wt5	corpus	decode-read	drop	E2	7	2477.46	8062	1
U-wire-ListTaskSummaryResponse-tasks-as-wt5	corpus	decode-read	drop	R	8	2456.00	8144	0
U-wire-ListTaskSummaryResponse-tasks-as-wt5	corpus	decode-read	drop	E2	8	2467.88	8062	1
U-wire-ListTaskSummaryResponse-tasks-as-wt5	corpus	decode-read	drop	E	8	2489.98	8144	1
U-wire-ListTaskSummaryResponse-tasks-as-wt5	corpus	decode-read	drop	E2	9	2463.91	8062	1
U-wire-ListTaskSummaryResponse-tasks-as-wt5	corpus	decode-read	drop	E	9	2489.66	8144	1
U-wire-ListTaskSummaryResponse-tasks-as-wt5	corpus	decode-read	drop	R	9	2463.92	8144	0
U-wire-ListTaskSummaryResponse-tasks-as-wt5	corpus	decode-read	drop	E	10	2469.99	8144	1
U-wire-ListTaskSummaryResponse-tasks-as-wt5	corpus	decode-read	drop	R	10	2511.66	8144	0
U-wire-ListTaskSummaryResponse-tasks-as-wt5	corpus	decode-read	drop	E2	10	2432.53	8062	1
U-wire-ListTaskSummaryResponse-tasks-as-wt5	corpus	decode-read	drop	R	11	2483.96	8144	0
U-wire-ListTaskSummaryResponse-tasks-as-wt5	corpus	decode-read	drop	E2	11	2550.02	8062	1
U-wire-ListTaskSummaryResponse-tasks-as-wt5	corpus	decode-read	drop	E	11	2466.53	8144	1
U-wire-ListTaskSummaryResponse-tasks-as-wt5	corpus	decode-read	drop	E2	12	2447.33	8062	1
U-wire-ListTaskSummaryResponse-tasks-as-wt5	corpus	decode-read	drop	E	12	2458.63	8144	1
U-wire-ListTaskSummaryResponse-tasks-as-wt5	corpus	decode-read	drop	R	12	2471.66	8144	0
U-wire-ListTaskSummaryResponse-tasks-as-wt5	corpus	decode-read	drop	E	13	2500.90	8144	1
U-wire-ListTaskSummaryResponse-tasks-as-wt5	corpus	decode-read	drop	R	13	2436.64	8144	0
U-wire-ListTaskSummaryResponse-tasks-as-wt5	corpus	decode-read	drop	E2	13	2490.03	8062	1
U-wire-ListTaskSummaryResponse-tasks-as-wt5	corpus	decode-read	drop	R	14	2450.46	8144	0
U-wire-ListTaskSummaryResponse-tasks-as-wt5	corpus	decode-read	drop	E2	14	2460.72	8062	1
U-wire-ListTaskSummaryResponse-tasks-as-wt5	corpus	decode-read	drop	E	14	2537.60	8144	1
U-wire-ListTaskSummaryResponse-tasks-as-wt5	corpus	decode-read	drop	E2	15	2486.16	8062	1
U-wire-ListTaskSummaryResponse-tasks-as-wt5	corpus	decode-read	drop	E	15	2457.22	8144	1
U-wire-ListTaskSummaryResponse-tasks-as-wt5	corpus	decode-read	drop	R	15	2461.32	8144	0
U-wire-ListTaskSummaryResponse-tasks-as-wt5	corpus	decode-read	drop	E	16	2468.29	8144	1
U-wire-ListTaskSummaryResponse-tasks-as-wt5	corpus	decode-read	drop	R	16	2467.91	8144	0
U-wire-ListTaskSummaryResponse-tasks-as-wt5	corpus	decode-read	drop	E2	16	2444.88	8062	1
U-wire-ListTaskSummaryResponse-tasks-as-wt5	corpus	decode-read	drop	R	17	2502.66	8144	0
U-wire-ListTaskSummaryResponse-tasks-as-wt5	corpus	decode-read	drop	E2	17	2464.01	8062	1
U-wire-ListTaskSummaryResponse-tasks-as-wt5	corpus	decode-read	drop	E	17	2457.95	8144	1
U-wire-ListTaskSummaryResponse-tasks-as-wt5	corpus	decode-read	drop	E2	18	2466.72	8062	1
U-wire-ListTaskSummaryResponse-tasks-as-wt5	corpus	decode-read	drop	E	18	2463.52	8144	1
U-wire-ListTaskSummaryResponse-tasks-as-wt5	corpus	decode-read	drop	R	18	2504.05	8144	0
U-wire-ListTaskSummaryResponse-tasks-as-wt5	corpus	decode-read	drop	E	19	2456.90	8144	1
U-wire-ListTaskSummaryResponse-tasks-as-wt5	corpus	decode-read	drop	R	19	2465.01	8144	0
U-wire-ListTaskSummaryResponse-tasks-as-wt5	corpus	decode-read	drop	E2	19	2494.03	8062	1
U-wire-ListTaskSummaryResponse-tasks-as-wt5	corpus	decode-read	drop	R	20	2514.91	8144	0
U-wire-ListTaskSummaryResponse-tasks-as-wt5	corpus	decode-read	drop	E2	20	2427.06	8062	1
U-wire-ListTaskSummaryResponse-tasks-as-wt5	corpus	decode-read	drop	E	20	2468.45	8144	1
U-wire-ListTaskSummaryResponse-tasks-as-wt5	corpus	decode-read	drop	E2	21	2515.35	8062	1
U-wire-ListTaskSummaryResponse-tasks-as-wt5	corpus	decode-read	drop	E	21	2455.22	8144	1
U-wire-ListTaskSummaryResponse-tasks-as-wt5	corpus	decode-read	drop	R	21	2495.67	8144	0
U-wire-ListTaskSummaryResponse-tasks-as-wt5	corpus	decode-read	retain	E	1	2577.19	7891	1
U-wire-ListTaskSummaryResponse-tasks-as-wt5	corpus	decode-read	retain	R	1	2546.43	7772	0
U-wire-ListTaskSummaryResponse-tasks-as-wt5	corpus	decode-read	retain	E2	1	2553.31	7897	1
U-wire-ListTaskSummaryResponse-tasks-as-wt5	corpus	decode-read	retain	R	2	2700.42	7772	0
U-wire-ListTaskSummaryResponse-tasks-as-wt5	corpus	decode-read	retain	E2	2	2656.26	7897	1
U-wire-ListTaskSummaryResponse-tasks-as-wt5	corpus	decode-read	retain	E	2	2698.20	7891	1
U-wire-ListTaskSummaryResponse-tasks-as-wt5	corpus	decode-read	retain	E2	3	2644.94	7897	1
U-wire-ListTaskSummaryResponse-tasks-as-wt5	corpus	decode-read	retain	E	3	2602.00	7891	1
U-wire-ListTaskSummaryResponse-tasks-as-wt5	corpus	decode-read	retain	R	3	2584.26	7772	0
U-wire-ListTaskSummaryResponse-tasks-as-wt5	corpus	decode-read	retain	E	4	2561.86	7891	1
U-wire-ListTaskSummaryResponse-tasks-as-wt5	corpus	decode-read	retain	R	4	2608.92	7772	0
U-wire-ListTaskSummaryResponse-tasks-as-wt5	corpus	decode-read	retain	E2	4	3070.69	7897	1
U-wire-ListTaskSummaryResponse-tasks-as-wt5	corpus	decode-read	retain	R	5	2646.68	7772	0
U-wire-ListTaskSummaryResponse-tasks-as-wt5	corpus	decode-read	retain	E2	5	2503.63	7897	1
U-wire-ListTaskSummaryResponse-tasks-as-wt5	corpus	decode-read	retain	E	5	2553.43	7891	1
U-wire-ListTaskSummaryResponse-tasks-as-wt5	corpus	decode-read	retain	E2	6	2662.18	7897	1
U-wire-ListTaskSummaryResponse-tasks-as-wt5	corpus	decode-read	retain	E	6	2590.01	7891	1
U-wire-ListTaskSummaryResponse-tasks-as-wt5	corpus	decode-read	retain	R	6	2683.37	7772	0
U-wire-ListTaskSummaryResponse-tasks-as-wt5	corpus	decode-read	retain	E	7	2721.08	7891	1
U-wire-ListTaskSummaryResponse-tasks-as-wt5	corpus	decode-read	retain	R	7	2797.71	7772	0
U-wire-ListTaskSummaryResponse-tasks-as-wt5	corpus	decode-read	retain	E2	7	2733.44	7897	1
U-wire-ListTaskSummaryResponse-tasks-as-wt5	corpus	decode-read	retain	R	8	2532.07	7772	0
U-wire-ListTaskSummaryResponse-tasks-as-wt5	corpus	decode-read	retain	E2	8	2532.64	7897	1
U-wire-ListTaskSummaryResponse-tasks-as-wt5	corpus	decode-read	retain	E	8	2546.25	7891	1
U-wire-ListTaskSummaryResponse-tasks-as-wt5	corpus	decode-read	retain	E2	9	2510.86	7897	1
U-wire-ListTaskSummaryResponse-tasks-as-wt5	corpus	decode-read	retain	E	9	2564.24	7891	1
U-wire-ListTaskSummaryResponse-tasks-as-wt5	corpus	decode-read	retain	R	9	2589.95	7772	0
U-wire-ListTaskSummaryResponse-tasks-as-wt5	corpus	decode-read	retain	E	10	2716.78	7891	1
U-wire-ListTaskSummaryResponse-tasks-as-wt5	corpus	decode-read	retain	R	10	2558.81	7772	0
U-wire-ListTaskSummaryResponse-tasks-as-wt5	corpus	decode-read	retain	E2	10	2505.37	7897	1
U-wire-ListTaskSummaryResponse-tasks-as-wt5	corpus	decode-read	retain	R	11	2542.86	7772	0
U-wire-ListTaskSummaryResponse-tasks-as-wt5	corpus	decode-read	retain	E2	11	2551.82	7897	1
U-wire-ListTaskSummaryResponse-tasks-as-wt5	corpus	decode-read	retain	E	11	2539.63	7891	1
U-wire-ListTaskSummaryResponse-tasks-as-wt5	corpus	decode-read	retain	E2	12	2541.61	7897	1
U-wire-ListTaskSummaryResponse-tasks-as-wt5	corpus	decode-read	retain	E	12	2545.22	7891	1
U-wire-ListTaskSummaryResponse-tasks-as-wt5	corpus	decode-read	retain	R	12	2622.94	7772	0
U-wire-ListTaskSummaryResponse-tasks-as-wt5	corpus	decode-read	retain	E	13	2562.64	7891	1
U-wire-ListTaskSummaryResponse-tasks-as-wt5	corpus	decode-read	retain	R	13	2541.29	7772	0
U-wire-ListTaskSummaryResponse-tasks-as-wt5	corpus	decode-read	retain	E2	13	2573.77	7897	1
U-wire-ListTaskSummaryResponse-tasks-as-wt5	corpus	decode-read	retain	R	14	2562.01	7772	0
U-wire-ListTaskSummaryResponse-tasks-as-wt5	corpus	decode-read	retain	E2	14	2589.09	7897	1
U-wire-ListTaskSummaryResponse-tasks-as-wt5	corpus	decode-read	retain	E	14	2572.67	7891	1
U-wire-ListTaskSummaryResponse-tasks-as-wt5	corpus	decode-read	retain	E2	15	2516.68	7897	1
U-wire-ListTaskSummaryResponse-tasks-as-wt5	corpus	decode-read	retain	E	15	2526.87	7891	1
U-wire-ListTaskSummaryResponse-tasks-as-wt5	corpus	decode-read	retain	R	15	2536.88	7772	0
U-wire-ListTaskSummaryResponse-tasks-as-wt5	corpus	decode-read	retain	E	16	2555.74	7891	1
U-wire-ListTaskSummaryResponse-tasks-as-wt5	corpus	decode-read	retain	R	16	2559.74	7772	0
U-wire-ListTaskSummaryResponse-tasks-as-wt5	corpus	decode-read	retain	E2	16	2568.18	7897	1
U-wire-ListTaskSummaryResponse-tasks-as-wt5	corpus	decode-read	retain	R	17	2555.63	7772	0
U-wire-ListTaskSummaryResponse-tasks-as-wt5	corpus	decode-read	retain	E2	17	2496.11	7897	1
U-wire-ListTaskSummaryResponse-tasks-as-wt5	corpus	decode-read	retain	E	17	2604.64	7891	1
U-wire-ListTaskSummaryResponse-tasks-as-wt5	corpus	decode-read	retain	E2	18	2605.56	7897	1
U-wire-ListTaskSummaryResponse-tasks-as-wt5	corpus	decode-read	retain	E	18	2548.37	7891	1
U-wire-ListTaskSummaryResponse-tasks-as-wt5	corpus	decode-read	retain	R	18	2583.23	7772	0
U-wire-ListTaskSummaryResponse-tasks-as-wt5	corpus	decode-read	retain	E	19	2627.51	7891	1
U-wire-ListTaskSummaryResponse-tasks-as-wt5	corpus	decode-read	retain	R	19	2632.31	7772	0
U-wire-ListTaskSummaryResponse-tasks-as-wt5	corpus	decode-read	retain	E2	19	2544.80	7897	1
U-wire-ListTaskSummaryResponse-tasks-as-wt5	corpus	decode-read	retain	R	20	2511.58	7772	0
U-wire-ListTaskSummaryResponse-tasks-as-wt5	corpus	decode-read	retain	E2	20	2552.07	7897	1
U-wire-ListTaskSummaryResponse-tasks-as-wt5	corpus	decode-read	retain	E	20	2579.76	7891	1
U-wire-ListTaskSummaryResponse-tasks-as-wt5	corpus	decode-read	retain	E2	21	2657.20	7897	1
U-wire-ListTaskSummaryResponse-tasks-as-wt5	corpus	decode-read	retain	E	21	2662.09	7891	1
U-wire-ListTaskSummaryResponse-tasks-as-wt5	corpus	decode-read	retain	R	21	2594.04	7772	0
U-wire-ListTaskSummaryResponse-tasks-as-wt5	corpus	encode-core-hot	drop	E	1	1121.73	18112	0
U-wire-ListTaskSummaryResponse-tasks-as-wt5	corpus	encode-core-hot	drop	R	1	1129.54	18193	0
U-wire-ListTaskSummaryResponse-tasks-as-wt5	corpus	encode-core-hot	drop	E2	1	1123.48	17996	0
U-wire-ListTaskSummaryResponse-tasks-as-wt5	corpus	encode-core-hot	drop	R	2	1102.79	18193	0
U-wire-ListTaskSummaryResponse-tasks-as-wt5	corpus	encode-core-hot	drop	E2	2	1104.99	17996	0
U-wire-ListTaskSummaryResponse-tasks-as-wt5	corpus	encode-core-hot	drop	E	2	1102.85	18112	0
U-wire-ListTaskSummaryResponse-tasks-as-wt5	corpus	encode-core-hot	drop	E2	3	1102.38	17996	0
U-wire-ListTaskSummaryResponse-tasks-as-wt5	corpus	encode-core-hot	drop	E	3	1117.37	18112	0
U-wire-ListTaskSummaryResponse-tasks-as-wt5	corpus	encode-core-hot	drop	R	3	1112.29	18193	0
U-wire-ListTaskSummaryResponse-tasks-as-wt5	corpus	encode-core-hot	drop	E	4	1104.33	18112	0
U-wire-ListTaskSummaryResponse-tasks-as-wt5	corpus	encode-core-hot	drop	R	4	1102.79	18193	0
U-wire-ListTaskSummaryResponse-tasks-as-wt5	corpus	encode-core-hot	drop	E2	4	1145.85	17996	0
U-wire-ListTaskSummaryResponse-tasks-as-wt5	corpus	encode-core-hot	drop	R	5	1125.34	18193	0
U-wire-ListTaskSummaryResponse-tasks-as-wt5	corpus	encode-core-hot	drop	E2	5	1102.33	17996	0
U-wire-ListTaskSummaryResponse-tasks-as-wt5	corpus	encode-core-hot	drop	E	5	1105.84	18112	0
U-wire-ListTaskSummaryResponse-tasks-as-wt5	corpus	encode-core-hot	drop	E2	6	1119.51	17996	0
U-wire-ListTaskSummaryResponse-tasks-as-wt5	corpus	encode-core-hot	drop	E	6	1104.77	18112	0
U-wire-ListTaskSummaryResponse-tasks-as-wt5	corpus	encode-core-hot	drop	R	6	1108.55	18193	0
U-wire-ListTaskSummaryResponse-tasks-as-wt5	corpus	encode-core-hot	drop	E	7	1111.67	18112	0
U-wire-ListTaskSummaryResponse-tasks-as-wt5	corpus	encode-core-hot	drop	R	7	1105.93	18193	0
U-wire-ListTaskSummaryResponse-tasks-as-wt5	corpus	encode-core-hot	drop	E2	7	1100.45	17996	0
U-wire-ListTaskSummaryResponse-tasks-as-wt5	corpus	encode-core-hot	drop	R	8	1098.81	18193	0
U-wire-ListTaskSummaryResponse-tasks-as-wt5	corpus	encode-core-hot	drop	E2	8	1116.65	17996	0
U-wire-ListTaskSummaryResponse-tasks-as-wt5	corpus	encode-core-hot	drop	E	8	1111.78	18112	0
U-wire-ListTaskSummaryResponse-tasks-as-wt5	corpus	encode-core-hot	drop	E2	9	1103.65	17996	0
U-wire-ListTaskSummaryResponse-tasks-as-wt5	corpus	encode-core-hot	drop	E	9	1121.21	18112	0
U-wire-ListTaskSummaryResponse-tasks-as-wt5	corpus	encode-core-hot	drop	R	9	1127.38	18193	0
U-wire-ListTaskSummaryResponse-tasks-as-wt5	corpus	encode-core-hot	drop	E	10	1113.37	18112	0
U-wire-ListTaskSummaryResponse-tasks-as-wt5	corpus	encode-core-hot	drop	R	10	1104.42	18193	0
U-wire-ListTaskSummaryResponse-tasks-as-wt5	corpus	encode-core-hot	drop	E2	10	1107.54	17996	0
U-wire-ListTaskSummaryResponse-tasks-as-wt5	corpus	encode-core-hot	drop	R	11	1113.15	18193	0
U-wire-ListTaskSummaryResponse-tasks-as-wt5	corpus	encode-core-hot	drop	E2	11	1112.46	17996	0
U-wire-ListTaskSummaryResponse-tasks-as-wt5	corpus	encode-core-hot	drop	E	11	1098.80	18112	0
U-wire-ListTaskSummaryResponse-tasks-as-wt5	corpus	encode-core-hot	drop	E2	12	1104.14	17996	0
U-wire-ListTaskSummaryResponse-tasks-as-wt5	corpus	encode-core-hot	drop	E	12	1118.45	18112	0
U-wire-ListTaskSummaryResponse-tasks-as-wt5	corpus	encode-core-hot	drop	R	12	1110.76	18193	0
U-wire-ListTaskSummaryResponse-tasks-as-wt5	corpus	encode-core-hot	drop	E	13	1109.85	18112	0
U-wire-ListTaskSummaryResponse-tasks-as-wt5	corpus	encode-core-hot	drop	R	13	1107.20	18193	0
U-wire-ListTaskSummaryResponse-tasks-as-wt5	corpus	encode-core-hot	drop	E2	13	1129.09	17996	0
U-wire-ListTaskSummaryResponse-tasks-as-wt5	corpus	encode-core-hot	drop	R	14	1127.43	18193	0
U-wire-ListTaskSummaryResponse-tasks-as-wt5	corpus	encode-core-hot	drop	E2	14	1111.78	17996	0
U-wire-ListTaskSummaryResponse-tasks-as-wt5	corpus	encode-core-hot	drop	E	14	1109.13	18112	0
U-wire-ListTaskSummaryResponse-tasks-as-wt5	corpus	encode-core-hot	drop	E2	15	1105.19	17996	0
U-wire-ListTaskSummaryResponse-tasks-as-wt5	corpus	encode-core-hot	drop	E	15	1095.55	18112	0
U-wire-ListTaskSummaryResponse-tasks-as-wt5	corpus	encode-core-hot	drop	R	15	1102.25	18193	0
U-wire-ListTaskSummaryResponse-tasks-as-wt5	corpus	encode-core-hot	drop	E	16	1104.90	18112	0
U-wire-ListTaskSummaryResponse-tasks-as-wt5	corpus	encode-core-hot	drop	R	16	1105.62	18193	0
U-wire-ListTaskSummaryResponse-tasks-as-wt5	corpus	encode-core-hot	drop	E2	16	1111.18	17996	0
U-wire-ListTaskSummaryResponse-tasks-as-wt5	corpus	encode-core-hot	drop	R	17	1099.98	18193	0
U-wire-ListTaskSummaryResponse-tasks-as-wt5	corpus	encode-core-hot	drop	E2	17	1108.52	17996	0
U-wire-ListTaskSummaryResponse-tasks-as-wt5	corpus	encode-core-hot	drop	E	17	1147.03	18112	0
U-wire-ListTaskSummaryResponse-tasks-as-wt5	corpus	encode-core-hot	drop	E2	18	1172.15	17996	0
U-wire-ListTaskSummaryResponse-tasks-as-wt5	corpus	encode-core-hot	drop	E	18	1171.22	18112	0
U-wire-ListTaskSummaryResponse-tasks-as-wt5	corpus	encode-core-hot	drop	R	18	1148.15	18193	0
U-wire-ListTaskSummaryResponse-tasks-as-wt5	corpus	encode-core-hot	drop	E	19	1172.12	18112	0
U-wire-ListTaskSummaryResponse-tasks-as-wt5	corpus	encode-core-hot	drop	R	19	1122.88	18193	0
U-wire-ListTaskSummaryResponse-tasks-as-wt5	corpus	encode-core-hot	drop	E2	19	1159.63	17996	0
U-wire-ListTaskSummaryResponse-tasks-as-wt5	corpus	encode-core-hot	drop	R	20	1160.89	18193	0
U-wire-ListTaskSummaryResponse-tasks-as-wt5	corpus	encode-core-hot	drop	E2	20	1162.05	17996	0
U-wire-ListTaskSummaryResponse-tasks-as-wt5	corpus	encode-core-hot	drop	E	20	1171.86	18112	0
U-wire-ListTaskSummaryResponse-tasks-as-wt5	corpus	encode-core-hot	drop	E2	21	1121.91	17996	0
U-wire-ListTaskSummaryResponse-tasks-as-wt5	corpus	encode-core-hot	drop	E	21	1169.34	18112	0
U-wire-ListTaskSummaryResponse-tasks-as-wt5	corpus	encode-core-hot	drop	R	21	1133.38	18193	0
U-wire-ListTaskSummaryResponse-tasks-as-wt5	corpus	encode-core-hot	retain	E	1	1154.78	15585	0
U-wire-ListTaskSummaryResponse-tasks-as-wt5	corpus	encode-core-hot	retain	R	1	1132.31	17633	0
U-wire-ListTaskSummaryResponse-tasks-as-wt5	corpus	encode-core-hot	retain	E2	1	1140.62	17745	0
U-wire-ListTaskSummaryResponse-tasks-as-wt5	corpus	encode-core-hot	retain	R	2	1139.06	17633	0
U-wire-ListTaskSummaryResponse-tasks-as-wt5	corpus	encode-core-hot	retain	E2	2	1145.05	17745	0
U-wire-ListTaskSummaryResponse-tasks-as-wt5	corpus	encode-core-hot	retain	E	2	1151.22	15585	0
U-wire-ListTaskSummaryResponse-tasks-as-wt5	corpus	encode-core-hot	retain	E2	3	1175.23	17745	0
U-wire-ListTaskSummaryResponse-tasks-as-wt5	corpus	encode-core-hot	retain	E	3	1152.22	15585	0
U-wire-ListTaskSummaryResponse-tasks-as-wt5	corpus	encode-core-hot	retain	R	3	1155.72	17633	0
U-wire-ListTaskSummaryResponse-tasks-as-wt5	corpus	encode-core-hot	retain	E	4	1159.96	15585	0
U-wire-ListTaskSummaryResponse-tasks-as-wt5	corpus	encode-core-hot	retain	R	4	1140.54	17633	0
U-wire-ListTaskSummaryResponse-tasks-as-wt5	corpus	encode-core-hot	retain	E2	4	1151.15	17745	0
U-wire-ListTaskSummaryResponse-tasks-as-wt5	corpus	encode-core-hot	retain	R	5	1149.98	17633	0
U-wire-ListTaskSummaryResponse-tasks-as-wt5	corpus	encode-core-hot	retain	E2	5	1150.24	17745	0
U-wire-ListTaskSummaryResponse-tasks-as-wt5	corpus	encode-core-hot	retain	E	5	1152.27	15585	0
U-wire-ListTaskSummaryResponse-tasks-as-wt5	corpus	encode-core-hot	retain	E2	6	1191.62	17745	0
U-wire-ListTaskSummaryResponse-tasks-as-wt5	corpus	encode-core-hot	retain	E	6	1181.28	15585	0
U-wire-ListTaskSummaryResponse-tasks-as-wt5	corpus	encode-core-hot	retain	R	6	1171.41	17633	0
U-wire-ListTaskSummaryResponse-tasks-as-wt5	corpus	encode-core-hot	retain	E	7	1171.71	15585	0
U-wire-ListTaskSummaryResponse-tasks-as-wt5	corpus	encode-core-hot	retain	R	7	1187.23	17633	0
U-wire-ListTaskSummaryResponse-tasks-as-wt5	corpus	encode-core-hot	retain	E2	7	1169.88	17745	0
U-wire-ListTaskSummaryResponse-tasks-as-wt5	corpus	encode-core-hot	retain	R	8	1181.88	17633	0
U-wire-ListTaskSummaryResponse-tasks-as-wt5	corpus	encode-core-hot	retain	E2	8	1199.56	17745	0
U-wire-ListTaskSummaryResponse-tasks-as-wt5	corpus	encode-core-hot	retain	E	8	1172.96	15585	0
U-wire-ListTaskSummaryResponse-tasks-as-wt5	corpus	encode-core-hot	retain	E2	9	1223.11	17745	0
U-wire-ListTaskSummaryResponse-tasks-as-wt5	corpus	encode-core-hot	retain	E	9	1169.04	15585	0
U-wire-ListTaskSummaryResponse-tasks-as-wt5	corpus	encode-core-hot	retain	R	9	1167.38	17633	0
U-wire-ListTaskSummaryResponse-tasks-as-wt5	corpus	encode-core-hot	retain	E	10	1150.29	15585	0
U-wire-ListTaskSummaryResponse-tasks-as-wt5	corpus	encode-core-hot	retain	R	10	1136.86	17633	0
U-wire-ListTaskSummaryResponse-tasks-as-wt5	corpus	encode-core-hot	retain	E2	10	1142.52	17745	0
U-wire-ListTaskSummaryResponse-tasks-as-wt5	corpus	encode-core-hot	retain	R	11	1141.25	17633	0
U-wire-ListTaskSummaryResponse-tasks-as-wt5	corpus	encode-core-hot	retain	E2	11	1137.16	17745	0
U-wire-ListTaskSummaryResponse-tasks-as-wt5	corpus	encode-core-hot	retain	E	11	1157.62	15585	0
U-wire-ListTaskSummaryResponse-tasks-as-wt5	corpus	encode-core-hot	retain	E2	12	1140.60	17745	0
U-wire-ListTaskSummaryResponse-tasks-as-wt5	corpus	encode-core-hot	retain	E	12	1140.80	15585	0
U-wire-ListTaskSummaryResponse-tasks-as-wt5	corpus	encode-core-hot	retain	R	12	1148.48	17633	0
U-wire-ListTaskSummaryResponse-tasks-as-wt5	corpus	encode-core-hot	retain	E	13	1169.54	15585	0
U-wire-ListTaskSummaryResponse-tasks-as-wt5	corpus	encode-core-hot	retain	R	13	1169.02	17633	0
U-wire-ListTaskSummaryResponse-tasks-as-wt5	corpus	encode-core-hot	retain	E2	13	1166.05	17745	0
U-wire-ListTaskSummaryResponse-tasks-as-wt5	corpus	encode-core-hot	retain	R	14	1161.84	17633	0
U-wire-ListTaskSummaryResponse-tasks-as-wt5	corpus	encode-core-hot	retain	E2	14	1170.71	17745	0
U-wire-ListTaskSummaryResponse-tasks-as-wt5	corpus	encode-core-hot	retain	E	14	1155.40	15585	0
U-wire-ListTaskSummaryResponse-tasks-as-wt5	corpus	encode-core-hot	retain	E2	15	1158.51	17745	0
U-wire-ListTaskSummaryResponse-tasks-as-wt5	corpus	encode-core-hot	retain	E	15	1161.65	15585	0
U-wire-ListTaskSummaryResponse-tasks-as-wt5	corpus	encode-core-hot	retain	R	15	1154.99	17633	0
U-wire-ListTaskSummaryResponse-tasks-as-wt5	corpus	encode-core-hot	retain	E	16	1159.49	15585	0
U-wire-ListTaskSummaryResponse-tasks-as-wt5	corpus	encode-core-hot	retain	R	16	1138.45	17633	0
U-wire-ListTaskSummaryResponse-tasks-as-wt5	corpus	encode-core-hot	retain	E2	16	1154.73	17745	0
U-wire-ListTaskSummaryResponse-tasks-as-wt5	corpus	encode-core-hot	retain	R	17	1190.63	17633	0
U-wire-ListTaskSummaryResponse-tasks-as-wt5	corpus	encode-core-hot	retain	E2	17	1231.00	17745	0
U-wire-ListTaskSummaryResponse-tasks-as-wt5	corpus	encode-core-hot	retain	E	17	1245.65	15585	0
U-wire-ListTaskSummaryResponse-tasks-as-wt5	corpus	encode-core-hot	retain	E2	18	1238.32	17745	0
U-wire-ListTaskSummaryResponse-tasks-as-wt5	corpus	encode-core-hot	retain	E	18	1230.84	15585	0
U-wire-ListTaskSummaryResponse-tasks-as-wt5	corpus	encode-core-hot	retain	R	18	1209.19	17633	0
U-wire-ListTaskSummaryResponse-tasks-as-wt5	corpus	encode-core-hot	retain	E	19	1214.48	15585	0
U-wire-ListTaskSummaryResponse-tasks-as-wt5	corpus	encode-core-hot	retain	R	19	1222.92	17633	0
U-wire-ListTaskSummaryResponse-tasks-as-wt5	corpus	encode-core-hot	retain	E2	19	1209.66	17745	0
U-wire-ListTaskSummaryResponse-tasks-as-wt5	corpus	encode-core-hot	retain	R	20	1218.25	17633	0
U-wire-ListTaskSummaryResponse-tasks-as-wt5	corpus	encode-core-hot	retain	E2	20	1224.48	17745	0
U-wire-ListTaskSummaryResponse-tasks-as-wt5	corpus	encode-core-hot	retain	E	20	1290.99	15585	0
U-wire-ListTaskSummaryResponse-tasks-as-wt5	corpus	encode-core-hot	retain	E2	21	1804.27	17745	0
U-wire-ListTaskSummaryResponse-tasks-as-wt5	corpus	encode-core-hot	retain	E	21	1223.97	15585	0
U-wire-ListTaskSummaryResponse-tasks-as-wt5	corpus	encode-core-hot	retain	R	21	1148.31	17633	0
U-wire-UploadResultDataMessage-upload-as-wt5	corpus	decode-read	drop	E	1	178.90	91305	1
U-wire-UploadResultDataMessage-upload-as-wt5	corpus	decode-read	drop	R	1	166.57	100638	0
U-wire-UploadResultDataMessage-upload-as-wt5	corpus	decode-read	drop	E2	1	171.55	122118	1
U-wire-UploadResultDataMessage-upload-as-wt5	corpus	decode-read	drop	R	2	166.05	100638	0
U-wire-UploadResultDataMessage-upload-as-wt5	corpus	decode-read	drop	E2	2	171.20	122118	1
U-wire-UploadResultDataMessage-upload-as-wt5	corpus	decode-read	drop	E	2	168.22	91305	1
U-wire-UploadResultDataMessage-upload-as-wt5	corpus	decode-read	drop	E2	3	173.45	122118	1
U-wire-UploadResultDataMessage-upload-as-wt5	corpus	decode-read	drop	E	3	167.88	91305	1
U-wire-UploadResultDataMessage-upload-as-wt5	corpus	decode-read	drop	R	3	168.10	100638	0
U-wire-UploadResultDataMessage-upload-as-wt5	corpus	decode-read	drop	E	4	170.70	91305	1
U-wire-UploadResultDataMessage-upload-as-wt5	corpus	decode-read	drop	R	4	166.41	100638	0
U-wire-UploadResultDataMessage-upload-as-wt5	corpus	decode-read	drop	E2	4	171.79	122118	1
U-wire-UploadResultDataMessage-upload-as-wt5	corpus	decode-read	drop	R	5	168.25	100638	0
U-wire-UploadResultDataMessage-upload-as-wt5	corpus	decode-read	drop	E2	5	168.04	122118	1
U-wire-UploadResultDataMessage-upload-as-wt5	corpus	decode-read	drop	E	5	166.04	91305	1
U-wire-UploadResultDataMessage-upload-as-wt5	corpus	decode-read	drop	E2	6	171.14	122118	1
U-wire-UploadResultDataMessage-upload-as-wt5	corpus	decode-read	drop	E	6	169.80	91305	1
U-wire-UploadResultDataMessage-upload-as-wt5	corpus	decode-read	drop	R	6	165.79	100638	0
U-wire-UploadResultDataMessage-upload-as-wt5	corpus	decode-read	drop	E	7	165.05	91305	1
U-wire-UploadResultDataMessage-upload-as-wt5	corpus	decode-read	drop	R	7	166.14	100638	0
U-wire-UploadResultDataMessage-upload-as-wt5	corpus	decode-read	drop	E2	7	166.33	122118	1
U-wire-UploadResultDataMessage-upload-as-wt5	corpus	decode-read	drop	R	8	163.70	100638	0
U-wire-UploadResultDataMessage-upload-as-wt5	corpus	decode-read	drop	E2	8	165.29	122118	1
U-wire-UploadResultDataMessage-upload-as-wt5	corpus	decode-read	drop	E	8	168.06	91305	1
U-wire-UploadResultDataMessage-upload-as-wt5	corpus	decode-read	drop	E2	9	163.19	122118	1
U-wire-UploadResultDataMessage-upload-as-wt5	corpus	decode-read	drop	E	9	165.09	91305	1
U-wire-UploadResultDataMessage-upload-as-wt5	corpus	decode-read	drop	R	9	166.78	100638	0
U-wire-UploadResultDataMessage-upload-as-wt5	corpus	decode-read	drop	E	10	168.76	91305	1
U-wire-UploadResultDataMessage-upload-as-wt5	corpus	decode-read	drop	R	10	163.18	100638	0
U-wire-UploadResultDataMessage-upload-as-wt5	corpus	decode-read	drop	E2	10	165.56	122118	1
U-wire-UploadResultDataMessage-upload-as-wt5	corpus	decode-read	drop	R	11	162.78	100638	0
U-wire-UploadResultDataMessage-upload-as-wt5	corpus	decode-read	drop	E2	11	166.66	122118	1
U-wire-UploadResultDataMessage-upload-as-wt5	corpus	decode-read	drop	E	11	162.53	91305	1
U-wire-UploadResultDataMessage-upload-as-wt5	corpus	decode-read	drop	E2	12	164.83	122118	1
U-wire-UploadResultDataMessage-upload-as-wt5	corpus	decode-read	drop	E	12	165.23	91305	1
U-wire-UploadResultDataMessage-upload-as-wt5	corpus	decode-read	drop	R	12	165.65	100638	0
U-wire-UploadResultDataMessage-upload-as-wt5	corpus	decode-read	drop	E	13	163.72	91305	1
U-wire-UploadResultDataMessage-upload-as-wt5	corpus	decode-read	drop	R	13	162.82	100638	0
U-wire-UploadResultDataMessage-upload-as-wt5	corpus	decode-read	drop	E2	13	164.64	122118	1
U-wire-UploadResultDataMessage-upload-as-wt5	corpus	decode-read	drop	R	14	161.50	100638	0
U-wire-UploadResultDataMessage-upload-as-wt5	corpus	decode-read	drop	E2	14	165.97	122118	1
U-wire-UploadResultDataMessage-upload-as-wt5	corpus	decode-read	drop	E	14	163.17	91305	1
U-wire-UploadResultDataMessage-upload-as-wt5	corpus	decode-read	drop	E2	15	165.77	122118	1
U-wire-UploadResultDataMessage-upload-as-wt5	corpus	decode-read	drop	E	15	163.70	91305	1
U-wire-UploadResultDataMessage-upload-as-wt5	corpus	decode-read	drop	R	15	164.87	100638	0
U-wire-UploadResultDataMessage-upload-as-wt5	corpus	decode-read	drop	E	16	163.66	91305	1
U-wire-UploadResultDataMessage-upload-as-wt5	corpus	decode-read	drop	R	16	162.34	100638	0
U-wire-UploadResultDataMessage-upload-as-wt5	corpus	decode-read	drop	E2	16	163.22	122118	1
U-wire-UploadResultDataMessage-upload-as-wt5	corpus	decode-read	drop	R	17	165.67	100638	0
U-wire-UploadResultDataMessage-upload-as-wt5	corpus	decode-read	drop	E2	17	164.38	122118	1
U-wire-UploadResultDataMessage-upload-as-wt5	corpus	decode-read	drop	E	17	165.60	91305	1
U-wire-UploadResultDataMessage-upload-as-wt5	corpus	decode-read	drop	E2	18	164.73	122118	1
U-wire-UploadResultDataMessage-upload-as-wt5	corpus	decode-read	drop	E	18	167.59	91305	1
U-wire-UploadResultDataMessage-upload-as-wt5	corpus	decode-read	drop	R	18	162.01	100638	0
U-wire-UploadResultDataMessage-upload-as-wt5	corpus	decode-read	drop	E	19	166.14	91305	1
U-wire-UploadResultDataMessage-upload-as-wt5	corpus	decode-read	drop	R	19	161.36	100638	0
U-wire-UploadResultDataMessage-upload-as-wt5	corpus	decode-read	drop	E2	19	166.49	122118	1
U-wire-UploadResultDataMessage-upload-as-wt5	corpus	decode-read	drop	R	20	161.66	100638	0
U-wire-UploadResultDataMessage-upload-as-wt5	corpus	decode-read	drop	E2	20	164.54	122118	1
U-wire-UploadResultDataMessage-upload-as-wt5	corpus	decode-read	drop	E	20	165.96	91305	1
U-wire-UploadResultDataMessage-upload-as-wt5	corpus	decode-read	drop	E2	21	167.72	122118	1
U-wire-UploadResultDataMessage-upload-as-wt5	corpus	decode-read	drop	E	21	164.42	91305	1
U-wire-UploadResultDataMessage-upload-as-wt5	corpus	decode-read	drop	R	21	163.53	100638	0
U-wire-UploadResultDataMessage-upload-as-wt5	corpus	decode-read	retain	E	1	212.82	94293	1
U-wire-UploadResultDataMessage-upload-as-wt5	corpus	decode-read	retain	R	1	205.36	97517	0
U-wire-UploadResultDataMessage-upload-as-wt5	corpus	decode-read	retain	E2	1	211.39	96226	1
U-wire-UploadResultDataMessage-upload-as-wt5	corpus	decode-read	retain	R	2	215.10	97517	0
U-wire-UploadResultDataMessage-upload-as-wt5	corpus	decode-read	retain	E2	2	221.69	96226	1
U-wire-UploadResultDataMessage-upload-as-wt5	corpus	decode-read	retain	E	2	212.45	94293	1
U-wire-UploadResultDataMessage-upload-as-wt5	corpus	decode-read	retain	E2	3	212.95	96226	1
U-wire-UploadResultDataMessage-upload-as-wt5	corpus	decode-read	retain	E	3	212.15	94293	1
U-wire-UploadResultDataMessage-upload-as-wt5	corpus	decode-read	retain	R	3	210.30	97517	0
U-wire-UploadResultDataMessage-upload-as-wt5	corpus	decode-read	retain	E	4	209.83	94293	1
U-wire-UploadResultDataMessage-upload-as-wt5	corpus	decode-read	retain	R	4	208.89	97517	0
U-wire-UploadResultDataMessage-upload-as-wt5	corpus	decode-read	retain	E2	4	207.80	96226	1
U-wire-UploadResultDataMessage-upload-as-wt5	corpus	decode-read	retain	R	5	211.55	97517	0
U-wire-UploadResultDataMessage-upload-as-wt5	corpus	decode-read	retain	E2	5	209.04	96226	1
U-wire-UploadResultDataMessage-upload-as-wt5	corpus	decode-read	retain	E	5	213.13	94293	1
U-wire-UploadResultDataMessage-upload-as-wt5	corpus	decode-read	retain	E2	6	212.25	96226	1
U-wire-UploadResultDataMessage-upload-as-wt5	corpus	decode-read	retain	E	6	216.03	94293	1
U-wire-UploadResultDataMessage-upload-as-wt5	corpus	decode-read	retain	R	6	206.14	97517	0
U-wire-UploadResultDataMessage-upload-as-wt5	corpus	decode-read	retain	E	7	212.14	94293	1
U-wire-UploadResultDataMessage-upload-as-wt5	corpus	decode-read	retain	R	7	211.26	97517	0
U-wire-UploadResultDataMessage-upload-as-wt5	corpus	decode-read	retain	E2	7	215.36	96226	1
U-wire-UploadResultDataMessage-upload-as-wt5	corpus	decode-read	retain	R	8	208.58	97517	0
U-wire-UploadResultDataMessage-upload-as-wt5	corpus	decode-read	retain	E2	8	209.92	96226	1
U-wire-UploadResultDataMessage-upload-as-wt5	corpus	decode-read	retain	E	8	208.68	94293	1
U-wire-UploadResultDataMessage-upload-as-wt5	corpus	decode-read	retain	E2	9	210.90	96226	1
U-wire-UploadResultDataMessage-upload-as-wt5	corpus	decode-read	retain	E	9	211.09	94293	1
U-wire-UploadResultDataMessage-upload-as-wt5	corpus	decode-read	retain	R	9	207.98	97517	0
U-wire-UploadResultDataMessage-upload-as-wt5	corpus	decode-read	retain	E	10	209.71	94293	1
U-wire-UploadResultDataMessage-upload-as-wt5	corpus	decode-read	retain	R	10	206.60	97517	0
U-wire-UploadResultDataMessage-upload-as-wt5	corpus	decode-read	retain	E2	10	211.85	96226	1
U-wire-UploadResultDataMessage-upload-as-wt5	corpus	decode-read	retain	R	11	209.31	97517	0
U-wire-UploadResultDataMessage-upload-as-wt5	corpus	decode-read	retain	E2	11	209.29	96226	1
U-wire-UploadResultDataMessage-upload-as-wt5	corpus	decode-read	retain	E	11	211.65	94293	1
U-wire-UploadResultDataMessage-upload-as-wt5	corpus	decode-read	retain	E2	12	212.37	96226	1
U-wire-UploadResultDataMessage-upload-as-wt5	corpus	decode-read	retain	E	12	207.98	94293	1
U-wire-UploadResultDataMessage-upload-as-wt5	corpus	decode-read	retain	R	12	210.88	97517	0
U-wire-UploadResultDataMessage-upload-as-wt5	corpus	decode-read	retain	E	13	209.70	94293	1
U-wire-UploadResultDataMessage-upload-as-wt5	corpus	decode-read	retain	R	13	208.90	97517	0
U-wire-UploadResultDataMessage-upload-as-wt5	corpus	decode-read	retain	E2	13	210.05	96226	1
U-wire-UploadResultDataMessage-upload-as-wt5	corpus	decode-read	retain	R	14	207.59	97517	0
U-wire-UploadResultDataMessage-upload-as-wt5	corpus	decode-read	retain	E2	14	209.52	96226	1
U-wire-UploadResultDataMessage-upload-as-wt5	corpus	decode-read	retain	E	14	211.55	94293	1
U-wire-UploadResultDataMessage-upload-as-wt5	corpus	decode-read	retain	E2	15	209.83	96226	1
U-wire-UploadResultDataMessage-upload-as-wt5	corpus	decode-read	retain	E	15	209.43	94293	1
U-wire-UploadResultDataMessage-upload-as-wt5	corpus	decode-read	retain	R	15	210.78	97517	0
U-wire-UploadResultDataMessage-upload-as-wt5	corpus	decode-read	retain	E	16	214.18	94293	1
U-wire-UploadResultDataMessage-upload-as-wt5	corpus	decode-read	retain	R	16	207.16	97517	0
U-wire-UploadResultDataMessage-upload-as-wt5	corpus	decode-read	retain	E2	16	209.96	96226	1
U-wire-UploadResultDataMessage-upload-as-wt5	corpus	decode-read	retain	R	17	206.85	97517	0
U-wire-UploadResultDataMessage-upload-as-wt5	corpus	decode-read	retain	E2	17	213.24	96226	1
U-wire-UploadResultDataMessage-upload-as-wt5	corpus	decode-read	retain	E	17	214.24	94293	1
U-wire-UploadResultDataMessage-upload-as-wt5	corpus	decode-read	retain	E2	18	221.10	96226	1
U-wire-UploadResultDataMessage-upload-as-wt5	corpus	decode-read	retain	E	18	211.00	94293	1
U-wire-UploadResultDataMessage-upload-as-wt5	corpus	decode-read	retain	R	18	212.40	97517	0
U-wire-UploadResultDataMessage-upload-as-wt5	corpus	decode-read	retain	E	19	209.31	94293	1
U-wire-UploadResultDataMessage-upload-as-wt5	corpus	decode-read	retain	R	19	207.23	97517	0
U-wire-UploadResultDataMessage-upload-as-wt5	corpus	decode-read	retain	E2	19	210.38	96226	1
U-wire-UploadResultDataMessage-upload-as-wt5	corpus	decode-read	retain	R	20	209.73	97517	0
U-wire-UploadResultDataMessage-upload-as-wt5	corpus	decode-read	retain	E2	20	206.83	96226	1
U-wire-UploadResultDataMessage-upload-as-wt5	corpus	decode-read	retain	E	20	208.78	94293	1
U-wire-UploadResultDataMessage-upload-as-wt5	corpus	decode-read	retain	E2	21	211.14	96226	1
U-wire-UploadResultDataMessage-upload-as-wt5	corpus	decode-read	retain	E	21	212.75	94293	1
U-wire-UploadResultDataMessage-upload-as-wt5	corpus	decode-read	retain	R	21	207.05	97517	0
U-wire-UploadResultDataMessage-upload-as-wt5	corpus	encode-core-hot	drop	E	1	97.91	203030	0
U-wire-UploadResultDataMessage-upload-as-wt5	corpus	encode-core-hot	drop	R	1	96.54	207213	0
U-wire-UploadResultDataMessage-upload-as-wt5	corpus	encode-core-hot	drop	E2	1	97.83	207380	0
U-wire-UploadResultDataMessage-upload-as-wt5	corpus	encode-core-hot	drop	R	2	95.47	207213	0
U-wire-UploadResultDataMessage-upload-as-wt5	corpus	encode-core-hot	drop	E2	2	96.55	207380	0
U-wire-UploadResultDataMessage-upload-as-wt5	corpus	encode-core-hot	drop	E	2	96.64	203030	0
U-wire-UploadResultDataMessage-upload-as-wt5	corpus	encode-core-hot	drop	E2	3	97.24	207380	0
U-wire-UploadResultDataMessage-upload-as-wt5	corpus	encode-core-hot	drop	E	3	98.93	203030	0
U-wire-UploadResultDataMessage-upload-as-wt5	corpus	encode-core-hot	drop	R	3	96.07	207213	0
U-wire-UploadResultDataMessage-upload-as-wt5	corpus	encode-core-hot	drop	E	4	96.11	203030	0
U-wire-UploadResultDataMessage-upload-as-wt5	corpus	encode-core-hot	drop	R	4	95.49	207213	0
U-wire-UploadResultDataMessage-upload-as-wt5	corpus	encode-core-hot	drop	E2	4	96.58	207380	0
U-wire-UploadResultDataMessage-upload-as-wt5	corpus	encode-core-hot	drop	R	5	97.73	207213	0
U-wire-UploadResultDataMessage-upload-as-wt5	corpus	encode-core-hot	drop	E2	5	95.92	207380	0
U-wire-UploadResultDataMessage-upload-as-wt5	corpus	encode-core-hot	drop	E	5	96.03	203030	0
U-wire-UploadResultDataMessage-upload-as-wt5	corpus	encode-core-hot	drop	E2	6	95.67	207380	0
U-wire-UploadResultDataMessage-upload-as-wt5	corpus	encode-core-hot	drop	E	6	96.60	203030	0
U-wire-UploadResultDataMessage-upload-as-wt5	corpus	encode-core-hot	drop	R	6	96.54	207213	0
U-wire-UploadResultDataMessage-upload-as-wt5	corpus	encode-core-hot	drop	E	7	96.49	203030	0
U-wire-UploadResultDataMessage-upload-as-wt5	corpus	encode-core-hot	drop	R	7	95.23	207213	0
U-wire-UploadResultDataMessage-upload-as-wt5	corpus	encode-core-hot	drop	E2	7	96.34	207380	0
U-wire-UploadResultDataMessage-upload-as-wt5	corpus	encode-core-hot	drop	R	8	96.51	207213	0
U-wire-UploadResultDataMessage-upload-as-wt5	corpus	encode-core-hot	drop	E2	8	96.87	207380	0
U-wire-UploadResultDataMessage-upload-as-wt5	corpus	encode-core-hot	drop	E	8	99.06	203030	0
U-wire-UploadResultDataMessage-upload-as-wt5	corpus	encode-core-hot	drop	E2	9	96.49	207380	0
U-wire-UploadResultDataMessage-upload-as-wt5	corpus	encode-core-hot	drop	E	9	94.75	203030	0
U-wire-UploadResultDataMessage-upload-as-wt5	corpus	encode-core-hot	drop	R	9	96.77	207213	0
U-wire-UploadResultDataMessage-upload-as-wt5	corpus	encode-core-hot	drop	E	10	97.17	203030	0
U-wire-UploadResultDataMessage-upload-as-wt5	corpus	encode-core-hot	drop	R	10	95.26	207213	0
U-wire-UploadResultDataMessage-upload-as-wt5	corpus	encode-core-hot	drop	E2	10	95.59	207380	0
U-wire-UploadResultDataMessage-upload-as-wt5	corpus	encode-core-hot	drop	R	11	94.30	207213	0
U-wire-UploadResultDataMessage-upload-as-wt5	corpus	encode-core-hot	drop	E2	11	95.82	207380	0
U-wire-UploadResultDataMessage-upload-as-wt5	corpus	encode-core-hot	drop	E	11	97.28	203030	0
U-wire-UploadResultDataMessage-upload-as-wt5	corpus	encode-core-hot	drop	E2	12	96.94	207380	0
U-wire-UploadResultDataMessage-upload-as-wt5	corpus	encode-core-hot	drop	E	12	96.16	203030	0
U-wire-UploadResultDataMessage-upload-as-wt5	corpus	encode-core-hot	drop	R	12	95.47	207213	0
U-wire-UploadResultDataMessage-upload-as-wt5	corpus	encode-core-hot	drop	E	13	96.74	203030	0
U-wire-UploadResultDataMessage-upload-as-wt5	corpus	encode-core-hot	drop	R	13	98.26	207213	0
U-wire-UploadResultDataMessage-upload-as-wt5	corpus	encode-core-hot	drop	E2	13	96.61	207380	0
U-wire-UploadResultDataMessage-upload-as-wt5	corpus	encode-core-hot	drop	R	14	97.82	207213	0
U-wire-UploadResultDataMessage-upload-as-wt5	corpus	encode-core-hot	drop	E2	14	97.26	207380	0
U-wire-UploadResultDataMessage-upload-as-wt5	corpus	encode-core-hot	drop	E	14	97.33	203030	0
U-wire-UploadResultDataMessage-upload-as-wt5	corpus	encode-core-hot	drop	E2	15	97.67	207380	0
U-wire-UploadResultDataMessage-upload-as-wt5	corpus	encode-core-hot	drop	E	15	96.81	203030	0
U-wire-UploadResultDataMessage-upload-as-wt5	corpus	encode-core-hot	drop	R	15	96.09	207213	0
U-wire-UploadResultDataMessage-upload-as-wt5	corpus	encode-core-hot	drop	E	16	96.65	203030	0
U-wire-UploadResultDataMessage-upload-as-wt5	corpus	encode-core-hot	drop	R	16	96.06	207213	0
U-wire-UploadResultDataMessage-upload-as-wt5	corpus	encode-core-hot	drop	E2	16	124.88	207380	0
U-wire-UploadResultDataMessage-upload-as-wt5	corpus	encode-core-hot	drop	R	17	135.60	207213	0
U-wire-UploadResultDataMessage-upload-as-wt5	corpus	encode-core-hot	drop	E2	17	101.55	207380	0
U-wire-UploadResultDataMessage-upload-as-wt5	corpus	encode-core-hot	drop	E	17	97.65	203030	0
U-wire-UploadResultDataMessage-upload-as-wt5	corpus	encode-core-hot	drop	E2	18	96.39	207380	0
U-wire-UploadResultDataMessage-upload-as-wt5	corpus	encode-core-hot	drop	E	18	95.64	203030	0
U-wire-UploadResultDataMessage-upload-as-wt5	corpus	encode-core-hot	drop	R	18	95.25	207213	0
U-wire-UploadResultDataMessage-upload-as-wt5	corpus	encode-core-hot	drop	E	19	95.59	203030	0
U-wire-UploadResultDataMessage-upload-as-wt5	corpus	encode-core-hot	drop	R	19	95.51	207213	0
U-wire-UploadResultDataMessage-upload-as-wt5	corpus	encode-core-hot	drop	E2	19	95.53	207380	0
U-wire-UploadResultDataMessage-upload-as-wt5	corpus	encode-core-hot	drop	R	20	95.63	207213	0
U-wire-UploadResultDataMessage-upload-as-wt5	corpus	encode-core-hot	drop	E2	20	95.90	207380	0
U-wire-UploadResultDataMessage-upload-as-wt5	corpus	encode-core-hot	drop	E	20	95.57	203030	0
U-wire-UploadResultDataMessage-upload-as-wt5	corpus	encode-core-hot	drop	E2	21	95.62	207380	0
U-wire-UploadResultDataMessage-upload-as-wt5	corpus	encode-core-hot	drop	E	21	95.76	203030	0
U-wire-UploadResultDataMessage-upload-as-wt5	corpus	encode-core-hot	drop	R	21	95.26	207213	0
U-wire-UploadResultDataMessage-upload-as-wt5	corpus	encode-core-hot	retain	E	1	109.80	187032	0
U-wire-UploadResultDataMessage-upload-as-wt5	corpus	encode-core-hot	retain	R	1	105.30	185762	0
U-wire-UploadResultDataMessage-upload-as-wt5	corpus	encode-core-hot	retain	E2	1	105.37	152555	0
U-wire-UploadResultDataMessage-upload-as-wt5	corpus	encode-core-hot	retain	R	2	104.78	185762	0
U-wire-UploadResultDataMessage-upload-as-wt5	corpus	encode-core-hot	retain	E2	2	105.56	152555	0
U-wire-UploadResultDataMessage-upload-as-wt5	corpus	encode-core-hot	retain	E	2	105.76	187032	0
U-wire-UploadResultDataMessage-upload-as-wt5	corpus	encode-core-hot	retain	E2	3	106.54	152555	0
U-wire-UploadResultDataMessage-upload-as-wt5	corpus	encode-core-hot	retain	E	3	106.50	187032	0
U-wire-UploadResultDataMessage-upload-as-wt5	corpus	encode-core-hot	retain	R	3	102.61	185762	0
U-wire-UploadResultDataMessage-upload-as-wt5	corpus	encode-core-hot	retain	E	4	105.96	187032	0
U-wire-UploadResultDataMessage-upload-as-wt5	corpus	encode-core-hot	retain	R	4	101.28	185762	0
U-wire-UploadResultDataMessage-upload-as-wt5	corpus	encode-core-hot	retain	E2	4	107.03	152555	0
U-wire-UploadResultDataMessage-upload-as-wt5	corpus	encode-core-hot	retain	R	5	102.42	185762	0
U-wire-UploadResultDataMessage-upload-as-wt5	corpus	encode-core-hot	retain	E2	5	109.44	152555	0
U-wire-UploadResultDataMessage-upload-as-wt5	corpus	encode-core-hot	retain	E	5	105.83	187032	0
U-wire-UploadResultDataMessage-upload-as-wt5	corpus	encode-core-hot	retain	E2	6	105.96	152555	0
U-wire-UploadResultDataMessage-upload-as-wt5	corpus	encode-core-hot	retain	E	6	105.55	187032	0
U-wire-UploadResultDataMessage-upload-as-wt5	corpus	encode-core-hot	retain	R	6	100.29	185762	0
U-wire-UploadResultDataMessage-upload-as-wt5	corpus	encode-core-hot	retain	E	7	105.28	187032	0
U-wire-UploadResultDataMessage-upload-as-wt5	corpus	encode-core-hot	retain	R	7	102.25	185762	0
U-wire-UploadResultDataMessage-upload-as-wt5	corpus	encode-core-hot	retain	E2	7	107.13	152555	0
U-wire-UploadResultDataMessage-upload-as-wt5	corpus	encode-core-hot	retain	R	8	101.52	185762	0
U-wire-UploadResultDataMessage-upload-as-wt5	corpus	encode-core-hot	retain	E2	8	106.36	152555	0
U-wire-UploadResultDataMessage-upload-as-wt5	corpus	encode-core-hot	retain	E	8	110.36	187032	0
U-wire-UploadResultDataMessage-upload-as-wt5	corpus	encode-core-hot	retain	E2	9	108.99	152555	0
U-wire-UploadResultDataMessage-upload-as-wt5	corpus	encode-core-hot	retain	E	9	105.34	187032	0
U-wire-UploadResultDataMessage-upload-as-wt5	corpus	encode-core-hot	retain	R	9	101.73	185762	0
U-wire-UploadResultDataMessage-upload-as-wt5	corpus	encode-core-hot	retain	E	10	105.63	187032	0
U-wire-UploadResultDataMessage-upload-as-wt5	corpus	encode-core-hot	retain	R	10	101.37	185762	0
U-wire-UploadResultDataMessage-upload-as-wt5	corpus	encode-core-hot	retain	E2	10	105.08	152555	0
U-wire-UploadResultDataMessage-upload-as-wt5	corpus	encode-core-hot	retain	R	11	101.73	185762	0
U-wire-UploadResultDataMessage-upload-as-wt5	corpus	encode-core-hot	retain	E2	11	106.30	152555	0
U-wire-UploadResultDataMessage-upload-as-wt5	corpus	encode-core-hot	retain	E	11	107.51	187032	0
U-wire-UploadResultDataMessage-upload-as-wt5	corpus	encode-core-hot	retain	E2	12	107.82	152555	0
U-wire-UploadResultDataMessage-upload-as-wt5	corpus	encode-core-hot	retain	E	12	117.95	187032	0
U-wire-UploadResultDataMessage-upload-as-wt5	corpus	encode-core-hot	retain	R	12	102.72	185762	0
U-wire-UploadResultDataMessage-upload-as-wt5	corpus	encode-core-hot	retain	E	13	106.82	187032	0
U-wire-UploadResultDataMessage-upload-as-wt5	corpus	encode-core-hot	retain	R	13	104.10	185762	0
U-wire-UploadResultDataMessage-upload-as-wt5	corpus	encode-core-hot	retain	E2	13	105.22	152555	0
U-wire-UploadResultDataMessage-upload-as-wt5	corpus	encode-core-hot	retain	R	14	104.17	185762	0
U-wire-UploadResultDataMessage-upload-as-wt5	corpus	encode-core-hot	retain	E2	14	108.89	152555	0
U-wire-UploadResultDataMessage-upload-as-wt5	corpus	encode-core-hot	retain	E	14	109.80	187032	0
U-wire-UploadResultDataMessage-upload-as-wt5	corpus	encode-core-hot	retain	E2	15	117.94	152555	0
U-wire-UploadResultDataMessage-upload-as-wt5	corpus	encode-core-hot	retain	E	15	109.82	187032	0
U-wire-UploadResultDataMessage-upload-as-wt5	corpus	encode-core-hot	retain	R	15	103.92	185762	0
U-wire-UploadResultDataMessage-upload-as-wt5	corpus	encode-core-hot	retain	E	16	106.53	187032	0
U-wire-UploadResultDataMessage-upload-as-wt5	corpus	encode-core-hot	retain	R	16	102.73	185762	0
U-wire-UploadResultDataMessage-upload-as-wt5	corpus	encode-core-hot	retain	E2	16	109.89	152555	0
U-wire-UploadResultDataMessage-upload-as-wt5	corpus	encode-core-hot	retain	R	17	104.18	185762	0
U-wire-UploadResultDataMessage-upload-as-wt5	corpus	encode-core-hot	retain	E2	17	105.38	152555	0
U-wire-UploadResultDataMessage-upload-as-wt5	corpus	encode-core-hot	retain	E	17	105.48	187032	0
U-wire-UploadResultDataMessage-upload-as-wt5	corpus	encode-core-hot	retain	E2	18	105.05	152555	0
U-wire-UploadResultDataMessage-upload-as-wt5	corpus	encode-core-hot	retain	E	18	105.24	187032	0
U-wire-UploadResultDataMessage-upload-as-wt5	corpus	encode-core-hot	retain	R	18	101.47	185762	0
U-wire-UploadResultDataMessage-upload-as-wt5	corpus	encode-core-hot	retain	E	19	108.01	187032	0
U-wire-UploadResultDataMessage-upload-as-wt5	corpus	encode-core-hot	retain	R	19	103.68	185762	0
U-wire-UploadResultDataMessage-upload-as-wt5	corpus	encode-core-hot	retain	E2	19	106.64	152555	0
U-wire-UploadResultDataMessage-upload-as-wt5	corpus	encode-core-hot	retain	R	20	102.61	185762	0
U-wire-UploadResultDataMessage-upload-as-wt5	corpus	encode-core-hot	retain	E2	20	108.52	152555	0
U-wire-UploadResultDataMessage-upload-as-wt5	corpus	encode-core-hot	retain	E	20	110.17	187032	0
U-wire-UploadResultDataMessage-upload-as-wt5	corpus	encode-core-hot	retain	E2	21	106.96	152555	0
U-wire-UploadResultDataMessage-upload-as-wt5	corpus	encode-core-hot	retain	E	21	106.42	187032	0
U-wire-UploadResultDataMessage-upload-as-wt5	corpus	encode-core-hot	retain	R	21	103.08	185762	0
U-wire-ListMetricsResponse-batches-as-wt0	corpus	decode-read	drop	E	1	2185.51	8420	1
U-wire-ListMetricsResponse-batches-as-wt0	corpus	decode-read	drop	R	1	2487.53	4448	0
U-wire-ListMetricsResponse-batches-as-wt0	corpus	decode-read	drop	E2	1	2157.54	4222	1
U-wire-ListMetricsResponse-batches-as-wt0	corpus	decode-read	drop	R	2	2208.64	4448	0
U-wire-ListMetricsResponse-batches-as-wt0	corpus	decode-read	drop	E2	2	2146.36	4222	1
U-wire-ListMetricsResponse-batches-as-wt0	corpus	decode-read	drop	E	2	2178.32	8420	1
U-wire-ListMetricsResponse-batches-as-wt0	corpus	decode-read	drop	E2	3	2421.52	4222	1
U-wire-ListMetricsResponse-batches-as-wt0	corpus	decode-read	drop	E	3	2239.14	8420	1
U-wire-ListMetricsResponse-batches-as-wt0	corpus	decode-read	drop	R	3	2082.30	4448	0
U-wire-ListMetricsResponse-batches-as-wt0	corpus	decode-read	drop	E	4	2177.12	8420	1
U-wire-ListMetricsResponse-batches-as-wt0	corpus	decode-read	drop	R	4	2074.79	4448	0
U-wire-ListMetricsResponse-batches-as-wt0	corpus	decode-read	drop	E2	4	2148.15	4222	1
U-wire-ListMetricsResponse-batches-as-wt0	corpus	decode-read	drop	R	5	2049.64	4448	0
U-wire-ListMetricsResponse-batches-as-wt0	corpus	decode-read	drop	E2	5	2223.34	4222	1
U-wire-ListMetricsResponse-batches-as-wt0	corpus	decode-read	drop	E	5	2150.85	8420	1
U-wire-ListMetricsResponse-batches-as-wt0	corpus	decode-read	drop	E2	6	2126.38	4222	1
U-wire-ListMetricsResponse-batches-as-wt0	corpus	decode-read	drop	E	6	2119.48	8420	1
U-wire-ListMetricsResponse-batches-as-wt0	corpus	decode-read	drop	R	6	2116.58	4448	0
U-wire-ListMetricsResponse-batches-as-wt0	corpus	decode-read	drop	E	7	2144.56	8420	1
U-wire-ListMetricsResponse-batches-as-wt0	corpus	decode-read	drop	R	7	2108.94	4448	0
U-wire-ListMetricsResponse-batches-as-wt0	corpus	decode-read	drop	E2	7	2142.74	4222	1
U-wire-ListMetricsResponse-batches-as-wt0	corpus	decode-read	drop	R	8	2058.88	4448	0
U-wire-ListMetricsResponse-batches-as-wt0	corpus	decode-read	drop	E2	8	2147.42	4222	1
U-wire-ListMetricsResponse-batches-as-wt0	corpus	decode-read	drop	E	8	2179.03	8420	1
U-wire-ListMetricsResponse-batches-as-wt0	corpus	decode-read	drop	E2	9	2186.58	4222	1
U-wire-ListMetricsResponse-batches-as-wt0	corpus	decode-read	drop	E	9	2128.19	8420	1
U-wire-ListMetricsResponse-batches-as-wt0	corpus	decode-read	drop	R	9	2084.85	4448	0
U-wire-ListMetricsResponse-batches-as-wt0	corpus	decode-read	drop	E	10	2130.95	8420	1
U-wire-ListMetricsResponse-batches-as-wt0	corpus	decode-read	drop	R	10	2058.74	4448	0
U-wire-ListMetricsResponse-batches-as-wt0	corpus	decode-read	drop	E2	10	2155.81	4222	1
U-wire-ListMetricsResponse-batches-as-wt0	corpus	decode-read	drop	R	11	2083.25	4448	0
U-wire-ListMetricsResponse-batches-as-wt0	corpus	decode-read	drop	E2	11	2122.17	4222	1
U-wire-ListMetricsResponse-batches-as-wt0	corpus	decode-read	drop	E	11	2167.29	8420	1
U-wire-ListMetricsResponse-batches-as-wt0	corpus	decode-read	drop	E2	12	2135.81	4222	1
U-wire-ListMetricsResponse-batches-as-wt0	corpus	decode-read	drop	E	12	2168.54	8420	1
U-wire-ListMetricsResponse-batches-as-wt0	corpus	decode-read	drop	R	12	2111.08	4448	0
U-wire-ListMetricsResponse-batches-as-wt0	corpus	decode-read	drop	E	13	2177.45	8420	1
U-wire-ListMetricsResponse-batches-as-wt0	corpus	decode-read	drop	R	13	2048.24	4448	0
U-wire-ListMetricsResponse-batches-as-wt0	corpus	decode-read	drop	E2	13	2118.92	4222	1
U-wire-ListMetricsResponse-batches-as-wt0	corpus	decode-read	drop	R	14	2088.93	4448	0
U-wire-ListMetricsResponse-batches-as-wt0	corpus	decode-read	drop	E2	14	2227.35	4222	1
U-wire-ListMetricsResponse-batches-as-wt0	corpus	decode-read	drop	E	14	2271.23	8420	1
U-wire-ListMetricsResponse-batches-as-wt0	corpus	decode-read	drop	E2	15	2121.86	4222	1
U-wire-ListMetricsResponse-batches-as-wt0	corpus	decode-read	drop	E	15	2151.57	8420	1
U-wire-ListMetricsResponse-batches-as-wt0	corpus	decode-read	drop	R	15	2053.87	4448	0
U-wire-ListMetricsResponse-batches-as-wt0	corpus	decode-read	drop	E	16	2158.63	8420	1
U-wire-ListMetricsResponse-batches-as-wt0	corpus	decode-read	drop	R	16	2374.95	4448	0
U-wire-ListMetricsResponse-batches-as-wt0	corpus	decode-read	drop	E2	16	2172.21	4222	1
U-wire-ListMetricsResponse-batches-as-wt0	corpus	decode-read	drop	R	17	2083.34	4448	0
U-wire-ListMetricsResponse-batches-as-wt0	corpus	decode-read	drop	E2	17	2130.99	4222	1
U-wire-ListMetricsResponse-batches-as-wt0	corpus	decode-read	drop	E	17	2178.48	8420	1
U-wire-ListMetricsResponse-batches-as-wt0	corpus	decode-read	drop	E2	18	2333.05	4222	1
U-wire-ListMetricsResponse-batches-as-wt0	corpus	decode-read	drop	E	18	2274.74	8420	1
U-wire-ListMetricsResponse-batches-as-wt0	corpus	decode-read	drop	R	18	2225.99	4448	0
U-wire-ListMetricsResponse-batches-as-wt0	corpus	decode-read	drop	E	19	2244.39	8420	1
U-wire-ListMetricsResponse-batches-as-wt0	corpus	decode-read	drop	R	19	2162.47	4448	0
U-wire-ListMetricsResponse-batches-as-wt0	corpus	decode-read	drop	E2	19	2238.67	4222	1
U-wire-ListMetricsResponse-batches-as-wt0	corpus	decode-read	drop	R	20	2191.90	4448	0
U-wire-ListMetricsResponse-batches-as-wt0	corpus	decode-read	drop	E2	20	2185.38	4222	1
U-wire-ListMetricsResponse-batches-as-wt0	corpus	decode-read	drop	E	20	2411.27	8420	1
U-wire-ListMetricsResponse-batches-as-wt0	corpus	decode-read	drop	E2	21	2488.50	4222	1
U-wire-ListMetricsResponse-batches-as-wt0	corpus	decode-read	drop	E	21	2425.10	8420	1
U-wire-ListMetricsResponse-batches-as-wt0	corpus	decode-read	drop	R	21	2559.32	4448	0
U-wire-ListMetricsResponse-batches-as-wt0	corpus	decode-read	retain	E	1	2209.57	9128	1
U-wire-ListMetricsResponse-batches-as-wt0	corpus	decode-read	retain	R	1	2144.92	9291	0
U-wire-ListMetricsResponse-batches-as-wt0	corpus	decode-read	retain	E2	1	2209.43	8629	1
U-wire-ListMetricsResponse-batches-as-wt0	corpus	decode-read	retain	R	2	2416.24	9291	0
U-wire-ListMetricsResponse-batches-as-wt0	corpus	decode-read	retain	E2	2	2257.95	8629	1
U-wire-ListMetricsResponse-batches-as-wt0	corpus	decode-read	retain	E	2	2309.50	9128	1
U-wire-ListMetricsResponse-batches-as-wt0	corpus	decode-read	retain	E2	3	2191.21	8629	1
U-wire-ListMetricsResponse-batches-as-wt0	corpus	decode-read	retain	E	3	2255.45	9128	1
U-wire-ListMetricsResponse-batches-as-wt0	corpus	decode-read	retain	R	3	2345.94	9291	0
U-wire-ListMetricsResponse-batches-as-wt0	corpus	decode-read	retain	E	4	2206.29	9128	1
U-wire-ListMetricsResponse-batches-as-wt0	corpus	decode-read	retain	R	4	2134.38	9291	0
U-wire-ListMetricsResponse-batches-as-wt0	corpus	decode-read	retain	E2	4	2467.09	8629	1
U-wire-ListMetricsResponse-batches-as-wt0	corpus	decode-read	retain	R	5	2149.91	9291	0
U-wire-ListMetricsResponse-batches-as-wt0	corpus	decode-read	retain	E2	5	2196.48	8629	1
U-wire-ListMetricsResponse-batches-as-wt0	corpus	decode-read	retain	E	5	2220.14	9128	1
U-wire-ListMetricsResponse-batches-as-wt0	corpus	decode-read	retain	E2	6	2217.65	8629	1
U-wire-ListMetricsResponse-batches-as-wt0	corpus	decode-read	retain	E	6	2183.86	9128	1
U-wire-ListMetricsResponse-batches-as-wt0	corpus	decode-read	retain	R	6	2195.25	9291	0
U-wire-ListMetricsResponse-batches-as-wt0	corpus	decode-read	retain	E	7	2199.41	9128	1
U-wire-ListMetricsResponse-batches-as-wt0	corpus	decode-read	retain	R	7	2149.79	9291	0
U-wire-ListMetricsResponse-batches-as-wt0	corpus	decode-read	retain	E2	7	2207.58	8629	1
U-wire-ListMetricsResponse-batches-as-wt0	corpus	decode-read	retain	R	8	2145.10	9291	0
U-wire-ListMetricsResponse-batches-as-wt0	corpus	decode-read	retain	E2	8	2199.39	8629	1
U-wire-ListMetricsResponse-batches-as-wt0	corpus	decode-read	retain	E	8	2247.59	9128	1
U-wire-ListMetricsResponse-batches-as-wt0	corpus	decode-read	retain	E2	9	2243.72	8629	1
U-wire-ListMetricsResponse-batches-as-wt0	corpus	decode-read	retain	E	9	2314.49	9128	1
U-wire-ListMetricsResponse-batches-as-wt0	corpus	decode-read	retain	R	9	2307.20	9291	0
U-wire-ListMetricsResponse-batches-as-wt0	corpus	decode-read	retain	E	10	2220.30	9128	1
U-wire-ListMetricsResponse-batches-as-wt0	corpus	decode-read	retain	R	10	2186.44	9291	0
U-wire-ListMetricsResponse-batches-as-wt0	corpus	decode-read	retain	E2	10	2321.86	8629	1
U-wire-ListMetricsResponse-batches-as-wt0	corpus	decode-read	retain	R	11	2158.13	9291	0
U-wire-ListMetricsResponse-batches-as-wt0	corpus	decode-read	retain	E2	11	2231.99	8629	1
U-wire-ListMetricsResponse-batches-as-wt0	corpus	decode-read	retain	E	11	2196.58	9128	1
U-wire-ListMetricsResponse-batches-as-wt0	corpus	decode-read	retain	E2	12	2214.80	8629	1
U-wire-ListMetricsResponse-batches-as-wt0	corpus	decode-read	retain	E	12	2266.43	9128	1
U-wire-ListMetricsResponse-batches-as-wt0	corpus	decode-read	retain	R	12	2171.31	9291	0
U-wire-ListMetricsResponse-batches-as-wt0	corpus	decode-read	retain	E	13	2260.00	9128	1
U-wire-ListMetricsResponse-batches-as-wt0	corpus	decode-read	retain	R	13	2138.81	9291	0
U-wire-ListMetricsResponse-batches-as-wt0	corpus	decode-read	retain	E2	13	2433.39	8629	1
U-wire-ListMetricsResponse-batches-as-wt0	corpus	decode-read	retain	R	14	2194.71	9291	0
U-wire-ListMetricsResponse-batches-as-wt0	corpus	decode-read	retain	E2	14	2194.83	8629	1
U-wire-ListMetricsResponse-batches-as-wt0	corpus	decode-read	retain	E	14	2229.03	9128	1
U-wire-ListMetricsResponse-batches-as-wt0	corpus	decode-read	retain	E2	15	2201.52	8629	1
U-wire-ListMetricsResponse-batches-as-wt0	corpus	decode-read	retain	E	15	2232.77	9128	1
U-wire-ListMetricsResponse-batches-as-wt0	corpus	decode-read	retain	R	15	2174.75	9291	0
U-wire-ListMetricsResponse-batches-as-wt0	corpus	decode-read	retain	E	16	2191.25	9128	1
U-wire-ListMetricsResponse-batches-as-wt0	corpus	decode-read	retain	R	16	2192.29	9291	0
U-wire-ListMetricsResponse-batches-as-wt0	corpus	decode-read	retain	E2	16	2338.69	8629	1
U-wire-ListMetricsResponse-batches-as-wt0	corpus	decode-read	retain	R	17	2169.34	9291	0
U-wire-ListMetricsResponse-batches-as-wt0	corpus	decode-read	retain	E2	17	2212.01	8629	1
U-wire-ListMetricsResponse-batches-as-wt0	corpus	decode-read	retain	E	17	2210.65	9128	1
U-wire-ListMetricsResponse-batches-as-wt0	corpus	decode-read	retain	E2	18	2370.44	8629	1
U-wire-ListMetricsResponse-batches-as-wt0	corpus	decode-read	retain	E	18	2350.94	9128	1
U-wire-ListMetricsResponse-batches-as-wt0	corpus	decode-read	retain	R	18	4906.55	9291	0
U-wire-ListMetricsResponse-batches-as-wt0	corpus	decode-read	retain	E	19	2354.16	9128	1
U-wire-ListMetricsResponse-batches-as-wt0	corpus	decode-read	retain	R	19	2197.83	9291	0
U-wire-ListMetricsResponse-batches-as-wt0	corpus	decode-read	retain	E2	19	2279.15	8629	1
U-wire-ListMetricsResponse-batches-as-wt0	corpus	decode-read	retain	R	20	2290.48	9291	0
U-wire-ListMetricsResponse-batches-as-wt0	corpus	decode-read	retain	E2	20	2411.20	8629	1
U-wire-ListMetricsResponse-batches-as-wt0	corpus	decode-read	retain	E	20	2223.15	9128	1
U-wire-ListMetricsResponse-batches-as-wt0	corpus	decode-read	retain	E2	21	2247.61	8629	1
U-wire-ListMetricsResponse-batches-as-wt0	corpus	decode-read	retain	E	21	2455.47	9128	1
U-wire-ListMetricsResponse-batches-as-wt0	corpus	decode-read	retain	R	21	2210.86	9291	0
U-wire-ListMetricsResponse-batches-as-wt0	corpus	encode-core-hot	drop	E	1	1332.08	15257	0
U-wire-ListMetricsResponse-batches-as-wt0	corpus	encode-core-hot	drop	R	1	1192.10	16250	0
U-wire-ListMetricsResponse-batches-as-wt0	corpus	encode-core-hot	drop	E2	1	1355.87	15091	0
U-wire-ListMetricsResponse-batches-as-wt0	corpus	encode-core-hot	drop	R	2	1190.31	16250	0
U-wire-ListMetricsResponse-batches-as-wt0	corpus	encode-core-hot	drop	E2	2	1324.65	15091	0
U-wire-ListMetricsResponse-batches-as-wt0	corpus	encode-core-hot	drop	E	2	1479.66	15257	0
U-wire-ListMetricsResponse-batches-as-wt0	corpus	encode-core-hot	drop	E2	3	1349.70	15091	0
U-wire-ListMetricsResponse-batches-as-wt0	corpus	encode-core-hot	drop	E	3	1336.34	15257	0
U-wire-ListMetricsResponse-batches-as-wt0	corpus	encode-core-hot	drop	R	3	1222.83	16250	0
U-wire-ListMetricsResponse-batches-as-wt0	corpus	encode-core-hot	drop	E	4	1331.26	15257	0
U-wire-ListMetricsResponse-batches-as-wt0	corpus	encode-core-hot	drop	R	4	1249.51	16250	0
U-wire-ListMetricsResponse-batches-as-wt0	corpus	encode-core-hot	drop	E2	4	1391.22	15091	0
U-wire-ListMetricsResponse-batches-as-wt0	corpus	encode-core-hot	drop	R	5	1168.37	16250	0
U-wire-ListMetricsResponse-batches-as-wt0	corpus	encode-core-hot	drop	E2	5	1371.12	15091	0
U-wire-ListMetricsResponse-batches-as-wt0	corpus	encode-core-hot	drop	E	5	1344.45	15257	0
U-wire-ListMetricsResponse-batches-as-wt0	corpus	encode-core-hot	drop	E2	6	1342.65	15091	0
U-wire-ListMetricsResponse-batches-as-wt0	corpus	encode-core-hot	drop	E	6	1373.68	15257	0
U-wire-ListMetricsResponse-batches-as-wt0	corpus	encode-core-hot	drop	R	6	1163.85	16250	0
U-wire-ListMetricsResponse-batches-as-wt0	corpus	encode-core-hot	drop	E	7	1356.76	15257	0
U-wire-ListMetricsResponse-batches-as-wt0	corpus	encode-core-hot	drop	R	7	1220.81	16250	0
U-wire-ListMetricsResponse-batches-as-wt0	corpus	encode-core-hot	drop	E2	7	1397.97	15091	0
U-wire-ListMetricsResponse-batches-as-wt0	corpus	encode-core-hot	drop	R	8	1202.02	16250	0
U-wire-ListMetricsResponse-batches-as-wt0	corpus	encode-core-hot	drop	E2	8	1366.93	15091	0
U-wire-ListMetricsResponse-batches-as-wt0	corpus	encode-core-hot	drop	E	8	1381.96	15257	0
U-wire-ListMetricsResponse-batches-as-wt0	corpus	encode-core-hot	drop	E2	9	1378.63	15091	0
U-wire-ListMetricsResponse-batches-as-wt0	corpus	encode-core-hot	drop	E	9	1370.48	15257	0
U-wire-ListMetricsResponse-batches-as-wt0	corpus	encode-core-hot	drop	R	9	1166.50	16250	0
U-wire-ListMetricsResponse-batches-as-wt0	corpus	encode-core-hot	drop	E	10	1305.17	15257	0
U-wire-ListMetricsResponse-batches-as-wt0	corpus	encode-core-hot	drop	R	10	1233.57	16250	0
U-wire-ListMetricsResponse-batches-as-wt0	corpus	encode-core-hot	drop	E2	10	1517.98	15091	0
U-wire-ListMetricsResponse-batches-as-wt0	corpus	encode-core-hot	drop	R	11	1279.91	16250	0
U-wire-ListMetricsResponse-batches-as-wt0	corpus	encode-core-hot	drop	E2	11	1333.51	15091	0
U-wire-ListMetricsResponse-batches-as-wt0	corpus	encode-core-hot	drop	E	11	1327.97	15257	0
U-wire-ListMetricsResponse-batches-as-wt0	corpus	encode-core-hot	drop	E2	12	1322.68	15091	0
U-wire-ListMetricsResponse-batches-as-wt0	corpus	encode-core-hot	drop	E	12	1350.92	15257	0
U-wire-ListMetricsResponse-batches-as-wt0	corpus	encode-core-hot	drop	R	12	1219.89	16250	0
U-wire-ListMetricsResponse-batches-as-wt0	corpus	encode-core-hot	drop	E	13	1363.00	15257	0
U-wire-ListMetricsResponse-batches-as-wt0	corpus	encode-core-hot	drop	R	13	1181.78	16250	0
U-wire-ListMetricsResponse-batches-as-wt0	corpus	encode-core-hot	drop	E2	13	1316.93	15091	0
U-wire-ListMetricsResponse-batches-as-wt0	corpus	encode-core-hot	drop	R	14	1208.36	16250	0
U-wire-ListMetricsResponse-batches-as-wt0	corpus	encode-core-hot	drop	E2	14	1333.68	15091	0
U-wire-ListMetricsResponse-batches-as-wt0	corpus	encode-core-hot	drop	E	14	1385.98	15257	0
U-wire-ListMetricsResponse-batches-as-wt0	corpus	encode-core-hot	drop	E2	15	1391.81	15091	0
U-wire-ListMetricsResponse-batches-as-wt0	corpus	encode-core-hot	drop	E	15	1319.14	15257	0
U-wire-ListMetricsResponse-batches-as-wt0	corpus	encode-core-hot	drop	R	15	1215.19	16250	0
U-wire-ListMetricsResponse-batches-as-wt0	corpus	encode-core-hot	drop	E	16	1357.96	15257	0
U-wire-ListMetricsResponse-batches-as-wt0	corpus	encode-core-hot	drop	R	16	1192.44	16250	0
U-wire-ListMetricsResponse-batches-as-wt0	corpus	encode-core-hot	drop	E2	16	1369.02	15091	0
U-wire-ListMetricsResponse-batches-as-wt0	corpus	encode-core-hot	drop	R	17	1188.44	16250	0
U-wire-ListMetricsResponse-batches-as-wt0	corpus	encode-core-hot	drop	E2	17	1353.55	15091	0
U-wire-ListMetricsResponse-batches-as-wt0	corpus	encode-core-hot	drop	E	17	1386.79	15257	0
U-wire-ListMetricsResponse-batches-as-wt0	corpus	encode-core-hot	drop	E2	18	1338.57	15091	0
U-wire-ListMetricsResponse-batches-as-wt0	corpus	encode-core-hot	drop	E	18	1363.16	15257	0
U-wire-ListMetricsResponse-batches-as-wt0	corpus	encode-core-hot	drop	R	18	1195.64	16250	0
U-wire-ListMetricsResponse-batches-as-wt0	corpus	encode-core-hot	drop	E	19	1320.54	15257	0
U-wire-ListMetricsResponse-batches-as-wt0	corpus	encode-core-hot	drop	R	19	1166.39	16250	0
U-wire-ListMetricsResponse-batches-as-wt0	corpus	encode-core-hot	drop	E2	19	1353.46	15091	0
U-wire-ListMetricsResponse-batches-as-wt0	corpus	encode-core-hot	drop	R	20	1197.71	16250	0
U-wire-ListMetricsResponse-batches-as-wt0	corpus	encode-core-hot	drop	E2	20	1338.54	15091	0
U-wire-ListMetricsResponse-batches-as-wt0	corpus	encode-core-hot	drop	E	20	1349.58	15257	0
U-wire-ListMetricsResponse-batches-as-wt0	corpus	encode-core-hot	drop	E2	21	1375.93	15091	0
U-wire-ListMetricsResponse-batches-as-wt0	corpus	encode-core-hot	drop	E	21	1350.46	15257	0
U-wire-ListMetricsResponse-batches-as-wt0	corpus	encode-core-hot	drop	R	21	1179.27	16250	0
U-wire-ListMetricsResponse-batches-as-wt0	corpus	encode-core-hot	retain	E	1	1360.80	14388	0
U-wire-ListMetricsResponse-batches-as-wt0	corpus	encode-core-hot	retain	R	1	1215.85	16385	0
U-wire-ListMetricsResponse-batches-as-wt0	corpus	encode-core-hot	retain	E2	1	1343.87	14511	0
U-wire-ListMetricsResponse-batches-as-wt0	corpus	encode-core-hot	retain	R	2	1217.75	16385	0
U-wire-ListMetricsResponse-batches-as-wt0	corpus	encode-core-hot	retain	E2	2	1349.89	14511	0
U-wire-ListMetricsResponse-batches-as-wt0	corpus	encode-core-hot	retain	E	2	1355.58	14388	0
U-wire-ListMetricsResponse-batches-as-wt0	corpus	encode-core-hot	retain	E2	3	1348.46	14511	0
U-wire-ListMetricsResponse-batches-as-wt0	corpus	encode-core-hot	retain	E	3	1371.62	14388	0
U-wire-ListMetricsResponse-batches-as-wt0	corpus	encode-core-hot	retain	R	3	1240.67	16385	0
U-wire-ListMetricsResponse-batches-as-wt0	corpus	encode-core-hot	retain	E	4	1395.59	14388	0
U-wire-ListMetricsResponse-batches-as-wt0	corpus	encode-core-hot	retain	R	4	1219.76	16385	0
U-wire-ListMetricsResponse-batches-as-wt0	corpus	encode-core-hot	retain	E2	4	1332.66	14511	0
U-wire-ListMetricsResponse-batches-as-wt0	corpus	encode-core-hot	retain	R	5	1202.89	16385	0
U-wire-ListMetricsResponse-batches-as-wt0	corpus	encode-core-hot	retain	E2	5	1333.48	14511	0
U-wire-ListMetricsResponse-batches-as-wt0	corpus	encode-core-hot	retain	E	5	1356.31	14388	0
U-wire-ListMetricsResponse-batches-as-wt0	corpus	encode-core-hot	retain	E2	6	1353.72	14511	0
U-wire-ListMetricsResponse-batches-as-wt0	corpus	encode-core-hot	retain	E	6	1415.39	14388	0
U-wire-ListMetricsResponse-batches-as-wt0	corpus	encode-core-hot	retain	R	6	1249.97	16385	0
U-wire-ListMetricsResponse-batches-as-wt0	corpus	encode-core-hot	retain	E	7	1383.82	14388	0
U-wire-ListMetricsResponse-batches-as-wt0	corpus	encode-core-hot	retain	R	7	1198.18	16385	0
U-wire-ListMetricsResponse-batches-as-wt0	corpus	encode-core-hot	retain	E2	7	1334.92	14511	0
U-wire-ListMetricsResponse-batches-as-wt0	corpus	encode-core-hot	retain	R	8	1212.45	16385	0
U-wire-ListMetricsResponse-batches-as-wt0	corpus	encode-core-hot	retain	E2	8	1359.70	14511	0
U-wire-ListMetricsResponse-batches-as-wt0	corpus	encode-core-hot	retain	E	8	1350.89	14388	0
U-wire-ListMetricsResponse-batches-as-wt0	corpus	encode-core-hot	retain	E2	9	1345.87	14511	0
U-wire-ListMetricsResponse-batches-as-wt0	corpus	encode-core-hot	retain	E	9	1379.72	14388	0
U-wire-ListMetricsResponse-batches-as-wt0	corpus	encode-core-hot	retain	R	9	1232.45	16385	0
U-wire-ListMetricsResponse-batches-as-wt0	corpus	encode-core-hot	retain	E	10	1409.16	14388	0
U-wire-ListMetricsResponse-batches-as-wt0	corpus	encode-core-hot	retain	R	10	1210.32	16385	0
U-wire-ListMetricsResponse-batches-as-wt0	corpus	encode-core-hot	retain	E2	10	1439.46	14511	0
U-wire-ListMetricsResponse-batches-as-wt0	corpus	encode-core-hot	retain	R	11	1234.20	16385	0
U-wire-ListMetricsResponse-batches-as-wt0	corpus	encode-core-hot	retain	E2	11	1354.95	14511	0
U-wire-ListMetricsResponse-batches-as-wt0	corpus	encode-core-hot	retain	E	11	1342.06	14388	0
U-wire-ListMetricsResponse-batches-as-wt0	corpus	encode-core-hot	retain	E2	12	1341.63	14511	0
U-wire-ListMetricsResponse-batches-as-wt0	corpus	encode-core-hot	retain	E	12	1377.87	14388	0
U-wire-ListMetricsResponse-batches-as-wt0	corpus	encode-core-hot	retain	R	12	1270.20	16385	0
U-wire-ListMetricsResponse-batches-as-wt0	corpus	encode-core-hot	retain	E	13	1340.07	14388	0
U-wire-ListMetricsResponse-batches-as-wt0	corpus	encode-core-hot	retain	R	13	1227.04	16385	0
U-wire-ListMetricsResponse-batches-as-wt0	corpus	encode-core-hot	retain	E2	13	1346.38	14511	0
U-wire-ListMetricsResponse-batches-as-wt0	corpus	encode-core-hot	retain	R	14	1210.10	16385	0
U-wire-ListMetricsResponse-batches-as-wt0	corpus	encode-core-hot	retain	E2	14	1339.98	14511	0
U-wire-ListMetricsResponse-batches-as-wt0	corpus	encode-core-hot	retain	E	14	1342.66	14388	0
U-wire-ListMetricsResponse-batches-as-wt0	corpus	encode-core-hot	retain	E2	15	1329.72	14511	0
U-wire-ListMetricsResponse-batches-as-wt0	corpus	encode-core-hot	retain	E	15	1352.94	14388	0
U-wire-ListMetricsResponse-batches-as-wt0	corpus	encode-core-hot	retain	R	15	1212.23	16385	0
U-wire-ListMetricsResponse-batches-as-wt0	corpus	encode-core-hot	retain	E	16	1329.72	14388	0
U-wire-ListMetricsResponse-batches-as-wt0	corpus	encode-core-hot	retain	R	16	1210.34	16385	0
U-wire-ListMetricsResponse-batches-as-wt0	corpus	encode-core-hot	retain	E2	16	1330.03	14511	0
U-wire-ListMetricsResponse-batches-as-wt0	corpus	encode-core-hot	retain	R	17	1213.10	16385	0
U-wire-ListMetricsResponse-batches-as-wt0	corpus	encode-core-hot	retain	E2	17	1331.47	14511	0
U-wire-ListMetricsResponse-batches-as-wt0	corpus	encode-core-hot	retain	E	17	1338.97	14388	0
U-wire-ListMetricsResponse-batches-as-wt0	corpus	encode-core-hot	retain	E2	18	1339.24	14511	0
U-wire-ListMetricsResponse-batches-as-wt0	corpus	encode-core-hot	retain	E	18	1363.98	14388	0
U-wire-ListMetricsResponse-batches-as-wt0	corpus	encode-core-hot	retain	R	18	1212.50	16385	0
U-wire-ListMetricsResponse-batches-as-wt0	corpus	encode-core-hot	retain	E	19	1344.59	14388	0
U-wire-ListMetricsResponse-batches-as-wt0	corpus	encode-core-hot	retain	R	19	1206.13	16385	0
U-wire-ListMetricsResponse-batches-as-wt0	corpus	encode-core-hot	retain	E2	19	1334.41	14511	0
U-wire-ListMetricsResponse-batches-as-wt0	corpus	encode-core-hot	retain	R	20	1208.85	16385	0
U-wire-ListMetricsResponse-batches-as-wt0	corpus	encode-core-hot	retain	E2	20	1316.31	14511	0
U-wire-ListMetricsResponse-batches-as-wt0	corpus	encode-core-hot	retain	E	20	1334.90	14388	0
U-wire-ListMetricsResponse-batches-as-wt0	corpus	encode-core-hot	retain	E2	21	1370.20	14511	0
U-wire-ListMetricsResponse-batches-as-wt0	corpus	encode-core-hot	retain	E	21	1396.26	14388	0
U-wire-ListMetricsResponse-batches-as-wt0	corpus	encode-core-hot	retain	R	21	1242.73	16385	0
U-wire-DualResponse-left-as-wt5	corpus	decode-read	drop	E	1	396.23	50757	1
U-wire-DualResponse-left-as-wt5	corpus	decode-read	drop	R	1	385.16	51150	0
U-wire-DualResponse-left-as-wt5	corpus	decode-read	drop	E2	1	393.95	51550	1
U-wire-DualResponse-left-as-wt5	corpus	decode-read	drop	R	2	371.48	51150	0
U-wire-DualResponse-left-as-wt5	corpus	decode-read	drop	E2	2	386.75	51550	1
U-wire-DualResponse-left-as-wt5	corpus	decode-read	drop	E	2	396.44	50757	1
U-wire-DualResponse-left-as-wt5	corpus	decode-read	drop	E2	3	386.78	51550	1
U-wire-DualResponse-left-as-wt5	corpus	decode-read	drop	E	3	395.61	50757	1
U-wire-DualResponse-left-as-wt5	corpus	decode-read	drop	R	3	390.38	51150	0
U-wire-DualResponse-left-as-wt5	corpus	decode-read	drop	E	4	394.44	50757	1
U-wire-DualResponse-left-as-wt5	corpus	decode-read	drop	R	4	377.89	51150	0
U-wire-DualResponse-left-as-wt5	corpus	decode-read	drop	E2	4	383.11	51550	1
U-wire-DualResponse-left-as-wt5	corpus	decode-read	drop	R	5	387.33	51150	0
U-wire-DualResponse-left-as-wt5	corpus	decode-read	drop	E2	5	384.37	51550	1
U-wire-DualResponse-left-as-wt5	corpus	decode-read	drop	E	5	384.79	50757	1
U-wire-DualResponse-left-as-wt5	corpus	decode-read	drop	E2	6	389.40	51550	1
U-wire-DualResponse-left-as-wt5	corpus	decode-read	drop	E	6	382.94	50757	1
U-wire-DualResponse-left-as-wt5	corpus	decode-read	drop	R	6	377.57	51150	0
U-wire-DualResponse-left-as-wt5	corpus	decode-read	drop	E	7	408.86	50757	1
U-wire-DualResponse-left-as-wt5	corpus	decode-read	drop	R	7	413.51	51150	0
U-wire-DualResponse-left-as-wt5	corpus	decode-read	drop	E2	7	418.19	51550	1
U-wire-DualResponse-left-as-wt5	corpus	decode-read	drop	R	8	394.15	51150	0
U-wire-DualResponse-left-as-wt5	corpus	decode-read	drop	E2	8	392.14	51550	1
U-wire-DualResponse-left-as-wt5	corpus	decode-read	drop	E	8	386.65	50757	1
U-wire-DualResponse-left-as-wt5	corpus	decode-read	drop	E2	9	393.20	51550	1
U-wire-DualResponse-left-as-wt5	corpus	decode-read	drop	E	9	380.92	50757	1
U-wire-DualResponse-left-as-wt5	corpus	decode-read	drop	R	9	372.45	51150	0
U-wire-DualResponse-left-as-wt5	corpus	decode-read	drop	E	10	380.87	50757	1
U-wire-DualResponse-left-as-wt5	corpus	decode-read	drop	R	10	374.03	51150	0
U-wire-DualResponse-left-as-wt5	corpus	decode-read	drop	E2	10	387.73	51550	1
U-wire-DualResponse-left-as-wt5	corpus	decode-read	drop	R	11	372.70	51150	0
U-wire-DualResponse-left-as-wt5	corpus	decode-read	drop	E2	11	399.50	51550	1
U-wire-DualResponse-left-as-wt5	corpus	decode-read	drop	E	11	388.42	50757	1
U-wire-DualResponse-left-as-wt5	corpus	decode-read	drop	E2	12	394.85	51550	1
U-wire-DualResponse-left-as-wt5	corpus	decode-read	drop	E	12	386.08	50757	1
U-wire-DualResponse-left-as-wt5	corpus	decode-read	drop	R	12	369.26	51150	0
U-wire-DualResponse-left-as-wt5	corpus	decode-read	drop	E	13	379.91	50757	1
U-wire-DualResponse-left-as-wt5	corpus	decode-read	drop	R	13	375.35	51150	0
U-wire-DualResponse-left-as-wt5	corpus	decode-read	drop	E2	13	385.83	51550	1
U-wire-DualResponse-left-as-wt5	corpus	decode-read	drop	R	14	396.94	51150	0
U-wire-DualResponse-left-as-wt5	corpus	decode-read	drop	E2	14	414.05	51550	1
U-wire-DualResponse-left-as-wt5	corpus	decode-read	drop	E	14	388.67	50757	1
U-wire-DualResponse-left-as-wt5	corpus	decode-read	drop	E2	15	385.70	51550	1
U-wire-DualResponse-left-as-wt5	corpus	decode-read	drop	E	15	458.73	50757	1
U-wire-DualResponse-left-as-wt5	corpus	decode-read	drop	R	15	392.08	51150	0
U-wire-DualResponse-left-as-wt5	corpus	decode-read	drop	E	16	449.55	50757	1
U-wire-DualResponse-left-as-wt5	corpus	decode-read	drop	R	16	410.21	51150	0
U-wire-DualResponse-left-as-wt5	corpus	decode-read	drop	E2	16	380.92	51550	1
U-wire-DualResponse-left-as-wt5	corpus	decode-read	drop	R	17	373.93	51150	0
U-wire-DualResponse-left-as-wt5	corpus	decode-read	drop	E2	17	385.22	51550	1
U-wire-DualResponse-left-as-wt5	corpus	decode-read	drop	E	17	383.57	50757	1
U-wire-DualResponse-left-as-wt5	corpus	decode-read	drop	E2	18	381.77	51550	1
U-wire-DualResponse-left-as-wt5	corpus	decode-read	drop	E	18	378.28	50757	1
U-wire-DualResponse-left-as-wt5	corpus	decode-read	drop	R	18	368.31	51150	0
U-wire-DualResponse-left-as-wt5	corpus	decode-read	drop	E	19	392.07	50757	1
U-wire-DualResponse-left-as-wt5	corpus	decode-read	drop	R	19	381.03	51150	0
U-wire-DualResponse-left-as-wt5	corpus	decode-read	drop	E2	19	378.41	51550	1
U-wire-DualResponse-left-as-wt5	corpus	decode-read	drop	R	20	379.04	51150	0
U-wire-DualResponse-left-as-wt5	corpus	decode-read	drop	E2	20	377.57	51550	1
U-wire-DualResponse-left-as-wt5	corpus	decode-read	drop	E	20	388.40	50757	1
U-wire-DualResponse-left-as-wt5	corpus	decode-read	drop	E2	21	380.15	51550	1
U-wire-DualResponse-left-as-wt5	corpus	decode-read	drop	E	21	377.69	50757	1
U-wire-DualResponse-left-as-wt5	corpus	decode-read	drop	R	21	377.37	51150	0
U-wire-DualResponse-left-as-wt5	corpus	decode-read	retain	E	1	445.59	45458	1
U-wire-DualResponse-left-as-wt5	corpus	decode-read	retain	R	1	429.44	45456	0
U-wire-DualResponse-left-as-wt5	corpus	decode-read	retain	E2	1	434.45	45709	1
U-wire-DualResponse-left-as-wt5	corpus	decode-read	retain	R	2	430.21	45456	0
U-wire-DualResponse-left-as-wt5	corpus	decode-read	retain	E2	2	476.26	45709	1
U-wire-DualResponse-left-as-wt5	corpus	decode-read	retain	E	2	454.44	45458	1
U-wire-DualResponse-left-as-wt5	corpus	decode-read	retain	E2	3	442.35	45709	1
U-wire-DualResponse-left-as-wt5	corpus	decode-read	retain	E	3	449.59	45458	1
U-wire-DualResponse-left-as-wt5	corpus	decode-read	retain	R	3	439.43	45456	0
U-wire-DualResponse-left-as-wt5	corpus	decode-read	retain	E	4	440.48	45458	1
U-wire-DualResponse-left-as-wt5	corpus	decode-read	retain	R	4	429.60	45456	0
U-wire-DualResponse-left-as-wt5	corpus	decode-read	retain	E2	4	435.49	45709	1
U-wire-DualResponse-left-as-wt5	corpus	decode-read	retain	R	5	427.79	45456	0
U-wire-DualResponse-left-as-wt5	corpus	decode-read	retain	E2	5	435.30	45709	1
U-wire-DualResponse-left-as-wt5	corpus	decode-read	retain	E	5	430.51	45458	1
U-wire-DualResponse-left-as-wt5	corpus	decode-read	retain	E2	6	433.49	45709	1
U-wire-DualResponse-left-as-wt5	corpus	decode-read	retain	E	6	447.61	45458	1
U-wire-DualResponse-left-as-wt5	corpus	decode-read	retain	R	6	424.30	45456	0
U-wire-DualResponse-left-as-wt5	corpus	decode-read	retain	E	7	437.32	45458	1
U-wire-DualResponse-left-as-wt5	corpus	decode-read	retain	R	7	426.49	45456	0
U-wire-DualResponse-left-as-wt5	corpus	decode-read	retain	E2	7	431.99	45709	1
U-wire-DualResponse-left-as-wt5	corpus	decode-read	retain	R	8	435.68	45456	0
U-wire-DualResponse-left-as-wt5	corpus	decode-read	retain	E2	8	436.75	45709	1
U-wire-DualResponse-left-as-wt5	corpus	decode-read	retain	E	8	439.54	45458	1
U-wire-DualResponse-left-as-wt5	corpus	decode-read	retain	E2	9	435.73	45709	1
U-wire-DualResponse-left-as-wt5	corpus	decode-read	retain	E	9	443.73	45458	1
U-wire-DualResponse-left-as-wt5	corpus	decode-read	retain	R	9	439.17	45456	0
U-wire-DualResponse-left-as-wt5	corpus	decode-read	retain	E	10	435.70	45458	1
U-wire-DualResponse-left-as-wt5	corpus	decode-read	retain	R	10	429.91	45456	0
U-wire-DualResponse-left-as-wt5	corpus	decode-read	retain	E2	10	437.95	45709	1
U-wire-DualResponse-left-as-wt5	corpus	decode-read	retain	R	11	429.00	45456	0
U-wire-DualResponse-left-as-wt5	corpus	decode-read	retain	E2	11	437.66	45709	1
U-wire-DualResponse-left-as-wt5	corpus	decode-read	retain	E	11	442.68	45458	1
U-wire-DualResponse-left-as-wt5	corpus	decode-read	retain	E2	12	459.94	45709	1
U-wire-DualResponse-left-as-wt5	corpus	decode-read	retain	E	12	437.21	45458	1
U-wire-DualResponse-left-as-wt5	corpus	decode-read	retain	R	12	428.90	45456	0
U-wire-DualResponse-left-as-wt5	corpus	decode-read	retain	E	13	435.78	45458	1
U-wire-DualResponse-left-as-wt5	corpus	decode-read	retain	R	13	437.90	45456	0
U-wire-DualResponse-left-as-wt5	corpus	decode-read	retain	E2	13	441.68	45709	1
U-wire-DualResponse-left-as-wt5	corpus	decode-read	retain	R	14	434.75	45456	0
U-wire-DualResponse-left-as-wt5	corpus	decode-read	retain	E2	14	442.59	45709	1
U-wire-DualResponse-left-as-wt5	corpus	decode-read	retain	E	14	440.48	45458	1
U-wire-DualResponse-left-as-wt5	corpus	decode-read	retain	E2	15	455.46	45709	1
U-wire-DualResponse-left-as-wt5	corpus	decode-read	retain	E	15	443.39	45458	1
U-wire-DualResponse-left-as-wt5	corpus	decode-read	retain	R	15	438.51	45456	0
U-wire-DualResponse-left-as-wt5	corpus	decode-read	retain	E	16	435.80	45458	1
U-wire-DualResponse-left-as-wt5	corpus	decode-read	retain	R	16	425.67	45456	0
U-wire-DualResponse-left-as-wt5	corpus	decode-read	retain	E2	16	441.86	45709	1
U-wire-DualResponse-left-as-wt5	corpus	decode-read	retain	R	17	428.66	45456	0
U-wire-DualResponse-left-as-wt5	corpus	decode-read	retain	E2	17	440.39	45709	1
U-wire-DualResponse-left-as-wt5	corpus	decode-read	retain	E	17	447.09	45458	1
U-wire-DualResponse-left-as-wt5	corpus	decode-read	retain	E2	18	441.94	45709	1
U-wire-DualResponse-left-as-wt5	corpus	decode-read	retain	E	18	445.79	45458	1
U-wire-DualResponse-left-as-wt5	corpus	decode-read	retain	R	18	432.79	45456	0
U-wire-DualResponse-left-as-wt5	corpus	decode-read	retain	E	19	462.70	45458	1
U-wire-DualResponse-left-as-wt5	corpus	decode-read	retain	R	19	433.10	45456	0
U-wire-DualResponse-left-as-wt5	corpus	decode-read	retain	E2	19	434.68	45709	1
U-wire-DualResponse-left-as-wt5	corpus	decode-read	retain	R	20	436.96	45456	0
U-wire-DualResponse-left-as-wt5	corpus	decode-read	retain	E2	20	445.67	45709	1
U-wire-DualResponse-left-as-wt5	corpus	decode-read	retain	E	20	434.31	45458	1
U-wire-DualResponse-left-as-wt5	corpus	decode-read	retain	E2	21	439.61	45709	1
U-wire-DualResponse-left-as-wt5	corpus	decode-read	retain	E	21	469.49	45458	1
U-wire-DualResponse-left-as-wt5	corpus	decode-read	retain	R	21	459.24	45456	0
U-wire-DualResponse-left-as-wt5	corpus	encode-core-hot	drop	E	1	209.87	100784	0
U-wire-DualResponse-left-as-wt5	corpus	encode-core-hot	drop	R	1	205.67	101486	0
U-wire-DualResponse-left-as-wt5	corpus	encode-core-hot	drop	E2	1	212.79	102009	0
U-wire-DualResponse-left-as-wt5	corpus	encode-core-hot	drop	R	2	204.68	101486	0
U-wire-DualResponse-left-as-wt5	corpus	encode-core-hot	drop	E2	2	208.17	102009	0
U-wire-DualResponse-left-as-wt5	corpus	encode-core-hot	drop	E	2	210.09	100784	0
U-wire-DualResponse-left-as-wt5	corpus	encode-core-hot	drop	E2	3	211.76	102009	0
U-wire-DualResponse-left-as-wt5	corpus	encode-core-hot	drop	E	3	209.62	100784	0
U-wire-DualResponse-left-as-wt5	corpus	encode-core-hot	drop	R	3	202.97	101486	0
U-wire-DualResponse-left-as-wt5	corpus	encode-core-hot	drop	E	4	206.57	100784	0
U-wire-DualResponse-left-as-wt5	corpus	encode-core-hot	drop	R	4	206.35	101486	0
U-wire-DualResponse-left-as-wt5	corpus	encode-core-hot	drop	E2	4	209.46	102009	0
U-wire-DualResponse-left-as-wt5	corpus	encode-core-hot	drop	R	5	205.94	101486	0
U-wire-DualResponse-left-as-wt5	corpus	encode-core-hot	drop	E2	5	212.30	102009	0
U-wire-DualResponse-left-as-wt5	corpus	encode-core-hot	drop	E	5	214.14	100784	0
U-wire-DualResponse-left-as-wt5	corpus	encode-core-hot	drop	E2	6	213.06	102009	0
U-wire-DualResponse-left-as-wt5	corpus	encode-core-hot	drop	E	6	212.69	100784	0
U-wire-DualResponse-left-as-wt5	corpus	encode-core-hot	drop	R	6	208.55	101486	0
U-wire-DualResponse-left-as-wt5	corpus	encode-core-hot	drop	E	7	211.30	100784	0
U-wire-DualResponse-left-as-wt5	corpus	encode-core-hot	drop	R	7	206.55	101486	0
U-wire-DualResponse-left-as-wt5	corpus	encode-core-hot	drop	E2	7	211.04	102009	0
U-wire-DualResponse-left-as-wt5	corpus	encode-core-hot	drop	R	8	206.15	101486	0
U-wire-DualResponse-left-as-wt5	corpus	encode-core-hot	drop	E2	8	212.49	102009	0
U-wire-DualResponse-left-as-wt5	corpus	encode-core-hot	drop	E	8	210.06	100784	0
U-wire-DualResponse-left-as-wt5	corpus	encode-core-hot	drop	E2	9	210.16	102009	0
U-wire-DualResponse-left-as-wt5	corpus	encode-core-hot	drop	E	9	208.67	100784	0
U-wire-DualResponse-left-as-wt5	corpus	encode-core-hot	drop	R	9	204.47	101486	0
U-wire-DualResponse-left-as-wt5	corpus	encode-core-hot	drop	E	10	208.37	100784	0
U-wire-DualResponse-left-as-wt5	corpus	encode-core-hot	drop	R	10	204.01	101486	0
U-wire-DualResponse-left-as-wt5	corpus	encode-core-hot	drop	E2	10	208.59	102009	0
U-wire-DualResponse-left-as-wt5	corpus	encode-core-hot	drop	R	11	207.02	101486	0
U-wire-DualResponse-left-as-wt5	corpus	encode-core-hot	drop	E2	11	213.28	102009	0
U-wire-DualResponse-left-as-wt5	corpus	encode-core-hot	drop	E	11	212.03	100784	0
U-wire-DualResponse-left-as-wt5	corpus	encode-core-hot	drop	E2	12	210.28	102009	0
U-wire-DualResponse-left-as-wt5	corpus	encode-core-hot	drop	E	12	211.38	100784	0
U-wire-DualResponse-left-as-wt5	corpus	encode-core-hot	drop	R	12	203.20	101486	0
U-wire-DualResponse-left-as-wt5	corpus	encode-core-hot	drop	E	13	209.82	100784	0
U-wire-DualResponse-left-as-wt5	corpus	encode-core-hot	drop	R	13	207.77	101486	0
U-wire-DualResponse-left-as-wt5	corpus	encode-core-hot	drop	E2	13	208.78	102009	0
U-wire-DualResponse-left-as-wt5	corpus	encode-core-hot	drop	R	14	203.62	101486	0
U-wire-DualResponse-left-as-wt5	corpus	encode-core-hot	drop	E2	14	209.93	102009	0
U-wire-DualResponse-left-as-wt5	corpus	encode-core-hot	drop	E	14	209.26	100784	0
U-wire-DualResponse-left-as-wt5	corpus	encode-core-hot	drop	E2	15	208.90	102009	0
U-wire-DualResponse-left-as-wt5	corpus	encode-core-hot	drop	E	15	208.99	100784	0
U-wire-DualResponse-left-as-wt5	corpus	encode-core-hot	drop	R	15	203.77	101486	0
U-wire-DualResponse-left-as-wt5	corpus	encode-core-hot	drop	E	16	210.82	100784	0
U-wire-DualResponse-left-as-wt5	corpus	encode-core-hot	drop	R	16	217.31	101486	0
U-wire-DualResponse-left-as-wt5	corpus	encode-core-hot	drop	E2	16	211.48	102009	0
U-wire-DualResponse-left-as-wt5	corpus	encode-core-hot	drop	R	17	204.66	101486	0
U-wire-DualResponse-left-as-wt5	corpus	encode-core-hot	drop	E2	17	214.68	102009	0
U-wire-DualResponse-left-as-wt5	corpus	encode-core-hot	drop	E	17	216.10	100784	0
U-wire-DualResponse-left-as-wt5	corpus	encode-core-hot	drop	E2	18	215.05	102009	0
U-wire-DualResponse-left-as-wt5	corpus	encode-core-hot	drop	E	18	209.07	100784	0
U-wire-DualResponse-left-as-wt5	corpus	encode-core-hot	drop	R	18	207.58	101486	0
U-wire-DualResponse-left-as-wt5	corpus	encode-core-hot	drop	E	19	209.48	100784	0
U-wire-DualResponse-left-as-wt5	corpus	encode-core-hot	drop	R	19	204.30	101486	0
U-wire-DualResponse-left-as-wt5	corpus	encode-core-hot	drop	E2	19	208.15	102009	0
U-wire-DualResponse-left-as-wt5	corpus	encode-core-hot	drop	R	20	209.68	101486	0
U-wire-DualResponse-left-as-wt5	corpus	encode-core-hot	drop	E2	20	218.86	102009	0
U-wire-DualResponse-left-as-wt5	corpus	encode-core-hot	drop	E	20	204.98	100784	0
U-wire-DualResponse-left-as-wt5	corpus	encode-core-hot	drop	E2	21	211.44	102009	0
U-wire-DualResponse-left-as-wt5	corpus	encode-core-hot	drop	E	21	209.43	100784	0
U-wire-DualResponse-left-as-wt5	corpus	encode-core-hot	drop	R	21	202.19	101486	0
U-wire-DualResponse-left-as-wt5	corpus	encode-core-hot	retain	E	1	221.42	92159	0
U-wire-DualResponse-left-as-wt5	corpus	encode-core-hot	retain	R	1	218.98	92586	0
U-wire-DualResponse-left-as-wt5	corpus	encode-core-hot	retain	E2	1	219.97	91437	0
U-wire-DualResponse-left-as-wt5	corpus	encode-core-hot	retain	R	2	217.05	92586	0
U-wire-DualResponse-left-as-wt5	corpus	encode-core-hot	retain	E2	2	222.14	91437	0
U-wire-DualResponse-left-as-wt5	corpus	encode-core-hot	retain	E	2	221.11	92159	0
U-wire-DualResponse-left-as-wt5	corpus	encode-core-hot	retain	E2	3	219.58	91437	0
U-wire-DualResponse-left-as-wt5	corpus	encode-core-hot	retain	E	3	218.73	92159	0
U-wire-DualResponse-left-as-wt5	corpus	encode-core-hot	retain	R	3	221.49	92586	0
U-wire-DualResponse-left-as-wt5	corpus	encode-core-hot	retain	E	4	227.17	92159	0
U-wire-DualResponse-left-as-wt5	corpus	encode-core-hot	retain	R	4	222.67	92586	0
U-wire-DualResponse-left-as-wt5	corpus	encode-core-hot	retain	E2	4	226.12	91437	0
U-wire-DualResponse-left-as-wt5	corpus	encode-core-hot	retain	R	5	224.23	92586	0
U-wire-DualResponse-left-as-wt5	corpus	encode-core-hot	retain	E2	5	225.87	91437	0
U-wire-DualResponse-left-as-wt5	corpus	encode-core-hot	retain	E	5	226.75	92159	0
U-wire-DualResponse-left-as-wt5	corpus	encode-core-hot	retain	E2	6	233.73	91437	0
U-wire-DualResponse-left-as-wt5	corpus	encode-core-hot	retain	E	6	227.85	92159	0
U-wire-DualResponse-left-as-wt5	corpus	encode-core-hot	retain	R	6	221.66	92586	0
U-wire-DualResponse-left-as-wt5	corpus	encode-core-hot	retain	E	7	220.99	92159	0
U-wire-DualResponse-left-as-wt5	corpus	encode-core-hot	retain	R	7	219.77	92586	0
U-wire-DualResponse-left-as-wt5	corpus	encode-core-hot	retain	E2	7	234.19	91437	0
U-wire-DualResponse-left-as-wt5	corpus	encode-core-hot	retain	R	8	247.84	92586	0
U-wire-DualResponse-left-as-wt5	corpus	encode-core-hot	retain	E2	8	225.43	91437	0
U-wire-DualResponse-left-as-wt5	corpus	encode-core-hot	retain	E	8	223.09	92159	0
U-wire-DualResponse-left-as-wt5	corpus	encode-core-hot	retain	E2	9	225.92	91437	0
U-wire-DualResponse-left-as-wt5	corpus	encode-core-hot	retain	E	9	223.48	92159	0
U-wire-DualResponse-left-as-wt5	corpus	encode-core-hot	retain	R	9	227.44	92586	0
U-wire-DualResponse-left-as-wt5	corpus	encode-core-hot	retain	E	10	229.28	92159	0
U-wire-DualResponse-left-as-wt5	corpus	encode-core-hot	retain	R	10	224.30	92586	0
U-wire-DualResponse-left-as-wt5	corpus	encode-core-hot	retain	E2	10	230.69	91437	0
U-wire-DualResponse-left-as-wt5	corpus	encode-core-hot	retain	R	11	228.13	92586	0
U-wire-DualResponse-left-as-wt5	corpus	encode-core-hot	retain	E2	11	232.89	91437	0
U-wire-DualResponse-left-as-wt5	corpus	encode-core-hot	retain	E	11	224.07	92159	0
U-wire-DualResponse-left-as-wt5	corpus	encode-core-hot	retain	E2	12	228.54	91437	0
U-wire-DualResponse-left-as-wt5	corpus	encode-core-hot	retain	E	12	232.93	92159	0
U-wire-DualResponse-left-as-wt5	corpus	encode-core-hot	retain	R	12	226.96	92586	0
U-wire-DualResponse-left-as-wt5	corpus	encode-core-hot	retain	E	13	224.22	92159	0
U-wire-DualResponse-left-as-wt5	corpus	encode-core-hot	retain	R	13	220.98	92586	0
U-wire-DualResponse-left-as-wt5	corpus	encode-core-hot	retain	E2	13	222.04	91437	0
U-wire-DualResponse-left-as-wt5	corpus	encode-core-hot	retain	R	14	221.82	92586	0
U-wire-DualResponse-left-as-wt5	corpus	encode-core-hot	retain	E2	14	221.00	91437	0
U-wire-DualResponse-left-as-wt5	corpus	encode-core-hot	retain	E	14	222.09	92159	0
U-wire-DualResponse-left-as-wt5	corpus	encode-core-hot	retain	E2	15	223.22	91437	0
U-wire-DualResponse-left-as-wt5	corpus	encode-core-hot	retain	E	15	220.97	92159	0
U-wire-DualResponse-left-as-wt5	corpus	encode-core-hot	retain	R	15	220.40	92586	0
U-wire-DualResponse-left-as-wt5	corpus	encode-core-hot	retain	E	16	222.91	92159	0
U-wire-DualResponse-left-as-wt5	corpus	encode-core-hot	retain	R	16	220.20	92586	0
U-wire-DualResponse-left-as-wt5	corpus	encode-core-hot	retain	E2	16	221.87	91437	0
U-wire-DualResponse-left-as-wt5	corpus	encode-core-hot	retain	R	17	232.98	92586	0
U-wire-DualResponse-left-as-wt5	corpus	encode-core-hot	retain	E2	17	231.16	91437	0
U-wire-DualResponse-left-as-wt5	corpus	encode-core-hot	retain	E	17	222.09	92159	0
U-wire-DualResponse-left-as-wt5	corpus	encode-core-hot	retain	E2	18	226.98	91437	0
U-wire-DualResponse-left-as-wt5	corpus	encode-core-hot	retain	E	18	232.47	92159	0
U-wire-DualResponse-left-as-wt5	corpus	encode-core-hot	retain	R	18	224.07	92586	0
U-wire-DualResponse-left-as-wt5	corpus	encode-core-hot	retain	E	19	299.41	92159	0
U-wire-DualResponse-left-as-wt5	corpus	encode-core-hot	retain	R	19	228.62	92586	0
U-wire-DualResponse-left-as-wt5	corpus	encode-core-hot	retain	E2	19	238.19	91437	0
U-wire-DualResponse-left-as-wt5	corpus	encode-core-hot	retain	R	20	223.01	92586	0
U-wire-DualResponse-left-as-wt5	corpus	encode-core-hot	retain	E2	20	226.04	91437	0
U-wire-DualResponse-left-as-wt5	corpus	encode-core-hot	retain	E	20	236.01	92159	0
U-wire-DualResponse-left-as-wt5	corpus	encode-core-hot	retain	E2	21	240.90	91437	0
U-wire-DualResponse-left-as-wt5	corpus	encode-core-hot	retain	E	21	221.77	92159	0
U-wire-DualResponse-left-as-wt5	corpus	encode-core-hot	retain	R	21	237.93	92586	0
