# engine:         BenchmarkDotNet 0.15.8.0 (CAMPAIGN.md 22a), toolchain BDN's default, ONE CHILD PROCESS PER CASE (the campaign's native isolation, req 22a as amended e6c909630); process CPU per iteration from the child's clock reads, each pair checked against BDN's wall measurement; the JIT tier is NOT read back (the children's JIT events are not visible here), so the jit check below is vacuous in this mode, pinned by the runner
# grid:           core (CAMPAIGN section 4.0, D18; AK_CAMPAIGN_GRID=core): arms incumbent-prod (full build only), core-ffi (FSM decode, D24) and host-gen (retain in the full build, no-unknown in its build); encode-transport-hot (end state ii, one hot graph) and decode-read; the 16 shapes, P7.1 decode only; Latin-1 and wide on P2.2 only; U-* rows U-nested-before, U-deep-u-repeated, U-oneof-u-repeated, U-wire-ListTaskSummaryResponse-tasks-as-wt5, U-wire-UploadResultDataMessage-upload-as-wt5, U-wire-ListMetricsResponse-batches-as-wt0, U-wire-DualResponse-left-as-wt5 (encode-transport-hot and decode-read). Extras left out (AK_CAMPAIGN_GRID=full runs them): incumbent-best, core-ffi-push (push decode), core-ffi-pull, bare decode, encode at end state (i) and with a pool input, decode-reencode, the drop mode, the incumbent in the no-unknown build, content sets on P1.2 and P2.4, the other U-* rows timed (all stay in the correctness checks)
# allocator:      default (readback at process start: a 16 MiB malloc came from the mmapped (mallinfo2; the block kept, never freed); no heap pre-grow (owner, 2026-10-03): BDN's warm-up runs the real call path, and minflt per row shows whether it sufficed; under the default toolchain each child probes once, on its case's first row as alloc_probe; GLIBC_TUNABLES=unset; CAMPAIGN req 25 as amended 2026-10-03, D9: the main figures run glibc's default allocator as production does; the pinned pass (glibc.malloc.trim_threshold=268435456:glibc.malloc.mmap_threshold=33554432) is a labelled diagnostic; every row carries `alloc` and `minflt`, the process's minor page faults over the iteration (getrusage, read by the job's clock beside the CPU clock), so faults per call = minflt / iters)
# runtime:        .NET 8.0.31; TieredCompilation=default TieredPGO=default (net8.0 defaults unless set); GC server=False, concurrent (default)
# incumbent:      Google.Protobuf 3.32.0
# build:          full (WP5 step 10; the loaded core checked to be the same variant by its u-family exports)
# managed codec:  plan utf8=reject unknown=drop
# job:            launch 1; 6 actual iterations (rounds) per case, 25 warm-up iterations (the same for every case) after BDN's jitting stage (1 overhead + 1 workload jitting invocation per case, logged by BDN in the .bdn.log, not exported) and pilot, iteration time 40 ms (the pilot picks the invocation count per case), strategy Throughput, EvaluateOverhead=false (no overhead subtraction anywhere)
# clocks:         per iteration (every row with round >= 1): wall (Stopwatch) AND process CPU (CLOCK_PROCESS_CPUTIME_ID of this process: every thread, GC and JIT included; CAMPAIGN req 21 as amended, R-H25), both read by the job's clock (CpuClock, Job.WithClock) at the start and end of the same iteration window, exported RAW (no outlier removal, no overhead subtraction); BDN's forced GCs between iterations are outside the window; the round-0 row of each case is a summary of the whole actual stage (span_cpu_ns, span_wall_ns), not a sample
# threads:        thread pool min 2 worker / 1 IO, max 32767 worker / 1000 IO, 0 pool thread(s) now; 2 logical CPUs visible; the codec suite creates no core runtime (no RPC call is made); the timed loop runs on BDN's one thread
# encode:         CAMPAIGN req 11 (R-H29): dir encode = pool input + reused buffer; encode-hot = one graph + reused buffer; encode-transport = pool + the Grpc.Net form; encode-transport-hot = one graph + the Grpc.Net form. Reused buffer: incumbent-prod CalculateSize + WriteTo(IBufferWriter) and incumbent-best WriteTo(IBufferWriter) into one BufWriter, host-gen into its one Enc, core-ffi into the core's encode buffer (ak_encode_*/ak_uencode_*; that buffer is also what cell C hands the core's transport, and host-gen's Enc what cell E hands it, so their transport forms on the core's transport ARE the buffer rows). Grpc.Net form (cells A, F, D): the serializer the RPC grid's marshaller runs (RootOps.SerInc/SerHost/SerFfi), into a frame like Grpc.Net.Client 2.71's GrpcCallSerializationContext: one ArrayPool array, the 5-byte gRPC header, the body, the array returned after (GrpcFrame.cs); incumbent-best has no gRPC path and no transport row. Pool: distinct graphs built in the case's setup whose RETAINED heap is >= 28835840 bytes (2 x AK_LLC_BYTES, default 13.75 MB; AK_POOL_BYTES overrides; per row pool_graphs and pool_bytes), round robin one graph per call; a hot input is a pool of one (the same Next() per call); graph construction is never in the timed window
# U-* rows:       CAMPAIGN req 7 (R-H27): the 92 accepted, non-disputed U-* rows at the shapes core's 7 ABI roots, through this timed shapes core: encode-hot (a graph the arm decoded from the row, untimed; retain arms re-emit the unknown fields, drop arms the dropped form), decode, decode-read, and decode-reencode (a labelled extra; no incumbent-best row)
# content sets:   CAMPAIGN req 7 (R-H26): ascii, latin1 and wide on P1.2, P2.2, P2.4; ascii only elsewhere
# order:          seeded shuffles (below); ratios, where the aggregation forms them, come from per-launch medians (CAMPAIGN req 30): every unit is its own process
# process unit:   all cases; this launch's unit order: core-ffi:retain, core-ffi:drop (a seeded shuffle, seed 7919; within this process the cases run in a seeded shuffle too, seed 104729, the 2 prime cases first; requirement 22 as amended, R-H23)
# warm-up:        BenchmarkDotNet's own, per case: its jitting stage, pilot and the warm-up iterations of the job line (req 24; WP9 addendum: no hand-written pre-warm and no settle wait; the 2 prime cases below are BDN cases); the JIT tier is read back per case and a case that measured hot code at tier 0 fails the unit outside --smoke (the jit check below)
# correctness:    4525 pre-timing checks passed (byte identity of every encode arm per payload and content set; every arm accepts every unknown row; on every unknown row core-ffi retain and host-gen retain re-encode to the incumbent's bytes, i.e. the unknown fields are kept: requirement 10)
# cases:          48 exported, after 2 prime case(s) run first and not exported (copies of the first cases, content "prime"): BDN cases like any other, kept because without them the first case of a process measures BDN's own first-touched runtime helpers (SpanHelpers.Fill) at tier 0 (JOURNAL 51, 62)
# strings:        D21 string encode path AK_STR_ENC=E0 (E0 .NET UTF-8 into native staging + ak_tc_bytes; E1 the string pinned + ak_tc_utf16; E2 the C# transcoder callback into the core's buffer; ETH:<n> E1 from n UTF-16 units, E0 below); Cases.Verify checks every path's bytes
# memory:         AK_BDN_MEMORY=1: BenchmarkDotNet's MemoryDiagnoser (an exploration switch, not a campaign setting): one extra workload iteration per case AFTER the actual stage, at the actual stage's invocation count, outside the job's clock (no exported sample is affected); on each case's first sample row mem_alloc_bytes_per_op (GC.GetTotalAllocatedBytes(precise), every thread, divided by its operations), mem_gen = [gen0, gen1, gen2] collections during it, mem_ops its operations, mem_alloc_bytes its total
# cpus:           this process: 2 CPU(s) in its affinity mask (sched_getaffinity), Environment.ProcessorCount 2; single-CPU guard (JOURNAL 73): a timed process (host or BDN child) with ONE CPU is refused unless AK_ALLOW_SINGLE_CPU=1 (here: unset); each case's first row carries cpus_affinity, cpus_runtime and single_cpu_override as its own process saw them
// Validating benchmarks:
// ***** BenchmarkRunner: Start   *****
// ***** Found 50 benchmark(s) in total *****
// ***** Building 1 exe(s) in Parallel: Start   *****
Unable to find .sln or .csproj file. Will use current directory /home/user/ArmoniK.Api/ffi/poc/csharp to search for project file. If you don't use .sln file on purpose it should not be a problem.
// start dotnet  restore --nodeReuse:false /p:UseSharedCompilation=false /p:Deterministic=true /p:Optimize=true /p:ArtifactsPath="/home/user/ArmoniK.Api/ffi/poc/csharp/src/BenchDotNet/bin/Release/net8.0/BenchDotNet-campaign-1/" /p:OutDir="/home/user/ArmoniK.Api/ffi/poc/csharp/src/BenchDotNet/bin/Release/net8.0/BenchDotNet-campaign-1/bin/Release/net8.0/" /p:OutputPath="/home/user/ArmoniK.Api/ffi/poc/csharp/src/BenchDotNet/bin/Release/net8.0/BenchDotNet-campaign-1/bin/Release/net8.0/" /p:PublishDir="/home/user/ArmoniK.Api/ffi/poc/csharp/src/BenchDotNet/bin/Release/net8.0/BenchDotNet-campaign-1/publish/" in /home/user/ArmoniK.Api/ffi/poc/csharp/src/BenchDotNet/bin/Release/net8.0/BenchDotNet-campaign-1
// command took 1.67 sec and exited with 0
// start dotnet  build -c Release --no-restore --nodeReuse:false /p:UseSharedCompilation=false /p:Deterministic=true /p:Optimize=true /p:ArtifactsPath="/home/user/ArmoniK.Api/ffi/poc/csharp/src/BenchDotNet/bin/Release/net8.0/BenchDotNet-campaign-1/" /p:OutDir="/home/user/ArmoniK.Api/ffi/poc/csharp/src/BenchDotNet/bin/Release/net8.0/BenchDotNet-campaign-1/bin/Release/net8.0/" /p:OutputPath="/home/user/ArmoniK.Api/ffi/poc/csharp/src/BenchDotNet/bin/Release/net8.0/BenchDotNet-campaign-1/bin/Release/net8.0/" /p:PublishDir="/home/user/ArmoniK.Api/ffi/poc/csharp/src/BenchDotNet/bin/Release/net8.0/BenchDotNet-campaign-1/publish/" --output "/home/user/ArmoniK.Api/ffi/poc/csharp/src/BenchDotNet/bin/Release/net8.0/BenchDotNet-campaign-1/bin/Release/net8.0/" in /home/user/ArmoniK.Api/ffi/poc/csharp/src/BenchDotNet/bin/Release/net8.0/BenchDotNet-campaign-1
// command took 14.45 sec and exited with 0
// ***** Done, took 00:00:16 (16.23 sec)   *****
// Found 50 benchmarks:
//   CodecSuite.Run: campaign(EvaluateOverhead=False, Clock=Armonik.Ffi.Bdn.CpuClock, IterationCount=6, IterationTime=40ms, LaunchCount=1, RunStrategy=Throughput, WarmupCount=25) [Case=core-(...)etain [42]]
//   CodecSuite.Run: campaign(EvaluateOverhead=False, Clock=Armonik.Ffi.Bdn.CpuClock, IterationCount=6, IterationTime=40ms, LaunchCount=1, RunStrategy=Throughput, WarmupCount=25) [Case=core-(...)|drop [40]]
//   CodecSuite.Run: campaign(EvaluateOverhead=False, Clock=Armonik.Ffi.Bdn.CpuClock, IterationCount=6, IterationTime=40ms, LaunchCount=1, RunStrategy=Throughput, WarmupCount=25) [Case=core-(...)etain [42]]
//   CodecSuite.Run: campaign(EvaluateOverhead=False, Clock=Armonik.Ffi.Bdn.CpuClock, IterationCount=6, IterationTime=40ms, LaunchCount=1, RunStrategy=Throughput, WarmupCount=25) [Case=core-(...)|drop [40]]
//   CodecSuite.Run: campaign(EvaluateOverhead=False, Clock=Armonik.Ffi.Bdn.CpuClock, IterationCount=6, IterationTime=40ms, LaunchCount=1, RunStrategy=Throughput, WarmupCount=25) [Case=core-(...)etain [54]]
//   CodecSuite.Run: campaign(EvaluateOverhead=False, Clock=Armonik.Ffi.Bdn.CpuClock, IterationCount=6, IterationTime=40ms, LaunchCount=1, RunStrategy=Throughput, WarmupCount=25) [Case=core-(...)|drop [40]]
//   CodecSuite.Run: campaign(EvaluateOverhead=False, Clock=Armonik.Ffi.Bdn.CpuClock, IterationCount=6, IterationTime=40ms, LaunchCount=1, RunStrategy=Throughput, WarmupCount=25) [Case=core-(...)etain [80]]
//   CodecSuite.Run: campaign(EvaluateOverhead=False, Clock=Armonik.Ffi.Bdn.CpuClock, IterationCount=6, IterationTime=40ms, LaunchCount=1, RunStrategy=Throughput, WarmupCount=25) [Case=core-(...)etain [70]]
//   CodecSuite.Run: campaign(EvaluateOverhead=False, Clock=Armonik.Ffi.Bdn.CpuClock, IterationCount=6, IterationTime=40ms, LaunchCount=1, RunStrategy=Throughput, WarmupCount=25) [Case=core-(...)etain [42]]
//   CodecSuite.Run: campaign(EvaluateOverhead=False, Clock=Armonik.Ffi.Bdn.CpuClock, IterationCount=6, IterationTime=40ms, LaunchCount=1, RunStrategy=Throughput, WarmupCount=25) [Case=core-(...)|drop [40]]
//   CodecSuite.Run: campaign(EvaluateOverhead=False, Clock=Armonik.Ffi.Bdn.CpuClock, IterationCount=6, IterationTime=40ms, LaunchCount=1, RunStrategy=Throughput, WarmupCount=25) [Case=core-(...)etain [42]]
//   CodecSuite.Run: campaign(EvaluateOverhead=False, Clock=Armonik.Ffi.Bdn.CpuClock, IterationCount=6, IterationTime=40ms, LaunchCount=1, RunStrategy=Throughput, WarmupCount=25) [Case=core-(...)|drop [52]]
//   CodecSuite.Run: campaign(EvaluateOverhead=False, Clock=Armonik.Ffi.Bdn.CpuClock, IterationCount=6, IterationTime=40ms, LaunchCount=1, RunStrategy=Throughput, WarmupCount=25) [Case=core-(...)|drop [40]]
//   CodecSuite.Run: campaign(EvaluateOverhead=False, Clock=Armonik.Ffi.Bdn.CpuClock, IterationCount=6, IterationTime=40ms, LaunchCount=1, RunStrategy=Throughput, WarmupCount=25) [Case=core-(...)etain [43]]
//   CodecSuite.Run: campaign(EvaluateOverhead=False, Clock=Armonik.Ffi.Bdn.CpuClock, IterationCount=6, IterationTime=40ms, LaunchCount=1, RunStrategy=Throughput, WarmupCount=25) [Case=core-(...)etain [83]]
//   CodecSuite.Run: campaign(EvaluateOverhead=False, Clock=Armonik.Ffi.Bdn.CpuClock, IterationCount=6, IterationTime=40ms, LaunchCount=1, RunStrategy=Throughput, WarmupCount=25) [Case=core-(...)|drop [39]]
//   CodecSuite.Run: campaign(EvaluateOverhead=False, Clock=Armonik.Ffi.Bdn.CpuClock, IterationCount=6, IterationTime=40ms, LaunchCount=1, RunStrategy=Throughput, WarmupCount=25) [Case=core-(...)|drop [40]]
//   CodecSuite.Run: campaign(EvaluateOverhead=False, Clock=Armonik.Ffi.Bdn.CpuClock, IterationCount=6, IterationTime=40ms, LaunchCount=1, RunStrategy=Throughput, WarmupCount=25) [Case=core-(...)|drop [40]]
//   CodecSuite.Run: campaign(EvaluateOverhead=False, Clock=Armonik.Ffi.Bdn.CpuClock, IterationCount=6, IterationTime=40ms, LaunchCount=1, RunStrategy=Throughput, WarmupCount=25) [Case=core-(...)etain [42]]
//   CodecSuite.Run: campaign(EvaluateOverhead=False, Clock=Armonik.Ffi.Bdn.CpuClock, IterationCount=6, IterationTime=40ms, LaunchCount=1, RunStrategy=Throughput, WarmupCount=25) [Case=core-(...)|drop [78]]
//   CodecSuite.Run: campaign(EvaluateOverhead=False, Clock=Armonik.Ffi.Bdn.CpuClock, IterationCount=6, IterationTime=40ms, LaunchCount=1, RunStrategy=Throughput, WarmupCount=25) [Case=core-(...)|drop [54]]
//   CodecSuite.Run: campaign(EvaluateOverhead=False, Clock=Armonik.Ffi.Bdn.CpuClock, IterationCount=6, IterationTime=40ms, LaunchCount=1, RunStrategy=Throughput, WarmupCount=25) [Case=core-(...)etain [56]]
//   CodecSuite.Run: campaign(EvaluateOverhead=False, Clock=Armonik.Ffi.Bdn.CpuClock, IterationCount=6, IterationTime=40ms, LaunchCount=1, RunStrategy=Throughput, WarmupCount=25) [Case=core-(...)|drop [40]]
//   CodecSuite.Run: campaign(EvaluateOverhead=False, Clock=Armonik.Ffi.Bdn.CpuClock, IterationCount=6, IterationTime=40ms, LaunchCount=1, RunStrategy=Throughput, WarmupCount=25) [Case=core-(...)etain [42]]
//   CodecSuite.Run: campaign(EvaluateOverhead=False, Clock=Armonik.Ffi.Bdn.CpuClock, IterationCount=6, IterationTime=40ms, LaunchCount=1, RunStrategy=Throughput, WarmupCount=25) [Case=core-(...)|drop [80]]
//   CodecSuite.Run: campaign(EvaluateOverhead=False, Clock=Armonik.Ffi.Bdn.CpuClock, IterationCount=6, IterationTime=40ms, LaunchCount=1, RunStrategy=Throughput, WarmupCount=25) [Case=core-(...)etain [41]]
//   CodecSuite.Run: campaign(EvaluateOverhead=False, Clock=Armonik.Ffi.Bdn.CpuClock, IterationCount=6, IterationTime=40ms, LaunchCount=1, RunStrategy=Throughput, WarmupCount=25) [Case=core-(...)etain [42]]
//   CodecSuite.Run: campaign(EvaluateOverhead=False, Clock=Armonik.Ffi.Bdn.CpuClock, IterationCount=6, IterationTime=40ms, LaunchCount=1, RunStrategy=Throughput, WarmupCount=25) [Case=core-(...)|drop [68]]
//   CodecSuite.Run: campaign(EvaluateOverhead=False, Clock=Armonik.Ffi.Bdn.CpuClock, IterationCount=6, IterationTime=40ms, LaunchCount=1, RunStrategy=Throughput, WarmupCount=25) [Case=core-(...)|drop [55]]
//   CodecSuite.Run: campaign(EvaluateOverhead=False, Clock=Armonik.Ffi.Bdn.CpuClock, IterationCount=6, IterationTime=40ms, LaunchCount=1, RunStrategy=Throughput, WarmupCount=25) [Case=core-(...)etain [42]]
//   CodecSuite.Run: campaign(EvaluateOverhead=False, Clock=Armonik.Ffi.Bdn.CpuClock, IterationCount=6, IterationTime=40ms, LaunchCount=1, RunStrategy=Throughput, WarmupCount=25) [Case=core-(...)etain [42]]
//   CodecSuite.Run: campaign(EvaluateOverhead=False, Clock=Armonik.Ffi.Bdn.CpuClock, IterationCount=6, IterationTime=40ms, LaunchCount=1, RunStrategy=Throughput, WarmupCount=25) [Case=core-(...)etain [42]]
//   CodecSuite.Run: campaign(EvaluateOverhead=False, Clock=Armonik.Ffi.Bdn.CpuClock, IterationCount=6, IterationTime=40ms, LaunchCount=1, RunStrategy=Throughput, WarmupCount=25) [Case=core-(...)|drop [40]]
//   CodecSuite.Run: campaign(EvaluateOverhead=False, Clock=Armonik.Ffi.Bdn.CpuClock, IterationCount=6, IterationTime=40ms, LaunchCount=1, RunStrategy=Throughput, WarmupCount=25) [Case=core-(...)etain [42]]
//   CodecSuite.Run: campaign(EvaluateOverhead=False, Clock=Armonik.Ffi.Bdn.CpuClock, IterationCount=6, IterationTime=40ms, LaunchCount=1, RunStrategy=Throughput, WarmupCount=25) [Case=core-(...)|drop [41]]
//   CodecSuite.Run: campaign(EvaluateOverhead=False, Clock=Armonik.Ffi.Bdn.CpuClock, IterationCount=6, IterationTime=40ms, LaunchCount=1, RunStrategy=Throughput, WarmupCount=25) [Case=core-(...)|drop [40]]
//   CodecSuite.Run: campaign(EvaluateOverhead=False, Clock=Armonik.Ffi.Bdn.CpuClock, IterationCount=6, IterationTime=40ms, LaunchCount=1, RunStrategy=Throughput, WarmupCount=25) [Case=core-(...)etain [42]]
//   CodecSuite.Run: campaign(EvaluateOverhead=False, Clock=Armonik.Ffi.Bdn.CpuClock, IterationCount=6, IterationTime=40ms, LaunchCount=1, RunStrategy=Throughput, WarmupCount=25) [Case=core-(...)|drop [40]]
//   CodecSuite.Run: campaign(EvaluateOverhead=False, Clock=Armonik.Ffi.Bdn.CpuClock, IterationCount=6, IterationTime=40ms, LaunchCount=1, RunStrategy=Throughput, WarmupCount=25) [Case=core-(...)|drop [40]]
//   CodecSuite.Run: campaign(EvaluateOverhead=False, Clock=Armonik.Ffi.Bdn.CpuClock, IterationCount=6, IterationTime=40ms, LaunchCount=1, RunStrategy=Throughput, WarmupCount=25) [Case=core-(...)|drop [40]]
//   CodecSuite.Run: campaign(EvaluateOverhead=False, Clock=Armonik.Ffi.Bdn.CpuClock, IterationCount=6, IterationTime=40ms, LaunchCount=1, RunStrategy=Throughput, WarmupCount=25) [Case=core-(...)|drop [40]]
//   CodecSuite.Run: campaign(EvaluateOverhead=False, Clock=Armonik.Ffi.Bdn.CpuClock, IterationCount=6, IterationTime=40ms, LaunchCount=1, RunStrategy=Throughput, WarmupCount=25) [Case=core-(...)etain [42]]
//   CodecSuite.Run: campaign(EvaluateOverhead=False, Clock=Armonik.Ffi.Bdn.CpuClock, IterationCount=6, IterationTime=40ms, LaunchCount=1, RunStrategy=Throughput, WarmupCount=25) [Case=core-(...)|drop [40]]
//   CodecSuite.Run: campaign(EvaluateOverhead=False, Clock=Armonik.Ffi.Bdn.CpuClock, IterationCount=6, IterationTime=40ms, LaunchCount=1, RunStrategy=Throughput, WarmupCount=25) [Case=core-(...)|drop [81]]
//   CodecSuite.Run: campaign(EvaluateOverhead=False, Clock=Armonik.Ffi.Bdn.CpuClock, IterationCount=6, IterationTime=40ms, LaunchCount=1, RunStrategy=Throughput, WarmupCount=25) [Case=core-(...)etain [82]]
//   CodecSuite.Run: campaign(EvaluateOverhead=False, Clock=Armonik.Ffi.Bdn.CpuClock, IterationCount=6, IterationTime=40ms, LaunchCount=1, RunStrategy=Throughput, WarmupCount=25) [Case=core-(...)|drop [40]]
//   CodecSuite.Run: campaign(EvaluateOverhead=False, Clock=Armonik.Ffi.Bdn.CpuClock, IterationCount=6, IterationTime=40ms, LaunchCount=1, RunStrategy=Throughput, WarmupCount=25) [Case=core-(...)etain [42]]
//   CodecSuite.Run: campaign(EvaluateOverhead=False, Clock=Armonik.Ffi.Bdn.CpuClock, IterationCount=6, IterationTime=40ms, LaunchCount=1, RunStrategy=Throughput, WarmupCount=25) [Case=core-(...)etain [42]]
//   CodecSuite.Run: campaign(EvaluateOverhead=False, Clock=Armonik.Ffi.Bdn.CpuClock, IterationCount=6, IterationTime=40ms, LaunchCount=1, RunStrategy=Throughput, WarmupCount=25) [Case=core-(...)etain [42]]
//   CodecSuite.Run: campaign(EvaluateOverhead=False, Clock=Armonik.Ffi.Bdn.CpuClock, IterationCount=6, IterationTime=40ms, LaunchCount=1, RunStrategy=Throughput, WarmupCount=25) [Case=core-(...)etain [57]]

// **************************
// Benchmark: CodecSuite.Run: campaign(EvaluateOverhead=False, Clock=Armonik.Ffi.Bdn.CpuClock, IterationCount=6, IterationTime=40ms, LaunchCount=1, RunStrategy=Throughput, WarmupCount=25) [Case=core-(...)etain [42]]
// *** Execute ***
// Launch: 1 / 1
// Execute: dotnet BenchDotNet-campaign-1.dll --anonymousPipes 176 177 --benchmarkName "Armonik.Ffi.Bdn.CodecSuite.Run(Case: \"core-ffi|encode-core-hot|P1.1|prime|retain\")" --job campaign --benchmarkId 0 in /home/user/ArmoniK.Api/ffi/poc/csharp/src/BenchDotNet/bin/Release/net8.0/BenchDotNet-campaign-1/bin/Release/net8.0
// BeforeAnythingElse

// Benchmark Process Environment Information:
// BenchmarkDotNet v0.15.8
// Runtime=.NET 8.0.31 (8.0.31, 8.0.3126.42015), X64 RyuJIT x86-64-v4
// GC=Concurrent Workstation
// HardwareIntrinsics=AVX512 IFMA+VBMI,AVX512 F+BW+CD+DQ+VL,AVX2+BMI1+BMI2+F16C+FMA+LZCNT+MOVBE,AVX,SSE3+SSSE3+SSE4.1+SSE4.2+POPCNT,X86Base+SSE+SSE2,AES+PCLMUL,AvxVnni,SERIALIZE VectorSize=256
// Job: campaign(EvaluateOverhead=False, Clock=Armonik.Ffi.Bdn.CpuClock, IterationCount=6, IterationTime=40ms, LaunchCount=1, RunStrategy=Throughput, WarmupCount=25)

OverheadJitting  1: 1 op, 200921.00 ns, 200.9210 us/op
WorkloadJitting  1: 1 op, 3606142.00 ns, 3.6061 ms/op

WorkloadPilot    1: 4 op, 16295.00 ns, 4.0738 us/op
WorkloadPilot    2: 9819 op, 9529307.00 ns, 970.4967 ns/op
WorkloadPilot    3: 41216 op, 46669640.00 ns, 1.1323 us/op
WorkloadPilot    4: 35326 op, 38261375.00 ns, 1.0831 us/op
WorkloadPilot    5: 36931 op, 42920455.00 ns, 1.1622 us/op
WorkloadPilot    6: 34418 op, 37202461.00 ns, 1.0809 us/op
WorkloadPilot    7: 37006 op, 39584225.00 ns, 1.0697 us/op
WorkloadPilot    8: 37395 op, 40711384.00 ns, 1.0887 us/op

WorkloadWarmup   1: 37395 op, 42477454.00 ns, 1.1359 us/op
WorkloadWarmup   2: 37395 op, 38633726.00 ns, 1.0331 us/op
WorkloadWarmup   3: 37395 op, 42143900.00 ns, 1.1270 us/op
WorkloadWarmup   4: 37395 op, 25389353.00 ns, 678.9505 ns/op
WorkloadWarmup   5: 37395 op, 25297538.00 ns, 676.4952 ns/op
WorkloadWarmup   6: 37395 op, 25467898.00 ns, 681.0509 ns/op
WorkloadWarmup   7: 37395 op, 25370482.00 ns, 678.4458 ns/op
WorkloadWarmup   8: 37395 op, 25277564.00 ns, 675.9611 ns/op
WorkloadWarmup   9: 37395 op, 25784209.00 ns, 689.5095 ns/op
WorkloadWarmup  10: 37395 op, 25647951.00 ns, 685.8658 ns/op
WorkloadWarmup  11: 37395 op, 33110009.00 ns, 885.4127 ns/op
WorkloadWarmup  12: 37395 op, 32731523.00 ns, 875.2914 ns/op
WorkloadWarmup  13: 37395 op, 32624811.00 ns, 872.4378 ns/op
WorkloadWarmup  14: 37395 op, 33684813.00 ns, 900.7839 ns/op
WorkloadWarmup  15: 37395 op, 33426896.00 ns, 893.8868 ns/op
WorkloadWarmup  16: 37395 op, 32920333.00 ns, 880.3405 ns/op
WorkloadWarmup  17: 37395 op, 43287054.00 ns, 1.1576 us/op
WorkloadWarmup  18: 37395 op, 33710749.00 ns, 901.4774 ns/op
WorkloadWarmup  19: 37395 op, 32561379.00 ns, 870.7415 ns/op
WorkloadWarmup  20: 37395 op, 32156165.00 ns, 859.9055 ns/op
WorkloadWarmup  21: 37395 op, 32379830.00 ns, 865.8866 ns/op
WorkloadWarmup  22: 37395 op, 32506802.00 ns, 869.2820 ns/op
WorkloadWarmup  23: 37395 op, 32622371.00 ns, 872.3725 ns/op
WorkloadWarmup  24: 37395 op, 33990751.00 ns, 908.9651 ns/op
WorkloadWarmup  25: 37395 op, 32843229.00 ns, 878.2786 ns/op

// BeforeActualRun
WorkloadActual   1: 37395 op, 37085490.00 ns, 991.7232 ns/op
WorkloadActual   2: 37395 op, 35484795.00 ns, 948.9182 ns/op
WorkloadActual   3: 37395 op, 32389103.00 ns, 866.1346 ns/op
WorkloadActual   4: 37395 op, 32622328.00 ns, 872.3714 ns/op
WorkloadActual   5: 37395 op, 32391315.00 ns, 866.1937 ns/op
WorkloadActual   6: 37395 op, 32808911.00 ns, 877.3609 ns/op

// AfterActualRun
WorkloadResult   1: 37395 op, 37085490.00 ns, 991.7232 ns/op
WorkloadResult   2: 37395 op, 35484795.00 ns, 948.9182 ns/op
WorkloadResult   3: 37395 op, 32389103.00 ns, 866.1346 ns/op
WorkloadResult   4: 37395 op, 32622328.00 ns, 872.3714 ns/op
WorkloadResult   5: 37395 op, 32391315.00 ns, 866.1937 ns/op
WorkloadResult   6: 37395 op, 32808911.00 ns, 877.3609 ns/op
// GC:  0 0 0 0 37395
// Threading:  0 0 37395

// AfterAll
// Benchmark Process 4985 has exited with code 0.

Mean = 903.784 ns, StdErr = 21.822 ns (2.41%), N = 6, StdDev = 53.452 ns
Min = 866.135 ns, Q1 = 867.738 ns, Median = 874.866 ns, Q3 = 931.029 ns, Max = 991.723 ns
IQR = 63.291 ns, LowerFence = 772.802 ns, UpperFence = 1,025.965 ns
ConfidenceInterval = [753.893 ns; 1,053.674 ns] (CI 99.9%), Margin = 149.891 ns (16.58% of Mean)
Skewness = 0.67, Kurtosis = 1.42, MValue = 2

// ** Remained 49 (98.0 %) benchmark(s) to run. Estimated finish 2026-10-09 23:31 (0h 1m from now) **
// **************************
// Benchmark: CodecSuite.Run: campaign(EvaluateOverhead=False, Clock=Armonik.Ffi.Bdn.CpuClock, IterationCount=6, IterationTime=40ms, LaunchCount=1, RunStrategy=Throughput, WarmupCount=25) [Case=core-(...)|drop [40]]
// *** Execute ***
// Launch: 1 / 1
// Execute: dotnet BenchDotNet-campaign-1.dll --anonymousPipes 176 177 --benchmarkName "Armonik.Ffi.Bdn.CodecSuite.Run(Case: \"core-ffi|encode-core-hot|P1.1|prime|drop\")" --job campaign --benchmarkId 1 in /home/user/ArmoniK.Api/ffi/poc/csharp/src/BenchDotNet/bin/Release/net8.0/BenchDotNet-campaign-1/bin/Release/net8.0
// BeforeAnythingElse

// Benchmark Process Environment Information:
// BenchmarkDotNet v0.15.8
// Runtime=.NET 8.0.31 (8.0.31, 8.0.3126.42015), X64 RyuJIT x86-64-v4
// GC=Concurrent Workstation
// HardwareIntrinsics=AVX512 IFMA+VBMI,AVX512 F+BW+CD+DQ+VL,AVX2+BMI1+BMI2+F16C+FMA+LZCNT+MOVBE,AVX,SSE3+SSSE3+SSE4.1+SSE4.2+POPCNT,X86Base+SSE+SSE2,AES+PCLMUL,AvxVnni,SERIALIZE VectorSize=256
// Job: campaign(EvaluateOverhead=False, Clock=Armonik.Ffi.Bdn.CpuClock, IterationCount=6, IterationTime=40ms, LaunchCount=1, RunStrategy=Throughput, WarmupCount=25)

OverheadJitting  1: 1 op, 363357.00 ns, 363.3570 us/op
WorkloadJitting  1: 1 op, 4421925.00 ns, 4.4219 ms/op

WorkloadPilot    1: 4 op, 18753.00 ns, 4.6883 us/op
WorkloadPilot    2: 8532 op, 11127440.00 ns, 1.3042 us/op
WorkloadPilot    3: 30670 op, 37158791.00 ns, 1.2116 us/op
WorkloadPilot    4: 33015 op, 39141464.00 ns, 1.1856 us/op
WorkloadPilot    5: 33739 op, 40537081.00 ns, 1.2015 us/op
WorkloadPilot    6: 33292 op, 47036187.00 ns, 1.4128 us/op
WorkloadPilot    7: 28312 op, 17285383.00 ns, 610.5320 ns/op
WorkloadPilot    8: 65517 op, 37172798.00 ns, 567.3764 ns/op
WorkloadPilot    9: 70500 op, 40447047.00 ns, 573.7170 ns/op

WorkloadWarmup   1: 70500 op, 40172827.00 ns, 569.8273 ns/op
WorkloadWarmup   2: 70500 op, 40601241.00 ns, 575.9041 ns/op
WorkloadWarmup   3: 70500 op, 40910867.00 ns, 580.2960 ns/op
WorkloadWarmup   4: 70500 op, 40949225.00 ns, 580.8401 ns/op
WorkloadWarmup   5: 70500 op, 42929997.00 ns, 608.9361 ns/op
WorkloadWarmup   6: 70500 op, 32714625.00 ns, 464.0372 ns/op
WorkloadWarmup   7: 70500 op, 31863391.00 ns, 451.9630 ns/op
WorkloadWarmup   8: 70500 op, 31217736.00 ns, 442.8048 ns/op
WorkloadWarmup   9: 70500 op, 34125265.00 ns, 484.0463 ns/op
WorkloadWarmup  10: 70500 op, 31658192.00 ns, 449.0524 ns/op
WorkloadWarmup  11: 70500 op, 31418174.00 ns, 445.6479 ns/op
WorkloadWarmup  12: 70500 op, 37941611.00 ns, 538.1789 ns/op
WorkloadWarmup  13: 70500 op, 34619069.00 ns, 491.0506 ns/op
WorkloadWarmup  14: 70500 op, 31754412.00 ns, 450.4172 ns/op
WorkloadWarmup  15: 70500 op, 38796435.00 ns, 550.3040 ns/op
WorkloadWarmup  16: 70500 op, 31949767.00 ns, 453.1882 ns/op
WorkloadWarmup  17: 70500 op, 32461033.00 ns, 460.4402 ns/op
WorkloadWarmup  18: 70500 op, 31252968.00 ns, 443.3045 ns/op
WorkloadWarmup  19: 70500 op, 38852550.00 ns, 551.1000 ns/op
WorkloadWarmup  20: 70500 op, 38686358.00 ns, 548.7427 ns/op
WorkloadWarmup  21: 70500 op, 39691294.00 ns, 562.9971 ns/op
WorkloadWarmup  22: 70500 op, 38783173.00 ns, 550.1159 ns/op
WorkloadWarmup  23: 70500 op, 38774517.00 ns, 549.9931 ns/op
WorkloadWarmup  24: 70500 op, 36973143.00 ns, 524.4417 ns/op
WorkloadWarmup  25: 70500 op, 37371858.00 ns, 530.0973 ns/op

// BeforeActualRun
WorkloadActual   1: 70500 op, 36140116.00 ns, 512.6258 ns/op
WorkloadActual   2: 70500 op, 35425371.00 ns, 502.4875 ns/op
WorkloadActual   3: 70500 op, 35639455.00 ns, 505.5242 ns/op
WorkloadActual   4: 70500 op, 35638379.00 ns, 505.5089 ns/op
WorkloadActual   5: 70500 op, 38908020.00 ns, 551.8868 ns/op
WorkloadActual   6: 70500 op, 35987713.00 ns, 510.4640 ns/op

// AfterActualRun
WorkloadResult   1: 70500 op, 36140116.00 ns, 512.6258 ns/op
WorkloadResult   2: 70500 op, 35425371.00 ns, 502.4875 ns/op
WorkloadResult   3: 70500 op, 35639455.00 ns, 505.5242 ns/op
WorkloadResult   4: 70500 op, 35638379.00 ns, 505.5089 ns/op
WorkloadResult   5: 70500 op, 35987713.00 ns, 510.4640 ns/op
// GC:  0 0 0 0 70500
// Threading:  0 0 70500

// AfterAll
// Benchmark Process 4998 has exited with code 0.

Mean = 507.322 ns, StdErr = 1.842 ns (0.36%), N = 5, StdDev = 4.120 ns
Min = 502.488 ns, Q1 = 505.509 ns, Median = 505.524 ns, Q3 = 510.464 ns, Max = 512.626 ns
IQR = 4.955 ns, LowerFence = 498.076 ns, UpperFence = 517.897 ns
ConfidenceInterval = [491.458 ns; 523.186 ns] (CI 99.9%), Margin = 15.864 ns (3.13% of Mean)
Skewness = 0.16, Kurtosis = 1.01, MValue = 2

// ** Remained 48 (96.0 %) benchmark(s) to run. Estimated finish 2026-10-09 23:31 (0h 1m from now) **
// **************************
// Benchmark: CodecSuite.Run: campaign(EvaluateOverhead=False, Clock=Armonik.Ffi.Bdn.CpuClock, IterationCount=6, IterationTime=40ms, LaunchCount=1, RunStrategy=Throughput, WarmupCount=25) [Case=core-(...)etain [42]]
// *** Execute ***
// Launch: 1 / 1
// Execute: dotnet BenchDotNet-campaign-1.dll --anonymousPipes 176 177 --benchmarkName "Armonik.Ffi.Bdn.CodecSuite.Run(Case: \"core-ffi|encode-core-hot|P1.2|ascii|retain\")" --job campaign --benchmarkId 2 in /home/user/ArmoniK.Api/ffi/poc/csharp/src/BenchDotNet/bin/Release/net8.0/BenchDotNet-campaign-1/bin/Release/net8.0
// BeforeAnythingElse

// Benchmark Process Environment Information:
// BenchmarkDotNet v0.15.8
// Runtime=.NET 8.0.31 (8.0.31, 8.0.3126.42015), X64 RyuJIT x86-64-v4
// GC=Concurrent Workstation
// HardwareIntrinsics=AVX512 IFMA+VBMI,AVX512 F+BW+CD+DQ+VL,AVX2+BMI1+BMI2+F16C+FMA+LZCNT+MOVBE,AVX,SSE3+SSSE3+SSE4.1+SSE4.2+POPCNT,X86Base+SSE+SSE2,AES+PCLMUL,AvxVnni,SERIALIZE VectorSize=256
// Job: campaign(EvaluateOverhead=False, Clock=Armonik.Ffi.Bdn.CpuClock, IterationCount=6, IterationTime=40ms, LaunchCount=1, RunStrategy=Throughput, WarmupCount=25)

OverheadJitting  1: 1 op, 290979.00 ns, 290.9790 us/op
WorkloadJitting  1: 1 op, 5313246.00 ns, 5.3132 ms/op

WorkloadPilot    1: 4 op, 1262506.00 ns, 315.6265 us/op
WorkloadPilot    2: 127 op, 36411898.00 ns, 286.7079 us/op
WorkloadPilot    3: 140 op, 36377801.00 ns, 259.8414 us/op
WorkloadPilot    4: 154 op, 41668035.00 ns, 270.5717 us/op
WorkloadPilot    5: 148 op, 32458196.00 ns, 219.3121 us/op
WorkloadPilot    6: 182 op, 31708508.00 ns, 174.2226 us/op
WorkloadPilot    7: 230 op, 39818050.00 ns, 173.1220 us/op

WorkloadWarmup   1: 230 op, 40516029.00 ns, 176.1566 us/op
WorkloadWarmup   2: 230 op, 39397164.00 ns, 171.2920 us/op
WorkloadWarmup   3: 230 op, 38595142.00 ns, 167.8050 us/op
WorkloadWarmup   4: 230 op, 38572651.00 ns, 167.7072 us/op
WorkloadWarmup   5: 230 op, 38682205.00 ns, 168.1835 us/op
WorkloadWarmup   6: 230 op, 34918282.00 ns, 151.8186 us/op
WorkloadWarmup   7: 230 op, 36890005.00 ns, 160.3913 us/op
WorkloadWarmup   8: 230 op, 39223348.00 ns, 170.5363 us/op
WorkloadWarmup   9: 230 op, 39995112.00 ns, 173.8918 us/op
WorkloadWarmup  10: 230 op, 38092429.00 ns, 165.6193 us/op
WorkloadWarmup  11: 230 op, 39510295.00 ns, 171.7839 us/op
WorkloadWarmup  12: 230 op, 38865463.00 ns, 168.9803 us/op
WorkloadWarmup  13: 230 op, 39325717.00 ns, 170.9814 us/op
WorkloadWarmup  14: 230 op, 38966882.00 ns, 169.4212 us/op
WorkloadWarmup  15: 230 op, 39990079.00 ns, 173.8699 us/op
WorkloadWarmup  16: 230 op, 44537175.00 ns, 193.6399 us/op
WorkloadWarmup  17: 230 op, 41636306.00 ns, 181.0274 us/op
WorkloadWarmup  18: 230 op, 40005913.00 ns, 173.9388 us/op
WorkloadWarmup  19: 230 op, 40359283.00 ns, 175.4751 us/op
WorkloadWarmup  20: 230 op, 41092750.00 ns, 178.6641 us/op
WorkloadWarmup  21: 230 op, 40149740.00 ns, 174.5641 us/op
WorkloadWarmup  22: 230 op, 40047542.00 ns, 174.1197 us/op
WorkloadWarmup  23: 230 op, 41077757.00 ns, 178.5989 us/op
WorkloadWarmup  24: 230 op, 40632754.00 ns, 176.6641 us/op
WorkloadWarmup  25: 230 op, 40936384.00 ns, 177.9843 us/op

// BeforeActualRun
WorkloadActual   1: 230 op, 41071967.00 ns, 178.5738 us/op
WorkloadActual   2: 230 op, 40832642.00 ns, 177.5332 us/op
WorkloadActual   3: 230 op, 40644363.00 ns, 176.7146 us/op
WorkloadActual   4: 230 op, 43817134.00 ns, 190.5093 us/op
WorkloadActual   5: 230 op, 40189503.00 ns, 174.7370 us/op
WorkloadActual   6: 230 op, 41290722.00 ns, 179.5249 us/op

// AfterActualRun
WorkloadResult   1: 230 op, 41071967.00 ns, 178.5738 us/op
WorkloadResult   2: 230 op, 40832642.00 ns, 177.5332 us/op
WorkloadResult   3: 230 op, 40644363.00 ns, 176.7146 us/op
WorkloadResult   4: 230 op, 40189503.00 ns, 174.7370 us/op
WorkloadResult   5: 230 op, 41290722.00 ns, 179.5249 us/op
// GC:  0 0 0 0 230
// Threading:  0 0 230

// AfterAll
// Benchmark Process 5007 has exited with code 0.

Mean = 177.417 us, StdErr = 0.821 us (0.46%), N = 5, StdDev = 1.835 us
Min = 174.737 us, Q1 = 176.715 us, Median = 177.533 us, Q3 = 178.574 us, Max = 179.525 us
IQR = 1.859 us, LowerFence = 173.926 us, UpperFence = 181.362 us
ConfidenceInterval = [170.350 us; 184.483 us] (CI 99.9%), Margin = 7.066 us (3.98% of Mean)
Skewness = -0.28, Kurtosis = 1.29, MValue = 2

// ** Remained 47 (94.0 %) benchmark(s) to run. Estimated finish 2026-10-09 23:31 (0h 1m from now) **
// **************************
// Benchmark: CodecSuite.Run: campaign(EvaluateOverhead=False, Clock=Armonik.Ffi.Bdn.CpuClock, IterationCount=6, IterationTime=40ms, LaunchCount=1, RunStrategy=Throughput, WarmupCount=25) [Case=core-(...)|drop [40]]
// *** Execute ***
// Launch: 1 / 1
// Execute: dotnet BenchDotNet-campaign-1.dll --anonymousPipes 176 177 --benchmarkName "Armonik.Ffi.Bdn.CodecSuite.Run(Case: \"core-ffi|encode-core-hot|P5.2|ascii|drop\")" --job campaign --benchmarkId 3 in /home/user/ArmoniK.Api/ffi/poc/csharp/src/BenchDotNet/bin/Release/net8.0/BenchDotNet-campaign-1/bin/Release/net8.0
// BeforeAnythingElse

// Benchmark Process Environment Information:
// BenchmarkDotNet v0.15.8
// Runtime=.NET 8.0.31 (8.0.31, 8.0.3126.42015), X64 RyuJIT x86-64-v4
// GC=Concurrent Workstation
// HardwareIntrinsics=AVX512 IFMA+VBMI,AVX512 F+BW+CD+DQ+VL,AVX2+BMI1+BMI2+F16C+FMA+LZCNT+MOVBE,AVX,SSE3+SSSE3+SSE4.1+SSE4.2+POPCNT,X86Base+SSE+SSE2,AES+PCLMUL,AvxVnni,SERIALIZE VectorSize=256
// Job: campaign(EvaluateOverhead=False, Clock=Armonik.Ffi.Bdn.CpuClock, IterationCount=6, IterationTime=40ms, LaunchCount=1, RunStrategy=Throughput, WarmupCount=25)

OverheadJitting  1: 1 op, 244963.00 ns, 244.9630 us/op
WorkloadJitting  1: 1 op, 2455307.00 ns, 2.4553 ms/op

OverheadJitting  2: 16 op, 404864.00 ns, 25.3040 us/op
WorkloadJitting  2: 16 op, 400406.00 ns, 25.0254 us/op

WorkloadPilot    1: 16 op, 33101.00 ns, 2.0688 us/op
WorkloadPilot    2: 19344 op, 35915848.00 ns, 1.8567 us/op
WorkloadPilot    3: 21552 op, 43592141.00 ns, 2.0226 us/op
WorkloadPilot    4: 19776 op, 34662879.00 ns, 1.7528 us/op
WorkloadPilot    5: 22832 op, 41379223.00 ns, 1.8123 us/op
WorkloadPilot    6: 22080 op, 37985426.00 ns, 1.7204 us/op
WorkloadPilot    7: 23264 op, 37365198.00 ns, 1.6061 us/op
WorkloadPilot    8: 24912 op, 40808964.00 ns, 1.6381 us/op

WorkloadWarmup   1: 24912 op, 39985420.00 ns, 1.6051 us/op
WorkloadWarmup   2: 24912 op, 39152374.00 ns, 1.5716 us/op
WorkloadWarmup   3: 24912 op, 39272655.00 ns, 1.5765 us/op
WorkloadWarmup   4: 24912 op, 40014736.00 ns, 1.6062 us/op
WorkloadWarmup   5: 24912 op, 40075033.00 ns, 1.6087 us/op
WorkloadWarmup   6: 24912 op, 40441552.00 ns, 1.6234 us/op
WorkloadWarmup   7: 24912 op, 41871744.00 ns, 1.6808 us/op
WorkloadWarmup   8: 24912 op, 43084735.00 ns, 1.7295 us/op
WorkloadWarmup   9: 24912 op, 40135845.00 ns, 1.6111 us/op
WorkloadWarmup  10: 24912 op, 41654602.00 ns, 1.6721 us/op
WorkloadWarmup  11: 24912 op, 41671162.00 ns, 1.6727 us/op
WorkloadWarmup  12: 24912 op, 41191282.00 ns, 1.6535 us/op
WorkloadWarmup  13: 24912 op, 41903417.00 ns, 1.6821 us/op
WorkloadWarmup  14: 24912 op, 40354456.00 ns, 1.6199 us/op
WorkloadWarmup  15: 24912 op, 40728989.00 ns, 1.6349 us/op
WorkloadWarmup  16: 24912 op, 42061094.00 ns, 1.6884 us/op
WorkloadWarmup  17: 24912 op, 46451960.00 ns, 1.8646 us/op
WorkloadWarmup  18: 24912 op, 45238127.00 ns, 1.8159 us/op
WorkloadWarmup  19: 24912 op, 41490174.00 ns, 1.6655 us/op
WorkloadWarmup  20: 24912 op, 42460965.00 ns, 1.7044 us/op
WorkloadWarmup  21: 24912 op, 41528477.00 ns, 1.6670 us/op
WorkloadWarmup  22: 24912 op, 42100038.00 ns, 1.6900 us/op
WorkloadWarmup  23: 24912 op, 39580184.00 ns, 1.5888 us/op
WorkloadWarmup  24: 24912 op, 40392489.00 ns, 1.6214 us/op
WorkloadWarmup  25: 24912 op, 42565511.00 ns, 1.7086 us/op

// BeforeActualRun
WorkloadActual   1: 24912 op, 40865276.00 ns, 1.6404 us/op
WorkloadActual   2: 24912 op, 40072479.00 ns, 1.6086 us/op
WorkloadActual   3: 24912 op, 40215084.00 ns, 1.6143 us/op
WorkloadActual   4: 24912 op, 41583476.00 ns, 1.6692 us/op
WorkloadActual   5: 24912 op, 40636768.00 ns, 1.6312 us/op
WorkloadActual   6: 24912 op, 40605749.00 ns, 1.6300 us/op

// AfterActualRun
WorkloadResult   1: 24912 op, 40865276.00 ns, 1.6404 us/op
WorkloadResult   2: 24912 op, 40072479.00 ns, 1.6086 us/op
WorkloadResult   3: 24912 op, 40215084.00 ns, 1.6143 us/op
WorkloadResult   4: 24912 op, 40636768.00 ns, 1.6312 us/op
WorkloadResult   5: 24912 op, 40605749.00 ns, 1.6300 us/op
// GC:  0 0 0 0 24912
// Threading:  0 0 24912

// AfterAll
// Benchmark Process 5016 has exited with code 0.

Mean = 1.625 us, StdErr = 0.006 us (0.36%), N = 5, StdDev = 0.013 us
Min = 1.609 us, Q1 = 1.614 us, Median = 1.630 us, Q3 = 1.631 us, Max = 1.640 us
IQR = 0.017 us, LowerFence = 1.589 us, UpperFence = 1.657 us
ConfidenceInterval = [1.574 us; 1.675 us] (CI 99.9%), Margin = 0.050 us (3.10% of Mean)
Skewness = -0.13, Kurtosis = 0.98, MValue = 2

// ** Remained 46 (92.0 %) benchmark(s) to run. Estimated finish 2026-10-09 23:31 (0h 1m from now) **
// **************************
// Benchmark: CodecSuite.Run: campaign(EvaluateOverhead=False, Clock=Armonik.Ffi.Bdn.CpuClock, IterationCount=6, IterationTime=40ms, LaunchCount=1, RunStrategy=Throughput, WarmupCount=25) [Case=core-(...)etain [54]]
// *** Execute ***
// Launch: 1 / 1
// Execute: dotnet BenchDotNet-campaign-1.dll --anonymousPipes 176 177 --benchmarkName "Armonik.Ffi.Bdn.CodecSuite.Run(Case: \"core-ffi|encode-core-hot|U-nested-before|corpus|retain\")" --job campaign --benchmarkId 4 in /home/user/ArmoniK.Api/ffi/poc/csharp/src/BenchDotNet/bin/Release/net8.0/BenchDotNet-campaign-1/bin/Release/net8.0
// BeforeAnythingElse

// Benchmark Process Environment Information:
// BenchmarkDotNet v0.15.8
// Runtime=.NET 8.0.31 (8.0.31, 8.0.3126.42015), X64 RyuJIT x86-64-v4
// GC=Concurrent Workstation
// HardwareIntrinsics=AVX512 IFMA+VBMI,AVX512 F+BW+CD+DQ+VL,AVX2+BMI1+BMI2+F16C+FMA+LZCNT+MOVBE,AVX,SSE3+SSSE3+SSE4.1+SSE4.2+POPCNT,X86Base+SSE+SSE2,AES+PCLMUL,AvxVnni,SERIALIZE VectorSize=256
// Job: campaign(EvaluateOverhead=False, Clock=Armonik.Ffi.Bdn.CpuClock, IterationCount=6, IterationTime=40ms, LaunchCount=1, RunStrategy=Throughput, WarmupCount=25)

OverheadJitting  1: 1 op, 278936.00 ns, 278.9360 us/op
WorkloadJitting  1: 1 op, 3858119.00 ns, 3.8581 ms/op

WorkloadPilot    1: 4 op, 16138.00 ns, 4.0345 us/op
WorkloadPilot    2: 9914 op, 4176914.00 ns, 421.3147 ns/op
WorkloadPilot    3: 94941 op, 37178695.00 ns, 391.5979 ns/op
WorkloadPilot    4: 102146 op, 41383701.00 ns, 405.1426 ns/op
WorkloadPilot    5: 98731 op, 45407502.00 ns, 459.9113 ns/op
WorkloadPilot    6: 86973 op, 33671506.00 ns, 387.1490 ns/op
WorkloadPilot    7: 103319 op, 49577529.00 ns, 479.8491 ns/op

WorkloadWarmup   1: 103319 op, 47387550.00 ns, 458.6528 ns/op
WorkloadWarmup   2: 103319 op, 48272346.00 ns, 467.2165 ns/op
WorkloadWarmup   3: 103319 op, 48189316.00 ns, 466.4129 ns/op
WorkloadWarmup   4: 103319 op, 48459693.00 ns, 469.0298 ns/op
WorkloadWarmup   5: 103319 op, 47582982.00 ns, 460.5444 ns/op
WorkloadWarmup   6: 103319 op, 46608123.00 ns, 451.1089 ns/op
WorkloadWarmup   7: 103319 op, 47187328.00 ns, 456.7149 ns/op
WorkloadWarmup   8: 103319 op, 47275365.00 ns, 457.5670 ns/op
WorkloadWarmup   9: 103319 op, 46876811.00 ns, 453.7095 ns/op
WorkloadWarmup  10: 103319 op, 47549648.00 ns, 460.2217 ns/op
WorkloadWarmup  11: 103319 op, 47730195.00 ns, 461.9692 ns/op
WorkloadWarmup  12: 103319 op, 47124633.00 ns, 456.1081 ns/op
WorkloadWarmup  13: 103319 op, 45071396.00 ns, 436.2353 ns/op
WorkloadWarmup  14: 103319 op, 45095564.00 ns, 436.4692 ns/op
WorkloadWarmup  15: 103319 op, 45225436.00 ns, 437.7262 ns/op
WorkloadWarmup  16: 103319 op, 44313504.00 ns, 428.8999 ns/op
WorkloadWarmup  17: 103319 op, 45031958.00 ns, 435.8536 ns/op
WorkloadWarmup  18: 103319 op, 47224989.00 ns, 457.0794 ns/op
WorkloadWarmup  19: 103319 op, 44080304.00 ns, 426.6428 ns/op
WorkloadWarmup  20: 103319 op, 46086063.00 ns, 446.0560 ns/op
WorkloadWarmup  21: 103319 op, 48767683.00 ns, 472.0108 ns/op
WorkloadWarmup  22: 103319 op, 47224990.00 ns, 457.0794 ns/op
WorkloadWarmup  23: 103319 op, 45628632.00 ns, 441.6287 ns/op
WorkloadWarmup  24: 103319 op, 39499226.00 ns, 382.3036 ns/op
WorkloadWarmup  25: 103319 op, 39851091.00 ns, 385.7092 ns/op

// BeforeActualRun
WorkloadActual   1: 103319 op, 39422023.00 ns, 381.5564 ns/op
WorkloadActual   2: 103319 op, 39002328.00 ns, 377.4942 ns/op
WorkloadActual   3: 103319 op, 39414031.00 ns, 381.4790 ns/op
WorkloadActual   4: 103319 op, 40083260.00 ns, 387.9563 ns/op
WorkloadActual   5: 103319 op, 39772571.00 ns, 384.9492 ns/op
WorkloadActual   6: 103319 op, 42609523.00 ns, 412.4074 ns/op

// AfterActualRun
WorkloadResult   1: 103319 op, 39422023.00 ns, 381.5564 ns/op
WorkloadResult   2: 103319 op, 39002328.00 ns, 377.4942 ns/op
WorkloadResult   3: 103319 op, 39414031.00 ns, 381.4790 ns/op
WorkloadResult   4: 103319 op, 40083260.00 ns, 387.9563 ns/op
WorkloadResult   5: 103319 op, 39772571.00 ns, 384.9492 ns/op
// GC:  0 0 0 0 103319
// Threading:  0 0 103319

// AfterAll
// Benchmark Process 5025 has exited with code 0.

Mean = 382.687 ns, StdErr = 1.769 ns (0.46%), N = 5, StdDev = 3.956 ns
Min = 377.494 ns, Q1 = 381.479 ns, Median = 381.556 ns, Q3 = 384.949 ns, Max = 387.956 ns
IQR = 3.470 ns, LowerFence = 376.274 ns, UpperFence = 390.155 ns
ConfidenceInterval = [367.456 ns; 397.918 ns] (CI 99.9%), Margin = 15.231 ns (3.98% of Mean)
Skewness = 0.05, Kurtosis = 1.25, MValue = 2

// ** Remained 45 (90.0 %) benchmark(s) to run. Estimated finish 2026-10-09 23:31 (0h 1m from now) **
// **************************
// Benchmark: CodecSuite.Run: campaign(EvaluateOverhead=False, Clock=Armonik.Ffi.Bdn.CpuClock, IterationCount=6, IterationTime=40ms, LaunchCount=1, RunStrategy=Throughput, WarmupCount=25) [Case=core-(...)|drop [40]]
// *** Execute ***
// Launch: 1 / 1
// Execute: dotnet BenchDotNet-campaign-1.dll --anonymousPipes 176 177 --benchmarkName "Armonik.Ffi.Bdn.CodecSuite.Run(Case: \"core-ffi|encode-core-hot|P1.1|ascii|drop\")" --job campaign --benchmarkId 5 in /home/user/ArmoniK.Api/ffi/poc/csharp/src/BenchDotNet/bin/Release/net8.0/BenchDotNet-campaign-1/bin/Release/net8.0
// BeforeAnythingElse

// Benchmark Process Environment Information:
// BenchmarkDotNet v0.15.8
// Runtime=.NET 8.0.31 (8.0.31, 8.0.3126.42015), X64 RyuJIT x86-64-v4
// GC=Concurrent Workstation
// HardwareIntrinsics=AVX512 IFMA+VBMI,AVX512 F+BW+CD+DQ+VL,AVX2+BMI1+BMI2+F16C+FMA+LZCNT+MOVBE,AVX,SSE3+SSSE3+SSE4.1+SSE4.2+POPCNT,X86Base+SSE+SSE2,AES+PCLMUL,AvxVnni,SERIALIZE VectorSize=256
// Job: campaign(EvaluateOverhead=False, Clock=Armonik.Ffi.Bdn.CpuClock, IterationCount=6, IterationTime=40ms, LaunchCount=1, RunStrategy=Throughput, WarmupCount=25)

OverheadJitting  1: 1 op, 284749.00 ns, 284.7490 us/op
WorkloadJitting  1: 1 op, 4185322.00 ns, 4.1853 ms/op

WorkloadPilot    1: 4 op, 19323.00 ns, 4.8308 us/op
WorkloadPilot    2: 8280 op, 10039646.00 ns, 1.2125 us/op
WorkloadPilot    3: 32989 op, 50792602.00 ns, 1.5397 us/op
WorkloadPilot    4: 25979 op, 29436002.00 ns, 1.1331 us/op
WorkloadPilot    5: 35302 op, 41221104.00 ns, 1.1677 us/op
WorkloadPilot    6: 34256 op, 30704232.00 ns, 896.3169 ns/op
WorkloadPilot    7: 44627 op, 29495659.00 ns, 660.9375 ns/op
WorkloadPilot    8: 60520 op, 37088177.00 ns, 612.8251 ns/op
WorkloadPilot    9: 65271 op, 39465396.00 ns, 604.6391 ns/op
WorkloadPilot   10: 66155 op, 40456642.00 ns, 611.5432 ns/op

WorkloadWarmup   1: 66155 op, 42111177.00 ns, 636.5532 ns/op
WorkloadWarmup   2: 66155 op, 37116815.00 ns, 561.0583 ns/op
WorkloadWarmup   3: 66155 op, 39964092.00 ns, 604.0978 ns/op
WorkloadWarmup   4: 66155 op, 35996797.00 ns, 544.1281 ns/op
WorkloadWarmup   5: 66155 op, 36941705.00 ns, 558.4114 ns/op
WorkloadWarmup   6: 66155 op, 37435107.00 ns, 565.8697 ns/op
WorkloadWarmup   7: 66155 op, 40883408.00 ns, 617.9942 ns/op
WorkloadWarmup   8: 66155 op, 37622656.00 ns, 568.7046 ns/op
WorkloadWarmup   9: 66155 op, 38886488.00 ns, 587.8088 ns/op
WorkloadWarmup  10: 66155 op, 45047997.00 ns, 680.9462 ns/op
WorkloadWarmup  11: 66155 op, 38507135.00 ns, 582.0744 ns/op
WorkloadWarmup  12: 66155 op, 37529821.00 ns, 567.3014 ns/op
WorkloadWarmup  13: 66155 op, 37470722.00 ns, 566.4080 ns/op
WorkloadWarmup  14: 66155 op, 37140046.00 ns, 561.4095 ns/op
WorkloadWarmup  15: 66155 op, 37361688.00 ns, 564.7599 ns/op
WorkloadWarmup  16: 66155 op, 37194822.00 ns, 562.2375 ns/op
WorkloadWarmup  17: 66155 op, 37183732.00 ns, 562.0699 ns/op
WorkloadWarmup  18: 66155 op, 42362203.00 ns, 640.3477 ns/op
WorkloadWarmup  19: 66155 op, 56304464.00 ns, 851.0991 ns/op
WorkloadWarmup  20: 66155 op, 41100277.00 ns, 621.2724 ns/op
WorkloadWarmup  21: 66155 op, 33760072.00 ns, 510.3178 ns/op
WorkloadWarmup  22: 66155 op, 31707504.00 ns, 479.2911 ns/op
WorkloadWarmup  23: 66155 op, 36716284.00 ns, 555.0039 ns/op
WorkloadWarmup  24: 66155 op, 35087353.00 ns, 530.3810 ns/op
WorkloadWarmup  25: 66155 op, 35096015.00 ns, 530.5119 ns/op

// BeforeActualRun
WorkloadActual   1: 66155 op, 34740549.00 ns, 525.1387 ns/op
WorkloadActual   2: 66155 op, 36117831.00 ns, 545.9577 ns/op
WorkloadActual   3: 66155 op, 34871331.00 ns, 527.1156 ns/op
WorkloadActual   4: 66155 op, 39103946.00 ns, 591.0959 ns/op
WorkloadActual   5: 66155 op, 30953626.00 ns, 467.8955 ns/op
WorkloadActual   6: 66155 op, 30601151.00 ns, 462.5675 ns/op

// AfterActualRun
WorkloadResult   1: 66155 op, 34740549.00 ns, 525.1387 ns/op
WorkloadResult   2: 66155 op, 36117831.00 ns, 545.9577 ns/op
WorkloadResult   3: 66155 op, 34871331.00 ns, 527.1156 ns/op
WorkloadResult   4: 66155 op, 39103946.00 ns, 591.0959 ns/op
WorkloadResult   5: 66155 op, 30953626.00 ns, 467.8955 ns/op
WorkloadResult   6: 66155 op, 30601151.00 ns, 462.5675 ns/op
// GC:  0 0 0 0 66155
// Threading:  0 0 66155

// AfterAll
// Benchmark Process 5034 has exited with code 0.

Mean = 519.962 ns, StdErr = 19.848 ns (3.82%), N = 6, StdDev = 48.619 ns
Min = 462.567 ns, Q1 = 482.206 ns, Median = 526.127 ns, Q3 = 541.247 ns, Max = 591.096 ns
IQR = 59.041 ns, LowerFence = 393.645 ns, UpperFence = 629.808 ns
ConfidenceInterval = [383.626 ns; 656.297 ns] (CI 99.9%), Margin = 136.336 ns (26.22% of Mean)
Skewness = 0.07, Kurtosis = 1.32, MValue = 2

// ** Remained 44 (88.0 %) benchmark(s) to run. Estimated finish 2026-10-09 23:31 (0h 1m from now) **
// **************************
// Benchmark: CodecSuite.Run: campaign(EvaluateOverhead=False, Clock=Armonik.Ffi.Bdn.CpuClock, IterationCount=6, IterationTime=40ms, LaunchCount=1, RunStrategy=Throughput, WarmupCount=25) [Case=core-(...)etain [80]]
// *** Execute ***
// Launch: 1 / 1
// Execute: dotnet BenchDotNet-campaign-1.dll --anonymousPipes 176 177 --benchmarkName "Armonik.Ffi.Bdn.CodecSuite.Run(Case: \"core-ffi|encode-core-hot|U-wire-ListMetricsResponse-batches-as-wt0|corpus|retain\")" --job campaign --benchmarkId 6 in /home/user/ArmoniK.Api/ffi/poc/csharp/src/BenchDotNet/bin/Release/net8.0/BenchDotNet-campaign-1/bin/Release/net8.0
// BeforeAnythingElse

// Benchmark Process Environment Information:
// BenchmarkDotNet v0.15.8
// Runtime=.NET 8.0.31 (8.0.31, 8.0.3126.42015), X64 RyuJIT x86-64-v4
// GC=Concurrent Workstation
// HardwareIntrinsics=AVX512 IFMA+VBMI,AVX512 F+BW+CD+DQ+VL,AVX2+BMI1+BMI2+F16C+FMA+LZCNT+MOVBE,AVX,SSE3+SSSE3+SSE4.1+SSE4.2+POPCNT,X86Base+SSE+SSE2,AES+PCLMUL,AvxVnni,SERIALIZE VectorSize=256
// Job: campaign(EvaluateOverhead=False, Clock=Armonik.Ffi.Bdn.CpuClock, IterationCount=6, IterationTime=40ms, LaunchCount=1, RunStrategy=Throughput, WarmupCount=25)

OverheadJitting  1: 1 op, 338094.00 ns, 338.0940 us/op
WorkloadJitting  1: 1 op, 9640785.00 ns, 9.6408 ms/op

WorkloadPilot    1: 4 op, 35299.00 ns, 8.8248 us/op
WorkloadPilot    2: 4533 op, 18633156.00 ns, 4.1106 us/op
WorkloadPilot    3: 9731 op, 34263432.00 ns, 3.5211 us/op
WorkloadPilot    4: 11360 op, 39263210.00 ns, 3.4563 us/op
WorkloadPilot    5: 11573 op, 41231593.00 ns, 3.5627 us/op
WorkloadPilot    6: 11227 op, 35803871.00 ns, 3.1891 us/op
WorkloadPilot    7: 12543 op, 42465102.00 ns, 3.3856 us/op
WorkloadPilot    8: 11815 op, 13069325.00 ns, 1.1062 us/op
WorkloadPilot    9: 36161 op, 31581884.00 ns, 873.3687 ns/op
WorkloadPilot   10: 45800 op, 44277887.00 ns, 966.7661 ns/op

WorkloadWarmup   1: 45800 op, 55646596.00 ns, 1.2150 us/op
WorkloadWarmup   2: 45800 op, 56061946.00 ns, 1.2241 us/op
WorkloadWarmup   3: 45800 op, 46569680.00 ns, 1.0168 us/op
WorkloadWarmup   4: 45800 op, 39675176.00 ns, 866.2702 ns/op
WorkloadWarmup   5: 45800 op, 41296455.00 ns, 901.6693 ns/op
WorkloadWarmup   6: 45800 op, 39536116.00 ns, 863.2340 ns/op
WorkloadWarmup   7: 45800 op, 41253642.00 ns, 900.7345 ns/op
WorkloadWarmup   8: 45800 op, 42061604.00 ns, 918.3756 ns/op
WorkloadWarmup   9: 45800 op, 39867522.00 ns, 870.4699 ns/op
WorkloadWarmup  10: 45800 op, 40191330.00 ns, 877.5400 ns/op
WorkloadWarmup  11: 45800 op, 40180748.00 ns, 877.3089 ns/op
WorkloadWarmup  12: 45800 op, 53905621.00 ns, 1.1770 us/op
WorkloadWarmup  13: 45800 op, 40931974.00 ns, 893.7112 ns/op
WorkloadWarmup  14: 45800 op, 41115359.00 ns, 897.7153 ns/op
WorkloadWarmup  15: 45800 op, 42544091.00 ns, 928.9103 ns/op
WorkloadWarmup  16: 45800 op, 41720091.00 ns, 910.9190 ns/op
WorkloadWarmup  17: 45800 op, 45266290.00 ns, 988.3469 ns/op
WorkloadWarmup  18: 45800 op, 44278934.00 ns, 966.7890 ns/op
WorkloadWarmup  19: 45800 op, 45272212.00 ns, 988.4762 ns/op
WorkloadWarmup  20: 45800 op, 42876387.00 ns, 936.1657 ns/op
WorkloadWarmup  21: 45800 op, 41798600.00 ns, 912.6332 ns/op
WorkloadWarmup  22: 45800 op, 43033515.00 ns, 939.5964 ns/op
WorkloadWarmup  23: 45800 op, 43943301.00 ns, 959.4607 ns/op
WorkloadWarmup  24: 45800 op, 41007054.00 ns, 895.3505 ns/op
WorkloadWarmup  25: 45800 op, 40412962.00 ns, 882.3791 ns/op

// BeforeActualRun
WorkloadActual   1: 45800 op, 40396343.00 ns, 882.0162 ns/op
WorkloadActual   2: 45800 op, 40271435.00 ns, 879.2890 ns/op
WorkloadActual   3: 45800 op, 40195932.00 ns, 877.6404 ns/op
WorkloadActual   4: 45800 op, 40822537.00 ns, 891.3218 ns/op
WorkloadActual   5: 45800 op, 46295303.00 ns, 1.0108 us/op
WorkloadActual   6: 45800 op, 52130342.00 ns, 1.1382 us/op

// AfterActualRun
WorkloadResult   1: 45800 op, 40396343.00 ns, 882.0162 ns/op
WorkloadResult   2: 45800 op, 40271435.00 ns, 879.2890 ns/op
WorkloadResult   3: 45800 op, 40195932.00 ns, 877.6404 ns/op
WorkloadResult   4: 45800 op, 40822537.00 ns, 891.3218 ns/op
WorkloadResult   5: 45800 op, 46295303.00 ns, 1.0108 us/op
// GC:  0 0 0 0 45800
// Threading:  0 0 45800

// AfterAll
// Benchmark Process 5043 has exited with code 0.

Mean = 908.216 ns, StdErr = 25.758 ns (2.84%), N = 5, StdDev = 57.598 ns
Min = 877.640 ns, Q1 = 879.289 ns, Median = 882.016 ns, Q3 = 891.322 ns, Max = 1,010.814 ns
IQR = 12.033 ns, LowerFence = 861.240 ns, UpperFence = 909.371 ns
ConfidenceInterval = [686.429 ns; 1,130.004 ns] (CI 99.9%), Margin = 221.788 ns (24.42% of Mean)
Skewness = 1.05, Kurtosis = 2.05, MValue = 2

// ** Remained 43 (86.0 %) benchmark(s) to run. Estimated finish 2026-10-09 23:31 (0h 1m from now) **
// **************************
// Benchmark: CodecSuite.Run: campaign(EvaluateOverhead=False, Clock=Armonik.Ffi.Bdn.CpuClock, IterationCount=6, IterationTime=40ms, LaunchCount=1, RunStrategy=Throughput, WarmupCount=25) [Case=core-(...)etain [70]]
// *** Execute ***
// Launch: 1 / 1
// Execute: dotnet BenchDotNet-campaign-1.dll --anonymousPipes 176 177 --benchmarkName "Armonik.Ffi.Bdn.CodecSuite.Run(Case: \"core-ffi|encode-core-hot|U-wire-DualResponse-left-as-wt5|corpus|retain\")" --job campaign --benchmarkId 7 in /home/user/ArmoniK.Api/ffi/poc/csharp/src/BenchDotNet/bin/Release/net8.0/BenchDotNet-campaign-1/bin/Release/net8.0
// BeforeAnythingElse

// Benchmark Process Environment Information:
// BenchmarkDotNet v0.15.8
// Runtime=.NET 8.0.31 (8.0.31, 8.0.3126.42015), X64 RyuJIT x86-64-v4
// GC=Concurrent Workstation
// HardwareIntrinsics=AVX512 IFMA+VBMI,AVX512 F+BW+CD+DQ+VL,AVX2+BMI1+BMI2+F16C+FMA+LZCNT+MOVBE,AVX,SSE3+SSSE3+SSE4.1+SSE4.2+POPCNT,X86Base+SSE+SSE2,AES+PCLMUL,AvxVnni,SERIALIZE VectorSize=256
// Job: campaign(EvaluateOverhead=False, Clock=Armonik.Ffi.Bdn.CpuClock, IterationCount=6, IterationTime=40ms, LaunchCount=1, RunStrategy=Throughput, WarmupCount=25)

OverheadJitting  1: 1 op, 202300.00 ns, 202.3000 us/op
WorkloadJitting  1: 1 op, 3643805.00 ns, 3.6438 ms/op

WorkloadPilot    1: 4 op, 13869.00 ns, 3.4673 us/op
WorkloadPilot    2: 11537 op, 4336399.00 ns, 375.8689 ns/op
WorkloadPilot    3: 106420 op, 39732191.00 ns, 373.3527 ns/op
WorkloadPilot    4: 107137 op, 34405288.00 ns, 321.1336 ns/op
WorkloadPilot    5: 124559 op, 39813280.00 ns, 319.6339 ns/op
WorkloadPilot    6: 125143 op, 42487914.00 ns, 339.5149 ns/op
WorkloadPilot    7: 117815 op, 17844617.00 ns, 151.4630 ns/op
WorkloadPilot    8: 264091 op, 39823812.00 ns, 150.7958 ns/op
WorkloadPilot    9: 265259 op, 40118248.00 ns, 151.2418 ns/op
WorkloadPilot   10: 264477 op, 40412392.00 ns, 152.8012 ns/op

WorkloadWarmup   1: 264477 op, 41036312.00 ns, 155.1602 ns/op
WorkloadWarmup   2: 264477 op, 40995811.00 ns, 155.0071 ns/op
WorkloadWarmup   3: 264477 op, 40011664.00 ns, 151.2860 ns/op
WorkloadWarmup   4: 264477 op, 46374847.00 ns, 175.3455 ns/op
WorkloadWarmup   5: 264477 op, 40842029.00 ns, 154.4256 ns/op
WorkloadWarmup   6: 264477 op, 40316388.00 ns, 152.4382 ns/op
WorkloadWarmup   7: 264477 op, 40046014.00 ns, 151.4159 ns/op
WorkloadWarmup   8: 264477 op, 41831361.00 ns, 158.1663 ns/op
WorkloadWarmup   9: 264477 op, 48455772.00 ns, 183.2136 ns/op
WorkloadWarmup  10: 264477 op, 47481022.00 ns, 179.5280 ns/op
WorkloadWarmup  11: 264477 op, 50138583.00 ns, 189.5763 ns/op
WorkloadWarmup  12: 264477 op, 48388707.00 ns, 182.9600 ns/op
WorkloadWarmup  13: 264477 op, 47993086.00 ns, 181.4641 ns/op
WorkloadWarmup  14: 264477 op, 51241458.00 ns, 193.7464 ns/op
WorkloadWarmup  15: 264477 op, 48394207.00 ns, 182.9808 ns/op
WorkloadWarmup  16: 264477 op, 48492215.00 ns, 183.3514 ns/op
WorkloadWarmup  17: 264477 op, 48771485.00 ns, 184.4073 ns/op
WorkloadWarmup  18: 264477 op, 49177223.00 ns, 185.9414 ns/op
WorkloadWarmup  19: 264477 op, 49199384.00 ns, 186.0252 ns/op
WorkloadWarmup  20: 264477 op, 47555532.00 ns, 179.8097 ns/op
WorkloadWarmup  21: 264477 op, 53224579.00 ns, 201.2446 ns/op
WorkloadWarmup  22: 264477 op, 49373300.00 ns, 186.6828 ns/op
WorkloadWarmup  23: 264477 op, 48563419.00 ns, 183.6206 ns/op
WorkloadWarmup  24: 264477 op, 47469991.00 ns, 179.4863 ns/op
WorkloadWarmup  25: 264477 op, 47598480.00 ns, 179.9721 ns/op

// BeforeActualRun
WorkloadActual   1: 264477 op, 45895902.00 ns, 173.5346 ns/op
WorkloadActual   2: 264477 op, 39868549.00 ns, 150.7449 ns/op
WorkloadActual   3: 264477 op, 40092313.00 ns, 151.5909 ns/op
WorkloadActual   4: 264477 op, 39488564.00 ns, 149.3081 ns/op
WorkloadActual   5: 264477 op, 38161901.00 ns, 144.2919 ns/op
WorkloadActual   6: 264477 op, 38265173.00 ns, 144.6824 ns/op

// AfterActualRun
WorkloadResult   1: 264477 op, 39868549.00 ns, 150.7449 ns/op
WorkloadResult   2: 264477 op, 40092313.00 ns, 151.5909 ns/op
WorkloadResult   3: 264477 op, 39488564.00 ns, 149.3081 ns/op
WorkloadResult   4: 264477 op, 38161901.00 ns, 144.2919 ns/op
WorkloadResult   5: 264477 op, 38265173.00 ns, 144.6824 ns/op
// GC:  0 0 0 0 264477
// Threading:  0 0 264477

// AfterAll
// Benchmark Process 5055 has exited with code 0.

Mean = 148.124 ns, StdErr = 1.530 ns (1.03%), N = 5, StdDev = 3.421 ns
Min = 144.292 ns, Q1 = 144.682 ns, Median = 149.308 ns, Q3 = 150.745 ns, Max = 151.591 ns
IQR = 6.062 ns, LowerFence = 135.589 ns, UpperFence = 159.839 ns
ConfidenceInterval = [134.950 ns; 161.298 ns] (CI 99.9%), Margin = 13.174 ns (8.89% of Mean)
Skewness = -0.18, Kurtosis = 0.8, MValue = 2

// ** Remained 42 (84.0 %) benchmark(s) to run. Estimated finish 2026-10-09 23:31 (0h 1m from now) **
// **************************
// Benchmark: CodecSuite.Run: campaign(EvaluateOverhead=False, Clock=Armonik.Ffi.Bdn.CpuClock, IterationCount=6, IterationTime=40ms, LaunchCount=1, RunStrategy=Throughput, WarmupCount=25) [Case=core-(...)etain [42]]
// *** Execute ***
// Launch: 1 / 1
// Execute: dotnet BenchDotNet-campaign-1.dll --anonymousPipes 176 177 --benchmarkName "Armonik.Ffi.Bdn.CodecSuite.Run(Case: \"core-ffi|encode-core-hot|P2.1|ascii|retain\")" --job campaign --benchmarkId 8 in /home/user/ArmoniK.Api/ffi/poc/csharp/src/BenchDotNet/bin/Release/net8.0/BenchDotNet-campaign-1/bin/Release/net8.0
// BeforeAnythingElse

// Benchmark Process Environment Information:
// BenchmarkDotNet v0.15.8
// Runtime=.NET 8.0.31 (8.0.31, 8.0.3126.42015), X64 RyuJIT x86-64-v4
// GC=Concurrent Workstation
// HardwareIntrinsics=AVX512 IFMA+VBMI,AVX512 F+BW+CD+DQ+VL,AVX2+BMI1+BMI2+F16C+FMA+LZCNT+MOVBE,AVX,SSE3+SSSE3+SSE4.1+SSE4.2+POPCNT,X86Base+SSE+SSE2,AES+PCLMUL,AvxVnni,SERIALIZE VectorSize=256
// Job: campaign(EvaluateOverhead=False, Clock=Armonik.Ffi.Bdn.CpuClock, IterationCount=6, IterationTime=40ms, LaunchCount=1, RunStrategy=Throughput, WarmupCount=25)

OverheadJitting  1: 1 op, 215581.00 ns, 215.5810 us/op
WorkloadJitting  1: 1 op, 7932289.00 ns, 7.9323 ms/op

WorkloadPilot    1: 4 op, 27589.00 ns, 6.8973 us/op
WorkloadPilot    2: 5799 op, 11868525.00 ns, 2.0467 us/op
WorkloadPilot    3: 19544 op, 40649302.00 ns, 2.0799 us/op
WorkloadPilot    4: 19232 op, 38640127.00 ns, 2.0092 us/op
WorkloadPilot    5: 19909 op, 46885408.00 ns, 2.3550 us/op
WorkloadPilot    6: 16985 op, 33489830.00 ns, 1.9717 us/op
WorkloadPilot    7: 20287 op, 28019446.00 ns, 1.3812 us/op
WorkloadPilot    8: 28961 op, 39866088.00 ns, 1.3765 us/op
WorkloadPilot    9: 29058 op, 42573562.00 ns, 1.4651 us/op

WorkloadWarmup   1: 29058 op, 40653877.00 ns, 1.3991 us/op
WorkloadWarmup   2: 29058 op, 40155910.00 ns, 1.3819 us/op
WorkloadWarmup   3: 29058 op, 40503803.00 ns, 1.3939 us/op
WorkloadWarmup   4: 29058 op, 41616532.00 ns, 1.4322 us/op
WorkloadWarmup   5: 29058 op, 40831458.00 ns, 1.4052 us/op
WorkloadWarmup   6: 29058 op, 40337437.00 ns, 1.3882 us/op
WorkloadWarmup   7: 29058 op, 40711919.00 ns, 1.4011 us/op
WorkloadWarmup   8: 29058 op, 40403478.00 ns, 1.3904 us/op
WorkloadWarmup   9: 29058 op, 40508745.00 ns, 1.3941 us/op
WorkloadWarmup  10: 29058 op, 39578370.00 ns, 1.3620 us/op
WorkloadWarmup  11: 29058 op, 33261622.00 ns, 1.1447 us/op
WorkloadWarmup  12: 29058 op, 33565752.00 ns, 1.1551 us/op
WorkloadWarmup  13: 29058 op, 33215384.00 ns, 1.1431 us/op
WorkloadWarmup  14: 29058 op, 33640377.00 ns, 1.1577 us/op
WorkloadWarmup  15: 29058 op, 35846813.00 ns, 1.2336 us/op
WorkloadWarmup  16: 29058 op, 34386042.00 ns, 1.1834 us/op
WorkloadWarmup  17: 29058 op, 33660891.00 ns, 1.1584 us/op
WorkloadWarmup  18: 29058 op, 49940263.00 ns, 1.7186 us/op
WorkloadWarmup  19: 29058 op, 45643254.00 ns, 1.5708 us/op
WorkloadWarmup  20: 29058 op, 45793390.00 ns, 1.5759 us/op
WorkloadWarmup  21: 29058 op, 41335036.00 ns, 1.4225 us/op
WorkloadWarmup  22: 29058 op, 45148345.00 ns, 1.5537 us/op
WorkloadWarmup  23: 29058 op, 45418601.00 ns, 1.5630 us/op
WorkloadWarmup  24: 29058 op, 40372749.00 ns, 1.3894 us/op
WorkloadWarmup  25: 29058 op, 39805058.00 ns, 1.3698 us/op

// BeforeActualRun
WorkloadActual   1: 29058 op, 40600825.00 ns, 1.3972 us/op
WorkloadActual   2: 29058 op, 40432168.00 ns, 1.3914 us/op
WorkloadActual   3: 29058 op, 41439925.00 ns, 1.4261 us/op
WorkloadActual   4: 29058 op, 41698477.00 ns, 1.4350 us/op
WorkloadActual   5: 29058 op, 41524670.00 ns, 1.4290 us/op
WorkloadActual   6: 29058 op, 41747683.00 ns, 1.4367 us/op

// AfterActualRun
WorkloadResult   1: 29058 op, 40600825.00 ns, 1.3972 us/op
WorkloadResult   2: 29058 op, 40432168.00 ns, 1.3914 us/op
WorkloadResult   3: 29058 op, 41439925.00 ns, 1.4261 us/op
WorkloadResult   4: 29058 op, 41698477.00 ns, 1.4350 us/op
WorkloadResult   5: 29058 op, 41524670.00 ns, 1.4290 us/op
WorkloadResult   6: 29058 op, 41747683.00 ns, 1.4367 us/op
// GC:  0 0 0 0 29058
// Threading:  0 0 29058

// AfterAll
// Benchmark Process 5064 has exited with code 0.

Mean = 1.419 us, StdErr = 0.008 us (0.57%), N = 6, StdDev = 0.020 us
Min = 1.391 us, Q1 = 1.404 us, Median = 1.428 us, Q3 = 1.434 us, Max = 1.437 us
IQR = 0.029 us, LowerFence = 1.361 us, UpperFence = 1.477 us
ConfidenceInterval = [1.364 us; 1.475 us] (CI 99.9%), Margin = 0.055 us (3.91% of Mean)
Skewness = -0.47, Kurtosis = 1.09, MValue = 2

// ** Remained 41 (82.0 %) benchmark(s) to run. Estimated finish 2026-10-09 23:31 (0h 1m from now) **
// **************************
// Benchmark: CodecSuite.Run: campaign(EvaluateOverhead=False, Clock=Armonik.Ffi.Bdn.CpuClock, IterationCount=6, IterationTime=40ms, LaunchCount=1, RunStrategy=Throughput, WarmupCount=25) [Case=core-(...)|drop [40]]
// *** Execute ***
// Launch: 1 / 1
// Execute: dotnet BenchDotNet-campaign-1.dll --anonymousPipes 176 177 --benchmarkName "Armonik.Ffi.Bdn.CodecSuite.Run(Case: \"core-ffi|encode-core-hot|P2.5|ascii|drop\")" --job campaign --benchmarkId 9 in /home/user/ArmoniK.Api/ffi/poc/csharp/src/BenchDotNet/bin/Release/net8.0/BenchDotNet-campaign-1/bin/Release/net8.0
// BeforeAnythingElse

// Benchmark Process Environment Information:
// BenchmarkDotNet v0.15.8
// Runtime=.NET 8.0.31 (8.0.31, 8.0.3126.42015), X64 RyuJIT x86-64-v4
// GC=Concurrent Workstation
// HardwareIntrinsics=AVX512 IFMA+VBMI,AVX512 F+BW+CD+DQ+VL,AVX2+BMI1+BMI2+F16C+FMA+LZCNT+MOVBE,AVX,SSE3+SSSE3+SSE4.1+SSE4.2+POPCNT,X86Base+SSE+SSE2,AES+PCLMUL,AvxVnni,SERIALIZE VectorSize=256
// Job: campaign(EvaluateOverhead=False, Clock=Armonik.Ffi.Bdn.CpuClock, IterationCount=6, IterationTime=40ms, LaunchCount=1, RunStrategy=Throughput, WarmupCount=25)

OverheadJitting  1: 1 op, 209304.00 ns, 209.3040 us/op
WorkloadJitting  1: 1 op, 8492708.00 ns, 8.4927 ms/op

WorkloadPilot    1: 4 op, 155531.00 ns, 38.8828 us/op
WorkloadPilot    2: 1029 op, 31668877.00 ns, 30.7764 us/op
WorkloadPilot    3: 1300 op, 37452439.00 ns, 28.8096 us/op
WorkloadPilot    4: 1388 op, 43727787.00 ns, 31.5042 us/op
WorkloadPilot    5: 1270 op, 37535271.00 ns, 29.5553 us/op
WorkloadPilot    6: 1353 op, 22518590.00 ns, 16.6435 us/op
WorkloadPilot    7: 2403 op, 40023195.00 ns, 16.6555 us/op

WorkloadWarmup   1: 2403 op, 40970992.00 ns, 17.0499 us/op
WorkloadWarmup   2: 2403 op, 42428201.00 ns, 17.6563 us/op
WorkloadWarmup   3: 2403 op, 43200838.00 ns, 17.9779 us/op
WorkloadWarmup   4: 2403 op, 43856391.00 ns, 18.2507 us/op
WorkloadWarmup   5: 2403 op, 53955929.00 ns, 22.4536 us/op
WorkloadWarmup   6: 2403 op, 47006370.00 ns, 19.5615 us/op
WorkloadWarmup   7: 2403 op, 37859757.00 ns, 15.7552 us/op
WorkloadWarmup   8: 2403 op, 37964960.00 ns, 15.7990 us/op
WorkloadWarmup   9: 2403 op, 47037892.00 ns, 19.5747 us/op
WorkloadWarmup  10: 2403 op, 48333730.00 ns, 20.1139 us/op
WorkloadWarmup  11: 2403 op, 46078135.00 ns, 19.1753 us/op
WorkloadWarmup  12: 2403 op, 38275697.00 ns, 15.9283 us/op
WorkloadWarmup  13: 2403 op, 45212873.00 ns, 18.8152 us/op
WorkloadWarmup  14: 2403 op, 46597115.00 ns, 19.3912 us/op
WorkloadWarmup  15: 2403 op, 47352164.00 ns, 19.7054 us/op
WorkloadWarmup  16: 2403 op, 47588504.00 ns, 19.8038 us/op
WorkloadWarmup  17: 2403 op, 47540518.00 ns, 19.7838 us/op
WorkloadWarmup  18: 2403 op, 47972533.00 ns, 19.9636 us/op
WorkloadWarmup  19: 2403 op, 46615533.00 ns, 19.3989 us/op
WorkloadWarmup  20: 2403 op, 47085201.00 ns, 19.5943 us/op
WorkloadWarmup  21: 2403 op, 47599134.00 ns, 19.8082 us/op
WorkloadWarmup  22: 2403 op, 45910382.00 ns, 19.1054 us/op
WorkloadWarmup  23: 2403 op, 45514398.00 ns, 18.9407 us/op
WorkloadWarmup  24: 2403 op, 48198785.00 ns, 20.0578 us/op
WorkloadWarmup  25: 2403 op, 49498309.00 ns, 20.5985 us/op

// BeforeActualRun
WorkloadActual   1: 2403 op, 50023278.00 ns, 20.8170 us/op
WorkloadActual   2: 2403 op, 47499683.00 ns, 19.7668 us/op
WorkloadActual   3: 2403 op, 48435736.00 ns, 20.1564 us/op
WorkloadActual   4: 2403 op, 49208013.00 ns, 20.4777 us/op
WorkloadActual   5: 2403 op, 60375777.00 ns, 25.1252 us/op
WorkloadActual   6: 2403 op, 40290616.00 ns, 16.7668 us/op

// AfterActualRun
WorkloadResult   1: 2403 op, 50023278.00 ns, 20.8170 us/op
WorkloadResult   2: 2403 op, 47499683.00 ns, 19.7668 us/op
WorkloadResult   3: 2403 op, 48435736.00 ns, 20.1564 us/op
WorkloadResult   4: 2403 op, 49208013.00 ns, 20.4777 us/op
WorkloadResult   5: 2403 op, 40290616.00 ns, 16.7668 us/op
// GC:  0 0 0 0 2403
// Threading:  0 0 2403

// AfterAll
// Benchmark Process 5073 has exited with code 0.

Mean = 19.597 us, StdErr = 0.729 us (3.72%), N = 5, StdDev = 1.629 us
Min = 16.767 us, Q1 = 19.767 us, Median = 20.156 us, Q3 = 20.478 us, Max = 20.817 us
IQR = 0.711 us, LowerFence = 18.700 us, UpperFence = 21.544 us
ConfidenceInterval = [13.324 us; 25.870 us] (CI 99.9%), Margin = 6.273 us (32.01% of Mean)
Skewness = -0.92, Kurtosis = 1.9, MValue = 2

// ** Remained 40 (80.0 %) benchmark(s) to run. Estimated finish 2026-10-09 23:31 (0h 1m from now) **
// **************************
// Benchmark: CodecSuite.Run: campaign(EvaluateOverhead=False, Clock=Armonik.Ffi.Bdn.CpuClock, IterationCount=6, IterationTime=40ms, LaunchCount=1, RunStrategy=Throughput, WarmupCount=25) [Case=core-(...)etain [42]]
// *** Execute ***
// Launch: 1 / 1
// Execute: dotnet BenchDotNet-campaign-1.dll --anonymousPipes 176 177 --benchmarkName "Armonik.Ffi.Bdn.CodecSuite.Run(Case: \"core-ffi|encode-core-hot|P1.1|ascii|retain\")" --job campaign --benchmarkId 10 in /home/user/ArmoniK.Api/ffi/poc/csharp/src/BenchDotNet/bin/Release/net8.0/BenchDotNet-campaign-1/bin/Release/net8.0
// BeforeAnythingElse

// Benchmark Process Environment Information:
// BenchmarkDotNet v0.15.8
// Runtime=.NET 8.0.31 (8.0.31, 8.0.3126.42015), X64 RyuJIT x86-64-v4
// GC=Concurrent Workstation
// HardwareIntrinsics=AVX512 IFMA+VBMI,AVX512 F+BW+CD+DQ+VL,AVX2+BMI1+BMI2+F16C+FMA+LZCNT+MOVBE,AVX,SSE3+SSSE3+SSE4.1+SSE4.2+POPCNT,X86Base+SSE+SSE2,AES+PCLMUL,AvxVnni,SERIALIZE VectorSize=256
// Job: campaign(EvaluateOverhead=False, Clock=Armonik.Ffi.Bdn.CpuClock, IterationCount=6, IterationTime=40ms, LaunchCount=1, RunStrategy=Throughput, WarmupCount=25)

OverheadJitting  1: 1 op, 295682.00 ns, 295.6820 us/op
WorkloadJitting  1: 1 op, 4316411.00 ns, 4.3164 ms/op

WorkloadPilot    1: 4 op, 50604.00 ns, 12.6510 us/op
WorkloadPilot    2: 3162 op, 3610413.00 ns, 1.1418 us/op
WorkloadPilot    3: 35032 op, 38076061.00 ns, 1.0869 us/op
WorkloadPilot    4: 36802 op, 40311080.00 ns, 1.0954 us/op
WorkloadPilot    5: 36518 op, 38404488.00 ns, 1.0517 us/op
WorkloadPilot    6: 38035 op, 55008530.00 ns, 1.4463 us/op
WorkloadPilot    7: 27658 op, 19874975.00 ns, 718.5977 ns/op
WorkloadPilot    8: 55664 op, 39925397.00 ns, 717.2571 ns/op
WorkloadPilot    9: 55768 op, 41051262.00 ns, 736.1078 ns/op

WorkloadWarmup   1: 55768 op, 39802913.00 ns, 713.7232 ns/op
WorkloadWarmup   2: 55768 op, 39963187.00 ns, 716.5971 ns/op
WorkloadWarmup   3: 55768 op, 40917480.00 ns, 733.7089 ns/op
WorkloadWarmup   4: 55768 op, 42730007.00 ns, 766.2101 ns/op
WorkloadWarmup   5: 55768 op, 47514040.00 ns, 851.9947 ns/op
WorkloadWarmup   6: 55768 op, 44974329.00 ns, 806.4540 ns/op
WorkloadWarmup   7: 55768 op, 41412217.00 ns, 742.5803 ns/op
WorkloadWarmup   8: 55768 op, 40140967.00 ns, 719.7849 ns/op
WorkloadWarmup   9: 55768 op, 39743294.00 ns, 712.6541 ns/op
WorkloadWarmup  10: 55768 op, 39664165.00 ns, 711.2352 ns/op
WorkloadWarmup  11: 55768 op, 37875197.00 ns, 679.1565 ns/op
WorkloadWarmup  12: 55768 op, 37515931.00 ns, 672.7143 ns/op
WorkloadWarmup  13: 55768 op, 42779107.00 ns, 767.0906 ns/op
WorkloadWarmup  14: 55768 op, 45671020.00 ns, 818.9467 ns/op
WorkloadWarmup  15: 55768 op, 45415588.00 ns, 814.3664 ns/op
WorkloadWarmup  16: 55768 op, 45372143.00 ns, 813.5874 ns/op
WorkloadWarmup  17: 55768 op, 48029225.00 ns, 861.2327 ns/op
WorkloadWarmup  18: 55768 op, 45919177.00 ns, 823.3965 ns/op
WorkloadWarmup  19: 55768 op, 46118274.00 ns, 826.9666 ns/op
WorkloadWarmup  20: 55768 op, 46073807.00 ns, 826.1693 ns/op
WorkloadWarmup  21: 55768 op, 45580241.00 ns, 817.3189 ns/op
WorkloadWarmup  22: 55768 op, 46783293.00 ns, 838.8914 ns/op
WorkloadWarmup  23: 55768 op, 45982722.00 ns, 824.5360 ns/op
WorkloadWarmup  24: 55768 op, 46783749.00 ns, 838.8995 ns/op
WorkloadWarmup  25: 55768 op, 47069166.00 ns, 844.0175 ns/op

// BeforeActualRun
WorkloadActual   1: 55768 op, 47809553.00 ns, 857.2937 ns/op
WorkloadActual   2: 55768 op, 46897040.00 ns, 840.9310 ns/op
WorkloadActual   3: 55768 op, 46986474.00 ns, 842.5347 ns/op
WorkloadActual   4: 55768 op, 47158850.00 ns, 845.6256 ns/op
WorkloadActual   5: 55768 op, 49496338.00 ns, 887.5401 ns/op
WorkloadActual   6: 55768 op, 47852242.00 ns, 858.0591 ns/op

// AfterActualRun
WorkloadResult   1: 55768 op, 47809553.00 ns, 857.2937 ns/op
WorkloadResult   2: 55768 op, 46897040.00 ns, 840.9310 ns/op
WorkloadResult   3: 55768 op, 46986474.00 ns, 842.5347 ns/op
WorkloadResult   4: 55768 op, 47158850.00 ns, 845.6256 ns/op
WorkloadResult   5: 55768 op, 47852242.00 ns, 858.0591 ns/op
// GC:  0 0 0 0 55768
// Threading:  0 0 55768

// AfterAll
// Benchmark Process 5082 has exited with code 0.

Mean = 848.889 ns, StdErr = 3.668 ns (0.43%), N = 5, StdDev = 8.202 ns
Min = 840.931 ns, Q1 = 842.535 ns, Median = 845.626 ns, Q3 = 857.294 ns, Max = 858.059 ns
IQR = 14.759 ns, LowerFence = 820.396 ns, UpperFence = 879.432 ns
ConfidenceInterval = [817.306 ns; 880.472 ns] (CI 99.9%), Margin = 31.583 ns (3.72% of Mean)
Skewness = 0.21, Kurtosis = 0.79, MValue = 2

// ** Remained 39 (78.0 %) benchmark(s) to run. Estimated finish 2026-10-09 23:31 (0h 1m from now) **
// **************************
// Benchmark: CodecSuite.Run: campaign(EvaluateOverhead=False, Clock=Armonik.Ffi.Bdn.CpuClock, IterationCount=6, IterationTime=40ms, LaunchCount=1, RunStrategy=Throughput, WarmupCount=25) [Case=core-(...)|drop [52]]
// *** Execute ***
// Launch: 1 / 1
// Execute: dotnet BenchDotNet-campaign-1.dll --anonymousPipes 176 177 --benchmarkName "Armonik.Ffi.Bdn.CodecSuite.Run(Case: \"core-ffi|encode-core-hot|U-nested-before|corpus|drop\")" --job campaign --benchmarkId 11 in /home/user/ArmoniK.Api/ffi/poc/csharp/src/BenchDotNet/bin/Release/net8.0/BenchDotNet-campaign-1/bin/Release/net8.0
// BeforeAnythingElse

// Benchmark Process Environment Information:
// BenchmarkDotNet v0.15.8
// Runtime=.NET 8.0.31 (8.0.31, 8.0.3126.42015), X64 RyuJIT x86-64-v4
// GC=Concurrent Workstation
// HardwareIntrinsics=AVX512 IFMA+VBMI,AVX512 F+BW+CD+DQ+VL,AVX2+BMI1+BMI2+F16C+FMA+LZCNT+MOVBE,AVX,SSE3+SSSE3+SSE4.1+SSE4.2+POPCNT,X86Base+SSE+SSE2,AES+PCLMUL,AvxVnni,SERIALIZE VectorSize=256
// Job: campaign(EvaluateOverhead=False, Clock=Armonik.Ffi.Bdn.CpuClock, IterationCount=6, IterationTime=40ms, LaunchCount=1, RunStrategy=Throughput, WarmupCount=25)

OverheadJitting  1: 1 op, 207791.00 ns, 207.7910 us/op
WorkloadJitting  1: 1 op, 3216387.00 ns, 3.2164 ms/op

WorkloadPilot    1: 4 op, 12966.00 ns, 3.2415 us/op
WorkloadPilot    2: 12340 op, 4312700.00 ns, 349.4895 ns/op
WorkloadPilot    3: 114453 op, 38947130.00 ns, 340.2893 ns/op
WorkloadPilot    4: 117547 op, 38705844.00 ns, 329.2797 ns/op
WorkloadPilot    5: 121477 op, 40553566.00 ns, 333.8374 ns/op
WorkloadPilot    6: 119819 op, 38690258.00 ns, 322.9059 ns/op
WorkloadPilot    7: 123875 op, 18425352.00 ns, 148.7415 ns/op
WorkloadPilot    8: 268923 op, 38993284.00 ns, 144.9980 ns/op
WorkloadPilot    9: 275866 op, 39418355.00 ns, 142.8895 ns/op
WorkloadPilot   10: 279937 op, 40042790.00 ns, 143.0421 ns/op
WorkloadPilot   11: 279638 op, 39934918.00 ns, 142.8093 ns/op
WorkloadPilot   12: 280094 op, 39943826.00 ns, 142.6086 ns/op
WorkloadPilot   13: 280488 op, 39958991.00 ns, 142.4624 ns/op
WorkloadPilot   14: 280776 op, 40078246.00 ns, 142.7410 ns/op

WorkloadWarmup   1: 280776 op, 40049567.00 ns, 142.6389 ns/op
WorkloadWarmup   2: 280776 op, 40223524.00 ns, 143.2584 ns/op
WorkloadWarmup   3: 280776 op, 39910634.00 ns, 142.1440 ns/op
WorkloadWarmup   4: 280776 op, 38799105.00 ns, 138.1853 ns/op
WorkloadWarmup   5: 280776 op, 38219798.00 ns, 136.1220 ns/op
WorkloadWarmup   6: 280776 op, 38249370.00 ns, 136.2273 ns/op
WorkloadWarmup   7: 280776 op, 38214388.00 ns, 136.1028 ns/op
WorkloadWarmup   8: 280776 op, 38417822.00 ns, 136.8273 ns/op
WorkloadWarmup   9: 280776 op, 38171579.00 ns, 135.9503 ns/op
WorkloadWarmup  10: 280776 op, 38743022.00 ns, 137.9855 ns/op
WorkloadWarmup  11: 280776 op, 38551200.00 ns, 137.3023 ns/op
WorkloadWarmup  12: 280776 op, 38178677.00 ns, 135.9756 ns/op
WorkloadWarmup  13: 280776 op, 38460984.00 ns, 136.9810 ns/op
WorkloadWarmup  14: 280776 op, 38057823.00 ns, 135.5451 ns/op
WorkloadWarmup  15: 280776 op, 37994115.00 ns, 135.3182 ns/op
WorkloadWarmup  16: 280776 op, 38168199.00 ns, 135.9383 ns/op
WorkloadWarmup  17: 280776 op, 38192071.00 ns, 136.0233 ns/op
WorkloadWarmup  18: 280776 op, 38142869.00 ns, 135.8480 ns/op
WorkloadWarmup  19: 280776 op, 38020771.00 ns, 135.4132 ns/op
WorkloadWarmup  20: 280776 op, 38035233.00 ns, 135.4647 ns/op
WorkloadWarmup  21: 280776 op, 38231230.00 ns, 136.1627 ns/op
WorkloadWarmup  22: 280776 op, 38433190.00 ns, 136.8820 ns/op
WorkloadWarmup  23: 280776 op, 38051383.00 ns, 135.5222 ns/op
WorkloadWarmup  24: 280776 op, 37996107.00 ns, 135.3253 ns/op
WorkloadWarmup  25: 280776 op, 44633443.00 ns, 158.9646 ns/op

// BeforeActualRun
WorkloadActual   1: 280776 op, 48639626.00 ns, 173.2328 ns/op
WorkloadActual   2: 280776 op, 48790913.00 ns, 173.7717 ns/op
WorkloadActual   3: 280776 op, 47251660.00 ns, 168.2895 ns/op
WorkloadActual   4: 280776 op, 48085833.00 ns, 171.2605 ns/op
WorkloadActual   5: 280776 op, 48470429.00 ns, 172.6302 ns/op
WorkloadActual   6: 280776 op, 47682824.00 ns, 169.8251 ns/op

// AfterActualRun
WorkloadResult   1: 280776 op, 48639626.00 ns, 173.2328 ns/op
WorkloadResult   2: 280776 op, 48790913.00 ns, 173.7717 ns/op
WorkloadResult   3: 280776 op, 47251660.00 ns, 168.2895 ns/op
WorkloadResult   4: 280776 op, 48085833.00 ns, 171.2605 ns/op
WorkloadResult   5: 280776 op, 48470429.00 ns, 172.6302 ns/op
WorkloadResult   6: 280776 op, 47682824.00 ns, 169.8251 ns/op
// GC:  0 0 0 0 280776
// Threading:  0 0 280776

// AfterAll
// Benchmark Process 5092 has exited with code 0.

Mean = 171.502 ns, StdErr = 0.868 ns (0.51%), N = 6, StdDev = 2.127 ns
Min = 168.290 ns, Q1 = 170.184 ns, Median = 171.945 ns, Q3 = 173.082 ns, Max = 173.772 ns
IQR = 2.898 ns, LowerFence = 165.837 ns, UpperFence = 177.430 ns
ConfidenceInterval = [165.539 ns; 177.465 ns] (CI 99.9%), Margin = 5.963 ns (3.48% of Mean)
Skewness = -0.34, Kurtosis = 1.23, MValue = 2

// ** Remained 38 (76.0 %) benchmark(s) to run. Estimated finish 2026-10-09 23:31 (0h 1m from now) **
// **************************
// Benchmark: CodecSuite.Run: campaign(EvaluateOverhead=False, Clock=Armonik.Ffi.Bdn.CpuClock, IterationCount=6, IterationTime=40ms, LaunchCount=1, RunStrategy=Throughput, WarmupCount=25) [Case=core-(...)|drop [40]]
// *** Execute ***
// Launch: 1 / 1
// Execute: dotnet BenchDotNet-campaign-1.dll --anonymousPipes 176 177 --benchmarkName "Armonik.Ffi.Bdn.CodecSuite.Run(Case: \"core-ffi|encode-core-hot|P5.1|ascii|drop\")" --job campaign --benchmarkId 12 in /home/user/ArmoniK.Api/ffi/poc/csharp/src/BenchDotNet/bin/Release/net8.0/BenchDotNet-campaign-1/bin/Release/net8.0
// BeforeAnythingElse

// Benchmark Process Environment Information:
// BenchmarkDotNet v0.15.8
// Runtime=.NET 8.0.31 (8.0.31, 8.0.3126.42015), X64 RyuJIT x86-64-v4
// GC=Concurrent Workstation
// HardwareIntrinsics=AVX512 IFMA+VBMI,AVX512 F+BW+CD+DQ+VL,AVX2+BMI1+BMI2+F16C+FMA+LZCNT+MOVBE,AVX,SSE3+SSSE3+SSE4.1+SSE4.2+POPCNT,X86Base+SSE+SSE2,AES+PCLMUL,AvxVnni,SERIALIZE VectorSize=256
// Job: campaign(EvaluateOverhead=False, Clock=Armonik.Ffi.Bdn.CpuClock, IterationCount=6, IterationTime=40ms, LaunchCount=1, RunStrategy=Throughput, WarmupCount=25)

OverheadJitting  1: 1 op, 262726.00 ns, 262.7260 us/op
WorkloadJitting  1: 1 op, 3142876.00 ns, 3.1429 ms/op

WorkloadPilot    1: 4 op, 10470.00 ns, 2.6175 us/op
WorkloadPilot    2: 15282 op, 3271154.00 ns, 214.0527 ns/op
WorkloadPilot    3: 186870 op, 36319367.00 ns, 194.3563 ns/op
WorkloadPilot    4: 205808 op, 38518171.00 ns, 187.1558 ns/op
WorkloadPilot    5: 213726 op, 38554421.00 ns, 180.3918 ns/op
WorkloadPilot    6: 221740 op, 47290450.00 ns, 213.2698 ns/op
WorkloadPilot    7: 187556 op, 12877067.00 ns, 68.6572 ns/op
WorkloadPilot    8: 582605 op, 37799378.00 ns, 64.8799 ns/op
WorkloadPilot    9: 616523 op, 41974820.00 ns, 68.0831 ns/op
WorkloadPilot   10: 587517 op, 40953178.00 ns, 69.7055 ns/op

WorkloadWarmup   1: 587517 op, 38199169.00 ns, 65.0180 ns/op
WorkloadWarmup   2: 587517 op, 39877508.00 ns, 67.8746 ns/op
WorkloadWarmup   3: 587517 op, 38644074.00 ns, 65.7752 ns/op
WorkloadWarmup   4: 587517 op, 41045484.00 ns, 69.8626 ns/op
WorkloadWarmup   5: 587517 op, 41591705.00 ns, 70.7923 ns/op
WorkloadWarmup   6: 587517 op, 40286656.00 ns, 68.5710 ns/op
WorkloadWarmup   7: 587517 op, 38935572.00 ns, 66.2714 ns/op
WorkloadWarmup   8: 587517 op, 37984932.00 ns, 64.6533 ns/op
WorkloadWarmup   9: 587517 op, 38088366.00 ns, 64.8294 ns/op
WorkloadWarmup  10: 587517 op, 38318667.00 ns, 65.2214 ns/op
WorkloadWarmup  11: 587517 op, 38805840.00 ns, 66.0506 ns/op
WorkloadWarmup  12: 587517 op, 38234943.00 ns, 65.0789 ns/op
WorkloadWarmup  13: 587517 op, 38046332.00 ns, 64.7578 ns/op
WorkloadWarmup  14: 587517 op, 39152948.00 ns, 66.6414 ns/op
WorkloadWarmup  15: 587517 op, 38139812.00 ns, 64.9170 ns/op
WorkloadWarmup  16: 587517 op, 38077527.00 ns, 64.8109 ns/op
WorkloadWarmup  17: 587517 op, 38519540.00 ns, 65.5633 ns/op
WorkloadWarmup  18: 587517 op, 38083300.00 ns, 64.8208 ns/op
WorkloadWarmup  19: 587517 op, 38112603.00 ns, 64.8706 ns/op
WorkloadWarmup  20: 587517 op, 38388445.00 ns, 65.3401 ns/op
WorkloadWarmup  21: 587517 op, 38336886.00 ns, 65.2524 ns/op
WorkloadWarmup  22: 587517 op, 38416503.00 ns, 65.3879 ns/op
WorkloadWarmup  23: 587517 op, 38254932.00 ns, 65.1129 ns/op
WorkloadWarmup  24: 587517 op, 38235878.00 ns, 65.0805 ns/op
WorkloadWarmup  25: 587517 op, 38128565.00 ns, 64.8978 ns/op

// BeforeActualRun
WorkloadActual   1: 587517 op, 39284394.00 ns, 66.8651 ns/op
WorkloadActual   2: 587517 op, 38254738.00 ns, 65.1126 ns/op
WorkloadActual   3: 587517 op, 38735329.00 ns, 65.9306 ns/op
WorkloadActual   4: 587517 op, 43608161.00 ns, 74.2245 ns/op
WorkloadActual   5: 587517 op, 47533973.00 ns, 80.9065 ns/op
WorkloadActual   6: 587517 op, 41944579.00 ns, 71.3930 ns/op

// AfterActualRun
WorkloadResult   1: 587517 op, 39284394.00 ns, 66.8651 ns/op
WorkloadResult   2: 587517 op, 38254738.00 ns, 65.1126 ns/op
WorkloadResult   3: 587517 op, 38735329.00 ns, 65.9306 ns/op
WorkloadResult   4: 587517 op, 43608161.00 ns, 74.2245 ns/op
WorkloadResult   5: 587517 op, 47533973.00 ns, 80.9065 ns/op
WorkloadResult   6: 587517 op, 41944579.00 ns, 71.3930 ns/op
// GC:  0 0 0 0 587517
// Threading:  0 0 587517

// AfterAll
// Benchmark Process 5101 has exited with code 0.

Mean = 70.739 ns, StdErr = 2.488 ns (3.52%), N = 6, StdDev = 6.095 ns
Min = 65.113 ns, Q1 = 66.164 ns, Median = 69.129 ns, Q3 = 73.517 ns, Max = 80.907 ns
IQR = 7.352 ns, LowerFence = 55.136 ns, UpperFence = 84.545 ns
ConfidenceInterval = [53.647 ns; 87.830 ns] (CI 99.9%), Margin = 17.091 ns (24.16% of Mean)
Skewness = 0.55, Kurtosis = 1.52, MValue = 2

// ** Remained 37 (74.0 %) benchmark(s) to run. Estimated finish 2026-10-09 23:31 (0h 1m from now) **
// **************************
// Benchmark: CodecSuite.Run: campaign(EvaluateOverhead=False, Clock=Armonik.Ffi.Bdn.CpuClock, IterationCount=6, IterationTime=40ms, LaunchCount=1, RunStrategy=Throughput, WarmupCount=25) [Case=core-(...)etain [43]]
// *** Execute ***
// Launch: 1 / 1
// Execute: dotnet BenchDotNet-campaign-1.dll --anonymousPipes 176 177 --benchmarkName "Armonik.Ffi.Bdn.CodecSuite.Run(Case: \"core-ffi|encode-core-hot|P2.2|latin1|retain\")" --job campaign --benchmarkId 13 in /home/user/ArmoniK.Api/ffi/poc/csharp/src/BenchDotNet/bin/Release/net8.0/BenchDotNet-campaign-1/bin/Release/net8.0
// BeforeAnythingElse

// Benchmark Process Environment Information:
// BenchmarkDotNet v0.15.8
// Runtime=.NET 8.0.31 (8.0.31, 8.0.3126.42015), X64 RyuJIT x86-64-v4
// GC=Concurrent Workstation
// HardwareIntrinsics=AVX512 IFMA+VBMI,AVX512 F+BW+CD+DQ+VL,AVX2+BMI1+BMI2+F16C+FMA+LZCNT+MOVBE,AVX,SSE3+SSSE3+SSE4.1+SSE4.2+POPCNT,X86Base+SSE+SSE2,AES+PCLMUL,AvxVnni,SERIALIZE VectorSize=256
// Job: campaign(EvaluateOverhead=False, Clock=Armonik.Ffi.Bdn.CpuClock, IterationCount=6, IterationTime=40ms, LaunchCount=1, RunStrategy=Throughput, WarmupCount=25)

OverheadJitting  1: 1 op, 295586.00 ns, 295.5860 us/op
WorkloadJitting  1: 1 op, 17283442.00 ns, 17.2834 ms/op

WorkloadPilot    1: 4 op, 16053512.00 ns, 4.0134 ms/op
WorkloadPilot    2: 10 op, 18787056.00 ns, 1.8787 ms/op
WorkloadPilot    3: 21 op, 29500892.00 ns, 1.4048 ms/op
WorkloadPilot    4: 28 op, 31763324.00 ns, 1.1344 ms/op
WorkloadPilot    5: 35 op, 64723677.00 ns, 1.8492 ms/op
WorkloadPilot    6: 22 op, 23230722.00 ns, 1.0559 ms/op
WorkloadPilot    7: 38 op, 57850723.00 ns, 1.5224 ms/op
WorkloadPilot    8: 26 op, 27718549.00 ns, 1.0661 ms/op
WorkloadPilot    9: 38 op, 40468059.00 ns, 1.0649 ms/op

WorkloadWarmup   1: 38 op, 39971834.00 ns, 1.0519 ms/op
WorkloadWarmup   2: 38 op, 41828577.00 ns, 1.1008 ms/op
WorkloadWarmup   3: 38 op, 40383687.00 ns, 1.0627 ms/op
WorkloadWarmup   4: 38 op, 43762357.00 ns, 1.1516 ms/op
WorkloadWarmup   5: 38 op, 50168023.00 ns, 1.3202 ms/op
WorkloadWarmup   6: 38 op, 63713181.00 ns, 1.6767 ms/op
WorkloadWarmup   7: 38 op, 44418561.00 ns, 1.1689 ms/op
WorkloadWarmup   8: 38 op, 41004833.00 ns, 1.0791 ms/op
WorkloadWarmup   9: 38 op, 40818297.00 ns, 1.0742 ms/op
WorkloadWarmup  10: 38 op, 41028349.00 ns, 1.0797 ms/op
WorkloadWarmup  11: 38 op, 55011262.00 ns, 1.4477 ms/op
WorkloadWarmup  12: 38 op, 41194066.00 ns, 1.0841 ms/op
WorkloadWarmup  13: 38 op, 41543832.00 ns, 1.0933 ms/op
WorkloadWarmup  14: 38 op, 41371611.00 ns, 1.0887 ms/op
WorkloadWarmup  15: 38 op, 41507761.00 ns, 1.0923 ms/op
WorkloadWarmup  16: 38 op, 43409474.00 ns, 1.1424 ms/op
WorkloadWarmup  17: 38 op, 43732840.00 ns, 1.1509 ms/op
WorkloadWarmup  18: 38 op, 46280839.00 ns, 1.2179 ms/op
WorkloadWarmup  19: 38 op, 38901005.00 ns, 1.0237 ms/op
WorkloadWarmup  20: 38 op, 41236504.00 ns, 1.0852 ms/op
WorkloadWarmup  21: 38 op, 43219527.00 ns, 1.1374 ms/op
WorkloadWarmup  22: 38 op, 45887728.00 ns, 1.2076 ms/op
WorkloadWarmup  23: 38 op, 45212359.00 ns, 1.1898 ms/op
WorkloadWarmup  24: 38 op, 44764526.00 ns, 1.1780 ms/op
WorkloadWarmup  25: 38 op, 44674309.00 ns, 1.1756 ms/op

// BeforeActualRun
WorkloadActual   1: 38 op, 45386721.00 ns, 1.1944 ms/op
WorkloadActual   2: 38 op, 48207909.00 ns, 1.2686 ms/op
WorkloadActual   3: 38 op, 37313510.00 ns, 981.9345 us/op
WorkloadActual   4: 38 op, 37364954.00 ns, 983.2883 us/op
WorkloadActual   5: 38 op, 37670980.00 ns, 991.3416 us/op
WorkloadActual   6: 38 op, 37170096.00 ns, 978.1604 us/op

// AfterActualRun
WorkloadResult   1: 38 op, 45386721.00 ns, 1.1944 ms/op
WorkloadResult   2: 38 op, 48207909.00 ns, 1.2686 ms/op
WorkloadResult   3: 38 op, 37313510.00 ns, 981.9345 us/op
WorkloadResult   4: 38 op, 37364954.00 ns, 983.2883 us/op
WorkloadResult   5: 38 op, 37670980.00 ns, 991.3416 us/op
WorkloadResult   6: 38 op, 37170096.00 ns, 978.1604 us/op
// GC:  0 0 0 0 38
// Threading:  0 0 38

// AfterAll
// Benchmark Process 5110 has exited with code 0.

Mean = 1.066 ms, StdErr = 0.053 ms (4.98%), N = 6, StdDev = 0.130 ms
Min = 0.978 ms, Q1 = 0.982 ms, Median = 0.987 ms, Q3 = 1.144 ms, Max = 1.269 ms
IQR = 0.161 ms, LowerFence = 0.740 ms, UpperFence = 1.386 ms
ConfidenceInterval = [0.701 ms; 1.431 ms] (CI 99.9%), Margin = 0.365 ms (34.24% of Mean)
Skewness = 0.61, Kurtosis = 1.24, MValue = 2

// ** Remained 36 (72.0 %) benchmark(s) to run. Estimated finish 2026-10-09 23:31 (0h 1m from now) **
// **************************
// Benchmark: CodecSuite.Run: campaign(EvaluateOverhead=False, Clock=Armonik.Ffi.Bdn.CpuClock, IterationCount=6, IterationTime=40ms, LaunchCount=1, RunStrategy=Throughput, WarmupCount=25) [Case=core-(...)etain [83]]
// *** Execute ***
// Launch: 1 / 1
// Execute: dotnet BenchDotNet-campaign-1.dll --anonymousPipes 176 177 --benchmarkName "Armonik.Ffi.Bdn.CodecSuite.Run(Case: \"core-ffi|encode-core-hot|U-wire-UploadResultDataMessage-upload-as-wt5|corpus|retain\")" --job campaign --benchmarkId 14 in /home/user/ArmoniK.Api/ffi/poc/csharp/src/BenchDotNet/bin/Release/net8.0/BenchDotNet-campaign-1/bin/Release/net8.0
// BeforeAnythingElse

// Benchmark Process Environment Information:
// BenchmarkDotNet v0.15.8
// Runtime=.NET 8.0.31 (8.0.31, 8.0.3126.42015), X64 RyuJIT x86-64-v4
// GC=Concurrent Workstation
// HardwareIntrinsics=AVX512 IFMA+VBMI,AVX512 F+BW+CD+DQ+VL,AVX2+BMI1+BMI2+F16C+FMA+LZCNT+MOVBE,AVX,SSE3+SSSE3+SSE4.1+SSE4.2+POPCNT,X86Base+SSE+SSE2,AES+PCLMUL,AvxVnni,SERIALIZE VectorSize=256
// Job: campaign(EvaluateOverhead=False, Clock=Armonik.Ffi.Bdn.CpuClock, IterationCount=6, IterationTime=40ms, LaunchCount=1, RunStrategy=Throughput, WarmupCount=25)

OverheadJitting  1: 1 op, 191448.00 ns, 191.4480 us/op
WorkloadJitting  1: 1 op, 1995435.00 ns, 1.9954 ms/op

OverheadJitting  2: 16 op, 418914.00 ns, 26.1821 us/op
WorkloadJitting  2: 16 op, 395262.00 ns, 24.7039 us/op

WorkloadPilot    1: 16 op, 11385.00 ns, 711.5625 ns/op
WorkloadPilot    2: 56224 op, 9975191.00 ns, 177.4187 ns/op
WorkloadPilot    3: 225456 op, 40058261.00 ns, 177.6766 ns/op
WorkloadPilot    4: 225136 op, 40089607.00 ns, 178.0684 ns/op
WorkloadPilot    5: 224640 op, 42135296.00 ns, 187.5681 ns/op

WorkloadWarmup   1: 224640 op, 39760782.00 ns, 176.9978 ns/op
WorkloadWarmup   2: 224640 op, 40968417.00 ns, 182.3737 ns/op
WorkloadWarmup   3: 224640 op, 43721362.00 ns, 194.6286 ns/op
WorkloadWarmup   4: 224640 op, 16607224.00 ns, 73.9282 ns/op
WorkloadWarmup   5: 224640 op, 16446490.00 ns, 73.2127 ns/op
WorkloadWarmup   6: 224640 op, 16499837.00 ns, 73.4501 ns/op
WorkloadWarmup   7: 224640 op, 16447251.00 ns, 73.2160 ns/op
WorkloadWarmup   8: 224640 op, 16470274.00 ns, 73.3185 ns/op
WorkloadWarmup   9: 224640 op, 15806552.00 ns, 70.3639 ns/op
WorkloadWarmup  10: 224640 op, 15719015.00 ns, 69.9742 ns/op
WorkloadWarmup  11: 224640 op, 20211656.00 ns, 89.9735 ns/op
WorkloadWarmup  12: 224640 op, 20187807.00 ns, 89.8674 ns/op
WorkloadWarmup  13: 224640 op, 19515335.00 ns, 86.8738 ns/op
WorkloadWarmup  14: 224640 op, 17862906.00 ns, 79.5179 ns/op
WorkloadWarmup  15: 224640 op, 20110083.00 ns, 89.5214 ns/op
WorkloadWarmup  16: 224640 op, 20265800.00 ns, 90.2146 ns/op
WorkloadWarmup  17: 224640 op, 20121331.00 ns, 89.5715 ns/op
WorkloadWarmup  18: 224640 op, 19821283.00 ns, 88.2358 ns/op
WorkloadWarmup  19: 224640 op, 15822000.00 ns, 70.4327 ns/op
WorkloadWarmup  20: 224640 op, 15704709.00 ns, 69.9106 ns/op
WorkloadWarmup  21: 224640 op, 15845969.00 ns, 70.5394 ns/op
WorkloadWarmup  22: 224640 op, 15756618.00 ns, 70.1416 ns/op
WorkloadWarmup  23: 224640 op, 15832319.00 ns, 70.4786 ns/op
WorkloadWarmup  24: 224640 op, 17108211.00 ns, 76.1583 ns/op
WorkloadWarmup  25: 224640 op, 15717038.00 ns, 69.9654 ns/op

// BeforeActualRun
WorkloadActual   1: 224640 op, 15643609.00 ns, 69.6386 ns/op
WorkloadActual   2: 224640 op, 15730686.00 ns, 70.0262 ns/op
WorkloadActual   3: 224640 op, 15785592.00 ns, 70.2706 ns/op
WorkloadActual   4: 224640 op, 15706135.00 ns, 69.9169 ns/op
WorkloadActual   5: 224640 op, 15753411.00 ns, 70.1274 ns/op
WorkloadActual   6: 224640 op, 15647370.00 ns, 69.6553 ns/op

// AfterActualRun
WorkloadResult   1: 224640 op, 15643609.00 ns, 69.6386 ns/op
WorkloadResult   2: 224640 op, 15730686.00 ns, 70.0262 ns/op
WorkloadResult   3: 224640 op, 15785592.00 ns, 70.2706 ns/op
WorkloadResult   4: 224640 op, 15706135.00 ns, 69.9169 ns/op
WorkloadResult   5: 224640 op, 15753411.00 ns, 70.1274 ns/op
WorkloadResult   6: 224640 op, 15647370.00 ns, 69.6553 ns/op
// GC:  0 0 0 0 224640
// Threading:  0 0 224640

// AfterAll
// Benchmark Process 5119 has exited with code 0.

Mean = 69.939 ns, StdErr = 0.104 ns (0.15%), N = 6, StdDev = 0.255 ns
Min = 69.639 ns, Q1 = 69.721 ns, Median = 69.972 ns, Q3 = 70.102 ns, Max = 70.271 ns
IQR = 0.381 ns, LowerFence = 69.149 ns, UpperFence = 70.674 ns
ConfidenceInterval = [69.225 ns; 70.653 ns] (CI 99.9%), Margin = 0.714 ns (1.02% of Mean)
Skewness = -0.06, Kurtosis = 1.11, MValue = 2

// ** Remained 35 (70.0 %) benchmark(s) to run. Estimated finish 2026-10-09 23:31 (0h 1m from now) **
// **************************
// Benchmark: CodecSuite.Run: campaign(EvaluateOverhead=False, Clock=Armonik.Ffi.Bdn.CpuClock, IterationCount=6, IterationTime=40ms, LaunchCount=1, RunStrategy=Throughput, WarmupCount=25) [Case=core-(...)|drop [39]]
// *** Execute ***
// Launch: 1 / 1
// Execute: dotnet BenchDotNet-campaign-1.dll --anonymousPipes 176 177 --benchmarkName "Armonik.Ffi.Bdn.CodecSuite.Run(Case: \"core-ffi|encode-core-hot|P2.2|wide|drop\")" --job campaign --benchmarkId 15 in /home/user/ArmoniK.Api/ffi/poc/csharp/src/BenchDotNet/bin/Release/net8.0/BenchDotNet-campaign-1/bin/Release/net8.0
// BeforeAnythingElse

// Benchmark Process Environment Information:
// BenchmarkDotNet v0.15.8
// Runtime=.NET 8.0.31 (8.0.31, 8.0.3126.42015), X64 RyuJIT x86-64-v4
// GC=Concurrent Workstation
// HardwareIntrinsics=AVX512 IFMA+VBMI,AVX512 F+BW+CD+DQ+VL,AVX2+BMI1+BMI2+F16C+FMA+LZCNT+MOVBE,AVX,SSE3+SSSE3+SSE4.1+SSE4.2+POPCNT,X86Base+SSE+SSE2,AES+PCLMUL,AvxVnni,SERIALIZE VectorSize=256
// Job: campaign(EvaluateOverhead=False, Clock=Armonik.Ffi.Bdn.CpuClock, IterationCount=6, IterationTime=40ms, LaunchCount=1, RunStrategy=Throughput, WarmupCount=25)

OverheadJitting  1: 1 op, 234644.00 ns, 234.6440 us/op
WorkloadJitting  1: 1 op, 10297699.00 ns, 10.2977 ms/op

WorkloadPilot    1: 4 op, 12546820.00 ns, 3.1367 ms/op
WorkloadPilot    2: 13 op, 21707710.00 ns, 1.6698 ms/op
WorkloadPilot    3: 24 op, 32417368.00 ns, 1.3507 ms/op
WorkloadPilot    4: 30 op, 43139206.00 ns, 1.4380 ms/op
WorkloadPilot    5: 28 op, 38428911.00 ns, 1.3725 ms/op

WorkloadWarmup   1: 28 op, 29766419.00 ns, 1.0631 ms/op
WorkloadWarmup   2: 28 op, 29613695.00 ns, 1.0576 ms/op
WorkloadWarmup   3: 28 op, 29321678.00 ns, 1.0472 ms/op
WorkloadWarmup   4: 28 op, 31007877.00 ns, 1.1074 ms/op
WorkloadWarmup   5: 28 op, 30237182.00 ns, 1.0799 ms/op
WorkloadWarmup   6: 28 op, 40225108.00 ns, 1.4366 ms/op
WorkloadWarmup   7: 28 op, 29757079.00 ns, 1.0628 ms/op
WorkloadWarmup   8: 28 op, 29127539.00 ns, 1.0403 ms/op
WorkloadWarmup   9: 28 op, 32175017.00 ns, 1.1491 ms/op
WorkloadWarmup  10: 28 op, 28159691.00 ns, 1.0057 ms/op
WorkloadWarmup  11: 28 op, 27798802.00 ns, 992.8144 us/op
WorkloadWarmup  12: 28 op, 27702003.00 ns, 989.3573 us/op
WorkloadWarmup  13: 28 op, 27971182.00 ns, 998.9708 us/op
WorkloadWarmup  14: 28 op, 28216789.00 ns, 1.0077 ms/op
WorkloadWarmup  15: 28 op, 29800259.00 ns, 1.0643 ms/op
WorkloadWarmup  16: 28 op, 27790840.00 ns, 992.5300 us/op
WorkloadWarmup  17: 28 op, 28504564.00 ns, 1.0180 ms/op
WorkloadWarmup  18: 28 op, 27354006.00 ns, 976.9288 us/op
WorkloadWarmup  19: 28 op, 28412046.00 ns, 1.0147 ms/op
WorkloadWarmup  20: 28 op, 27809292.00 ns, 993.1890 us/op
WorkloadWarmup  21: 28 op, 28403674.00 ns, 1.0144 ms/op
WorkloadWarmup  22: 28 op, 32600895.00 ns, 1.1643 ms/op
WorkloadWarmup  23: 28 op, 27942946.00 ns, 997.9624 us/op
WorkloadWarmup  24: 28 op, 36177661.00 ns, 1.2921 ms/op
WorkloadWarmup  25: 28 op, 34823052.00 ns, 1.2437 ms/op

// BeforeActualRun
WorkloadActual   1: 28 op, 39607039.00 ns, 1.4145 ms/op
WorkloadActual   2: 28 op, 37911198.00 ns, 1.3540 ms/op
WorkloadActual   3: 28 op, 33489364.00 ns, 1.1960 ms/op
WorkloadActual   4: 28 op, 34481529.00 ns, 1.2315 ms/op
WorkloadActual   5: 28 op, 32929260.00 ns, 1.1760 ms/op
WorkloadActual   6: 28 op, 36744964.00 ns, 1.3123 ms/op

// AfterActualRun
WorkloadResult   1: 28 op, 39607039.00 ns, 1.4145 ms/op
WorkloadResult   2: 28 op, 37911198.00 ns, 1.3540 ms/op
WorkloadResult   3: 28 op, 33489364.00 ns, 1.1960 ms/op
WorkloadResult   4: 28 op, 34481529.00 ns, 1.2315 ms/op
WorkloadResult   5: 28 op, 32929260.00 ns, 1.1760 ms/op
WorkloadResult   6: 28 op, 36744964.00 ns, 1.3123 ms/op
// GC:  0 0 0 0 28
// Threading:  0 0 28

// AfterAll
// Benchmark Process 5128 has exited with code 0.

Mean = 1.281 ms, StdErr = 0.039 ms (3.02%), N = 6, StdDev = 0.095 ms
Min = 1.176 ms, Q1 = 1.205 ms, Median = 1.272 ms, Q3 = 1.344 ms, Max = 1.415 ms
IQR = 0.139 ms, LowerFence = 0.997 ms, UpperFence = 1.552 ms
ConfidenceInterval = [1.015 ms; 1.546 ms] (CI 99.9%), Margin = 0.266 ms (20.73% of Mean)
Skewness = 0.19, Kurtosis = 1.09, MValue = 2

// ** Remained 34 (68.0 %) benchmark(s) to run. Estimated finish 2026-10-09 23:31 (0h 1m from now) **
// **************************
// Benchmark: CodecSuite.Run: campaign(EvaluateOverhead=False, Clock=Armonik.Ffi.Bdn.CpuClock, IterationCount=6, IterationTime=40ms, LaunchCount=1, RunStrategy=Throughput, WarmupCount=25) [Case=core-(...)|drop [40]]
// *** Execute ***
// Launch: 1 / 1
// Execute: dotnet BenchDotNet-campaign-1.dll --anonymousPipes 176 177 --benchmarkName "Armonik.Ffi.Bdn.CodecSuite.Run(Case: \"core-ffi|encode-core-hot|P5.4|ascii|drop\")" --job campaign --benchmarkId 16 in /home/user/ArmoniK.Api/ffi/poc/csharp/src/BenchDotNet/bin/Release/net8.0/BenchDotNet-campaign-1/bin/Release/net8.0
// BeforeAnythingElse

// Benchmark Process Environment Information:
// BenchmarkDotNet v0.15.8
// Runtime=.NET 8.0.31 (8.0.31, 8.0.3126.42015), X64 RyuJIT x86-64-v4
// GC=Concurrent Workstation
// HardwareIntrinsics=AVX512 IFMA+VBMI,AVX512 F+BW+CD+DQ+VL,AVX2+BMI1+BMI2+F16C+FMA+LZCNT+MOVBE,AVX,SSE3+SSSE3+SSE4.1+SSE4.2+POPCNT,X86Base+SSE+SSE2,AES+PCLMUL,AvxVnni,SERIALIZE VectorSize=256
// Job: campaign(EvaluateOverhead=False, Clock=Armonik.Ffi.Bdn.CpuClock, IterationCount=6, IterationTime=40ms, LaunchCount=1, RunStrategy=Throughput, WarmupCount=25)

OverheadJitting  1: 1 op, 243549.00 ns, 243.5490 us/op
WorkloadJitting  1: 1 op, 5891237.00 ns, 5.8912 ms/op

WorkloadPilot    1: 4 op, 1376794.00 ns, 344.1985 us/op
WorkloadPilot    2: 116 op, 36565776.00 ns, 315.2222 us/op
WorkloadPilot    3: 127 op, 39317571.00 ns, 309.5872 us/op
WorkloadPilot    4: 129 op, 40134205.00 ns, 311.1179 us/op

WorkloadWarmup   1: 129 op, 49138475.00 ns, 380.9184 us/op
WorkloadWarmup   2: 129 op, 41345559.00 ns, 320.5082 us/op
WorkloadWarmup   3: 129 op, 40861340.00 ns, 316.7546 us/op
WorkloadWarmup   4: 129 op, 43640938.00 ns, 338.3018 us/op
WorkloadWarmup   5: 129 op, 41988072.00 ns, 325.4889 us/op
WorkloadWarmup   6: 129 op, 41868406.00 ns, 324.5613 us/op
WorkloadWarmup   7: 129 op, 57345524.00 ns, 444.5389 us/op
WorkloadWarmup   8: 129 op, 40574913.00 ns, 314.5342 us/op
WorkloadWarmup   9: 129 op, 39866839.00 ns, 309.0453 us/op
WorkloadWarmup  10: 129 op, 40563003.00 ns, 314.4419 us/op
WorkloadWarmup  11: 129 op, 41033250.00 ns, 318.0872 us/op
WorkloadWarmup  12: 129 op, 40135302.00 ns, 311.1264 us/op
WorkloadWarmup  13: 129 op, 43072782.00 ns, 333.8975 us/op
WorkloadWarmup  14: 129 op, 46109966.00 ns, 357.4416 us/op
WorkloadWarmup  15: 129 op, 46162336.00 ns, 357.8476 us/op
WorkloadWarmup  16: 129 op, 45645631.00 ns, 353.8421 us/op
WorkloadWarmup  17: 129 op, 45918086.00 ns, 355.9542 us/op
WorkloadWarmup  18: 129 op, 46230402.00 ns, 358.3752 us/op
WorkloadWarmup  19: 129 op, 50287938.00 ns, 389.8290 us/op
WorkloadWarmup  20: 129 op, 46446079.00 ns, 360.0471 us/op
WorkloadWarmup  21: 129 op, 47080865.00 ns, 364.9679 us/op
WorkloadWarmup  22: 129 op, 53701432.00 ns, 416.2902 us/op
WorkloadWarmup  23: 129 op, 45503838.00 ns, 352.7429 us/op
WorkloadWarmup  24: 129 op, 45110330.00 ns, 349.6925 us/op
WorkloadWarmup  25: 129 op, 45114223.00 ns, 349.7227 us/op

// BeforeActualRun
WorkloadActual   1: 129 op, 44640441.00 ns, 346.0499 us/op
WorkloadActual   2: 129 op, 42734454.00 ns, 331.2748 us/op
WorkloadActual   3: 129 op, 41985677.00 ns, 325.4704 us/op
WorkloadActual   4: 129 op, 41716275.00 ns, 323.3820 us/op
WorkloadActual   5: 129 op, 42591949.00 ns, 330.1701 us/op
WorkloadActual   6: 129 op, 41893602.00 ns, 324.7566 us/op

// AfterActualRun
WorkloadResult   1: 129 op, 42734454.00 ns, 331.2748 us/op
WorkloadResult   2: 129 op, 41985677.00 ns, 325.4704 us/op
WorkloadResult   3: 129 op, 41716275.00 ns, 323.3820 us/op
WorkloadResult   4: 129 op, 42591949.00 ns, 330.1701 us/op
WorkloadResult   5: 129 op, 41893602.00 ns, 324.7566 us/op
// GC:  0 0 0 0 129
// Threading:  0 0 129

// AfterAll
// Benchmark Process 5137 has exited with code 0.

Mean = 327.011 us, StdErr = 1.562 us (0.48%), N = 5, StdDev = 3.492 us
Min = 323.382 us, Q1 = 324.757 us, Median = 325.470 us, Q3 = 330.170 us, Max = 331.275 us
IQR = 5.414 us, LowerFence = 316.636 us, UpperFence = 338.290 us
ConfidenceInterval = [313.563 us; 340.459 us] (CI 99.9%), Margin = 13.448 us (4.11% of Mean)
Skewness = 0.22, Kurtosis = 0.85, MValue = 2

// ** Remained 33 (66.0 %) benchmark(s) to run. Estimated finish 2026-10-09 23:31 (0h 1m from now) **
// **************************
// Benchmark: CodecSuite.Run: campaign(EvaluateOverhead=False, Clock=Armonik.Ffi.Bdn.CpuClock, IterationCount=6, IterationTime=40ms, LaunchCount=1, RunStrategy=Throughput, WarmupCount=25) [Case=core-(...)|drop [40]]
// *** Execute ***
// Launch: 1 / 1
// Execute: dotnet BenchDotNet-campaign-1.dll --anonymousPipes 176 177 --benchmarkName "Armonik.Ffi.Bdn.CodecSuite.Run(Case: \"core-ffi|encode-core-hot|P2.2|ascii|drop\")" --job campaign --benchmarkId 17 in /home/user/ArmoniK.Api/ffi/poc/csharp/src/BenchDotNet/bin/Release/net8.0/BenchDotNet-campaign-1/bin/Release/net8.0
// BeforeAnythingElse

// Benchmark Process Environment Information:
// BenchmarkDotNet v0.15.8
// Runtime=.NET 8.0.31 (8.0.31, 8.0.3126.42015), X64 RyuJIT x86-64-v4
// GC=Concurrent Workstation
// HardwareIntrinsics=AVX512 IFMA+VBMI,AVX512 F+BW+CD+DQ+VL,AVX2+BMI1+BMI2+F16C+FMA+LZCNT+MOVBE,AVX,SSE3+SSSE3+SSE4.1+SSE4.2+POPCNT,X86Base+SSE+SSE2,AES+PCLMUL,AvxVnni,SERIALIZE VectorSize=256
// Job: campaign(EvaluateOverhead=False, Clock=Armonik.Ffi.Bdn.CpuClock, IterationCount=6, IterationTime=40ms, LaunchCount=1, RunStrategy=Throughput, WarmupCount=25)

OverheadJitting  1: 1 op, 238384.00 ns, 238.3840 us/op
WorkloadJitting  1: 1 op, 9205438.00 ns, 9.2054 ms/op

WorkloadPilot    1: 4 op, 9799555.00 ns, 2.4499 ms/op
WorkloadPilot    2: 16 op, 20090504.00 ns, 1.2557 ms/op
WorkloadPilot    3: 32 op, 32099982.00 ns, 1.0031 ms/op
WorkloadPilot    4: 40 op, 37443484.00 ns, 936.0871 us/op
WorkloadPilot    5: 43 op, 42835516.00 ns, 996.1748 us/op
WorkloadPilot    6: 40 op, 41070586.00 ns, 1.0268 ms/op

WorkloadWarmup   1: 40 op, 29998290.00 ns, 749.9573 us/op
WorkloadWarmup   2: 40 op, 29503996.00 ns, 737.5999 us/op
WorkloadWarmup   3: 40 op, 29489162.00 ns, 737.2291 us/op
WorkloadWarmup   4: 40 op, 29037272.00 ns, 725.9318 us/op
WorkloadWarmup   5: 40 op, 29222801.00 ns, 730.5700 us/op
WorkloadWarmup   6: 40 op, 28569183.00 ns, 714.2296 us/op
WorkloadWarmup   7: 40 op, 36107155.00 ns, 902.6789 us/op
WorkloadWarmup   8: 40 op, 36827572.00 ns, 920.6893 us/op
WorkloadWarmup   9: 40 op, 35711718.00 ns, 892.7930 us/op
WorkloadWarmup  10: 40 op, 36176087.00 ns, 904.4022 us/op
WorkloadWarmup  11: 40 op, 35203528.00 ns, 880.0882 us/op
WorkloadWarmup  12: 40 op, 35019689.00 ns, 875.4922 us/op
WorkloadWarmup  13: 40 op, 35328806.00 ns, 883.2202 us/op
WorkloadWarmup  14: 40 op, 36197515.00 ns, 904.9379 us/op
WorkloadWarmup  15: 40 op, 35497323.00 ns, 887.4331 us/op
WorkloadWarmup  16: 40 op, 36004887.00 ns, 900.1222 us/op
WorkloadWarmup  17: 40 op, 35979812.00 ns, 899.4953 us/op
WorkloadWarmup  18: 40 op, 39678582.00 ns, 991.9646 us/op
WorkloadWarmup  19: 40 op, 34927519.00 ns, 873.1880 us/op
WorkloadWarmup  20: 40 op, 36328459.00 ns, 908.2115 us/op
WorkloadWarmup  21: 40 op, 36990577.00 ns, 924.7644 us/op
WorkloadWarmup  22: 40 op, 36499761.00 ns, 912.4940 us/op
WorkloadWarmup  23: 40 op, 40674503.00 ns, 1.0169 ms/op
WorkloadWarmup  24: 40 op, 37154240.00 ns, 928.8560 us/op
WorkloadWarmup  25: 40 op, 35588465.00 ns, 889.7116 us/op

// BeforeActualRun
WorkloadActual   1: 40 op, 35581520.00 ns, 889.5380 us/op
WorkloadActual   2: 40 op, 34996436.00 ns, 874.9109 us/op
WorkloadActual   3: 40 op, 38489828.00 ns, 962.2457 us/op
WorkloadActual   4: 40 op, 35212841.00 ns, 880.3210 us/op
WorkloadActual   5: 40 op, 38321559.00 ns, 958.0390 us/op
WorkloadActual   6: 40 op, 36016730.00 ns, 900.4183 us/op

// AfterActualRun
WorkloadResult   1: 40 op, 35581520.00 ns, 889.5380 us/op
WorkloadResult   2: 40 op, 34996436.00 ns, 874.9109 us/op
WorkloadResult   3: 40 op, 38489828.00 ns, 962.2457 us/op
WorkloadResult   4: 40 op, 35212841.00 ns, 880.3210 us/op
WorkloadResult   5: 40 op, 38321559.00 ns, 958.0390 us/op
WorkloadResult   6: 40 op, 36016730.00 ns, 900.4183 us/op
// GC:  0 0 0 0 40
// Threading:  0 0 40

// AfterAll
// Benchmark Process 5150 has exited with code 0.

Mean = 910.912 us, StdErr = 15.974 us (1.75%), N = 6, StdDev = 39.128 us
Min = 874.911 us, Q1 = 882.625 us, Median = 894.978 us, Q3 = 943.634 us, Max = 962.246 us
IQR = 61.009 us, LowerFence = 791.112 us, UpperFence = 1,035.147 us
ConfidenceInterval = [801.190 us; 1,020.634 us] (CI 99.9%), Margin = 109.722 us (12.05% of Mean)
Skewness = 0.43, Kurtosis = 1.04, MValue = 2

// ** Remained 32 (64.0 %) benchmark(s) to run. Estimated finish 2026-10-09 23:31 (0h 0m from now) **
// **************************
// Benchmark: CodecSuite.Run: campaign(EvaluateOverhead=False, Clock=Armonik.Ffi.Bdn.CpuClock, IterationCount=6, IterationTime=40ms, LaunchCount=1, RunStrategy=Throughput, WarmupCount=25) [Case=core-(...)etain [42]]
// *** Execute ***
// Launch: 1 / 1
// Execute: dotnet BenchDotNet-campaign-1.dll --anonymousPipes 176 177 --benchmarkName "Armonik.Ffi.Bdn.CodecSuite.Run(Case: \"core-ffi|encode-core-hot|P1.3|ascii|retain\")" --job campaign --benchmarkId 18 in /home/user/ArmoniK.Api/ffi/poc/csharp/src/BenchDotNet/bin/Release/net8.0/BenchDotNet-campaign-1/bin/Release/net8.0
// BeforeAnythingElse

// Benchmark Process Environment Information:
// BenchmarkDotNet v0.15.8
// Runtime=.NET 8.0.31 (8.0.31, 8.0.3126.42015), X64 RyuJIT x86-64-v4
// GC=Concurrent Workstation
// HardwareIntrinsics=AVX512 IFMA+VBMI,AVX512 F+BW+CD+DQ+VL,AVX2+BMI1+BMI2+F16C+FMA+LZCNT+MOVBE,AVX,SSE3+SSSE3+SSE4.1+SSE4.2+POPCNT,X86Base+SSE+SSE2,AES+PCLMUL,AvxVnni,SERIALIZE VectorSize=256
// Job: campaign(EvaluateOverhead=False, Clock=Armonik.Ffi.Bdn.CpuClock, IterationCount=6, IterationTime=40ms, LaunchCount=1, RunStrategy=Throughput, WarmupCount=25)

OverheadJitting  1: 1 op, 306341.00 ns, 306.3410 us/op
WorkloadJitting  1: 1 op, 3832948.00 ns, 3.8329 ms/op

WorkloadPilot    1: 4 op, 127709.00 ns, 31.9273 us/op
WorkloadPilot    2: 1253 op, 28354108.00 ns, 22.6290 us/op
WorkloadPilot    3: 1768 op, 39278570.00 ns, 22.2164 us/op
WorkloadPilot    4: 1800 op, 39658157.00 ns, 22.0323 us/op
WorkloadPilot    5: 1816 op, 39691444.00 ns, 21.8565 us/op
WorkloadPilot    6: 1830 op, 30897538.00 ns, 16.8839 us/op
WorkloadPilot    7: 2369 op, 32306753.00 ns, 13.6373 us/op
WorkloadPilot    8: 2933 op, 46907265.00 ns, 15.9929 us/op
WorkloadPilot    9: 2501 op, 40222070.00 ns, 16.0824 us/op
WorkloadPilot   10: 2487 op, 38667937.00 ns, 15.5480 us/op
WorkloadPilot   11: 2573 op, 39769994.00 ns, 15.4567 us/op
WorkloadPilot   12: 2588 op, 39065174.00 ns, 15.0947 us/op
WorkloadPilot   13: 2650 op, 40058902.00 ns, 15.1166 us/op

WorkloadWarmup   1: 2650 op, 39939665.00 ns, 15.0716 us/op
WorkloadWarmup   2: 2650 op, 40862256.00 ns, 15.4197 us/op
WorkloadWarmup   3: 2650 op, 39200804.00 ns, 14.7928 us/op
WorkloadWarmup   4: 2650 op, 38406152.00 ns, 14.4929 us/op
WorkloadWarmup   5: 2650 op, 38055846.00 ns, 14.3607 us/op
WorkloadWarmup   6: 2650 op, 36735679.00 ns, 13.8625 us/op
WorkloadWarmup   7: 2650 op, 36760626.00 ns, 13.8719 us/op
WorkloadWarmup   8: 2650 op, 37102130.00 ns, 14.0008 us/op
WorkloadWarmup   9: 2650 op, 34917907.00 ns, 13.1766 us/op
WorkloadWarmup  10: 2650 op, 35198075.00 ns, 13.2823 us/op
WorkloadWarmup  11: 2650 op, 33861893.00 ns, 12.7781 us/op
WorkloadWarmup  12: 2650 op, 33576856.00 ns, 12.6705 us/op
WorkloadWarmup  13: 2650 op, 35993040.00 ns, 13.5823 us/op
WorkloadWarmup  14: 2650 op, 34445794.00 ns, 12.9984 us/op
WorkloadWarmup  15: 2650 op, 33957474.00 ns, 12.8141 us/op
WorkloadWarmup  16: 2650 op, 34186745.00 ns, 12.9007 us/op
WorkloadWarmup  17: 2650 op, 39866807.00 ns, 15.0441 us/op
WorkloadWarmup  18: 2650 op, 39948076.00 ns, 15.0747 us/op
WorkloadWarmup  19: 2650 op, 42291006.00 ns, 15.9589 us/op
WorkloadWarmup  20: 2650 op, 43797145.00 ns, 16.5272 us/op
WorkloadWarmup  21: 2650 op, 43339952.00 ns, 16.3547 us/op
WorkloadWarmup  22: 2650 op, 43470413.00 ns, 16.4039 us/op
WorkloadWarmup  23: 2650 op, 44760926.00 ns, 16.8909 us/op
WorkloadWarmup  24: 2650 op, 62421372.00 ns, 23.5552 us/op
WorkloadWarmup  25: 2650 op, 63737781.00 ns, 24.0520 us/op

// BeforeActualRun
WorkloadActual   1: 2650 op, 44843488.00 ns, 16.9221 us/op
WorkloadActual   2: 2650 op, 44167546.00 ns, 16.6670 us/op
WorkloadActual   3: 2650 op, 40046026.00 ns, 15.1117 us/op
WorkloadActual   4: 2650 op, 43608870.00 ns, 16.4562 us/op
WorkloadActual   5: 2650 op, 52614802.00 ns, 19.8546 us/op
WorkloadActual   6: 2650 op, 38220699.00 ns, 14.4229 us/op

// AfterActualRun
WorkloadResult   1: 2650 op, 44843488.00 ns, 16.9221 us/op
WorkloadResult   2: 2650 op, 44167546.00 ns, 16.6670 us/op
WorkloadResult   3: 2650 op, 40046026.00 ns, 15.1117 us/op
WorkloadResult   4: 2650 op, 43608870.00 ns, 16.4562 us/op
WorkloadResult   5: 2650 op, 38220699.00 ns, 14.4229 us/op
// GC:  0 0 0 0 2650
// Threading:  0 0 2650

// AfterAll
// Benchmark Process 5159 has exited with code 0.

Mean = 15.916 us, StdErr = 0.487 us (3.06%), N = 5, StdDev = 1.089 us
Min = 14.423 us, Q1 = 15.112 us, Median = 16.456 us, Q3 = 16.667 us, Max = 16.922 us
IQR = 1.555 us, LowerFence = 12.779 us, UpperFence = 19.000 us
ConfidenceInterval = [11.722 us; 20.110 us] (CI 99.9%), Margin = 4.194 us (26.35% of Mean)
Skewness = -0.35, Kurtosis = 0.97, MValue = 2

// ** Remained 31 (62.0 %) benchmark(s) to run. Estimated finish 2026-10-09 23:31 (0h 0m from now) **
// **************************
// Benchmark: CodecSuite.Run: campaign(EvaluateOverhead=False, Clock=Armonik.Ffi.Bdn.CpuClock, IterationCount=6, IterationTime=40ms, LaunchCount=1, RunStrategy=Throughput, WarmupCount=25) [Case=core-(...)|drop [78]]
// *** Execute ***
// Launch: 1 / 1
// Execute: dotnet BenchDotNet-campaign-1.dll --anonymousPipes 176 177 --benchmarkName "Armonik.Ffi.Bdn.CodecSuite.Run(Case: \"core-ffi|encode-core-hot|U-wire-ListMetricsResponse-batches-as-wt0|corpus|drop\")" --job campaign --benchmarkId 19 in /home/user/ArmoniK.Api/ffi/poc/csharp/src/BenchDotNet/bin/Release/net8.0/BenchDotNet-campaign-1/bin/Release/net8.0
// BeforeAnythingElse

// Benchmark Process Environment Information:
// BenchmarkDotNet v0.15.8
// Runtime=.NET 8.0.31 (8.0.31, 8.0.3126.42015), X64 RyuJIT x86-64-v4
// GC=Concurrent Workstation
// HardwareIntrinsics=AVX512 IFMA+VBMI,AVX512 F+BW+CD+DQ+VL,AVX2+BMI1+BMI2+F16C+FMA+LZCNT+MOVBE,AVX,SSE3+SSSE3+SSE4.1+SSE4.2+POPCNT,X86Base+SSE+SSE2,AES+PCLMUL,AvxVnni,SERIALIZE VectorSize=256
// Job: campaign(EvaluateOverhead=False, Clock=Armonik.Ffi.Bdn.CpuClock, IterationCount=6, IterationTime=40ms, LaunchCount=1, RunStrategy=Throughput, WarmupCount=25)

OverheadJitting  1: 1 op, 336310.00 ns, 336.3100 us/op
WorkloadJitting  1: 1 op, 7882946.00 ns, 7.8829 ms/op

WorkloadPilot    1: 4 op, 33012.00 ns, 8.2530 us/op
WorkloadPilot    2: 4847 op, 16005900.00 ns, 3.3022 us/op
WorkloadPilot    3: 12113 op, 40044993.00 ns, 3.3060 us/op
WorkloadPilot    4: 12099 op, 36774729.00 ns, 3.0395 us/op
WorkloadPilot    5: 13160 op, 38589332.00 ns, 2.9323 us/op
WorkloadPilot    6: 13641 op, 14170380.00 ns, 1.0388 us/op
WorkloadPilot    7: 38506 op, 41266212.00 ns, 1.0717 us/op
WorkloadPilot    8: 37324 op, 32736755.00 ns, 877.0966 ns/op
WorkloadPilot    9: 45605 op, 42422833.00 ns, 930.2233 ns/op

WorkloadWarmup   1: 45605 op, 40644179.00 ns, 891.2220 ns/op
WorkloadWarmup   2: 45605 op, 41046893.00 ns, 900.0525 ns/op
WorkloadWarmup   3: 45605 op, 41587414.00 ns, 911.9047 ns/op
WorkloadWarmup   4: 45605 op, 39473702.00 ns, 865.5565 ns/op
WorkloadWarmup   5: 45605 op, 51949398.00 ns, 1.1391 us/op
WorkloadWarmup   6: 45605 op, 47207847.00 ns, 1.0351 us/op
WorkloadWarmup   7: 45605 op, 47505791.00 ns, 1.0417 us/op
WorkloadWarmup   8: 45605 op, 48117509.00 ns, 1.0551 us/op
WorkloadWarmup   9: 45605 op, 48138396.00 ns, 1.0556 us/op
WorkloadWarmup  10: 45605 op, 47146033.00 ns, 1.0338 us/op
WorkloadWarmup  11: 45605 op, 42033804.00 ns, 921.6929 ns/op
WorkloadWarmup  12: 45605 op, 44533865.00 ns, 976.5128 ns/op
WorkloadWarmup  13: 45605 op, 45611084.00 ns, 1.0001 us/op
WorkloadWarmup  14: 45605 op, 45368610.00 ns, 994.8166 ns/op
WorkloadWarmup  15: 45605 op, 46792475.00 ns, 1.0260 us/op
WorkloadWarmup  16: 45605 op, 47954533.00 ns, 1.0515 us/op
WorkloadWarmup  17: 45605 op, 49492357.00 ns, 1.0852 us/op
WorkloadWarmup  18: 45605 op, 48223984.00 ns, 1.0574 us/op
WorkloadWarmup  19: 45605 op, 48097666.00 ns, 1.0547 us/op
WorkloadWarmup  20: 45605 op, 48180268.00 ns, 1.0565 us/op
WorkloadWarmup  21: 45605 op, 47544867.00 ns, 1.0425 us/op
WorkloadWarmup  22: 45605 op, 48459320.00 ns, 1.0626 us/op
WorkloadWarmup  23: 45605 op, 47560050.00 ns, 1.0429 us/op
WorkloadWarmup  24: 45605 op, 48412679.00 ns, 1.0616 us/op
WorkloadWarmup  25: 45605 op, 47648106.00 ns, 1.0448 us/op

// BeforeActualRun
WorkloadActual   1: 45605 op, 48783875.00 ns, 1.0697 us/op
WorkloadActual   2: 45605 op, 49639512.00 ns, 1.0885 us/op
WorkloadActual   3: 45605 op, 48352883.00 ns, 1.0603 us/op
WorkloadActual   4: 45605 op, 49634888.00 ns, 1.0884 us/op
WorkloadActual   5: 45605 op, 54069117.00 ns, 1.1856 us/op
WorkloadActual   6: 45605 op, 52077417.00 ns, 1.1419 us/op

// AfterActualRun
WorkloadResult   1: 45605 op, 48783875.00 ns, 1.0697 us/op
WorkloadResult   2: 45605 op, 49639512.00 ns, 1.0885 us/op
WorkloadResult   3: 45605 op, 48352883.00 ns, 1.0603 us/op
WorkloadResult   4: 45605 op, 49634888.00 ns, 1.0884 us/op
WorkloadResult   5: 45605 op, 54069117.00 ns, 1.1856 us/op
WorkloadResult   6: 45605 op, 52077417.00 ns, 1.1419 us/op
// GC:  0 0 0 0 45605
// Threading:  0 0 45605

// AfterAll
// Benchmark Process 5168 has exited with code 0.

Mean = 1.106 us, StdErr = 0.020 us (1.78%), N = 6, StdDev = 0.048 us
Min = 1.060 us, Q1 = 1.074 us, Median = 1.088 us, Q3 = 1.129 us, Max = 1.186 us
IQR = 0.054 us, LowerFence = 0.993 us, UpperFence = 1.210 us
ConfidenceInterval = [0.970 us; 1.241 us] (CI 99.9%), Margin = 0.135 us (12.24% of Mean)
Skewness = 0.6, Kurtosis = 1.49, MValue = 2

// ** Remained 30 (60.0 %) benchmark(s) to run. Estimated finish 2026-10-09 23:31 (0h 0m from now) **
// **************************
// Benchmark: CodecSuite.Run: campaign(EvaluateOverhead=False, Clock=Armonik.Ffi.Bdn.CpuClock, IterationCount=6, IterationTime=40ms, LaunchCount=1, RunStrategy=Throughput, WarmupCount=25) [Case=core-(...)|drop [54]]
// *** Execute ***
// Launch: 1 / 1
// Execute: dotnet BenchDotNet-campaign-1.dll --anonymousPipes 176 177 --benchmarkName "Armonik.Ffi.Bdn.CodecSuite.Run(Case: \"core-ffi|encode-core-hot|U-deep-u-repeated|corpus|drop\")" --job campaign --benchmarkId 20 in /home/user/ArmoniK.Api/ffi/poc/csharp/src/BenchDotNet/bin/Release/net8.0/BenchDotNet-campaign-1/bin/Release/net8.0
// BeforeAnythingElse

// Benchmark Process Environment Information:
// BenchmarkDotNet v0.15.8
// Runtime=.NET 8.0.31 (8.0.31, 8.0.3126.42015), X64 RyuJIT x86-64-v4
// GC=Concurrent Workstation
// HardwareIntrinsics=AVX512 IFMA+VBMI,AVX512 F+BW+CD+DQ+VL,AVX2+BMI1+BMI2+F16C+FMA+LZCNT+MOVBE,AVX,SSE3+SSSE3+SSE4.1+SSE4.2+POPCNT,X86Base+SSE+SSE2,AES+PCLMUL,AvxVnni,SERIALIZE VectorSize=256
// Job: campaign(EvaluateOverhead=False, Clock=Armonik.Ffi.Bdn.CpuClock, IterationCount=6, IterationTime=40ms, LaunchCount=1, RunStrategy=Throughput, WarmupCount=25)

OverheadJitting  1: 1 op, 214920.00 ns, 214.9200 us/op
WorkloadJitting  1: 1 op, 6543086.00 ns, 6.5431 ms/op

WorkloadPilot    1: 4 op, 25828.00 ns, 6.4570 us/op
WorkloadPilot    2: 6195 op, 9356750.00 ns, 1.5104 us/op
WorkloadPilot    3: 26484 op, 42077432.00 ns, 1.5888 us/op
WorkloadPilot    4: 25176 op, 38919210.00 ns, 1.5459 us/op
WorkloadPilot    5: 25875 op, 50443809.00 ns, 1.9495 us/op
WorkloadPilot    6: 20518 op, 20061182.00 ns, 977.7357 ns/op
WorkloadPilot    7: 40911 op, 32963146.00 ns, 805.7282 ns/op
WorkloadPilot    8: 49645 op, 41022319.00 ns, 826.3132 ns/op

WorkloadWarmup   1: 49645 op, 41173289.00 ns, 829.3542 ns/op
WorkloadWarmup   2: 49645 op, 42531606.00 ns, 856.7148 ns/op
WorkloadWarmup   3: 49645 op, 39635950.00 ns, 798.3876 ns/op
WorkloadWarmup   4: 49645 op, 39763347.00 ns, 800.9537 ns/op
WorkloadWarmup   5: 49645 op, 41594056.00 ns, 837.8297 ns/op
WorkloadWarmup   6: 49645 op, 39885888.00 ns, 803.4221 ns/op
WorkloadWarmup   7: 49645 op, 47313616.00 ns, 953.0389 ns/op
WorkloadWarmup   8: 49645 op, 47955736.00 ns, 965.9731 ns/op
WorkloadWarmup   9: 49645 op, 47962297.00 ns, 966.1053 ns/op
WorkloadWarmup  10: 49645 op, 48257980.00 ns, 972.0612 ns/op
WorkloadWarmup  11: 49645 op, 48165564.00 ns, 970.1997 ns/op
WorkloadWarmup  12: 49645 op, 48719390.00 ns, 981.3554 ns/op
WorkloadWarmup  13: 49645 op, 39628715.00 ns, 798.2418 ns/op
WorkloadWarmup  14: 49645 op, 39587527.00 ns, 797.4122 ns/op
WorkloadWarmup  15: 49645 op, 39667586.00 ns, 799.0248 ns/op
WorkloadWarmup  16: 49645 op, 39795554.00 ns, 801.6025 ns/op
WorkloadWarmup  17: 49645 op, 40518748.00 ns, 816.1698 ns/op
WorkloadWarmup  18: 49645 op, 39864648.00 ns, 802.9942 ns/op
WorkloadWarmup  19: 49645 op, 52710131.00 ns, 1.0617 us/op
WorkloadWarmup  20: 49645 op, 50125428.00 ns, 1.0097 us/op
WorkloadWarmup  21: 49645 op, 49458605.00 ns, 996.2454 ns/op
WorkloadWarmup  22: 49645 op, 49495185.00 ns, 996.9823 ns/op
WorkloadWarmup  23: 49645 op, 49216527.00 ns, 991.3693 ns/op
WorkloadWarmup  24: 49645 op, 45253296.00 ns, 911.5378 ns/op
WorkloadWarmup  25: 49645 op, 39662625.00 ns, 798.9249 ns/op

// BeforeActualRun
WorkloadActual   1: 49645 op, 42470031.00 ns, 855.4745 ns/op
WorkloadActual   2: 49645 op, 44368326.00 ns, 893.7119 ns/op
WorkloadActual   3: 49645 op, 40854628.00 ns, 822.9354 ns/op
WorkloadActual   4: 49645 op, 40135157.00 ns, 808.4431 ns/op
WorkloadActual   5: 49645 op, 39738087.00 ns, 800.4449 ns/op
WorkloadActual   6: 49645 op, 39673001.00 ns, 799.1339 ns/op

// AfterActualRun
WorkloadResult   1: 49645 op, 42470031.00 ns, 855.4745 ns/op
WorkloadResult   2: 49645 op, 44368326.00 ns, 893.7119 ns/op
WorkloadResult   3: 49645 op, 40854628.00 ns, 822.9354 ns/op
WorkloadResult   4: 49645 op, 40135157.00 ns, 808.4431 ns/op
WorkloadResult   5: 49645 op, 39738087.00 ns, 800.4449 ns/op
WorkloadResult   6: 49645 op, 39673001.00 ns, 799.1339 ns/op
// GC:  0 0 0 0 49645
// Threading:  0 0 49645

// AfterAll
// Benchmark Process 5177 has exited with code 0.

Mean = 830.024 ns, StdErr = 15.329 ns (1.85%), N = 6, StdDev = 37.547 ns
Min = 799.134 ns, Q1 = 802.444 ns, Median = 815.689 ns, Q3 = 847.340 ns, Max = 893.712 ns
IQR = 44.895 ns, LowerFence = 735.102 ns, UpperFence = 914.683 ns
ConfidenceInterval = [724.734 ns; 935.313 ns] (CI 99.9%), Margin = 105.290 ns (12.69% of Mean)
Skewness = 0.66, Kurtosis = 1.57, MValue = 2

// ** Remained 29 (58.0 %) benchmark(s) to run. Estimated finish 2026-10-09 23:31 (0h 0m from now) **
// **************************
// Benchmark: CodecSuite.Run: campaign(EvaluateOverhead=False, Clock=Armonik.Ffi.Bdn.CpuClock, IterationCount=6, IterationTime=40ms, LaunchCount=1, RunStrategy=Throughput, WarmupCount=25) [Case=core-(...)etain [56]]
// *** Execute ***
// Launch: 1 / 1
// Execute: dotnet BenchDotNet-campaign-1.dll --anonymousPipes 176 177 --benchmarkName "Armonik.Ffi.Bdn.CodecSuite.Run(Case: \"core-ffi|encode-core-hot|U-deep-u-repeated|corpus|retain\")" --job campaign --benchmarkId 21 in /home/user/ArmoniK.Api/ffi/poc/csharp/src/BenchDotNet/bin/Release/net8.0/BenchDotNet-campaign-1/bin/Release/net8.0
// BeforeAnythingElse

// Benchmark Process Environment Information:
// BenchmarkDotNet v0.15.8
// Runtime=.NET 8.0.31 (8.0.31, 8.0.3126.42015), X64 RyuJIT x86-64-v4
// GC=Concurrent Workstation
// HardwareIntrinsics=AVX512 IFMA+VBMI,AVX512 F+BW+CD+DQ+VL,AVX2+BMI1+BMI2+F16C+FMA+LZCNT+MOVBE,AVX,SSE3+SSSE3+SSE4.1+SSE4.2+POPCNT,X86Base+SSE+SSE2,AES+PCLMUL,AvxVnni,SERIALIZE VectorSize=256
// Job: campaign(EvaluateOverhead=False, Clock=Armonik.Ffi.Bdn.CpuClock, IterationCount=6, IterationTime=40ms, LaunchCount=1, RunStrategy=Throughput, WarmupCount=25)

OverheadJitting  1: 1 op, 256660.00 ns, 256.6600 us/op
WorkloadJitting  1: 1 op, 6437779.00 ns, 6.4378 ms/op

WorkloadPilot    1: 4 op, 26651.00 ns, 6.6628 us/op
WorkloadPilot    2: 6004 op, 10008116.00 ns, 1.6669 us/op
WorkloadPilot    3: 23997 op, 40880025.00 ns, 1.7035 us/op
WorkloadPilot    4: 23480 op, 38544915.00 ns, 1.6416 us/op
WorkloadPilot    5: 24366 op, 49107453.00 ns, 2.0154 us/op
WorkloadPilot    6: 19847 op, 35472350.00 ns, 1.7873 us/op
WorkloadPilot    7: 22380 op, 31705639.00 ns, 1.4167 us/op
WorkloadPilot    8: 28235 op, 39628678.00 ns, 1.4035 us/op
WorkloadPilot    9: 28500 op, 40490406.00 ns, 1.4207 us/op

WorkloadWarmup   1: 28500 op, 40159986.00 ns, 1.4091 us/op
WorkloadWarmup   2: 28500 op, 40033482.00 ns, 1.4047 us/op
WorkloadWarmup   3: 28500 op, 39898961.00 ns, 1.4000 us/op
WorkloadWarmup   4: 28500 op, 38955545.00 ns, 1.3669 us/op
WorkloadWarmup   5: 28500 op, 41230052.00 ns, 1.4467 us/op
WorkloadWarmup   6: 28500 op, 44197386.00 ns, 1.5508 us/op
WorkloadWarmup   7: 28500 op, 40162231.00 ns, 1.4092 us/op
WorkloadWarmup   8: 28500 op, 40286472.00 ns, 1.4136 us/op
WorkloadWarmup   9: 28500 op, 40005556.00 ns, 1.4037 us/op
WorkloadWarmup  10: 28500 op, 40266186.00 ns, 1.4128 us/op
WorkloadWarmup  11: 28500 op, 40485758.00 ns, 1.4206 us/op
WorkloadWarmup  12: 28500 op, 39681399.00 ns, 1.3923 us/op
WorkloadWarmup  13: 28500 op, 40195463.00 ns, 1.4104 us/op
WorkloadWarmup  14: 28500 op, 39384986.00 ns, 1.3819 us/op
WorkloadWarmup  15: 28500 op, 39551112.00 ns, 1.3878 us/op
WorkloadWarmup  16: 28500 op, 40336984.00 ns, 1.4153 us/op
WorkloadWarmup  17: 28500 op, 40327338.00 ns, 1.4150 us/op
WorkloadWarmup  18: 28500 op, 40178778.00 ns, 1.4098 us/op
WorkloadWarmup  19: 28500 op, 40386376.00 ns, 1.4171 us/op
WorkloadWarmup  20: 28500 op, 40445203.00 ns, 1.4191 us/op
WorkloadWarmup  21: 28500 op, 40144770.00 ns, 1.4086 us/op
WorkloadWarmup  22: 28500 op, 40135317.00 ns, 1.4083 us/op
WorkloadWarmup  23: 28500 op, 37734868.00 ns, 1.3240 us/op
WorkloadWarmup  24: 28500 op, 37727526.00 ns, 1.3238 us/op
WorkloadWarmup  25: 28500 op, 33301679.00 ns, 1.1685 us/op

// BeforeActualRun
WorkloadActual   1: 28500 op, 33300921.00 ns, 1.1685 us/op
WorkloadActual   2: 28500 op, 33290172.00 ns, 1.1681 us/op
WorkloadActual   3: 28500 op, 33193505.00 ns, 1.1647 us/op
WorkloadActual   4: 28500 op, 34953197.00 ns, 1.2264 us/op
WorkloadActual   5: 28500 op, 33572257.00 ns, 1.1780 us/op
WorkloadActual   6: 28500 op, 37804408.00 ns, 1.3265 us/op

// AfterActualRun
WorkloadResult   1: 28500 op, 33300921.00 ns, 1.1685 us/op
WorkloadResult   2: 28500 op, 33290172.00 ns, 1.1681 us/op
WorkloadResult   3: 28500 op, 33193505.00 ns, 1.1647 us/op
WorkloadResult   4: 28500 op, 34953197.00 ns, 1.2264 us/op
WorkloadResult   5: 28500 op, 33572257.00 ns, 1.1780 us/op
// GC:  0 0 0 0 28500
// Threading:  0 0 28500

// AfterAll
// Benchmark Process 5186 has exited with code 0.

Mean = 1.181 us, StdErr = 0.012 us (0.98%), N = 5, StdDev = 0.026 us
Min = 1.165 us, Q1 = 1.168 us, Median = 1.168 us, Q3 = 1.178 us, Max = 1.226 us
IQR = 0.010 us, LowerFence = 1.153 us, UpperFence = 1.193 us
ConfidenceInterval = [1.082 us; 1.280 us] (CI 99.9%), Margin = 0.099 us (8.41% of Mean)
Skewness = 0.98, Kurtosis = 1.96, MValue = 2

// ** Remained 28 (56.0 %) benchmark(s) to run. Estimated finish 2026-10-09 23:31 (0h 0m from now) **
// **************************
// Benchmark: CodecSuite.Run: campaign(EvaluateOverhead=False, Clock=Armonik.Ffi.Bdn.CpuClock, IterationCount=6, IterationTime=40ms, LaunchCount=1, RunStrategy=Throughput, WarmupCount=25) [Case=core-(...)|drop [40]]
// *** Execute ***
// Launch: 1 / 1
// Execute: dotnet BenchDotNet-campaign-1.dll --anonymousPipes 176 177 --benchmarkName "Armonik.Ffi.Bdn.CodecSuite.Run(Case: \"core-ffi|encode-core-hot|P1.3|ascii|drop\")" --job campaign --benchmarkId 22 in /home/user/ArmoniK.Api/ffi/poc/csharp/src/BenchDotNet/bin/Release/net8.0/BenchDotNet-campaign-1/bin/Release/net8.0
// BeforeAnythingElse

// Benchmark Process Environment Information:
// BenchmarkDotNet v0.15.8
// Runtime=.NET 8.0.31 (8.0.31, 8.0.3126.42015), X64 RyuJIT x86-64-v4
// GC=Concurrent Workstation
// HardwareIntrinsics=AVX512 IFMA+VBMI,AVX512 F+BW+CD+DQ+VL,AVX2+BMI1+BMI2+F16C+FMA+LZCNT+MOVBE,AVX,SSE3+SSSE3+SSE4.1+SSE4.2+POPCNT,X86Base+SSE+SSE2,AES+PCLMUL,AvxVnni,SERIALIZE VectorSize=256
// Job: campaign(EvaluateOverhead=False, Clock=Armonik.Ffi.Bdn.CpuClock, IterationCount=6, IterationTime=40ms, LaunchCount=1, RunStrategy=Throughput, WarmupCount=25)

OverheadJitting  1: 1 op, 238529.00 ns, 238.5290 us/op
WorkloadJitting  1: 1 op, 3428202.00 ns, 3.4282 ms/op

WorkloadPilot    1: 4 op, 80382.00 ns, 20.0955 us/op
WorkloadPilot    2: 1990 op, 32140950.00 ns, 16.1512 us/op
WorkloadPilot    3: 2477 op, 40725671.00 ns, 16.4415 us/op
WorkloadPilot    4: 2433 op, 39046526.00 ns, 16.0487 us/op
WorkloadPilot    5: 2492 op, 40582228.00 ns, 16.2850 us/op
WorkloadPilot    6: 2456 op, 35973847.00 ns, 14.6473 us/op
WorkloadPilot    7: 2731 op, 33388757.00 ns, 12.2258 us/op
WorkloadPilot    8: 3272 op, 40128903.00 ns, 12.2643 us/op

WorkloadWarmup   1: 3272 op, 40724226.00 ns, 12.4463 us/op
WorkloadWarmup   2: 3272 op, 40255052.00 ns, 12.3029 us/op
WorkloadWarmup   3: 3272 op, 39933936.00 ns, 12.2047 us/op
WorkloadWarmup   4: 3272 op, 39892045.00 ns, 12.1919 us/op
WorkloadWarmup   5: 3272 op, 39954359.00 ns, 12.2110 us/op
WorkloadWarmup   6: 3272 op, 39926088.00 ns, 12.2023 us/op
WorkloadWarmup   7: 3272 op, 49738298.00 ns, 15.2012 us/op
WorkloadWarmup   8: 3272 op, 48523434.00 ns, 14.8299 us/op
WorkloadWarmup   9: 3272 op, 48115285.00 ns, 14.7052 us/op
WorkloadWarmup  10: 3272 op, 50523604.00 ns, 15.4412 us/op
WorkloadWarmup  11: 3272 op, 53218792.00 ns, 16.2649 us/op
WorkloadWarmup  12: 3272 op, 50892498.00 ns, 15.5539 us/op
WorkloadWarmup  13: 3272 op, 52605123.00 ns, 16.0774 us/op
WorkloadWarmup  14: 3272 op, 49922272.00 ns, 15.2574 us/op
WorkloadWarmup  15: 3272 op, 50343098.00 ns, 15.3860 us/op
WorkloadWarmup  16: 3272 op, 48295320.00 ns, 14.7602 us/op
WorkloadWarmup  17: 3272 op, 47592185.00 ns, 14.5453 us/op
WorkloadWarmup  18: 3272 op, 48274272.00 ns, 14.7538 us/op
WorkloadWarmup  19: 3272 op, 48753377.00 ns, 14.9002 us/op
WorkloadWarmup  20: 3272 op, 48852978.00 ns, 14.9306 us/op
WorkloadWarmup  21: 3272 op, 48295899.00 ns, 14.7604 us/op
WorkloadWarmup  22: 3272 op, 48973802.00 ns, 14.9675 us/op
WorkloadWarmup  23: 3272 op, 48982500.00 ns, 14.9702 us/op
WorkloadWarmup  24: 3272 op, 49391860.00 ns, 15.0953 us/op
WorkloadWarmup  25: 3272 op, 48354827.00 ns, 14.7784 us/op

// BeforeActualRun
WorkloadActual   1: 3272 op, 46857702.00 ns, 14.3208 us/op
WorkloadActual   2: 3272 op, 46413678.00 ns, 14.1851 us/op
WorkloadActual   3: 3272 op, 47137759.00 ns, 14.4064 us/op
WorkloadActual   4: 3272 op, 46896704.00 ns, 14.3327 us/op
WorkloadActual   5: 3272 op, 48383614.00 ns, 14.7872 us/op
WorkloadActual   6: 3272 op, 49090874.00 ns, 15.0033 us/op

// AfterActualRun
WorkloadResult   1: 3272 op, 46857702.00 ns, 14.3208 us/op
WorkloadResult   2: 3272 op, 46413678.00 ns, 14.1851 us/op
WorkloadResult   3: 3272 op, 47137759.00 ns, 14.4064 us/op
WorkloadResult   4: 3272 op, 46896704.00 ns, 14.3327 us/op
WorkloadResult   5: 3272 op, 48383614.00 ns, 14.7872 us/op
WorkloadResult   6: 3272 op, 49090874.00 ns, 15.0033 us/op
// GC:  0 0 0 0 3272
// Threading:  0 0 3272

// AfterAll
// Benchmark Process 5198 has exited with code 0.

Mean = 14.506 us, StdErr = 0.130 us (0.89%), N = 6, StdDev = 0.317 us
Min = 14.185 us, Q1 = 14.324 us, Median = 14.370 us, Q3 = 14.692 us, Max = 15.003 us
IQR = 0.368 us, LowerFence = 13.772 us, UpperFence = 15.244 us
ConfidenceInterval = [13.616 us; 15.396 us] (CI 99.9%), Margin = 0.890 us (6.14% of Mean)
Skewness = 0.52, Kurtosis = 1.32, MValue = 2

// ** Remained 27 (54.0 %) benchmark(s) to run. Estimated finish 2026-10-09 23:31 (0h 0m from now) **
// **************************
// Benchmark: CodecSuite.Run: campaign(EvaluateOverhead=False, Clock=Armonik.Ffi.Bdn.CpuClock, IterationCount=6, IterationTime=40ms, LaunchCount=1, RunStrategy=Throughput, WarmupCount=25) [Case=core-(...)etain [42]]
// *** Execute ***
// Launch: 1 / 1
// Execute: dotnet BenchDotNet-campaign-1.dll --anonymousPipes 176 177 --benchmarkName "Armonik.Ffi.Bdn.CodecSuite.Run(Case: \"core-ffi|encode-core-hot|P4.1|ascii|retain\")" --job campaign --benchmarkId 23 in /home/user/ArmoniK.Api/ffi/poc/csharp/src/BenchDotNet/bin/Release/net8.0/BenchDotNet-campaign-1/bin/Release/net8.0
// BeforeAnythingElse

// Benchmark Process Environment Information:
// BenchmarkDotNet v0.15.8
// Runtime=.NET 8.0.31 (8.0.31, 8.0.3126.42015), X64 RyuJIT x86-64-v4
// GC=Concurrent Workstation
// HardwareIntrinsics=AVX512 IFMA+VBMI,AVX512 F+BW+CD+DQ+VL,AVX2+BMI1+BMI2+F16C+FMA+LZCNT+MOVBE,AVX,SSE3+SSSE3+SSE4.1+SSE4.2+POPCNT,X86Base+SSE+SSE2,AES+PCLMUL,AvxVnni,SERIALIZE VectorSize=256
// Job: campaign(EvaluateOverhead=False, Clock=Armonik.Ffi.Bdn.CpuClock, IterationCount=6, IterationTime=40ms, LaunchCount=1, RunStrategy=Throughput, WarmupCount=25)

OverheadJitting  1: 1 op, 234401.00 ns, 234.4010 us/op
WorkloadJitting  1: 1 op, 5073190.00 ns, 5.0732 ms/op

WorkloadPilot    1: 4 op, 721305.00 ns, 180.3263 us/op
WorkloadPilot    2: 222 op, 34924354.00 ns, 157.3169 us/op
WorkloadPilot    3: 254 op, 35723150.00 ns, 140.6423 us/op
WorkloadPilot    4: 284 op, 40070241.00 ns, 141.0924 us/op

WorkloadWarmup   1: 284 op, 39765190.00 ns, 140.0183 us/op
WorkloadWarmup   2: 284 op, 39992889.00 ns, 140.8200 us/op
WorkloadWarmup   3: 284 op, 47092278.00 ns, 165.8179 us/op
WorkloadWarmup   4: 284 op, 31489279.00 ns, 110.8777 us/op
WorkloadWarmup   5: 284 op, 27436026.00 ns, 96.6057 us/op
WorkloadWarmup   6: 284 op, 27602664.00 ns, 97.1925 us/op
WorkloadWarmup   7: 284 op, 23730432.00 ns, 83.5579 us/op
WorkloadWarmup   8: 284 op, 23198051.00 ns, 81.6833 us/op
WorkloadWarmup   9: 284 op, 23567075.00 ns, 82.9827 us/op
WorkloadWarmup  10: 284 op, 27374404.00 ns, 96.3887 us/op
WorkloadWarmup  11: 284 op, 27277601.00 ns, 96.0479 us/op
WorkloadWarmup  12: 284 op, 27005191.00 ns, 95.0887 us/op
WorkloadWarmup  13: 284 op, 27779757.00 ns, 97.8160 us/op
WorkloadWarmup  14: 284 op, 27574549.00 ns, 97.0935 us/op
WorkloadWarmup  15: 284 op, 28069005.00 ns, 98.8345 us/op
WorkloadWarmup  16: 284 op, 27868084.00 ns, 98.1271 us/op
WorkloadWarmup  17: 284 op, 28844642.00 ns, 101.5656 us/op
WorkloadWarmup  18: 284 op, 31765354.00 ns, 111.8498 us/op
WorkloadWarmup  19: 284 op, 30399621.00 ns, 107.0409 us/op
WorkloadWarmup  20: 284 op, 32221805.00 ns, 113.4571 us/op
WorkloadWarmup  21: 284 op, 29297773.00 ns, 103.1612 us/op
WorkloadWarmup  22: 284 op, 29368763.00 ns, 103.4111 us/op
WorkloadWarmup  23: 284 op, 32868849.00 ns, 115.7354 us/op
WorkloadWarmup  24: 284 op, 29186807.00 ns, 102.7704 us/op
WorkloadWarmup  25: 284 op, 27153569.00 ns, 95.6112 us/op

// BeforeActualRun
WorkloadActual   1: 284 op, 24263337.00 ns, 85.4343 us/op
WorkloadActual   2: 284 op, 24502196.00 ns, 86.2753 us/op
WorkloadActual   3: 284 op, 23991188.00 ns, 84.4760 us/op
WorkloadActual   4: 284 op, 24125843.00 ns, 84.9502 us/op
WorkloadActual   5: 284 op, 24169995.00 ns, 85.1056 us/op
WorkloadActual   6: 284 op, 23311185.00 ns, 82.0816 us/op

// AfterActualRun
WorkloadResult   1: 284 op, 24263337.00 ns, 85.4343 us/op
WorkloadResult   2: 284 op, 24502196.00 ns, 86.2753 us/op
WorkloadResult   3: 284 op, 23991188.00 ns, 84.4760 us/op
WorkloadResult   4: 284 op, 24125843.00 ns, 84.9502 us/op
WorkloadResult   5: 284 op, 24169995.00 ns, 85.1056 us/op
WorkloadResult   6: 284 op, 23311185.00 ns, 82.0816 us/op
// GC:  0 0 0 0 284
// Threading:  0 0 284

// AfterAll
// Benchmark Process 5207 has exited with code 0.

Mean = 84.721 us, StdErr = 0.582 us (0.69%), N = 6, StdDev = 1.425 us
Min = 82.082 us, Q1 = 84.595 us, Median = 85.028 us, Q3 = 85.352 us, Max = 86.275 us
IQR = 0.758 us, LowerFence = 83.458 us, UpperFence = 86.488 us
ConfidenceInterval = [80.725 us; 88.716 us] (CI 99.9%), Margin = 3.996 us (4.72% of Mean)
Skewness = -0.82, Kurtosis = 2.21, MValue = 2

// ** Remained 26 (52.0 %) benchmark(s) to run. Estimated finish 2026-10-09 23:31 (0h 0m from now) **
// **************************
// Benchmark: CodecSuite.Run: campaign(EvaluateOverhead=False, Clock=Armonik.Ffi.Bdn.CpuClock, IterationCount=6, IterationTime=40ms, LaunchCount=1, RunStrategy=Throughput, WarmupCount=25) [Case=core-(...)|drop [80]]
// *** Execute ***
// Launch: 1 / 1
// Execute: dotnet BenchDotNet-campaign-1.dll --anonymousPipes 176 177 --benchmarkName "Armonik.Ffi.Bdn.CodecSuite.Run(Case: \"core-ffi|encode-core-hot|U-wire-ListTaskSummaryResponse-tasks-as-wt5|corpus|drop\")" --job campaign --benchmarkId 24 in /home/user/ArmoniK.Api/ffi/poc/csharp/src/BenchDotNet/bin/Release/net8.0/BenchDotNet-campaign-1/bin/Release/net8.0
// BeforeAnythingElse

// Benchmark Process Environment Information:
// BenchmarkDotNet v0.15.8
// Runtime=.NET 8.0.31 (8.0.31, 8.0.3126.42015), X64 RyuJIT x86-64-v4
// GC=Concurrent Workstation
// HardwareIntrinsics=AVX512 IFMA+VBMI,AVX512 F+BW+CD+DQ+VL,AVX2+BMI1+BMI2+F16C+FMA+LZCNT+MOVBE,AVX,SSE3+SSSE3+SSE4.1+SSE4.2+POPCNT,X86Base+SSE+SSE2,AES+PCLMUL,AvxVnni,SERIALIZE VectorSize=256
// Job: campaign(EvaluateOverhead=False, Clock=Armonik.Ffi.Bdn.CpuClock, IterationCount=6, IterationTime=40ms, LaunchCount=1, RunStrategy=Throughput, WarmupCount=25)

OverheadJitting  1: 1 op, 281542.00 ns, 281.5420 us/op
WorkloadJitting  1: 1 op, 3993486.00 ns, 3.9935 ms/op

WorkloadPilot    1: 4 op, 19743.00 ns, 4.9358 us/op
WorkloadPilot    2: 8104 op, 12650443.00 ns, 1.5610 us/op
WorkloadPilot    3: 25624 op, 37997605.00 ns, 1.4829 us/op
WorkloadPilot    4: 26974 op, 40586616.00 ns, 1.5047 us/op
WorkloadPilot    5: 26584 op, 48758598.00 ns, 1.8341 us/op
WorkloadPilot    6: 21809 op, 19284750.00 ns, 884.2565 ns/op
WorkloadPilot    7: 45236 op, 37188969.00 ns, 822.1100 ns/op
WorkloadPilot    8: 48655 op, 39865583.00 ns, 819.3522 ns/op
WorkloadPilot    9: 48819 op, 39746282.00 ns, 814.1560 ns/op
WorkloadPilot   10: 49131 op, 40405861.00 ns, 822.4107 ns/op

WorkloadWarmup   1: 49131 op, 41576946.00 ns, 846.2467 ns/op
WorkloadWarmup   2: 49131 op, 40787915.00 ns, 830.1869 ns/op
WorkloadWarmup   3: 49131 op, 43659522.00 ns, 888.6349 ns/op
WorkloadWarmup   4: 49131 op, 38259091.00 ns, 778.7159 ns/op
WorkloadWarmup   5: 49131 op, 38202197.00 ns, 777.5579 ns/op
WorkloadWarmup   6: 49131 op, 38243071.00 ns, 778.3898 ns/op
WorkloadWarmup   7: 49131 op, 41292665.00 ns, 840.4605 ns/op
WorkloadWarmup   8: 49131 op, 45483011.00 ns, 925.7498 ns/op
WorkloadWarmup   9: 49131 op, 45970153.00 ns, 935.6649 ns/op
WorkloadWarmup  10: 49131 op, 45519816.00 ns, 926.4989 ns/op
WorkloadWarmup  11: 49131 op, 45392023.00 ns, 923.8978 ns/op
WorkloadWarmup  12: 49131 op, 45542307.00 ns, 926.9566 ns/op
WorkloadWarmup  13: 49131 op, 46770495.00 ns, 951.9549 ns/op
WorkloadWarmup  14: 49131 op, 50386690.00 ns, 1.0256 us/op
WorkloadWarmup  15: 49131 op, 50672754.00 ns, 1.0314 us/op
WorkloadWarmup  16: 49131 op, 49643348.00 ns, 1.0104 us/op
WorkloadWarmup  17: 49131 op, 48543027.00 ns, 988.0325 ns/op
WorkloadWarmup  18: 49131 op, 50207518.00 ns, 1.0219 us/op
WorkloadWarmup  19: 49131 op, 48802605.00 ns, 993.3159 ns/op
WorkloadWarmup  20: 49131 op, 49159786.00 ns, 1.0006 us/op
WorkloadWarmup  21: 49131 op, 47634024.00 ns, 969.5309 ns/op
WorkloadWarmup  22: 49131 op, 48082297.00 ns, 978.6550 ns/op
WorkloadWarmup  23: 49131 op, 46550168.00 ns, 947.4704 ns/op
WorkloadWarmup  24: 49131 op, 43061146.00 ns, 876.4557 ns/op
WorkloadWarmup  25: 49131 op, 45291452.00 ns, 921.8508 ns/op

// BeforeActualRun
WorkloadActual   1: 49131 op, 38054439.00 ns, 774.5505 ns/op
WorkloadActual   2: 49131 op, 37918336.00 ns, 771.7803 ns/op
WorkloadActual   3: 49131 op, 39379161.00 ns, 801.5135 ns/op
WorkloadActual   4: 49131 op, 38396666.00 ns, 781.5161 ns/op
WorkloadActual   5: 49131 op, 38179424.00 ns, 777.0944 ns/op
WorkloadActual   6: 49131 op, 45836621.00 ns, 932.9470 ns/op

// AfterActualRun
WorkloadResult   1: 49131 op, 38054439.00 ns, 774.5505 ns/op
WorkloadResult   2: 49131 op, 37918336.00 ns, 771.7803 ns/op
WorkloadResult   3: 49131 op, 39379161.00 ns, 801.5135 ns/op
WorkloadResult   4: 49131 op, 38396666.00 ns, 781.5161 ns/op
WorkloadResult   5: 49131 op, 38179424.00 ns, 777.0944 ns/op
// GC:  0 0 0 0 49131
// Threading:  0 0 49131

// AfterAll
// Benchmark Process 5216 has exited with code 0.

Mean = 781.291 ns, StdErr = 5.303 ns (0.68%), N = 5, StdDev = 11.859 ns
Min = 771.780 ns, Q1 = 774.550 ns, Median = 777.094 ns, Q3 = 781.516 ns, Max = 801.514 ns
IQR = 6.966 ns, LowerFence = 764.102 ns, UpperFence = 791.964 ns
ConfidenceInterval = [735.628 ns; 826.954 ns] (CI 99.9%), Margin = 45.663 ns (5.84% of Mean)
Skewness = 0.84, Kurtosis = 1.8, MValue = 2

// ** Remained 25 (50.0 %) benchmark(s) to run. Estimated finish 2026-10-09 23:31 (0h 0m from now) **
// **************************
// Benchmark: CodecSuite.Run: campaign(EvaluateOverhead=False, Clock=Armonik.Ffi.Bdn.CpuClock, IterationCount=6, IterationTime=40ms, LaunchCount=1, RunStrategy=Throughput, WarmupCount=25) [Case=core-(...)etain [41]]
// *** Execute ***
// Launch: 1 / 1
// Execute: dotnet BenchDotNet-campaign-1.dll --anonymousPipes 176 177 --benchmarkName "Armonik.Ffi.Bdn.CodecSuite.Run(Case: \"core-ffi|encode-core-hot|P2.2|wide|retain\")" --job campaign --benchmarkId 25 in /home/user/ArmoniK.Api/ffi/poc/csharp/src/BenchDotNet/bin/Release/net8.0/BenchDotNet-campaign-1/bin/Release/net8.0
// BeforeAnythingElse

// Benchmark Process Environment Information:
// BenchmarkDotNet v0.15.8
// Runtime=.NET 8.0.31 (8.0.31, 8.0.3126.42015), X64 RyuJIT x86-64-v4
// GC=Concurrent Workstation
// HardwareIntrinsics=AVX512 IFMA+VBMI,AVX512 F+BW+CD+DQ+VL,AVX2+BMI1+BMI2+F16C+FMA+LZCNT+MOVBE,AVX,SSE3+SSSE3+SSE4.1+SSE4.2+POPCNT,X86Base+SSE+SSE2,AES+PCLMUL,AvxVnni,SERIALIZE VectorSize=256
// Job: campaign(EvaluateOverhead=False, Clock=Armonik.Ffi.Bdn.CpuClock, IterationCount=6, IterationTime=40ms, LaunchCount=1, RunStrategy=Throughput, WarmupCount=25)

OverheadJitting  1: 1 op, 238706.00 ns, 238.7060 us/op
WorkloadJitting  1: 1 op, 14502033.00 ns, 14.5020 ms/op

WorkloadPilot    1: 4 op, 18731995.00 ns, 4.6830 ms/op
WorkloadPilot    2: 9 op, 19663201.00 ns, 2.1848 ms/op
WorkloadPilot    3: 18 op, 27821865.00 ns, 1.5457 ms/op
WorkloadPilot    4: 26 op, 42050730.00 ns, 1.6173 ms/op

WorkloadWarmup   1: 26 op, 48209778.00 ns, 1.8542 ms/op
WorkloadWarmup   2: 26 op, 43440945.00 ns, 1.6708 ms/op
WorkloadWarmup   3: 26 op, 46820355.00 ns, 1.8008 ms/op
WorkloadWarmup   4: 26 op, 49172695.00 ns, 1.8913 ms/op
WorkloadWarmup   5: 26 op, 43686289.00 ns, 1.6802 ms/op
WorkloadWarmup   6: 26 op, 44057493.00 ns, 1.6945 ms/op
WorkloadWarmup   7: 26 op, 41665294.00 ns, 1.6025 ms/op
WorkloadWarmup   8: 26 op, 42121072.00 ns, 1.6200 ms/op
WorkloadWarmup   9: 26 op, 39864973.00 ns, 1.5333 ms/op
WorkloadWarmup  10: 26 op, 40176713.00 ns, 1.5453 ms/op
WorkloadWarmup  11: 26 op, 40079706.00 ns, 1.5415 ms/op
WorkloadWarmup  12: 26 op, 43285960.00 ns, 1.6648 ms/op
WorkloadWarmup  13: 26 op, 39642286.00 ns, 1.5247 ms/op
WorkloadWarmup  14: 26 op, 36149861.00 ns, 1.3904 ms/op
WorkloadWarmup  15: 26 op, 37388620.00 ns, 1.4380 ms/op
WorkloadWarmup  16: 26 op, 37318322.00 ns, 1.4353 ms/op
WorkloadWarmup  17: 26 op, 36586120.00 ns, 1.4072 ms/op
WorkloadWarmup  18: 26 op, 32611462.00 ns, 1.2543 ms/op
WorkloadWarmup  19: 26 op, 31889955.00 ns, 1.2265 ms/op
WorkloadWarmup  20: 26 op, 31602018.00 ns, 1.2155 ms/op
WorkloadWarmup  21: 26 op, 31446697.00 ns, 1.2095 ms/op
WorkloadWarmup  22: 26 op, 34403115.00 ns, 1.3232 ms/op
WorkloadWarmup  23: 26 op, 33877996.00 ns, 1.3030 ms/op
WorkloadWarmup  24: 26 op, 33423210.00 ns, 1.2855 ms/op
WorkloadWarmup  25: 26 op, 32206334.00 ns, 1.2387 ms/op

// BeforeActualRun
WorkloadActual   1: 26 op, 31968820.00 ns, 1.2296 ms/op
WorkloadActual   2: 26 op, 34273586.00 ns, 1.3182 ms/op
WorkloadActual   3: 26 op, 33190746.00 ns, 1.2766 ms/op
WorkloadActual   4: 26 op, 37915816.00 ns, 1.4583 ms/op
WorkloadActual   5: 26 op, 40814273.00 ns, 1.5698 ms/op
WorkloadActual   6: 26 op, 39787410.00 ns, 1.5303 ms/op

// AfterActualRun
WorkloadResult   1: 26 op, 31968820.00 ns, 1.2296 ms/op
WorkloadResult   2: 26 op, 34273586.00 ns, 1.3182 ms/op
WorkloadResult   3: 26 op, 33190746.00 ns, 1.2766 ms/op
WorkloadResult   4: 26 op, 37915816.00 ns, 1.4583 ms/op
WorkloadResult   5: 26 op, 40814273.00 ns, 1.5698 ms/op
WorkloadResult   6: 26 op, 39787410.00 ns, 1.5303 ms/op
// GC:  0 0 0 0 26
// Threading:  0 0 26

// AfterAll
// Benchmark Process 5225 has exited with code 0.

Mean = 1.397 ms, StdErr = 0.058 ms (4.13%), N = 6, StdDev = 0.142 ms
Min = 1.230 ms, Q1 = 1.287 ms, Median = 1.388 ms, Q3 = 1.512 ms, Max = 1.570 ms
IQR = 0.225 ms, LowerFence = 0.949 ms, UpperFence = 1.850 ms
ConfidenceInterval = [1.000 ms; 1.794 ms] (CI 99.9%), Margin = 0.397 ms (28.40% of Mean)
Skewness = 0.05, Kurtosis = 0.94, MValue = 2

// ** Remained 24 (48.0 %) benchmark(s) to run. Estimated finish 2026-10-09 23:31 (0h 0m from now) **
// **************************
// Benchmark: CodecSuite.Run: campaign(EvaluateOverhead=False, Clock=Armonik.Ffi.Bdn.CpuClock, IterationCount=6, IterationTime=40ms, LaunchCount=1, RunStrategy=Throughput, WarmupCount=25) [Case=core-(...)etain [42]]
// *** Execute ***
// Launch: 1 / 1
// Execute: dotnet BenchDotNet-campaign-1.dll --anonymousPipes 176 177 --benchmarkName "Armonik.Ffi.Bdn.CodecSuite.Run(Case: \"core-ffi|encode-core-hot|P6.1|ascii|retain\")" --job campaign --benchmarkId 26 in /home/user/ArmoniK.Api/ffi/poc/csharp/src/BenchDotNet/bin/Release/net8.0/BenchDotNet-campaign-1/bin/Release/net8.0
// BeforeAnythingElse

// Benchmark Process Environment Information:
// BenchmarkDotNet v0.15.8
// Runtime=.NET 8.0.31 (8.0.31, 8.0.3126.42015), X64 RyuJIT x86-64-v4
// GC=Concurrent Workstation
// HardwareIntrinsics=AVX512 IFMA+VBMI,AVX512 F+BW+CD+DQ+VL,AVX2+BMI1+BMI2+F16C+FMA+LZCNT+MOVBE,AVX,SSE3+SSSE3+SSE4.1+SSE4.2+POPCNT,X86Base+SSE+SSE2,AES+PCLMUL,AvxVnni,SERIALIZE VectorSize=256
// Job: campaign(EvaluateOverhead=False, Clock=Armonik.Ffi.Bdn.CpuClock, IterationCount=6, IterationTime=40ms, LaunchCount=1, RunStrategy=Throughput, WarmupCount=25)

OverheadJitting  1: 1 op, 242912.00 ns, 242.9120 us/op
WorkloadJitting  1: 1 op, 7662928.00 ns, 7.6629 ms/op

WorkloadPilot    1: 4 op, 3833917.00 ns, 958.4793 us/op
WorkloadPilot    2: 42 op, 5490490.00 ns, 130.7260 us/op
WorkloadPilot    3: 306 op, 38135753.00 ns, 124.6266 us/op
WorkloadPilot    4: 321 op, 39480893.00 ns, 122.9934 us/op
WorkloadPilot    5: 325 op, 40045633.00 ns, 123.2173 us/op

WorkloadWarmup   1: 325 op, 39066171.00 ns, 120.2036 us/op
WorkloadWarmup   2: 325 op, 38550668.00 ns, 118.6174 us/op
WorkloadWarmup   3: 325 op, 39891227.00 ns, 122.7422 us/op
WorkloadWarmup   4: 325 op, 45222674.00 ns, 139.1467 us/op
WorkloadWarmup   5: 325 op, 37750893.00 ns, 116.1566 us/op
WorkloadWarmup   6: 325 op, 39255742.00 ns, 120.7869 us/op
WorkloadWarmup   7: 325 op, 36772966.00 ns, 113.1476 us/op
WorkloadWarmup   8: 325 op, 37472296.00 ns, 115.2994 us/op
WorkloadWarmup   9: 325 op, 35982747.00 ns, 110.7161 us/op
WorkloadWarmup  10: 325 op, 36464912.00 ns, 112.1997 us/op
WorkloadWarmup  11: 325 op, 35576869.00 ns, 109.4673 us/op
WorkloadWarmup  12: 325 op, 27788818.00 ns, 85.5041 us/op
WorkloadWarmup  13: 325 op, 35599701.00 ns, 109.5375 us/op
WorkloadWarmup  14: 325 op, 35206794.00 ns, 108.3286 us/op
WorkloadWarmup  15: 325 op, 36339116.00 ns, 111.8127 us/op
WorkloadWarmup  16: 325 op, 37529147.00 ns, 115.4743 us/op
WorkloadWarmup  17: 325 op, 34669844.00 ns, 106.6764 us/op
WorkloadWarmup  18: 325 op, 34056632.00 ns, 104.7896 us/op
WorkloadWarmup  19: 325 op, 34367558.00 ns, 105.7463 us/op
WorkloadWarmup  20: 325 op, 34726509.00 ns, 106.8508 us/op
WorkloadWarmup  21: 325 op, 33570903.00 ns, 103.2951 us/op
WorkloadWarmup  22: 325 op, 34692380.00 ns, 106.7458 us/op
WorkloadWarmup  23: 325 op, 35589497.00 ns, 109.5061 us/op
WorkloadWarmup  24: 325 op, 35531043.00 ns, 109.3263 us/op
WorkloadWarmup  25: 325 op, 34719160.00 ns, 106.8282 us/op

// BeforeActualRun
WorkloadActual   1: 325 op, 37226929.00 ns, 114.5444 us/op
WorkloadActual   2: 325 op, 35859423.00 ns, 110.3367 us/op
WorkloadActual   3: 325 op, 33991243.00 ns, 104.5884 us/op
WorkloadActual   4: 325 op, 33961473.00 ns, 104.4968 us/op
WorkloadActual   5: 325 op, 39301288.00 ns, 120.9270 us/op
WorkloadActual   6: 325 op, 35299334.00 ns, 108.6133 us/op

// AfterActualRun
WorkloadResult   1: 325 op, 37226929.00 ns, 114.5444 us/op
WorkloadResult   2: 325 op, 35859423.00 ns, 110.3367 us/op
WorkloadResult   3: 325 op, 33991243.00 ns, 104.5884 us/op
WorkloadResult   4: 325 op, 33961473.00 ns, 104.4968 us/op
WorkloadResult   5: 325 op, 39301288.00 ns, 120.9270 us/op
WorkloadResult   6: 325 op, 35299334.00 ns, 108.6133 us/op
// GC:  0 0 0 0 325
// Threading:  0 0 325

// AfterAll
// Benchmark Process 5234 has exited with code 0.

Mean = 110.584 us, StdErr = 2.579 us (2.33%), N = 6, StdDev = 6.318 us
Min = 104.497 us, Q1 = 105.595 us, Median = 109.475 us, Q3 = 113.492 us, Max = 120.927 us
IQR = 7.898 us, LowerFence = 93.748 us, UpperFence = 125.339 us
ConfidenceInterval = [92.867 us; 128.302 us] (CI 99.9%), Margin = 17.718 us (16.02% of Mean)
Skewness = 0.48, Kurtosis = 1.5, MValue = 2

// ** Remained 23 (46.0 %) benchmark(s) to run. Estimated finish 2026-10-09 23:31 (0h 0m from now) **
// **************************
// Benchmark: CodecSuite.Run: campaign(EvaluateOverhead=False, Clock=Armonik.Ffi.Bdn.CpuClock, IterationCount=6, IterationTime=40ms, LaunchCount=1, RunStrategy=Throughput, WarmupCount=25) [Case=core-(...)|drop [68]]
// *** Execute ***
// Launch: 1 / 1
// Execute: dotnet BenchDotNet-campaign-1.dll --anonymousPipes 176 177 --benchmarkName "Armonik.Ffi.Bdn.CodecSuite.Run(Case: \"core-ffi|encode-core-hot|U-wire-DualResponse-left-as-wt5|corpus|drop\")" --job campaign --benchmarkId 27 in /home/user/ArmoniK.Api/ffi/poc/csharp/src/BenchDotNet/bin/Release/net8.0/BenchDotNet-campaign-1/bin/Release/net8.0
// BeforeAnythingElse

// Benchmark Process Environment Information:
// BenchmarkDotNet v0.15.8
// Runtime=.NET 8.0.31 (8.0.31, 8.0.3126.42015), X64 RyuJIT x86-64-v4
// GC=Concurrent Workstation
// HardwareIntrinsics=AVX512 IFMA+VBMI,AVX512 F+BW+CD+DQ+VL,AVX2+BMI1+BMI2+F16C+FMA+LZCNT+MOVBE,AVX,SSE3+SSSE3+SSE4.1+SSE4.2+POPCNT,X86Base+SSE+SSE2,AES+PCLMUL,AvxVnni,SERIALIZE VectorSize=256
// Job: campaign(EvaluateOverhead=False, Clock=Armonik.Ffi.Bdn.CpuClock, IterationCount=6, IterationTime=40ms, LaunchCount=1, RunStrategy=Throughput, WarmupCount=25)

OverheadJitting  1: 1 op, 242652.00 ns, 242.6520 us/op
WorkloadJitting  1: 1 op, 4129118.00 ns, 4.1291 ms/op

WorkloadPilot    1: 4 op, 13959.00 ns, 3.4898 us/op
WorkloadPilot    2: 11462 op, 4782646.00 ns, 417.2610 ns/op
WorkloadPilot    3: 95863 op, 35596605.00 ns, 371.3279 ns/op
WorkloadPilot    4: 107722 op, 38707757.00 ns, 359.3301 ns/op
WorkloadPilot    5: 111318 op, 39779679.00 ns, 357.3517 ns/op
WorkloadPilot    6: 111935 op, 38339803.00 ns, 342.5185 ns/op
WorkloadPilot    7: 116782 op, 22613849.00 ns, 193.6416 ns/op
WorkloadPilot    8: 206567 op, 39980968.00 ns, 193.5496 ns/op
WorkloadPilot    9: 206665 op, 39849419.00 ns, 192.8213 ns/op
WorkloadPilot   10: 207446 op, 41687993.00 ns, 200.9583 ns/op
WorkloadPilot   11: 199046 op, 36231020.00 ns, 182.0234 ns/op
WorkloadPilot   12: 219752 op, 44975445.00 ns, 204.6646 ns/op
WorkloadPilot   13: 195442 op, 34542572.00 ns, 176.7408 ns/op
WorkloadPilot   14: 226320 op, 32789165.00 ns, 144.8797 ns/op
WorkloadPilot   15: 276091 op, 39071937.00 ns, 141.5183 ns/op
WorkloadPilot   16: 282649 op, 42652176.00 ns, 150.9016 ns/op

WorkloadWarmup   1: 282649 op, 42955211.00 ns, 151.9737 ns/op
WorkloadWarmup   2: 282649 op, 41578329.00 ns, 147.1023 ns/op
WorkloadWarmup   3: 282649 op, 42277916.00 ns, 149.5774 ns/op
WorkloadWarmup   4: 282649 op, 41876049.00 ns, 148.1557 ns/op
WorkloadWarmup   5: 282649 op, 42342756.00 ns, 149.8068 ns/op
WorkloadWarmup   6: 282649 op, 42235445.00 ns, 149.4272 ns/op
WorkloadWarmup   7: 282649 op, 42050979.00 ns, 148.7746 ns/op
WorkloadWarmup   8: 282649 op, 42500908.00 ns, 150.3664 ns/op
WorkloadWarmup   9: 282649 op, 41357081.00 ns, 146.3196 ns/op
WorkloadWarmup  10: 282649 op, 50023920.00 ns, 176.9825 ns/op
WorkloadWarmup  11: 282649 op, 51607268.00 ns, 182.5843 ns/op
WorkloadWarmup  12: 282649 op, 52383891.00 ns, 185.3320 ns/op
WorkloadWarmup  13: 282649 op, 51439164.00 ns, 181.9895 ns/op
WorkloadWarmup  14: 282649 op, 57172675.00 ns, 202.2745 ns/op
WorkloadWarmup  15: 282649 op, 50035281.00 ns, 177.0227 ns/op
WorkloadWarmup  16: 282649 op, 49717843.00 ns, 175.8996 ns/op
WorkloadWarmup  17: 282649 op, 51036793.00 ns, 180.5660 ns/op
WorkloadWarmup  18: 282649 op, 51273764.00 ns, 181.4044 ns/op
WorkloadWarmup  19: 282649 op, 48387515.00 ns, 171.1929 ns/op
WorkloadWarmup  20: 282649 op, 47913203.00 ns, 169.5149 ns/op
WorkloadWarmup  21: 282649 op, 49771913.00 ns, 176.0909 ns/op
WorkloadWarmup  22: 282649 op, 47619413.00 ns, 168.4754 ns/op
WorkloadWarmup  23: 282649 op, 48261596.00 ns, 170.7475 ns/op
WorkloadWarmup  24: 282649 op, 50502092.00 ns, 178.6742 ns/op
WorkloadWarmup  25: 282649 op, 50672695.00 ns, 179.2778 ns/op

// BeforeActualRun
WorkloadActual   1: 282649 op, 51270921.00 ns, 181.3943 ns/op
WorkloadActual   2: 282649 op, 52826672.00 ns, 186.8985 ns/op
WorkloadActual   3: 282649 op, 50342626.00 ns, 178.1100 ns/op
WorkloadActual   4: 282649 op, 50278753.00 ns, 177.8841 ns/op
WorkloadActual   5: 282649 op, 49755445.00 ns, 176.0326 ns/op
WorkloadActual   6: 282649 op, 49751447.00 ns, 176.0185 ns/op

// AfterActualRun
WorkloadResult   1: 282649 op, 51270921.00 ns, 181.3943 ns/op
WorkloadResult   2: 282649 op, 50342626.00 ns, 178.1100 ns/op
WorkloadResult   3: 282649 op, 50278753.00 ns, 177.8841 ns/op
WorkloadResult   4: 282649 op, 49755445.00 ns, 176.0326 ns/op
WorkloadResult   5: 282649 op, 49751447.00 ns, 176.0185 ns/op
// GC:  0 0 0 0 282649
// Threading:  0 0 282649

// AfterAll
// Benchmark Process 5244 has exited with code 0.

Mean = 177.888 ns, StdErr = 0.982 ns (0.55%), N = 5, StdDev = 2.196 ns
Min = 176.018 ns, Q1 = 176.033 ns, Median = 177.884 ns, Q3 = 178.110 ns, Max = 181.394 ns
IQR = 2.077 ns, LowerFence = 172.916 ns, UpperFence = 181.226 ns
ConfidenceInterval = [169.434 ns; 186.342 ns] (CI 99.9%), Margin = 8.454 ns (4.75% of Mean)
Skewness = 0.57, Kurtosis = 1.51, MValue = 2

// ** Remained 22 (44.0 %) benchmark(s) to run. Estimated finish 2026-10-09 23:31 (0h 0m from now) **
// **************************
// Benchmark: CodecSuite.Run: campaign(EvaluateOverhead=False, Clock=Armonik.Ffi.Bdn.CpuClock, IterationCount=6, IterationTime=40ms, LaunchCount=1, RunStrategy=Throughput, WarmupCount=25) [Case=core-(...)|drop [55]]
// *** Execute ***
// Launch: 1 / 1
// Execute: dotnet BenchDotNet-campaign-1.dll --anonymousPipes 176 177 --benchmarkName "Armonik.Ffi.Bdn.CodecSuite.Run(Case: \"core-ffi|encode-core-hot|U-oneof-u-repeated|corpus|drop\")" --job campaign --benchmarkId 28 in /home/user/ArmoniK.Api/ffi/poc/csharp/src/BenchDotNet/bin/Release/net8.0/BenchDotNet-campaign-1/bin/Release/net8.0
// BeforeAnythingElse

// Benchmark Process Environment Information:
// BenchmarkDotNet v0.15.8
// Runtime=.NET 8.0.31 (8.0.31, 8.0.3126.42015), X64 RyuJIT x86-64-v4
// GC=Concurrent Workstation
// HardwareIntrinsics=AVX512 IFMA+VBMI,AVX512 F+BW+CD+DQ+VL,AVX2+BMI1+BMI2+F16C+FMA+LZCNT+MOVBE,AVX,SSE3+SSSE3+SSE4.1+SSE4.2+POPCNT,X86Base+SSE+SSE2,AES+PCLMUL,AvxVnni,SERIALIZE VectorSize=256
// Job: campaign(EvaluateOverhead=False, Clock=Armonik.Ffi.Bdn.CpuClock, IterationCount=6, IterationTime=40ms, LaunchCount=1, RunStrategy=Throughput, WarmupCount=25)

OverheadJitting  1: 1 op, 294534.00 ns, 294.5340 us/op
WorkloadJitting  1: 1 op, 3686081.00 ns, 3.6861 ms/op

WorkloadPilot    1: 4 op, 16100.00 ns, 4.0250 us/op
WorkloadPilot    2: 9938 op, 2567788.00 ns, 258.3808 ns/op
WorkloadPilot    3: 154810 op, 37451084.00 ns, 241.9164 ns/op
WorkloadPilot    4: 165346 op, 37711741.00 ns, 228.0777 ns/op
WorkloadPilot    5: 175379 op, 45880474.00 ns, 261.6076 ns/op
WorkloadPilot    6: 152901 op, 22597221.00 ns, 147.7899 ns/op
WorkloadPilot    7: 270655 op, 28005082.00 ns, 103.4715 ns/op
WorkloadPilot    8: 386580 op, 37375369.00 ns, 96.6821 ns/op
WorkloadPilot    9: 413727 op, 36858185.00 ns, 89.0882 ns/op
WorkloadPilot   10: 448993 op, 45483200.00 ns, 101.3005 ns/op
WorkloadPilot   11: 394865 op, 32442357.00 ns, 82.1606 ns/op
WorkloadPilot   12: 486851 op, 41344167.00 ns, 84.9216 ns/op

WorkloadWarmup   1: 486851 op, 41431019.00 ns, 85.1000 ns/op
WorkloadWarmup   2: 486851 op, 42641433.00 ns, 87.5862 ns/op
WorkloadWarmup   3: 486851 op, 42088669.00 ns, 86.4508 ns/op
WorkloadWarmup   4: 486851 op, 43767716.00 ns, 89.8996 ns/op
WorkloadWarmup   5: 486851 op, 44712920.00 ns, 91.8411 ns/op
WorkloadWarmup   6: 486851 op, 40129537.00 ns, 82.4267 ns/op
WorkloadWarmup   7: 486851 op, 48294297.00 ns, 99.1973 ns/op
WorkloadWarmup   8: 486851 op, 43474194.00 ns, 89.2967 ns/op
WorkloadWarmup   9: 486851 op, 43528044.00 ns, 89.4073 ns/op
WorkloadWarmup  10: 486851 op, 40186683.00 ns, 82.5441 ns/op
WorkloadWarmup  11: 486851 op, 39420289.00 ns, 80.9699 ns/op
WorkloadWarmup  12: 486851 op, 39286358.00 ns, 80.6948 ns/op
WorkloadWarmup  13: 486851 op, 39425374.00 ns, 80.9804 ns/op
WorkloadWarmup  14: 486851 op, 40227492.00 ns, 82.6279 ns/op
WorkloadWarmup  15: 486851 op, 39341719.00 ns, 80.8085 ns/op
WorkloadWarmup  16: 486851 op, 40784079.00 ns, 83.7712 ns/op
WorkloadWarmup  17: 486851 op, 40369070.00 ns, 82.9187 ns/op
WorkloadWarmup  18: 486851 op, 39540044.00 ns, 81.2159 ns/op
WorkloadWarmup  19: 486851 op, 39326065.00 ns, 80.7764 ns/op
WorkloadWarmup  20: 486851 op, 42891937.00 ns, 88.1007 ns/op
WorkloadWarmup  21: 486851 op, 44621535.00 ns, 91.6534 ns/op
WorkloadWarmup  22: 486851 op, 42004843.00 ns, 86.2786 ns/op
WorkloadWarmup  23: 486851 op, 44129150.00 ns, 90.6420 ns/op
WorkloadWarmup  24: 486851 op, 41964965.00 ns, 86.1967 ns/op
WorkloadWarmup  25: 486851 op, 42025151.00 ns, 86.3204 ns/op

// BeforeActualRun
WorkloadActual   1: 486851 op, 49191023.00 ns, 101.0392 ns/op
WorkloadActual   2: 486851 op, 50895977.00 ns, 104.5412 ns/op
WorkloadActual   3: 486851 op, 49956532.00 ns, 102.6115 ns/op
WorkloadActual   4: 486851 op, 49047391.00 ns, 100.7442 ns/op
WorkloadActual   5: 486851 op, 49361329.00 ns, 101.3890 ns/op
WorkloadActual   6: 486851 op, 47892248.00 ns, 98.3715 ns/op

// AfterActualRun
WorkloadResult   1: 486851 op, 49191023.00 ns, 101.0392 ns/op
WorkloadResult   2: 486851 op, 49956532.00 ns, 102.6115 ns/op
WorkloadResult   3: 486851 op, 49047391.00 ns, 100.7442 ns/op
WorkloadResult   4: 486851 op, 49361329.00 ns, 101.3890 ns/op
WorkloadResult   5: 486851 op, 47892248.00 ns, 98.3715 ns/op
// GC:  0 0 0 0 486851
// Threading:  0 0 486851

// AfterAll
// Benchmark Process 5253 has exited with code 0.

Mean = 100.831 ns, StdErr = 0.692 ns (0.69%), N = 5, StdDev = 1.548 ns
Min = 98.371 ns, Q1 = 100.744 ns, Median = 101.039 ns, Q3 = 101.389 ns, Max = 102.612 ns
IQR = 0.645 ns, LowerFence = 99.777 ns, UpperFence = 102.356 ns
ConfidenceInterval = [94.871 ns; 106.791 ns] (CI 99.9%), Margin = 5.960 ns (5.91% of Mean)
Skewness = -0.49, Kurtosis = 1.63, MValue = 2

// ** Remained 21 (42.0 %) benchmark(s) to run. Estimated finish 2026-10-09 23:31 (0h 0m from now) **
// **************************
// Benchmark: CodecSuite.Run: campaign(EvaluateOverhead=False, Clock=Armonik.Ffi.Bdn.CpuClock, IterationCount=6, IterationTime=40ms, LaunchCount=1, RunStrategy=Throughput, WarmupCount=25) [Case=core-(...)etain [42]]
// *** Execute ***
// Launch: 1 / 1
// Execute: dotnet BenchDotNet-campaign-1.dll --anonymousPipes 176 177 --benchmarkName "Armonik.Ffi.Bdn.CodecSuite.Run(Case: \"core-ffi|encode-core-hot|P5.2|ascii|retain\")" --job campaign --benchmarkId 29 in /home/user/ArmoniK.Api/ffi/poc/csharp/src/BenchDotNet/bin/Release/net8.0/BenchDotNet-campaign-1/bin/Release/net8.0
// BeforeAnythingElse

// Benchmark Process Environment Information:
// BenchmarkDotNet v0.15.8
// Runtime=.NET 8.0.31 (8.0.31, 8.0.3126.42015), X64 RyuJIT x86-64-v4
// GC=Concurrent Workstation
// HardwareIntrinsics=AVX512 IFMA+VBMI,AVX512 F+BW+CD+DQ+VL,AVX2+BMI1+BMI2+F16C+FMA+LZCNT+MOVBE,AVX,SSE3+SSSE3+SSE4.1+SSE4.2+POPCNT,X86Base+SSE+SSE2,AES+PCLMUL,AvxVnni,SERIALIZE VectorSize=256
// Job: campaign(EvaluateOverhead=False, Clock=Armonik.Ffi.Bdn.CpuClock, IterationCount=6, IterationTime=40ms, LaunchCount=1, RunStrategy=Throughput, WarmupCount=25)

OverheadJitting  1: 1 op, 285003.00 ns, 285.0030 us/op
WorkloadJitting  1: 1 op, 3069931.00 ns, 3.0699 ms/op

WorkloadPilot    1: 4 op, 20829.00 ns, 5.2073 us/op
WorkloadPilot    2: 7682 op, 13269772.00 ns, 1.7274 us/op
WorkloadPilot    3: 23156 op, 40861851.00 ns, 1.7646 us/op
WorkloadPilot    4: 22668 op, 40000444.00 ns, 1.7646 us/op

WorkloadWarmup   1: 22668 op, 40201814.00 ns, 1.7735 us/op
WorkloadWarmup   2: 22668 op, 39924770.00 ns, 1.7613 us/op
WorkloadWarmup   3: 22668 op, 40685358.00 ns, 1.7948 us/op
WorkloadWarmup   4: 22668 op, 38459605.00 ns, 1.6966 us/op
WorkloadWarmup   5: 22668 op, 40906829.00 ns, 1.8046 us/op
WorkloadWarmup   6: 22668 op, 40641386.00 ns, 1.7929 us/op
WorkloadWarmup   7: 22668 op, 37992102.00 ns, 1.6760 us/op
WorkloadWarmup   8: 22668 op, 37379973.00 ns, 1.6490 us/op
WorkloadWarmup   9: 22668 op, 43109361.00 ns, 1.9018 us/op
WorkloadWarmup  10: 22668 op, 38110701.00 ns, 1.6813 us/op
WorkloadWarmup  11: 22668 op, 36983729.00 ns, 1.6315 us/op
WorkloadWarmup  12: 22668 op, 36503193.00 ns, 1.6103 us/op
WorkloadWarmup  13: 22668 op, 36750482.00 ns, 1.6212 us/op
WorkloadWarmup  14: 22668 op, 37072328.00 ns, 1.6354 us/op
WorkloadWarmup  15: 22668 op, 36939489.00 ns, 1.6296 us/op
WorkloadWarmup  16: 22668 op, 37047968.00 ns, 1.6344 us/op
WorkloadWarmup  17: 22668 op, 36439835.00 ns, 1.6075 us/op
WorkloadWarmup  18: 22668 op, 36334390.00 ns, 1.6029 us/op
WorkloadWarmup  19: 22668 op, 36990419.00 ns, 1.6318 us/op
WorkloadWarmup  20: 22668 op, 37147257.00 ns, 1.6388 us/op
WorkloadWarmup  21: 22668 op, 37843507.00 ns, 1.6695 us/op
WorkloadWarmup  22: 22668 op, 36838956.00 ns, 1.6252 us/op
WorkloadWarmup  23: 22668 op, 37449737.00 ns, 1.6521 us/op
WorkloadWarmup  24: 22668 op, 38940899.00 ns, 1.7179 us/op
WorkloadWarmup  25: 22668 op, 37092114.00 ns, 1.6363 us/op

// BeforeActualRun
WorkloadActual   1: 22668 op, 37136612.00 ns, 1.6383 us/op
WorkloadActual   2: 22668 op, 36910168.00 ns, 1.6283 us/op
WorkloadActual   3: 22668 op, 37180859.00 ns, 1.6402 us/op
WorkloadActual   4: 22668 op, 39380205.00 ns, 1.7373 us/op
WorkloadActual   5: 22668 op, 40922094.00 ns, 1.8053 us/op
WorkloadActual   6: 22668 op, 37733962.00 ns, 1.6646 us/op

// AfterActualRun
WorkloadResult   1: 22668 op, 37136612.00 ns, 1.6383 us/op
WorkloadResult   2: 22668 op, 36910168.00 ns, 1.6283 us/op
WorkloadResult   3: 22668 op, 37180859.00 ns, 1.6402 us/op
WorkloadResult   4: 22668 op, 39380205.00 ns, 1.7373 us/op
WorkloadResult   5: 22668 op, 40922094.00 ns, 1.8053 us/op
WorkloadResult   6: 22668 op, 37733962.00 ns, 1.6646 us/op
// GC:  0 0 0 0 22668
// Threading:  0 0 22668

// AfterAll
// Benchmark Process 5263 has exited with code 0.

Mean = 1.686 us, StdErr = 0.029 us (1.71%), N = 6, StdDev = 0.071 us
Min = 1.628 us, Q1 = 1.639 us, Median = 1.652 us, Q3 = 1.719 us, Max = 1.805 us
IQR = 0.080 us, LowerFence = 1.518 us, UpperFence = 1.840 us
ConfidenceInterval = [1.487 us; 1.884 us] (CI 99.9%), Margin = 0.198 us (11.77% of Mean)
Skewness = 0.68, Kurtosis = 1.55, MValue = 2

// ** Remained 20 (40.0 %) benchmark(s) to run. Estimated finish 2026-10-09 23:31 (0h 0m from now) **
// **************************
// Benchmark: CodecSuite.Run: campaign(EvaluateOverhead=False, Clock=Armonik.Ffi.Bdn.CpuClock, IterationCount=6, IterationTime=40ms, LaunchCount=1, RunStrategy=Throughput, WarmupCount=25) [Case=core-(...)etain [42]]
// *** Execute ***
// Launch: 1 / 1
// Execute: dotnet BenchDotNet-campaign-1.dll --anonymousPipes 176 177 --benchmarkName "Armonik.Ffi.Bdn.CodecSuite.Run(Case: \"core-ffi|encode-core-hot|P5.1|ascii|retain\")" --job campaign --benchmarkId 30 in /home/user/ArmoniK.Api/ffi/poc/csharp/src/BenchDotNet/bin/Release/net8.0/BenchDotNet-campaign-1/bin/Release/net8.0
// BeforeAnythingElse

// Benchmark Process Environment Information:
// BenchmarkDotNet v0.15.8
// Runtime=.NET 8.0.31 (8.0.31, 8.0.3126.42015), X64 RyuJIT x86-64-v4
// GC=Concurrent Workstation
// HardwareIntrinsics=AVX512 IFMA+VBMI,AVX512 F+BW+CD+DQ+VL,AVX2+BMI1+BMI2+F16C+FMA+LZCNT+MOVBE,AVX,SSE3+SSSE3+SSE4.1+SSE4.2+POPCNT,X86Base+SSE+SSE2,AES+PCLMUL,AvxVnni,SERIALIZE VectorSize=256
// Job: campaign(EvaluateOverhead=False, Clock=Armonik.Ffi.Bdn.CpuClock, IterationCount=6, IterationTime=40ms, LaunchCount=1, RunStrategy=Throughput, WarmupCount=25)

OverheadJitting  1: 1 op, 225182.00 ns, 225.1820 us/op
WorkloadJitting  1: 1 op, 2619794.00 ns, 2.6198 ms/op

OverheadJitting  2: 16 op, 360393.00 ns, 22.5246 us/op
WorkloadJitting  2: 16 op, 366718.00 ns, 22.9199 us/op

WorkloadPilot    1: 16 op, 10867.00 ns, 679.1875 ns/op
WorkloadPilot    2: 58896 op, 9843800.00 ns, 167.1387 ns/op
WorkloadPilot    3: 239328 op, 41503049.00 ns, 173.4149 ns/op
WorkloadPilot    4: 230672 op, 37216357.00 ns, 161.3389 ns/op
WorkloadPilot    5: 247936 op, 45820904.00 ns, 184.8094 ns/op
WorkloadPilot    6: 216448 op, 41451912.00 ns, 191.5098 ns/op

WorkloadWarmup   1: 216448 op, 54459941.00 ns, 251.6075 ns/op
WorkloadWarmup   2: 216448 op, 53768529.00 ns, 248.4131 ns/op
WorkloadWarmup   3: 216448 op, 55923366.00 ns, 258.3686 ns/op
WorkloadWarmup   4: 216448 op, 53337615.00 ns, 246.4223 ns/op
WorkloadWarmup   5: 216448 op, 23111948.00 ns, 106.7783 ns/op
WorkloadWarmup   6: 216448 op, 20704667.00 ns, 95.6565 ns/op
WorkloadWarmup   7: 216448 op, 14891959.00 ns, 68.8016 ns/op
WorkloadWarmup   8: 216448 op, 17362211.00 ns, 80.2142 ns/op
WorkloadWarmup   9: 216448 op, 17680988.00 ns, 81.6870 ns/op
WorkloadWarmup  10: 216448 op, 17623509.00 ns, 81.4214 ns/op
WorkloadWarmup  11: 216448 op, 17771186.00 ns, 82.1037 ns/op
WorkloadWarmup  12: 216448 op, 18566451.00 ns, 85.7779 ns/op
WorkloadWarmup  13: 216448 op, 18033852.00 ns, 83.3172 ns/op
WorkloadWarmup  14: 216448 op, 17496882.00 ns, 80.8364 ns/op
WorkloadWarmup  15: 216448 op, 18385251.00 ns, 84.9407 ns/op
WorkloadWarmup  16: 216448 op, 17668530.00 ns, 81.6294 ns/op
WorkloadWarmup  17: 216448 op, 17642232.00 ns, 81.5079 ns/op
WorkloadWarmup  18: 216448 op, 17717000.00 ns, 81.8534 ns/op
WorkloadWarmup  19: 216448 op, 14644331.00 ns, 67.6575 ns/op
WorkloadWarmup  20: 216448 op, 14655313.00 ns, 67.7082 ns/op
WorkloadWarmup  21: 216448 op, 14563053.00 ns, 67.2820 ns/op
WorkloadWarmup  22: 216448 op, 14753877.00 ns, 68.1636 ns/op
WorkloadWarmup  23: 216448 op, 21376912.00 ns, 98.7623 ns/op
WorkloadWarmup  24: 216448 op, 18052876.00 ns, 83.4051 ns/op
WorkloadWarmup  25: 216448 op, 17725795.00 ns, 81.8940 ns/op

// BeforeActualRun
WorkloadActual   1: 216448 op, 18670045.00 ns, 86.2565 ns/op
WorkloadActual   2: 216448 op, 18341553.00 ns, 84.7388 ns/op
WorkloadActual   3: 216448 op, 17712748.00 ns, 81.8337 ns/op
WorkloadActual   4: 216448 op, 17799403.00 ns, 82.2341 ns/op
WorkloadActual   5: 216448 op, 18814728.00 ns, 86.9249 ns/op
WorkloadActual   6: 216448 op, 21264748.00 ns, 98.2441 ns/op

// AfterActualRun
WorkloadResult   1: 216448 op, 18670045.00 ns, 86.2565 ns/op
WorkloadResult   2: 216448 op, 18341553.00 ns, 84.7388 ns/op
WorkloadResult   3: 216448 op, 17712748.00 ns, 81.8337 ns/op
WorkloadResult   4: 216448 op, 17799403.00 ns, 82.2341 ns/op
WorkloadResult   5: 216448 op, 18814728.00 ns, 86.9249 ns/op
// GC:  0 0 0 0 216448
// Threading:  0 0 216448

// AfterAll
// Benchmark Process 5281 has exited with code 0.

Mean = 84.398 ns, StdErr = 1.030 ns (1.22%), N = 5, StdDev = 2.303 ns
Min = 81.834 ns, Q1 = 82.234 ns, Median = 84.739 ns, Q3 = 86.256 ns, Max = 86.925 ns
IQR = 4.022 ns, LowerFence = 76.200 ns, UpperFence = 92.290 ns
ConfidenceInterval = [75.530 ns; 93.265 ns] (CI 99.9%), Margin = 8.868 ns (10.51% of Mean)
Skewness = -0.07, Kurtosis = 0.84, MValue = 2

// ** Remained 19 (38.0 %) benchmark(s) to run. Estimated finish 2026-10-09 23:31 (0h 0m from now) **
// **************************
// Benchmark: CodecSuite.Run: campaign(EvaluateOverhead=False, Clock=Armonik.Ffi.Bdn.CpuClock, IterationCount=6, IterationTime=40ms, LaunchCount=1, RunStrategy=Throughput, WarmupCount=25) [Case=core-(...)etain [42]]
// *** Execute ***
// Launch: 1 / 1
// Execute: dotnet BenchDotNet-campaign-1.dll --anonymousPipes 176 177 --benchmarkName "Armonik.Ffi.Bdn.CodecSuite.Run(Case: \"core-ffi|encode-core-hot|P5.4|ascii|retain\")" --job campaign --benchmarkId 31 in /home/user/ArmoniK.Api/ffi/poc/csharp/src/BenchDotNet/bin/Release/net8.0/BenchDotNet-campaign-1/bin/Release/net8.0
// BeforeAnythingElse

// Benchmark Process Environment Information:
// BenchmarkDotNet v0.15.8
// Runtime=.NET 8.0.31 (8.0.31, 8.0.3126.42015), X64 RyuJIT x86-64-v4
// GC=Concurrent Workstation
// HardwareIntrinsics=AVX512 IFMA+VBMI,AVX512 F+BW+CD+DQ+VL,AVX2+BMI1+BMI2+F16C+FMA+LZCNT+MOVBE,AVX,SSE3+SSSE3+SSE4.1+SSE4.2+POPCNT,X86Base+SSE+SSE2,AES+PCLMUL,AvxVnni,SERIALIZE VectorSize=256
// Job: campaign(EvaluateOverhead=False, Clock=Armonik.Ffi.Bdn.CpuClock, IterationCount=6, IterationTime=40ms, LaunchCount=1, RunStrategy=Throughput, WarmupCount=25)

OverheadJitting  1: 1 op, 219637.00 ns, 219.6370 us/op
WorkloadJitting  1: 1 op, 5847682.00 ns, 5.8477 ms/op

WorkloadPilot    1: 4 op, 1665348.00 ns, 416.3370 us/op
WorkloadPilot    2: 96 op, 33574670.00 ns, 349.7361 us/op
WorkloadPilot    3: 114 op, 38415505.00 ns, 336.9781 us/op
WorkloadPilot    4: 119 op, 40152659.00 ns, 337.4173 us/op

WorkloadWarmup   1: 119 op, 40563869.00 ns, 340.8728 us/op
WorkloadWarmup   2: 119 op, 41347579.00 ns, 347.4586 us/op
WorkloadWarmup   3: 119 op, 42041663.00 ns, 353.2913 us/op
WorkloadWarmup   4: 119 op, 47662146.00 ns, 400.5222 us/op
WorkloadWarmup   5: 119 op, 40277883.00 ns, 338.4696 us/op
WorkloadWarmup   6: 119 op, 42182070.00 ns, 354.4712 us/op
WorkloadWarmup   7: 119 op, 42455736.00 ns, 356.7709 us/op
WorkloadWarmup   8: 119 op, 41224517.00 ns, 346.4245 us/op
WorkloadWarmup   9: 119 op, 45707243.00 ns, 384.0945 us/op
WorkloadWarmup  10: 119 op, 41771797.00 ns, 351.0235 us/op
WorkloadWarmup  11: 119 op, 42023653.00 ns, 353.1399 us/op
WorkloadWarmup  12: 119 op, 45452539.00 ns, 381.9541 us/op
WorkloadWarmup  13: 119 op, 40785303.00 ns, 342.7336 us/op
WorkloadWarmup  14: 119 op, 41317391.00 ns, 347.2050 us/op
WorkloadWarmup  15: 119 op, 41390213.00 ns, 347.8169 us/op
WorkloadWarmup  16: 119 op, 40243760.00 ns, 338.1829 us/op
WorkloadWarmup  17: 119 op, 40023593.00 ns, 336.3327 us/op
WorkloadWarmup  18: 119 op, 40169809.00 ns, 337.5614 us/op
WorkloadWarmup  19: 119 op, 41722680.00 ns, 350.6108 us/op
WorkloadWarmup  20: 119 op, 39338177.00 ns, 330.5729 us/op
WorkloadWarmup  21: 119 op, 39333807.00 ns, 330.5362 us/op
WorkloadWarmup  22: 119 op, 39964068.00 ns, 335.8325 us/op
WorkloadWarmup  23: 119 op, 39847705.00 ns, 334.8547 us/op
WorkloadWarmup  24: 119 op, 39911875.00 ns, 335.3939 us/op
WorkloadWarmup  25: 119 op, 41034836.00 ns, 344.8306 us/op

// BeforeActualRun
WorkloadActual   1: 119 op, 39449093.00 ns, 331.5050 us/op
WorkloadActual   2: 119 op, 39817567.00 ns, 334.6014 us/op
WorkloadActual   3: 119 op, 33571139.00 ns, 282.1104 us/op
WorkloadActual   4: 119 op, 33456100.00 ns, 281.1437 us/op
WorkloadActual   5: 119 op, 33621513.00 ns, 282.5337 us/op
WorkloadActual   6: 119 op, 33668766.00 ns, 282.9308 us/op

// AfterActualRun
WorkloadResult   1: 119 op, 39449093.00 ns, 331.5050 us/op
WorkloadResult   2: 119 op, 39817567.00 ns, 334.6014 us/op
WorkloadResult   3: 119 op, 33571139.00 ns, 282.1104 us/op
WorkloadResult   4: 119 op, 33456100.00 ns, 281.1437 us/op
WorkloadResult   5: 119 op, 33621513.00 ns, 282.5337 us/op
WorkloadResult   6: 119 op, 33668766.00 ns, 282.9308 us/op
// GC:  0 0 0 0 119
// Threading:  0 0 119

// AfterAll
// Benchmark Process 5290 has exited with code 0.

Mean = 299.138 us, StdErr = 10.735 us (3.59%), N = 6, StdDev = 26.296 us
Min = 281.144 us, Q1 = 282.216 us, Median = 282.732 us, Q3 = 319.361 us, Max = 334.601 us
IQR = 37.145 us, LowerFence = 226.498 us, UpperFence = 375.079 us
ConfidenceInterval = [225.399 us; 372.876 us] (CI 99.9%), Margin = 73.739 us (24.65% of Mean)
Skewness = 0.54, Kurtosis = 1.05, MValue = 3

// ** Remained 18 (36.0 %) benchmark(s) to run. Estimated finish 2026-10-09 23:31 (0h 0m from now) **
// **************************
// Benchmark: CodecSuite.Run: campaign(EvaluateOverhead=False, Clock=Armonik.Ffi.Bdn.CpuClock, IterationCount=6, IterationTime=40ms, LaunchCount=1, RunStrategy=Throughput, WarmupCount=25) [Case=core-(...)|drop [40]]
// *** Execute ***
// Launch: 1 / 1
// Execute: dotnet BenchDotNet-campaign-1.dll --anonymousPipes 176 177 --benchmarkName "Armonik.Ffi.Bdn.CodecSuite.Run(Case: \"core-ffi|encode-core-hot|P2.3|ascii|drop\")" --job campaign --benchmarkId 32 in /home/user/ArmoniK.Api/ffi/poc/csharp/src/BenchDotNet/bin/Release/net8.0/BenchDotNet-campaign-1/bin/Release/net8.0
// BeforeAnythingElse

// Benchmark Process Environment Information:
// BenchmarkDotNet v0.15.8
// Runtime=.NET 8.0.31 (8.0.31, 8.0.3126.42015), X64 RyuJIT x86-64-v4
// GC=Concurrent Workstation
// HardwareIntrinsics=AVX512 IFMA+VBMI,AVX512 F+BW+CD+DQ+VL,AVX2+BMI1+BMI2+F16C+FMA+LZCNT+MOVBE,AVX,SSE3+SSSE3+SSE4.1+SSE4.2+POPCNT,X86Base+SSE+SSE2,AES+PCLMUL,AvxVnni,SERIALIZE VectorSize=256
// Job: campaign(EvaluateOverhead=False, Clock=Armonik.Ffi.Bdn.CpuClock, IterationCount=6, IterationTime=40ms, LaunchCount=1, RunStrategy=Throughput, WarmupCount=25)

OverheadJitting  1: 1 op, 220846.00 ns, 220.8460 us/op
WorkloadJitting  1: 1 op, 8986135.00 ns, 8.9861 ms/op

WorkloadPilot    1: 4 op, 6326236.00 ns, 1.5816 ms/op
WorkloadPilot    2: 25 op, 16710711.00 ns, 668.4284 us/op
WorkloadPilot    3: 60 op, 39716782.00 ns, 661.9464 us/op

WorkloadWarmup   1: 60 op, 43216284.00 ns, 720.2714 us/op
WorkloadWarmup   2: 60 op, 42216060.00 ns, 703.6010 us/op
WorkloadWarmup   3: 60 op, 41707623.00 ns, 695.1271 us/op
WorkloadWarmup   4: 60 op, 41254538.00 ns, 687.5756 us/op
WorkloadWarmup   5: 60 op, 43046476.00 ns, 717.4413 us/op
WorkloadWarmup   6: 60 op, 30936361.00 ns, 515.6060 us/op
WorkloadWarmup   7: 60 op, 30225717.00 ns, 503.7620 us/op
WorkloadWarmup   8: 60 op, 30153044.00 ns, 502.5507 us/op
WorkloadWarmup   9: 60 op, 29493095.00 ns, 491.5516 us/op
WorkloadWarmup  10: 60 op, 28721204.00 ns, 478.6867 us/op
WorkloadWarmup  11: 60 op, 35613411.00 ns, 593.5569 us/op
WorkloadWarmup  12: 60 op, 35133465.00 ns, 585.5578 us/op
WorkloadWarmup  13: 60 op, 34630157.00 ns, 577.1693 us/op
WorkloadWarmup  14: 60 op, 35326402.00 ns, 588.7734 us/op
WorkloadWarmup  15: 60 op, 35280445.00 ns, 588.0074 us/op
WorkloadWarmup  16: 60 op, 34879211.00 ns, 581.3202 us/op
WorkloadWarmup  17: 60 op, 35180301.00 ns, 586.3384 us/op
WorkloadWarmup  18: 60 op, 34744624.00 ns, 579.0771 us/op
WorkloadWarmup  19: 60 op, 51448141.00 ns, 857.4690 us/op
WorkloadWarmup  20: 60 op, 35755264.00 ns, 595.9211 us/op
WorkloadWarmup  21: 60 op, 36322676.00 ns, 605.3779 us/op
WorkloadWarmup  22: 60 op, 35498215.00 ns, 591.6369 us/op
WorkloadWarmup  23: 60 op, 32687626.00 ns, 544.7938 us/op
WorkloadWarmup  24: 60 op, 32548015.00 ns, 542.4669 us/op
WorkloadWarmup  25: 60 op, 35590070.00 ns, 593.1678 us/op

// BeforeActualRun
WorkloadActual   1: 60 op, 37377422.00 ns, 622.9570 us/op
WorkloadActual   2: 60 op, 36250625.00 ns, 604.1771 us/op
WorkloadActual   3: 60 op, 36604978.00 ns, 610.0830 us/op
WorkloadActual   4: 60 op, 35948300.00 ns, 599.1383 us/op
WorkloadActual   5: 60 op, 36217446.00 ns, 603.6241 us/op
WorkloadActual   6: 60 op, 35872081.00 ns, 597.8680 us/op

// AfterActualRun
WorkloadResult   1: 60 op, 36250625.00 ns, 604.1771 us/op
WorkloadResult   2: 60 op, 36604978.00 ns, 610.0830 us/op
WorkloadResult   3: 60 op, 35948300.00 ns, 599.1383 us/op
WorkloadResult   4: 60 op, 36217446.00 ns, 603.6241 us/op
WorkloadResult   5: 60 op, 35872081.00 ns, 597.8680 us/op
// GC:  0 0 0 0 60
// Threading:  0 0 60

// AfterAll
// Benchmark Process 5300 has exited with code 0.

Mean = 602.978 us, StdErr = 2.159 us (0.36%), N = 5, StdDev = 4.827 us
Min = 597.868 us, Q1 = 599.138 us, Median = 603.624 us, Q3 = 604.177 us, Max = 610.083 us
IQR = 5.039 us, LowerFence = 591.580 us, UpperFence = 611.735 us
ConfidenceInterval = [584.392 us; 621.564 us] (CI 99.9%), Margin = 18.586 us (3.08% of Mean)
Skewness = 0.3, Kurtosis = 1.27, MValue = 2

// ** Remained 17 (34.0 %) benchmark(s) to run. Estimated finish 2026-10-09 23:31 (0h 0m from now) **
// **************************
// Benchmark: CodecSuite.Run: campaign(EvaluateOverhead=False, Clock=Armonik.Ffi.Bdn.CpuClock, IterationCount=6, IterationTime=40ms, LaunchCount=1, RunStrategy=Throughput, WarmupCount=25) [Case=core-(...)etain [42]]
// *** Execute ***
// Launch: 1 / 1
// Execute: dotnet BenchDotNet-campaign-1.dll --anonymousPipes 176 177 --benchmarkName "Armonik.Ffi.Bdn.CodecSuite.Run(Case: \"core-ffi|encode-core-hot|P3.1|ascii|retain\")" --job campaign --benchmarkId 33 in /home/user/ArmoniK.Api/ffi/poc/csharp/src/BenchDotNet/bin/Release/net8.0/BenchDotNet-campaign-1/bin/Release/net8.0
// BeforeAnythingElse

// Benchmark Process Environment Information:
// BenchmarkDotNet v0.15.8
// Runtime=.NET 8.0.31 (8.0.31, 8.0.3126.42015), X64 RyuJIT x86-64-v4
// GC=Concurrent Workstation
// HardwareIntrinsics=AVX512 IFMA+VBMI,AVX512 F+BW+CD+DQ+VL,AVX2+BMI1+BMI2+F16C+FMA+LZCNT+MOVBE,AVX,SSE3+SSSE3+SSE4.1+SSE4.2+POPCNT,X86Base+SSE+SSE2,AES+PCLMUL,AvxVnni,SERIALIZE VectorSize=256
// Job: campaign(EvaluateOverhead=False, Clock=Armonik.Ffi.Bdn.CpuClock, IterationCount=6, IterationTime=40ms, LaunchCount=1, RunStrategy=Throughput, WarmupCount=25)

OverheadJitting  1: 1 op, 307347.00 ns, 307.3470 us/op
WorkloadJitting  1: 1 op, 4351002.00 ns, 4.3510 ms/op

WorkloadPilot    1: 4 op, 112322.00 ns, 28.0805 us/op
WorkloadPilot    2: 1424 op, 29318355.00 ns, 20.5887 us/op
WorkloadPilot    3: 1943 op, 38904527.00 ns, 20.0229 us/op
WorkloadPilot    4: 1998 op, 39839016.00 ns, 19.9394 us/op
WorkloadPilot    5: 2006 op, 46615660.00 ns, 23.2381 us/op
WorkloadPilot    6: 1721 op, 17758439.00 ns, 10.3187 us/op
WorkloadPilot    7: 3876 op, 40851560.00 ns, 10.5396 us/op
WorkloadPilot    8: 3795 op, 40741219.00 ns, 10.7355 us/op

WorkloadWarmup   1: 3795 op, 43238843.00 ns, 11.3936 us/op
WorkloadWarmup   2: 3795 op, 44486228.00 ns, 11.7223 us/op
WorkloadWarmup   3: 3795 op, 42723774.00 ns, 11.2579 us/op
WorkloadWarmup   4: 3795 op, 42892439.00 ns, 11.3024 us/op
WorkloadWarmup   5: 3795 op, 42971566.00 ns, 11.3232 us/op
WorkloadWarmup   6: 3795 op, 42432461.00 ns, 11.1811 us/op
WorkloadWarmup   7: 3795 op, 42454871.00 ns, 11.1871 us/op
WorkloadWarmup   8: 3795 op, 43739595.00 ns, 11.5256 us/op
WorkloadWarmup   9: 3795 op, 36842283.00 ns, 9.7081 us/op
WorkloadWarmup  10: 3795 op, 40337756.00 ns, 10.6292 us/op
WorkloadWarmup  11: 3795 op, 39621556.00 ns, 10.4405 us/op
WorkloadWarmup  12: 3795 op, 37603465.00 ns, 9.9087 us/op
WorkloadWarmup  13: 3795 op, 45675716.00 ns, 12.0358 us/op
WorkloadWarmup  14: 3795 op, 41060223.00 ns, 10.8196 us/op
WorkloadWarmup  15: 3795 op, 41097274.00 ns, 10.8293 us/op
WorkloadWarmup  16: 3795 op, 40513241.00 ns, 10.6754 us/op
WorkloadWarmup  17: 3795 op, 41396064.00 ns, 10.9081 us/op
WorkloadWarmup  18: 3795 op, 41664175.00 ns, 10.9787 us/op
WorkloadWarmup  19: 3795 op, 40991536.00 ns, 10.8015 us/op
WorkloadWarmup  20: 3795 op, 41405827.00 ns, 10.9106 us/op
WorkloadWarmup  21: 3795 op, 40407180.00 ns, 10.6475 us/op
WorkloadWarmup  22: 3795 op, 40415643.00 ns, 10.6497 us/op
WorkloadWarmup  23: 3795 op, 41191003.00 ns, 10.8540 us/op
WorkloadWarmup  24: 3795 op, 41261554.00 ns, 10.8726 us/op
WorkloadWarmup  25: 3795 op, 40564490.00 ns, 10.6889 us/op

// BeforeActualRun
WorkloadActual   1: 3795 op, 40445370.00 ns, 10.6575 us/op
WorkloadActual   2: 3795 op, 40663358.00 ns, 10.7150 us/op
WorkloadActual   3: 3795 op, 41222769.00 ns, 10.8624 us/op
WorkloadActual   4: 3795 op, 42390749.00 ns, 11.1702 us/op
WorkloadActual   5: 3795 op, 33823959.00 ns, 8.9128 us/op
WorkloadActual   6: 3795 op, 60769256.00 ns, 16.0130 us/op

// AfterActualRun
WorkloadResult   1: 3795 op, 40445370.00 ns, 10.6575 us/op
WorkloadResult   2: 3795 op, 40663358.00 ns, 10.7150 us/op
WorkloadResult   3: 3795 op, 41222769.00 ns, 10.8624 us/op
WorkloadResult   4: 3795 op, 42390749.00 ns, 11.1702 us/op
WorkloadResult   5: 3795 op, 33823959.00 ns, 8.9128 us/op
// GC:  0 0 0 0 3795
// Threading:  0 0 3795

// AfterAll
// Benchmark Process 5311 has exited with code 0.

Mean = 10.464 us, StdErr = 0.398 us (3.80%), N = 5, StdDev = 0.889 us
Min = 8.913 us, Q1 = 10.658 us, Median = 10.715 us, Q3 = 10.862 us, Max = 11.170 us
IQR = 0.205 us, LowerFence = 10.350 us, UpperFence = 11.170 us
ConfidenceInterval = [7.039 us; 13.888 us] (CI 99.9%), Margin = 3.425 us (32.73% of Mean)
Skewness = -0.94, Kurtosis = 1.94, MValue = 2

// ** Remained 16 (32.0 %) benchmark(s) to run. Estimated finish 2026-10-09 23:31 (0h 0m from now) **
// **************************
// Benchmark: CodecSuite.Run: campaign(EvaluateOverhead=False, Clock=Armonik.Ffi.Bdn.CpuClock, IterationCount=6, IterationTime=40ms, LaunchCount=1, RunStrategy=Throughput, WarmupCount=25) [Case=core-(...)|drop [41]]
// *** Execute ***
// Launch: 1 / 1
// Execute: dotnet BenchDotNet-campaign-1.dll --anonymousPipes 176 177 --benchmarkName "Armonik.Ffi.Bdn.CodecSuite.Run(Case: \"core-ffi|encode-core-hot|P2.2|latin1|drop\")" --job campaign --benchmarkId 34 in /home/user/ArmoniK.Api/ffi/poc/csharp/src/BenchDotNet/bin/Release/net8.0/BenchDotNet-campaign-1/bin/Release/net8.0
// BeforeAnythingElse

// Benchmark Process Environment Information:
// BenchmarkDotNet v0.15.8
// Runtime=.NET 8.0.31 (8.0.31, 8.0.3126.42015), X64 RyuJIT x86-64-v4
// GC=Concurrent Workstation
// HardwareIntrinsics=AVX512 IFMA+VBMI,AVX512 F+BW+CD+DQ+VL,AVX2+BMI1+BMI2+F16C+FMA+LZCNT+MOVBE,AVX,SSE3+SSSE3+SSE4.1+SSE4.2+POPCNT,X86Base+SSE+SSE2,AES+PCLMUL,AvxVnni,SERIALIZE VectorSize=256
// Job: campaign(EvaluateOverhead=False, Clock=Armonik.Ffi.Bdn.CpuClock, IterationCount=6, IterationTime=40ms, LaunchCount=1, RunStrategy=Throughput, WarmupCount=25)

OverheadJitting  1: 1 op, 295382.00 ns, 295.3820 us/op
WorkloadJitting  1: 1 op, 9994259.00 ns, 9.9943 ms/op

WorkloadPilot    1: 4 op, 11574455.00 ns, 2.8936 ms/op
WorkloadPilot    2: 14 op, 19856965.00 ns, 1.4184 ms/op
WorkloadPilot    3: 28 op, 31175637.00 ns, 1.1134 ms/op
WorkloadPilot    4: 36 op, 41456495.00 ns, 1.1516 ms/op

WorkloadWarmup   1: 36 op, 41919052.00 ns, 1.1644 ms/op
WorkloadWarmup   2: 36 op, 41169620.00 ns, 1.1436 ms/op
WorkloadWarmup   3: 36 op, 42749299.00 ns, 1.1875 ms/op
WorkloadWarmup   4: 36 op, 45642987.00 ns, 1.2679 ms/op
WorkloadWarmup   5: 36 op, 44558590.00 ns, 1.2377 ms/op
WorkloadWarmup   6: 36 op, 33967055.00 ns, 943.5293 us/op
WorkloadWarmup   7: 36 op, 37380312.00 ns, 1.0383 ms/op
WorkloadWarmup   8: 36 op, 37041592.00 ns, 1.0289 ms/op
WorkloadWarmup   9: 36 op, 37012894.00 ns, 1.0281 ms/op
WorkloadWarmup  10: 36 op, 37179088.00 ns, 1.0328 ms/op
WorkloadWarmup  11: 36 op, 35761881.00 ns, 993.3856 us/op
WorkloadWarmup  12: 36 op, 36894420.00 ns, 1.0248 ms/op
WorkloadWarmup  13: 36 op, 37395396.00 ns, 1.0388 ms/op
WorkloadWarmup  14: 36 op, 41422049.00 ns, 1.1506 ms/op
WorkloadWarmup  15: 36 op, 38105842.00 ns, 1.0585 ms/op
WorkloadWarmup  16: 36 op, 37438197.00 ns, 1.0399 ms/op
WorkloadWarmup  17: 36 op, 38482033.00 ns, 1.0689 ms/op
WorkloadWarmup  18: 36 op, 46517800.00 ns, 1.2922 ms/op
WorkloadWarmup  19: 36 op, 49076213.00 ns, 1.3632 ms/op
WorkloadWarmup  20: 36 op, 34711164.00 ns, 964.1990 us/op
WorkloadWarmup  21: 36 op, 35487363.00 ns, 985.7601 us/op
WorkloadWarmup  22: 36 op, 34544432.00 ns, 959.5676 us/op
WorkloadWarmup  23: 36 op, 48600113.00 ns, 1.3500 ms/op
WorkloadWarmup  24: 36 op, 37439665.00 ns, 1.0400 ms/op
WorkloadWarmup  25: 36 op, 39218715.00 ns, 1.0894 ms/op

// BeforeActualRun
WorkloadActual   1: 36 op, 38846520.00 ns, 1.0791 ms/op
WorkloadActual   2: 36 op, 39349843.00 ns, 1.0931 ms/op
WorkloadActual   3: 36 op, 39173069.00 ns, 1.0881 ms/op
WorkloadActual   4: 36 op, 39218752.00 ns, 1.0894 ms/op
WorkloadActual   5: 36 op, 39718448.00 ns, 1.1033 ms/op
WorkloadActual   6: 36 op, 39991716.00 ns, 1.1109 ms/op

// AfterActualRun
WorkloadResult   1: 36 op, 38846520.00 ns, 1.0791 ms/op
WorkloadResult   2: 36 op, 39349843.00 ns, 1.0931 ms/op
WorkloadResult   3: 36 op, 39173069.00 ns, 1.0881 ms/op
WorkloadResult   4: 36 op, 39218752.00 ns, 1.0894 ms/op
WorkloadResult   5: 36 op, 39718448.00 ns, 1.1033 ms/op
WorkloadResult   6: 36 op, 39991716.00 ns, 1.1109 ms/op
// GC:  0 0 0 0 36
// Threading:  0 0 36

// AfterAll
// Benchmark Process 5320 has exited with code 0.

Mean = 1.094 ms, StdErr = 0.005 ms (0.43%), N = 6, StdDev = 0.011 ms
Min = 1.079 ms, Q1 = 1.088 ms, Median = 1.091 ms, Q3 = 1.101 ms, Max = 1.111 ms
IQR = 0.012 ms, LowerFence = 1.070 ms, UpperFence = 1.119 ms
ConfidenceInterval = [1.062 ms; 1.126 ms] (CI 99.9%), Margin = 0.032 ms (2.92% of Mean)
Skewness = 0.23, Kurtosis = 1.38, MValue = 2

// ** Remained 15 (30.0 %) benchmark(s) to run. Estimated finish 2026-10-09 23:31 (0h 0m from now) **
// **************************
// Benchmark: CodecSuite.Run: campaign(EvaluateOverhead=False, Clock=Armonik.Ffi.Bdn.CpuClock, IterationCount=6, IterationTime=40ms, LaunchCount=1, RunStrategy=Throughput, WarmupCount=25) [Case=core-(...)|drop [40]]
// *** Execute ***
// Launch: 1 / 1
// Execute: dotnet BenchDotNet-campaign-1.dll --anonymousPipes 176 177 --benchmarkName "Armonik.Ffi.Bdn.CodecSuite.Run(Case: \"core-ffi|encode-core-hot|P2.1|ascii|drop\")" --job campaign --benchmarkId 35 in /home/user/ArmoniK.Api/ffi/poc/csharp/src/BenchDotNet/bin/Release/net8.0/BenchDotNet-campaign-1/bin/Release/net8.0
// BeforeAnythingElse

// Benchmark Process Environment Information:
// BenchmarkDotNet v0.15.8
// Runtime=.NET 8.0.31 (8.0.31, 8.0.3126.42015), X64 RyuJIT x86-64-v4
// GC=Concurrent Workstation
// HardwareIntrinsics=AVX512 IFMA+VBMI,AVX512 F+BW+CD+DQ+VL,AVX2+BMI1+BMI2+F16C+FMA+LZCNT+MOVBE,AVX,SSE3+SSSE3+SSE4.1+SSE4.2+POPCNT,X86Base+SSE+SSE2,AES+PCLMUL,AvxVnni,SERIALIZE VectorSize=256
// Job: campaign(EvaluateOverhead=False, Clock=Armonik.Ffi.Bdn.CpuClock, IterationCount=6, IterationTime=40ms, LaunchCount=1, RunStrategy=Throughput, WarmupCount=25)

OverheadJitting  1: 1 op, 207209.00 ns, 207.2090 us/op
WorkloadJitting  1: 1 op, 7188456.00 ns, 7.1885 ms/op

WorkloadPilot    1: 4 op, 23358.00 ns, 5.8395 us/op
WorkloadPilot    2: 6850 op, 11396228.00 ns, 1.6637 us/op
WorkloadPilot    3: 24043 op, 39521574.00 ns, 1.6438 us/op
WorkloadPilot    4: 24334 op, 38913740.00 ns, 1.5992 us/op
WorkloadPilot    5: 25013 op, 45346573.00 ns, 1.8129 us/op
WorkloadPilot    6: 22064 op, 18880894.00 ns, 855.7330 ns/op
WorkloadPilot    7: 46744 op, 39620121.00 ns, 847.5980 ns/op
WorkloadPilot    8: 47192 op, 39904749.00 ns, 845.5829 ns/op
WorkloadPilot    9: 47305 op, 40428523.00 ns, 854.6353 ns/op
WorkloadPilot   10: 46804 op, 40012291.00 ns, 854.8904 ns/op

WorkloadWarmup   1: 46804 op, 39952692.00 ns, 853.6170 ns/op
WorkloadWarmup   2: 46804 op, 39785502.00 ns, 850.0449 ns/op
WorkloadWarmup   3: 46804 op, 39630705.00 ns, 846.7376 ns/op
WorkloadWarmup   4: 46804 op, 40255955.00 ns, 860.0965 ns/op
WorkloadWarmup   5: 46804 op, 39737509.00 ns, 849.0195 ns/op
WorkloadWarmup   6: 46804 op, 42049082.00 ns, 898.4079 ns/op
WorkloadWarmup   7: 46804 op, 41339800.00 ns, 883.2536 ns/op
WorkloadWarmup   8: 46804 op, 39654403.00 ns, 847.2439 ns/op
WorkloadWarmup   9: 46804 op, 39541128.00 ns, 844.8237 ns/op
WorkloadWarmup  10: 46804 op, 40248912.00 ns, 859.9460 ns/op
WorkloadWarmup  11: 46804 op, 40167779.00 ns, 858.2125 ns/op
WorkloadWarmup  12: 46804 op, 39607517.00 ns, 846.2421 ns/op
WorkloadWarmup  13: 46804 op, 45250465.00 ns, 966.8076 ns/op
WorkloadWarmup  14: 46804 op, 39697743.00 ns, 848.1699 ns/op
WorkloadWarmup  15: 46804 op, 41518215.00 ns, 887.0655 ns/op
WorkloadWarmup  16: 46804 op, 43793398.00 ns, 935.6764 ns/op
WorkloadWarmup  17: 46804 op, 39686880.00 ns, 847.9378 ns/op
WorkloadWarmup  18: 46804 op, 41143676.00 ns, 879.0632 ns/op
WorkloadWarmup  19: 46804 op, 39770281.00 ns, 849.7197 ns/op
WorkloadWarmup  20: 46804 op, 39568698.00 ns, 845.4127 ns/op
WorkloadWarmup  21: 46804 op, 39617931.00 ns, 846.4646 ns/op
WorkloadWarmup  22: 46804 op, 48061751.00 ns, 1.0269 us/op
WorkloadWarmup  23: 46804 op, 48693763.00 ns, 1.0404 us/op
WorkloadWarmup  24: 46804 op, 47686982.00 ns, 1.0189 us/op
WorkloadWarmup  25: 46804 op, 39814942.00 ns, 850.6739 ns/op

// BeforeActualRun
WorkloadActual   1: 46804 op, 39642817.00 ns, 846.9963 ns/op
WorkloadActual   2: 46804 op, 39596572.00 ns, 846.0083 ns/op
WorkloadActual   3: 46804 op, 39540275.00 ns, 844.8055 ns/op
WorkloadActual   4: 46804 op, 39499031.00 ns, 843.9243 ns/op
WorkloadActual   5: 46804 op, 39553964.00 ns, 845.0979 ns/op
WorkloadActual   6: 46804 op, 39811783.00 ns, 850.6064 ns/op

// AfterActualRun
WorkloadResult   1: 46804 op, 39642817.00 ns, 846.9963 ns/op
WorkloadResult   2: 46804 op, 39596572.00 ns, 846.0083 ns/op
WorkloadResult   3: 46804 op, 39540275.00 ns, 844.8055 ns/op
WorkloadResult   4: 46804 op, 39499031.00 ns, 843.9243 ns/op
WorkloadResult   5: 46804 op, 39553964.00 ns, 845.0979 ns/op
// GC:  0 0 0 0 46804
// Threading:  0 0 46804

// AfterAll
// Benchmark Process 5329 has exited with code 0.

Mean = 845.366 ns, StdErr = 0.526 ns (0.06%), N = 5, StdDev = 1.176 ns
Min = 843.924 ns, Q1 = 844.805 ns, Median = 845.098 ns, Q3 = 846.008 ns, Max = 846.996 ns
IQR = 1.203 ns, LowerFence = 843.001 ns, UpperFence = 847.813 ns
ConfidenceInterval = [840.837 ns; 849.896 ns] (CI 99.9%), Margin = 4.530 ns (0.54% of Mean)
Skewness = 0.17, Kurtosis = 1.22, MValue = 2

// ** Remained 14 (28.0 %) benchmark(s) to run. Estimated finish 2026-10-09 23:31 (0h 0m from now) **
// **************************
// Benchmark: CodecSuite.Run: campaign(EvaluateOverhead=False, Clock=Armonik.Ffi.Bdn.CpuClock, IterationCount=6, IterationTime=40ms, LaunchCount=1, RunStrategy=Throughput, WarmupCount=25) [Case=core-(...)etain [42]]
// *** Execute ***
// Launch: 1 / 1
// Execute: dotnet BenchDotNet-campaign-1.dll --anonymousPipes 176 177 --benchmarkName "Armonik.Ffi.Bdn.CodecSuite.Run(Case: \"core-ffi|encode-core-hot|P2.5|ascii|retain\")" --job campaign --benchmarkId 36 in /home/user/ArmoniK.Api/ffi/poc/csharp/src/BenchDotNet/bin/Release/net8.0/BenchDotNet-campaign-1/bin/Release/net8.0
// BeforeAnythingElse

// Benchmark Process Environment Information:
// BenchmarkDotNet v0.15.8
// Runtime=.NET 8.0.31 (8.0.31, 8.0.3126.42015), X64 RyuJIT x86-64-v4
// GC=Concurrent Workstation
// HardwareIntrinsics=AVX512 IFMA+VBMI,AVX512 F+BW+CD+DQ+VL,AVX2+BMI1+BMI2+F16C+FMA+LZCNT+MOVBE,AVX,SSE3+SSSE3+SSE4.1+SSE4.2+POPCNT,X86Base+SSE+SSE2,AES+PCLMUL,AvxVnni,SERIALIZE VectorSize=256
// Job: campaign(EvaluateOverhead=False, Clock=Armonik.Ffi.Bdn.CpuClock, IterationCount=6, IterationTime=40ms, LaunchCount=1, RunStrategy=Throughput, WarmupCount=25)

OverheadJitting  1: 1 op, 204900.00 ns, 204.9000 us/op
WorkloadJitting  1: 1 op, 6927969.00 ns, 6.9280 ms/op

WorkloadPilot    1: 4 op, 141067.00 ns, 35.2668 us/op
WorkloadPilot    2: 1134 op, 33419927.00 ns, 29.4708 us/op
WorkloadPilot    3: 1357 op, 41646017.00 ns, 30.6898 us/op
WorkloadPilot    4: 1303 op, 37758282.00 ns, 28.9780 us/op
WorkloadPilot    5: 1380 op, 39415159.00 ns, 28.5617 us/op
WorkloadPilot    6: 1400 op, 44301385.00 ns, 31.6438 us/op
WorkloadPilot    7: 1264 op, 39966471.00 ns, 31.6190 us/op

WorkloadWarmup   1: 1264 op, 40961171.00 ns, 32.4060 us/op
WorkloadWarmup   2: 1264 op, 39917325.00 ns, 31.5802 us/op
WorkloadWarmup   3: 1264 op, 40167235.00 ns, 31.7779 us/op
WorkloadWarmup   4: 1264 op, 38278203.00 ns, 30.2834 us/op
WorkloadWarmup   5: 1264 op, 38194669.00 ns, 30.2173 us/op
WorkloadWarmup   6: 1264 op, 36932392.00 ns, 29.2187 us/op
WorkloadWarmup   7: 1264 op, 23697682.00 ns, 18.7482 us/op
WorkloadWarmup   8: 1264 op, 23587619.00 ns, 18.6611 us/op
WorkloadWarmup   9: 1264 op, 25897936.00 ns, 20.4889 us/op
WorkloadWarmup  10: 1264 op, 25196702.00 ns, 19.9341 us/op
WorkloadWarmup  11: 1264 op, 28537650.00 ns, 22.5773 us/op
WorkloadWarmup  12: 1264 op, 28146939.00 ns, 22.2681 us/op
WorkloadWarmup  13: 1264 op, 37985967.00 ns, 30.0522 us/op
WorkloadWarmup  14: 1264 op, 32646236.00 ns, 25.8277 us/op
WorkloadWarmup  15: 1264 op, 28549155.00 ns, 22.5864 us/op
WorkloadWarmup  16: 1264 op, 27970573.00 ns, 22.1286 us/op
WorkloadWarmup  17: 1264 op, 28019312.00 ns, 22.1672 us/op
WorkloadWarmup  18: 1264 op, 27209998.00 ns, 21.5269 us/op
WorkloadWarmup  19: 1264 op, 27124490.00 ns, 21.4592 us/op
WorkloadWarmup  20: 1264 op, 27326031.00 ns, 21.6187 us/op
WorkloadWarmup  21: 1264 op, 27295863.00 ns, 21.5948 us/op
WorkloadWarmup  22: 1264 op, 27368036.00 ns, 21.6519 us/op
WorkloadWarmup  23: 1264 op, 27299602.00 ns, 21.5978 us/op
WorkloadWarmup  24: 1264 op, 27263425.00 ns, 21.5692 us/op
WorkloadWarmup  25: 1264 op, 27248320.00 ns, 21.5572 us/op

// BeforeActualRun
WorkloadActual   1: 1264 op, 27538035.00 ns, 21.7864 us/op
WorkloadActual   2: 1264 op, 27117698.00 ns, 21.4539 us/op
WorkloadActual   3: 1264 op, 27179008.00 ns, 21.5024 us/op
WorkloadActual   4: 1264 op, 27219424.00 ns, 21.5344 us/op
WorkloadActual   5: 1264 op, 28172236.00 ns, 22.2882 us/op
WorkloadActual   6: 1264 op, 27355710.00 ns, 21.6422 us/op

// AfterActualRun
WorkloadResult   1: 1264 op, 27538035.00 ns, 21.7864 us/op
WorkloadResult   2: 1264 op, 27117698.00 ns, 21.4539 us/op
WorkloadResult   3: 1264 op, 27179008.00 ns, 21.5024 us/op
WorkloadResult   4: 1264 op, 27219424.00 ns, 21.5344 us/op
WorkloadResult   5: 1264 op, 27355710.00 ns, 21.6422 us/op
// GC:  0 0 0 0 1264
// Threading:  0 0 1264

// AfterAll
// Benchmark Process 5338 has exited with code 0.

Mean = 21.584 us, StdErr = 0.059 us (0.27%), N = 5, StdDev = 0.133 us
Min = 21.454 us, Q1 = 21.502 us, Median = 21.534 us, Q3 = 21.642 us, Max = 21.786 us
IQR = 0.140 us, LowerFence = 21.293 us, UpperFence = 21.852 us
ConfidenceInterval = [21.073 us; 22.095 us] (CI 99.9%), Margin = 0.511 us (2.37% of Mean)
Skewness = 0.48, Kurtosis = 1.31, MValue = 2

// ** Remained 13 (26.0 %) benchmark(s) to run. Estimated finish 2026-10-09 23:31 (0h 0m from now) **
// **************************
// Benchmark: CodecSuite.Run: campaign(EvaluateOverhead=False, Clock=Armonik.Ffi.Bdn.CpuClock, IterationCount=6, IterationTime=40ms, LaunchCount=1, RunStrategy=Throughput, WarmupCount=25) [Case=core-(...)|drop [40]]
// *** Execute ***
// Launch: 1 / 1
// Execute: dotnet BenchDotNet-campaign-1.dll --anonymousPipes 176 177 --benchmarkName "Armonik.Ffi.Bdn.CodecSuite.Run(Case: \"core-ffi|encode-core-hot|P3.1|ascii|drop\")" --job campaign --benchmarkId 37 in /home/user/ArmoniK.Api/ffi/poc/csharp/src/BenchDotNet/bin/Release/net8.0/BenchDotNet-campaign-1/bin/Release/net8.0
// BeforeAnythingElse

// Benchmark Process Environment Information:
// BenchmarkDotNet v0.15.8
// Runtime=.NET 8.0.31 (8.0.31, 8.0.3126.42015), X64 RyuJIT x86-64-v4
// GC=Concurrent Workstation
// HardwareIntrinsics=AVX512 IFMA+VBMI,AVX512 F+BW+CD+DQ+VL,AVX2+BMI1+BMI2+F16C+FMA+LZCNT+MOVBE,AVX,SSE3+SSSE3+SSE4.1+SSE4.2+POPCNT,X86Base+SSE+SSE2,AES+PCLMUL,AvxVnni,SERIALIZE VectorSize=256
// Job: campaign(EvaluateOverhead=False, Clock=Armonik.Ffi.Bdn.CpuClock, IterationCount=6, IterationTime=40ms, LaunchCount=1, RunStrategy=Throughput, WarmupCount=25)

OverheadJitting  1: 1 op, 231108.00 ns, 231.1080 us/op
WorkloadJitting  1: 1 op, 3673472.00 ns, 3.6735 ms/op

WorkloadPilot    1: 4 op, 102866.00 ns, 25.7165 us/op
WorkloadPilot    2: 1555 op, 26614399.00 ns, 17.1154 us/op
WorkloadPilot    3: 2337 op, 37823084.00 ns, 16.1845 us/op
WorkloadPilot    4: 2472 op, 41040885.00 ns, 16.6023 us/op
WorkloadPilot    5: 2409 op, 53710978.00 ns, 22.2960 us/op
WorkloadPilot    6: 1794 op, 26994748.00 ns, 15.0472 us/op
WorkloadPilot    7: 2658 op, 23259232.00 ns, 8.7507 us/op
WorkloadPilot    8: 4571 op, 40743011.00 ns, 8.9134 us/op

WorkloadWarmup   1: 4571 op, 41233358.00 ns, 9.0206 us/op
WorkloadWarmup   2: 4571 op, 40035380.00 ns, 8.7586 us/op
WorkloadWarmup   3: 4571 op, 42843442.00 ns, 9.3729 us/op
WorkloadWarmup   4: 4571 op, 42463137.00 ns, 9.2897 us/op
WorkloadWarmup   5: 4571 op, 53427374.00 ns, 11.6883 us/op
WorkloadWarmup   6: 4571 op, 49104036.00 ns, 10.7425 us/op
WorkloadWarmup   7: 4571 op, 48154547.00 ns, 10.5348 us/op
WorkloadWarmup   8: 4571 op, 51298419.00 ns, 11.2226 us/op
WorkloadWarmup   9: 4571 op, 51453880.00 ns, 11.2566 us/op
WorkloadWarmup  10: 4571 op, 52462424.00 ns, 11.4772 us/op
WorkloadWarmup  11: 4571 op, 53634793.00 ns, 11.7337 us/op
WorkloadWarmup  12: 4571 op, 52469597.00 ns, 11.4788 us/op
WorkloadWarmup  13: 4571 op, 49584585.00 ns, 10.8476 us/op
WorkloadWarmup  14: 4571 op, 59300885.00 ns, 12.9733 us/op
WorkloadWarmup  15: 4571 op, 48302615.00 ns, 10.5672 us/op
WorkloadWarmup  16: 4571 op, 47892260.00 ns, 10.4774 us/op
WorkloadWarmup  17: 4571 op, 48575622.00 ns, 10.6269 us/op
WorkloadWarmup  18: 4571 op, 47370343.00 ns, 10.3632 us/op
WorkloadWarmup  19: 4571 op, 50115609.00 ns, 10.9638 us/op
WorkloadWarmup  20: 4571 op, 47098825.00 ns, 10.3038 us/op
WorkloadWarmup  21: 4571 op, 47303321.00 ns, 10.3486 us/op
WorkloadWarmup  22: 4571 op, 48192463.00 ns, 10.5431 us/op
WorkloadWarmup  23: 4571 op, 57569293.00 ns, 12.5945 us/op
WorkloadWarmup  24: 4571 op, 46556793.00 ns, 10.1853 us/op
WorkloadWarmup  25: 4571 op, 39266747.00 ns, 8.5904 us/op

// BeforeActualRun
WorkloadActual   1: 4571 op, 38015044.00 ns, 8.3166 us/op
WorkloadActual   2: 4571 op, 38038957.00 ns, 8.3218 us/op
WorkloadActual   3: 4571 op, 38028425.00 ns, 8.3195 us/op
WorkloadActual   4: 4571 op, 38047623.00 ns, 8.3237 us/op
WorkloadActual   5: 4571 op, 38333693.00 ns, 8.3863 us/op
WorkloadActual   6: 4571 op, 38246311.00 ns, 8.3672 us/op

// AfterActualRun
WorkloadResult   1: 4571 op, 38015044.00 ns, 8.3166 us/op
WorkloadResult   2: 4571 op, 38038957.00 ns, 8.3218 us/op
WorkloadResult   3: 4571 op, 38028425.00 ns, 8.3195 us/op
WorkloadResult   4: 4571 op, 38047623.00 ns, 8.3237 us/op
WorkloadResult   5: 4571 op, 38333693.00 ns, 8.3863 us/op
WorkloadResult   6: 4571 op, 38246311.00 ns, 8.3672 us/op
// GC:  0 0 0 0 4571
// Threading:  0 0 4571

// AfterAll
// Benchmark Process 5347 has exited with code 0.

Mean = 8.339 us, StdErr = 0.012 us (0.15%), N = 6, StdDev = 0.030 us
Min = 8.317 us, Q1 = 8.320 us, Median = 8.323 us, Q3 = 8.356 us, Max = 8.386 us
IQR = 0.036 us, LowerFence = 8.266 us, UpperFence = 8.411 us
ConfidenceInterval = [8.256 us; 8.423 us] (CI 99.9%), Margin = 0.084 us (1.00% of Mean)
Skewness = 0.62, Kurtosis = 1.29, MValue = 2

// ** Remained 12 (24.0 %) benchmark(s) to run. Estimated finish 2026-10-09 23:31 (0h 0m from now) **
// **************************
// Benchmark: CodecSuite.Run: campaign(EvaluateOverhead=False, Clock=Armonik.Ffi.Bdn.CpuClock, IterationCount=6, IterationTime=40ms, LaunchCount=1, RunStrategy=Throughput, WarmupCount=25) [Case=core-(...)|drop [40]]
// *** Execute ***
// Launch: 1 / 1
// Execute: dotnet BenchDotNet-campaign-1.dll --anonymousPipes 176 177 --benchmarkName "Armonik.Ffi.Bdn.CodecSuite.Run(Case: \"core-ffi|encode-core-hot|P2.4|ascii|drop\")" --job campaign --benchmarkId 38 in /home/user/ArmoniK.Api/ffi/poc/csharp/src/BenchDotNet/bin/Release/net8.0/BenchDotNet-campaign-1/bin/Release/net8.0
// BeforeAnythingElse

// Benchmark Process Environment Information:
// BenchmarkDotNet v0.15.8
// Runtime=.NET 8.0.31 (8.0.31, 8.0.3126.42015), X64 RyuJIT x86-64-v4
// GC=Concurrent Workstation
// HardwareIntrinsics=AVX512 IFMA+VBMI,AVX512 F+BW+CD+DQ+VL,AVX2+BMI1+BMI2+F16C+FMA+LZCNT+MOVBE,AVX,SSE3+SSSE3+SSE4.1+SSE4.2+POPCNT,X86Base+SSE+SSE2,AES+PCLMUL,AvxVnni,SERIALIZE VectorSize=256
// Job: campaign(EvaluateOverhead=False, Clock=Armonik.Ffi.Bdn.CpuClock, IterationCount=6, IterationTime=40ms, LaunchCount=1, RunStrategy=Throughput, WarmupCount=25)

OverheadJitting  1: 1 op, 260887.00 ns, 260.8870 us/op
WorkloadJitting  1: 1 op, 12470688.00 ns, 12.4707 ms/op

WorkloadPilot    1: 4 op, 11147035.00 ns, 2.7868 ms/op
WorkloadPilot    2: 14 op, 20910403.00 ns, 1.4936 ms/op
WorkloadPilot    3: 27 op, 31956226.00 ns, 1.1836 ms/op
WorkloadPilot    4: 34 op, 39501426.00 ns, 1.1618 ms/op

WorkloadWarmup   1: 34 op, 35979802.00 ns, 1.0582 ms/op
WorkloadWarmup   2: 34 op, 38357978.00 ns, 1.1282 ms/op
WorkloadWarmup   3: 34 op, 38785151.00 ns, 1.1407 ms/op
WorkloadWarmup   4: 34 op, 35339373.00 ns, 1.0394 ms/op
WorkloadWarmup   5: 34 op, 38595970.00 ns, 1.1352 ms/op
WorkloadWarmup   6: 34 op, 25708380.00 ns, 756.1288 us/op
WorkloadWarmup   7: 34 op, 24638971.00 ns, 724.6756 us/op
WorkloadWarmup   8: 34 op, 24798073.00 ns, 729.3551 us/op
WorkloadWarmup   9: 34 op, 24476324.00 ns, 719.8919 us/op
WorkloadWarmup  10: 34 op, 24386894.00 ns, 717.2616 us/op
WorkloadWarmup  11: 34 op, 24586692.00 ns, 723.1380 us/op
WorkloadWarmup  12: 34 op, 24555670.00 ns, 722.2256 us/op
WorkloadWarmup  13: 34 op, 28455580.00 ns, 836.9288 us/op
WorkloadWarmup  14: 34 op, 24544120.00 ns, 721.8859 us/op
WorkloadWarmup  15: 34 op, 25017162.00 ns, 735.7989 us/op
WorkloadWarmup  16: 34 op, 25545915.00 ns, 751.3504 us/op
WorkloadWarmup  17: 34 op, 21855367.00 ns, 642.8049 us/op
WorkloadWarmup  18: 34 op, 21416246.00 ns, 629.8896 us/op
WorkloadWarmup  19: 34 op, 22761032.00 ns, 669.4421 us/op
WorkloadWarmup  20: 34 op, 23804814.00 ns, 700.1416 us/op
WorkloadWarmup  21: 34 op, 23591530.00 ns, 693.8685 us/op
WorkloadWarmup  22: 34 op, 22986197.00 ns, 676.0646 us/op
WorkloadWarmup  23: 34 op, 22786212.00 ns, 670.1827 us/op
WorkloadWarmup  24: 34 op, 21809965.00 ns, 641.4696 us/op
WorkloadWarmup  25: 34 op, 25424627.00 ns, 747.7831 us/op

// BeforeActualRun
WorkloadActual   1: 34 op, 25450583.00 ns, 748.5466 us/op
WorkloadActual   2: 34 op, 25873677.00 ns, 760.9905 us/op
WorkloadActual   3: 34 op, 25088322.00 ns, 737.8918 us/op
WorkloadActual   4: 34 op, 24565520.00 ns, 722.5153 us/op
WorkloadActual   5: 34 op, 24301528.00 ns, 714.7508 us/op
WorkloadActual   6: 34 op, 24149266.00 ns, 710.2725 us/op

// AfterActualRun
WorkloadResult   1: 34 op, 25450583.00 ns, 748.5466 us/op
WorkloadResult   2: 34 op, 25873677.00 ns, 760.9905 us/op
WorkloadResult   3: 34 op, 25088322.00 ns, 737.8918 us/op
WorkloadResult   4: 34 op, 24565520.00 ns, 722.5153 us/op
WorkloadResult   5: 34 op, 24301528.00 ns, 714.7508 us/op
WorkloadResult   6: 34 op, 24149266.00 ns, 710.2725 us/op
// GC:  0 0 0 0 34
// Threading:  0 0 34

// AfterAll
// Benchmark Process 5356 has exited with code 0.

Mean = 732.495 us, StdErr = 8.179 us (1.12%), N = 6, StdDev = 20.035 us
Min = 710.273 us, Q1 = 716.692 us, Median = 730.204 us, Q3 = 745.883 us, Max = 760.990 us
IQR = 29.191 us, LowerFence = 672.906 us, UpperFence = 789.669 us
ConfidenceInterval = [676.312 us; 788.677 us] (CI 99.9%), Margin = 56.183 us (7.67% of Mean)
Skewness = 0.2, Kurtosis = 1.12, MValue = 2

// ** Remained 11 (22.0 %) benchmark(s) to run. Estimated finish 2026-10-09 23:31 (0h 0m from now) **
// **************************
// Benchmark: CodecSuite.Run: campaign(EvaluateOverhead=False, Clock=Armonik.Ffi.Bdn.CpuClock, IterationCount=6, IterationTime=40ms, LaunchCount=1, RunStrategy=Throughput, WarmupCount=25) [Case=core-(...)|drop [40]]
// *** Execute ***
// Launch: 1 / 1
// Execute: dotnet BenchDotNet-campaign-1.dll --anonymousPipes 176 177 --benchmarkName "Armonik.Ffi.Bdn.CodecSuite.Run(Case: \"core-ffi|encode-core-hot|P4.1|ascii|drop\")" --job campaign --benchmarkId 39 in /home/user/ArmoniK.Api/ffi/poc/csharp/src/BenchDotNet/bin/Release/net8.0/BenchDotNet-campaign-1/bin/Release/net8.0
// BeforeAnythingElse

// Benchmark Process Environment Information:
// BenchmarkDotNet v0.15.8
// Runtime=.NET 8.0.31 (8.0.31, 8.0.3126.42015), X64 RyuJIT x86-64-v4
// GC=Concurrent Workstation
// HardwareIntrinsics=AVX512 IFMA+VBMI,AVX512 F+BW+CD+DQ+VL,AVX2+BMI1+BMI2+F16C+FMA+LZCNT+MOVBE,AVX,SSE3+SSSE3+SSE4.1+SSE4.2+POPCNT,X86Base+SSE+SSE2,AES+PCLMUL,AvxVnni,SERIALIZE VectorSize=256
// Job: campaign(EvaluateOverhead=False, Clock=Armonik.Ffi.Bdn.CpuClock, IterationCount=6, IterationTime=40ms, LaunchCount=1, RunStrategy=Throughput, WarmupCount=25)

OverheadJitting  1: 1 op, 233135.00 ns, 233.1350 us/op
WorkloadJitting  1: 1 op, 4740989.00 ns, 4.7410 ms/op

WorkloadPilot    1: 4 op, 688476.00 ns, 172.1190 us/op
WorkloadPilot    2: 232 op, 35595388.00 ns, 153.4284 us/op
WorkloadPilot    3: 261 op, 37668887.00 ns, 144.3252 us/op
WorkloadPilot    4: 277 op, 41135755.00 ns, 148.5045 us/op
WorkloadPilot    5: 269 op, 41457415.00 ns, 154.1168 us/op
WorkloadPilot    6: 260 op, 40113829.00 ns, 154.2840 us/op

WorkloadWarmup   1: 260 op, 22199090.00 ns, 85.3811 us/op
WorkloadWarmup   2: 260 op, 22450471.00 ns, 86.3480 us/op
WorkloadWarmup   3: 260 op, 22100725.00 ns, 85.0028 us/op
WorkloadWarmup   4: 260 op, 22687653.00 ns, 87.2602 us/op
WorkloadWarmup   5: 260 op, 22306759.00 ns, 85.7952 us/op
WorkloadWarmup   6: 260 op, 22050133.00 ns, 84.8082 us/op
WorkloadWarmup   7: 260 op, 22559356.00 ns, 86.7668 us/op
WorkloadWarmup   8: 260 op, 22209836.00 ns, 85.4224 us/op
WorkloadWarmup   9: 260 op, 22448975.00 ns, 86.3422 us/op
WorkloadWarmup  10: 260 op, 23887918.00 ns, 91.8766 us/op
WorkloadWarmup  11: 260 op, 24180263.00 ns, 93.0010 us/op
WorkloadWarmup  12: 260 op, 30973310.00 ns, 119.1281 us/op
WorkloadWarmup  13: 260 op, 34072867.00 ns, 131.0495 us/op
WorkloadWarmup  14: 260 op, 25987687.00 ns, 99.9526 us/op
WorkloadWarmup  15: 260 op, 26208377.00 ns, 100.8015 us/op
WorkloadWarmup  16: 260 op, 25615959.00 ns, 98.5229 us/op
WorkloadWarmup  17: 260 op, 27167180.00 ns, 104.4892 us/op
WorkloadWarmup  18: 260 op, 37086759.00 ns, 142.6414 us/op
WorkloadWarmup  19: 260 op, 25426162.00 ns, 97.7929 us/op
WorkloadWarmup  20: 260 op, 26012064.00 ns, 100.0464 us/op
WorkloadWarmup  21: 260 op, 25612775.00 ns, 98.5107 us/op
WorkloadWarmup  22: 260 op, 26606317.00 ns, 102.3320 us/op
WorkloadWarmup  23: 260 op, 25971138.00 ns, 99.8890 us/op
WorkloadWarmup  24: 260 op, 27388008.00 ns, 105.3385 us/op
WorkloadWarmup  25: 260 op, 32551082.00 ns, 125.1965 us/op

// BeforeActualRun
WorkloadActual   1: 260 op, 39659948.00 ns, 152.5383 us/op
WorkloadActual   2: 260 op, 41116427.00 ns, 158.1401 us/op
WorkloadActual   3: 260 op, 32396061.00 ns, 124.6002 us/op
WorkloadActual   4: 260 op, 28856189.00 ns, 110.9853 us/op
WorkloadActual   5: 260 op, 29867512.00 ns, 114.8750 us/op
WorkloadActual   6: 260 op, 24925991.00 ns, 95.8692 us/op

// AfterActualRun
WorkloadResult   1: 260 op, 39659948.00 ns, 152.5383 us/op
WorkloadResult   2: 260 op, 41116427.00 ns, 158.1401 us/op
WorkloadResult   3: 260 op, 32396061.00 ns, 124.6002 us/op
WorkloadResult   4: 260 op, 28856189.00 ns, 110.9853 us/op
WorkloadResult   5: 260 op, 29867512.00 ns, 114.8750 us/op
WorkloadResult   6: 260 op, 24925991.00 ns, 95.8692 us/op
// GC:  0 0 0 0 260
// Threading:  0 0 260

// AfterAll
// Benchmark Process 5368 has exited with code 0.

Mean = 126.168 us, StdErr = 9.994 us (7.92%), N = 6, StdDev = 24.479 us
Min = 95.869 us, Q1 = 111.958 us, Median = 119.738 us, Q3 = 145.554 us, Max = 158.140 us
IQR = 33.596 us, LowerFence = 61.564 us, UpperFence = 195.948 us
ConfidenceInterval = [57.524 us; 194.812 us] (CI 99.9%), Margin = 68.644 us (54.41% of Mean)
Skewness = 0.21, Kurtosis = 1.13, MValue = 2

// ** Remained 10 (20.0 %) benchmark(s) to run. Estimated finish 2026-10-09 23:31 (0h 0m from now) **
// **************************
// Benchmark: CodecSuite.Run: campaign(EvaluateOverhead=False, Clock=Armonik.Ffi.Bdn.CpuClock, IterationCount=6, IterationTime=40ms, LaunchCount=1, RunStrategy=Throughput, WarmupCount=25) [Case=core-(...)|drop [40]]
// *** Execute ***
// Launch: 1 / 1
// Execute: dotnet BenchDotNet-campaign-1.dll --anonymousPipes 176 177 --benchmarkName "Armonik.Ffi.Bdn.CodecSuite.Run(Case: \"core-ffi|encode-core-hot|P6.1|ascii|drop\")" --job campaign --benchmarkId 40 in /home/user/ArmoniK.Api/ffi/poc/csharp/src/BenchDotNet/bin/Release/net8.0/BenchDotNet-campaign-1/bin/Release/net8.0
// BeforeAnythingElse

// Benchmark Process Environment Information:
// BenchmarkDotNet v0.15.8
// Runtime=.NET 8.0.31 (8.0.31, 8.0.3126.42015), X64 RyuJIT x86-64-v4
// GC=Concurrent Workstation
// HardwareIntrinsics=AVX512 IFMA+VBMI,AVX512 F+BW+CD+DQ+VL,AVX2+BMI1+BMI2+F16C+FMA+LZCNT+MOVBE,AVX,SSE3+SSSE3+SSE4.1+SSE4.2+POPCNT,X86Base+SSE+SSE2,AES+PCLMUL,AvxVnni,SERIALIZE VectorSize=256
// Job: campaign(EvaluateOverhead=False, Clock=Armonik.Ffi.Bdn.CpuClock, IterationCount=6, IterationTime=40ms, LaunchCount=1, RunStrategy=Throughput, WarmupCount=25)

OverheadJitting  1: 1 op, 230570.00 ns, 230.5700 us/op
WorkloadJitting  1: 1 op, 6188128.00 ns, 6.1881 ms/op

WorkloadPilot    1: 4 op, 3362422.00 ns, 840.6055 us/op
WorkloadPilot    2: 48 op, 5196994.00 ns, 108.2707 us/op
WorkloadPilot    3: 369 op, 52458289.00 ns, 142.1634 us/op
WorkloadPilot    4: 281 op, 34974014.00 ns, 124.4627 us/op
WorkloadPilot    5: 321 op, 43721412.00 ns, 136.2038 us/op
WorkloadPilot    6: 294 op, 43604701.00 ns, 148.3153 us/op

WorkloadWarmup   1: 294 op, 31603650.00 ns, 107.4954 us/op
WorkloadWarmup   2: 294 op, 34056262.00 ns, 115.8376 us/op
WorkloadWarmup   3: 294 op, 31625102.00 ns, 107.5684 us/op
WorkloadWarmup   4: 294 op, 28536243.00 ns, 97.0621 us/op
WorkloadWarmup   5: 294 op, 31925767.00 ns, 108.5910 us/op
WorkloadWarmup   6: 294 op, 35223446.00 ns, 119.8076 us/op
WorkloadWarmup   7: 294 op, 32736338.00 ns, 111.3481 us/op
WorkloadWarmup   8: 294 op, 31795419.00 ns, 108.1477 us/op
WorkloadWarmup   9: 294 op, 32585324.00 ns, 110.8344 us/op
WorkloadWarmup  10: 294 op, 30405580.00 ns, 103.4203 us/op
WorkloadWarmup  11: 294 op, 31034462.00 ns, 105.5594 us/op
WorkloadWarmup  12: 294 op, 31092505.00 ns, 105.7568 us/op
WorkloadWarmup  13: 294 op, 30763322.00 ns, 104.6371 us/op
WorkloadWarmup  14: 294 op, 30610779.00 ns, 104.1183 us/op
WorkloadWarmup  15: 294 op, 30842243.00 ns, 104.9056 us/op
WorkloadWarmup  16: 294 op, 30936860.00 ns, 105.2274 us/op
WorkloadWarmup  17: 294 op, 31195587.00 ns, 106.1074 us/op
WorkloadWarmup  18: 294 op, 39006823.00 ns, 132.6763 us/op
WorkloadWarmup  19: 294 op, 29782697.00 ns, 101.3017 us/op
WorkloadWarmup  20: 294 op, 29975327.00 ns, 101.9569 us/op
WorkloadWarmup  21: 294 op, 31177605.00 ns, 106.0463 us/op
WorkloadWarmup  22: 294 op, 32505733.00 ns, 110.5637 us/op
WorkloadWarmup  23: 294 op, 30764465.00 ns, 104.6410 us/op
WorkloadWarmup  24: 294 op, 35178659.00 ns, 119.6553 us/op
WorkloadWarmup  25: 294 op, 31856051.00 ns, 108.3539 us/op

// BeforeActualRun
WorkloadActual   1: 294 op, 34469068.00 ns, 117.2417 us/op
WorkloadActual   2: 294 op, 34165811.00 ns, 116.2102 us/op
WorkloadActual   3: 294 op, 31911848.00 ns, 108.5437 us/op
WorkloadActual   4: 294 op, 32255671.00 ns, 109.7132 us/op
WorkloadActual   5: 294 op, 27825856.00 ns, 94.6458 us/op
WorkloadActual   6: 294 op, 25115322.00 ns, 85.4263 us/op

// AfterActualRun
WorkloadResult   1: 294 op, 34469068.00 ns, 117.2417 us/op
WorkloadResult   2: 294 op, 34165811.00 ns, 116.2102 us/op
WorkloadResult   3: 294 op, 31911848.00 ns, 108.5437 us/op
WorkloadResult   4: 294 op, 32255671.00 ns, 109.7132 us/op
WorkloadResult   5: 294 op, 27825856.00 ns, 94.6458 us/op
WorkloadResult   6: 294 op, 25115322.00 ns, 85.4263 us/op
// GC:  0 0 0 0 294
// Threading:  0 0 294

// AfterAll
// Benchmark Process 5377 has exited with code 0.

Mean = 105.297 us, StdErr = 5.164 us (4.90%), N = 6, StdDev = 12.650 us
Min = 85.426 us, Q1 = 98.120 us, Median = 109.128 us, Q3 = 114.586 us, Max = 117.242 us
IQR = 16.466 us, LowerFence = 73.422 us, UpperFence = 139.285 us
ConfidenceInterval = [69.824 us; 140.770 us] (CI 99.9%), Margin = 35.473 us (33.69% of Mean)
Skewness = -0.49, Kurtosis = 1.33, MValue = 2

// ** Remained 9 (18.0 %) benchmark(s) to run. Estimated finish 2026-10-09 23:31 (0h 0m from now) **
// **************************
// Benchmark: CodecSuite.Run: campaign(EvaluateOverhead=False, Clock=Armonik.Ffi.Bdn.CpuClock, IterationCount=6, IterationTime=40ms, LaunchCount=1, RunStrategy=Throughput, WarmupCount=25) [Case=core-(...)etain [42]]
// *** Execute ***
// Launch: 1 / 1
// Execute: dotnet BenchDotNet-campaign-1.dll --anonymousPipes 176 177 --benchmarkName "Armonik.Ffi.Bdn.CodecSuite.Run(Case: \"core-ffi|encode-core-hot|P5.3|ascii|retain\")" --job campaign --benchmarkId 41 in /home/user/ArmoniK.Api/ffi/poc/csharp/src/BenchDotNet/bin/Release/net8.0/BenchDotNet-campaign-1/bin/Release/net8.0
// BeforeAnythingElse

// Benchmark Process Environment Information:
// BenchmarkDotNet v0.15.8
// Runtime=.NET 8.0.31 (8.0.31, 8.0.3126.42015), X64 RyuJIT x86-64-v4
// GC=Concurrent Workstation
// HardwareIntrinsics=AVX512 IFMA+VBMI,AVX512 F+BW+CD+DQ+VL,AVX2+BMI1+BMI2+F16C+FMA+LZCNT+MOVBE,AVX,SSE3+SSSE3+SSE4.1+SSE4.2+POPCNT,X86Base+SSE+SSE2,AES+PCLMUL,AvxVnni,SERIALIZE VectorSize=256
// Job: campaign(EvaluateOverhead=False, Clock=Armonik.Ffi.Bdn.CpuClock, IterationCount=6, IterationTime=40ms, LaunchCount=1, RunStrategy=Throughput, WarmupCount=25)

OverheadJitting  1: 1 op, 310335.00 ns, 310.3350 us/op
WorkloadJitting  1: 1 op, 4423476.00 ns, 4.4235 ms/op

WorkloadPilot    1: 4 op, 336435.00 ns, 84.1088 us/op
WorkloadPilot    2: 476 op, 21905130.00 ns, 46.0192 us/op
WorkloadPilot    3: 869 op, 40719053.00 ns, 46.8574 us/op
WorkloadPilot    4: 854 op, 39942891.00 ns, 46.7715 us/op

WorkloadWarmup   1: 854 op, 39407810.00 ns, 46.1450 us/op
WorkloadWarmup   2: 854 op, 39466909.00 ns, 46.2142 us/op
WorkloadWarmup   3: 854 op, 39976999.00 ns, 46.8115 us/op
WorkloadWarmup   4: 854 op, 41519146.00 ns, 48.6173 us/op
WorkloadWarmup   5: 854 op, 39513171.00 ns, 46.2684 us/op
WorkloadWarmup   6: 854 op, 39530884.00 ns, 46.2891 us/op
WorkloadWarmup   7: 854 op, 39414841.00 ns, 46.1532 us/op
WorkloadWarmup   8: 854 op, 37353091.00 ns, 43.7390 us/op
WorkloadWarmup   9: 854 op, 38124139.00 ns, 44.6418 us/op
WorkloadWarmup  10: 854 op, 38635168.00 ns, 45.2402 us/op
WorkloadWarmup  11: 854 op, 35273398.00 ns, 41.3037 us/op
WorkloadWarmup  12: 854 op, 34212176.00 ns, 40.0611 us/op
WorkloadWarmup  13: 854 op, 37833424.00 ns, 44.3014 us/op
WorkloadWarmup  14: 854 op, 33930586.00 ns, 39.7314 us/op
WorkloadWarmup  15: 854 op, 33471010.00 ns, 39.1932 us/op
WorkloadWarmup  16: 854 op, 33354279.00 ns, 39.0565 us/op
WorkloadWarmup  17: 854 op, 33270551.00 ns, 38.9585 us/op
WorkloadWarmup  18: 854 op, 33897921.00 ns, 39.6931 us/op
WorkloadWarmup  19: 854 op, 33699481.00 ns, 39.4608 us/op
WorkloadWarmup  20: 854 op, 35582853.00 ns, 41.6661 us/op
WorkloadWarmup  21: 854 op, 38791477.00 ns, 45.4233 us/op
WorkloadWarmup  22: 854 op, 39523874.00 ns, 46.2809 us/op
WorkloadWarmup  23: 854 op, 38357098.00 ns, 44.9146 us/op
WorkloadWarmup  24: 854 op, 45649739.00 ns, 53.4540 us/op
WorkloadWarmup  25: 854 op, 32771667.00 ns, 38.3743 us/op

// BeforeActualRun
WorkloadActual   1: 854 op, 33519635.00 ns, 39.2502 us/op
WorkloadActual   2: 854 op, 34506701.00 ns, 40.4060 us/op
WorkloadActual   3: 854 op, 33140616.00 ns, 38.8063 us/op
WorkloadActual   4: 854 op, 33989675.00 ns, 39.8006 us/op
WorkloadActual   5: 854 op, 34633158.00 ns, 40.5540 us/op
WorkloadActual   6: 854 op, 33747612.00 ns, 39.5171 us/op

// AfterActualRun
WorkloadResult   1: 854 op, 33519635.00 ns, 39.2502 us/op
WorkloadResult   2: 854 op, 34506701.00 ns, 40.4060 us/op
WorkloadResult   3: 854 op, 33140616.00 ns, 38.8063 us/op
WorkloadResult   4: 854 op, 33989675.00 ns, 39.8006 us/op
WorkloadResult   5: 854 op, 34633158.00 ns, 40.5540 us/op
WorkloadResult   6: 854 op, 33747612.00 ns, 39.5171 us/op
// GC:  0 0 0 0 854
// Threading:  0 0 854

// AfterAll
// Benchmark Process 5386 has exited with code 0.

Mean = 39.722 us, StdErr = 0.275 us (0.69%), N = 6, StdDev = 0.674 us
Min = 38.806 us, Q1 = 39.317 us, Median = 39.659 us, Q3 = 40.255 us, Max = 40.554 us
IQR = 0.938 us, LowerFence = 37.910 us, UpperFence = 41.661 us
ConfidenceInterval = [37.833 us; 41.612 us] (CI 99.9%), Margin = 1.889 us (4.76% of Mean)
Skewness = 0.01, Kurtosis = 1.18, MValue = 2

// ** Remained 8 (16.0 %) benchmark(s) to run. Estimated finish 2026-10-09 23:31 (0h 0m from now) **
// **************************
// Benchmark: CodecSuite.Run: campaign(EvaluateOverhead=False, Clock=Armonik.Ffi.Bdn.CpuClock, IterationCount=6, IterationTime=40ms, LaunchCount=1, RunStrategy=Throughput, WarmupCount=25) [Case=core-(...)|drop [40]]
// *** Execute ***
// Launch: 1 / 1
// Execute: dotnet BenchDotNet-campaign-1.dll --anonymousPipes 176 177 --benchmarkName "Armonik.Ffi.Bdn.CodecSuite.Run(Case: \"core-ffi|encode-core-hot|P5.3|ascii|drop\")" --job campaign --benchmarkId 42 in /home/user/ArmoniK.Api/ffi/poc/csharp/src/BenchDotNet/bin/Release/net8.0/BenchDotNet-campaign-1/bin/Release/net8.0
// BeforeAnythingElse

// Benchmark Process Environment Information:
// BenchmarkDotNet v0.15.8
// Runtime=.NET 8.0.31 (8.0.31, 8.0.3126.42015), X64 RyuJIT x86-64-v4
// GC=Concurrent Workstation
// HardwareIntrinsics=AVX512 IFMA+VBMI,AVX512 F+BW+CD+DQ+VL,AVX2+BMI1+BMI2+F16C+FMA+LZCNT+MOVBE,AVX,SSE3+SSSE3+SSE4.1+SSE4.2+POPCNT,X86Base+SSE+SSE2,AES+PCLMUL,AvxVnni,SERIALIZE VectorSize=256
// Job: campaign(EvaluateOverhead=False, Clock=Armonik.Ffi.Bdn.CpuClock, IterationCount=6, IterationTime=40ms, LaunchCount=1, RunStrategy=Throughput, WarmupCount=25)

OverheadJitting  1: 1 op, 221419.00 ns, 221.4190 us/op
WorkloadJitting  1: 1 op, 3418737.00 ns, 3.4187 ms/op

WorkloadPilot    1: 4 op, 295466.00 ns, 73.8665 us/op
WorkloadPilot    2: 542 op, 22532026.00 ns, 41.5720 us/op
WorkloadPilot    3: 962 op, 40672119.00 ns, 42.2787 us/op
WorkloadPilot    4: 946 op, 41624149.00 ns, 44.0002 us/op
WorkloadPilot    5: 909 op, 41329642.00 ns, 45.4672 us/op

WorkloadWarmup   1: 909 op, 38532071.00 ns, 42.3895 us/op
WorkloadWarmup   2: 909 op, 38776367.00 ns, 42.6583 us/op
WorkloadWarmup   3: 909 op, 38650606.00 ns, 42.5199 us/op
WorkloadWarmup   4: 909 op, 39964449.00 ns, 43.9653 us/op
WorkloadWarmup   5: 909 op, 36725513.00 ns, 40.4021 us/op
WorkloadWarmup   6: 909 op, 39064306.00 ns, 42.9750 us/op
WorkloadWarmup   7: 909 op, 40007469.00 ns, 44.0126 us/op
WorkloadWarmup   8: 909 op, 39421602.00 ns, 43.3681 us/op
WorkloadWarmup   9: 909 op, 39359889.00 ns, 43.3002 us/op
WorkloadWarmup  10: 909 op, 37457094.00 ns, 41.2069 us/op
WorkloadWarmup  11: 909 op, 37766257.00 ns, 41.5470 us/op
WorkloadWarmup  12: 909 op, 37641996.00 ns, 41.4103 us/op
WorkloadWarmup  13: 909 op, 39311805.00 ns, 43.2473 us/op
WorkloadWarmup  14: 909 op, 39945564.00 ns, 43.9445 us/op
WorkloadWarmup  15: 909 op, 39423753.00 ns, 43.3705 us/op
WorkloadWarmup  16: 909 op, 38501542.00 ns, 42.3559 us/op
WorkloadWarmup  17: 909 op, 38813908.00 ns, 42.6996 us/op
WorkloadWarmup  18: 909 op, 38281868.00 ns, 42.1143 us/op
WorkloadWarmup  19: 909 op, 38709172.00 ns, 42.5843 us/op
WorkloadWarmup  20: 909 op, 37805703.00 ns, 41.5904 us/op
WorkloadWarmup  21: 909 op, 39381024.00 ns, 43.3235 us/op
WorkloadWarmup  22: 909 op, 38056414.00 ns, 41.8662 us/op
WorkloadWarmup  23: 909 op, 38492525.00 ns, 42.3460 us/op
WorkloadWarmup  24: 909 op, 41130463.00 ns, 45.2480 us/op
WorkloadWarmup  25: 909 op, 37474138.00 ns, 41.2257 us/op

// BeforeActualRun
WorkloadActual   1: 909 op, 38294875.00 ns, 42.1286 us/op
WorkloadActual   2: 909 op, 38334818.00 ns, 42.1725 us/op
WorkloadActual   3: 909 op, 38457375.00 ns, 42.3073 us/op
WorkloadActual   4: 909 op, 37699832.00 ns, 41.4740 us/op
WorkloadActual   5: 909 op, 40091195.00 ns, 44.1047 us/op
WorkloadActual   6: 909 op, 39664974.00 ns, 43.6358 us/op

// AfterActualRun
WorkloadResult   1: 909 op, 38294875.00 ns, 42.1286 us/op
WorkloadResult   2: 909 op, 38334818.00 ns, 42.1725 us/op
WorkloadResult   3: 909 op, 38457375.00 ns, 42.3073 us/op
WorkloadResult   4: 909 op, 37699832.00 ns, 41.4740 us/op
WorkloadResult   5: 909 op, 40091195.00 ns, 44.1047 us/op
WorkloadResult   6: 909 op, 39664974.00 ns, 43.6358 us/op
// GC:  0 0 0 0 909
// Threading:  0 0 909

// AfterAll
// Benchmark Process 5395 has exited with code 0.

Mean = 42.637 us, StdErr = 0.412 us (0.97%), N = 6, StdDev = 1.009 us
Min = 41.474 us, Q1 = 42.140 us, Median = 42.240 us, Q3 = 43.304 us, Max = 44.105 us
IQR = 1.164 us, LowerFence = 40.393 us, UpperFence = 45.050 us
ConfidenceInterval = [39.809 us; 45.466 us] (CI 99.9%), Margin = 2.829 us (6.63% of Mean)
Skewness = 0.38, Kurtosis = 1.22, MValue = 2

// ** Remained 7 (14.0 %) benchmark(s) to run. Estimated finish 2026-10-09 23:31 (0h 0m from now) **
// **************************
// Benchmark: CodecSuite.Run: campaign(EvaluateOverhead=False, Clock=Armonik.Ffi.Bdn.CpuClock, IterationCount=6, IterationTime=40ms, LaunchCount=1, RunStrategy=Throughput, WarmupCount=25) [Case=core-(...)|drop [81]]
// *** Execute ***
// Launch: 1 / 1
// Execute: dotnet BenchDotNet-campaign-1.dll --anonymousPipes 176 177 --benchmarkName "Armonik.Ffi.Bdn.CodecSuite.Run(Case: \"core-ffi|encode-core-hot|U-wire-UploadResultDataMessage-upload-as-wt5|corpus|drop\")" --job campaign --benchmarkId 43 in /home/user/ArmoniK.Api/ffi/poc/csharp/src/BenchDotNet/bin/Release/net8.0/BenchDotNet-campaign-1/bin/Release/net8.0
// BeforeAnythingElse

// Benchmark Process Environment Information:
// BenchmarkDotNet v0.15.8
// Runtime=.NET 8.0.31 (8.0.31, 8.0.3126.42015), X64 RyuJIT x86-64-v4
// GC=Concurrent Workstation
// HardwareIntrinsics=AVX512 IFMA+VBMI,AVX512 F+BW+CD+DQ+VL,AVX2+BMI1+BMI2+F16C+FMA+LZCNT+MOVBE,AVX,SSE3+SSSE3+SSE4.1+SSE4.2+POPCNT,X86Base+SSE+SSE2,AES+PCLMUL,AvxVnni,SERIALIZE VectorSize=256
// Job: campaign(EvaluateOverhead=False, Clock=Armonik.Ffi.Bdn.CpuClock, IterationCount=6, IterationTime=40ms, LaunchCount=1, RunStrategy=Throughput, WarmupCount=25)

OverheadJitting  1: 1 op, 230728.00 ns, 230.7280 us/op
WorkloadJitting  1: 1 op, 2345896.00 ns, 2.3459 ms/op

OverheadJitting  2: 16 op, 407539.00 ns, 25.4712 us/op
WorkloadJitting  2: 16 op, 454473.00 ns, 28.4046 us/op

WorkloadPilot    1: 16 op, 13124.00 ns, 820.2500 ns/op
WorkloadPilot    2: 48768 op, 9096180.00 ns, 186.5194 ns/op
WorkloadPilot    3: 214464 op, 38675496.00 ns, 180.3356 ns/op
WorkloadPilot    4: 221824 op, 42601349.00 ns, 192.0502 ns/op
WorkloadPilot    5: 208288 op, 42316312.00 ns, 203.1625 ns/op
WorkloadPilot    6: 196896 op, 15687999.00 ns, 79.6766 ns/op
WorkloadPilot    7: 502032 op, 39717077.00 ns, 79.1126 ns/op
WorkloadPilot    8: 505616 op, 39902598.00 ns, 78.9188 ns/op
WorkloadPilot    9: 506864 op, 40550874.00 ns, 80.0035 ns/op

WorkloadWarmup   1: 506864 op, 40419819.00 ns, 79.7449 ns/op
WorkloadWarmup   2: 506864 op, 40209681.00 ns, 79.3303 ns/op
WorkloadWarmup   3: 506864 op, 43470613.00 ns, 85.7639 ns/op
WorkloadWarmup   4: 506864 op, 43490475.00 ns, 85.8030 ns/op
WorkloadWarmup   5: 506864 op, 46452468.00 ns, 91.6468 ns/op
WorkloadWarmup   6: 506864 op, 43515425.00 ns, 85.8523 ns/op
WorkloadWarmup   7: 506864 op, 44537451.00 ns, 87.8686 ns/op
WorkloadWarmup   8: 506864 op, 44103384.00 ns, 87.0123 ns/op
WorkloadWarmup   9: 506864 op, 37818153.00 ns, 74.6120 ns/op
WorkloadWarmup  10: 506864 op, 35436156.00 ns, 69.9126 ns/op
WorkloadWarmup  11: 506864 op, 35903987.00 ns, 70.8355 ns/op
WorkloadWarmup  12: 506864 op, 35701404.00 ns, 70.4359 ns/op
WorkloadWarmup  13: 506864 op, 39488834.00 ns, 77.9081 ns/op
WorkloadWarmup  14: 506864 op, 35683201.00 ns, 70.4000 ns/op
WorkloadWarmup  15: 506864 op, 34931712.00 ns, 68.9173 ns/op
WorkloadWarmup  16: 506864 op, 34849572.00 ns, 68.7553 ns/op
WorkloadWarmup  17: 506864 op, 34992285.00 ns, 69.0368 ns/op
WorkloadWarmup  18: 506864 op, 34772122.00 ns, 68.6025 ns/op
WorkloadWarmup  19: 506864 op, 34882003.00 ns, 68.8193 ns/op
WorkloadWarmup  20: 506864 op, 35212906.00 ns, 69.4721 ns/op
WorkloadWarmup  21: 506864 op, 34783604.00 ns, 68.6251 ns/op
WorkloadWarmup  22: 506864 op, 34866661.00 ns, 68.7890 ns/op
WorkloadWarmup  23: 506864 op, 35501050.00 ns, 70.0406 ns/op
WorkloadWarmup  24: 506864 op, 34769870.00 ns, 68.5980 ns/op
WorkloadWarmup  25: 506864 op, 34909670.00 ns, 68.8738 ns/op

// BeforeActualRun
WorkloadActual   1: 506864 op, 34945301.00 ns, 68.9441 ns/op
WorkloadActual   2: 506864 op, 35001886.00 ns, 69.0558 ns/op
WorkloadActual   3: 506864 op, 35046187.00 ns, 69.1432 ns/op
WorkloadActual   4: 506864 op, 36778659.00 ns, 72.5612 ns/op
WorkloadActual   5: 506864 op, 43249716.00 ns, 85.3280 ns/op
WorkloadActual   6: 506864 op, 42991767.00 ns, 84.8191 ns/op

// AfterActualRun
WorkloadResult   1: 506864 op, 34945301.00 ns, 68.9441 ns/op
WorkloadResult   2: 506864 op, 35001886.00 ns, 69.0558 ns/op
WorkloadResult   3: 506864 op, 35046187.00 ns, 69.1432 ns/op
WorkloadResult   4: 506864 op, 36778659.00 ns, 72.5612 ns/op
WorkloadResult   5: 506864 op, 43249716.00 ns, 85.3280 ns/op
WorkloadResult   6: 506864 op, 42991767.00 ns, 84.8191 ns/op
// GC:  0 0 0 0 506864
// Threading:  0 0 506864

// AfterAll
// Benchmark Process 5404 has exited with code 0.

Mean = 74.975 ns, StdErr = 3.242 ns (4.32%), N = 6, StdDev = 7.942 ns
Min = 68.944 ns, Q1 = 69.078 ns, Median = 70.852 ns, Q3 = 81.755 ns, Max = 85.328 ns
IQR = 12.677 ns, LowerFence = 50.062 ns, UpperFence = 100.770 ns
ConfidenceInterval = [52.706 ns; 97.245 ns] (CI 99.9%), Margin = 22.269 ns (29.70% of Mean)
Skewness = 0.47, Kurtosis = 1.03, MValue = 2

// ** Remained 6 (12.0 %) benchmark(s) to run. Estimated finish 2026-10-09 23:31 (0h 0m from now) **
// **************************
// Benchmark: CodecSuite.Run: campaign(EvaluateOverhead=False, Clock=Armonik.Ffi.Bdn.CpuClock, IterationCount=6, IterationTime=40ms, LaunchCount=1, RunStrategy=Throughput, WarmupCount=25) [Case=core-(...)etain [82]]
// *** Execute ***
// Launch: 1 / 1
// Execute: dotnet BenchDotNet-campaign-1.dll --anonymousPipes 176 177 --benchmarkName "Armonik.Ffi.Bdn.CodecSuite.Run(Case: \"core-ffi|encode-core-hot|U-wire-ListTaskSummaryResponse-tasks-as-wt5|corpus|retain\")" --job campaign --benchmarkId 44 in /home/user/ArmoniK.Api/ffi/poc/csharp/src/BenchDotNet/bin/Release/net8.0/BenchDotNet-campaign-1/bin/Release/net8.0
// BeforeAnythingElse

// Benchmark Process Environment Information:
// BenchmarkDotNet v0.15.8
// Runtime=.NET 8.0.31 (8.0.31, 8.0.3126.42015), X64 RyuJIT x86-64-v4
// GC=Concurrent Workstation
// HardwareIntrinsics=AVX512 IFMA+VBMI,AVX512 F+BW+CD+DQ+VL,AVX2+BMI1+BMI2+F16C+FMA+LZCNT+MOVBE,AVX,SSE3+SSSE3+SSE4.1+SSE4.2+POPCNT,X86Base+SSE+SSE2,AES+PCLMUL,AvxVnni,SERIALIZE VectorSize=256
// Job: campaign(EvaluateOverhead=False, Clock=Armonik.Ffi.Bdn.CpuClock, IterationCount=6, IterationTime=40ms, LaunchCount=1, RunStrategy=Throughput, WarmupCount=25)

OverheadJitting  1: 1 op, 229748.00 ns, 229.7480 us/op
WorkloadJitting  1: 1 op, 3992333.00 ns, 3.9923 ms/op

WorkloadPilot    1: 4 op, 22897.00 ns, 5.7243 us/op
WorkloadPilot    2: 6988 op, 10441166.00 ns, 1.4942 us/op
WorkloadPilot    3: 26771 op, 41693256.00 ns, 1.5574 us/op
WorkloadPilot    4: 25684 op, 37657389.00 ns, 1.4662 us/op
WorkloadPilot    5: 27282 op, 53420826.00 ns, 1.9581 us/op
WorkloadPilot    6: 20428 op, 19946873.00 ns, 976.4477 ns/op
WorkloadPilot    7: 40965 op, 36456953.00 ns, 889.9537 ns/op
WorkloadPilot    8: 44946 op, 39824271.00 ns, 886.0471 ns/op
WorkloadPilot    9: 45144 op, 42233603.00 ns, 935.5308 ns/op

WorkloadWarmup   1: 45144 op, 42237060.00 ns, 935.6074 ns/op
WorkloadWarmup   2: 45144 op, 41662374.00 ns, 922.8773 ns/op
WorkloadWarmup   3: 45144 op, 43040801.00 ns, 953.4113 ns/op
WorkloadWarmup   4: 45144 op, 41757012.00 ns, 924.9737 ns/op
WorkloadWarmup   5: 45144 op, 41546070.00 ns, 920.3010 ns/op
WorkloadWarmup   6: 45144 op, 41927677.00 ns, 928.7541 ns/op
WorkloadWarmup   7: 45144 op, 44224823.00 ns, 979.6390 ns/op
WorkloadWarmup   8: 45144 op, 51346662.00 ns, 1.1374 us/op
WorkloadWarmup   9: 45144 op, 43837430.00 ns, 971.0577 ns/op
WorkloadWarmup  10: 45144 op, 43850010.00 ns, 971.3364 ns/op
WorkloadWarmup  11: 45144 op, 42812695.00 ns, 948.3585 ns/op
WorkloadWarmup  12: 45144 op, 42208708.00 ns, 934.9794 ns/op
WorkloadWarmup  13: 45144 op, 42359289.00 ns, 938.3149 ns/op
WorkloadWarmup  14: 45144 op, 41427188.00 ns, 917.6676 ns/op
WorkloadWarmup  15: 45144 op, 40769112.00 ns, 903.0904 ns/op
WorkloadWarmup  16: 45144 op, 40147015.00 ns, 889.3101 ns/op
WorkloadWarmup  17: 45144 op, 40289988.00 ns, 892.4771 ns/op
WorkloadWarmup  18: 45144 op, 40954702.00 ns, 907.2014 ns/op
WorkloadWarmup  19: 45144 op, 41574754.00 ns, 920.9364 ns/op
WorkloadWarmup  20: 45144 op, 41600816.00 ns, 921.5137 ns/op
WorkloadWarmup  21: 45144 op, 42018059.00 ns, 930.7562 ns/op
WorkloadWarmup  22: 45144 op, 43050991.00 ns, 953.6371 ns/op
WorkloadWarmup  23: 45144 op, 44285509.00 ns, 980.9833 ns/op
WorkloadWarmup  24: 45144 op, 44480163.00 ns, 985.2951 ns/op
WorkloadWarmup  25: 45144 op, 43573036.00 ns, 965.2010 ns/op

// BeforeActualRun
WorkloadActual   1: 45144 op, 47005647.00 ns, 1.0412 us/op
WorkloadActual   2: 45144 op, 50125801.00 ns, 1.1104 us/op
WorkloadActual   3: 45144 op, 43391876.00 ns, 961.1881 ns/op
WorkloadActual   4: 45144 op, 43681088.00 ns, 967.5945 ns/op
WorkloadActual   5: 45144 op, 46325934.00 ns, 1.0262 us/op
WorkloadActual   6: 45144 op, 42332461.00 ns, 937.7206 ns/op

// AfterActualRun
WorkloadResult   1: 45144 op, 47005647.00 ns, 1.0412 us/op
WorkloadResult   2: 45144 op, 50125801.00 ns, 1.1104 us/op
WorkloadResult   3: 45144 op, 43391876.00 ns, 961.1881 ns/op
WorkloadResult   4: 45144 op, 43681088.00 ns, 967.5945 ns/op
WorkloadResult   5: 45144 op, 46325934.00 ns, 1.0262 us/op
WorkloadResult   6: 45144 op, 42332461.00 ns, 937.7206 ns/op
// GC:  0 0 0 0 45144
// Threading:  0 0 45144

// AfterAll
// Benchmark Process 5413 has exited with code 0.

Mean = 1.007 us, StdErr = 0.026 us (2.61%), N = 6, StdDev = 0.064 us
Min = 0.938 us, Q1 = 0.963 us, Median = 0.997 us, Q3 = 1.037 us, Max = 1.110 us
IQR = 0.075 us, LowerFence = 0.851 us, UpperFence = 1.150 us
ConfidenceInterval = [0.827 us; 1.188 us] (CI 99.9%), Margin = 0.180 us (17.90% of Mean)
Skewness = 0.4, Kurtosis = 1.41, MValue = 2

// ** Remained 5 (10.0 %) benchmark(s) to run. Estimated finish 2026-10-09 23:31 (0h 0m from now) **
// **************************
// Benchmark: CodecSuite.Run: campaign(EvaluateOverhead=False, Clock=Armonik.Ffi.Bdn.CpuClock, IterationCount=6, IterationTime=40ms, LaunchCount=1, RunStrategy=Throughput, WarmupCount=25) [Case=core-(...)|drop [40]]
// *** Execute ***
// Launch: 1 / 1
// Execute: dotnet BenchDotNet-campaign-1.dll --anonymousPipes 176 177 --benchmarkName "Armonik.Ffi.Bdn.CodecSuite.Run(Case: \"core-ffi|encode-core-hot|P1.2|ascii|drop\")" --job campaign --benchmarkId 45 in /home/user/ArmoniK.Api/ffi/poc/csharp/src/BenchDotNet/bin/Release/net8.0/BenchDotNet-campaign-1/bin/Release/net8.0
// BeforeAnythingElse

// Benchmark Process Environment Information:
// BenchmarkDotNet v0.15.8
// Runtime=.NET 8.0.31 (8.0.31, 8.0.3126.42015), X64 RyuJIT x86-64-v4
// GC=Concurrent Workstation
// HardwareIntrinsics=AVX512 IFMA+VBMI,AVX512 F+BW+CD+DQ+VL,AVX2+BMI1+BMI2+F16C+FMA+LZCNT+MOVBE,AVX,SSE3+SSSE3+SSE4.1+SSE4.2+POPCNT,X86Base+SSE+SSE2,AES+PCLMUL,AvxVnni,SERIALIZE VectorSize=256
// Job: campaign(EvaluateOverhead=False, Clock=Armonik.Ffi.Bdn.CpuClock, IterationCount=6, IterationTime=40ms, LaunchCount=1, RunStrategy=Throughput, WarmupCount=25)

OverheadJitting  1: 1 op, 257843.00 ns, 257.8430 us/op
WorkloadJitting  1: 1 op, 5076770.00 ns, 5.0768 ms/op

WorkloadPilot    1: 4 op, 1183059.00 ns, 295.7648 us/op
WorkloadPilot    2: 135 op, 38922088.00 ns, 288.3118 us/op
WorkloadPilot    3: 139 op, 36860887.00 ns, 265.1862 us/op
WorkloadPilot    4: 151 op, 40563024.00 ns, 268.6293 us/op
WorkloadPilot    5: 149 op, 40184334.00 ns, 269.6935 us/op

WorkloadWarmup   1: 149 op, 38170835.00 ns, 256.1801 us/op
WorkloadWarmup   2: 149 op, 37431636.00 ns, 251.2190 us/op
WorkloadWarmup   3: 149 op, 36749886.00 ns, 246.6435 us/op
WorkloadWarmup   4: 149 op, 36240589.00 ns, 243.2254 us/op
WorkloadWarmup   5: 149 op, 23163868.00 ns, 155.4622 us/op
WorkloadWarmup   6: 149 op, 22257097.00 ns, 149.3765 us/op
WorkloadWarmup   7: 149 op, 22309096.00 ns, 149.7255 us/op
WorkloadWarmup   8: 149 op, 22410288.00 ns, 150.4046 us/op
WorkloadWarmup   9: 149 op, 22078852.00 ns, 148.1802 us/op
WorkloadWarmup  10: 149 op, 22458194.00 ns, 150.7261 us/op
WorkloadWarmup  11: 149 op, 21833501.00 ns, 146.5336 us/op
WorkloadWarmup  12: 149 op, 25289747.00 ns, 169.7298 us/op
WorkloadWarmup  13: 149 op, 26530800.00 ns, 178.0591 us/op
WorkloadWarmup  14: 149 op, 23819899.00 ns, 159.8651 us/op
WorkloadWarmup  15: 149 op, 33634307.00 ns, 225.7336 us/op
WorkloadWarmup  16: 149 op, 34058155.00 ns, 228.5782 us/op
WorkloadWarmup  17: 149 op, 31392589.00 ns, 210.6885 us/op
WorkloadWarmup  18: 149 op, 24715237.00 ns, 165.8741 us/op
WorkloadWarmup  19: 149 op, 27015162.00 ns, 181.3098 us/op
WorkloadWarmup  20: 149 op, 22977558.00 ns, 154.2118 us/op
WorkloadWarmup  21: 149 op, 24876498.00 ns, 166.9564 us/op
WorkloadWarmup  22: 149 op, 19909675.00 ns, 133.6220 us/op
WorkloadWarmup  23: 149 op, 19316883.00 ns, 129.6435 us/op
WorkloadWarmup  24: 149 op, 20029116.00 ns, 134.4236 us/op
WorkloadWarmup  25: 149 op, 19639349.00 ns, 131.8077 us/op

// BeforeActualRun
WorkloadActual   1: 149 op, 19822763.00 ns, 133.0387 us/op
WorkloadActual   2: 149 op, 19291212.00 ns, 129.4712 us/op
WorkloadActual   3: 149 op, 19287136.00 ns, 129.4439 us/op
WorkloadActual   4: 149 op, 19634758.00 ns, 131.7769 us/op
WorkloadActual   5: 149 op, 19488575.00 ns, 130.7958 us/op
WorkloadActual   6: 149 op, 19722805.00 ns, 132.3678 us/op

// AfterActualRun
WorkloadResult   1: 149 op, 19822763.00 ns, 133.0387 us/op
WorkloadResult   2: 149 op, 19291212.00 ns, 129.4712 us/op
WorkloadResult   3: 149 op, 19287136.00 ns, 129.4439 us/op
WorkloadResult   4: 149 op, 19634758.00 ns, 131.7769 us/op
WorkloadResult   5: 149 op, 19488575.00 ns, 130.7958 us/op
WorkloadResult   6: 149 op, 19722805.00 ns, 132.3678 us/op
// GC:  0 0 0 0 149
// Threading:  0 0 149

// AfterAll
// Benchmark Process 5423 has exited with code 0.

Mean = 131.149 us, StdErr = 0.614 us (0.47%), N = 6, StdDev = 1.503 us
Min = 129.444 us, Q1 = 129.802 us, Median = 131.286 us, Q3 = 132.220 us, Max = 133.039 us
IQR = 2.418 us, LowerFence = 126.176 us, UpperFence = 135.847 us
ConfidenceInterval = [126.934 us; 135.364 us] (CI 99.9%), Margin = 4.215 us (3.21% of Mean)
Skewness = -0.05, Kurtosis = 1.03, MValue = 2

// ** Remained 4 (8.0 %) benchmark(s) to run. Estimated finish 2026-10-09 23:31 (0h 0m from now) **
// **************************
// Benchmark: CodecSuite.Run: campaign(EvaluateOverhead=False, Clock=Armonik.Ffi.Bdn.CpuClock, IterationCount=6, IterationTime=40ms, LaunchCount=1, RunStrategy=Throughput, WarmupCount=25) [Case=core-(...)etain [42]]
// *** Execute ***
// Launch: 1 / 1
// Execute: dotnet BenchDotNet-campaign-1.dll --anonymousPipes 176 177 --benchmarkName "Armonik.Ffi.Bdn.CodecSuite.Run(Case: \"core-ffi|encode-core-hot|P2.4|ascii|retain\")" --job campaign --benchmarkId 46 in /home/user/ArmoniK.Api/ffi/poc/csharp/src/BenchDotNet/bin/Release/net8.0/BenchDotNet-campaign-1/bin/Release/net8.0
// BeforeAnythingElse

// Benchmark Process Environment Information:
// BenchmarkDotNet v0.15.8
// Runtime=.NET 8.0.31 (8.0.31, 8.0.3126.42015), X64 RyuJIT x86-64-v4
// GC=Concurrent Workstation
// HardwareIntrinsics=AVX512 IFMA+VBMI,AVX512 F+BW+CD+DQ+VL,AVX2+BMI1+BMI2+F16C+FMA+LZCNT+MOVBE,AVX,SSE3+SSSE3+SSE4.1+SSE4.2+POPCNT,X86Base+SSE+SSE2,AES+PCLMUL,AvxVnni,SERIALIZE VectorSize=256
// Job: campaign(EvaluateOverhead=False, Clock=Armonik.Ffi.Bdn.CpuClock, IterationCount=6, IterationTime=40ms, LaunchCount=1, RunStrategy=Throughput, WarmupCount=25)

OverheadJitting  1: 1 op, 289583.00 ns, 289.5830 us/op
WorkloadJitting  1: 1 op, 13161083.00 ns, 13.1611 ms/op

WorkloadPilot    1: 4 op, 10522947.00 ns, 2.6307 ms/op
WorkloadPilot    2: 15 op, 16494588.00 ns, 1.0996 ms/op
WorkloadPilot    3: 36 op, 38973399.00 ns, 1.0826 ms/op

WorkloadWarmup   1: 36 op, 37724060.00 ns, 1.0479 ms/op
WorkloadWarmup   2: 36 op, 32900466.00 ns, 913.9018 us/op
WorkloadWarmup   3: 36 op, 37652572.00 ns, 1.0459 ms/op
WorkloadWarmup   4: 36 op, 32267494.00 ns, 896.3193 us/op
WorkloadWarmup   5: 36 op, 34580858.00 ns, 960.5794 us/op
WorkloadWarmup   6: 36 op, 28340202.00 ns, 787.2278 us/op
WorkloadWarmup   7: 36 op, 23949223.00 ns, 665.2562 us/op
WorkloadWarmup   8: 36 op, 27745761.00 ns, 770.7156 us/op
WorkloadWarmup   9: 36 op, 27546396.00 ns, 765.1777 us/op
WorkloadWarmup  10: 36 op, 27693665.00 ns, 769.2685 us/op
WorkloadWarmup  11: 36 op, 27419780.00 ns, 761.6606 us/op
WorkloadWarmup  12: 36 op, 26812731.00 ns, 744.7981 us/op
WorkloadWarmup  13: 36 op, 26768686.00 ns, 743.5746 us/op
WorkloadWarmup  14: 36 op, 27280205.00 ns, 757.7835 us/op
WorkloadWarmup  15: 36 op, 28013738.00 ns, 778.1594 us/op
WorkloadWarmup  16: 36 op, 26738917.00 ns, 742.7477 us/op
WorkloadWarmup  17: 36 op, 27329922.00 ns, 759.1645 us/op
WorkloadWarmup  18: 36 op, 27149112.00 ns, 754.1420 us/op
WorkloadWarmup  19: 36 op, 27443537.00 ns, 762.3205 us/op
WorkloadWarmup  20: 36 op, 27581223.00 ns, 766.1451 us/op
WorkloadWarmup  21: 36 op, 26892097.00 ns, 747.0027 us/op
WorkloadWarmup  22: 36 op, 26750192.00 ns, 743.0609 us/op
WorkloadWarmup  23: 36 op, 26759743.00 ns, 743.3262 us/op
WorkloadWarmup  24: 36 op, 26672769.00 ns, 740.9103 us/op
WorkloadWarmup  25: 36 op, 26733027.00 ns, 742.5841 us/op

// BeforeActualRun
WorkloadActual   1: 36 op, 26875556.00 ns, 746.5432 us/op
WorkloadActual   2: 36 op, 27025978.00 ns, 750.7216 us/op
WorkloadActual   3: 36 op, 26773054.00 ns, 743.6959 us/op
WorkloadActual   4: 36 op, 26988889.00 ns, 749.6914 us/op
WorkloadActual   5: 36 op, 26872341.00 ns, 746.4539 us/op
WorkloadActual   6: 36 op, 26994090.00 ns, 749.8358 us/op

// AfterActualRun
WorkloadResult   1: 36 op, 26875556.00 ns, 746.5432 us/op
WorkloadResult   2: 36 op, 27025978.00 ns, 750.7216 us/op
WorkloadResult   3: 36 op, 26773054.00 ns, 743.6959 us/op
WorkloadResult   4: 36 op, 26988889.00 ns, 749.6914 us/op
WorkloadResult   5: 36 op, 26872341.00 ns, 746.4539 us/op
WorkloadResult   6: 36 op, 26994090.00 ns, 749.8358 us/op
// GC:  0 0 0 0 36
// Threading:  0 0 36

// AfterAll
// Benchmark Process 5432 has exited with code 0.

Mean = 747.824 us, StdErr = 1.103 us (0.15%), N = 6, StdDev = 2.701 us
Min = 743.696 us, Q1 = 746.476 us, Median = 748.117 us, Q3 = 749.800 us, Max = 750.722 us
IQR = 3.323 us, LowerFence = 741.491 us, UpperFence = 754.785 us
ConfidenceInterval = [740.248 us; 755.399 us] (CI 99.9%), Margin = 7.575 us (1.01% of Mean)
Skewness = -0.3, Kurtosis = 1.24, MValue = 2

// ** Remained 3 (6.0 %) benchmark(s) to run. Estimated finish 2026-10-09 23:31 (0h 0m from now) **
// **************************
// Benchmark: CodecSuite.Run: campaign(EvaluateOverhead=False, Clock=Armonik.Ffi.Bdn.CpuClock, IterationCount=6, IterationTime=40ms, LaunchCount=1, RunStrategy=Throughput, WarmupCount=25) [Case=core-(...)etain [42]]
// *** Execute ***
// Launch: 1 / 1
// Execute: dotnet BenchDotNet-campaign-1.dll --anonymousPipes 176 177 --benchmarkName "Armonik.Ffi.Bdn.CodecSuite.Run(Case: \"core-ffi|encode-core-hot|P2.3|ascii|retain\")" --job campaign --benchmarkId 47 in /home/user/ArmoniK.Api/ffi/poc/csharp/src/BenchDotNet/bin/Release/net8.0/BenchDotNet-campaign-1/bin/Release/net8.0
// BeforeAnythingElse

// Benchmark Process Environment Information:
// BenchmarkDotNet v0.15.8
// Runtime=.NET 8.0.31 (8.0.31, 8.0.3126.42015), X64 RyuJIT x86-64-v4
// GC=Concurrent Workstation
// HardwareIntrinsics=AVX512 IFMA+VBMI,AVX512 F+BW+CD+DQ+VL,AVX2+BMI1+BMI2+F16C+FMA+LZCNT+MOVBE,AVX,SSE3+SSSE3+SSE4.1+SSE4.2+POPCNT,X86Base+SSE+SSE2,AES+PCLMUL,AvxVnni,SERIALIZE VectorSize=256
// Job: campaign(EvaluateOverhead=False, Clock=Armonik.Ffi.Bdn.CpuClock, IterationCount=6, IterationTime=40ms, LaunchCount=1, RunStrategy=Throughput, WarmupCount=25)

OverheadJitting  1: 1 op, 239036.00 ns, 239.0360 us/op
WorkloadJitting  1: 1 op, 11995244.00 ns, 11.9952 ms/op

WorkloadPilot    1: 4 op, 8577922.00 ns, 2.1445 ms/op
WorkloadPilot    2: 19 op, 16136928.00 ns, 849.3120 us/op
WorkloadPilot    3: 47 op, 38403003.00 ns, 817.0852 us/op
WorkloadPilot    4: 49 op, 47652244.00 ns, 972.4948 us/op
WorkloadPilot    5: 41 op, 33022356.00 ns, 805.4233 us/op
WorkloadPilot    6: 50 op, 45594008.00 ns, 911.8802 us/op
WorkloadPilot    7: 44 op, 28014924.00 ns, 636.7028 us/op
WorkloadPilot    8: 63 op, 31718537.00 ns, 503.4688 us/op
WorkloadPilot    9: 79 op, 48690280.00 ns, 616.3327 us/op

WorkloadWarmup   1: 79 op, 42273414.00 ns, 535.1065 us/op
WorkloadWarmup   2: 79 op, 40710685.00 ns, 515.3251 us/op
WorkloadWarmup   3: 79 op, 41672402.00 ns, 527.4988 us/op
WorkloadWarmup   4: 79 op, 47417227.00 ns, 600.2181 us/op
WorkloadWarmup   5: 79 op, 59662877.00 ns, 755.2263 us/op
WorkloadWarmup   6: 79 op, 40605418.00 ns, 513.9926 us/op
WorkloadWarmup   7: 79 op, 40581877.00 ns, 513.6946 us/op
WorkloadWarmup   8: 79 op, 59884025.00 ns, 758.0256 us/op
WorkloadWarmup   9: 79 op, 53835493.00 ns, 681.4619 us/op
WorkloadWarmup  10: 79 op, 45681140.00 ns, 578.2423 us/op
WorkloadWarmup  11: 79 op, 43879537.00 ns, 555.4372 us/op
WorkloadWarmup  12: 79 op, 42690851.00 ns, 540.3905 us/op
WorkloadWarmup  13: 79 op, 40039324.00 ns, 506.8269 us/op
WorkloadWarmup  14: 79 op, 39029531.00 ns, 494.0447 us/op
WorkloadWarmup  15: 79 op, 37757359.00 ns, 477.9413 us/op
WorkloadWarmup  16: 79 op, 39115494.00 ns, 495.1328 us/op
WorkloadWarmup  17: 79 op, 37958706.00 ns, 480.4899 us/op
WorkloadWarmup  18: 79 op, 48039837.00 ns, 608.0992 us/op
WorkloadWarmup  19: 79 op, 47446283.00 ns, 600.5859 us/op
WorkloadWarmup  20: 79 op, 50326068.00 ns, 637.0388 us/op
WorkloadWarmup  21: 79 op, 48865081.00 ns, 618.5453 us/op
WorkloadWarmup  22: 79 op, 45763475.00 ns, 579.2845 us/op
WorkloadWarmup  23: 79 op, 50378532.00 ns, 637.7029 us/op
WorkloadWarmup  24: 79 op, 49918870.00 ns, 631.8844 us/op
WorkloadWarmup  25: 79 op, 53282348.00 ns, 674.4601 us/op

// BeforeActualRun
WorkloadActual   1: 79 op, 54393108.00 ns, 688.5204 us/op
WorkloadActual   2: 79 op, 53216867.00 ns, 673.6312 us/op
WorkloadActual   3: 79 op, 53320913.00 ns, 674.9483 us/op
WorkloadActual   4: 79 op, 50640566.00 ns, 641.0198 us/op
WorkloadActual   5: 79 op, 58150898.00 ns, 736.0873 us/op
WorkloadActual   6: 79 op, 50762940.00 ns, 642.5689 us/op

// AfterActualRun
WorkloadResult   1: 79 op, 54393108.00 ns, 688.5204 us/op
WorkloadResult   2: 79 op, 53216867.00 ns, 673.6312 us/op
WorkloadResult   3: 79 op, 53320913.00 ns, 674.9483 us/op
WorkloadResult   4: 79 op, 50640566.00 ns, 641.0198 us/op
WorkloadResult   5: 79 op, 58150898.00 ns, 736.0873 us/op
WorkloadResult   6: 79 op, 50762940.00 ns, 642.5689 us/op
// GC:  0 0 0 0 79
// Threading:  0 0 79

// AfterAll
// Benchmark Process 5441 has exited with code 0.

Mean = 676.129 us, StdErr = 14.277 us (2.11%), N = 6, StdDev = 34.972 us
Min = 641.020 us, Q1 = 650.334 us, Median = 674.290 us, Q3 = 685.127 us, Max = 736.087 us
IQR = 34.793 us, LowerFence = 598.145 us, UpperFence = 737.317 us
ConfidenceInterval = [578.062 us; 774.197 us] (CI 99.9%), Margin = 98.067 us (14.50% of Mean)
Skewness = 0.53, Kurtosis = 1.75, MValue = 2.4

// ** Remained 2 (4.0 %) benchmark(s) to run. Estimated finish 2026-10-09 23:31 (0h 0m from now) **
// **************************
// Benchmark: CodecSuite.Run: campaign(EvaluateOverhead=False, Clock=Armonik.Ffi.Bdn.CpuClock, IterationCount=6, IterationTime=40ms, LaunchCount=1, RunStrategy=Throughput, WarmupCount=25) [Case=core-(...)etain [42]]
// *** Execute ***
// Launch: 1 / 1
// Execute: dotnet BenchDotNet-campaign-1.dll --anonymousPipes 176 177 --benchmarkName "Armonik.Ffi.Bdn.CodecSuite.Run(Case: \"core-ffi|encode-core-hot|P2.2|ascii|retain\")" --job campaign --benchmarkId 48 in /home/user/ArmoniK.Api/ffi/poc/csharp/src/BenchDotNet/bin/Release/net8.0/BenchDotNet-campaign-1/bin/Release/net8.0
// BeforeAnythingElse

// Benchmark Process Environment Information:
// BenchmarkDotNet v0.15.8
// Runtime=.NET 8.0.31 (8.0.31, 8.0.3126.42015), X64 RyuJIT x86-64-v4
// GC=Concurrent Workstation
// HardwareIntrinsics=AVX512 IFMA+VBMI,AVX512 F+BW+CD+DQ+VL,AVX2+BMI1+BMI2+F16C+FMA+LZCNT+MOVBE,AVX,SSE3+SSSE3+SSE4.1+SSE4.2+POPCNT,X86Base+SSE+SSE2,AES+PCLMUL,AvxVnni,SERIALIZE VectorSize=256
// Job: campaign(EvaluateOverhead=False, Clock=Armonik.Ffi.Bdn.CpuClock, IterationCount=6, IterationTime=40ms, LaunchCount=1, RunStrategy=Throughput, WarmupCount=25)

OverheadJitting  1: 1 op, 253689.00 ns, 253.6890 us/op
WorkloadJitting  1: 1 op, 11905604.00 ns, 11.9056 ms/op

WorkloadPilot    1: 4 op, 13419162.00 ns, 3.3548 ms/op
WorkloadPilot    2: 12 op, 20607271.00 ns, 1.7173 ms/op
WorkloadPilot    3: 23 op, 28292472.00 ns, 1.2301 ms/op
WorkloadPilot    4: 33 op, 42269034.00 ns, 1.2809 ms/op
WorkloadPilot    5: 31 op, 40666656.00 ns, 1.3118 ms/op

WorkloadWarmup   1: 31 op, 39608198.00 ns, 1.2777 ms/op
WorkloadWarmup   2: 31 op, 37658996.00 ns, 1.2148 ms/op
WorkloadWarmup   3: 31 op, 42057510.00 ns, 1.3567 ms/op
WorkloadWarmup   4: 31 op, 52650468.00 ns, 1.6984 ms/op
WorkloadWarmup   5: 31 op, 40046973.00 ns, 1.2918 ms/op
WorkloadWarmup   6: 31 op, 32457847.00 ns, 1.0470 ms/op
WorkloadWarmup   7: 31 op, 32546451.00 ns, 1.0499 ms/op
WorkloadWarmup   8: 31 op, 32787472.00 ns, 1.0577 ms/op
WorkloadWarmup   9: 31 op, 32630292.00 ns, 1.0526 ms/op
WorkloadWarmup  10: 31 op, 33825081.00 ns, 1.0911 ms/op
WorkloadWarmup  11: 31 op, 32725024.00 ns, 1.0556 ms/op
WorkloadWarmup  12: 31 op, 34247793.00 ns, 1.1048 ms/op
WorkloadWarmup  13: 31 op, 35060736.00 ns, 1.1310 ms/op
WorkloadWarmup  14: 31 op, 32658512.00 ns, 1.0535 ms/op
WorkloadWarmup  15: 31 op, 35074585.00 ns, 1.1314 ms/op
WorkloadWarmup  16: 31 op, 41589729.00 ns, 1.3416 ms/op
WorkloadWarmup  17: 31 op, 34203198.00 ns, 1.1033 ms/op
WorkloadWarmup  18: 31 op, 38304807.00 ns, 1.2356 ms/op
WorkloadWarmup  19: 31 op, 34089879.00 ns, 1.0997 ms/op
WorkloadWarmup  20: 31 op, 31453435.00 ns, 1.0146 ms/op
WorkloadWarmup  21: 31 op, 31899904.00 ns, 1.0290 ms/op
WorkloadWarmup  22: 31 op, 34114234.00 ns, 1.1005 ms/op
WorkloadWarmup  23: 31 op, 38165606.00 ns, 1.2311 ms/op
WorkloadWarmup  24: 31 op, 31198193.00 ns, 1.0064 ms/op
WorkloadWarmup  25: 31 op, 31458606.00 ns, 1.0148 ms/op

// BeforeActualRun
WorkloadActual   1: 31 op, 30907677.00 ns, 997.0218 us/op
WorkloadActual   2: 31 op, 30210718.00 ns, 974.5393 us/op
WorkloadActual   3: 31 op, 30589188.00 ns, 986.7480 us/op
WorkloadActual   4: 31 op, 30393312.00 ns, 980.4294 us/op
WorkloadActual   5: 31 op, 28699656.00 ns, 925.7954 us/op
WorkloadActual   6: 31 op, 26025270.00 ns, 839.5248 us/op

// AfterActualRun
WorkloadResult   1: 31 op, 30907677.00 ns, 997.0218 us/op
WorkloadResult   2: 31 op, 30210718.00 ns, 974.5393 us/op
WorkloadResult   3: 31 op, 30589188.00 ns, 986.7480 us/op
WorkloadResult   4: 31 op, 30393312.00 ns, 980.4294 us/op
WorkloadResult   5: 31 op, 28699656.00 ns, 925.7954 us/op
WorkloadResult   6: 31 op, 26025270.00 ns, 839.5248 us/op
// GC:  0 0 0 0 31
// Threading:  0 0 31

// AfterAll
// Benchmark Process 5450 has exited with code 0.

Mean = 950.676 us, StdErr = 24.411 us (2.57%), N = 6, StdDev = 59.795 us
Min = 839.525 us, Q1 = 937.981 us, Median = 977.484 us, Q3 = 985.168 us, Max = 997.022 us
IQR = 47.187 us, LowerFence = 867.201 us, UpperFence = 1,055.949 us
ConfidenceInterval = [782.999 us; 1,118.354 us] (CI 99.9%), Margin = 167.678 us (17.64% of Mean)
Skewness = -0.94, Kurtosis = 2.09, MValue = 2

// ** Remained 1 (2.0 %) benchmark(s) to run. Estimated finish 2026-10-09 23:31 (0h 0m from now) **
// **************************
// Benchmark: CodecSuite.Run: campaign(EvaluateOverhead=False, Clock=Armonik.Ffi.Bdn.CpuClock, IterationCount=6, IterationTime=40ms, LaunchCount=1, RunStrategy=Throughput, WarmupCount=25) [Case=core-(...)etain [57]]
// *** Execute ***
// Launch: 1 / 1
// Execute: dotnet BenchDotNet-campaign-1.dll --anonymousPipes 176 177 --benchmarkName "Armonik.Ffi.Bdn.CodecSuite.Run(Case: \"core-ffi|encode-core-hot|U-oneof-u-repeated|corpus|retain\")" --job campaign --benchmarkId 49 in /home/user/ArmoniK.Api/ffi/poc/csharp/src/BenchDotNet/bin/Release/net8.0/BenchDotNet-campaign-1/bin/Release/net8.0
// BeforeAnythingElse

// Benchmark Process Environment Information:
// BenchmarkDotNet v0.15.8
// Runtime=.NET 8.0.31 (8.0.31, 8.0.3126.42015), X64 RyuJIT x86-64-v4
// GC=Concurrent Workstation
// HardwareIntrinsics=AVX512 IFMA+VBMI,AVX512 F+BW+CD+DQ+VL,AVX2+BMI1+BMI2+F16C+FMA+LZCNT+MOVBE,AVX,SSE3+SSSE3+SSE4.1+SSE4.2+POPCNT,X86Base+SSE+SSE2,AES+PCLMUL,AvxVnni,SERIALIZE VectorSize=256
// Job: campaign(EvaluateOverhead=False, Clock=Armonik.Ffi.Bdn.CpuClock, IterationCount=6, IterationTime=40ms, LaunchCount=1, RunStrategy=Throughput, WarmupCount=25)

OverheadJitting  1: 1 op, 307380.00 ns, 307.3800 us/op
WorkloadJitting  1: 1 op, 3579762.00 ns, 3.5798 ms/op

WorkloadPilot    1: 4 op, 16993.00 ns, 4.2483 us/op
WorkloadPilot    2: 9416 op, 2612072.00 ns, 277.4078 ns/op
WorkloadPilot    3: 144192 op, 43313925.00 ns, 300.3906 ns/op
WorkloadPilot    4: 133160 op, 36227682.00 ns, 272.0613 ns/op
WorkloadPilot    5: 147026 op, 52379796.00 ns, 356.2621 ns/op
WorkloadPilot    6: 112277 op, 10091160.00 ns, 89.8774 ns/op
WorkloadPilot    7: 445051 op, 44796774.00 ns, 100.6554 ns/op

WorkloadWarmup   1: 445051 op, 44645351.00 ns, 100.3151 ns/op
WorkloadWarmup   2: 445051 op, 43653856.00 ns, 98.0873 ns/op
WorkloadWarmup   3: 445051 op, 49213940.00 ns, 110.5805 ns/op
WorkloadWarmup   4: 445051 op, 43582559.00 ns, 97.9271 ns/op
WorkloadWarmup   5: 445051 op, 44322278.00 ns, 99.5892 ns/op
WorkloadWarmup   6: 445051 op, 37903224.00 ns, 85.1660 ns/op
WorkloadWarmup   7: 445051 op, 37588502.00 ns, 84.4589 ns/op
WorkloadWarmup   8: 445051 op, 36175198.00 ns, 81.2833 ns/op
WorkloadWarmup   9: 445051 op, 62694398.00 ns, 140.8701 ns/op
WorkloadWarmup  10: 445051 op, 40636320.00 ns, 91.3071 ns/op
WorkloadWarmup  11: 445051 op, 49675372.00 ns, 111.6173 ns/op
WorkloadWarmup  12: 445051 op, 47419918.00 ns, 106.5494 ns/op
WorkloadWarmup  13: 445051 op, 46672522.00 ns, 104.8701 ns/op
WorkloadWarmup  14: 445051 op, 50710656.00 ns, 113.9435 ns/op
WorkloadWarmup  15: 445051 op, 46008618.00 ns, 103.3783 ns/op
WorkloadWarmup  16: 445051 op, 46247192.00 ns, 103.9144 ns/op
WorkloadWarmup  17: 445051 op, 56905612.00 ns, 127.8631 ns/op
WorkloadWarmup  18: 445051 op, 53071846.00 ns, 119.2489 ns/op
WorkloadWarmup  19: 445051 op, 51198142.00 ns, 115.0388 ns/op
WorkloadWarmup  20: 445051 op, 41689806.00 ns, 93.6742 ns/op
WorkloadWarmup  21: 445051 op, 41326915.00 ns, 92.8588 ns/op
WorkloadWarmup  22: 445051 op, 42621419.00 ns, 95.7675 ns/op
WorkloadWarmup  23: 445051 op, 45661084.00 ns, 102.5974 ns/op
WorkloadWarmup  24: 445051 op, 42510050.00 ns, 95.5173 ns/op
WorkloadWarmup  25: 445051 op, 44646958.00 ns, 100.3187 ns/op

// BeforeActualRun
WorkloadActual   1: 445051 op, 46284808.00 ns, 103.9989 ns/op
WorkloadActual   2: 445051 op, 45758309.00 ns, 102.8159 ns/op
WorkloadActual   3: 445051 op, 42991294.00 ns, 96.5986 ns/op
WorkloadActual   4: 445051 op, 42779741.00 ns, 96.1232 ns/op
WorkloadActual   5: 445051 op, 42388004.00 ns, 95.2430 ns/op
WorkloadActual   6: 445051 op, 42490664.00 ns, 95.4737 ns/op

// AfterActualRun
WorkloadResult   1: 445051 op, 46284808.00 ns, 103.9989 ns/op
WorkloadResult   2: 445051 op, 45758309.00 ns, 102.8159 ns/op
WorkloadResult   3: 445051 op, 42991294.00 ns, 96.5986 ns/op
WorkloadResult   4: 445051 op, 42779741.00 ns, 96.1232 ns/op
WorkloadResult   5: 445051 op, 42388004.00 ns, 95.2430 ns/op
WorkloadResult   6: 445051 op, 42490664.00 ns, 95.4737 ns/op
// GC:  0 0 0 0 445051
// Threading:  0 0 445051

// AfterAll
// Benchmark Process 5459 has exited with code 0.

Mean = 98.376 ns, StdErr = 1.610 ns (1.64%), N = 6, StdDev = 3.945 ns
Min = 95.243 ns, Q1 = 95.636 ns, Median = 96.361 ns, Q3 = 101.262 ns, Max = 103.999 ns
IQR = 5.625 ns, LowerFence = 87.198 ns, UpperFence = 109.700 ns
ConfidenceInterval = [87.314 ns; 109.437 ns] (CI 99.9%), Margin = 11.062 ns (11.24% of Mean)
Skewness = 0.52, Kurtosis = 1.1, MValue = 2

// ** Remained 0 (0.0 %) benchmark(s) to run. Estimated finish 2026-10-09 23:31 (0h 0m from now) **
Run time: 00:01:31 (91.79 sec), executed benchmarks: 50

// ***** BenchmarkRunner: Finish  *****

// * Export *
  home/user/ArmoniK.Api/ffi/logs/csharp/opt/s13-tc-scalar/grid/e0-naive-full-r1.jsonl

// * Detailed results *
CodecSuite.Run: campaign(EvaluateOverhead=False, Clock=Armonik.Ffi.Bdn.CpuClock, IterationCount=6, IterationTime=40ms, LaunchCount=1, RunStrategy=Throughput, WarmupCount=25) [Case=core-(...)etain [42]]
Runtime = .NET 8.0.31 (8.0.31, 8.0.3126.42015), X64 RyuJIT x86-64-v4; GC = Concurrent Workstation
Mean = 903.784 ns, StdErr = 21.822 ns (2.41%), N = 6, StdDev = 53.452 ns
Min = 866.135 ns, Q1 = 867.738 ns, Median = 874.866 ns, Q3 = 931.029 ns, Max = 991.723 ns
IQR = 63.291 ns, LowerFence = 772.802 ns, UpperFence = 1,025.965 ns
ConfidenceInterval = [753.893 ns; 1,053.674 ns] (CI 99.9%), Margin = 149.891 ns (16.58% of Mean)
Skewness = 0.67, Kurtosis = 1.42, MValue = 2
-------------------- Histogram --------------------
[827.526 ns ;   910.356 ns) | @@@@
[910.356 ns ; 1,008.929 ns) | @@
---------------------------------------------------

CodecSuite.Run: campaign(EvaluateOverhead=False, Clock=Armonik.Ffi.Bdn.CpuClock, IterationCount=6, IterationTime=40ms, LaunchCount=1, RunStrategy=Throughput, WarmupCount=25) [Case=core-(...)|drop [40]]
Runtime = .NET 8.0.31 (8.0.31, 8.0.3126.42015), X64 RyuJIT x86-64-v4; GC = Concurrent Workstation
Mean = 507.322 ns, StdErr = 1.842 ns (0.36%), N = 5, StdDev = 4.120 ns
Min = 502.488 ns, Q1 = 505.509 ns, Median = 505.524 ns, Q3 = 510.464 ns, Max = 512.626 ns
IQR = 4.955 ns, LowerFence = 498.076 ns, UpperFence = 517.897 ns
ConfidenceInterval = [491.458 ns; 523.186 ns] (CI 99.9%), Margin = 15.864 ns (3.13% of Mean)
Skewness = 0.16, Kurtosis = 1.01, MValue = 2
-------------------- Histogram --------------------
[499.325 ns ; 515.788 ns) | @@@@@
---------------------------------------------------

CodecSuite.Run: campaign(EvaluateOverhead=False, Clock=Armonik.Ffi.Bdn.CpuClock, IterationCount=6, IterationTime=40ms, LaunchCount=1, RunStrategy=Throughput, WarmupCount=25) [Case=core-(...)etain [42]]
Runtime = .NET 8.0.31 (8.0.31, 8.0.3126.42015), X64 RyuJIT x86-64-v4; GC = Concurrent Workstation
Mean = 177.417 us, StdErr = 0.821 us (0.46%), N = 5, StdDev = 1.835 us
Min = 174.737 us, Q1 = 176.715 us, Median = 177.533 us, Q3 = 178.574 us, Max = 179.525 us
IQR = 1.859 us, LowerFence = 173.926 us, UpperFence = 181.362 us
ConfidenceInterval = [170.350 us; 184.483 us] (CI 99.9%), Margin = 7.066 us (3.98% of Mean)
Skewness = -0.28, Kurtosis = 1.29, MValue = 2
-------------------- Histogram --------------------
[173.328 us ; 179.901 us) | @@@@@
---------------------------------------------------

CodecSuite.Run: campaign(EvaluateOverhead=False, Clock=Armonik.Ffi.Bdn.CpuClock, IterationCount=6, IterationTime=40ms, LaunchCount=1, RunStrategy=Throughput, WarmupCount=25) [Case=core-(...)|drop [40]]
Runtime = .NET 8.0.31 (8.0.31, 8.0.3126.42015), X64 RyuJIT x86-64-v4; GC = Concurrent Workstation
Mean = 105.297 us, StdErr = 5.164 us (4.90%), N = 6, StdDev = 12.650 us
Min = 85.426 us, Q1 = 98.120 us, Median = 109.128 us, Q3 = 114.586 us, Max = 117.242 us
IQR = 16.466 us, LowerFence = 73.422 us, UpperFence = 139.285 us
ConfidenceInterval = [69.824 us; 140.770 us] (CI 99.9%), Margin = 35.473 us (33.69% of Mean)
Skewness = -0.49, Kurtosis = 1.33, MValue = 2
-------------------- Histogram --------------------
[80.899 us ;  99.173 us) | @@
[99.173 us ; 122.030 us) | @@@@
---------------------------------------------------

CodecSuite.Run: campaign(EvaluateOverhead=False, Clock=Armonik.Ffi.Bdn.CpuClock, IterationCount=6, IterationTime=40ms, LaunchCount=1, RunStrategy=Throughput, WarmupCount=25) [Case=core-(...)|drop [40]]
Runtime = .NET 8.0.31 (8.0.31, 8.0.3126.42015), X64 RyuJIT x86-64-v4; GC = Concurrent Workstation
Mean = 14.506 us, StdErr = 0.130 us (0.89%), N = 6, StdDev = 0.317 us
Min = 14.185 us, Q1 = 14.324 us, Median = 14.370 us, Q3 = 14.692 us, Max = 15.003 us
IQR = 0.368 us, LowerFence = 13.772 us, UpperFence = 15.244 us
ConfidenceInterval = [13.616 us; 15.396 us] (CI 99.9%), Margin = 0.890 us (6.14% of Mean)
Skewness = 0.52, Kurtosis = 1.32, MValue = 2
-------------------- Histogram --------------------
[14.067 us ; 14.525 us) | @@@@
[14.525 us ; 15.124 us) | @@
---------------------------------------------------

CodecSuite.Run: campaign(EvaluateOverhead=False, Clock=Armonik.Ffi.Bdn.CpuClock, IterationCount=6, IterationTime=40ms, LaunchCount=1, RunStrategy=Throughput, WarmupCount=25) [Case=core-(...)|drop [40]]
Runtime = .NET 8.0.31 (8.0.31, 8.0.3126.42015), X64 RyuJIT x86-64-v4; GC = Concurrent Workstation
Mean = 519.962 ns, StdErr = 19.848 ns (3.82%), N = 6, StdDev = 48.619 ns
Min = 462.567 ns, Q1 = 482.206 ns, Median = 526.127 ns, Q3 = 541.247 ns, Max = 591.096 ns
IQR = 59.041 ns, LowerFence = 393.645 ns, UpperFence = 629.808 ns
ConfidenceInterval = [383.626 ns; 656.297 ns] (CI 99.9%), Margin = 136.336 ns (26.22% of Mean)
Skewness = 0.07, Kurtosis = 1.32, MValue = 2
-------------------- Histogram --------------------
[459.724 ns ; 529.959 ns) | @@@@
[529.959 ns ; 603.644 ns) | @@
---------------------------------------------------

CodecSuite.Run: campaign(EvaluateOverhead=False, Clock=Armonik.Ffi.Bdn.CpuClock, IterationCount=6, IterationTime=40ms, LaunchCount=1, RunStrategy=Throughput, WarmupCount=25) [Case=core-(...)|drop [40]]
Runtime = .NET 8.0.31 (8.0.31, 8.0.3126.42015), X64 RyuJIT x86-64-v4; GC = Concurrent Workstation
Mean = 910.912 us, StdErr = 15.974 us (1.75%), N = 6, StdDev = 39.128 us
Min = 874.911 us, Q1 = 882.625 us, Median = 894.978 us, Q3 = 943.634 us, Max = 962.246 us
IQR = 61.009 us, LowerFence = 791.112 us, UpperFence = 1,035.147 us
ConfidenceInterval = [801.190 us; 1,020.634 us] (CI 99.9%), Margin = 109.722 us (12.05% of Mean)
Skewness = 0.43, Kurtosis = 1.04, MValue = 2
-------------------- Histogram --------------------
[859.403 us ; 931.880 us) | @@@@
[931.880 us ; 990.508 us) | @@
---------------------------------------------------

CodecSuite.Run: campaign(EvaluateOverhead=False, Clock=Armonik.Ffi.Bdn.CpuClock, IterationCount=6, IterationTime=40ms, LaunchCount=1, RunStrategy=Throughput, WarmupCount=25) [Case=core-(...)etain [42]]
Runtime = .NET 8.0.31 (8.0.31, 8.0.3126.42015), X64 RyuJIT x86-64-v4; GC = Concurrent Workstation
Mean = 39.722 us, StdErr = 0.275 us (0.69%), N = 6, StdDev = 0.674 us
Min = 38.806 us, Q1 = 39.317 us, Median = 39.659 us, Q3 = 40.255 us, Max = 40.554 us
IQR = 0.938 us, LowerFence = 37.910 us, UpperFence = 41.661 us
ConfidenceInterval = [37.833 us; 41.612 us] (CI 99.9%), Margin = 1.889 us (4.76% of Mean)
Skewness = 0.01, Kurtosis = 1.18, MValue = 2
-------------------- Histogram --------------------
[38.320 us ; 40.012 us) | @@@@
[40.012 us ; 41.041 us) | @@
---------------------------------------------------

CodecSuite.Run: campaign(EvaluateOverhead=False, Clock=Armonik.Ffi.Bdn.CpuClock, IterationCount=6, IterationTime=40ms, LaunchCount=1, RunStrategy=Throughput, WarmupCount=25) [Case=core-(...)|drop [54]]
Runtime = .NET 8.0.31 (8.0.31, 8.0.3126.42015), X64 RyuJIT x86-64-v4; GC = Concurrent Workstation
Mean = 830.024 ns, StdErr = 15.329 ns (1.85%), N = 6, StdDev = 37.547 ns
Min = 799.134 ns, Q1 = 802.444 ns, Median = 815.689 ns, Q3 = 847.340 ns, Max = 893.712 ns
IQR = 44.895 ns, LowerFence = 735.102 ns, UpperFence = 914.683 ns
ConfidenceInterval = [724.734 ns; 935.313 ns] (CI 99.9%), Margin = 105.290 ns (12.69% of Mean)
Skewness = 0.66, Kurtosis = 1.57, MValue = 2
-------------------- Histogram --------------------
[783.914 ns ; 847.473 ns) | @@@@
[847.473 ns ; 901.713 ns) | @@
---------------------------------------------------

CodecSuite.Run: campaign(EvaluateOverhead=False, Clock=Armonik.Ffi.Bdn.CpuClock, IterationCount=6, IterationTime=40ms, LaunchCount=1, RunStrategy=Throughput, WarmupCount=25) [Case=core-(...)|drop [40]]
Runtime = .NET 8.0.31 (8.0.31, 8.0.3126.42015), X64 RyuJIT x86-64-v4; GC = Concurrent Workstation
Mean = 732.495 us, StdErr = 8.179 us (1.12%), N = 6, StdDev = 20.035 us
Min = 710.273 us, Q1 = 716.692 us, Median = 730.204 us, Q3 = 745.883 us, Max = 760.990 us
IQR = 29.191 us, LowerFence = 672.906 us, UpperFence = 789.669 us
ConfidenceInterval = [676.312 us; 788.677 us] (CI 99.9%), Margin = 56.183 us (7.67% of Mean)
Skewness = 0.2, Kurtosis = 1.12, MValue = 2
-------------------- Histogram --------------------
[709.611 us ; 738.554 us) | @@@@
[738.554 us ; 769.240 us) | @@
---------------------------------------------------

CodecSuite.Run: campaign(EvaluateOverhead=False, Clock=Armonik.Ffi.Bdn.CpuClock, IterationCount=6, IterationTime=40ms, LaunchCount=1, RunStrategy=Throughput, WarmupCount=25) [Case=core-(...)|drop [55]]
Runtime = .NET 8.0.31 (8.0.31, 8.0.3126.42015), X64 RyuJIT x86-64-v4; GC = Concurrent Workstation
Mean = 100.831 ns, StdErr = 0.692 ns (0.69%), N = 5, StdDev = 1.548 ns
Min = 98.371 ns, Q1 = 100.744 ns, Median = 101.039 ns, Q3 = 101.389 ns, Max = 102.612 ns
IQR = 0.645 ns, LowerFence = 99.777 ns, UpperFence = 102.356 ns
ConfidenceInterval = [94.871 ns; 106.791 ns] (CI 99.9%), Margin = 5.960 ns (5.91% of Mean)
Skewness = -0.49, Kurtosis = 1.63, MValue = 2
-------------------- Histogram --------------------
[97.183 ns ;  99.559 ns) | @
[99.559 ns ; 102.866 ns) | @@@@
---------------------------------------------------

CodecSuite.Run: campaign(EvaluateOverhead=False, Clock=Armonik.Ffi.Bdn.CpuClock, IterationCount=6, IterationTime=40ms, LaunchCount=1, RunStrategy=Throughput, WarmupCount=25) [Case=core-(...)etain [56]]
Runtime = .NET 8.0.31 (8.0.31, 8.0.3126.42015), X64 RyuJIT x86-64-v4; GC = Concurrent Workstation
Mean = 1.181 us, StdErr = 0.012 us (0.98%), N = 5, StdDev = 0.026 us
Min = 1.165 us, Q1 = 1.168 us, Median = 1.168 us, Q3 = 1.178 us, Max = 1.226 us
IQR = 0.010 us, LowerFence = 1.153 us, UpperFence = 1.193 us
ConfidenceInterval = [1.082 us; 1.280 us] (CI 99.9%), Margin = 0.099 us (8.41% of Mean)
Skewness = 0.98, Kurtosis = 1.96, MValue = 2
-------------------- Histogram --------------------
[1.152 us ; 1.207 us) | @@@@
[1.207 us ; 1.246 us) | @
---------------------------------------------------

CodecSuite.Run: campaign(EvaluateOverhead=False, Clock=Armonik.Ffi.Bdn.CpuClock, IterationCount=6, IterationTime=40ms, LaunchCount=1, RunStrategy=Throughput, WarmupCount=25) [Case=core-(...)|drop [40]]
Runtime = .NET 8.0.31 (8.0.31, 8.0.3126.42015), X64 RyuJIT x86-64-v4; GC = Concurrent Workstation
Mean = 845.366 ns, StdErr = 0.526 ns (0.06%), N = 5, StdDev = 1.176 ns
Min = 843.924 ns, Q1 = 844.805 ns, Median = 845.098 ns, Q3 = 846.008 ns, Max = 846.996 ns
IQR = 1.203 ns, LowerFence = 843.001 ns, UpperFence = 847.813 ns
ConfidenceInterval = [840.837 ns; 849.896 ns] (CI 99.9%), Margin = 4.530 ns (0.54% of Mean)
Skewness = 0.17, Kurtosis = 1.22, MValue = 2
-------------------- Histogram --------------------
[843.021 ns ; 847.899 ns) | @@@@@
---------------------------------------------------

CodecSuite.Run: campaign(EvaluateOverhead=False, Clock=Armonik.Ffi.Bdn.CpuClock, IterationCount=6, IterationTime=40ms, LaunchCount=1, RunStrategy=Throughput, WarmupCount=25) [Case=core-(...)etain [43]]
Runtime = .NET 8.0.31 (8.0.31, 8.0.3126.42015), X64 RyuJIT x86-64-v4; GC = Concurrent Workstation
Mean = 1.066 ms, StdErr = 0.053 ms (4.98%), N = 6, StdDev = 0.130 ms
Min = 0.978 ms, Q1 = 0.982 ms, Median = 0.987 ms, Q3 = 1.144 ms, Max = 1.269 ms
IQR = 0.161 ms, LowerFence = 0.740 ms, UpperFence = 1.386 ms
ConfidenceInterval = [0.701 ms; 1.431 ms] (CI 99.9%), Margin = 0.365 ms (34.24% of Mean)
Skewness = 0.61, Kurtosis = 1.24, MValue = 2
-------------------- Histogram --------------------
[0.884 ms ; 1.137 ms) | @@@@
[1.137 ms ; 1.363 ms) | @@
---------------------------------------------------

CodecSuite.Run: campaign(EvaluateOverhead=False, Clock=Armonik.Ffi.Bdn.CpuClock, IterationCount=6, IterationTime=40ms, LaunchCount=1, RunStrategy=Throughput, WarmupCount=25) [Case=core-(...)etain [54]]
Runtime = .NET 8.0.31 (8.0.31, 8.0.3126.42015), X64 RyuJIT x86-64-v4; GC = Concurrent Workstation
Mean = 382.687 ns, StdErr = 1.769 ns (0.46%), N = 5, StdDev = 3.956 ns
Min = 377.494 ns, Q1 = 381.479 ns, Median = 381.556 ns, Q3 = 384.949 ns, Max = 387.956 ns
IQR = 3.470 ns, LowerFence = 376.274 ns, UpperFence = 390.155 ns
ConfidenceInterval = [367.456 ns; 397.918 ns] (CI 99.9%), Margin = 15.231 ns (3.98% of Mean)
Skewness = 0.05, Kurtosis = 1.25, MValue = 2
-------------------- Histogram --------------------
[374.458 ns ; 390.993 ns) | @@@@@
---------------------------------------------------

CodecSuite.Run: campaign(EvaluateOverhead=False, Clock=Armonik.Ffi.Bdn.CpuClock, IterationCount=6, IterationTime=40ms, LaunchCount=1, RunStrategy=Throughput, WarmupCount=25) [Case=core-(...)|drop [40]]
Runtime = .NET 8.0.31 (8.0.31, 8.0.3126.42015), X64 RyuJIT x86-64-v4; GC = Concurrent Workstation
Mean = 131.149 us, StdErr = 0.614 us (0.47%), N = 6, StdDev = 1.503 us
Min = 129.444 us, Q1 = 129.802 us, Median = 131.286 us, Q3 = 132.220 us, Max = 133.039 us
IQR = 2.418 us, LowerFence = 126.176 us, UpperFence = 135.847 us
ConfidenceInterval = [126.934 us; 135.364 us] (CI 99.9%), Margin = 4.215 us (3.21% of Mean)
Skewness = -0.05, Kurtosis = 1.03, MValue = 2
-------------------- Histogram --------------------
[128.819 us ; 133.732 us) | @@@@@@
---------------------------------------------------

CodecSuite.Run: campaign(EvaluateOverhead=False, Clock=Armonik.Ffi.Bdn.CpuClock, IterationCount=6, IterationTime=40ms, LaunchCount=1, RunStrategy=Throughput, WarmupCount=25) [Case=core-(...)|drop [40]]
Runtime = .NET 8.0.31 (8.0.31, 8.0.3126.42015), X64 RyuJIT x86-64-v4; GC = Concurrent Workstation
Mean = 327.011 us, StdErr = 1.562 us (0.48%), N = 5, StdDev = 3.492 us
Min = 323.382 us, Q1 = 324.757 us, Median = 325.470 us, Q3 = 330.170 us, Max = 331.275 us
IQR = 5.414 us, LowerFence = 316.636 us, UpperFence = 338.290 us
ConfidenceInterval = [313.563 us; 340.459 us] (CI 99.9%), Margin = 13.448 us (4.11% of Mean)
Skewness = 0.22, Kurtosis = 0.85, MValue = 2
-------------------- Histogram --------------------
[320.701 us ; 333.955 us) | @@@@@
---------------------------------------------------

CodecSuite.Run: campaign(EvaluateOverhead=False, Clock=Armonik.Ffi.Bdn.CpuClock, IterationCount=6, IterationTime=40ms, LaunchCount=1, RunStrategy=Throughput, WarmupCount=25) [Case=core-(...)|drop [40]]
Runtime = .NET 8.0.31 (8.0.31, 8.0.3126.42015), X64 RyuJIT x86-64-v4; GC = Concurrent Workstation
Mean = 1.625 us, StdErr = 0.006 us (0.36%), N = 5, StdDev = 0.013 us
Min = 1.609 us, Q1 = 1.614 us, Median = 1.630 us, Q3 = 1.631 us, Max = 1.640 us
IQR = 0.017 us, LowerFence = 1.589 us, UpperFence = 1.657 us
ConfidenceInterval = [1.574 us; 1.675 us] (CI 99.9%), Margin = 0.050 us (3.10% of Mean)
Skewness = -0.13, Kurtosis = 0.98, MValue = 2
-------------------- Histogram --------------------
[1.599 us ; 1.650 us) | @@@@@
---------------------------------------------------

CodecSuite.Run: campaign(EvaluateOverhead=False, Clock=Armonik.Ffi.Bdn.CpuClock, IterationCount=6, IterationTime=40ms, LaunchCount=1, RunStrategy=Throughput, WarmupCount=25) [Case=core-(...)etain [57]]
Runtime = .NET 8.0.31 (8.0.31, 8.0.3126.42015), X64 RyuJIT x86-64-v4; GC = Concurrent Workstation
Mean = 98.376 ns, StdErr = 1.610 ns (1.64%), N = 6, StdDev = 3.945 ns
Min = 95.243 ns, Q1 = 95.636 ns, Median = 96.361 ns, Q3 = 101.262 ns, Max = 103.999 ns
IQR = 5.625 ns, LowerFence = 87.198 ns, UpperFence = 109.700 ns
ConfidenceInterval = [87.314 ns; 109.437 ns] (CI 99.9%), Margin = 11.062 ns (11.24% of Mean)
Skewness = 0.52, Kurtosis = 1.1, MValue = 2
-------------------- Histogram --------------------
[ 93.072 ns ; 100.558 ns) | @@@@
[100.558 ns ; 106.848 ns) | @@
---------------------------------------------------

CodecSuite.Run: campaign(EvaluateOverhead=False, Clock=Armonik.Ffi.Bdn.CpuClock, IterationCount=6, IterationTime=40ms, LaunchCount=1, RunStrategy=Throughput, WarmupCount=25) [Case=core-(...)|drop [78]]
Runtime = .NET 8.0.31 (8.0.31, 8.0.3126.42015), X64 RyuJIT x86-64-v4; GC = Concurrent Workstation
Mean = 1.106 us, StdErr = 0.020 us (1.78%), N = 6, StdDev = 0.048 us
Min = 1.060 us, Q1 = 1.074 us, Median = 1.088 us, Q3 = 1.129 us, Max = 1.186 us
IQR = 0.054 us, LowerFence = 0.993 us, UpperFence = 1.210 us
ConfidenceInterval = [0.970 us; 1.241 us] (CI 99.9%), Margin = 0.135 us (12.24% of Mean)
Skewness = 0.6, Kurtosis = 1.49, MValue = 2
-------------------- Histogram --------------------
[1.039 us ; 1.109 us) | @@@@
[1.109 us ; 1.199 us) | @@
---------------------------------------------------

CodecSuite.Run: campaign(EvaluateOverhead=False, Clock=Armonik.Ffi.Bdn.CpuClock, IterationCount=6, IterationTime=40ms, LaunchCount=1, RunStrategy=Throughput, WarmupCount=25) [Case=core-(...)etain [42]]
Runtime = .NET 8.0.31 (8.0.31, 8.0.3126.42015), X64 RyuJIT x86-64-v4; GC = Concurrent Workstation
Mean = 15.916 us, StdErr = 0.487 us (3.06%), N = 5, StdDev = 1.089 us
Min = 14.423 us, Q1 = 15.112 us, Median = 16.456 us, Q3 = 16.667 us, Max = 16.922 us
IQR = 1.555 us, LowerFence = 12.779 us, UpperFence = 19.000 us
ConfidenceInterval = [11.722 us; 20.110 us] (CI 99.9%), Margin = 4.194 us (26.35% of Mean)
Skewness = -0.35, Kurtosis = 0.97, MValue = 2
-------------------- Histogram --------------------
[13.931 us ; 15.853 us) | @@
[15.853 us ; 17.758 us) | @@@
---------------------------------------------------

CodecSuite.Run: campaign(EvaluateOverhead=False, Clock=Armonik.Ffi.Bdn.CpuClock, IterationCount=6, IterationTime=40ms, LaunchCount=1, RunStrategy=Throughput, WarmupCount=25) [Case=core-(...)|drop [80]]
Runtime = .NET 8.0.31 (8.0.31, 8.0.3126.42015), X64 RyuJIT x86-64-v4; GC = Concurrent Workstation
Mean = 781.291 ns, StdErr = 5.303 ns (0.68%), N = 5, StdDev = 11.859 ns
Min = 771.780 ns, Q1 = 774.550 ns, Median = 777.094 ns, Q3 = 781.516 ns, Max = 801.514 ns
IQR = 6.966 ns, LowerFence = 764.102 ns, UpperFence = 791.964 ns
ConfidenceInterval = [735.628 ns; 826.954 ns] (CI 99.9%), Margin = 45.663 ns (5.84% of Mean)
Skewness = 0.84, Kurtosis = 1.8, MValue = 2
-------------------- Histogram --------------------
[767.546 ns ; 792.411 ns) | @@@@
[792.411 ns ; 810.616 ns) | @
---------------------------------------------------

CodecSuite.Run: campaign(EvaluateOverhead=False, Clock=Armonik.Ffi.Bdn.CpuClock, IterationCount=6, IterationTime=40ms, LaunchCount=1, RunStrategy=Throughput, WarmupCount=25) [Case=core-(...)etain [42]]
Runtime = .NET 8.0.31 (8.0.31, 8.0.3126.42015), X64 RyuJIT x86-64-v4; GC = Concurrent Workstation
Mean = 676.129 us, StdErr = 14.277 us (2.11%), N = 6, StdDev = 34.972 us
Min = 641.020 us, Q1 = 650.334 us, Median = 674.290 us, Q3 = 685.127 us, Max = 736.087 us
IQR = 34.793 us, LowerFence = 598.145 us, UpperFence = 737.317 us
ConfidenceInterval = [578.062 us; 774.197 us] (CI 99.9%), Margin = 98.067 us (14.50% of Mean)
Skewness = 0.53, Kurtosis = 1.75, MValue = 2.4
-------------------- Histogram --------------------
[639.510 us ; 690.030 us) | @@@@@
[690.030 us ; 710.827 us) | 
[710.827 us ; 761.347 us) | @
---------------------------------------------------

CodecSuite.Run: campaign(EvaluateOverhead=False, Clock=Armonik.Ffi.Bdn.CpuClock, IterationCount=6, IterationTime=40ms, LaunchCount=1, RunStrategy=Throughput, WarmupCount=25) [Case=core-(...)|drop [39]]
Runtime = .NET 8.0.31 (8.0.31, 8.0.3126.42015), X64 RyuJIT x86-64-v4; GC = Concurrent Workstation
Mean = 1.281 ms, StdErr = 0.039 ms (3.02%), N = 6, StdDev = 0.095 ms
Min = 1.176 ms, Q1 = 1.205 ms, Median = 1.272 ms, Q3 = 1.344 ms, Max = 1.415 ms
IQR = 0.139 ms, LowerFence = 0.997 ms, UpperFence = 1.552 ms
ConfidenceInterval = [1.015 ms; 1.546 ms] (CI 99.9%), Margin = 0.266 ms (20.73% of Mean)
Skewness = 0.19, Kurtosis = 1.09, MValue = 2
-------------------- Histogram --------------------
[1.176 ms ; 1.313 ms) | @@@@
[1.313 ms ; 1.453 ms) | @@
---------------------------------------------------

CodecSuite.Run: campaign(EvaluateOverhead=False, Clock=Armonik.Ffi.Bdn.CpuClock, IterationCount=6, IterationTime=40ms, LaunchCount=1, RunStrategy=Throughput, WarmupCount=25) [Case=core-(...)etain [42]]
Runtime = .NET 8.0.31 (8.0.31, 8.0.3126.42015), X64 RyuJIT x86-64-v4; GC = Concurrent Workstation
Mean = 84.398 ns, StdErr = 1.030 ns (1.22%), N = 5, StdDev = 2.303 ns
Min = 81.834 ns, Q1 = 82.234 ns, Median = 84.739 ns, Q3 = 86.256 ns, Max = 86.925 ns
IQR = 4.022 ns, LowerFence = 76.200 ns, UpperFence = 92.290 ns
ConfidenceInterval = [75.530 ns; 93.265 ns] (CI 99.9%), Margin = 8.868 ns (10.51% of Mean)
Skewness = -0.07, Kurtosis = 0.84, MValue = 2
-------------------- Histogram --------------------
[80.066 ns ; 84.064 ns) | @@
[84.064 ns ; 87.600 ns) | @@@
---------------------------------------------------

CodecSuite.Run: campaign(EvaluateOverhead=False, Clock=Armonik.Ffi.Bdn.CpuClock, IterationCount=6, IterationTime=40ms, LaunchCount=1, RunStrategy=Throughput, WarmupCount=25) [Case=core-(...)etain [83]]
Runtime = .NET 8.0.31 (8.0.31, 8.0.3126.42015), X64 RyuJIT x86-64-v4; GC = Concurrent Workstation
Mean = 69.939 ns, StdErr = 0.104 ns (0.15%), N = 6, StdDev = 0.255 ns
Min = 69.639 ns, Q1 = 69.721 ns, Median = 69.972 ns, Q3 = 70.102 ns, Max = 70.271 ns
IQR = 0.381 ns, LowerFence = 69.149 ns, UpperFence = 70.674 ns
ConfidenceInterval = [69.225 ns; 70.653 ns] (CI 99.9%), Margin = 0.714 ns (1.02% of Mean)
Skewness = -0.06, Kurtosis = 1.11, MValue = 2
-------------------- Histogram --------------------
[69.455 ns ; 70.455 ns) | @@@@@@
---------------------------------------------------

CodecSuite.Run: campaign(EvaluateOverhead=False, Clock=Armonik.Ffi.Bdn.CpuClock, IterationCount=6, IterationTime=40ms, LaunchCount=1, RunStrategy=Throughput, WarmupCount=25) [Case=core-(...)etain [42]]
Runtime = .NET 8.0.31 (8.0.31, 8.0.3126.42015), X64 RyuJIT x86-64-v4; GC = Concurrent Workstation
Mean = 1.419 us, StdErr = 0.008 us (0.57%), N = 6, StdDev = 0.020 us
Min = 1.391 us, Q1 = 1.404 us, Median = 1.428 us, Q3 = 1.434 us, Max = 1.437 us
IQR = 0.029 us, LowerFence = 1.361 us, UpperFence = 1.477 us
ConfidenceInterval = [1.364 us; 1.475 us] (CI 99.9%), Margin = 0.055 us (3.91% of Mean)
Skewness = -0.47, Kurtosis = 1.09, MValue = 2
-------------------- Histogram --------------------
[1.380 us ; 1.417 us) | @@
[1.417 us ; 1.451 us) | @@@@
---------------------------------------------------

CodecSuite.Run: campaign(EvaluateOverhead=False, Clock=Armonik.Ffi.Bdn.CpuClock, IterationCount=6, IterationTime=40ms, LaunchCount=1, RunStrategy=Throughput, WarmupCount=25) [Case=core-(...)|drop [52]]
Runtime = .NET 8.0.31 (8.0.31, 8.0.3126.42015), X64 RyuJIT x86-64-v4; GC = Concurrent Workstation
Mean = 171.502 ns, StdErr = 0.868 ns (0.51%), N = 6, StdDev = 2.127 ns
Min = 168.290 ns, Q1 = 170.184 ns, Median = 171.945 ns, Q3 = 173.082 ns, Max = 173.772 ns
IQR = 2.898 ns, LowerFence = 165.837 ns, UpperFence = 177.430 ns
ConfidenceInterval = [165.539 ns; 177.465 ns] (CI 99.9%), Margin = 5.963 ns (3.48% of Mean)
Skewness = -0.34, Kurtosis = 1.23, MValue = 2
-------------------- Histogram --------------------
[167.367 ns ; 174.241 ns) | @@@@@@
---------------------------------------------------

CodecSuite.Run: campaign(EvaluateOverhead=False, Clock=Armonik.Ffi.Bdn.CpuClock, IterationCount=6, IterationTime=40ms, LaunchCount=1, RunStrategy=Throughput, WarmupCount=25) [Case=core-(...)|drop [41]]
Runtime = .NET 8.0.31 (8.0.31, 8.0.3126.42015), X64 RyuJIT x86-64-v4; GC = Concurrent Workstation
Mean = 1.094 ms, StdErr = 0.005 ms (0.43%), N = 6, StdDev = 0.011 ms
Min = 1.079 ms, Q1 = 1.088 ms, Median = 1.091 ms, Q3 = 1.101 ms, Max = 1.111 ms
IQR = 0.012 ms, LowerFence = 1.070 ms, UpperFence = 1.119 ms
ConfidenceInterval = [1.062 ms; 1.126 ms] (CI 99.9%), Margin = 0.032 ms (2.92% of Mean)
Skewness = 0.23, Kurtosis = 1.38, MValue = 2
-------------------- Histogram --------------------
[1.075 ms ; 1.119 ms) | @@@@@@
---------------------------------------------------

CodecSuite.Run: campaign(EvaluateOverhead=False, Clock=Armonik.Ffi.Bdn.CpuClock, IterationCount=6, IterationTime=40ms, LaunchCount=1, RunStrategy=Throughput, WarmupCount=25) [Case=core-(...)etain [42]]
Runtime = .NET 8.0.31 (8.0.31, 8.0.3126.42015), X64 RyuJIT x86-64-v4; GC = Concurrent Workstation
Mean = 1.686 us, StdErr = 0.029 us (1.71%), N = 6, StdDev = 0.071 us
Min = 1.628 us, Q1 = 1.639 us, Median = 1.652 us, Q3 = 1.719 us, Max = 1.805 us
IQR = 0.080 us, LowerFence = 1.518 us, UpperFence = 1.840 us
ConfidenceInterval = [1.487 us; 1.884 us] (CI 99.9%), Margin = 0.198 us (11.77% of Mean)
Skewness = 0.68, Kurtosis = 1.55, MValue = 2
-------------------- Histogram --------------------
[1.595 us ; 1.698 us) | @@@@
[1.698 us ; 1.822 us) | @@
---------------------------------------------------

CodecSuite.Run: campaign(EvaluateOverhead=False, Clock=Armonik.Ffi.Bdn.CpuClock, IterationCount=6, IterationTime=40ms, LaunchCount=1, RunStrategy=Throughput, WarmupCount=25) [Case=core-(...)etain [42]]
Runtime = .NET 8.0.31 (8.0.31, 8.0.3126.42015), X64 RyuJIT x86-64-v4; GC = Concurrent Workstation
Mean = 950.676 us, StdErr = 24.411 us (2.57%), N = 6, StdDev = 59.795 us
Min = 839.525 us, Q1 = 937.981 us, Median = 977.484 us, Q3 = 985.168 us, Max = 997.022 us
IQR = 47.187 us, LowerFence = 867.201 us, UpperFence = 1,055.949 us
ConfidenceInterval = [782.999 us; 1,118.354 us] (CI 99.9%), Margin = 167.678 us (17.64% of Mean)
Skewness = -0.94, Kurtosis = 2.09, MValue = 2
-------------------- Histogram --------------------
[796.335 us ;   882.715 us) | @
[882.715 us ;   918.219 us) | 
[918.219 us ; 1,004.599 us) | @@@@@
---------------------------------------------------

CodecSuite.Run: campaign(EvaluateOverhead=False, Clock=Armonik.Ffi.Bdn.CpuClock, IterationCount=6, IterationTime=40ms, LaunchCount=1, RunStrategy=Throughput, WarmupCount=25) [Case=core-(...)etain [42]]
Runtime = .NET 8.0.31 (8.0.31, 8.0.3126.42015), X64 RyuJIT x86-64-v4; GC = Concurrent Workstation
Mean = 84.721 us, StdErr = 0.582 us (0.69%), N = 6, StdDev = 1.425 us
Min = 82.082 us, Q1 = 84.595 us, Median = 85.028 us, Q3 = 85.352 us, Max = 86.275 us
IQR = 0.758 us, LowerFence = 83.458 us, UpperFence = 86.488 us
ConfidenceInterval = [80.725 us; 88.716 us] (CI 99.9%), Margin = 3.996 us (4.72% of Mean)
Skewness = -0.82, Kurtosis = 2.21, MValue = 2
-------------------- Histogram --------------------
[81.052 us ; 83.111 us) | @
[83.111 us ; 86.405 us) | @@@@@
---------------------------------------------------

CodecSuite.Run: campaign(EvaluateOverhead=False, Clock=Armonik.Ffi.Bdn.CpuClock, IterationCount=6, IterationTime=40ms, LaunchCount=1, RunStrategy=Throughput, WarmupCount=25) [Case=core-(...)|drop [40]]
Runtime = .NET 8.0.31 (8.0.31, 8.0.3126.42015), X64 RyuJIT x86-64-v4; GC = Concurrent Workstation
Mean = 602.978 us, StdErr = 2.159 us (0.36%), N = 5, StdDev = 4.827 us
Min = 597.868 us, Q1 = 599.138 us, Median = 603.624 us, Q3 = 604.177 us, Max = 610.083 us
IQR = 5.039 us, LowerFence = 591.580 us, UpperFence = 611.735 us
ConfidenceInterval = [584.392 us; 621.564 us] (CI 99.9%), Margin = 18.586 us (3.08% of Mean)
Skewness = 0.3, Kurtosis = 1.27, MValue = 2
-------------------- Histogram --------------------
[595.012 us ; 613.788 us) | @@@@@
---------------------------------------------------

CodecSuite.Run: campaign(EvaluateOverhead=False, Clock=Armonik.Ffi.Bdn.CpuClock, IterationCount=6, IterationTime=40ms, LaunchCount=1, RunStrategy=Throughput, WarmupCount=25) [Case=core-(...)etain [41]]
Runtime = .NET 8.0.31 (8.0.31, 8.0.3126.42015), X64 RyuJIT x86-64-v4; GC = Concurrent Workstation
Mean = 1.397 ms, StdErr = 0.058 ms (4.13%), N = 6, StdDev = 0.142 ms
Min = 1.230 ms, Q1 = 1.287 ms, Median = 1.388 ms, Q3 = 1.512 ms, Max = 1.570 ms
IQR = 0.225 ms, LowerFence = 0.949 ms, UpperFence = 1.850 ms
ConfidenceInterval = [1.000 ms; 1.794 ms] (CI 99.9%), Margin = 0.397 ms (28.40% of Mean)
Skewness = 0.05, Kurtosis = 0.94, MValue = 2
-------------------- Histogram --------------------
[1.172 ms ; 1.376 ms) | @@@
[1.376 ms ; 1.616 ms) | @@@
---------------------------------------------------

CodecSuite.Run: campaign(EvaluateOverhead=False, Clock=Armonik.Ffi.Bdn.CpuClock, IterationCount=6, IterationTime=40ms, LaunchCount=1, RunStrategy=Throughput, WarmupCount=25) [Case=core-(...)etain [42]]
Runtime = .NET 8.0.31 (8.0.31, 8.0.3126.42015), X64 RyuJIT x86-64-v4; GC = Concurrent Workstation
Mean = 110.584 us, StdErr = 2.579 us (2.33%), N = 6, StdDev = 6.318 us
Min = 104.497 us, Q1 = 105.595 us, Median = 109.475 us, Q3 = 113.492 us, Max = 120.927 us
IQR = 7.898 us, LowerFence = 93.748 us, UpperFence = 125.339 us
ConfidenceInterval = [92.867 us; 128.302 us] (CI 99.9%), Margin = 17.718 us (16.02% of Mean)
Skewness = 0.48, Kurtosis = 1.5, MValue = 2
-------------------- Histogram --------------------
[102.853 us ; 111.980 us) | @@@@
[111.980 us ; 122.299 us) | @@
---------------------------------------------------

CodecSuite.Run: campaign(EvaluateOverhead=False, Clock=Armonik.Ffi.Bdn.CpuClock, IterationCount=6, IterationTime=40ms, LaunchCount=1, RunStrategy=Throughput, WarmupCount=25) [Case=core-(...)|drop [40]]
Runtime = .NET 8.0.31 (8.0.31, 8.0.3126.42015), X64 RyuJIT x86-64-v4; GC = Concurrent Workstation
Mean = 19.597 us, StdErr = 0.729 us (3.72%), N = 5, StdDev = 1.629 us
Min = 16.767 us, Q1 = 19.767 us, Median = 20.156 us, Q3 = 20.478 us, Max = 20.817 us
IQR = 0.711 us, LowerFence = 18.700 us, UpperFence = 21.544 us
ConfidenceInterval = [13.324 us; 25.870 us] (CI 99.9%), Margin = 6.273 us (32.01% of Mean)
Skewness = -0.92, Kurtosis = 1.9, MValue = 2
-------------------- Histogram --------------------
[15.516 us ; 18.017 us) | @
[18.017 us ; 19.041 us) | 
[19.041 us ; 21.542 us) | @@@@
---------------------------------------------------

CodecSuite.Run: campaign(EvaluateOverhead=False, Clock=Armonik.Ffi.Bdn.CpuClock, IterationCount=6, IterationTime=40ms, LaunchCount=1, RunStrategy=Throughput, WarmupCount=25) [Case=core-(...)|drop [40]]
Runtime = .NET 8.0.31 (8.0.31, 8.0.3126.42015), X64 RyuJIT x86-64-v4; GC = Concurrent Workstation
Mean = 126.168 us, StdErr = 9.994 us (7.92%), N = 6, StdDev = 24.479 us
Min = 95.869 us, Q1 = 111.958 us, Median = 119.738 us, Q3 = 145.554 us, Max = 158.140 us
IQR = 33.596 us, LowerFence = 61.564 us, UpperFence = 195.948 us
ConfidenceInterval = [57.524 us; 194.812 us] (CI 99.9%), Margin = 68.644 us (54.41% of Mean)
Skewness = 0.21, Kurtosis = 1.13, MValue = 2
-------------------- Histogram --------------------
[ 92.554 us ; 137.658 us) | @@@@
[137.658 us ; 175.821 us) | @@
---------------------------------------------------

CodecSuite.Run: campaign(EvaluateOverhead=False, Clock=Armonik.Ffi.Bdn.CpuClock, IterationCount=6, IterationTime=40ms, LaunchCount=1, RunStrategy=Throughput, WarmupCount=25) [Case=core-(...)etain [80]]
Runtime = .NET 8.0.31 (8.0.31, 8.0.3126.42015), X64 RyuJIT x86-64-v4; GC = Concurrent Workstation
Mean = 908.216 ns, StdErr = 25.758 ns (2.84%), N = 5, StdDev = 57.598 ns
Min = 877.640 ns, Q1 = 879.289 ns, Median = 882.016 ns, Q3 = 891.322 ns, Max = 1,010.814 ns
IQR = 12.033 ns, LowerFence = 861.240 ns, UpperFence = 909.371 ns
ConfidenceInterval = [686.429 ns; 1,130.004 ns] (CI 99.9%), Margin = 221.788 ns (24.42% of Mean)
Skewness = 1.05, Kurtosis = 2.05, MValue = 2
-------------------- Histogram --------------------
[833.431 ns ;   928.690 ns) | @@@@
[928.690 ns ;   966.605 ns) | 
[966.605 ns ; 1,055.024 ns) | @
---------------------------------------------------

CodecSuite.Run: campaign(EvaluateOverhead=False, Clock=Armonik.Ffi.Bdn.CpuClock, IterationCount=6, IterationTime=40ms, LaunchCount=1, RunStrategy=Throughput, WarmupCount=25) [Case=core-(...)etain [70]]
Runtime = .NET 8.0.31 (8.0.31, 8.0.3126.42015), X64 RyuJIT x86-64-v4; GC = Concurrent Workstation
Mean = 148.124 ns, StdErr = 1.530 ns (1.03%), N = 5, StdDev = 3.421 ns
Min = 144.292 ns, Q1 = 144.682 ns, Median = 149.308 ns, Q3 = 150.745 ns, Max = 151.591 ns
IQR = 6.062 ns, LowerFence = 135.589 ns, UpperFence = 159.839 ns
ConfidenceInterval = [134.950 ns; 161.298 ns] (CI 99.9%), Margin = 13.174 ns (8.89% of Mean)
Skewness = -0.18, Kurtosis = 0.8, MValue = 2
-------------------- Histogram --------------------
[141.666 ns ; 147.823 ns) | @@
[147.823 ns ; 153.076 ns) | @@@
---------------------------------------------------

CodecSuite.Run: campaign(EvaluateOverhead=False, Clock=Armonik.Ffi.Bdn.CpuClock, IterationCount=6, IterationTime=40ms, LaunchCount=1, RunStrategy=Throughput, WarmupCount=25) [Case=core-(...)|drop [40]]
Runtime = .NET 8.0.31 (8.0.31, 8.0.3126.42015), X64 RyuJIT x86-64-v4; GC = Concurrent Workstation
Mean = 42.637 us, StdErr = 0.412 us (0.97%), N = 6, StdDev = 1.009 us
Min = 41.474 us, Q1 = 42.140 us, Median = 42.240 us, Q3 = 43.304 us, Max = 44.105 us
IQR = 1.164 us, LowerFence = 40.393 us, UpperFence = 45.050 us
ConfidenceInterval = [39.809 us; 45.466 us] (CI 99.9%), Margin = 2.829 us (6.63% of Mean)
Skewness = 0.38, Kurtosis = 1.22, MValue = 2
-------------------- Histogram --------------------
[41.162 us ; 43.142 us) | @@@@
[43.142 us ; 44.833 us) | @@
---------------------------------------------------

CodecSuite.Run: campaign(EvaluateOverhead=False, Clock=Armonik.Ffi.Bdn.CpuClock, IterationCount=6, IterationTime=40ms, LaunchCount=1, RunStrategy=Throughput, WarmupCount=25) [Case=core-(...)|drop [40]]
Runtime = .NET 8.0.31 (8.0.31, 8.0.3126.42015), X64 RyuJIT x86-64-v4; GC = Concurrent Workstation
Mean = 70.739 ns, StdErr = 2.488 ns (3.52%), N = 6, StdDev = 6.095 ns
Min = 65.113 ns, Q1 = 66.164 ns, Median = 69.129 ns, Q3 = 73.517 ns, Max = 80.907 ns
IQR = 7.352 ns, LowerFence = 55.136 ns, UpperFence = 84.545 ns
ConfidenceInterval = [53.647 ns; 87.830 ns] (CI 99.9%), Margin = 17.091 ns (24.16% of Mean)
Skewness = 0.55, Kurtosis = 1.52, MValue = 2
-------------------- Histogram --------------------
[63.850 ns ; 72.655 ns) | @@@@
[72.655 ns ; 81.968 ns) | @@
---------------------------------------------------

CodecSuite.Run: campaign(EvaluateOverhead=False, Clock=Armonik.Ffi.Bdn.CpuClock, IterationCount=6, IterationTime=40ms, LaunchCount=1, RunStrategy=Throughput, WarmupCount=25) [Case=core-(...)etain [42]]
Runtime = .NET 8.0.31 (8.0.31, 8.0.3126.42015), X64 RyuJIT x86-64-v4; GC = Concurrent Workstation
Mean = 10.464 us, StdErr = 0.398 us (3.80%), N = 5, StdDev = 0.889 us
Min = 8.913 us, Q1 = 10.658 us, Median = 10.715 us, Q3 = 10.862 us, Max = 11.170 us
IQR = 0.205 us, LowerFence = 10.350 us, UpperFence = 11.170 us
ConfidenceInterval = [7.039 us; 13.888 us] (CI 99.9%), Margin = 3.425 us (32.73% of Mean)
Skewness = -0.94, Kurtosis = 1.94, MValue = 2
-------------------- Histogram --------------------
[ 8.230 us ;  9.595 us) | @
[ 9.595 us ; 10.231 us) | 
[10.231 us ; 11.853 us) | @@@@
---------------------------------------------------

CodecSuite.Run: campaign(EvaluateOverhead=False, Clock=Armonik.Ffi.Bdn.CpuClock, IterationCount=6, IterationTime=40ms, LaunchCount=1, RunStrategy=Throughput, WarmupCount=25) [Case=core-(...)|drop [68]]
Runtime = .NET 8.0.31 (8.0.31, 8.0.3126.42015), X64 RyuJIT x86-64-v4; GC = Concurrent Workstation
Mean = 177.888 ns, StdErr = 0.982 ns (0.55%), N = 5, StdDev = 2.196 ns
Min = 176.018 ns, Q1 = 176.033 ns, Median = 177.884 ns, Q3 = 178.110 ns, Max = 181.394 ns
IQR = 2.077 ns, LowerFence = 172.916 ns, UpperFence = 181.226 ns
ConfidenceInterval = [169.434 ns; 186.342 ns] (CI 99.9%), Margin = 8.454 ns (4.75% of Mean)
Skewness = 0.57, Kurtosis = 1.51, MValue = 2
-------------------- Histogram --------------------
[175.294 ns ; 183.080 ns) | @@@@@
---------------------------------------------------

CodecSuite.Run: campaign(EvaluateOverhead=False, Clock=Armonik.Ffi.Bdn.CpuClock, IterationCount=6, IterationTime=40ms, LaunchCount=1, RunStrategy=Throughput, WarmupCount=25) [Case=core-(...)|drop [81]]
Runtime = .NET 8.0.31 (8.0.31, 8.0.3126.42015), X64 RyuJIT x86-64-v4; GC = Concurrent Workstation
Mean = 74.975 ns, StdErr = 3.242 ns (4.32%), N = 6, StdDev = 7.942 ns
Min = 68.944 ns, Q1 = 69.078 ns, Median = 70.852 ns, Q3 = 81.755 ns, Max = 85.328 ns
IQR = 12.677 ns, LowerFence = 50.062 ns, UpperFence = 100.770 ns
ConfidenceInterval = [52.706 ns; 97.245 ns] (CI 99.9%), Margin = 22.269 ns (29.70% of Mean)
Skewness = 0.47, Kurtosis = 1.03, MValue = 2
-------------------- Histogram --------------------
[65.017 ns ; 79.337 ns) | @@@@
[79.337 ns ; 91.064 ns) | @@
---------------------------------------------------

CodecSuite.Run: campaign(EvaluateOverhead=False, Clock=Armonik.Ffi.Bdn.CpuClock, IterationCount=6, IterationTime=40ms, LaunchCount=1, RunStrategy=Throughput, WarmupCount=25) [Case=core-(...)etain [82]]
Runtime = .NET 8.0.31 (8.0.31, 8.0.3126.42015), X64 RyuJIT x86-64-v4; GC = Concurrent Workstation
Mean = 1.007 us, StdErr = 0.026 us (2.61%), N = 6, StdDev = 0.064 us
Min = 0.938 us, Q1 = 0.963 us, Median = 0.997 us, Q3 = 1.037 us, Max = 1.110 us
IQR = 0.075 us, LowerFence = 0.851 us, UpperFence = 1.150 us
ConfidenceInterval = [0.827 us; 1.188 us] (CI 99.9%), Margin = 0.180 us (17.90% of Mean)
Skewness = 0.4, Kurtosis = 1.41, MValue = 2
-------------------- Histogram --------------------
[0.891 us ; 0.955 us) | @
[0.955 us ; 1.048 us) | @@@@
[1.048 us ; 1.157 us) | @
---------------------------------------------------

CodecSuite.Run: campaign(EvaluateOverhead=False, Clock=Armonik.Ffi.Bdn.CpuClock, IterationCount=6, IterationTime=40ms, LaunchCount=1, RunStrategy=Throughput, WarmupCount=25) [Case=core-(...)|drop [40]]
Runtime = .NET 8.0.31 (8.0.31, 8.0.3126.42015), X64 RyuJIT x86-64-v4; GC = Concurrent Workstation
Mean = 8.339 us, StdErr = 0.012 us (0.15%), N = 6, StdDev = 0.030 us
Min = 8.317 us, Q1 = 8.320 us, Median = 8.323 us, Q3 = 8.356 us, Max = 8.386 us
IQR = 0.036 us, LowerFence = 8.266 us, UpperFence = 8.411 us
ConfidenceInterval = [8.256 us; 8.423 us] (CI 99.9%), Margin = 0.084 us (1.00% of Mean)
Skewness = 0.62, Kurtosis = 1.29, MValue = 2
-------------------- Histogram --------------------
[8.295 us ; 8.408 us) | @@@@@@
---------------------------------------------------

CodecSuite.Run: campaign(EvaluateOverhead=False, Clock=Armonik.Ffi.Bdn.CpuClock, IterationCount=6, IterationTime=40ms, LaunchCount=1, RunStrategy=Throughput, WarmupCount=25) [Case=core-(...)etain [42]]
Runtime = .NET 8.0.31 (8.0.31, 8.0.3126.42015), X64 RyuJIT x86-64-v4; GC = Concurrent Workstation
Mean = 747.824 us, StdErr = 1.103 us (0.15%), N = 6, StdDev = 2.701 us
Min = 743.696 us, Q1 = 746.476 us, Median = 748.117 us, Q3 = 749.800 us, Max = 750.722 us
IQR = 3.323 us, LowerFence = 741.491 us, UpperFence = 754.785 us
ConfidenceInterval = [740.248 us; 755.399 us] (CI 99.9%), Margin = 7.575 us (1.01% of Mean)
Skewness = -0.3, Kurtosis = 1.24, MValue = 2
-------------------- Histogram --------------------
[741.745 us ; 752.673 us) | @@@@@@
---------------------------------------------------

CodecSuite.Run: campaign(EvaluateOverhead=False, Clock=Armonik.Ffi.Bdn.CpuClock, IterationCount=6, IterationTime=40ms, LaunchCount=1, RunStrategy=Throughput, WarmupCount=25) [Case=core-(...)etain [42]]
Runtime = .NET 8.0.31 (8.0.31, 8.0.3126.42015), X64 RyuJIT x86-64-v4; GC = Concurrent Workstation
Mean = 848.889 ns, StdErr = 3.668 ns (0.43%), N = 5, StdDev = 8.202 ns
Min = 840.931 ns, Q1 = 842.535 ns, Median = 845.626 ns, Q3 = 857.294 ns, Max = 858.059 ns
IQR = 14.759 ns, LowerFence = 820.396 ns, UpperFence = 879.432 ns
ConfidenceInterval = [817.306 ns; 880.472 ns] (CI 99.9%), Margin = 31.583 ns (3.72% of Mean)
Skewness = 0.21, Kurtosis = 0.79, MValue = 2
-------------------- Histogram --------------------
[834.636 ns ; 864.355 ns) | @@@@@
---------------------------------------------------

CodecSuite.Run: campaign(EvaluateOverhead=False, Clock=Armonik.Ffi.Bdn.CpuClock, IterationCount=6, IterationTime=40ms, LaunchCount=1, RunStrategy=Throughput, WarmupCount=25) [Case=core-(...)etain [42]]
Runtime = .NET 8.0.31 (8.0.31, 8.0.3126.42015), X64 RyuJIT x86-64-v4; GC = Concurrent Workstation
Mean = 21.584 us, StdErr = 0.059 us (0.27%), N = 5, StdDev = 0.133 us
Min = 21.454 us, Q1 = 21.502 us, Median = 21.534 us, Q3 = 21.642 us, Max = 21.786 us
IQR = 0.140 us, LowerFence = 21.293 us, UpperFence = 21.852 us
ConfidenceInterval = [21.073 us; 22.095 us] (CI 99.9%), Margin = 0.511 us (2.37% of Mean)
Skewness = 0.48, Kurtosis = 1.31, MValue = 2
-------------------- Histogram --------------------
[21.352 us ; 21.888 us) | @@@@@
---------------------------------------------------

CodecSuite.Run: campaign(EvaluateOverhead=False, Clock=Armonik.Ffi.Bdn.CpuClock, IterationCount=6, IterationTime=40ms, LaunchCount=1, RunStrategy=Throughput, WarmupCount=25) [Case=core-(...)etain [42]]
Runtime = .NET 8.0.31 (8.0.31, 8.0.3126.42015), X64 RyuJIT x86-64-v4; GC = Concurrent Workstation
Mean = 299.138 us, StdErr = 10.735 us (3.59%), N = 6, StdDev = 26.296 us
Min = 281.144 us, Q1 = 282.216 us, Median = 282.732 us, Q3 = 319.361 us, Max = 334.601 us
IQR = 37.145 us, LowerFence = 226.498 us, UpperFence = 375.079 us
ConfidenceInterval = [225.399 us; 372.876 us] (CI 99.9%), Margin = 73.739 us (24.65% of Mean)
Skewness = 0.54, Kurtosis = 1.05, MValue = 3
-------------------- Histogram --------------------
[262.150 us ; 301.031 us) | @@@@
[301.031 us ; 314.060 us) | 
[314.060 us ; 353.595 us) | @@
---------------------------------------------------

// * Summary *

BenchmarkDotNet v0.15.8, Linux Ubuntu 24.04.4 LTS (Noble Numbat)
Intel Xeon Processor 2.10GHz, 1 CPU, 4 logical and 4 physical cores
.NET SDK 8.0.131
  [Host]   : .NET 8.0.31 (8.0.31, 8.0.3126.42015), X64 RyuJIT x86-64-v4
  campaign : .NET 8.0.31 (8.0.31, 8.0.3126.42015), X64 RyuJIT x86-64-v4

Job=campaign  EvaluateOverhead=False  Clock=Armonik.Ffi.Bdn.CpuClock  
IterationCount=6  IterationTime=40ms  LaunchCount=1  
RunStrategy=Throughput  WarmupCount=25  

| Method | Case                 | Mean            | Error          | StdDev         | Allocated |
|------- |--------------------- |----------------:|---------------:|---------------:|----------:|
| Run    | core-(...)etain [42] |       903.78 ns |     149.891 ns |      53.452 ns |         - |
| Run    | core-(...)|drop [40] |       507.32 ns |      15.864 ns |       4.120 ns |         - |
| Run    | core-(...)etain [42] |   177,416.69 ns |   7,066.397 ns |   1,835.121 ns |         - |
| Run    | core-(...)|drop [40] |   105,296.81 ns |  35,472.991 ns |  12,650.010 ns |         - |
| Run    | core-(...)|drop [40] |    14,505.93 ns |     889.940 ns |     317.361 ns |         - |
| Run    | core-(...)|drop [40] |       519.96 ns |     136.336 ns |      48.619 ns |         - |
| Run    | core-(...)|drop [40] |   910,912.14 ns | 109,721.876 ns |  39,127.878 ns |         - |
| Run    | core-(...)etain [42] |    39,722.36 ns |   1,889.173 ns |     673.697 ns |         - |
| Run    | core-(...)|drop [54] |       830.02 ns |     105.290 ns |      37.547 ns |         - |
| Run    | core-(...)|drop [40] |   732,494.59 ns |  56,182.639 ns |  20,035.270 ns |         - |
| Run    | core-(...)|drop [55] |       100.83 ns |       5.960 ns |       1.548 ns |         - |
| Run    | core-(...)etain [56] |     1,181.12 ns |      99.363 ns |      25.804 ns |         - |
| Run    | core-(...)|drop [40] |       845.37 ns |       4.530 ns |       1.176 ns |         - |
| Run    | core-(...)etain [43] | 1,066,290.22 ns | 365,060.138 ns | 130,183.962 ns |         - |
| Run    | core-(...)etain [54] |       382.69 ns |      15.231 ns |       3.956 ns |         - |
| Run    | core-(...)|drop [40] |   131,149.05 ns |   4,215.212 ns |   1,503.185 ns |         - |
| Run    | core-(...)|drop [40] |   327,010.79 ns |  13,447.817 ns |   3,492.355 ns |         - |
| Run    | core-(...)|drop [40] |     1,624.88 ns |      50.388 ns |      13.086 ns |         - |
| Run    | core-(...)etain [57] |        98.38 ns |      11.062 ns |       3.945 ns |         - |
| Run    | core-(...)|drop [78] |     1,105.72 ns |     135.382 ns |      48.278 ns |         - |
| Run    | core-(...)etain [42] |    15,915.97 ns |   4,193.573 ns |   1,089.058 ns |         - |
| Run    | core-(...)|drop [80] |       781.29 ns |      45.663 ns |      11.859 ns |         - |
| Run    | core-(...)etain [42] |   676,129.31 ns |  98,067.311 ns |  34,971.748 ns |         - |
| Run    | core-(...)|drop [39] | 1,280,734.25 ns | 265,500.939 ns |  94,680.192 ns |         - |
| Run    | core-(...)etain [42] |        84.40 ns |       8.868 ns |       2.303 ns |         - |
| Run    | core-(...)etain [83] |        69.94 ns |       0.714 ns |       0.255 ns |         - |
| Run    | core-(...)etain [42] |     1,419.25 ns |      55.438 ns |      19.770 ns |         - |
| Run    | core-(...)|drop [52] |       171.50 ns |       5.963 ns |       2.127 ns |         - |
| Run    | core-(...)|drop [41] | 1,093,973.83 ns |  31,984.395 ns |  11,405.943 ns |         - |
| Run    | core-(...)etain [42] |     1,685.66 ns |     198.335 ns |      70.728 ns |         - |
| Run    | core-(...)etain [42] |   950,676.46 ns | 167,677.591 ns |  59,795.444 ns |         - |
| Run    | core-(...)etain [42] |    84,720.51 ns |   3,995.633 ns |   1,424.881 ns |         - |
| Run    | core-(...)|drop [40] |   602,978.10 ns |  18,586.166 ns |   4,826.768 ns |         - |
| Run    | core-(...)etain [41] | 1,397,119.56 ns | 396,808.538 ns | 141,505.747 ns |         - |
| Run    | core-(...)etain [42] |   110,584.46 ns |  17,717.852 ns |   6,318.357 ns |         - |
| Run    | core-(...)|drop [40] |    19,596.95 ns |   6,273.094 ns |   1,629.103 ns |         - |
| Run    | core-(...)|drop [40] |   126,168.03 ns |  68,643.896 ns |  24,479.074 ns |         - |
| Run    | core-(...)etain [80] |       908.22 ns |     221.788 ns |      57.598 ns |         - |
| Run    | core-(...)etain [70] |       148.12 ns |      13.174 ns |       3.421 ns |         - |
| Run    | core-(...)|drop [40] |    42,637.16 ns |   2,828.605 ns |   1,008.708 ns |         - |
| Run    | core-(...)|drop [40] |        70.74 ns |      17.091 ns |       6.095 ns |         - |
| Run    | core-(...)etain [42] |    10,463.57 ns |   3,424.768 ns |     889.401 ns |         - |
| Run    | core-(...)|drop [68] |       177.89 ns |       8.454 ns |       2.196 ns |         - |
| Run    | core-(...)|drop [81] |        74.98 ns |      22.269 ns |       7.942 ns |         - |
| Run    | core-(...)etain [82] |     1,007.38 ns |     180.309 ns |      64.300 ns |         - |
| Run    | core-(...)|drop [40] |     8,339.17 ns |      83.581 ns |      29.806 ns |         - |
| Run    | core-(...)etain [42] |   747,823.65 ns |   7,575.356 ns |   2,701.445 ns |         - |
| Run    | core-(...)etain [42] |       848.89 ns |      31.583 ns |       8.202 ns |         - |
| Run    | core-(...)etain [42] |    21,583.84 ns |     510.908 ns |     132.681 ns |         - |
| Run    | core-(...)etain [42] |   299,137.50 ns |  73,738.738 ns |  26,295.944 ns |         - |

// * Legends *
  Case      : Value of the 'Case' parameter
  Mean      : Arithmetic mean of all measurements
  Error     : Half of 99.9% confidence interval
  StdDev    : Standard deviation of all measurements
  Allocated : Allocated memory per single operation (managed only, inclusive, 1KB = 1024B)
  1 ns      : 1 Nanosecond (0.000000001 sec)

// * Diagnostic Output - AkProcessCpu *

// * Diagnostic Output - MemoryDiagnoser *


// ***** BenchmarkRunner: End *****
Global total time: 00:01:48 (108.69 sec), executed benchmarks: 50
// * Artifacts cleanup *
Artifacts cleanup is finished
