# engine:         BenchmarkDotNet 0.15.8.0 (CAMPAIGN.md 22a), toolchain BDN's default, ONE CHILD PROCESS PER CASE (the campaign's native isolation, req 22a as amended e6c909630); process CPU per iteration from the child's clock reads, each pair checked against BDN's wall measurement; the JIT tier is NOT read back (the children's JIT events are not visible here), so the jit check below is vacuous in this mode, pinned by the runner
# grid:           core (CAMPAIGN section 4.0, D18; AK_CAMPAIGN_GRID=core): arms incumbent-prod (full build only), core-ffi and host-gen (retain in the full build, no-unknown in its build); encode-transport-hot (end state ii, one hot graph) and decode-read; the 16 shapes, P7.1 decode only; Latin-1 and wide on P2.2 only; U-* rows U-nested-before, U-deep-u-repeated, U-oneof-u-repeated, U-wire-ListTaskSummaryResponse-tasks-as-wt5, U-wire-UploadResultDataMessage-upload-as-wt5, U-wire-ListMetricsResponse-batches-as-wt0, U-wire-DualResponse-left-as-wt5 (encode-transport-hot and decode-read). Extras left out (AK_CAMPAIGN_GRID=full runs them): incumbent-best, core-ffi-pull, bare decode, encode at end state (i) and with a pool input, decode-reencode, the drop mode, the incumbent in the no-unknown build, content sets on P1.2 and P2.4, the other U-* rows timed (all stay in the correctness checks)
# allocator:      default (readback at process start: a 16 MiB malloc came from the mmapped (mallinfo2; the block kept, never freed); no heap pre-grow (owner, 2026-10-03): BDN's warm-up runs the real call path, and minflt per row shows whether it sufficed; under the default toolchain each child probes once, on its case's first row as alloc_probe; GLIBC_TUNABLES=unset; CAMPAIGN req 25 as amended 2026-10-03, D9: the main figures run glibc's default allocator as production does; the pinned pass (glibc.malloc.trim_threshold=268435456:glibc.malloc.mmap_threshold=33554432) is a labelled diagnostic; every row carries `alloc` and `minflt`, the process's minor page faults over the iteration (getrusage, read by the job's clock beside the CPU clock), so faults per call = minflt / iters)
# runtime:        .NET 8.0.31; TieredCompilation=default TieredPGO=default (net8.0 defaults unless set); GC server=False, concurrent (default)
# incumbent:      Google.Protobuf 3.32.0
# build:          full (WP5 step 10; the loaded core checked to be the same variant by its u-family exports)
# managed codec:  plan utf8=reject unknown=drop
# job:            launch 1; 6 actual iterations (rounds) per case, 25 warm-up iterations (the same for every case) after BDN's jitting stage (1 overhead + 1 workload jitting invocation per case, logged by BDN in the .bdn.log, not exported) and pilot, iteration time 40 ms (the pilot picks the invocation count per case), strategy Throughput, EvaluateOverhead=false (no overhead subtraction anywhere)
# clocks:         per iteration (every row with round >= 1): wall (Stopwatch) AND process CPU (CLOCK_PROCESS_CPUTIME_ID of this process: every thread, GC and JIT included; CAMPAIGN req 21 as amended, R-H25), both read by the job's clock (CpuClock, Job.WithClock) at the start and end of the same iteration window, exported RAW (no outlier removal, no overhead subtraction); BDN's forced GCs between iterations are outside the window; the round-0 row of each case is a summary of the whole actual stage (span_cpu_ns, span_wall_ns), not a sample
# threads:        thread pool min 2 worker / 1 IO, max 32767 worker / 1000 IO, 0 pool thread(s) now; 2 logical CPUs visible; the codec suite creates no core runtime (no RPC call is made); the timed loop runs on BDN's one thread
# encode:         CAMPAIGN req 11 (R-H29): dir encode = pool input + reused buffer; encode-hot = one graph + reused buffer; encode-transport = pool + the Grpc.Net form; encode-transport-hot = one graph + the Grpc.Net form. Reused buffer: incumbent-prod CalculateSize + WriteTo(IBufferWriter) and incumbent-best WriteTo(IBufferWriter) into one BufWriter, host-gen into its one Enc, core-ffi into the core's encode buffer (ak_encode_*/ak_uencode_*; that buffer is also what cell C hands the core's transport, and host-gen's Enc what cell E hands it, so their transport forms on the core's transport ARE the buffer rows). Grpc.Net form (cells A, F, D): the serializer the RPC grid's marshaller runs (RootOps.SerInc/SerHost/SerFfi), into a frame like Grpc.Net.Client 2.71's GrpcCallSerializationContext: one ArrayPool array, the 5-byte gRPC header, the body, the array returned after (GrpcFrame.cs); incumbent-best has no gRPC path and no transport row. Pool: distinct graphs built in the case's setup whose RETAINED heap is >= 28835840 bytes (2 x AK_LLC_BYTES, default 13.75 MB; AK_POOL_BYTES overrides; per row pool_graphs and pool_bytes), round robin one graph per call; a hot input is a pool of one (the same Next() per call); graph construction is never in the timed window
# U-* rows:       CAMPAIGN req 7 (R-H27): the 92 accepted, non-disputed U-* rows at the shapes core's 7 ABI roots, through this timed shapes core: encode-hot (a graph the arm decoded from the row, untimed; retain arms re-emit the unknown fields, drop arms the dropped form), decode, decode-read, and decode-reencode (a labelled extra; no incumbent-best row)
# content sets:   CAMPAIGN req 7 (R-H26): ascii, latin1 and wide on P1.2, P2.2, P2.4; ascii only elsewhere
# order:          seeded shuffles (below); ratios, where the aggregation forms them, come from per-launch medians (CAMPAIGN req 30): every unit is its own process
# process unit:   all cases; this launch's unit order: core-ffi:retain, core-ffi:drop (a seeded shuffle, seed 7919; within this process the cases run in a seeded shuffle too, seed 104729, the 2 prime cases first; requirement 22 as amended, R-H23)
# warm-up:        BenchmarkDotNet's own, per case: its jitting stage, pilot and the warm-up iterations of the job line (req 24; WP9 addendum: no hand-written pre-warm and no settle wait; the 2 prime cases below are BDN cases); the JIT tier is read back per case and a case that measured hot code at tier 0 fails the unit outside --smoke (the jit check below)
# correctness:    1996 pre-timing checks passed (byte identity of every encode arm per payload and content set; every arm accepts every unknown row; on every unknown row core-ffi retain and host-gen retain re-encode to the incumbent's bytes, i.e. the unknown fields are kept: requirement 10)
# cases:          50 exported, after 2 prime case(s) run first and not exported (copies of the first cases, content "prime"): BDN cases like any other, kept because without them the first case of a process measures BDN's own first-touched runtime helpers (SpanHelpers.Fill) at tier 0 (JOURNAL 51, 62)
# memory:         AK_BDN_MEMORY=1: BenchmarkDotNet's MemoryDiagnoser (an exploration switch, not a campaign setting): one extra workload iteration per case AFTER the actual stage, at the actual stage's invocation count, outside the job's clock (no exported sample is affected); on each case's first sample row mem_alloc_bytes_per_op (GC.GetTotalAllocatedBytes(precise), every thread, divided by its operations), mem_gen = [gen0, gen1, gen2] collections during it, mem_ops its operations, mem_alloc_bytes its total
# cpus:           this process: 2 CPU(s) in its affinity mask (sched_getaffinity), Environment.ProcessorCount 2; single-CPU guard (JOURNAL 73): a timed process (host or BDN child) with ONE CPU is refused unless AK_ALLOW_SINGLE_CPU=1 (here: unset); each case's first row carries cpus_affinity, cpus_runtime and single_cpu_override as its own process saw them
// Validating benchmarks:
// ***** BenchmarkRunner: Start   *****
// ***** Found 52 benchmark(s) in total *****
// ***** Building 1 exe(s) in Parallel: Start   *****
Unable to find .sln or .csproj file. Will use current directory /home/user/ArmoniK.Api/ffi/poc/csharp to search for project file. If you don't use .sln file on purpose it should not be a problem.
// start dotnet  restore --nodeReuse:false /p:UseSharedCompilation=false /p:Deterministic=true /p:Optimize=true /p:ArtifactsPath="/home/user/ArmoniK.Api/ffi/poc/csharp/src/BenchDotNet/bin/Release/net8.0/BenchDotNet-campaign-1/" /p:OutDir="/home/user/ArmoniK.Api/ffi/poc/csharp/src/BenchDotNet/bin/Release/net8.0/BenchDotNet-campaign-1/bin/Release/net8.0/" /p:OutputPath="/home/user/ArmoniK.Api/ffi/poc/csharp/src/BenchDotNet/bin/Release/net8.0/BenchDotNet-campaign-1/bin/Release/net8.0/" /p:PublishDir="/home/user/ArmoniK.Api/ffi/poc/csharp/src/BenchDotNet/bin/Release/net8.0/BenchDotNet-campaign-1/publish/" in /home/user/ArmoniK.Api/ffi/poc/csharp/src/BenchDotNet/bin/Release/net8.0/BenchDotNet-campaign-1
// command took 3.6 sec and exited with 0
// start dotnet  build -c Release --no-restore --nodeReuse:false /p:UseSharedCompilation=false /p:Deterministic=true /p:Optimize=true /p:ArtifactsPath="/home/user/ArmoniK.Api/ffi/poc/csharp/src/BenchDotNet/bin/Release/net8.0/BenchDotNet-campaign-1/" /p:OutDir="/home/user/ArmoniK.Api/ffi/poc/csharp/src/BenchDotNet/bin/Release/net8.0/BenchDotNet-campaign-1/bin/Release/net8.0/" /p:OutputPath="/home/user/ArmoniK.Api/ffi/poc/csharp/src/BenchDotNet/bin/Release/net8.0/BenchDotNet-campaign-1/bin/Release/net8.0/" /p:PublishDir="/home/user/ArmoniK.Api/ffi/poc/csharp/src/BenchDotNet/bin/Release/net8.0/BenchDotNet-campaign-1/publish/" --output "/home/user/ArmoniK.Api/ffi/poc/csharp/src/BenchDotNet/bin/Release/net8.0/BenchDotNet-campaign-1/bin/Release/net8.0/" in /home/user/ArmoniK.Api/ffi/poc/csharp/src/BenchDotNet/bin/Release/net8.0/BenchDotNet-campaign-1
// command took 19.78 sec and exited with 0
// ***** Done, took 00:00:23 (23.61 sec)   *****
// Found 52 benchmarks:
//   CodecSuite.Run: campaign(EvaluateOverhead=False, Clock=Armonik.Ffi.Bdn.CpuClock, IterationCount=6, IterationTime=40ms, LaunchCount=1, RunStrategy=Throughput, WarmupCount=25) [Case=core-(...)etain [38]]
//   CodecSuite.Run: campaign(EvaluateOverhead=False, Clock=Armonik.Ffi.Bdn.CpuClock, IterationCount=6, IterationTime=40ms, LaunchCount=1, RunStrategy=Throughput, WarmupCount=25) [Case=core-(...)|drop [36]]
//   CodecSuite.Run: campaign(EvaluateOverhead=False, Clock=Armonik.Ffi.Bdn.CpuClock, IterationCount=6, IterationTime=40ms, LaunchCount=1, RunStrategy=Throughput, WarmupCount=25) [Case=core-(...)etain [38]]
//   CodecSuite.Run: campaign(EvaluateOverhead=False, Clock=Armonik.Ffi.Bdn.CpuClock, IterationCount=6, IterationTime=40ms, LaunchCount=1, RunStrategy=Throughput, WarmupCount=25) [Case=core-(...)|drop [36]]
//   CodecSuite.Run: campaign(EvaluateOverhead=False, Clock=Armonik.Ffi.Bdn.CpuClock, IterationCount=6, IterationTime=40ms, LaunchCount=1, RunStrategy=Throughput, WarmupCount=25) [Case=core-(...)etain [38]]
//   CodecSuite.Run: campaign(EvaluateOverhead=False, Clock=Armonik.Ffi.Bdn.CpuClock, IterationCount=6, IterationTime=40ms, LaunchCount=1, RunStrategy=Throughput, WarmupCount=25) [Case=core-(...)|drop [36]]
//   CodecSuite.Run: campaign(EvaluateOverhead=False, Clock=Armonik.Ffi.Bdn.CpuClock, IterationCount=6, IterationTime=40ms, LaunchCount=1, RunStrategy=Throughput, WarmupCount=25) [Case=core-(...)etain [66]]
//   CodecSuite.Run: campaign(EvaluateOverhead=False, Clock=Armonik.Ffi.Bdn.CpuClock, IterationCount=6, IterationTime=40ms, LaunchCount=1, RunStrategy=Throughput, WarmupCount=25) [Case=core-(...)etain [79]]
//   CodecSuite.Run: campaign(EvaluateOverhead=False, Clock=Armonik.Ffi.Bdn.CpuClock, IterationCount=6, IterationTime=40ms, LaunchCount=1, RunStrategy=Throughput, WarmupCount=25) [Case=core-(...)etain [76]]
//   CodecSuite.Run: campaign(EvaluateOverhead=False, Clock=Armonik.Ffi.Bdn.CpuClock, IterationCount=6, IterationTime=40ms, LaunchCount=1, RunStrategy=Throughput, WarmupCount=25) [Case=core-(...)etain [38]]
//   CodecSuite.Run: campaign(EvaluateOverhead=False, Clock=Armonik.Ffi.Bdn.CpuClock, IterationCount=6, IterationTime=40ms, LaunchCount=1, RunStrategy=Throughput, WarmupCount=25) [Case=core-(...)|drop [36]]
//   CodecSuite.Run: campaign(EvaluateOverhead=False, Clock=Armonik.Ffi.Bdn.CpuClock, IterationCount=6, IterationTime=40ms, LaunchCount=1, RunStrategy=Throughput, WarmupCount=25) [Case=core-(...)etain [38]]
//   CodecSuite.Run: campaign(EvaluateOverhead=False, Clock=Armonik.Ffi.Bdn.CpuClock, IterationCount=6, IterationTime=40ms, LaunchCount=1, RunStrategy=Throughput, WarmupCount=25) [Case=core-(...)|drop [36]]
//   CodecSuite.Run: campaign(EvaluateOverhead=False, Clock=Armonik.Ffi.Bdn.CpuClock, IterationCount=6, IterationTime=40ms, LaunchCount=1, RunStrategy=Throughput, WarmupCount=25) [Case=core-(...)|drop [36]]
//   CodecSuite.Run: campaign(EvaluateOverhead=False, Clock=Armonik.Ffi.Bdn.CpuClock, IterationCount=6, IterationTime=40ms, LaunchCount=1, RunStrategy=Throughput, WarmupCount=25) [Case=core-(...)etain [39]]
//   CodecSuite.Run: campaign(EvaluateOverhead=False, Clock=Armonik.Ffi.Bdn.CpuClock, IterationCount=6, IterationTime=40ms, LaunchCount=1, RunStrategy=Throughput, WarmupCount=25) [Case=core-(...)etain [78]]
//   CodecSuite.Run: campaign(EvaluateOverhead=False, Clock=Armonik.Ffi.Bdn.CpuClock, IterationCount=6, IterationTime=40ms, LaunchCount=1, RunStrategy=Throughput, WarmupCount=25) [Case=core-(...)|drop [35]]
//   CodecSuite.Run: campaign(EvaluateOverhead=False, Clock=Armonik.Ffi.Bdn.CpuClock, IterationCount=6, IterationTime=40ms, LaunchCount=1, RunStrategy=Throughput, WarmupCount=25) [Case=core-(...)|drop [36]]
//   CodecSuite.Run: campaign(EvaluateOverhead=False, Clock=Armonik.Ffi.Bdn.CpuClock, IterationCount=6, IterationTime=40ms, LaunchCount=1, RunStrategy=Throughput, WarmupCount=25) [Case=core-(...)|drop [36]]
//   CodecSuite.Run: campaign(EvaluateOverhead=False, Clock=Armonik.Ffi.Bdn.CpuClock, IterationCount=6, IterationTime=40ms, LaunchCount=1, RunStrategy=Throughput, WarmupCount=25) [Case=core-(...)etain [38]]
//   CodecSuite.Run: campaign(EvaluateOverhead=False, Clock=Armonik.Ffi.Bdn.CpuClock, IterationCount=6, IterationTime=40ms, LaunchCount=1, RunStrategy=Throughput, WarmupCount=25) [Case=core-(...)|drop [77]]
//   CodecSuite.Run: campaign(EvaluateOverhead=False, Clock=Armonik.Ffi.Bdn.CpuClock, IterationCount=6, IterationTime=40ms, LaunchCount=1, RunStrategy=Throughput, WarmupCount=25) [Case=core-(...)|drop [48]]
//   CodecSuite.Run: campaign(EvaluateOverhead=False, Clock=Armonik.Ffi.Bdn.CpuClock, IterationCount=6, IterationTime=40ms, LaunchCount=1, RunStrategy=Throughput, WarmupCount=25) [Case=core-(...)etain [50]]
//   CodecSuite.Run: campaign(EvaluateOverhead=False, Clock=Armonik.Ffi.Bdn.CpuClock, IterationCount=6, IterationTime=40ms, LaunchCount=1, RunStrategy=Throughput, WarmupCount=25) [Case=core-(...)|drop [36]]
//   CodecSuite.Run: campaign(EvaluateOverhead=False, Clock=Armonik.Ffi.Bdn.CpuClock, IterationCount=6, IterationTime=40ms, LaunchCount=1, RunStrategy=Throughput, WarmupCount=25) [Case=core-(...)etain [38]]
//   CodecSuite.Run: campaign(EvaluateOverhead=False, Clock=Armonik.Ffi.Bdn.CpuClock, IterationCount=6, IterationTime=40ms, LaunchCount=1, RunStrategy=Throughput, WarmupCount=25) [Case=core-(...)|drop [51]]
//   CodecSuite.Run: campaign(EvaluateOverhead=False, Clock=Armonik.Ffi.Bdn.CpuClock, IterationCount=6, IterationTime=40ms, LaunchCount=1, RunStrategy=Throughput, WarmupCount=25) [Case=core-(...)etain [37]]
//   CodecSuite.Run: campaign(EvaluateOverhead=False, Clock=Armonik.Ffi.Bdn.CpuClock, IterationCount=6, IterationTime=40ms, LaunchCount=1, RunStrategy=Throughput, WarmupCount=25) [Case=core-(...)etain [38]]
//   CodecSuite.Run: campaign(EvaluateOverhead=False, Clock=Armonik.Ffi.Bdn.CpuClock, IterationCount=6, IterationTime=40ms, LaunchCount=1, RunStrategy=Throughput, WarmupCount=25) [Case=core-(...)|drop [74]]
//   CodecSuite.Run: campaign(EvaluateOverhead=False, Clock=Armonik.Ffi.Bdn.CpuClock, IterationCount=6, IterationTime=40ms, LaunchCount=1, RunStrategy=Throughput, WarmupCount=25) [Case=core-(...)|drop [50]]
//   CodecSuite.Run: campaign(EvaluateOverhead=False, Clock=Armonik.Ffi.Bdn.CpuClock, IterationCount=6, IterationTime=40ms, LaunchCount=1, RunStrategy=Throughput, WarmupCount=25) [Case=core-(...)etain [38]]
//   CodecSuite.Run: campaign(EvaluateOverhead=False, Clock=Armonik.Ffi.Bdn.CpuClock, IterationCount=6, IterationTime=40ms, LaunchCount=1, RunStrategy=Throughput, WarmupCount=25) [Case=core-(...)etain [38]]
//   CodecSuite.Run: campaign(EvaluateOverhead=False, Clock=Armonik.Ffi.Bdn.CpuClock, IterationCount=6, IterationTime=40ms, LaunchCount=1, RunStrategy=Throughput, WarmupCount=25) [Case=core-(...)etain [38]]
//   CodecSuite.Run: campaign(EvaluateOverhead=False, Clock=Armonik.Ffi.Bdn.CpuClock, IterationCount=6, IterationTime=40ms, LaunchCount=1, RunStrategy=Throughput, WarmupCount=25) [Case=core-(...)|drop [36]]
//   CodecSuite.Run: campaign(EvaluateOverhead=False, Clock=Armonik.Ffi.Bdn.CpuClock, IterationCount=6, IterationTime=40ms, LaunchCount=1, RunStrategy=Throughput, WarmupCount=25) [Case=core-(...)etain [38]]
//   CodecSuite.Run: campaign(EvaluateOverhead=False, Clock=Armonik.Ffi.Bdn.CpuClock, IterationCount=6, IterationTime=40ms, LaunchCount=1, RunStrategy=Throughput, WarmupCount=25) [Case=core-(...)|drop [37]]
//   CodecSuite.Run: campaign(EvaluateOverhead=False, Clock=Armonik.Ffi.Bdn.CpuClock, IterationCount=6, IterationTime=40ms, LaunchCount=1, RunStrategy=Throughput, WarmupCount=25) [Case=core-(...)|drop [36]]
//   CodecSuite.Run: campaign(EvaluateOverhead=False, Clock=Armonik.Ffi.Bdn.CpuClock, IterationCount=6, IterationTime=40ms, LaunchCount=1, RunStrategy=Throughput, WarmupCount=25) [Case=core-(...)etain [38]]
//   CodecSuite.Run: campaign(EvaluateOverhead=False, Clock=Armonik.Ffi.Bdn.CpuClock, IterationCount=6, IterationTime=40ms, LaunchCount=1, RunStrategy=Throughput, WarmupCount=25) [Case=core-(...)|drop [36]]
//   CodecSuite.Run: campaign(EvaluateOverhead=False, Clock=Armonik.Ffi.Bdn.CpuClock, IterationCount=6, IterationTime=40ms, LaunchCount=1, RunStrategy=Throughput, WarmupCount=25) [Case=core-(...)|drop [36]]
//   CodecSuite.Run: campaign(EvaluateOverhead=False, Clock=Armonik.Ffi.Bdn.CpuClock, IterationCount=6, IterationTime=40ms, LaunchCount=1, RunStrategy=Throughput, WarmupCount=25) [Case=core-(...)|drop [36]]
//   CodecSuite.Run: campaign(EvaluateOverhead=False, Clock=Armonik.Ffi.Bdn.CpuClock, IterationCount=6, IterationTime=40ms, LaunchCount=1, RunStrategy=Throughput, WarmupCount=25) [Case=core-(...)|drop [64]]
//   CodecSuite.Run: campaign(EvaluateOverhead=False, Clock=Armonik.Ffi.Bdn.CpuClock, IterationCount=6, IterationTime=40ms, LaunchCount=1, RunStrategy=Throughput, WarmupCount=25) [Case=core-(...)|drop [36]]
//   CodecSuite.Run: campaign(EvaluateOverhead=False, Clock=Armonik.Ffi.Bdn.CpuClock, IterationCount=6, IterationTime=40ms, LaunchCount=1, RunStrategy=Throughput, WarmupCount=25) [Case=core-(...)etain [38]]
//   CodecSuite.Run: campaign(EvaluateOverhead=False, Clock=Armonik.Ffi.Bdn.CpuClock, IterationCount=6, IterationTime=40ms, LaunchCount=1, RunStrategy=Throughput, WarmupCount=25) [Case=core-(...)|drop [36]]
//   CodecSuite.Run: campaign(EvaluateOverhead=False, Clock=Armonik.Ffi.Bdn.CpuClock, IterationCount=6, IterationTime=40ms, LaunchCount=1, RunStrategy=Throughput, WarmupCount=25) [Case=core-(...)|drop [76]]
//   CodecSuite.Run: campaign(EvaluateOverhead=False, Clock=Armonik.Ffi.Bdn.CpuClock, IterationCount=6, IterationTime=40ms, LaunchCount=1, RunStrategy=Throughput, WarmupCount=25) [Case=core-(...)etain [53]]
//   CodecSuite.Run: campaign(EvaluateOverhead=False, Clock=Armonik.Ffi.Bdn.CpuClock, IterationCount=6, IterationTime=40ms, LaunchCount=1, RunStrategy=Throughput, WarmupCount=25) [Case=core-(...)|drop [36]]
//   CodecSuite.Run: campaign(EvaluateOverhead=False, Clock=Armonik.Ffi.Bdn.CpuClock, IterationCount=6, IterationTime=40ms, LaunchCount=1, RunStrategy=Throughput, WarmupCount=25) [Case=core-(...)etain [38]]
//   CodecSuite.Run: campaign(EvaluateOverhead=False, Clock=Armonik.Ffi.Bdn.CpuClock, IterationCount=6, IterationTime=40ms, LaunchCount=1, RunStrategy=Throughput, WarmupCount=25) [Case=core-(...)etain [38]]
//   CodecSuite.Run: campaign(EvaluateOverhead=False, Clock=Armonik.Ffi.Bdn.CpuClock, IterationCount=6, IterationTime=40ms, LaunchCount=1, RunStrategy=Throughput, WarmupCount=25) [Case=core-(...)etain [38]]
//   CodecSuite.Run: campaign(EvaluateOverhead=False, Clock=Armonik.Ffi.Bdn.CpuClock, IterationCount=6, IterationTime=40ms, LaunchCount=1, RunStrategy=Throughput, WarmupCount=25) [Case=core-(...)etain [52]]

// **************************
// Benchmark: CodecSuite.Run: campaign(EvaluateOverhead=False, Clock=Armonik.Ffi.Bdn.CpuClock, IterationCount=6, IterationTime=40ms, LaunchCount=1, RunStrategy=Throughput, WarmupCount=25) [Case=core-(...)etain [38]]
// *** Execute ***
// Launch: 1 / 1
// Execute: dotnet BenchDotNet-campaign-1.dll --anonymousPipes 115 116 --benchmarkName "Armonik.Ffi.Bdn.CodecSuite.Run(Case: \"core-ffi|decode-read|P1.1|prime|retain\")" --job campaign --benchmarkId 0 in /home/user/ArmoniK.Api/ffi/poc/csharp/src/BenchDotNet/bin/Release/net8.0/BenchDotNet-campaign-1/bin/Release/net8.0
// BeforeAnythingElse

// Benchmark Process Environment Information:
// BenchmarkDotNet v0.15.8
// Runtime=.NET 8.0.31 (8.0.31, 8.0.3126.42015), X64 RyuJIT x86-64-v4
// GC=Concurrent Workstation
// HardwareIntrinsics=AVX512 F+BW+CD+DQ+VL,AVX2+BMI1+BMI2+F16C+FMA+LZCNT+MOVBE,AVX,SSE3+SSSE3+SSE4.1+SSE4.2+POPCNT,X86Base+SSE+SSE2,AES+PCLMUL VectorSize=256
// Job: campaign(EvaluateOverhead=False, Clock=Armonik.Ffi.Bdn.CpuClock, IterationCount=6, IterationTime=40ms, LaunchCount=1, RunStrategy=Throughput, WarmupCount=25)

OverheadJitting  1: 1 op, 340862.00 ns, 340.8620 us/op
WorkloadJitting  1: 1 op, 4581185.00 ns, 4.5812 ms/op

WorkloadPilot    1: 4 op, 80533.00 ns, 20.1333 us/op
WorkloadPilot    2: 1987 op, 7632536.00 ns, 3.8412 us/op
WorkloadPilot    3: 10413 op, 33485954.00 ns, 3.2158 us/op
WorkloadPilot    4: 12439 op, 35720256.00 ns, 2.8716 us/op
WorkloadPilot    5: 13929 op, 36520936.00 ns, 2.6219 us/op
WorkloadPilot    6: 15256 op, 40760739.00 ns, 2.6718 us/op
WorkloadPilot    7: 14971 op, 46679028.00 ns, 3.1180 us/op
WorkloadPilot    8: 12829 op, 59193480.00 ns, 4.6140 us/op

WorkloadWarmup   1: 12829 op, 55106552.00 ns, 4.2955 us/op
WorkloadWarmup   2: 12829 op, 54457623.00 ns, 4.2449 us/op
WorkloadWarmup   3: 12829 op, 49062650.00 ns, 3.8244 us/op
WorkloadWarmup   4: 12829 op, 21535800.00 ns, 1.6787 us/op
WorkloadWarmup   5: 12829 op, 21189945.00 ns, 1.6517 us/op
WorkloadWarmup   6: 12829 op, 21892358.00 ns, 1.7065 us/op
WorkloadWarmup   7: 12829 op, 20616725.00 ns, 1.6070 us/op
WorkloadWarmup   8: 12829 op, 22471894.00 ns, 1.7516 us/op
WorkloadWarmup   9: 12829 op, 20159036.00 ns, 1.5714 us/op
WorkloadWarmup  10: 12829 op, 20666096.00 ns, 1.6109 us/op
WorkloadWarmup  11: 12829 op, 20939211.00 ns, 1.6322 us/op
WorkloadWarmup  12: 12829 op, 25954414.00 ns, 2.0231 us/op
WorkloadWarmup  13: 12829 op, 21007586.00 ns, 1.6375 us/op
WorkloadWarmup  14: 12829 op, 20390005.00 ns, 1.5894 us/op
WorkloadWarmup  15: 12829 op, 20405188.00 ns, 1.5906 us/op
WorkloadWarmup  16: 12829 op, 20294342.00 ns, 1.5819 us/op
WorkloadWarmup  17: 12829 op, 20118480.00 ns, 1.5682 us/op
WorkloadWarmup  18: 12829 op, 20081080.00 ns, 1.5653 us/op
WorkloadWarmup  19: 12829 op, 20198783.00 ns, 1.5745 us/op
WorkloadWarmup  20: 12829 op, 20688802.00 ns, 1.6127 us/op
WorkloadWarmup  21: 12829 op, 20211950.00 ns, 1.5755 us/op
WorkloadWarmup  22: 12829 op, 20110003.00 ns, 1.5675 us/op
WorkloadWarmup  23: 12829 op, 21021736.00 ns, 1.6386 us/op
WorkloadWarmup  24: 12829 op, 20187670.00 ns, 1.5736 us/op
WorkloadWarmup  25: 12829 op, 20320198.00 ns, 1.5839 us/op

// BeforeActualRun
WorkloadActual   1: 12829 op, 20162575.00 ns, 1.5716 us/op
WorkloadActual   2: 12829 op, 19848191.00 ns, 1.5471 us/op
WorkloadActual   3: 12829 op, 19865009.00 ns, 1.5484 us/op
WorkloadActual   4: 12829 op, 20432774.00 ns, 1.5927 us/op
WorkloadActual   5: 12829 op, 20212786.00 ns, 1.5756 us/op
WorkloadActual   6: 12829 op, 20035211.00 ns, 1.5617 us/op

// AfterActualRun
WorkloadResult   1: 12829 op, 20162575.00 ns, 1.5716 us/op
WorkloadResult   2: 12829 op, 19848191.00 ns, 1.5471 us/op
WorkloadResult   3: 12829 op, 19865009.00 ns, 1.5484 us/op
WorkloadResult   4: 12829 op, 20432774.00 ns, 1.5927 us/op
WorkloadResult   5: 12829 op, 20212786.00 ns, 1.5756 us/op
WorkloadResult   6: 12829 op, 20035211.00 ns, 1.5617 us/op
// GC:  2 0 0 34997512 12829
// Threading:  0 0 12829

// AfterAll
// Benchmark Process 8937 has exited with code 0.

Mean = 1.566 us, StdErr = 0.007 us (0.45%), N = 6, StdDev = 0.017 us
Min = 1.547 us, Q1 = 1.552 us, Median = 1.567 us, Q3 = 1.575 us, Max = 1.593 us
IQR = 0.023 us, LowerFence = 1.518 us, UpperFence = 1.609 us
ConfidenceInterval = [1.517 us; 1.615 us] (CI 99.9%), Margin = 0.049 us (3.12% of Mean)
Skewness = 0.22, Kurtosis = 1.33, MValue = 2

// ** Remained 51 (98.1 %) benchmark(s) to run. Estimated finish 2026-10-04 14:59 (0h 1m from now) **
// **************************
// Benchmark: CodecSuite.Run: campaign(EvaluateOverhead=False, Clock=Armonik.Ffi.Bdn.CpuClock, IterationCount=6, IterationTime=40ms, LaunchCount=1, RunStrategy=Throughput, WarmupCount=25) [Case=core-(...)|drop [36]]
// *** Execute ***
// Launch: 1 / 1
// Execute: dotnet BenchDotNet-campaign-1.dll --anonymousPipes 117 118 --benchmarkName "Armonik.Ffi.Bdn.CodecSuite.Run(Case: \"core-ffi|decode-read|P1.1|prime|drop\")" --job campaign --benchmarkId 1 in /home/user/ArmoniK.Api/ffi/poc/csharp/src/BenchDotNet/bin/Release/net8.0/BenchDotNet-campaign-1/bin/Release/net8.0
// BeforeAnythingElse

// Benchmark Process Environment Information:
// BenchmarkDotNet v0.15.8
// Runtime=.NET 8.0.31 (8.0.31, 8.0.3126.42015), X64 RyuJIT x86-64-v4
// GC=Concurrent Workstation
// HardwareIntrinsics=AVX512 F+BW+CD+DQ+VL,AVX2+BMI1+BMI2+F16C+FMA+LZCNT+MOVBE,AVX,SSE3+SSSE3+SSE4.1+SSE4.2+POPCNT,X86Base+SSE+SSE2,AES+PCLMUL VectorSize=256
// Job: campaign(EvaluateOverhead=False, Clock=Armonik.Ffi.Bdn.CpuClock, IterationCount=6, IterationTime=40ms, LaunchCount=1, RunStrategy=Throughput, WarmupCount=25)

OverheadJitting  1: 1 op, 313975.00 ns, 313.9750 us/op
WorkloadJitting  1: 1 op, 4083377.00 ns, 4.0834 ms/op

WorkloadPilot    1: 4 op, 83703.00 ns, 20.9258 us/op
WorkloadPilot    2: 1912 op, 7539162.00 ns, 3.9431 us/op
WorkloadPilot    3: 10144 op, 36318776.00 ns, 3.5803 us/op
WorkloadPilot    4: 11172 op, 39364258.00 ns, 3.5235 us/op
WorkloadPilot    5: 11352 op, 35166212.00 ns, 3.0978 us/op
WorkloadPilot    6: 12912 op, 39643805.00 ns, 3.0703 us/op
WorkloadPilot    7: 13028 op, 54764231.00 ns, 4.2036 us/op
WorkloadPilot    8: 9516 op, 41516917.00 ns, 4.3629 us/op
WorkloadPilot    9: 9168 op, 39134510.00 ns, 4.2686 us/op
WorkloadPilot   10: 9371 op, 39121414.00 ns, 4.1747 us/op
WorkloadPilot   11: 9581 op, 39373131.00 ns, 4.1095 us/op
WorkloadPilot   12: 9734 op, 39264977.00 ns, 4.0338 us/op
WorkloadPilot   13: 9916 op, 16074932.00 ns, 1.6211 us/op
WorkloadPilot   14: 24674 op, 39412510.00 ns, 1.5973 us/op
WorkloadPilot   15: 25042 op, 40028886.00 ns, 1.5985 us/op

WorkloadWarmup   1: 25042 op, 40308855.00 ns, 1.6096 us/op
WorkloadWarmup   2: 25042 op, 39349137.00 ns, 1.5713 us/op
WorkloadWarmup   3: 25042 op, 47429324.00 ns, 1.8940 us/op
WorkloadWarmup   4: 25042 op, 39753181.00 ns, 1.5875 us/op
WorkloadWarmup   5: 25042 op, 42393999.00 ns, 1.6929 us/op
WorkloadWarmup   6: 25042 op, 40407135.00 ns, 1.6136 us/op
WorkloadWarmup   7: 25042 op, 61026396.00 ns, 2.4370 us/op
WorkloadWarmup   8: 25042 op, 39802643.00 ns, 1.5894 us/op
WorkloadWarmup   9: 25042 op, 40221526.00 ns, 1.6062 us/op
WorkloadWarmup  10: 25042 op, 40528138.00 ns, 1.6184 us/op
WorkloadWarmup  11: 25042 op, 42086535.00 ns, 1.6806 us/op
WorkloadWarmup  12: 25042 op, 45112133.00 ns, 1.8015 us/op
WorkloadWarmup  13: 25042 op, 40452481.00 ns, 1.6154 us/op
WorkloadWarmup  14: 25042 op, 40216675.00 ns, 1.6060 us/op
WorkloadWarmup  15: 25042 op, 39494585.00 ns, 1.5771 us/op
WorkloadWarmup  16: 25042 op, 41527439.00 ns, 1.6583 us/op
WorkloadWarmup  17: 25042 op, 39497209.00 ns, 1.5772 us/op
WorkloadWarmup  18: 25042 op, 38759111.00 ns, 1.5478 us/op
WorkloadWarmup  19: 25042 op, 38869805.00 ns, 1.5522 us/op
WorkloadWarmup  20: 25042 op, 38792488.00 ns, 1.5491 us/op
WorkloadWarmup  21: 25042 op, 39575578.00 ns, 1.5804 us/op
WorkloadWarmup  22: 25042 op, 39873825.00 ns, 1.5923 us/op
WorkloadWarmup  23: 25042 op, 39227282.00 ns, 1.5665 us/op
WorkloadWarmup  24: 25042 op, 42176855.00 ns, 1.6842 us/op
WorkloadWarmup  25: 25042 op, 40232703.00 ns, 1.6066 us/op

// BeforeActualRun
WorkloadActual   1: 25042 op, 39321801.00 ns, 1.5702 us/op
WorkloadActual   2: 25042 op, 38860295.00 ns, 1.5518 us/op
WorkloadActual   3: 25042 op, 39029988.00 ns, 1.5586 us/op
WorkloadActual   4: 25042 op, 38598202.00 ns, 1.5413 us/op
WorkloadActual   5: 25042 op, 38727517.00 ns, 1.5465 us/op
WorkloadActual   6: 25042 op, 39100522.00 ns, 1.5614 us/op

// AfterActualRun
WorkloadResult   1: 25042 op, 39321801.00 ns, 1.5702 us/op
WorkloadResult   2: 25042 op, 38860295.00 ns, 1.5518 us/op
WorkloadResult   3: 25042 op, 39029988.00 ns, 1.5586 us/op
WorkloadResult   4: 25042 op, 38598202.00 ns, 1.5413 us/op
WorkloadResult   5: 25042 op, 38727517.00 ns, 1.5465 us/op
WorkloadResult   6: 25042 op, 39100522.00 ns, 1.5614 us/op
// GC:  3 0 0 68314576 25042
// Threading:  0 0 25042

// AfterAll
// Benchmark Process 8947 has exited with code 0.

Mean = 1.555 us, StdErr = 0.004 us (0.28%), N = 6, StdDev = 0.011 us
Min = 1.541 us, Q1 = 1.548 us, Median = 1.555 us, Q3 = 1.561 us, Max = 1.570 us
IQR = 0.013 us, LowerFence = 1.529 us, UpperFence = 1.580 us
ConfidenceInterval = [1.525 us; 1.585 us] (CI 99.9%), Margin = 0.030 us (1.90% of Mean)
Skewness = 0.1, Kurtosis = 1.3, MValue = 2

// ** Remained 50 (96.2 %) benchmark(s) to run. Estimated finish 2026-10-04 14:59 (0h 1m from now) **
// **************************
// Benchmark: CodecSuite.Run: campaign(EvaluateOverhead=False, Clock=Armonik.Ffi.Bdn.CpuClock, IterationCount=6, IterationTime=40ms, LaunchCount=1, RunStrategy=Throughput, WarmupCount=25) [Case=core-(...)etain [38]]
// *** Execute ***
// Launch: 1 / 1
// Execute: dotnet BenchDotNet-campaign-1.dll --anonymousPipes 117 118 --benchmarkName "Armonik.Ffi.Bdn.CodecSuite.Run(Case: \"core-ffi|decode-read|P1.2|ascii|retain\")" --job campaign --benchmarkId 2 in /home/user/ArmoniK.Api/ffi/poc/csharp/src/BenchDotNet/bin/Release/net8.0/BenchDotNet-campaign-1/bin/Release/net8.0
// BeforeAnythingElse

// Benchmark Process Environment Information:
// BenchmarkDotNet v0.15.8
// Runtime=.NET 8.0.31 (8.0.31, 8.0.3126.42015), X64 RyuJIT x86-64-v4
// GC=Concurrent Workstation
// HardwareIntrinsics=AVX512 F+BW+CD+DQ+VL,AVX2+BMI1+BMI2+F16C+FMA+LZCNT+MOVBE,AVX,SSE3+SSSE3+SSE4.1+SSE4.2+POPCNT,X86Base+SSE+SSE2,AES+PCLMUL VectorSize=256
// Job: campaign(EvaluateOverhead=False, Clock=Armonik.Ffi.Bdn.CpuClock, IterationCount=6, IterationTime=40ms, LaunchCount=1, RunStrategy=Throughput, WarmupCount=25)

OverheadJitting  1: 1 op, 298415.00 ns, 298.4150 us/op
WorkloadJitting  1: 1 op, 5198889.00 ns, 5.1989 ms/op

WorkloadPilot    1: 4 op, 2153292.00 ns, 538.3230 us/op
WorkloadPilot    2: 74 op, 47240323.00 ns, 638.3827 us/op
WorkloadPilot    3: 63 op, 31122353.00 ns, 494.0056 us/op
WorkloadPilot    4: 81 op, 39351587.00 ns, 485.8221 us/op

WorkloadWarmup   1: 81 op, 40466642.00 ns, 499.5882 us/op
WorkloadWarmup   2: 81 op, 42994930.00 ns, 530.8016 us/op
WorkloadWarmup   3: 81 op, 58825041.00 ns, 726.2351 us/op
WorkloadWarmup   4: 81 op, 78205827.00 ns, 965.5040 us/op
WorkloadWarmup   5: 81 op, 76059634.00 ns, 939.0078 us/op
WorkloadWarmup   6: 81 op, 65880852.00 ns, 813.3439 us/op
WorkloadWarmup   7: 81 op, 31271802.00 ns, 386.0716 us/op
WorkloadWarmup   8: 81 op, 31388809.00 ns, 387.5162 us/op
WorkloadWarmup   9: 81 op, 31563883.00 ns, 389.6776 us/op
WorkloadWarmup  10: 81 op, 31314037.00 ns, 386.5930 us/op
WorkloadWarmup  11: 81 op, 31561669.00 ns, 389.6502 us/op
WorkloadWarmup  12: 81 op, 31434117.00 ns, 388.0755 us/op
WorkloadWarmup  13: 81 op, 31351381.00 ns, 387.0541 us/op
WorkloadWarmup  14: 81 op, 32168984.00 ns, 397.1480 us/op
WorkloadWarmup  15: 81 op, 31228685.00 ns, 385.5393 us/op
WorkloadWarmup  16: 81 op, 31459035.00 ns, 388.3831 us/op
WorkloadWarmup  17: 81 op, 31492503.00 ns, 388.7963 us/op
WorkloadWarmup  18: 81 op, 32055247.00 ns, 395.7438 us/op
WorkloadWarmup  19: 81 op, 31847658.00 ns, 393.1810 us/op
WorkloadWarmup  20: 81 op, 31915891.00 ns, 394.0233 us/op
WorkloadWarmup  21: 81 op, 31723676.00 ns, 391.6503 us/op
WorkloadWarmup  22: 81 op, 31518291.00 ns, 389.1147 us/op
WorkloadWarmup  23: 81 op, 31317655.00 ns, 386.6377 us/op
WorkloadWarmup  24: 81 op, 31653196.00 ns, 390.7802 us/op
WorkloadWarmup  25: 81 op, 31812968.00 ns, 392.7527 us/op

// BeforeActualRun
WorkloadActual   1: 81 op, 32869682.00 ns, 405.7985 us/op
WorkloadActual   2: 81 op, 31908761.00 ns, 393.9353 us/op
WorkloadActual   3: 81 op, 31850110.00 ns, 393.2112 us/op
WorkloadActual   4: 81 op, 31522426.00 ns, 389.1658 us/op
WorkloadActual   5: 81 op, 31670427.00 ns, 390.9929 us/op
WorkloadActual   6: 81 op, 31813410.00 ns, 392.7581 us/op

// AfterActualRun
WorkloadResult   1: 81 op, 31908761.00 ns, 393.9353 us/op
WorkloadResult   2: 81 op, 31850110.00 ns, 393.2112 us/op
WorkloadResult   3: 81 op, 31522426.00 ns, 389.1658 us/op
WorkloadResult   4: 81 op, 31670427.00 ns, 390.9929 us/op
WorkloadResult   5: 81 op, 31813410.00 ns, 392.7581 us/op
// GC:  3 1 0 53944704 81
// Threading:  0 0 81

// AfterAll
// Benchmark Process 8956 has exited with code 0.

Mean = 392.013 us, StdErr = 0.861 us (0.22%), N = 5, StdDev = 1.926 us
Min = 389.166 us, Q1 = 390.993 us, Median = 392.758 us, Q3 = 393.211 us, Max = 393.935 us
IQR = 2.218 us, LowerFence = 387.665 us, UpperFence = 396.539 us
ConfidenceInterval = [384.597 us; 399.428 us] (CI 99.9%), Margin = 7.415 us (1.89% of Mean)
Skewness = -0.42, Kurtosis = 1.2, MValue = 2

// ** Remained 49 (94.2 %) benchmark(s) to run. Estimated finish 2026-10-04 14:59 (0h 1m from now) **
// **************************
// Benchmark: CodecSuite.Run: campaign(EvaluateOverhead=False, Clock=Armonik.Ffi.Bdn.CpuClock, IterationCount=6, IterationTime=40ms, LaunchCount=1, RunStrategy=Throughput, WarmupCount=25) [Case=core-(...)|drop [36]]
// *** Execute ***
// Launch: 1 / 1
// Execute: dotnet BenchDotNet-campaign-1.dll --anonymousPipes 117 118 --benchmarkName "Armonik.Ffi.Bdn.CodecSuite.Run(Case: \"core-ffi|decode-read|P5.2|ascii|drop\")" --job campaign --benchmarkId 3 in /home/user/ArmoniK.Api/ffi/poc/csharp/src/BenchDotNet/bin/Release/net8.0/BenchDotNet-campaign-1/bin/Release/net8.0
// BeforeAnythingElse

// Benchmark Process Environment Information:
// BenchmarkDotNet v0.15.8
// Runtime=.NET 8.0.31 (8.0.31, 8.0.3126.42015), X64 RyuJIT x86-64-v4
// GC=Concurrent Workstation
// HardwareIntrinsics=AVX512 F+BW+CD+DQ+VL,AVX2+BMI1+BMI2+F16C+FMA+LZCNT+MOVBE,AVX,SSE3+SSSE3+SSE4.1+SSE4.2+POPCNT,X86Base+SSE+SSE2,AES+PCLMUL VectorSize=256
// Job: campaign(EvaluateOverhead=False, Clock=Armonik.Ffi.Bdn.CpuClock, IterationCount=6, IterationTime=40ms, LaunchCount=1, RunStrategy=Throughput, WarmupCount=25)

OverheadJitting  1: 1 op, 278780.00 ns, 278.7800 us/op
WorkloadJitting  1: 1 op, 3074691.00 ns, 3.0747 ms/op

WorkloadPilot    1: 4 op, 199673.00 ns, 49.9183 us/op
WorkloadPilot    2: 801 op, 20420740.00 ns, 25.4941 us/op
WorkloadPilot    3: 1569 op, 17193594.00 ns, 10.9583 us/op
WorkloadPilot    4: 3650 op, 28936389.00 ns, 7.9278 us/op
WorkloadPilot    5: 5046 op, 37095084.00 ns, 7.3514 us/op
WorkloadPilot    6: 5441 op, 48425031.00 ns, 8.9000 us/op
WorkloadPilot    7: 4494 op, 51315168.00 ns, 11.4186 us/op
WorkloadPilot    8: 3503 op, 29207020.00 ns, 8.3377 us/op
WorkloadPilot    9: 4797 op, 49843743.00 ns, 10.3906 us/op

WorkloadWarmup   1: 4797 op, 50156447.00 ns, 10.4558 us/op
WorkloadWarmup   2: 4797 op, 45464208.00 ns, 9.4776 us/op
WorkloadWarmup   3: 4797 op, 45523904.00 ns, 9.4901 us/op
WorkloadWarmup   4: 4797 op, 39454673.00 ns, 8.2249 us/op
WorkloadWarmup   5: 4797 op, 41575101.00 ns, 8.6669 us/op
WorkloadWarmup   6: 4797 op, 41099233.00 ns, 8.5677 us/op
WorkloadWarmup   7: 4797 op, 40003933.00 ns, 8.3394 us/op
WorkloadWarmup   8: 4797 op, 36785051.00 ns, 7.6683 us/op
WorkloadWarmup   9: 4797 op, 38136314.00 ns, 7.9500 us/op
WorkloadWarmup  10: 4797 op, 29884985.00 ns, 6.2299 us/op
WorkloadWarmup  11: 4797 op, 32365809.00 ns, 6.7471 us/op
WorkloadWarmup  12: 4797 op, 32809707.00 ns, 6.8396 us/op
WorkloadWarmup  13: 4797 op, 34840882.00 ns, 7.2631 us/op
WorkloadWarmup  14: 4797 op, 33029485.00 ns, 6.8854 us/op
WorkloadWarmup  15: 4797 op, 38821408.00 ns, 8.0929 us/op
WorkloadWarmup  16: 4797 op, 34252058.00 ns, 7.1403 us/op
WorkloadWarmup  17: 4797 op, 31890953.00 ns, 6.6481 us/op
WorkloadWarmup  18: 4797 op, 31701450.00 ns, 6.6086 us/op
WorkloadWarmup  19: 4797 op, 33017204.00 ns, 6.8829 us/op
WorkloadWarmup  20: 4797 op, 30712850.00 ns, 6.4025 us/op
WorkloadWarmup  21: 4797 op, 29457888.00 ns, 6.1409 us/op
WorkloadWarmup  22: 4797 op, 32455075.00 ns, 6.7657 us/op
WorkloadWarmup  23: 4797 op, 29750392.00 ns, 6.2019 us/op
WorkloadWarmup  24: 4797 op, 36091995.00 ns, 7.5239 us/op
WorkloadWarmup  25: 4797 op, 31761403.00 ns, 6.6211 us/op

// BeforeActualRun
WorkloadActual   1: 4797 op, 30076969.00 ns, 6.2700 us/op
WorkloadActual   2: 4797 op, 32810709.00 ns, 6.8398 us/op
WorkloadActual   3: 4797 op, 31516851.00 ns, 6.5701 us/op
WorkloadActual   4: 4797 op, 32497523.00 ns, 6.7746 us/op
WorkloadActual   5: 4797 op, 31261670.00 ns, 6.5169 us/op
WorkloadActual   6: 4797 op, 35305744.00 ns, 7.3600 us/op

// AfterActualRun
WorkloadResult   1: 4797 op, 30076969.00 ns, 6.2700 us/op
WorkloadResult   2: 4797 op, 32810709.00 ns, 6.8398 us/op
WorkloadResult   3: 4797 op, 31516851.00 ns, 6.5701 us/op
WorkloadResult   4: 4797 op, 32497523.00 ns, 6.7746 us/op
WorkloadResult   5: 4797 op, 31261670.00 ns, 6.5169 us/op
// GC:  18 3 0 315796104 4797
// Threading:  0 0 4797

// AfterAll
// Benchmark Process 8965 has exited with code 0.

Mean = 6.594 us, StdErr = 0.101 us (1.53%), N = 5, StdDev = 0.226 us
Min = 6.270 us, Q1 = 6.517 us, Median = 6.570 us, Q3 = 6.775 us, Max = 6.840 us
IQR = 0.258 us, LowerFence = 6.130 us, UpperFence = 7.161 us
ConfidenceInterval = [5.724 us; 7.465 us] (CI 99.9%), Margin = 0.871 us (13.21% of Mean)
Skewness = -0.24, Kurtosis = 1.21, MValue = 2

// ** Remained 48 (92.3 %) benchmark(s) to run. Estimated finish 2026-10-04 14:59 (0h 1m from now) **
// **************************
// Benchmark: CodecSuite.Run: campaign(EvaluateOverhead=False, Clock=Armonik.Ffi.Bdn.CpuClock, IterationCount=6, IterationTime=40ms, LaunchCount=1, RunStrategy=Throughput, WarmupCount=25) [Case=core-(...)etain [38]]
// *** Execute ***
// Launch: 1 / 1
// Execute: dotnet BenchDotNet-campaign-1.dll --anonymousPipes 117 118 --benchmarkName "Armonik.Ffi.Bdn.CodecSuite.Run(Case: \"core-ffi|decode-read|P7.1|ascii|retain\")" --job campaign --benchmarkId 4 in /home/user/ArmoniK.Api/ffi/poc/csharp/src/BenchDotNet/bin/Release/net8.0/BenchDotNet-campaign-1/bin/Release/net8.0
// BeforeAnythingElse

// Benchmark Process Environment Information:
// BenchmarkDotNet v0.15.8
// Runtime=.NET 8.0.31 (8.0.31, 8.0.3126.42015), X64 RyuJIT x86-64-v4
// GC=Concurrent Workstation
// HardwareIntrinsics=AVX512 F+BW+CD+DQ+VL,AVX2+BMI1+BMI2+F16C+FMA+LZCNT+MOVBE,AVX,SSE3+SSSE3+SSE4.1+SSE4.2+POPCNT,X86Base+SSE+SSE2,AES+PCLMUL VectorSize=256
// Job: campaign(EvaluateOverhead=False, Clock=Armonik.Ffi.Bdn.CpuClock, IterationCount=6, IterationTime=40ms, LaunchCount=1, RunStrategy=Throughput, WarmupCount=25)

OverheadJitting  1: 1 op, 250572.00 ns, 250.5720 us/op
WorkloadJitting  1: 1 op, 4795626.00 ns, 4.7956 ms/op

WorkloadPilot    1: 4 op, 23400.00 ns, 5.8500 us/op
WorkloadPilot    2: 6838 op, 10228453.00 ns, 1.4958 us/op
WorkloadPilot    3: 26741 op, 37968731.00 ns, 1.4199 us/op
WorkloadPilot    4: 28172 op, 36512078.00 ns, 1.2960 us/op
WorkloadPilot    5: 30863 op, 46363004.00 ns, 1.5022 us/op
WorkloadPilot    6: 26627 op, 54407508.00 ns, 2.0433 us/op
WorkloadPilot    7: 19576 op, 33578336.00 ns, 1.7153 us/op
WorkloadPilot    8: 23320 op, 39888416.00 ns, 1.7105 us/op
WorkloadPilot    9: 23385 op, 40566216.00 ns, 1.7347 us/op

WorkloadWarmup   1: 23385 op, 39859994.00 ns, 1.7045 us/op
WorkloadWarmup   2: 23385 op, 39248567.00 ns, 1.6784 us/op
WorkloadWarmup   3: 23385 op, 41395152.00 ns, 1.7702 us/op
WorkloadWarmup   4: 23385 op, 19969764.00 ns, 853.9561 ns/op
WorkloadWarmup   5: 23385 op, 13201722.00 ns, 564.5380 ns/op
WorkloadWarmup   6: 23385 op, 13192339.00 ns, 564.1368 ns/op
WorkloadWarmup   7: 23385 op, 13421922.00 ns, 573.9543 ns/op
WorkloadWarmup   8: 23385 op, 13551881.00 ns, 579.5117 ns/op
WorkloadWarmup   9: 23385 op, 13860418.00 ns, 592.7055 ns/op
WorkloadWarmup  10: 23385 op, 13911041.00 ns, 594.8703 ns/op
WorkloadWarmup  11: 23385 op, 15879730.00 ns, 679.0562 ns/op
WorkloadWarmup  12: 23385 op, 15510506.00 ns, 663.2673 ns/op
WorkloadWarmup  13: 23385 op, 13445831.00 ns, 574.9767 ns/op
WorkloadWarmup  14: 23385 op, 13531574.00 ns, 578.6433 ns/op
WorkloadWarmup  15: 23385 op, 13458046.00 ns, 575.4991 ns/op
WorkloadWarmup  16: 23385 op, 13820661.00 ns, 591.0054 ns/op
WorkloadWarmup  17: 23385 op, 15484663.00 ns, 662.1622 ns/op
WorkloadWarmup  18: 23385 op, 13608950.00 ns, 581.9521 ns/op
WorkloadWarmup  19: 23385 op, 13540575.00 ns, 579.0282 ns/op
WorkloadWarmup  20: 23385 op, 13508637.00 ns, 577.6625 ns/op
WorkloadWarmup  21: 23385 op, 13421932.00 ns, 573.9548 ns/op
WorkloadWarmup  22: 23385 op, 13705398.00 ns, 586.0765 ns/op
WorkloadWarmup  23: 23385 op, 15545686.00 ns, 664.7717 ns/op
WorkloadWarmup  24: 23385 op, 13328785.00 ns, 569.9716 ns/op
WorkloadWarmup  25: 23385 op, 13675027.00 ns, 584.7777 ns/op

// BeforeActualRun
WorkloadActual   1: 23385 op, 13852993.00 ns, 592.3880 ns/op
WorkloadActual   2: 23385 op, 13859780.00 ns, 592.6782 ns/op
WorkloadActual   3: 23385 op, 13101787.00 ns, 560.2646 ns/op
WorkloadActual   4: 23385 op, 13569092.00 ns, 580.2477 ns/op
WorkloadActual   5: 23385 op, 13639382.00 ns, 583.2535 ns/op
WorkloadActual   6: 23385 op, 13313464.00 ns, 569.3164 ns/op

// AfterActualRun
WorkloadResult   1: 23385 op, 13852993.00 ns, 592.3880 ns/op
WorkloadResult   2: 23385 op, 13859780.00 ns, 592.6782 ns/op
WorkloadResult   3: 23385 op, 13101787.00 ns, 560.2646 ns/op
WorkloadResult   4: 23385 op, 13569092.00 ns, 580.2477 ns/op
WorkloadResult   5: 23385 op, 13639382.00 ns, 583.2535 ns/op
WorkloadResult   6: 23385 op, 13313464.00 ns, 569.3164 ns/op
// GC:  0 0 0 16650120 23385
// Threading:  0 0 23385

// AfterAll
// Benchmark Process 8975 has exited with code 0.

Mean = 579.691 ns, StdErr = 5.253 ns (0.91%), N = 6, StdDev = 12.868 ns
Min = 560.265 ns, Q1 = 572.049 ns, Median = 581.751 ns, Q3 = 590.104 ns, Max = 592.678 ns
IQR = 18.055 ns, LowerFence = 544.967 ns, UpperFence = 617.187 ns
ConfidenceInterval = [543.608 ns; 615.775 ns] (CI 99.9%), Margin = 36.084 ns (6.22% of Mean)
Skewness = -0.33, Kurtosis = 1.27, MValue = 2

// ** Remained 47 (90.4 %) benchmark(s) to run. Estimated finish 2026-10-04 14:59 (0h 1m from now) **
// **************************
// Benchmark: CodecSuite.Run: campaign(EvaluateOverhead=False, Clock=Armonik.Ffi.Bdn.CpuClock, IterationCount=6, IterationTime=40ms, LaunchCount=1, RunStrategy=Throughput, WarmupCount=25) [Case=core-(...)|drop [36]]
// *** Execute ***
// Launch: 1 / 1
// Execute: dotnet BenchDotNet-campaign-1.dll --anonymousPipes 117 118 --benchmarkName "Armonik.Ffi.Bdn.CodecSuite.Run(Case: \"core-ffi|decode-read|P1.1|ascii|drop\")" --job campaign --benchmarkId 5 in /home/user/ArmoniK.Api/ffi/poc/csharp/src/BenchDotNet/bin/Release/net8.0/BenchDotNet-campaign-1/bin/Release/net8.0
// BeforeAnythingElse

// Benchmark Process Environment Information:
// BenchmarkDotNet v0.15.8
// Runtime=.NET 8.0.31 (8.0.31, 8.0.3126.42015), X64 RyuJIT x86-64-v4
// GC=Concurrent Workstation
// HardwareIntrinsics=AVX512 F+BW+CD+DQ+VL,AVX2+BMI1+BMI2+F16C+FMA+LZCNT+MOVBE,AVX,SSE3+SSSE3+SSE4.1+SSE4.2+POPCNT,X86Base+SSE+SSE2,AES+PCLMUL VectorSize=256
// Job: campaign(EvaluateOverhead=False, Clock=Armonik.Ffi.Bdn.CpuClock, IterationCount=6, IterationTime=40ms, LaunchCount=1, RunStrategy=Throughput, WarmupCount=25)

OverheadJitting  1: 1 op, 258241.00 ns, 258.2410 us/op
WorkloadJitting  1: 1 op, 4138200.00 ns, 4.1382 ms/op

WorkloadPilot    1: 4 op, 61585.00 ns, 15.3963 us/op
WorkloadPilot    2: 2598 op, 10223470.00 ns, 3.9351 us/op
WorkloadPilot    3: 10165 op, 34955012.00 ns, 3.4388 us/op
WorkloadPilot    4: 11632 op, 33052153.00 ns, 2.8415 us/op
WorkloadPilot    5: 14077 op, 39193656.00 ns, 2.7842 us/op
WorkloadPilot    6: 14367 op, 68382835.00 ns, 4.7597 us/op
WorkloadPilot    7: 8404 op, 35941779.00 ns, 4.2767 us/op
WorkloadPilot    8: 9353 op, 41116744.00 ns, 4.3961 us/op
WorkloadPilot    9: 9099 op, 39750160.00 ns, 4.3686 us/op
WorkloadPilot   10: 9156 op, 38746624.00 ns, 4.2318 us/op
WorkloadPilot   11: 9452 op, 17314156.00 ns, 1.8318 us/op
WorkloadPilot   12: 21836 op, 33949298.00 ns, 1.5547 us/op
WorkloadPilot   13: 25728 op, 43830419.00 ns, 1.7036 us/op

WorkloadWarmup   1: 25728 op, 44036259.00 ns, 1.7116 us/op
WorkloadWarmup   2: 25728 op, 41231161.00 ns, 1.6026 us/op
WorkloadWarmup   3: 25728 op, 44565526.00 ns, 1.7322 us/op
WorkloadWarmup   4: 25728 op, 39328084.00 ns, 1.5286 us/op
WorkloadWarmup   5: 25728 op, 43212614.00 ns, 1.6796 us/op
WorkloadWarmup   6: 25728 op, 39439609.00 ns, 1.5329 us/op
WorkloadWarmup   7: 25728 op, 39719111.00 ns, 1.5438 us/op
WorkloadWarmup   8: 25728 op, 39188135.00 ns, 1.5232 us/op
WorkloadWarmup   9: 25728 op, 39304621.00 ns, 1.5277 us/op
WorkloadWarmup  10: 25728 op, 39952253.00 ns, 1.5529 us/op
WorkloadWarmup  11: 25728 op, 39515192.00 ns, 1.5359 us/op
WorkloadWarmup  12: 25728 op, 39574155.00 ns, 1.5382 us/op
WorkloadWarmup  13: 25728 op, 39387888.00 ns, 1.5309 us/op
WorkloadWarmup  14: 25728 op, 42716524.00 ns, 1.6603 us/op
WorkloadWarmup  15: 25728 op, 45719357.00 ns, 1.7770 us/op
WorkloadWarmup  16: 25728 op, 44235425.00 ns, 1.7193 us/op
WorkloadWarmup  17: 25728 op, 46738338.00 ns, 1.8166 us/op
WorkloadWarmup  18: 25728 op, 45919049.00 ns, 1.7848 us/op
WorkloadWarmup  19: 25728 op, 52943625.00 ns, 2.0578 us/op
WorkloadWarmup  20: 25728 op, 39958525.00 ns, 1.5531 us/op
WorkloadWarmup  21: 25728 op, 39695007.00 ns, 1.5429 us/op
WorkloadWarmup  22: 25728 op, 44427430.00 ns, 1.7268 us/op
WorkloadWarmup  23: 25728 op, 41068674.00 ns, 1.5963 us/op
WorkloadWarmup  24: 25728 op, 39758669.00 ns, 1.5453 us/op
WorkloadWarmup  25: 25728 op, 40056638.00 ns, 1.5569 us/op

// BeforeActualRun
WorkloadActual   1: 25728 op, 39742464.00 ns, 1.5447 us/op
WorkloadActual   2: 25728 op, 40145481.00 ns, 1.5604 us/op
WorkloadActual   3: 25728 op, 40864001.00 ns, 1.5883 us/op
WorkloadActual   4: 25728 op, 43478474.00 ns, 1.6899 us/op
WorkloadActual   5: 25728 op, 39855481.00 ns, 1.5491 us/op
WorkloadActual   6: 25728 op, 39372858.00 ns, 1.5304 us/op

// AfterActualRun
WorkloadResult   1: 25728 op, 39742464.00 ns, 1.5447 us/op
WorkloadResult   2: 25728 op, 40145481.00 ns, 1.5604 us/op
WorkloadResult   3: 25728 op, 40864001.00 ns, 1.5883 us/op
WorkloadResult   4: 25728 op, 39855481.00 ns, 1.5491 us/op
WorkloadResult   5: 25728 op, 39372858.00 ns, 1.5304 us/op
// GC:  4 0 0 70185984 25728
// Threading:  0 0 25728

// AfterAll
// Benchmark Process 8984 has exited with code 0.

Mean = 1.555 us, StdErr = 0.010 us (0.62%), N = 5, StdDev = 0.022 us
Min = 1.530 us, Q1 = 1.545 us, Median = 1.549 us, Q3 = 1.560 us, Max = 1.588 us
IQR = 0.016 us, LowerFence = 1.521 us, UpperFence = 1.584 us
ConfidenceInterval = [1.471 us; 1.638 us] (CI 99.9%), Margin = 0.084 us (5.38% of Mean)
Skewness = 0.45, Kurtosis = 1.49, MValue = 2

// ** Remained 46 (88.5 %) benchmark(s) to run. Estimated finish 2026-10-04 14:59 (0h 1m from now) **
// **************************
// Benchmark: CodecSuite.Run: campaign(EvaluateOverhead=False, Clock=Armonik.Ffi.Bdn.CpuClock, IterationCount=6, IterationTime=40ms, LaunchCount=1, RunStrategy=Throughput, WarmupCount=25) [Case=core-(...)etain [66]]
// *** Execute ***
// Launch: 1 / 1
// Execute: dotnet BenchDotNet-campaign-1.dll --anonymousPipes 117 118 --benchmarkName "Armonik.Ffi.Bdn.CodecSuite.Run(Case: \"core-ffi|decode-read|U-wire-DualResponse-left-as-wt5|corpus|retain\")" --job campaign --benchmarkId 6 in /home/user/ArmoniK.Api/ffi/poc/csharp/src/BenchDotNet/bin/Release/net8.0/BenchDotNet-campaign-1/bin/Release/net8.0
// BeforeAnythingElse

// Benchmark Process Environment Information:
// BenchmarkDotNet v0.15.8
// Runtime=.NET 8.0.31 (8.0.31, 8.0.3126.42015), X64 RyuJIT x86-64-v4
// GC=Concurrent Workstation
// HardwareIntrinsics=AVX512 F+BW+CD+DQ+VL,AVX2+BMI1+BMI2+F16C+FMA+LZCNT+MOVBE,AVX,SSE3+SSSE3+SSE4.1+SSE4.2+POPCNT,X86Base+SSE+SSE2,AES+PCLMUL VectorSize=256
// Job: campaign(EvaluateOverhead=False, Clock=Armonik.Ffi.Bdn.CpuClock, IterationCount=6, IterationTime=40ms, LaunchCount=1, RunStrategy=Throughput, WarmupCount=25)

OverheadJitting  1: 1 op, 254947.00 ns, 254.9470 us/op
WorkloadJitting  1: 1 op, 6350569.00 ns, 6.3506 ms/op

WorkloadPilot    1: 4 op, 33203.00 ns, 8.3008 us/op
WorkloadPilot    2: 4819 op, 7871540.00 ns, 1.6334 us/op
WorkloadPilot    3: 24488 op, 42310140.00 ns, 1.7278 us/op
WorkloadPilot    4: 23151 op, 30823045.00 ns, 1.3314 us/op
WorkloadPilot    5: 30044 op, 44490840.00 ns, 1.4809 us/op
WorkloadPilot    6: 27011 op, 53575839.00 ns, 1.9835 us/op

WorkloadWarmup   1: 27011 op, 49421878.00 ns, 1.8297 us/op
WorkloadWarmup   2: 27011 op, 44059571.00 ns, 1.6312 us/op
WorkloadWarmup   3: 27011 op, 45204840.00 ns, 1.6736 us/op
WorkloadWarmup   4: 27011 op, 35905587.00 ns, 1.3293 us/op
WorkloadWarmup   5: 27011 op, 13738261.00 ns, 508.6173 ns/op
WorkloadWarmup   6: 27011 op, 13613691.00 ns, 504.0054 ns/op
WorkloadWarmup   7: 27011 op, 22557999.00 ns, 835.1412 ns/op
WorkloadWarmup   8: 27011 op, 23648459.00 ns, 875.5122 ns/op
WorkloadWarmup   9: 27011 op, 16624390.00 ns, 615.4674 ns/op
WorkloadWarmup  10: 27011 op, 13597627.00 ns, 503.4107 ns/op
WorkloadWarmup  11: 27011 op, 13609663.00 ns, 503.8563 ns/op
WorkloadWarmup  12: 27011 op, 13702153.00 ns, 507.2805 ns/op
WorkloadWarmup  13: 27011 op, 15395952.00 ns, 569.9882 ns/op
WorkloadWarmup  14: 27011 op, 13558100.00 ns, 501.9474 ns/op
WorkloadWarmup  15: 27011 op, 13955353.00 ns, 516.6544 ns/op
WorkloadWarmup  16: 27011 op, 13908552.00 ns, 514.9218 ns/op
WorkloadWarmup  17: 27011 op, 14340183.00 ns, 530.9016 ns/op
WorkloadWarmup  18: 27011 op, 14095516.00 ns, 521.8435 ns/op
WorkloadWarmup  19: 27011 op, 13690900.00 ns, 506.8639 ns/op
WorkloadWarmup  20: 27011 op, 13810199.00 ns, 511.2806 ns/op
WorkloadWarmup  21: 27011 op, 14429526.00 ns, 534.2092 ns/op
WorkloadWarmup  22: 27011 op, 14163546.00 ns, 524.3621 ns/op
WorkloadWarmup  23: 27011 op, 20006430.00 ns, 740.6771 ns/op
WorkloadWarmup  24: 27011 op, 16345582.00 ns, 605.1454 ns/op
WorkloadWarmup  25: 27011 op, 29943814.00 ns, 1.1086 us/op

// BeforeActualRun
WorkloadActual   1: 27011 op, 15891163.00 ns, 588.3219 ns/op
WorkloadActual   2: 27011 op, 14409876.00 ns, 533.4818 ns/op
WorkloadActual   3: 27011 op, 16396053.00 ns, 607.0139 ns/op
WorkloadActual   4: 27011 op, 14321529.00 ns, 530.2110 ns/op
WorkloadActual   5: 27011 op, 13717782.00 ns, 507.8591 ns/op
WorkloadActual   6: 27011 op, 13852228.00 ns, 512.8365 ns/op

// AfterActualRun
WorkloadResult   1: 27011 op, 15891163.00 ns, 588.3219 ns/op
WorkloadResult   2: 27011 op, 14409876.00 ns, 533.4818 ns/op
WorkloadResult   3: 27011 op, 16396053.00 ns, 607.0139 ns/op
WorkloadResult   4: 27011 op, 14321529.00 ns, 530.2110 ns/op
WorkloadResult   5: 27011 op, 13717782.00 ns, 507.8591 ns/op
WorkloadResult   6: 27011 op, 13852228.00 ns, 512.8365 ns/op
// GC:  0 0 0 15342248 27011
// Threading:  0 0 27011

// AfterAll
// Benchmark Process 8996 has exited with code 0.

Mean = 546.621 ns, StdErr = 16.805 ns (3.07%), N = 6, StdDev = 41.163 ns
Min = 507.859 ns, Q1 = 517.180 ns, Median = 531.846 ns, Q3 = 574.612 ns, Max = 607.014 ns
IQR = 57.432 ns, LowerFence = 431.033 ns, UpperFence = 660.759 ns
ConfidenceInterval = [431.191 ns; 662.050 ns] (CI 99.9%), Margin = 115.429 ns (21.12% of Mean)
Skewness = 0.45, Kurtosis = 1.16, MValue = 2

// ** Remained 45 (86.5 %) benchmark(s) to run. Estimated finish 2026-10-04 14:59 (0h 1m from now) **
// **************************
// Benchmark: CodecSuite.Run: campaign(EvaluateOverhead=False, Clock=Armonik.Ffi.Bdn.CpuClock, IterationCount=6, IterationTime=40ms, LaunchCount=1, RunStrategy=Throughput, WarmupCount=25) [Case=core-(...)etain [79]]
// *** Execute ***
// Launch: 1 / 1
// Execute: dotnet BenchDotNet-campaign-1.dll --anonymousPipes 117 118 --benchmarkName "Armonik.Ffi.Bdn.CodecSuite.Run(Case: \"core-ffi|decode-read|U-wire-UploadResultDataMessage-upload-as-wt5|corpus|retain\")" --job campaign --benchmarkId 7 in /home/user/ArmoniK.Api/ffi/poc/csharp/src/BenchDotNet/bin/Release/net8.0/BenchDotNet-campaign-1/bin/Release/net8.0
// BeforeAnythingElse

// Benchmark Process Environment Information:
// BenchmarkDotNet v0.15.8
// Runtime=.NET 8.0.31 (8.0.31, 8.0.3126.42015), X64 RyuJIT x86-64-v4
// GC=Concurrent Workstation
// HardwareIntrinsics=AVX512 F+BW+CD+DQ+VL,AVX2+BMI1+BMI2+F16C+FMA+LZCNT+MOVBE,AVX,SSE3+SSSE3+SSE4.1+SSE4.2+POPCNT,X86Base+SSE+SSE2,AES+PCLMUL VectorSize=256
// Job: campaign(EvaluateOverhead=False, Clock=Armonik.Ffi.Bdn.CpuClock, IterationCount=6, IterationTime=40ms, LaunchCount=1, RunStrategy=Throughput, WarmupCount=25)

OverheadJitting  1: 1 op, 300126.00 ns, 300.1260 us/op
WorkloadJitting  1: 1 op, 4453570.00 ns, 4.4536 ms/op

WorkloadPilot    1: 4 op, 50092.00 ns, 12.5230 us/op
WorkloadPilot    2: 3194 op, 2956439.00 ns, 925.6227 ns/op
WorkloadPilot    3: 43214 op, 43080644.00 ns, 996.9141 ns/op
WorkloadPilot    4: 40124 op, 31877731.00 ns, 794.4804 ns/op
WorkloadPilot    5: 50347 op, 38404575.00 ns, 762.7977 ns/op
WorkloadPilot    6: 52439 op, 53791564.00 ns, 1.0258 us/op
WorkloadPilot    7: 38994 op, 48931088.00 ns, 1.2548 us/op

WorkloadWarmup   1: 38994 op, 38196635.00 ns, 979.5516 ns/op
WorkloadWarmup   2: 38994 op, 37628909.00 ns, 964.9923 ns/op
WorkloadWarmup   3: 38994 op, 37718028.00 ns, 967.2777 ns/op
WorkloadWarmup   4: 38994 op, 35708870.00 ns, 915.7529 ns/op
WorkloadWarmup   5: 38994 op, 11694667.00 ns, 299.9094 ns/op
WorkloadWarmup   6: 38994 op, 10798383.00 ns, 276.9242 ns/op
WorkloadWarmup   7: 38994 op, 11292292.00 ns, 289.5905 ns/op
WorkloadWarmup   8: 38994 op, 10510644.00 ns, 269.5452 ns/op
WorkloadWarmup   9: 38994 op, 11368863.00 ns, 291.5542 ns/op
WorkloadWarmup  10: 38994 op, 10945181.00 ns, 280.6888 ns/op
WorkloadWarmup  11: 38994 op, 12624080.00 ns, 323.7442 ns/op
WorkloadWarmup  12: 38994 op, 11009633.00 ns, 282.3417 ns/op
WorkloadWarmup  13: 38994 op, 10768364.00 ns, 276.1544 ns/op
WorkloadWarmup  14: 38994 op, 10970833.00 ns, 281.3467 ns/op
WorkloadWarmup  15: 38994 op, 11284458.00 ns, 289.3896 ns/op
WorkloadWarmup  16: 38994 op, 14367982.00 ns, 368.4665 ns/op
WorkloadWarmup  17: 38994 op, 11522742.00 ns, 295.5004 ns/op
WorkloadWarmup  18: 38994 op, 10535548.00 ns, 270.1838 ns/op
WorkloadWarmup  19: 38994 op, 10549621.00 ns, 270.5447 ns/op
WorkloadWarmup  20: 38994 op, 10483529.00 ns, 268.8498 ns/op
WorkloadWarmup  21: 38994 op, 10531591.00 ns, 270.0823 ns/op
WorkloadWarmup  22: 38994 op, 10666365.00 ns, 273.5386 ns/op
WorkloadWarmup  23: 38994 op, 10888617.00 ns, 279.2383 ns/op
WorkloadWarmup  24: 38994 op, 10615137.00 ns, 272.2249 ns/op
WorkloadWarmup  25: 38994 op, 12688481.00 ns, 325.3957 ns/op

// BeforeActualRun
WorkloadActual   1: 38994 op, 10798326.00 ns, 276.9228 ns/op
WorkloadActual   2: 38994 op, 10607718.00 ns, 272.0346 ns/op
WorkloadActual   3: 38994 op, 10353153.00 ns, 265.5063 ns/op
WorkloadActual   4: 38994 op, 10513316.00 ns, 269.6137 ns/op
WorkloadActual   5: 38994 op, 10931147.00 ns, 280.3289 ns/op
WorkloadActual   6: 38994 op, 10504341.00 ns, 269.3835 ns/op

// AfterActualRun
WorkloadResult   1: 38994 op, 10798326.00 ns, 276.9228 ns/op
WorkloadResult   2: 38994 op, 10607718.00 ns, 272.0346 ns/op
WorkloadResult   3: 38994 op, 10353153.00 ns, 265.5063 ns/op
WorkloadResult   4: 38994 op, 10513316.00 ns, 269.6137 ns/op
WorkloadResult   5: 38994 op, 10931147.00 ns, 280.3289 ns/op
WorkloadResult   6: 38994 op, 10504341.00 ns, 269.3835 ns/op
// GC:  0 0 0 13414272 38994
// Threading:  0 0 38994

// AfterAll
// Benchmark Process 9005 has exited with code 0.

Mean = 272.298 ns, StdErr = 2.219 ns (0.82%), N = 6, StdDev = 5.437 ns
Min = 265.506 ns, Q1 = 269.441 ns, Median = 270.824 ns, Q3 = 275.701 ns, Max = 280.329 ns
IQR = 6.260 ns, LowerFence = 260.052 ns, UpperFence = 285.090 ns
ConfidenceInterval = [257.053 ns; 287.543 ns] (CI 99.9%), Margin = 15.245 ns (5.60% of Mean)
Skewness = 0.27, Kurtosis = 1.31, MValue = 2

// ** Remained 44 (84.6 %) benchmark(s) to run. Estimated finish 2026-10-04 14:59 (0h 1m from now) **
// **************************
// Benchmark: CodecSuite.Run: campaign(EvaluateOverhead=False, Clock=Armonik.Ffi.Bdn.CpuClock, IterationCount=6, IterationTime=40ms, LaunchCount=1, RunStrategy=Throughput, WarmupCount=25) [Case=core-(...)etain [76]]
// *** Execute ***
// Launch: 1 / 1
// Execute: dotnet BenchDotNet-campaign-1.dll --anonymousPipes 117 118 --benchmarkName "Armonik.Ffi.Bdn.CodecSuite.Run(Case: \"core-ffi|decode-read|U-wire-ListMetricsResponse-batches-as-wt0|corpus|retain\")" --job campaign --benchmarkId 8 in /home/user/ArmoniK.Api/ffi/poc/csharp/src/BenchDotNet/bin/Release/net8.0/BenchDotNet-campaign-1/bin/Release/net8.0
// BeforeAnythingElse

// Benchmark Process Environment Information:
// BenchmarkDotNet v0.15.8
// Runtime=.NET 8.0.31 (8.0.31, 8.0.3126.42015), X64 RyuJIT x86-64-v4
// GC=Concurrent Workstation
// HardwareIntrinsics=AVX512 F+BW+CD+DQ+VL,AVX2+BMI1+BMI2+F16C+FMA+LZCNT+MOVBE,AVX,SSE3+SSSE3+SSE4.1+SSE4.2+POPCNT,X86Base+SSE+SSE2,AES+PCLMUL VectorSize=256
// Job: campaign(EvaluateOverhead=False, Clock=Armonik.Ffi.Bdn.CpuClock, IterationCount=6, IterationTime=40ms, LaunchCount=1, RunStrategy=Throughput, WarmupCount=25)

OverheadJitting  1: 1 op, 382889.00 ns, 382.8890 us/op
WorkloadJitting  1: 1 op, 11311085.00 ns, 11.3111 ms/op

WorkloadPilot    1: 4 op, 101115.00 ns, 25.2788 us/op
WorkloadPilot    2: 1582 op, 18405036.00 ns, 11.6340 us/op
WorkloadPilot    3: 3438 op, 35217439.00 ns, 10.2436 us/op
WorkloadPilot    4: 3905 op, 38480960.00 ns, 9.8543 us/op
WorkloadPilot    5: 4059 op, 33366884.00 ns, 8.2205 us/op
WorkloadPilot    6: 4866 op, 61619348.00 ns, 12.6632 us/op
WorkloadPilot    7: 3159 op, 37088671.00 ns, 11.7406 us/op
WorkloadPilot    8: 3407 op, 52228365.00 ns, 15.3297 us/op
WorkloadPilot    9: 2609 op, 32502248.00 ns, 12.4577 us/op
WorkloadPilot   10: 3211 op, 32727949.00 ns, 10.1924 us/op
WorkloadPilot   11: 3924 op, 16948787.00 ns, 4.3193 us/op
WorkloadPilot   12: 9261 op, 32122754.00 ns, 3.4686 us/op
WorkloadPilot   13: 11532 op, 41299220.00 ns, 3.5813 us/op

WorkloadWarmup   1: 11532 op, 41779437.00 ns, 3.6229 us/op
WorkloadWarmup   2: 11532 op, 40053899.00 ns, 3.4733 us/op
WorkloadWarmup   3: 11532 op, 41885823.00 ns, 3.6321 us/op
WorkloadWarmup   4: 11532 op, 41312665.00 ns, 3.5824 us/op
WorkloadWarmup   5: 11532 op, 41476680.00 ns, 3.5967 us/op
WorkloadWarmup   6: 11532 op, 40737234.00 ns, 3.5325 us/op
WorkloadWarmup   7: 11532 op, 41257023.00 ns, 3.5776 us/op
WorkloadWarmup   8: 11532 op, 40569411.00 ns, 3.5180 us/op
WorkloadWarmup   9: 11532 op, 40456012.00 ns, 3.5082 us/op
WorkloadWarmup  10: 11532 op, 43271376.00 ns, 3.7523 us/op
WorkloadWarmup  11: 11532 op, 41093957.00 ns, 3.5635 us/op
WorkloadWarmup  12: 11532 op, 41154265.00 ns, 3.5687 us/op
WorkloadWarmup  13: 11532 op, 40654057.00 ns, 3.5253 us/op
WorkloadWarmup  14: 11532 op, 39831801.00 ns, 3.4540 us/op
WorkloadWarmup  15: 11532 op, 43264442.00 ns, 3.7517 us/op
WorkloadWarmup  16: 11532 op, 39783840.00 ns, 3.4499 us/op
WorkloadWarmup  17: 11532 op, 39871313.00 ns, 3.4574 us/op
WorkloadWarmup  18: 11532 op, 40763312.00 ns, 3.5348 us/op
WorkloadWarmup  19: 11532 op, 42806895.00 ns, 3.7120 us/op
WorkloadWarmup  20: 11532 op, 41046757.00 ns, 3.5594 us/op
WorkloadWarmup  21: 11532 op, 40430119.00 ns, 3.5059 us/op
WorkloadWarmup  22: 11532 op, 41244708.00 ns, 3.5765 us/op
WorkloadWarmup  23: 11532 op, 40596614.00 ns, 3.5203 us/op
WorkloadWarmup  24: 11532 op, 41190110.00 ns, 3.5718 us/op
WorkloadWarmup  25: 11532 op, 44256517.00 ns, 3.8377 us/op

// BeforeActualRun
WorkloadActual   1: 11532 op, 41219042.00 ns, 3.5743 us/op
WorkloadActual   2: 11532 op, 40764896.00 ns, 3.5349 us/op
WorkloadActual   3: 11532 op, 43669443.00 ns, 3.7868 us/op
WorkloadActual   4: 11532 op, 41239085.00 ns, 3.5761 us/op
WorkloadActual   5: 11532 op, 43094375.00 ns, 3.7369 us/op
WorkloadActual   6: 11532 op, 41185010.00 ns, 3.5714 us/op

// AfterActualRun
WorkloadResult   1: 11532 op, 41219042.00 ns, 3.5743 us/op
WorkloadResult   2: 11532 op, 40764896.00 ns, 3.5349 us/op
WorkloadResult   3: 11532 op, 43669443.00 ns, 3.7868 us/op
WorkloadResult   4: 11532 op, 41239085.00 ns, 3.5761 us/op
WorkloadResult   5: 11532 op, 43094375.00 ns, 3.7369 us/op
WorkloadResult   6: 11532 op, 41185010.00 ns, 3.5714 us/op
// GC:  3 0 0 55076832 11532
// Threading:  0 0 11532

// AfterAll
// Benchmark Process 9014 has exited with code 0.

Mean = 3.630 us, StdErr = 0.043 us (1.17%), N = 6, StdDev = 0.104 us
Min = 3.535 us, Q1 = 3.572 us, Median = 3.575 us, Q3 = 3.697 us, Max = 3.787 us
IQR = 0.125 us, LowerFence = 3.385 us, UpperFence = 3.884 us
ConfidenceInterval = [3.337 us; 3.923 us] (CI 99.9%), Margin = 0.293 us (8.07% of Mean)
Skewness = 0.54, Kurtosis = 1.19, MValue = 2

// ** Remained 43 (82.7 %) benchmark(s) to run. Estimated finish 2026-10-04 14:59 (0h 1m from now) **
// **************************
// Benchmark: CodecSuite.Run: campaign(EvaluateOverhead=False, Clock=Armonik.Ffi.Bdn.CpuClock, IterationCount=6, IterationTime=40ms, LaunchCount=1, RunStrategy=Throughput, WarmupCount=25) [Case=core-(...)etain [38]]
// *** Execute ***
// Launch: 1 / 1
// Execute: dotnet BenchDotNet-campaign-1.dll --anonymousPipes 117 118 --benchmarkName "Armonik.Ffi.Bdn.CodecSuite.Run(Case: \"core-ffi|decode-read|P2.1|ascii|retain\")" --job campaign --benchmarkId 9 in /home/user/ArmoniK.Api/ffi/poc/csharp/src/BenchDotNet/bin/Release/net8.0/BenchDotNet-campaign-1/bin/Release/net8.0
// BeforeAnythingElse

// Benchmark Process Environment Information:
// BenchmarkDotNet v0.15.8
// Runtime=.NET 8.0.31 (8.0.31, 8.0.3126.42015), X64 RyuJIT x86-64-v4
// GC=Concurrent Workstation
// HardwareIntrinsics=AVX512 F+BW+CD+DQ+VL,AVX2+BMI1+BMI2+F16C+FMA+LZCNT+MOVBE,AVX,SSE3+SSSE3+SSE4.1+SSE4.2+POPCNT,X86Base+SSE+SSE2,AES+PCLMUL VectorSize=256
// Job: campaign(EvaluateOverhead=False, Clock=Armonik.Ffi.Bdn.CpuClock, IterationCount=6, IterationTime=40ms, LaunchCount=1, RunStrategy=Throughput, WarmupCount=25)

OverheadJitting  1: 1 op, 298968.00 ns, 298.9680 us/op
WorkloadJitting  1: 1 op, 18163415.00 ns, 18.1634 ms/op

WorkloadPilot    1: 4 op, 115387.00 ns, 28.8468 us/op
WorkloadPilot    2: 1387 op, 10635972.00 ns, 7.6683 us/op
WorkloadPilot    3: 5216 op, 34632622.00 ns, 6.6397 us/op
WorkloadPilot    4: 6024 op, 36726479.00 ns, 6.0967 us/op
WorkloadPilot    5: 6561 op, 34017714.00 ns, 5.1848 us/op
WorkloadPilot    6: 7715 op, 45606624.00 ns, 5.9114 us/op
WorkloadPilot    7: 6767 op, 61012690.00 ns, 9.0162 us/op
WorkloadPilot    8: 4436 op, 37773635.00 ns, 8.5152 us/op
WorkloadPilot    9: 4697 op, 50429144.00 ns, 10.7365 us/op

WorkloadWarmup   1: 4697 op, 41373096.00 ns, 8.8084 us/op
WorkloadWarmup   2: 4697 op, 37242557.00 ns, 7.9290 us/op
WorkloadWarmup   3: 4697 op, 37113662.00 ns, 7.9016 us/op
WorkloadWarmup   4: 4697 op, 52667852.00 ns, 11.2131 us/op
WorkloadWarmup   5: 4697 op, 32311872.00 ns, 6.8793 us/op
WorkloadWarmup   6: 4697 op, 28974531.00 ns, 6.1687 us/op
WorkloadWarmup   7: 4697 op, 22528847.00 ns, 4.7964 us/op
WorkloadWarmup   8: 4697 op, 17073602.00 ns, 3.6350 us/op
WorkloadWarmup   9: 4697 op, 15211199.00 ns, 3.2385 us/op
WorkloadWarmup  10: 4697 op, 15582714.00 ns, 3.3176 us/op
WorkloadWarmup  11: 4697 op, 18040522.00 ns, 3.8409 us/op
WorkloadWarmup  12: 4697 op, 16427776.00 ns, 3.4975 us/op
WorkloadWarmup  13: 4697 op, 15124015.00 ns, 3.2199 us/op
WorkloadWarmup  14: 4697 op, 24105048.00 ns, 5.1320 us/op
WorkloadWarmup  15: 4697 op, 15428481.00 ns, 3.2848 us/op
WorkloadWarmup  16: 4697 op, 19817857.00 ns, 4.2193 us/op
WorkloadWarmup  17: 4697 op, 17540812.00 ns, 3.7345 us/op
WorkloadWarmup  18: 4697 op, 27541873.00 ns, 5.8637 us/op
WorkloadWarmup  19: 4697 op, 24945091.00 ns, 5.3109 us/op
WorkloadWarmup  20: 4697 op, 15244831.00 ns, 3.2457 us/op
WorkloadWarmup  21: 4697 op, 15691684.00 ns, 3.3408 us/op
WorkloadWarmup  22: 4697 op, 15141744.00 ns, 3.2237 us/op
WorkloadWarmup  23: 4697 op, 15520151.00 ns, 3.3043 us/op
WorkloadWarmup  24: 4697 op, 16803710.00 ns, 3.5775 us/op
WorkloadWarmup  25: 4697 op, 15251668.00 ns, 3.2471 us/op

// BeforeActualRun
WorkloadActual   1: 4697 op, 16408764.00 ns, 3.4935 us/op
WorkloadActual   2: 4697 op, 15462785.00 ns, 3.2921 us/op
WorkloadActual   3: 4697 op, 16819224.00 ns, 3.5808 us/op
WorkloadActual   4: 4697 op, 18027435.00 ns, 3.8381 us/op
WorkloadActual   5: 4697 op, 16593213.00 ns, 3.5327 us/op
WorkloadActual   6: 4697 op, 16562330.00 ns, 3.5262 us/op

// AfterActualRun
WorkloadResult   1: 4697 op, 16408764.00 ns, 3.4935 us/op
WorkloadResult   2: 4697 op, 15462785.00 ns, 3.2921 us/op
WorkloadResult   3: 4697 op, 16819224.00 ns, 3.5808 us/op
WorkloadResult   4: 4697 op, 16593213.00 ns, 3.5327 us/op
WorkloadResult   5: 4697 op, 16562330.00 ns, 3.5262 us/op
// GC:  1 0 0 21343168 4697
// Threading:  0 0 4697

// AfterAll
// Benchmark Process 9023 has exited with code 0.

Mean = 3.485 us, StdErr = 0.050 us (1.44%), N = 5, StdDev = 0.112 us
Min = 3.292 us, Q1 = 3.493 us, Median = 3.526 us, Q3 = 3.533 us, Max = 3.581 us
IQR = 0.039 us, LowerFence = 3.435 us, UpperFence = 3.592 us
ConfidenceInterval = [3.053 us; 3.918 us] (CI 99.9%), Margin = 0.432 us (12.41% of Mean)
Skewness = -0.87, Kurtosis = 1.86, MValue = 2

// ** Remained 42 (80.8 %) benchmark(s) to run. Estimated finish 2026-10-04 14:59 (0h 1m from now) **
// **************************
// Benchmark: CodecSuite.Run: campaign(EvaluateOverhead=False, Clock=Armonik.Ffi.Bdn.CpuClock, IterationCount=6, IterationTime=40ms, LaunchCount=1, RunStrategy=Throughput, WarmupCount=25) [Case=core-(...)|drop [36]]
// *** Execute ***
// Launch: 1 / 1
// Execute: dotnet BenchDotNet-campaign-1.dll --anonymousPipes 117 118 --benchmarkName "Armonik.Ffi.Bdn.CodecSuite.Run(Case: \"core-ffi|decode-read|P2.5|ascii|drop\")" --job campaign --benchmarkId 10 in /home/user/ArmoniK.Api/ffi/poc/csharp/src/BenchDotNet/bin/Release/net8.0/BenchDotNet-campaign-1/bin/Release/net8.0
// BeforeAnythingElse

// Benchmark Process Environment Information:
// BenchmarkDotNet v0.15.8
// Runtime=.NET 8.0.31 (8.0.31, 8.0.3126.42015), X64 RyuJIT x86-64-v4
// GC=Concurrent Workstation
// HardwareIntrinsics=AVX512 F+BW+CD+DQ+VL,AVX2+BMI1+BMI2+F16C+FMA+LZCNT+MOVBE,AVX,SSE3+SSSE3+SSE4.1+SSE4.2+POPCNT,X86Base+SSE+SSE2,AES+PCLMUL VectorSize=256
// Job: campaign(EvaluateOverhead=False, Clock=Armonik.Ffi.Bdn.CpuClock, IterationCount=6, IterationTime=40ms, LaunchCount=1, RunStrategy=Throughput, WarmupCount=25)

OverheadJitting  1: 1 op, 279525.00 ns, 279.5250 us/op
WorkloadJitting  1: 1 op, 11727933.00 ns, 11.7279 ms/op

WorkloadPilot    1: 4 op, 610133.00 ns, 152.5333 us/op
WorkloadPilot    2: 262 op, 31897211.00 ns, 121.7451 us/op
WorkloadPilot    3: 329 op, 30184521.00 ns, 91.7463 us/op
WorkloadPilot    4: 436 op, 37182601.00 ns, 85.2812 us/op
WorkloadPilot    5: 469 op, 38910268.00 ns, 82.9643 us/op
WorkloadPilot    6: 482 op, 89884896.00 ns, 186.4832 us/op
WorkloadPilot    7: 214 op, 32339928.00 ns, 151.1212 us/op
WorkloadPilot    8: 265 op, 38340334.00 ns, 144.6805 us/op
WorkloadPilot    9: 276 op, 39474158.00 ns, 143.0223 us/op
WorkloadPilot   10: 280 op, 47110214.00 ns, 168.2508 us/op
WorkloadPilot   11: 238 op, 22152572.00 ns, 93.0780 us/op
WorkloadPilot   12: 430 op, 28089087.00 ns, 65.3235 us/op
WorkloadPilot   13: 612 op, 36273933.00 ns, 59.2711 us/op
WorkloadPilot   14: 675 op, 39397272.00 ns, 58.3663 us/op
WorkloadPilot   15: 685 op, 43400044.00 ns, 63.3577 us/op

WorkloadWarmup   1: 685 op, 43021307.00 ns, 62.8048 us/op
WorkloadWarmup   2: 685 op, 40001489.00 ns, 58.3963 us/op
WorkloadWarmup   3: 685 op, 40135269.00 ns, 58.5916 us/op
WorkloadWarmup   4: 685 op, 42274092.00 ns, 61.7140 us/op
WorkloadWarmup   5: 685 op, 40166074.00 ns, 58.6366 us/op
WorkloadWarmup   6: 685 op, 40404879.00 ns, 58.9852 us/op
WorkloadWarmup   7: 685 op, 40192950.00 ns, 58.6758 us/op
WorkloadWarmup   8: 685 op, 39814406.00 ns, 58.1232 us/op
WorkloadWarmup   9: 685 op, 39911536.00 ns, 58.2650 us/op
WorkloadWarmup  10: 685 op, 39493877.00 ns, 57.6553 us/op
WorkloadWarmup  11: 685 op, 41280458.00 ns, 60.2634 us/op
WorkloadWarmup  12: 685 op, 39832817.00 ns, 58.1501 us/op
WorkloadWarmup  13: 685 op, 39596757.00 ns, 57.8055 us/op
WorkloadWarmup  14: 685 op, 39712188.00 ns, 57.9740 us/op
WorkloadWarmup  15: 685 op, 40197013.00 ns, 58.6818 us/op
WorkloadWarmup  16: 685 op, 40129073.00 ns, 58.5826 us/op
WorkloadWarmup  17: 685 op, 40152310.00 ns, 58.6165 us/op
WorkloadWarmup  18: 685 op, 39126528.00 ns, 57.1190 us/op
WorkloadWarmup  19: 685 op, 39336476.00 ns, 57.4255 us/op
WorkloadWarmup  20: 685 op, 39223484.00 ns, 57.2606 us/op
WorkloadWarmup  21: 685 op, 40932269.00 ns, 59.7551 us/op
WorkloadWarmup  22: 685 op, 39392000.00 ns, 57.5066 us/op
WorkloadWarmup  23: 685 op, 39396923.00 ns, 57.5138 us/op
WorkloadWarmup  24: 685 op, 40479482.00 ns, 59.0941 us/op
WorkloadWarmup  25: 685 op, 39171368.00 ns, 57.1845 us/op

// BeforeActualRun
WorkloadActual   1: 685 op, 39425555.00 ns, 57.5556 us/op
WorkloadActual   2: 685 op, 39584201.00 ns, 57.7872 us/op
WorkloadActual   3: 685 op, 39254899.00 ns, 57.3064 us/op
WorkloadActual   4: 685 op, 39411818.00 ns, 57.5355 us/op
WorkloadActual   5: 685 op, 39380614.00 ns, 57.4899 us/op
WorkloadActual   6: 685 op, 39876376.00 ns, 58.2137 us/op

// AfterActualRun
WorkloadResult   1: 685 op, 39425555.00 ns, 57.5556 us/op
WorkloadResult   2: 685 op, 39584201.00 ns, 57.7872 us/op
WorkloadResult   3: 685 op, 39254899.00 ns, 57.3064 us/op
WorkloadResult   4: 685 op, 39411818.00 ns, 57.5355 us/op
WorkloadResult   5: 685 op, 39380614.00 ns, 57.4899 us/op
// GC:  3 0 0 55808320 685
// Threading:  0 0 685

// AfterAll
// Benchmark Process 9034 has exited with code 0.

Mean = 57.535 us, StdErr = 0.077 us (0.13%), N = 5, StdDev = 0.172 us
Min = 57.306 us, Q1 = 57.490 us, Median = 57.536 us, Q3 = 57.556 us, Max = 57.787 us
IQR = 0.066 us, LowerFence = 57.392 us, UpperFence = 57.654 us
ConfidenceInterval = [56.873 us; 58.197 us] (CI 99.9%), Margin = 0.662 us (1.15% of Mean)
Skewness = 0.16, Kurtosis = 1.55, MValue = 2

// ** Remained 41 (78.8 %) benchmark(s) to run. Estimated finish 2026-10-04 14:59 (0h 1m from now) **
// **************************
// Benchmark: CodecSuite.Run: campaign(EvaluateOverhead=False, Clock=Armonik.Ffi.Bdn.CpuClock, IterationCount=6, IterationTime=40ms, LaunchCount=1, RunStrategy=Throughput, WarmupCount=25) [Case=core-(...)etain [38]]
// *** Execute ***
// Launch: 1 / 1
// Execute: dotnet BenchDotNet-campaign-1.dll --anonymousPipes 117 118 --benchmarkName "Armonik.Ffi.Bdn.CodecSuite.Run(Case: \"core-ffi|decode-read|P1.1|ascii|retain\")" --job campaign --benchmarkId 11 in /home/user/ArmoniK.Api/ffi/poc/csharp/src/BenchDotNet/bin/Release/net8.0/BenchDotNet-campaign-1/bin/Release/net8.0
// BeforeAnythingElse

// Benchmark Process Environment Information:
// BenchmarkDotNet v0.15.8
// Runtime=.NET 8.0.31 (8.0.31, 8.0.3126.42015), X64 RyuJIT x86-64-v4
// GC=Concurrent Workstation
// HardwareIntrinsics=AVX512 F+BW+CD+DQ+VL,AVX2+BMI1+BMI2+F16C+FMA+LZCNT+MOVBE,AVX,SSE3+SSSE3+SSE4.1+SSE4.2+POPCNT,X86Base+SSE+SSE2,AES+PCLMUL VectorSize=256
// Job: campaign(EvaluateOverhead=False, Clock=Armonik.Ffi.Bdn.CpuClock, IterationCount=6, IterationTime=40ms, LaunchCount=1, RunStrategy=Throughput, WarmupCount=25)

OverheadJitting  1: 1 op, 283705.00 ns, 283.7050 us/op
WorkloadJitting  1: 1 op, 4172656.00 ns, 4.1727 ms/op

WorkloadPilot    1: 4 op, 60966.00 ns, 15.2415 us/op
WorkloadPilot    2: 2624 op, 15551709.00 ns, 5.9267 us/op
WorkloadPilot    3: 6749 op, 24973788.00 ns, 3.7004 us/op
WorkloadPilot    4: 10810 op, 41084607.00 ns, 3.8006 us/op
WorkloadPilot    5: 10525 op, 41797782.00 ns, 3.9713 us/op
WorkloadPilot    6: 10072 op, 27967760.00 ns, 2.7768 us/op
WorkloadPilot    7: 14405 op, 61130362.00 ns, 4.2437 us/op

WorkloadWarmup   1: 14405 op, 65548961.00 ns, 4.5504 us/op
WorkloadWarmup   2: 14405 op, 81238787.00 ns, 5.6396 us/op
WorkloadWarmup   3: 14405 op, 55651851.00 ns, 3.8634 us/op
WorkloadWarmup   4: 14405 op, 23818048.00 ns, 1.6535 us/op
WorkloadWarmup   5: 14405 op, 24126828.00 ns, 1.6749 us/op
WorkloadWarmup   6: 14405 op, 25338392.00 ns, 1.7590 us/op
WorkloadWarmup   7: 14405 op, 24145168.00 ns, 1.6762 us/op
WorkloadWarmup   8: 14405 op, 29739796.00 ns, 2.0645 us/op
WorkloadWarmup   9: 14405 op, 31726793.00 ns, 2.2025 us/op
WorkloadWarmup  10: 14405 op, 28215444.00 ns, 1.9587 us/op
WorkloadWarmup  11: 14405 op, 25352792.00 ns, 1.7600 us/op
WorkloadWarmup  12: 14405 op, 23526046.00 ns, 1.6332 us/op
WorkloadWarmup  13: 14405 op, 23287680.00 ns, 1.6166 us/op
WorkloadWarmup  14: 14405 op, 33245289.00 ns, 2.3079 us/op
WorkloadWarmup  15: 14405 op, 42270083.00 ns, 2.9344 us/op
WorkloadWarmup  16: 14405 op, 28734894.00 ns, 1.9948 us/op
WorkloadWarmup  17: 14405 op, 24789639.00 ns, 1.7209 us/op
WorkloadWarmup  18: 14405 op, 23759648.00 ns, 1.6494 us/op
WorkloadWarmup  19: 14405 op, 22816854.00 ns, 1.5840 us/op
WorkloadWarmup  20: 14405 op, 23812444.00 ns, 1.6531 us/op
WorkloadWarmup  21: 14405 op, 22951412.00 ns, 1.5933 us/op
WorkloadWarmup  22: 14405 op, 23052997.00 ns, 1.6003 us/op
WorkloadWarmup  23: 14405 op, 22800341.00 ns, 1.5828 us/op
WorkloadWarmup  24: 14405 op, 23005601.00 ns, 1.5971 us/op
WorkloadWarmup  25: 14405 op, 22916575.00 ns, 1.5909 us/op

// BeforeActualRun
WorkloadActual   1: 14405 op, 23852702.00 ns, 1.6559 us/op
WorkloadActual   2: 14405 op, 23571495.00 ns, 1.6363 us/op
WorkloadActual   3: 14405 op, 22952213.00 ns, 1.5934 us/op
WorkloadActual   4: 14405 op, 22996761.00 ns, 1.5964 us/op
WorkloadActual   5: 14405 op, 22692982.00 ns, 1.5754 us/op
WorkloadActual   6: 14405 op, 24888704.00 ns, 1.7278 us/op

// AfterActualRun
WorkloadResult   1: 14405 op, 23852702.00 ns, 1.6559 us/op
WorkloadResult   2: 14405 op, 23571495.00 ns, 1.6363 us/op
WorkloadResult   3: 14405 op, 22952213.00 ns, 1.5934 us/op
WorkloadResult   4: 14405 op, 22996761.00 ns, 1.5964 us/op
WorkloadResult   5: 14405 op, 22692982.00 ns, 1.5754 us/op
WorkloadResult   6: 14405 op, 24888704.00 ns, 1.7278 us/op
// GC:  2 0 0 39296840 14405
// Threading:  0 0 14405

// AfterAll
// Benchmark Process 9043 has exited with code 0.

Mean = 1.631 us, StdErr = 0.023 us (1.40%), N = 6, StdDev = 0.056 us
Min = 1.575 us, Q1 = 1.594 us, Median = 1.616 us, Q3 = 1.651 us, Max = 1.728 us
IQR = 0.057 us, LowerFence = 1.509 us, UpperFence = 1.736 us
ConfidenceInterval = [1.474 us; 1.788 us] (CI 99.9%), Margin = 0.157 us (9.64% of Mean)
Skewness = 0.63, Kurtosis = 1.71, MValue = 2

// ** Remained 40 (76.9 %) benchmark(s) to run. Estimated finish 2026-10-04 14:59 (0h 1m from now) **
// **************************
// Benchmark: CodecSuite.Run: campaign(EvaluateOverhead=False, Clock=Armonik.Ffi.Bdn.CpuClock, IterationCount=6, IterationTime=40ms, LaunchCount=1, RunStrategy=Throughput, WarmupCount=25) [Case=core-(...)|drop [36]]
// *** Execute ***
// Launch: 1 / 1
// Execute: dotnet BenchDotNet-campaign-1.dll --anonymousPipes 117 118 --benchmarkName "Armonik.Ffi.Bdn.CodecSuite.Run(Case: \"core-ffi|decode-read|P7.1|ascii|drop\")" --job campaign --benchmarkId 12 in /home/user/ArmoniK.Api/ffi/poc/csharp/src/BenchDotNet/bin/Release/net8.0/BenchDotNet-campaign-1/bin/Release/net8.0
// BeforeAnythingElse

// Benchmark Process Environment Information:
// BenchmarkDotNet v0.15.8
// Runtime=.NET 8.0.31 (8.0.31, 8.0.3126.42015), X64 RyuJIT x86-64-v4
// GC=Concurrent Workstation
// HardwareIntrinsics=AVX512 F+BW+CD+DQ+VL,AVX2+BMI1+BMI2+F16C+FMA+LZCNT+MOVBE,AVX,SSE3+SSSE3+SSE4.1+SSE4.2+POPCNT,X86Base+SSE+SSE2,AES+PCLMUL VectorSize=256
// Job: campaign(EvaluateOverhead=False, Clock=Armonik.Ffi.Bdn.CpuClock, IterationCount=6, IterationTime=40ms, LaunchCount=1, RunStrategy=Throughput, WarmupCount=25)

OverheadJitting  1: 1 op, 270191.00 ns, 270.1910 us/op
WorkloadJitting  1: 1 op, 5078516.00 ns, 5.0785 ms/op

WorkloadPilot    1: 4 op, 56115.00 ns, 14.0288 us/op
WorkloadPilot    2: 2851 op, 4291690.00 ns, 1.5053 us/op
WorkloadPilot    3: 26572 op, 38915919.00 ns, 1.4645 us/op
WorkloadPilot    4: 27312 op, 35629052.00 ns, 1.3045 us/op
WorkloadPilot    5: 30663 op, 43344747.00 ns, 1.4136 us/op
WorkloadPilot    6: 28297 op, 94012615.00 ns, 3.3224 us/op
WorkloadPilot    7: 12040 op, 26685408.00 ns, 2.2164 us/op
WorkloadPilot    8: 18047 op, 30255699.00 ns, 1.6765 us/op
WorkloadPilot    9: 23859 op, 41049809.00 ns, 1.7205 us/op

WorkloadWarmup   1: 23859 op, 46547890.00 ns, 1.9510 us/op
WorkloadWarmup   2: 23859 op, 45045255.00 ns, 1.8880 us/op
WorkloadWarmup   3: 23859 op, 43905362.00 ns, 1.8402 us/op
WorkloadWarmup   4: 23859 op, 44411474.00 ns, 1.8614 us/op
WorkloadWarmup   5: 23859 op, 36936354.00 ns, 1.5481 us/op
WorkloadWarmup   6: 23859 op, 13361588.00 ns, 560.0230 ns/op
WorkloadWarmup   7: 23859 op, 12985481.00 ns, 544.2592 ns/op
WorkloadWarmup   8: 23859 op, 12951425.00 ns, 542.8318 ns/op
WorkloadWarmup   9: 23859 op, 16708633.00 ns, 700.3073 ns/op
WorkloadWarmup  10: 23859 op, 13709227.00 ns, 574.5935 ns/op
WorkloadWarmup  11: 23859 op, 19273261.00 ns, 807.7984 ns/op
WorkloadWarmup  12: 23859 op, 16582721.00 ns, 695.0300 ns/op
WorkloadWarmup  13: 23859 op, 13785929.00 ns, 577.8083 ns/op
WorkloadWarmup  14: 23859 op, 13560312.00 ns, 568.3521 ns/op
WorkloadWarmup  15: 23859 op, 20642254.00 ns, 865.1768 ns/op
WorkloadWarmup  16: 23859 op, 14720189.00 ns, 616.9659 ns/op
WorkloadWarmup  17: 23859 op, 19246394.00 ns, 806.6723 ns/op
WorkloadWarmup  18: 23859 op, 13500364.00 ns, 565.8395 ns/op
WorkloadWarmup  19: 23859 op, 13020928.00 ns, 545.7449 ns/op
WorkloadWarmup  20: 23859 op, 13031900.00 ns, 546.2048 ns/op
WorkloadWarmup  21: 23859 op, 13028654.00 ns, 546.0687 ns/op
WorkloadWarmup  22: 23859 op, 13310222.00 ns, 557.8701 ns/op
WorkloadWarmup  23: 23859 op, 15884079.00 ns, 665.7479 ns/op
WorkloadWarmup  24: 23859 op, 13575364.00 ns, 568.9829 ns/op
WorkloadWarmup  25: 23859 op, 13192330.00 ns, 552.9289 ns/op

// BeforeActualRun
WorkloadActual   1: 23859 op, 13635844.00 ns, 571.5178 ns/op
WorkloadActual   2: 23859 op, 13016601.00 ns, 545.5636 ns/op
WorkloadActual   3: 23859 op, 13232664.00 ns, 554.6194 ns/op
WorkloadActual   4: 23859 op, 13310170.00 ns, 557.8679 ns/op
WorkloadActual   5: 23859 op, 13394717.00 ns, 561.4115 ns/op
WorkloadActual   6: 23859 op, 13114785.00 ns, 549.6787 ns/op

// AfterActualRun
WorkloadResult   1: 23859 op, 13635844.00 ns, 571.5178 ns/op
WorkloadResult   2: 23859 op, 13016601.00 ns, 545.5636 ns/op
WorkloadResult   3: 23859 op, 13232664.00 ns, 554.6194 ns/op
WorkloadResult   4: 23859 op, 13310170.00 ns, 557.8679 ns/op
WorkloadResult   5: 23859 op, 13394717.00 ns, 561.4115 ns/op
WorkloadResult   6: 23859 op, 13114785.00 ns, 549.6787 ns/op
// GC:  0 0 0 16987608 23859
// Threading:  0 0 23859

// AfterAll
// Benchmark Process 9053 has exited with code 0.

Mean = 556.776 ns, StdErr = 3.745 ns (0.67%), N = 6, StdDev = 9.173 ns
Min = 545.564 ns, Q1 = 550.914 ns, Median = 556.244 ns, Q3 = 560.526 ns, Max = 571.518 ns
IQR = 9.612 ns, LowerFence = 536.496 ns, UpperFence = 574.943 ns
ConfidenceInterval = [531.053 ns; 582.500 ns] (CI 99.9%), Margin = 25.724 ns (4.62% of Mean)
Skewness = 0.33, Kurtosis = 1.55, MValue = 2

// ** Remained 39 (75.0 %) benchmark(s) to run. Estimated finish 2026-10-04 14:59 (0h 1m from now) **
// **************************
// Benchmark: CodecSuite.Run: campaign(EvaluateOverhead=False, Clock=Armonik.Ffi.Bdn.CpuClock, IterationCount=6, IterationTime=40ms, LaunchCount=1, RunStrategy=Throughput, WarmupCount=25) [Case=core-(...)|drop [36]]
// *** Execute ***
// Launch: 1 / 1
// Execute: dotnet BenchDotNet-campaign-1.dll --anonymousPipes 117 118 --benchmarkName "Armonik.Ffi.Bdn.CodecSuite.Run(Case: \"core-ffi|decode-read|P5.1|ascii|drop\")" --job campaign --benchmarkId 13 in /home/user/ArmoniK.Api/ffi/poc/csharp/src/BenchDotNet/bin/Release/net8.0/BenchDotNet-campaign-1/bin/Release/net8.0
// BeforeAnythingElse

// Benchmark Process Environment Information:
// BenchmarkDotNet v0.15.8
// Runtime=.NET 8.0.31 (8.0.31, 8.0.3126.42015), X64 RyuJIT x86-64-v4
// GC=Concurrent Workstation
// HardwareIntrinsics=AVX512 F+BW+CD+DQ+VL,AVX2+BMI1+BMI2+F16C+FMA+LZCNT+MOVBE,AVX,SSE3+SSSE3+SSE4.1+SSE4.2+POPCNT,X86Base+SSE+SSE2,AES+PCLMUL VectorSize=256
// Job: campaign(EvaluateOverhead=False, Clock=Armonik.Ffi.Bdn.CpuClock, IterationCount=6, IterationTime=40ms, LaunchCount=1, RunStrategy=Throughput, WarmupCount=25)

OverheadJitting  1: 1 op, 295725.00 ns, 295.7250 us/op
WorkloadJitting  1: 1 op, 2737644.00 ns, 2.7376 ms/op

WorkloadPilot    1: 4 op, 31828.00 ns, 7.9570 us/op
WorkloadPilot    2: 5027 op, 3890631.00 ns, 773.9469 ns/op
WorkloadPilot    3: 51683 op, 39955300.00 ns, 773.0840 ns/op
WorkloadPilot    4: 51741 op, 34498286.00 ns, 666.7495 ns/op
WorkloadPilot    5: 59993 op, 46052742.00 ns, 767.6353 ns/op
WorkloadPilot    6: 52108 op, 44183513.00 ns, 847.9219 ns/op
WorkloadPilot    7: 47174 op, 36647166.00 ns, 776.8509 ns/op
WorkloadPilot    8: 51490 op, 42556246.00 ns, 826.4954 ns/op

WorkloadWarmup   1: 51490 op, 41534349.00 ns, 806.6488 ns/op
WorkloadWarmup   2: 51490 op, 45587594.00 ns, 885.3679 ns/op
WorkloadWarmup   3: 51490 op, 47434719.00 ns, 921.2414 ns/op
WorkloadWarmup   4: 51490 op, 45360561.00 ns, 880.9587 ns/op
WorkloadWarmup   5: 51490 op, 14875528.00 ns, 288.9013 ns/op
WorkloadWarmup   6: 51490 op, 10946049.00 ns, 212.5859 ns/op
WorkloadWarmup   7: 51490 op, 12145345.00 ns, 235.8777 ns/op
WorkloadWarmup   8: 51490 op, 13018037.00 ns, 252.8265 ns/op
WorkloadWarmup   9: 51490 op, 10482170.00 ns, 203.5768 ns/op
WorkloadWarmup  10: 51490 op, 16589130.00 ns, 322.1816 ns/op
WorkloadWarmup  11: 51490 op, 13131154.00 ns, 255.0234 ns/op
WorkloadWarmup  12: 51490 op, 14017814.00 ns, 272.2434 ns/op
WorkloadWarmup  13: 51490 op, 13369618.00 ns, 259.6547 ns/op
WorkloadWarmup  14: 51490 op, 12769112.00 ns, 247.9921 ns/op
WorkloadWarmup  15: 51490 op, 15058130.00 ns, 292.4477 ns/op
WorkloadWarmup  16: 51490 op, 15565462.00 ns, 302.3007 ns/op
WorkloadWarmup  17: 51490 op, 15022628.00 ns, 291.7582 ns/op
WorkloadWarmup  18: 51490 op, 19423126.00 ns, 377.2213 ns/op
WorkloadWarmup  19: 51490 op, 27439907.00 ns, 532.9172 ns/op
WorkloadWarmup  20: 51490 op, 24156674.00 ns, 469.1527 ns/op
WorkloadWarmup  21: 51490 op, 12856217.00 ns, 249.6838 ns/op
WorkloadWarmup  22: 51490 op, 12772576.00 ns, 248.0594 ns/op
WorkloadWarmup  23: 51490 op, 12608214.00 ns, 244.8672 ns/op
WorkloadWarmup  24: 51490 op, 14680756.00 ns, 285.1186 ns/op
WorkloadWarmup  25: 51490 op, 12818436.00 ns, 248.9500 ns/op

// BeforeActualRun
WorkloadActual   1: 51490 op, 12634381.00 ns, 245.3754 ns/op
WorkloadActual   2: 51490 op, 11984892.00 ns, 232.7615 ns/op
WorkloadActual   3: 51490 op, 10880031.00 ns, 211.3038 ns/op
WorkloadActual   4: 51490 op, 10404891.00 ns, 202.0760 ns/op
WorkloadActual   5: 51490 op, 10467246.00 ns, 203.2870 ns/op
WorkloadActual   6: 51490 op, 10790613.00 ns, 209.5672 ns/op

// AfterActualRun
WorkloadResult   1: 51490 op, 12634381.00 ns, 245.3754 ns/op
WorkloadResult   2: 51490 op, 11984892.00 ns, 232.7615 ns/op
WorkloadResult   3: 51490 op, 10880031.00 ns, 211.3038 ns/op
WorkloadResult   4: 51490 op, 10404891.00 ns, 202.0760 ns/op
WorkloadResult   5: 51490 op, 10467246.00 ns, 203.2870 ns/op
WorkloadResult   6: 51490 op, 10790613.00 ns, 209.5672 ns/op
// GC:  1 0 0 17300640 51490
// Threading:  0 0 51490

// AfterAll
// Benchmark Process 9062 has exited with code 0.

Mean = 217.395 ns, StdErr = 7.191 ns (3.31%), N = 6, StdDev = 17.613 ns
Min = 202.076 ns, Q1 = 204.857 ns, Median = 210.435 ns, Q3 = 227.397 ns, Max = 245.375 ns
IQR = 22.540 ns, LowerFence = 171.047 ns, UpperFence = 261.207 ns
ConfidenceInterval = [168.004 ns; 266.786 ns] (CI 99.9%), Margin = 49.391 ns (22.72% of Mean)
Skewness = 0.56, Kurtosis = 1.33, MValue = 2

// ** Remained 38 (73.1 %) benchmark(s) to run. Estimated finish 2026-10-04 14:59 (0h 1m from now) **
// **************************
// Benchmark: CodecSuite.Run: campaign(EvaluateOverhead=False, Clock=Armonik.Ffi.Bdn.CpuClock, IterationCount=6, IterationTime=40ms, LaunchCount=1, RunStrategy=Throughput, WarmupCount=25) [Case=core-(...)etain [39]]
// *** Execute ***
// Launch: 1 / 1
// Execute: dotnet BenchDotNet-campaign-1.dll --anonymousPipes 117 118 --benchmarkName "Armonik.Ffi.Bdn.CodecSuite.Run(Case: \"core-ffi|decode-read|P2.2|latin1|retain\")" --job campaign --benchmarkId 14 in /home/user/ArmoniK.Api/ffi/poc/csharp/src/BenchDotNet/bin/Release/net8.0/BenchDotNet-campaign-1/bin/Release/net8.0
// BeforeAnythingElse

// Benchmark Process Environment Information:
// BenchmarkDotNet v0.15.8
// Runtime=.NET 8.0.31 (8.0.31, 8.0.3126.42015), X64 RyuJIT x86-64-v4
// GC=Concurrent Workstation
// HardwareIntrinsics=AVX512 F+BW+CD+DQ+VL,AVX2+BMI1+BMI2+F16C+FMA+LZCNT+MOVBE,AVX,SSE3+SSSE3+SSE4.1+SSE4.2+POPCNT,X86Base+SSE+SSE2,AES+PCLMUL VectorSize=256
// Job: campaign(EvaluateOverhead=False, Clock=Armonik.Ffi.Bdn.CpuClock, IterationCount=6, IterationTime=40ms, LaunchCount=1, RunStrategy=Throughput, WarmupCount=25)

OverheadJitting  1: 1 op, 303781.00 ns, 303.7810 us/op
WorkloadJitting  1: 1 op, 22236043.00 ns, 22.2360 ms/op

WorkloadPilot    1: 4 op, 22104368.00 ns, 5.5261 ms/op
WorkloadPilot    2: 7 op, 29874915.00 ns, 4.2678 ms/op
WorkloadPilot    3: 9 op, 41393378.00 ns, 4.5993 ms/op

WorkloadWarmup   1: 9 op, 39937696.00 ns, 4.4375 ms/op
WorkloadWarmup   2: 9 op, 31318120.00 ns, 3.4798 ms/op
WorkloadWarmup   3: 9 op, 32565643.00 ns, 3.6184 ms/op
WorkloadWarmup   4: 9 op, 31686583.00 ns, 3.5207 ms/op
WorkloadWarmup   5: 9 op, 53437997.00 ns, 5.9376 ms/op
WorkloadWarmup   6: 9 op, 51422967.00 ns, 5.7137 ms/op
WorkloadWarmup   7: 9 op, 51624313.00 ns, 5.7360 ms/op
WorkloadWarmup   8: 9 op, 55260190.00 ns, 6.1400 ms/op
WorkloadWarmup   9: 9 op, 43446506.00 ns, 4.8274 ms/op
WorkloadWarmup  10: 9 op, 30425448.00 ns, 3.3806 ms/op
WorkloadWarmup  11: 9 op, 25148642.00 ns, 2.7943 ms/op
WorkloadWarmup  12: 9 op, 23536685.00 ns, 2.6152 ms/op
WorkloadWarmup  13: 9 op, 25132271.00 ns, 2.7925 ms/op
WorkloadWarmup  14: 9 op, 24340018.00 ns, 2.7044 ms/op
WorkloadWarmup  15: 9 op, 29560214.00 ns, 3.2845 ms/op
WorkloadWarmup  16: 9 op, 24287163.00 ns, 2.6986 ms/op
WorkloadWarmup  17: 9 op, 25700315.00 ns, 2.8556 ms/op
WorkloadWarmup  18: 9 op, 23195222.00 ns, 2.5772 ms/op
WorkloadWarmup  19: 9 op, 32411268.00 ns, 3.6013 ms/op
WorkloadWarmup  20: 9 op, 31864169.00 ns, 3.5405 ms/op
WorkloadWarmup  21: 9 op, 31634952.00 ns, 3.5150 ms/op
WorkloadWarmup  22: 9 op, 22689505.00 ns, 2.5211 ms/op
WorkloadWarmup  23: 9 op, 24761871.00 ns, 2.7513 ms/op
WorkloadWarmup  24: 9 op, 27370492.00 ns, 3.0412 ms/op
WorkloadWarmup  25: 9 op, 24956493.00 ns, 2.7729 ms/op

// BeforeActualRun
WorkloadActual   1: 9 op, 28575632.00 ns, 3.1751 ms/op
WorkloadActual   2: 9 op, 23710882.00 ns, 2.6345 ms/op
WorkloadActual   3: 9 op, 21883374.00 ns, 2.4315 ms/op
WorkloadActual   4: 9 op, 23827846.00 ns, 2.6475 ms/op
WorkloadActual   5: 9 op, 22560757.00 ns, 2.5068 ms/op
WorkloadActual   6: 9 op, 23969496.00 ns, 2.6633 ms/op

// AfterActualRun
WorkloadResult   1: 9 op, 23710882.00 ns, 2.6345 ms/op
WorkloadResult   2: 9 op, 21883374.00 ns, 2.4315 ms/op
WorkloadResult   3: 9 op, 23827846.00 ns, 2.6475 ms/op
WorkloadResult   4: 9 op, 22560757.00 ns, 2.5068 ms/op
WorkloadResult   5: 9 op, 23969496.00 ns, 2.6633 ms/op
// GC:  1 0 0 19625256 9
// Threading:  0 0 9

// AfterAll
// Benchmark Process 9071 has exited with code 0.

Mean = 2.577 ms, StdErr = 0.046 ms (1.78%), N = 5, StdDev = 0.102 ms
Min = 2.431 ms, Q1 = 2.507 ms, Median = 2.635 ms, Q3 = 2.648 ms, Max = 2.663 ms
IQR = 0.141 ms, LowerFence = 2.296 ms, UpperFence = 2.859 ms
ConfidenceInterval = [2.183 ms; 2.971 ms] (CI 99.9%), Margin = 0.394 ms (15.28% of Mean)
Skewness = -0.41, Kurtosis = 1.03, MValue = 2

// ** Remained 37 (71.2 %) benchmark(s) to run. Estimated finish 2026-10-04 14:59 (0h 1m from now) **
// **************************
// Benchmark: CodecSuite.Run: campaign(EvaluateOverhead=False, Clock=Armonik.Ffi.Bdn.CpuClock, IterationCount=6, IterationTime=40ms, LaunchCount=1, RunStrategy=Throughput, WarmupCount=25) [Case=core-(...)etain [78]]
// *** Execute ***
// Launch: 1 / 1
// Execute: dotnet BenchDotNet-campaign-1.dll --anonymousPipes 117 118 --benchmarkName "Armonik.Ffi.Bdn.CodecSuite.Run(Case: \"core-ffi|decode-read|U-wire-ListTaskSummaryResponse-tasks-as-wt5|corpus|retain\")" --job campaign --benchmarkId 15 in /home/user/ArmoniK.Api/ffi/poc/csharp/src/BenchDotNet/bin/Release/net8.0/BenchDotNet-campaign-1/bin/Release/net8.0
// BeforeAnythingElse

// Benchmark Process Environment Information:
// BenchmarkDotNet v0.15.8
// Runtime=.NET 8.0.31 (8.0.31, 8.0.3126.42015), X64 RyuJIT x86-64-v4
// GC=Concurrent Workstation
// HardwareIntrinsics=AVX512 F+BW+CD+DQ+VL,AVX2+BMI1+BMI2+F16C+FMA+LZCNT+MOVBE,AVX,SSE3+SSSE3+SSE4.1+SSE4.2+POPCNT,X86Base+SSE+SSE2,AES+PCLMUL VectorSize=256
// Job: campaign(EvaluateOverhead=False, Clock=Armonik.Ffi.Bdn.CpuClock, IterationCount=6, IterationTime=40ms, LaunchCount=1, RunStrategy=Throughput, WarmupCount=25)

OverheadJitting  1: 1 op, 334366.00 ns, 334.3660 us/op
WorkloadJitting  1: 1 op, 9877753.00 ns, 9.8778 ms/op

WorkloadPilot    1: 4 op, 98409.00 ns, 24.6023 us/op
WorkloadPilot    2: 1626 op, 10660187.00 ns, 6.5561 us/op
WorkloadPilot    3: 6101 op, 36497553.00 ns, 5.9822 us/op
WorkloadPilot    4: 6686 op, 36201722.00 ns, 5.4146 us/op
WorkloadPilot    5: 7387 op, 34054949.00 ns, 4.6101 us/op
WorkloadPilot    6: 8677 op, 64380911.00 ns, 7.4197 us/op
WorkloadPilot    7: 5391 op, 41594651.00 ns, 7.7156 us/op
WorkloadPilot    8: 5184 op, 41676436.00 ns, 8.0394 us/op

WorkloadWarmup   1: 5184 op, 38975739.00 ns, 7.5185 us/op
WorkloadWarmup   2: 5184 op, 38823482.00 ns, 7.4891 us/op
WorkloadWarmup   3: 5184 op, 38784762.00 ns, 7.4816 us/op
WorkloadWarmup   4: 5184 op, 38671328.00 ns, 7.4597 us/op
WorkloadWarmup   5: 5184 op, 46643333.00 ns, 8.9976 us/op
WorkloadWarmup   6: 5184 op, 23692515.00 ns, 4.5703 us/op
WorkloadWarmup   7: 5184 op, 15186655.00 ns, 2.9295 us/op
WorkloadWarmup   8: 5184 op, 14728224.00 ns, 2.8411 us/op
WorkloadWarmup   9: 5184 op, 14886709.00 ns, 2.8717 us/op
WorkloadWarmup  10: 5184 op, 15139389.00 ns, 2.9204 us/op
WorkloadWarmup  11: 5184 op, 15058359.00 ns, 2.9048 us/op
WorkloadWarmup  12: 5184 op, 14599054.00 ns, 2.8162 us/op
WorkloadWarmup  13: 5184 op, 14915768.00 ns, 2.8773 us/op
WorkloadWarmup  14: 5184 op, 14739212.00 ns, 2.8432 us/op
WorkloadWarmup  15: 5184 op, 15136136.00 ns, 2.9198 us/op
WorkloadWarmup  16: 5184 op, 14678676.00 ns, 2.8315 us/op
WorkloadWarmup  17: 5184 op, 14697160.00 ns, 2.8351 us/op
WorkloadWarmup  18: 5184 op, 14830694.00 ns, 2.8609 us/op
WorkloadWarmup  19: 5184 op, 14740767.00 ns, 2.8435 us/op
WorkloadWarmup  20: 5184 op, 14931389.00 ns, 2.8803 us/op
WorkloadWarmup  21: 5184 op, 15003570.00 ns, 2.8942 us/op
WorkloadWarmup  22: 5184 op, 14629168.00 ns, 2.8220 us/op
WorkloadWarmup  23: 5184 op, 14782296.00 ns, 2.8515 us/op
WorkloadWarmup  24: 5184 op, 14788910.00 ns, 2.8528 us/op
WorkloadWarmup  25: 5184 op, 14850493.00 ns, 2.8647 us/op

// BeforeActualRun
WorkloadActual   1: 5184 op, 14797626.00 ns, 2.8545 us/op
WorkloadActual   2: 5184 op, 14704999.00 ns, 2.8366 us/op
WorkloadActual   3: 5184 op, 14569469.00 ns, 2.8105 us/op
WorkloadActual   4: 5184 op, 14682398.00 ns, 2.8323 us/op
WorkloadActual   5: 5184 op, 14993383.00 ns, 2.8922 us/op
WorkloadActual   6: 5184 op, 14872278.00 ns, 2.8689 us/op

// AfterActualRun
WorkloadResult   1: 5184 op, 14797626.00 ns, 2.8545 us/op
WorkloadResult   2: 5184 op, 14704999.00 ns, 2.8366 us/op
WorkloadResult   3: 5184 op, 14569469.00 ns, 2.8105 us/op
WorkloadResult   4: 5184 op, 14682398.00 ns, 2.8323 us/op
WorkloadResult   5: 5184 op, 14993383.00 ns, 2.8922 us/op
WorkloadResult   6: 5184 op, 14872278.00 ns, 2.8689 us/op
// GC:  1 0 0 19284480 5184
// Threading:  0 0 5184

// AfterAll
// Benchmark Process 9080 has exited with code 0.

Mean = 2.849 us, StdErr = 0.012 us (0.42%), N = 6, StdDev = 0.029 us
Min = 2.810 us, Q1 = 2.833 us, Median = 2.846 us, Q3 = 2.865 us, Max = 2.892 us
IQR = 0.032 us, LowerFence = 2.785 us, UpperFence = 2.913 us
ConfidenceInterval = [2.768 us; 2.931 us] (CI 99.9%), Margin = 0.081 us (2.86% of Mean)
Skewness = 0.16, Kurtosis = 1.4, MValue = 2

// ** Remained 36 (69.2 %) benchmark(s) to run. Estimated finish 2026-10-04 14:59 (0h 0m from now) **
// **************************
// Benchmark: CodecSuite.Run: campaign(EvaluateOverhead=False, Clock=Armonik.Ffi.Bdn.CpuClock, IterationCount=6, IterationTime=40ms, LaunchCount=1, RunStrategy=Throughput, WarmupCount=25) [Case=core-(...)|drop [35]]
// *** Execute ***
// Launch: 1 / 1
// Execute: dotnet BenchDotNet-campaign-1.dll --anonymousPipes 117 118 --benchmarkName "Armonik.Ffi.Bdn.CodecSuite.Run(Case: \"core-ffi|decode-read|P2.2|wide|drop\")" --job campaign --benchmarkId 16 in /home/user/ArmoniK.Api/ffi/poc/csharp/src/BenchDotNet/bin/Release/net8.0/BenchDotNet-campaign-1/bin/Release/net8.0
// BeforeAnythingElse

// Benchmark Process Environment Information:
// BenchmarkDotNet v0.15.8
// Runtime=.NET 8.0.31 (8.0.31, 8.0.3126.42015), X64 RyuJIT x86-64-v4
// GC=Concurrent Workstation
// HardwareIntrinsics=AVX512 F+BW+CD+DQ+VL,AVX2+BMI1+BMI2+F16C+FMA+LZCNT+MOVBE,AVX,SSE3+SSSE3+SSE4.1+SSE4.2+POPCNT,X86Base+SSE+SSE2,AES+PCLMUL VectorSize=256
// Job: campaign(EvaluateOverhead=False, Clock=Armonik.Ffi.Bdn.CpuClock, IterationCount=6, IterationTime=40ms, LaunchCount=1, RunStrategy=Throughput, WarmupCount=25)

OverheadJitting  1: 1 op, 269763.00 ns, 269.7630 us/op
WorkloadJitting  1: 1 op, 15566087.00 ns, 15.5661 ms/op

WorkloadPilot    1: 4 op, 17635552.00 ns, 4.4089 ms/op
WorkloadPilot    2: 9 op, 46908740.00 ns, 5.2121 ms/op

WorkloadWarmup   1: 9 op, 36365703.00 ns, 4.0406 ms/op
WorkloadWarmup   2: 9 op, 37239861.00 ns, 4.1378 ms/op
WorkloadWarmup   3: 9 op, 36816414.00 ns, 4.0907 ms/op
WorkloadWarmup   4: 9 op, 54357010.00 ns, 6.0397 ms/op
WorkloadWarmup   5: 9 op, 56999600.00 ns, 6.3333 ms/op
WorkloadWarmup   6: 9 op, 55491175.00 ns, 6.1657 ms/op
WorkloadWarmup   7: 9 op, 72098117.00 ns, 8.0109 ms/op
WorkloadWarmup   8: 9 op, 42811364.00 ns, 4.7568 ms/op
WorkloadWarmup   9: 9 op, 33867473.00 ns, 3.7631 ms/op
WorkloadWarmup  10: 9 op, 30806027.00 ns, 3.4229 ms/op
WorkloadWarmup  11: 9 op, 32054182.00 ns, 3.5616 ms/op
WorkloadWarmup  12: 9 op, 31327468.00 ns, 3.4808 ms/op
WorkloadWarmup  13: 9 op, 31791669.00 ns, 3.5324 ms/op
WorkloadWarmup  14: 9 op, 30405560.00 ns, 3.3784 ms/op
WorkloadWarmup  15: 9 op, 33544538.00 ns, 3.7272 ms/op
WorkloadWarmup  16: 9 op, 30718264.00 ns, 3.4131 ms/op
WorkloadWarmup  17: 9 op, 33626359.00 ns, 3.7363 ms/op
WorkloadWarmup  18: 9 op, 30240970.00 ns, 3.3601 ms/op
WorkloadWarmup  19: 9 op, 30739952.00 ns, 3.4156 ms/op
WorkloadWarmup  20: 9 op, 30281154.00 ns, 3.3646 ms/op
WorkloadWarmup  21: 9 op, 30970955.00 ns, 3.4412 ms/op
WorkloadWarmup  22: 9 op, 30634646.00 ns, 3.4038 ms/op
WorkloadWarmup  23: 9 op, 30726664.00 ns, 3.4141 ms/op
WorkloadWarmup  24: 9 op, 30674565.00 ns, 3.4083 ms/op
WorkloadWarmup  25: 9 op, 30238226.00 ns, 3.3598 ms/op

// BeforeActualRun
WorkloadActual   1: 9 op, 30716823.00 ns, 3.4130 ms/op
WorkloadActual   2: 9 op, 30207868.00 ns, 3.3564 ms/op
WorkloadActual   3: 9 op, 29068655.00 ns, 3.2299 ms/op
WorkloadActual   4: 9 op, 30048396.00 ns, 3.3387 ms/op
WorkloadActual   5: 9 op, 29130438.00 ns, 3.2367 ms/op
WorkloadActual   6: 9 op, 30635299.00 ns, 3.4039 ms/op

// AfterActualRun
WorkloadResult   1: 9 op, 30716823.00 ns, 3.4130 ms/op
WorkloadResult   2: 9 op, 30207868.00 ns, 3.3564 ms/op
WorkloadResult   3: 9 op, 29068655.00 ns, 3.2299 ms/op
WorkloadResult   4: 9 op, 30048396.00 ns, 3.3387 ms/op
WorkloadResult   5: 9 op, 29130438.00 ns, 3.2367 ms/op
WorkloadResult   6: 9 op, 30635299.00 ns, 3.4039 ms/op
// GC:  1 0 0 19625256 9
// Threading:  0 0 9

// AfterAll
// Benchmark Process 9093 has exited with code 0.

Mean = 3.330 ms, StdErr = 0.033 ms (0.98%), N = 6, StdDev = 0.080 ms
Min = 3.230 ms, Q1 = 3.262 ms, Median = 3.348 ms, Q3 = 3.392 ms, Max = 3.413 ms
IQR = 0.130 ms, LowerFence = 3.067 ms, UpperFence = 3.587 ms
ConfidenceInterval = [3.106 ms; 3.554 ms] (CI 99.9%), Margin = 0.224 ms (6.72% of Mean)
Skewness = -0.26, Kurtosis = 1.04, MValue = 2

// ** Remained 35 (67.3 %) benchmark(s) to run. Estimated finish 2026-10-04 14:59 (0h 0m from now) **
// **************************
// Benchmark: CodecSuite.Run: campaign(EvaluateOverhead=False, Clock=Armonik.Ffi.Bdn.CpuClock, IterationCount=6, IterationTime=40ms, LaunchCount=1, RunStrategy=Throughput, WarmupCount=25) [Case=core-(...)|drop [36]]
// *** Execute ***
// Launch: 1 / 1
// Execute: dotnet BenchDotNet-campaign-1.dll --anonymousPipes 117 118 --benchmarkName "Armonik.Ffi.Bdn.CodecSuite.Run(Case: \"core-ffi|decode-read|P5.4|ascii|drop\")" --job campaign --benchmarkId 17 in /home/user/ArmoniK.Api/ffi/poc/csharp/src/BenchDotNet/bin/Release/net8.0/BenchDotNet-campaign-1/bin/Release/net8.0
// BeforeAnythingElse

// Benchmark Process Environment Information:
// BenchmarkDotNet v0.15.8
// Runtime=.NET 8.0.31 (8.0.31, 8.0.3126.42015), X64 RyuJIT x86-64-v4
// GC=Concurrent Workstation
// HardwareIntrinsics=AVX512 F+BW+CD+DQ+VL,AVX2+BMI1+BMI2+F16C+FMA+LZCNT+MOVBE,AVX,SSE3+SSSE3+SSE4.1+SSE4.2+POPCNT,X86Base+SSE+SSE2,AES+PCLMUL VectorSize=256
// Job: campaign(EvaluateOverhead=False, Clock=Armonik.Ffi.Bdn.CpuClock, IterationCount=6, IterationTime=40ms, LaunchCount=1, RunStrategy=Throughput, WarmupCount=25)

OverheadJitting  1: 1 op, 293855.00 ns, 293.8550 us/op
WorkloadJitting  1: 1 op, 4209952.00 ns, 4.2100 ms/op

WorkloadPilot    1: 4 op, 8973521.00 ns, 2.2434 ms/op
WorkloadPilot    2: 18 op, 44578967.00 ns, 2.4766 ms/op
WorkloadPilot    3: 16 op, 16973734.00 ns, 1.0609 ms/op
WorkloadPilot    4: 38 op, 61710091.00 ns, 1.6239 ms/op
WorkloadPilot    5: 25 op, 41726422.00 ns, 1.6691 ms/op

WorkloadWarmup   1: 25 op, 50537394.00 ns, 2.0215 ms/op
WorkloadWarmup   2: 25 op, 50953805.00 ns, 2.0382 ms/op
WorkloadWarmup   3: 25 op, 50827883.00 ns, 2.0331 ms/op
WorkloadWarmup   4: 25 op, 52406431.00 ns, 2.0963 ms/op
WorkloadWarmup   5: 25 op, 47938393.00 ns, 1.9175 ms/op
WorkloadWarmup   6: 25 op, 48306135.00 ns, 1.9322 ms/op
WorkloadWarmup   7: 25 op, 36700811.00 ns, 1.4680 ms/op
WorkloadWarmup   8: 25 op, 47646929.00 ns, 1.9059 ms/op
WorkloadWarmup   9: 25 op, 48202200.00 ns, 1.9281 ms/op
WorkloadWarmup  10: 25 op, 48593404.00 ns, 1.9437 ms/op
WorkloadWarmup  11: 25 op, 45344407.00 ns, 1.8138 ms/op
WorkloadWarmup  12: 25 op, 46515067.00 ns, 1.8606 ms/op
WorkloadWarmup  13: 25 op, 46353142.00 ns, 1.8541 ms/op
WorkloadWarmup  14: 25 op, 47490854.00 ns, 1.8996 ms/op
WorkloadWarmup  15: 25 op, 45053495.00 ns, 1.8021 ms/op
WorkloadWarmup  16: 25 op, 43967522.00 ns, 1.7587 ms/op
WorkloadWarmup  17: 25 op, 51205910.00 ns, 2.0482 ms/op
WorkloadWarmup  18: 25 op, 45538964.00 ns, 1.8216 ms/op
WorkloadWarmup  19: 25 op, 47691028.00 ns, 1.9076 ms/op
WorkloadWarmup  20: 25 op, 48088056.00 ns, 1.9235 ms/op
WorkloadWarmup  21: 25 op, 46035580.00 ns, 1.8414 ms/op
WorkloadWarmup  22: 25 op, 45579295.00 ns, 1.8232 ms/op
WorkloadWarmup  23: 25 op, 46153830.00 ns, 1.8462 ms/op
WorkloadWarmup  24: 25 op, 49141201.00 ns, 1.9656 ms/op
WorkloadWarmup  25: 25 op, 46976776.00 ns, 1.8791 ms/op

// BeforeActualRun
WorkloadActual   1: 25 op, 48308134.00 ns, 1.9323 ms/op
WorkloadActual   2: 25 op, 50217245.00 ns, 2.0087 ms/op
WorkloadActual   3: 25 op, 46421035.00 ns, 1.8568 ms/op
WorkloadActual   4: 25 op, 48732852.00 ns, 1.9493 ms/op
WorkloadActual   5: 25 op, 45079610.00 ns, 1.8032 ms/op
WorkloadActual   6: 25 op, 46709151.00 ns, 1.8684 ms/op

// AfterActualRun
WorkloadResult   1: 25 op, 48308134.00 ns, 1.9323 ms/op
WorkloadResult   2: 25 op, 50217245.00 ns, 2.0087 ms/op
WorkloadResult   3: 25 op, 46421035.00 ns, 1.8568 ms/op
WorkloadResult   4: 25 op, 48732852.00 ns, 1.9493 ms/op
WorkloadResult   5: 25 op, 45079610.00 ns, 1.8032 ms/op
WorkloadResult   6: 25 op, 46709151.00 ns, 1.8684 ms/op
// GC:  2 2 2 104865648 25
// Threading:  0 0 25

// AfterAll
// Benchmark Process 9103 has exited with code 0.

Mean = 1.903 ms, StdErr = 0.030 ms (1.59%), N = 6, StdDev = 0.074 ms
Min = 1.803 ms, Q1 = 1.860 ms, Median = 1.900 ms, Q3 = 1.945 ms, Max = 2.009 ms
IQR = 0.085 ms, LowerFence = 1.732 ms, UpperFence = 2.073 ms
ConfidenceInterval = [1.695 ms; 2.111 ms] (CI 99.9%), Margin = 0.208 ms (10.92% of Mean)
Skewness = 0.07, Kurtosis = 1.3, MValue = 2

// ** Remained 34 (65.4 %) benchmark(s) to run. Estimated finish 2026-10-04 14:59 (0h 0m from now) **
// **************************
// Benchmark: CodecSuite.Run: campaign(EvaluateOverhead=False, Clock=Armonik.Ffi.Bdn.CpuClock, IterationCount=6, IterationTime=40ms, LaunchCount=1, RunStrategy=Throughput, WarmupCount=25) [Case=core-(...)|drop [36]]
// *** Execute ***
// Launch: 1 / 1
// Execute: dotnet BenchDotNet-campaign-1.dll --anonymousPipes 117 118 --benchmarkName "Armonik.Ffi.Bdn.CodecSuite.Run(Case: \"core-ffi|decode-read|P2.2|ascii|drop\")" --job campaign --benchmarkId 18 in /home/user/ArmoniK.Api/ffi/poc/csharp/src/BenchDotNet/bin/Release/net8.0/BenchDotNet-campaign-1/bin/Release/net8.0
// BeforeAnythingElse

// Benchmark Process Environment Information:
// BenchmarkDotNet v0.15.8
// Runtime=.NET 8.0.31 (8.0.31, 8.0.3126.42015), X64 RyuJIT x86-64-v4
// GC=Concurrent Workstation
// HardwareIntrinsics=AVX512 F+BW+CD+DQ+VL,AVX2+BMI1+BMI2+F16C+FMA+LZCNT+MOVBE,AVX,SSE3+SSSE3+SSE4.1+SSE4.2+POPCNT,X86Base+SSE+SSE2,AES+PCLMUL VectorSize=256
// Job: campaign(EvaluateOverhead=False, Clock=Armonik.Ffi.Bdn.CpuClock, IterationCount=6, IterationTime=40ms, LaunchCount=1, RunStrategy=Throughput, WarmupCount=25)

OverheadJitting  1: 1 op, 257703.00 ns, 257.7030 us/op
WorkloadJitting  1: 1 op, 13242928.00 ns, 13.2429 ms/op

WorkloadPilot    1: 4 op, 12019023.00 ns, 3.0048 ms/op
WorkloadPilot    2: 13 op, 40879830.00 ns, 3.1446 ms/op

WorkloadWarmup   1: 13 op, 37461461.00 ns, 2.8817 ms/op
WorkloadWarmup   2: 13 op, 36428791.00 ns, 2.8022 ms/op
WorkloadWarmup   3: 13 op, 35052164.00 ns, 2.6963 ms/op
WorkloadWarmup   4: 13 op, 42354103.00 ns, 3.2580 ms/op
WorkloadWarmup   5: 13 op, 61791135.00 ns, 4.7532 ms/op
WorkloadWarmup   6: 13 op, 64862713.00 ns, 4.9894 ms/op
WorkloadWarmup   7: 13 op, 64652729.00 ns, 4.9733 ms/op
WorkloadWarmup   8: 13 op, 47239789.00 ns, 3.6338 ms/op
WorkloadWarmup   9: 13 op, 28619527.00 ns, 2.2015 ms/op
WorkloadWarmup  10: 13 op, 29465404.00 ns, 2.2666 ms/op
WorkloadWarmup  11: 13 op, 26008008.00 ns, 2.0006 ms/op
WorkloadWarmup  12: 13 op, 32351063.00 ns, 2.4885 ms/op
WorkloadWarmup  13: 13 op, 28597885.00 ns, 2.1998 ms/op
WorkloadWarmup  14: 13 op, 27948028.00 ns, 2.1498 ms/op
WorkloadWarmup  15: 13 op, 28692698.00 ns, 2.2071 ms/op
WorkloadWarmup  16: 13 op, 31051819.00 ns, 2.3886 ms/op
WorkloadWarmup  17: 13 op, 26186817.00 ns, 2.0144 ms/op
WorkloadWarmup  18: 13 op, 34256055.00 ns, 2.6351 ms/op
WorkloadWarmup  19: 13 op, 43483560.00 ns, 3.3449 ms/op
WorkloadWarmup  20: 13 op, 28594821.00 ns, 2.1996 ms/op
WorkloadWarmup  21: 13 op, 27292994.00 ns, 2.0995 ms/op
WorkloadWarmup  22: 13 op, 31334274.00 ns, 2.4103 ms/op
WorkloadWarmup  23: 13 op, 26529307.00 ns, 2.0407 ms/op
WorkloadWarmup  24: 13 op, 32838572.00 ns, 2.5260 ms/op
WorkloadWarmup  25: 13 op, 27351881.00 ns, 2.1040 ms/op

// BeforeActualRun
WorkloadActual   1: 13 op, 27197190.00 ns, 2.0921 ms/op
WorkloadActual   2: 13 op, 25605855.00 ns, 1.9697 ms/op
WorkloadActual   3: 13 op, 27239100.00 ns, 2.0953 ms/op
WorkloadActual   4: 13 op, 31054825.00 ns, 2.3888 ms/op
WorkloadActual   5: 13 op, 27581321.00 ns, 2.1216 ms/op
WorkloadActual   6: 13 op, 26209097.00 ns, 2.0161 ms/op

// AfterActualRun
WorkloadResult   1: 13 op, 27197190.00 ns, 2.0921 ms/op
WorkloadResult   2: 13 op, 25605855.00 ns, 1.9697 ms/op
WorkloadResult   3: 13 op, 27239100.00 ns, 2.0953 ms/op
WorkloadResult   4: 13 op, 27581321.00 ns, 2.1216 ms/op
WorkloadResult   5: 13 op, 26209097.00 ns, 2.0161 ms/op
// GC:  1 0 0 28347592 13
// Threading:  0 0 13

// AfterAll
// Benchmark Process 9113 has exited with code 0.

Mean = 2.059 ms, StdErr = 0.028 ms (1.38%), N = 5, StdDev = 0.064 ms
Min = 1.970 ms, Q1 = 2.016 ms, Median = 2.092 ms, Q3 = 2.095 ms, Max = 2.122 ms
IQR = 0.079 ms, LowerFence = 1.897 ms, UpperFence = 2.214 ms
ConfidenceInterval = [1.814 ms; 2.304 ms] (CI 99.9%), Margin = 0.245 ms (11.89% of Mean)
Skewness = -0.36, Kurtosis = 1.05, MValue = 2

// ** Remained 33 (63.5 %) benchmark(s) to run. Estimated finish 2026-10-04 14:59 (0h 0m from now) **
// **************************
// Benchmark: CodecSuite.Run: campaign(EvaluateOverhead=False, Clock=Armonik.Ffi.Bdn.CpuClock, IterationCount=6, IterationTime=40ms, LaunchCount=1, RunStrategy=Throughput, WarmupCount=25) [Case=core-(...)etain [38]]
// *** Execute ***
// Launch: 1 / 1
// Execute: dotnet BenchDotNet-campaign-1.dll --anonymousPipes 117 118 --benchmarkName "Armonik.Ffi.Bdn.CodecSuite.Run(Case: \"core-ffi|decode-read|P1.3|ascii|retain\")" --job campaign --benchmarkId 19 in /home/user/ArmoniK.Api/ffi/poc/csharp/src/BenchDotNet/bin/Release/net8.0/BenchDotNet-campaign-1/bin/Release/net8.0
// BeforeAnythingElse

// Benchmark Process Environment Information:
// BenchmarkDotNet v0.15.8
// Runtime=.NET 8.0.31 (8.0.31, 8.0.3126.42015), X64 RyuJIT x86-64-v4
// GC=Concurrent Workstation
// HardwareIntrinsics=AVX512 F+BW+CD+DQ+VL,AVX2+BMI1+BMI2+F16C+FMA+LZCNT+MOVBE,AVX,SSE3+SSSE3+SSE4.1+SSE4.2+POPCNT,X86Base+SSE+SSE2,AES+PCLMUL VectorSize=256
// Job: campaign(EvaluateOverhead=False, Clock=Armonik.Ffi.Bdn.CpuClock, IterationCount=6, IterationTime=40ms, LaunchCount=1, RunStrategy=Throughput, WarmupCount=25)

OverheadJitting  1: 1 op, 321193.00 ns, 321.1930 us/op
WorkloadJitting  1: 1 op, 4764546.00 ns, 4.7645 ms/op

WorkloadPilot    1: 4 op, 276692.00 ns, 69.1730 us/op
WorkloadPilot    2: 578 op, 29268576.00 ns, 50.6377 us/op
WorkloadPilot    3: 790 op, 31355976.00 ns, 39.6911 us/op
WorkloadPilot    4: 1008 op, 35355215.00 ns, 35.0746 us/op
WorkloadPilot    5: 1140 op, 43266005.00 ns, 37.9526 us/op
WorkloadPilot    6: 1054 op, 37018323.00 ns, 35.1217 us/op
WorkloadPilot    7: 1139 op, 37633258.00 ns, 33.0406 us/op
WorkloadPilot    8: 1211 op, 27739385.00 ns, 22.9062 us/op
WorkloadPilot    9: 1746 op, 37300274.00 ns, 21.3633 us/op
WorkloadPilot   10: 1872 op, 40745870.00 ns, 21.7660 us/op
WorkloadPilot   11: 1838 op, 39733660.00 ns, 21.6179 us/op
WorkloadPilot   12: 1850 op, 39526867.00 ns, 21.3659 us/op
WorkloadPilot   13: 1872 op, 40700667.00 ns, 21.7418 us/op

WorkloadWarmup   1: 1872 op, 40819993.00 ns, 21.8056 us/op
WorkloadWarmup   2: 1872 op, 40750335.00 ns, 21.7683 us/op
WorkloadWarmup   3: 1872 op, 40174152.00 ns, 21.4606 us/op
WorkloadWarmup   4: 1872 op, 40314761.00 ns, 21.5357 us/op
WorkloadWarmup   5: 1872 op, 40269569.00 ns, 21.5115 us/op
WorkloadWarmup   6: 1872 op, 40325165.00 ns, 21.5412 us/op
WorkloadWarmup   7: 1872 op, 40042150.00 ns, 21.3900 us/op
WorkloadWarmup   8: 1872 op, 40379907.00 ns, 21.5705 us/op
WorkloadWarmup   9: 1872 op, 40482094.00 ns, 21.6251 us/op
WorkloadWarmup  10: 1872 op, 40696446.00 ns, 21.7396 us/op
WorkloadWarmup  11: 1872 op, 41782397.00 ns, 22.3197 us/op
WorkloadWarmup  12: 1872 op, 40016709.00 ns, 21.3764 us/op
WorkloadWarmup  13: 1872 op, 43132263.00 ns, 23.0407 us/op
WorkloadWarmup  14: 1872 op, 39964043.00 ns, 21.3483 us/op
WorkloadWarmup  15: 1872 op, 43477365.00 ns, 23.2251 us/op
WorkloadWarmup  16: 1872 op, 40712965.00 ns, 21.7484 us/op
WorkloadWarmup  17: 1872 op, 40482725.00 ns, 21.6254 us/op
WorkloadWarmup  18: 1872 op, 40785579.00 ns, 21.7872 us/op
WorkloadWarmup  19: 1872 op, 40615289.00 ns, 21.6962 us/op
WorkloadWarmup  20: 1872 op, 40192857.00 ns, 21.4705 us/op
WorkloadWarmup  21: 1872 op, 40989772.00 ns, 21.8962 us/op
WorkloadWarmup  22: 1872 op, 40869809.00 ns, 21.8322 us/op
WorkloadWarmup  23: 1872 op, 40443433.00 ns, 21.6044 us/op
WorkloadWarmup  24: 1872 op, 41102486.00 ns, 21.9565 us/op
WorkloadWarmup  25: 1872 op, 40757929.00 ns, 21.7724 us/op

// BeforeActualRun
WorkloadActual   1: 1872 op, 41768806.00 ns, 22.3124 us/op
WorkloadActual   2: 1872 op, 40945175.00 ns, 21.8724 us/op
WorkloadActual   3: 1872 op, 39800488.00 ns, 21.2609 us/op
WorkloadActual   4: 1872 op, 40265898.00 ns, 21.5096 us/op
WorkloadActual   5: 1872 op, 47123055.00 ns, 25.1726 us/op
WorkloadActual   6: 1872 op, 40889660.00 ns, 21.8428 us/op

// AfterActualRun
WorkloadResult   1: 1872 op, 41768806.00 ns, 22.3124 us/op
WorkloadResult   2: 1872 op, 40945175.00 ns, 21.8724 us/op
WorkloadResult   3: 1872 op, 39800488.00 ns, 21.2609 us/op
WorkloadResult   4: 1872 op, 40265898.00 ns, 21.5096 us/op
WorkloadResult   5: 1872 op, 40889660.00 ns, 21.8428 us/op
// GC:  4 0 0 74176128 1872
// Threading:  0 0 1872

// AfterAll
// Benchmark Process 9122 has exited with code 0.

Mean = 21.760 us, StdErr = 0.178 us (0.82%), N = 5, StdDev = 0.399 us
Min = 21.261 us, Q1 = 21.510 us, Median = 21.843 us, Q3 = 21.872 us, Max = 22.312 us
IQR = 0.363 us, LowerFence = 20.965 us, UpperFence = 22.417 us
ConfidenceInterval = [20.224 us; 23.296 us] (CI 99.9%), Margin = 1.536 us (7.06% of Mean)
Skewness = 0.1, Kurtosis = 1.26, MValue = 2

// ** Remained 32 (61.5 %) benchmark(s) to run. Estimated finish 2026-10-04 14:59 (0h 0m from now) **
// **************************
// Benchmark: CodecSuite.Run: campaign(EvaluateOverhead=False, Clock=Armonik.Ffi.Bdn.CpuClock, IterationCount=6, IterationTime=40ms, LaunchCount=1, RunStrategy=Throughput, WarmupCount=25) [Case=core-(...)|drop [77]]
// *** Execute ***
// Launch: 1 / 1
// Execute: dotnet BenchDotNet-campaign-1.dll --anonymousPipes 117 118 --benchmarkName "Armonik.Ffi.Bdn.CodecSuite.Run(Case: \"core-ffi|decode-read|U-wire-UploadResultDataMessage-upload-as-wt5|corpus|drop\")" --job campaign --benchmarkId 20 in /home/user/ArmoniK.Api/ffi/poc/csharp/src/BenchDotNet/bin/Release/net8.0/BenchDotNet-campaign-1/bin/Release/net8.0
// BeforeAnythingElse

// Benchmark Process Environment Information:
// BenchmarkDotNet v0.15.8
// Runtime=.NET 8.0.31 (8.0.31, 8.0.3126.42015), X64 RyuJIT x86-64-v4
// GC=Concurrent Workstation
// HardwareIntrinsics=AVX512 F+BW+CD+DQ+VL,AVX2+BMI1+BMI2+F16C+FMA+LZCNT+MOVBE,AVX,SSE3+SSSE3+SSE4.1+SSE4.2+POPCNT,X86Base+SSE+SSE2,AES+PCLMUL VectorSize=256
// Job: campaign(EvaluateOverhead=False, Clock=Armonik.Ffi.Bdn.CpuClock, IterationCount=6, IterationTime=40ms, LaunchCount=1, RunStrategy=Throughput, WarmupCount=25)

OverheadJitting  1: 1 op, 537296.00 ns, 537.2960 us/op
WorkloadJitting  1: 1 op, 3054602.00 ns, 3.0546 ms/op

WorkloadPilot    1: 4 op, 25921.00 ns, 6.4803 us/op
WorkloadPilot    2: 6173 op, 4917652.00 ns, 796.6389 ns/op
WorkloadPilot    3: 50211 op, 36593258.00 ns, 728.7897 ns/op
WorkloadPilot    4: 54886 op, 34560009.00 ns, 629.6689 ns/op
WorkloadPilot    5: 63525 op, 38455951.00 ns, 605.3672 ns/op
WorkloadPilot    6: 66076 op, 51155458.00 ns, 774.1912 ns/op
WorkloadPilot    7: 51667 op, 41101927.00 ns, 795.5160 ns/op
WorkloadPilot    8: 50282 op, 41379899.00 ns, 822.9565 ns/op

WorkloadWarmup   1: 50282 op, 40359006.00 ns, 802.6532 ns/op
WorkloadWarmup   2: 50282 op, 38858938.00 ns, 772.8201 ns/op
WorkloadWarmup   3: 50282 op, 38229769.00 ns, 760.3072 ns/op
WorkloadWarmup   4: 50282 op, 38124776.00 ns, 758.2192 ns/op
WorkloadWarmup   5: 50282 op, 41455563.00 ns, 824.4613 ns/op
WorkloadWarmup   6: 50282 op, 13392478.00 ns, 266.3474 ns/op
WorkloadWarmup   7: 50282 op, 12219599.00 ns, 243.0213 ns/op
WorkloadWarmup   8: 50282 op, 11179852.00 ns, 222.3430 ns/op
WorkloadWarmup   9: 50282 op, 10329194.00 ns, 205.4253 ns/op
WorkloadWarmup  10: 50282 op, 10374685.00 ns, 206.3300 ns/op
WorkloadWarmup  11: 50282 op, 10247905.00 ns, 203.8086 ns/op
WorkloadWarmup  12: 50282 op, 10806118.00 ns, 214.9103 ns/op
WorkloadWarmup  13: 50282 op, 12007786.00 ns, 238.8088 ns/op
WorkloadWarmup  14: 50282 op, 10292467.00 ns, 204.6949 ns/op
WorkloadWarmup  15: 50282 op, 10703174.00 ns, 212.8629 ns/op
WorkloadWarmup  16: 50282 op, 12090726.00 ns, 240.4583 ns/op
WorkloadWarmup  17: 50282 op, 10233313.00 ns, 203.5184 ns/op
WorkloadWarmup  18: 50282 op, 13609201.00 ns, 270.6575 ns/op
WorkloadWarmup  19: 50282 op, 11430564.00 ns, 227.3291 ns/op
WorkloadWarmup  20: 50282 op, 18255825.00 ns, 363.0688 ns/op
WorkloadWarmup  21: 50282 op, 17989238.00 ns, 357.7670 ns/op
WorkloadWarmup  22: 50282 op, 16813072.00 ns, 334.3756 ns/op
WorkloadWarmup  23: 50282 op, 10589209.00 ns, 210.5964 ns/op
WorkloadWarmup  24: 50282 op, 13067336.00 ns, 259.8810 ns/op
WorkloadWarmup  25: 50282 op, 11529446.00 ns, 229.2957 ns/op

// BeforeActualRun
WorkloadActual   1: 50282 op, 12130047.00 ns, 241.2403 ns/op
WorkloadActual   2: 50282 op, 10476516.00 ns, 208.3552 ns/op
WorkloadActual   3: 50282 op, 10826470.00 ns, 215.3150 ns/op
WorkloadActual   4: 50282 op, 10918106.00 ns, 217.1375 ns/op
WorkloadActual   5: 50282 op, 11169755.00 ns, 222.1422 ns/op
WorkloadActual   6: 50282 op, 10864248.00 ns, 216.0663 ns/op

// AfterActualRun
WorkloadResult   1: 50282 op, 10476516.00 ns, 208.3552 ns/op
WorkloadResult   2: 50282 op, 10826470.00 ns, 215.3150 ns/op
WorkloadResult   3: 50282 op, 10918106.00 ns, 217.1375 ns/op
WorkloadResult   4: 50282 op, 11169755.00 ns, 222.1422 ns/op
WorkloadResult   5: 50282 op, 10864248.00 ns, 216.0663 ns/op
// GC:  0 0 0 15687984 50282
// Threading:  0 0 50282

// AfterAll
// Benchmark Process 9131 has exited with code 0.

Mean = 215.803 ns, StdErr = 2.211 ns (1.02%), N = 5, StdDev = 4.943 ns
Min = 208.355 ns, Q1 = 215.315 ns, Median = 216.066 ns, Q3 = 217.137 ns, Max = 222.142 ns
IQR = 1.822 ns, LowerFence = 212.581 ns, UpperFence = 219.871 ns
ConfidenceInterval = [196.768 ns; 234.838 ns] (CI 99.9%), Margin = 19.035 ns (8.82% of Mean)
Skewness = -0.26, Kurtosis = 1.57, MValue = 2

// ** Remained 31 (59.6 %) benchmark(s) to run. Estimated finish 2026-10-04 14:59 (0h 0m from now) **
// **************************
// Benchmark: CodecSuite.Run: campaign(EvaluateOverhead=False, Clock=Armonik.Ffi.Bdn.CpuClock, IterationCount=6, IterationTime=40ms, LaunchCount=1, RunStrategy=Throughput, WarmupCount=25) [Case=core-(...)|drop [48]]
// *** Execute ***
// Launch: 1 / 1
// Execute: dotnet BenchDotNet-campaign-1.dll --anonymousPipes 117 118 --benchmarkName "Armonik.Ffi.Bdn.CodecSuite.Run(Case: \"core-ffi|decode-read|U-nested-before|corpus|drop\")" --job campaign --benchmarkId 21 in /home/user/ArmoniK.Api/ffi/poc/csharp/src/BenchDotNet/bin/Release/net8.0/BenchDotNet-campaign-1/bin/Release/net8.0
// BeforeAnythingElse

// Benchmark Process Environment Information:
// BenchmarkDotNet v0.15.8
// Runtime=.NET 8.0.31 (8.0.31, 8.0.3126.42015), X64 RyuJIT x86-64-v4
// GC=Concurrent Workstation
// HardwareIntrinsics=AVX512 F+BW+CD+DQ+VL,AVX2+BMI1+BMI2+F16C+FMA+LZCNT+MOVBE,AVX,SSE3+SSSE3+SSE4.1+SSE4.2+POPCNT,X86Base+SSE+SSE2,AES+PCLMUL VectorSize=256
// Job: campaign(EvaluateOverhead=False, Clock=Armonik.Ffi.Bdn.CpuClock, IterationCount=6, IterationTime=40ms, LaunchCount=1, RunStrategy=Throughput, WarmupCount=25)

OverheadJitting  1: 1 op, 290636.00 ns, 290.6360 us/op
WorkloadJitting  1: 1 op, 4395961.00 ns, 4.3960 ms/op

WorkloadPilot    1: 4 op, 59137.00 ns, 14.7843 us/op
WorkloadPilot    2: 2706 op, 4236459.00 ns, 1.5656 us/op
WorkloadPilot    3: 25550 op, 37753061.00 ns, 1.4776 us/op
WorkloadPilot    4: 27071 op, 32818918.00 ns, 1.2123 us/op
WorkloadPilot    5: 32994 op, 35343702.00 ns, 1.0712 us/op
WorkloadPilot    6: 37341 op, 51923444.00 ns, 1.3905 us/op
WorkloadPilot    7: 28766 op, 49155001.00 ns, 1.7088 us/op
WorkloadPilot    8: 23408 op, 43056341.00 ns, 1.8394 us/op

WorkloadWarmup   1: 23408 op, 44903563.00 ns, 1.9183 us/op
WorkloadWarmup   2: 23408 op, 35789741.00 ns, 1.5290 us/op
WorkloadWarmup   3: 23408 op, 36555196.00 ns, 1.5617 us/op
WorkloadWarmup   4: 23408 op, 35781843.00 ns, 1.5286 us/op
WorkloadWarmup   5: 23408 op, 39200390.00 ns, 1.6747 us/op
WorkloadWarmup   6: 23408 op, 20299157.00 ns, 867.1889 ns/op
WorkloadWarmup   7: 23408 op, 14668211.00 ns, 626.6324 ns/op
WorkloadWarmup   8: 23408 op, 15232789.00 ns, 650.7514 ns/op
WorkloadWarmup   9: 23408 op, 15244581.00 ns, 651.2552 ns/op
WorkloadWarmup  10: 23408 op, 14158583.00 ns, 604.8609 ns/op
WorkloadWarmup  11: 23408 op, 14105949.00 ns, 602.6123 ns/op
WorkloadWarmup  12: 23408 op, 12734014.00 ns, 544.0026 ns/op
WorkloadWarmup  13: 23408 op, 13157652.00 ns, 562.1006 ns/op
WorkloadWarmup  14: 23408 op, 12910402.00 ns, 551.5380 ns/op
WorkloadWarmup  15: 23408 op, 17346789.00 ns, 741.0624 ns/op
WorkloadWarmup  16: 23408 op, 12932935.00 ns, 552.5006 ns/op
WorkloadWarmup  17: 23408 op, 12881738.00 ns, 550.3135 ns/op
WorkloadWarmup  18: 23408 op, 13056187.00 ns, 557.7660 ns/op
WorkloadWarmup  19: 23408 op, 12854179.00 ns, 549.1362 ns/op
WorkloadWarmup  20: 23408 op, 13158813.00 ns, 562.1502 ns/op
WorkloadWarmup  21: 23408 op, 13816733.00 ns, 590.2569 ns/op
WorkloadWarmup  22: 23408 op, 16976842.00 ns, 725.2581 ns/op
WorkloadWarmup  23: 23408 op, 13073262.00 ns, 558.4955 ns/op
WorkloadWarmup  24: 23408 op, 13122686.00 ns, 560.6069 ns/op
WorkloadWarmup  25: 23408 op, 13232007.00 ns, 565.2771 ns/op

// BeforeActualRun
WorkloadActual   1: 23408 op, 13169717.00 ns, 562.6161 ns/op
WorkloadActual   2: 23408 op, 14101469.00 ns, 602.4209 ns/op
WorkloadActual   3: 23408 op, 13013896.00 ns, 555.9593 ns/op
WorkloadActual   4: 23408 op, 13167909.00 ns, 562.5388 ns/op
WorkloadActual   5: 23408 op, 15765455.00 ns, 673.5071 ns/op
WorkloadActual   6: 23408 op, 12966745.00 ns, 553.9450 ns/op

// AfterActualRun
WorkloadResult   1: 23408 op, 13169717.00 ns, 562.6161 ns/op
WorkloadResult   2: 23408 op, 14101469.00 ns, 602.4209 ns/op
WorkloadResult   3: 23408 op, 13013896.00 ns, 555.9593 ns/op
WorkloadResult   4: 23408 op, 13167909.00 ns, 562.5388 ns/op
WorkloadResult   5: 23408 op, 12966745.00 ns, 553.9450 ns/op
// GC:  1 0 0 18351872 23408
// Threading:  0 0 23408

// AfterAll
// Benchmark Process 9140 has exited with code 0.

Mean = 567.496 ns, StdErr = 8.902 ns (1.57%), N = 5, StdDev = 19.905 ns
Min = 553.945 ns, Q1 = 555.959 ns, Median = 562.539 ns, Q3 = 562.616 ns, Max = 602.421 ns
IQR = 6.657 ns, LowerFence = 545.974 ns, UpperFence = 572.601 ns
ConfidenceInterval = [490.848 ns; 644.144 ns] (CI 99.9%), Margin = 76.648 ns (13.51% of Mean)
Skewness = 0.97, Kurtosis = 1.96, MValue = 2

// ** Remained 30 (57.7 %) benchmark(s) to run. Estimated finish 2026-10-04 14:59 (0h 0m from now) **
// **************************
// Benchmark: CodecSuite.Run: campaign(EvaluateOverhead=False, Clock=Armonik.Ffi.Bdn.CpuClock, IterationCount=6, IterationTime=40ms, LaunchCount=1, RunStrategy=Throughput, WarmupCount=25) [Case=core-(...)etain [50]]
// *** Execute ***
// Launch: 1 / 1
// Execute: dotnet BenchDotNet-campaign-1.dll --anonymousPipes 117 118 --benchmarkName "Armonik.Ffi.Bdn.CodecSuite.Run(Case: \"core-ffi|decode-read|U-nested-before|corpus|retain\")" --job campaign --benchmarkId 22 in /home/user/ArmoniK.Api/ffi/poc/csharp/src/BenchDotNet/bin/Release/net8.0/BenchDotNet-campaign-1/bin/Release/net8.0
// BeforeAnythingElse

// Benchmark Process Environment Information:
// BenchmarkDotNet v0.15.8
// Runtime=.NET 8.0.31 (8.0.31, 8.0.3126.42015), X64 RyuJIT x86-64-v4
// GC=Concurrent Workstation
// HardwareIntrinsics=AVX512 F+BW+CD+DQ+VL,AVX2+BMI1+BMI2+F16C+FMA+LZCNT+MOVBE,AVX,SSE3+SSSE3+SSE4.1+SSE4.2+POPCNT,X86Base+SSE+SSE2,AES+PCLMUL VectorSize=256
// Job: campaign(EvaluateOverhead=False, Clock=Armonik.Ffi.Bdn.CpuClock, IterationCount=6, IterationTime=40ms, LaunchCount=1, RunStrategy=Throughput, WarmupCount=25)

OverheadJitting  1: 1 op, 302038.00 ns, 302.0380 us/op
WorkloadJitting  1: 1 op, 5432304.00 ns, 5.4323 ms/op

WorkloadPilot    1: 4 op, 49662.00 ns, 12.4155 us/op
WorkloadPilot    2: 3222 op, 5918375.00 ns, 1.8369 us/op
WorkloadPilot    3: 21776 op, 37504545.00 ns, 1.7223 us/op
WorkloadPilot    4: 23225 op, 33650452.00 ns, 1.4489 us/op
WorkloadPilot    5: 27607 op, 36201734.00 ns, 1.3113 us/op
WorkloadPilot    6: 30504 op, 42804669.00 ns, 1.4032 us/op
WorkloadPilot    7: 28505 op, 55431302.00 ns, 1.9446 us/op
WorkloadPilot    8: 20570 op, 40938786.00 ns, 1.9902 us/op

WorkloadWarmup   1: 20570 op, 38540685.00 ns, 1.8736 us/op
WorkloadWarmup   2: 20570 op, 40341857.00 ns, 1.9612 us/op
WorkloadWarmup   3: 20570 op, 45199041.00 ns, 2.1973 us/op
WorkloadWarmup   4: 20570 op, 22080732.00 ns, 1.0734 us/op
WorkloadWarmup   5: 20570 op, 14735933.00 ns, 716.3798 ns/op
WorkloadWarmup   6: 20570 op, 17089262.00 ns, 830.7857 ns/op
WorkloadWarmup   7: 20570 op, 14131096.00 ns, 686.9760 ns/op
WorkloadWarmup   8: 20570 op, 14205031.00 ns, 690.5703 ns/op
WorkloadWarmup   9: 20570 op, 14215687.00 ns, 691.0883 ns/op
WorkloadWarmup  10: 20570 op, 14439165.00 ns, 701.9526 ns/op
WorkloadWarmup  11: 20570 op, 13896756.00 ns, 675.5837 ns/op
WorkloadWarmup  12: 20570 op, 14125391.00 ns, 686.6986 ns/op
WorkloadWarmup  13: 20570 op, 14163449.00 ns, 688.5488 ns/op
WorkloadWarmup  14: 20570 op, 14608609.00 ns, 710.1900 ns/op
WorkloadWarmup  15: 20570 op, 14051039.00 ns, 683.0841 ns/op
WorkloadWarmup  16: 20570 op, 14084411.00 ns, 684.7064 ns/op
WorkloadWarmup  17: 20570 op, 15343176.00 ns, 745.9006 ns/op
WorkloadWarmup  18: 20570 op, 14155144.00 ns, 688.1451 ns/op
WorkloadWarmup  19: 20570 op, 14241901.00 ns, 692.3627 ns/op
WorkloadWarmup  20: 20570 op, 14135703.00 ns, 687.2000 ns/op
WorkloadWarmup  21: 20570 op, 14316198.00 ns, 695.9746 ns/op
WorkloadWarmup  22: 20570 op, 14289134.00 ns, 694.6589 ns/op
WorkloadWarmup  23: 20570 op, 15375393.00 ns, 747.4668 ns/op
WorkloadWarmup  24: 20570 op, 15458496.00 ns, 751.5069 ns/op
WorkloadWarmup  25: 20570 op, 14996492.00 ns, 729.0468 ns/op

// BeforeActualRun
WorkloadActual   1: 20570 op, 14459551.00 ns, 702.9437 ns/op
WorkloadActual   2: 20570 op, 14054606.00 ns, 683.2575 ns/op
WorkloadActual   3: 20570 op, 15696085.00 ns, 763.0571 ns/op
WorkloadActual   4: 20570 op, 14542499.00 ns, 706.9761 ns/op
WorkloadActual   5: 20570 op, 14193445.00 ns, 690.0070 ns/op
WorkloadActual   6: 20570 op, 15392940.00 ns, 748.3199 ns/op

// AfterActualRun
WorkloadResult   1: 20570 op, 14459551.00 ns, 702.9437 ns/op
WorkloadResult   2: 20570 op, 14054606.00 ns, 683.2575 ns/op
WorkloadResult   3: 20570 op, 15696085.00 ns, 763.0571 ns/op
WorkloadResult   4: 20570 op, 14542499.00 ns, 706.9761 ns/op
WorkloadResult   5: 20570 op, 14193445.00 ns, 690.0070 ns/op
WorkloadResult   6: 20570 op, 15392940.00 ns, 748.3199 ns/op
// GC:  1 0 0 18595280 20570
// Threading:  0 0 20570

// AfterAll
// Benchmark Process 9151 has exited with code 0.

Mean = 715.760 ns, StdErr = 13.239 ns (1.85%), N = 6, StdDev = 32.429 ns
Min = 683.257 ns, Q1 = 693.241 ns, Median = 704.960 ns, Q3 = 737.984 ns, Max = 763.057 ns
IQR = 44.743 ns, LowerFence = 626.127 ns, UpperFence = 805.098 ns
ConfidenceInterval = [624.823 ns; 806.697 ns] (CI 99.9%), Margin = 90.937 ns (12.70% of Mean)
Skewness = 0.42, Kurtosis = 1.16, MValue = 2

// ** Remained 29 (55.8 %) benchmark(s) to run. Estimated finish 2026-10-04 14:59 (0h 0m from now) **
// **************************
// Benchmark: CodecSuite.Run: campaign(EvaluateOverhead=False, Clock=Armonik.Ffi.Bdn.CpuClock, IterationCount=6, IterationTime=40ms, LaunchCount=1, RunStrategy=Throughput, WarmupCount=25) [Case=core-(...)|drop [36]]
// *** Execute ***
// Launch: 1 / 1
// Execute: dotnet BenchDotNet-campaign-1.dll --anonymousPipes 117 118 --benchmarkName "Armonik.Ffi.Bdn.CodecSuite.Run(Case: \"core-ffi|decode-read|P1.3|ascii|drop\")" --job campaign --benchmarkId 23 in /home/user/ArmoniK.Api/ffi/poc/csharp/src/BenchDotNet/bin/Release/net8.0/BenchDotNet-campaign-1/bin/Release/net8.0
// BeforeAnythingElse

// Benchmark Process Environment Information:
// BenchmarkDotNet v0.15.8
// Runtime=.NET 8.0.31 (8.0.31, 8.0.3126.42015), X64 RyuJIT x86-64-v4
// GC=Concurrent Workstation
// HardwareIntrinsics=AVX512 F+BW+CD+DQ+VL,AVX2+BMI1+BMI2+F16C+FMA+LZCNT+MOVBE,AVX,SSE3+SSSE3+SSE4.1+SSE4.2+POPCNT,X86Base+SSE+SSE2,AES+PCLMUL VectorSize=256
// Job: campaign(EvaluateOverhead=False, Clock=Armonik.Ffi.Bdn.CpuClock, IterationCount=6, IterationTime=40ms, LaunchCount=1, RunStrategy=Throughput, WarmupCount=25)

OverheadJitting  1: 1 op, 246170.00 ns, 246.1700 us/op
WorkloadJitting  1: 1 op, 3846020.00 ns, 3.8460 ms/op

WorkloadPilot    1: 4 op, 275292.00 ns, 68.8230 us/op
WorkloadPilot    2: 581 op, 32200016.00 ns, 55.4217 us/op
WorkloadPilot    3: 722 op, 29144086.00 ns, 40.3658 us/op
WorkloadPilot    4: 991 op, 35031393.00 ns, 35.3495 us/op
WorkloadPilot    5: 1132 op, 38043663.00 ns, 33.6075 us/op
WorkloadPilot    6: 1190 op, 35210698.00 ns, 29.5888 us/op
WorkloadPilot    7: 1352 op, 29428875.00 ns, 21.7669 us/op
WorkloadPilot    8: 1838 op, 41126805.00 ns, 22.3758 us/op
WorkloadPilot    9: 1788 op, 38562532.00 ns, 21.5674 us/op
WorkloadPilot   10: 1855 op, 40029606.00 ns, 21.5793 us/op

WorkloadWarmup   1: 1855 op, 41215106.00 ns, 22.2184 us/op
WorkloadWarmup   2: 1855 op, 42008307.00 ns, 22.6460 us/op
WorkloadWarmup   3: 1855 op, 39257003.00 ns, 21.1628 us/op
WorkloadWarmup   4: 1855 op, 39770080.00 ns, 21.4394 us/op
WorkloadWarmup   5: 1855 op, 39198440.00 ns, 21.1312 us/op
WorkloadWarmup   6: 1855 op, 38829544.00 ns, 20.9324 us/op
WorkloadWarmup   7: 1855 op, 40944816.00 ns, 22.0727 us/op
WorkloadWarmup   8: 1855 op, 41325180.00 ns, 22.2777 us/op
WorkloadWarmup   9: 1855 op, 38086282.00 ns, 20.5317 us/op
WorkloadWarmup  10: 1855 op, 44374160.00 ns, 23.9214 us/op
WorkloadWarmup  11: 1855 op, 51197612.00 ns, 27.5998 us/op
WorkloadWarmup  12: 1855 op, 38921036.00 ns, 20.9817 us/op
WorkloadWarmup  13: 1855 op, 49935913.00 ns, 26.9196 us/op
WorkloadWarmup  14: 1855 op, 40680667.00 ns, 21.9303 us/op
WorkloadWarmup  15: 1855 op, 39621003.00 ns, 21.3590 us/op
WorkloadWarmup  16: 1855 op, 47161662.00 ns, 25.4241 us/op
WorkloadWarmup  17: 1855 op, 41568287.00 ns, 22.4088 us/op
WorkloadWarmup  18: 1855 op, 41094063.00 ns, 22.1531 us/op
WorkloadWarmup  19: 1855 op, 38875146.00 ns, 20.9570 us/op
WorkloadWarmup  20: 1855 op, 38435760.00 ns, 20.7201 us/op
WorkloadWarmup  21: 1855 op, 41321524.00 ns, 22.2758 us/op
WorkloadWarmup  22: 1855 op, 41015719.00 ns, 22.1109 us/op
WorkloadWarmup  23: 1855 op, 39603689.00 ns, 21.3497 us/op
WorkloadWarmup  24: 1855 op, 39600917.00 ns, 21.3482 us/op
WorkloadWarmup  25: 1855 op, 44103178.00 ns, 23.7753 us/op

// BeforeActualRun
WorkloadActual   1: 1855 op, 39244005.00 ns, 21.1558 us/op
WorkloadActual   2: 1855 op, 41919822.00 ns, 22.5983 us/op
WorkloadActual   3: 1855 op, 38381174.00 ns, 20.6907 us/op
WorkloadActual   4: 1855 op, 38817529.00 ns, 20.9259 us/op
WorkloadActual   5: 1855 op, 39170490.00 ns, 21.1162 us/op
WorkloadActual   6: 1855 op, 41933551.00 ns, 22.6057 us/op

// AfterActualRun
WorkloadResult   1: 1855 op, 39244005.00 ns, 21.1558 us/op
WorkloadResult   2: 1855 op, 41919822.00 ns, 22.5983 us/op
WorkloadResult   3: 1855 op, 38381174.00 ns, 20.6907 us/op
WorkloadResult   4: 1855 op, 38817529.00 ns, 20.9259 us/op
WorkloadResult   5: 1855 op, 39170490.00 ns, 21.1162 us/op
WorkloadResult   6: 1855 op, 41933551.00 ns, 22.6057 us/op
// GC:  4 0 0 73502520 1855
// Threading:  0 0 1855

// AfterAll
// Benchmark Process 9160 has exited with code 0.

Mean = 21.515 us, StdErr = 0.350 us (1.63%), N = 6, StdDev = 0.858 us
Min = 20.691 us, Q1 = 20.973 us, Median = 21.136 us, Q3 = 22.238 us, Max = 22.606 us
IQR = 1.264 us, LowerFence = 19.077 us, UpperFence = 24.134 us
ConfidenceInterval = [19.110 us; 23.920 us] (CI 99.9%), Margin = 2.405 us (11.18% of Mean)
Skewness = 0.45, Kurtosis = 1.05, MValue = 3

// ** Remained 28 (53.8 %) benchmark(s) to run. Estimated finish 2026-10-04 14:59 (0h 0m from now) **
// **************************
// Benchmark: CodecSuite.Run: campaign(EvaluateOverhead=False, Clock=Armonik.Ffi.Bdn.CpuClock, IterationCount=6, IterationTime=40ms, LaunchCount=1, RunStrategy=Throughput, WarmupCount=25) [Case=core-(...)etain [38]]
// *** Execute ***
// Launch: 1 / 1
// Execute: dotnet BenchDotNet-campaign-1.dll --anonymousPipes 117 118 --benchmarkName "Armonik.Ffi.Bdn.CodecSuite.Run(Case: \"core-ffi|decode-read|P4.1|ascii|retain\")" --job campaign --benchmarkId 24 in /home/user/ArmoniK.Api/ffi/poc/csharp/src/BenchDotNet/bin/Release/net8.0/BenchDotNet-campaign-1/bin/Release/net8.0
// BeforeAnythingElse

// Benchmark Process Environment Information:
// BenchmarkDotNet v0.15.8
// Runtime=.NET 8.0.31 (8.0.31, 8.0.3126.42015), X64 RyuJIT x86-64-v4
// GC=Concurrent Workstation
// HardwareIntrinsics=AVX512 F+BW+CD+DQ+VL,AVX2+BMI1+BMI2+F16C+FMA+LZCNT+MOVBE,AVX,SSE3+SSSE3+SSE4.1+SSE4.2+POPCNT,X86Base+SSE+SSE2,AES+PCLMUL VectorSize=256
// Job: campaign(EvaluateOverhead=False, Clock=Armonik.Ffi.Bdn.CpuClock, IterationCount=6, IterationTime=40ms, LaunchCount=1, RunStrategy=Throughput, WarmupCount=25)

OverheadJitting  1: 1 op, 281020.00 ns, 281.0200 us/op
WorkloadJitting  1: 1 op, 7182860.00 ns, 7.1829 ms/op

WorkloadPilot    1: 4 op, 2346049.00 ns, 586.5123 us/op
WorkloadPilot    2: 68 op, 38458449.00 ns, 565.5654 us/op
WorkloadPilot    3: 71 op, 32405837.00 ns, 456.4202 us/op
WorkloadPilot    4: 88 op, 40412775.00 ns, 459.2361 us/op

WorkloadWarmup   1: 88 op, 41752761.00 ns, 474.4632 us/op
WorkloadWarmup   2: 88 op, 37255574.00 ns, 423.3588 us/op
WorkloadWarmup   3: 88 op, 37437691.00 ns, 425.4283 us/op
WorkloadWarmup   4: 88 op, 67733051.00 ns, 769.6938 us/op
WorkloadWarmup   5: 88 op, 76876385.00 ns, 873.5953 us/op
WorkloadWarmup   6: 88 op, 63153785.00 ns, 717.6566 us/op
WorkloadWarmup   7: 88 op, 49372088.00 ns, 561.0465 us/op
WorkloadWarmup   8: 88 op, 25871366.00 ns, 293.9928 us/op
WorkloadWarmup   9: 88 op, 26889622.00 ns, 305.5639 us/op
WorkloadWarmup  10: 88 op, 25726182.00 ns, 292.3430 us/op
WorkloadWarmup  11: 88 op, 25721774.00 ns, 292.2929 us/op
WorkloadWarmup  12: 88 op, 26321990.00 ns, 299.1135 us/op
WorkloadWarmup  13: 88 op, 25991552.00 ns, 295.3585 us/op
WorkloadWarmup  14: 88 op, 25177543.00 ns, 286.1084 us/op
WorkloadWarmup  15: 88 op, 26593296.00 ns, 302.1965 us/op
WorkloadWarmup  16: 88 op, 25663127.00 ns, 291.6264 us/op
WorkloadWarmup  17: 88 op, 25787314.00 ns, 293.0377 us/op
WorkloadWarmup  18: 88 op, 26256788.00 ns, 298.3726 us/op
WorkloadWarmup  19: 88 op, 25730768.00 ns, 292.3951 us/op
WorkloadWarmup  20: 88 op, 26398330.00 ns, 299.9810 us/op
WorkloadWarmup  21: 88 op, 26826129.00 ns, 304.8424 us/op
WorkloadWarmup  22: 88 op, 25624607.00 ns, 291.1887 us/op
WorkloadWarmup  23: 88 op, 25510061.00 ns, 289.8871 us/op
WorkloadWarmup  24: 88 op, 25944009.00 ns, 294.8183 us/op
WorkloadWarmup  25: 88 op, 25511870.00 ns, 289.9076 us/op

// BeforeActualRun
WorkloadActual   1: 88 op, 27105443.00 ns, 308.0164 us/op
WorkloadActual   2: 88 op, 25984515.00 ns, 295.2786 us/op
WorkloadActual   3: 88 op, 26659623.00 ns, 302.9503 us/op
WorkloadActual   4: 88 op, 25606098.00 ns, 290.9784 us/op
WorkloadActual   5: 88 op, 25485603.00 ns, 289.6091 us/op
WorkloadActual   6: 88 op, 25569615.00 ns, 290.5638 us/op

// AfterActualRun
WorkloadResult   1: 88 op, 27105443.00 ns, 308.0164 us/op
WorkloadResult   2: 88 op, 25984515.00 ns, 295.2786 us/op
WorkloadResult   3: 88 op, 26659623.00 ns, 302.9503 us/op
WorkloadResult   4: 88 op, 25606098.00 ns, 290.9784 us/op
WorkloadResult   5: 88 op, 25485603.00 ns, 289.6091 us/op
WorkloadResult   6: 88 op, 25569615.00 ns, 290.5638 us/op
// GC:  1 0 0 32010880 88
// Threading:  0 0 88

// AfterAll
// Benchmark Process 9172 has exited with code 0.

Mean = 296.233 us, StdErr = 3.101 us (1.05%), N = 6, StdDev = 7.596 us
Min = 289.609 us, Q1 = 290.667 us, Median = 293.128 us, Q3 = 301.032 us, Max = 308.016 us
IQR = 10.365 us, LowerFence = 275.120 us, UpperFence = 316.580 us
ConfidenceInterval = [274.932 us; 317.534 us] (CI 99.9%), Margin = 21.301 us (7.19% of Mean)
Skewness = 0.5, Kurtosis = 1.25, MValue = 2

// ** Remained 27 (51.9 %) benchmark(s) to run. Estimated finish 2026-10-04 14:59 (0h 0m from now) **
// **************************
// Benchmark: CodecSuite.Run: campaign(EvaluateOverhead=False, Clock=Armonik.Ffi.Bdn.CpuClock, IterationCount=6, IterationTime=40ms, LaunchCount=1, RunStrategy=Throughput, WarmupCount=25) [Case=core-(...)|drop [51]]
// *** Execute ***
// Launch: 1 / 1
// Execute: dotnet BenchDotNet-campaign-1.dll --anonymousPipes 117 118 --benchmarkName "Armonik.Ffi.Bdn.CodecSuite.Run(Case: \"core-ffi|decode-read|U-oneof-u-repeated|corpus|drop\")" --job campaign --benchmarkId 25 in /home/user/ArmoniK.Api/ffi/poc/csharp/src/BenchDotNet/bin/Release/net8.0/BenchDotNet-campaign-1/bin/Release/net8.0
// BeforeAnythingElse

// Benchmark Process Environment Information:
// BenchmarkDotNet v0.15.8
// Runtime=.NET 8.0.31 (8.0.31, 8.0.3126.42015), X64 RyuJIT x86-64-v4
// GC=Concurrent Workstation
// HardwareIntrinsics=AVX512 F+BW+CD+DQ+VL,AVX2+BMI1+BMI2+F16C+FMA+LZCNT+MOVBE,AVX,SSE3+SSSE3+SSE4.1+SSE4.2+POPCNT,X86Base+SSE+SSE2,AES+PCLMUL VectorSize=256
// Job: campaign(EvaluateOverhead=False, Clock=Armonik.Ffi.Bdn.CpuClock, IterationCount=6, IterationTime=40ms, LaunchCount=1, RunStrategy=Throughput, WarmupCount=25)

OverheadJitting  1: 1 op, 300022.00 ns, 300.0220 us/op
WorkloadJitting  1: 1 op, 3748659.00 ns, 3.7487 ms/op

WorkloadPilot    1: 4 op, 36544.00 ns, 9.1360 us/op
WorkloadPilot    2: 4378 op, 3857563.00 ns, 881.1245 ns/op
WorkloadPilot    3: 45397 op, 40519455.00 ns, 892.5580 ns/op
WorkloadPilot    4: 44815 op, 35516642.00 ns, 792.5168 ns/op
WorkloadPilot    5: 50472 op, 36924399.00 ns, 731.5818 ns/op
WorkloadPilot    6: 54676 op, 48659758.00 ns, 889.9656 ns/op
WorkloadPilot    7: 44946 op, 44165557.00 ns, 982.6360 ns/op

WorkloadWarmup   1: 44946 op, 45594625.00 ns, 1.0144 us/op
WorkloadWarmup   2: 44946 op, 42114780.00 ns, 937.0084 ns/op
WorkloadWarmup   3: 44946 op, 43102201.00 ns, 958.9775 ns/op
WorkloadWarmup   4: 44946 op, 33188697.00 ns, 738.4127 ns/op
WorkloadWarmup   5: 44946 op, 12390440.00 ns, 275.6739 ns/op
WorkloadWarmup   6: 44946 op, 12486164.00 ns, 277.8037 ns/op
WorkloadWarmup   7: 44946 op, 12873988.00 ns, 286.4323 ns/op
WorkloadWarmup   8: 44946 op, 12478514.00 ns, 277.6335 ns/op
WorkloadWarmup   9: 44946 op, 14143261.00 ns, 314.6723 ns/op
WorkloadWarmup  10: 44946 op, 13111982.00 ns, 291.7275 ns/op
WorkloadWarmup  11: 44946 op, 12569553.00 ns, 279.6590 ns/op
WorkloadWarmup  12: 44946 op, 12783405.00 ns, 284.4170 ns/op
WorkloadWarmup  13: 44946 op, 12409514.00 ns, 276.0983 ns/op
WorkloadWarmup  14: 44946 op, 12583420.00 ns, 279.9675 ns/op
WorkloadWarmup  15: 44946 op, 12294249.00 ns, 273.5338 ns/op
WorkloadWarmup  16: 44946 op, 12650972.00 ns, 281.4705 ns/op
WorkloadWarmup  17: 44946 op, 12311858.00 ns, 273.9256 ns/op
WorkloadWarmup  18: 44946 op, 12693355.00 ns, 282.4135 ns/op
WorkloadWarmup  19: 44946 op, 12449877.00 ns, 276.9963 ns/op
WorkloadWarmup  20: 44946 op, 12424785.00 ns, 276.4381 ns/op
WorkloadWarmup  21: 44946 op, 12430784.00 ns, 276.5715 ns/op
WorkloadWarmup  22: 44946 op, 14853522.00 ns, 330.4748 ns/op
WorkloadWarmup  23: 44946 op, 20034652.00 ns, 445.7494 ns/op
WorkloadWarmup  24: 44946 op, 13297343.00 ns, 295.8515 ns/op
WorkloadWarmup  25: 44946 op, 14716270.00 ns, 327.4211 ns/op

// BeforeActualRun
WorkloadActual   1: 44946 op, 13662462.00 ns, 303.9750 ns/op
WorkloadActual   2: 44946 op, 13364599.00 ns, 297.3479 ns/op
WorkloadActual   3: 44946 op, 13160835.00 ns, 292.8144 ns/op
WorkloadActual   4: 44946 op, 14256910.00 ns, 317.2009 ns/op
WorkloadActual   5: 44946 op, 13347961.00 ns, 296.9777 ns/op
WorkloadActual   6: 44946 op, 12553833.00 ns, 279.3092 ns/op

// AfterActualRun
WorkloadResult   1: 44946 op, 13662462.00 ns, 303.9750 ns/op
WorkloadResult   2: 44946 op, 13364599.00 ns, 297.3479 ns/op
WorkloadResult   3: 44946 op, 13160835.00 ns, 292.8144 ns/op
WorkloadResult   4: 44946 op, 13347961.00 ns, 296.9777 ns/op
WorkloadResult   5: 44946 op, 12553833.00 ns, 279.3092 ns/op
// GC:  0 0 0 15820992 44946
// Threading:  0 0 44946

// AfterAll
// Benchmark Process 9181 has exited with code 0.

Mean = 294.085 ns, StdErr = 4.103 ns (1.40%), N = 5, StdDev = 9.176 ns
Min = 279.309 ns, Q1 = 292.814 ns, Median = 296.978 ns, Q3 = 297.348 ns, Max = 303.975 ns
IQR = 4.534 ns, LowerFence = 286.014 ns, UpperFence = 304.148 ns
ConfidenceInterval = [258.753 ns; 329.417 ns] (CI 99.9%), Margin = 35.332 ns (12.01% of Mean)
Skewness = -0.57, Kurtosis = 1.62, MValue = 2

// ** Remained 26 (50.0 %) benchmark(s) to run. Estimated finish 2026-10-04 14:59 (0h 0m from now) **
// **************************
// Benchmark: CodecSuite.Run: campaign(EvaluateOverhead=False, Clock=Armonik.Ffi.Bdn.CpuClock, IterationCount=6, IterationTime=40ms, LaunchCount=1, RunStrategy=Throughput, WarmupCount=25) [Case=core-(...)etain [37]]
// *** Execute ***
// Launch: 1 / 1
// Execute: dotnet BenchDotNet-campaign-1.dll --anonymousPipes 117 118 --benchmarkName "Armonik.Ffi.Bdn.CodecSuite.Run(Case: \"core-ffi|decode-read|P2.2|wide|retain\")" --job campaign --benchmarkId 26 in /home/user/ArmoniK.Api/ffi/poc/csharp/src/BenchDotNet/bin/Release/net8.0/BenchDotNet-campaign-1/bin/Release/net8.0
// BeforeAnythingElse

// Benchmark Process Environment Information:
// BenchmarkDotNet v0.15.8
// Runtime=.NET 8.0.31 (8.0.31, 8.0.3126.42015), X64 RyuJIT x86-64-v4
// GC=Concurrent Workstation
// HardwareIntrinsics=AVX512 F+BW+CD+DQ+VL,AVX2+BMI1+BMI2+F16C+FMA+LZCNT+MOVBE,AVX,SSE3+SSSE3+SSE4.1+SSE4.2+POPCNT,X86Base+SSE+SSE2,AES+PCLMUL VectorSize=256
// Job: campaign(EvaluateOverhead=False, Clock=Armonik.Ffi.Bdn.CpuClock, IterationCount=6, IterationTime=40ms, LaunchCount=1, RunStrategy=Throughput, WarmupCount=25)

OverheadJitting  1: 1 op, 353033.00 ns, 353.0330 us/op
WorkloadJitting  1: 1 op, 14644785.00 ns, 14.6448 ms/op

WorkloadPilot    1: 4 op, 17263665.00 ns, 4.3159 ms/op
WorkloadPilot    2: 9 op, 44025312.00 ns, 4.8917 ms/op

WorkloadWarmup   1: 9 op, 37368203.00 ns, 4.1520 ms/op
WorkloadWarmup   2: 9 op, 40975090.00 ns, 4.5528 ms/op
WorkloadWarmup   3: 9 op, 38041559.00 ns, 4.2268 ms/op
WorkloadWarmup   4: 9 op, 60427331.00 ns, 6.7141 ms/op
WorkloadWarmup   5: 9 op, 56359012.00 ns, 6.2621 ms/op
WorkloadWarmup   6: 9 op, 55296182.00 ns, 6.1440 ms/op
WorkloadWarmup   7: 9 op, 56898315.00 ns, 6.3220 ms/op
WorkloadWarmup   8: 9 op, 32121012.00 ns, 3.5690 ms/op
WorkloadWarmup   9: 9 op, 34147651.00 ns, 3.7942 ms/op
WorkloadWarmup  10: 9 op, 30391261.00 ns, 3.3768 ms/op
WorkloadWarmup  11: 9 op, 30770972.00 ns, 3.4190 ms/op
WorkloadWarmup  12: 9 op, 30379971.00 ns, 3.3756 ms/op
WorkloadWarmup  13: 9 op, 31321415.00 ns, 3.4802 ms/op
WorkloadWarmup  14: 9 op, 31740008.00 ns, 3.5267 ms/op
WorkloadWarmup  15: 9 op, 37721937.00 ns, 4.1913 ms/op
WorkloadWarmup  16: 9 op, 34855149.00 ns, 3.8728 ms/op
WorkloadWarmup  17: 9 op, 30767277.00 ns, 3.4186 ms/op
WorkloadWarmup  18: 9 op, 30320839.00 ns, 3.3690 ms/op
WorkloadWarmup  19: 9 op, 30794481.00 ns, 3.4216 ms/op
WorkloadWarmup  20: 9 op, 31508727.00 ns, 3.5010 ms/op
WorkloadWarmup  21: 9 op, 30635312.00 ns, 3.4039 ms/op
WorkloadWarmup  22: 9 op, 31686689.00 ns, 3.5207 ms/op
WorkloadWarmup  23: 9 op, 29990205.00 ns, 3.3322 ms/op
WorkloadWarmup  24: 9 op, 34483489.00 ns, 3.8315 ms/op
WorkloadWarmup  25: 9 op, 31462600.00 ns, 3.4958 ms/op

// BeforeActualRun
WorkloadActual   1: 9 op, 35446362.00 ns, 3.9385 ms/op
WorkloadActual   2: 9 op, 30967998.00 ns, 3.4409 ms/op
WorkloadActual   3: 9 op, 33143106.00 ns, 3.6826 ms/op
WorkloadActual   4: 9 op, 32015565.00 ns, 3.5573 ms/op
WorkloadActual   5: 9 op, 33523920.00 ns, 3.7249 ms/op
WorkloadActual   6: 9 op, 31803095.00 ns, 3.5337 ms/op

// AfterActualRun
WorkloadResult   1: 9 op, 35446362.00 ns, 3.9385 ms/op
WorkloadResult   2: 9 op, 30967998.00 ns, 3.4409 ms/op
WorkloadResult   3: 9 op, 33143106.00 ns, 3.6826 ms/op
WorkloadResult   4: 9 op, 32015565.00 ns, 3.5573 ms/op
WorkloadResult   5: 9 op, 33523920.00 ns, 3.7249 ms/op
WorkloadResult   6: 9 op, 31803095.00 ns, 3.5337 ms/op
// GC:  1 0 0 19625256 9
// Threading:  0 0 9

// AfterAll
// Benchmark Process 9190 has exited with code 0.

Mean = 3.646 ms, StdErr = 0.072 ms (1.98%), N = 6, StdDev = 0.176 ms
Min = 3.441 ms, Q1 = 3.540 ms, Median = 3.620 ms, Q3 = 3.714 ms, Max = 3.938 ms
IQR = 0.175 ms, LowerFence = 3.277 ms, UpperFence = 3.976 ms
ConfidenceInterval = [3.152 ms; 4.141 ms] (CI 99.9%), Margin = 0.495 ms (13.57% of Mean)
Skewness = 0.45, Kurtosis = 1.6, MValue = 2

// ** Remained 25 (48.1 %) benchmark(s) to run. Estimated finish 2026-10-04 14:59 (0h 0m from now) **
// **************************
// Benchmark: CodecSuite.Run: campaign(EvaluateOverhead=False, Clock=Armonik.Ffi.Bdn.CpuClock, IterationCount=6, IterationTime=40ms, LaunchCount=1, RunStrategy=Throughput, WarmupCount=25) [Case=core-(...)etain [38]]
// *** Execute ***
// Launch: 1 / 1
// Execute: dotnet BenchDotNet-campaign-1.dll --anonymousPipes 117 118 --benchmarkName "Armonik.Ffi.Bdn.CodecSuite.Run(Case: \"core-ffi|decode-read|P6.1|ascii|retain\")" --job campaign --benchmarkId 27 in /home/user/ArmoniK.Api/ffi/poc/csharp/src/BenchDotNet/bin/Release/net8.0/BenchDotNet-campaign-1/bin/Release/net8.0
// BeforeAnythingElse

// Benchmark Process Environment Information:
// BenchmarkDotNet v0.15.8
// Runtime=.NET 8.0.31 (8.0.31, 8.0.3126.42015), X64 RyuJIT x86-64-v4
// GC=Concurrent Workstation
// HardwareIntrinsics=AVX512 F+BW+CD+DQ+VL,AVX2+BMI1+BMI2+F16C+FMA+LZCNT+MOVBE,AVX,SSE3+SSSE3+SSE4.1+SSE4.2+POPCNT,X86Base+SSE+SSE2,AES+PCLMUL VectorSize=256
// Job: campaign(EvaluateOverhead=False, Clock=Armonik.Ffi.Bdn.CpuClock, IterationCount=6, IterationTime=40ms, LaunchCount=1, RunStrategy=Throughput, WarmupCount=25)

OverheadJitting  1: 1 op, 284180.00 ns, 284.1800 us/op
WorkloadJitting  1: 1 op, 8216887.00 ns, 8.2169 ms/op

WorkloadPilot    1: 4 op, 3408936.00 ns, 852.2340 us/op
WorkloadPilot    2: 47 op, 42010624.00 ns, 893.8431 us/op
WorkloadPilot    3: 45 op, 41193433.00 ns, 915.4096 us/op

WorkloadWarmup   1: 45 op, 32883933.00 ns, 730.7541 us/op
WorkloadWarmup   2: 45 op, 31370912.00 ns, 697.1314 us/op
WorkloadWarmup   3: 45 op, 30724131.00 ns, 682.7585 us/op
WorkloadWarmup   4: 45 op, 30927678.00 ns, 687.2817 us/op
WorkloadWarmup   5: 45 op, 36061531.00 ns, 801.3674 us/op
WorkloadWarmup   6: 45 op, 45599764.00 ns, 1.0133 ms/op
WorkloadWarmup   7: 45 op, 48172704.00 ns, 1.0705 ms/op
WorkloadWarmup   8: 45 op, 45203232.00 ns, 1.0045 ms/op
WorkloadWarmup   9: 45 op, 43174548.00 ns, 959.4344 us/op
WorkloadWarmup  10: 45 op, 40990120.00 ns, 910.8916 us/op
WorkloadWarmup  11: 45 op, 40976408.00 ns, 910.5868 us/op
WorkloadWarmup  12: 45 op, 41482948.00 ns, 921.8433 us/op
WorkloadWarmup  13: 45 op, 43040075.00 ns, 956.4461 us/op
WorkloadWarmup  14: 45 op, 15983915.00 ns, 355.1981 us/op
WorkloadWarmup  15: 45 op, 15448637.00 ns, 343.3030 us/op
WorkloadWarmup  16: 45 op, 14883678.00 ns, 330.7484 us/op
WorkloadWarmup  17: 45 op, 14965176.00 ns, 332.5595 us/op
WorkloadWarmup  18: 45 op, 15317470.00 ns, 340.3882 us/op
WorkloadWarmup  19: 45 op, 15365836.00 ns, 341.4630 us/op
WorkloadWarmup  20: 45 op, 17548832.00 ns, 389.9740 us/op
WorkloadWarmup  21: 45 op, 16389497.00 ns, 364.2110 us/op
WorkloadWarmup  22: 45 op, 15494624.00 ns, 344.3250 us/op
WorkloadWarmup  23: 45 op, 14780946.00 ns, 328.4655 us/op
WorkloadWarmup  24: 45 op, 21284677.00 ns, 472.9928 us/op
WorkloadWarmup  25: 45 op, 15828560.00 ns, 351.7458 us/op

// BeforeActualRun
WorkloadActual   1: 45 op, 19028974.00 ns, 422.8661 us/op
WorkloadActual   2: 45 op, 15858952.00 ns, 352.4212 us/op
WorkloadActual   3: 45 op, 20472050.00 ns, 454.9344 us/op
WorkloadActual   4: 45 op, 15273148.00 ns, 339.4033 us/op
WorkloadActual   5: 45 op, 14761945.00 ns, 328.0432 us/op
WorkloadActual   6: 45 op, 14530877.00 ns, 322.9084 us/op

// AfterActualRun
WorkloadResult   1: 45 op, 19028974.00 ns, 422.8661 us/op
WorkloadResult   2: 45 op, 15858952.00 ns, 352.4212 us/op
WorkloadResult   3: 45 op, 20472050.00 ns, 454.9344 us/op
WorkloadResult   4: 45 op, 15273148.00 ns, 339.4033 us/op
WorkloadResult   5: 45 op, 14761945.00 ns, 328.0432 us/op
WorkloadResult   6: 45 op, 14530877.00 ns, 322.9084 us/op
// GC:  1 0 0 21001320 45
// Threading:  0 0 45

// AfterAll
// Benchmark Process 9208 has exited with code 0.

Mean = 370.096 us, StdErr = 22.533 us (6.09%), N = 6, StdDev = 55.194 us
Min = 322.908 us, Q1 = 330.883 us, Median = 345.912 us, Q3 = 405.255 us, Max = 454.934 us
IQR = 74.372 us, LowerFence = 219.326 us, UpperFence = 516.812 us
ConfidenceInterval = [215.322 us; 524.870 us] (CI 99.9%), Margin = 154.774 us (41.82% of Mean)
Skewness = 0.54, Kurtosis = 1.23, MValue = 2

// ** Remained 24 (46.2 %) benchmark(s) to run. Estimated finish 2026-10-04 14:59 (0h 0m from now) **
// **************************
// Benchmark: CodecSuite.Run: campaign(EvaluateOverhead=False, Clock=Armonik.Ffi.Bdn.CpuClock, IterationCount=6, IterationTime=40ms, LaunchCount=1, RunStrategy=Throughput, WarmupCount=25) [Case=core-(...)|drop [74]]
// *** Execute ***
// Launch: 1 / 1
// Execute: dotnet BenchDotNet-campaign-1.dll --anonymousPipes 117 118 --benchmarkName "Armonik.Ffi.Bdn.CodecSuite.Run(Case: \"core-ffi|decode-read|U-wire-ListMetricsResponse-batches-as-wt0|corpus|drop\")" --job campaign --benchmarkId 28 in /home/user/ArmoniK.Api/ffi/poc/csharp/src/BenchDotNet/bin/Release/net8.0/BenchDotNet-campaign-1/bin/Release/net8.0
// BeforeAnythingElse

// Benchmark Process Environment Information:
// BenchmarkDotNet v0.15.8
// Runtime=.NET 8.0.31 (8.0.31, 8.0.3126.42015), X64 RyuJIT x86-64-v4
// GC=Concurrent Workstation
// HardwareIntrinsics=AVX512 F+BW+CD+DQ+VL,AVX2+BMI1+BMI2+F16C+FMA+LZCNT+MOVBE,AVX,SSE3+SSSE3+SSE4.1+SSE4.2+POPCNT,X86Base+SSE+SSE2,AES+PCLMUL VectorSize=256
// Job: campaign(EvaluateOverhead=False, Clock=Armonik.Ffi.Bdn.CpuClock, IterationCount=6, IterationTime=40ms, LaunchCount=1, RunStrategy=Throughput, WarmupCount=25)

OverheadJitting  1: 1 op, 297902.00 ns, 297.9020 us/op
WorkloadJitting  1: 1 op, 8937955.00 ns, 8.9380 ms/op

WorkloadPilot    1: 4 op, 82200.00 ns, 20.5500 us/op
WorkloadPilot    2: 1946 op, 20813110.00 ns, 10.6953 us/op
WorkloadPilot    3: 3740 op, 35348655.00 ns, 9.4515 us/op
WorkloadPilot    4: 4232 op, 41535295.00 ns, 9.8146 us/op
WorkloadPilot    5: 4076 op, 33137037.00 ns, 8.1298 us/op
WorkloadPilot    6: 4920 op, 49183843.00 ns, 9.9967 us/op
WorkloadPilot    7: 4001 op, 41683485.00 ns, 10.4183 us/op

WorkloadWarmup   1: 4001 op, 42914887.00 ns, 10.7260 us/op
WorkloadWarmup   2: 4001 op, 39595486.00 ns, 9.8964 us/op
WorkloadWarmup   3: 4001 op, 40774016.00 ns, 10.1910 us/op
WorkloadWarmup   4: 4001 op, 31502467.00 ns, 7.8736 us/op
WorkloadWarmup   5: 4001 op, 16939468.00 ns, 4.2338 us/op
WorkloadWarmup   6: 4001 op, 15352107.00 ns, 3.8371 us/op
WorkloadWarmup   7: 4001 op, 14454508.00 ns, 3.6127 us/op
WorkloadWarmup   8: 4001 op, 18741215.00 ns, 4.6841 us/op
WorkloadWarmup   9: 4001 op, 16162709.00 ns, 4.0397 us/op
WorkloadWarmup  10: 4001 op, 13723902.00 ns, 3.4301 us/op
WorkloadWarmup  11: 4001 op, 13756748.00 ns, 3.4383 us/op
WorkloadWarmup  12: 4001 op, 14103102.00 ns, 3.5249 us/op
WorkloadWarmup  13: 4001 op, 17862287.00 ns, 4.4645 us/op
WorkloadWarmup  14: 4001 op, 15311621.00 ns, 3.8269 us/op
WorkloadWarmup  15: 4001 op, 14448926.00 ns, 3.6113 us/op
WorkloadWarmup  16: 4001 op, 13713677.00 ns, 3.4276 us/op
WorkloadWarmup  17: 4001 op, 15716494.00 ns, 3.9281 us/op
WorkloadWarmup  18: 4001 op, 17069527.00 ns, 4.2663 us/op
WorkloadWarmup  19: 4001 op, 15133618.00 ns, 3.7825 us/op
WorkloadWarmup  20: 4001 op, 14658004.00 ns, 3.6636 us/op
WorkloadWarmup  21: 4001 op, 22975298.00 ns, 5.7424 us/op
WorkloadWarmup  22: 4001 op, 14412657.00 ns, 3.6023 us/op
WorkloadWarmup  23: 4001 op, 14583501.00 ns, 3.6450 us/op
WorkloadWarmup  24: 4001 op, 14580777.00 ns, 3.6443 us/op
WorkloadWarmup  25: 4001 op, 15280526.00 ns, 3.8192 us/op

// BeforeActualRun
WorkloadActual   1: 4001 op, 17025439.00 ns, 4.2553 us/op
WorkloadActual   2: 4001 op, 17248548.00 ns, 4.3111 us/op
WorkloadActual   3: 4001 op, 16801255.00 ns, 4.1993 us/op
WorkloadActual   4: 4001 op, 14186894.00 ns, 3.5458 us/op
WorkloadActual   5: 4001 op, 15573878.00 ns, 3.8925 us/op
WorkloadActual   6: 4001 op, 13587777.00 ns, 3.3961 us/op

// AfterActualRun
WorkloadResult   1: 4001 op, 17025439.00 ns, 4.2553 us/op
WorkloadResult   2: 4001 op, 17248548.00 ns, 4.3111 us/op
WorkloadResult   3: 4001 op, 16801255.00 ns, 4.1993 us/op
WorkloadResult   4: 4001 op, 14186894.00 ns, 3.5458 us/op
WorkloadResult   5: 4001 op, 15573878.00 ns, 3.8925 us/op
WorkloadResult   6: 4001 op, 13587777.00 ns, 3.3961 us/op
// GC:  1 0 0 18980744 4001
// Threading:  0 0 4001

// AfterAll
// Benchmark Process 9217 has exited with code 0.

Mean = 3.933 us, StdErr = 0.159 us (4.04%), N = 6, StdDev = 0.389 us
Min = 3.396 us, Q1 = 3.633 us, Median = 4.046 us, Q3 = 4.241 us, Max = 4.311 us
IQR = 0.609 us, LowerFence = 2.719 us, UpperFence = 5.154 us
ConfidenceInterval = [2.842 us; 5.025 us] (CI 99.9%), Margin = 1.091 us (27.75% of Mean)
Skewness = -0.3, Kurtosis = 1.03, MValue = 2

// ** Remained 23 (44.2 %) benchmark(s) to run. Estimated finish 2026-10-04 14:59 (0h 0m from now) **
// **************************
// Benchmark: CodecSuite.Run: campaign(EvaluateOverhead=False, Clock=Armonik.Ffi.Bdn.CpuClock, IterationCount=6, IterationTime=40ms, LaunchCount=1, RunStrategy=Throughput, WarmupCount=25) [Case=core-(...)|drop [50]]
// *** Execute ***
// Launch: 1 / 1
// Execute: dotnet BenchDotNet-campaign-1.dll --anonymousPipes 117 118 --benchmarkName "Armonik.Ffi.Bdn.CodecSuite.Run(Case: \"core-ffi|decode-read|U-deep-u-repeated|corpus|drop\")" --job campaign --benchmarkId 29 in /home/user/ArmoniK.Api/ffi/poc/csharp/src/BenchDotNet/bin/Release/net8.0/BenchDotNet-campaign-1/bin/Release/net8.0
// BeforeAnythingElse

// Benchmark Process Environment Information:
// BenchmarkDotNet v0.15.8
// Runtime=.NET 8.0.31 (8.0.31, 8.0.3126.42015), X64 RyuJIT x86-64-v4
// GC=Concurrent Workstation
// HardwareIntrinsics=AVX512 F+BW+CD+DQ+VL,AVX2+BMI1+BMI2+F16C+FMA+LZCNT+MOVBE,AVX,SSE3+SSSE3+SSE4.1+SSE4.2+POPCNT,X86Base+SSE+SSE2,AES+PCLMUL VectorSize=256
// Job: campaign(EvaluateOverhead=False, Clock=Armonik.Ffi.Bdn.CpuClock, IterationCount=6, IterationTime=40ms, LaunchCount=1, RunStrategy=Throughput, WarmupCount=25)

OverheadJitting  1: 1 op, 247895.00 ns, 247.8950 us/op
WorkloadJitting  1: 1 op, 12053279.00 ns, 12.0533 ms/op

WorkloadPilot    1: 4 op, 82449.00 ns, 20.6123 us/op
WorkloadPilot    2: 1941 op, 12938492.00 ns, 6.6659 us/op
WorkloadPilot    3: 6001 op, 34856790.00 ns, 5.8085 us/op
WorkloadPilot    4: 6886 op, 38589663.00 ns, 5.6041 us/op
WorkloadPilot    5: 7138 op, 33924383.00 ns, 4.7526 us/op
WorkloadPilot    6: 8416 op, 53055139.00 ns, 6.3041 us/op
WorkloadPilot    7: 6345 op, 51893432.00 ns, 8.1786 us/op
WorkloadPilot    8: 4891 op, 38612214.00 ns, 7.8945 us/op
WorkloadPilot    9: 5067 op, 36713974.00 ns, 7.2457 us/op
WorkloadPilot   10: 5521 op, 39431256.00 ns, 7.1420 us/op
WorkloadPilot   11: 5601 op, 67005797.00 ns, 11.9632 us/op

WorkloadWarmup   1: 5601 op, 34610374.00 ns, 6.1793 us/op
WorkloadWarmup   2: 5601 op, 30138161.00 ns, 5.3809 us/op
WorkloadWarmup   3: 5601 op, 28030941.00 ns, 5.0046 us/op
WorkloadWarmup   4: 5601 op, 28649829.00 ns, 5.1151 us/op
WorkloadWarmup   5: 5601 op, 28092726.00 ns, 5.0157 us/op
WorkloadWarmup   6: 5601 op, 27744486.00 ns, 4.9535 us/op
WorkloadWarmup   7: 5601 op, 32763327.00 ns, 5.8495 us/op
WorkloadWarmup   8: 5601 op, 27745495.00 ns, 4.9537 us/op
WorkloadWarmup   9: 5601 op, 16246067.00 ns, 2.9006 us/op
WorkloadWarmup  10: 5601 op, 29159331.00 ns, 5.2061 us/op
WorkloadWarmup  11: 5601 op, 24118918.00 ns, 4.3062 us/op
WorkloadWarmup  12: 5601 op, 16250325.00 ns, 2.9013 us/op
WorkloadWarmup  13: 5601 op, 16687848.00 ns, 2.9794 us/op
WorkloadWarmup  14: 5601 op, 16185116.00 ns, 2.8897 us/op
WorkloadWarmup  15: 5601 op, 16224604.00 ns, 2.8967 us/op
WorkloadWarmup  16: 5601 op, 16276987.00 ns, 2.9061 us/op
WorkloadWarmup  17: 5601 op, 22168743.00 ns, 3.9580 us/op
WorkloadWarmup  18: 5601 op, 16401362.00 ns, 2.9283 us/op
WorkloadWarmup  19: 5601 op, 16283524.00 ns, 2.9073 us/op
WorkloadWarmup  20: 5601 op, 16278171.00 ns, 2.9063 us/op
WorkloadWarmup  21: 5601 op, 16356182.00 ns, 2.9202 us/op
WorkloadWarmup  22: 5601 op, 16310859.00 ns, 2.9121 us/op
WorkloadWarmup  23: 5601 op, 17096954.00 ns, 3.0525 us/op
WorkloadWarmup  24: 5601 op, 16239594.00 ns, 2.8994 us/op
WorkloadWarmup  25: 5601 op, 16296687.00 ns, 2.9096 us/op

// BeforeActualRun
WorkloadActual   1: 5601 op, 16870105.00 ns, 3.0120 us/op
WorkloadActual   2: 5601 op, 16453103.00 ns, 2.9375 us/op
WorkloadActual   3: 5601 op, 16277067.00 ns, 2.9061 us/op
WorkloadActual   4: 5601 op, 16304004.00 ns, 2.9109 us/op
WorkloadActual   5: 5601 op, 16390615.00 ns, 2.9264 us/op
WorkloadActual   6: 5601 op, 16301331.00 ns, 2.9104 us/op

// AfterActualRun
WorkloadResult   1: 5601 op, 16453103.00 ns, 2.9375 us/op
WorkloadResult   2: 5601 op, 16277067.00 ns, 2.9061 us/op
WorkloadResult   3: 5601 op, 16304004.00 ns, 2.9109 us/op
WorkloadResult   4: 5601 op, 16390615.00 ns, 2.9264 us/op
WorkloadResult   5: 5601 op, 16301331.00 ns, 2.9104 us/op
// GC:  1 0 0 22941696 5601
// Threading:  0 0 5601

// AfterAll
// Benchmark Process 9226 has exited with code 0.

Mean = 2.918 us, StdErr = 0.006 us (0.20%), N = 5, StdDev = 0.013 us
Min = 2.906 us, Q1 = 2.910 us, Median = 2.911 us, Q3 = 2.926 us, Max = 2.938 us
IQR = 0.016 us, LowerFence = 2.887 us, UpperFence = 2.950 us
ConfidenceInterval = [2.867 us; 2.969 us] (CI 99.9%), Margin = 0.051 us (1.75% of Mean)
Skewness = 0.43, Kurtosis = 1.11, MValue = 2

// ** Remained 22 (42.3 %) benchmark(s) to run. Estimated finish 2026-10-04 14:59 (0h 0m from now) **
// **************************
// Benchmark: CodecSuite.Run: campaign(EvaluateOverhead=False, Clock=Armonik.Ffi.Bdn.CpuClock, IterationCount=6, IterationTime=40ms, LaunchCount=1, RunStrategy=Throughput, WarmupCount=25) [Case=core-(...)etain [38]]
// *** Execute ***
// Launch: 1 / 1
// Execute: dotnet BenchDotNet-campaign-1.dll --anonymousPipes 117 118 --benchmarkName "Armonik.Ffi.Bdn.CodecSuite.Run(Case: \"core-ffi|decode-read|P5.2|ascii|retain\")" --job campaign --benchmarkId 30 in /home/user/ArmoniK.Api/ffi/poc/csharp/src/BenchDotNet/bin/Release/net8.0/BenchDotNet-campaign-1/bin/Release/net8.0
// BeforeAnythingElse

// Benchmark Process Environment Information:
// BenchmarkDotNet v0.15.8
// Runtime=.NET 8.0.31 (8.0.31, 8.0.3126.42015), X64 RyuJIT x86-64-v4
// GC=Concurrent Workstation
// HardwareIntrinsics=AVX512 F+BW+CD+DQ+VL,AVX2+BMI1+BMI2+F16C+FMA+LZCNT+MOVBE,AVX,SSE3+SSSE3+SSE4.1+SSE4.2+POPCNT,X86Base+SSE+SSE2,AES+PCLMUL VectorSize=256
// Job: campaign(EvaluateOverhead=False, Clock=Armonik.Ffi.Bdn.CpuClock, IterationCount=6, IterationTime=40ms, LaunchCount=1, RunStrategy=Throughput, WarmupCount=25)

OverheadJitting  1: 1 op, 241614.00 ns, 241.6140 us/op
WorkloadJitting  1: 1 op, 2961138.00 ns, 2.9611 ms/op

WorkloadPilot    1: 4 op, 253623.00 ns, 63.4058 us/op
WorkloadPilot    2: 631 op, 15213048.00 ns, 24.1094 us/op
WorkloadPilot    3: 1659 op, 16766951.00 ns, 10.1067 us/op
WorkloadPilot    4: 3958 op, 27273539.00 ns, 6.8907 us/op
WorkloadPilot    5: 5805 op, 36892161.00 ns, 6.3552 us/op
WorkloadPilot    6: 6294 op, 57890894.00 ns, 9.1978 us/op
WorkloadPilot    7: 4349 op, 36329658.00 ns, 8.3536 us/op
WorkloadPilot    8: 4788 op, 37006503.00 ns, 7.7290 us/op
WorkloadPilot    9: 5175 op, 41789192.00 ns, 8.0752 us/op
WorkloadPilot   10: 4953 op, 34398852.00 ns, 6.9451 us/op
WorkloadPilot   11: 5759 op, 49479861.00 ns, 8.5917 us/op

WorkloadWarmup   1: 5759 op, 33451420.00 ns, 5.8085 us/op
WorkloadWarmup   2: 5759 op, 33901072.00 ns, 5.8866 us/op
WorkloadWarmup   3: 5759 op, 43951327.00 ns, 7.6318 us/op
WorkloadWarmup   4: 5759 op, 31114132.00 ns, 5.4027 us/op
WorkloadWarmup   5: 5759 op, 31564197.00 ns, 5.4808 us/op
WorkloadWarmup   6: 5759 op, 35563228.00 ns, 6.1752 us/op
WorkloadWarmup   7: 5759 op, 32431675.00 ns, 5.6315 us/op
WorkloadWarmup   8: 5759 op, 29879812.00 ns, 5.1884 us/op
WorkloadWarmup   9: 5759 op, 29566274.00 ns, 5.1339 us/op
WorkloadWarmup  10: 5759 op, 30657225.00 ns, 5.3234 us/op
WorkloadWarmup  11: 5759 op, 28913783.00 ns, 5.0206 us/op
WorkloadWarmup  12: 5759 op, 29744821.00 ns, 5.1649 us/op
WorkloadWarmup  13: 5759 op, 29970125.00 ns, 5.2041 us/op
WorkloadWarmup  14: 5759 op, 30405589.00 ns, 5.2797 us/op
WorkloadWarmup  15: 5759 op, 28874344.00 ns, 5.0138 us/op
WorkloadWarmup  16: 5759 op, 29037309.00 ns, 5.0421 us/op
WorkloadWarmup  17: 5759 op, 30218751.00 ns, 5.2472 us/op
WorkloadWarmup  18: 5759 op, 30767894.00 ns, 5.3426 us/op
WorkloadWarmup  19: 5759 op, 32466050.00 ns, 5.6374 us/op
WorkloadWarmup  20: 5759 op, 30270430.00 ns, 5.2562 us/op
WorkloadWarmup  21: 5759 op, 29756613.00 ns, 5.1670 us/op
WorkloadWarmup  22: 5759 op, 29873154.00 ns, 5.1872 us/op
WorkloadWarmup  23: 5759 op, 30828681.00 ns, 5.3531 us/op
WorkloadWarmup  24: 5759 op, 30403977.00 ns, 5.2794 us/op
WorkloadWarmup  25: 5759 op, 30077749.00 ns, 5.2227 us/op

// BeforeActualRun
WorkloadActual   1: 5759 op, 31100292.00 ns, 5.4003 us/op
WorkloadActual   2: 5759 op, 30387000.00 ns, 5.2764 us/op
WorkloadActual   3: 5759 op, 31081959.00 ns, 5.3971 us/op
WorkloadActual   4: 5759 op, 33082092.00 ns, 5.7444 us/op
WorkloadActual   5: 5759 op, 34538667.00 ns, 5.9973 us/op
WorkloadActual   6: 5759 op, 32356373.00 ns, 5.6184 us/op

// AfterActualRun
WorkloadResult   1: 5759 op, 31100292.00 ns, 5.4003 us/op
WorkloadResult   2: 5759 op, 30387000.00 ns, 5.2764 us/op
WorkloadResult   3: 5759 op, 31081959.00 ns, 5.3971 us/op
WorkloadResult   4: 5759 op, 33082092.00 ns, 5.7444 us/op
WorkloadResult   5: 5759 op, 34538667.00 ns, 5.9973 us/op
WorkloadResult   6: 5759 op, 32356373.00 ns, 5.6184 us/op
// GC:  21 4 0 379126488 5759
// Threading:  0 0 5759

// AfterAll
// Benchmark Process 9235 has exited with code 0.

Mean = 5.572 us, StdErr = 0.110 us (1.97%), N = 6, StdDev = 0.268 us
Min = 5.276 us, Q1 = 5.398 us, Median = 5.509 us, Q3 = 5.713 us, Max = 5.997 us
IQR = 0.315 us, LowerFence = 4.925 us, UpperFence = 6.185 us
ConfidenceInterval = [4.820 us; 6.325 us] (CI 99.9%), Margin = 0.753 us (13.51% of Mean)
Skewness = 0.39, Kurtosis = 1.38, MValue = 2

// ** Remained 21 (40.4 %) benchmark(s) to run. Estimated finish 2026-10-04 14:59 (0h 0m from now) **
// **************************
// Benchmark: CodecSuite.Run: campaign(EvaluateOverhead=False, Clock=Armonik.Ffi.Bdn.CpuClock, IterationCount=6, IterationTime=40ms, LaunchCount=1, RunStrategy=Throughput, WarmupCount=25) [Case=core-(...)etain [38]]
// *** Execute ***
// Launch: 1 / 1
// Execute: dotnet BenchDotNet-campaign-1.dll --anonymousPipes 117 118 --benchmarkName "Armonik.Ffi.Bdn.CodecSuite.Run(Case: \"core-ffi|decode-read|P5.1|ascii|retain\")" --job campaign --benchmarkId 31 in /home/user/ArmoniK.Api/ffi/poc/csharp/src/BenchDotNet/bin/Release/net8.0/BenchDotNet-campaign-1/bin/Release/net8.0
// BeforeAnythingElse

// Benchmark Process Environment Information:
// BenchmarkDotNet v0.15.8
// Runtime=.NET 8.0.31 (8.0.31, 8.0.3126.42015), X64 RyuJIT x86-64-v4
// GC=Concurrent Workstation
// HardwareIntrinsics=AVX512 F+BW+CD+DQ+VL,AVX2+BMI1+BMI2+F16C+FMA+LZCNT+MOVBE,AVX,SSE3+SSSE3+SSE4.1+SSE4.2+POPCNT,X86Base+SSE+SSE2,AES+PCLMUL VectorSize=256
// Job: campaign(EvaluateOverhead=False, Clock=Armonik.Ffi.Bdn.CpuClock, IterationCount=6, IterationTime=40ms, LaunchCount=1, RunStrategy=Throughput, WarmupCount=25)

OverheadJitting  1: 1 op, 292290.00 ns, 292.2900 us/op
WorkloadJitting  1: 1 op, 2850513.00 ns, 2.8505 ms/op

WorkloadPilot    1: 4 op, 17368.00 ns, 4.3420 us/op
WorkloadPilot    2: 9212 op, 6907868.00 ns, 749.8771 ns/op
WorkloadPilot    3: 53342 op, 39110064.00 ns, 733.1946 ns/op
WorkloadPilot    4: 54556 op, 34136763.00 ns, 625.7197 ns/op
WorkloadPilot    5: 63926 op, 48986067.00 ns, 766.2933 ns/op
WorkloadPilot    6: 52199 op, 45332183.00 ns, 868.4493 ns/op
WorkloadPilot    7: 46059 op, 38083896.00 ns, 826.8503 ns/op
WorkloadPilot    8: 48376 op, 38296169.00 ns, 791.6357 ns/op
WorkloadPilot    9: 50528 op, 39828226.00 ns, 788.2407 ns/op
WorkloadPilot   10: 50746 op, 39888636.00 ns, 786.0449 ns/op
WorkloadPilot   11: 50888 op, 11548892.00 ns, 226.9473 ns/op
WorkloadPilot   12: 176252 op, 35865240.00 ns, 203.4884 ns/op
WorkloadPilot   13: 196571 op, 40862867.00 ns, 207.8784 ns/op

WorkloadWarmup   1: 196571 op, 40010521.00 ns, 203.5423 ns/op
WorkloadWarmup   2: 196571 op, 39964728.00 ns, 203.3094 ns/op
WorkloadWarmup   3: 196571 op, 52763161.00 ns, 268.4178 ns/op
WorkloadWarmup   4: 196571 op, 39857882.00 ns, 202.7658 ns/op
WorkloadWarmup   5: 196571 op, 42449376.00 ns, 215.9493 ns/op
WorkloadWarmup   6: 196571 op, 39759220.00 ns, 202.2639 ns/op
WorkloadWarmup   7: 196571 op, 42359443.00 ns, 215.4918 ns/op
WorkloadWarmup   8: 196571 op, 52160430.00 ns, 265.3516 ns/op
WorkloadWarmup   9: 196571 op, 68856835.00 ns, 350.2899 ns/op
WorkloadWarmup  10: 196571 op, 47467518.00 ns, 241.4777 ns/op
WorkloadWarmup  11: 196571 op, 48809966.00 ns, 248.3071 ns/op
WorkloadWarmup  12: 196571 op, 42298372.00 ns, 215.1811 ns/op
WorkloadWarmup  13: 196571 op, 44685679.00 ns, 227.3259 ns/op
WorkloadWarmup  14: 196571 op, 42671399.00 ns, 217.0788 ns/op
WorkloadWarmup  15: 196571 op, 42085518.00 ns, 214.0983 ns/op
WorkloadWarmup  16: 196571 op, 40556888.00 ns, 206.3218 ns/op
WorkloadWarmup  17: 196571 op, 40066734.00 ns, 203.8283 ns/op
WorkloadWarmup  18: 196571 op, 40631209.00 ns, 206.6999 ns/op
WorkloadWarmup  19: 196571 op, 43197352.00 ns, 219.7545 ns/op
WorkloadWarmup  20: 196571 op, 40656217.00 ns, 206.8271 ns/op
WorkloadWarmup  21: 196571 op, 40256082.00 ns, 204.7916 ns/op
WorkloadWarmup  22: 196571 op, 43767942.00 ns, 222.6572 ns/op
WorkloadWarmup  23: 196571 op, 41103367.00 ns, 209.1019 ns/op
WorkloadWarmup  24: 196571 op, 45121197.00 ns, 229.5415 ns/op
WorkloadWarmup  25: 196571 op, 40751582.00 ns, 207.3123 ns/op

// BeforeActualRun
WorkloadActual   1: 196571 op, 40738818.00 ns, 207.2473 ns/op
WorkloadActual   2: 196571 op, 40975744.00 ns, 208.4526 ns/op
WorkloadActual   3: 196571 op, 41958857.00 ns, 213.4540 ns/op
WorkloadActual   4: 196571 op, 41460992.00 ns, 210.9212 ns/op
WorkloadActual   5: 196571 op, 40484726.00 ns, 205.9547 ns/op
WorkloadActual   6: 196571 op, 41164327.00 ns, 209.4120 ns/op

// AfterActualRun
WorkloadResult   1: 196571 op, 40738818.00 ns, 207.2473 ns/op
WorkloadResult   2: 196571 op, 40975744.00 ns, 208.4526 ns/op
WorkloadResult   3: 196571 op, 41958857.00 ns, 213.4540 ns/op
WorkloadResult   4: 196571 op, 41460992.00 ns, 210.9212 ns/op
WorkloadResult   5: 196571 op, 40484726.00 ns, 205.9547 ns/op
WorkloadResult   6: 196571 op, 41164327.00 ns, 209.4120 ns/op
// GC:  3 0 0 66047856 196571
// Threading:  0 0 196571

// AfterAll
// Benchmark Process 9245 has exited with code 0.

Mean = 209.240 ns, StdErr = 1.095 ns (0.52%), N = 6, StdDev = 2.683 ns
Min = 205.955 ns, Q1 = 207.549 ns, Median = 208.932 ns, Q3 = 210.544 ns, Max = 213.454 ns
IQR = 2.995 ns, LowerFence = 203.056 ns, UpperFence = 215.037 ns
ConfidenceInterval = [201.716 ns; 216.764 ns] (CI 99.9%), Margin = 7.524 ns (3.60% of Mean)
Skewness = 0.31, Kurtosis = 1.47, MValue = 2

// ** Remained 20 (38.5 %) benchmark(s) to run. Estimated finish 2026-10-04 14:59 (0h 0m from now) **
// **************************
// Benchmark: CodecSuite.Run: campaign(EvaluateOverhead=False, Clock=Armonik.Ffi.Bdn.CpuClock, IterationCount=6, IterationTime=40ms, LaunchCount=1, RunStrategy=Throughput, WarmupCount=25) [Case=core-(...)etain [38]]
// *** Execute ***
// Launch: 1 / 1
// Execute: dotnet BenchDotNet-campaign-1.dll --anonymousPipes 117 118 --benchmarkName "Armonik.Ffi.Bdn.CodecSuite.Run(Case: \"core-ffi|decode-read|P5.4|ascii|retain\")" --job campaign --benchmarkId 32 in /home/user/ArmoniK.Api/ffi/poc/csharp/src/BenchDotNet/bin/Release/net8.0/BenchDotNet-campaign-1/bin/Release/net8.0
// BeforeAnythingElse

// Benchmark Process Environment Information:
// BenchmarkDotNet v0.15.8
// Runtime=.NET 8.0.31 (8.0.31, 8.0.3126.42015), X64 RyuJIT x86-64-v4
// GC=Concurrent Workstation
// HardwareIntrinsics=AVX512 F+BW+CD+DQ+VL,AVX2+BMI1+BMI2+F16C+FMA+LZCNT+MOVBE,AVX,SSE3+SSSE3+SSE4.1+SSE4.2+POPCNT,X86Base+SSE+SSE2,AES+PCLMUL VectorSize=256
// Job: campaign(EvaluateOverhead=False, Clock=Armonik.Ffi.Bdn.CpuClock, IterationCount=6, IterationTime=40ms, LaunchCount=1, RunStrategy=Throughput, WarmupCount=25)

OverheadJitting  1: 1 op, 314831.00 ns, 314.8310 us/op
WorkloadJitting  1: 1 op, 4043780.00 ns, 4.0438 ms/op

WorkloadPilot    1: 4 op, 8438941.00 ns, 2.1097 ms/op
WorkloadPilot    2: 19 op, 53509903.00 ns, 2.8163 ms/op
WorkloadPilot    3: 14 op, 15678085.00 ns, 1.1199 ms/op
WorkloadPilot    4: 36 op, 59113073.00 ns, 1.6420 ms/op
WorkloadPilot    5: 24 op, 48806856.00 ns, 2.0336 ms/op

WorkloadWarmup   1: 24 op, 47972888.00 ns, 1.9989 ms/op
WorkloadWarmup   2: 24 op, 45158608.00 ns, 1.8816 ms/op
WorkloadWarmup   3: 24 op, 48075406.00 ns, 2.0031 ms/op
WorkloadWarmup   4: 24 op, 54309423.00 ns, 2.2629 ms/op
WorkloadWarmup   5: 24 op, 48959879.00 ns, 2.0400 ms/op
WorkloadWarmup   6: 24 op, 45664215.00 ns, 1.9027 ms/op
WorkloadWarmup   7: 24 op, 44713061.00 ns, 1.8630 ms/op
WorkloadWarmup   8: 24 op, 45942837.00 ns, 1.9143 ms/op
WorkloadWarmup   9: 24 op, 60183823.00 ns, 2.5077 ms/op
WorkloadWarmup  10: 24 op, 55004827.00 ns, 2.2919 ms/op
WorkloadWarmup  11: 24 op, 43921503.00 ns, 1.8301 ms/op
WorkloadWarmup  12: 24 op, 45714482.00 ns, 1.9048 ms/op
WorkloadWarmup  13: 24 op, 48712805.00 ns, 2.0297 ms/op
WorkloadWarmup  14: 24 op, 51075157.00 ns, 2.1281 ms/op
WorkloadWarmup  15: 24 op, 59276112.00 ns, 2.4698 ms/op
WorkloadWarmup  16: 24 op, 45589986.00 ns, 1.8996 ms/op
WorkloadWarmup  17: 24 op, 45500117.00 ns, 1.8958 ms/op
WorkloadWarmup  18: 24 op, 49599536.00 ns, 2.0666 ms/op
WorkloadWarmup  19: 24 op, 44906836.00 ns, 1.8711 ms/op
WorkloadWarmup  20: 24 op, 51716207.00 ns, 2.1548 ms/op
WorkloadWarmup  21: 24 op, 48797371.00 ns, 2.0332 ms/op
WorkloadWarmup  22: 24 op, 59967474.00 ns, 2.4986 ms/op
WorkloadWarmup  23: 24 op, 45444893.00 ns, 1.8935 ms/op
WorkloadWarmup  24: 24 op, 44329750.00 ns, 1.8471 ms/op
WorkloadWarmup  25: 24 op, 45636438.00 ns, 1.9015 ms/op

// BeforeActualRun
WorkloadActual   1: 24 op, 47252877.00 ns, 1.9689 ms/op
WorkloadActual   2: 24 op, 42666689.00 ns, 1.7778 ms/op
WorkloadActual   3: 24 op, 42174967.00 ns, 1.7573 ms/op
WorkloadActual   4: 24 op, 44664808.00 ns, 1.8610 ms/op
WorkloadActual   5: 24 op, 45663188.00 ns, 1.9026 ms/op
WorkloadActual   6: 24 op, 47022449.00 ns, 1.9593 ms/op

// AfterActualRun
WorkloadResult   1: 24 op, 47252877.00 ns, 1.9689 ms/op
WorkloadResult   2: 24 op, 42666689.00 ns, 1.7778 ms/op
WorkloadResult   3: 24 op, 42174967.00 ns, 1.7573 ms/op
WorkloadResult   4: 24 op, 44664808.00 ns, 1.8610 ms/op
WorkloadResult   5: 24 op, 45663188.00 ns, 1.9026 ms/op
WorkloadResult   6: 24 op, 47022449.00 ns, 1.9593 ms/op
// GC:  2 2 2 100671048 24
// Threading:  0 0 24

// AfterAll
// Benchmark Process 9254 has exited with code 0.

Mean = 1.871 ms, StdErr = 0.037 ms (1.95%), N = 6, StdDev = 0.090 ms
Min = 1.757 ms, Q1 = 1.799 ms, Median = 1.882 ms, Q3 = 1.945 ms, Max = 1.969 ms
IQR = 0.147 ms, LowerFence = 1.579 ms, UpperFence = 2.165 ms
ConfidenceInterval = [1.620 ms; 2.122 ms] (CI 99.9%), Margin = 0.251 ms (13.42% of Mean)
Skewness = -0.15, Kurtosis = 1.03, MValue = 2

// ** Remained 19 (36.5 %) benchmark(s) to run. Estimated finish 2026-10-04 14:59 (0h 0m from now) **
// **************************
// Benchmark: CodecSuite.Run: campaign(EvaluateOverhead=False, Clock=Armonik.Ffi.Bdn.CpuClock, IterationCount=6, IterationTime=40ms, LaunchCount=1, RunStrategy=Throughput, WarmupCount=25) [Case=core-(...)|drop [36]]
// *** Execute ***
// Launch: 1 / 1
// Execute: dotnet BenchDotNet-campaign-1.dll --anonymousPipes 117 118 --benchmarkName "Armonik.Ffi.Bdn.CodecSuite.Run(Case: \"core-ffi|decode-read|P2.3|ascii|drop\")" --job campaign --benchmarkId 33 in /home/user/ArmoniK.Api/ffi/poc/csharp/src/BenchDotNet/bin/Release/net8.0/BenchDotNet-campaign-1/bin/Release/net8.0
// BeforeAnythingElse

// Benchmark Process Environment Information:
// BenchmarkDotNet v0.15.8
// Runtime=.NET 8.0.31 (8.0.31, 8.0.3126.42015), X64 RyuJIT x86-64-v4
// GC=Concurrent Workstation
// HardwareIntrinsics=AVX512 F+BW+CD+DQ+VL,AVX2+BMI1+BMI2+F16C+FMA+LZCNT+MOVBE,AVX,SSE3+SSSE3+SSE4.1+SSE4.2+POPCNT,X86Base+SSE+SSE2,AES+PCLMUL VectorSize=256
// Job: campaign(EvaluateOverhead=False, Clock=Armonik.Ffi.Bdn.CpuClock, IterationCount=6, IterationTime=40ms, LaunchCount=1, RunStrategy=Throughput, WarmupCount=25)

OverheadJitting  1: 1 op, 376697.00 ns, 376.6970 us/op
WorkloadJitting  1: 1 op, 13039050.00 ns, 13.0391 ms/op

WorkloadPilot    1: 4 op, 13082717.00 ns, 3.2707 ms/op
WorkloadPilot    2: 12 op, 33964645.00 ns, 2.8304 ms/op
WorkloadPilot    3: 14 op, 36255276.00 ns, 2.5897 ms/op

WorkloadWarmup   1: 14 op, 32894222.00 ns, 2.3496 ms/op
WorkloadWarmup   2: 14 op, 28305320.00 ns, 2.0218 ms/op
WorkloadWarmup   3: 14 op, 26289075.00 ns, 1.8778 ms/op
WorkloadWarmup   4: 14 op, 55614804.00 ns, 3.9725 ms/op
WorkloadWarmup   5: 14 op, 56880030.00 ns, 4.0629 ms/op
WorkloadWarmup   6: 14 op, 72875313.00 ns, 5.2054 ms/op
WorkloadWarmup   7: 14 op, 44795091.00 ns, 3.1996 ms/op
WorkloadWarmup   8: 14 op, 24314115.00 ns, 1.7367 ms/op
WorkloadWarmup   9: 14 op, 22158009.00 ns, 1.5827 ms/op
WorkloadWarmup  10: 14 op, 19924034.00 ns, 1.4231 ms/op
WorkloadWarmup  11: 14 op, 19834471.00 ns, 1.4167 ms/op
WorkloadWarmup  12: 14 op, 20743210.00 ns, 1.4817 ms/op
WorkloadWarmup  13: 14 op, 20365871.00 ns, 1.4547 ms/op
WorkloadWarmup  14: 14 op, 26476750.00 ns, 1.8912 ms/op
WorkloadWarmup  15: 14 op, 20226563.00 ns, 1.4448 ms/op
WorkloadWarmup  16: 14 op, 22228069.00 ns, 1.5877 ms/op
WorkloadWarmup  17: 14 op, 21244890.00 ns, 1.5175 ms/op
WorkloadWarmup  18: 14 op, 22484667.00 ns, 1.6060 ms/op
WorkloadWarmup  19: 14 op, 26153564.00 ns, 1.8681 ms/op
WorkloadWarmup  20: 14 op, 22680116.00 ns, 1.6200 ms/op
WorkloadWarmup  21: 14 op, 23459592.00 ns, 1.6757 ms/op
WorkloadWarmup  22: 14 op, 21469116.00 ns, 1.5335 ms/op
WorkloadWarmup  23: 14 op, 20007913.00 ns, 1.4291 ms/op
WorkloadWarmup  24: 14 op, 21472812.00 ns, 1.5338 ms/op
WorkloadWarmup  25: 14 op, 22302611.00 ns, 1.5930 ms/op

// BeforeActualRun
WorkloadActual   1: 14 op, 23546750.00 ns, 1.6819 ms/op
WorkloadActual   2: 14 op, 22533378.00 ns, 1.6095 ms/op
WorkloadActual   3: 14 op, 20709517.00 ns, 1.4793 ms/op
WorkloadActual   4: 14 op, 21785043.00 ns, 1.5561 ms/op
WorkloadActual   5: 14 op, 20364843.00 ns, 1.4546 ms/op
WorkloadActual   6: 14 op, 20028423.00 ns, 1.4306 ms/op

// AfterActualRun
WorkloadResult   1: 14 op, 23546750.00 ns, 1.6819 ms/op
WorkloadResult   2: 14 op, 22533378.00 ns, 1.6095 ms/op
WorkloadResult   3: 14 op, 20709517.00 ns, 1.4793 ms/op
WorkloadResult   4: 14 op, 21785043.00 ns, 1.5561 ms/op
WorkloadResult   5: 14 op, 20364843.00 ns, 1.4546 ms/op
WorkloadResult   6: 14 op, 20028423.00 ns, 1.4306 ms/op
// GC:  1 0 0 29416240 14
// Threading:  0 0 14

// AfterAll
// Benchmark Process 9264 has exited with code 0.

Mean = 1.535 ms, StdErr = 0.040 ms (2.61%), N = 6, StdDev = 0.098 ms
Min = 1.431 ms, Q1 = 1.461 ms, Median = 1.518 ms, Q3 = 1.596 ms, Max = 1.682 ms
IQR = 0.135 ms, LowerFence = 1.258 ms, UpperFence = 1.799 ms
ConfidenceInterval = [1.260 ms; 1.810 ms] (CI 99.9%), Margin = 0.275 ms (17.90% of Mean)
Skewness = 0.3, Kurtosis = 1.2, MValue = 2

// ** Remained 18 (34.6 %) benchmark(s) to run. Estimated finish 2026-10-04 14:59 (0h 0m from now) **
// **************************
// Benchmark: CodecSuite.Run: campaign(EvaluateOverhead=False, Clock=Armonik.Ffi.Bdn.CpuClock, IterationCount=6, IterationTime=40ms, LaunchCount=1, RunStrategy=Throughput, WarmupCount=25) [Case=core-(...)etain [38]]
// *** Execute ***
// Launch: 1 / 1
// Execute: dotnet BenchDotNet-campaign-1.dll --anonymousPipes 117 118 --benchmarkName "Armonik.Ffi.Bdn.CodecSuite.Run(Case: \"core-ffi|decode-read|P3.1|ascii|retain\")" --job campaign --benchmarkId 34 in /home/user/ArmoniK.Api/ffi/poc/csharp/src/BenchDotNet/bin/Release/net8.0/BenchDotNet-campaign-1/bin/Release/net8.0
// BeforeAnythingElse

// Benchmark Process Environment Information:
// BenchmarkDotNet v0.15.8
// Runtime=.NET 8.0.31 (8.0.31, 8.0.3126.42015), X64 RyuJIT x86-64-v4
// GC=Concurrent Workstation
// HardwareIntrinsics=AVX512 F+BW+CD+DQ+VL,AVX2+BMI1+BMI2+F16C+FMA+LZCNT+MOVBE,AVX,SSE3+SSSE3+SSE4.1+SSE4.2+POPCNT,X86Base+SSE+SSE2,AES+PCLMUL VectorSize=256
// Job: campaign(EvaluateOverhead=False, Clock=Armonik.Ffi.Bdn.CpuClock, IterationCount=6, IterationTime=40ms, LaunchCount=1, RunStrategy=Throughput, WarmupCount=25)

OverheadJitting  1: 1 op, 267490.00 ns, 267.4900 us/op
WorkloadJitting  1: 1 op, 4402291.00 ns, 4.4023 ms/op

WorkloadPilot    1: 4 op, 458724.00 ns, 114.6810 us/op
WorkloadPilot    2: 349 op, 25754526.00 ns, 73.7952 us/op
WorkloadPilot    3: 542 op, 27289531.00 ns, 50.3497 us/op
WorkloadPilot    4: 794 op, 36110406.00 ns, 45.4791 us/op
WorkloadPilot    5: 880 op, 40198756.00 ns, 45.6804 us/op
WorkloadPilot    6: 876 op, 41929483.00 ns, 47.8647 us/op
WorkloadPilot    7: 836 op, 76067435.00 ns, 90.9898 us/op

WorkloadWarmup   1: 836 op, 71805949.00 ns, 85.8923 us/op
WorkloadWarmup   2: 836 op, 86835422.00 ns, 103.8701 us/op
WorkloadWarmup   3: 836 op, 33931146.00 ns, 40.5875 us/op
WorkloadWarmup   4: 836 op, 26921920.00 ns, 32.2033 us/op
WorkloadWarmup   5: 836 op, 25517427.00 ns, 30.5232 us/op
WorkloadWarmup   6: 836 op, 26038377.00 ns, 31.1464 us/op
WorkloadWarmup   7: 836 op, 25498240.00 ns, 30.5003 us/op
WorkloadWarmup   8: 836 op, 29384443.00 ns, 35.1489 us/op
WorkloadWarmup   9: 836 op, 25861501.00 ns, 30.9348 us/op
WorkloadWarmup  10: 836 op, 26987203.00 ns, 32.2813 us/op
WorkloadWarmup  11: 836 op, 25540169.00 ns, 30.5504 us/op
WorkloadWarmup  12: 836 op, 25796622.00 ns, 30.8572 us/op
WorkloadWarmup  13: 836 op, 25782998.00 ns, 30.8409 us/op
WorkloadWarmup  14: 836 op, 26370189.00 ns, 31.5433 us/op
WorkloadWarmup  15: 836 op, 43715649.00 ns, 52.2914 us/op
WorkloadWarmup  16: 836 op, 31613240.00 ns, 37.8149 us/op
WorkloadWarmup  17: 836 op, 26168566.00 ns, 31.3021 us/op
WorkloadWarmup  18: 836 op, 25250441.00 ns, 30.2039 us/op
WorkloadWarmup  19: 836 op, 29307360.00 ns, 35.0567 us/op
WorkloadWarmup  20: 836 op, 25512159.00 ns, 30.5169 us/op
WorkloadWarmup  21: 836 op, 25582810.00 ns, 30.6014 us/op
WorkloadWarmup  22: 836 op, 25309449.00 ns, 30.2745 us/op
WorkloadWarmup  23: 836 op, 32206203.00 ns, 38.5242 us/op
WorkloadWarmup  24: 836 op, 25674222.00 ns, 30.7108 us/op
WorkloadWarmup  25: 836 op, 25605055.00 ns, 30.6281 us/op

// BeforeActualRun
WorkloadActual   1: 836 op, 25742299.00 ns, 30.7922 us/op
WorkloadActual   2: 836 op, 26044269.00 ns, 31.1534 us/op
WorkloadActual   3: 836 op, 26755664.00 ns, 32.0044 us/op
WorkloadActual   4: 836 op, 25229295.00 ns, 30.1786 us/op
WorkloadActual   5: 836 op, 25613055.00 ns, 30.6376 us/op
WorkloadActual   6: 836 op, 31400652.00 ns, 37.5606 us/op

// AfterActualRun
WorkloadResult   1: 836 op, 25742299.00 ns, 30.7922 us/op
WorkloadResult   2: 836 op, 26044269.00 ns, 31.1534 us/op
WorkloadResult   3: 836 op, 26755664.00 ns, 32.0044 us/op
WorkloadResult   4: 836 op, 25229295.00 ns, 30.1786 us/op
WorkloadResult   5: 836 op, 25613055.00 ns, 30.6376 us/op
// GC:  2 0 0 45043680 836
// Threading:  0 0 836

// AfterAll
// Benchmark Process 9276 has exited with code 0.

Mean = 30.953 us, StdErr = 0.306 us (0.99%), N = 5, StdDev = 0.684 us
Min = 30.179 us, Q1 = 30.638 us, Median = 30.792 us, Q3 = 31.153 us, Max = 32.004 us
IQR = 0.516 us, LowerFence = 29.864 us, UpperFence = 31.927 us
ConfidenceInterval = [28.320 us; 33.587 us] (CI 99.9%), Margin = 2.633 us (8.51% of Mean)
Skewness = 0.42, Kurtosis = 1.46, MValue = 2

// ** Remained 17 (32.7 %) benchmark(s) to run. Estimated finish 2026-10-04 14:59 (0h 0m from now) **
// **************************
// Benchmark: CodecSuite.Run: campaign(EvaluateOverhead=False, Clock=Armonik.Ffi.Bdn.CpuClock, IterationCount=6, IterationTime=40ms, LaunchCount=1, RunStrategy=Throughput, WarmupCount=25) [Case=core-(...)|drop [37]]
// *** Execute ***
// Launch: 1 / 1
// Execute: dotnet BenchDotNet-campaign-1.dll --anonymousPipes 117 118 --benchmarkName "Armonik.Ffi.Bdn.CodecSuite.Run(Case: \"core-ffi|decode-read|P2.2|latin1|drop\")" --job campaign --benchmarkId 35 in /home/user/ArmoniK.Api/ffi/poc/csharp/src/BenchDotNet/bin/Release/net8.0/BenchDotNet-campaign-1/bin/Release/net8.0
// BeforeAnythingElse

// Benchmark Process Environment Information:
// BenchmarkDotNet v0.15.8
// Runtime=.NET 8.0.31 (8.0.31, 8.0.3126.42015), X64 RyuJIT x86-64-v4
// GC=Concurrent Workstation
// HardwareIntrinsics=AVX512 F+BW+CD+DQ+VL,AVX2+BMI1+BMI2+F16C+FMA+LZCNT+MOVBE,AVX,SSE3+SSSE3+SSE4.1+SSE4.2+POPCNT,X86Base+SSE+SSE2,AES+PCLMUL VectorSize=256
// Job: campaign(EvaluateOverhead=False, Clock=Armonik.Ffi.Bdn.CpuClock, IterationCount=6, IterationTime=40ms, LaunchCount=1, RunStrategy=Throughput, WarmupCount=25)

OverheadJitting  1: 1 op, 302372.00 ns, 302.3720 us/op
WorkloadJitting  1: 1 op, 13314767.00 ns, 13.3148 ms/op

WorkloadPilot    1: 4 op, 14995079.00 ns, 3.7488 ms/op
WorkloadPilot    2: 11 op, 43198710.00 ns, 3.9272 ms/op

WorkloadWarmup   1: 11 op, 36167240.00 ns, 3.2879 ms/op
WorkloadWarmup   2: 11 op, 38179050.00 ns, 3.4708 ms/op
WorkloadWarmup   3: 11 op, 56530249.00 ns, 5.1391 ms/op
WorkloadWarmup   4: 11 op, 76404519.00 ns, 6.9459 ms/op
WorkloadWarmup   5: 11 op, 68474894.00 ns, 6.2250 ms/op
WorkloadWarmup   6: 11 op, 83431027.00 ns, 7.5846 ms/op
WorkloadWarmup   7: 11 op, 40459945.00 ns, 3.6782 ms/op
WorkloadWarmup   8: 11 op, 28911481.00 ns, 2.6283 ms/op
WorkloadWarmup   9: 11 op, 32657689.00 ns, 2.9689 ms/op
WorkloadWarmup  10: 11 op, 29422590.00 ns, 2.6748 ms/op
WorkloadWarmup  11: 11 op, 29434890.00 ns, 2.6759 ms/op
WorkloadWarmup  12: 11 op, 32413976.00 ns, 2.9467 ms/op
WorkloadWarmup  13: 11 op, 29030043.00 ns, 2.6391 ms/op
WorkloadWarmup  14: 11 op, 29594749.00 ns, 2.6904 ms/op
WorkloadWarmup  15: 11 op, 37576263.00 ns, 3.4160 ms/op
WorkloadWarmup  16: 11 op, 28044940.00 ns, 2.5495 ms/op
WorkloadWarmup  17: 11 op, 47183397.00 ns, 4.2894 ms/op
WorkloadWarmup  18: 11 op, 41982736.00 ns, 3.8166 ms/op
WorkloadWarmup  19: 11 op, 31000458.00 ns, 2.8182 ms/op
WorkloadWarmup  20: 11 op, 28148873.00 ns, 2.5590 ms/op
WorkloadWarmup  21: 11 op, 26976959.00 ns, 2.4525 ms/op
WorkloadWarmup  22: 11 op, 29389345.00 ns, 2.6718 ms/op
WorkloadWarmup  23: 11 op, 27117167.00 ns, 2.4652 ms/op
WorkloadWarmup  24: 11 op, 26761110.00 ns, 2.4328 ms/op
WorkloadWarmup  25: 11 op, 28188677.00 ns, 2.5626 ms/op

// BeforeActualRun
WorkloadActual   1: 11 op, 39414372.00 ns, 3.5831 ms/op
WorkloadActual   2: 11 op, 31549927.00 ns, 2.8682 ms/op
WorkloadActual   3: 11 op, 29985525.00 ns, 2.7260 ms/op
WorkloadActual   4: 11 op, 28816666.00 ns, 2.6197 ms/op
WorkloadActual   5: 11 op, 28245708.00 ns, 2.5678 ms/op
WorkloadActual   6: 11 op, 28720959.00 ns, 2.6110 ms/op

// AfterActualRun
WorkloadResult   1: 11 op, 31549927.00 ns, 2.8682 ms/op
WorkloadResult   2: 11 op, 29985525.00 ns, 2.7260 ms/op
WorkloadResult   3: 11 op, 28816666.00 ns, 2.6197 ms/op
WorkloadResult   4: 11 op, 28245708.00 ns, 2.5678 ms/op
WorkloadResult   5: 11 op, 28720959.00 ns, 2.6110 ms/op
// GC:  1 0 0 23986424 11
// Threading:  0 0 11

// AfterAll
// Benchmark Process 9285 has exited with code 0.

Mean = 2.679 ms, StdErr = 0.054 ms (2.02%), N = 5, StdDev = 0.121 ms
Min = 2.568 ms, Q1 = 2.611 ms, Median = 2.620 ms, Q3 = 2.726 ms, Max = 2.868 ms
IQR = 0.115 ms, LowerFence = 2.439 ms, UpperFence = 2.898 ms
ConfidenceInterval = [2.213 ms; 3.144 ms] (CI 99.9%), Margin = 0.466 ms (17.39% of Mean)
Skewness = 0.57, Kurtosis = 1.39, MValue = 2

// ** Remained 16 (30.8 %) benchmark(s) to run. Estimated finish 2026-10-04 14:59 (0h 0m from now) **
// **************************
// Benchmark: CodecSuite.Run: campaign(EvaluateOverhead=False, Clock=Armonik.Ffi.Bdn.CpuClock, IterationCount=6, IterationTime=40ms, LaunchCount=1, RunStrategy=Throughput, WarmupCount=25) [Case=core-(...)|drop [36]]
// *** Execute ***
// Launch: 1 / 1
// Execute: dotnet BenchDotNet-campaign-1.dll --anonymousPipes 117 118 --benchmarkName "Armonik.Ffi.Bdn.CodecSuite.Run(Case: \"core-ffi|decode-read|P2.1|ascii|drop\")" --job campaign --benchmarkId 36 in /home/user/ArmoniK.Api/ffi/poc/csharp/src/BenchDotNet/bin/Release/net8.0/BenchDotNet-campaign-1/bin/Release/net8.0
// BeforeAnythingElse

// Benchmark Process Environment Information:
// BenchmarkDotNet v0.15.8
// Runtime=.NET 8.0.31 (8.0.31, 8.0.3126.42015), X64 RyuJIT x86-64-v4
// GC=Concurrent Workstation
// HardwareIntrinsics=AVX512 F+BW+CD+DQ+VL,AVX2+BMI1+BMI2+F16C+FMA+LZCNT+MOVBE,AVX,SSE3+SSSE3+SSE4.1+SSE4.2+POPCNT,X86Base+SSE+SSE2,AES+PCLMUL VectorSize=256
// Job: campaign(EvaluateOverhead=False, Clock=Armonik.Ffi.Bdn.CpuClock, IterationCount=6, IterationTime=40ms, LaunchCount=1, RunStrategy=Throughput, WarmupCount=25)

OverheadJitting  1: 1 op, 268502.00 ns, 268.5020 us/op
WorkloadJitting  1: 1 op, 10562220.00 ns, 10.5622 ms/op

WorkloadPilot    1: 4 op, 122727.00 ns, 30.6818 us/op
WorkloadPilot    2: 1304 op, 9840677.00 ns, 7.5465 us/op
WorkloadPilot    3: 5300 op, 34075874.00 ns, 6.4294 us/op
WorkloadPilot    4: 6221 op, 34905627.00 ns, 5.6109 us/op
WorkloadPilot    5: 7129 op, 35019004.00 ns, 4.9122 us/op
WorkloadPilot    6: 8143 op, 43060249.00 ns, 5.2880 us/op
WorkloadPilot    7: 7564 op, 52869750.00 ns, 6.9897 us/op
WorkloadPilot    8: 5723 op, 45986209.00 ns, 8.0353 us/op

WorkloadWarmup   1: 5723 op, 45179745.00 ns, 7.8944 us/op
WorkloadWarmup   2: 5723 op, 44997540.00 ns, 7.8626 us/op
WorkloadWarmup   3: 5723 op, 49930104.00 ns, 8.7245 us/op
WorkloadWarmup   4: 5723 op, 51615430.00 ns, 9.0189 us/op
WorkloadWarmup   5: 5723 op, 23952268.00 ns, 4.1853 us/op
WorkloadWarmup   6: 5723 op, 18745802.00 ns, 3.2755 us/op
WorkloadWarmup   7: 5723 op, 21990703.00 ns, 3.8425 us/op
WorkloadWarmup   8: 5723 op, 18126415.00 ns, 3.1673 us/op
WorkloadWarmup   9: 5723 op, 20033288.00 ns, 3.5005 us/op
WorkloadWarmup  10: 5723 op, 21159589.00 ns, 3.6973 us/op
WorkloadWarmup  11: 5723 op, 19352596.00 ns, 3.3815 us/op
WorkloadWarmup  12: 5723 op, 18092074.00 ns, 3.1613 us/op
WorkloadWarmup  13: 5723 op, 17934202.00 ns, 3.1337 us/op
WorkloadWarmup  14: 5723 op, 27166295.00 ns, 4.7469 us/op
WorkloadWarmup  15: 5723 op, 18605479.00 ns, 3.2510 us/op
WorkloadWarmup  16: 5723 op, 18609654.00 ns, 3.2517 us/op
WorkloadWarmup  17: 5723 op, 18110923.00 ns, 3.1646 us/op
WorkloadWarmup  18: 5723 op, 17936901.00 ns, 3.1342 us/op
WorkloadWarmup  19: 5723 op, 18307665.00 ns, 3.1990 us/op
WorkloadWarmup  20: 5723 op, 18398706.00 ns, 3.2149 us/op
WorkloadWarmup  21: 5723 op, 18245718.00 ns, 3.1881 us/op
WorkloadWarmup  22: 5723 op, 18454461.00 ns, 3.2246 us/op
WorkloadWarmup  23: 5723 op, 18020613.00 ns, 3.1488 us/op
WorkloadWarmup  24: 5723 op, 30523591.00 ns, 5.3335 us/op
WorkloadWarmup  25: 5723 op, 19152928.00 ns, 3.3467 us/op

// BeforeActualRun
WorkloadActual   1: 5723 op, 18679483.00 ns, 3.2639 us/op
WorkloadActual   2: 5723 op, 18211958.00 ns, 3.1822 us/op
WorkloadActual   3: 5723 op, 17888654.00 ns, 3.1257 us/op
WorkloadActual   4: 5723 op, 22014329.00 ns, 3.8466 us/op
WorkloadActual   5: 5723 op, 18926099.00 ns, 3.3070 us/op
WorkloadActual   6: 5723 op, 20304506.00 ns, 3.5479 us/op

// AfterActualRun
WorkloadResult   1: 5723 op, 18679483.00 ns, 3.2639 us/op
WorkloadResult   2: 5723 op, 18211958.00 ns, 3.1822 us/op
WorkloadResult   3: 5723 op, 17888654.00 ns, 3.1257 us/op
WorkloadResult   4: 5723 op, 22014329.00 ns, 3.8466 us/op
WorkloadResult   5: 5723 op, 18926099.00 ns, 3.3070 us/op
WorkloadResult   6: 5723 op, 20304506.00 ns, 3.5479 us/op
// GC:  1 0 0 26005312 5723
// Threading:  0 0 5723

// AfterAll
// Benchmark Process 9294 has exited with code 0.

Mean = 3.379 us, StdErr = 0.111 us (3.28%), N = 6, StdDev = 0.271 us
Min = 3.126 us, Q1 = 3.203 us, Median = 3.285 us, Q3 = 3.488 us, Max = 3.847 us
IQR = 0.285 us, LowerFence = 2.775 us, UpperFence = 3.915 us
ConfidenceInterval = [2.618 us; 4.140 us] (CI 99.9%), Margin = 0.761 us (22.53% of Mean)
Skewness = 0.68, Kurtosis = 1.67, MValue = 2

// ** Remained 15 (28.8 %) benchmark(s) to run. Estimated finish 2026-10-04 14:59 (0h 0m from now) **
// **************************
// Benchmark: CodecSuite.Run: campaign(EvaluateOverhead=False, Clock=Armonik.Ffi.Bdn.CpuClock, IterationCount=6, IterationTime=40ms, LaunchCount=1, RunStrategy=Throughput, WarmupCount=25) [Case=core-(...)etain [38]]
// *** Execute ***
// Launch: 1 / 1
// Execute: dotnet BenchDotNet-campaign-1.dll --anonymousPipes 117 118 --benchmarkName "Armonik.Ffi.Bdn.CodecSuite.Run(Case: \"core-ffi|decode-read|P2.5|ascii|retain\")" --job campaign --benchmarkId 37 in /home/user/ArmoniK.Api/ffi/poc/csharp/src/BenchDotNet/bin/Release/net8.0/BenchDotNet-campaign-1/bin/Release/net8.0
// BeforeAnythingElse

// Benchmark Process Environment Information:
// BenchmarkDotNet v0.15.8
// Runtime=.NET 8.0.31 (8.0.31, 8.0.3126.42015), X64 RyuJIT x86-64-v4
// GC=Concurrent Workstation
// HardwareIntrinsics=AVX512 F+BW+CD+DQ+VL,AVX2+BMI1+BMI2+F16C+FMA+LZCNT+MOVBE,AVX,SSE3+SSSE3+SSE4.1+SSE4.2+POPCNT,X86Base+SSE+SSE2,AES+PCLMUL VectorSize=256
// Job: campaign(EvaluateOverhead=False, Clock=Armonik.Ffi.Bdn.CpuClock, IterationCount=6, IterationTime=40ms, LaunchCount=1, RunStrategy=Throughput, WarmupCount=25)

OverheadJitting  1: 1 op, 239609.00 ns, 239.6090 us/op
WorkloadJitting  1: 1 op, 10316381.00 ns, 10.3164 ms/op

WorkloadPilot    1: 4 op, 587599.00 ns, 146.8998 us/op
WorkloadPilot    2: 272 op, 33582827.00 ns, 123.4663 us/op
WorkloadPilot    3: 324 op, 38502556.00 ns, 118.8350 us/op
WorkloadPilot    4: 337 op, 27560295.00 ns, 81.7813 us/op
WorkloadPilot    5: 489 op, 39710614.00 ns, 81.2078 us/op
WorkloadPilot    6: 493 op, 42472996.00 ns, 86.1521 us/op
WorkloadPilot    7: 464 op, 71688815.00 ns, 154.5018 us/op
WorkloadPilot    8: 259 op, 37360898.00 ns, 144.2506 us/op
WorkloadPilot    9: 277 op, 43143683.00 ns, 155.7534 us/op

WorkloadWarmup   1: 277 op, 41120690.00 ns, 148.4501 us/op
WorkloadWarmup   2: 277 op, 39073071.00 ns, 141.0580 us/op
WorkloadWarmup   3: 277 op, 38801225.00 ns, 140.0766 us/op
WorkloadWarmup   4: 277 op, 45554156.00 ns, 164.4554 us/op
WorkloadWarmup   5: 277 op, 36649077.00 ns, 132.3071 us/op
WorkloadWarmup   6: 277 op, 22786327.00 ns, 82.2611 us/op
WorkloadWarmup   7: 277 op, 15762092.00 ns, 56.9029 us/op
WorkloadWarmup   8: 277 op, 15770431.00 ns, 56.9330 us/op
WorkloadWarmup   9: 277 op, 15865110.00 ns, 57.2748 us/op
WorkloadWarmup  10: 277 op, 32190731.00 ns, 116.2120 us/op
WorkloadWarmup  11: 277 op, 16307120.00 ns, 58.8705 us/op
WorkloadWarmup  12: 277 op, 17336602.00 ns, 62.5870 us/op
WorkloadWarmup  13: 277 op, 16580094.00 ns, 59.8559 us/op
WorkloadWarmup  14: 277 op, 19613936.00 ns, 70.8084 us/op
WorkloadWarmup  15: 277 op, 19883758.00 ns, 71.7825 us/op
WorkloadWarmup  16: 277 op, 17307555.00 ns, 62.4821 us/op
WorkloadWarmup  17: 277 op, 16599686.00 ns, 59.9267 us/op
WorkloadWarmup  18: 277 op, 16586070.00 ns, 59.8775 us/op
WorkloadWarmup  19: 277 op, 16349526.00 ns, 59.0236 us/op
WorkloadWarmup  20: 277 op, 19512853.00 ns, 70.4435 us/op
WorkloadWarmup  21: 277 op, 18724681.00 ns, 67.5981 us/op
WorkloadWarmup  22: 277 op, 15982035.00 ns, 57.6969 us/op
WorkloadWarmup  23: 277 op, 16338357.00 ns, 58.9832 us/op
WorkloadWarmup  24: 277 op, 16086635.00 ns, 58.0745 us/op
WorkloadWarmup  25: 277 op, 15807862.00 ns, 57.0681 us/op

// BeforeActualRun
WorkloadActual   1: 277 op, 15850310.00 ns, 57.2213 us/op
WorkloadActual   2: 277 op, 17365581.00 ns, 62.6916 us/op
WorkloadActual   3: 277 op, 16831401.00 ns, 60.7632 us/op
WorkloadActual   4: 277 op, 16158906.00 ns, 58.3354 us/op
WorkloadActual   5: 277 op, 16352697.00 ns, 59.0350 us/op
WorkloadActual   6: 277 op, 15527652.00 ns, 56.0565 us/op

// AfterActualRun
WorkloadResult   1: 277 op, 15850310.00 ns, 57.2213 us/op
WorkloadResult   2: 277 op, 17365581.00 ns, 62.6916 us/op
WorkloadResult   3: 277 op, 16831401.00 ns, 60.7632 us/op
WorkloadResult   4: 277 op, 16158906.00 ns, 58.3354 us/op
WorkloadResult   5: 277 op, 16352697.00 ns, 59.0350 us/op
WorkloadResult   6: 277 op, 15527652.00 ns, 56.0565 us/op
// GC:  1 0 0 22567744 277
// Threading:  0 0 277

// AfterAll
// Benchmark Process 9303 has exited with code 0.

Mean = 59.017 us, StdErr = 0.983 us (1.67%), N = 6, StdDev = 2.409 us
Min = 56.057 us, Q1 = 57.500 us, Median = 58.685 us, Q3 = 60.331 us, Max = 62.692 us
IQR = 2.831 us, LowerFence = 53.253 us, UpperFence = 64.578 us
ConfidenceInterval = [52.263 us; 65.771 us] (CI 99.9%), Margin = 6.754 us (11.44% of Mean)
Skewness = 0.27, Kurtosis = 1.38, MValue = 2

// ** Remained 14 (26.9 %) benchmark(s) to run. Estimated finish 2026-10-04 14:59 (0h 0m from now) **
// **************************
// Benchmark: CodecSuite.Run: campaign(EvaluateOverhead=False, Clock=Armonik.Ffi.Bdn.CpuClock, IterationCount=6, IterationTime=40ms, LaunchCount=1, RunStrategy=Throughput, WarmupCount=25) [Case=core-(...)|drop [36]]
// *** Execute ***
// Launch: 1 / 1
// Execute: dotnet BenchDotNet-campaign-1.dll --anonymousPipes 117 118 --benchmarkName "Armonik.Ffi.Bdn.CodecSuite.Run(Case: \"core-ffi|decode-read|P3.1|ascii|drop\")" --job campaign --benchmarkId 38 in /home/user/ArmoniK.Api/ffi/poc/csharp/src/BenchDotNet/bin/Release/net8.0/BenchDotNet-campaign-1/bin/Release/net8.0
// BeforeAnythingElse

// Benchmark Process Environment Information:
// BenchmarkDotNet v0.15.8
// Runtime=.NET 8.0.31 (8.0.31, 8.0.3126.42015), X64 RyuJIT x86-64-v4
// GC=Concurrent Workstation
// HardwareIntrinsics=AVX512 F+BW+CD+DQ+VL,AVX2+BMI1+BMI2+F16C+FMA+LZCNT+MOVBE,AVX,SSE3+SSSE3+SSE4.1+SSE4.2+POPCNT,X86Base+SSE+SSE2,AES+PCLMUL VectorSize=256
// Job: campaign(EvaluateOverhead=False, Clock=Armonik.Ffi.Bdn.CpuClock, IterationCount=6, IterationTime=40ms, LaunchCount=1, RunStrategy=Throughput, WarmupCount=25)

OverheadJitting  1: 1 op, 588240.00 ns, 588.2400 us/op
WorkloadJitting  1: 1 op, 4214764.00 ns, 4.2148 ms/op

WorkloadPilot    1: 4 op, 384088.00 ns, 96.0220 us/op
WorkloadPilot    2: 417 op, 31299853.00 ns, 75.0596 us/op
WorkloadPilot    3: 533 op, 25648811.00 ns, 48.1216 us/op
WorkloadPilot    4: 831 op, 37433279.00 ns, 45.0461 us/op
WorkloadPilot    5: 888 op, 68915427.00 ns, 77.6075 us/op
WorkloadPilot    6: 515 op, 46053586.00 ns, 89.4244 us/op
WorkloadPilot    7: 447 op, 36572009.00 ns, 81.8166 us/op
WorkloadPilot    8: 489 op, 40407305.00 ns, 82.6325 us/op

WorkloadWarmup   1: 489 op, 40432920.00 ns, 82.6849 us/op
WorkloadWarmup   2: 489 op, 39942866.00 ns, 81.6828 us/op
WorkloadWarmup   3: 489 op, 43444595.00 ns, 88.8438 us/op
WorkloadWarmup   4: 489 op, 24665107.00 ns, 50.4399 us/op
WorkloadWarmup   5: 489 op, 14711120.00 ns, 30.0841 us/op
WorkloadWarmup   6: 489 op, 14527829.00 ns, 29.7093 us/op
WorkloadWarmup   7: 489 op, 15098999.00 ns, 30.8773 us/op
WorkloadWarmup   8: 489 op, 15458737.00 ns, 31.6130 us/op
WorkloadWarmup   9: 489 op, 14873988.00 ns, 30.4172 us/op
WorkloadWarmup  10: 489 op, 14634144.00 ns, 29.9267 us/op
WorkloadWarmup  11: 489 op, 15003777.00 ns, 30.6826 us/op
WorkloadWarmup  12: 489 op, 14890970.00 ns, 30.4519 us/op
WorkloadWarmup  13: 489 op, 14968248.00 ns, 30.6099 us/op
WorkloadWarmup  14: 489 op, 15186558.00 ns, 31.0564 us/op
WorkloadWarmup  15: 489 op, 14973320.00 ns, 30.6203 us/op
WorkloadWarmup  16: 489 op, 14997418.00 ns, 30.6696 us/op
WorkloadWarmup  17: 489 op, 14934355.00 ns, 30.5406 us/op
WorkloadWarmup  18: 489 op, 14930640.00 ns, 30.5330 us/op
WorkloadWarmup  19: 489 op, 15046554.00 ns, 30.7700 us/op
WorkloadWarmup  20: 489 op, 14830342.00 ns, 30.3279 us/op
WorkloadWarmup  21: 489 op, 14713895.00 ns, 30.0898 us/op
WorkloadWarmup  22: 489 op, 14924806.00 ns, 30.5211 us/op
WorkloadWarmup  23: 489 op, 14788883.00 ns, 30.2431 us/op
WorkloadWarmup  24: 489 op, 15009256.00 ns, 30.6938 us/op
WorkloadWarmup  25: 489 op, 14700862.00 ns, 30.0631 us/op

// BeforeActualRun
WorkloadActual   1: 489 op, 17918705.00 ns, 36.6436 us/op
WorkloadActual   2: 489 op, 14497314.00 ns, 29.6469 us/op
WorkloadActual   3: 489 op, 14848330.00 ns, 30.3647 us/op
WorkloadActual   4: 489 op, 14520994.00 ns, 29.6953 us/op
WorkloadActual   5: 489 op, 14621217.00 ns, 29.9002 us/op
WorkloadActual   6: 489 op, 14620348.00 ns, 29.8985 us/op

// AfterActualRun
WorkloadResult   1: 489 op, 14497314.00 ns, 29.6469 us/op
WorkloadResult   2: 489 op, 14848330.00 ns, 30.3647 us/op
WorkloadResult   3: 489 op, 14520994.00 ns, 29.6953 us/op
WorkloadResult   4: 489 op, 14621217.00 ns, 29.9002 us/op
WorkloadResult   5: 489 op, 14620348.00 ns, 29.8985 us/op
// GC:  1 0 0 26347320 489
// Threading:  0 0 489

// AfterAll
// Benchmark Process 9312 has exited with code 0.

Mean = 29.901 us, StdErr = 0.127 us (0.42%), N = 5, StdDev = 0.284 us
Min = 29.647 us, Q1 = 29.695 us, Median = 29.898 us, Q3 = 29.900 us, Max = 30.365 us
IQR = 0.205 us, LowerFence = 29.388 us, UpperFence = 30.208 us
ConfidenceInterval = [28.809 us; 30.993 us] (CI 99.9%), Margin = 1.092 us (3.65% of Mean)
Skewness = 0.65, Kurtosis = 1.61, MValue = 2

// ** Remained 13 (25.0 %) benchmark(s) to run. Estimated finish 2026-10-04 14:59 (0h 0m from now) **
// **************************
// Benchmark: CodecSuite.Run: campaign(EvaluateOverhead=False, Clock=Armonik.Ffi.Bdn.CpuClock, IterationCount=6, IterationTime=40ms, LaunchCount=1, RunStrategy=Throughput, WarmupCount=25) [Case=core-(...)|drop [36]]
// *** Execute ***
// Launch: 1 / 1
// Execute: dotnet BenchDotNet-campaign-1.dll --anonymousPipes 117 118 --benchmarkName "Armonik.Ffi.Bdn.CodecSuite.Run(Case: \"core-ffi|decode-read|P2.4|ascii|drop\")" --job campaign --benchmarkId 39 in /home/user/ArmoniK.Api/ffi/poc/csharp/src/BenchDotNet/bin/Release/net8.0/BenchDotNet-campaign-1/bin/Release/net8.0
// BeforeAnythingElse

// Benchmark Process Environment Information:
// BenchmarkDotNet v0.15.8
// Runtime=.NET 8.0.31 (8.0.31, 8.0.3126.42015), X64 RyuJIT x86-64-v4
// GC=Concurrent Workstation
// HardwareIntrinsics=AVX512 F+BW+CD+DQ+VL,AVX2+BMI1+BMI2+F16C+FMA+LZCNT+MOVBE,AVX,SSE3+SSSE3+SSE4.1+SSE4.2+POPCNT,X86Base+SSE+SSE2,AES+PCLMUL VectorSize=256
// Job: campaign(EvaluateOverhead=False, Clock=Armonik.Ffi.Bdn.CpuClock, IterationCount=6, IterationTime=40ms, LaunchCount=1, RunStrategy=Throughput, WarmupCount=25)

OverheadJitting  1: 1 op, 238934.00 ns, 238.9340 us/op
WorkloadJitting  1: 1 op, 12962786.00 ns, 12.9628 ms/op

WorkloadPilot    1: 4 op, 14368832.00 ns, 3.5922 ms/op
WorkloadPilot    2: 11 op, 33822084.00 ns, 3.0747 ms/op
WorkloadPilot    3: 13 op, 32188676.00 ns, 2.4761 ms/op
WorkloadPilot    4: 16 op, 40045888.00 ns, 2.5029 ms/op

WorkloadWarmup   1: 16 op, 40909390.00 ns, 2.5568 ms/op
WorkloadWarmup   2: 16 op, 41328380.00 ns, 2.5830 ms/op
WorkloadWarmup   3: 16 op, 108935355.00 ns, 6.8085 ms/op
WorkloadWarmup   4: 16 op, 103648514.00 ns, 6.4780 ms/op
WorkloadWarmup   5: 16 op, 95673037.00 ns, 5.9796 ms/op
WorkloadWarmup   6: 16 op, 37817498.00 ns, 2.3636 ms/op
WorkloadWarmup   7: 16 op, 35632034.00 ns, 2.2270 ms/op
WorkloadWarmup   8: 16 op, 54257105.00 ns, 3.3911 ms/op
WorkloadWarmup   9: 16 op, 84591933.00 ns, 5.2870 ms/op
WorkloadWarmup  10: 16 op, 32863940.00 ns, 2.0540 ms/op
WorkloadWarmup  11: 16 op, 31926368.00 ns, 1.9954 ms/op
WorkloadWarmup  12: 16 op, 33297331.00 ns, 2.0811 ms/op
WorkloadWarmup  13: 16 op, 30673531.00 ns, 1.9171 ms/op
WorkloadWarmup  14: 16 op, 31930363.00 ns, 1.9956 ms/op
WorkloadWarmup  15: 16 op, 31960976.00 ns, 1.9976 ms/op
WorkloadWarmup  16: 16 op, 33031073.00 ns, 2.0644 ms/op
WorkloadWarmup  17: 16 op, 33064240.00 ns, 2.0665 ms/op
WorkloadWarmup  18: 16 op, 39629534.00 ns, 2.4768 ms/op
WorkloadWarmup  19: 16 op, 31323288.00 ns, 1.9577 ms/op
WorkloadWarmup  20: 16 op, 32697465.00 ns, 2.0436 ms/op
WorkloadWarmup  21: 16 op, 40218583.00 ns, 2.5137 ms/op
WorkloadWarmup  22: 16 op, 30820042.00 ns, 1.9263 ms/op
WorkloadWarmup  23: 16 op, 31674315.00 ns, 1.9796 ms/op
WorkloadWarmup  24: 16 op, 31696429.00 ns, 1.9810 ms/op
WorkloadWarmup  25: 16 op, 36403678.00 ns, 2.2752 ms/op

// BeforeActualRun
WorkloadActual   1: 16 op, 32980325.00 ns, 2.0613 ms/op
WorkloadActual   2: 16 op, 32604004.00 ns, 2.0378 ms/op
WorkloadActual   3: 16 op, 32453086.00 ns, 2.0283 ms/op
WorkloadActual   4: 16 op, 32740423.00 ns, 2.0463 ms/op
WorkloadActual   5: 16 op, 42086230.00 ns, 2.6304 ms/op
WorkloadActual   6: 16 op, 33540064.00 ns, 2.0963 ms/op

// AfterActualRun
WorkloadResult   1: 16 op, 32980325.00 ns, 2.0613 ms/op
WorkloadResult   2: 16 op, 32604004.00 ns, 2.0378 ms/op
WorkloadResult   3: 16 op, 32453086.00 ns, 2.0283 ms/op
WorkloadResult   4: 16 op, 32740423.00 ns, 2.0463 ms/op
WorkloadResult   5: 16 op, 33540064.00 ns, 2.0963 ms/op
// GC:  3 2 0 52411648 16
// Threading:  0 0 16

// AfterAll
// Benchmark Process 9321 has exited with code 0.

Mean = 2.054 ms, StdErr = 0.012 ms (0.58%), N = 5, StdDev = 0.027 ms
Min = 2.028 ms, Q1 = 2.038 ms, Median = 2.046 ms, Q3 = 2.061 ms, Max = 2.096 ms
IQR = 0.024 ms, LowerFence = 2.002 ms, UpperFence = 2.097 ms
ConfidenceInterval = [1.952 ms; 2.156 ms] (CI 99.9%), Margin = 0.102 ms (4.98% of Mean)
Skewness = 0.58, Kurtosis = 1.49, MValue = 2

// ** Remained 12 (23.1 %) benchmark(s) to run. Estimated finish 2026-10-04 14:59 (0h 0m from now) **
// **************************
// Benchmark: CodecSuite.Run: campaign(EvaluateOverhead=False, Clock=Armonik.Ffi.Bdn.CpuClock, IterationCount=6, IterationTime=40ms, LaunchCount=1, RunStrategy=Throughput, WarmupCount=25) [Case=core-(...)|drop [36]]
// *** Execute ***
// Launch: 1 / 1
// Execute: dotnet BenchDotNet-campaign-1.dll --anonymousPipes 117 118 --benchmarkName "Armonik.Ffi.Bdn.CodecSuite.Run(Case: \"core-ffi|decode-read|P4.1|ascii|drop\")" --job campaign --benchmarkId 40 in /home/user/ArmoniK.Api/ffi/poc/csharp/src/BenchDotNet/bin/Release/net8.0/BenchDotNet-campaign-1/bin/Release/net8.0
// BeforeAnythingElse

// Benchmark Process Environment Information:
// BenchmarkDotNet v0.15.8
// Runtime=.NET 8.0.31 (8.0.31, 8.0.3126.42015), X64 RyuJIT x86-64-v4
// GC=Concurrent Workstation
// HardwareIntrinsics=AVX512 F+BW+CD+DQ+VL,AVX2+BMI1+BMI2+F16C+FMA+LZCNT+MOVBE,AVX,SSE3+SSSE3+SSE4.1+SSE4.2+POPCNT,X86Base+SSE+SSE2,AES+PCLMUL VectorSize=256
// Job: campaign(EvaluateOverhead=False, Clock=Armonik.Ffi.Bdn.CpuClock, IterationCount=6, IterationTime=40ms, LaunchCount=1, RunStrategy=Throughput, WarmupCount=25)

OverheadJitting  1: 1 op, 315760.00 ns, 315.7600 us/op
WorkloadJitting  1: 1 op, 9386216.00 ns, 9.3862 ms/op

WorkloadPilot    1: 4 op, 4327094.00 ns, 1.0818 ms/op
WorkloadPilot    2: 37 op, 26497375.00 ns, 716.1453 us/op
WorkloadPilot    3: 56 op, 30863957.00 ns, 551.1421 us/op
WorkloadPilot    4: 73 op, 37543497.00 ns, 514.2945 us/op
WorkloadPilot    5: 78 op, 34184469.00 ns, 438.2624 us/op
WorkloadPilot    6: 91 op, 78676028.00 ns, 864.5717 us/op
WorkloadPilot    7: 46 op, 33360985.00 ns, 725.2388 us/op
WorkloadPilot    8: 55 op, 40670560.00 ns, 739.4647 us/op

WorkloadWarmup   1: 55 op, 39133444.00 ns, 711.5172 us/op
WorkloadWarmup   2: 55 op, 41454587.00 ns, 753.7198 us/op
WorkloadWarmup   3: 55 op, 42698472.00 ns, 776.3359 us/op
WorkloadWarmup   4: 55 op, 60363554.00 ns, 1.0975 ms/op
WorkloadWarmup   5: 55 op, 28048034.00 ns, 509.9643 us/op
WorkloadWarmup   6: 55 op, 16492346.00 ns, 299.8608 us/op
WorkloadWarmup   7: 55 op, 16647431.00 ns, 302.6806 us/op
WorkloadWarmup   8: 55 op, 17890215.00 ns, 325.2766 us/op
WorkloadWarmup   9: 55 op, 16783874.00 ns, 305.1613 us/op
WorkloadWarmup  10: 55 op, 16528966.00 ns, 300.5267 us/op
WorkloadWarmup  11: 55 op, 16544981.00 ns, 300.8178 us/op
WorkloadWarmup  12: 55 op, 24026683.00 ns, 436.8488 us/op
WorkloadWarmup  13: 55 op, 17199026.00 ns, 312.7096 us/op
WorkloadWarmup  14: 55 op, 18905977.00 ns, 343.7450 us/op
WorkloadWarmup  15: 55 op, 18450454.00 ns, 335.4628 us/op
WorkloadWarmup  16: 55 op, 16731213.00 ns, 304.2039 us/op
WorkloadWarmup  17: 55 op, 22569087.00 ns, 410.3470 us/op
WorkloadWarmup  18: 55 op, 17324643.00 ns, 314.9935 us/op
WorkloadWarmup  19: 55 op, 19995322.00 ns, 363.5513 us/op
WorkloadWarmup  20: 55 op, 16245816.00 ns, 295.3785 us/op
WorkloadWarmup  21: 55 op, 16317610.00 ns, 296.6838 us/op
WorkloadWarmup  22: 55 op, 16472174.00 ns, 299.4941 us/op
WorkloadWarmup  23: 55 op, 16388264.00 ns, 297.9684 us/op
WorkloadWarmup  24: 55 op, 17281835.00 ns, 314.2152 us/op
WorkloadWarmup  25: 55 op, 16455769.00 ns, 299.1958 us/op

// BeforeActualRun
WorkloadActual   1: 55 op, 16857907.00 ns, 306.5074 us/op
WorkloadActual   2: 55 op, 16341950.00 ns, 297.1264 us/op
WorkloadActual   3: 55 op, 16384866.00 ns, 297.9067 us/op
WorkloadActual   4: 55 op, 16679454.00 ns, 303.2628 us/op
WorkloadActual   5: 55 op, 16254150.00 ns, 295.5300 us/op
WorkloadActual   6: 55 op, 19755421.00 ns, 359.1895 us/op

// AfterActualRun
WorkloadResult   1: 55 op, 16857907.00 ns, 306.5074 us/op
WorkloadResult   2: 55 op, 16341950.00 ns, 297.1264 us/op
WorkloadResult   3: 55 op, 16384866.00 ns, 297.9067 us/op
WorkloadResult   4: 55 op, 16679454.00 ns, 303.2628 us/op
WorkloadResult   5: 55 op, 16254150.00 ns, 295.5300 us/op
// GC:  1 0 0 20006800 55
// Threading:  0 0 55

// AfterAll
// Benchmark Process 9330 has exited with code 0.

Mean = 300.067 us, StdErr = 2.069 us (0.69%), N = 5, StdDev = 4.626 us
Min = 295.530 us, Q1 = 297.126 us, Median = 297.907 us, Q3 = 303.263 us, Max = 306.507 us
IQR = 6.136 us, LowerFence = 287.922 us, UpperFence = 312.467 us
ConfidenceInterval = [282.254 us; 317.879 us] (CI 99.9%), Margin = 17.812 us (5.94% of Mean)
Skewness = 0.35, Kurtosis = 1.02, MValue = 2

// ** Remained 11 (21.2 %) benchmark(s) to run. Estimated finish 2026-10-04 14:59 (0h 0m from now) **
// **************************
// Benchmark: CodecSuite.Run: campaign(EvaluateOverhead=False, Clock=Armonik.Ffi.Bdn.CpuClock, IterationCount=6, IterationTime=40ms, LaunchCount=1, RunStrategy=Throughput, WarmupCount=25) [Case=core-(...)|drop [64]]
// *** Execute ***
// Launch: 1 / 1
// Execute: dotnet BenchDotNet-campaign-1.dll --anonymousPipes 117 118 --benchmarkName "Armonik.Ffi.Bdn.CodecSuite.Run(Case: \"core-ffi|decode-read|U-wire-DualResponse-left-as-wt5|corpus|drop\")" --job campaign --benchmarkId 41 in /home/user/ArmoniK.Api/ffi/poc/csharp/src/BenchDotNet/bin/Release/net8.0/BenchDotNet-campaign-1/bin/Release/net8.0
// BeforeAnythingElse

// Benchmark Process Environment Information:
// BenchmarkDotNet v0.15.8
// Runtime=.NET 8.0.31 (8.0.31, 8.0.3126.42015), X64 RyuJIT x86-64-v4
// GC=Concurrent Workstation
// HardwareIntrinsics=AVX512 F+BW+CD+DQ+VL,AVX2+BMI1+BMI2+F16C+FMA+LZCNT+MOVBE,AVX,SSE3+SSSE3+SSE4.1+SSE4.2+POPCNT,X86Base+SSE+SSE2,AES+PCLMUL VectorSize=256
// Job: campaign(EvaluateOverhead=False, Clock=Armonik.Ffi.Bdn.CpuClock, IterationCount=6, IterationTime=40ms, LaunchCount=1, RunStrategy=Throughput, WarmupCount=25)

OverheadJitting  1: 1 op, 288967.00 ns, 288.9670 us/op
WorkloadJitting  1: 1 op, 4703332.00 ns, 4.7033 ms/op

WorkloadPilot    1: 4 op, 22420.00 ns, 5.6050 us/op
WorkloadPilot    2: 7136 op, 9155138.00 ns, 1.2830 us/op
WorkloadPilot    3: 31178 op, 40167827.00 ns, 1.2883 us/op
WorkloadPilot    4: 31048 op, 42969884.00 ns, 1.3840 us/op
WorkloadPilot    5: 28902 op, 30893473.00 ns, 1.0689 us/op
WorkloadPilot    6: 37421 op, 51302521.00 ns, 1.3710 us/op

WorkloadWarmup   1: 37421 op, 55165875.00 ns, 1.4742 us/op
WorkloadWarmup   2: 37421 op, 51348005.00 ns, 1.3722 us/op
WorkloadWarmup   3: 37421 op, 59866831.00 ns, 1.5998 us/op
WorkloadWarmup   4: 37421 op, 49353625.00 ns, 1.3189 us/op
WorkloadWarmup   5: 37421 op, 17389116.00 ns, 464.6887 ns/op
WorkloadWarmup   6: 37421 op, 16426699.00 ns, 438.9701 ns/op
WorkloadWarmup   7: 37421 op, 16301712.00 ns, 435.6300 ns/op
WorkloadWarmup   8: 37421 op, 19321211.00 ns, 516.3200 ns/op
WorkloadWarmup   9: 37421 op, 18942039.00 ns, 506.1874 ns/op
WorkloadWarmup  10: 37421 op, 16360021.00 ns, 437.1882 ns/op
WorkloadWarmup  11: 37421 op, 16710880.00 ns, 446.5642 ns/op
WorkloadWarmup  12: 37421 op, 16973627.00 ns, 453.5856 ns/op
WorkloadWarmup  13: 37421 op, 18324234.00 ns, 489.6778 ns/op
WorkloadWarmup  14: 37421 op, 16476153.00 ns, 440.2916 ns/op
WorkloadWarmup  15: 37421 op, 16652561.00 ns, 445.0058 ns/op
WorkloadWarmup  16: 37421 op, 17362703.00 ns, 463.9829 ns/op
WorkloadWarmup  17: 37421 op, 17054165.00 ns, 455.7378 ns/op
WorkloadWarmup  18: 37421 op, 16320654.00 ns, 436.1362 ns/op
WorkloadWarmup  19: 37421 op, 18273247.00 ns, 488.3153 ns/op
WorkloadWarmup  20: 37421 op, 16414693.00 ns, 438.6492 ns/op
WorkloadWarmup  21: 37421 op, 16557068.00 ns, 442.4539 ns/op
WorkloadWarmup  22: 37421 op, 16746367.00 ns, 447.5125 ns/op
WorkloadWarmup  23: 37421 op, 16365569.00 ns, 437.3365 ns/op
WorkloadWarmup  24: 37421 op, 16396535.00 ns, 438.1640 ns/op
WorkloadWarmup  25: 37421 op, 16446697.00 ns, 439.5045 ns/op

// BeforeActualRun
WorkloadActual   1: 37421 op, 16552403.00 ns, 442.3293 ns/op
WorkloadActual   2: 37421 op, 16117464.00 ns, 430.7064 ns/op
WorkloadActual   3: 37421 op, 16232126.00 ns, 433.7705 ns/op
WorkloadActual   4: 37421 op, 16151506.00 ns, 431.6161 ns/op
WorkloadActual   5: 37421 op, 16238528.00 ns, 433.9416 ns/op
WorkloadActual   6: 37421 op, 16670353.00 ns, 445.4812 ns/op

// AfterActualRun
WorkloadResult   1: 37421 op, 16552403.00 ns, 442.3293 ns/op
WorkloadResult   2: 37421 op, 16117464.00 ns, 430.7064 ns/op
WorkloadResult   3: 37421 op, 16232126.00 ns, 433.7705 ns/op
WorkloadResult   4: 37421 op, 16151506.00 ns, 431.6161 ns/op
WorkloadResult   5: 37421 op, 16238528.00 ns, 433.9416 ns/op
WorkloadResult   6: 37421 op, 16670353.00 ns, 445.4812 ns/op
// GC:  1 0 0 20057656 37421
// Threading:  0 0 37421

// AfterAll
// Benchmark Process 9339 has exited with code 0.

Mean = 436.308 ns, StdErr = 2.489 ns (0.57%), N = 6, StdDev = 6.096 ns
Min = 430.706 ns, Q1 = 432.155 ns, Median = 433.856 ns, Q3 = 440.232 ns, Max = 445.481 ns
IQR = 8.078 ns, LowerFence = 420.038 ns, UpperFence = 452.349 ns
ConfidenceInterval = [419.212 ns; 453.403 ns] (CI 99.9%), Margin = 17.096 ns (3.92% of Mean)
Skewness = 0.5, Kurtosis = 1.2, MValue = 2

// ** Remained 10 (19.2 %) benchmark(s) to run. Estimated finish 2026-10-04 14:59 (0h 0m from now) **
// **************************
// Benchmark: CodecSuite.Run: campaign(EvaluateOverhead=False, Clock=Armonik.Ffi.Bdn.CpuClock, IterationCount=6, IterationTime=40ms, LaunchCount=1, RunStrategy=Throughput, WarmupCount=25) [Case=core-(...)|drop [36]]
// *** Execute ***
// Launch: 1 / 1
// Execute: dotnet BenchDotNet-campaign-1.dll --anonymousPipes 117 118 --benchmarkName "Armonik.Ffi.Bdn.CodecSuite.Run(Case: \"core-ffi|decode-read|P6.1|ascii|drop\")" --job campaign --benchmarkId 42 in /home/user/ArmoniK.Api/ffi/poc/csharp/src/BenchDotNet/bin/Release/net8.0/BenchDotNet-campaign-1/bin/Release/net8.0
// BeforeAnythingElse

// Benchmark Process Environment Information:
// BenchmarkDotNet v0.15.8
// Runtime=.NET 8.0.31 (8.0.31, 8.0.3126.42015), X64 RyuJIT x86-64-v4
// GC=Concurrent Workstation
// HardwareIntrinsics=AVX512 F+BW+CD+DQ+VL,AVX2+BMI1+BMI2+F16C+FMA+LZCNT+MOVBE,AVX,SSE3+SSSE3+SSE4.1+SSE4.2+POPCNT,X86Base+SSE+SSE2,AES+PCLMUL VectorSize=256
// Job: campaign(EvaluateOverhead=False, Clock=Armonik.Ffi.Bdn.CpuClock, IterationCount=6, IterationTime=40ms, LaunchCount=1, RunStrategy=Throughput, WarmupCount=25)

OverheadJitting  1: 1 op, 258632.00 ns, 258.6320 us/op
WorkloadJitting  1: 1 op, 7894084.00 ns, 7.8941 ms/op

WorkloadPilot    1: 4 op, 3443845.00 ns, 860.9613 us/op
WorkloadPilot    2: 46 op, 43099772.00 ns, 936.9516 us/op
WorkloadPilot    3: 43 op, 30329814.00 ns, 705.3445 us/op
WorkloadPilot    4: 57 op, 39635248.00 ns, 695.3552 us/op

WorkloadWarmup   1: 57 op, 43193877.00 ns, 757.7873 us/op
WorkloadWarmup   2: 57 op, 39760769.00 ns, 697.5574 us/op
WorkloadWarmup   3: 57 op, 40115152.00 ns, 703.7746 us/op
WorkloadWarmup   4: 57 op, 42053331.00 ns, 737.7777 us/op
WorkloadWarmup   5: 57 op, 50081763.00 ns, 878.6274 us/op
WorkloadWarmup   6: 57 op, 47930565.00 ns, 840.8871 us/op
WorkloadWarmup   7: 57 op, 45681001.00 ns, 801.4211 us/op
WorkloadWarmup   8: 57 op, 45455877.00 ns, 797.4715 us/op
WorkloadWarmup   9: 57 op, 51095838.00 ns, 896.4182 us/op
WorkloadWarmup  10: 57 op, 52056256.00 ns, 913.2676 us/op
WorkloadWarmup  11: 57 op, 41123027.00 ns, 721.4566 us/op
WorkloadWarmup  12: 57 op, 22455848.00 ns, 393.9622 us/op
WorkloadWarmup  13: 57 op, 29211713.00 ns, 512.4862 us/op
WorkloadWarmup  14: 57 op, 21892097.00 ns, 384.0719 us/op
WorkloadWarmup  15: 57 op, 41224884.00 ns, 723.2436 us/op
WorkloadWarmup  16: 57 op, 19118791.00 ns, 335.4174 us/op
WorkloadWarmup  17: 57 op, 18494090.00 ns, 324.4577 us/op
WorkloadWarmup  18: 57 op, 21181389.00 ns, 371.6033 us/op
WorkloadWarmup  19: 57 op, 21582874.00 ns, 378.6469 us/op
WorkloadWarmup  20: 57 op, 24917624.00 ns, 437.1513 us/op
WorkloadWarmup  21: 57 op, 18458724.00 ns, 323.8373 us/op
WorkloadWarmup  22: 57 op, 33379357.00 ns, 585.6028 us/op
WorkloadWarmup  23: 57 op, 36145697.00 ns, 634.1350 us/op
WorkloadWarmup  24: 57 op, 24423482.00 ns, 428.4821 us/op
WorkloadWarmup  25: 57 op, 25844685.00 ns, 453.4155 us/op

// BeforeActualRun
WorkloadActual   1: 57 op, 21969405.00 ns, 385.4282 us/op
WorkloadActual   2: 57 op, 29809228.00 ns, 522.9689 us/op
WorkloadActual   3: 57 op, 22638982.00 ns, 397.1751 us/op
WorkloadActual   4: 57 op, 18819058.00 ns, 330.1589 us/op
WorkloadActual   5: 57 op, 20402002.00 ns, 357.9299 us/op
WorkloadActual   6: 57 op, 25959887.00 ns, 455.4366 us/op

// AfterActualRun
WorkloadResult   1: 57 op, 21969405.00 ns, 385.4282 us/op
WorkloadResult   2: 57 op, 29809228.00 ns, 522.9689 us/op
WorkloadResult   3: 57 op, 22638982.00 ns, 397.1751 us/op
WorkloadResult   4: 57 op, 18819058.00 ns, 330.1589 us/op
WorkloadResult   5: 57 op, 20402002.00 ns, 357.9299 us/op
WorkloadResult   6: 57 op, 25959887.00 ns, 455.4366 us/op
// GC:  1 0 0 26601672 57
// Threading:  0 0 57

// AfterAll
// Benchmark Process 9351 has exited with code 0.

Mean = 408.183 us, StdErr = 28.671 us (7.02%), N = 6, StdDev = 70.229 us
Min = 330.159 us, Q1 = 364.804 us, Median = 391.302 us, Q3 = 440.871 us, Max = 522.969 us
IQR = 76.067 us, LowerFence = 250.704 us, UpperFence = 554.971 us
ConfidenceInterval = [211.247 us; 605.119 us] (CI 99.9%), Margin = 196.936 us (48.25% of Mean)
Skewness = 0.48, Kurtosis = 1.52, MValue = 2

// ** Remained 9 (17.3 %) benchmark(s) to run. Estimated finish 2026-10-04 14:59 (0h 0m from now) **
// **************************
// Benchmark: CodecSuite.Run: campaign(EvaluateOverhead=False, Clock=Armonik.Ffi.Bdn.CpuClock, IterationCount=6, IterationTime=40ms, LaunchCount=1, RunStrategy=Throughput, WarmupCount=25) [Case=core-(...)etain [38]]
// *** Execute ***
// Launch: 1 / 1
// Execute: dotnet BenchDotNet-campaign-1.dll --anonymousPipes 117 118 --benchmarkName "Armonik.Ffi.Bdn.CodecSuite.Run(Case: \"core-ffi|decode-read|P5.3|ascii|retain\")" --job campaign --benchmarkId 43 in /home/user/ArmoniK.Api/ffi/poc/csharp/src/BenchDotNet/bin/Release/net8.0/BenchDotNet-campaign-1/bin/Release/net8.0
// BeforeAnythingElse

// Benchmark Process Environment Information:
// BenchmarkDotNet v0.15.8
// Runtime=.NET 8.0.31 (8.0.31, 8.0.3126.42015), X64 RyuJIT x86-64-v4
// GC=Concurrent Workstation
// HardwareIntrinsics=AVX512 F+BW+CD+DQ+VL,AVX2+BMI1+BMI2+F16C+FMA+LZCNT+MOVBE,AVX,SSE3+SSSE3+SSE4.1+SSE4.2+POPCNT,X86Base+SSE+SSE2,AES+PCLMUL VectorSize=256
// Job: campaign(EvaluateOverhead=False, Clock=Armonik.Ffi.Bdn.CpuClock, IterationCount=6, IterationTime=40ms, LaunchCount=1, RunStrategy=Throughput, WarmupCount=25)

OverheadJitting  1: 1 op, 254433.00 ns, 254.4330 us/op
WorkloadJitting  1: 1 op, 3332717.00 ns, 3.3327 ms/op

WorkloadPilot    1: 4 op, 1997170.00 ns, 499.2925 us/op
WorkloadPilot    2: 80 op, 49766894.00 ns, 622.0862 us/op
WorkloadPilot    3: 64 op, 49608540.00 ns, 775.1334 us/op
WorkloadPilot    4: 52 op, 42125050.00 ns, 810.0971 us/op

WorkloadWarmup   1: 52 op, 38396536.00 ns, 738.3949 us/op
WorkloadWarmup   2: 52 op, 43972644.00 ns, 845.6278 us/op
WorkloadWarmup   3: 52 op, 44367607.00 ns, 853.2232 us/op
WorkloadWarmup   4: 52 op, 26491665.00 ns, 509.4551 us/op
WorkloadWarmup   5: 52 op, 39732997.00 ns, 764.0961 us/op
WorkloadWarmup   6: 52 op, 32061154.00 ns, 616.5607 us/op
WorkloadWarmup   7: 52 op, 39616456.00 ns, 761.8549 us/op
WorkloadWarmup   8: 52 op, 30134868.00 ns, 579.5167 us/op
WorkloadWarmup   9: 52 op, 45245612.00 ns, 870.1079 us/op
WorkloadWarmup  10: 52 op, 51118792.00 ns, 983.0537 us/op
WorkloadWarmup  11: 52 op, 33336074.00 ns, 641.0783 us/op
WorkloadWarmup  12: 52 op, 39108468.00 ns, 752.0859 us/op
WorkloadWarmup  13: 52 op, 35097779.00 ns, 674.9573 us/op
WorkloadWarmup  14: 52 op, 39960697.00 ns, 768.4749 us/op
WorkloadWarmup  15: 52 op, 35277664.00 ns, 678.4166 us/op
WorkloadWarmup  16: 52 op, 33331461.00 ns, 640.9896 us/op
WorkloadWarmup  17: 52 op, 38305916.00 ns, 736.6522 us/op
WorkloadWarmup  18: 52 op, 42103242.00 ns, 809.6777 us/op
WorkloadWarmup  19: 52 op, 31696641.00 ns, 609.5508 us/op
WorkloadWarmup  20: 52 op, 42914629.00 ns, 825.2813 us/op
WorkloadWarmup  21: 52 op, 44641043.00 ns, 858.4816 us/op
WorkloadWarmup  22: 52 op, 38866466.00 ns, 747.4320 us/op
WorkloadWarmup  23: 52 op, 33744565.00 ns, 648.9339 us/op
WorkloadWarmup  24: 52 op, 40349460.00 ns, 775.9512 us/op
WorkloadWarmup  25: 52 op, 36709914.00 ns, 705.9599 us/op

// BeforeActualRun
WorkloadActual   1: 52 op, 44687379.00 ns, 859.3727 us/op
WorkloadActual   2: 52 op, 41196599.00 ns, 792.2423 us/op
WorkloadActual   3: 52 op, 33974625.00 ns, 653.3582 us/op
WorkloadActual   4: 52 op, 32495759.00 ns, 624.9184 us/op
WorkloadActual   5: 52 op, 31596858.00 ns, 607.6319 us/op
WorkloadActual   6: 52 op, 36578209.00 ns, 703.4271 us/op

// AfterActualRun
WorkloadResult   1: 52 op, 44687379.00 ns, 859.3727 us/op
WorkloadResult   2: 52 op, 41196599.00 ns, 792.2423 us/op
WorkloadResult   3: 52 op, 33974625.00 ns, 653.3582 us/op
WorkloadResult   4: 52 op, 32495759.00 ns, 624.9184 us/op
WorkloadResult   5: 52 op, 31596858.00 ns, 607.6319 us/op
WorkloadResult   6: 52 op, 36578209.00 ns, 703.4271 us/op
// GC:  4 4 4 54565928 52
// Threading:  0 0 52

// AfterAll
// Benchmark Process 9360 has exited with code 0.

Mean = 706.825 us, StdErr = 40.819 us (5.77%), N = 6, StdDev = 99.985 us
Min = 607.632 us, Q1 = 632.028 us, Median = 678.393 us, Q3 = 770.038 us, Max = 859.373 us
IQR = 138.010 us, LowerFence = 425.013 us, UpperFence = 977.054 us
ConfidenceInterval = [426.448 us; 987.202 us] (CI 99.9%), Margin = 280.377 us (39.67% of Mean)
Skewness = 0.42, Kurtosis = 1.24, MValue = 2

// ** Remained 8 (15.4 %) benchmark(s) to run. Estimated finish 2026-10-04 14:59 (0h 0m from now) **
// **************************
// Benchmark: CodecSuite.Run: campaign(EvaluateOverhead=False, Clock=Armonik.Ffi.Bdn.CpuClock, IterationCount=6, IterationTime=40ms, LaunchCount=1, RunStrategy=Throughput, WarmupCount=25) [Case=core-(...)|drop [36]]
// *** Execute ***
// Launch: 1 / 1
// Execute: dotnet BenchDotNet-campaign-1.dll --anonymousPipes 117 118 --benchmarkName "Armonik.Ffi.Bdn.CodecSuite.Run(Case: \"core-ffi|decode-read|P5.3|ascii|drop\")" --job campaign --benchmarkId 44 in /home/user/ArmoniK.Api/ffi/poc/csharp/src/BenchDotNet/bin/Release/net8.0/BenchDotNet-campaign-1/bin/Release/net8.0
// BeforeAnythingElse

// Benchmark Process Environment Information:
// BenchmarkDotNet v0.15.8
// Runtime=.NET 8.0.31 (8.0.31, 8.0.3126.42015), X64 RyuJIT x86-64-v4
// GC=Concurrent Workstation
// HardwareIntrinsics=AVX512 F+BW+CD+DQ+VL,AVX2+BMI1+BMI2+F16C+FMA+LZCNT+MOVBE,AVX,SSE3+SSSE3+SSE4.1+SSE4.2+POPCNT,X86Base+SSE+SSE2,AES+PCLMUL VectorSize=256
// Job: campaign(EvaluateOverhead=False, Clock=Armonik.Ffi.Bdn.CpuClock, IterationCount=6, IterationTime=40ms, LaunchCount=1, RunStrategy=Throughput, WarmupCount=25)

OverheadJitting  1: 1 op, 251912.00 ns, 251.9120 us/op
WorkloadJitting  1: 1 op, 3044040.00 ns, 3.0440 ms/op

WorkloadPilot    1: 4 op, 2065126.00 ns, 516.2815 us/op
WorkloadPilot    2: 77 op, 52094952.00 ns, 676.5578 us/op
WorkloadPilot    3: 59 op, 46254127.00 ns, 783.9683 us/op
WorkloadPilot    4: 51 op, 34399877.00 ns, 674.5074 us/op
WorkloadPilot    5: 59 op, 27437931.00 ns, 465.0497 us/op
WorkloadPilot    6: 86 op, 56848707.00 ns, 661.0315 us/op

WorkloadWarmup   1: 86 op, 62469351.00 ns, 726.3878 us/op
WorkloadWarmup   2: 86 op, 66485789.00 ns, 773.0906 us/op
WorkloadWarmup   3: 86 op, 50226831.00 ns, 584.0329 us/op
WorkloadWarmup   4: 86 op, 69472495.00 ns, 807.8197 us/op
WorkloadWarmup   5: 86 op, 59066307.00 ns, 686.8175 us/op
WorkloadWarmup   6: 86 op, 54855362.00 ns, 637.8530 us/op
WorkloadWarmup   7: 86 op, 53959625.00 ns, 627.4375 us/op
WorkloadWarmup   8: 86 op, 53953440.00 ns, 627.3656 us/op
WorkloadWarmup   9: 86 op, 51802551.00 ns, 602.3552 us/op
WorkloadWarmup  10: 86 op, 57627249.00 ns, 670.0843 us/op
WorkloadWarmup  11: 86 op, 51949821.00 ns, 604.0677 us/op
WorkloadWarmup  12: 86 op, 61863490.00 ns, 719.3429 us/op
WorkloadWarmup  13: 86 op, 71902670.00 ns, 836.0776 us/op
WorkloadWarmup  14: 86 op, 58311627.00 ns, 678.0422 us/op
WorkloadWarmup  15: 86 op, 67158216.00 ns, 780.9095 us/op
WorkloadWarmup  16: 86 op, 60043065.00 ns, 698.1752 us/op
WorkloadWarmup  17: 86 op, 56233459.00 ns, 653.8774 us/op
WorkloadWarmup  18: 86 op, 59687517.00 ns, 694.0409 us/op
WorkloadWarmup  19: 86 op, 75468568.00 ns, 877.5415 us/op
WorkloadWarmup  20: 86 op, 61158866.00 ns, 711.1496 us/op
WorkloadWarmup  21: 86 op, 71657482.00 ns, 833.2265 us/op
WorkloadWarmup  22: 86 op, 59443893.00 ns, 691.2081 us/op
WorkloadWarmup  23: 86 op, 61780304.00 ns, 718.3756 us/op
WorkloadWarmup  24: 86 op, 55188799.00 ns, 641.7302 us/op
WorkloadWarmup  25: 86 op, 62107100.00 ns, 722.1756 us/op

// BeforeActualRun
WorkloadActual   1: 86 op, 58544274.00 ns, 680.7474 us/op
WorkloadActual   2: 86 op, 60042679.00 ns, 698.1707 us/op
WorkloadActual   3: 86 op, 50989158.00 ns, 592.8972 us/op
WorkloadActual   4: 86 op, 43572073.00 ns, 506.6520 us/op
WorkloadActual   5: 86 op, 61860538.00 ns, 719.3086 us/op
WorkloadActual   6: 86 op, 54970425.00 ns, 639.1910 us/op

// AfterActualRun
WorkloadResult   1: 86 op, 58544274.00 ns, 680.7474 us/op
WorkloadResult   2: 86 op, 60042679.00 ns, 698.1707 us/op
WorkloadResult   3: 86 op, 50989158.00 ns, 592.8972 us/op
WorkloadResult   4: 86 op, 43572073.00 ns, 506.6520 us/op
WorkloadResult   5: 86 op, 61860538.00 ns, 719.3086 us/op
WorkloadResult   6: 86 op, 54970425.00 ns, 639.1910 us/op
// GC:  8 8 8 90245008 86
// Threading:  0 0 86

// AfterAll
// Benchmark Process 9370 has exited with code 0.

Mean = 639.494 us, StdErr = 32.318 us (5.05%), N = 6, StdDev = 79.163 us
Min = 506.652 us, Q1 = 604.471 us, Median = 659.969 us, Q3 = 693.815 us, Max = 719.309 us
IQR = 89.344 us, LowerFence = 470.454 us, UpperFence = 827.831 us
ConfidenceInterval = [417.508 us; 861.481 us] (CI 99.9%), Margin = 221.986 us (34.71% of Mean)
Skewness = -0.56, Kurtosis = 1.58, MValue = 2

// ** Remained 7 (13.5 %) benchmark(s) to run. Estimated finish 2026-10-04 14:59 (0h 0m from now) **
// **************************
// Benchmark: CodecSuite.Run: campaign(EvaluateOverhead=False, Clock=Armonik.Ffi.Bdn.CpuClock, IterationCount=6, IterationTime=40ms, LaunchCount=1, RunStrategy=Throughput, WarmupCount=25) [Case=core-(...)|drop [76]]
// *** Execute ***
// Launch: 1 / 1
// Execute: dotnet BenchDotNet-campaign-1.dll --anonymousPipes 117 118 --benchmarkName "Armonik.Ffi.Bdn.CodecSuite.Run(Case: \"core-ffi|decode-read|U-wire-ListTaskSummaryResponse-tasks-as-wt5|corpus|drop\")" --job campaign --benchmarkId 45 in /home/user/ArmoniK.Api/ffi/poc/csharp/src/BenchDotNet/bin/Release/net8.0/BenchDotNet-campaign-1/bin/Release/net8.0
// BeforeAnythingElse

// Benchmark Process Environment Information:
// BenchmarkDotNet v0.15.8
// Runtime=.NET 8.0.31 (8.0.31, 8.0.3126.42015), X64 RyuJIT x86-64-v4
// GC=Concurrent Workstation
// HardwareIntrinsics=AVX512 F+BW+CD+DQ+VL,AVX2+BMI1+BMI2+F16C+FMA+LZCNT+MOVBE,AVX,SSE3+SSSE3+SSE4.1+SSE4.2+POPCNT,X86Base+SSE+SSE2,AES+PCLMUL VectorSize=256
// Job: campaign(EvaluateOverhead=False, Clock=Armonik.Ffi.Bdn.CpuClock, IterationCount=6, IterationTime=40ms, LaunchCount=1, RunStrategy=Throughput, WarmupCount=25)

OverheadJitting  1: 1 op, 307927.00 ns, 307.9270 us/op
WorkloadJitting  1: 1 op, 7891981.00 ns, 7.8920 ms/op

WorkloadPilot    1: 4 op, 63195.00 ns, 15.7988 us/op
WorkloadPilot    2: 2532 op, 16367614.00 ns, 6.4643 us/op
WorkloadPilot    3: 6188 op, 33755574.00 ns, 5.4550 us/op
WorkloadPilot    4: 7333 op, 36412801.00 ns, 4.9656 us/op
WorkloadPilot    5: 8055 op, 39910929.00 ns, 4.9548 us/op
WorkloadPilot    6: 8073 op, 57370979.00 ns, 7.1065 us/op
WorkloadPilot    7: 5629 op, 47528741.00 ns, 8.4435 us/op
WorkloadPilot    8: 4737 op, 37224902.00 ns, 7.8583 us/op
WorkloadPilot    9: 5090 op, 36980473.00 ns, 7.2653 us/op
WorkloadPilot   10: 5506 op, 40834963.00 ns, 7.4164 us/op

WorkloadWarmup   1: 5506 op, 54846359.00 ns, 9.9612 us/op
WorkloadWarmup   2: 5506 op, 49829900.00 ns, 9.0501 us/op
WorkloadWarmup   3: 5506 op, 47491296.00 ns, 8.6254 us/op
WorkloadWarmup   4: 5506 op, 49237913.00 ns, 8.9426 us/op
WorkloadWarmup   5: 5506 op, 33047691.00 ns, 6.0021 us/op
WorkloadWarmup   6: 5506 op, 19746611.00 ns, 3.5864 us/op
WorkloadWarmup   7: 5506 op, 15146228.00 ns, 2.7509 us/op
WorkloadWarmup   8: 5506 op, 15607112.00 ns, 2.8346 us/op
WorkloadWarmup   9: 5506 op, 14906433.00 ns, 2.7073 us/op
WorkloadWarmup  10: 5506 op, 15138709.00 ns, 2.7495 us/op
WorkloadWarmup  11: 5506 op, 15369935.00 ns, 2.7915 us/op
WorkloadWarmup  12: 5506 op, 17794538.00 ns, 3.2318 us/op
WorkloadWarmup  13: 5506 op, 15357098.00 ns, 2.7892 us/op
WorkloadWarmup  14: 5506 op, 15880173.00 ns, 2.8842 us/op
WorkloadWarmup  15: 5506 op, 15131598.00 ns, 2.7482 us/op
WorkloadWarmup  16: 5506 op, 15286199.00 ns, 2.7763 us/op
WorkloadWarmup  17: 5506 op, 15330605.00 ns, 2.7843 us/op
WorkloadWarmup  18: 5506 op, 15560562.00 ns, 2.8261 us/op
WorkloadWarmup  19: 5506 op, 15456244.00 ns, 2.8072 us/op
WorkloadWarmup  20: 5506 op, 15139914.00 ns, 2.7497 us/op
WorkloadWarmup  21: 5506 op, 15661315.00 ns, 2.8444 us/op
WorkloadWarmup  22: 5506 op, 15258720.00 ns, 2.7713 us/op
WorkloadWarmup  23: 5506 op, 15288007.00 ns, 2.7766 us/op
WorkloadWarmup  24: 5506 op, 15223846.00 ns, 2.7650 us/op
WorkloadWarmup  25: 5506 op, 15677291.00 ns, 2.8473 us/op

// BeforeActualRun
WorkloadActual   1: 5506 op, 15998815.00 ns, 2.9057 us/op
WorkloadActual   2: 5506 op, 15840794.00 ns, 2.8770 us/op
WorkloadActual   3: 5506 op, 15486692.00 ns, 2.8127 us/op
WorkloadActual   4: 5506 op, 15517145.00 ns, 2.8182 us/op
WorkloadActual   5: 5506 op, 15429830.00 ns, 2.8024 us/op
WorkloadActual   6: 5506 op, 18490942.00 ns, 3.3583 us/op

// AfterActualRun
WorkloadResult   1: 5506 op, 15998815.00 ns, 2.9057 us/op
WorkloadResult   2: 5506 op, 15840794.00 ns, 2.8770 us/op
WorkloadResult   3: 5506 op, 15486692.00 ns, 2.8127 us/op
WorkloadResult   4: 5506 op, 15517145.00 ns, 2.8182 us/op
WorkloadResult   5: 5506 op, 15429830.00 ns, 2.8024 us/op
// GC:  1 0 0 20306128 5506
// Threading:  0 0 5506

// AfterAll
// Benchmark Process 9380 has exited with code 0.

Mean = 2.843 us, StdErr = 0.020 us (0.72%), N = 5, StdDev = 0.045 us
Min = 2.802 us, Q1 = 2.813 us, Median = 2.818 us, Q3 = 2.877 us, Max = 2.906 us
IQR = 0.064 us, LowerFence = 2.716 us, UpperFence = 2.973 us
ConfidenceInterval = [2.668 us; 3.018 us] (CI 99.9%), Margin = 0.175 us (6.16% of Mean)
Skewness = 0.36, Kurtosis = 0.96, MValue = 2

// ** Remained 6 (11.5 %) benchmark(s) to run. Estimated finish 2026-10-04 14:59 (0h 0m from now) **
// **************************
// Benchmark: CodecSuite.Run: campaign(EvaluateOverhead=False, Clock=Armonik.Ffi.Bdn.CpuClock, IterationCount=6, IterationTime=40ms, LaunchCount=1, RunStrategy=Throughput, WarmupCount=25) [Case=core-(...)etain [53]]
// *** Execute ***
// Launch: 1 / 1
// Execute: dotnet BenchDotNet-campaign-1.dll --anonymousPipes 117 118 --benchmarkName "Armonik.Ffi.Bdn.CodecSuite.Run(Case: \"core-ffi|decode-read|U-oneof-u-repeated|corpus|retain\")" --job campaign --benchmarkId 46 in /home/user/ArmoniK.Api/ffi/poc/csharp/src/BenchDotNet/bin/Release/net8.0/BenchDotNet-campaign-1/bin/Release/net8.0
// BeforeAnythingElse

// Benchmark Process Environment Information:
// BenchmarkDotNet v0.15.8
// Runtime=.NET 8.0.31 (8.0.31, 8.0.3126.42015), X64 RyuJIT x86-64-v4
// GC=Concurrent Workstation
// HardwareIntrinsics=AVX512 F+BW+CD+DQ+VL,AVX2+BMI1+BMI2+F16C+FMA+LZCNT+MOVBE,AVX,SSE3+SSSE3+SSE4.1+SSE4.2+POPCNT,X86Base+SSE+SSE2,AES+PCLMUL VectorSize=256
// Job: campaign(EvaluateOverhead=False, Clock=Armonik.Ffi.Bdn.CpuClock, IterationCount=6, IterationTime=40ms, LaunchCount=1, RunStrategy=Throughput, WarmupCount=25)

OverheadJitting  1: 1 op, 267603.00 ns, 267.6030 us/op
WorkloadJitting  1: 1 op, 5027902.00 ns, 5.0279 ms/op

WorkloadPilot    1: 4 op, 37852.00 ns, 9.4630 us/op
WorkloadPilot    2: 4227 op, 4892077.00 ns, 1.1573 us/op
WorkloadPilot    3: 34562 op, 49728098.00 ns, 1.4388 us/op
WorkloadPilot    4: 27801 op, 29936848.00 ns, 1.0768 us/op
WorkloadPilot    5: 37146 op, 39447880.00 ns, 1.0620 us/op
WorkloadPilot    6: 37666 op, 53303558.00 ns, 1.4152 us/op
WorkloadPilot    7: 28265 op, 37002904.00 ns, 1.3091 us/op
WorkloadPilot    8: 30554 op, 36525970.00 ns, 1.1955 us/op
WorkloadPilot    9: 33460 op, 39675725.00 ns, 1.1858 us/op
WorkloadPilot   10: 33733 op, 39273600.00 ns, 1.1642 us/op
WorkloadPilot   11: 34357 op, 44037427.00 ns, 1.2818 us/op

WorkloadWarmup   1: 34357 op, 38630085.00 ns, 1.1244 us/op
WorkloadWarmup   2: 34357 op, 35952719.00 ns, 1.0464 us/op
WorkloadWarmup   3: 34357 op, 35405857.00 ns, 1.0305 us/op
WorkloadWarmup   4: 34357 op, 35188166.00 ns, 1.0242 us/op
WorkloadWarmup   5: 34357 op, 34987665.00 ns, 1.0184 us/op
WorkloadWarmup   6: 34357 op, 23857722.00 ns, 694.4064 ns/op
WorkloadWarmup   7: 34357 op, 12049523.00 ns, 350.7152 ns/op
WorkloadWarmup   8: 34357 op, 12401122.00 ns, 360.9489 ns/op
WorkloadWarmup   9: 34357 op, 11943006.00 ns, 347.6149 ns/op
WorkloadWarmup  10: 34357 op, 12000469.00 ns, 349.2875 ns/op
WorkloadWarmup  11: 34357 op, 12582747.00 ns, 366.2353 ns/op
WorkloadWarmup  12: 34357 op, 11877336.00 ns, 345.7035 ns/op
WorkloadWarmup  13: 34357 op, 13998889.00 ns, 407.4538 ns/op
WorkloadWarmup  14: 34357 op, 12489531.00 ns, 363.5222 ns/op
WorkloadWarmup  15: 34357 op, 12131623.00 ns, 353.1048 ns/op
WorkloadWarmup  16: 34357 op, 12012094.00 ns, 349.6258 ns/op
WorkloadWarmup  17: 34357 op, 19102941.00 ns, 556.0131 ns/op
WorkloadWarmup  18: 34357 op, 23854996.00 ns, 694.3271 ns/op
WorkloadWarmup  19: 34357 op, 12927697.00 ns, 376.2755 ns/op
WorkloadWarmup  20: 34357 op, 12791899.00 ns, 372.3229 ns/op
WorkloadWarmup  21: 34357 op, 15509487.00 ns, 451.4215 ns/op
WorkloadWarmup  22: 34357 op, 13391600.00 ns, 389.7779 ns/op
WorkloadWarmup  23: 34357 op, 12277695.00 ns, 357.3564 ns/op
WorkloadWarmup  24: 34357 op, 13404358.00 ns, 390.1493 ns/op
WorkloadWarmup  25: 34357 op, 12600720.00 ns, 366.7584 ns/op

// BeforeActualRun
WorkloadActual   1: 34357 op, 12115937.00 ns, 352.6483 ns/op
WorkloadActual   2: 34357 op, 12017818.00 ns, 349.7924 ns/op
WorkloadActual   3: 34357 op, 12216518.00 ns, 355.5758 ns/op
WorkloadActual   4: 34357 op, 13905811.00 ns, 404.7446 ns/op
WorkloadActual   5: 34357 op, 12592400.00 ns, 366.5163 ns/op
WorkloadActual   6: 34357 op, 25534619.00 ns, 743.2145 ns/op

// AfterActualRun
WorkloadResult   1: 34357 op, 12115937.00 ns, 352.6483 ns/op
WorkloadResult   2: 34357 op, 12017818.00 ns, 349.7924 ns/op
WorkloadResult   3: 34357 op, 12216518.00 ns, 355.5758 ns/op
WorkloadResult   4: 34357 op, 13905811.00 ns, 404.7446 ns/op
WorkloadResult   5: 34357 op, 12592400.00 ns, 366.5163 ns/op
// GC:  0 0 0 13742800 34357
// Threading:  0 0 34357

// AfterAll
// Benchmark Process 9391 has exited with code 0.

Mean = 365.855 ns, StdErr = 10.127 ns (2.77%), N = 5, StdDev = 22.644 ns
Min = 349.792 ns, Q1 = 352.648 ns, Median = 355.576 ns, Q3 = 366.516 ns, Max = 404.745 ns
IQR = 13.868 ns, LowerFence = 331.846 ns, UpperFence = 387.318 ns
ConfidenceInterval = [278.663 ns; 453.048 ns] (CI 99.9%), Margin = 87.192 ns (23.83% of Mean)
Skewness = 0.88, Kurtosis = 1.82, MValue = 2

// ** Remained 5 (9.6 %) benchmark(s) to run. Estimated finish 2026-10-04 14:59 (0h 0m from now) **
// **************************
// Benchmark: CodecSuite.Run: campaign(EvaluateOverhead=False, Clock=Armonik.Ffi.Bdn.CpuClock, IterationCount=6, IterationTime=40ms, LaunchCount=1, RunStrategy=Throughput, WarmupCount=25) [Case=core-(...)|drop [36]]
// *** Execute ***
// Launch: 1 / 1
// Execute: dotnet BenchDotNet-campaign-1.dll --anonymousPipes 117 118 --benchmarkName "Armonik.Ffi.Bdn.CodecSuite.Run(Case: \"core-ffi|decode-read|P1.2|ascii|drop\")" --job campaign --benchmarkId 47 in /home/user/ArmoniK.Api/ffi/poc/csharp/src/BenchDotNet/bin/Release/net8.0/BenchDotNet-campaign-1/bin/Release/net8.0
// BeforeAnythingElse

// Benchmark Process Environment Information:
// BenchmarkDotNet v0.15.8
// Runtime=.NET 8.0.31 (8.0.31, 8.0.3126.42015), X64 RyuJIT x86-64-v4
// GC=Concurrent Workstation
// HardwareIntrinsics=AVX512 F+BW+CD+DQ+VL,AVX2+BMI1+BMI2+F16C+FMA+LZCNT+MOVBE,AVX,SSE3+SSSE3+SSE4.1+SSE4.2+POPCNT,X86Base+SSE+SSE2,AES+PCLMUL VectorSize=256
// Job: campaign(EvaluateOverhead=False, Clock=Armonik.Ffi.Bdn.CpuClock, IterationCount=6, IterationTime=40ms, LaunchCount=1, RunStrategy=Throughput, WarmupCount=25)

OverheadJitting  1: 1 op, 250076.00 ns, 250.0760 us/op
WorkloadJitting  1: 1 op, 4230966.00 ns, 4.2310 ms/op

WorkloadPilot    1: 4 op, 2100798.00 ns, 525.1995 us/op
WorkloadPilot    2: 76 op, 47584456.00 ns, 626.1113 us/op
WorkloadPilot    3: 64 op, 30618207.00 ns, 478.4095 us/op
WorkloadPilot    4: 84 op, 41092698.00 ns, 489.1988 us/op
WorkloadPilot    5: 82 op, 46411012.00 ns, 565.9880 us/op

WorkloadWarmup   1: 82 op, 82383002.00 ns, 1.0047 ms/op
WorkloadWarmup   2: 82 op, 78298804.00 ns, 954.8635 us/op
WorkloadWarmup   3: 82 op, 67241536.00 ns, 820.0187 us/op
WorkloadWarmup   4: 82 op, 31787449.00 ns, 387.6518 us/op
WorkloadWarmup   5: 82 op, 31767496.00 ns, 387.4085 us/op
WorkloadWarmup   6: 82 op, 31987780.00 ns, 390.0949 us/op
WorkloadWarmup   7: 82 op, 31954947.00 ns, 389.6945 us/op
WorkloadWarmup   8: 82 op, 34900936.00 ns, 425.6212 us/op
WorkloadWarmup   9: 82 op, 32633322.00 ns, 397.9673 us/op
WorkloadWarmup  10: 82 op, 31952627.00 ns, 389.6662 us/op
WorkloadWarmup  11: 82 op, 32586158.00 ns, 397.3922 us/op
WorkloadWarmup  12: 82 op, 31755158.00 ns, 387.2580 us/op
WorkloadWarmup  13: 82 op, 32062758.00 ns, 391.0092 us/op
WorkloadWarmup  14: 82 op, 32318447.00 ns, 394.1274 us/op
WorkloadWarmup  15: 82 op, 32812132.00 ns, 400.1480 us/op
WorkloadWarmup  16: 82 op, 31546358.00 ns, 384.7117 us/op
WorkloadWarmup  17: 82 op, 32398866.00 ns, 395.1081 us/op
WorkloadWarmup  18: 82 op, 32018696.00 ns, 390.4719 us/op
WorkloadWarmup  19: 82 op, 32201680.00 ns, 392.7034 us/op
WorkloadWarmup  20: 82 op, 32367332.00 ns, 394.7236 us/op
WorkloadWarmup  21: 82 op, 32576409.00 ns, 397.2733 us/op
WorkloadWarmup  22: 82 op, 32447967.00 ns, 395.7069 us/op
WorkloadWarmup  23: 82 op, 31921097.00 ns, 389.2817 us/op
WorkloadWarmup  24: 82 op, 32264294.00 ns, 393.4670 us/op
WorkloadWarmup  25: 82 op, 32110822.00 ns, 391.5954 us/op

// BeforeActualRun
WorkloadActual   1: 82 op, 33885051.00 ns, 413.2323 us/op
WorkloadActual   2: 82 op, 32698632.00 ns, 398.7638 us/op
WorkloadActual   3: 82 op, 32215276.00 ns, 392.8692 us/op
WorkloadActual   4: 82 op, 32036802.00 ns, 390.6927 us/op
WorkloadActual   5: 82 op, 32330715.00 ns, 394.2770 us/op
WorkloadActual   6: 82 op, 34678979.00 ns, 422.9144 us/op

// AfterActualRun
WorkloadResult   1: 82 op, 33885051.00 ns, 413.2323 us/op
WorkloadResult   2: 82 op, 32698632.00 ns, 398.7638 us/op
WorkloadResult   3: 82 op, 32215276.00 ns, 392.8692 us/op
WorkloadResult   4: 82 op, 32036802.00 ns, 390.6927 us/op
WorkloadResult   5: 82 op, 32330715.00 ns, 394.2770 us/op
WorkloadResult   6: 82 op, 34678979.00 ns, 422.9144 us/op
// GC:  3 1 0 54610688 82
// Threading:  0 0 82

// AfterAll
// Benchmark Process 9400 has exited with code 0.

Mean = 402.125 us, StdErr = 5.307 us (1.32%), N = 6, StdDev = 12.999 us
Min = 390.693 us, Q1 = 393.221 us, Median = 396.520 us, Q3 = 409.615 us, Max = 422.914 us
IQR = 16.394 us, LowerFence = 368.630 us, UpperFence = 434.206 us
ConfidenceInterval = [365.674 us; 438.576 us] (CI 99.9%), Margin = 36.451 us (9.06% of Mean)
Skewness = 0.57, Kurtosis = 1.34, MValue = 2

// ** Remained 4 (7.7 %) benchmark(s) to run. Estimated finish 2026-10-04 14:59 (0h 0m from now) **
// **************************
// Benchmark: CodecSuite.Run: campaign(EvaluateOverhead=False, Clock=Armonik.Ffi.Bdn.CpuClock, IterationCount=6, IterationTime=40ms, LaunchCount=1, RunStrategy=Throughput, WarmupCount=25) [Case=core-(...)etain [38]]
// *** Execute ***
// Launch: 1 / 1
// Execute: dotnet BenchDotNet-campaign-1.dll --anonymousPipes 117 118 --benchmarkName "Armonik.Ffi.Bdn.CodecSuite.Run(Case: \"core-ffi|decode-read|P2.4|ascii|retain\")" --job campaign --benchmarkId 48 in /home/user/ArmoniK.Api/ffi/poc/csharp/src/BenchDotNet/bin/Release/net8.0/BenchDotNet-campaign-1/bin/Release/net8.0
// BeforeAnythingElse

// Benchmark Process Environment Information:
// BenchmarkDotNet v0.15.8
// Runtime=.NET 8.0.31 (8.0.31, 8.0.3126.42015), X64 RyuJIT x86-64-v4
// GC=Concurrent Workstation
// HardwareIntrinsics=AVX512 F+BW+CD+DQ+VL,AVX2+BMI1+BMI2+F16C+FMA+LZCNT+MOVBE,AVX,SSE3+SSSE3+SSE4.1+SSE4.2+POPCNT,X86Base+SSE+SSE2,AES+PCLMUL VectorSize=256
// Job: campaign(EvaluateOverhead=False, Clock=Armonik.Ffi.Bdn.CpuClock, IterationCount=6, IterationTime=40ms, LaunchCount=1, RunStrategy=Throughput, WarmupCount=25)

OverheadJitting  1: 1 op, 403302.00 ns, 403.3020 us/op
WorkloadJitting  1: 1 op, 15314101.00 ns, 15.3141 ms/op

WorkloadPilot    1: 4 op, 14048932.00 ns, 3.5122 ms/op
WorkloadPilot    2: 11 op, 31508675.00 ns, 2.8644 ms/op
WorkloadPilot    3: 14 op, 32828478.00 ns, 2.3449 ms/op
WorkloadPilot    4: 17 op, 43817163.00 ns, 2.5775 ms/op

WorkloadWarmup   1: 17 op, 47515555.00 ns, 2.7950 ms/op
WorkloadWarmup   2: 17 op, 41962723.00 ns, 2.4684 ms/op
WorkloadWarmup   3: 17 op, 55546364.00 ns, 3.2674 ms/op
WorkloadWarmup   4: 17 op, 85647521.00 ns, 5.0381 ms/op
WorkloadWarmup   5: 17 op, 83271170.00 ns, 4.8983 ms/op
WorkloadWarmup   6: 17 op, 79238663.00 ns, 4.6611 ms/op
WorkloadWarmup   7: 17 op, 34254808.00 ns, 2.0150 ms/op
WorkloadWarmup   8: 17 op, 45227949.00 ns, 2.6605 ms/op
WorkloadWarmup   9: 17 op, 39233816.00 ns, 2.3079 ms/op
WorkloadWarmup  10: 17 op, 34433106.00 ns, 2.0255 ms/op
WorkloadWarmup  11: 17 op, 34093184.00 ns, 2.0055 ms/op
WorkloadWarmup  12: 17 op, 37739130.00 ns, 2.2199 ms/op
WorkloadWarmup  13: 17 op, 34977160.00 ns, 2.0575 ms/op
WorkloadWarmup  14: 17 op, 34252407.00 ns, 2.0148 ms/op
WorkloadWarmup  15: 17 op, 34682641.00 ns, 2.0402 ms/op
WorkloadWarmup  16: 17 op, 34682660.00 ns, 2.0402 ms/op
WorkloadWarmup  17: 17 op, 32478813.00 ns, 1.9105 ms/op
WorkloadWarmup  18: 17 op, 35748867.00 ns, 2.1029 ms/op
WorkloadWarmup  19: 17 op, 32377212.00 ns, 1.9045 ms/op
WorkloadWarmup  20: 17 op, 32588303.00 ns, 1.9170 ms/op
WorkloadWarmup  21: 17 op, 32080176.00 ns, 1.8871 ms/op
WorkloadWarmup  22: 17 op, 32750336.00 ns, 1.9265 ms/op
WorkloadWarmup  23: 17 op, 41652485.00 ns, 2.4501 ms/op
WorkloadWarmup  24: 17 op, 35047407.00 ns, 2.0616 ms/op
WorkloadWarmup  25: 17 op, 40434769.00 ns, 2.3785 ms/op

// BeforeActualRun
WorkloadActual   1: 17 op, 35875167.00 ns, 2.1103 ms/op
WorkloadActual   2: 17 op, 31929375.00 ns, 1.8782 ms/op
WorkloadActual   3: 17 op, 32863579.00 ns, 1.9332 ms/op
WorkloadActual   4: 17 op, 31742676.00 ns, 1.8672 ms/op
WorkloadActual   5: 17 op, 31782535.00 ns, 1.8696 ms/op
WorkloadActual   6: 17 op, 36126626.00 ns, 2.1251 ms/op

// AfterActualRun
WorkloadResult   1: 17 op, 35875167.00 ns, 2.1103 ms/op
WorkloadResult   2: 17 op, 31929375.00 ns, 1.8782 ms/op
WorkloadResult   3: 17 op, 32863579.00 ns, 1.9332 ms/op
WorkloadResult   4: 17 op, 31742676.00 ns, 1.8672 ms/op
WorkloadResult   5: 17 op, 31782535.00 ns, 1.8696 ms/op
WorkloadResult   6: 17 op, 36126626.00 ns, 2.1251 ms/op
// GC:  3 2 0 55687376 17
// Threading:  0 0 17

// AfterAll
// Benchmark Process 9409 has exited with code 0.

Mean = 1.964 ms, StdErr = 0.050 ms (2.53%), N = 6, StdDev = 0.122 ms
Min = 1.867 ms, Q1 = 1.872 ms, Median = 1.906 ms, Q3 = 2.066 ms, Max = 2.125 ms
IQR = 0.194 ms, LowerFence = 1.580 ms, UpperFence = 2.357 ms
ConfidenceInterval = [1.623 ms; 2.305 ms] (CI 99.9%), Margin = 0.341 ms (17.37% of Mean)
Skewness = 0.46, Kurtosis = 1.03, MValue = 2

// ** Remained 3 (5.8 %) benchmark(s) to run. Estimated finish 2026-10-04 14:59 (0h 0m from now) **
// **************************
// Benchmark: CodecSuite.Run: campaign(EvaluateOverhead=False, Clock=Armonik.Ffi.Bdn.CpuClock, IterationCount=6, IterationTime=40ms, LaunchCount=1, RunStrategy=Throughput, WarmupCount=25) [Case=core-(...)etain [38]]
// *** Execute ***
// Launch: 1 / 1
// Execute: dotnet BenchDotNet-campaign-1.dll --anonymousPipes 117 118 --benchmarkName "Armonik.Ffi.Bdn.CodecSuite.Run(Case: \"core-ffi|decode-read|P2.3|ascii|retain\")" --job campaign --benchmarkId 49 in /home/user/ArmoniK.Api/ffi/poc/csharp/src/BenchDotNet/bin/Release/net8.0/BenchDotNet-campaign-1/bin/Release/net8.0
// BeforeAnythingElse

// Benchmark Process Environment Information:
// BenchmarkDotNet v0.15.8
// Runtime=.NET 8.0.31 (8.0.31, 8.0.3126.42015), X64 RyuJIT x86-64-v4
// GC=Concurrent Workstation
// HardwareIntrinsics=AVX512 F+BW+CD+DQ+VL,AVX2+BMI1+BMI2+F16C+FMA+LZCNT+MOVBE,AVX,SSE3+SSSE3+SSE4.1+SSE4.2+POPCNT,X86Base+SSE+SSE2,AES+PCLMUL VectorSize=256
// Job: campaign(EvaluateOverhead=False, Clock=Armonik.Ffi.Bdn.CpuClock, IterationCount=6, IterationTime=40ms, LaunchCount=1, RunStrategy=Throughput, WarmupCount=25)

OverheadJitting  1: 1 op, 318360.00 ns, 318.3600 us/op
WorkloadJitting  1: 1 op, 12437096.00 ns, 12.4371 ms/op

WorkloadPilot    1: 4 op, 9446656.00 ns, 2.3617 ms/op
WorkloadPilot    2: 17 op, 37897529.00 ns, 2.2293 ms/op

WorkloadWarmup   1: 17 op, 31910539.00 ns, 1.8771 ms/op
WorkloadWarmup   2: 17 op, 30982993.00 ns, 1.8225 ms/op
WorkloadWarmup   3: 17 op, 30985960.00 ns, 1.8227 ms/op
WorkloadWarmup   4: 17 op, 30422140.00 ns, 1.7895 ms/op
WorkloadWarmup   5: 17 op, 30902141.00 ns, 1.8178 ms/op
WorkloadWarmup   6: 17 op, 68635779.00 ns, 4.0374 ms/op
WorkloadWarmup   7: 17 op, 59568384.00 ns, 3.5040 ms/op
WorkloadWarmup   8: 17 op, 58717584.00 ns, 3.4540 ms/op
WorkloadWarmup   9: 17 op, 82676314.00 ns, 4.8633 ms/op
WorkloadWarmup  10: 17 op, 27433799.00 ns, 1.6138 ms/op
WorkloadWarmup  11: 17 op, 24346461.00 ns, 1.4321 ms/op
WorkloadWarmup  12: 17 op, 27139170.00 ns, 1.5964 ms/op
WorkloadWarmup  13: 17 op, 23889623.00 ns, 1.4053 ms/op
WorkloadWarmup  14: 17 op, 24696931.00 ns, 1.4528 ms/op
WorkloadWarmup  15: 17 op, 24549261.00 ns, 1.4441 ms/op
WorkloadWarmup  16: 17 op, 23287992.00 ns, 1.3699 ms/op
WorkloadWarmup  17: 17 op, 23476721.00 ns, 1.3810 ms/op
WorkloadWarmup  18: 17 op, 23636244.00 ns, 1.3904 ms/op
WorkloadWarmup  19: 17 op, 23522052.00 ns, 1.3837 ms/op
WorkloadWarmup  20: 17 op, 23289523.00 ns, 1.3700 ms/op
WorkloadWarmup  21: 17 op, 25639052.00 ns, 1.5082 ms/op
WorkloadWarmup  22: 17 op, 23006581.00 ns, 1.3533 ms/op
WorkloadWarmup  23: 17 op, 23854090.00 ns, 1.4032 ms/op
WorkloadWarmup  24: 17 op, 23910614.00 ns, 1.4065 ms/op
WorkloadWarmup  25: 17 op, 23109738.00 ns, 1.3594 ms/op

// BeforeActualRun
WorkloadActual   1: 17 op, 26189950.00 ns, 1.5406 ms/op
WorkloadActual   2: 17 op, 23790922.00 ns, 1.3995 ms/op
WorkloadActual   3: 17 op, 24497699.00 ns, 1.4410 ms/op
WorkloadActual   4: 17 op, 25068754.00 ns, 1.4746 ms/op
WorkloadActual   5: 17 op, 24804992.00 ns, 1.4591 ms/op
WorkloadActual   6: 17 op, 23527538.00 ns, 1.3840 ms/op

// AfterActualRun
WorkloadResult   1: 17 op, 26189950.00 ns, 1.5406 ms/op
WorkloadResult   2: 17 op, 23790922.00 ns, 1.3995 ms/op
WorkloadResult   3: 17 op, 24497699.00 ns, 1.4410 ms/op
WorkloadResult   4: 17 op, 25068754.00 ns, 1.4746 ms/op
WorkloadResult   5: 17 op, 24804992.00 ns, 1.4591 ms/op
WorkloadResult   6: 17 op, 23527538.00 ns, 1.3840 ms/op
// GC:  2 1 0 35719720 17
// Threading:  0 0 17

// AfterAll
// Benchmark Process 9418 has exited with code 0.

Mean = 1.450 ms, StdErr = 0.023 ms (1.59%), N = 6, StdDev = 0.056 ms
Min = 1.384 ms, Q1 = 1.410 ms, Median = 1.450 ms, Q3 = 1.471 ms, Max = 1.541 ms
IQR = 0.061 ms, LowerFence = 1.319 ms, UpperFence = 1.562 ms
ConfidenceInterval = [1.292 ms; 1.608 ms] (CI 99.9%), Margin = 0.158 ms (10.90% of Mean)
Skewness = 0.33, Kurtosis = 1.54, MValue = 2

// ** Remained 2 (3.8 %) benchmark(s) to run. Estimated finish 2026-10-04 14:59 (0h 0m from now) **
// **************************
// Benchmark: CodecSuite.Run: campaign(EvaluateOverhead=False, Clock=Armonik.Ffi.Bdn.CpuClock, IterationCount=6, IterationTime=40ms, LaunchCount=1, RunStrategy=Throughput, WarmupCount=25) [Case=core-(...)etain [38]]
// *** Execute ***
// Launch: 1 / 1
// Execute: dotnet BenchDotNet-campaign-1.dll --anonymousPipes 117 118 --benchmarkName "Armonik.Ffi.Bdn.CodecSuite.Run(Case: \"core-ffi|decode-read|P2.2|ascii|retain\")" --job campaign --benchmarkId 50 in /home/user/ArmoniK.Api/ffi/poc/csharp/src/BenchDotNet/bin/Release/net8.0/BenchDotNet-campaign-1/bin/Release/net8.0
// BeforeAnythingElse

// Benchmark Process Environment Information:
// BenchmarkDotNet v0.15.8
// Runtime=.NET 8.0.31 (8.0.31, 8.0.3126.42015), X64 RyuJIT x86-64-v4
// GC=Concurrent Workstation
// HardwareIntrinsics=AVX512 F+BW+CD+DQ+VL,AVX2+BMI1+BMI2+F16C+FMA+LZCNT+MOVBE,AVX,SSE3+SSSE3+SSE4.1+SSE4.2+POPCNT,X86Base+SSE+SSE2,AES+PCLMUL VectorSize=256
// Job: campaign(EvaluateOverhead=False, Clock=Armonik.Ffi.Bdn.CpuClock, IterationCount=6, IterationTime=40ms, LaunchCount=1, RunStrategy=Throughput, WarmupCount=25)

OverheadJitting  1: 1 op, 242028.00 ns, 242.0280 us/op
WorkloadJitting  1: 1 op, 13968908.00 ns, 13.9689 ms/op

WorkloadPilot    1: 4 op, 12379310.00 ns, 3.0948 ms/op
WorkloadPilot    2: 13 op, 42021511.00 ns, 3.2324 ms/op

WorkloadWarmup   1: 13 op, 40168667.00 ns, 3.0899 ms/op
WorkloadWarmup   2: 13 op, 37542023.00 ns, 2.8878 ms/op
WorkloadWarmup   3: 13 op, 40470297.00 ns, 3.1131 ms/op
WorkloadWarmup   4: 13 op, 47528852.00 ns, 3.6561 ms/op
WorkloadWarmup   5: 13 op, 58523437.00 ns, 4.5018 ms/op
WorkloadWarmup   6: 13 op, 56823189.00 ns, 4.3710 ms/op
WorkloadWarmup   7: 13 op, 62729413.00 ns, 4.8253 ms/op
WorkloadWarmup   8: 13 op, 45826922.00 ns, 3.5251 ms/op
WorkloadWarmup   9: 13 op, 27217658.00 ns, 2.0937 ms/op
WorkloadWarmup  10: 13 op, 27800324.00 ns, 2.1385 ms/op
WorkloadWarmup  11: 13 op, 25104279.00 ns, 1.9311 ms/op
WorkloadWarmup  12: 13 op, 26843455.00 ns, 2.0649 ms/op
WorkloadWarmup  13: 13 op, 27188016.00 ns, 2.0914 ms/op
WorkloadWarmup  14: 13 op, 28032661.00 ns, 2.1564 ms/op
WorkloadWarmup  15: 13 op, 26414249.00 ns, 2.0319 ms/op
WorkloadWarmup  16: 13 op, 27945612.00 ns, 2.1497 ms/op
WorkloadWarmup  17: 13 op, 25283066.00 ns, 1.9449 ms/op
WorkloadWarmup  18: 13 op, 26577771.00 ns, 2.0444 ms/op
WorkloadWarmup  19: 13 op, 27170489.00 ns, 2.0900 ms/op
WorkloadWarmup  20: 13 op, 25349663.00 ns, 1.9500 ms/op
WorkloadWarmup  21: 13 op, 26543367.00 ns, 2.0418 ms/op
WorkloadWarmup  22: 13 op, 24927876.00 ns, 1.9175 ms/op
WorkloadWarmup  23: 13 op, 31759330.00 ns, 2.4430 ms/op
WorkloadWarmup  24: 13 op, 27443116.00 ns, 2.1110 ms/op
WorkloadWarmup  25: 13 op, 27282183.00 ns, 2.0986 ms/op

// BeforeActualRun
WorkloadActual   1: 13 op, 29642636.00 ns, 2.2802 ms/op
WorkloadActual   2: 13 op, 27802844.00 ns, 2.1387 ms/op
WorkloadActual   3: 13 op, 27043164.00 ns, 2.0802 ms/op
WorkloadActual   4: 13 op, 27575508.00 ns, 2.1212 ms/op
WorkloadActual   5: 13 op, 28629353.00 ns, 2.2023 ms/op
WorkloadActual   6: 13 op, 26743187.00 ns, 2.0572 ms/op

// AfterActualRun
WorkloadResult   1: 13 op, 29642636.00 ns, 2.2802 ms/op
WorkloadResult   2: 13 op, 27802844.00 ns, 2.1387 ms/op
WorkloadResult   3: 13 op, 27043164.00 ns, 2.0802 ms/op
WorkloadResult   4: 13 op, 27575508.00 ns, 2.1212 ms/op
WorkloadResult   5: 13 op, 28629353.00 ns, 2.2023 ms/op
WorkloadResult   6: 13 op, 26743187.00 ns, 2.0572 ms/op
// GC:  1 0 0 28347592 13
// Threading:  0 0 13

// AfterAll
// Benchmark Process 9427 has exited with code 0.

Mean = 2.147 ms, StdErr = 0.034 ms (1.57%), N = 6, StdDev = 0.083 ms
Min = 2.057 ms, Q1 = 2.090 ms, Median = 2.130 ms, Q3 = 2.186 ms, Max = 2.280 ms
IQR = 0.096 ms, LowerFence = 1.947 ms, UpperFence = 2.330 ms
ConfidenceInterval = [1.915 ms; 2.378 ms] (CI 99.9%), Margin = 0.231 ms (10.78% of Mean)
Skewness = 0.45, Kurtosis = 1.48, MValue = 2

// ** Remained 1 (1.9 %) benchmark(s) to run. Estimated finish 2026-10-04 14:59 (0h 0m from now) **
// **************************
// Benchmark: CodecSuite.Run: campaign(EvaluateOverhead=False, Clock=Armonik.Ffi.Bdn.CpuClock, IterationCount=6, IterationTime=40ms, LaunchCount=1, RunStrategy=Throughput, WarmupCount=25) [Case=core-(...)etain [52]]
// *** Execute ***
// Launch: 1 / 1
// Execute: dotnet BenchDotNet-campaign-1.dll --anonymousPipes 117 118 --benchmarkName "Armonik.Ffi.Bdn.CodecSuite.Run(Case: \"core-ffi|decode-read|U-deep-u-repeated|corpus|retain\")" --job campaign --benchmarkId 51 in /home/user/ArmoniK.Api/ffi/poc/csharp/src/BenchDotNet/bin/Release/net8.0/BenchDotNet-campaign-1/bin/Release/net8.0
// BeforeAnythingElse

// Benchmark Process Environment Information:
// BenchmarkDotNet v0.15.8
// Runtime=.NET 8.0.31 (8.0.31, 8.0.3126.42015), X64 RyuJIT x86-64-v4
// GC=Concurrent Workstation
// HardwareIntrinsics=AVX512 F+BW+CD+DQ+VL,AVX2+BMI1+BMI2+F16C+FMA+LZCNT+MOVBE,AVX,SSE3+SSSE3+SSE4.1+SSE4.2+POPCNT,X86Base+SSE+SSE2,AES+PCLMUL VectorSize=256
// Job: campaign(EvaluateOverhead=False, Clock=Armonik.Ffi.Bdn.CpuClock, IterationCount=6, IterationTime=40ms, LaunchCount=1, RunStrategy=Throughput, WarmupCount=25)

OverheadJitting  1: 1 op, 264566.00 ns, 264.5660 us/op
WorkloadJitting  1: 1 op, 14544819.00 ns, 14.5448 ms/op

WorkloadPilot    1: 4 op, 96852.00 ns, 24.2130 us/op
WorkloadPilot    2: 1652 op, 11710846.00 ns, 7.0889 us/op
WorkloadPilot    3: 5643 op, 36586471.00 ns, 6.4835 us/op
WorkloadPilot    4: 6169 op, 37222907.00 ns, 6.0339 us/op
WorkloadPilot    5: 6629 op, 33907508.00 ns, 5.1150 us/op
WorkloadPilot    6: 7820 op, 66870105.00 ns, 8.5512 us/op
WorkloadPilot    7: 4678 op, 36240616.00 ns, 7.7470 us/op
WorkloadPilot    8: 5163 op, 40860854.00 ns, 7.9142 us/op
WorkloadPilot    9: 5054 op, 37595310.00 ns, 7.4387 us/op
WorkloadPilot   10: 5377 op, 46511652.00 ns, 8.6501 us/op

WorkloadWarmup   1: 5377 op, 42398239.00 ns, 7.8851 us/op
WorkloadWarmup   2: 5377 op, 41639519.00 ns, 7.7440 us/op
WorkloadWarmup   3: 5377 op, 42903774.00 ns, 7.9791 us/op
WorkloadWarmup   4: 5377 op, 40255862.00 ns, 7.4867 us/op
WorkloadWarmup   5: 5377 op, 43260519.00 ns, 8.0455 us/op
WorkloadWarmup   6: 5377 op, 28173140.00 ns, 5.2396 us/op
WorkloadWarmup   7: 5377 op, 21055405.00 ns, 3.9158 us/op
WorkloadWarmup   8: 5377 op, 16478037.00 ns, 3.0645 us/op
WorkloadWarmup   9: 5377 op, 17802495.00 ns, 3.3109 us/op
WorkloadWarmup  10: 5377 op, 17057330.00 ns, 3.1723 us/op
WorkloadWarmup  11: 5377 op, 17836701.00 ns, 3.3172 us/op
WorkloadWarmup  12: 5377 op, 18263648.00 ns, 3.3966 us/op
WorkloadWarmup  13: 5377 op, 16988641.00 ns, 3.1595 us/op
WorkloadWarmup  14: 5377 op, 16481713.00 ns, 3.0652 us/op
WorkloadWarmup  15: 5377 op, 16612872.00 ns, 3.0896 us/op
WorkloadWarmup  16: 5377 op, 16429508.00 ns, 3.0555 us/op
WorkloadWarmup  17: 5377 op, 17309261.00 ns, 3.2191 us/op
WorkloadWarmup  18: 5377 op, 17734545.00 ns, 3.2982 us/op
WorkloadWarmup  19: 5377 op, 21133062.00 ns, 3.9303 us/op
WorkloadWarmup  20: 5377 op, 17098066.00 ns, 3.1799 us/op
WorkloadWarmup  21: 5377 op, 16401006.00 ns, 3.0502 us/op
WorkloadWarmup  22: 5377 op, 17377112.00 ns, 3.2317 us/op
WorkloadWarmup  23: 5377 op, 18825438.00 ns, 3.5011 us/op
WorkloadWarmup  24: 5377 op, 21119847.00 ns, 3.9278 us/op
WorkloadWarmup  25: 5377 op, 24844576.00 ns, 4.6205 us/op

// BeforeActualRun
WorkloadActual   1: 5377 op, 16958429.00 ns, 3.1539 us/op
WorkloadActual   2: 5377 op, 16878480.00 ns, 3.1390 us/op
WorkloadActual   3: 5377 op, 17088507.00 ns, 3.1781 us/op
WorkloadActual   4: 5377 op, 16763499.00 ns, 3.1176 us/op
WorkloadActual   5: 5377 op, 16994628.00 ns, 3.1606 us/op
WorkloadActual   6: 5377 op, 20172907.00 ns, 3.7517 us/op

// AfterActualRun
WorkloadResult   1: 5377 op, 16958429.00 ns, 3.1539 us/op
WorkloadResult   2: 5377 op, 16878480.00 ns, 3.1390 us/op
WorkloadResult   3: 5377 op, 17088507.00 ns, 3.1781 us/op
WorkloadResult   4: 5377 op, 16763499.00 ns, 3.1176 us/op
WorkloadResult   5: 5377 op, 16994628.00 ns, 3.1606 us/op
// GC:  1 0 0 22325304 5377
// Threading:  0 0 5377

// AfterAll
// Benchmark Process 9436 has exited with code 0.

Mean = 3.150 us, StdErr = 0.010 us (0.32%), N = 5, StdDev = 0.023 us
Min = 3.118 us, Q1 = 3.139 us, Median = 3.154 us, Q3 = 3.161 us, Max = 3.178 us
IQR = 0.022 us, LowerFence = 3.107 us, UpperFence = 3.193 us
ConfidenceInterval = [3.062 us; 3.238 us] (CI 99.9%), Margin = 0.088 us (2.79% of Mean)
Skewness = -0.18, Kurtosis = 1.28, MValue = 2

// ** Remained 0 (0.0 %) benchmark(s) to run. Estimated finish 2026-10-04 14:59 (0h 0m from now) **
Run time: 00:01:28 (88.18 sec), executed benchmarks: 52

// ***** BenchmarkRunner: Finish  *****

// * Export *
  home/user/ArmoniK.Api/ffi/logs/csharp/opt/s5/ab/after-full-r1.jsonl

// * Detailed results *
CodecSuite.Run: campaign(EvaluateOverhead=False, Clock=Armonik.Ffi.Bdn.CpuClock, IterationCount=6, IterationTime=40ms, LaunchCount=1, RunStrategy=Throughput, WarmupCount=25) [Case=core-(...)etain [38]]
Runtime = .NET 8.0.31 (8.0.31, 8.0.3126.42015), X64 RyuJIT x86-64-v4; GC = Concurrent Workstation
Mean = 1.566 us, StdErr = 0.007 us (0.45%), N = 6, StdDev = 0.017 us
Min = 1.547 us, Q1 = 1.552 us, Median = 1.567 us, Q3 = 1.575 us, Max = 1.593 us
IQR = 0.023 us, LowerFence = 1.518 us, UpperFence = 1.609 us
ConfidenceInterval = [1.517 us; 1.615 us] (CI 99.9%), Margin = 0.049 us (3.12% of Mean)
Skewness = 0.22, Kurtosis = 1.33, MValue = 2
-------------------- Histogram --------------------
[1.544 us ; 1.605 us) | @@@@@@
---------------------------------------------------

CodecSuite.Run: campaign(EvaluateOverhead=False, Clock=Armonik.Ffi.Bdn.CpuClock, IterationCount=6, IterationTime=40ms, LaunchCount=1, RunStrategy=Throughput, WarmupCount=25) [Case=core-(...)|drop [36]]
Runtime = .NET 8.0.31 (8.0.31, 8.0.3126.42015), X64 RyuJIT x86-64-v4; GC = Concurrent Workstation
Mean = 1.555 us, StdErr = 0.004 us (0.28%), N = 6, StdDev = 0.011 us
Min = 1.541 us, Q1 = 1.548 us, Median = 1.555 us, Q3 = 1.561 us, Max = 1.570 us
IQR = 0.013 us, LowerFence = 1.529 us, UpperFence = 1.580 us
ConfidenceInterval = [1.525 us; 1.585 us] (CI 99.9%), Margin = 0.030 us (1.90% of Mean)
Skewness = 0.1, Kurtosis = 1.3, MValue = 2
-------------------- Histogram --------------------
[1.538 us ; 1.578 us) | @@@@@@
---------------------------------------------------

CodecSuite.Run: campaign(EvaluateOverhead=False, Clock=Armonik.Ffi.Bdn.CpuClock, IterationCount=6, IterationTime=40ms, LaunchCount=1, RunStrategy=Throughput, WarmupCount=25) [Case=core-(...)etain [38]]
Runtime = .NET 8.0.31 (8.0.31, 8.0.3126.42015), X64 RyuJIT x86-64-v4; GC = Concurrent Workstation
Mean = 392.013 us, StdErr = 0.861 us (0.22%), N = 5, StdDev = 1.926 us
Min = 389.166 us, Q1 = 390.993 us, Median = 392.758 us, Q3 = 393.211 us, Max = 393.935 us
IQR = 2.218 us, LowerFence = 387.665 us, UpperFence = 396.539 us
ConfidenceInterval = [384.597 us; 399.428 us] (CI 99.9%), Margin = 7.415 us (1.89% of Mean)
Skewness = -0.42, Kurtosis = 1.2, MValue = 2
-------------------- Histogram --------------------
[387.688 us ; 395.413 us) | @@@@@
---------------------------------------------------

CodecSuite.Run: campaign(EvaluateOverhead=False, Clock=Armonik.Ffi.Bdn.CpuClock, IterationCount=6, IterationTime=40ms, LaunchCount=1, RunStrategy=Throughput, WarmupCount=25) [Case=core-(...)etain [38]]
Runtime = .NET 8.0.31 (8.0.31, 8.0.3126.42015), X64 RyuJIT x86-64-v4; GC = Concurrent Workstation
Mean = 1.964 ms, StdErr = 0.050 ms (2.53%), N = 6, StdDev = 0.122 ms
Min = 1.867 ms, Q1 = 1.872 ms, Median = 1.906 ms, Q3 = 2.066 ms, Max = 2.125 ms
IQR = 0.194 ms, LowerFence = 1.580 ms, UpperFence = 2.357 ms
ConfidenceInterval = [1.623 ms; 2.305 ms] (CI 99.9%), Margin = 0.341 ms (17.37% of Mean)
Skewness = 0.46, Kurtosis = 1.03, MValue = 2
-------------------- Histogram --------------------
[1.812 ms ; 2.030 ms) | @@@@
[2.030 ms ; 2.213 ms) | @@
---------------------------------------------------

CodecSuite.Run: campaign(EvaluateOverhead=False, Clock=Armonik.Ffi.Bdn.CpuClock, IterationCount=6, IterationTime=40ms, LaunchCount=1, RunStrategy=Throughput, WarmupCount=25) [Case=core-(...)|drop [48]]
Runtime = .NET 8.0.31 (8.0.31, 8.0.3126.42015), X64 RyuJIT x86-64-v4; GC = Concurrent Workstation
Mean = 567.496 ns, StdErr = 8.902 ns (1.57%), N = 5, StdDev = 19.905 ns
Min = 553.945 ns, Q1 = 555.959 ns, Median = 562.539 ns, Q3 = 562.616 ns, Max = 602.421 ns
IQR = 6.657 ns, LowerFence = 545.974 ns, UpperFence = 572.601 ns
ConfidenceInterval = [490.848 ns; 644.144 ns] (CI 99.9%), Margin = 76.648 ns (13.51% of Mean)
Skewness = 0.97, Kurtosis = 1.96, MValue = 2
-------------------- Histogram --------------------
[543.002 ns ; 573.559 ns) | @@@@
[573.559 ns ; 587.143 ns) | 
[587.143 ns ; 617.699 ns) | @
---------------------------------------------------

CodecSuite.Run: campaign(EvaluateOverhead=False, Clock=Armonik.Ffi.Bdn.CpuClock, IterationCount=6, IterationTime=40ms, LaunchCount=1, RunStrategy=Throughput, WarmupCount=25) [Case=core-(...)|drop [36]]
Runtime = .NET 8.0.31 (8.0.31, 8.0.3126.42015), X64 RyuJIT x86-64-v4; GC = Concurrent Workstation
Mean = 1.555 us, StdErr = 0.010 us (0.62%), N = 5, StdDev = 0.022 us
Min = 1.530 us, Q1 = 1.545 us, Median = 1.549 us, Q3 = 1.560 us, Max = 1.588 us
IQR = 0.016 us, LowerFence = 1.521 us, UpperFence = 1.584 us
ConfidenceInterval = [1.471 us; 1.638 us] (CI 99.9%), Margin = 0.084 us (5.38% of Mean)
Skewness = 0.45, Kurtosis = 1.49, MValue = 2
-------------------- Histogram --------------------
[1.529 us ; 1.572 us) | @@@@
[1.572 us ; 1.605 us) | @
---------------------------------------------------

CodecSuite.Run: campaign(EvaluateOverhead=False, Clock=Armonik.Ffi.Bdn.CpuClock, IterationCount=6, IterationTime=40ms, LaunchCount=1, RunStrategy=Throughput, WarmupCount=25) [Case=core-(...)|drop [64]]
Runtime = .NET 8.0.31 (8.0.31, 8.0.3126.42015), X64 RyuJIT x86-64-v4; GC = Concurrent Workstation
Mean = 436.308 ns, StdErr = 2.489 ns (0.57%), N = 6, StdDev = 6.096 ns
Min = 430.706 ns, Q1 = 432.155 ns, Median = 433.856 ns, Q3 = 440.232 ns, Max = 445.481 ns
IQR = 8.078 ns, LowerFence = 420.038 ns, UpperFence = 452.349 ns
ConfidenceInterval = [419.212 ns; 453.403 ns] (CI 99.9%), Margin = 17.096 ns (3.92% of Mean)
Skewness = 0.5, Kurtosis = 1.2, MValue = 2
-------------------- Histogram --------------------
[427.920 ns ; 439.466 ns) | @@@@
[439.466 ns ; 449.885 ns) | @@
---------------------------------------------------

CodecSuite.Run: campaign(EvaluateOverhead=False, Clock=Armonik.Ffi.Bdn.CpuClock, IterationCount=6, IterationTime=40ms, LaunchCount=1, RunStrategy=Throughput, WarmupCount=25) [Case=core-(...)etain [38]]
Runtime = .NET 8.0.31 (8.0.31, 8.0.3126.42015), X64 RyuJIT x86-64-v4; GC = Concurrent Workstation
Mean = 579.691 ns, StdErr = 5.253 ns (0.91%), N = 6, StdDev = 12.868 ns
Min = 560.265 ns, Q1 = 572.049 ns, Median = 581.751 ns, Q3 = 590.104 ns, Max = 592.678 ns
IQR = 18.055 ns, LowerFence = 544.967 ns, UpperFence = 617.187 ns
ConfidenceInterval = [543.608 ns; 615.775 ns] (CI 99.9%), Margin = 36.084 ns (6.22% of Mean)
Skewness = -0.33, Kurtosis = 1.27, MValue = 2
-------------------- Histogram --------------------
[555.496 ns ; 577.168 ns) | @@
[577.168 ns ; 595.757 ns) | @@@@
---------------------------------------------------

CodecSuite.Run: campaign(EvaluateOverhead=False, Clock=Armonik.Ffi.Bdn.CpuClock, IterationCount=6, IterationTime=40ms, LaunchCount=1, RunStrategy=Throughput, WarmupCount=25) [Case=core-(...)|drop [36]]
Runtime = .NET 8.0.31 (8.0.31, 8.0.3126.42015), X64 RyuJIT x86-64-v4; GC = Concurrent Workstation
Mean = 1.903 ms, StdErr = 0.030 ms (1.59%), N = 6, StdDev = 0.074 ms
Min = 1.803 ms, Q1 = 1.860 ms, Median = 1.900 ms, Q3 = 1.945 ms, Max = 2.009 ms
IQR = 0.085 ms, LowerFence = 1.732 ms, UpperFence = 2.073 ms
ConfidenceInterval = [1.695 ms; 2.111 ms] (CI 99.9%), Margin = 0.208 ms (10.92% of Mean)
Skewness = 0.07, Kurtosis = 1.3, MValue = 2
-------------------- Histogram --------------------
[1.750 ms ; 1.850 ms) | @
[1.850 ms ; 1.957 ms) | @@@@
[1.957 ms ; 2.062 ms) | @
---------------------------------------------------

CodecSuite.Run: campaign(EvaluateOverhead=False, Clock=Armonik.Ffi.Bdn.CpuClock, IterationCount=6, IterationTime=40ms, LaunchCount=1, RunStrategy=Throughput, WarmupCount=25) [Case=core-(...)etain [38]]
Runtime = .NET 8.0.31 (8.0.31, 8.0.3126.42015), X64 RyuJIT x86-64-v4; GC = Concurrent Workstation
Mean = 3.485 us, StdErr = 0.050 us (1.44%), N = 5, StdDev = 0.112 us
Min = 3.292 us, Q1 = 3.493 us, Median = 3.526 us, Q3 = 3.533 us, Max = 3.581 us
IQR = 0.039 us, LowerFence = 3.435 us, UpperFence = 3.592 us
ConfidenceInterval = [3.053 us; 3.918 us] (CI 99.9%), Margin = 0.432 us (12.41% of Mean)
Skewness = -0.87, Kurtosis = 1.86, MValue = 2
-------------------- Histogram --------------------
[3.206 us ; 3.378 us) | @
[3.378 us ; 3.451 us) | 
[3.451 us ; 3.623 us) | @@@@
---------------------------------------------------

CodecSuite.Run: campaign(EvaluateOverhead=False, Clock=Armonik.Ffi.Bdn.CpuClock, IterationCount=6, IterationTime=40ms, LaunchCount=1, RunStrategy=Throughput, WarmupCount=25) [Case=core-(...)etain [53]]
Runtime = .NET 8.0.31 (8.0.31, 8.0.3126.42015), X64 RyuJIT x86-64-v4; GC = Concurrent Workstation
Mean = 365.855 ns, StdErr = 10.127 ns (2.77%), N = 5, StdDev = 22.644 ns
Min = 349.792 ns, Q1 = 352.648 ns, Median = 355.576 ns, Q3 = 366.516 ns, Max = 404.745 ns
IQR = 13.868 ns, LowerFence = 331.846 ns, UpperFence = 387.318 ns
ConfidenceInterval = [278.663 ns; 453.048 ns] (CI 99.9%), Margin = 87.192 ns (23.83% of Mean)
Skewness = 0.88, Kurtosis = 1.82, MValue = 2
-------------------- Histogram --------------------
[340.774 ns ; 375.535 ns) | @@@@
[375.535 ns ; 387.364 ns) | 
[387.364 ns ; 422.125 ns) | @
---------------------------------------------------

CodecSuite.Run: campaign(EvaluateOverhead=False, Clock=Armonik.Ffi.Bdn.CpuClock, IterationCount=6, IterationTime=40ms, LaunchCount=1, RunStrategy=Throughput, WarmupCount=25) [Case=core-(...)|drop [74]]
Runtime = .NET 8.0.31 (8.0.31, 8.0.3126.42015), X64 RyuJIT x86-64-v4; GC = Concurrent Workstation
Mean = 3.933 us, StdErr = 0.159 us (4.04%), N = 6, StdDev = 0.389 us
Min = 3.396 us, Q1 = 3.633 us, Median = 4.046 us, Q3 = 4.241 us, Max = 4.311 us
IQR = 0.609 us, LowerFence = 2.719 us, UpperFence = 5.154 us
ConfidenceInterval = [2.842 us; 5.025 us] (CI 99.9%), Margin = 1.091 us (27.75% of Mean)
Skewness = -0.3, Kurtosis = 1.03, MValue = 2
-------------------- Histogram --------------------
[3.190 us ; 3.821 us) | @@
[3.821 us ; 4.383 us) | @@@@
---------------------------------------------------

CodecSuite.Run: campaign(EvaluateOverhead=False, Clock=Armonik.Ffi.Bdn.CpuClock, IterationCount=6, IterationTime=40ms, LaunchCount=1, RunStrategy=Throughput, WarmupCount=25) [Case=core-(...)etain [76]]
Runtime = .NET 8.0.31 (8.0.31, 8.0.3126.42015), X64 RyuJIT x86-64-v4; GC = Concurrent Workstation
Mean = 3.630 us, StdErr = 0.043 us (1.17%), N = 6, StdDev = 0.104 us
Min = 3.535 us, Q1 = 3.572 us, Median = 3.575 us, Q3 = 3.697 us, Max = 3.787 us
IQR = 0.125 us, LowerFence = 3.385 us, UpperFence = 3.884 us
ConfidenceInterval = [3.337 us; 3.923 us] (CI 99.9%), Margin = 0.293 us (8.07% of Mean)
Skewness = 0.54, Kurtosis = 1.19, MValue = 2
-------------------- Histogram --------------------
[3.480 us ; 3.686 us) | @@@@
[3.686 us ; 3.862 us) | @@
---------------------------------------------------

CodecSuite.Run: campaign(EvaluateOverhead=False, Clock=Armonik.Ffi.Bdn.CpuClock, IterationCount=6, IterationTime=40ms, LaunchCount=1, RunStrategy=Throughput, WarmupCount=25) [Case=core-(...)etain [78]]
Runtime = .NET 8.0.31 (8.0.31, 8.0.3126.42015), X64 RyuJIT x86-64-v4; GC = Concurrent Workstation
Mean = 2.849 us, StdErr = 0.012 us (0.42%), N = 6, StdDev = 0.029 us
Min = 2.810 us, Q1 = 2.833 us, Median = 2.846 us, Q3 = 2.865 us, Max = 2.892 us
IQR = 0.032 us, LowerFence = 2.785 us, UpperFence = 2.913 us
ConfidenceInterval = [2.768 us; 2.931 us] (CI 99.9%), Margin = 0.081 us (2.86% of Mean)
Skewness = 0.16, Kurtosis = 1.4, MValue = 2
-------------------- Histogram --------------------
[2.790 us ; 2.913 us) | @@@@@@
---------------------------------------------------

CodecSuite.Run: campaign(EvaluateOverhead=False, Clock=Armonik.Ffi.Bdn.CpuClock, IterationCount=6, IterationTime=40ms, LaunchCount=1, RunStrategy=Throughput, WarmupCount=25) [Case=core-(...)etain [37]]
Runtime = .NET 8.0.31 (8.0.31, 8.0.3126.42015), X64 RyuJIT x86-64-v4; GC = Concurrent Workstation
Mean = 3.646 ms, StdErr = 0.072 ms (1.98%), N = 6, StdDev = 0.176 ms
Min = 3.441 ms, Q1 = 3.540 ms, Median = 3.620 ms, Q3 = 3.714 ms, Max = 3.938 ms
IQR = 0.175 ms, LowerFence = 3.277 ms, UpperFence = 3.976 ms
ConfidenceInterval = [3.152 ms; 4.141 ms] (CI 99.9%), Margin = 0.495 ms (13.57% of Mean)
Skewness = 0.45, Kurtosis = 1.6, MValue = 2
-------------------- Histogram --------------------
[3.313 ms ; 3.502 ms) | @
[3.502 ms ; 3.811 ms) | @@@@
[3.811 ms ; 4.066 ms) | @
---------------------------------------------------

CodecSuite.Run: campaign(EvaluateOverhead=False, Clock=Armonik.Ffi.Bdn.CpuClock, IterationCount=6, IterationTime=40ms, LaunchCount=1, RunStrategy=Throughput, WarmupCount=25) [Case=core-(...)|drop [36]]
Runtime = .NET 8.0.31 (8.0.31, 8.0.3126.42015), X64 RyuJIT x86-64-v4; GC = Concurrent Workstation
Mean = 639.494 us, StdErr = 32.318 us (5.05%), N = 6, StdDev = 79.163 us
Min = 506.652 us, Q1 = 604.471 us, Median = 659.969 us, Q3 = 693.815 us, Max = 719.309 us
IQR = 89.344 us, LowerFence = 470.454 us, UpperFence = 827.831 us
ConfidenceInterval = [417.508 us; 861.481 us] (CI 99.9%), Margin = 221.986 us (34.71% of Mean)
Skewness = -0.56, Kurtosis = 1.58, MValue = 2
-------------------- Histogram --------------------
[492.596 us ; 622.071 us) | @@
[622.071 us ; 736.429 us) | @@@@
---------------------------------------------------

CodecSuite.Run: campaign(EvaluateOverhead=False, Clock=Armonik.Ffi.Bdn.CpuClock, IterationCount=6, IterationTime=40ms, LaunchCount=1, RunStrategy=Throughput, WarmupCount=25) [Case=core-(...)|drop [36]]
Runtime = .NET 8.0.31 (8.0.31, 8.0.3126.42015), X64 RyuJIT x86-64-v4; GC = Concurrent Workstation
Mean = 217.395 ns, StdErr = 7.191 ns (3.31%), N = 6, StdDev = 17.613 ns
Min = 202.076 ns, Q1 = 204.857 ns, Median = 210.435 ns, Q3 = 227.397 ns, Max = 245.375 ns
IQR = 22.540 ns, LowerFence = 171.047 ns, UpperFence = 261.207 ns
ConfidenceInterval = [168.004 ns; 266.786 ns] (CI 99.9%), Margin = 49.391 ns (22.72% of Mean)
Skewness = 0.56, Kurtosis = 1.33, MValue = 2
-------------------- Histogram --------------------
[193.968 ns ; 219.412 ns) | @@@@
[219.412 ns ; 251.790 ns) | @@
---------------------------------------------------

CodecSuite.Run: campaign(EvaluateOverhead=False, Clock=Armonik.Ffi.Bdn.CpuClock, IterationCount=6, IterationTime=40ms, LaunchCount=1, RunStrategy=Throughput, WarmupCount=25) [Case=core-(...)|drop [36]]
Runtime = .NET 8.0.31 (8.0.31, 8.0.3126.42015), X64 RyuJIT x86-64-v4; GC = Concurrent Workstation
Mean = 1.535 ms, StdErr = 0.040 ms (2.61%), N = 6, StdDev = 0.098 ms
Min = 1.431 ms, Q1 = 1.461 ms, Median = 1.518 ms, Q3 = 1.596 ms, Max = 1.682 ms
IQR = 0.135 ms, LowerFence = 1.258 ms, UpperFence = 1.799 ms
ConfidenceInterval = [1.260 ms; 1.810 ms] (CI 99.9%), Margin = 0.275 ms (17.90% of Mean)
Skewness = 0.3, Kurtosis = 1.2, MValue = 2
-------------------- Histogram --------------------
[1.423 ms ; 1.564 ms) | @@@@
[1.564 ms ; 1.717 ms) | @@
---------------------------------------------------

CodecSuite.Run: campaign(EvaluateOverhead=False, Clock=Armonik.Ffi.Bdn.CpuClock, IterationCount=6, IterationTime=40ms, LaunchCount=1, RunStrategy=Throughput, WarmupCount=25) [Case=core-(...)|drop [77]]
Runtime = .NET 8.0.31 (8.0.31, 8.0.3126.42015), X64 RyuJIT x86-64-v4; GC = Concurrent Workstation
Mean = 215.803 ns, StdErr = 2.211 ns (1.02%), N = 5, StdDev = 4.943 ns
Min = 208.355 ns, Q1 = 215.315 ns, Median = 216.066 ns, Q3 = 217.137 ns, Max = 222.142 ns
IQR = 1.822 ns, LowerFence = 212.581 ns, UpperFence = 219.871 ns
ConfidenceInterval = [196.768 ns; 234.838 ns] (CI 99.9%), Margin = 19.035 ns (8.82% of Mean)
Skewness = -0.26, Kurtosis = 1.57, MValue = 2
-------------------- Histogram --------------------
[204.561 ns ; 212.149 ns) | @
[212.149 ns ; 222.523 ns) | @@@@
---------------------------------------------------

CodecSuite.Run: campaign(EvaluateOverhead=False, Clock=Armonik.Ffi.Bdn.CpuClock, IterationCount=6, IterationTime=40ms, LaunchCount=1, RunStrategy=Throughput, WarmupCount=25) [Case=core-(...)|drop [36]]
Runtime = .NET 8.0.31 (8.0.31, 8.0.3126.42015), X64 RyuJIT x86-64-v4; GC = Concurrent Workstation
Mean = 402.125 us, StdErr = 5.307 us (1.32%), N = 6, StdDev = 12.999 us
Min = 390.693 us, Q1 = 393.221 us, Median = 396.520 us, Q3 = 409.615 us, Max = 422.914 us
IQR = 16.394 us, LowerFence = 368.630 us, UpperFence = 434.206 us
ConfidenceInterval = [365.674 us; 438.576 us] (CI 99.9%), Margin = 36.451 us (9.06% of Mean)
Skewness = 0.57, Kurtosis = 1.34, MValue = 2
-------------------- Histogram --------------------
[385.339 us ; 404.117 us) | @@@@
[404.117 us ; 427.462 us) | @@
---------------------------------------------------

CodecSuite.Run: campaign(EvaluateOverhead=False, Clock=Armonik.Ffi.Bdn.CpuClock, IterationCount=6, IterationTime=40ms, LaunchCount=1, RunStrategy=Throughput, WarmupCount=25) [Case=core-(...)etain [38]]
Runtime = .NET 8.0.31 (8.0.31, 8.0.3126.42015), X64 RyuJIT x86-64-v4; GC = Concurrent Workstation
Mean = 706.825 us, StdErr = 40.819 us (5.77%), N = 6, StdDev = 99.985 us
Min = 607.632 us, Q1 = 632.028 us, Median = 678.393 us, Q3 = 770.038 us, Max = 859.373 us
IQR = 138.010 us, LowerFence = 425.013 us, UpperFence = 977.054 us
ConfidenceInterval = [426.448 us; 987.202 us] (CI 99.9%), Margin = 280.377 us (39.67% of Mean)
Skewness = 0.42, Kurtosis = 1.24, MValue = 2
-------------------- Histogram --------------------
[583.311 us ; 727.748 us) | @@@@
[727.748 us ; 898.026 us) | @@
---------------------------------------------------

CodecSuite.Run: campaign(EvaluateOverhead=False, Clock=Armonik.Ffi.Bdn.CpuClock, IterationCount=6, IterationTime=40ms, LaunchCount=1, RunStrategy=Throughput, WarmupCount=25) [Case=core-(...)etain [50]]
Runtime = .NET 8.0.31 (8.0.31, 8.0.3126.42015), X64 RyuJIT x86-64-v4; GC = Concurrent Workstation
Mean = 715.760 ns, StdErr = 13.239 ns (1.85%), N = 6, StdDev = 32.429 ns
Min = 683.257 ns, Q1 = 693.241 ns, Median = 704.960 ns, Q3 = 737.984 ns, Max = 763.057 ns
IQR = 44.743 ns, LowerFence = 626.127 ns, UpperFence = 805.098 ns
ConfidenceInterval = [624.823 ns; 806.697 ns] (CI 99.9%), Margin = 90.937 ns (12.70% of Mean)
Skewness = 0.42, Kurtosis = 1.16, MValue = 2
-------------------- Histogram --------------------
[671.693 ns ; 732.265 ns) | @@@@
[732.265 ns ; 786.481 ns) | @@
---------------------------------------------------

CodecSuite.Run: campaign(EvaluateOverhead=False, Clock=Armonik.Ffi.Bdn.CpuClock, IterationCount=6, IterationTime=40ms, LaunchCount=1, RunStrategy=Throughput, WarmupCount=25) [Case=core-(...)|drop [36]]
Runtime = .NET 8.0.31 (8.0.31, 8.0.3126.42015), X64 RyuJIT x86-64-v4; GC = Concurrent Workstation
Mean = 2.059 ms, StdErr = 0.028 ms (1.38%), N = 5, StdDev = 0.064 ms
Min = 1.970 ms, Q1 = 2.016 ms, Median = 2.092 ms, Q3 = 2.095 ms, Max = 2.122 ms
IQR = 0.079 ms, LowerFence = 1.897 ms, UpperFence = 2.214 ms
ConfidenceInterval = [1.814 ms; 2.304 ms] (CI 99.9%), Margin = 0.245 ms (11.89% of Mean)
Skewness = -0.36, Kurtosis = 1.05, MValue = 2
-------------------- Histogram --------------------
[1.944 ms ; 2.058 ms) | @@
[2.058 ms ; 2.170 ms) | @@@
---------------------------------------------------

CodecSuite.Run: campaign(EvaluateOverhead=False, Clock=Armonik.Ffi.Bdn.CpuClock, IterationCount=6, IterationTime=40ms, LaunchCount=1, RunStrategy=Throughput, WarmupCount=25) [Case=core-(...)etain [52]]
Runtime = .NET 8.0.31 (8.0.31, 8.0.3126.42015), X64 RyuJIT x86-64-v4; GC = Concurrent Workstation
Mean = 3.150 us, StdErr = 0.010 us (0.32%), N = 5, StdDev = 0.023 us
Min = 3.118 us, Q1 = 3.139 us, Median = 3.154 us, Q3 = 3.161 us, Max = 3.178 us
IQR = 0.022 us, LowerFence = 3.107 us, UpperFence = 3.193 us
ConfidenceInterval = [3.062 us; 3.238 us] (CI 99.9%), Margin = 0.088 us (2.79% of Mean)
Skewness = -0.18, Kurtosis = 1.28, MValue = 2
-------------------- Histogram --------------------
[3.100 us ; 3.181 us) | @@@@@
---------------------------------------------------

CodecSuite.Run: campaign(EvaluateOverhead=False, Clock=Armonik.Ffi.Bdn.CpuClock, IterationCount=6, IterationTime=40ms, LaunchCount=1, RunStrategy=Throughput, WarmupCount=25) [Case=core-(...)|drop [36]]
Runtime = .NET 8.0.31 (8.0.31, 8.0.3126.42015), X64 RyuJIT x86-64-v4; GC = Concurrent Workstation
Mean = 408.183 us, StdErr = 28.671 us (7.02%), N = 6, StdDev = 70.229 us
Min = 330.159 us, Q1 = 364.804 us, Median = 391.302 us, Q3 = 440.871 us, Max = 522.969 us
IQR = 76.067 us, LowerFence = 250.704 us, UpperFence = 554.971 us
ConfidenceInterval = [211.247 us; 605.119 us] (CI 99.9%), Margin = 196.936 us (48.25% of Mean)
Skewness = 0.48, Kurtosis = 1.52, MValue = 2
-------------------- Histogram --------------------
[312.941 us ; 438.476 us) | @@@@
[438.476 us ; 539.929 us) | @@
---------------------------------------------------

CodecSuite.Run: campaign(EvaluateOverhead=False, Clock=Armonik.Ffi.Bdn.CpuClock, IterationCount=6, IterationTime=40ms, LaunchCount=1, RunStrategy=Throughput, WarmupCount=25) [Case=core-(...)etain [38]]
Runtime = .NET 8.0.31 (8.0.31, 8.0.3126.42015), X64 RyuJIT x86-64-v4; GC = Concurrent Workstation
Mean = 30.953 us, StdErr = 0.306 us (0.99%), N = 5, StdDev = 0.684 us
Min = 30.179 us, Q1 = 30.638 us, Median = 30.792 us, Q3 = 31.153 us, Max = 32.004 us
IQR = 0.516 us, LowerFence = 29.864 us, UpperFence = 31.927 us
ConfidenceInterval = [28.320 us; 33.587 us] (CI 99.9%), Margin = 2.633 us (8.51% of Mean)
Skewness = 0.42, Kurtosis = 1.46, MValue = 2
-------------------- Histogram --------------------
[30.141 us ; 31.479 us) | @@@@
[31.479 us ; 32.529 us) | @
---------------------------------------------------

CodecSuite.Run: campaign(EvaluateOverhead=False, Clock=Armonik.Ffi.Bdn.CpuClock, IterationCount=6, IterationTime=40ms, LaunchCount=1, RunStrategy=Throughput, WarmupCount=25) [Case=core-(...)|drop [76]]
Runtime = .NET 8.0.31 (8.0.31, 8.0.3126.42015), X64 RyuJIT x86-64-v4; GC = Concurrent Workstation
Mean = 2.843 us, StdErr = 0.020 us (0.72%), N = 5, StdDev = 0.045 us
Min = 2.802 us, Q1 = 2.813 us, Median = 2.818 us, Q3 = 2.877 us, Max = 2.906 us
IQR = 0.064 us, LowerFence = 2.716 us, UpperFence = 2.973 us
ConfidenceInterval = [2.668 us; 3.018 us] (CI 99.9%), Margin = 0.175 us (6.16% of Mean)
Skewness = 0.36, Kurtosis = 0.96, MValue = 2
-------------------- Histogram --------------------
[2.775 us ; 2.845 us) | @@@
[2.845 us ; 2.926 us) | @@
---------------------------------------------------

CodecSuite.Run: campaign(EvaluateOverhead=False, Clock=Armonik.Ffi.Bdn.CpuClock, IterationCount=6, IterationTime=40ms, LaunchCount=1, RunStrategy=Throughput, WarmupCount=25) [Case=core-(...)|drop [36]]
Runtime = .NET 8.0.31 (8.0.31, 8.0.3126.42015), X64 RyuJIT x86-64-v4; GC = Concurrent Workstation
Mean = 556.776 ns, StdErr = 3.745 ns (0.67%), N = 6, StdDev = 9.173 ns
Min = 545.564 ns, Q1 = 550.914 ns, Median = 556.244 ns, Q3 = 560.526 ns, Max = 571.518 ns
IQR = 9.612 ns, LowerFence = 536.496 ns, UpperFence = 574.943 ns
ConfidenceInterval = [531.053 ns; 582.500 ns] (CI 99.9%), Margin = 25.724 ns (4.62% of Mean)
Skewness = 0.33, Kurtosis = 1.55, MValue = 2
-------------------- Histogram --------------------
[538.938 ns ; 562.171 ns) | @@@@@
[562.171 ns ; 578.144 ns) | @
---------------------------------------------------

CodecSuite.Run: campaign(EvaluateOverhead=False, Clock=Armonik.Ffi.Bdn.CpuClock, IterationCount=6, IterationTime=40ms, LaunchCount=1, RunStrategy=Throughput, WarmupCount=25) [Case=core-(...)etain [38]]
Runtime = .NET 8.0.31 (8.0.31, 8.0.3126.42015), X64 RyuJIT x86-64-v4; GC = Concurrent Workstation
Mean = 21.760 us, StdErr = 0.178 us (0.82%), N = 5, StdDev = 0.399 us
Min = 21.261 us, Q1 = 21.510 us, Median = 21.843 us, Q3 = 21.872 us, Max = 22.312 us
IQR = 0.363 us, LowerFence = 20.965 us, UpperFence = 22.417 us
ConfidenceInterval = [20.224 us; 23.296 us] (CI 99.9%), Margin = 1.536 us (7.06% of Mean)
Skewness = 0.1, Kurtosis = 1.26, MValue = 2
-------------------- Histogram --------------------
[21.261 us ; 22.006 us) | @@@@
[22.006 us ; 22.619 us) | @
---------------------------------------------------

CodecSuite.Run: campaign(EvaluateOverhead=False, Clock=Armonik.Ffi.Bdn.CpuClock, IterationCount=6, IterationTime=40ms, LaunchCount=1, RunStrategy=Throughput, WarmupCount=25) [Case=core-(...)etain [38]]
Runtime = .NET 8.0.31 (8.0.31, 8.0.3126.42015), X64 RyuJIT x86-64-v4; GC = Concurrent Workstation
Mean = 296.233 us, StdErr = 3.101 us (1.05%), N = 6, StdDev = 7.596 us
Min = 289.609 us, Q1 = 290.667 us, Median = 293.128 us, Q3 = 301.032 us, Max = 308.016 us
IQR = 10.365 us, LowerFence = 275.120 us, UpperFence = 316.580 us
ConfidenceInterval = [274.932 us; 317.534 us] (CI 99.9%), Margin = 21.301 us (7.19% of Mean)
Skewness = 0.5, Kurtosis = 1.25, MValue = 2
-------------------- Histogram --------------------
[286.957 us ; 297.931 us) | @@@@
[297.931 us ; 310.970 us) | @@
---------------------------------------------------

CodecSuite.Run: campaign(EvaluateOverhead=False, Clock=Armonik.Ffi.Bdn.CpuClock, IterationCount=6, IterationTime=40ms, LaunchCount=1, RunStrategy=Throughput, WarmupCount=25) [Case=core-(...)|drop [36]]
Runtime = .NET 8.0.31 (8.0.31, 8.0.3126.42015), X64 RyuJIT x86-64-v4; GC = Concurrent Workstation
Mean = 300.067 us, StdErr = 2.069 us (0.69%), N = 5, StdDev = 4.626 us
Min = 295.530 us, Q1 = 297.126 us, Median = 297.907 us, Q3 = 303.263 us, Max = 306.507 us
IQR = 6.136 us, LowerFence = 287.922 us, UpperFence = 312.467 us
ConfidenceInterval = [282.254 us; 317.879 us] (CI 99.9%), Margin = 17.812 us (5.94% of Mean)
Skewness = 0.35, Kurtosis = 1.02, MValue = 2
-------------------- Histogram --------------------
[293.168 us ; 301.335 us) | @@@
[301.335 us ; 308.436 us) | @@
---------------------------------------------------

CodecSuite.Run: campaign(EvaluateOverhead=False, Clock=Armonik.Ffi.Bdn.CpuClock, IterationCount=6, IterationTime=40ms, LaunchCount=1, RunStrategy=Throughput, WarmupCount=25) [Case=core-(...)|drop [37]]
Runtime = .NET 8.0.31 (8.0.31, 8.0.3126.42015), X64 RyuJIT x86-64-v4; GC = Concurrent Workstation
Mean = 2.679 ms, StdErr = 0.054 ms (2.02%), N = 5, StdDev = 0.121 ms
Min = 2.568 ms, Q1 = 2.611 ms, Median = 2.620 ms, Q3 = 2.726 ms, Max = 2.868 ms
IQR = 0.115 ms, LowerFence = 2.439 ms, UpperFence = 2.898 ms
ConfidenceInterval = [2.213 ms; 3.144 ms] (CI 99.9%), Margin = 0.466 ms (17.39% of Mean)
Skewness = 0.57, Kurtosis = 1.39, MValue = 2
-------------------- Histogram --------------------
[2.554 ms ; 2.740 ms) | @@@@
[2.740 ms ; 2.961 ms) | @
---------------------------------------------------

CodecSuite.Run: campaign(EvaluateOverhead=False, Clock=Armonik.Ffi.Bdn.CpuClock, IterationCount=6, IterationTime=40ms, LaunchCount=1, RunStrategy=Throughput, WarmupCount=25) [Case=core-(...)|drop [35]]
Runtime = .NET 8.0.31 (8.0.31, 8.0.3126.42015), X64 RyuJIT x86-64-v4; GC = Concurrent Workstation
Mean = 3.330 ms, StdErr = 0.033 ms (0.98%), N = 6, StdDev = 0.080 ms
Min = 3.230 ms, Q1 = 3.262 ms, Median = 3.348 ms, Q3 = 3.392 ms, Max = 3.413 ms
IQR = 0.130 ms, LowerFence = 3.067 ms, UpperFence = 3.587 ms
ConfidenceInterval = [3.106 ms; 3.554 ms] (CI 99.9%), Margin = 0.224 ms (6.72% of Mean)
Skewness = -0.26, Kurtosis = 1.04, MValue = 2
-------------------- Histogram --------------------
[3.172 ms ; 3.291 ms) | @@
[3.291 ms ; 3.433 ms) | @@@@
---------------------------------------------------

CodecSuite.Run: campaign(EvaluateOverhead=False, Clock=Armonik.Ffi.Bdn.CpuClock, IterationCount=6, IterationTime=40ms, LaunchCount=1, RunStrategy=Throughput, WarmupCount=25) [Case=core-(...)etain [39]]
Runtime = .NET 8.0.31 (8.0.31, 8.0.3126.42015), X64 RyuJIT x86-64-v4; GC = Concurrent Workstation
Mean = 2.577 ms, StdErr = 0.046 ms (1.78%), N = 5, StdDev = 0.102 ms
Min = 2.431 ms, Q1 = 2.507 ms, Median = 2.635 ms, Q3 = 2.648 ms, Max = 2.663 ms
IQR = 0.141 ms, LowerFence = 2.296 ms, UpperFence = 2.859 ms
ConfidenceInterval = [2.183 ms; 2.971 ms] (CI 99.9%), Margin = 0.394 ms (15.28% of Mean)
Skewness = -0.41, Kurtosis = 1.03, MValue = 2
-------------------- Histogram --------------------
[2.353 ms ; 2.507 ms) | @
[2.507 ms ; 2.664 ms) | @@@@
---------------------------------------------------

CodecSuite.Run: campaign(EvaluateOverhead=False, Clock=Armonik.Ffi.Bdn.CpuClock, IterationCount=6, IterationTime=40ms, LaunchCount=1, RunStrategy=Throughput, WarmupCount=25) [Case=core-(...)etain [66]]
Runtime = .NET 8.0.31 (8.0.31, 8.0.3126.42015), X64 RyuJIT x86-64-v4; GC = Concurrent Workstation
Mean = 546.621 ns, StdErr = 16.805 ns (3.07%), N = 6, StdDev = 41.163 ns
Min = 507.859 ns, Q1 = 517.180 ns, Median = 531.846 ns, Q3 = 574.612 ns, Max = 607.014 ns
IQR = 57.432 ns, LowerFence = 431.033 ns, UpperFence = 660.759 ns
ConfidenceInterval = [431.191 ns; 662.050 ns] (CI 99.9%), Margin = 115.429 ns (21.12% of Mean)
Skewness = 0.45, Kurtosis = 1.16, MValue = 2
-------------------- Histogram --------------------
[490.938 ns ; 567.936 ns) | @@@@
[567.936 ns ; 636.746 ns) | @@
---------------------------------------------------

CodecSuite.Run: campaign(EvaluateOverhead=False, Clock=Armonik.Ffi.Bdn.CpuClock, IterationCount=6, IterationTime=40ms, LaunchCount=1, RunStrategy=Throughput, WarmupCount=25) [Case=core-(...)|drop [36]]
Runtime = .NET 8.0.31 (8.0.31, 8.0.3126.42015), X64 RyuJIT x86-64-v4; GC = Concurrent Workstation
Mean = 3.379 us, StdErr = 0.111 us (3.28%), N = 6, StdDev = 0.271 us
Min = 3.126 us, Q1 = 3.203 us, Median = 3.285 us, Q3 = 3.488 us, Max = 3.847 us
IQR = 0.285 us, LowerFence = 2.775 us, UpperFence = 3.915 us
ConfidenceInterval = [2.618 us; 4.140 us] (CI 99.9%), Margin = 0.761 us (22.53% of Mean)
Skewness = 0.68, Kurtosis = 1.67, MValue = 2
-------------------- Histogram --------------------
[3.020 us ; 3.412 us) | @@@@
[3.412 us ; 3.893 us) | @@
---------------------------------------------------

CodecSuite.Run: campaign(EvaluateOverhead=False, Clock=Armonik.Ffi.Bdn.CpuClock, IterationCount=6, IterationTime=40ms, LaunchCount=1, RunStrategy=Throughput, WarmupCount=25) [Case=core-(...)etain [38]]
Runtime = .NET 8.0.31 (8.0.31, 8.0.3126.42015), X64 RyuJIT x86-64-v4; GC = Concurrent Workstation
Mean = 1.450 ms, StdErr = 0.023 ms (1.59%), N = 6, StdDev = 0.056 ms
Min = 1.384 ms, Q1 = 1.410 ms, Median = 1.450 ms, Q3 = 1.471 ms, Max = 1.541 ms
IQR = 0.061 ms, LowerFence = 1.319 ms, UpperFence = 1.562 ms
ConfidenceInterval = [1.292 ms; 1.608 ms] (CI 99.9%), Margin = 0.158 ms (10.90% of Mean)
Skewness = 0.33, Kurtosis = 1.54, MValue = 2
-------------------- Histogram --------------------
[1.381 ms ; 1.462 ms) | @@@@
[1.462 ms ; 1.548 ms) | @@
---------------------------------------------------

CodecSuite.Run: campaign(EvaluateOverhead=False, Clock=Armonik.Ffi.Bdn.CpuClock, IterationCount=6, IterationTime=40ms, LaunchCount=1, RunStrategy=Throughput, WarmupCount=25) [Case=core-(...)|drop [36]]
Runtime = .NET 8.0.31 (8.0.31, 8.0.3126.42015), X64 RyuJIT x86-64-v4; GC = Concurrent Workstation
Mean = 29.901 us, StdErr = 0.127 us (0.42%), N = 5, StdDev = 0.284 us
Min = 29.647 us, Q1 = 29.695 us, Median = 29.898 us, Q3 = 29.900 us, Max = 30.365 us
IQR = 0.205 us, LowerFence = 29.388 us, UpperFence = 30.208 us
ConfidenceInterval = [28.809 us; 30.993 us] (CI 99.9%), Margin = 1.092 us (3.65% of Mean)
Skewness = 0.65, Kurtosis = 1.61, MValue = 2
-------------------- Histogram --------------------
[29.476 us ; 30.582 us) | @@@@@
---------------------------------------------------

CodecSuite.Run: campaign(EvaluateOverhead=False, Clock=Armonik.Ffi.Bdn.CpuClock, IterationCount=6, IterationTime=40ms, LaunchCount=1, RunStrategy=Throughput, WarmupCount=25) [Case=core-(...)|drop [36]]
Runtime = .NET 8.0.31 (8.0.31, 8.0.3126.42015), X64 RyuJIT x86-64-v4; GC = Concurrent Workstation
Mean = 2.054 ms, StdErr = 0.012 ms (0.58%), N = 5, StdDev = 0.027 ms
Min = 2.028 ms, Q1 = 2.038 ms, Median = 2.046 ms, Q3 = 2.061 ms, Max = 2.096 ms
IQR = 0.024 ms, LowerFence = 2.002 ms, UpperFence = 2.097 ms
ConfidenceInterval = [1.952 ms; 2.156 ms] (CI 99.9%), Margin = 0.102 ms (4.98% of Mean)
Skewness = 0.58, Kurtosis = 1.49, MValue = 2
-------------------- Histogram --------------------
[2.024 ms ; 2.117 ms) | @@@@@
---------------------------------------------------

CodecSuite.Run: campaign(EvaluateOverhead=False, Clock=Armonik.Ffi.Bdn.CpuClock, IterationCount=6, IterationTime=40ms, LaunchCount=1, RunStrategy=Throughput, WarmupCount=25) [Case=core-(...)|drop [36]]
Runtime = .NET 8.0.31 (8.0.31, 8.0.3126.42015), X64 RyuJIT x86-64-v4; GC = Concurrent Workstation
Mean = 57.535 us, StdErr = 0.077 us (0.13%), N = 5, StdDev = 0.172 us
Min = 57.306 us, Q1 = 57.490 us, Median = 57.536 us, Q3 = 57.556 us, Max = 57.787 us
IQR = 0.066 us, LowerFence = 57.392 us, UpperFence = 57.654 us
ConfidenceInterval = [56.873 us; 58.197 us] (CI 99.9%), Margin = 0.662 us (1.15% of Mean)
Skewness = 0.16, Kurtosis = 1.55, MValue = 2
-------------------- Histogram --------------------
[57.174 us ; 57.919 us) | @@@@@
---------------------------------------------------

CodecSuite.Run: campaign(EvaluateOverhead=False, Clock=Armonik.Ffi.Bdn.CpuClock, IterationCount=6, IterationTime=40ms, LaunchCount=1, RunStrategy=Throughput, WarmupCount=25) [Case=core-(...)|drop [51]]
Runtime = .NET 8.0.31 (8.0.31, 8.0.3126.42015), X64 RyuJIT x86-64-v4; GC = Concurrent Workstation
Mean = 294.085 ns, StdErr = 4.103 ns (1.40%), N = 5, StdDev = 9.176 ns
Min = 279.309 ns, Q1 = 292.814 ns, Median = 296.978 ns, Q3 = 297.348 ns, Max = 303.975 ns
IQR = 4.534 ns, LowerFence = 286.014 ns, UpperFence = 304.148 ns
ConfidenceInterval = [258.753 ns; 329.417 ns] (CI 99.9%), Margin = 35.332 ns (12.01% of Mean)
Skewness = -0.57, Kurtosis = 1.62, MValue = 2
-------------------- Histogram --------------------
[272.266 ns ; 286.352 ns) | @
[286.352 ns ; 305.438 ns) | @@@@
---------------------------------------------------

CodecSuite.Run: campaign(EvaluateOverhead=False, Clock=Armonik.Ffi.Bdn.CpuClock, IterationCount=6, IterationTime=40ms, LaunchCount=1, RunStrategy=Throughput, WarmupCount=25) [Case=core-(...)etain [38]]
Runtime = .NET 8.0.31 (8.0.31, 8.0.3126.42015), X64 RyuJIT x86-64-v4; GC = Concurrent Workstation
Mean = 1.631 us, StdErr = 0.023 us (1.40%), N = 6, StdDev = 0.056 us
Min = 1.575 us, Q1 = 1.594 us, Median = 1.616 us, Q3 = 1.651 us, Max = 1.728 us
IQR = 0.057 us, LowerFence = 1.509 us, UpperFence = 1.736 us
ConfidenceInterval = [1.474 us; 1.788 us] (CI 99.9%), Margin = 0.157 us (9.64% of Mean)
Skewness = 0.63, Kurtosis = 1.71, MValue = 2
-------------------- Histogram --------------------
[1.575 us ; 1.687 us) | @@@@@
[1.687 us ; 1.768 us) | @
---------------------------------------------------

CodecSuite.Run: campaign(EvaluateOverhead=False, Clock=Armonik.Ffi.Bdn.CpuClock, IterationCount=6, IterationTime=40ms, LaunchCount=1, RunStrategy=Throughput, WarmupCount=25) [Case=core-(...)|drop [36]]
Runtime = .NET 8.0.31 (8.0.31, 8.0.3126.42015), X64 RyuJIT x86-64-v4; GC = Concurrent Workstation
Mean = 21.515 us, StdErr = 0.350 us (1.63%), N = 6, StdDev = 0.858 us
Min = 20.691 us, Q1 = 20.973 us, Median = 21.136 us, Q3 = 22.238 us, Max = 22.606 us
IQR = 1.264 us, LowerFence = 19.077 us, UpperFence = 24.134 us
ConfidenceInterval = [19.110 us; 23.920 us] (CI 99.9%), Margin = 2.405 us (11.18% of Mean)
Skewness = 0.45, Kurtosis = 1.05, MValue = 3
-------------------- Histogram --------------------
[20.304 us ; 21.543 us) | @@@@
[21.543 us ; 21.983 us) | 
[21.983 us ; 23.225 us) | @@
---------------------------------------------------

CodecSuite.Run: campaign(EvaluateOverhead=False, Clock=Armonik.Ffi.Bdn.CpuClock, IterationCount=6, IterationTime=40ms, LaunchCount=1, RunStrategy=Throughput, WarmupCount=25) [Case=core-(...)etain [38]]
Runtime = .NET 8.0.31 (8.0.31, 8.0.3126.42015), X64 RyuJIT x86-64-v4; GC = Concurrent Workstation
Mean = 370.096 us, StdErr = 22.533 us (6.09%), N = 6, StdDev = 55.194 us
Min = 322.908 us, Q1 = 330.883 us, Median = 345.912 us, Q3 = 405.255 us, Max = 454.934 us
IQR = 74.372 us, LowerFence = 219.326 us, UpperFence = 516.812 us
ConfidenceInterval = [215.322 us; 524.870 us] (CI 99.9%), Margin = 154.774 us (41.82% of Mean)
Skewness = 0.54, Kurtosis = 1.23, MValue = 2
-------------------- Histogram --------------------
[297.798 us ; 377.531 us) | @@@@
[377.531 us ; 478.767 us) | @@
---------------------------------------------------

CodecSuite.Run: campaign(EvaluateOverhead=False, Clock=Armonik.Ffi.Bdn.CpuClock, IterationCount=6, IterationTime=40ms, LaunchCount=1, RunStrategy=Throughput, WarmupCount=25) [Case=core-(...)|drop [50]]
Runtime = .NET 8.0.31 (8.0.31, 8.0.3126.42015), X64 RyuJIT x86-64-v4; GC = Concurrent Workstation
Mean = 2.918 us, StdErr = 0.006 us (0.20%), N = 5, StdDev = 0.013 us
Min = 2.906 us, Q1 = 2.910 us, Median = 2.911 us, Q3 = 2.926 us, Max = 2.938 us
IQR = 0.016 us, LowerFence = 2.887 us, UpperFence = 2.950 us
ConfidenceInterval = [2.867 us; 2.969 us] (CI 99.9%), Margin = 0.051 us (1.75% of Mean)
Skewness = 0.43, Kurtosis = 1.11, MValue = 2
-------------------- Histogram --------------------
[2.896 us ; 2.948 us) | @@@@@
---------------------------------------------------

CodecSuite.Run: campaign(EvaluateOverhead=False, Clock=Armonik.Ffi.Bdn.CpuClock, IterationCount=6, IterationTime=40ms, LaunchCount=1, RunStrategy=Throughput, WarmupCount=25) [Case=core-(...)etain [38]]
Runtime = .NET 8.0.31 (8.0.31, 8.0.3126.42015), X64 RyuJIT x86-64-v4; GC = Concurrent Workstation
Mean = 5.572 us, StdErr = 0.110 us (1.97%), N = 6, StdDev = 0.268 us
Min = 5.276 us, Q1 = 5.398 us, Median = 5.509 us, Q3 = 5.713 us, Max = 5.997 us
IQR = 0.315 us, LowerFence = 4.925 us, UpperFence = 6.185 us
ConfidenceInterval = [4.820 us; 6.325 us] (CI 99.9%), Margin = 0.753 us (13.51% of Mean)
Skewness = 0.39, Kurtosis = 1.38, MValue = 2
-------------------- Histogram --------------------
[5.254 us ; 5.641 us) | @@@@
[5.641 us ; 6.065 us) | @@
---------------------------------------------------

CodecSuite.Run: campaign(EvaluateOverhead=False, Clock=Armonik.Ffi.Bdn.CpuClock, IterationCount=6, IterationTime=40ms, LaunchCount=1, RunStrategy=Throughput, WarmupCount=25) [Case=core-(...)etain [38]]
Runtime = .NET 8.0.31 (8.0.31, 8.0.3126.42015), X64 RyuJIT x86-64-v4; GC = Concurrent Workstation
Mean = 209.240 ns, StdErr = 1.095 ns (0.52%), N = 6, StdDev = 2.683 ns
Min = 205.955 ns, Q1 = 207.549 ns, Median = 208.932 ns, Q3 = 210.544 ns, Max = 213.454 ns
IQR = 2.995 ns, LowerFence = 203.056 ns, UpperFence = 215.037 ns
ConfidenceInterval = [201.716 ns; 216.764 ns] (CI 99.9%), Margin = 7.524 ns (3.60% of Mean)
Skewness = 0.31, Kurtosis = 1.47, MValue = 2
-------------------- Histogram --------------------
[205.607 ns ; 214.309 ns) | @@@@@@
---------------------------------------------------

CodecSuite.Run: campaign(EvaluateOverhead=False, Clock=Armonik.Ffi.Bdn.CpuClock, IterationCount=6, IterationTime=40ms, LaunchCount=1, RunStrategy=Throughput, WarmupCount=25) [Case=core-(...)etain [38]]
Runtime = .NET 8.0.31 (8.0.31, 8.0.3126.42015), X64 RyuJIT x86-64-v4; GC = Concurrent Workstation
Mean = 59.017 us, StdErr = 0.983 us (1.67%), N = 6, StdDev = 2.409 us
Min = 56.057 us, Q1 = 57.500 us, Median = 58.685 us, Q3 = 60.331 us, Max = 62.692 us
IQR = 2.831 us, LowerFence = 53.253 us, UpperFence = 64.578 us
ConfidenceInterval = [52.263 us; 65.771 us] (CI 99.9%), Margin = 6.754 us (11.44% of Mean)
Skewness = 0.27, Kurtosis = 1.38, MValue = 2
-------------------- Histogram --------------------
[55.806 us ; 59.285 us) | @@@@
[59.285 us ; 63.467 us) | @@
---------------------------------------------------

CodecSuite.Run: campaign(EvaluateOverhead=False, Clock=Armonik.Ffi.Bdn.CpuClock, IterationCount=6, IterationTime=40ms, LaunchCount=1, RunStrategy=Throughput, WarmupCount=25) [Case=core-(...)etain [79]]
Runtime = .NET 8.0.31 (8.0.31, 8.0.3126.42015), X64 RyuJIT x86-64-v4; GC = Concurrent Workstation
Mean = 272.298 ns, StdErr = 2.219 ns (0.82%), N = 6, StdDev = 5.437 ns
Min = 265.506 ns, Q1 = 269.441 ns, Median = 270.824 ns, Q3 = 275.701 ns, Max = 280.329 ns
IQR = 6.260 ns, LowerFence = 260.052 ns, UpperFence = 285.090 ns
ConfidenceInterval = [257.053 ns; 287.543 ns] (CI 99.9%), Margin = 15.245 ns (5.60% of Mean)
Skewness = 0.27, Kurtosis = 1.31, MValue = 2
-------------------- Histogram --------------------
[264.844 ns ; 272.697 ns) | @@@@
[272.697 ns ; 282.553 ns) | @@
---------------------------------------------------

CodecSuite.Run: campaign(EvaluateOverhead=False, Clock=Armonik.Ffi.Bdn.CpuClock, IterationCount=6, IterationTime=40ms, LaunchCount=1, RunStrategy=Throughput, WarmupCount=25) [Case=core-(...)etain [38]]
Runtime = .NET 8.0.31 (8.0.31, 8.0.3126.42015), X64 RyuJIT x86-64-v4; GC = Concurrent Workstation
Mean = 1.871 ms, StdErr = 0.037 ms (1.95%), N = 6, StdDev = 0.090 ms
Min = 1.757 ms, Q1 = 1.799 ms, Median = 1.882 ms, Q3 = 1.945 ms, Max = 1.969 ms
IQR = 0.147 ms, LowerFence = 1.579 ms, UpperFence = 2.165 ms
ConfidenceInterval = [1.620 ms; 2.122 ms] (CI 99.9%), Margin = 0.251 ms (13.42% of Mean)
Skewness = -0.15, Kurtosis = 1.03, MValue = 2
-------------------- Histogram --------------------
[1.693 ms ; 1.832 ms) | @@
[1.832 ms ; 1.980 ms) | @@@@
---------------------------------------------------

CodecSuite.Run: campaign(EvaluateOverhead=False, Clock=Armonik.Ffi.Bdn.CpuClock, IterationCount=6, IterationTime=40ms, LaunchCount=1, RunStrategy=Throughput, WarmupCount=25) [Case=core-(...)|drop [36]]
Runtime = .NET 8.0.31 (8.0.31, 8.0.3126.42015), X64 RyuJIT x86-64-v4; GC = Concurrent Workstation
Mean = 6.594 us, StdErr = 0.101 us (1.53%), N = 5, StdDev = 0.226 us
Min = 6.270 us, Q1 = 6.517 us, Median = 6.570 us, Q3 = 6.775 us, Max = 6.840 us
IQR = 0.258 us, LowerFence = 6.130 us, UpperFence = 7.161 us
ConfidenceInterval = [5.724 us; 7.465 us] (CI 99.9%), Margin = 0.871 us (13.21% of Mean)
Skewness = -0.24, Kurtosis = 1.21, MValue = 2
-------------------- Histogram --------------------
[6.096 us ; 6.505 us) | @
[6.505 us ; 6.852 us) | @@@@
---------------------------------------------------

CodecSuite.Run: campaign(EvaluateOverhead=False, Clock=Armonik.Ffi.Bdn.CpuClock, IterationCount=6, IterationTime=40ms, LaunchCount=1, RunStrategy=Throughput, WarmupCount=25) [Case=core-(...)etain [38]]
Runtime = .NET 8.0.31 (8.0.31, 8.0.3126.42015), X64 RyuJIT x86-64-v4; GC = Concurrent Workstation
Mean = 2.147 ms, StdErr = 0.034 ms (1.57%), N = 6, StdDev = 0.083 ms
Min = 2.057 ms, Q1 = 2.090 ms, Median = 2.130 ms, Q3 = 2.186 ms, Max = 2.280 ms
IQR = 0.096 ms, LowerFence = 1.947 ms, UpperFence = 2.330 ms
ConfidenceInterval = [1.915 ms; 2.378 ms] (CI 99.9%), Margin = 0.231 ms (10.78% of Mean)
Skewness = 0.45, Kurtosis = 1.48, MValue = 2
-------------------- Histogram --------------------
[2.038 ms ; 2.182 ms) | @@@@
[2.182 ms ; 2.301 ms) | @@
---------------------------------------------------

// * Summary *

BenchmarkDotNet v0.15.8, Linux Ubuntu 24.04.4 LTS (Noble Numbat)
Intel Xeon Processor 2.80GHz, 1 CPU, 4 logical and 4 physical cores
.NET SDK 8.0.131
  [Host]   : .NET 8.0.31 (8.0.31, 8.0.3126.42015), X64 RyuJIT x86-64-v4
  campaign : .NET 8.0.31 (8.0.31, 8.0.3126.42015), X64 RyuJIT x86-64-v4

Job=campaign  EvaluateOverhead=False  Clock=Armonik.Ffi.Bdn.CpuClock  
IterationCount=6  IterationTime=40ms  LaunchCount=1  
RunStrategy=Throughput  WarmupCount=25  

| Method | Case                 | Mean           | Error         | StdDev        | Gen0     | Gen1     | Gen2    | Allocated |
|------- |--------------------- |---------------:|--------------:|--------------:|---------:|---------:|--------:|----------:|
| Run    | core-(...)etain [38] |     1,566.2 ns |      48.87 ns |      17.43 ns |   0.1559 |        - |       - |    2728 B |
| Run    | core-(...)|drop [36] |     1,555.0 ns |      29.54 ns |      10.53 ns |   0.1198 |        - |       - |    2728 B |
| Run    | core-(...)etain [38] |   392,012.7 ns |   7,415.29 ns |   1,925.73 ns |  37.0370 |  12.3457 |       - |  665984 B |
| Run    | core-(...)etain [38] | 1,963,921.2 ns | 341,042.53 ns | 121,619.05 ns | 176.4706 | 117.6471 |       - | 3275728 B |
| Run    | core-(...)|drop [48] |       567.5 ns |      76.65 ns |      19.91 ns |   0.0427 |        - |       - |     784 B |
| Run    | core-(...)|drop [36] |     1,554.6 ns |      83.60 ns |      21.71 ns |   0.1555 |        - |       - |    2728 B |
| Run    | core-(...)|drop [64] |       436.3 ns |      17.10 ns |       6.10 ns |   0.0267 |        - |       - |     536 B |
| Run    | core-(...)etain [38] |       579.7 ns |      36.08 ns |      12.87 ns |        - |        - |       - |     712 B |
| Run    | core-(...)|drop [36] | 1,903,120.2 ns | 207,844.91 ns |  74,119.50 ns |  80.0000 |  80.0000 | 80.0000 | 4194626 B |
| Run    | core-(...)etain [38] |     3,485.0 ns |     432.47 ns |     112.31 ns |   0.2129 |        - |       - |    4544 B |
| Run    | core-(...)etain [53] |       365.9 ns |      87.19 ns |      22.64 ns |        - |        - |       - |     400 B |
| Run    | core-(...)|drop [74] |     3,933.3 ns |   1,091.47 ns |     389.23 ns |   0.2499 |        - |       - |    4744 B |
| Run    | core-(...)etain [76] |     3,630.1 ns |     292.79 ns |     104.41 ns |   0.2601 |        - |       - |    4776 B |
| Run    | core-(...)etain [78] |     2,849.2 ns |      81.40 ns |      29.03 ns |   0.1929 |        - |       - |    3720 B |
| Run    | core-(...)etain [37] | 3,646,297.1 ns | 494,783.46 ns | 176,444.55 ns | 111.1111 |        - |       - | 2180584 B |
| Run    | core-(...)|drop [36] |   639,494.5 ns | 221,986.44 ns |  79,162.50 ns |  93.0233 |  93.0233 | 93.0233 | 1049361 B |
| Run    | core-(...)|drop [36] |       217.4 ns |      49.39 ns |      17.61 ns |   0.0194 |        - |       - |     336 B |
| Run    | core-(...)|drop [36] | 1,535,332.8 ns | 274,886.17 ns |  98,027.06 ns |  71.4286 |        - |       - | 2101160 B |
| Run    | core-(...)|drop [77] |       215.8 ns |      19.03 ns |       4.94 ns |        - |        - |       - |     312 B |
| Run    | core-(...)|drop [36] |   402,124.9 ns |  36,450.68 ns |  12,998.66 ns |  36.5854 |  12.1951 |       - |  665984 B |
| Run    | core-(...)etain [38] |   706,825.1 ns | 280,376.92 ns |  99,985.11 ns |  76.9231 |  76.9231 | 76.9231 | 1049345 B |
| Run    | core-(...)etain [50] |       715.8 ns |      90.94 ns |      32.43 ns |   0.0486 |        - |       - |     904 B |
| Run    | core-(...)|drop [36] | 2,058,962.5 ns | 244,729.82 ns |  63,555.56 ns |  76.9231 |        - |       - | 2180584 B |
| Run    | core-(...)etain [52] |     3,149.8 ns |      87.90 ns |      22.83 ns |   0.1860 |        - |       - |    4152 B |
| Run    | core-(...)|drop [36] |   408,182.9 ns | 196,936.19 ns |  70,229.34 ns |  17.5439 |        - |       - |  466696 B |
| Run    | core-(...)etain [38] |    30,953.2 ns |   2,633.27 ns |     683.85 ns |   2.3923 |        - |       - |   53880 B |
| Run    | core-(...)|drop [76] |     2,843.2 ns |     175.10 ns |      45.47 ns |   0.1816 |        - |       - |    3688 B |
| Run    | core-(...)|drop [36] |       556.8 ns |      25.72 ns |       9.17 ns |        - |        - |       - |     712 B |
| Run    | core-(...)etain [38] |    21,759.6 ns |   1,535.93 ns |     398.88 ns |   2.1368 |        - |       - |   39624 B |
| Run    | core-(...)etain [38] |   296,232.8 ns |  21,301.02 ns |   7,596.15 ns |  11.3636 |        - |       - |  363760 B |
| Run    | core-(...)|drop [36] |   300,066.6 ns |  17,812.16 ns |   4,625.76 ns |  18.1818 |        - |       - |  363760 B |
| Run    | core-(...)|drop [37] | 2,678,523.4 ns | 465,672.14 ns | 120,933.58 ns |  90.9091 |        - |       - | 2180584 B |
| Run    | core-(...)|drop [35] | 3,329,768.1 ns | 223,830.46 ns |  79,820.10 ns | 111.1111 |        - |       - | 2180584 B |
| Run    | core-(...)etain [39] | 2,576,719.0 ns | 393,818.79 ns | 102,273.49 ns | 111.1111 |        - |       - | 2180584 B |
| Run    | core-(...)etain [66] |       546.6 ns |     115.43 ns |      41.16 ns |        - |        - |       - |     568 B |
| Run    | core-(...)|drop [36] |     3,378.9 ns |     761.25 ns |     271.47 ns |   0.1747 |        - |       - |    4544 B |
| Run    | core-(...)etain [38] | 1,449,802.5 ns | 158,076.98 ns |  56,371.77 ns | 117.6471 |  58.8235 |       - | 2101160 B |
| Run    | core-(...)|drop [36] |    29,901.1 ns |   1,092.38 ns |     283.69 ns |   2.0450 |        - |       - |   53880 B |
| Run    | core-(...)|drop [36] | 2,053,973.8 ns | 102,269.47 ns |  26,559.06 ns | 187.5000 | 125.0000 |       - | 3275728 B |
| Run    | core-(...)|drop [36] |    57,534.9 ns |     662.16 ns |     171.96 ns |   4.3796 |        - |       - |   81472 B |
| Run    | core-(...)|drop [51] |       294.1 ns |      35.33 ns |       9.18 ns |        - |        - |       - |     352 B |
| Run    | core-(...)etain [38] |     1,630.9 ns |     157.24 ns |      56.07 ns |   0.1388 |        - |       - |    2728 B |
| Run    | core-(...)|drop [36] |    21,515.4 ns |   2,405.00 ns |     857.65 ns |   2.1563 |        - |       - |   39624 B |
| Run    | core-(...)etain [38] |   370,096.1 ns | 154,773.81 ns |  55,193.83 ns |  22.2222 |        - |       - |  466696 B |
| Run    | core-(...)|drop [50] |     2,918.3 ns |      50.95 ns |      13.23 ns |   0.1785 |        - |       - |    4096 B |
| Run    | core-(...)etain [38] |     5,572.3 ns |     752.67 ns |     268.41 ns |   3.6465 |   0.6946 |       - |   65832 B |
| Run    | core-(...)etain [38] |       209.2 ns |       7.52 ns |       2.68 ns |   0.0153 |        - |       - |     336 B |
| Run    | core-(...)etain [38] |    59,017.2 ns |   6,754.06 ns |   2,408.56 ns |   3.6101 |        - |       - |   81472 B |
| Run    | core-(...)etain [79] |       272.3 ns |      15.25 ns |       5.44 ns |        - |        - |       - |     344 B |
| Run    | core-(...)etain [38] | 1,871,145.7 ns | 251,095.53 ns |  89,543.09 ns |  83.3333 |  83.3333 | 83.3333 | 4194627 B |
| Run    | core-(...)|drop [36] |     6,594.3 ns |     870.78 ns |     226.14 ns |   3.7523 |   0.6254 |       - |   65832 B |
| Run    | core-(...)etain [38] | 2,146,624.3 ns | 231,432.86 ns |  82,531.19 ns |  76.9231 |        - |       - | 2180584 B |

// * Legends *
  Case      : Value of the 'Case' parameter
  Mean      : Arithmetic mean of all measurements
  Error     : Half of 99.9% confidence interval
  StdDev    : Standard deviation of all measurements
  Gen0      : GC Generation 0 collects per 1000 operations
  Gen1      : GC Generation 1 collects per 1000 operations
  Gen2      : GC Generation 2 collects per 1000 operations
  Allocated : Allocated memory per single operation (managed only, inclusive, 1KB = 1024B)
  1 ns      : 1 Nanosecond (0.000000001 sec)

// * Diagnostic Output - AkProcessCpu *

// * Diagnostic Output - MemoryDiagnoser *


// ***** BenchmarkRunner: End *****
Global total time: 00:01:52 (112.53 sec), executed benchmarks: 52
// * Artifacts cleanup *
Artifacts cleanup is finished
