# engine:         BenchmarkDotNet 0.15.8.0 (CAMPAIGN.md 22a), toolchain BDN's default, ONE CHILD PROCESS PER CASE (the campaign's native isolation, req 22a as amended e6c909630); process CPU per iteration from the child's clock reads, each pair checked against BDN's wall measurement; the JIT tier is NOT read back (the children's JIT events are not visible here), so the jit check below is vacuous in this mode, pinned by the runner
# grid:           core (CAMPAIGN section 4.0, D18; AK_CAMPAIGN_GRID=core): arms incumbent-prod (full build only), core-ffi and host-gen (retain in the full build, no-unknown in its build); encode-transport-hot (end state ii, one hot graph) and decode-read; the 16 shapes, P7.1 decode only; Latin-1 and wide on P2.2 only; U-* rows U-nested-before, U-deep-u-repeated, U-oneof-u-repeated, U-wire-ListTaskSummaryResponse-tasks-as-wt5, U-wire-UploadResultDataMessage-upload-as-wt5, U-wire-ListMetricsResponse-batches-as-wt0, U-wire-DualResponse-left-as-wt5 (encode-transport-hot and decode-read). Extras left out (AK_CAMPAIGN_GRID=full runs them): incumbent-best, core-ffi-pull, bare decode, encode at end state (i) and with a pool input, decode-reencode, the drop mode, the incumbent in the no-unknown build, content sets on P1.2 and P2.4, the other U-* rows timed (all stay in the correctness checks)
# allocator:      default (readback at process start: a 16 MiB malloc came from the mmapped (mallinfo2; the block kept, never freed); no heap pre-grow (owner, 2026-10-03): BDN's warm-up runs the real call path, and minflt per row shows whether it sufficed; under the default toolchain each child probes once, on its case's first row as alloc_probe; GLIBC_TUNABLES=unset; CAMPAIGN req 25 as amended 2026-10-03, D9: the main figures run glibc's default allocator as production does; the pinned pass (glibc.malloc.trim_threshold=268435456:glibc.malloc.mmap_threshold=33554432) is a labelled diagnostic; every row carries `alloc` and `minflt`, the process's minor page faults over the iteration (getrusage, read by the job's clock beside the CPU clock), so faults per call = minflt / iters)
# runtime:        .NET 8.0.31; TieredCompilation=default TieredPGO=default (net8.0 defaults unless set); GC server=False, concurrent (default)
# incumbent:      Google.Protobuf 3.32.0
# build:          no-unknown (WP5 step 10; the loaded core checked to be the same variant by its u-family exports)
# managed codec:  plan utf8=reject unknown=drop
# job:            launch 1; 6 actual iterations (rounds) per case, 25 warm-up iterations (the same for every case) after BDN's jitting stage (1 overhead + 1 workload jitting invocation per case, logged by BDN in the .bdn.log, not exported) and pilot, iteration time 40 ms (the pilot picks the invocation count per case), strategy Throughput, EvaluateOverhead=false (no overhead subtraction anywhere)
# clocks:         per iteration (every row with round >= 1): wall (Stopwatch) AND process CPU (CLOCK_PROCESS_CPUTIME_ID of this process: every thread, GC and JIT included; CAMPAIGN req 21 as amended, R-H25), both read by the job's clock (CpuClock, Job.WithClock) at the start and end of the same iteration window, exported RAW (no outlier removal, no overhead subtraction); BDN's forced GCs between iterations are outside the window; the round-0 row of each case is a summary of the whole actual stage (span_cpu_ns, span_wall_ns), not a sample
# threads:        thread pool min 2 worker / 1 IO, max 32767 worker / 1000 IO, 0 pool thread(s) now; 2 logical CPUs visible; the codec suite creates no core runtime (no RPC call is made); the timed loop runs on BDN's one thread
# encode:         CAMPAIGN req 11 (R-H29): dir encode = pool input + reused buffer; encode-hot = one graph + reused buffer; encode-transport = pool + the Grpc.Net form; encode-transport-hot = one graph + the Grpc.Net form. Reused buffer: incumbent-prod CalculateSize + WriteTo(IBufferWriter) and incumbent-best WriteTo(IBufferWriter) into one BufWriter, host-gen into its one Enc, core-ffi into the core's encode buffer (ak_encode_*/ak_uencode_*; that buffer is also what cell C hands the core's transport, and host-gen's Enc what cell E hands it, so their transport forms on the core's transport ARE the buffer rows). Grpc.Net form (cells A, F, D): the serializer the RPC grid's marshaller runs (RootOps.SerInc/SerHost/SerFfi), into a frame like Grpc.Net.Client 2.71's GrpcCallSerializationContext: one ArrayPool array, the 5-byte gRPC header, the body, the array returned after (GrpcFrame.cs); incumbent-best has no gRPC path and no transport row. Pool: distinct graphs built in the case's setup whose RETAINED heap is >= 28835840 bytes (2 x AK_LLC_BYTES, default 13.75 MB; AK_POOL_BYTES overrides; per row pool_graphs and pool_bytes), round robin one graph per call; a hot input is a pool of one (the same Next() per call); graph construction is never in the timed window
# U-* rows:       CAMPAIGN req 7 (R-H27): the 92 accepted, non-disputed U-* rows at the shapes core's 7 ABI roots, through this timed shapes core: encode-hot (a graph the arm decoded from the row, untimed; retain arms re-emit the unknown fields, drop arms the dropped form), decode, decode-read, and decode-reencode (a labelled extra; no incumbent-best row)
# content sets:   CAMPAIGN req 7 (R-H26): ascii, latin1 and wide on P1.2, P2.2, P2.4; ascii only elsewhere
# order:          seeded shuffles (below); ratios, where the aggregation forms them, come from per-launch medians (CAMPAIGN req 30): every unit is its own process
# process unit:   all cases; this launch's unit order: core-ffi:no-unknown (a seeded shuffle, seed 7919; within this process the cases run in a seeded shuffle too, seed 104729, the 2 prime cases first; requirement 22 as amended, R-H23)
# warm-up:        BenchmarkDotNet's own, per case: its jitting stage, pilot and the warm-up iterations of the job line (req 24; WP9 addendum: no hand-written pre-warm and no settle wait; the 2 prime cases below are BDN cases); the JIT tier is read back per case and a case that measured hot code at tier 0 fails the unit outside --smoke (the jit check below)
# correctness:    1400 pre-timing checks passed (byte identity of every encode arm per payload and content set; every arm accepts every unknown row; on every unknown row core-ffi no-unknown and host-gen no-unknown re-encode to the same DROPPED form)
# cases:          25 exported, after 2 prime case(s) run first and not exported (copies of the first cases, content "prime"): BDN cases like any other, kept because without them the first case of a process measures BDN's own first-touched runtime helpers (SpanHelpers.Fill) at tier 0 (JOURNAL 51, 62)
# memory:         AK_BDN_MEMORY=1: BenchmarkDotNet's MemoryDiagnoser (an exploration switch, not a campaign setting): one extra workload iteration per case AFTER the actual stage, at the actual stage's invocation count, outside the job's clock (no exported sample is affected); on each case's first sample row mem_alloc_bytes_per_op (GC.GetTotalAllocatedBytes(precise), every thread, divided by its operations), mem_gen = [gen0, gen1, gen2] collections during it, mem_ops its operations, mem_alloc_bytes its total
# cpus:           this process: 2 CPU(s) in its affinity mask (sched_getaffinity), Environment.ProcessorCount 2; single-CPU guard (JOURNAL 73): a timed process (host or BDN child) with ONE CPU is refused unless AK_ALLOW_SINGLE_CPU=1 (here: unset); each case's first row carries cpus_affinity, cpus_runtime and single_cpu_override as its own process saw them
// Validating benchmarks:
// ***** BenchmarkRunner: Start   *****
// ***** Found 27 benchmark(s) in total *****
// ***** Building 1 exe(s) in Parallel: Start   *****
Unable to find .sln or .csproj file. Will use current directory /home/user/ArmoniK.Api/ffi/poc/csharp to search for project file. If you don't use .sln file on purpose it should not be a problem.
// start dotnet  restore /p:AkNounk=true --nodeReuse:false /p:UseSharedCompilation=false /p:Deterministic=true /p:Optimize=true /p:ArtifactsPath="/home/user/ArmoniK.Api/ffi/poc/csharp/src/BenchDotNet/bin-nounk/Release/net8.0/BenchDotNet-campaign-1/" /p:OutDir="/home/user/ArmoniK.Api/ffi/poc/csharp/src/BenchDotNet/bin-nounk/Release/net8.0/BenchDotNet-campaign-1/bin/Release/net8.0/" /p:OutputPath="/home/user/ArmoniK.Api/ffi/poc/csharp/src/BenchDotNet/bin-nounk/Release/net8.0/BenchDotNet-campaign-1/bin/Release/net8.0/" /p:PublishDir="/home/user/ArmoniK.Api/ffi/poc/csharp/src/BenchDotNet/bin-nounk/Release/net8.0/BenchDotNet-campaign-1/publish/" in /home/user/ArmoniK.Api/ffi/poc/csharp/src/BenchDotNet/bin-nounk/Release/net8.0/BenchDotNet-campaign-1
// command took 2.16 sec and exited with 0
// start dotnet  build -c Release /p:AkNounk=true --no-restore --nodeReuse:false /p:UseSharedCompilation=false /p:Deterministic=true /p:Optimize=true /p:ArtifactsPath="/home/user/ArmoniK.Api/ffi/poc/csharp/src/BenchDotNet/bin-nounk/Release/net8.0/BenchDotNet-campaign-1/" /p:OutDir="/home/user/ArmoniK.Api/ffi/poc/csharp/src/BenchDotNet/bin-nounk/Release/net8.0/BenchDotNet-campaign-1/bin/Release/net8.0/" /p:OutputPath="/home/user/ArmoniK.Api/ffi/poc/csharp/src/BenchDotNet/bin-nounk/Release/net8.0/BenchDotNet-campaign-1/bin/Release/net8.0/" /p:PublishDir="/home/user/ArmoniK.Api/ffi/poc/csharp/src/BenchDotNet/bin-nounk/Release/net8.0/BenchDotNet-campaign-1/publish/" --output "/home/user/ArmoniK.Api/ffi/poc/csharp/src/BenchDotNet/bin-nounk/Release/net8.0/BenchDotNet-campaign-1/bin/Release/net8.0/" in /home/user/ArmoniK.Api/ffi/poc/csharp/src/BenchDotNet/bin-nounk/Release/net8.0/BenchDotNet-campaign-1
// command took 18.08 sec and exited with 0
// ***** Done, took 00:00:20 (20.37 sec)   *****
// Found 27 benchmarks:
//   CodecSuite.Run: campaign(EvaluateOverhead=False, Arguments=/p:AkNounk=true, Clock=Armonik.Ffi.Bdn.CpuClock, IterationCount=6, IterationTime=40ms, LaunchCount=1, RunStrategy=Throughput, WarmupCount=25) [Case=core-(...)known [42]]
//   CodecSuite.Run: campaign(EvaluateOverhead=False, Arguments=/p:AkNounk=true, Clock=Armonik.Ffi.Bdn.CpuClock, IterationCount=6, IterationTime=40ms, LaunchCount=1, RunStrategy=Throughput, WarmupCount=25) [Case=core-(...)known [42]]
//   CodecSuite.Run: campaign(EvaluateOverhead=False, Arguments=/p:AkNounk=true, Clock=Armonik.Ffi.Bdn.CpuClock, IterationCount=6, IterationTime=40ms, LaunchCount=1, RunStrategy=Throughput, WarmupCount=25) [Case=core-(...)known [42]]
//   CodecSuite.Run: campaign(EvaluateOverhead=False, Arguments=/p:AkNounk=true, Clock=Armonik.Ffi.Bdn.CpuClock, IterationCount=6, IterationTime=40ms, LaunchCount=1, RunStrategy=Throughput, WarmupCount=25) [Case=core-(...)known [42]]
//   CodecSuite.Run: campaign(EvaluateOverhead=False, Arguments=/p:AkNounk=true, Clock=Armonik.Ffi.Bdn.CpuClock, IterationCount=6, IterationTime=40ms, LaunchCount=1, RunStrategy=Throughput, WarmupCount=25) [Case=core-(...)known [42]]
//   CodecSuite.Run: campaign(EvaluateOverhead=False, Arguments=/p:AkNounk=true, Clock=Armonik.Ffi.Bdn.CpuClock, IterationCount=6, IterationTime=40ms, LaunchCount=1, RunStrategy=Throughput, WarmupCount=25) [Case=core-(...)known [54]]
//   CodecSuite.Run: campaign(EvaluateOverhead=False, Arguments=/p:AkNounk=true, Clock=Armonik.Ffi.Bdn.CpuClock, IterationCount=6, IterationTime=40ms, LaunchCount=1, RunStrategy=Throughput, WarmupCount=25) [Case=core-(...)known [42]]
//   CodecSuite.Run: campaign(EvaluateOverhead=False, Arguments=/p:AkNounk=true, Clock=Armonik.Ffi.Bdn.CpuClock, IterationCount=6, IterationTime=40ms, LaunchCount=1, RunStrategy=Throughput, WarmupCount=25) [Case=core-(...)known [70]]
//   CodecSuite.Run: campaign(EvaluateOverhead=False, Arguments=/p:AkNounk=true, Clock=Armonik.Ffi.Bdn.CpuClock, IterationCount=6, IterationTime=40ms, LaunchCount=1, RunStrategy=Throughput, WarmupCount=25) [Case=core-(...)known [42]]
//   CodecSuite.Run: campaign(EvaluateOverhead=False, Arguments=/p:AkNounk=true, Clock=Armonik.Ffi.Bdn.CpuClock, IterationCount=6, IterationTime=40ms, LaunchCount=1, RunStrategy=Throughput, WarmupCount=25) [Case=core-(...)known [42]]
//   CodecSuite.Run: campaign(EvaluateOverhead=False, Arguments=/p:AkNounk=true, Clock=Armonik.Ffi.Bdn.CpuClock, IterationCount=6, IterationTime=40ms, LaunchCount=1, RunStrategy=Throughput, WarmupCount=25) [Case=core-(...)known [42]]
//   CodecSuite.Run: campaign(EvaluateOverhead=False, Arguments=/p:AkNounk=true, Clock=Armonik.Ffi.Bdn.CpuClock, IterationCount=6, IterationTime=40ms, LaunchCount=1, RunStrategy=Throughput, WarmupCount=25) [Case=core-(...)known [43]]
//   CodecSuite.Run: campaign(EvaluateOverhead=False, Arguments=/p:AkNounk=true, Clock=Armonik.Ffi.Bdn.CpuClock, IterationCount=6, IterationTime=40ms, LaunchCount=1, RunStrategy=Throughput, WarmupCount=25) [Case=core-(...)known [42]]
//   CodecSuite.Run: campaign(EvaluateOverhead=False, Arguments=/p:AkNounk=true, Clock=Armonik.Ffi.Bdn.CpuClock, IterationCount=6, IterationTime=40ms, LaunchCount=1, RunStrategy=Throughput, WarmupCount=25) [Case=core-(...)known [80]]
//   CodecSuite.Run: campaign(EvaluateOverhead=False, Arguments=/p:AkNounk=true, Clock=Armonik.Ffi.Bdn.CpuClock, IterationCount=6, IterationTime=40ms, LaunchCount=1, RunStrategy=Throughput, WarmupCount=25) [Case=core-(...)known [42]]
//   CodecSuite.Run: campaign(EvaluateOverhead=False, Arguments=/p:AkNounk=true, Clock=Armonik.Ffi.Bdn.CpuClock, IterationCount=6, IterationTime=40ms, LaunchCount=1, RunStrategy=Throughput, WarmupCount=25) [Case=core-(...)known [42]]
//   CodecSuite.Run: campaign(EvaluateOverhead=False, Arguments=/p:AkNounk=true, Clock=Armonik.Ffi.Bdn.CpuClock, IterationCount=6, IterationTime=40ms, LaunchCount=1, RunStrategy=Throughput, WarmupCount=25) [Case=core-(...)known [82]]
//   CodecSuite.Run: campaign(EvaluateOverhead=False, Arguments=/p:AkNounk=true, Clock=Armonik.Ffi.Bdn.CpuClock, IterationCount=6, IterationTime=40ms, LaunchCount=1, RunStrategy=Throughput, WarmupCount=25) [Case=core-(...)known [42]]
//   CodecSuite.Run: campaign(EvaluateOverhead=False, Arguments=/p:AkNounk=true, Clock=Armonik.Ffi.Bdn.CpuClock, IterationCount=6, IterationTime=40ms, LaunchCount=1, RunStrategy=Throughput, WarmupCount=25) [Case=core-(...)known [41]]
//   CodecSuite.Run: campaign(EvaluateOverhead=False, Arguments=/p:AkNounk=true, Clock=Armonik.Ffi.Bdn.CpuClock, IterationCount=6, IterationTime=40ms, LaunchCount=1, RunStrategy=Throughput, WarmupCount=25) [Case=core-(...)known [56]]
//   CodecSuite.Run: campaign(EvaluateOverhead=False, Arguments=/p:AkNounk=true, Clock=Armonik.Ffi.Bdn.CpuClock, IterationCount=6, IterationTime=40ms, LaunchCount=1, RunStrategy=Throughput, WarmupCount=25) [Case=core-(...)known [57]]
//   CodecSuite.Run: campaign(EvaluateOverhead=False, Arguments=/p:AkNounk=true, Clock=Armonik.Ffi.Bdn.CpuClock, IterationCount=6, IterationTime=40ms, LaunchCount=1, RunStrategy=Throughput, WarmupCount=25) [Case=core-(...)known [42]]
//   CodecSuite.Run: campaign(EvaluateOverhead=False, Arguments=/p:AkNounk=true, Clock=Armonik.Ffi.Bdn.CpuClock, IterationCount=6, IterationTime=40ms, LaunchCount=1, RunStrategy=Throughput, WarmupCount=25) [Case=core-(...)known [83]]
//   CodecSuite.Run: campaign(EvaluateOverhead=False, Arguments=/p:AkNounk=true, Clock=Armonik.Ffi.Bdn.CpuClock, IterationCount=6, IterationTime=40ms, LaunchCount=1, RunStrategy=Throughput, WarmupCount=25) [Case=core-(...)known [42]]
//   CodecSuite.Run: campaign(EvaluateOverhead=False, Arguments=/p:AkNounk=true, Clock=Armonik.Ffi.Bdn.CpuClock, IterationCount=6, IterationTime=40ms, LaunchCount=1, RunStrategy=Throughput, WarmupCount=25) [Case=core-(...)known [42]]
//   CodecSuite.Run: campaign(EvaluateOverhead=False, Arguments=/p:AkNounk=true, Clock=Armonik.Ffi.Bdn.CpuClock, IterationCount=6, IterationTime=40ms, LaunchCount=1, RunStrategy=Throughput, WarmupCount=25) [Case=core-(...)known [42]]
//   CodecSuite.Run: campaign(EvaluateOverhead=False, Arguments=/p:AkNounk=true, Clock=Armonik.Ffi.Bdn.CpuClock, IterationCount=6, IterationTime=40ms, LaunchCount=1, RunStrategy=Throughput, WarmupCount=25) [Case=core-(...)known [42]]

// **************************
// Benchmark: CodecSuite.Run: campaign(EvaluateOverhead=False, Arguments=/p:AkNounk=true, Clock=Armonik.Ffi.Bdn.CpuClock, IterationCount=6, IterationTime=40ms, LaunchCount=1, RunStrategy=Throughput, WarmupCount=25) [Case=core-(...)known [42]]
// *** Execute ***
// Launch: 1 / 1
// Execute: dotnet BenchDotNet-campaign-1.dll --anonymousPipes 151 152 --benchmarkName "Armonik.Ffi.Bdn.CodecSuite.Run(Case: \"core-ffi|decode-read|P1.2|prime|no-unknown\")" --job campaign --benchmarkId 0 in /home/user/ArmoniK.Api/ffi/poc/csharp/src/BenchDotNet/bin-nounk/Release/net8.0/BenchDotNet-campaign-1/bin/Release/net8.0
// BeforeAnythingElse

// Benchmark Process Environment Information:
// BenchmarkDotNet v0.15.8
// Runtime=.NET 8.0.31 (8.0.31, 8.0.3126.42015), X64 RyuJIT x86-64-v4
// GC=Concurrent Workstation
// HardwareIntrinsics=AVX512 F+BW+CD+DQ+VL,AVX2+BMI1+BMI2+F16C+FMA+LZCNT+MOVBE,AVX,SSE3+SSSE3+SSE4.1+SSE4.2+POPCNT,X86Base+SSE+SSE2,AES+PCLMUL VectorSize=256
// Job: campaign(EvaluateOverhead=False, Clock=Armonik.Ffi.Bdn.CpuClock, IterationCount=6, IterationTime=40ms, LaunchCount=1, RunStrategy=Throughput, WarmupCount=25)

OverheadJitting  1: 1 op, 247207.00 ns, 247.2070 us/op
WorkloadJitting  1: 1 op, 3912259.00 ns, 3.9123 ms/op

WorkloadPilot    1: 4 op, 1979843.00 ns, 494.9608 us/op
WorkloadPilot    2: 81 op, 50912386.00 ns, 628.5480 us/op
WorkloadPilot    3: 64 op, 29993569.00 ns, 468.6495 us/op
WorkloadPilot    4: 85 op, 39077805.00 ns, 459.7389 us/op
WorkloadPilot    5: 87 op, 83020475.00 ns, 954.2583 us/op
WorkloadPilot    6: 42 op, 41180171.00 ns, 980.4803 us/op

WorkloadWarmup   1: 42 op, 41117301.00 ns, 978.9834 us/op
WorkloadWarmup   2: 42 op, 37128964.00 ns, 884.0230 us/op
WorkloadWarmup   3: 42 op, 38075145.00 ns, 906.5511 us/op
WorkloadWarmup   4: 42 op, 37395633.00 ns, 890.3722 us/op
WorkloadWarmup   5: 42 op, 41105676.00 ns, 978.7066 us/op
WorkloadWarmup   6: 42 op, 17136181.00 ns, 408.0043 us/op
WorkloadWarmup   7: 42 op, 14912781.00 ns, 355.0662 us/op
WorkloadWarmup   8: 42 op, 14894878.00 ns, 354.6400 us/op
WorkloadWarmup   9: 42 op, 14962563.00 ns, 356.2515 us/op
WorkloadWarmup  10: 42 op, 15315165.00 ns, 364.6468 us/op
WorkloadWarmup  11: 42 op, 14821599.00 ns, 352.8952 us/op
WorkloadWarmup  12: 42 op, 14930316.00 ns, 355.4837 us/op
WorkloadWarmup  13: 42 op, 14932798.00 ns, 355.5428 us/op
WorkloadWarmup  14: 42 op, 15200047.00 ns, 361.9059 us/op
WorkloadWarmup  15: 42 op, 14791531.00 ns, 352.1793 us/op
WorkloadWarmup  16: 42 op, 15441466.00 ns, 367.6540 us/op
WorkloadWarmup  17: 42 op, 15845541.00 ns, 377.2748 us/op
WorkloadWarmup  18: 42 op, 14973293.00 ns, 356.5070 us/op
WorkloadWarmup  19: 42 op, 15285130.00 ns, 363.9317 us/op
WorkloadWarmup  20: 42 op, 14871353.00 ns, 354.0798 us/op
WorkloadWarmup  21: 42 op, 14792090.00 ns, 352.1926 us/op
WorkloadWarmup  22: 42 op, 15079390.00 ns, 359.0331 us/op
WorkloadWarmup  23: 42 op, 14885623.00 ns, 354.4196 us/op
WorkloadWarmup  24: 42 op, 14825828.00 ns, 352.9959 us/op
WorkloadWarmup  25: 42 op, 15076547.00 ns, 358.9654 us/op

// BeforeActualRun
WorkloadActual   1: 42 op, 16521382.00 ns, 393.3662 us/op
WorkloadActual   2: 42 op, 17541253.00 ns, 417.6489 us/op
WorkloadActual   3: 42 op, 17470686.00 ns, 415.9687 us/op
WorkloadActual   4: 42 op, 17004295.00 ns, 404.8642 us/op
WorkloadActual   5: 42 op, 16260704.00 ns, 387.1596 us/op
WorkloadActual   6: 42 op, 16021434.00 ns, 381.4627 us/op

// AfterActualRun
WorkloadResult   1: 42 op, 16521382.00 ns, 393.3662 us/op
WorkloadResult   2: 42 op, 17541253.00 ns, 417.6489 us/op
WorkloadResult   3: 42 op, 17470686.00 ns, 415.9687 us/op
WorkloadResult   4: 42 op, 17004295.00 ns, 404.8642 us/op
WorkloadResult   5: 42 op, 16260704.00 ns, 387.1596 us/op
WorkloadResult   6: 42 op, 16021434.00 ns, 381.4627 us/op
// GC:  1 0 0 26962992 42
// Threading:  0 0 42

// AfterAll
// Benchmark Process 9808 has exited with code 0.

Mean = 400.078 us, StdErr = 6.171 us (1.54%), N = 6, StdDev = 15.117 us
Min = 381.463 us, Q1 = 388.711 us, Median = 399.115 us, Q3 = 413.193 us, Max = 417.649 us
IQR = 24.481 us, LowerFence = 351.989 us, UpperFence = 449.915 us
ConfidenceInterval = [357.687 us; 442.469 us] (CI 99.9%), Margin = 42.391 us (10.60% of Mean)
Skewness = 0.03, Kurtosis = 0.99, MValue = 2

// ** Remained 26 (96.3 %) benchmark(s) to run. Estimated finish 2026-10-04 15:01 (0h 0m from now) **
// **************************
// Benchmark: CodecSuite.Run: campaign(EvaluateOverhead=False, Arguments=/p:AkNounk=true, Clock=Armonik.Ffi.Bdn.CpuClock, IterationCount=6, IterationTime=40ms, LaunchCount=1, RunStrategy=Throughput, WarmupCount=25) [Case=core-(...)known [42]]
// *** Execute ***
// Launch: 1 / 1
// Execute: dotnet BenchDotNet-campaign-1.dll --anonymousPipes 111 112 --benchmarkName "Armonik.Ffi.Bdn.CodecSuite.Run(Case: \"core-ffi|decode-read|P1.1|prime|no-unknown\")" --job campaign --benchmarkId 1 in /home/user/ArmoniK.Api/ffi/poc/csharp/src/BenchDotNet/bin-nounk/Release/net8.0/BenchDotNet-campaign-1/bin/Release/net8.0
// BeforeAnythingElse

// Benchmark Process Environment Information:
// BenchmarkDotNet v0.15.8
// Runtime=.NET 8.0.31 (8.0.31, 8.0.3126.42015), X64 RyuJIT x86-64-v4
// GC=Concurrent Workstation
// HardwareIntrinsics=AVX512 F+BW+CD+DQ+VL,AVX2+BMI1+BMI2+F16C+FMA+LZCNT+MOVBE,AVX,SSE3+SSSE3+SSE4.1+SSE4.2+POPCNT,X86Base+SSE+SSE2,AES+PCLMUL VectorSize=256
// Job: campaign(EvaluateOverhead=False, Clock=Armonik.Ffi.Bdn.CpuClock, IterationCount=6, IterationTime=40ms, LaunchCount=1, RunStrategy=Throughput, WarmupCount=25)

OverheadJitting  1: 1 op, 313281.00 ns, 313.2810 us/op
WorkloadJitting  1: 1 op, 4622860.00 ns, 4.6229 ms/op

WorkloadPilot    1: 4 op, 86377.00 ns, 21.5943 us/op
WorkloadPilot    2: 1852 op, 7946932.00 ns, 4.2910 us/op
WorkloadPilot    3: 9322 op, 26401239.00 ns, 2.8321 us/op
WorkloadPilot    4: 14124 op, 33523083.00 ns, 2.3735 us/op
WorkloadPilot    5: 16853 op, 33165948.00 ns, 1.9680 us/op
WorkloadPilot    6: 20326 op, 42808138.00 ns, 2.1061 us/op
WorkloadPilot    7: 18993 op, 49256655.00 ns, 2.5934 us/op
WorkloadPilot    8: 15424 op, 59204152.00 ns, 3.8384 us/op

WorkloadWarmup   1: 15424 op, 56147670.00 ns, 3.6403 us/op
WorkloadWarmup   2: 15424 op, 55179744.00 ns, 3.5775 us/op
WorkloadWarmup   3: 15424 op, 44809128.00 ns, 2.9052 us/op
WorkloadWarmup   4: 15424 op, 21667455.00 ns, 1.4048 us/op
WorkloadWarmup   5: 15424 op, 21488263.00 ns, 1.3932 us/op
WorkloadWarmup   6: 15424 op, 22353170.00 ns, 1.4492 us/op
WorkloadWarmup   7: 15424 op, 21924136.00 ns, 1.4214 us/op
WorkloadWarmup   8: 15424 op, 21591154.00 ns, 1.3998 us/op
WorkloadWarmup   9: 15424 op, 22287284.00 ns, 1.4450 us/op
WorkloadWarmup  10: 15424 op, 22045120.00 ns, 1.4293 us/op
WorkloadWarmup  11: 15424 op, 21696191.00 ns, 1.4067 us/op
WorkloadWarmup  12: 15424 op, 22644686.00 ns, 1.4681 us/op
WorkloadWarmup  13: 15424 op, 22272193.00 ns, 1.4440 us/op
WorkloadWarmup  14: 15424 op, 21808216.00 ns, 1.4139 us/op
WorkloadWarmup  15: 15424 op, 21494351.00 ns, 1.3936 us/op
WorkloadWarmup  16: 15424 op, 21129584.00 ns, 1.3699 us/op
WorkloadWarmup  17: 15424 op, 21192154.00 ns, 1.3740 us/op
WorkloadWarmup  18: 15424 op, 21131761.00 ns, 1.3701 us/op
WorkloadWarmup  19: 15424 op, 21285635.00 ns, 1.3800 us/op
WorkloadWarmup  20: 15424 op, 22904951.00 ns, 1.4850 us/op
WorkloadWarmup  21: 15424 op, 23099670.00 ns, 1.4976 us/op
WorkloadWarmup  22: 15424 op, 23255835.00 ns, 1.5078 us/op
WorkloadWarmup  23: 15424 op, 21909766.00 ns, 1.4205 us/op
WorkloadWarmup  24: 15424 op, 22323693.00 ns, 1.4473 us/op
WorkloadWarmup  25: 15424 op, 32893451.00 ns, 2.1326 us/op

// BeforeActualRun
WorkloadActual   1: 15424 op, 23453517.00 ns, 1.5206 us/op
WorkloadActual   2: 15424 op, 22867491.00 ns, 1.4826 us/op
WorkloadActual   3: 15424 op, 22013298.00 ns, 1.4272 us/op
WorkloadActual   4: 15424 op, 22886630.00 ns, 1.4838 us/op
WorkloadActual   5: 15424 op, 26900675.00 ns, 1.7441 us/op
WorkloadActual   6: 15424 op, 24020316.00 ns, 1.5573 us/op

// AfterActualRun
WorkloadResult   1: 15424 op, 23453517.00 ns, 1.5206 us/op
WorkloadResult   2: 15424 op, 22867491.00 ns, 1.4826 us/op
WorkloadResult   3: 15424 op, 22013298.00 ns, 1.4272 us/op
WorkloadResult   4: 15424 op, 22886630.00 ns, 1.4838 us/op
WorkloadResult   5: 15424 op, 24020316.00 ns, 1.5573 us/op
// GC:  2 0 0 40472576 15424
// Threading:  0 0 15424

// AfterAll
// Benchmark Process 9818 has exited with code 0.

Mean = 1.494 us, StdErr = 0.022 us (1.45%), N = 5, StdDev = 0.049 us
Min = 1.427 us, Q1 = 1.483 us, Median = 1.484 us, Q3 = 1.521 us, Max = 1.557 us
IQR = 0.038 us, LowerFence = 1.426 us, UpperFence = 1.578 us
ConfidenceInterval = [1.308 us; 1.681 us] (CI 99.9%), Margin = 0.187 us (12.50% of Mean)
Skewness = -0.06, Kurtosis = 1.32, MValue = 2

// ** Remained 25 (92.6 %) benchmark(s) to run. Estimated finish 2026-10-04 15:01 (0h 0m from now) **
// **************************
// Benchmark: CodecSuite.Run: campaign(EvaluateOverhead=False, Arguments=/p:AkNounk=true, Clock=Armonik.Ffi.Bdn.CpuClock, IterationCount=6, IterationTime=40ms, LaunchCount=1, RunStrategy=Throughput, WarmupCount=25) [Case=core-(...)known [42]]
// *** Execute ***
// Launch: 1 / 1
// Execute: dotnet BenchDotNet-campaign-1.dll --anonymousPipes 111 112 --benchmarkName "Armonik.Ffi.Bdn.CodecSuite.Run(Case: \"core-ffi|decode-read|P2.1|ascii|no-unknown\")" --job campaign --benchmarkId 2 in /home/user/ArmoniK.Api/ffi/poc/csharp/src/BenchDotNet/bin-nounk/Release/net8.0/BenchDotNet-campaign-1/bin/Release/net8.0
// BeforeAnythingElse

// Benchmark Process Environment Information:
// BenchmarkDotNet v0.15.8
// Runtime=.NET 8.0.31 (8.0.31, 8.0.3126.42015), X64 RyuJIT x86-64-v4
// GC=Concurrent Workstation
// HardwareIntrinsics=AVX512 F+BW+CD+DQ+VL,AVX2+BMI1+BMI2+F16C+FMA+LZCNT+MOVBE,AVX,SSE3+SSSE3+SSE4.1+SSE4.2+POPCNT,X86Base+SSE+SSE2,AES+PCLMUL VectorSize=256
// Job: campaign(EvaluateOverhead=False, Clock=Armonik.Ffi.Bdn.CpuClock, IterationCount=6, IterationTime=40ms, LaunchCount=1, RunStrategy=Throughput, WarmupCount=25)

OverheadJitting  1: 1 op, 263169.00 ns, 263.1690 us/op
WorkloadJitting  1: 1 op, 9028363.00 ns, 9.0284 ms/op

WorkloadPilot    1: 4 op, 76015.00 ns, 19.0038 us/op
WorkloadPilot    2: 2105 op, 14142402.00 ns, 6.7185 us/op
WorkloadPilot    3: 5954 op, 33402841.00 ns, 5.6102 us/op
WorkloadPilot    4: 7130 op, 36876807.00 ns, 5.1721 us/op
WorkloadPilot    5: 7734 op, 34304655.00 ns, 4.4356 us/op
WorkloadPilot    6: 9018 op, 42271340.00 ns, 4.6874 us/op
WorkloadPilot    7: 8533 op, 50075225.00 ns, 5.8684 us/op
WorkloadPilot    8: 6816 op, 51347516.00 ns, 7.5334 us/op

WorkloadWarmup   1: 6816 op, 49802795.00 ns, 7.3067 us/op
WorkloadWarmup   2: 6816 op, 49020989.00 ns, 7.1920 us/op
WorkloadWarmup   3: 6816 op, 53965767.00 ns, 7.9175 us/op
WorkloadWarmup   4: 6816 op, 31087966.00 ns, 4.5610 us/op
WorkloadWarmup   5: 6816 op, 20881288.00 ns, 3.0636 us/op
WorkloadWarmup   6: 6816 op, 19927114.00 ns, 2.9236 us/op
WorkloadWarmup   7: 6816 op, 19926272.00 ns, 2.9235 us/op
WorkloadWarmup   8: 6816 op, 19590056.00 ns, 2.8741 us/op
WorkloadWarmup   9: 6816 op, 26579278.00 ns, 3.8995 us/op
WorkloadWarmup  10: 6816 op, 21263055.00 ns, 3.1196 us/op
WorkloadWarmup  11: 6816 op, 20132689.00 ns, 2.9537 us/op
WorkloadWarmup  12: 6816 op, 19565271.00 ns, 2.8705 us/op
WorkloadWarmup  13: 6816 op, 19598170.00 ns, 2.8753 us/op
WorkloadWarmup  14: 6816 op, 19918778.00 ns, 2.9224 us/op
WorkloadWarmup  15: 6816 op, 19684914.00 ns, 2.8880 us/op
WorkloadWarmup  16: 6816 op, 19617180.00 ns, 2.8781 us/op
WorkloadWarmup  17: 6816 op, 19456231.00 ns, 2.8545 us/op
WorkloadWarmup  18: 6816 op, 19839988.00 ns, 2.9108 us/op
WorkloadWarmup  19: 6816 op, 19601298.00 ns, 2.8758 us/op
WorkloadWarmup  20: 6816 op, 20364272.00 ns, 2.9877 us/op
WorkloadWarmup  21: 6816 op, 19637441.00 ns, 2.8811 us/op
WorkloadWarmup  22: 6816 op, 19628472.00 ns, 2.8798 us/op
WorkloadWarmup  23: 6816 op, 19645687.00 ns, 2.8823 us/op
WorkloadWarmup  24: 6816 op, 19785382.00 ns, 2.9028 us/op
WorkloadWarmup  25: 6816 op, 19536647.00 ns, 2.8663 us/op

// BeforeActualRun
WorkloadActual   1: 6816 op, 19686345.00 ns, 2.8883 us/op
WorkloadActual   2: 6816 op, 20537059.00 ns, 3.0131 us/op
WorkloadActual   3: 6816 op, 19569914.00 ns, 2.8712 us/op
WorkloadActual   4: 6816 op, 19660364.00 ns, 2.8844 us/op
WorkloadActual   5: 6816 op, 19637202.00 ns, 2.8810 us/op
WorkloadActual   6: 6816 op, 19526122.00 ns, 2.8647 us/op

// AfterActualRun
WorkloadResult   1: 6816 op, 19686345.00 ns, 2.8883 us/op
WorkloadResult   2: 6816 op, 19569914.00 ns, 2.8712 us/op
WorkloadResult   3: 6816 op, 19660364.00 ns, 2.8844 us/op
WorkloadResult   4: 6816 op, 19637202.00 ns, 2.8810 us/op
WorkloadResult   5: 6816 op, 19526122.00 ns, 2.8647 us/op
// GC:  1 0 0 30044928 6816
// Threading:  0 0 6816

// AfterAll
// Benchmark Process 9831 has exited with code 0.

Mean = 2.878 us, StdErr = 0.004 us (0.15%), N = 5, StdDev = 0.010 us
Min = 2.865 us, Q1 = 2.871 us, Median = 2.881 us, Q3 = 2.884 us, Max = 2.888 us
IQR = 0.013 us, LowerFence = 2.851 us, UpperFence = 2.904 us
ConfidenceInterval = [2.840 us; 2.915 us] (CI 99.9%), Margin = 0.037 us (1.30% of Mean)
Skewness = -0.26, Kurtosis = 1.02, MValue = 2

// ** Remained 24 (88.9 %) benchmark(s) to run. Estimated finish 2026-10-04 15:01 (0h 0m from now) **
// **************************
// Benchmark: CodecSuite.Run: campaign(EvaluateOverhead=False, Arguments=/p:AkNounk=true, Clock=Armonik.Ffi.Bdn.CpuClock, IterationCount=6, IterationTime=40ms, LaunchCount=1, RunStrategy=Throughput, WarmupCount=25) [Case=core-(...)known [42]]
// *** Execute ***
// Launch: 1 / 1
// Execute: dotnet BenchDotNet-campaign-1.dll --anonymousPipes 111 112 --benchmarkName "Armonik.Ffi.Bdn.CodecSuite.Run(Case: \"core-ffi|decode-read|P1.1|ascii|no-unknown\")" --job campaign --benchmarkId 3 in /home/user/ArmoniK.Api/ffi/poc/csharp/src/BenchDotNet/bin-nounk/Release/net8.0/BenchDotNet-campaign-1/bin/Release/net8.0
// BeforeAnythingElse

// Benchmark Process Environment Information:
// BenchmarkDotNet v0.15.8
// Runtime=.NET 8.0.31 (8.0.31, 8.0.3126.42015), X64 RyuJIT x86-64-v4
// GC=Concurrent Workstation
// HardwareIntrinsics=AVX512 F+BW+CD+DQ+VL,AVX2+BMI1+BMI2+F16C+FMA+LZCNT+MOVBE,AVX,SSE3+SSSE3+SSE4.1+SSE4.2+POPCNT,X86Base+SSE+SSE2,AES+PCLMUL VectorSize=256
// Job: campaign(EvaluateOverhead=False, Clock=Armonik.Ffi.Bdn.CpuClock, IterationCount=6, IterationTime=40ms, LaunchCount=1, RunStrategy=Throughput, WarmupCount=25)

OverheadJitting  1: 1 op, 353069.00 ns, 353.0690 us/op
WorkloadJitting  1: 1 op, 3439134.00 ns, 3.4391 ms/op

WorkloadPilot    1: 4 op, 52824.00 ns, 13.2060 us/op
WorkloadPilot    2: 3029 op, 10210233.00 ns, 3.3708 us/op
WorkloadPilot    3: 11867 op, 30962255.00 ns, 2.6091 us/op
WorkloadPilot    4: 15331 op, 35476847.00 ns, 2.3141 us/op
WorkloadPilot    5: 17286 op, 54686428.00 ns, 3.1636 us/op
WorkloadPilot    6: 12644 op, 73970622.00 ns, 5.8503 us/op
WorkloadPilot    7: 6837 op, 26136288.00 ns, 3.8228 us/op
WorkloadPilot    8: 10464 op, 38364809.00 ns, 3.6664 us/op
WorkloadPilot    9: 10910 op, 43129543.00 ns, 3.9532 us/op

WorkloadWarmup   1: 10910 op, 42828724.00 ns, 3.9256 us/op
WorkloadWarmup   2: 10910 op, 39457164.00 ns, 3.6166 us/op
WorkloadWarmup   3: 10910 op, 41603317.00 ns, 3.8133 us/op
WorkloadWarmup   4: 10910 op, 38501431.00 ns, 3.5290 us/op
WorkloadWarmup   5: 10910 op, 39386789.00 ns, 3.6102 us/op
WorkloadWarmup   6: 10910 op, 21794546.00 ns, 1.9977 us/op
WorkloadWarmup   7: 10910 op, 15346368.00 ns, 1.4066 us/op
WorkloadWarmup   8: 10910 op, 16551502.00 ns, 1.5171 us/op
WorkloadWarmup   9: 10910 op, 16110512.00 ns, 1.4767 us/op
WorkloadWarmup  10: 10910 op, 15439182.00 ns, 1.4151 us/op
WorkloadWarmup  11: 10910 op, 18521133.00 ns, 1.6976 us/op
WorkloadWarmup  12: 10910 op, 15820514.00 ns, 1.4501 us/op
WorkloadWarmup  13: 10910 op, 15636933.00 ns, 1.4333 us/op
WorkloadWarmup  14: 10910 op, 15693189.00 ns, 1.4384 us/op
WorkloadWarmup  15: 10910 op, 16091415.00 ns, 1.4749 us/op
WorkloadWarmup  16: 10910 op, 15331151.00 ns, 1.4052 us/op
WorkloadWarmup  17: 10910 op, 15573910.00 ns, 1.4275 us/op
WorkloadWarmup  18: 10910 op, 17887672.00 ns, 1.6396 us/op
WorkloadWarmup  19: 10910 op, 15838147.00 ns, 1.4517 us/op
WorkloadWarmup  20: 10910 op, 18130147.00 ns, 1.6618 us/op
WorkloadWarmup  21: 10910 op, 16601876.00 ns, 1.5217 us/op
WorkloadWarmup  22: 10910 op, 18826536.00 ns, 1.7256 us/op
WorkloadWarmup  23: 10910 op, 16118464.00 ns, 1.4774 us/op
WorkloadWarmup  24: 10910 op, 15986549.00 ns, 1.4653 us/op
WorkloadWarmup  25: 10910 op, 16082293.00 ns, 1.4741 us/op

// BeforeActualRun
WorkloadActual   1: 10910 op, 16034613.00 ns, 1.4697 us/op
WorkloadActual   2: 10910 op, 15640797.00 ns, 1.4336 us/op
WorkloadActual   3: 10910 op, 15745927.00 ns, 1.4433 us/op
WorkloadActual   4: 10910 op, 16377259.00 ns, 1.5011 us/op
WorkloadActual   5: 10910 op, 17014219.00 ns, 1.5595 us/op
WorkloadActual   6: 10910 op, 15420784.00 ns, 1.4135 us/op

// AfterActualRun
WorkloadResult   1: 10910 op, 16034613.00 ns, 1.4697 us/op
WorkloadResult   2: 10910 op, 15640797.00 ns, 1.4336 us/op
WorkloadResult   3: 10910 op, 15745927.00 ns, 1.4433 us/op
WorkloadResult   4: 10910 op, 16377259.00 ns, 1.5011 us/op
WorkloadResult   5: 10910 op, 17014219.00 ns, 1.5595 us/op
WorkloadResult   6: 10910 op, 15420784.00 ns, 1.4135 us/op
// GC:  1 0 0 28627840 10910
// Threading:  0 0 10910

// AfterAll
// Benchmark Process 9840 has exited with code 0.

Mean = 1.470 us, StdErr = 0.022 us (1.48%), N = 6, StdDev = 0.053 us
Min = 1.413 us, Q1 = 1.436 us, Median = 1.456 us, Q3 = 1.493 us, Max = 1.560 us
IQR = 0.057 us, LowerFence = 1.350 us, UpperFence = 1.579 us
ConfidenceInterval = [1.321 us; 1.620 us] (CI 99.9%), Margin = 0.150 us (10.17% of Mean)
Skewness = 0.54, Kurtosis = 1.6, MValue = 2

// ** Remained 23 (85.2 %) benchmark(s) to run. Estimated finish 2026-10-04 15:01 (0h 0m from now) **
// **************************
// Benchmark: CodecSuite.Run: campaign(EvaluateOverhead=False, Arguments=/p:AkNounk=true, Clock=Armonik.Ffi.Bdn.CpuClock, IterationCount=6, IterationTime=40ms, LaunchCount=1, RunStrategy=Throughput, WarmupCount=25) [Case=core-(...)known [42]]
// *** Execute ***
// Launch: 1 / 1
// Execute: dotnet BenchDotNet-campaign-1.dll --anonymousPipes 111 112 --benchmarkName "Armonik.Ffi.Bdn.CodecSuite.Run(Case: \"core-ffi|decode-read|P2.3|ascii|no-unknown\")" --job campaign --benchmarkId 4 in /home/user/ArmoniK.Api/ffi/poc/csharp/src/BenchDotNet/bin-nounk/Release/net8.0/BenchDotNet-campaign-1/bin/Release/net8.0
// BeforeAnythingElse

// Benchmark Process Environment Information:
// BenchmarkDotNet v0.15.8
// Runtime=.NET 8.0.31 (8.0.31, 8.0.3126.42015), X64 RyuJIT x86-64-v4
// GC=Concurrent Workstation
// HardwareIntrinsics=AVX512 F+BW+CD+DQ+VL,AVX2+BMI1+BMI2+F16C+FMA+LZCNT+MOVBE,AVX,SSE3+SSSE3+SSE4.1+SSE4.2+POPCNT,X86Base+SSE+SSE2,AES+PCLMUL VectorSize=256
// Job: campaign(EvaluateOverhead=False, Clock=Armonik.Ffi.Bdn.CpuClock, IterationCount=6, IterationTime=40ms, LaunchCount=1, RunStrategy=Throughput, WarmupCount=25)

OverheadJitting  1: 1 op, 256471.00 ns, 256.4710 us/op
WorkloadJitting  1: 1 op, 22601849.00 ns, 22.6018 ms/op

WorkloadPilot    1: 4 op, 9012019.00 ns, 2.2530 ms/op
WorkloadPilot    2: 18 op, 38931297.00 ns, 2.1628 ms/op

WorkloadWarmup   1: 18 op, 36037325.00 ns, 2.0021 ms/op
WorkloadWarmup   2: 18 op, 33371828.00 ns, 1.8540 ms/op
WorkloadWarmup   3: 18 op, 32517773.00 ns, 1.8065 ms/op
WorkloadWarmup   4: 18 op, 33561931.00 ns, 1.8646 ms/op
WorkloadWarmup   5: 18 op, 76651562.00 ns, 4.2584 ms/op
WorkloadWarmup   6: 18 op, 66785771.00 ns, 3.7103 ms/op
WorkloadWarmup   7: 18 op, 75056842.00 ns, 4.1698 ms/op
WorkloadWarmup   8: 18 op, 47464653.00 ns, 2.6369 ms/op
WorkloadWarmup   9: 18 op, 24554579.00 ns, 1.3641 ms/op
WorkloadWarmup  10: 18 op, 26276882.00 ns, 1.4598 ms/op
WorkloadWarmup  11: 18 op, 24000132.00 ns, 1.3333 ms/op
WorkloadWarmup  12: 18 op, 31894503.00 ns, 1.7719 ms/op
WorkloadWarmup  13: 18 op, 25329800.00 ns, 1.4072 ms/op
WorkloadWarmup  14: 18 op, 23784740.00 ns, 1.3214 ms/op
WorkloadWarmup  15: 18 op, 23927946.00 ns, 1.3293 ms/op
WorkloadWarmup  16: 18 op, 24015495.00 ns, 1.3342 ms/op
WorkloadWarmup  17: 18 op, 27065588.00 ns, 1.5036 ms/op
WorkloadWarmup  18: 18 op, 23904286.00 ns, 1.3280 ms/op
WorkloadWarmup  19: 18 op, 27974842.00 ns, 1.5542 ms/op
WorkloadWarmup  20: 18 op, 28616656.00 ns, 1.5898 ms/op
WorkloadWarmup  21: 18 op, 24795534.00 ns, 1.3775 ms/op
WorkloadWarmup  22: 18 op, 33742244.00 ns, 1.8746 ms/op
WorkloadWarmup  23: 18 op, 25245714.00 ns, 1.4025 ms/op
WorkloadWarmup  24: 18 op, 35695016.00 ns, 1.9831 ms/op
WorkloadWarmup  25: 18 op, 26759519.00 ns, 1.4866 ms/op

// BeforeActualRun
WorkloadActual   1: 18 op, 26502469.00 ns, 1.4724 ms/op
WorkloadActual   2: 18 op, 30847651.00 ns, 1.7138 ms/op
WorkloadActual   3: 18 op, 24164080.00 ns, 1.3424 ms/op
WorkloadActual   4: 18 op, 25457445.00 ns, 1.4143 ms/op
WorkloadActual   5: 18 op, 25279821.00 ns, 1.4044 ms/op
WorkloadActual   6: 18 op, 24815641.00 ns, 1.3786 ms/op

// AfterActualRun
WorkloadResult   1: 18 op, 26502469.00 ns, 1.4724 ms/op
WorkloadResult   2: 18 op, 24164080.00 ns, 1.3424 ms/op
WorkloadResult   3: 18 op, 25457445.00 ns, 1.4143 ms/op
WorkloadResult   4: 18 op, 25279821.00 ns, 1.4044 ms/op
WorkloadResult   5: 18 op, 24815641.00 ns, 1.3786 ms/op
// GC:  2 1 0 37538640 18
// Threading:  0 0 18

// AfterAll
// Benchmark Process 9849 has exited with code 0.

Mean = 1.402 ms, StdErr = 0.021 ms (1.53%), N = 5, StdDev = 0.048 ms
Min = 1.342 ms, Q1 = 1.379 ms, Median = 1.404 ms, Q3 = 1.414 ms, Max = 1.472 ms
IQR = 0.036 ms, LowerFence = 1.325 ms, UpperFence = 1.468 ms
ConfidenceInterval = [1.218 ms; 1.587 ms] (CI 99.9%), Margin = 0.185 ms (13.17% of Mean)
Skewness = 0.21, Kurtosis = 1.41, MValue = 2

// ** Remained 22 (81.5 %) benchmark(s) to run. Estimated finish 2026-10-04 15:01 (0h 0m from now) **
// **************************
// Benchmark: CodecSuite.Run: campaign(EvaluateOverhead=False, Arguments=/p:AkNounk=true, Clock=Armonik.Ffi.Bdn.CpuClock, IterationCount=6, IterationTime=40ms, LaunchCount=1, RunStrategy=Throughput, WarmupCount=25) [Case=core-(...)known [54]]
// *** Execute ***
// Launch: 1 / 1
// Execute: dotnet BenchDotNet-campaign-1.dll --anonymousPipes 111 112 --benchmarkName "Armonik.Ffi.Bdn.CodecSuite.Run(Case: \"core-ffi|decode-read|U-nested-before|corpus|no-unknown\")" --job campaign --benchmarkId 5 in /home/user/ArmoniK.Api/ffi/poc/csharp/src/BenchDotNet/bin-nounk/Release/net8.0/BenchDotNet-campaign-1/bin/Release/net8.0
// BeforeAnythingElse

// Benchmark Process Environment Information:
// BenchmarkDotNet v0.15.8
// Runtime=.NET 8.0.31 (8.0.31, 8.0.3126.42015), X64 RyuJIT x86-64-v4
// GC=Concurrent Workstation
// HardwareIntrinsics=AVX512 F+BW+CD+DQ+VL,AVX2+BMI1+BMI2+F16C+FMA+LZCNT+MOVBE,AVX,SSE3+SSSE3+SSE4.1+SSE4.2+POPCNT,X86Base+SSE+SSE2,AES+PCLMUL VectorSize=256
// Job: campaign(EvaluateOverhead=False, Clock=Armonik.Ffi.Bdn.CpuClock, IterationCount=6, IterationTime=40ms, LaunchCount=1, RunStrategy=Throughput, WarmupCount=25)

OverheadJitting  1: 1 op, 274052.00 ns, 274.0520 us/op
WorkloadJitting  1: 1 op, 3368053.00 ns, 3.3681 ms/op

WorkloadPilot    1: 4 op, 35240.00 ns, 8.8100 us/op
WorkloadPilot    2: 4540 op, 5264305.00 ns, 1.1595 us/op
WorkloadPilot    3: 34496 op, 36080418.00 ns, 1.0459 us/op
WorkloadPilot    4: 38243 op, 32600171.00 ns, 852.4481 ns/op
WorkloadPilot    5: 46924 op, 39264034.00 ns, 836.7580 ns/op
WorkloadPilot    6: 47804 op, 38559636.00 ns, 806.6194 ns/op
WorkloadPilot    7: 49590 op, 62089988.00 ns, 1.2521 us/op
WorkloadPilot    8: 31947 op, 42278672.00 ns, 1.3234 us/op
WorkloadPilot    9: 30225 op, 36488149.00 ns, 1.2072 us/op
WorkloadPilot   10: 33134 op, 47885181.00 ns, 1.4452 us/op

WorkloadWarmup   1: 33134 op, 42151374.00 ns, 1.2721 us/op
WorkloadWarmup   2: 33134 op, 43349069.00 ns, 1.3083 us/op
WorkloadWarmup   3: 33134 op, 43951973.00 ns, 1.3265 us/op
WorkloadWarmup   4: 33134 op, 21354799.00 ns, 644.4981 ns/op
WorkloadWarmup   5: 33134 op, 16053642.00 ns, 484.5066 ns/op
WorkloadWarmup   6: 33134 op, 18850900.00 ns, 568.9292 ns/op
WorkloadWarmup   7: 33134 op, 23105066.00 ns, 697.3220 ns/op
WorkloadWarmup   8: 33134 op, 18750650.00 ns, 565.9036 ns/op
WorkloadWarmup   9: 33134 op, 15829476.00 ns, 477.7412 ns/op
WorkloadWarmup  10: 33134 op, 16281879.00 ns, 491.3949 ns/op
WorkloadWarmup  11: 33134 op, 15926938.00 ns, 480.6826 ns/op
WorkloadWarmup  12: 33134 op, 16422308.00 ns, 495.6331 ns/op
WorkloadWarmup  13: 33134 op, 15946603.00 ns, 481.2761 ns/op
WorkloadWarmup  14: 33134 op, 16026677.00 ns, 483.6928 ns/op
WorkloadWarmup  15: 33134 op, 16555567.00 ns, 499.6549 ns/op
WorkloadWarmup  16: 33134 op, 15916779.00 ns, 480.3760 ns/op
WorkloadWarmup  17: 33134 op, 16006313.00 ns, 483.0782 ns/op
WorkloadWarmup  18: 33134 op, 16283796.00 ns, 491.4528 ns/op
WorkloadWarmup  19: 33134 op, 19685555.00 ns, 594.1195 ns/op
WorkloadWarmup  20: 33134 op, 16170790.00 ns, 488.0422 ns/op
WorkloadWarmup  21: 33134 op, 16927994.00 ns, 510.8950 ns/op
WorkloadWarmup  22: 33134 op, 16861334.00 ns, 508.8831 ns/op
WorkloadWarmup  23: 33134 op, 16776033.00 ns, 506.3087 ns/op
WorkloadWarmup  24: 33134 op, 16721787.00 ns, 504.6715 ns/op
WorkloadWarmup  25: 33134 op, 16639445.00 ns, 502.1864 ns/op

// BeforeActualRun
WorkloadActual   1: 33134 op, 16020553.00 ns, 483.5080 ns/op
WorkloadActual   2: 33134 op, 16135922.00 ns, 486.9899 ns/op
WorkloadActual   3: 33134 op, 16436492.00 ns, 496.0612 ns/op
WorkloadActual   4: 33134 op, 16022961.00 ns, 483.5806 ns/op
WorkloadActual   5: 33134 op, 18300462.00 ns, 552.3167 ns/op
WorkloadActual   6: 33134 op, 15918475.00 ns, 480.4272 ns/op

// AfterActualRun
WorkloadResult   1: 33134 op, 16020553.00 ns, 483.5080 ns/op
WorkloadResult   2: 33134 op, 16135922.00 ns, 486.9899 ns/op
WorkloadResult   3: 33134 op, 16436492.00 ns, 496.0612 ns/op
WorkloadResult   4: 33134 op, 16022961.00 ns, 483.5806 ns/op
WorkloadResult   5: 33134 op, 15918475.00 ns, 480.4272 ns/op
// GC:  1 0 0 24916768 33134
// Threading:  0 0 33134

// AfterAll
// Benchmark Process 9858 has exited with code 0.

Mean = 486.113 ns, StdErr = 2.695 ns (0.55%), N = 5, StdDev = 6.026 ns
Min = 480.427 ns, Q1 = 483.508 ns, Median = 483.581 ns, Q3 = 486.990 ns, Max = 496.061 ns
IQR = 3.482 ns, LowerFence = 478.285 ns, UpperFence = 492.213 ns
ConfidenceInterval = [462.908 ns; 509.318 ns] (CI 99.9%), Margin = 23.205 ns (4.77% of Mean)
Skewness = 0.7, Kurtosis = 1.66, MValue = 2

// ** Remained 21 (77.8 %) benchmark(s) to run. Estimated finish 2026-10-04 15:01 (0h 0m from now) **
// **************************
// Benchmark: CodecSuite.Run: campaign(EvaluateOverhead=False, Arguments=/p:AkNounk=true, Clock=Armonik.Ffi.Bdn.CpuClock, IterationCount=6, IterationTime=40ms, LaunchCount=1, RunStrategy=Throughput, WarmupCount=25) [Case=core-(...)known [42]]
// *** Execute ***
// Launch: 1 / 1
// Execute: dotnet BenchDotNet-campaign-1.dll --anonymousPipes 111 112 --benchmarkName "Armonik.Ffi.Bdn.CodecSuite.Run(Case: \"core-ffi|decode-read|P1.2|ascii|no-unknown\")" --job campaign --benchmarkId 6 in /home/user/ArmoniK.Api/ffi/poc/csharp/src/BenchDotNet/bin-nounk/Release/net8.0/BenchDotNet-campaign-1/bin/Release/net8.0
// BeforeAnythingElse

// Benchmark Process Environment Information:
// BenchmarkDotNet v0.15.8
// Runtime=.NET 8.0.31 (8.0.31, 8.0.3126.42015), X64 RyuJIT x86-64-v4
// GC=Concurrent Workstation
// HardwareIntrinsics=AVX512 F+BW+CD+DQ+VL,AVX2+BMI1+BMI2+F16C+FMA+LZCNT+MOVBE,AVX,SSE3+SSSE3+SSE4.1+SSE4.2+POPCNT,X86Base+SSE+SSE2,AES+PCLMUL VectorSize=256
// Job: campaign(EvaluateOverhead=False, Clock=Armonik.Ffi.Bdn.CpuClock, IterationCount=6, IterationTime=40ms, LaunchCount=1, RunStrategy=Throughput, WarmupCount=25)

OverheadJitting  1: 1 op, 263558.00 ns, 263.5580 us/op
WorkloadJitting  1: 1 op, 4335961.00 ns, 4.3360 ms/op

WorkloadPilot    1: 4 op, 2889550.00 ns, 722.3875 us/op
WorkloadPilot    2: 55 op, 45299283.00 ns, 823.6233 us/op
WorkloadPilot    3: 49 op, 27180459.00 ns, 554.7032 us/op
WorkloadPilot    4: 72 op, 33685813.00 ns, 467.8585 us/op
WorkloadPilot    5: 85 op, 43567171.00 ns, 512.5550 us/op
WorkloadPilot    6: 78 op, 90444964.00 ns, 1.1596 ms/op

WorkloadWarmup   1: 78 op, 91458422.00 ns, 1.1725 ms/op
WorkloadWarmup   2: 78 op, 60457776.00 ns, 775.0997 us/op
WorkloadWarmup   3: 78 op, 31388650.00 ns, 402.4186 us/op
WorkloadWarmup   4: 78 op, 30945693.00 ns, 396.7397 us/op
WorkloadWarmup   5: 78 op, 33144608.00 ns, 424.9309 us/op
WorkloadWarmup   6: 78 op, 29790954.00 ns, 381.9353 us/op
WorkloadWarmup   7: 78 op, 30718136.00 ns, 393.8223 us/op
WorkloadWarmup   8: 78 op, 31371496.00 ns, 402.1987 us/op
WorkloadWarmup   9: 78 op, 32736602.00 ns, 419.7000 us/op
WorkloadWarmup  10: 78 op, 34475625.00 ns, 441.9952 us/op
WorkloadWarmup  11: 78 op, 31222570.00 ns, 400.2894 us/op
WorkloadWarmup  12: 78 op, 31506092.00 ns, 403.9243 us/op
WorkloadWarmup  13: 78 op, 30636768.00 ns, 392.7791 us/op
WorkloadWarmup  14: 78 op, 31153034.00 ns, 399.3979 us/op
WorkloadWarmup  15: 78 op, 46569715.00 ns, 597.0476 us/op
WorkloadWarmup  16: 78 op, 40356604.00 ns, 517.3924 us/op
WorkloadWarmup  17: 78 op, 39506535.00 ns, 506.4940 us/op
WorkloadWarmup  18: 78 op, 50480232.00 ns, 647.1825 us/op
WorkloadWarmup  19: 78 op, 37475405.00 ns, 480.4539 us/op
WorkloadWarmup  20: 78 op, 47203041.00 ns, 605.1672 us/op
WorkloadWarmup  21: 78 op, 37958310.00 ns, 486.6450 us/op
WorkloadWarmup  22: 78 op, 39280690.00 ns, 503.5986 us/op
WorkloadWarmup  23: 78 op, 41021043.00 ns, 525.9108 us/op
WorkloadWarmup  24: 78 op, 45092135.00 ns, 578.1043 us/op
WorkloadWarmup  25: 78 op, 44706761.00 ns, 573.1636 us/op

// BeforeActualRun
WorkloadActual   1: 78 op, 43497702.00 ns, 557.6628 us/op
WorkloadActual   2: 78 op, 35191301.00 ns, 451.1705 us/op
WorkloadActual   3: 78 op, 36100803.00 ns, 462.8308 us/op
WorkloadActual   4: 78 op, 41753242.00 ns, 535.2980 us/op
WorkloadActual   5: 78 op, 48722489.00 ns, 624.6473 us/op
WorkloadActual   6: 78 op, 38061851.00 ns, 487.9724 us/op

// AfterActualRun
WorkloadResult   1: 78 op, 43497702.00 ns, 557.6628 us/op
WorkloadResult   2: 78 op, 35191301.00 ns, 451.1705 us/op
WorkloadResult   3: 78 op, 36100803.00 ns, 462.8308 us/op
WorkloadResult   4: 78 op, 41753242.00 ns, 535.2980 us/op
WorkloadResult   5: 78 op, 48722489.00 ns, 624.6473 us/op
WorkloadResult   6: 78 op, 38061851.00 ns, 487.9724 us/op
// GC:  2 1 0 50074128 78
// Threading:  0 0 78

// AfterAll
// Benchmark Process 9867 has exited with code 0.

Mean = 519.930 us, StdErr = 26.855 us (5.17%), N = 6, StdDev = 65.780 us
Min = 451.171 us, Q1 = 469.116 us, Median = 511.635 us, Q3 = 552.072 us, Max = 624.647 us
IQR = 82.955 us, LowerFence = 344.683 us, UpperFence = 676.505 us
ConfidenceInterval = [335.471 us; 704.390 us] (CI 99.9%), Margin = 184.460 us (35.48% of Mean)
Skewness = 0.39, Kurtosis = 1.39, MValue = 2

// ** Remained 20 (74.1 %) benchmark(s) to run. Estimated finish 2026-10-04 15:01 (0h 0m from now) **
// **************************
// Benchmark: CodecSuite.Run: campaign(EvaluateOverhead=False, Arguments=/p:AkNounk=true, Clock=Armonik.Ffi.Bdn.CpuClock, IterationCount=6, IterationTime=40ms, LaunchCount=1, RunStrategy=Throughput, WarmupCount=25) [Case=core-(...)known [70]]
// *** Execute ***
// Launch: 1 / 1
// Execute: dotnet BenchDotNet-campaign-1.dll --anonymousPipes 111 112 --benchmarkName "Armonik.Ffi.Bdn.CodecSuite.Run(Case: \"core-ffi|decode-read|U-wire-DualResponse-left-as-wt5|corpus|no-unknown\")" --job campaign --benchmarkId 7 in /home/user/ArmoniK.Api/ffi/poc/csharp/src/BenchDotNet/bin-nounk/Release/net8.0/BenchDotNet-campaign-1/bin/Release/net8.0
// BeforeAnythingElse

// Benchmark Process Environment Information:
// BenchmarkDotNet v0.15.8
// Runtime=.NET 8.0.31 (8.0.31, 8.0.3126.42015), X64 RyuJIT x86-64-v4
// GC=Concurrent Workstation
// HardwareIntrinsics=AVX512 F+BW+CD+DQ+VL,AVX2+BMI1+BMI2+F16C+FMA+LZCNT+MOVBE,AVX,SSE3+SSSE3+SSE4.1+SSE4.2+POPCNT,X86Base+SSE+SSE2,AES+PCLMUL VectorSize=256
// Job: campaign(EvaluateOverhead=False, Clock=Armonik.Ffi.Bdn.CpuClock, IterationCount=6, IterationTime=40ms, LaunchCount=1, RunStrategy=Throughput, WarmupCount=25)

OverheadJitting  1: 1 op, 323736.00 ns, 323.7360 us/op
WorkloadJitting  1: 1 op, 6268454.00 ns, 6.2685 ms/op

WorkloadPilot    1: 4 op, 41396.00 ns, 10.3490 us/op
WorkloadPilot    2: 3865 op, 5475401.00 ns, 1.4167 us/op
WorkloadPilot    3: 28235 op, 29951596.00 ns, 1.0608 us/op
WorkloadPilot    4: 37708 op, 34477485.00 ns, 914.3281 ns/op
WorkloadPilot    5: 43748 op, 32138107.00 ns, 734.6189 ns/op
WorkloadPilot    6: 54450 op, 41715443.00 ns, 766.1238 ns/op
WorkloadPilot    7: 52211 op, 42049725.00 ns, 805.3806 ns/op
WorkloadPilot    8: 49666 op, 59755923.00 ns, 1.2032 us/op

WorkloadWarmup   1: 49666 op, 61891112.00 ns, 1.2461 us/op
WorkloadWarmup   2: 49666 op, 56369381.00 ns, 1.1350 us/op
WorkloadWarmup   3: 49666 op, 43747287.00 ns, 880.8297 ns/op
WorkloadWarmup   4: 49666 op, 23034236.00 ns, 463.7828 ns/op
WorkloadWarmup   5: 49666 op, 22369440.00 ns, 450.3975 ns/op
WorkloadWarmup   6: 49666 op, 21448975.00 ns, 431.8644 ns/op
WorkloadWarmup   7: 49666 op, 22330534.00 ns, 449.6141 ns/op
WorkloadWarmup   8: 49666 op, 23326397.00 ns, 469.6653 ns/op
WorkloadWarmup   9: 49666 op, 25507257.00 ns, 513.5758 ns/op
WorkloadWarmup  10: 49666 op, 29444180.00 ns, 592.8438 ns/op
WorkloadWarmup  11: 49666 op, 23135328.00 ns, 465.8182 ns/op
WorkloadWarmup  12: 49666 op, 23567468.00 ns, 474.5191 ns/op
WorkloadWarmup  13: 49666 op, 27960155.00 ns, 562.9637 ns/op
WorkloadWarmup  14: 49666 op, 22689390.00 ns, 456.8395 ns/op
WorkloadWarmup  15: 49666 op, 22242140.00 ns, 447.8343 ns/op
WorkloadWarmup  16: 49666 op, 24517652.00 ns, 493.6506 ns/op
WorkloadWarmup  17: 49666 op, 22149626.00 ns, 445.9716 ns/op
WorkloadWarmup  18: 49666 op, 22009851.00 ns, 443.1573 ns/op
WorkloadWarmup  19: 49666 op, 21350644.00 ns, 429.8845 ns/op
WorkloadWarmup  20: 49666 op, 21626381.00 ns, 435.4363 ns/op
WorkloadWarmup  21: 49666 op, 21927877.00 ns, 441.5068 ns/op
WorkloadWarmup  22: 49666 op, 22028804.00 ns, 443.5389 ns/op
WorkloadWarmup  23: 49666 op, 22156021.00 ns, 446.1004 ns/op
WorkloadWarmup  24: 49666 op, 22473042.00 ns, 452.4834 ns/op
WorkloadWarmup  25: 49666 op, 22425511.00 ns, 451.5264 ns/op

// BeforeActualRun
WorkloadActual   1: 49666 op, 25582882.00 ns, 515.0985 ns/op
WorkloadActual   2: 49666 op, 22027797.00 ns, 443.5186 ns/op
WorkloadActual   3: 49666 op, 24127424.00 ns, 485.7936 ns/op
WorkloadActual   4: 49666 op, 22972955.00 ns, 462.5489 ns/op
WorkloadActual   5: 49666 op, 23387938.00 ns, 470.9044 ns/op
WorkloadActual   6: 49666 op, 23929515.00 ns, 481.8088 ns/op

// AfterActualRun
WorkloadResult   1: 49666 op, 22027797.00 ns, 443.5186 ns/op
WorkloadResult   2: 49666 op, 24127424.00 ns, 485.7936 ns/op
WorkloadResult   3: 49666 op, 22972955.00 ns, 462.5489 ns/op
WorkloadResult   4: 49666 op, 23387938.00 ns, 470.9044 ns/op
WorkloadResult   5: 49666 op, 23929515.00 ns, 481.8088 ns/op
// GC:  1 0 0 24634336 49666
// Threading:  0 0 49666

// AfterAll
// Benchmark Process 9878 has exited with code 0.

Mean = 468.915 ns, StdErr = 7.552 ns (1.61%), N = 5, StdDev = 16.886 ns
Min = 443.519 ns, Q1 = 462.549 ns, Median = 470.904 ns, Q3 = 481.809 ns, Max = 485.794 ns
IQR = 19.260 ns, LowerFence = 433.659 ns, UpperFence = 510.699 ns
ConfidenceInterval = [403.892 ns; 533.938 ns] (CI 99.9%), Margin = 65.023 ns (13.87% of Mean)
Skewness = -0.4, Kurtosis = 1.29, MValue = 2

// ** Remained 19 (70.4 %) benchmark(s) to run. Estimated finish 2026-10-04 15:01 (0h 0m from now) **
// **************************
// Benchmark: CodecSuite.Run: campaign(EvaluateOverhead=False, Arguments=/p:AkNounk=true, Clock=Armonik.Ffi.Bdn.CpuClock, IterationCount=6, IterationTime=40ms, LaunchCount=1, RunStrategy=Throughput, WarmupCount=25) [Case=core-(...)known [42]]
// *** Execute ***
// Launch: 1 / 1
// Execute: dotnet BenchDotNet-campaign-1.dll --anonymousPipes 111 112 --benchmarkName "Armonik.Ffi.Bdn.CodecSuite.Run(Case: \"core-ffi|decode-read|P4.1|ascii|no-unknown\")" --job campaign --benchmarkId 8 in /home/user/ArmoniK.Api/ffi/poc/csharp/src/BenchDotNet/bin-nounk/Release/net8.0/BenchDotNet-campaign-1/bin/Release/net8.0
// BeforeAnythingElse

// Benchmark Process Environment Information:
// BenchmarkDotNet v0.15.8
// Runtime=.NET 8.0.31 (8.0.31, 8.0.3126.42015), X64 RyuJIT x86-64-v4
// GC=Concurrent Workstation
// HardwareIntrinsics=AVX512 F+BW+CD+DQ+VL,AVX2+BMI1+BMI2+F16C+FMA+LZCNT+MOVBE,AVX,SSE3+SSSE3+SSE4.1+SSE4.2+POPCNT,X86Base+SSE+SSE2,AES+PCLMUL VectorSize=256
// Job: campaign(EvaluateOverhead=False, Clock=Armonik.Ffi.Bdn.CpuClock, IterationCount=6, IterationTime=40ms, LaunchCount=1, RunStrategy=Throughput, WarmupCount=25)

OverheadJitting  1: 1 op, 415667.00 ns, 415.6670 us/op
WorkloadJitting  1: 1 op, 8295288.00 ns, 8.2953 ms/op

WorkloadPilot    1: 4 op, 2762801.00 ns, 690.7003 us/op
WorkloadPilot    2: 58 op, 49367470.00 ns, 851.1633 us/op
WorkloadPilot    3: 47 op, 25210372.00 ns, 536.3909 us/op
WorkloadPilot    4: 75 op, 37847756.00 ns, 504.6367 us/op
WorkloadPilot    5: 79 op, 37393550.00 ns, 473.3361 us/op
WorkloadPilot    6: 85 op, 70010230.00 ns, 823.6498 us/op
WorkloadPilot    7: 49 op, 39206798.00 ns, 800.1387 us/op

WorkloadWarmup   1: 49 op, 50339006.00 ns, 1.0273 ms/op
WorkloadWarmup   2: 49 op, 36964495.00 ns, 754.3774 us/op
WorkloadWarmup   3: 49 op, 49752096.00 ns, 1.0153 ms/op
WorkloadWarmup   4: 49 op, 28646211.00 ns, 584.6166 us/op
WorkloadWarmup   5: 49 op, 35549195.00 ns, 725.4938 us/op
WorkloadWarmup   6: 49 op, 32914030.00 ns, 671.7149 us/op
WorkloadWarmup   7: 49 op, 25068108.00 ns, 511.5940 us/op
WorkloadWarmup   8: 49 op, 16818041.00 ns, 343.2253 us/op
WorkloadWarmup   9: 49 op, 16109843.00 ns, 328.7723 us/op
WorkloadWarmup  10: 49 op, 16028992.00 ns, 327.1223 us/op
WorkloadWarmup  11: 49 op, 17368253.00 ns, 354.4541 us/op
WorkloadWarmup  12: 49 op, 26694686.00 ns, 544.7895 us/op
WorkloadWarmup  13: 49 op, 23028664.00 ns, 469.9727 us/op
WorkloadWarmup  14: 49 op, 16202198.00 ns, 330.6571 us/op
WorkloadWarmup  15: 49 op, 15352704.00 ns, 313.3205 us/op
WorkloadWarmup  16: 49 op, 15651832.00 ns, 319.4251 us/op
WorkloadWarmup  17: 49 op, 15880169.00 ns, 324.0851 us/op
WorkloadWarmup  18: 49 op, 15839572.00 ns, 323.2566 us/op
WorkloadWarmup  19: 49 op, 15698432.00 ns, 320.3762 us/op
WorkloadWarmup  20: 49 op, 20960597.00 ns, 427.7673 us/op
WorkloadWarmup  21: 49 op, 16914399.00 ns, 345.1918 us/op
WorkloadWarmup  22: 49 op, 16128207.00 ns, 329.1471 us/op
WorkloadWarmup  23: 49 op, 16652423.00 ns, 339.8454 us/op
WorkloadWarmup  24: 49 op, 17260644.00 ns, 352.2580 us/op
WorkloadWarmup  25: 49 op, 19767112.00 ns, 403.4104 us/op

// BeforeActualRun
WorkloadActual   1: 49 op, 16442061.00 ns, 335.5523 us/op
WorkloadActual   2: 49 op, 15524801.00 ns, 316.8327 us/op
WorkloadActual   3: 49 op, 15222119.00 ns, 310.6555 us/op
WorkloadActual   4: 49 op, 15867468.00 ns, 323.8259 us/op
WorkloadActual   5: 49 op, 15641996.00 ns, 319.2244 us/op
WorkloadActual   6: 49 op, 16186675.00 ns, 330.3403 us/op

// AfterActualRun
WorkloadResult   1: 49 op, 16442061.00 ns, 335.5523 us/op
WorkloadResult   2: 49 op, 15524801.00 ns, 316.8327 us/op
WorkloadResult   3: 49 op, 15222119.00 ns, 310.6555 us/op
WorkloadResult   4: 49 op, 15867468.00 ns, 323.8259 us/op
WorkloadResult   5: 49 op, 15641996.00 ns, 319.2244 us/op
WorkloadResult   6: 49 op, 16186675.00 ns, 330.3403 us/op
// GC:  1 0 0 17510248 49
// Threading:  0 0 49

// AfterAll
// Benchmark Process 9887 has exited with code 0.

Mean = 322.739 us, StdErr = 3.726 us (1.15%), N = 6, StdDev = 9.126 us
Min = 310.655 us, Q1 = 317.431 us, Median = 321.525 us, Q3 = 328.712 us, Max = 335.552 us
IQR = 11.281 us, LowerFence = 300.509 us, UpperFence = 345.633 us
ConfidenceInterval = [297.148 us; 348.329 us] (CI 99.9%), Margin = 25.590 us (7.93% of Mean)
Skewness = 0.12, Kurtosis = 1.27, MValue = 2

// ** Remained 18 (66.7 %) benchmark(s) to run. Estimated finish 2026-10-04 15:01 (0h 0m from now) **
// **************************
// Benchmark: CodecSuite.Run: campaign(EvaluateOverhead=False, Arguments=/p:AkNounk=true, Clock=Armonik.Ffi.Bdn.CpuClock, IterationCount=6, IterationTime=40ms, LaunchCount=1, RunStrategy=Throughput, WarmupCount=25) [Case=core-(...)known [42]]
// *** Execute ***
// Launch: 1 / 1
// Execute: dotnet BenchDotNet-campaign-1.dll --anonymousPipes 111 112 --benchmarkName "Armonik.Ffi.Bdn.CodecSuite.Run(Case: \"core-ffi|decode-read|P5.1|ascii|no-unknown\")" --job campaign --benchmarkId 9 in /home/user/ArmoniK.Api/ffi/poc/csharp/src/BenchDotNet/bin-nounk/Release/net8.0/BenchDotNet-campaign-1/bin/Release/net8.0
// BeforeAnythingElse

// Benchmark Process Environment Information:
// BenchmarkDotNet v0.15.8
// Runtime=.NET 8.0.31 (8.0.31, 8.0.3126.42015), X64 RyuJIT x86-64-v4
// GC=Concurrent Workstation
// HardwareIntrinsics=AVX512 F+BW+CD+DQ+VL,AVX2+BMI1+BMI2+F16C+FMA+LZCNT+MOVBE,AVX,SSE3+SSSE3+SSE4.1+SSE4.2+POPCNT,X86Base+SSE+SSE2,AES+PCLMUL VectorSize=256
// Job: campaign(EvaluateOverhead=False, Clock=Armonik.Ffi.Bdn.CpuClock, IterationCount=6, IterationTime=40ms, LaunchCount=1, RunStrategy=Throughput, WarmupCount=25)

OverheadJitting  1: 1 op, 272025.00 ns, 272.0250 us/op
WorkloadJitting  1: 1 op, 2567897.00 ns, 2.5679 ms/op

OverheadJitting  2: 16 op, 622095.00 ns, 38.8809 us/op
WorkloadJitting  2: 16 op, 599918.00 ns, 37.4949 us/op

WorkloadPilot    1: 16 op, 48848.00 ns, 3.0530 us/op
WorkloadPilot    2: 13104 op, 6735939.00 ns, 514.0369 ns/op
WorkloadPilot    3: 77824 op, 32023636.00 ns, 411.4879 ns/op
WorkloadPilot    4: 97216 op, 36756391.00 ns, 378.0899 ns/op
WorkloadPilot    5: 105808 op, 32187153.00 ns, 304.2034 ns/op
WorkloadPilot    6: 131504 op, 38704576.00 ns, 294.3224 ns/op
WorkloadPilot    7: 135920 op, 53971315.00 ns, 397.0815 ns/op
WorkloadPilot    8: 100736 op, 80443275.00 ns, 798.5554 ns/op
WorkloadPilot    9: 50096 op, 26318590.00 ns, 525.3631 ns/op
WorkloadPilot   10: 76144 op, 42205337.00 ns, 554.2832 ns/op

WorkloadWarmup   1: 76144 op, 40047228.00 ns, 525.9407 ns/op
WorkloadWarmup   2: 76144 op, 37658084.00 ns, 494.5640 ns/op
WorkloadWarmup   3: 76144 op, 40644348.00 ns, 533.7827 ns/op
WorkloadWarmup   4: 76144 op, 38881998.00 ns, 510.6377 ns/op
WorkloadWarmup   5: 76144 op, 16052153.00 ns, 210.8131 ns/op
WorkloadWarmup   6: 76144 op, 15671034.00 ns, 205.8079 ns/op
WorkloadWarmup   7: 76144 op, 21709181.00 ns, 285.1069 ns/op
WorkloadWarmup   8: 76144 op, 19373825.00 ns, 254.4367 ns/op
WorkloadWarmup   9: 76144 op, 22729227.00 ns, 298.5032 ns/op
WorkloadWarmup  10: 76144 op, 20001517.00 ns, 262.6801 ns/op
WorkloadWarmup  11: 76144 op, 31322285.00 ns, 411.3559 ns/op
WorkloadWarmup  12: 76144 op, 18811566.00 ns, 247.0525 ns/op
WorkloadWarmup  13: 76144 op, 16424623.00 ns, 215.7048 ns/op
WorkloadWarmup  14: 76144 op, 15767024.00 ns, 207.0685 ns/op
WorkloadWarmup  15: 76144 op, 15990714.00 ns, 210.0062 ns/op
WorkloadWarmup  16: 76144 op, 16487054.00 ns, 216.5247 ns/op
WorkloadWarmup  17: 76144 op, 21286289.00 ns, 279.5531 ns/op
WorkloadWarmup  18: 76144 op, 15985836.00 ns, 209.9422 ns/op
WorkloadWarmup  19: 76144 op, 16320699.00 ns, 214.3399 ns/op
WorkloadWarmup  20: 76144 op, 17106258.00 ns, 224.6567 ns/op
WorkloadWarmup  21: 76144 op, 15495835.00 ns, 203.5070 ns/op
WorkloadWarmup  22: 76144 op, 15810686.00 ns, 207.6419 ns/op
WorkloadWarmup  23: 76144 op, 15659198.00 ns, 205.6524 ns/op
WorkloadWarmup  24: 76144 op, 15567124.00 ns, 204.4432 ns/op
WorkloadWarmup  25: 76144 op, 15655496.00 ns, 205.6038 ns/op

// BeforeActualRun
WorkloadActual   1: 76144 op, 21105847.00 ns, 277.1833 ns/op
WorkloadActual   2: 76144 op, 20835449.00 ns, 273.6322 ns/op
WorkloadActual   3: 76144 op, 16586801.00 ns, 217.8346 ns/op
WorkloadActual   4: 76144 op, 15963924.00 ns, 209.6544 ns/op
WorkloadActual   5: 76144 op, 16121080.00 ns, 211.7183 ns/op
WorkloadActual   6: 76144 op, 15425255.00 ns, 202.5800 ns/op

// AfterActualRun
WorkloadResult   1: 76144 op, 21105847.00 ns, 277.1833 ns/op
WorkloadResult   2: 76144 op, 20835449.00 ns, 273.6322 ns/op
WorkloadResult   3: 76144 op, 16586801.00 ns, 217.8346 ns/op
WorkloadResult   4: 76144 op, 15963924.00 ns, 209.6544 ns/op
WorkloadResult   5: 76144 op, 16121080.00 ns, 211.7183 ns/op
WorkloadResult   6: 76144 op, 15425255.00 ns, 202.5800 ns/op
// GC:  1 0 0 24366080 76144
// Threading:  0 0 76144

// AfterAll
// Benchmark Process 9896 has exited with code 0.

Mean = 232.100 ns, StdErr = 13.846 ns (5.97%), N = 6, StdDev = 33.916 ns
Min = 202.580 ns, Q1 = 210.170 ns, Median = 214.776 ns, Q3 = 259.683 ns, Max = 277.183 ns
IQR = 49.512 ns, LowerFence = 135.902 ns, UpperFence = 333.951 ns
ConfidenceInterval = [136.993 ns; 327.208 ns] (CI 99.9%), Margin = 95.108 ns (40.98% of Mean)
Skewness = 0.49, Kurtosis = 1.05, MValue = 2

// ** Remained 17 (63.0 %) benchmark(s) to run. Estimated finish 2026-10-04 15:01 (0h 0m from now) **
// **************************
// Benchmark: CodecSuite.Run: campaign(EvaluateOverhead=False, Arguments=/p:AkNounk=true, Clock=Armonik.Ffi.Bdn.CpuClock, IterationCount=6, IterationTime=40ms, LaunchCount=1, RunStrategy=Throughput, WarmupCount=25) [Case=core-(...)known [42]]
// *** Execute ***
// Launch: 1 / 1
// Execute: dotnet BenchDotNet-campaign-1.dll --anonymousPipes 111 112 --benchmarkName "Armonik.Ffi.Bdn.CodecSuite.Run(Case: \"core-ffi|decode-read|P2.4|ascii|no-unknown\")" --job campaign --benchmarkId 10 in /home/user/ArmoniK.Api/ffi/poc/csharp/src/BenchDotNet/bin-nounk/Release/net8.0/BenchDotNet-campaign-1/bin/Release/net8.0
// BeforeAnythingElse

// Benchmark Process Environment Information:
// BenchmarkDotNet v0.15.8
// Runtime=.NET 8.0.31 (8.0.31, 8.0.3126.42015), X64 RyuJIT x86-64-v4
// GC=Concurrent Workstation
// HardwareIntrinsics=AVX512 F+BW+CD+DQ+VL,AVX2+BMI1+BMI2+F16C+FMA+LZCNT+MOVBE,AVX,SSE3+SSSE3+SSE4.1+SSE4.2+POPCNT,X86Base+SSE+SSE2,AES+PCLMUL VectorSize=256
// Job: campaign(EvaluateOverhead=False, Clock=Armonik.Ffi.Bdn.CpuClock, IterationCount=6, IterationTime=40ms, LaunchCount=1, RunStrategy=Throughput, WarmupCount=25)

OverheadJitting  1: 1 op, 329814.00 ns, 329.8140 us/op
WorkloadJitting  1: 1 op, 13108808.00 ns, 13.1088 ms/op

WorkloadPilot    1: 4 op, 17556295.00 ns, 4.3891 ms/op
WorkloadPilot    2: 9 op, 34917136.00 ns, 3.8797 ms/op

WorkloadWarmup   1: 9 op, 27376331.00 ns, 3.0418 ms/op
WorkloadWarmup   2: 9 op, 27997358.00 ns, 3.1108 ms/op
WorkloadWarmup   3: 9 op, 31343650.00 ns, 3.4826 ms/op
WorkloadWarmup   4: 9 op, 71664015.00 ns, 7.9627 ms/op
WorkloadWarmup   5: 9 op, 53739318.00 ns, 5.9710 ms/op
WorkloadWarmup   6: 9 op, 59621288.00 ns, 6.6246 ms/op
WorkloadWarmup   7: 9 op, 48142647.00 ns, 5.3492 ms/op
WorkloadWarmup   8: 9 op, 28740272.00 ns, 3.1934 ms/op
WorkloadWarmup   9: 9 op, 19150304.00 ns, 2.1278 ms/op
WorkloadWarmup  10: 9 op, 19538686.00 ns, 2.1710 ms/op
WorkloadWarmup  11: 9 op, 19844246.00 ns, 2.2049 ms/op
WorkloadWarmup  12: 9 op, 19764433.00 ns, 2.1960 ms/op
WorkloadWarmup  13: 9 op, 20351384.00 ns, 2.2613 ms/op
WorkloadWarmup  14: 9 op, 19665669.00 ns, 2.1851 ms/op
WorkloadWarmup  15: 9 op, 20202138.00 ns, 2.2447 ms/op
WorkloadWarmup  16: 9 op, 19727349.00 ns, 2.1919 ms/op
WorkloadWarmup  17: 9 op, 19602301.00 ns, 2.1780 ms/op
WorkloadWarmup  18: 9 op, 29817811.00 ns, 3.3131 ms/op
WorkloadWarmup  19: 9 op, 19425379.00 ns, 2.1584 ms/op
WorkloadWarmup  20: 9 op, 22696206.00 ns, 2.5218 ms/op
WorkloadWarmup  21: 9 op, 19427145.00 ns, 2.1586 ms/op
WorkloadWarmup  22: 9 op, 18891236.00 ns, 2.0990 ms/op
WorkloadWarmup  23: 9 op, 20923488.00 ns, 2.3248 ms/op
WorkloadWarmup  24: 9 op, 19089181.00 ns, 2.1210 ms/op
WorkloadWarmup  25: 9 op, 18595795.00 ns, 2.0662 ms/op

// BeforeActualRun
WorkloadActual   1: 9 op, 22499725.00 ns, 2.5000 ms/op
WorkloadActual   2: 9 op, 21354231.00 ns, 2.3727 ms/op
WorkloadActual   3: 9 op, 18779825.00 ns, 2.0866 ms/op
WorkloadActual   4: 9 op, 23222559.00 ns, 2.5803 ms/op
WorkloadActual   5: 9 op, 21731844.00 ns, 2.4146 ms/op
WorkloadActual   6: 9 op, 19762357.00 ns, 2.1958 ms/op

// AfterActualRun
WorkloadResult   1: 9 op, 22499725.00 ns, 2.5000 ms/op
WorkloadResult   2: 9 op, 21354231.00 ns, 2.3727 ms/op
WorkloadResult   3: 9 op, 18779825.00 ns, 2.0866 ms/op
WorkloadResult   4: 9 op, 23222559.00 ns, 2.5803 ms/op
WorkloadResult   5: 9 op, 21731844.00 ns, 2.4146 ms/op
WorkloadResult   6: 9 op, 19762357.00 ns, 2.1958 ms/op
// GC:  1 0 0 29391192 9
// Threading:  0 0 9

// AfterAll
// Benchmark Process 9905 has exited with code 0.

Mean = 2.358 ms, StdErr = 0.076 ms (3.22%), N = 6, StdDev = 0.186 ms
Min = 2.087 ms, Q1 = 2.240 ms, Median = 2.394 ms, Q3 = 2.479 ms, Max = 2.580 ms
IQR = 0.239 ms, LowerFence = 1.882 ms, UpperFence = 2.837 ms
ConfidenceInterval = [1.837 ms; 2.880 ms] (CI 99.9%), Margin = 0.521 ms (22.11% of Mean)
Skewness = -0.27, Kurtosis = 1.25, MValue = 2

// ** Remained 16 (59.3 %) benchmark(s) to run. Estimated finish 2026-10-04 15:01 (0h 0m from now) **
// **************************
// Benchmark: CodecSuite.Run: campaign(EvaluateOverhead=False, Arguments=/p:AkNounk=true, Clock=Armonik.Ffi.Bdn.CpuClock, IterationCount=6, IterationTime=40ms, LaunchCount=1, RunStrategy=Throughput, WarmupCount=25) [Case=core-(...)known [43]]
// *** Execute ***
// Launch: 1 / 1
// Execute: dotnet BenchDotNet-campaign-1.dll --anonymousPipes 111 112 --benchmarkName "Armonik.Ffi.Bdn.CodecSuite.Run(Case: \"core-ffi|decode-read|P2.2|latin1|no-unknown\")" --job campaign --benchmarkId 11 in /home/user/ArmoniK.Api/ffi/poc/csharp/src/BenchDotNet/bin-nounk/Release/net8.0/BenchDotNet-campaign-1/bin/Release/net8.0
// BeforeAnythingElse

// Benchmark Process Environment Information:
// BenchmarkDotNet v0.15.8
// Runtime=.NET 8.0.31 (8.0.31, 8.0.3126.42015), X64 RyuJIT x86-64-v4
// GC=Concurrent Workstation
// HardwareIntrinsics=AVX512 F+BW+CD+DQ+VL,AVX2+BMI1+BMI2+F16C+FMA+LZCNT+MOVBE,AVX,SSE3+SSSE3+SSE4.1+SSE4.2+POPCNT,X86Base+SSE+SSE2,AES+PCLMUL VectorSize=256
// Job: campaign(EvaluateOverhead=False, Clock=Armonik.Ffi.Bdn.CpuClock, IterationCount=6, IterationTime=40ms, LaunchCount=1, RunStrategy=Throughput, WarmupCount=25)

OverheadJitting  1: 1 op, 338047.00 ns, 338.0470 us/op
WorkloadJitting  1: 1 op, 14398633.00 ns, 14.3986 ms/op

WorkloadPilot    1: 4 op, 15272456.00 ns, 3.8181 ms/op
WorkloadPilot    2: 10 op, 40200588.00 ns, 4.0201 ms/op

WorkloadWarmup   1: 10 op, 40907845.00 ns, 4.0908 ms/op
WorkloadWarmup   2: 10 op, 33332783.00 ns, 3.3333 ms/op
WorkloadWarmup   3: 10 op, 45812689.00 ns, 4.5813 ms/op
WorkloadWarmup   4: 10 op, 57940213.00 ns, 5.7940 ms/op
WorkloadWarmup   5: 10 op, 70207084.00 ns, 7.0207 ms/op
WorkloadWarmup   6: 10 op, 83825137.00 ns, 8.3825 ms/op
WorkloadWarmup   7: 10 op, 42443120.00 ns, 4.2443 ms/op
WorkloadWarmup   8: 10 op, 30869460.00 ns, 3.0869 ms/op
WorkloadWarmup   9: 10 op, 29853080.00 ns, 2.9853 ms/op
WorkloadWarmup  10: 10 op, 26662730.00 ns, 2.6663 ms/op
WorkloadWarmup  11: 10 op, 27140017.00 ns, 2.7140 ms/op
WorkloadWarmup  12: 10 op, 27324317.00 ns, 2.7324 ms/op
WorkloadWarmup  13: 10 op, 33962577.00 ns, 3.3963 ms/op
WorkloadWarmup  14: 10 op, 39694886.00 ns, 3.9695 ms/op
WorkloadWarmup  15: 10 op, 29226256.00 ns, 2.9226 ms/op
WorkloadWarmup  16: 10 op, 31095955.00 ns, 3.1096 ms/op
WorkloadWarmup  17: 10 op, 27989749.00 ns, 2.7990 ms/op
WorkloadWarmup  18: 10 op, 27924354.00 ns, 2.7924 ms/op
WorkloadWarmup  19: 10 op, 28930081.00 ns, 2.8930 ms/op
WorkloadWarmup  20: 10 op, 25824764.00 ns, 2.5825 ms/op
WorkloadWarmup  21: 10 op, 26380999.00 ns, 2.6381 ms/op
WorkloadWarmup  22: 10 op, 28504001.00 ns, 2.8504 ms/op
WorkloadWarmup  23: 10 op, 31350326.00 ns, 3.1350 ms/op
WorkloadWarmup  24: 10 op, 30261346.00 ns, 3.0261 ms/op
WorkloadWarmup  25: 10 op, 31208830.00 ns, 3.1209 ms/op

// BeforeActualRun
WorkloadActual   1: 10 op, 32275817.00 ns, 3.2276 ms/op
WorkloadActual   2: 10 op, 39513617.00 ns, 3.9514 ms/op
WorkloadActual   3: 10 op, 39355605.00 ns, 3.9356 ms/op
WorkloadActual   4: 10 op, 36667540.00 ns, 3.6668 ms/op
WorkloadActual   5: 10 op, 39158417.00 ns, 3.9158 ms/op
WorkloadActual   6: 10 op, 31901053.00 ns, 3.1901 ms/op

// AfterActualRun
WorkloadResult   1: 10 op, 32275817.00 ns, 3.2276 ms/op
WorkloadResult   2: 10 op, 39513617.00 ns, 3.9514 ms/op
WorkloadResult   3: 10 op, 39355605.00 ns, 3.9356 ms/op
WorkloadResult   4: 10 op, 36667540.00 ns, 3.6668 ms/op
WorkloadResult   5: 10 op, 39158417.00 ns, 3.9158 ms/op
WorkloadResult   6: 10 op, 31901053.00 ns, 3.1901 ms/op
// GC:  1 0 0 21179040 10
// Threading:  0 0 10

// AfterAll
// Benchmark Process 9914 has exited with code 0.

Mean = 3.648 ms, StdErr = 0.145 ms (3.98%), N = 6, StdDev = 0.356 ms
Min = 3.190 ms, Q1 = 3.337 ms, Median = 3.791 ms, Q3 = 3.931 ms, Max = 3.951 ms
IQR = 0.593 ms, LowerFence = 2.447 ms, UpperFence = 4.821 ms
ConfidenceInterval = [2.650 ms; 4.646 ms] (CI 99.9%), Margin = 0.998 ms (27.36% of Mean)
Skewness = -0.37, Kurtosis = 0.99, MValue = 2

// ** Remained 15 (55.6 %) benchmark(s) to run. Estimated finish 2026-10-04 15:01 (0h 0m from now) **
// **************************
// Benchmark: CodecSuite.Run: campaign(EvaluateOverhead=False, Arguments=/p:AkNounk=true, Clock=Armonik.Ffi.Bdn.CpuClock, IterationCount=6, IterationTime=40ms, LaunchCount=1, RunStrategy=Throughput, WarmupCount=25) [Case=core-(...)known [42]]
// *** Execute ***
// Launch: 1 / 1
// Execute: dotnet BenchDotNet-campaign-1.dll --anonymousPipes 111 112 --benchmarkName "Armonik.Ffi.Bdn.CodecSuite.Run(Case: \"core-ffi|decode-read|P2.2|ascii|no-unknown\")" --job campaign --benchmarkId 12 in /home/user/ArmoniK.Api/ffi/poc/csharp/src/BenchDotNet/bin-nounk/Release/net8.0/BenchDotNet-campaign-1/bin/Release/net8.0
// BeforeAnythingElse

// Benchmark Process Environment Information:
// BenchmarkDotNet v0.15.8
// Runtime=.NET 8.0.31 (8.0.31, 8.0.3126.42015), X64 RyuJIT x86-64-v4
// GC=Concurrent Workstation
// HardwareIntrinsics=AVX512 F+BW+CD+DQ+VL,AVX2+BMI1+BMI2+F16C+FMA+LZCNT+MOVBE,AVX,SSE3+SSSE3+SSE4.1+SSE4.2+POPCNT,X86Base+SSE+SSE2,AES+PCLMUL VectorSize=256
// Job: campaign(EvaluateOverhead=False, Clock=Armonik.Ffi.Bdn.CpuClock, IterationCount=6, IterationTime=40ms, LaunchCount=1, RunStrategy=Throughput, WarmupCount=25)

OverheadJitting  1: 1 op, 395199.00 ns, 395.1990 us/op
WorkloadJitting  1: 1 op, 14577185.00 ns, 14.5772 ms/op

WorkloadPilot    1: 4 op, 16082553.00 ns, 4.0206 ms/op
WorkloadPilot    2: 10 op, 38830048.00 ns, 3.8830 ms/op

WorkloadWarmup   1: 10 op, 28408205.00 ns, 2.8408 ms/op
WorkloadWarmup   2: 10 op, 29144883.00 ns, 2.9145 ms/op
WorkloadWarmup   3: 10 op, 35748009.00 ns, 3.5748 ms/op
WorkloadWarmup   4: 10 op, 28982551.00 ns, 2.8983 ms/op
WorkloadWarmup   5: 10 op, 42676587.00 ns, 4.2677 ms/op
WorkloadWarmup   6: 10 op, 49109191.00 ns, 4.9109 ms/op
WorkloadWarmup   7: 10 op, 51988613.00 ns, 5.1989 ms/op
WorkloadWarmup   8: 10 op, 56900024.00 ns, 5.6900 ms/op
WorkloadWarmup   9: 10 op, 33428169.00 ns, 3.3428 ms/op
WorkloadWarmup  10: 10 op, 27156903.00 ns, 2.7157 ms/op
WorkloadWarmup  11: 10 op, 20719122.00 ns, 2.0719 ms/op
WorkloadWarmup  12: 10 op, 24429497.00 ns, 2.4429 ms/op
WorkloadWarmup  13: 10 op, 57286957.00 ns, 5.7287 ms/op
WorkloadWarmup  14: 10 op, 28704573.00 ns, 2.8705 ms/op
WorkloadWarmup  15: 10 op, 26121663.00 ns, 2.6122 ms/op
WorkloadWarmup  16: 10 op, 24967760.00 ns, 2.4968 ms/op
WorkloadWarmup  17: 10 op, 22547825.00 ns, 2.2548 ms/op
WorkloadWarmup  18: 10 op, 25863745.00 ns, 2.5864 ms/op
WorkloadWarmup  19: 10 op, 22382411.00 ns, 2.2382 ms/op
WorkloadWarmup  20: 10 op, 20438974.00 ns, 2.0439 ms/op
WorkloadWarmup  21: 10 op, 22320394.00 ns, 2.2320 ms/op
WorkloadWarmup  22: 10 op, 22351785.00 ns, 2.2352 ms/op
WorkloadWarmup  23: 10 op, 33634251.00 ns, 3.3634 ms/op
WorkloadWarmup  24: 10 op, 24099604.00 ns, 2.4100 ms/op
WorkloadWarmup  25: 10 op, 19931390.00 ns, 1.9931 ms/op

// BeforeActualRun
WorkloadActual   1: 10 op, 21011945.00 ns, 2.1012 ms/op
WorkloadActual   2: 10 op, 20141176.00 ns, 2.0141 ms/op
WorkloadActual   3: 10 op, 20266371.00 ns, 2.0266 ms/op
WorkloadActual   4: 10 op, 19801960.00 ns, 1.9802 ms/op
WorkloadActual   5: 10 op, 21628802.00 ns, 2.1629 ms/op
WorkloadActual   6: 10 op, 23050446.00 ns, 2.3050 ms/op

// AfterActualRun
WorkloadResult   1: 10 op, 21011945.00 ns, 2.1012 ms/op
WorkloadResult   2: 10 op, 20141176.00 ns, 2.0141 ms/op
WorkloadResult   3: 10 op, 20266371.00 ns, 2.0266 ms/op
WorkloadResult   4: 10 op, 19801960.00 ns, 1.9802 ms/op
WorkloadResult   5: 10 op, 21628802.00 ns, 2.1629 ms/op
WorkloadResult   6: 10 op, 23050446.00 ns, 2.3050 ms/op
// GC:  1 0 0 21179040 10
// Threading:  0 0 10

// AfterAll
// Benchmark Process 9923 has exited with code 0.

Mean = 2.098 ms, StdErr = 0.049 ms (2.35%), N = 6, StdDev = 0.121 ms
Min = 1.980 ms, Q1 = 2.017 ms, Median = 2.064 ms, Q3 = 2.147 ms, Max = 2.305 ms
IQR = 0.130 ms, LowerFence = 1.822 ms, UpperFence = 2.343 ms
ConfidenceInterval = [1.759 ms; 2.437 ms] (CI 99.9%), Margin = 0.339 ms (16.16% of Mean)
Skewness = 0.61, Kurtosis = 1.65, MValue = 2

// ** Remained 14 (51.9 %) benchmark(s) to run. Estimated finish 2026-10-04 15:02 (0h 0m from now) **
// **************************
// Benchmark: CodecSuite.Run: campaign(EvaluateOverhead=False, Arguments=/p:AkNounk=true, Clock=Armonik.Ffi.Bdn.CpuClock, IterationCount=6, IterationTime=40ms, LaunchCount=1, RunStrategy=Throughput, WarmupCount=25) [Case=core-(...)known [80]]
// *** Execute ***
// Launch: 1 / 1
// Execute: dotnet BenchDotNet-campaign-1.dll --anonymousPipes 111 112 --benchmarkName "Armonik.Ffi.Bdn.CodecSuite.Run(Case: \"core-ffi|decode-read|U-wire-ListMetricsResponse-batches-as-wt0|corpus|no-unknown\")" --job campaign --benchmarkId 13 in /home/user/ArmoniK.Api/ffi/poc/csharp/src/BenchDotNet/bin-nounk/Release/net8.0/BenchDotNet-campaign-1/bin/Release/net8.0
// BeforeAnythingElse

// Benchmark Process Environment Information:
// BenchmarkDotNet v0.15.8
// Runtime=.NET 8.0.31 (8.0.31, 8.0.3126.42015), X64 RyuJIT x86-64-v4
// GC=Concurrent Workstation
// HardwareIntrinsics=AVX512 F+BW+CD+DQ+VL,AVX2+BMI1+BMI2+F16C+FMA+LZCNT+MOVBE,AVX,SSE3+SSSE3+SSE4.1+SSE4.2+POPCNT,X86Base+SSE+SSE2,AES+PCLMUL VectorSize=256
// Job: campaign(EvaluateOverhead=False, Clock=Armonik.Ffi.Bdn.CpuClock, IterationCount=6, IterationTime=40ms, LaunchCount=1, RunStrategy=Throughput, WarmupCount=25)

OverheadJitting  1: 1 op, 341601.00 ns, 341.6010 us/op
WorkloadJitting  1: 1 op, 12036066.00 ns, 12.0361 ms/op

WorkloadPilot    1: 4 op, 97758.00 ns, 24.4395 us/op
WorkloadPilot    2: 1637 op, 18887692.00 ns, 11.5380 us/op
WorkloadPilot    3: 3467 op, 32610062.00 ns, 9.4058 us/op
WorkloadPilot    4: 4253 op, 36949732.00 ns, 8.6879 us/op
WorkloadPilot    5: 4604 op, 35433124.00 ns, 7.6962 us/op
WorkloadPilot    6: 5197 op, 43583911.00 ns, 8.3864 us/op
WorkloadPilot    7: 4770 op, 53452608.00 ns, 11.2060 us/op
WorkloadPilot    8: 3570 op, 40720648.00 ns, 11.4063 us/op

WorkloadWarmup   1: 3570 op, 36433711.00 ns, 10.2055 us/op
WorkloadWarmup   2: 3570 op, 36910129.00 ns, 10.3390 us/op
WorkloadWarmup   3: 3570 op, 35429672.00 ns, 9.9243 us/op
WorkloadWarmup   4: 3570 op, 20124008.00 ns, 5.6370 us/op
WorkloadWarmup   5: 3570 op, 13378246.00 ns, 3.7474 us/op
WorkloadWarmup   6: 3570 op, 12076955.00 ns, 3.3829 us/op
WorkloadWarmup   7: 3570 op, 12116930.00 ns, 3.3941 us/op
WorkloadWarmup   8: 3570 op, 12040337.00 ns, 3.3726 us/op
WorkloadWarmup   9: 3570 op, 11948710.00 ns, 3.3470 us/op
WorkloadWarmup  10: 3570 op, 14199174.00 ns, 3.9774 us/op
WorkloadWarmup  11: 3570 op, 12340998.00 ns, 3.4569 us/op
WorkloadWarmup  12: 3570 op, 12078827.00 ns, 3.3834 us/op
WorkloadWarmup  13: 3570 op, 12060908.00 ns, 3.3784 us/op
WorkloadWarmup  14: 3570 op, 12287227.00 ns, 3.4418 us/op
WorkloadWarmup  15: 3570 op, 14064135.00 ns, 3.9395 us/op
WorkloadWarmup  16: 3570 op, 12715739.00 ns, 3.5618 us/op
WorkloadWarmup  17: 3570 op, 14214183.00 ns, 3.9816 us/op
WorkloadWarmup  18: 3570 op, 12286050.00 ns, 3.4415 us/op
WorkloadWarmup  19: 3570 op, 12212624.00 ns, 3.4209 us/op
WorkloadWarmup  20: 3570 op, 12201323.00 ns, 3.4177 us/op
WorkloadWarmup  21: 3570 op, 12792685.00 ns, 3.5834 us/op
WorkloadWarmup  22: 3570 op, 12605546.00 ns, 3.5310 us/op
WorkloadWarmup  23: 3570 op, 12415681.00 ns, 3.4778 us/op
WorkloadWarmup  24: 3570 op, 14058463.00 ns, 3.9379 us/op
WorkloadWarmup  25: 3570 op, 11751371.00 ns, 3.2917 us/op

// BeforeActualRun
WorkloadActual   1: 3570 op, 11996454.00 ns, 3.3604 us/op
WorkloadActual   2: 3570 op, 12108082.00 ns, 3.3916 us/op
WorkloadActual   3: 3570 op, 12323368.00 ns, 3.4519 us/op
WorkloadActual   4: 3570 op, 12044563.00 ns, 3.3738 us/op
WorkloadActual   5: 3570 op, 11956992.00 ns, 3.3493 us/op
WorkloadActual   6: 3570 op, 12131188.00 ns, 3.3981 us/op

// AfterActualRun
WorkloadResult   1: 3570 op, 11996454.00 ns, 3.3604 us/op
WorkloadResult   2: 3570 op, 12108082.00 ns, 3.3916 us/op
WorkloadResult   3: 3570 op, 12044563.00 ns, 3.3738 us/op
WorkloadResult   4: 3570 op, 11956992.00 ns, 3.3493 us/op
WorkloadResult   5: 3570 op, 12131188.00 ns, 3.3981 us/op
// GC:  0 0 0 16850400 3570
// Threading:  0 0 3570

// AfterAll
// Benchmark Process 9933 has exited with code 0.

Mean = 3.375 us, StdErr = 0.009 us (0.27%), N = 5, StdDev = 0.021 us
Min = 3.349 us, Q1 = 3.360 us, Median = 3.374 us, Q3 = 3.392 us, Max = 3.398 us
IQR = 0.031 us, LowerFence = 3.313 us, UpperFence = 3.439 us
ConfidenceInterval = [3.296 us; 3.454 us] (CI 99.9%), Margin = 0.079 us (2.34% of Mean)
Skewness = -0.03, Kurtosis = 0.95, MValue = 2

// ** Remained 13 (48.1 %) benchmark(s) to run. Estimated finish 2026-10-04 15:02 (0h 0m from now) **
// **************************
// Benchmark: CodecSuite.Run: campaign(EvaluateOverhead=False, Arguments=/p:AkNounk=true, Clock=Armonik.Ffi.Bdn.CpuClock, IterationCount=6, IterationTime=40ms, LaunchCount=1, RunStrategy=Throughput, WarmupCount=25) [Case=core-(...)known [42]]
// *** Execute ***
// Launch: 1 / 1
// Execute: dotnet BenchDotNet-campaign-1.dll --anonymousPipes 111 112 --benchmarkName "Armonik.Ffi.Bdn.CodecSuite.Run(Case: \"core-ffi|decode-read|P5.2|ascii|no-unknown\")" --job campaign --benchmarkId 14 in /home/user/ArmoniK.Api/ffi/poc/csharp/src/BenchDotNet/bin-nounk/Release/net8.0/BenchDotNet-campaign-1/bin/Release/net8.0
// BeforeAnythingElse

// Benchmark Process Environment Information:
// BenchmarkDotNet v0.15.8
// Runtime=.NET 8.0.31 (8.0.31, 8.0.3126.42015), X64 RyuJIT x86-64-v4
// GC=Concurrent Workstation
// HardwareIntrinsics=AVX512 F+BW+CD+DQ+VL,AVX2+BMI1+BMI2+F16C+FMA+LZCNT+MOVBE,AVX,SSE3+SSSE3+SSE4.1+SSE4.2+POPCNT,X86Base+SSE+SSE2,AES+PCLMUL VectorSize=256
// Job: campaign(EvaluateOverhead=False, Clock=Armonik.Ffi.Bdn.CpuClock, IterationCount=6, IterationTime=40ms, LaunchCount=1, RunStrategy=Throughput, WarmupCount=25)

OverheadJitting  1: 1 op, 303037.00 ns, 303.0370 us/op
WorkloadJitting  1: 1 op, 3100655.00 ns, 3.1007 ms/op

WorkloadPilot    1: 4 op, 232770.00 ns, 58.1925 us/op
WorkloadPilot    2: 687 op, 17564037.00 ns, 25.5663 us/op
WorkloadPilot    3: 1565 op, 23482716.00 ns, 15.0049 us/op
WorkloadPilot    4: 2666 op, 37755235.00 ns, 14.1618 us/op
WorkloadPilot    5: 2825 op, 37803716.00 ns, 13.3818 us/op
WorkloadPilot    6: 2989 op, 43614277.00 ns, 14.5916 us/op
WorkloadPilot    7: 2741 op, 37711555.00 ns, 13.7583 us/op
WorkloadPilot    8: 2907 op, 38767293.00 ns, 13.3358 us/op
WorkloadPilot    9: 2999 op, 36334994.00 ns, 12.1157 us/op
WorkloadPilot   10: 3302 op, 43646377.00 ns, 13.2182 us/op
WorkloadPilot   11: 3026 op, 38695313.00 ns, 12.7876 us/op
WorkloadPilot   12: 3128 op, 41382281.00 ns, 13.2296 us/op

WorkloadWarmup   1: 3128 op, 39418651.00 ns, 12.6019 us/op
WorkloadWarmup   2: 3128 op, 40146922.00 ns, 12.8347 us/op
WorkloadWarmup   3: 3128 op, 44230624.00 ns, 14.1402 us/op
WorkloadWarmup   4: 3128 op, 44941260.00 ns, 14.3674 us/op
WorkloadWarmup   5: 3128 op, 44126222.00 ns, 14.1068 us/op
WorkloadWarmup   6: 3128 op, 40386313.00 ns, 12.9112 us/op
WorkloadWarmup   7: 3128 op, 42425418.00 ns, 13.5631 us/op
WorkloadWarmup   8: 3128 op, 33194689.00 ns, 10.6121 us/op
WorkloadWarmup   9: 3128 op, 37755141.00 ns, 12.0701 us/op
WorkloadWarmup  10: 3128 op, 48423204.00 ns, 15.4806 us/op
WorkloadWarmup  11: 3128 op, 40475655.00 ns, 12.9398 us/op
WorkloadWarmup  12: 3128 op, 41997750.00 ns, 13.4264 us/op
WorkloadWarmup  13: 3128 op, 42952886.00 ns, 13.7317 us/op
WorkloadWarmup  14: 3128 op, 48248243.00 ns, 15.4246 us/op
WorkloadWarmup  15: 3128 op, 43691235.00 ns, 13.9678 us/op
WorkloadWarmup  16: 3128 op, 61104021.00 ns, 19.5345 us/op
WorkloadWarmup  17: 3128 op, 44113997.00 ns, 14.1029 us/op
WorkloadWarmup  18: 3128 op, 47628696.00 ns, 15.2266 us/op
WorkloadWarmup  19: 3128 op, 39159899.00 ns, 12.5191 us/op
WorkloadWarmup  20: 3128 op, 42260989.00 ns, 13.5105 us/op
WorkloadWarmup  21: 3128 op, 40804544.00 ns, 13.0449 us/op
WorkloadWarmup  22: 3128 op, 35345452.00 ns, 11.2997 us/op
WorkloadWarmup  23: 3128 op, 32075007.00 ns, 10.2542 us/op
WorkloadWarmup  24: 3128 op, 41452524.00 ns, 13.2521 us/op
WorkloadWarmup  25: 3128 op, 52168674.00 ns, 16.6780 us/op

// BeforeActualRun
WorkloadActual   1: 3128 op, 42040904.00 ns, 13.4402 us/op
WorkloadActual   2: 3128 op, 41203374.00 ns, 13.1724 us/op
WorkloadActual   3: 3128 op, 51806275.00 ns, 16.5621 us/op
WorkloadActual   4: 3128 op, 42531030.00 ns, 13.5969 us/op
WorkloadActual   5: 3128 op, 43615120.00 ns, 13.9435 us/op
WorkloadActual   6: 3128 op, 41556712.00 ns, 13.2854 us/op

// AfterActualRun
WorkloadResult   1: 3128 op, 42040904.00 ns, 13.4402 us/op
WorkloadResult   2: 3128 op, 41203374.00 ns, 13.1724 us/op
WorkloadResult   3: 3128 op, 42531030.00 ns, 13.5969 us/op
WorkloadResult   4: 3128 op, 43615120.00 ns, 13.9435 us/op
WorkloadResult   5: 3128 op, 41556712.00 ns, 13.2854 us/op
// GC:  11 2 0 205872448 3128
// Threading:  0 0 3128

// AfterAll
// Benchmark Process 9942 has exited with code 0.

Mean = 13.488 us, StdErr = 0.135 us (1.00%), N = 5, StdDev = 0.301 us
Min = 13.172 us, Q1 = 13.285 us, Median = 13.440 us, Q3 = 13.597 us, Max = 13.943 us
IQR = 0.311 us, LowerFence = 12.818 us, UpperFence = 14.064 us
ConfidenceInterval = [12.329 us; 14.646 us] (CI 99.9%), Margin = 1.159 us (8.59% of Mean)
Skewness = 0.41, Kurtosis = 1.34, MValue = 2

// ** Remained 12 (44.4 %) benchmark(s) to run. Estimated finish 2026-10-04 15:02 (0h 0m from now) **
// **************************
// Benchmark: CodecSuite.Run: campaign(EvaluateOverhead=False, Arguments=/p:AkNounk=true, Clock=Armonik.Ffi.Bdn.CpuClock, IterationCount=6, IterationTime=40ms, LaunchCount=1, RunStrategy=Throughput, WarmupCount=25) [Case=core-(...)known [42]]
// *** Execute ***
// Launch: 1 / 1
// Execute: dotnet BenchDotNet-campaign-1.dll --anonymousPipes 111 112 --benchmarkName "Armonik.Ffi.Bdn.CodecSuite.Run(Case: \"core-ffi|decode-read|P5.3|ascii|no-unknown\")" --job campaign --benchmarkId 15 in /home/user/ArmoniK.Api/ffi/poc/csharp/src/BenchDotNet/bin-nounk/Release/net8.0/BenchDotNet-campaign-1/bin/Release/net8.0
// BeforeAnythingElse

// Benchmark Process Environment Information:
// BenchmarkDotNet v0.15.8
// Runtime=.NET 8.0.31 (8.0.31, 8.0.3126.42015), X64 RyuJIT x86-64-v4
// GC=Concurrent Workstation
// HardwareIntrinsics=AVX512 F+BW+CD+DQ+VL,AVX2+BMI1+BMI2+F16C+FMA+LZCNT+MOVBE,AVX,SSE3+SSSE3+SSE4.1+SSE4.2+POPCNT,X86Base+SSE+SSE2,AES+PCLMUL VectorSize=256
// Job: campaign(EvaluateOverhead=False, Clock=Armonik.Ffi.Bdn.CpuClock, IterationCount=6, IterationTime=40ms, LaunchCount=1, RunStrategy=Throughput, WarmupCount=25)

OverheadJitting  1: 1 op, 304224.00 ns, 304.2240 us/op
WorkloadJitting  1: 1 op, 3315663.00 ns, 3.3157 ms/op

WorkloadPilot    1: 4 op, 2289418.00 ns, 572.3545 us/op
WorkloadPilot    2: 70 op, 42033847.00 ns, 600.4835 us/op
WorkloadPilot    3: 67 op, 52431605.00 ns, 782.5613 us/op
WorkloadPilot    4: 51 op, 40971208.00 ns, 803.3570 us/op

WorkloadWarmup   1: 51 op, 42926564.00 ns, 841.6973 us/op
WorkloadWarmup   2: 51 op, 41218689.00 ns, 808.2096 us/op
WorkloadWarmup   3: 51 op, 35827373.00 ns, 702.4975 us/op
WorkloadWarmup   4: 51 op, 27037393.00 ns, 530.1450 us/op
WorkloadWarmup   5: 51 op, 35533435.00 ns, 696.7340 us/op
WorkloadWarmup   6: 51 op, 36375244.00 ns, 713.2401 us/op
WorkloadWarmup   7: 51 op, 43126885.00 ns, 845.6252 us/op
WorkloadWarmup   8: 51 op, 44718042.00 ns, 876.8244 us/op
WorkloadWarmup   9: 51 op, 40569721.00 ns, 795.4847 us/op
WorkloadWarmup  10: 51 op, 50111947.00 ns, 982.5872 us/op
WorkloadWarmup  11: 51 op, 43524647.00 ns, 853.4245 us/op
WorkloadWarmup  12: 51 op, 41234940.00 ns, 808.5282 us/op
WorkloadWarmup  13: 51 op, 42048602.00 ns, 824.4824 us/op
WorkloadWarmup  14: 51 op, 44494876.00 ns, 872.4485 us/op
WorkloadWarmup  15: 51 op, 37235911.00 ns, 730.1159 us/op
WorkloadWarmup  16: 51 op, 43326139.00 ns, 849.5321 us/op
WorkloadWarmup  17: 51 op, 40999944.00 ns, 803.9205 us/op
WorkloadWarmup  18: 51 op, 40239037.00 ns, 789.0007 us/op
WorkloadWarmup  19: 51 op, 39830767.00 ns, 780.9954 us/op
WorkloadWarmup  20: 51 op, 40019483.00 ns, 784.6957 us/op
WorkloadWarmup  21: 51 op, 50873192.00 ns, 997.5136 us/op
WorkloadWarmup  22: 51 op, 35944698.00 ns, 704.7980 us/op
WorkloadWarmup  23: 51 op, 40451331.00 ns, 793.1634 us/op
WorkloadWarmup  24: 51 op, 48605900.00 ns, 953.0569 us/op
WorkloadWarmup  25: 51 op, 43264030.00 ns, 848.3143 us/op

// BeforeActualRun
WorkloadActual   1: 51 op, 43309287.00 ns, 849.2017 us/op
WorkloadActual   2: 51 op, 43506515.00 ns, 853.0689 us/op
WorkloadActual   3: 51 op, 52806166.00 ns, 1.0354 ms/op
WorkloadActual   4: 51 op, 43934101.00 ns, 861.4530 us/op
WorkloadActual   5: 51 op, 45685074.00 ns, 895.7858 us/op
WorkloadActual   6: 51 op, 42095669.00 ns, 825.4053 us/op

// AfterActualRun
WorkloadResult   1: 51 op, 43309287.00 ns, 849.2017 us/op
WorkloadResult   2: 51 op, 43506515.00 ns, 853.0689 us/op
WorkloadResult   3: 51 op, 43934101.00 ns, 861.4530 us/op
WorkloadResult   4: 51 op, 45685074.00 ns, 895.7858 us/op
WorkloadResult   5: 51 op, 42095669.00 ns, 825.4053 us/op
// GC:  3 3 3 53500536 51
// Threading:  0 0 51

// AfterAll
// Benchmark Process 9951 has exited with code 0.

Mean = 856.983 us, StdErr = 11.399 us (1.33%), N = 5, StdDev = 25.489 us
Min = 825.405 us, Q1 = 849.202 us, Median = 853.069 us, Q3 = 861.453 us, Max = 895.786 us
IQR = 12.251 us, LowerFence = 830.825 us, UpperFence = 879.830 us
ConfidenceInterval = [758.836 us; 955.130 us] (CI 99.9%), Margin = 98.147 us (11.45% of Mean)
Skewness = 0.32, Kurtosis = 1.55, MValue = 2

// ** Remained 11 (40.7 %) benchmark(s) to run. Estimated finish 2026-10-04 15:02 (0h 0m from now) **
// **************************
// Benchmark: CodecSuite.Run: campaign(EvaluateOverhead=False, Arguments=/p:AkNounk=true, Clock=Armonik.Ffi.Bdn.CpuClock, IterationCount=6, IterationTime=40ms, LaunchCount=1, RunStrategy=Throughput, WarmupCount=25) [Case=core-(...)known [82]]
// *** Execute ***
// Launch: 1 / 1
// Execute: dotnet BenchDotNet-campaign-1.dll --anonymousPipes 111 112 --benchmarkName "Armonik.Ffi.Bdn.CodecSuite.Run(Case: \"core-ffi|decode-read|U-wire-ListTaskSummaryResponse-tasks-as-wt5|corpus|no-unknown\")" --job campaign --benchmarkId 16 in /home/user/ArmoniK.Api/ffi/poc/csharp/src/BenchDotNet/bin-nounk/Release/net8.0/BenchDotNet-campaign-1/bin/Release/net8.0
// BeforeAnythingElse

// Benchmark Process Environment Information:
// BenchmarkDotNet v0.15.8
// Runtime=.NET 8.0.31 (8.0.31, 8.0.3126.42015), X64 RyuJIT x86-64-v4
// GC=Concurrent Workstation
// HardwareIntrinsics=AVX512 F+BW+CD+DQ+VL,AVX2+BMI1+BMI2+F16C+FMA+LZCNT+MOVBE,AVX,SSE3+SSSE3+SSE4.1+SSE4.2+POPCNT,X86Base+SSE+SSE2,AES+PCLMUL VectorSize=256
// Job: campaign(EvaluateOverhead=False, Clock=Armonik.Ffi.Bdn.CpuClock, IterationCount=6, IterationTime=40ms, LaunchCount=1, RunStrategy=Throughput, WarmupCount=25)

OverheadJitting  1: 1 op, 350843.00 ns, 350.8430 us/op
WorkloadJitting  1: 1 op, 15880768.00 ns, 15.8808 ms/op

WorkloadPilot    1: 4 op, 108182.00 ns, 27.0455 us/op
WorkloadPilot    2: 1479 op, 10711902.00 ns, 7.2427 us/op
WorkloadPilot    3: 5523 op, 32603155.00 ns, 5.9032 us/op
WorkloadPilot    4: 6776 op, 33122078.00 ns, 4.8881 us/op
WorkloadPilot    5: 8183 op, 35376966.00 ns, 4.3232 us/op
WorkloadPilot    6: 9252 op, 41302081.00 ns, 4.4641 us/op
WorkloadPilot    7: 8960 op, 61542018.00 ns, 6.8685 us/op
WorkloadPilot    8: 5824 op, 42299458.00 ns, 7.2630 us/op

WorkloadWarmup   1: 5824 op, 41889500.00 ns, 7.1926 us/op
WorkloadWarmup   2: 5824 op, 42129433.00 ns, 7.2338 us/op
WorkloadWarmup   3: 5824 op, 48614060.00 ns, 8.3472 us/op
WorkloadWarmup   4: 5824 op, 30671488.00 ns, 5.2664 us/op
WorkloadWarmup   5: 5824 op, 32350867.00 ns, 5.5548 us/op
WorkloadWarmup   6: 5824 op, 36636839.00 ns, 6.2907 us/op
WorkloadWarmup   7: 5824 op, 32888875.00 ns, 5.6471 us/op
WorkloadWarmup   8: 5824 op, 21447699.00 ns, 3.6826 us/op
WorkloadWarmup   9: 5824 op, 16824903.00 ns, 2.8889 us/op
WorkloadWarmup  10: 5824 op, 16994771.00 ns, 2.9181 us/op
WorkloadWarmup  11: 5824 op, 16497788.00 ns, 2.8327 us/op
WorkloadWarmup  12: 5824 op, 16929758.00 ns, 2.9069 us/op
WorkloadWarmup  13: 5824 op, 17600551.00 ns, 3.0221 us/op
WorkloadWarmup  14: 5824 op, 29740104.00 ns, 5.1065 us/op
WorkloadWarmup  15: 5824 op, 23730291.00 ns, 4.0746 us/op
WorkloadWarmup  16: 5824 op, 18290969.00 ns, 3.1406 us/op
WorkloadWarmup  17: 5824 op, 17793998.00 ns, 3.0553 us/op
WorkloadWarmup  18: 5824 op, 18931094.00 ns, 3.2505 us/op
WorkloadWarmup  19: 5824 op, 19411114.00 ns, 3.3330 us/op
WorkloadWarmup  20: 5824 op, 19908864.00 ns, 3.4184 us/op
WorkloadWarmup  21: 5824 op, 18385981.00 ns, 3.1569 us/op
WorkloadWarmup  22: 5824 op, 16857490.00 ns, 2.8945 us/op
WorkloadWarmup  23: 5824 op, 16816011.00 ns, 2.8874 us/op
WorkloadWarmup  24: 5824 op, 17004624.00 ns, 2.9198 us/op
WorkloadWarmup  25: 5824 op, 17057697.00 ns, 2.9289 us/op

// BeforeActualRun
WorkloadActual   1: 5824 op, 17511411.00 ns, 3.0068 us/op
WorkloadActual   2: 5824 op, 16706177.00 ns, 2.8685 us/op
WorkloadActual   3: 5824 op, 16582874.00 ns, 2.8473 us/op
WorkloadActual   4: 5824 op, 17854481.00 ns, 3.0657 us/op
WorkloadActual   5: 5824 op, 18336032.00 ns, 3.1484 us/op
WorkloadActual   6: 5824 op, 17456470.00 ns, 2.9973 us/op

// AfterActualRun
WorkloadResult   1: 5824 op, 17511411.00 ns, 3.0068 us/op
WorkloadResult   2: 5824 op, 16706177.00 ns, 2.8685 us/op
WorkloadResult   3: 5824 op, 16582874.00 ns, 2.8473 us/op
WorkloadResult   4: 5824 op, 17854481.00 ns, 3.0657 us/op
WorkloadResult   5: 5824 op, 18336032.00 ns, 3.1484 us/op
WorkloadResult   6: 5824 op, 17456470.00 ns, 2.9973 us/op
// GC:  1 0 0 21059584 5824
// Threading:  0 0 5824

// AfterAll
// Benchmark Process 9961 has exited with code 0.

Mean = 2.989 us, StdErr = 0.047 us (1.57%), N = 6, StdDev = 0.115 us
Min = 2.847 us, Q1 = 2.901 us, Median = 3.002 us, Q3 = 3.051 us, Max = 3.148 us
IQR = 0.150 us, LowerFence = 2.675 us, UpperFence = 3.276 us
ConfidenceInterval = [2.666 us; 3.312 us] (CI 99.9%), Margin = 0.323 us (10.80% of Mean)
Skewness = -0.01, Kurtosis = 1.23, MValue = 2

// ** Remained 10 (37.0 %) benchmark(s) to run. Estimated finish 2026-10-04 15:02 (0h 0m from now) **
// **************************
// Benchmark: CodecSuite.Run: campaign(EvaluateOverhead=False, Arguments=/p:AkNounk=true, Clock=Armonik.Ffi.Bdn.CpuClock, IterationCount=6, IterationTime=40ms, LaunchCount=1, RunStrategy=Throughput, WarmupCount=25) [Case=core-(...)known [42]]
// *** Execute ***
// Launch: 1 / 1
// Execute: dotnet BenchDotNet-campaign-1.dll --anonymousPipes 111 112 --benchmarkName "Armonik.Ffi.Bdn.CodecSuite.Run(Case: \"core-ffi|decode-read|P3.1|ascii|no-unknown\")" --job campaign --benchmarkId 17 in /home/user/ArmoniK.Api/ffi/poc/csharp/src/BenchDotNet/bin-nounk/Release/net8.0/BenchDotNet-campaign-1/bin/Release/net8.0
// BeforeAnythingElse

// Benchmark Process Environment Information:
// BenchmarkDotNet v0.15.8
// Runtime=.NET 8.0.31 (8.0.31, 8.0.3126.42015), X64 RyuJIT x86-64-v4
// GC=Concurrent Workstation
// HardwareIntrinsics=AVX512 F+BW+CD+DQ+VL,AVX2+BMI1+BMI2+F16C+FMA+LZCNT+MOVBE,AVX,SSE3+SSSE3+SSE4.1+SSE4.2+POPCNT,X86Base+SSE+SSE2,AES+PCLMUL VectorSize=256
// Job: campaign(EvaluateOverhead=False, Clock=Armonik.Ffi.Bdn.CpuClock, IterationCount=6, IterationTime=40ms, LaunchCount=1, RunStrategy=Throughput, WarmupCount=25)

OverheadJitting  1: 1 op, 548186.00 ns, 548.1860 us/op
WorkloadJitting  1: 1 op, 6591521.00 ns, 6.5915 ms/op

WorkloadPilot    1: 4 op, 356199.00 ns, 89.0498 us/op
WorkloadPilot    2: 449 op, 30982506.00 ns, 69.0034 us/op
WorkloadPilot    3: 580 op, 29787274.00 ns, 51.3574 us/op
WorkloadPilot    4: 779 op, 38227097.00 ns, 49.0720 us/op
WorkloadPilot    5: 815 op, 76882629.00 ns, 94.3345 us/op
WorkloadPilot    6: 424 op, 41059251.00 ns, 96.8379 us/op
WorkloadPilot    7: 413 op, 34465511.00 ns, 83.4516 us/op
WorkloadPilot    8: 479 op, 40616037.00 ns, 84.7934 us/op

WorkloadWarmup   1: 479 op, 39689917.00 ns, 82.8600 us/op
WorkloadWarmup   2: 479 op, 39660373.00 ns, 82.7983 us/op
WorkloadWarmup   3: 479 op, 41256511.00 ns, 86.1305 us/op
WorkloadWarmup   4: 479 op, 38915620.00 ns, 81.2435 us/op
WorkloadWarmup   5: 479 op, 21419710.00 ns, 44.7176 us/op
WorkloadWarmup   6: 479 op, 14840598.00 ns, 30.9825 us/op
WorkloadWarmup   7: 479 op, 15617877.00 ns, 32.6052 us/op
WorkloadWarmup   8: 479 op, 15698637.00 ns, 32.7738 us/op
WorkloadWarmup   9: 479 op, 15720201.00 ns, 32.8188 us/op
WorkloadWarmup  10: 479 op, 17272427.00 ns, 36.0593 us/op
WorkloadWarmup  11: 479 op, 18133650.00 ns, 37.8573 us/op
WorkloadWarmup  12: 479 op, 14864594.00 ns, 31.0326 us/op
WorkloadWarmup  13: 479 op, 21129765.00 ns, 44.1122 us/op
WorkloadWarmup  14: 479 op, 25950594.00 ns, 54.1766 us/op
WorkloadWarmup  15: 479 op, 15912553.00 ns, 33.2204 us/op
WorkloadWarmup  16: 479 op, 14828987.00 ns, 30.9582 us/op
WorkloadWarmup  17: 479 op, 15571955.00 ns, 32.5093 us/op
WorkloadWarmup  18: 479 op, 14683345.00 ns, 30.6542 us/op
WorkloadWarmup  19: 479 op, 15513076.00 ns, 32.3864 us/op
WorkloadWarmup  20: 479 op, 19427906.00 ns, 40.5593 us/op
WorkloadWarmup  21: 479 op, 19233722.00 ns, 40.1539 us/op
WorkloadWarmup  22: 479 op, 17448371.00 ns, 36.4267 us/op
WorkloadWarmup  23: 479 op, 15942487.00 ns, 33.2829 us/op
WorkloadWarmup  24: 479 op, 23184585.00 ns, 48.4021 us/op
WorkloadWarmup  25: 479 op, 17112576.00 ns, 35.7256 us/op

// BeforeActualRun
WorkloadActual   1: 479 op, 15991601.00 ns, 33.3854 us/op
WorkloadActual   2: 479 op, 21564196.00 ns, 45.0192 us/op
WorkloadActual   3: 479 op, 31777311.00 ns, 66.3409 us/op
WorkloadActual   4: 479 op, 17211056.00 ns, 35.9312 us/op
WorkloadActual   5: 479 op, 14932384.00 ns, 31.1741 us/op
WorkloadActual   6: 479 op, 16609164.00 ns, 34.6747 us/op

// AfterActualRun
WorkloadResult   1: 479 op, 15991601.00 ns, 33.3854 us/op
WorkloadResult   2: 479 op, 21564196.00 ns, 45.0192 us/op
WorkloadResult   3: 479 op, 17211056.00 ns, 35.9312 us/op
WorkloadResult   4: 479 op, 14932384.00 ns, 31.1741 us/op
WorkloadResult   5: 479 op, 16609164.00 ns, 34.6747 us/op
// GC:  1 0 0 24885008 479
// Threading:  0 0 479

// AfterAll
// Benchmark Process 9970 has exited with code 0.

Mean = 36.037 us, StdErr = 2.379 us (6.60%), N = 5, StdDev = 5.320 us
Min = 31.174 us, Q1 = 33.385 us, Median = 34.675 us, Q3 = 35.931 us, Max = 45.019 us
IQR = 2.546 us, LowerFence = 29.567 us, UpperFence = 39.750 us
ConfidenceInterval = [15.550 us; 56.524 us] (CI 99.9%), Margin = 20.487 us (56.85% of Mean)
Skewness = 0.78, Kurtosis = 1.78, MValue = 2

// ** Remained 9 (33.3 %) benchmark(s) to run. Estimated finish 2026-10-04 15:02 (0h 0m from now) **
// **************************
// Benchmark: CodecSuite.Run: campaign(EvaluateOverhead=False, Arguments=/p:AkNounk=true, Clock=Armonik.Ffi.Bdn.CpuClock, IterationCount=6, IterationTime=40ms, LaunchCount=1, RunStrategy=Throughput, WarmupCount=25) [Case=core-(...)known [41]]
// *** Execute ***
// Launch: 1 / 1
// Execute: dotnet BenchDotNet-campaign-1.dll --anonymousPipes 111 112 --benchmarkName "Armonik.Ffi.Bdn.CodecSuite.Run(Case: \"core-ffi|decode-read|P2.2|wide|no-unknown\")" --job campaign --benchmarkId 18 in /home/user/ArmoniK.Api/ffi/poc/csharp/src/BenchDotNet/bin-nounk/Release/net8.0/BenchDotNet-campaign-1/bin/Release/net8.0
// BeforeAnythingElse

// Benchmark Process Environment Information:
// BenchmarkDotNet v0.15.8
// Runtime=.NET 8.0.31 (8.0.31, 8.0.3126.42015), X64 RyuJIT x86-64-v4
// GC=Concurrent Workstation
// HardwareIntrinsics=AVX512 F+BW+CD+DQ+VL,AVX2+BMI1+BMI2+F16C+FMA+LZCNT+MOVBE,AVX,SSE3+SSSE3+SSE4.1+SSE4.2+POPCNT,X86Base+SSE+SSE2,AES+PCLMUL VectorSize=256
// Job: campaign(EvaluateOverhead=False, Clock=Armonik.Ffi.Bdn.CpuClock, IterationCount=6, IterationTime=40ms, LaunchCount=1, RunStrategy=Throughput, WarmupCount=25)

OverheadJitting  1: 1 op, 347430.00 ns, 347.4300 us/op
WorkloadJitting  1: 1 op, 15457294.00 ns, 15.4573 ms/op

WorkloadPilot    1: 4 op, 21495570.00 ns, 5.3739 ms/op
WorkloadPilot    2: 7 op, 33409096.00 ns, 4.7727 ms/op

WorkloadWarmup   1: 7 op, 30251523.00 ns, 4.3216 ms/op
WorkloadWarmup   2: 7 op, 28117201.00 ns, 4.0167 ms/op
WorkloadWarmup   3: 7 op, 27697401.00 ns, 3.9568 ms/op
WorkloadWarmup   4: 7 op, 26743202.00 ns, 3.8205 ms/op
WorkloadWarmup   5: 7 op, 45086037.00 ns, 6.4409 ms/op
WorkloadWarmup   6: 7 op, 42904484.00 ns, 6.1292 ms/op
WorkloadWarmup   7: 7 op, 41075292.00 ns, 5.8679 ms/op
WorkloadWarmup   8: 7 op, 41528198.00 ns, 5.9326 ms/op
WorkloadWarmup   9: 7 op, 66914715.00 ns, 9.5592 ms/op
WorkloadWarmup  10: 7 op, 25361031.00 ns, 3.6230 ms/op
WorkloadWarmup  11: 7 op, 24029197.00 ns, 3.4327 ms/op
WorkloadWarmup  12: 7 op, 21503109.00 ns, 3.0719 ms/op
WorkloadWarmup  13: 7 op, 28283528.00 ns, 4.0405 ms/op
WorkloadWarmup  14: 7 op, 29612474.00 ns, 4.2304 ms/op
WorkloadWarmup  15: 7 op, 23775464.00 ns, 3.3965 ms/op
WorkloadWarmup  16: 7 op, 21883718.00 ns, 3.1262 ms/op
WorkloadWarmup  17: 7 op, 22320000.00 ns, 3.1886 ms/op
WorkloadWarmup  18: 7 op, 21651470.00 ns, 3.0931 ms/op
WorkloadWarmup  19: 7 op, 21948880.00 ns, 3.1356 ms/op
WorkloadWarmup  20: 7 op, 21567200.00 ns, 3.0810 ms/op
WorkloadWarmup  21: 7 op, 21611221.00 ns, 3.0873 ms/op
WorkloadWarmup  22: 7 op, 21464335.00 ns, 3.0663 ms/op
WorkloadWarmup  23: 7 op, 21721992.00 ns, 3.1031 ms/op
WorkloadWarmup  24: 7 op, 25034078.00 ns, 3.5763 ms/op
WorkloadWarmup  25: 7 op, 25613115.00 ns, 3.6590 ms/op

// BeforeActualRun
WorkloadActual   1: 7 op, 23656750.00 ns, 3.3795 ms/op
WorkloadActual   2: 7 op, 22228767.00 ns, 3.1755 ms/op
WorkloadActual   3: 7 op, 21590647.00 ns, 3.0844 ms/op
WorkloadActual   4: 7 op, 21486296.00 ns, 3.0695 ms/op
WorkloadActual   5: 7 op, 21696524.00 ns, 3.0995 ms/op
WorkloadActual   6: 7 op, 21658580.00 ns, 3.0941 ms/op

// AfterActualRun
WorkloadResult   1: 7 op, 22228767.00 ns, 3.1755 ms/op
WorkloadResult   2: 7 op, 21590647.00 ns, 3.0844 ms/op
WorkloadResult   3: 7 op, 21486296.00 ns, 3.0695 ms/op
WorkloadResult   4: 7 op, 21696524.00 ns, 3.0995 ms/op
WorkloadResult   5: 7 op, 21658580.00 ns, 3.0941 ms/op
// GC:  0 0 0 14825328 7
// Threading:  0 0 7

// AfterAll
// Benchmark Process 9982 has exited with code 0.

Mean = 3.105 ms, StdErr = 0.018 ms (0.59%), N = 5, StdDev = 0.041 ms
Min = 3.069 ms, Q1 = 3.084 ms, Median = 3.094 ms, Q3 = 3.100 ms, Max = 3.176 ms
IQR = 0.015 ms, LowerFence = 3.062 ms, UpperFence = 3.122 ms
ConfidenceInterval = [2.946 ms; 3.263 ms] (CI 99.9%), Margin = 0.159 ms (5.12% of Mean)
Skewness = 0.87, Kurtosis = 1.86, MValue = 2

// ** Remained 8 (29.6 %) benchmark(s) to run. Estimated finish 2026-10-04 15:02 (0h 0m from now) **
// **************************
// Benchmark: CodecSuite.Run: campaign(EvaluateOverhead=False, Arguments=/p:AkNounk=true, Clock=Armonik.Ffi.Bdn.CpuClock, IterationCount=6, IterationTime=40ms, LaunchCount=1, RunStrategy=Throughput, WarmupCount=25) [Case=core-(...)known [56]]
// *** Execute ***
// Launch: 1 / 1
// Execute: dotnet BenchDotNet-campaign-1.dll --anonymousPipes 111 112 --benchmarkName "Armonik.Ffi.Bdn.CodecSuite.Run(Case: \"core-ffi|decode-read|U-deep-u-repeated|corpus|no-unknown\")" --job campaign --benchmarkId 19 in /home/user/ArmoniK.Api/ffi/poc/csharp/src/BenchDotNet/bin-nounk/Release/net8.0/BenchDotNet-campaign-1/bin/Release/net8.0
// BeforeAnythingElse

// Benchmark Process Environment Information:
// BenchmarkDotNet v0.15.8
// Runtime=.NET 8.0.31 (8.0.31, 8.0.3126.42015), X64 RyuJIT x86-64-v4
// GC=Concurrent Workstation
// HardwareIntrinsics=AVX512 F+BW+CD+DQ+VL,AVX2+BMI1+BMI2+F16C+FMA+LZCNT+MOVBE,AVX,SSE3+SSSE3+SSE4.1+SSE4.2+POPCNT,X86Base+SSE+SSE2,AES+PCLMUL VectorSize=256
// Job: campaign(EvaluateOverhead=False, Clock=Armonik.Ffi.Bdn.CpuClock, IterationCount=6, IterationTime=40ms, LaunchCount=1, RunStrategy=Throughput, WarmupCount=25)

OverheadJitting  1: 1 op, 400917.00 ns, 400.9170 us/op
WorkloadJitting  1: 1 op, 12235513.00 ns, 12.2355 ms/op

WorkloadPilot    1: 4 op, 92682.00 ns, 23.1705 us/op
WorkloadPilot    2: 1726 op, 11079969.00 ns, 6.4194 us/op
WorkloadPilot    3: 6231 op, 34642228.00 ns, 5.5597 us/op
WorkloadPilot    4: 7195 op, 38490398.00 ns, 5.3496 us/op
WorkloadPilot    5: 7477 op, 34274437.00 ns, 4.5840 us/op
WorkloadPilot    6: 8726 op, 65451535.00 ns, 7.5007 us/op
WorkloadPilot    7: 5333 op, 36582746.00 ns, 6.8597 us/op
WorkloadPilot    8: 5831 op, 41900196.00 ns, 7.1858 us/op
WorkloadPilot    9: 5567 op, 37342013.00 ns, 6.7077 us/op
WorkloadPilot   10: 5963 op, 54121668.00 ns, 9.0762 us/op

WorkloadWarmup   1: 5963 op, 35134146.00 ns, 5.8920 us/op
WorkloadWarmup   2: 5963 op, 35540176.00 ns, 5.9601 us/op
WorkloadWarmup   3: 5963 op, 34310304.00 ns, 5.7539 us/op
WorkloadWarmup   4: 5963 op, 30609694.00 ns, 5.1333 us/op
WorkloadWarmup   5: 5963 op, 30940441.00 ns, 5.1887 us/op
WorkloadWarmup   6: 5963 op, 31067263.00 ns, 5.2100 us/op
WorkloadWarmup   7: 5963 op, 26635730.00 ns, 4.4668 us/op
WorkloadWarmup   8: 5963 op, 19668156.00 ns, 3.2984 us/op
WorkloadWarmup   9: 5963 op, 16785530.00 ns, 2.8149 us/op
WorkloadWarmup  10: 5963 op, 18552226.00 ns, 3.1112 us/op
WorkloadWarmup  11: 5963 op, 20162338.00 ns, 3.3812 us/op
WorkloadWarmup  12: 5963 op, 18933818.00 ns, 3.1752 us/op
WorkloadWarmup  13: 5963 op, 17455652.00 ns, 2.9273 us/op
WorkloadWarmup  14: 5963 op, 17595163.00 ns, 2.9507 us/op
WorkloadWarmup  15: 5963 op, 17877279.00 ns, 2.9980 us/op
WorkloadWarmup  16: 5963 op, 17225808.00 ns, 2.8888 us/op
WorkloadWarmup  17: 5963 op, 17595342.00 ns, 2.9508 us/op
WorkloadWarmup  18: 5963 op, 18240334.00 ns, 3.0589 us/op
WorkloadWarmup  19: 5963 op, 17627341.00 ns, 2.9561 us/op
WorkloadWarmup  20: 5963 op, 17335685.00 ns, 2.9072 us/op
WorkloadWarmup  21: 5963 op, 20705272.00 ns, 3.4723 us/op
WorkloadWarmup  22: 5963 op, 16687833.00 ns, 2.7986 us/op
WorkloadWarmup  23: 5963 op, 16512034.00 ns, 2.7691 us/op
WorkloadWarmup  24: 5963 op, 16695719.00 ns, 2.7999 us/op
WorkloadWarmup  25: 5963 op, 17426706.00 ns, 2.9225 us/op

// BeforeActualRun
WorkloadActual   1: 5963 op, 16980543.00 ns, 2.8477 us/op
WorkloadActual   2: 5963 op, 21780099.00 ns, 3.6525 us/op
WorkloadActual   3: 5963 op, 22128779.00 ns, 3.7110 us/op
WorkloadActual   4: 5963 op, 22445330.00 ns, 3.7641 us/op
WorkloadActual   5: 5963 op, 20034401.00 ns, 3.3598 us/op
WorkloadActual   6: 5963 op, 21407334.00 ns, 3.5900 us/op

// AfterActualRun
WorkloadResult   1: 5963 op, 16980543.00 ns, 2.8477 us/op
WorkloadResult   2: 5963 op, 21780099.00 ns, 3.6525 us/op
WorkloadResult   3: 5963 op, 22128779.00 ns, 3.7110 us/op
WorkloadResult   4: 5963 op, 22445330.00 ns, 3.7641 us/op
WorkloadResult   5: 5963 op, 20034401.00 ns, 3.3598 us/op
WorkloadResult   6: 5963 op, 21407334.00 ns, 3.5900 us/op
// GC:  1 0 0 23613480 5963
// Threading:  0 0 5963

// AfterAll
// Benchmark Process 9994 has exited with code 0.

Mean = 3.488 us, StdErr = 0.140 us (4.02%), N = 6, StdDev = 0.343 us
Min = 2.848 us, Q1 = 3.417 us, Median = 3.621 us, Q3 = 3.696 us, Max = 3.764 us
IQR = 0.279 us, LowerFence = 2.999 us, UpperFence = 4.115 us
ConfidenceInterval = [2.524 us; 4.451 us] (CI 99.9%), Margin = 0.963 us (27.62% of Mean)
Skewness = -0.93, Kurtosis = 2.12, MValue = 2

// ** Remained 7 (25.9 %) benchmark(s) to run. Estimated finish 2026-10-04 15:02 (0h 0m from now) **
// **************************
// Benchmark: CodecSuite.Run: campaign(EvaluateOverhead=False, Arguments=/p:AkNounk=true, Clock=Armonik.Ffi.Bdn.CpuClock, IterationCount=6, IterationTime=40ms, LaunchCount=1, RunStrategy=Throughput, WarmupCount=25) [Case=core-(...)known [57]]
// *** Execute ***
// Launch: 1 / 1
// Execute: dotnet BenchDotNet-campaign-1.dll --anonymousPipes 111 112 --benchmarkName "Armonik.Ffi.Bdn.CodecSuite.Run(Case: \"core-ffi|decode-read|U-oneof-u-repeated|corpus|no-unknown\")" --job campaign --benchmarkId 20 in /home/user/ArmoniK.Api/ffi/poc/csharp/src/BenchDotNet/bin-nounk/Release/net8.0/BenchDotNet-campaign-1/bin/Release/net8.0
// BeforeAnythingElse

// Benchmark Process Environment Information:
// BenchmarkDotNet v0.15.8
// Runtime=.NET 8.0.31 (8.0.31, 8.0.3126.42015), X64 RyuJIT x86-64-v4
// GC=Concurrent Workstation
// HardwareIntrinsics=AVX512 F+BW+CD+DQ+VL,AVX2+BMI1+BMI2+F16C+FMA+LZCNT+MOVBE,AVX,SSE3+SSSE3+SSE4.1+SSE4.2+POPCNT,X86Base+SSE+SSE2,AES+PCLMUL VectorSize=256
// Job: campaign(EvaluateOverhead=False, Clock=Armonik.Ffi.Bdn.CpuClock, IterationCount=6, IterationTime=40ms, LaunchCount=1, RunStrategy=Throughput, WarmupCount=25)

OverheadJitting  1: 1 op, 287631.00 ns, 287.6310 us/op
WorkloadJitting  1: 1 op, 3837642.00 ns, 3.8376 ms/op

WorkloadPilot    1: 4 op, 49617.00 ns, 12.4043 us/op
WorkloadPilot    2: 3225 op, 2021242.00 ns, 626.7417 ns/op
WorkloadPilot    3: 63822 op, 45631728.00 ns, 714.9843 ns/op
WorkloadPilot    4: 55945 op, 30483462.00 ns, 544.8827 ns/op
WorkloadPilot    5: 73410 op, 35066979.00 ns, 477.6867 ns/op
WorkloadPilot    6: 83737 op, 62502803.00 ns, 746.4180 ns/op
WorkloadPilot    7: 53589 op, 35551660.00 ns, 663.4134 ns/op
WorkloadPilot    8: 60294 op, 41805871.00 ns, 693.3670 ns/op

WorkloadWarmup   1: 60294 op, 39517154.00 ns, 655.4077 ns/op
WorkloadWarmup   2: 60294 op, 39231837.00 ns, 650.6756 ns/op
WorkloadWarmup   3: 60294 op, 38809975.00 ns, 643.6789 ns/op
WorkloadWarmup   4: 60294 op, 38908448.00 ns, 645.3121 ns/op
WorkloadWarmup   5: 60294 op, 38273947.00 ns, 634.7887 ns/op
WorkloadWarmup   6: 60294 op, 15316769.00 ns, 254.0347 ns/op
WorkloadWarmup   7: 60294 op, 15215978.00 ns, 252.3631 ns/op
WorkloadWarmup   8: 60294 op, 15692596.00 ns, 260.2680 ns/op
WorkloadWarmup   9: 60294 op, 16000782.00 ns, 265.3793 ns/op
WorkloadWarmup  10: 60294 op, 15802647.00 ns, 262.0932 ns/op
WorkloadWarmup  11: 60294 op, 16069145.00 ns, 266.5132 ns/op
WorkloadWarmup  12: 60294 op, 15656464.00 ns, 259.6687 ns/op
WorkloadWarmup  13: 60294 op, 15384824.00 ns, 255.1634 ns/op
WorkloadWarmup  14: 60294 op, 15438755.00 ns, 256.0579 ns/op
WorkloadWarmup  15: 60294 op, 16040806.00 ns, 266.0432 ns/op
WorkloadWarmup  16: 60294 op, 15584754.00 ns, 258.4794 ns/op
WorkloadWarmup  17: 60294 op, 16757011.00 ns, 277.9217 ns/op
WorkloadWarmup  18: 60294 op, 16861601.00 ns, 279.6564 ns/op
WorkloadWarmup  19: 60294 op, 27213864.00 ns, 451.3528 ns/op
WorkloadWarmup  20: 60294 op, 30034411.00 ns, 498.1327 ns/op
WorkloadWarmup  21: 60294 op, 15539540.00 ns, 257.7295 ns/op
WorkloadWarmup  22: 60294 op, 15606056.00 ns, 258.8327 ns/op
WorkloadWarmup  23: 60294 op, 15906497.00 ns, 263.8156 ns/op
WorkloadWarmup  24: 60294 op, 15938257.00 ns, 264.3423 ns/op
WorkloadWarmup  25: 60294 op, 15796772.00 ns, 261.9958 ns/op

// BeforeActualRun
WorkloadActual   1: 60294 op, 15884930.00 ns, 263.4579 ns/op
WorkloadActual   2: 60294 op, 15809785.00 ns, 262.2116 ns/op
WorkloadActual   3: 60294 op, 15758409.00 ns, 261.3595 ns/op
WorkloadActual   4: 60294 op, 15545000.00 ns, 257.8200 ns/op
WorkloadActual   5: 60294 op, 15538555.00 ns, 257.7131 ns/op
WorkloadActual   6: 60294 op, 15503453.00 ns, 257.1309 ns/op

// AfterActualRun
WorkloadResult   1: 60294 op, 15884930.00 ns, 263.4579 ns/op
WorkloadResult   2: 60294 op, 15809785.00 ns, 262.2116 ns/op
WorkloadResult   3: 60294 op, 15758409.00 ns, 261.3595 ns/op
WorkloadResult   4: 60294 op, 15545000.00 ns, 257.8200 ns/op
WorkloadResult   5: 60294 op, 15538555.00 ns, 257.7131 ns/op
WorkloadResult   6: 60294 op, 15503453.00 ns, 257.1309 ns/op
// GC:  1 0 0 20258784 60294
// Threading:  0 0 60294

// AfterAll
// Benchmark Process 10003 has exited with code 0.

Mean = 259.949 ns, StdErr = 1.109 ns (0.43%), N = 6, StdDev = 2.716 ns
Min = 257.131 ns, Q1 = 257.740 ns, Median = 259.590 ns, Q3 = 261.999 ns, Max = 263.458 ns
IQR = 4.259 ns, LowerFence = 251.352 ns, UpperFence = 268.387 ns
ConfidenceInterval = [252.332 ns; 267.566 ns] (CI 99.9%), Margin = 7.617 ns (2.93% of Mean)
Skewness = 0.12, Kurtosis = 0.89, MValue = 2

// ** Remained 6 (22.2 %) benchmark(s) to run. Estimated finish 2026-10-04 15:02 (0h 0m from now) **
// **************************
// Benchmark: CodecSuite.Run: campaign(EvaluateOverhead=False, Arguments=/p:AkNounk=true, Clock=Armonik.Ffi.Bdn.CpuClock, IterationCount=6, IterationTime=40ms, LaunchCount=1, RunStrategy=Throughput, WarmupCount=25) [Case=core-(...)known [42]]
// *** Execute ***
// Launch: 1 / 1
// Execute: dotnet BenchDotNet-campaign-1.dll --anonymousPipes 111 112 --benchmarkName "Armonik.Ffi.Bdn.CodecSuite.Run(Case: \"core-ffi|decode-read|P6.1|ascii|no-unknown\")" --job campaign --benchmarkId 21 in /home/user/ArmoniK.Api/ffi/poc/csharp/src/BenchDotNet/bin-nounk/Release/net8.0/BenchDotNet-campaign-1/bin/Release/net8.0
// BeforeAnythingElse

// Benchmark Process Environment Information:
// BenchmarkDotNet v0.15.8
// Runtime=.NET 8.0.31 (8.0.31, 8.0.3126.42015), X64 RyuJIT x86-64-v4
// GC=Concurrent Workstation
// HardwareIntrinsics=AVX512 F+BW+CD+DQ+VL,AVX2+BMI1+BMI2+F16C+FMA+LZCNT+MOVBE,AVX,SSE3+SSSE3+SSE4.1+SSE4.2+POPCNT,X86Base+SSE+SSE2,AES+PCLMUL VectorSize=256
// Job: campaign(EvaluateOverhead=False, Clock=Armonik.Ffi.Bdn.CpuClock, IterationCount=6, IterationTime=40ms, LaunchCount=1, RunStrategy=Throughput, WarmupCount=25)

OverheadJitting  1: 1 op, 334188.00 ns, 334.1880 us/op
WorkloadJitting  1: 1 op, 8910074.00 ns, 8.9101 ms/op

WorkloadPilot    1: 4 op, 3638110.00 ns, 909.5275 us/op
WorkloadPilot    2: 44 op, 42060075.00 ns, 955.9108 us/op
WorkloadPilot    3: 42 op, 31600657.00 ns, 752.3966 us/op
WorkloadPilot    4: 53 op, 38316159.00 ns, 722.9464 us/op
WorkloadPilot    5: 55 op, 42797757.00 ns, 778.1410 us/op
WorkloadPilot    6: 51 op, 48050224.00 ns, 942.1613 us/op

WorkloadWarmup   1: 51 op, 43825712.00 ns, 859.3277 us/op
WorkloadWarmup   2: 51 op, 41804361.00 ns, 819.6934 us/op
WorkloadWarmup   3: 51 op, 41142259.00 ns, 806.7110 us/op
WorkloadWarmup   4: 51 op, 44928655.00 ns, 880.9540 us/op
WorkloadWarmup   5: 51 op, 45767120.00 ns, 897.3945 us/op
WorkloadWarmup   6: 51 op, 45121630.00 ns, 884.7378 us/op
WorkloadWarmup   7: 51 op, 28628821.00 ns, 561.3494 us/op
WorkloadWarmup   8: 51 op, 17245565.00 ns, 338.1483 us/op
WorkloadWarmup   9: 51 op, 17021851.00 ns, 333.7618 us/op
WorkloadWarmup  10: 51 op, 19796137.00 ns, 388.1595 us/op
WorkloadWarmup  11: 51 op, 18024610.00 ns, 353.4237 us/op
WorkloadWarmup  12: 51 op, 18193287.00 ns, 356.7311 us/op
WorkloadWarmup  13: 51 op, 17165474.00 ns, 336.5779 us/op
WorkloadWarmup  14: 51 op, 19007447.00 ns, 372.6950 us/op
WorkloadWarmup  15: 51 op, 18946393.00 ns, 371.4979 us/op
WorkloadWarmup  16: 51 op, 21300149.00 ns, 417.6500 us/op
WorkloadWarmup  17: 51 op, 26570175.00 ns, 520.9838 us/op
WorkloadWarmup  18: 51 op, 30078767.00 ns, 589.7797 us/op
WorkloadWarmup  19: 51 op, 30621373.00 ns, 600.4191 us/op
WorkloadWarmup  20: 51 op, 27303699.00 ns, 535.3666 us/op
WorkloadWarmup  21: 51 op, 22646905.00 ns, 444.0570 us/op
WorkloadWarmup  22: 51 op, 19938252.00 ns, 390.9461 us/op
WorkloadWarmup  23: 51 op, 17754754.00 ns, 348.1324 us/op
WorkloadWarmup  24: 51 op, 19757164.00 ns, 387.3954 us/op
WorkloadWarmup  25: 51 op, 19555424.00 ns, 383.4397 us/op

// BeforeActualRun
WorkloadActual   1: 51 op, 22749824.00 ns, 446.0750 us/op
WorkloadActual   2: 51 op, 24005696.00 ns, 470.6999 us/op
WorkloadActual   3: 51 op, 19013709.00 ns, 372.8178 us/op
WorkloadActual   4: 51 op, 18797236.00 ns, 368.5733 us/op
WorkloadActual   5: 51 op, 19080461.00 ns, 374.1267 us/op
WorkloadActual   6: 51 op, 18361377.00 ns, 360.0270 us/op

// AfterActualRun
WorkloadResult   1: 51 op, 22749824.00 ns, 446.0750 us/op
WorkloadResult   2: 51 op, 24005696.00 ns, 470.6999 us/op
WorkloadResult   3: 51 op, 19013709.00 ns, 372.8178 us/op
WorkloadResult   4: 51 op, 18797236.00 ns, 368.5733 us/op
WorkloadResult   5: 51 op, 19080461.00 ns, 374.1267 us/op
WorkloadResult   6: 51 op, 18361377.00 ns, 360.0270 us/op
// GC:  1 0 0 23719488 51
// Threading:  0 0 51

// AfterAll
// Benchmark Process 10012 has exited with code 0.

Mean = 398.720 us, StdErr = 19.240 us (4.83%), N = 6, StdDev = 47.128 us
Min = 360.027 us, Q1 = 369.634 us, Median = 373.472 us, Q3 = 428.088 us, Max = 470.700 us
IQR = 58.454 us, LowerFence = 281.954 us, UpperFence = 515.768 us
ConfidenceInterval = [266.564 us; 530.876 us] (CI 99.9%), Margin = 132.156 us (33.15% of Mean)
Skewness = 0.58, Kurtosis = 1.21, MValue = 3

// ** Remained 5 (18.5 %) benchmark(s) to run. Estimated finish 2026-10-04 15:02 (0h 0m from now) **
// **************************
// Benchmark: CodecSuite.Run: campaign(EvaluateOverhead=False, Arguments=/p:AkNounk=true, Clock=Armonik.Ffi.Bdn.CpuClock, IterationCount=6, IterationTime=40ms, LaunchCount=1, RunStrategy=Throughput, WarmupCount=25) [Case=core-(...)known [83]]
// *** Execute ***
// Launch: 1 / 1
// Execute: dotnet BenchDotNet-campaign-1.dll --anonymousPipes 111 112 --benchmarkName "Armonik.Ffi.Bdn.CodecSuite.Run(Case: \"core-ffi|decode-read|U-wire-UploadResultDataMessage-upload-as-wt5|corpus|no-unknown\")" --job campaign --benchmarkId 22 in /home/user/ArmoniK.Api/ffi/poc/csharp/src/BenchDotNet/bin-nounk/Release/net8.0/BenchDotNet-campaign-1/bin/Release/net8.0
// BeforeAnythingElse

// Benchmark Process Environment Information:
// BenchmarkDotNet v0.15.8
// Runtime=.NET 8.0.31 (8.0.31, 8.0.3126.42015), X64 RyuJIT x86-64-v4
// GC=Concurrent Workstation
// HardwareIntrinsics=AVX512 F+BW+CD+DQ+VL,AVX2+BMI1+BMI2+F16C+FMA+LZCNT+MOVBE,AVX,SSE3+SSSE3+SSE4.1+SSE4.2+POPCNT,X86Base+SSE+SSE2,AES+PCLMUL VectorSize=256
// Job: campaign(EvaluateOverhead=False, Clock=Armonik.Ffi.Bdn.CpuClock, IterationCount=6, IterationTime=40ms, LaunchCount=1, RunStrategy=Throughput, WarmupCount=25)

OverheadJitting  1: 1 op, 290114.00 ns, 290.1140 us/op
WorkloadJitting  1: 1 op, 3191388.00 ns, 3.1914 ms/op

WorkloadPilot    1: 4 op, 30954.00 ns, 7.7385 us/op
WorkloadPilot    2: 5169 op, 2505926.00 ns, 484.7990 ns/op
WorkloadPilot    3: 82508 op, 33694579.00 ns, 408.3795 ns/op
WorkloadPilot    4: 97948 op, 32899717.00 ns, 335.8896 ns/op
WorkloadPilot    5: 119087 op, 52825389.00 ns, 443.5865 ns/op
WorkloadPilot    6: 90174 op, 49617263.00 ns, 550.2391 ns/op
WorkloadPilot    7: 72696 op, 36567428.00 ns, 503.0184 ns/op
WorkloadPilot    8: 79520 op, 40999187.00 ns, 515.5833 ns/op

WorkloadWarmup   1: 79520 op, 38871920.00 ns, 488.8320 ns/op
WorkloadWarmup   2: 79520 op, 39733573.00 ns, 499.6677 ns/op
WorkloadWarmup   3: 79520 op, 40406285.00 ns, 508.1273 ns/op
WorkloadWarmup   4: 79520 op, 53813461.00 ns, 676.7286 ns/op
WorkloadWarmup   5: 79520 op, 17463181.00 ns, 219.6074 ns/op
WorkloadWarmup   6: 79520 op, 16544211.00 ns, 208.0509 ns/op
WorkloadWarmup   7: 79520 op, 19308190.00 ns, 242.8092 ns/op
WorkloadWarmup   8: 79520 op, 18624442.00 ns, 234.2108 ns/op
WorkloadWarmup   9: 79520 op, 16379740.00 ns, 205.9826 ns/op
WorkloadWarmup  10: 79520 op, 18022408.00 ns, 226.6399 ns/op
WorkloadWarmup  11: 79520 op, 16671187.00 ns, 209.6477 ns/op
WorkloadWarmup  12: 79520 op, 29802120.00 ns, 374.7752 ns/op
WorkloadWarmup  13: 79520 op, 16351100.00 ns, 205.6225 ns/op
WorkloadWarmup  14: 79520 op, 16062174.00 ns, 201.9891 ns/op
WorkloadWarmup  15: 79520 op, 16082580.00 ns, 202.2457 ns/op
WorkloadWarmup  16: 79520 op, 16380446.00 ns, 205.9915 ns/op
WorkloadWarmup  17: 79520 op, 16133568.00 ns, 202.8869 ns/op
WorkloadWarmup  18: 79520 op, 24980471.00 ns, 314.1407 ns/op
WorkloadWarmup  19: 79520 op, 23514882.00 ns, 295.7103 ns/op
WorkloadWarmup  20: 79520 op, 15700494.00 ns, 197.4408 ns/op
WorkloadWarmup  21: 79520 op, 17250249.00 ns, 216.9297 ns/op
WorkloadWarmup  22: 79520 op, 16191116.00 ns, 203.6106 ns/op
WorkloadWarmup  23: 79520 op, 16111052.00 ns, 202.6038 ns/op
WorkloadWarmup  24: 79520 op, 16417455.00 ns, 206.4569 ns/op
WorkloadWarmup  25: 79520 op, 15904497.00 ns, 200.0063 ns/op

// BeforeActualRun
WorkloadActual   1: 79520 op, 16753365.00 ns, 210.6811 ns/op
WorkloadActual   2: 79520 op, 17560499.00 ns, 220.8312 ns/op
WorkloadActual   3: 79520 op, 17180151.00 ns, 216.0482 ns/op
WorkloadActual   4: 79520 op, 17111813.00 ns, 215.1888 ns/op
WorkloadActual   5: 79520 op, 15987242.00 ns, 201.0468 ns/op
WorkloadActual   6: 79520 op, 16171940.00 ns, 203.3695 ns/op

// AfterActualRun
WorkloadResult   1: 79520 op, 16753365.00 ns, 210.6811 ns/op
WorkloadResult   2: 79520 op, 17560499.00 ns, 220.8312 ns/op
WorkloadResult   3: 79520 op, 17180151.00 ns, 216.0482 ns/op
WorkloadResult   4: 79520 op, 17111813.00 ns, 215.1888 ns/op
WorkloadResult   5: 79520 op, 15987242.00 ns, 201.0468 ns/op
WorkloadResult   6: 79520 op, 16171940.00 ns, 203.3695 ns/op
// GC:  1 0 0 23537920 79520
// Threading:  0 0 79520

// AfterAll
// Benchmark Process 10021 has exited with code 0.

Mean = 211.194 ns, StdErr = 3.146 ns (1.49%), N = 6, StdDev = 7.705 ns
Min = 201.047 ns, Q1 = 205.197 ns, Median = 212.935 ns, Q3 = 215.833 ns, Max = 220.831 ns
IQR = 10.636 ns, LowerFence = 189.243 ns, UpperFence = 231.787 ns
ConfidenceInterval = [189.587 ns; 232.801 ns] (CI 99.9%), Margin = 21.607 ns (10.23% of Mean)
Skewness = -0.16, Kurtosis = 1.12, MValue = 2

// ** Remained 4 (14.8 %) benchmark(s) to run. Estimated finish 2026-10-04 15:02 (0h 0m from now) **
// **************************
// Benchmark: CodecSuite.Run: campaign(EvaluateOverhead=False, Arguments=/p:AkNounk=true, Clock=Armonik.Ffi.Bdn.CpuClock, IterationCount=6, IterationTime=40ms, LaunchCount=1, RunStrategy=Throughput, WarmupCount=25) [Case=core-(...)known [42]]
// *** Execute ***
// Launch: 1 / 1
// Execute: dotnet BenchDotNet-campaign-1.dll --anonymousPipes 111 112 --benchmarkName "Armonik.Ffi.Bdn.CodecSuite.Run(Case: \"core-ffi|decode-read|P1.3|ascii|no-unknown\")" --job campaign --benchmarkId 23 in /home/user/ArmoniK.Api/ffi/poc/csharp/src/BenchDotNet/bin-nounk/Release/net8.0/BenchDotNet-campaign-1/bin/Release/net8.0
// BeforeAnythingElse

// Benchmark Process Environment Information:
// BenchmarkDotNet v0.15.8
// Runtime=.NET 8.0.31 (8.0.31, 8.0.3126.42015), X64 RyuJIT x86-64-v4
// GC=Concurrent Workstation
// HardwareIntrinsics=AVX512 F+BW+CD+DQ+VL,AVX2+BMI1+BMI2+F16C+FMA+LZCNT+MOVBE,AVX,SSE3+SSSE3+SSE4.1+SSE4.2+POPCNT,X86Base+SSE+SSE2,AES+PCLMUL VectorSize=256
// Job: campaign(EvaluateOverhead=False, Clock=Armonik.Ffi.Bdn.CpuClock, IterationCount=6, IterationTime=40ms, LaunchCount=1, RunStrategy=Throughput, WarmupCount=25)

OverheadJitting  1: 1 op, 332412.00 ns, 332.4120 us/op
WorkloadJitting  1: 1 op, 3843240.00 ns, 3.8432 ms/op

WorkloadPilot    1: 4 op, 251650.00 ns, 62.9125 us/op
WorkloadPilot    2: 636 op, 29112981.00 ns, 45.7751 us/op
WorkloadPilot    3: 874 op, 33565785.00 ns, 38.4048 us/op
WorkloadPilot    4: 1042 op, 37398606.00 ns, 35.8912 us/op
WorkloadPilot    5: 1114 op, 35031752.00 ns, 31.4468 us/op
WorkloadPilot    6: 1272 op, 40652130.00 ns, 31.9592 us/op
WorkloadPilot    7: 1252 op, 37168944.00 ns, 29.6877 us/op
WorkloadPilot    8: 1347 op, 29721946.00 ns, 22.0653 us/op
WorkloadPilot    9: 1813 op, 38584187.00 ns, 21.2820 us/op
WorkloadPilot   10: 1880 op, 39607000.00 ns, 21.0676 us/op
WorkloadPilot   11: 1899 op, 40834948.00 ns, 21.5034 us/op
WorkloadPilot   12: 1860 op, 39829479.00 ns, 21.4137 us/op
WorkloadPilot   13: 1868 op, 38580414.00 ns, 20.6533 us/op
WorkloadPilot   14: 1937 op, 40758942.00 ns, 21.0423 us/op

WorkloadWarmup   1: 1937 op, 52276763.00 ns, 26.9885 us/op
WorkloadWarmup   2: 1937 op, 48324174.00 ns, 24.9479 us/op
WorkloadWarmup   3: 1937 op, 41116958.00 ns, 21.2271 us/op
WorkloadWarmup   4: 1937 op, 40635920.00 ns, 20.9788 us/op
WorkloadWarmup   5: 1937 op, 40474069.00 ns, 20.8952 us/op
WorkloadWarmup   6: 1937 op, 40497326.00 ns, 20.9072 us/op
WorkloadWarmup   7: 1937 op, 51815912.00 ns, 26.7506 us/op
WorkloadWarmup   8: 1937 op, 42567799.00 ns, 21.9761 us/op
WorkloadWarmup   9: 1937 op, 44136061.00 ns, 22.7858 us/op
WorkloadWarmup  10: 1937 op, 38756769.00 ns, 20.0087 us/op
WorkloadWarmup  11: 1937 op, 42391522.00 ns, 21.8851 us/op
WorkloadWarmup  12: 1937 op, 40795018.00 ns, 21.0609 us/op
WorkloadWarmup  13: 1937 op, 39740569.00 ns, 20.5166 us/op
WorkloadWarmup  14: 1937 op, 40223197.00 ns, 20.7657 us/op
WorkloadWarmup  15: 1937 op, 53750407.00 ns, 27.7493 us/op
WorkloadWarmup  16: 1937 op, 45980235.00 ns, 23.7379 us/op
WorkloadWarmup  17: 1937 op, 44600464.00 ns, 23.0255 us/op
WorkloadWarmup  18: 1937 op, 39216749.00 ns, 20.2461 us/op
WorkloadWarmup  19: 1937 op, 40126554.00 ns, 20.7158 us/op
WorkloadWarmup  20: 1937 op, 39822057.00 ns, 20.5586 us/op
WorkloadWarmup  21: 1937 op, 39852247.00 ns, 20.5742 us/op
WorkloadWarmup  22: 1937 op, 41779758.00 ns, 21.5693 us/op
WorkloadWarmup  23: 1937 op, 41510210.00 ns, 21.4302 us/op
WorkloadWarmup  24: 1937 op, 41334927.00 ns, 21.3397 us/op
WorkloadWarmup  25: 1937 op, 38704579.00 ns, 19.9817 us/op

// BeforeActualRun
WorkloadActual   1: 1937 op, 47442514.00 ns, 24.4928 us/op
WorkloadActual   2: 1937 op, 39706675.00 ns, 20.4991 us/op
WorkloadActual   3: 1937 op, 38454563.00 ns, 19.8526 us/op
WorkloadActual   4: 1937 op, 39218043.00 ns, 20.2468 us/op
WorkloadActual   5: 1937 op, 39526157.00 ns, 20.4059 us/op
WorkloadActual   6: 1937 op, 39765445.00 ns, 20.5294 us/op

// AfterActualRun
WorkloadResult   1: 1937 op, 39706675.00 ns, 20.4991 us/op
WorkloadResult   2: 1937 op, 38454563.00 ns, 19.8526 us/op
WorkloadResult   3: 1937 op, 39218043.00 ns, 20.2468 us/op
WorkloadResult   4: 1937 op, 39526157.00 ns, 20.4059 us/op
WorkloadResult   5: 1937 op, 39765445.00 ns, 20.5294 us/op
// GC:  4 0 0 72087392 1937
// Threading:  0 0 1937

// AfterAll
// Benchmark Process 10030 has exited with code 0.

Mean = 20.307 us, StdErr = 0.124 us (0.61%), N = 5, StdDev = 0.277 us
Min = 19.853 us, Q1 = 20.247 us, Median = 20.406 us, Q3 = 20.499 us, Max = 20.529 us
IQR = 0.252 us, LowerFence = 19.868 us, UpperFence = 20.877 us
ConfidenceInterval = [19.241 us; 21.372 us] (CI 99.9%), Margin = 1.065 us (5.25% of Mean)
Skewness = -0.71, Kurtosis = 1.59, MValue = 2

// ** Remained 3 (11.1 %) benchmark(s) to run. Estimated finish 2026-10-04 15:02 (0h 0m from now) **
// **************************
// Benchmark: CodecSuite.Run: campaign(EvaluateOverhead=False, Arguments=/p:AkNounk=true, Clock=Armonik.Ffi.Bdn.CpuClock, IterationCount=6, IterationTime=40ms, LaunchCount=1, RunStrategy=Throughput, WarmupCount=25) [Case=core-(...)known [42]]
// *** Execute ***
// Launch: 1 / 1
// Execute: dotnet BenchDotNet-campaign-1.dll --anonymousPipes 111 112 --benchmarkName "Armonik.Ffi.Bdn.CodecSuite.Run(Case: \"core-ffi|decode-read|P7.1|ascii|no-unknown\")" --job campaign --benchmarkId 24 in /home/user/ArmoniK.Api/ffi/poc/csharp/src/BenchDotNet/bin-nounk/Release/net8.0/BenchDotNet-campaign-1/bin/Release/net8.0
// BeforeAnythingElse

// Benchmark Process Environment Information:
// BenchmarkDotNet v0.15.8
// Runtime=.NET 8.0.31 (8.0.31, 8.0.3126.42015), X64 RyuJIT x86-64-v4
// GC=Concurrent Workstation
// HardwareIntrinsics=AVX512 F+BW+CD+DQ+VL,AVX2+BMI1+BMI2+F16C+FMA+LZCNT+MOVBE,AVX,SSE3+SSSE3+SSE4.1+SSE4.2+POPCNT,X86Base+SSE+SSE2,AES+PCLMUL VectorSize=256
// Job: campaign(EvaluateOverhead=False, Clock=Armonik.Ffi.Bdn.CpuClock, IterationCount=6, IterationTime=40ms, LaunchCount=1, RunStrategy=Throughput, WarmupCount=25)

OverheadJitting  1: 1 op, 306060.00 ns, 306.0600 us/op
WorkloadJitting  1: 1 op, 5013747.00 ns, 5.0137 ms/op

WorkloadPilot    1: 4 op, 30393.00 ns, 7.5983 us/op
WorkloadPilot    2: 5264 op, 6546427.00 ns, 1.2436 us/op
WorkloadPilot    3: 32164 op, 36899315.00 ns, 1.1472 us/op
WorkloadPilot    4: 34867 op, 34959809.00 ns, 1.0027 us/op
WorkloadPilot    5: 39894 op, 34817320.00 ns, 872.7458 ns/op
WorkloadPilot    6: 45832 op, 39204852.00 ns, 855.4035 ns/op
WorkloadPilot    7: 46762 op, 66044468.00 ns, 1.4124 us/op
WorkloadPilot    8: 28322 op, 39244379.00 ns, 1.3856 us/op
WorkloadPilot    9: 28867 op, 39675702.00 ns, 1.3744 us/op
WorkloadPilot   10: 29103 op, 39918504.00 ns, 1.3716 us/op
WorkloadPilot   11: 29162 op, 43003027.00 ns, 1.4746 us/op
WorkloadPilot   12: 27126 op, 15929075.00 ns, 587.2254 ns/op
WorkloadPilot   13: 68117 op, 38040701.00 ns, 558.4612 ns/op
WorkloadPilot   14: 71625 op, 40383067.00 ns, 563.8125 ns/op

WorkloadWarmup   1: 71625 op, 40118190.00 ns, 560.1143 ns/op
WorkloadWarmup   2: 71625 op, 39131881.00 ns, 546.3439 ns/op
WorkloadWarmup   3: 71625 op, 38244750.00 ns, 533.9581 ns/op
WorkloadWarmup   4: 71625 op, 39197585.00 ns, 547.2612 ns/op
WorkloadWarmup   5: 71625 op, 38622223.00 ns, 539.2282 ns/op
WorkloadWarmup   6: 71625 op, 37617747.00 ns, 525.2041 ns/op
WorkloadWarmup   7: 71625 op, 38831681.00 ns, 542.1526 ns/op
WorkloadWarmup   8: 71625 op, 38118755.00 ns, 532.1990 ns/op
WorkloadWarmup   9: 71625 op, 39352895.00 ns, 549.4296 ns/op
WorkloadWarmup  10: 71625 op, 39098602.00 ns, 545.8793 ns/op
WorkloadWarmup  11: 71625 op, 38150519.00 ns, 532.6425 ns/op
WorkloadWarmup  12: 71625 op, 38907894.00 ns, 543.2167 ns/op
WorkloadWarmup  13: 71625 op, 38597927.00 ns, 538.8890 ns/op
WorkloadWarmup  14: 71625 op, 38916906.00 ns, 543.3425 ns/op
WorkloadWarmup  15: 71625 op, 44234702.00 ns, 617.5875 ns/op
WorkloadWarmup  16: 71625 op, 45573110.00 ns, 636.2738 ns/op
WorkloadWarmup  17: 71625 op, 40541721.00 ns, 566.0275 ns/op
WorkloadWarmup  18: 71625 op, 45228611.00 ns, 631.4640 ns/op
WorkloadWarmup  19: 71625 op, 38167368.00 ns, 532.8777 ns/op
WorkloadWarmup  20: 71625 op, 40094092.00 ns, 559.7779 ns/op
WorkloadWarmup  21: 71625 op, 40397265.00 ns, 564.0107 ns/op
WorkloadWarmup  22: 71625 op, 44084757.00 ns, 615.4940 ns/op
WorkloadWarmup  23: 71625 op, 48498758.00 ns, 677.1205 ns/op
WorkloadWarmup  24: 71625 op, 46102977.00 ns, 643.6716 ns/op
WorkloadWarmup  25: 71625 op, 52157753.00 ns, 728.2060 ns/op

// BeforeActualRun
WorkloadActual   1: 71625 op, 46224219.00 ns, 645.3643 ns/op
WorkloadActual   2: 71625 op, 40069953.00 ns, 559.4409 ns/op
WorkloadActual   3: 71625 op, 42108811.00 ns, 587.9066 ns/op
WorkloadActual   4: 71625 op, 43913738.00 ns, 613.1063 ns/op
WorkloadActual   5: 71625 op, 40862433.00 ns, 570.5052 ns/op
WorkloadActual   6: 71625 op, 43638723.00 ns, 609.2666 ns/op

// AfterActualRun
WorkloadResult   1: 71625 op, 46224219.00 ns, 645.3643 ns/op
WorkloadResult   2: 71625 op, 40069953.00 ns, 559.4409 ns/op
WorkloadResult   3: 71625 op, 42108811.00 ns, 587.9066 ns/op
WorkloadResult   4: 71625 op, 43913738.00 ns, 613.1063 ns/op
WorkloadResult   5: 71625 op, 40862433.00 ns, 570.5052 ns/op
WorkloadResult   6: 71625 op, 43638723.00 ns, 609.2666 ns/op
// GC:  2 0 0 46986000 71625
// Threading:  0 0 71625

// AfterAll
// Benchmark Process 10039 has exited with code 0.

Mean = 597.598 ns, StdErr = 12.835 ns (2.15%), N = 6, StdDev = 31.439 ns
Min = 559.441 ns, Q1 = 574.856 ns, Median = 598.587 ns, Q3 = 612.146 ns, Max = 645.364 ns
IQR = 37.291 ns, LowerFence = 518.919 ns, UpperFence = 668.083 ns
ConfidenceInterval = [509.436 ns; 685.760 ns] (CI 99.9%), Margin = 88.162 ns (14.75% of Mean)
Skewness = 0.2, Kurtosis = 1.36, MValue = 2

// ** Remained 2 (7.4 %) benchmark(s) to run. Estimated finish 2026-10-04 15:02 (0h 0m from now) **
// **************************
// Benchmark: CodecSuite.Run: campaign(EvaluateOverhead=False, Arguments=/p:AkNounk=true, Clock=Armonik.Ffi.Bdn.CpuClock, IterationCount=6, IterationTime=40ms, LaunchCount=1, RunStrategy=Throughput, WarmupCount=25) [Case=core-(...)known [42]]
// *** Execute ***
// Launch: 1 / 1
// Execute: dotnet BenchDotNet-campaign-1.dll --anonymousPipes 111 112 --benchmarkName "Armonik.Ffi.Bdn.CodecSuite.Run(Case: \"core-ffi|decode-read|P5.4|ascii|no-unknown\")" --job campaign --benchmarkId 25 in /home/user/ArmoniK.Api/ffi/poc/csharp/src/BenchDotNet/bin-nounk/Release/net8.0/BenchDotNet-campaign-1/bin/Release/net8.0
// BeforeAnythingElse

// Benchmark Process Environment Information:
// BenchmarkDotNet v0.15.8
// Runtime=.NET 8.0.31 (8.0.31, 8.0.3126.42015), X64 RyuJIT x86-64-v4
// GC=Concurrent Workstation
// HardwareIntrinsics=AVX512 F+BW+CD+DQ+VL,AVX2+BMI1+BMI2+F16C+FMA+LZCNT+MOVBE,AVX,SSE3+SSSE3+SSE4.1+SSE4.2+POPCNT,X86Base+SSE+SSE2,AES+PCLMUL VectorSize=256
// Job: campaign(EvaluateOverhead=False, Clock=Armonik.Ffi.Bdn.CpuClock, IterationCount=6, IterationTime=40ms, LaunchCount=1, RunStrategy=Throughput, WarmupCount=25)

OverheadJitting  1: 1 op, 442005.00 ns, 442.0050 us/op
WorkloadJitting  1: 1 op, 4649280.00 ns, 4.6493 ms/op

WorkloadPilot    1: 4 op, 10349219.00 ns, 2.5873 ms/op
WorkloadPilot    2: 15 op, 40207521.00 ns, 2.6805 ms/op

WorkloadWarmup   1: 15 op, 22258800.00 ns, 1.4839 ms/op
WorkloadWarmup   2: 15 op, 22271158.00 ns, 1.4847 ms/op
WorkloadWarmup   3: 15 op, 18560615.00 ns, 1.2374 ms/op
WorkloadWarmup   4: 15 op, 19122198.00 ns, 1.2748 ms/op
WorkloadWarmup   5: 15 op, 22048473.00 ns, 1.4699 ms/op
WorkloadWarmup   6: 15 op, 20703045.00 ns, 1.3802 ms/op
WorkloadWarmup   7: 15 op, 20490789.00 ns, 1.3661 ms/op
WorkloadWarmup   8: 15 op, 23320890.00 ns, 1.5547 ms/op
WorkloadWarmup   9: 15 op, 21027470.00 ns, 1.4018 ms/op
WorkloadWarmup  10: 15 op, 18295351.00 ns, 1.2197 ms/op
WorkloadWarmup  11: 15 op, 18227886.00 ns, 1.2152 ms/op
WorkloadWarmup  12: 15 op, 20885471.00 ns, 1.3924 ms/op
WorkloadWarmup  13: 15 op, 19761174.00 ns, 1.3174 ms/op
WorkloadWarmup  14: 15 op, 20350841.00 ns, 1.3567 ms/op
WorkloadWarmup  15: 15 op, 17126262.00 ns, 1.1418 ms/op
WorkloadWarmup  16: 15 op, 18987659.00 ns, 1.2658 ms/op
WorkloadWarmup  17: 15 op, 19375941.00 ns, 1.2917 ms/op
WorkloadWarmup  18: 15 op, 18092573.00 ns, 1.2062 ms/op
WorkloadWarmup  19: 15 op, 17551216.00 ns, 1.1701 ms/op
WorkloadWarmup  20: 15 op, 19617898.00 ns, 1.3079 ms/op
WorkloadWarmup  21: 15 op, 17685353.00 ns, 1.1790 ms/op
WorkloadWarmup  22: 15 op, 18819018.00 ns, 1.2546 ms/op
WorkloadWarmup  23: 15 op, 18323604.00 ns, 1.2216 ms/op
WorkloadWarmup  24: 15 op, 18770755.00 ns, 1.2514 ms/op
WorkloadWarmup  25: 15 op, 19368433.00 ns, 1.2912 ms/op

// BeforeActualRun
WorkloadActual   1: 15 op, 21305610.00 ns, 1.4204 ms/op
WorkloadActual   2: 15 op, 20497868.00 ns, 1.3665 ms/op
WorkloadActual   3: 15 op, 21752886.00 ns, 1.4502 ms/op
WorkloadActual   4: 15 op, 21567280.00 ns, 1.4378 ms/op
WorkloadActual   5: 15 op, 22235447.00 ns, 1.4824 ms/op
WorkloadActual   6: 15 op, 20978948.00 ns, 1.3986 ms/op

// AfterActualRun
WorkloadResult   1: 15 op, 21305610.00 ns, 1.4204 ms/op
WorkloadResult   2: 15 op, 20497868.00 ns, 1.3665 ms/op
WorkloadResult   3: 15 op, 21752886.00 ns, 1.4502 ms/op
WorkloadResult   4: 15 op, 21567280.00 ns, 1.4378 ms/op
WorkloadResult   5: 15 op, 22235447.00 ns, 1.4824 ms/op
WorkloadResult   6: 15 op, 20978948.00 ns, 1.3986 ms/op
// GC:  0 0 0 62918760 15
// Threading:  0 0 15

// AfterAll
// Benchmark Process 10048 has exited with code 0.

Mean = 1.426 ms, StdErr = 0.017 ms (1.16%), N = 6, StdDev = 0.041 ms
Min = 1.367 ms, Q1 = 1.404 ms, Median = 1.429 ms, Q3 = 1.447 ms, Max = 1.482 ms
IQR = 0.043 ms, LowerFence = 1.339 ms, UpperFence = 1.512 ms
ConfidenceInterval = [1.312 ms; 1.540 ms] (CI 99.9%), Margin = 0.114 ms (7.97% of Mean)
Skewness = -0.09, Kurtosis = 1.45, MValue = 2

// ** Remained 1 (3.7 %) benchmark(s) to run. Estimated finish 2026-10-04 15:02 (0h 0m from now) **
// **************************
// Benchmark: CodecSuite.Run: campaign(EvaluateOverhead=False, Arguments=/p:AkNounk=true, Clock=Armonik.Ffi.Bdn.CpuClock, IterationCount=6, IterationTime=40ms, LaunchCount=1, RunStrategy=Throughput, WarmupCount=25) [Case=core-(...)known [42]]
// *** Execute ***
// Launch: 1 / 1
// Execute: dotnet BenchDotNet-campaign-1.dll --anonymousPipes 111 112 --benchmarkName "Armonik.Ffi.Bdn.CodecSuite.Run(Case: \"core-ffi|decode-read|P2.5|ascii|no-unknown\")" --job campaign --benchmarkId 26 in /home/user/ArmoniK.Api/ffi/poc/csharp/src/BenchDotNet/bin-nounk/Release/net8.0/BenchDotNet-campaign-1/bin/Release/net8.0
// BeforeAnythingElse

// Benchmark Process Environment Information:
// BenchmarkDotNet v0.15.8
// Runtime=.NET 8.0.31 (8.0.31, 8.0.3126.42015), X64 RyuJIT x86-64-v4
// GC=Concurrent Workstation
// HardwareIntrinsics=AVX512 F+BW+CD+DQ+VL,AVX2+BMI1+BMI2+F16C+FMA+LZCNT+MOVBE,AVX,SSE3+SSSE3+SSE4.1+SSE4.2+POPCNT,X86Base+SSE+SSE2,AES+PCLMUL VectorSize=256
// Job: campaign(EvaluateOverhead=False, Clock=Armonik.Ffi.Bdn.CpuClock, IterationCount=6, IterationTime=40ms, LaunchCount=1, RunStrategy=Throughput, WarmupCount=25)

OverheadJitting  1: 1 op, 361751.00 ns, 361.7510 us/op
WorkloadJitting  1: 1 op, 12436250.00 ns, 12.4363 ms/op

WorkloadPilot    1: 4 op, 591552.00 ns, 147.8880 us/op
WorkloadPilot    2: 270 op, 38641085.00 ns, 143.1151 us/op
WorkloadPilot    3: 279 op, 31866372.00 ns, 114.2164 us/op
WorkloadPilot    4: 350 op, 30833426.00 ns, 88.0955 us/op
WorkloadPilot    5: 454 op, 68222709.00 ns, 150.2703 us/op
WorkloadPilot    6: 266 op, 45469360.00 ns, 170.9374 us/op
WorkloadPilot    7: 234 op, 43988453.00 ns, 187.9848 us/op

WorkloadWarmup   1: 234 op, 34543125.00 ns, 147.6202 us/op
WorkloadWarmup   2: 234 op, 39309272.00 ns, 167.9883 us/op
WorkloadWarmup   3: 234 op, 39612640.00 ns, 169.2848 us/op
WorkloadWarmup   4: 234 op, 34203778.00 ns, 146.1700 us/op
WorkloadWarmup   5: 234 op, 43323573.00 ns, 185.1435 us/op
WorkloadWarmup   6: 234 op, 24084155.00 ns, 102.9237 us/op
WorkloadWarmup   7: 234 op, 17037262.00 ns, 72.8088 us/op
WorkloadWarmup   8: 234 op, 15884078.00 ns, 67.8807 us/op
WorkloadWarmup   9: 234 op, 17665244.00 ns, 75.4925 us/op
WorkloadWarmup  10: 234 op, 16592811.00 ns, 70.9094 us/op
WorkloadWarmup  11: 234 op, 16460694.00 ns, 70.3448 us/op
WorkloadWarmup  12: 234 op, 15422046.00 ns, 65.9062 us/op
WorkloadWarmup  13: 234 op, 15563547.00 ns, 66.5109 us/op
WorkloadWarmup  14: 234 op, 14312608.00 ns, 61.1650 us/op
WorkloadWarmup  15: 234 op, 15570049.00 ns, 66.5387 us/op
WorkloadWarmup  16: 234 op, 17173216.00 ns, 73.3898 us/op
WorkloadWarmup  17: 234 op, 14453003.00 ns, 61.7650 us/op
WorkloadWarmup  18: 234 op, 16075822.00 ns, 68.7001 us/op
WorkloadWarmup  19: 234 op, 21875392.00 ns, 93.4846 us/op
WorkloadWarmup  20: 234 op, 14087169.00 ns, 60.2016 us/op
WorkloadWarmup  21: 234 op, 19092738.00 ns, 81.5929 us/op
WorkloadWarmup  22: 234 op, 15606538.00 ns, 66.6946 us/op
WorkloadWarmup  23: 234 op, 16479535.00 ns, 70.4254 us/op
WorkloadWarmup  24: 234 op, 15767392.00 ns, 67.3820 us/op
WorkloadWarmup  25: 234 op, 18061526.00 ns, 77.1860 us/op

// BeforeActualRun
WorkloadActual   1: 234 op, 19872442.00 ns, 84.9250 us/op
WorkloadActual   2: 234 op, 14929004.00 ns, 63.7992 us/op
WorkloadActual   3: 234 op, 14574854.00 ns, 62.2857 us/op
WorkloadActual   4: 234 op, 14607182.00 ns, 62.4239 us/op
WorkloadActual   5: 234 op, 14529879.00 ns, 62.0935 us/op
WorkloadActual   6: 234 op, 14646718.00 ns, 62.5928 us/op

// AfterActualRun
WorkloadResult   1: 234 op, 14929004.00 ns, 63.7992 us/op
WorkloadResult   2: 234 op, 14574854.00 ns, 62.2857 us/op
WorkloadResult   3: 234 op, 14607182.00 ns, 62.4239 us/op
WorkloadResult   4: 234 op, 14529879.00 ns, 62.0935 us/op
WorkloadResult   5: 234 op, 14646718.00 ns, 62.5928 us/op
// GC:  1 0 0 18650736 234
// Threading:  0 0 234

// AfterAll
// Benchmark Process 10058 has exited with code 0.

Mean = 62.639 us, StdErr = 0.301 us (0.48%), N = 5, StdDev = 0.674 us
Min = 62.093 us, Q1 = 62.286 us, Median = 62.424 us, Q3 = 62.593 us, Max = 63.799 us
IQR = 0.307 us, LowerFence = 61.825 us, UpperFence = 63.053 us
ConfidenceInterval = [60.044 us; 65.234 us] (CI 99.9%), Margin = 2.595 us (4.14% of Mean)
Skewness = 0.88, Kurtosis = 1.86, MValue = 2

// ** Remained 0 (0.0 %) benchmark(s) to run. Estimated finish 2026-10-04 15:02 (0h 0m from now) **
Run time: 00:00:45 (45.41 sec), executed benchmarks: 27

// ***** BenchmarkRunner: Finish  *****

// * Export *
  home/user/ArmoniK.Api/ffi/logs/csharp/opt/s5/ab/after-nounk-r1.jsonl

// * Detailed results *
CodecSuite.Run: campaign(EvaluateOverhead=False, Arguments=/p:AkNounk=true, Clock=Armonik.Ffi.Bdn.CpuClock, IterationCount=6, IterationTime=40ms, LaunchCount=1, RunStrategy=Throughput, WarmupCount=25) [Case=core-(...)known [42]]
Runtime = .NET 8.0.31 (8.0.31, 8.0.3126.42015), X64 RyuJIT x86-64-v4; GC = Concurrent Workstation
Mean = 400.078 us, StdErr = 6.171 us (1.54%), N = 6, StdDev = 15.117 us
Min = 381.463 us, Q1 = 388.711 us, Median = 399.115 us, Q3 = 413.193 us, Max = 417.649 us
IQR = 24.481 us, LowerFence = 351.989 us, UpperFence = 449.915 us
ConfidenceInterval = [357.687 us; 442.469 us] (CI 99.9%), Margin = 42.391 us (10.60% of Mean)
Skewness = 0.03, Kurtosis = 0.99, MValue = 2
-------------------- Histogram --------------------
[376.496 us ; 398.333 us) | @@@
[398.333 us ; 422.175 us) | @@@
---------------------------------------------------

CodecSuite.Run: campaign(EvaluateOverhead=False, Arguments=/p:AkNounk=true, Clock=Armonik.Ffi.Bdn.CpuClock, IterationCount=6, IterationTime=40ms, LaunchCount=1, RunStrategy=Throughput, WarmupCount=25) [Case=core-(...)known [42]]
Runtime = .NET 8.0.31 (8.0.31, 8.0.3126.42015), X64 RyuJIT x86-64-v4; GC = Concurrent Workstation
Mean = 1.494 us, StdErr = 0.022 us (1.45%), N = 5, StdDev = 0.049 us
Min = 1.427 us, Q1 = 1.483 us, Median = 1.484 us, Q3 = 1.521 us, Max = 1.557 us
IQR = 0.038 us, LowerFence = 1.426 us, UpperFence = 1.578 us
ConfidenceInterval = [1.308 us; 1.681 us] (CI 99.9%), Margin = 0.187 us (12.50% of Mean)
Skewness = -0.06, Kurtosis = 1.32, MValue = 2
-------------------- Histogram --------------------
[1.390 us ; 1.464 us) | @
[1.464 us ; 1.539 us) | @@@
[1.539 us ; 1.595 us) | @
---------------------------------------------------

CodecSuite.Run: campaign(EvaluateOverhead=False, Arguments=/p:AkNounk=true, Clock=Armonik.Ffi.Bdn.CpuClock, IterationCount=6, IterationTime=40ms, LaunchCount=1, RunStrategy=Throughput, WarmupCount=25) [Case=core-(...)known [57]]
Runtime = .NET 8.0.31 (8.0.31, 8.0.3126.42015), X64 RyuJIT x86-64-v4; GC = Concurrent Workstation
Mean = 259.949 ns, StdErr = 1.109 ns (0.43%), N = 6, StdDev = 2.716 ns
Min = 257.131 ns, Q1 = 257.740 ns, Median = 259.590 ns, Q3 = 261.999 ns, Max = 263.458 ns
IQR = 4.259 ns, LowerFence = 251.352 ns, UpperFence = 268.387 ns
ConfidenceInterval = [252.332 ns; 267.566 ns] (CI 99.9%), Margin = 7.617 ns (2.93% of Mean)
Skewness = 0.12, Kurtosis = 0.89, MValue = 2
-------------------- Histogram --------------------
[255.169 ns ; 265.420 ns) | @@@@@@
---------------------------------------------------

CodecSuite.Run: campaign(EvaluateOverhead=False, Arguments=/p:AkNounk=true, Clock=Armonik.Ffi.Bdn.CpuClock, IterationCount=6, IterationTime=40ms, LaunchCount=1, RunStrategy=Throughput, WarmupCount=25) [Case=core-(...)known [54]]
Runtime = .NET 8.0.31 (8.0.31, 8.0.3126.42015), X64 RyuJIT x86-64-v4; GC = Concurrent Workstation
Mean = 486.113 ns, StdErr = 2.695 ns (0.55%), N = 5, StdDev = 6.026 ns
Min = 480.427 ns, Q1 = 483.508 ns, Median = 483.581 ns, Q3 = 486.990 ns, Max = 496.061 ns
IQR = 3.482 ns, LowerFence = 478.285 ns, UpperFence = 492.213 ns
ConfidenceInterval = [462.908 ns; 509.318 ns] (CI 99.9%), Margin = 23.205 ns (4.77% of Mean)
Skewness = 0.7, Kurtosis = 1.66, MValue = 2
-------------------- Histogram --------------------
[478.871 ns ; 500.687 ns) | @@@@@
---------------------------------------------------

CodecSuite.Run: campaign(EvaluateOverhead=False, Arguments=/p:AkNounk=true, Clock=Armonik.Ffi.Bdn.CpuClock, IterationCount=6, IterationTime=40ms, LaunchCount=1, RunStrategy=Throughput, WarmupCount=25) [Case=core-(...)known [42]]
Runtime = .NET 8.0.31 (8.0.31, 8.0.3126.42015), X64 RyuJIT x86-64-v4; GC = Concurrent Workstation
Mean = 13.488 us, StdErr = 0.135 us (1.00%), N = 5, StdDev = 0.301 us
Min = 13.172 us, Q1 = 13.285 us, Median = 13.440 us, Q3 = 13.597 us, Max = 13.943 us
IQR = 0.311 us, LowerFence = 12.818 us, UpperFence = 14.064 us
ConfidenceInterval = [12.329 us; 14.646 us] (CI 99.9%), Margin = 1.159 us (8.59% of Mean)
Skewness = 0.41, Kurtosis = 1.34, MValue = 2
-------------------- Histogram --------------------
[13.154 us ; 13.712 us) | @@@@
[13.712 us ; 14.174 us) | @
---------------------------------------------------

CodecSuite.Run: campaign(EvaluateOverhead=False, Arguments=/p:AkNounk=true, Clock=Armonik.Ffi.Bdn.CpuClock, IterationCount=6, IterationTime=40ms, LaunchCount=1, RunStrategy=Throughput, WarmupCount=25) [Case=core-(...)known [83]]
Runtime = .NET 8.0.31 (8.0.31, 8.0.3126.42015), X64 RyuJIT x86-64-v4; GC = Concurrent Workstation
Mean = 211.194 ns, StdErr = 3.146 ns (1.49%), N = 6, StdDev = 7.705 ns
Min = 201.047 ns, Q1 = 205.197 ns, Median = 212.935 ns, Q3 = 215.833 ns, Max = 220.831 ns
IQR = 10.636 ns, LowerFence = 189.243 ns, UpperFence = 231.787 ns
ConfidenceInterval = [189.587 ns; 232.801 ns] (CI 99.9%), Margin = 21.607 ns (10.23% of Mean)
Skewness = -0.16, Kurtosis = 1.12, MValue = 2
-------------------- Histogram --------------------
[196.643 ns ; 207.774 ns) | @@
[207.774 ns ; 221.322 ns) | @@@@
---------------------------------------------------

CodecSuite.Run: campaign(EvaluateOverhead=False, Arguments=/p:AkNounk=true, Clock=Armonik.Ffi.Bdn.CpuClock, IterationCount=6, IterationTime=40ms, LaunchCount=1, RunStrategy=Throughput, WarmupCount=25) [Case=core-(...)known [42]]
Runtime = .NET 8.0.31 (8.0.31, 8.0.3126.42015), X64 RyuJIT x86-64-v4; GC = Concurrent Workstation
Mean = 2.878 us, StdErr = 0.004 us (0.15%), N = 5, StdDev = 0.010 us
Min = 2.865 us, Q1 = 2.871 us, Median = 2.881 us, Q3 = 2.884 us, Max = 2.888 us
IQR = 0.013 us, LowerFence = 2.851 us, UpperFence = 2.904 us
ConfidenceInterval = [2.840 us; 2.915 us] (CI 99.9%), Margin = 0.037 us (1.30% of Mean)
Skewness = -0.26, Kurtosis = 1.02, MValue = 2
-------------------- Histogram --------------------
[2.857 us ; 2.896 us) | @@@@@
---------------------------------------------------

CodecSuite.Run: campaign(EvaluateOverhead=False, Arguments=/p:AkNounk=true, Clock=Armonik.Ffi.Bdn.CpuClock, IterationCount=6, IterationTime=40ms, LaunchCount=1, RunStrategy=Throughput, WarmupCount=25) [Case=core-(...)known [43]]
Runtime = .NET 8.0.31 (8.0.31, 8.0.3126.42015), X64 RyuJIT x86-64-v4; GC = Concurrent Workstation
Mean = 3.648 ms, StdErr = 0.145 ms (3.98%), N = 6, StdDev = 0.356 ms
Min = 3.190 ms, Q1 = 3.337 ms, Median = 3.791 ms, Q3 = 3.931 ms, Max = 3.951 ms
IQR = 0.593 ms, LowerFence = 2.447 ms, UpperFence = 4.821 ms
ConfidenceInterval = [2.650 ms; 4.646 ms] (CI 99.9%), Margin = 0.998 ms (27.36% of Mean)
Skewness = -0.37, Kurtosis = 0.99, MValue = 2
-------------------- Histogram --------------------
[2.933 ms ; 3.466 ms) | @@
[3.466 ms ; 4.066 ms) | @@@@
---------------------------------------------------

CodecSuite.Run: campaign(EvaluateOverhead=False, Arguments=/p:AkNounk=true, Clock=Armonik.Ffi.Bdn.CpuClock, IterationCount=6, IterationTime=40ms, LaunchCount=1, RunStrategy=Throughput, WarmupCount=25) [Case=core-(...)known [42]]
Runtime = .NET 8.0.31 (8.0.31, 8.0.3126.42015), X64 RyuJIT x86-64-v4; GC = Concurrent Workstation
Mean = 1.426 ms, StdErr = 0.017 ms (1.16%), N = 6, StdDev = 0.041 ms
Min = 1.367 ms, Q1 = 1.404 ms, Median = 1.429 ms, Q3 = 1.447 ms, Max = 1.482 ms
IQR = 0.043 ms, LowerFence = 1.339 ms, UpperFence = 1.512 ms
ConfidenceInterval = [1.312 ms; 1.540 ms] (CI 99.9%), Margin = 0.114 ms (7.97% of Mean)
Skewness = -0.09, Kurtosis = 1.45, MValue = 2
-------------------- Histogram --------------------
[1.337 ms ; 1.395 ms) | @
[1.395 ms ; 1.454 ms) | @@@@
[1.454 ms ; 1.512 ms) | @
---------------------------------------------------

CodecSuite.Run: campaign(EvaluateOverhead=False, Arguments=/p:AkNounk=true, Clock=Armonik.Ffi.Bdn.CpuClock, IterationCount=6, IterationTime=40ms, LaunchCount=1, RunStrategy=Throughput, WarmupCount=25) [Case=core-(...)known [42]]
Runtime = .NET 8.0.31 (8.0.31, 8.0.3126.42015), X64 RyuJIT x86-64-v4; GC = Concurrent Workstation
Mean = 856.983 us, StdErr = 11.399 us (1.33%), N = 5, StdDev = 25.489 us
Min = 825.405 us, Q1 = 849.202 us, Median = 853.069 us, Q3 = 861.453 us, Max = 895.786 us
IQR = 12.251 us, LowerFence = 830.825 us, UpperFence = 879.830 us
ConfidenceInterval = [758.836 us; 955.130 us] (CI 99.9%), Margin = 98.147 us (11.45% of Mean)
Skewness = 0.32, Kurtosis = 1.55, MValue = 2
-------------------- Histogram --------------------
[823.865 us ; 876.222 us) | @@@@
[876.222 us ; 915.350 us) | @
---------------------------------------------------

CodecSuite.Run: campaign(EvaluateOverhead=False, Arguments=/p:AkNounk=true, Clock=Armonik.Ffi.Bdn.CpuClock, IterationCount=6, IterationTime=40ms, LaunchCount=1, RunStrategy=Throughput, WarmupCount=25) [Case=core-(...)known [42]]
Runtime = .NET 8.0.31 (8.0.31, 8.0.3126.42015), X64 RyuJIT x86-64-v4; GC = Concurrent Workstation
Mean = 2.358 ms, StdErr = 0.076 ms (3.22%), N = 6, StdDev = 0.186 ms
Min = 2.087 ms, Q1 = 2.240 ms, Median = 2.394 ms, Q3 = 2.479 ms, Max = 2.580 ms
IQR = 0.239 ms, LowerFence = 1.882 ms, UpperFence = 2.837 ms
ConfidenceInterval = [1.837 ms; 2.880 ms] (CI 99.9%), Margin = 0.521 ms (22.11% of Mean)
Skewness = -0.27, Kurtosis = 1.25, MValue = 2
-------------------- Histogram --------------------
[2.007 ms ; 2.342 ms) | @@
[2.342 ms ; 2.611 ms) | @@@@
---------------------------------------------------

CodecSuite.Run: campaign(EvaluateOverhead=False, Arguments=/p:AkNounk=true, Clock=Armonik.Ffi.Bdn.CpuClock, IterationCount=6, IterationTime=40ms, LaunchCount=1, RunStrategy=Throughput, WarmupCount=25) [Case=core-(...)known [42]]
Runtime = .NET 8.0.31 (8.0.31, 8.0.3126.42015), X64 RyuJIT x86-64-v4; GC = Concurrent Workstation
Mean = 62.639 us, StdErr = 0.301 us (0.48%), N = 5, StdDev = 0.674 us
Min = 62.093 us, Q1 = 62.286 us, Median = 62.424 us, Q3 = 62.593 us, Max = 63.799 us
IQR = 0.307 us, LowerFence = 61.825 us, UpperFence = 63.053 us
ConfidenceInterval = [60.044 us; 65.234 us] (CI 99.9%), Margin = 2.595 us (4.14% of Mean)
Skewness = 0.88, Kurtosis = 1.86, MValue = 2
-------------------- Histogram --------------------
[61.720 us ; 64.316 us) | @@@@@
---------------------------------------------------

CodecSuite.Run: campaign(EvaluateOverhead=False, Arguments=/p:AkNounk=true, Clock=Armonik.Ffi.Bdn.CpuClock, IterationCount=6, IterationTime=40ms, LaunchCount=1, RunStrategy=Throughput, WarmupCount=25) [Case=core-(...)known [42]]
Runtime = .NET 8.0.31 (8.0.31, 8.0.3126.42015), X64 RyuJIT x86-64-v4; GC = Concurrent Workstation
Mean = 1.470 us, StdErr = 0.022 us (1.48%), N = 6, StdDev = 0.053 us
Min = 1.413 us, Q1 = 1.436 us, Median = 1.456 us, Q3 = 1.493 us, Max = 1.560 us
IQR = 0.057 us, LowerFence = 1.350 us, UpperFence = 1.579 us
ConfidenceInterval = [1.321 us; 1.620 us] (CI 99.9%), Margin = 0.150 us (10.17% of Mean)
Skewness = 0.54, Kurtosis = 1.6, MValue = 2
-------------------- Histogram --------------------
[1.403 us ; 1.480 us) | @@@@
[1.480 us ; 1.569 us) | @@
---------------------------------------------------

CodecSuite.Run: campaign(EvaluateOverhead=False, Arguments=/p:AkNounk=true, Clock=Armonik.Ffi.Bdn.CpuClock, IterationCount=6, IterationTime=40ms, LaunchCount=1, RunStrategy=Throughput, WarmupCount=25) [Case=core-(...)known [42]]
Runtime = .NET 8.0.31 (8.0.31, 8.0.3126.42015), X64 RyuJIT x86-64-v4; GC = Concurrent Workstation
Mean = 36.037 us, StdErr = 2.379 us (6.60%), N = 5, StdDev = 5.320 us
Min = 31.174 us, Q1 = 33.385 us, Median = 34.675 us, Q3 = 35.931 us, Max = 45.019 us
IQR = 2.546 us, LowerFence = 29.567 us, UpperFence = 39.750 us
ConfidenceInterval = [15.550 us; 56.524 us] (CI 99.9%), Margin = 20.487 us (56.85% of Mean)
Skewness = 0.78, Kurtosis = 1.78, MValue = 2
-------------------- Histogram --------------------
[29.469 us ; 37.636 us) | @@@@
[37.636 us ; 40.936 us) | 
[40.936 us ; 49.103 us) | @
---------------------------------------------------

CodecSuite.Run: campaign(EvaluateOverhead=False, Arguments=/p:AkNounk=true, Clock=Armonik.Ffi.Bdn.CpuClock, IterationCount=6, IterationTime=40ms, LaunchCount=1, RunStrategy=Throughput, WarmupCount=25) [Case=core-(...)known [82]]
Runtime = .NET 8.0.31 (8.0.31, 8.0.3126.42015), X64 RyuJIT x86-64-v4; GC = Concurrent Workstation
Mean = 2.989 us, StdErr = 0.047 us (1.57%), N = 6, StdDev = 0.115 us
Min = 2.847 us, Q1 = 2.901 us, Median = 3.002 us, Q3 = 3.051 us, Max = 3.148 us
IQR = 0.150 us, LowerFence = 2.675 us, UpperFence = 3.276 us
ConfidenceInterval = [2.666 us; 3.312 us] (CI 99.9%), Margin = 0.323 us (10.80% of Mean)
Skewness = -0.01, Kurtosis = 1.23, MValue = 2
-------------------- Histogram --------------------
[2.764 us ; 2.941 us) | @@
[2.941 us ; 3.156 us) | @@@@
---------------------------------------------------

CodecSuite.Run: campaign(EvaluateOverhead=False, Arguments=/p:AkNounk=true, Clock=Armonik.Ffi.Bdn.CpuClock, IterationCount=6, IterationTime=40ms, LaunchCount=1, RunStrategy=Throughput, WarmupCount=25) [Case=core-(...)known [42]]
Runtime = .NET 8.0.31 (8.0.31, 8.0.3126.42015), X64 RyuJIT x86-64-v4; GC = Concurrent Workstation
Mean = 20.307 us, StdErr = 0.124 us (0.61%), N = 5, StdDev = 0.277 us
Min = 19.853 us, Q1 = 20.247 us, Median = 20.406 us, Q3 = 20.499 us, Max = 20.529 us
IQR = 0.252 us, LowerFence = 19.868 us, UpperFence = 20.877 us
ConfidenceInterval = [19.241 us; 21.372 us] (CI 99.9%), Margin = 1.065 us (5.25% of Mean)
Skewness = -0.71, Kurtosis = 1.59, MValue = 2
-------------------- Histogram --------------------
[19.640 us ; 20.065 us) | @
[20.065 us ; 20.600 us) | @@@@
---------------------------------------------------

CodecSuite.Run: campaign(EvaluateOverhead=False, Arguments=/p:AkNounk=true, Clock=Armonik.Ffi.Bdn.CpuClock, IterationCount=6, IterationTime=40ms, LaunchCount=1, RunStrategy=Throughput, WarmupCount=25) [Case=core-(...)known [42]]
Runtime = .NET 8.0.31 (8.0.31, 8.0.3126.42015), X64 RyuJIT x86-64-v4; GC = Concurrent Workstation
Mean = 1.402 ms, StdErr = 0.021 ms (1.53%), N = 5, StdDev = 0.048 ms
Min = 1.342 ms, Q1 = 1.379 ms, Median = 1.404 ms, Q3 = 1.414 ms, Max = 1.472 ms
IQR = 0.036 ms, LowerFence = 1.325 ms, UpperFence = 1.468 ms
ConfidenceInterval = [1.218 ms; 1.587 ms] (CI 99.9%), Margin = 0.185 ms (13.17% of Mean)
Skewness = 0.21, Kurtosis = 1.41, MValue = 2
-------------------- Histogram --------------------
[1.342 ms ; 1.436 ms) | @@@@
[1.436 ms ; 1.509 ms) | @
---------------------------------------------------

CodecSuite.Run: campaign(EvaluateOverhead=False, Arguments=/p:AkNounk=true, Clock=Armonik.Ffi.Bdn.CpuClock, IterationCount=6, IterationTime=40ms, LaunchCount=1, RunStrategy=Throughput, WarmupCount=25) [Case=core-(...)known [42]]
Runtime = .NET 8.0.31 (8.0.31, 8.0.3126.42015), X64 RyuJIT x86-64-v4; GC = Concurrent Workstation
Mean = 519.930 us, StdErr = 26.855 us (5.17%), N = 6, StdDev = 65.780 us
Min = 451.171 us, Q1 = 469.116 us, Median = 511.635 us, Q3 = 552.072 us, Max = 624.647 us
IQR = 82.955 us, LowerFence = 344.683 us, UpperFence = 676.505 us
ConfidenceInterval = [335.471 us; 704.390 us] (CI 99.9%), Margin = 184.460 us (35.48% of Mean)
Skewness = 0.39, Kurtosis = 1.39, MValue = 2
-------------------- Histogram --------------------
[445.721 us ; 540.747 us) | @@@@
[540.747 us ; 638.668 us) | @@
---------------------------------------------------

CodecSuite.Run: campaign(EvaluateOverhead=False, Arguments=/p:AkNounk=true, Clock=Armonik.Ffi.Bdn.CpuClock, IterationCount=6, IterationTime=40ms, LaunchCount=1, RunStrategy=Throughput, WarmupCount=25) [Case=core-(...)known [80]]
Runtime = .NET 8.0.31 (8.0.31, 8.0.3126.42015), X64 RyuJIT x86-64-v4; GC = Concurrent Workstation
Mean = 3.375 us, StdErr = 0.009 us (0.27%), N = 5, StdDev = 0.021 us
Min = 3.349 us, Q1 = 3.360 us, Median = 3.374 us, Q3 = 3.392 us, Max = 3.398 us
IQR = 0.031 us, LowerFence = 3.313 us, UpperFence = 3.439 us
ConfidenceInterval = [3.296 us; 3.454 us] (CI 99.9%), Margin = 0.079 us (2.34% of Mean)
Skewness = -0.03, Kurtosis = 0.95, MValue = 2
-------------------- Histogram --------------------
[3.334 us ; 3.414 us) | @@@@@
---------------------------------------------------

CodecSuite.Run: campaign(EvaluateOverhead=False, Arguments=/p:AkNounk=true, Clock=Armonik.Ffi.Bdn.CpuClock, IterationCount=6, IterationTime=40ms, LaunchCount=1, RunStrategy=Throughput, WarmupCount=25) [Case=core-(...)known [41]]
Runtime = .NET 8.0.31 (8.0.31, 8.0.3126.42015), X64 RyuJIT x86-64-v4; GC = Concurrent Workstation
Mean = 3.105 ms, StdErr = 0.018 ms (0.59%), N = 5, StdDev = 0.041 ms
Min = 3.069 ms, Q1 = 3.084 ms, Median = 3.094 ms, Q3 = 3.100 ms, Max = 3.176 ms
IQR = 0.015 ms, LowerFence = 3.062 ms, UpperFence = 3.122 ms
ConfidenceInterval = [2.946 ms; 3.263 ms] (CI 99.9%), Margin = 0.159 ms (5.12% of Mean)
Skewness = 0.87, Kurtosis = 1.86, MValue = 2
-------------------- Histogram --------------------
[3.053 ms ; 3.207 ms) | @@@@@
---------------------------------------------------

CodecSuite.Run: campaign(EvaluateOverhead=False, Arguments=/p:AkNounk=true, Clock=Armonik.Ffi.Bdn.CpuClock, IterationCount=6, IterationTime=40ms, LaunchCount=1, RunStrategy=Throughput, WarmupCount=25) [Case=core-(...)known [42]]
Runtime = .NET 8.0.31 (8.0.31, 8.0.3126.42015), X64 RyuJIT x86-64-v4; GC = Concurrent Workstation
Mean = 597.598 ns, StdErr = 12.835 ns (2.15%), N = 6, StdDev = 31.439 ns
Min = 559.441 ns, Q1 = 574.856 ns, Median = 598.587 ns, Q3 = 612.146 ns, Max = 645.364 ns
IQR = 37.291 ns, LowerFence = 518.919 ns, UpperFence = 668.083 ns
ConfidenceInterval = [509.436 ns; 685.760 ns] (CI 99.9%), Margin = 88.162 ns (14.75% of Mean)
Skewness = 0.2, Kurtosis = 1.36, MValue = 2
-------------------- Histogram --------------------
[536.732 ns ; 569.097 ns) | @
[569.097 ns ; 614.514 ns) | @@@@
[614.514 ns ; 668.073 ns) | @
---------------------------------------------------

CodecSuite.Run: campaign(EvaluateOverhead=False, Arguments=/p:AkNounk=true, Clock=Armonik.Ffi.Bdn.CpuClock, IterationCount=6, IterationTime=40ms, LaunchCount=1, RunStrategy=Throughput, WarmupCount=25) [Case=core-(...)known [42]]
Runtime = .NET 8.0.31 (8.0.31, 8.0.3126.42015), X64 RyuJIT x86-64-v4; GC = Concurrent Workstation
Mean = 322.739 us, StdErr = 3.726 us (1.15%), N = 6, StdDev = 9.126 us
Min = 310.655 us, Q1 = 317.431 us, Median = 321.525 us, Q3 = 328.712 us, Max = 335.552 us
IQR = 11.281 us, LowerFence = 300.509 us, UpperFence = 345.633 us
ConfidenceInterval = [297.148 us; 348.329 us] (CI 99.9%), Margin = 25.590 us (7.93% of Mean)
Skewness = 0.12, Kurtosis = 1.27, MValue = 2
-------------------- Histogram --------------------
[310.649 us ; 326.355 us) | @@@@
[326.355 us ; 342.144 us) | @@
---------------------------------------------------

CodecSuite.Run: campaign(EvaluateOverhead=False, Arguments=/p:AkNounk=true, Clock=Armonik.Ffi.Bdn.CpuClock, IterationCount=6, IterationTime=40ms, LaunchCount=1, RunStrategy=Throughput, WarmupCount=25) [Case=core-(...)known [56]]
Runtime = .NET 8.0.31 (8.0.31, 8.0.3126.42015), X64 RyuJIT x86-64-v4; GC = Concurrent Workstation
Mean = 3.488 us, StdErr = 0.140 us (4.02%), N = 6, StdDev = 0.343 us
Min = 2.848 us, Q1 = 3.417 us, Median = 3.621 us, Q3 = 3.696 us, Max = 3.764 us
IQR = 0.279 us, LowerFence = 2.999 us, UpperFence = 4.115 us
ConfidenceInterval = [2.524 us; 4.451 us] (CI 99.9%), Margin = 0.963 us (27.62% of Mean)
Skewness = -0.93, Kurtosis = 2.12, MValue = 2
-------------------- Histogram --------------------
[2.600 us ; 3.096 us) | @
[3.096 us ; 3.314 us) | 
[3.314 us ; 3.810 us) | @@@@@
---------------------------------------------------

CodecSuite.Run: campaign(EvaluateOverhead=False, Arguments=/p:AkNounk=true, Clock=Armonik.Ffi.Bdn.CpuClock, IterationCount=6, IterationTime=40ms, LaunchCount=1, RunStrategy=Throughput, WarmupCount=25) [Case=core-(...)known [42]]
Runtime = .NET 8.0.31 (8.0.31, 8.0.3126.42015), X64 RyuJIT x86-64-v4; GC = Concurrent Workstation
Mean = 232.100 ns, StdErr = 13.846 ns (5.97%), N = 6, StdDev = 33.916 ns
Min = 202.580 ns, Q1 = 210.170 ns, Median = 214.776 ns, Q3 = 259.683 ns, Max = 277.183 ns
IQR = 49.512 ns, LowerFence = 135.902 ns, UpperFence = 333.951 ns
ConfidenceInterval = [136.993 ns; 327.208 ns] (CI 99.9%), Margin = 95.108 ns (40.98% of Mean)
Skewness = 0.49, Kurtosis = 1.05, MValue = 2
-------------------- Histogram --------------------
[185.710 ns ; 250.910 ns) | @@@@
[250.910 ns ; 301.681 ns) | @@
---------------------------------------------------

CodecSuite.Run: campaign(EvaluateOverhead=False, Arguments=/p:AkNounk=true, Clock=Armonik.Ffi.Bdn.CpuClock, IterationCount=6, IterationTime=40ms, LaunchCount=1, RunStrategy=Throughput, WarmupCount=25) [Case=core-(...)known [42]]
Runtime = .NET 8.0.31 (8.0.31, 8.0.3126.42015), X64 RyuJIT x86-64-v4; GC = Concurrent Workstation
Mean = 398.720 us, StdErr = 19.240 us (4.83%), N = 6, StdDev = 47.128 us
Min = 360.027 us, Q1 = 369.634 us, Median = 373.472 us, Q3 = 428.088 us, Max = 470.700 us
IQR = 58.454 us, LowerFence = 281.954 us, UpperFence = 515.768 us
ConfidenceInterval = [266.564 us; 530.876 us] (CI 99.9%), Margin = 132.156 us (33.15% of Mean)
Skewness = 0.58, Kurtosis = 1.21, MValue = 3
-------------------- Histogram --------------------
[333.036 us ; 401.117 us) | @@@@
[401.117 us ; 424.347 us) | 
[424.347 us ; 504.740 us) | @@
---------------------------------------------------

CodecSuite.Run: campaign(EvaluateOverhead=False, Arguments=/p:AkNounk=true, Clock=Armonik.Ffi.Bdn.CpuClock, IterationCount=6, IterationTime=40ms, LaunchCount=1, RunStrategy=Throughput, WarmupCount=25) [Case=core-(...)known [42]]
Runtime = .NET 8.0.31 (8.0.31, 8.0.3126.42015), X64 RyuJIT x86-64-v4; GC = Concurrent Workstation
Mean = 2.098 ms, StdErr = 0.049 ms (2.35%), N = 6, StdDev = 0.121 ms
Min = 1.980 ms, Q1 = 2.017 ms, Median = 2.064 ms, Q3 = 2.147 ms, Max = 2.305 ms
IQR = 0.130 ms, LowerFence = 1.822 ms, UpperFence = 2.343 ms
ConfidenceInterval = [1.759 ms; 2.437 ms] (CI 99.9%), Margin = 0.339 ms (16.16% of Mean)
Skewness = 0.61, Kurtosis = 1.65, MValue = 2
-------------------- Histogram --------------------
[1.953 ms ; 2.128 ms) | @@@@
[2.128 ms ; 2.321 ms) | @@
---------------------------------------------------

CodecSuite.Run: campaign(EvaluateOverhead=False, Arguments=/p:AkNounk=true, Clock=Armonik.Ffi.Bdn.CpuClock, IterationCount=6, IterationTime=40ms, LaunchCount=1, RunStrategy=Throughput, WarmupCount=25) [Case=core-(...)known [70]]
Runtime = .NET 8.0.31 (8.0.31, 8.0.3126.42015), X64 RyuJIT x86-64-v4; GC = Concurrent Workstation
Mean = 468.915 ns, StdErr = 7.552 ns (1.61%), N = 5, StdDev = 16.886 ns
Min = 443.519 ns, Q1 = 462.549 ns, Median = 470.904 ns, Q3 = 481.809 ns, Max = 485.794 ns
IQR = 19.260 ns, LowerFence = 433.659 ns, UpperFence = 510.699 ns
ConfidenceInterval = [403.892 ns; 533.938 ns] (CI 99.9%), Margin = 65.023 ns (13.87% of Mean)
Skewness = -0.4, Kurtosis = 1.29, MValue = 2
-------------------- Histogram --------------------
[430.557 ns ; 461.210 ns) | @
[461.210 ns ; 487.132 ns) | @@@@
---------------------------------------------------

// * Summary *

BenchmarkDotNet v0.15.8, Linux Ubuntu 24.04.4 LTS (Noble Numbat)
Intel Xeon Processor 2.80GHz, 1 CPU, 4 logical and 4 physical cores
.NET SDK 8.0.131
  [Host]   : .NET 8.0.31 (8.0.31, 8.0.3126.42015), X64 RyuJIT x86-64-v4
  campaign : .NET 8.0.31 (8.0.31, 8.0.3126.42015), X64 RyuJIT x86-64-v4

Job=campaign  EvaluateOverhead=False  Arguments=/p:AkNounk=true  
Clock=Armonik.Ffi.Bdn.CpuClock  IterationCount=6  IterationTime=40ms  
LaunchCount=1  RunStrategy=Throughput  WarmupCount=25  

| Method | Case                 | Mean           | Error         | StdDev        | Gen0     | Gen1    | Gen2    | Allocated |
|------- |--------------------- |---------------:|--------------:|--------------:|---------:|--------:|--------:|----------:|
| Run    | core-(...)known [42] |   400,078.4 ns |  42,390.91 ns |  15,117.01 ns |  23.8095 |       - |       - |  641976 B |
| Run    | core-(...)known [42] |     1,494.3 ns |     186.78 ns |      48.51 ns |   0.1297 |       - |       - |    2624 B |
| Run    | core-(...)known [57] |       259.9 ns |       7.62 ns |       2.72 ns |   0.0166 |       - |       - |     336 B |
| Run    | core-(...)known [54] |       486.1 ns |      23.20 ns |       6.03 ns |   0.0302 |       - |       - |     752 B |
| Run    | core-(...)known [42] |    13,487.7 ns |   1,158.73 ns |     300.92 ns |   3.5166 |  0.6394 |       - |   65816 B |
| Run    | core-(...)known [83] |       211.2 ns |      21.61 ns |       7.71 ns |   0.0126 |       - |       - |     296 B |
| Run    | core-(...)known [42] |     2,877.9 ns |      37.44 ns |       9.72 ns |   0.1467 |       - |       - |    4408 B |
| Run    | core-(...)known [43] | 3,647,867.5 ns | 997,935.36 ns | 355,873.36 ns | 100.0000 |       - |       - | 2117904 B |
| Run    | core-(...)known [42] | 1,425,978.2 ns | 113,710.97 ns |  40,550.43 ns |        - |       - |       - | 4194584 B |
| Run    | core-(...)known [42] |   856,982.9 ns |  98,147.17 ns |  25,488.51 ns |  58.8235 | 58.8235 | 58.8235 | 1049030 B |
| Run    | core-(...)known [42] | 2,358,343.4 ns | 521,496.50 ns | 185,970.68 ns | 111.1111 |       - |       - | 3265688 B |
| Run    | core-(...)known [42] |    62,639.0 ns |   2,595.11 ns |     673.94 ns |   4.2735 |       - |       - |   79704 B |
| Run    | core-(...)known [42] |     1,470.1 ns |     149.53 ns |      53.32 ns |   0.0917 |       - |       - |    2624 B |
| Run    | core-(...)known [42] |    36,036.9 ns |  20,486.92 ns |   5,320.39 ns |   2.0877 |       - |       - |   51952 B |
| Run    | core-(...)known [82] |     2,989.0 ns |     322.78 ns |     115.11 ns |   0.1717 |       - |       - |    3616 B |
| Run    | core-(...)known [42] |    20,306.8 ns |   1,065.36 ns |     276.67 ns |   2.0650 |       - |       - |   37216 B |
| Run    | core-(...)known [42] | 1,402,438.4 ns | 184,655.05 ns |  47,954.33 ns | 111.1111 | 55.5556 |       - | 2085480 B |
| Run    | core-(...)known [42] |   519,930.3 ns | 184,459.75 ns |  65,780.12 ns |  25.6410 | 12.8205 |       - |  641976 B |
| Run    | core-(...)known [80] |     3,374.6 ns |      79.04 ns |      20.53 ns |        - |       - |       - |    4720 B |
| Run    | core-(...)known [41] | 3,104,594.7 ns | 158,903.64 ns |  41,266.77 ns |        - |       - |       - | 2117904 B |
| Run    | core-(...)known [42] |       597.6 ns |      88.16 ns |      31.44 ns |   0.0279 |       - |       - |     656 B |
| Run    | core-(...)known [42] |   322,738.5 ns |  25,590.08 ns |   9,125.67 ns |  20.4082 |       - |       - |  357352 B |
| Run    | core-(...)known [56] |     3,487.5 ns |     963.22 ns |     343.49 ns |   0.1677 |       - |       - |    3960 B |
| Run    | core-(...)known [42] |       232.1 ns |      95.11 ns |      33.92 ns |   0.0131 |       - |       - |     320 B |
| Run    | core-(...)known [42] |   398,719.9 ns | 132,156.25 ns |  47,128.19 ns |  19.6078 |       - |       - |  465088 B |
| Run    | core-(...)known [42] | 2,098,345.0 ns | 339,047.17 ns | 120,907.49 ns | 100.0000 |       - |       - | 2117904 B |
| Run    | core-(...)known [70] |       468.9 ns |      65.02 ns |      16.89 ns |   0.0201 |       - |       - |     496 B |

// * Legends *
  Case      : Value of the 'Case' parameter
  Mean      : Arithmetic mean of all measurements
  Error     : Half of 99.9% confidence interval
  StdDev    : Standard deviation of all measurements
  Gen0      : GC Generation 0 collects per 1000 operations
  Gen1      : GC Generation 1 collects per 1000 operations
  Gen2      : GC Generation 2 collects per 1000 operations
  Allocated : Allocated memory per single operation (managed only, inclusive, 1KB = 1024B)
  1 ns      : 1 Nanosecond (0.000000001 sec)

// * Diagnostic Output - AkProcessCpu *

// * Diagnostic Output - MemoryDiagnoser *


// ***** BenchmarkRunner: End *****
Global total time: 00:01:06 (66.51 sec), executed benchmarks: 27
// * Artifacts cleanup *
Artifacts cleanup is finished
